{"type": "FeatureCollection", "features": [{"type": "Feature", "properties": {"name": "New Multi-Product Pipeline", "operator": "Transnet Pipelines", "source": "OpenStreetMap"}, "geometry": {"type": "MultiLineString", "coordinates": [[[30.1456659, -29.378634400000003], [30.143791900000004, -29.3756485], [30.1433739, -29.375012100000003], [30.1426252, -29.3749241], [30.140177100000002, -29.3710935], [30.1364264, -29.3651789], [30.132494700000002, -29.3617203], [30.1316771, -29.357020600000002], [30.130813600000003, -29.3561638], [30.126298100000003, -29.352177500000003], [30.125655700000003, -29.351591900000003], [30.125190300000003, -29.351162900000002], [30.125003900000003, -29.351034300000002], [30.124647200000002, -29.350875300000002], [30.1234992, -29.350377400000003], [30.123324800000002, -29.3502745], [30.123125, -29.350095600000003], [30.1221299, -29.3491347], [30.1219931, -29.348964100000003], [30.1209792, -29.3471112], [30.120762000000003, -29.3467114], [30.120625200000003, -29.3465524], [30.118393700000002, -29.3446256], [30.1181857, -29.3444821], [30.117539400000002, -29.3441772], [30.117150400000003, -29.343995800000002], [30.116410100000003, -29.3434312], [30.115562500000003, -29.342776500000003], [30.115111900000002, -29.3423252], [30.113858, -29.341062700000002], [30.1132491, -29.3404887], [30.112559800000003, -29.339901800000003], [30.1124203, -29.339781400000003], [30.1107869, -29.3387491], [30.109714, -29.3379529], [30.1088266, -29.3372706], [30.1071077, -29.3356506], [30.1065834, -29.3352514], [30.1060525, -29.334597600000002]], [[30.1456659, -29.378634400000003], [30.1467165, -29.380387900000002], [30.1474268, -29.380901100000003], [30.148708000000003, -29.382605100000003], [30.148703500000003, -29.3834513], [30.149112600000002, -29.3841329], [30.149953300000004, -29.3851553], [30.150362400000002, -29.3878464], [30.150659100000002, -29.389699200000003], [30.150848000000003, -29.391238500000004], [30.151463900000003, -29.392096400000003], [30.1526192, -29.393432], [30.153581300000003, -29.393890300000002], [30.153788100000003, -29.394141], [30.1549839, -29.396412700000003], [30.155824600000003, -29.397901100000002], [30.1573171, -29.4006663], [30.1593492, -29.4044692], [30.159902100000004, -29.405628500000002], [30.160306700000003, -29.4071755], [30.160414600000003, -29.4075515], [30.161498100000003, -29.4102576], [30.162451100000002, -29.412670000000002], [30.163602, -29.415669700000002], [30.1639707, -29.416159200000003], [30.165305900000003, -29.4178588], [30.1661375, -29.417944900000002], [30.1662724, -29.417952800000002], [30.166429800000003, -29.418035000000003], [30.166883000000002, -29.418474200000002], [30.167827900000002, -29.419389900000002], [30.170156600000002, -29.423051200000003], [30.1719414, -29.425870500000002], [30.1725843, -29.429003], [30.173033800000002, -29.4296764], [30.173937400000003, -29.431074300000002], [30.174872500000003, -29.432464200000002], [30.175061300000003, -29.4325739], [30.17641, -29.4328597], [30.177772200000003, -29.433274700000002], [30.1781453, -29.434069500000003], [30.178747700000002, -29.434743], [30.180901100000003, -29.437213500000002], [30.1826769, -29.439241600000003], [30.184174000000002, -29.441528], [30.184227900000003, -29.441899900000003], [30.184272900000003, -29.442064300000002], [30.184592000000002, -29.442565400000003], [30.187168000000003, -29.4465156], [30.1872624, -29.447404300000002], [30.186956700000003, -29.4492246], [30.187217500000003, -29.449807900000003], [30.187509700000003, -29.4503403], [30.187622100000002, -29.450876700000002], [30.188948300000003, -29.452869200000002], [30.1887775, -29.4532215], [30.189991300000003, -29.455041800000004], [30.189820500000003, -29.459778300000004], [30.1899835, -29.4614566], [30.1897938, -29.465509500000003], [30.1896759, -29.4679822], [30.189768100000002, -29.4688437], [30.189686100000003, -29.470222800000002], [30.189839900000003, -29.470606600000004], [30.1897938, -29.472891800000003], [30.189875800000003, -29.4732221], [30.1919073, -29.4740742], [30.1929626, -29.4744782], [30.193977, -29.4752483], [30.1958395, -29.476949500000003], [30.197451200000003, -29.4785657], [30.198201400000002, -29.478806400000003], [30.1996192, -29.480123700000004], [30.2009815, -29.481508400000003], [30.2015756, -29.4820758], [30.2028134, -29.483240900000002], [30.2030615, -29.4834241], [30.203408900000003, -29.483581700000002], [30.203748200000003, -29.483758], [30.203846100000003, -29.4838281], [30.203940000000003, -29.483939000000003], [30.2043208, -29.4846745], [30.2047473, -29.485508000000003], [30.204876100000003, -29.4857356], [30.2051054, -29.4860286], [30.205732200000003, -29.486765000000002], [30.206026700000002, -29.487119000000003], [30.2061233, -29.4872708], [30.2063379, -29.487756400000002], [30.2068274, -29.488860700000004], [30.206933300000003, -29.488985600000003], [30.207241800000002, -29.4891666], [30.207897600000003, -29.489513300000002], [30.207990100000004, -29.4895786], [30.208034400000003, -29.489681400000002], [30.2081899, -29.4901075], [30.208507800000003, -29.490967800000004], [30.2086177, -29.4912573], [30.208607, -29.491363500000002], [30.208377700000003, -29.4916775], [30.208200700000003, -29.4921164], [30.2081966, -29.492227300000003], [30.2087277, -29.492853], [30.2090482, -29.493119200000002], [30.209232000000004, -29.4932814], [30.2095431, -29.493545200000003], [30.210646800000003, -29.4944838], [30.2113979, -29.495133900000003], [30.211967800000004, -29.495549500000003], [30.213156, -29.496286100000003], [30.2133572, -29.496443600000003], [30.2133532, -29.4965195], [30.2132593, -29.496699300000003], [30.2128878, -29.497282900000002], [30.2126303, -29.497696100000002], [30.2125552, -29.497878200000002], [30.212560600000003, -29.497993800000003], [30.212612900000003, -29.498116300000003], [30.2127282, -29.498264600000002], [30.2131949, -29.498763], [30.213365900000003, -29.498959000000003], [30.2135959, -29.499220500000003], [30.214030400000002, -29.4996933], [30.2145642, -29.500305], [30.214811, -29.5005582], [30.214985300000002, -29.5006936], [30.215165000000002, -29.500809200000003], [30.215340700000002, -29.500904900000002], [30.2158745, -29.5011979], [30.216082300000004, -29.501267900000002], [30.216275500000002, -29.5012399], [30.2166952, -29.5011687], [30.216781, -29.5011675], [30.216883000000003, -29.501273700000002], [30.217049300000003, -29.501564400000003], [30.2176474, -29.502493500000003], [30.217835200000003, -29.502857600000002], [30.218010800000002, -29.503082900000003], [30.2184628, -29.5038054], [30.2186452, -29.5041182], [30.2187136, -29.504281600000002], [30.2187847, -29.5049142], [30.2188732, -29.506197], [30.2189188, -29.506842400000004], [30.218976400000003, -29.507042000000002], [30.219247300000003, -29.507780800000003], [30.219409600000002, -29.508150800000003], [30.219507500000002, -29.508316500000003], [30.219569200000002, -29.508369000000002], [30.219702, -29.508367900000003], [30.2200051, -29.508413400000002], [30.220196800000004, -29.508607100000003], [30.220518700000003, -29.5089316], [30.220854000000003, -29.5091487], [30.221291200000003, -29.509222200000004], [30.2227691, -29.5093576], [30.224709700000002, -29.509536200000003], [30.225895200000004, -29.5096564], [30.2262948, -29.5096984], [30.226787, -29.5098069], [30.2271116, -29.5099237], [30.228695400000003, -29.510632100000002], [30.230299400000003, -29.5113242], [30.230843900000004, -29.511571600000003], [30.2310853, -29.511669700000002], [30.231958300000002, -29.5117794], [30.232545700000003, -29.511864600000003], [30.232740200000002, -29.5118529], [30.232981600000002, -29.5117514], [30.2335837, -29.5114082], [30.2343884, -29.510922700000002], [30.234867200000004, -29.5106356], [30.235067, -29.510556200000003], [30.2355163, -29.5104757], [30.2357979, -29.5104232], [30.235928, -29.5103718], [30.2360943, -29.510238800000003], [30.236392000000002, -29.509965700000002], [30.2365503, -29.509825600000003], [30.2367233, -29.5097439], [30.237923600000002, -29.5093728], [30.238181100000002, -29.5092876], [30.239013900000003, -29.508891900000002], [30.239832000000003, -29.5084881], [30.2399714, -29.5084431], [30.240073400000004, -29.508435000000002], [30.2403094, -29.508565700000002], [30.240955800000002, -29.5089468], [30.241083200000002, -29.509029], [30.2411442, -29.5091043], [30.241500300000002, -29.509039], [30.2426107, -29.5087997], [30.244106100000003, -29.508448400000002], [30.245758300000002, -29.508065600000002], [30.246502600000003, -29.508699300000004], [30.2467976, -29.508957300000002], [30.246945200000003, -29.5091977], [30.247128900000003, -29.509540800000003], [30.2472965, -29.5096914], [30.2479, -29.509928300000002], [30.2480073, -29.5099668], [30.2481776, -29.509986700000002], [30.2485116, -29.509919000000004], [30.2489193, -29.5098233], [30.250068600000002, -29.5095233], [30.250222800000003, -29.5094591], [30.250432000000004, -29.509277100000002], [30.2505501, -29.5091393], [30.250745900000002, -29.5089806], [30.251089200000003, -29.5089234], [30.2518348, -29.5088289], [30.252970800000003, -29.508687700000003], [30.255278800000003, -29.5084017], [30.256611900000003, -29.5082336], [30.257254200000002, -29.5081659], [30.258611400000003, -29.508911800000003], [30.259244400000004, -29.509246700000002], [30.259579700000003, -29.509316700000003], [30.260459500000003, -29.5093634], [30.2609892, -29.509383300000003], [30.2611595, -29.509434600000002], [30.261413, -29.5096412], [30.261660000000003, -29.509909500000003], [30.2619374, -29.510189800000003], [30.2621855, -29.510389300000003], [30.263194000000002, -29.510853800000003], [30.264610200000003, -29.511515600000003], [30.265196300000003, -29.5117899], [30.265388, -29.511870400000003], [30.2660787, -29.511994100000003], [30.267175700000003, -29.512196000000003], [30.267873100000003, -29.5123116], [30.2686898, -29.5124633], [30.270012200000004, -29.512674500000003], [30.271809200000003, -29.5129558], [30.2735902, -29.5132289], [30.2755335, -29.5135335], [30.2763771, -29.5136654], [30.277425800000003, -29.513740100000003], [30.2790794, -29.513854400000003], [30.280683300000003, -29.513952500000002], [30.280904600000003, -29.5139758], [30.281344500000003, -29.514064500000003], [30.2853008, -29.514861600000003], [30.289683500000002, -29.515747400000002], [30.290140800000003, -29.515842000000003], [30.290551200000003, -29.515833800000003], [30.298847300000002, -29.515777800000002], [30.2991369, -29.515803400000003], [30.301837900000002, -29.5159948], [30.3046462, -29.516174600000003], [30.3052457, -29.5162294], [30.3054294, -29.516210800000003], [30.306621600000003, -29.515942300000003], [30.306825500000002, -29.515898000000004], [30.307002500000003, -29.515913200000004], [30.307143300000003, -29.5159878], [30.307412900000003, -29.516262100000002], [30.307604700000002, -29.516399800000002], [30.307745500000003, -29.516436000000002], [30.308237700000003, -29.516462800000003], [30.3098926, -29.516550400000003], [30.310624800000003, -29.516595900000002], [30.311063400000002, -29.516623900000003], [30.3116038, -29.516595900000002], [30.311881500000002, -29.5165842], [30.3122073, -29.5166414], [30.3131233, -29.516824600000003], [30.3141238, -29.5170324], [30.314616, -29.5171257], [30.3150599, -29.517201600000003], [30.3152329, -29.517275100000003], [30.315326100000004, -29.517370600000003], [30.315491700000003, -29.5175097], [30.316599500000002, -29.5186382], [30.316831500000003, -29.5188518], [30.317008500000004, -29.5189731], [30.3174953, -29.5191914], [30.318542700000002, -29.519669800000003], [30.319916000000003, -29.520336200000003], [30.3224145, -29.5215044], [30.323547700000002, -29.521674700000002], [30.324953200000003, -29.5219665], [30.326094500000004, -29.522201000000003], [30.3263788, -29.5222407], [30.327026500000002, -29.522302600000003], [30.327521400000002, -29.522309600000003], [30.3280922, -29.5222163], [30.329814700000004, -29.521804300000003], [30.33039, -29.521679400000004], [30.3305563, -29.5216549], [30.3309265, -29.521657200000003], [30.331538000000002, -29.5217914], [30.334188, -29.5223212], [30.335711500000002, -29.522629300000002], [30.339689300000003, -29.5234369], [30.342261500000003, -29.523962], [30.3434081, -29.524182600000003], [30.3438212, -29.524284100000003], [30.3443429, -29.524530300000002], [30.345482800000003, -29.5250379], [30.3468373, -29.525672800000002], [30.3477171, -29.526067200000004], [30.350191400000003, -29.5271851], [30.3511597, -29.5276262], [30.3521937, -29.5279658], [30.354057800000003, -29.5287581], [30.355077100000003, -29.5292272], [30.356423600000003, -29.529845700000003], [30.3569788, -29.530083700000002], [30.357633200000002, -29.530004400000003], [30.3580222, -29.530058], [30.3589851, -29.5302307], [30.3605166, -29.530519], [30.3613065, -29.530661300000002], [30.3621796, -29.5307698], [30.3626195, -29.5308165], [30.363225600000003, -29.530884200000003], [30.363649400000003, -29.5309682], [30.365657100000004, -29.5314161], [30.368339000000002, -29.531985600000002], [30.3700411, -29.532342800000002], [30.370325400000002, -29.532363800000002], [30.372789100000002, -29.5329425], [30.372966100000003, -29.5330219], [30.373608500000003, -29.533156100000003], [30.375708600000003, -29.533554000000002], [30.376513300000003, -29.5337232], [30.377114100000004, -29.533857400000002], [30.3777605, -29.533962400000004], [30.378596, -29.5341059], [30.3796944, -29.534283300000002], [30.381008500000004, -29.5344486], [30.3862817, -29.5351107], [30.3916827, -29.5358884], [30.394364500000002, -29.536282000000003], [30.3976317, -29.536768100000003], [30.401861900000004, -29.537351400000002], [30.406337, -29.537601400000003], [30.408144200000002, -29.537686500000003], [30.408598500000004, -29.5377079], [30.409827600000003, -29.5379347], [30.413382100000003, -29.5388699], [30.417718800000003, -29.539967], [30.4202304, -29.540555], [30.4210609, -29.5408341], [30.423394100000003, -29.5411381], [30.430837200000003, -29.541526], [30.432708100000003, -29.541512], [30.4337349, -29.5422416], [30.434197200000003, -29.5424614], [30.4370197, -29.5424848], [30.441325900000002, -29.5425222], [30.442433400000002, -29.5436775], [30.445185900000002, -29.547091700000003], [30.445879400000003, -29.5472086], [30.4480621, -29.549869700000002], [30.4495566, -29.5515019], [30.4512447, -29.5527319], [30.453099400000003, -29.5538683], [30.453653900000003, -29.5550578], [30.4555797, -29.5587884], [30.455622400000003, -29.559226100000004], [30.455735, -29.5608015], [30.4557511, -29.561764500000002], [30.455847700000003, -29.562917000000002], [30.455984500000003, -29.564764800000003], [30.4560448, -29.5656198], [30.4561883, -29.565892700000003], [30.4563962, -29.5662485], [30.4564337, -29.5664212], [30.456405600000004, -29.5669612], [30.4563975, -29.567303000000003], [30.4564136, -29.567506], [30.4564753, -29.5683925], [30.456470000000003, -29.568546400000002], [30.4564163, -29.5687424], [30.456089100000003, -29.5698155], [30.455877200000003, -29.570678700000002], [30.4557672, -29.5709026], [30.455606300000003, -29.571040300000003], [30.454305400000003, -29.5720971], [30.454211500000003, -29.572213700000002], [30.454174000000002, -29.5723373], [30.454203500000002, -29.572489], [30.454452900000003, -29.573583000000003], [30.454621900000003, -29.574347000000003], [30.4546233, -29.574426300000002], [30.454465000000003, -29.574529000000002], [30.4523863, -29.575610200000003], [30.4522495, -29.5757292], [30.452202600000003, -29.575826000000003], [30.4521905, -29.575947300000003], [30.452248200000003, -29.5761852], [30.4524198, -29.576871], [30.4524064, -29.576981800000002], [30.4523581, -29.577096100000002], [30.451635300000003, -29.5783558], [30.450528900000002, -29.5802872], [30.450459100000003, -29.580455200000003], [30.4505315, -29.5815142], [30.450644200000003, -29.583576200000003], [30.450746100000003, -29.585827000000002], [30.450775600000004, -29.586454500000002], [30.451006300000003, -29.590673900000002], [30.4512101, -29.5944383], [30.451249, -29.5946983], [30.4518324, -29.597168200000002], [30.4519209, -29.597572800000002], [30.451990700000003, -29.5985139], [30.4524319, -29.6023363], [30.452635700000002, -29.604142500000002], [30.452574000000002, -29.604709200000002], [30.4526223, -29.605586000000002], [30.452639800000004, -29.606160900000003], [30.452772500000002, -29.6064629], [30.4528168, -29.606627300000003], [30.4527806, -29.607145000000003], [30.4527578, -29.607667300000003], [30.4525848, -29.608246800000003], [30.452574000000002, -29.608466000000004]], [[28.788361000000002, -26.9696317], [28.7894831, -26.9720453], [28.7936957, -26.981900200000002], [28.799074400000002, -26.994603], [28.803334000000003, -27.004580400000002], [28.803586600000003, -27.004935800000002], [28.8104845, -27.009717000000002], [28.8111615, -27.0102867], [28.8141706, -27.0201494], [28.815624900000003, -27.025019], [28.816164, -27.0310723], [28.8209409, -27.0368013], [28.821069, -27.0378605], [28.8213438, -27.038602700000002], [28.8219023, -27.0397359], [28.8233651, -27.041935000000002], [28.825492800000003, -27.0449473], [28.8272659, -27.0467358], [28.831228900000003, -27.0508831], [28.832783600000003, -27.0532447], [28.834469900000002, -27.0562426], [28.8362304, -27.059306600000003], [28.8375114, -27.060364500000002], [28.8383226, -27.060854000000003], [28.8387925, -27.0619869], [28.840893400000002, -27.066108300000003], [28.842510800000003, -27.0689384], [28.847146900000002, -27.0782437], [28.8497799, -27.0803118], [28.8532197, -27.0829245], [28.855276500000002, -27.084787300000002], [28.8584415, -27.087999800000002], [28.862962800000002, -27.092419800000002], [28.864939800000002, -27.0943061], [28.870782100000003, -27.098457500000002], [28.8737609, -27.1010698], [28.873924900000002, -27.101223200000003], [28.876385000000003, -27.103524200000003], [28.8814117, -27.1079672], [28.883122800000002, -27.109521800000003], [28.884062500000002, -27.1101373], [28.8856937, -27.1105793], [28.886092700000003, -27.1107371], [28.886633500000002, -27.111471], [28.892209800000003, -27.1208691], [28.895623, -27.1264477], [28.896323400000004, -27.127126200000003], [28.899780900000003, -27.1302191], [28.902591200000003, -27.130305900000003], [28.9055877, -27.130282200000003], [28.906917500000002, -27.131592], [28.9113857, -27.136239000000003], [28.9136375, -27.137903700000003], [28.92237, -27.141737900000003], [28.928957, -27.144735700000002], [28.931811600000003, -27.145950600000003], [28.933052800000002, -27.1464792], [28.9337975, -27.147039300000003], [28.934923400000002, -27.1483804], [28.936040400000003, -27.1491535], [28.9377692, -27.1511019], [28.942492400000003, -27.156479200000003], [28.944260200000002, -27.160528600000003], [28.945927700000002, -27.162480700000003], [28.946686300000003, -27.1647284], [28.9484415, -27.170015600000003], [28.949597400000002, -27.173358800000003], [28.950820800000002, -27.174762700000002], [28.951858, -27.1760088], [28.951831400000003, -27.176931500000002], [28.951476800000002, -27.179478900000003], [28.953808400000003, -27.1823811], [28.956672, -27.1872626], [28.957567400000002, -27.188611100000003], [28.9587997, -27.1906141], [28.959021300000003, -27.192214800000002], [28.9594823, -27.1950536], [28.960989400000003, -27.197143200000003], [28.9649168, -27.202647000000002], [28.9681615, -27.2073147], [28.9705286, -27.2111623], [28.9749081, -27.217848], [28.978738000000003, -27.2235005], [28.9824437, -27.2283487], [28.9860165, -27.233117800000002], [28.9905201, -27.239250400000003], [28.9941549, -27.244153], [28.996530900000003, -27.247865400000002], [28.998038, -27.252964700000003], [28.9995274, -27.2554078], [29.000768500000003, -27.257630300000002], [29.001531000000004, -27.2605147], [29.003499100000003, -27.261090000000003], [29.004314700000002, -27.261428900000002], [29.005201200000002, -27.262729200000003], [29.0077809, -27.266377100000003], [29.0096807, -27.2685259], [29.011787, -27.2725712], [29.014144100000003, -27.2772125], [29.016005900000003, -27.2806725], [29.018237600000003, -27.2849903], [29.0191027, -27.2897593], [29.0193535, -27.2909459], [29.0200242, -27.292121400000003], [29.0210711, -27.293408300000003], [29.021955000000002, -27.2942773], [29.0229204, -27.296433200000003], [29.024362200000002, -27.2996364], [29.025108200000002, -27.300700300000003], [29.026036, -27.3015025], [29.0281172, -27.3030511], [29.029822300000003, -27.305613400000002], [29.031063600000003, -27.3078916], [29.032041500000002, -27.3098245], [29.033213800000002, -27.3139852], [29.033903300000002, -27.315884500000003], [29.0366992, -27.320429400000002], [29.037777400000003, -27.322284000000003], [29.0376882, -27.326897600000002], [29.0381049, -27.3286106], [29.0391128, -27.331377600000003], [29.0416749, -27.333992300000002], [29.044458600000002, -27.336473], [29.045026000000004, -27.337386600000002], [29.046595200000002, -27.339205800000002], [29.050983600000002, -27.344789100000003], [29.0523755, -27.3463011], [29.052934, -27.3470255], [29.052996, -27.3481516], [29.056808200000003, -27.3520888], [29.062420000000003, -27.357821100000002], [29.0633242, -27.358057300000002], [29.065381000000002, -27.357687300000002], [29.0661878, -27.3600573], [29.066817200000003, -27.3619391], [29.067819, -27.362970500000003], [29.070939600000003, -27.366789100000002], [29.075930900000003, -27.3729851], [29.0777305, -27.3754807], [29.0795923, -27.376590800000002], [29.081899600000003, -27.3772677], [29.0821024, -27.377328400000003], [29.0832224, -27.3776739], [29.086356000000002, -27.3785081], [29.0979078, -27.381411500000002], [29.102927200000003, -27.382634000000003], [29.109151200000003, -27.3841621], [29.1187024, -27.3865307], [29.124661200000002, -27.388065100000002], [29.128834400000002, -27.388701800000003], [29.140644400000003, -27.390452600000003], [29.1454415, -27.3913376], [29.146999100000002, -27.3919733], [29.1499349, -27.3921804], [29.153600700000002, -27.3924865], [29.157439, -27.3930717], [29.159132500000002, -27.3936615], [29.165622600000003, -27.3960204], [29.1690755, -27.3970513], [29.1691515, -27.398770900000002], [29.1696586, -27.4017464], [29.1696434, -27.4021921], [29.1691566, -27.4027007], [29.168892900000003, -27.403092400000002], [29.168538, -27.404555300000002], [29.168041100000003, -27.406252300000002], [29.167417500000003, -27.408804500000002], [29.167072700000002, -27.4101143], [29.166296900000003, -27.4115457], [29.165855800000003, -27.412598900000003], [29.164704800000003, -27.413782700000002], [29.1625601, -27.415677600000002], [29.160435600000003, -27.417829], [29.156896500000002, -27.4210515], [29.1534131, -27.424391], [29.1503963, -27.4271588], [29.1493518, -27.4285134], [29.1474757, -27.4302461], [29.145407000000002, -27.4319607], [29.142582800000003, -27.434849800000002], [29.1415536, -27.4361278], [29.1418274, -27.4367263], [29.142415500000002, -27.4377658], [29.1428465, -27.439142800000003], [29.1434195, -27.4409518], [29.143718600000003, -27.442292700000003], [29.143627300000002, -27.4435347], [29.1430544, -27.445933], [29.1437744, -27.446140000000003], [29.143484400000002, -27.4472139], [29.1429216, -27.449108300000002], [29.142064700000002, -27.451295000000002], [29.1399858, -27.4565503], [29.1390022, -27.4592543], [29.1385408, -27.460923400000002], [29.1377245, -27.4652694], [29.1370755, -27.468270200000003], [29.135807900000003, -27.4740059], [29.1350929, -27.474001400000002], [29.134364100000003, -27.476542300000002], [29.1339027, -27.480096000000003], [29.1329241, -27.485786200000003], [29.132437900000003, -27.4886772], [29.1322404, -27.490747300000002], [29.1317358, -27.496924500000002], [29.131469000000003, -27.5076062], [29.131331000000003, -27.513349700000003], [29.132840700000003, -27.51529], [29.1326697, -27.519604700000002], [29.132604800000003, -27.521644400000003], [29.134055500000002, -27.526942000000002], [29.134598, -27.5312039], [29.138342700000003, -27.538838400000003], [29.138743700000003, -27.539628], [29.1389442, -27.540428000000002], [29.1375981, -27.5482212], [29.1373344, -27.549794900000002], [29.126401400000002, -27.579749900000003], [29.126693900000003, -27.5892178], [29.127375500000003, -27.601437400000002], [29.126230800000002, -27.615103], [29.1253305, -27.625336800000003], [29.1250122, -27.628860900000003], [29.1242546, -27.6376558], [29.124499, -27.6452613], [29.1245054, -27.64664], [29.1249299, -27.6495111], [29.124589, -27.652353700000003], [29.1249363, -27.6552189], [29.129592300000002, -27.6613115], [29.1309557, -27.664637900000002], [29.1318561, -27.669171600000002], [29.135071600000003, -27.673295200000002], [29.1376311, -27.679161200000003], [29.138004100000003, -27.681359500000003], [29.137656800000002, -27.6864165], [29.137116600000002, -27.694366000000002], [29.136537800000003, -27.700754800000002], [29.134557100000002, -27.708851300000003], [29.133309500000003, -27.714442100000003], [29.1298999, -27.7173467], [29.126458300000003, -27.720229800000002], [29.125918100000003, -27.720693500000003], [29.124232000000003, -27.7221219], [29.122552900000002, -27.7235441], [29.1223916, -27.723663100000003], [29.122044300000002, -27.723749], [29.121607, -27.7238329], [29.119971600000003, -27.723949400000002], [29.1192111, -27.724284100000002], [29.1185177, -27.725055200000003], [29.1185645, -27.725365800000002], [29.1192205, -27.7296735], [29.119418500000002, -27.731099200000003], [29.1202545, -27.736575100000003], [29.1306213, -27.747218800000002], [29.134608500000002, -27.751191400000003], [29.135997600000003, -27.7605475], [29.1378498, -27.764314700000003], [29.137451000000002, -27.770369400000003], [29.1387244, -27.775274300000003], [29.138531500000003, -27.7846511], [29.138492900000003, -27.7903519], [29.132550600000002, -27.7979789], [29.131888200000002, -27.799674200000002], [29.131631000000002, -27.801614100000002], [29.133020100000003, -27.8039066], [29.1378047, -27.8040886], [29.1396376, -27.804327500000003], [29.140017, -27.804685900000003], [29.141875600000002, -27.807461900000003], [29.143303300000003, -27.8116768], [29.1440878, -27.8125414], [29.148878900000003, -27.8176777], [29.1541074, -27.8226601], [29.154834100000002, -27.8235473], [29.1544482, -27.8248384], [29.152203800000002, -27.8304802], [29.148887600000002, -27.8396356], [29.149246700000003, -27.8406178], [29.149995800000003, -27.8432436], [29.150032300000003, -27.843923200000003], [29.1501379, -27.844830100000003], [29.149980900000003, -27.8461864], [29.1500194, -27.847460100000003], [29.151357100000002, -27.8523502], [29.153659400000002, -27.860924400000002], [29.154444, -27.8633805], [29.1598332, -27.868281200000002], [29.161248, -27.869418300000003], [29.175794900000003, -27.876274300000002], [29.1765666, -27.876820000000002], [29.177158300000002, -27.877615900000002], [29.1783287, -27.8818452], [29.1814028, -27.887791], [29.1824575, -27.8912128], [29.1842967, -27.893270400000002], [29.183563600000003, -27.894782300000003], [29.187949500000002, -27.908149700000003], [29.1894029, -27.9125483], [29.1963742, -27.918560600000003], [29.199782600000002, -27.9278909], [29.200959500000003, -27.929476200000003], [29.2016926, -27.9344307], [29.2121172, -27.9499463], [29.2129903, -27.954638000000003], [29.218829200000002, -27.9675553], [29.223904100000002, -27.970896900000003], [29.227342, -27.9718768], [29.239929200000002, -27.973579700000002], [29.242403000000003, -27.976390900000002], [29.242966900000003, -27.9797], [29.246441100000002, -27.986197500000003], [29.246609300000003, -27.986811900000003], [29.2496879, -27.9886069], [29.249983500000003, -27.990185], [29.250088100000003, -27.993562], [29.250199400000003, -27.998282800000002], [29.2509315, -28.0024063], [29.250854200000003, -28.0057186], [29.250281200000003, -28.0083765], [29.2490065, -28.0147352], [29.249250900000003, -28.020423800000003], [29.249721, -28.0272706], [29.249597100000003, -28.032061100000004], [29.2480946, -28.036721500000002], [29.246766700000002, -28.039314400000002], [29.245566200000003, -28.0410161], [29.2429196, -28.0444919], [29.2437609, -28.0451942], [29.244956900000002, -28.047778800000003], [29.248040000000003, -28.054301900000002], [29.2493042, -28.056493000000003], [29.252059900000003, -28.061204200000002], [29.2565618, -28.066942400000002], [29.259199300000002, -28.0704734], [29.261182, -28.072744500000002], [29.2627281, -28.074895100000003], [29.265574800000003, -28.083529300000002], [29.268639800000003, -28.092788600000002], [29.272932500000003, -28.1027531], [29.275997500000003, -28.1103583], [29.2753154, -28.1109359], [29.2764431, -28.113687400000003], [29.277188900000002, -28.115845200000003], [29.279771800000002, -28.121636600000002], [29.282473000000003, -28.127676400000002], [29.2846194, -28.1327293], [29.2859836, -28.135368000000003], [29.289648800000002, -28.139185500000004], [29.2905674, -28.138993000000003], [29.2966063, -28.1451762], [29.2973703, -28.1457455], [29.304233600000003, -28.150605100000003], [29.305433100000002, -28.151341400000003], [29.310098800000002, -28.154015700000002], [29.313004600000003, -28.1561807], [29.3152328, -28.1589591], [29.317094200000003, -28.1614626], [29.317544400000003, -28.1628337], [29.320018200000003, -28.166862700000003], [29.320927700000002, -28.168334], [29.325905400000003, -28.175287400000002], [29.3263573, -28.177614000000002], [29.327616900000002, -28.1842198], [29.328908400000003, -28.1909695], [29.3294268, -28.1914023], [29.3371937, -28.1962118], [29.3397949, -28.203802300000003], [29.3406407, -28.2063831], [29.3414274, -28.2063029], [29.3429326, -28.2109595], [29.3440876, -28.2128388], [29.345106200000004, -28.2144297], [29.3475073, -28.216305000000002], [29.3496309, -28.2184086], [29.3527911, -28.2230166], [29.353646400000002, -28.225283100000002], [29.356392500000002, -28.229742400000003], [29.358167400000003, -28.232756700000003], [29.359505100000003, -28.2343942], [29.362013200000003, -28.237000400000003], [29.3662834, -28.239431000000003], [29.371634, -28.2450794], [29.375601900000003, -28.2482633], [29.376714500000002, -28.249509600000003], [29.377601900000002, -28.2501894], [29.374553600000002, -28.254744000000002], [29.3754154, -28.2591284], [29.3760842, -28.262685700000002], [29.3764444, -28.264209400000002], [29.376315700000003, -28.269295800000002], [29.3761325, -28.274655900000003], [29.3767022, -28.2762393], [29.3771388, -28.2811972], [29.377329800000002, -28.282158300000003], [29.377584400000003, -28.286210800000003], [29.3771479, -28.2921292], [29.376675000000002, -28.2979351], [29.376447600000002, -28.301554600000003], [29.3746377, -28.306583300000003], [29.374992400000004, -28.3164878], [29.374901500000004, -28.318065100000002], [29.373064300000003, -28.3252707], [29.3723822, -28.327976600000003], [29.372555000000002, -28.3292095], [29.374237500000003, -28.336838500000002], [29.375865500000003, -28.343578500000003], [29.3757018, -28.3450834], [29.374601300000002, -28.349949900000002], [29.3755199, -28.352215], [29.3774753, -28.3547602], [29.3790942, -28.355080400000002], [29.380403800000003, -28.355304500000003], [29.3817044, -28.3570092], [29.385742500000003, -28.358674], [29.384542000000003, -28.365324500000003], [29.3838326, -28.369526], [29.3871067, -28.3727829], [29.389516800000003, -28.3751196], [29.3920907, -28.378024300000003], [29.392672700000002, -28.378416400000003], [29.3972565, -28.3804729], [29.401658400000002, -28.3823693], [29.401946100000004, -28.382358000000004], [29.402652900000003, -28.3820525], [29.4027791, -28.3820367], [29.4029066, -28.382055200000003], [29.403035600000003, -28.382100800000003], [29.4031115, -28.382177700000003], [29.4033015, -28.382383], [29.403343500000002, -28.3825161], [29.403676, -28.3829837], [29.404563600000003, -28.383994400000002], [29.4059023, -28.3841585], [29.4068773, -28.385325400000003], [29.4070463, -28.3854989], [29.4071697, -28.3855177], [29.4075929, -28.385324200000003], [29.4080964, -28.385227500000003], [29.408310900000004, -28.3852133], [29.408510800000002, -28.385286500000003], [29.408917100000004, -28.385575600000003], [29.409053900000004, -28.38569], [29.409121000000003, -28.385829200000003], [29.4092537, -28.3863802], [29.409362400000003, -28.3868581], [29.4097815, -28.388613300000003], [29.409880200000003, -28.388730300000002], [29.410109400000003, -28.388863800000003], [29.4112574, -28.389386400000003], [29.411383400000002, -28.3894525], [29.4114627, -28.3895224], [29.412195500000003, -28.392346500000002], [29.4123994, -28.392610800000003], [29.4134916, -28.393763500000002], [29.4155449, -28.395864600000003], [29.4168559, -28.3975632], [29.418621400000003, -28.3983822], [29.4199893, -28.399028700000002], [29.4208865, -28.399638600000003], [29.421574500000002, -28.400123400000002], [29.421869500000003, -28.400385300000003], [29.422009000000003, -28.400576400000002], [29.422159200000003, -28.401456500000002], [29.422247700000003, -28.402074600000002], [29.422325500000003, -28.402381300000002], [29.422706400000003, -28.402940500000003], [29.4229397, -28.4032567], [29.4233823, -28.4034501], [29.4239214, -28.403738], [29.425426100000003, -28.4047477], [29.426332700000003, -28.4053682], [29.426472200000003, -28.4054603], [29.426606300000003, -28.405493300000003], [29.4268718, -28.4054815], [29.4277999, -28.4052998], [29.4285402, -28.405151200000002], [29.428786900000002, -28.4051182], [29.429830300000003, -28.4052809], [29.4317105, -28.405601800000003], [29.4323489, -28.4057162], [29.4330007, -28.406007600000002], [29.433746300000003, -28.406360300000003], [29.434820600000002, -28.4068687], [29.435200100000003, -28.4070551], [29.4352403, -28.407514000000003], [29.437041400000002, -28.408645200000002], [29.4373566, -28.408844600000002], [29.437606000000002, -28.408929500000003], [29.438535400000003, -28.4089165], [29.439055800000002, -28.4089248], [29.439708900000003, -28.409145400000003], [29.441625300000002, -28.4097718], [29.443826100000003, -28.410509], [29.4455883, -28.4110988], [29.447168100000003, -28.411746400000002], [29.448925000000003, -28.412471800000002], [29.449822200000003, -28.412836300000002], [29.4510171, -28.4133305], [29.4548178, -28.4149087], [29.4555125, -28.415361700000002], [29.4565102, -28.415772200000003], [29.457513400000003, -28.4159986], [29.457819200000003, -28.4160906], [29.459022100000002, -28.4165849], [29.461913600000003, -28.417747900000002], [29.463514200000002, -28.4184084], [29.464695700000004, -28.418883700000002], [29.466622800000003, -28.4196604], [29.467615900000002, -28.4200608], [29.4682758, -28.420323900000003], [29.470028600000003, -28.4210433], [29.4716352, -28.4217003], [29.472160900000002, -28.421923200000002], [29.4727725, -28.4222535], [29.473962, -28.4228762], [29.474456900000003, -28.423276], [29.474756000000003, -28.4235827], [29.476170800000002, -28.4244331], [29.477778800000003, -28.425408400000002], [29.478327800000002, -28.4257929], [29.479783800000003, -28.428160600000002], [29.4801137, -28.428425400000002], [29.4805965, -28.4288063], [29.4808272, -28.4292674], [29.4811973, -28.430160200000003], [29.4814052, -28.430620200000003], [29.4815326, -28.430757000000003], [29.481824900000003, -28.4309681], [29.482234000000002, -28.4312311], [29.483549600000003, -28.432108500000002], [29.484825, -28.4329517], [29.4854178, -28.433378700000002], [29.4856471, -28.433648700000003], [29.486001100000003, -28.434135800000004], [29.4871316, -28.435758300000003], [29.489696300000002, -28.438101600000003], [29.4891779, -28.4391652], [29.4898418, -28.4407727], [29.4904876, -28.441420500000003], [29.491833600000003, -28.442284100000002], [29.4929068, -28.444299400000002], [29.4937071, -28.44781], [29.494443800000003, -28.4479459], [29.494343800000003, -28.4493933], [29.494416500000003, -28.4502969], [29.496908500000004, -28.4525918], [29.498427300000003, -28.454343], [29.5073948, -28.461915100000002], [29.506676300000002, -28.462402800000003], [29.508740900000003, -28.465617], [29.510232400000003, -28.466768300000002], [29.511432900000003, -28.4683993], [29.515434600000003, -28.471525300000003], [29.5209097, -28.4759464], [29.5254389, -28.479391900000003], [29.5295589, -28.4848439], [29.536561900000002, -28.4904234], [29.542710000000003, -28.494364100000002], [29.5436559, -28.497001800000003], [29.547512100000002, -28.499087900000003], [29.5488399, -28.4998392], [29.5501408, -28.503008100000002], [29.550265500000002, -28.503175400000003], [29.550456, -28.5032779], [29.5548709, -28.5052956], [29.5549916, -28.5053911], [29.5550828, -28.5055608], [29.5561261, -28.508629600000003], [29.556224, -28.508781600000002], [29.556473500000003, -28.5089089], [29.560432400000003, -28.509738600000002], [29.5606095, -28.509839900000003], [29.5607007, -28.5099507], [29.561600000000002, -28.511731700000002], [29.5634371, -28.513681700000003], [29.564710400000003, -28.514992300000003], [29.565137800000002, -28.5156956], [29.567184200000003, -28.517749400000003], [29.569949, -28.524342], [29.5734414, -28.532076900000003], [29.578270800000002, -28.5321488], [29.579980600000003, -28.5323405], [29.582136100000003, -28.5321807], [29.585810400000003, -28.532252600000003], [29.588311400000002, -28.5347855], [29.592313200000003, -28.538796400000003], [29.5972426, -28.543949700000002], [29.5976518, -28.545875100000003], [29.599552600000003, -28.547105400000003], [29.601398900000003, -28.5497738], [29.603663500000003, -28.554487100000003], [29.6049277, -28.559655600000003], [29.605427900000002, -28.565375000000003], [29.6062373, -28.5709343], [29.606510200000002, -28.5736659], [29.607892600000003, -28.573618000000003], [29.6087202, -28.5803429], [29.609284100000004, -28.5839448], [29.610293600000002, -28.586628200000003], [29.6107891, -28.5877793], [29.6103847, -28.591897200000002], [29.610152300000003, -28.592955000000003], [29.6108149, -28.5976016], [29.611098900000002, -28.600457400000003], [29.611443100000002, -28.601190300000003], [29.6126994, -28.612786500000002], [29.6133631, -28.618570000000002], [29.613749400000003, -28.621730900000003], [29.6137601, -28.6221029], [29.613752100000003, -28.6225738], [29.613762800000003, -28.6228552], [29.613905000000003, -28.6236721], [29.6141451, -28.6257789], [29.615564900000003, -28.6313077], [29.617501100000002, -28.636254700000002], [29.6195577, -28.6398647], [29.621011900000003, -28.640567100000002], [29.6231976, -28.6441316], [29.6228276, -28.6461253], [29.6274915, -28.654386600000002], [29.629728800000002, -28.6583736], [29.6307012, -28.6590229], [29.631286300000003, -28.660812500000002], [29.633093400000003, -28.6639686], [29.634332500000003, -28.6659317], [29.635769600000003, -28.6676532], [29.636785000000003, -28.668914100000002], [29.6369398, -28.6719869], [29.637404500000002, -28.673149600000002], [29.636974300000002, -28.6744784], [29.635175800000003, -28.6765243], [29.6336441, -28.6804802], [29.633454800000003, -28.6824128], [29.6336441, -28.6844058], [29.634100200000002, -28.6856362], [29.6345993, -28.687010100000002], [29.635829800000003, -28.688618], [29.6393148, -28.693305700000003], [29.6406056, -28.696762800000002], [29.6405473, -28.702026800000002], [29.6405701, -28.7022468], [29.6413714, -28.7056314], [29.641483400000002, -28.7061615], [29.6415827, -28.7066203], [29.641669800000003, -28.7069943], [29.6417356, -28.707224900000003], [29.641837100000004, -28.707419700000003], [29.642674300000003, -28.708637600000003], [29.643544700000003, -28.7098973], [29.644000700000003, -28.710521900000003], [29.6443051, -28.710900600000002], [29.645386000000002, -28.7122615], [29.6455136, -28.712452000000003], [29.645665, -28.7127073], [29.646436100000003, -28.714271600000004], [29.6470571, -28.715512500000003], [29.647397700000003, -28.7161994], [29.647506300000003, -28.7164864], [29.647589500000002, -28.7168804], [29.648066900000003, -28.719479600000003], [29.6481393, -28.7199372], [29.6481487, -28.720146500000002], [29.648092400000003, -28.721059200000003], [29.6480575, -28.721677800000002], [29.648005200000004, -28.7221882], [29.6479569, -28.722394], [29.647737000000003, -28.723098500000003], [29.647511700000003, -28.723785300000003], [29.647082500000003, -28.725075500000003], [29.646614500000002, -28.726490300000002], [29.646432100000002, -28.7270642], [29.6464147, -28.727210000000003], [29.6464165, -28.7274342], [29.647349400000003, -28.729602800000002], [29.6483391, -28.7305464], [29.6484671, -28.7308376], [29.648634400000002, -28.734140600000003], [29.6500425, -28.7357534], [29.6509402, -28.7381457], [29.652797200000002, -28.7402909], [29.653158, -28.741872800000003], [29.6557014, -28.744774200000002], [29.659943400000003, -28.7483082], [29.661334, -28.749411600000002], [29.6649731, -28.753616700000002], [29.6675474, -28.7568495], [29.6693256, -28.759353500000003], [29.670508, -28.761241100000003], [29.6715909, -28.7632651], [29.6754119, -28.7654417], [29.678044200000002, -28.770787600000002], [29.6791644, -28.773264100000002], [29.6803966, -28.773171400000003], [29.6811745, -28.774289600000003], [29.683309, -28.778735100000002], [29.686341000000002, -28.7848481], [29.691153900000003, -28.795717500000002], [29.6916167, -28.7990546], [29.6913258, -28.799309500000003], [29.6890384, -28.800248000000003], [29.6933621, -28.809575000000002], [29.6940364, -28.8104207], [29.6943273, -28.811602500000003], [29.695953600000003, -28.815124400000002], [29.696998200000003, -28.816086000000002], [29.6974081, -28.817661500000003], [29.699550100000003, -28.822028900000003], [29.7002509, -28.8237665], [29.701877200000002, -28.826372900000003], [29.703305200000003, -28.828319], [29.7080124, -28.833983300000003], [29.714544200000002, -28.84018], [29.717796900000003, -28.8439094], [29.722107400000002, -28.849723400000002], [29.722576800000002, -28.849984000000003], [29.723826300000002, -28.851854300000003], [29.725642200000003, -28.854341400000003], [29.72668, -28.856224800000003], [29.727649600000003, -28.857397400000004], [29.728252700000002, -28.858015700000003], [29.728416300000003, -28.858453800000003], [29.7295757, -28.8607629], [29.735260200000003, -28.868480100000003], [29.747845400000003, -28.872358600000002], [29.757378600000003, -28.875380600000003], [29.7606974, -28.8781363], [29.765986400000003, -28.8822927], [29.7668855, -28.884040900000002], [29.768802700000002, -28.8844114], [29.7711034, -28.886368], [29.775440300000003, -28.888764400000003], [29.776795300000003, -28.889503800000004], [29.781958600000003, -28.8950779], [29.796247700000002, -28.910215500000003], [29.8001596, -28.914036000000003], [29.801182200000003, -28.914888100000002], [29.8080049, -28.921022200000003], [29.8127716, -28.9252463], [29.816804400000002, -28.92829], [29.8205926, -28.9310963], [29.822232200000002, -28.9323692], [29.823580800000002, -28.9341918], [29.826126100000003, -28.9351638], [29.832148900000004, -28.939798200000002], [29.838925300000003, -28.9448489], [29.8407765, -28.946301000000002], [29.841245800000003, -28.9472035], [29.851801100000003, -28.9548792], [29.855919900000004, -28.959009400000003], [29.856261200000002, -28.9598407], [29.8556342, -28.966574700000002], [29.856533300000002, -28.9664706], [29.856434200000002, -28.968639600000003], [29.8568639, -28.9699178], [29.857776200000004, -28.970918400000002], [29.8601695, -28.9724165], [29.8619677, -28.973712000000003], [29.8628007, -28.9752331], [29.863058600000002, -28.976603800000003], [29.8632238, -28.979391500000002], [29.869431700000003, -28.983150600000002], [29.8745884, -28.986331300000003], [29.8793815, -28.9892806], [29.888791100000002, -28.9949331], [29.8920527, -28.9969213], [29.893159100000002, -28.997587600000003], [29.893384400000002, -28.997726], [29.893503600000003, -28.997908600000002], [29.8935165, -28.9980796], [29.893462900000003, -28.9982298], [29.893363, -28.9984532], [29.891991200000003, -29.001700500000002], [29.8946323, -29.005873200000003], [29.8947597, -29.006071400000003], [29.894877700000002, -29.006171700000003], [29.8950481, -29.0062251], [29.896083400000002, -29.006335300000003], [29.896709, -29.0063986], [29.8968981, -29.006460200000003], [29.897013500000003, -29.006547], [29.8970832, -29.006652000000003], [29.8974735, -29.007979700000003], [29.897615000000002, -29.008558800000003], [29.8972565, -29.012360100000002], [29.8966515, -29.015602800000003], [29.895599200000003, -29.016966300000004], [29.896058600000003, -29.0177768], [29.897294400000003, -29.0180885], [29.898157800000003, -29.020720700000002], [29.898514300000002, -29.0208246], [29.900470900000002, -29.020720700000002], [29.9022611, -29.0218637], [29.905168300000003, -29.023997100000003], [29.905865400000003, -29.027370400000002], [29.905318800000003, -29.0298431], [29.9051885, -29.030546800000003], [29.9059677, -29.033133900000003], [29.905664, -29.034596500000003], [29.9068155, -29.037191000000004], [29.908242, -29.0387938], [29.910355900000003, -29.043461800000003], [29.9127219, -29.045855800000002], [29.9175398, -29.050493300000003], [29.9183786, -29.051289200000003], [29.9191578, -29.0520372], [29.9192597, -29.0521028], [29.920332600000002, -29.052662100000003], [29.923981100000002, -29.054562800000003], [29.926267000000003, -29.0557371], [29.926374300000003, -29.0557957], [29.926531200000003, -29.0558368], [29.9266505, -29.0557887], [29.926740400000003, -29.0557254], [29.927111900000003, -29.0553889], [29.9271789, -29.0553631], [29.9272862, -29.055415900000003], [29.9289224, -29.0562119], [29.9304914, -29.0569692], [29.930683900000002, -29.0570665], [29.930949400000003, -29.0572605], [29.932572800000003, -29.058508500000002], [29.9327606, -29.0586866], [29.9329725, -29.059011400000003], [29.934878200000004, -29.061916200000002], [29.9349667, -29.062047500000002], [29.9350646, -29.0621261], [29.9351732, -29.062185900000003], [29.935295300000003, -29.062214], [29.935637300000003, -29.0622034], [29.938751300000003, -29.0621167], [29.9408998, -29.062025300000002], [29.941750000000003, -29.061996], [29.944455, -29.0618987], [29.946383500000003, -29.061818900000002], [29.9497068, -29.0616935], [29.951680900000003, -29.061623200000003], [29.953232600000003, -29.0615622], [29.954676900000003, -29.061506], [29.955127500000003, -29.061487200000002], [29.955381000000003, -29.061527100000003], [29.955883900000003, -29.0616771], [29.9579184, -29.062272600000004], [29.9582443, -29.0623629], [29.958976500000002, -29.0625739], [29.9609157, -29.0631272], [29.9611169, -29.063183400000003], [29.9612322, -29.0631893], [29.9613033, -29.063184600000003], [29.9614133, -29.0631577], [29.961735200000003, -29.063024000000002], [29.9618076, -29.063010000000002], [29.961842400000002, -29.0630193], [29.9631514, -29.0644178], [29.964842500000003, -29.0661774], [29.9676967, -29.069199200000003], [29.9730285, -29.076071400000004], [29.974048000000003, -29.0775769], [29.979333, -29.08408], [29.983258600000003, -29.0889442], [29.983938300000002, -29.090603100000003], [29.9849929, -29.094176800000003], [29.987746700000002, -29.1012215], [29.9920356, -29.107323800000003], [29.994191800000003, -29.1096274], [29.995387, -29.111531600000003], [29.995762000000003, -29.112483800000003], [29.9970393, -29.114603000000002], [29.998316600000003, -29.1164765], [30.002394600000002, -29.1227723], [30.0068358, -29.129108700000003], [30.0099763, -29.1337252], [30.014297000000003, -29.140187500000003], [30.017680400000003, -29.1451318], [30.019978000000002, -29.1491699], [30.0209054, -29.1505994], [30.021391500000004, -29.1513473], [30.0216819, -29.1517847], [30.0217992, -29.151906], [30.0220419, -29.152137900000003], [30.0222699, -29.152431200000002], [30.0231229, -29.153742400000002], [30.024177, -29.1553809], [30.024787200000002, -29.1563401], [30.025098300000003, -29.1568238], [30.025219000000003, -29.156926900000002], [30.025354500000002, -29.156987800000003], [30.0265534, -29.157233700000003], [30.0265963, -29.1572548], [30.0265373, -29.1575078], [30.0264072, -29.1579891], [30.026306700000003, -29.1583417], [30.026301300000004, -29.158552500000003], [30.0263737, -29.158821800000002], [30.026758500000003, -29.1594066], [30.0271435, -29.160003500000002], [30.0286067, -29.162274300000004], [30.0291578, -29.163132700000002], [30.029707700000003, -29.163972400000002], [30.030245500000003, -29.1648074], [30.030747100000003, -29.165595500000002], [30.0310193, -29.1659937], [30.031318400000004, -29.166395400000003], [30.0318186, -29.1670629], [30.031904400000002, -29.167199900000004], [30.031883, -29.1672748], [30.0318454, -29.167354500000002], [30.0317784, -29.167496200000002], [30.0317086, -29.167634300000003], [30.0317703, -29.1677585], [30.032054600000002, -29.1680442], [30.0329988, -29.168974000000002], [30.034117300000002, -29.1700912], [30.035031900000003, -29.170998700000002], [30.0360444, -29.172014], [30.0367189, -29.172686000000002], [30.037052900000003, -29.173021000000002], [30.037153500000002, -29.1730878], [30.037223200000003, -29.173103], [30.037444500000003, -29.1730339], [30.037656400000003, -29.1729601], [30.037837500000002, -29.172981200000002], [30.0393261, -29.1732002], [30.039739200000003, -29.1732623], [30.040073900000003, -29.1733651], [30.0401603, -29.173446100000003], [30.041270700000002, -29.1742822], [30.042363700000003, -29.175103000000004]], [[30.1060525, -29.334597600000002], [30.105818000000003, -29.334324700000003], [30.105254600000002, -29.334151700000003], [30.1042546, -29.333165800000003], [30.1018143, -29.3303672], [30.099798500000002, -29.329495400000003], [30.0980962, -29.328959200000003], [30.0963621, -29.328173900000003], [30.0951042, -29.327727600000003], [30.0935063, -29.326817000000002], [30.093374200000003, -29.326741700000003], [30.091945600000003, -29.3258526], [30.09109, -29.324969900000003], [30.090906, -29.3247801], [30.090128300000003, -29.323427400000003], [30.089332000000002, -29.3220789], [30.089302900000003, -29.3220297], [30.0889299, -29.3215384], [30.087743500000002, -29.3195525], [30.085192000000003, -29.3165805], [30.085168200000002, -29.315521800000003], [30.0841087, -29.3141274], [30.084140400000003, -29.3128542], [30.082648400000004, -29.3107712], [30.0804501, -29.3075325], [30.0786605, -29.3050412], [30.077458200000002, -29.3046882], [30.076200300000004, -29.3043249], [30.074684500000004, -29.303331800000002], [30.0731886, -29.3011656], [30.073303600000003, -29.300079], [30.073164700000003, -29.299625700000004], [30.071478300000003, -29.2970961], [30.0696887, -29.2947394], [30.0682562, -29.2940508], [30.066708700000003, -29.2932583], [30.065732500000003, -29.292323900000003], [30.0653833, -29.291707900000002], [30.0650778, -29.2883406], [30.065057900000003, -29.2870533], [30.0652523, -29.285046], [30.0653396, -29.2837585], [30.0646889, -29.282844800000003], [30.0634072, -29.280557], [30.062161200000002, -29.2784838], [30.0606538, -29.2771663], [30.0559635, -29.272850100000003], [30.053427900000003, -29.269181000000003], [30.052606500000003, -29.2679799], [30.0508883, -29.2667891], [30.0493844, -29.2651241], [30.048285300000003, -29.263569800000003], [30.047444000000002, -29.261887400000003], [30.0463489, -29.260430000000003], [30.0457219, -29.259848400000003], [30.042964100000003, -29.259048800000002], [30.0407459, -29.258318300000003], [30.0389325, -29.2576329], [30.0355795, -29.255971100000004], [30.0343097, -29.254074000000003], [30.034345400000003, -29.2516956], [30.033897000000003, -29.250030300000002], [30.033169700000002, -29.247228200000002], [30.032284800000003, -29.243852500000003], [30.031149900000003, -29.2402343], [30.030181700000004, -29.2369553], [30.0303325, -29.236300800000002], [30.0308126, -29.235050800000003], [30.0317967, -29.2322114], [30.033962000000002, -29.2270074], [30.036008700000004, -29.2217142], [30.0364021, -29.2207046], [30.0394839, -29.2185014], [30.040369100000003, -29.216424800000002], [30.041502500000004, -29.213502100000003], [30.041647700000002, -29.212938], [30.041671100000002, -29.2109267], [30.0417413, -29.2071943], [30.0417039, -29.204071000000003], [30.041511800000002, -29.2037358], [30.039830400000003, -29.2021577], [30.0396946, -29.201769300000002], [30.0404018, -29.199226300000003], [30.0410435, -29.1970063], [30.041708600000003, -29.194594100000003], [30.042907500000002, -29.1940871], [30.044059700000002, -29.1942179], [30.045296200000003, -29.194201600000003], [30.045642700000002, -29.1932857], [30.0468277, -29.189168400000003], [30.047933, -29.185288000000003], [30.0481009, -29.184417600000003], [30.048349100000003, -29.183552400000004], [30.048538100000002, -29.1828569], [30.048518400000003, -29.182744600000003], [30.0483812, -29.18233], [30.04829, -29.182174200000002], [30.0479467, -29.181670800000003], [30.047194400000002, -29.180542000000003], [30.046640500000002, -29.1797095], [30.046057100000002, -29.178894500000002], [30.0456749, -29.178336], [30.0454751, -29.178216600000003], [30.0439489, -29.1774929], [30.0429779, -29.1770515], [30.042884100000002, -29.176990600000003], [30.042819700000003, -29.176929700000002], [30.042744600000002, -29.1768126], [30.042725800000003, -29.176627600000003], [30.042780800000003, -29.1760468], [30.042810300000003, -29.175589000000002], [30.0428022, -29.1754859], [30.042760700000002, -29.1754028], [30.042695000000002, -29.175341900000003], [30.042363700000003, -29.175103000000004]], [[28.425087700000002, -26.4684904], [28.422821600000002, -26.469545], [28.4163809, -26.4724973], [28.4133688, -26.471437100000003], [28.4112706, -26.4707693], [28.409993, -26.470580100000003], [28.407155000000003, -26.4696201], [28.403658, -26.4676556], [28.402010500000003, -26.46797], [28.3997506, -26.4666204], [28.3984886, -26.4659136], [28.3967074, -26.4669655], [28.396135500000003, -26.466286500000002], [28.393325400000002, -26.4636986], [28.390330400000003, -26.461181500000002], [28.3888554, -26.459941800000003], [28.387338500000002, -26.4583556], [28.387224900000003, -26.4582026], [28.3866733, -26.457459500000002], [28.3834094, -26.451810000000002], [28.380624200000003, -26.4476298], [28.380189, -26.447507400000003], [28.3735649, -26.448169800000002], [28.362195500000002, -26.449331400000002], [28.356779600000003, -26.449894200000003], [28.349367800000003, -26.448186000000003], [28.3454933, -26.447308300000003], [28.339705300000002, -26.448566300000003], [28.33623, -26.448744400000002], [28.3249214, -26.449340000000003], [28.321528200000003, -26.449185500000002]], [[28.648854300000004, -26.771604900000003], [28.651336800000003, -26.7717932], [28.654350800000003, -26.774913400000003], [28.6546586, -26.7751081], [28.6561464, -26.7772836], [28.659153900000003, -26.778417200000003], [28.6558698, -26.792717300000003], [28.661420000000003, -26.7969106], [28.668711400000003, -26.802811700000003], [28.671278, -26.803516000000002], [28.684192200000002, -26.806842800000002], [28.6847363, -26.8070047], [28.6894612, -26.8192588], [28.689969100000003, -26.8200763], [28.691275, -26.821468300000003], [28.6946623, -26.823622200000003], [28.708180400000003, -26.833041400000003], [28.7090268, -26.8334191], [28.713438800000002, -26.8343232], [28.7141057, -26.8345635], [28.7167734, -26.8369439], [28.718410700000003, -26.8385496], [28.718735400000003, -26.8442322], [28.719282900000003, -26.845942100000002], [28.726465100000002, -26.8551192], [28.727705200000003, -26.858521000000003], [28.7301262, -26.8673441], [28.7407369, -26.8950248], [28.741226700000002, -26.897855600000003], [28.743022300000003, -26.900912700000003], [28.742550700000002, -26.9039536], [28.746958300000003, -26.9136904], [28.751987800000002, -26.925657100000002], [28.753125100000002, -26.927954500000002], [28.753570300000003, -26.9288664], [28.7547934, -26.932295600000003], [28.7562472, -26.936327300000002], [28.7569553, -26.937709400000003], [28.7590074, -26.9416592], [28.757239600000002, -26.9460926], [28.7625074, -26.949454300000003], [28.7633228, -26.950444100000002], [28.771727000000002, -26.965651100000002], [28.788361000000002, -26.9696317]], [[28.648854300000004, -26.771604900000003], [28.6428264, -26.766532100000003], [28.6329123, -26.758596200000003], [28.627320400000002, -26.7506482], [28.624101200000002, -26.747166500000002], [28.623908800000002, -26.745482900000003], [28.6186247, -26.742905800000003], [28.617470400000002, -26.7410962], [28.617355000000003, -26.7397904], [28.6036061, -26.729596], [28.603772900000003, -26.7282672], [28.601323, -26.725493], [28.596282600000002, -26.718115500000003], [28.590818900000002, -26.7124446], [28.5876254, -26.706212100000002], [28.5842138, -26.7004947], [28.578929700000003, -26.693012500000002], [28.5702469, -26.684246400000003], [28.565168000000003, -26.679364500000002], [28.565078200000002, -26.6749638], [28.555638700000003, -26.6635372], [28.554894800000003, -26.660603000000002], [28.550034, -26.6553992], [28.5484821, -26.6547573], [28.547302100000003, -26.6522928], [28.544147100000004, -26.6477077], [28.5433647, -26.645747500000002], [28.535374500000003, -26.637654100000002], [28.5334591, -26.6354317], [28.527531900000003, -26.6286349], [28.5270614, -26.628127900000003], [28.5243831, -26.626177900000002], [28.524136900000002, -26.625973300000002], [28.512575700000003, -26.6205171], [28.5046062, -26.616581], [28.489497800000002, -26.6058595], [28.490729100000003, -26.603004100000003], [28.489767200000003, -26.5904005], [28.488959100000002, -26.5897812], [28.488907800000003, -26.5879347], [28.484226600000003, -26.5815576], [28.4825464, -26.5812594], [28.481815400000002, -26.575512900000003], [28.477044300000003, -26.5694105], [28.4712272, -26.5627102], [28.4644945, -26.556523900000002], [28.466803300000002, -26.552993700000002], [28.468175000000002, -26.548435400000002], [28.4616952, -26.5343608], [28.4565355, -26.5276622], [28.452103100000002, -26.5260804], [28.444077900000003, -26.519063600000003], [28.4413376, -26.516719000000002], [28.440327300000003, -26.515396900000002], [28.437252400000002, -26.5078032], [28.436879800000003, -26.5060459], [28.4360022, -26.4998416], [28.435857000000002, -26.4982425], [28.4356738, -26.4953153], [28.4355286, -26.4947333], [28.430319500000003, -26.485985300000003], [28.4261838, -26.479141300000002], [28.425565000000002, -26.477378], [28.4252746, -26.475852000000003], [28.4246377, -26.4702501], [28.426071, -26.4688324]], [[30.4785392, -29.686673300000002], [30.474805500000002, -29.682285500000003], [30.4707018, -29.6774035], [30.469594, -29.6760589], [30.467684300000002, -29.673810000000003], [30.4671425, -29.673201700000003], [30.466954700000002, -29.6726925], [30.4666597, -29.671619300000003], [30.466699900000002, -29.6714096], [30.467040500000003, -29.6708293], [30.4679283, -29.669228200000003], [30.4685774, -29.6681631], [30.4702176, -29.665798700000003], [30.4713187, -29.664124100000002], [30.471578800000003, -29.663874800000002], [30.4719543, -29.663746600000003], [30.472024100000002, -29.663683600000002], [30.472045500000004, -29.663497200000002], [30.4720294, -29.663038], [30.472152800000003, -29.662802600000003], [30.472842200000002, -29.6617864], [30.474727700000003, -29.659008200000002], [30.475587400000002, -29.6577647], [30.4756679, -29.657572400000003], [30.475548500000002, -29.6573813], [30.4738265, -29.6553487], [30.472584700000002, -29.653861600000003], [30.472372800000002, -29.6535586], [30.4722118, -29.652705500000003], [30.471982500000003, -29.6514841], [30.471859100000003, -29.650813900000003], [30.471809500000003, -29.6506915], [30.4717264, -29.650605300000002], [30.4714005, -29.6503675], [30.4697509, -29.649249800000003], [30.469191700000003, -29.648879200000003], [30.468947600000003, -29.6485656], [30.4680812, -29.6479852], [30.4664089, -29.646851100000003], [30.4662104, -29.6467089], [30.4655452, -29.6461308], [30.4648277, -29.6455236], [30.4642376, -29.645015400000002], [30.463781700000002, -29.644367300000003], [30.4635885, -29.6439081], [30.462395, -29.6410431], [30.4612309, -29.6383015], [30.4611276, -29.638134800000003], [30.4607454, -29.637672100000003], [30.458249600000002, -29.6346437], [30.457739200000002, -29.6340007], [30.455952300000003, -29.6317492], [30.4554185, -29.6311058], [30.455335400000003, -29.630974000000002], [30.4552978, -29.630798000000002], [30.454917000000002, -29.625931], [30.454678200000004, -29.6227297], [30.454544100000003, -29.6209646], [30.454514600000003, -29.620398], [30.454528000000003, -29.620241800000002], [30.454667500000003, -29.619705500000002], [30.454689000000002, -29.619574900000003], [30.454670200000002, -29.6194257], [30.454402, -29.6187752], [30.453954000000003, -29.6181386], [30.453203000000002, -29.617031], [30.4529831, -29.6166346], [30.4527685, -29.6162184], [30.4526639, -29.6154349], [30.453229800000003, -29.6148403], [30.4532473, -29.614716700000002], [30.4532205, -29.6140988], [30.4531789, -29.6139763], [30.4522803, -29.6137641], [30.4522857, -29.613611400000003], [30.4523608, -29.6122997], [30.4525137, -29.609544600000003], [30.452574000000002, -29.608466000000004]], [[30.879628500000003, -30.0282674], [30.879578400000003, -30.028295500000002], [30.879474400000003, -30.0282346], [30.879066100000003, -30.0280145], [30.878765, -30.0278816], [30.8785202, -30.027748700000004], [30.878013300000003, -30.027400300000004], [30.877969, -30.0274044], [30.877563400000003, -30.027781700000002], [30.8774185, -30.027873500000002], [30.877172400000003, -30.027955900000002], [30.876762000000003, -30.028033100000002], [30.8766789, -30.028063300000003], [30.8765548, -30.0281243], [30.8764603, -30.028191000000003], [30.8763134, -30.0283385], [30.876125000000002, -30.0284279], [30.875669700000003, -30.0285115], [30.874508300000002, -30.028721700000002], [30.873325500000004, -30.0289411], [30.8731042, -30.0289666], [30.872888300000003, -30.0289423], [30.8727501, -30.028893500000002], [30.872236500000003, -30.0286578], [30.870827000000002, -30.028020400000003], [30.8705749, -30.0279211], [30.8702523, -30.027885100000002], [30.869552900000002, -30.027820600000002], [30.8688797, -30.027756800000002], [30.868641, -30.027689400000003], [30.865066300000002, -30.027390500000003], [30.861104, -30.0269939], [30.8601987, -30.0269097], [30.8598889, -30.026883], [30.859746100000002, -30.026899900000004], [30.8592982, -30.026969500000003], [30.8590984, -30.026938800000003], [30.858882400000002, -30.026939900000002], [30.8586357, -30.0270073], [30.858156200000003, -30.027144300000003], [30.857734500000003, -30.027104800000004], [30.857717700000002, -30.027107100000002], [30.857657300000003, -30.0271553], [30.857601700000004, -30.0271867], [30.8573281, -30.0272767], [30.856884200000003, -30.027449700000002], [30.85593, -30.0279449], [30.855502200000004, -30.0281725], [30.8554767, -30.0281759], [30.855456600000004, -30.028169000000002], [30.8554083, -30.028128900000002], [30.855293000000003, -30.027980900000003], [30.8550958, -30.027728300000003], [30.854995900000002, -30.0276047], [30.8549289, -30.0275199], [30.8549027, -30.0275095], [30.8548806, -30.027517000000003], [30.854625100000003, -30.0276825], [30.8545346, -30.027762000000003], [30.8544313, -30.0278299], [30.853784200000003, -30.028224100000003], [30.853756100000002, -30.0282485], [30.8536977, -30.028297900000002], [30.853610600000003, -30.028409300000003], [30.853043300000003, -30.028760600000002], [30.8526865, -30.028898700000003], [30.8525497, -30.028963200000003], [30.852524900000002, -30.0289533], [30.8522071, -30.0285556], [30.8519764, -30.028257200000002], [30.8519362, -30.028224700000003], [30.8518034, -30.0282084], [30.851239500000002, -30.028191600000003], [30.850398600000002, -30.0282026], [30.8501009, -30.028179400000003], [30.8500063, -30.028146300000003], [30.849907100000003, -30.028076100000003], [30.849705900000004, -30.0278555], [30.8480832, -30.0260372], [30.846427300000002, -30.0241866], [30.8461943, -30.0239076], [30.846008500000003, -30.023731700000003], [30.8459247, -30.0236789], [30.845788600000002, -30.023620800000003], [30.845509600000003, -30.023545900000002], [30.8435865, -30.022985700000003], [30.843011100000002, -30.0228202], [30.842809300000003, -30.022760400000003], [30.842222600000003, -30.0225799], [30.841680800000002, -30.0224231], [30.840696400000002, -30.022091600000003], [30.8405261, -30.022053800000002], [30.840070100000002, -30.022029500000002], [30.8400044, -30.0220178], [30.8396195, -30.0218576], [30.839209800000003, -30.021659600000003], [30.8385238, -30.0213362], [30.838371600000002, -30.021263100000002], [30.838213300000003, -30.021176], [30.838047000000003, -30.021076700000002], [30.8378687, -30.020973400000003], [30.8378492, -30.0209647], [30.8378224, -30.020967000000002], [30.8376085, -30.021022700000003], [30.8372987, -30.021171900000002], [30.837220300000002, -30.021196900000003], [30.836921900000004, -30.0211998], [30.836870200000003, -30.0211824], [30.8363854, -30.020889800000003], [30.836249300000002, -30.020760300000003], [30.8359838, -30.0202801], [30.835869100000004, -30.0200479], [30.835832200000002, -30.019885900000002], [30.8358215, -30.019691400000003], [30.835796700000003, -30.0196235], [30.8357497, -30.019542800000004], [30.835688700000002, -30.0194836], [30.8354916, -30.019372100000002], [30.8350128, -30.019082400000002], [30.8346373, -30.0188577], [30.8339694, -30.018450700000002], [30.8335852, -30.018219600000002], [30.833322300000003, -30.0180611], [30.8331896, -30.0179571], [30.833061500000003, -30.017825300000002], [30.8328114, -30.0175617], [30.8321006, -30.0168186], [30.8320188, -30.0167408], [30.831963100000003, -30.0167007], [30.8318344, -30.016646700000003], [30.831756600000002, -30.016628700000002], [30.831614400000003, -30.0166153], [30.831365, -30.0166119], [30.831257, -30.016579900000004], [30.831186000000002, -30.016543300000002], [30.831111500000002, -30.016496300000004], [30.8310478, -30.016433600000003], [30.830847300000002, -30.016182200000003], [30.8304048, -30.0156242], [30.830099, -30.015249700000002], [30.829873000000003, -30.0149623], [30.829573300000003, -30.014584900000003], [30.829356, -30.014312], [30.828833000000003, -30.013662300000004], [30.828200000000002, -30.0128726], [30.8279479, -30.012465000000002], [30.827491900000002, -30.0117136], [30.8271298, -30.011133], [30.826948700000003, -30.0107567], [30.8265813, -30.009967000000003], [30.8263788, -30.009564100000002], [30.8263573, -30.0095153], [30.826026100000004, -30.008973], [30.825896, -30.0087918], [30.825729700000004, -30.0087], [30.824946500000003, -30.0084933], [30.824481100000003, -30.0084248], [30.824200800000003, -30.0083725], [30.822870400000003, -30.0077129], [30.8222254, -30.007397], [30.8220832, -30.007368000000003], [30.821930300000002, -30.007387700000002], [30.8217493, -30.0074481], [30.8216353, -30.007404], [30.8213751, -30.0071973], [30.8206549, -30.007145], [30.820532900000003, -30.0071839], [30.820453800000003, -30.007198400000004], [30.8203062, -30.007201900000002], [30.8199234, -30.007213500000002], [30.819532400000003, -30.0071961], [30.819383600000002, -30.0071717], [30.819205200000003, -30.007399300000003], [30.819052300000003, -30.0075921], [30.8189008, -30.0077059], [30.818621800000003, -30.007776800000002], [30.818269100000002, -30.007861600000002], [30.818126900000003, -30.0078859], [30.817614600000002, -30.007898700000002], [30.8173424, -30.007903400000004], [30.8170554, -30.0080288], [30.8169065, -30.0081008], [30.816591400000004, -30.008206500000004], [30.8163057, -30.008277300000003], [30.816156900000003, -30.008354], [30.816004000000003, -30.0085084], [30.815792100000003, -30.008777900000002], [30.815625800000003, -30.0088475], [30.815372300000003, -30.0088766], [30.815084000000002, -30.008935800000003], [30.8144698, -30.0091077], [30.813923900000002, -30.009258600000003], [30.813784400000003, -30.009261000000002], [30.8136423, -30.009215700000002], [30.8129449, -30.008942800000003], [30.8123924, -30.008730200000002], [30.8121, -30.008672200000003], [30.811772800000004, -30.0087012], [30.811357, -30.008729100000004], [30.810910500000002, -30.008338900000002], [30.810797800000003, -30.008148400000003], [30.810749500000004, -30.007853400000002], [30.810699900000003, -30.007723400000003], [30.810627500000002, -30.0076281], [30.810497400000003, -30.007568900000003], [30.810158100000002, -30.0075143], [30.8097652, -30.007444600000003], [30.809668600000002, -30.0073924], [30.8089444, -30.0068187], [30.8088425, -30.006696700000003], [30.8088237, -30.0065667], [30.8087969, -30.0062345], [30.808713700000002, -30.006124200000002], [30.8086306, -30.0060417], [30.8083436, -30.0058873], [30.8082631, -30.0058106], [30.8077173, -30.0051881], [30.807280100000003, -30.0048281], [30.806562600000003, -30.0042195], [30.806184400000003, -30.003870000000003], [30.806075800000002, -30.0036853], [30.805926900000003, -30.003010500000002], [30.805803500000003, -30.0029606], [30.805303300000002, -30.0027945], [30.805074, -30.0026116], [30.8049573, -30.0025407], [30.8043538, -30.0023555], [30.801498600000002, -30.001438], [30.801286700000002, -30.001389200000002], [30.801085500000003, -30.001409000000002], [30.799878500000002, -30.0017992], [30.799197300000003, -30.002001300000003], [30.7990631, -30.001992], [30.798946500000003, -30.001958300000002], [30.7988016, -30.0018631], [30.7971749, -30.0001384], [30.7962437, -29.9991577], [30.7954985, -29.998373], [30.795369700000002, -29.998280100000002], [30.795037100000002, -29.998091900000002], [30.7937282, -29.997374100000002], [30.792810900000003, -29.9968608], [30.7922906, -29.9965797], [30.7920599, -29.996551800000002], [30.788645400000004, -29.9966726], [30.7860973, -29.996772500000002], [30.7859632, -29.996751600000003], [30.7857996, -29.9966842], [30.785754, -29.996623800000002], [30.7855555, -29.996077900000003], [30.7854992, -29.996015200000002], [30.7853141, -29.9958758], [30.7835761, -29.995208], [30.7822779, -29.9947306], [30.780751700000003, -29.994145200000002], [30.779812900000003, -29.993801400000002], [30.779284500000003, -29.993597], [30.778997500000003, -29.993592300000003], [30.7783163, -29.9936481], [30.777849600000003, -29.9937131], [30.7768008, -29.993987200000003], [30.7761624, -29.994108], [30.775470400000003, -29.9942126], [30.7743359, -29.994421600000003], [30.7732066, -29.9946121], [30.7728204, -29.994647], [30.7726058, -29.994628400000003], [30.771437700000003, -29.9940964], [30.7702616, -29.9935459], [30.768440400000003, -29.992704900000003], [30.767130100000003, -29.9921079], [30.766660700000003, -29.991801300000002], [30.766155100000002, -29.991422600000003], [30.765781, -29.990996900000003], [30.765756800000002, -29.9909876], [30.765740100000002, -29.990992300000002], [30.7649401, -29.991405200000003], [30.764750300000003, -29.9914743], [30.764527, -29.991488800000003], [30.763592300000003, -29.9914284], [30.763465500000002, -29.991411000000003], [30.762302100000003, -29.991166500000002], [30.761852200000003, -29.991067200000003], [30.761838100000002, -29.9910724], [30.7618274, -29.991080500000002], [30.7616839, -29.991218200000002], [30.761493400000003, -29.991406400000002], [30.761362000000002, -29.991478400000002], [30.760957, -29.991624700000003], [30.759846600000003, -29.9919964], [30.759512, -29.992040000000003], [30.7593101, -29.99208], [30.758913200000002, -29.992242700000002], [30.758089700000003, -29.992609700000003], [30.757821500000002, -29.992656200000003], [30.7571778, -29.992621300000003], [30.753503100000003, -29.992389000000003], [30.750802200000003, -29.992219400000003], [30.749072100000003, -29.992110200000003], [30.7487208, -29.992089300000004], [30.7483372, -29.992179900000004], [30.747210700000004, -29.992486600000003], [30.745909800000003, -29.9928443], [30.745174900000002, -29.9930023], [30.7428668, -29.9930464], [30.741832900000002, -29.9930708], [30.739720600000002, -29.993127700000002], [30.738997800000003, -29.993140500000003], [30.7388945, -29.993159100000003], [30.738772500000003, -29.993210200000004], [30.7384962, -29.993433200000002], [30.7380174, -29.9938235], [30.737810900000003, -29.993917600000003], [30.737632500000004, -29.993925700000002], [30.7369807, -29.9937933], [30.736763500000002, -29.9937213], [30.736343700000003, -29.993418100000003], [30.735740200000002, -29.993016200000003], [30.735457200000003, -29.992932600000003], [30.734961000000002, -29.992867500000003], [30.7334402, -29.9926503], [30.733161300000003, -29.9925992], [30.732320400000003, -29.9922891], [30.731417800000003, -29.991943000000003], [30.7311818, -29.991872100000002], [30.730536700000002, -29.991805900000003], [30.730351700000003, -29.991832600000002], [30.729937300000003, -29.991981300000003], [30.7294933, -29.992163700000003], [30.7288536, -29.9924053], [30.7285894, -29.9925226], [30.7284097, -29.9926469], [30.727877300000003, -29.993204400000003], [30.7272457, -29.9938362], [30.726859400000002, -29.9942068], [30.7266824, -29.994295], [30.726095, -29.994384500000002], [30.7258563, -29.994424000000002], [30.7248008, -29.9948142], [30.724436, -29.994946600000002], [30.7242952, -29.9949675], [30.724145000000004, -29.994953600000002], [30.723485200000002, -29.994748], [30.722252700000002, -29.994371700000002], [30.7221535, -29.994349600000003], [30.7221146, -29.9943752], [30.721662600000002, -29.995244000000003], [30.7214266, -29.9956946], [30.7212938, -29.995913], [30.7211342, -29.996028000000003], [30.7198843, -29.996371800000002], [30.718846300000003, -29.996654000000003], [30.718722900000003, -29.996706300000003], [30.718464100000002, -29.9968468], [30.718153, -29.996956], [30.717379200000003, -29.996887500000003], [30.716909800000003, -29.9969119], [30.715287000000004, -29.9970025], [30.7137877, -29.997093000000003], [30.7134457, -29.997100000000003], [30.7129763, -29.997029200000004], [30.712759000000002, -29.9969688], [30.712717500000004, -29.9969281], [30.7126169, -29.9968317], [30.7124814, -29.996623800000002], [30.7124439, -29.9965623], [30.712339300000004, -29.9964833], [30.712236, -29.9964426], [30.7120898, -29.996414700000003], [30.7106093, -29.99651], [30.7095364, -29.996570400000003], [30.7087049, -29.996621500000003], [30.7083884, -29.9966168], [30.7081899, -29.9965657], [30.706906500000002, -29.9960431], [30.704846500000002, -29.995213800000002], [30.7038729, -29.994827], [30.703636900000003, -29.9947422], [30.7035027, -29.994741100000002], [30.7033874, -29.994765400000002], [30.7031567, -29.9948909], [30.702388300000003, -29.995406600000003], [30.7020999, -29.995532], [30.701863900000003, -29.995542500000003], [30.701719100000002, -29.995507600000003], [30.7012296, -29.9953822], [30.7002117, -29.995101100000003], [30.6994486, -29.9948979], [30.6991562, -29.9948212], [30.698698900000004, -29.9945668], [30.6980082, -29.9941417], [30.6977963, -29.994074400000002], [30.697573700000003, -29.993947700000003], [30.696742200000003, -29.9934204], [30.6960073, -29.992953500000002], [30.6957042, -29.9928652], [30.695304600000004, -29.9927142], [30.694202200000003, -29.9921706], [30.693687200000003, -29.991917400000002], [30.693461900000003, -29.991634], [30.693276800000003, -29.991501600000003], [30.692292400000003, -29.990997500000002], [30.689650500000003, -29.989650100000002], [30.686681300000004, -29.9880239], [30.685726400000004, -29.987496600000004], [30.685265100000002, -29.987303700000002], [30.6846938, -29.987385000000003], [30.6831354, -29.9875848], [30.682835, -29.9876685], [30.682202, -29.9880779], [30.681188100000004, -29.988762700000002], [30.680249300000003, -29.9893806], [30.679975700000004, -29.989455000000003], [30.679849700000002, -29.9894271], [30.679552, -29.989280700000002], [30.6788439, -29.9888812], [30.677197300000003, -29.9879865], [30.6766617, -29.987676500000003], [30.67614, -29.987285200000002], [30.6755573, -29.986833], [30.675221500000003, -29.9864651], [30.675039400000003, -29.9862077], [30.6749198, -29.9861189], [30.674627400000002, -29.9860283], [30.6729215, -29.9858796], [30.672511200000002, -29.985900500000003], [30.6721544, -29.9858657], [30.671797700000003, -29.9857565], [30.669888, -29.985573000000002], [30.6695232, -29.985549700000004], [30.6682625, -29.9859261], [30.6673425, -29.986167700000003], [30.666422500000003, -29.986341900000003], [30.6632052, -29.987586], [30.662734500000003, -29.987788100000003], [30.6625535, -29.9878183], [30.6616308, -29.987874100000003], [30.6609629, -29.987912400000003], [30.660768400000002, -29.987939100000002], [30.6604318, -29.988021600000003], [30.660119400000003, -29.9880181], [30.659690200000004, -29.987977500000003], [30.658585100000003, -29.9880448], [30.658424200000002, -29.9880193], [30.658300800000003, -29.987975100000003], [30.658190800000003, -29.987898500000004], [30.6581292, -29.987807900000004], [30.658025900000002, -29.9874106], [30.657919900000003, -29.986903], [30.6578851, -29.9866126], [30.657929300000003, -29.9863861], [30.657980300000002, -29.9860992], [30.657979, -29.9858796], [30.6578878, -29.985777400000003], [30.6576987, -29.9857042], [30.6573178, -29.9855997], [30.6570791, -29.9854847], [30.6569517, -29.985340700000002], [30.656833600000002, -29.9850874], [30.6545135, -29.9800204], [30.654465300000002, -29.979920500000002], [30.654352600000003, -29.9797997], [30.6541648, -29.9797207], [30.653794700000002, -29.9796905], [30.6504741, -29.9795255], [30.649618500000003, -29.9794744], [30.649403900000003, -29.979393100000003], [30.6492752, -29.9792723], [30.647089200000003, -29.976289], [30.646328800000003, -29.975298100000003], [30.6459197, -29.9747428], [30.645882200000003, -29.974591800000002], [30.645901000000002, -29.9744756], [30.645954600000003, -29.9743664], [30.646072600000004, -29.974129400000002], [30.646075300000003, -29.974065500000002], [30.646045800000003, -29.973998100000003], [30.6459425, -29.9738773], [30.6451862, -29.973153500000002], [30.644232600000002, -29.972266], [30.643731100000004, -29.9717896], [30.643373, -29.9714609], [30.643212000000002, -29.9713761], [30.643031, -29.9713424], [30.6420466, -29.971261000000002], [30.640914700000003, -29.971177400000002], [30.640783300000002, -29.971139100000002], [30.640591500000003, -29.9710113], [30.6394677, -29.9700516], [30.639261200000004, -29.969896000000002], [30.6385316, -29.9692605], [30.637760500000002, -29.968585500000003], [30.6375512, -29.9683543], [30.637572700000003, -29.9680545], [30.6376156, -29.967850000000002], [30.6375807, -29.967687400000003], [30.637414500000002, -29.9674736], [30.6352204, -29.965140700000003], [30.6338417, -29.9636442], [30.633380400000004, -29.9634815], [30.630312000000004, -29.9626218], [30.629738000000003, -29.9623522], [30.626573, -29.960493200000002], [30.6255215, -29.959229], [30.624183900000002, -29.957725200000002], [30.6237071, -29.9571891], [30.62226, -29.955562], [30.6207445, -29.9539027], [30.620331500000002, -29.953449600000003], [30.620141, -29.9533729], [30.619693100000003, -29.9533798], [30.6184888, -29.9534589], [30.6182367, -29.953428600000002], [30.617432, -29.9529499], [30.614865100000003, -29.950723500000002], [30.6116062, -29.9479021], [30.6093505, -29.9459081], [30.607035800000002, -29.9439163], [30.6049168, -29.942031300000004], [30.604638500000004, -29.941766800000003], [30.6036749, -29.9408506], [30.602905200000002, -29.9396002], [30.602368700000003, -29.938396200000003], [30.601995900000002, -29.9372991], [30.6002122, -29.9319577], [30.5995041, -29.9297587], [30.59937, -29.929080000000003], [30.599091100000003, -29.926620600000003], [30.598970400000002, -29.9255861], [30.5988094, -29.925228200000003], [30.597878700000003, -29.923761300000002], [30.5972323, -29.9227199], [30.596942600000002, -29.922313000000003], [30.5959609, -29.9214273], [30.594925600000003, -29.9204928], [30.5934986, -29.9193955], [30.5934074, -29.9192816], [30.593356500000002, -29.919181700000003], [30.593337700000003, -29.9189283], [30.593082900000002, -29.918633000000003], [30.5917418, -29.9176055], [30.590014500000002, -29.916573300000003], [30.5882335, -29.9153643], [30.580817200000002, -29.9096474], [30.5778721, -29.9073898], [30.5749646, -29.905142700000003], [30.572073200000002, -29.902923400000002], [30.57188, -29.902716400000003], [30.571636, -29.9023095], [30.570117800000002, -29.9011028], [30.563685900000003, -29.8959733], [30.558514600000002, -29.8919505], [30.5567376, -29.890557500000003], [30.5563554, -29.890306400000004], [30.5559477, -29.890189000000003], [30.5556996, -29.890023900000003], [30.552476900000002, -29.8874159], [30.550194400000002, -29.885581000000002], [30.5473807, -29.8833136], [30.545787500000003, -29.8820066], [30.544655600000002, -29.8810624], [30.5443713, -29.8806973], [30.54391, -29.880067], [30.5407611, -29.875894700000003], [30.538921100000003, -29.873454900000002], [30.537397600000002, -29.8713966], [30.537323800000003, -29.8711814], [30.5373768, -29.8710303], [30.5374619, -29.8709209], [30.5390216, -29.869987100000003], [30.5391249, -29.8698906], [30.539178500000002, -29.8697975], [30.539153100000004, -29.8696859], [30.5389781, -29.869369600000002], [30.5385455, -29.8688009], [30.538162000000003, -29.868103100000003], [30.538073500000003, -29.8679403], [30.538027900000003, -29.866995900000003], [30.537979600000003, -29.866870300000002], [30.537872300000004, -29.866735400000003], [30.5367324, -29.865564300000003], [30.536629100000003, -29.8654143], [30.536579500000002, -29.865243300000003], [30.536313900000003, -29.862283400000003], [30.536145, -29.860669100000003], [30.536002800000002, -29.859268800000002], [30.535997400000003, -29.8584709], [30.536013500000003, -29.8570287], [30.535836500000002, -29.8562052], [30.5352813, -29.855007200000003], [30.5350506, -29.854553600000003], [30.5345249, -29.854621], [30.5344337, -29.854002200000004], [30.534318400000004, -29.853176400000002], [30.5342352, -29.852890300000002], [30.533470800000003, -29.851345600000002], [30.533234800000002, -29.850987300000003], [30.531963400000002, -29.8493473], [30.5319098, -29.8491588], [30.531735400000002, -29.847611800000003], [30.531604, -29.846385700000003], [30.531644200000002, -29.845583100000002], [30.5317086, -29.8448852], [30.5315611, -29.844229100000003], [30.5313224, -29.8432287], [30.531089, -29.842663400000003], [30.5309227, -29.8424167], [30.5289137, -29.840274], [30.528286100000003, -29.839548100000002], [30.527317800000002, -29.838519700000003], [30.526392500000004, -29.837854300000004], [30.525394700000003, -29.837142300000004], [30.525244500000003, -29.837088800000004], [30.525150600000003, -29.8370783], [30.524348600000003, -29.8371074], [30.523487600000003, -29.8371202], [30.523455400000003, -29.8371074], [30.523451400000003, -29.837071400000003], [30.523387000000003, -29.8360534], [30.5233388, -29.835915000000004], [30.523239500000003, -29.8358057], [30.5230719, -29.8356847], [30.522994100000002, -29.8355451], [30.5229928, -29.8353892], [30.5230451, -29.8351542], [30.523214000000003, -29.834722600000003], [30.523281100000002, -29.8345306], [30.523278400000002, -29.834366600000003], [30.5231819, -29.833003100000003], [30.5229378, -29.8295943], [30.522342300000002, -29.8211988], [30.5222458, -29.8199933], [30.522114300000002, -29.8194698], [30.522007000000002, -29.8180665], [30.5219802, -29.817956000000002], [30.5219896, -29.8176151], [30.5218944, -29.8166307], [30.5217978, -29.814871300000004], [30.5216181, -29.8123068], [30.5208349, -29.809909700000002], [30.520494300000003, -29.809288300000002], [30.519939100000002, -29.808600600000002], [30.519326200000002, -29.807847700000003], [30.519310100000002, -29.807802300000002], [30.519316800000002, -29.8077778], [30.519953800000003, -29.807396200000003], [30.520023600000002, -29.807281000000003], [30.520155000000003, -29.806983100000004], [30.520179100000004, -29.8068376], [30.520163, -29.806677], [30.520090600000003, -29.8063779], [30.520059800000002, -29.8062104], [30.520082600000002, -29.806059100000002], [30.520242200000002, -29.805847300000003], [30.520286400000003, -29.805707700000003], [30.520278400000002, -29.805437700000002], [30.520330700000002, -29.8051561], [30.520458100000003, -29.8042908], [30.520438000000002, -29.8042367], [30.520108, -29.804112200000002], [30.520263600000003, -29.8027064], [30.520298500000003, -29.80195], [30.520271700000002, -29.8013483], [30.520682700000002, -29.801005600000003], [30.520827500000003, -29.8008817], [30.520853000000002, -29.8008439], [30.5208671, -29.8005384], [30.5209368, -29.797914100000003], [30.520899300000004, -29.797725500000002], [30.5206686, -29.7971669], [30.520644500000003, -29.7970156], [30.5206686, -29.796924800000003], [30.520806800000003, -29.796722300000003], [30.520820200000003, -29.796681600000003], [30.520801400000003, -29.796642000000002], [30.520468800000003, -29.7964628], [30.520035600000003, -29.7962428], [30.519894800000003, -29.796161400000003], [30.519626600000002, -29.795957700000002], [30.517796, -29.794399400000003], [30.517534500000004, -29.794127000000003], [30.517035600000003, -29.7935498], [30.516931000000003, -29.793377500000002], [30.516751300000003, -29.792520900000003], [30.516572900000003, -29.7917132], [30.516304700000003, -29.7892155], [30.5160391, -29.786578100000003], [30.514873700000003, -29.774977800000002], [30.514361400000002, -29.769890800000002], [30.5139014, -29.7652575], [30.5133811, -29.760284000000002], [30.5133167, -29.759913800000003], [30.5133408, -29.759776400000003], [30.5132899, -29.7592968], [30.5132416, -29.758931200000003], [30.513196, -29.758838100000002], [30.5130324, -29.7587146], [30.510886600000003, -29.758002100000002], [30.5097145, -29.7576156], [30.509585700000002, -29.757538800000003], [30.5094704, -29.7573921], [30.5092585, -29.757278000000003], [30.5086738, -29.757063700000003], [30.5062491, -29.7561882], [30.505911100000002, -29.756060100000003], [30.505769, -29.755897100000002], [30.505363900000003, -29.7551753], [30.5051735, -29.754844600000002], [30.5049536, -29.7547026], [30.503607100000004, -29.754036600000003], [30.503202100000003, -29.753838700000003], [30.502837300000003, -29.7535662], [30.5017242, -29.7525416], [30.501515, -29.752306400000002], [30.501418400000002, -29.752094500000002], [30.5005789, -29.750313100000003], [30.499485900000003, -29.747940200000002], [30.499215000000003, -29.7473871], [30.4988421, -29.747047100000003], [30.4965663, -29.745060600000002], [30.4952453, -29.7438985], [30.493779500000002, -29.7426177], [30.493053900000003, -29.7419772], [30.492315, -29.7413345], [30.4919556, -29.740899000000002], [30.491142900000003, -29.739901000000003], [30.4909913, -29.7397159], [30.490534, -29.739129000000002], [30.490315400000004, -29.738841400000002], [30.489855400000003, -29.7382999], [30.489769600000002, -29.738164800000003], [30.489721300000003, -29.738006400000003], [30.489717300000002, -29.737338], [30.489728000000003, -29.7367686], [30.489783000000003, -29.736656800000002], [30.4902349, -29.736009300000003], [30.4904562, -29.7356227], [30.4907767, -29.734960100000002], [30.491179100000004, -29.7341589], [30.4918188, -29.7328663], [30.4923901, -29.731727300000003], [30.492508100000002, -29.7313523], [30.492498700000002, -29.7311404], [30.492374, -29.730519700000002], [30.4908344, -29.724046800000004], [30.490432100000003, -29.722339400000003], [30.490236300000003, -29.7214822], [30.489914400000004, -29.7202826], [30.489327000000003, -29.717804100000002], [30.4892372, -29.717476800000004], [30.487996600000002, -29.715863600000002], [30.4868473, -29.7143425], [30.4867132, -29.714200400000003], [30.4865348, -29.714129300000003], [30.485335900000003, -29.7139534], [30.483977300000003, -29.7137403], [30.483832500000002, -29.713697200000002], [30.4837266, -29.7136238], [30.483601800000002, -29.713432800000003], [30.483210200000002, -29.7126407], [30.4829152, -29.712063], [30.4826054, -29.7114294], [30.4818034, -29.7097765], [30.481629100000003, -29.709372300000002], [30.481613000000003, -29.709232500000002], [30.4816599, -29.709116100000003], [30.4817189, -29.7090427], [30.4819791, -29.7089192], [30.4832344, -29.708345], [30.483786900000002, -29.7079105], [30.484044400000002, -29.707684500000003], [30.484241500000003, -29.7072663], [30.484841000000003, -29.705913900000002], [30.4848947, -29.7057229], [30.484896000000003, -29.705641300000003], [30.4847606, -29.7050018], [30.4846144, -29.704335500000003], [30.484533900000002, -29.703746100000004], [30.484456100000003, -29.7032184], [30.4844508, -29.70258], [30.484351500000002, -29.702140900000003], [30.484226800000002, -29.7010086], [30.484195900000003, -29.7004902], [30.484279100000002, -29.700161700000002], [30.484472200000003, -29.6994441], [30.484491000000002, -29.698926900000004], [30.484499000000003, -29.6981417], [30.4844642, -29.698088100000003], [30.484035000000002, -29.697771200000002], [30.482337200000003, -29.696543400000003], [30.4819348, -29.6962265], [30.4818463, -29.6959912], [30.4814815, -29.6948891], [30.481374300000002, -29.694302], [30.481283100000002, -29.6942379], [30.480426100000003, -29.6937707], [30.480352300000003, -29.6937171], [30.480406000000002, -29.693409600000003], [30.480506600000002, -29.6929401], [30.480699700000002, -29.6925312], [30.480455600000003, -29.692064000000002], [30.480239700000002, -29.6916143], [30.4800332, -29.690682300000002], [30.479838700000002, -29.689904000000002], [30.4797569, -29.689692], [30.4795155, -29.689299400000003], [30.479056800000002, -29.688687700000003], [30.4784332, -29.687853500000003], [30.477926300000004, -29.687192900000003], [30.477899500000003, -29.6871358], [30.478004100000003, -29.687053100000004], [30.4785526, -29.6867595], [30.4785687, -29.686722200000002], [30.4785392, -29.686673300000002]], [[30.881763600000003, -30.0282331], [30.882067900000003, -30.028164200000003], [30.8821246, -30.028180300000002], [30.882196, -30.028215300000003], [30.8823243, -30.028290900000002], [30.8824544, -30.0283385], [30.8825456, -30.0283455], [30.8833382, -30.028342000000002], [30.883698900000002, -30.028393100000002], [30.884116000000002, -30.0284906], [30.884610900000002, -30.0286636], [30.885045400000003, -30.0288761], [30.885449100000002, -30.0291524], [30.8860096, -30.0296169], [30.8863476, -30.029926900000003], [30.886646700000004, -30.030048800000003], [30.887095900000002, -30.0304366], [30.887451300000002, -30.030819700000002], [30.888029300000003, -30.0314142], [30.888622100000003, -30.0318496], [30.889257800000003, -30.032244400000003], [30.8896829, -30.032500900000002], [30.8899793, -30.032668100000002], [30.890702200000003, -30.033136000000002], [30.891151400000002, -30.033424], [30.891390100000002, -30.0334785], [30.891653, -30.033527300000003], [30.891944000000002, -30.033670100000002], [30.892189400000003, -30.033817600000003], [30.892707100000003, -30.034183300000002], [30.893078600000003, -30.0344085], [30.893442, -30.034568800000002], [30.893754500000004, -30.034677900000002], [30.8940522, -30.034823000000003], [30.8942708, -30.034893800000003], [30.894304400000003, -30.0348915], [30.894516300000003, -30.034727800000002], [30.894991, -30.034407400000003], [30.8955221, -30.034028900000003], [30.8956522, -30.033927900000002], [30.895664900000003, -30.033906400000003], [30.895659600000002, -30.0338861], [30.8955288, -30.0336742], [30.895528100000003, -30.033656200000003], [30.895536200000002, -30.033642200000003], [30.8960143, -30.033326400000004], [30.896658000000002, -30.0329526], [30.897325900000002, -30.0323953], [30.8984598, -30.0314258], [30.8992624, -30.0307414], [30.8998673, -30.0302264], [30.8999531, -30.0301875], [30.9001026, -30.0301422], [30.900128100000003, -30.0301417], [30.9001382, -30.030146900000002], [30.900407100000002, -30.030356500000003], [30.9004346, -30.030364000000002], [30.900452, -30.030357600000002], [30.900636400000003, -30.030185200000002], [30.9011929, -30.0296528], [30.901545000000002, -30.0292929], [30.901724700000003, -30.029046800000003], [30.902115000000002, -30.0286404], [30.902801600000004, -30.0279315], [30.9033984, -30.0273086], [30.9044284, -30.0262363], [30.9047455, -30.0259007], [30.905359100000002, -30.0250212], [30.905474400000003, -30.0248586], [30.905518700000002, -30.024816200000004], [30.905660800000003, -30.0247053], [30.906438700000002, -30.023686400000003], [30.907244000000002, -30.0226368], [30.907713400000002, -30.022077600000003], [30.907863600000002, -30.021866300000003], [30.9080641, -30.021396600000003], [30.908472500000002, -30.0209513], [30.908707800000002, -30.020683700000003], [30.9087554, -30.0204938], [30.909047100000002, -30.019815100000002], [30.909279100000003, -30.019049300000002], [30.9093851, -30.0182724], [30.9094079, -30.017830000000004], [30.909334100000002, -30.016859200000003], [30.909285200000003, -30.016316900000003], [30.9097237, -30.0162827], [30.9097499, -30.0162647], [30.9097532, -30.016239100000004], [30.909745200000003, -30.0161985], [30.9097137, -30.016143900000003], [30.909595600000003, -30.015957500000003], [30.909571500000002, -30.015806], [30.909543300000003, -30.014946600000002], [30.909607, -30.0145884], [30.909662700000002, -30.014314300000002], [30.9098049, -30.013881800000004], [30.909949, -30.013489800000002], [30.910146800000003, -30.013196], [30.910533700000002, -30.012665900000002], [30.9107041, -30.0124545], [30.9107738, -30.012412200000004], [30.911108400000003, -30.012283800000002], [30.9113444, -30.012188000000002], [30.9114423, -30.012102100000003], [30.911619400000003, -30.0117827], [30.911791, -30.011466300000002], [30.911837300000002, -30.0114088], [30.9119446, -30.0113252], [30.9134071, -30.0105587], [30.913643800000003, -30.0104629], [30.914231800000003, -30.010348500000003], [30.914247900000003, -30.0102876], [30.914103800000003, -30.009724900000002], [30.9141353, -30.009691200000002], [30.914663, -30.0095972], [30.914812500000004, -30.009609400000002], [30.915013700000003, -30.009574500000003], [30.9154549, -30.009333], [30.915554800000002, -30.009323700000003], [30.9155817, -30.0093254], [30.915747300000003, -30.0093916], [30.915780100000003, -30.0093968], [30.9160551, -30.009291200000003], [30.9166224, -30.0090119], [30.9172265, -30.008575800000003], [30.917686500000002, -30.008247100000002], [30.9180895, -30.008012], [30.918499200000003, -30.007725100000002], [30.9187648, -30.007304100000002], [30.919134900000003, -30.006715300000003], [30.9194266, -30.006219400000003], [30.9196378, -30.0058611], [30.919724300000002, -30.005761300000003], [30.9198537, -30.005685800000002], [30.920056300000002, -30.005625400000003], [30.9206524, -30.005458100000002], [30.921094300000004, -30.0053316], [30.921207600000002, -30.0053321], [30.9215583, -30.0055075], [30.9219626, -30.005703200000003], [30.922035100000002, -30.0057125], [30.922079300000004, -30.0057073], [30.922283200000003, -30.0056091], [30.922538600000003, -30.005451800000003], [30.9225883, -30.005404700000003], [30.9229014, -30.0048618], [30.923579300000004, -30.003721900000002], [30.9240628, -30.0028764], [30.924067500000003, -30.002854900000003], [30.9241983, -30.002071500000003], [30.924289400000003, -30.001484400000002], [30.924363900000003, -30.000817800000004], [30.9244008, -30.0002481], [30.924465100000003, -29.999515300000002], [30.9244832, -29.999136600000003], [30.924507400000003, -29.998414800000003], [30.9245255, -29.9980431], [30.9245583, -29.997584300000003], [30.9245738, -29.996796300000003], [30.9245711, -29.996474600000003], [30.9245416, -29.996291600000003], [30.9245583, -29.9960692], [30.9245865, -29.995985], [30.924608600000003, -29.9957196], [30.924625400000004, -29.995433300000002], [30.924638100000003, -29.9954101], [30.924660300000003, -29.9954025], [30.9248152, -29.9954083], [30.9257157, -29.995445500000002], [30.9257385, -29.995439700000002], [30.9257533, -29.995407200000002], [30.9258196, -29.994202100000003], [30.925859900000003, -29.993462800000003], [30.925925600000003, -29.992402900000002], [30.925981900000004, -29.9919581], [30.925937700000002, -29.991506200000003], [30.9259531, -29.9911107], [30.926026900000004, -29.990938300000003], [30.92622, -29.990685000000003], [30.926280300000002, -29.990498000000002], [30.926348700000002, -29.990153600000003], [30.926462700000002, -29.9900723], [30.9264614, -29.9899115], [30.926413800000002, -29.9894718], [30.926375500000002, -29.9891535], [30.9263675, -29.988988000000003], [30.926505600000002, -29.988749900000002], [30.926629700000003, -29.988542600000002], [30.926932800000003, -29.9879049], [30.927200300000003, -29.9873978], [30.927359900000003, -29.987108000000003], [30.9274692, -29.9869251], [30.9277368, -29.9863658], [30.928102900000003, -29.9855619], [30.9282061, -29.9853209], [30.9283825, -29.9849457], [30.9298524, -29.981736100000003], [30.930500100000003, -29.9803892], [30.930509500000003, -29.980361900000002], [30.9302393, -29.9802591], [30.9302305, -29.9802463], [30.930304300000003, -29.980095900000002], [30.9306443, -29.9794622], [30.9310949, -29.978552], [30.931166, -29.9783632], [30.931196800000002, -29.978295900000003], [30.9312189, -29.978281300000003], [30.931246400000003, -29.978289500000002], [30.931424800000002, -29.9783702], [30.9314818, -29.978385300000003], [30.931517300000003, -29.978367900000002], [30.931605800000003, -29.978165800000003], [30.931764800000003, -29.9778504], [30.9318358, -29.9776877], [30.931849300000003, -29.9776819], [30.9322315, -29.977828300000002], [30.9323823, -29.977844], [30.932576800000003, -29.977794000000003], [30.932697500000003, -29.977717300000002], [30.932902700000003, -29.977423400000003], [30.9330536, -29.9771359], [30.933221900000003, -29.9769402], [30.9337778, -29.976396500000003], [30.9341271, -29.976073500000002], [30.9347293, -29.975603000000003], [30.9350102, -29.975396800000002], [30.9353106, -29.9752778], [30.935570100000003, -29.9751447], [30.935835700000002, -29.9750146], [30.9361341, -29.974791000000003], [30.936416400000002, -29.974507000000003], [30.9365351, -29.974390200000002], [30.936572, -29.974387900000004], [30.936629600000003, -29.9744326], [30.936653800000002, -29.974436100000002], [30.936677900000003, -29.974426800000003], [30.9369508, -29.9741195], [30.937339100000003, -29.973649], [30.937803100000004, -29.9731373], [30.9384073, -29.9724478], [30.938955800000002, -29.9718082], [30.939492200000004, -29.9711733], [30.939771200000003, -29.970849800000003], [30.9398416, -29.9706924], [30.9399562, -29.970539600000002], [30.9402928, -29.970128300000002], [30.940365900000003, -29.969940100000002], [30.940402100000004, -29.969791400000002], [30.940522800000004, -29.9693697], [30.940560400000003, -29.969301100000003], [30.940901, -29.9688759], [30.9418344, -29.967616500000002], [30.9425519, -29.966631300000003], [30.9429717, -29.966084100000003], [30.9431581, -29.965778500000003], [30.943895700000002, -29.964662], [30.9440835, -29.964416800000002], [30.9441881, -29.964111300000003], [30.944198800000002, -29.963543100000003], [30.944231000000002, -29.962519500000003], [30.944068700000003, -29.9613739], [30.9440674, -29.9611334], [30.9439293, -29.9604746], [30.9438193, -29.959955200000003], [30.9438287, -29.959853000000003], [30.9438877, -29.9597298], [30.944430800000003, -29.959175600000002], [30.944622600000002, -29.9589943], [30.9445824, -29.958945500000002], [30.9442042, -29.958469200000003], [30.944196100000003, -29.9584331], [30.944251100000002, -29.958189100000002], [30.944290000000002, -29.958105500000002], [30.944312800000002, -29.9580753], [30.944880100000002, -29.9578464], [30.944913600000003, -29.9578138], [30.945342800000002, -29.957301400000002], [30.9455734, -29.957021400000002], [30.945625800000002, -29.9569772], [30.9458148, -29.9568215], [30.9460522, -29.956726300000003], [30.9462775, -29.9566252], [30.946595400000003, -29.956355600000002], [30.946752900000003, -29.9561929], [30.946817300000003, -29.956125], [30.9468515, -29.956127900000002], [30.9470607, -29.956294000000003], [30.947107700000004, -29.9563115], [30.9471519, -29.9562789], [30.9472659, -29.9561366], [30.947400000000002, -29.956001200000003], [30.947840600000003, -29.9556666], [30.948170500000003, -29.955376700000002], [30.948270400000002, -29.955323200000002], [30.948373000000004, -29.9552756], [30.948664, -29.955205300000003], [30.9487586, -29.955186100000002], [30.949236000000003, -29.955258200000003], [30.9495015, -29.955307], [30.949555900000004, -29.9552407], [30.949717500000002, -29.9545418], [30.949760400000002, -29.954344300000002], [30.9497919, -29.954274], [30.949968900000002, -29.9540863], [30.9500239, -29.954023600000003], [30.9500983, -29.9538836], [30.9501285, -29.953715600000002], [30.950190900000003, -29.9535559], [30.9503008, -29.9534176], [30.950406800000003, -29.953297900000003], [30.950559700000003, -29.953186900000002], [30.950758800000003, -29.952990000000003], [30.951352900000003, -29.9523817], [30.951794200000002, -29.9519279], [30.951827, -29.9518588], [30.951914900000002, -29.9516479], [30.952458000000004, -29.9511256], [30.953557000000004, -29.950076900000003], [30.955254200000002, -29.948454700000003], [30.955743700000003, -29.947958500000002], [30.956014600000003, -29.9476593], [30.9563479, -29.947231100000003], [30.9567261, -29.946884200000003], [30.956942700000003, -29.9466454], [30.957161900000003, -29.9463711], [30.957320900000003, -29.946172400000002], [30.957687600000003, -29.945691900000003], [30.958224100000002, -29.945013300000003], [30.958853100000002, -29.944221900000002], [30.959376100000004, -29.9435432], [30.959873, -29.9429012], [30.960447600000002, -29.942175400000004], [30.9608889, -29.941668800000002], [30.9613522, -29.9410929], [30.961601700000003, -29.9407646], [30.9619302, -29.9403073], [30.9619497, -29.940296900000003], [30.9619812, -29.9403015], [30.962287000000003, -29.9404718], [30.962309800000003, -29.940468900000003], [30.962688600000003, -29.939904100000003], [30.9630648, -29.9393759], [30.963316900000002, -29.939031900000003], [30.9642832, -29.9381248], [30.964349600000002, -29.938088200000003], [30.964402600000003, -29.9381039], [30.9649128, -29.9385386], [30.965136100000002, -29.938658800000002], [30.9651837, -29.938667000000002], [30.9652247, -29.938632100000003], [30.9654339, -29.9383282], [30.965915300000002, -29.937656500000003], [30.9663612, -29.936994000000002], [30.966400800000002, -29.936888900000003], [30.966402100000003, -29.9368255], [30.966395400000003, -29.9367541], [30.9664068, -29.9367297], [30.966567800000004, -29.936516400000002], [30.966897000000003, -29.935893500000002], [30.9670573, -29.9355681], [30.967121600000002, -29.9355349], [30.9672786, -29.9355431], [30.967988000000002, -29.935590100000002], [30.968969700000002, -29.935650000000003], [30.9692614, -29.935713300000003], [30.9696034, -29.935833600000002], [30.970085500000003, -29.936049800000003], [30.970542100000003, -29.9362706], [30.9709988, -29.936429800000003], [30.971031000000004, -29.936431600000002], [30.9710417, -29.936422800000003], [30.971187200000003, -29.9361201], [30.9717525, -29.934953800000002], [30.9720596, -29.9343082], [30.9721796, -29.934069400000002], [30.972351300000003, -29.933555700000003], [30.9732203, -29.9317485]]]}}, {"type": "Feature", "properties": {"name": "Vopak Terminal Durban", "position_basis": "Island View suburb node, OpenStreetMap 262707234; not surveyed"}, "geometry": {"type": "Point", "coordinates": [31.0375, -29.8902778]}}, {"type": "Feature", "properties": {"name": "Vopak Lesedi", "position_basis": "placed at the inland end of the mapped pipeline (Transnet's Jameson Park terminal); not a surveyed site position"}, "geometry": {"type": "Point", "coordinates": [28.3215, -26.4492]}}]}
