{"type": "FeatureCollection", "features": [{"type": "Feature", "properties": {"origin": "Durban", "destination": "Gauteng reference point", "origin_snap_m": 1648.0329963839026, "destination_snap_m": 44.99572960870549, "length_m": 568227.8849150592, "connected": true, "status": "major-road connectivity only; no truck/turn-restriction/border-cost profile"}, "geometry": {"type": "LineString", "coordinates": [[31.040472700000002, -29.868264200000002], [31.040336300000003, -29.8681567], [31.040208200000002, -29.8680428], [31.040090000000003, -29.867916500000003], [31.040026, -29.867834100000003], [31.0399628, -29.8677528], [31.0398713, -29.867593300000003], [31.039323000000003, -29.866523500000003], [31.0392507, -29.866382100000003], [31.0387723, -29.8654681], [31.038592700000002, -29.865116800000003], [31.0385153, -29.8649689], [31.038301500000003, -29.8645642], [31.0381834, -29.8643377], [31.037837300000003, -29.8636783], [31.037648500000003, -29.863317600000002], [31.037487100000003, -29.862985000000002], [31.037186000000002, -29.862399200000002], [31.036876300000003, -29.861793400000003], [31.036532400000002, -29.8611386], [31.036375300000003, -29.860940300000003], [31.036211400000003, -29.8607656], [31.036198000000002, -29.8607534], [31.036106, -29.8606699], [31.035949100000003, -29.8606987], [31.035767800000002, -29.8607301], [31.0351074, -29.860841], [31.0350305, -29.8608532], [31.034731800000003, -29.860904700000003], [31.034564300000003, -29.8609329], [31.0341509, -29.861003800000002], [31.034002200000003, -29.8610334], [31.033859900000003, -29.861048200000003], [31.033755600000003, -29.8610438], [31.0335208, -29.860982800000002], [31.033484400000003, -29.8609724], [31.033397800000003, -29.8609456], [31.0332885, -29.860919600000003], [31.033196500000003, -29.860895300000003], [31.0331009, -29.8608921], [31.032985600000004, -29.8608781], [31.032840900000004, -29.860861300000003], [31.032665400000003, -29.8608581], [31.032532500000002, -29.8608657], [31.032431400000004, -29.860880100000003], [31.0322697, -29.860913900000003], [31.0319484, -29.860973700000002], [31.0311166, -29.8611237], [31.030480200000003, -29.8612146], [31.0297373, -29.861314900000004], [31.029654100000002, -29.861324300000003], [31.0287407, -29.861447700000003], [31.028540200000002, -29.86147], [31.028392200000003, -29.861486600000003], [31.028188200000002, -29.861503000000003], [31.028017000000002, -29.8615111], [31.027870600000004, -29.861509700000003], [31.027759900000003, -29.861507500000002], [31.0276597, -29.8614998], [31.0275262, -29.861480800000002], [31.0267532, -29.861368100000004], [31.0266069, -29.861356800000003], [31.0264522, -29.8613481], [31.0261652, -29.861337300000002], [31.025697200000003, -29.861340300000002], [31.0255167, -29.8613518], [31.0253973, -29.8613646], [31.025318000000002, -29.8613709], [31.025205200000002, -29.861377], [31.0249981, -29.8614044], [31.024901600000003, -29.861424600000003], [31.024827600000002, -29.861444000000002], [31.024192000000003, -29.861604900000003], [31.0240897, -29.861628000000003], [31.023903, -29.861659300000003], [31.023815000000003, -29.861673500000002], [31.0236887, -29.861687200000002], [31.023351, -29.861703700000003], [31.0232545, -29.861685], [31.023168100000003, -29.8616692], [31.0228755, -29.8616363], [31.0227523, -29.861618000000004], [31.0226916, -29.861596400000003], [31.022624200000003, -29.8615624], [31.022561300000003, -29.861508200000003], [31.0224876, -29.861423900000002], [31.0224349, -29.861348600000003], [31.0223979, -29.861275600000003], [31.0223705, -29.861187800000003], [31.0223356, -29.861036600000002], [31.0223188, -29.860948200000003], [31.022226500000002, -29.860553600000003], [31.0220935, -29.859937900000002], [31.022062100000003, -29.859793000000003], [31.0219339, -29.859814800000002], [31.0217159, -29.8598512], [31.021522800000003, -29.859884700000002], [31.021076, -29.859958700000004], [31.020924200000003, -29.8599816], [31.0208197, -29.859998700000002], [31.020603500000004, -29.860034000000002], [31.0203746, -29.860071700000002], [31.0203045, -29.860083500000002], [31.020179000000002, -29.8601038], [31.019884400000002, -29.860149900000003], [31.019751600000003, -29.8601737], [31.019383200000004, -29.8602327], [31.0192036, -29.860262400000003], [31.019030500000003, -29.860291], [31.018787200000002, -29.8603312], [31.018436800000003, -29.860389100000003], [31.018308100000002, -29.8604102], [31.017966700000002, -29.8604729], [31.017165700000003, -29.860596700000002], [31.016737000000003, -29.860663000000002], [31.015919200000003, -29.860789500000003], [31.015762400000003, -29.8608142], [31.015702800000003, -29.860823200000002], [31.015586600000002, -29.860840800000002], [31.014956, -29.8609374], [31.0149061, -29.860945], [31.014296400000003, -29.8610384], [31.014025900000004, -29.8610782], [31.013869900000003, -29.8611012], [31.013567700000003, -29.8611527], [31.013500800000003, -29.8611627], [31.0133921, -29.861184100000003], [31.013131700000002, -29.861228], [31.013061800000003, -29.8612399], [31.012399100000003, -29.861352600000004], [31.012238500000002, -29.8613791], [31.011494600000002, -29.861500200000002], [31.011465, -29.861506000000002], [31.0113808, -29.861519800000003], [31.0111153, -29.861551700000003], [31.010735, -29.861572900000002], [31.010565800000002, -29.861604200000002], [31.010480100000002, -29.861617900000002], [31.010347900000003, -29.8616266], [31.010201600000002, -29.861620700000003], [31.010012200000002, -29.8615932], [31.009921100000003, -29.8615719], [31.009784300000003, -29.8615168], [31.009724900000002, -29.861486300000003], [31.009633, -29.8614342], [31.009528600000003, -29.861352600000004], [31.0094226, -29.861243400000003], [31.0093269, -29.861090700000002], [31.0091968, -29.860907500000003], [31.009007, -29.8606319], [31.0087724, -29.8603261], [31.0086322, -29.860209100000002], [31.008486700000002, -29.8600634], [31.008474300000003, -29.8600515], [31.008133, -29.8597235], [31.007957700000002, -29.8595609], [31.0078773, -29.8594849], [31.007803300000003, -29.8594161], [31.0071669, -29.858835300000003], [31.006980600000002, -29.858665700000003], [31.006683600000002, -29.8583959], [31.006515900000004, -29.8582424], [31.0062269, -29.857973700000002], [31.0060472, -29.857807400000002], [31.0055128, -29.8573148], [31.0051674, -29.8569938], [31.0051044, -29.8569321], [31.005002500000003, -29.856839700000002], [31.004904600000003, -29.856749500000003], [31.004718200000003, -29.856583200000003], [31.004614900000004, -29.856489600000003], [31.004193100000002, -29.856097000000002], [31.004105300000003, -29.8560185], [31.0038458, -29.855770800000002], [31.003606400000002, -29.855550400000002], [31.003447500000004, -29.8554038], [31.003356300000004, -29.855335800000002], [31.003284500000003, -29.855293900000003], [31.0032074, -29.8552567], [31.002575600000004, -29.855018400000002], [31.002468500000003, -29.8549787], [31.0022847, -29.854913000000003], [31.0021419, -29.854860000000002], [31.001187400000003, -29.854512000000003], [31.001123200000002, -29.854488800000002], [31.0009504, -29.8544227], [31.000666000000002, -29.8543096], [31.0006154, -29.8542862], [31.000370600000004, -29.854180200000002], [31.000215400000002, -29.854098800000003], [31.0000481, -29.854024700000004], [30.9999374, -29.853962900000003], [30.999713000000003, -29.853837700000003], [30.999433800000002, -29.853692600000002], [30.9991708, -29.853542700000002], [30.999026500000003, -29.8534605], [30.9989047, -29.853391100000003], [30.9986907, -29.853284300000002], [30.9982912, -29.853085], [30.9978562, -29.852879700000003], [30.997563200000002, -29.852741400000003], [30.997264100000002, -29.852609800000003], [30.997022100000002, -29.852503300000002], [30.9968158, -29.852426800000003], [30.996242700000003, -29.852240100000003], [30.9960908, -29.8521906], [30.9960236, -29.852168700000004], [30.9957233, -29.8520709], [30.995304400000002, -29.851935500000003], [30.9946707, -29.8517194], [30.9942086, -29.8515407], [30.993768300000003, -29.8513705], [30.993600100000002, -29.8513157], [30.993454600000003, -29.851273000000003], [30.993350600000003, -29.8512011], [30.993248400000002, -29.851171100000002], [30.992422500000004, -29.8509554], [30.9919541, -29.850835300000004], [30.990884, -29.850575600000003], [30.9907888, -29.850555200000002], [30.9906842, -29.8505232], [30.9906393, -29.8504994], [30.990554500000002, -29.8504326], [30.9880278, -29.8499221], [30.987516600000003, -29.8498176], [30.9871295, -29.8496977], [30.9868169, -29.8495363], [30.986519100000002, -29.8493488], [30.9862217, -29.8490791], [30.985962800000003, -29.8487693], [30.985746100000004, -29.848395800000002], [30.985604700000003, -29.8479381], [30.985517400000003, -29.847608400000002], [30.9853354, -29.8469091], [30.9852105, -29.846439200000003], [30.984708700000002, -29.844511200000003], [30.9844611, -29.843904000000002], [30.9843398, -29.843724400000003], [30.984120700000002, -29.8434126], [30.983882700000002, -29.8431342], [30.9835989, -29.8428775], [30.9833189, -29.842653300000002], [30.9828596, -29.8423632], [30.9823197, -29.842118900000003], [30.981760700000002, -29.8418868], [30.981271200000002, -29.8416743], [30.979260800000002, -29.840864900000003], [30.9789005, -29.840781900000003], [30.9783937, -29.840673900000002], [30.977971800000002, -29.8406142], [30.9773734, -29.840579400000003], [30.977082000000003, -29.8405731], [30.976971400000004, -29.840570900000003], [30.9768037, -29.840564800000003], [30.976725300000002, -29.840557200000003], [30.976380600000002, -29.840472300000002], [30.9759776, -29.8403065], [30.975764700000003, -29.840225800000002], [30.9755439, -29.8401667], [30.9751595, -29.8400958], [30.974148200000002, -29.8400354], [30.973606500000002, -29.840022700000002], [30.9726718, -29.840015700000002], [30.9717646, -29.8400435], [30.971243500000003, -29.840075000000002], [30.9705866, -29.840071700000003], [30.970433500000002, -29.8400564], [30.970291000000003, -29.840034000000003], [30.969991900000004, -29.8399658], [30.9693924, -29.8399001], [30.968841, -29.839808700000003], [30.968049, -29.839630900000003], [30.967344800000003, -29.8394653], [30.966749500000002, -29.8393352], [30.9662186, -29.8392479], [30.965658, -29.839184300000003], [30.9650487, -29.839145600000002], [30.964540300000003, -29.839142000000002], [30.964107000000002, -29.839156000000003], [30.963871, -29.8391641], [30.963390200000003, -29.8392142], [30.9629581, -29.839284000000003], [30.962576000000002, -29.8393608], [30.962189000000002, -29.839458200000003], [30.961593800000003, -29.8396447], [30.960939500000002, -29.839878400000003], [30.960139100000003, -29.840178700000003], [30.9593546, -29.8404367], [30.9588417, -29.8405723], [30.9584675, -29.8406559], [30.958141, -29.8407103], [30.9577151, -29.840768200000003], [30.957393900000003, -29.840798600000003], [30.9568982, -29.8408303], [30.956521300000002, -29.8408367], [30.956013400000003, -29.840829900000003], [30.955360400000004, -29.840781600000003], [30.953792600000003, -29.840649000000003], [30.9512356, -29.840431600000002], [30.950649900000002, -29.840385700000002], [30.950086300000002, -29.840367], [30.949769800000002, -29.8403798], [30.949496200000002, -29.840408900000003], [30.948981000000003, -29.8405051], [30.9488519, -29.840535600000003], [30.9483737, -29.840657900000004], [30.947875500000002, -29.8408213], [30.9474255, -29.8410167], [30.9472069, -29.8411267], [30.946993000000003, -29.841249400000002], [30.9465748, -29.841502400000003], [30.9448097, -29.8426808], [30.9441674, -29.843104], [30.943752000000003, -29.8433777], [30.9430422, -29.843839000000003], [30.942333700000002, -29.844274300000002], [30.941630300000003, -29.8446317], [30.940805700000002, -29.8449606], [30.939681900000004, -29.8453094], [30.938911800000003, -29.845536900000003], [30.9379473, -29.845821100000002], [30.937445500000003, -29.845967100000003], [30.936895300000003, -29.846132200000003], [30.9365756, -29.8462363], [30.936349900000003, -29.846309], [30.9360438, -29.8464214], [30.935706300000003, -29.8465677], [30.934772900000002, -29.8470784], [30.9338683, -29.847594100000002], [30.9334789, -29.847784800000003], [30.9330949, -29.847948600000002], [30.932674600000002, -29.848084600000004], [30.9325049, -29.848131100000003], [30.932273100000003, -29.848185500000003], [30.931941100000003, -29.8482446], [30.9317306, -29.848273600000002], [30.931565600000003, -29.848293400000003], [30.930993, -29.848315500000002], [30.9308039, -29.8483097], [30.930554400000002, -29.848299200000003], [30.9303184, -29.848279400000003], [30.9300636, -29.8482446], [30.929759100000002, -29.848187600000003], [30.929492300000003, -29.848124700000003], [30.929248200000004, -29.8480561], [30.928993400000003, -29.84797], [30.928680900000003, -29.847845600000003], [30.928448900000003, -29.8477502], [30.928050600000002, -29.847564100000003], [30.9276659, -29.8473867], [30.9272239, -29.847177100000003], [30.9267408, -29.8469745], [30.926398400000004, -29.846842000000002], [30.925759600000003, -29.846594800000002], [30.9253886, -29.846459000000003], [30.9247683, -29.8462245], [30.9240603, -29.845925400000002], [30.9234769, -29.8456197], [30.9229936, -29.845351700000002], [30.9224786, -29.8450081], [30.9219718, -29.844660800000003], [30.9201216, -29.8432889], [30.9192174, -29.8426985], [30.918769500000003, -29.8424258], [30.918230200000004, -29.8421528], [30.9177013, -29.8419002], [30.917074200000002, -29.841657400000003], [30.915897800000003, -29.841247900000003], [30.915022, -29.8409523], [30.914660200000004, -29.840815600000003], [30.9142806, -29.840665700000002], [30.9138394, -29.840468], [30.913463200000002, -29.8402734], [30.9131381, -29.8400952], [30.9128216, -29.8399143], [30.9125726, -29.8397672], [30.9123394, -29.839617800000003], [30.911129400000004, -29.838735500000002], [30.9098751, -29.8378444], [30.909418400000003, -29.8375358], [30.909250900000004, -29.8374339], [30.909055300000002, -29.837328900000003], [30.9088405, -29.8372308], [30.908208600000002, -29.8369937], [30.907696, -29.836841500000002], [30.9071497, -29.836723300000003], [30.9066419, -29.8366511], [30.906100700000003, -29.836614200000003], [30.9057089, -29.836617800000003], [30.905317500000002, -29.836642100000002], [30.904622800000002, -29.836681700000003], [30.9032425, -29.8367681], [30.902912200000003, -29.836781400000003], [30.902704600000003, -29.836782900000003], [30.902356700000002, -29.8367864], [30.902244000000003, -29.8367846], [30.9018471, -29.836759500000003], [30.901669100000003, -29.836751000000003], [30.9013814, -29.836722400000003], [30.9010627, -29.8366733], [30.900817500000002, -29.8366311], [30.900426000000003, -29.8365365], [30.9000798, -29.836430600000003], [30.8997153, -29.8363094], [30.899334300000003, -29.836169700000003], [30.899037800000002, -29.8360486], [30.8987672, -29.835930500000003], [30.898185700000003, -29.8356843], [30.897556100000003, -29.835407000000004], [30.896937200000004, -29.835153100000003], [30.894504, -29.8341005], [30.894269400000002, -29.8339955], [30.894094600000003, -29.833920600000003], [30.893507200000002, -29.833701100000003], [30.8932457, -29.833629700000003], [30.8930474, -29.833582500000002], [30.8929623, -29.8335623], [30.8926276, -29.8334954], [30.892330200000004, -29.833451800000002], [30.8921312, -29.833431500000003], [30.8919119, -29.8334158], [30.8916703, -29.8334131], [30.8914052, -29.833423200000002], [30.891112500000002, -29.833444500000002], [30.8908315, -29.8334805], [30.890535600000003, -29.833530300000003], [30.88907, -29.833855900000003], [30.8885457, -29.8339524], [30.888075, -29.8340108], [30.8875783, -29.8340351], [30.8871128, -29.8340357], [30.886138700000004, -29.8339725], [30.8852182, -29.833913000000003], [30.884594900000003, -29.833906900000002], [30.883975900000003, -29.8339375], [30.8834391, -29.833997900000004], [30.882946, -29.8340798], [30.882363100000003, -29.8342077], [30.8818571, -29.8343519], [30.8813132, -29.8345376], [30.880910600000004, -29.834696400000002], [30.880396400000002, -29.8349216], [30.878552000000003, -29.8357837], [30.8781399, -29.835975700000002], [30.877195, -29.8363914], [30.8762013, -29.836809400000003], [30.875081400000003, -29.837239800000003], [30.873842900000003, -29.837660600000003], [30.8728695, -29.837984600000002], [30.871863500000003, -29.838324900000003], [30.8715647, -29.8384214], [30.8713532, -29.8384779], [30.8706551, -29.8386108], [30.870324900000004, -29.838645800000002], [30.8699468, -29.8386549], [30.869575700000002, -29.838641900000002], [30.8693303, -29.8386256], [30.8690849, -29.838586000000003], [30.8687134, -29.838515100000002], [30.8681783, -29.838345200000003], [30.8678886, -29.838235100000002], [30.867673200000002, -29.838137200000002], [30.867348500000002, -29.8379662], [30.8667808, -29.837645900000002], [30.8663662, -29.8374102], [30.865895100000003, -29.837169600000003], [30.865470700000003, -29.8369943], [30.8650942, -29.836863], [30.8647877, -29.836784], [30.8644582, -29.8367301], [30.8641161, -29.836695600000002], [30.863667600000003, -29.836684100000003], [30.863292700000002, -29.836701400000003], [30.8629122, -29.836738], [30.862272800000003, -29.836818], [30.8616889, -29.836886500000002], [30.858679300000002, -29.8372473], [30.858192400000004, -29.837299400000003], [30.8577492, -29.837318800000002], [30.857331100000003, -29.837308600000004], [30.856965300000002, -29.8372761], [30.856618100000002, -29.837218500000002], [30.856157800000002, -29.8371332], [30.856016800000003, -29.8370938], [30.855533400000002, -29.836911100000002], [30.855236100000003, -29.836755500000002], [30.8548623, -29.8365271], [30.854344400000002, -29.8361549], [30.853368800000002, -29.835340700000003], [30.852391, -29.834475], [30.851951300000003, -29.8341683], [30.851637200000003, -29.833977100000002], [30.8512349, -29.8337475], [30.850800600000003, -29.8335483], [30.8503763, -29.83339], [30.8495528, -29.8331559], [30.8484389, -29.8328744], [30.847873200000002, -29.8326868], [30.847647300000002, -29.8326017], [30.847425, -29.832512700000002], [30.846831100000003, -29.8322335], [30.846163400000002, -29.831862700000002], [30.8448616, -29.8310482], [30.844573500000003, -29.8308916], [30.844280700000002, -29.8307484], [30.843824400000003, -29.830567000000002], [30.8435208, -29.8304657], [30.8432865, -29.830399600000003], [30.8429079, -29.830309800000002], [30.8425349, -29.8302432], [30.842076400000003, -29.8301854], [30.841585100000003, -29.830145100000003], [30.840328900000003, -29.830070900000003], [30.8397557, -29.8300027], [30.8392009, -29.829896700000003], [30.8387303, -29.8297762], [30.838198400000003, -29.829605800000003], [30.8374644, -29.829301400000002], [30.836143800000002, -29.8288052], [30.835151800000002, -29.828406200000003], [30.8342768, -29.828074700000002], [30.833440200000002, -29.827788100000003], [30.8325278, -29.827575500000002], [30.831626600000003, -29.827438100000002], [30.830704800000003, -29.8273817], [30.8285082, -29.827425100000003], [30.8270255, -29.8274855], [30.824690800000003, -29.827543600000002], [30.824271000000003, -29.827542800000003], [30.823470200000003, -29.8274894], [30.818636, -29.826860300000003], [30.816609300000003, -29.8266056], [30.8159898, -29.826516400000003], [30.815586900000003, -29.826436800000003], [30.815215400000003, -29.826349500000003], [30.814814100000003, -29.826221500000003], [30.814459000000003, -29.826090100000002], [30.814113900000002, -29.8259374], [30.813620500000003, -29.8256966], [30.813342400000003, -29.8255437], [30.8130166, -29.825342000000003], [30.8100652, -29.8234515], [30.8095114, -29.823134800000002], [30.8090404, -29.8229083], [30.8085261, -29.822716600000003], [30.808017500000002, -29.8225675], [30.8075745, -29.8224623], [30.807169000000002, -29.822393100000003], [30.806634700000004, -29.8223394], [30.806167600000002, -29.822347800000003], [30.805670900000003, -29.822396100000002], [30.805198500000003, -29.822486400000003], [30.8040711, -29.8227733], [30.802802600000003, -29.823117900000003], [30.8010097, -29.823675100000003], [30.794074100000003, -29.826004800000003], [30.793532300000003, -29.826129400000003], [30.792838300000003, -29.8262354], [30.7922827, -29.8262834], [30.791694000000003, -29.8262773], [30.791118800000003, -29.826235500000003], [30.790506800000003, -29.826132700000002], [30.789828300000003, -29.825962200000003], [30.7866725, -29.8249554], [30.782388, -29.823540100000002], [30.781651300000004, -29.823259200000003], [30.780806400000003, -29.8228855], [30.779976100000003, -29.822454500000003], [30.778738200000003, -29.821720000000003], [30.777393900000003, -29.8207507], [30.776308600000004, -29.8198192], [30.775343600000003, -29.818809700000003], [30.774673300000003, -29.8179817], [30.7724511, -29.814850000000003], [30.7720695, -29.814425300000003], [30.771884300000004, -29.8142372], [30.77166, -29.8140345], [30.7713065, -29.8137486], [30.770964600000003, -29.81352], [30.770709500000002, -29.8133598], [30.7704641, -29.813222500000002], [30.770205800000003, -29.813099800000003], [30.7700323, -29.813018900000003], [30.7697748, -29.8129142], [30.769558800000002, -29.812830400000003], [30.7692732, -29.8127396], [30.7684296, -29.812494100000002], [30.767342000000003, -29.812197400000002], [30.766308000000002, -29.811916900000003], [30.7652834, -29.811637700000002], [30.763047800000002, -29.811022100000002], [30.762666900000003, -29.810919700000003], [30.7617483, -29.8106684], [30.761307000000002, -29.810548500000003], [30.760521100000002, -29.8103321], [30.7598318, -29.8101424], [30.7586617, -29.8098224], [30.758604700000003, -29.809807300000003], [30.757668600000002, -29.8095478], [30.757114700000002, -29.809380200000003], [30.7566467, -29.809213800000002], [30.756349, -29.8090951], [30.7561129, -29.8089997], [30.7557562, -29.808843800000002], [30.7552586, -29.808598200000002], [30.754932800000002, -29.808422500000002], [30.754185800000002, -29.8080001], [30.7539759, -29.807907600000004], [30.753745900000002, -29.8077912], [30.7535172, -29.807669], [30.752601900000002, -29.807213500000003], [30.7509611, -29.8064041], [30.749722600000002, -29.805800700000002], [30.7494443, -29.8056634], [30.7493015, -29.805598800000002], [30.7490513, -29.8054813], [30.748822, -29.805389400000003], [30.7485813, -29.8053068], [30.7483453, -29.805235200000002], [30.7482809, -29.805218300000003], [30.748040800000002, -29.805158400000003], [30.7478863, -29.805129], [30.7475607, -29.805079300000003], [30.747203900000002, -29.8050372], [30.747116100000003, -29.8050281], [30.746867400000003, -29.8049949], [30.7467332, -29.8049815], [30.746551500000002, -29.804968100000004], [30.746375800000003, -29.804957100000003], [30.746150500000002, -29.804929100000003], [30.7459896, -29.8048977], [30.7457616, -29.804850000000002], [30.745524900000003, -29.804795300000002], [30.7452882, -29.8047307], [30.744902000000003, -29.804597500000003], [30.7442737, -29.8043514], [30.7434878, -29.804036600000003], [30.743096800000004, -29.803888800000003], [30.742514800000002, -29.803658400000003], [30.742290200000003, -29.803569300000003], [30.7418745, -29.803401700000002], [30.741810100000002, -29.8033773], [30.741295700000002, -29.8031824], [30.7408572, -29.8029933], [30.740576200000003, -29.802847200000002], [30.740291900000003, -29.802684900000003], [30.740211700000003, -29.802620800000003], [30.7401605, -29.802535400000004], [30.739760800000003, -29.8022537], [30.739500900000003, -29.8020433], [30.7392472, -29.801822], [30.7389881, -29.801549], [30.738756400000003, -29.8012477], [30.7385613, -29.8009677], [30.738423800000003, -29.800750500000003], [30.7382266, -29.800377], [30.738048600000003, -29.799927200000003], [30.737054, -29.796963], [30.736833, -29.796429500000002], [30.7366075, -29.796008], [30.736391100000002, -29.7956617], [30.736223700000004, -29.795412400000004], [30.736025400000003, -29.795169100000003], [30.7355838, -29.794698800000003], [30.7350552, -29.794203500000002], [30.734892300000002, -29.794068300000003], [30.7347511, -29.7939511], [30.729121000000003, -29.789269500000003], [30.729045000000003, -29.7892094], [30.728968100000003, -29.7891502], [30.728890300000003, -29.789092], [30.7288116, -29.7890346], [30.728732, -29.788978200000003], [30.728651600000003, -29.7889227], [30.7285703, -29.788868100000002], [30.728488100000003, -29.7888145], [30.7284052, -29.7887619], [30.728321400000002, -29.7887102], [30.7282368, -29.788659600000003], [30.7281428, -29.788605200000003], [30.728047500000002, -29.7885525], [30.727950900000003, -29.7885017], [30.7278531, -29.788452600000003], [30.727754100000002, -29.788405400000002], [30.727654, -29.78836], [30.7275527, -29.7883165], [30.727450400000002, -29.7882749], [30.727342, -29.7882333], [30.727232800000003, -29.7881934], [30.727122700000002, -29.788155200000002], [30.7270119, -29.788118700000002], [30.7269003, -29.7880839], [30.726788000000003, -29.7880509], [30.7266751, -29.788019700000003], [30.726561500000003, -29.787990200000003], [30.7264473, -29.787962500000003], [30.726332600000003, -29.787936600000002], [30.726217400000003, -29.787912400000003], [30.7261017, -29.787890100000002], [30.7259855, -29.7878696], [30.725868900000002, -29.787850900000002], [30.725752000000004, -29.787834], [30.7256347, -29.7878189], [30.725517200000002, -29.787805700000003], [30.725399300000003, -29.7877943], [30.725281300000002, -29.7877848], [30.725163100000003, -29.787777000000002], [30.725044800000003, -29.7877712], [30.724926300000003, -29.787767100000003], [30.7248078, -29.787765], [30.7246892, -29.787764600000003], [30.721153500000003, -29.787705300000002], [30.7210314, -29.787700200000003], [30.720909600000002, -29.7876918], [30.7207882, -29.7876803], [30.7206672, -29.787665500000003], [30.720546700000003, -29.787647500000002], [30.720427, -29.787626300000003], [30.7203081, -29.787601900000002], [30.720190100000003, -29.7875744], [30.7200731, -29.7875438], [30.719957200000003, -29.787510100000002], [30.719842600000003, -29.787473400000003], [30.7197293, -29.787433600000004], [30.719617500000002, -29.7873908], [30.719507200000002, -29.787345100000003], [30.7193986, -29.787296500000004], [30.7192918, -29.787245100000003], [30.719186800000003, -29.7871908], [30.719070900000002, -29.787126400000002], [30.718957600000003, -29.7870585], [30.7188471, -29.786987300000003], [30.7187395, -29.7869129], [30.7186349, -29.786835300000003], [30.718533400000002, -29.786754600000002], [30.718435200000002, -29.7866709], [30.718340400000002, -29.786584400000002], [30.718249, -29.786495100000003], [30.718161300000002, -29.786403000000004], [30.7173534, -29.785638600000002], [30.7170975, -29.785396700000003], [30.7167904, -29.785162800000002], [30.7164323, -29.7849393], [30.716098400000003, -29.7847647], [30.715670600000003, -29.7846064], [30.715228000000003, -29.7844772], [30.714778700000004, -29.784393400000003], [30.714096100000003, -29.7843306], [30.713176100000002, -29.784298000000003], [30.712615500000002, -29.7842689], [30.712364800000003, -29.784235100000004], [30.7120804, -29.784168800000003], [30.7117599, -29.7840524], [30.711474300000003, -29.7839278], [30.711220800000003, -29.783794], [30.710952400000004, -29.783621200000002], [30.710719200000003, -29.7834262], [30.710559600000003, -29.783267900000002], [30.7103612, -29.7830258], [30.710204200000003, -29.782783700000003], [30.710066100000002, -29.7825194], [30.709954800000002, -29.782191200000003], [30.709864900000003, -29.781852500000003], [30.709698600000003, -29.780929500000003], [30.7096477, -29.780730400000003], [30.7095726, -29.780519700000003], [30.7094519, -29.780241500000002], [30.7092534, -29.779909800000002], [30.708901500000003, -29.779455100000003], [30.708643300000002, -29.779204600000003], [30.708302900000003, -29.778941800000002], [30.707957, -29.778727800000002], [30.707589300000002, -29.7785413], [30.7071143, -29.778379100000002], [30.706737500000003, -29.778293], [30.706370000000003, -29.7782464], [30.705798700000003, -29.778215000000003], [30.7043128, -29.778195200000003], [30.7018813, -29.77813], [30.700906500000002, -29.778047400000002], [30.699863, -29.7779682], [30.699649700000002, -29.777953500000002], [30.6992729, -29.7779275], [30.698764, -29.7778744], [30.6984084, -29.777803600000002], [30.6980377, -29.7776865], [30.6977186, -29.777562000000003], [30.697376600000002, -29.777371100000003], [30.696970200000003, -29.7770766], [30.6966712, -29.776779800000003], [30.696428400000002, -29.776425900000003], [30.6953062, -29.774570100000002], [30.6951436, -29.7743143], [30.694876800000003, -29.7740058], [30.6946595, -29.7738021], [30.694351400000002, -29.773527700000002], [30.6928477, -29.7722166], [30.692614300000002, -29.772035000000002], [30.692354100000003, -29.7718558], [30.692033600000002, -29.771701], [30.6917627, -29.7715962], [30.6914328, -29.7715019], [30.6910881, -29.7714402], [30.690629500000004, -29.771406400000004], [30.690182900000003, -29.771430900000002], [30.689871800000002, -29.771476300000003], [30.689484200000003, -29.7715822], [30.6881163, -29.772002500000003], [30.6874967, -29.7721282], [30.6870729, -29.772150300000003], [30.686827400000002, -29.772144500000003], [30.6863634, -29.7721014], [30.686000000000003, -29.772030400000002], [30.685695600000003, -29.7719431], [30.685353600000003, -29.771802200000003], [30.685092100000002, -29.7716765], [30.684901600000003, -29.771554300000002], [30.684712500000003, -29.771415700000002], [30.6839058, -29.770631400000003], [30.682793600000004, -29.769474900000002], [30.6823513, -29.769009500000003], [30.682024000000002, -29.7685792], [30.681800900000002, -29.768198700000003], [30.681573500000002, -29.767608900000003], [30.6811113, -29.7663888], [30.680695900000003, -29.765412700000002], [30.680531000000002, -29.7650782], [30.6802807, -29.764729000000003], [30.680159500000002, -29.7646009], [30.679930100000004, -29.764365700000003], [30.679613600000003, -29.764093300000003], [30.6793441, -29.7639187], [30.6789659, -29.763701], [30.6786454, -29.763560100000003], [30.6782672, -29.763430900000003], [30.677382700000003, -29.7632173], [30.67554, -29.762763200000002], [30.674780300000002, -29.762584500000003], [30.6741768, -29.7624308], [30.6737691, -29.762305100000003], [30.673401700000003, -29.7621514], [30.673114700000003, -29.762031500000003], [30.672792800000003, -29.761869700000002], [30.672312700000003, -29.761594900000002], [30.671254400000002, -29.760914000000003], [30.670185000000004, -29.760254600000003], [30.6681725, -29.7589986], [30.667018000000002, -29.7582792], [30.666448000000003, -29.757918300000004], [30.666179800000002, -29.757742500000003], [30.665971900000002, -29.75759], [30.665811, -29.7574456], [30.6655228, -29.757160600000002], [30.6653626, -29.7569404], [30.6652188, -29.756685200000003], [30.6651136, -29.756494800000002], [30.664975100000003, -29.75619], [30.6648481, -29.755740000000003], [30.6648038, -29.755499], [30.6647944, -29.755316200000003], [30.6647931, -29.7550752], [30.6648174, -29.754305100000003], [30.6648299, -29.753970400000004], [30.6648427, -29.753626800000003], [30.664883000000003, -29.7527931], [30.6649084, -29.7521656], [30.664895, -29.751798800000003], [30.6648481, -29.751425100000002], [30.664762300000003, -29.7510443], [30.6646107, -29.750566900000003], [30.664286200000003, -29.749632000000002], [30.664078300000003, -29.748985800000003], [30.663914700000003, -29.7484152], [30.663625000000003, -29.747250800000003], [30.663236100000002, -29.745251600000003], [30.663169000000003, -29.7449815], [30.663095600000002, -29.744724], [30.662985300000003, -29.7444388], [30.662875300000003, -29.7442129], [30.662706300000004, -29.743916000000002], [30.662519900000003, -29.743647000000003], [30.662401900000003, -29.7434875], [30.662269100000003, -29.7433233], [30.6621458, -29.743183600000002], [30.662037100000003, -29.743073000000003], [30.6619059, -29.7429601], [30.661557000000002, -29.742634400000004], [30.6606652, -29.741862], [30.660358100000003, -29.7416163], [30.660124000000003, -29.7414413], [30.6597733, -29.7411901], [30.659533300000003, -29.741055000000003], [30.659282500000003, -29.740911800000003], [30.659002200000003, -29.7407837], [30.658743400000002, -29.740683500000003], [30.6576169, -29.7402632], [30.6538913, -29.738830900000004], [30.6519319, -29.738084500000003], [30.6510414, -29.7377502], [30.6496789, -29.737240200000002], [30.649354300000002, -29.7371249], [30.648875500000003, -29.736977000000003], [30.648226400000002, -29.736819800000003], [30.647711500000003, -29.7367336], [30.6473601, -29.7366847], [30.6468518, -29.736641600000002], [30.646338200000002, -29.736628800000002], [30.645745400000003, -29.7366533], [30.6453364, -29.7366847], [30.644891100000002, -29.7367348], [30.644665800000002, -29.736769700000004], [30.644305000000003, -29.736840800000003], [30.643867800000002, -29.736944400000002], [30.6434655, -29.7370504], [30.6431718, -29.737154], [30.6429304, -29.7372449], [30.6425522, -29.737405600000002], [30.641828, -29.7377281], [30.6401986, -29.7384419], [30.6387207, -29.7390812], [30.6351614, -29.7406556], [30.633350900000003, -29.7414428], [30.632033900000003, -29.742022700000003], [30.6315874, -29.7421787], [30.6309919, -29.7423347], [30.630428600000002, -29.742434900000003], [30.6299445, -29.742488400000003], [30.6295381, -29.7425175], [30.6290902, -29.742522200000003], [30.628590000000003, -29.742496600000003], [30.6281032, -29.7424302], [30.627714200000003, -29.742365000000003], [30.6274568, -29.7423143], [30.6271309, -29.7422253], [30.626955900000002, -29.742172300000004], [30.6264985, -29.742018], [30.6260754, -29.741872400000002], [30.6259158, -29.741789800000003], [30.6256127, -29.7416477], [30.6253324, -29.741495200000003], [30.625076300000003, -29.741343800000003], [30.6248201, -29.741168000000002], [30.6242367, -29.740749], [30.623744600000002, -29.740401700000003], [30.623379800000002, -29.7401467], [30.623076700000002, -29.739962700000003], [30.622894300000002, -29.739861400000002], [30.622656900000003, -29.7397485], [30.6222345, -29.7395773], [30.6218764, -29.7394585], [30.6214674, -29.739347900000002], [30.6210704, -29.7392757], [30.620285900000002, -29.739173200000003], [30.6188703, -29.7389957], [30.6176922, -29.7388489], [30.616373900000003, -29.738687700000003], [30.614849000000003, -29.7385048], [30.6108417, -29.7380329], [30.610206100000003, -29.7379424], [30.6077978, -29.7376392], [30.607035800000002, -29.7375395], [30.606472500000002, -29.7374417], [30.605919300000004, -29.737322900000002], [30.605634300000002, -29.737239000000002], [30.6052581, -29.7371109], [30.605040900000002, -29.7370312], [30.604731100000002, -29.7368868], [30.604579500000003, -29.736812800000003], [30.604369600000002, -29.736703900000002], [30.604193300000002, -29.736600900000003], [30.6039713, -29.736464100000003], [30.6037876, -29.7363365], [30.6035569, -29.736168900000003], [30.6031915, -29.7358964], [30.6027731, -29.735588300000003], [30.6019067, -29.734952500000002], [30.601354800000003, -29.734549], [30.600734600000003, -29.7340954], [30.600226300000003, -29.7337199], [30.5999933, -29.7335458], [30.5997589, -29.733376900000003], [30.599584600000004, -29.7332511], [30.599414300000003, -29.733131200000003], [30.599267400000002, -29.733038], [30.599120600000003, -29.732953000000002], [30.598948200000002, -29.7328593], [30.598801400000003, -29.732784700000003], [30.598664600000003, -29.7327224], [30.5984969, -29.732649100000003], [30.5983273, -29.732581500000002], [30.5981248, -29.7325093], [30.5979424, -29.7324528], [30.597744600000002, -29.732400400000003], [30.5975803, -29.732362000000002], [30.597370400000003, -29.732318300000003], [30.597164600000003, -29.732284600000003], [30.597001600000002, -29.732262400000003], [30.5967917, -29.732239200000002], [30.5966261, -29.7322269], [30.596417600000002, -29.7322205], [30.5962318, -29.732223400000002], [30.5958536, -29.7322409], [30.5946305, -29.7322805], [30.593654200000003, -29.732318900000003], [30.5927557, -29.7323783], [30.592121300000002, -29.732444700000002], [30.5913274, -29.732540200000003], [30.590579100000003, -29.732657800000002], [30.5898803, -29.732771900000003], [30.589274200000002, -29.732903500000003], [30.588627100000004, -29.733059], [30.587877400000004, -29.733253500000004], [30.5877674, -29.733283800000002], [30.5853447, -29.7339924], [30.584447500000003, -29.7342556], [30.5836952, -29.7344326], [30.5833264, -29.7345094], [30.5826478, -29.734634000000003], [30.5819356, -29.734719000000002], [30.581200700000004, -29.7347773], [30.5804872, -29.734787700000002], [30.580060800000002, -29.7347889], [30.5794251, -29.7347575], [30.578855100000002, -29.734717900000003], [30.578157800000003, -29.734635200000003], [30.577876000000003, -29.7345894], [30.576746000000004, -29.734367000000002], [30.575916900000003, -29.734153300000003], [30.574878100000003, -29.733848000000002], [30.573421800000002, -29.733397300000004], [30.570045200000003, -29.7323494], [30.568467700000003, -29.7318812], [30.566882300000003, -29.7314709], [30.565738500000002, -29.7312361], [30.5645704, -29.7310175], [30.563053800000002, -29.730789700000003], [30.561651100000002, -29.730641100000003], [30.560188800000002, -29.730528000000003], [30.558811000000002, -29.7304828], [30.5574133, -29.7304703], [30.5511546, -29.7304801], [30.5445996, -29.7304974], [30.5425934, -29.730485400000003], [30.5374391, -29.730498700000002], [30.5361611, -29.7304847], [30.5352357, -29.730490600000003], [30.534863700000002, -29.730510400000004], [30.5345142, -29.730529], [30.533633100000003, -29.7306117], [30.532577600000003, -29.730753800000002], [30.5319192, -29.730835300000003], [30.5310421, -29.730944700000002], [30.5299866, -29.7310519], [30.528901700000002, -29.731177700000003], [30.528117100000003, -29.7312906], [30.527203800000002, -29.731411700000002], [30.5265279, -29.7314909], [30.5259043, -29.731564300000002], [30.525528800000004, -29.7316016], [30.524954800000003, -29.7316377], [30.5240924, -29.731672500000002], [30.523604300000002, -29.731687700000002], [30.523002100000003, -29.731664400000003], [30.5224335, -29.731641200000002], [30.5214719, -29.731575900000003], [30.520663300000002, -29.731480400000002], [30.5203561, -29.7314432], [30.520054400000003, -29.731390800000003], [30.5196547, -29.7313058], [30.519212200000002, -29.731211400000003], [30.518423600000002, -29.731060000000003], [30.517641800000003, -29.730873700000004], [30.5171254, -29.730722300000004], [30.516705700000003, -29.730588400000002], [30.516027100000002, -29.7303485], [30.515292100000003, -29.730057300000002], [30.513452100000002, -29.7292363], [30.512237100000004, -29.728707600000003], [30.5102268, -29.727814300000002], [30.507547300000002, -29.7266474], [30.5073344, -29.726551100000002], [30.505029, -29.7255286], [30.5045365, -29.7252906], [30.504076700000002, -29.725047600000003], [30.5037856, -29.724875200000003], [30.503452900000003, -29.7246734], [30.502903000000003, -29.7243123], [30.502526200000002, -29.7240247], [30.502168100000002, -29.723739300000002], [30.501859000000003, -29.723472100000002], [30.5017175, -29.7233352], [30.501311100000002, -29.7229555], [30.5006701, -29.722264900000003], [30.5003348, -29.7219085], [30.499727300000004, -29.7212493], [30.4994, -29.7209092], [30.499105, -29.720600500000003], [30.499012500000003, -29.7205015], [30.4989206, -29.720403100000002], [30.4982937, -29.719656], [30.497986500000003, -29.7193426], [30.497623100000002, -29.7189176], [30.4975534, -29.7188395], [30.497481, -29.718755700000003], [30.4973998, -29.718664800000003], [30.4973317, -29.7185795], [30.4972649, -29.718493400000003], [30.497214800000002, -29.718418500000002], [30.497159800000002, -29.718341600000002], [30.497091400000002, -29.7182409], [30.4970351, -29.718161100000003], [30.496988100000003, -29.7180883], [30.496909700000003, -29.7179608], [30.496850700000003, -29.717871700000003], [30.496801700000002, -29.7177919], [30.496742700000002, -29.717696900000004], [30.4966891, -29.7175979], [30.496636100000003, -29.7175094], [30.4965952, -29.7174267], [30.496544200000002, -29.717327700000002], [30.4965, -29.7172276], [30.4964517, -29.717126800000003], [30.4964088, -29.7170336], [30.496355100000002, -29.716927100000003], [30.4963075, -29.7168321], [30.496272, -29.716734900000002], [30.4962304, -29.7166336], [30.496198200000002, -29.716540400000003], [30.4961613, -29.716462300000003], [30.496123800000003, -29.7163505], [30.4960835, -29.716241600000004], [30.496051400000002, -29.7161356], [30.496019800000003, -29.716043000000003], [30.4959829, -29.715936900000003], [30.4959558, -29.7158358], [30.495930200000004, -29.715734400000002], [30.495906100000003, -29.7156327], [30.495883600000003, -29.715530800000003], [30.495859600000003, -29.715435000000003], [30.495837400000003, -29.715328500000002], [30.4958153, -29.7152335], [30.4957804, -29.715075100000004], [30.495752300000003, -29.714972600000003], [30.4957375, -29.7148445], [30.4957348, -29.714739700000003], [30.495732200000003, -29.7146115], [30.495732200000003, -29.7145207], [30.4957345, -29.714406200000003], [30.4957305, -29.714302500000002], [30.495728000000003, -29.7141987], [30.495727100000003, -29.714094900000003], [30.495727700000003, -29.713991000000004], [30.4957299, -29.713887200000002], [30.495733700000002, -29.7137834], [30.495739, -29.7136797], [30.4957458, -29.713576000000003], [30.4957542, -29.7134725], [30.495764200000004, -29.713369], [30.495775700000003, -29.7132657], [30.495788800000003, -29.7131624], [30.495803400000003, -29.713059400000002], [30.495819500000003, -29.7129565], [30.4958421, -29.7128283], [30.495909200000003, -29.712439200000002], [30.4959923, -29.711999000000002], [30.4960272, -29.711770700000002], [30.4960607, -29.7115855], [30.496098300000003, -29.711367600000003], [30.496164, -29.7109972], [30.496212200000002, -29.7106944], [30.4962343, -29.7105806], [30.4962391, -29.710491700000002], [30.496248500000004, -29.7104207], [30.4962793, -29.7099559], [30.4962833, -29.709763700000003], [30.496282, -29.709688000000003], [30.4962847, -29.7094713], [30.496276, -29.709370000000003], [30.4962659, -29.7091557], [30.4962605, -29.7090776], [30.4962471, -29.7090031], [30.496237700000002, -29.708907600000003], [30.496225600000002, -29.7087934], [30.4962082, -29.708702600000002], [30.4961975, -29.7086082], [30.496182700000002, -29.7084894], [30.4961586, -29.708382200000003], [30.4961318, -29.708293700000002], [30.496113, -29.7082075], [30.496078100000002, -29.7081097], [30.4960473, -29.7080176], [30.496013700000002, -29.707919800000003], [30.4959655, -29.7077893], [30.495925200000002, -29.707685700000003], [30.495889000000002, -29.7075901], [30.4958312, -29.707470400000002], [30.4957898, -29.7073715], [30.4957467, -29.707273200000003], [30.4957017, -29.707175600000003], [30.4956549, -29.7070785], [30.495606300000002, -29.7069821], [30.495556, -29.706886400000002], [30.495504, -29.7067914], [30.4954502, -29.706697100000003], [30.4953946, -29.7066036], [30.4953374, -29.7065109], [30.4952785, -29.706419], [30.495217900000004, -29.7063279], [30.4951556, -29.7062376], [30.495091700000003, -29.706148300000002], [30.4950262, -29.706059800000002], [30.494959, -29.7059722], [30.4948902, -29.705885600000002], [30.494819900000003, -29.705799900000002], [30.494748, -29.7057153], [30.494674600000003, -29.7056316], [30.494377600000004, -29.705286100000002], [30.494089300000002, -29.704982], [30.493826400000003, -29.704687300000003], [30.493410700000002, -29.704209700000003], [30.493075400000002, -29.7038195], [30.492714600000003, -29.703436200000002], [30.4921909, -29.702861600000002], [30.4919113, -29.702578900000002], [30.4914607, -29.702092], [30.490357000000003, -29.700859500000004], [30.489514800000002, -29.699822100000002], [30.488528400000003, -29.698741100000003], [30.487849100000002, -29.697977400000003], [30.4871933, -29.697252300000002], [30.4864229, -29.6964146], [30.485270200000002, -29.6951384], [30.484642500000003, -29.6944732], [30.4841866, -29.6939804], [30.483715800000002, -29.693484100000003], [30.483461700000003, -29.6932249], [30.4832438, -29.692985500000002], [30.483080800000003, -29.692817700000003], [30.4826456, -29.6923378], [30.4818885, -29.6914245], [30.4816016, -29.691079000000002], [30.4809887, -29.690333900000002], [30.480216900000002, -29.6894159], [30.479832700000003, -29.688958600000003], [30.4795906, -29.6886766], [30.479315000000003, -29.688375500000003], [30.478372900000004, -29.687222100000003], [30.478246100000003, -29.687075], [30.477879700000003, -29.686629900000003], [30.4767407, -29.6852927], [30.476054100000002, -29.684461400000004], [30.474772, -29.682960100000003], [30.473550300000003, -29.6815043], [30.472327800000002, -29.680051900000002], [30.470873400000002, -29.678353700000002], [30.4700245, -29.677330100000002], [30.4683776, -29.6753679], [30.467917600000003, -29.6748401], [30.467640000000003, -29.674515500000002], [30.467198500000002, -29.6740017], [30.466779000000002, -29.6734878], [30.466188900000002, -29.6728056], [30.4659951, -29.6725813], [30.465622000000003, -29.6721414], [30.4650302, -29.671407600000002], [30.4646098, -29.670923100000003], [30.463740100000003, -29.669882500000003], [30.462798900000003, -29.668771500000002], [30.462743500000002, -29.6687061], [30.4625787, -29.668511600000002], [30.461686800000003, -29.667474400000003], [30.4611115, -29.6667823], [30.4598978, -29.6653035], [30.4592071, -29.664480700000002], [30.458660000000002, -29.6638643], [30.4583301, -29.6634704], [30.457911600000003, -29.662948300000004], [30.456960100000003, -29.6618645], [30.456251400000003, -29.661008000000002], [30.4557867, -29.6604789], [30.455628800000003, -29.6603251], [30.455024700000003, -29.659550600000003], [30.454847200000003, -29.6593182], [30.454455600000003, -29.658798400000002], [30.454219600000002, -29.658525700000002], [30.453911100000003, -29.658155100000002], [30.453401500000002, -29.657591000000004], [30.4531923, -29.6573603], [30.452929400000002, -29.6570666], [30.4527524, -29.656845200000003], [30.452580700000002, -29.656633000000003], [30.4524064, -29.6564209], [30.4520577, -29.6560597], [30.4512128, -29.655062], [30.450381300000004, -29.654064400000003], [30.449686600000003, -29.6532486], [30.449163600000002, -29.6526402], [30.448882, -29.6522906], [30.4477313, -29.650931600000003], [30.4472458, -29.6503069], [30.446682600000003, -29.6496612], [30.445670000000003, -29.648457200000003], [30.445062500000002, -29.6477976], [30.444704400000003, -29.6474304], [30.4443772, -29.647165800000003], [30.444058000000002, -29.6469537], [30.4438448, -29.646824300000002], [30.4434465, -29.646627400000003], [30.443138, -29.646500300000003], [30.4429167, -29.646424500000002], [30.4427263, -29.6463709], [30.4423709, -29.646291700000003], [30.442206000000002, -29.6462614], [30.442019600000002, -29.6462392], [30.441782200000002, -29.6462229], [30.441563600000002, -29.6462101], [30.441291300000003, -29.6462043], [30.441003000000002, -29.6462147], [30.4407415, -29.646234600000003], [30.4404049, -29.646269500000002], [30.439405700000002, -29.646410600000003], [30.438206800000003, -29.6465411], [30.437479900000003, -29.6466402], [30.436386900000002, -29.6467777], [30.435477600000002, -29.6469036], [30.434825900000003, -29.6469875], [30.4344074, -29.647033], [30.434026600000003, -29.6470586], [30.4335947, -29.6470586], [30.433331900000002, -29.647048100000003], [30.433015400000002, -29.6470108], [30.432811500000003, -29.646978200000003], [30.432544600000003, -29.6469257], [30.432377000000002, -29.646884900000003], [30.432025600000003, -29.646775400000003], [30.431693000000003, -29.6466472], [30.431447600000002, -29.646537600000002], [30.43117, -29.646394200000003], [30.4308656, -29.646219400000003], [30.4306617, -29.646080700000002], [30.4304981, -29.645944300000004], [30.430305, -29.645778800000002], [30.429596900000004, -29.645219400000002], [30.429344800000003, -29.6450119], [30.4286917, -29.644465200000003], [30.428372500000002, -29.644212300000003], [30.428242400000002, -29.644100400000003], [30.427836000000003, -29.643777600000004], [30.4273197, -29.6433976], [30.426912, -29.6431703], [30.4265392, -29.642983800000003], [30.4260148, -29.642725000000002], [30.425068800000002, -29.642267200000003], [30.421954500000002, -29.640847500000003], [30.4176195, -29.638819100000003], [30.416110800000002, -29.6380987], [30.415343600000003, -29.6377187], [30.4146986, -29.637308400000002], [30.4143137, -29.637012300000002], [30.414025300000002, -29.6367605], [30.4137799, -29.6365169], [30.4134205, -29.6360938], [30.4129833, -29.6354818], [30.4125085, -29.6347917], [30.411698500000004, -29.633403400000002], [30.4111283, -29.6324016], [30.410851, -29.6319066], [30.410625000000003, -29.631503300000002], [30.4105719, -29.631417600000002], [30.410008700000002, -29.6303935], [30.409386500000004, -29.6291532], [30.4090914, -29.6284607], [30.4089251, -29.628049200000003], [30.4087843, -29.6277939], [30.4086636, -29.627499], [30.408107, -29.626147800000002], [30.407892500000003, -29.625688500000003], [30.4077798, -29.625292100000003], [30.4077315, -29.6247675], [30.407621600000002, -29.6237533], [30.407103900000003, -29.618542], [30.406882600000003, -29.616483000000002], [30.406859800000003, -29.6158803], [30.406871900000002, -29.615626100000004], [30.406908100000003, -29.615425600000002], [30.406979200000002, -29.615092100000002], [30.407048900000003, -29.6148251], [30.407197800000002, -29.6144509], [30.408134500000003, -29.6124735], [30.4097365, -29.609070000000003], [30.409845100000002, -29.6088263], [30.4099235, -29.6086181], [30.410009400000003, -29.608389700000004], [30.410070400000002, -29.6081162], [30.410097200000003, -29.6077921], [30.4101107, -29.607570600000003], [30.4100986, -29.607237100000003], [30.410047600000002, -29.6067812], [30.409956400000002, -29.606438400000002], [30.4098116, -29.6060932], [30.409584900000002, -29.605661800000004], [30.4089211, -29.604636900000003], [30.407908600000003, -29.6030884], [30.406947900000002, -29.601670100000003], [30.406523600000003, -29.6010196], [30.4063234, -29.600679300000003], [30.406090000000003, -29.600303800000002], [30.405988100000002, -29.600163900000002], [30.405829800000003, -29.5999726], [30.4056555, -29.599790700000003], [30.4052505, -29.599403600000002], [30.4012351, -29.595816600000003], [30.397889000000003, -29.592744000000003], [30.396324500000002, -29.591342], [30.3932967, -29.588590500000002], [30.3929726, -29.588342100000002], [30.392642900000002, -29.5881225], [30.392082400000003, -29.587854900000004], [30.3916822, -29.5877048], [30.391155400000002, -29.5875811], [30.3906829, -29.5875038], [30.3901457, -29.5874747], [30.389435100000004, -29.5875108], [30.3868295, -29.5878088], [30.3842815, -29.588107400000002], [30.383869100000002, -29.588135500000003], [30.3834939, -29.588136900000002], [30.3830902, -29.588097400000002], [30.3825898, -29.587997400000003], [30.3821437, -29.587872200000003], [30.3808316, -29.587460900000004], [30.3807161, -29.587426100000002], [30.3795819, -29.5870888], [30.379047800000002, -29.586909600000002], [30.3786595, -29.586740700000004], [30.378249, -29.586505600000002], [30.3777994, -29.586137400000002], [30.377469400000003, -29.585795700000002], [30.375403000000002, -29.5833119], [30.373982, -29.5816149], [30.373244800000002, -29.5808025], [30.372844, -29.5804295], [30.372502100000002, -29.580148400000002], [30.3720964, -29.579855700000003], [30.3715754, -29.5795081], [30.371268200000003, -29.579308100000002], [30.370905500000003, -29.579084700000003], [30.370615100000002, -29.5789261], [30.3703378, -29.5787745], [30.369553000000003, -29.578324600000002], [30.366488500000003, -29.576588800000003], [30.3660111, -29.576324000000003], [30.3642831, -29.575383300000002], [30.3638419, -29.5751384], [30.3636373, -29.575039800000003], [30.363363800000002, -29.574934900000002], [30.363091500000003, -29.5748637], [30.362733000000002, -29.574786200000002], [30.362408700000003, -29.5747338], [30.3620182, -29.574700800000002], [30.3615767, -29.574726700000003], [30.361250400000003, -29.5747709], [30.3608763, -29.5748627], [30.360471800000003, -29.574997600000003], [30.359999100000003, -29.5752199], [30.3582517, -29.5761159], [30.357935800000003, -29.5762891], [30.355722500000002, -29.577417500000003], [30.353636700000003, -29.5784547], [30.3532653, -29.578652], [30.353140500000002, -29.5787279], [30.3528871, -29.578900500000003], [30.3527771, -29.578999600000003], [30.352529, -29.5792387], [30.3523466, -29.579477800000003], [30.3522567, -29.579590900000003], [30.3521441, -29.5797834], [30.3520609, -29.579989800000003], [30.3519845, -29.580197400000003], [30.351925500000004, -29.580413200000002], [30.3518571, -29.5806849], [30.351716300000003, -29.581303100000003], [30.3516197, -29.5817264], [30.351504400000003, -29.582303800000002], [30.3514507, -29.582584800000003], [30.3514011, -29.5828671], [30.351324700000003, -29.583135300000002], [30.3512348, -29.583379100000002], [30.3510886, -29.5836496], [30.350883500000002, -29.583924900000003], [30.3507332, -29.5841022], [30.350542800000003, -29.584294600000003], [30.350320200000002, -29.584481200000003], [30.350057300000003, -29.584658500000003], [30.349769000000002, -29.584835700000003], [30.3494324, -29.5849897], [30.3491575, -29.5850806], [30.348879800000002, -29.585144800000002], [30.348681900000003, -29.5851803], [30.3471434, -29.585372800000002], [30.345858300000003, -29.5855238], [30.345580700000003, -29.585549500000003], [30.345335300000002, -29.5855588], [30.345071100000002, -29.585553], [30.3446728, -29.5855168], [30.3444891, -29.585490000000004], [30.3443, -29.585449200000003], [30.343933800000002, -29.585347700000003], [30.343578500000003, -29.5852229], [30.3432487, -29.585081600000002], [30.3429253, -29.584908000000002], [30.3426025, -29.5846878], [30.341901600000003, -29.5841914], [30.341472900000003, -29.5838712], [30.3408903, -29.583476200000003], [30.339906900000003, -29.5828771], [30.339348500000003, -29.5825242], [30.3389898, -29.582246800000004], [30.3385971, -29.581850000000003], [30.3383247, -29.5814781], [30.337962200000003, -29.580810200000002], [30.337781600000003, -29.5805022], [30.337581, -29.580277600000002], [30.337273800000002, -29.580020100000002], [30.336855000000003, -29.5797263], [30.336458800000003, -29.579459900000003], [30.335968, -29.5790791], [30.3354646, -29.5785601], [30.3348435, -29.5778925], [30.3346462, -29.5776834], [30.333824600000003, -29.5767832], [30.333440500000002, -29.5764552], [30.333124100000003, -29.576218400000002], [30.3328126, -29.5760398], [30.3324235, -29.575863100000003], [30.331841100000002, -29.575686100000002], [30.330569200000003, -29.5753802], [30.328570600000003, -29.574909400000003], [30.3266193, -29.574433300000003], [30.325412300000004, -29.574107], [30.3213751, -29.572869200000003], [30.319602200000002, -29.5723023], [30.3189853, -29.572113400000003], [30.3187305, -29.5720294], [30.3185481, -29.571957100000002], [30.3181806, -29.5717821], [30.317858800000003, -29.571586200000002], [30.3175208, -29.5713016], [30.317268700000003, -29.5710379], [30.317070200000003, -29.5707743], [30.316920000000003, -29.570471100000002], [30.316796600000004, -29.5701445], [30.3167322, -29.569883200000003], [30.316681300000003, -29.569617200000003], [30.3166115, -29.569148300000002], [30.316348700000002, -29.567296000000002], [30.316289700000002, -29.566974100000003], [30.316238700000003, -29.566752400000002], [30.316126, -29.5664398], [30.315938300000003, -29.566099200000004], [30.315710300000003, -29.565807600000003], [30.315412600000002, -29.565481000000002], [30.3150988, -29.565222000000002], [30.314908300000003, -29.565086700000002], [30.314291400000002, -29.5646668], [30.3136048, -29.5641302], [30.3132668, -29.5638316], [30.3130898, -29.563630900000003], [30.3129235, -29.563386], [30.3127679, -29.563127], [30.3126338, -29.562809700000003], [30.312105400000004, -29.561456500000002], [30.3117835, -29.560705300000002], [30.311440200000003, -29.5598327], [30.311164, -29.5591374], [30.311016400000003, -29.558789800000003], [30.3107402, -29.5582859], [30.3105766, -29.557954600000002], [30.3104666, -29.557665200000002], [30.3103298, -29.557228900000002], [30.310244, -29.556823], [30.3101689, -29.5561487], [30.3101662, -29.555409100000002], [30.3102386, -29.554422100000004], [30.3102601, -29.553829500000003], [30.3102306, -29.5534865], [30.3101367, -29.5530502], [30.3099838, -29.552674500000002], [30.3097478, -29.5523035], [30.3095439, -29.5520235], [30.309356200000003, -29.5518159], [30.308870700000003, -29.5513562], [30.3083369, -29.550931600000002], [30.3078648, -29.5505302], [30.307553700000003, -29.550196600000003], [30.307285500000003, -29.549816200000002], [30.306977000000003, -29.5492679], [30.3061134, -29.547436200000003], [30.305831700000002, -29.546969500000003], [30.3054348, -29.5465215], [30.305043200000004, -29.5461925], [30.304157800000002, -29.5453557], [30.303553700000002, -29.5447801], [30.302660300000003, -29.543965800000002], [30.3018004, -29.5432874], [30.301309600000003, -29.542972700000004], [30.300877500000002, -29.5426971], [30.300489900000002, -29.5424849], [30.299852, -29.542170400000003], [30.299013600000002, -29.541838300000002], [30.296529800000002, -29.541072900000003], [30.293316500000003, -29.5400998], [30.2920291, -29.5396658], [30.290698700000004, -29.539248], [30.2893444, -29.538874000000003], [30.2886683, -29.538674], [30.2876732, -29.538359000000003], [30.2870589, -29.538137300000002], [30.286383, -29.537941200000002], [30.285656200000002, -29.5378292], [30.2849615, -29.537761600000003], [30.284307000000002, -29.5377429], [30.283684700000002, -29.5377709], [30.28321, -29.537812900000002], [30.2826601, -29.537899200000002], [30.281777700000003, -29.538085900000002], [30.2799337, -29.5384908], [30.2787669, -29.538737], [30.2783538, -29.5388163], [30.277977000000003, -29.5388583], [30.277503600000003, -29.538870000000003], [30.277043600000002, -29.538849000000003], [30.276650600000004, -29.538798800000002], [30.276369000000003, -29.5387498], [30.275744000000003, -29.538609800000003], [30.2751768, -29.538422], [30.2744499, -29.538047400000004], [30.273901400000003, -29.5376845], [30.272247800000002, -29.5364769], [30.271332, -29.535803100000003], [30.270323200000004, -29.5350512], [30.269796900000003, -29.534661800000002], [30.263154300000004, -29.5297318], [30.2626524, -29.5293725], [30.2621962, -29.529056800000003], [30.261655700000002, -29.528747600000003], [30.261085800000004, -29.5284757], [30.260456800000004, -29.528203800000004], [30.259843900000003, -29.527994900000003], [30.259392000000002, -29.527874800000003], [30.258973500000003, -29.5277861], [30.258614100000003, -29.527709100000003], [30.257722100000002, -29.527547600000002], [30.253009900000002, -29.526707000000002], [30.2501007, -29.526104800000002], [30.249312200000002, -29.525880500000003], [30.2473327, -29.525383400000003], [30.2466997, -29.5252036], [30.246113700000002, -29.524983100000004], [30.2456859, -29.5248162], [30.245267400000003, -29.524619], [30.244422600000004, -29.524139400000003], [30.244001400000002, -29.5238663], [30.243744000000003, -29.523684300000003], [30.2434757, -29.5234695], [30.242032700000003, -29.522181200000002], [30.240096100000002, -29.520407400000003], [30.2395436, -29.5199266], [30.239203000000003, -29.519644200000002], [30.238792600000004, -29.519352400000002], [30.238307100000004, -29.5190595], [30.237770700000002, -29.518771200000003], [30.237298600000003, -29.518556500000003], [30.2365999, -29.518278700000003], [30.235687900000002, -29.5180477], [30.234354900000003, -29.5177489], [30.233884200000002, -29.517636900000003], [30.232974900000002, -29.517419800000003], [30.232408900000003, -29.5172938], [30.2317679, -29.517065000000002], [30.231142900000002, -29.5167663], [30.229705300000003, -29.515984300000003], [30.2278358, -29.514941], [30.2260521, -29.5139163], [30.2237213, -29.512176200000003], [30.2227405, -29.511455], [30.2196834, -29.509176600000004], [30.217894200000003, -29.507835600000003], [30.216923200000004, -29.507077000000002], [30.216331800000003, -29.506526100000002], [30.2159455, -29.5060919], [30.215529800000002, -29.505552700000003], [30.2146876, -29.504310800000003], [30.2135128, -29.502581000000003], [30.212205200000003, -29.500646900000003], [30.211462200000003, -29.4995474], [30.209929300000002, -29.4972327], [30.2083495, -29.494841], [30.207802400000002, -29.494030900000002], [30.2066403, -29.492322400000003], [30.205111600000002, -29.4900649], [30.204662600000002, -29.489380500000003], [30.203404900000002, -29.4874575], [30.202837600000002, -29.486661400000003], [30.202424500000003, -29.486045], [30.202248700000002, -29.4858006], [30.2021067, -29.4856236], [30.2017911, -29.485254100000002], [30.201569000000003, -29.4850457], [30.20118, -29.484725800000003], [30.199281000000003, -29.483502400000003], [30.1968777, -29.481932500000003], [30.194241400000003, -29.4802219], [30.190387400000002, -29.477707700000003], [30.189433200000003, -29.477070200000004], [30.188936400000003, -29.476751500000002], [30.187864200000003, -29.476070200000002], [30.1876268, -29.475928600000003], [30.186198400000002, -29.4750009], [30.1847336, -29.474052], [30.182137400000002, -29.4723562], [30.181640400000003, -29.472009800000002], [30.181325500000003, -29.4717555], [30.1810851, -29.4715066], [30.1808893, -29.4712472], [30.180722300000003, -29.470971400000003], [30.180558800000004, -29.4706261], [30.180199100000003, -29.4696889], [30.1799731, -29.469147800000002], [30.179844300000003, -29.468893800000004], [30.1797143, -29.4686936], [30.1795766, -29.4685218], [30.179437300000004, -29.468365400000003], [30.178786600000002, -29.4678171], [30.1779417, -29.4671555], [30.177592500000003, -29.466830400000003], [30.1773987, -29.466617900000003], [30.1772354, -29.466358500000002], [30.177048000000003, -29.465955700000002], [30.1769323, -29.465661400000002], [30.1768451, -29.465353], [30.176811500000003, -29.4651415], [30.1767995, -29.464797700000002], [30.1768289, -29.4644747], [30.176857700000003, -29.464322000000003], [30.176898400000002, -29.4641844], [30.1771242, -29.4633721], [30.177256800000002, -29.462914700000002], [30.177316400000002, -29.4626546], [30.177325900000003, -29.462471], [30.1773233, -29.462244600000002], [30.1770481, -29.459193600000003], [30.177043700000002, -29.458938200000002], [30.1770619, -29.458527600000004], [30.1771296, -29.4581409], [30.177285700000002, -29.457772600000002], [30.177566600000002, -29.4572834], [30.179056300000003, -29.4554262], [30.1792054, -29.4551477], [30.1793075, -29.4549051], [30.1794125, -29.4545865], [30.179460300000002, -29.4543223], [30.179461200000002, -29.454011], [30.179415900000002, -29.453678300000004], [30.179324200000003, -29.453261200000004], [30.178514000000003, -29.4517352], [30.1783222, -29.4513229], [30.1781961, -29.4509948], [30.178125100000003, -29.450651500000003], [30.178060700000003, -29.4502591], [30.1779963, -29.4495362], [30.177926600000003, -29.448723400000002], [30.177818600000002, -29.447743600000003], [30.177766300000002, -29.4471707], [30.177738100000003, -29.4468864], [30.1777033, -29.446617200000002], [30.177642300000002, -29.446331100000002], [30.177558400000002, -29.4460689], [30.1774793, -29.4458832], [30.1773734, -29.4456899], [30.177222500000003, -29.445472100000003], [30.177007900000003, -29.445222200000003], [30.176711500000003, -29.444890500000003], [30.176333300000003, -29.444452000000002], [30.176136200000002, -29.444192700000002], [30.1760175, -29.444015800000003], [30.175908900000003, -29.443828900000003], [30.1758163, -29.443611100000002], [30.175741900000002, -29.4433857], [30.1756916, -29.4431936], [30.175582300000002, -29.442569300000002], [30.175432800000003, -29.441743000000002], [30.175367700000002, -29.4413851], [30.1752967, -29.4411573], [30.1752135, -29.4409582], [30.175112300000002, -29.440761400000003], [30.1750164, -29.440594400000002], [30.1749131, -29.440438500000003], [30.174795800000002, -29.440291300000002], [30.174556000000003, -29.440023900000003], [30.174246600000004, -29.4396875], [30.1737028, -29.439087500000003], [30.173493500000003, -29.4388559], [30.1731066, -29.4384425], [30.172827, -29.438134100000003], [30.172638600000003, -29.437927400000003], [30.172459600000003, -29.437722400000002], [30.1722195, -29.437446800000004], [30.1720861, -29.437277400000003], [30.171976800000003, -29.437116300000003], [30.1718775, -29.436952700000003], [30.171772200000003, -29.4367489], [30.171674300000003, -29.4365358], [30.1715939, -29.436318000000004], [30.1715409, -29.4361533], [30.171498000000003, -29.435971700000003], [30.171461100000002, -29.435801100000003], [30.171439600000003, -29.435669400000002], [30.171426200000003, -29.4355237], [30.171422200000002, -29.435378900000003], [30.171426200000003, -29.4349771], [30.171431600000002, -29.434698], [30.171458400000002, -29.4340194], [30.171484600000003, -29.4334342], [30.171513400000002, -29.4326359], [30.1715349, -29.431951400000003], [30.1715483, -29.4313557], [30.171556300000002, -29.431028100000002], [30.1715644, -29.4307057], [30.1715805, -29.4301865], [30.171592500000003, -29.429947600000002], [30.171598600000003, -29.4295569], [30.171585200000003, -29.4293811], [30.171569100000003, -29.429214700000003], [30.171549600000002, -29.4290786], [30.171511400000004, -29.4288789], [30.1714564, -29.4286856], [30.1713759, -29.428476500000002], [30.1713069, -29.4283129], [30.171219, -29.428143600000002], [30.171125200000002, -29.4279906], [30.1709877, -29.4278002], [30.170858900000002, -29.427617400000003], [30.170578700000004, -29.427240100000002], [30.170476700000002, -29.427090600000003], [30.170376200000003, -29.426950400000003], [30.1702581, -29.426788000000002], [30.1696385, -29.426000700000003], [30.1691195, -29.425294], [30.1689559, -29.425061600000003], [30.168854000000003, -29.424920800000002], [30.168760100000004, -29.424786500000003], [30.1687125, -29.424722300000003], [30.168468400000002, -29.4243601], [30.168088200000003, -29.4238141], [30.167891100000002, -29.423529000000002], [30.167723400000003, -29.423284900000002], [30.1674888, -29.4229683], [30.167327200000003, -29.422742900000003], [30.1671246, -29.422458400000004], [30.166962400000003, -29.4222283], [30.1663381, -29.421350500000003], [30.1661624, -29.4211087], [30.165495900000003, -29.4201753], [30.1652759, -29.4198634], [30.1650935, -29.4196099], [30.164849500000003, -29.419295700000003], [30.164742200000003, -29.419159], [30.164507500000003, -29.4188693], [30.1642942, -29.418645], [30.164113200000003, -29.418467500000002], [30.163918700000004, -29.418301600000003], [30.163735000000003, -29.418175400000003], [30.163556600000003, -29.4180539], [30.163346100000002, -29.417937100000003], [30.1631396, -29.4178308], [30.162906200000002, -29.4177268], [30.162675500000002, -29.4176357], [30.1624328, -29.417537600000003], [30.1621498, -29.4174523], [30.1618186, -29.417382200000002], [30.1613317, -29.4172958], [30.1569718, -29.416513100000003], [30.155477800000003, -29.416271300000002], [30.154978900000003, -29.416170800000003], [30.154541700000003, -29.4160481], [30.154195700000002, -29.415911400000002], [30.1539369, -29.415782900000004], [30.153592200000002, -29.415585500000002], [30.153033, -29.4152351], [30.151335800000002, -29.414136300000003], [30.1496722, -29.4130481], [30.1460955, -29.410778200000003], [30.145859400000003, -29.410610000000002], [30.1456757, -29.410467500000003], [30.1454276, -29.410251300000002], [30.1452452, -29.410050400000003], [30.145096300000002, -29.4098541], [30.144966200000002, -29.409655500000003], [30.144824800000002, -29.4093623], [30.144749, -29.409172400000003], [30.1446994, -29.4090352], [30.144558500000002, -29.408442800000003], [30.1444687, -29.4080982], [30.1438887, -29.4060805], [30.1437512, -29.405664], [30.143687500000002, -29.4054858], [30.1435983, -29.4052942], [30.143499100000003, -29.405117800000003], [30.143394500000003, -29.4049519], [30.143232200000003, -29.4047568], [30.1430538, -29.4045652], [30.142843300000003, -29.4043911], [30.142622000000003, -29.4042299], [30.142384600000003, -29.404107200000002], [30.141519600000002, -29.4036878], [30.1409604, -29.403422600000003], [30.140613000000002, -29.4032485], [30.1403488, -29.403100100000003], [30.1400739, -29.402891], [30.1398325, -29.4026853], [30.139655500000003, -29.402513600000002], [30.139465, -29.402310300000003], [30.1392826, -29.402095300000003], [30.1390466, -29.401767000000003], [30.138883000000003, -29.401476100000004], [30.138752900000004, -29.4012132], [30.138660400000003, -29.400953800000003], [30.138588000000002, -29.4006909], [30.1385289, -29.400424500000003], [30.138495400000004, -29.4001932], [30.138380100000003, -29.3989255], [30.1383331, -29.3985294], [30.138276800000003, -29.3982618], [30.138223200000002, -29.3980819], [30.138156100000003, -29.397883800000002], [30.1380911, -29.397725500000004], [30.138022000000003, -29.3975362], [30.137890600000002, -29.3973353], [30.137689400000003, -29.397073600000002], [30.137505700000002, -29.396855100000003], [30.137307200000002, -29.3966214], [30.1367976, -29.395992800000002], [30.1361901, -29.395263600000003], [30.135983500000002, -29.3950171], [30.1358387, -29.394833700000003], [30.135593300000004, -29.394528700000002], [30.135443100000003, -29.394318400000003], [30.1353264, -29.3941151], [30.1352204, -29.393894200000002], [30.1351279, -29.393655900000002], [30.1350018, -29.3932411], [30.1348717, -29.3927468], [30.1347081, -29.3921497], [30.134374200000003, -29.390791900000004], [30.134126100000003, -29.3898256], [30.133945, -29.3891397], [30.133832400000003, -29.388698], [30.133746600000002, -29.3884374], [30.133625900000002, -29.3881826], [30.1334985, -29.3879665], [30.1333643, -29.387760800000002], [30.1330613, -29.387386900000003], [30.132622700000002, -29.386877400000003], [30.131686600000002, -29.385756800000003], [30.130839, -29.3847565], [30.129979400000003, -29.3837538], [30.129369200000003, -29.383010600000002], [30.1287094, -29.382247500000002], [30.1283044, -29.381762600000002], [30.1277277, -29.381088300000002], [30.1272744, -29.3805531], [30.126809, -29.379992100000003], [30.126715200000003, -29.379853100000002], [30.126585100000003, -29.379652], [30.1264684, -29.3794277], [30.126345, -29.379125000000002], [30.126261900000003, -29.3788118], [30.126213600000003, -29.378538300000002], [30.1261881, -29.378304600000003], [30.126172, -29.3781095], [30.1261693, -29.3778535], [30.126190800000003, -29.3775754], [30.1262109, -29.3772178], [30.1262404, -29.3766101], [30.1262672, -29.3760608], [30.1262444, -29.375764], [30.1261854, -29.3754309], [30.1261049, -29.3751387], [30.1259601, -29.3748092], [30.125785800000003, -29.3745298], [30.125590000000003, -29.374268100000002], [30.1253512, -29.374001600000003], [30.125174200000004, -29.3738415], [30.124961000000003, -29.373667400000002], [30.124802700000004, -29.3735517], [30.1246043, -29.373419600000002], [30.124401700000004, -29.373312100000003], [30.123894800000002, -29.373063100000003], [30.1231733, -29.3727172], [30.1221071, -29.3721971], [30.121181800000002, -29.371756500000004], [30.120146400000003, -29.371270300000003], [30.1191205, -29.370776000000003], [30.1178196, -29.370146000000002], [30.1166823, -29.3696026], [30.116284, -29.3693992], [30.115565200000002, -29.369055600000003], [30.115401600000002, -29.3689925], [30.115138700000003, -29.368906000000003], [30.1148558, -29.3688277], [30.114546, -29.368757600000002], [30.113689, -29.368615000000002], [30.112416300000003, -29.368414], [30.111721600000003, -29.3683064], [30.111197200000003, -29.3682094], [30.110792200000002, -29.3680832], [30.110411300000003, -29.367938300000002], [30.110119, -29.367795700000002], [30.108916, -29.3670711], [30.107989300000003, -29.366528700000003], [30.107182, -29.3660308], [30.1022381, -29.3629418], [30.100411400000002, -29.361852700000004], [30.100132300000002, -29.361686300000002], [30.100020500000003, -29.3616196], [30.098456000000002, -29.360651500000003], [30.0936044, -29.35769], [30.0899636, -29.3554552], [30.089396200000003, -29.355039100000003], [30.0891656, -29.354838], [30.088948300000002, -29.3546042], [30.088717600000003, -29.3542746], [30.0885138, -29.353930100000003], [30.087675400000002, -29.352288100000003], [30.085705500000003, -29.348443900000003], [30.0852445, -29.347700500000002], [30.083347900000003, -29.345311000000002], [30.0830474, -29.3449509], [30.082682700000003, -29.3445043], [30.082422500000003, -29.344251800000002], [30.082103300000004, -29.3440133], [30.081156500000002, -29.343447500000003], [30.079957500000003, -29.3426456], [30.0792092, -29.342112500000002], [30.078604400000003, -29.341708], [30.078112200000003, -29.341354900000002], [30.077700500000002, -29.341015900000002], [30.077436300000002, -29.3407996], [30.077125100000003, -29.340554100000002], [30.076604800000002, -29.3401485], [30.076331200000002, -29.339911100000002], [30.075895300000003, -29.339575600000003], [30.075513100000002, -29.339348800000003], [30.0752637, -29.3392073], [30.074776900000003, -29.338946600000003], [30.073838100000003, -29.338515200000003], [30.0733633, -29.338244000000003], [30.073056200000003, -29.338072200000003], [30.072639100000004, -29.337865200000003], [30.0718962, -29.337464200000003], [30.0712645, -29.3371451], [30.070919800000002, -29.336956800000003], [30.0706355, -29.3367885], [30.070374, -29.336601400000003], [30.0702198, -29.3364763], [30.0700454, -29.3363161], [30.0698858, -29.336139600000003], [30.0697517, -29.3359759], [30.069513, -29.3356603], [30.069085200000004, -29.3351155], [30.068736500000004, -29.3346677], [30.068221500000003, -29.334042200000003], [30.0679319, -29.3337195], [30.0677562, -29.3335745], [30.067555000000002, -29.3334377], [30.067300200000002, -29.3332869], [30.067072200000002, -29.3331653], [30.0667571, -29.333011000000003], [30.0650431, -29.3323387], [30.064467800000003, -29.332115400000003], [30.063864300000002, -29.331826600000003], [30.0634392, -29.3315951], [30.0631294, -29.331409200000003], [30.0616528, -29.3304973], [30.061462400000003, -29.3303897], [30.0611633, -29.3302517], [30.060884400000003, -29.3301161], [30.0606644, -29.329989800000003], [30.058931700000002, -29.328913000000004], [30.058113600000002, -29.328446500000002], [30.0573358, -29.328026800000004], [30.056539200000003, -29.327548500000002], [30.055953100000004, -29.327176700000003], [30.055202100000002, -29.326697300000003], [30.0549567, -29.3265594], [30.0546925, -29.3264308], [30.053692, -29.325862500000003], [30.0531301, -29.325567900000003], [30.052418000000003, -29.325154], [30.0521618, -29.3250019], [30.0519928, -29.324890900000003], [30.051869500000002, -29.3247973], [30.051747400000004, -29.3246968], [30.051400100000002, -29.3243565], [30.051292800000002, -29.324238400000002], [30.051202900000003, -29.3241121], [30.051009800000003, -29.323791800000002], [30.050816700000002, -29.3234141], [30.050724100000004, -29.323214200000002], [30.050647700000003, -29.323000200000003], [30.050608800000003, -29.322841200000003], [30.0504935, -29.321950200000003], [30.050439800000003, -29.321556100000002], [30.050378100000003, -29.3211188], [30.0503272, -29.320786700000003], [30.0502937, -29.3205774], [30.050242700000002, -29.320395], [30.050155500000002, -29.320167], [30.049946300000002, -29.3197799], [30.049809800000002, -29.3195839], [30.0497197, -29.319473600000002], [30.049545300000002, -29.3193075], [30.049353500000002, -29.3191427], [30.0488238, -29.3187463], [30.0483611, -29.318413000000003], [30.047610100000004, -29.317827200000004], [30.047449200000003, -29.317662300000002], [30.0473043, -29.317502100000002], [30.0470991, -29.317243700000002], [30.046928800000003, -29.3170192], [30.046797400000003, -29.316822700000003], [30.046656600000002, -29.316583], [30.0465024, -29.3162708], [30.046271700000002, -29.315689600000002], [30.0459579, -29.3148863], [30.045216200000002, -29.312956800000002], [30.0446087, -29.311455300000002], [30.044097100000002, -29.310183600000002], [30.0436599, -29.309045100000002], [30.0430007, -29.307326000000003], [30.042598400000003, -29.3063004], [30.042070400000004, -29.3050597], [30.0416738, -29.304339600000002], [30.041297500000002, -29.3037381], [30.040722900000002, -29.3029499], [30.039585600000002, -29.3014359], [30.0362878, -29.297022700000003], [30.0338591, -29.2937747], [30.033524500000002, -29.2933191], [30.033185200000002, -29.2927946], [30.0329894, -29.292453000000002], [30.0327185, -29.291844800000003], [30.032632600000003, -29.291632000000003], [30.032546800000002, -29.291382900000002], [30.032449000000003, -29.291115], [30.0321123, -29.290078700000002], [30.031760900000002, -29.288973300000002], [30.0314954, -29.2881651], [30.031272800000004, -29.287493700000002], [30.0308436, -29.286062], [30.030484200000004, -29.284939100000003], [30.030154300000003, -29.2839987], [30.029870000000003, -29.283102600000003], [30.0294059, -29.281585500000002], [30.029054600000002, -29.280480100000002], [30.028713900000003, -29.279439000000004], [30.0286143, -29.2791417], [30.028507400000002, -29.278872800000002], [30.028389400000002, -29.2786131], [30.028258400000002, -29.278327100000002], [30.0277296, -29.2772842], [30.027099200000002, -29.2760396], [30.0264448, -29.274772700000003], [30.024417000000003, -29.2708057], [30.023274400000002, -29.268674200000003], [30.0229694, -29.268021400000002], [30.022864700000003, -29.2677769], [30.0227916, -29.2675522], [30.022727200000002, -29.2673148], [30.0226776, -29.2670971], [30.0226092, -29.2668047], [30.0224939, -29.2662806], [30.022227, -29.2651457], [30.021863600000003, -29.263755800000002], [30.0216007, -29.262784800000002], [30.021514900000003, -29.2624186], [30.021421, -29.2619845], [30.021260100000003, -29.261329300000003], [30.020924800000003, -29.259916], [30.0204661, -29.258109500000003], [30.0203187, -29.2574906], [30.020269000000003, -29.2572015], [30.0202503, -29.2570179], [30.020219400000002, -29.256688], [30.020181800000003, -29.2563053], [30.0201342, -29.255805900000002], [30.0200424, -29.2549621], [30.019795600000002, -29.2527109], [30.019492500000002, -29.2495727], [30.0192055, -29.246820600000003], [30.019028700000003, -29.2452149], [30.0188971, -29.2441737], [30.0188273, -29.2437758], [30.0187239, -29.243354800000002], [30.0186181, -29.243083000000002], [30.0184786, -29.2427835], [30.018414300000003, -29.242650100000002], [30.0182667, -29.242376200000002], [30.018097400000002, -29.242112600000002], [30.017906000000004, -29.241847300000003], [30.0177531, -29.2416577], [30.0175492, -29.2414342], [30.017371500000003, -29.241250700000002], [30.015842000000003, -29.239817000000002], [30.0142944, -29.238369400000003], [30.011214900000002, -29.235385400000002], [30.0069552, -29.2313118], [30.0064801, -29.230780000000003], [30.006132400000002, -29.2303217], [30.005837300000003, -29.229814500000003], [30.0056158, -29.2292793], [30.005410400000002, -29.2287064], [30.0050427, -29.226566700000003], [30.0048074, -29.2251893], [30.004457700000003, -29.2231416], [30.004202000000003, -29.221644700000002], [30.0041127, -29.221185300000002], [30.0037561, -29.2193499], [30.003481400000002, -29.2180864], [30.003310600000002, -29.2170869], [30.003179300000003, -29.215903], [30.003000600000004, -29.214605700000003], [30.0022747, -29.2103849], [30.002122800000002, -29.2094424], [30.0018011, -29.2075493], [30.0017375, -29.2072004], [30.0014901, -29.205783], [30.001085800000002, -29.203444100000002], [30.000972800000003, -29.202911800000003], [30.000849100000003, -29.202483500000003], [30.000608600000003, -29.201908900000003], [30.000277, -29.201332100000002], [29.999872200000002, -29.2007705], [29.999499300000004, -29.200320100000003], [29.999086400000003, -29.199829400000002], [29.997258300000002, -29.197526300000003], [29.9963599, -29.196381300000002], [29.995605200000004, -29.1954467], [29.9947893, -29.194456100000004], [29.994030900000002, -29.193606000000003], [29.993176000000002, -29.192756600000003], [29.990584700000003, -29.1903645], [29.989930800000003, -29.189781000000004], [29.989356800000003, -29.189268700000003], [29.9875046, -29.1877388], [29.986918900000003, -29.187197800000003], [29.9864071, -29.1866729], [29.985943400000004, -29.186038900000003], [29.9856665, -29.1855152], [29.9853588, -29.184818600000003], [29.9851415, -29.184087400000003], [29.985069000000003, -29.183559400000004], [29.984931600000003, -29.1820209], [29.9846982, -29.1800877], [29.9846, -29.1791246], [29.9838379, -29.172490600000003], [29.9832615, -29.167210500000003], [29.98282, -29.1633318], [29.9827489, -29.1628247], [29.982633600000003, -29.162370300000003], [29.9824458, -29.161818800000002], [29.982137400000003, -29.1612109], [29.981710900000003, -29.1606324], [29.9812468, -29.160144600000002], [29.980917, -29.1598781], [29.980611800000002, -29.1596277], [29.9799271, -29.159192200000003], [29.979435400000003, -29.1589324], [29.978906700000003, -29.1587372], [29.978391000000002, -29.1585542], [29.9780732, -29.158463500000003], [29.9777607, -29.158393200000003], [29.9771512, -29.158267900000002], [29.9762774, -29.1581121], [29.975933400000002, -29.158053000000002], [29.975630300000002, -29.1579891], [29.975236100000004, -29.1578814], [29.974743900000004, -29.157717400000003], [29.974349600000004, -29.1575488], [29.9740532, -29.157411800000002], [29.9735194, -29.1571119], [29.9730455, -29.156752700000002], [29.972390200000003, -29.156196700000002], [29.9720456, -29.1557542], [29.971833, -29.1554752], [29.971495700000002, -29.154911900000002], [29.9712463, -29.154370800000002], [29.971115500000003, -29.1539749], [29.9708453, -29.153162700000003], [29.9703766, -29.1517836], [29.969677800000003, -29.149636100000002], [29.969547100000003, -29.149246100000003], [29.969321100000002, -29.1484613], [29.969090400000002, -29.1477855], [29.968669700000003, -29.146549500000003], [29.968418200000002, -29.1457984], [29.968222400000002, -29.1452297], [29.968091, -29.1448804], [29.96786, -29.144361200000002], [29.967635700000002, -29.1439659], [29.967431500000004, -29.143598700000002], [29.9670768, -29.143072200000002], [29.965983100000003, -29.141671300000002], [29.9646085, -29.1399259], [29.964249700000003, -29.1394574], [29.963254000000003, -29.138195800000002], [29.9625023, -29.1372886], [29.960721300000003, -29.1349616], [29.959530400000002, -29.1334422], [29.9584213, -29.1320523], [29.957876100000004, -29.131381100000002], [29.957613900000002, -29.131065300000003], [29.957412100000003, -29.130848], [29.957170700000002, -29.130610200000003], [29.9570104, -29.1304574], [29.956856900000002, -29.1303133], [29.9567888, -29.130255000000002], [29.9566631, -29.130155100000003], [29.956286300000002, -29.1298822], [29.955586200000003, -29.1294581], [29.955073900000002, -29.129164000000003], [29.9533801, -29.128134300000003], [29.951332200000003, -29.126887200000002], [29.950929900000002, -29.126644700000003], [29.950728, -29.126527000000003], [29.950327100000003, -29.126272800000002], [29.9501886, -29.1261726], [29.9500716, -29.126085300000003], [29.9497819, -29.125844], [29.9496062, -29.1256829], [29.9494547, -29.125528300000003], [29.949300400000002, -29.125359000000003], [29.9491556, -29.125184400000002], [29.949081800000002, -29.125093600000003], [29.9489491, -29.1249208], [29.9487506, -29.124644300000003], [29.9486698, -29.1245079], [29.948586600000002, -29.124356700000003], [29.948534000000002, -29.124254800000003], [29.9484408, -29.124055600000002], [29.948352900000003, -29.1238515], [29.948313400000004, -29.123750400000002], [29.948202100000003, -29.1234441], [29.948136400000003, -29.123237300000003], [29.9480794, -29.123024700000002], [29.948050900000002, -29.122887600000002], [29.948021400000002, -29.122711900000002], [29.9479888, -29.1223832], [29.9479751, -29.122159500000002], [29.947967400000003, -29.121933700000003], [29.9478946, -29.119897400000003], [29.947875500000002, -29.1193609], [29.947869100000002, -29.1189256], [29.9478708, -29.118591400000003], [29.947869500000003, -29.118261], [29.947863400000003, -29.117817000000002], [29.9478557, -29.117599300000002], [29.9478368, -29.117381], [29.947809000000003, -29.1171623], [29.9477726, -29.116941500000003], [29.947726000000003, -29.1167318], [29.9476294, -29.1164233], [29.947550000000003, -29.116218900000003], [29.947461800000003, -29.116010900000003], [29.9474021, -29.115884400000002], [29.947318300000003, -29.1157186], [29.947207000000002, -29.115529400000003], [29.947148600000002, -29.115438], [29.947031300000003, -29.115255800000003], [29.9469153, -29.115088200000002], [29.9468308, -29.114978100000002], [29.9466873, -29.114808200000002], [29.946536400000003, -29.1146418], [29.946372800000002, -29.114477800000003], [29.9462058, -29.1143208], [29.946086800000003, -29.114219700000003], [29.945855100000003, -29.114027900000004], [29.9456701, -29.1138826], [29.9451259, -29.1134485], [29.944858000000004, -29.1132241], [29.944595800000002, -29.113003300000003], [29.943852900000003, -29.112432100000003], [29.9435079, -29.112149700000003], [29.943062, -29.1117695], [29.9428185, -29.1115381], [29.9425735, -29.111291100000003], [29.9423542, -29.111060000000002], [29.9422053, -29.110890700000002], [29.9420524, -29.1107085], [29.941918, -29.110537200000003], [29.941717200000003, -29.110271500000003], [29.9414328, -29.109910000000003], [29.941192800000003, -29.1096089], [29.9404679, -29.108671200000003], [29.9403331, -29.1085004], [29.940083, -29.108150700000003], [29.9399677, -29.107965], [29.9398604, -29.107781000000003], [29.939760500000002, -29.107595900000003], [29.939715600000003, -29.107496800000003], [29.9395929, -29.107203300000002], [29.9394896, -29.106907500000002], [29.9394561, -29.1068055], [29.939402400000002, -29.106607500000003], [29.9393709, -29.1064587], [29.9393421, -29.1062976], [29.9392938, -29.1059941], [29.939271, -29.1057826], [29.9392582, -29.105581], [29.9392549, -29.105272900000003], [29.9392552, -29.105136400000003], [29.939266300000003, -29.10497], [29.9392864, -29.104780100000003], [29.9393253, -29.1045552], [29.939360200000003, -29.1043847], [29.9393971, -29.104240500000003], [29.939454700000002, -29.1040372], [29.939524100000003, -29.1038287], [29.939674, -29.103419100000004], [29.939847, -29.102924100000003], [29.940243300000002, -29.1018158], [29.940402900000002, -29.1013251], [29.940491400000003, -29.1010421], [29.9406201, -29.100653700000002], [29.940759600000003, -29.1002529], [29.940881, -29.0999172], [29.941237700000002, -29.098866100000002], [29.941306100000002, -29.098663300000002], [29.9413899, -29.098359300000002], [29.9414349, -29.098154200000003], [29.941466400000003, -29.0979567], [29.9414905, -29.0977505], [29.9415106, -29.0975448], [29.941527400000002, -29.0973198], [29.941534100000002, -29.097102500000002], [29.9415328, -29.096890300000002], [29.941528700000003, -29.0967954], [29.941511300000002, -29.0965734], [29.9414979, -29.0964667], [29.941479800000003, -29.096364800000003], [29.941433500000002, -29.096163800000003], [29.941351, -29.0958638], [29.941287300000003, -29.095662200000003], [29.9411814, -29.0953552], [29.9411036, -29.0951583], [29.9410151, -29.0949667], [29.9409159, -29.094775100000003], [29.9408625, -29.0946858], [29.940801200000003, -29.0945888], [29.940677800000003, -29.094411800000003], [29.940481300000002, -29.0941505], [29.940266800000003, -29.093903200000003], [29.9399529, -29.093595], [29.939692100000002, -29.093365300000002], [29.9394339, -29.0931661], [29.9392415, -29.0930384], [29.9389411, -29.0928544], [29.9387909, -29.092766500000003], [29.9385441, -29.092628800000004], [29.938222900000003, -29.092471200000002], [29.9379145, -29.09233], [29.9374833, -29.092170000000003], [29.9371484, -29.0920613], [29.936927100000002, -29.0919977], [29.9363615, -29.091836], [29.934781, -29.0914147], [29.934099000000003, -29.091234800000002], [29.933534400000003, -29.091079500000003], [29.932969800000002, -29.090933600000003], [29.9324045, -29.090775400000002], [29.931858000000002, -29.0906172], [29.9315275, -29.090524600000002], [29.9309474, -29.090374], [29.930714100000003, -29.090314900000003], [29.929833600000002, -29.0900852], [29.929141, -29.089894100000002], [29.928585400000003, -29.0897365], [29.927691900000003, -29.089481000000003], [29.927248000000002, -29.089359700000003], [29.926900000000003, -29.089272400000002], [29.9267816, -29.089246000000003], [29.926576800000003, -29.0892012], [29.926197900000002, -29.0891142], [29.925922300000003, -29.0890421], [29.925097500000003, -29.088787500000002], [29.924764300000003, -29.0886923], [29.9243549, -29.088576900000003], [29.923776500000002, -29.088404], [29.923211600000002, -29.0882499], [29.922997700000003, -29.0881843], [29.9228482, -29.0881328], [29.9226691, -29.0880653], [29.922459600000003, -29.0879827], [29.9220408, -29.087794600000002], [29.921832600000002, -29.087702], [29.921618700000003, -29.087597100000004], [29.921474500000002, -29.087519200000003], [29.921324300000002, -29.087431900000002], [29.921224400000003, -29.087370900000003], [29.921035300000003, -29.087235600000003], [29.920754000000002, -29.0870105], [29.9206578, -29.086929700000002], [29.9204861, -29.0867703], [29.9203225, -29.0866086], [29.920246100000004, -29.0865265], [29.920173300000002, -29.086443300000003], [29.919892400000002, -29.0861023], [29.919764, -29.0859282], [29.9196372, -29.0857524], [29.919468900000002, -29.0854846], [29.9193174, -29.085195700000003], [29.919166800000003, -29.084858500000003], [29.9185504, -29.083529100000003], [29.9185167, -29.0834565], [29.917742200000003, -29.081685], [29.917521, -29.081195100000002], [29.917429100000003, -29.0809888], [29.9173553, -29.0808007], [29.917278200000002, -29.080596200000002], [29.917207800000003, -29.0803946], [29.917157500000002, -29.080228700000003], [29.917119300000003, -29.080090100000003], [29.917070300000002, -29.0798871], [29.9170328, -29.079680800000002], [29.916973100000003, -29.0792688], [29.9169537, -29.079057900000002], [29.916945600000002, -29.078885900000003], [29.9169449, -29.078755500000003], [29.916951, -29.0786054], [29.916965700000002, -29.078439600000003], [29.916978500000003, -29.0783306], [29.917001300000003, -29.078158900000002], [29.917024100000003, -29.078021200000002], [29.917071000000004, -29.077769200000002], [29.917116600000004, -29.077565800000002], [29.917174300000003, -29.077377100000003], [29.917262800000003, -29.0771638], [29.9174469, -29.076734100000003], [29.917721, -29.076248500000002], [29.9179776, -29.075868600000003], [29.9181801, -29.0756073], [29.918390700000003, -29.075377500000002], [29.9186884, -29.0750962], [29.9194612, -29.0744401], [29.920047, -29.0739401], [29.920414200000003, -29.073623400000002], [29.9206533, -29.073397600000003], [29.920886900000003, -29.073150300000002], [29.921199400000003, -29.0727587], [29.921420700000002, -29.0724455], [29.921528900000002, -29.0722665], [29.9217249, -29.0718743], [29.921905000000002, -29.0714407], [29.9219818, -29.0711736], [29.922089300000003, -29.0706227], [29.9221366, -29.0701137], [29.9221298, -29.069679], [29.922101700000002, -29.069388000000004], [29.922045500000003, -29.069016700000002], [29.9219599, -29.0686724], [29.9218687, -29.0683861], [29.9217283, -29.067980100000003], [29.921559100000003, -29.0676005], [29.9214628, -29.067430100000003], [29.9213576, -29.067246500000003], [29.9211315, -29.0669052], [29.9209527, -29.0666896], [29.920693300000003, -29.06641], [29.920451300000003, -29.066182], [29.9201462, -29.0659089], [29.9198431, -29.065676800000002], [29.919554700000003, -29.0654927], [29.919254300000002, -29.0653228], [29.9189553, -29.0651739], [29.9187192, -29.065062500000003], [29.918452400000003, -29.064948800000003], [29.9181439, -29.064844500000003], [29.9177925, -29.064736600000003], [29.916215700000002, -29.064351100000003], [29.9148837, -29.0640134], [29.914103800000003, -29.063829300000002], [29.913533500000003, -29.063691900000002], [29.913034600000003, -29.063586400000002], [29.9126796, -29.0635064], [29.912260500000002, -29.0634109], [29.911256, -29.063177600000003], [29.910953600000003, -29.063089700000003], [29.910669900000002, -29.0629971], [29.910471400000002, -29.0629209], [29.910296400000004, -29.062845300000003], [29.9099511, -29.06268], [29.909725100000003, -29.062560400000002], [29.909434100000002, -29.0623922], [29.9092249, -29.0622568], [29.9089895, -29.0620915], [29.908760200000003, -29.0619057], [29.9085815, -29.0617492], [29.9084383, -29.0616126], [29.908277400000003, -29.0614509], [29.907973000000002, -29.061105], [29.9077705, -29.060851800000002], [29.907641700000003, -29.060663100000003], [29.907466000000003, -29.060379400000002], [29.9073534, -29.0601883], [29.907260800000003, -29.0600008], [29.907197800000002, -29.059881200000003], [29.9071147, -29.0596807], [29.907047600000002, -29.059476200000002], [29.9069913, -29.0592693], [29.906858500000002, -29.058757000000004], [29.906787400000002, -29.0585202], [29.906575500000002, -29.057779300000004], [29.906487000000002, -29.0574651], [29.9063811, -29.0571544], [29.906245600000002, -29.056843800000003], [29.9061008, -29.056543700000002], [29.9059962, -29.0563514], [29.9058084, -29.056070100000003], [29.905600500000002, -29.0557957], [29.9054584, -29.0556257], [29.905294800000004, -29.0554558], [29.905048, -29.055206100000003], [29.904871000000004, -29.055044300000002], [29.904625600000003, -29.0548538], [29.9044606, -29.0547395], [29.9042983, -29.054628100000002], [29.9039456, -29.054417100000002], [29.9036948, -29.0542787], [29.9034736, -29.054162100000003], [29.903256300000002, -29.0540607], [29.902487200000003, -29.0536931], [29.9021492, -29.0535278], [29.9019286, -29.053426400000003], [29.9014941, -29.0532113], [29.9012527, -29.053102300000003], [29.9006541, -29.0527969], [29.899977600000003, -29.052459000000002], [29.8997761, -29.0523625], [29.899138800000003, -29.0520545], [29.8987884, -29.0518737], [29.898418300000003, -29.0516937], [29.898164100000002, -29.051567100000003], [29.8977544, -29.0513596], [29.8972616, -29.0511169], [29.8971912, -29.051078200000003], [29.896781400000002, -29.0508801], [29.896634900000002, -29.050809700000002], [29.896184, -29.050580500000002], [29.8947611, -29.049892900000003], [29.894394300000002, -29.049708900000002], [29.893730400000003, -29.049372400000003], [29.892960000000002, -29.048972000000003], [29.8923759, -29.048683], [29.8916128, -29.0483149], [29.890784000000004, -29.0478987], [29.890332700000002, -29.047678800000003], [29.889794300000002, -29.047415], [29.8892659, -29.0471518], [29.8886262, -29.0468359], [29.8880656, -29.0465738], [29.8875372, -29.0463464], [29.887310600000003, -29.0462543], [29.887082600000003, -29.0461652], [29.886880100000003, -29.046103700000003], [29.8866742, -29.046038600000003], [29.886496500000003, -29.0459864], [29.8863805, -29.0459548], [29.8863349, -29.045942500000002], [29.8854639, -29.0457062], [29.8852137, -29.045657000000002], [29.885045400000003, -29.045630000000003], [29.8844956, -29.045558500000002], [29.8841429, -29.045523900000003], [29.8837915, -29.0455034], [29.8831531, -29.0454706], [29.882544300000003, -29.045458800000002], [29.882086, -29.0454486], [29.881651100000003, -29.045435400000002], [29.8811408, -29.045417800000003], [29.880206700000002, -29.045385000000003], [29.8798849, -29.045369700000002], [29.8794651, -29.0453498], [29.8789146, -29.0453322], [29.8782789, -29.0453082], [29.8780429, -29.0452982], [29.877662, -29.0452836], [29.8769418, -29.0452584], [29.876141200000003, -29.0452279], [29.875502100000002, -29.0452161], [29.875166900000004, -29.045212000000003], [29.8748685, -29.045204400000003], [29.8746881, -29.0452009], [29.874433300000003, -29.0451933], [29.8740209, -29.0451839], [29.8732943, -29.0451495], [29.872996, -29.0451392], [29.8727978, -29.045134700000002], [29.8722238, -29.045117100000002], [29.871831500000003, -29.045109500000002], [29.871326600000003, -29.045096], [29.870931700000003, -29.045079], [29.870403300000003, -29.0450602], [29.870156700000003, -29.045051700000002], [29.8699708, -29.045041500000004], [29.8697176, -29.045025000000003], [29.8695081, -29.045010100000002], [29.869333100000002, -29.044991000000003], [29.868930700000003, -29.0449471], [29.868742, -29.0449248], [29.868551200000002, -29.0448972], [29.8681334, -29.0448287], [29.8678324, -29.044770000000003], [29.867573500000002, -29.0447138], [29.8674126, -29.0446762], [29.8671766, -29.044611200000002], [29.866826200000002, -29.044503900000002], [29.8663887, -29.044363200000003], [29.8660366, -29.044240700000003], [29.8657067, -29.044111100000002], [29.8650227, -29.043857300000003], [29.8648732, -29.043799800000002], [29.864552000000003, -29.0436802], [29.8643435, -29.043595200000002], [29.8637085, -29.043349000000003], [29.863432900000003, -29.0432458], [29.863096900000002, -29.043121000000003], [29.8627523, -29.042988500000003], [29.862415000000002, -29.042851900000002], [29.862212500000002, -29.0427669], [29.861444700000003, -29.0424544], [29.860778200000002, -29.042194700000003], [29.8597737, -29.041809], [29.8593304, -29.041636], [29.858480200000002, -29.0412855], [29.857768, -29.0410164], [29.8573181, -29.0408481], [29.856974100000002, -29.040723800000002], [29.8566013, -29.040600700000002], [29.856078300000004, -29.0404231], [29.855896500000004, -29.0403598], [29.855725500000002, -29.0402947], [29.8552937, -29.0401048], [29.8549018, -29.0399233], [29.8545796, -29.039784700000002], [29.8542543, -29.039657400000003], [29.853704500000003, -29.0394517], [29.853133200000002, -29.0392189], [29.852479400000004, -29.0389592], [29.8521508, -29.0388285], [29.851316, -29.038519500000003], [29.850959900000003, -29.0383782], [29.850209600000003, -29.0380836], [29.8490059, -29.0376085], [29.847786900000003, -29.0371254], [29.8472216, -29.036916700000003], [29.8453313, -29.0361739], [29.8441994, -29.035743], [29.8427772, -29.035201800000003], [29.8418424, -29.0348407], [29.839953500000004, -29.034103100000003], [29.8388196, -29.033668100000003], [29.8374744, -29.033158], [29.8365551, -29.0327975], [29.835799400000003, -29.032506700000003], [29.8350766, -29.0322552], [29.834896200000003, -29.032159600000004], [29.834778200000002, -29.032102700000003], [29.834603100000002, -29.032028800000003], [29.834265900000002, -29.031896300000003], [29.833875600000002, -29.031735100000002], [29.833432400000003, -29.031548100000002], [29.832751100000003, -29.031235000000002], [29.831908900000002, -29.030824600000003], [29.831180000000003, -29.030446400000002], [29.8302781, -29.0299252], [29.829491500000003, -29.029428600000003], [29.8288967, -29.029041000000003], [29.8283342, -29.0286435], [29.827860700000002, -29.0282917], [29.8272425, -29.0277928], [29.8267905, -29.027421], [29.826374100000002, -29.027044300000004], [29.826038200000003, -29.0267333], [29.8256124, -29.026333400000002], [29.825265700000003, -29.0259998], [29.824943800000003, -29.025680800000004], [29.824718500000003, -29.025443300000003], [29.8243611, -29.025075700000002], [29.824053300000003, -29.0247175], [29.823647, -29.024242500000003], [29.823569900000003, -29.0241429], [29.8233178, -29.0238139], [29.8230274, -29.0234211], [29.8227833, -29.023084800000003], [29.8224775, -29.022640000000003], [29.822398300000003, -29.0225137], [29.822063500000002, -29.0219801], [29.8217339, -29.0214181], [29.8214395, -29.020864600000003], [29.821191400000004, -29.020410100000003], [29.820936600000003, -29.019934000000003], [29.8208401, -29.0197323], [29.8207388, -29.019497200000004], [29.8206221, -29.0192398], [29.820456500000002, -29.0188275], [29.8201876, -29.018138500000003], [29.820013300000003, -29.017644200000003], [29.8196988, -29.0166943], [29.8193997, -29.01583], [29.8189585, -29.0145352], [29.8182936, -29.0125755], [29.8175135, -29.010153600000002], [29.817055500000002, -29.008693400000002], [29.8167711, -29.007882300000002], [29.8164774, -29.007070100000004], [29.816344700000002, -29.0066889], [29.81622, -29.00635], [29.8160758, -29.0059037], [29.815967200000003, -29.0056134], [29.815523900000002, -29.004370700000003], [29.8149151, -29.0024993], [29.814698500000002, -29.00187], [29.8145597, -29.001444900000003], [29.814383300000003, -29.000932900000002], [29.814284100000002, -29.000642600000003], [29.8140219, -28.9998162], [29.8137775, -28.9990966], [29.8135277, -28.998377], [29.8134036, -28.9979875], [29.8132984, -28.997666100000004], [29.813205200000002, -28.997347700000002], [29.813099200000003, -28.9970439], [29.812768600000002, -28.9961424], [29.8127016, -28.9959348], [29.812579500000002, -28.9956369], [29.812442100000002, -28.995336], [29.8122416, -28.9948996], [29.8119961, -28.9944427], [29.811840600000004, -28.9941366], [29.811768200000003, -28.994016900000002], [29.8115972, -28.9937395], [29.8113142, -28.993309600000003], [29.811086200000002, -28.993004000000003], [29.810907200000003, -28.992777], [29.8107241, -28.992547700000003], [29.8105122, -28.9922879], [29.8101796, -28.991886700000002], [29.809910700000003, -28.991570000000003], [29.8097008, -28.991336], [29.809584200000003, -28.9912069], [29.8093964, -28.991029200000003], [29.809202600000003, -28.990856200000003], [29.808752000000002, -28.9904632], [29.808227000000002, -28.9899981], [29.8079755, -28.989795700000002], [29.8077113, -28.989579900000003], [29.8071139, -28.9890614], [29.806551300000002, -28.988581000000003], [29.8060785, -28.988175100000003], [29.8057835, -28.987944000000002], [29.8055716, -28.987779800000002], [29.805341600000002, -28.987579800000002], [29.805005, -28.98729], [29.804709900000002, -28.987046000000003], [29.803566000000004, -28.9860934], [29.803205900000002, -28.9857744], [29.8025179, -28.9852054], [29.802303300000002, -28.985013600000002], [29.801401400000003, -28.9842358], [29.8007369, -28.9836856], [29.8002085, -28.9832351], [29.799323400000002, -28.9824896], [29.798801400000002, -28.982050100000002], [29.798270600000002, -28.981602100000003], [29.7977959, -28.981185800000002], [29.797149400000002, -28.9805756], [29.796900700000002, -28.980323300000002], [29.7964407, -28.979815300000002], [29.7961871, -28.9795142], [29.7958922, -28.979142500000002], [29.7955851, -28.978724900000003], [29.795463, -28.9785448], [29.7951365, -28.9780297], [29.794959400000003, -28.9777276], [29.794750200000003, -28.9773727], [29.794518900000003, -28.9769691], [29.7944163, -28.9767744], [29.794284200000003, -28.976495200000002], [29.7941608, -28.9762036], [29.793960300000002, -28.9756411], [29.793798000000002, -28.975192900000003], [29.7935513, -28.9742989], [29.793456000000003, -28.973902300000002], [29.793397000000002, -28.973610200000003], [29.7933689, -28.9734295], [29.793344700000002, -28.9731561], [29.7933273, -28.9728804], [29.793301800000002, -28.972551900000003], [29.7932777, -28.972169400000002], [29.7932442, -28.9711451], [29.7932482, -28.970714500000003], [29.793324600000002, -28.970030500000004], [29.793513700000002, -28.968831400000003], [29.793696100000002, -28.9677396], [29.7942205, -28.964940600000002], [29.7945531, -28.9631477], [29.7946537, -28.9624543], [29.794747500000003, -28.9613835], [29.794822600000003, -28.9602976], [29.794870900000003, -28.959134700000003], [29.7948327, -28.958491100000003], [29.794752900000002, -28.957197400000002], [29.794629500000003, -28.9560579], [29.794506100000003, -28.955289], [29.7944619, -28.9550136], [29.794369300000003, -28.954545900000003], [29.794081000000002, -28.953449300000003], [29.793836900000002, -28.9525563], [29.7937142, -28.952119200000002], [29.7929934, -28.9501764], [29.792357000000003, -28.948755300000002], [29.791118500000003, -28.9460514], [29.790519000000003, -28.9448274], [29.7895591, -28.9429215], [29.788392, -28.9404058], [29.787548500000003, -28.9386374], [29.786754900000002, -28.936968800000002], [29.7841106, -28.9314794], [29.7840482, -28.9313538], [29.7839342, -28.9311231], [29.7834253, -28.9300116], [29.782823800000003, -28.9288114], [29.7816791, -28.9264298], [29.780535200000003, -28.923961300000002], [29.779332900000004, -28.921481000000004], [29.777575400000003, -28.917769000000003], [29.776680900000002, -28.9159256], [29.776054000000002, -28.9146277], [29.7756489, -28.9138507], [29.775339100000004, -28.9133436], [29.7749045, -28.912669800000003], [29.7744499, -28.9120053], [29.7740945, -28.9114946], [29.773825000000002, -28.911127200000003], [29.773493700000003, -28.9106823], [29.7731008, -28.910202100000003], [29.772675600000003, -28.909709000000003], [29.7718227, -28.9087487], [29.770767900000003, -28.9077185], [29.770572800000004, -28.9075436], [29.769841900000003, -28.9068398], [29.768955400000003, -28.9060391], [29.768636200000003, -28.9057409], [29.768339800000003, -28.9054462], [29.7677109, -28.9047923], [29.766946400000002, -28.9040362], [29.765659000000003, -28.9027776], [29.7647738, -28.901917], [29.7638351, -28.901037700000003], [29.7625275, -28.899810700000003], [29.761785900000003, -28.899133300000003], [29.760267700000004, -28.897658600000003], [29.759366500000002, -28.8967768], [29.7587845, -28.896196800000002], [29.7577934, -28.895241100000003], [29.756153200000004, -28.893698200000003], [29.7544192, -28.8920098], [29.751648600000003, -28.889393300000002], [29.7496857, -28.8875093], [29.748382900000003, -28.8862503], [29.7471287, -28.8850392], [29.746678300000003, -28.884594600000003], [29.7450422, -28.882997600000003], [29.7446546, -28.882594800000003], [29.744236200000003, -28.882159100000003], [29.743613900000003, -28.881465100000003], [29.743202200000002, -28.880964900000002], [29.742484800000003, -28.880135900000003], [29.7419389, -28.879441800000002], [29.741416100000002, -28.8787315], [29.7402492, -28.877167], [29.7400358, -28.876865300000002], [29.739522200000003, -28.8761031], [29.738802000000003, -28.875054400000003], [29.738202500000003, -28.874173600000002], [29.737499800000002, -28.8731648], [29.736776900000002, -28.8721408], [29.7355203, -28.8703204], [29.734458200000002, -28.8688195], [29.733484500000003, -28.8674101], [29.7328395, -28.8664929], [29.7322695, -28.865695400000003], [29.726533800000002, -28.8575814], [29.7232224, -28.852800600000002], [29.7225411, -28.8518815], [29.721968500000003, -28.851048700000003], [29.7200071, -28.848210100000003], [29.7191897, -28.847087700000003], [29.718499, -28.8462102], [29.716948700000003, -28.8442766], [29.7149813, -28.8420023], [29.713739500000003, -28.840684300000003], [29.7128583, -28.839784400000003], [29.711978600000002, -28.8389303], [29.7093433, -28.8364562], [29.708526600000003, -28.835683200000002], [29.707259200000003, -28.8344062], [29.7060026, -28.8330422], [29.7054273, -28.832397200000003], [29.704689700000003, -28.8315102], [29.703978900000003, -28.830679500000002], [29.703437800000003, -28.829977500000002], [29.7020987, -28.828186400000003], [29.701573000000003, -28.827407500000003], [29.7011693, -28.826798900000004], [29.700686500000003, -28.8261256], [29.700147400000002, -28.825263200000002], [29.6996216, -28.824382000000004], [29.699219300000003, -28.823655900000002], [29.6987868, -28.8228599], [29.698192000000002, -28.821724300000003], [29.697360500000002, -28.819982900000003], [29.695929600000003, -28.8169702], [29.693719400000003, -28.8123499], [29.692095400000003, -28.8089304], [29.6906302, -28.805843900000003], [29.689503000000002, -28.8034354], [29.6881297, -28.8005585], [29.687351900000003, -28.7988979], [29.6864305, -28.796928200000004], [29.686038900000003, -28.796105500000003], [29.685118900000003, -28.794161600000002], [29.6846268, -28.793126200000003], [29.6841708, -28.792193], [29.6825641, -28.7887893], [29.6816947, -28.7869704], [29.6805257, -28.784507400000003], [29.680052200000002, -28.783486000000003], [29.6794702, -28.782325800000002], [29.6793522, -28.7820132], [29.679151, -28.781583], [29.6787755, -28.780795400000002], [29.6781465, -28.7794613], [29.677713400000002, -28.7785632], [29.677430400000002, -28.777970800000002], [29.677225200000002, -28.7775359], [29.676853700000002, -28.776742400000003], [29.6756373, -28.7741869], [29.6745993, -28.7720075], [29.673593500000003, -28.7698633], [29.672857200000003, -28.768316300000002], [29.6717164, -28.7659333], [29.6709716, -28.7643321], [29.670153600000003, -28.762735600000003], [29.669284500000003, -28.761169700000004], [29.668761500000002, -28.760269100000002], [29.668217000000002, -28.759401500000003], [29.667712700000003, -28.7586161], [29.667275500000002, -28.757953], [29.6662885, -28.7565728], [29.6647086, -28.754586800000002], [29.663263500000003, -28.7528851], [29.661846500000003, -28.7513341], [29.660411800000002, -28.749833400000004], [29.6586898, -28.7481779], [29.656908800000004, -28.746628200000004], [29.6542749, -28.7444458], [29.652617300000003, -28.743103], [29.6511555, -28.741915400000003], [29.650329300000003, -28.741151000000002], [29.649910900000002, -28.740713600000003], [29.6497205, -28.7405043], [29.649104400000002, -28.7398044], [29.648620800000003, -28.739198000000002], [29.648221900000003, -28.7385972], [29.647863, -28.738030100000003], [29.6475408, -28.737503500000003], [29.647361500000002, -28.73714], [29.646973900000003, -28.736376800000002], [29.646557700000002, -28.7354774], [29.6462685, -28.7347], [29.6461156, -28.734281300000003], [29.646012300000002, -28.733933200000003], [29.6458434, -28.733227600000003], [29.645665, -28.7323868], [29.645496, -28.7316083], [29.6453753, -28.7309392], [29.6453257, -28.730377100000002], [29.6453498, -28.729829000000002], [29.6453552, -28.729479800000004], [29.6454209, -28.728616600000002], [29.6454987, -28.727871], [29.645584500000002, -28.7273135], [29.645620700000002, -28.727111200000003], [29.6457441, -28.726515000000003], [29.6458742, -28.725932800000002], [29.646210800000002, -28.724805000000003], [29.6465743, -28.7236042], [29.646749900000003, -28.722995], [29.646877300000003, -28.722401100000003], [29.646939000000003, -28.7218577], [29.646998000000004, -28.7211897], [29.647046300000003, -28.720601700000003], [29.647067800000002, -28.720063000000003], [29.647059700000003, -28.7195737], [29.647016800000003, -28.718919800000002], [29.646947100000002, -28.7182706], [29.646849200000002, -28.717759], [29.646689600000002, -28.7171403], [29.6465394, -28.716671], [29.646201400000002, -28.715773600000002], [29.646021700000002, -28.7153831], [29.6457079, -28.7147809], [29.6453096, -28.714130500000003], [29.6450038, -28.71367], [29.6446457, -28.713161300000003], [29.644160300000003, -28.7125732], [29.6436399, -28.7119204], [29.642787000000002, -28.710823], [29.6423686, -28.710241900000003], [29.6418375, -28.7093598], [29.641429400000003, -28.708663100000003], [29.641116, -28.7080418], [29.640668700000003, -28.7069055], [29.6403797, -28.706129800000003], [29.640211400000002, -28.7055128], [29.639988100000004, -28.704598200000003], [29.639801700000003, -28.703450200000002], [29.6397507, -28.7028691], [29.639717200000003, -28.7021821], [29.639717100000002, -28.7019468], [29.6397112, -28.7008264], [29.6397279, -28.700217600000002], [29.639713200000003, -28.6994165], [29.639671600000003, -28.6986437], [29.639596500000003, -28.698033100000004], [29.6394932, -28.697380300000003], [29.639341, -28.696747400000003], [29.6392096, -28.696268600000003], [29.638995700000002, -28.6956157], [29.638787800000003, -28.695096900000003], [29.638535, -28.694518700000003], [29.6381565, -28.6937631], [29.637747, -28.693091900000002], [29.6369791, -28.691962200000003], [29.6362224, -28.691086700000003], [29.6352808, -28.689983], [29.634714300000002, -28.6893187], [29.634266200000003, -28.6887493], [29.6338702, -28.688164500000003], [29.633444500000003, -28.687417500000002], [29.633073200000002, -28.6866376], [29.6327816, -28.685859800000003], [29.6326092, -28.6852382], [29.6324718, -28.684496000000003], [29.632382900000003, -28.683751500000003], [29.632385600000003, -28.682981], [29.632504100000002, -28.6817165], [29.632700800000002, -28.6807687], [29.6330324, -28.6797296], [29.633587400000003, -28.678482700000004], [29.6339021, -28.677845400000002], [29.6339615, -28.6777133], [29.6340195, -28.6775808], [29.634076, -28.677447800000003], [29.634130900000002, -28.6773142], [29.634184400000002, -28.677180200000002], [29.6342363, -28.677045800000002], [29.6342868, -28.676910900000003], [29.6343357, -28.676775600000003], [29.6343831, -28.6766398], [29.634429, -28.6765037], [29.634473300000003, -28.6763672], [29.6345162, -28.6762303], [29.634557400000002, -28.676093], [29.6345971, -28.675955400000003], [29.634635300000003, -28.675817400000003], [29.6346719, -28.675679300000002], [29.6347069, -28.6755408], [29.634740400000002, -28.675402100000003], [29.6347723, -28.675263100000002], [29.6348027, -28.6751238], [29.6348315, -28.674984300000002], [29.634858700000002, -28.674844500000003], [29.6348844, -28.6747045], [29.6349084, -28.6745643], [29.634931, -28.6744239], [29.6349519, -28.6742832], [29.634971200000003, -28.674142500000002], [29.634989, -28.674001500000003], [29.635005200000002, -28.673860400000002], [29.635019800000002, -28.6737192], [29.6350328, -28.6735778], [29.6350443, -28.673436400000003], [29.6350541, -28.6732948], [29.635062400000002, -28.6731532], [29.635069, -28.6730115], [29.6350741, -28.6728698], [29.635077600000002, -28.672728000000003], [29.635079500000003, -28.6725862], [29.635079800000003, -28.672444400000003], [29.635078500000002, -28.672302600000002], [29.6350756, -28.6721608], [29.635071200000002, -28.672019100000004], [29.635065100000002, -28.671877400000003], [29.635057500000002, -28.671735700000003], [29.635048200000004, -28.6715941], [29.6350374, -28.671452600000002], [29.635025000000002, -28.671311300000003], [29.635011000000002, -28.67117], [29.6349954, -28.671028800000002], [29.634978200000003, -28.670887800000003], [29.6349595, -28.670747000000002], [29.6349391, -28.670606300000003], [29.6349172, -28.670465800000002], [29.6348938, -28.6703255], [29.634868700000002, -28.6701854], [29.6348421, -28.6700455], [29.6348139, -28.669905900000003], [29.6347841, -28.6697665], [29.6347528, -28.669627400000003], [29.6347199, -28.669488500000003], [29.634685500000003, -28.66935], [29.634649500000002, -28.6692117], [29.634612, -28.669073800000003], [29.634572900000002, -28.6689362], [29.634532200000002, -28.668798900000002], [29.6344901, -28.668662], [29.6344464, -28.6685255], [29.6344011, -28.6683893], [29.634354400000003, -28.668253600000003], [29.634306100000003, -28.668118200000002], [29.6342563, -28.667983300000003], [29.634205, -28.6678488], [29.634152200000003, -28.667714800000002], [29.6340979, -28.6675812], [29.634042100000002, -28.6674481], [29.6339848, -28.6673155], [29.633926000000002, -28.667183400000003], [29.6338657, -28.667051800000003], [29.633804, -28.666920800000003], [29.6337408, -28.666790300000002], [29.633676100000002, -28.6666603], [29.63361, -28.6665309], [29.633542400000003, -28.666402100000003], [29.633473400000003, -28.666273800000003], [29.625002600000002, -28.651202100000003], [29.621691400000003, -28.645338700000003], [29.6187632, -28.6401536], [29.6186596, -28.639963], [29.618556700000003, -28.639772100000002], [29.6184547, -28.6395808], [29.6183535, -28.6393892], [29.6182532, -28.6391972], [29.618153600000003, -28.639004900000003], [29.6180549, -28.6388123], [29.617957, -28.638619300000002], [29.61786, -28.6384261], [29.617763800000002, -28.6382325], [29.617668400000003, -28.6380386], [29.617573900000004, -28.6378443], [29.617480200000003, -28.637649800000002], [29.617387400000002, -28.6374549], [29.617295400000003, -28.637259800000002], [29.617204200000003, -28.637064300000002], [29.617113900000003, -28.636868500000002], [29.617024500000003, -28.636672400000002], [29.6169359, -28.636476100000003], [29.616848100000002, -28.636279400000003], [29.616761200000003, -28.6360825], [29.616675100000002, -28.6358852], [29.6165899, -28.635687700000002], [29.616505500000002, -28.635489900000003], [29.616422000000004, -28.6352918], [29.6163394, -28.635093400000002], [29.6162576, -28.6348948], [29.6161767, -28.6346959], [29.616096600000002, -28.634496700000003], [29.6160174, -28.6342973], [29.615939100000002, -28.6340976], [29.615861600000002, -28.6338976], [29.615785000000002, -28.633697400000003], [29.6157092, -28.6334969], [29.615634300000004, -28.6332962], [29.615560300000002, -28.633095200000003], [29.6154872, -28.632894], [29.6154149, -28.6326925], [29.6153435, -28.632490800000003], [29.6152729, -28.6322888], [29.6152033, -28.632086700000002], [29.615134500000003, -28.631884300000003], [29.615066600000002, -28.6316816], [29.6149996, -28.631478800000004], [29.6149334, -28.631275700000003], [29.614868100000002, -28.6310724], [29.614803700000003, -28.630868900000003], [29.614740200000004, -28.6306651], [29.614677500000003, -28.630461200000003], [29.614615800000003, -28.6302571], [29.6145549, -28.6300527], [29.6144949, -28.6298482], [29.614435800000003, -28.629643400000003], [29.614372300000003, -28.629438500000003], [29.6143202, -28.629233300000003], [29.614263800000003, -28.629028], [29.6142082, -28.628822500000002], [29.6141536, -28.628616800000003], [29.6140998, -28.628410900000002], [29.6140469, -28.628204800000002], [29.6139949, -28.6279986], [29.6139438, -28.627792200000002], [29.613893500000003, -28.627585600000003], [29.613844200000003, -28.6273789], [29.613795800000002, -28.627172], [29.613748200000003, -28.6269649], [29.613701600000002, -28.626757700000002], [29.6136558, -28.6265503], [29.613611000000002, -28.626342800000003], [29.613567000000003, -28.626135100000003], [29.613524, -28.6259273], [29.613481800000002, -28.6257193], [29.6134406, -28.625511200000002], [29.6134002, -28.625303000000002], [29.6133607, -28.6250946], [29.613322200000002, -28.6248861], [29.613284500000002, -28.6246775], [29.613247700000002, -28.6244687], [29.613211900000003, -28.6242598], [29.613176900000003, -28.624050800000003], [29.613142900000003, -28.623841700000003], [29.613109700000003, -28.623632500000003], [29.613077500000003, -28.6234232], [29.613046200000003, -28.6232137], [29.613015700000002, -28.6230042], [29.6129862, -28.622794600000002], [29.6129576, -28.622584800000002], [29.6129299, -28.622375], [29.6129031, -28.6221651], [29.612877200000003, -28.6219551], [29.612121300000002, -28.6155362], [29.609970200000003, -28.5973943], [29.609716700000003, -28.595335400000003], [29.6095879, -28.594425200000003], [29.609402900000003, -28.592686], [29.609174900000003, -28.5907689], [29.6090756, -28.5900035], [29.6088704, -28.5882936], [29.608578100000003, -28.5857947], [29.6080949, -28.5814784], [29.6079031, -28.579824900000002], [29.607762700000002, -28.578612200000002], [29.6077164, -28.578255300000002], [29.607620500000003, -28.5774003], [29.6074677, -28.576254400000003], [29.607351, -28.5753181], [29.6071002, -28.573273500000003], [29.6069339, -28.5718342], [29.606579800000002, -28.568874400000002], [29.6063894, -28.567459300000003], [29.6062285, -28.566140700000002], [29.6054922, -28.5595928], [29.605439200000003, -28.5592371], [29.605405, -28.558996200000003], [29.605366800000002, -28.558771800000002], [29.605331300000003, -28.558548000000002], [29.605291700000002, -28.5583001], [29.6052582, -28.5581198], [29.6052126, -28.557899000000003], [29.6051596, -28.557672800000002], [29.605112000000002, -28.557449000000002], [29.6050724, -28.5572723], [29.6050094, -28.557014900000002], [29.6049584, -28.556794600000003], [29.6049061, -28.556562000000003], [29.6048538, -28.5563347], [29.604790800000004, -28.5561167], [29.6047331, -28.5558823], [29.6046748, -28.555682100000002], [29.604609800000002, -28.55545], [29.604555400000002, -28.555245600000003], [29.6044938, -28.555030100000003], [29.604421300000002, -28.554802100000003], [29.6043576, -28.5546025], [29.604304000000003, -28.5544128], [29.604224900000002, -28.554174300000003], [29.604141000000002, -28.553922200000002], [29.604068, -28.5537166], [29.603983500000002, -28.5535093], [29.6038983, -28.553276], [29.603822400000002, -28.55307], [29.603737400000004, -28.5528632], [29.603649500000003, -28.5526452], [29.6035563, -28.552424400000003], [29.6034718, -28.552216400000002], [29.6033894, -28.552000900000003], [29.6032948, -28.55178], [29.603209200000002, -28.551568000000003], [29.6031137, -28.551358], [29.603016500000003, -28.5511486], [29.6029175, -28.550939900000003], [29.602824700000003, -28.5507327], [29.602728900000002, -28.550531300000003], [29.602631600000002, -28.5503281], [29.602525000000004, -28.550110200000002], [29.6024184, -28.549901100000003], [29.602307800000002, -28.549702600000003], [29.6021891, -28.5495029], [29.602066, -28.5493008], [29.601948, -28.549109100000003], [29.601830300000003, -28.548915], [29.601708300000002, -28.5486977], [29.601598300000003, -28.548497700000002], [29.6014793, -28.548290400000003], [29.6013573, -28.5480875], [29.601233500000003, -28.5478892], [29.601108200000002, -28.5476917], [29.600981200000003, -28.5474949], [29.6008527, -28.547299000000002], [29.600727300000003, -28.5471144], [29.6005925, -28.546922400000003], [29.600456400000002, -28.546733300000003], [29.6003189, -28.5465383], [29.600179400000002, -28.546337500000003], [29.600036600000003, -28.546141900000002], [29.599906500000003, -28.5459552], [29.599767900000003, -28.5457615], [29.5996309, -28.545572600000003], [29.5994877, -28.5453873], [29.599335600000003, -28.5451993], [29.599231500000002, -28.5450677], [29.5991266, -28.544936500000002], [29.5989773, -28.5447521], [29.5988264, -28.544568700000003], [29.598677400000003, -28.544396000000003], [29.5985201, -28.5442098], [29.598365, -28.5440241], [29.598208200000002, -28.543844500000002], [29.59805, -28.5436659], [29.5978904, -28.543488200000002], [29.5977293, -28.543311600000003], [29.597566800000003, -28.543136], [29.597402900000002, -28.5429615], [29.597237500000002, -28.5427879], [29.592507, -28.538085400000003], [29.590897000000002, -28.536505400000003], [29.5891012, -28.534709900000003], [29.588104800000004, -28.533708400000002], [29.586369400000002, -28.532018800000003], [29.585155, -28.5307843], [29.5849887, -28.5306214], [29.584823900000004, -28.530457300000002], [29.584660600000003, -28.5302921], [29.584498600000003, -28.5301259], [29.5843381, -28.529958500000003], [29.5842102, -28.529786100000003], [29.5840573, -28.529624700000003], [29.5838776, -28.5294373], [29.5837609, -28.529290000000003], [29.583634900000003, -28.529129800000003], [29.583480700000003, -28.528960100000003], [29.5833358, -28.528788100000003], [29.583174900000003, -28.5286055], [29.5830367, -28.528439300000002], [29.5828503, -28.528228400000003], [29.582685400000003, -28.528030500000003], [29.582554000000002, -28.5278761], [29.582387800000003, -28.527689300000002], [29.582271400000003, -28.527537900000002], [29.582156100000002, -28.5273858], [29.582042, -28.5272331], [29.581925000000002, -28.5270407], [29.5818003, -28.5268486], [29.581682200000003, -28.5266884], [29.581537400000002, -28.5264881], [29.581395200000003, -28.526296000000002], [29.5812719, -28.526115800000003], [29.581149800000002, -28.5259414], [29.5810113, -28.5257487], [29.5808897, -28.5255593], [29.5807515, -28.525372200000003], [29.5806241, -28.5251708], [29.5805088, -28.524984600000003], [29.580393400000002, -28.524805500000003], [29.580295500000002, -28.524645200000002], [29.580181500000002, -28.5244779], [29.5800367, -28.524244600000003], [29.5799428, -28.524067900000002], [29.5798275, -28.5238817], [29.5797336, -28.523686100000003], [29.5796397, -28.5234999], [29.5795244, -28.5232855], [29.579415800000003, -28.523086300000003], [29.5793259, -28.522887200000003], [29.5792307, -28.5226715], [29.579148900000003, -28.522471200000002], [29.579064400000004, -28.522265], [29.5789745, -28.522061200000003], [29.578891400000003, -28.521862000000002], [29.578796200000003, -28.521637000000002], [29.578727800000003, -28.521453100000002], [29.578648700000002, -28.521267], [29.578561500000003, -28.521063100000003], [29.578477000000003, -28.520835700000003], [29.578401900000003, -28.5206236], [29.5783214, -28.5204056], [29.578245000000003, -28.520200600000003], [29.578173300000003, -28.519972000000003], [29.578117600000002, -28.519786900000003], [29.578050500000003, -28.5195866], [29.577978100000003, -28.519363900000002], [29.5779043, -28.5191377], [29.577844000000002, -28.5189421], [29.577789000000003, -28.518725200000002], [29.5777354, -28.518527300000002], [29.577685700000004, -28.5183658], [29.577620000000003, -28.5181231], [29.577565000000003, -28.5179133], [29.577511400000002, -28.5177], [29.577463100000003, -28.517495], [29.577420200000002, -28.5173041], [29.577374600000002, -28.517120300000002], [29.577312900000003, -28.516854000000002], [29.577257900000003, -28.516597100000002], [29.577211000000002, -28.5163814], [29.5771614, -28.5161528], [29.5771227, -28.515949300000003], [29.577085800000003, -28.515734400000003], [29.5770507, -28.515519100000002], [29.5770175, -28.5153037], [29.576986100000003, -28.515088000000002], [29.576956600000003, -28.514872200000003], [29.576929000000003, -28.514656100000003], [29.576902500000003, -28.514490100000003], [29.576873000000003, -28.514234300000002], [29.5768516, -28.5140093], [29.5768315, -28.5137983], [29.576572600000002, -28.5111527], [29.576230600000002, -28.5073085], [29.576034800000002, -28.5049762], [29.575353600000003, -28.497313100000003], [29.5752731, -28.496236500000002], [29.575118900000003, -28.4944868], [29.5749834, -28.4930418], [29.574698, -28.489811000000003], [29.5743745, -28.486048200000003], [29.574219000000003, -28.4851421], [29.574111700000003, -28.483803], [29.5740446, -28.482975500000002], [29.5739239, -28.4817602], [29.5737576, -28.480109300000002], [29.573737500000004, -28.479956], [29.573710000000002, -28.4797821], [29.573684600000004, -28.479618900000002], [29.573649000000003, -28.479422000000003], [29.5736202, -28.4792582], [29.5735947, -28.479104900000003], [29.573559200000002, -28.4789104], [29.573528300000003, -28.4787424], [29.573490800000002, -28.478563200000004], [29.5734512, -28.4783793], [29.573400900000003, -28.4781613], [29.573371400000003, -28.4780504], [29.5733144, -28.477827100000003], [29.5732809, -28.477693300000002], [29.5732487, -28.477557100000002], [29.5732165, -28.4774263], [29.5731837, -28.4772901], [29.573140700000003, -28.477132100000002], [29.573081700000003, -28.476957700000003], [29.5729486, -28.476507700000003], [29.5728751, -28.4763303], [29.572794700000003, -28.4761342], [29.572745100000002, -28.475988100000002], [29.5726848, -28.4758336], [29.572638500000004, -28.4756739], [29.5725748, -28.475540700000003], [29.572495000000004, -28.475349100000003], [29.572445400000003, -28.4752259], [29.572366900000002, -28.475032000000002], [29.572304600000002, -28.474877000000003], [29.5722248, -28.474701900000003], [29.5721564, -28.4745628], [29.572098, -28.474440800000004], [29.572017600000002, -28.474279300000003], [29.5719378, -28.4741143], [29.5718506, -28.473918], [29.571782900000002, -28.4737942], [29.5716897, -28.4735991], [29.571616600000002, -28.4734547], [29.571548800000002, -28.4733403], [29.5714456, -28.473163500000002], [29.571379200000003, -28.473022], [29.5712961, -28.4728664], [29.571212900000003, -28.472738500000002], [29.5710976, -28.472544000000003], [29.571001000000003, -28.472371900000002], [29.570907100000003, -28.4722192], [29.570835400000004, -28.472099], [29.570776400000003, -28.472003500000003], [29.5706731, -28.471841400000002], [29.5705886, -28.471715800000002], [29.5704558, -28.471510700000003], [29.5703734, -28.471395100000002], [29.570258000000003, -28.471223600000002], [29.570168900000002, -28.471087500000003], [29.570081000000002, -28.470961300000003], [29.5699845, -28.470826300000002], [29.5698872, -28.470691300000002], [29.5697565, -28.4705151], [29.5696532, -28.4703713], [29.569531800000004, -28.4702151], [29.569427200000003, -28.4700759], [29.5693421, -28.4699734], [29.5692334, -28.4698254], [29.569155000000002, -28.4697317], [29.5690229, -28.4695779], [29.568889400000003, -28.469416900000002], [29.56875, -28.469253600000002], [29.5686286, -28.4691128], [29.568522, -28.4689884], [29.568422700000003, -28.4688711], [29.568312100000004, -28.468750200000002], [29.5681921, -28.468625300000003], [29.5680808, -28.468501500000002], [29.5679346, -28.468341700000003], [29.567785, -28.4681873], [29.567691800000002, -28.468093600000003], [29.5675604, -28.467958600000003], [29.5674223, -28.4678295], [29.567300200000002, -28.467711], [29.5671795, -28.4675955], [29.5670602, -28.467486400000002], [29.566897200000003, -28.4673273], [29.5667772, -28.467224100000003], [29.566655200000003, -28.4671127], [29.5665425, -28.467010100000003], [29.5663561, -28.4668445], [29.5661938, -28.4667071], [29.566075100000003, -28.4666052], [29.565947100000002, -28.4664967], [29.565839800000003, -28.4664077], [29.5657606, -28.466336300000002], [29.5655199, -28.4661395], [29.5650386, -28.4657631], [29.564687600000003, -28.465492], [29.564011800000003, -28.464982900000003], [29.5639092, -28.464908], [29.5637946, -28.464820500000002], [29.563677900000002, -28.464728800000003], [29.563572, -28.4646392], [29.563439900000002, -28.464526600000003], [29.563333200000002, -28.464437], [29.5631777, -28.464302600000003], [29.5630503, -28.464189400000002], [29.5629369, -28.464085700000002], [29.5628169, -28.463968400000002], [29.562722400000002, -28.4638741], [29.5626138, -28.463758300000002], [29.562499700000004, -28.463630300000002], [29.5623846, -28.463491500000003], [29.562275800000002, -28.463363100000002], [29.562176800000003, -28.4632405], [29.562040300000003, -28.463052400000002], [29.5619747, -28.462956600000002], [29.561914, -28.462863700000003], [29.5618395, -28.462747], [29.561757500000002, -28.4626185], [29.561687600000003, -28.4625045], [29.5616033, -28.4623795], [29.5615643, -28.4623315], [29.561516700000002, -28.462277200000003], [29.561373300000003, -28.462079600000003], [29.561313900000002, -28.461993600000003], [29.5612223, -28.4618608], [29.561144700000003, -28.4617475], [29.561053800000003, -28.4616161], [29.560986600000003, -28.461508900000002], [29.560904, -28.461385200000002], [29.560834800000002, -28.461278500000002], [29.5607635, -28.461176000000002], [29.560643600000002, -28.460993700000003], [29.5605721, -28.460879400000003], [29.560494700000003, -28.4607519], [29.5604076, -28.4606041], [29.560372100000002, -28.460539800000003], [29.5603158, -28.4603983], [29.560266100000003, -28.460262800000002], [29.560200400000003, -28.4600918], [29.5601562, -28.459969200000003], [29.560102500000003, -28.459834800000003], [29.560046200000002, -28.4596921], [29.559997900000003, -28.459536500000002], [29.559952300000003, -28.459417400000003], [29.5599014, -28.4592452], [29.559854400000003, -28.459106100000003], [29.5598169, -28.4589894], [29.5597512, -28.458846700000002], [29.559685400000003, -28.4586663], [29.5595795, -28.4583492], [29.559410500000002, -28.457775], [29.5593746, -28.457663800000002], [29.559352500000003, -28.457599300000002], [29.5593314, -28.4575451], [29.559303900000003, -28.457477800000003], [29.5592794, -28.4574201], [29.5592456, -28.457347600000002], [29.5592171, -28.4572924], [29.5591879, -28.457236400000003], [29.5591554, -28.457176], [29.5591182, -28.457107800000003], [29.5590766, -28.4570405], [29.559039000000002, -28.456984100000003], [29.5589827, -28.456898000000002], [29.558670900000003, -28.456460900000003], [29.5584315, -28.4561284], [29.5583685, -28.45604], [29.558328200000002, -28.4559828], [29.558288700000002, -28.4559268], [29.5582391, -28.455849], [29.558211600000003, -28.455801200000003], [29.5581868, -28.4557505], [29.558161600000002, -28.4556986], [29.5581381, -28.455637300000003], [29.558117600000003, -28.45557], [29.5580958, -28.4554963], [29.558081100000003, -28.4554319], [29.5580731, -28.4553906], [29.558068900000002, -28.4553604], [29.5580634, -28.4553219], [29.55806, -28.455278900000003], [29.558054000000002, -28.4552167], [29.5580496, -28.455172200000003], [29.5580469, -28.455125900000002], [29.558044300000002, -28.455089], [29.558037400000003, -28.455043200000002], [29.554758200000002, -28.454209400000003], [29.553983700000003, -28.454007200000003], [29.553511, -28.4538805], [29.552959800000004, -28.4537461], [29.552187300000003, -28.453575100000002], [29.551537600000003, -28.4534401], [29.551333000000003, -28.453387000000003], [29.551221100000003, -28.4533528], [29.551142600000002, -28.4533245], [29.5510568, -28.453270300000003], [29.5504479, -28.453058700000003], [29.5487119, -28.4526046], [29.5477962, -28.4523568], [29.5477208, -28.452358200000003], [29.547658400000003, -28.452351800000002], [29.547473, -28.4523152], [29.546647900000004, -28.4521036], [29.5464905, -28.452059700000003], [29.54606, -28.451944800000003], [29.5451197, -28.451690900000003], [29.5448045, -28.451594800000002], [29.544756300000003, -28.4515712], [29.5447075, -28.4515306], [29.5411873, -28.4506005], [29.5410575, -28.450601300000002], [29.540944800000002, -28.450580700000003], [29.540753100000003, -28.450533], [29.539416000000003, -28.450176900000002], [29.538941200000004, -28.4500472], [29.538579100000003, -28.449951100000003], [29.5383163, -28.449885000000002], [29.537251400000002, -28.449593200000002], [29.536885700000003, -28.4494921], [29.5368391, -28.449474100000003], [29.536823000000002, -28.4494602], [29.536813900000002, -28.4494405], [29.531943000000002, -28.448151600000003], [29.531843400000003, -28.448127300000003], [29.5317435, -28.4481037], [29.5316435, -28.4480806], [29.531543300000003, -28.4480581], [29.531442900000002, -28.448036300000002], [29.531342400000003, -28.448015], [29.531241700000002, -28.4479943], [29.531140800000003, -28.4479742], [29.531039800000002, -28.447954600000003], [29.5309387, -28.447935700000002], [29.530837400000003, -28.4479174], [29.530736, -28.4478997], [29.5306344, -28.447882500000002], [29.530532700000002, -28.447866], [29.530430900000002, -28.4478501], [29.530329000000002, -28.4478347], [29.530226900000002, -28.44782], [29.530124800000003, -28.4478058], [29.5300225, -28.447792300000003], [29.529920200000003, -28.4477794], [29.529817700000002, -28.447767000000002], [29.5297151, -28.4477553], [29.529612500000002, -28.447744200000002], [29.529509800000003, -28.4477337], [29.529407000000003, -28.447723800000002], [29.5293041, -28.4477145], [29.529201200000003, -28.4477057], [29.529098200000004, -28.4476976], [29.528995100000003, -28.4476902], [29.528892000000003, -28.4476833], [29.528788900000002, -28.447677000000002], [29.528685600000003, -28.447671300000003], [29.5285824, -28.4476663], [29.528479100000002, -28.447661800000002], [29.5250582, -28.447603700000002], [29.524904600000003, -28.4476352], [29.5240067, -28.447630500000002], [29.523558100000002, -28.4476216], [29.523180600000003, -28.4476134], [29.522814500000003, -28.447611000000002], [29.5223055, -28.447599200000003], [29.521195700000003, -28.4475662], [29.521044200000002, -28.4475355], [29.518673800000002, -28.447499], [29.518518200000003, -28.4475255], [29.518014, -28.447520800000003], [29.517661, -28.447521300000002], [29.517338100000003, -28.4475155], [29.516949800000003, -28.4475084], [29.516466, -28.4475002], [29.5162611, -28.447496], [29.516049900000002, -28.4474884], [29.5155135, -28.447483100000003], [29.514422500000002, -28.4474607], [29.5142743, -28.447425300000003], [29.511184500000002, -28.447367900000003], [29.5110625, -28.4473629], [29.510940400000003, -28.447357], [29.5108184, -28.4473503], [29.510702300000002, -28.447339200000002], [29.5105682, -28.447329200000002], [29.510452800000003, -28.4473227], [29.510336100000004, -28.4473139], [29.510209600000003, -28.4473053], [29.510088000000003, -28.447294000000003], [29.509966600000002, -28.4472819], [29.509845300000002, -28.447269000000002], [29.509724000000002, -28.447255300000002], [29.5096029, -28.4472409], [29.5094819, -28.447225600000003], [29.509361100000003, -28.4472096], [29.509240400000003, -28.447192800000003], [29.5091198, -28.4471753], [29.5089994, -28.447157], [29.5088791, -28.4471379], [29.508759, -28.447118000000003], [29.508639100000003, -28.4470974], [29.508519300000003, -28.447076000000003], [29.508399700000002, -28.447053800000003], [29.508280300000003, -28.4470308], [29.508161100000002, -28.4470071], [29.5080421, -28.446982700000003], [29.5079233, -28.446957400000002], [29.5078047, -28.4469314], [29.5076864, -28.4469047], [29.5075682, -28.446877200000003], [29.507450300000002, -28.446848900000003], [29.5073326, -28.4468199], [29.5072152, -28.4467901], [29.507098000000003, -28.4467596], [29.5069811, -28.4467283], [29.5068644, -28.4466962], [29.506748100000003, -28.446663500000003], [29.506631900000002, -28.4466299], [29.506516100000002, -28.446595700000003], [29.506400600000003, -28.4465606], [29.506285300000002, -28.4465249], [29.506170400000002, -28.446488400000003], [29.5060557, -28.446451200000002], [29.5059414, -28.446413200000002], [29.5058274, -28.4463745], [29.5057137, -28.446335100000002], [29.5056003, -28.446295000000003], [29.505487300000002, -28.4462541], [29.505374600000003, -28.4462125], [29.505262300000002, -28.446170100000003], [29.5051503, -28.4461271], [29.505038600000002, -28.4460833], [29.504927400000003, -28.4460389], [29.5048165, -28.445993700000002], [29.504706000000002, -28.445947800000003], [29.5046056, -28.445903], [29.504501700000002, -28.4458576], [29.5043937, -28.445809200000003], [29.504283700000002, -28.445760300000003], [29.5041684, -28.4457072], [29.5023023, -28.444837600000003], [29.4984293, -28.4430003], [29.498311100000002, -28.4429768], [29.4973308, -28.4425139], [29.496896900000003, -28.4423105], [29.4964799, -28.4421165], [29.495620900000002, -28.441693800000003], [29.495419700000003, -28.4415599], [29.493336300000003, -28.440571700000003], [29.4931103, -28.440467400000003], [29.4921769, -28.4400216], [29.491969700000002, -28.439959700000003], [29.4910926, -28.439569900000002], [29.4907138, -28.4393925], [29.488694700000003, -28.4384166], [29.4886029, -28.438351800000003], [29.487737900000003, -28.437952000000003], [29.4863901, -28.437308100000003], [29.4857678, -28.437043900000003], [29.4840243, -28.436237300000002], [29.4834557, -28.4359661], [29.483018500000004, -28.4357703], [29.481814200000002, -28.4353316], [29.481100700000002, -28.4351005], [29.4801378, -28.434848100000004], [29.479199, -28.4346429], [29.477576300000003, -28.4343952], [29.4769031, -28.434324500000002], [29.4756424, -28.434256100000002], [29.474824400000003, -28.434256100000002], [29.4742454, -28.4342873], [29.473920500000002, -28.434293800000003], [29.473142600000003, -28.434350400000003], [29.4724077, -28.434433000000002], [29.4718471, -28.4345202], [29.4709754, -28.4346971], [29.4704148, -28.4348056], [29.469875700000003, -28.4349519], [29.469151500000002, -28.4351476], [29.4682855, -28.435425900000002], [29.467077300000003, -28.4358457], [29.465656600000003, -28.436313900000002], [29.464773400000002, -28.436606800000003], [29.464164, -28.4368076], [29.4635962, -28.4369985], [29.4628288, -28.4372444], [29.4624582, -28.4373235], [29.462203300000002, -28.4373657], [29.461776800000003, -28.4374134], [29.461379400000002, -28.437421200000003], [29.460987000000003, -28.4374079], [29.460590800000002, -28.437356800000003], [29.460093200000003, -28.4372544], [29.459598800000002, -28.4371088], [29.4590195, -28.4368458], [29.458660000000002, -28.436624100000003], [29.4582845, -28.436354100000003], [29.4578902, -28.436002600000002], [29.4575724, -28.435641800000003], [29.457177400000003, -28.435115200000002], [29.455980500000003, -28.433445300000002], [29.4548765, -28.4318825], [29.4544929, -28.4313566], [29.454226300000002, -28.4310082], [29.453966200000004, -28.430689700000002], [29.453706, -28.4303819], [29.4534847, -28.430162600000003], [29.4531682, -28.4298819], [29.452928200000002, -28.4296885], [29.452635800000003, -28.429476200000003], [29.452201300000002, -28.4291896], [29.4517953, -28.428946600000003], [29.4513335, -28.4286825], [29.4508541, -28.428396300000003], [29.4504485, -28.4281128], [29.4501883, -28.4278699], [29.4499603, -28.4276069], [29.4497779, -28.4273297], [29.4495995, -28.427023100000003], [29.449457400000004, -28.426658600000003], [29.449355500000003, -28.426256400000003], [29.449218700000003, -28.4257092], [29.449056400000003, -28.4251773], [29.448918300000003, -28.424878900000003], [29.4487372, -28.4245616], [29.4485704, -28.4243196], [29.448285300000002, -28.4240385], [29.4481055, -28.4238852], [29.447853400000003, -28.423697100000002], [29.4475517, -28.423499000000003], [29.4470689, -28.4232218], [29.4467913, -28.423103800000003], [29.4464721, -28.4229352], [29.4457667, -28.422520000000002], [29.4453569, -28.422261700000004], [29.4445918, -28.421813500000003], [29.443978, -28.4214278], [29.443923, -28.4213892], [29.443875000000002, -28.421346500000002], [29.443415700000003, -28.4210646], [29.443118000000002, -28.4208959], [29.442886, -28.420794500000003], [29.4426124, -28.4206989], [29.442212700000002, -28.4205857], [29.4418037, -28.4205185], [29.4414872, -28.420484300000002], [29.441148600000002, -28.420491900000002], [29.4407268, -28.420550300000002], [29.4402353, -28.4206618], [29.439757200000003, -28.420834600000003], [29.439463500000002, -28.420982000000002], [29.439106700000004, -28.421196700000003], [29.437570500000003, -28.422218700000002], [29.435919600000002, -28.423330300000003], [29.435389200000003, -28.423675900000003], [29.4348595, -28.424035600000003], [29.4345637, -28.424223700000002], [29.434272500000002, -28.4243762], [29.4338902, -28.4245604], [29.433621400000003, -28.424668], [29.4331858, -28.4248069], [29.4328746, -28.4248942], [29.4324428, -28.424976800000003], [29.4320391, -28.4250322], [29.4315965, -28.425053400000003], [29.43118, -28.425059700000002], [29.430887300000002, -28.425037500000002], [29.4304987, -28.424993100000002], [29.430046200000003, -28.424909000000003], [29.429652, -28.42481], [29.4292571, -28.424675800000003], [29.428999700000002, -28.424577000000003], [29.4286233, -28.424429500000002], [29.4281834, -28.4241771], [29.4278535, -28.423961300000002], [29.427522900000003, -28.423701800000003], [29.427160200000003, -28.423392200000002], [29.426735, -28.4229847], [29.426214700000003, -28.4225141], [29.425915600000003, -28.4222216], [29.425651400000003, -28.421991600000002], [29.425447600000002, -28.421845400000002], [29.425242400000002, -28.421736900000003], [29.4248508, -28.421554], [29.4245544, -28.4214479], [29.424291500000002, -28.4213689], [29.423994500000003, -28.4212999], [29.423514400000002, -28.4212421], [29.423362200000003, -28.421247400000002], [29.4231945, -28.4212385], [29.4229196, -28.421214900000003], [29.4222262, -28.4211695], [29.421682800000003, -28.421117900000002], [29.4215443, -28.4211047], [29.421363900000003, -28.4210847], [29.420779200000002, -28.421019700000002], [29.420346000000002, -28.4209779], [29.419399900000002, -28.420873500000003], [29.419238300000004, -28.420846400000002], [29.4191679, -28.420823400000003], [29.416597600000003, -28.4205745], [29.414781400000003, -28.420387], [29.4139905, -28.4203215], [29.4133615, -28.420213], [29.412834500000002, -28.420059700000003], [29.4122169, -28.419833800000003], [29.411775000000002, -28.4196433], [29.4112882, -28.419375600000002], [29.4103804, -28.418864900000003], [29.4102549, -28.4188177], [29.4100718, -28.4187203], [29.4091062, -28.418193700000003], [29.4083378, -28.417764400000003], [29.407379600000002, -28.4172289], [29.4069417, -28.416989400000002], [29.406632600000002, -28.4168054], [29.4063677, -28.416617900000002], [29.406025000000003, -28.4162971], [29.4057883, -28.4160022], [29.405493300000003, -28.4155599], [29.405329700000003, -28.4152591], [29.405120500000002, -28.4147743], [29.405022600000002, -28.414541900000003], [29.404849600000002, -28.4141987], [29.404673900000002, -28.4138814], [29.404452600000003, -28.413519200000003], [29.4042749, -28.413268600000002], [29.4042259, -28.413156500000003], [29.403855800000002, -28.412813900000003], [29.403598300000002, -28.412615700000003], [29.403367600000003, -28.4124553], [29.4031343, -28.412309], [29.4027078, -28.4120519], [29.4023001, -28.4117877], [29.4019809, -28.411547000000002], [29.401782500000003, -28.411341800000002], [29.4016215, -28.411133000000003], [29.4015276, -28.410987900000002], [29.401431100000003, -28.410792100000002], [29.4013077, -28.4104677], [29.401136, -28.4098484], [29.401018, -28.4094379], [29.400921500000003, -28.409235000000002], [29.400827600000003, -28.409046300000004], [29.400725700000002, -28.4089047], [29.400599600000003, -28.408746700000002], [29.400462800000003, -28.408605100000003], [29.400318000000002, -28.408473], [29.4001409, -28.408343300000002], [29.399969300000002, -28.408239400000003], [29.3997011, -28.4081191], [29.3993819, -28.408015300000002], [29.398909800000002, -28.4078738], [29.3984324, -28.407680300000003], [29.3980488, -28.407470300000004], [29.3976295, -28.407185700000003], [29.3971614, -28.406906000000003], [29.396998600000003, -28.4068106], [29.396801800000002, -28.4067173], [29.3964901, -28.4065753], [29.395350800000003, -28.406126500000003], [29.3950417, -28.406008200000002], [29.3947603, -28.4059105], [29.3946076, -28.4058606], [29.394333800000002, -28.4058017], [29.394124400000003, -28.4057673], [29.393913700000002, -28.405752900000003], [29.393492300000002, -28.405747400000003], [29.3929623, -28.405752900000003], [29.3926772, -28.4057418], [29.3924513, -28.4057141], [29.392200300000002, -28.405660800000003], [29.391951700000003, -28.405582000000003], [29.391722100000003, -28.4054843], [29.3914584, -28.4053323], [29.391243900000003, -28.4051714], [29.391093700000003, -28.405038200000003], [29.390875400000002, -28.4048173], [29.3906345, -28.404559900000002], [29.390170100000002, -28.404054900000002], [29.3899796, -28.403799600000003], [29.3898206, -28.403526600000003], [29.389724700000002, -28.4033146], [29.389642700000003, -28.403084900000003], [29.389591000000003, -28.4028463], [29.389565800000003, -28.402672000000003], [29.3895532, -28.4024612], [29.3895595, -28.4022447], [29.389586, -28.4020039], [29.3896087, -28.401855200000004], [29.389665400000002, -28.4016421], [29.3897386, -28.401436800000003], [29.389816900000003, -28.401258100000003], [29.389898900000002, -28.401112700000002], [29.3901083, -28.400787500000003], [29.390604200000002, -28.4000272], [29.391226600000003, -28.3990724], [29.391606000000003, -28.398503400000003], [29.3919575, -28.3979575], [29.392161400000003, -28.3976083], [29.392357200000003, -28.3972213], [29.3924671, -28.3969759], [29.3925535, -28.396719700000002], [29.392604000000002, -28.3965177], [29.3926456, -28.396240300000002], [29.392689800000003, -28.395778500000002], [29.3927352, -28.3947563], [29.392771800000002, -28.393788400000002], [29.392816000000003, -28.392700700000002], [29.392846300000002, -28.3919004], [29.3928319, -28.391527800000002], [29.392807800000003, -28.391218700000003], [29.3927689, -28.390991000000003], [29.3927045, -28.3907963], [29.3926267, -28.390617000000002], [29.392514100000003, -28.390428200000002], [29.3923652, -28.390218200000003], [29.392184200000003, -28.3900353], [29.391910600000003, -28.3897899], [29.391613600000003, -28.389548400000002], [29.3912052, -28.389298], [29.3908042, -28.3890101], [29.390593600000003, -28.388831900000003], [29.3904327, -28.3886727], [29.3902959, -28.388476800000003], [29.390199300000003, -28.388271500000002], [29.390110800000002, -28.388092200000003], [29.3900599, -28.3879388], [29.390016900000003, -28.3877571], [29.389999500000002, -28.387616700000002], [29.3899848, -28.387488100000002], [29.3899821, -28.3872757], [29.3900116, -28.3870752], [29.3900599, -28.386860400000003], [29.3901417, -28.3866292], [29.390253, -28.3864333], [29.390391100000002, -28.386216200000003], [29.390514500000002, -28.386032200000002], [29.390671400000002, -28.38588], [29.390835000000003, -28.3857384], [29.391112600000003, -28.385541300000003], [29.3920649, -28.3849264], [29.392327, -28.384754400000002], [29.392810800000003, -28.3844299], [29.392943300000002, -28.3843427], [29.393069, -28.3842481], [29.3931873, -28.384146400000002], [29.393297800000003, -28.3840381], [29.3933998, -28.3839235], [29.3934931, -28.3838033], [29.3935771, -28.383678000000003], [29.393651600000002, -28.383548], [29.393716100000002, -28.383414000000002], [29.393770500000002, -28.383276600000002], [29.3938144, -28.383136200000003], [29.393847700000002, -28.3829937], [29.393870300000003, -28.382849500000003], [29.3938819, -28.3827043], [29.393882700000002, -28.3825588], [29.3938726, -28.382413500000002], [29.3938516, -28.382269200000003], [29.393819800000003, -28.3821264], [29.393777300000004, -28.3819857], [29.393724400000004, -28.381847800000003], [29.393675700000003, -28.381739900000003], [29.393620100000003, -28.3816346], [29.3935594, -28.3815315], [29.3934935, -28.3814309], [29.3934226, -28.3813329], [29.3933469, -28.381237900000002], [29.393266500000003, -28.381145800000002], [29.3931815, -28.381057000000002], [29.392716300000004, -28.380587100000003], [29.3913158, -28.379221700000002], [29.390968500000003, -28.3789073], [29.3908056, -28.378761500000003], [29.390633100000002, -28.378624700000003], [29.390451400000003, -28.378497300000003], [29.390261300000002, -28.3783798], [29.3900635, -28.378272600000003], [29.3898586, -28.378176200000002], [29.389647500000002, -28.3780909], [29.3894309, -28.378016900000002], [29.389181, -28.377945], [29.3889271, -28.377884700000003], [29.38867, -28.3778362], [29.3884103, -28.3777997], [29.388148800000003, -28.377775300000003], [29.3878579, -28.377758800000002], [29.386713800000003, -28.3776985], [29.3861254, -28.377662700000002], [29.3850717, -28.3776061], [29.3839055, -28.3775581], [29.383323500000003, -28.377515600000002], [29.382804500000002, -28.3774495], [29.382525500000003, -28.377407100000003], [29.382140600000003, -28.3773304], [29.381875100000002, -28.377269000000002], [29.381500900000002, -28.377164], [29.3812877, -28.3770908], [29.3807191, -28.3768312], [29.3803114, -28.3766141], [29.3799385, -28.3763404], [29.3793602, -28.375780600000002], [29.377921500000003, -28.3742978], [29.3773553, -28.3736986], [29.377036500000003, -28.3734183], [29.376690600000003, -28.373171900000003], [29.3762556, -28.372902300000003], [29.3757102, -28.3726583], [29.375190200000002, -28.372482], [29.374894200000004, -28.372391200000003], [29.374630900000003, -28.372300900000003], [29.3738919, -28.372078300000002], [29.372697300000002, -28.371707100000002], [29.3708631, -28.371114000000002], [29.3687849, -28.370438600000004], [29.367969300000002, -28.370177400000003], [29.3667145, -28.3697759], [29.3646379, -28.3691238], [29.3619176, -28.368251200000003], [29.3603707, -28.3677649], [29.3586977, -28.367227600000003], [29.357680700000003, -28.3669034], [29.3570448, -28.3667258], [29.3566284, -28.366636900000003], [29.356133800000002, -28.366545900000002], [29.3555686, -28.3664726], [29.355091700000003, -28.366443800000003], [29.354501300000003, -28.3664366], [29.354334100000003, -28.3664346], [29.353254600000003, -28.366439300000003], [29.351995400000003, -28.366450800000003], [29.348715000000002, -28.3664449], [29.344689000000002, -28.366494300000003], [29.343404200000002, -28.366507300000002], [29.342503, -28.366508500000002], [29.3420604, -28.3665297], [29.3417801, -28.366566300000002], [29.3415092, -28.3666182], [29.3410814, -28.366711400000003], [29.3408413, -28.366774000000003], [29.3405838, -28.366855400000002], [29.3401667, -28.367034800000003], [29.339789900000003, -28.367235400000002], [29.339540500000002, -28.367394700000002], [29.3392318, -28.3676017], [29.3388898, -28.367900400000003], [29.338724600000003, -28.368068], [29.338539100000002, -28.3682856], [29.338021, -28.368928800000003], [29.337469100000003, -28.369684000000003], [29.335783300000003, -28.3719357], [29.334413400000003, -28.373730300000002], [29.334214900000003, -28.3739887], [29.333966800000002, -28.374282500000003], [29.3335712, -28.3746495], [29.333285500000002, -28.374869], [29.333024100000003, -28.3750499], [29.3327011, -28.3752342], [29.332284700000002, -28.375436200000003], [29.3319377, -28.375579300000002], [29.3315501, -28.3757032], [29.331133100000002, -28.375804700000003], [29.330713300000003, -28.3758802], [29.330367300000002, -28.375925000000002], [29.330044100000002, -28.375935700000003], [29.329724900000002, -28.3759239], [29.3293414, -28.3758802], [29.3289967, -28.375828300000002], [29.3286641, -28.375757500000002], [29.3284495, -28.375707900000002], [29.3281759, -28.3756182], [29.327840000000002, -28.375496700000003], [29.326989100000002, -28.375159200000002], [29.3259316, -28.374730300000003], [29.325620500000003, -28.3745887], [29.325288500000003, -28.374409900000003], [29.324962000000003, -28.3742601], [29.3243833, -28.374018200000002], [29.3237154, -28.3737421], [29.3231991, -28.373530300000002], [29.322696200000003, -28.373336700000003], [29.3221564, -28.3731043], [29.3206436, -28.372472400000003], [29.3201964, -28.372283000000003], [29.319817500000003, -28.372125500000003], [29.319269700000003, -28.3718977], [29.3182933, -28.371498900000002], [29.3176965, -28.3712534], [29.3171894, -28.3710178], [29.3166721, -28.370713600000002], [29.316270900000003, -28.3704427], [29.3159756, -28.3702074], [29.3154457, -28.369778800000002], [29.314807300000002, -28.3692926], [29.314612, -28.369153], [29.3142767, -28.368925200000003], [29.313956200000003, -28.368736400000003], [29.3135809, -28.368542100000003], [29.313146200000002, -28.3683151], [29.3128096, -28.368170000000003], [29.312389800000002, -28.3680024], [29.3119593, -28.3678467], [29.3113813, -28.367670800000003], [29.311008500000003, -28.3675752], [29.3106517, -28.367503300000003], [29.3102802, -28.367453700000002], [29.3090799, -28.367281400000003], [29.308094200000003, -28.3671492], [29.3067558, -28.3669522], [29.3057017, -28.3667799], [29.304675800000002, -28.3666206], [29.3035761, -28.3664719], [29.303305100000003, -28.366436500000002], [29.3029927, -28.3663728], [29.3025246, -28.366244100000003], [29.3022242, -28.366143800000003], [29.3019895, -28.3660518], [29.3017414, -28.365942], [29.3013753, -28.365732], [29.3009917, -28.3654641], [29.300262200000002, -28.364880000000003], [29.299653300000003, -28.364400800000002], [29.299275100000003, -28.3641341], [29.298746700000002, -28.363810800000003], [29.2982894, -28.36355], [29.2979233, -28.3633753], [29.297474, -28.3631889], [29.297168300000003, -28.3630791], [29.2967927, -28.3629576], [29.2962737, -28.3628171], [29.2957064, -28.3626767], [29.295107, -28.3625422], [29.294192300000002, -28.3623297], [29.293283100000004, -28.3621291], [29.2927332, -28.3619734], [29.292223600000003, -28.361827], [29.2916831, -28.361641700000003], [29.2912339, -28.3614612], [29.2908329, -28.3612901], [29.290733600000003, -28.361241300000003], [29.290299100000002, -28.361028100000002], [29.2896353, -28.3606717], [29.288791800000002, -28.360135300000003], [29.2881788, -28.359657900000002], [29.287925400000002, -28.359445500000003], [29.287519000000003, -28.359095000000003], [29.287162300000002, -28.358755100000003], [29.286782700000003, -28.3583633], [29.286600300000003, -28.3581438], [29.2862034, -28.357648100000002], [29.285989500000003, -28.357347500000003], [29.285810400000003, -28.3570604], [29.2855141, -28.356577700000003], [29.2852539, -28.3560844], [29.285099700000004, -28.355757500000003], [29.284932, -28.355385700000003], [29.2847322, -28.354852200000003], [29.284600800000003, -28.354446300000003], [29.2844948, -28.3540934], [29.284372800000003, -28.3536059], [29.2843178, -28.3532991], [29.2842118, -28.3526382], [29.2841005, -28.3518793], [29.283883300000003, -28.3503261], [29.2837156, -28.3491517], [29.283556400000002, -28.347955700000004], [29.283214100000002, -28.345614400000002], [29.283189900000004, -28.345453900000003], [29.283100100000002, -28.344920400000003], [29.283011600000002, -28.344512], [29.282885500000003, -28.344094100000003], [29.282746000000003, -28.343683400000003], [29.282582400000003, -28.3432844], [29.2824215, -28.342932700000002], [29.282292700000003, -28.3426872], [29.282046, -28.342250500000002], [29.2818314, -28.3419105], [29.281548400000002, -28.341505100000003], [29.281215800000002, -28.3410961], [29.2810321, -28.340886], [29.280661900000002, -28.3405035], [29.280330000000003, -28.340190800000002], [29.2800128, -28.3399216], [29.2797902, -28.339741], [29.279449600000003, -28.3394884], [29.2791089, -28.339250000000003], [29.278902400000003, -28.339113100000002], [29.278575200000002, -28.3389266], [29.278229200000002, -28.338735300000003], [29.2775117, -28.338393000000003], [29.2766695, -28.3380189], [29.2755845, -28.3375579], [29.2754732, -28.3375075], [29.2752425, -28.337409200000003], [29.274992400000002, -28.3373053], [29.273617100000003, -28.3367015], [29.2722613, -28.336120800000003], [29.2709295, -28.335538800000002], [29.270000200000002, -28.335136300000002], [29.2683466, -28.334410300000002], [29.266638, -28.333664300000002], [29.265665700000003, -28.333237], [29.265475300000002, -28.333152000000002], [29.2652982, -28.3331048], [29.264732300000002, -28.332877000000003], [29.2634784, -28.332333900000002], [29.261543200000002, -28.3314887], [29.260240900000003, -28.3309198], [29.258949500000003, -28.3303803], [29.2579785, -28.3299577], [29.257133600000003, -28.3295764], [29.2554452, -28.328825600000002], [29.254994500000002, -28.3286143], [29.2545158, -28.328398200000002], [29.254306600000003, -28.3282814], [29.254041, -28.3281314], [29.253797600000002, -28.327983900000003], [29.253374500000003, -28.3276557], [29.2530013, -28.327328700000002], [29.252690800000003, -28.327004300000002], [29.252329800000002, -28.326560200000003], [29.251727600000002, -28.325631100000003], [29.2509994, -28.324414], [29.2504603, -28.3235002], [29.2501786, -28.323063400000002], [29.249843400000003, -28.3226337], [29.249390100000003, -28.322133200000003], [29.2488241, -28.321606600000003], [29.247774000000003, -28.320776700000003], [29.2461325, -28.3195064], [29.245702, -28.319201800000002], [29.2452608, -28.318945600000003], [29.2448692, -28.3187378], [29.244535300000003, -28.318589000000003], [29.244252000000003, -28.3184736], [29.243985400000003, -28.318368300000003], [29.243548200000003, -28.318214200000003], [29.242978200000003, -28.318025900000002], [29.2422755, -28.3178264], [29.2417619, -28.317701200000002], [29.2412603, -28.317629200000002], [29.2406648, -28.3175914], [29.240128400000003, -28.3176327], [29.2396013, -28.3177355], [29.2391682, -28.3178677], [29.2388128, -28.318010500000003], [29.238385, -28.3182006], [29.2377895, -28.318591400000003], [29.2372075, -28.319055400000003], [29.2365101, -28.3196587], [29.2363143, -28.3197933], [29.2361158, -28.3198936], [29.235556600000002, -28.320232400000002], [29.234953100000002, -28.320495700000002], [29.234452800000003, -28.3206504], [29.2338306, -28.3207637], [29.2332995, -28.320799100000002], [29.2328797, -28.320789700000002], [29.232466700000003, -28.3207436], [29.232052300000003, -28.3206574], [29.2316499, -28.320546500000003], [29.231168500000003, -28.320345800000002], [29.230665600000002, -28.3200849], [29.2302579, -28.319813300000003], [29.229952500000003, -28.319572400000002], [29.2296477, -28.3192561], [29.2294224, -28.3189716], [29.22832, -28.3174403], [29.227990100000003, -28.317001100000002], [29.2277218, -28.3167012], [29.2273034, -28.316331700000003], [29.226890400000002, -28.316060200000003], [29.226522900000003, -28.315857100000002], [29.2261071, -28.3156694], [29.2256545, -28.3155135], [29.2252985, -28.315427300000003], [29.2248036, -28.315338800000003], [29.2243168, -28.315290400000002], [29.2229421, -28.3151924], [29.221676100000003, -28.3151286], [29.2202264, -28.3150389], [29.2194459, -28.314982200000003], [29.217947900000002, -28.314889], [29.217290700000003, -28.3148683], [29.2162946, -28.314811000000002], [29.2148395, -28.3147139], [29.213119900000002, -28.3146056], [29.2122509, -28.3145525], [29.2106315, -28.3144421], [29.2100924, -28.314404900000003], [29.208454900000003, -28.3143016], [29.2082574, -28.3142913], [29.207603300000002, -28.314251100000003], [29.206574300000003, -28.3141953], [29.2060831, -28.3141995], [29.205444800000002, -28.314229], [29.204708500000002, -28.3143087], [29.204111700000002, -28.314404600000003], [29.2039028, -28.314450100000002], [29.203761, -28.3144828], [29.2029651, -28.314688200000003], [29.2016105, -28.315054900000003], [29.2015153, -28.315105000000003], [29.201155200000002, -28.315214800000003], [29.200574500000002, -28.315368900000003], [29.200055900000002, -28.315510000000003], [29.199573700000002, -28.315644300000002], [29.1991784, -28.3157491], [29.198701000000003, -28.3158783], [29.197967400000003, -28.3160755], [29.1973163, -28.316250200000002], [29.196813400000003, -28.3163972], [29.196702400000003, -28.316390700000003], [29.195768700000002, -28.3166395], [29.195039500000004, -28.316827300000003], [29.193871700000003, -28.317095000000002], [29.192959100000003, -28.3172803], [29.192023000000002, -28.317446200000003], [29.190850200000003, -28.3176133], [29.1900663, -28.3177154], [29.1890457, -28.317813400000002], [29.1881251, -28.317889500000003], [29.1875554, -28.317919000000003], [29.1868222, -28.317944400000002], [29.1856943, -28.3179686], [29.183608900000003, -28.318034200000003], [29.1823027, -28.3180693], [29.1817253, -28.3180814], [29.1792121, -28.318148700000002], [29.1786153, -28.318165800000003], [29.177245300000003, -28.3182048], [29.175852300000003, -28.3182352], [29.1753524, -28.3182493], [29.174866700000003, -28.318262], [29.1744148, -28.318272], [29.173485600000003, -28.318272], [29.1731325, -28.318258500000002], [29.172566900000003, -28.318226600000003], [29.171945, -28.318178500000002], [29.1716848, -28.3181502], [29.171286300000002, -28.3181012], [29.171017600000003, -28.318061800000002], [29.1706295, -28.317997400000003], [29.1701982, -28.317919300000003], [29.169821000000002, -28.317841400000002], [29.169089800000002, -28.317676100000003], [29.1687112, -28.3175743], [29.168243200000003, -28.317435000000003], [29.1675927, -28.317230700000003], [29.1670872, -28.317056], [29.166802800000003, -28.316948600000003], [29.166251300000003, -28.3167313], [29.165589100000002, -28.3164492], [29.1652291, -28.3162786], [29.164432400000003, -28.315886000000003], [29.1637847, -28.315540100000003], [29.1633086, -28.315259100000002], [29.1627638, -28.31492], [29.162339300000003, -28.3146407], [29.1618582, -28.3143034], [29.1616587, -28.3141561], [29.1611377, -28.313756700000003], [29.160442300000003, -28.313216], [29.1595139, -28.3124952], [29.158659800000002, -28.311832900000002], [29.1583986, -28.311681500000002], [29.1578793, -28.311308], [29.157599200000003, -28.311084500000003], [29.157281700000002, -28.310829400000003], [29.156782200000002, -28.3104434], [29.1562391, -28.3100057], [29.156031900000002, -28.3097959], [29.1490101, -28.304346000000002], [29.1488689, -28.304274500000002], [29.1481624, -28.303751300000002], [29.1477985, -28.3034755], [29.1475547, -28.303287500000003], [29.1470623, -28.3028689], [29.1462749, -28.302228200000002], [29.141808700000002, -28.2987639], [29.139036200000003, -28.296613400000002], [29.137717900000002, -28.295590800000003], [29.1367164, -28.2948139], [29.1359147, -28.294192000000002], [29.135824600000003, -28.294118100000002], [29.135736, -28.294042800000003], [29.135649, -28.293966100000002], [29.135563400000002, -28.2938881], [29.135479500000002, -28.2938088], [29.135397100000002, -28.2937282], [29.135316300000003, -28.293646300000002], [29.135237200000002, -28.293563300000002], [29.135159700000003, -28.293479], [29.1350839, -28.2933935], [29.135009900000004, -28.2933069], [29.134937500000003, -28.293219200000003], [29.134866900000002, -28.2931303], [29.1347266, -28.292952000000003], [29.1340767, -28.2920787], [29.1340487, -28.292041500000003], [29.134023000000003, -28.292003100000002], [29.1339997, -28.2919635], [29.1339788, -28.291922800000002], [29.1338469, -28.2916664], [29.133826600000003, -28.291628600000003], [29.133807800000003, -28.2915902], [29.133790500000003, -28.2915512], [29.133774700000004, -28.291511800000002], [29.1335914, -28.2910775], [29.1335775, -28.2910465], [29.133565100000002, -28.2910152], [29.1335541, -28.2909833], [29.1335446, -28.2909511], [29.133356900000003, -28.290373900000002], [29.1333333, -28.290297300000002], [29.1333109, -28.290220400000003], [29.133289800000004, -28.2901433], [29.1332698, -28.290065900000002], [29.133251, -28.2899883], [29.1332334, -28.2899104], [29.133217000000002, -28.2898324], [29.133201800000002, -28.289754100000003], [29.1331878, -28.2896757], [29.133175, -28.289597200000003], [29.1331634, -28.289518500000003], [29.133153, -28.2894396], [29.1331439, -28.289360700000003], [29.133136, -28.289281600000002], [29.133129200000003, -28.2892024], [29.133123700000002, -28.289123200000002], [29.133119500000003, -28.289043900000003], [29.133116400000002, -28.288964600000003], [29.133120100000003, -28.288713100000002], [29.133124400000003, -28.288418500000002], [29.133125300000003, -28.288360200000003], [29.133128900000003, -28.288112100000003], [29.1331372, -28.288048800000002], [29.133153500000002, -28.2879238], [29.1331579, -28.287860000000002], [29.1331595, -28.2877961], [29.1331582, -28.2877322], [29.133154200000003, -28.2876684], [29.1331473, -28.2876048], [29.133137700000002, -28.287541500000003], [29.133125200000002, -28.287478500000002], [29.133110100000003, -28.287416], [29.133092100000002, -28.2873541], [29.133071500000003, -28.287292800000003], [29.1330482, -28.287232300000003], [29.1330223, -28.2871726], [29.1329937, -28.2871139], [29.132962600000003, -28.2870561], [29.132929, -28.2869995], [29.1328929, -28.286944100000003], [29.1326873, -28.286670700000002], [29.131941700000002, -28.2858307], [29.1312557, -28.2850779], [29.1311995, -28.285017900000003], [29.131292400000003, -28.284929400000003], [29.131426500000003, -28.2848077], [29.1316223, -28.284654200000002], [29.131729600000003, -28.284559700000003], [29.131820800000003, -28.284455800000003], [29.131895600000004, -28.284352700000003], [29.131896, -28.284274800000002], [29.131924100000003, -28.284201000000003], [29.1318476, -28.284090300000003], [29.131768500000003, -28.283975700000003], [29.1317041, -28.283882400000003], [29.131670600000003, -28.2837986], [29.1315998, -28.2837281], [29.1314144, -28.283511], [29.1312709, -28.2832925], [29.1311207, -28.2830079], [29.130975900000003, -28.282717400000003], [29.1308344, -28.282494200000002], [29.130730500000002, -28.2823406], [29.130545400000003, -28.282071400000003], [29.1303255, -28.2817997], [29.130076000000003, -28.281517500000003], [29.129649500000003, -28.2810899], [29.1293599, -28.2807959], [29.1287477, -28.2801735], [29.128388, -28.279846300000003], [29.1274602, -28.278894500000003], [29.126518100000002, -28.277956600000003], [29.1255777, -28.277008100000003], [29.1250256, -28.2764537], [29.1240169, -28.2753866], [29.123519400000003, -28.274983900000002], [29.123314500000003, -28.274787000000003], [29.1231653, -28.274643700000002], [29.122750000000003, -28.274218500000003], [29.122971900000003, -28.274041500000003], [29.123240000000003, -28.2738249], [29.123507900000003, -28.2736084], [29.123935600000003, -28.273278400000002], [29.125015100000002, -28.272445500000003], [29.125993100000002, -28.2717211], [29.1261295, -28.2716248], [29.126168000000003, -28.2715439], [29.126228400000002, -28.271487200000003], [29.126302300000003, -28.2714527], [29.126298100000003, -28.271427600000003], [29.1262304, -28.271365000000003], [29.126189500000002, -28.2713165], [29.126139600000002, -28.271219400000003], [29.1253919, -28.270468100000002], [29.124883200000003, -28.269954300000002], [29.124423500000002, -28.269495000000003], [29.123501100000002, -28.268558400000003], [29.122567200000002, -28.2676243], [29.122025100000002, -28.267065700000003], [29.121873800000003, -28.2669037], [29.1216541, -28.2666834], [29.1210419, -28.2660759], [29.120705700000002, -28.265742300000003], [29.119962700000002, -28.2649456], [29.119376900000002, -28.264363200000002], [29.119181800000003, -28.264169300000002], [29.118386800000003, -28.263367900000002], [29.1180476, -28.2630251], [29.117732500000002, -28.262694000000003], [29.117644000000002, -28.262560500000003], [29.117540700000003, -28.2623703], [29.117471000000002, -28.262212], [29.1174415, -28.2619627], [29.117465600000003, -28.2615611], [29.117397200000003, -28.261321300000002], [29.1173168, -28.261094500000002], [29.117243000000002, -28.260949200000002], [29.117080700000002, -28.260731900000003], [29.116941200000003, -28.2605429], [29.116827200000003, -28.260371600000003], [29.1162318, -28.2595731], [29.1158804, -28.259124200000002], [29.1150543, -28.258078100000002], [29.114547400000003, -28.257375900000003], [29.114316700000003, -28.2570617], [29.1140109, -28.2566695], [29.113824500000003, -28.2564084], [29.113722600000003, -28.2562253], [29.113656900000002, -28.2560682], [29.113624700000003, -28.255959500000003], [29.113603200000004, -28.255814200000003], [29.113447700000002, -28.255391300000003], [29.1133592, -28.255051100000003], [29.113316200000003, -28.254713300000002], [29.113294800000002, -28.2543612], [29.113318900000003, -28.253945400000003], [29.113380600000003, -28.2536099], [29.113522800000002, -28.2531421], [29.113648800000004, -28.252818400000002], [29.1138446, -28.2524215], [29.114179900000003, -28.2517363], [29.1143046, -28.2514882], [29.114429400000002, -28.2512283], [29.1146332, -28.250781800000002], [29.1148719, -28.250358900000002], [29.1151723, -28.249943000000002], [29.1154566, -28.2496146], [29.1157839, -28.249321600000002], [29.116027900000002, -28.249142000000003], [29.1163123, -28.248953], [29.1166744, -28.2487616], [29.1171706, -28.2485466], [29.117728500000002, -28.2483387], [29.119265400000003, -28.247807100000003], [29.1198474, -28.247585], [29.1202632, -28.2473771], [29.1206548, -28.2471408], [29.1210303, -28.246852500000003], [29.121373600000002, -28.246524100000002], [29.121609600000003, -28.2462783], [29.121872500000002, -28.2459239], [29.122068300000002, -28.2455813], [29.122231900000003, -28.2452623], [29.122379400000003, -28.2448158], [29.1224813, -28.244437700000002], [29.122535000000003, -28.2440147], [29.122567200000002, -28.243629600000002], [29.122532300000003, -28.243220800000003], [29.122489400000003, -28.2429704], [29.122443800000003, -28.242682100000003], [29.122328500000002, -28.242348900000003], [29.122197000000003, -28.2420323], [29.122023700000003, -28.241725900000002], [29.121927200000002, -28.2415653], [29.121784, -28.241323400000002], [29.121609600000003, -28.2411084], [29.121397700000003, -28.240862600000003], [29.121156300000003, -28.240619300000002], [29.120823700000003, -28.240333300000003], [29.119926800000002, -28.2395211], [29.118176400000003, -28.238083800000002], [29.116950600000003, -28.2370559], [29.1161272, -28.236354100000003], [29.115636300000002, -28.2359264], [29.1152742, -28.2355459], [29.114939000000003, -28.235167800000003], [29.114593000000003, -28.234711700000002], [29.114271100000003, -28.234220200000003], [29.1136622, -28.233253700000002], [29.11304, -28.2322801], [29.112508400000003, -28.231495900000002], [29.112095800000002, -28.2308646], [29.111629100000002, -28.2301344], [29.1108164, -28.228884200000003], [29.109904500000003, -28.227459200000002], [29.109421700000002, -28.226707700000002], [29.1093076, -28.226550300000003], [29.107083300000003, -28.2231051], [29.1061601, -28.221675100000002], [29.104182, -28.218596400000003], [29.103655600000003, -28.2177733], [29.1029133, -28.2164153], [29.102449300000004, -28.215464], [29.1017894, -28.2139986], [29.0996209, -28.2091946], [29.0976548, -28.204743800000003], [29.0952865, -28.1995317], [29.094800900000003, -28.198597900000003], [29.0939775, -28.196808400000002], [29.0936261, -28.1960827], [29.0933713, -28.1956123], [29.0930226, -28.194997700000002], [29.0926498, -28.194349900000002], [29.092165, -28.193536100000003], [29.091796900000002, -28.1929717], [29.091048500000003, -28.1918228], [29.090598300000003, -28.1911053], [29.090483300000002, -28.1909221], [29.090209, -28.1904162], [29.089871100000003, -28.189874800000002], [29.0888089, -28.1881798], [29.087953300000002, -28.1868169], [29.087542900000003, -28.1861609], [29.087130700000003, -28.185530200000002], [29.0870108, -28.1853324], [29.086711400000002, -28.184865300000002], [29.085933500000003, -28.1836312], [29.0849881, -28.182235100000003], [29.083702000000002, -28.180188800000003], [29.082122100000003, -28.177699200000003], [29.0808508, -28.175694300000004], [29.0799348, -28.174239], [29.079806100000003, -28.1740475], [29.078128300000003, -28.171193600000002], [29.074675000000003, -28.165745700000002], [29.074406800000002, -28.1653449], [29.072444700000002, -28.1622354], [29.0721041, -28.1616903], [29.070328500000002, -28.158877500000003], [29.0685475, -28.156046800000002], [29.0677777, -28.154840800000002], [29.066361500000003, -28.1525871], [29.065662800000002, -28.1513916], [29.065536700000003, -28.1512326], [29.064300900000003, -28.148892500000002], [29.063206500000003, -28.1466138], [29.063163000000003, -28.1464216], [29.0618599, -28.143856000000003], [29.0595688, -28.1392424], [29.0583658, -28.136814500000003], [29.057284900000003, -28.1346503], [29.054543700000004, -28.129122400000004], [29.054275500000003, -28.1285902], [29.052684900000003, -28.125427600000002], [29.0519339, -28.123871100000002], [29.0511869, -28.122198700000002], [29.050095900000002, -28.119666900000002], [29.049049200000002, -28.117230300000003], [29.048215000000003, -28.115369100000002], [29.046734400000002, -28.1119671], [29.0465899, -28.111639200000003], [29.045528800000003, -28.109133500000002], [29.045294100000003, -28.108623], [29.0450862, -28.108210200000002], [29.0448582, -28.1077879], [29.044595400000002, -28.107274500000003], [29.044113900000003, -28.106489000000003], [29.0431832, -28.1051062], [29.0422015, -28.103625100000002], [29.0419336, -28.103231100000002], [29.0406592, -28.101293400000003], [29.0401375, -28.100606000000003], [29.039585000000002, -28.0997661], [29.038890300000002, -28.0987298], [29.0377718, -28.0970356], [29.0369859, -28.095859700000002], [29.036454900000003, -28.0950552], [29.0359908, -28.094338200000003], [29.035610000000002, -28.093751400000002], [29.0351137, -28.0929256], [29.0349475, -28.092594400000003], [29.034649700000003, -28.092005200000003], [29.034306400000002, -28.0912693], [29.033440100000004, -28.089305300000003], [29.033027, -28.0883706], [29.032184800000003, -28.0864823], [29.031600100000002, -28.085180800000003], [29.0311655, -28.0841987], [29.030339400000003, -28.082331600000003], [29.029811000000002, -28.081162600000003], [29.0292934, -28.079986400000003], [29.028797100000002, -28.078860000000002], [29.0281534, -28.077428200000003], [29.027348800000002, -28.0756131], [29.026517300000002, -28.0737269], [29.025439000000002, -28.071275], [29.024183700000002, -28.068472800000002], [29.023277200000003, -28.066428000000002], [29.022220400000002, -28.064065900000003], [29.0211569, -28.061751100000002], [29.0194282, -28.057842100000002], [29.018175600000003, -28.055021800000002], [29.017794700000003, -28.0542288], [29.0173227, -28.0533353], [29.0169901, -28.052742300000002], [29.0165073, -28.051942200000003], [29.013259100000003, -28.046955800000003], [29.0113856, -28.0440997], [29.0101243, -28.042115900000002], [29.0070337, -28.037468800000003], [29.0011127, -28.028339600000002], [29.000593700000003, -28.0275512], [28.9990461, -28.0252178], [28.9987175, -28.024708800000003], [28.997609800000003, -28.023006400000003], [28.9965516, -28.021364300000002], [28.996024300000002, -28.0205631], [28.995547900000002, -28.019839200000003], [28.9943817, -28.018067100000003], [28.9923687, -28.014991300000002], [28.991423800000003, -28.0135362], [28.9902565, -28.0117389], [28.9896543, -28.010700000000003], [28.9892067, -28.0098264], [28.9890012, -28.0093734], [28.988800800000003, -28.008842], [28.987771300000002, -28.0054982], [28.9870024, -28.0028986], [28.986688500000003, -28.001814300000003], [28.9859033, -27.9991546], [28.984823700000003, -27.995585600000002], [28.9844629, -27.9942475], [28.9838142, -27.9919727], [28.983358300000003, -27.9904553], [28.9825306, -27.987589600000003], [28.9819561, -27.985704300000002], [28.9819141, -27.9855313], [28.9813298, -27.983573300000003], [28.9807586, -27.9815632], [28.9803423, -27.980201400000002], [28.980289300000003, -27.980028], [28.980075300000003, -27.979454500000003], [28.9796683, -27.9784103], [28.979194000000003, -27.9773013], [28.9789707, -27.9768468], [28.978693200000002, -27.976389700000002], [28.9775245, -27.9745136], [28.976284800000002, -27.972724300000003], [28.975783500000002, -27.971999800000003], [28.9753684, -27.9712664], [28.9749817, -27.970408300000003], [28.9748336, -27.969876000000003], [28.974684600000003, -27.9691718], [28.9746172, -27.968578500000003], [28.9745987, -27.968108500000003], [28.974628900000003, -27.967457300000003], [28.9747103, -27.966676800000002], [28.9748778, -27.965140400000003], [28.9749638, -27.9639512], [28.9750054, -27.9627611], [28.9750069, -27.962335900000003], [28.975012900000003, -27.961828500000003], [28.974956100000004, -27.9608923], [28.974395700000002, -27.953186600000002], [28.974026300000002, -27.9487975], [28.973972800000002, -27.948140700000003], [28.9739232, -27.9478256], [28.973836000000002, -27.947349300000003], [28.9737529, -27.946958400000003], [28.973617400000002, -27.9464632], [28.9734431, -27.945927700000002], [28.9732714, -27.9454822], [28.97303, -27.9449396], [28.9728074, -27.944488200000002], [28.9725234, -27.943975700000003], [28.9721988, -27.9434937], [28.971453200000003, -27.9425272], [28.9701841, -27.941070900000003], [28.9687288, -27.9394822], [28.9685534, -27.9392551], [28.9681296, -27.938648500000003], [28.967645500000003, -27.9378725], [28.9673826, -27.9373393], [28.967164, -27.936816800000003], [28.967086400000003, -27.936617700000003], [28.967055700000003, -27.936539000000003], [28.966996400000003, -27.936386700000003], [28.966764400000002, -27.9356794], [28.966423700000004, -27.934600000000003], [28.9661475, -27.933720800000003], [28.965858500000003, -27.9327897], [28.965812200000002, -27.9326557], [28.965491, -27.9316479], [28.9653093, -27.9310371], [28.965041000000003, -27.930211200000002], [28.964874700000003, -27.9297065], [28.964672200000003, -27.9290489], [28.9645529, -27.9286993], [28.9642337, -27.927676700000003], [28.963936, -27.9266553], [28.9637455, -27.9260261], [28.9634679, -27.925232200000004], [28.962995900000003, -27.923702400000003], [28.9627853, -27.9230732], [28.962653900000003, -27.9226075], [28.9624111, -27.921872800000003], [28.962093000000003, -27.9207007], [28.962003600000003, -27.9203462], [28.961916400000003, -27.9199765], [28.9618259, -27.91955], [28.9617453, -27.919161600000002], [28.961635200000003, -27.9185428], [28.961493700000002, -27.917593], [28.9614197, -27.9170458], [28.9612811, -27.916011], [28.961131700000003, -27.9150317], [28.9610191, -27.9142188], [28.960925200000002, -27.913627400000003], [28.960802200000003, -27.9126015], [28.960776300000003, -27.912385500000003], [28.960714600000003, -27.911997900000003], [28.960709, -27.9119613], [28.9606619, -27.911420000000003], [28.960492000000002, -27.9103104], [28.960349800000003, -27.9090957], [28.9601943, -27.9081286], [28.960111100000002, -27.9075431], [28.9600374, -27.906995600000002], [28.9599435, -27.906048600000002], [28.959899200000002, -27.9051811], [28.959885200000002, -27.9043178], [28.9598885, -27.9036404], [28.959928700000003, -27.9022015], [28.960022600000002, -27.9013008], [28.960113800000002, -27.900611], [28.960197, -27.9000729], [28.960371300000002, -27.8990678], [28.960602, -27.898060400000002], [28.961130400000002, -27.895706500000003], [28.961516600000003, -27.8939191], [28.961908200000003, -27.8921767], [28.962543900000004, -27.889433800000003], [28.9628282, -27.8880304], [28.9630696, -27.886679100000002], [28.9631581, -27.885889600000002], [28.963561100000003, -27.881335300000003], [28.9637388, -27.879196800000003], [28.9639279, -27.877185], [28.9640419, -27.875834800000003], [28.9640889, -27.8752171], [28.964078100000002, -27.874756], [28.964032500000002, -27.8742735], [28.9639682, -27.8738266], [28.9638595, -27.8732705], [28.963674500000003, -27.872707400000003], [28.963521600000004, -27.8722795], [28.9632614, -27.871729400000003], [28.962938200000004, -27.8711473], [28.962553300000003, -27.870572300000003], [28.962286900000002, -27.8702009], [28.961106700000002, -27.868683700000002], [28.9605564, -27.868017400000003], [28.9598161, -27.867076100000002], [28.9595613, -27.866673000000002], [28.9592314, -27.866047000000002], [28.9590758, -27.865636700000003], [28.9589578, -27.865295300000003], [28.9588451, -27.8648732], [28.958787500000003, -27.864644400000003], [28.9587593, -27.864417900000003], [28.9587083, -27.863884400000003], [28.9586815, -27.863275], [28.9588311, -27.8618932], [28.9588895, -27.861223600000002], [28.959002, -27.859992000000002], [28.9594124, -27.8562772], [28.9594285, -27.855890700000003], [28.9594285, -27.855468600000002], [28.959400400000003, -27.8546908], [28.959341300000002, -27.8540078], [28.9592287, -27.852841], [28.9589618, -27.8502952], [28.958794200000003, -27.848840300000003], [28.958711, -27.8483446], [28.9586654, -27.8480007], [28.9586104, -27.8478971], [28.958580800000004, -27.8473444], [28.9585958, -27.847067600000003], [28.958619100000003, -27.846833800000002], [28.958684700000003, -27.8464351], [28.9587815, -27.8460734], [28.958893500000002, -27.845746700000003], [28.9590892, -27.8452947], [28.9592616, -27.844941600000002], [28.959624, -27.8442769], [28.959905300000003, -27.843777900000003], [28.960378600000002, -27.842923000000003], [28.9604652, -27.8428721], [28.9605701, -27.842693], [28.960879700000003, -27.842131700000003], [28.9615659, -27.840865800000003], [28.962696800000003, -27.8387642], [28.962954300000003, -27.838253100000003], [28.963159500000003, -27.837738400000003], [28.963315, -27.8372308], [28.9633767, -27.836972300000003], [28.9634371, -27.8366438], [28.9634831, -27.836246300000003], [28.963514900000003, -27.8357567], [28.963494700000002, -27.8351638], [28.963421, -27.8337359], [28.963267600000002, -27.831605500000002], [28.9631098, -27.829547100000003], [28.963080100000003, -27.8290797], [28.963032100000003, -27.8283267], [28.9630334, -27.827649500000003], [28.963064900000003, -27.827230800000002], [28.9631487, -27.826603400000003], [28.963289600000003, -27.825976], [28.9636798, -27.824562200000003], [28.963954800000003, -27.8235944], [28.964334400000002, -27.8222586], [28.964443600000003, -27.8218746], [28.964994100000002, -27.819909000000003], [28.965259000000003, -27.8189791], [28.9660294, -27.816015200000002], [28.966492100000004, -27.8144305], [28.966599400000003, -27.8139323], [28.966709400000003, -27.8133108], [28.966832800000002, -27.8124022], [28.966878400000002, -27.811927700000002], [28.966886400000003, -27.811393900000002], [28.9668837, -27.810679800000003], [28.966827400000003, -27.809977600000003], [28.966795200000004, -27.809477], [28.966722800000003, -27.809031], [28.966470700000002, -27.807804400000002], [28.9660361, -27.806120000000004], [28.9646383, -27.8008114], [28.9641033, -27.798854700000003], [28.963963600000003, -27.7982997], [28.9636369, -27.797087800000003], [28.960107400000002, -27.7840686], [28.9577007, -27.775160300000003], [28.9555919, -27.767374500000003], [28.954870300000003, -27.7647058], [28.9541471, -27.7620417], [28.953866700000003, -27.760968100000003], [28.9537584, -27.7605362], [28.953574600000003, -27.7596613], [28.953475400000002, -27.759079800000002], [28.953390700000003, -27.758546000000003], [28.9532433, -27.7572976], [28.9526077, -27.7508869], [28.9519546, -27.744528000000003], [28.95174, -27.7431428], [28.9515576, -27.741177200000003], [28.9514342, -27.7400282], [28.9512733, -27.738978900000003], [28.951066700000002, -27.7380341], [28.950913800000002, -27.737464300000003], [28.950747500000002, -27.736944400000002], [28.9505276, -27.7363414], [28.9503023, -27.735776400000002], [28.949988500000003, -27.735095100000002], [28.9496371, -27.734406600000003], [28.9493903, -27.733924700000003], [28.949140900000003, -27.7334949], [28.948813700000002, -27.732989300000003], [28.9484999, -27.732495500000002], [28.9481548, -27.732014600000003], [28.9476684, -27.731408100000003], [28.947199500000004, -27.7308705], [28.9458443, -27.7293422], [28.944412200000002, -27.7277495], [28.9425883, -27.7257457], [28.941354500000003, -27.7243627], [28.9403003, -27.7231957], [28.939232800000003, -27.7219872], [28.938822100000003, -27.721464700000002], [28.937947100000002, -27.720214300000002], [28.937323900000003, -27.719132400000003], [28.937041100000002, -27.718569300000002], [28.936774300000003, -27.7179912], [28.9365023, -27.7173999], [28.9362636, -27.7167873], [28.935453600000002, -27.714322600000003], [28.935003000000002, -27.712931100000002], [28.9342815, -27.710817700000003], [28.9337692, -27.7093217], [28.9328304, -27.706488800000002], [28.932667600000002, -27.706002400000003], [28.9323249, -27.704978200000003], [28.932122300000003, -27.704373], [28.931639500000003, -27.7029077], [28.9301777, -27.698493000000003], [28.9292899, -27.695883000000002], [28.929251, -27.6957683], [28.928839300000003, -27.694555400000002], [28.9286005, -27.693890500000002], [28.9283484, -27.6932872], [28.927896500000003, -27.6923479], [28.9271548, -27.6910512], [28.926745500000003, -27.690424500000002], [28.926305300000003, -27.689822600000003], [28.9251311, -27.688308000000003], [28.9240107, -27.6869036], [28.9216775, -27.6839967], [28.917891400000002, -27.6792565], [28.917348200000003, -27.6785764], [28.9129857, -27.6731422], [28.9069366, -27.665526200000002], [28.904998900000002, -27.6631007], [28.9026998, -27.660222800000003], [28.901236700000002, -27.6583626], [28.8959721, -27.6517562], [28.895229800000003, -27.650851600000003], [28.894773200000003, -27.6502659], [28.893201400000002, -27.6482992], [28.8908813, -27.645392800000003], [28.888773800000003, -27.642743600000003], [28.8848148, -27.637787000000003], [28.8843032, -27.637141900000003], [28.883720500000003, -27.636417700000003], [28.8823982, -27.6347562], [28.8813025, -27.633395800000002], [28.869446800000002, -27.6185101], [28.8685417, -27.617301700000002], [28.86765, -27.6160372], [28.863298800000003, -27.6092197], [28.8611097, -27.605804000000003], [28.8590884, -27.602646200000002], [28.8586847, -27.6020128], [28.8535067, -27.593892800000003], [28.8519511, -27.5914658], [28.8504624, -27.589129000000003], [28.849443200000003, -27.587512500000003], [28.8480431, -27.585325400000002], [28.8474101, -27.5843364], [28.846661700000002, -27.5831549], [28.8455319, -27.5813279], [28.845454800000002, -27.581209], [28.8453857, -27.581086000000003], [28.845061800000003, -27.5805083], [28.8445374, -27.5795199], [28.844199500000002, -27.5788364], [28.843765, -27.577887800000003], [28.843427000000002, -27.577093700000002], [28.8430408, -27.5761189], [28.842902600000002, -27.5757361], [28.842759100000002, -27.575347400000002], [28.8424829, -27.574460600000002], [28.8422227, -27.5736308], [28.8419625, -27.5726608], [28.8416594, -27.5713721], [28.8414368, -27.570254600000002], [28.841249, -27.569232300000003], [28.840970100000003, -27.5677938], [28.840795800000002, -27.566921200000003], [28.840642900000002, -27.566134100000003], [28.840554400000002, -27.565670500000003], [28.840447100000002, -27.565099800000002], [28.8402244, -27.563930000000003], [28.839586100000002, -27.560346600000003], [28.839312500000002, -27.5591827], [28.838947700000002, -27.5572994], [28.838625800000003, -27.555575400000002], [28.838188600000002, -27.553275900000003], [28.8380425, -27.5525018], [28.8368611, -27.5466517], [28.8365411, -27.544798500000002], [28.834803200000003, -27.535574200000003], [28.8337064, -27.529824400000003], [28.833664000000002, -27.5296103], [28.833164200000002, -27.5271219], [28.832930800000003, -27.5259047], [28.832378300000002, -27.522993900000003], [28.8320477, -27.5212705], [28.8319186, -27.520596500000003], [28.8315032, -27.518431800000002], [28.8309567, -27.515596600000002], [28.8306411, -27.5139631], [28.8301884, -27.5116176], [28.8300476, -27.510893900000003], [28.8300178, -27.510756200000003], [28.8299553, -27.5103949], [28.829709500000003, -27.509086200000002], [28.829480200000003, -27.5078539], [28.8291657, -27.506210000000003], [28.8286239, -27.5033998], [28.828178800000003, -27.5010897], [28.8277086, -27.4986275], [28.8272258, -27.4961011], [28.8244253, -27.4814563], [28.8241133, -27.479824400000002], [28.824028400000003, -27.4793808], [28.823462600000003, -27.476404600000002], [28.8231326, -27.474676100000003], [28.822838500000003, -27.4731458], [28.822067200000003, -27.4691721], [28.8206135, -27.4615481], [28.820534000000002, -27.461134], [28.820110600000003, -27.458930600000002], [28.8195513, -27.456302500000003], [28.8191805, -27.4547685], [28.818633300000002, -27.4527132], [28.8180359, -27.4507109], [28.8141506, -27.4387039], [28.813761900000003, -27.437502700000003], [28.813186400000003, -27.435724], [28.812240600000003, -27.4327982], [28.812182300000003, -27.4324446], [28.812041100000002, -27.4320026], [28.8099114, -27.4254795], [28.808181400000002, -27.4201215], [28.806524500000002, -27.4150138], [28.804304300000002, -27.4081951], [28.803269, -27.404973400000003], [28.8030812, -27.4043709], [28.8029042, -27.403832700000002], [28.8025072, -27.402621900000003], [28.802123400000003, -27.401407300000002], [28.7998626, -27.394462200000003], [28.7993798, -27.392992900000003], [28.799098100000002, -27.392135600000003], [28.7989265, -27.391592600000003], [28.7975628, -27.3873862], [28.7958366, -27.382061500000002], [28.793696200000003, -27.3754354], [28.789791700000002, -27.363393300000002], [28.7866722, -27.353758300000003], [28.7852472, -27.3493631], [28.7849092, -27.3483018], [28.784234700000003, -27.3462445], [28.7836795, -27.3445982], [28.783422, -27.343887100000003], [28.783192600000003, -27.3431628], [28.7826951, -27.341576000000003], [28.7824953, -27.340997], [28.7820487, -27.3396532], [28.781744200000002, -27.338682300000002], [28.781307, -27.3373552], [28.7808108, -27.335822], [28.780470200000003, -27.334698500000002], [28.7792028, -27.3307521], [28.779135, -27.330530500000002], [28.7787335, -27.3293575], [28.7771121, -27.3243785], [28.775830000000003, -27.3204132], [28.775663700000003, -27.3199182], [28.775497400000003, -27.319399800000003], [28.7752754, -27.318676], [28.775026, -27.3179462], [28.774741000000002, -27.317025700000002], [28.7745874, -27.3165747], [28.774303800000002, -27.3157305], [28.774089600000003, -27.315059100000003], [28.7731196, -27.312092600000003], [28.772917800000002, -27.311444400000003], [28.7727843, -27.310997500000003], [28.7727079, -27.3107538], [28.7725811, -27.3103695], [28.7716813, -27.3075781], [28.7710261, -27.3055762], [28.770352900000002, -27.303536], [28.7701618, -27.302962800000003], [28.769573700000002, -27.301148400000002], [28.768227200000002, -27.297021400000002], [28.767297900000003, -27.294151600000003], [28.7666763, -27.292187000000002], [28.766375900000003, -27.2912275], [28.766234400000002, -27.2907991], [28.765431000000003, -27.2883546], [28.7653247, -27.2880262], [28.7650225, -27.2870922], [28.764875200000002, -27.2866371], [28.764851, -27.286562500000002], [28.7636879, -27.2829757], [28.763085500000003, -27.2811127], [28.7624183, -27.2790405], [28.761521700000003, -27.276276900000003], [28.7609497, -27.274567], [28.7603234, -27.272888000000002], [28.759855400000003, -27.2717294], [28.759434300000002, -27.2707519], [28.7589569, -27.269686800000002], [28.7586933, -27.269112900000003], [28.7582427, -27.268189000000003], [28.757637900000002, -27.267013600000002], [28.756928400000003, -27.2656856], [28.756105700000003, -27.264227100000003], [28.7555069, -27.263228100000003], [28.755018000000003, -27.2624347], [28.7547652, -27.262033000000002], [28.754430600000003, -27.261529900000003], [28.753844200000003, -27.260656100000002], [28.753622600000003, -27.260332400000003], [28.752124900000002, -27.258286000000002], [28.751470500000003, -27.257402900000002], [28.749289500000003, -27.254562500000002], [28.748169700000002, -27.2530928], [28.7477392, -27.252537200000003], [28.747526, -27.252258800000003], [28.74707, -27.2516663], [28.746791, -27.2513003], [28.7465335, -27.250968800000003], [28.7462908, -27.250648700000003], [28.746028600000002, -27.2503107], [28.7455961, -27.2497396], [28.7450717, -27.2490588], [28.744454800000003, -27.248257000000002], [28.743537500000002, -27.247050400000003], [28.742579600000003, -27.245813700000003], [28.741855800000003, -27.2448738], [28.741251400000003, -27.244083300000003], [28.7400024, -27.2424415], [28.739401500000003, -27.241658700000002], [28.739032100000003, -27.2411549], [28.7387082, -27.2406989], [28.738378, -27.2402076], [28.7379123, -27.239483200000002], [28.737500500000003, -27.238796400000002], [28.737190700000003, -27.2382521], [28.736704600000003, -27.2373292], [28.7363874, -27.236666800000002], [28.735869100000002, -27.235437400000002], [28.7355881, -27.234687400000002], [28.7353293, -27.233920100000002], [28.733489300000002, -27.228277900000002], [28.731641800000002, -27.2225833], [28.730715200000002, -27.2197399], [28.730154000000002, -27.2181645], [28.7297027, -27.216961100000002], [28.7285648, -27.2141489], [28.7280048, -27.212872700000002], [28.727539500000002, -27.2118661], [28.7260792, -27.2087013], [28.725613000000003, -27.207689000000002], [28.724933, -27.2062002], [28.7239319, -27.204032400000003], [28.7234619, -27.203001800000003], [28.722759800000002, -27.201524600000003], [28.7224976, -27.2009565], [28.7223119, -27.200559000000002], [28.7217258, -27.1992803], [28.7214059, -27.198592700000003], [28.7212135, -27.198177], [28.720846, -27.1973814], [28.7206422, -27.1969406], [28.7202124, -27.196015000000003], [28.7198677, -27.195267700000002], [28.7190188, -27.1934229], [28.718053800000003, -27.1913187], [28.717651500000002, -27.190443700000003], [28.715810800000003, -27.186461100000002], [28.715334400000003, -27.1854468], [28.7150022, -27.1847233], [28.714160600000003, -27.1828888], [28.713022700000003, -27.1803996], [28.712676000000002, -27.179667700000003], [28.7112909, -27.1766751], [28.708792000000003, -27.1712764], [28.7081927, -27.1700121], [28.7076008, -27.1688419], [28.707040300000003, -27.1677125], [28.7069535, -27.167537600000003], [28.7062154, -27.166134600000003], [28.705368300000004, -27.1645356], [28.7047005, -27.163306600000002], [28.7037939, -27.1617196], [28.7032789, -27.1608176], [28.702482300000003, -27.159502600000003], [28.701921700000003, -27.1585743], [28.7002668, -27.1559658], [28.6983731, -27.153016], [28.6982593, -27.1528388], [28.697282800000004, -27.1513239], [28.696176400000002, -27.149612700000002], [28.6903694, -27.1404928], [28.688788400000004, -27.1380136], [28.688524100000002, -27.1376071], [28.6849111, -27.1320096], [28.6814135, -27.1265956], [28.679240900000003, -27.123201], [28.6746021, -27.1159949], [28.674356600000003, -27.115592600000003], [28.670785900000002, -27.1100782], [28.670703500000002, -27.109951000000002], [28.6699719, -27.1088056], [28.667838900000003, -27.105499400000003], [28.666729800000002, -27.1037767], [28.664519600000002, -27.100337200000002], [28.6631584, -27.098337500000003], [28.662895600000002, -27.0979172], [28.661954100000003, -27.096465400000003], [28.6601275, -27.093643], [28.655068900000003, -27.085772300000002], [28.6511971, -27.079743500000003], [28.645293100000004, -27.0706157], [28.6365757, -27.057022600000003], [28.630711700000003, -27.047896400000003], [28.6283019, -27.044137300000003], [28.6282454, -27.044096300000003], [28.628210600000003, -27.044061600000003], [28.6281241, -27.043938], [28.628057000000002, -27.043827500000003], [28.627670100000003, -27.0432117], [28.6272182, -27.0425201], [28.627000900000002, -27.0421988], [28.626797000000003, -27.041875100000002], [28.6265393, -27.041472600000002], [28.626351800000002, -27.041179900000003], [28.625986700000002, -27.0406063], [28.625611000000003, -27.0400366], [28.6252266, -27.039444300000003], [28.6249611, -27.0390453], [28.6247024, -27.038684300000003], [28.624360300000003, -27.0382068], [28.623805, -27.0374471], [28.623623300000002, -27.037193600000002], [28.623581100000003, -27.037134700000003], [28.623512700000003, -27.0370314], [28.6231015, -27.036492300000003], [28.622600100000003, -27.035845600000002], [28.621599800000002, -27.034658800000003], [28.621218000000002, -27.034233], [28.6207831, -27.033743400000002], [28.6200821, -27.032979700000002], [28.619097500000002, -27.0318934], [28.618667100000003, -27.031420200000003], [28.618033500000003, -27.030731300000003], [28.617873000000003, -27.030564000000002], [28.6174882, -27.030115600000002], [28.6169644, -27.0295434], [28.616015400000002, -27.028507700000002], [28.615368500000002, -27.027815], [28.6146789, -27.0270589], [28.613861300000003, -27.0261585], [28.613060800000003, -27.0253067], [28.6128539, -27.0250816], [28.611710100000003, -27.0238273], [28.610908900000002, -27.022956], [28.610035500000002, -27.021994900000003], [28.609198900000003, -27.021051900000003], [28.608177400000002, -27.019947400000003], [28.6077626, -27.019537800000002], [28.607352400000003, -27.019053300000003], [28.6072531, -27.0189422], [28.6070774, -27.0187272], [28.6069022, -27.018518500000003], [28.606695300000002, -27.0182292], [28.6064766, -27.017881300000003], [28.6062969, -27.0175814], [28.606081000000003, -27.0171931], [28.605968400000002, -27.016958900000002], [28.6057752, -27.016567100000003], [28.6053716, -27.0156853], [28.6048526, -27.0145097], [28.6044167, -27.013514400000002], [28.603722, -27.011966], [28.6034672, -27.0113817], [28.6033344, -27.0110914], [28.6030461, -27.010413900000003], [28.602527100000003, -27.0092442], [28.602276300000003, -27.008688600000003], [28.602025500000003, -27.008138900000002], [28.601800200000003, -27.0076873], [28.601541400000002, -27.007198600000002], [28.601034400000003, -27.0063299], [28.600687100000002, -27.005754000000003], [28.600133200000002, -27.004830300000002], [28.5998328, -27.0043416], [28.5988082, -27.002665200000003], [28.5987478, -27.002561200000002], [28.598096100000003, -27.0014846], [28.597889100000003, -27.0011434], [28.5969808, -26.999659100000002], [28.596742900000002, -26.9992501], [28.5962977, -26.998487700000002], [28.595950300000002, -26.9979094], [28.595666, -26.997438600000002], [28.5953066, -26.996879300000003], [28.5947245, -26.9959054], [28.593949400000003, -26.994639900000003], [28.593290900000003, -26.9935632], [28.593052200000002, -26.993155700000003], [28.592368200000003, -26.9920444], [28.5919002, -26.991273600000003], [28.591399900000003, -26.990463400000003], [28.591007, -26.989803700000003], [28.5906865, -26.989270700000002], [28.5902251, -26.9885334], [28.5899663, -26.988109100000003], [28.589704800000003, -26.9876897], [28.589188500000002, -26.986829200000003], [28.588924300000002, -26.9863715], [28.588743200000003, -26.9860787], [28.588426700000003, -26.9855553], [28.588064600000003, -26.984976800000002], [28.587804400000003, -26.984577700000003], [28.583698000000002, -26.9779005], [28.5824414, -26.975780200000003], [28.5805933, -26.972754000000002], [28.578241000000002, -26.9688443], [28.575000900000003, -26.963545600000003], [28.574182800000003, -26.962229500000003], [28.5723248, -26.95917], [28.5690062, -26.9537005], [28.5680325, -26.952090300000002], [28.566081200000003, -26.948890000000002], [28.5640387, -26.945542600000003], [28.5624122, -26.9428476], [28.5610615, -26.9406445], [28.559843700000002, -26.938616200000002], [28.5590605, -26.937334600000003], [28.558486600000002, -26.936393600000002], [28.557711400000002, -26.935113700000002], [28.5572407, -26.934332400000002], [28.5562462, -26.932691900000002], [28.555280000000003, -26.931104700000002], [28.5550788, -26.9307604], [28.554119900000003, -26.929213200000003], [28.551458500000003, -26.924800400000002], [28.550538500000002, -26.9233057], [28.546725100000003, -26.9170428], [28.545097000000002, -26.914360600000002], [28.5424764, -26.910054300000002], [28.5422578, -26.9097003], [28.5420379, -26.9093266], [28.541407600000003, -26.9082802], [28.5411052, -26.907761400000002], [28.5408544, -26.9073402], [28.540449400000004, -26.906692000000003], [28.539975300000002, -26.9060163], [28.539748000000003, -26.905714300000003], [28.5395247, -26.905445800000003], [28.539070700000003, -26.9049298], [28.538603300000002, -26.90444], [28.5381594, -26.9040107], [28.5376766, -26.903604700000002], [28.5361598, -26.9023441], [28.535030600000002, -26.901394500000002], [28.532313600000002, -26.899111400000002], [28.5313781, -26.8983238], [28.5305916, -26.8976642], [28.5302027, -26.897332900000002], [28.529804300000002, -26.897006400000002], [28.5274909, -26.8950527], [28.526015700000002, -26.8937989], [28.5229594, -26.891227100000002], [28.520689200000003, -26.8893154], [28.5193659, -26.8882048], [28.5180471, -26.887111700000002], [28.5161626, -26.885526100000003], [28.514723900000003, -26.884319100000003], [28.513715800000003, -26.8834738], [28.511722600000002, -26.8818015], [28.510716400000003, -26.8809538], [28.5094965, -26.8799311], [28.508895900000002, -26.879429400000003], [28.5057127, -26.8767475], [28.5030299, -26.874486], [28.4997475, -26.871719600000002], [28.497351000000002, -26.869713400000002], [28.497045200000002, -26.8694646], [28.494358400000003, -26.8671745], [28.490670100000003, -26.864090100000002], [28.483675700000003, -26.8582138], [28.482876400000002, -26.857496], [28.482325200000002, -26.856915700000002], [28.4819122, -26.856425100000003], [28.4814052, -26.855759900000002], [28.481044500000003, -26.855176], [28.480628600000003, -26.8544635], [28.4799024, -26.8529006], [28.477432200000003, -26.8475836], [28.472509600000002, -26.837080200000003], [28.468864600000003, -26.8292672], [28.4687009, -26.828923900000003], [28.466093800000003, -26.8233265], [28.4645167, -26.8199848], [28.461779900000003, -26.8140484], [28.4609595, -26.812296], [28.4605095, -26.811319400000002], [28.4603694, -26.8110232], [28.4560232, -26.8017161], [28.4555109, -26.800616700000003], [28.455096700000002, -26.799726300000003], [28.455086, -26.799700100000003], [28.4545375, -26.7985332], [28.453421400000003, -26.7961297], [28.4532236, -26.795721800000003], [28.4511812, -26.791346700000002], [28.450626500000002, -26.7901567], [28.450238900000002, -26.7893431], [28.4497946, -26.7884089], [28.449100100000003, -26.786891200000003], [28.448388, -26.7853597], [28.4476964, -26.7838743], [28.446877100000002, -26.782122700000002], [28.4460665, -26.7803788], [28.4456218, -26.7794527], [28.445279900000003, -26.7787989], [28.444275400000002, -26.776576700000003], [28.442772, -26.7733589], [28.442097500000003, -26.771933500000003], [28.441661600000003, -26.7709936], [28.4403842, -26.7682456], [28.439499100000003, -26.766356100000003], [28.439349500000002, -26.766067600000003], [28.439185900000002, -26.765777200000002], [28.438850000000002, -26.765210200000002], [28.438445, -26.7645409], [28.4356776, -26.759998000000003], [28.435314100000003, -26.7594098], [28.433564, -26.7565394], [28.433161700000003, -26.7558712], [28.4301636, -26.750932300000002], [28.427527, -26.746597400000002], [28.4239268, -26.740728800000003], [28.420583500000003, -26.735226500000003], [28.416867300000003, -26.729137100000003], [28.416163200000003, -26.727974000000003], [28.4147497, -26.725682600000003], [28.414368800000002, -26.7250453], [28.413800100000003, -26.724117000000003], [28.413312, -26.723321600000002], [28.4115256, -26.7203617], [28.411094100000003, -26.719644000000002], [28.4102114, -26.718187500000003], [28.4094, -26.716859600000003], [28.408200400000002, -26.7148857], [28.406643300000002, -26.712333400000002], [28.405432, -26.710342100000002], [28.405144300000003, -26.7098686], [28.404091200000003, -26.708135600000002], [28.403030400000002, -26.706400600000002], [28.4024557, -26.705402600000003], [28.401856300000002, -26.7042621], [28.401166900000003, -26.7027849], [28.400700200000003, -26.7016311], [28.4003717, -26.7007349], [28.400187900000002, -26.7001694], [28.399791, -26.6988659], [28.3994141, -26.697598900000003], [28.398903200000003, -26.695889700000002], [28.3983728, -26.6941278], [28.3977505, -26.6920538], [28.397143600000003, -26.6900486], [28.3970565, -26.6897562], [28.396565600000002, -26.688091900000003], [28.3963484, -26.687383800000003], [28.3955196, -26.6845691], [28.3940336, -26.679615300000002], [28.3933959, -26.677429], [28.392755700000002, -26.6752824], [28.3923418, -26.673894400000002], [28.391761300000002, -26.671961200000002], [28.3915298, -26.6711902], [28.390890700000003, -26.669037300000003], [28.3907771, -26.6685899], [28.3904627, -26.667352100000002], [28.3900192, -26.665545400000003], [28.389731500000003, -26.6639619], [28.389444800000003, -26.662166000000003], [28.389327700000003, -26.661266400000002], [28.3892838, -26.660596400000003], [28.3892074, -26.659525700000003], [28.3891679, -26.658617200000002], [28.389090300000003, -26.656891700000003], [28.389082300000002, -26.655310800000002], [28.389057400000002, -26.6537167], [28.389028600000003, -26.652345500000003], [28.3890098, -26.6514765], [28.3889803, -26.650110100000003], [28.388953500000003, -26.648435600000003], [28.388933400000003, -26.647412000000003], [28.388920000000002, -26.6463332], [28.3888891, -26.6452436], [28.388875700000003, -26.643708], [28.3888509, -26.6425051], [28.388806000000002, -26.640044800000002], [28.3887751, -26.638754900000002], [28.388757700000003, -26.6381687], [28.3887362, -26.6373488], [28.388724200000002, -26.636217100000003], [28.388710800000002, -26.635332400000003], [28.388686600000003, -26.633804], [28.3886457, -26.6310749], [28.388623600000003, -26.629865900000002], [28.388587400000002, -26.627977700000002], [28.388502900000002, -26.6258461], [28.3884399, -26.624301900000003], [28.3884171, -26.623195300000003], [28.388382200000002, -26.6210133], [28.3883741, -26.620256700000002], [28.388366100000002, -26.6189523], [28.388379500000003, -26.617401400000002], [28.3883936, -26.616719200000002], [28.3884104, -26.616116700000003], [28.388428500000003, -26.615567000000002], [28.3884694, -26.6143062], [28.388536400000003, -26.6129442], [28.388568600000003, -26.612338700000002], [28.388620900000003, -26.6114706], [28.388633000000002, -26.6111648], [28.388777800000003, -26.608771500000003], [28.3888663, -26.6073038], [28.388929400000002, -26.6061395], [28.3889803, -26.6052582], [28.389011200000002, -26.6045903], [28.389145300000003, -26.602363500000003], [28.389201600000003, -26.601361100000002], [28.389256600000003, -26.600405300000002], [28.3893062, -26.599456800000002], [28.3894108, -26.597703600000003], [28.3894859, -26.5962022], [28.389557000000003, -26.595112200000003], [28.389612000000003, -26.5940233], [28.3897206, -26.592205300000003], [28.3897796, -26.591251900000003], [28.389787700000003, -26.590991600000002], [28.389899000000003, -26.5891124], [28.3899526, -26.588206900000003], [28.389957900000002, -26.5881195], [28.3900103, -26.5872475], [28.390048500000002, -26.5865657], [28.390110900000003, -26.5854965], [28.3901417, -26.584971200000002], [28.3901712, -26.584431600000002], [28.3902195, -26.5835417], [28.3902785, -26.582643400000002], [28.3903402, -26.581522600000003], [28.390367700000002, -26.581041600000002], [28.3904408, -26.579755300000002], [28.3904837, -26.5789745], [28.3905226, -26.5783592], [28.3905695, -26.5774705], [28.390596400000003, -26.576990700000003], [28.3906272, -26.576299900000002], [28.3906634, -26.575723], [28.390713, -26.574845000000003], [28.390756000000003, -26.5741541], [28.3908123, -26.573315700000002], [28.390859900000002, -26.5725169], [28.3909035, -26.5717673], [28.3909357, -26.571178300000003], [28.3909853, -26.5702667], [28.3910181, -26.5696532], [28.3910617, -26.568889700000003], [28.391097900000002, -26.5683632], [28.3911248, -26.5677646], [28.391163600000002, -26.567066500000003], [28.391179700000002, -26.566647900000003], [28.3911838, -26.566451200000003], [28.3911757, -26.566254500000003], [28.391161, -26.566025300000003], [28.3911422, -26.565805800000003], [28.3910966, -26.5653872], [28.391049000000002, -26.565124500000003], [28.390988, -26.5648306], [28.3909437, -26.5646567], [28.3909021, -26.564512800000003], [28.390847100000002, -26.564310000000003], [28.3907586, -26.5640353], [28.3906326, -26.5636875], [28.3905186, -26.563385200000003], [28.3903214, -26.562835200000002], [28.3901706, -26.562438800000002], [28.3899781, -26.561919300000003], [28.3896978, -26.561166], [28.389439000000003, -26.560469100000002], [28.389109100000002, -26.559573], [28.388855600000003, -26.558895200000002], [28.3886484, -26.558315200000003], [28.388504200000003, -26.5579368], [28.3881207, -26.5568847], [28.3877707, -26.555947800000002], [28.3874099, -26.554968900000002], [28.3870706, -26.554054800000003], [28.3867219, -26.553104700000002], [28.3865462, -26.552629600000003], [28.3862123, -26.5517371], [28.3858247, -26.5506886], [28.3856128, -26.5501103], [28.385360700000003, -26.549428900000002], [28.384996200000003, -26.5484514], [28.384898300000003, -26.5482024], [28.384420600000002, -26.5468748], [28.384192600000002, -26.5462509], [28.3838265, -26.5452683], [28.383701700000003, -26.544897600000002], [28.383593100000002, -26.544495100000002], [28.3834932, -26.544046400000003], [28.3834215, -26.543577300000003], [28.3833933, -26.5432132], [28.3833772, -26.542800500000002], [28.3833933, -26.542350600000002], [28.383429200000002, -26.5417945], [28.3835294, -26.5412126], [28.3836501, -26.5406991], [28.383791600000002, -26.540149000000003], [28.3840249, -26.539292900000003], [28.384275700000003, -26.5383961], [28.3848336, -26.5362292], [28.385297700000002, -26.5344991], [28.3858582, -26.532389700000003], [28.3864872, -26.5300164], [28.386755400000002, -26.5290073], [28.3870411, -26.5279226], [28.387126900000002, -26.5275962], [28.3872128, -26.5272758], [28.388095200000002, -26.523918400000003], [28.388376800000003, -26.5228816], [28.388639700000002, -26.5218905], [28.388937400000003, -26.5207097], [28.3890849, -26.520104900000003], [28.389149300000003, -26.5197305], [28.389197600000003, -26.519360900000002], [28.3892278, -26.5189199], [28.3892284, -26.5183721], [28.3892056, -26.5180697], [28.389174800000003, -26.5177817], [28.389109100000002, -26.5173077], [28.388960200000003, -26.5166441], [28.3888414, -26.5162578], [28.3887041, -26.515882100000002], [28.388594100000002, -26.5156181], [28.388447900000003, -26.515300000000003], [28.388030800000003, -26.514400000000002], [28.3876218, -26.513542], [28.3874354, -26.513138700000003], [28.3869794, -26.512182300000003], [28.386595800000002, -26.5113518], [28.386247200000003, -26.5106138], [28.3859101, -26.5099386], [28.3832552, -26.504324200000003], [28.3824089, -26.5024565], [28.381535200000002, -26.500606], [28.381097200000003, -26.4996669], [28.3809527, -26.499351800000003], [28.380810500000003, -26.4990473], [28.380011000000003, -26.4973709], [28.379661000000002, -26.496709900000003], [28.379496000000003, -26.496455500000003], [28.3790535, -26.4958229], [28.3784996, -26.4952012], [28.3779028, -26.494608300000003], [28.377416, -26.494244600000002], [28.376677800000003, -26.493699900000003], [28.372151900000002, -26.4905183], [28.3689013, -26.488257500000003], [28.366310600000002, -26.4864125], [28.363591900000003, -26.4844729], [28.3621395, -26.483447700000003], [28.3609405, -26.4826015], [28.3599199, -26.4818897], [28.359042900000002, -26.481288300000003], [28.3580706, -26.480568], [28.3571719, -26.479894100000003], [28.3569989, -26.4797644], [28.3555318, -26.4786642], [28.3550021, -26.478268], [28.3515823, -26.4756895], [28.348784700000003, -26.4735863], [28.3482692, -26.4731953], [28.346622900000003, -26.4719464], [28.345204000000003, -26.470904400000002], [28.343251000000002, -26.4695685], [28.3400025, -26.467448100000002], [28.3396277, -26.467205500000002], [28.3370387, -26.4655068], [28.334802500000002, -26.4640914], [28.3344282, -26.463857200000003], [28.333643700000003, -26.4633469], [28.3332802, -26.4630972], [28.3328041, -26.462779100000002], [28.3323998, -26.4625035], [28.332147000000003, -26.462324600000002], [28.331857300000003, -26.4621013], [28.3315066, -26.461828200000003], [28.327576500000003, -26.458304400000003], [28.324105300000003, -26.455144800000003], [28.3222932, -26.4535492], [28.321626000000002, -26.4529482], [28.319898000000002, -26.451392100000003], [28.317528300000003, -26.4492578], [28.3153684, -26.4473132], [28.315146300000002, -26.4471004], [28.313458, -26.445602200000003], [28.312709, -26.445009300000002], [28.312236300000002, -26.444646300000002], [28.311613400000002, -26.4441768], [28.310863, -26.4436125], [28.310398300000003, -26.443260000000002], [28.3097023, -26.442732900000003], [28.309051800000002, -26.44224], [28.308556300000003, -26.4418611], [28.307983, -26.4414258], [28.307359400000003, -26.440959900000003], [28.306906100000003, -26.4406189], [28.3039965, -26.438409800000002], [28.2967899, -26.432952800000002], [28.289540100000004, -26.427479400000003], [28.2825811, -26.4221788], [28.2819696, -26.421709200000002], [28.280916800000004, -26.4209153], [28.279539500000002, -26.419877600000003], [28.2785766, -26.4191414], [28.276957900000003, -26.417907900000003], [28.2763275, -26.4174329], [28.2753814, -26.416724900000002], [28.2743119, -26.415909900000003], [28.272435700000003, -26.4144861], [28.2720199, -26.414178600000003], [28.2716585, -26.413910100000003], [28.271000700000002, -26.4134171], [28.269546300000002, -26.4123042], [28.269182800000003, -26.412033400000002], [28.268696000000002, -26.411665900000003], [28.2677914, -26.410978200000002], [28.2659619, -26.4095759], [28.265143400000003, -26.4087777], [28.264802800000002, -26.408408400000003], [28.264448700000003, -26.4080078], [28.2641838, -26.4076877], [28.264082600000002, -26.4075591], [28.263952900000003, -26.4073832], [28.263878100000003, -26.407284100000002], [28.263750700000003, -26.407099700000003], [28.263597800000003, -26.4068751], [28.2634268, -26.406627], [28.2632297, -26.406311700000003], [28.2630634, -26.406049300000003], [28.2628434, -26.4056973], [28.262655700000003, -26.405402400000003], [28.262473300000003, -26.405116000000003], [28.2622983, -26.404841500000003], [28.2621071, -26.40454], [28.261916000000003, -26.4042403], [28.2617538, -26.4039736], [28.261572, -26.4036931], [28.2612951, -26.4032586], [28.261192500000003, -26.403096100000003], [28.2607567, -26.4023976], [28.2605347, -26.402045700000002], [28.2603329, -26.4017382], [28.2601049, -26.401375400000003], [28.259913800000003, -26.4010679], [28.259718000000003, -26.400751900000003], [28.259531600000003, -26.400464300000003], [28.2592627, -26.400040200000003], [28.2590675, -26.3997297], [28.2589173, -26.399492400000003], [28.2587544, -26.399234800000002], [28.258609500000002, -26.399007100000002], [28.258371500000003, -26.3986257], [28.258130100000002, -26.3982479], [28.257896100000004, -26.397877400000002], [28.2575487, -26.3973428], [28.2574019, -26.39712], [28.257324800000003, -26.396983000000002], [28.257230900000003, -26.396822], [28.2570438, -26.3965283], [28.256805800000002, -26.3961529], [28.2566515, -26.3959127], [28.256470500000002, -26.395624400000003], [28.256249200000003, -26.395279000000002], [28.256070800000003, -26.3949919], [28.255854900000003, -26.394650100000003], [28.255685300000003, -26.394382800000002], [28.255522300000003, -26.3941251], [28.2553902, -26.3939215], [28.255163600000003, -26.3935569], [28.2549835, -26.3932791], [28.2547919, -26.3929903], [28.253220300000002, -26.390541600000002], [28.2524586, -26.3892832], [28.2521501, -26.388805], [28.251751100000003, -26.388173100000003], [28.251486300000003, -26.3877454], [28.251069200000003, -26.3870907], [28.250311500000002, -26.385883300000003], [28.249986900000003, -26.385382300000003], [28.249572500000003, -26.384722800000002], [28.249125900000003, -26.384016300000003], [28.248847, -26.383570600000002], [28.248505, -26.3830288], [28.2481644, -26.382495300000002], [28.24764, -26.381665100000003], [28.2473409, -26.3811858], [28.247045900000003, -26.380724400000002], [28.2466878, -26.3801573], [28.246380700000003, -26.379669500000002], [28.246080900000003, -26.379197400000002], [28.2459381, -26.3789799], [28.245754400000003, -26.3786886], [28.245582700000003, -26.378412800000003], [28.244661400000002, -26.376965600000002], [28.2432227, -26.374691100000003], [28.2428145, -26.374040700000002], [28.242575000000002, -26.373654600000002], [28.2424073, -26.3733873], [28.2421973, -26.373044200000002], [28.241993700000002, -26.3727285], [28.2418219, -26.372462400000003], [28.2417006, -26.372264700000002], [28.2415437, -26.3720247], [28.241382400000003, -26.371775600000003], [28.238091200000003, -26.366527700000002], [28.2342839, -26.360532000000003], [28.234037200000003, -26.3601382], [28.2314843, -26.3560993], [28.2291305, -26.3523837], [28.226425000000003, -26.3481114], [28.2250088, -26.345890500000003], [28.224420900000002, -26.3450683], [28.2241581, -26.344744100000003], [28.2236265, -26.344131200000003], [28.223125900000003, -26.3436239], [28.222675300000002, -26.3432105], [28.2221818, -26.342782600000003], [28.2213369, -26.342145600000002], [28.2204884, -26.341531500000002], [28.219905800000003, -26.341096], [28.219786600000003, -26.341015900000002], [28.215630800000003, -26.3380212], [28.2144611, -26.3371855], [28.213356500000003, -26.3363693], [28.2091409, -26.333287700000003], [28.205265100000002, -26.330484700000003], [28.200518300000002, -26.327029900000003], [28.1997974, -26.3265074], [28.195639200000002, -26.3234844], [28.1922953, -26.321058500000003], [28.1869538, -26.3171825], [28.1834038, -26.3146033], [28.181830400000003, -26.313448], [28.180787300000002, -26.3126949], [28.180453300000003, -26.3124563], [28.179931600000003, -26.312072800000003], [28.179321400000003, -26.311626800000003], [28.1788051, -26.311257700000002], [28.1781265, -26.310756400000002], [28.177524400000003, -26.3103212], [28.1767861, -26.3097971], [28.176419300000003, -26.309523600000002], [28.175741400000003, -26.3090331], [28.1750165, -26.308511900000003], [28.174209800000003, -26.3079241], [28.173432000000002, -26.307357200000002], [28.1730115, -26.3070513], [28.1725938, -26.3067411], [28.1721499, -26.306426100000003], [28.171734100000002, -26.3061256], [28.1714391, -26.3059116], [28.171053500000003, -26.305628400000003], [28.170802100000003, -26.305449900000003], [28.170374900000002, -26.305136700000002], [28.169935000000002, -26.304816900000002], [28.169521300000003, -26.304531400000002], [28.1691451, -26.3042489], [28.168607400000003, -26.3038527], [28.168183600000003, -26.303545000000003], [28.1676605, -26.3031651], [28.1672186, -26.3028435], [28.166771400000002, -26.302523100000002], [28.1663657, -26.302227900000002], [28.1658842, -26.301876800000002], [28.165490600000002, -26.301588900000002], [28.1651084, -26.3013136], [28.164752300000004, -26.301061100000002], [28.1644942, -26.300871100000002], [28.1641991, -26.300654700000003], [28.1640228, -26.300524900000003], [28.1635668, -26.3001876], [28.1631524, -26.299891300000002], [28.1628198, -26.299650200000002], [28.1624644, -26.2993929], [28.1621513, -26.2991621], [28.1618703, -26.298957100000003], [28.1615384, -26.298719700000003], [28.161132700000003, -26.2984365], [28.1609416, -26.298295200000002], [28.1605795, -26.298024100000003], [28.160337400000003, -26.297848000000002], [28.160008400000002, -26.297613100000003], [28.15827, -26.296347], [28.157696100000003, -26.2959351], [28.157480200000002, -26.29578], [28.1569974, -26.2953514], [28.156799600000003, -26.295151800000003], [28.1564677, -26.294771200000003], [28.1562786, -26.294511500000002], [28.1560962, -26.294242200000003], [28.15595, -26.293977700000003], [28.155805200000003, -26.2936976], [28.155672000000003, -26.293385500000003], [28.1553398, -26.2926286], [28.1552471, -26.2924179], [28.1551656, -26.292227200000003], [28.155088900000003, -26.292034700000002], [28.1549689, -26.2917498], [28.1547759, -26.2912703], [28.1547096, -26.291125200000003], [28.154350500000003, -26.2902236], [28.153298900000003, -26.2877556], [28.1517361, -26.284240200000003], [28.1504054, -26.2810723], [28.1502471, -26.280715400000002], [28.1500701, -26.280316300000003], [28.149744700000003, -26.2796184], [28.149569000000003, -26.279177100000002], [28.149357100000003, -26.278519000000003], [28.14927, -26.278224700000003], [28.149203200000002, -26.277963300000003], [28.1491265, -26.277583800000002], [28.149077700000003, -26.2773147], [28.148993500000003, -26.2766845], [28.148952100000002, -26.2762935], [28.1489477, -26.275818100000002], [28.148938400000002, -26.2753403], [28.148978900000003, -26.274765100000003], [28.149023800000002, -26.274310600000003], [28.1490836, -26.2739052], [28.1491876, -26.273333500000003], [28.1493907, -26.271998], [28.149633, -26.270616800000003], [28.149640100000003, -26.2700378], [28.149653500000003, -26.2698393], [28.149674200000003, -26.2696393], [28.1497412, -26.269133], [28.149809200000004, -26.268371600000002], [28.149841300000002, -26.2679368], [28.149834600000002, -26.267680700000003], [28.149820400000003, -26.267499800000003], [28.149773500000002, -26.2672269], [28.1496819, -26.266876], [28.149521900000003, -26.266196500000003], [28.1494503, -26.265832800000002], [28.1493994, -26.265672300000002], [28.1493739, -26.265589300000002], [28.1493511, -26.265528500000002], [28.1493122, -26.265476300000003], [28.1493022, -26.2654606], [28.1492559, -26.2654263], [28.149186800000003, -26.265395700000003], [28.1490735, -26.265347600000002], [28.147795400000003, -26.265187], [28.147763400000002, -26.265183800000003], [28.1476298, -26.2651702], [28.147501100000003, -26.265172000000003], [28.147482800000002, -26.265173700000002], [28.147393800000003, -26.2651822], [28.147265, -26.265195400000003], [28.147136900000003, -26.2652171], [28.1470129, -26.2652447], [28.146895500000003, -26.265282000000003], [28.1467829, -26.2653217], [28.1463748, -26.265498400000002], [28.146314500000003, -26.2655245], [28.146176, -26.265580800000002], [28.145581900000003, -26.265822], [28.145378800000003, -26.2659026], [28.145238600000003, -26.265936800000002], [28.1450971, -26.265960900000003], [28.1449308, -26.265960900000003], [28.1447551, -26.265943500000002], [28.1446499, -26.2659176], [28.144527800000002, -26.265880900000003], [28.1444662, -26.265854800000003], [28.144381600000003, -26.265819], [28.144316500000002, -26.265785700000002], [28.144048400000003, -26.2656488], [28.1437077, -26.2654648], [28.143269900000004, -26.2652459], [28.142976200000003, -26.2651064], [28.142854800000002, -26.2650559], [28.1427602, -26.2650252], [28.1426744, -26.265003], [28.142601300000003, -26.264989200000002], [28.142516200000003, -26.264979500000003], [28.142428300000002, -26.2649723], [28.1423418, -26.2649663], [28.1422701, -26.2649639], [28.142210400000003, -26.264959700000002], [28.1421594, -26.264957300000003], [28.1420634, -26.2649529], [28.1420177, -26.264951600000003], [28.1419657, -26.2649502], [28.141912, -26.2649487], [28.1417998, -26.2649456], [28.141668600000003, -26.264942], [28.141572500000002, -26.2649393], [28.1413221, -26.264932400000003], [28.141065100000002, -26.2649253], [28.1409728, -26.264922700000003], [28.140916200000003, -26.264923000000003], [28.140857800000003, -26.264924200000003], [28.140777500000002, -26.2649243], [28.1406536, -26.2649255], [28.1403743, -26.264914700000002], [28.1399876, -26.2649061], [28.139852, -26.264894700000003], [28.139799800000002, -26.2648875], [28.139746600000002, -26.2648732], [28.139590100000003, -26.2648167], [28.139520500000003, -26.2647921], [28.1393619, -26.2647198], [28.139215900000004, -26.2646574], [28.139183300000003, -26.264643200000002], [28.139096400000003, -26.2646149], [28.1388265, -26.2644802], [28.138415600000002, -26.2643069], [28.138158100000002, -26.264198], [28.137963000000003, -26.264157800000003], [28.13774, -26.264134000000002], [28.137571100000002, -26.2641242], [28.1374625, -26.2641323], [28.137376900000003, -26.2641442], [28.1372302, -26.264166600000003], [28.1370897, -26.264199], [28.1369091, -26.264266300000003], [28.134594800000002, -26.265214], [28.1343113, -26.2653055], [28.134204, -26.2653283], [28.1340256, -26.2653427], [28.1339438, -26.265337300000002], [28.133874100000003, -26.2653301], [28.133785600000003, -26.265313300000003], [28.1337192, -26.2652928], [28.1336474, -26.2652724], [28.1335066, -26.265200800000002], [28.1334483, -26.2651711], [28.1333933, -26.2651341], [28.1332753, -26.2650481], [28.133056000000003, -26.264844200000002], [28.1327362, -26.264569], [28.132640700000003, -26.264493400000003], [28.131838700000003, -26.264137100000003], [28.1309398, -26.263798], [28.1305008, -26.263624500000002], [28.130306400000002, -26.2635618], [28.130108800000002, -26.263520600000003], [28.1297509, -26.263477700000003], [28.128775100000002, -26.2633501], [28.128003600000003, -26.2632368], [28.127966, -26.2632313], [28.127161200000003, -26.263150300000003], [28.127118300000003, -26.2631456], [28.127042000000003, -26.263135600000002], [28.126987500000002, -26.263132300000002], [28.1269627, -26.2631285], [28.126613900000002, -26.263094900000002], [28.126229400000003, -26.2630453], [28.1259967, -26.2630133], [28.125684500000002, -26.2630379], [28.1255442, -26.2630607], [28.125413100000003, -26.2631109], [28.125327300000002, -26.2631678], [28.1252047, -26.263284300000002], [28.125114800000002, -26.263358], [28.125017900000003, -26.2632987], [28.1248927, -26.263233900000003], [28.124615600000002, -26.263117400000002], [28.1244261, -26.2630383], [28.1242702, -26.2629544], [28.1240808, -26.2628105], [28.123884500000003, -26.2626032], [28.123645300000003, -26.262279000000003], [28.123541000000003, -26.2621514], [28.123275000000003, -26.2618359], [28.1230261, -26.2615844], [28.1227248, -26.2613872], [28.122621600000002, -26.2613281], [28.122464, -26.2612561], [28.1222588, -26.261179100000003], [28.1220402, -26.261119], [28.1218377, -26.2610853], [28.1215882, -26.2610564], [28.1212704, -26.2610144], [28.1205891, -26.260937400000003], [28.1203296, -26.260908500000003], [28.119762, -26.2608618], [28.119650500000002, -26.2608724], [28.119577200000002, -26.260776300000003], [28.119347100000002, -26.260474000000002], [28.1190846, -26.260144200000003], [28.1188664, -26.2598424], [28.1185581, -26.2594473], [28.1181771, -26.2589717], [28.117955400000003, -26.258694900000002], [28.117832500000002, -26.258546300000003], [28.117036600000002, -26.2575718], [28.116464800000003, -26.256881800000002], [28.1163859, -26.256783600000002], [28.116150100000002, -26.2564756], [28.116010600000003, -26.256300900000003], [28.115854000000002, -26.2561363], [28.1157772, -26.2560447], [28.115684700000003, -26.2559572], [28.1154744, -26.255809000000003], [28.115250000000003, -26.2556787], [28.1148349, -26.255469100000003], [28.113750800000002, -26.2549531], [28.1136598, -26.254911900000003], [28.113568800000003, -26.2548694], [28.1133895, -26.2547937], [28.113132800000002, -26.2546721], [28.112941000000003, -26.254558000000003], [28.1127709, -26.254430000000003], [28.1125878, -26.2542817], [28.112391600000002, -26.2541149], [28.112203700000002, -26.2539291], [28.111650100000002, -26.253388700000002], [28.1103205, -26.252110100000003], [28.1100548, -26.2518527], [28.110008, -26.2518095], [28.109779500000002, -26.251577100000002], [28.109358500000003, -26.251148800000003], [28.108921000000002, -26.2507039], [28.1086016, -26.250371700000002], [28.108303300000003, -26.2500536], [28.106291100000004, -26.2478577], [28.1060942, -26.247642900000002], [28.106022900000003, -26.247565], [28.105997100000003, -26.2475369], [28.105899700000002, -26.247426400000002], [28.1058437, -26.2473661], [28.1057735, -26.247290600000003], [28.105366200000002, -26.2468521], [28.104746600000002, -26.2461674], [28.1044181, -26.245823400000003], [28.104079900000002, -26.245486900000003], [28.103266100000003, -26.244587600000003], [28.102960300000003, -26.244218800000002], [28.1026451, -26.2438399], [28.1018495, -26.242808500000002], [28.1017486, -26.2426777], [28.101675800000002, -26.2425706], [28.100281300000002, -26.240519300000003], [28.099989500000003, -26.2400419], [28.0994573, -26.239349100000002], [28.0992135, -26.2390246], [28.0989493, -26.238696500000003], [28.0983227, -26.2380336], [28.097847, -26.237521], [28.097544900000003, -26.2372252], [28.097304, -26.2369792], [28.0964697, -26.236136300000002], [28.0961971, -26.2358514], [28.0958842, -26.2355379], [28.0956869, -26.2353671], [28.095089, -26.2348876], [28.0944818, -26.2344295], [28.0940714, -26.234140800000002], [28.093812600000003, -26.233976000000002], [28.093447800000003, -26.2337667], [28.0931032, -26.2335478], [28.092820800000002, -26.233412400000002], [28.092724800000003, -26.2333676], [28.092676700000002, -26.2333451], [28.092635700000002, -26.233323400000003], [28.092615000000002, -26.2333138], [28.0925429, -26.2332752], [28.0922197, -26.233102300000002], [28.0911532, -26.2325313], [28.0907696, -26.232330400000002], [28.090142, -26.232002], [28.089032900000003, -26.2314432], [28.0889388, -26.2313963], [28.0888807, -26.231367000000002], [28.0888211, -26.231337200000002], [28.0886929, -26.2312717], [28.0884867, -26.231166400000003], [28.088340900000002, -26.231091900000003], [28.088136300000002, -26.2309918], [28.087809600000003, -26.230831900000002], [28.087235800000002, -26.2305463], [28.086623000000003, -26.2302347], [28.086433900000003, -26.230118100000002], [28.0862474, -26.229996500000002], [28.085980600000003, -26.2298197], [28.085039100000003, -26.2291929], [28.084198200000003, -26.2286468], [28.083499500000002, -26.2281896], [28.082817300000002, -26.2277302], [28.082492400000003, -26.227518300000003], [28.081862, -26.22709], [28.0813886, -26.226776100000002], [28.081081500000003, -26.2265848], [28.080689900000003, -26.226376600000002], [28.080453900000002, -26.226278], [28.0803037, -26.2262239], [28.080082400000002, -26.226169700000003], [28.0797659, -26.226092700000002], [28.0793019, -26.2259929], [28.0782503, -26.2257554], [28.0779326, -26.225677700000002], [28.0775329, -26.225582000000003], [28.077213, -26.225497200000003], [28.0766679, -26.2253781], [28.076405100000002, -26.2253282], [28.076171700000003, -26.225273400000003], [28.075900200000003, -26.2252109], [28.075652, -26.225141100000002], [28.075446200000002, -26.225080400000003], [28.075133, -26.2249811], [28.074726000000002, -26.224856000000003], [28.073285700000003, -26.2243904], [28.0725239, -26.224151000000003], [28.0719096, -26.2239481], [28.0717743, -26.223905600000002], [28.0709535, -26.223643300000003], [28.0701193, -26.2233425], [28.0695225, -26.223107900000002], [28.068933800000003, -26.222860100000002], [28.0679695, -26.222431800000003], [28.067150100000003, -26.2221018], [28.0662804, -26.221750800000002], [28.0660397, -26.2216534], [28.0657661, -26.221533700000002], [28.0655636, -26.2214326], [28.065350400000003, -26.2213117], [28.065184700000003, -26.2211998], [28.0650057, -26.2210633], [28.064917800000003, -26.2209851], [28.064750200000002, -26.220819000000002], [28.064440400000002, -26.220488200000002], [28.064222500000003, -26.220252400000003], [28.063873800000003, -26.2198728], [28.0635848, -26.2195636], [28.0632133, -26.219157600000003], [28.0628546, -26.2187635], [28.062594400000002, -26.218474200000003], [28.0623657, -26.2182269], [28.0621404, -26.2180007], [28.0620526, -26.2179219], [28.061858800000003, -26.2177691], [28.061705900000003, -26.2176669], [28.0615114, -26.217552], [28.0613506, -26.217468200000003], [28.061092300000002, -26.2173553], [28.0606639, -26.217167600000003], [28.060254800000003, -26.216979900000002], [28.059751900000002, -26.2167585], [28.059120200000002, -26.2164614], [28.0590258, -26.2164332], [28.0569996, -26.2156507], [28.0567102, -26.215515500000002], [28.0564582, -26.2153905], [28.0562563, -26.2152931], [28.0560927, -26.2151968], [28.055986100000002, -26.2151204], [28.0558669, -26.215008400000002], [28.0556978, -26.2148004], [28.055552900000002, -26.2146127], [28.055374500000003, -26.2143859], [28.055217600000002, -26.214182500000003], [28.054956800000003, -26.213892], [28.0546548, -26.213642500000002], [28.054402200000002, -26.2134961], [28.0541662, -26.2133879], [28.0539543, -26.2133229], [28.053661, -26.2132471], [28.0533019, -26.213174900000002], [28.0532065, -26.2131675], [28.052668200000003, -26.213115300000002], [28.0520727, -26.213084000000002], [28.051370700000003, -26.2130498], [28.050376900000003, -26.2130744], [28.049534, -26.213063000000002], [28.047285700000003, -26.2130474], [28.0462436, -26.213083400000002], [28.0459533, -26.213091900000002], [28.045506000000003, -26.213108700000003], [28.045088900000003, -26.2131352], [28.044110600000003, -26.213134], [28.043839000000002, -26.2131165], [28.0436352, -26.213088900000002], [28.043529200000002, -26.213058800000002], [28.043429300000003, -26.212996800000003], [28.0433656, -26.212943900000003], [28.043279100000003, -26.212853600000003], [28.043187900000003, -26.2127309], [28.043135300000003, -26.212636500000002], [28.0431229, -26.2125901], [28.0431008, -26.212393400000003], [28.0431215, -26.211690200000003], [28.0431537, -26.210470100000002], [28.043173200000002, -26.209931100000002], [28.043171800000003, -26.2096561], [28.0431685, -26.209592400000002], [28.043151100000003, -26.209549600000003], [28.0431309, -26.2095208], [28.043103400000003, -26.209496100000003], [28.0430557, -26.2094722], [28.043012200000003, -26.2094606], [28.042903600000002, -26.209445000000002], [28.0428661, -26.209430500000003], [28.042828200000002, -26.2093998], [28.042815400000002, -26.209378500000003], [28.042773800000003, -26.209245300000003], [28.0427432, -26.2090256], [28.042627000000003, -26.208324], [28.042579800000002, -26.208035900000002], [28.0425071, -26.2074849], [28.0424189, -26.206864600000003], [28.042403200000003, -26.2067701], [28.042389200000002, -26.2066704], [28.0423012, -26.206044000000002], [28.042227500000003, -26.205469800000003], [28.042114400000003, -26.204674200000003], [28.042106800000003, -26.204607900000003], [28.042071500000002, -26.204297500000003], [28.042024100000003, -26.2040337], [28.042011000000002, -26.2039608], [28.0418978, -26.2032032], [28.0417993, -26.202459700000002], [28.041762300000002, -26.2024127], [28.041670000000003, -26.201770600000003], [28.0416975, -26.2016701], [28.0415901, -26.2008954], [28.041495500000003, -26.2001314], [28.0413913, -26.199372], [28.0412928, -26.198701500000002], [28.041268600000002, -26.198536700000002], [28.041256800000003, -26.198456200000003], [28.041236100000003, -26.198315400000002], [28.041111200000003, -26.1973565], [28.0410918, -26.1972151], [28.041068000000003, -26.1970424], [28.041003900000003, -26.196634200000002], [28.040989500000002, -26.1965457], [28.040977700000003, -26.1964909], [28.0408544, -26.1959188], [28.0408222, -26.195753900000003], [28.040788000000003, -26.195571], [28.0407599, -26.195447700000003], [28.040735100000003, -26.1953117], [28.040724800000003, -26.195245200000002], [28.0400065, -26.195329400000002], [28.0390486, -26.195428300000003], [28.039163400000003, -26.196224400000002], [28.0392794, -26.196975700000003], [28.039293400000002, -26.1970701], [28.0394255, -26.197956700000002], [28.039467700000003, -26.198233400000003], [28.0395676, -26.198926500000002], [28.039641300000003, -26.1995714], [28.0397268, -26.200322800000002]]}}, {"type": "Feature", "properties": {"origin": "Matola / Maputo", "destination": "Gauteng reference point", "origin_snap_m": 445.3219895095798, "destination_snap_m": 44.99572960870549, "length_m": 533449.9417883457, "connected": true, "status": "major-road connectivity only; no truck/turn-restriction/border-cost profile"}, "geometry": {"type": "LineString", "coordinates": [[32.4682277, -25.9563135], [32.466681200000004, -25.9572439], [32.466639400000005, -25.9572681], [32.466186900000004, -25.957545300000003], [32.4656097, -25.9578989], [32.4646978, -25.958445], [32.463747600000005, -25.959007600000003], [32.463597, -25.959098200000003], [32.4634717, -25.959157100000002], [32.4633817, -25.9590068], [32.462046, -25.9568216], [32.4619446, -25.9566343], [32.461918600000004, -25.9565899], [32.4618879, -25.956546200000002], [32.4617917, -25.956398500000002], [32.4608761, -25.954875100000002], [32.4604409, -25.9541508], [32.4604003, -25.954083200000003], [32.4603733, -25.9540316], [32.4603097, -25.953909900000003], [32.46022, -25.953802900000003], [32.4601551, -25.9536963], [32.460102400000004, -25.953609800000002], [32.4596881, -25.9529363], [32.4593586, -25.952391700000003], [32.459122900000004, -25.951976000000002], [32.458837200000005, -25.9515202], [32.4585963, -25.9511277], [32.4584799, -25.9509264], [32.458307600000005, -25.950642300000002], [32.4580751, -25.9502463], [32.4577912, -25.9497554], [32.457513500000005, -25.9493027], [32.457080000000005, -25.948577500000003], [32.4566687, -25.947865800000002], [32.4566194, -25.9477964], [32.4557944, -25.946466200000003], [32.4554342, -25.945838000000002], [32.4552494, -25.9455181], [32.4552008, -25.9454376], [32.455054100000005, -25.945194800000003], [32.4546593, -25.9445413], [32.4545995, -25.9444404], [32.4542505, -25.9438508], [32.454198000000005, -25.943762200000002], [32.453789400000005, -25.943097400000003], [32.4534929, -25.9425919], [32.4534125, -25.942451700000003], [32.452767900000005, -25.941417700000002], [32.452590900000004, -25.941112500000003], [32.452390900000005, -25.940783800000002], [32.452042, -25.940200200000003], [32.4515479, -25.9393911], [32.4514809, -25.9392882], [32.451197300000004, -25.9388237], [32.4506615, -25.9379156], [32.4504849, -25.937615800000003], [32.4504577, -25.937573200000003], [32.450291400000005, -25.9373036], [32.4499279, -25.9366945], [32.4497998, -25.936472000000002], [32.449445100000005, -25.935876800000003], [32.4493808, -25.9357608], [32.449158100000005, -25.9353999], [32.4486884, -25.9346174], [32.4484581, -25.934220900000003], [32.448282500000005, -25.9339461], [32.448172400000004, -25.9337681], [32.448047, -25.9335564], [32.447793600000004, -25.9331403], [32.4475956, -25.932801700000002], [32.4475366, -25.9327009], [32.4473056, -25.9323058], [32.447235, -25.9321851], [32.4470425, -25.9318679], [32.446871900000005, -25.93157], [32.4467079, -25.9313065], [32.4463499, -25.9307203], [32.445977, -25.930106400000003], [32.4455626, -25.9293997], [32.4452978, -25.9289498], [32.4452858, -25.9289285], [32.4451193, -25.9286557], [32.4447137, -25.927983700000002], [32.4442806, -25.9272661], [32.4437723, -25.9264122], [32.4435001, -25.9259647], [32.4430185, -25.9251584], [32.4428744, -25.9249201], [32.442817500000004, -25.9248261], [32.4425819, -25.924434400000003], [32.4422736, -25.923921800000002], [32.441901800000004, -25.9232963], [32.4416481, -25.9228673], [32.4416074, -25.9227986], [32.441087800000005, -25.921920200000002], [32.440733200000004, -25.9213206], [32.4406891, -25.921249800000002], [32.440108, -25.920276], [32.4399679, -25.920049300000002], [32.4397912, -25.919766900000003], [32.4381083, -25.9169522], [32.437118000000005, -25.9152954], [32.4369802, -25.9150655], [32.4355078, -25.9125964], [32.4354795, -25.912544800000003], [32.435407600000005, -25.912420800000003], [32.4353708, -25.9123579], [32.435057900000004, -25.9118256], [32.4348955, -25.9115685], [32.434848800000005, -25.9114945], [32.43478, -25.911385600000003], [32.434668, -25.9111808], [32.4344904, -25.910894600000002], [32.4343274, -25.9105652], [32.4342263, -25.910232], [32.4341954, -25.910131800000002], [32.4341686, -25.9100052], [32.434153900000005, -25.909901400000003], [32.4341391, -25.909750600000002], [32.4341378, -25.909602300000003], [32.4341328, -25.9094215], [32.4341099, -25.908786600000003], [32.434103300000004, -25.9086411], [32.434058300000004, -25.906923000000003], [32.4340503, -25.9066173], [32.434049300000005, -25.906579100000002], [32.434045000000005, -25.9064146], [32.4340394, -25.9062705], [32.4340211, -25.905795100000002], [32.4339956, -25.9051487], [32.4339943, -25.9050206], [32.4339923, -25.9048228], [32.433982900000004, -25.9045719], [32.4339701, -25.904102], [32.4339661, -25.903994], [32.4339674, -25.9038487], [32.4339705, -25.9028169], [32.4339534, -25.9020781], [32.4339312, -25.901509500000003], [32.433926500000005, -25.901264], [32.4339093, -25.9005785], [32.433908800000005, -25.898773400000003], [32.433832, -25.8984869], [32.433827300000004, -25.898124300000003], [32.433807800000004, -25.8974952], [32.4337864, -25.896454100000003], [32.4337837, -25.8962398], [32.4337692, -25.8958818], [32.4337494, -25.895328900000003], [32.4337013, -25.8944483], [32.4336706, -25.8936591], [32.4336617, -25.8932551], [32.4336584, -25.892870900000002], [32.433624900000005, -25.8914265], [32.4335886, -25.890446400000002], [32.4335771, -25.890203500000002], [32.4335727, -25.8900772], [32.4335541, -25.889641], [32.4335387, -25.889363900000003], [32.4335302, -25.8889196], [32.433525800000005, -25.8887465], [32.4335016, -25.8884529], [32.433495, -25.8881857], [32.4334745, -25.8873499], [32.433458900000005, -25.8869501], [32.4334422, -25.8866157], [32.433440600000004, -25.886562700000002], [32.4334399, -25.886400300000002], [32.4334162, -25.88568], [32.4333945, -25.8848813], [32.433433, -25.8847625], [32.433428, -25.884619500000003], [32.4334123, -25.884058300000003], [32.4334063, -25.8838243], [32.4333966, -25.8834431], [32.4333885, -25.8831281], [32.4333827, -25.882898700000002], [32.433357400000006, -25.8820656], [32.4332986, -25.8817261], [32.4332159, -25.8797964], [32.4332061, -25.879600500000002], [32.433200500000005, -25.879443300000002], [32.433184000000004, -25.8782497], [32.4331753, -25.877723800000002], [32.4331642, -25.8775404], [32.4331466, -25.876897300000003], [32.4331259, -25.876021], [32.4331185, -25.875954], [32.4331015, -25.8749757], [32.4330796, -25.8739703], [32.4330747, -25.873805200000003], [32.4330238, -25.8730243], [32.433024700000004, -25.8727653], [32.433027200000005, -25.872661800000003], [32.433020500000005, -25.872468700000002], [32.4330243, -25.8723244], [32.4330031, -25.8717982], [32.432988300000005, -25.8716258], [32.432913500000005, -25.870376], [32.4329027, -25.8702699], [32.432819300000006, -25.8698416], [32.4327217, -25.8693561], [32.4326747, -25.869041900000003], [32.4326019, -25.868724800000003], [32.4325151, -25.868403], [32.4324571, -25.8682085], [32.432317600000005, -25.867871], [32.4322577, -25.867743200000003], [32.4320958, -25.8672974], [32.4320496, -25.867184100000003], [32.4318018, -25.8666221], [32.4316793, -25.866356300000003], [32.431564900000005, -25.866148300000003], [32.4314837, -25.866007800000002], [32.4313828, -25.865833000000002], [32.4312853, -25.865664300000002], [32.4311503, -25.865433000000003], [32.4308137, -25.864856000000003], [32.4307583, -25.864760200000003], [32.4306788, -25.8646281], [32.430163300000004, -25.8637738], [32.4296432, -25.8628837], [32.429603400000005, -25.8628119], [32.428538100000004, -25.861028800000003], [32.428025000000005, -25.860162300000002], [32.427126300000005, -25.8586287], [32.4264469, -25.857497100000003], [32.425875000000005, -25.8565505], [32.425193300000004, -25.855390200000002], [32.424624, -25.854468100000002], [32.4242155, -25.8538229], [32.4237271, -25.8529798], [32.4222483, -25.850481100000003], [32.4216408, -25.8494476], [32.421242500000005, -25.848768200000002], [32.4210896, -25.848523500000002], [32.420506800000005, -25.847551900000003], [32.4202407, -25.8470942], [32.419901, -25.8465139], [32.419268800000005, -25.845456300000002], [32.418072800000004, -25.8434743], [32.417953700000005, -25.843279600000002], [32.417607000000004, -25.8427313], [32.417389, -25.842365400000002], [32.4169815, -25.841663500000003], [32.4160583, -25.840092100000003], [32.415955600000004, -25.839918100000002], [32.4154198, -25.838991800000002], [32.4151991, -25.8386177], [32.4137721, -25.8362564], [32.4136626, -25.8360658], [32.4134613, -25.835734000000002], [32.4133182, -25.835487800000003], [32.4131737, -25.835249400000002], [32.4130489, -25.8350283], [32.4129189, -25.834819800000002], [32.4111198, -25.8318385], [32.4110413, -25.831656900000002], [32.4105773, -25.8308833], [32.4097013, -25.8294324], [32.4090538, -25.8283001], [32.408085400000004, -25.8266524], [32.4060849, -25.8232897], [32.4056026, -25.8224768], [32.4046739, -25.820932900000003], [32.4044035, -25.820466200000002], [32.4039468, -25.8197158], [32.403370100000004, -25.8188104], [32.4032967, -25.818716300000002], [32.402718300000004, -25.817975], [32.4021068, -25.817267500000003], [32.4012941, -25.8164973], [32.4008727, -25.816137], [32.400728900000004, -25.816024900000002], [32.4006021, -25.815918600000003], [32.400058900000005, -25.8155013], [32.3994318, -25.815070700000003], [32.3989029, -25.8147361], [32.398067000000005, -25.8142193], [32.3978649, -25.814089600000003], [32.397353100000004, -25.8137636], [32.3933276, -25.811199300000002], [32.392996000000004, -25.810988100000003], [32.3911651, -25.8098412], [32.3894746, -25.8087714], [32.3876501, -25.8076167], [32.385278, -25.8060878], [32.3828442, -25.8045742], [32.382697, -25.8044821], [32.380174700000005, -25.8028502], [32.3801483, -25.8028306], [32.3791498, -25.802091100000002], [32.378028300000004, -25.8011677], [32.3778282, -25.800990900000002], [32.3753745, -25.798603200000002], [32.3736507, -25.796883700000002], [32.373459000000004, -25.796692500000002], [32.3681661, -25.791412400000002], [32.3610411, -25.7843118], [32.361000600000004, -25.7842714], [32.3598352, -25.783140600000003], [32.3592701, -25.7826194], [32.358972800000004, -25.7823452], [32.358537000000005, -25.7819697], [32.3580222, -25.7815738], [32.3579026, -25.7814818], [32.3569529, -25.7807879], [32.356282900000004, -25.7803459], [32.3558402, -25.780053900000002], [32.355694, -25.7799681], [32.355595300000004, -25.779919300000003], [32.3555219, -25.7798716], [32.354973900000005, -25.779542900000003], [32.3540604, -25.778971700000003], [32.3519273, -25.777637900000002], [32.3489482, -25.775743300000002], [32.3480252, -25.7751589], [32.347640000000006, -25.7749214], [32.3458101, -25.773756600000002], [32.345684600000006, -25.7736477], [32.3450938, -25.773238000000003], [32.3449316, -25.7731114], [32.3449028, -25.7730889], [32.3445157, -25.7727867], [32.3442838, -25.772575900000003], [32.3440236, -25.7723394], [32.3438305, -25.7721595], [32.343044, -25.7713955], [32.3422962, -25.7704993], [32.342063100000004, -25.7701926], [32.341695800000004, -25.7697092], [32.3412312, -25.769088800000002], [32.340956, -25.7687212], [32.338813900000005, -25.7658606], [32.3385143, -25.765460500000003], [32.337582000000005, -25.7642145], [32.3366751, -25.7630023], [32.336569700000005, -25.762861400000002], [32.3350972, -25.760892700000003], [32.3349734, -25.760748200000002], [32.3338204, -25.7594022], [32.3327413, -25.7582716], [32.332128000000004, -25.757629100000003], [32.3299954, -25.7555118], [32.3269734, -25.752511400000003], [32.3247264, -25.7502803], [32.3241238, -25.749717500000003], [32.323854700000005, -25.749466100000003], [32.3233485, -25.749039900000003], [32.3205048, -25.746826400000003], [32.3196352, -25.746227700000002], [32.317861300000004, -25.745022900000002], [32.3160309, -25.743734500000002], [32.3143527, -25.7425441], [32.313309600000004, -25.7418042], [32.3128784, -25.7414984], [32.312130700000004, -25.740968000000002], [32.3081661, -25.7381771], [32.3063184, -25.7369199], [32.3049684, -25.736080400000002], [32.3036922, -25.7354029], [32.2977799, -25.732211900000003], [32.2972002, -25.731899000000002], [32.2930267, -25.7296628], [32.2910102, -25.728569800000002], [32.2898531, -25.7278652], [32.2885334, -25.726918], [32.287490600000005, -25.7259876], [32.286998700000005, -25.7254967], [32.2843122, -25.722450100000003], [32.2838985, -25.7219763], [32.2814932, -25.7192216], [32.277701900000004, -25.7148827], [32.2732119, -25.7097571], [32.272053400000004, -25.708339300000002], [32.2710474, -25.7069344], [32.270144200000004, -25.705401000000002], [32.269389700000005, -25.703833600000003], [32.2686341, -25.7020534], [32.2680889, -25.700769100000002], [32.266160400000004, -25.696169700000002], [32.2642279, -25.691608400000003], [32.262347600000005, -25.687079200000003], [32.260403000000004, -25.682362700000002], [32.2568813, -25.6740308], [32.2559157, -25.6717197], [32.2554785, -25.670793800000002], [32.2549447, -25.6699042], [32.2543305, -25.669072600000003], [32.2539469, -25.668627800000003], [32.253263000000004, -25.6679509], [32.252879400000005, -25.667617200000002], [32.251972200000004, -25.6668923], [32.2490704, -25.6647703], [32.2446597, -25.661594100000002], [32.2444748, -25.6614979], [32.2430286, -25.6604573], [32.2415645, -25.659335000000002], [32.241435200000005, -25.6592117], [32.240691500000004, -25.658580200000003], [32.2396757, -25.6576957], [32.237842300000004, -25.6558466], [32.2356982, -25.6536246], [32.2340438, -25.651826200000002], [32.2328795, -25.6507289], [32.2317393, -25.649895800000003], [32.2307696, -25.6493097], [32.2295499, -25.648735300000002], [32.2286987, -25.648395200000003], [32.227854900000004, -25.6481418], [32.224465800000004, -25.6470719], [32.2226027, -25.6465147], [32.222258000000004, -25.6464047], [32.220882700000004, -25.6459648], [32.2198927, -25.6455863], [32.2189633, -25.644940700000003], [32.218096700000004, -25.6446283], [32.217973300000004, -25.6445875], [32.2178678, -25.644561000000003], [32.217097800000005, -25.644368], [32.21524, -25.644160000000003], [32.2144576, -25.6439346], [32.213653900000004, -25.643703000000002], [32.211519200000005, -25.643033000000003], [32.209413000000005, -25.6423777], [32.20758, -25.641876500000002], [32.20593, -25.6415219], [32.197166200000005, -25.6397313], [32.183748200000004, -25.6369711], [32.182947500000004, -25.636834500000003], [32.1822515, -25.6367534], [32.1813154, -25.6366738], [32.1803793, -25.636666400000003], [32.178936300000004, -25.6367051], [32.1724418, -25.636947600000003], [32.1689504, -25.637077100000003], [32.165416900000004, -25.6372158], [32.1579543, -25.6375242], [32.156502, -25.6375607], [32.155328100000006, -25.637608], [32.1547519, -25.6376135], [32.1542374, -25.637583000000003], [32.153627300000004, -25.6375357], [32.152940300000004, -25.637438500000002], [32.1523549, -25.6373274], [32.151797200000004, -25.637208], [32.151159400000004, -25.6370274], [32.1503861, -25.6367635], [32.1498099, -25.6365219], [32.1492584, -25.6362552], [32.1485898, -25.6359108], [32.1475517, -25.635315300000002], [32.1473182, -25.6351817], [32.143684400000005, -25.633097300000003], [32.1419887, -25.632141], [32.141584200000004, -25.631904600000002], [32.140867, -25.6314569], [32.140390700000005, -25.631132700000002], [32.1400007, -25.6308359], [32.1395174, -25.6304401], [32.1392162, -25.630158], [32.1386184, -25.629555900000003], [32.1383989, -25.629307500000003], [32.1381211, -25.628964300000003], [32.137726400000005, -25.628442200000002], [32.1374346, -25.6280275], [32.136671, -25.626949600000003], [32.1354735, -25.6252928], [32.1334923, -25.622491], [32.132848700000004, -25.621723000000003], [32.1318884, -25.6207181], [32.129916200000004, -25.619067700000002], [32.127985100000004, -25.6174436], [32.124302400000005, -25.614313000000003], [32.1236497, -25.613770900000002], [32.123053500000005, -25.6132224], [32.1224417, -25.612585000000003], [32.1220626, -25.612129000000003], [32.121541, -25.611470100000002], [32.119135400000005, -25.607828], [32.119058100000004, -25.607711100000003], [32.118328000000005, -25.606605700000003], [32.117622600000004, -25.605688500000003], [32.116966000000005, -25.604961900000003], [32.1163195, -25.604344700000002], [32.115729800000004, -25.603853], [32.1151402, -25.603412600000002], [32.1139121, -25.602663800000002], [32.1123491, -25.601800800000003], [32.11043, -25.6007557], [32.1086377, -25.5997516], [32.1072915, -25.598996300000003], [32.1066184, -25.5985453], [32.1060266, -25.5980944], [32.105391600000004, -25.597550000000002], [32.1047323, -25.596881000000003], [32.103901400000005, -25.5958362], [32.1032974, -25.5948257], [32.1028235, -25.593844500000003], [32.1000253, -25.588011700000003], [32.098176200000005, -25.5842412], [32.0980325, -25.583948000000003], [32.0978994, -25.583675600000003], [32.0965665, -25.5809448], [32.095107500000005, -25.5780859], [32.0942146, -25.576572600000002], [32.094072600000004, -25.576346], [32.0926361, -25.57401], [32.0903159, -25.5703925], [32.089542, -25.5692157], [32.088821800000005, -25.5682791], [32.088284, -25.5676668], [32.087373400000004, -25.5667338], [32.0865449, -25.565938000000003], [32.085700200000005, -25.565113800000002], [32.074233400000004, -25.553980000000003], [32.0734258, -25.5532201], [32.0727306, -25.5526522], [32.072128500000005, -25.552231300000003], [32.071650000000005, -25.551932400000002], [32.0711412, -25.551658800000002], [32.070446100000005, -25.5513133], [32.0696993, -25.550999400000002], [32.068884700000005, -25.550715], [32.067840000000004, -25.5504143], [32.0648116, -25.5496166], [32.0613058, -25.548662], [32.060996100000004, -25.548577700000003], [32.060395, -25.548414], [32.0592921, -25.548135900000002], [32.058648000000005, -25.547980600000002], [32.0581277, -25.547872100000003], [32.0576251, -25.547795400000002], [32.056892500000004, -25.547718800000002], [32.056121000000005, -25.5476901], [32.0553601, -25.547696400000003], [32.054631, -25.5477443], [32.0539833, -25.5478178], [32.0532861, -25.547935900000002], [32.052645500000004, -25.548076400000003], [32.0521642, -25.548204100000003], [32.051735900000004, -25.5483191], [32.0500619, -25.5488587], [32.0488385, -25.549270500000002], [32.0482083, -25.5494649], [32.047631, -25.549618900000002], [32.0470984, -25.549725300000002], [32.046614600000005, -25.549806], [32.0462081, -25.5498702], [32.0449293, -25.5499699], [32.042287800000004, -25.550090200000003], [32.0390899, -25.550225], [32.0370921, -25.550328500000003], [32.035171500000004, -25.550362300000003], [32.0340603, -25.550272900000003], [32.0336342, -25.5502119], [32.033386, -25.5501763], [32.0326873, -25.5500577], [32.032004900000004, -25.5498902], [32.031359, -25.549710400000002], [32.026493200000004, -25.5481112], [32.0247157, -25.547527000000002], [32.0245987, -25.5474885], [32.0244318, -25.547433700000003], [32.023912100000004, -25.547262900000003], [32.022657200000005, -25.5468504], [32.018923300000004, -25.5456627], [32.0186992, -25.545591400000003], [32.017816, -25.5452318], [32.0170274, -25.544801000000003], [32.0161457, -25.5442515], [32.015404700000005, -25.543637], [32.0150805, -25.5433352], [32.014749800000004, -25.543033], [32.01464, -25.5429205], [32.0145301, -25.542807900000003], [32.0132386, -25.541284500000003], [32.0130441, -25.541055], [32.007060700000004, -25.5341692], [32.006669200000005, -25.5337186], [32.0052858, -25.5319813], [32.0048314, -25.5312941], [32.004383000000004, -25.53046], [32.0036052, -25.5285803], [32.002842, -25.5266817], [32.0022353, -25.525352400000003], [32.0019727, -25.5248564], [32.0015506, -25.5241918], [32.0005053, -25.5228465], [32.000021100000005, -25.5222076], [31.9972847, -25.518596300000002], [31.996635200000004, -25.5177391], [31.9952639, -25.5160282], [31.995019000000003, -25.5157056], [31.9944218, -25.5149191], [31.9936344, -25.513916100000003], [31.9935796, -25.5138463], [31.993425900000002, -25.5136456], [31.9930595, -25.513167000000003], [31.992679300000002, -25.5126071], [31.9923685, -25.5120705], [31.9920845, -25.5115243], [31.991856100000003, -25.5109265], [31.991673400000003, -25.5103021], [31.991568400000002, -25.509748000000002], [31.991500900000002, -25.5090971], [31.991476600000002, -25.508405500000002], [31.9915087, -25.5075724], [31.991675800000003, -25.504219600000003], [31.9917744, -25.501443400000003], [31.9919206, -25.498519100000003], [31.991947800000002, -25.4978865], [31.992021200000003, -25.4965192], [31.992160600000002, -25.495219900000002], [31.992381400000003, -25.494003000000003], [31.992642600000003, -25.4925634], [31.993395000000003, -25.488299], [31.993421100000003, -25.4879496], [31.9934188, -25.4876003], [31.9934143, -25.486901600000003], [31.993355700000002, -25.4859067], [31.993266100000003, -25.4847736], [31.993201300000003, -25.483589400000003], [31.993183000000002, -25.4830617], [31.9932155, -25.482292400000002], [31.9932923, -25.481476500000003], [31.9936128, -25.4793686], [31.9936131, -25.479199400000002], [31.9936265, -25.479053500000003], [31.9936426, -25.4788882], [31.993725700000002, -25.478043200000002], [31.993771300000002, -25.477678800000003], [31.9938153, -25.477286600000003], [31.993915500000004, -25.476616500000002], [31.9941375, -25.4750455], [31.9941482, -25.4749747], [31.9941844, -25.474797300000002], [31.9944093, -25.473017000000002], [31.994519, -25.472187], [31.9948249, -25.469871400000002], [31.994918400000003, -25.469164000000003], [31.995044000000004, -25.4681928], [31.995244000000003, -25.4667236], [31.9953411, -25.465991900000002], [31.995449800000003, -25.464887800000003], [31.995716700000003, -25.4630434], [31.995815800000003, -25.4622479], [31.995831100000004, -25.461728700000002], [31.9958354, -25.4613128], [31.995800900000003, -25.4608269], [31.9957327, -25.460346], [31.995667500000003, -25.4598863], [31.995617000000003, -25.459590900000002], [31.995202400000004, -25.457164900000002], [31.9950948, -25.4565328], [31.9950891, -25.456499400000002], [31.995062100000002, -25.456341100000003], [31.994937200000003, -25.4558801], [31.9947844, -25.4553161], [31.994649900000002, -25.454969700000003], [31.994539600000003, -25.4546855], [31.994302800000003, -25.4542113], [31.9939274, -25.453540500000003], [31.993601100000003, -25.453017900000003], [31.992928000000003, -25.4521778], [31.992060600000002, -25.451274], [31.9912084, -25.450462400000003], [31.990518400000003, -25.4498053], [31.9896311, -25.448960200000002], [31.989409100000003, -25.4487504], [31.989077700000003, -25.448437100000003], [31.989037200000002, -25.4483953], [31.988815000000002, -25.4481658], [31.9887954, -25.448145500000003], [31.988527800000004, -25.447753600000002], [31.9882141, -25.4470832], [31.9881904, -25.447011], [31.987986300000003, -25.4465511], [31.987809300000002, -25.446236300000002], [31.987697400000002, -25.4460163], [31.9876411, -25.4458395], [31.987584000000002, -25.445558100000003], [31.987536700000003, -25.445133900000002], [31.9872897, -25.444457], [31.9868199, -25.4432848], [31.9867096, -25.443056300000002], [31.986589400000003, -25.442981500000002], [31.986393500000002, -25.442865], [31.986269600000004, -25.4428157], [31.984954600000002, -25.442481200000003], [31.984568200000002, -25.4423892], [31.9843061, -25.4423464], [31.984149600000002, -25.442320900000002], [31.983808600000003, -25.4422719], [31.983336700000002, -25.4421834], [31.9826513, -25.442019000000002], [31.9821409, -25.441926700000003], [31.981588400000003, -25.441833600000002], [31.9813897, -25.4417972], [31.980834400000003, -25.44169], [31.980492700000003, -25.441661800000002], [31.980256, -25.4416769], [31.9800679, -25.441699], [31.9796693, -25.4417493], [31.979188800000003, -25.4418256], [31.9787952, -25.4419213], [31.978238, -25.4421187], [31.977152, -25.442549200000002], [31.9768855, -25.4426667], [31.976693700000002, -25.442764200000003], [31.976544200000003, -25.442843500000002], [31.976344400000002, -25.4429628], [31.976181800000003, -25.443071800000002], [31.976009100000002, -25.443197700000002], [31.975772000000003, -25.4434021], [31.9756718, -25.443488400000003], [31.9751748, -25.4439788], [31.974970400000004, -25.4441805], [31.974570800000002, -25.4445528], [31.9741885, -25.4448629], [31.973799600000003, -25.4451323], [31.9735608, -25.445274100000002], [31.9734315, -25.4453509], [31.9729199, -25.4455986], [31.971667900000003, -25.446132600000002], [31.971159000000004, -25.446347600000003], [31.9707018, -25.4465468], [31.970575500000002, -25.4466059], [31.970205500000002, -25.446782300000002], [31.969574800000004, -25.447074500000003], [31.969313600000003, -25.4471956], [31.967824, -25.447876400000002], [31.966774200000003, -25.448353], [31.966696900000002, -25.448388400000002], [31.964970500000003, -25.449180100000003], [31.9633484, -25.449901200000003], [31.9618751, -25.450582700000002], [31.959845400000003, -25.451521500000002], [31.958375600000004, -25.4521899], [31.957420700000004, -25.4526283], [31.956967400000003, -25.452809900000002], [31.9565865, -25.4529189], [31.956052800000002, -25.453013300000002], [31.955639700000003, -25.4530327], [31.955277600000002, -25.453008500000003], [31.9549182, -25.452952800000002], [31.9546232, -25.452882600000002], [31.9542557, -25.452759], [31.953987500000004, -25.4526404], [31.9536763, -25.4524781], [31.9534738, -25.452355800000003], [31.953350500000003, -25.4522698], [31.953201600000003, -25.452149900000002], [31.9531302, -25.4520848], [31.952502900000002, -25.451511800000002], [31.9511095, -25.4502306], [31.9498408, -25.448971200000003], [31.9489771, -25.4481211], [31.948663300000003, -25.4478595], [31.948451400000003, -25.4476948], [31.948077200000004, -25.447472], [31.9478559, -25.447409], [31.947619900000003, -25.447315800000002], [31.947417400000003, -25.4472467], [31.9472525, -25.447203100000003], [31.947054, -25.4471595], [31.946918500000002, -25.447134100000003], [31.9466946, -25.4471087], [31.9461909, -25.447052900000003], [31.944996900000003, -25.446916100000003], [31.944673, -25.4468773], [31.9438554, -25.446782300000002], [31.943654300000002, -25.4467593], [31.942328200000002, -25.446605100000003], [31.941534, -25.446487400000002], [31.941340200000003, -25.4464317], [31.937874100000002, -25.4460406], [31.935804800000003, -25.4458044], [31.9355559, -25.445780600000003], [31.935291300000003, -25.445755300000002], [31.933541, -25.445544100000003], [31.933356300000003, -25.445556200000002], [31.9325499, -25.4454835], [31.9312772, -25.4453515], [31.930408200000002, -25.445255200000002], [31.929594100000003, -25.445167400000003], [31.9274932, -25.444947000000003], [31.9270433, -25.4448998], [31.9242175, -25.444557500000002], [31.9241345, -25.4445474], [31.923976200000002, -25.4444856], [31.9234502, -25.444425300000002], [31.9224326, -25.4443088], [31.9204845, -25.444089100000003], [31.918234400000003, -25.4438493], [31.914899600000002, -25.4434684], [31.913252800000002, -25.443277000000002], [31.911259500000003, -25.4430608], [31.908170000000002, -25.442703], [31.907070200000003, -25.4425764], [31.9058123, -25.4424317], [31.904972800000003, -25.4423397], [31.904019, -25.4422599], [31.900945800000002, -25.442026300000002], [31.900408400000003, -25.4419855], [31.897777800000004, -25.441815000000002], [31.8940932, -25.441533200000002], [31.893301400000002, -25.4414699], [31.890480800000002, -25.441288500000002], [31.8875974, -25.4410826], [31.886503100000002, -25.441002700000002], [31.8853605, -25.440922800000003], [31.883839700000003, -25.4408138], [31.8812715, -25.440628500000003], [31.8791565, -25.440473500000003], [31.8733764, -25.4400593], [31.871623500000002, -25.4399382], [31.865540300000003, -25.439501], [31.8633422, -25.4393363], [31.8616202, -25.4391813], [31.8585518, -25.438903900000003], [31.8432633, -25.4374594], [31.8400913, -25.437164900000003], [31.8349881, -25.436691200000002], [31.8300245, -25.436219100000002], [31.826688, -25.4358995], [31.825677300000002, -25.435805900000002], [31.825547200000003, -25.435818100000002], [31.8251087, -25.4357769], [31.824656700000002, -25.435739400000003], [31.823317000000003, -25.435631500000003], [31.823098400000003, -25.4356182], [31.822843600000002, -25.435600700000002], [31.8222589, -25.4355696], [31.8216867, -25.435546700000003], [31.820758100000003, -25.4355286], [31.820608000000004, -25.4355049], [31.820043300000002, -25.435506800000002], [31.819488000000003, -25.4355216], [31.818715500000003, -25.435555500000003], [31.817922300000003, -25.4356182], [31.813572100000002, -25.435997500000003], [31.8037992, -25.4368373], [31.795544200000002, -25.437563800000003], [31.793596700000002, -25.437735200000002], [31.793229300000004, -25.4377752], [31.792434000000004, -25.437843], [31.791558300000002, -25.4379205], [31.787506800000003, -25.438259600000002], [31.7853318, -25.4384422], [31.7851223, -25.4384909], [31.784371300000004, -25.438561200000002], [31.7835867, -25.438620500000003], [31.782833800000002, -25.4386876], [31.782540700000002, -25.438713800000002], [31.782206700000003, -25.4387404], [31.781858000000003, -25.438767100000003], [31.7815483, -25.438801], [31.781321700000003, -25.4388179], [31.780931300000002, -25.438850600000002], [31.780421800000003, -25.4388918], [31.7786502, -25.439047400000003], [31.778203500000004, -25.439078300000002], [31.777828000000003, -25.439111], [31.7773627, -25.439143700000002], [31.777069, -25.4391655], [31.7768772, -25.4391873], [31.776676000000002, -25.4391982], [31.776461500000003, -25.4392037], [31.7762536, -25.439211500000003], [31.776051100000004, -25.4392333], [31.7757131, -25.4392612], [31.7748655, -25.4393351], [31.7743372, -25.4393879], [31.773961600000003, -25.439415], [31.773531100000003, -25.4394537], [31.7730953, -25.4394889], [31.772698300000002, -25.439520400000003], [31.772285300000004, -25.439562700000003], [31.7718534, -25.439599100000002], [31.771207, -25.439654800000003], [31.770250800000003, -25.439743200000002], [31.769644600000003, -25.439790400000003], [31.768970000000003, -25.4398498], [31.7679812, -25.439938400000003], [31.7677519, -25.4399984], [31.767468, -25.440030200000002], [31.7668055, -25.440088300000003], [31.7663468, -25.4401307], [31.7650393, -25.4402216], [31.7645082, -25.440248200000003], [31.764098800000003, -25.4402586], [31.7638001, -25.4402337], [31.763429900000002, -25.440242100000003], [31.7624013, -25.440260300000002], [31.758383400000003, -25.440331200000003], [31.7576511, -25.440341], [31.756568800000004, -25.4403556], [31.756381500000003, -25.4403581], [31.74677, -25.4404635], [31.7428333, -25.440537600000003], [31.7414278, -25.440574], [31.739662900000003, -25.440600600000003], [31.7373562, -25.4406539], [31.735503400000002, -25.440690800000002], [31.735441100000003, -25.4407169], [31.7339136, -25.440747100000003], [31.731223300000003, -25.4408004], [31.7309139, -25.440755300000003], [31.7282006, -25.4408718], [31.728043600000003, -25.4408767], [31.7254606, -25.440934900000002], [31.724869100000003, -25.4409454], [31.7197475, -25.4410366], [31.7190997, -25.4410512], [31.717842800000003, -25.441076300000002], [31.716857400000002, -25.4410959], [31.715374100000002, -25.441125000000003], [31.7142476, -25.4411492], [31.713961200000004, -25.441169100000003], [31.713324900000003, -25.441213400000002], [31.7121582, -25.4413139], [31.709655700000003, -25.4415465], [31.7075712, -25.4417326], [31.7067677, -25.441813600000003], [31.705400500000003, -25.4419492], [31.7047674, -25.442012000000002], [31.701122700000003, -25.442328800000002], [31.7006583, -25.4423718], [31.6968551, -25.442724400000003], [31.696578600000002, -25.442747200000003], [31.694360600000003, -25.442890700000003], [31.6938016, -25.4429944], [31.691127, -25.4432468], [31.6900346, -25.443341], [31.688676100000002, -25.4434581], [31.688434500000003, -25.4434444], [31.6878083, -25.443505000000002], [31.6865191, -25.4436342], [31.6838863, -25.4439019], [31.683551100000003, -25.4439819], [31.683409200000003, -25.443996000000002], [31.682238400000003, -25.444112200000003], [31.681025100000003, -25.444232600000003], [31.6798745, -25.4443357], [31.678631900000003, -25.444514700000003], [31.677500600000002, -25.4447499], [31.6773491, -25.4447648], [31.677053400000002, -25.4448429], [31.6769086, -25.444891300000002], [31.6766471, -25.4449773], [31.676330600000004, -25.4450851], [31.6760811, -25.445171100000003], [31.6760482, -25.4451845], [31.6755205, -25.445400000000003], [31.674884400000003, -25.4456902], [31.674438100000003, -25.4458939], [31.674077500000003, -25.4460769], [31.6736752, -25.446275500000002], [31.672072500000002, -25.4471306], [31.6714382, -25.4474653], [31.671212200000003, -25.4476203], [31.669448000000003, -25.4485546], [31.666207900000003, -25.4502439], [31.665969200000003, -25.4503275], [31.663106700000004, -25.4518378], [31.662371, -25.452211700000003], [31.6612231, -25.452764400000003], [31.660521600000003, -25.453081200000003], [31.6599128, -25.453327], [31.6591872, -25.453597000000002], [31.657855500000004, -25.454039], [31.657193000000003, -25.454249700000002], [31.656637800000002, -25.4544023], [31.6550124, -25.4547789], [31.652334200000002, -25.455326200000002], [31.651760200000002, -25.455455800000003], [31.6508402, -25.4556495], [31.649116900000003, -25.456017600000003], [31.647600100000002, -25.4563518], [31.6459277, -25.4567103], [31.6454047, -25.456825300000002], [31.644817300000003, -25.456953700000003], [31.644022000000003, -25.4571244], [31.641915100000002, -25.457606300000002], [31.6406035, -25.457882400000003], [31.639659400000003, -25.458087000000003], [31.638857400000003, -25.458259], [31.6383599, -25.458351], [31.6379133, -25.4584055], [31.6373004, -25.458466100000003], [31.6368766, -25.458478200000002], [31.6363884, -25.4584745], [31.635848000000003, -25.4584285], [31.635130500000002, -25.458384900000002], [31.634270800000003, -25.4583292], [31.6333254, -25.4582529], [31.6322766, -25.458177900000003], [31.6312037, -25.458090700000003], [31.629829100000002, -25.4579902], [31.6288836, -25.4579284], [31.6278, -25.457832800000002], [31.626941700000003, -25.4577686], [31.626452200000003, -25.457737100000003], [31.6260727, -25.457729800000003], [31.625691800000002, -25.457744400000003], [31.625451700000003, -25.4577734], [31.6251487, -25.4578194], [31.6248818, -25.4578655], [31.6245103, -25.457958700000002], [31.624226000000004, -25.4580531], [31.6239524, -25.458152400000003], [31.623576900000003, -25.4583292], [31.6232067, -25.458527800000002], [31.6229197, -25.458707], [31.6223752, -25.459063], [31.6217557, -25.4594989], [31.621380100000003, -25.459741100000002], [31.6206318, -25.460237600000003], [31.620088700000004, -25.460589900000002], [31.6197118, -25.460797000000003], [31.6193363, -25.4609677], [31.619068100000003, -25.4610743], [31.618777100000003, -25.461166300000002], [31.618482, -25.4612547], [31.618205800000002, -25.461309200000002], [31.6179644, -25.461356400000003], [31.617596900000002, -25.4613988], [31.6173153, -25.4614206], [31.6169237, -25.461426600000003], [31.616587000000003, -25.4614109], [31.616387200000002, -25.4613915], [31.615951400000004, -25.4613394], [31.615345200000004, -25.4612377], [31.614441300000003, -25.4610513], [31.613391200000002, -25.4608442], [31.6124712, -25.4606819], [31.612126500000002, -25.4606117], [31.6117403, -25.4605572], [31.6113004, -25.460512400000002], [31.6109034, -25.4604943], [31.610510500000004, -25.4604955], [31.6101819, -25.460514800000002], [31.609881500000004, -25.4605403], [31.609624000000004, -25.460573], [31.609353100000003, -25.4606178], [31.608966900000002, -25.4606989], [31.6085458, -25.460806700000003], [31.6080308, -25.4609495], [31.6072476, -25.461165100000002], [31.606228400000003, -25.461443600000003], [31.605286900000003, -25.4617027], [31.6045091, -25.461918200000003], [31.6034241, -25.462236700000002], [31.6020736, -25.4626084], [31.600999400000003, -25.462913500000003], [31.600364400000004, -25.463073400000003], [31.599151300000003, -25.4633991], [31.5982944, -25.4636485], [31.597189300000004, -25.4639621], [31.596262600000003, -25.46422], [31.5952206, -25.4645009], [31.5944548, -25.4647104], [31.592950100000003, -25.4651257], [31.591403800000002, -25.465545900000002], [31.5905616, -25.4657686], [31.5904275, -25.465800100000003], [31.589883, -25.4659587], [31.5894754, -25.4660955], [31.589370700000003, -25.4661307], [31.588956300000003, -25.466309900000002], [31.5887755, -25.4664076], [31.588619400000002, -25.4664919], [31.588438600000003, -25.466589600000002], [31.588043000000003, -25.466852300000003], [31.587644700000002, -25.467161100000002], [31.5873926, -25.4673982], [31.587265100000003, -25.4675182], [31.586827900000003, -25.4680086], [31.5861896, -25.4687956], [31.5850228, -25.4701904], [31.5845641, -25.470751], [31.5841916, -25.471209100000003], [31.583723300000003, -25.471785], [31.583473800000004, -25.472087700000003], [31.583310200000003, -25.4722681], [31.583166700000003, -25.472421800000003], [31.582840800000003, -25.472712400000002], [31.582641000000002, -25.4728698], [31.5824868, -25.4729981], [31.582219900000002, -25.4731798], [31.5819745, -25.473335900000002], [31.5817197, -25.473474000000003], [31.5815762, -25.473550200000002], [31.581421900000002, -25.473616800000002], [31.581118900000003, -25.473750000000003], [31.5807205, -25.473888000000002], [31.580392000000003, -25.4739788], [31.580052700000003, -25.4740575], [31.579311, -25.4741895], [31.5778412, -25.4744522], [31.570717300000002, -25.475706600000002], [31.569187000000003, -25.4759777], [31.5686882, -25.4760601], [31.5638599, -25.476844900000003], [31.5594828, -25.477624300000002], [31.558597700000004, -25.4777986], [31.557227100000002, -25.4780407], [31.556609, -25.4781549], [31.5558377, -25.478297400000002], [31.5552905, -25.478428200000003], [31.554797, -25.4785638], [31.554566700000002, -25.478633100000003], [31.554209600000004, -25.4787405], [31.553622200000003, -25.478975400000003], [31.5519485, -25.4797526], [31.551162700000003, -25.480157700000003], [31.5509863, -25.480245500000002], [31.550296200000002, -25.4805819], [31.549657900000003, -25.480893100000003], [31.548906900000002, -25.4812236], [31.548190700000003, -25.481577100000003], [31.5474196, -25.4819415], [31.546673900000002, -25.4822877], [31.5458049, -25.482650900000003], [31.545379800000003, -25.482812000000003], [31.5444624, -25.4832429], [31.543710100000002, -25.4835771], [31.5429135, -25.4839512], [31.5425596, -25.484110400000002], [31.5417588, -25.4844705], [31.540531700000003, -25.4850347], [31.539677700000002, -25.485431700000003], [31.538784200000002, -25.485847000000003], [31.537432400000004, -25.4864716], [31.535864600000004, -25.487201600000002], [31.5345678, -25.487794800000003], [31.5329759, -25.4885224], [31.531803800000002, -25.4890587], [31.530388900000002, -25.4896676], [31.5292409, -25.490151800000003], [31.523739700000004, -25.492698800000003], [31.523429900000004, -25.492838000000003], [31.5230262, -25.4930184], [31.5199946, -25.4944355], [31.5179797, -25.495377400000002], [31.517739600000002, -25.495535], [31.5156108, -25.4964847], [31.515246500000003, -25.496643900000002], [31.514114600000003, -25.497164400000003], [31.509251000000003, -25.4994404], [31.509118700000002, -25.4994988], [31.508123800000003, -25.4999605], [31.507112000000003, -25.5004269], [31.5047004, -25.5015383], [31.504347900000003, -25.501700800000002], [31.504273, -25.5017353], [31.5040006, -25.5018609], [31.502812700000003, -25.502408300000003], [31.5021744, -25.5026945], [31.5011514, -25.503139800000003], [31.499243000000003, -25.5039188], [31.498508500000003, -25.5042037], [31.4979128, -25.504392900000003], [31.4972779, -25.504578300000002], [31.4964356, -25.5048138], [31.4951557, -25.5051123], [31.494129500000003, -25.5053948], [31.493788300000002, -25.5055246], [31.4934355, -25.5056042], [31.4928564, -25.5057334], [31.4918671, -25.5059678], [31.490425100000003, -25.5063156], [31.4902249, -25.5063722], [31.4897847, -25.5064944], [31.489509100000003, -25.5064768], [31.486530600000002, -25.5071614], [31.483243700000003, -25.507923100000003], [31.477049800000003, -25.509383900000003], [31.4763543, -25.5095379], [31.476134100000003, -25.5096804], [31.4754991, -25.509834100000003], [31.474980700000003, -25.509943300000003], [31.4730513, -25.5103666], [31.4716625, -25.5106974], [31.470916400000004, -25.510864100000003], [31.470596, -25.510876500000002], [31.467886800000002, -25.511479400000002], [31.4577835, -25.5137742], [31.457369800000002, -25.5139043], [31.456891000000002, -25.514012], [31.4560703, -25.5142299], [31.454869900000002, -25.5144807], [31.454719700000002, -25.514517400000003], [31.454654700000003, -25.5145336], [31.4545175, -25.5145282], [31.452728200000003, -25.514936700000003], [31.4512852, -25.5152235], [31.4510545, -25.515269500000002], [31.4496651, -25.5155092], [31.4464599, -25.516036800000002], [31.440591200000004, -25.516988100000003], [31.4397711, -25.517115200000003], [31.4379989, -25.5174372], [31.43636, -25.517812300000003], [31.4336993, -25.518543400000002], [31.4298369, -25.519615700000003], [31.428430100000003, -25.5200247], [31.425693600000002, -25.5207811], [31.423516300000003, -25.521389300000003], [31.4198765, -25.522417400000002], [31.415821, -25.5235653], [31.413944800000003, -25.524042700000003], [31.412835700000002, -25.524286], [31.411561700000004, -25.524551000000002], [31.4101153, -25.524805800000003], [31.4086488, -25.525042300000003], [31.408458300000003, -25.525100400000003], [31.4075008, -25.5252529], [31.405714000000003, -25.525549700000003], [31.4048991, -25.525682500000002], [31.4039308, -25.5258459], [31.4037511, -25.5258362], [31.4021632, -25.526075900000002], [31.401229800000003, -25.5262005], [31.400248100000002, -25.526366300000003], [31.399188600000002, -25.5265527], [31.3979253, -25.5267923], [31.396863200000002, -25.527044], [31.3957608, -25.5273441], [31.3946538, -25.5277116], [31.3919928, -25.5285094], [31.3902457, -25.529042200000003], [31.388498300000002, -25.5295245], [31.387338600000003, -25.529796], [31.3863811, -25.530004100000003], [31.3851097, -25.5302849], [31.382516000000003, -25.530833100000002], [31.3811427, -25.5311211], [31.379982700000003, -25.5313619], [31.3777176, -25.531852], [31.374706800000002, -25.532457100000002], [31.368773700000002, -25.533735], [31.3628554, -25.5349995], [31.3605179, -25.535411], [31.358514300000003, -25.5356796], [31.356400400000002, -25.535912300000003], [31.355581400000002, -25.5359842], [31.3543783, -25.536051200000003], [31.3533793, -25.5360914], [31.350353700000003, -25.5361927], [31.349398800000003, -25.5362024], [31.3466093, -25.536299200000002], [31.346181500000004, -25.536284100000003], [31.344918200000002, -25.536277400000003], [31.344487700000002, -25.5362629], [31.344423300000003, -25.5362605], [31.344318700000002, -25.5362605], [31.3424975, -25.5363888], [31.340121000000003, -25.5365073], [31.337813, -25.5365618], [31.3375622, -25.5366162], [31.3334651, -25.5367046], [31.331967100000004, -25.536773500000002], [31.330521400000002, -25.5368123], [31.329869600000002, -25.536834000000002], [31.3292876, -25.5368558], [31.329227900000003, -25.536855300000003], [31.3290073, -25.5368536], [31.328647600000004, -25.5368794], [31.328422600000003, -25.5368958], [31.327520000000003, -25.5369865], [31.326570500000003, -25.537090600000003], [31.3255607, -25.5371971], [31.32544, -25.5371874], [31.325353500000002, -25.5371975], [31.3248056, -25.53726], [31.323933900000004, -25.537390700000003], [31.323088600000002, -25.5374903], [31.3220564, -25.5376158], [31.3209835, -25.537756100000003], [31.320350500000004, -25.5378118], [31.319854300000003, -25.5378481], [31.319443900000003, -25.5378602], [31.318379, -25.5378408], [31.3177023, -25.5377964], [31.3170453, -25.537729000000002], [31.3162333, -25.5376109], [31.315358900000003, -25.5374149], [31.313285500000003, -25.536889700000003], [31.3113047, -25.5363669], [31.310777700000003, -25.536231400000002], [31.310351200000003, -25.536139400000003], [31.309991800000002, -25.5360741], [31.309712800000003, -25.5360547], [31.309364100000003, -25.5360547], [31.309082500000002, -25.5360668], [31.3085461, -25.5361225], [31.3076663, -25.5363234], [31.306550500000004, -25.5365727], [31.305555400000003, -25.5367953], [31.305206700000003, -25.5368582], [31.305075300000002, -25.5368752], [31.304348400000002, -25.536905400000002], [31.304054700000002, -25.5369272], [31.303553100000002, -25.5369248], [31.302598900000003, -25.536894500000002], [31.301522700000003, -25.5368546], [31.300160100000003, -25.536786900000003], [31.2996988, -25.536762000000003], [31.299423200000003, -25.5367481], [31.2992871, -25.536715500000003], [31.2986621, -25.5366816], [31.2981015, -25.5366211], [31.297385400000003, -25.5365049], [31.296771200000002, -25.5363185], [31.295148400000002, -25.535730400000002], [31.2901059, -25.5338451], [31.2898913, -25.5337725], [31.289635200000003, -25.5336527], [31.289413900000003, -25.533540100000003], [31.2891644, -25.5334034], [31.2890826, -25.533358600000003], [31.2889042, -25.533244900000003], [31.2886333, -25.533077900000002], [31.288402700000002, -25.5329012], [31.2858251, -25.5310908], [31.2852618, -25.5306794], [31.284741500000003, -25.530316300000003], [31.284401600000002, -25.530094100000003], [31.283649800000003, -25.5296677], [31.283266200000003, -25.529493400000003], [31.2828988, -25.5293676], [31.2824643, -25.5292393], [31.282078000000002, -25.5291594], [31.2808308, -25.528878600000002], [31.278583100000002, -25.5283583], [31.276268400000003, -25.5278573], [31.273258900000002, -25.527189200000002], [31.270804700000003, -25.5266108], [31.268870800000002, -25.526177500000003], [31.2683156, -25.5260783], [31.267792600000003, -25.526025], [31.267214600000003, -25.525979000000003], [31.266717000000003, -25.5259803], [31.266059900000002, -25.5260141], [31.265581100000002, -25.526056500000003], [31.2650742, -25.526107300000003], [31.2642239, -25.526195700000002], [31.263234200000003, -25.526319100000002], [31.262206900000002, -25.526441300000002], [31.261392800000003, -25.52652], [31.2609087, -25.526566000000003], [31.2602851, -25.5266108], [31.2597567, -25.526608300000003], [31.2591371, -25.5265285], [31.258463900000002, -25.526320300000002], [31.257914000000003, -25.526071], [31.257055700000002, -25.525557900000003], [31.2554571, -25.524430000000002], [31.254432500000004, -25.5237619], [31.253711000000003, -25.5233093], [31.253289900000002, -25.522982600000002], [31.252887500000003, -25.5226219], [31.252423500000003, -25.5221717], [31.251871, -25.5216198], [31.251302400000004, -25.5211599], [31.2509282, -25.5209118], [31.2505366, -25.520691600000003], [31.250088, -25.520502500000003], [31.2494905, -25.5203436], [31.249215600000003, -25.520297000000003], [31.248892400000003, -25.5202619], [31.248356, -25.5202172], [31.2474923, -25.5201421], [31.2461619, -25.5200332], [31.2456281, -25.519978700000003], [31.245158800000002, -25.5199134], [31.244842300000002, -25.519849800000003], [31.2444118, -25.5197137], [31.2439216, -25.5195231], [31.2435079, -25.5193373], [31.242772900000002, -25.5190081], [31.2423156, -25.5188725], [31.2420514, -25.518802400000002], [31.2415686, -25.518727300000002], [31.2407371, -25.518645000000003], [31.2392968, -25.518514300000003], [31.2380442, -25.5184296], [31.236558300000002, -25.5183691], [31.235522900000003, -25.5183231], [31.2347518, -25.5182831], [31.2342958, -25.518220200000002], [31.2338613, -25.5181258], [31.2334147, -25.5179818], [31.232838, -25.5177555], [31.231994500000003, -25.517383900000002], [31.230357, -25.516668600000003], [31.229941200000003, -25.5164592], [31.2296328, -25.516271600000003], [31.2288268, -25.515637400000003], [31.2282997, -25.5152538], [31.227629200000003, -25.514825300000002], [31.226628700000003, -25.514307300000002], [31.2253936, -25.5137603], [31.224263, -25.513233800000002], [31.223402000000004, -25.5128331], [31.2223855, -25.512375600000002], [31.221776600000002, -25.512126300000002], [31.2212107, -25.5119544], [31.220666200000004, -25.5118407], [31.2200707, -25.511794700000003], [31.218853000000003, -25.511831], [31.217639300000002, -25.511854000000003], [31.216684400000002, -25.511852800000003], [31.216310300000004, -25.511849100000003], [31.2158583, -25.5118225], [31.215346, -25.511768], [31.214939700000002, -25.511709900000003], [31.214212800000002, -25.5115695], [31.213626700000003, -25.5114364], [31.2131453, -25.5113251], [31.212236, -25.5111169], [31.2111926, -25.510945000000003], [31.209926600000003, -25.510775600000002], [31.2086928, -25.5106158], [31.207807700000004, -25.510497200000003], [31.2071022, -25.5103495], [31.206073600000003, -25.5100191], [31.2046695, -25.5095579], [31.203556400000004, -25.509194800000003], [31.203044100000003, -25.5090556], [31.2019765, -25.5087845], [31.201084700000003, -25.508572700000002], [31.200640800000002, -25.5084468], [31.2001473, -25.5082822], [31.1998697, -25.5081539], [31.199633600000002, -25.5080159], [31.1993574, -25.5078332], [31.199027400000002, -25.5075632], [31.198047100000004, -25.5067075], [31.1977118, -25.5064569], [31.197348400000003, -25.506230600000002], [31.196887, -25.5059958], [31.196445800000003, -25.505823900000003], [31.196142700000003, -25.5057477], [31.195728300000003, -25.5056593], [31.1953609, -25.505619300000003], [31.1942625, -25.505567300000003], [31.193876300000003, -25.5055395], [31.193420300000003, -25.5054656], [31.192736300000004, -25.5052877], [31.1916018, -25.5048229], [31.188831, -25.5032663], [31.187633400000003, -25.5025413], [31.1866343, -25.501956600000003], [31.1856647, -25.5014252], [31.1851765, -25.501190400000002], [31.184468400000004, -25.500895], [31.1831944, -25.500393900000002], [31.183045500000002, -25.500341900000002], [31.1827934, -25.500243800000003], [31.182657900000002, -25.5001894], [31.182562700000002, -25.500143400000002], [31.182466100000003, -25.500134900000003], [31.181497900000004, -25.4997621], [31.181161300000003, -25.4996289], [31.180949400000003, -25.4995575], [31.1806409, -25.499469100000002], [31.1804196, -25.4994207], [31.1801782, -25.4993808], [31.179810800000002, -25.499337200000003], [31.1792529, -25.499277900000003], [31.179110700000003, -25.4992416], [31.1788357, -25.4992175], [31.1779742, -25.499160600000003], [31.177288200000003, -25.4991202], [31.176594100000003, -25.4990726], [31.174902300000003, -25.498952300000003], [31.1738831, -25.498886900000002], [31.172860900000003, -25.4988303], [31.1722201, -25.4987949], [31.169865, -25.4986472], [31.1678785, -25.498539400000002], [31.1675147, -25.498479800000002], [31.1670903, -25.4984074], [31.166685500000003, -25.498320500000002], [31.166246800000003, -25.498180400000003], [31.1659347, -25.498059700000002], [31.165392500000003, -25.4978616], [31.1649849, -25.497619500000003], [31.1646013, -25.4973677], [31.1643317, -25.4971825], [31.1641185, -25.4969997], [31.1638704, -25.496756400000002], [31.1636491, -25.496495000000003], [31.1632347, -25.495909100000002], [31.1630985, -25.4956575], [31.162751900000004, -25.495165800000002], [31.1624556, -25.4946941], [31.162173900000003, -25.4942965], [31.1617266, -25.4938004], [31.161419600000002, -25.493549700000003], [31.1611696, -25.493391600000002], [31.160836500000002, -25.493189100000002], [31.1605315, -25.493041100000003], [31.159757000000003, -25.4927715], [31.157924500000004, -25.492073700000002], [31.156486, -25.4913759], [31.1563106, -25.4912849], [31.1533523, -25.4897494], [31.1526318, -25.489375900000002], [31.152394700000002, -25.489256800000003], [31.1511138, -25.488596100000002], [31.150199500000003, -25.4881242], [31.1497585, -25.487896600000003], [31.149334000000003, -25.487686500000002], [31.1488924, -25.487470100000003], [31.1485072, -25.487310700000002], [31.148248700000003, -25.4872157], [31.1480953, -25.487159400000003], [31.147649500000004, -25.487017700000003], [31.147205500000002, -25.486889], [31.146816700000002, -25.4867779], [31.146345900000004, -25.48667], [31.1458377, -25.486589600000002], [31.145315200000002, -25.486522], [31.1448284, -25.486465600000002], [31.143930800000003, -25.4864305], [31.1422303, -25.4863046], [31.1397562, -25.486109600000002], [31.1364555, -25.485849400000003], [31.135983500000002, -25.485784000000002], [31.1333039, -25.4855346], [31.132675100000004, -25.4854963], [31.131641000000002, -25.4854354], [31.131421000000003, -25.485437800000003], [31.1306164, -25.485525000000003], [31.130034300000002, -25.485655700000002], [31.1299989, -25.485666400000003], [31.1293396, -25.4858663], [31.128033400000003, -25.4863143], [31.124978400000003, -25.487333600000003], [31.1219582, -25.4883263], [31.120086, -25.4889316], [31.118366700000003, -25.489500500000002], [31.1176372, -25.4897378], [31.1172563, -25.4898588], [31.117006800000002, -25.4899303], [31.116748, -25.4899823], [31.1165361, -25.4900138], [31.1162692, -25.490033200000003], [31.115974200000004, -25.490030700000002], [31.1154538, -25.4899533], [31.1150756, -25.489834600000002], [31.1147296, -25.489682100000003], [31.1144433, -25.489539], [31.1142307, -25.4893819], [31.114010800000003, -25.4891906], [31.113847200000002, -25.489016300000003], [31.113636600000003, -25.4887294], [31.1134315, -25.4883965], [31.113113600000002, -25.487821500000003], [31.112996900000002, -25.487721], [31.1121574, -25.4863675], [31.111725600000003, -25.4856702], [31.1112602, -25.4848736], [31.110950400000004, -25.484365200000003], [31.110033100000003, -25.4828337], [31.109845300000003, -25.482525000000003], [31.109514800000003, -25.481982100000003], [31.1093739, -25.4817502], [31.109293500000003, -25.4816252], [31.1092623, -25.481572600000003], [31.109256600000002, -25.4815417], [31.109257900000003, -25.481509300000003], [31.108201100000002, -25.4797744], [31.1077997, -25.479070500000002], [31.1077103, -25.478913700000003], [31.10669, -25.4775841], [31.1055549, -25.4763421], [31.104894, -25.475617000000003], [31.1037415, -25.4743591], [31.1036146, -25.474231900000003], [31.1034885, -25.474125400000002], [31.1032659, -25.473965500000002], [31.102981600000003, -25.4737839], [31.1027589, -25.4736604], [31.102485400000003, -25.4735321], [31.1021903, -25.473415900000003], [31.101879200000003, -25.473321400000003], [31.101578800000002, -25.4732512], [31.101286400000003, -25.473200300000002], [31.100967200000003, -25.4731737], [31.100491100000003, -25.473147100000002], [31.0997227, -25.473127700000003], [31.0994466, -25.473154100000002], [31.097916800000004, -25.473116400000002], [31.097078800000002, -25.4730923], [31.096530200000004, -25.4730725], [31.096298500000003, -25.473114900000002], [31.094944100000003, -25.4730902], [31.094609900000002, -25.4730944], [31.0944697, -25.4731224], [31.0943395, -25.473180300000003], [31.0942155, -25.4732556], [31.094118100000003, -25.473331], [31.094047000000003, -25.4734456], [31.093971900000003, -25.473590100000003], [31.0937875, -25.4742257], [31.093751100000002, -25.4743274], [31.093651200000004, -25.474300900000003], [31.092295600000003, -25.4739849], [31.092045000000002, -25.473927600000003], [31.091518200000003, -25.4737671], [31.0910417, -25.4736277], [31.090517300000002, -25.4733275], [31.090109100000003, -25.473051], [31.0890342, -25.472298900000002], [31.088449400000002, -25.471868500000003], [31.087702500000002, -25.4714136], [31.087138600000003, -25.4711529], [31.0865611, -25.4709532], [31.0847441, -25.470375800000003], [31.083106400000002, -25.4699628], [31.081014300000003, -25.469594700000002], [31.080209600000003, -25.469539], [31.079494500000003, -25.469593900000003], [31.0787599, -25.4697412], [31.076805900000004, -25.4703854], [31.076045500000003, -25.470608100000003], [31.075172400000003, -25.4708854], [31.0747755, -25.471033100000003], [31.074035100000003, -25.471275300000002], [31.068759200000002, -25.473071800000003], [31.0682067, -25.4732059], [31.067331000000003, -25.4733275], [31.0664364, -25.473347], [31.065551300000003, -25.4732197], [31.061599100000002, -25.4725429], [31.0605061, -25.4723335], [31.0595378, -25.4720671], [31.057468200000002, -25.4713688], [31.0572258, -25.4712777], [31.054843100000003, -25.470483700000003], [31.0544198, -25.4703452], [31.053624900000003, -25.470062700000003], [31.053344600000003, -25.4699676], [31.052864500000002, -25.469832], [31.052344100000003, -25.469708500000003], [31.0464875, -25.468417900000002], [31.046083900000003, -25.468325800000002], [31.045980600000004, -25.4683016], [31.045813000000003, -25.468265300000002], [31.045354300000003, -25.468168400000003], [31.0446853, -25.468107800000002], [31.0444408, -25.4680891], [31.043524400000003, -25.4680189], [31.0422966, -25.467925100000002], [31.041270700000002, -25.4678645], [31.040566600000002, -25.4678234], [31.0402185, -25.467804], [31.0398645, -25.4678185], [31.039599000000003, -25.467857300000002], [31.039426600000002, -25.46789], [31.039091300000003, -25.4679892], [31.038888800000002, -25.468069200000002], [31.0386291, -25.4681859], [31.0375155, -25.468942100000003], [31.037298300000003, -25.469106800000002], [31.0369375, -25.4693574], [31.036460100000003, -25.4696952], [31.035756000000003, -25.4701783], [31.03552, -25.4703042], [31.035371100000003, -25.4703769], [31.035211500000003, -25.4704362], [31.0349916, -25.470510100000002], [31.0344498, -25.4705985], [31.0343465, -25.470648100000002], [31.0336193, -25.470688000000003], [31.032746000000003, -25.4707396], [31.0317708, -25.470788900000002], [31.0307229, -25.4708454], [31.029809600000004, -25.470883], [31.0297224, -25.470846700000003], [31.0283072, -25.4709317], [31.028148, -25.470933900000002], [31.0257876, -25.471062200000002], [31.0234728, -25.471200200000002], [31.020855200000003, -25.4713949], [31.020042300000004, -25.471471400000002], [31.019323600000003, -25.471575], [31.0177611, -25.4717668], [31.0156354, -25.4720477], [31.006743900000004, -25.4731689], [31.004017400000002, -25.473528400000003], [31.0033026, -25.4736665], [31.002972800000002, -25.473739100000003], [31.002132500000002, -25.473962500000003], [31.002055400000003, -25.4739982], [31.0018616, -25.4737118], [31.0015746, -25.473256600000003], [31.0014472, -25.473068400000002], [31.001298400000003, -25.472845000000003], [31.001272900000004, -25.472791100000002], [31.0012407, -25.4727257], [31.0008288, -25.472093500000003], [31.0004595, -25.4715804], [31.000367, -25.471488400000002], [31.0002798, -25.471389100000003], [31.000114800000002, -25.471185700000003], [31.0000545, -25.4711409], [30.9999512, -25.4710961], [30.999864700000003, -25.4710906], [30.9997635, -25.471107], [30.99962, -25.4711578], [30.9994161, -25.4712159], [30.9992713, -25.471245000000003], [30.999130500000003, -25.471263200000003], [30.9989534, -25.471259500000002], [30.9981112, -25.4714254], [30.997749100000004, -25.471466600000003], [30.997330700000003, -25.471515], [30.996951000000003, -25.471532300000003], [30.9968465, -25.471534400000003], [30.9966736, -25.4715406], [30.996470400000003, -25.4715355], [30.9962866, -25.471540500000003], [30.996202, -25.47154], [30.995890300000003, -25.471538000000002], [30.995469200000002, -25.4715235], [30.9950937, -25.4714835], [30.9943789, -25.471404800000002], [30.9931243, -25.471285], [30.992219000000002, -25.471164100000003], [30.9914741, -25.471069200000002], [30.9887699, -25.4707945], [30.987517200000003, -25.4706535], [30.987344200000003, -25.470629900000002], [30.9871899, -25.4706045], [30.9865931, -25.4704948], [30.986006800000002, -25.470353600000003], [30.9853224, -25.4701565], [30.984680100000002, -25.469947100000002], [30.9845855, -25.4699247], [30.984503000000004, -25.4699168], [30.9842657, -25.4699011], [30.984094000000002, -25.469902700000002], [30.9840182, -25.4699035], [30.9837601, -25.469922800000003], [30.983546800000003, -25.4699604], [30.983383200000002, -25.470005200000003], [30.982996300000003, -25.470142600000003], [30.9828246, -25.470218900000003], [30.982717800000003, -25.4702816], [30.982640200000002, -25.4703272], [30.9824203, -25.4704543], [30.981461300000003, -25.4710895], [30.980301, -25.4719103], [30.9801217, -25.472043300000003], [30.979845700000002, -25.472230300000003], [30.979776, -25.4722809], [30.979483300000002, -25.4724945], [30.979047, -25.4727368], [30.978944100000003, -25.472792100000003], [30.9788381, -25.4728196], [30.978692000000002, -25.472821300000003], [30.978570200000004, -25.472787200000003], [30.978475500000002, -25.4727399], [30.978277700000003, -25.4726448], [30.97813, -25.4725888], [30.977989800000003, -25.472561600000002], [30.9778498, -25.4725381], [30.977675500000004, -25.4725478], [30.9775521, -25.472568300000002], [30.977464200000004, -25.472593200000002], [30.977399400000003, -25.472620600000003], [30.9773338, -25.4726487], [30.977245600000003, -25.4727004], [30.976788000000003, -25.4730019], [30.9765307, -25.473155600000002], [30.9761045, -25.473406400000002], [30.975638900000003, -25.4736082], [30.975070000000002, -25.473846100000003], [30.9749309, -25.473897700000002], [30.9746868, -25.4740024], [30.9744685, -25.474076], [30.973270000000003, -25.4744801], [30.972649, -25.4746525], [30.9704456, -25.475147200000002], [30.970084800000002, -25.4752386], [30.969495300000002, -25.4753286], [30.9692785, -25.475340300000003], [30.968820800000003, -25.4753578], [30.9684755, -25.4753615], [30.9678828, -25.475337900000003], [30.9675851, -25.475309000000003], [30.967229200000002, -25.475254200000002], [30.966328100000002, -25.475070600000002], [30.9656471, -25.4748094], [30.9650369, -25.474563600000003], [30.964365, -25.474178600000002], [30.9636971, -25.4737839], [30.9630051, -25.4732209], [30.962826800000002, -25.473064700000002], [30.962349300000003, -25.4726168], [30.962048900000003, -25.4723092], [30.9618907, -25.4721422], [30.961396500000003, -25.4716197], [30.9611933, -25.4714066], [30.960624300000003, -25.470908400000003], [30.960571700000003, -25.4708685], [30.9605187, -25.470844800000002], [30.960454300000002, -25.470833900000002], [30.9603913, -25.470835200000003], [30.9602311, -25.470833900000002], [30.960072800000003, -25.470949], [30.959632600000003, -25.4712774], [30.959232000000004, -25.471579000000002], [30.959173800000002, -25.4716144], [30.959116, -25.471660200000002], [30.9590187, -25.4717373], [30.958932200000003, -25.4718099], [30.958886500000002, -25.471857800000002], [30.9588059, -25.4719368], [30.9587979, -25.471965800000003], [30.9587703, -25.47201], [30.958728100000002, -25.4720434], [30.9586761, -25.472062400000002], [30.958620000000003, -25.4720647], [30.958580100000002, -25.472055700000002], [30.958543900000002, -25.4720383], [30.9584346, -25.472030800000002], [30.958303200000003, -25.4720477], [30.958169100000003, -25.472086500000003], [30.9577373, -25.4721991], [30.957530700000003, -25.4722657], [30.957083400000002, -25.4723697], [30.9566215, -25.472479900000003], [30.955945600000003, -25.4726858], [30.955555200000003, -25.4728214], [30.9551757, -25.472976300000003], [30.955077900000003, -25.4730236], [30.9546759, -25.473202], [30.954672600000002, -25.4732187], [30.9546609, -25.473252700000003], [30.954637100000003, -25.4732811], [30.9546041, -25.4733005], [30.9545658, -25.4733087], [30.9545266, -25.4733047], [30.9544913, -25.473289], [30.954004400000002, -25.4735847], [30.9530877, -25.474082300000003], [30.952698100000003, -25.4743105], [30.951208100000002, -25.4751201], [30.950715900000002, -25.4753851], [30.950657600000003, -25.4753948], [30.9502646, -25.475613300000003], [30.949934700000004, -25.4757816], [30.949700000000004, -25.475893000000003], [30.949138100000003, -25.476117000000002], [30.9488592, -25.476209], [30.948658000000002, -25.4762647], [30.948415200000003, -25.476314300000002], [30.947837200000002, -25.4764039], [30.9467268, -25.476580700000003], [30.9466235, -25.476592800000002], [30.946312400000004, -25.476632700000003], [30.9459853, -25.476677300000002], [30.9457491, -25.4767066], [30.943651600000003, -25.476986200000002], [30.9435055, -25.477010500000002], [30.9432547, -25.477073400000002], [30.9429851, -25.4771606], [30.942777200000002, -25.4772405], [30.9425814, -25.477334900000002], [30.9423816, -25.477458400000003], [30.9421818, -25.477597600000003], [30.942047700000003, -25.4777054], [30.9417593, -25.4779705], [30.941606500000002, -25.4781376], [30.941408000000003, -25.4783918], [30.9412497, -25.4785952], [30.9410968, -25.478832500000003], [30.940528200000003, -25.479796200000003], [30.940034700000002, -25.4806534], [30.9398738, -25.480982700000002], [30.939723500000003, -25.481312000000003], [30.939592100000002, -25.4816243], [30.939439200000002, -25.482035900000003], [30.9393293, -25.482331300000002], [30.9391764, -25.4827672], [30.9389323, -25.4836098], [30.9389055, -25.4837199], [30.938774000000002, -25.484278000000003], [30.9387177, -25.484594], [30.9386976, -25.484686], [30.9384629, -25.485617], [30.9384267, -25.4857429], [30.9383851, -25.4858651], [30.938138400000003, -25.4864353], [30.9379892, -25.486759600000003], [30.9378448, -25.4870097], [30.9375925, -25.4873808], [30.937514800000002, -25.487481300000002], [30.9371079, -25.487946800000003], [30.935502300000003, -25.489784], [30.932958000000003, -25.492686600000003], [30.932493500000003, -25.4932756], [30.9324586, -25.493322000000003], [30.932265700000002, -25.4935781], [30.9317917, -25.494323], [30.928640700000003, -25.499667600000002], [30.928439500000003, -25.5000405], [30.928151200000002, -25.5005464], [30.928084100000003, -25.500667500000002], [30.927995600000003, -25.5008757], [30.927892300000003, -25.501165], [30.927793100000002, -25.501591100000002], [30.927735400000003, -25.501971100000002], [30.927704600000002, -25.5023076], [30.927718000000002, -25.5026429], [30.927742100000003, -25.5029298], [30.9277917, -25.5032506], [30.927830600000004, -25.5035677], [30.927868200000002, -25.504016800000002], [30.927848100000002, -25.504313300000003], [30.9278145, -25.504583200000003], [30.927755500000004, -25.504847100000003], [30.927655, -25.505134], [30.9275798, -25.5052865], [30.9272251, -25.505886], [30.927050100000002, -25.5061205], [30.9264185, -25.5067753], [30.9259343, -25.5072921], [30.9255588, -25.507660100000003], [30.925139, -25.5080522], [30.9249365, -25.508206], [30.9248386, -25.5082737], [30.924562400000003, -25.5084383], [30.9242901, -25.5085775], [30.9239387, -25.5087204], [30.9236544, -25.5088063], [30.923406300000003, -25.5088644], [30.923114, -25.508888600000002], [30.922903400000003, -25.508889800000002], [30.922589600000002, -25.508877700000003], [30.9223885, -25.5088632], [30.922238300000004, -25.5088414], [30.921908300000002, -25.5087869], [30.9217139, -25.5087228], [30.921511400000004, -25.5086659], [30.921337, -25.5086078], [30.9211063, -25.5085267], [30.9208931, -25.508439600000003], [30.920677200000004, -25.508352400000003], [30.9204572, -25.5082604], [30.920258800000003, -25.508189], [30.920053600000003, -25.508116400000002], [30.9198242, -25.5080631], [30.919584200000003, -25.5080026], [30.919442000000004, -25.5079724], [30.919255600000003, -25.5079397], [30.9191685, -25.5079251], [30.918960600000002, -25.507909400000003], [30.918771500000002, -25.507902100000003], [30.9186213, -25.507905800000003], [30.918433500000003, -25.507916700000003], [30.918287300000003, -25.5079324], [30.918143800000003, -25.507957800000003], [30.9179977, -25.507988100000002], [30.9178703, -25.5080208], [30.9177147, -25.5080595], [30.917572500000002, -25.508107900000002], [30.9174666, -25.5081527], [30.9173164, -25.5082132], [30.9171286, -25.508305200000002], [30.9166123, -25.508629600000003], [30.915774100000004, -25.5092989], [30.9154361, -25.509548300000002], [30.915327500000004, -25.5096342], [30.915117000000002, -25.5097685], [30.914800500000002, -25.509934400000002], [30.913769700000003, -25.5103139], [30.912379800000004, -25.5107368], [30.909964400000003, -25.511526], [30.909543300000003, -25.5116337], [30.909177200000002, -25.5117124], [30.908871400000002, -25.5117656], [30.908525400000002, -25.5118128], [30.9084034, -25.5118225], [30.907228600000003, -25.5118274], [30.906084600000003, -25.511793500000003], [30.9036934, -25.511741400000002], [30.9029075, -25.5117596], [30.9024046, -25.5118201], [30.902131, -25.5118733], [30.901559700000004, -25.5120404], [30.9012339, -25.5121578], [30.9009603, -25.5122715], [30.9006703, -25.5124205], [30.900384900000002, -25.512565700000003], [30.900090700000003, -25.512746500000002], [30.8995783, -25.5131073], [30.899024800000003, -25.5136176], [30.898413400000003, -25.514222], [30.897096500000004, -25.515523700000003], [30.8959419, -25.5166529], [30.8955838, -25.5169688], [30.893793400000003, -25.518716400000002], [30.892925700000003, -25.5195261], [30.891982900000002, -25.5204677], [30.8898371, -25.522515400000003], [30.889540800000002, -25.522792600000002], [30.8887576, -25.523553800000002], [30.888194900000002, -25.524100500000003], [30.8873186, -25.5249528], [30.8856435, -25.5265793], [30.885095000000003, -25.5270864], [30.884805300000004, -25.527332], [30.884518300000003, -25.527494200000003], [30.884353400000002, -25.5275898], [30.884152200000003, -25.5276697], [30.8837727, -25.5277871], [30.8834857, -25.5278379], [30.8831853, -25.527864500000003], [30.8828755, -25.5278712], [30.882565000000003, -25.5278591], [30.882335700000002, -25.5278367], [30.882086200000003, -25.5277798], [30.881677900000003, -25.5276612], [30.8813244, -25.5275481], [30.8809295, -25.527395000000002], [30.8805352, -25.5272013], [30.880204000000003, -25.5269738], [30.880032300000003, -25.5267996], [30.879872700000004, -25.526621700000003], [30.879626000000002, -25.526252600000003], [30.879284000000002, -25.5258024], [30.879014400000003, -25.5255373], [30.878860200000002, -25.5254163], [30.878714100000003, -25.5253303], [30.8785813, -25.525250500000002], [30.8784525, -25.525190000000002], [30.8782661, -25.525125900000003], [30.878016600000002, -25.5250641], [30.877940900000002, -25.525050800000002], [30.877863800000004, -25.5250448], [30.877560700000004, -25.5250375], [30.8773307, -25.525038100000003], [30.8771047, -25.525052000000002], [30.8767439, -25.525092], [30.876356400000002, -25.5251343], [30.875646900000003, -25.52523], [30.875359900000003, -25.525294000000002], [30.875182900000002, -25.5253437], [30.875026000000002, -25.5254006], [30.8748772, -25.5254623], [30.874752400000002, -25.5255337], [30.874661200000002, -25.5255954], [30.874547200000002, -25.525666800000003], [30.8743662, -25.525797500000003], [30.8738606, -25.5261521], [30.873621800000002, -25.526326400000002], [30.873359, -25.5264996], [30.873070700000003, -25.526645900000002], [30.872803800000003, -25.5267342], [30.872557, -25.5267887], [30.87227, -25.526811700000003], [30.872039400000002, -25.526802], [30.8718301, -25.5267814], [30.8716034, -25.5267306], [30.8713219, -25.526614400000003], [30.871101900000003, -25.526503100000003], [30.870873900000003, -25.5263373], [30.870679000000003, -25.5261514], [30.870452800000002, -25.525879800000002], [30.8702748, -25.5255915], [30.8701149, -25.525289200000003], [30.8696294, -25.524379200000002], [30.868425100000003, -25.522179], [30.8682695, -25.521978100000002], [30.8680817, -25.5217917], [30.867953000000004, -25.5216731], [30.867784, -25.5215642], [30.8675238, -25.5214456], [30.866491900000003, -25.521188900000002], [30.864711000000003, -25.5207894], [30.864353500000004, -25.520750900000003], [30.864034200000003, -25.520760000000003], [30.8637607, -25.520804100000003], [30.863470000000003, -25.520904700000003], [30.8631974, -25.5210365], [30.862948000000003, -25.5212156], [30.8614299, -25.522648500000003], [30.8611885, -25.522847000000002], [30.8606319, -25.523192100000003], [30.8603248, -25.523304500000002], [30.8599403, -25.5234065], [30.859635500000003, -25.523464200000003], [30.859217, -25.5234884], [30.858661800000004, -25.523425500000002], [30.858506300000002, -25.5233916], [30.857320700000002, -25.523026100000003], [30.8571357, -25.5230068], [30.856172700000002, -25.5230406], [30.8533323, -25.523302100000002], [30.8527878, -25.523415800000002], [30.8525303, -25.523490900000002], [30.8523345, -25.523592500000003], [30.852176200000002, -25.5236942], [30.851941600000004, -25.5238733], [30.851715600000002, -25.5240899], [30.8516197, -25.5242103], [30.851478900000004, -25.5243937], [30.8513528, -25.524599400000003], [30.8512616, -25.5248294], [30.8512026, -25.524998800000002], [30.851156800000002, -25.525253600000003], [30.8511382, -25.5253836], [30.8511516, -25.525550600000003], [30.8512233, -25.525856700000002], [30.851326, -25.5261654], [30.851927800000002, -25.527323300000003], [30.852042100000002, -25.527755600000003], [30.8520529, -25.527937100000003], [30.852026000000002, -25.5282421], [30.851980400000002, -25.528404300000002], [30.851736400000004, -25.5290529], [30.851328700000003, -25.530021], [30.850722500000003, -25.531444200000003], [30.8502933, -25.5324801], [30.8501136, -25.5327802], [30.8499151, -25.533058500000003], [30.849783700000003, -25.5331747], [30.8496737, -25.533259400000002], [30.849537, -25.5333465], [30.849274100000002, -25.5334748], [30.849011200000003, -25.5335764], [30.848603500000003, -25.5336587], [30.8476728, -25.5337628], [30.846363900000004, -25.5338911], [30.845511000000002, -25.5339782], [30.844993300000002, -25.5340193], [30.844521200000003, -25.5340871], [30.8430192, -25.5343558], [30.8427697, -25.534360600000003], [30.8424854, -25.5343461], [30.842329900000003, -25.5343243], [30.8422011, -25.534283100000003], [30.8413669, -25.5338886], [30.840492500000003, -25.533501400000002], [30.8403102, -25.533448200000002], [30.840084800000003, -25.533424], [30.8399186, -25.533407], [30.8397885, -25.5334022], [30.8391112, -25.5334566], [30.8386391, -25.533500200000002], [30.838501, -25.533509900000002], [30.838320000000003, -25.533509900000002], [30.8380745, -25.533492900000002], [30.8375099, -25.533355], [30.836442400000003, -25.533064600000003], [30.8363137, -25.5330307], [30.836093700000003, -25.533001600000002], [30.8358926, -25.532996800000003], [30.835624300000003, -25.532987100000003], [30.835415100000002, -25.533001600000002], [30.8352314, -25.533017400000002], [30.8350624, -25.533047600000003], [30.834900100000002, -25.5330851], [30.8346078, -25.533178300000003], [30.834330200000004, -25.5332933], [30.8340405, -25.533434900000003], [30.833787, -25.5335934], [30.8335429, -25.5337701], [30.8333538, -25.533932200000002], [30.833223800000003, -25.534062900000002], [30.8331513, -25.5341476], [30.833074900000003, -25.534248100000003], [30.832852300000003, -25.534572400000002], [30.832687300000003, -25.534873700000002], [30.832543800000003, -25.535204], [30.832499600000002, -25.535361400000003], [30.832435200000003, -25.535717100000003], [30.8324204, -25.5358418], [30.832421800000002, -25.536160000000002], [30.832428500000002, -25.5362714], [30.832526400000003, -25.536769900000003], [30.8325545, -25.5368679], [30.832728900000003, -25.5373701], [30.834169300000003, -25.5409769], [30.8342041, -25.541108], [30.8342376, -25.5413682], [30.8342443, -25.541581100000002], [30.834241700000003, -25.5417215], [30.8342242, -25.5419187], [30.8342014, -25.542001000000003], [30.8341102, -25.542243000000003], [30.8339882, -25.542504400000002], [30.833929200000004, -25.5426], [30.8336462, -25.5429388], [30.8335711, -25.5430126], [30.833439700000003, -25.5431457], [30.833305600000003, -25.5432643], [30.833154, -25.543369600000002], [30.833109800000003, -25.543395], [30.833028000000002, -25.5434313], [30.832904600000003, -25.543474800000002], [30.8319197, -25.5437532], [30.831232200000002, -25.5439225], [30.8310445, -25.5439782], [30.8308822, -25.5440375], [30.827225000000002, -25.5457472], [30.8262272, -25.546216700000002], [30.8255875, -25.546498600000003], [30.8250792, -25.546711600000002], [30.8247019, -25.546840600000003], [30.8243751, -25.5469282], [30.823887000000003, -25.5470492], [30.823527600000002, -25.547114500000003], [30.823345200000002, -25.547129], [30.8230788, -25.5471483], [30.8221087, -25.5471992], [30.821100200000004, -25.547245200000003], [30.820587900000003, -25.5472791], [30.8201131, -25.5473323], [30.819576700000002, -25.547388], [30.819276300000002, -25.547424300000003], [30.8187962, -25.547499300000002], [30.8170447, -25.547908300000003], [30.8151392, -25.548372], [30.8143786, -25.548559200000003], [30.8140272, -25.548651200000002], [30.8135739, -25.548813300000003], [30.813174200000002, -25.5489876], [30.812847100000003, -25.549193300000002], [30.8125289, -25.5494582], [30.812388400000003, -25.549597400000003], [30.812219400000004, -25.5497765], [30.8120155, -25.550033000000003], [30.8116829, -25.5505412], [30.8112913, -25.551160600000003], [30.810843400000003, -25.551831], [30.810553700000003, -25.5522302], [30.810266700000003, -25.552573900000002], [30.810041400000003, -25.5528158], [30.8095962, -25.553144900000003], [30.8089337, -25.553578100000003], [30.8075657, -25.554425000000002], [30.806063700000003, -25.555332500000002], [30.8036926, -25.5567843], [30.8032688, -25.5570433], [30.8029228, -25.557304600000002], [30.8026841, -25.557532100000003], [30.802504400000004, -25.5577377], [30.802375700000002, -25.557950700000003], [30.802182600000002, -25.5582798], [30.801965300000003, -25.558674200000002], [30.801817800000002, -25.5588605], [30.801632700000003, -25.559027500000003], [30.801372500000003, -25.5592356], [30.8011392, -25.559325100000002], [30.8009863, -25.559373500000003], [30.800841400000003, -25.5594025], [30.8004713, -25.559436400000003], [30.7999027, -25.559441200000002], [30.7990846, -25.5594533], [30.798620600000003, -25.5594824], [30.798065400000002, -25.559569500000002], [30.797142700000002, -25.5598139], [30.796582100000002, -25.559973600000003], [30.796351400000002, -25.560038900000002], [30.7957533, -25.5602978], [30.795187400000003, -25.5605906], [30.794809200000003, -25.560730900000003], [30.7945114, -25.5608229], [30.794221800000003, -25.560871300000002], [30.793926700000004, -25.560849500000003], [30.793508300000003, -25.560728500000003], [30.7930014, -25.560564000000003], [30.792467600000002, -25.560440600000003], [30.7920304, -25.5603583], [30.791483200000002, -25.560319600000003], [30.7908931, -25.5602881], [30.790029500000003, -25.560322000000003], [30.789198000000003, -25.5604164], [30.7866365, -25.5607213], [30.785654800000003, -25.560861600000003], [30.7849359, -25.5609511], [30.784362, -25.561031], [30.783962300000002, -25.5611181], [30.7836029, -25.5612439], [30.783297100000002, -25.561452000000003], [30.783082500000003, -25.5616553], [30.782889400000002, -25.5618851], [30.7827124, -25.562221500000003], [30.782613200000004, -25.562480400000002], [30.782570200000002, -25.562753800000003], [30.782586300000002, -25.563078], [30.7826427, -25.563409500000002], [30.782902800000002, -25.5642104], [30.783036900000003, -25.564716100000002], [30.783069100000002, -25.565059700000003], [30.7830423, -25.5654396], [30.7829699, -25.5657977], [30.782881900000003, -25.5659989], [30.7827795, -25.566233200000003], [30.781993600000003, -25.5676728], [30.7800356, -25.5711739], [30.779043100000003, -25.573019900000002], [30.778815100000003, -25.5733998], [30.778667600000002, -25.573598200000003], [30.778445, -25.5738184], [30.7781768, -25.573999800000003], [30.7779005, -25.5741692], [30.7775679, -25.574295000000003], [30.777152200000003, -25.5743966], [30.776723, -25.574416000000003], [30.776320700000003, -25.5743772], [30.775929100000003, -25.5742781], [30.775636700000003, -25.5741595], [30.775325600000002, -25.574011900000002], [30.774928600000003, -25.573886100000003], [30.774689900000002, -25.573837700000002], [30.774478000000002, -25.573815900000003], [30.7742608, -25.5738184], [30.7739872, -25.573847400000002], [30.773732400000004, -25.5739297], [30.7735044, -25.5740361], [30.7733032, -25.5741571], [30.773128800000002, -25.5742805], [30.7729679, -25.5744402], [30.7728204, -25.5746603], [30.772707800000003, -25.574878100000003], [30.772584400000003, -25.5752023], [30.7725146, -25.5753886], [30.772372500000003, -25.575637800000003], [30.7722464, -25.5757587], [30.7721069, -25.575860300000002], [30.771889700000003, -25.575962], [30.771592000000002, -25.576092600000003], [30.771286200000002, -25.576247400000003], [30.7710931, -25.5763974], [30.770967000000002, -25.576545000000003], [30.770873100000003, -25.5767071], [30.77079, -25.5769491], [30.770709500000002, -25.5772249], [30.7706264, -25.5774596], [30.7704923, -25.577660400000003], [30.7703716, -25.5778491], [30.770288400000002, -25.577994200000003], [30.770226700000002, -25.578168400000003], [30.7702187, -25.578347500000003], [30.770266900000003, -25.578640200000002], [30.770328600000003, -25.5789112], [30.770347400000002, -25.5791289], [30.770288400000002, -25.5795208], [30.769878000000002, -25.581478], [30.769752, -25.582003], [30.7696715, -25.5823296], [30.769529300000002, -25.5827022], [30.7693121, -25.583171500000002], [30.769148500000004, -25.5835586], [30.7690492, -25.5838949], [30.7689929, -25.5842771], [30.7689634, -25.5849884], [30.7689312, -25.585315], [30.7688856, -25.5855375], [30.7687917, -25.5857214], [30.7686603, -25.5859536], [30.768499400000003, -25.586137500000003], [30.7683116, -25.586314100000003], [30.768043400000003, -25.586493100000002], [30.767608900000003, -25.586706000000003], [30.767026800000004, -25.586940600000002], [30.766243600000003, -25.5872406], [30.765865400000003, -25.5873713], [30.765567700000002, -25.587523700000002], [30.7653156, -25.587664], [30.7649723, -25.587903500000003], [30.7648113, -25.5880365], [30.7646531, -25.5882228], [30.7644626, -25.588486500000002], [30.7641354, -25.588984800000002], [30.763947700000003, -25.589318700000003], [30.7636499, -25.589768600000003], [30.763398000000002, -25.590196000000002], [30.763231500000003, -25.590586300000002], [30.763159100000003, -25.590903200000003], [30.763129600000003, -25.591193500000003], [30.7631081, -25.5914426], [30.763118900000002, -25.591728000000003], [30.7631537, -25.5919047], [30.763204700000003, -25.592088500000003], [30.763291600000002, -25.5923352], [30.763368300000003, -25.5925167], [30.763472900000004, -25.5926957], [30.7636365, -25.592944900000003], [30.763915500000003, -25.593269000000003], [30.764309800000003, -25.593610100000003], [30.764755, -25.593994700000003], [30.7653822, -25.5945034], [30.7657662, -25.594853500000003], [30.7661015, -25.5951655], [30.766289200000003, -25.5953784], [30.766471600000003, -25.5956808], [30.766544000000003, -25.5958477], [30.7666299, -25.596048500000002], [30.7666782, -25.596242], [30.766726400000003, -25.596493600000002], [30.766739800000003, -25.596936200000002], [30.766694200000003, -25.597255500000003], [30.766619100000003, -25.597565200000002], [30.766552100000002, -25.597712700000002], [30.766466200000004, -25.597877200000003], [30.766214100000003, -25.598261800000003], [30.765972700000003, -25.598547200000002], [30.7656616, -25.598791600000002], [30.7654175, -25.598948800000002], [30.765125200000004, -25.5990842], [30.7649186, -25.599156800000003], [30.764645, -25.5992342], [30.7644036, -25.599285000000002], [30.7642132, -25.5992947], [30.763958400000003, -25.5993092], [30.762687000000003, -25.599302], [30.759963600000003, -25.5993059], [30.759347700000003, -25.599275300000002], [30.7589453, -25.5992439], [30.758543000000003, -25.5991883], [30.757926100000002, -25.599009300000002], [30.757711500000003, -25.5989101], [30.7573295, -25.598712300000003], [30.7571134, -25.5986005], [30.7567728, -25.5983707], [30.7565032, -25.5981312], [30.7564585, -25.598089700000003], [30.7563758, -25.5980127], [30.7560754, -25.597649800000003], [30.7558581, -25.597262800000003], [30.755622100000004, -25.5967959], [30.754916700000003, -25.5953324], [30.7548554, -25.5952021], [30.7545572, -25.594568000000002], [30.754409700000004, -25.5941544], [30.754329300000002, -25.593823], [30.754291700000003, -25.5934238], [30.754238100000002, -25.592659400000002], [30.754168300000003, -25.5921321], [30.754106600000004, -25.5919023], [30.754023500000002, -25.591706300000002], [30.7538331, -25.5913362], [30.753685500000003, -25.591084600000002], [30.7534522, -25.5907725], [30.753175900000002, -25.5905403], [30.7523659, -25.590042], [30.751293, -25.5894227], [30.7488415, -25.588019600000003], [30.748106500000002, -25.587605900000003], [30.7477766, -25.5874245], [30.747395800000003, -25.587276900000003], [30.7469049, -25.5871439], [30.746457000000003, -25.5870882], [30.746092200000003, -25.5870931], [30.745665700000004, -25.587155900000003], [30.7450569, -25.587284200000003], [30.744354100000002, -25.587431700000003], [30.7439706, -25.587511600000003], [30.743627200000002, -25.5875406], [30.7432866, -25.5875406], [30.7428977, -25.5874874], [30.7398722, -25.586749500000003], [30.737713000000003, -25.5862221], [30.737125600000002, -25.5860939], [30.736581100000002, -25.5858931], [30.7362244, -25.585702], [30.735819300000003, -25.5854117], [30.7355404, -25.585172200000002], [30.7353902, -25.585012600000002], [30.7351783, -25.584724700000002], [30.7350174, -25.584434400000003], [30.734891400000002, -25.584142200000002], [30.734687400000002, -25.583529600000002], [30.7345024, -25.582997300000002], [30.7342958, -25.5826175], [30.734065200000003, -25.5822885], [30.733751400000003, -25.5819498], [30.733461700000003, -25.5817224], [30.732919900000002, -25.581390900000002], [30.7321689, -25.5809676], [30.731753100000002, -25.5806869], [30.7313803, -25.580357900000003], [30.7310933, -25.5799974], [30.7308653, -25.5796007], [30.7303208, -25.578645], [30.730103500000002, -25.5783305], [30.7299024, -25.5780886], [30.729585900000004, -25.5778079], [30.7292452, -25.577551500000002], [30.728971700000002, -25.577384600000002], [30.728494200000004, -25.577147500000002], [30.728116000000004, -25.576995], [30.727703, -25.5768644], [30.727182600000003, -25.5767628], [30.7267213, -25.576748300000002], [30.726353800000002, -25.5767458], [30.726002500000003, -25.5767604], [30.725745000000003, -25.5768039], [30.725050300000003, -25.5770507], [30.7245299, -25.5772708], [30.7235134, -25.577706300000003], [30.723097600000003, -25.5778539], [30.722765000000003, -25.577945800000002], [30.7222742, -25.5780257], [30.7219443, -25.5780402], [30.7216546, -25.5780475], [30.7213488, -25.5780281], [30.720962600000004, -25.5779749], [30.720538800000003, -25.577866], [30.720195500000003, -25.5777281], [30.719814600000003, -25.577537000000003], [30.7195517, -25.577384600000002], [30.7192782, -25.5771692], [30.718969700000002, -25.576891], [30.718712200000002, -25.5765862], [30.718500300000002, -25.576286200000002], [30.7182965, -25.575916000000003], [30.718183800000002, -25.5756692], [30.718122100000002, -25.575495], [30.718057700000003, -25.5752361], [30.7179961, -25.5748587], [30.717953100000003, -25.574478900000003], [30.717757300000002, -25.5725215], [30.7176328, -25.5712572], [30.7175052, -25.5700924], [30.717475, -25.5697477], [30.7174382, -25.569487600000002], [30.717394700000003, -25.569223700000002], [30.7173498, -25.5690139], [30.717280400000003, -25.568768400000003], [30.7172029, -25.568588000000002], [30.7170355, -25.568246900000002], [30.7169226, -25.568027200000003], [30.716760700000002, -25.567790300000002], [30.7165798, -25.5675461], [30.716377100000003, -25.5673068], [30.716159400000002, -25.567088400000003], [30.716013900000004, -25.566958300000003], [30.715853300000003, -25.566828200000003], [30.7155704, -25.566618400000003], [30.715182400000003, -25.5663808], [30.714828400000002, -25.5661896], [30.714426000000003, -25.5660372], [30.7139835, -25.5659114], [30.7135624, -25.5658074], [30.7131976, -25.565756500000003], [30.712856900000002, -25.5657469], [30.712368800000004, -25.565766200000002], [30.711899400000004, -25.565829100000002], [30.711596300000004, -25.565879900000002], [30.711172500000004, -25.565988800000003], [30.7107595, -25.566134], [30.7103974, -25.566291300000003], [30.710113000000003, -25.566458200000003], [30.709890400000003, -25.5666082], [30.7095981, -25.566838100000002], [30.7094452, -25.5669712], [30.7090026, -25.567360700000002], [30.708605600000002, -25.5677188], [30.7071921, -25.568977], [30.706425000000003, -25.569685900000003], [30.705711500000003, -25.570336700000002], [30.7053763, -25.570617400000003], [30.7050866, -25.570856900000003], [30.704700300000002, -25.571149700000003], [30.7043624, -25.5713481], [30.7040888, -25.571490800000003], [30.7038769, -25.5715997], [30.7035094, -25.571744900000002], [30.7031795, -25.5718634], [30.702793300000003, -25.571969900000003], [30.7023936, -25.572073900000003], [30.7020704, -25.5721296], [30.7017124, -25.5721731], [30.701362300000003, -25.572186400000003], [30.700961300000003, -25.572193700000003], [30.700536300000003, -25.5721753], [30.7002613, -25.572147100000002], [30.6999394, -25.572095700000002], [30.6995505, -25.5720062], [30.6992532, -25.571930000000002], [30.698854800000003, -25.571835200000002], [30.6979812, -25.5715225], [30.696744900000002, -25.571094000000002], [30.696382800000002, -25.5709707], [30.6954469, -25.5706792], [30.694502600000003, -25.570339200000003], [30.694186100000003, -25.5702448], [30.6938937, -25.570157700000003], [30.6935289, -25.57009], [30.693140000000003, -25.5700706], [30.692820800000003, -25.570065800000002], [30.692509700000002, -25.57009], [30.692177100000002, -25.5701311], [30.6917426, -25.5702375], [30.6914154, -25.5703609], [30.6910935, -25.5704892], [30.6908387, -25.570624700000003], [30.6905919, -25.5707844], [30.6903304, -25.570997300000002], [30.6902003, -25.5711134], [30.6899978, -25.5713118], [30.6898297, -25.571503800000002], [30.6897018, -25.5716621], [30.689583400000004, -25.5718253], [30.6894597, -25.5720229], [30.689338600000003, -25.5722364], [30.689267800000003, -25.5724021], [30.6891944, -25.5725985], [30.6891223, -25.5728304], [30.689025700000002, -25.5732415], [30.688900500000003, -25.573966700000003], [30.688833700000004, -25.5743845], [30.688820200000002, -25.574424500000003], [30.688636600000002, -25.5754467], [30.6884516, -25.5764701], [30.688363000000003, -25.576834100000003], [30.688278500000003, -25.5770386], [30.6881404, -25.5772854], [30.688043800000003, -25.577423300000003], [30.6879564, -25.5775377], [30.687766200000002, -25.5777354], [30.6876254, -25.57786], [30.6874323, -25.577995400000002], [30.687121200000004, -25.578175700000003], [30.686918600000002, -25.5782688], [30.6867215, -25.5783366], [30.6864895, -25.5783886], [30.686155600000003, -25.578415200000002], [30.685809600000002, -25.578422500000002], [30.6855252, -25.5783862], [30.685200700000003, -25.5783051], [30.684953900000004, -25.5781999], [30.684552900000003, -25.5779749], [30.684358500000002, -25.577835800000003], [30.684088900000003, -25.5775733], [30.683926600000003, -25.577356700000003], [30.683772400000002, -25.577071200000002], [30.6835981, -25.5766926], [30.6833205, -25.5760478], [30.6831743, -25.5757309], [30.6829731, -25.5753619], [30.6828538, -25.575180500000002], [30.682517100000002, -25.5747934], [30.681554900000002, -25.573731900000002], [30.6813383, -25.5735244], [30.681099600000003, -25.573301800000003], [30.680815300000003, -25.5730986], [30.680476000000002, -25.572903800000002], [30.680303000000002, -25.5728276], [30.680095100000003, -25.572739300000002], [30.679931500000002, -25.572677600000002], [30.679729000000002, -25.5726207], [30.679289100000002, -25.572524], [30.6780486, -25.5722796], [30.676809400000003, -25.572031600000003], [30.6758391, -25.571851300000002], [30.675665400000003, -25.5718126], [30.6751028, -25.571694700000002], [30.6743947, -25.571553100000003], [30.6740259, -25.571490800000003], [30.6735961, -25.571449700000002], [30.6731361, -25.571452100000002], [30.672444100000003, -25.571567100000003], [30.672031, -25.571695300000002], [30.671580400000003, -25.5718973], [30.6713337, -25.5720449], [30.6709555, -25.5722965], [30.670735500000003, -25.572485200000003], [30.670560100000003, -25.5726929], [30.670216000000003, -25.5731672], [30.6697431, -25.5739018], [30.669578200000004, -25.574142600000002], [30.6694266, -25.5743192], [30.669294800000003, -25.5744842], [30.669139400000002, -25.5745983], [30.668929600000002, -25.574735], [30.668740500000002, -25.5748171], [30.668574900000003, -25.574880200000003], [30.6684099, -25.5749275], [30.667995800000003, -25.575035600000003], [30.667864100000003, -25.5750856], [30.667790200000002, -25.575134400000003], [30.667731300000003, -25.575195200000003], [30.667680800000003, -25.575263500000002], [30.667651900000003, -25.5753187], [30.667566500000003, -25.575494900000002], [30.6675091, -25.5756075], [30.667260400000004, -25.576028700000002], [30.6671152, -25.5762816], [30.6670255, -25.576422], [30.6668561, -25.5766864], [30.666714100000004, -25.576892], [30.6665922, -25.577028400000003], [30.666457800000003, -25.5772316], [30.6662874, -25.577437900000003], [30.666123300000002, -25.577616900000002], [30.6658371, -25.577931900000003], [30.665599, -25.5781685], [30.665114900000003, -25.578590300000002], [30.66487, -25.5787739], [30.664623400000004, -25.578956700000003], [30.661450400000003, -25.5808177], [30.660470200000002, -25.581370300000003], [30.6601317, -25.5815473], [30.659691400000003, -25.581752], [30.6592324, -25.581924100000002], [30.658713700000003, -25.5820906], [30.6583241, -25.582196000000003], [30.6579312, -25.582276800000002], [30.657709500000003, -25.582311], [30.657302800000004, -25.5823679], [30.656832100000003, -25.5824086], [30.6559552, -25.582431200000002], [30.6551425, -25.5824482], [30.654395500000003, -25.5824627], [30.653843000000002, -25.5824736], [30.653569400000002, -25.582485700000003], [30.6532462, -25.5825074], [30.6529686, -25.582538900000003], [30.6526682, -25.5825752], [30.6522377, -25.582653800000003], [30.6519453, -25.582722800000003], [30.6517267, -25.582774800000003], [30.6513163, -25.582899400000002], [30.6510508, -25.582998500000002], [30.650639100000003, -25.5831558], [30.6500047, -25.583411], [30.648960300000002, -25.5838223], [30.647240300000004, -25.584499100000002], [30.6468451, -25.5846352], [30.6464347, -25.584760300000003], [30.645991100000003, -25.584869700000002], [30.645646900000003, -25.584947200000002], [30.6453272, -25.585002600000003], [30.6449582, -25.585052500000003], [30.644567900000002, -25.5850851], [30.6441535, -25.585108100000003], [30.6434293, -25.5851553], [30.643007700000002, -25.5851855], [30.642697100000003, -25.5852061], [30.642390100000004, -25.585243300000002], [30.6421065, -25.5852851], [30.6418071, -25.585335200000003], [30.6413523, -25.585433300000002], [30.641151800000003, -25.585482600000002], [30.6397812, -25.585900300000002], [30.6382732, -25.5863607], [30.636832400000003, -25.586764000000002], [30.6345284, -25.5874583], [30.633010300000002, -25.5879252], [30.6301349, -25.588805800000003], [30.627328000000002, -25.5897033], [30.6264389, -25.589952500000003], [30.623448200000002, -25.590864500000002], [30.6186833, -25.592374000000003], [30.615377400000003, -25.593385100000003], [30.6120461, -25.594414500000003], [30.6073428, -25.595861000000003], [30.606779600000003, -25.596033900000002], [30.6055713, -25.596404000000003], [30.603337000000003, -25.5971297], [30.5995604, -25.598496400000002], [30.5983333, -25.5989742], [30.5973314, -25.599336], [30.595242100000004, -25.6000905], [30.5933935, -25.600719100000003], [30.592956800000003, -25.6008791], [30.592854900000003, -25.600919], [30.589043500000002, -25.6020861], [30.5868977, -25.6027343], [30.5859455, -25.603027], [30.584923600000003, -25.6033173], [30.583826600000002, -25.603520500000002], [30.583231100000003, -25.603593], [30.582614200000002, -25.603612400000003], [30.5820617, -25.603617200000002], [30.581581600000003, -25.6035761], [30.5809727, -25.603498700000003], [30.580481900000002, -25.6034189], [30.5795029, -25.6032133], [30.578226100000002, -25.602954500000003], [30.576064300000002, -25.6025287], [30.575381600000004, -25.602462600000003], [30.5747071, -25.602451300000002], [30.5739051, -25.6024779], [30.573261400000003, -25.602565000000002], [30.572625700000003, -25.6026956], [30.572006100000003, -25.6028625], [30.5713356, -25.6030681], [30.570724000000002, -25.6033173], [30.569635, -25.603895400000003], [30.5686131, -25.604543600000003], [30.568302000000003, -25.604729900000002], [30.5676743, -25.605097500000003], [30.5669904, -25.6054217], [30.5664593, -25.6056224], [30.5659524, -25.6058111], [30.5653435, -25.6059731], [30.5646354, -25.6061449], [30.5638897, -25.606263400000003], [30.563004600000003, -25.6063408], [30.5627257, -25.606348], [30.5621356, -25.6063577], [30.5610049, -25.6062818], [30.5599898, -25.6061304], [30.559072500000003, -25.6059078], [30.5577368, -25.605433700000003], [30.5567229, -25.605044300000003], [30.5561998, -25.604879800000003], [30.5556939, -25.6047754], [30.5550384, -25.604679100000002], [30.554620000000003, -25.6046428], [30.546420500000004, -25.6044009], [30.5433038, -25.6043163], [30.5413171, -25.6042641], [30.5399913, -25.604229200000002], [30.537655100000002, -25.6041615], [30.536737700000003, -25.6041421], [30.536338100000002, -25.604166300000003], [30.5358124, -25.604205], [30.5351204, -25.604323500000003], [30.5344176, -25.6045146], [30.533894600000004, -25.6046839], [30.533264300000003, -25.604942700000002], [30.532644700000002, -25.605271600000002], [30.532110900000003, -25.6056418], [30.5316152, -25.606039000000003], [30.531373300000002, -25.6062586], [30.531175200000003, -25.606468500000002], [30.5307901, -25.606927000000002], [30.530356800000003, -25.6075115], [30.529871300000003, -25.6083314], [30.5295132, -25.6090619], [30.5293147, -25.6094936], [30.529183300000003, -25.6097149], [30.528966, -25.610063200000003], [30.528823900000003, -25.610249500000002], [30.5286267, -25.6104853], [30.528495300000003, -25.6106316], [30.528323800000003, -25.610795300000003], [30.5280212, -25.611053300000002], [30.5273581, -25.611553100000002], [30.527105900000002, -25.611724900000002], [30.5257997, -25.6125641], [30.525502000000003, -25.6127685], [30.5252069, -25.6130031], [30.5248904, -25.613300600000002], [30.524573900000004, -25.6136078], [30.524198700000003, -25.614090100000002], [30.524160900000002, -25.6141387], [30.5239097, -25.6145505], [30.5235333, -25.6152245], [30.523251600000002, -25.6157657], [30.5229779, -25.616240400000002], [30.522719900000002, -25.6166415], [30.5223303, -25.617164300000002], [30.522059300000002, -25.6174763], [30.521717400000004, -25.617834300000002], [30.521300300000004, -25.618214000000002], [30.520881900000003, -25.6185501], [30.520324000000002, -25.6189347], [30.519927000000003, -25.619185], [30.519585000000003, -25.619388200000003], [30.5191988, -25.6195744], [30.5188434, -25.6197388], [30.518368600000002, -25.619936000000003], [30.518104400000002, -25.6200182], [30.5177987, -25.6201125], [30.5174178, -25.6202262], [30.5170852, -25.620296300000003], [30.516768700000004, -25.620351900000003], [30.5163851, -25.620410000000003], [30.514596100000002, -25.6206083], [30.5128178, -25.6207607], [30.510005500000002, -25.621003700000003], [30.5095442, -25.6210497], [30.5090131, -25.6210787], [30.5085142, -25.621065400000003], [30.5081467, -25.6210339], [30.5077524, -25.620988], [30.507368900000003, -25.620894900000003], [30.5072985, -25.6208786], [30.5070738, -25.6208223], [30.5068257, -25.620746200000003], [30.506475700000003, -25.6206168], [30.505899000000003, -25.620353100000003], [30.505026, -25.6198973], [30.504265600000004, -25.6194813], [30.501425100000002, -25.6179552], [30.499492600000004, -25.6169261], [30.4992713, -25.6168088], [30.4965046, -25.6153456], [30.4954156, -25.614753], [30.492564400000003, -25.6132172], [30.489576500000002, -25.611611200000002], [30.4876775, -25.6105857], [30.4868084, -25.6101418], [30.4864195, -25.609967700000002], [30.4860064, -25.609808100000002], [30.485604100000003, -25.609681100000003], [30.4853345, -25.609594], [30.4850087, -25.609509300000003], [30.484478900000003, -25.6093969], [30.483638000000003, -25.609286800000003], [30.4823184, -25.609098200000002], [30.4818597, -25.609028000000002], [30.4812884, -25.608868400000002], [30.480870000000003, -25.608742600000003], [30.480479700000004, -25.6086084], [30.4799715, -25.6083943], [30.4796362, -25.6082323], [30.4793841, -25.608096800000002], [30.479024600000002, -25.6078973], [30.478724200000002, -25.607711000000002], [30.4785083, -25.6075659], [30.478199900000003, -25.6073494], [30.477595, -25.606935800000002], [30.476908400000003, -25.606490800000003], [30.476524800000004, -25.606265800000003], [30.4760689, -25.6060336], [30.4756229, -25.605819200000003], [30.4748699, -25.6055619], [30.4742074, -25.605380500000003], [30.4735194, -25.605230300000002], [30.4730379, -25.605170100000002], [30.472622200000004, -25.6051387], [30.470852, -25.605054000000003], [30.4699159, -25.605003200000002], [30.4693499, -25.6049355], [30.468539900000003, -25.604836300000002], [30.467767400000003, -25.6047154], [30.4664022, -25.604449300000002], [30.465973, -25.6043501], [30.465468800000004, -25.604221900000002], [30.4643878, -25.6039099], [30.463124500000003, -25.603491400000003], [30.462399, -25.6032048], [30.461967100000003, -25.6030246], [30.461432000000002, -25.602792400000002], [30.460777600000004, -25.6024828], [30.4601459, -25.602164700000003], [30.459305, -25.6017051], [30.458883900000004, -25.6014608], [30.458149000000002, -25.601004900000003], [30.4574463, -25.6005356], [30.4569353, -25.600163100000003], [30.456596, -25.5999115], [30.4562768, -25.599664800000003], [30.455576800000003, -25.5990734], [30.454391200000003, -25.598042300000003], [30.453959400000002, -25.597712700000002], [30.453731400000002, -25.5975676], [30.4535088, -25.597432100000002], [30.453093000000003, -25.597221700000002], [30.4526344, -25.597025700000003], [30.452033600000004, -25.5968419], [30.4515454, -25.596723400000002], [30.451058600000003, -25.596659300000002], [30.4505905, -25.5966157], [30.450260600000004, -25.5966072], [30.449828800000002, -25.596629], [30.449203800000003, -25.596691900000003], [30.4486835, -25.596802], [30.448042400000002, -25.596994300000002], [30.4476884, -25.5971443], [30.4471573, -25.5973958], [30.446403600000004, -25.597826400000002], [30.445679400000003, -25.5982255], [30.445148300000003, -25.5985231], [30.4447192, -25.5988037], [30.4444, -25.5990141], [30.4440755, -25.599263200000003], [30.443413000000003, -25.599868], [30.4409668, -25.602170700000002], [30.439631000000002, -25.603324500000003], [30.438528700000003, -25.6043163], [30.437935900000003, -25.6048593], [30.437245200000003, -25.6054591], [30.4367772, -25.605857], [30.4361804, -25.6062888], [30.435774000000002, -25.6065609], [30.4355809, -25.6066867], [30.4353811, -25.606819700000003], [30.4351571, -25.6069576], [30.4348661, -25.6071245], [30.4345362, -25.607295], [30.434447600000002, -25.607341400000003], [30.4334807, -25.6078477], [30.4326037, -25.608292700000003], [30.431493200000002, -25.608863600000003], [30.4294802, -25.6098697], [30.428585700000003, -25.610331700000003], [30.428054600000003, -25.6105784], [30.4274887, -25.610825100000003], [30.4269281, -25.611021], [30.4263085, -25.6111928], [30.425458900000002, -25.6113734], [30.424557000000004, -25.6115701], [30.423620900000003, -25.6117829], [30.423076400000003, -25.6119038], [30.4225776, -25.6120224], [30.4221484, -25.612145700000003], [30.4215878, -25.6123271], [30.421236500000003, -25.6124456], [30.420630300000003, -25.6126851], [30.4199342, -25.6129935], [30.419552000000003, -25.6131785], [30.418752700000002, -25.6135969], [30.418495900000003, -25.613753000000003], [30.4180865, -25.614010200000003], [30.4172668, -25.614547400000003], [30.416934200000004, -25.614757800000003], [30.416451400000003, -25.6150166], [30.415965900000003, -25.6152343], [30.415485800000003, -25.6154012], [30.414986900000002, -25.615531800000003], [30.414474600000002, -25.6156213], [30.4134768, -25.615747000000002], [30.4129645, -25.6158365], [30.4125139, -25.6159405], [30.411175500000002, -25.6163759], [30.4102153, -25.6167024], [30.404909800000002, -25.618472800000003], [30.403399800000003, -25.6190193], [30.402938400000004, -25.619224900000003], [30.402396600000003, -25.619500600000002], [30.401999600000003, -25.6197255], [30.4015866, -25.619994000000002], [30.401176200000002, -25.620298700000003], [30.400918700000002, -25.620518800000003], [30.4005298, -25.6208622], [30.400293800000004, -25.621092], [30.4000792, -25.6213242], [30.3997868, -25.6216918], [30.3994891, -25.622093200000002], [30.399068000000003, -25.6227656], [30.3988963, -25.6230824], [30.398687100000004, -25.623539500000003], [30.3985637, -25.623820000000002], [30.398341100000003, -25.6244851], [30.398225800000002, -25.6249712], [30.398040700000003, -25.625733], [30.397909300000002, -25.6261973], [30.397788600000002, -25.6266181], [30.397667900000002, -25.626930100000003], [30.3974505, -25.6274133], [30.3972085, -25.627932100000002], [30.396993100000003, -25.628392400000003], [30.396873600000003, -25.628678400000002], [30.3967674, -25.628965800000003], [30.396662600000003, -25.629287700000003], [30.3965682, -25.629619], [30.396453100000002, -25.630058000000002], [30.3963277, -25.630539600000002], [30.3962347, -25.630844200000002], [30.396166800000003, -25.631035800000003], [30.3960724, -25.6312526], [30.395958800000002, -25.631468100000003], [30.395830600000004, -25.6316808], [30.395742100000003, -25.6318078], [30.3955905, -25.6320012], [30.3953926, -25.632248], [30.394924000000003, -25.632738800000002], [30.394744300000003, -25.632949200000002], [30.394548500000003, -25.6331959], [30.394347300000003, -25.633482400000002], [30.3942507, -25.633637200000003], [30.394101900000003, -25.633882600000003], [30.3940026, -25.6340749], [30.393867200000003, -25.634378400000003], [30.393801500000002, -25.634567], [30.393695500000003, -25.6348717], [30.3936473, -25.6350555], [30.393582900000002, -25.6353553], [30.393537300000002, -25.635640700000003], [30.393510900000003, -25.635935200000002], [30.393497600000003, -25.636209200000003], [30.393500600000003, -25.6365431], [30.393550700000002, -25.637062500000003], [30.393644600000002, -25.6379415], [30.393675400000003, -25.6383164], [30.3936835, -25.638558200000002], [30.393679400000003, -25.6388411], [30.393667400000002, -25.639101], [30.393623100000003, -25.6395266], [30.393542600000004, -25.640179500000002], [30.3933965, -25.6415203], [30.393295900000002, -25.6423957], [30.3932168, -25.643105300000002], [30.393156400000002, -25.6436567], [30.3931189, -25.644007300000002], [30.393082600000003, -25.6442267], [30.3930505, -25.644361500000002], [30.392999600000003, -25.6445617], [30.392915400000003, -25.6448062], [30.3928493, -25.6449672], [30.392768800000002, -25.645122], [30.3926589, -25.6453227], [30.392582400000002, -25.6454363], [30.3924644, -25.6455947], [30.3922351, -25.645864300000003], [30.392109, -25.645985200000002], [30.3919481, -25.646124200000003], [30.3917791, -25.6462596], [30.3915846, -25.646389000000003], [30.3913204, -25.646538900000003], [30.391132700000004, -25.646635600000003], [30.3908886, -25.6467348], [30.390554700000003, -25.646852000000003], [30.390242200000003, -25.646917300000002], [30.389959200000003, -25.646965700000003], [30.389756700000003, -25.646977800000002], [30.389420100000002, -25.6469935], [30.389072700000003, -25.646966900000002], [30.3887697, -25.646924600000002], [30.3885001, -25.646860500000003], [30.388201000000002, -25.6467747], [30.3875533, -25.646560700000002], [30.386876, -25.6463225], [30.386040500000004, -25.646069800000003], [30.385697200000003, -25.6460021], [30.3855228, -25.645975500000002], [30.385230600000003, -25.645949700000003], [30.384943500000002, -25.645963100000003], [30.384589400000003, -25.645985200000002], [30.384369500000002, -25.646007], [30.384125400000002, -25.6460505], [30.383833000000003, -25.646125400000003], [30.3826475, -25.646529200000003], [30.381644400000003, -25.646894300000003], [30.380696200000003, -25.6472583], [30.380275100000002, -25.6474082], [30.3800096, -25.647494000000002], [30.379732, -25.6475557], [30.379522700000003, -25.647585900000003], [30.3793466, -25.6476052], [30.378979700000002, -25.6476018], [30.378611000000003, -25.6475666], [30.378245900000003, -25.6474911], [30.3778301, -25.647357200000002], [30.377466000000002, -25.6471875], [30.376425400000002, -25.646667700000002], [30.3750274, -25.645961000000003], [30.374608000000002, -25.6457571], [30.3742245, -25.645584900000003], [30.3736889, -25.6453686], [30.373416700000003, -25.6452816], [30.3731015, -25.645183600000003], [30.372691200000002, -25.6450797], [30.3723063, -25.6449962], [30.371945500000002, -25.644933400000003], [30.371515000000002, -25.6448959], [30.371021400000004, -25.6448645], [30.370827000000002, -25.6448609], [30.370651400000003, -25.6448633], [30.370423400000004, -25.644877700000002], [30.3702624, -25.644893500000002], [30.370106800000002, -25.6449116], [30.369931, -25.644939100000002], [30.369771200000002, -25.6449795], [30.3695972, -25.645022800000003], [30.369494000000003, -25.645053100000002], [30.369072900000003, -25.64518], [30.368811400000002, -25.645286400000003], [30.3686316, -25.645365], [30.368447900000003, -25.6454665], [30.368205200000002, -25.645600700000003], [30.367987900000003, -25.6457374], [30.3677129, -25.645907800000003], [30.367393800000002, -25.646094], [30.367074600000002, -25.6462863], [30.3668158, -25.646453100000002], [30.366385200000003, -25.646703300000002], [30.3660755, -25.6468847], [30.3657496, -25.6470467], [30.365520300000004, -25.647130100000002], [30.3652829, -25.6472051], [30.364998600000003, -25.647284900000002], [30.3645238, -25.64739], [30.364019600000002, -25.6474686], [30.3636012, -25.647538800000003], [30.362807200000002, -25.6476463], [30.362477300000002, -25.647693500000003], [30.362256000000002, -25.6477189], [30.3620106, -25.647735800000003], [30.3618309, -25.647737000000003], [30.3614715, -25.647714], [30.361125500000004, -25.6476608], [30.3608693, -25.647596800000002], [30.360720500000003, -25.6475496], [30.3605005, -25.647469800000003], [30.360260500000003, -25.6473659], [30.360074, -25.6472595], [30.359608700000003, -25.6469306], [30.3593569, -25.646672000000002], [30.358883700000003, -25.6461305], [30.3585026, -25.6457006], [30.3583387, -25.645552900000002], [30.3582417, -25.645470200000002], [30.3581724, -25.645412500000003], [30.358035700000002, -25.6453133], [30.357937000000003, -25.645243100000002], [30.3577888, -25.645138900000003], [30.3575206, -25.644989000000002], [30.3573704, -25.644935800000003], [30.3572175, -25.644872900000003], [30.3569868, -25.6448028], [30.356842, -25.644764100000003], [30.356678400000003, -25.644732700000002], [30.3563377, -25.644689200000002], [30.3561446, -25.644679500000002], [30.3559783, -25.644677100000003], [30.355635000000003, -25.6446988], [30.354959100000002, -25.644742400000002], [30.3540886, -25.644811500000003], [30.354014900000003, -25.644817300000003], [30.3533645, -25.6448149], [30.3523278, -25.644771400000003], [30.350937100000003, -25.6447025], [30.350245100000002, -25.644667400000003], [30.3491642, -25.6446311], [30.3488946, -25.644604500000003], [30.3487189, -25.644574300000002], [30.3484601, -25.644518700000003], [30.348136900000004, -25.644413500000002], [30.3478847, -25.6443204], [30.3476956, -25.6442297], [30.3474113, -25.6440701], [30.3472356, -25.643946800000002], [30.347109600000003, -25.643861], [30.346904400000003, -25.6436627], [30.3466886, -25.643427000000003], [30.346471200000003, -25.643157300000002], [30.346335800000002, -25.6429566], [30.346232500000003, -25.6427584], [30.346107800000002, -25.642491200000002], [30.346023300000002, -25.6422361], [30.345969600000004, -25.6420402], [30.345922700000003, -25.641843100000003], [30.345893200000003, -25.641337800000002], [30.3459147, -25.6408759], [30.345922700000003, -25.6402013], [30.345906600000003, -25.6400538], [30.345879800000002, -25.6397805], [30.3458453, -25.639562100000003], [30.345713800000002, -25.6391758], [30.344872600000002, -25.6365765], [30.344827000000002, -25.636435000000002], [30.3447305, -25.636184800000002], [30.3446366, -25.635997300000003], [30.3445441, -25.635837700000003], [30.344468900000003, -25.6357217], [30.344236900000002, -25.6354387], [30.344106900000003, -25.6353118], [30.3438306, -25.6350796], [30.3434819, -25.6348439], [30.342343600000003, -25.634127900000003], [30.342009400000002, -25.6339092], [30.341723700000003, -25.633702500000002], [30.341479600000003, -25.6335006], [30.341211400000002, -25.6332309], [30.341047800000002, -25.633058000000002], [30.340853300000003, -25.6328032], [30.3407105, -25.6325924], [30.3405439, -25.6322958], [30.3404501, -25.6321002], [30.340317100000004, -25.631769400000003], [30.3402457, -25.631512], [30.340196700000003, -25.631310000000003], [30.3401491, -25.6310007], [30.340129500000003, -25.6307256], [30.340122500000003, -25.6305085], [30.3401351, -25.6301424], [30.3401561, -25.629775100000003], [30.3401645, -25.629351000000003], [30.3401645, -25.6290771], [30.3401169, -25.628742600000002], [30.340030100000003, -25.6284144], [30.339913900000003, -25.6281165], [30.339793500000003, -25.627896900000003], [30.339636700000003, -25.627649400000003], [30.339455, -25.627428400000003], [30.339222600000003, -25.627190300000002], [30.338968800000004, -25.626981400000002], [30.338673500000002, -25.6267646], [30.3383991, -25.6266144], [30.338180700000002, -25.6265222], [30.337839100000004, -25.626401], [30.3375185, -25.6263253], [30.3371573, -25.626278600000003], [30.3367681, -25.6262407], [30.3363453, -25.6261902], [30.3354493, -25.626046300000002], [30.3348224, -25.625957900000003], [30.334235500000002, -25.6258684], [30.3329433, -25.625696700000002], [30.332132700000003, -25.6255944], [30.331366900000003, -25.6254846], [30.3309581, -25.6254379], [30.330674300000002, -25.625430700000003], [30.330416900000003, -25.6254476], [30.330186200000004, -25.625488700000002], [30.330006500000003, -25.625525000000003], [30.3297986, -25.625589100000003], [30.329576000000003, -25.6256822], [30.329031500000003, -25.625949400000003], [30.328858500000003, -25.626058200000003], [30.328669400000003, -25.626182800000002], [30.328505800000002, -25.6263073], [30.3283261, -25.6264827], [30.3282099, -25.6266308], [30.328012500000003, -25.6268908], [30.3277633, -25.6272619], [30.327466500000003, -25.6276949], [30.327250900000003, -25.6280092], [30.327031100000003, -25.6283399], [30.3266993, -25.6287653], [30.3263493, -25.629125000000002], [30.326101500000004, -25.629340900000003], [30.3258271, -25.6295517], [30.3255303, -25.6297499], [30.3252573, -25.6299026], [30.324934400000004, -25.6300618], [30.3246746, -25.6301771], [30.324352500000003, -25.6302796], [30.3240252, -25.630383400000003], [30.323558400000003, -25.6304711], [30.3234056, -25.630495900000003], [30.3231454, -25.6305267], [30.3229952, -25.6305388], [30.3227216, -25.630552700000003], [30.322267600000004, -25.630550300000003], [30.3217895, -25.6305064], [30.321328, -25.630412800000002], [30.3207877, -25.6302556], [30.320238500000002, -25.630022500000003], [30.3200076, -25.629908500000003], [30.319556600000002, -25.629685700000003], [30.319222500000002, -25.6295161], [30.3180894, -25.6289409], [30.316873, -25.6283387], [30.310919900000002, -25.6253509], [30.308827800000003, -25.624317], [30.3072318, -25.623599900000002], [30.305993200000003, -25.623069500000003], [30.3056531, -25.6229252], [30.3022081, -25.6214681], [30.298824500000002, -25.620069], [30.2985468, -25.6199541], [30.297995900000004, -25.619720100000002], [30.2973855, -25.6194607], [30.295741300000003, -25.6187727], [30.293647200000002, -25.617884200000002], [30.291269900000003, -25.6168781], [30.290471300000004, -25.6165401], [30.2881989, -25.615586200000003], [30.2866311, -25.614924700000003], [30.285919000000003, -25.6146151], [30.284548400000002, -25.6139815], [30.2839275, -25.613685200000003], [30.2838752, -25.613682500000003], [30.283735500000002, -25.6136172], [30.282580300000003, -25.6130926], [30.282130400000003, -25.612900300000003], [30.282014800000002, -25.612853100000002], [30.281449100000003, -25.6126222], [30.281112500000003, -25.6125121], [30.280812100000002, -25.612428700000002], [30.280571100000003, -25.6123747], [30.279906800000003, -25.612225900000002], [30.279664500000003, -25.612187600000002], [30.279304300000003, -25.6121455], [30.279003600000003, -25.612117100000003], [30.2786821, -25.6120924], [30.278355700000002, -25.6120832], [30.2780847, -25.612081], [30.2777947, -25.612088500000002], [30.2775211, -25.6121033], [30.2771602, -25.612122600000003], [30.276711300000002, -25.6121778], [30.276212, -25.612256900000002], [30.275862300000004, -25.612334500000003], [30.2755219, -25.612425700000003], [30.2750087, -25.6125785], [30.2741468, -25.612866200000003], [30.273883, -25.612964], [30.2733959, -25.613122], [30.273275700000003, -25.6131585], [30.2728478, -25.6132886], [30.2722474, -25.613465400000003], [30.2716835, -25.613646900000003], [30.270014900000003, -25.614174300000002], [30.2696736, -25.6143052], [30.2693504, -25.6144371], [30.268931900000002, -25.614633400000002], [30.268522500000003, -25.614849200000002], [30.2681177, -25.6150895], [30.267562, -25.6154617], [30.267196900000002, -25.615759200000003], [30.266772800000002, -25.616135500000002], [30.2664575, -25.616439200000002], [30.266144500000003, -25.6167869], [30.2658644, -25.6171213], [30.2655934, -25.617488400000003], [30.265179500000002, -25.6181479], [30.264968500000002, -25.618486400000002], [30.264502, -25.619260500000003], [30.2644437, -25.619356300000003], [30.2634557, -25.620979400000003], [30.262581700000002, -25.6224168], [30.262407000000003, -25.622691600000003], [30.2623445, -25.6227811], [30.2621062, -25.623122700000003], [30.2615674, -25.6238327], [30.2614087, -25.624041700000003], [30.2600793, -25.6257319], [30.2595987, -25.6263429], [30.258431700000003, -25.6278189], [30.2583893, -25.6278763], [30.258342700000004, -25.627939100000003], [30.257642200000003, -25.6288832], [30.257510900000003, -25.6290601], [30.257335100000002, -25.62929], [30.256476000000003, -25.630413], [30.256302100000003, -25.6306426], [30.2560934, -25.630918100000002], [30.256041500000002, -25.6309852], [30.2558018, -25.631295], [30.255180300000003, -25.632098300000003], [30.2547636, -25.6327487], [30.2543019, -25.6335276], [30.254002500000002, -25.634119000000002], [30.253751100000002, -25.6346753], [30.253419800000003, -25.6354706], [30.2531889, -25.636094900000003], [30.253054100000004, -25.636535900000002], [30.252873500000003, -25.637172600000003], [30.2527593, -25.637689700000003], [30.252645, -25.6382316], [30.2525696, -25.638744600000003], [30.2524827, -25.639560600000003], [30.2522793, -25.6417219], [30.252222200000002, -25.6421855], [30.252144500000004, -25.6425687], [30.252071400000002, -25.642871600000003], [30.2519205, -25.643339200000003], [30.251760500000003, -25.643738900000002], [30.2515731, -25.6440851], [30.2513469, -25.644443600000002], [30.251070300000002, -25.644795900000002], [30.250775500000003, -25.645125500000002], [30.2504373, -25.6454428], [30.2489792, -25.6466934], [30.248600600000003, -25.6470282], [30.248417900000003, -25.647189800000003], [30.2482547, -25.647334100000002], [30.2472263, -25.6483066], [30.247006900000002, -25.648570300000003], [30.246750900000002, -25.648932900000002], [30.2465155, -25.649301700000002], [30.246362400000002, -25.649583900000003], [30.246175, -25.6499753], [30.245967, -25.6505522], [30.245882400000003, -25.6508365], [30.245868400000003, -25.650892900000002], [30.2457682, -25.651293900000002], [30.245560200000003, -25.651982], [30.245536, -25.652069200000003], [30.2452882, -25.652962600000002], [30.2450848, -25.6535827], [30.244538600000002, -25.6554699], [30.244448700000003, -25.6557806], [30.243647300000003, -25.6585496], [30.2433593, -25.659501300000002], [30.243201600000003, -25.6599916], [30.2428929, -25.6608999], [30.242530700000003, -25.6618691], [30.242225800000003, -25.6626161], [30.241581300000004, -25.6641219], [30.241089900000002, -25.6652199], [30.240860100000003, -25.665737800000002], [30.240662800000003, -25.6661822], [30.240499900000003, -25.6665494], [30.2403924, -25.666791900000003], [30.2403109, -25.666977900000003], [30.240164800000002, -25.667311], [30.240030100000002, -25.6675964], [30.239916700000002, -25.667815], [30.2396762, -25.6682348], [30.2394719, -25.6685498], [30.2390918, -25.6690337], [30.238872800000003, -25.669283200000002], [30.2386291, -25.669541300000002], [30.2385109, -25.6696633], [30.2383972, -25.6697682], [30.238245900000003, -25.669911300000003], [30.2380768, -25.670054500000003], [30.237549500000004, -25.6704799], [30.236769900000002, -25.6710946], [30.235511600000002, -25.6721061], [30.2346848, -25.672757700000002], [30.233214200000003, -25.673916900000002], [30.232564300000003, -25.674430400000002], [30.229171500000003, -25.6771177], [30.2270797, -25.6787607], [30.225535200000003, -25.679979900000003], [30.2165271, -25.6870626], [30.2160632, -25.6874073], [30.215576000000002, -25.687751000000002], [30.214884800000004, -25.6882097], [30.214288000000003, -25.6885957], [30.2141018, -25.6887161], [30.2132177, -25.6892646], [30.212411300000003, -25.689780900000002], [30.2112942, -25.6905073], [30.210843800000003, -25.690782400000003], [30.2102429, -25.6911752], [30.2100726, -25.691290700000003], [30.204181600000002, -25.6950369], [30.197884600000002, -25.699050600000003], [30.197314000000002, -25.6994346], [30.196876500000002, -25.6997137], [30.196796600000003, -25.699763700000002], [30.1964429, -25.699978400000003], [30.1956965, -25.700440800000003], [30.189646600000003, -25.7043004], [30.1891801, -25.704634400000003], [30.1884574, -25.7051918], [30.1876889, -25.705856100000002], [30.1872474, -25.7062333], [30.1872213, -25.706257], [30.186841200000003, -25.7066029], [30.186235200000002, -25.707119000000002], [30.1857645, -25.707477400000002], [30.185333500000002, -25.707785400000002], [30.1852917, -25.707815200000002], [30.184810600000002, -25.7081154], [30.1842025, -25.708455100000002], [30.1834735, -25.7088004], [30.1764237, -25.711932200000003], [30.1757989, -25.712211800000002], [30.175430100000003, -25.712365700000003], [30.172135400000002, -25.7138329], [30.1710247, -25.714311000000002], [30.1704334, -25.7145893], [30.1700352, -25.7147393], [30.169632600000003, -25.714875000000003], [30.169493900000003, -25.7149126], [30.169411800000002, -25.714932400000002], [30.1691375, -25.7149986], [30.1687423, -25.7150806], [30.1684024, -25.715130300000002], [30.1679162, -25.715176000000003], [30.1673511, -25.715194800000003], [30.166799400000002, -25.7151786], [30.1662238, -25.715111500000003], [30.165676500000004, -25.7150295], [30.165097900000003, -25.714865600000003], [30.1646372, -25.714713800000002], [30.1615445, -25.7133958], [30.160574800000003, -25.712995000000003], [30.1590321, -25.7123174], [30.158550700000003, -25.712152900000003], [30.1580668, -25.7120046], [30.157581800000003, -25.711901100000002], [30.157015800000003, -25.711813900000003], [30.1564364, -25.7117736], [30.156333600000004, -25.711767100000003], [30.156190400000003, -25.711761300000003], [30.1556181, -25.7117633], [30.1550589, -25.711805100000003], [30.1544759, -25.711906300000003], [30.153914, -25.712059500000002], [30.1533675, -25.7122405], [30.152934700000003, -25.7124127], [30.152531500000002, -25.7126114], [30.152126900000003, -25.7128392], [30.151758800000003, -25.7130797], [30.151296600000002, -25.713426600000002], [30.150946800000003, -25.713729100000002], [30.150462100000002, -25.7142139], [30.1500857, -25.714683100000002], [30.149731600000003, -25.7152303], [30.1493691, -25.7158783], [30.1483011, -25.717841200000002], [30.1478965, -25.718542300000003], [30.147583100000002, -25.7190368], [30.1472601, -25.719543400000003], [30.1468282, -25.720146000000003], [30.1461459, -25.7211016], [30.145603200000004, -25.721850600000003], [30.144953400000002, -25.722761400000003], [30.1437111, -25.7244746], [30.143376600000003, -25.7248655], [30.143172500000002, -25.725068800000003], [30.1430688, -25.725169700000002], [30.142521700000003, -25.725633300000002], [30.142225000000003, -25.725840100000003], [30.1419363, -25.7260269], [30.141579500000002, -25.7262376], [30.141242700000003, -25.7264155], [30.140909200000003, -25.726553000000003], [30.140552500000002, -25.726695000000003], [30.139962500000003, -25.726923600000003], [30.139686500000003, -25.727035400000002], [30.1362835, -25.728388000000002], [30.135905500000003, -25.7285366], [30.134276300000003, -25.729180300000003], [30.133880700000002, -25.729336200000002], [30.1337881, -25.729371200000003], [30.133415300000003, -25.729512600000003], [30.1314251, -25.730311200000003], [30.130132300000003, -25.7308053], [30.129413500000002, -25.731090400000003], [30.127962800000002, -25.7317095], [30.127432600000002, -25.7319275], [30.127015500000002, -25.7320768], [30.126340600000002, -25.7323093], [30.1258155, -25.7324892], [30.1255811, -25.7325626], [30.1244279, -25.732875200000002], [30.124254800000003, -25.7329191], [30.123531600000003, -25.733072500000002], [30.122832400000004, -25.7332214], [30.1224077, -25.7332909], [30.1217134, -25.733398700000002], [30.1212896, -25.7334475], [30.1206338, -25.7335163], [30.119994700000003, -25.733571400000002], [30.119141600000003, -25.733639], [30.1181863, -25.7337053], [30.117986300000002, -25.733716100000002], [30.1173615, -25.733747], [30.117250100000003, -25.7337533], [30.1169188, -25.733772000000002], [30.11654, -25.733786100000003], [30.1161251, -25.733815500000002], [30.11551, -25.7338513], [30.114734400000003, -25.7339024], [30.1138213, -25.733952400000003], [30.1128998, -25.733998000000003], [30.1122927, -25.734037400000002], [30.111791900000004, -25.7340473], [30.1113791, -25.7340486], [30.110865800000003, -25.734025000000003], [30.110458500000004, -25.7339829], [30.109928800000002, -25.733923400000002], [30.109416900000003, -25.7338428], [30.108945000000002, -25.733747400000002], [30.1084235, -25.7336296], [30.107886800000003, -25.7334722], [30.107564900000003, -25.733366800000002], [30.1053949, -25.732593400000003], [30.104214600000002, -25.7321917], [30.1011528, -25.731089800000003], [30.099684600000003, -25.7305618], [30.098995700000003, -25.730306900000002], [30.098932500000004, -25.730284], [30.0985371, -25.730144900000003], [30.097819500000004, -25.7298897], [30.0908948, -25.727386900000003], [30.090536600000004, -25.7272478], [30.0902482, -25.7271316], [30.090053, -25.727038], [30.0895821, -25.7268089], [30.0895225, -25.726773100000003], [30.0893689, -25.7266806], [30.0890248, -25.726480400000003], [30.088645200000002, -25.7262482], [30.087964600000003, -25.7258204], [30.087623100000002, -25.7256202], [30.087185, -25.725372], [30.086157900000003, -25.724776100000003], [30.085458300000003, -25.7243712], [30.083233800000002, -25.723060500000003], [30.0820985, -25.72238], [30.081841, -25.7221954], [30.081387300000003, -25.7218558], [30.0808545, -25.7214229], [30.080119000000003, -25.7207647], [30.0792532, -25.7200035], [30.075995900000002, -25.717141400000003], [30.0752974, -25.7165368], [30.0748034, -25.7161569], [30.074516900000003, -25.7159525], [30.0741452, -25.7157045], [30.0740191, -25.715627], [30.073585, -25.7153549], [30.0734995, -25.715310900000002], [30.0732223, -25.715171700000003], [30.072670300000002, -25.7149012], [30.0721686, -25.7146647], [30.071970800000003, -25.714582], [30.0717047, -25.7144881], [30.071341500000003, -25.7143601], [30.071021400000003, -25.714269400000003], [30.069822100000003, -25.713963200000002], [30.0693978, -25.7138838], [30.068980600000003, -25.713825500000002], [30.0686369, -25.7137822], [30.067461700000003, -25.713676200000002], [30.064457800000003, -25.7134426], [30.0639621, -25.713416900000002], [30.063691100000003, -25.7134144], [30.063593800000003, -25.7134135], [30.063232000000003, -25.713426000000002], [30.0627594, -25.7134609], [30.062405000000002, -25.713504200000003], [30.0620367, -25.713557400000003], [30.061593600000002, -25.7136406], [30.0612484, -25.713723700000003], [30.060884400000003, -25.7138254], [30.060452, -25.713970000000003], [30.060108300000003, -25.714102200000003], [30.0594369, -25.714388300000003], [30.0587644, -25.7146815], [30.056560100000002, -25.715657500000002], [30.0558939, -25.7159535], [30.0505701, -25.7183099], [30.050202000000002, -25.7184746], [30.0490475, -25.7189912], [30.047349200000003, -25.719745300000003], [30.043159600000003, -25.721606100000002], [30.0370522, -25.7243193], [30.034663400000003, -25.7253799], [30.0341385, -25.725610600000003], [30.0335979, -25.7258336], [30.032925100000003, -25.726073200000002], [30.0322551, -25.726292400000002], [30.0306961, -25.726808700000003], [30.0305499, -25.7268571], [30.0302213, -25.726962200000003], [30.029249500000002, -25.7272748], [30.027640700000003, -25.7277986], [30.026378400000002, -25.7282212], [30.024769900000003, -25.7287119], [30.0240295, -25.728966800000002], [30.0236465, -25.7290899], [30.023283600000003, -25.7292187], [30.023000000000003, -25.729338100000003], [30.022611700000002, -25.729505800000002], [30.02232, -25.729651500000003], [30.021813400000003, -25.729913300000003], [30.021281400000003, -25.7302225], [30.0205039, -25.730723100000002], [30.019806300000003, -25.73121], [30.0187668, -25.7318968], [30.016682600000003, -25.7333055], [30.014711000000002, -25.734629700000003], [30.013050800000002, -25.7357459], [30.011873100000003, -25.736536100000002], [30.009842600000002, -25.737936], [30.0085075, -25.7388161], [30.008337200000003, -25.738934500000003], [30.008095400000002, -25.739102900000002], [30.007704200000003, -25.739408500000003], [30.0074782, -25.739608500000003], [30.007217400000002, -25.739862300000002], [30.007001000000002, -25.740093400000003], [30.0067883, -25.7403297], [30.0067024, -25.740432400000003], [30.006596400000003, -25.7405665], [30.006474400000002, -25.7407296], [30.006335200000002, -25.740923400000003], [30.0062083, -25.7411163], [30.0059213, -25.741574500000002], [30.005034300000002, -25.743092700000002], [30.004251200000002, -25.7444504], [30.0036318, -25.7455141], [30.0033938, -25.7458856], [30.003251700000003, -25.7460859], [30.003078700000003, -25.7463172], [30.002983500000003, -25.746441], [30.0026493, -25.746878300000002], [30.002262700000003, -25.747372400000003], [30.002040200000003, -25.747675400000002], [30.001720100000004, -25.7480885], [30.000863900000002, -25.749183600000002], [30.000055900000003, -25.750186900000003], [29.999976800000002, -25.750290800000002], [29.9997742, -25.7505461], [29.999423, -25.7509771], [29.9987731, -25.7517846], [29.9980863, -25.752655700000002], [29.9974434, -25.7534658], [29.9969727, -25.754072700000002], [29.996577100000003, -25.7545548], [29.9961948, -25.7550342], [29.995669300000003, -25.755675800000002], [29.9953815, -25.756018200000003], [29.9951092, -25.7562989], [29.994789800000003, -25.756602400000002], [29.9945877, -25.7567811], [29.9942382, -25.757055400000002], [29.9940217, -25.757217200000003], [29.993681100000003, -25.757445800000003], [29.9933757, -25.7576344], [29.993101000000003, -25.757799700000003], [29.9927226, -25.7579946], [29.992409000000002, -25.758139], [29.9920377, -25.758296400000003], [29.991767300000003, -25.758398000000003], [29.991547500000003, -25.758474900000003], [29.9912509, -25.7585713], [29.991025200000003, -25.7586374], [29.990669500000003, -25.758731800000003], [29.9896168, -25.758982800000002], [29.9867105, -25.759682100000003], [29.982876200000003, -25.7605922], [29.9803533, -25.7611953], [29.979255400000003, -25.7614759], [29.978830300000002, -25.7616027], [29.978571300000002, -25.761688900000003], [29.978321100000002, -25.7617759], [29.978025300000002, -25.7618942], [29.977775700000002, -25.7619982], [29.977299600000002, -25.7622156], [29.976241400000003, -25.762721000000003], [29.975706300000002, -25.762981900000003], [29.9753359, -25.763159], [29.9749459, -25.763334], [29.974648600000002, -25.7634599], [29.974328000000003, -25.763578600000002], [29.973945200000003, -25.763707800000002], [29.9733774, -25.763880200000003], [29.9729503, -25.7639983], [29.972592100000004, -25.764085100000003], [29.972347300000003, -25.764134000000002], [29.972011700000003, -25.764195200000003], [29.9716713, -25.764238000000002], [29.9710335, -25.764313], [29.970374600000003, -25.764378], [29.9694009, -25.7644698], [29.9690985, -25.7645048], [29.968721400000003, -25.7645376], [29.968332800000002, -25.7645544], [29.967916400000004, -25.764579700000002], [29.967231, -25.7646352], [29.966429, -25.764705300000003], [29.965961000000004, -25.7647502], [29.9649013, -25.7648444], [29.9639549, -25.764917500000003], [29.963591800000003, -25.764944500000002], [29.963220500000002, -25.764991100000003], [29.9629434, -25.7650305], [29.962687400000004, -25.765075900000003], [29.962268700000003, -25.7651551], [29.961981700000003, -25.765217300000003], [29.961747900000002, -25.7652724], [29.9614583, -25.7653466], [29.9610872, -25.765451600000002], [29.9606418, -25.765602], [29.9601903, -25.7657747], [29.9598626, -25.765905500000002], [29.959376300000002, -25.7661112], [29.9591162, -25.7662404], [29.958912400000003, -25.7663429], [29.958729400000003, -25.766443600000002], [29.958518, -25.7665681], [29.958303, -25.766697200000003], [29.957989400000002, -25.766901500000003], [29.9573247, -25.767316800000003], [29.956270500000002, -25.768014200000003], [29.955778000000002, -25.768340100000003], [29.955627500000002, -25.7684396], [29.955346900000002, -25.768610900000002], [29.9544226, -25.769197100000003], [29.9530427, -25.770084200000003], [29.9511684, -25.7712973], [29.951008100000003, -25.7714049], [29.9504705, -25.7717512], [29.949505400000003, -25.7723653], [29.9472005, -25.7738604], [29.9453518, -25.7750662], [29.944418300000002, -25.775678300000003], [29.943856200000003, -25.776024900000003], [29.943556400000002, -25.7762259], [29.9395005, -25.778838200000003], [29.9371055, -25.780395100000003], [29.935160200000002, -25.7816513], [29.934635500000002, -25.7819955], [29.934144800000002, -25.7823175], [29.934087100000003, -25.7823563], [29.933722500000002, -25.782594600000003], [29.9331569, -25.782950500000002], [29.932562400000002, -25.783335500000003], [29.9297262, -25.7851669], [29.928303900000003, -25.7860918], [29.926976900000003, -25.786943], [29.9256193, -25.7878219], [29.924457500000003, -25.7885826], [29.9236757, -25.7890842], [29.922703000000002, -25.7897146], [29.9217303, -25.790346500000002], [29.921006400000003, -25.7908189], [29.9204882, -25.791153700000002], [29.9204255, -25.791194100000002], [29.9202654, -25.7912989], [29.919766300000003, -25.7916133], [29.9194801, -25.791794300000003], [29.9177205, -25.7929339], [29.9154808, -25.794387500000003], [29.9140619, -25.7953134], [29.9127732, -25.7961898], [29.9114235, -25.797123000000003], [29.910926000000003, -25.7974709], [29.910094800000003, -25.7980468], [29.9095462, -25.7984237], [29.9038976, -25.8023543], [29.902836100000002, -25.8030848], [29.901850300000003, -25.8037896], [29.900996000000003, -25.804463600000002], [29.900825200000003, -25.8045988], [29.900647600000003, -25.8047249], [29.8988286, -25.8059841], [29.897220200000003, -25.807105200000002], [29.8932958, -25.8098296], [29.8928198, -25.810159700000003], [29.892377300000003, -25.810494300000002], [29.8920929, -25.810704400000002], [29.891819400000003, -25.8109205], [29.891543100000003, -25.811153500000003], [29.891213200000003, -25.811465000000002], [29.890945000000002, -25.811740200000003], [29.890695500000003, -25.812046900000002], [29.890255600000003, -25.812653], [29.889223700000002, -25.8141888], [29.8884882, -25.8152751], [29.887967000000003, -25.8159202], [29.8875832, -25.816287000000003], [29.887313000000002, -25.8165283], [29.8869128, -25.8168447], [29.886602000000003, -25.817053100000003], [29.8862364, -25.817274400000002], [29.885844400000003, -25.8174865], [29.8854076, -25.817684], [29.8849221, -25.8178668], [29.8844813, -25.8180003], [29.884005600000002, -25.8181085], [29.883161100000002, -25.818236900000002], [29.880972500000002, -25.8185794], [29.879701100000002, -25.818770100000002], [29.877330100000002, -25.8191251], [29.8733845, -25.819707], [29.868698700000003, -25.820392700000003], [29.8670022, -25.8206498], [29.8666066, -25.8207065], [29.865224700000002, -25.8209163], [29.863067400000002, -25.821230500000002], [29.859549700000002, -25.821747100000003], [29.8561352, -25.8222674], [29.8526363, -25.8227805], [29.8498267, -25.8231921], [29.846291500000003, -25.823718500000002], [29.8439848, -25.8240565], [29.8404765, -25.8245852], [29.838730400000003, -25.824846], [29.8370138, -25.8251212], [29.834798300000003, -25.825493], [29.833223800000003, -25.8257803], [29.8327196, -25.825860000000002], [29.832014100000002, -25.8259928], [29.8307615, -25.8262511], [29.829310500000002, -25.826550500000003], [29.8273283, -25.8269899], [29.8256814, -25.827376200000003], [29.824056000000002, -25.827789000000003], [29.8222911, -25.8282501], [29.8206899, -25.8286847], [29.8186165, -25.8292496], [29.8158512, -25.8299932], [29.813630300000003, -25.8305775], [29.8129892, -25.830732], [29.811841200000003, -25.8309831], [29.8103097, -25.8312969], [29.809411200000003, -25.8314659], [29.8081639, -25.831666300000002], [29.8052108, -25.8320501], [29.804127200000003, -25.8321708], [29.8024267, -25.8323205], [29.8006551, -25.832428], [29.8001213, -25.8324557], [29.798176700000003, -25.832498], [29.7956219, -25.832470200000003], [29.794783700000004, -25.8324545], [29.79351, -25.832402000000002], [29.7929022, -25.8323688], [29.791551000000002, -25.832268600000003], [29.790291000000003, -25.8321757], [29.789077300000002, -25.8320538], [29.7882351, -25.8319572], [29.7868001, -25.831758], [29.782787600000002, -25.8312022], [29.7794831, -25.8307392], [29.775872800000002, -25.830227400000002], [29.770355600000002, -25.829475600000002], [29.7662356, -25.828892300000003], [29.765337100000004, -25.828762], [29.764505600000003, -25.8286835], [29.7636554, -25.828626800000002], [29.7627676, -25.8285857], [29.7615525, -25.828580900000002], [29.760498400000003, -25.828614700000003], [29.759484500000003, -25.8286823], [29.7581665, -25.8288207], [29.7566722, -25.8290574], [29.755669200000003, -25.8292612], [29.754671400000003, -25.8294819], [29.7535756, -25.8298108], [29.7529547, -25.829983600000002], [29.752553700000004, -25.8301067], [29.7517649, -25.830375200000002], [29.751148200000003, -25.8306052], [29.7507647, -25.830756100000002], [29.750137400000003, -25.8310207], [29.7493705, -25.8313881], [29.747489700000003, -25.832320900000003], [29.743436900000003, -25.8344281], [29.741983100000002, -25.835133000000003], [29.7410846, -25.835538600000003], [29.739801800000002, -25.836072700000003], [29.7395624, -25.836160800000002], [29.739142, -25.8363322], [29.738331300000002, -25.8366274], [29.7376004, -25.836890500000003], [29.736628800000002, -25.837204300000003], [29.7360548, -25.837383000000003], [29.7355498, -25.837534400000003], [29.734703600000003, -25.8377644], [29.7338661, -25.837980400000003], [29.7321904, -25.8383438], [29.7314255, -25.8384897], [29.7307479, -25.8386089], [29.729972200000002, -25.838737300000002], [29.729294900000003, -25.838838600000003], [29.7279069, -25.839000400000003], [29.7269064, -25.839086100000003], [29.7257195, -25.839167000000003], [29.724818300000003, -25.839198300000003], [29.724143700000003, -25.839214000000002], [29.7229327, -25.8392152], [29.7220328, -25.8392152], [29.721414600000003, -25.839175400000002], [29.720368500000003, -25.8391175], [29.719963500000002, -25.839086100000003], [29.7195062, -25.839047500000003], [29.7182308, -25.838920700000003], [29.7173242, -25.8387934], [29.716084700000003, -25.8386017], [29.7150645, -25.8384198], [29.714160000000003, -25.8382404], [29.7105183, -25.837528600000002], [29.7059499, -25.836636000000002], [29.7025134, -25.835957500000003], [29.700065600000002, -25.835471000000002], [29.6956935, -25.834606700000002], [29.6929443, -25.834073200000002], [29.6868693, -25.8328938], [29.6830013, -25.8321177], [29.678184100000003, -25.8311762], [29.674460500000002, -25.8304326], [29.6640504, -25.828408000000003], [29.6565428, -25.826909], [29.6474009, -25.825085], [29.6353988, -25.8227455], [29.629933400000002, -25.821670700000002], [29.62197, -25.820123000000002], [29.615672500000002, -25.8188725], [29.611989400000002, -25.818149400000003], [29.607377600000003, -25.8172463], [29.605083800000003, -25.816817200000003], [29.6037415, -25.816587700000003], [29.603306200000002, -25.816521100000003], [29.602752300000002, -25.8164534], [29.6018712, -25.816375], [29.6009807, -25.816314600000002], [29.600402700000004, -25.8162893], [29.599683900000002, -25.8162699], [29.599058900000003, -25.816262700000003], [29.598537200000003, -25.816267500000002], [29.5979968, -25.8162856], [29.597170600000002, -25.8163231], [29.596459900000003, -25.8163738], [29.5958483, -25.816434100000002], [29.595018000000003, -25.8165353], [29.5940112, -25.816685900000003], [29.593078300000002, -25.8168532], [29.592091600000003, -25.817059], [29.590944, -25.8173442], [29.590232200000003, -25.817513100000003], [29.5885393, -25.817919], [29.582877200000002, -25.819312200000002], [29.5800045, -25.8200341], [29.574913700000003, -25.821295600000003], [29.5720719, -25.8219874], [29.570457200000003, -25.822390600000002], [29.568294, -25.822930200000002], [29.564230400000003, -25.8239346], [29.5633051, -25.8241675], [29.562358300000003, -25.824398700000003], [29.5612555, -25.824660700000003], [29.557957400000003, -25.8254598], [29.552296000000002, -25.8268619], [29.550187700000002, -25.827377400000003], [29.5487281, -25.827724500000002], [29.5466459, -25.8281487], [29.5455998, -25.8283467], [29.5445253, -25.8285176], [29.542495300000002, -25.828776400000002], [29.5399077, -25.828996800000002], [29.535313100000003, -25.8292205], [29.520077500000003, -25.8298783], [29.5171624, -25.8299914], [29.5132815, -25.8301601], [29.511488500000002, -25.8302328], [29.5085008, -25.8303656], [29.504753100000002, -25.830523200000002], [29.5026778, -25.8306101], [29.501049700000003, -25.830678900000002], [29.4991413, -25.830757300000002], [29.497493100000003, -25.8308225], [29.495909200000003, -25.8308901], [29.493229000000003, -25.8310138], [29.492394200000003, -25.831048900000003], [29.491702800000002, -25.831077800000003], [29.491307900000002, -25.8310996], [29.490457600000003, -25.831123700000003], [29.487277900000002, -25.8312607], [29.481316300000003, -25.8315345], [29.475241500000003, -25.831774000000003], [29.473462700000002, -25.8318572], [29.471350800000003, -25.8319547], [29.467635, -25.8321009], [29.4654293, -25.832197800000003], [29.464010700000003, -25.832252200000003], [29.462210700000004, -25.832331200000002], [29.4602518, -25.8324038], [29.459674800000002, -25.8324207], [29.457254600000002, -25.8325354], [29.4546099, -25.832647], [29.4529396, -25.8327388], [29.452344800000002, -25.8327551], [29.4517983, -25.832770800000002], [29.450617400000002, -25.8328142], [29.4489142, -25.832892700000002], [29.4478568, -25.8329428], [29.4457975, -25.8330255], [29.442972500000003, -25.8331498], [29.4398665, -25.8332802], [29.437906400000003, -25.8333574], [29.436268300000002, -25.833432300000002], [29.4345566, -25.833551900000003], [29.432920900000003, -25.8335952], [29.431056100000003, -25.8337642], [29.429774000000002, -25.8339356], [29.429217400000002, -25.834024900000003], [29.4281633, -25.8342259], [29.427124000000003, -25.8344534], [29.425706400000003, -25.8348361], [29.424581200000002, -25.835178900000002], [29.4234413, -25.835584500000003], [29.421468500000003, -25.836408900000002], [29.413307900000003, -25.8400119], [29.410950200000002, -25.841074000000003], [29.4092249, -25.841819400000002], [29.4086305, -25.8420725], [29.4070584, -25.842766200000003], [29.406188, -25.8431597], [29.4047154, -25.8438187], [29.403712300000002, -25.8442532], [29.4031799, -25.8444934], [29.4014968, -25.845243], [29.400378300000003, -25.845737800000002], [29.3994268, -25.8461578], [29.3970215, -25.847217500000003], [29.394284300000002, -25.8484172], [29.392204300000003, -25.849402100000002], [29.391105900000003, -25.8499844], [29.3901524, -25.8505378], [29.388740900000002, -25.8513808], [29.387337400000003, -25.8522196], [29.3839283, -25.854243500000003], [29.3824766, -25.855079600000003], [29.3802571, -25.8564219], [29.3785284, -25.8574549], [29.3742328, -25.860014600000003], [29.3700097, -25.862518700000003], [29.3671967, -25.864178600000002], [29.366442300000003, -25.864614600000003], [29.364362000000003, -25.865863100000002], [29.3640262, -25.866053700000002], [29.363962200000003, -25.8660932], [29.363898000000002, -25.866132800000003], [29.3622909, -25.867062800000003], [29.3615265, -25.867538200000002], [29.361163100000002, -25.8677639], [29.360476400000003, -25.868174200000002], [29.3591461, -25.868956100000002], [29.3578653, -25.8697188], [29.356749500000003, -25.8703776], [29.355145500000003, -25.8713333], [29.3538165, -25.8721213], [29.352085100000004, -25.873148200000003], [29.3513194, -25.8735983], [29.350701100000002, -25.8739627], [29.3498629, -25.8744623], [29.3493117, -25.8747784], [29.3489684, -25.8749691], [29.348666700000003, -25.8751199], [29.348185200000003, -25.875349200000002], [29.347925000000004, -25.875461400000002], [29.347655500000002, -25.875570000000003], [29.347238400000002, -25.875736500000002], [29.346832000000003, -25.875883700000003], [29.3465236, -25.8759923], [29.3461722, -25.8760961], [29.345778900000003, -25.8762137], [29.3453783, -25.876320500000002], [29.3448968, -25.876430300000003], [29.3446353, -25.8764846], [29.344123000000003, -25.876582300000003], [29.343484600000004, -25.8766789], [29.343009900000002, -25.876732], [29.3415736, -25.8768454], [29.338600300000003, -25.877064400000002], [29.3372834, -25.8771579], [29.3334666, -25.8774379], [29.329636400000002, -25.8777274], [29.327319000000003, -25.8778988], [29.3229393, -25.878228200000002], [29.315236300000002, -25.8787971], [29.313954900000002, -25.8789015], [29.3131421, -25.878958200000003], [29.3123241, -25.8790246], [29.311090300000004, -25.879111400000003], [29.3105243, -25.8791501], [29.3095949, -25.8792152], [29.308563600000003, -25.8792611], [29.307745500000003, -25.879275500000002], [29.3072158, -25.879279200000003], [29.306101400000003, -25.8792502], [29.305429500000002, -25.8792128], [29.3047307, -25.8791657], [29.303973000000003, -25.8790933], [29.302943000000003, -25.8789884], [29.3025622, -25.8789473], [29.3008254, -25.8787881], [29.298922400000002, -25.8785998], [29.2975585, -25.8784804], [29.296285800000003, -25.8783609], [29.2945974, -25.8782029], [29.2937753, -25.8781377], [29.2925365, -25.8780803], [29.291738700000003, -25.8780803], [29.290746300000002, -25.8781776], [29.2899874, -25.8782749], [29.289072800000003, -25.8784694], [29.2880609, -25.878703], [29.2868545, -25.8791116], [29.285998300000003, -25.879500800000002], [29.2850448, -25.879948300000002], [29.283624200000002, -25.8807851], [29.276453200000002, -25.8849236], [29.2744895, -25.8861156], [29.2715867, -25.8878138], [29.268573200000002, -25.889595200000002], [29.2669719, -25.890521800000002], [29.263506500000002, -25.892548700000003], [29.261887100000003, -25.893483800000002], [29.2605447, -25.8942595], [29.259758100000003, -25.894708100000003], [29.259609, -25.8947931], [29.258623600000004, -25.895420100000003], [29.256931100000003, -25.89655], [29.256455000000003, -25.896849800000002], [29.256345000000003, -25.8969276], [29.256147300000002, -25.897059000000002], [29.255413, -25.8975845], [29.254934900000002, -25.8979548], [29.2546292, -25.8982117], [29.254274400000003, -25.8985252], [29.253638700000003, -25.899164000000003], [29.2518376, -25.9010457], [29.249871900000002, -25.903197400000003], [29.248275800000002, -25.904811600000002], [29.2466733, -25.90659], [29.246014000000002, -25.9072834], [29.245015700000003, -25.908303500000002], [29.244265000000002, -25.9090327], [29.243538200000003, -25.9097204], [29.242890900000003, -25.910306600000002], [29.242223600000003, -25.9108859], [29.2409384, -25.911942600000003], [29.2390037, -25.9134582], [29.2365873, -25.915333], [29.234437300000003, -25.916997100000003], [29.233269800000002, -25.917905100000002], [29.229922600000002, -25.9205341], [29.2288102, -25.921369600000002], [29.2279337, -25.922054300000003], [29.226129800000002, -25.923422900000002], [29.2217367, -25.926824], [29.2176079, -25.9300284], [29.2143899, -25.932551200000002], [29.213543700000002, -25.933210900000002], [29.212938800000003, -25.933676400000003], [29.2126036, -25.933936900000003], [29.212005400000002, -25.934394], [29.210962100000003, -25.9352045], [29.2100501, -25.9359281], [29.208778700000003, -25.936958], [29.207330300000002, -25.9382051], [29.2059195, -25.9394376], [29.203734800000003, -25.941329800000002], [29.203030100000003, -25.941937600000003], [29.2026338, -25.9422807], [29.202393100000002, -25.9424899], [29.2021711, -25.9426793], [29.201953900000003, -25.9428662], [29.201742000000003, -25.9430453], [29.2014348, -25.943324500000003], [29.201233700000003, -25.9435174], [29.2009869, -25.943759800000002], [29.200687900000002, -25.9440734], [29.200484000000003, -25.944298900000003], [29.200379400000003, -25.944409800000003], [29.200239900000003, -25.9445787], [29.200041400000003, -25.9448162], [29.199893900000003, -25.9449983], [29.199649800000003, -25.9453131], [29.1993411, -25.9457139], [29.198881300000004, -25.9464517], [29.1987795, -25.9466396], [29.1986588, -25.946871100000003], [29.1985314, -25.9471196], [29.198420000000002, -25.9473559], [29.198331500000002, -25.9475404], [29.1982095, -25.947816600000003], [29.198129, -25.948005900000002], [29.1980338, -25.9482362], [29.1979681, -25.948407500000002], [29.197884900000002, -25.948651100000003], [29.1978179, -25.948838000000002], [29.1976824, -25.949305900000002], [29.19761, -25.9495663], [29.1975349, -25.949857], [29.1974491, -25.950274200000003], [29.197386100000003, -25.9506203], [29.197360600000003, -25.950773400000003], [29.197285500000003, -25.9512244], [29.197268, -25.951331800000002], [29.197253300000003, -25.951466800000002], [29.1972291, -25.951650100000002], [29.1972023, -25.9520999], [29.1971889, -25.952497800000003], [29.1971755, -25.9530959], [29.1971594, -25.953843600000003], [29.1971567, -25.955342400000003], [29.1971232, -25.9566085], [29.197121900000003, -25.956890700000002], [29.1971205, -25.9571258], [29.1971111, -25.9575189], [29.197099100000003, -25.9580953], [29.1970816, -25.958470300000002], [29.1970615, -25.958719900000002], [29.1970333, -25.958929700000002], [29.1969998, -25.9591275], [29.196936800000003, -25.959435000000003], [29.1968469, -25.959742400000003], [29.196715500000003, -25.960136700000003], [29.196574700000003, -25.9604804], [29.196421800000003, -25.960781800000003], [29.196231400000002, -25.961106200000003], [29.196063700000003, -25.9613473], [29.195847800000003, -25.9616222], [29.1957124, -25.9617778], [29.195460200000003, -25.9620503], [29.194758800000002, -25.9626604], [29.1935411, -25.9636503], [29.1905344, -25.966098000000002], [29.1891557, -25.9672036], [29.188593800000003, -25.9676401], [29.188026500000003, -25.968046400000002], [29.187479300000003, -25.968400900000002], [29.186810100000002, -25.9688169], [29.1854596, -25.969607800000002], [29.1845597, -25.9701455], [29.182007600000002, -25.971653800000002], [29.1794112, -25.9731476], [29.176261, -25.975012800000002], [29.1756038, -25.975397400000002], [29.174438400000003, -25.976094200000002], [29.1729498, -25.9769574], [29.1716033, -25.9777278], [29.169977900000003, -25.9786815], [29.1598311, -25.9846177], [29.156918200000003, -25.986293300000003], [29.154987000000002, -25.987419300000003], [29.1486771, -25.9910925], [29.1457784, -25.992784500000003], [29.144820900000003, -25.993328100000003], [29.1441218, -25.9937], [29.143096800000002, -25.9941892], [29.1422117, -25.994550800000003], [29.1410154, -25.994970300000002], [29.1389335, -25.9956126], [29.128882200000003, -25.998760400000002], [29.1272725, -25.9992403], [29.1233943, -26.000496700000003], [29.122479000000002, -26.000777300000003], [29.1213498, -26.0011434], [29.1016057, -26.007361500000002], [29.099875700000002, -26.0079135], [29.0969802, -26.008810200000003], [29.094113, -26.009702200000003], [29.0926927, -26.0101577], [29.0907562, -26.010755600000003], [29.088181300000002, -26.011551], [29.086470000000002, -26.0120982], [29.083189700000002, -26.0131227], [29.0811673, -26.0137615], [29.078718400000003, -26.0145352], [29.076741600000002, -26.0151559], [29.075408600000003, -26.015570500000003], [29.074157300000003, -26.015968200000003], [29.071492600000003, -26.0168046], [29.070417000000003, -26.017132500000002], [29.0695587, -26.0174121], [29.0647911, -26.0189005], [29.0632139, -26.019384900000002], [29.061219700000002, -26.0200116], [29.059798100000002, -26.0204527], [29.057754300000003, -26.021101100000003], [29.0563904, -26.0215217], [29.0556917, -26.021713300000002], [29.055027300000003, -26.021879300000002], [29.054204400000003, -26.022074900000003], [29.053044300000003, -26.0223207], [29.051608, -26.0225244], [29.050666500000002, -26.0226413], [29.049962500000003, -26.022720800000002], [29.049629900000003, -26.022749800000003], [29.048982100000003, -26.022787100000002], [29.0481225, -26.022817200000002], [29.0476901, -26.022826000000002], [29.0465534, -26.0228064], [29.045632, -26.0227775], [29.0454134, -26.0227702], [29.044885, -26.022746100000003], [29.043912700000003, -26.0226787], [29.0427567, -26.0226039], [29.0419507, -26.022549700000003], [29.0409368, -26.022493100000002], [29.039167900000002, -26.022379800000003], [29.0366976, -26.022217100000002], [29.0326716, -26.0219652], [29.0303837, -26.021812200000003], [29.0296166, -26.021763900000003], [29.028500800000003, -26.0216651], [29.026684900000003, -26.0215518], [29.0236285, -26.021375900000002], [29.0218382, -26.021253], [29.0198493, -26.021138500000003], [29.018521600000003, -26.021044500000002], [29.0164188, -26.020898600000002], [29.0145224, -26.020773300000002], [29.0108706, -26.020534700000002], [29.0100297, -26.020478], [29.0061016, -26.020218900000003], [29.0034731, -26.020061100000003], [29.000243700000002, -26.019850100000003], [28.997010300000003, -26.0196453], [28.9956491, -26.019538], [28.9935918, -26.019415100000003], [28.991161700000003, -26.0192632], [28.988767900000003, -26.019109], [28.986423600000002, -26.0189571], [28.984155800000003, -26.0188053], [28.9815983, -26.018646200000003], [28.9798639, -26.018519], [28.9787269, -26.0184493], [28.9723909, -26.0180501], [28.9684512, -26.017805600000003], [28.960767, -26.0172421], [28.960375000000003, -26.017222800000003], [28.9602484, -26.017225600000003], [28.9585776, -26.017104600000003], [28.9573271, -26.0170193], [28.956113900000002, -26.0169625], [28.9549209, -26.016916000000002], [28.953612900000003, -26.0168824], [28.951821900000002, -26.016885000000002], [28.9501229, -26.016947000000002], [28.949071200000002, -26.016989000000002], [28.9468181, -26.0171433], [28.943983000000003, -26.0174591], [28.9430362, -26.017574800000002], [28.9407201, -26.017852400000002], [28.934563100000002, -26.0186329], [28.9327311, -26.0188667], [28.930054300000002, -26.0191704], [28.9286703, -26.0192909], [28.9277449, -26.0193464], [28.926977800000003, -26.019384900000002], [28.925467700000002, -26.0194428], [28.9240488, -26.0194645], [28.9220855, -26.0194669], [28.9207846, -26.019421100000002], [28.920170400000003, -26.019392200000002], [28.918051400000003, -26.0192909], [28.9112654, -26.0189366], [28.905242500000004, -26.018613600000002], [28.904341300000002, -26.018613600000002], [28.9035334, -26.0186481], [28.9022183, -26.018717300000002], [28.901201800000003, -26.0188065], [28.900287100000003, -26.0189029], [28.899098900000002, -26.019080000000002], [28.897673800000003, -26.019346600000002], [28.896660800000003, -26.0195778], [28.896022900000002, -26.0197432], [28.894400400000002, -26.0202239], [28.893045200000003, -26.0206938], [28.8908431, -26.0215639], [28.8896817, -26.0220291], [28.8886696, -26.0224534], [28.886586800000003, -26.0232767], [28.8830184, -26.024706300000002], [28.881209100000003, -26.025421400000003], [28.878725300000003, -26.0263981], [28.8778271, -26.026744800000003], [28.8737056, -26.0284283], [28.873487, -26.0285195], [28.862070000000003, -26.033093200000003], [28.8614785, -26.033330000000003], [28.846697700000004, -26.039217700000002], [28.8442164, -26.040201600000003], [28.8422501, -26.040949400000002], [28.838478300000002, -26.0424547], [28.835250700000003, -26.0438186], [28.834369900000002, -26.044207], [28.8271514, -26.0478695], [28.8213484, -26.0508202], [28.8159555, -26.0535399], [28.8136976, -26.054683500000003], [28.8059055, -26.0586927], [28.8012845, -26.061000800000002], [28.800354700000003, -26.0614731], [28.7996118, -26.061855], [28.796056500000002, -26.063648800000003], [28.7947221, -26.064329500000003], [28.792860800000003, -26.0652925], [28.7920923, -26.065654600000002], [28.7913113, -26.065994600000003], [28.7898472, -26.066525600000002], [28.788644100000003, -26.066874600000002], [28.787775200000002, -26.0670581], [28.7867412, -26.067267700000002], [28.7862638, -26.067323100000003], [28.782908300000003, -26.067661700000002], [28.7725952, -26.0687579], [28.770056500000003, -26.0690001], [28.7696569, -26.069038600000003], [28.768584, -26.069138600000002], [28.7678142, -26.069228900000002], [28.7671463, -26.0693121], [28.765869600000002, -26.069453000000003], [28.761948200000003, -26.069843300000002], [28.760674100000003, -26.0699867], [28.7599741, -26.070059], [28.758708100000003, -26.070230000000002], [28.756343700000002, -26.070477], [28.754609700000003, -26.070673300000003], [28.753422800000003, -26.070813100000002], [28.752894400000002, -26.0708817], [28.751802700000002, -26.071043200000002], [28.750859900000002, -26.0712142], [28.749366000000002, -26.071450300000002], [28.747690900000002, -26.071770800000003], [28.7462492, -26.0720731], [28.744831700000002, -26.0723743], [28.7434772, -26.0726766], [28.741506, -26.073150700000003], [28.7371981, -26.0741234], [28.7312517, -26.0755063], [28.727005700000003, -26.0764941], [28.7237468, -26.0772529], [28.719640400000003, -26.078233500000003], [28.7173471, -26.0788647], [28.7160623, -26.079252500000003], [28.714788300000002, -26.0796549], [28.711862000000004, -26.080628100000002], [28.7104779, -26.081083500000002], [28.7100261, -26.081257200000003], [28.708234, -26.081873], [28.7051383, -26.0829239], [28.702818200000003, -26.0836924], [28.700716600000003, -26.0844042], [28.699140200000002, -26.0849237], [28.696306800000002, -26.0858767], [28.692001800000003, -26.0873135], [28.6913349, -26.0875334], [28.682232900000002, -26.0905525], [28.681227900000003, -26.0909145], [28.680423200000003, -26.091170400000003], [28.678164000000002, -26.091939500000002], [28.6773366, -26.092212900000003], [28.676455500000003, -26.0925116], [28.6757728, -26.09272], [28.675416100000003, -26.0928344], [28.674329800000002, -26.093190900000003], [28.6721827, -26.0937883], [28.671488, -26.0939629], [28.671092400000003, -26.0940677], [28.6685376, -26.094735], [28.6671334, -26.095093900000002], [28.665875500000002, -26.0954082], [28.6644848, -26.095767100000003], [28.663656000000003, -26.0959743], [28.662481200000002, -26.096275400000003], [28.6612259, -26.096597000000003], [28.6596206, -26.0970161], [28.658146700000003, -26.0973943], [28.656668800000002, -26.09777], [28.6548932, -26.098226500000003], [28.653532000000002, -26.0985781], [28.6518556, -26.099008700000002], [28.6510147, -26.099226700000003], [28.6503924, -26.099383900000003], [28.649650800000003, -26.099572300000002], [28.6486161, -26.0998331], [28.647061800000003, -26.1002329], [28.644346700000003, -26.1009339], [28.6405326, -26.1019076], [28.638382900000003, -26.1024561], [28.632094600000002, -26.104064700000002], [28.625729500000002, -26.105693300000002], [28.6235569, -26.1062352], [28.619874300000003, -26.1071914], [28.6189985, -26.107408200000002], [28.6186016, -26.107523800000003], [28.6179914, -26.10769], [28.6174375, -26.107830900000003], [28.6158898, -26.108207800000002], [28.6151589, -26.108400500000002], [28.614471, -26.108575100000003], [28.613660900000003, -26.108795500000003], [28.6128603, -26.1090544], [28.6122595, -26.109265200000003], [28.611645300000003, -26.1095036], [28.6111517, -26.109712000000002], [28.6105388, -26.110007000000003], [28.609718100000002, -26.110409200000003], [28.6088169, -26.110876500000003], [28.607892800000002, -26.111342500000003], [28.6067368, -26.111931400000003], [28.6056089, -26.1124937], [28.604401900000003, -26.1130922], [28.6033948, -26.1135872], [28.6026625, -26.1139532], [28.601762700000002, -26.114406000000002], [28.6008172, -26.1148889], [28.5997376, -26.115432000000002], [28.5991904, -26.115702900000002], [28.5983777, -26.116110000000003], [28.597717900000003, -26.116442300000003], [28.596812600000003, -26.116908300000002], [28.5960147, -26.1173153], [28.5952395, -26.117706700000003], [28.5945073, -26.1180932], [28.5938005, -26.118450900000003], [28.592849700000002, -26.1189277], [28.591905500000003, -26.119404600000003], [28.5909118, -26.119893400000002], [28.5898389, -26.120444900000003], [28.588855100000004, -26.1209446], [28.5850313, -26.122917], [28.5847064, -26.1231022], [28.580820000000003, -26.1252016], [28.5780627, -26.126642500000003], [28.5754233, -26.1280472], [28.5604903, -26.1359901], [28.5589036, -26.136855], [28.555735000000002, -26.138537900000003], [28.554604100000002, -26.1391473], [28.553721600000003, -26.1396048], [28.5531536, -26.1398952], [28.5526866, -26.140111200000003], [28.5521226, -26.140377700000002], [28.5518587, -26.140484100000002], [28.551500700000002, -26.140647400000002], [28.5509838, -26.1408586], [28.539594400000002, -26.1454847], [28.538528000000003, -26.145958], [28.5384585, -26.1459669], [28.5383499, -26.1460036], [28.5377289, -26.146255200000002], [28.536971200000004, -26.146575400000003], [28.5340154, -26.1478058], [28.533103500000003, -26.148169300000003], [28.532532200000002, -26.1484197], [28.531952800000003, -26.1486918], [28.531478000000003, -26.148947000000003], [28.530874500000003, -26.149288900000002], [28.5302657, -26.1496621], [28.5298392, -26.1499582], [28.5296863, -26.150054500000003], [28.5295549, -26.1501677], [28.5293564, -26.150300100000003], [28.528940700000003, -26.1506131], [28.5287261, -26.1507636], [28.5282473, -26.1511272], [28.527918800000002, -26.151414900000002], [28.526879400000002, -26.1524514], [28.5260761, -26.153273600000002], [28.523785500000002, -26.1556727], [28.5221279, -26.157325500000002], [28.5210872, -26.158396800000002], [28.520186600000002, -26.159283400000003], [28.5195469, -26.159919000000002], [28.5191613, -26.1602819], [28.518901200000002, -26.160508200000002], [28.518627600000002, -26.1607345], [28.5181572, -26.1611024], [28.5178511, -26.1613207], [28.517513100000002, -26.161541000000003], [28.5170317, -26.161828], [28.516613200000002, -26.1620586], [28.5162441, -26.1622449], [28.515883700000003, -26.1624124], [28.5155506, -26.162561], [28.515048, -26.1627557], [28.514498800000002, -26.162947000000003], [28.514161700000002, -26.163048], [28.5138579, -26.1631329], [28.5135961, -26.1631988], [28.5133349, -26.163261300000002], [28.513062700000003, -26.163319700000002], [28.512783600000002, -26.1633743], [28.512552000000003, -26.163412400000002], [28.5122809, -26.163456800000002], [28.511876500000003, -26.1635066], [28.5112981, -26.1635625], [28.510917600000003, -26.163583000000003], [28.5093256, -26.163640700000002], [28.505133400000002, -26.1637875], [28.49953, -26.1639833], [28.4981462, -26.164031400000002], [28.4951194, -26.1641386], [28.4898099, -26.1643456], [28.486740100000002, -26.1644383], [28.483091, -26.1645743], [28.4759694, -26.164802400000003], [28.4751942, -26.1648317], [28.4644985, -26.165202500000003], [28.463787200000002, -26.1652275], [28.462902000000003, -26.1652607], [28.4612951, -26.1653127], [28.4607649, -26.165323200000003], [28.4601891, -26.1653513], [28.4593482, -26.1653759], [28.458430500000002, -26.1653723], [28.457701500000002, -26.1653324], [28.4568772, -26.1652698], [28.4561655, -26.1651789], [28.4555216, -26.165079300000002], [28.454738600000002, -26.164928500000002], [28.454073500000003, -26.1647609], [28.4529479, -26.1644636], [28.449521800000003, -26.163432], [28.4490538, -26.163287500000003], [28.448516, -26.1631226], [28.445389900000002, -26.1622211], [28.441177500000002, -26.161006500000003], [28.440112600000003, -26.1606875], [28.4387514, -26.1602819], [28.438333, -26.1601615], [28.4380473, -26.160088100000003], [28.437449200000003, -26.159905700000003], [28.436480900000003, -26.159613800000002], [28.433600900000002, -26.1587749], [28.430556000000003, -26.1578799], [28.4296781, -26.1576284], [28.4288935, -26.157437700000003], [28.4280763, -26.157303600000002], [28.427200600000003, -26.157240700000003], [28.4266472, -26.157238600000003], [28.4260939, -26.157274200000003], [28.425356, -26.157362300000003], [28.424744200000003, -26.157479600000002], [28.422505, -26.1579973], [28.421769400000002, -26.1581964], [28.4213141, -26.158330600000003], [28.420770100000002, -26.158540100000003], [28.4199625, -26.1588639], [28.418382, -26.159542400000003], [28.418082700000003, -26.1596681], [28.415504700000003, -26.1607898], [28.409456300000002, -26.1633947], [28.4077397, -26.1641337], [28.4060534, -26.164845000000003], [28.405352500000003, -26.1651135], [28.4046257, -26.1653591], [28.4039283, -26.165566100000003], [28.4032845, -26.165722600000002], [28.401954200000002, -26.165982600000003], [28.3984339, -26.1664944], [28.395000900000003, -26.166951500000003], [28.3916867, -26.1673885], [28.386172100000003, -26.167547300000003], [28.3835757, -26.1675088], [28.381452900000003, -26.167335], [28.3810192, -26.1672869], [28.376973000000003, -26.166944100000002], [28.376025300000002, -26.1668227], [28.3751187, -26.166686700000003], [28.3741339, -26.1664673], [28.3733983, -26.1662718], [28.371413, -26.1655915], [28.370824300000002, -26.1653848], [28.3683824, -26.1645235], [28.3656648, -26.163573900000003], [28.365227100000002, -26.163430100000003], [28.364903700000003, -26.1633408], [28.3643563, -26.163206900000002], [28.3638386, -26.163116600000002], [28.363393400000003, -26.163064900000002], [28.3628891, -26.163042], [28.3622991, -26.16306], [28.361808200000002, -26.1631034], [28.361261000000002, -26.1631876], [28.3607957, -26.163297200000002], [28.3603048, -26.1634464], [28.3597362, -26.1636607], [28.359278900000003, -26.1638689], [28.358955700000003, -26.1640398], [28.3584549, -26.1643389], [28.357811700000003, -26.164817900000003], [28.3572045, -26.165326500000003], [28.355747800000003, -26.1665652], [28.3548854, -26.167309000000003], [28.354573000000002, -26.167577400000003], [28.354146500000002, -26.1679181], [28.353785700000003, -26.168154], [28.353419600000002, -26.1683923], [28.3527893, -26.1687486], [28.3516064, -26.169355200000002], [28.3498348, -26.1702435], [28.3489009, -26.1706998], [28.348375700000002, -26.1709536], [28.347787, -26.171216], [28.3471164, -26.171491600000003], [28.345807500000003, -26.1719586], [28.344373, -26.172480500000002], [28.3434294, -26.1728245], [28.3412581, -26.173615700000003], [28.3393246, -26.174225000000003], [28.3387211, -26.174410400000003], [28.3381471, -26.174559600000002], [28.336956200000003, -26.174879800000003], [28.3338804, -26.175677200000003], [28.3334228, -26.175810000000002], [28.329030300000003, -26.1769643], [28.328016400000003, -26.1772315], [28.327332400000003, -26.1774096], [28.326681500000003, -26.1776084], [28.325702300000003, -26.178007700000002], [28.3254638, -26.178105600000002], [28.3232716, -26.179097000000002], [28.3226902, -26.179350900000003], [28.321238500000003, -26.1799828], [28.320876400000003, -26.180117600000003], [28.3205464, -26.180209100000003], [28.3199939, -26.1803366], [28.319755200000003, -26.1803776], [28.319452100000003, -26.180418500000002], [28.3189874, -26.1804537], [28.3174746, -26.1805774], [28.3170006, -26.180638700000003], [28.316820200000002, -26.180670600000003], [28.316595600000003, -26.1807224], [28.315656800000003, -26.180964300000003], [28.315039900000002, -26.181143600000002], [28.314385400000003, -26.1813365], [28.313892600000003, -26.18148], [28.313381500000002, -26.1816093], [28.313205900000003, -26.1816467], [28.3130245, -26.1816844], [28.312501200000003, -26.1817604], [28.311963400000003, -26.181803700000003], [28.311770300000003, -26.181812200000003], [28.311516800000003, -26.181815200000003], [28.311075600000002, -26.181789300000002], [28.310437200000003, -26.1817381], [28.309855900000002, -26.181650700000002], [28.3094046, -26.181546500000003], [28.3090337, -26.1814439], [28.3076413, -26.181080700000003], [28.307202500000002, -26.1809781], [28.3068457, -26.180908300000002], [28.306408500000003, -26.180844500000003], [28.3059525, -26.180806], [28.305543500000002, -26.1807759], [28.305008400000002, -26.1807687], [28.304467900000002, -26.180789200000003], [28.3032019, -26.1808993], [28.302719800000002, -26.180932400000003], [28.302476400000003, -26.180936000000003], [28.302136800000003, -26.180932400000003], [28.301953, -26.1809207], [28.301624800000003, -26.1808957], [28.3013747, -26.1808614], [28.3010501, -26.1808048], [28.3007886, -26.1807428], [28.3005694, -26.180682700000002], [28.300141500000002, -26.1805521], [28.299590300000002, -26.180324600000002], [28.2989506, -26.1800153], [28.298018600000002, -26.179560400000003], [28.2905245, -26.1758571], [28.289577700000002, -26.1754743], [28.2892504, -26.175354000000002], [28.288789100000002, -26.175205300000002], [28.2879429, -26.1749496], [28.2870363, -26.1747498], [28.286546100000002, -26.1746643], [28.2851959, -26.1744708], [28.2807968, -26.1740463], [28.2787818, -26.173853100000002], [28.2756663, -26.1735696], [28.2739601, -26.1734176], [28.2733312, -26.173354800000002], [28.270442300000003, -26.1730941], [28.269508000000002, -26.1730106], [28.268871, -26.172963600000003], [28.2684083, -26.172938400000003], [28.267705600000003, -26.172915500000002], [28.266687700000002, -26.172892700000002], [28.264618400000003, -26.172878200000003], [28.261241400000003, -26.1728349], [28.2599713, -26.1728132], [28.255694700000003, -26.172766300000003], [28.254873200000002, -26.172756000000003], [28.2534993, -26.172766300000003], [28.2469104, -26.1726652], [28.245838600000003, -26.172702800000003], [28.2447687, -26.1727157], [28.241956400000003, -26.172707900000002], [28.2412443, -26.172708500000002], [28.240546900000002, -26.1726904], [28.238527800000004, -26.172596600000002], [28.2380068, -26.1725797], [28.236814600000002, -26.172531000000003], [28.2361487, -26.172546], [28.2353105, -26.172614600000003], [28.235018800000002, -26.1726561], [28.2342008, -26.172800000000002], [28.2338984, -26.1728662], [28.233537600000002, -26.1729558], [28.232854300000003, -26.1731634], [28.2325546, -26.173270000000002], [28.2320141, -26.1734662], [28.2315742, -26.1736448], [28.231102500000002, -26.173816100000003], [28.2286225, -26.174794900000002], [28.2282288, -26.174946600000002], [28.226711400000003, -26.175490600000003], [28.2264747, -26.175558600000002], [28.2261193, -26.175607900000003], [28.224406700000003, -26.176283700000003], [28.223563100000003, -26.176628500000003], [28.2217768, -26.177332600000003], [28.2211679, -26.177567300000003], [28.2175827, -26.178933800000003], [28.213177700000003, -26.180668800000003], [28.212668, -26.1808024], [28.2122227, -26.180901100000003], [28.2117037, -26.180997400000003], [28.2112169, -26.181032300000002], [28.210954100000002, -26.181031100000002], [28.2104579, -26.1810034], [28.2100046, -26.180948], [28.2095203, -26.1808523], [28.209053100000002, -26.1807297], [28.208718, -26.180621000000002], [28.2057739, -26.179615000000002], [28.203886, -26.178953500000002], [28.202928900000003, -26.1785867], [28.202814900000003, -26.1785289], [28.201830500000003, -26.1779729], [28.200897400000002, -26.177361400000002], [28.200622600000003, -26.177179300000002], [28.1993267, -26.176392600000003], [28.198048600000003, -26.175577800000003], [28.195707100000003, -26.174120300000002], [28.194438, -26.173300400000002], [28.194018600000003, -26.172998600000003], [28.193487500000003, -26.1725484], [28.1930906, -26.1721657], [28.192609100000002, -26.1715699], [28.1924576, -26.171353200000002], [28.1922497, -26.171032500000003], [28.1921719, -26.1708953], [28.192098100000003, -26.170764700000003], [28.191986800000002, -26.170586500000002], [28.191784300000002, -26.170241100000002], [28.1905532, -26.1681829], [28.190451300000003, -26.1680481], [28.190366800000003, -26.1679433], [28.190177700000003, -26.1677159], [28.190066400000003, -26.1675907], [28.1899215, -26.1674474], [28.1896734, -26.1672139], [28.189462900000002, -26.167045400000003], [28.1893086, -26.166921400000003], [28.1891356, -26.1668059], [28.188866100000002, -26.1666458], [28.188608600000002, -26.1664917], [28.188329600000003, -26.166362900000003], [28.187986300000002, -26.166223300000002], [28.1875129, -26.166070400000002], [28.187129300000002, -26.165981400000003], [28.1866492, -26.165898300000002], [28.1851096, -26.1656805], [28.184042100000003, -26.1655252], [28.176471000000003, -26.164435400000002], [28.1757482, -26.1643304], [28.173469500000003, -26.164001900000002], [28.1706885, -26.163596000000002], [28.167543900000002, -26.1631551], [28.166945700000003, -26.1630937], [28.166544700000003, -26.1630697], [28.166064600000002, -26.163054000000002], [28.1652479, -26.1630697], [28.164378900000003, -26.1631359], [28.1635138, -26.163261100000003], [28.1619327, -26.163590900000003], [28.1614727, -26.1636691], [28.160892, -26.1637461], [28.1602563, -26.1638148], [28.159652100000002, -26.1638424], [28.158997000000003, -26.163837], [28.1571125, -26.1638169], [28.1553076, -26.163759600000002], [28.153015600000003, -26.163672700000003], [28.150930300000002, -26.163690300000003], [28.150136900000003, -26.163755600000002], [28.149286, -26.1639145], [28.148614000000002, -26.164111600000002], [28.148063500000003, -26.164306500000002], [28.147802400000003, -26.164433300000002], [28.1470102, -26.1648183], [28.145803200000003, -26.1654105], [28.1448387, -26.165834200000003], [28.143780300000003, -26.1661693], [28.141108900000003, -26.166852700000003], [28.140781800000003, -26.1669406], [28.140696300000002, -26.1669635], [28.139355300000002, -26.167299600000003], [28.1382671, -26.1676068], [28.137415200000003, -26.167872300000003], [28.1369684, -26.168035900000003], [28.1365334, -26.1682299], [28.136146800000002, -26.168435900000002], [28.135772300000003, -26.1686854], [28.134676000000002, -26.1694648], [28.134391500000003, -26.1696473], [28.1340015, -26.169831000000002], [28.1335224, -26.1700246], [28.1328922, -26.170254], [28.1318364, -26.170649200000003], [28.130951000000003, -26.1709587], [28.1303015, -26.171225800000002], [28.1298953, -26.1714211], [28.129420900000003, -26.1717011], [28.128258000000002, -26.1724305], [28.127360900000003, -26.1729938], [28.1263334, -26.173656400000002], [28.125788500000002, -26.173990200000002], [28.124581900000003, -26.174721], [28.124172400000003, -26.174941800000003], [28.123920400000003, -26.175059100000002], [28.123651600000002, -26.175161900000003], [28.122965800000003, -26.1753986], [28.1198304, -26.1764505], [28.1188755, -26.1767696], [28.118478500000002, -26.1769028], [28.1182073, -26.176990800000002], [28.1176561, -26.177162900000003], [28.117181400000003, -26.1773242], [28.1165336, -26.1775902], [28.116197600000003, -26.177751100000002], [28.115892600000002, -26.1779224], [28.1156545, -26.178091900000002], [28.115258700000002, -26.1783982], [28.1149062, -26.178705400000002], [28.1143424, -26.179229300000003], [28.1133899, -26.180274800000003], [28.1125833, -26.181267400000003], [28.1121595, -26.181676500000002], [28.1118734, -26.181903300000002], [28.1117452, -26.181989700000003], [28.111385100000003, -26.182167200000002], [28.1112597, -26.182217700000002], [28.111154900000002, -26.182253900000003], [28.110735000000002, -26.182387400000003], [28.106450900000002, -26.183732300000003], [28.1057163, -26.1839641], [28.1052937, -26.1841124], [28.105237900000002, -26.184132], [28.1051183, -26.1841712], [28.1050559, -26.1841934], [28.103988200000003, -26.1845731], [28.1032367, -26.1848403], [28.1027267, -26.185022], [28.1018797, -26.1853276], [28.0991296, -26.186319800000003], [28.0986435, -26.186496], [28.098344700000002, -26.186604300000003], [28.0980078, -26.1867264], [28.096720800000003, -26.1871508], [28.0961025, -26.187356], [28.0954689, -26.187576200000002], [28.0945335, -26.187920400000003], [28.094044, -26.188096700000003], [28.093553600000003, -26.1882744], [28.0934002, -26.188331100000003], [28.0932631, -26.1883768], [28.093040100000003, -26.1884511], [28.092950400000003, -26.188485], [28.0928903, -26.1884966], [28.092806900000003, -26.1885127], [28.0918819, -26.1888471], [28.0906483, -26.189291100000002], [28.089375, -26.1897543], [28.0880888, -26.190215300000002], [28.0868542, -26.1906561], [28.086589900000003, -26.190747400000003], [28.086325700000003, -26.190838600000003], [28.086152900000002, -26.1909563], [28.0860969, -26.191001500000002], [28.0860583, -26.1910352], [28.0860154, -26.191083600000002], [28.0859598, -26.191165100000003], [28.0859188, -26.1912343], [28.0858497, -26.1912367], [28.0851319, -26.191271], [28.084718600000002, -26.191436600000003], [28.0843397, -26.1915674], [28.084103000000002, -26.191665], [28.0834067, -26.1919232], [28.083061, -26.1920529], [28.082789400000003, -26.1921548], [28.082095900000002, -26.1924092], [28.081843900000003, -26.192504800000002], [28.0814433, -26.192647500000003], [28.0807757, -26.1929079], [28.080161500000003, -26.1931258], [28.0795439, -26.1932936], [28.079447400000003, -26.1933827], [28.079330000000002, -26.193421200000003], [28.0788264, -26.193601100000002], [28.078127100000003, -26.193857400000002], [28.0775088, -26.1940837], [28.076632200000002, -26.194393], [28.076503000000002, -26.1944386], [28.07638, -26.194482], [28.076212, -26.1945459], [28.075605300000003, -26.1947651], [28.0748919, -26.195016600000002], [28.074366700000002, -26.1952061], [28.074152700000003, -26.195281400000002], [28.0740039, -26.1953338], [28.073899200000003, -26.1953779], [28.073546500000003, -26.195504800000002], [28.0732579, -26.1956077], [28.072969200000003, -26.1957106], [28.072630500000002, -26.1958297], [28.071822500000003, -26.1961131], [28.071025900000002, -26.196390500000003], [28.070559900000003, -26.1965584], [28.070139400000002, -26.196710600000003], [28.0693656, -26.1969862], [28.0690786, -26.197090300000003], [28.0689224, -26.197145600000002], [28.0688342, -26.1971761], [28.0687004, -26.1972315], [28.0685864, -26.197286400000003], [28.068502600000002, -26.197338100000003], [28.0684168, -26.1973929], [28.0683243, -26.1974555], [28.068238400000002, -26.197518000000002], [28.0680419, -26.1976757], [28.067965500000003, -26.1977346], [28.06794, -26.1977531], [28.067920200000003, -26.1977675], [28.067888300000003, -26.1977906], [28.0678087, -26.197759400000002], [28.067710700000003, -26.197695500000002], [28.067602100000002, -26.197627500000003], [28.0674311, -26.1974735], [28.067352600000003, -26.1973887], [28.0671038, -26.197091500000003], [28.066989900000003, -26.1969531], [28.066898700000003, -26.196829700000002], [28.0668162, -26.196695000000002], [28.066764300000003, -26.1965974], [28.066730300000003, -26.196515700000003], [28.0666894, -26.196424200000003], [28.066638500000003, -26.196337600000003], [28.0665976, -26.196278000000003], [28.0664896, -26.196145], [28.0662288, -26.1958261], [28.0661221, -26.1956981], [28.0660646, -26.1956318], [28.065903600000002, -26.195450700000002], [28.0655448, -26.195073400000002], [28.065213600000003, -26.194721400000002], [28.0650419, -26.194540900000003], [28.0649976, -26.1944874], [28.0647945, -26.1942509], [28.0646637, -26.1940968], [28.064372000000002, -26.193741900000003], [28.064256, -26.193599900000002], [28.064083, -26.1934049], [28.0638939, -26.193164300000003], [28.063586100000002, -26.192785200000003], [28.063254200000003, -26.192375400000003], [28.063157, -26.1922563], [28.062939, -26.1919988], [28.062829100000002, -26.1918857], [28.062766000000003, -26.191830300000003], [28.062634600000003, -26.1917328], [28.0624965, -26.191657000000003], [28.0623469, -26.1915999], [28.062239, -26.1915668], [28.0621565, -26.191548100000002], [28.062041800000003, -26.1915289], [28.061933200000002, -26.1915216], [28.061604000000003, -26.1915276], [28.061153400000002, -26.191518000000002], [28.060893200000002, -26.191510800000003], [28.060798000000002, -26.191509], [28.0607007, -26.1915048], [28.060267600000003, -26.1915012], [28.059785400000003, -26.191510200000003], [28.0596272, -26.191519800000002], [28.0595454, -26.1915258], [28.0593462, -26.191542700000003], [28.058497600000003, -26.191654600000003], [28.058389000000002, -26.1916684], [28.0581952, -26.1916955], [28.0581473, -26.1917012], [28.058046400000002, -26.191714500000003], [28.058010200000002, -26.191716000000003], [28.057936100000003, -26.191714800000003], [28.057836100000003, -26.1917064], [28.0577401, -26.1916945], [28.0576551, -26.191684100000003], [28.057362700000002, -26.191639000000002], [28.057046900000003, -26.1916119], [28.056825600000003, -26.1916203], [28.056597600000003, -26.1916426], [28.056472900000003, -26.191669], [28.056336100000003, -26.1917051], [28.056145700000002, -26.191782800000002], [28.055986800000003, -26.191859800000003], [28.0558459, -26.191935], [28.055539500000002, -26.192102900000002], [28.055321600000003, -26.192228], [28.0549849, -26.192439200000003], [28.054755, -26.192580600000003], [28.054539700000003, -26.192696100000003], [28.054323800000002, -26.192819500000002], [28.0541193, -26.1929374], [28.0539181, -26.1930373], [28.053759200000002, -26.1931143], [28.0533354, -26.193311100000003], [28.0530906, -26.193424200000003], [28.052825100000003, -26.193549400000002], [28.0526009, -26.1936657], [28.052351700000003, -26.1938123], [28.052194800000002, -26.193904900000003], [28.0521163, -26.193938600000003], [28.0520077, -26.193970500000002], [28.0518776, -26.1939916], [28.0514845, -26.194041000000002], [28.0510696, -26.1940846], [28.050810100000003, -26.194111900000003], [28.0506923, -26.1941242], [28.0506095, -26.194164500000003], [28.0498754, -26.194236500000002], [28.0497276, -26.1942059], [28.049688300000003, -26.194213100000002], [28.0489387, -26.1943021], [28.047951800000003, -26.1944124], [28.047128, -26.194517], [28.0461579, -26.194624700000002], [28.0458742, -26.1946651], [28.045371300000003, -26.1947364], [28.044376900000003, -26.194839700000003], [28.043570000000003, -26.194937900000003], [28.042717000000003, -26.195034000000003], [28.0425958, -26.195047600000002], [28.042420000000003, -26.1950682], [28.0418157, -26.195139200000003], [28.041786400000003, -26.1951427], [28.0413344, -26.1951845], [28.0408824, -26.1952262], [28.0408666, -26.195226100000003], [28.040778900000003, -26.195236400000002], [28.040724800000003, -26.195245200000002], [28.0400065, -26.195329400000002], [28.0390486, -26.195428300000003], [28.039163400000003, -26.196224400000002], [28.0392794, -26.196975700000003], [28.039293400000002, -26.1970701], [28.0394255, -26.197956700000002], [28.039467700000003, -26.198233400000003], [28.0395676, -26.198926500000002], [28.039641300000003, -26.1995714], [28.0397268, -26.200322800000002]]}}, {"type": "Feature", "properties": {"origin": "Walvis Bay", "destination": "Gauteng reference point", "origin_snap_m": 275.33673644572053, "destination_snap_m": 44.99572960870549, "length_m": 1665283.035264407, "connected": true, "status": "major-road connectivity only; no truck/turn-restriction/border-cost profile"}, "geometry": {"type": "LineString", "coordinates": [[14.50642, -22.95211], [14.5071037, -22.951567800000003], [14.5078136, -22.951020800000002], [14.508061900000001, -22.9508191], [14.509680000000001, -22.9495], [14.511310000000002, -22.948210000000003], [14.511690000000002, -22.94791], [14.512709300000001, -22.947100300000002], [14.5127395, -22.9470287], [14.5128243, -22.946941900000002], [14.512878800000001, -22.9469968], [14.5131189, -22.9472489], [14.5135024, -22.9476763], [14.5136081, -22.9477879], [14.514375000000001, -22.948605800000003], [14.515123800000001, -22.9494161], [14.5151836, -22.949478900000003], [14.515931900000002, -22.9502343], [14.517883500000002, -22.952415000000002], [14.518661600000001, -22.953307600000002], [14.5187162, -22.953370200000002], [14.518914800000001, -22.953596700000002], [14.5191172, -22.953798900000002], [14.5192928, -22.9539799], [14.519392400000001, -22.9540647], [14.519470600000002, -22.9541156], [14.5195766, -22.9541687], [14.5197126, -22.954211700000002], [14.519832800000001, -22.9542274], [14.5202646, -22.954213600000003], [14.5203971, -22.9541869], [14.5205701, -22.954190800000003], [14.5207539, -22.9541979], [14.5209015, -22.954243], [14.521096300000002, -22.9543445], [14.521257, -22.9544977], [14.5213479, -22.954702100000002], [14.521364100000001, -22.954848100000003], [14.5213602, -22.955022500000002], [14.521327600000001, -22.955194900000002], [14.521270300000001, -22.955586], [14.521281400000001, -22.955869800000002], [14.5213298, -22.9560581], [14.521456800000001, -22.956315], [14.5215867, -22.9565458], [14.522485300000001, -22.957472300000003], [14.522540300000001, -22.957531600000003], [14.5229852, -22.958011000000003], [14.5232673, -22.9582772], [14.5235266, -22.958527], [14.523581900000002, -22.958576200000003], [14.5237525, -22.958728200000003], [14.524039100000001, -22.9589719], [14.524276500000001, -22.959174400000002], [14.524695600000001, -22.959497900000002], [14.5250783, -22.9597698], [14.5255606, -22.9600876], [14.526015200000002, -22.9603642], [14.526259300000001, -22.9605099], [14.5267931, -22.960795800000003], [14.527428500000001, -22.961067], [14.527839100000001, -22.961238400000003], [14.528269600000002, -22.9614307], [14.5327313, -22.963134500000002], [14.5330896, -22.9632705], [14.538059700000002, -22.9651701], [14.541407600000001, -22.966442100000002], [14.546920400000001, -22.968532500000002], [14.548249400000001, -22.9690474], [14.549728600000002, -22.969603000000003], [14.5545355, -22.9714461], [14.5594221, -22.9733103], [14.562643900000001, -22.974522500000003], [14.564122600000001, -22.9749582], [14.5660939, -22.9754475], [14.5697194, -22.976353300000003], [14.5771805, -22.9781391], [14.5801461, -22.9788487], [14.5820857, -22.9793206], [14.582339800000002, -22.979388], [14.5905857, -22.9816369], [14.592693, -22.982180600000003], [14.5954013, -22.982932400000003], [14.5963601, -22.983188600000002], [14.599795, -22.984080600000002], [14.606633400000002, -22.985862700000002], [14.6074976, -22.9861086], [14.6105096, -22.9869476], [14.611308900000001, -22.9871574], [14.611619300000001, -22.9872388], [14.612090700000001, -22.9873881], [14.6203458, -22.9897987], [14.6209091, -22.989967800000002], [14.626576300000002, -22.9915123], [14.6266887, -22.991543500000002], [14.626807300000001, -22.991579700000003], [14.629360700000001, -22.992281400000003], [14.6349411, -22.993799900000003], [14.6362245, -22.9941666], [14.6412805, -22.9955406], [14.642474100000001, -22.9958665], [14.6459395, -22.9968097], [14.6479736, -22.997382], [14.648071700000001, -22.9974056], [14.6482136, -22.997449600000003], [14.649386600000001, -22.997752300000002], [14.649641500000001, -22.9978228], [14.6502846, -22.9979973], [14.650564900000001, -22.9980689], [14.6508841, -22.998146700000003], [14.651370900000002, -22.998238], [14.6522628, -22.9983726], [14.6530196, -22.998467700000003], [14.6533692, -22.9985275], [14.655398300000002, -22.998814600000003], [14.6614225, -22.999666400000002], [14.690769900000001, -23.0038759], [14.695158000000001, -23.0045055], [14.717436900000001, -23.0077053], [14.7216126, -23.0082977], [14.728862600000001, -23.009290200000002], [14.7387256, -23.0107451], [14.741536100000001, -23.011097300000003], [14.7474301, -23.012027500000002], [14.7528219, -23.0129264], [14.7647855, -23.014938700000002], [14.786675, -23.0186071], [14.811603400000001, -23.0227964], [14.8189629, -23.024065500000003], [14.820526300000001, -23.0243085], [14.8214284, -23.024435500000003], [14.822056000000002, -23.0244898], [14.822844300000002, -23.0245451], [14.827632300000001, -23.0248329], [14.829061900000001, -23.0249415], [14.8299462, -23.0249862], [14.830655700000001, -23.0249726], [14.831427900000001, -23.024897000000003], [14.832096000000002, -23.0247911], [14.832704900000001, -23.0246813], [14.833170200000001, -23.024592400000003], [14.834201400000001, -23.024349], [14.847537, -23.0210659], [14.860037700000001, -23.018031500000003], [14.8617076, -23.017644500000003], [14.8633786, -23.017294], [14.865336000000001, -23.016930000000002], [14.888432600000002, -23.013046900000003], [14.888949700000001, -23.0129813], [14.889535500000001, -23.0128996], [14.8906548, -23.0127893], [14.891470100000001, -23.012751], [14.892127, -23.012750200000003], [14.892798, -23.0128264], [14.893891400000001, -23.013114400000003], [14.895362800000001, -23.013589200000002], [14.9071008, -23.0175209], [14.9128085, -23.0194292], [14.9197655, -23.0217759], [14.9209464, -23.022152100000003], [14.9217671, -23.022475500000002], [14.9228284, -23.022940900000002], [14.9236269, -23.023326100000002], [14.9271208, -23.024948900000002], [14.930301900000002, -23.0264621], [14.9366158, -23.029491], [14.9596721, -23.040354200000003], [14.965570300000001, -23.0431457], [14.9693897, -23.0449598], [14.977956700000002, -23.0490347], [14.981229, -23.0505989], [14.9819244, -23.0508959], [14.982595000000002, -23.051134100000002], [14.983746100000001, -23.051467000000002], [14.9843825, -23.0516177], [14.9847724, -23.0516708], [14.985366800000001, -23.0517337], [14.986062200000001, -23.051753100000003], [14.987091500000002, -23.0517608], [14.989990200000001, -23.051679], [14.996801900000001, -23.051529300000002], [14.998922700000001, -23.0515051], [14.9995136, -23.0515422], [15.000121700000001, -23.0515939], [15.0006266, -23.0516539], [15.000966000000002, -23.0517347], [15.0013751, -23.051849500000003], [15.002181100000001, -23.0521116], [15.0026907, -23.0522752], [15.003232500000001, -23.052477600000003], [15.006088400000001, -23.0535764], [15.048415700000001, -23.0696836], [15.075776300000001, -23.080205000000003], [15.110580400000002, -23.0934999], [15.123603300000001, -23.0984146], [15.1279608, -23.1001161], [15.149616700000001, -23.1083052], [15.150526300000001, -23.108665300000002], [15.1512454, -23.1089638], [15.153315300000001, -23.109945600000003], [15.157244200000001, -23.111919200000003], [15.1610203, -23.113843000000003], [15.161370000000002, -23.113372100000003], [15.161476700000001, -23.1132493], [15.1617151, -23.1130491], [15.162042000000001, -23.112846700000002], [15.162491600000001, -23.112665500000002], [15.162990500000001, -23.1125249], [15.1638409, -23.1123645], [15.169103400000001, -23.1115941], [15.175987800000001, -23.110564800000002], [15.179048700000001, -23.1100414], [15.1829225, -23.109274900000003], [15.2012181, -23.1056187], [15.201941600000001, -23.105492700000003], [15.2027274, -23.1053965], [15.203972, -23.1052435], [15.207553, -23.104619000000003], [15.2081938, -23.1045626], [15.2088163, -23.104553300000003], [15.2094491, -23.104609500000002], [15.210104800000002, -23.1047392], [15.2106904, -23.1049054], [15.2112917, -23.1051745], [15.211854700000002, -23.1055135], [15.2141882, -23.1071168], [15.2150697, -23.1076401], [15.215417, -23.107787100000003], [15.215777500000002, -23.1078833], [15.216272600000002, -23.1079449], [15.216942800000002, -23.1079851], [15.2218189, -23.1078958], [15.2224356, -23.107854], [15.2230264, -23.1077525], [15.223544100000002, -23.1076267], [15.224235900000002, -23.107411000000003], [15.2344202, -23.1035933], [15.235448700000001, -23.103291300000002], [15.2366588, -23.1031586], [15.238069200000002, -23.1030996], [15.245456200000001, -23.1029546], [15.2462055, -23.1029768], [15.246699900000001, -23.1030333], [15.2472723, -23.103197100000003], [15.258384500000002, -23.1065705], [15.2590613, -23.1067526], [15.2598467, -23.106885300000002], [15.261347500000001, -23.1069968], [15.299541000000001, -23.109749800000003], [15.301638500000001, -23.1098152], [15.303833200000001, -23.1095639], [15.303875900000001, -23.109559], [15.3041339, -23.109529400000003], [15.3484473, -23.1044403], [15.373493700000001, -23.1015632], [15.3906953, -23.099571], [15.4133945, -23.096973300000002], [15.433658900000001, -23.094642], [15.467315300000001, -23.090782700000002], [15.4813924, -23.0891588], [15.483912600000002, -23.088804500000002], [15.487068500000001, -23.088320200000002], [15.494053500000001, -23.087433100000002], [15.4967936, -23.087350200000003], [15.5082854, -23.086312600000003], [15.5327432, -23.084225800000002], [15.538779300000002, -23.08369], [15.557761900000001, -23.081995900000003], [15.577701300000001, -23.080333800000002], [15.581252600000001, -23.080018000000003], [15.582971700000002, -23.0798792], [15.5958708, -23.078837500000002], [15.602752, -23.078047400000003], [15.604366500000001, -23.0777821], [15.605121800000001, -23.077654300000003], [15.6085127, -23.077075], [15.622646000000001, -23.0747107], [15.64183, -23.071423900000003], [15.658221500000002, -23.0684617], [15.677819800000002, -23.0649713], [15.6839782, -23.063813900000003], [15.6921256, -23.0622967], [15.694074, -23.061933900000003], [15.702657100000001, -23.060343600000003], [15.710752000000001, -23.0588747], [15.716701700000002, -23.057793200000003], [15.719632700000002, -23.057195], [15.7258694, -23.056131800000003], [15.7260995, -23.056092500000002], [15.729126200000001, -23.055576600000002], [15.730775800000002, -23.055278400000002], [15.7317999, -23.055145900000003], [15.732768700000001, -23.055096300000002], [15.7338608, -23.0552014], [15.735814000000001, -23.055774500000002], [15.740546, -23.0575806], [15.744305400000002, -23.0590154], [15.763406400000001, -23.0661978], [15.770548600000001, -23.068903900000002], [15.773373500000002, -23.070007], [15.7741336, -23.0702529], [15.7751867, -23.0703707], [15.775928100000002, -23.0702523], [15.776576100000002, -23.0698964], [15.779412800000001, -23.068027400000002], [15.780248700000001, -23.0674806], [15.7813241, -23.0667772], [15.7823665, -23.066140500000003], [15.7832723, -23.0657283], [15.786580700000002, -23.0644604], [15.790016600000001, -23.062985700000002], [15.795764100000001, -23.060131900000002], [15.8021703, -23.0569586], [15.80718, -23.054352], [15.8107828, -23.0521016], [15.813610400000002, -23.0501188], [15.814093100000001, -23.0497912], [15.814892500000001, -23.0492485], [15.8157884, -23.0488295], [15.816636, -23.048492300000003], [15.8178671, -23.0479805], [15.8180414, -23.0479449], [15.8182579, -23.0479512], [15.8184976, -23.0480045], [15.8191293, -23.0482583], [15.8198082, -23.048491700000003], [15.8203846, -23.0487435], [15.821608000000001, -23.0495012], [15.822123000000001, -23.0498344], [15.823885200000001, -23.050982], [15.824276800000002, -23.051233800000002], [15.8245558, -23.051389200000003], [15.8248776, -23.0514954], [15.8253041, -23.051562], [15.8256621, -23.051598600000002], [15.829080600000001, -23.051722400000003], [15.831044, -23.0517693], [15.831714600000002, -23.0517989], [15.8321249, -23.0518511], [15.8323744, -23.0519223], [15.832626500000002, -23.0520704], [15.832916200000001, -23.0523296], [15.833476800000001, -23.0530404], [15.833632300000001, -23.0533809], [15.833691100000001, -23.053653], [15.833785200000001, -23.054348400000002], [15.833887200000001, -23.0554689], [15.833884500000002, -23.055895800000002], [15.833887200000001, -23.056169800000003], [15.833812100000001, -23.0565202], [15.833675300000001, -23.056902700000002], [15.8334711, -23.057282400000002], [15.8328974, -23.0581096], [15.8306239, -23.0616974], [15.830503700000001, -23.0620216], [15.8304939, -23.0624171], [15.8313597, -23.066184500000002], [15.8330999, -23.073871800000003], [15.8340419, -23.0779153], [15.834203400000002, -23.0784221], [15.834324200000001, -23.0785647], [15.8345295, -23.0786881], [15.835180200000002, -23.078852400000002], [15.835847500000002, -23.07899], [15.836744500000002, -23.0792004], [15.837457400000002, -23.0792773], [15.8383999, -23.0792004], [15.838981700000001, -23.0792205], [15.839514300000001, -23.0793015], [15.839850700000001, -23.0794526], [15.840139, -23.079779600000002], [15.840399300000001, -23.0802115], [15.842060600000002, -23.0834894], [15.8422595, -23.083871700000003], [15.842465800000001, -23.084177500000003], [15.8428482, -23.084463000000003], [15.8435786, -23.0846497], [15.843993600000001, -23.084731], [15.8442664, -23.0847808], [15.8447124, -23.0848701], [15.844833300000001, -23.084872800000003], [15.8449407, -23.084866400000003], [15.845204200000001, -23.084805000000003], [15.845440100000001, -23.0847257], [15.845908300000001, -23.0846559], [15.846304100000001, -23.084536800000002], [15.8472471, -23.0842858], [15.8477046, -23.084193000000003], [15.847876200000002, -23.0841679], [15.848038500000001, -23.0841597], [15.8482289, -23.0841831], [15.8484636, -23.084259600000003], [15.848866000000001, -23.084513700000002], [15.850048800000001, -23.085463700000002], [15.850495400000002, -23.0858005], [15.850963700000001, -23.086165], [15.851116300000001, -23.0862212], [15.851406, -23.086318700000003], [15.8518448, -23.0863805], [15.8546536, -23.086760700000003], [15.8558035, -23.0870108], [15.856280900000002, -23.0870798], [15.8567385, -23.087137600000002], [15.857251900000001, -23.0873217], [15.857640000000002, -23.087559900000002], [15.857983, -23.0878003], [15.858158600000001, -23.087896100000002], [15.8584282, -23.087928100000003], [15.858723000000001, -23.0879134], [15.8591087, -23.087834500000003], [15.859496100000001, -23.0877477], [15.8597616, -23.087728900000002], [15.860280200000002, -23.0877853], [15.861576900000001, -23.088115900000002], [15.8621037, -23.0883037], [15.862717900000002, -23.0886295], [15.863392200000002, -23.0891145], [15.8650768, -23.0902798], [15.8653191, -23.090425200000002], [15.866080900000002, -23.0907543], [15.8667022, -23.0909297], [15.867526100000001, -23.0911422], [15.8678439, -23.091249700000002], [15.8681926, -23.091336000000002], [15.868631700000002, -23.091374100000003], [15.868956500000001, -23.091327900000003], [15.869283200000002, -23.0912453], [15.869901200000001, -23.0909191], [15.8704993, -23.0906279], [15.8712262, -23.0902208], [15.871464900000001, -23.0901295], [15.8717868, -23.0900678], [15.872390300000001, -23.090082600000002], [15.8726719, -23.0901073], [15.8744902, -23.0903549], [15.874769400000002, -23.090354], [15.875072500000002, -23.090312100000002], [15.8754641, -23.090208500000003], [15.8765906, -23.0896286], [15.8790247, -23.0881972], [15.881672600000002, -23.086739400000003], [15.8858858, -23.084372700000003], [15.8892938, -23.0824925], [15.894064400000001, -23.0796889], [15.8944989, -23.079401700000002], [15.8949227, -23.0790316], [15.8953304, -23.078530200000003], [15.8956572, -23.078238900000002], [15.895988000000001, -23.078036], [15.8964087, -23.077851900000002], [15.8993832, -23.0767925], [15.8999003, -23.076688400000002], [15.902954000000001, -23.076316700000003], [15.903302700000001, -23.076329], [15.9036273, -23.0763833], [15.903876700000001, -23.0764894], [15.9040403, -23.0766646], [15.904448, -23.0772963], [15.904957600000001, -23.0781427], [15.905258100000001, -23.0785696], [15.9054753, -23.078855800000003], [15.905816000000002, -23.0791371], [15.906245100000001, -23.0794381], [15.906505300000001, -23.079549200000002], [15.9068701, -23.079598500000003], [15.907242900000002, -23.079613300000002], [15.9079966, -23.0795442], [15.908334600000002, -23.079522], [15.9085894, -23.079522], [15.9089158, -23.079579900000002], [15.909281400000001, -23.0795886], [15.909656900000002, -23.0794862], [15.9100122, -23.079339], [15.910694900000001, -23.0789125], [15.911170400000001, -23.0785632], [15.911765800000001, -23.078147], [15.911880400000001, -23.078090200000002], [15.912021200000002, -23.078047700000003], [15.912178800000001, -23.078032200000003], [15.9123002, -23.0780545], [15.9124598, -23.0781235], [15.913941900000001, -23.0787552], [15.914073700000001, -23.078801000000002], [15.9142428, -23.0788423], [15.9145082, -23.0788771], [15.9147925, -23.0788964], [15.915100800000001, -23.078911400000003], [15.9153765, -23.0788663], [15.9156133, -23.0787818], [15.916642500000002, -23.0783121], [15.9169467, -23.0782069], [15.917287700000001, -23.0781205], [15.9177063, -23.0780341], [15.9194726, -23.0777655], [15.919835, -23.077677400000002], [15.9208265, -23.077371000000003], [15.9211246, -23.077329600000002], [15.9228976, -23.0772312], [15.9236403, -23.0771568], [15.924755000000001, -23.0769917], [15.925511100000001, -23.0768483], [15.925915000000002, -23.076796100000003], [15.927455700000001, -23.076723400000002], [15.929929800000002, -23.076495400000002], [15.930954600000002, -23.076435500000002], [15.931975500000002, -23.076445000000003], [15.933008200000002, -23.0764277], [15.9336385, -23.076398100000002], [15.934411200000001, -23.0763281], [15.9346995, -23.076300200000002], [15.935924700000001, -23.076089800000002], [15.937492, -23.0759012], [15.938206300000001, -23.0758379], [15.938606000000002, -23.0758231], [15.9389412, -23.075855200000003], [15.939357000000001, -23.0759885], [15.940364400000002, -23.0763891], [15.941213200000002, -23.0768144], [15.941845200000001, -23.077096], [15.942103600000001, -23.077163000000002], [15.942373100000001, -23.0772033], [15.942746900000001, -23.077201900000002], [15.9431226, -23.0771531], [15.943514, -23.0770319], [15.943975700000001, -23.076805200000003], [15.945738, -23.075660300000003], [15.945974000000001, -23.075573900000002], [15.9462021, -23.0755276], [15.946498000000002, -23.0755112], [15.946766400000001, -23.0755389], [15.9469933, -23.0756082], [15.9472775, -23.075761500000002], [15.949903200000001, -23.0776293], [15.9512955, -23.078789200000003], [15.9525699, -23.0799266], [15.952810900000001, -23.080171], [15.9531425, -23.080568200000002], [15.954554400000001, -23.0825447], [15.954809200000001, -23.0829148], [15.955042500000001, -23.083235600000002], [15.955318900000002, -23.0835367], [15.955495800000001, -23.0836995], [15.955723, -23.083865900000003], [15.955916900000002, -23.0839734], [15.956177100000001, -23.084067100000002], [15.956535200000001, -23.084187200000002], [15.957428400000001, -23.0843457], [15.9577737, -23.0844191], [15.9586152, -23.0847185], [15.9589478, -23.084827100000002], [15.959272400000001, -23.0848592], [15.959594200000002, -23.0848148], [15.9609246, -23.084365700000003], [15.961888000000002, -23.0840628], [15.9626908, -23.083803000000003], [15.9635443, -23.0833559], [15.964100400000001, -23.083030800000003], [15.964449, -23.0827248], [15.964687800000002, -23.082473], [15.965991500000001, -23.080960700000002], [15.9672017, -23.079758400000003], [15.968561300000001, -23.0784869], [15.970062800000001, -23.0772207], [15.9716699, -23.076202900000002], [15.973327200000002, -23.0751001], [15.9785985, -23.0714651], [15.979123800000002, -23.071049600000002], [15.979437200000001, -23.0708656], [15.9797557, -23.070739200000002], [15.9810747, -23.0703727], [15.983001000000002, -23.0696328], [15.983583000000001, -23.069402200000003], [15.9857262, -23.068569], [15.986770900000002, -23.0681201], [15.9873025, -23.067944], [15.987539400000001, -23.0679328], [15.987817100000001, -23.0679553], [15.988574700000001, -23.0682033], [15.990344400000001, -23.0690054], [15.9908453, -23.069172700000003], [15.991323900000001, -23.069264200000003], [15.991976600000001, -23.0692817], [15.994798200000002, -23.069039500000002], [15.9973168, -23.068763200000003], [16.0005704, -23.0682869], [16.0013732, -23.0681802], [16.0016129, -23.0681857], [16.0018967, -23.0682604], [16.0032891, -23.068890900000003], [16.0035208, -23.0689916], [16.005726300000003, -23.0699976], [16.0060335, -23.070112], [16.0071683, -23.0704339], [16.0076507, -23.0705817], [16.008055000000002, -23.0707808], [16.008504600000002, -23.0711051], [16.009921900000002, -23.0723567], [16.010599300000003, -23.0728924], [16.0108995, -23.0730521], [16.0112017, -23.073106600000003], [16.0115141, -23.073072800000002], [16.0118107, -23.0729474], [16.012821300000002, -23.0722442], [16.0134049, -23.0717335], [16.014098, -23.071126800000002], [16.0148443, -23.0705861], [16.015156400000002, -23.0703798], [16.0155204, -23.070228500000002], [16.0156426, -23.0701992], [16.0161869, -23.0700687], [16.017847200000002, -23.0698343], [16.0189631, -23.0696689], [16.0192854, -23.0696225], [16.0200137, -23.069575], [16.020571800000003, -23.069580100000003], [16.020920500000003, -23.069641200000003], [16.0213088, -23.0697802], [16.0216944, -23.0699936], [16.022665, -23.070727100000003], [16.025087900000003, -23.0725909], [16.0252646, -23.072726900000003], [16.026507300000002, -23.0738565], [16.0282574, -23.0756599], [16.0284573, -23.0758034], [16.0287362, -23.0759292], [16.028985600000002, -23.0759826], [16.0290822, -23.0760033], [16.0295463, -23.0760378], [16.030418, -23.075973700000002], [16.0307833, -23.075933900000003], [16.031211900000002, -23.0758873], [16.0378876, -23.0752461], [16.039605, -23.075118], [16.0404555, -23.075053200000003], [16.043380000000003, -23.0748305], [16.0446937, -23.074659], [16.045843100000003, -23.074307400000002], [16.0466759, -23.0739646], [16.047322, -23.0737327], [16.048009500000003, -23.073633], [16.0488855, -23.0736357], [16.049702500000002, -23.073586600000002], [16.0521417, -23.073164400000003], [16.0544394, -23.072608600000002], [16.056560100000002, -23.0720956], [16.0577832, -23.0718414], [16.0582283, -23.071781400000003], [16.058648, -23.071785600000002], [16.059167000000002, -23.0718347], [16.0598202, -23.071959], [16.0604383, -23.072162900000002], [16.061100500000002, -23.0724832], [16.0624445, -23.0732904], [16.064299300000002, -23.074303200000003], [16.0646866, -23.0745304], [16.0652408, -23.0748555], [16.065415700000003, -23.0749581], [16.066277200000002, -23.0753603], [16.0670754, -23.0756012], [16.067533700000002, -23.0756681], [16.0680088, -23.0756821], [16.0689551, -23.075486700000003], [16.0704909, -23.075164100000002], [16.0714192, -23.074948000000003], [16.072615600000002, -23.074647900000002], [16.073510000000002, -23.074358500000002], [16.074205300000003, -23.074086], [16.0747198, -23.0737646], [16.075056, -23.0736759], [16.0753999, -23.0736664], [16.0760601, -23.073719500000003], [16.076604800000002, -23.073763300000003], [16.0769452, -23.0737598], [16.0775992, -23.0736136], [16.0779198, -23.073572900000002], [16.078704600000002, -23.0735531], [16.079433400000003, -23.073441000000003], [16.0802424, -23.0730763], [16.081220300000002, -23.0725364], [16.082036300000002, -23.0721124], [16.082201100000002, -23.0719926], [16.0825007, -23.0717748], [16.082844700000003, -23.0713529], [16.0829445, -23.0711923], [16.0831087, -23.0709279], [16.0831991, -23.0707823], [16.083569100000002, -23.070144600000003], [16.0841268, -23.069708300000002], [16.0850993, -23.069069300000002], [16.0863321, -23.0681735], [16.087052, -23.067845300000002], [16.087728000000002, -23.0676321], [16.0880042, -23.0674883], [16.0884231, -23.067173500000003], [16.0891328, -23.066580300000002], [16.089916000000002, -23.0661524], [16.0908875, -23.065746200000003], [16.0912759, -23.065643], [16.091698100000002, -23.0656065], [16.0918999, -23.065603900000003], [16.0921187, -23.0656758], [16.092403, -23.065836500000003], [16.092884700000003, -23.066224400000003], [16.093370200000003, -23.066564000000003], [16.0938981, -23.066855200000003], [16.0944785, -23.0670013], [16.0961082, -23.0670855], [16.096591, -23.067109900000002], [16.0969601, -23.0670699], [16.0973919, -23.066926300000002], [16.0977082, -23.066910500000002], [16.097966200000002, -23.0669584], [16.0988896, -23.067276200000002], [16.099347700000003, -23.067303300000003], [16.099613, -23.0672365], [16.1000389, -23.0670739], [16.1004539, -23.066899600000003], [16.101107300000002, -23.0666568], [16.1023985, -23.0662249], [16.1030111, -23.066037400000003], [16.1040829, -23.065973200000002], [16.1059229, -23.0660729], [16.1066139, -23.066012200000003], [16.1075674, -23.0659731], [16.1079394, -23.0659579], [16.1087114, -23.065872000000002], [16.1093867, -23.065651900000002], [16.1103963, -23.0652511], [16.111657, -23.0647519], [16.113089300000002, -23.0641308], [16.1152205, -23.063267], [16.1160515, -23.062925500000002], [16.1164074, -23.0627269], [16.1170288, -23.0622493], [16.1179709, -23.061563200000002], [16.119145200000002, -23.061036100000003], [16.1212918, -23.060359100000003], [16.1226326, -23.0599665], [16.1231408, -23.059888100000002], [16.1236254, -23.0598786], [16.124174800000002, -23.0599527], [16.124804400000002, -23.060186400000003], [16.1252904, -23.0605115], [16.1260425, -23.0610146], [16.1274091, -23.062041200000003], [16.1279954, -23.0624152], [16.1284123, -23.0625758], [16.1298305, -23.062871700000002], [16.130257800000003, -23.062930400000003], [16.1308878, -23.062925800000002], [16.1323167, -23.0627688], [16.1337985, -23.062619], [16.1343249, -23.0624943], [16.1348278, -23.0623049], [16.1350431, -23.062169100000002], [16.135205600000003, -23.0620172], [16.135304700000002, -23.061795800000002], [16.1353285, -23.0616498], [16.1353538, -23.061347700000002], [16.135360000000002, -23.060902300000002], [16.1353672, -23.0606112], [16.135392200000002, -23.060465800000003], [16.1355252, -23.0602078], [16.1356042, -23.0601036], [16.1368926, -23.0589781], [16.1380191, -23.0580482], [16.138215000000002, -23.0578334], [16.1391788, -23.0567043], [16.1395211, -23.056321500000003], [16.1400003, -23.0559242], [16.1403637, -23.055711000000002], [16.1457954, -23.0533126], [16.1497116, -23.051433300000003], [16.1516336, -23.050765600000002], [16.155040200000002, -23.049407600000002], [16.156870400000003, -23.0488965], [16.1574411, -23.0487779], [16.1586742, -23.048521700000002], [16.159986500000002, -23.048127100000002], [16.1612399, -23.0476594], [16.161613900000003, -23.0475068], [16.1631126, -23.046706800000003], [16.1638357, -23.046186300000002], [16.1639044, -23.0461458], [16.1640944, -23.0460336], [16.1663973, -23.045094600000002], [16.1672242, -23.044885800000003], [16.1678255, -23.044831700000003], [16.1683473, -23.0447609], [16.1690998, -23.0446588], [16.170254500000002, -23.0443305], [16.1720255, -23.0436635], [16.172647100000002, -23.0433972], [16.1750671, -23.042042600000002], [16.175293500000002, -23.041972400000002], [16.1756067, -23.0419355], [16.1773151, -23.0420145], [16.179023700000002, -23.0420935], [16.1796532, -23.0420546], [16.1800359, -23.0419482], [16.180589, -23.0416418], [16.1809227, -23.0414315], [16.181089200000002, -23.041386000000003], [16.1813141, -23.041407200000002], [16.1821658, -23.0416603], [16.1824321, -23.0416962], [16.1827955, -23.041672000000002], [16.1857945, -23.0403996], [16.1865879, -23.040190300000003], [16.188478, -23.0399758], [16.1888441, -23.0398691], [16.1891416, -23.0397068], [16.189431300000003, -23.0394863], [16.1904441, -23.0382229], [16.1906739, -23.037913900000003], [16.190752500000002, -23.037808100000003], [16.1908752, -23.0376121], [16.1911212, -23.0371771], [16.191185, -23.036951600000002], [16.1912904, -23.036262], [16.1915602, -23.0358725], [16.191798300000002, -23.0357381], [16.1923061, -23.035561], [16.193364000000003, -23.035371100000003], [16.194236800000002, -23.035200800000002], [16.1951678, -23.034845400000002], [16.1958501, -23.0344073], [16.1962204, -23.0339205], [16.1969462, -23.0332949], [16.197041900000002, -23.0332124], [16.197892, -23.032479600000002], [16.1981691, -23.032348900000002], [16.1984368, -23.0322654], [16.1988097, -23.032174700000002], [16.2004762, -23.031941800000002], [16.200948800000003, -23.0318024], [16.2016344, -23.031463600000002], [16.2037371, -23.030362], [16.2042687, -23.030049400000003], [16.204789700000003, -23.0296269], [16.205900500000002, -23.028478], [16.2068351, -23.0278826], [16.2071753, -23.0277429], [16.2077572, -23.027684500000003], [16.208561200000002, -23.027665000000002], [16.2091409, -23.027572600000003], [16.2103968, -23.027299900000003], [16.2109416, -23.026929900000003], [16.2112141, -23.0266713], [16.211724500000003, -23.0258833], [16.2125655, -23.0242378], [16.2128359, -23.0239355], [16.2132426, -23.0237218], [16.2133766, -23.0236763], [16.214666, -23.023194], [16.2150041, -23.023123000000002], [16.215987900000002, -23.0230791], [16.2162635, -23.0230278], [16.217157, -23.0226361], [16.2224289, -23.020388200000003], [16.223504600000002, -23.0198465], [16.223896500000002, -23.019572800000002], [16.2255541, -23.018048500000003], [16.2279236, -23.0159746], [16.230032700000002, -23.014120000000002], [16.2303244, -23.013934600000002], [16.2306613, -23.013749200000003], [16.2332649, -23.012791200000002], [16.2334603, -23.012678400000002], [16.233922200000002, -23.012349200000003], [16.234137500000003, -23.0122214], [16.2358775, -23.011650500000002], [16.2367378, -23.011351400000002], [16.2369712, -23.0111825], [16.237204600000002, -23.011004], [16.2376562, -23.010620600000003], [16.2383867, -23.009955700000003], [16.2391715, -23.0091928], [16.2393907, -23.008959500000003], [16.2395935, -23.0087534], [16.2399107, -23.0084251], [16.240048700000003, -23.008315000000003], [16.240180000000002, -23.0082299], [16.240338400000002, -23.008171800000003], [16.2405249, -23.0081421], [16.2409252, -23.0081393], [16.2411396, -23.0081619], [16.242674400000002, -23.0081707], [16.2432969, -23.0081743], [16.243712000000002, -23.008096600000002], [16.243887100000002, -23.008013300000002], [16.244113000000002, -23.0078634], [16.2469341, -23.0051826], [16.2484971, -23.0037859], [16.248778400000003, -23.003603700000003], [16.252116400000002, -23.002284900000003], [16.2529384, -23.0019208], [16.253744100000002, -23.001601500000003], [16.2540291, -23.001548300000003], [16.2543937, -23.0015515], [16.2548767, -23.0016339], [16.2574304, -23.0023851], [16.2587012, -23.002857600000002], [16.259724300000002, -23.0030955], [16.2601944, -23.003166200000003], [16.2612619, -23.0033126], [16.2630585, -23.0036284], [16.2635235, -23.0036677], [16.263853400000002, -23.0036261], [16.2640858, -23.0035673], [16.265520300000002, -23.003204200000003], [16.2658537, -23.0031594], [16.2662322, -23.003204200000003], [16.2677576, -23.0035877], [16.2682828, -23.0036521], [16.2685834, -23.003601600000003], [16.2689709, -23.0034609], [16.2694689, -23.0033037], [16.270407300000002, -23.0031597], [16.2709867, -23.0029296], [16.2721601, -23.0022772], [16.273604600000002, -23.001232400000003], [16.2739103, -23.0010316], [16.2743329, -23.000740200000003], [16.275167500000002, -23.000154600000002], [16.2761204, -22.9991556], [16.2763438, -22.9989628], [16.276534, -22.998816400000003], [16.2781609, -22.998259], [16.2783971, -22.998191900000002], [16.280859200000002, -22.9978114], [16.2817015, -22.9976901], [16.2828456, -22.997504600000003], [16.2831443, -22.9975205], [16.2838683, -22.9976901], [16.284418000000002, -22.9978528], [16.285212, -22.998007400000002], [16.2867505, -22.998223000000003], [16.289925500000003, -22.998668000000002], [16.2902563, -22.9987417], [16.2905863, -22.998914300000003], [16.2921416, -23.000015], [16.2924233, -23.0001226], [16.2934993, -23.0003841], [16.293908300000002, -23.0005062], [16.2943252, -23.000597300000003], [16.2947375, -23.0006755], [16.2949167, -23.000790700000003], [16.295041700000002, -23.000954], [16.2955395, -23.002028900000003], [16.295668600000003, -23.0021892], [16.2958734, -23.0023267], [16.296260800000002, -23.002449900000002], [16.296281, -23.002456300000002], [16.2966792, -23.002585800000002], [16.296805900000003, -23.002644800000002], [16.2973968, -23.003032700000002], [16.2988742, -23.004269500000003], [16.299002400000003, -23.004348500000003], [16.3007022, -23.0050582], [16.3009314, -23.0051604], [16.302473300000003, -23.0059851], [16.3027303, -23.006049100000002], [16.306057000000003, -23.0063223], [16.3063384, -23.0063655], [16.3066163, -23.0064934], [16.306809700000002, -23.006678400000002], [16.308240100000003, -23.008194500000002], [16.3087311, -23.0087149], [16.308845700000003, -23.0088684], [16.3101723, -23.0110883], [16.3103008, -23.0112017], [16.3104501, -23.0112689], [16.310629000000002, -23.011328000000002], [16.311271400000003, -23.011527800000003], [16.3114381, -23.011582100000002], [16.312199200000002, -23.0117549], [16.3122514, -23.011766700000003], [16.3127543, -23.011881000000002], [16.3128636, -23.0119465], [16.3129765, -23.0120568], [16.3137301, -23.0126001], [16.313962200000002, -23.0127132], [16.3146509, -23.0129488], [16.3161245, -23.0133705], [16.316293, -23.013445200000003], [16.3164145, -23.013530300000003], [16.3180307, -23.015044500000002], [16.3182741, -23.015265900000003], [16.318391300000002, -23.015353], [16.3192256, -23.015870000000003], [16.3193246, -23.015970600000003], [16.3201112, -23.0169055], [16.3206911, -23.017711000000002], [16.3208439, -23.017929900000002], [16.321028000000002, -23.0180626], [16.321321400000002, -23.0182], [16.3220125, -23.018502100000003], [16.3221201, -23.018526], [16.3227504, -23.018540400000003], [16.322934500000002, -23.018582000000002], [16.323108100000002, -23.018652300000003], [16.323337300000002, -23.0188233], [16.323627300000002, -23.0192324], [16.3236759, -23.0193426], [16.3244045, -23.022315900000002], [16.324707, -23.0231317], [16.3267545, -23.026748], [16.326910700000003, -23.026899800000002], [16.3271434, -23.027058], [16.3273639, -23.027112300000002], [16.3281201, -23.0270122], [16.328131300000003, -23.0270107], [16.3283081, -23.0269885], [16.3284935, -23.027008000000002], [16.3288985, -23.0270471], [16.3291961, -23.0270407], [16.3294551, -23.027006800000002], [16.3297445, -23.026968500000002], [16.3309482, -23.026504300000003], [16.3312829, -23.026403000000002], [16.334541700000003, -23.026277200000003], [16.3357092, -23.02615], [16.3360419, -23.026046700000002], [16.3363245, -23.0259253], [16.336633900000002, -23.0257064], [16.3372412, -23.025376], [16.3376813, -23.025233500000002], [16.3381115, -23.025168400000002], [16.3384654, -23.0250725], [16.3391597, -23.0247855], [16.3397246, -23.024690900000003], [16.340111500000003, -23.0247151], [16.3402876, -23.0247601], [16.340416100000002, -23.0248256], [16.3405411, -23.024947], [16.3406218, -23.0251796], [16.340686400000003, -23.025374600000003], [16.3407947, -23.0255446], [16.3409833, -23.0256653], [16.3411593, -23.0256826], [16.3415332, -23.0256125], [16.3418011, -23.025633600000003], [16.3421781, -23.0256244], [16.3423751, -23.0255526], [16.3427311, -23.025408600000002], [16.343869700000003, -23.0248671], [16.3440294, -23.0248144], [16.3448253, -23.024657700000002], [16.3461512, -23.024528800000002], [16.3464816, -23.0244891], [16.3466718, -23.0244648], [16.3471319, -23.0244059], [16.347276700000002, -23.024355200000002], [16.34757, -23.02418], [16.347908, -23.0239984], [16.348044400000003, -23.0239735], [16.3482249, -23.023977900000002], [16.3484054, -23.0240376], [16.348546300000002, -23.024151200000002], [16.3488566, -23.0245198], [16.348969, -23.024586900000003], [16.349103500000002, -23.0246262], [16.3498331, -23.0246806], [16.3499378, -23.024699000000002], [16.350504700000002, -23.0249141], [16.3506296, -23.024932200000002], [16.3517035, -23.0249507], [16.352144600000003, -23.024986100000003], [16.352932300000003, -23.025111000000003], [16.353549100000002, -23.0252163], [16.353726, -23.025223500000003], [16.3542928, -23.025140500000003], [16.3545935, -23.0251172], [16.3549101, -23.025120100000002], [16.3553748, -23.0251842], [16.355546500000003, -23.0251667], [16.3560264, -23.0250331], [16.3562114, -23.0250181], [16.3574342, -23.024959900000002], [16.3579607, -23.0248695], [16.3581997, -23.0247908], [16.358857, -23.024479200000002], [16.3595385, -23.0241678], [16.3598952, -23.0239504], [16.3601627, -23.0236923], [16.3608492, -23.0228007], [16.3610222, -23.0226362], [16.361247900000002, -23.0225121], [16.362007000000002, -23.022388000000003], [16.3627456, -23.0222289], [16.3629766, -23.0221439], [16.3645876, -23.021030300000003], [16.365028900000002, -23.0208315], [16.3654811, -23.020719500000002], [16.365959500000002, -23.0207324], [16.3672125, -23.021093200000003], [16.3675353, -23.021205100000003], [16.3689535, -23.0221695], [16.3691529, -23.022237], [16.3709051, -23.022506500000002], [16.3712661, -23.0226119], [16.371707100000002, -23.0228302], [16.373691, -23.0249345], [16.374569400000002, -23.0257869], [16.3747322, -23.026009300000002], [16.3753315, -23.0270602], [16.375501500000002, -23.027284], [16.3757184, -23.027454000000002], [16.3779042, -23.028809300000002], [16.378221500000002, -23.028943], [16.379101000000002, -23.029214200000002], [16.380762700000002, -23.0297172], [16.3810118, -23.0297333], [16.3812819, -23.029699800000003], [16.3829844, -23.029084700000002], [16.3835613, -23.028994100000002], [16.3840337, -23.029032], [16.3842366, -23.0290135], [16.3847431, -23.028761000000003], [16.3871562, -23.0277315], [16.3873605, -23.027597], [16.3875686, -23.0274], [16.3889923, -23.025705000000002], [16.3896818, -23.0249588], [16.3899134, -23.0247484], [16.3911713, -23.023751100000002], [16.3921792, -23.022985600000002], [16.393060900000002, -23.0221562], [16.3938114, -23.021334600000003], [16.3951269, -23.019612300000002], [16.3953823, -23.019029600000003], [16.3955209, -23.018550400000002], [16.3955068, -23.0176115], [16.3952114, -23.0154488], [16.3952655, -23.015189600000003], [16.395436500000002, -23.0149049], [16.3960696, -23.014263900000003], [16.3968646, -23.013286100000002], [16.3971622, -23.0126621], [16.397325000000002, -23.0120563], [16.3975259, -23.0112853], [16.3974204, -23.0095111], [16.3974595, -23.009320300000002], [16.3975692, -23.0090597], [16.398728900000002, -23.007957], [16.4000163, -23.006286300000003], [16.400558, -23.005748800000003], [16.4025128, -23.0039947], [16.4028186, -23.003777000000003], [16.4055167, -23.002254], [16.406690700000002, -23.001704200000002], [16.4070706, -23.0014377], [16.4088531, -23.0000059], [16.4102882, -22.998892], [16.4104466, -22.998737300000002], [16.410590300000003, -22.9984812], [16.4110658, -22.996450600000003], [16.4111614, -22.996209500000003], [16.411578900000002, -22.995542500000003], [16.4123822, -22.994437400000002], [16.4125675, -22.994107900000003], [16.413447400000003, -22.992082200000002], [16.4136729, -22.991788500000002], [16.4163366, -22.9890456], [16.4171595, -22.9883685], [16.4173321, -22.9881102], [16.4175587, -22.987238], [16.4178602, -22.9866354], [16.417980500000002, -22.9864953], [16.4182077, -22.9863812], [16.418444, -22.986332400000002], [16.4186385, -22.9863199], [16.419279200000002, -22.9863357], [16.419481, -22.9863721], [16.4196366, -22.9864628], [16.4199515, -22.986742900000003], [16.4201249, -22.9868244], [16.420362, -22.9868309], [16.420595600000002, -22.986795], [16.4210944, -22.986542800000002], [16.421760300000003, -22.985904400000003], [16.4238268, -22.9844444], [16.423917, -22.984392600000003], [16.4242147, -22.9842216], [16.424575100000002, -22.984014600000002], [16.4251216, -22.9834754], [16.4251994, -22.9833158], [16.425291400000003, -22.9827228], [16.4253268, -22.9825306], [16.425401100000002, -22.9824036], [16.425694200000002, -22.982207000000002], [16.4259276, -22.9819542], [16.4262915, -22.9814359], [16.426445100000002, -22.9813155], [16.4272114, -22.9809555], [16.429067800000002, -22.980334600000003], [16.429195500000002, -22.9802919], [16.431799100000003, -22.979422600000003], [16.432068100000002, -22.9792793], [16.4328411, -22.978737000000002], [16.433628600000002, -22.9783443], [16.4339507, -22.978057600000003], [16.4346024, -22.977407900000003], [16.435141, -22.9768218], [16.4354157, -22.976024600000002], [16.435580400000003, -22.9758484], [16.435840300000002, -22.975777], [16.4361022, -22.9758226], [16.4363403, -22.9759968], [16.436728600000002, -22.976207000000002], [16.4370337, -22.9764586], [16.4372803, -22.976549300000002], [16.4375612, -22.9765991], [16.437863500000002, -22.976618100000003], [16.438136200000002, -22.976610700000002], [16.4383659, -22.976549700000003], [16.4385599, -22.976451500000003], [16.438811100000002, -22.9762756], [16.438996200000002, -22.976110100000003], [16.439106300000002, -22.9759555], [16.43918, -22.975793000000003], [16.4392269, -22.9756064], [16.4393342, -22.975073000000002], [16.4394888, -22.9742295], [16.4395774, -22.9737535], [16.439629200000002, -22.9735765], [16.4396825, -22.9734893], [16.439779400000003, -22.9733987], [16.4399269, -22.9733172], [16.440093700000002, -22.9732363], [16.440219300000003, -22.9731394], [16.4403115, -22.9730247], [16.4405711, -22.9726025], [16.4406685, -22.9725371], [16.440783200000002, -22.9725147], [16.440903600000002, -22.9725144], [16.4410157, -22.9725414], [16.4411151, -22.9725986], [16.4412025, -22.9726822], [16.4414547, -22.9730232], [16.4415389, -22.973087500000002], [16.441633500000002, -22.9731437], [16.441805900000002, -22.9732069], [16.442442500000002, -22.9734473], [16.443151800000003, -22.9737167], [16.443362800000003, -22.9737592], [16.4435246, -22.973781900000002], [16.4437232, -22.9737833], [16.4439046, -22.973769100000002], [16.4441035, -22.97371], [16.4444482, -22.9736602], [16.4446415, -22.9736648], [16.4447978, -22.973692500000002], [16.4449526, -22.9737262], [16.4461969, -22.974171300000002], [16.4463537, -22.974211200000003], [16.4464876, -22.9742235], [16.446634, -22.974221200000002], [16.448535500000002, -22.9741091], [16.4488036, -22.9740642], [16.4490315, -22.9739867], [16.4504473, -22.9733635], [16.450775500000002, -22.9732333], [16.4510523, -22.973105200000003], [16.451222700000002, -22.9729734], [16.4517634, -22.9726675], [16.451897600000002, -22.9725813], [16.452004900000002, -22.9724603], [16.4520634, -22.9723422], [16.4526519, -22.9709924], [16.452729100000003, -22.9708699], [16.4527985, -22.9707884], [16.452902, -22.9706981], [16.4531429, -22.9706252], [16.4541304, -22.970522300000003], [16.4546591, -22.9704766], [16.4552289, -22.9703957], [16.4556715, -22.970281200000002], [16.456097800000002, -22.970196400000003], [16.4569644, -22.9699974], [16.458150800000002, -22.969790200000002], [16.458329600000003, -22.9697314], [16.458449400000003, -22.969678400000003], [16.4587153, -22.969528800000003], [16.459220000000002, -22.9691733], [16.459324600000002, -22.969107700000002], [16.4594467, -22.969063000000002], [16.4612932, -22.9683959], [16.461717200000002, -22.9682448], [16.4618915, -22.968200300000003], [16.462430700000002, -22.968074400000003], [16.4626308, -22.9679979], [16.462792800000003, -22.967911400000002], [16.462869, -22.967836600000002], [16.4632809, -22.9673607], [16.4634848, -22.9671458], [16.4636645, -22.9670075], [16.4638908, -22.9668481], [16.4653588, -22.9659318], [16.4655653, -22.9658306], [16.4657781, -22.9657801], [16.465947, -22.9657604], [16.4661043, -22.9657483], [16.4662666, -22.9657617], [16.4685121, -22.966085300000003], [16.469537300000002, -22.9662411], [16.469633, -22.9662556], [16.4703567, -22.966365600000003], [16.4712107, -22.966508100000002], [16.4714214, -22.9665284], [16.4716011, -22.9665408], [16.471798200000002, -22.9665429], [16.4727169, -22.9665037], [16.47324, -22.966484], [16.473411600000002, -22.9664642], [16.473570900000002, -22.966441200000002], [16.473817500000003, -22.966382000000003], [16.475434, -22.965854200000003], [16.477461700000003, -22.965060400000002], [16.4801563, -22.9637908], [16.4808279, -22.9634167], [16.4809552, -22.9633261], [16.481050500000002, -22.963211700000002], [16.4811503, -22.9630486], [16.4819769, -22.9615601], [16.482110000000002, -22.9613669], [16.482229200000003, -22.961221100000003], [16.4823421, -22.9611263], [16.482501900000003, -22.961039000000003], [16.4826143, -22.960996400000003], [16.4869732, -22.960134500000002], [16.487697100000002, -22.960038200000003], [16.4880837, -22.9599936], [16.4882952, -22.9599888], [16.4884519, -22.9599991], [16.4886278, -22.9600283], [16.4892071, -22.9601839], [16.4896731, -22.960307], [16.4898643, -22.960334500000002], [16.4900361, -22.960351300000003], [16.490188800000002, -22.960354300000002], [16.490475800000002, -22.9603444], [16.4907597, -22.960331], [16.491996200000003, -22.9602919], [16.4921683, -22.960272800000002], [16.492309900000002, -22.960248], [16.4924499, -22.9602061], [16.492688700000002, -22.9601098], [16.4929032, -22.9600085], [16.4931389, -22.959864200000002], [16.4939392, -22.959289100000003], [16.494091400000002, -22.959196000000002], [16.4942162, -22.959146500000003], [16.4943624, -22.959099700000003], [16.494545600000002, -22.9590634], [16.4965929, -22.9587341], [16.496878300000002, -22.9587131], [16.4972162, -22.9587119], [16.4974791, -22.958716900000002], [16.4976941, -22.9587141], [16.4978157, -22.9587119], [16.5038428, -22.9579413], [16.5040854, -22.957909200000003], [16.5042543, -22.9579068], [16.504488600000002, -22.9579224], [16.504680800000003, -22.9579537], [16.5049214, -22.9580233], [16.508704100000003, -22.959196000000002], [16.5110993, -22.9599073], [16.511324600000002, -22.959977700000003], [16.5121878, -22.960196200000002], [16.5124699, -22.9602481], [16.512668400000003, -22.960277700000002], [16.5128856, -22.9603019], [16.5148563, -22.960358300000003], [16.5151146, -22.9603913], [16.5152724, -22.9604269], [16.5154874, -22.9604901], [16.515655900000002, -22.960555300000003], [16.515812, -22.9606457], [16.5159597, -22.9607651], [16.5169132, -22.961585200000002], [16.522748, -22.966340300000002], [16.5233815, -22.9669357], [16.5240246, -22.967540000000003], [16.5259182, -22.969319600000002], [16.526047300000002, -22.969459800000003], [16.526165300000002, -22.9696302], [16.5262675, -22.969809700000003], [16.5263531, -22.9699759], [16.527680200000002, -22.973431400000003], [16.5278154, -22.973645100000002], [16.5279758, -22.9738037], [16.5281574, -22.9739401], [16.5283245, -22.9740012], [16.5285283, -22.9740308], [16.5287042, -22.9740146], [16.5300565, -22.9738796], [16.537080200000002, -22.9732124], [16.537138900000002, -22.9732057], [16.5429844, -22.972542400000002], [16.5434621, -22.9725329], [16.5473874, -22.972761300000002], [16.547937400000002, -22.972751300000002], [16.555342200000002, -22.9719482], [16.5558418, -22.9718479], [16.556372, -22.9716069], [16.557106, -22.9711451], [16.5591686, -22.9698472], [16.5595891, -22.9696536], [16.567224, -22.966645200000002], [16.5724649, -22.964585000000003], [16.5729286, -22.964450900000003], [16.5734084, -22.964356600000002], [16.5834634, -22.963341800000002], [16.58555, -22.963060600000002], [16.5863055, -22.9629246], [16.5872789, -22.962705900000003], [16.588203500000002, -22.9624647], [16.589581900000002, -22.9620171], [16.5900079, -22.9618788], [16.5913736, -22.961335300000002], [16.5927312, -22.9607096], [16.5940346, -22.959967000000002], [16.5974521, -22.957757], [16.6038509, -22.953299700000002], [16.6044935, -22.9527167], [16.605091100000003, -22.952043], [16.6056244, -22.951315], [16.6060862, -22.950294300000003], [16.606633900000002, -22.948997000000002], [16.6070108, -22.948135200000003], [16.6073609, -22.9474215], [16.6079216, -22.9467462], [16.6087843, -22.9458823], [16.6098411, -22.9451572], [16.6104474, -22.9448249], [16.6110215, -22.944591300000003], [16.6117885, -22.944332300000003], [16.6126575, -22.944132500000002], [16.613529800000002, -22.9440466], [16.6144396, -22.9440446], [16.6151217, -22.9441153], [16.6156981, -22.944231000000002], [16.6162979, -22.944372400000002], [16.616818000000002, -22.944519800000002], [16.6184765, -22.945094100000002], [16.6194278, -22.9452666], [16.6205636, -22.945372300000002], [16.6296259, -22.944689500000003], [16.631019900000002, -22.944554200000002], [16.632484700000003, -22.944327700000002], [16.6335629, -22.944090900000003], [16.6394984, -22.9424008], [16.6412559, -22.9421606], [16.642451, -22.9421286], [16.6438785, -22.9422491], [16.646089200000002, -22.942950600000003], [16.6475172, -22.943463], [16.6487392, -22.943513600000003], [16.650743900000002, -22.9430078], [16.6536274, -22.9420088], [16.6554261, -22.940959300000003], [16.6569135, -22.9396427], [16.671958, -22.9234198], [16.6823097, -22.912279400000003], [16.6872067, -22.9070992], [16.6891569, -22.905719], [16.6910645, -22.9048476], [16.698243700000003, -22.901456800000002], [16.712315, -22.8947763], [16.715955400000002, -22.8926714], [16.7249865, -22.8871703], [16.7369245, -22.8799862], [16.7369565, -22.879967], [16.7394396, -22.878552300000003], [16.7401944, -22.878229400000002], [16.7410032, -22.8780058], [16.7484715, -22.8766125], [16.7540349, -22.875631700000003], [16.7541571, -22.875612200000003], [16.7542563, -22.875596400000003], [16.7802808, -22.8708098], [16.781408600000002, -22.870516900000002], [16.783089500000003, -22.870016900000003], [16.7839332, -22.869709200000003], [16.7855896, -22.8690612], [16.7875205, -22.868061400000002], [16.7888302, -22.867267700000003], [16.790735400000003, -22.8659557], [16.7930743, -22.8637443], [16.7952629, -22.861039700000003], [16.8009835, -22.853796000000003], [16.801260000000003, -22.853446], [16.809452, -22.8430183], [16.809840400000002, -22.842646000000002], [16.8114996, -22.841277400000003], [16.814969400000003, -22.8383049], [16.820950200000002, -22.8332939], [16.8218408, -22.8326992], [16.8306603, -22.8276103], [16.831240100000002, -22.827321], [16.837748100000002, -22.824815], [16.8407989, -22.823472300000002], [16.8418522, -22.822815300000002], [16.8426926, -22.8221093], [16.844035700000003, -22.820610300000002], [16.8457832, -22.8185988], [16.8466555, -22.817784900000003], [16.847246000000002, -22.8173485], [16.8529749, -22.8140046], [16.857335300000003, -22.811525600000003], [16.8611809, -22.8093061], [16.8673678, -22.8058444], [16.873093100000002, -22.803273200000003], [16.8748301, -22.802481200000003], [16.8777879, -22.801083700000003], [16.8788601, -22.800424800000002], [16.8799816, -22.7994705], [16.880449900000002, -22.798902400000003], [16.8816823, -22.7972664], [16.8833708, -22.7950281], [16.883789800000002, -22.7946759], [16.8883128, -22.7919036], [16.889956, -22.7908113], [16.8906534, -22.7903069], [16.8910825, -22.7898272], [16.891436600000002, -22.789243600000002], [16.8916082, -22.788571], [16.8914902, -22.7864888], [16.8915224, -22.7857717], [16.891678000000002, -22.785005100000003], [16.8921949, -22.7838819], [16.893131500000003, -22.7825184], [16.894327, -22.781143500000002], [16.8968224, -22.7782391], [16.8977022, -22.777586200000002], [16.8986249, -22.777052], [16.899613900000002, -22.7767075], [16.9030402, -22.775587], [16.9053948, -22.7747075], [16.9062692, -22.7741635], [16.9069183, -22.773565], [16.9073783, -22.7728825], [16.9079945, -22.7711098], [16.9086195, -22.769354800000002], [16.9088059, -22.7690683], [16.9090667, -22.7687916], [16.9093644, -22.768536100000002], [16.90974, -22.7683001], [16.9101494, -22.7680922], [16.9105446, -22.7679756], [16.911223800000002, -22.7678949], [16.9118889, -22.7678143], [16.9125282, -22.7676877], [16.9130684, -22.767509], [16.9136531, -22.7672655], [16.914117400000002, -22.767015500000003], [16.9145291, -22.766764600000002], [16.9148877, -22.7664909], [16.9153925, -22.7660413], [16.9156744, -22.765723400000002], [16.9158152, -22.7655271], [16.9161827, -22.764964900000003], [16.9170318, -22.763288000000003], [16.917428, -22.7624496], [16.9177676, -22.7615981], [16.9182236, -22.7601094], [16.9187629, -22.7579934], [16.9189936, -22.7573553], [16.9195299, -22.7562794], [16.9204666, -22.7550634], [16.9216597, -22.7536451], [16.9220835, -22.752695300000003], [16.9222122, -22.752101600000003], [16.922464400000003, -22.7505433], [16.9226628, -22.7499942], [16.9229525, -22.749455], [16.923843400000003, -22.7484261], [16.9266903, -22.744755], [16.928884, -22.7418453], [16.930360800000003, -22.739694], [16.9305968, -22.739130000000003], [16.931028400000002, -22.7364122], [16.931644600000002, -22.73498], [16.932495, -22.733922900000003], [16.934976300000002, -22.731908200000003], [16.938349000000002, -22.729455700000003], [16.9387525, -22.729127300000002], [16.9400267, -22.728192], [16.940379800000002, -22.727976400000003], [16.940746, -22.7278246], [16.9411187, -22.7276819], [16.9414839, -22.7276168], [16.9418815, -22.7276063], [16.9451044, -22.728108300000002], [16.9488102, -22.7285261], [16.9493777, -22.728512300000002], [16.9498444, -22.728403500000002], [16.950897, -22.7279053], [16.9515359, -22.7276029], [16.9526574, -22.7271255], [16.9539428, -22.726285800000003], [16.9544074, -22.725897800000002], [16.9555896, -22.724717300000002], [16.9565395, -22.723578800000002], [16.9585853, -22.7211234], [16.9590336, -22.7202145], [16.959425200000002, -22.7192645], [16.959657500000002, -22.7184519], [16.9598424, -22.716257900000002], [16.9600367, -22.7157018], [16.960272800000002, -22.7151475], [16.9606065, -22.7146209], [16.9611611, -22.7139501], [16.961395200000002, -22.7137341], [16.962516700000002, -22.712745100000003], [16.965376000000003, -22.709982500000002], [16.9659215, -22.709635000000002], [16.968156800000003, -22.7085848], [16.970003900000002, -22.7076955], [16.9714773, -22.7069972], [16.971675700000002, -22.706903500000003], [16.9718585, -22.706799200000003], [16.9720447, -22.7066711], [16.972219300000003, -22.7065322], [16.9723888, -22.706350500000003], [16.9725408, -22.7061634], [16.972863200000003, -22.705665800000002], [16.9731759, -22.705189700000002], [16.973441700000002, -22.7048668], [16.9737811, -22.704536800000003], [16.974282000000002, -22.704021800000003], [16.9745344, -22.7036909], [16.9747674, -22.7033601], [16.975086100000002, -22.702904500000002], [16.9755356, -22.7022359], [16.9765047, -22.7006371], [16.9765538, -22.7002622], [16.9764677, -22.6988862], [16.976505500000002, -22.698495400000002], [16.976591000000003, -22.6982268], [16.976886800000003, -22.6977265], [16.9771331, -22.697322500000002], [16.9775892, -22.6961575], [16.977776900000002, -22.695818000000003], [16.977975400000002, -22.695565600000002], [16.9785064, -22.6950064], [16.9787477, -22.6945884], [16.9790928, -22.6940995], [16.9794255, -22.693860700000002], [16.9804698, -22.6932544], [16.980707300000002, -22.6930307], [16.980877500000002, -22.692734700000003], [16.981311100000003, -22.691677700000003], [16.9814622, -22.6913984], [16.981982600000002, -22.6908144], [16.9831574, -22.6893841], [16.9834925, -22.688869200000003], [16.9843376, -22.6874737], [16.9844985, -22.6870678], [16.984868600000002, -22.685588000000003], [16.984983800000002, -22.6853443], [16.9862419, -22.6836181], [16.9863599, -22.683232], [16.986413600000002, -22.6826826], [16.9865102, -22.681811500000002], [16.986635200000002, -22.681432700000002], [16.987169400000003, -22.6800943], [16.987792300000002, -22.678525], [16.9878535, -22.6783608], [16.9881129, -22.6777143], [16.9882563, -22.6774311], [16.988376300000002, -22.6772446], [16.9886933, -22.6768046], [16.9889926, -22.676450300000003], [16.989313300000003, -22.6761158], [16.9906036, -22.6748942], [16.9914722, -22.674028200000002], [16.993546000000002, -22.671656000000002], [16.9966028, -22.668087500000002], [16.9968489, -22.6676757], [16.9971037, -22.6672559], [16.9972873, -22.666878], [16.9974108, -22.666556200000002], [16.9974618, -22.666409100000003], [16.9976562, -22.6659124], [16.9978304, -22.6655151], [16.998029000000002, -22.6651077], [16.998448, -22.664454600000003], [16.9989594, -22.6638746], [17.000894300000002, -22.6621346], [17.0014077, -22.661638500000002], [17.0017816, -22.6611225], [17.001895700000002, -22.6608959], [17.001988400000002, -22.6606688], [17.002059600000003, -22.6604515], [17.002202, -22.6599624], [17.002433200000002, -22.6589844], [17.0026036, -22.6584918], [17.0028276, -22.658048800000003], [17.0031912, -22.6576027], [17.003544, -22.6572557], [17.003865700000002, -22.6570253], [17.0042304, -22.6567948], [17.0046669, -22.656619000000003], [17.0053764, -22.656429300000003], [17.005817500000003, -22.6563412], [17.007474300000002, -22.655957700000002], [17.0076447, -22.6559336], [17.0081931, -22.655856200000002], [17.0086652, -22.6557819], [17.0092472, -22.6556903], [17.0095798, -22.655618500000003], [17.0098695, -22.6555369], [17.0101646, -22.6554329], [17.010542700000002, -22.655272], [17.010859200000002, -22.6551012], [17.011287900000003, -22.654812600000003], [17.011959, -22.6543402], [17.014152000000003, -22.6525663], [17.0142621, -22.6524773], [17.014341, -22.6524135], [17.0169174, -22.650342600000002], [17.017488500000002, -22.649808200000003], [17.018097100000002, -22.6492119], [17.019011300000003, -22.6482469], [17.0194161, -22.6477644], [17.0201883, -22.6467524], [17.020770000000002, -22.64602], [17.0217379, -22.644837300000003], [17.0221079, -22.6443969], [17.0224189, -22.644070300000003], [17.022711100000002, -22.643785700000002], [17.0228876, -22.643628800000002], [17.023003300000003, -22.6435259], [17.023325, -22.643253700000002], [17.0237272, -22.642932000000002], [17.0244752, -22.642340700000002], [17.0255583, -22.641539], [17.0262324, -22.6409996], [17.026480900000003, -22.6408272], [17.0268854, -22.640549200000002], [17.0272045, -22.6403389], [17.0275433, -22.640127900000003], [17.027939800000002, -22.639927800000002], [17.0285009, -22.6396717], [17.0290015, -22.639451400000002], [17.029486000000002, -22.6392402], [17.0298963, -22.639010000000003], [17.030244800000002, -22.638757700000003], [17.03058, -22.638470700000003], [17.0309204, -22.6381342], [17.0312823, -22.637713400000003], [17.0332344, -22.635430000000003], [17.0333219, -22.6353277], [17.033875300000002, -22.6347457], [17.0345103, -22.6340067], [17.035494200000002, -22.632828800000002], [17.035834100000002, -22.6323711], [17.036087900000002, -22.6320911], [17.036368, -22.6318242], [17.0367068, -22.6315744], [17.037449000000002, -22.6311468], [17.037985600000003, -22.6308311], [17.0382928, -22.630648200000003], [17.038588100000002, -22.630459700000003], [17.0388729, -22.6301974], [17.0391263, -22.629949200000002], [17.039261200000002, -22.6297901], [17.039628500000003, -22.629337200000002], [17.039976900000003, -22.6288482], [17.0402637, -22.6285093], [17.040471, -22.6283014], [17.040696800000003, -22.6281009], [17.040924, -22.627922700000003], [17.0413488, -22.6275935], [17.0430198, -22.626300800000003], [17.0432343, -22.6261647], [17.043402500000003, -22.6260733], [17.0436975, -22.625939600000002], [17.0440302, -22.6258158], [17.044295700000003, -22.6257515], [17.0445371, -22.625716800000003], [17.0447597, -22.6256871], [17.0449984, -22.6256895], [17.046210300000002, -22.6257786], [17.0465373, -22.6257835], [17.0469529, -22.625756300000003], [17.0472532, -22.625719200000002], [17.0475132, -22.625645000000002], [17.047792100000002, -22.625548400000003], [17.0480843, -22.625395], [17.0483604, -22.6252317], [17.0485347, -22.625104200000003], [17.0486875, -22.6249767], [17.049207300000003, -22.6244051], [17.0498108, -22.623551300000003], [17.050215700000003, -22.623019300000003], [17.050494500000003, -22.6226951], [17.0507519, -22.6224378], [17.0509503, -22.622247100000003], [17.0511889, -22.622064], [17.051449, -22.6218784], [17.0517519, -22.6216928], [17.052108500000003, -22.621519600000003], [17.052808300000002, -22.6212102], [17.054208000000003, -22.620561000000002], [17.0544312, -22.620426300000002], [17.0544918, -22.6203858], [17.0546984, -22.620247600000003], [17.0549298, -22.620040600000003], [17.055316400000002, -22.619614900000002], [17.0556203, -22.6192725], [17.056090100000002, -22.6187341], [17.0565347, -22.6182464], [17.0566751, -22.6180878], [17.0567461, -22.6180102], [17.0568056, -22.6179355], [17.0568591, -22.6178864], [17.057531, -22.6171347], [17.057614100000002, -22.6173097], [17.057766100000002, -22.617665600000002], [17.05791, -22.6180033], [17.058074700000002, -22.618399500000002], [17.0581743, -22.6186496], [17.0583458, -22.619191700000002], [17.0584321, -22.6193676], [17.058484800000002, -22.619460800000002], [17.05856, -22.619615500000002], [17.0586473, -22.6197756], [17.0587322, -22.6199128], [17.058825600000002, -22.620042100000003], [17.0588978, -22.6201362], [17.0589638, -22.620214500000003], [17.0590988, -22.6203645], [17.0592402, -22.6205189], [17.0593921, -22.6206718], [17.0595573, -22.6208318], [17.059684400000002, -22.6209384], [17.0597913, -22.6210297], [17.0599439, -22.6211348], [17.0600832, -22.621228300000002], [17.060306100000002, -22.621343600000003], [17.0604616, -22.621424700000002], [17.0606323, -22.6215076], [17.0608679, -22.6216213], [17.0610973, -22.6217136], [17.0613706, -22.6218097], [17.0617667, -22.621917500000002], [17.061975, -22.621952200000003], [17.062132300000002, -22.6219785], [17.0621739, -22.6219854], [17.0626383, -22.6220268], [17.063013100000003, -22.6220369], [17.063470000000002, -22.6220064], [17.063967, -22.6219256], [17.0644162, -22.6217988], [17.064810700000002, -22.621670700000003], [17.0651796, -22.621502000000003], [17.0661449, -22.621049000000003], [17.0667672, -22.6208114], [17.0672214, -22.6206618], [17.0675996, -22.620554300000002], [17.068313, -22.6203717], [17.0686974, -22.620315100000003], [17.070598500000003, -22.620087], [17.070978800000002, -22.620039000000002], [17.0790367, -22.618986900000003], [17.0793927, -22.6189398], [17.0826672, -22.618506500000002], [17.0839892, -22.618326500000002], [17.0849276, -22.618198800000002], [17.0851593, -22.618165], [17.085265800000002, -22.6181522], [17.086522000000002, -22.618002500000003], [17.0882568, -22.617789000000002], [17.0897374, -22.6176305], [17.0911201, -22.617441200000002], [17.0916927, -22.617373], [17.0927405, -22.617236000000002], [17.093186900000003, -22.6171776], [17.0946493, -22.617017200000003], [17.095497700000003, -22.616875800000003], [17.096069800000002, -22.6167744], [17.0972475, -22.6165035], [17.0978591, -22.6163163], [17.0984626, -22.616114200000002], [17.099643800000003, -22.6156785], [17.1007773, -22.615193700000003], [17.101539600000002, -22.6147913], [17.1020976, -22.6144709], [17.1029893, -22.613799], [17.1034103, -22.6134869], [17.1038032, -22.6131552], [17.1041265, -22.612876], [17.104456300000002, -22.6125554], [17.104937500000002, -22.6120543], [17.105517600000002, -22.611423000000002], [17.106091300000003, -22.6106945], [17.106249000000002, -22.6105014], [17.1063034, -22.6104474], [17.1063967, -22.6103656], [17.107639900000002, -22.609418700000003], [17.1087017, -22.608574100000002], [17.109408900000002, -22.608038200000003], [17.110025, -22.6075625], [17.110633500000002, -22.607145900000003], [17.1113119, -22.6067223], [17.112014900000002, -22.6063556], [17.1125602, -22.606090100000003], [17.113142500000002, -22.605881500000002], [17.113899800000002, -22.605653200000003], [17.1147187, -22.6054782], [17.115561500000002, -22.605292000000002], [17.121441, -22.604016400000003], [17.121921500000003, -22.603945600000003], [17.1231821, -22.603673200000003], [17.124365, -22.6033538], [17.1255662, -22.602902800000003], [17.1280289, -22.6014966], [17.128576000000002, -22.601179700000003], [17.1302658, -22.6001991], [17.1324596, -22.5989328], [17.1329856, -22.5986292], [17.133901700000003, -22.5981595], [17.1347934, -22.5977724], [17.1371293, -22.596844400000002], [17.139473000000002, -22.596128800000002], [17.1419845, -22.595399200000003], [17.1442714, -22.5948019], [17.147026500000003, -22.5940663], [17.1483771, -22.5935993], [17.149469500000002, -22.5931728], [17.150588900000002, -22.5924839], [17.1521936, -22.5913086], [17.154057, -22.589823300000003], [17.1546649, -22.589460900000002], [17.1553338, -22.5891398], [17.156275400000002, -22.5888458], [17.1574634, -22.588634600000002], [17.158826, -22.5884563], [17.159866700000002, -22.5882185], [17.160664, -22.5879169], [17.1615878, -22.5873892], [17.163991900000003, -22.585851], [17.1650059, -22.5852569], [17.1660741, -22.584614700000003], [17.1673635, -22.583733600000002], [17.1684954, -22.582817300000002], [17.1693888, -22.582099900000003], [17.1703166, -22.5812001], [17.1704829, -22.581046500000003], [17.1720171, -22.5794937], [17.1728942, -22.5787705], [17.173733600000002, -22.578190600000003], [17.1744635, -22.5777548], [17.1768021, -22.576766900000003], [17.1808362, -22.574993600000003], [17.183316400000002, -22.5739422], [17.188282, -22.5715559], [17.189383, -22.5710607], [17.193743, -22.5692278], [17.196342, -22.5682544], [17.197640200000002, -22.567759000000002], [17.1996395, -22.5671001], [17.2010574, -22.5664513], [17.2027606, -22.565586800000002], [17.2043216, -22.5646209], [17.206759700000003, -22.562832500000003], [17.207315, -22.5624214], [17.2087687, -22.5614479], [17.2096485, -22.5609377], [17.2106195, -22.5604711], [17.2115797, -22.560147500000003], [17.2143154, -22.5591432], [17.215855100000002, -22.558805000000003], [17.2175932, -22.5585078], [17.219604800000003, -22.5582749], [17.220065, -22.558273500000002], [17.2212034, -22.55827], [17.2249829, -22.5587509], [17.2280377, -22.5596819], [17.2332036, -22.5614455], [17.2353494, -22.562153900000002], [17.237371800000002, -22.5625353], [17.2398716, -22.5626938], [17.2414488, -22.562545200000002], [17.2431144, -22.562167000000002], [17.244604600000002, -22.561754], [17.247326, -22.5609024], [17.248978100000002, -22.5604623], [17.251271000000003, -22.5601723], [17.253155800000002, -22.560079700000003], [17.2556806, -22.5601723], [17.2586498, -22.5601682], [17.2604207, -22.5600305], [17.262300200000002, -22.5597165], [17.2657442, -22.558973400000003], [17.267793400000002, -22.5585276], [17.269734200000002, -22.558342300000003], [17.2712159, -22.558279900000002], [17.273329500000003, -22.558350800000003], [17.2777485, -22.5589766], [17.2802967, -22.5591797], [17.281323800000003, -22.559305000000002], [17.2841194, -22.5592839], [17.2876727, -22.5590085], [17.2891817, -22.5588915], [17.294879100000003, -22.5579125], [17.3010644, -22.5569327], [17.3037326, -22.55621], [17.3056042, -22.555863600000002], [17.3109314, -22.5553154], [17.3127693, -22.555060400000002], [17.313795300000002, -22.554690500000003], [17.3183398, -22.552508200000002], [17.3208016, -22.551185], [17.3235917, -22.5489412], [17.324914800000002, -22.547764700000002], [17.3262141, -22.546741500000003], [17.3274136, -22.545972000000003], [17.3353466, -22.5418877], [17.3366103, -22.541357700000002], [17.340770900000003, -22.539976000000003], [17.3458416, -22.53827], [17.3471005, -22.5378361], [17.3491286, -22.537011500000002], [17.353306500000002, -22.534518600000002], [17.354631400000002, -22.533836700000002], [17.3550903, -22.533600500000002], [17.3557215, -22.5333182], [17.3570931, -22.5327486], [17.3602484, -22.5317383], [17.3615575, -22.531206100000002], [17.3620752, -22.5309756], [17.3653657, -22.529157], [17.366931100000002, -22.5282342], [17.368655500000003, -22.5273757], [17.369857200000002, -22.526858], [17.3706254, -22.5265637], [17.3716079, -22.5262086], [17.373001900000002, -22.525544800000002], [17.3753666, -22.5240985], [17.376683800000002, -22.523388800000003], [17.3774894, -22.522983200000002], [17.382208600000002, -22.5212119], [17.3862837, -22.519399800000002], [17.3872947, -22.518971], [17.3926646, -22.5169472], [17.393996700000002, -22.516478900000003], [17.395644, -22.5158592], [17.3965792, -22.5155572], [17.397809900000002, -22.5152012], [17.4002607, -22.514582200000003], [17.4036779, -22.5138481], [17.406448400000002, -22.513378600000003], [17.408829400000002, -22.513019800000002], [17.4122716, -22.512638300000003], [17.4221989, -22.511763000000002], [17.4280207, -22.511148900000002], [17.4300553, -22.510877500000003], [17.4310523, -22.5107386], [17.4339489, -22.5102368], [17.435278200000003, -22.5099786], [17.4359924, -22.5098275], [17.446157, -22.5077597], [17.4500105, -22.5069754], [17.4512952, -22.5067576], [17.459304200000002, -22.505075], [17.4610549, -22.5046944], [17.464497, -22.5040234], [17.467873100000002, -22.503372600000002], [17.469915, -22.5029642], [17.472682600000002, -22.502420200000003], [17.474883000000002, -22.5019876], [17.4750488, -22.5019503], [17.476387300000003, -22.5016496], [17.478436300000002, -22.5007632], [17.4794008, -22.500217000000003], [17.4800921, -22.4997569], [17.4804365, -22.4994336], [17.481464900000002, -22.4985517], [17.487539700000003, -22.4922413], [17.4881569, -22.491704300000002], [17.4888036, -22.491194500000002], [17.4894871, -22.490732400000002], [17.4902295, -22.490311100000003], [17.4909013, -22.489952300000002], [17.491440400000002, -22.489720300000002], [17.4919796, -22.4895034], [17.494803, -22.488785800000002], [17.495315400000003, -22.4886649], [17.4993407, -22.4875222], [17.499667000000002, -22.4874213], [17.5098403, -22.484434], [17.5170822, -22.4822679], [17.520789, -22.481172500000003], [17.5225486, -22.480567800000003], [17.5242866, -22.479883700000002], [17.5328378, -22.4763787], [17.5334413, -22.4761083], [17.5340965, -22.4757849], [17.5346017, -22.4754907], [17.538180500000003, -22.4733109], [17.5434161, -22.4701433], [17.5486733, -22.466960800000003], [17.5537856, -22.4634956], [17.561366200000002, -22.458228100000003], [17.563355700000002, -22.456877300000002], [17.563854000000003, -22.456558100000002], [17.5642837, -22.4563171], [17.5711716, -22.452822], [17.5730921, -22.4518552], [17.5746529, -22.451144900000003], [17.575076900000003, -22.4509727], [17.579434000000003, -22.4494545], [17.5817395, -22.448662300000002], [17.582433700000003, -22.4483652], [17.5866812, -22.446281000000003], [17.5878698, -22.4457175], [17.5885955, -22.445352200000002], [17.5893437, -22.4449422], [17.5907035, -22.444130700000002], [17.590913200000003, -22.4439755], [17.5918275, -22.4432702], [17.592538100000002, -22.4427573], [17.593144300000002, -22.442365600000002], [17.594747100000003, -22.4414082], [17.5959429, -22.4407348], [17.596218200000003, -22.4405888], [17.5965263, -22.440411], [17.596880600000002, -22.440236900000002], [17.5972684, -22.4400923], [17.5976247, -22.439977600000002], [17.5979613, -22.4398562], [17.5985353, -22.4396752], [17.599771200000003, -22.4392731], [17.601196, -22.4386975], [17.602517900000002, -22.438031000000002], [17.603461900000003, -22.437506600000003], [17.617638200000002, -22.4291863], [17.6239308, -22.425483500000002], [17.6338012, -22.4196753], [17.6348097, -22.419075300000003], [17.635829, -22.4184951], [17.6368268, -22.417900000000003], [17.641665500000002, -22.415053500000003], [17.6434572, -22.4140121], [17.6447393, -22.4133029], [17.6460106, -22.412732600000002], [17.6472146, -22.4123088], [17.648092000000002, -22.4120582], [17.6516647, -22.4112796], [17.6576139, -22.4100447], [17.662329200000002, -22.4090628], [17.6670123, -22.408090700000002], [17.6760889, -22.4062062], [17.680772100000002, -22.4052292], [17.6853211, -22.4042621], [17.6950307, -22.402248500000002], [17.702498000000002, -22.400730900000003], [17.706971900000003, -22.4000911], [17.7168371, -22.3986428], [17.7207477, -22.3980973], [17.7234567, -22.39776], [17.7367966, -22.396288300000002], [17.7422183, -22.3956902], [17.7522744, -22.3945808], [17.7543359, -22.3943659], [17.7544229, -22.3943568], [17.7656908, -22.3931821], [17.773437, -22.3923984], [17.7768273, -22.392071100000003], [17.7780987, -22.391952], [17.778755200000003, -22.3919156], [17.779421000000003, -22.3918891], [17.7994652, -22.3916396], [17.8050335, -22.391570100000003], [17.806052700000002, -22.3915751], [17.8098561, -22.3915106], [17.813310700000002, -22.3914908], [17.8167923, -22.391431200000003], [17.827682, -22.391282500000003], [17.8440912, -22.391084900000003], [17.844161500000002, -22.3910841], [17.879153600000002, -22.3906327], [17.885644600000003, -22.390543400000002], [17.8892119, -22.3904889], [17.8918673, -22.390454100000003], [17.892570000000003, -22.3904293], [17.8932781, -22.3903748], [17.8940184, -22.390275600000002], [17.8947963, -22.3901615], [17.909140700000002, -22.386937500000002], [17.923651500000002, -22.3836191], [17.9334469, -22.381396900000002], [17.9416491, -22.379531800000002], [17.9476358, -22.378147900000002], [17.9501786, -22.3775747], [17.980063700000002, -22.3715106], [17.9982544, -22.3678248], [18.0137308, -22.3646843], [18.0262314, -22.3621458], [18.0357649, -22.360204600000003], [18.0368113, -22.360016100000003], [18.0378545, -22.3598773], [18.038852600000002, -22.359798], [18.0397885, -22.3597483], [18.0701679, -22.3580994], [18.076430000000002, -22.3577616], [18.085235100000002, -22.3572799], [18.088922800000002, -22.3570758], [18.092524100000002, -22.356883], [18.105109300000002, -22.3562179], [18.108784, -22.3560269], [18.1101385, -22.35595], [18.1114018, -22.3558731], [18.1125578, -22.355803700000003], [18.113775500000003, -22.355754], [18.1149369, -22.3556871], [18.1166053, -22.3556002], [18.1184265, -22.355498500000003], [18.1193116, -22.355448900000003], [18.1212938, -22.355339800000003], [18.122750200000002, -22.3552554], [18.1247672, -22.355151300000003], [18.1260359, -22.3550818], [18.1279457, -22.3549776], [18.1296918, -22.3548784], [18.1311831, -22.354794000000002], [18.1323794, -22.354734500000003], [18.1335112, -22.354672500000003], [18.1344768, -22.3546179], [18.135649, -22.354560900000003], [18.1373709, -22.3544641], [18.1382695, -22.354409500000003], [18.141008, -22.354268100000002], [18.1418958, -22.3542136], [18.1432021, -22.354141600000002], [18.147788600000002, -22.3538861], [18.1501436, -22.3537596], [18.1520426, -22.3536579], [18.1539202, -22.353553700000003], [18.1552237, -22.3534793], [18.1560579, -22.3534347], [18.1573239, -22.3533677], [18.1587052, -22.3532933], [18.160588100000002, -22.3531891], [18.1613982, -22.3531568], [18.161961400000003, -22.3531444], [18.1626856, -22.353149400000003], [18.163342800000002, -22.353166700000003], [18.167033500000002, -22.3533826], [18.1760108, -22.353901], [18.178333600000002, -22.354025], [18.1805974, -22.354159000000003], [18.1814289, -22.354191200000002], [18.183899200000003, -22.3543302], [18.1862301, -22.3544616], [18.1953549, -22.3549875], [18.1988847, -22.355183500000003], [18.204344600000002, -22.3555084], [18.2055159, -22.3555536], [18.20637, -22.355572300000002], [18.2071003, -22.355563], [18.2079399, -22.3555308], [18.2099032, -22.355416700000003], [18.2121831, -22.3552927], [18.214900200000002, -22.355136400000003], [18.2203473, -22.3548307], [18.233292000000002, -22.3540977], [18.234363000000002, -22.354054400000003], [18.2428461, -22.353551200000002], [18.2434067, -22.353514], [18.244230100000003, -22.3534818], [18.2460621, -22.3533751], [18.2549724, -22.352871500000003], [18.2567534, -22.3527723], [18.257775300000002, -22.352712800000003], [18.258802600000003, -22.352653200000002], [18.2604763, -22.352554], [18.2633945, -22.3523903], [18.2653016, -22.3522836], [18.2673025, -22.352177], [18.2682198, -22.3521199], [18.270945, -22.3519636], [18.2723371, -22.3518842], [18.273316, -22.351842100000002], [18.2742763, -22.351844500000002], [18.27503, -22.351889200000002], [18.276022400000002, -22.351983500000003], [18.2769611, -22.3521125], [18.2778704, -22.3522563], [18.2786295, -22.3523779], [18.2806143, -22.3526954], [18.283087300000002, -22.353089800000003], [18.286853100000002, -22.353687700000002], [18.289940400000003, -22.354173900000003], [18.2945162, -22.354903200000003], [18.296581500000002, -22.3552207], [18.297415700000002, -22.3553497], [18.2981318, -22.3554886], [18.298848, -22.3556399], [18.3112344, -22.358807600000002], [18.320002600000002, -22.361052500000003], [18.3231749, -22.3618764], [18.323696400000003, -22.362006100000002], [18.3505723, -22.3688788], [18.353594700000002, -22.369641400000003], [18.3629608, -22.3720433], [18.373813000000002, -22.3748088], [18.3815539, -22.376778100000003], [18.3940181, -22.3799801], [18.3988903, -22.3812231], [18.3991089, -22.381274700000002], [18.3998117, -22.381454], [18.4000434, -22.381513100000003], [18.400711400000002, -22.3816835], [18.4010515, -22.381770200000002], [18.401216, -22.381812200000002], [18.4063476, -22.3831212], [18.406469, -22.3831522], [18.4125912, -22.3847099], [18.420149600000002, -22.386635300000002], [18.4359545, -22.3906792], [18.437097100000003, -22.3909793], [18.4376831, -22.391138100000003], [18.438564200000002, -22.3914058], [18.440235700000002, -22.391946500000003], [18.4612664, -22.398838700000002], [18.4729663, -22.402659500000002], [18.475023500000002, -22.4033266], [18.476372700000002, -22.403782900000003], [18.4774026, -22.4041375], [18.478727600000003, -22.404650800000002], [18.4816459, -22.4058262], [18.4831211, -22.4064163], [18.486152, -22.4076388], [18.4864846, -22.407740500000003], [18.4868038, -22.4078558], [18.4872155, -22.4080207], [18.487771900000002, -22.4082322], [18.488260200000003, -22.4084261], [18.4887403, -22.4086158], [18.4892365, -22.4088105], [18.4895776, -22.408964], [18.4900305, -22.4091241], [18.4911199, -22.409504100000003], [18.4925365, -22.409895900000002], [18.492639500000003, -22.4099141], [18.492752900000003, -22.4099176], [18.4929561, -22.4099542], [18.493128600000002, -22.409988000000002], [18.4934154, -22.4100441], [18.4939353, -22.410139800000003], [18.4943072, -22.4102003], [18.4947364, -22.410273500000002], [18.49512, -22.4103466], [18.4958375, -22.4104868], [18.4964704, -22.4105971], [18.496742400000002, -22.4106416], [18.4980465, -22.410854800000003], [18.4980851, -22.4108611], [18.4986471, -22.410951700000002], [18.4994383, -22.4110769], [18.4996502, -22.4111128], [18.500375700000003, -22.411224400000002], [18.5009275, -22.4113173], [18.501993300000002, -22.4114967], [18.502157800000003, -22.4115226], [18.502547, -22.411575300000003], [18.5036346, -22.4117637], [18.504244800000002, -22.4118518], [18.5049114, -22.4119336], [18.5057133, -22.4120005], [18.506307500000002, -22.412029], [18.5068345, -22.4120476], [18.5077813, -22.4120278], [18.508764900000003, -22.4119573], [18.509573, -22.411861700000003], [18.510501100000003, -22.411703000000003], [18.511287, -22.4115368], [18.5121372, -22.4113162], [18.5128373, -22.411102900000003], [18.513451500000002, -22.4108996], [18.5140014, -22.4106764], [18.514559300000002, -22.4104384], [18.5150984, -22.410207800000002], [18.5167131, -22.409498600000003], [18.538824700000003, -22.399691200000003], [18.5435969, -22.3975808], [18.5443237, -22.397256000000002], [18.545005, -22.396946], [18.5454744, -22.3967278], [18.5460296, -22.3964451], [18.546727, -22.3960557], [18.547217800000002, -22.3957333], [18.547899100000002, -22.3952671], [18.548365800000003, -22.3949274], [18.5489666, -22.3944438], [18.549487000000003, -22.393992400000002], [18.550248800000002, -22.3932964], [18.552166500000002, -22.3915174], [18.552832900000002, -22.3909008], [18.5550631, -22.388875900000002], [18.555185700000003, -22.388761300000002], [18.5573002, -22.38678], [18.558088400000003, -22.3860604], [18.558838100000003, -22.3853753], [18.559474100000003, -22.3848218], [18.5601193, -22.3842782], [18.5606611, -22.3838839], [18.561299400000003, -22.3834647], [18.561940500000002, -22.3830753], [18.5627478, -22.382638800000002], [18.563413, -22.382306500000002], [18.5642526, -22.381929500000002], [18.5650143, -22.381664100000002], [18.5658776, -22.3813599], [18.5666209, -22.381160700000002], [18.5674819, -22.380959800000003], [18.568366700000002, -22.380804400000002], [18.5692334, -22.3806869], [18.5699937, -22.3806155], [18.570665700000003, -22.3805629], [18.571518700000002, -22.380565400000002], [18.572267, -22.3805853], [18.573149400000002, -22.3806572], [18.573871, -22.3807341], [18.574584400000003, -22.3808358], [18.575314000000002, -22.3809821], [18.576145500000003, -22.3811855], [18.5776019, -22.3815451], [18.6017028, -22.3876873], [18.6024923, -22.3878658], [18.602962400000003, -22.3879616], [18.6034294, -22.388049600000002], [18.6039475, -22.3881164], [18.605997600000002, -22.388348500000003], [18.612739700000002, -22.3891361], [18.613859400000003, -22.389271700000002], [18.614760500000003, -22.389378], [18.616471, -22.3895585], [18.6185076, -22.389754800000002], [18.6187617, -22.389785200000002], [18.6502306, -22.393408], [18.6775914, -22.3965518], [18.7152204, -22.400894100000002], [18.716804500000002, -22.4010438], [18.7183381, -22.4011657], [18.7299909, -22.401945], [18.731185200000002, -22.402024700000002], [18.731973800000002, -22.4020991], [18.7326953, -22.402185900000003], [18.7339774, -22.4023867], [18.741230100000003, -22.4035398], [18.7419355, -22.4036514], [18.743290000000002, -22.4038721], [18.744805500000002, -22.404115100000002], [18.7459561, -22.404303600000002], [18.7474141, -22.4045373], [18.748177000000002, -22.4046458], [18.7489092, -22.4047351], [18.7504756, -22.404933500000002], [18.7524766, -22.4051641], [18.8227535, -22.4132056], [18.87169, -22.4187623], [18.8732484, -22.4189383], [18.874739700000003, -22.4191094], [18.8753137, -22.4191863], [18.875936000000003, -22.419278000000002], [18.877338700000003, -22.4194938], [18.8933793, -22.422124500000002], [18.8962885, -22.422598], [18.8990325, -22.423051700000002], [18.902065, -22.4235431], [18.91522, -22.4256905], [18.9201924, -22.426508000000002], [18.920946100000002, -22.4266255], [18.9217634, -22.4267326], [18.9226473, -22.4267924], [18.923260900000002, -22.426810500000002], [18.923907, -22.4268144], [18.930575100000002, -22.4267816], [18.9364627, -22.426753400000003], [18.938600400000002, -22.4267262], [18.939096600000003, -22.4267311], [18.9400041, -22.4267211], [18.9401464, -22.4267214], [18.9416501, -22.4267311], [18.9425674, -22.426783200000003], [18.943128, -22.4268402], [18.9436377, -22.4269071], [18.944158, -22.4269865], [18.9446595, -22.427072000000003], [18.9451289, -22.427167500000003], [18.9455755, -22.4272691], [18.9458907, -22.4273497], [18.946179, -22.427420400000003], [18.946382800000002, -22.427465], [18.9465867, -22.4275196], [18.9469542, -22.4276249], [18.9473619, -22.427753900000003], [18.947725300000002, -22.4278902], [18.948082, -22.4280353], [18.9485058, -22.4282249], [18.9488223, -22.4283997], [18.9490771, -22.428501400000002], [18.9496365, -22.428754400000003], [18.950352000000002, -22.4290613], [18.9519853, -22.429768000000003], [18.952397700000002, -22.4299642], [18.9529898, -22.430281500000003], [18.95337, -22.430518300000003], [18.9537415, -22.430755], [18.9541264, -22.4310377], [18.9543919, -22.431250900000002], [18.9547111, -22.4315187], [18.9550048, -22.431783900000003], [18.9554541, -22.432229000000003], [18.9556915, -22.4324955], [18.955965000000003, -22.4328153], [18.956241300000002, -22.433172300000003], [18.9565015, -22.4335343], [18.9566731, -22.433794600000002], [18.956877000000002, -22.4341194], [18.957052700000002, -22.434433000000002], [18.957528800000002, -22.4353434], [18.9590779, -22.438252700000003], [18.9593902, -22.438862], [18.9600031, -22.4400297], [18.960319600000002, -22.440647000000002], [18.9606758, -22.441344800000003], [18.9607347, -22.4414553], [18.960994200000002, -22.4419262], [18.9614233, -22.442668700000002], [18.9617197, -22.4432674], [18.9620675, -22.443910600000002], [18.9622682, -22.444193300000002], [18.962519, -22.4445267], [18.9627555, -22.444827], [18.9630058, -22.4450979], [18.9632858, -22.445384200000003], [18.9635839, -22.445649600000003], [18.9637756, -22.4458084], [18.9640357, -22.445970000000003], [18.964835700000002, -22.4464997], [18.965077100000002, -22.4466529], [18.965995200000002, -22.447247500000003], [18.966354600000003, -22.447504000000002], [18.9665544, -22.4476862], [18.966675000000002, -22.4478259], [18.9668669, -22.4480255], [18.9669795, -22.4481672], [18.967104300000003, -22.448338200000002], [18.9672464, -22.448578700000002], [18.967344800000003, -22.448782], [18.9673819, -22.448887000000003], [18.9674061, -22.4489686], [18.9679033, -22.450597600000002], [18.968669300000002, -22.4504094], [18.9692259, -22.4502743], [18.9694767, -22.4502296], [18.969693900000003, -22.4502011], [18.970000900000002, -22.450181800000003], [18.973396400000002, -22.4500335], [18.973952800000003, -22.4500084], [18.9745955, -22.4499847], [18.9753574, -22.4499594], [18.975749, -22.449948300000003], [18.9759979, -22.4499408], [18.977995, -22.4498527], [18.9783666, -22.4498445], [18.9789974, -22.449831500000002], [18.9800411, -22.4498304], [18.980373800000002, -22.4498342], [18.980813, -22.4498479], [18.982522900000003, -22.449837900000002], [18.9827482, -22.449836700000002], [18.9830352, -22.4498095], [18.983444300000002, -22.4497946], [18.983735300000003, -22.4497921], [18.984054500000003, -22.4498138], [18.9841282, -22.4498095], [18.9883138, -22.449740000000002], [18.9897005, -22.449721500000003], [18.9909129, -22.4496855], [18.9914533, -22.449645800000003], [18.9918275, -22.4496], [18.9921118, -22.4495529], [18.9922164, -22.449532400000002], [18.9924216, -22.449484700000003], [18.992628200000002, -22.4494314], [18.9928196, -22.4493706], [18.9930998, -22.4492839], [18.993332600000002, -22.449200700000002], [18.9936541, -22.449067000000003], [18.9939693, -22.4489257], [18.994265600000002, -22.448777], [18.994545900000002, -22.4486183], [18.9948048, -22.448454700000003], [18.9950784, -22.4482737], [18.9955129, -22.4479763], [18.99604, -22.447585200000002], [18.997291200000003, -22.4467541], [18.999471800000002, -22.4452593], [19.0023002, -22.4433095], [19.0036896, -22.4423663], [19.003895, -22.4422235], [19.0060298, -22.4407387], [19.0066481, -22.4403173], [19.0079865, -22.439405], [19.009392300000002, -22.4384492], [19.0102045, -22.4378849], [19.0124087, -22.436371100000002], [19.012500600000003, -22.436308500000003], [19.012833200000003, -22.436063100000002], [19.013164800000002, -22.4358453], [19.016816300000002, -22.4333384], [19.017422500000002, -22.432961600000002], [19.017969700000002, -22.4326492], [19.018406900000002, -22.432421100000003], [19.0189835, -22.4321509], [19.019630000000003, -22.4318682], [19.0228942, -22.430484800000002], [19.024605100000002, -22.4297641], [19.029629200000002, -22.4276237], [19.034620800000003, -22.4255038], [19.0355287, -22.4251146], [19.035778200000003, -22.425003], [19.045183400000003, -22.4209938], [19.048473100000002, -22.4196028], [19.0493327, -22.4192284], [19.055731100000003, -22.4165059], [19.0589806, -22.4151124], [19.0628572, -22.413468100000003], [19.0637684, -22.4130816], [19.0798241, -22.406222900000003], [19.0805054, -22.405947700000002], [19.0811679, -22.405682300000002], [19.081900100000002, -22.405412000000002], [19.082659200000002, -22.4051566], [19.083431700000002, -22.404906200000003], [19.0917385, -22.4021958], [19.092619600000003, -22.401920500000003], [19.0936455, -22.4015796], [19.0999769, -22.399531200000002], [19.100685000000002, -22.399294400000002], [19.1014266, -22.3990526], [19.1035858, -22.3983533], [19.105405700000002, -22.397765600000003], [19.1076574, -22.3970452], [19.1088369, -22.3966935], [19.1100017, -22.396322400000003], [19.110097500000002, -22.3962928], [19.110935, -22.396034], [19.113019100000002, -22.3953837], [19.1151307, -22.394752200000003], [19.1326018, -22.3894379], [19.140144300000003, -22.387142700000002], [19.141311, -22.3867955], [19.1427863, -22.3863391], [19.144865000000003, -22.3856968], [19.1468418, -22.3850917], [19.147633000000003, -22.384866000000002], [19.148373300000003, -22.3846428], [19.149888800000003, -22.3841715], [19.1529706, -22.383246500000002], [19.154789100000002, -22.382683500000002], [19.1557467, -22.3823958], [19.1571468, -22.381964200000002], [19.1607866, -22.380853100000003], [19.1615322, -22.3806125], [19.1620713, -22.3804315], [19.162648, -22.3802132], [19.1631791, -22.3799776], [19.165424100000003, -22.378995500000002], [19.1699892, -22.3770361], [19.1706517, -22.376738500000002], [19.1716737, -22.376304400000002], [19.1727519, -22.3758357], [19.173701400000002, -22.3754363], [19.1744524, -22.375146100000002], [19.1751605, -22.374913000000003], [19.1757935, -22.3747419], [19.1763863, -22.3745955], [19.178360400000003, -22.374114300000002], [19.1791409, -22.373923400000002], [19.1797793, -22.373784500000003], [19.1821665, -22.373214], [19.183706, -22.3728544], [19.184473200000003, -22.3726708], [19.1856882, -22.3723806], [19.192817100000003, -22.370699600000002], [19.196581700000003, -22.3697991], [19.200571800000002, -22.3688486], [19.2026746, -22.3683376], [19.204233000000002, -22.3679929], [19.205263000000002, -22.3677399], [19.206132, -22.367534000000003], [19.209452600000002, -22.3667452], [19.2104906, -22.3664972], [19.211979200000002, -22.366145000000003], [19.213339100000002, -22.365817500000002], [19.2149001, -22.365457900000003], [19.218715500000002, -22.3645511], [19.220084800000002, -22.364235], [19.221037000000003, -22.364006800000002], [19.221723700000002, -22.3638555], [19.222509600000002, -22.363699200000003], [19.2235798, -22.3634834], [19.233166, -22.3616776], [19.237369, -22.360891300000002], [19.239300200000002, -22.3605291], [19.241159, -22.3601819], [19.2466146, -22.359147500000002], [19.2508176, -22.3583611], [19.25446, -22.3576765], [19.2552781, -22.357515300000003], [19.2562196, -22.3572995], [19.2570698, -22.357083600000003], [19.2578718, -22.356877800000003], [19.2586045, -22.356655800000002], [19.2599425, -22.3562353], [19.260768600000002, -22.3559401], [19.261844200000002, -22.355543200000003], [19.263306, -22.3549627], [19.264110600000002, -22.3546006], [19.264960900000002, -22.3541987], [19.2657253, -22.3538043], [19.2666855, -22.3532908], [19.2676377, -22.3527425], [19.268969000000002, -22.351921], [19.270164400000002, -22.3511078], [19.27102, -22.3505], [19.2754805, -22.3472602], [19.2760062, -22.3468732], [19.276548000000002, -22.346478700000002], [19.277299000000003, -22.3459702], [19.2780232, -22.3454963], [19.2787206, -22.3450622], [19.2794341, -22.344655300000003], [19.2800537, -22.344325400000002], [19.2806438, -22.3440227], [19.2814243, -22.343660500000002], [19.2823604, -22.3432636], [19.283280400000002, -22.3429064], [19.2846376, -22.3424251], [19.2857936, -22.342070300000003], [19.286912100000002, -22.341772600000002], [19.288014500000003, -22.3415369], [19.2891893, -22.3413186], [19.290460600000003, -22.3411499], [19.2919546, -22.341013500000003], [19.2934041, -22.340912600000003], [19.2935586, -22.3409018], [19.294264700000003, -22.3409109], [19.2999154, -22.3408596], [19.3017286, -22.3408348], [19.312664, -22.340753000000003], [19.3145898, -22.340738100000003], [19.325047700000002, -22.340658700000002], [19.3265578, -22.340624000000002], [19.3275556, -22.340628900000002], [19.329191700000003, -22.3406041], [19.3402371, -22.3405148], [19.3417606, -22.3404825], [19.3439653, -22.3404825], [19.3459341, -22.3404677], [19.3576902, -22.3403585], [19.3844318, -22.3401278], [19.3935701, -22.340043400000003], [19.4118011, -22.3398772], [19.4149688, -22.3398474], [19.4285247, -22.339718400000002], [19.4311076, -22.339683700000002], [19.4410291, -22.3395869], [19.4466591, -22.3395249], [19.451677500000002, -22.339485200000002], [19.4619289, -22.339391000000003], [19.4676259, -22.339331400000003], [19.472507500000003, -22.3392892], [19.474656, -22.339269400000003], [19.4770968, -22.339252000000002], [19.477818300000003, -22.3392297], [19.478397700000002, -22.339207400000003], [19.4791272, -22.339192500000003], [19.4797388, -22.339162700000003], [19.480948400000003, -22.3390957], [19.481723600000002, -22.339021300000002], [19.483408, -22.3388774], [19.5187166, -22.3358531], [19.5243922, -22.3353594], [19.544785, -22.333602900000002], [19.5573565, -22.332526100000003], [19.559792, -22.332312700000003], [19.5628417, -22.3320522], [19.567095600000002, -22.331685], [19.5692334, -22.3314866], [19.5702955, -22.331399700000002], [19.5717037, -22.331280600000003], [19.575322, -22.3309755], [19.576944700000002, -22.330834000000003], [19.5778593, -22.330764600000002], [19.578881300000003, -22.3307174], [19.5798925, -22.3306802], [19.580756100000002, -22.3306678], [19.5921153, -22.3306976], [19.6033779, -22.3307298], [19.6080396, -22.3307472], [19.6107808, -22.3307547], [19.6131089, -22.330752200000003], [19.615777700000002, -22.3307621], [19.618535, -22.330764600000002], [19.619634700000002, -22.330772], [19.621606200000002, -22.330777], [19.626310800000002, -22.330777], [19.6270779, -22.330757100000003], [19.6277109, -22.3307298], [19.628848100000003, -22.3306827], [19.6298861, -22.3305909], [19.6308839, -22.3305016], [19.6318737, -22.3303751], [19.6329251, -22.330231100000002], [19.633598300000003, -22.3301306], [19.634598800000003, -22.329962000000002], [19.634757, -22.329926], [19.6358031, -22.3297275], [19.6366614, -22.3295439], [19.637551900000002, -22.329340400000003], [19.638970800000003, -22.3289832], [19.639880100000003, -22.328717700000002], [19.6407169, -22.3284671], [19.6415806, -22.3281917], [19.642543500000002, -22.3278716], [19.6432489, -22.3276086], [19.6441367, -22.3272662], [19.6452364, -22.326827100000003], [19.6480447, -22.3256833], [19.6497318, -22.324983600000003], [19.652816400000003, -22.3237132], [19.6549728, -22.3228225], [19.656917500000002, -22.322031000000003], [19.6581513, -22.3215174], [19.6615925, -22.3201006], [19.664492000000003, -22.3189046], [19.6678877, -22.317507600000003], [19.6702024, -22.3165672], [19.6722597, -22.315711200000003], [19.6796492, -22.3126839], [19.6801749, -22.3124705], [19.680799800000003, -22.3122422], [19.681438200000002, -22.312021400000003], [19.682194600000003, -22.311758400000002], [19.682951000000003, -22.311515200000002], [19.6837905, -22.3112497], [19.684568300000002, -22.3110338], [19.685461500000002, -22.310798100000003], [19.686309100000003, -22.3105747], [19.6873149, -22.3103489], [19.6883959, -22.3101157], [19.6894446, -22.309912200000003], [19.6906275, -22.3097236], [19.6917808, -22.3095623], [19.693433000000002, -22.309376200000003], [19.694570300000002, -22.3092794], [19.6959355, -22.309192600000003], [19.6969333, -22.309145400000002], [19.6978426, -22.309128100000002], [19.7061828, -22.309144800000002], [19.717127700000002, -22.309160300000002], [19.7282857, -22.3091802], [19.7495368, -22.3092447], [19.756051900000003, -22.3092472], [19.7702327, -22.3092596], [19.7921625, -22.3092943], [19.7982725, -22.3093092], [19.8014429, -22.309314200000003], [19.8038837, -22.309314200000003], [19.8086956, -22.3093216], [19.815449400000002, -22.309326600000002], [19.8172438, -22.309358800000002], [19.819499500000003, -22.3093539], [19.821275200000002, -22.3093638], [19.8313844, -22.309373700000002], [19.8373952, -22.309376200000003], [19.843406100000003, -22.3093812], [19.8491943, -22.3093861], [19.85237, -22.3093861], [19.854526500000002, -22.3093861], [19.8578954, -22.3093861], [19.859357900000003, -22.3093547], [19.861072500000002, -22.309276800000003], [19.8628192, -22.3091252], [19.8638035, -22.3090107], [19.865098200000002, -22.3088178], [19.866054600000002, -22.308641700000003], [19.8669881, -22.3084531], [19.8743588, -22.306959300000003], [19.8876142, -22.3042842], [19.891170900000002, -22.3035745], [19.9059713, -22.300551900000002], [19.9087903, -22.299974300000002], [19.9101368, -22.299702], [19.9111493, -22.299497900000002], [19.912277200000002, -22.2992646], [19.913499700000003, -22.299015500000003], [19.914367300000002, -22.2988384], [19.9146489, -22.2987869], [19.9148098, -22.298759], [19.9149862, -22.298728], [19.915169300000002, -22.2987013], [19.91541, -22.2986672], [19.915636600000003, -22.298633600000002], [19.9159417, -22.2985946], [19.916452, -22.298525100000003], [19.921595800000002, -22.2980132], [19.9233735, -22.2978358], [19.9255011, -22.2976242], [19.9265663, -22.2975213], [19.928768700000003, -22.2973004], [19.929006100000002, -22.2972812], [19.929674000000002, -22.297215400000002], [19.9309453, -22.2970925], [19.932452400000003, -22.2969446], [19.9354404, -22.2966455], [19.9373846, -22.2964492], [19.9385279, -22.296347400000002], [19.939706100000002, -22.296228300000003], [19.9408253, -22.2961138], [19.9416051, -22.2960366], [19.942331300000003, -22.295952200000002], [19.9427826, -22.295897], [19.943199, -22.295834300000003], [19.9437475, -22.2957481], [19.944056, -22.295696600000003], [19.9443346, -22.295648800000002], [19.944723800000002, -22.295575000000003], [19.9450571, -22.2955055], [19.945447700000003, -22.2954146], [19.9458987, -22.295309500000002], [19.9461669, -22.2952443], [19.946634900000003, -22.2951184], [19.949021400000003, -22.294478100000003], [19.9501852, -22.294157000000002], [19.952281300000003, -22.293590000000002], [19.9542755, -22.2930412], [19.9551516, -22.292803600000003], [19.9560877, -22.2925541], [19.957038500000003, -22.2922951], [19.9576689, -22.2921267], [19.9590254, -22.2917656], [19.962892500000002, -22.2907121], [19.965055, -22.290126400000002], [19.9678173, -22.2893669], [19.969298900000002, -22.2889717], [19.9705109, -22.288643800000003], [19.974153700000002, -22.287653900000002], [19.9785556, -22.286456100000002], [19.980880000000003, -22.285823800000003], [19.9818456, -22.285571], [19.983996700000002, -22.284985300000002], [19.986324200000002, -22.284353000000003], [19.987316, -22.284078700000002], [19.9879614, -22.2839022], [19.9891466, -22.2835867], [19.9893773, -22.283518500000003], [19.9900907, -22.2833143], [19.9909812, -22.2830829], [19.9918954, -22.282828700000003], [19.995341200000002, -22.2818587], [19.99663, -22.281512300000003], [19.9967314, -22.2814836], [19.9970256, -22.28142], [19.9971271, -22.2812793], [19.9971636, -22.2812208], [19.9972549, -22.281142000000003], [19.997386300000002, -22.2810849], [19.9975647, -22.2810303], [19.997732300000003, -22.2809844], [19.9978892, -22.280960800000003], [19.998003200000003, -22.2809683], [19.998119900000003, -22.281016700000002], [19.9982742, -22.2811495], [19.9983627, -22.281096100000003], [19.9986295, -22.281021600000003], [19.999094, -22.2808943], [19.9991825, -22.280884], [19.9997669, -22.2808414], [20.0034803, -22.280828200000002], [20.003744, -22.280812100000002], [20.0038535, -22.280795400000002], [20.0039534, -22.280774100000002], [20.0040511, -22.280730100000003], [20.0042633, -22.2806101], [20.004341800000002, -22.280579000000003], [20.0044258, -22.2805699], [20.0054374, -22.2805766], [20.005522000000003, -22.2805766], [20.0060894, -22.2805709], [20.0061892, -22.2805867], [20.0062938, -22.280629700000002], [20.0064697, -22.280715800000003], [20.006616, -22.280784500000003], [20.0067096, -22.280809700000002], [20.0067996, -22.280826100000002], [20.0070166, -22.2808487], [20.0078761, -22.280824900000002], [20.0085483, -22.2808119], [20.0091733, -22.280790800000002], [20.0097208, -22.280760200000003], [20.009904000000002, -22.2807466], [20.0105483, -22.280708], [20.0116155, -22.280610900000003], [20.0127326, -22.2804942], [20.014497600000002, -22.280313200000002], [20.0149669, -22.280251], [20.0157241, -22.280166700000002], [20.016171200000002, -22.280109500000002], [20.016836400000003, -22.280048700000002], [20.0175753, -22.279976700000002], [20.019182, -22.2798067], [20.0218776, -22.2795089], [20.0225911, -22.279432], [20.024524900000003, -22.2792111], [20.026232800000002, -22.279032700000002], [20.0276819, -22.278888400000003], [20.0288264, -22.2787584], [20.0294154, -22.2786961], [20.030084600000002, -22.2786253], [20.0308704, -22.2785262], [20.031229500000002, -22.2784809], [20.031785600000003, -22.2784115], [20.032505800000003, -22.2783215], [20.0327845, -22.278286700000002], [20.032992500000002, -22.278261], [20.0332666, -22.2782263], [20.034087, -22.2781217], [20.0355296, -22.2779466], [20.0380132, -22.2776439], [20.0404738, -22.2773323], [20.042449100000002, -22.2770827], [20.0434975, -22.276941], [20.044135800000003, -22.2768474], [20.0444618, -22.276798600000003], [20.0447205, -22.276755100000003], [20.045761300000002, -22.276583900000002], [20.0469039, -22.2763791], [20.0476603, -22.2762302], [20.0481512, -22.2761321], [20.049067100000002, -22.2759249], [20.0502712, -22.2756286], [20.050948700000003, -22.275464500000002], [20.051632400000003, -22.275288800000002], [20.0530176, -22.2748926], [20.0536618, -22.2747025], [20.054370900000002, -22.274489600000003], [20.0552201, -22.2742048], [20.0561696, -22.2739045], [20.0574142, -22.2735024], [20.0579077, -22.273338600000002], [20.058189300000002, -22.2732443], [20.0583971, -22.2731798], [20.058949000000002, -22.2730307], [20.059759500000002, -22.2728085], [20.0602227, -22.2726875], [20.061121200000002, -22.2724839], [20.061590900000002, -22.272375800000002], [20.0620951, -22.272278], [20.0628646, -22.2721367], [20.06364, -22.2719986], [20.0643061, -22.2718937], [20.0651094, -22.2717929], [20.066660600000002, -22.271593300000003], [20.0678765, -22.2714396], [20.0683165, -22.271384100000002], [20.0697008, -22.2712252], [20.0700325, -22.2711833], [20.0701307, -22.2711665], [20.070278400000003, -22.2711343], [20.070384, -22.271119600000002], [20.0704524, -22.2711109], [20.0706086, -22.2710873], [20.070721300000002, -22.2710693], [20.0708245, -22.2710551], [20.071108900000002, -22.271016000000003], [20.0713148, -22.270984300000002], [20.0715347, -22.270955800000003], [20.071751900000002, -22.270926000000003], [20.0719558, -22.2709024], [20.0721703, -22.270878800000002], [20.072422500000002, -22.2708453], [20.0726954, -22.270819300000003], [20.0727853, -22.2708087], [20.072916000000003, -22.270791900000003], [20.073024, -22.2707759], [20.0737039, -22.270691000000003], [20.0738056, -22.2706804], [20.0741346, -22.2706686], [20.0749241, -22.2705725], [20.0756026, -22.2704966], [20.0761137, -22.27043], [20.080108300000003, -22.269928200000003], [20.081159800000002, -22.269814], [20.081959100000002, -22.2697445], [20.082792100000002, -22.2696933], [20.0837293, -22.2696651], [20.0844473, -22.2696553], [20.085389600000003, -22.2696538], [20.085813400000003, -22.269657600000002], [20.086158, -22.2696788], [20.0865912, -22.269704800000003], [20.0872967, -22.2697627], [20.0892886, -22.2699444], [20.0901085, -22.2699955], [20.0909669, -22.2700356], [20.091681100000002, -22.2700472], [20.092461200000002, -22.2700497], [20.093170500000003, -22.2700505], [20.093650800000002, -22.2700448], [20.0941088, -22.2700381], [20.094487700000002, -22.270020000000002], [20.0949049, -22.269996300000003], [20.0959566, -22.2699241], [20.096801600000003, -22.2698441], [20.097388900000002, -22.269776500000003], [20.0981907, -22.269679], [20.09859, -22.269623900000003], [20.0990152, -22.2695633], [20.0995288, -22.269477900000002], [20.1002858, -22.2693395], [20.1007238, -22.2692549], [20.101184800000002, -22.2691565], [20.1016817, -22.2690582], [20.1020381, -22.268977500000002], [20.1023579, -22.268905500000002], [20.1029594, -22.268754100000002], [20.1036474, -22.268572900000002], [20.1042737, -22.2683855], [20.1048718, -22.268210500000002], [20.105417300000003, -22.268029600000002], [20.1060406, -22.2678289], [20.107035, -22.2674907], [20.1085317, -22.2669852], [20.109801100000002, -22.266567300000002], [20.1112904, -22.2660535], [20.111914000000002, -22.265845000000002], [20.112592600000003, -22.2656241], [20.115007900000002, -22.2648031], [20.1157794, -22.2645328], [20.116723200000003, -22.264217900000002], [20.1174165, -22.2639806], [20.1185571, -22.2635995], [20.1198091, -22.2631775], [20.1226401, -22.2622228], [20.123418, -22.261962800000003], [20.124289700000002, -22.261663300000002], [20.1263708, -22.260992400000003], [20.1277611, -22.2605851], [20.1286872, -22.260327500000002], [20.129669200000002, -22.2600517], [20.130697700000002, -22.259784200000002], [20.1316059, -22.2595417], [20.132408400000003, -22.2593453], [20.133816200000002, -22.2590192], [20.134792, -22.2587914], [20.135489500000002, -22.258640500000002], [20.136357, -22.258460200000002], [20.1370651, -22.2583187], [20.137690300000003, -22.2581999], [20.1387989, -22.2579959], [20.139986800000003, -22.2577921], [20.141086700000002, -22.257603200000002], [20.141698100000003, -22.257503500000002], [20.1425421, -22.257350600000002], [20.1439603, -22.257095200000002], [20.144441800000003, -22.257006800000003], [20.1451962, -22.256868400000002], [20.1459465, -22.2567232], [20.146721000000003, -22.256558700000003], [20.1474948, -22.256393600000003], [20.148493300000002, -22.2561733], [20.1502582, -22.2557538], [20.1513639, -22.255472100000002], [20.152155200000003, -22.255265400000003], [20.1528981, -22.255070500000002], [20.153968000000003, -22.254759], [20.155516000000002, -22.2543159], [20.1557472, -22.2542423], [20.1563072, -22.254063900000002], [20.1573667, -22.2537288], [20.1581119, -22.2534949], [20.1595567, -22.2529828], [20.1609313, -22.2525], [20.1637819, -22.251410800000002], [20.1655582, -22.2506841], [20.1667169, -22.250181400000002], [20.167816600000002, -22.249689800000002], [20.170594, -22.248387700000002], [20.1713048, -22.2480389], [20.173244, -22.2470335], [20.1746602, -22.2462763], [20.1753053, -22.245931300000002], [20.175742500000002, -22.2456867], [20.182118600000003, -22.2419978], [20.1835129, -22.2412031], [20.185256300000002, -22.240195200000002], [20.1867825, -22.239330000000002], [20.1875268, -22.2388967], [20.188641200000003, -22.2382773], [20.1900105, -22.2375399], [20.1915716, -22.2367355], [20.193260000000002, -22.235901300000002], [20.194445100000003, -22.2353358], [20.1958631, -22.2346848], [20.197189400000003, -22.234116200000003], [20.1983444, -22.233632200000002], [20.1993164, -22.2332286], [20.1999642, -22.232966700000002], [20.2017472, -22.2322947], [20.2027047, -22.231938200000002], [20.2035704, -22.2316322], [20.2054407, -22.2309968], [20.206917800000003, -22.2305193], [20.208270300000002, -22.2301053], [20.209236800000003, -22.2298334], [20.2117203, -22.2291382], [20.2132693, -22.228709900000002], [20.215224600000003, -22.228181000000003], [20.2183199, -22.2273642], [20.221868500000003, -22.226423800000003], [20.2227247, -22.2261886], [20.2238039, -22.225909700000003], [20.2240171, -22.2258554], [20.2252413, -22.225528100000002], [20.2256383, -22.2254228], [20.2264738, -22.225205300000002], [20.2305508, -22.224110900000003], [20.2316773, -22.2238198], [20.2326, -22.2235641], [20.2350086, -22.2228353], [20.2362055, -22.222450400000003], [20.2374303, -22.2220395], [20.2389635, -22.2214932], [20.240487, -22.220936700000003], [20.2415002, -22.2205419], [20.2430787, -22.219910900000002], [20.2439514, -22.219556800000003], [20.2440456, -22.2195174], [20.245302900000002, -22.218977900000002], [20.246401300000002, -22.218482], [20.248047800000002, -22.2177234], [20.2495696, -22.2169816], [20.2500646, -22.2167324], [20.250784300000003, -22.2163724], [20.250882400000002, -22.216317800000002], [20.250941100000002, -22.2162858], [20.2511002, -22.216210800000002], [20.2517912, -22.215856600000002], [20.2538659, -22.2147617], [20.2558413, -22.2137095], [20.257238400000002, -22.212983400000002], [20.258778300000003, -22.2121593], [20.2599686, -22.2115417], [20.261030700000003, -22.2110072], [20.262647400000002, -22.210218700000002], [20.263021600000002, -22.2100399], [20.263351500000002, -22.209879800000003], [20.264010000000003, -22.2095731], [20.264563900000002, -22.209331000000002], [20.2655429, -22.208885300000002], [20.266800800000002, -22.208342700000003], [20.267791900000002, -22.2079305], [20.2685858, -22.2076138], [20.2694294, -22.2072699], [20.269826300000002, -22.2071159], [20.2703092, -22.206937200000002], [20.271160100000003, -22.206615600000003], [20.2720056, -22.2063151], [20.272747300000002, -22.2060506], [20.273735000000002, -22.2057147], [20.2741152, -22.2055875], [20.2746047, -22.2054224], [20.275495900000003, -22.2051269], [20.276835000000002, -22.2047233], [20.2781519, -22.204325400000002], [20.2786911, -22.204165800000002], [20.2793046, -22.2040025], [20.2805545, -22.203658], [20.281801700000003, -22.2033345], [20.284050800000003, -22.202809300000002], [20.2866867, -22.202252400000003], [20.2903218, -22.201574500000003], [20.2972201, -22.2003138], [20.2983771, -22.2001217], [20.3000307, -22.199822400000002], [20.302379000000002, -22.199406500000002], [20.307227100000002, -22.1985174], [20.3108051, -22.197849400000003], [20.3123179, -22.197553900000003], [20.3143296, -22.197110600000002], [20.3160998, -22.1966822], [20.317203600000003, -22.1963891], [20.3182191, -22.196119500000002], [20.3182885, -22.1961011], [20.3203934, -22.1954938], [20.3218453, -22.1950271], [20.3220852, -22.194950000000002], [20.324247, -22.1942385], [20.3258979, -22.1936238], [20.327626600000002, -22.1929619], [20.3286713, -22.192536], [20.3297536, -22.192089000000003], [20.331375, -22.1913737], [20.3330205, -22.190617500000002], [20.335083700000002, -22.1896512], [20.335780500000002, -22.1893248], [20.3367527, -22.188889900000003], [20.336971400000003, -22.1887921], [20.3381288, -22.188289100000002], [20.3387859, -22.188006], [20.3393894, -22.187758900000002], [20.340348300000002, -22.187378900000002], [20.341495000000002, -22.1869455], [20.342779800000002, -22.1864798], [20.3437601, -22.1861371], [20.3442255, -22.185974400000003], [20.3447767, -22.185795600000002], [20.345659100000002, -22.185516200000002], [20.3474709, -22.184976000000002], [20.3484607, -22.1846904], [20.3495832, -22.1843948], [20.3504589, -22.184182500000002], [20.352730700000002, -22.1836473], [20.354460800000002, -22.1832846], [20.3564845, -22.1829077], [20.3625329, -22.1817634], [20.363538700000003, -22.1815535], [20.365031400000003, -22.181199600000003], [20.366497900000002, -22.1808388], [20.368052900000002, -22.180422200000002], [20.3695281, -22.1799925], [20.371590700000002, -22.179339300000002], [20.3724966, -22.179031900000002], [20.3747946, -22.178198000000002], [20.3754209, -22.177962], [20.3778174, -22.1769983], [20.3795904, -22.176225900000002], [20.3826883, -22.174748], [20.3846168, -22.1737445], [20.385880200000003, -22.173034100000002], [20.3870845, -22.1723411], [20.3885651, -22.171456900000003], [20.390643800000003, -22.1701292], [20.392883400000002, -22.1686513], [20.394164200000002, -22.167809300000002], [20.395858, -22.1667026], [20.397360000000003, -22.1657115], [20.4000074, -22.1639653], [20.4049024, -22.1607485], [20.4096392, -22.1576483], [20.411114400000002, -22.1567167], [20.412485, -22.1558846], [20.4129383, -22.155608800000003], [20.4134828, -22.155298300000002], [20.4148722, -22.154505800000003], [20.4155155, -22.1541444], [20.4164533, -22.153643000000002], [20.4182643, -22.152674700000002], [20.4189572, -22.152344600000003], [20.4205933, -22.151529800000002], [20.4216662, -22.151023000000002], [20.4226801, -22.1505659], [20.4245147, -22.149761], [20.4254642, -22.149361000000003], [20.4266685, -22.1488617], [20.428342200000003, -22.148220700000003], [20.4307884, -22.1473239], [20.432685900000003, -22.146679900000002], [20.444853900000002, -22.142796200000003], [20.4508902, -22.1408807], [20.4520865, -22.140484400000002], [20.4544964, -22.1396447], [20.455212600000003, -22.139385100000002], [20.4563847, -22.138949], [20.458026200000003, -22.138295600000003], [20.4597026, -22.1376062], [20.4610531, -22.137021100000002], [20.462518900000003, -22.1363701], [20.463622700000002, -22.135842200000003], [20.4654157, -22.134963900000002], [20.4661158, -22.1346111], [20.468898600000003, -22.1331552], [20.4725383, -22.131242], [20.473151, -22.130956100000002], [20.4740927, -22.130428300000002], [20.477740500000003, -22.1285139], [20.4789931, -22.127851800000002], [20.4817906, -22.126372200000002], [20.4831988, -22.125644100000002], [20.4842073, -22.1251174], [20.4869165, -22.123685000000002], [20.4877249, -22.1232818], [20.488710700000002, -22.122756900000002], [20.489172, -22.1225109], [20.4896876, -22.122250400000002], [20.4913044, -22.1214549], [20.492261900000003, -22.1209977], [20.4945123, -22.1199665], [20.4953331, -22.119613700000002], [20.4975452, -22.1186943], [20.4981574, -22.1184483], [20.499638, -22.1178718], [20.5010581, -22.117346], [20.507093, -22.115311900000002], [20.516156000000002, -22.112289200000003], [20.5239215, -22.1096992], [20.5271206, -22.1086126], [20.528723900000003, -22.1080092], [20.5303583, -22.107371200000003], [20.5307374, -22.1072178], [20.5311682, -22.1070363], [20.5323381, -22.1065542], [20.5327185, -22.106389], [20.533222000000002, -22.106175200000003], [20.536204100000003, -22.1048121], [20.5418866, -22.1020852], [20.5432078, -22.1014859], [20.544683000000003, -22.1008572], [20.545273100000003, -22.1006161], [20.5468422, -22.099984900000003], [20.5475879, -22.099709], [20.549002700000003, -22.099199600000002], [20.549816800000002, -22.098913800000002], [20.5507542, -22.0986081], [20.551227400000002, -22.0984605], [20.5526935, -22.098003000000002], [20.553844100000003, -22.097662500000002], [20.5555688, -22.097206500000002], [20.556803900000002, -22.0968921], [20.557772200000002, -22.0966634], [20.558665400000002, -22.0964634], [20.559711500000002, -22.096228800000002], [20.5611357, -22.095956400000002], [20.5623425, -22.095747600000003], [20.562676, -22.0956899], [20.5635899, -22.0955401], [20.5653924, -22.095246900000003], [20.567966000000002, -22.094834300000002], [20.5684219, -22.094759800000002], [20.568999, -22.0946643], [20.570780000000003, -22.0943696], [20.571027700000002, -22.0943286], [20.5720469, -22.094162100000002], [20.5772692, -22.0933245], [20.578524, -22.093124200000002], [20.579012600000002, -22.0930462], [20.5794283, -22.0929796], [20.582301, -22.092519300000003], [20.5839086, -22.092262400000003], [20.5863358, -22.0918746], [20.5868112, -22.0917986], [20.5876306, -22.091683], [20.588959600000003, -22.091522700000002], [20.5903463, -22.091394700000002], [20.591675300000002, -22.091320200000002], [20.592171500000003, -22.0913015], [20.592796500000002, -22.0912879], [20.593367800000003, -22.091294100000002], [20.5941383, -22.0913028], [20.5950589, -22.091323900000003], [20.5966482, -22.091427000000003], [20.597859200000002, -22.0915426], [20.598482800000003, -22.0916122], [20.5990554, -22.091690500000002], [20.5999848, -22.091822200000003], [20.6011841, -22.0920449], [20.6032692, -22.0924945], [20.6040035, -22.0926747], [20.6043635, -22.092779], [20.605923200000003, -22.0932599], [20.6069229, -22.0935883], [20.60818, -22.0940549], [20.6086579, -22.094248], [20.6096605, -22.0946532], [20.6108721, -22.095202200000003], [20.6126121, -22.0959447], [20.6136568, -22.096390500000002], [20.614403300000003, -22.096709800000003], [20.6153941, -22.0971319], [20.616251300000002, -22.0974501], [20.6165916, -22.097579300000003], [20.6168045, -22.097647700000003], [20.617079200000003, -22.097746400000002], [20.617699100000003, -22.097943400000002], [20.6178372, -22.097987200000002], [20.6181378, -22.098066900000003], [20.6186966, -22.0982366], [20.6192049, -22.0983704], [20.619931400000002, -22.098551], [20.622500600000002, -22.0990813], [20.623785400000003, -22.099357400000002], [20.6241269, -22.0994448], [20.6264006, -22.100027100000002], [20.626726400000003, -22.100115300000002], [20.6273769, -22.1002881], [20.6284984, -22.1001662], [20.628982200000003, -22.1007304], [20.629418400000002, -22.1008512], [20.6309308, -22.101268400000002], [20.631436100000002, -22.1014178], [20.6316361, -22.1014708], [20.632575000000003, -22.1017195], [20.6338973, -22.1020761], [20.635933100000003, -22.102629], [20.6368008, -22.102860200000002], [20.637692700000002, -22.103077600000002], [20.638077000000003, -22.1031693], [20.6388125, -22.103344800000002], [20.6395474, -22.103506300000003], [20.6404205, -22.1036852], [20.641862200000002, -22.1039561], [20.6432274, -22.104179700000003], [20.64448, -22.1043537], [20.645902900000003, -22.1045227], [20.6472024, -22.1046395], [20.6477402, -22.104683], [20.6482378, -22.1047227], [20.6491967, -22.1047836], [20.650085800000003, -22.1048209], [20.651321000000003, -22.1048557], [20.6521806, -22.104861900000003], [20.6530121, -22.1048519], [20.6543961, -22.1048246], [20.6556487, -22.1047824], [20.6566438, -22.104732700000003], [20.657490000000003, -22.104664300000003], [20.6589733, -22.104532600000002], [20.659481600000003, -22.104490400000003], [20.661107, -22.104332600000003], [20.6625514, -22.104204600000003], [20.664430300000003, -22.1040108], [20.6659055, -22.103876600000003], [20.6666189, -22.103818200000003], [20.6678125, -22.1037262], [20.6694634, -22.1036162], [20.6708018, -22.1035535], [20.6718425, -22.1035274], [20.6729597, -22.1035137], [20.674782200000003, -22.103522400000003], [20.6761716, -22.1035498], [20.677193600000003, -22.103589500000002], [20.6781632, -22.103634300000003], [20.6795914, -22.1037225], [20.680389400000003, -22.1037821], [20.681064000000003, -22.1038356], [20.681843200000003, -22.1039101], [20.68325, -22.1040679], [20.685305900000003, -22.104318900000003], [20.686938, -22.1045693], [20.6883556, -22.1047985], [20.6942725, -22.1057776], [20.7003638, -22.1067959], [20.7024937, -22.1071075], [20.7037769, -22.1073059], [20.7048619, -22.1074451], [20.706141300000002, -22.107586700000002], [20.707667500000003, -22.107743300000003], [20.7092607, -22.107897400000002], [20.7113662, -22.108041500000002], [20.7128227, -22.1081185], [20.717320700000002, -22.1082477], [20.7187825, -22.108255200000002], [20.7202953, -22.108285000000002], [20.7215801, -22.108332200000003], [20.723792900000003, -22.1084813], [20.724549800000002, -22.108539200000003], [20.725022000000003, -22.1085776], [20.726227, -22.108693600000002], [20.7264504, -22.108719500000003], [20.726987400000002, -22.108782], [20.7289052, -22.109015600000003], [20.730772, -22.109284000000002], [20.733328200000003, -22.1097362], [20.736536100000002, -22.1104047], [20.737761900000002, -22.1107128], [20.7393283, -22.1111253], [20.740774000000002, -22.111527900000002], [20.7429224, -22.112188900000003], [20.744054300000002, -22.1125641], [20.7457843, -22.113163], [20.7474634, -22.1138091], [20.748911800000002, -22.114375600000002], [20.751044200000003, -22.1152801], [20.753640500000003, -22.1163908], [20.7566339, -22.1176581], [20.758942400000002, -22.1185836], [20.7590264, -22.1186173], [20.761013900000002, -22.119345300000003], [20.762931700000003, -22.1200087], [20.7650265, -22.1206821], [20.766839700000002, -22.121238700000003], [20.7691115, -22.121864900000002], [20.7716569, -22.1225507], [20.7730812, -22.1229383], [20.7738805, -22.1231644], [20.7761818, -22.1238949], [20.7776704, -22.124396800000003], [20.7792664, -22.1249857], [20.7808354, -22.125599400000002], [20.7825172, -22.126287700000002], [20.784872200000002, -22.127313800000003], [20.7864171, -22.1280791], [20.788305400000002, -22.129035700000003], [20.7999318, -22.1352139], [20.800302900000002, -22.135411100000002], [20.8039212, -22.1373366], [20.804733900000002, -22.137731600000002], [20.805812200000002, -22.1382385], [20.807341, -22.138882000000002], [20.8083147, -22.1392497], [20.8090188, -22.1395056], [20.809579300000003, -22.139691900000003], [20.8101895, -22.1398882], [20.810771600000002, -22.140067000000002], [20.811560200000002, -22.140288100000003], [20.8123192, -22.1404919], [20.813494000000002, -22.1407701], [20.814224900000003, -22.140919200000003], [20.814566900000003, -22.140988800000002], [20.815031, -22.141079400000002], [20.816195, -22.1412695], [20.8177668, -22.141480700000002], [20.8196926, -22.141644600000003], [20.8216131, -22.141714200000003], [20.8232573, -22.1417043], [20.826138, -22.1415478], [20.830231, -22.141326600000003], [20.8324143, -22.141207400000003], [20.834436, -22.141089700000002], [20.8358288, -22.141008600000003], [20.840684500000002, -22.140794200000002], [20.8442295, -22.1405888], [20.848050800000003, -22.1403688], [20.8483045, -22.140350400000003], [20.8490371, -22.140315100000002], [20.849574800000003, -22.1402845], [20.8500526, -22.1402611], [20.8507921, -22.1402162], [20.8553959, -22.139956100000003], [20.857216700000002, -22.1398571], [20.8622888, -22.1395726], [20.864122100000003, -22.1394559], [20.8649415, -22.139426], [20.865194900000002, -22.1394243], [20.865533300000003, -22.139423], [20.8658457, -22.1394264], [20.8660843, -22.1394331], [20.866511900000003, -22.1394451], [20.867006200000002, -22.139465400000002], [20.867389600000003, -22.139481200000002], [20.867831600000002, -22.1395041], [20.8682479, -22.139532300000003], [20.868774400000003, -22.1395875], [20.8691163, -22.1396248], [20.8694904, -22.139678500000002], [20.870955000000002, -22.1398708], [20.8735675, -22.1402608], [20.874264800000002, -22.1403503], [20.875811900000002, -22.140530000000002], [20.8775076, -22.1406832], [20.8789641, -22.140790000000003], [20.8806002, -22.140849600000003], [20.8821157, -22.1408919], [20.883778600000003, -22.1408869], [20.8841129, -22.1408792], [20.8850795, -22.1408571], [20.8856976, -22.140826], [20.8866781, -22.140787500000002], [20.887869000000002, -22.1407105], [20.8890974, -22.1406062], [20.8907577, -22.1404347], [20.891865900000003, -22.140295300000002], [20.8923719, -22.140227900000003], [20.893256100000002, -22.1400994], [20.893707300000003, -22.1400308], [20.8945195, -22.139905900000002], [20.895320100000003, -22.1397833], [20.900267200000002, -22.139031300000003], [20.9018018, -22.1387986], [20.9025317, -22.138681700000003], [20.9036551, -22.1385118], [20.904707700000003, -22.138355100000002], [20.9054343, -22.138239300000002], [20.9066189, -22.1380637], [20.9078097, -22.1379053], [20.908490200000003, -22.1378232], [20.9093886, -22.1377141], [20.9106123, -22.137578700000002], [20.911235100000003, -22.137517900000002], [20.912217700000003, -22.1374318], [20.912986800000002, -22.137365300000003], [20.9140421, -22.137288100000003], [20.9151248, -22.137220000000003], [20.9156148, -22.1371921], [20.916454700000003, -22.137151900000003], [20.9174037, -22.1371125], [20.9177874, -22.1370992], [20.9186166, -22.1370706], [20.9198163, -22.137051800000002], [20.9204738, -22.137048500000002], [20.9215255, -22.137043600000002], [20.9224859, -22.137053400000003], [20.923396800000003, -22.1370657], [20.9244334, -22.137094400000002], [20.9251635, -22.1371158], [20.925906, -22.1371568], [20.9267442, -22.1371958], [20.9274282, -22.1372348], [20.9280617, -22.1372725], [20.9287059, -22.137317300000003], [20.9292127, -22.1373563], [20.9294829, -22.137379600000003], [20.9298825, -22.1374084], [20.9304957, -22.1374625], [20.931099500000002, -22.137520000000002], [20.9317038, -22.137568], [20.9330727, -22.137684500000002], [20.933605200000002, -22.1377248], [20.9342706, -22.1377789], [20.9348142, -22.1378282], [20.9358676, -22.137914300000002], [20.9364391, -22.137960300000003], [20.937008900000002, -22.1380079], [20.9376472, -22.138062100000003], [20.937960500000003, -22.1380875], [20.938344100000002, -22.138119900000003], [20.938804, -22.1381593], [20.939308500000003, -22.138198300000003], [20.939576600000002, -22.138221700000003], [20.9398012, -22.138241400000002], [20.9403022, -22.1382894], [20.940835200000002, -22.1383325], [20.941361500000003, -22.138378000000003], [20.941975900000003, -22.1384277], [20.943479500000002, -22.1385578], [20.9443142, -22.1386267], [20.9450779, -22.138679200000002], [20.945770800000002, -22.1387375], [20.9467614, -22.138794100000002], [20.9475172, -22.138838500000002], [20.948328800000002, -22.138873800000002], [20.949060600000003, -22.138903300000003], [20.949548, -22.138919700000002], [20.9501345, -22.138932], [20.951091400000003, -22.1389476], [20.9518525, -22.1389575], [20.952447900000003, -22.1389648], [20.9533667, -22.1389591], [20.954150000000002, -22.1389575], [20.9548889, -22.138941000000003], [20.9556793, -22.1389271], [20.956609800000003, -22.1388897], [20.957936800000002, -22.1388363], [20.9585438, -22.138801500000003], [20.959337700000003, -22.138753100000002], [20.9602228, -22.1386924], [20.9603556, -22.1386827], [20.960684500000003, -22.1386587], [20.9610725, -22.138626900000002], [20.961365800000003, -22.138602900000002], [20.961656400000003, -22.1385799], [20.9621597, -22.138534800000002], [20.9622674, -22.1385252], [20.962809, -22.1384778], [20.9629651, -22.1384659], [20.964001800000002, -22.138354200000002], [20.9648125, -22.1382631], [20.9652794, -22.138209800000002], [20.9664366, -22.138072700000002], [20.967366000000002, -22.1379644], [20.9683034, -22.137860200000002], [20.9691009, -22.137772400000003], [20.9699284, -22.137678], [20.9707072, -22.137586900000002], [20.971766900000002, -22.1374712], [20.9726335, -22.1373636], [20.9732705, -22.1372906], [20.974036, -22.137209300000002], [20.9744321, -22.1371585], [20.974853900000003, -22.137113300000003], [20.9753677, -22.137051000000003], [20.9763521, -22.1369377], [20.9771363, -22.136845], [20.977941700000002, -22.136756300000002], [20.978802, -22.136657000000003], [20.979566600000002, -22.1365766], [20.980066400000002, -22.136518300000002], [20.980510300000002, -22.136477300000003], [20.981196100000002, -22.1364124], [20.9821016, -22.1363345], [20.9831356, -22.1362549], [20.9843432, -22.136171100000002], [20.984683500000003, -22.1361564], [20.9850503, -22.1361285], [20.9857972, -22.1360981], [20.9867603, -22.136053], [20.987509900000003, -22.1360251], [20.9881762, -22.136012700000002], [20.9890082, -22.135993900000003], [20.989685100000003, -22.1359865], [20.990564000000003, -22.1359807], [20.9913127, -22.135984], [20.992057900000002, -22.1359914], [20.992759600000003, -22.1360029], [20.993403800000003, -22.136015200000003], [20.9940789, -22.1360382], [20.9948418, -22.1360686], [20.9955232, -22.1360981], [20.996232000000003, -22.1361326], [20.996877, -22.1361728], [20.9976284, -22.136213], [20.9982955, -22.136266000000003], [20.9988378, -22.136309], [20.999318900000002, -22.1363476], [20.9999444, -22.1363993], [21.000256200000003, -22.136430700000002], [21.0005348, -22.136453300000003], [21.0007737, -22.1364862], [21.002104300000003, -22.136626], [21.004065, -22.136862100000002], [21.0063797, -22.1371776], [21.0162233, -22.1384571], [21.0190585, -22.138708], [21.0222699, -22.1388731], [21.0250506, -22.1388919], [21.027671100000003, -22.1388596], [21.0298839, -22.1387503], [21.032043100000003, -22.1386012], [21.0335505, -22.138469500000003], [21.0351491, -22.1382757], [21.037024000000002, -22.138037200000003], [21.037745400000002, -22.137923], [21.039035600000002, -22.1377118], [21.041170700000002, -22.137326700000003], [21.0435149, -22.1368745], [21.047947500000003, -22.136010900000002], [21.0521248, -22.135182500000003], [21.0539165, -22.134872], [21.0568348, -22.1344248], [21.0598816, -22.1340439], [21.0610512, -22.1339353], [21.0629126, -22.1337738], [21.0645649, -22.133649600000002], [21.0663056, -22.1335577], [21.0683314, -22.1334801], [21.071393800000003, -22.1334136], [21.0771525, -22.133276900000002], [21.080352400000002, -22.133194900000003], [21.082575900000002, -22.133135300000003], [21.0832719, -22.1331129], [21.0847163, -22.133006100000003], [21.0858563, -22.1329315], [21.0896569, -22.132611], [21.091164300000003, -22.132452], [21.0937929, -22.1321166], [21.0965314, -22.1316868], [21.0981166, -22.1313961], [21.0999969, -22.131035800000003], [21.101641500000003, -22.1306714], [21.104331300000002, -22.130039500000002], [21.1062008, -22.1295426], [21.108668400000003, -22.128844400000002], [21.1108625, -22.1281611], [21.1128393, -22.1275002], [21.116184, -22.126292600000003], [21.118686500000003, -22.1254081], [21.1204782, -22.1248292], [21.1221305, -22.124294900000002], [21.123863200000002, -22.123798], [21.1255208, -22.1233334], [21.1267734, -22.1230103], [21.128082300000003, -22.1226923], [21.1290291, -22.1224786], [21.130474800000002, -22.1221804], [21.1313894, -22.1219667], [21.1317542, -22.1219021], [21.132741300000003, -22.1217332], [21.134779700000003, -22.1213729], [21.136220100000003, -22.1211443], [21.1381298, -22.1208734], [21.1410722, -22.1205156], [21.1424911, -22.1203715], [21.1457124, -22.120100700000002], [21.1490893, -22.11981], [21.151679, -22.119555300000002], [21.152175200000002, -22.119499400000002], [21.155556100000002, -22.1190049], [21.1574525, -22.1186595], [21.159324700000003, -22.1182942], [21.161162, -22.117869300000002], [21.1629429, -22.1174444], [21.1644852, -22.1170145], [21.166067700000003, -22.116555100000003], [21.1667457, -22.1163516], [21.166918000000003, -22.1162998], [21.168159000000003, -22.1158974], [21.1686373, -22.1157423], [21.1700267, -22.1152602], [21.1727276, -22.114254900000002], [21.1758984, -22.1131084], [21.1774886, -22.112589], [21.179097900000002, -22.112141700000002], [21.1799374, -22.111901900000003], [21.1808896, -22.1116335], [21.1814985, -22.1114782], [21.1822951, -22.111289300000003], [21.183414900000002, -22.111027200000002], [21.1856228, -22.1105731], [21.1867905, -22.1103451], [21.1875348, -22.110213400000003], [21.1881959, -22.110111500000002], [21.1899367, -22.1098754], [21.1918437, -22.109597100000002], [21.1924607, -22.109535], [21.193586200000002, -22.1094453], [21.1943752, -22.1093824], [21.197020400000003, -22.109184600000003], [21.1986859, -22.109028300000002], [21.1996356, -22.108928000000002], [21.200188100000002, -22.108871500000003], [21.200898900000002, -22.1087795], [21.2015001, -22.108689700000003], [21.2025471, -22.1085236], [21.203455, -22.108372000000003], [21.204270400000002, -22.1082316], [21.2052494, -22.108044000000003], [21.2065443, -22.1077663], [21.207351600000003, -22.107589800000003], [21.2103778, -22.1068313], [21.213878100000002, -22.1057652], [21.217255, -22.1045401], [21.2251568, -22.1012582], [21.226779500000003, -22.1005664], [21.2283741, -22.0999103], [21.2296696, -22.0994195], [21.2301901, -22.0992254], [21.231238700000002, -22.098829300000002], [21.2325798, -22.0983658], [21.2336674, -22.0979831], [21.2350649, -22.097534500000002], [21.2362088, -22.0971829], [21.2370644, -22.0969294], [21.2378731, -22.096695800000003], [21.2390386, -22.096367700000002], [21.2399612, -22.096127900000003], [21.240908100000002, -22.095875600000003], [21.2419997, -22.0956134], [21.243187900000002, -22.0953227], [21.244403000000002, -22.095056800000002], [21.245286800000002, -22.094876600000003], [21.2464066, -22.094650400000003], [21.247585400000002, -22.094428], [21.2489963, -22.0941708], [21.2505855, -22.0939148], [21.2514706, -22.093781800000002], [21.2526508, -22.0936203], [21.2539355, -22.093453800000002], [21.2551144, -22.0933233], [21.2568592, -22.0931593], [21.2577456, -22.0930773], [21.2587179, -22.0929915], [21.260193100000002, -22.092882200000002], [21.261826600000003, -22.0927492], [21.2632938, -22.092628700000002], [21.2638718, -22.092575200000002], [21.265301400000002, -22.0924187], [21.2667766, -22.092237200000003], [21.2677489, -22.0921005], [21.269044400000002, -22.0919104], [21.269755200000002, -22.0918011], [21.2703507, -22.0917017], [21.2711325, -22.0915612], [21.2721625, -22.0913736], [21.273491500000002, -22.0911139], [21.274411500000003, -22.09093], [21.2751625, -22.0907796], [21.2754911, -22.090698800000002], [21.2766927, -22.090426700000002], [21.2775618, -22.090213000000002], [21.2787031, -22.089934600000003], [21.279747800000003, -22.0896687], [21.2812002, -22.089265400000002], [21.2821229, -22.0890051], [21.2829839, -22.0887491], [21.283979000000002, -22.0884335], [21.2847219, -22.0882048], [21.2857895, -22.087846900000002], [21.287097000000003, -22.087421900000002], [21.2881927, -22.087039200000003], [21.289161, -22.086726000000002], [21.2904431, -22.086301000000002], [21.291292000000002, -22.086030100000002], [21.2923005, -22.0857232], [21.293089100000003, -22.0854833], [21.2941231, -22.0851739], [21.2953261, -22.084838400000002], [21.2966041, -22.0844966], [21.297926500000003, -22.0841549], [21.298689500000002, -22.083974700000002], [21.299707400000003, -22.083737300000003], [21.3000052, -22.0836715], [21.301460300000002, -22.0833583], [21.3047098, -22.0827338], [21.306318100000002, -22.0824643], [21.3080049, -22.082222400000003], [21.310003100000003, -22.081964000000003], [21.312004, -22.081742700000003], [21.3139647, -22.081566300000002], [21.316510100000002, -22.0813749], [21.318360900000002, -22.081273000000003], [21.3213435, -22.0811189], [21.3243335, -22.080953], [21.327021700000003, -22.0807858], [21.3292104, -22.0806019], [21.331501000000003, -22.080355800000003], [21.3343066, -22.079997900000002], [21.336374600000003, -22.0796773], [21.3386339, -22.0792766], [21.3409003, -22.0788213], [21.343501200000002, -22.0782382], [21.3453734, -22.0777933], [21.3491982, -22.076873600000003], [21.3512568, -22.076374], [21.353491100000003, -22.075837800000002], [21.3609356, -22.0740649], [21.3672307, -22.072558700000002], [21.3694838, -22.0720218], [21.3716711, -22.0714936], [21.375800400000003, -22.070508], [21.377978300000002, -22.069979800000002], [21.3810709, -22.0692577], [21.3827983, -22.0689047], [21.385467000000002, -22.0684499], [21.3868638, -22.0682535], [21.388133200000002, -22.068090700000003], [21.389128300000003, -22.06799], [21.3908905, -22.0678309], [21.392521300000002, -22.0677315], [21.3938583, -22.067670600000003], [21.3950104, -22.067643200000003], [21.396635800000002, -22.0676221], [21.3981365, -22.0676314], [21.3991021, -22.0676165], [21.3996479, -22.0676072], [21.4000556, -22.0676022], [21.4012733, -22.0675525], [21.4025608, -22.0674829], [21.4045402, -22.0673238], [21.406071800000003, -22.0671697], [21.4076068, -22.0669752], [21.409008800000002, -22.066777000000002], [21.4105001, -22.066540800000002], [21.4191588, -22.065082200000003], [21.4199147, -22.064958200000003], [21.421008200000003, -22.064793], [21.4227658, -22.0645199], [21.4241767, -22.0643384], [21.4252737, -22.064204200000002], [21.426839700000002, -22.0640438], [21.4276695, -22.0639594], [21.4287579, -22.0638487], [21.429264800000002, -22.0638164], [21.4323333, -22.0636151], [21.435653900000002, -22.0635082], [21.4380169, -22.063495800000002], [21.4413723, -22.0635803], [21.444110900000002, -22.063722000000002], [21.446321, -22.063893500000002], [21.4507239, -22.0643086], [21.4589488, -22.0650929], [21.4606467, -22.0652507], [21.4631465, -22.065442100000002], [21.464954300000002, -22.065539100000002], [21.466346400000003, -22.0655863], [21.4677867, -22.065626100000003], [21.469143900000002, -22.065646], [21.470375100000002, -22.065641000000003], [21.4721614, -22.0656211], [21.474178400000003, -22.0655515], [21.476300100000003, -22.0654396], [21.4781105, -22.065302900000002], [21.4798325, -22.065163700000003], [21.481640300000002, -22.0649698], [21.483579600000002, -22.0647188], [21.4864415, -22.064283800000002], [21.488614100000003, -22.0639208], [21.495561000000002, -22.0627761], [21.500721600000002, -22.061934700000002], [21.5017825, -22.0617544], [21.5030155, -22.0615618], [21.504235400000002, -22.0613853], [21.505273300000002, -22.061261000000002], [21.5068708, -22.0611044], [21.508400700000003, -22.060992600000002], [21.5095876, -22.060926700000003], [21.5112305, -22.0608869], [21.513361500000002, -22.0608882], [21.514666400000003, -22.060923000000003], [21.5235467, -22.0612864], [21.527230900000003, -22.0614464], [21.5303469, -22.0615762], [21.5316535, -22.0616348], [21.5325314, -22.061711900000002], [21.5329471, -22.061725600000003], [21.533960800000003, -22.061767], [21.534019400000002, -22.0617671], [21.5341954, -22.063133500000003], [21.5343053, -22.0639028], [21.534304600000002, -22.0639529], [21.534291500000002, -22.064046400000002], [21.5343437, -22.0643689], [21.5344048, -22.0647461], [21.5345431, -22.065572200000002], [21.534669, -22.0663246], [21.534973400000002, -22.0679726], [21.535282300000002, -22.0695444], [21.5356667, -22.0712674], [21.5358625, -22.072172100000003], [21.536065, -22.0729887], [21.5364821, -22.0746317], [21.536916, -22.0762585], [21.537035600000003, -22.0766771], [21.5374544, -22.078141300000002], [21.5378742, -22.0795655], [21.5382916, -22.080835200000003], [21.5387607, -22.0822746], [21.539700800000002, -22.084941500000003], [21.539994500000002, -22.085702], [21.540477300000003, -22.0869323], [21.541243, -22.088851000000002], [21.5418144, -22.0901831], [21.5423602, -22.091437000000003], [21.542978400000003, -22.092779], [21.5435705, -22.094038400000002], [21.544170700000002, -22.095277900000003], [21.5447044, -22.0963366], [21.545155, -22.097210200000003], [21.5456244, -22.098121000000003], [21.5465847, -22.099897900000002], [21.547086200000003, -22.1007901], [21.547467100000002, -22.101453600000003], [21.548510500000003, -22.103232900000002], [21.549114000000003, -22.1042145], [21.5493205, -22.104558700000002], [21.5496558, -22.1050843], [21.5505825, -22.106543000000002], [21.5515897, -22.108057600000002], [21.552008100000002, -22.1086677], [21.552633, -22.109574700000003], [21.5531212, -22.1102755], [21.5542182, -22.1118124], [21.5547574, -22.1125244], [21.5556841, -22.1137482], [21.556755600000002, -22.115114900000002], [21.5593332, -22.118314100000003], [21.560019800000003, -22.119171400000003], [21.5626162, -22.122381700000002], [21.563331, -22.123272500000002], [21.563970700000002, -22.1240589], [21.5647808, -22.125067700000002], [21.5657169, -22.126260300000002], [21.566602, -22.1274257], [21.5676078, -22.128789700000002], [21.5682489, -22.1296916], [21.568900600000003, -22.130615900000002], [21.5691099, -22.130929000000002], [21.5695471, -22.1315874], [21.5702417, -22.132645800000002], [21.571438, -22.134549], [21.5722293, -22.135877], [21.572541700000002, -22.1364062], [21.573337000000002, -22.1378087], [21.573881500000002, -22.1388223], [21.574195300000003, -22.1394136], [21.5746915, -22.1403925], [21.5749785, -22.1409664], [21.5752789, -22.141570100000003], [21.5756839, -22.1424297], [21.5761265, -22.143334000000003], [21.5764886, -22.1441489], [21.576907000000002, -22.145078100000003], [21.5772611, -22.145875500000002], [21.577408600000002, -22.1462457], [21.5777278, -22.1470382], [21.5782455, -22.148320100000003], [21.578415800000002, -22.148749900000002], [21.578676, -22.1494417], [21.578891900000002, -22.1500218], [21.579078300000003, -22.1505584], [21.5793532, -22.151370800000002], [21.5796536, -22.15228], [21.580871300000002, -22.1560361], [21.5812147, -22.157086900000003], [21.5815768, -22.158177400000003], [21.5821615, -22.159966], [21.5824029, -22.1607112], [21.5827864, -22.161878700000003], [21.5831619, -22.163011400000002], [21.5833215, -22.163518200000002], [21.583528100000002, -22.1641379], [21.5838003, -22.164921600000003], [21.5842442, -22.1661326], [21.5845741, -22.167029300000003], [21.5848584, -22.1677807], [21.5851133, -22.1684203], [21.5853211, -22.168945700000002], [21.585817300000002, -22.1701379], [21.5862881, -22.171208500000002], [21.586626000000003, -22.1719437], [21.5873542, -22.173528400000002], [21.5879175, -22.1746784], [21.588529, -22.1758868], [21.5891366, -22.1770381], [21.589938500000002, -22.178507200000002], [21.590758, -22.1799167], [21.591629700000002, -22.181389600000003], [21.592018600000003, -22.182018000000003], [21.592624800000003, -22.1829903], [21.5934147, -22.1842061], [21.5946807, -22.1860576], [21.595427700000002, -22.187116900000003], [21.595950700000003, -22.187821000000003], [21.596742000000003, -22.1888852], [21.5974273, -22.189770600000003], [21.598610100000002, -22.191257], [21.5995476, -22.192429800000003], [21.6006621, -22.193818800000003], [21.601838800000003, -22.195343], [21.6029915, -22.1969131], [21.6035937, -22.1977625], [21.6041154, -22.1985087], [21.605215100000002, -22.200145300000003], [21.6059446, -22.2012752], [21.6066299, -22.2023642], [21.607419800000002, -22.2036841], [21.6082004, -22.205025000000003], [21.608846800000002, -22.2061835], [21.6091391, -22.2067236], [21.60941, -22.2072314], [21.6100457, -22.2083787], [21.6106184, -22.209439], [21.6111723, -22.210455900000003], [21.611596000000002, -22.211234400000002], [21.6120601, -22.2120861], [21.612557600000002, -22.21299], [21.613106100000003, -22.213944700000003], [21.613508500000002, -22.2146288], [21.6141964, -22.2157462], [21.6149488, -22.2169443], [21.6153337, -22.2175316], [21.6162765, -22.218920800000003], [21.617091900000002, -22.2200655], [21.617653800000003, -22.2208365], [21.619025800000003, -22.222606900000002], [21.6197178, -22.223469700000003], [21.6204353, -22.2243338], [21.621109800000003, -22.225106], [21.621864900000002, -22.22598], [21.622510000000002, -22.2266727], [21.6233575, -22.2275727], [21.6249776, -22.2292661], [21.6287059, -22.2331405], [21.628940500000002, -22.2333764], [21.6317515, -22.236302300000002], [21.6331986, -22.237810600000003], [21.635003700000002, -22.239707300000003], [21.635671600000002, -22.240449700000003], [21.6364802, -22.241376900000002], [21.6371293, -22.242154000000003], [21.637769000000002, -22.242929800000002], [21.6386998, -22.244109100000003], [21.639507100000003, -22.245167900000002], [21.640152200000003, -22.246055400000003], [21.6413149, -22.247731100000003], [21.642521900000002, -22.249584300000002], [21.643412400000003, -22.2510577], [21.6441151, -22.252279], [21.6444826, -22.252940600000002], [21.6452001, -22.254307200000003], [21.6458237, -22.255548400000002], [21.646155, -22.256227300000003], [21.646460700000002, -22.2568653], [21.647233200000002, -22.2586067], [21.647957400000003, -22.2602711], [21.648540800000003, -22.261619000000003], [21.6494165, -22.263648200000002], [21.6500536, -22.2651326], [21.6507174, -22.2666691], [21.6512351, -22.2678729], [21.651699100000002, -22.2689378], [21.6523629, -22.270458100000003], [21.652865900000002, -22.2715676], [21.6533352, -22.2725766], [21.654042, -22.2740274], [21.6548319, -22.2755712], [21.655325400000002, -22.2765007], [21.656205200000002, -22.2780731], [21.657199000000002, -22.279794300000002], [21.657587900000003, -22.280444600000003], [21.6579741, -22.281062600000002], [21.658752, -22.282291200000003], [21.6594064, -22.283308700000003], [21.660107800000002, -22.2843437], [21.661470400000002, -22.2863627], [21.662582200000003, -22.2879933], [21.663315700000002, -22.289053000000003], [21.6640118, -22.290078], [21.665044400000003, -22.291589400000003], [21.6659389, -22.292866200000002], [21.6664828, -22.2936641], [21.6670239, -22.2945302], [21.6677092, -22.2955812], [21.668033700000002, -22.296104800000002], [21.6683583, -22.296649600000002], [21.669050300000002, -22.2977862], [21.6697074, -22.2989277], [21.6701768, -22.299742900000002], [21.670481300000002, -22.300308700000002], [21.6707763, -22.3008646], [21.6714388, -22.3020856], [21.6721751, -22.3035447], [21.672790600000003, -22.3048277], [21.6731635, -22.305630400000002], [21.6735215, -22.306394700000002], [21.673934600000003, -22.307365], [21.674404000000003, -22.308458100000003], [21.6748251, -22.3094767], [21.675251600000003, -22.310566100000003], [21.675600300000003, -22.3114668], [21.675906, -22.3122782], [21.6762668, -22.313231100000003], [21.676476, -22.3138316], [21.6767295, -22.3145177], [21.677696400000002, -22.317430700000003], [21.678660700000002, -22.320304], [21.679040200000003, -22.321296500000003], [21.679450600000003, -22.3223188], [21.6797322, -22.323027200000002], [21.6799843, -22.323618900000003], [21.6806039, -22.3250345], [21.6809902, -22.325878000000003], [21.6814408, -22.326859300000002], [21.681888700000002, -22.3277699], [21.6829079, -22.3297114], [21.6839486, -22.3315734], [21.6849276, -22.3331948], [21.6860944, -22.335039400000003], [21.6864029, -22.335515700000002], [21.686472600000002, -22.3356323], [21.687470400000002, -22.3370986], [21.6887337, -22.338991500000002], [21.692301, -22.344360100000003], [21.6931057, -22.3455435], [21.6939224, -22.3467777], [21.695002000000002, -22.3483951], [21.6956981, -22.3494531], [21.696442400000002, -22.3505794], [21.6970324, -22.3514948], [21.6976225, -22.3524362], [21.6980141, -22.3530874], [21.6988027, -22.354407100000003], [21.6994894, -22.3556275], [21.700052200000002, -22.356627000000003], [21.7002455, -22.356994], [21.700404000000002, -22.3572908], [21.7004994, -22.357478200000003], [21.7008449, -22.358140300000002], [21.701079800000002, -22.358594500000002], [21.7013587, -22.359155700000002], [21.7016436, -22.359731800000002], [21.7019576, -22.360364], [21.7022078, -22.3608888], [21.7022896, -22.361067400000003], [21.7025681, -22.3616557], [21.7029016, -22.362381900000003], [21.703168400000003, -22.362985400000003], [21.7034154, -22.3635436], [21.7036605, -22.364124800000003], [21.7038525, -22.364556800000003], [21.7041045, -22.365140200000003], [21.7043311, -22.365656], [21.704597500000002, -22.366272300000002], [21.7048907, -22.366951500000003], [21.705476700000002, -22.3683081], [21.7057413, -22.3689205], [21.7063545, -22.370333600000002], [21.7065747, -22.3708554], [21.706735300000002, -22.371226], [21.706912600000003, -22.371648200000003], [21.7073193, -22.3725849], [21.7077013, -22.3734642], [21.708193400000003, -22.3745659], [21.7084477, -22.375116700000003], [21.708939800000003, -22.3761696], [21.7094042, -22.3771148], [21.7098084, -22.377915400000003], [21.710296800000002, -22.3788622], [21.7106242, -22.379491700000003], [21.710959000000003, -22.380105], [21.7112893, -22.380702000000003], [21.711654600000003, -22.3813597], [21.712131900000003, -22.382205600000002], [21.7124704, -22.3827897], [21.712728700000003, -22.383262600000002], [21.712927800000003, -22.383626500000002], [21.713160600000002, -22.3840153], [21.7133991, -22.384390800000002], [21.713844, -22.3850921], [21.7143491, -22.385887500000003], [21.714825400000002, -22.3866239], [21.7153943, -22.387464700000002], [21.715965, -22.388296800000003], [21.716508, -22.3890879], [21.717084200000002, -22.3898902], [21.7177696, -22.3908087], [21.718329200000003, -22.3915656], [21.7187825, -22.392173600000003], [21.719667700000002, -22.3933812], [21.720148700000003, -22.3940218], [21.720843300000002, -22.394934300000003], [21.721600900000002, -22.395973400000003], [21.7222234, -22.396808], [21.7226415, -22.3973768], [21.7236589, -22.3987194], [21.7241538, -22.3993873], [21.724797600000002, -22.400259600000002], [21.725173100000003, -22.400759], [21.725446, -22.401119100000003], [21.7263629, -22.402375300000003], [21.727016900000002, -22.403228000000002], [21.7272797, -22.403594400000003], [21.727562300000002, -22.4039803], [21.7282708, -22.404931], [21.7300799, -22.407358600000002], [21.730584200000003, -22.4080195], [21.731040200000002, -22.4085836], [21.7320648, -22.409868000000003], [21.7326468, -22.410559900000003], [21.734017400000003, -22.4121245], [21.735135900000003, -22.4133321], [21.7367962, -22.4150107], [21.7378758, -22.4161092], [21.738963400000003, -22.4171903], [21.7399907, -22.4182193], [21.7424235, -22.4206913], [21.7437404, -22.4220128], [21.744609500000003, -22.422890600000002], [21.7464012, -22.4246832], [21.747667200000002, -22.425972400000003], [21.7486006, -22.426993900000003], [21.749416, -22.427898900000002], [21.7507276, -22.429431100000002], [21.751508100000002, -22.430375700000003], [21.7523316, -22.4313997], [21.753160400000002, -22.432498000000002], [21.7539731, -22.4335987], [21.7545712, -22.4344466], [21.7557943, -22.436261400000003], [21.756134900000003, -22.4367696], [21.7573553, -22.4387629], [21.7581466, -22.4401066], [21.7582968, -22.4403855], [21.758797, -22.441287900000003], [21.7591444, -22.441943600000002], [21.7601073, -22.443674], [21.761204300000003, -22.4457068], [21.7627117, -22.4484956], [21.7639831, -22.450818400000003], [21.765082800000002, -22.4528362], [21.7658257, -22.4541822], [21.7665794, -22.455575300000003], [21.7676845, -22.457598100000002], [21.7684785, -22.459072900000002], [21.769556700000003, -22.4609989], [21.7702165, -22.4621292], [21.770879, -22.463205000000002], [21.7713538, -22.463961], [21.7724401, -22.4655969], [21.773201800000002, -22.466714800000002], [21.774062800000003, -22.467907], [21.775275200000003, -22.4695156], [21.7761013, -22.470569], [21.7770696, -22.4717488], [21.777876900000003, -22.472700500000002], [21.778925700000002, -22.4738778], [21.779692800000003, -22.474744100000002], [21.780002600000003, -22.4750811], [21.7807469, -22.4758557], [21.782020900000003, -22.4771445], [21.783337900000003, -22.4784283], [21.7838663, -22.478921500000002], [21.7856473, -22.480537400000003], [21.787004500000002, -22.4817171], [21.7888954, -22.483352800000002], [21.789238700000002, -22.4836527], [21.790368, -22.484644000000003], [21.791178000000002, -22.4853504], [21.792403800000002, -22.486413600000002], [21.7937395, -22.4875709], [21.7953864, -22.489015700000003], [21.7976126, -22.4909463], [21.7986627, -22.491858200000003], [21.799600100000003, -22.4926612], [21.8004584, -22.4934046], [21.80199, -22.494729200000002], [21.8027973, -22.4954392], [21.8036596, -22.496208600000003], [21.804412000000003, -22.4968901], [21.805112100000002, -22.497535000000003], [21.8071284, -22.4994611], [21.8073142, -22.499646900000002], [21.808510400000003, -22.5008711], [21.810169400000003, -22.502635400000003], [21.8105435, -22.5030493], [21.8110237, -22.5035895], [21.8118592, -22.5045484], [21.8123232, -22.5050837], [21.813139200000002, -22.5060532], [21.8160729, -22.5096504], [21.8171545, -22.510983500000002], [21.818052400000003, -22.5120825], [21.8190931, -22.5133845], [21.820624600000002, -22.515283800000002], [21.8218155, -22.516723300000002], [21.8224056, -22.5174221], [21.8228884, -22.5179882], [21.8238151, -22.519046200000002], [21.825547800000002, -22.520934200000003], [21.8265241, -22.5219562], [21.8276346, -22.5230873], [21.8289891, -22.5244153], [21.831100000000003, -22.526360200000003], [21.832653, -22.5277154], [21.833336900000003, -22.5283112], [21.8355149, -22.5300653], [21.8364724, -22.5308247], [21.838366100000002, -22.532250400000002], [21.839367900000003, -22.532982500000003], [21.8405856, -22.5338348], [21.8413152, -22.5343352], [21.8420944, -22.534855500000003], [21.843419400000002, -22.5357275], [21.8447189, -22.5365463], [21.8458347, -22.537236200000002], [21.8473113, -22.538134300000003], [21.848502200000002, -22.5388701], [21.8491164, -22.5392367], [21.8503428, -22.539980500000002], [21.852327000000002, -22.5412012], [21.853650700000003, -22.54202], [21.855231800000002, -22.543022], [21.856145100000003, -22.5436091], [21.857008800000003, -22.5442012], [21.8584679, -22.545198300000003], [21.858962100000003, -22.545553100000003], [21.8596092, -22.5460251], [21.8610334, -22.5470884], [21.862248, -22.547984200000002], [21.862974700000002, -22.548536300000002], [21.8639256, -22.549309100000002], [21.8641405, -22.549486100000003], [21.8645691, -22.549850000000003], [21.864763, -22.5500116], [21.8656399, -22.550742300000003], [21.865967, -22.5510327], [21.866427, -22.5514866], [21.8669169, -22.5519232], [21.867630300000002, -22.5525579], [21.8681239, -22.5530137], [21.868850700000003, -22.5536999], [21.8692102, -22.5540516], [21.870055, -22.554865300000003], [21.8706813, -22.5554759], [21.8717569, -22.5565621], [21.8728486, -22.5576829], [21.8748964, -22.5598119], [21.8758151, -22.5607544], [21.877757000000003, -22.562768100000003], [21.879559500000003, -22.5646407], [21.8799779, -22.5650939], [21.880344, -22.5654791], [21.8807879, -22.5659509], [21.881157400000003, -22.5663547], [21.882614500000003, -22.568047], [21.8836277, -22.569308900000003], [21.884629500000003, -22.5705968], [21.885102200000002, -22.5712414], [21.8855247, -22.5718302], [21.8857943, -22.572207300000002], [21.886549300000002, -22.5732909], [21.887351300000002, -22.574549100000002], [21.887938700000003, -22.5754865], [21.8887018, -22.5767558], [21.8894032, -22.578015200000003], [21.8898994, -22.5789414], [21.890394200000003, -22.579886300000002], [21.8910608, -22.5812694], [21.891447000000003, -22.582074300000002], [21.891955300000003, -22.5832148], [21.8928847, -22.5855031], [21.893484800000003, -22.5871809], [21.8938677, -22.5883201], [21.8942097, -22.5894023], [21.8944672, -22.5902183], [21.894549, -22.590503000000002], [21.8947964, -22.5914113], [21.895106900000002, -22.592609200000002], [21.895310700000003, -22.5934722], [21.8955039, -22.594312900000002], [21.895955800000003, -22.596526800000003], [21.8962858, -22.597890000000003], [21.8963702, -22.5982193], [21.896874500000003, -22.6001149], [21.8970837, -22.600834300000002], [21.897302200000002, -22.6015459], [21.8975142, -22.6022308], [21.8976858, -22.6027595], [21.8979688, -22.6036274], [21.8984971, -22.6050296], [21.8994539, -22.6074394], [21.899994900000003, -22.608735900000003], [21.900754900000003, -22.610436], [21.902323900000003, -22.6136091], [21.9028752, -22.614642], [21.9031254, -22.6150573], [21.9033401, -22.615457300000003], [21.9039359, -22.6165045], [21.904836200000002, -22.617958], [21.9057524, -22.619404000000003], [21.9061536, -22.6200373], [21.9069703, -22.6212331], [21.907411500000002, -22.621855800000002], [21.907848700000002, -22.622458700000003], [21.908845200000002, -22.623800600000003], [21.909045000000003, -22.6240804], [21.909648500000003, -22.6248355], [21.910134000000003, -22.6254619], [21.9109628, -22.6265685], [21.9113584, -22.6270996], [21.912344100000002, -22.6283919], [21.913299000000002, -22.629623600000002], [21.914141200000003, -22.630745100000002], [21.915255600000002, -22.632216900000003], [21.915535900000002, -22.632580800000003], [21.9158256, -22.6329731], [21.916166200000003, -22.6334324], [21.916517600000002, -22.6339152], [21.917263300000002, -22.6349611], [21.917818500000003, -22.635779300000003], [21.918426, -22.636708900000002], [21.919331200000002, -22.6381224], [21.920048700000002, -22.639311900000003], [21.9202821, -22.6397055], [21.920518100000002, -22.640114], [21.920756800000003, -22.6405299], [21.920991500000003, -22.6409619], [21.921548100000003, -22.641980500000003], [21.921848500000003, -22.6425462], [21.922147600000002, -22.6431279], [21.9224976, -22.6438099], [21.9228436, -22.6445228], [21.9232406, -22.6453558], [21.9240895, -22.6472446], [21.925004100000002, -22.649462500000002], [21.925733700000002, -22.651403100000003], [21.9262044, -22.6528104], [21.9266295, -22.6541408], [21.9271539, -22.6559181], [21.927461, -22.657056700000002], [21.9278325, -22.658569], [21.9280994, -22.6597472], [21.9284883, -22.661653100000002], [21.929252700000003, -22.6659028], [21.929447200000002, -22.666853200000002], [21.9296283, -22.667697200000003], [21.9298965, -22.668835700000002], [21.930155300000003, -22.6698282], [21.930428900000003, -22.670835500000003], [21.9305482, -22.671238900000002], [21.930663600000003, -22.6716102], [21.9309881, -22.6726385], [21.9313207, -22.6736544], [21.9319564, -22.675349800000003], [21.932365400000002, -22.6763991], [21.932539600000002, -22.676806000000003], [21.9328603, -22.6775549], [21.9334947, -22.678968], [21.933591200000002, -22.679170900000003], [21.933783000000002, -22.679553300000002], [21.934343600000002, -22.680668200000003], [21.935143200000002, -22.682180600000002], [21.935631, -22.683029100000002], [21.9359824, -22.6836255], [21.9363284, -22.684192200000002], [21.9371948, -22.685583], [21.938035600000003, -22.6868266], [21.9389141, -22.6880849], [21.9396007, -22.6889931], [21.9404402, -22.6900461], [21.9410934, -22.690859], [21.9414917, -22.691329200000002], [21.9421515, -22.692095000000002], [21.943511400000002, -22.6936082], [21.947583, -22.697758], [21.9487296, -22.698908600000003], [21.949853400000002, -22.7000382], [21.9503859, -22.7005795], [21.950867300000002, -22.701072500000002], [21.951466800000002, -22.7017072], [21.952455200000003, -22.702797200000003], [21.9532987, -22.7037511], [21.954075200000002, -22.7046715], [21.9548491, -22.7056229], [21.9557852, -22.706836600000003], [21.9568285, -22.7082543], [21.9579054, -22.709810700000002], [21.9584969, -22.710723700000003], [21.9590816, -22.711649], [21.9598474, -22.712850300000003], [21.960575600000002, -22.7140267], [21.9612354, -22.7150585], [21.9618362, -22.715997400000003], [21.9626194, -22.7171986], [21.963448200000002, -22.718427000000002], [21.964140200000003, -22.719427800000002], [21.965266800000002, -22.7210483], [21.9667473, -22.723068400000002], [21.9680965, -22.7248583], [21.969248500000003, -22.7263217], [21.9710992, -22.7286237], [21.971869, -22.7295403], [21.9726214, -22.730419700000002], [21.973747900000003, -22.731721], [21.974549900000003, -22.732619], [21.975376, -22.733549200000002], [21.9760023, -22.734233200000002], [21.976623200000002, -22.7349271], [21.977929500000002, -22.7363569], [21.9792491, -22.7378214], [21.9806117, -22.739327900000003], [21.9820829, -22.740942], [21.983554100000003, -22.7425511], [21.9850427, -22.7442035], [21.986016300000003, -22.745308], [21.9866332, -22.746031600000002], [21.987290400000003, -22.746800800000003], [21.9882721, -22.747995600000003], [21.9889225, -22.748814300000003], [21.989575600000002, -22.7496553], [21.990163000000003, -22.7504147], [21.991488, -22.752185800000003], [21.9922203, -22.753224600000003], [21.9929525, -22.7542672], [21.993438, -22.754985700000002], [21.9938377, -22.755584300000002], [21.9941676, -22.756092600000002], [21.9947094, -22.756949600000002], [21.995337000000003, -22.7579217], [21.9962047, -22.7593402], [21.9967881, -22.760348], [21.997116700000003, -22.760924300000003], [21.9977725, -22.762114], [21.998241800000002, -22.762983400000003], [21.998722, -22.7638731], [21.999182, -22.7647468], [21.9996326, -22.7656199], [22.000030900000002, -22.7664373], [22.0008033, -22.7680696], [22.0015383, -22.7696574], [22.002420700000002, -22.7717373], [22.0026702, -22.772291300000003], [22.002978600000002, -22.772978900000002], [22.003321900000003, -22.7737233], [22.003657200000003, -22.7744009], [22.004083700000002, -22.7752714], [22.004443100000003, -22.7759837], [22.0048642, -22.776775], [22.005186100000003, -22.777371000000002], [22.0055938, -22.7780981], [22.006020200000002, -22.7788375], [22.0063636, -22.7794311], [22.006851700000002, -22.780254600000003], [22.007396200000002, -22.7811275], [22.007806600000002, -22.781763100000003], [22.008270600000003, -22.7824728], [22.008997500000003, -22.783563400000002], [22.0097217, -22.7845872], [22.0104969, -22.785625800000002], [22.011112400000002, -22.786456700000002], [22.011569700000003, -22.7870576], [22.012230900000002, -22.7878724], [22.0128223, -22.7885932], [22.013417800000003, -22.7893079], [22.0138335, -22.789795], [22.0144558, -22.7905196], [22.015408, -22.7915779], [22.0162824, -22.792497800000003], [22.0173418, -22.7935957], [22.018660200000003, -22.794919800000002], [22.0190491, -22.795306800000002], [22.0202655, -22.796528300000002], [22.021212300000002, -22.797492700000003], [22.0216683, -22.7979439], [22.0225185, -22.7987995], [22.0234881, -22.799771200000002], [22.024502000000002, -22.8007825], [22.026406400000003, -22.802721100000003], [22.0274632, -22.803783000000003], [22.028532000000002, -22.804872200000002], [22.0297015, -22.8061715], [22.0308414, -22.8074869], [22.0318043, -22.8086564], [22.032799400000002, -22.8099396], [22.033113200000003, -22.810363600000002], [22.033663100000002, -22.811107800000002], [22.034217, -22.8118841], [22.034801700000003, -22.812738300000003], [22.035629200000002, -22.8139696], [22.036124, -22.8147744], [22.036617500000002, -22.8155952], [22.037125800000002, -22.816448100000002], [22.0376328, -22.817322100000002], [22.039322600000002, -22.8202122], [22.043398200000002, -22.8272592], [22.046049500000002, -22.8318462], [22.0471626, -22.8336606], [22.0483589, -22.8354949], [22.0494385, -22.8370399], [22.0503116, -22.838243700000003], [22.051533300000003, -22.839828200000003], [22.052827500000003, -22.841434900000003], [22.0540023, -22.842792000000003], [22.055190500000002, -22.844109500000002], [22.056195000000002, -22.8451859], [22.0573215, -22.8463427], [22.0595357, -22.8484376], [22.061737800000003, -22.850494100000002], [22.063872800000002, -22.852546800000002], [22.0661084, -22.8548009], [22.0665537, -22.855284100000002], [22.0673758, -22.856169], [22.068951600000002, -22.857906500000002], [22.0714903, -22.860939100000003], [22.072179600000002, -22.8618239], [22.0733035, -22.863321600000003], [22.0743978, -22.864789700000003], [22.076493900000003, -22.867791200000003], [22.0793277, -22.8719271], [22.0808673, -22.8741166], [22.0820349, -22.875809500000003], [22.0835066, -22.877961900000003], [22.0849684, -22.880042600000003], [22.086583100000002, -22.882207400000002], [22.087006900000002, -22.8827189], [22.0882219, -22.8842213], [22.08996, -22.8861908], [22.091301100000003, -22.8876512], [22.0927629, -22.8891437], [22.0950481, -22.8913206], [22.0961934, -22.892338600000002], [22.0983902, -22.8942215], [22.1049696, -22.8997247], [22.105786400000003, -22.9004079], [22.106405900000002, -22.9009533], [22.1073065, -22.901767500000002], [22.108205700000003, -22.9026143], [22.109212900000003, -22.9036045], [22.1100323, -22.904437700000003], [22.110688800000002, -22.905136600000002], [22.1118361, -22.9064063], [22.113069900000003, -22.907819500000002], [22.1140925, -22.9090938], [22.1146484, -22.909822000000002], [22.115064800000003, -22.9103816], [22.115856700000002, -22.911484700000003], [22.1163251, -22.912166600000003], [22.1166439, -22.912640300000003], [22.117085200000002, -22.913318500000003], [22.117878400000002, -22.914587700000002], [22.1182868, -22.915269600000002], [22.118589200000002, -22.9157884], [22.1191096, -22.916661100000002], [22.1203849, -22.9188191], [22.1209884, -22.9198437], [22.121904100000002, -22.921398200000002], [22.1223423, -22.922145200000003], [22.123252200000003, -22.9236809], [22.1251298, -22.926859], [22.126022300000002, -22.9282757], [22.126768600000002, -22.929406500000002], [22.127600100000002, -22.930604000000002], [22.128041, -22.9312234], [22.128666600000003, -22.932069700000003], [22.129612400000003, -22.933305800000003], [22.130741, -22.934703900000002], [22.1311761, -22.9352251], [22.132141100000002, -22.9363354], [22.132813000000002, -22.937095600000003], [22.133452000000002, -22.9377941], [22.135082800000003, -22.939541700000003], [22.136361500000003, -22.9409119], [22.136822900000002, -22.941402200000002], [22.137301, -22.941920300000003], [22.1412291, -22.9461391], [22.1451347, -22.950325300000003], [22.1473619, -22.952722], [22.148338600000002, -22.953815600000002], [22.1492167, -22.9548251], [22.150044100000002, -22.9558056], [22.150297600000002, -22.956113100000003], [22.1512102, -22.957242400000002], [22.151631300000002, -22.9577722], [22.152175200000002, -22.9584748], [22.152577500000003, -22.9590064], [22.153456600000002, -22.9601808], [22.154369900000003, -22.9614502], [22.155080700000003, -22.9624764], [22.1555293, -22.9631395], [22.156283600000002, -22.9642693], [22.1574718, -22.966075200000002], [22.1584475, -22.967553300000002], [22.1597571, -22.969537600000002], [22.1606305, -22.9708659], [22.161434800000002, -22.9720818], [22.1624769, -22.9736678], [22.162791300000002, -22.974133300000002], [22.1631709, -22.974716100000002], [22.163622800000002, -22.975463100000002], [22.164929700000002, -22.977454100000003], [22.165552700000003, -22.9783888], [22.166168600000002, -22.979345000000002], [22.1669193, -22.980468600000002], [22.167687700000002, -22.981580400000002], [22.1685997, -22.982883], [22.1693225, -22.9838534], [22.170221700000003, -22.985038600000003], [22.170915800000003, -22.985924500000003], [22.1716252, -22.986814600000002], [22.1721368, -22.9874468], [22.1730716, -22.9885641], [22.173970800000003, -22.989601800000003], [22.1746635, -22.9903808], [22.175725, -22.991537], [22.176901100000002, -22.9927789], [22.177302100000002, -22.9932005], [22.178016900000003, -22.993919], [22.1789074, -22.994814100000003], [22.180271, -22.996189100000002], [22.1815621, -22.997489], [22.1824446, -22.99838], [22.183479900000002, -22.999423500000002], [22.183761500000003, -22.9997054], [22.1840803, -23.000018700000002], [22.184221500000003, -23.0001608], [22.18441, -23.000346], [22.1846308, -23.0005761], [22.184958100000003, -23.000905500000002], [22.185228600000002, -23.0011787], [22.185563700000003, -23.0015086], [22.185902900000002, -23.0018472], [22.186227900000002, -23.002180000000003], [22.1865653, -23.0025203], [22.1868826, -23.0028429], [22.1872501, -23.0032122], [22.187550100000003, -23.003521900000003], [22.187765900000002, -23.003740200000003], [22.188110100000003, -23.004092200000002], [22.188383700000003, -23.0043764], [22.1886692, -23.0046898], [22.1889287, -23.0049673], [22.189061900000002, -23.005098500000003], [22.189171400000003, -23.005222500000002], [22.189298400000002, -23.005356600000002], [22.1895816, -23.0056659], [22.190015900000002, -23.006136100000003], [22.190211700000003, -23.0063502], [22.1903906, -23.0065418], [22.190523600000002, -23.006684200000002], [22.1908752, -23.007097100000003], [22.1913668, -23.007659800000003], [22.191835700000002, -23.008191200000002], [22.192271, -23.0087151], [22.1927609, -23.009307600000003], [22.1931324, -23.0097577], [22.193565800000002, -23.0102924], [22.194131300000002, -23.0110065], [22.1945292, -23.011525300000002], [22.1949809, -23.012101100000002], [22.195432500000003, -23.0127045], [22.195774, -23.0131596], [22.1960954, -23.013593800000002], [22.1965416, -23.014219800000003], [22.196761000000002, -23.0145316], [22.1970879, -23.0149967], [22.1972965, -23.015292600000002], [22.197507700000003, -23.015602700000002], [22.198070400000002, -23.0164316], [22.1984192, -23.016947000000002], [22.198876300000002, -23.0176443], [22.1993234, -23.0183265], [22.1998934, -23.0192157], [22.2000242, -23.019429600000002], [22.200092, -23.019535100000002], [22.200218600000003, -23.0197341], [22.2008331, -23.020726500000002], [22.2011457, -23.0212235], [22.2015096, -23.0217989], [22.201807900000002, -23.0222823], [22.2021722, -23.0228606], [22.202477700000003, -23.023349000000003], [22.202781400000003, -23.023822600000003], [22.2031046, -23.024335200000003], [22.2034939, -23.02495], [22.2038605, -23.0255274], [22.204169500000003, -23.0260174], [22.204290800000003, -23.026216], [22.2044941, -23.0265452], [22.2047104, -23.0268841], [22.2049454, -23.0272551], [22.205226800000002, -23.0277016], [22.205558500000002, -23.0282278], [22.2062899, -23.029387500000002], [22.2065436, -23.029792500000003], [22.2068499, -23.0302817], [22.2070876, -23.0306687], [22.2073311, -23.0310458], [22.2075318, -23.0313631], [22.2077935, -23.0317505], [22.2080646, -23.0321588], [22.2083014, -23.032508800000002], [22.208588600000002, -23.0329237], [22.2088196, -23.033265200000002], [22.2091567, -23.0337564], [22.2094002, -23.034099], [22.2101466, -23.0351438], [22.210963600000003, -23.036260000000002], [22.211683700000002, -23.037191500000002], [22.2120038, -23.0376224], [22.2120903, -23.037746400000003], [22.212189600000002, -23.037868000000003], [22.212349200000002, -23.0380611], [22.2130452, -23.0389386], [22.2139531, -23.040035800000002], [22.2143917, -23.0405553], [22.2150341, -23.0412958], [22.216080100000003, -23.042490400000002], [22.216402000000002, -23.0428517], [22.2169706, -23.043475200000003], [22.2179228, -23.044471100000003], [22.2185759, -23.0451598], [22.218757500000002, -23.0453565], [22.2194624, -23.0460643], [22.2202282, -23.0468356], [22.221071700000003, -23.0476452], [22.221696700000003, -23.0482684], [22.222394, -23.048966800000002], [22.2232027, -23.049760300000003], [22.2238693, -23.050427900000003], [22.2246753, -23.0512276], [22.225740100000003, -23.052266600000003], [22.2275077, -23.054012800000002], [22.229766100000003, -23.0562524], [22.232589100000002, -23.059078200000002], [22.233326700000003, -23.0598408], [22.234567300000002, -23.0611661], [22.2351345, -23.0617941], [22.2358467, -23.0626073], [22.236785400000002, -23.063656100000003], [22.237492200000002, -23.064487800000002], [22.237878400000003, -23.0649418], [22.2384658, -23.065650100000003], [22.2390009, -23.066299100000002], [22.2396071, -23.0670666], [22.2406599, -23.068386800000003], [22.241457800000003, -23.069439300000003], [22.242086800000003, -23.070263500000003], [22.242715800000003, -23.0711285], [22.2436103, -23.0723734], [22.243934900000003, -23.0728361], [22.2445719, -23.0737738], [22.245623300000002, -23.0752655], [22.246957700000003, -23.077156900000002], [22.2482103, -23.0789557], [22.2489707, -23.0800476], [22.249803500000002, -23.081206100000003], [22.250109400000003, -23.0816638], [22.2504956, -23.082222700000003], [22.2510172, -23.082960500000002], [22.251450400000003, -23.0835551], [22.2521974, -23.084605], [22.252685600000003, -23.085298400000003], [22.2531536, -23.0859634], [22.253731600000002, -23.086783800000003], [22.2542198, -23.087483300000002], [22.254902400000002, -23.088448000000003], [22.255404000000002, -23.0891808], [22.2560611, -23.090102400000003], [22.256442, -23.090656300000003], [22.2567424, -23.091077000000002], [22.257240000000003, -23.0917937], [22.258054, -23.0929176], [22.2586629, -23.093746600000003], [22.2592141, -23.0944855], [22.2609381, -23.0967375], [22.2616455, -23.097632500000003], [22.2619404, -23.097996400000003], [22.262391700000002, -23.098562400000002], [22.2627314, -23.098983200000003], [22.263263000000002, -23.0996108], [22.263556400000002, -23.0999668], [22.2640809, -23.100600500000002], [22.2647783, -23.101443], [22.2663005, -23.103197100000003], [22.2673649, -23.104398], [22.268711800000002, -23.1058801], [22.2700958, -23.107356600000003], [22.2706778, -23.107974600000002], [22.271092200000002, -23.108411200000003], [22.272005500000002, -23.1093425], [22.272871900000002, -23.110219500000003], [22.2737744, -23.111118700000002], [22.274418200000003, -23.1117527], [22.2750364, -23.1123584], [22.2757083, -23.1130183], [22.276112, -23.113421600000002], [22.276622900000003, -23.1139236], [22.277608700000002, -23.1149005], [22.2782765, -23.115555500000003], [22.2788438, -23.116117900000003], [22.2794849, -23.1167494], [22.2801085, -23.11736], [22.280729400000002, -23.117973000000003], [22.281387900000002, -23.118625400000003], [22.2819445, -23.119180500000002], [22.282577500000002, -23.119826800000002], [22.2834559, -23.120735800000002], [22.284811700000002, -23.122166500000002], [22.285600300000002, -23.1230027], [22.286748300000003, -23.124278], [22.287762200000003, -23.1254226], [22.2887747, -23.126585600000002], [22.2894064, -23.1273392], [22.2899616, -23.1280052], [22.2905061, -23.1286613], [22.291840500000003, -23.1303053], [22.2930874, -23.1319047], [22.293966100000002, -23.133064100000002], [22.294756000000003, -23.1341186], [22.295292500000002, -23.134845000000002], [22.2957404, -23.135478900000003], [22.2963439, -23.1363273], [22.296828, -23.1370118], [22.2973417, -23.1377431], [22.2978701, -23.138492900000003], [22.298263000000002, -23.1390515], [22.298863800000003, -23.1399], [22.2993855, -23.1406387], [22.299860300000002, -23.141302200000002], [22.3007266, -23.142534100000002], [22.301967100000002, -23.1442717], [22.302846900000002, -23.145539300000003], [22.304375800000003, -23.147593800000003], [22.3051321, -23.1485778], [22.3061648, -23.149902200000003], [22.306972100000003, -23.150861600000002], [22.308020900000002, -23.152107], [22.309367400000003, -23.153631100000002], [22.311057100000003, -23.155438800000002], [22.3126852, -23.1570886], [22.3136106, -23.158025700000003], [22.315402300000002, -23.159715000000002], [22.316738100000002, -23.160913500000003], [22.3183742, -23.1623142], [22.319512800000002, -23.163253700000002], [22.3204932, -23.164057600000003], [22.3219657, -23.165224000000002], [22.3232827, -23.166222700000002], [22.3241276, -23.166846600000003], [22.3253506, -23.1677898], [22.325814700000002, -23.1681314], [22.3265174, -23.168678800000002], [22.3267668, -23.168885900000003], [22.328802600000003, -23.170570100000003], [22.329046700000003, -23.1707773], [22.329972100000003, -23.1716082], [22.331031600000003, -23.1725539], [22.3323673, -23.1738164], [22.332870200000002, -23.1742886], [22.3336226, -23.175030800000002], [22.334376300000002, -23.1757804], [22.334754500000003, -23.1761823], [22.336385200000002, -23.177910800000003], [22.3371229, -23.178736800000003], [22.337640500000003, -23.1793236], [22.338641000000003, -23.180485], [22.338960200000002, -23.180872100000002], [22.3401886, -23.182371200000002], [22.340336100000002, -23.1825635], [22.3413742, -23.183914700000003], [22.342325000000002, -23.185221400000003], [22.3437908, -23.187279], [22.3449536, -23.1889284], [22.346188700000003, -23.1907146], [22.3469263, -23.191742700000002], [22.3487905, -23.1943956], [22.3492679, -23.1950538], [22.3497373, -23.1957367], [22.350466800000003, -23.196725400000002], [22.351620200000003, -23.198284700000002], [22.352575100000003, -23.1995654], [22.3530096, -23.200115200000003], [22.354483400000003, -23.2019793], [22.3562014, -23.204044900000003], [22.3579648, -23.2060946], [22.359776800000002, -23.20811], [22.3607048, -23.2091281], [22.361655300000002, -23.210127], [22.3635963, -23.2121207], [22.3655677, -23.2141026], [22.367614200000002, -23.2161215], [22.369463300000003, -23.2180377], [22.3704922, -23.2191633], [22.371709900000003, -23.220538700000002], [22.372890100000003, -23.221906800000003], [22.375048600000003, -23.224583900000003], [22.3753497, -23.224987900000002], [22.3772407, -23.227539], [22.379230900000003, -23.2304339], [22.3793007, -23.2305469], [22.381044000000003, -23.2333804], [22.3818862, -23.2347976], [22.382691400000002, -23.2362198], [22.385769, -23.241986500000003], [22.387366, -23.2449517], [22.3889675, -23.247959700000003], [22.389900700000002, -23.249646400000003], [22.390895800000003, -23.2513493], [22.391378600000003, -23.252123100000002], [22.3921108, -23.253281400000002], [22.393426700000003, -23.2552473], [22.394361200000002, -23.256539200000002], [22.395345600000002, -23.25786], [22.3963836, -23.2591611], [22.3974656, -23.2604656], [22.3981941, -23.2613272], [22.3989498, -23.2621866], [22.3997174, -23.2630336], [22.4005031, -23.2638748], [22.401750200000002, -23.2651426], [22.403014000000002, -23.266373700000003], [22.4044007, -23.267662400000003], [22.407196900000002, -23.270132], [22.408464300000002, -23.271273500000003], [22.4093273, -23.2721106], [22.4108668, -23.2736078], [22.4124735, -23.2753003], [22.413193, -23.2761016], [22.4139158, -23.2769282], [22.415067800000003, -23.2782747], [22.4162095, -23.2797093], [22.4170775, -23.280830400000003], [22.417795700000003, -23.2818177], [22.418197300000003, -23.282364100000002], [22.4185874, -23.282927700000002], [22.419099900000003, -23.2836551], [22.420039300000003, -23.2850816], [22.420974400000002, -23.2865213], [22.421303700000003, -23.2870329], [22.422258900000003, -23.288519700000002], [22.4235262, -23.2905023], [22.424297300000003, -23.291625800000002], [22.4251536, -23.2928342], [22.427121, -23.2954502], [22.428068500000002, -23.2965997], [22.428969000000002, -23.2976569], [22.430327600000002, -23.2991929], [22.4309224, -23.2998417], [22.4314511, -23.3004049], [22.4326863, -23.3016726], [22.4336261, -23.302598300000003], [22.434497800000003, -23.3034235], [22.4389958, -23.3074955], [22.440154500000002, -23.3086138], [22.4413133, -23.309761700000003], [22.442391500000003, -23.310892300000003], [22.4435019, -23.3121018], [22.444875200000002, -23.3136696], [22.4455458, -23.3144813], [22.446248500000003, -23.3153532], [22.447600400000002, -23.3170922], [22.4485686, -23.318400200000003], [22.4495074, -23.3197647], [22.4508161, -23.3216968], [22.4514976, -23.322816500000002], [22.451953600000003, -23.323550400000002], [22.452494100000003, -23.324423600000003], [22.4536568, -23.3262819], [22.4547136, -23.327969000000003], [22.455200400000003, -23.328756000000002], [22.4562639, -23.3304295], [22.4570256, -23.3315895], [22.4575755, -23.3324146], [22.458200400000003, -23.3333012], [22.4593914, -23.3349464], [22.459773600000002, -23.3354882], [22.4600954, -23.335910600000002], [22.460645300000003, -23.3366383], [22.4612769, -23.3374375], [22.4615505, -23.3377848], [22.4624598, -23.3388905], [22.462948, -23.339477900000002], [22.4640892, -23.3408213], [22.4650213, -23.341879000000002], [22.4654263, -23.3423285], [22.4663973, -23.343369000000003], [22.4673763, -23.3443885], [22.468280200000002, -23.345309500000003], [22.4693906, -23.346409100000002], [22.4699834, -23.346980400000003], [22.4706271, -23.3476022], [22.471729500000002, -23.348622900000002], [22.472087600000002, -23.348939400000003], [22.4724349, -23.3492423], [22.473544, -23.3502125], [22.4740885, -23.350686600000003], [22.4749938, -23.351424100000003], [22.4782526, -23.3540737], [22.480621000000003, -23.355984600000003], [22.4817596, -23.3569129], [22.4830028, -23.357906500000002], [22.4842608, -23.358921000000002], [22.486194700000002, -23.3604784], [22.486941700000003, -23.3610854], [22.487372200000003, -23.3614387], [22.488547, -23.3623793], [22.4890432, -23.362777], [22.489546100000002, -23.3631931], [22.490293100000002, -23.363822300000002], [22.490805400000003, -23.364247000000002], [22.4913016, -23.364671700000002], [22.4919279, -23.365212200000002], [22.4925086, -23.3657305], [22.4934608, -23.3665948], [22.4940643, -23.367154900000003], [22.4950057, -23.368049900000003], [22.4956441, -23.3686729], [22.496373700000003, -23.369395500000003], [22.4967036, -23.3697242], [22.497296300000002, -23.370325], [22.4980286, -23.3710907], [22.4988601, -23.3719709], [22.499235600000002, -23.3723649], [22.499558800000003, -23.372728000000002], [22.4998444, -23.3730456], [22.500276300000003, -23.3735368], [22.5004922, -23.373783000000003], [22.5006357, -23.3739443], [22.500861, -23.374201600000003], [22.501042, -23.3744133], [22.5011896, -23.374594300000002], [22.501439, -23.3748836], [22.5016496, -23.375136], [22.5019044, -23.375442500000002], [22.5021391, -23.375719500000002], [22.502454200000003, -23.376093700000002], [22.502659400000002, -23.3763399], [22.5029156, -23.3766624], [22.5031342, -23.3769296], [22.503441300000002, -23.377305], [22.503708200000002, -23.3776374], [22.504044800000003, -23.378074400000003], [22.5043881, -23.3785114], [22.5049648, -23.379295600000003], [22.505329500000002, -23.3797904], [22.5059599, -23.380641], [22.506124800000002, -23.3808675], [22.506445300000003, -23.3813205], [22.506755100000003, -23.3817735], [22.507005900000003, -23.3821416], [22.507541, -23.3829196], [22.507908500000003, -23.383463600000002], [22.508207600000002, -23.383914200000003], [22.508462400000003, -23.384308100000002], [22.5088687, -23.3849531], [22.509141000000003, -23.385376500000003], [22.509377, -23.385739700000002], [22.5098719, -23.3864942], [22.510293, -23.3871565], [22.511052000000003, -23.388339400000003], [22.511341700000003, -23.388787400000002], [22.511686400000002, -23.389316700000002], [22.512208100000002, -23.3901217], [22.5130382, -23.3914006], [22.513462, -23.3920616], [22.5140843, -23.393027200000002], [22.515224200000002, -23.3948015], [22.515484400000002, -23.3952016], [22.516606900000003, -23.396938300000002], [22.517555100000003, -23.398389400000003], [22.5186172, -23.3999661], [22.519397700000003, -23.4010627], [22.5200764, -23.402014100000002], [22.521068800000002, -23.4033163], [22.521587800000002, -23.403994400000002], [22.522050200000002, -23.4045874], [22.522198000000003, -23.4047698], [22.5229731, -23.405731000000003], [22.523987, -23.4069593], [22.5250546, -23.408200500000003], [22.5261113, -23.4093753], [22.5270313, -23.4103734], [22.5274591, -23.410815200000002], [22.5277314, -23.411103200000003], [22.5279759, -23.411359100000002], [22.528206100000002, -23.4116016], [22.528659400000002, -23.412070500000002], [22.529, -23.4124114], [22.529340700000002, -23.4127535], [22.529745700000003, -23.413147300000002], [22.530266, -23.413649500000002], [22.5310574, -23.4144086], [22.531782800000002, -23.415077], [22.532216000000002, -23.415481900000003], [22.5326331, -23.415861000000003], [22.5330824, -23.4162597], [22.5335021, -23.416626400000002], [22.534061400000002, -23.4171212], [22.5353904, -23.4182817], [22.5363064, -23.4190939], [22.537278800000003, -23.419914700000003], [22.5378969, -23.420477100000003], [22.538342800000002, -23.420866800000002], [22.539160300000002, -23.4215933], [22.539973200000002, -23.422318100000002], [22.5409694, -23.423248400000002], [22.542144200000003, -23.424384200000002], [22.5423709, -23.4246082], [22.542597500000003, -23.4248334], [22.5428362, -23.4250721], [22.5430065, -23.4252456], [22.5434129, -23.4256591], [22.54372, -23.4259704], [22.544703300000002, -23.4269831], [22.545133500000002, -23.4274311], [22.545332000000002, -23.4276501], [22.5455533, -23.427887600000002], [22.5459342, -23.428299900000003], [22.5464062, -23.428829], [22.5468984, -23.429380300000002], [22.547243100000003, -23.429770400000002], [22.547457700000002, -23.4300189], [22.5479136, -23.430549300000003], [22.548204000000002, -23.4308932], [22.548953, -23.431787200000002], [22.5493205, -23.4322339], [22.549696, -23.4327064], [22.5500802, -23.433189300000002], [22.550280700000002, -23.433448400000003], [22.5504912, -23.433714100000003], [22.5508372, -23.4341571], [22.551318700000003, -23.4347871], [22.551444800000002, -23.434956900000003], [22.551861900000002, -23.435510700000002], [22.552025500000003, -23.4357334], [22.552185100000003, -23.435954900000002], [22.5524144, -23.436271100000003], [22.5526826, -23.4366488], [22.552856300000002, -23.4368906], [22.5530608, -23.4371829], [22.5534725, -23.4377636], [22.553893900000002, -23.438373900000002], [22.554428700000003, -23.439175000000002], [22.554929, -23.4399304], [22.5559431, -23.4415176], [22.5565725, -23.4425445], [22.557147800000003, -23.4434654], [22.558112700000002, -23.445004700000002], [22.558611600000003, -23.445800700000003], [22.558871800000002, -23.446224], [22.559093400000002, -23.446577], [22.559911200000002, -23.4478973], [22.5607161, -23.4491866], [22.5621273, -23.451453], [22.5632974, -23.453325500000002], [22.563883500000003, -23.4542581], [22.564460500000003, -23.4551561], [22.5648531, -23.4557578], [22.565294400000003, -23.456424600000002], [22.5656417, -23.4569413], [22.566125800000002, -23.457643800000003], [22.566799300000003, -23.458595900000002], [22.567247000000002, -23.4592075], [22.567740500000003, -23.4598841], [22.568408400000003, -23.460773600000003], [22.569039, -23.4616076], [22.5703758, -23.463278300000002], [22.5712005, -23.464252600000002], [22.571576800000003, -23.464701100000003], [22.5717694, -23.464921800000003], [22.5721849, -23.4654053], [22.5725665, -23.465840800000002], [22.573066100000002, -23.466396900000003], [22.5735274, -23.4669062], [22.5740947, -23.4675274], [22.574617, -23.468088400000003], [22.5751491, -23.468648], [22.575961500000002, -23.4694785], [22.577350900000003, -23.4708575], [22.5787486, -23.472211700000003], [22.580542700000002, -23.4738885], [22.581469400000003, -23.4747373], [22.5823696, -23.4755773], [22.583528, -23.476641500000003], [22.5840336, -23.477118700000002], [22.584545900000002, -23.4775923], [22.584973700000003, -23.4779921], [22.585386800000002, -23.4783808], [22.585706000000002, -23.4786785], [22.586046600000003, -23.478986000000003], [22.5865951, -23.4795002], [22.5874521, -23.480294800000003], [22.588014700000002, -23.480828000000002], [22.5883238, -23.481114], [22.588423000000002, -23.4812075], [22.5886551, -23.481440000000003], [22.588958100000003, -23.481737600000002], [22.5894999, -23.4822752], [22.589874100000003, -23.482665700000002], [22.5904293, -23.4832481], [22.590886700000002, -23.4837352], [22.5912179, -23.4841005], [22.5916792, -23.4846036], [22.592058100000003, -23.485030400000003], [22.5925295, -23.485563000000003], [22.592836600000002, -23.4859234], [22.593159800000002, -23.4863146], [22.593403900000002, -23.486611], [22.5936936, -23.4869665], [22.5938947, -23.48721], [22.5941201, -23.4874794], [22.5945345, -23.4880181], [22.594910000000002, -23.4885169], [22.5952868, -23.4890347], [22.595973500000003, -23.489957800000003], [22.5963765, -23.4905408], [22.5965931, -23.490845800000002], [22.5969498, -23.491379600000002], [22.597303800000002, -23.4919097], [22.5980971, -23.493131], [22.5984558, -23.4937128], [22.5986912, -23.494103900000002], [22.5989313, -23.4944969], [22.5994275, -23.4953615], [22.5996877, -23.495828300000003], [22.6002958, -23.4969204], [22.6012239, -23.4986423], [22.601776400000002, -23.4996508], [22.6027045, -23.5012103], [22.6032999, -23.502179400000003], [22.6039785, -23.5032469], [22.6045686, -23.504154500000002], [22.605325, -23.5052491], [22.606494400000003, -23.506865], [22.607891900000002, -23.5086704], [22.6086643, -23.5096247], [22.6094288, -23.5105495], [22.6103461, -23.5116292], [22.611590600000003, -23.5129918], [22.6122464, -23.5137001], [22.612848600000003, -23.514308900000003], [22.613841, -23.5153037], [22.6147208, -23.516163300000002], [22.6180601, -23.5194331], [22.6201496, -23.5214719], [22.6210172, -23.522330200000003], [22.6216274, -23.5229475], [22.6228076, -23.524174700000003], [22.623525100000002, -23.524948100000003], [22.623864400000002, -23.525323200000003], [22.624184900000003, -23.5256712], [22.624627500000003, -23.5261606], [22.6250499, -23.526634], [22.6265667, -23.528404600000002], [22.6268068, -23.5286997], [22.627545700000002, -23.5296182], [22.628571700000002, -23.530898200000003], [22.6290733, -23.531556100000003], [22.629958400000003, -23.5327352], [22.6304425, -23.533398000000002], [22.6307523, -23.5338345], [22.6311748, -23.5344333], [22.6317662, -23.5352853], [22.6320787, -23.5357403], [22.632227500000003, -23.535960300000003], [22.632414, -23.5362456], [22.632785400000003, -23.536817300000003], [22.6334023, -23.5377641], [22.6377583, -23.5447205], [22.638900900000003, -23.5465401], [22.6399738, -23.5482416], [22.6410547, -23.5498349], [22.642218500000002, -23.5514808], [22.6433694, -23.553036300000002], [22.6451853, -23.555369600000002], [22.646180400000002, -23.5565891], [22.647768300000003, -23.558430700000002], [22.6492596, -23.560078], [22.650119200000002, -23.560993800000002], [22.650712000000002, -23.5616097], [22.6510298, -23.561929300000003], [22.6517929, -23.562693900000003], [22.6523481, -23.563245900000002], [22.6527706, -23.5636601], [22.6533419, -23.564207200000002], [22.65508, -23.5658691], [22.6562011, -23.5669423], [22.6574028, -23.568083], [22.6582195, -23.568866], [22.658646, -23.569280300000003], [22.659110000000002, -23.5697216], [22.659918700000002, -23.5704947], [22.6605704, -23.571124100000002], [22.6612034, -23.571726400000003], [22.6619303, -23.572429500000002], [22.662909300000003, -23.573425200000003], [22.663664400000002, -23.5742155], [22.664076100000003, -23.574649400000002], [22.6649639, -23.5756106], [22.665846300000002, -23.5765841], [22.6666966, -23.577557600000002], [22.667267900000002, -23.5782238], [22.6681396, -23.579272300000003], [22.6687163, -23.579976600000002], [22.669014, -23.580357600000003], [22.6692286, -23.580628], [22.6697919, -23.5813311], [22.6719645, -23.584276000000003], [22.672141500000002, -23.584529200000002], [22.672340000000002, -23.584816800000002], [22.674000300000003, -23.5872233], [22.6769614, -23.591569200000002], [22.6795605, -23.595356900000002], [22.6796919, -23.5955462], [22.6798046, -23.5957097], [22.6799481, -23.5959137], [22.680534100000003, -23.596738300000002], [22.680736600000003, -23.597025900000002], [22.6809324, -23.5972975], [22.681389900000003, -23.597927700000003], [22.682561900000003, -23.599461700000003], [22.6835677, -23.600712700000003], [22.684113200000002, -23.6013886], [22.6842867, -23.601593400000002], [22.685472100000002, -23.602976400000003], [22.686396100000003, -23.604037], [22.6867528, -23.604424100000003], [22.687200800000003, -23.604914400000002], [22.6876299, -23.6053642], [22.688185100000002, -23.6059442], [22.6886639, -23.6064517], [22.689189600000002, -23.6069949], [22.6897851, -23.607595800000002], [22.690536100000003, -23.6083368], [22.6911087, -23.6088935], [22.69133, -23.609114700000003], [22.6916076, -23.6093949], [22.6920958, -23.6098667], [22.6924445, -23.6102096], [22.692643, -23.6104087], [22.6929903, -23.6107613], [22.6934355, -23.611220900000003], [22.693974700000002, -23.6117677], [22.694209400000002, -23.612011000000003], [22.694774000000002, -23.6125788], [22.6954673, -23.613295200000003], [22.6960245, -23.613868800000002], [22.6971504, -23.615081800000002], [22.697854500000002, -23.615819100000003], [22.698612200000003, -23.616628900000002], [22.7002001, -23.6183701], [22.701014100000002, -23.619288], [22.7022815, -23.620720700000003], [22.703331600000002, -23.621922400000003], [22.703644, -23.6222898], [22.7043132, -23.623077400000003], [22.7049328, -23.623809700000002], [22.7054076, -23.6243835], [22.706130400000003, -23.6252473], [22.706586400000003, -23.625792800000003], [22.706810400000002, -23.6260595], [22.707472900000003, -23.626883900000003], [22.708354, -23.6279836], [22.709054100000003, -23.628858400000002], [22.7096611, -23.629636400000003], [22.7103375, -23.6305109], [22.711289700000002, -23.6317543], [22.7119736, -23.632679500000002], [22.7130438, -23.6341059], [22.7139813, -23.635382500000002], [22.714732700000003, -23.636395800000003], [22.715806500000003, -23.637920700000002], [22.716832500000002, -23.639347100000002], [22.7181816, -23.641234200000003], [22.718669300000002, -23.6419099], [22.721106600000002, -23.645308], [22.7230418, -23.648023000000002], [22.724742300000003, -23.6503964], [22.725109500000002, -23.6509131], [22.7262296, -23.652445500000002], [22.72699, -23.653503100000002], [22.7276954, -23.654474800000003], [22.728540300000002, -23.6556013], [22.729471, -23.6567855], [22.729779500000003, -23.6571675], [22.730248900000003, -23.657735000000002], [22.7308403, -23.658424200000002], [22.7317858, -23.659515000000003], [22.7322485, -23.660034600000003], [22.732709800000002, -23.660537], [22.7329753, -23.660819500000002], [22.733349500000003, -23.661218700000003], [22.733672700000003, -23.661551600000003], [22.7341595, -23.662057700000002], [22.7347228, -23.662636300000003], [22.7354591, -23.6633597], [22.736185900000002, -23.6640513], [22.736974500000002, -23.664793200000002], [22.737835500000003, -23.665562100000002], [22.738612, -23.666256100000002], [22.7398297, -23.667300200000003], [22.740564600000003, -23.6679193], [22.741653600000003, -23.668793800000003], [22.7422544, -23.669242200000003], [22.7432039, -23.6699607], [22.7439617, -23.6705097], [22.7448817, -23.6711706], [22.745773500000002, -23.6717835], [22.746744500000002, -23.672443], [22.747934, -23.6732181], [22.7490686, -23.6739341], [22.7494884, -23.6741871], [22.750171, -23.6745962], [22.750889800000003, -23.6750125], [22.7513538, -23.6752815], [22.7518205, -23.675540700000003], [22.752245700000003, -23.6757716], [22.7534178, -23.676409000000003], [22.754544300000003, -23.676987500000003], [22.7552403, -23.6773363], [22.7563454, -23.677870600000002], [22.7571394, -23.6782575], [22.7576195, -23.6784773], [22.758628, -23.6789649], [22.7589708, -23.6791284], [22.7590229, -23.6791461], [22.7591027, -23.679178], [22.7591839, -23.6792112], [22.7592798, -23.6792529], [22.759401800000003, -23.6793064], [22.7607752, -23.6799405], [22.7612753, -23.6801883], [22.761619300000003, -23.6803494], [22.7620413, -23.6805495], [22.7629093, -23.6809537], [22.7635197, -23.681255500000002], [22.763646400000003, -23.6813138], [22.763724200000002, -23.681351900000003], [22.763803300000003, -23.681388700000003], [22.7638764, -23.6814225], [22.7639342, -23.681459200000003], [22.7653529, -23.682074500000002], [22.7655059, -23.682138000000002], [22.766512300000002, -23.682555400000002], [22.767262300000002, -23.682840000000002], [22.7691677, -23.683563000000003], [22.7705276, -23.6840444], [22.7719081, -23.684519700000003], [22.772668000000003, -23.684761700000003], [22.7734995, -23.685017100000003], [22.775120700000002, -23.6854781], [22.775185, -23.685493], [22.775289800000003, -23.685520500000003], [22.776985, -23.685965600000003], [22.7781486, -23.686271100000003], [22.781141, -23.6869598], [22.783571400000003, -23.6874621], [22.7847757, -23.6877293], [22.785633800000003, -23.687912], [22.785867600000003, -23.6879618], [22.786509600000002, -23.6880984], [22.7866624, -23.6881333], [22.7872504, -23.6882595], [22.788441900000002, -23.6885024], [22.7891331, -23.6886607], [22.790445700000003, -23.688947300000002], [22.7922145, -23.689345900000003], [22.792975000000002, -23.6895393], [22.793760900000002, -23.689749300000003], [22.794562900000003, -23.689963000000002], [22.7953206, -23.690185200000002], [22.7957858, -23.690322600000002], [22.7977032, -23.690913300000002], [22.7991917, -23.691426200000002], [22.799246, -23.6914318], [22.7992785, -23.6914398], [22.7994096, -23.691486400000002], [22.799607, -23.691559100000003], [22.799780900000002, -23.691623800000002], [22.7998522, -23.6916523], [22.799991900000002, -23.6917033], [22.800115, -23.691744800000002], [22.8002244, -23.6917864], [22.8004657, -23.6918811], [22.800522800000003, -23.6918997], [22.800725800000002, -23.6919706], [22.8007725, -23.691989200000002], [22.801043500000002, -23.692094700000002], [22.8012111, -23.6921609], [22.8013571, -23.6922171], [22.8015791, -23.6922934], [22.801629600000002, -23.692316], [22.8016727, -23.6923381], [22.8017377, -23.6923795], [22.8024646, -23.6926697], [22.803040000000003, -23.6929054], [22.8036861, -23.6931893], [22.8043315, -23.693466700000002], [22.8048211, -23.693697200000003], [22.8059301, -23.694196100000003], [22.807043500000002, -23.694735100000003], [22.8076779, -23.695051300000003], [22.809478600000002, -23.6960038], [22.8104201, -23.696524500000002], [22.8112767, -23.697013000000002], [22.8123325, -23.697631], [22.813381200000002, -23.6982757], [22.813980700000002, -23.698650200000003], [22.8146486, -23.699078800000002], [22.814936900000003, -23.699279], [22.8155445, -23.6996989], [22.815897200000002, -23.699945800000002], [22.8166334, -23.700457800000002], [22.8173187, -23.7009478], [22.8178927, -23.7013776], [22.819230100000002, -23.7023885], [22.8203174, -23.703268700000002], [22.8210537, -23.7038827], [22.821617, -23.7043591], [22.822004600000003, -23.7047017], [22.822895000000003, -23.705491300000002], [22.8234208, -23.7059837], [22.824228100000003, -23.706745], [22.825059600000003, -23.707570200000003], [22.8255652, -23.708069300000002], [22.8258361, -23.7083438], [22.8261714, -23.7086937], [22.8267306, -23.709295400000002], [22.8272389, -23.709856600000002], [22.8284486, -23.7112152], [22.829536700000002, -23.7124954], [22.8299847, -23.7130668], [22.8301075, -23.7132234], [22.8308947, -23.7142328], [22.8315819, -23.7151572], [22.832352500000002, -23.7162477], [22.833106200000003, -23.7173343], [22.8334039, -23.7177726], [22.8357013, -23.7212351], [22.836398600000003, -23.7222775], [22.8368566, -23.7229436], [22.8377129, -23.724169500000002], [22.838649, -23.7254304], [22.8393102, -23.726309500000003], [22.8402302, -23.7274709], [22.8407304, -23.728093400000002], [22.841360700000003, -23.7288742], [22.8421801, -23.7298478], [22.8429955, -23.7307956], [22.8443058, -23.7322741], [22.845373300000002, -23.7334843], [22.846345600000003, -23.734592900000003], [22.8477055, -23.736105300000002], [22.848284800000002, -23.7367634], [22.8491995, -23.7378056], [22.849868700000002, -23.7385778], [22.850065800000003, -23.7388148], [22.8506505, -23.739523100000003], [22.851274200000002, -23.7402842], [22.8524676, -23.7417704], [22.853191900000002, -23.742744300000002], [22.853778000000002, -23.743515300000002], [22.8542796, -23.744227900000002], [22.854887100000003, -23.7450639], [22.855293500000002, -23.745655600000003], [22.8557662, -23.7463467], [22.8562255, -23.747026100000003], [22.8567499, -23.747831400000003], [22.8576739, -23.7492799], [22.8579408, -23.7497095], [22.858347100000003, -23.7503712], [22.858627400000003, -23.7508462], [22.859369100000002, -23.7521093], [22.8598237, -23.752912100000003], [22.8601576, -23.753533200000003], [22.8605653, -23.7542808], [22.860847, -23.754824600000003], [22.861241200000002, -23.7555881], [22.8616986, -23.7564841], [22.8621519, -23.7573937], [22.8645363, -23.762129100000003], [22.864670500000003, -23.762399100000003], [22.8653383, -23.7636977], [22.866118800000002, -23.7652676], [22.8666741, -23.7663784], [22.867218700000002, -23.7674509], [22.868429600000002, -23.7697989], [22.8688319, -23.7705501], [22.869581, -23.771878500000003], [22.8701389, -23.772860400000003], [22.8706406, -23.773674300000003], [22.8712185, -23.774651300000002], [22.872211500000002, -23.776235], [22.8731073, -23.7776022], [22.8740944, -23.779051600000003], [22.8751445, -23.780510800000002], [22.8760537, -23.781720800000002], [22.876410500000002, -23.782193300000003], [22.8772151, -23.7832352], [22.878200900000003, -23.784461200000003], [22.880330500000003, -23.7870776], [22.8836055, -23.7911055], [22.884011700000002, -23.791601200000002], [22.886179600000002, -23.794270200000003], [22.8866158, -23.7947929], [22.8876074, -23.796081100000002], [22.888118300000002, -23.796749900000002], [22.888654000000002, -23.797456800000003], [22.8892153, -23.798216200000002], [22.8894795, -23.798581900000002], [22.889989200000002, -23.799299700000002], [22.890299000000002, -23.799741500000003], [22.8905712, -23.800143900000002], [22.8908984, -23.8006274], [22.8913866, -23.8013391], [22.891878700000003, -23.802069600000003], [22.8921765, -23.8025318], [22.892679400000002, -23.803337900000002], [22.8937619, -23.8050727], [22.8942361, -23.8058739], [22.8952342, -23.8076876], [22.8956379, -23.808415200000002], [22.8961864, -23.809452], [22.896607500000002, -23.810259400000003], [22.897830600000002, -23.8125722], [22.899053700000003, -23.8148887], [22.8994493, -23.815638], [22.9004686, -23.817592700000002], [22.9015562, -23.819657600000003], [22.9021034, -23.820697900000003], [22.9026707, -23.821739500000003], [22.9029603, -23.8222609], [22.903229900000003, -23.8227455], [22.903539700000003, -23.823281700000003], [22.9038404, -23.823801900000003], [22.9041311, -23.8243049], [22.9044396, -23.824825], [22.9047655, -23.8253501], [22.9050444, -23.8257967], [22.905348800000002, -23.8262849], [22.905664, -23.8267855], [22.905997900000003, -23.827302000000003], [22.9063331, -23.827810500000002], [22.906656400000003, -23.8282969], [22.906994400000002, -23.828802300000003], [22.9076515, -23.829767800000003], [22.908338200000003, -23.830732], [22.909041000000002, -23.8316987], [22.909750300000002, -23.8326421], [22.910500000000003, -23.8336235], [22.911251, -23.834569300000002], [22.9120248, -23.835530900000002], [22.9128067, -23.836458500000003], [22.9135846, -23.837371100000002], [22.914373100000002, -23.838285000000003], [22.9151829, -23.8392185], [22.9167965, -23.841085500000002], [22.9176025, -23.8420141], [22.918376300000002, -23.842913300000003], [22.920241, -23.8450835], [22.9207235, -23.8456338], [22.921378500000003, -23.8463762], [22.9218094, -23.846872100000002], [22.9223098, -23.8474794], [22.923064800000002, -23.8483558], [22.923429600000002, -23.8487802], [22.9238038, -23.8492193], [22.9239801, -23.8494376], [22.9248559, -23.8505201], [22.9252897, -23.8510665], [22.9256572, -23.851525300000002], [22.9259871, -23.851952100000002], [22.9263988, -23.852490600000003], [22.926665, -23.852834], [22.926878300000002, -23.853123500000002], [22.927072000000003, -23.8533823], [22.927251100000003, -23.8536319], [22.927575, -23.8540753], [22.9277553, -23.854330400000002], [22.9279887, -23.854649900000002], [22.928160400000003, -23.8548848], [22.9283213, -23.8551068], [22.9284876, -23.8553454], [22.928659200000002, -23.8555919], [22.928824900000002, -23.855828600000002], [22.9289697, -23.856050600000003], [22.929125300000003, -23.856289200000003], [22.9293063, -23.856556], [22.9294458, -23.856754000000002], [22.929634200000002, -23.857038000000003], [22.9298012, -23.857279600000002], [22.9299527, -23.8575151], [22.9300889, -23.857715000000002], [22.9302518, -23.857962200000003], [22.9303832, -23.8581682], [22.9305093, -23.8583767], [22.930674900000003, -23.8586318], [22.930837200000003, -23.8588863], [22.930993400000002, -23.8591322], [22.931130200000002, -23.859345], [22.931264300000002, -23.859567700000003], [22.9314293, -23.8598283], [22.9315882, -23.8600895], [22.9320556, -23.860863400000003], [22.9322574, -23.8611983], [22.932468, -23.8615527], [22.932727500000002, -23.8620108], [22.9329173, -23.862355400000002], [22.9329897, -23.862471900000003], [22.9330976, -23.862650400000003], [22.933236400000002, -23.8629], [22.9333893, -23.8631864], [22.9335382, -23.863471500000003], [22.933715900000003, -23.863795300000003], [22.933860000000003, -23.8640621], [22.934019600000003, -23.864361900000002], [22.934163100000003, -23.8646336], [22.934308, -23.8649169], [22.9344146, -23.8651199], [22.934566800000002, -23.8654069], [22.9347116, -23.865687700000002], [22.9348759, -23.8659962], [22.935042900000003, -23.8663297], [22.9352246, -23.8666915], [22.935381500000002, -23.8670049], [22.9355505, -23.8673471], [22.9356739, -23.867590500000002], [22.935822100000003, -23.867888500000003], [22.935945500000003, -23.868134400000002], [22.9360588, -23.868376], [22.9362365, -23.868750700000003], [22.936438300000002, -23.869176300000003], [22.9369444, -23.8702344], [22.937562800000002, -23.8715116], [22.937888100000002, -23.872198700000002], [22.938345400000003, -23.8731602], [22.9388925, -23.8742872], [22.939641400000003, -23.8758015], [22.9405247, -23.8776437], [22.940745900000003, -23.8780925], [22.9410075, -23.8786321], [22.941188500000003, -23.879009800000002], [22.9414447, -23.879477], [22.941690100000002, -23.8799528], [22.9419529, -23.880433500000002], [22.942305700000002, -23.881094500000003], [22.9427348, -23.8818732], [22.943164000000003, -23.882647000000002], [22.9436696, -23.8834956], [22.9439981, -23.8840743], [22.944383400000003, -23.884708], [22.9449648, -23.885648200000002], [22.9454885, -23.886460500000002], [22.9461042, -23.8874424], [22.946392000000003, -23.887872], [22.946688400000003, -23.888313500000002], [22.9473589, -23.889309100000002], [22.9478323, -23.8899921], [22.9483406, -23.890703300000002], [22.9487832, -23.8913385], [22.949267300000002, -23.8920092], [22.9499044, -23.892886], [22.9504515, -23.8936388], [22.950992000000003, -23.894384300000002], [22.951539200000003, -23.8951029], [22.9517913, -23.8954585], [22.9520394, -23.8958079], [22.952295000000003, -23.896151000000003], [22.9529983, -23.8971233], [22.953929000000002, -23.8983816], [22.954281700000003, -23.8988702], [22.954639800000002, -23.8993606], [22.9549778, -23.899821000000003], [22.9553252, -23.900303400000002], [22.955386500000003, -23.9003765], [22.9555283, -23.900572], [22.9558421, -23.900994500000003], [22.955997, -23.901213900000002], [22.9561677, -23.901461400000002], [22.9567668, -23.902263400000002], [22.957262200000002, -23.902945600000002], [22.961146900000003, -23.908256], [22.961357600000003, -23.9085459], [22.9632945, -23.911198300000002], [22.9643212, -23.912628400000003], [22.9650231, -23.913618000000003], [22.9656382, -23.9144833], [22.965993400000002, -23.9149883], [22.9662913, -23.9154199], [22.966994, -23.9164767], [22.9674675, -23.917202500000002], [22.967820200000002, -23.9177541], [22.968779100000003, -23.9192927], [22.9690942, -23.919826], [22.970403100000002, -23.9220632], [22.970781300000002, -23.9227424], [22.971665100000003, -23.9243373], [22.971926500000002, -23.924813500000003], [22.9729512, -23.926668900000003], [22.975127800000003, -23.9306516], [22.9761431, -23.932501400000003], [22.976655400000002, -23.9334366], [22.977334000000003, -23.934680800000002], [22.978677700000002, -23.9371434], [22.9801828, -23.9398942], [22.980968400000002, -23.9413354], [22.981475300000003, -23.942233100000003], [22.9826863, -23.9444757], [22.9834298, -23.9458242], [22.9837838, -23.946469800000003], [22.983848100000003, -23.9465873], [22.9841681, -23.9471652], [22.984707, -23.948138200000002], [22.985077200000003, -23.9487796], [22.986212100000003, -23.9507854], [22.9870771, -23.9522353], [22.987418700000003, -23.9527854], [22.988282400000003, -23.9541249], [22.9904335, -23.957303200000002], [22.9911715, -23.9584306], [22.9919569, -23.959517], [22.9936244, -23.9618842], [22.995295000000002, -23.9642231], [22.9990746, -23.9695399], [22.999562100000002, -23.9702291], [22.999996000000003, -23.9708422], [23.000960900000003, -23.972189800000002], [23.001900300000003, -23.9735145], [23.0023704, -23.974177400000002], [23.0028441, -23.9748467], [23.0039468, -23.976382500000003], [23.005067800000003, -23.9779516], [23.0061845, -23.9795029], [23.006744700000002, -23.9802804], [23.007027500000003, -23.980669300000002], [23.007306, -23.9810631], [23.007777, -23.981714], [23.008235300000003, -23.9823513], [23.0091664, -23.9836396], [23.0100975, -23.9849274], [23.010614800000003, -23.9856449], [23.011031300000003, -23.986218800000003], [23.011504000000002, -23.986877500000002], [23.0120267, -23.987604100000002], [23.013030800000003, -23.9889997], [23.0135317, -23.9896932], [23.014051000000002, -23.990368200000002], [23.015685100000002, -23.9926262], [23.0165572, -23.9939062], [23.016794, -23.9942379], [23.0170353, -23.994574500000002], [23.0179934, -23.9958956], [23.018688400000002, -23.996817500000002], [23.018959900000002, -23.9971821], [23.020241600000002, -23.9989628], [23.0209303, -23.9998998], [23.0215083, -24.000699], [23.022167200000002, -24.0016059], [23.023336500000003, -24.003313600000002], [23.024337000000003, -24.0046919], [23.0253033, -24.006026700000003], [23.0259503, -24.0069057], [23.026260100000002, -24.0073332], [23.0266571, -24.0078919], [23.0272298, -24.008699200000002], [23.0282363, -24.010113500000003], [23.028715700000003, -24.010778100000003], [23.0292458, -24.011505800000002], [23.029751, -24.0122013], [23.030267400000003, -24.0129091], [23.031874000000002, -24.0151374], [23.0326941, -24.0162638], [23.0335213, -24.017419800000003], [23.0352777, -24.0198518], [23.0356801, -24.0204153], [23.0361508, -24.0210639], [23.037057, -24.02233], [23.037572400000002, -24.023042800000002], [23.037820500000002, -24.0233932], [23.0382858, -24.024054600000003], [23.038799500000003, -24.024795700000002], [23.0391803, -24.0253653], [23.0395907, -24.0259924], [23.0403701, -24.0272313], [23.0408058, -24.027952300000003], [23.041068600000003, -24.028382200000003], [23.0414937, -24.0291196], [23.0419084, -24.029794000000003], [23.0430122, -24.0318937], [23.0440606, -24.0338917], [23.044650700000002, -24.035019100000003], [23.045010100000002, -24.035683600000002], [23.045322600000002, -24.036280100000003], [23.046342000000003, -24.038208], [23.047921000000002, -24.041235], [23.0487444, -24.0427751], [23.0491555, -24.0435467], [23.0501015, -24.045283], [23.0504396, -24.0459266], [23.0509659, -24.0469313], [23.051328100000003, -24.047597800000002], [23.0522503, -24.049291800000002], [23.0529347, -24.050446700000002], [23.053219000000002, -24.050920700000002], [23.0535664, -24.051484000000002], [23.053963300000003, -24.052096300000002], [23.0544139, -24.052780900000002], [23.054663400000003, -24.053160600000002], [23.0550271, -24.053697300000003], [23.0552709, -24.0540656], [23.055736300000003, -24.0547293], [23.0563974, -24.055646600000003], [23.057199400000002, -24.0567096], [23.0577882, -24.0574884], [23.057973200000003, -24.057718700000002], [23.058203900000002, -24.058001500000003], [23.0587108, -24.0586273], [23.059005900000002, -24.058995900000003], [23.059244600000003, -24.0592861], [23.059550400000003, -24.059643700000002], [23.0600385, -24.0602181], [23.0604382, -24.0606638], [23.0608365, -24.061115700000002], [23.061236100000002, -24.061561400000002], [23.0616117, -24.0619821], [23.06236, -24.062797600000003], [23.0627885, -24.063227400000002], [23.063462400000002, -24.063912600000002], [23.0637909, -24.064267700000002], [23.064375700000003, -24.0648383], [23.065462, -24.0658706], [23.0666435, -24.0669678], [23.067456200000002, -24.067730700000002], [23.0683346, -24.0685474], [23.0694504, -24.069593100000002], [23.0699225, -24.0700389], [23.0704281, -24.070525], [23.071557300000002, -24.071580500000003], [23.0728179, -24.072756000000002], [23.0738372, -24.0737147], [23.074427200000002, -24.074268200000002], [23.075218500000002, -24.074986900000003], [23.0761982, -24.075908300000002], [23.076640100000002, -24.0763363], [23.077051700000002, -24.076717900000002], [23.0771021, -24.0767394], [23.077136300000003, -24.076768100000002], [23.077162400000002, -24.076791800000002], [23.0774581, -24.077070900000002], [23.0777666, -24.0773636], [23.0780621, -24.0776292], [23.0781035, -24.0776657], [23.078280900000003, -24.0778371], [23.078319500000003, -24.077877500000003], [23.078635600000002, -24.078168], [23.0789508, -24.0784704], [23.079062800000003, -24.0785868], [23.079121100000002, -24.0786468], [23.0791715, -24.07872], [23.0806875, -24.0802324], [23.0813802, -24.080936400000002], [23.0817336, -24.0813123], [23.0820411, -24.081626200000002], [23.083068, -24.082731900000002], [23.0835736, -24.0832933], [23.0839736, -24.083712000000002], [23.0840497, -24.083791700000003], [23.0844869, -24.084281400000002], [23.084865100000002, -24.084707400000003], [23.0850475, -24.084914400000002], [23.0852097, -24.0851152], [23.085697900000003, -24.0856771], [23.087301800000002, -24.087617700000003], [23.087598200000002, -24.087986200000003], [23.088980900000003, -24.089772500000002], [23.090024000000003, -24.091148], [23.0916283, -24.0933768], [23.0917932, -24.093614300000002], [23.0920641, -24.094011000000002], [23.092400700000002, -24.0944921], [23.093259900000003, -24.0956948], [23.094401700000002, -24.0973121], [23.095512600000003, -24.098865500000002], [23.0962685, -24.099943600000003], [23.0970477, -24.101041700000003], [23.0971684, -24.101209400000002], [23.097301100000003, -24.101394300000003], [23.097433900000002, -24.101582800000003], [23.097557300000002, -24.1017493], [23.097770500000003, -24.102040600000002], [23.0986169, -24.1031872], [23.0992368, -24.1040324], [23.100027, -24.1050316], [23.100833, -24.106015000000003], [23.1011375, -24.1064009], [23.1017306, -24.1071366], [23.1024703, -24.107983200000003], [23.1033, -24.108930500000003], [23.1042117, -24.109939800000003], [23.1051518, -24.1109563], [23.105827, -24.1116603], [23.1066046, -24.112468], [23.1074832, -24.1133448], [23.1080605, -24.113902000000003], [23.1086536, -24.1144678], [23.109262400000002, -24.115046500000002], [23.1098997, -24.115655500000003], [23.1104486, -24.116162300000003], [23.111355600000003, -24.1169656], [23.1121853, -24.117698400000002], [23.112909300000002, -24.1183218], [23.113742100000003, -24.1190128], [23.1145292, -24.119660600000003], [23.115455100000002, -24.1203387], [23.116243800000003, -24.1209707], [23.117144500000002, -24.1216632], [23.117699700000003, -24.1220979], [23.118409500000002, -24.1226306], [23.1192029, -24.1232583], [23.1200452, -24.1238931], [23.120728200000002, -24.1244085], [23.1213923, -24.1249268], [23.121856, -24.125275100000003], [23.1225658, -24.1258035], [23.123089500000003, -24.126195000000003], [23.1237268, -24.126684500000003], [23.1245675, -24.127315000000003], [23.125162200000002, -24.127777100000003], [23.1259903, -24.128429200000003], [23.1266275, -24.12891], [23.1274714, -24.129565000000003], [23.128397300000003, -24.130306400000002], [23.1296892, -24.1313658], [23.130361100000002, -24.131922900000003], [23.130856400000003, -24.1323562], [23.131600900000002, -24.1330141], [23.132446400000003, -24.133785600000003], [23.1331956, -24.134455000000003], [23.133818700000003, -24.1350452], [23.134673600000003, -24.135868600000002], [23.1354465, -24.136615600000003], [23.135853500000003, -24.1370316], [23.1365081, -24.137696700000003], [23.1370949, -24.138315600000002], [23.137885100000002, -24.1391361], [23.1383504, -24.139635600000002], [23.138814200000002, -24.140150900000002], [23.139318900000003, -24.1406907], [23.139688000000003, -24.141087900000002], [23.140136000000002, -24.141570100000003], [23.1405934, -24.1420624], [23.141090300000002, -24.1425878], [23.1417733, -24.1433319], [23.142338000000002, -24.1439509], [23.1427938, -24.1444431], [23.1434295, -24.145113900000002], [23.1440005, -24.145741400000002], [23.1445605, -24.146338800000002], [23.145218200000002, -24.147036800000002], [23.146346100000002, -24.1482847], [23.147182, -24.1491872], [23.148290900000003, -24.1503818], [23.148975500000002, -24.1511087], [23.1495134, -24.1516729], [23.150024400000003, -24.1521982], [23.150616000000003, -24.1527955], [23.151218500000002, -24.153402900000003], [23.1518826, -24.154041900000003], [23.1525813, -24.154715500000002], [23.153067200000002, -24.1551659], [23.1536255, -24.1556941], [23.1542186, -24.1562367], [23.155072, -24.156980800000003], [23.1559995, -24.1577997], [23.1568165, -24.1585021], [23.157278700000003, -24.158886300000002], [23.157980600000002, -24.159450500000002], [23.1588892, -24.1601989], [23.1597551, -24.160871], [23.1610517, -24.1618467], [23.161805700000002, -24.1624008], [23.162365700000002, -24.162819600000002], [23.1634777, -24.1636068], [23.1646639, -24.164430000000003], [23.165962, -24.165351100000002], [23.167012600000003, -24.1660922], [23.167924300000003, -24.166744100000003], [23.1691246, -24.167575900000003], [23.1709165, -24.1688207], [23.172176800000003, -24.1697288], [23.1732605, -24.170484300000002], [23.1740949, -24.1710542], [23.1748772, -24.171644200000003], [23.1756943, -24.1722529], [23.176479800000003, -24.1728588], [23.177566600000002, -24.1736934], [23.178218100000002, -24.1742287], [23.1787639, -24.1746993], [23.1798995, -24.1756764], [23.1805668, -24.176264900000003], [23.181609400000003, -24.1772291], [23.1823839, -24.177927], [23.182806600000003, -24.178344300000003], [23.1833555, -24.1788825], [23.184089, -24.1796264], [23.184761, -24.180308500000002], [23.1855197, -24.181122900000002], [23.1861159, -24.181773300000003], [23.1870623, -24.182828100000002], [23.187974, -24.1838382], [23.1889362, -24.1849217], [23.189717, -24.185786500000003], [23.1901082, -24.186234000000002], [23.1910704, -24.1872988], [23.1918796, -24.188206700000002], [23.193007400000003, -24.189412400000002], [23.193677700000002, -24.1900729], [23.194004300000003, -24.190408100000003], [23.1944932, -24.190910300000002], [23.1956668, -24.192067100000003], [23.1963025, -24.1926729], [23.197312, -24.1936095], [23.198070700000002, -24.1942901], [23.1983578, -24.194539000000002], [23.1989398, -24.1950699], [23.199777400000002, -24.1957792], [23.2001609, -24.196110200000003], [23.2003784, -24.196301300000002], [23.202612300000002, -24.198124], [23.204877800000002, -24.199857400000003], [23.2054009, -24.2002494], [23.2061981, -24.2008188], [23.2068264, -24.2012812], [23.207398400000002, -24.201675100000003], [23.2081494, -24.202192500000002], [23.208992300000002, -24.202766200000003], [23.2097836, -24.2032977], [23.2106144, -24.203853000000002], [23.2111817, -24.2042377], [23.211779800000002, -24.2046506], [23.212226400000002, -24.2049527], [23.2126261, -24.2052175], [23.213367, -24.205722700000003], [23.2141033, -24.2062291], [23.214949500000003, -24.206802800000002], [23.2157689, -24.207348300000003], [23.2169022, -24.2081275], [23.2175446, -24.2085568], [23.2180971, -24.2089372], [23.218617400000003, -24.2092895], [23.219124400000002, -24.2096479], [23.219766800000002, -24.2100894], [23.22033, -24.2104918], [23.2211575, -24.211112], [23.222052, -24.2117933], [23.2225697, -24.212192], [23.223367600000003, -24.212828000000002], [23.2241575, -24.213465300000003], [23.225120500000003, -24.2142713], [23.2258876, -24.2149673], [23.226885300000003, -24.2158222], [23.227641700000003, -24.2165292], [23.2283753, -24.217222600000003], [23.2291478, -24.2179687], [23.2302153, -24.2189337], [23.230906, -24.2195673], [23.231839400000002, -24.220380600000002], [23.232693700000002, -24.2210949], [23.2332113, -24.221500900000002], [23.2340012, -24.222147900000003], [23.234370100000003, -24.222420600000003], [23.234506800000002, -24.222520900000003], [23.2346678, -24.2226359], [23.235459000000002, -24.2232266], [23.236098700000003, -24.2237134], [23.236860500000002, -24.2242564], [23.238086300000003, -24.225117400000002], [23.2389432, -24.2256983], [23.2398136, -24.2262756], [23.240789900000003, -24.2269103], [23.2416948, -24.227480200000002], [23.2431261, -24.228351], [23.243981700000003, -24.2288292], [23.245007700000002, -24.229417400000003], [23.246057800000003, -24.229983700000002], [23.246896000000003, -24.230422700000002], [23.247828000000002, -24.2308886], [23.2483967, -24.231154], [23.249327400000002, -24.231616300000002], [23.2504874, -24.232159300000003], [23.2515657, -24.232647200000002], [23.252343500000002, -24.232966400000002], [23.2531053, -24.233291700000002], [23.2540601, -24.2336892], [23.2548849, -24.2340047], [23.255359700000003, -24.2341771], [23.2561912, -24.234484100000003], [23.257113800000003, -24.2348228], [23.2578903, -24.2350968], [23.2590772, -24.2355003], [23.260073700000003, -24.235817], [23.2612726, -24.236203500000002], [23.262641900000002, -24.236647400000003], [23.2640594, -24.237090100000003], [23.2653925, -24.237510800000003], [23.266489500000002, -24.237889900000003], [23.267428300000002, -24.2381992], [23.268377800000003, -24.2385392], [23.26957, -24.2389684], [23.270519500000002, -24.2393377], [23.2715052, -24.2397242], [23.2726143, -24.2401717], [23.273486000000002, -24.2405288], [23.274406000000003, -24.2409238], [23.274727900000002, -24.241058300000002], [23.2752644, -24.241309], [23.276368100000003, -24.2418067], [23.2773873, -24.2422873], [23.278167800000002, -24.2426505], [23.279031500000002, -24.2430564], [23.2796176, -24.243342600000002], [23.280785700000003, -24.243952800000002], [23.2817566, -24.2444615], [23.2822193, -24.244706], [23.2830696, -24.245160900000002], [23.284237700000002, -24.2458151], [23.285059800000003, -24.2462847], [23.286344600000003, -24.247035500000003], [23.2875663, -24.247709200000003], [23.288914100000003, -24.248471000000002], [23.2900245, -24.249086100000003], [23.290903, -24.2495948], [23.291632500000002, -24.250015400000002], [23.292708100000002, -24.250620700000002], [23.293888300000003, -24.251281000000002], [23.29465, -24.2517211], [23.2954493, -24.252165], [23.296309, -24.252615000000002], [23.297428800000002, -24.253219], [23.298025600000003, -24.2535284], [23.2993278, -24.2541581], [23.300135100000002, -24.254561600000002], [23.3009103, -24.2549272], [23.301994, -24.255419], [23.3042175, -24.2563993], [23.305782500000003, -24.2570632], [23.307076700000003, -24.2575988], [23.310589, -24.259020800000002], [23.312915200000003, -24.259975700000002], [23.3168627, -24.261568800000003], [23.3204126, -24.263012800000002], [23.323465000000002, -24.2642916], [23.325082400000003, -24.2650179], [23.3258052, -24.265340600000002], [23.3265375, -24.2656977], [23.327032300000003, -24.2659397], [23.3279698, -24.2664019], [23.329791, -24.2673042], [23.330442100000003, -24.2676447], [23.3309812, -24.267946600000002], [23.332528200000002, -24.268795700000002], [23.3341777, -24.269709000000002], [23.335720000000002, -24.2706504], [23.3366849, -24.271240300000002], [23.3375452, -24.2717776], [23.3390184, -24.272738500000003], [23.3395529, -24.2731016], [23.3404756, -24.273710400000002], [23.341539100000002, -24.274459200000003], [23.3425006, -24.275139600000003], [23.345229800000002, -24.2771152], [23.348475200000003, -24.279457500000003], [23.350091300000003, -24.2806225], [23.3516148, -24.2817252], [23.353254900000003, -24.2829109], [23.355445000000003, -24.2844757], [23.3573829, -24.285846000000003], [23.358336400000002, -24.2865208], [23.358736, -24.286775000000002], [23.359220200000003, -24.287102700000002], [23.3600175, -24.2876155], [23.3614068, -24.2885072], [23.362782000000003, -24.289356], [23.364446500000003, -24.2903322], [23.366389100000003, -24.2914171], [23.3667371, -24.2916096], [23.3685341, -24.2925472], [23.371425600000002, -24.29397], [23.372525300000003, -24.294468700000003], [23.374964700000003, -24.2955553], [23.3765566, -24.2962288], [23.3781123, -24.2968498], [23.3795797, -24.2973661], [23.3802051, -24.297593900000003], [23.3828679, -24.2985659], [23.384297500000002, -24.299037700000003], [23.3872278, -24.299983800000003], [23.389872, -24.300814000000003], [23.3950907, -24.302531000000002], [23.396850200000003, -24.303151900000003], [23.4007502, -24.3046235], [23.402590200000002, -24.3053862], [23.4046474, -24.3062882], [23.4058759, -24.306850400000002], [23.4081209, -24.3079235], [23.409411000000002, -24.3085688], [23.414330200000002, -24.311142800000002], [23.4159207, -24.3119909], [23.4185708, -24.3133769], [23.4205851, -24.314420600000002], [23.423221700000003, -24.3158065], [23.4252977, -24.316904], [23.4264994, -24.3175175], [23.427947800000002, -24.318275200000002], [23.4284332, -24.318534300000003], [23.4303081, -24.3194851], [23.432311700000003, -24.320453], [23.4334731, -24.3209614], [23.4345567, -24.321467300000002], [23.435447200000002, -24.321854700000003], [23.4377137, -24.3227945], [23.4395725, -24.3235253], [23.441530500000002, -24.324197400000003], [23.4433249, -24.324839], [23.4450629, -24.325417], [23.4466079, -24.3258863], [23.4475534, -24.326163700000002], [23.449212300000003, -24.326626800000003], [23.451059, -24.327108300000003], [23.452286100000002, -24.327411400000003], [23.455081, -24.328088400000002], [23.4571785, -24.328596700000002], [23.458516900000003, -24.328907100000002], [23.4607673, -24.3294472], [23.462663600000003, -24.329916500000003], [23.4634937, -24.330107100000003], [23.4651299, -24.3305189], [23.466265800000002, -24.330825700000002], [23.466912200000003, -24.3309992], [23.467580100000003, -24.331173900000003], [23.4684706, -24.3314318], [23.4698901, -24.331844200000003], [23.471612800000003, -24.3323788], [23.4725247, -24.332673300000003], [23.4752686, -24.333597100000002], [23.476253, -24.3339441], [23.477390900000003, -24.334366300000003], [23.4783961, -24.3347476], [23.479848500000003, -24.335312700000003], [23.481801100000002, -24.3361339], [23.482619200000002, -24.336448500000003], [23.483926800000003, -24.337005100000002], [23.486407800000002, -24.338136600000002], [23.488542900000002, -24.339156900000003], [23.4900315, -24.3398925], [23.4914853, -24.3406489], [23.492397200000003, -24.341127800000002], [23.494010600000003, -24.3420284], [23.495963200000002, -24.343101200000003], [23.4967343, -24.343555700000003], [23.4973271, -24.3438954], [23.497932000000002, -24.344261900000003], [23.4991188, -24.3449853], [23.4999517, -24.345510700000002], [23.5001555, -24.345633900000003], [23.5011356, -24.346268600000002], [23.5018315, -24.3467108], [23.502594400000003, -24.347222600000002], [23.503124900000003, -24.3475758], [23.5040161, -24.348183900000002], [23.504784200000003, -24.348715000000002], [23.5055085, -24.349242800000003], [23.5064864, -24.349943900000003], [23.507317800000003, -24.3505407], [23.508088100000002, -24.351117600000002], [23.508453900000003, -24.3513871], [23.509020800000002, -24.3517887], [23.5097349, -24.3523165], [23.510535700000002, -24.352914000000002], [23.5113293, -24.3534955], [23.5119705, -24.3539715], [23.512762600000002, -24.3545404], [23.5137129, -24.355247400000003], [23.5139539, -24.3554238], [23.5142317, -24.355627100000003], [23.5143738, -24.3557264], [23.514622300000003, -24.355911300000002], [23.5151593, -24.356302300000003], [23.516109500000002, -24.3570053], [23.5169286, -24.357600100000003], [23.517564, -24.3580694], [23.5195133, -24.359505300000002], [23.5207112, -24.3603974], [23.5213569, -24.3608568], [23.5223027, -24.3615578], [23.524172500000002, -24.362881400000003], [23.5253574, -24.3636607], [23.5258733, -24.3639979], [23.5266166, -24.3644785], [23.5273088, -24.364892700000002], [23.528607400000002, -24.365682600000003], [23.529681500000002, -24.366300000000003], [23.530178000000003, -24.366552000000002], [23.5309552, -24.366989], [23.531750900000002, -24.367393900000003], [23.534304300000002, -24.3686763], [23.5360619, -24.369486100000003], [23.5372409, -24.3700052], [23.5385467, -24.3705441], [23.5403175, -24.371230500000003], [23.541301200000003, -24.371592900000003], [23.542368, -24.371965900000003], [23.5438881, -24.372465100000003], [23.545128300000002, -24.372867300000003], [23.5461135, -24.3731487], [23.5471483, -24.373431500000002], [23.5487208, -24.373847], [23.550408400000002, -24.3742492], [23.552332200000002, -24.3746753], [23.5544483, -24.3750749], [23.55598, -24.375313900000002], [23.556573, -24.375408], [23.557895000000002, -24.375590000000003], [23.559372800000002, -24.375774500000002], [23.560419200000002, -24.3758847], [23.562035, -24.376025000000002], [23.563226800000002, -24.376103], [23.5655077, -24.376212000000002], [23.5669556, -24.376297500000003], [23.567703100000003, -24.376341500000002], [23.5692175, -24.3764794], [23.5698931, -24.376541800000002], [23.570595800000003, -24.376624200000002], [23.571695100000003, -24.3767648], [23.573097100000002, -24.3769533], [23.573551700000003, -24.377023100000002], [23.5755982, -24.3773969], [23.577634, -24.377826900000002], [23.579736800000003, -24.3783351], [23.5802018, -24.3784546], [23.581799500000002, -24.378916500000003], [23.5826046, -24.379156700000003], [23.5834629, -24.3794337], [23.5844409, -24.3797493], [23.5846729, -24.3798233], [23.5862923, -24.380429900000003], [23.5871944, -24.3807604], [23.589127, -24.3815518], [23.590555600000002, -24.3821926], [23.592383, -24.3830679], [23.592940900000002, -24.3833589], [23.594217800000003, -24.384025], [23.5960097, -24.3850309], [23.5977196, -24.3860527], [23.598333200000003, -24.3864403], [23.599553, -24.3872341], [23.599895500000002, -24.387479600000002], [23.6004289, -24.3878181], [23.607189100000003, -24.3922524], [23.6132938, -24.396287800000003], [23.6160296, -24.3980563], [23.6185294, -24.3995903], [23.6203976, -24.4006505], [23.620751000000002, -24.4008465], [23.621119800000002, -24.401047400000003], [23.621850000000002, -24.401448000000002], [23.623323900000003, -24.4022247], [23.624821, -24.4029847], [23.626277, -24.4036891], [23.6277629, -24.4043852], [23.6281317, -24.4045482], [23.628511900000003, -24.404722300000003], [23.6288865, -24.4048969], [23.6292878, -24.4050684], [23.6300348, -24.4054049], [23.6304163, -24.405567400000002], [23.6308206, -24.405726400000002], [23.631575700000003, -24.4060339], [23.6323106, -24.406341700000002], [23.6330576, -24.406639600000002], [23.6338046, -24.406926600000002], [23.634567, -24.407216700000003], [23.635324100000002, -24.407497000000003], [23.636088500000003, -24.407768700000002], [23.636862500000003, -24.408041400000002], [23.637634100000003, -24.4083048], [23.6384167, -24.408568000000002], [23.6400086, -24.409079700000003], [23.640792400000002, -24.4093264], [23.641593800000003, -24.4095657], [23.643227000000003, -24.410034000000003], [23.644105, -24.4102734], [23.6450095, -24.410503000000002], [23.645894700000003, -24.4107369], [23.646350700000003, -24.4108462], [23.646834700000003, -24.410960900000003], [23.6475067, -24.411124], [23.6478755, -24.411208300000002], [23.648206700000003, -24.4112864], [23.6495894, -24.411586900000003], [23.650970100000002, -24.411870500000003], [23.6523559, -24.412141700000003], [23.6550869, -24.4126456], [23.6564492, -24.4129009], [23.657142500000003, -24.413031500000002], [23.657830500000003, -24.413158600000003], [23.6586727, -24.413310000000003], [23.659127400000003, -24.4134028], [23.6595377, -24.4134712], [23.6603947, -24.4136385], [23.661273100000003, -24.4138027], [23.662150200000003, -24.413965800000003], [23.662606200000003, -24.414043900000003], [23.6628402, -24.4140751], [23.6630964, -24.414114100000003], [23.663563800000002, -24.414199], [23.663982200000003, -24.4142759], [23.6647815, -24.4144408], [23.6657739, -24.4146533], [23.666739500000002, -24.4148694], [23.6676916, -24.415099], [23.6681624, -24.415216200000003], [23.668668, -24.415338400000003], [23.6691441, -24.415458], [23.669602700000002, -24.4155698], [23.6705462, -24.415814], [23.6724265, -24.4163342], [23.6738158, -24.4167427], [23.6751924, -24.417164000000003], [23.6765335, -24.4176], [23.677872, -24.4180469], [23.678610900000002, -24.418313100000002], [23.6793854, -24.418589100000002], [23.680146500000003, -24.4188663], [23.6808754, -24.4191471], [23.681612, -24.419435], [23.682353900000003, -24.4197235], [23.683076800000002, -24.420019], [23.6838178, -24.420317], [23.6842295, -24.420489800000002], [23.684629100000002, -24.420664400000003], [23.685069000000002, -24.420836], [23.6854586, -24.421002700000003], [23.686253200000003, -24.4213665], [23.6870559, -24.4217237], [23.6886316, -24.4224466], [23.690245700000002, -24.4231836], [23.691143500000003, -24.423603], [23.692079300000003, -24.424025200000003], [23.693937700000003, -24.4248735], [23.694425600000002, -24.4250988], [23.6949375, -24.4253253], [23.695912500000002, -24.425780500000002], [23.6968949, -24.426233800000002], [23.6979055, -24.426682200000002], [23.6986333, -24.4270235], [23.699013100000002, -24.427195400000002], [23.699372500000003, -24.427363300000003], [23.700095100000002, -24.4276915], [23.700829000000002, -24.428025700000003], [23.703790700000003, -24.429365800000003], [23.705754900000002, -24.4301931], [23.706720500000003, -24.430605800000002], [23.7076685, -24.43099], [23.710335, -24.432025300000003], [23.713775100000003, -24.4332418], [23.7173595, -24.4343517], [23.719868700000003, -24.435038000000002], [23.722191000000002, -24.435624], [23.728885100000003, -24.4372073], [23.731107100000003, -24.4377144], [23.733336, -24.438222300000003], [23.737774700000003, -24.4392619], [23.7429142, -24.4404639], [23.745473, -24.441028000000003], [23.7479984, -24.4416237], [23.7491719, -24.441909000000003], [23.7506041, -24.4422514], [23.7520498, -24.442625000000003], [23.754912200000003, -24.443418700000002], [23.756562600000002, -24.4439008], [23.758173300000003, -24.4444197], [23.759724900000002, -24.4449398], [23.761208, -24.4454613], [23.7626646, -24.446000700000003], [23.7641171, -24.4465587], [23.766880500000003, -24.4477103], [23.767301200000002, -24.447891100000003], [23.769323200000002, -24.448759900000002], [23.771700900000003, -24.4498156], [23.775455700000002, -24.451503900000002], [23.7787346, -24.4529691], [23.7810163, -24.4539887], [23.783275500000002, -24.455006500000003], [23.785813400000002, -24.4561788], [23.789329700000003, -24.457742300000003], [23.7907085, -24.458356600000002], [23.792154200000002, -24.4589597], [23.7935972, -24.459543200000002], [23.795057200000002, -24.460119300000002], [23.797934400000003, -24.4611595], [23.8000225, -24.4618635], [23.8003235, -24.4619676], [23.8005552, -24.4620445], [23.800833800000003, -24.4621336], [23.801076100000003, -24.4622041], [23.801383700000002, -24.462302700000002], [23.801873200000003, -24.4624525], [23.802407900000002, -24.4626042], [23.8030446, -24.462792800000003], [23.8035402, -24.4629353], [23.8046006, -24.4632341], [23.805759700000003, -24.4635429], [23.8062076, -24.463652800000002], [23.806636100000002, -24.463760200000003], [23.8070974, -24.4638768], [23.8076875, -24.4640269], [23.808684600000003, -24.4642631], [23.8102437, -24.464621400000002], [23.811279300000002, -24.464854900000002], [23.8118899, -24.4649882], [23.813567600000002, -24.465366000000003], [23.814750800000002, -24.4656379], [23.815537000000003, -24.4658152], [23.817836, -24.466328800000003], [23.820899800000003, -24.467028000000003], [23.8226754, -24.467436900000003], [23.8238834, -24.4677143], [23.8251832, -24.468010000000003], [23.8261217, -24.468213300000002], [23.827996600000002, -24.468639300000003], [23.828876700000002, -24.468841], [23.829923400000002, -24.469092], [23.830742800000003, -24.4693012], [23.832019900000002, -24.4696225], [23.8326733, -24.4697922], [23.8335326, -24.470025900000003], [23.8346632, -24.470358200000003], [23.835648900000002, -24.470652100000002], [23.8366192, -24.4709457], [23.838456500000003, -24.471541000000002], [23.839502600000003, -24.4718972], [23.840333400000002, -24.472187100000003], [23.841021400000002, -24.472426300000002], [23.841683900000003, -24.472675300000002], [23.8422136, -24.4728682], [23.842966, -24.4731489], [23.8440429, -24.473573700000003], [23.845272700000002, -24.474074100000003], [23.8474721, -24.475024400000002], [23.849057300000002, -24.4757354], [23.850505000000002, -24.476414600000002], [23.85275, -24.4775205], [23.859761000000002, -24.481161], [23.863204600000003, -24.4829592], [23.8652015, -24.483985], [23.8671776, -24.4849749], [23.8683598, -24.485536300000003], [23.869463500000002, -24.486045200000003], [23.870500200000002, -24.486513900000002], [23.8714939, -24.486938600000002], [23.872899, -24.4875], [23.873843500000003, -24.487879600000003], [23.875192700000003, -24.488365400000003], [23.876350700000003, -24.488763900000002], [23.877885600000003, -24.4892356], [23.879150300000003, -24.4896041], [23.8808146, -24.490045900000002], [23.8821289, -24.4903669], [23.882743100000003, -24.4905097], [23.8849687, -24.4909906], [23.8894136, -24.491849000000002], [23.891301700000003, -24.4921912], [23.8929861, -24.492504200000003], [23.894234, -24.492728800000002], [23.8960861, -24.4930665], [23.8989531, -24.493589800000002], [23.903115500000002, -24.4943533], [23.9051878, -24.4947397], [23.906480700000003, -24.4949838], [23.9085165, -24.495395100000003], [23.909189700000002, -24.495522], [23.909788000000002, -24.495661400000003], [23.909829400000003, -24.4956733], [23.9102277, -24.4957734], [23.910898300000003, -24.4959589], [23.9115594, -24.4961468], [23.912374800000002, -24.496404300000002], [23.9131044, -24.4966484], [23.913823200000003, -24.4968998], [23.914243000000003, -24.4970511], [23.914908200000003, -24.4973074], [23.9156216, -24.497604000000003], [23.916339100000002, -24.4979249], [23.916990900000002, -24.498219000000002], [23.9172441, -24.498345500000003], [23.917831800000002, -24.4986132], [23.918393700000003, -24.4988902], [23.918876500000003, -24.499151400000002], [23.9192104, -24.499333200000002], [23.9194317, -24.4994614], [23.919822, -24.499684700000003], [23.920235, -24.499919000000002], [23.921369600000002, -24.500602400000002], [23.922112600000002, -24.501093], [23.9230835, -24.5017593], [23.9243361, -24.5026818], [23.925777, -24.503889], [23.9273348, -24.505303100000003], [23.927528000000002, -24.505498300000003], [23.9276808, -24.505654500000002], [23.9279678, -24.505935200000003], [23.9282468, -24.5062281], [23.9284345, -24.506438000000003], [23.9289764, -24.5070237], [23.929204300000002, -24.507311700000002], [23.929622900000002, -24.5077545], [23.9296876, -24.507831300000003], [23.930151900000002, -24.508349600000003], [23.930979, -24.509296000000003], [23.9313551, -24.509708500000002], [23.9317819, -24.510181600000003], [23.932388500000002, -24.5109424], [23.9325742, -24.5110993], [23.932803900000003, -24.51133], [23.9330253, -24.511588900000003], [23.933365900000002, -24.511955500000003], [23.9340954, -24.5127305], [23.934741300000002, -24.5134116], [23.9348719, -24.5135435], [23.934978500000003, -24.5136381], [23.9350467, -24.513702900000002], [23.935170900000003, -24.513829], [23.9354458, -24.5140987], [23.935668500000002, -24.514312200000003], [23.936085600000002, -24.5147161], [23.9362411, -24.514865], [23.9363786, -24.5149943], [23.936481200000003, -24.5151426], [23.937342400000002, -24.5159105], [23.937956500000002, -24.516454300000003], [23.9391156, -24.5174375], [23.940276200000003, -24.5183752], [23.941783, -24.519499600000003], [23.942701300000003, -24.520167700000002], [23.943497800000003, -24.520720800000003], [23.9444385, -24.521314500000003], [23.945466300000003, -24.5219802], [23.9465039, -24.522618], [23.9466584, -24.5227155], [23.947255400000003, -24.523056500000003], [23.947493400000003, -24.5231935], [23.947884600000002, -24.5234115], [23.9483517, -24.523663600000003], [23.950270300000003, -24.524676200000002], [23.9518302, -24.525419000000003], [23.9544584, -24.5265805], [23.9563904, -24.527335500000003], [23.958649400000002, -24.528122500000002], [23.9603362, -24.5286553], [23.962060700000002, -24.5291381], [23.962783700000003, -24.5293409], [23.9640425, -24.5296492], [23.9650059, -24.5298619], [23.9660674, -24.5300805], [23.9668789, -24.5302484], [23.967717800000003, -24.530388100000003], [23.9687316, -24.5305475], [23.969743100000002, -24.5307034], [23.9711496, -24.530873500000002], [23.9723702, -24.531017600000002], [23.973656300000002, -24.5311373], [23.9751303, -24.531229800000002], [23.9758292, -24.531275800000003], [23.9765021, -24.531308600000003], [23.9795525, -24.5314902], [23.981072700000002, -24.5315675], [23.982825700000003, -24.5316687], [23.985825600000002, -24.5318347], [23.9873495, -24.5319238], [23.98873, -24.532005100000003], [23.9924958, -24.5322044], [23.9943023, -24.5323153], [23.995309000000002, -24.532391], [23.9963394, -24.532481800000003], [23.9976531, -24.5326229], [23.9986672, -24.5327321], [23.9997119, -24.5328476], [24.001116200000002, -24.5330577], [24.0024662, -24.5332839], [24.003819800000002, -24.5335542], [24.005333500000003, -24.533885400000003], [24.0071654, -24.534327100000002], [24.008104200000002, -24.5345772], [24.0094305, -24.5349481], [24.010732800000003, -24.535347], [24.011521300000002, -24.5355995], [24.012854400000002, -24.5360461], [24.014178700000002, -24.5365274], [24.016111900000002, -24.537241700000003], [24.017947900000003, -24.537948], [24.019339300000002, -24.5385013], [24.0209453, -24.539126500000002], [24.0224446, -24.539717000000003], [24.0235215, -24.5401403], [24.0286687, -24.542161800000002], [24.0309244, -24.543024300000003], [24.0327993, -24.543709900000003], [24.0336965, -24.5440295], [24.035562000000002, -24.544651700000003], [24.0366576, -24.5449859], [24.0381262, -24.545414100000002], [24.0386546, -24.5455581], [24.040218300000003, -24.5459521], [24.0418209, -24.5463211], [24.0436099, -24.546677900000002], [24.0455679, -24.5470256], [24.0471089, -24.547259800000003], [24.048971700000003, -24.5474831], [24.0512422, -24.5477014], [24.052744200000003, -24.547816100000002], [24.055120000000002, -24.5479515], [24.058132800000003, -24.5480601], [24.0597005, -24.548107700000003], [24.06203, -24.5481564], [24.063975900000003, -24.548195500000002], [24.065664400000003, -24.548226000000003], [24.0670015, -24.5482589], [24.069119800000003, -24.5482967], [24.0726167, -24.548365], [24.0737218, -24.548394300000002], [24.076074100000003, -24.5484724], [24.077286400000002, -24.5485188], [24.079151900000003, -24.548599300000003], [24.0811555, -24.5487152], [24.082215, -24.548785900000002], [24.083393800000003, -24.548883500000002], [24.084423800000003, -24.548979900000003], [24.085633400000003, -24.5491177], [24.086845800000003, -24.549262900000002], [24.088211, -24.5494507], [24.089835100000002, -24.5496874], [24.091188300000002, -24.5499167], [24.0926541, -24.5501973], [24.0946269, -24.550618200000002], [24.096107500000002, -24.5509597], [24.0971073, -24.551209200000002], [24.098070200000002, -24.5514602], [24.1000084, -24.552003300000003], [24.1003085, -24.552095400000002], [24.100851300000002, -24.5522497], [24.1016489, -24.552492500000003], [24.1023067, -24.552712600000003], [24.1030142, -24.5529347], [24.104271400000002, -24.553361000000002], [24.1054737, -24.553759600000003], [24.106332100000003, -24.5540728], [24.1073996, -24.554448500000003], [24.1083786, -24.5547912], [24.109703600000003, -24.5552694], [24.1115141, -24.555930500000002], [24.1127305, -24.5563648], [24.1142821, -24.556922200000002], [24.1190672, -24.5586385], [24.120243300000002, -24.5590361], [24.121789600000003, -24.5595716], [24.124198200000002, -24.5603254], [24.125411900000003, -24.560691400000003], [24.1260745, -24.560867000000002], [24.1279426, -24.561357400000002], [24.1288988, -24.5616062], [24.129604200000003, -24.561777000000003], [24.1300589, -24.561877000000003], [24.131700400000003, -24.5622197], [24.133012, -24.562484400000002], [24.134231, -24.5627125], [24.135034400000002, -24.5628369], [24.1361408, -24.5630077], [24.1367939, -24.5631077], [24.137093, -24.5631492], [24.1390698, -24.563399200000003], [24.1397966, -24.563479700000002], [24.1405584, -24.563548], [24.1415414, -24.563648], [24.142494900000003, -24.5637383], [24.143967500000002, -24.5638334], [24.145503, -24.5639164], [24.1464874, -24.5639274], [24.148633200000003, -24.5639822], [24.1496551, -24.563988300000002], [24.151440100000002, -24.563972500000002], [24.155788, -24.5638456], [24.1573785, -24.563772500000002], [24.1633122, -24.563457200000002], [24.164726400000003, -24.563384600000003], [24.166068900000003, -24.563299200000003], [24.167800300000003, -24.5632017], [24.168710800000003, -24.5631504], [24.1699017, -24.563090600000002], [24.1711047, -24.563010100000003], [24.171878500000002, -24.5629686], [24.173007700000003, -24.562899100000003], [24.174177200000003, -24.5628308], [24.175863000000003, -24.5627271], [24.177909500000002, -24.5626198], [24.179237200000003, -24.5625283], [24.180501800000002, -24.5624539], [24.1817947, -24.562385600000002], [24.183062000000003, -24.562313600000003], [24.1844125, -24.5622246], [24.1853325, -24.562172200000003], [24.186595800000003, -24.5621075], [24.187562800000002, -24.5620453], [24.1886584, -24.561989200000003], [24.189927100000002, -24.561906200000003], [24.1909625, -24.5618538], [24.192127900000003, -24.561787900000002], [24.1928588, -24.5617489], [24.193963800000002, -24.561684300000003], [24.195012600000002, -24.5616391], [24.1961324, -24.561579400000003], [24.1988841, -24.561494800000002], [24.199740000000002, -24.561463500000002], [24.2005956, -24.5614537], [24.202303200000003, -24.5614372], [24.2044982, -24.561470800000002], [24.206373000000003, -24.561516700000002], [24.2085934, -24.5616589], [24.2101992, -24.5617984], [24.2120843, -24.561999], [24.2141489, -24.562295600000002], [24.216047800000002, -24.5626076], [24.2179222, -24.562976300000003], [24.220093600000002, -24.563473700000003], [24.222722400000002, -24.564160700000002], [24.2252094, -24.564920800000003], [24.2274697, -24.5657213], [24.229629600000003, -24.5665562], [24.232587000000002, -24.5678443], [24.2357674, -24.5692819], [24.239015000000002, -24.570781200000003], [24.241360800000002, -24.5717445], [24.243138100000003, -24.5724725], [24.244918000000002, -24.573103200000002], [24.2473001, -24.573905], [24.250531600000002, -24.574895100000003], [24.253934, -24.575748], [24.256338900000003, -24.576278300000002], [24.258018500000002, -24.5766606], [24.262822, -24.577398000000002], [24.265749300000003, -24.5777715], [24.269171, -24.578166000000003], [24.2728484, -24.5785489], [24.275759100000002, -24.578853600000002], [24.277806, -24.5790571], [24.2814669, -24.5794146], [24.2838205, -24.579662600000002], [24.2854202, -24.5798071], [24.2893097, -24.5802], [24.293133, -24.5806028], [24.299376000000002, -24.5812512], [24.3008458, -24.5813951], [24.3022621, -24.581536600000003], [24.303793600000002, -24.581719600000003], [24.305647, -24.581936600000002], [24.3062934, -24.582019600000002], [24.307208000000003, -24.582141500000002], [24.3085787, -24.582334200000002], [24.3101343, -24.582597600000003], [24.3106198, -24.582678100000003], [24.311309100000003, -24.582790300000003], [24.312880900000003, -24.5830659], [24.3143803, -24.5833513], [24.3157804, -24.583644000000003], [24.3171161, -24.583924500000002], [24.3184599, -24.584234300000002], [24.323051900000003, -24.5852684], [24.325573100000003, -24.585870900000003], [24.3272897, -24.586195200000002], [24.3321848, -24.5872904], [24.333885300000002, -24.587670900000003], [24.3370181, -24.588351300000003], [24.341492000000002, -24.5893513], [24.345679, -24.590273200000002], [24.347299000000003, -24.5906196], [24.348709900000003, -24.590887900000002], [24.3500644, -24.5911878], [24.350960200000003, -24.5913635], [24.3515476, -24.5914854], [24.352220900000003, -24.591592700000003], [24.353055, -24.5917366], [24.3538061, -24.5918707], [24.354414900000002, -24.591961], [24.355654100000002, -24.5921854], [24.3570864, -24.5923976], [24.3582639, -24.592578000000003], [24.3593261, -24.5927049], [24.360863000000002, -24.592868300000003], [24.3626949, -24.5930512], [24.3643445, -24.5931682], [24.3656963, -24.593239], [24.367302900000002, -24.593297500000002], [24.3691724, -24.5933317], [24.3706208, -24.593329200000003], [24.3731072, -24.593309700000002], [24.3745154, -24.593236500000003], [24.375065300000003, -24.593207300000003], [24.376199800000002, -24.5931268], [24.3769938, -24.59305], [24.3775906, -24.593003600000003], [24.3782584, -24.5929439], [24.3793018, -24.5928292], [24.3802272, -24.5927207], [24.3807408, -24.592651200000002], [24.381507900000003, -24.592563400000003], [24.382977800000003, -24.592336600000003], [24.3836711, -24.592223200000003], [24.3841512, -24.59215], [24.3850592, -24.591995100000002], [24.3857995, -24.591861], [24.3870842, -24.591607300000003], [24.3889484, -24.591236600000002], [24.390466500000002, -24.590895200000002], [24.391279200000003, -24.590709800000003], [24.3924942, -24.5904391], [24.3941787, -24.590056200000003], [24.3966731, -24.5894464], [24.4006401, -24.5885135], [24.4028087, -24.587998900000002], [24.4055298, -24.587355000000002], [24.408277700000003, -24.5867001], [24.4097221, -24.5863611], [24.412023400000002, -24.5858013], [24.4133618, -24.5854989], [24.4163444, -24.584800100000002], [24.4170257, -24.5846367], [24.4185009, -24.584334300000002], [24.420640000000002, -24.5839111], [24.4228381, -24.583509900000003], [24.4251475, -24.5831257], [24.4271068, -24.5828574], [24.430000900000003, -24.5825159], [24.431285000000003, -24.5824076], [24.4339666, -24.5821805], [24.4353546, -24.582094], [24.4365026, -24.582040300000003], [24.4379148, -24.5819805], [24.439542900000003, -24.5819379], [24.441883100000002, -24.5818952], [24.444218000000003, -24.5818818], [24.447478200000003, -24.5819049], [24.4492283, -24.581935400000003], [24.450494300000003, -24.5819525], [24.4531792, -24.5820037], [24.456680900000002, -24.5820732], [24.4600484, -24.582139100000003], [24.4639993, -24.5821964], [24.4671348, -24.582258600000003], [24.4718984, -24.582344000000003], [24.474172900000003, -24.582380500000003], [24.4760853, -24.582430600000002], [24.4787688, -24.5824867], [24.4795789, -24.5825074], [24.481126500000002, -24.5825415], [24.482616500000002, -24.582591500000003], [24.485990700000002, -24.5827379], [24.4888955, -24.5829074], [24.490848200000002, -24.5830513], [24.4930328, -24.5832464], [24.495247000000003, -24.5834952], [24.4960436, -24.5835952], [24.498442800000003, -24.583929400000002], [24.499699500000002, -24.5841233], [24.5003955, -24.5842452], [24.503108500000003, -24.5847318], [24.5048198, -24.5850879], [24.508199400000002, -24.5858782], [24.511192700000002, -24.5866733], [24.51498, -24.587800100000003], [24.5178392, -24.588775700000003], [24.5198563, -24.589500100000002], [24.521454900000002, -24.5901098], [24.5229462, -24.590707400000003], [24.5248586, -24.591487800000003], [24.525955600000003, -24.5919464], [24.5277098, -24.5927024], [24.5300379, -24.593729200000002], [24.532371400000002, -24.5947657], [24.5344823, -24.5957413], [24.5367515, -24.5967704], [24.537633900000003, -24.597170400000003], [24.5396992, -24.5981118], [24.541982400000002, -24.599177500000003], [24.5438754, -24.600015300000003], [24.5441584, -24.6001604], [24.544763300000003, -24.6004347], [24.547599100000003, -24.601725700000003], [24.554401400000003, -24.6048335], [24.5549719, -24.60509], [24.5608559, -24.6077353], [24.5610904, -24.6078407], [24.5621782, -24.6083298], [24.562248500000003, -24.608361400000003], [24.5624372, -24.608441000000003], [24.5627554, -24.608575300000002], [24.568617500000002, -24.6110487], [24.5705928, -24.611795100000002], [24.5717597, -24.6122316], [24.573514600000003, -24.6128751], [24.5758708, -24.613641700000002], [24.5782174, -24.6143855], [24.580589500000002, -24.615032900000003], [24.5829194, -24.6156185], [24.586257600000003, -24.6163855], [24.589481000000003, -24.617020800000002], [24.5904668, -24.6171878], [24.592502600000003, -24.6175256], [24.5936452, -24.617691400000002], [24.5958781, -24.617966900000003], [24.598269300000002, -24.618235100000003], [24.599430700000003, -24.618333900000003], [24.600581400000003, -24.618414400000002], [24.603065700000002, -24.6185747], [24.6055555, -24.618668000000003], [24.6080487, -24.6187094], [24.6101341, -24.6187253], [24.6115186, -24.6186775], [24.612231400000002, -24.6186529], [24.613569100000003, -24.618601], [24.617622100000002, -24.618387400000003], [24.6189307, -24.618309500000002], [24.6206108, -24.6181571], [24.6235235, -24.617846800000002], [24.624414100000003, -24.617765700000003], [24.624722600000002, -24.617751100000003], [24.6258437, -24.6176402], [24.628533400000002, -24.6173675], [24.630738800000003, -24.6171988], [24.6329794, -24.6170955], [24.635837700000003, -24.6170769], [24.637276, -24.6170952], [24.6386748, -24.6171323], [24.6387098, -24.6171317], [24.6388056, -24.617130200000002], [24.641636100000003, -24.617348800000002], [24.641809700000003, -24.617370100000002], [24.6443657, -24.6176518], [24.646598700000002, -24.617979100000003], [24.6490475, -24.618315600000003], [24.6500078, -24.618454600000003], [24.6514814, -24.6185815], [24.653648, -24.6186942], [24.655790900000003, -24.6186906], [24.6580854, -24.6185809], [24.6586606, -24.6185058], [24.6597134, -24.618395500000002], [24.662223700000002, -24.618022500000002], [24.664676500000002, -24.6175047], [24.664996400000003, -24.617412100000003], [24.6657765, -24.6171891], [24.667350300000003, -24.6167309], [24.669526400000002, -24.616031500000002], [24.671798000000003, -24.615231], [24.6738615, -24.6144682], [24.675960800000002, -24.6136118], [24.677958, -24.6127626], [24.680212100000002, -24.6117147], [24.6824769, -24.610595500000002], [24.683638000000002, -24.609995100000003], [24.684554400000003, -24.6095191], [24.685954900000002, -24.6087916], [24.6893263, -24.606989900000002], [24.692739200000002, -24.6052204], [24.6993124, -24.601775], [24.7002688, -24.6012899], [24.700458, -24.6011881], [24.702377900000002, -24.6002408], [24.7042259, -24.599253100000002], [24.708119, -24.5971841], [24.7092953, -24.596590000000003], [24.710038800000003, -24.596223700000003], [24.710985100000002, -24.5957705], [24.7118702, -24.5953315], [24.7128519, -24.5949266], [24.7135439, -24.594638900000003], [24.7154108, -24.5939365], [24.716912800000003, -24.5934682], [24.717701400000003, -24.5932584], [24.718050100000003, -24.5931755], [24.7183451, -24.593092600000002], [24.7196004, -24.592775500000002], [24.7204319, -24.5925951], [24.7213867, -24.5924048], [24.7231194, -24.592107300000002], [24.7237739, -24.592002400000002], [24.7249862, -24.591878], [24.726363600000003, -24.5917256], [24.7265969, -24.5917122], [24.7274338, -24.591673200000002], [24.7290494, -24.5916284], [24.729227100000003, -24.591622100000002], [24.7292966, -24.591611], [24.729352900000002, -24.591592700000003], [24.7294012, -24.591576800000002], [24.729438700000003, -24.591554900000002], [24.729516, -24.5915134], [24.7295531, -24.5914678], [24.7296009, -24.591431500000002], [24.7296693, -24.5914028], [24.7297438, -24.591392900000002], [24.7298183, -24.591402600000002], [24.729886800000003, -24.5914311], [24.729924, -24.591457600000002], [24.7299554, -24.5914897], [24.730050300000002, -24.5915305], [24.730103900000003, -24.591555500000002], [24.7301669, -24.591579900000003], [24.7302347, -24.591595700000003], [24.730356, -24.5916305], [24.7313659, -24.591639], [24.7328438, -24.5916256], [24.7360772, -24.5916512], [24.7385395, -24.5916219], [24.739616, -24.591616900000002], [24.741057, -24.591630700000003], [24.742635200000002, -24.5916561], [24.747809200000003, -24.5916585], [24.750681800000002, -24.5916634], [24.751017100000002, -24.591678], [24.7526854, -24.591768300000002], [24.7544906, -24.5919244], [24.756724700000003, -24.592186400000003], [24.759154600000002, -24.5925589], [24.759814600000002, -24.592701], [24.761445400000003, -24.593052200000002], [24.763831300000003, -24.593651400000002], [24.7661324, -24.5943492], [24.7682974, -24.595109500000003], [24.7700055, -24.5958118], [24.770665, -24.596081], [24.774629, -24.597984], [24.776722200000002, -24.5992138], [24.7777721, -24.5998482], [24.7787715, -24.600497100000002], [24.780121700000002, -24.6014236], [24.781376100000003, -24.6023733], [24.782374800000003, -24.603164800000002], [24.7833596, -24.603975600000002], [24.785167, -24.605606], [24.785332800000003, -24.605755100000003], [24.786674400000003, -24.607108200000003], [24.7873932, -24.607839700000003], [24.788070400000002, -24.608574500000003], [24.789765900000003, -24.610448100000003], [24.7916996, -24.6125909], [24.793322600000003, -24.6143946], [24.7940289, -24.6151987], [24.795073300000002, -24.616354400000002], [24.795849500000003, -24.6172299], [24.796636900000003, -24.618095200000003], [24.798524500000003, -24.6202183], [24.800038500000003, -24.621904800000003], [24.8012683, -24.6232654], [24.8018208, -24.6238701], [24.802724700000002, -24.6248089], [24.803929, -24.6259817], [24.8052755, -24.6272349], [24.806862000000002, -24.6286345], [24.806913, -24.6286723], [24.808403000000002, -24.629918200000002], [24.8089434, -24.6303436], [24.8098111, -24.631009300000002], [24.8107177, -24.6316992], [24.811824100000003, -24.632508700000002], [24.812942600000003, -24.633271800000003], [24.813311000000002, -24.633507], [24.8143011, -24.6341788], [24.81537, -24.634838000000002], [24.817034300000003, -24.635856200000003], [24.818282, -24.636613], [24.8185146, -24.6367528], [24.8215149, -24.6385283], [24.8233777, -24.6396412], [24.8240939, -24.640065500000002], [24.825126500000003, -24.6406896], [24.826195400000003, -24.641336900000002], [24.82757, -24.6421645], [24.828597300000002, -24.642772800000003], [24.829318800000003, -24.6432043], [24.8302616, -24.643780900000003], [24.8308879, -24.644177000000003], [24.8314793, -24.644562200000003], [24.832795, -24.6454679], [24.833554000000003, -24.6459811], [24.834372100000003, -24.646577100000002], [24.8350748, -24.6470927], [24.8357186, -24.647592500000002], [24.837038200000002, -24.648628600000002], [24.837926000000003, -24.649323300000002], [24.8394844, -24.6506666], [24.840391, -24.651500300000002], [24.842273900000002, -24.6532847], [24.842681600000002, -24.6537064], [24.8437358, -24.654805300000003], [24.8445752, -24.6557102], [24.845632000000002, -24.6568754], [24.8461229, -24.657448300000002], [24.8472118, -24.6587646], [24.848351800000003, -24.6602125], [24.8490974, -24.661229000000002], [24.8501006, -24.662633000000003], [24.851216400000002, -24.6643149], [24.8519781, -24.6655361], [24.8531985, -24.6675933], [24.8534997, -24.668152300000003], [24.853890500000002, -24.6688778], [24.854569100000003, -24.670196500000003], [24.855462300000003, -24.672034200000002], [24.856267000000003, -24.673872000000003], [24.8572835, -24.676428700000002], [24.857482, -24.676982000000002], [24.8580641, -24.678671], [24.858758700000003, -24.680781600000003], [24.859732400000002, -24.683696400000002], [24.860453900000003, -24.68569], [24.8612317, -24.687647000000002], [24.8615187, -24.6883123], [24.862226800000002, -24.689974300000003], [24.86242, -24.690422], [24.8630181, -24.6916583], [24.8636726, -24.693023], [24.86483, -24.695298], [24.8656869, -24.696848900000003], [24.8665479, -24.6983427], [24.867840700000002, -24.7004433], [24.868151, -24.700935], [24.871161, -24.705277000000002], [24.873857, -24.708775000000003], [24.876475000000003, -24.711864000000002], [24.879215000000002, -24.714874000000002], [24.883088, -24.718534000000002], [24.8853933, -24.720600700000002], [24.8863774, -24.7214077], [24.8875828, -24.722405600000002], [24.8885492, -24.723138000000002], [24.890953000000003, -24.7249424], [24.892341000000002, -24.725888], [24.897658, -24.729302], [24.9003313, -24.7309513], [24.901697600000002, -24.731778400000003], [24.9025639, -24.732305200000003], [24.9033243, -24.7327736], [24.904253, -24.733360700000002], [24.905411700000002, -24.734115300000003], [24.9065222, -24.734871100000003], [24.907922300000003, -24.7358364], [24.9102679, -24.7375563], [24.9114709, -24.7384881], [24.9126973, -24.739475300000002], [24.9136542, -24.740259100000003], [24.9140692, -24.740610500000003], [24.9144696, -24.740955800000002], [24.9147512, -24.741192100000003], [24.9151448, -24.741535600000002], [24.9158134, -24.742125100000003], [24.9161599, -24.7424335], [24.916604600000003, -24.7428394], [24.917611800000003, -24.7437681], [24.9182461, -24.7443619], [24.918535100000003, -24.744649300000003], [24.9189998, -24.7450954], [24.9193901, -24.7454873], [24.920007000000002, -24.7461054], [24.9210175, -24.747144900000002], [24.921293100000003, -24.7474445], [24.9216854, -24.7478471], [24.9221521, -24.748359800000003], [24.922484700000002, -24.748719700000002], [24.922810600000002, -24.749070500000002], [24.922976900000002, -24.749260500000002], [24.9234878, -24.7498341], [24.9237252, -24.750094700000002], [24.9242221, -24.7506513], [24.9247444, -24.7512298], [24.9249939, -24.751513000000003], [24.925399600000002, -24.751958100000003], [24.9261647, -24.7528125], [24.926668300000003, -24.7533715], [24.927121500000002, -24.7538842], [24.9272825, -24.7540596], [24.928214500000003, -24.755142300000003], [24.929083600000002, -24.7561214], [24.932387400000003, -24.75975], [24.933735900000002, -24.7612637], [24.934411, -24.762017], [24.935160800000002, -24.762848100000003], [24.9363296, -24.764156], [24.9371751, -24.7650998], [24.937697200000002, -24.7656843], [24.9383674, -24.7664271], [24.939057400000003, -24.767166000000003], [24.939174400000002, -24.7672914], [24.9397011, -24.7678525], [24.940185600000003, -24.7683551], [24.940485000000002, -24.768657400000002], [24.9407499, -24.768924400000003], [24.9415398, -24.7697211], [24.942388700000002, -24.7705513], [24.9432319, -24.771352200000003], [24.943785400000003, -24.7718746], [24.944178700000002, -24.772236600000003], [24.944830200000002, -24.7728311], [24.9452472, -24.7732086], [24.945777000000003, -24.7736616], [24.946441500000002, -24.774229000000002], [24.947041000000002, -24.774730100000003], [24.9474567, -24.7750844], [24.948263400000002, -24.7757481], [24.9486811, -24.776074400000002], [24.948998300000003, -24.776325200000002], [24.9493772, -24.7766248], [24.950069900000003, -24.777161800000002], [24.951065600000003, -24.777921600000003], [24.951777800000002, -24.778455500000003], [24.9528049, -24.7791932], [24.953251, -24.779503000000002], [24.954475000000002, -24.780366], [24.9547667, -24.7805593], [24.9556535, -24.7811434], [24.956780100000003, -24.7818934], [24.957810600000002, -24.7825317], [24.9582161, -24.7827793], [24.9594281, -24.7835183], [24.9608168, -24.784321300000002], [24.9611933, -24.784514700000003], [24.96356, -24.785781800000002], [24.964356900000002, -24.7861954], [24.9648328, -24.786448], [24.9659537, -24.787009700000002], [24.967199100000002, -24.78761], [24.9678697, -24.7879265], [24.968866100000003, -24.7883892], [24.9698344, -24.7888251], [24.9704084, -24.7890832], [24.9717616, -24.7896548], [24.9728713, -24.7901029], [24.9739724, -24.7905406], [24.975329600000002, -24.791058000000003], [24.976435600000002, -24.791474400000002], [24.977003900000003, -24.7916856], [24.977834100000003, -24.791996100000002], [24.9788707, -24.7923845], [24.979846400000003, -24.792743], [24.980165300000003, -24.792861700000003], [24.981263300000002, -24.793270200000002], [24.9817803, -24.7934662], [24.9828605, -24.793871600000003], [24.9850713, -24.7946971], [24.986166, -24.795108000000003], [24.9887869, -24.7960801], [24.9901652, -24.7966033], [24.9916012, -24.7971381], [24.992690800000002, -24.7975572], [24.9942512, -24.7981778], [24.9956661, -24.798755500000002], [24.9966404, -24.799157800000003], [24.997646200000002, -24.799596700000002], [24.9999208, -24.8006017], [25.002783800000003, -24.801926], [25.006057600000002, -24.8035454], [25.0093777, -24.805258000000002], [25.0128704, -24.8072267], [25.0165688, -24.809437000000003], [25.019455200000003, -24.811275600000002], [25.021060600000002, -24.8123261], [25.0226836, -24.813396400000002], [25.025855, -24.8154486], [25.029985500000002, -24.8181683], [25.0360739, -24.8221373], [25.0392258, -24.8242064], [25.041626400000002, -24.8257802], [25.043582800000003, -24.827057500000002], [25.0473998, -24.8295496], [25.0483346, -24.8301522], [25.0504804, -24.831552600000002], [25.050691500000003, -24.8317002], [25.053680800000002, -24.8336456], [25.0577553, -24.8363158], [25.059942900000003, -24.837748], [25.0635632, -24.8401105], [25.0664772, -24.8420175], [25.070441000000002, -24.8445973], [25.0716913, -24.845419000000003], [25.076525, -24.848603], [25.080019500000002, -24.8508685], [25.0826561, -24.8526014], [25.0848301, -24.854012200000003], [25.089527, -24.85706], [25.0919902, -24.858595700000002], [25.0967565, -24.861448000000003], [25.099068600000003, -24.8627597], [25.1002863, -24.863443500000002], [25.103290400000002, -24.8650765], [25.103906600000002, -24.8654234], [25.109347900000003, -24.868225900000002], [25.110621000000002, -24.86886], [25.112794800000003, -24.8698997], [25.1149673, -24.870918300000003], [25.116801000000002, -24.871789000000003], [25.1192406, -24.8728708], [25.1215602, -24.873882000000002], [25.123835600000003, -24.8748292], [25.1271218, -24.876153600000002], [25.1296128, -24.8771285], [25.1345944, -24.8789616], [25.1371694, -24.879891100000002], [25.1397282, -24.8808353], [25.142574000000003, -24.881982], [25.145435900000003, -24.8832442], [25.1489364, -24.884954800000003], [25.1517179, -24.8864601], [25.1527932, -24.8870618], [25.1545233, -24.8880935], [25.155970200000002, -24.8889943], [25.157736500000002, -24.890127500000002], [25.1594343, -24.891312300000003], [25.1614058, -24.8927309], [25.1634904, -24.894332300000002], [25.1647183, -24.8953269], [25.165966400000002, -24.8963715], [25.1667704, -24.8970157], [25.1674322, -24.8976392], [25.1685786, -24.8985993], [25.169701900000003, -24.899562600000003], [25.170308100000003, -24.900084500000002], [25.170663400000002, -24.900387400000003], [25.1723438, -24.901824], [25.173415400000003, -24.9027521], [25.175224500000002, -24.904284800000003], [25.177179900000002, -24.9059683], [25.182308300000003, -24.910337400000003], [25.187704, -24.914983000000003], [25.189865400000002, -24.916798500000002], [25.191822000000002, -24.918377000000003], [25.1934904, -24.9195569], [25.194957000000002, -24.920458], [25.197912000000002, -24.922072], [25.201081000000002, -24.923342], [25.2044633, -24.9243416], [25.206494000000003, -24.92481], [25.209192, -24.925219700000003], [25.211894, -24.925448000000003], [25.214228000000002, -24.925465000000003], [25.2176383, -24.925453200000003], [25.2192289, -24.925540700000003], [25.2208757, -24.9257256], [25.222941000000002, -24.9260564], [25.224534300000002, -24.9264164], [25.226208000000003, -24.926881], [25.2278267, -24.9274355], [25.2294099, -24.928076500000003], [25.2303332, -24.928474100000003], [25.2312371, -24.928939900000003], [25.232036400000002, -24.9293668], [25.233044900000003, -24.9299475], [25.234494700000003, -24.930870000000002], [25.236474100000002, -24.932191900000003], [25.238916300000003, -24.9338403], [25.2390678, -24.9339382], [25.2404827, -24.9348625], [25.242121500000003, -24.9359509], [25.243659800000003, -24.9370003], [25.243812700000003, -24.937100100000002], [25.245608400000002, -24.938204300000002], [25.2467034, -24.938772800000002], [25.2475597, -24.9391637], [25.2483188, -24.939485400000002], [25.249008, -24.939738000000002], [25.250252600000003, -24.940114700000002], [25.250877600000003, -24.940272200000003], [25.252110100000003, -24.94055], [25.2531293, -24.940693500000002], [25.254874100000002, -24.940856500000002], [25.2567181, -24.940920900000002], [25.259745000000002, -24.941025500000002], [25.264302, -24.941184800000002], [25.2647942, -24.9411951], [25.2651134, -24.941209100000002], [25.265433, -24.9412182], [25.2678696, -24.9412935], [25.2704792, -24.941373300000002], [25.271877900000003, -24.941432300000002], [25.273145300000003, -24.941473900000002], [25.2743523, -24.9414997], [25.275645100000002, -24.941547800000002], [25.276781000000003, -24.941583700000002], [25.277478400000003, -24.9416201], [25.278182100000002, -24.9416724], [25.2785915, -24.941705300000002], [25.279059200000003, -24.9417572], [25.2797938, -24.941852400000002], [25.2803289, -24.9419302], [25.281282400000002, -24.942092600000002], [25.2822621, -24.942299900000002], [25.2835402, -24.942609700000002], [25.2846359, -24.942928600000002], [25.285934100000002, -24.9433542], [25.286919800000003, -24.9437348], [25.288011400000002, -24.9442042], [25.288851, -24.9445933], [25.2896462, -24.9450092], [25.2906239, -24.9455564], [25.2914312, -24.9460379], [25.292044100000002, -24.9464258], [25.293126400000002, -24.9471846], [25.293656100000003, -24.947584000000003], [25.2938566, -24.947745100000002], [25.293913600000003, -24.947772500000003], [25.2940705, -24.947894700000003], [25.2949929, -24.9486741], [25.2953525, -24.9489856], [25.2957885, -24.9493903], [25.2962105, -24.9497779], [25.2964725, -24.950019], [25.2967367, -24.9502938], [25.2970076, -24.9505929], [25.297293, -24.9509092], [25.2973654, -24.950991100000003], [25.2975241, -24.9511596], [25.297573, -24.9512174], [25.297731600000002, -24.951405100000002], [25.2977978, -24.9514862], [25.2980643, -24.9518178], [25.298336600000003, -24.952163300000002], [25.298598600000002, -24.9525432], [25.2988231, -24.952850100000003], [25.2991369, -24.953263900000003], [25.2993042, -24.9535148], [25.2993163, -24.953573700000003], [25.2996321, -24.954047300000003], [25.2999191, -24.954526400000002], [25.3002705, -24.9551112], [25.3007305, -24.9559526], [25.3009424, -24.956412200000003], [25.301798, -24.9581522], [25.302050100000002, -24.958704200000003], [25.302416100000002, -24.9594276], [25.302531600000002, -24.9595759], [25.302672400000002, -24.9597911], [25.302808000000002, -24.9600179], [25.303053400000003, -24.9603992], [25.3031973, -24.9606068], [25.3033445, -24.9608193], [25.3033846, -24.9608685], [25.3036457, -24.961205200000002], [25.303859300000003, -24.9615067], [25.303908900000003, -24.9615991], [25.3043568, -24.962108500000003], [25.304887200000003, -24.9626221], [25.3058267, -24.9634508], [25.3065348, -24.963966300000003], [25.3073394, -24.964462400000002], [25.307941600000003, -24.9648052], [25.3090715, -24.9653472], [25.310217400000003, -24.965777900000003], [25.310990500000003, -24.9659912], [25.311071600000002, -24.9660227], [25.311414300000003, -24.9661015], [25.311899800000003, -24.966195000000003], [25.313434100000002, -24.966407], [25.3136373, -24.9664161], [25.3138745, -24.966440300000002], [25.314019100000003, -24.9664474], [25.314146200000003, -24.966446100000002], [25.3143542, -24.9664529], [25.3144144, -24.966452], [25.3146686, -24.9664515], [25.3149173, -24.966451000000003], [25.3153177, -24.9664587], [25.3156648, -24.9664821], [25.315897000000003, -24.966483], [25.3162817, -24.9664764], [25.3168493, -24.9664594], [25.3171974, -24.966468300000003], [25.317716500000003, -24.966493500000002], [25.3181352, -24.9665341], [25.318459800000003, -24.9665876], [25.319004300000003, -24.9666946], [25.319446900000003, -24.966808800000003], [25.3198009, -24.966908500000002], [25.3202274, -24.967042300000003], [25.320611000000003, -24.967166300000002], [25.320664, -24.967183900000002], [25.320906, -24.9672854], [25.321490700000002, -24.9675675], [25.322394600000003, -24.9680842], [25.3226334, -24.9681961], [25.3228747, -24.968301200000003], [25.3230557, -24.968391500000003], [25.323126600000002, -24.968431300000002], [25.323332800000003, -24.9685546], [25.323841700000003, -24.9688343], [25.323951700000002, -24.9689267], [25.324069100000003, -24.9689863], [25.324396200000002, -24.9691322], [25.3245752, -24.969228100000002], [25.3251387, -24.969529100000003], [25.325340200000003, -24.9696563], [25.3256815, -24.9698853], [25.326014400000002, -24.970153800000002], [25.326087400000002, -24.970201600000003], [25.326263500000003, -24.970360000000003], [25.3264715, -24.9705994], [25.326559900000003, -24.970705000000002], [25.326619400000002, -24.970776700000002], [25.327061800000003, -24.9713427], [25.327238100000002, -24.9715722], [25.327427200000002, -24.971838400000003], [25.3274882, -24.971932000000002], [25.3275274, -24.972057500000002], [25.3282212, -24.9728758], [25.3289222, -24.9736696], [25.330012800000002, -24.974910700000002], [25.330136600000003, -24.975067900000003], [25.3302611, -24.9751584], [25.3305356, -24.9754238], [25.3308676, -24.975747900000002], [25.3310794, -24.9759764], [25.331114600000003, -24.976013400000003], [25.331371800000003, -24.976323700000002], [25.3314832, -24.9764468], [25.331676100000003, -24.97668], [25.3319197, -24.976920200000002], [25.3319954, -24.976987100000002], [25.3323725, -24.977356], [25.332989100000002, -24.9778667], [25.3333407, -24.978133500000002], [25.3337538, -24.978387400000003], [25.3349608, -24.979094900000003], [25.3354098, -24.9793366], [25.337410400000003, -24.980082000000003], [25.3376075, -24.9801462], [25.337831100000002, -24.9802073], [25.3383341, -24.980345200000002], [25.340269600000003, -24.9809835], [25.3405278, -24.981083700000003], [25.340682, -24.9811482], [25.3407304, -24.9811726], [25.3408637, -24.981239900000002], [25.3410054, -24.981317800000003], [25.3410656, -24.981352100000002], [25.341259800000003, -24.9814615], [25.341331800000003, -24.981506300000003], [25.3414298, -24.981569800000003], [25.3414986, -24.9816144], [25.3415456, -24.9816587], [25.341863500000002, -24.981855600000003], [25.342012800000003, -24.9819731], [25.3421491, -24.982070800000002], [25.3422564, -24.9821665], [25.3423476, -24.9822446], [25.3424285, -24.982328000000003], [25.342654300000003, -24.9825608], [25.3428389, -24.9827809], [25.342896300000003, -24.982842400000003], [25.3430687, -24.983033000000002], [25.343177100000002, -24.9831296], [25.3432804, -24.9832387], [25.3435606, -24.9835147], [25.3436267, -24.9835946], [25.3437263, -24.983705800000003], [25.3438282, -24.983818900000003], [25.3439234, -24.9839404], [25.344032000000002, -24.9840705], [25.344258800000002, -24.9844271], [25.3443477, -24.984527], [25.3446609, -24.9849816], [25.3449455, -24.9853989], [25.3453953, -24.9860967], [25.345739400000003, -24.9866427], [25.346043100000003, -24.987120200000003], [25.3462867, -24.987462200000003], [25.3467269, -24.9880163], [25.3473483, -24.9887288], [25.3477782, -24.989167600000002], [25.3480527, -24.989379000000003], [25.3482002, -24.9894944], [25.348428700000003, -24.989696100000003], [25.348634200000003, -24.9898896], [25.3488091, -24.990067600000003], [25.3489377, -24.9901951], [25.348984400000003, -24.990243500000002], [25.3490158, -24.9902738], [25.3491788, -24.990442700000003], [25.3494716, -24.990751300000003], [25.349564100000002, -24.990875300000003], [25.3496875, -24.990992000000002], [25.349893700000003, -24.9912031], [25.35, -24.9913105], [25.350406300000003, -24.9917225], [25.350812700000002, -24.9921346], [25.350996400000003, -24.992313300000003], [25.3513035, -24.9926403], [25.351438700000003, -24.992823100000003], [25.3514926, -24.992898], [25.3516696, -24.9931921], [25.351739400000003, -24.993312500000002], [25.3520344, -24.993831500000002], [25.3524341, -24.994524300000002], [25.3526124, -24.9948768], [25.3530577, -24.995673], [25.353155500000003, -24.995833800000003], [25.3531891, -24.9958893], [25.3532495, -24.995961], [25.3533118, -24.9960741], [25.3534466, -24.996304400000003], [25.3535767, -24.996542], [25.353643700000003, -24.9966709], [25.353653100000002, -24.9966891], [25.353665900000003, -24.9967146], [25.353747000000002, -24.9968714], [25.353901200000003, -24.997148600000003], [25.3539703, -24.997264700000002], [25.354073600000003, -24.9974749], [25.354103700000003, -24.997586100000003], [25.354357800000002, -24.99809], [25.354422900000003, -24.9982498], [25.354559700000003, -24.998546400000002], [25.354680400000003, -24.9988636], [25.3547341, -24.998982700000003], [25.354801100000003, -24.999069000000002], [25.355013000000003, -24.999562500000003], [25.3551283, -24.9998396], [25.3553295, -25.000330700000003], [25.355478400000003, -25.000698900000003], [25.3555092, -25.000843600000003], [25.3556326, -25.0011061], [25.356257600000003, -25.0025294], [25.3568986, -25.0039915], [25.3574927, -25.005382], [25.357910500000003, -25.0063317], [25.358089500000002, -25.006738400000003], [25.3583068, -25.0071844], [25.358542800000002, -25.0076122], [25.358685, -25.007841900000003], [25.358754700000002, -25.007910000000003], [25.3590015, -25.0082345], [25.3590833, -25.008348700000003], [25.3591409, -25.008432600000003], [25.359446700000003, -25.0088349], [25.3595037, -25.008912000000002], [25.3595368, -25.008953100000003], [25.359716300000002, -25.0091667], [25.359928200000002, -25.0094049], [25.360062300000003, -25.009566500000002], [25.3601816, -25.0097245], [25.3604072, -25.0099321], [25.360564, -25.0100859], [25.3609897, -25.0104542], [25.3615393, -25.010894800000003], [25.361735200000002, -25.011034400000003], [25.3622912, -25.0114686], [25.363218800000002, -25.0121664], [25.363475400000002, -25.0123946], [25.363648400000002, -25.012580600000003], [25.3638388, -25.012801800000002], [25.3640252, -25.013057], [25.364192900000003, -25.0133146], [25.3643471, -25.013639100000002], [25.364580500000002, -25.014228600000003], [25.3647789, -25.014711000000002], [25.364903700000003, -25.0149626], [25.3650646, -25.015236], [25.3651866, -25.0154317], [25.3653261, -25.0156104], [25.3654414, -25.015748900000002], [25.3655715, -25.0158862], [25.365719900000002, -25.0159857], [25.366187, -25.0163754], [25.366395400000002, -25.016530500000002], [25.3664945, -25.0165992], [25.3666497, -25.0167067], [25.366749700000003, -25.0167648], [25.3670551, -25.0169406], [25.3673371, -25.017087800000002], [25.367441000000003, -25.017146500000003], [25.367559, -25.0172218], [25.3676932, -25.0172656], [25.368001600000003, -25.0173531], [25.3683449, -25.0174394], [25.368833100000003, -25.017540200000003], [25.3691241, -25.017608300000003], [25.369403100000003, -25.017659300000002], [25.3698242, -25.0177432], [25.370100400000002, -25.0178015], [25.3703955, -25.0178805], [25.370628800000002, -25.017961900000003], [25.3708689, -25.018056700000002], [25.3711224, -25.018163700000002], [25.3713477, -25.0182755], [25.371615900000002, -25.0184286], [25.371798300000002, -25.018551300000002], [25.372000800000002, -25.0186947], [25.3721952, -25.0188418], [25.3723642, -25.018981500000002], [25.372564, -25.019173600000002], [25.372738400000003, -25.019351], [25.372887300000002, -25.019533300000003], [25.3730106, -25.019701], [25.3731742, -25.019946500000003], [25.373299000000003, -25.0201713], [25.3734304, -25.020430100000002], [25.373569900000003, -25.0207437], [25.3737254, -25.0211277], [25.3739065, -25.0215664], [25.374117000000002, -25.0220902], [25.3742404, -25.0224061], [25.3744148, -25.022819300000002], [25.3745301, -25.0230964], [25.3746669, -25.0234439], [25.3747903, -25.023755], [25.3749539, -25.024118400000003], [25.3750907, -25.024427000000003], [25.375261000000002, -25.0247296], [25.3754166, -25.024981200000003], [25.375594900000003, -25.0252437], [25.375851100000002, -25.0255718], [25.376057600000003, -25.025811200000003], [25.3761891, -25.025974], [25.376429100000003, -25.026221900000003], [25.376646400000002, -25.0264236], [25.376862300000003, -25.026610700000003], [25.376999100000003, -25.026732300000003], [25.3772485, -25.0269243], [25.377624, -25.0271782], [25.377892300000003, -25.0273484], [25.378313400000003, -25.027589000000003], [25.3788042, -25.0278199], [25.379258800000002, -25.028009400000002], [25.3796424, -25.0281467], [25.3800622, -25.0282683], [25.380507400000003, -25.028372800000003], [25.381239700000002, -25.0285125], [25.381817700000003, -25.0286255], [25.3822334, -25.0287033], [25.3831695, -25.0288758], [25.3837073, -25.0289633], [25.383999600000003, -25.0290034], [25.3843175, -25.0290302], [25.3846461, -25.0290533], [25.384959900000002, -25.0290581], [25.385348800000003, -25.0290387], [25.3856371, -25.0290168], [25.3859308, -25.028984], [25.3862366, -25.0289354], [25.386551800000003, -25.028871000000002], [25.386961600000003, -25.0287672], [25.3873725, -25.0286446], [25.3881081, -25.0284011], [25.388421200000003, -25.0283073], [25.3890709, -25.0280926], [25.3891317, -25.0280735], [25.389207900000002, -25.0282427], [25.3893211, -25.0285538], [25.389415200000002, -25.0287903], [25.389479400000003, -25.0290156], [25.389505300000003, -25.0291314], [25.389714100000003, -25.029570900000003], [25.3898683, -25.0298784], [25.390200800000002, -25.0304891], [25.390339200000003, -25.030731600000003], [25.390452200000002, -25.030929500000003], [25.3907755, -25.031487100000003], [25.391076700000003, -25.0319502], [25.3913288, -25.0323038], [25.3916131, -25.0327109], [25.3918384, -25.0330219], [25.3920771, -25.033340300000003], [25.392518300000003, -25.0338895], [25.392844200000003, -25.0342674], [25.393290800000003, -25.0347729], [25.3941309, -25.0356424], [25.3955571, -25.0369606], [25.396769600000002, -25.038006300000003], [25.3974109, -25.038546200000003], [25.397765300000003, -25.0388446], [25.4001224, -25.0408787], [25.400736600000002, -25.041410900000002], [25.401437100000003, -25.0419959], [25.4034778, -25.0437559], [25.4049128, -25.0449851], [25.406256600000003, -25.046086300000002], [25.406762200000003, -25.046452000000002], [25.407388500000003, -25.0468651], [25.4087728, -25.0477102], [25.410544100000003, -25.048825500000003], [25.413840200000003, -25.050950800000003], [25.416381100000002, -25.052519500000002], [25.4170079, -25.052926600000003], [25.421414100000003, -25.055648100000003], [25.4222736, -25.056220600000003], [25.422831000000002, -25.056608], [25.423554900000003, -25.0571738], [25.4279595, -25.060790200000003], [25.4318315, -25.063923600000003], [25.4342723, -25.065940100000002], [25.4362786, -25.0675753], [25.4410288, -25.071533000000002], [25.442085600000002, -25.072269100000003], [25.4429626, -25.072776800000003], [25.4430243, -25.0728109], [25.4431021, -25.072840000000003], [25.443579600000003, -25.073066], [25.4441723, -25.0732992], [25.444990400000002, -25.0735543], [25.445776300000002, -25.073770500000002], [25.4463851, -25.0738871], [25.4477799, -25.074049900000002], [25.449901500000003, -25.074290400000002], [25.450765200000003, -25.0744726], [25.4513633, -25.0746378], [25.4519266, -25.074822400000002], [25.4527125, -25.075118800000002], [25.453656600000002, -25.075578], [25.4545873, -25.076119700000003], [25.456258400000003, -25.0772373], [25.456717, -25.077553100000003], [25.4573527, -25.0779734], [25.4575056, -25.078068100000003], [25.459739300000003, -25.0795773], [25.460017500000003, -25.079795400000002], [25.460221200000003, -25.0799673], [25.460584800000003, -25.080293400000002], [25.4608804, -25.0805855], [25.461312900000003, -25.081017300000003], [25.461727200000002, -25.0814431], [25.463581700000002, -25.0833499], [25.4638546, -25.083620600000003], [25.464865200000002, -25.0846941], [25.4652518, -25.085193200000003], [25.4656643, -25.085796700000003], [25.466293, -25.087019700000003], [25.4679496, -25.090526], [25.4682232, -25.0910984], [25.4693134, -25.093244900000002], [25.4699078, -25.094393800000002], [25.470219, -25.0949494], [25.471555900000002, -25.097603600000003], [25.4718702, -25.0982543], [25.472059700000003, -25.098620500000003], [25.4752809, -25.104830000000003], [25.475658300000003, -25.1055013], [25.476015500000003, -25.106029300000003], [25.476391000000003, -25.106510200000002], [25.4767294, -25.106930300000002], [25.4772484, -25.1074862], [25.481094900000002, -25.111542800000002], [25.4849339, -25.115605000000002], [25.488550800000002, -25.1194343], [25.4905934, -25.1215763], [25.490937900000002, -25.121949100000002], [25.4935693, -25.1247146], [25.498102000000003, -25.1294919], [25.5011344, -25.1327554], [25.501477700000002, -25.133105], [25.5023038, -25.133993800000002], [25.5075533, -25.139491800000002], [25.5080598, -25.1400237], [25.5087964, -25.1407974], [25.509397500000002, -25.141428700000002], [25.511679700000002, -25.1438196], [25.512021500000003, -25.144188000000003], [25.514418000000003, -25.1467099], [25.5180766, -25.1506055], [25.518462800000002, -25.1510122], [25.5189282, -25.151456500000002], [25.519904500000003, -25.1521946], [25.5211329, -25.1529278], [25.5222166, -25.1534376], [25.523943900000003, -25.1541174], [25.524416000000002, -25.1543262], [25.5255881, -25.1548142], [25.5264062, -25.155258500000002], [25.527167900000002, -25.155765900000002], [25.527851100000003, -25.1562421], [25.5285741, -25.1568793], [25.5295215, -25.157714100000003], [25.5307326, -25.1589366], [25.532409, -25.1604904], [25.5326664, -25.160723400000002], [25.5345359, -25.1624787], [25.536775600000002, -25.164571300000002], [25.5387416, -25.166360500000003], [25.539632100000002, -25.167222300000002], [25.5406514, -25.1681545], [25.5433631, -25.1706864], [25.544157000000002, -25.171419500000003], [25.545015300000003, -25.172223000000002], [25.5464664, -25.17358], [25.546879500000003, -25.173941600000003], [25.547225500000003, -25.174296100000003], [25.5484325, -25.175429700000002], [25.549113700000003, -25.176036500000002], [25.551264900000003, -25.178046400000003], [25.5523968, -25.1791072], [25.552724, -25.1794082], [25.553627900000002, -25.180282000000002], [25.557493, -25.1838841], [25.5576271, -25.1840103], [25.558270800000003, -25.184622], [25.558866300000002, -25.185291900000003], [25.559241800000002, -25.1858065], [25.5597594, -25.1866172], [25.5605808, -25.1878181], [25.560707100000002, -25.188000300000002], [25.5619957, -25.1899555], [25.563023700000002, -25.191588000000003], [25.564073800000003, -25.1931449], [25.5660008, -25.196100400000002], [25.5671028, -25.197757300000003], [25.5685539, -25.1999391], [25.5707188, -25.2031943], [25.5707391, -25.2032302], [25.5734171, -25.207251300000003], [25.5754391, -25.210291400000003], [25.575599, -25.210538800000002], [25.577123500000003, -25.212897400000003], [25.577344, -25.2132334], [25.578925400000003, -25.215655700000003], [25.5795762, -25.216650700000002], [25.5803219, -25.217751500000002], [25.5807302, -25.2183916], [25.5810287, -25.218839600000003], [25.5813938, -25.2193255], [25.5817695, -25.2197795], [25.5821979, -25.220227700000002], [25.5826299, -25.2206632], [25.5829959, -25.221008400000002], [25.5834569, -25.2213767], [25.583728500000003, -25.2215591], [25.5840199, -25.221752900000002], [25.584708300000003, -25.2221638], [25.5867918, -25.2232394], [25.587576100000003, -25.2236893], [25.587646600000003, -25.223732700000003], [25.588235400000002, -25.224087800000003], [25.5886311, -25.2243676], [25.589182, -25.2248243], [25.5896523, -25.2252665], [25.5899752, -25.225640300000002], [25.590178, -25.2259163], [25.5902713, -25.2260433], [25.590809800000002, -25.2268395], [25.591419700000003, -25.227713700000002], [25.591697800000002, -25.228109500000002], [25.5918259, -25.228300700000002], [25.591976000000003, -25.2285247], [25.5926869, -25.2296517], [25.593555600000002, -25.230925900000003], [25.5951679, -25.2332988], [25.5969571, -25.235938700000002], [25.597195600000003, -25.236294400000002], [25.5977773, -25.2371622], [25.5982142, -25.2377079], [25.5985166, -25.2380616], [25.599049200000003, -25.2385732], [25.599475700000003, -25.2389119], [25.6000163, -25.239271300000002], [25.600521500000003, -25.239582700000003], [25.6012667, -25.239986700000003], [25.6014045, -25.240061400000002], [25.6016303, -25.2401759], [25.614917000000002, -25.246912100000003], [25.6164172, -25.2476741], [25.6173278, -25.248136600000002], [25.618059600000002, -25.2484933], [25.618636900000002, -25.2486955], [25.619262900000003, -25.2488794], [25.6198321, -25.2489934], [25.6203891, -25.249089], [25.6207956, -25.2491294], [25.6212103, -25.2491552], [25.6216168, -25.2491662], [25.622011200000003, -25.2491589], [25.622622500000002, -25.249129500000002], [25.6261836, -25.2488567], [25.628528600000003, -25.248713400000003], [25.6307307, -25.2485751], [25.631739200000002, -25.248523000000002], [25.6323265, -25.2485037], [25.632593500000002, -25.248512100000003], [25.632829500000003, -25.2485266], [25.633147400000002, -25.2485594], [25.6334504, -25.248613900000002], [25.6337897, -25.2486989], [25.634126400000003, -25.2488202], [25.6344576, -25.248975400000003], [25.634699, -25.249101600000003], [25.634927, -25.249250800000002], [25.6351778, -25.2494376], [25.6354393, -25.2496632], [25.6356405, -25.2498694], [25.6358296, -25.2501144], [25.635961, -25.250315800000003], [25.6361166, -25.2505765], [25.6364129, -25.2511854], [25.636653300000003, -25.251750400000002], [25.636906800000002, -25.2521901], [25.636975800000002, -25.2522908], [25.637067700000003, -25.2523775], [25.6372131, -25.2524951], [25.637351600000002, -25.2525489], [25.637452500000002, -25.252625000000002], [25.6375272, -25.252722700000003], [25.6375704, -25.252834800000002], [25.6375789, -25.252953400000003], [25.637552200000002, -25.2530697], [25.637497900000003, -25.253152800000002], [25.637436800000003, -25.2532274], [25.6373515, -25.2532962], [25.637260400000002, -25.2534154], [25.637201800000003, -25.2535147], [25.637172000000003, -25.2535963], [25.6371614, -25.2536956], [25.6371612, -25.2537324], [25.637165900000003, -25.254451000000003], [25.6371599, -25.255552], [25.6371177, -25.2561839], [25.637043900000002, -25.2574758], [25.6367496, -25.2604836], [25.636672700000002, -25.2611841], [25.636627200000003, -25.2617669], [25.636600400000003, -25.2623752], [25.636605600000003, -25.2631483], [25.636648100000002, -25.2639214], [25.6367116, -25.2645003], [25.6367711, -25.264812600000003], [25.6368218, -25.265079200000002], [25.637033900000002, -25.2658492], [25.6372287, -25.2664019], [25.637415700000002, -25.266904800000002], [25.6377017, -25.2674938], [25.6379485, -25.2679934], [25.6382811, -25.268498], [25.6385386, -25.268881200000003], [25.6389409, -25.269453600000002], [25.6395793, -25.2702007], [25.6400635, -25.270716200000003], [25.640711200000002, -25.271263100000002], [25.6414575, -25.271930700000002], [25.6419627, -25.272359], [25.642615600000003, -25.2728882], [25.643779600000002, -25.2738923], [25.6445557, -25.274520600000002], [25.6448323, -25.2747385], [25.645684600000003, -25.275483700000002], [25.646113200000002, -25.2758836], [25.6469312, -25.276477800000002], [25.6475605, -25.276907], [25.648242800000002, -25.2772685], [25.6488249, -25.277547400000003], [25.649380100000002, -25.277768100000003], [25.6502759, -25.2780664], [25.6527543, -25.2788547], [25.6565684, -25.2799704], [25.6598407, -25.280945300000003], [25.661707500000002, -25.281532300000002], [25.662780400000003, -25.2818378], [25.664051800000003, -25.2821095], [25.665189, -25.282274400000002], [25.666852000000002, -25.2824393], [25.6687993, -25.282584800000002], [25.6715272, -25.2828398], [25.6733, -25.2829583], [25.6752845, -25.283124400000002], [25.6768183, -25.283211700000003], [25.678446, -25.283214100000002], [25.679297400000003, -25.2831815], [25.680110900000003, -25.2831535], [25.6815111, -25.2830377], [25.6822103, -25.2829389], [25.6825563, -25.282901300000002], [25.6829198, -25.2828456], [25.685053500000002, -25.282449000000003], [25.6868613, -25.282031900000003], [25.688089100000003, -25.2817623], [25.689484500000002, -25.2814449], [25.6919521, -25.2809162], [25.6931645, -25.2806591], [25.695439, -25.280106200000002], [25.6962812, -25.2799024], [25.6969786, -25.2796793], [25.698030000000003, -25.2792524], [25.6991619, -25.2786946], [25.7003689, -25.277967], [25.701436400000002, -25.277142400000002], [25.702332300000002, -25.2763226], [25.703158400000003, -25.275367000000003], [25.7037592, -25.2746393], [25.704885700000002, -25.2732132], [25.705685000000003, -25.272243000000003], [25.706323400000002, -25.2715396], [25.706741800000003, -25.271122400000003], [25.7072487, -25.270700400000003], [25.7076269, -25.2703947], [25.707885100000002, -25.270223100000003], [25.7086086, -25.269756800000003], [25.709182600000002, -25.2693969], [25.7097273, -25.269083900000002], [25.7098042, -25.269037], [25.7098809, -25.269003100000003], [25.7100331, -25.2695352], [25.710165200000002, -25.2700941], [25.711031300000002, -25.272289], [25.711134700000002, -25.272529300000002], [25.711250600000003, -25.2728566], [25.7113203, -25.2729682], [25.711513500000002, -25.2730119], [25.7117307, -25.272936700000002], [25.711980200000003, -25.272825100000002], [25.712071400000003, -25.272718400000002], [25.7121263, -25.2726462], [25.7122262, -25.272538700000002], [25.7122858, -25.272495600000003], [25.7123588, -25.2724756], [25.712434700000003, -25.272481600000003], [25.7125139, -25.272434], [25.7126561, -25.272369700000002], [25.712918900000002, -25.2722684], [25.7131349, -25.272261200000003], [25.713293800000002, -25.2723036], [25.713394400000002, -25.2723824], [25.713417800000002, -25.272511], [25.713303200000002, -25.272823300000002], [25.713176400000002, -25.2730943], [25.7130021, -25.2732908], [25.7122645, -25.273754], [25.712146500000003, -25.2738923], [25.7121357, -25.2739917], [25.712162600000003, -25.2740888], [25.7122135, -25.274164000000003], [25.7123852, -25.2741785], [25.712583700000003, -25.2741615], [25.7128465, -25.274142100000002], [25.7131496, -25.2741106], [25.7134478, -25.274056], [25.7135903, -25.274070100000003], [25.713697500000002, -25.274156], [25.713730100000003, -25.2742821], [25.7136761, -25.2744022], [25.7135554, -25.2744719], [25.713486200000002, -25.274693900000003], [25.7134393, -25.2748552], [25.713387400000002, -25.274998], [25.7133541, -25.2751418], [25.7133414, -25.2752209], [25.7133247, -25.275354800000002], [25.713372200000002, -25.2754434], [25.7134614, -25.2755142], [25.7136505, -25.275607700000002], [25.713818200000002, -25.275708400000003], [25.713883900000003, -25.275783500000003], [25.713940200000003, -25.275896300000003], [25.7139898, -25.276043100000003], [25.714001900000003, -25.276237100000003], [25.713995200000003, -25.276400900000002], [25.7139871, -25.276613], [25.7139831, -25.2767149], [25.713985800000003, -25.276809500000002], [25.7139804, -25.2768853], [25.7139884, -25.2769744], [25.714001200000002, -25.2770811], [25.7140737, -25.2773727], [25.714116, -25.277403600000003], [25.7141522, -25.277440300000002], [25.714199, -25.2775168], [25.7142178, -25.277584200000003], [25.7142193, -25.277653700000002], [25.7142033, -25.2777217], [25.7141707, -25.2777847], [25.714127700000002, -25.277835000000003], [25.714064200000003, -25.2778804], [25.7140217, -25.2779686], [25.7140032, -25.278025200000002], [25.7139905, -25.278122300000003], [25.7139831, -25.2781792], [25.7140059, -25.278240500000003], [25.7140756, -25.2783333], [25.714105800000002, -25.2783696], [25.714213100000002, -25.27844], [25.7143459, -25.2784678], [25.714595300000003, -25.2785067], [25.7146624, -25.27852], [25.714878300000002, -25.2785522], [25.7149976, -25.2785151], [25.715103600000003, -25.2784678], [25.715198800000003, -25.278455700000002], [25.7153785, -25.2784678], [25.715636, -25.2785151], [25.715850600000003, -25.278569700000002], [25.7159404, -25.2785806], [25.7160504, -25.2786025], [25.716151, -25.2786776], [25.7162462, -25.2788025], [25.716316000000003, -25.2789141], [25.7163763, -25.279033000000002], [25.716466200000003, -25.2792803], [25.7164755, -25.2793022], [25.716678100000003, -25.2795035], [25.716812200000003, -25.279658700000002], [25.7169181, -25.279782400000002], [25.7169691, -25.279866100000003], [25.717046900000003, -25.279887900000002], [25.717169600000002, -25.279903700000002], [25.717274200000002, -25.2799309], [25.7173915, -25.2799885], [25.717480700000003, -25.280051], [25.7175283, -25.2801286], [25.7175504, -25.280205600000002], [25.717561800000002, -25.280309300000003], [25.7175645, -25.280433600000002], [25.7175653, -25.280554000000002], [25.7177241, -25.280757400000002], [25.717792900000003, -25.2808311], [25.718042, -25.281192700000002], [25.7183357, -25.2815553], [25.7187172, -25.2819925], [25.7189251, -25.282239800000003], [25.7190793, -25.282406], [25.7191826, -25.282489], [25.7193106, -25.2825333], [25.7194018, -25.2825388], [25.719518500000003, -25.2825133], [25.719589600000003, -25.282450200000003], [25.719647900000002, -25.282394500000002], [25.7196737, -25.2823284], [25.719687200000003, -25.2822277], [25.719670100000002, -25.2821289], [25.7196526, -25.282067], [25.7196026, -25.2819702], [25.719498700000003, -25.281946700000002], [25.7194083, -25.281894700000002], [25.7193408, -25.2818195], [25.7193031, -25.281728800000003], [25.719299000000003, -25.281632100000003], [25.719329000000002, -25.2815391], [25.719371000000002, -25.281478900000003], [25.7194274, -25.2814292], [25.719495000000002, -25.2813929], [25.71957, -25.2813719], [25.7196484, -25.281367300000003], [25.7197257, -25.281379400000002], [25.720040200000003, -25.281290900000002], [25.7202333, -25.2812279], [25.7204036, -25.2812097], [25.720532400000003, -25.2812303], [25.7206256, -25.2812722], [25.720662500000003, -25.281290900000002], [25.720856100000002, -25.2814297], [25.7210527, -25.281850000000002], [25.7212217, -25.2821883], [25.7213169, -25.2824139], [25.721350500000003, -25.2825519], [25.7214403, -25.282737], [25.7215986, -25.2830869], [25.7219896, -25.2838499], [25.722328100000002, -25.284510500000003], [25.7226445, -25.285154000000002], [25.723704100000003, -25.287309200000003], [25.7243217, -25.2885515], [25.7248373, -25.2895998], [25.725203500000003, -25.2903273], [25.7255253, -25.2909954], [25.7256997, -25.291359200000002], [25.7259223, -25.291809100000002], [25.7263166, -25.2924469], [25.7265385, -25.2927743], [25.7267471, -25.293058000000002], [25.7269201, -25.293275], [25.727172200000002, -25.293567300000003], [25.727459200000002, -25.293860700000003], [25.727747500000003, -25.2941274], [25.7280184, -25.2943663], [25.728294700000003, -25.294600300000003], [25.728529400000003, -25.2947871], [25.728807000000003, -25.2949847], [25.729126200000003, -25.2951908], [25.7293756, -25.2953557], [25.729735700000003, -25.295556400000002], [25.732167800000003, -25.2968714], [25.734437600000003, -25.2981184], [25.738394600000003, -25.3002603], [25.7423803, -25.3024312], [25.744530100000002, -25.303587200000003], [25.7455548, -25.3041409], [25.745696900000002, -25.304217700000002], [25.7469669, -25.304903900000003], [25.747637400000002, -25.3052725], [25.748755900000003, -25.3058738], [25.750072900000003, -25.3065952], [25.750377200000003, -25.3067616], [25.7517254, -25.3074988], [25.751764700000003, -25.3075203], [25.752078700000002, -25.3077], [25.7524064, -25.3078876], [25.753059500000003, -25.308247700000003], [25.753676400000003, -25.308575100000002], [25.754662200000002, -25.3091121], [25.755220100000003, -25.3094225], [25.7556009, -25.309649200000003], [25.7560207, -25.3099184], [25.7563372, -25.310168100000002], [25.756588, -25.310358500000003], [25.756880300000002, -25.3106361], [25.757215600000002, -25.3109453], [25.7575603, -25.3112956], [25.757796300000003, -25.311579300000002], [25.7579935, -25.3118266], [25.758202700000002, -25.3121164], [25.7583261, -25.3122958], [25.7585286, -25.312584400000002], [25.758738100000002, -25.312961700000002], [25.7588447, -25.313150500000003], [25.759011400000002, -25.313479100000002], [25.7591542, -25.3138228], [25.759416400000003, -25.3144968], [25.759569900000002, -25.314906], [25.7597221, -25.315313300000003], [25.7597972, -25.3154709], [25.760036000000003, -25.315936400000002], [25.760202300000003, -25.316307100000003], [25.7604499, -25.3169636], [25.7606019, -25.317385400000003], [25.7607162, -25.317690300000002], [25.7609436, -25.318279800000003], [25.7611652, -25.3189026], [25.7613628, -25.3194212], [25.761418600000002, -25.3195847], [25.7615221, -25.319935500000003], [25.7616237, -25.320289300000002], [25.7617066, -25.320611900000003], [25.761750600000003, -25.320824100000003], [25.7618361, -25.3212735], [25.761939, -25.3218515], [25.7620654, -25.322677600000002], [25.762083500000003, -25.322794000000002], [25.7621328, -25.3230964], [25.762209900000002, -25.323599], [25.7622615, -25.323909200000003], [25.7623691, -25.324522], [25.762432500000003, -25.324904800000002], [25.762460700000002, -25.325073900000003], [25.7625549, -25.325589700000002], [25.762627600000002, -25.3260152], [25.762699400000002, -25.326551000000002], [25.762809700000002, -25.327208300000002], [25.762881500000002, -25.3276144], [25.7629509, -25.328047400000003], [25.763032000000003, -25.3284789], [25.7630871, -25.328774600000003], [25.7631413, -25.328893400000002], [25.763177300000002, -25.3289909], [25.7631845, -25.3290104], [25.7632261, -25.3291623], [25.763263100000003, -25.3292946], [25.763317100000002, -25.329486900000003], [25.763394, -25.329736], [25.763439700000003, -25.3298728], [25.7634718, -25.3299689], [25.7635039, -25.330065100000002], [25.763569200000003, -25.330272500000003], [25.7636623, -25.3305694], [25.7636697, -25.330590400000002], [25.7637317, -25.330765900000003], [25.7638226, -25.331043100000002], [25.763895100000003, -25.331260500000003], [25.7639737, -25.331493100000003], [25.764026100000002, -25.3316492], [25.764050800000003, -25.3317383], [25.7640594, -25.3317829], [25.764070800000002, -25.331841400000002], [25.7640755, -25.3319465], [25.764088800000003, -25.331985900000003], [25.7641743, -25.332238200000003], [25.7642001, -25.3323162], [25.7642236, -25.332387100000002], [25.764368100000002, -25.3328233], [25.764487900000002, -25.3331872], [25.764520700000002, -25.333286800000003], [25.764566900000002, -25.3334273], [25.7647003, -25.3338082], [25.7648814, -25.3343306], [25.765358600000003, -25.3358029], [25.765985500000003, -25.337731700000003], [25.7662897, -25.3386393], [25.766439700000003, -25.339133], [25.766484000000002, -25.3392881], [25.766508100000003, -25.3393996], [25.766569200000003, -25.339734200000002], [25.766612700000003, -25.340005700000003], [25.7666489, -25.3402941], [25.767286000000002, -25.345949500000003], [25.768026900000002, -25.352483300000003], [25.7681651, -25.3536825], [25.7686841, -25.358284100000002], [25.7689315, -25.360475800000003], [25.769165500000003, -25.362431100000002], [25.769259400000003, -25.3629564], [25.7693812, -25.363526200000003], [25.769682500000002, -25.364583900000003], [25.7700111, -25.365504], [25.7703947, -25.3663783], [25.770732300000002, -25.3670422], [25.7711007, -25.3676861], [25.7715567, -25.3683914], [25.772092500000003, -25.369119700000002], [25.7724072, -25.369501500000002], [25.772813300000003, -25.369994000000002], [25.773197600000003, -25.3704648], [25.773795000000003, -25.371181500000002], [25.774273800000003, -25.3717656], [25.7749443, -25.372617700000003], [25.775623500000002, -25.373442200000003], [25.7765731, -25.3745738], [25.777798800000003, -25.376083400000002], [25.779016600000002, -25.3775763], [25.7797094, -25.378402700000002], [25.780274000000002, -25.379119900000003], [25.7820846, -25.381292300000002], [25.783318100000002, -25.3828208], [25.783995200000003, -25.3836321], [25.785239100000002, -25.3851437], [25.7871539, -25.387474], [25.788170700000002, -25.388723900000002], [25.7887041, -25.3893695], [25.789660400000002, -25.390546], [25.791223300000002, -25.3925647], [25.7918597, -25.3933916], [25.7926816, -25.3944969], [25.794095300000002, -25.3963228], [25.7954894, -25.3981473], [25.7957277, -25.398481500000003], [25.796048600000002, -25.398879700000002], [25.796469100000003, -25.3994345], [25.797097400000002, -25.4002583], [25.7975017, -25.400790200000003], [25.798350600000003, -25.401907700000002], [25.7993303, -25.403187000000003], [25.8006661, -25.4049309], [25.800908800000002, -25.405247000000003], [25.8010966, -25.4054772], [25.801326300000003, -25.4057803], [25.8017235, -25.406152600000002], [25.8030827, -25.4073631], [25.803645200000002, -25.4078732], [25.8050119, -25.4090199], [25.806047900000003, -25.409921800000003], [25.807637300000003, -25.4113022], [25.8144774, -25.417277600000002], [25.8172676, -25.419669300000002], [25.8180312, -25.4203455], [25.818990900000003, -25.4211676], [25.8193476, -25.421482500000003], [25.819571600000003, -25.421664200000002], [25.819866700000002, -25.421899200000002], [25.820102700000003, -25.4220809], [25.820545300000003, -25.4223922], [25.8208309, -25.422578700000003], [25.8217308, -25.4231528], [25.8223893, -25.4235659], [25.823456800000002, -25.4242284], [25.8253598, -25.4254384], [25.8260156, -25.425840500000003], [25.827950400000002, -25.427063200000003], [25.8282646, -25.427261700000003], [25.8299813, -25.4283465], [25.830498300000002, -25.4286709], [25.830952200000002, -25.428955700000003], [25.8318236, -25.429499500000002], [25.832002300000003, -25.429611], [25.8333528, -25.430463600000003], [25.8335697, -25.430598], [25.834212500000003, -25.430996500000003], [25.834314000000003, -25.4310313], [25.834416200000003, -25.4310915], [25.834917500000003, -25.431411400000002], [25.834971900000003, -25.4314462], [25.8354584, -25.431738300000003], [25.836166100000003, -25.432185200000003], [25.836402600000003, -25.432333200000002], [25.8367505, -25.4325559], [25.837128900000003, -25.4327924], [25.8372388, -25.432860400000003], [25.8375106, -25.433028800000002], [25.8376534, -25.433123400000003], [25.837746300000003, -25.4332019], [25.837789800000003, -25.4332682], [25.837924700000002, -25.433352600000003], [25.8379957, -25.433397000000003], [25.8395148, -25.434339], [25.8395812, -25.434380100000002], [25.839702900000002, -25.434455600000003], [25.840099600000002, -25.434703900000002], [25.840820100000002, -25.435154800000003], [25.8409394, -25.435229500000002], [25.8414052, -25.435519600000003], [25.842115600000003, -25.435962200000002], [25.8426757, -25.4363171], [25.8436659, -25.4369444], [25.844658300000003, -25.4375681], [25.8447497, -25.437625800000003], [25.8454376, -25.4380598], [25.845518700000003, -25.4381102], [25.845909600000002, -25.4383529], [25.8477576, -25.439516700000002], [25.848496800000003, -25.4399841], [25.848767300000002, -25.440155100000002], [25.850347300000003, -25.441154100000002], [25.8505745, -25.441285800000003], [25.8506234, -25.441314100000003], [25.8512498, -25.4416772], [25.851413200000003, -25.441749700000003], [25.8525601, -25.442258600000002], [25.852791200000002, -25.442329200000003], [25.8530279, -25.4424245], [25.8533873, -25.4425738], [25.8536685, -25.442690600000002], [25.8538068, -25.4427513], [25.8548042, -25.443189200000003], [25.8548522, -25.4432103], [25.8551217, -25.4433286], [25.8552065, -25.443365800000002], [25.855808800000002, -25.443633000000002], [25.8559355, -25.4436901], [25.856060000000003, -25.443757100000003], [25.8561729, -25.443822], [25.8562762, -25.443892700000003], [25.856976900000003, -25.444203400000003], [25.857035600000003, -25.4442294], [25.857067500000003, -25.4442436], [25.858777500000002, -25.4450076], [25.8597618, -25.4454327], [25.860368, -25.4457051], [25.8604047, -25.4457211], [25.8616193, -25.4462501], [25.8620692, -25.4464535], [25.862476200000003, -25.446637600000003], [25.86267, -25.446738], [25.862847700000003, -25.446830100000003], [25.8630442, -25.4469394], [25.8632247, -25.446997500000002], [25.8634042, -25.447106100000003], [25.8636215, -25.4472439], [25.8636531, -25.447265], [25.863856700000003, -25.4474012], [25.864162, -25.4475957], [25.8642721, -25.447672200000003], [25.864379200000002, -25.4477465], [25.864605500000003, -25.447913500000002], [25.8646838, -25.4479697], [25.864946600000003, -25.4481584], [25.865216, -25.448346400000002], [25.8655015, -25.448555600000002], [25.8657834, -25.448750200000003], [25.866085, -25.448969100000003], [25.8662336, -25.4491151], [25.8665056, -25.4493012], [25.8665281, -25.449317], [25.866583300000002, -25.4493556], [25.867085600000003, -25.4497074], [25.867220500000002, -25.4497633], [25.8673398, -25.4498305], [25.867501800000003, -25.4499402], [25.867902500000003, -25.450218900000003], [25.868099700000002, -25.4503628], [25.8683239, -25.4505263], [25.868826600000002, -25.4508896], [25.8688432, -25.4509013], [25.8689551, -25.45098], [25.869067, -25.451058600000003], [25.8690865, -25.4510721], [25.869176600000003, -25.451134200000002], [25.8695017, -25.451354600000002], [25.8696714, -25.451477200000003], [25.8697574, -25.451541000000002], [25.869806, -25.451577], [25.869930800000002, -25.4516679], [25.8700626, -25.451807000000002], [25.8702836, -25.4519744], [25.870981500000003, -25.452471000000003], [25.8712859, -25.4526876], [25.871909600000002, -25.4531284], [25.872297300000003, -25.453436200000002], [25.8723977, -25.453515900000003], [25.8729395, -25.453959100000002], [25.873805500000003, -25.454746500000002], [25.874232600000003, -25.455134700000002], [25.8744711, -25.4553516], [25.874858200000002, -25.455699000000003], [25.875128200000002, -25.455941300000003], [25.8755533, -25.456303400000003], [25.8760793, -25.456691600000003], [25.876244000000003, -25.456813200000003], [25.876679900000003, -25.4571304], [25.8781122, -25.4581149], [25.879131100000002, -25.4588274], [25.8799682, -25.4594126], [25.880031600000002, -25.459456900000003], [25.880473600000002, -25.459766000000002], [25.880791000000002, -25.459988000000003], [25.8808951, -25.460060700000003], [25.8809998, -25.460133900000002], [25.881088400000003, -25.4601709], [25.8811974, -25.460232100000002], [25.881233100000003, -25.460255], [25.8813369, -25.4603217], [25.881491200000003, -25.460416600000002], [25.8820659, -25.4608078], [25.8821054, -25.460835200000002], [25.8825915, -25.461171500000003], [25.8826718, -25.461227500000003], [25.882725100000002, -25.461264600000003], [25.8829452, -25.461418100000003], [25.8832625, -25.461636300000002], [25.8835799, -25.461864300000002], [25.883913900000003, -25.4620958], [25.8840298, -25.4621783], [25.8840809, -25.462235900000003], [25.8841123, -25.462282700000003], [25.8862768, -25.463770800000002], [25.887296900000003, -25.464485600000003], [25.8877802, -25.464824200000002], [25.8879464, -25.4649378], [25.887966700000003, -25.464951600000003], [25.8880483, -25.4650073], [25.888073300000002, -25.465024300000003], [25.888767, -25.465497300000003], [25.8888162, -25.465531000000002], [25.889930000000003, -25.466290500000003], [25.890219400000003, -25.466494100000002], [25.891237800000003, -25.4672106], [25.891288300000003, -25.4672461], [25.8919591, -25.467718], [25.8929063, -25.468369000000003], [25.8930523, -25.468469300000002], [25.893096900000003, -25.468500000000002], [25.8937412, -25.468942700000003], [25.8937858, -25.468973400000003], [25.893853500000002, -25.469019900000003], [25.894210800000003, -25.4692654], [25.8957392, -25.470332000000003], [25.895783400000003, -25.4703629], [25.896644900000002, -25.470964100000003], [25.8973082, -25.4714244], [25.898517100000003, -25.4722632], [25.8989154, -25.4725405], [25.8990438, -25.472630000000002], [25.8991092, -25.472675600000002], [25.899750700000002, -25.4731229], [25.8998223, -25.4731728], [25.899834000000002, -25.473181], [25.900142000000002, -25.4733923], [25.9011397, -25.474079200000002], [25.9019355, -25.4746254], [25.9034966, -25.475700500000002], [25.9035106, -25.475710300000003], [25.903558, -25.4757436], [25.9042022, -25.476196], [25.90426, -25.4762366], [25.904770600000003, -25.476595200000002], [25.904993700000002, -25.476749700000003], [25.905187700000003, -25.476884000000002], [25.905874400000002, -25.4773627], [25.9067599, -25.477973300000002], [25.906796900000003, -25.4779985], [25.906935400000002, -25.4780929], [25.906980700000002, -25.478123800000002], [25.907004800000003, -25.478140200000002], [25.907630700000002, -25.478566700000002], [25.9076932, -25.478609300000002], [25.908160300000002, -25.4789277], [25.909846700000003, -25.480077100000003], [25.9113429, -25.481094600000002], [25.9113973, -25.4811316], [25.9114329, -25.481155800000003], [25.9114618, -25.4811754], [25.912131000000002, -25.481630600000003], [25.9122109, -25.4816849], [25.913054600000002, -25.482258700000003], [25.914526100000003, -25.4832623], [25.9151844, -25.483711300000003], [25.915748100000002, -25.484095800000002], [25.9160909, -25.484329600000002], [25.917078500000002, -25.484999600000002], [25.917159100000003, -25.4850543], [25.9171866, -25.485072900000002], [25.9172604, -25.485123], [25.9177883, -25.4854811], [25.917997500000002, -25.485623], [25.9180278, -25.485643600000003], [25.9185842, -25.486021100000002], [25.9190413, -25.486331200000002], [25.9199632, -25.4869585], [25.920621200000003, -25.487406200000002], [25.9214585, -25.4879755], [25.9218872, -25.488275400000003], [25.922113900000003, -25.4884278], [25.922265300000003, -25.488529600000003], [25.922560400000002, -25.4887258], [25.9229439, -25.4889727], [25.9229869, -25.488999800000002], [25.9231374, -25.489094700000003], [25.923167600000003, -25.4891137], [25.923362400000002, -25.4892366], [25.923810500000002, -25.489500600000003], [25.9238566, -25.4895278], [25.923989300000002, -25.489606000000002], [25.9245239, -25.489921000000002], [25.9251621, -25.490297100000003], [25.9256318, -25.4905662], [25.926501700000003, -25.4910645], [25.927633500000002, -25.4917032], [25.928342800000003, -25.4921413], [25.9284494, -25.492204400000002], [25.929080900000002, -25.492578], [25.9296575, -25.4929191], [25.930644800000003, -25.493482], [25.9307491, -25.493541500000003], [25.930798600000003, -25.493569700000002], [25.931673500000002, -25.494068600000002], [25.931725500000002, -25.4940982], [25.932844900000003, -25.4947479], [25.9329156, -25.494788900000003], [25.932967400000003, -25.494819000000003], [25.9334664, -25.495108600000002], [25.9336343, -25.4952061], [25.9337197, -25.4952557], [25.9338069, -25.495306300000003], [25.934683900000003, -25.4958013], [25.935045900000002, -25.4960057], [25.9358289, -25.496447600000003], [25.9366807, -25.4969293], [25.937319000000002, -25.497290300000003], [25.937410800000002, -25.497342200000002], [25.9374666, -25.497373800000002], [25.937984200000002, -25.4976665], [25.9388401, -25.4980994], [25.938909000000002, -25.498134200000003], [25.939447100000002, -25.4983983], [25.9397662, -25.498555000000003], [25.9402447, -25.498789900000002], [25.9407943, -25.499059600000002], [25.941375400000002, -25.499344800000003], [25.9416034, -25.4994577], [25.943027700000002, -25.500163200000003], [25.9433791, -25.500322200000003], [25.9435395, -25.5003546], [25.943652800000002, -25.500401800000002], [25.943976900000003, -25.500524100000003], [25.944561800000002, -25.500713], [25.945057900000002, -25.5008589], [25.9455017, -25.500949000000002], [25.9461024, -25.5010906], [25.9466904, -25.5011793], [25.947440200000003, -25.501250900000002], [25.948128, -25.5013152], [25.9483986, -25.5013609], [25.948634600000002, -25.501381400000003], [25.9541165, -25.5018576], [25.955307400000002, -25.5019841], [25.9561129, -25.502038300000002], [25.95634, -25.5020434], [25.9567814, -25.502082], [25.957844100000003, -25.5021564], [25.9600219, -25.502331], [25.960432400000002, -25.502376700000003], [25.960705100000002, -25.502423], [25.966086100000002, -25.5028946], [25.966243100000003, -25.502906000000003], [25.968212400000002, -25.5030733], [25.981549700000002, -25.504216800000002], [25.9817353, -25.504206800000002], [25.981851300000002, -25.5042122], [25.982709900000003, -25.504297400000002], [25.9830542, -25.504327], [25.983579600000002, -25.504369500000003], [25.984453700000003, -25.5044392], [25.9847809, -25.504467], [25.9850284, -25.5044955], [25.9853455, -25.5045445], [25.9856741, -25.504622], [25.9860322, -25.504710300000003], [25.986377700000002, -25.504837900000002], [25.986699400000003, -25.5049518], [25.987123800000003, -25.505121900000002], [25.9875222, -25.5053167], [25.988045200000002, -25.505630200000002], [25.988485100000002, -25.5059244], [25.988760000000003, -25.506149500000003], [25.989165, -25.5065078], [25.9899737, -25.507257000000003], [25.992981800000003, -25.5100978], [25.9953374, -25.512306600000002], [25.9959114, -25.5128543], [25.997765, -25.514590300000002], [25.9989142, -25.515633800000003], [25.999486800000003, -25.5161143], [26.0004248, -25.516849800000003], [26.001676200000002, -25.517765100000002], [26.0032104, -25.5188205], [26.008963700000002, -25.522853100000003], [26.0121703, -25.5251029], [26.0151891, -25.5272183], [26.0187826, -25.5296883], [26.018938900000002, -25.529763900000003], [26.019060900000003, -25.5298583], [26.0195431, -25.5301699], [26.020644800000003, -25.530946800000002], [26.020736600000003, -25.5310053], [26.0210799, -25.531251500000003], [26.021478400000003, -25.5315428], [26.0216843, -25.531701], [26.021823700000002, -25.531790500000003], [26.0218665, -25.531830300000003], [26.021939000000003, -25.5319077], [26.021991600000003, -25.531944900000003], [26.022874, -25.532605], [26.023615500000002, -25.5331225], [26.0238979, -25.533322300000002], [26.0241754, -25.5335217], [26.025131400000003, -25.534171800000003], [26.0255887, -25.5345046], [26.026054600000002, -25.534826900000002], [26.0262697, -25.5349855], [26.026555000000002, -25.5351891], [26.026842000000002, -25.5353825], [26.027038100000002, -25.5355054], [26.027281900000002, -25.5356482], [26.027682900000002, -25.5358723], [26.028087900000003, -25.536082], [26.0283695, -25.536206], [26.0286283, -25.5363101], [26.028887700000002, -25.5364085], [26.0293029, -25.536547000000002], [26.029799800000003, -25.5366979], [26.0301659, -25.536789900000002], [26.0308643, -25.5369466], [26.031866400000002, -25.5371819], [26.032667800000002, -25.5373689], [26.0336903, -25.5376091], [26.034145000000002, -25.537716800000002], [26.0355203, -25.5380399], [26.036760100000002, -25.538335200000002], [26.038156200000003, -25.5386516], [26.038777200000002, -25.5388041], [26.0391359, -25.5389027], [26.0393887, -25.5389856], [26.039616700000003, -25.5390666], [26.0399223, -25.5391765], [26.040138000000002, -25.539259], [26.0404991, -25.5394182], [26.0407146, -25.539518400000002], [26.041118200000003, -25.539717600000003], [26.0412879, -25.539806700000003], [26.041485400000003, -25.539919700000002], [26.041642900000003, -25.5400212], [26.041833800000003, -25.5401506], [26.0420696, -25.5403094], [26.0422875, -25.5404634], [26.042541, -25.5406355], [26.0428286, -25.5408282], [26.043107900000003, -25.5410368], [26.0433349, -25.5412134], [26.0437376, -25.541511], [26.0442995, -25.5419015], [26.044689100000003, -25.5421695], [26.0450431, -25.542425400000003], [26.045406200000002, -25.5427028], [26.0463363, -25.5433659], [26.046972, -25.543826600000003], [26.0473582, -25.544087100000002], [26.047799400000002, -25.5443941], [26.0482085, -25.544689100000003], [26.0486639, -25.545016800000003], [26.0489333, -25.5452166], [26.049161700000003, -25.5453842], [26.049396, -25.5455621], [26.049755400000002, -25.5458241], [26.050025, -25.546032800000003], [26.0503824, -25.5463008], [26.0506496, -25.5464926], [26.0510343, -25.546770900000002], [26.0513131, -25.5469659], [26.0516937, -25.5472231], [26.0520454, -25.547489600000002], [26.052272700000003, -25.547659000000003], [26.0524507, -25.5477843], [26.053006600000003, -25.5481488], [26.053469000000003, -25.548477600000002], [26.053735200000002, -25.548692300000003], [26.0540865, -25.548954900000002], [26.0544647, -25.5492223], [26.0548278, -25.5494933], [26.0550883, -25.5497008], [26.055272100000003, -25.549855100000002], [26.055433, -25.5500033], [26.055772, -25.550345], [26.0559869, -25.550571400000003], [26.056206200000002, -25.550813400000003], [26.056375000000003, -25.551012500000002], [26.056618500000003, -25.5513352], [26.056754700000003, -25.5515206], [26.056947400000002, -25.5518086], [26.057078800000003, -25.5520263], [26.0572629, -25.5523533], [26.057410800000003, -25.5526383], [26.057546300000002, -25.552927500000003], [26.057638100000002, -25.5531389], [26.0577535, -25.5534444], [26.0579308, -25.5539346], [26.058077, -25.554359100000003], [26.058175700000003, -25.5546659], [26.0582795, -25.554976800000002], [26.058447100000002, -25.555393600000002], [26.058633200000003, -25.5558282], [26.058822000000003, -25.556219300000002], [26.0590158, -25.556575000000002], [26.059200800000003, -25.556876300000003], [26.059330600000003, -25.5570662], [26.059546200000003, -25.557359], [26.0597651, -25.557649400000003], [26.059969300000002, -25.557892600000002], [26.060141, -25.558085600000002], [26.060791400000003, -25.5587498], [26.061162200000002, -25.559136000000002], [26.0617053, -25.559730400000003], [26.062321800000003, -25.5602714], [26.062414800000003, -25.560290600000002], [26.0624778, -25.5602966], [26.062528800000003, -25.5602978], [26.062590500000002, -25.5602942], [26.062636100000002, -25.560288200000002], [26.062705800000003, -25.560274900000003], [26.0628309, -25.560205300000003], [26.0631968, -25.559880600000003], [26.064114, -25.559091600000002], [26.064328500000002, -25.558911300000002], [26.0644734, -25.558820500000003], [26.0652213, -25.5581779], [26.066174200000003, -25.5573592], [26.067565600000002, -25.5561651], [26.068064900000003, -25.555736600000003], [26.0697663, -25.5542708], [26.069990800000003, -25.554087000000003], [26.070409100000003, -25.553699100000003], [26.0705828, -25.553457400000003], [26.070956300000002, -25.5528957], [26.071194300000002, -25.552511900000002], [26.0714377, -25.5520947], [26.0720184, -25.551172800000003], [26.0724999, -25.5503064], [26.072921, -25.549539300000003], [26.072975800000002, -25.5494027], [26.0730538, -25.5491582], [26.073127500000002, -25.5488375], [26.073170500000003, -25.548460000000002], [26.073193300000003, -25.5480656], [26.0732576, -25.547657800000003], [26.073284500000003, -25.5474812], [26.073317900000003, -25.547294800000003], [26.0733743, -25.5471435], [26.0734923, -25.546927], [26.073609, -25.546783], [26.0737914, -25.546620800000003], [26.073979100000003, -25.546498600000003], [26.074263400000003, -25.546389700000002], [26.074407400000002, -25.546353900000003], [26.0747797, -25.5462615], [26.075154, -25.5461695], [26.0755114, -25.5460861], [26.075761500000002, -25.5460278], [26.0771455, -25.545704800000003], [26.078197900000003, -25.545455], [26.0790566, -25.5452511], [26.080120100000002, -25.545006700000002], [26.081600700000003, -25.5446679], [26.0818896, -25.544596000000002], [26.0824588, -25.544454400000003], [26.0828117, -25.5443666], [26.082957500000003, -25.544330300000002], [26.0829954, -25.5443219], [26.084462600000002, -25.5439727], [26.0847328, -25.543907100000002], [26.085536400000002, -25.543712000000003], [26.0858324, -25.5436352], [26.085985700000002, -25.543599500000003], [26.086299200000003, -25.543522000000003], [26.087992300000003, -25.543048900000002], [26.0891886, -25.5428287], [26.091496600000003, -25.5422297], [26.092651, -25.541959400000003], [26.0932408, -25.541821300000002], [26.0942104, -25.5415715], [26.0945168, -25.541517000000002], [26.0948427, -25.541497600000003], [26.095114900000002, -25.541506100000003], [26.0954529, -25.541572700000003], [26.095764000000003, -25.5416779], [26.096330000000002, -25.541929600000003], [26.096667500000002, -25.542084000000003], [26.0971078, -25.5422854], [26.097436400000003, -25.542435400000002], [26.0977609, -25.542550400000003], [26.097976900000003, -25.542607200000003], [26.098229, -25.542665300000003], [26.098489200000003, -25.5426992], [26.098693, -25.542716100000003], [26.0988848, -25.5427198], [26.0991678, -25.5427149], [26.099418, -25.5426927], [26.099535200000002, -25.542682300000003], [26.1002152, -25.5425697], [26.101100300000002, -25.542456], [26.101467500000002, -25.5424134], [26.102323900000002, -25.542307200000003], [26.1024588, -25.5422905], [26.103466, -25.5421656], [26.1042452, -25.5420754], [26.1044355, -25.5420479], [26.104687100000003, -25.5419719], [26.105027900000003, -25.541930100000002], [26.105855100000003, -25.541821300000002], [26.106597, -25.5417232], [26.107300600000002, -25.541632900000003], [26.1079623, -25.5415546], [26.108292400000003, -25.541554], [26.1085965, -25.5415366], [26.1090254, -25.541512100000002], [26.109460600000002, -25.5414959], [26.109905100000002, -25.5414944], [26.110611700000003, -25.541522800000003], [26.111060700000003, -25.541566500000002], [26.1116287, -25.541650200000003], [26.1133218, -25.541957500000002], [26.114307500000002, -25.5421148], [26.114923100000002, -25.542181300000003], [26.1155024, -25.5422128], [26.1158672, -25.54222], [26.1163393, -25.542198300000003], [26.1168663, -25.5421632], [26.1175865, -25.5420482], [26.118328100000003, -25.5418728], [26.119069800000002, -25.541647700000002], [26.1199079, -25.541317300000003], [26.1204009, -25.5410901], [26.120879600000002, -25.5408493], [26.122713500000003, -25.5397709], [26.1247359, -25.538571700000002], [26.1251865, -25.5383454], [26.1258115, -25.5380937], [26.1270795, -25.5376273], [26.1274704, -25.5374778], [26.128002900000002, -25.537231000000002], [26.128815600000003, -25.5368086], [26.1293748, -25.5364456], [26.131108800000003, -25.5352403], [26.131574200000003, -25.534925700000002], [26.132105300000003, -25.534612300000003], [26.132635, -25.534359400000003], [26.1335979, -25.533997600000003], [26.1346963, -25.5336333], [26.1379391, -25.532562400000003], [26.140746, -25.531617200000003], [26.1427188, -25.530971], [26.143676300000003, -25.530637000000002], [26.1442973, -25.5304083], [26.1452883, -25.529947200000002], [26.1458234, -25.5296737], [26.1504824, -25.5269762], [26.1531497, -25.525250200000002], [26.1554439, -25.5237656], [26.156746400000003, -25.522928500000003], [26.1573496, -25.522525100000003], [26.1590615, -25.521327000000003], [26.159178500000003, -25.521208700000003], [26.1593471, -25.521072200000003], [26.159530200000003, -25.520934200000003], [26.1601223, -25.5204646], [26.1613045, -25.519589], [26.161515, -25.519423200000002], [26.1616974, -25.519296100000002], [26.1617618, -25.5192586], [26.1618476, -25.519225300000002], [26.162399500000003, -25.518792100000002], [26.162760900000002, -25.5185561], [26.1632444, -25.5182952], [26.163723200000003, -25.518096800000002], [26.1642301, -25.517914], [26.1648269, -25.5177857], [26.165215800000002, -25.517724], [26.1656, -25.517693100000002], [26.166008400000003, -25.517681600000003], [26.1664174, -25.517697400000003], [26.166970000000003, -25.517765100000002], [26.167400500000003, -25.5178535], [26.170891400000002, -25.518737], [26.171613100000002, -25.518922600000003], [26.1738472, -25.519497], [26.1748651, -25.5198359], [26.175447100000003, -25.5200949], [26.176221700000003, -25.520500300000002], [26.1771168, -25.5209687], [26.1803649, -25.522709000000003], [26.183782100000002, -25.524537700000003], [26.186019700000003, -25.525739400000003], [26.1862384, -25.525830000000003], [26.1863308, -25.525868300000003], [26.187626400000003, -25.526569600000002], [26.188258, -25.5269242], [26.1886489, -25.5271499], [26.188924500000002, -25.527335700000002], [26.1892028, -25.527542], [26.1895072, -25.527818500000002], [26.189719200000003, -25.528072], [26.1899203, -25.528307400000003], [26.1902234, -25.528777], [26.1905037, -25.5293506], [26.1906499, -25.529796], [26.190805400000002, -25.5305535], [26.190841600000002, -25.530825800000002], [26.1908913, -25.531142900000003], [26.190955600000002, -25.5314672], [26.1910254, -25.531737000000003], [26.1910978, -25.5319718], [26.1911796, -25.532183600000003], [26.1912896, -25.532429200000003], [26.1914009, -25.5326531], [26.191555100000002, -25.532927800000003], [26.191763, -25.5332364], [26.1927205, -25.5345276], [26.1937572, -25.535941], [26.1942977, -25.5366779], [26.1947429, -25.5372673], [26.195487200000002, -25.538265600000003], [26.1958507, -25.538738700000003], [26.196110800000003, -25.5390957], [26.196418, -25.5395265], [26.196892700000003, -25.5401823], [26.197230700000002, -25.5406276], [26.197867700000003, -25.541475900000002], [26.198036700000003, -25.5417118], [26.198307600000003, -25.542047], [26.198620000000002, -25.542404], [26.1989124, -25.5427234], [26.1992222, -25.543056200000002], [26.199503800000002, -25.5433248], [26.199764000000002, -25.5435486], [26.199937000000002, -25.5436878], [26.200169000000002, -25.5438572], [26.200481500000002, -25.544065300000003], [26.201118500000003, -25.544519100000002], [26.201388100000003, -25.544703000000002], [26.201604000000003, -25.5448664], [26.201825300000003, -25.5450382], [26.202010400000002, -25.545187000000002], [26.202187400000003, -25.5453358], [26.2024355, -25.545545200000003], [26.2038249, -25.546852], [26.2042165, -25.5472053], [26.204553100000002, -25.5475078], [26.204947400000002, -25.5478974], [26.205176700000003, -25.5481212], [26.205550900000002, -25.548454000000003], [26.205854000000002, -25.5487129], [26.206067200000003, -25.548915], [26.2063495, -25.5492084], [26.206598300000003, -25.5494619], [26.206786, -25.5496337], [26.2069255, -25.5497583], [26.207286300000003, -25.550076500000003], [26.207612200000003, -25.5503839], [26.208247800000002, -25.5509816], [26.2088299, -25.551483700000002], [26.2092832, -25.551856400000002], [26.210137500000002, -25.5525291], [26.210574700000002, -25.5528461], [26.212505800000002, -25.554256900000002], [26.2130088, -25.5546344], [26.2147629, -25.555903500000003], [26.215260500000003, -25.5562641], [26.2158626, -25.556683900000003], [26.2161523, -25.5568944], [26.2163991, -25.5570142], [26.2169409, -25.557357800000002], [26.2179313, -25.5579071], [26.218145200000002, -25.5580257], [26.218858700000002, -25.558420100000003], [26.219243600000002, -25.5586355], [26.2196311, -25.558846000000003], [26.2202252, -25.559140000000003], [26.220509600000003, -25.559316600000002], [26.2208596, -25.559517500000002], [26.2212874, -25.559757], [26.221637400000002, -25.5599373], [26.222038400000002, -25.560130800000003], [26.2222034, -25.5601817], [26.222530600000002, -25.560332900000002], [26.223143500000003, -25.5606402], [26.224223100000003, -25.5612233], [26.224351900000002, -25.561291], [26.2247099, -25.561481], [26.2251431, -25.5617242], [26.2255079, -25.5619432], [26.2257399, -25.562107700000002], [26.226642400000003, -25.5626013], [26.2273096, -25.5629855], [26.227652300000003, -25.5632099], [26.228458300000003, -25.563818400000002], [26.230019300000002, -25.565171000000003], [26.231391300000002, -25.5663881], [26.231867400000002, -25.566797], [26.232138300000003, -25.567019600000002], [26.232503100000002, -25.567295400000003], [26.232830300000003, -25.5675156], [26.233195100000003, -25.5677406], [26.2336296, -25.568004300000002], [26.234225000000002, -25.568298300000002], [26.2347132, -25.568529400000003], [26.236158900000003, -25.5692129], [26.238068600000002, -25.570119000000002], [26.2391402, -25.5706573], [26.239542500000002, -25.5708823], [26.240100400000003, -25.571200500000003], [26.240879600000003, -25.5716505], [26.2413503, -25.5719518], [26.242000800000003, -25.572357], [26.2430857, -25.5730599], [26.243663700000003, -25.573405800000003], [26.244074100000002, -25.5736321], [26.2448023, -25.5739538], [26.2455265, -25.574233300000003], [26.249219500000002, -25.575654800000002], [26.2547111, -25.5777222], [26.2604128, -25.5798668], [26.260808400000002, -25.5799732], [26.261306, -25.580059100000003], [26.2619121, -25.5800845], [26.2622675, -25.580059100000003], [26.262708800000002, -25.579989], [26.263143300000003, -25.5798716], [26.2639198, -25.579566800000002], [26.264473600000002, -25.5793345], [26.2648237, -25.579206300000003], [26.265175000000003, -25.579098700000003], [26.265696700000003, -25.579014], [26.265979700000003, -25.578977700000003], [26.2662781, -25.5789553], [26.266573800000003, -25.5789608], [26.2669761, -25.578999500000002], [26.267424100000003, -25.5790745], [26.267861, -25.5792007], [26.268332, -25.5794168], [26.2687813, -25.579669600000003], [26.269197000000002, -25.580018000000003], [26.270080800000002, -25.580862300000003], [26.2711188, -25.5818966], [26.2721863, -25.5829562], [26.2728663, -25.583636000000002], [26.2732257, -25.583972300000003], [26.2736361, -25.5843424], [26.2740022, -25.5846194], [26.274452800000002, -25.5849037], [26.274990600000002, -25.585183100000002], [26.2754291, -25.585388700000003], [26.2760742, -25.5856053], [26.2765027, -25.5857123], [26.2772973, -25.585819400000002], [26.278956200000003, -25.585982700000002], [26.281488200000002, -25.586251200000003], [26.2824029, -25.5863455], [26.2830198, -25.586438700000002], [26.283650100000003, -25.5865778], [26.283980000000003, -25.586652800000003], [26.2845674, -25.58681], [26.2851521, -25.586986600000003], [26.2869439, -25.5875817], [26.288078400000003, -25.5879131], [26.288459300000003, -25.588014700000002], [26.292152700000003, -25.588912200000003], [26.292624800000002, -25.589009], [26.2934187, -25.589139600000003], [26.295374000000002, -25.589432400000003], [26.295937300000002, -25.5895267], [26.2960493, -25.5895146], [26.297446, -25.5897347], [26.2981488, -25.589817], [26.2986758, -25.5898666], [26.298787100000002, -25.5898775], [26.2998352, -25.589939800000003], [26.2999593, -25.5899748], [26.3006528, -25.590012400000003], [26.3046444, -25.590228900000003], [26.304971000000002, -25.5902403], [26.306988, -25.590341900000002], [26.3081682, -25.5904266], [26.3085732, -25.590472600000002], [26.308929300000003, -25.590538300000002], [26.309299900000003, -25.590623500000003], [26.309558900000003, -25.5907118], [26.309864, -25.5908288], [26.310271500000002, -25.590989500000003], [26.3107769, -25.5912709], [26.3112579, -25.591589000000003], [26.314915300000003, -25.5941495], [26.317345000000003, -25.5957782], [26.318824900000003, -25.5968763], [26.3191518, -25.5971189], [26.3227513, -25.599543800000003], [26.322983400000002, -25.599663600000003], [26.3243365, -25.600288900000002], [26.325324900000002, -25.600671100000003], [26.3254711, -25.6007143], [26.3260733, -25.600892400000003], [26.326365600000003, -25.6009746], [26.326740200000003, -25.601063900000003], [26.327187700000003, -25.601170600000003], [26.3275109, -25.601234700000003], [26.328074700000002, -25.6013349], [26.3283679, -25.601387000000003], [26.329764, -25.6015273], [26.331630800000003, -25.6016918], [26.3325186, -25.6017511], [26.3339509, -25.6018285], [26.334473900000003, -25.601837000000003], [26.338955900000002, -25.6018116], [26.3390793, -25.601784900000002], [26.341466500000003, -25.6017608], [26.343002000000002, -25.601747500000002], [26.343126700000003, -25.601783700000002], [26.345137100000002, -25.6017462], [26.346774500000002, -25.6017511], [26.349246200000003, -25.6017088], [26.352290500000002, -25.6016604], [26.352580200000002, -25.6016459], [26.352828300000002, -25.601620500000003], [26.353819400000003, -25.6015225], [26.3543853, -25.601451100000002], [26.3591498, -25.6008123], [26.3636255, -25.6002574], [26.366361400000002, -25.5999139], [26.3674691, -25.5997495], [26.3717821, -25.5991943], [26.374585000000003, -25.598827800000002], [26.377046, -25.598498900000003], [26.377873400000002, -25.598336800000002], [26.378572100000003, -25.5981832], [26.3790388, -25.598061], [26.379193100000002, -25.598011500000002], [26.3812517, -25.597339], [26.3834403, -25.596592700000002], [26.386968800000002, -25.595347], [26.3870694, -25.5952708], [26.3880698, -25.594895800000003], [26.389424400000003, -25.5944326], [26.390776900000002, -25.593997100000003], [26.3908701, -25.5940008], [26.3916171, -25.593738300000002], [26.393017200000003, -25.593271400000003], [26.393203200000002, -25.593219], [26.3946721, -25.5928046], [26.396235100000002, -25.5923863], [26.398454500000003, -25.5917645], [26.3995876, -25.591476800000002], [26.3999175, -25.591393], [26.399949300000003, -25.591364000000002], [26.399985200000003, -25.5913441], [26.4001257, -25.591297500000003], [26.4003242, -25.591235800000003], [26.4006186, -25.591137800000002], [26.401050400000003, -25.591016300000003], [26.401454100000002, -25.590907400000003], [26.4021514, -25.590723], [26.4023472, -25.590675200000003], [26.4025377, -25.590628600000002], [26.4030312, -25.5904907], [26.403501900000002, -25.590341900000002], [26.4038043, -25.590231900000003], [26.4042402, -25.590063100000002], [26.404574800000002, -25.589924], [26.405230600000003, -25.589623500000002], [26.4054083, -25.5895334], [26.405796600000002, -25.589330800000003], [26.4060802, -25.5891777], [26.406473000000002, -25.588976900000002], [26.4066435, -25.5888953], [26.4068466, -25.5887937], [26.407010300000003, -25.5887163], [26.407188, -25.5886359], [26.4073737, -25.5885566], [26.407547400000002, -25.588484100000002], [26.407764, -25.588409100000003], [26.408008900000002, -25.588333900000002], [26.4082165, -25.588280700000002], [26.408437000000003, -25.5882401], [26.408640000000002, -25.588213000000003], [26.4087892, -25.5882052], [26.408970500000002, -25.588213900000003], [26.4092059, -25.588212700000003], [26.4095051, -25.588228500000003], [26.409817, -25.588264300000002], [26.4100633, -25.588307500000003], [26.4103563, -25.588371600000002], [26.41064, -25.5884581], [26.4112213, -25.588644300000002], [26.411972300000002, -25.588908], [26.4121464, -25.5889631], [26.4122352, -25.588962400000003], [26.412393700000003, -25.5890112], [26.4125893, -25.589083700000003], [26.412806500000002, -25.5891574], [26.413024500000002, -25.589230200000003], [26.413142200000003, -25.589273400000003], [26.413680000000003, -25.589472100000002], [26.414104700000003, -25.5896389], [26.414505000000002, -25.5898001], [26.414661600000002, -25.5898638], [26.414849500000003, -25.589942100000002], [26.4151014, -25.5900645], [26.4156839, -25.5902786], [26.4162678, -25.590500400000003], [26.4167236, -25.590694600000003], [26.417267300000002, -25.5909717], [26.417680400000002, -25.5912019], [26.418149000000003, -25.591492600000002], [26.4185309, -25.591741300000002], [26.418649400000003, -25.591811500000002], [26.418711400000003, -25.5918442], [26.4187818, -25.5918835], [26.4189635, -25.5919978], [26.4192572, -25.5921883], [26.4195281, -25.592370300000002], [26.419855400000003, -25.592606200000002], [26.420348100000002, -25.5929326], [26.420900500000002, -25.5932882], [26.421453200000002, -25.593689400000002], [26.4219133, -25.5940224], [26.422606700000003, -25.594473200000003], [26.423461800000002, -25.5950759], [26.423982000000002, -25.595434100000002], [26.4243983, -25.5957219], [26.4247866, -25.595978300000002], [26.4251793, -25.596231300000003], [26.425430000000002, -25.5964059], [26.425575100000003, -25.596524700000003], [26.425669300000003, -25.5966075], [26.425825800000002, -25.596743800000002], [26.4259752, -25.596886700000002], [26.426578900000003, -25.5973229], [26.427432600000003, -25.5979597], [26.428562600000003, -25.598792500000002], [26.4289172, -25.599056500000003], [26.429586200000003, -25.5995539], [26.430094500000003, -25.599925300000002], [26.430807100000003, -25.6004527], [26.431569800000002, -25.601018], [26.432458500000003, -25.6016711], [26.433222, -25.6022336], [26.4339857, -25.602799200000003], [26.434649800000003, -25.603285800000002], [26.4352683, -25.6037354], [26.4357341, -25.604058600000002], [26.4363013, -25.6044179], [26.4369498, -25.604790100000002], [26.4375611, -25.6051201], [26.437903400000003, -25.605282600000002], [26.4383288, -25.6054791], [26.4388702, -25.6057062], [26.439642000000003, -25.6060179], [26.4404359, -25.6063069], [26.441040100000002, -25.606523900000003], [26.441586100000002, -25.606726600000002], [26.443009800000002, -25.6072461], [26.4447717, -25.607914200000003], [26.4457467, -25.6082758], [26.447164, -25.608778400000002], [26.448277700000002, -25.6091881], [26.449095000000003, -25.6094958], [26.4503509, -25.609962200000002], [26.451303600000003, -25.610307300000002], [26.452168800000003, -25.6106215], [26.4532817, -25.611031500000003], [26.4545189, -25.6114794], [26.4551707, -25.611711600000003], [26.455956500000003, -25.611978800000003], [26.4568806, -25.6122969], [26.457885100000002, -25.612646400000003], [26.458456400000003, -25.612861600000002], [26.4590411, -25.613090200000002], [26.4593764, -25.613236500000003], [26.4597626, -25.6134203], [26.459952400000002, -25.613512200000002], [26.460233300000002, -25.6136501], [26.460954800000003, -25.614025], [26.461547600000003, -25.6143563], [26.4678289, -25.6179655], [26.4681204, -25.618133], [26.4705912, -25.619548700000003], [26.475334200000002, -25.622266200000002], [26.477467800000003, -25.623488700000003], [26.479758500000003, -25.6248007], [26.4803633, -25.6251429], [26.4817232, -25.6259385], [26.4822248, -25.6262723], [26.482793400000002, -25.626707600000003], [26.483461300000002, -25.6273194], [26.484046000000003, -25.627948200000002], [26.484518, -25.6285358], [26.485786700000002, -25.630383400000003], [26.4867993, -25.6319106], [26.4893648, -25.6357047], [26.4901023, -25.636786700000002], [26.490243900000003, -25.6369453], [26.490282800000003, -25.6369991], [26.490355200000003, -25.6371085], [26.4905617, -25.637386600000003], [26.490697200000003, -25.6375637], [26.490944600000002, -25.6378497], [26.491219500000003, -25.6381483], [26.4913805, -25.6383079], [26.491883400000003, -25.638755200000002], [26.4920028, -25.638848900000003], [26.492378300000002, -25.6391294], [26.4928899, -25.6394728], [26.4933975, -25.6397805], [26.493612600000002, -25.639951900000003], [26.496611, -25.6416685], [26.4995961, -25.6433907], [26.5001366, -25.643665100000003], [26.500660900000003, -25.643892400000002], [26.501519100000003, -25.6441921], [26.5021725, -25.6443815], [26.5030669, -25.6445936], [26.5037495, -25.644735100000002], [26.504249700000003, -25.6448064], [26.504685600000002, -25.644856], [26.505129500000002, -25.6448886], [26.5056887, -25.6449044], [26.506166200000003, -25.644892300000002], [26.506678500000003, -25.6448548], [26.5072806, -25.644785900000002], [26.5095786, -25.6443233], [26.51056, -25.644136500000002], [26.5116687, -25.643897300000003], [26.5131373, -25.643605400000002], [26.514513200000003, -25.643314500000002], [26.5148954, -25.6432371], [26.5154077, -25.643157300000002], [26.516093, -25.643107800000003], [26.516866800000003, -25.6431247], [26.517477000000003, -25.6431936], [26.517959100000002, -25.643281], [26.5185347, -25.643430400000003], [26.519468600000003, -25.6437123], [26.5216043, -25.644359700000003], [26.5226939, -25.6446916], [26.5237373, -25.6450071], [26.5255572, -25.645558400000002], [26.526092300000002, -25.645704700000003], [26.5265664, -25.645820500000003], [26.527234200000002, -25.6459544], [26.527834300000002, -25.6460678], [26.530014700000002, -25.646392000000002], [26.531214000000002, -25.6465782], [26.5327921, -25.6468251], [26.535364700000002, -25.647227400000002], [26.5357637, -25.6472903], [26.536150600000003, -25.647374300000003], [26.5366119, -25.6474988], [26.5370384, -25.647630600000003], [26.5375413, -25.6478168], [26.5380965, -25.6480646], [26.5389334, -25.6484999], [26.5411918, -25.649714900000003], [26.5419012, -25.6501005], [26.5422845, -25.6503175], [26.5429178, -25.650676], [26.544224000000003, -25.651475100000003], [26.5465683, -25.6529318], [26.547377, -25.653428700000003], [26.5478534, -25.653684900000002], [26.5480914, -25.653805300000002], [26.5482321, -25.6538791], [26.548659100000002, -25.654085100000003], [26.548912400000003, -25.654186900000003], [26.549113700000003, -25.654267700000002], [26.5497802, -25.654513100000003], [26.5511924, -25.6549966], [26.557273000000002, -25.657084400000002], [26.5581825, -25.6574053], [26.5590137, -25.657698500000002], [26.562133900000003, -25.6588421], [26.5624845, -25.658967200000003], [26.566555400000002, -25.660448000000002], [26.5685463, -25.6611727], [26.5694479, -25.6615018], [26.5701208, -25.661761400000003], [26.5705734, -25.6619482], [26.5709194, -25.6621029], [26.571545, -25.6624166], [26.571648300000003, -25.6624535], [26.5721056, -25.662687400000003], [26.572748, -25.6630839], [26.573356800000003, -25.663498500000003], [26.573565000000002, -25.663654800000003], [26.573926800000002, -25.6639264], [26.574512900000002, -25.6643894], [26.5747435, -25.664579800000002], [26.574853500000003, -25.6646892], [26.575143200000003, -25.6648862], [26.575391300000003, -25.665026400000002], [26.5758513, -25.665238000000002], [26.5763274, -25.6654048], [26.5767726, -25.6655099], [26.5773426, -25.665572800000003], [26.5779555, -25.6655704], [26.578498600000003, -25.6655124], [26.5789492, -25.665412], [26.5794213, -25.6652464], [26.580039600000003, -25.664958700000003], [26.5803355, -25.664809700000003], [26.580793300000003, -25.664578000000002], [26.581308200000002, -25.6643459], [26.5816556, -25.664212900000003], [26.581986800000003, -25.664111400000003], [26.5824804, -25.6639905], [26.582826400000002, -25.6639325], [26.5832394, -25.663890100000003], [26.5836337, -25.663867200000002], [26.5841554, -25.663855100000003], [26.5848809, -25.663849000000003], [26.5863039, -25.663843], [26.587646300000003, -25.6638358], [26.587899800000002, -25.6638273], [26.588082200000002, -25.6638176], [26.588359800000003, -25.6637983], [26.588626700000003, -25.663768100000002], [26.5889834, -25.6637233], [26.5893388, -25.663661700000002], [26.589745100000002, -25.6635759], [26.590104500000002, -25.663488800000003], [26.5905887, -25.663348600000003], [26.591068800000002, -25.663190200000003], [26.591597200000002, -25.6629763], [26.592305300000003, -25.662699500000002], [26.5926298, -25.662584600000002], [26.5930898, -25.662439600000003], [26.5935364, -25.6623054], [26.5938717, -25.662229200000002], [26.5948469, -25.662077800000002], [26.595558800000003, -25.6619959], [26.596767200000002, -25.661846], [26.5971158, -25.6618049], [26.5982652, -25.661674400000003], [26.599681800000003, -25.661488000000002], [26.599887300000002, -25.6614623], [26.6012987, -25.6613021], [26.6032943, -25.661048200000003], [26.6050457, -25.6608349], [26.607445000000002, -25.660547800000003], [26.6077736, -25.6605212], [26.6085622, -25.660490900000003], [26.609059700000003, -25.660497000000003], [26.6097973, -25.660540500000003], [26.610349900000003, -25.660598500000003], [26.6110754, -25.6607109], [26.611978, -25.660901900000002], [26.6129181, -25.661106200000003], [26.6133606, -25.6612054], [26.614096900000003, -25.6613964], [26.615031700000003, -25.661685300000002], [26.615757900000002, -25.6619421], [26.61587, -25.6619463], [26.6160195, -25.6619984], [26.6164926, -25.6621749], [26.6167409, -25.662284200000002], [26.617392000000002, -25.662525400000003], [26.6178366, -25.662685000000003], [26.618290000000002, -25.662861200000002], [26.618987200000003, -25.6631226], [26.6193151, -25.663247700000003], [26.6196316, -25.6633631], [26.6207248, -25.663775800000003], [26.6208552, -25.663855700000003], [26.6214882, -25.6640754], [26.6232837, -25.664762500000002], [26.6248246, -25.6653415], [26.6256598, -25.6656568], [26.626055700000002, -25.6657778], [26.626332700000003, -25.665852700000002], [26.626576500000002, -25.6659192], [26.626930100000003, -25.665997], [26.6272686, -25.6660581], [26.6276291, -25.6661018], [26.6281262, -25.666147000000002], [26.6285889, -25.6661687], [26.628981800000002, -25.6661687], [26.629314400000002, -25.6661542], [26.629657700000003, -25.666124], [26.629997000000003, -25.666082900000003], [26.6304678, -25.666008], [26.631017600000003, -25.665929400000003], [26.6317807, -25.6658158], [26.633264, -25.665584900000002], [26.635411100000002, -25.6652525], [26.636606, -25.665072400000003], [26.638140200000002, -25.6648427], [26.639636900000003, -25.664614200000003], [26.6403624, -25.664504200000003], [26.655075500000002, -25.6622588], [26.6560816, -25.662036800000003], [26.6567018, -25.6618655], [26.6576798, -25.661522100000003], [26.6586578, -25.661164300000003], [26.662905700000003, -25.659594600000002], [26.668992300000003, -25.657381800000003], [26.6697755, -25.6570542], [26.670517200000003, -25.656708400000003], [26.671189100000003, -25.6563917], [26.6716839, -25.656203100000003], [26.673423300000003, -25.6556144], [26.675453800000003, -25.654913200000003], [26.6774889, -25.654212700000002], [26.678580500000002, -25.653834300000003], [26.6805419, -25.6531543], [26.6813171, -25.6528907], [26.683079300000003, -25.6522077], [26.684086500000003, -25.6518099], [26.684447700000003, -25.651683300000002], [26.685268, -25.651447700000002], [26.6865367, -25.6511438], [26.6867528, -25.651084800000003], [26.687124, -25.6509843], [26.6880628, -25.650743700000003], [26.688129900000003, -25.6507268], [26.689129700000002, -25.650491000000002], [26.6894321, -25.6504438], [26.6896588, -25.650425700000003], [26.6900525, -25.650417800000003], [26.6900973, -25.650416], [26.6907397, -25.650401600000002], [26.6916061, -25.6504052], [26.692086200000002, -25.6504173], [26.692343700000002, -25.650428100000003], [26.693987800000002, -25.6504148], [26.694421000000002, -25.6504122], [26.695445600000003, -25.6504058], [26.6969785, -25.650385800000002], [26.6975404, -25.6503829], [26.698004500000003, -25.6503805], [26.6997667, -25.650371300000003], [26.702057900000003, -25.6503514], [26.705601100000003, -25.650333300000003], [26.705721800000003, -25.6502988], [26.7063786, -25.650292500000003], [26.7068598, -25.650287900000002], [26.7077643, -25.650289100000002], [26.708170000000003, -25.6503], [26.708228300000002, -25.6503932], [26.708348400000002, -25.6505672], [26.708998800000003, -25.651573000000003], [26.709318000000003, -25.6520566], [26.709529900000003, -25.652343100000003], [26.7096546, -25.652495400000003], [26.7099376, -25.652812100000002], [26.710266200000003, -25.653128900000002], [26.7107101, -25.6534613], [26.7112586, -25.653845800000003], [26.711592500000002, -25.6540755], [26.712751200000003, -25.654927700000002], [26.713016800000002, -25.6551671], [26.713392300000002, -25.6555721], [26.713656500000003, -25.655898500000003], [26.713950200000003, -25.656319200000002], [26.714931900000003, -25.657797600000002], [26.7150888, -25.6580297], [26.716062400000002, -25.659474300000003], [26.717281500000002, -25.6613238], [26.718113600000002, -25.6625532], [26.7190839, -25.664011000000002], [26.719456800000003, -25.664569500000002], [26.7206289, -25.666346400000002], [26.721337000000002, -25.6674827], [26.721405400000002, -25.667608400000002], [26.721488500000003, -25.6677643], [26.721700400000003, -25.6681801], [26.721943200000002, -25.6686963], [26.722282500000002, -25.669514600000003], [26.7244081, -25.674541100000003], [26.7259484, -25.6781888], [26.7274256, -25.6817135], [26.727907100000003, -25.682838500000003], [26.728509600000002, -25.6842565], [26.7309373, -25.690007100000003], [26.731269200000003, -25.690793000000003], [26.7318271, -25.692114200000002], [26.732877900000002, -25.6945826], [26.733945400000003, -25.6970914], [26.7345189, -25.6984239], [26.7367305, -25.703622600000003], [26.737508000000002, -25.7054608], [26.7391107, -25.709249600000003], [26.7432708, -25.7190581], [26.744394600000003, -25.7217138], [26.7445528, -25.722102800000002], [26.7448452, -25.722987200000002], [26.7449538, -25.7233316], [26.745041, -25.7236638], [26.7451255, -25.724063800000003], [26.7453468, -25.724996500000003], [26.745547900000002, -25.7259159], [26.745920100000003, -25.727554700000002], [26.746349900000002, -25.729465400000002], [26.7468478, -25.7317597], [26.7474148, -25.7342303], [26.747471100000002, -25.734464600000003], [26.7479568, -25.7361757], [26.748018300000002, -25.736371000000002], [26.7486593, -25.738061100000003], [26.748794800000002, -25.7383655], [26.7502606, -25.7414351], [26.7505731, -25.742082600000003], [26.750692400000002, -25.742325400000002], [26.7514475, -25.743705000000002], [26.752101900000003, -25.745012000000003], [26.752623600000003, -25.746056900000003], [26.753079600000003, -25.747190000000003], [26.7539996, -25.7490744], [26.7549223, -25.750903200000003], [26.7554373, -25.751983000000003], [26.7561722, -25.7534639], [26.757274600000002, -25.755717800000003], [26.758344800000003, -25.757887200000003], [26.758495, -25.7581843], [26.758602300000003, -25.7584041], [26.758723000000003, -25.7586131], [26.758845, -25.7588051], [26.7590448, -25.759087800000003], [26.7591535, -25.7592387], [26.7594096, -25.759537100000003], [26.7598522, -25.7600093], [26.761104800000002, -25.7613512], [26.762573300000003, -25.762880300000003], [26.7629045, -25.763247500000002], [26.7633364, -25.763683500000003], [26.763880800000003, -25.764264400000002], [26.764500400000003, -25.764936000000002], [26.765291700000002, -25.7657621], [26.7661768, -25.7667138], [26.7673999, -25.768027800000002], [26.7682824, -25.7689747], [26.769416900000003, -25.7701607], [26.770243, -25.7710423], [26.7710504, -25.7718829], [26.7714956, -25.7723467], [26.7721045, -25.7730254], [26.7723915, -25.7733998], [26.7728341, -25.7740133], [26.773062000000003, -25.774370800000003], [26.773327600000002, -25.7748466], [26.773606500000003, -25.775431100000002], [26.773808300000002, -25.7758772], [26.774084000000002, -25.776486600000002], [26.774325400000002, -25.777059], [26.774486300000003, -25.7774648], [26.7747518, -25.7780735], [26.7750254, -25.7787304], [26.775261500000003, -25.7792594], [26.7755082, -25.7798173], [26.7757389, -25.780281000000002], [26.7759883, -25.780764100000003], [26.7764443, -25.7815997], [26.776846600000002, -25.782276000000003], [26.777117500000003, -25.7827276], [26.777619100000003, -25.783449800000003], [26.778544500000002, -25.784715300000002], [26.778712400000003, -25.7849171], [26.779121200000002, -25.785408500000003], [26.779646900000003, -25.7860461], [26.7803201, -25.786845500000002], [26.7811114, -25.787797], [26.7819965, -25.788830700000002], [26.782691200000002, -25.789639700000002], [26.7835602, -25.790683], [26.7845097, -25.7918181], [26.7853117, -25.7927937], [26.7861459, -25.7937863], [26.786891500000003, -25.794672600000002], [26.787366300000002, -25.795220800000003], [26.787967100000003, -25.795947700000003], [26.788798600000003, -25.7969402], [26.7895335, -25.7977975], [26.790761900000003, -25.7992899], [26.791311800000003, -25.799920200000003], [26.791572000000002, -25.800248600000003], [26.791883100000003, -25.800639800000003], [26.792325700000003, -25.8012459], [26.792462500000003, -25.8014632], [26.793127700000003, -25.8025185], [26.7933771, -25.8029435], [26.7936614, -25.803409600000002], [26.7938787, -25.8037525], [26.7941201, -25.8041002], [26.794460700000002, -25.8045566], [26.794627000000002, -25.8047787], [26.794865700000003, -25.8050685], [26.7952841, -25.8055659], [26.7958876, -25.8062855], [26.796096900000002, -25.806529400000002], [26.7964616, -25.8069834], [26.7968291, -25.8074446], [26.797226100000003, -25.8079299], [26.797499700000003, -25.8082704], [26.7977223, -25.8085336], [26.7979878, -25.8088523], [26.7984197, -25.8092894], [26.798693200000002, -25.8095429], [26.799210900000002, -25.809982400000003], [26.799420100000003, -25.8101249], [26.799664200000002, -25.810279400000002], [26.7999592, -25.810455700000002], [26.8002918, -25.810653700000003], [26.800831000000002, -25.8109313], [26.801555200000003, -25.811298400000002], [26.802156, -25.811607400000003], [26.8029204, -25.812008300000002], [26.803808200000002, -25.812462200000002], [26.8050688, -25.8131117], [26.8062356, -25.8137057], [26.8068901, -25.8140293], [26.8170004, -25.8191646], [26.818689900000003, -25.8200244], [26.820403600000002, -25.821262], [26.8281329, -25.827472500000002], [26.8326768, -25.8310968], [26.837294900000003, -25.834780100000003], [26.838581, -25.835803900000002], [26.840389300000002, -25.8372406], [26.841871400000002, -25.838424600000003], [26.843221300000003, -25.8395073], [26.8447327, -25.840713100000002], [26.844958000000002, -25.8408912], [26.849011400000002, -25.844130800000002], [26.8490484, -25.844160300000002], [26.849364, -25.844412900000002], [26.8517742, -25.846341300000002], [26.8529887, -25.8472693], [26.8532802, -25.847469800000002], [26.855792100000002, -25.849117200000002], [26.8576777, -25.850351900000003], [26.861001, -25.8525159], [26.8622978, -25.853360700000003], [26.8634619, -25.8541102], [26.863586, -25.8541914], [26.865009500000003, -25.855122700000003], [26.865174500000002, -25.8552386], [26.865348800000003, -25.8553484], [26.8663023, -25.855916800000003], [26.866417700000003, -25.8559832], [26.8668374, -25.856201600000002], [26.8673766, -25.856449], [26.8677548, -25.856608400000002], [26.868167800000002, -25.8567725], [26.869272900000002, -25.8571913], [26.871878700000003, -25.8581374], [26.873068900000003, -25.8585749], [26.8732171, -25.858631000000003], [26.8742196, -25.8589975], [26.8745407, -25.8591149], [26.876920700000003, -25.859989300000002], [26.878751800000003, -25.860662100000003], [26.8804161, -25.8612812], [26.8830527, -25.862246600000002], [26.8848081, -25.8628976], [26.8862352, -25.863426800000003], [26.886702500000002, -25.863596800000003], [26.8877144, -25.863965], [26.888323300000003, -25.864176200000003], [26.8897462, -25.864703600000002], [26.890196800000002, -25.8648762], [26.8911556, -25.8652213], [26.891696300000003, -25.8654152], [26.892714100000003, -25.865786], [26.8938178, -25.866192700000003], [26.894428, -25.866424400000003], [26.894774, -25.866568], [26.895000600000003, -25.866667000000003], [26.8952528, -25.8667973], [26.895400300000002, -25.8668854], [26.895639000000003, -25.867055500000003], [26.895948800000003, -25.8672848], [26.896712400000002, -25.8679051], [26.8973623, -25.868393800000003], [26.8978204, -25.8687787], [26.898488800000003, -25.869273500000002], [26.8990374, -25.8697091], [26.899092300000003, -25.869777900000003], [26.8991098, -25.8698443], [26.8991124, -25.8698841], [26.899152200000003, -25.869934800000003], [26.8991803, -25.8703696], [26.8993284, -25.870398100000003], [26.899414200000002, -25.8704113], [26.8995658, -25.870445200000002], [26.899728000000003, -25.8705128], [26.899926500000003, -25.8706262], [26.900068700000002, -25.870726400000002], [26.900326800000002, -25.8709388], [26.900894400000002, -25.871495600000003], [26.901136200000003, -25.8717328], [26.9014728, -25.872050100000003], [26.9025658, -25.8731663], [26.903896300000003, -25.8745912], [26.905513300000003, -25.8761678], [26.907659300000002, -25.878297], [26.908536400000003, -25.8790982], [26.9095771, -25.8800248], [26.9103348, -25.880677600000002], [26.911173, -25.881410000000002], [26.9117779, -25.8819795], [26.912439000000003, -25.8826275], [26.913644700000003, -25.8838268], [26.914131500000003, -25.884320300000002], [26.915109200000003, -25.8852891], [26.916298700000002, -25.8864957], [26.9183145, -25.8885098], [26.9236238, -25.8938418], [26.9238572, -25.894076100000003], [26.9250602, -25.8953007], [26.925309600000002, -25.895533500000003], [26.925725300000003, -25.8958991], [26.9262671, -25.8963201], [26.9270852, -25.896838900000002], [26.9275801, -25.897126], [26.927924800000003, -25.897302200000002], [26.9332087, -25.899881500000003], [26.9382808, -25.902342500000003], [26.939230300000002, -25.902834700000003], [26.9458556, -25.9060765], [26.948349800000003, -25.9072813], [26.9493985, -25.9079327], [26.950543800000002, -25.908774700000002], [26.9524751, -25.910437400000003], [26.955033800000002, -25.912567300000003], [26.956066500000002, -25.9132694], [26.957527900000002, -25.9139632], [26.9584939, -25.9142799], [26.959509, -25.9144937], [26.9605049, -25.914603500000002], [26.961879800000002, -25.914632400000002], [26.962828000000002, -25.914555200000002], [26.9640321, -25.914314500000003], [26.965710100000003, -25.913776100000003], [26.9712484, -25.9119007], [26.974003800000002, -25.911002800000002], [26.9765248, -25.9101578], [26.9826358, -25.908096800000003], [26.9849238, -25.9073254], [26.9854868, -25.907154700000003], [26.986278900000002, -25.906948600000003], [26.986891, -25.9068249], [26.987509600000003, -25.906713], [26.988043200000003, -25.9066365], [26.9889957, -25.9065541], [26.9912214, -25.9064157], [26.9983824, -25.905984500000002], [27.000100300000003, -25.9058771], [27.001592900000002, -25.905786600000003], [27.0024191, -25.9057481], [27.0033485, -25.905690800000002], [27.0046976, -25.9056102], [27.0050466, -25.9055864], [27.007694, -25.905418500000003], [27.010483200000003, -25.9052411], [27.0128261, -25.905115300000002], [27.0158044, -25.904937], [27.0170317, -25.904860300000003], [27.017635400000003, -25.904841100000002], [27.017991000000002, -25.9048371], [27.018431900000003, -25.904850500000002], [27.0189562, -25.9048711], [27.019522900000002, -25.9049145], [27.019780400000002, -25.9049392], [27.0200989, -25.9049748], [27.02064, -25.9050556], [27.020929000000002, -25.9051051], [27.021158300000003, -25.905144900000003], [27.021725, -25.9052812], [27.0220944, -25.9053638], [27.022667100000003, -25.9055219], [27.0232981, -25.905726400000002], [27.023657500000002, -25.9058518], [27.023984700000003, -25.9059755], [27.0243314, -25.9061124], [27.025072400000003, -25.9064218], [27.0259836, -25.9067994], [27.026553600000003, -25.907031600000003], [27.0266233, -25.9070594], [27.027394500000003, -25.907377800000003], [27.028454600000003, -25.907814700000003], [27.028854900000002, -25.907975], [27.029373300000003, -25.9081909], [27.029925100000003, -25.9084195], [27.030705, -25.908741000000003], [27.031478800000002, -25.9090673], [27.0320548, -25.909303700000002], [27.0326033, -25.9095227], [27.033501200000003, -25.909865200000002], [27.033956500000002, -25.910016000000002], [27.0343407, -25.9101415], [27.035410900000002, -25.9104636], [27.037033700000002, -25.910923800000003], [27.038116600000002, -25.9112416], [27.039059400000003, -25.911511800000003], [27.0396576, -25.911685600000002], [27.040220100000003, -25.9118333], [27.040509800000002, -25.911900900000003], [27.0409316, -25.9119937], [27.0415767, -25.9121114], [27.0417738, -25.912135300000003], [27.042302900000003, -25.912198800000002], [27.043492, -25.9123181], [27.043522600000003, -25.9123212], [27.043894, -25.912351800000003], [27.044402400000003, -25.9123936], [27.045034, -25.912450900000003], [27.0454404, -25.9124853], [27.045881700000002, -25.9125109], [27.046115, -25.9125245], [27.046629900000003, -25.9125486], [27.0475788, -25.9125957], [27.0487757, -25.912654200000002], [27.049802300000003, -25.912693400000002], [27.050747800000003, -25.9127404], [27.051818, -25.9127875], [27.052804400000003, -25.9128279], [27.0535809, -25.912869500000003], [27.0543547, -25.912905100000003], [27.055030600000002, -25.912946100000003], [27.0556522, -25.9130058], [27.0561484, -25.913065500000002], [27.056614500000002, -25.9131433], [27.0574091, -25.9133031], [27.0585242, -25.913556500000002], [27.0591164, -25.913693000000002], [27.059295300000002, -25.913734100000003], [27.0593536, -25.9137473], [27.060970400000002, -25.914113800000003], [27.0642883, -25.914852000000003], [27.066155100000003, -25.9152464], [27.0670456, -25.915443000000003], [27.069945, -25.9160848], [27.071472600000003, -25.916424900000003], [27.073275000000002, -25.916837500000003], [27.0746523, -25.917137800000003], [27.0759398, -25.917430900000003], [27.076802100000002, -25.917623900000002], [27.079504500000002, -25.918157400000002], [27.086856100000002, -25.919857800000003], [27.093123000000002, -25.921285400000002], [27.0953415, -25.921773400000003], [27.1060294, -25.924173000000003], [27.1143852, -25.9260093], [27.117417500000002, -25.9266787], [27.1185976, -25.9270116], [27.1191274, -25.927200900000003], [27.119582, -25.927377], [27.1210974, -25.928048800000003], [27.1224199, -25.928655900000003], [27.1237059, -25.9292561], [27.124888700000003, -25.9298085], [27.126557100000003, -25.930597300000002], [27.1269661, -25.930784300000003], [27.127322900000003, -25.930921700000003], [27.127684900000002, -25.931042400000003], [27.1280551, -25.931152100000002], [27.128981000000003, -25.9313372], [27.129360000000002, -25.9313849], [27.129667100000002, -25.9314126], [27.130487900000002, -25.9314347], [27.131619800000003, -25.9313933], [27.131952300000002, -25.9313861], [27.1322434, -25.9313873], [27.133436900000003, -25.931436700000003], [27.1336893, -25.931453100000002], [27.1338849, -25.931470500000003], [27.1345467, -25.9315561], [27.1358791, -25.9318251], [27.136327, -25.9319433], [27.1365845, -25.9320072], [27.136627400000002, -25.932020700000002], [27.1368112, -25.9320784], [27.1375528, -25.932311100000003], [27.1383699, -25.9326314], [27.138565300000003, -25.9327079], [27.13932, -25.9330402], [27.147097900000002, -25.936080500000003], [27.1512041, -25.9376855], [27.155356700000002, -25.9393172], [27.1597167, -25.9410384], [27.1598077, -25.9410744], [27.1699249, -25.9450684], [27.172040600000003, -25.9458796], [27.173426000000003, -25.946526600000002], [27.174540800000003, -25.947161100000002], [27.179120100000002, -25.9504027], [27.180468, -25.9511244], [27.184501200000003, -25.95276], [27.1866963, -25.9536479], [27.192457700000002, -25.9559783], [27.2012815, -25.959408300000003], [27.205204900000002, -25.960933400000002], [27.209078100000003, -25.9624427], [27.213065800000003, -25.9639966], [27.216378000000002, -25.9653044], [27.220693400000002, -25.967008200000002], [27.2251118, -25.9687838], [27.227472300000002, -25.9697271], [27.229151100000003, -25.970339300000003], [27.2307032, -25.970893], [27.2316742, -25.971148600000003], [27.233052800000003, -25.971447700000002], [27.23382, -25.971582700000003], [27.2351825, -25.971766000000002], [27.2359979, -25.971867200000002], [27.2363198, -25.9718865], [27.2393614, -25.972180700000003], [27.240879500000002, -25.9723495], [27.241475, -25.9724484], [27.242242100000002, -25.9726003], [27.242743700000002, -25.972716000000002], [27.243315000000003, -25.972860700000002], [27.243781700000003, -25.9730054], [27.2445756, -25.9732513], [27.245568000000002, -25.973617800000003], [27.247272000000002, -25.9743509], [27.249703500000003, -25.975764400000003], [27.2513617, -25.9766835], [27.2534843, -25.977738300000002], [27.2538775, -25.9778978], [27.256707100000003, -25.9789235], [27.257585000000002, -25.979241700000003], [27.258505200000002, -25.9795753], [27.259963600000003, -25.9801214], [27.2621271, -25.9809315], [27.2681602, -25.9831338], [27.2751635, -25.9857701], [27.2758757, -25.986053100000003], [27.276628000000002, -25.9863825], [27.2780959, -25.987071500000003], [27.2830027, -25.989383], [27.291357400000003, -25.993341500000003], [27.293033700000002, -25.9941357], [27.295263300000002, -25.9951852], [27.2963881, -25.9957223], [27.2976284, -25.996263000000003], [27.298163300000002, -25.996523900000003], [27.298863500000003, -25.9967758], [27.3011547, -25.997544], [27.3044817, -25.9986579], [27.307241800000003, -25.9995851], [27.308504600000003, -26.0000065], [27.309252700000002, -26.0002575], [27.3100199, -26.0005333], [27.311111200000003, -26.000950900000003], [27.312104400000003, -26.0013992], [27.3128397, -26.001757400000002], [27.3133085, -26.0019968], [27.313372, -26.002029200000003], [27.3134094, -26.0020503], [27.3141409, -26.0024623], [27.314955, -26.0029547], [27.315815, -26.0035083], [27.3168839, -26.0041586], [27.317511600000003, -26.0044967], [27.3180838, -26.0047888], [27.3190376, -26.0052054], [27.319776100000002, -26.0054899], [27.3206777, -26.0057945], [27.3211061, -26.0059219], [27.321732700000002, -26.006092300000002], [27.322335900000002, -26.0062235], [27.3228538, -26.0063251], [27.3237415, -26.006467800000003], [27.3240686, -26.006509], [27.3245855, -26.0065664], [27.3249457, -26.006595200000003], [27.3252142, -26.0066191], [27.325723600000003, -26.006638300000002], [27.3263342, -26.0066574], [27.327014400000003, -26.0066518], [27.327074900000003, -26.0066555], [27.3278336, -26.006621000000003], [27.3284965, -26.006555900000002], [27.329223300000002, -26.006475400000003], [27.3317367, -26.0061055], [27.3329126, -26.005925700000002], [27.3341765, -26.005754200000002], [27.335886900000002, -26.005579], [27.3368481, -26.0055081], [27.338807900000003, -26.005435300000002], [27.340231600000003, -26.0054334], [27.3403101, -26.0054336], [27.3430077, -26.0054391], [27.346037000000003, -26.0054556], [27.3464551, -26.005447800000002], [27.348069600000002, -26.005454500000003], [27.348985000000003, -26.005437200000003], [27.349654200000003, -26.0053731], [27.3500517, -26.0053175], [27.350634600000003, -26.0052121], [27.350917000000003, -26.0051403], [27.351195200000003, -26.005047400000002], [27.351867600000002, -26.0048645], [27.3536782, -26.004316600000003], [27.3554813, -26.0037793], [27.3564244, -26.003487200000002], [27.3579504, -26.003016900000002], [27.3604954, -26.0022394], [27.361915500000002, -26.001808500000003], [27.3643065, -26.001097], [27.366995600000003, -26.000271400000003], [27.3692275, -25.9996124], [27.371191500000002, -25.9990059], [27.3729021, -25.9984968], [27.374215000000003, -25.9981061], [27.375929000000003, -25.9975859], [27.379707600000003, -25.996434800000003], [27.3804656, -25.9962082], [27.383194900000003, -25.995379600000003], [27.388162, -25.9938836], [27.391225300000002, -25.992958100000003], [27.3922868, -25.992634000000002], [27.392967700000003, -25.9924439], [27.3935934, -25.992284], [27.394018900000003, -25.992187], [27.3944367, -25.992098700000003], [27.394926700000003, -25.9920155], [27.3953989, -25.9919374], [27.3958747, -25.9918674], [27.3963755, -25.9918115], [27.396662900000003, -25.9917783], [27.3969157, -25.991756000000002], [27.397309200000002, -25.9917331], [27.3976888, -25.991718000000002], [27.3987449, -25.9916829], [27.4013688, -25.991567800000002], [27.40142, -25.9915658], [27.406912600000002, -25.991372900000002], [27.407585100000002, -25.9913558], [27.408766800000002, -25.9913339], [27.411653100000002, -25.9912142], [27.4144185, -25.9911177], [27.414686800000002, -25.9911107], [27.416728600000003, -25.9910578], [27.4181306, -25.9910357], [27.4207268, -25.9908909], [27.423324700000002, -25.9907906], [27.427175100000003, -25.9905875], [27.429001200000002, -25.9906863], [27.4310326, -25.9910652], [27.4328794, -25.9915613], [27.437463200000003, -25.9932412], [27.439351900000002, -25.993952500000002], [27.441449400000003, -25.9948294], [27.442419500000003, -25.9953201], [27.443830900000002, -25.995958100000003], [27.4456747, -25.996735400000002], [27.4470576, -25.997303700000003], [27.447822700000003, -25.9975668], [27.448761500000003, -25.9979525], [27.450593400000002, -25.9987071], [27.4522912, -25.999399], [27.453250500000003, -25.999778900000003], [27.454074900000002, -26.0001053], [27.455823700000003, -26.000802], [27.457149400000002, -26.0013407], [27.4592999, -26.0022027], [27.4600049, -26.0024903], [27.4606946, -26.002771600000003], [27.4622208, -26.0033767], [27.463827400000003, -26.0040276], [27.464041, -26.004109300000003], [27.4645215, -26.0042933], [27.4648815, -26.0044229], [27.465245000000003, -26.0045447], [27.466024200000003, -26.004758000000002], [27.4664587, -26.0048737], [27.4681378, -26.0051683], [27.468239500000003, -26.005177600000003], [27.469274600000002, -26.0052725], [27.4744713, -26.005186600000002], [27.477407000000003, -26.0051419], [27.478743700000003, -26.0050798], [27.4795827, -26.005003900000002], [27.4803405, -26.004897800000002], [27.4804692, -26.0048749], [27.4805913, -26.004849800000002], [27.4807938, -26.004805], [27.481092800000003, -26.0047484], [27.481346300000002, -26.004696600000003], [27.481838500000002, -26.0045688], [27.4822381, -26.004453100000003], [27.4826525, -26.0043265], [27.4829502, -26.004254200000002], [27.4836758, -26.004005900000003], [27.484314100000002, -26.0037744], [27.485553300000003, -26.003342900000003], [27.486150100000003, -26.003112700000003], [27.486953300000003, -26.002841200000002], [27.487111700000003, -26.0027776], [27.4881256, -26.0024257], [27.4886942, -26.0022412], [27.489285600000002, -26.0020412], [27.4897081, -26.0019086], [27.490461800000002, -26.0016554], [27.4908308, -26.0015378], [27.491274500000003, -26.001396300000003], [27.491916900000003, -26.0012203], [27.4920174, -26.001193800000003], [27.4920952, -26.0011805], [27.4922065, -26.001160000000002], [27.4930622, -26.0010371], [27.4935772, -26.0009841], [27.4940144, -26.0009587], [27.494355000000002, -26.000962400000002], [27.495013500000002, -26.0009684], [27.495591500000003, -26.001022600000002], [27.4960139, -26.0010769], [27.4964136, -26.001127500000003], [27.496587, -26.001146300000002], [27.4967462, -26.001163700000003], [27.4971834, -26.001201000000002], [27.497699700000002, -26.0012432], [27.498075200000002, -26.0012541], [27.498783300000003, -26.0012565], [27.499062300000002, -26.0012408], [27.499343900000003, -26.001228700000002], [27.499601400000003, -26.001196200000003], [27.4998374, -26.001152800000003], [27.5004302, -26.0010371], [27.5011021, -26.000878], [27.5013408, -26.0008093], [27.5017847, -26.0006743], [27.502812000000002, -26.0003314], [27.503011200000003, -26.0002578], [27.503174100000003, -26.000196300000002], [27.503774900000003, -26.0000198], [27.5046654, -25.9997654], [27.5059636, -25.9993616], [27.507188000000003, -25.9989735], [27.508404400000003, -25.998630000000002], [27.509685200000003, -25.998196], [27.5101452, -25.9980815], [27.510455, -25.998004400000003], [27.510854000000002, -25.997907400000003], [27.510996100000003, -25.9978754], [27.511230100000002, -25.997826500000002], [27.511405800000002, -25.9977838], [27.511572100000002, -25.9977488], [27.5116982, -25.9977199], [27.5117961, -25.997698200000002], [27.511896, -25.9976759], [27.512009300000003, -25.997658400000002], [27.5121159, -25.9976433], [27.5123426, -25.9976011], [27.512801900000003, -25.997517400000003], [27.5129856, -25.997492100000002], [27.5131546, -25.9974692], [27.5133866, -25.9974342], [27.5135529, -25.9974053], [27.513742, -25.997376300000003], [27.514004900000003, -25.9973402], [27.5143133, -25.9972841], [27.514621100000003, -25.9972323], [27.514930200000002, -25.997182900000002], [27.515260100000003, -25.997128], [27.5157215, -25.9970605], [27.5162432, -25.996981], [27.5167648, -25.996900200000002], [27.5172886, -25.996803800000002], [27.518224, -25.9966712], [27.518712100000002, -25.996592800000002], [27.519295600000003, -25.996488900000003], [27.520090800000002, -25.996379500000003], [27.520271800000003, -25.9963614], [27.520491800000002, -25.996342100000003], [27.5207224, -25.9963228], [27.520919900000003, -25.9963084], [27.521158300000003, -25.996289100000002], [27.5213652, -25.9962805], [27.5219147, -25.996281800000002], [27.522589500000002, -25.996297300000002], [27.5227153, -25.996303500000003], [27.5228307, -25.996313200000003], [27.523081400000002, -25.9963397], [27.523220900000002, -25.9963602], [27.5233765, -25.996379500000003], [27.524464100000003, -25.996519300000003], [27.5255571, -25.996655500000003], [27.526644800000003, -25.9967857], [27.527834000000002, -25.996946400000002], [27.528203100000002, -25.996995400000003], [27.528702000000003, -25.997062900000003], [27.529108400000002, -25.997111200000003], [27.529470500000002, -25.997157], [27.529872800000003, -25.997212400000002], [27.530230900000003, -25.9972558], [27.5310905, -25.9973715], [27.531736700000003, -25.9974603], [27.531981000000002, -25.997493900000002], [27.5321178, -25.997515], [27.5323847, -25.997553500000002], [27.5326945, -25.997586100000003], [27.533053900000002, -25.997615000000003], [27.533374400000003, -25.997653600000003], [27.534109400000002, -25.997744], [27.5348188, -25.9978464], [27.5355846, -25.9979477], [27.5363128, -25.9980212], [27.5370719, -25.9981189], [27.5377706, -25.9982286], [27.538403600000002, -25.998319000000002], [27.5389762, -25.9984009], [27.5399284, -25.9984745], [27.5402512, -25.998519100000003], [27.5408173, -25.9985973], [27.5408444, -25.998601], [27.541204500000003, -25.9986366], [27.541474700000002, -25.998639], [27.5416671, -25.9986366], [27.542335, -25.998581100000003], [27.542989100000003, -25.9984681], [27.543104800000002, -25.998442200000003], [27.5433814, -25.998377400000003], [27.5435786, -25.9983144], [27.5438505, -25.9982183], [27.5439557, -25.9981671], [27.543996000000003, -25.9982599], [27.5440489, -25.9983593], [27.5440942, -25.998432], [27.5441667, -25.998522400000002], [27.544240400000003, -25.998582000000003], [27.544392900000002, -25.9987032], [27.5445025, -25.9987961], [27.5445525, -25.9988385], [27.544832200000002, -25.9990597], [27.545134200000003, -25.9992935], [27.5452385, -25.999374300000003], [27.5455714, -25.999628], [27.545788100000003, -25.999783700000002], [27.5458454, -25.999829000000002], [27.546362000000002, -26.000259600000003], [27.5466517, -26.0004916], [27.547190500000003, -26.000960000000003], [27.5475217, -26.001231800000003], [27.547646200000003, -26.0013353], [27.547757100000002, -26.0014234], [27.547790600000003, -26.0014523], [27.5484572, -26.001949600000003], [27.5489728, -26.002333500000002], [27.5494798, -26.002705300000002], [27.549613100000002, -26.0028033], [27.5497391, -26.002895900000002], [27.550174900000002, -26.003216400000003], [27.550205300000002, -26.0032387], [27.5506993, -26.003608200000002], [27.550796700000003, -26.003681], [27.5512112, -26.0039692], [27.551362700000002, -26.004074600000003], [27.552204200000002, -26.004714600000003], [27.552872100000002, -26.0052142], [27.553355500000002, -26.0055686], [27.5536144, -26.005754800000002], [27.553811500000002, -26.005929000000002], [27.554122000000003, -26.006192300000002], [27.5544164, -26.006490000000003], [27.554675900000003, -26.0067823], [27.554985000000002, -26.007151800000003], [27.5551868, -26.007387400000002], [27.5554758, -26.007729700000002], [27.5558091, -26.008126800000003], [27.5561346, -26.008505000000003], [27.5563623, -26.008765], [27.5564676, -26.0088735], [27.556667400000002, -26.009056100000002], [27.5568317, -26.009189900000003], [27.557122000000003, -26.0094141], [27.5574385, -26.0096232], [27.557706800000002, -26.009778100000002], [27.5587337, -26.010388000000003], [27.5590888, -26.010589200000002], [27.559440100000003, -26.010755600000003], [27.559716400000003, -26.0108725], [27.559995400000002, -26.0109472], [27.560416500000002, -26.0110099], [27.560737000000003, -26.011023100000003], [27.560919400000003, -26.0110135], [27.561229200000003, -26.0109858], [27.5614437, -26.0109472], [27.561805800000002, -26.0108399], [27.5620499, -26.0107339], [27.5624362, -26.0105302], [27.5626293, -26.010394], [27.562836400000002, -26.0102656], [27.5630048, -26.0101276], [27.5632418, -26.0099309], [27.563789000000003, -26.0094439], [27.564358600000002, -26.008960300000002], [27.564455000000002, -26.008875800000002], [27.5645853, -26.0087614], [27.564936300000003, -26.0084628], [27.5650832, -26.008343800000002], [27.565216000000003, -26.008239900000003], [27.5653316, -26.0081561], [27.565395000000002, -26.0081166], [27.5654398, -26.0080917], [27.565489200000002, -26.008064200000003], [27.565630000000002, -26.008001800000002], [27.5659391, -26.007898400000002], [27.5660628, -26.007868000000002], [27.5662348, -26.0078409], [27.566445400000003, -26.007830300000002], [27.5665671, -26.007837000000002], [27.566820200000002, -26.007866500000002], [27.567022700000003, -26.0079087], [27.567152800000002, -26.0079533], [27.567374100000002, -26.0080443], [27.567578, -26.008164200000003], [27.567818000000003, -26.0083263], [27.5684222, -26.0087717], [27.568877500000003, -26.0091007], [27.5698243, -26.009776900000002], [27.570891800000002, -26.010519300000002], [27.5718682, -26.011059300000003], [27.572412600000003, -26.011366600000002], [27.5732964, -26.011868000000003], [27.5751525, -26.012937100000002], [27.5765835, -26.013736100000003], [27.5780734, -26.0145497], [27.579385000000002, -26.015255900000003], [27.5801495, -26.015672900000002], [27.581268, -26.0163744], [27.582576900000003, -26.017234900000002], [27.583269700000002, -26.017685200000003], [27.5845793, -26.0185709], [27.5859907, -26.019525400000003], [27.5869599, -26.020319500000003], [27.5874075, -26.020808300000002], [27.5877522, -26.021201100000003], [27.5882243, -26.021818200000002], [27.588670800000003, -26.022518400000003], [27.5890343, -26.023183600000003], [27.589236800000002, -26.0236175], [27.5898135, -26.0248853], [27.590281500000003, -26.0259241], [27.590545700000003, -26.0264905], [27.590783100000003, -26.0268894], [27.591017800000003, -26.027222000000002], [27.591239100000003, -26.027483500000002], [27.591326700000003, -26.027575600000002], [27.591601200000003, -26.0278643], [27.5920008, -26.028211300000002], [27.592403100000002, -26.028509000000003], [27.5927921, -26.028745200000003], [27.5930898, -26.0288934], [27.593535000000003, -26.029092900000002], [27.593993700000002, -26.029244100000003], [27.5976509, -26.0301322], [27.598616500000002, -26.0303612], [27.599823500000003, -26.030645600000003], [27.600791, -26.0308697], [27.600942000000003, -26.0309047], [27.601704400000003, -26.0310917], [27.602305500000003, -26.0312391], [27.6024011, -26.0312626], [27.6029845, -26.0314626], [27.603012600000003, -26.0314747], [27.604042600000003, -26.0318675], [27.6046136, -26.032089000000003], [27.6048298, -26.0321724], [27.6057324, -26.032523100000002], [27.606985, -26.0330003], [27.6082885, -26.0334991], [27.6089644, -26.033740100000003], [27.6096779, -26.0339354], [27.610378, -26.034084800000002], [27.6111116, -26.034214900000002], [27.611674800000003, -26.034310100000003], [27.6122689, -26.0344029], [27.612779900000003, -26.0344945], [27.613167100000002, -26.034556700000003], [27.6137844, -26.034656000000002], [27.6147795, -26.0348259], [27.616300300000002, -26.0350946], [27.619175600000002, -26.0355814], [27.623786900000002, -26.0363146], [27.6255035, -26.0370473], [27.6266837, -26.038088400000003], [27.627737200000002, -26.0396639], [27.628053700000002, -26.040129], [27.629571700000003, -26.0424359], [27.6312268, -26.0449512], [27.633267900000003, -26.0479635], [27.634127600000003, -26.0492479], [27.6351388, -26.0507588], [27.6361868, -26.0523205], [27.636246500000002, -26.0524215], [27.637244300000003, -26.053907000000002], [27.637831900000002, -26.054787800000003], [27.638219300000003, -26.055368400000003], [27.6383735, -26.0555962], [27.638491900000002, -26.055775], [27.6393056, -26.057004600000003], [27.6395072, -26.057293400000002], [27.639901000000002, -26.057857600000002], [27.640163200000003, -26.058278], [27.6402551, -26.058427400000003], [27.640317500000002, -26.058523800000003], [27.640798200000003, -26.059325], [27.6410383, -26.059734600000002], [27.641332000000002, -26.0602538], [27.641788000000002, -26.0610839], [27.642006600000002, -26.0614634], [27.6421041, -26.0616349], [27.642195700000002, -26.0617959], [27.642340500000003, -26.062069400000002], [27.642450500000002, -26.062289900000003], [27.642607400000003, -26.062591100000002], [27.6427683, -26.062911500000002], [27.6430171, -26.063488600000003], [27.6431371, -26.0637657], [27.6435193, -26.064654700000002], [27.6437835, -26.065290800000003], [27.6441014, -26.066049800000002], [27.644269, -26.066693100000002], [27.6444876, -26.067591800000002], [27.644710200000002, -26.0685375], [27.6449463, -26.069624100000002], [27.6451971, -26.070711900000003], [27.645453200000002, -26.0718202], [27.6457094, -26.072608000000002], [27.6459146, -26.073191], [27.646195400000003, -26.073823800000003], [27.646371900000002, -26.0741011], [27.6466455, -26.0745727], [27.646982100000002, -26.0750335], [27.647105500000002, -26.075209400000002], [27.647315300000002, -26.075485200000003], [27.6473757, -26.075556300000002], [27.6475225, -26.0757249], [27.6478189, -26.0760453], [27.6479524, -26.0761676], [27.648126, -26.0763363], [27.648499500000003, -26.076644], [27.6486732, -26.0767844], [27.6489535, -26.0770729], [27.6496938, -26.0775685], [27.6504984, -26.0780697], [27.651570000000003, -26.078655100000002], [27.652032700000003, -26.078896], [27.6526281, -26.079217600000003], [27.652777, -26.0793007], [27.6530211, -26.0794429], [27.6532008, -26.079544000000002], [27.6540986, -26.080017700000003], [27.6542509, -26.0800981], [27.6548839, -26.0804499], [27.655864200000003, -26.081011200000003], [27.6564221, -26.081317100000003], [27.6573032, -26.081802600000003], [27.658609400000003, -26.0825096], [27.6589497, -26.082708], [27.6604616, -26.083530600000003], [27.6620239, -26.084374200000003], [27.6636574, -26.085294500000003], [27.663987300000002, -26.085477500000003], [27.664995800000003, -26.086096700000002], [27.6670841, -26.087316100000002], [27.670879000000003, -26.0894887], [27.6718589, -26.0900609], [27.6719578, -26.0901138], [27.6724207, -26.0903826], [27.6783864, -26.0938617], [27.681114500000003, -26.095444], [27.6825724, -26.096291], [27.684661900000002, -26.0974752], [27.685825800000003, -26.0981434], [27.686206700000003, -26.098379400000002], [27.6873709, -26.099117900000003], [27.6887092, -26.100065500000003], [27.689209400000003, -26.1004341], [27.689417300000002, -26.1005509], [27.6897981, -26.1007858], [27.690131500000003, -26.101004900000003], [27.6922068, -26.1024706], [27.693048800000003, -26.1030109], [27.693141500000003, -26.103067900000003], [27.693411800000003, -26.1032335], [27.6944619, -26.1039196], [27.6964018, -26.1051369], [27.696521100000002, -26.105261000000002], [27.6986615, -26.106629], [27.699625800000003, -26.10723], [27.7001153, -26.107535900000002], [27.7004063, -26.107709300000003], [27.7006517, -26.107847800000002], [27.7008811, -26.107973], [27.7010688, -26.1080693], [27.701471100000003, -26.108275300000003], [27.7019902, -26.108524600000003], [27.702536000000002, -26.108766600000003], [27.703130100000003, -26.109012300000003], [27.703763100000003, -26.109238700000002], [27.7044108, -26.109435], [27.7050707, -26.109618], [27.7057828, -26.1097806], [27.706490900000002, -26.1099119], [27.707132, -26.110001], [27.7077998, -26.110067200000003], [27.708718500000003, -26.110135900000003], [27.709090000000003, -26.110142500000002], [27.709554, -26.1101461], [27.710183, -26.110137100000003], [27.710583300000003, -26.1101166], [27.711235700000003, -26.110069000000003], [27.712088, -26.109978700000003], [27.7126613, -26.109889000000003], [27.7134056, -26.109739700000002], [27.7140118, -26.109596300000003], [27.714919700000003, -26.109354300000003], [27.7161884, -26.1090027], [27.7190826, -26.108217500000002], [27.7226894, -26.107190300000003], [27.7227612, -26.1071451], [27.722843, -26.1071144], [27.7229637, -26.107080600000003], [27.723154100000002, -26.107032500000003], [27.723543000000003, -26.1069229], [27.724188100000003, -26.106735], [27.7242652, -26.106715100000002], [27.724864, -26.1065496], [27.7253012, -26.106429100000003], [27.725726400000003, -26.106308700000003], [27.7259409, -26.106247300000003], [27.7260898, -26.1062075], [27.7262132, -26.1061762], [27.7263553, -26.106170300000002], [27.7310772, -26.1048571], [27.731380700000003, -26.1047727], [27.7316433, -26.104690100000003], [27.7319746, -26.1045805], [27.732218500000002, -26.1044884], [27.732399, -26.1044172], [27.7325197, -26.104365700000002], [27.733684500000003, -26.1039025], [27.734486500000003, -26.103567700000003], [27.7353662, -26.1032088], [27.736889700000003, -26.1025609], [27.737249100000003, -26.1023947], [27.737493, -26.1022682], [27.737809700000003, -26.102074400000003], [27.738008200000003, -26.101944300000003], [27.7381308, -26.1018435], [27.7383959, -26.1016583], [27.738487000000003, -26.1016203], [27.738578200000003, -26.1015769], [27.738673400000003, -26.101547500000002], [27.7387726, -26.1015288], [27.738845, -26.1015228], [27.738921700000002, -26.1015249], [27.738969100000002, -26.101537800000003], [27.738991600000002, -26.101544200000003], [27.739013900000003, -26.101552400000003], [27.7390432, -26.101566100000003], [27.7391584, -26.101640200000002], [27.73919, -26.1016653], [27.7392152, -26.1016854], [27.739341300000003, -26.1018088], [27.739793900000002, -26.1023092], [27.739977600000003, -26.102505500000003], [27.7401392, -26.102641000000002], [27.7403055, -26.1027512], [27.7405067, -26.102859600000002], [27.7406475, -26.1029114], [27.7408165, -26.1029686], [27.740907, -26.1029836], [27.741039100000002, -26.1029933], [27.741193300000003, -26.1029987], [27.741346200000002, -26.1029957], [27.7414756, -26.102980600000002], [27.741633200000003, -26.1029535], [27.7417854, -26.102914400000003], [27.7420174, -26.102831300000002], [27.742425100000002, -26.1026789], [27.7437937, -26.1021508], [27.744430100000002, -26.101915400000003], [27.7452207, -26.101605300000003], [27.745263, -26.1015905], [27.7453171, -26.1015717], [27.7455667, -26.1014848], [27.745679300000003, -26.101476400000003], [27.7457618, -26.101476400000003], [27.745863900000003, -26.1014853], [27.745893900000002, -26.101487900000002], [27.745912200000003, -26.1014908], [27.746203, -26.101537800000003], [27.746722700000003, -26.10163], [27.746850100000003, -26.1016504], [27.747393900000002, -26.1017426], [27.7476246, -26.1017829], [27.747723800000003, -26.1018028], [27.748437300000003, -26.101928], [27.7492674, -26.102068900000003], [27.749698600000002, -26.1021502], [27.7506112, -26.102318200000003], [27.7507722, -26.1023508], [27.7512194, -26.1024399], [27.7521683, -26.1026133], [27.752910600000003, -26.1027416], [27.753017800000002, -26.102762000000002], [27.7542885, -26.1029872], [27.7549698, -26.103105900000003], [27.755785200000002, -26.103257000000003], [27.7561433, -26.103322000000002], [27.756528900000003, -26.103391900000002], [27.757288600000003, -26.1035328], [27.7580369, -26.103668900000002], [27.7585613, -26.1037435], [27.7587504, -26.1037803], [27.760267900000002, -26.1040446], [27.7616936, -26.104308800000002], [27.763508, -26.104634700000002], [27.763694400000002, -26.104669700000002], [27.764111500000002, -26.1047383], [27.764441400000003, -26.1047684], [27.7649201, -26.1047672], [27.7653077, -26.1047732], [27.7656202, -26.104806900000003], [27.7660494, -26.104881600000002], [27.7693009, -26.105485700000003], [27.7699052, -26.1055993], [27.769997900000003, -26.105614900000003], [27.770794400000003, -26.1057764], [27.771280100000002, -26.105841400000003], [27.771597600000003, -26.1059035], [27.7719099, -26.105964500000002], [27.772002500000003, -26.1059768], [27.7723757, -26.1060187], [27.7742873, -26.1063547], [27.775319800000002, -26.106539400000003], [27.7754246, -26.106558900000003], [27.775509500000002, -26.1065761], [27.775974100000003, -26.106656500000003], [27.776362000000002, -26.106723600000002], [27.7769994, -26.106841600000003], [27.777426600000002, -26.106915100000002], [27.777926200000003, -26.107001200000003], [27.7779932, -26.107012700000002], [27.7780796, -26.107029400000002], [27.778199, -26.1070242], [27.778378, -26.107058700000003], [27.778561900000003, -26.1071017], [27.7788475, -26.1071637], [27.779430700000002, -26.107265700000003], [27.779926800000002, -26.1073555], [27.780531300000003, -26.107463000000003], [27.7806372, -26.1074835], [27.7816055, -26.107655700000002], [27.782378, -26.107796], [27.7826978, -26.107852], [27.7837999, -26.1080478], [27.7847812, -26.1082229], [27.7850794, -26.108275000000003], [27.785191500000003, -26.108292700000003], [27.785286600000003, -26.1083071], [27.785514900000003, -26.1083508], [27.7858282, -26.1084108], [27.785942600000002, -26.1084409], [27.786030500000003, -26.1084704], [27.7860908, -26.108494500000003], [27.7861565, -26.108524000000003], [27.7867265, -26.1088413], [27.786829400000002, -26.1089054], [27.787328700000003, -26.109180900000002], [27.787745700000002, -26.109422300000002], [27.7883315, -26.109723900000002], [27.7884186, -26.1097764], [27.788512200000003, -26.109823700000003], [27.788993, -26.1101178], [27.789604500000003, -26.110483900000002], [27.7902114, -26.1108373], [27.7910556, -26.1112919], [27.791278900000002, -26.111422], [27.7915899, -26.111603000000002], [27.791667800000003, -26.1116484], [27.792238400000002, -26.111992200000003], [27.792742, -26.112279400000002], [27.7932765, -26.112587100000002], [27.7938927, -26.1129423], [27.794807300000002, -26.1134625], [27.795711200000003, -26.1139599], [27.7962886, -26.114294], [27.796943000000002, -26.114683600000003], [27.7975117, -26.1150166], [27.7983224, -26.1154826], [27.798756200000003, -26.1157246], [27.799353600000003, -26.1160409], [27.7994896, -26.1161266], [27.800769900000002, -26.1168686], [27.8009127, -26.1169583], [27.800972100000003, -26.116995000000003], [27.8010069, -26.117007400000002], [27.8010388, -26.117022700000003], [27.8010981, -26.117059800000003], [27.801129600000003, -26.1170793], [27.801164200000002, -26.117097400000002], [27.8011984, -26.1171094], [27.801271800000002, -26.117128700000002], [27.801367000000003, -26.1171465], [27.801426000000003, -26.117157900000002], [27.8015098, -26.117174700000003], [27.801568500000002, -26.117190100000002], [27.801643300000002, -26.1172225], [27.8017241, -26.117247900000002], [27.801765000000003, -26.117272600000003], [27.8017992, -26.1172985], [27.8027574, -26.1175971], [27.803035, -26.117682600000002], [27.8032818, -26.1177512], [27.8034387, -26.1177844], [27.8061402, -26.118312000000003], [27.8065943, -26.1184039], [27.807042900000003, -26.1184918], [27.8071723, -26.118516500000002], [27.8072957, -26.1185358], [27.8073996, -26.118542400000003], [27.8080025, -26.1185508], [27.808612800000002, -26.118553400000003], [27.8091055, -26.118562800000003], [27.8092919, -26.1185785], [27.8094274, -26.1185954], [27.8099725, -26.118698900000002], [27.8102412, -26.1187457], [27.810910600000003, -26.118872300000003], [27.811101800000003, -26.1189089], [27.811779700000002, -26.119038500000002], [27.8123547, -26.119144300000002], [27.812837000000002, -26.1192318], [27.813036500000003, -26.119271400000002], [27.813137500000003, -26.119276900000003], [27.8133926, -26.1192984], [27.813593, -26.1193387], [27.8142493, -26.119464800000003], [27.8143563, -26.1195248], [27.814616100000002, -26.119572], [27.8149467, -26.1196364], [27.8156712, -26.119774900000003], [27.816060500000003, -26.119840500000002], [27.8163173, -26.119895200000002], [27.816432600000002, -26.1199127], [27.8165218, -26.119921700000003], [27.816624400000002, -26.119921100000003], [27.81678, -26.1199139], [27.8171414, -26.119891600000003], [27.817377500000003, -26.119869], [27.8176135, -26.1198465], [27.817678700000002, -26.1198401], [27.8177121, -26.1198355], [27.817850200000002, -26.119817], [27.817934, -26.119801300000002], [27.8179957, -26.1197899], [27.8181258, -26.119741700000002], [27.8181875, -26.1198832], [27.818231100000002, -26.119981300000003], [27.8183021, -26.1200975], [27.818359800000003, -26.1201776], [27.8184094, -26.120230600000003], [27.8185214, -26.1203462], [27.8186931, -26.120475000000003], [27.8229913, -26.1231362], [27.8250767, -26.1242343], [27.8259954, -26.124712300000002], [27.826995800000002, -26.1252229], [27.827718700000002, -26.125562400000003], [27.828856000000002, -26.1260838], [27.829336100000003, -26.12628], [27.829688100000002, -26.126409600000002], [27.8304787, -26.1266678], [27.8315382, -26.1269844], [27.8319526, -26.127098800000002], [27.833452100000002, -26.127435600000002], [27.8338073, -26.127488900000003], [27.834076900000003, -26.127519000000003], [27.834425600000003, -26.1275359], [27.834744800000003, -26.1275383], [27.8350988, -26.127526300000003], [27.836280300000002, -26.127395], [27.838544000000002, -26.127135600000003], [27.838798, -26.127105200000003], [27.8397258, -26.1269941], [27.839924800000002, -26.1269706], [27.8401558, -26.126942300000003], [27.8412645, -26.1268195], [27.842351500000003, -26.12669], [27.8430408, -26.1266226], [27.843388200000003, -26.126606900000002], [27.8435719, -26.126616000000002], [27.843698900000003, -26.1266262], [27.8445317, -26.126739500000003], [27.8447269, -26.126768700000003], [27.8450388, -26.1268154], [27.845239600000003, -26.1268478], [27.8454276, -26.126878700000002], [27.8457104, -26.126924900000002], [27.8458183, -26.126939], [27.8462558, -26.127002800000003], [27.846536200000003, -26.1270443], [27.847023800000002, -26.127116500000003], [27.8472797, -26.1271963], [27.847488900000002, -26.1272677], [27.847686200000002, -26.1273695], [27.847876600000003, -26.1274859], [27.8495135, -26.128538300000002], [27.8497184, -26.1286661], [27.849902200000002, -26.1287807], [27.8503076, -26.129033500000002], [27.850721, -26.129291300000002], [27.8511148, -26.1295369], [27.851368200000003, -26.1296949], [27.8514069, -26.129719], [27.851433, -26.129735200000002], [27.8554588, -26.1322361], [27.856135700000003, -26.1326566], [27.856245800000003, -26.132737700000003], [27.8568694, -26.1331971], [27.8593942, -26.1350972], [27.860637500000003, -26.1360676], [27.8612879, -26.136548], [27.861945900000002, -26.1369575], [27.862278300000003, -26.1371642], [27.862521800000003, -26.137276900000003], [27.863576100000003, -26.1378303], [27.8641916, -26.138146900000002], [27.864368600000002, -26.138240800000002], [27.864670200000003, -26.1384009], [27.8655961, -26.1388722], [27.866574500000002, -26.139355600000002], [27.868299200000003, -26.1401153], [27.869615200000002, -26.1406442], [27.869690600000002, -26.140674500000003], [27.8697644, -26.140702800000003], [27.869852, -26.140741700000003], [27.8703034, -26.140943800000002], [27.872291800000003, -26.1417977], [27.8743094, -26.142641100000002], [27.875327700000003, -26.143066700000002], [27.875421300000003, -26.1431058], [27.875516, -26.1431468], [27.8758997, -26.143311200000003], [27.877188, -26.143871700000002], [27.8772172, -26.1438841], [27.879748300000003, -26.1449634], [27.8799907, -26.145061700000003], [27.880481800000002, -26.145204200000002], [27.8808973, -26.145307300000002], [27.8809505, -26.1453205], [27.881041000000003, -26.1453464], [27.8811697, -26.1453832], [27.8817592, -26.1455519], [27.883580600000002, -26.146065500000002], [27.885087300000002, -26.1464226], [27.8883344, -26.1473511], [27.888785900000002, -26.147418100000003], [27.8892358, -26.1474483], [27.8903944, -26.1474511], [27.890559000000003, -26.1474434], [27.892245000000003, -26.147325000000002], [27.8923667, -26.147318000000002], [27.892512300000003, -26.1473109], [27.8961688, -26.1471108], [27.8989407, -26.147001000000003], [27.8996737, -26.147034700000003], [27.8998366, -26.1470437], [27.9000391, -26.147059400000003], [27.900904, -26.1472537], [27.9010128, -26.1472781], [27.9011241, -26.147308600000002], [27.901188800000003, -26.1473321], [27.901687900000002, -26.1475136], [27.901958200000003, -26.1476246], [27.902567800000003, -26.1479213], [27.902926400000002, -26.1481277], [27.903799600000003, -26.148773100000003], [27.9057217, -26.1502252], [27.906222600000003, -26.150607100000002], [27.906707, -26.150959], [27.906753300000002, -26.1509971], [27.9068392, -26.151054300000002], [27.9069243, -26.151113900000002], [27.9070129, -26.1511788], [27.9088227, -26.1525049], [27.909828500000003, -26.1532465], [27.9113258, -26.154339500000003], [27.911655000000003, -26.1545978], [27.9122111, -26.1550255], [27.9122847, -26.1550821], [27.912358800000003, -26.1551367], [27.915016400000003, -26.157094400000002], [27.9155079, -26.1574351], [27.915897, -26.157708900000003], [27.915954000000003, -26.1577507], [27.9160475, -26.157819500000002], [27.9215817, -26.161890500000002], [27.922517300000003, -26.1625857], [27.9242269, -26.163846900000003], [27.924813, -26.164290100000002], [27.9249414, -26.164383700000002], [27.9253292, -26.1646533], [27.9268119, -26.165767600000002], [27.9275559, -26.1663268], [27.928297500000003, -26.166869700000003], [27.929037800000003, -26.167353600000002], [27.929098200000002, -26.1673957], [27.930008800000003, -26.168079300000002], [27.930425900000003, -26.168378500000003], [27.930620400000002, -26.1685173], [27.930735000000002, -26.1685903], [27.930924500000003, -26.168723200000002], [27.9309863, -26.1687665], [27.9310857, -26.1688407], [27.9311566, -26.1688949], [27.9314122, -26.1690904], [27.931729400000002, -26.1693329], [27.931997000000003, -26.1694888], [27.932196800000003, -26.1695785], [27.9328459, -26.1698734], [27.933138900000003, -26.170000400000003], [27.9341709, -26.1704553], [27.9351705, -26.1708706], [27.9361122, -26.1712862], [27.936153, -26.1713069], [27.9365801, -26.171491200000002], [27.9370975, -26.1717064], [27.937258000000003, -26.1717732], [27.9374311, -26.171853300000002], [27.9380071, -26.1720995], [27.9382914, -26.1722132], [27.938416200000002, -26.172260100000003], [27.938505300000003, -26.172289000000003], [27.9386374, -26.172325100000002], [27.938775600000003, -26.1723606], [27.9390512, -26.1724184], [27.9392718, -26.172470200000003], [27.9400063, -26.1726174], [27.9401143, -26.172643200000003], [27.9402404, -26.172673300000003], [27.9403872, -26.172701900000003], [27.9405347, -26.1727305], [27.9406384, -26.1727506], [27.941222300000003, -26.172876000000002], [27.9423017, -26.1730798], [27.943499300000003, -26.1733283], [27.944306200000003, -26.1734873], [27.9443722, -26.1735003], [27.944413100000002, -26.173511100000002], [27.945458100000003, -26.1737478], [27.945553, -26.1737693], [27.945710400000003, -26.1738076], [27.9466433, -26.174034600000002], [27.947740800000002, -26.1742519], [27.948824600000002, -26.174477300000003], [27.949807000000003, -26.174583300000002], [27.9498888, -26.1745921], [27.949968400000003, -26.1746], [27.950961500000002, -26.174698600000003], [27.951226400000003, -26.174726900000003], [27.9515764, -26.174759400000003], [27.9518138, -26.174775], [27.9520324, -26.1747696], [27.9524642, -26.1747197], [27.9528317, -26.174670300000002], [27.953028200000002, -26.1746404], [27.953086900000002, -26.174631400000003], [27.953234300000002, -26.1746081], [27.954128500000003, -26.174466900000002], [27.9554663, -26.1742674], [27.9573998, -26.173977400000002], [27.959098700000002, -26.173733900000002], [27.9596987, -26.173649], [27.959865800000003, -26.1736244], [27.9599905, -26.1736076], [27.9601514, -26.1736004], [27.960282900000003, -26.1736064], [27.9603915, -26.173620800000002], [27.960492100000003, -26.173644900000003], [27.9617085, -26.1739807], [27.962460800000002, -26.174197300000003], [27.962946000000002, -26.1743273], [27.9643212, -26.1746945], [27.9658252, -26.1751086], [27.9673635, -26.175543], [27.9695076, -26.176133800000002], [27.970393400000003, -26.176375800000002], [27.970598600000002, -26.176432400000003], [27.970869500000003, -26.1765118], [27.971015700000002, -26.176553900000002], [27.9711284, -26.1765973], [27.971139800000003, -26.176601400000003], [27.971252600000003, -26.176642], [27.971379000000002, -26.176714200000003], [27.971457500000003, -26.176759], [27.9716595, -26.176879000000003], [27.9717102, -26.176912700000003], [27.972017, -26.177099600000002], [27.972219900000002, -26.177219700000002], [27.9735182, -26.1779681], [27.9739863, -26.1782377], [27.974309100000003, -26.1784268], [27.974339, -26.178445800000002], [27.9759241, -26.179370600000002], [27.976038000000003, -26.1794404], [27.9761643, -26.1795128], [27.977030600000003, -26.180009300000002], [27.977875500000003, -26.180500300000002], [27.978170600000002, -26.1806705], [27.9782449, -26.180713400000002], [27.9783551, -26.180777300000003], [27.9790996, -26.1812092], [27.979944500000002, -26.181693000000003], [27.9800787, -26.1817771], [27.98017, -26.1818491], [27.980249800000003, -26.1819245], [27.9802986, -26.181979000000002], [27.980363200000003, -26.1820492], [27.980501800000003, -26.182227500000003], [27.980958100000002, -26.1829487], [27.981231, -26.1834001], [27.981393200000003, -26.183668400000002], [27.981775000000003, -26.1843228], [27.981816400000003, -26.1843937], [27.9818575, -26.1844682], [27.981992700000003, -26.184713400000003], [27.982093900000002, -26.184880800000002], [27.9821683, -26.184987000000003], [27.982276700000003, -26.1851142], [27.9823638, -26.1851957], [27.982463300000003, -26.185278800000003], [27.982664800000002, -26.185434100000002], [27.983392000000002, -26.1859535], [27.983565600000002, -26.1860643], [27.983650100000002, -26.1861183], [27.983703400000003, -26.1861512], [27.983736200000003, -26.186172000000003], [27.983771200000003, -26.1861943], [27.983847100000002, -26.186247400000003], [27.9841106, -26.1864318], [27.984688600000002, -26.1868325], [27.9863472, -26.1880643], [27.986435500000002, -26.188141700000003], [27.9875535, -26.1889818], [27.987874400000003, -26.189245200000002], [27.9880256, -26.189367], [27.9882248, -26.189527400000003], [27.988302100000002, -26.1895935], [27.988404900000003, -26.1896813], [27.9886079, -26.189858400000002], [27.9890143, -26.190186100000002], [27.989157600000002, -26.190304800000003], [27.989212100000003, -26.1903499], [27.9894402, -26.190538800000002], [27.989575900000002, -26.1906287], [27.989886400000003, -26.1907731], [27.9902753, -26.1909199], [27.990955000000003, -26.1911835], [27.9910132, -26.191206100000002], [27.991111500000002, -26.1912433], [27.9933081, -26.1920755], [27.9939287, -26.192317900000003], [27.993978600000002, -26.192337400000003], [27.994009600000002, -26.192349200000002], [27.9940992, -26.192383200000002], [27.9955393, -26.1929304], [27.995593000000003, -26.192950800000002], [27.9956488, -26.192972100000002], [27.995869000000003, -26.1930562], [27.9978897, -26.193827900000002], [27.9991588, -26.194320100000002], [28.0001603, -26.1947015], [28.001693900000003, -26.195286000000003], [28.0025814, -26.1956232], [28.002858900000003, -26.1957297], [28.0029526, -26.1957656], [28.003099900000002, -26.1958269], [28.003351900000002, -26.195931700000003], [28.0036355, -26.1960382], [28.0039057, -26.196135], [28.004034700000002, -26.1961863], [28.0042052, -26.196252400000002], [28.0053923, -26.196704], [28.005712300000003, -26.1968287], [28.005979000000004, -26.1969326], [28.0063558, -26.197071], [28.0064172, -26.1970932], [28.0066446, -26.197175400000003], [28.0066567, -26.1971798], [28.006871500000003, -26.197257500000003], [28.007011700000003, -26.1973132], [28.007432700000003, -26.197480700000003], [28.007640600000002, -26.197562], [28.007856500000003, -26.1976431], [28.0079481, -26.1976775], [28.008086600000002, -26.197730900000003], [28.0087705, -26.1979946], [28.0095664, -26.1983098], [28.010224100000002, -26.198566600000003], [28.010432700000003, -26.198640500000003], [28.0105173, -26.198667200000003], [28.010578600000002, -26.198679400000003], [28.0106448, -26.198684200000002], [28.010747900000002, -26.1986822], [28.010847000000002, -26.198675100000003], [28.010928600000003, -26.198666300000003], [28.013716100000003, -26.198337600000002], [28.014701100000003, -26.1982134], [28.0151736, -26.1981408], [28.0153418, -26.1981056], [28.015363400000002, -26.198101100000002], [28.015497000000003, -26.198066800000003], [28.015585700000003, -26.1980556], [28.015611500000002, -26.1980523], [28.0172144, -26.197856100000003], [28.018148500000002, -26.1977417], [28.019067300000003, -26.197644], [28.0195721, -26.1975912], [28.019974100000002, -26.1975456], [28.020271700000002, -26.197511900000002], [28.020415200000002, -26.1974732], [28.0205175, -26.1974388], [28.020721100000003, -26.1973905], [28.020840300000003, -26.1973559], [28.021239100000003, -26.1973181], [28.0213055, -26.1973099], [28.021943500000003, -26.1972437], [28.022070900000003, -26.1972443], [28.022228400000003, -26.1972254], [28.0224073, -26.1972047], [28.024097100000002, -26.1970089], [28.0243685, -26.1969774], [28.0248832, -26.1969198], [28.027673600000004, -26.1966277], [28.0278001, -26.1965812], [28.0278846, -26.196543300000002], [28.0279811, -26.196483200000003], [28.0280512, -26.1964112], [28.028138700000003, -26.196316500000002], [28.028184000000003, -26.1962645], [28.028243900000003, -26.196200700000002], [28.028268500000003, -26.196174300000003], [28.028364900000003, -26.196087100000003], [28.0283909, -26.196063600000002], [28.0286352, -26.1959458], [28.028806200000002, -26.1958862], [28.0288837, -26.1958592], [28.028976800000002, -26.195853800000002], [28.0293336, -26.1958273], [28.0297707, -26.1957872], [28.0302007, -26.195759900000002], [28.0303046, -26.195785800000003], [28.0303864, -26.1957768], [28.0314975, -26.195654700000002], [28.0318119, -26.1956162], [28.0318451, -26.1956136], [28.032119400000003, -26.1955786], [28.0322077, -26.195570200000002], [28.0323381, -26.1955592], [28.032516800000003, -26.1955409], [28.0325907, -26.195510300000002], [28.032691500000002, -26.195468700000003], [28.032838, -26.195430100000003], [28.033510900000003, -26.1952035], [28.033622500000003, -26.195172300000003], [28.0337466, -26.195151000000003], [28.033869900000003, -26.1951408], [28.0340564, -26.195129400000003], [28.0342805, -26.195137900000002], [28.0344741, -26.195159500000003], [28.0346714, -26.1952062], [28.034990500000003, -26.195225200000003], [28.0350712, -26.1952372], [28.0353202, -26.1952162], [28.0361414, -26.195147000000002], [28.0368645, -26.195066500000003], [28.0373105, -26.195013300000003], [28.0381457, -26.194917500000003], [28.0389017, -26.194829300000002], [28.038972, -26.1948206], [28.0390486, -26.195428300000003], [28.039163400000003, -26.196224400000002], [28.0392794, -26.196975700000003], [28.039293400000002, -26.1970701], [28.0394255, -26.197956700000002], [28.039467700000003, -26.198233400000003], [28.0395676, -26.198926500000002], [28.039641300000003, -26.1995714], [28.0397268, -26.200322800000002]]}}]}