{"type": "FeatureCollection", "features": [{"type": "Feature", "id": "node/28385456", "properties": {"osm_id": "node/28385456", "position_basis": "OSM node; entrance unverified", "name": "Secunda", "name:ru": "\u0421\u0435\u043a\u0443\u043d\u0434\u0430", "place": "city", "population": "40198", "population:date": "2011-01-01", "sagns_id": "71514", "source": "sagns", "source:population": "wikipedia", "wikidata": "Q2110377", "wikimedia_commons": "Category:Secunda", "wikipedia": "en:Secunda, Mpumalanga"}, "geometry": {"type": "Point", "coordinates": [29.202778000000002, -26.516111000000002]}}, {"type": "Feature", "id": "node/59645230", "properties": {"osm_id": "node/59645230", "position_basis": "OSM node; entrance unverified", "access": "permissive", "barrier": "border_control", "name": "Groblersbrug Border Control"}, "geometry": {"type": "Point", "coordinates": [27.943777500000003, -22.999434800000003]}}, {"type": "Feature", "id": "node/59731250", "properties": {"osm_id": "node/59731250", "position_basis": "OSM node; entrance unverified", "access": "permissive", "barrier": "border_control", "name": "Josefsdal Border Control", "opening_hours": "08:00-16:00"}, "geometry": {"type": "Point", "coordinates": [31.1182312, -25.9433082]}}, {"type": "Feature", "id": "node/60468077", "properties": {"osm_id": "node/60468077", "position_basis": "OSM node; entrance unverified", "barrier": "border_control", "bicycle": "yes", "foot": "yes", "motorcar": "yes", "motorcycle": "yes", "name": "Maseru Bridge Border Control"}, "geometry": {"type": "Point", "coordinates": [27.452471600000003, -29.2977047]}}, {"type": "Feature", "id": "node/243837578", "properties": {"osm_id": "node/243837578", "position_basis": "OSM node; entrance unverified", "barrier": "border_control", "name": "Sicunusa Border Control"}, "geometry": {"type": "Point", "coordinates": [30.911216000000003, -26.859042400000003]}}, {"type": "Feature", "id": "node/248237847", "properties": {"osm_id": "node/248237847", "position_basis": "OSM node; entrance unverified", "barrier": "border_control", "name": "Van Rooyen's Gate Border Control"}, "geometry": {"type": "Point", "coordinates": [27.1084065, -29.756429400000002]}}, {"type": "Feature", "id": "node/248237851", "properties": {"osm_id": "node/248237851", "position_basis": "OSM node; entrance unverified", "barrier": "border_control", "name": "Van Rooyen's Gate Border Control"}, "geometry": {"type": "Point", "coordinates": [27.109240600000003, -29.7558535]}}, {"type": "Feature", "id": "node/256762320", "properties": {"osm_id": "node/256762320", "position_basis": "OSM node; entrance unverified", "access": "permissive", "barrier": "border_control", "bicycle": "yes", "foot": "yes", "motorcar": "yes", "motorcycle": "yes", "name": "Jeppe's Reef Border Control"}, "geometry": {"type": "Point", "coordinates": [31.468714100000003, -25.7504056]}}, {"type": "Feature", "id": "node/258313575", "properties": {"osm_id": "node/258313575", "position_basis": "OSM node; entrance unverified", "addr:country": "SZ", "barrier": "border_control", "description": "7:00-22:00", "name": "Lavumisa Border Control"}, "geometry": {"type": "Point", "coordinates": [31.888601, -27.316837800000002]}}, {"type": "Feature", "id": "node/259091249", "properties": {"osm_id": "node/259091249", "position_basis": "OSM node; entrance unverified", "access": "permissive", "barrier": "border_control", "bicycle": "yes", "foot": "yes", "horse": "yes", "motor_vehicle": "yes", "name": "Sani Pass Border Control", "opening_hours": "Mo-Su 06:00-18:00"}, "geometry": {"type": "Point", "coordinates": [29.2856558, -29.584502500000003]}}, {"type": "Feature", "id": "node/352264266", "properties": {"osm_id": "node/352264266", "position_basis": "OSM node; entrance unverified", "access": "permissive", "barrier": "border_control", "description": "7:00-18:00", "name": "Mananga Border Control"}, "geometry": {"type": "Point", "coordinates": [31.7614458, -25.932642]}}, {"type": "Feature", "id": "node/447738140", "properties": {"osm_id": "node/447738140", "position_basis": "OSM node; entrance unverified", "barrier": "border_control", "bicycle": "no", "country": "NA", "foot": "no", "horse": "no", "motor_vehicle": "yes", "name": "Welverdiend Border Control"}, "geometry": {"type": "Point", "coordinates": [19.998614200000002, -25.7678468]}}, {"type": "Feature", "id": "node/448199954", "properties": {"osm_id": "node/448199954", "position_basis": "OSM node; entrance unverified", "barrier": "border_control", "country": "NA", "name": "Sendelingsdrif Border Control"}, "geometry": {"type": "Point", "coordinates": [16.8822674, -28.111247900000002]}}, {"type": "Feature", "id": "node/448200035", "properties": {"osm_id": "node/448200035", "position_basis": "OSM node; entrance unverified", "barrier": "border_control", "country": "ZA", "name": "Sendelingsdrif Border Control"}, "geometry": {"type": "Point", "coordinates": [16.8911489, -28.122970400000003]}}, {"type": "Feature", "id": "node/457483438", "properties": {"osm_id": "node/457483438", "position_basis": "OSM node; entrance unverified", "barrier": "border_control", "name": "McCarthy's Rest Border Control"}, "geometry": {"type": "Point", "coordinates": [22.568852500000002, -26.202661900000003]}}, {"type": "Feature", "id": "node/459439978", "properties": {"osm_id": "node/459439978", "position_basis": "OSM node; entrance unverified", "access": "yes", "barrier": "border_control", "country": "NA", "foot": "yes", "name": "Noordoewer"}, "geometry": {"type": "Point", "coordinates": [17.622013300000003, -28.756963300000002]}}, {"type": "Feature", "id": "node/465172412", "properties": {"osm_id": "node/465172412", "position_basis": "OSM node; entrance unverified", "barrier": "border_control", "name": "Ponta do Ouro Border Control"}, "geometry": {"type": "Point", "coordinates": [32.8295102, -26.8638587]}}, {"type": "Feature", "id": "node/530113023", "properties": {"osm_id": "node/530113023", "position_basis": "OSM node; entrance unverified", "barrier": "border_control", "motor_vehicle": "yes", "name": "Derdepoort Border Control"}, "geometry": {"type": "Point", "coordinates": [26.404101700000002, -24.6430173]}}, {"type": "Feature", "id": "node/530151058", "properties": {"osm_id": "node/530151058", "position_basis": "OSM node; entrance unverified", "barrier": "border_control", "name": "Sikwane Border Control"}, "geometry": {"type": "Point", "coordinates": [26.4034012, -24.642508300000003]}}, {"type": "Feature", "id": "node/619799032", "properties": {"osm_id": "node/619799032", "position_basis": "OSM node; entrance unverified", "barrier": "border_control", "bicycle": "yes", "foot": "yes", "horse": "yes", "motorcar": "yes", "motorcycle": "yes", "name": "Caledonspoort Border Control"}, "geometry": {"type": "Point", "coordinates": [28.2345834, -28.6934842]}}, {"type": "Feature", "id": "node/903243715", "properties": {"osm_id": "node/903243715", "position_basis": "OSM node; entrance unverified", "barrier": "border_control", "bicycle": "no", "foot": "no", "motor_vehicle": "yes", "name": "Pafuri Border Control"}, "geometry": {"type": "Point", "coordinates": [31.316223200000003, -22.449153300000003]}}, {"type": "Feature", "id": "node/903247517", "properties": {"osm_id": "node/903247517", "position_basis": "OSM node; entrance unverified", "access": "permissive", "barrier": "border_control", "bicycle": "no", "foot": "no", "motor_vehicle": "yes", "name": "Pafuri Border Control"}, "geometry": {"type": "Point", "coordinates": [31.314523500000004, -22.4489534]}}, {"type": "Feature", "id": "node/904313747", "properties": {"osm_id": "node/904313747", "position_basis": "OSM node; entrance unverified", "access": "permissive", "barrier": "border_control", "name": "Oshoek Border Control"}, "geometry": {"type": "Point", "coordinates": [30.9885626, -26.212524000000002]}}, {"type": "Feature", "id": "node/904313926", "properties": {"osm_id": "node/904313926", "position_basis": "OSM node; entrance unverified", "barrier": "border_control", "name": "Ngwenya Border Control"}, "geometry": {"type": "Point", "coordinates": [30.990526600000003, -26.212526200000003]}}, {"type": "Feature", "id": "node/904313961", "properties": {"osm_id": "node/904313961", "position_basis": "OSM node; entrance unverified", "access": "permissive", "barrier": "border_control", "name": "Oshoek Border Control"}, "geometry": {"type": "Point", "coordinates": [30.988398900000004, -26.212865700000002]}}, {"type": "Feature", "id": "node/904314033", "properties": {"osm_id": "node/904314033", "position_basis": "OSM node; entrance unverified", "barrier": "border_control", "name": "Ngwenya Border Control"}, "geometry": {"type": "Point", "coordinates": [30.990437800000002, -26.212806500000003]}}, {"type": "Feature", "id": "node/906981222", "properties": {"osm_id": "node/906981222", "position_basis": "OSM node; entrance unverified", "barrier": "border_control", "name": "Bulembu Border Post", "opening_hours": "08:00-16:00"}, "geometry": {"type": "Point", "coordinates": [31.123154900000003, -25.943685400000003]}}, {"type": "Feature", "id": "node/908424209", "properties": {"osm_id": "node/908424209", "position_basis": "OSM node; entrance unverified", "access": "permissive", "barrier": "border_control", "name": "Bothashoop Border Control"}, "geometry": {"type": "Point", "coordinates": [30.968071400000003, -26.9737779]}}, {"type": "Feature", "id": "node/908424351", "properties": {"osm_id": "node/908424351", "position_basis": "OSM node; entrance unverified", "access": "permissive", "barrier": "border_control", "name": "Gege Border Control"}, "geometry": {"type": "Point", "coordinates": [30.969437000000003, -26.973413700000002]}}, {"type": "Feature", "id": "node/966805048", "properties": {"osm_id": "node/966805048", "position_basis": "OSM node; entrance unverified", "barrier": "border_control", "name": "Martin's Drift Border Post"}, "geometry": {"type": "Point", "coordinates": [27.9384577, -22.9961255]}}, {"type": "Feature", "id": "node/995386348", "properties": {"osm_id": "node/995386348", "position_basis": "OSM node; entrance unverified", "barrier": "border_control", "country": "ZA", "motor_vehicle": "yes", "name": "Alexander Bay Border Control"}, "geometry": {"type": "Point", "coordinates": [16.5058762, -28.568279200000003]}}, {"type": "Feature", "id": "node/995501740", "properties": {"osm_id": "node/995501740", "position_basis": "OSM node; entrance unverified", "barrier": "border_control", "bicycle": "yes", "country": "NA", "foot": "yes", "motorcar": "yes", "motorcycle": "yes", "name": "Velloorsdrift Border Control", "opening_hours": "08:00-16:30"}, "geometry": {"type": "Point", "coordinates": [19.3052128, -28.729864300000003]}}, {"type": "Feature", "id": "node/995501743", "properties": {"osm_id": "node/995501743", "position_basis": "OSM node; entrance unverified", "barrier": "border_control", "bicycle": "yes", "country": "ZA", "foot": "yes", "motorcar": "yes", "motorcycle": "yes", "name": "Onseepkans Border Control", "opening_hours": "08:00-16:30"}, "geometry": {"type": "Point", "coordinates": [19.303707900000003, -28.7393973]}}, {"type": "Feature", "id": "node/995503633", "properties": {"osm_id": "node/995503633", "position_basis": "OSM node; entrance unverified", "barrier": "border_control", "country": "ZA", "name": "Nakop Border Control"}, "geometry": {"type": "Point", "coordinates": [20.0107465, -28.0918248]}}, {"type": "Feature", "id": "node/995506135", "properties": {"osm_id": "node/995506135", "position_basis": "OSM node; entrance unverified", "access": "yes", "barrier": "border_control", "bicycle": "yes", "country": "NA", "foot": "yes", "motorcar": "yes", "motorcycle": "yes", "name": "Klein Menasse Border Control", "opening_hours": "08:00-16:30"}, "geometry": {"type": "Point", "coordinates": [19.9986693, -26.7564825]}}, {"type": "Feature", "id": "node/995506138", "properties": {"osm_id": "node/995506138", "position_basis": "OSM node; entrance unverified", "access": "yes", "barrier": "border_control", "bicycle": "yes", "country": "ZA", "foot": "yes", "motorcar": "yes", "motorcycle": "yes", "name": "Rietfontein Border Control", "opening_hours": "08:00-16:30"}, "geometry": {"type": "Point", "coordinates": [20.0000766, -26.7562174]}}, {"type": "Feature", "id": "node/1030766484", "properties": {"osm_id": "node/1030766484", "position_basis": "OSM node; entrance unverified", "access": "permissive", "barrier": "border_control", "name": "Lebombo Border Control"}, "geometry": {"type": "Point", "coordinates": [31.985778800000002, -25.442519100000002]}}, {"type": "Feature", "id": "node/1070830204", "properties": {"osm_id": "node/1070830204", "position_basis": "OSM node; entrance unverified", "barrier": "border_control", "name": "Mahamba Border Control"}, "geometry": {"type": "Point", "coordinates": [31.069563900000002, -27.105362000000003]}}, {"type": "Feature", "id": "node/1070830655", "properties": {"osm_id": "node/1070830655", "position_basis": "OSM node; entrance unverified", "barrier": "border_control", "name": "Mahamba Border Control"}, "geometry": {"type": "Point", "coordinates": [31.06772, -27.1052642]}}, {"type": "Feature", "id": "node/1079112856", "properties": {"osm_id": "node/1079112856", "position_basis": "OSM node; entrance unverified", "barrier": "border_control", "name": "Qacha's Nek Border Control"}, "geometry": {"type": "Point", "coordinates": [28.6856046, -30.129417200000002]}}, {"type": "Feature", "id": "node/1263170421", "properties": {"osm_id": "node/1263170421", "position_basis": "OSM node; entrance unverified", "access": "permissive", "barrier": "border_control", "bicycle": "yes", "foot": "yes", "motorcar": "yes", "motorcycle": "yes", "name": "Zanzibar Border Post"}, "geometry": {"type": "Point", "coordinates": [28.4678548, -22.5735561]}}, {"type": "Feature", "id": "node/1263170513", "properties": {"osm_id": "node/1263170513", "position_basis": "OSM node; entrance unverified", "barrier": "border_control", "bicycle": "yes", "foot": "yes", "motorcar": "yes", "motorcycle": "yes", "name": "Zanzibar Border Post"}, "geometry": {"type": "Point", "coordinates": [28.471568100000002, -22.5684498]}}, {"type": "Feature", "id": "node/1263412975", "properties": {"osm_id": "node/1263412975", "position_basis": "OSM node; entrance unverified", "barrier": "border_control", "bicycle": "no", "foot": "no", "motorcar": "yes", "name": "Platjan Border Crossing"}, "geometry": {"type": "Point", "coordinates": [28.831549900000002, -22.4849448]}}, {"type": "Feature", "id": "node/1263413066", "properties": {"osm_id": "node/1263413066", "position_basis": "OSM node; entrance unverified", "access": "permissive", "barrier": "border_control", "bicycle": "no", "foot": "no", "motorcar": "yes", "name": "Platjan Border Crossing"}, "geometry": {"type": "Point", "coordinates": [28.8351644, -22.4864192]}}, {"type": "Feature", "id": "node/1286979579", "properties": {"osm_id": "node/1286979579", "position_basis": "OSM node; entrance unverified", "access": "customers", "barrier": "border_control", "bicycle": "no", "foot": "no", "horse": "no", "motorcar": "yes", "motorcycle": "no"}, "geometry": {"type": "Point", "coordinates": [20.6137815, -26.475309000000003]}}, {"type": "Feature", "id": "node/1315374769", "properties": {"osm_id": "node/1315374769", "position_basis": "OSM node; entrance unverified", "barrier": "border_control", "name": "Onverwacht Border Control"}, "geometry": {"type": "Point", "coordinates": [31.6438287, -27.3164583]}}, {"type": "Feature", "id": "node/1358061602", "properties": {"osm_id": "node/1358061602", "position_basis": "OSM node; entrance unverified", "barrier": "border_control", "name": "Sepapu's Gate Border Control"}, "geometry": {"type": "Point", "coordinates": [27.1987339, -29.94882]}}, {"type": "Feature", "id": "node/1366881979", "properties": {"osm_id": "node/1366881979", "position_basis": "OSM node; entrance unverified", "barrier": "border_control", "name": "Maputsoe Border Control"}, "geometry": {"type": "Point", "coordinates": [27.8925719, -28.8857296]}}, {"type": "Feature", "id": "node/1395168391", "properties": {"osm_id": "node/1395168391", "position_basis": "OSM node; entrance unverified", "barrier": "border_control", "name": "Makhaleng Bridge Border Control"}, "geometry": {"type": "Point", "coordinates": [27.3991802, -30.1629465]}}, {"type": "Feature", "id": "node/1408253167", "properties": {"osm_id": "node/1408253167", "position_basis": "OSM node; entrance unverified", "barrier": "border_control", "name": "Ramatlabama Border Control"}, "geometry": {"type": "Point", "coordinates": [25.573827, -25.6386682]}}, {"type": "Feature", "id": "node/1408960775", "properties": {"osm_id": "node/1408960775", "position_basis": "OSM node; entrance unverified", "barrier": "border_control", "name": "Telle Bridge Border Control"}, "geometry": {"type": "Point", "coordinates": [27.5682204, -30.432692900000003]}}, {"type": "Feature", "id": "node/1408960887", "properties": {"osm_id": "node/1408960887", "position_basis": "OSM node; entrance unverified", "barrier": "border_control", "name": "Telle Bridge Border Control"}, "geometry": {"type": "Point", "coordinates": [27.5660577, -30.4305352]}}, {"type": "Feature", "id": "node/1446852951", "properties": {"osm_id": "node/1446852951", "position_basis": "OSM node; entrance unverified", "access": "permissive", "barrier": "border_control", "name": "Pont Drift Border Control"}, "geometry": {"type": "Point", "coordinates": [29.139853600000002, -22.2169372]}}, {"type": "Feature", "id": "node/1455801733", "properties": {"osm_id": "node/1455801733", "position_basis": "OSM node; entrance unverified", "barrier": "border_control", "name": "Stockpoort Border Control"}, "geometry": {"type": "Point", "coordinates": [27.352710700000003, -23.4022274]}}, {"type": "Feature", "id": "node/1482539087", "properties": {"osm_id": "node/1482539087", "position_basis": "OSM node; entrance unverified", "barrier": "border_control", "bicycle": "no", "country": "NA", "foot": "no", "horse": "no", "motor_vehicle": "yes", "name": "Welverdiend Border Control"}, "geometry": {"type": "Point", "coordinates": [19.998822800000003, -25.768063100000003]}}, {"type": "Feature", "id": "node/1602721165", "properties": {"osm_id": "node/1602721165", "position_basis": "OSM node; entrance unverified", "access": "permissive", "barrier": "border_control", "bicycle": "yes", "foot": "yes", "motorcar": "yes", "motorcycle": "yes", "name": "Nerston Border Control"}, "geometry": {"type": "Point", "coordinates": [30.791089500000002, -26.5695589]}}, {"type": "Feature", "id": "node/1733597385", "properties": {"osm_id": "node/1733597385", "position_basis": "OSM node; entrance unverified", "barrier": "border_control", "name": "Bokspits Border Control"}, "geometry": {"type": "Point", "coordinates": [20.6905442, -26.901816500000002]}}, {"type": "Feature", "id": "node/1733597386", "properties": {"osm_id": "node/1733597386", "position_basis": "OSM node; entrance unverified", "access": "yes", "barrier": "border_control", "name": "Gemsbok Border Control"}, "geometry": {"type": "Point", "coordinates": [20.6907667, -26.905161900000003]}}, {"type": "Feature", "id": "node/1733597387", "properties": {"osm_id": "node/1733597387", "position_basis": "OSM node; entrance unverified", "barrier": "border_control", "name": "Makopong Border Control"}, "geometry": {"type": "Point", "coordinates": [22.978119000000003, -25.365302600000003]}}, {"type": "Feature", "id": "node/1733597388", "properties": {"osm_id": "node/1733597388", "position_basis": "OSM node; entrance unverified", "barrier": "border_control", "name": "Makopong Border Control"}, "geometry": {"type": "Point", "coordinates": [22.972599900000002, -25.365319500000002]}}, {"type": "Feature", "id": "node/1733597389", "properties": {"osm_id": "node/1733597389", "position_basis": "OSM node; entrance unverified", "barrier": "border_control", "name": "McCarthy's Rest Border Control"}, "geometry": {"type": "Point", "coordinates": [22.567318500000003, -26.1969351]}}, {"type": "Feature", "id": "node/1733597390", "properties": {"osm_id": "node/1733597390", "position_basis": "OSM node; entrance unverified", "barrier": "border_control", "name": "Middlepits Border Control"}, "geometry": {"type": "Point", "coordinates": [21.8860616, -26.6660006]}}, {"type": "Feature", "id": "node/1733597391", "properties": {"osm_id": "node/1733597391", "position_basis": "OSM node; entrance unverified", "barrier": "border_control", "name": "Middelputs Border Control"}, "geometry": {"type": "Point", "coordinates": [21.884744400000002, -26.6754865]}}, {"type": "Feature", "id": "node/1733598062", "properties": {"osm_id": "node/1733598062", "position_basis": "OSM node; entrance unverified", "barrier": "border_control", "name": "Bray Border Control"}, "geometry": {"type": "Point", "coordinates": [23.7128289, -25.455563]}}, {"type": "Feature", "id": "node/1733598063", "properties": {"osm_id": "node/1733598063", "position_basis": "OSM node; entrance unverified", "barrier": "border_control", "name": "Bray Border Control"}, "geometry": {"type": "Point", "coordinates": [23.714666700000002, -25.457110200000002]}}, {"type": "Feature", "id": "node/1733604562", "properties": {"osm_id": "node/1733604562", "position_basis": "OSM node; entrance unverified", "access": "permissive", "barrier": "border_control", "name": "Makgobistadt Border Control"}, "geometry": {"type": "Point", "coordinates": [25.107706800000003, -25.749918800000003]}}, {"type": "Feature", "id": "node/1733604567", "properties": {"osm_id": "node/1733604567", "position_basis": "OSM node; entrance unverified", "barrier": "border_control", "name": "Pitsane Molopo Border Control"}, "geometry": {"type": "Point", "coordinates": [25.1069177, -25.747663900000003]}}, {"type": "Feature", "id": "node/1733604574", "properties": {"osm_id": "node/1733604574", "position_basis": "OSM node; entrance unverified", "access": "permissive", "barrier": "border_control", "name": "Ramatlabama Border Control"}, "geometry": {"type": "Point", "coordinates": [25.5754574, -25.6488589]}}, {"type": "Feature", "id": "node/1733619416", "properties": {"osm_id": "node/1733619416", "position_basis": "OSM node; entrance unverified", "barrier": "border_control", "motor_vehicle": "yes", "name": "Kopfontein Border Control"}, "geometry": {"type": "Point", "coordinates": [26.094640300000002, -24.707159]}}, {"type": "Feature", "id": "node/1733619417", "properties": {"osm_id": "node/1733619417", "position_basis": "OSM node; entrance unverified", "barrier": "border_control", "name": "Parr's Halt Border Control"}, "geometry": {"type": "Point", "coordinates": [27.3597436, -23.4038301]}}, {"type": "Feature", "id": "node/1733619418", "properties": {"osm_id": "node/1733619418", "position_basis": "OSM node; entrance unverified", "barrier": "border_control", "name": "Ramotswa Border Control"}, "geometry": {"type": "Point", "coordinates": [25.8806531, -24.871271500000002]}}, {"type": "Feature", "id": "node/1733619419", "properties": {"osm_id": "node/1733619419", "position_basis": "OSM node; entrance unverified", "barrier": "border_control", "motor_vehicle": "yes", "name": "Swartkopfontein Border Control"}, "geometry": {"type": "Point", "coordinates": [25.886321900000002, -24.8740428]}}, {"type": "Feature", "id": "node/1733619420", "properties": {"osm_id": "node/1733619420", "position_basis": "OSM node; entrance unverified", "barrier": "border_control", "name": "Tlokweng Border Control"}, "geometry": {"type": "Point", "coordinates": [26.0922483, -24.7051754]}}, {"type": "Feature", "id": "node/1733623108", "properties": {"osm_id": "node/1733623108", "position_basis": "OSM node; entrance unverified", "barrier": "border_control", "name": "Pont Drift Border Control"}, "geometry": {"type": "Point", "coordinates": [29.1392512, -22.2144075]}}, {"type": "Feature", "id": "node/1733624400", "properties": {"osm_id": "node/1733624400", "position_basis": "OSM node; entrance unverified", "barrier": "border_control", "name": "Beit Bridge Border Control"}, "geometry": {"type": "Point", "coordinates": [29.984598300000002, -22.2145705]}}, {"type": "Feature", "id": "node/1733624401", "properties": {"osm_id": "node/1733624401", "position_basis": "OSM node; entrance unverified", "barrier": "border_control", "description": "Due to the massive corruption at the Beitbridge Border Post, tourists are strongly advised to avoid this port of entry into Zimbabwe by all means. Free-roaming officers and self-declared officials should be considered as a source of significant trouble.", "name": "Beit Bridge Border Control"}, "geometry": {"type": "Point", "coordinates": [29.985777100000004, -22.2205869]}}, {"type": "Feature", "id": "node/1733624402", "properties": {"osm_id": "node/1733624402", "position_basis": "OSM node; entrance unverified", "access": "permissive", "barrier": "border_control", "name": "Beit Bridge Border Control"}, "geometry": {"type": "Point", "coordinates": [29.9856534, -22.228879300000003]}}, {"type": "Feature", "id": "node/1733626472", "properties": {"osm_id": "node/1733626472", "position_basis": "OSM node; entrance unverified", "barrier": "border_control", "motorcar": "yes", "name": "Giriyondo Border Post", "place": "locality"}, "geometry": {"type": "Point", "coordinates": [31.6601132, -23.5838348]}}, {"type": "Feature", "id": "node/1733626474", "properties": {"osm_id": "node/1733626474", "position_basis": "OSM node; entrance unverified", "barrier": "border_control", "name": "Kosi Bay Border Control"}, "geometry": {"type": "Point", "coordinates": [32.8293989, -26.864367100000003]}}, {"type": "Feature", "id": "node/1733627822", "properties": {"osm_id": "node/1733627822", "position_basis": "OSM node; entrance unverified", "barrier": "border_control", "name": "Lundzi Border Control"}, "geometry": {"type": "Point", "coordinates": [30.8892798, -26.327682900000003]}}, {"type": "Feature", "id": "node/1733627825", "properties": {"osm_id": "node/1733627825", "position_basis": "OSM node; entrance unverified", "barrier": "border_control", "description": "7:00-18:00", "name": "Mananga Border Control"}, "geometry": {"type": "Point", "coordinates": [31.761572700000002, -25.934028100000003]}}, {"type": "Feature", "id": "node/1733627826", "properties": {"osm_id": "node/1733627826", "position_basis": "OSM node; entrance unverified", "barrier": "border_control", "bicycle": "yes", "foot": "yes", "motorcar": "yes", "motorcycle": "yes", "name": "Matsamo Border Control"}, "geometry": {"type": "Point", "coordinates": [31.4658738, -25.750662900000002]}}, {"type": "Feature", "id": "node/1733627830", "properties": {"osm_id": "node/1733627830", "position_basis": "OSM node; entrance unverified", "barrier": "border_control", "bicycle": "yes", "foot": "yes", "motorcar": "yes", "motorcycle": "yes", "name": "Sandlane Border Control"}, "geometry": {"type": "Point", "coordinates": [30.792154300000004, -26.5696538]}}, {"type": "Feature", "id": "node/1733627833", "properties": {"osm_id": "node/1733627833", "position_basis": "OSM node; entrance unverified", "access": "permissive", "barrier": "border_control", "name": "Waverley Border Control"}, "geometry": {"type": "Point", "coordinates": [30.8856889, -26.3263426]}}, {"type": "Feature", "id": "node/1733637367", "properties": {"osm_id": "node/1733637367", "position_basis": "OSM node; entrance unverified", "access": "permissive", "barrier": "border_control", "name": "Emahlatini Border Control"}, "geometry": {"type": "Point", "coordinates": [30.907687300000003, -26.861500500000002]}}, {"type": "Feature", "id": "node/1733637372", "properties": {"osm_id": "node/1733637372", "position_basis": "OSM node; entrance unverified", "alt_name": "Nsalitshe Border Control", "barrier": "border_control", "name": "Salitje Border Control"}, "geometry": {"type": "Point", "coordinates": [31.6438136, -27.3158226]}}, {"type": "Feature", "id": "node/1733661512", "properties": {"osm_id": "node/1733661512", "position_basis": "OSM node; entrance unverified", "barrier": "border_control", "name": "Ficksburg Bridge Border Control"}, "geometry": {"type": "Point", "coordinates": [27.888390400000002, -28.882482300000003]}}, {"type": "Feature", "id": "node/1733661513", "properties": {"osm_id": "node/1733661513", "position_basis": "OSM node; entrance unverified", "barrier": "border_control", "name": "Makhaleng Bridge Border Control"}, "geometry": {"type": "Point", "coordinates": [27.400273600000002, -30.165164500000003]}}, {"type": "Feature", "id": "node/1733661514", "properties": {"osm_id": "node/1733661514", "position_basis": "OSM node; entrance unverified", "access": "permissive", "barrier": "border_control", "name": "Monantsa Pass Border Control"}, "geometry": {"type": "Point", "coordinates": [28.6989397, -28.5822977]}}, {"type": "Feature", "id": "node/1733661515", "properties": {"osm_id": "node/1733661515", "position_basis": "OSM node; entrance unverified", "barrier": "border_control", "name": "Peka Bridge Border Control"}, "geometry": {"type": "Point", "coordinates": [27.7340915, -28.9439548]}}, {"type": "Feature", "id": "node/1733661517", "properties": {"osm_id": "node/1733661517", "position_basis": "OSM node; entrance unverified", "barrier": "border_control", "name": "Sepapu's Gate Border Control"}, "geometry": {"type": "Point", "coordinates": [27.199702300000002, -29.947495900000003]}}, {"type": "Feature", "id": "node/1733686396", "properties": {"osm_id": "node/1733686396", "position_basis": "OSM node; entrance unverified", "barrier": "border_control", "name": "Bushman's Nek Border Control"}, "geometry": {"type": "Point", "coordinates": [29.211469100000002, -29.8439818]}}, {"type": "Feature", "id": "node/1733689991", "properties": {"osm_id": "node/1733689991", "position_basis": "OSM node; entrance unverified", "barrier": "border_control", "name": "Ongeluksnek Border Control"}, "geometry": {"type": "Point", "coordinates": [28.3113692, -30.3429502]}}, {"type": "Feature", "id": "node/1733689992", "properties": {"osm_id": "node/1733689992", "position_basis": "OSM node; entrance unverified", "barrier": "border_control", "name": "Qacha's Nek Border Control"}, "geometry": {"type": "Point", "coordinates": [28.683983, -30.1323356]}}, {"type": "Feature", "id": "node/1733689993", "properties": {"osm_id": "node/1733689993", "position_basis": "OSM node; entrance unverified", "barrier": "border_control", "name": "Ramatseliso's Gate Border Control"}, "geometry": {"type": "Point", "coordinates": [28.9337121, -30.050009300000003]}}, {"type": "Feature", "id": "node/1733689994", "properties": {"osm_id": "node/1733689994", "position_basis": "OSM node; entrance unverified", "barrier": "border_control", "name": "Ramatseliso's Gate Border Control"}, "geometry": {"type": "Point", "coordinates": [28.9330791, -30.050621500000002]}}, {"type": "Feature", "id": "node/1773767657", "properties": {"osm_id": "node/1773767657", "position_basis": "OSM node; entrance unverified", "barrier": "border_control", "name": "Ramatlabama Border Control"}, "geometry": {"type": "Point", "coordinates": [25.574092500000003, -25.6386833]}}, {"type": "Feature", "id": "node/1773767658", "properties": {"osm_id": "node/1773767658", "position_basis": "OSM node; entrance unverified", "access": "permissive", "barrier": "border_control", "name": "Ramatlabama Border Control"}, "geometry": {"type": "Point", "coordinates": [25.575730500000002, -25.6488546]}}, {"type": "Feature", "id": "node/1773949794", "properties": {"osm_id": "node/1773949794", "position_basis": "OSM node; entrance unverified", "addr:country": "BW", "barrier": "border_control", "name": "Pioneer Gate Border Control"}, "geometry": {"type": "Point", "coordinates": [25.713387400000002, -25.274998]}}, {"type": "Feature", "id": "node/1773949795", "properties": {"osm_id": "node/1773949795", "position_basis": "OSM node; entrance unverified", "addr:country": "BW", "barrier": "border_control", "name": "Pioneer Gate Border Control"}, "geometry": {"type": "Point", "coordinates": [25.7132371, -25.2749618]}}, {"type": "Feature", "id": "node/1774327510", "properties": {"osm_id": "node/1774327510", "position_basis": "OSM node; entrance unverified", "barrier": "border_control", "bicycle": "yes", "foot": "yes", "motorcar": "yes", "motorcycle": "yes", "name": "Maseru Bridge Border Control"}, "geometry": {"type": "Point", "coordinates": [27.4523669, -29.297492700000003]}}, {"type": "Feature", "id": "node/1774327512", "properties": {"osm_id": "node/1774327512", "position_basis": "OSM node; entrance unverified", "barrier": "border_control", "bicycle": "yes", "foot": "yes", "motorcar": "yes", "motorcycle": "yes", "name": "Maseru Bridge Border Control"}, "geometry": {"type": "Point", "coordinates": [27.4557833, -29.299209800000003]}}, {"type": "Feature", "id": "node/1834179914", "properties": {"osm_id": "node/1834179914", "position_basis": "OSM node; entrance unverified", "barrier": "border_control", "country": "ZA", "name": "Mata-Mata Border Control"}, "geometry": {"type": "Point", "coordinates": [19.999716000000003, -25.767362300000002]}}, {"type": "Feature", "id": "node/2012560171", "properties": {"osm_id": "node/2012560171", "position_basis": "OSM node; entrance unverified", "barrier": "border_control", "country": "NA"}, "geometry": {"type": "Point", "coordinates": [19.997198700000002, -27.2364332]}}, {"type": "Feature", "id": "node/2012560176", "properties": {"osm_id": "node/2012560176", "position_basis": "OSM node; entrance unverified", "access": "yes", "barrier": "border_control", "country": "ZA"}, "geometry": {"type": "Point", "coordinates": [19.9994826, -27.237211100000003]}}, {"type": "Feature", "id": "node/2052661968", "properties": {"osm_id": "node/2052661968", "position_basis": "OSM node; entrance unverified", "barrier": "border_control", "country": "ZA", "motor_vehicle": "yes", "name": "Alexander Bay Border Control"}, "geometry": {"type": "Point", "coordinates": [16.5057696, -28.5683933]}}, {"type": "Feature", "id": "node/2052755294", "properties": {"osm_id": "node/2052755294", "position_basis": "OSM node; entrance unverified", "barrier": "border_control", "country": "ZA", "name": "Nakop Border Control"}, "geometry": {"type": "Point", "coordinates": [20.0111208, -28.091166800000003]}}, {"type": "Feature", "id": "node/2268006226", "properties": {"osm_id": "node/2268006226", "position_basis": "OSM node; entrance unverified", "exit_to": "Secunda;Delmas", "highway": "motorway_junction", "name": "R580 Secunda", "ref": "232"}, "geometry": {"type": "Point", "coordinates": [29.151988300000003, -26.4554192]}}, {"type": "Feature", "id": "node/2334708664", "properties": {"osm_id": "node/2334708664", "position_basis": "OSM node; entrance unverified", "barrier": "border_control", "bicycle": "no", "foot": "no", "horse": "no", "motorcar": "yes", "motorcycle": "no", "name": "Kgalagadi Transfrontier Park - Two Rivers - Entrance - Botswana"}, "geometry": {"type": "Point", "coordinates": [20.614301, -26.475431800000003]}}, {"type": "Feature", "id": "node/2503032108", "properties": {"osm_id": "node/2503032108", "position_basis": "OSM node; entrance unverified", "barrier": "border_control", "disused": "yes", "name": "Ngoangoana Border Control"}, "geometry": {"type": "Point", "coordinates": [29.152711300000004, -29.885093500000004]}}, {"type": "Feature", "id": "node/3014389500", "properties": {"osm_id": "node/3014389500", "position_basis": "OSM node; entrance unverified", "language": "Afrikaans", "name": "Secunda primary school"}, "geometry": {"type": "Point", "coordinates": [29.1942002, -26.5091462]}}, {"type": "Feature", "id": "node/3407584496", "properties": {"osm_id": "node/3407584496", "position_basis": "OSM node; entrance unverified", "exit_to": "Secunda;Delmas", "highway": "motorway_junction", "name": "R580 Secunda", "ref": "231"}, "geometry": {"type": "Point", "coordinates": [29.148839400000004, -26.452393500000003]}}, {"type": "Feature", "id": "node/3464227583", "properties": {"osm_id": "node/3464227583", "position_basis": "OSM node; entrance unverified", "addr:country": "ZA", "barrier": "border_control", "description": "7:00-22:00", "name": "Golela Border Control"}, "geometry": {"type": "Point", "coordinates": [31.887763500000002, -27.3172524]}}, {"type": "Feature", "id": "node/3464227584", "properties": {"osm_id": "node/3464227584", "position_basis": "OSM node; entrance unverified", "addr:country": "ZA", "barrier": "border_control", "description": "7:00-22:00", "name": "Golela Border Control"}, "geometry": {"type": "Point", "coordinates": [31.890014400000002, -27.317865400000002]}}, {"type": "Feature", "id": "node/3464227585", "properties": {"osm_id": "node/3464227585", "position_basis": "OSM node; entrance unverified", "addr:country": "ZA", "barrier": "border_control", "description": "7:00-22:00", "name": "Golela Border Control"}, "geometry": {"type": "Point", "coordinates": [31.889413, -27.3178425]}}, {"type": "Feature", "id": "node/3464227586", "properties": {"osm_id": "node/3464227586", "position_basis": "OSM node; entrance unverified", "addr:country": "ZA", "barrier": "border_control", "description": "7:00-22:00", "name": "Golela Border Control"}, "geometry": {"type": "Point", "coordinates": [31.888086, -27.3179732]}}, {"type": "Feature", "id": "node/3876768170", "properties": {"osm_id": "node/3876768170", "position_basis": "OSM node; entrance unverified", "barrier": "border_control", "name": "Middlepits Border Control"}, "geometry": {"type": "Point", "coordinates": [21.886858500000002, -26.666234300000003]}}, {"type": "Feature", "id": "node/3963300657", "properties": {"osm_id": "node/3963300657", "position_basis": "OSM node; entrance unverified", "barrier": "border_control", "country": "ZA", "name": "Vioolsdrif"}, "geometry": {"type": "Point", "coordinates": [17.6244504, -28.7686558]}}, {"type": "Feature", "id": "node/3963300658", "properties": {"osm_id": "node/3963300658", "position_basis": "OSM node; entrance unverified", "barrier": "border_control", "country": "ZA", "name": "Vioolsdrif"}, "geometry": {"type": "Point", "coordinates": [17.6259811, -28.770514100000003]}}, {"type": "Feature", "id": "node/4013427486", "properties": {"osm_id": "node/4013427486", "position_basis": "OSM node; entrance unverified", "barrier": "border_control", "bicycle": "yes", "foot": "yes", "horse": "yes", "motorcar": "yes", "motorcycle": "yes", "name": "Caledonspoort Border Control"}, "geometry": {"type": "Point", "coordinates": [28.2349153, -28.693422100000003]}}, {"type": "Feature", "id": "node/4277441400", "properties": {"osm_id": "node/4277441400", "position_basis": "OSM node; entrance unverified", "name": "Secunda Fire departement"}, "geometry": {"type": "Point", "coordinates": [29.1894102, -26.5007117]}}, {"type": "Feature", "id": "node/4277441401", "properties": {"osm_id": "node/4277441401", "position_basis": "OSM node; entrance unverified", "name": "Mica Secunda"}, "geometry": {"type": "Point", "coordinates": [29.188501300000002, -26.501152100000002]}}, {"type": "Feature", "id": "node/4277441404", "properties": {"osm_id": "node/4277441404", "position_basis": "OSM node; entrance unverified", "name": "Secunda SAPS"}, "geometry": {"type": "Point", "coordinates": [29.186139200000003, -26.501789400000003]}}, {"type": "Feature", "id": "node/4277441405", "properties": {"osm_id": "node/4277441405", "position_basis": "OSM node; entrance unverified", "building": "yes", "name": "Secunda Library"}, "geometry": {"type": "Point", "coordinates": [29.1848655, -26.5039136]}}, {"type": "Feature", "id": "node/4277441414", "properties": {"osm_id": "node/4277441414", "position_basis": "OSM node; entrance unverified", "amenity": "place_of_worship", "denomination": "pentecostal", "name": "PPK Secunda", "religion": "christian"}, "geometry": {"type": "Point", "coordinates": [29.2050264, -26.502109500000003]}}, {"type": "Feature", "id": "node/4277441415", "properties": {"osm_id": "node/4277441415", "position_basis": "OSM node; entrance unverified", "name": "CTM Secunda"}, "geometry": {"type": "Point", "coordinates": [29.185643600000002, -26.497744800000003]}}, {"type": "Feature", "id": "node/4277441422", "properties": {"osm_id": "node/4277441422", "position_basis": "OSM node; entrance unverified", "addr:city": "Secunda", "addr:housenumber": "2", "addr:postcode": "2302", "addr:street": "Sandveld Street", "amenity": "place_of_worship", "denomination": "baptist", "name": "Secunda Filadelfia Congregation", "religion": "christian"}, "geometry": {"type": "Point", "coordinates": [29.173300400000002, -26.509225700000002]}}, {"type": "Feature", "id": "node/4277441425", "properties": {"osm_id": "node/4277441425", "position_basis": "OSM node; entrance unverified", "amenity": "place_of_worship", "denomination": "baptist", "name": "Secunda Baptest Church", "religion": "christian"}, "geometry": {"type": "Point", "coordinates": [29.207784500000002, -26.5204586]}}, {"type": "Feature", "id": "node/4689592266", "properties": {"osm_id": "node/4689592266", "position_basis": "OSM node; entrance unverified", "barrier": "border_control"}, "geometry": {"type": "Point", "coordinates": [26.093435300000003, -24.7045658]}}, {"type": "Feature", "id": "node/4689592278", "properties": {"osm_id": "node/4689592278", "position_basis": "OSM node; entrance unverified", "barrier": "border_control"}, "geometry": {"type": "Point", "coordinates": [26.092335600000002, -24.704638300000003]}}, {"type": "Feature", "id": "node/4874049904", "properties": {"osm_id": "node/4874049904", "position_basis": "OSM node; entrance unverified", "barrier": "border_control", "name": "Oranjemund"}, "geometry": {"type": "Point", "coordinates": [16.5006382, -28.5585635]}}, {"type": "Feature", "id": "node/4874049905", "properties": {"osm_id": "node/4874049905", "position_basis": "OSM node; entrance unverified", "barrier": "border_control", "name": "Oranjemund"}, "geometry": {"type": "Point", "coordinates": [16.5006829, -28.5587167]}}, {"type": "Feature", "id": "node/6880382281", "properties": {"osm_id": "node/6880382281", "position_basis": "OSM node; entrance unverified", "barrier": "border_control", "name": "Ficksburg Bridge Border Control"}, "geometry": {"type": "Point", "coordinates": [27.888246700000003, -28.882557100000003]}}, {"type": "Feature", "id": "node/6884098639", "properties": {"osm_id": "node/6884098639", "position_basis": "OSM node; entrance unverified", "barrier": "border_control", "description": "7:00-18:00", "name": "Mananga Border Control"}, "geometry": {"type": "Point", "coordinates": [31.761841, -25.934182200000002]}}, {"type": "Feature", "id": "node/6884141216", "properties": {"osm_id": "node/6884141216", "position_basis": "OSM node; entrance unverified", "access": "permissive", "barrier": "border_control", "bicycle": "yes", "foot": "yes", "motorcar": "yes", "motorcycle": "yes", "name": "Nerston Border Control"}, "geometry": {"type": "Point", "coordinates": [30.7910822, -26.5696322]}}, {"type": "Feature", "id": "node/7058243417", "properties": {"osm_id": "node/7058243417", "position_basis": "OSM node; entrance unverified", "name": "Secunda Steamers", "tourism": "attraction"}, "geometry": {"type": "Point", "coordinates": [29.209281800000003, -26.516488900000002]}}, {"type": "Feature", "id": "node/7205211490", "properties": {"osm_id": "node/7205211490", "position_basis": "OSM node; entrance unverified", "ele": "1615", "man_made": "survey_point", "name": "SECUNDA 5", "ref": "2629-498", "source": "ngi"}, "geometry": {"type": "Point", "coordinates": [29.1710159, -26.5315711]}}, {"type": "Feature", "id": "node/7205211491", "properties": {"osm_id": "node/7205211491", "position_basis": "OSM node; entrance unverified", "ele": "1607.2", "man_made": "survey_point", "name": "SECUNDA 6", "ref": "2629-497", "source": "ngi"}, "geometry": {"type": "Point", "coordinates": [29.212033100000003, -26.537058400000003]}}, {"type": "Feature", "id": "node/7205211492", "properties": {"osm_id": "node/7205211492", "position_basis": "OSM node; entrance unverified", "description": "1M PLAT", "ele": "1632.2", "man_made": "survey_point", "name": "SECUNDA 4", "ref": "2629-496", "source": "ngi"}, "geometry": {"type": "Point", "coordinates": [29.204043300000002, -26.5260581]}}, {"type": "Feature", "id": "node/7205211493", "properties": {"osm_id": "node/7205211493", "position_basis": "OSM node; entrance unverified", "ele": "1640.8", "man_made": "survey_point", "name": "SECUNDA 3", "ref": "2629-495", "source": "ngi"}, "geometry": {"type": "Point", "coordinates": [29.223637800000002, -26.523569300000002]}}, {"type": "Feature", "id": "node/7205211494", "properties": {"osm_id": "node/7205211494", "position_basis": "OSM node; entrance unverified", "description": "1M PLAT", "ele": "1629.3", "man_made": "survey_point", "name": "SECUNDA 2", "ref": "2629-494", "source": "ngi"}, "geometry": {"type": "Point", "coordinates": [29.1835069, -26.502782600000003]}}, {"type": "Feature", "id": "node/7205211495", "properties": {"osm_id": "node/7205211495", "position_basis": "OSM node; entrance unverified", "description": "2M PLAT", "ele": "1644.1", "man_made": "survey_point", "name": "SECUNDA 1", "ref": "2629-493", "source": "ngi"}, "geometry": {"type": "Point", "coordinates": [29.195169200000002, -26.500253700000002]}}, {"type": "Feature", "id": "node/11055016230", "properties": {"osm_id": "node/11055016230", "position_basis": "OSM node; entrance unverified", "access": "permit", "barrier": "border_control", "bicycle": "yes", "foot": "yes", "horse": "yes", "motor_vehicle": "yes", "opening_hours": "Mo-Su 16:00-18:00"}, "geometry": {"type": "Point", "coordinates": [29.3390881, -29.603034500000003]}}, {"type": "Feature", "id": "node/12336645130", "properties": {"osm_id": "node/12336645130", "position_basis": "OSM node; entrance unverified", "addr:city": "Secunda", "addr:postcode": "2302", "addr:street": "Nelson Mandela Drive", "amenity": "place_of_worship", "baby_feeding": "room", "denomination": "evangelical", "name": "Shofar Secunda", "religion": "christian", "service_times": "Su 09:00", "source": "local knowledge", "website": "https://shofaronline.org/church/secunda/"}, "geometry": {"type": "Point", "coordinates": [29.191890200000003, -26.522505000000002]}}, {"type": "Feature", "id": "way/59934494", "properties": {"osm_id": "way/59934494", "position_basis": "vertex mean of OSM way; not an entrance", "building": "dormitory", "name": "Secunda", "operator": "Paul Roos Gymnasium"}, "geometry": {"type": "Point", "coordinates": [18.863482329411767, -33.94113099411765]}}, {"type": "Feature", "id": "way/65600954", "properties": {"osm_id": "way/65600954", "position_basis": "vertex mean of OSM way; not an entrance", "landuse": "residential", "name": "Secunda"}, "geometry": {"type": "Point", "coordinates": [29.197898361146496, -26.510249169426757]}}, {"type": "Feature", "id": "way/163005898", "properties": {"osm_id": "way/163005898", "position_basis": "vertex mean of OSM way; not an entrance", "aeroway": "aerodrome", "iata": "ZEC", "icao": "FASC", "ifr": "no", "licensed:sacaa": "yes", "name": "Secunda Airport", "source": "bing", "source:name": "ourairports.com", "wikidata": "Q20456109"}, "geometry": {"type": "Point", "coordinates": [29.17333047777778, -26.523072555555558]}}, {"type": "Feature", "id": "way/295697511", "properties": {"osm_id": "way/295697511", "position_basis": "vertex mean of OSM way; not an entrance", "highway": "secondary", "name": "Secunda Road", "oneway": "yes", "surface": "asphalt"}, "geometry": {"type": "Point", "coordinates": [29.218173192000005, -26.491683048]}}, {"type": "Feature", "id": "way/338354362", "properties": {"osm_id": "way/338354362", "position_basis": "vertex mean of OSM way; not an entrance", "addr:city": "Secunda", "addr:housenumber": "1", "addr:postcode": "2302", "addr:province": "Mpumalanga", "addr:street": "Heunis Street", "amenity": "hospital", "building": "yes", "emergency": "yes", "healthcare": "hospital", "healthcare:speciality": "maternity;general;emergency", "name": "Medforum Building Secunda", "operator": "Mediclinic", "operator:type": "private", "operator:wikidata": "Q1916123"}, "geometry": {"type": "Point", "coordinates": [29.182389, -26.507429039999998]}}, {"type": "Feature", "id": "way/338354363", "properties": {"osm_id": "way/338354363", "position_basis": "vertex mean of OSM way; not an entrance", "addr:city": "Secunda", "addr:postcode": "2302", "addr:street": "Heunis Street", "building": "commercial", "name": "Secunda China Mall"}, "geometry": {"type": "Point", "coordinates": [29.180581822222223, -26.506637022222222]}}, {"type": "Feature", "id": "way/352958586", "properties": {"osm_id": "way/352958586", "position_basis": "vertex mean of OSM way; not an entrance", "industrial": "refinery", "landuse": "industrial", "name": "Natref", "operator": "Total;Natref"}, "geometry": {"type": "Point", "coordinates": [27.853277350000003, -26.805442125000003]}}, {"type": "Feature", "id": "way/403299021", "properties": {"osm_id": "way/403299021", "position_basis": "vertex mean of OSM way; not an entrance", "building": "yes", "name": "Secunda Mall", "shop": "mall"}, "geometry": {"type": "Point", "coordinates": [29.182687754054054, -26.51097404864865]}}, {"type": "Feature", "id": "way/408846130", "properties": {"osm_id": "way/408846130", "position_basis": "vertex mean of OSM way; not an entrance", "amenity": "post_office", "building": "yes", "name": "Secunda Post Office"}, "geometry": {"type": "Point", "coordinates": [29.18370886923077, -26.504329592307695]}}, {"type": "Feature", "id": "way/428657504", "properties": {"osm_id": "way/428657504", "position_basis": "vertex mean of OSM way; not an entrance", "landuse": "cemetery", "name": "Secunda Semetery", "name:af": "Secunda Begraafplaas", "name:en": "Secunda Cemetery"}, "geometry": {"type": "Point", "coordinates": [29.16651360666667, -26.520704206666668]}}, {"type": "Feature", "id": "way/428787221", "properties": {"osm_id": "way/428787221", "position_basis": "vertex mean of OSM way; not an entrance", "leisure": "stadium", "name": "Secunda Stadion"}, "geometry": {"type": "Point", "coordinates": [29.179190753333334, -26.512005273333333]}}, {"type": "Feature", "id": "way/428787242", "properties": {"osm_id": "way/428787242", "position_basis": "vertex mean of OSM way; not an entrance", "amenity": "place_of_worship", "building": "yes", "denomination": "seventh_day_adventist", "name": "Secunda Seventh Day Adventist", "religion": "christian"}, "geometry": {"type": "Point", "coordinates": [29.204239225000002, -26.5104078875]}}, {"type": "Feature", "id": "way/428797811", "properties": {"osm_id": "way/428797811", "position_basis": "vertex mean of OSM way; not an entrance", "addr:city": "Secunda", "addr:housenumber": "1", "addr:postcode": "2302", "addr:street": "Moor Street", "building": "yes", "name": "Veggie King Secunda", "opening_hours": "Mo-Su 08:00-22:00", "payment:cards": "yes", "payment:credit_cards": "yes", "payment:debit_cards": "yes", "payment:mastercard": "yes", "payment:nfc": "yes", "shop": "supermarket"}, "geometry": {"type": "Point", "coordinates": [29.19743103, -26.49479477]}}, {"type": "Feature", "id": "way/429369470", "properties": {"osm_id": "way/429369470", "position_basis": "vertex mean of OSM way; not an entrance", "bridge": "yes", "electrified": "no", "gauge": "127;184.15", "image": "https://www.flickr.com/photos/alfav8/40869359890/in/photostream/", "layer": "1", "name": "Secunda Steamers", "railway": "narrow_gauge"}, "geometry": {"type": "Point", "coordinates": [29.209031450000005, -26.515802400000002]}}, {"type": "Feature", "id": "way/429369486", "properties": {"osm_id": "way/429369486", "position_basis": "vertex mean of OSM way; not an entrance", "electrified": "no", "gauge": "127;184.15", "image": "https://www.flickr.com/photos/alfav8/40869359890/in/photostream/", "name": "Secunda Steamers", "railway": "narrow_gauge"}, "geometry": {"type": "Point", "coordinates": [29.20782837727273, -26.517530104545457]}}, {"type": "Feature", "id": "way/429369487", "properties": {"osm_id": "way/429369487", "position_basis": "vertex mean of OSM way; not an entrance", "bridge": "yes", "electrified": "no", "gauge": "127;184.15", "image": "https://www.flickr.com/photos/alfav8/40869359890/in/photostream/", "layer": "1", "name": "Secunda Steamers", "railway": "narrow_gauge"}, "geometry": {"type": "Point", "coordinates": [29.2072425, -26.517362000000002]}}, {"type": "Feature", "id": "way/429369489", "properties": {"osm_id": "way/429369489", "position_basis": "vertex mean of OSM way; not an entrance", "electrified": "no", "gauge": "127;184.15", "image": "https://www.flickr.com/photos/alfav8/40869359890/in/photostream/", "name": "Secunda Steamers", "railway": "narrow_gauge"}, "geometry": {"type": "Point", "coordinates": [29.207673121428574, -26.51660484285714]}}, {"type": "Feature", "id": "way/429369490", "properties": {"osm_id": "way/429369490", "position_basis": "vertex mean of OSM way; not an entrance", "bridge": "yes", "electrified": "no", "gauge": "127;184.15", "image": "https://www.flickr.com/photos/alfav8/40869359890/in/photostream/", "layer": "1", "name": "Secunda Steamers", "railway": "narrow_gauge"}, "geometry": {"type": "Point", "coordinates": [29.207983400000003, -26.5158194]}}, {"type": "Feature", "id": "way/429369491", "properties": {"osm_id": "way/429369491", "position_basis": "vertex mean of OSM way; not an entrance", "electrified": "no", "gauge": "127;184.15", "image": "https://www.flickr.com/photos/alfav8/40869359890/in/photostream/", "name": "Secunda Steamers", "railway": "narrow_gauge"}, "geometry": {"type": "Point", "coordinates": [29.208560935714285, -26.51549880714286]}}, {"type": "Feature", "id": "way/429376441", "properties": {"osm_id": "way/429376441", "position_basis": "vertex mean of OSM way; not an entrance", "location": "outdoor", "name": "Secunda Main Substation", "power": "substation", "substation": "distribution", "voltage": "132000"}, "geometry": {"type": "Point", "coordinates": [29.216210840000002, -26.494923019999998]}}, {"type": "Feature", "id": "way/500054490", "properties": {"osm_id": "way/500054490", "position_basis": "vertex mean of OSM way; not an entrance", "area": "yes", "name": "Secunda Primary school"}, "geometry": {"type": "Point", "coordinates": [29.194161180000002, -26.50914728]}}, {"type": "Feature", "id": "way/590594740", "properties": {"osm_id": "way/590594740", "position_basis": "vertex mean of OSM way; not an entrance", "name": "Sasol Secunda Dam 10B", "natural": "water", "operator": "Sasol", "source": "Bing arial Image 23-05-18", "start_date": "2011", "water": "reservoir"}, "geometry": {"type": "Point", "coordinates": [29.127020164999998, -26.530373450000003]}}, {"type": "Feature", "id": "way/590594742", "properties": {"osm_id": "way/590594742", "position_basis": "vertex mean of OSM way; not an entrance", "name": "Sasol Secunda Dam 10C", "natural": "water", "operator": "Sasol", "start_date": "2011", "water": "reservoir"}, "geometry": {"type": "Point", "coordinates": [29.12386678, -26.533086416363638]}}, {"type": "Feature", "id": "way/611194205", "properties": {"osm_id": "way/611194205", "position_basis": "vertex mean of OSM way; not an entrance", "building": "yes", "name": "PNA Secunda Village", "opening_hours": "Mo-Fr 09:00-18:00; Sa-Su 09:00-13:00", "shop": "stationery"}, "geometry": {"type": "Point", "coordinates": [29.216063825000003, -26.519899983333335]}}, {"type": "Feature", "id": "way/659074135", "properties": {"osm_id": "way/659074135", "position_basis": "vertex mean of OSM way; not an entrance", "addr:city": "Secunda", "addr:country": "ZA", "addr:postcode": "2302", "addr:province": "Mpumalanga", "amenity": "school", "fee": "yes", "name": "Secunda High School", "name:af": "Ho\u00ebrskool Secunda", "name:en": "Secunda High School", "operator": "Mpumalanga Department of Education", "operator:type": "government", "operator:wikidata": "Q116681266", "phone": "+27 17 634 7707", "ref:ZA:emis": "800005942", "school": "secondary"}, "geometry": {"type": "Point", "coordinates": [29.196337664285718, -26.513276785714286]}}, {"type": "Feature", "id": "way/751559878", "properties": {"osm_id": "way/751559878", "position_basis": "vertex mean of OSM way; not an entrance", "highway": "secondary", "name": "Secunda Road", "oneway": "yes", "surface": "asphalt"}, "geometry": {"type": "Point", "coordinates": [29.218114384, -26.491790108]}}, {"type": "Feature", "id": "way/755657787", "properties": {"osm_id": "way/755657787", "position_basis": "vertex mean of OSM way; not an entrance", "electrified": "no", "gauge": "127;184.15", "image": "https://www.flickr.com/photos/alfav8/40869359890/in/photostream/", "name": "Secunda Steamers", "railway": "narrow_gauge"}, "geometry": {"type": "Point", "coordinates": [29.209177785714285, -26.516185814285716]}}, {"type": "Feature", "id": "way/1015245008", "properties": {"osm_id": "way/1015245008", "position_basis": "vertex mean of OSM way; not an entrance", "location": "outdoor", "name": "Natref Substation", "operator": "Eskom", "power": "substation", "substation": "industrial", "voltage": "88000"}, "geometry": {"type": "Point", "coordinates": [27.858413620000004, -26.808574580000005]}}, {"type": "Feature", "id": "way/1015245020", "properties": {"osm_id": "way/1015245020", "position_basis": "vertex mean of OSM way; not an entrance", "location": "outdoor", "name": "Natref Pump Station", "operator": "Sasol Infrachem", "power": "substation", "substation": "industrial", "voltage": "88000"}, "geometry": {"type": "Point", "coordinates": [27.87842054, -26.808802059999998]}}, {"type": "Feature", "id": "way/1091706677", "properties": {"osm_id": "way/1091706677", "position_basis": "vertex mean of OSM way; not an entrance", "area": "yes", "barrier": "border_control"}, "geometry": {"type": "Point", "coordinates": [31.983767384000004, -25.442825184000004]}}, {"type": "Feature", "id": "way/1333423733", "properties": {"osm_id": "way/1333423733", "position_basis": "vertex mean of OSM way; not an entrance", "addr:city": "Secunda", "addr:country": "ZA", "addr:postcode": "2302", "addr:province": "Mpumalanga", "addr:street": "Nelson Mandela Drive", "amenity": "school", "fee": "yes", "grades": "0-12", "name": "Curro Secunda School", "operator:type": "private", "phone": "+27 87 285 3642", "ref:ZA:emis": "800035668", "religion": "christian", "website": "https://www.curro.co.za/schools/curro-secunda-primary-school/"}, "geometry": {"type": "Point", "coordinates": [29.191374873333338, -26.52236153333333]}}, {"type": "Feature", "id": "way/1333424591", "properties": {"osm_id": "way/1333424591", "position_basis": "vertex mean of OSM way; not an entrance", "addr:city": "Secunda", "addr:postcode": "2302", "addr:street": "Nelson Mandela Drive", "amenity": "kindergarten", "name": "Curro Secunda Preschool"}, "geometry": {"type": "Point", "coordinates": [29.190505383333335, -26.521817466666665]}}, {"type": "Feature", "id": "way/1442574408", "properties": {"osm_id": "way/1442574408", "position_basis": "vertex mean of OSM way; not an entrance", "area": "yes", "barrier": "border_control", "name": "Ongeluksnek Border Control"}, "geometry": {"type": "Point", "coordinates": [28.311381935294122, -30.343126423529412]}}, {"type": "Feature", "id": "way/1492823825", "properties": {"osm_id": "way/1492823825", "position_basis": "vertex mean of OSM way; not an entrance", "area": "yes", "barrier": "border_control", "bicycle": "yes", "building": "yes", "foot": "yes", "motor_vehicle": "yes", "name": "Monantsa Pass"}, "geometry": {"type": "Point", "coordinates": [28.680719246153846, -28.58974830769231]}}, {"type": "Feature", "id": "node/259586764", "properties": {"osm_id": "node/259586764", "position_basis": "OSM node; entrance unverified", "barrier": "border_control", "name": "Border Post"}, "geometry": {"type": "Point", "coordinates": [14.567130400000002, -17.392259000000003]}}, {"type": "Feature", "id": "node/259671245", "properties": {"osm_id": "node/259671245", "position_basis": "OSM node; entrance unverified", "barrier": "border_control"}, "geometry": {"type": "Point", "coordinates": [20.9989643, -19.578007]}}, {"type": "Feature", "id": "node/309221661", "properties": {"osm_id": "node/309221661", "position_basis": "OSM node; entrance unverified", "barrier": "border_control", "motorcar": "yes", "name": "Buitepos Border Control", "note": "One-Stop Checkpoint for Namibia and Botswana."}, "geometry": {"type": "Point", "coordinates": [19.9978598, -22.2808673]}}, {"type": "Feature", "id": "node/309221710", "properties": {"osm_id": "node/309221710", "position_basis": "OSM node; entrance unverified", "barrier": "border_control", "description": "One-Stop Checkpoint for Namibia and Botswana.", "motorcar": "yes", "name": "Buitepos Border Control"}, "geometry": {"type": "Point", "coordinates": [19.9976103, -22.281534200000003]}}, {"type": "Feature", "id": "node/313033730", "properties": {"osm_id": "node/313033730", "position_basis": "OSM node; entrance unverified", "barrier": "border_control", "bicycle": "yes", "foot": "yes", "motorcar": "yes", "motorcycle": "yes"}, "geometry": {"type": "Point", "coordinates": [24.246262700000003, -17.477848700000003]}}, {"type": "Feature", "id": "node/371158674", "properties": {"osm_id": "node/371158674", "position_basis": "OSM node; entrance unverified", "barrier": "border_control"}, "geometry": {"type": "Point", "coordinates": [24.720669800000003, -17.925489900000002]}}, {"type": "Feature", "id": "node/371169122", "properties": {"osm_id": "node/371169122", "position_basis": "OSM node; entrance unverified", "barrier": "border_control", "bicycle": "yes", "foot": "yes", "motorcar": "yes", "motorcycle": "yes"}, "geometry": {"type": "Point", "coordinates": [14.2232622, -17.392061]}}, {"type": "Feature", "id": "node/995503634", "properties": {"osm_id": "node/995503634", "position_basis": "OSM node; entrance unverified", "barrier": "border_control", "country": "NA", "name": "Ariamsvlei Border Control"}, "geometry": {"type": "Point", "coordinates": [19.8503262, -28.1176248]}}, {"type": "Feature", "id": "node/1834142696", "properties": {"osm_id": "node/1834142696", "position_basis": "OSM node; entrance unverified", "barrier": "border_control", "name": "Ngoma Border Post"}, "geometry": {"type": "Point", "coordinates": [24.712636800000002, -17.9150142]}}, {"type": "Feature", "id": "node/1834142697", "properties": {"osm_id": "node/1834142697", "position_basis": "OSM node; entrance unverified", "barrier": "border_control", "name": "Ngoma Border Post"}, "geometry": {"type": "Point", "coordinates": [24.712099600000002, -17.9154482]}}, {"type": "Feature", "id": "node/1939505679", "properties": {"osm_id": "node/1939505679", "position_basis": "OSM node; entrance unverified", "access": "yes", "barrier": "border_control"}, "geometry": {"type": "Point", "coordinates": [15.891050600000002, -17.3921977]}}, {"type": "Feature", "id": "node/2099520358", "properties": {"osm_id": "node/2099520358", "position_basis": "OSM node; entrance unverified", "barrier": "border_control"}, "geometry": {"type": "Point", "coordinates": [18.411429700000003, -17.394248100000002]}}, {"type": "Feature", "id": "node/2099520360", "properties": {"osm_id": "node/2099520360", "position_basis": "OSM node; entrance unverified", "barrier": "border_control"}, "geometry": {"type": "Point", "coordinates": [18.4106291, -17.394468200000002]}}, {"type": "Feature", "id": "node/2134725689", "properties": {"osm_id": "node/2134725689", "position_basis": "OSM node; entrance unverified", "barrier": "border_control"}, "geometry": {"type": "Point", "coordinates": [14.5671376, -17.391434]}}, {"type": "Feature", "id": "node/2252044149", "properties": {"osm_id": "node/2252044149", "position_basis": "OSM node; entrance unverified", "barrier": "border_control"}, "geometry": {"type": "Point", "coordinates": [18.40895, -17.3891187]}}, {"type": "Feature", "id": "node/2605408113", "properties": {"osm_id": "node/2605408113", "position_basis": "OSM node; entrance unverified", "barrier": "border_control", "motorcar": "yes"}, "geometry": {"type": "Point", "coordinates": [21.760067000000003, -18.257195600000003]}}, {"type": "Feature", "id": "node/2605408187", "properties": {"osm_id": "node/2605408187", "position_basis": "OSM node; entrance unverified", "barrier": "border_control", "motorcar": "yes"}, "geometry": {"type": "Point", "coordinates": [21.760894500000003, -18.258265400000003]}}, {"type": "Feature", "id": "node/2605408196", "properties": {"osm_id": "node/2605408196", "position_basis": "OSM node; entrance unverified", "barrier": "border_control", "motorcar": "yes", "name": "Mohembo"}, "geometry": {"type": "Point", "coordinates": [21.7615842, -18.2599419]}}, {"type": "Feature", "id": "node/2605408264", "properties": {"osm_id": "node/2605408264", "position_basis": "OSM node; entrance unverified", "barrier": "border_control", "motorcar": "yes", "name": "Mohembo"}, "geometry": {"type": "Point", "coordinates": [21.762736, -18.2613147]}}, {"type": "Feature", "id": "node/3196483013", "properties": {"osm_id": "node/3196483013", "position_basis": "OSM node; entrance unverified", "barrier": "border_control", "name": "Dobe"}, "geometry": {"type": "Point", "coordinates": [20.9994264, -19.577996900000002]}}, {"type": "Feature", "id": "node/3270215767", "properties": {"osm_id": "node/3270215767", "position_basis": "OSM node; entrance unverified", "barrier": "border_control", "bicycle": "no", "foot": "no", "motorcar": "yes", "motorcycle": "yes", "name": "Border Control Botswana - Namibia"}, "geometry": {"type": "Point", "coordinates": [21.762043900000002, -18.2608158]}}, {"type": "Feature", "id": "node/3697592784", "properties": {"osm_id": "node/3697592784", "position_basis": "OSM node; entrance unverified", "barrier": "border_control"}, "geometry": {"type": "Point", "coordinates": [24.241096900000002, -17.4738365]}}, {"type": "Feature", "id": "node/3697592785", "properties": {"osm_id": "node/3697592785", "position_basis": "OSM node; entrance unverified", "barrier": "border_control"}, "geometry": {"type": "Point", "coordinates": [24.242746200000003, -17.4741313]}}, {"type": "Feature", "id": "node/4762378885", "properties": {"osm_id": "node/4762378885", "position_basis": "OSM node; entrance unverified", "barrier": "border_control"}, "geometry": {"type": "Point", "coordinates": [23.435533000000003, -17.6379488]}}, {"type": "Feature", "id": "node/5087824893", "properties": {"osm_id": "node/5087824893", "position_basis": "OSM node; entrance unverified", "barrier": "border_control"}, "geometry": {"type": "Point", "coordinates": [14.2227352, -17.3917346]}}, {"type": "Feature", "id": "node/5118656585", "properties": {"osm_id": "node/5118656585", "position_basis": "OSM node; entrance unverified", "barrier": "border_control"}, "geometry": {"type": "Point", "coordinates": [21.4310574, -18.0227052]}}, {"type": "Feature", "id": "node/5133556475", "properties": {"osm_id": "node/5133556475", "position_basis": "OSM node; entrance unverified", "barrier": "border_control"}, "geometry": {"type": "Point", "coordinates": [14.464135800000001, -17.391782300000003]}}, {"type": "Feature", "id": "node/5316588158", "properties": {"osm_id": "node/5316588158", "position_basis": "OSM node; entrance unverified", "barrier": "border_control"}, "geometry": {"type": "Point", "coordinates": [19.8015762, -17.8699488]}}, {"type": "Feature", "id": "node/7728936991", "properties": {"osm_id": "node/7728936991", "position_basis": "OSM node; entrance unverified", "barrier": "border_control"}, "geometry": {"type": "Point", "coordinates": [15.2452947, -17.3927927]}}, {"type": "Feature", "id": "node/7979069315", "properties": {"osm_id": "node/7979069315", "position_basis": "OSM node; entrance unverified", "barrier": "border_control"}, "geometry": {"type": "Point", "coordinates": [24.2466498, -17.4777315]}}, {"type": "Feature", "id": "node/9655589229", "properties": {"osm_id": "node/9655589229", "position_basis": "OSM node; entrance unverified", "barrier": "border_control"}, "geometry": {"type": "Point", "coordinates": [19.802770600000002, -17.8726437]}}, {"type": "Feature", "id": "way/243866610", "properties": {"osm_id": "way/243866610", "position_basis": "vertex mean of OSM way; not an entrance", "barrier": "border_control", "building": "yes", "name": "Mamuno Border Control", "source": "Bing"}, "geometry": {"type": "Point", "coordinates": [20.0053106, -22.280847152]}}, {"type": "Feature", "id": "way/362743465", "properties": {"osm_id": "way/362743465", "position_basis": "vertex mean of OSM way; not an entrance", "barrier": "border_control", "building": "office"}, "geometry": {"type": "Point", "coordinates": [24.246538815384614, -17.477919476923077]}}, {"type": "Feature", "id": "node/634123598", "properties": {"osm_id": "node/634123598", "position_basis": "OSM node; entrance unverified", "barrier": "border_control", "bicycle": "yes", "foot": "yes", "motorcar": "yes", "motorcycle": "yes", "name": "Kazungula Border Botswana OUT", "opening_hours": "06:00-18:00"}, "geometry": {"type": "Point", "coordinates": [25.261916300000003, -17.815032600000002]}}, {"type": "Feature", "id": "node/634123599", "properties": {"osm_id": "node/634123599", "position_basis": "OSM node; entrance unverified", "barrier": "border_control", "bicycle": "yes", "foot": "yes", "motorcar": "yes", "motorcycle": "yes", "name": "Kazungula Border Zimbabwe OUT", "opening_hours": "06:00-18:00"}, "geometry": {"type": "Point", "coordinates": [25.2645735, -17.814556]}}, {"type": "Feature", "id": "node/636058700", "properties": {"osm_id": "node/636058700", "position_basis": "OSM node; entrance unverified", "barrier": "border_control", "motorcar": "yes", "name": "North Gate"}, "geometry": {"type": "Point", "coordinates": [23.751359700000002, -19.1732149]}}, {"type": "Feature", "id": "node/910385770", "properties": {"osm_id": "node/910385770", "position_basis": "OSM node; entrance unverified", "barrier": "border_control", "bicycle": "no", "foot": "yes", "motor_vehicle": "yes", "motorcar": "yes", "name": "Border Control Botswana"}, "geometry": {"type": "Point", "coordinates": [25.6626842, -18.525951600000003]}}, {"type": "Feature", "id": "node/1917939596", "properties": {"osm_id": "node/1917939596", "position_basis": "OSM node; entrance unverified", "barrier": "border_control", "bicycle": "yes", "foot": "yes", "name": "Kazungula Border Botswana IN", "opening_hours": "06:00-18:00"}, "geometry": {"type": "Point", "coordinates": [25.261753300000002, -17.815200700000002]}}, {"type": "Feature", "id": "node/1957230663", "properties": {"osm_id": "node/1957230663", "position_basis": "OSM node; entrance unverified", "barrier": "border_control", "motorcar": "yes", "name": "Veterinary controling Gate"}, "geometry": {"type": "Point", "coordinates": [23.8842183, -20.3280284]}}, {"type": "Feature", "id": "node/2194216814", "properties": {"osm_id": "node/2194216814", "position_basis": "OSM node; entrance unverified", "barrier": "border_control"}, "geometry": {"type": "Point", "coordinates": [27.8982025, -21.290754500000002]}}, {"type": "Feature", "id": "node/3325463961", "properties": {"osm_id": "node/3325463961", "position_basis": "OSM node; entrance unverified", "barrier": "border_control", "bicycle": "no", "motorcar": "yes", "motorcycle": "yes", "name": "Border Botswana - Zimbabwe"}, "geometry": {"type": "Point", "coordinates": [27.228457000000002, -20.1199501]}}, {"type": "Feature", "id": "node/3326661849", "properties": {"osm_id": "node/3326661849", "position_basis": "OSM node; entrance unverified", "barrier": "border_control", "bicycle": "no", "foot": "yes", "motor_vehicle": "yes", "motorcar": "yes", "motorcycle": "yes", "name": "Border Control Zimbabwe"}, "geometry": {"type": "Point", "coordinates": [25.6633506, -18.5248294]}}, {"type": "Feature", "id": "node/3345684009", "properties": {"osm_id": "node/3345684009", "position_basis": "OSM node; entrance unverified", "barrier": "border_control", "name": "Kazungula Border Zimbabwe IN", "opening_hours": "06:00-18:00"}, "geometry": {"type": "Point", "coordinates": [25.264749100000003, -17.814370800000003]}}, {"type": "Feature", "id": "node/3526270256", "properties": {"osm_id": "node/3526270256", "position_basis": "OSM node; entrance unverified", "barrier": "border_control", "bicycle": "yes", "foot": "yes", "horse": "yes", "motorcar": "yes", "motorcycle": "yes"}, "geometry": {"type": "Point", "coordinates": [23.7895825, -19.6309562]}}, {"type": "Feature", "id": "node/3964799020", "properties": {"osm_id": "node/3964799020", "position_basis": "OSM node; entrance unverified", "barrier": "border_control"}, "geometry": {"type": "Point", "coordinates": [27.893259200000003, -21.296707]}}, {"type": "Feature", "id": "node/4689662289", "properties": {"osm_id": "node/4689662289", "position_basis": "OSM node; entrance unverified", "barrier": "border_control"}, "geometry": {"type": "Point", "coordinates": [27.7218975, -20.5501083]}}, {"type": "Feature", "id": "node/4689662300", "properties": {"osm_id": "node/4689662300", "position_basis": "OSM node; entrance unverified", "barrier": "border_control"}, "geometry": {"type": "Point", "coordinates": [27.7219847, -20.5509609]}}, {"type": "Feature", "id": "node/6142767053", "properties": {"osm_id": "node/6142767053", "position_basis": "OSM node; entrance unverified", "barrier": "border_control", "motorcar": "yes", "name": "Veterinary controling Gate"}, "geometry": {"type": "Point", "coordinates": [23.884187500000003, -20.3279706]}}, {"type": "Feature", "id": "node/9034948502", "properties": {"osm_id": "node/9034948502", "position_basis": "OSM node; entrance unverified", "barrier": "border_control", "name": "Border Botswana"}, "geometry": {"type": "Point", "coordinates": [25.2599279, -17.800521800000002]}}, {"type": "Feature", "id": "node/264191166", "properties": {"osm_id": "node/264191166", "position_basis": "OSM node; entrance unverified", "barrier": "border_control"}, "geometry": {"type": "Point", "coordinates": [35.617766800000005, -14.369745000000002]}}, {"type": "Feature", "id": "node/281435190", "properties": {"osm_id": "node/281435190", "position_basis": "OSM node; entrance unverified", "barrier": "border_control", "bicycle": "yes", "foot": "yes", "motorcar": "yes", "motorcycle": "yes"}, "geometry": {"type": "Point", "coordinates": [32.7110324, -19.005691300000002]}}, {"type": "Feature", "id": "node/849970194", "properties": {"osm_id": "node/849970194", "position_basis": "OSM node; entrance unverified", "barrier": "border_control"}, "geometry": {"type": "Point", "coordinates": [32.083976400000005, -26.257558600000003]}}, {"type": "Feature", "id": "node/849981467", "properties": {"osm_id": "node/849981467", "position_basis": "OSM node; entrance unverified", "barrier": "border_control"}, "geometry": {"type": "Point", "coordinates": [32.085048, -26.2569215]}}, {"type": "Feature", "id": "node/1982162042", "properties": {"osm_id": "node/1982162042", "position_basis": "OSM node; entrance unverified", "barrier": "border_control"}, "geometry": {"type": "Point", "coordinates": [32.850447700000004, -19.538647400000002]}}, {"type": "Feature", "id": "node/2301057986", "properties": {"osm_id": "node/2301057986", "position_basis": "OSM node; entrance unverified", "name": "Escola Secundaria de Tete", "office": "educational_institution"}, "geometry": {"type": "Point", "coordinates": [33.5886529, -16.1639501]}}, {"type": "Feature", "id": "node/2305181413", "properties": {"osm_id": "node/2305181413", "position_basis": "OSM node; entrance unverified", "name": "Escola Secundaria Francisco Manyanga", "office": "educational_institution"}, "geometry": {"type": "Point", "coordinates": [33.588881400000005, -16.1628757]}}, {"type": "Feature", "id": "node/2305181416", "properties": {"osm_id": "node/2305181416", "position_basis": "OSM node; entrance unverified", "name": "Escola Secundaria de Tete", "office": "educational_institution"}, "geometry": {"type": "Point", "coordinates": [33.588095, -16.163446800000003]}}, {"type": "Feature", "id": "node/2352750221", "properties": {"osm_id": "node/2352750221", "position_basis": "OSM node; entrance unverified", "barrier": "border_control", "name": "Ressano Garcia Border Control"}, "geometry": {"type": "Point", "coordinates": [31.987855500000002, -25.446042900000002]}}, {"type": "Feature", "id": "node/2521631188", "properties": {"osm_id": "node/2521631188", "position_basis": "OSM node; entrance unverified", "amenity": "school", "name": "Escola Secundaria de Nametil"}, "geometry": {"type": "Point", "coordinates": [39.342461, -15.719660300000001]}}, {"type": "Feature", "id": "node/3070029862", "properties": {"osm_id": "node/3070029862", "position_basis": "OSM node; entrance unverified", "barrier": "border_control", "name": "Chanida Border Post", "source": "Bing"}, "geometry": {"type": "Point", "coordinates": [32.3495511, -14.302784200000001]}}, {"type": "Feature", "id": "node/3569171238", "properties": {"osm_id": "node/3569171238", "position_basis": "OSM node; entrance unverified", "amenity": "school", "name": "Escola Secundaria Geral Samuel Graciano"}, "geometry": {"type": "Point", "coordinates": [35.869038, -15.1947463]}}, {"type": "Feature", "id": "node/3787772054", "properties": {"osm_id": "node/3787772054", "position_basis": "OSM node; entrance unverified", "barrier": "border_control", "name": "Border Post Nayuchi"}, "geometry": {"type": "Point", "coordinates": [35.873362300000004, -14.979083500000002]}}, {"type": "Feature", "id": "node/4136364997", "properties": {"osm_id": "node/4136364997", "position_basis": "OSM node; entrance unverified", "name": "Escola Secundaria de Tete", "office": "educational_institution"}, "geometry": {"type": "Point", "coordinates": [33.588368800000005, -16.1646365]}}, {"type": "Feature", "id": "node/4457524991", "properties": {"osm_id": "node/4457524991", "position_basis": "OSM node; entrance unverified", "amenity": "school", "name": "Escola Secundaria da Ilha de Mozambique", "name:en": "Escola Secundaria da Ilha de Mozambique", "name:pt": "Escola Secundaria da Ilha de Mozambique"}, "geometry": {"type": "Point", "coordinates": [40.7393845, -15.03016]}}, {"type": "Feature", "id": "node/4876309470", "properties": {"osm_id": "node/4876309470", "position_basis": "OSM node; entrance unverified", "amenity": "school", "name": "Ensino Secundario Aberto Mocambicano"}, "geometry": {"type": "Point", "coordinates": [35.871598500000005, -15.197980600000001]}}, {"type": "Feature", "id": "node/4916716784", "properties": {"osm_id": "node/4916716784", "position_basis": "OSM node; entrance unverified", "amenity": "school", "name": "Escola Secundaria de Mecanhelas"}, "geometry": {"type": "Point", "coordinates": [35.884293, -15.178637400000001]}}, {"type": "Feature", "id": "node/4932608540", "properties": {"osm_id": "node/4932608540", "position_basis": "OSM node; entrance unverified", "amenity": "school", "name": "Escola Secundaria de Chiure"}, "geometry": {"type": "Point", "coordinates": [39.766366000000005, -13.3458006]}}, {"type": "Feature", "id": "node/5174161657", "properties": {"osm_id": "node/5174161657", "position_basis": "OSM node; entrance unverified", "amenity": "school", "name": "Escola Secundaria de Seli-Metangula"}, "geometry": {"type": "Point", "coordinates": [34.8112574, -12.690210500000001]}}, {"type": "Feature", "id": "node/5295916768", "properties": {"osm_id": "node/5295916768", "position_basis": "OSM node; entrance unverified", "addr:street": "EN1", "amenity": "school", "name": "Escola Secundaria Joaquim Alberto Chissano"}, "geometry": {"type": "Point", "coordinates": [33.6702284, -25.056142400000002]}}, {"type": "Feature", "id": "node/5331011142", "properties": {"osm_id": "node/5331011142", "position_basis": "OSM node; entrance unverified", "barrier": "border_control", "check_date:opening_hours": "2018-01-10", "description": "Lomahasha border post", "opening_hours": "07:00-22:00"}, "geometry": {"type": "Point", "coordinates": [31.996481300000003, -25.9901404]}}, {"type": "Feature", "id": "node/5904268855", "properties": {"osm_id": "node/5904268855", "position_basis": "OSM node; entrance unverified", "amenity": "school", "name": "Escola Secundaria do Inguri"}, "geometry": {"type": "Point", "coordinates": [39.9020306, -16.221763600000003]}}, {"type": "Feature", "id": "node/6427751776", "properties": {"osm_id": "node/6427751776", "position_basis": "OSM node; entrance unverified", "barrier": "border_control"}, "geometry": {"type": "Point", "coordinates": [33.246652000000005, -14.0027217]}}, {"type": "Feature", "id": "node/6967535474", "properties": {"osm_id": "node/6967535474", "position_basis": "OSM node; entrance unverified", "addr:city": "Inharrime", "addr:street": "Estrada Nacional numero 01", "amenity": "school", "denomination": "catholic", "name": "Escola Secundaria Laura Vicune", "religion": "christian"}, "geometry": {"type": "Point", "coordinates": [35.0432652, -24.4556547]}}, {"type": "Feature", "id": "node/7049784664", "properties": {"osm_id": "node/7049784664", "position_basis": "OSM node; entrance unverified", "amenity": "school", "name": "Escola secundaria geral de Mocuba"}, "geometry": {"type": "Point", "coordinates": [36.989844000000005, -16.8420276]}}, {"type": "Feature", "id": "node/9342711628", "properties": {"osm_id": "node/9342711628", "position_basis": "OSM node; entrance unverified", "amenity": "school", "name": "Escola Secundaria Centro Cultural Islamico CCI"}, "geometry": {"type": "Point", "coordinates": [40.6720836, -14.541018600000001]}}, {"type": "Feature", "id": "node/12088899729", "properties": {"osm_id": "node/12088899729", "position_basis": "OSM node; entrance unverified", "addr:street": "N1", "highway": "bus_stop", "name": "Escola Secundaria", "public_transport": "platform", "ref": "PX034PEPB", "source": "#EMTPM #JICA #MetrapMaputo #mmb #2024"}, "geometry": {"type": "Point", "coordinates": [32.7902225, -25.409520800000003]}}, {"type": "Feature", "id": "node/12088899730", "properties": {"osm_id": "node/12088899730", "position_basis": "OSM node; entrance unverified", "addr:street": "N1", "highway": "bus_stop", "name": "Escola Secundaria", "public_transport": "platform", "ref": "PX034PEPA", "source": "#EMTPM #JICA #MetrapMaputo #mmb #2024"}, "geometry": {"type": "Point", "coordinates": [32.7905095, -25.409384000000003]}}, {"type": "Feature", "id": "node/12088899731", "properties": {"osm_id": "node/12088899731", "position_basis": "OSM node; entrance unverified", "addr:street": "N1", "bus": "yes", "name": "Escola Secundaria", "public_transport": "stop_position", "ref": "PX034PDV", "source": "#EMTPM #JICA #MetrapMaputo #mmb #2024"}, "geometry": {"type": "Point", "coordinates": [32.7903029, -25.4094824]}}, {"type": "Feature", "id": "node/13633960900", "properties": {"osm_id": "node/13633960900", "position_basis": "OSM node; entrance unverified", "addr:district": "Chokwe", "addr:place": "Chiaquelane antigo", "addr:province": "Gaza", "addr:subdistrict": "Conhane", "addr:village": "Primeiro bairro", "amenity": "school", "building": "yes", "building:levels": "1", "building:material": "cement_block", "capacity": "45", "capacity:classrooms": "7", "capacity:teachers": "15", "description": "Perto da estrada", "gender_segregated": "yes", "isced:level": "2;3", "name": "Escola secundaria de chiaquelane", "opening_hours": "Mo-Su 06:00-16:00", "operational_status": "yes", "operator": "public", "personnel:count": "17", "power_supply": "yes", "ramp": "no", "roof:material": "metal", "school": "secondary", "school:boarding": "no", "shelter": "yes", "source": "survey", "toilets": "yes", "toilets:disposal": "pitlatrine", "water_supply": "yes"}, "geometry": {"type": "Point", "coordinates": [33.132469900000004, -24.801864700000003]}}, {"type": "Feature", "id": "node/13635194792", "properties": {"osm_id": "node/13635194792", "position_basis": "OSM node; entrance unverified", "addr:district": "chokwe", "addr:place": "primeiro bairro machel", "addr:province": "gaza", "addr:subdistrict": "machel", "addr:village": "terceiro Bairro B", "amenity": "school", "building:levels": "1", "building:material": "cement_block", "capacity": "70", "capacity:classrooms": "7", "capacity:teachers": "19", "description": "escola com salas inacabadas.", "gender_segregated": "yes", "man_made": "water_tap", "name": "escola secundaria filipe jacinto nyusi", "opening_hours": "Mo-Sa 06:00-18:00", "operational_status": "yes", "operator": "public", "power_supply": "yes", "ramp": "yes", "roof:material": "metal", "school": "secondary", "school:boarding": "no", "source": "survey", "toilets": "yes", "toilets:handwashing": "yes", "toilets:position": "seated;urinal", "water_supply": "no"}, "geometry": {"type": "Point", "coordinates": [32.943208600000006, -24.4982003]}}, {"type": "Feature", "id": "node/13635194795", "properties": {"osm_id": "node/13635194795", "position_basis": "OSM node; entrance unverified", "addr:district": "chokwe", "addr:place": "primeiro bairro", "addr:province": "gaza", "addr:subdistrict": "conhane", "addr:village": "Conhane", "amenity": "school", "building:levels": "1", "building:material": "cement_block", "capacity": "45", "capacity:classrooms": "10", "capacity:teachers": "25", "description": "Perto de campo de futebol", "gender_segregated": "yes", "man_made": "water_tap", "name": "Escola secundaria de 12 de outubro de conhane", "opening_hours": "Mo-Fr 06:00-22:00", "operational_status": "yes", "operator": "public", "power_supply": "yes", "ramp": "no", "roof:material": "metal", "school": "secondary", "school:boarding": "no", "shelter": "yes", "source": "survey", "toilets": "yes", "toilets:disposal": "pitlatrine", "toilets:position": "seated", "water_supply": "yes"}, "geometry": {"type": "Point", "coordinates": [33.0971927, -24.6650631]}}, {"type": "Feature", "id": "node/13635194796", "properties": {"osm_id": "node/13635194796", "position_basis": "OSM node; entrance unverified", "addr:district": "chokwe", "addr:place": "primeiro bairro de chalucuane", "addr:province": "gaza", "addr:subdistrict": "chiduachine", "addr:village": "Chalucuane", "amenity": "school", "building:levels": "1", "building:material": "cement_block", "capacity": "50", "capacity:classrooms": "9", "capacity:teachers": "14", "description": "uma escola secund\u00e1ria,situada perto da escola prim\u00e1ria do 1\u00b0bairro de chalucuane,com condicoes boas.", "gender_segregated": "yes", "man_made": "water_tap", "name": "escola secundaria santa luisa de marlac", "opening_hours": "Mo-Fr 06:00-17:00", "operational_status": "yes", "operator": "private", "power_supply": "yes", "ramp": "yes", "roof:material": "concrete", "school": "secondary", "school:boarding": "no", "shelter": "yes", "source": "survey", "toilets": "yes", "toilets:disposal": "pitlatrine", "toilets:handwashing": "yes", "toilets:position": "seated;urinal", "water_supply": "yes"}, "geometry": {"type": "Point", "coordinates": [33.3674711, -24.709028]}}, {"type": "Feature", "id": "node/13635204903", "properties": {"osm_id": "node/13635204903", "position_basis": "OSM node; entrance unverified", "addr:district": "chokwe", "addr:place": "primeiro bairro lionde", "addr:province": "gaza", "addr:subdistrict": "lionde-Sede", "addr:village": "Mbiluane", "amenity": "school", "building:levels": "1", "building:material": "cement_block", "capacity": "50", "capacity:classrooms": "13", "capacity:teachers": "50", "description": "a escola conta com 3 turnos", "gender_segregated": "yes", "man_made": "water_tap", "name": "escola secundaria de lionde", "opening_hours": "Mo-Fr 07:00-23:00", "operational_status": "yes", "operator": "public", "power_supply": "yes", "ramp": "yes", "roof:material": "metal", "school": "secondary", "school:boarding": "no", "shelter": "no", "toilets": "yes", "toilets:handwashing": "yes", "toilets:position": "seated;urinal", "water_supply": "yes"}, "geometry": {"type": "Point", "coordinates": [33.0614253, -24.583658900000003]}}, {"type": "Feature", "id": "node/13640711059", "properties": {"osm_id": "node/13640711059", "position_basis": "OSM node; entrance unverified", "addr:district": "Buzi", "addr:place": "2000", "addr:province": "Sofala", "addr:subdistrict": "Guaraguara", "addr:village": "Guaraguara-Sede", "amenity": "school", "building:levels": "1", "capacity": "845", "capacity:classrooms": "13", "capacity:teachers": "40", "date_used": "11/14/2019", "description": "Existe \u00c3\u00a1reas por construir como salas de aulas pois algumas aulas em salas tendas.", "name": "escola secundaria geral de guara guara", "opening_hours": "Mo-Sa 06:00-16:00", "operator:type": "public", "power_supply": "yes", "roof:material": "metal", "shelter": "yes", "source": "survey", "toilets": "yes", "toilets:unisex": "yes", "wall:material": "cement block", "water_supply": "yes"}, "geometry": {"type": "Point", "coordinates": [34.4590844, -19.863590300000002]}}, {"type": "Feature", "id": "node/13643731717", "properties": {"osm_id": "node/13643731717", "position_basis": "OSM node; entrance unverified", "addr:district": "Buzi", "addr:place": "Macurungo", "addr:province": "Sofala", "addr:subdistrict": "Vila do buzi", "addr:village": "Macurungo", "amenity": "school", "building:levels": "1", "capacity": "960", "capacity:rooms": "16", "capacity:teachers": "59", "description": "tem campo de basquetebol e uma cantina", "name": "escola secundaria do buzi", "opening_hours": "Mo-Fr 07:00-22:00", "operator:type": "public", "power": "yes", "roof:material": "metal", "shelter": "no", "source": "survey", "toilets": "yes", "toilets:unisex": "yes", "wall:material": "cement block", "water_supply": "yes"}, "geometry": {"type": "Point", "coordinates": [34.6035239, -19.8829141]}}, {"type": "Feature", "id": "node/13643731723", "properties": {"osm_id": "node/13643731723", "position_basis": "OSM node; entrance unverified", "addr:district": "Buzi", "addr:place": "Barada centro", "addr:province": "Sofala", "addr:subdistrict": "Nova sofala-sede", "addr:village": "Barada", "amenity": "school", "building:levels": "1", "capacity": "1150", "capacity:rooms": "23", "capacity:teachers": "44", "description": "estamos gratos pelo pr\u00c3\u00b3ximo fazer f\u00c3\u00a1cil pra acolher", "name": "escola secundaria Santo Antonio de barada", "opening_hours": "Mo-Fr 06:00-17:00", "operator:type": "private", "power": "no", "roof:material": "metal", "shelter": "no", "source": "survey", "toilets": "yes", "toilets:unisex": "yes", "wall:material": "cement block", "water_supply": "yes"}, "geometry": {"type": "Point", "coordinates": [34.7445054, -20.0479176]}}, {"type": "Feature", "id": "node/14174607214", "properties": {"osm_id": "node/14174607214", "position_basis": "OSM node; entrance unverified", "amenity": "school", "education": "school", "name": "Escola Secundaria Inhaca Sede"}, "geometry": {"type": "Point", "coordinates": [32.915618800000004, -26.008904400000002]}}, {"type": "Feature", "id": "way/201126227", "properties": {"osm_id": "way/201126227", "position_basis": "vertex mean of OSM way; not an entrance", "addr:street": "Avenida do Trabalho", "amenity": "school", "building": "yes", "education": "school", "name": "Escola Secundaria de Chokwe", "wheelchair": "limited"}, "geometry": {"type": "Point", "coordinates": [33.00343691818182, -24.529258390909092]}}, {"type": "Feature", "id": "way/344738629", "properties": {"osm_id": "way/344738629", "position_basis": "vertex mean of OSM way; not an entrance", "barrier": "border_control", "bicycle": "yes", "building": "yes", "foot": "yes", "motor_vehicle": "yes", "name": "Mozambique Customs/Immigration", "source": "bing"}, "geometry": {"type": "Point", "coordinates": [38.496181988888885, -11.419457655555556]}}, {"type": "Feature", "id": "way/354489307", "properties": {"osm_id": "way/354489307", "position_basis": "vertex mean of OSM way; not an entrance", "landuse": "commercial", "name": "Escola Secundaria de Montepuez"}, "geometry": {"type": "Point", "coordinates": [39.00243924, -13.12859096]}}, {"type": "Feature", "id": "way/375044884", "properties": {"osm_id": "way/375044884", "position_basis": "vertex mean of OSM way; not an entrance", "building": "school", "name": "Escola Secundaria"}, "geometry": {"type": "Point", "coordinates": [37.0284377, -17.4945387]}}, {"type": "Feature", "id": "way/375044886", "properties": {"osm_id": "way/375044886", "position_basis": "vertex mean of OSM way; not an entrance", "building": "school", "name": "Escola Secundaria"}, "geometry": {"type": "Point", "coordinates": [37.02837400000001, -17.49384722]}}, {"type": "Feature", "id": "way/381783308", "properties": {"osm_id": "way/381783308", "position_basis": "vertex mean of OSM way; not an entrance", "building": "school", "name": "Scola secundaria"}, "geometry": {"type": "Point", "coordinates": [36.09495229, -18.39343109]}}, {"type": "Feature", "id": "way/395215671", "properties": {"osm_id": "way/395215671", "position_basis": "vertex mean of OSM way; not an entrance", "building": "school", "name": "Escola Secundaria Geral De Alto Mol\u00f3cu\u00e8"}, "geometry": {"type": "Point", "coordinates": [37.686575160000004, -15.632209820000003]}}, {"type": "Feature", "id": "way/396927042", "properties": {"osm_id": "way/396927042", "position_basis": "vertex mean of OSM way; not an entrance", "amenity": "school", "name": "Escola Secundaria Guebuza"}, "geometry": {"type": "Point", "coordinates": [33.1748678, -18.061759220000003]}}, {"type": "Feature", "id": "way/396927043", "properties": {"osm_id": "way/396927043", "position_basis": "vertex mean of OSM way; not an entrance", "amenity": "school", "name": "Escola Secundaria"}, "geometry": {"type": "Point", "coordinates": [33.17418657142857, -18.058197200000002]}}, {"type": "Feature", "id": "way/398370590", "properties": {"osm_id": "way/398370590", "position_basis": "vertex mean of OSM way; not an entrance", "building": "yes", "name": "Escola Secundaria"}, "geometry": {"type": "Point", "coordinates": [35.2469417, -17.713447714285714]}}, {"type": "Feature", "id": "way/457930414", "properties": {"osm_id": "way/457930414", "position_basis": "vertex mean of OSM way; not an entrance", "barrier": "wall", "height": "3", "material": "concrete", "name": "Escola Secundaria Gwaza Muthini"}, "geometry": {"type": "Point", "coordinates": [32.67296382105263, -25.745445289473686]}}, {"type": "Feature", "id": "way/457934259", "properties": {"osm_id": "way/457934259", "position_basis": "vertex mean of OSM way; not an entrance", "amenity": "school", "name": "Escola Secundaria Adventista"}, "geometry": {"type": "Point", "coordinates": [34.8604665, -19.75605442]}}, {"type": "Feature", "id": "way/457935992", "properties": {"osm_id": "way/457935992", "position_basis": "vertex mean of OSM way; not an entrance", "amenity": "school", "name": "Escola Secundaria Joao XXIII"}, "geometry": {"type": "Point", "coordinates": [34.86005350740741, -19.745861111111115]}}, {"type": "Feature", "id": "way/457936978", "properties": {"osm_id": "way/457936978", "position_basis": "vertex mean of OSM way; not an entrance", "amenity": "school", "name": "Escola Secundaria da Manga"}, "geometry": {"type": "Point", "coordinates": [34.870363833333336, -19.7704585]}}, {"type": "Feature", "id": "way/457952445", "properties": {"osm_id": "way/457952445", "position_basis": "vertex mean of OSM way; not an entrance", "amenity": "school", "name": "Escola Secundaria dos Continuadores"}, "geometry": {"type": "Point", "coordinates": [36.888233925, -17.8806171875]}}, {"type": "Feature", "id": "way/457983707", "properties": {"osm_id": "way/457983707", "position_basis": "vertex mean of OSM way; not an entrance", "leisure": "pitch", "name": "Campo da Escola Secundaria", "sport": "soccer", "surface": "grass"}, "geometry": {"type": "Point", "coordinates": [34.20627283333334, -19.288331083333333]}}, {"type": "Feature", "id": "way/457983981", "properties": {"osm_id": "way/457983981", "position_basis": "vertex mean of OSM way; not an entrance", "amenity": "school", "name": "Escola Secundaria de Nhamatanda"}, "geometry": {"type": "Point", "coordinates": [34.207091025000004, -19.290484700000004]}}, {"type": "Feature", "id": "way/458301603", "properties": {"osm_id": "way/458301603", "position_basis": "vertex mean of OSM way; not an entrance", "amenity": "school", "name": "Escola Secundaria"}, "geometry": {"type": "Point", "coordinates": [32.56442092, -25.917986059999997]}}, {"type": "Feature", "id": "way/462543796", "properties": {"osm_id": "way/462543796", "position_basis": "vertex mean of OSM way; not an entrance", "amenity": "school", "name": "Escola Secundaria de Angoche"}, "geometry": {"type": "Point", "coordinates": [39.90794676666667, -16.229892566666667]}}, {"type": "Feature", "id": "way/491960352", "properties": {"osm_id": "way/491960352", "position_basis": "vertex mean of OSM way; not an entrance", "amenity": "school", "name": "Escola Secundaria de Marrupa"}, "geometry": {"type": "Point", "coordinates": [37.5165909, -13.190628914285714]}}, {"type": "Feature", "id": "way/525568231", "properties": {"osm_id": "way/525568231", "position_basis": "vertex mean of OSM way; not an entrance", "amenity": "school", "name": "Escola Secundaria Menegom"}, "geometry": {"type": "Point", "coordinates": [36.556994180000004, -14.800178300000002]}}, {"type": "Feature", "id": "way/600411214", "properties": {"osm_id": "way/600411214", "position_basis": "vertex mean of OSM way; not an entrance", "building": "yes", "name": "Escola Secundaria"}, "geometry": {"type": "Point", "coordinates": [35.2002233, -21.53912602]}}, {"type": "Feature", "id": "way/600803755", "properties": {"osm_id": "way/600803755", "position_basis": "vertex mean of OSM way; not an entrance", "building": "yes", "name": "Escola Secundaria"}, "geometry": {"type": "Point", "coordinates": [35.20038222000001, -21.53885298]}}, {"type": "Feature", "id": "way/600803756", "properties": {"osm_id": "way/600803756", "position_basis": "vertex mean of OSM way; not an entrance", "building": "yes", "name": "Escola Secundaria"}, "geometry": {"type": "Point", "coordinates": [35.20049492, -21.538665880000003]}}, {"type": "Feature", "id": "way/600803757", "properties": {"osm_id": "way/600803757", "position_basis": "vertex mean of OSM way; not an entrance", "building": "yes", "name": "Escola Secundaria"}, "geometry": {"type": "Point", "coordinates": [35.20041046, -21.539961860000002]}}, {"type": "Feature", "id": "way/600803758", "properties": {"osm_id": "way/600803758", "position_basis": "vertex mean of OSM way; not an entrance", "building": "yes", "name": "Escola Secundaria"}, "geometry": {"type": "Point", "coordinates": [35.20052398, -21.53958882]}}, {"type": "Feature", "id": "way/600803760", "properties": {"osm_id": "way/600803760", "position_basis": "vertex mean of OSM way; not an entrance", "building": "yes", "name": "Escola Secundaria"}, "geometry": {"type": "Point", "coordinates": [35.20089844, -21.53983682]}}, {"type": "Feature", "id": "way/625307294", "properties": {"osm_id": "way/625307294", "position_basis": "vertex mean of OSM way; not an entrance", "amenity": "school", "name": "Escola Secundaria LIZA"}, "geometry": {"type": "Point", "coordinates": [39.902058520000004, -16.22178116]}}, {"type": "Feature", "id": "way/678646987", "properties": {"osm_id": "way/678646987", "position_basis": "vertex mean of OSM way; not an entrance", "amenity": "school", "name": "Escola Secundaria Samora Moises Machel"}, "geometry": {"type": "Point", "coordinates": [34.85423662, -19.83155602]}}, {"type": "Feature", "id": "way/678646988", "properties": {"osm_id": "way/678646988", "position_basis": "vertex mean of OSM way; not an entrance", "amenity": "school", "name": "Escola Secundaria \"Sensao Muthemba\""}, "geometry": {"type": "Point", "coordinates": [34.85092615, -19.833980033333336]}}, {"type": "Feature", "id": "way/679209082", "properties": {"osm_id": "way/679209082", "position_basis": "vertex mean of OSM way; not an entrance", "amenity": "school", "name": "Escola Secundaria da Muchatazina"}, "geometry": {"type": "Point", "coordinates": [34.86439512, -19.822188880000002]}}, {"type": "Feature", "id": "way/697841011", "properties": {"osm_id": "way/697841011", "position_basis": "vertex mean of OSM way; not an entrance", "addr:city": "Inhambane", "addr:street": "N5", "amenity": "school", "denomination": "catholic", "name": "Escola Secundaria 3 de Fevereiro", "religion": "christian"}, "geometry": {"type": "Point", "coordinates": [35.3821451, -23.88085621176471]}}, {"type": "Feature", "id": "way/801995099", "properties": {"osm_id": "way/801995099", "position_basis": "vertex mean of OSM way; not an entrance", "amenity": "school", "barrier": "wall", "name": "Escola Secundaria de Nkobe"}, "geometry": {"type": "Point", "coordinates": [32.493874170000005, -25.83482859]}}, {"type": "Feature", "id": "way/986590261", "properties": {"osm_id": "way/986590261", "position_basis": "vertex mean of OSM way; not an entrance", "addr:city": "Mueda", "amenity": "school", "building:levels": "3", "height": "0", "name": "ESCOLA SECUNDARIA DE MUEDA"}, "geometry": {"type": "Point", "coordinates": [39.55498582857143, -11.663431871428571]}}, {"type": "Feature", "id": "way/1126192447", "properties": {"osm_id": "way/1126192447", "position_basis": "vertex mean of OSM way; not an entrance", "amenity": "school", "name": "Escola Secundaria Gwaza Muthini"}, "geometry": {"type": "Point", "coordinates": [32.672965347368425, -25.745439568421055]}}, {"type": "Feature", "id": "way/1196389770", "properties": {"osm_id": "way/1196389770", "position_basis": "vertex mean of OSM way; not an entrance", "addr:city": "Nampula", "amenity": "school", "landuse": "education", "name": "Escola secundaria sao joao batista"}, "geometry": {"type": "Point", "coordinates": [39.18861196666667, -15.118393216666668]}}, {"type": "Feature", "id": "way/1196389777", "properties": {"osm_id": "way/1196389777", "position_basis": "vertex mean of OSM way; not an entrance", "building": "dormitory", "name": "dormitorios Masculinos da escola secundaria sao joao batista"}, "geometry": {"type": "Point", "coordinates": [39.18958184, -15.11758844]}}, {"type": "Feature", "id": "way/1250873744", "properties": {"osm_id": "way/1250873744", "position_basis": "vertex mean of OSM way; not an entrance", "amenity": "school", "name": "Escola Secundaria Januario Pedro"}, "geometry": {"type": "Point", "coordinates": [40.34697371666667, -11.367556716666668]}}, {"type": "Feature", "id": "way/1319643387", "properties": {"osm_id": "way/1319643387", "position_basis": "vertex mean of OSM way; not an entrance", "amenity": "school", "name": "Escola secundaria da liberdade"}, "geometry": {"type": "Point", "coordinates": [32.46576052857143, -25.914220957142856]}}, {"type": "Feature", "id": "way/1497953526", "properties": {"osm_id": "way/1497953526", "position_basis": "vertex mean of OSM way; not an entrance", "landuse": "education", "name": "Escola Secundaria Eng. Filipe Jacinto Nyusi"}, "geometry": {"type": "Point", "coordinates": [32.43722556363636, -26.014552000000002]}}]}