{"type": "FeatureCollection", "features": [{"type": "Feature", "properties": {"SCALERANK": 10, "NATSCALE": 1, "LABELRANK": 8, "FEATURECLA": "Admin-1 capital", "NAME": "Piggs Peak", "NAMEPAR": null, "NAMEALT": null, "NAMEASCII": "Piggs Peak", "ADM0CAP": 0, "CAPIN": null, "WORLDCITY": 0, "MEGACITY": 0, "SOV0NAME": "eSwatini", "SOV_A3": "SWZ", "ADM0NAME": "eSwatini", "ADM0_A3": "SWZ", "ADM1NAME": "Hhohho", "ISO_A2": "SZ", "NOTE": null, "LATITUDE": -25.961004, "LONGITUDE": 31.247002, "POP_MAX": 5750, "POP_MIN": 5750, "POP_OTHER": 0, "RANK_MAX": 5, "RANK_MIN": 5, "MEGANAME": null, "LS_NAME": null, "MAX_POP10": 0, "MAX_POP20": 0, "MAX_POP50": 0, "MAX_POP300": 0, "MAX_POP310": 0, "MAX_NATSCA": 0, "MIN_AREAKM": 0, "MAX_AREAKM": 0, "MIN_AREAMI": 0, "MAX_AREAMI": 0, "MIN_PERKM": 0, "MAX_PERKM": 0, "MIN_PERMI": 0, "MAX_PERMI": 0, "MIN_BBXMIN": 0, "MAX_BBXMIN": 0, "MIN_BBXMAX": 0, "MAX_BBXMAX": 0, "MIN_BBYMIN": 0, "MAX_BBYMIN": 0, "MIN_BBYMAX": 0, "MAX_BBYMAX": 0, "MEAN_BBXC": 0, "MEAN_BBYC": 0, "TIMEZONE": "Africa/Mbabane", "UN_FID": 0, "POP1950": 0, "POP1955": 0, "POP1960": 0, "POP1965": 0, "POP1970": 0, "POP1975": 0, "POP1980": 0, "POP1985": 0, "POP1990": 0, "POP1995": 0, "POP2000": 0, "POP2005": 0, "POP2010": 0, "POP2015": 0, "POP2020": 0, "POP2025": 0, "POP2050": 0, "MIN_ZOOM": 9, "WIKIDATAID": "Q1950487", "WOF_ID": 421203873, "CAPALT": 0, "NAME_EN": "Piggs Peak", "NAME_DE": "Piggs Peak", "NAME_ES": "Piggs Peak", "NAME_FR": "Piggs Peak", "NAME_PT": "Piggs Peak", "NAME_RU": "Пигс-Пик", "NAME_ZH": "皮格斯皮克", "LABEL": null, "NAME_AR": "بيغز بيك", "NAME_BN": "পিগস পিক", "NAME_EL": "Πιγγκς Πικ", "NAME_HI": "पिग्स पीक", "NAME_HU": "Piggs Peak", "NAME_ID": "Piggs Peak", "NAME_IT": "Piggs Peak", "NAME_JA": "ピッグズ・ピーク", "NAME_KO": "피그스 피크", "NAME_NL": "Piggs Peak", "NAME_PL": "Piggs Peak", "NAME_SV": "Piggs Peak", "NAME_TR": "Piggs Peak", "NAME_VI": "Piggs Peak", "NE_ID": 1159115493, "NAME_FA": "پیگز پیگ", "NAME_HE": "פיגס פיק", "NAME_UK": "Піґґс Пік", "NAME_UR": "پیگز پیک", "NAME_ZHT": "皮格斯皮克", "GEONAMESID": 934881, "FCLASS_ISO": null, "FCLASS_US": null, "FCLASS_FR": null, "FCLASS_RU": null, "FCLASS_ES": null, "FCLASS_CN": null, "FCLASS_TW": null, "FCLASS_IN": null, "FCLASS_NP": null, "FCLASS_PK": null, "FCLASS_DE": null, "FCLASS_GB": null, "FCLASS_BR": null, "FCLASS_IL": null, "FCLASS_PS": null, "FCLASS_SA": null, "FCLASS_EG": null, "FCLASS_MA": null, "FCLASS_PT": null, "FCLASS_AR": null, "FCLASS_JP": null, "FCLASS_KO": null, "FCLASS_VN": null, "FCLASS_TR": null, "FCLASS_ID": null, "FCLASS_PL": null, "FCLASS_GR": null, "FCLASS_IT": null, "FCLASS_NL": null, "FCLASS_SE": null, "FCLASS_BD": null, "FCLASS_UA": null, "FCLASS_TLC": null}, "bbox": [31.247001, -25.961004, 31.247001, -25.961004], "geometry": {"type": "Point", "coordinates": [31.247001, -25.961004]}}, {"type": "Feature", "properties": {"SCALERANK": 10, "NATSCALE": 1, "LABELRANK": 8, "FEATURECLA": "Admin-1 capital", "NAME": "Siteki", "NAMEPAR": null, "NAMEALT": null, "NAMEASCII": "Siteki", "ADM0CAP": 0, "CAPIN": null, "WORLDCITY": 0, "MEGACITY": 0, "SOV0NAME": "eSwatini", "SOV_A3": "SWZ", "ADM0NAME": "eSwatini", "ADM0_A3": "SWZ", "ADM1NAME": "Lubombo", "ISO_A2": "SZ", "NOTE": null, "LATITUDE": -26.454996, "LONGITUDE": 31.951999, "POP_MAX": 6152, "POP_MIN": 6152, "POP_OTHER": 0, "RANK_MAX": 5, "RANK_MIN": 5, "MEGANAME": null, "LS_NAME": null, "MAX_POP10": 0, "MAX_POP20": 0, "MAX_POP50": 0, "MAX_POP300": 0, "MAX_POP310": 0, "MAX_NATSCA": 0, "MIN_AREAKM": 0, "MAX_AREAKM": 0, "MIN_AREAMI": 0, "MAX_AREAMI": 0, "MIN_PERKM": 0, "MAX_PERKM": 0, "MIN_PERMI": 0, "MAX_PERMI": 0, "MIN_BBXMIN": 0, "MAX_BBXMIN": 0, "MIN_BBXMAX": 0, "MAX_BBXMAX": 0, "MIN_BBYMIN": 0, "MAX_BBYMIN": 0, "MIN_BBYMAX": 0, "MAX_BBYMAX": 0, "MEAN_BBXC": 0, "MEAN_BBYC": 0, "TIMEZONE": "Africa/Mbabane", "UN_FID": 0, "POP1950": 0, "POP1955": 0, "POP1960": 0, "POP1965": 0, "POP1970": 0, "POP1975": 0, "POP1980": 0, "POP1985": 0, "POP1990": 0, "POP1995": 0, "POP2000": 0, "POP2005": 0, "POP2010": 0, "POP2015": 0, "POP2020": 0, "POP2025": 0, "POP2050": 0, "MIN_ZOOM": 9, "WIKIDATAID": "Q2300140", "WOF_ID": 890433523, "CAPALT": 0, "NAME_EN": "Siteki", "NAME_DE": "Siteki", "NAME_ES": "Siteki", "NAME_FR": "Siteki", "NAME_PT": "Siteki", "NAME_RU": "Ситеки", "NAME_ZH": "锡泰基", "LABEL": null, "NAME_AR": "سيتيكي", "NAME_BN": "সিটেকি", "NAME_EL": "Σιτέκι", "NAME_HI": "साइटकी", "NAME_HU": "Siteki", "NAME_ID": "Siteki", "NAME_IT": "Siteki", "NAME_JA": "シテキ", "NAME_KO": "시테키", "NAME_NL": "Siteki", "NAME_PL": "Siteki", "NAME_SV": "Siteki", "NAME_TR": "Siteki", "NAME_VI": "Siteki", "NE_ID": 1159115523, "NAME_FA": "سیتگی", "NAME_HE": "סיטקי", "NAME_UK": "Сітекі", "NAME_UR": "سیکیکی", "NAME_ZHT": "錫泰基", "GEONAMESID": 934851, "FCLASS_ISO": null, "FCLASS_US": null, "FCLASS_FR": null, "FCLASS_RU": null, "FCLASS_ES": null, "FCLASS_CN": null, "FCLASS_TW": null, "FCLASS_IN": null, "FCLASS_NP": null, "FCLASS_PK": null, "FCLASS_DE": null, "FCLASS_GB": null, "FCLASS_BR": null, "FCLASS_IL": null, "FCLASS_PS": null, "FCLASS_SA": null, "FCLASS_EG": null, "FCLASS_MA": null, "FCLASS_PT": null, "FCLASS_AR": null, "FCLASS_JP": null, "FCLASS_KO": null, "FCLASS_VN": null, "FCLASS_TR": null, "FCLASS_ID": null, "FCLASS_PL": null, "FCLASS_GR": null, "FCLASS_IT": null, "FCLASS_NL": null, "FCLASS_SE": null, "FCLASS_BD": null, "FCLASS_UA": null, "FCLASS_TLC": null}, "bbox": [31.951999, -26.454996, 31.951999, -26.454996], "geometry": {"type": "Point", "coordinates": [31.951999, -26.454996]}}, {"type": "Feature", "properties": {"SCALERANK": 10, "NATSCALE": 1, "LABELRANK": 8, "FEATURECLA": "Admin-1 capital", "NAME": "Manzini", "NAMEPAR": null, "NAMEALT": null, "NAMEASCII": "Manzini", "ADM0CAP": 0, "CAPIN": null, "WORLDCITY": 0, "MEGACITY": 0, "SOV0NAME": "eSwatini", "SOV_A3": "SWZ", "ADM0NAME": "eSwatini", "ADM0_A3": "SWZ", "ADM1NAME": "Manzini", "ISO_A2": "SZ", "NOTE": null, "LATITUDE": -26.495001, "LONGITUDE": 31.388005, "POP_MAX": 110537, "POP_MIN": 110537, "POP_OTHER": 0, "RANK_MAX": 9, "RANK_MIN": 9, "MEGANAME": null, "LS_NAME": null, "MAX_POP10": 0, "MAX_POP20": 0, "MAX_POP50": 0, "MAX_POP300": 0, "MAX_POP310": 0, "MAX_NATSCA": 0, "MIN_AREAKM": 0, "MAX_AREAKM": 0, "MIN_AREAMI": 0, "MAX_AREAMI": 0, "MIN_PERKM": 0, "MAX_PERKM": 0, "MIN_PERMI": 0, "MAX_PERMI": 0, "MIN_BBXMIN": 0, "MAX_BBXMIN": 0, "MIN_BBXMAX": 0, "MAX_BBXMAX": 0, "MIN_BBYMIN": 0, "MAX_BBYMIN": 0, "MIN_BBYMAX": 0, "MAX_BBYMAX": 0, "MEAN_BBXC": 0, "MEAN_BBYC": 0, "TIMEZONE": "Africa/Mbabane", "UN_FID": 0, "POP1950": 0, "POP1955": 0, "POP1960": 0, "POP1965": 0, "POP1970": 0, "POP1975": 0, "POP1980": 0, "POP1985": 0, "POP1990": 0, "POP1995": 0, "POP2000": 0, "POP2005": 0, "POP2010": 0, "POP2015": 0, "POP2020": 0, "POP2025": 0, "POP2050": 0, "MIN_ZOOM": 9, "WIKIDATAID": "Q495730", "WOF_ID": 421203093, "CAPALT": 0, "NAME_EN": "Manzini", "NAME_DE": "Manzini", "NAME_ES": "Manzini", "NAME_FR": "Manzini", "NAME_PT": "Manzini", "NAME_RU": "Манзини", "NAME_ZH": "曼齐尼", "LABEL": null, "NAME_AR": "منزيني", "NAME_BN": "মাঞ্জিনি", "NAME_EL": "Μανζίνι", "NAME_HI": "मंज़ीनी", "NAME_HU": "Manzini", "NAME_ID": "Manzini", "NAME_IT": "Manzini", "NAME_JA": "マンジニ", "NAME_KO": "만지니", "NAME_NL": "Manzini", "NAME_PL": "Manzini", "NAME_SV": "Manzini", "NAME_TR": "Manzini Bölgesi", "NAME_VI": "Manzini", "NE_ID": 1159115543, "NAME_FA": "مانزینی", "NAME_HE": "מנזיני", "NAME_UK": "Манзіні", "NAME_UR": "مانزینی", "NAME_ZHT": "曼齊尼", "GEONAMESID": 934995, "FCLASS_ISO": null, "FCLASS_US": null, "FCLASS_FR": null, "FCLASS_RU": null, "FCLASS_ES": null, "FCLASS_CN": null, "FCLASS_TW": null, "FCLASS_IN": null, "FCLASS_NP": null, "FCLASS_PK": null, "FCLASS_DE": null, "FCLASS_GB": null, "FCLASS_BR": null, "FCLASS_IL": null, "FCLASS_PS": null, "FCLASS_SA": null, "FCLASS_EG": null, "FCLASS_MA": null, "FCLASS_PT": null, "FCLASS_AR": null, "FCLASS_JP": null, "FCLASS_KO": null, "FCLASS_VN": null, "FCLASS_TR": null, "FCLASS_ID": null, "FCLASS_PL": null, "FCLASS_GR": null, "FCLASS_IT": null, "FCLASS_NL": null, "FCLASS_SE": null, "FCLASS_BD": null, "FCLASS_UA": null, "FCLASS_TLC": null}, "bbox": [31.388005, -26.495001, 31.388005, -26.495001], "geometry": {"type": "Point", "coordinates": [31.388005, -26.495001]}}, {"type": "Feature", "properties": {"SCALERANK": 10, "NATSCALE": 1, "LABELRANK": 8, "FEATURECLA": "Admin-1 capital", "NAME": "Hlatikulu", "NAMEPAR": null, "NAMEALT": null, "NAMEASCII": "Hlatikulu", "ADM0CAP": 0, "CAPIN": null, "WORLDCITY": 0, "MEGACITY": 0, "SOV0NAME": "eSwatini", "SOV_A3": "SWZ", "ADM0NAME": "eSwatini", "ADM0_A3": "SWZ", "ADM1NAME": "Shiselweni", "ISO_A2": "SZ", "NOTE": null, "LATITUDE": -27, "LONGITUDE": 31.416697, "POP_MAX": 2748, "POP_MIN": 2748, "POP_OTHER": 0, "RANK_MAX": 4, "RANK_MIN": 4, "MEGANAME": null, "LS_NAME": null, "MAX_POP10": 0, "MAX_POP20": 0, "MAX_POP50": 0, "MAX_POP300": 0, "MAX_POP310": 0, "MAX_NATSCA": 0, "MIN_AREAKM": 0, "MAX_AREAKM": 0, "MIN_AREAMI": 0, "MAX_AREAMI": 0, "MIN_PERKM": 0, "MAX_PERKM": 0, "MIN_PERMI": 0, "MAX_PERMI": 0, "MIN_BBXMIN": 0, "MAX_BBXMIN": 0, "MIN_BBXMAX": 0, "MAX_BBXMAX": 0, "MIN_BBYMIN": 0, "MAX_BBYMIN": 0, "MIN_BBYMAX": 0, "MAX_BBYMAX": 0, "MEAN_BBXC": 0, "MEAN_BBYC": 0, "TIMEZONE": "Africa/Mbabane", "UN_FID": 0, "POP1950": 0, "POP1955": 0, "POP1960": 0, "POP1965": 0, "POP1970": 0, "POP1975": 0, "POP1980": 0, "POP1985": 0, "POP1990": 0, "POP1995": 0, "POP2000": 0, "POP2005": 0, "POP2010": 0, "POP2015": 0, "POP2020": 0, "POP2025": 0, "POP2050": 0, "MIN_ZOOM": 7, "WIKIDATAID": "Q3235603", "WOF_ID": 890433551, "CAPALT": 0, "NAME_EN": "Hlatikulu", "NAME_DE": "Hlatikulu", "NAME_ES": "Hlatikulu", "NAME_FR": "Hlatikulu", "NAME_PT": "Hlatikulu", "NAME_RU": "Хлатикулу", "NAME_ZH": "赫拉蒂库卢", "LABEL": null, "NAME_AR": "هلاتيكولو", "NAME_BN": "হ্লাতিকুলু", "NAME_EL": "Χλατικουλού", "NAME_HI": "हलाटिकूलू", "NAME_HU": "Hlatikulu", "NAME_ID": "Hlatikulu", "NAME_IT": "Hlatikulu", "NAME_JA": "ハラティクル", "NAME_KO": "흘라티쿨루", "NAME_NL": "Hlatikulu", "NAME_PL": "Hlatikulu", "NAME_SV": "Hlatikulu", "NAME_TR": "Hlatikulu", "NAME_VI": "Hlatikulu", "NE_ID": 1159115561, "NAME_FA": "هلاتیکولو", "NAME_HE": "חלטיקולו", "NAME_UK": "Хлатікулу", "NAME_UR": "لاٹیکولو", "NAME_ZHT": "赫拉蒂庫盧", "GEONAMESID": 935081, "FCLASS_ISO": null, "FCLASS_US": null, "FCLASS_FR": null, "FCLASS_RU": null, "FCLASS_ES": null, "FCLASS_CN": null, "FCLASS_TW": null, "FCLASS_IN": null, "FCLASS_NP": null, "FCLASS_PK": null, "FCLASS_DE": null, "FCLASS_GB": null, "FCLASS_BR": null, "FCLASS_IL": null, "FCLASS_PS": null, "FCLASS_SA": null, "FCLASS_EG": null, "FCLASS_MA": null, "FCLASS_PT": null, "FCLASS_AR": null, "FCLASS_JP": null, "FCLASS_KO": null, "FCLASS_VN": null, "FCLASS_TR": null, "FCLASS_ID": null, "FCLASS_PL": null, "FCLASS_GR": null, "FCLASS_IT": null, "FCLASS_NL": null, "FCLASS_SE": null, "FCLASS_BD": null, "FCLASS_UA": null, "FCLASS_TLC": null}, "bbox": [31.310137, -26.960815, 31.310137, -26.960815], "geometry": {"type": "Point", "coordinates": [31.310137, -26.960815]}}, {"type": "Feature", "properties": {"SCALERANK": 10, "NATSCALE": 1, "LABELRANK": 3, "FEATURECLA": "Admin-1 capital", "NAME": "Qacha's Nek", "NAMEPAR": null, "NAMEALT": null, "NAMEASCII": "Qacha's Nek", "ADM0CAP": 0, "CAPIN": null, "WORLDCITY": 0, "MEGACITY": 0, "SOV0NAME": "South Africa", "SOV_A3": "ZAF", "ADM0NAME": "South Africa", "ADM0_A3": "ZAF", "ADM1NAME": "Eastern Cape", "ISO_A2": "ZA", "NOTE": null, "LATITUDE": -30.117267, "LONGITUDE": 28.702, "POP_MAX": 25573, "POP_MIN": 25573, "POP_OTHER": 0, "RANK_MAX": 7, "RANK_MIN": 7, "MEGANAME": null, "LS_NAME": null, "MAX_POP10": 0, "MAX_POP20": 0, "MAX_POP50": 0, "MAX_POP300": 0, "MAX_POP310": 0, "MAX_NATSCA": 0, "MIN_AREAKM": 0, "MAX_AREAKM": 0, "MIN_AREAMI": 0, "MAX_AREAMI": 0, "MIN_PERKM": 0, "MAX_PERKM": 0, "MIN_PERMI": 0, "MAX_PERMI": 0, "MIN_BBXMIN": 0, "MAX_BBXMIN": 0, "MIN_BBXMAX": 0, "MAX_BBXMAX": 0, "MIN_BBYMIN": 0, "MAX_BBYMIN": 0, "MIN_BBYMAX": 0, "MAX_BBYMAX": 0, "MEAN_BBXC": 0, "MEAN_BBYC": 0, "TIMEZONE": "Africa/Maseru", "UN_FID": 0, "POP1950": 0, "POP1955": 0, "POP1960": 0, "POP1965": 0, "POP1970": 0, "POP1975": 0, "POP1980": 0, "POP1985": 0, "POP1990": 0, "POP1995": 0, "POP2000": 0, "POP2005": 0, "POP2010": 0, "POP2015": 0, "POP2020": 0, "POP2025": 0, "POP2050": 0, "MIN_ZOOM": 7, "WIKIDATAID": "Q491829", "WOF_ID": 890433499, "CAPALT": 0, "NAME_EN": "Qacha's Nek", "NAME_DE": "Qacha’s Nek", "NAME_ES": "Qacha's Nek", "NAME_FR": "Qacha's Nek", "NAME_PT": "Qacha's Nek", "NAME_RU": "Цгачас-Нек", "NAME_ZH": "加查斯内克", "LABEL": null, "NAME_AR": "قاتشز نك", "NAME_BN": "কোশাস নেক", "NAME_EL": "Κάτσας Νεκ", "NAME_HI": "काशाज़ नेक", "NAME_HU": "Qacha's Nek", "NAME_ID": "Qacha's Nek", "NAME_IT": "Qacha's Nek", "NAME_JA": "クァクハスネック", "NAME_KO": "카차스 네크", "NAME_NL": "Qacha's Nek", "NAME_PL": "Qacha's Nek", "NAME_SV": "Qacha's Nek", "NAME_TR": "Qacha's Nek", "NAME_VI": "Qacha's Nek", "NE_ID": 1159116505, "NAME_FA": "کوچاز نک", "NAME_HE": "קאצ'ה'ס נק", "NAME_UK": "Цгачас-Нек", "NAME_UR": "قاچاز نیک", "NAME_ZHT": "加查斯內克", "GEONAMESID": 932218, "FCLASS_ISO": null, "FCLASS_US": null, "FCLASS_FR": null, "FCLASS_RU": null, "FCLASS_ES": null, "FCLASS_CN": null, "FCLASS_TW": null, "FCLASS_IN": null, "FCLASS_NP": null, "FCLASS_PK": null, "FCLASS_DE": null, "FCLASS_GB": null, "FCLASS_BR": null, "FCLASS_IL": null, "FCLASS_PS": null, "FCLASS_SA": null, "FCLASS_EG": null, "FCLASS_MA": null, "FCLASS_PT": null, "FCLASS_AR": null, "FCLASS_JP": null, "FCLASS_KO": null, "FCLASS_VN": null, "FCLASS_TR": null, "FCLASS_ID": null, "FCLASS_PL": null, "FCLASS_GR": null, "FCLASS_IT": null, "FCLASS_NL": null, "FCLASS_SE": null, "FCLASS_BD": null, "FCLASS_UA": null, "FCLASS_TLC": null}, "bbox": [28.701999, -30.117267, 28.701999, -30.117267], "geometry": {"type": "Point", "coordinates": [28.701999, -30.117267]}}, {"type": "Feature", "properties": {"SCALERANK": 10, "NATSCALE": 1, "LABELRANK": 6, "FEATURECLA": "Admin-1 capital", "NAME": "Omaruru", "NAMEPAR": null, "NAMEALT": null, "NAMEASCII": "Omaruru", "ADM0CAP": 0, "CAPIN": null, "WORLDCITY": 0, "MEGACITY": 0, "SOV0NAME": "Namibia", "SOV_A3": "NAM", "ADM0NAME": "Namibia", "ADM0_A3": "NAM", "ADM1NAME": "Erongo", "ISO_A2": "NA", "NOTE": null, "LATITUDE": -21.436002, "LONGITUDE": 15.950998, "POP_MAX": 11547, "POP_MIN": 11547, "POP_OTHER": 0, "RANK_MAX": 6, "RANK_MIN": 6, "MEGANAME": null, "LS_NAME": null, "MAX_POP10": 0, "MAX_POP20": 0, "MAX_POP50": 0, "MAX_POP300": 0, "MAX_POP310": 0, "MAX_NATSCA": 0, "MIN_AREAKM": 0, "MAX_AREAKM": 0, "MIN_AREAMI": 0, "MAX_AREAMI": 0, "MIN_PERKM": 0, "MAX_PERKM": 0, "MIN_PERMI": 0, "MAX_PERMI": 0, "MIN_BBXMIN": 0, "MAX_BBXMIN": 0, "MIN_BBXMAX": 0, "MAX_BBXMAX": 0, "MIN_BBYMIN": 0, "MAX_BBYMIN": 0, "MIN_BBYMAX": 0, "MAX_BBYMAX": 0, "MEAN_BBXC": 0, "MEAN_BBYC": 0, "TIMEZONE": "Africa/Windhoek", "UN_FID": 0, "POP1950": 0, "POP1955": 0, "POP1960": 0, "POP1965": 0, "POP1970": 0, "POP1975": 0, "POP1980": 0, "POP1985": 0, "POP1990": 0, "POP1995": 0, "POP2000": 0, "POP2005": 0, "POP2010": 0, "POP2015": 0, "POP2020": 0, "POP2025": 0, "POP2050": 0, "MIN_ZOOM": 7, "WIKIDATAID": "Q1896161", "WOF_ID": 421176115, "CAPALT": 0, "NAME_EN": "Omaruru", "NAME_DE": "Omaruru", "NAME_ES": "Omaruru", "NAME_FR": "Omaruru", "NAME_PT": "Omaruru", "NAME_RU": "Омаруру", "NAME_ZH": "奥马鲁鲁", "LABEL": null, "NAME_AR": "أومارورو", "NAME_BN": "ওমারুরু", "NAME_EL": "Ομαρούρου", "NAME_HI": "ओमरुरु", "NAME_HU": "Omaruru", "NAME_ID": "Omaruru", "NAME_IT": "Omaruru", "NAME_JA": "オマルル", "NAME_KO": "오마루루", "NAME_NL": "Omaruru", "NAME_PL": "Omaruru", "NAME_SV": "Omaruru", "NAME_TR": "Omaruru", "NAME_VI": "Omaruru", "NE_ID": 1159116779, "NAME_FA": "اومارورو", "NAME_HE": "אומרורו", "NAME_UK": "Омаруру", "NAME_UR": "اومارورو", "NAME_ZHT": "奧馬魯魯", "GEONAMESID": 3354540, "FCLASS_ISO": null, "FCLASS_US": null, "FCLASS_FR": null, "FCLASS_RU": null, "FCLASS_ES": null, "FCLASS_CN": null, "FCLASS_TW": null, "FCLASS_IN": null, "FCLASS_NP": null, "FCLASS_PK": null, "FCLASS_DE": null, "FCLASS_GB": null, "FCLASS_BR": null, "FCLASS_IL": null, "FCLASS_PS": null, "FCLASS_SA": null, "FCLASS_EG": null, "FCLASS_MA": null, "FCLASS_PT": null, "FCLASS_AR": null, "FCLASS_JP": null, "FCLASS_KO": null, "FCLASS_VN": null, "FCLASS_TR": null, "FCLASS_ID": null, "FCLASS_PL": null, "FCLASS_GR": null, "FCLASS_IT": null, "FCLASS_NL": null, "FCLASS_SE": null, "FCLASS_BD": null, "FCLASS_UA": null, "FCLASS_TLC": null}, "bbox": [15.950997, -21.436002, 15.950997, -21.436002], "geometry": {"type": "Point", "coordinates": [15.950997, -21.436002]}}, {"type": "Feature", "properties": {"SCALERANK": 10, "NATSCALE": 1, "LABELRANK": 6, "FEATURECLA": "Admin-1 capital", "NAME": "Karibib", "NAMEPAR": null, "NAMEALT": null, "NAMEASCII": "Karibib", "ADM0CAP": 0, "CAPIN": null, "WORLDCITY": 0, "MEGACITY": 0, "SOV0NAME": "Namibia", "SOV_A3": "NAM", "ADM0NAME": "Namibia", "ADM0_A3": "NAM", "ADM1NAME": "Erongo", "ISO_A2": "NA", "NOTE": null, "LATITUDE": -21.939003, "LONGITUDE": 15.852997, "POP_MAX": 6898, "POP_MIN": 6898, "POP_OTHER": 0, "RANK_MAX": 5, "RANK_MIN": 5, "MEGANAME": null, "LS_NAME": null, "MAX_POP10": 0, "MAX_POP20": 0, "MAX_POP50": 0, "MAX_POP300": 0, "MAX_POP310": 0, "MAX_NATSCA": 0, "MIN_AREAKM": 0, "MAX_AREAKM": 0, "MIN_AREAMI": 0, "MAX_AREAMI": 0, "MIN_PERKM": 0, "MAX_PERKM": 0, "MIN_PERMI": 0, "MAX_PERMI": 0, "MIN_BBXMIN": 0, "MAX_BBXMIN": 0, "MIN_BBXMAX": 0, "MAX_BBXMAX": 0, "MIN_BBYMIN": 0, "MAX_BBYMIN": 0, "MIN_BBYMAX": 0, "MAX_BBYMAX": 0, "MEAN_BBXC": 0, "MEAN_BBYC": 0, "TIMEZONE": "Africa/Windhoek", "UN_FID": 0, "POP1950": 0, "POP1955": 0, "POP1960": 0, "POP1965": 0, "POP1970": 0, "POP1975": 0, "POP1980": 0, "POP1985": 0, "POP1990": 0, "POP1995": 0, "POP2000": 0, "POP2005": 0, "POP2010": 0, "POP2015": 0, "POP2020": 0, "POP2025": 0, "POP2050": 0, "MIN_ZOOM": 7, "WIKIDATAID": "Q1348181", "WOF_ID": 421169485, "CAPALT": 0, "NAME_EN": "Karibib", "NAME_DE": "Karibib", "NAME_ES": "Distrito electoral de Karibib", "NAME_FR": "Karibib", "NAME_PT": "Karibib", "NAME_RU": "Карибиб", "NAME_ZH": "卡里比布", "LABEL": null, "NAME_AR": "كاريبيب", "NAME_BN": "কারিবিব", "NAME_EL": "Καριμπίμπ", "NAME_HI": "कारिबिब", "NAME_HU": "Karibib", "NAME_ID": "Karibib", "NAME_IT": "Karibib", "NAME_JA": "カリビブ", "NAME_KO": "카리비브", "NAME_NL": "Karibib", "NAME_PL": "Karibib", "NAME_SV": "Karibib", "NAME_TR": "Karibib", "NAME_VI": "Karibib", "NE_ID": 1159116805, "NAME_FA": "کاریبیب", "NAME_HE": "קאריביב", "NAME_UK": "Карібіб", "NAME_UR": "کاریبیب", "NAME_ZHT": "卡里比布", "GEONAMESID": 3356332, "FCLASS_ISO": null, "FCLASS_US": null, "FCLASS_FR": null, "FCLASS_RU": null, "FCLASS_ES": null, "FCLASS_CN": null, "FCLASS_TW": null, "FCLASS_IN": null, "FCLASS_NP": null, "FCLASS_PK": null, "FCLASS_DE": null, "FCLASS_GB": null, "FCLASS_BR": null, "FCLASS_IL": null, "FCLASS_PS": null, "FCLASS_SA": null, "FCLASS_EG": null, "FCLASS_MA": null, "FCLASS_PT": null, "FCLASS_AR": null, "FCLASS_JP": null, "FCLASS_KO": null, "FCLASS_VN": null, "FCLASS_TR": null, "FCLASS_ID": null, "FCLASS_PL": null, "FCLASS_GR": null, "FCLASS_IT": null, "FCLASS_NL": null, "FCLASS_SE": null, "FCLASS_BD": null, "FCLASS_UA": null, "FCLASS_TLC": null}, "bbox": [15.852996, -21.939003, 15.852996, -21.939003], "geometry": {"type": "Point", "coordinates": [15.852996, -21.939003]}}, {"type": "Feature", "properties": {"SCALERANK": 10, "NATSCALE": 1, "LABELRANK": 6, "FEATURECLA": "Admin-1 capital", "NAME": "Otavi", "NAMEPAR": null, "NAMEALT": null, "NAMEASCII": "Otavi", "ADM0CAP": 0, "CAPIN": null, "WORLDCITY": 0, "MEGACITY": 0, "SOV0NAME": "Namibia", "SOV_A3": "NAM", "ADM0NAME": "Namibia", "ADM0_A3": "NAM", "ADM1NAME": "Otjozondjupa", "ISO_A2": "NA", "NOTE": null, "LATITUDE": -19.639998, "LONGITUDE": 17.342002, "POP_MAX": 4562, "POP_MIN": 4562, "POP_OTHER": 0, "RANK_MAX": 4, "RANK_MIN": 4, "MEGANAME": null, "LS_NAME": null, "MAX_POP10": 0, "MAX_POP20": 0, "MAX_POP50": 0, "MAX_POP300": 0, "MAX_POP310": 0, "MAX_NATSCA": 0, "MIN_AREAKM": 0, "MAX_AREAKM": 0, "MIN_AREAMI": 0, "MAX_AREAMI": 0, "MIN_PERKM": 0, "MAX_PERKM": 0, "MIN_PERMI": 0, "MAX_PERMI": 0, "MIN_BBXMIN": 0, "MAX_BBXMIN": 0, "MIN_BBXMAX": 0, "MAX_BBXMAX": 0, "MIN_BBYMIN": 0, "MAX_BBYMIN": 0, "MIN_BBYMAX": 0, "MAX_BBYMAX": 0, "MEAN_BBXC": 0, "MEAN_BBYC": 0, "TIMEZONE": "Africa/Windhoek", "UN_FID": 0, "POP1950": 0, "POP1955": 0, "POP1960": 0, "POP1965": 0, "POP1970": 0, "POP1975": 0, "POP1980": 0, "POP1985": 0, "POP1990": 0, "POP1995": 0, "POP2000": 0, "POP2005": 0, "POP2010": 0, "POP2015": 0, "POP2020": 0, "POP2025": 0, "POP2050": 0, "MIN_ZOOM": 7, "WIKIDATAID": "Q1013965", "WOF_ID": 421176111, "CAPALT": 0, "NAME_EN": "Otavi", "NAME_DE": "Otavi", "NAME_ES": "Otavi", "NAME_FR": "Otavi", "NAME_PT": "Otavi", "NAME_RU": "Отави", "NAME_ZH": "奥塔维", "LABEL": null, "NAME_AR": "أوتافي", "NAME_BN": "ওটাভি", "NAME_EL": "Οτάβι", "NAME_HI": "ओतावि", "NAME_HU": "Otavi", "NAME_ID": "Otavi", "NAME_IT": "Otavi", "NAME_JA": "オタヴィ", "NAME_KO": "오타비", "NAME_NL": "Otavi", "NAME_PL": "Otavi", "NAME_SV": "Otavi", "NAME_TR": "Otavi", "NAME_VI": "Otavi", "NE_ID": 1159116825, "NAME_FA": "اوتاوی", "NAME_HE": "אוטבי", "NAME_UK": "Отаві", "NAME_UR": "اوتاوی", "NAME_ZHT": "奧塔維", "GEONAMESID": 3353934, "FCLASS_ISO": null, "FCLASS_US": null, "FCLASS_FR": null, "FCLASS_RU": null, "FCLASS_ES": null, "FCLASS_CN": null, "FCLASS_TW": null, "FCLASS_IN": null, "FCLASS_NP": null, "FCLASS_PK": null, "FCLASS_DE": null, "FCLASS_GB": null, "FCLASS_BR": null, "FCLASS_IL": null, "FCLASS_PS": null, "FCLASS_SA": null, "FCLASS_EG": null, "FCLASS_MA": null, "FCLASS_PT": null, "FCLASS_AR": null, "FCLASS_JP": null, "FCLASS_KO": null, "FCLASS_VN": null, "FCLASS_TR": null, "FCLASS_ID": null, "FCLASS_PL": null, "FCLASS_GR": null, "FCLASS_IT": null, "FCLASS_NL": null, "FCLASS_SE": null, "FCLASS_BD": null, "FCLASS_UA": null, "FCLASS_TLC": null}, "bbox": [17.342001, -19.639998, 17.342001, -19.639998], "geometry": {"type": "Point", "coordinates": [17.342001, -19.639998]}}, {"type": "Feature", "properties": {"SCALERANK": 10, "NATSCALE": 1, "LABELRANK": 6, "FEATURECLA": "Admin-1 capital", "NAME": "Gobabis", "NAMEPAR": null, "NAMEALT": null, "NAMEASCII": "Gobabis", "ADM0CAP": 0, "CAPIN": null, "WORLDCITY": 0, "MEGACITY": 0, "SOV0NAME": "Namibia", "SOV_A3": "NAM", "ADM0NAME": "Namibia", "ADM0_A3": "NAM", "ADM1NAME": "Omaheke", "ISO_A2": "NA", "NOTE": null, "LATITUDE": -22.455, "LONGITUDE": 18.963001, "POP_MAX": 16321, "POP_MIN": 16321, "POP_OTHER": 0, "RANK_MAX": 6, "RANK_MIN": 6, "MEGANAME": null, "LS_NAME": null, "MAX_POP10": 0, "MAX_POP20": 0, "MAX_POP50": 0, "MAX_POP300": 0, "MAX_POP310": 0, "MAX_NATSCA": 0, "MIN_AREAKM": 0, "MAX_AREAKM": 0, "MIN_AREAMI": 0, "MAX_AREAMI": 0, "MIN_PERKM": 0, "MAX_PERKM": 0, "MIN_PERMI": 0, "MAX_PERMI": 0, "MIN_BBXMIN": 0, "MAX_BBXMIN": 0, "MIN_BBXMAX": 0, "MAX_BBXMAX": 0, "MIN_BBYMIN": 0, "MAX_BBYMIN": 0, "MIN_BBYMAX": 0, "MAX_BBYMAX": 0, "MEAN_BBXC": 0, "MEAN_BBYC": 0, "TIMEZONE": "Africa/Windhoek", "UN_FID": 0, "POP1950": 0, "POP1955": 0, "POP1960": 0, "POP1965": 0, "POP1970": 0, "POP1975": 0, "POP1980": 0, "POP1985": 0, "POP1990": 0, "POP1995": 0, "POP2000": 0, "POP2005": 0, "POP2010": 0, "POP2015": 0, "POP2020": 0, "POP2025": 0, "POP2050": 0, "MIN_ZOOM": 7, "WIKIDATAID": "Q1000609", "WOF_ID": 421169043, "CAPALT": 0, "NAME_EN": "Gobabis", "NAME_DE": "Gobabis", "NAME_ES": "Gobabis", "NAME_FR": "Gobabis", "NAME_PT": "Gobabis", "NAME_RU": "Гобабис", "NAME_ZH": "戈巴比斯", "LABEL": null, "NAME_AR": "غوبابوس", "NAME_BN": "গোবাবিস", "NAME_EL": "Γκομπάμπις", "NAME_HI": "गोबाबिस", "NAME_HU": "Gobabis", "NAME_ID": "Gobabis", "NAME_IT": "Gobabis", "NAME_JA": "ゴバビス", "NAME_KO": "고바비스", "NAME_NL": "Gobabis", "NAME_PL": "Gobabis", "NAME_SV": "Gobabis", "NAME_TR": "Gobabis", "NAME_VI": "Gobabis", "NE_ID": 1159116843, "NAME_FA": "گوبابیس", "NAME_HE": "גובאביס", "NAME_UK": "Гобабіс", "NAME_UR": "گوابیس", "NAME_ZHT": "戈巴比斯", "GEONAMESID": 3357247, "FCLASS_ISO": null, "FCLASS_US": null, "FCLASS_FR": null, "FCLASS_RU": null, "FCLASS_ES": null, "FCLASS_CN": null, "FCLASS_TW": null, "FCLASS_IN": null, "FCLASS_NP": null, "FCLASS_PK": null, "FCLASS_DE": null, "FCLASS_GB": null, "FCLASS_BR": null, "FCLASS_IL": null, "FCLASS_PS": null, "FCLASS_SA": null, "FCLASS_EG": null, "FCLASS_MA": null, "FCLASS_PT": null, "FCLASS_AR": null, "FCLASS_JP": null, "FCLASS_KO": null, "FCLASS_VN": null, "FCLASS_TR": null, "FCLASS_ID": null, "FCLASS_PL": null, "FCLASS_GR": null, "FCLASS_IT": null, "FCLASS_NL": null, "FCLASS_SE": null, "FCLASS_BD": null, "FCLASS_UA": null, "FCLASS_TLC": null}, "bbox": [18.963, -22.455, 18.963, -22.455], "geometry": {"type": "Point", "coordinates": [18.963, -22.455]}}, {"type": "Feature", "properties": {"SCALERANK": 10, "NATSCALE": 1, "LABELRANK": 8, "FEATURECLA": "Admin-1 capital", "NAME": "Teyateyaneng", "NAMEPAR": null, "NAMEALT": null, "NAMEASCII": "Teyateyaneng", "ADM0CAP": 0, "CAPIN": null, "WORLDCITY": 0, "MEGACITY": 0, "SOV0NAME": "Lesotho", "SOV_A3": "LSO", "ADM0NAME": "Lesotho", "ADM0_A3": "LSO", "ADM1NAME": "Berea", "ISO_A2": "LS", "NOTE": null, "LATITUDE": -29.152998, "LONGITUDE": 27.753004, "POP_MAX": 5115, "POP_MIN": 5115, "POP_OTHER": 0, "RANK_MAX": 5, "RANK_MIN": 5, "MEGANAME": null, "LS_NAME": null, "MAX_POP10": 0, "MAX_POP20": 0, "MAX_POP50": 0, "MAX_POP300": 0, "MAX_POP310": 0, "MAX_NATSCA": 0, "MIN_AREAKM": 0, "MAX_AREAKM": 0, "MIN_AREAMI": 0, "MAX_AREAMI": 0, "MIN_PERKM": 0, "MAX_PERKM": 0, "MIN_PERMI": 0, "MAX_PERMI": 0, "MIN_BBXMIN": 0, "MAX_BBXMIN": 0, "MIN_BBXMAX": 0, "MAX_BBXMAX": 0, "MIN_BBYMIN": 0, "MAX_BBYMIN": 0, "MIN_BBYMAX": 0, "MAX_BBYMAX": 0, "MEAN_BBXC": 0, "MEAN_BBYC": 0, "TIMEZONE": "Africa/Maseru", "UN_FID": 0, "POP1950": 0, "POP1955": 0, "POP1960": 0, "POP1965": 0, "POP1970": 0, "POP1975": 0, "POP1980": 0, "POP1985": 0, "POP1990": 0, "POP1995": 0, "POP2000": 0, "POP2005": 0, "POP2010": 0, "POP2015": 0, "POP2020": 0, "POP2025": 0, "POP2050": 0, "MIN_ZOOM": 9, "WIKIDATAID": "Q844423", "WOF_ID": 890441287, "CAPALT": 0, "NAME_EN": "Teyateyaneng", "NAME_DE": "Teyateyaneng", "NAME_ES": "Teyateyaneng", "NAME_FR": "Teyateyaneng", "NAME_PT": "Teyateyaneng", "NAME_RU": "Теятеяненг", "NAME_ZH": "泰亚泰亚嫩", "LABEL": null, "NAME_AR": "تياتيانينغ", "NAME_BN": "তেয়াতেইয়াঙ্গেং", "NAME_EL": "Τεϊατεϊανενγκ", "NAME_HI": "टियातेयनेंग", "NAME_HU": "Teyateyaneng", "NAME_ID": "Teyateyaneng", "NAME_IT": "Teyateyaneng", "NAME_JA": "テヤテヤネング", "NAME_KO": "테야테야넨", "NAME_NL": "Teyateyaneng", "NAME_PL": "Teyateyaneng", "NAME_SV": "Teyateyaneng", "NAME_TR": "Teyateyaneng", "NAME_VI": "Teyateyaneng", "NE_ID": 1159117491, "NAME_FA": "تیاتیاننگ", "NAME_HE": "טיאטיאננג", "NAME_UK": "Теятеяненг", "NAME_UR": "تئیاتئیانگ", "NAME_ZHT": "泰亞泰亞嫩", "GEONAMESID": 932035, "FCLASS_ISO": null, "FCLASS_US": null, "FCLASS_FR": null, "FCLASS_RU": null, "FCLASS_ES": null, "FCLASS_CN": null, "FCLASS_TW": null, "FCLASS_IN": null, "FCLASS_NP": null, "FCLASS_PK": null, "FCLASS_DE": null, "FCLASS_GB": null, "FCLASS_BR": null, "FCLASS_IL": null, "FCLASS_PS": null, "FCLASS_SA": null, "FCLASS_EG": null, "FCLASS_MA": null, "FCLASS_PT": null, "FCLASS_AR": null, "FCLASS_JP": null, "FCLASS_KO": null, "FCLASS_VN": null, "FCLASS_TR": null, "FCLASS_ID": null, "FCLASS_PL": null, "FCLASS_GR": null, "FCLASS_IT": null, "FCLASS_NL": null, "FCLASS_SE": null, "FCLASS_BD": null, "FCLASS_UA": null, "FCLASS_TLC": null}, "bbox": [27.753003, -29.152998, 27.753003, -29.152998], "geometry": {"type": "Point", "coordinates": [27.753003, -29.152998]}}, {"type": "Feature", "properties": {"SCALERANK": 10, "NATSCALE": 1, "LABELRANK": 8, "FEATURECLA": "Admin-1 capital", "NAME": "Mohales Hoek", "NAMEPAR": null, "NAMEALT": null, "NAMEASCII": "Mohales Hoek", "ADM0CAP": 0, "CAPIN": null, "WORLDCITY": 0, "MEGACITY": 0, "SOV0NAME": "Lesotho", "SOV_A3": "LSO", "ADM0NAME": "Lesotho", "ADM0_A3": "LSO", "ADM1NAME": "Mohale's Hoek", "ISO_A2": "LS", "NOTE": null, "LATITUDE": -30.159, "LONGITUDE": 27.479998, "POP_MAX": 24992, "POP_MIN": 24992, "POP_OTHER": 0, "RANK_MAX": 7, "RANK_MIN": 7, "MEGANAME": null, "LS_NAME": null, "MAX_POP10": 0, "MAX_POP20": 0, "MAX_POP50": 0, "MAX_POP300": 0, "MAX_POP310": 0, "MAX_NATSCA": 0, "MIN_AREAKM": 0, "MAX_AREAKM": 0, "MIN_AREAMI": 0, "MAX_AREAMI": 0, "MIN_PERKM": 0, "MAX_PERKM": 0, "MIN_PERMI": 0, "MAX_PERMI": 0, "MIN_BBXMIN": 0, "MAX_BBXMIN": 0, "MIN_BBXMAX": 0, "MAX_BBXMAX": 0, "MIN_BBYMIN": 0, "MAX_BBYMIN": 0, "MIN_BBYMAX": 0, "MAX_BBYMAX": 0, "MEAN_BBXC": 0, "MEAN_BBYC": 0, "TIMEZONE": "Africa/Maseru", "UN_FID": 0, "POP1950": 0, "POP1955": 0, "POP1960": 0, "POP1965": 0, "POP1970": 0, "POP1975": 0, "POP1980": 0, "POP1985": 0, "POP1990": 0, "POP1995": 0, "POP2000": 0, "POP2005": 0, "POP2010": 0, "POP2015": 0, "POP2020": 0, "POP2025": 0, "POP2050": 0, "MIN_ZOOM": 9, "WIKIDATAID": "Q1818943", "WOF_ID": 421179979, "CAPALT": 0, "NAME_EN": "Mohale's Hoek", "NAME_DE": "Mohale’s Hoek", "NAME_ES": "Mohale's Hoek", "NAME_FR": "Mohale's Hoek", "NAME_PT": "Mohale's Hoek", "NAME_RU": "Мохалес-Хук", "NAME_ZH": "莫哈萊斯胡克", "LABEL": null, "NAME_AR": "موهالي هوك", "NAME_BN": "মোহালেস হোয়েক", "NAME_EL": "Μοχάλες Χουκ", "NAME_HI": "मोहालिस होइक", "NAME_HU": "Mohales Hoek", "NAME_ID": "Mohales Hoek", "NAME_IT": "Mohale's Hoek", "NAME_JA": "モハレス・フーク", "NAME_KO": "모할레스 후크", "NAME_NL": "Mohale's Hoek", "NAME_PL": "Mohale's Hoek", "NAME_SV": "Mohale's Hoek", "NAME_TR": "Mohales Hoek", "NAME_VI": "Mohales Hoek", "NE_ID": 1159117509, "NAME_FA": "موهالس هوئک", "NAME_HE": "מוהאל'ס הוק", "NAME_UK": "Мохалес-Хук", "NAME_UR": "موہیلز ہوک", "NAME_ZHT": "莫哈萊斯胡克", "GEONAMESID": 932438, "FCLASS_ISO": null, "FCLASS_US": null, "FCLASS_FR": null, "FCLASS_RU": null, "FCLASS_ES": null, "FCLASS_CN": null, "FCLASS_TW": null, "FCLASS_IN": null, "FCLASS_NP": null, "FCLASS_PK": null, "FCLASS_DE": null, "FCLASS_GB": null, "FCLASS_BR": null, "FCLASS_IL": null, "FCLASS_PS": null, "FCLASS_SA": null, "FCLASS_EG": null, "FCLASS_MA": null, "FCLASS_PT": null, "FCLASS_AR": null, "FCLASS_JP": null, "FCLASS_KO": null, "FCLASS_VN": null, "FCLASS_TR": null, "FCLASS_ID": null, "FCLASS_PL": null, "FCLASS_GR": null, "FCLASS_IT": null, "FCLASS_NL": null, "FCLASS_SE": null, "FCLASS_BD": null, "FCLASS_UA": null, "FCLASS_TLC": null}, "bbox": [27.479997, -30.159, 27.479997, -30.159], "geometry": {"type": "Point", "coordinates": [27.479997, -30.159]}}, {"type": "Feature", "properties": {"SCALERANK": 10, "NATSCALE": 1, "LABELRANK": 8, "FEATURECLA": "Admin-1 capital", "NAME": "Moyeni", "NAMEPAR": null, "NAMEALT": null, "NAMEASCII": "Moyeni", "ADM0CAP": 0, "CAPIN": null, "WORLDCITY": 0, "MEGACITY": 0, "SOV0NAME": "Lesotho", "SOV_A3": "LSO", "ADM0NAME": "Lesotho", "ADM0_A3": "LSO", "ADM1NAME": "Quthing", "ISO_A2": "LS", "NOTE": null, "LATITUDE": -30.411, "LONGITUDE": 27.716005, "POP_MAX": 24130, "POP_MIN": 24130, "POP_OTHER": 0, "RANK_MAX": 7, "RANK_MIN": 7, "MEGANAME": null, "LS_NAME": null, "MAX_POP10": 0, "MAX_POP20": 0, "MAX_POP50": 0, "MAX_POP300": 0, "MAX_POP310": 0, "MAX_NATSCA": 0, "MIN_AREAKM": 0, "MAX_AREAKM": 0, "MIN_AREAMI": 0, "MAX_AREAMI": 0, "MIN_PERKM": 0, "MAX_PERKM": 0, "MIN_PERMI": 0, "MAX_PERMI": 0, "MIN_BBXMIN": 0, "MAX_BBXMIN": 0, "MIN_BBXMAX": 0, "MAX_BBXMAX": 0, "MIN_BBYMIN": 0, "MAX_BBYMIN": 0, "MIN_BBYMAX": 0, "MAX_BBYMAX": 0, "MEAN_BBXC": 0, "MEAN_BBYC": 0, "TIMEZONE": "Africa/Maseru", "UN_FID": 0, "POP1950": 0, "POP1955": 0, "POP1960": 0, "POP1965": 0, "POP1970": 0, "POP1975": 0, "POP1980": 0, "POP1985": 0, "POP1990": 0, "POP1995": 0, "POP2000": 0, "POP2005": 0, "POP2010": 0, "POP2015": 0, "POP2020": 0, "POP2025": 0, "POP2050": 0, "MIN_ZOOM": 7, "WIKIDATAID": "Q1003318", "WOF_ID": 421177969, "CAPALT": 0, "NAME_EN": "Quthing", "NAME_DE": "Quthing", "NAME_ES": "Quthing", "NAME_FR": "Quthing", "NAME_PT": "Quthing", "NAME_RU": "Цгутинг", "NAME_ZH": "古廷", "LABEL": null, "NAME_AR": "ميوني", "NAME_BN": "মোয়েনি", "NAME_EL": "Μοϊενί", "NAME_HI": "मोयेनि", "NAME_HU": "Moyeni", "NAME_ID": "Moyeni", "NAME_IT": "Quthing", "NAME_JA": "クティング", "NAME_KO": "모예니", "NAME_NL": "Quthing", "NAME_PL": "Quthing", "NAME_SV": "Quthing", "NAME_TR": "Moyeni", "NAME_VI": "Moyeni", "NE_ID": 1159117539, "NAME_FA": "موینی", "NAME_HE": "קות'ינג", "NAME_UK": "Цгутінг", "NAME_UR": "قوتھینگ", "NAME_ZHT": "古廷", "GEONAMESID": 932183, "FCLASS_ISO": null, "FCLASS_US": null, "FCLASS_FR": null, "FCLASS_RU": null, "FCLASS_ES": null, "FCLASS_CN": null, "FCLASS_TW": null, "FCLASS_IN": null, "FCLASS_NP": null, "FCLASS_PK": null, "FCLASS_DE": null, "FCLASS_GB": null, "FCLASS_BR": null, "FCLASS_IL": null, "FCLASS_PS": null, "FCLASS_SA": null, "FCLASS_EG": null, "FCLASS_MA": null, "FCLASS_PT": null, "FCLASS_AR": null, "FCLASS_JP": null, "FCLASS_KO": null, "FCLASS_VN": null, "FCLASS_TR": null, "FCLASS_ID": null, "FCLASS_PL": null, "FCLASS_GR": null, "FCLASS_IT": null, "FCLASS_NL": null, "FCLASS_SE": null, "FCLASS_BD": null, "FCLASS_UA": null, "FCLASS_TLC": null}, "bbox": [27.716005, -30.411, 27.716005, -30.411], "geometry": {"type": "Point", "coordinates": [27.716005, -30.411]}}, {"type": "Feature", "properties": {"SCALERANK": 10, "NATSCALE": 1, "LABELRANK": 8, "FEATURECLA": "Admin-1 capital", "NAME": "Hlotse", "NAMEPAR": null, "NAMEALT": null, "NAMEASCII": "Hlotse", "ADM0CAP": 0, "CAPIN": null, "WORLDCITY": 0, "MEGACITY": 0, "SOV0NAME": "Lesotho", "SOV_A3": "LSO", "ADM0NAME": "Lesotho", "ADM0_A3": "LSO", "ADM1NAME": "Leribe", "ISO_A2": "LS", "NOTE": null, "LATITUDE": -28.878003, "LONGITUDE": 28.055998, "POP_MAX": 47675, "POP_MIN": 47675, "POP_OTHER": 0, "RANK_MAX": 7, "RANK_MIN": 7, "MEGANAME": null, "LS_NAME": null, "MAX_POP10": 0, "MAX_POP20": 0, "MAX_POP50": 0, "MAX_POP300": 0, "MAX_POP310": 0, "MAX_NATSCA": 0, "MIN_AREAKM": 0, "MAX_AREAKM": 0, "MIN_AREAMI": 0, "MAX_AREAMI": 0, "MIN_PERKM": 0, "MAX_PERKM": 0, "MIN_PERMI": 0, "MAX_PERMI": 0, "MIN_BBXMIN": 0, "MAX_BBXMIN": 0, "MIN_BBXMAX": 0, "MAX_BBXMAX": 0, "MIN_BBYMIN": 0, "MAX_BBYMIN": 0, "MIN_BBYMAX": 0, "MAX_BBYMAX": 0, "MEAN_BBXC": 0, "MEAN_BBYC": 0, "TIMEZONE": "Africa/Maseru", "UN_FID": 0, "POP1950": 0, "POP1955": 0, "POP1960": 0, "POP1965": 0, "POP1970": 0, "POP1975": 0, "POP1980": 0, "POP1985": 0, "POP1990": 0, "POP1995": 0, "POP2000": 0, "POP2005": 0, "POP2010": 0, "POP2015": 0, "POP2020": 0, "POP2025": 0, "POP2050": 0, "MIN_ZOOM": 9, "WIKIDATAID": "Q993076", "WOF_ID": 421168785, "CAPALT": 0, "NAME_EN": "Hlotse", "NAME_DE": "Hlotse", "NAME_ES": "Hlotse", "NAME_FR": "Leribe", "NAME_PT": "Hlotse", "NAME_RU": "Хлоце", "NAME_ZH": "莱里贝", "LABEL": null, "NAME_AR": "هلوتسي", "NAME_BN": "হ্লোতসে", "NAME_EL": "Χλότσε", "NAME_HI": "हलात्सी", "NAME_HU": "Hlotse", "NAME_ID": "Hlotse", "NAME_IT": "Hlotse", "NAME_JA": "フロツェ", "NAME_KO": "흘로체", "NAME_NL": "Hlotse", "NAME_PL": "Hlotse", "NAME_SV": "Hlotse", "NAME_TR": "Hlotse", "NAME_VI": "Hlotse", "NE_ID": 1159117545, "NAME_FA": "هلوتسه", "NAME_HE": "הלוצ'ה", "NAME_UK": "Хлоце", "NAME_UR": "ہلوتس", "NAME_ZHT": "萊里貝", "GEONAMESID": 932698, "FCLASS_ISO": null, "FCLASS_US": null, "FCLASS_FR": null, "FCLASS_RU": null, "FCLASS_ES": null, "FCLASS_CN": null, "FCLASS_TW": null, "FCLASS_IN": null, "FCLASS_NP": null, "FCLASS_PK": null, "FCLASS_DE": null, "FCLASS_GB": null, "FCLASS_BR": null, "FCLASS_IL": null, "FCLASS_PS": null, "FCLASS_SA": null, "FCLASS_EG": null, "FCLASS_MA": null, "FCLASS_PT": null, "FCLASS_AR": null, "FCLASS_JP": null, "FCLASS_KO": null, "FCLASS_VN": null, "FCLASS_TR": null, "FCLASS_ID": null, "FCLASS_PL": null, "FCLASS_GR": null, "FCLASS_IT": null, "FCLASS_NL": null, "FCLASS_SE": null, "FCLASS_BD": null, "FCLASS_UA": null, "FCLASS_TLC": null}, "bbox": [28.055998, -28.878003, 28.055998, -28.878003], "geometry": {"type": "Point", "coordinates": [28.055998, -28.878003]}}, {"type": "Feature", "properties": {"SCALERANK": 10, "NATSCALE": 1, "LABELRANK": 8, "FEATURECLA": "Admin-1 capital", "NAME": "Butha-Buthe", "NAMEPAR": null, "NAMEALT": null, "NAMEASCII": "Butha-Buthe", "ADM0CAP": 0, "CAPIN": null, "WORLDCITY": 0, "MEGACITY": 0, "SOV0NAME": "Lesotho", "SOV_A3": "LSO", "ADM0NAME": "Lesotho", "ADM0_A3": "LSO", "ADM1NAME": "Leribe", "ISO_A2": "LS", "NOTE": null, "LATITUDE": -28.749996, "LONGITUDE": 28.250002, "POP_MAX": 16330, "POP_MIN": 16330, "POP_OTHER": 0, "RANK_MAX": 6, "RANK_MIN": 6, "MEGANAME": null, "LS_NAME": null, "MAX_POP10": 0, "MAX_POP20": 0, "MAX_POP50": 0, "MAX_POP300": 0, "MAX_POP310": 0, "MAX_NATSCA": 0, "MIN_AREAKM": 0, "MAX_AREAKM": 0, "MIN_AREAMI": 0, "MAX_AREAMI": 0, "MIN_PERKM": 0, "MAX_PERKM": 0, "MIN_PERMI": 0, "MAX_PERMI": 0, "MIN_BBXMIN": 0, "MAX_BBXMIN": 0, "MIN_BBXMAX": 0, "MAX_BBXMAX": 0, "MIN_BBYMIN": 0, "MAX_BBYMIN": 0, "MIN_BBYMAX": 0, "MAX_BBYMAX": 0, "MEAN_BBXC": 0, "MEAN_BBYC": 0, "TIMEZONE": "Africa/Maseru", "UN_FID": 0, "POP1950": 0, "POP1955": 0, "POP1960": 0, "POP1965": 0, "POP1970": 0, "POP1975": 0, "POP1980": 0, "POP1985": 0, "POP1990": 0, "POP1995": 0, "POP2000": 0, "POP2005": 0, "POP2010": 0, "POP2015": 0, "POP2020": 0, "POP2025": 0, "POP2050": 0, "MIN_ZOOM": 9, "WIKIDATAID": "Q382249", "WOF_ID": 421198525, "CAPALT": 0, "NAME_EN": "Butha-Buthe", "NAME_DE": "Butha-Buthe", "NAME_ES": "Butha-Buthe", "NAME_FR": "Butha-Buthe", "NAME_PT": "Butha-Buthe", "NAME_RU": "Бута-Буте", "NAME_ZH": "布塔-布泰", "LABEL": null, "NAME_AR": "بوثا بوثي", "NAME_BN": "বুথা-বুথে", "NAME_EL": "Μπούτα - Μπούτε", "NAME_HI": "ब्यूथा-ब्युथ", "NAME_HU": "Butha-Buthe", "NAME_ID": "Butha-Buthe", "NAME_IT": "Butha-Buthe", "NAME_JA": "ブータ・ブーテ", "NAME_KO": "부타부테", "NAME_NL": "Butha-Buthe", "NAME_PL": "Butha-Buthe", "NAME_SV": "Butha-Buthe", "NAME_TR": "Butha-Buthe", "NAME_VI": "Butha-Buthe", "NE_ID": 1159117565, "NAME_FA": "بوتا-بوته", "NAME_HE": "בוטה-בוטה", "NAME_UK": "Бута-Буте", "NAME_UR": "بوتھا-بوتھ", "NAME_ZHT": "布塔-布泰", "GEONAMESID": 932886, "FCLASS_ISO": null, "FCLASS_US": null, "FCLASS_FR": null, "FCLASS_RU": null, "FCLASS_ES": null, "FCLASS_CN": null, "FCLASS_TW": null, "FCLASS_IN": null, "FCLASS_NP": null, "FCLASS_PK": null, "FCLASS_DE": null, "FCLASS_GB": null, "FCLASS_BR": null, "FCLASS_IL": null, "FCLASS_PS": null, "FCLASS_SA": null, "FCLASS_EG": null, "FCLASS_MA": null, "FCLASS_PT": null, "FCLASS_AR": null, "FCLASS_JP": null, "FCLASS_KO": null, "FCLASS_VN": null, "FCLASS_TR": null, "FCLASS_ID": null, "FCLASS_PL": null, "FCLASS_GR": null, "FCLASS_IT": null, "FCLASS_NL": null, "FCLASS_SE": null, "FCLASS_BD": null, "FCLASS_UA": null, "FCLASS_TLC": null}, "bbox": [28.250002, -28.749996, 28.250002, -28.749996], "geometry": {"type": "Point", "coordinates": [28.250002, -28.749996]}}, {"type": "Feature", "properties": {"SCALERANK": 10, "NATSCALE": 1, "LABELRANK": 8, "FEATURECLA": "Admin-1 capital", "NAME": "Mokhotlong", "NAMEPAR": null, "NAMEALT": null, "NAMEASCII": "Mokhotlong", "ADM0CAP": 0, "CAPIN": null, "WORLDCITY": 0, "MEGACITY": 0, "SOV0NAME": "Lesotho", "SOV_A3": "LSO", "ADM0NAME": "Lesotho", "ADM0_A3": "LSO", "ADM1NAME": "Mokhotlong", "ISO_A2": "LS", "NOTE": null, "LATITUDE": -29.291004, "LONGITUDE": 29.078002, "POP_MAX": 8809, "POP_MIN": 8809, "POP_OTHER": 0, "RANK_MAX": 5, "RANK_MIN": 5, "MEGANAME": null, "LS_NAME": null, "MAX_POP10": 0, "MAX_POP20": 0, "MAX_POP50": 0, "MAX_POP300": 0, "MAX_POP310": 0, "MAX_NATSCA": 0, "MIN_AREAKM": 0, "MAX_AREAKM": 0, "MIN_AREAMI": 0, "MAX_AREAMI": 0, "MIN_PERKM": 0, "MAX_PERKM": 0, "MIN_PERMI": 0, "MAX_PERMI": 0, "MIN_BBXMIN": 0, "MAX_BBXMIN": 0, "MIN_BBXMAX": 0, "MAX_BBXMAX": 0, "MIN_BBYMIN": 0, "MAX_BBYMIN": 0, "MIN_BBYMAX": 0, "MAX_BBYMAX": 0, "MEAN_BBXC": 0, "MEAN_BBYC": 0, "TIMEZONE": "Africa/Maseru", "UN_FID": 0, "POP1950": 0, "POP1955": 0, "POP1960": 0, "POP1965": 0, "POP1970": 0, "POP1975": 0, "POP1980": 0, "POP1985": 0, "POP1990": 0, "POP1995": 0, "POP2000": 0, "POP2005": 0, "POP2010": 0, "POP2015": 0, "POP2020": 0, "POP2025": 0, "POP2050": 0, "MIN_ZOOM": 7, "WIKIDATAID": "Q1013428", "WOF_ID": 421178339, "CAPALT": 0, "NAME_EN": "Mokhotlong", "NAME_DE": "Mokhotlong", "NAME_ES": "Mokhotlong", "NAME_FR": "Mokhotlong", "NAME_PT": "Mokhotlong", "NAME_RU": "Мокотлонг", "NAME_ZH": "莫霍特隆", "LABEL": null, "NAME_AR": "موكوتلونج", "NAME_BN": "মোখোতলং", "NAME_EL": "Μόκοτλονγκ", "NAME_HI": "मोखोतलोंग", "NAME_HU": "Mokhotlong", "NAME_ID": "Mokhotlong", "NAME_IT": "Mokhotlong", "NAME_JA": "モコトロング", "NAME_KO": "모코틀롱", "NAME_NL": "Mokhotlong", "NAME_PL": "Mokhotlong", "NAME_SV": "Mokhotlong", "NAME_TR": "Mokhotlong", "NAME_VI": "Mokhotlong", "NE_ID": 1159117591, "NAME_FA": "موخوتلونگ", "NAME_HE": "מוחוטלונג", "NAME_UK": "Мокотлонг", "NAME_UR": "موکھوٹولونگ", "NAME_ZHT": "莫霍特隆", "GEONAMESID": 932416, "FCLASS_ISO": null, "FCLASS_US": null, "FCLASS_FR": null, "FCLASS_RU": null, "FCLASS_ES": null, "FCLASS_CN": null, "FCLASS_TW": null, "FCLASS_IN": null, "FCLASS_NP": null, "FCLASS_PK": null, "FCLASS_DE": null, "FCLASS_GB": null, "FCLASS_BR": null, "FCLASS_IL": null, "FCLASS_PS": null, "FCLASS_SA": null, "FCLASS_EG": null, "FCLASS_MA": null, "FCLASS_PT": null, "FCLASS_AR": null, "FCLASS_JP": null, "FCLASS_KO": null, "FCLASS_VN": null, "FCLASS_TR": null, "FCLASS_ID": null, "FCLASS_PL": null, "FCLASS_GR": null, "FCLASS_IT": null, "FCLASS_NL": null, "FCLASS_SE": null, "FCLASS_BD": null, "FCLASS_UA": null, "FCLASS_TLC": null}, "bbox": [29.078001, -29.291004, 29.078001, -29.291004], "geometry": {"type": "Point", "coordinates": [29.078001, -29.291004]}}, {"type": "Feature", "properties": {"SCALERANK": 10, "NATSCALE": 1, "LABELRANK": 8, "FEATURECLA": "Admin-1 capital", "NAME": "Nsanje", "NAMEPAR": null, "NAMEALT": null, "NAMEASCII": "Nsanje", "ADM0CAP": 0, "CAPIN": null, "WORLDCITY": 0, "MEGACITY": 0, "SOV0NAME": "Malawi", "SOV_A3": "MWI", "ADM0NAME": "Malawi", "ADM0_A3": "MWI", "ADM1NAME": "Nsanje", "ISO_A2": "MW", "NOTE": null, "LATITUDE": -16.916667, "LONGITUDE": 35.266667, "POP_MAX": 21774, "POP_MIN": 21774, "POP_OTHER": 0, "RANK_MAX": 7, "RANK_MIN": 7, "MEGANAME": null, "LS_NAME": null, "MAX_POP10": 0, "MAX_POP20": 0, "MAX_POP50": 0, "MAX_POP300": 0, "MAX_POP310": 0, "MAX_NATSCA": 0, "MIN_AREAKM": 0, "MAX_AREAKM": 0, "MIN_AREAMI": 0, "MAX_AREAMI": 0, "MIN_PERKM": 0, "MAX_PERKM": 0, "MIN_PERMI": 0, "MAX_PERMI": 0, "MIN_BBXMIN": 0, "MAX_BBXMIN": 0, "MIN_BBXMAX": 0, "MAX_BBXMAX": 0, "MIN_BBYMIN": 0, "MAX_BBYMIN": 0, "MIN_BBYMAX": 0, "MAX_BBYMAX": 0, "MEAN_BBXC": 0, "MEAN_BBYC": 0, "TIMEZONE": "Africa/Blantyre", "UN_FID": 0, "POP1950": 0, "POP1955": 0, "POP1960": 0, "POP1965": 0, "POP1970": 0, "POP1975": 0, "POP1980": 0, "POP1985": 0, "POP1990": 0, "POP1995": 0, "POP2000": 0, "POP2005": 0, "POP2010": 0, "POP2015": 0, "POP2020": 0, "POP2025": 0, "POP2050": 0, "MIN_ZOOM": 9, "WIKIDATAID": "Q1939876", "WOF_ID": 421166455, "CAPALT": 0, "NAME_EN": "Nsanje", "NAME_DE": "Nsanje", "NAME_ES": "Nsanje", "NAME_FR": "Nsanje", "NAME_PT": "Nsanje", "NAME_RU": "Нсандже", "NAME_ZH": "恩桑杰", "LABEL": null, "NAME_AR": "حي نسانجي", "NAME_BN": "এন্স্যাঞ্জে", "NAME_EL": "Νσάνγιε", "NAME_HI": "एंसांजे", "NAME_HU": "Nsanje", "NAME_ID": "Nsanje", "NAME_IT": "Nsanje", "NAME_JA": "ンサンジェ", "NAME_KO": "은산제", "NAME_NL": "Nsanje", "NAME_PL": "Nsanje", "NAME_SV": "Nsanje", "NAME_TR": "Nsanje", "NAME_VI": "Nsanje", "NE_ID": 1159118357, "NAME_FA": "نسانجه", "NAME_HE": "נסניה", "NAME_UK": "Нсаньє", "NAME_UR": "سانجی", "NAME_ZHT": "恩桑傑", "GEONAMESID": 924572, "FCLASS_ISO": null, "FCLASS_US": null, "FCLASS_FR": null, "FCLASS_RU": null, "FCLASS_ES": null, "FCLASS_CN": null, "FCLASS_TW": null, "FCLASS_IN": null, "FCLASS_NP": null, "FCLASS_PK": null, "FCLASS_DE": null, "FCLASS_GB": null, "FCLASS_BR": null, "FCLASS_IL": null, "FCLASS_PS": null, "FCLASS_SA": null, "FCLASS_EG": null, "FCLASS_MA": null, "FCLASS_PT": null, "FCLASS_AR": null, "FCLASS_JP": null, "FCLASS_KO": null, "FCLASS_VN": null, "FCLASS_TR": null, "FCLASS_ID": null, "FCLASS_PL": null, "FCLASS_GR": null, "FCLASS_IT": null, "FCLASS_NL": null, "FCLASS_SE": null, "FCLASS_BD": null, "FCLASS_UA": null, "FCLASS_TLC": null}, "bbox": [35.266667, -16.916667, 35.266667, -16.916667], "geometry": {"type": "Point", "coordinates": [35.266667, -16.916667]}}, {"type": "Feature", "properties": {"SCALERANK": 10, "NATSCALE": 1, "LABELRANK": 8, "FEATURECLA": "Admin-1 capital", "NAME": "Mulanje", "NAMEPAR": null, "NAMEALT": null, "NAMEASCII": "Mulanje", "ADM0CAP": 0, "CAPIN": null, "WORLDCITY": 0, "MEGACITY": 0, "SOV0NAME": "Malawi", "SOV_A3": "MWI", "ADM0NAME": "Malawi", "ADM0_A3": "MWI", "ADM1NAME": "Mulanje", "ISO_A2": "MW", "NOTE": null, "LATITUDE": -16.033333, "LONGITUDE": 35.5, "POP_MAX": 16483, "POP_MIN": 16483, "POP_OTHER": 0, "RANK_MAX": 6, "RANK_MIN": 6, "MEGANAME": null, "LS_NAME": null, "MAX_POP10": 0, "MAX_POP20": 0, "MAX_POP50": 0, "MAX_POP300": 0, "MAX_POP310": 0, "MAX_NATSCA": 0, "MIN_AREAKM": 0, "MAX_AREAKM": 0, "MIN_AREAMI": 0, "MAX_AREAMI": 0, "MIN_PERKM": 0, "MAX_PERKM": 0, "MIN_PERMI": 0, "MAX_PERMI": 0, "MIN_BBXMIN": 0, "MAX_BBXMIN": 0, "MIN_BBXMAX": 0, "MAX_BBXMAX": 0, "MIN_BBYMIN": 0, "MAX_BBYMIN": 0, "MIN_BBYMAX": 0, "MAX_BBYMAX": 0, "MEAN_BBXC": 0, "MEAN_BBYC": 0, "TIMEZONE": "Africa/Blantyre", "UN_FID": 0, "POP1950": 0, "POP1955": 0, "POP1960": 0, "POP1965": 0, "POP1970": 0, "POP1975": 0, "POP1980": 0, "POP1985": 0, "POP1990": 0, "POP1995": 0, "POP2000": 0, "POP2005": 0, "POP2010": 0, "POP2015": 0, "POP2020": 0, "POP2025": 0, "POP2050": 0, "MIN_ZOOM": 9, "WIKIDATAID": "Q1865092", "WOF_ID": 421173167, "CAPALT": 0, "NAME_EN": "Mulanje", "NAME_DE": "Mulanje", "NAME_ES": "Mulanje", "NAME_FR": "Mulanje", "NAME_PT": "Mulanje", "NAME_RU": "Муланье", "NAME_ZH": "姆兰杰", "LABEL": null, "NAME_AR": "مولانجي", "NAME_BN": "এমউলাঞ্জে", "NAME_EL": "Μουλάνγιε", "NAME_HI": "मुलांजे", "NAME_HU": "Mulanje", "NAME_ID": "Mulanje", "NAME_IT": "Mulanje", "NAME_JA": "ムランジェ", "NAME_KO": "뮬란제", "NAME_NL": "Mulanje", "NAME_PL": "Mulanje", "NAME_SV": "Mulanje", "NAME_TR": "Mulanje", "NAME_VI": "Mulanje", "NE_ID": 1159118389, "NAME_FA": "مولانجه", "NAME_HE": "מולאניה", "NAME_UK": "Муланьє", "NAME_UR": "مولانجی", "NAME_ZHT": "姆蘭傑", "GEONAMESID": 925789, "FCLASS_ISO": null, "FCLASS_US": null, "FCLASS_FR": null, "FCLASS_RU": null, "FCLASS_ES": null, "FCLASS_CN": null, "FCLASS_TW": null, "FCLASS_IN": null, "FCLASS_NP": null, "FCLASS_PK": null, "FCLASS_DE": null, "FCLASS_GB": null, "FCLASS_BR": null, "FCLASS_IL": null, "FCLASS_PS": null, "FCLASS_SA": null, "FCLASS_EG": null, "FCLASS_MA": null, "FCLASS_PT": null, "FCLASS_AR": null, "FCLASS_JP": null, "FCLASS_KO": null, "FCLASS_VN": null, "FCLASS_TR": null, "FCLASS_ID": null, "FCLASS_PL": null, "FCLASS_GR": null, "FCLASS_IT": null, "FCLASS_NL": null, "FCLASS_SE": null, "FCLASS_BD": null, "FCLASS_UA": null, "FCLASS_TLC": null}, "bbox": [35.5, -16.033333, 35.5, -16.033333], "geometry": {"type": "Point", "coordinates": [35.5, -16.033333]}}, {"type": "Feature", "properties": {"SCALERANK": 9, "NATSCALE": 5, "LABELRANK": 7, "FEATURECLA": "Admin-1 capital", "NAME": "Mochudi", "NAMEPAR": null, "NAMEALT": null, "NAMEASCII": "Mochudi", "ADM0CAP": 0, "CAPIN": null, "WORLDCITY": 0, "MEGACITY": 0, "SOV0NAME": "Botswana", "SOV_A3": "BWA", "ADM0NAME": "Botswana", "ADM0_A3": "BWA", "ADM1NAME": "Kgatleng", "ISO_A2": "BW", "NOTE": null, "LATITUDE": -24.377004, "LONGITUDE": 26.152003, "POP_MAX": 39700, "POP_MIN": 39700, "POP_OTHER": 0, "RANK_MAX": 7, "RANK_MIN": 7, "MEGANAME": null, "LS_NAME": null, "MAX_POP10": 0, "MAX_POP20": 0, "MAX_POP50": 0, "MAX_POP300": 0, "MAX_POP310": 0, "MAX_NATSCA": 0, "MIN_AREAKM": 0, "MAX_AREAKM": 0, "MIN_AREAMI": 0, "MAX_AREAMI": 0, "MIN_PERKM": 0, "MAX_PERKM": 0, "MIN_PERMI": 0, "MAX_PERMI": 0, "MIN_BBXMIN": 0, "MAX_BBXMIN": 0, "MIN_BBXMAX": 0, "MAX_BBXMAX": 0, "MIN_BBYMIN": 0, "MAX_BBYMIN": 0, "MIN_BBYMAX": 0, "MAX_BBYMAX": 0, "MEAN_BBXC": 0, "MEAN_BBYC": 0, "TIMEZONE": "Africa/Gaborone", "UN_FID": 0, "POP1950": 0, "POP1955": 0, "POP1960": 0, "POP1965": 0, "POP1970": 0, "POP1975": 0, "POP1980": 0, "POP1985": 0, "POP1990": 0, "POP1995": 0, "POP2000": 0, "POP2005": 0, "POP2010": 0, "POP2015": 0, "POP2020": 0, "POP2025": 0, "POP2050": 0, "MIN_ZOOM": 8, "WIKIDATAID": "Q615877", "WOF_ID": 421177971, "CAPALT": 0, "NAME_EN": "Mochudi", "NAME_DE": "Mochudi", "NAME_ES": "Mochudi", "NAME_FR": "Mochudi", "NAME_PT": "Mochudi", "NAME_RU": "Мочуди", "NAME_ZH": "莫丘迪", "LABEL": null, "NAME_AR": "موتشودي", "NAME_BN": "মকহোদি", "NAME_EL": "Μοτσούντι", "NAME_HI": "मोचुडी", "NAME_HU": "Mochudi", "NAME_ID": "Mochudi", "NAME_IT": "Mochudi", "NAME_JA": "モチュディ", "NAME_KO": "모추디", "NAME_NL": "Mochudi", "NAME_PL": "Mochudi", "NAME_SV": "Mochudi", "NAME_TR": "Mochudi", "NAME_VI": "Mochudi", "NE_ID": 1159122729, "NAME_FA": "موچودی", "NAME_HE": "מוכודי", "NAME_UK": "Мочуді", "NAME_UR": "موچودی", "NAME_ZHT": "莫丘迪", "GEONAMESID": 933340, "FCLASS_ISO": null, "FCLASS_US": null, "FCLASS_FR": null, "FCLASS_RU": null, "FCLASS_ES": null, "FCLASS_CN": null, "FCLASS_TW": null, "FCLASS_IN": null, "FCLASS_NP": null, "FCLASS_PK": null, "FCLASS_DE": null, "FCLASS_GB": null, "FCLASS_BR": null, "FCLASS_IL": null, "FCLASS_PS": null, "FCLASS_SA": null, "FCLASS_EG": null, "FCLASS_MA": null, "FCLASS_PT": null, "FCLASS_AR": null, "FCLASS_JP": null, "FCLASS_KO": null, "FCLASS_VN": null, "FCLASS_TR": null, "FCLASS_ID": null, "FCLASS_PL": null, "FCLASS_GR": null, "FCLASS_IT": null, "FCLASS_NL": null, "FCLASS_SE": null, "FCLASS_BD": null, "FCLASS_UA": null, "FCLASS_TLC": null}, "bbox": [26.152003, -24.377004, 26.152003, -24.377004], "geometry": {"type": "Point", "coordinates": [26.152003, -24.377004]}}, {"type": "Feature", "properties": {"SCALERANK": 7, "NATSCALE": 20, "LABELRANK": 6, "FEATURECLA": "Populated place", "NAME": "Choma", "NAMEPAR": null, "NAMEALT": null, "NAMEASCII": "Choma", "ADM0CAP": 0, "CAPIN": null, "WORLDCITY": 0, "MEGACITY": 0, "SOV0NAME": "Zambia", "SOV_A3": "ZMB", "ADM0NAME": "Zambia", "ADM0_A3": "ZMB", "ADM1NAME": "Southern", "ISO_A2": "ZM", "NOTE": null, "LATITUDE": -16.809479, "LONGITUDE": 26.970023, "POP_MAX": 46746, "POP_MIN": 37902, "POP_OTHER": 37902, "RANK_MAX": 7, "RANK_MIN": 7, "MEGANAME": null, "LS_NAME": "Choma", "MAX_POP10": 37902, "MAX_POP20": 37902, "MAX_POP50": 0, "MAX_POP300": 0, "MAX_POP310": 0, "MAX_NATSCA": 20, "MIN_AREAKM": 28, "MAX_AREAKM": 28, "MIN_AREAMI": 11, "MAX_AREAMI": 11, "MIN_PERKM": 31, "MAX_PERKM": 31, "MIN_PERMI": 19, "MAX_PERMI": 19, "MIN_BBXMIN": 26.933333, "MAX_BBXMIN": 26.933333, "MIN_BBXMAX": 27.008333, "MAX_BBXMAX": 27.008333, "MIN_BBYMIN": -16.833333, "MAX_BBYMIN": -16.833333, "MIN_BBYMAX": -16.775, "MAX_BBYMAX": -16.775, "MEAN_BBXC": 26.978431, "MEAN_BBYC": -16.807843, "TIMEZONE": "Africa/Lusaka", "UN_FID": 0, "POP1950": 0, "POP1955": 0, "POP1960": 0, "POP1965": 0, "POP1970": 0, "POP1975": 0, "POP1980": 0, "POP1985": 0, "POP1990": 0, "POP1995": 0, "POP2000": 0, "POP2005": 0, "POP2010": 0, "POP2015": 0, "POP2020": 0, "POP2025": 0, "POP2050": 0, "MIN_ZOOM": 6.7, "WIKIDATAID": "Q1076003", "WOF_ID": 421178367, "CAPALT": 0, "NAME_EN": "Choma", "NAME_DE": "Choma", "NAME_ES": "Choma", "NAME_FR": "Choma", "NAME_PT": "Choma", "NAME_RU": "Чома", "NAME_ZH": "喬馬", "LABEL": null, "NAME_AR": "تشوما", "NAME_BN": "চোমা", "NAME_EL": "Τσόμα", "NAME_HI": "चोमा", "NAME_HU": "Choma", "NAME_ID": "Choma", "NAME_IT": "Choma", "NAME_JA": "チョマ", "NAME_KO": "초마", "NAME_NL": "Choma", "NAME_PL": "Choma", "NAME_SV": "Choma", "NAME_TR": "Choma", "NAME_VI": "Choma", "NE_ID": 1159134763, "NAME_FA": "چوما", "NAME_HE": "צ'ומה", "NAME_UK": "Чома", "NAME_UR": "کورما", "NAME_ZHT": "喬馬", "GEONAMESID": 917748, "FCLASS_ISO": null, "FCLASS_US": null, "FCLASS_FR": null, "FCLASS_RU": null, "FCLASS_ES": null, "FCLASS_CN": null, "FCLASS_TW": null, "FCLASS_IN": null, "FCLASS_NP": null, "FCLASS_PK": null, "FCLASS_DE": null, "FCLASS_GB": null, "FCLASS_BR": null, "FCLASS_IL": null, "FCLASS_PS": null, "FCLASS_SA": null, "FCLASS_EG": null, "FCLASS_MA": null, "FCLASS_PT": null, "FCLASS_AR": null, "FCLASS_JP": null, "FCLASS_KO": null, "FCLASS_VN": null, "FCLASS_TR": null, "FCLASS_ID": null, "FCLASS_PL": null, "FCLASS_GR": null, "FCLASS_IT": null, "FCLASS_NL": null, "FCLASS_SE": null, "FCLASS_BD": null, "FCLASS_UA": null, "FCLASS_TLC": null}, "bbox": [26.970023, -16.809479, 26.970023, -16.809479], "geometry": {"type": "Point", "coordinates": [26.970023, -16.809479]}}, {"type": "Feature", "properties": {"SCALERANK": 7, "NATSCALE": 20, "LABELRANK": 6, "FEATURECLA": "Populated place", "NAME": "Sesheke", "NAMEPAR": null, "NAMEALT": null, "NAMEASCII": "Sesheke", "ADM0CAP": 0, "CAPIN": null, "WORLDCITY": 0, "MEGACITY": 0, "SOV0NAME": "Zambia", "SOV_A3": "ZMB", "ADM0NAME": "Zambia", "ADM0_A3": "ZMB", "ADM1NAME": "Western", "ISO_A2": "ZM", "NOTE": null, "LATITUDE": -17.469542, "LONGITUDE": 24.300005, "POP_MAX": 20149, "POP_MIN": 206, "POP_OTHER": 0, "RANK_MAX": 7, "RANK_MIN": 2, "MEGANAME": null, "LS_NAME": "Sesheke", "MAX_POP10": 206, "MAX_POP20": 206, "MAX_POP50": 0, "MAX_POP300": 0, "MAX_POP310": 0, "MAX_NATSCA": 20, "MIN_AREAKM": 1, "MAX_AREAKM": 1, "MIN_AREAMI": 0, "MAX_AREAMI": 0, "MIN_PERKM": 4, "MAX_PERKM": 4, "MIN_PERMI": 2, "MAX_PERMI": 2, "MIN_BBXMIN": 24.291667, "MAX_BBXMIN": 24.291667, "MIN_BBXMAX": 24.3, "MAX_BBXMAX": 24.3, "MIN_BBYMIN": -17.483333, "MAX_BBYMIN": -17.483333, "MIN_BBYMAX": -17.475, "MAX_BBYMAX": -17.475, "MEAN_BBXC": 24.295833, "MEAN_BBYC": -17.479167, "TIMEZONE": "Africa/Lusaka", "UN_FID": 0, "POP1950": 0, "POP1955": 0, "POP1960": 0, "POP1965": 0, "POP1970": 0, "POP1975": 0, "POP1980": 0, "POP1985": 0, "POP1990": 0, "POP1995": 0, "POP2000": 0, "POP2005": 0, "POP2010": 0, "POP2015": 0, "POP2020": 0, "POP2025": 0, "POP2050": 0, "MIN_ZOOM": 6.7, "WIKIDATAID": "Q1756357", "WOF_ID": 421176965, "CAPALT": 0, "NAME_EN": "Sesheke", "NAME_DE": "Sesheke", "NAME_ES": "Sesheke", "NAME_FR": "Sesheke", "NAME_PT": "Sesheke", "NAME_RU": "Сешеке", "NAME_ZH": "塞謝凱", "LABEL": null, "NAME_AR": "سيشيك", "NAME_BN": "সেশেকে", "NAME_EL": "Σεσέκε", "NAME_HI": "सेशेके", "NAME_HU": "Sesheke", "NAME_ID": "Sesheke", "NAME_IT": "Sesheke", "NAME_JA": "セシェケ", "NAME_KO": "세셰케", "NAME_NL": "Sesheke", "NAME_PL": "Sesheke", "NAME_SV": "Sesheke", "NAME_TR": "Sesheke", "NAME_VI": "Sesheke", "NE_ID": 1159134775, "NAME_FA": "سشکه", "NAME_HE": "סשקה", "NAME_UK": "Сешеке", "NAME_UR": "سیشیکے", "NAME_ZHT": "塞謝凱", "GEONAMESID": 898905, "FCLASS_ISO": null, "FCLASS_US": null, "FCLASS_FR": null, "FCLASS_RU": null, "FCLASS_ES": null, "FCLASS_CN": null, "FCLASS_TW": null, "FCLASS_IN": null, "FCLASS_NP": null, "FCLASS_PK": null, "FCLASS_DE": null, "FCLASS_GB": null, "FCLASS_BR": null, "FCLASS_IL": null, "FCLASS_PS": null, "FCLASS_SA": null, "FCLASS_EG": null, "FCLASS_MA": null, "FCLASS_PT": null, "FCLASS_AR": null, "FCLASS_JP": null, "FCLASS_KO": null, "FCLASS_VN": null, "FCLASS_TR": null, "FCLASS_ID": null, "FCLASS_PL": null, "FCLASS_GR": null, "FCLASS_IT": null, "FCLASS_NL": null, "FCLASS_SE": null, "FCLASS_BD": null, "FCLASS_UA": null, "FCLASS_TLC": null}, "bbox": [24.300005, -17.469542, 24.300005, -17.469542], "geometry": {"type": "Point", "coordinates": [24.300005, -17.469542]}}, {"type": "Feature", "properties": {"SCALERANK": 7, "NATSCALE": 20, "LABELRANK": 6, "FEATURECLA": "Populated place", "NAME": "Senanga", "NAMEPAR": null, "NAMEALT": null, "NAMEASCII": "Senanga", "ADM0CAP": 0, "CAPIN": null, "WORLDCITY": 0, "MEGACITY": 0, "SOV0NAME": "Zambia", "SOV_A3": "ZMB", "ADM0NAME": "Zambia", "ADM0_A3": "ZMB", "ADM1NAME": "Western", "ISO_A2": "ZM", "NOTE": null, "LATITUDE": -16.119599, "LONGITUDE": 23.270042, "POP_MAX": 10005, "POP_MIN": 10005, "POP_OTHER": 0, "RANK_MAX": 6, "RANK_MIN": 6, "MEGANAME": null, "LS_NAME": "Senanga", "MAX_POP10": 0, "MAX_POP20": 0, "MAX_POP50": 0, "MAX_POP300": 0, "MAX_POP310": 0, "MAX_NATSCA": 0, "MIN_AREAKM": 0, "MAX_AREAKM": 0, "MIN_AREAMI": 0, "MAX_AREAMI": 0, "MIN_PERKM": 0, "MAX_PERKM": 0, "MIN_PERMI": 0, "MAX_PERMI": 0, "MIN_BBXMIN": 0, "MAX_BBXMIN": 0, "MIN_BBXMAX": 0, "MAX_BBXMAX": 0, "MIN_BBYMIN": 0, "MAX_BBYMIN": 0, "MIN_BBYMAX": 0, "MAX_BBYMAX": 0, "MEAN_BBXC": 0, "MEAN_BBYC": 0, "TIMEZONE": "Africa/Lusaka", "UN_FID": 0, "POP1950": 0, "POP1955": 0, "POP1960": 0, "POP1965": 0, "POP1970": 0, "POP1975": 0, "POP1980": 0, "POP1985": 0, "POP1990": 0, "POP1995": 0, "POP2000": 0, "POP2005": 0, "POP2010": 0, "POP2015": 0, "POP2020": 0, "POP2025": 0, "POP2050": 0, "MIN_ZOOM": 6.7, "WIKIDATAID": "Q569090", "WOF_ID": 421188253, "CAPALT": 0, "NAME_EN": "Senanga", "NAME_DE": "Senanga", "NAME_ES": "Senanga", "NAME_FR": "Senanga", "NAME_PT": "Senanga", "NAME_RU": "Сенанга", "NAME_ZH": "塞南加", "LABEL": null, "NAME_AR": "سينانغا", "NAME_BN": "সেনাগা", "NAME_EL": "Σενάνγκα", "NAME_HI": "सेनांगा", "NAME_HU": "Senanga", "NAME_ID": "Senanga", "NAME_IT": "Senanga", "NAME_JA": "セナンガ", "NAME_KO": "세낭가", "NAME_NL": "Senanga", "NAME_PL": "Senanga", "NAME_SV": "Senanga", "NAME_TR": "Senanga", "NAME_VI": "Senanga", "NE_ID": 1159134789, "NAME_FA": "سنانگا", "NAME_HE": "סננגה", "NAME_UK": "Сенанга", "NAME_UR": "سینانگا", "NAME_ZHT": "塞南加", "GEONAMESID": 898947, "FCLASS_ISO": null, "FCLASS_US": null, "FCLASS_FR": null, "FCLASS_RU": null, "FCLASS_ES": null, "FCLASS_CN": null, "FCLASS_TW": null, "FCLASS_IN": null, "FCLASS_NP": null, "FCLASS_PK": null, "FCLASS_DE": null, "FCLASS_GB": null, "FCLASS_BR": null, "FCLASS_IL": null, "FCLASS_PS": null, "FCLASS_SA": null, "FCLASS_EG": null, "FCLASS_MA": null, "FCLASS_PT": null, "FCLASS_AR": null, "FCLASS_JP": null, "FCLASS_KO": null, "FCLASS_VN": null, "FCLASS_TR": null, "FCLASS_ID": null, "FCLASS_PL": null, "FCLASS_GR": null, "FCLASS_IT": null, "FCLASS_NL": null, "FCLASS_SE": null, "FCLASS_BD": null, "FCLASS_UA": null, "FCLASS_TLC": null}, "bbox": [23.270042, -16.119599, 23.270042, -16.119599], "geometry": {"type": "Point", "coordinates": [23.270042, -16.119599]}}, {"type": "Feature", "properties": {"SCALERANK": 7, "NATSCALE": 20, "LABELRANK": 6, "FEATURECLA": "Populated place", "NAME": "Mazowe", "NAMEPAR": null, "NAMEALT": null, "NAMEASCII": "Mazowe", "ADM0CAP": 0, "CAPIN": null, "WORLDCITY": 0, "MEGACITY": 0, "SOV0NAME": "Zimbabwe", "SOV_A3": "ZWE", "ADM0NAME": "Zimbabwe", "ADM0_A3": "ZWE", "ADM1NAME": "Mashonaland Central", "ISO_A2": "ZW", "NOTE": null, "LATITUDE": -17.519617, "LONGITUDE": 30.970037, "POP_MAX": 9966, "POP_MIN": 9966, "POP_OTHER": 0, "RANK_MAX": 5, "RANK_MIN": 5, "MEGANAME": null, "LS_NAME": "Mazowe", "MAX_POP10": 0, "MAX_POP20": 0, "MAX_POP50": 0, "MAX_POP300": 0, "MAX_POP310": 0, "MAX_NATSCA": 0, "MIN_AREAKM": 0, "MAX_AREAKM": 0, "MIN_AREAMI": 0, "MAX_AREAMI": 0, "MIN_PERKM": 0, "MAX_PERKM": 0, "MIN_PERMI": 0, "MAX_PERMI": 0, "MIN_BBXMIN": 0, "MAX_BBXMIN": 0, "MIN_BBXMAX": 0, "MAX_BBXMAX": 0, "MIN_BBYMIN": 0, "MAX_BBYMIN": 0, "MIN_BBYMAX": 0, "MAX_BBYMAX": 0, "MEAN_BBXC": 0, "MEAN_BBYC": 0, "TIMEZONE": "Africa/Harare", "UN_FID": 0, "POP1950": 0, "POP1955": 0, "POP1960": 0, "POP1965": 0, "POP1970": 0, "POP1975": 0, "POP1980": 0, "POP1985": 0, "POP1990": 0, "POP1995": 0, "POP2000": 0, "POP2005": 0, "POP2010": 0, "POP2015": 0, "POP2020": 0, "POP2025": 0, "POP2050": 0, "MIN_ZOOM": 6.7, "WIKIDATAID": "Q6798645", "WOF_ID": 421168759, "CAPALT": 0, "NAME_EN": "Mazowe", "NAME_DE": "Mazowe", "NAME_ES": "Mazowe", "NAME_FR": "Mazowe", "NAME_PT": "Mazowe", "NAME_RU": "Мазове", "NAME_ZH": "马佐埃", "LABEL": null, "NAME_AR": "مازوي", "NAME_BN": "মাজোউই", "NAME_EL": "Μαζόγουε", "NAME_HI": "मजोवे", "NAME_HU": "Mazowe", "NAME_ID": "Mazowe", "NAME_IT": "Mazowe", "NAME_JA": "マゾウェ", "NAME_KO": "마조웨", "NAME_NL": "Mazowe", "NAME_PL": "Mazowe", "NAME_SV": "Mazowe", "NAME_TR": "Mazowe", "NAME_VI": "Mazowe", "NE_ID": 1159134793, "NAME_FA": "مازوه", "NAME_HE": "מזווה", "NAME_UK": "Мазове", "NAME_UR": "مازوئے", "NAME_ZHT": "馬佐維", "GEONAMESID": 886384, "FCLASS_ISO": null, "FCLASS_US": null, "FCLASS_FR": null, "FCLASS_RU": null, "FCLASS_ES": null, "FCLASS_CN": null, "FCLASS_TW": null, "FCLASS_IN": null, "FCLASS_NP": null, "FCLASS_PK": null, "FCLASS_DE": null, "FCLASS_GB": null, "FCLASS_BR": null, "FCLASS_IL": null, "FCLASS_PS": null, "FCLASS_SA": null, "FCLASS_EG": null, "FCLASS_MA": null, "FCLASS_PT": null, "FCLASS_AR": null, "FCLASS_JP": null, "FCLASS_KO": null, "FCLASS_VN": null, "FCLASS_TR": null, "FCLASS_ID": null, "FCLASS_PL": null, "FCLASS_GR": null, "FCLASS_IT": null, "FCLASS_NL": null, "FCLASS_SE": null, "FCLASS_BD": null, "FCLASS_UA": null, "FCLASS_TLC": null}, "bbox": [30.970037, -17.519617, 30.970037, -17.519617], "geometry": {"type": "Point", "coordinates": [30.970037, -17.519617]}}, {"type": "Feature", "properties": {"SCALERANK": 7, "NATSCALE": 20, "LABELRANK": 6, "FEATURECLA": "Populated place", "NAME": "Shamva", "NAMEPAR": null, "NAMEALT": null, "NAMEASCII": "Shamva", "ADM0CAP": 0, "CAPIN": null, "WORLDCITY": 0, "MEGACITY": 0, "SOV0NAME": "Zimbabwe", "SOV_A3": "ZWE", "ADM0NAME": "Zimbabwe", "ADM0_A3": "ZWE", "ADM1NAME": "Mashonaland Central", "ISO_A2": "ZW", "NOTE": null, "LATITUDE": -17.319629, "LONGITUDE": 31.57, "POP_MAX": 10317, "POP_MIN": 6725, "POP_OTHER": 0, "RANK_MAX": 6, "RANK_MIN": 5, "MEGANAME": null, "LS_NAME": "Shamva", "MAX_POP10": 6725, "MAX_POP20": 6725, "MAX_POP50": 0, "MAX_POP300": 0, "MAX_POP310": 0, "MAX_NATSCA": 20, "MIN_AREAKM": 7, "MAX_AREAKM": 7, "MIN_AREAMI": 3, "MAX_AREAMI": 3, "MIN_PERKM": 13, "MAX_PERKM": 13, "MIN_PERMI": 8, "MAX_PERMI": 8, "MIN_BBXMIN": 31.55, "MAX_BBXMIN": 31.55, "MIN_BBXMAX": 31.575, "MAX_BBXMAX": 31.575, "MIN_BBYMIN": -17.325, "MAX_BBYMIN": -17.325, "MIN_BBYMAX": -17.291667, "MAX_BBYMAX": -17.291667, "MEAN_BBXC": 31.560417, "MEAN_BBYC": -17.310417, "TIMEZONE": "Africa/Harare", "UN_FID": 0, "POP1950": 0, "POP1955": 0, "POP1960": 0, "POP1965": 0, "POP1970": 0, "POP1975": 0, "POP1980": 0, "POP1985": 0, "POP1990": 0, "POP1995": 0, "POP2000": 0, "POP2005": 0, "POP2010": 0, "POP2015": 0, "POP2020": 0, "POP2025": 0, "POP2050": 0, "MIN_ZOOM": 6.7, "WIKIDATAID": "Q606345", "WOF_ID": 421168757, "CAPALT": 0, "NAME_EN": "Shamva", "NAME_DE": "Shamva", "NAME_ES": "Shamva", "NAME_FR": "Shamva", "NAME_PT": "Shamva", "NAME_RU": "Шамва", "NAME_ZH": "沙姆瓦", "LABEL": null, "NAME_AR": "ريف شامفا", "NAME_BN": "শামভা", "NAME_EL": "Σάμγουα", "NAME_HI": "शामवा", "NAME_HU": "Shamva", "NAME_ID": "Shamva", "NAME_IT": "Shamva", "NAME_JA": "シャンバ", "NAME_KO": "샴바", "NAME_NL": "Shamva", "NAME_PL": "Shamva", "NAME_SV": "Shamva", "NAME_TR": "Shamva", "NAME_VI": "Shamva", "NE_ID": 1159134799, "NAME_FA": "شاموا", "NAME_HE": "שמווה", "NAME_UK": "Шамва", "NAME_UR": "شاموا", "NAME_ZHT": "沙姆瓦", "GEONAMESID": 881345, "FCLASS_ISO": null, "FCLASS_US": null, "FCLASS_FR": null, "FCLASS_RU": null, "FCLASS_ES": null, "FCLASS_CN": null, "FCLASS_TW": null, "FCLASS_IN": null, "FCLASS_NP": null, "FCLASS_PK": null, "FCLASS_DE": null, "FCLASS_GB": null, "FCLASS_BR": null, "FCLASS_IL": null, "FCLASS_PS": null, "FCLASS_SA": null, "FCLASS_EG": null, "FCLASS_MA": null, "FCLASS_PT": null, "FCLASS_AR": null, "FCLASS_JP": null, "FCLASS_KO": null, "FCLASS_VN": null, "FCLASS_TR": null, "FCLASS_ID": null, "FCLASS_PL": null, "FCLASS_GR": null, "FCLASS_IT": null, "FCLASS_NL": null, "FCLASS_SE": null, "FCLASS_BD": null, "FCLASS_UA": null, "FCLASS_TLC": null}, "bbox": [31.57, -17.319629, 31.57, -17.319629], "geometry": {"type": "Point", "coordinates": [31.57, -17.319629]}}, {"type": "Feature", "properties": {"SCALERANK": 7, "NATSCALE": 20, "LABELRANK": 6, "FEATURECLA": "Populated place", "NAME": "Victoria Falls", "NAMEPAR": null, "NAMEALT": null, "NAMEASCII": "Victoria Falls", "ADM0CAP": 0, "CAPIN": null, "WORLDCITY": 0, "MEGACITY": 0, "SOV0NAME": "Zimbabwe", "SOV_A3": "ZWE", "ADM0NAME": "Zimbabwe", "ADM0_A3": "ZWE", "ADM1NAME": "Matabeleland North", "ISO_A2": "ZW", "NOTE": null, "LATITUDE": -17.929618, "LONGITUDE": 25.840014, "POP_MAX": 35761, "POP_MIN": 12168, "POP_OTHER": 12168, "RANK_MAX": 7, "RANK_MIN": 6, "MEGANAME": null, "LS_NAME": "Victoria Falls", "MAX_POP10": 12168, "MAX_POP20": 12168, "MAX_POP50": 0, "MAX_POP300": 0, "MAX_POP310": 0, "MAX_NATSCA": 20, "MIN_AREAKM": 9, "MAX_AREAKM": 9, "MIN_AREAMI": 3, "MAX_AREAMI": 3, "MIN_PERKM": 14, "MAX_PERKM": 14, "MIN_PERMI": 9, "MAX_PERMI": 9, "MIN_BBXMIN": 25.808333, "MAX_BBXMIN": 25.808333, "MIN_BBXMAX": 25.841667, "MAX_BBXMAX": 25.841667, "MIN_BBYMIN": -17.95, "MAX_BBYMIN": -17.95, "MIN_BBYMAX": -17.916667, "MAX_BBYMAX": -17.916667, "MEAN_BBXC": 25.826894, "MEAN_BBYC": -17.932197, "TIMEZONE": "Africa/Harare", "UN_FID": 0, "POP1950": 0, "POP1955": 0, "POP1960": 0, "POP1965": 0, "POP1970": 0, "POP1975": 0, "POP1980": 0, "POP1985": 0, "POP1990": 0, "POP1995": 0, "POP2000": 0, "POP2005": 0, "POP2010": 0, "POP2015": 0, "POP2020": 0, "POP2025": 0, "POP2050": 0, "MIN_ZOOM": 6.7, "WIKIDATAID": "Q1393804", "WOF_ID": 890443477, "CAPALT": 0, "NAME_EN": "Victoria Falls", "NAME_DE": "Victoria Falls", "NAME_ES": "Victoria Falls", "NAME_FR": "Victoria Falls", "NAME_PT": "Victoria Falls", "NAME_RU": "Виктория-Фоллс", "NAME_ZH": "維多利亞瀑布（津巴布韋）", "LABEL": null, "NAME_AR": "شلالات فيكتوريا", "NAME_BN": "ভিক্টোরিয়া ফলস", "NAME_EL": "Βικτόρια Φολς;", "NAME_HI": "विक्टोरिया फ़ॉल्स", "NAME_HU": "Victoria Falls", "NAME_ID": "Victoria Falls", "NAME_IT": "Victoria Falls", "NAME_JA": "ビクトリア・フォールズ", "NAME_KO": "빅토리아 폴스", "NAME_NL": "Victoria Falls", "NAME_PL": "Victoria Falls", "NAME_SV": "Victoriafallen", "NAME_TR": "Victoria Falls", "NAME_VI": "Victoria Falls", "NE_ID": 1159134803, "NAME_FA": "ویکتوریا فالز", "NAME_HE": "הפארק הלאומי מפלי ויקטוריה", "NAME_UK": "Вікторія-Фолз", "NAME_UR": "وکٹوریہ فالز", "NAME_ZHT": "維多利亞瀑布（辛巴威）", "GEONAMESID": 879431, "FCLASS_ISO": null, "FCLASS_US": null, "FCLASS_FR": null, "FCLASS_RU": null, "FCLASS_ES": null, "FCLASS_CN": null, "FCLASS_TW": null, "FCLASS_IN": null, "FCLASS_NP": null, "FCLASS_PK": null, "FCLASS_DE": null, "FCLASS_GB": null, "FCLASS_BR": null, "FCLASS_IL": null, "FCLASS_PS": null, "FCLASS_SA": null, "FCLASS_EG": null, "FCLASS_MA": null, "FCLASS_PT": null, "FCLASS_AR": null, "FCLASS_JP": null, "FCLASS_KO": null, "FCLASS_VN": null, "FCLASS_TR": null, "FCLASS_ID": null, "FCLASS_PL": null, "FCLASS_GR": null, "FCLASS_IT": null, "FCLASS_NL": null, "FCLASS_SE": null, "FCLASS_BD": null, "FCLASS_UA": null, "FCLASS_TLC": null}, "bbox": [25.840014, -17.929617, 25.840014, -17.929617], "geometry": {"type": "Point", "coordinates": [25.840014, -17.929617]}}, {"type": "Feature", "properties": {"SCALERANK": 7, "NATSCALE": 20, "LABELRANK": 6, "FEATURECLA": "Populated place", "NAME": "Zvishavane", "NAMEPAR": null, "NAMEALT": null, "NAMEASCII": "Zvishavane", "ADM0CAP": 0, "CAPIN": null, "WORLDCITY": 0, "MEGACITY": 0, "SOV0NAME": "Zimbabwe", "SOV_A3": "ZWE", "ADM0NAME": "Zimbabwe", "ADM0_A3": "ZWE", "ADM1NAME": "Midlands", "ISO_A2": "ZW", "NOTE": null, "LATITUDE": -20.329574, "LONGITUDE": 30.04999, "POP_MAX": 35896, "POP_MIN": 33219, "POP_OTHER": 33219, "RANK_MAX": 7, "RANK_MIN": 7, "MEGANAME": null, "LS_NAME": "Zvishavane", "MAX_POP10": 33219, "MAX_POP20": 0, "MAX_POP50": 0, "MAX_POP300": 0, "MAX_POP310": 0, "MAX_NATSCA": 10, "MIN_AREAKM": 14, "MAX_AREAKM": 14, "MIN_AREAMI": 6, "MAX_AREAMI": 6, "MIN_PERKM": 20, "MAX_PERKM": 20, "MIN_PERMI": 12, "MAX_PERMI": 12, "MIN_BBXMIN": 30.033333, "MAX_BBXMIN": 30.033333, "MIN_BBXMAX": 30.083333, "MAX_BBXMAX": 30.083333, "MIN_BBYMIN": -20.341667, "MAX_BBYMIN": -20.341667, "MIN_BBYMAX": -20.3, "MAX_BBYMAX": -20.3, "MEAN_BBXC": 30.056019, "MEAN_BBYC": -20.325, "TIMEZONE": "Africa/Harare", "UN_FID": 0, "POP1950": 0, "POP1955": 0, "POP1960": 0, "POP1965": 0, "POP1970": 0, "POP1975": 0, "POP1980": 0, "POP1985": 0, "POP1990": 0, "POP1995": 0, "POP2000": 0, "POP2005": 0, "POP2010": 0, "POP2015": 0, "POP2020": 0, "POP2025": 0, "POP2050": 0, "MIN_ZOOM": 6.7, "WIKIDATAID": "Q231399", "WOF_ID": 890443475, "CAPALT": 0, "NAME_EN": "Zvishavane", "NAME_DE": "Zvishavane", "NAME_ES": "Zvishavane", "NAME_FR": "Zvishavane", "NAME_PT": "Zvishavane", "NAME_RU": "Звишаване", "NAME_ZH": "兹维沙瓦内", "LABEL": null, "NAME_AR": "زفيشافان", "NAME_BN": "ভিশাভেন", "NAME_EL": "Ζβισαβάνε", "NAME_HI": "ज्विशावाने", "NAME_HU": "Zvishavane", "NAME_ID": "Zvishavane", "NAME_IT": "Zvishavane", "NAME_JA": "ズビシャバネ", "NAME_KO": "즈비샤바네", "NAME_NL": "Zvishavane", "NAME_PL": "Zvishavane", "NAME_SV": "Zvishavane", "NAME_TR": "Zvishavane", "NAME_VI": "Zvishavane", "NE_ID": 1159134807, "NAME_FA": "زویساوانه", "NAME_HE": "זוישוואנה", "NAME_UK": "Звішаване", "NAME_UR": "زویشاوانے", "NAME_ZHT": "茲維沙瓦內", "GEONAMESID": 878549, "FCLASS_ISO": null, "FCLASS_US": null, "FCLASS_FR": null, "FCLASS_RU": null, "FCLASS_ES": null, "FCLASS_CN": null, "FCLASS_TW": null, "FCLASS_IN": null, "FCLASS_NP": null, "FCLASS_PK": null, "FCLASS_DE": null, "FCLASS_GB": null, "FCLASS_BR": null, "FCLASS_IL": null, "FCLASS_PS": null, "FCLASS_SA": null, "FCLASS_EG": null, "FCLASS_MA": null, "FCLASS_PT": null, "FCLASS_AR": null, "FCLASS_JP": null, "FCLASS_KO": null, "FCLASS_VN": null, "FCLASS_TR": null, "FCLASS_ID": null, "FCLASS_PL": null, "FCLASS_GR": null, "FCLASS_IT": null, "FCLASS_NL": null, "FCLASS_SE": null, "FCLASS_BD": null, "FCLASS_UA": null, "FCLASS_TLC": null}, "bbox": [30.04999, -20.329574, 30.04999, -20.329574], "geometry": {"type": "Point", "coordinates": [30.04999, -20.329574]}}, {"type": "Feature", "properties": {"SCALERANK": 7, "NATSCALE": 20, "LABELRANK": 6, "FEATURECLA": "Populated place", "NAME": "Kwekwe", "NAMEPAR": null, "NAMEALT": null, "NAMEASCII": "Kwekwe", "ADM0CAP": 0, "CAPIN": null, "WORLDCITY": 0, "MEGACITY": 0, "SOV0NAME": "Zimbabwe", "SOV_A3": "ZWE", "ADM0NAME": "Zimbabwe", "ADM0_A3": "ZWE", "ADM1NAME": "Midlands", "ISO_A2": "ZW", "NOTE": null, "LATITUDE": -18.929608, "LONGITUDE": 29.799979, "POP_MAX": 99149, "POP_MIN": 62427, "POP_OTHER": 0, "RANK_MAX": 8, "RANK_MIN": 8, "MEGANAME": null, "LS_NAME": "Kwekwe", "MAX_POP10": 62427, "MAX_POP20": 62427, "MAX_POP50": 0, "MAX_POP300": 0, "MAX_POP310": 0, "MAX_NATSCA": 20, "MIN_AREAKM": 22, "MAX_AREAKM": 22, "MIN_AREAMI": 8, "MAX_AREAMI": 8, "MIN_PERKM": 38, "MAX_PERKM": 38, "MIN_PERMI": 24, "MAX_PERMI": 24, "MIN_BBXMIN": 29.775, "MAX_BBXMIN": 29.775, "MIN_BBXMAX": 29.841667, "MAX_BBXMAX": 29.841667, "MIN_BBYMIN": -18.966667, "MAX_BBYMIN": -18.966667, "MIN_BBYMAX": -18.908333, "MAX_BBYMAX": -18.908333, "MEAN_BBXC": 29.813117, "MEAN_BBYC": -18.935957, "TIMEZONE": "Africa/Harare", "UN_FID": 0, "POP1950": 0, "POP1955": 0, "POP1960": 0, "POP1965": 0, "POP1970": 0, "POP1975": 0, "POP1980": 0, "POP1985": 0, "POP1990": 0, "POP1995": 0, "POP2000": 0, "POP2005": 0, "POP2010": 0, "POP2015": 0, "POP2020": 0, "POP2025": 0, "POP2050": 0, "MIN_ZOOM": 6.7, "WIKIDATAID": "Q399083", "WOF_ID": 421179969, "CAPALT": 0, "NAME_EN": "Kwekwe", "NAME_DE": "Kwekwe", "NAME_ES": "Kwekwe", "NAME_FR": "Kwekwe", "NAME_PT": "Kwekwe", "NAME_RU": "Квекве", "NAME_ZH": "奎奎", "LABEL": null, "NAME_AR": "كويكوى", "NAME_BN": "কুয়েকুয়ে", "NAME_EL": "Κβέκβε", "NAME_HI": "क्वेंवे", "NAME_HU": "Kwekwe", "NAME_ID": "Kwekwe", "NAME_IT": "Kwekwe", "NAME_JA": "クウェクウェ", "NAME_KO": "퀘퀘", "NAME_NL": "Kwekwe", "NAME_PL": "Kwekwe", "NAME_SV": "Kwekwe", "NAME_TR": "Kwekwe", "NAME_VI": "Kwekwe", "NE_ID": 1159134811, "NAME_FA": "کوکوه", "NAME_HE": "קווקווה", "NAME_UK": "Квекве", "NAME_UR": "کوئیکوئی", "NAME_ZHT": "奎奎市", "GEONAMESID": 888710, "FCLASS_ISO": null, "FCLASS_US": null, "FCLASS_FR": null, "FCLASS_RU": null, "FCLASS_ES": null, "FCLASS_CN": null, "FCLASS_TW": null, "FCLASS_IN": null, "FCLASS_NP": null, "FCLASS_PK": null, "FCLASS_DE": null, "FCLASS_GB": null, "FCLASS_BR": null, "FCLASS_IL": null, "FCLASS_PS": null, "FCLASS_SA": null, "FCLASS_EG": null, "FCLASS_MA": null, "FCLASS_PT": null, "FCLASS_AR": null, "FCLASS_JP": null, "FCLASS_KO": null, "FCLASS_VN": null, "FCLASS_TR": null, "FCLASS_ID": null, "FCLASS_PL": null, "FCLASS_GR": null, "FCLASS_IT": null, "FCLASS_NL": null, "FCLASS_SE": null, "FCLASS_BD": null, "FCLASS_UA": null, "FCLASS_TLC": null}, "bbox": [29.799979, -18.929608, 29.799979, -18.929608], "geometry": {"type": "Point", "coordinates": [29.799979, -18.929608]}}, {"type": "Feature", "properties": {"SCALERANK": 7, "NATSCALE": 20, "LABELRANK": 6, "FEATURECLA": "Populated place", "NAME": "Plumtree", "NAMEPAR": null, "NAMEALT": null, "NAMEASCII": "Plumtree", "ADM0CAP": 0, "CAPIN": null, "WORLDCITY": 0, "MEGACITY": 0, "SOV0NAME": "Zimbabwe", "SOV_A3": "ZWE", "ADM0NAME": "Zimbabwe", "ADM0_A3": "ZWE", "ADM1NAME": "Matabeleland South", "ISO_A2": "ZW", "NOTE": null, "LATITUDE": -20.479539, "LONGITUDE": 27.819997, "POP_MAX": 2148, "POP_MIN": 1771, "POP_OTHER": 0, "RANK_MAX": 4, "RANK_MIN": 3, "MEGANAME": null, "LS_NAME": "Plumtree", "MAX_POP10": 1771, "MAX_POP20": 0, "MAX_POP50": 0, "MAX_POP300": 0, "MAX_POP310": 0, "MAX_NATSCA": 10, "MIN_AREAKM": 2, "MAX_AREAKM": 2, "MIN_AREAMI": 1, "MAX_AREAMI": 1, "MIN_PERKM": 5, "MAX_PERKM": 5, "MIN_PERMI": 3, "MAX_PERMI": 3, "MIN_BBXMIN": 27.8, "MAX_BBXMIN": 27.8, "MIN_BBXMAX": 27.816667, "MAX_BBXMAX": 27.816667, "MIN_BBYMIN": -20.491667, "MAX_BBYMIN": -20.491667, "MIN_BBYMAX": -20.483333, "MAX_BBYMAX": -20.483333, "MEAN_BBXC": 27.808333, "MEAN_BBYC": -20.4875, "TIMEZONE": "Africa/Harare", "UN_FID": 0, "POP1950": 0, "POP1955": 0, "POP1960": 0, "POP1965": 0, "POP1970": 0, "POP1975": 0, "POP1980": 0, "POP1985": 0, "POP1990": 0, "POP1995": 0, "POP2000": 0, "POP2005": 0, "POP2010": 0, "POP2015": 0, "POP2020": 0, "POP2025": 0, "POP2050": 0, "MIN_ZOOM": 6.7, "WIKIDATAID": "Q1974068", "WOF_ID": 890436585, "CAPALT": 0, "NAME_EN": "Plumtree", "NAME_DE": "Plumtree", "NAME_ES": "Plumtree", "NAME_FR": "Plumtree", "NAME_PT": "Plumtree", "NAME_RU": "Пламтри", "NAME_ZH": "普拉姆特里", "LABEL": null, "NAME_AR": "بلومتري", "NAME_BN": "প্লামট্রি", "NAME_EL": "Πλαμτρι", "NAME_HI": "प्लमट्री", "NAME_HU": "Plumtree", "NAME_ID": "Plumtree", "NAME_IT": "Plumtree", "NAME_JA": "プラムツリー", "NAME_KO": "플럼트리", "NAME_NL": "Plumtree", "NAME_PL": "Plumtree", "NAME_SV": "Plumtree", "NAME_TR": "Plumtree", "NAME_VI": "Plumtree", "NE_ID": 1159134817, "NAME_FA": "پلام تری", "NAME_HE": "פלומטרי", "NAME_UK": "Пламтрі", "NAME_UR": "پلمٹری", "NAME_ZHT": "普拉特里", "GEONAMESID": 882859, "FCLASS_ISO": null, "FCLASS_US": null, "FCLASS_FR": null, "FCLASS_RU": null, "FCLASS_ES": null, "FCLASS_CN": null, "FCLASS_TW": null, "FCLASS_IN": null, "FCLASS_NP": null, "FCLASS_PK": null, "FCLASS_DE": null, "FCLASS_GB": null, "FCLASS_BR": null, "FCLASS_IL": null, "FCLASS_PS": null, "FCLASS_SA": null, "FCLASS_EG": null, "FCLASS_MA": null, "FCLASS_PT": null, "FCLASS_AR": null, "FCLASS_JP": null, "FCLASS_KO": null, "FCLASS_VN": null, "FCLASS_TR": null, "FCLASS_ID": null, "FCLASS_PL": null, "FCLASS_GR": null, "FCLASS_IT": null, "FCLASS_NL": null, "FCLASS_SE": null, "FCLASS_BD": null, "FCLASS_UA": null, "FCLASS_TLC": null}, "bbox": [27.819997, -20.479539, 27.819997, -20.479539], "geometry": {"type": "Point", "coordinates": [27.819997, -20.479539]}}, {"type": "Feature", "properties": {"SCALERANK": 7, "NATSCALE": 20, "LABELRANK": 6, "FEATURECLA": "Populated place", "NAME": "Beitbridge", "NAMEPAR": null, "NAMEALT": null, "NAMEASCII": "Beitbridge", "ADM0CAP": 0, "CAPIN": null, "WORLDCITY": 0, "MEGACITY": 0, "SOV0NAME": "Zimbabwe", "SOV_A3": "ZWE", "ADM0NAME": "Zimbabwe", "ADM0_A3": "ZWE", "ADM1NAME": "Matabeleland South", "ISO_A2": "ZW", "NOTE": null, "LATITUDE": -22.209615, "LONGITUDE": 29.989993, "POP_MAX": 26459, "POP_MIN": 1060, "POP_OTHER": 1060, "RANK_MAX": 7, "RANK_MIN": 3, "MEGANAME": null, "LS_NAME": "Beitbridge", "MAX_POP10": 1060, "MAX_POP20": 1060, "MAX_POP50": 0, "MAX_POP300": 0, "MAX_POP310": 0, "MAX_NATSCA": 20, "MIN_AREAKM": 2, "MAX_AREAKM": 2, "MIN_AREAMI": 1, "MAX_AREAMI": 1, "MIN_PERKM": 7, "MAX_PERKM": 7, "MIN_PERMI": 4, "MAX_PERMI": 4, "MIN_BBXMIN": 29.983333, "MAX_BBXMIN": 29.983333, "MIN_BBXMAX": 29.991667, "MAX_BBXMAX": 29.991667, "MIN_BBYMIN": -22.225, "MAX_BBYMIN": -22.225, "MIN_BBYMAX": -22.2, "MAX_BBYMAX": -22.2, "MEAN_BBXC": 29.9875, "MEAN_BBYC": -22.2125, "TIMEZONE": "Africa/Harare", "UN_FID": 0, "POP1950": 0, "POP1955": 0, "POP1960": 0, "POP1965": 0, "POP1970": 0, "POP1975": 0, "POP1980": 0, "POP1985": 0, "POP1990": 0, "POP1995": 0, "POP2000": 0, "POP2005": 0, "POP2010": 0, "POP2015": 0, "POP2020": 0, "POP2025": 0, "POP2050": 0, "MIN_ZOOM": 6.7, "WIKIDATAID": "Q814922", "WOF_ID": 1141906945, "CAPALT": 0, "NAME_EN": "Beitbridge", "NAME_DE": "Beitbridge", "NAME_ES": "Beitbridge", "NAME_FR": "Beitbridge", "NAME_PT": "Beitbridge", "NAME_RU": "Байтбридж", "NAME_ZH": "貝特橋", "LABEL": null, "NAME_AR": "بيتبريدج", "NAME_BN": "বেইটিব্রিজ", "NAME_EL": "Μπέιτμπριτζ", "NAME_HI": "बाइटब्रिज", "NAME_HU": "Beitbridge", "NAME_ID": "Beitbridge", "NAME_IT": "Beitbridge", "NAME_JA": "ベイトブリッジ", "NAME_KO": "비트브리지", "NAME_NL": "Beitbridge", "NAME_PL": "Beitbridge", "NAME_SV": "Beitbridge", "NAME_TR": "Beitbridge", "NAME_VI": "Beitbridge", "NE_ID": 1159134821, "NAME_FA": "بیت بریج", "NAME_HE": "בייטברידג'", "NAME_UK": "Байтбридж", "NAME_UR": "بیٹبریج", "NAME_ZHT": "貝特橋", "GEONAMESID": 895269, "FCLASS_ISO": null, "FCLASS_US": null, "FCLASS_FR": null, "FCLASS_RU": null, "FCLASS_ES": null, "FCLASS_CN": null, "FCLASS_TW": null, "FCLASS_IN": null, "FCLASS_NP": null, "FCLASS_PK": null, "FCLASS_DE": null, "FCLASS_GB": null, "FCLASS_BR": null, "FCLASS_IL": null, "FCLASS_PS": null, "FCLASS_SA": null, "FCLASS_EG": null, "FCLASS_MA": null, "FCLASS_PT": null, "FCLASS_AR": null, "FCLASS_JP": null, "FCLASS_KO": null, "FCLASS_VN": null, "FCLASS_TR": null, "FCLASS_ID": null, "FCLASS_PL": null, "FCLASS_GR": null, "FCLASS_IT": null, "FCLASS_NL": null, "FCLASS_SE": null, "FCLASS_BD": null, "FCLASS_UA": null, "FCLASS_TLC": null}, "bbox": [29.989993, -22.209615, 29.989993, -22.209615], "geometry": {"type": "Point", "coordinates": [29.989993, -22.209615]}}, {"type": "Feature", "properties": {"SCALERANK": 7, "NATSCALE": 20, "LABELRANK": 6, "FEATURECLA": "Admin-1 capital", "NAME": "Gwanda", "NAMEPAR": null, "NAMEALT": null, "NAMEASCII": "Gwanda", "ADM0CAP": 0, "CAPIN": null, "WORLDCITY": 0, "MEGACITY": 0, "SOV0NAME": "Zimbabwe", "SOV_A3": "ZWE", "ADM0NAME": "Zimbabwe", "ADM0_A3": "ZWE", "ADM1NAME": "Matabeleland South", "ISO_A2": "ZW", "NOTE": null, "LATITUDE": -20.939615, "LONGITUDE": 29.010002, "POP_MAX": 14450, "POP_MIN": 2055, "POP_OTHER": 0, "RANK_MAX": 6, "RANK_MIN": 4, "MEGANAME": null, "LS_NAME": "Gwanda", "MAX_POP10": 2055, "MAX_POP20": 2055, "MAX_POP50": 0, "MAX_POP300": 0, "MAX_POP310": 0, "MAX_NATSCA": 20, "MIN_AREAKM": 2, "MAX_AREAKM": 2, "MIN_AREAMI": 1, "MAX_AREAMI": 1, "MIN_PERKM": 7, "MAX_PERKM": 7, "MIN_PERMI": 4, "MAX_PERMI": 4, "MIN_BBXMIN": 28.991667, "MAX_BBXMIN": 28.991667, "MIN_BBXMAX": 29.008333, "MAX_BBXMAX": 29.008333, "MIN_BBYMIN": -20.95, "MAX_BBYMIN": -20.95, "MIN_BBYMAX": -20.933333, "MAX_BBYMAX": -20.933333, "MEAN_BBXC": 29.001389, "MEAN_BBYC": -20.943056, "TIMEZONE": "Africa/Harare", "UN_FID": 0, "POP1950": 0, "POP1955": 0, "POP1960": 0, "POP1965": 0, "POP1970": 0, "POP1975": 0, "POP1980": 0, "POP1985": 0, "POP1990": 0, "POP1995": 0, "POP2000": 0, "POP2005": 0, "POP2010": 0, "POP2015": 0, "POP2020": 0, "POP2025": 0, "POP2050": 0, "MIN_ZOOM": 6.7, "WIKIDATAID": "Q1557796", "WOF_ID": 421188195, "CAPALT": 0, "NAME_EN": "Gwanda", "NAME_DE": "Gwanda", "NAME_ES": "Gwanda", "NAME_FR": "Gwanda", "NAME_PT": "Gwanda", "NAME_RU": "Гванда", "NAME_ZH": "關達", "LABEL": null, "NAME_AR": "جواندا", "NAME_BN": "গোওয়ান্ডা", "NAME_EL": "Γκουάντα", "NAME_HI": "ग्वांडा", "NAME_HU": "Gwanda", "NAME_ID": "Gwanda", "NAME_IT": "Gwanda", "NAME_JA": "グワンダ", "NAME_KO": "관다", "NAME_NL": "Gwanda", "NAME_PL": "Gwanda", "NAME_SV": "Gwanda", "NAME_TR": "Gwanda", "NAME_VI": "Gwanda", "NE_ID": 1159134825, "NAME_FA": "گواندا", "NAME_HE": "גוואנדה", "NAME_UK": "Гванда", "NAME_UR": "گوانڈا", "NAME_ZHT": "關達", "GEONAMESID": 890516, "FCLASS_ISO": null, "FCLASS_US": null, "FCLASS_FR": null, "FCLASS_RU": null, "FCLASS_ES": null, "FCLASS_CN": null, "FCLASS_TW": null, "FCLASS_IN": null, "FCLASS_NP": null, "FCLASS_PK": null, "FCLASS_DE": null, "FCLASS_GB": null, "FCLASS_BR": null, "FCLASS_IL": null, "FCLASS_PS": null, "FCLASS_SA": null, "FCLASS_EG": null, "FCLASS_MA": null, "FCLASS_PT": null, "FCLASS_AR": null, "FCLASS_JP": null, "FCLASS_KO": null, "FCLASS_VN": null, "FCLASS_TR": null, "FCLASS_ID": null, "FCLASS_PL": null, "FCLASS_GR": null, "FCLASS_IT": null, "FCLASS_NL": null, "FCLASS_SE": null, "FCLASS_BD": null, "FCLASS_UA": null, "FCLASS_TLC": null}, "bbox": [29.010002, -20.939615, 29.010002, -20.939615], "geometry": {"type": "Point", "coordinates": [29.010002, -20.939615]}}, {"type": "Feature", "properties": {"SCALERANK": 7, "NATSCALE": 20, "LABELRANK": 6, "FEATURECLA": "Populated place", "NAME": "Chiredzi", "NAMEPAR": null, "NAMEALT": null, "NAMEASCII": "Chiredzi", "ADM0CAP": 0, "CAPIN": null, "WORLDCITY": 0, "MEGACITY": 0, "SOV0NAME": "Zimbabwe", "SOV_A3": "ZWE", "ADM0NAME": "Zimbabwe", "ADM0_A3": "ZWE", "ADM1NAME": "Masvingo", "ISO_A2": "ZW", "NOTE": null, "LATITUDE": -21.049582, "LONGITUDE": 31.660021, "POP_MAX": 28205, "POP_MIN": 7428, "POP_OTHER": 7428, "RANK_MAX": 7, "RANK_MIN": 5, "MEGANAME": null, "LS_NAME": "Chiredzi", "MAX_POP10": 7428, "MAX_POP20": 7428, "MAX_POP50": 0, "MAX_POP300": 0, "MAX_POP310": 0, "MAX_NATSCA": 20, "MIN_AREAKM": 8, "MAX_AREAKM": 8, "MIN_AREAMI": 3, "MAX_AREAMI": 3, "MIN_PERKM": 16, "MAX_PERKM": 16, "MIN_PERMI": 10, "MAX_PERMI": 10, "MIN_BBXMIN": 31.658333, "MAX_BBXMIN": 31.658333, "MIN_BBXMAX": 31.691667, "MAX_BBXMAX": 31.691667, "MIN_BBYMIN": -21.058333, "MAX_BBYMIN": -21.058333, "MIN_BBYMAX": -21.016667, "MAX_BBYMAX": -21.016667, "MEAN_BBXC": 31.675833, "MEAN_BBYC": -21.038333, "TIMEZONE": "Africa/Harare", "UN_FID": 0, "POP1950": 0, "POP1955": 0, "POP1960": 0, "POP1965": 0, "POP1970": 0, "POP1975": 0, "POP1980": 0, "POP1985": 0, "POP1990": 0, "POP1995": 0, "POP2000": 0, "POP2005": 0, "POP2010": 0, "POP2015": 0, "POP2020": 0, "POP2025": 0, "POP2050": 0, "MIN_ZOOM": 6.7, "WIKIDATAID": "Q1074697", "WOF_ID": 421188191, "CAPALT": 0, "NAME_EN": "Chiredzi", "NAME_DE": "Chiredzi", "NAME_ES": "Chiredzi", "NAME_FR": "Chiredzi", "NAME_PT": "Chiredzi", "NAME_RU": "Чиредзи", "NAME_ZH": "奇雷济", "LABEL": null, "NAME_AR": "شيريدزي", "NAME_BN": "চিরেদজি", "NAME_EL": "Χιρετζί", "NAME_HI": "चिरेड्जी", "NAME_HU": "Chiredzi", "NAME_ID": "Chiredzi", "NAME_IT": "Chiredzi", "NAME_JA": "チレドジ", "NAME_KO": "치레지", "NAME_NL": "Chiredzi", "NAME_PL": "Chiredzi", "NAME_SV": "Chiredzi", "NAME_TR": "Chiredzi", "NAME_VI": "Chiredzi", "NE_ID": 1159134829, "NAME_FA": "چیریدزی", "NAME_HE": "צ'רדזי", "NAME_UK": "Чідрезі", "NAME_UR": "چیریدزی", "NAME_ZHT": "奇雷濟", "GEONAMESID": 893485, "FCLASS_ISO": null, "FCLASS_US": null, "FCLASS_FR": null, "FCLASS_RU": null, "FCLASS_ES": null, "FCLASS_CN": null, "FCLASS_TW": null, "FCLASS_IN": null, "FCLASS_NP": null, "FCLASS_PK": null, "FCLASS_DE": null, "FCLASS_GB": null, "FCLASS_BR": null, "FCLASS_IL": null, "FCLASS_PS": null, "FCLASS_SA": null, "FCLASS_EG": null, "FCLASS_MA": null, "FCLASS_PT": null, "FCLASS_AR": null, "FCLASS_JP": null, "FCLASS_KO": null, "FCLASS_VN": null, "FCLASS_TR": null, "FCLASS_ID": null, "FCLASS_PL": null, "FCLASS_GR": null, "FCLASS_IT": null, "FCLASS_NL": null, "FCLASS_SE": null, "FCLASS_BD": null, "FCLASS_UA": null, "FCLASS_TLC": null}, "bbox": [31.660021, -21.049582, 31.660021, -21.049582], "geometry": {"type": "Point", "coordinates": [31.660021, -21.049582]}}, {"type": "Feature", "properties": {"SCALERANK": 7, "NATSCALE": 20, "LABELRANK": 6, "FEATURECLA": "Admin-1 capital", "NAME": "Masvingo", "NAMEPAR": null, "NAMEALT": null, "NAMEASCII": "Masvingo", "ADM0CAP": 0, "CAPIN": null, "WORLDCITY": 0, "MEGACITY": 0, "SOV0NAME": "Zimbabwe", "SOV_A3": "ZWE", "ADM0NAME": "Zimbabwe", "ADM0_A3": "ZWE", "ADM1NAME": "Masvingo", "ISO_A2": "ZW", "NOTE": null, "LATITUDE": -20.059617, "LONGITUDE": 30.82002, "POP_MAX": 76311, "POP_MIN": 76290, "POP_OTHER": 76311, "RANK_MAX": 8, "RANK_MIN": 8, "MEGANAME": null, "LS_NAME": "Masvingo", "MAX_POP10": 76311, "MAX_POP20": 76311, "MAX_POP50": 0, "MAX_POP300": 0, "MAX_POP310": 0, "MAX_NATSCA": 20, "MIN_AREAKM": 17, "MAX_AREAKM": 17, "MIN_AREAMI": 7, "MAX_AREAMI": 7, "MIN_PERKM": 22, "MAX_PERKM": 22, "MIN_PERMI": 13, "MAX_PERMI": 13, "MIN_BBXMIN": 30.808333, "MAX_BBXMIN": 30.808333, "MIN_BBXMAX": 30.85, "MAX_BBXMAX": 30.85, "MIN_BBYMIN": -20.091667, "MAX_BBYMIN": -20.091667, "MIN_BBYMAX": -20.041667, "MAX_BBYMAX": -20.041667, "MEAN_BBXC": 30.825198, "MEAN_BBYC": -20.067262, "TIMEZONE": "Africa/Harare", "UN_FID": 0, "POP1950": 0, "POP1955": 0, "POP1960": 0, "POP1965": 0, "POP1970": 0, "POP1975": 0, "POP1980": 0, "POP1985": 0, "POP1990": 0, "POP1995": 0, "POP2000": 0, "POP2005": 0, "POP2010": 0, "POP2015": 0, "POP2020": 0, "POP2025": 0, "POP2050": 0, "MIN_ZOOM": 6.7, "WIKIDATAID": "Q601142", "WOF_ID": 421179967, "CAPALT": 0, "NAME_EN": "Masvingo", "NAME_DE": "Masvingo", "NAME_ES": "Masvingo", "NAME_FR": "Masvingo", "NAME_PT": "Masvingo", "NAME_RU": "Масвинго", "NAME_ZH": "馬斯溫戈", "LABEL": null, "NAME_AR": "ماسفينغو", "NAME_BN": "ম্যাসভিঙ্গো", "NAME_EL": "Μασβίνγκο", "NAME_HI": "मास्विंगो", "NAME_HU": "Masvingo", "NAME_ID": "Masvingo", "NAME_IT": "Masvingo", "NAME_JA": "マシンゴ", "NAME_KO": "마스빙고", "NAME_NL": "Masvingo", "NAME_PL": "Masvingo", "NAME_SV": "Masvingo", "NAME_TR": "Masvingo", "NAME_VI": "Masvingo", "NE_ID": 1159134835, "NAME_FA": "ماسوینگو", "NAME_HE": "מסווינגו", "NAME_UK": "Масвінго", "NAME_UR": "ماسونگو", "NAME_ZHT": "馬斯溫戈", "GEONAMESID": 886763, "FCLASS_ISO": null, "FCLASS_US": null, "FCLASS_FR": null, "FCLASS_RU": null, "FCLASS_ES": null, "FCLASS_CN": null, "FCLASS_TW": null, "FCLASS_IN": null, "FCLASS_NP": null, "FCLASS_PK": null, "FCLASS_DE": null, "FCLASS_GB": null, "FCLASS_BR": null, "FCLASS_IL": null, "FCLASS_PS": null, "FCLASS_SA": null, "FCLASS_EG": null, "FCLASS_MA": null, "FCLASS_PT": null, "FCLASS_AR": null, "FCLASS_JP": null, "FCLASS_KO": null, "FCLASS_VN": null, "FCLASS_TR": null, "FCLASS_ID": null, "FCLASS_PL": null, "FCLASS_GR": null, "FCLASS_IT": null, "FCLASS_NL": null, "FCLASS_SE": null, "FCLASS_BD": null, "FCLASS_UA": null, "FCLASS_TLC": null}, "bbox": [30.82002, -20.059617, 30.82002, -20.059617], "geometry": {"type": "Point", "coordinates": [30.82002, -20.059617]}}, {"type": "Feature", "properties": {"SCALERANK": 7, "NATSCALE": 20, "LABELRANK": 6, "FEATURECLA": "Populated place", "NAME": "Karoi", "NAMEPAR": null, "NAMEALT": null, "NAMEASCII": "Karoi", "ADM0CAP": 0, "CAPIN": null, "WORLDCITY": 0, "MEGACITY": 0, "SOV0NAME": "Zimbabwe", "SOV_A3": "ZWE", "ADM0NAME": "Zimbabwe", "ADM0_A3": "ZWE", "ADM1NAME": "Mashonaland West", "ISO_A2": "ZW", "NOTE": null, "LATITUDE": -16.819556, "LONGITUDE": 29.679987, "POP_MAX": 25030, "POP_MIN": 1358, "POP_OTHER": 0, "RANK_MAX": 7, "RANK_MIN": 3, "MEGANAME": null, "LS_NAME": "Karoi", "MAX_POP10": 1358, "MAX_POP20": 1358, "MAX_POP50": 0, "MAX_POP300": 0, "MAX_POP310": 0, "MAX_NATSCA": 20, "MIN_AREAKM": 2, "MAX_AREAKM": 2, "MIN_AREAMI": 1, "MAX_AREAMI": 1, "MIN_PERKM": 5, "MAX_PERKM": 5, "MIN_PERMI": 3, "MAX_PERMI": 3, "MIN_BBXMIN": 29.683333, "MAX_BBXMIN": 29.683333, "MIN_BBXMAX": 29.7, "MAX_BBXMAX": 29.7, "MIN_BBYMIN": -16.825, "MAX_BBYMIN": -16.825, "MIN_BBYMAX": -16.816667, "MAX_BBYMAX": -16.816667, "MEAN_BBXC": 29.691667, "MEAN_BBYC": -16.820833, "TIMEZONE": "Africa/Harare", "UN_FID": 0, "POP1950": 0, "POP1955": 0, "POP1960": 0, "POP1965": 0, "POP1970": 0, "POP1975": 0, "POP1980": 0, "POP1985": 0, "POP1990": 0, "POP1995": 0, "POP2000": 0, "POP2005": 0, "POP2010": 0, "POP2015": 0, "POP2020": 0, "POP2025": 0, "POP2050": 0, "MIN_ZOOM": 6.7, "WIKIDATAID": "Q994419", "WOF_ID": 890440217, "CAPALT": 0, "NAME_EN": "Karoi", "NAME_DE": "Karoi", "NAME_ES": "Karoi", "NAME_FR": "Karoi", "NAME_PT": "Karoi", "NAME_RU": "Карои", "NAME_ZH": "卡萊伊", "LABEL": null, "NAME_AR": "كاروي", "NAME_BN": "কারোই", "NAME_EL": "Καρόι", "NAME_HI": "करोई", "NAME_HU": "Karoi", "NAME_ID": "Karoi", "NAME_IT": "Karoi", "NAME_JA": "カロイ", "NAME_KO": "카로이", "NAME_NL": "Karoi", "NAME_PL": "Karoi", "NAME_SV": "Karoi", "NAME_TR": "Karoi", "NAME_VI": "Karoi", "NE_ID": 1159134841, "NAME_FA": "کارویی", "NAME_HE": "קרוי", "NAME_UK": "Карой", "NAME_UR": "کاروی", "NAME_ZHT": "卡萊伊", "GEONAMESID": 889191, "FCLASS_ISO": null, "FCLASS_US": null, "FCLASS_FR": null, "FCLASS_RU": null, "FCLASS_ES": null, "FCLASS_CN": null, "FCLASS_TW": null, "FCLASS_IN": null, "FCLASS_NP": null, "FCLASS_PK": null, "FCLASS_DE": null, "FCLASS_GB": null, "FCLASS_BR": null, "FCLASS_IL": null, "FCLASS_PS": null, "FCLASS_SA": null, "FCLASS_EG": null, "FCLASS_MA": null, "FCLASS_PT": null, "FCLASS_AR": null, "FCLASS_JP": null, "FCLASS_KO": null, "FCLASS_VN": null, "FCLASS_TR": null, "FCLASS_ID": null, "FCLASS_PL": null, "FCLASS_GR": null, "FCLASS_IT": null, "FCLASS_NL": null, "FCLASS_SE": null, "FCLASS_BD": null, "FCLASS_UA": null, "FCLASS_TLC": null}, "bbox": [29.679986, -16.819556, 29.679986, -16.819556], "geometry": {"type": "Point", "coordinates": [29.679986, -16.819556]}}, {"type": "Feature", "properties": {"SCALERANK": 7, "NATSCALE": 20, "LABELRANK": 6, "FEATURECLA": "Admin-1 capital", "NAME": "Chinhoyi", "NAMEPAR": null, "NAMEALT": null, "NAMEASCII": "Chinhoyi", "ADM0CAP": 0, "CAPIN": null, "WORLDCITY": 0, "MEGACITY": 0, "SOV0NAME": "Zimbabwe", "SOV_A3": "ZWE", "ADM0NAME": "Zimbabwe", "ADM0_A3": "ZWE", "ADM1NAME": "Mashonaland West", "ISO_A2": "ZW", "NOTE": null, "LATITUDE": -17.359626, "LONGITUDE": 30.180008, "POP_MAX": 61739, "POP_MIN": 43885, "POP_OTHER": 43885, "RANK_MAX": 8, "RANK_MIN": 7, "MEGANAME": null, "LS_NAME": "Chinhoyi", "MAX_POP10": 43885, "MAX_POP20": 43885, "MAX_POP50": 0, "MAX_POP300": 0, "MAX_POP310": 0, "MAX_NATSCA": 20, "MIN_AREAKM": 11, "MAX_AREAKM": 11, "MIN_AREAMI": 4, "MAX_AREAMI": 4, "MIN_PERKM": 18, "MAX_PERKM": 18, "MIN_PERMI": 11, "MAX_PERMI": 11, "MIN_BBXMIN": 30.175, "MAX_BBXMIN": 30.175, "MIN_BBXMAX": 30.208333, "MAX_BBXMAX": 30.208333, "MIN_BBYMIN": -17.391667, "MAX_BBYMIN": -17.391667, "MIN_BBYMAX": -17.35, "MAX_BBYMAX": -17.35, "MEAN_BBXC": 30.192857, "MEAN_BBYC": -17.369643, "TIMEZONE": "Africa/Harare", "UN_FID": 0, "POP1950": 0, "POP1955": 0, "POP1960": 0, "POP1965": 0, "POP1970": 0, "POP1975": 0, "POP1980": 0, "POP1985": 0, "POP1990": 0, "POP1995": 0, "POP2000": 0, "POP2005": 0, "POP2010": 0, "POP2015": 0, "POP2020": 0, "POP2025": 0, "POP2050": 0, "MIN_ZOOM": 6.7, "WIKIDATAID": "Q782743", "WOF_ID": 890438225, "CAPALT": 0, "NAME_EN": "Chinhoyi", "NAME_DE": "Chinhoyi", "NAME_ES": "Chinhoyi", "NAME_FR": "Chinhoyi", "NAME_PT": "Chinhoyi", "NAME_RU": "Чинхойи", "NAME_ZH": "奇諾伊", "LABEL": null, "NAME_AR": "تشينهوي", "NAME_BN": "চিনহোই", "NAME_EL": "Τσινχόι", "NAME_HI": "चिन्होयी", "NAME_HU": "Chinhoyi", "NAME_ID": "Chinhoyi", "NAME_IT": "Chinhoyi", "NAME_JA": "チノイ", "NAME_KO": "친호이", "NAME_NL": "Chinhoyi", "NAME_PL": "Chinhoyi", "NAME_SV": "Chinhoyi", "NAME_TR": "Chinhoyi", "NAME_VI": "Chinhoyi", "NE_ID": 1159134845, "NAME_FA": "چین هویی", "NAME_HE": "קרב סינויה", "NAME_UK": "Чинхої", "NAME_UR": "چینہوئی", "NAME_ZHT": "奇諾伊", "GEONAMESID": 893697, "FCLASS_ISO": null, "FCLASS_US": null, "FCLASS_FR": null, "FCLASS_RU": null, "FCLASS_ES": null, "FCLASS_CN": null, "FCLASS_TW": null, "FCLASS_IN": null, "FCLASS_NP": null, "FCLASS_PK": null, "FCLASS_DE": null, "FCLASS_GB": null, "FCLASS_BR": null, "FCLASS_IL": null, "FCLASS_PS": null, "FCLASS_SA": null, "FCLASS_EG": null, "FCLASS_MA": null, "FCLASS_PT": null, "FCLASS_AR": null, "FCLASS_JP": null, "FCLASS_KO": null, "FCLASS_VN": null, "FCLASS_TR": null, "FCLASS_ID": null, "FCLASS_PL": null, "FCLASS_GR": null, "FCLASS_IT": null, "FCLASS_NL": null, "FCLASS_SE": null, "FCLASS_BD": null, "FCLASS_UA": null, "FCLASS_TLC": null}, "bbox": [30.180008, -17.359626, 30.180008, -17.359626], "geometry": {"type": "Point", "coordinates": [30.180008, -17.359626]}}, {"type": "Feature", "properties": {"SCALERANK": 7, "NATSCALE": 20, "LABELRANK": 6, "FEATURECLA": "Admin-1 capital", "NAME": "Kariba", "NAMEPAR": null, "NAMEALT": null, "NAMEASCII": "Kariba", "ADM0CAP": 0, "CAPIN": null, "WORLDCITY": 0, "MEGACITY": 0, "SOV0NAME": "Zimbabwe", "SOV_A3": "ZWE", "ADM0NAME": "Zimbabwe", "ADM0_A3": "ZWE", "ADM1NAME": "Mashonaland West", "ISO_A2": "ZW", "NOTE": null, "LATITUDE": -16.5296, "LONGITUDE": 28.80004, "POP_MAX": 25531, "POP_MIN": 20736, "POP_OTHER": 0, "RANK_MAX": 7, "RANK_MIN": 7, "MEGANAME": null, "LS_NAME": "Kariba", "MAX_POP10": 340, "MAX_POP20": 340, "MAX_POP50": 0, "MAX_POP300": 0, "MAX_POP310": 0, "MAX_NATSCA": 20, "MIN_AREAKM": 1, "MAX_AREAKM": 1, "MIN_AREAMI": 0, "MAX_AREAMI": 0, "MIN_PERKM": 4, "MAX_PERKM": 4, "MIN_PERMI": 2, "MAX_PERMI": 2, "MIN_BBXMIN": 28.791667, "MAX_BBXMIN": 28.791667, "MIN_BBXMAX": 28.8, "MAX_BBXMAX": 28.8, "MIN_BBYMIN": -16.533333, "MAX_BBYMIN": -16.533333, "MIN_BBYMAX": -16.525, "MAX_BBYMAX": -16.525, "MEAN_BBXC": 28.795833, "MEAN_BBYC": -16.529167, "TIMEZONE": "Africa/Harare", "UN_FID": 0, "POP1950": 0, "POP1955": 0, "POP1960": 0, "POP1965": 0, "POP1970": 0, "POP1975": 0, "POP1980": 0, "POP1985": 0, "POP1990": 0, "POP1995": 0, "POP2000": 0, "POP2005": 0, "POP2010": 0, "POP2015": 0, "POP2020": 0, "POP2025": 0, "POP2050": 0, "MIN_ZOOM": 6.7, "WIKIDATAID": "Q1025799", "WOF_ID": 421203085, "CAPALT": 0, "NAME_EN": "Kariba", "NAME_DE": "Kariba", "NAME_ES": "Kariba", "NAME_FR": "Kariba", "NAME_PT": "Kariba", "NAME_RU": "Кариба", "NAME_ZH": "卡里巴", "LABEL": null, "NAME_AR": "كاريبا", "NAME_BN": "কারিবা", "NAME_EL": "Καρίμπα", "NAME_HI": "करिबा", "NAME_HU": "Kariba", "NAME_ID": "Kariba", "NAME_IT": "Kariba", "NAME_JA": "カリバ", "NAME_KO": "카리바", "NAME_NL": "Kariba", "NAME_PL": "Kariba", "NAME_SV": "Kariba", "NAME_TR": "Kariba", "NAME_VI": "Kariba", "NE_ID": 1159134851, "NAME_FA": "کاریبا", "NAME_HE": "קאריבה", "NAME_UK": "Каріба", "NAME_UR": "کاریبا", "NAME_ZHT": "卡里巴", "GEONAMESID": 889215, "FCLASS_ISO": null, "FCLASS_US": null, "FCLASS_FR": null, "FCLASS_RU": null, "FCLASS_ES": null, "FCLASS_CN": null, "FCLASS_TW": null, "FCLASS_IN": null, "FCLASS_NP": null, "FCLASS_PK": null, "FCLASS_DE": null, "FCLASS_GB": null, "FCLASS_BR": null, "FCLASS_IL": null, "FCLASS_PS": null, "FCLASS_SA": null, "FCLASS_EG": null, "FCLASS_MA": null, "FCLASS_PT": null, "FCLASS_AR": null, "FCLASS_JP": null, "FCLASS_KO": null, "FCLASS_VN": null, "FCLASS_TR": null, "FCLASS_ID": null, "FCLASS_PL": null, "FCLASS_GR": null, "FCLASS_IT": null, "FCLASS_NL": null, "FCLASS_SE": null, "FCLASS_BD": null, "FCLASS_UA": null, "FCLASS_TLC": null}, "bbox": [28.80004, -16.5296, 28.80004, -16.5296], "geometry": {"type": "Point", "coordinates": [28.80004, -16.5296]}}, {"type": "Feature", "properties": {"SCALERANK": 7, "NATSCALE": 20, "LABELRANK": 8, "FEATURECLA": "Populated place", "NAME": "Golela", "NAMEPAR": null, "NAMEALT": null, "NAMEASCII": "Golela", "ADM0CAP": 0, "CAPIN": null, "WORLDCITY": 0, "MEGACITY": 0, "SOV0NAME": "eSwatini", "SOV_A3": "SWZ", "ADM0NAME": "eSwatini", "ADM0_A3": "SWZ", "ADM1NAME": "Shiselweni", "ISO_A2": "SZ", "NOTE": null, "LATITUDE": -27.296178, "LONGITUDE": 31.900006, "POP_MAX": 3695, "POP_MIN": 3695, "POP_OTHER": 0, "RANK_MAX": 4, "RANK_MIN": 4, "MEGANAME": null, "LS_NAME": "Golela", "MAX_POP10": 3695, "MAX_POP20": 3695, "MAX_POP50": 0, "MAX_POP300": 0, "MAX_POP310": 0, "MAX_NATSCA": 20, "MIN_AREAKM": 5, "MAX_AREAKM": 5, "MIN_AREAMI": 2, "MAX_AREAMI": 2, "MIN_PERKM": 12, "MAX_PERKM": 12, "MIN_PERMI": 8, "MAX_PERMI": 8, "MIN_BBXMIN": 31.875, "MAX_BBXMIN": 31.875, "MIN_BBXMAX": 31.9, "MAX_BBXMAX": 31.9, "MIN_BBYMIN": -27.325, "MAX_BBYMIN": -27.325, "MIN_BBYMAX": -27.291667, "MAX_BBYMAX": -27.291667, "MEAN_BBXC": 31.8875, "MEAN_BBYC": -27.309722, "TIMEZONE": null, "UN_FID": 0, "POP1950": 0, "POP1955": 0, "POP1960": 0, "POP1965": 0, "POP1970": 0, "POP1975": 0, "POP1980": 0, "POP1985": 0, "POP1990": 0, "POP1995": 0, "POP2000": 0, "POP2005": 0, "POP2010": 0, "POP2015": 0, "POP2020": 0, "POP2025": 0, "POP2050": 0, "MIN_ZOOM": 6.7, "WIKIDATAID": "Q310006", "WOF_ID": 1141906947, "CAPALT": 0, "NAME_EN": "Golela", "NAME_DE": "EGolela", "NAME_ES": "Golela", "NAME_FR": "Golela", "NAME_PT": "Golela", "NAME_RU": "Голела", "NAME_ZH": "戈莱拉", "LABEL": null, "NAME_AR": "غوليلا", "NAME_BN": "গোলেলা", "NAME_EL": "Γκολέλα", "NAME_HI": "गोलेला", "NAME_HU": "Golela", "NAME_ID": "Golela", "NAME_IT": "Golela", "NAME_JA": "ゴレラ", "NAME_KO": "골렐라", "NAME_NL": "Golela", "NAME_PL": "Golela", "NAME_SV": "Golela", "NAME_TR": "Golela", "NAME_VI": "Golela", "NE_ID": 1159134855, "NAME_FA": "گوللا", "NAME_HE": "גוללה", "NAME_UK": "Голела", "NAME_UR": "گولیلا", "NAME_ZHT": "戈萊拉", "GEONAMESID": 1000997, "FCLASS_ISO": null, "FCLASS_US": null, "FCLASS_FR": null, "FCLASS_RU": null, "FCLASS_ES": null, "FCLASS_CN": null, "FCLASS_TW": null, "FCLASS_IN": null, "FCLASS_NP": null, "FCLASS_PK": null, "FCLASS_DE": null, "FCLASS_GB": null, "FCLASS_BR": null, "FCLASS_IL": null, "FCLASS_PS": null, "FCLASS_SA": null, "FCLASS_EG": null, "FCLASS_MA": null, "FCLASS_PT": null, "FCLASS_AR": null, "FCLASS_JP": null, "FCLASS_KO": null, "FCLASS_VN": null, "FCLASS_TR": null, "FCLASS_ID": null, "FCLASS_PL": null, "FCLASS_GR": null, "FCLASS_IT": null, "FCLASS_NL": null, "FCLASS_SE": null, "FCLASS_BD": null, "FCLASS_UA": null, "FCLASS_TLC": null}, "bbox": [31.900006, -27.296178, 31.900006, -27.296178], "geometry": {"type": "Point", "coordinates": [31.900006, -27.296178]}}, {"type": "Feature", "properties": {"SCALERANK": 7, "NATSCALE": 20, "LABELRANK": 3, "FEATURECLA": "Populated place", "NAME": "Colesberg", "NAMEPAR": null, "NAMEALT": null, "NAMEASCII": "Colesberg", "ADM0CAP": 0, "CAPIN": null, "WORLDCITY": 0, "MEGACITY": 0, "SOV0NAME": "South Africa", "SOV_A3": "ZAF", "ADM0NAME": "South Africa", "ADM0_A3": "ZAF", "ADM1NAME": "Northern Cape", "ISO_A2": "ZA", "NOTE": null, "LATITUDE": -30.719535, "LONGITUDE": 25.100008, "POP_MAX": 12423, "POP_MIN": 2559, "POP_OTHER": 2559, "RANK_MAX": 6, "RANK_MIN": 4, "MEGANAME": null, "LS_NAME": "Colesberg", "MAX_POP10": 2559, "MAX_POP20": 2559, "MAX_POP50": 0, "MAX_POP300": 0, "MAX_POP310": 0, "MAX_NATSCA": 20, "MIN_AREAKM": 4, "MAX_AREAKM": 4, "MIN_AREAMI": 1, "MAX_AREAMI": 1, "MIN_PERKM": 10, "MAX_PERKM": 10, "MIN_PERMI": 6, "MAX_PERMI": 6, "MIN_BBXMIN": 25.083333, "MAX_BBXMIN": 25.083333, "MIN_BBXMAX": 25.108333, "MAX_BBXMAX": 25.108333, "MIN_BBYMIN": -30.733333, "MAX_BBYMIN": -30.733333, "MIN_BBYMAX": -30.708333, "MAX_BBYMAX": -30.708333, "MEAN_BBXC": 25.0975, "MEAN_BBYC": -30.7225, "TIMEZONE": "Africa/Johannesburg", "UN_FID": 0, "POP1950": 0, "POP1955": 0, "POP1960": 0, "POP1965": 0, "POP1970": 0, "POP1975": 0, "POP1980": 0, "POP1985": 0, "POP1990": 0, "POP1995": 0, "POP2000": 0, "POP2005": 0, "POP2010": 0, "POP2015": 0, "POP2020": 0, "POP2025": 0, "POP2050": 0, "MIN_ZOOM": 6.7, "WIKIDATAID": "Q2232441", "WOF_ID": 1141907117, "CAPALT": 0, "NAME_EN": "Colesberg", "NAME_DE": "Colesberg", "NAME_ES": "Colesberg", "NAME_FR": "Colesberg", "NAME_PT": "Colesberg", "NAME_RU": "Колесберг", "NAME_ZH": "科尔斯伯格", "LABEL": null, "NAME_AR": "كلوزبيرغ", "NAME_BN": "কোলসবার্গ", "NAME_EL": "Κόουλσμπεργκ", "NAME_HI": "कोल्सबर्ग", "NAME_HU": "Colesberg", "NAME_ID": "Colesberg", "NAME_IT": "Colesberg", "NAME_JA": "コールズバーグ", "NAME_KO": "콜스버그", "NAME_NL": "Colesberg", "NAME_PL": "Colesberg", "NAME_SV": "Colesberg", "NAME_TR": "Colesberg", "NAME_VI": "Colesberg", "NE_ID": 1159136571, "NAME_FA": "کولزبرگ", "NAME_HE": "קולסברג", "NAME_UK": "Колсберг", "NAME_UR": "کولزبرگ", "NAME_ZHT": "科爾斯伯格", "GEONAMESID": 1013076, "FCLASS_ISO": null, "FCLASS_US": null, "FCLASS_FR": null, "FCLASS_RU": null, "FCLASS_ES": null, "FCLASS_CN": null, "FCLASS_TW": null, "FCLASS_IN": null, "FCLASS_NP": null, "FCLASS_PK": null, "FCLASS_DE": null, "FCLASS_GB": null, "FCLASS_BR": null, "FCLASS_IL": null, "FCLASS_PS": null, "FCLASS_SA": null, "FCLASS_EG": null, "FCLASS_MA": null, "FCLASS_PT": null, "FCLASS_AR": null, "FCLASS_JP": null, "FCLASS_KO": null, "FCLASS_VN": null, "FCLASS_TR": null, "FCLASS_ID": null, "FCLASS_PL": null, "FCLASS_GR": null, "FCLASS_IT": null, "FCLASS_NL": null, "FCLASS_SE": null, "FCLASS_BD": null, "FCLASS_UA": null, "FCLASS_TLC": null}, "bbox": [25.100008, -30.719535, 25.100008, -30.719535], "geometry": {"type": "Point", "coordinates": [25.100008, -30.719535]}}, {"type": "Feature", "properties": {"SCALERANK": 7, "NATSCALE": 20, "LABELRANK": 3, "FEATURECLA": "Populated place", "NAME": "Poffader", "NAMEPAR": null, "NAMEALT": null, "NAMEASCII": "Poffader", "ADM0CAP": 0, "CAPIN": null, "WORLDCITY": 0, "MEGACITY": 0, "SOV0NAME": "South Africa", "SOV_A3": "ZAF", "ADM0NAME": "South Africa", "ADM0_A3": "ZAF", "ADM1NAME": "Northern Cape", "ISO_A2": "ZA", "NOTE": null, "LATITUDE": -29.132913, "LONGITUDE": 19.383354, "POP_MAX": 4220, "POP_MIN": 4220, "POP_OTHER": 0, "RANK_MAX": 4, "RANK_MIN": 4, "MEGANAME": null, "LS_NAME": "Poffader", "MAX_POP10": 4220, "MAX_POP20": 4220, "MAX_POP50": 0, "MAX_POP300": 0, "MAX_POP310": 0, "MAX_NATSCA": 20, "MIN_AREAKM": 1, "MAX_AREAKM": 1, "MIN_AREAMI": 1, "MAX_AREAMI": 1, "MIN_PERKM": 7, "MAX_PERKM": 7, "MIN_PERMI": 4, "MAX_PERMI": 4, "MIN_BBXMIN": 19.383333, "MAX_BBXMIN": 19.383333, "MIN_BBXMAX": 19.4, "MAX_BBXMAX": 19.4, "MIN_BBYMIN": -29.133333, "MAX_BBYMIN": -29.133333, "MIN_BBYMAX": -29.116667, "MAX_BBYMAX": -29.116667, "MEAN_BBXC": 19.391667, "MEAN_BBYC": -29.125, "TIMEZONE": null, "UN_FID": 0, "POP1950": 0, "POP1955": 0, "POP1960": 0, "POP1965": 0, "POP1970": 0, "POP1975": 0, "POP1980": 0, "POP1985": 0, "POP1990": 0, "POP1995": 0, "POP2000": 0, "POP2005": 0, "POP2010": 0, "POP2015": 0, "POP2020": 0, "POP2025": 0, "POP2050": 0, "MIN_ZOOM": 6.7, "WIKIDATAID": "Q993179", "WOF_ID": 1141907119, "CAPALT": 0, "NAME_EN": "Pofadder", "NAME_DE": "Pofadder", "NAME_ES": "Poffader", "NAME_FR": "Pofadder", "NAME_PT": "Pofadder", "NAME_RU": "Пофаддер", "NAME_ZH": "波法德尔", "LABEL": null, "NAME_AR": "بوفادير", "NAME_BN": "পফফাডের", "NAME_EL": "Πόφαντερ", "NAME_HI": "पोफ़ेडर", "NAME_HU": "Poffader", "NAME_ID": "Poffader", "NAME_IT": "Pofadder", "NAME_JA": "ポファデール", "NAME_KO": "포파더", "NAME_NL": "Pofadder", "NAME_PL": "Poffader", "NAME_SV": "Poffader", "NAME_TR": "Poffader", "NAME_VI": "Poffader", "NE_ID": 1159136575, "NAME_FA": "پوفادر", "NAME_HE": "פופאדר", "NAME_UK": "Пофаддер", "NAME_UR": "پوفاڈر", "NAME_ZHT": "波法德爾", "GEONAMESID": 3362755, "FCLASS_ISO": null, "FCLASS_US": null, "FCLASS_FR": null, "FCLASS_RU": null, "FCLASS_ES": null, "FCLASS_CN": null, "FCLASS_TW": null, "FCLASS_IN": null, "FCLASS_NP": null, "FCLASS_PK": null, "FCLASS_DE": null, "FCLASS_GB": null, "FCLASS_BR": null, "FCLASS_IL": null, "FCLASS_PS": null, "FCLASS_SA": null, "FCLASS_EG": null, "FCLASS_MA": null, "FCLASS_PT": null, "FCLASS_AR": null, "FCLASS_JP": null, "FCLASS_KO": null, "FCLASS_VN": null, "FCLASS_TR": null, "FCLASS_ID": null, "FCLASS_PL": null, "FCLASS_GR": null, "FCLASS_IT": null, "FCLASS_NL": null, "FCLASS_SE": null, "FCLASS_BD": null, "FCLASS_UA": null, "FCLASS_TLC": null}, "bbox": [19.383354, -29.132913, 19.383354, -29.132913], "geometry": {"type": "Point", "coordinates": [19.383354, -29.132913]}}, {"type": "Feature", "properties": {"SCALERANK": 7, "NATSCALE": 20, "LABELRANK": 3, "FEATURECLA": "Populated place", "NAME": "Carnarvon", "NAMEPAR": null, "NAMEALT": null, "NAMEASCII": "Carnarvon", "ADM0CAP": 0, "CAPIN": null, "WORLDCITY": 0, "MEGACITY": 0, "SOV0NAME": "South Africa", "SOV_A3": "ZAF", "ADM0NAME": "South Africa", "ADM0_A3": "ZAF", "ADM1NAME": "Northern Cape", "ISO_A2": "ZA", "NOTE": null, "LATITUDE": -30.949598, "LONGITUDE": 22.133315, "POP_MAX": 5785, "POP_MIN": 5785, "POP_OTHER": 0, "RANK_MAX": 5, "RANK_MIN": 5, "MEGANAME": null, "LS_NAME": "Carnarvon", "MAX_POP10": 0, "MAX_POP20": 0, "MAX_POP50": 0, "MAX_POP300": 0, "MAX_POP310": 0, "MAX_NATSCA": 0, "MIN_AREAKM": 0, "MAX_AREAKM": 0, "MIN_AREAMI": 0, "MAX_AREAMI": 0, "MIN_PERKM": 0, "MAX_PERKM": 0, "MIN_PERMI": 0, "MAX_PERMI": 0, "MIN_BBXMIN": 0, "MAX_BBXMIN": 0, "MIN_BBXMAX": 0, "MAX_BBXMAX": 0, "MIN_BBYMIN": 0, "MAX_BBYMIN": 0, "MIN_BBYMAX": 0, "MAX_BBYMAX": 0, "MEAN_BBXC": 0, "MEAN_BBYC": 0, "TIMEZONE": "Africa/Johannesburg", "UN_FID": 0, "POP1950": 0, "POP1955": 0, "POP1960": 0, "POP1965": 0, "POP1970": 0, "POP1975": 0, "POP1980": 0, "POP1985": 0, "POP1990": 0, "POP1995": 0, "POP2000": 0, "POP2005": 0, "POP2010": 0, "POP2015": 0, "POP2020": 0, "POP2025": 0, "POP2050": 0, "MIN_ZOOM": 6.7, "WIKIDATAID": "Q625378", "WOF_ID": 1141907123, "CAPALT": 0, "NAME_EN": "Carnarvon", "NAME_DE": "Carnarvon", "NAME_ES": "Carnarvon", "NAME_FR": "Carnarvon", "NAME_PT": "Carnarvon", "NAME_RU": "Карнарвон", "NAME_ZH": "卡那封", "LABEL": null, "NAME_AR": "كارنارفون", "NAME_BN": "কার্নারভন", "NAME_EL": "Κάρβαρνον", "NAME_HI": "कार्नार्वोन", "NAME_HU": "Carnarvon", "NAME_ID": "Carnarvon", "NAME_IT": "Carnarvon", "NAME_JA": "カーナーボン", "NAME_KO": "카르나본", "NAME_NL": "Carnarvon", "NAME_PL": "Carnarvon", "NAME_SV": "Carnarvon", "NAME_TR": "Carnarvon", "NAME_VI": "Carnarvon", "NE_ID": 1159136581, "NAME_FA": "کارنارون", "NAME_HE": "קרנארבון", "NAME_UK": "Карнарвон", "NAME_UR": "کارناروون", "NAME_ZHT": "卡那封", "GEONAMESID": 1014034, "FCLASS_ISO": null, "FCLASS_US": null, "FCLASS_FR": null, "FCLASS_RU": null, "FCLASS_ES": null, "FCLASS_CN": null, "FCLASS_TW": null, "FCLASS_IN": null, "FCLASS_NP": null, "FCLASS_PK": null, "FCLASS_DE": null, "FCLASS_GB": null, "FCLASS_BR": null, "FCLASS_IL": null, "FCLASS_PS": null, "FCLASS_SA": null, "FCLASS_EG": null, "FCLASS_MA": null, "FCLASS_PT": null, "FCLASS_AR": null, "FCLASS_JP": null, "FCLASS_KO": null, "FCLASS_VN": null, "FCLASS_TR": null, "FCLASS_ID": null, "FCLASS_PL": null, "FCLASS_GR": null, "FCLASS_IT": null, "FCLASS_NL": null, "FCLASS_SE": null, "FCLASS_BD": null, "FCLASS_UA": null, "FCLASS_TLC": null}, "bbox": [22.133315, -30.949598, 22.133315, -30.949598], "geometry": {"type": "Point", "coordinates": [22.133315, -30.949598]}}, {"type": "Feature", "properties": {"SCALERANK": 7, "NATSCALE": 20, "LABELRANK": 3, "FEATURECLA": "Populated place", "NAME": "Prieska", "NAMEPAR": null, "NAMEALT": null, "NAMEASCII": "Prieska", "ADM0CAP": 0, "CAPIN": null, "WORLDCITY": 0, "MEGACITY": 0, "SOV0NAME": "South Africa", "SOV_A3": "ZAF", "ADM0NAME": "South Africa", "ADM0_A3": "ZAF", "ADM1NAME": "Northern Cape", "ISO_A2": "ZA", "NOTE": null, "LATITUDE": -29.659548, "LONGITUDE": 22.730023, "POP_MAX": 11236, "POP_MIN": 4045, "POP_OTHER": 4045, "RANK_MAX": 6, "RANK_MIN": 4, "MEGANAME": null, "LS_NAME": "Prieska", "MAX_POP10": 4045, "MAX_POP20": 4045, "MAX_POP50": 0, "MAX_POP300": 0, "MAX_POP310": 0, "MAX_NATSCA": 20, "MIN_AREAKM": 6, "MAX_AREAKM": 6, "MIN_AREAMI": 2, "MAX_AREAMI": 2, "MIN_PERKM": 11, "MAX_PERKM": 11, "MIN_PERMI": 7, "MAX_PERMI": 7, "MIN_BBXMIN": 22.725, "MAX_BBXMIN": 22.725, "MIN_BBXMAX": 22.758333, "MAX_BBXMAX": 22.758333, "MIN_BBYMIN": -29.675, "MAX_BBYMIN": -29.675, "MIN_BBYMAX": -29.658333, "MAX_BBYMAX": -29.658333, "MEAN_BBXC": 22.741667, "MEAN_BBYC": -29.666667, "TIMEZONE": "Africa/Johannesburg", "UN_FID": 0, "POP1950": 0, "POP1955": 0, "POP1960": 0, "POP1965": 0, "POP1970": 0, "POP1975": 0, "POP1980": 0, "POP1985": 0, "POP1990": 0, "POP1995": 0, "POP2000": 0, "POP2005": 0, "POP2010": 0, "POP2015": 0, "POP2020": 0, "POP2025": 0, "POP2050": 0, "MIN_ZOOM": 6.7, "WIKIDATAID": "Q1021731", "WOF_ID": 1141907125, "CAPALT": 0, "NAME_EN": "Prieska", "NAME_DE": "Prieska", "NAME_ES": "Prieska", "NAME_FR": "Prieska", "NAME_PT": "Prieska", "NAME_RU": "Приска", "NAME_ZH": "普里斯卡", "LABEL": null, "NAME_AR": "بريشكا", "NAME_BN": "প্রিস্কা", "NAME_EL": "Πρίσκα", "NAME_HI": "प्रीस्का", "NAME_HU": "Prieska", "NAME_ID": "Prieska", "NAME_IT": "Prieska", "NAME_JA": "プリースカ", "NAME_KO": "프리에스카", "NAME_NL": "Prieska", "NAME_PL": "Prieska", "NAME_SV": "Prieska", "NAME_TR": "Prieska", "NAME_VI": "Prieska", "NE_ID": 1159136585, "NAME_FA": "پریئسکا", "NAME_HE": "פריאסקה", "NAME_UK": "Пріска", "NAME_UR": "پریسکا", "NAME_ZHT": "普里斯卡", "GEONAMESID": 964090, "FCLASS_ISO": null, "FCLASS_US": null, "FCLASS_FR": null, "FCLASS_RU": null, "FCLASS_ES": null, "FCLASS_CN": null, "FCLASS_TW": null, "FCLASS_IN": null, "FCLASS_NP": null, "FCLASS_PK": null, "FCLASS_DE": null, "FCLASS_GB": null, "FCLASS_BR": null, "FCLASS_IL": null, "FCLASS_PS": null, "FCLASS_SA": null, "FCLASS_EG": null, "FCLASS_MA": null, "FCLASS_PT": null, "FCLASS_AR": null, "FCLASS_JP": null, "FCLASS_KO": null, "FCLASS_VN": null, "FCLASS_TR": null, "FCLASS_ID": null, "FCLASS_PL": null, "FCLASS_GR": null, "FCLASS_IT": null, "FCLASS_NL": null, "FCLASS_SE": null, "FCLASS_BD": null, "FCLASS_UA": null, "FCLASS_TLC": null}, "bbox": [22.730023, -29.659547, 22.730023, -29.659547], "geometry": {"type": "Point", "coordinates": [22.730023, -29.659547]}}, {"type": "Feature", "properties": {"SCALERANK": 7, "NATSCALE": 20, "LABELRANK": 3, "FEATURECLA": "Populated place", "NAME": "Kuruman", "NAMEPAR": null, "NAMEALT": null, "NAMEASCII": "Kuruman", "ADM0CAP": 0, "CAPIN": null, "WORLDCITY": 0, "MEGACITY": 0, "SOV0NAME": "South Africa", "SOV_A3": "ZAF", "ADM0NAME": "South Africa", "ADM0_A3": "ZAF", "ADM1NAME": "Northern Cape", "ISO_A2": "ZA", "NOTE": null, "LATITUDE": -27.449553, "LONGITUDE": 23.420007, "POP_MAX": 10006, "POP_MIN": 9093, "POP_OTHER": 0, "RANK_MAX": 6, "RANK_MIN": 5, "MEGANAME": null, "LS_NAME": "Kuruman", "MAX_POP10": 10006, "MAX_POP20": 469, "MAX_POP50": 0, "MAX_POP300": 0, "MAX_POP310": 0, "MAX_NATSCA": 20, "MIN_AREAKM": 2, "MAX_AREAKM": 8, "MIN_AREAMI": 1, "MAX_AREAMI": 3, "MIN_PERKM": 5, "MAX_PERKM": 16, "MIN_PERMI": 3, "MAX_PERMI": 10, "MIN_BBXMIN": 23.408333, "MAX_BBXMIN": 23.408333, "MIN_BBXMAX": 23.416667, "MAX_BBXMAX": 23.45, "MIN_BBYMIN": -27.475, "MAX_BBYMIN": -27.466667, "MIN_BBYMAX": -27.45, "MAX_BBYMAX": -27.45, "MEAN_BBXC": 23.422083, "MEAN_BBYC": -27.459583, "TIMEZONE": "Africa/Johannesburg", "UN_FID": 0, "POP1950": 0, "POP1955": 0, "POP1960": 0, "POP1965": 0, "POP1970": 0, "POP1975": 0, "POP1980": 0, "POP1985": 0, "POP1990": 0, "POP1995": 0, "POP2000": 0, "POP2005": 0, "POP2010": 0, "POP2015": 0, "POP2020": 0, "POP2025": 0, "POP2050": 0, "MIN_ZOOM": 6.7, "WIKIDATAID": "Q1025965", "WOF_ID": 1141907127, "CAPALT": 0, "NAME_EN": "Kuruman", "NAME_DE": "Kuruman", "NAME_ES": "Kuruman", "NAME_FR": "Kuruman", "NAME_PT": "Kuruman", "NAME_RU": "Куруман", "NAME_ZH": "库鲁曼", "LABEL": null, "NAME_AR": "كورومان", "NAME_BN": "কুরুম্যান", "NAME_EL": "Κουρούμαν", "NAME_HI": "कुरुमान", "NAME_HU": "Kuruman", "NAME_ID": "Kuruman", "NAME_IT": "Kuruman", "NAME_JA": "クルマン", "NAME_KO": "쿠루만", "NAME_NL": "Kuruman", "NAME_PL": "Kuruman", "NAME_SV": "Kuruman", "NAME_TR": "Kuruman", "NAME_VI": "Kuruman", "NE_ID": 1159136589, "NAME_FA": "کورومن", "NAME_HE": "קורומן", "NAME_UK": "Куруман", "NAME_UR": "کورومان", "NAME_ZHT": "庫魯曼", "GEONAMESID": 986134, "FCLASS_ISO": null, "FCLASS_US": null, "FCLASS_FR": null, "FCLASS_RU": null, "FCLASS_ES": null, "FCLASS_CN": null, "FCLASS_TW": null, "FCLASS_IN": null, "FCLASS_NP": null, "FCLASS_PK": null, "FCLASS_DE": null, "FCLASS_GB": null, "FCLASS_BR": null, "FCLASS_IL": null, "FCLASS_PS": null, "FCLASS_SA": null, "FCLASS_EG": null, "FCLASS_MA": null, "FCLASS_PT": null, "FCLASS_AR": null, "FCLASS_JP": null, "FCLASS_KO": null, "FCLASS_VN": null, "FCLASS_TR": null, "FCLASS_ID": null, "FCLASS_PL": null, "FCLASS_GR": null, "FCLASS_IT": null, "FCLASS_NL": null, "FCLASS_SE": null, "FCLASS_BD": null, "FCLASS_UA": null, "FCLASS_TLC": null}, "bbox": [23.420007, -27.449553, 23.420007, -27.449553], "geometry": {"type": "Point", "coordinates": [23.420007, -27.449553]}}, {"type": "Feature", "properties": {"SCALERANK": 7, "NATSCALE": 20, "LABELRANK": 3, "FEATURECLA": "Populated place", "NAME": "Knysna", "NAMEPAR": null, "NAMEALT": null, "NAMEASCII": "Knysna", "ADM0CAP": 0, "CAPIN": null, "WORLDCITY": 0, "MEGACITY": 0, "SOV0NAME": "South Africa", "SOV_A3": "ZAF", "ADM0NAME": "South Africa", "ADM0_A3": "ZAF", "ADM1NAME": "Western Cape", "ISO_A2": "ZA", "NOTE": null, "LATITUDE": -34.032924, "LONGITUDE": 23.033312, "POP_MAX": 63106, "POP_MIN": 4668, "POP_OTHER": 4521, "RANK_MAX": 8, "RANK_MIN": 4, "MEGANAME": null, "LS_NAME": "Knysna", "MAX_POP10": 4668, "MAX_POP20": 0, "MAX_POP50": 0, "MAX_POP300": 0, "MAX_POP310": 0, "MAX_NATSCA": 10, "MIN_AREAKM": 4, "MAX_AREAKM": 4, "MIN_AREAMI": 2, "MAX_AREAMI": 2, "MIN_PERKM": 12, "MAX_PERKM": 12, "MIN_PERMI": 7, "MAX_PERMI": 7, "MIN_BBXMIN": 23.025, "MAX_BBXMIN": 23.025, "MIN_BBXMAX": 23.058333, "MAX_BBXMAX": 23.058333, "MIN_BBYMIN": -34.05, "MAX_BBYMIN": -34.05, "MIN_BBYMAX": -34.025, "MAX_BBYMAX": -34.025, "MEAN_BBXC": 23.044444, "MEAN_BBYC": -34.034722, "TIMEZONE": "Africa/Johannesburg", "UN_FID": 0, "POP1950": 0, "POP1955": 0, "POP1960": 0, "POP1965": 0, "POP1970": 0, "POP1975": 0, "POP1980": 0, "POP1985": 0, "POP1990": 0, "POP1995": 0, "POP2000": 0, "POP2005": 0, "POP2010": 0, "POP2015": 0, "POP2020": 0, "POP2025": 0, "POP2050": 0, "MIN_ZOOM": 6.7, "WIKIDATAID": "Q251137", "WOF_ID": 101928071, "CAPALT": 0, "NAME_EN": "Knysna", "NAME_DE": "Knysna", "NAME_ES": "Knysna", "NAME_FR": "Knysna", "NAME_PT": "Knysna", "NAME_RU": "Найсне", "NAME_ZH": "克尼斯纳", "LABEL": null, "NAME_AR": "كنيسنا", "NAME_BN": "কন্যাস্না", "NAME_EL": "Κνίσνα", "NAME_HI": "नाइस्ना", "NAME_HU": "Knysna", "NAME_ID": "Knysna", "NAME_IT": "Knysna", "NAME_JA": "ナイズナ", "NAME_KO": "나이스나", "NAME_NL": "Knysna", "NAME_PL": "Knysna", "NAME_SV": "Knysna", "NAME_TR": "Knysna", "NAME_VI": "Knysna", "NE_ID": 1159136593, "NAME_FA": "کنسنا", "NAME_HE": "נייסנה", "NAME_UK": "Книсна", "NAME_UR": "کنیسنا", "NAME_ZHT": "克尼斯納", "GEONAMESID": 988698, "FCLASS_ISO": null, "FCLASS_US": null, "FCLASS_FR": null, "FCLASS_RU": null, "FCLASS_ES": null, "FCLASS_CN": null, "FCLASS_TW": null, "FCLASS_IN": null, "FCLASS_NP": null, "FCLASS_PK": null, "FCLASS_DE": null, "FCLASS_GB": null, "FCLASS_BR": null, "FCLASS_IL": null, "FCLASS_PS": null, "FCLASS_SA": null, "FCLASS_EG": null, "FCLASS_MA": null, "FCLASS_PT": null, "FCLASS_AR": null, "FCLASS_JP": null, "FCLASS_KO": null, "FCLASS_VN": null, "FCLASS_TR": null, "FCLASS_ID": null, "FCLASS_PL": null, "FCLASS_GR": null, "FCLASS_IT": null, "FCLASS_NL": null, "FCLASS_SE": null, "FCLASS_BD": null, "FCLASS_UA": null, "FCLASS_TLC": null}, "bbox": [23.033312, -34.032924, 23.033312, -34.032924], "geometry": {"type": "Point", "coordinates": [23.033312, -34.032924]}}, {"type": "Feature", "properties": {"SCALERANK": 7, "NATSCALE": 20, "LABELRANK": 3, "FEATURECLA": "Populated place", "NAME": "Swellendam", "NAMEPAR": null, "NAMEALT": null, "NAMEASCII": "Swellendam", "ADM0CAP": 0, "CAPIN": null, "WORLDCITY": 0, "MEGACITY": 0, "SOV0NAME": "South Africa", "SOV_A3": "ZAF", "ADM0NAME": "South Africa", "ADM0_A3": "ZAF", "ADM1NAME": "Western Cape", "ISO_A2": "ZA", "NOTE": null, "LATITUDE": -34.019592, "LONGITUDE": 20.430009, "POP_MAX": 13674, "POP_MIN": 4234, "POP_OTHER": 4234, "RANK_MAX": 6, "RANK_MIN": 4, "MEGANAME": null, "LS_NAME": "Swellendam", "MAX_POP10": 4234, "MAX_POP20": 0, "MAX_POP50": 0, "MAX_POP300": 0, "MAX_POP310": 0, "MAX_NATSCA": 10, "MIN_AREAKM": 7, "MAX_AREAKM": 7, "MIN_AREAMI": 3, "MAX_AREAMI": 3, "MIN_PERKM": 14, "MAX_PERKM": 14, "MIN_PERMI": 8, "MAX_PERMI": 8, "MIN_BBXMIN": 20.425, "MAX_BBXMIN": 20.425, "MIN_BBXMAX": 20.458333, "MAX_BBXMAX": 20.458333, "MIN_BBYMIN": -34.041667, "MAX_BBYMIN": -34.041667, "MIN_BBYMAX": -34.008333, "MAX_BBYMAX": -34.008333, "MEAN_BBXC": 20.44, "MEAN_BBYC": -34.025833, "TIMEZONE": "Africa/Johannesburg", "UN_FID": 0, "POP1950": 0, "POP1955": 0, "POP1960": 0, "POP1965": 0, "POP1970": 0, "POP1975": 0, "POP1980": 0, "POP1985": 0, "POP1990": 0, "POP1995": 0, "POP2000": 0, "POP2005": 0, "POP2010": 0, "POP2015": 0, "POP2020": 0, "POP2025": 0, "POP2050": 0, "MIN_ZOOM": 6.7, "WIKIDATAID": "Q1023257", "WOF_ID": 101928067, "CAPALT": 0, "NAME_EN": "Swellendam", "NAME_DE": "Swellendam", "NAME_ES": "Swellendam", "NAME_FR": "Swellendam", "NAME_PT": "Swellendam", "NAME_RU": "Свеллендам", "NAME_ZH": "斯韦伦丹", "LABEL": null, "NAME_AR": "سويليندام", "NAME_BN": "সোয়েল্লেন্দাম", "NAME_EL": "Σβέλλενταμ", "NAME_HI": "स्वेलेनडैम", "NAME_HU": "Swellendam", "NAME_ID": "Swellendam", "NAME_IT": "Swellendam", "NAME_JA": "スウェレンダム", "NAME_KO": "스웰렌담", "NAME_NL": "Swellendam", "NAME_PL": "Swellendam", "NAME_SV": "Republiken Swellendam", "NAME_TR": "Swellendam", "NAME_VI": "Swellendam", "NE_ID": 1159136599, "NAME_FA": "سولندام", "NAME_HE": "סוולנדאם", "NAME_UK": "Свеллендам", "NAME_UR": "سویلیندام", "NAME_ZHT": "斯維勒丹", "GEONAMESID": 950709, "FCLASS_ISO": null, "FCLASS_US": null, "FCLASS_FR": null, "FCLASS_RU": null, "FCLASS_ES": null, "FCLASS_CN": null, "FCLASS_TW": null, "FCLASS_IN": null, "FCLASS_NP": null, "FCLASS_PK": null, "FCLASS_DE": null, "FCLASS_GB": null, "FCLASS_BR": null, "FCLASS_IL": null, "FCLASS_PS": null, "FCLASS_SA": null, "FCLASS_EG": null, "FCLASS_MA": null, "FCLASS_PT": null, "FCLASS_AR": null, "FCLASS_JP": null, "FCLASS_KO": null, "FCLASS_VN": null, "FCLASS_TR": null, "FCLASS_ID": null, "FCLASS_PL": null, "FCLASS_GR": null, "FCLASS_IT": null, "FCLASS_NL": null, "FCLASS_SE": null, "FCLASS_BD": null, "FCLASS_UA": null, "FCLASS_TLC": null}, "bbox": [20.430008, -34.019591, 20.430008, -34.019591], "geometry": {"type": "Point", "coordinates": [20.430008, -34.019591]}}, {"type": "Feature", "properties": {"SCALERANK": 7, "NATSCALE": 20, "LABELRANK": 3, "FEATURECLA": "Populated place", "NAME": "Hermanus", "NAMEPAR": null, "NAMEALT": null, "NAMEASCII": "Hermanus", "ADM0CAP": 0, "CAPIN": null, "WORLDCITY": 0, "MEGACITY": 0, "SOV0NAME": "South Africa", "SOV_A3": "ZAF", "ADM0NAME": "South Africa", "ADM0_A3": "ZAF", "ADM1NAME": "Western Cape", "ISO_A2": "ZA", "NOTE": null, "LATITUDE": -34.409594, "LONGITUDE": 19.229927, "POP_MAX": 25153, "POP_MIN": 7396, "POP_OTHER": 0, "RANK_MAX": 7, "RANK_MIN": 5, "MEGANAME": null, "LS_NAME": "Hermanus", "MAX_POP10": 7396, "MAX_POP20": 0, "MAX_POP50": 0, "MAX_POP300": 0, "MAX_POP310": 0, "MAX_NATSCA": 10, "MIN_AREAKM": 9, "MAX_AREAKM": 9, "MIN_AREAMI": 4, "MAX_AREAMI": 4, "MIN_PERKM": 23, "MAX_PERKM": 23, "MIN_PERMI": 14, "MAX_PERMI": 14, "MIN_BBXMIN": 19.183333, "MAX_BBXMIN": 19.183333, "MIN_BBXMAX": 19.258333, "MAX_BBXMAX": 19.258333, "MIN_BBYMIN": -34.433333, "MAX_BBYMIN": -34.433333, "MIN_BBYMAX": -34.408333, "MAX_BBYMAX": -34.408333, "MEAN_BBXC": 19.220833, "MEAN_BBYC": -34.420833, "TIMEZONE": "Africa/Johannesburg", "UN_FID": 0, "POP1950": 0, "POP1955": 0, "POP1960": 0, "POP1965": 0, "POP1970": 0, "POP1975": 0, "POP1980": 0, "POP1985": 0, "POP1990": 0, "POP1995": 0, "POP2000": 0, "POP2005": 0, "POP2010": 0, "POP2015": 0, "POP2020": 0, "POP2025": 0, "POP2050": 0, "MIN_ZOOM": 6.7, "WIKIDATAID": "Q1613480", "WOF_ID": 101928043, "CAPALT": 0, "NAME_EN": "Hermanus", "NAME_DE": "Hermanus", "NAME_ES": "Hermanus", "NAME_FR": "Hermanus", "NAME_PT": "Hermanus", "NAME_RU": "Херманус", "NAME_ZH": "赫爾馬努斯", "LABEL": null, "NAME_AR": "هيرمانوس", "NAME_BN": "হারমানুস", "NAME_EL": "Χερμάνους", "NAME_HI": "हरमानस", "NAME_HU": "Hermanus", "NAME_ID": "Hermanus", "NAME_IT": "Hermanus", "NAME_JA": "ヘルマナス", "NAME_KO": "헤르마누스", "NAME_NL": "Hermanus", "NAME_PL": "Hermanus", "NAME_SV": "Hermanus", "NAME_TR": "Hermanus", "NAME_VI": "Hermanus", "NE_ID": 1159136603, "NAME_FA": "هرمانوس", "NAME_HE": "הרמנוס", "NAME_UK": "Херманус", "NAME_UR": "ہرمانوس", "NAME_ZHT": "赫爾馬努斯", "GEONAMESID": 3366880, "FCLASS_ISO": null, "FCLASS_US": null, "FCLASS_FR": null, "FCLASS_RU": null, "FCLASS_ES": null, "FCLASS_CN": null, "FCLASS_TW": null, "FCLASS_IN": null, "FCLASS_NP": null, "FCLASS_PK": null, "FCLASS_DE": null, "FCLASS_GB": null, "FCLASS_BR": null, "FCLASS_IL": null, "FCLASS_PS": null, "FCLASS_SA": null, "FCLASS_EG": null, "FCLASS_MA": null, "FCLASS_PT": null, "FCLASS_AR": null, "FCLASS_JP": null, "FCLASS_KO": null, "FCLASS_VN": null, "FCLASS_TR": null, "FCLASS_ID": null, "FCLASS_PL": null, "FCLASS_GR": null, "FCLASS_IT": null, "FCLASS_NL": null, "FCLASS_SE": null, "FCLASS_BD": null, "FCLASS_UA": null, "FCLASS_TLC": null}, "bbox": [19.229927, -34.409593, 19.229927, -34.409593], "geometry": {"type": "Point", "coordinates": [19.229927, -34.409593]}}, {"type": "Feature", "properties": {"SCALERANK": 7, "NATSCALE": 20, "LABELRANK": 3, "FEATURECLA": "Populated place", "NAME": "Paarl", "NAMEPAR": null, "NAMEALT": null, "NAMEASCII": "Paarl", "ADM0CAP": 0, "CAPIN": null, "WORLDCITY": 0, "MEGACITY": 0, "SOV0NAME": "South Africa", "SOV_A3": "ZAF", "ADM0NAME": "South Africa", "ADM0_A3": "ZAF", "ADM1NAME": "Western Cape", "ISO_A2": "ZA", "NOTE": null, "LATITUDE": -33.699559, "LONGITUDE": 18.960021, "POP_MAX": 187865, "POP_MIN": 131718, "POP_OTHER": 142325, "RANK_MAX": 9, "RANK_MIN": 9, "MEGANAME": null, "LS_NAME": "Paarl", "MAX_POP10": 131718, "MAX_POP20": 0, "MAX_POP50": 0, "MAX_POP300": 0, "MAX_POP310": 0, "MAX_NATSCA": 10, "MIN_AREAKM": 75, "MAX_AREAKM": 75, "MIN_AREAMI": 29, "MAX_AREAMI": 29, "MIN_PERKM": 115, "MAX_PERKM": 115, "MIN_PERMI": 72, "MAX_PERMI": 72, "MIN_BBXMIN": 18.908333, "MAX_BBXMIN": 18.908333, "MIN_BBXMAX": 19.033333, "MAX_BBXMAX": 19.033333, "MIN_BBYMIN": -33.8, "MAX_BBYMIN": -33.8, "MIN_BBYMAX": -33.6, "MAX_BBYMAX": -33.6, "MEAN_BBXC": 18.974881, "MEAN_BBYC": -33.709167, "TIMEZONE": "Africa/Johannesburg", "UN_FID": 0, "POP1950": 0, "POP1955": 0, "POP1960": 0, "POP1965": 0, "POP1970": 0, "POP1975": 0, "POP1980": 0, "POP1985": 0, "POP1990": 0, "POP1995": 0, "POP2000": 0, "POP2005": 0, "POP2010": 0, "POP2015": 0, "POP2020": 0, "POP2025": 0, "POP2050": 0, "MIN_ZOOM": 6.7, "WIKIDATAID": "Q1018144", "WOF_ID": 1141907129, "CAPALT": 0, "NAME_EN": "Paarl", "NAME_DE": "Paarl", "NAME_ES": "Paarl", "NAME_FR": "Paarl", "NAME_PT": "Paarl", "NAME_RU": "Паарл", "NAME_ZH": "帕阿尔", "LABEL": null, "NAME_AR": "بارل", "NAME_BN": "পার্ল", "NAME_EL": "Παρλ", "NAME_HI": "पार्ल", "NAME_HU": "Paarl", "NAME_ID": "Paarl", "NAME_IT": "Paarl", "NAME_JA": "パール", "NAME_KO": "팔", "NAME_NL": "Paarl", "NAME_PL": "Paarl", "NAME_SV": "Paarl", "NAME_TR": "Paarl", "NAME_VI": "Paarl", "NE_ID": 1159136607, "NAME_FA": "پاری", "NAME_HE": "פארל", "NAME_UK": "Паарл", "NAME_UR": "پارل", "NAME_ZHT": "帕阿爾", "GEONAMESID": 3363613, "FCLASS_ISO": null, "FCLASS_US": null, "FCLASS_FR": null, "FCLASS_RU": null, "FCLASS_ES": null, "FCLASS_CN": null, "FCLASS_TW": null, "FCLASS_IN": null, "FCLASS_NP": null, "FCLASS_PK": null, "FCLASS_DE": null, "FCLASS_GB": null, "FCLASS_BR": null, "FCLASS_IL": null, "FCLASS_PS": null, "FCLASS_SA": null, "FCLASS_EG": null, "FCLASS_MA": null, "FCLASS_PT": null, "FCLASS_AR": null, "FCLASS_JP": null, "FCLASS_KO": null, "FCLASS_VN": null, "FCLASS_TR": null, "FCLASS_ID": null, "FCLASS_PL": null, "FCLASS_GR": null, "FCLASS_IT": null, "FCLASS_NL": null, "FCLASS_SE": null, "FCLASS_BD": null, "FCLASS_UA": null, "FCLASS_TLC": null}, "bbox": [18.960021, -33.699559, 18.960021, -33.699559], "geometry": {"type": "Point", "coordinates": [18.960021, -33.699559]}}, {"type": "Feature", "properties": {"SCALERANK": 7, "NATSCALE": 20, "LABELRANK": 3, "FEATURECLA": "Populated place", "NAME": "Bredasdorp", "NAMEPAR": null, "NAMEALT": null, "NAMEASCII": "Bredasdorp", "ADM0CAP": 0, "CAPIN": null, "WORLDCITY": 0, "MEGACITY": 0, "SOV0NAME": "South Africa", "SOV_A3": "ZAF", "ADM0NAME": "South Africa", "ADM0_A3": "ZAF", "ADM1NAME": "Western Cape", "ISO_A2": "ZA", "NOTE": null, "LATITUDE": -34.529535, "LONGITUDE": 20.029981, "POP_MAX": 14936, "POP_MIN": 1970, "POP_OTHER": 0, "RANK_MAX": 6, "RANK_MIN": 3, "MEGANAME": null, "LS_NAME": "Bredasdorp", "MAX_POP10": 1970, "MAX_POP20": 1970, "MAX_POP50": 0, "MAX_POP300": 0, "MAX_POP310": 0, "MAX_NATSCA": 20, "MIN_AREAKM": 3, "MAX_AREAKM": 3, "MIN_AREAMI": 1, "MAX_AREAMI": 1, "MIN_PERKM": 7, "MAX_PERKM": 7, "MIN_PERMI": 4, "MAX_PERMI": 4, "MIN_BBXMIN": 20.033333, "MAX_BBXMIN": 20.033333, "MIN_BBXMAX": 20.05, "MAX_BBXMAX": 20.05, "MIN_BBYMIN": -34.541667, "MAX_BBYMIN": -34.541667, "MIN_BBYMAX": -34.525, "MAX_BBYMAX": -34.525, "MEAN_BBXC": 20.041667, "MEAN_BBYC": -34.533333, "TIMEZONE": "Africa/Johannesburg", "UN_FID": 0, "POP1950": 0, "POP1955": 0, "POP1960": 0, "POP1965": 0, "POP1970": 0, "POP1975": 0, "POP1980": 0, "POP1985": 0, "POP1990": 0, "POP1995": 0, "POP2000": 0, "POP2005": 0, "POP2010": 0, "POP2015": 0, "POP2020": 0, "POP2025": 0, "POP2050": 0, "MIN_ZOOM": 6.7, "WIKIDATAID": "Q1640898", "WOF_ID": 101928085, "CAPALT": 0, "NAME_EN": "Bredasdorp", "NAME_DE": "Bredasdorp", "NAME_ES": "Bredasdorp", "NAME_FR": "Bredasdorp", "NAME_PT": "Bredasdorp", "NAME_RU": "Бредасдорп", "NAME_ZH": "布雷达斯多普", "LABEL": null, "NAME_AR": "بريداسدورب", "NAME_BN": "ব্রেডাসডর্প", "NAME_EL": "Μπρέιντασντορπ", "NAME_HI": "ब्रेडास्डोर्प", "NAME_HU": "Bredasdorp", "NAME_ID": "Bredasdorp", "NAME_IT": "Bredasdorp", "NAME_JA": "ブレダスドルプ", "NAME_KO": "브레다스도르프", "NAME_NL": "Bredasdorp", "NAME_PL": "Bredasdorp", "NAME_SV": "Bredasdorp", "NAME_TR": "Bredasdorp", "NAME_VI": "Bredasdorp", "NE_ID": 1159136611, "NAME_FA": "برداسدورپ", "NAME_HE": "ברדהסדורף", "NAME_UK": "Бредасдорп", "NAME_UR": "بریڈاس ڈراپ", "NAME_ZHT": "布雷達斯多普", "GEONAMESID": 1015776, "FCLASS_ISO": null, "FCLASS_US": null, "FCLASS_FR": null, "FCLASS_RU": null, "FCLASS_ES": null, "FCLASS_CN": null, "FCLASS_TW": null, "FCLASS_IN": null, "FCLASS_NP": null, "FCLASS_PK": null, "FCLASS_DE": null, "FCLASS_GB": null, "FCLASS_BR": null, "FCLASS_IL": null, "FCLASS_PS": null, "FCLASS_SA": null, "FCLASS_EG": null, "FCLASS_MA": null, "FCLASS_PT": null, "FCLASS_AR": null, "FCLASS_JP": null, "FCLASS_KO": null, "FCLASS_VN": null, "FCLASS_TR": null, "FCLASS_ID": null, "FCLASS_PL": null, "FCLASS_GR": null, "FCLASS_IT": null, "FCLASS_NL": null, "FCLASS_SE": null, "FCLASS_BD": null, "FCLASS_UA": null, "FCLASS_TLC": null}, "bbox": [20.029981, -34.529534, 20.029981, -34.529534], "geometry": {"type": "Point", "coordinates": [20.029981, -34.529534]}}, {"type": "Feature", "properties": {"SCALERANK": 7, "NATSCALE": 20, "LABELRANK": 3, "FEATURECLA": "Populated place", "NAME": "Beaufort West", "NAMEPAR": null, "NAMEALT": null, "NAMEASCII": "Beaufort West", "ADM0CAP": 0, "CAPIN": null, "WORLDCITY": 0, "MEGACITY": 0, "SOV0NAME": "South Africa", "SOV_A3": "ZAF", "ADM0NAME": "South Africa", "ADM0_A3": "ZAF", "ADM1NAME": "Western Cape", "ISO_A2": "ZA", "NOTE": null, "LATITUDE": -32.349616, "LONGITUDE": 22.569981, "POP_MAX": 44737, "POP_MIN": 11404, "POP_OTHER": 11257, "RANK_MAX": 7, "RANK_MIN": 6, "MEGANAME": null, "LS_NAME": "Beaufort West", "MAX_POP10": 11404, "MAX_POP20": 11404, "MAX_POP50": 0, "MAX_POP300": 0, "MAX_POP310": 0, "MAX_NATSCA": 20, "MIN_AREAKM": 14, "MAX_AREAKM": 14, "MIN_AREAMI": 5, "MAX_AREAMI": 5, "MIN_PERKM": 21, "MAX_PERKM": 21, "MIN_PERMI": 13, "MAX_PERMI": 13, "MIN_BBXMIN": 22.558333, "MAX_BBXMIN": 22.558333, "MIN_BBXMAX": 22.608333, "MAX_BBXMAX": 22.608333, "MIN_BBYMIN": -32.383333, "MAX_BBYMIN": -32.383333, "MIN_BBYMAX": -32.333333, "MAX_BBYMAX": -32.333333, "MEAN_BBXC": 22.577412, "MEAN_BBYC": -32.362061, "TIMEZONE": "Africa/Johannesburg", "UN_FID": 0, "POP1950": 0, "POP1955": 0, "POP1960": 0, "POP1965": 0, "POP1970": 0, "POP1975": 0, "POP1980": 0, "POP1985": 0, "POP1990": 0, "POP1995": 0, "POP2000": 0, "POP2005": 0, "POP2010": 0, "POP2015": 0, "POP2020": 0, "POP2025": 0, "POP2050": 0, "MIN_ZOOM": 6.7, "WIKIDATAID": "Q813395", "WOF_ID": 1141907131, "CAPALT": 0, "NAME_EN": "Beaufort West", "NAME_DE": "Beaufort West", "NAME_ES": "Beaufort West", "NAME_FR": "Beaufort West", "NAME_PT": "Beaufort West", "NAME_RU": "Бофорт-Уэст", "NAME_ZH": "西博福特", "LABEL": null, "NAME_AR": "بيوفورت ويست", "NAME_BN": "বিউফোর্ট ওয়েস্ট", "NAME_EL": "Μποφόρ Γουέστ", "NAME_HI": "बीयूफ़ोर्ट वेस्ट", "NAME_HU": "Beaufort West", "NAME_ID": "Beaufort West", "NAME_IT": "Beaufort West", "NAME_JA": "ビューフォートウエスト", "NAME_KO": "보퍼트 웨스트", "NAME_NL": "Beaufort-Wes", "NAME_PL": "Beaufort West", "NAME_SV": "Beaufort West", "NAME_TR": "Beaufort West", "NAME_VI": "Beaufort West", "NE_ID": 1159136617, "NAME_FA": "بوفورت وست", "NAME_HE": "ביופורט וסט", "NAME_UK": "Бофорт-Вест", "NAME_UR": "بیوفورٹ غربی", "NAME_ZHT": "西博褔特", "GEONAMESID": 1020641, "FCLASS_ISO": null, "FCLASS_US": null, "FCLASS_FR": null, "FCLASS_RU": null, "FCLASS_ES": null, "FCLASS_CN": null, "FCLASS_TW": null, "FCLASS_IN": null, "FCLASS_NP": null, "FCLASS_PK": null, "FCLASS_DE": null, "FCLASS_GB": null, "FCLASS_BR": null, "FCLASS_IL": null, "FCLASS_PS": null, "FCLASS_SA": null, "FCLASS_EG": null, "FCLASS_MA": null, "FCLASS_PT": null, "FCLASS_AR": null, "FCLASS_JP": null, "FCLASS_KO": null, "FCLASS_VN": null, "FCLASS_TR": null, "FCLASS_ID": null, "FCLASS_PL": null, "FCLASS_GR": null, "FCLASS_IT": null, "FCLASS_NL": null, "FCLASS_SE": null, "FCLASS_BD": null, "FCLASS_UA": null, "FCLASS_TLC": null}, "bbox": [22.569981, -32.349616, 22.569981, -32.349616], "geometry": {"type": "Point", "coordinates": [22.569981, -32.349616]}}, {"type": "Feature", "properties": {"SCALERANK": 7, "NATSCALE": 20, "LABELRANK": 6, "FEATURECLA": "Populated place", "NAME": "Moatize", "NAMEPAR": null, "NAMEALT": null, "NAMEASCII": "Moatize", "ADM0CAP": 0, "CAPIN": null, "WORLDCITY": 0, "MEGACITY": 0, "SOV0NAME": "Mozambique", "SOV_A3": "MOZ", "ADM0NAME": "Mozambique", "ADM0_A3": "MOZ", "ADM1NAME": "Tete", "ISO_A2": "MZ", "NOTE": null, "LATITUDE": -16.099548, "LONGITUDE": 33.95001, "POP_MAX": 42000, "POP_MIN": 39073, "POP_OTHER": 0, "RANK_MAX": 7, "RANK_MIN": 7, "MEGANAME": null, "LS_NAME": "Moatize", "MAX_POP10": 0, "MAX_POP20": 0, "MAX_POP50": 0, "MAX_POP300": 0, "MAX_POP310": 0, "MAX_NATSCA": 0, "MIN_AREAKM": 0, "MAX_AREAKM": 0, "MIN_AREAMI": 0, "MAX_AREAMI": 0, "MIN_PERKM": 0, "MAX_PERKM": 0, "MIN_PERMI": 0, "MAX_PERMI": 0, "MIN_BBXMIN": 0, "MAX_BBXMIN": 0, "MIN_BBXMAX": 0, "MAX_BBXMAX": 0, "MIN_BBYMIN": 0, "MAX_BBYMIN": 0, "MIN_BBYMAX": 0, "MAX_BBYMAX": 0, "MEAN_BBXC": 0, "MEAN_BBYC": 0, "TIMEZONE": null, "UN_FID": 0, "POP1950": 0, "POP1955": 0, "POP1960": 0, "POP1965": 0, "POP1970": 0, "POP1975": 0, "POP1980": 0, "POP1985": 0, "POP1990": 0, "POP1995": 0, "POP2000": 0, "POP2005": 0, "POP2010": 0, "POP2015": 0, "POP2020": 0, "POP2025": 0, "POP2050": 0, "MIN_ZOOM": 6.7, "WIKIDATAID": "Q1289776", "WOF_ID": 1141907133, "CAPALT": 0, "NAME_EN": "Moatize", "NAME_DE": "Moatize", "NAME_ES": "Moatize", "NAME_FR": "Moatize", "NAME_PT": "Moatize", "NAME_RU": "Моатиз", "NAME_ZH": "莫阿蒂澤", "LABEL": null, "NAME_AR": "مواتيز", "NAME_BN": "মোয়াতিজ", "NAME_EL": "Μοατίζε", "NAME_HI": "मोआटिज़े", "NAME_HU": "Moatize", "NAME_ID": "Moatize", "NAME_IT": "Moatize", "NAME_JA": "モアティゼ", "NAME_KO": "모아타이즈", "NAME_NL": "Moatize", "NAME_PL": "Moatize", "NAME_SV": "Moatize", "NAME_TR": "Moatize", "NAME_VI": "Moatize", "NE_ID": 1159136621, "NAME_FA": "موآتزیه", "NAME_HE": "מואטיז", "NAME_UK": "Моатіз", "NAME_UR": "موآٹزے", "NAME_ZHT": "莫阿蒂澤", "GEONAMESID": -1, "FCLASS_ISO": null, "FCLASS_US": null, "FCLASS_FR": null, "FCLASS_RU": null, "FCLASS_ES": null, "FCLASS_CN": null, "FCLASS_TW": null, "FCLASS_IN": null, "FCLASS_NP": null, "FCLASS_PK": null, "FCLASS_DE": null, "FCLASS_GB": null, "FCLASS_BR": null, "FCLASS_IL": null, "FCLASS_PS": null, "FCLASS_SA": null, "FCLASS_EG": null, "FCLASS_MA": null, "FCLASS_PT": null, "FCLASS_AR": null, "FCLASS_JP": null, "FCLASS_KO": null, "FCLASS_VN": null, "FCLASS_TR": null, "FCLASS_ID": null, "FCLASS_PL": null, "FCLASS_GR": null, "FCLASS_IT": null, "FCLASS_NL": null, "FCLASS_SE": null, "FCLASS_BD": null, "FCLASS_UA": null, "FCLASS_TLC": null}, "bbox": [33.95001, -16.099548, 33.95001, -16.099548], "geometry": {"type": "Point", "coordinates": [33.95001, -16.099548]}}, {"type": "Feature", "properties": {"SCALERANK": 7, "NATSCALE": 20, "LABELRANK": 6, "FEATURECLA": "Populated place", "NAME": "Manica", "NAMEPAR": null, "NAMEALT": null, "NAMEASCII": "Manica", "ADM0CAP": 0, "CAPIN": null, "WORLDCITY": 0, "MEGACITY": 0, "SOV0NAME": "Mozambique", "SOV_A3": "MOZ", "ADM0NAME": "Mozambique", "ADM0_A3": "MOZ", "ADM1NAME": "Manica", "ISO_A2": "MZ", "NOTE": null, "LATITUDE": -18.969606, "LONGITUDE": 32.879998, "POP_MAX": 4000, "POP_MIN": 3427, "POP_OTHER": 0, "RANK_MAX": 4, "RANK_MIN": 4, "MEGANAME": null, "LS_NAME": "Manica", "MAX_POP10": 0, "MAX_POP20": 0, "MAX_POP50": 0, "MAX_POP300": 0, "MAX_POP310": 0, "MAX_NATSCA": 0, "MIN_AREAKM": 0, "MAX_AREAKM": 0, "MIN_AREAMI": 0, "MAX_AREAMI": 0, "MIN_PERKM": 0, "MAX_PERKM": 0, "MIN_PERMI": 0, "MAX_PERMI": 0, "MIN_BBXMIN": 0, "MAX_BBXMIN": 0, "MIN_BBXMAX": 0, "MAX_BBXMAX": 0, "MIN_BBYMIN": 0, "MAX_BBYMIN": 0, "MIN_BBYMAX": 0, "MAX_BBYMAX": 0, "MEAN_BBXC": 0, "MEAN_BBYC": 0, "TIMEZONE": null, "UN_FID": 0, "POP1950": 0, "POP1955": 0, "POP1960": 0, "POP1965": 0, "POP1970": 0, "POP1975": 0, "POP1980": 0, "POP1985": 0, "POP1990": 0, "POP1995": 0, "POP2000": 0, "POP2005": 0, "POP2010": 0, "POP2015": 0, "POP2020": 0, "POP2025": 0, "POP2050": 0, "MIN_ZOOM": 6.7, "WIKIDATAID": "Q383170", "WOF_ID": 1141907135, "CAPALT": 0, "NAME_EN": "Manica", "NAME_DE": "Manica", "NAME_ES": "Manica", "NAME_FR": "Manica", "NAME_PT": "Manica", "NAME_RU": "Маника", "NAME_ZH": "馬尼卡", "LABEL": null, "NAME_AR": "مانيكا", "NAME_BN": "মনিকা", "NAME_EL": "Μανίκα", "NAME_HI": "मनिका", "NAME_HU": "Manica", "NAME_ID": "Manica", "NAME_IT": "Manica", "NAME_JA": "マニカ", "NAME_KO": "마니카", "NAME_NL": "Manica", "NAME_PL": "Manica", "NAME_SV": "Manica", "NAME_TR": "Manica- Mozambik", "NAME_VI": "Manica", "NE_ID": 1159136629, "NAME_FA": "مانیکا", "NAME_HE": "מניקה", "NAME_UK": "Маніка", "NAME_UR": "مانیکا", "NAME_ZHT": "馬尼卡", "GEONAMESID": -1, "FCLASS_ISO": null, "FCLASS_US": null, "FCLASS_FR": null, "FCLASS_RU": null, "FCLASS_ES": null, "FCLASS_CN": null, "FCLASS_TW": null, "FCLASS_IN": null, "FCLASS_NP": null, "FCLASS_PK": null, "FCLASS_DE": null, "FCLASS_GB": null, "FCLASS_BR": null, "FCLASS_IL": null, "FCLASS_PS": null, "FCLASS_SA": null, "FCLASS_EG": null, "FCLASS_MA": null, "FCLASS_PT": null, "FCLASS_AR": null, "FCLASS_JP": null, "FCLASS_KO": null, "FCLASS_VN": null, "FCLASS_TR": null, "FCLASS_ID": null, "FCLASS_PL": null, "FCLASS_GR": null, "FCLASS_IT": null, "FCLASS_NL": null, "FCLASS_SE": null, "FCLASS_BD": null, "FCLASS_UA": null, "FCLASS_TLC": null}, "bbox": [32.879998, -18.969606, 32.879998, -18.969606], "geometry": {"type": "Point", "coordinates": [32.879998, -18.969606]}}, {"type": "Feature", "properties": {"SCALERANK": 7, "NATSCALE": 20, "LABELRANK": 6, "FEATURECLA": "Populated place", "NAME": "Espungabera", "NAMEPAR": null, "NAMEALT": null, "NAMEASCII": "Espungabera", "ADM0CAP": 0, "CAPIN": null, "WORLDCITY": 0, "MEGACITY": 0, "SOV0NAME": "Mozambique", "SOV_A3": "MOZ", "ADM0NAME": "Mozambique", "ADM0_A3": "MOZ", "ADM1NAME": "Manica", "ISO_A2": "MZ", "NOTE": null, "LATITUDE": -20.450136, "LONGITUDE": 32.770031, "POP_MAX": 393, "POP_MIN": 393, "POP_OTHER": 393, "RANK_MAX": 2, "RANK_MIN": 2, "MEGANAME": null, "LS_NAME": "Espungabera", "MAX_POP10": 393, "MAX_POP20": 393, "MAX_POP50": 0, "MAX_POP300": 0, "MAX_POP310": 0, "MAX_NATSCA": 20, "MIN_AREAKM": 1, "MAX_AREAKM": 1, "MIN_AREAMI": 0, "MAX_AREAMI": 0, "MIN_PERKM": 4, "MAX_PERKM": 4, "MIN_PERMI": 2, "MAX_PERMI": 2, "MIN_BBXMIN": 32.766667, "MAX_BBXMIN": 32.766667, "MIN_BBXMAX": 32.775, "MAX_BBXMAX": 32.775, "MIN_BBYMIN": -20.458333, "MAX_BBYMIN": -20.458333, "MIN_BBYMAX": -20.45, "MAX_BBYMAX": -20.45, "MEAN_BBXC": 32.770833, "MEAN_BBYC": -20.454167, "TIMEZONE": null, "UN_FID": 0, "POP1950": 0, "POP1955": 0, "POP1960": 0, "POP1965": 0, "POP1970": 0, "POP1975": 0, "POP1980": 0, "POP1985": 0, "POP1990": 0, "POP1995": 0, "POP2000": 0, "POP2005": 0, "POP2010": 0, "POP2015": 0, "POP2020": 0, "POP2025": 0, "POP2050": 0, "MIN_ZOOM": 6.7, "WIKIDATAID": "Q25048568", "WOF_ID": 1141907137, "CAPALT": 0, "NAME_EN": "Espungabera", "NAME_DE": "Espungabera", "NAME_ES": "Espungabera", "NAME_FR": "Espungabera", "NAME_PT": "Espungabera", "NAME_RU": "Эспунгабера", "NAME_ZH": "埃斯蓬加貝拉", "LABEL": null, "NAME_AR": "إسبونغابيرا", "NAME_BN": "এস্পাঙ্গাবেরা", "NAME_EL": "Εσπουρανγκαμπέρα", "NAME_HI": "एसपुंगाबेरा", "NAME_HU": "Espungabera", "NAME_ID": "Espungabera", "NAME_IT": "Espungabera", "NAME_JA": "エスプンガベラ", "NAME_KO": "에스푼가베라", "NAME_NL": "Espungabera", "NAME_PL": "Espungabera", "NAME_SV": "Espungabera", "NAME_TR": "Espungabera", "NAME_VI": "Espungabera", "NE_ID": 1159136635, "NAME_FA": "اسپونگابرا", "NAME_HE": "אספונגברה", "NAME_UK": "Еспунгабера", "NAME_UR": "ایسپنگابیرا", "NAME_ZHT": "埃斯蓬加貝拉", "GEONAMESID": -1, "FCLASS_ISO": null, "FCLASS_US": null, "FCLASS_FR": null, "FCLASS_RU": null, "FCLASS_ES": null, "FCLASS_CN": null, "FCLASS_TW": null, "FCLASS_IN": null, "FCLASS_NP": null, "FCLASS_PK": null, "FCLASS_DE": null, "FCLASS_GB": null, "FCLASS_BR": null, "FCLASS_IL": null, "FCLASS_PS": null, "FCLASS_SA": null, "FCLASS_EG": null, "FCLASS_MA": null, "FCLASS_PT": null, "FCLASS_AR": null, "FCLASS_JP": null, "FCLASS_KO": null, "FCLASS_VN": null, "FCLASS_TR": null, "FCLASS_ID": null, "FCLASS_PL": null, "FCLASS_GR": null, "FCLASS_IT": null, "FCLASS_NL": null, "FCLASS_SE": null, "FCLASS_BD": null, "FCLASS_UA": null, "FCLASS_TLC": null}, "bbox": [32.77003, -20.450135, 32.77003, -20.450135], "geometry": {"type": "Point", "coordinates": [32.77003, -20.450135]}}, {"type": "Feature", "properties": {"SCALERANK": 7, "NATSCALE": 20, "LABELRANK": 3, "FEATURECLA": "Populated place", "NAME": "Brits", "NAMEPAR": null, "NAMEALT": null, "NAMEASCII": "Brits", "ADM0CAP": 0, "CAPIN": null, "WORLDCITY": 0, "MEGACITY": 0, "SOV0NAME": "South Africa", "SOV_A3": "ZAF", "ADM0NAME": "South Africa", "ADM0_A3": "ZAF", "ADM1NAME": "North West", "ISO_A2": "ZA", "NOTE": null, "LATITUDE": -25.629613, "LONGITUDE": 27.779999, "POP_MAX": 122497, "POP_MIN": 39947, "POP_OTHER": 39947, "RANK_MAX": 9, "RANK_MIN": 7, "MEGANAME": null, "LS_NAME": "Brits", "MAX_POP10": 39947, "MAX_POP20": 0, "MAX_POP50": 0, "MAX_POP300": 0, "MAX_POP310": 0, "MAX_NATSCA": 10, "MIN_AREAKM": 18, "MAX_AREAKM": 18, "MIN_AREAMI": 7, "MAX_AREAMI": 7, "MIN_PERKM": 25, "MAX_PERKM": 25, "MIN_PERMI": 15, "MAX_PERMI": 15, "MIN_BBXMIN": 27.766667, "MAX_BBXMIN": 27.766667, "MIN_BBXMAX": 27.816667, "MAX_BBXMAX": 27.816667, "MIN_BBYMIN": -25.658333, "MAX_BBYMIN": -25.658333, "MIN_BBYMAX": -25.6, "MAX_BBYMAX": -25.6, "MEAN_BBXC": 27.792572, "MEAN_BBYC": -25.632428, "TIMEZONE": "Africa/Johannesburg", "UN_FID": 0, "POP1950": 0, "POP1955": 0, "POP1960": 0, "POP1965": 0, "POP1970": 0, "POP1975": 0, "POP1980": 0, "POP1985": 0, "POP1990": 0, "POP1995": 0, "POP2000": 0, "POP2005": 0, "POP2010": 0, "POP2015": 0, "POP2020": 0, "POP2025": 0, "POP2050": 0, "MIN_ZOOM": 6.7, "WIKIDATAID": "Q3948", "WOF_ID": 101925365, "CAPALT": 0, "NAME_EN": "Brits", "NAME_DE": "Brits", "NAME_ES": "Brits", "NAME_FR": "Brits", "NAME_PT": "Brits", "NAME_RU": "Бритс", "NAME_ZH": "布里茨", "LABEL": null, "NAME_AR": "بريتس", "NAME_BN": "ব্রিটস", "NAME_EL": "Μπρις", "NAME_HI": "ब्रिट्स", "NAME_HU": "Brits", "NAME_ID": "Brits", "NAME_IT": "Brits", "NAME_JA": "ブリッツ（南アフリカ）", "NAME_KO": "브릿", "NAME_NL": "Brits", "NAME_PL": "Brits", "NAME_SV": "Brits", "NAME_TR": "Brits", "NAME_VI": "Brits", "NE_ID": 1159136687, "NAME_FA": "بریتز", "NAME_HE": "בריטס", "NAME_UK": "Брітс", "NAME_UR": "برٹس", "NAME_ZHT": "布里茨", "GEONAMESID": 1015621, "FCLASS_ISO": null, "FCLASS_US": null, "FCLASS_FR": null, "FCLASS_RU": null, "FCLASS_ES": null, "FCLASS_CN": null, "FCLASS_TW": null, "FCLASS_IN": null, "FCLASS_NP": null, "FCLASS_PK": null, "FCLASS_DE": null, "FCLASS_GB": null, "FCLASS_BR": null, "FCLASS_IL": null, "FCLASS_PS": null, "FCLASS_SA": null, "FCLASS_EG": null, "FCLASS_MA": null, "FCLASS_PT": null, "FCLASS_AR": null, "FCLASS_JP": null, "FCLASS_KO": null, "FCLASS_VN": null, "FCLASS_TR": null, "FCLASS_ID": null, "FCLASS_PL": null, "FCLASS_GR": null, "FCLASS_IT": null, "FCLASS_NL": null, "FCLASS_SE": null, "FCLASS_BD": null, "FCLASS_UA": null, "FCLASS_TLC": null}, "bbox": [27.779999, -25.629613, 27.779999, -25.629613], "geometry": {"type": "Point", "coordinates": [27.779999, -25.629613]}}, {"type": "Feature", "properties": {"SCALERANK": 7, "NATSCALE": 20, "LABELRANK": 3, "FEATURECLA": "Populated place", "NAME": "Bloemhof", "NAMEPAR": null, "NAMEALT": null, "NAMEASCII": "Bloemhof", "ADM0CAP": 0, "CAPIN": null, "WORLDCITY": 0, "MEGACITY": 0, "SOV0NAME": "South Africa", "SOV_A3": "ZAF", "ADM0NAME": "South Africa", "ADM0_A3": "ZAF", "ADM1NAME": "North West", "ISO_A2": "ZA", "NOTE": null, "LATITUDE": -27.649593, "LONGITUDE": 25.590004, "POP_MAX": 17122, "POP_MIN": 4203, "POP_OTHER": 0, "RANK_MAX": 6, "RANK_MIN": 4, "MEGANAME": null, "LS_NAME": "Bloemhof", "MAX_POP10": 4203, "MAX_POP20": 4203, "MAX_POP50": 0, "MAX_POP300": 0, "MAX_POP310": 0, "MAX_NATSCA": 20, "MIN_AREAKM": 5, "MAX_AREAKM": 5, "MIN_AREAMI": 2, "MAX_AREAMI": 2, "MIN_PERKM": 10, "MAX_PERKM": 10, "MIN_PERMI": 7, "MAX_PERMI": 7, "MIN_BBXMIN": 25.591667, "MAX_BBXMIN": 25.591667, "MIN_BBXMAX": 25.616667, "MAX_BBXMAX": 25.616667, "MIN_BBYMIN": -27.658333, "MAX_BBYMIN": -27.658333, "MIN_BBYMAX": -27.633333, "MAX_BBYMAX": -27.633333, "MEAN_BBXC": 25.605357, "MEAN_BBYC": -27.648214, "TIMEZONE": "Africa/Johannesburg", "UN_FID": 0, "POP1950": 0, "POP1955": 0, "POP1960": 0, "POP1965": 0, "POP1970": 0, "POP1975": 0, "POP1980": 0, "POP1985": 0, "POP1990": 0, "POP1995": 0, "POP2000": 0, "POP2005": 0, "POP2010": 0, "POP2015": 0, "POP2020": 0, "POP2025": 0, "POP2050": 0, "MIN_ZOOM": 6.7, "WIKIDATAID": "Q2633575", "WOF_ID": 101926641, "CAPALT": 0, "NAME_EN": "Bloemhof", "NAME_DE": "Bloemhof", "NAME_ES": "Bloemhof", "NAME_FR": "Bloemhof", "NAME_PT": "Bloemhof", "NAME_RU": "Блумхоф", "NAME_ZH": "布卢姆霍夫", "LABEL": null, "NAME_AR": "بلويمهوف", "NAME_BN": "ব্লোএমহফ", "NAME_EL": "Μπλούμχοφ", "NAME_HI": "ब्लोइमहोफ", "NAME_HU": "Bloemhof", "NAME_ID": "Bloemhof", "NAME_IT": "Bloemhof", "NAME_JA": "ブルームホフ", "NAME_KO": "블룸호프", "NAME_NL": "Bloemhof", "NAME_PL": "Bloemhof", "NAME_SV": "Bloemhof", "NAME_TR": "Bloemhof", "NAME_VI": "Bloemhof", "NE_ID": 1159136691, "NAME_FA": "بلومهوف", "NAME_HE": "בלומפהוף", "NAME_UK": "Блумхоф", "NAME_UR": "بلوئموف", "NAME_ZHT": "布洛姆霍夫", "GEONAMESID": 1018673, "FCLASS_ISO": null, "FCLASS_US": null, "FCLASS_FR": null, "FCLASS_RU": null, "FCLASS_ES": null, "FCLASS_CN": null, "FCLASS_TW": null, "FCLASS_IN": null, "FCLASS_NP": null, "FCLASS_PK": null, "FCLASS_DE": null, "FCLASS_GB": null, "FCLASS_BR": null, "FCLASS_IL": null, "FCLASS_PS": null, "FCLASS_SA": null, "FCLASS_EG": null, "FCLASS_MA": null, "FCLASS_PT": null, "FCLASS_AR": null, "FCLASS_JP": null, "FCLASS_KO": null, "FCLASS_VN": null, "FCLASS_TR": null, "FCLASS_ID": null, "FCLASS_PL": null, "FCLASS_GR": null, "FCLASS_IT": null, "FCLASS_NL": null, "FCLASS_SE": null, "FCLASS_BD": null, "FCLASS_UA": null, "FCLASS_TLC": null}, "bbox": [25.590004, -27.649593, 25.590004, -27.649593], "geometry": {"type": "Point", "coordinates": [25.590004, -27.649593]}}, {"type": "Feature", "properties": {"SCALERANK": 7, "NATSCALE": 20, "LABELRANK": 3, "FEATURECLA": "Populated place", "NAME": "Potchefstroom", "NAMEPAR": null, "NAMEALT": null, "NAMEASCII": "Potchefstroom", "ADM0CAP": 0, "CAPIN": null, "WORLDCITY": 0, "MEGACITY": 0, "SOV0NAME": "South Africa", "SOV_A3": "ZAF", "ADM0NAME": "South Africa", "ADM0_A3": "ZAF", "ADM1NAME": "North West", "ISO_A2": "ZA", "NOTE": null, "LATITUDE": -26.699573, "LONGITUDE": 27.099989, "POP_MAX": 123669, "POP_MIN": 83814, "POP_OTHER": 83814, "RANK_MAX": 9, "RANK_MIN": 8, "MEGANAME": null, "LS_NAME": "Potchefstroom", "MAX_POP10": 83814, "MAX_POP20": 83814, "MAX_POP50": 0, "MAX_POP300": 0, "MAX_POP310": 0, "MAX_NATSCA": 20, "MIN_AREAKM": 41, "MAX_AREAKM": 41, "MIN_AREAMI": 16, "MAX_AREAMI": 16, "MIN_PERKM": 35, "MAX_PERKM": 35, "MIN_PERMI": 22, "MAX_PERMI": 22, "MIN_BBXMIN": 27.041667, "MAX_BBXMIN": 27.041667, "MIN_BBXMAX": 27.125, "MAX_BBXMAX": 27.125, "MIN_BBYMIN": -26.75, "MAX_BBYMIN": -26.75, "MIN_BBYMAX": -26.675, "MAX_BBYMAX": -26.675, "MEAN_BBXC": 27.085648, "MEAN_BBYC": -26.709105, "TIMEZONE": "Africa/Johannesburg", "UN_FID": 0, "POP1950": 0, "POP1955": 0, "POP1960": 0, "POP1965": 0, "POP1970": 0, "POP1975": 0, "POP1980": 0, "POP1985": 0, "POP1990": 0, "POP1995": 0, "POP2000": 0, "POP2005": 0, "POP2010": 0, "POP2015": 0, "POP2020": 0, "POP2025": 0, "POP2050": 0, "MIN_ZOOM": 6.7, "WIKIDATAID": "Q605167", "WOF_ID": 101926447, "CAPALT": 0, "NAME_EN": "Potchefstroom", "NAME_DE": "Potchefstroom", "NAME_ES": "Potchefstroom", "NAME_FR": "Potchefstroom", "NAME_PT": "Potchefstroom", "NAME_RU": "Потчефструм", "NAME_ZH": "波切夫斯特鲁姆", "LABEL": null, "NAME_AR": "بوتشيفستروم", "NAME_BN": "পটছেস্ট্রুম", "NAME_EL": "Πότσεφστρόουμ", "NAME_HI": "पोचेफस्ट्रूम", "NAME_HU": "Potchefstroom", "NAME_ID": "Potchefstroom", "NAME_IT": "Potchefstroom", "NAME_JA": "ポチェフストルーム", "NAME_KO": "포체프스트롬", "NAME_NL": "Potchefstroom", "NAME_PL": "Potchefstroom", "NAME_SV": "Potchefstroom", "NAME_TR": "Potchefstroom", "NAME_VI": "Potchefstroom", "NE_ID": 1159136695, "NAME_FA": "پوچفسروم", "NAME_HE": "פוצ'פסטרום", "NAME_UK": "Почефструм", "NAME_UR": "پاٹشیفٹسروم", "NAME_ZHT": "波切夫斯特魯姆", "GEONAMESID": 964349, "FCLASS_ISO": null, "FCLASS_US": null, "FCLASS_FR": null, "FCLASS_RU": null, "FCLASS_ES": null, "FCLASS_CN": null, "FCLASS_TW": null, "FCLASS_IN": null, "FCLASS_NP": null, "FCLASS_PK": null, "FCLASS_DE": null, "FCLASS_GB": null, "FCLASS_BR": null, "FCLASS_IL": null, "FCLASS_PS": null, "FCLASS_SA": null, "FCLASS_EG": null, "FCLASS_MA": null, "FCLASS_PT": null, "FCLASS_AR": null, "FCLASS_JP": null, "FCLASS_KO": null, "FCLASS_VN": null, "FCLASS_TR": null, "FCLASS_ID": null, "FCLASS_PL": null, "FCLASS_GR": null, "FCLASS_IT": null, "FCLASS_NL": null, "FCLASS_SE": null, "FCLASS_BD": null, "FCLASS_UA": null, "FCLASS_TLC": null}, "bbox": [27.099989, -26.699573, 27.099989, -26.699573], "geometry": {"type": "Point", "coordinates": [27.099989, -26.699573]}}, {"type": "Feature", "properties": {"SCALERANK": 7, "NATSCALE": 20, "LABELRANK": 3, "FEATURECLA": "Populated place", "NAME": "Brandfort", "NAMEPAR": null, "NAMEALT": null, "NAMEASCII": "Brandfort", "ADM0CAP": 0, "CAPIN": null, "WORLDCITY": 0, "MEGACITY": 0, "SOV0NAME": "South Africa", "SOV_A3": "ZAF", "ADM0NAME": "South Africa", "ADM0_A3": "ZAF", "ADM1NAME": "Orange Free State", "ISO_A2": "ZA", "NOTE": null, "LATITUDE": -28.699554, "LONGITUDE": 26.470002, "POP_MAX": 12091, "POP_MIN": 289, "POP_OTHER": 0, "RANK_MAX": 6, "RANK_MIN": 2, "MEGANAME": null, "LS_NAME": "Brandfort", "MAX_POP10": 289, "MAX_POP20": 289, "MAX_POP50": 0, "MAX_POP300": 0, "MAX_POP310": 0, "MAX_NATSCA": 20, "MIN_AREAKM": 1, "MAX_AREAKM": 1, "MIN_AREAMI": 0, "MAX_AREAMI": 0, "MIN_PERKM": 3, "MAX_PERKM": 3, "MIN_PERMI": 2, "MAX_PERMI": 2, "MIN_BBXMIN": 26.458333, "MAX_BBXMIN": 26.458333, "MIN_BBXMAX": 26.466667, "MAX_BBXMAX": 26.466667, "MIN_BBYMIN": -28.708333, "MAX_BBYMIN": -28.708333, "MIN_BBYMAX": -28.7, "MAX_BBYMAX": -28.7, "MEAN_BBXC": 26.4625, "MEAN_BBYC": -28.704167, "TIMEZONE": "Africa/Johannesburg", "UN_FID": 0, "POP1950": 0, "POP1955": 0, "POP1960": 0, "POP1965": 0, "POP1970": 0, "POP1975": 0, "POP1980": 0, "POP1985": 0, "POP1990": 0, "POP1995": 0, "POP2000": 0, "POP2005": 0, "POP2010": 0, "POP2015": 0, "POP2020": 0, "POP2025": 0, "POP2050": 0, "MIN_ZOOM": 6.7, "WIKIDATAID": "Q2805770", "WOF_ID": 101926949, "CAPALT": 0, "NAME_EN": "Brandfort", "NAME_DE": "Brandfort", "NAME_ES": "Brandfort", "NAME_FR": "Brandfort", "NAME_PT": "Brandfort", "NAME_RU": "Брандфорт", "NAME_ZH": "布萊德弗特", "LABEL": null, "NAME_AR": "براندفورت", "NAME_BN": "ব্র্যান্ডফোর্ট", "NAME_EL": "Μπράντφορτ", "NAME_HI": "ब्रांडफ़ोर्ट", "NAME_HU": "Brandfort", "NAME_ID": "Brandfort", "NAME_IT": "Brandfort", "NAME_JA": "ブランドフォート", "NAME_KO": "브랜드포트", "NAME_NL": "Brandfort", "NAME_PL": "Brandfort", "NAME_SV": "Brandfort", "NAME_TR": "Brandfort", "NAME_VI": "Brandfort", "NE_ID": 1159136699, "NAME_FA": "برندفورت", "NAME_HE": "ברנדפורט", "NAME_UK": "Брандфорт", "NAME_UR": "برینڈفورٹ", "NAME_ZHT": "布萊德弗特", "GEONAMESID": 1015969, "FCLASS_ISO": null, "FCLASS_US": null, "FCLASS_FR": null, "FCLASS_RU": null, "FCLASS_ES": null, "FCLASS_CN": null, "FCLASS_TW": null, "FCLASS_IN": null, "FCLASS_NP": null, "FCLASS_PK": null, "FCLASS_DE": null, "FCLASS_GB": null, "FCLASS_BR": null, "FCLASS_IL": null, "FCLASS_PS": null, "FCLASS_SA": null, "FCLASS_EG": null, "FCLASS_MA": null, "FCLASS_PT": null, "FCLASS_AR": null, "FCLASS_JP": null, "FCLASS_KO": null, "FCLASS_VN": null, "FCLASS_TR": null, "FCLASS_ID": null, "FCLASS_PL": null, "FCLASS_GR": null, "FCLASS_IT": null, "FCLASS_NL": null, "FCLASS_SE": null, "FCLASS_BD": null, "FCLASS_UA": null, "FCLASS_TLC": null}, "bbox": [26.470002, -28.699554, 26.470002, -28.699554], "geometry": {"type": "Point", "coordinates": [26.470002, -28.699554]}}, {"type": "Feature", "properties": {"SCALERANK": 7, "NATSCALE": 20, "LABELRANK": 3, "FEATURECLA": "Populated place", "NAME": "Bethlehem", "NAMEPAR": null, "NAMEALT": null, "NAMEASCII": "Bethlehem", "ADM0CAP": 0, "CAPIN": null, "WORLDCITY": 0, "MEGACITY": 0, "SOV0NAME": "South Africa", "SOV_A3": "ZAF", "ADM0NAME": "South Africa", "ADM0_A3": "ZAF", "ADM1NAME": "Orange Free State", "ISO_A2": "ZA", "NOTE": null, "LATITUDE": -28.219584, "LONGITUDE": 28.299967, "POP_MAX": 83654, "POP_MIN": 49092, "POP_OTHER": 49092, "RANK_MAX": 8, "RANK_MIN": 7, "MEGANAME": null, "LS_NAME": "Bethlehem", "MAX_POP10": 49092, "MAX_POP20": 49092, "MAX_POP50": 0, "MAX_POP300": 0, "MAX_POP310": 0, "MAX_NATSCA": 20, "MIN_AREAKM": 26, "MAX_AREAKM": 26, "MIN_AREAMI": 10, "MAX_AREAMI": 10, "MIN_PERKM": 30, "MAX_PERKM": 30, "MIN_PERMI": 18, "MAX_PERMI": 18, "MIN_BBXMIN": 28.283333, "MAX_BBXMIN": 28.283333, "MIN_BBXMAX": 28.35, "MAX_BBXMAX": 28.35, "MIN_BBYMIN": -28.258333, "MAX_BBYMIN": -28.258333, "MIN_BBYMAX": -28.2, "MAX_BBYMAX": -28.2, "MEAN_BBXC": 28.3125, "MEAN_BBYC": -28.22598, "TIMEZONE": "Africa/Johannesburg", "UN_FID": 0, "POP1950": 0, "POP1955": 0, "POP1960": 0, "POP1965": 0, "POP1970": 0, "POP1975": 0, "POP1980": 0, "POP1985": 0, "POP1990": 0, "POP1995": 0, "POP2000": 0, "POP2005": 0, "POP2010": 0, "POP2015": 0, "POP2020": 0, "POP2025": 0, "POP2050": 0, "MIN_ZOOM": 6.7, "WIKIDATAID": "Q831326", "WOF_ID": 101926801, "CAPALT": 0, "NAME_EN": "Bethlehem", "NAME_DE": "Bethlehem", "NAME_ES": "Bethlehem", "NAME_FR": "Bethlehem", "NAME_PT": "Bethlehem", "NAME_RU": "Бетлехем", "NAME_ZH": "伯利恆", "LABEL": null, "NAME_AR": "بيت لحم", "NAME_BN": "বেথলেহেম", "NAME_EL": "Βηθλεέμ", "NAME_HI": "बेथलहम", "NAME_HU": "Bethlehem", "NAME_ID": "Bethlehem", "NAME_IT": "Bethlehem", "NAME_JA": "ベツレヘム", "NAME_KO": "베들레헴", "NAME_NL": "Bethlehem", "NAME_PL": "Bethlehem", "NAME_SV": "Bethlehem", "NAME_TR": "Bethlehem", "NAME_VI": "Bethlehem", "NE_ID": 1159136705, "NAME_FA": "بیت لحم", "NAME_HE": "בית לחם", "NAME_UK": "Бетлехем", "NAME_UR": "بیتھلیہیم", "NAME_ZHT": "伯利恆", "GEONAMESID": 1019704, "FCLASS_ISO": null, "FCLASS_US": null, "FCLASS_FR": null, "FCLASS_RU": null, "FCLASS_ES": null, "FCLASS_CN": null, "FCLASS_TW": null, "FCLASS_IN": null, "FCLASS_NP": null, "FCLASS_PK": null, "FCLASS_DE": null, "FCLASS_GB": null, "FCLASS_BR": null, "FCLASS_IL": null, "FCLASS_PS": null, "FCLASS_SA": null, "FCLASS_EG": null, "FCLASS_MA": null, "FCLASS_PT": null, "FCLASS_AR": null, "FCLASS_JP": null, "FCLASS_KO": null, "FCLASS_VN": null, "FCLASS_TR": null, "FCLASS_ID": null, "FCLASS_PL": null, "FCLASS_GR": null, "FCLASS_IT": null, "FCLASS_NL": null, "FCLASS_SE": null, "FCLASS_BD": null, "FCLASS_UA": null, "FCLASS_TLC": null}, "bbox": [28.299967, -28.219584, 28.299967, -28.219584], "geometry": {"type": "Point", "coordinates": [28.299967, -28.219584]}}, {"type": "Feature", "properties": {"SCALERANK": 7, "NATSCALE": 20, "LABELRANK": 6, "FEATURECLA": "Populated place", "NAME": "Macia", "NAMEPAR": null, "NAMEALT": null, "NAMEASCII": "Macia", "ADM0CAP": 0, "CAPIN": null, "WORLDCITY": 0, "MEGACITY": 0, "SOV0NAME": "Mozambique", "SOV_A3": "MOZ", "ADM0NAME": "Mozambique", "ADM0_A3": "MOZ", "ADM1NAME": "Gaza", "ISO_A2": "MZ", "NOTE": null, "LATITUDE": -25.019521, "LONGITUDE": 33.090011, "POP_MAX": 23156, "POP_MIN": 3034, "POP_OTHER": 0, "RANK_MAX": 7, "RANK_MIN": 4, "MEGANAME": null, "LS_NAME": "Macia", "MAX_POP10": 3034, "MAX_POP20": 3034, "MAX_POP50": 0, "MAX_POP300": 0, "MAX_POP310": 0, "MAX_NATSCA": 20, "MIN_AREAKM": 5, "MAX_AREAKM": 5, "MIN_AREAMI": 2, "MAX_AREAMI": 2, "MIN_PERKM": 11, "MAX_PERKM": 11, "MIN_PERMI": 7, "MAX_PERMI": 7, "MIN_BBXMIN": 33.091667, "MAX_BBXMIN": 33.091667, "MIN_BBXMAX": 33.125, "MAX_BBXMAX": 33.125, "MIN_BBYMIN": -25.033333, "MAX_BBYMIN": -25.033333, "MIN_BBYMAX": -25.016667, "MAX_BBYMAX": -25.016667, "MEAN_BBXC": 33.106548, "MEAN_BBYC": -25.025595, "TIMEZONE": "Africa/Maputo", "UN_FID": 0, "POP1950": 0, "POP1955": 0, "POP1960": 0, "POP1965": 0, "POP1970": 0, "POP1975": 0, "POP1980": 0, "POP1985": 0, "POP1990": 0, "POP1995": 0, "POP2000": 0, "POP2005": 0, "POP2010": 0, "POP2015": 0, "POP2020": 0, "POP2025": 0, "POP2050": 0, "MIN_ZOOM": 6.7, "WIKIDATAID": "Q2653584", "WOF_ID": 421178359, "CAPALT": 0, "NAME_EN": "Macia", "NAME_DE": "Macia", "NAME_ES": "Macia", "NAME_FR": "Macia", "NAME_PT": "Macia", "NAME_RU": "Макиа", "NAME_ZH": "馬希亞", "LABEL": null, "NAME_AR": "ماسيا", "NAME_BN": "ম্যাসিয়া", "NAME_EL": "Μακία", "NAME_HI": "मासिया", "NAME_HU": "Macia", "NAME_ID": "Macia", "NAME_IT": "Macia", "NAME_JA": "マシア", "NAME_KO": "마시아", "NAME_NL": "Macia", "NAME_PL": "Macia", "NAME_SV": "Macia", "NAME_TR": "Macia", "NAME_VI": "Macia", "NE_ID": 1159136709, "NAME_FA": "ماسیا", "NAME_HE": "מאסיה", "NAME_UK": "Масіа", "NAME_UR": "میکیا", "NAME_ZHT": "馬希亞", "GEONAMESID": 1024701, "FCLASS_ISO": null, "FCLASS_US": null, "FCLASS_FR": null, "FCLASS_RU": null, "FCLASS_ES": null, "FCLASS_CN": null, "FCLASS_TW": null, "FCLASS_IN": null, "FCLASS_NP": null, "FCLASS_PK": null, "FCLASS_DE": null, "FCLASS_GB": null, "FCLASS_BR": null, "FCLASS_IL": null, "FCLASS_PS": null, "FCLASS_SA": null, "FCLASS_EG": null, "FCLASS_MA": null, "FCLASS_PT": null, "FCLASS_AR": null, "FCLASS_JP": null, "FCLASS_KO": null, "FCLASS_VN": null, "FCLASS_TR": null, "FCLASS_ID": null, "FCLASS_PL": null, "FCLASS_GR": null, "FCLASS_IT": null, "FCLASS_NL": null, "FCLASS_SE": null, "FCLASS_BD": null, "FCLASS_UA": null, "FCLASS_TLC": null}, "bbox": [33.090011, -25.019521, 33.090011, -25.019521], "geometry": {"type": "Point", "coordinates": [33.090011, -25.019521]}}, {"type": "Feature", "properties": {"SCALERANK": 7, "NATSCALE": 20, "LABELRANK": 6, "FEATURECLA": "Populated place", "NAME": "Massangena", "NAMEPAR": null, "NAMEALT": null, "NAMEASCII": "Massangena", "ADM0CAP": 0, "CAPIN": null, "WORLDCITY": 0, "MEGACITY": 0, "SOV0NAME": "Mozambique", "SOV_A3": "MOZ", "ADM0NAME": "Mozambique", "ADM0_A3": "MOZ", "ADM1NAME": "Gaza", "ISO_A2": "MZ", "NOTE": null, "LATITUDE": -21.537304, "LONGITUDE": 32.956376, "POP_MAX": 650, "POP_MIN": 619, "POP_OTHER": 0, "RANK_MAX": 2, "RANK_MIN": 2, "MEGANAME": null, "LS_NAME": "Massangena", "MAX_POP10": 0, "MAX_POP20": 0, "MAX_POP50": 0, "MAX_POP300": 0, "MAX_POP310": 0, "MAX_NATSCA": 0, "MIN_AREAKM": 0, "MAX_AREAKM": 0, "MIN_AREAMI": 0, "MAX_AREAMI": 0, "MIN_PERKM": 0, "MAX_PERKM": 0, "MIN_PERMI": 0, "MAX_PERMI": 0, "MIN_BBXMIN": 0, "MAX_BBXMIN": 0, "MIN_BBXMAX": 0, "MAX_BBXMAX": 0, "MIN_BBYMIN": 0, "MAX_BBYMIN": 0, "MIN_BBYMAX": 0, "MAX_BBYMAX": 0, "MEAN_BBXC": 0, "MEAN_BBYC": 0, "TIMEZONE": null, "UN_FID": 0, "POP1950": 0, "POP1955": 0, "POP1960": 0, "POP1965": 0, "POP1970": 0, "POP1975": 0, "POP1980": 0, "POP1985": 0, "POP1990": 0, "POP1995": 0, "POP2000": 0, "POP2005": 0, "POP2010": 0, "POP2015": 0, "POP2020": 0, "POP2025": 0, "POP2050": 0, "MIN_ZOOM": 6.7, "WIKIDATAID": "Q6784527", "WOF_ID": 1141907155, "CAPALT": 0, "NAME_EN": "Massangena", "NAME_DE": "Massangena", "NAME_ES": "Massangena", "NAME_FR": "Massangena", "NAME_PT": "Massangena", "NAME_RU": "Массангена", "NAME_ZH": "马桑热纳", "LABEL": null, "NAME_AR": "ماسانجينا", "NAME_BN": "ম্যাসসানজেনা", "NAME_EL": "Μασαντζένα", "NAME_HI": "मसांगेना", "NAME_HU": "Massangena", "NAME_ID": "Massangena", "NAME_IT": "Massangena", "NAME_JA": "マサンジェナ", "NAME_KO": "마산게나", "NAME_NL": "Massangena", "NAME_PL": "Massangena", "NAME_SV": "Massangena", "NAME_TR": "Massangena", "NAME_VI": "Massangena", "NE_ID": 1159136713, "NAME_FA": "ماسانگنا", "NAME_HE": "מסנג'נה", "NAME_UK": "Массангена", "NAME_UR": "میسینجینا", "NAME_ZHT": "馬桑熱內", "GEONAMESID": 1040275, "FCLASS_ISO": null, "FCLASS_US": null, "FCLASS_FR": null, "FCLASS_RU": null, "FCLASS_ES": null, "FCLASS_CN": null, "FCLASS_TW": null, "FCLASS_IN": null, "FCLASS_NP": null, "FCLASS_PK": null, "FCLASS_DE": null, "FCLASS_GB": null, "FCLASS_BR": null, "FCLASS_IL": null, "FCLASS_PS": null, "FCLASS_SA": null, "FCLASS_EG": null, "FCLASS_MA": null, "FCLASS_PT": null, "FCLASS_AR": null, "FCLASS_JP": null, "FCLASS_KO": null, "FCLASS_VN": null, "FCLASS_TR": null, "FCLASS_ID": null, "FCLASS_PL": null, "FCLASS_GR": null, "FCLASS_IT": null, "FCLASS_NL": null, "FCLASS_SE": null, "FCLASS_BD": null, "FCLASS_UA": null, "FCLASS_TLC": null}, "bbox": [32.956376, -21.537304, 32.956376, -21.537304], "geometry": {"type": "Point", "coordinates": [32.956376, -21.537304]}}, {"type": "Feature", "properties": {"SCALERANK": 7, "NATSCALE": 20, "LABELRANK": 6, "FEATURECLA": "Populated place", "NAME": "Mapai", "NAMEPAR": null, "NAMEALT": null, "NAMEASCII": "Mapai", "ADM0CAP": 0, "CAPIN": null, "WORLDCITY": 0, "MEGACITY": 0, "SOV0NAME": "Mozambique", "SOV_A3": "MOZ", "ADM0NAME": "Mozambique", "ADM0_A3": "MOZ", "ADM1NAME": "Gaza", "ISO_A2": "MZ", "NOTE": null, "LATITUDE": -22.842651, "LONGITUDE": 31.963051, "POP_MAX": 201, "POP_MIN": 201, "POP_OTHER": 0, "RANK_MAX": 2, "RANK_MIN": 2, "MEGANAME": null, "LS_NAME": "Mapai", "MAX_POP10": 201, "MAX_POP20": 201, "MAX_POP50": 0, "MAX_POP300": 0, "MAX_POP310": 0, "MAX_NATSCA": 20, "MIN_AREAKM": 1, "MAX_AREAKM": 1, "MIN_AREAMI": 0, "MAX_AREAMI": 0, "MIN_PERKM": 4, "MAX_PERKM": 4, "MIN_PERMI": 2, "MAX_PERMI": 2, "MIN_BBXMIN": 31.966667, "MAX_BBXMIN": 31.966667, "MIN_BBXMAX": 31.975, "MAX_BBXMAX": 31.975, "MIN_BBYMIN": -22.85, "MAX_BBYMIN": -22.85, "MIN_BBYMAX": -22.841667, "MAX_BBYMAX": -22.841667, "MEAN_BBXC": 31.970833, "MEAN_BBYC": -22.845833, "TIMEZONE": null, "UN_FID": 0, "POP1950": 0, "POP1955": 0, "POP1960": 0, "POP1965": 0, "POP1970": 0, "POP1975": 0, "POP1980": 0, "POP1985": 0, "POP1990": 0, "POP1995": 0, "POP2000": 0, "POP2005": 0, "POP2010": 0, "POP2015": 0, "POP2020": 0, "POP2025": 0, "POP2050": 0, "MIN_ZOOM": 6.7, "WIKIDATAID": "Q1102602", "WOF_ID": 1141907159, "CAPALT": 0, "NAME_EN": "Mapai", "NAME_DE": "Mapai", "NAME_ES": "Mapai", "NAME_FR": "Mapai", "NAME_PT": "Mapai", "NAME_RU": "Мапаи", "NAME_ZH": "马帕伊", "LABEL": null, "NAME_AR": "مابي", "NAME_BN": "মাপাই", "NAME_EL": "Μάπαϊ", "NAME_HI": "मापाइ", "NAME_HU": "Mapai", "NAME_ID": "Mapai", "NAME_IT": "Mapai", "NAME_JA": "マパイ", "NAME_KO": "마파이", "NAME_NL": "Mapai", "NAME_PL": "Mapai", "NAME_SV": "Mapai", "NAME_TR": "Mapai", "NAME_VI": "Mapai", "NE_ID": 1159136717, "NAME_FA": "ماپای", "NAME_HE": "מפאי", "NAME_UK": "Мапаї", "NAME_UR": "ماپائی", "NAME_ZHT": "馬帕伊", "GEONAMESID": -1, "FCLASS_ISO": null, "FCLASS_US": null, "FCLASS_FR": null, "FCLASS_RU": null, "FCLASS_ES": null, "FCLASS_CN": null, "FCLASS_TW": null, "FCLASS_IN": null, "FCLASS_NP": null, "FCLASS_PK": null, "FCLASS_DE": null, "FCLASS_GB": null, "FCLASS_BR": null, "FCLASS_IL": null, "FCLASS_PS": null, "FCLASS_SA": null, "FCLASS_EG": null, "FCLASS_MA": null, "FCLASS_PT": null, "FCLASS_AR": null, "FCLASS_JP": null, "FCLASS_KO": null, "FCLASS_VN": null, "FCLASS_TR": null, "FCLASS_ID": null, "FCLASS_PL": null, "FCLASS_GR": null, "FCLASS_IT": null, "FCLASS_NL": null, "FCLASS_SE": null, "FCLASS_BD": null, "FCLASS_UA": null, "FCLASS_TLC": null}, "bbox": [31.963051, -22.842651, 31.963051, -22.842651], "geometry": {"type": "Point", "coordinates": [31.963051, -22.842651]}}, {"type": "Feature", "properties": {"SCALERANK": 7, "NATSCALE": 20, "LABELRANK": 3, "FEATURECLA": "Populated place", "NAME": "Springs", "NAMEPAR": null, "NAMEALT": null, "NAMEASCII": "Springs", "ADM0CAP": 0, "CAPIN": null, "WORLDCITY": 0, "MEGACITY": 0, "SOV0NAME": "South Africa", "SOV_A3": "ZAF", "ADM0NAME": "South Africa", "ADM0_A3": "ZAF", "ADM1NAME": "Gauteng", "ISO_A2": "ZA", "NOTE": null, "LATITUDE": -26.269574, "LONGITUDE": 28.430037, "POP_MAX": 236083, "POP_MIN": 186394, "POP_OTHER": 247346, "RANK_MAX": 10, "RANK_MIN": 9, "MEGANAME": null, "LS_NAME": "Springs", "MAX_POP10": 236083, "MAX_POP20": 0, "MAX_POP50": 0, "MAX_POP300": 0, "MAX_POP310": 0, "MAX_NATSCA": 10, "MIN_AREAKM": 119, "MAX_AREAKM": 119, "MIN_AREAMI": 46, "MAX_AREAMI": 46, "MIN_PERKM": 110, "MAX_PERKM": 110, "MIN_PERMI": 68, "MAX_PERMI": 68, "MIN_BBXMIN": 28.316667, "MAX_BBXMIN": 28.316667, "MIN_BBXMAX": 28.491667, "MAX_BBXMAX": 28.491667, "MIN_BBYMIN": -26.333333, "MAX_BBYMIN": -26.333333, "MIN_BBYMAX": -26.216667, "MAX_BBYMAX": -26.216667, "MEAN_BBXC": 28.415959, "MEAN_BBYC": -26.26627, "TIMEZONE": "Africa/Johannesburg", "UN_FID": 0, "POP1950": 0, "POP1955": 0, "POP1960": 0, "POP1965": 0, "POP1970": 0, "POP1975": 0, "POP1980": 0, "POP1985": 0, "POP1990": 0, "POP1995": 0, "POP2000": 0, "POP2005": 0, "POP2010": 0, "POP2015": 0, "POP2020": 0, "POP2025": 0, "POP2050": 0, "MIN_ZOOM": 6.7, "WIKIDATAID": "Q761408", "WOF_ID": 1141907161, "CAPALT": 0, "NAME_EN": "Springs", "NAME_DE": "Springs", "NAME_ES": "Springs", "NAME_FR": "Springs", "NAME_PT": "Springs", "NAME_RU": "Спрингс", "NAME_ZH": "斯普林斯", "LABEL": null, "NAME_AR": "سبرينغز", "NAME_BN": "স্প্রিংস", "NAME_EL": "Σπρινγκς", "NAME_HI": "स्प्रिंग्स", "NAME_HU": "Springs", "NAME_ID": "Springs", "NAME_IT": "Springs", "NAME_JA": "スプリングス", "NAME_KO": "스프링스", "NAME_NL": "Springs", "NAME_PL": "Springs", "NAME_SV": "Springs", "NAME_TR": "Springs", "NAME_VI": "Springs", "NE_ID": 1159136723, "NAME_FA": "اسپرینگز", "NAME_HE": "ספרינגס", "NAME_UK": "Спрінгс", "NAME_UR": "سپرنگز", "NAME_ZHT": "斯普林斯", "GEONAMESID": 952865, "FCLASS_ISO": null, "FCLASS_US": null, "FCLASS_FR": null, "FCLASS_RU": null, "FCLASS_ES": null, "FCLASS_CN": null, "FCLASS_TW": null, "FCLASS_IN": null, "FCLASS_NP": null, "FCLASS_PK": null, "FCLASS_DE": null, "FCLASS_GB": null, "FCLASS_BR": null, "FCLASS_IL": null, "FCLASS_PS": null, "FCLASS_SA": null, "FCLASS_EG": null, "FCLASS_MA": null, "FCLASS_PT": null, "FCLASS_AR": null, "FCLASS_JP": null, "FCLASS_KO": null, "FCLASS_VN": null, "FCLASS_TR": null, "FCLASS_ID": null, "FCLASS_PL": null, "FCLASS_GR": null, "FCLASS_IT": null, "FCLASS_NL": null, "FCLASS_SE": null, "FCLASS_BD": null, "FCLASS_UA": null, "FCLASS_TLC": null}, "bbox": [28.430037, -26.269573, 28.430037, -26.269573], "geometry": {"type": "Point", "coordinates": [28.430037, -26.269573]}}, {"type": "Feature", "properties": {"SCALERANK": 7, "NATSCALE": 20, "LABELRANK": 3, "FEATURECLA": "Populated place", "NAME": "Volksrust", "NAMEPAR": null, "NAMEALT": null, "NAMEASCII": "Volksrust", "ADM0CAP": 0, "CAPIN": null, "WORLDCITY": 0, "MEGACITY": 0, "SOV0NAME": "South Africa", "SOV_A3": "ZAF", "ADM0NAME": "South Africa", "ADM0_A3": "ZAF", "ADM1NAME": "Mpumalanga", "ISO_A2": "ZA", "NOTE": null, "LATITUDE": -27.359585, "LONGITUDE": 29.89, "POP_MAX": 43378, "POP_MIN": 7411, "POP_OTHER": 7411, "RANK_MAX": 7, "RANK_MIN": 5, "MEGANAME": null, "LS_NAME": "Volksrust", "MAX_POP10": 7411, "MAX_POP20": 7411, "MAX_POP50": 0, "MAX_POP300": 0, "MAX_POP310": 0, "MAX_NATSCA": 20, "MIN_AREAKM": 8, "MAX_AREAKM": 8, "MIN_AREAMI": 3, "MAX_AREAMI": 3, "MIN_PERKM": 16, "MAX_PERKM": 16, "MIN_PERMI": 10, "MAX_PERMI": 10, "MIN_BBXMIN": 29.866667, "MAX_BBXMIN": 29.866667, "MIN_BBXMAX": 29.9, "MAX_BBXMAX": 29.9, "MIN_BBYMIN": -27.391667, "MAX_BBYMIN": -27.391667, "MIN_BBYMAX": -27.35, "MAX_BBYMAX": -27.35, "MEAN_BBXC": 29.8825, "MEAN_BBYC": -27.3675, "TIMEZONE": "Africa/Johannesburg", "UN_FID": 0, "POP1950": 0, "POP1955": 0, "POP1960": 0, "POP1965": 0, "POP1970": 0, "POP1975": 0, "POP1980": 0, "POP1985": 0, "POP1990": 0, "POP1995": 0, "POP2000": 0, "POP2005": 0, "POP2010": 0, "POP2015": 0, "POP2020": 0, "POP2025": 0, "POP2050": 0, "MIN_ZOOM": 6.7, "WIKIDATAID": "Q118638", "WOF_ID": 101926613, "CAPALT": 0, "NAME_EN": "Volksrust", "NAME_DE": "Volksrust", "NAME_ES": "Volksrust", "NAME_FR": "Volksrust", "NAME_PT": "Volksrust", "NAME_RU": "Волксруст", "NAME_ZH": "福尔克斯勒斯特", "LABEL": null, "NAME_AR": "فولكسرست", "NAME_BN": "ভক্সরাস্ট", "NAME_EL": "Βόλκσρουντ", "NAME_HI": "वोल्क्सरस्ट", "NAME_HU": "Volksrust", "NAME_ID": "Volksrust", "NAME_IT": "Volksrust", "NAME_JA": "ボルクスラスト", "NAME_KO": "폭크러스트", "NAME_NL": "Volksrust", "NAME_PL": "Volksrust", "NAME_SV": "Volksrust", "NAME_TR": "Volksrust", "NAME_VI": "Volksrust", "NE_ID": 1159136727, "NAME_FA": "ولکسراست", "NAME_HE": "פולקסרוסט", "NAME_UK": "Волксруст", "NAME_UR": "وولکسرسٹ", "NAME_ZHT": "福爾克斯勒斯特", "GEONAMESID": 943032, "FCLASS_ISO": null, "FCLASS_US": null, "FCLASS_FR": null, "FCLASS_RU": null, "FCLASS_ES": null, "FCLASS_CN": null, "FCLASS_TW": null, "FCLASS_IN": null, "FCLASS_NP": null, "FCLASS_PK": null, "FCLASS_DE": null, "FCLASS_GB": null, "FCLASS_BR": null, "FCLASS_IL": null, "FCLASS_PS": null, "FCLASS_SA": null, "FCLASS_EG": null, "FCLASS_MA": null, "FCLASS_PT": null, "FCLASS_AR": null, "FCLASS_JP": null, "FCLASS_KO": null, "FCLASS_VN": null, "FCLASS_TR": null, "FCLASS_ID": null, "FCLASS_PL": null, "FCLASS_GR": null, "FCLASS_IT": null, "FCLASS_NL": null, "FCLASS_SE": null, "FCLASS_BD": null, "FCLASS_UA": null, "FCLASS_TLC": null}, "bbox": [29.89, -27.359585, 29.89, -27.359585], "geometry": {"type": "Point", "coordinates": [29.89, -27.359585]}}, {"type": "Feature", "properties": {"SCALERANK": 7, "NATSCALE": 20, "LABELRANK": 3, "FEATURECLA": "Admin-1 capital", "NAME": "Mbombela", "NAMEPAR": "Nelspruit", "NAMEALT": null, "NAMEASCII": "Mbombela", "ADM0CAP": 0, "CAPIN": null, "WORLDCITY": 0, "MEGACITY": 0, "SOV0NAME": "South Africa", "SOV_A3": "ZAF", "ADM0NAME": "South Africa", "ADM0_A3": "ZAF", "ADM1NAME": "Mpumalanga", "ISO_A2": "ZA", "NOTE": null, "LATITUDE": -25.469622, "LONGITUDE": 30.980011, "POP_MAX": 348138, "POP_MIN": 21540, "POP_OTHER": 348138, "RANK_MAX": 10, "RANK_MIN": 7, "MEGANAME": null, "LS_NAME": "Nelspruit", "MAX_POP10": 348138, "MAX_POP20": 348138, "MAX_POP50": 0, "MAX_POP300": 0, "MAX_POP310": 0, "MAX_NATSCA": 20, "MIN_AREAKM": 22, "MAX_AREAKM": 22, "MIN_AREAMI": 8, "MAX_AREAMI": 8, "MIN_PERKM": 23, "MAX_PERKM": 23, "MIN_PERMI": 14, "MAX_PERMI": 14, "MIN_BBXMIN": 30.95, "MAX_BBXMIN": 30.95, "MIN_BBXMAX": 31.008333, "MAX_BBXMAX": 31.008333, "MIN_BBYMIN": -25.5, "MAX_BBYMIN": -25.5, "MIN_BBYMAX": -25.45, "MAX_BBYMAX": -25.45, "MEAN_BBXC": 30.977976, "MEAN_BBYC": -25.476786, "TIMEZONE": "Africa/Johannesburg", "UN_FID": 0, "POP1950": 0, "POP1955": 0, "POP1960": 0, "POP1965": 0, "POP1970": 0, "POP1975": 0, "POP1980": 0, "POP1985": 0, "POP1990": 0, "POP1995": 0, "POP2000": 0, "POP2005": 0, "POP2010": 0, "POP2015": 0, "POP2020": 0, "POP2025": 0, "POP2050": 0, "MIN_ZOOM": 6.7, "WIKIDATAID": "Q170313", "WOF_ID": 101927235, "CAPALT": 0, "NAME_EN": "Mbombela", "NAME_DE": "Mbombela", "NAME_ES": "Nelspruit", "NAME_FR": "Nelspruit", "NAME_PT": "Nelspruit", "NAME_RU": "Мбомбела", "NAME_ZH": "内尔斯普雷特", "LABEL": null, "NAME_AR": "نيلسبرويت", "NAME_BN": "নেলসপ্রূট", "NAME_EL": "Νέλσπρουιτ", "NAME_HI": "नेल्सप्रूइत", "NAME_HU": "Nelspruit", "NAME_ID": "Nelspruit", "NAME_IT": "Nelspruit", "NAME_JA": "ネルスプロイト", "NAME_KO": "음봄벨라", "NAME_NL": "Nelspruit", "NAME_PL": "Nelspruit", "NAME_SV": "Nelspruit", "NAME_TR": "Nelspruit", "NAME_VI": "Nelspruit", "NE_ID": 1159136731, "NAME_FA": "نلسپرویت", "NAME_HE": "נלספרייט", "NAME_UK": "Мбомбела", "NAME_UR": "نلسپرویت", "NAME_ZHT": "尼爾斯普魯特", "GEONAMESID": 971534, "FCLASS_ISO": null, "FCLASS_US": null, "FCLASS_FR": null, "FCLASS_RU": null, "FCLASS_ES": null, "FCLASS_CN": null, "FCLASS_TW": null, "FCLASS_IN": null, "FCLASS_NP": null, "FCLASS_PK": null, "FCLASS_DE": null, "FCLASS_GB": null, "FCLASS_BR": null, "FCLASS_IL": null, "FCLASS_PS": null, "FCLASS_SA": null, "FCLASS_EG": null, "FCLASS_MA": null, "FCLASS_PT": null, "FCLASS_AR": null, "FCLASS_JP": null, "FCLASS_KO": null, "FCLASS_VN": null, "FCLASS_TR": null, "FCLASS_ID": null, "FCLASS_PL": null, "FCLASS_GR": null, "FCLASS_IT": null, "FCLASS_NL": null, "FCLASS_SE": null, "FCLASS_BD": null, "FCLASS_UA": null, "FCLASS_TLC": null}, "bbox": [30.98001, -25.469622, 30.98001, -25.469622], "geometry": {"type": "Point", "coordinates": [30.98001, -25.469622]}}, {"type": "Feature", "properties": {"SCALERANK": 7, "NATSCALE": 20, "LABELRANK": 3, "FEATURECLA": "Populated place", "NAME": "Komatipoort", "NAMEPAR": null, "NAMEALT": null, "NAMEASCII": "Komatipoort", "ADM0CAP": 0, "CAPIN": null, "WORLDCITY": 0, "MEGACITY": 0, "SOV0NAME": "South Africa", "SOV_A3": "ZAF", "ADM0NAME": "South Africa", "ADM0_A3": "ZAF", "ADM1NAME": "Mpumalanga", "ISO_A2": "ZA", "NOTE": null, "LATITUDE": -25.409574, "LONGITUDE": 31.940004, "POP_MAX": 20508, "POP_MIN": 159, "POP_OTHER": 0, "RANK_MAX": 7, "RANK_MIN": 1, "MEGANAME": null, "LS_NAME": "Komatipoort", "MAX_POP10": 159, "MAX_POP20": 159, "MAX_POP50": 0, "MAX_POP300": 0, "MAX_POP310": 0, "MAX_NATSCA": 20, "MIN_AREAKM": 1, "MAX_AREAKM": 1, "MIN_AREAMI": 0, "MAX_AREAMI": 0, "MIN_PERKM": 4, "MAX_PERKM": 4, "MIN_PERMI": 2, "MAX_PERMI": 2, "MIN_BBXMIN": 31.933333, "MAX_BBXMIN": 31.933333, "MIN_BBXMAX": 31.941667, "MAX_BBXMAX": 31.941667, "MIN_BBYMIN": -25.425, "MAX_BBYMIN": -25.425, "MIN_BBYMAX": -25.416667, "MAX_BBYMAX": -25.416667, "MEAN_BBXC": 31.9375, "MEAN_BBYC": -25.420833, "TIMEZONE": "Africa/Johannesburg", "UN_FID": 0, "POP1950": 0, "POP1955": 0, "POP1960": 0, "POP1965": 0, "POP1970": 0, "POP1975": 0, "POP1980": 0, "POP1985": 0, "POP1990": 0, "POP1995": 0, "POP2000": 0, "POP2005": 0, "POP2010": 0, "POP2015": 0, "POP2020": 0, "POP2025": 0, "POP2050": 0, "MIN_ZOOM": 6.7, "WIKIDATAID": "Q1779827", "WOF_ID": 101927227, "CAPALT": 0, "NAME_EN": "Komatipoort", "NAME_DE": "Komatipoort", "NAME_ES": "Komatipoort", "NAME_FR": "Komatipoort", "NAME_PT": "Komatipoort", "NAME_RU": "Коматипорт", "NAME_ZH": "科馬提普特", "LABEL": null, "NAME_AR": "كوماتيبورت", "NAME_BN": "কোমাতিপুর্ট", "NAME_EL": "Κομάτιποορτ", "NAME_HI": "कोमाटिपूर्ट", "NAME_HU": "Komatipoort", "NAME_ID": "Komatipoort", "NAME_IT": "Komatipoort", "NAME_JA": "コマティプルト", "NAME_KO": "코마티포트", "NAME_NL": "Komatipoort", "NAME_PL": "Komatipoort", "NAME_SV": "Komatipoort", "NAME_TR": "Komatipoort", "NAME_VI": "Komatipoort", "NE_ID": 1159136735, "NAME_FA": "کماتیپورت", "NAME_HE": "קומטיפורט", "NAME_UK": "Коматіпоорт", "NAME_UR": "کوماٹیپورٹ", "NAME_ZHT": "科馬提普特", "GEONAMESID": 988290, "FCLASS_ISO": null, "FCLASS_US": null, "FCLASS_FR": null, "FCLASS_RU": null, "FCLASS_ES": null, "FCLASS_CN": null, "FCLASS_TW": null, "FCLASS_IN": null, "FCLASS_NP": null, "FCLASS_PK": null, "FCLASS_DE": null, "FCLASS_GB": null, "FCLASS_BR": null, "FCLASS_IL": null, "FCLASS_PS": null, "FCLASS_SA": null, "FCLASS_EG": null, "FCLASS_MA": null, "FCLASS_PT": null, "FCLASS_AR": null, "FCLASS_JP": null, "FCLASS_KO": null, "FCLASS_VN": null, "FCLASS_TR": null, "FCLASS_ID": null, "FCLASS_PL": null, "FCLASS_GR": null, "FCLASS_IT": null, "FCLASS_NL": null, "FCLASS_SE": null, "FCLASS_BD": null, "FCLASS_UA": null, "FCLASS_TLC": null}, "bbox": [31.940004, -25.409574, 31.940004, -25.409574], "geometry": {"type": "Point", "coordinates": [31.940004, -25.409574]}}, {"type": "Feature", "properties": {"SCALERANK": 7, "NATSCALE": 20, "LABELRANK": 3, "FEATURECLA": "Populated place", "NAME": "Middelburg", "NAMEPAR": null, "NAMEALT": null, "NAMEASCII": "Middelburg", "ADM0CAP": 0, "CAPIN": null, "WORLDCITY": 0, "MEGACITY": 0, "SOV0NAME": "South Africa", "SOV_A3": "ZAF", "ADM0NAME": "South Africa", "ADM0_A3": "ZAF", "ADM1NAME": "Mpumalanga", "ISO_A2": "ZA", "NOTE": null, "LATITUDE": -25.759631, "LONGITUDE": 29.470025, "POP_MAX": 154706, "POP_MIN": 93790, "POP_OTHER": 3764, "RANK_MAX": 9, "RANK_MIN": 8, "MEGANAME": null, "LS_NAME": "Middelburg2", "MAX_POP10": 93790, "MAX_POP20": 0, "MAX_POP50": 0, "MAX_POP300": 0, "MAX_POP310": 0, "MAX_NATSCA": 10, "MIN_AREAKM": 23, "MAX_AREAKM": 23, "MIN_AREAMI": 9, "MAX_AREAMI": 9, "MIN_PERKM": 28, "MAX_PERKM": 28, "MIN_PERMI": 18, "MAX_PERMI": 18, "MIN_BBXMIN": 29.433333, "MAX_BBXMIN": 29.433333, "MIN_BBXMAX": 29.491667, "MAX_BBXMAX": 29.491667, "MIN_BBYMIN": -25.791667, "MAX_BBYMIN": -25.791667, "MIN_BBYMAX": -25.741667, "MAX_BBYMAX": -25.741667, "MEAN_BBXC": 29.461667, "MEAN_BBYC": -25.766944, "TIMEZONE": "Africa/Johannesburg", "UN_FID": 0, "POP1950": 0, "POP1955": 0, "POP1960": 0, "POP1965": 0, "POP1970": 0, "POP1975": 0, "POP1980": 0, "POP1985": 0, "POP1990": 0, "POP1995": 0, "POP2000": 0, "POP2005": 0, "POP2010": 0, "POP2015": 0, "POP2020": 0, "POP2025": 0, "POP2050": 0, "MIN_ZOOM": 6.7, "WIKIDATAID": "Q1931836", "WOF_ID": 101925479, "CAPALT": 0, "NAME_EN": "Middelburg", "NAME_DE": "Middelburg", "NAME_ES": "Middelburg", "NAME_FR": "Middelburg", "NAME_PT": "Middelburg", "NAME_RU": "Мидделбург", "NAME_ZH": "米德尔堡", "LABEL": null, "NAME_AR": "ميدلبيرغ", "NAME_BN": "মিডলবার্গ", "NAME_EL": "Μίντελμπουργκ", "NAME_HI": "मिडलबर्ग", "NAME_HU": "Middelburg", "NAME_ID": "Middelburg", "NAME_IT": "Middelburg", "NAME_JA": "ミッデルバーグ", "NAME_KO": "미델부르크", "NAME_NL": "Middelburg", "NAME_PL": "Middelburg", "NAME_SV": "Middelburg", "NAME_TR": "Middelburg", "NAME_VI": "Middelburg", "NE_ID": 1159136741, "NAME_FA": "میدلبرگ", "NAME_HE": "מידלבורג", "NAME_UK": "Мідделбург", "NAME_UR": "مڈلبرگ", "NAME_ZHT": "米德爾堡", "GEONAMESID": 976361, "FCLASS_ISO": null, "FCLASS_US": null, "FCLASS_FR": null, "FCLASS_RU": null, "FCLASS_ES": null, "FCLASS_CN": null, "FCLASS_TW": null, "FCLASS_IN": null, "FCLASS_NP": null, "FCLASS_PK": null, "FCLASS_DE": null, "FCLASS_GB": null, "FCLASS_BR": null, "FCLASS_IL": null, "FCLASS_PS": null, "FCLASS_SA": null, "FCLASS_EG": null, "FCLASS_MA": null, "FCLASS_PT": null, "FCLASS_AR": null, "FCLASS_JP": null, "FCLASS_KO": null, "FCLASS_VN": null, "FCLASS_TR": null, "FCLASS_ID": null, "FCLASS_PL": null, "FCLASS_GR": null, "FCLASS_IT": null, "FCLASS_NL": null, "FCLASS_SE": null, "FCLASS_BD": null, "FCLASS_UA": null, "FCLASS_TLC": null}, "bbox": [29.470025, -25.759631, 29.470025, -25.759631], "geometry": {"type": "Point", "coordinates": [29.470025, -25.759631]}}, {"type": "Feature", "properties": {"SCALERANK": 7, "NATSCALE": 20, "LABELRANK": 3, "FEATURECLA": "Populated place", "NAME": "Bethal", "NAMEPAR": null, "NAMEALT": null, "NAMEASCII": "Bethal", "ADM0CAP": 0, "CAPIN": null, "WORLDCITY": 0, "MEGACITY": 0, "SOV0NAME": "South Africa", "SOV_A3": "ZAF", "ADM0NAME": "South Africa", "ADM0_A3": "ZAF", "ADM1NAME": "Mpumalanga", "ISO_A2": "ZA", "NOTE": null, "LATITUDE": -26.469613, "LONGITUDE": 29.450026, "POP_MAX": 101919, "POP_MIN": 90450, "POP_OTHER": 90450, "RANK_MAX": 9, "RANK_MIN": 8, "MEGANAME": null, "LS_NAME": "Bethal", "MAX_POP10": 90450, "MAX_POP20": 0, "MAX_POP50": 0, "MAX_POP300": 0, "MAX_POP310": 0, "MAX_NATSCA": 10, "MIN_AREAKM": 18, "MAX_AREAKM": 18, "MIN_AREAMI": 7, "MAX_AREAMI": 7, "MIN_PERKM": 28, "MAX_PERKM": 28, "MIN_PERMI": 18, "MAX_PERMI": 18, "MIN_BBXMIN": 29.441667, "MAX_BBXMIN": 29.441667, "MIN_BBXMAX": 29.508333, "MAX_BBXMAX": 29.508333, "MIN_BBYMIN": -26.483333, "MAX_BBYMIN": -26.483333, "MIN_BBYMAX": -26.425, "MAX_BBYMAX": -26.425, "MEAN_BBXC": 29.474306, "MEAN_BBYC": -26.455556, "TIMEZONE": "Africa/Johannesburg", "UN_FID": 0, "POP1950": 0, "POP1955": 0, "POP1960": 0, "POP1965": 0, "POP1970": 0, "POP1975": 0, "POP1980": 0, "POP1985": 0, "POP1990": 0, "POP1995": 0, "POP2000": 0, "POP2005": 0, "POP2010": 0, "POP2015": 0, "POP2020": 0, "POP2025": 0, "POP2050": 0, "MIN_ZOOM": 6.7, "WIKIDATAID": "Q747174", "WOF_ID": 1141907163, "CAPALT": 0, "NAME_EN": "Bethal", "NAME_DE": "Bethal", "NAME_ES": "Bethal", "NAME_FR": "Bethal", "NAME_PT": "Bethal", "NAME_RU": "Бетал", "NAME_ZH": "贝瑟尔", "LABEL": null, "NAME_AR": "بيثال", "NAME_BN": "বেথেল", "NAME_EL": "Μπέθαλ", "NAME_HI": "बेथल", "NAME_HU": "Bethal", "NAME_ID": "Bethal", "NAME_IT": "Bethal", "NAME_JA": "ベサル", "NAME_KO": "베탈", "NAME_NL": "Bethal", "NAME_PL": "Bethal", "NAME_SV": "Bethal", "NAME_TR": "Bethal", "NAME_VI": "Bethal", "NE_ID": 1159136745, "NAME_FA": "بتال", "NAME_HE": "בתאל", "NAME_UK": "Бетал", "NAME_UR": "بیتھل", "NAME_ZHT": "貝瑟爾", "GEONAMESID": 1019760, "FCLASS_ISO": null, "FCLASS_US": null, "FCLASS_FR": null, "FCLASS_RU": null, "FCLASS_ES": null, "FCLASS_CN": null, "FCLASS_TW": null, "FCLASS_IN": null, "FCLASS_NP": null, "FCLASS_PK": null, "FCLASS_DE": null, "FCLASS_GB": null, "FCLASS_BR": null, "FCLASS_IL": null, "FCLASS_PS": null, "FCLASS_SA": null, "FCLASS_EG": null, "FCLASS_MA": null, "FCLASS_PT": null, "FCLASS_AR": null, "FCLASS_JP": null, "FCLASS_KO": null, "FCLASS_VN": null, "FCLASS_TR": null, "FCLASS_ID": null, "FCLASS_PL": null, "FCLASS_GR": null, "FCLASS_IT": null, "FCLASS_NL": null, "FCLASS_SE": null, "FCLASS_BD": null, "FCLASS_UA": null, "FCLASS_TLC": null}, "bbox": [29.450026, -26.469613, 29.450026, -26.469613], "geometry": {"type": "Point", "coordinates": [29.450026, -26.469613]}}, {"type": "Feature", "properties": {"SCALERANK": 7, "NATSCALE": 20, "LABELRANK": 3, "FEATURECLA": "Populated place", "NAME": "Standerton", "NAMEPAR": null, "NAMEALT": null, "NAMEASCII": "Standerton", "ADM0CAP": 0, "CAPIN": null, "WORLDCITY": 0, "MEGACITY": 0, "SOV0NAME": "South Africa", "SOV_A3": "ZAF", "ADM0NAME": "South Africa", "ADM0_A3": "ZAF", "ADM1NAME": "Mpumalanga", "ISO_A2": "ZA", "NOTE": null, "LATITUDE": -26.939507, "LONGITUDE": 29.240013, "POP_MAX": 74021, "POP_MIN": 18093, "POP_OTHER": 18093, "RANK_MAX": 8, "RANK_MIN": 6, "MEGANAME": null, "LS_NAME": "Standerton", "MAX_POP10": 18093, "MAX_POP20": 0, "MAX_POP50": 0, "MAX_POP300": 0, "MAX_POP310": 0, "MAX_NATSCA": 10, "MIN_AREAKM": 14, "MAX_AREAKM": 14, "MIN_AREAMI": 5, "MAX_AREAMI": 5, "MIN_PERKM": 21, "MAX_PERKM": 21, "MIN_PERMI": 13, "MAX_PERMI": 13, "MIN_BBXMIN": 29.225, "MAX_BBXMIN": 29.225, "MIN_BBXMAX": 29.266667, "MAX_BBXMAX": 29.266667, "MIN_BBYMIN": -26.983333, "MAX_BBYMIN": -26.983333, "MIN_BBYMAX": -26.925, "MAX_BBYMAX": -26.925, "MEAN_BBXC": 29.24537, "MEAN_BBYC": -26.955556, "TIMEZONE": "Africa/Johannesburg", "UN_FID": 0, "POP1950": 0, "POP1955": 0, "POP1960": 0, "POP1965": 0, "POP1970": 0, "POP1975": 0, "POP1980": 0, "POP1985": 0, "POP1990": 0, "POP1995": 0, "POP2000": 0, "POP2005": 0, "POP2010": 0, "POP2015": 0, "POP2020": 0, "POP2025": 0, "POP2050": 0, "MIN_ZOOM": 6.7, "WIKIDATAID": "Q742514", "WOF_ID": 101926541, "CAPALT": 0, "NAME_EN": "Standerton", "NAME_DE": "Standerton", "NAME_ES": "Standerton", "NAME_FR": "Standerton", "NAME_PT": "Standerton", "NAME_RU": "Стандертон", "NAME_ZH": "斯坦德顿", "LABEL": null, "NAME_AR": "ستانديرتون", "NAME_BN": "স্ট্যান্ডের্টন", "NAME_EL": "Στάντερτον", "NAME_HI": "स्टैंडर्टन", "NAME_HU": "Standerton", "NAME_ID": "Standerton", "NAME_IT": "Standerton", "NAME_JA": "スタンダートン", "NAME_KO": "스탠더튼", "NAME_NL": "Standerton", "NAME_PL": "Standerton", "NAME_SV": "Standerton", "NAME_TR": "Standerton", "NAME_VI": "Standerton", "NE_ID": 1159136749, "NAME_FA": "استندرتون", "NAME_HE": "סטנדרטון", "NAME_UK": "Стандертон", "NAME_UR": "اسٹینڈرٹن", "NAME_ZHT": "斯坦德頓", "GEONAMESID": 952747, "FCLASS_ISO": null, "FCLASS_US": null, "FCLASS_FR": null, "FCLASS_RU": null, "FCLASS_ES": null, "FCLASS_CN": null, "FCLASS_TW": null, "FCLASS_IN": null, "FCLASS_NP": null, "FCLASS_PK": null, "FCLASS_DE": null, "FCLASS_GB": null, "FCLASS_BR": null, "FCLASS_IL": null, "FCLASS_PS": null, "FCLASS_SA": null, "FCLASS_EG": null, "FCLASS_MA": null, "FCLASS_PT": null, "FCLASS_AR": null, "FCLASS_JP": null, "FCLASS_KO": null, "FCLASS_VN": null, "FCLASS_TR": null, "FCLASS_ID": null, "FCLASS_PL": null, "FCLASS_GR": null, "FCLASS_IT": null, "FCLASS_NL": null, "FCLASS_SE": null, "FCLASS_BD": null, "FCLASS_UA": null, "FCLASS_TLC": null}, "bbox": [29.240013, -26.939507, 29.240013, -26.939507], "geometry": {"type": "Point", "coordinates": [29.240013, -26.939507]}}, {"type": "Feature", "properties": {"SCALERANK": 7, "NATSCALE": 20, "LABELRANK": 3, "FEATURECLA": "Populated place", "NAME": "Lebowakgomo", "NAMEPAR": null, "NAMEALT": null, "NAMEASCII": "Lebowakgomo", "ADM0CAP": 0, "CAPIN": null, "WORLDCITY": 0, "MEGACITY": 0, "SOV0NAME": "South Africa", "SOV_A3": "ZAF", "ADM0NAME": "South Africa", "ADM0_A3": "ZAF", "ADM1NAME": "Limpopo", "ISO_A2": "ZA", "NOTE": null, "LATITUDE": -24.199622, "LONGITUDE": 29.499998, "POP_MAX": 33308, "POP_MIN": 397, "POP_OTHER": 0, "RANK_MAX": 7, "RANK_MIN": 2, "MEGANAME": null, "LS_NAME": "Lebowakgomo", "MAX_POP10": 397, "MAX_POP20": 397, "MAX_POP50": 0, "MAX_POP300": 0, "MAX_POP310": 0, "MAX_NATSCA": 20, "MIN_AREAKM": 2, "MAX_AREAKM": 2, "MIN_AREAMI": 1, "MAX_AREAMI": 1, "MIN_PERKM": 5, "MAX_PERKM": 5, "MIN_PERMI": 3, "MAX_PERMI": 3, "MIN_BBXMIN": 29.5, "MAX_BBXMIN": 29.5, "MIN_BBXMAX": 29.516667, "MAX_BBXMAX": 29.516667, "MIN_BBYMIN": -24.2, "MAX_BBYMIN": -24.2, "MIN_BBYMAX": -24.191667, "MAX_BBYMAX": -24.191667, "MEAN_BBXC": 29.508333, "MEAN_BBYC": -24.195833, "TIMEZONE": "Africa/Johannesburg", "UN_FID": 0, "POP1950": 0, "POP1955": 0, "POP1960": 0, "POP1965": 0, "POP1970": 0, "POP1975": 0, "POP1980": 0, "POP1985": 0, "POP1990": 0, "POP1995": 0, "POP2000": 0, "POP2005": 0, "POP2010": 0, "POP2015": 0, "POP2020": 0, "POP2025": 0, "POP2050": 0, "MIN_ZOOM": 6.7, "WIKIDATAID": "Q544201", "WOF_ID": 101923609, "CAPALT": 0, "NAME_EN": "Lebowakgomo", "NAME_DE": "Lebowakgomo", "NAME_ES": "Lebowakgomo", "NAME_FR": "Lebowakgomo", "NAME_PT": "Lebowakgomo", "NAME_RU": "Лебовакгомо", "NAME_ZH": "萊博瓦科莫", "LABEL": null, "NAME_AR": "ليبواكغومو", "NAME_BN": "লেবোওয়াকগোমো", "NAME_EL": "Λεμποβακγκόμο", "NAME_HI": "लेबोवाकगोमो", "NAME_HU": "Lebowakgomo", "NAME_ID": "Lebowakgomo", "NAME_IT": "Lebowakgomo", "NAME_JA": "レボワクゴモ", "NAME_KO": "레보왁고모", "NAME_NL": "Lebowakgomo", "NAME_PL": "Lebowakgomo", "NAME_SV": "Lebowakgomo", "NAME_TR": "Lebowakgomo", "NAME_VI": "Lebowakgomo", "NE_ID": 1159136753, "NAME_FA": "لبوواکگومو", "NAME_HE": "לבובקגומו", "NAME_UK": "Лебовакгомо", "NAME_UR": "لیبواکگومو", "NAME_ZHT": "萊博瓦科莫", "GEONAMESID": 984087, "FCLASS_ISO": null, "FCLASS_US": null, "FCLASS_FR": null, "FCLASS_RU": null, "FCLASS_ES": null, "FCLASS_CN": null, "FCLASS_TW": null, "FCLASS_IN": null, "FCLASS_NP": null, "FCLASS_PK": null, "FCLASS_DE": null, "FCLASS_GB": null, "FCLASS_BR": null, "FCLASS_IL": null, "FCLASS_PS": null, "FCLASS_SA": null, "FCLASS_EG": null, "FCLASS_MA": null, "FCLASS_PT": null, "FCLASS_AR": null, "FCLASS_JP": null, "FCLASS_KO": null, "FCLASS_VN": null, "FCLASS_TR": null, "FCLASS_ID": null, "FCLASS_PL": null, "FCLASS_GR": null, "FCLASS_IT": null, "FCLASS_NL": null, "FCLASS_SE": null, "FCLASS_BD": null, "FCLASS_UA": null, "FCLASS_TLC": null}, "bbox": [29.499997, -24.199622, 29.499997, -24.199622], "geometry": {"type": "Point", "coordinates": [29.499997, -24.199622]}}, {"type": "Feature", "properties": {"SCALERANK": 7, "NATSCALE": 20, "LABELRANK": 3, "FEATURECLA": "Populated place", "NAME": "Tzaneen", "NAMEPAR": null, "NAMEALT": null, "NAMEASCII": "Tzaneen", "ADM0CAP": 0, "CAPIN": null, "WORLDCITY": 0, "MEGACITY": 0, "SOV0NAME": "South Africa", "SOV_A3": "ZAF", "ADM0NAME": "South Africa", "ADM0_A3": "ZAF", "ADM1NAME": "Limpopo", "ISO_A2": "ZA", "NOTE": null, "LATITUDE": -23.819542, "LONGITUDE": 30.169983, "POP_MAX": 67245, "POP_MIN": 16954, "POP_OTHER": 0, "RANK_MAX": 8, "RANK_MIN": 6, "MEGANAME": null, "LS_NAME": "Tzaneen", "MAX_POP10": 67245, "MAX_POP20": 0, "MAX_POP50": 0, "MAX_POP300": 0, "MAX_POP310": 0, "MAX_NATSCA": 10, "MIN_AREAKM": 15, "MAX_AREAKM": 15, "MIN_AREAMI": 6, "MAX_AREAMI": 6, "MIN_PERKM": 25, "MAX_PERKM": 25, "MIN_PERMI": 16, "MAX_PERMI": 16, "MIN_BBXMIN": 30.141667, "MAX_BBXMIN": 30.141667, "MIN_BBXMAX": 30.191667, "MAX_BBXMAX": 30.191667, "MIN_BBYMIN": -23.85, "MAX_BBYMIN": -23.85, "MIN_BBYMAX": -23.808333, "MAX_BBYMAX": -23.808333, "MEAN_BBXC": 30.166009, "MEAN_BBYC": -23.833991, "TIMEZONE": "Africa/Johannesburg", "UN_FID": 0, "POP1950": 0, "POP1955": 0, "POP1960": 0, "POP1965": 0, "POP1970": 0, "POP1975": 0, "POP1980": 0, "POP1985": 0, "POP1990": 0, "POP1995": 0, "POP2000": 0, "POP2005": 0, "POP2010": 0, "POP2015": 0, "POP2020": 0, "POP2025": 0, "POP2050": 0, "MIN_ZOOM": 6.7, "WIKIDATAID": "Q964666", "WOF_ID": 101924313, "CAPALT": 0, "NAME_EN": "Tzaneen", "NAME_DE": "Tzaneen", "NAME_ES": "Tzaneen", "NAME_FR": "Tzaneen", "NAME_PT": "Tzaneen", "NAME_RU": "Тзанеен", "NAME_ZH": "察嫩", "LABEL": null, "NAME_AR": "تزانين", "NAME_BN": "জ্যানীন", "NAME_EL": "Τζανίν", "NAME_HI": "ज़ानीन", "NAME_HU": "Tzaneen", "NAME_ID": "Tzaneen", "NAME_IT": "Tzaneen", "NAME_JA": "ツァニーン", "NAME_KO": "차넨", "NAME_NL": "Tzaneen", "NAME_PL": "Tzaneen", "NAME_SV": "Tzaneen", "NAME_TR": "Tzaneen", "NAME_VI": "Tzaneen", "NE_ID": 1159136761, "NAME_FA": "زانین", "NAME_HE": "צאנין", "NAME_UK": "Цанен", "NAME_UR": "زانین", "NAME_ZHT": "察嫩", "GEONAMESID": 946973, "FCLASS_ISO": null, "FCLASS_US": null, "FCLASS_FR": null, "FCLASS_RU": null, "FCLASS_ES": null, "FCLASS_CN": null, "FCLASS_TW": null, "FCLASS_IN": null, "FCLASS_NP": null, "FCLASS_PK": null, "FCLASS_DE": null, "FCLASS_GB": null, "FCLASS_BR": null, "FCLASS_IL": null, "FCLASS_PS": null, "FCLASS_SA": null, "FCLASS_EG": null, "FCLASS_MA": null, "FCLASS_PT": null, "FCLASS_AR": null, "FCLASS_JP": null, "FCLASS_KO": null, "FCLASS_VN": null, "FCLASS_TR": null, "FCLASS_ID": null, "FCLASS_PL": null, "FCLASS_GR": null, "FCLASS_IT": null, "FCLASS_NL": null, "FCLASS_SE": null, "FCLASS_BD": null, "FCLASS_UA": null, "FCLASS_TLC": null}, "bbox": [30.169982, -23.819542, 30.169982, -23.819542], "geometry": {"type": "Point", "coordinates": [30.169982, -23.819542]}}, {"type": "Feature", "properties": {"SCALERANK": 7, "NATSCALE": 20, "LABELRANK": 3, "FEATURECLA": "Populated place", "NAME": "Ulundi", "NAMEPAR": null, "NAMEALT": null, "NAMEASCII": "Ulundi", "ADM0CAP": 0, "CAPIN": null, "WORLDCITY": 0, "MEGACITY": 0, "SOV0NAME": "South Africa", "SOV_A3": "ZAF", "ADM0NAME": "South Africa", "ADM0_A3": "ZAF", "ADM1NAME": "KwaZulu-Natal", "ISO_A2": "ZA", "NOTE": null, "LATITUDE": -28.329603, "LONGITUDE": 31.41001, "POP_MAX": 20753, "POP_MIN": 5581, "POP_OTHER": 0, "RANK_MAX": 7, "RANK_MIN": 5, "MEGANAME": null, "LS_NAME": "Ulundi", "MAX_POP10": 5581, "MAX_POP20": 5078, "MAX_POP50": 0, "MAX_POP300": 0, "MAX_POP310": 0, "MAX_NATSCA": 20, "MIN_AREAKM": 9, "MAX_AREAKM": 11, "MIN_AREAMI": 3, "MAX_AREAMI": 4, "MIN_PERKM": 21, "MAX_PERKM": 28, "MIN_PERMI": 13, "MAX_PERMI": 17, "MIN_BBXMIN": 31.391667, "MAX_BBXMIN": 31.391667, "MIN_BBXMAX": 31.433333, "MAX_BBXMAX": 31.433333, "MIN_BBYMIN": -28.35, "MAX_BBYMIN": -28.325, "MIN_BBYMAX": -28.275, "MAX_BBYMAX": -28.275, "MEAN_BBXC": 31.414028, "MEAN_BBYC": -28.304931, "TIMEZONE": "Africa/Johannesburg", "UN_FID": 0, "POP1950": 0, "POP1955": 0, "POP1960": 0, "POP1965": 0, "POP1970": 0, "POP1975": 0, "POP1980": 0, "POP1985": 0, "POP1990": 0, "POP1995": 0, "POP2000": 0, "POP2005": 0, "POP2010": 0, "POP2015": 0, "POP2020": 0, "POP2025": 0, "POP2050": 0, "MIN_ZOOM": 6.7, "WIKIDATAID": "Q1013421", "WOF_ID": 101927633, "CAPALT": 0, "NAME_EN": "Ulundi", "NAME_DE": "Ulundi", "NAME_ES": "Ulundi", "NAME_FR": "Ulundi", "NAME_PT": "Ulundi", "NAME_RU": "Улунди", "NAME_ZH": "烏倫迪", "LABEL": null, "NAME_AR": "أولوندي", "NAME_BN": "উলুন্দি", "NAME_EL": "Ουλουντί", "NAME_HI": "उलुंडी", "NAME_HU": "Ulundi", "NAME_ID": "Ulundi", "NAME_IT": "Ulundi", "NAME_JA": "ウルンディ", "NAME_KO": "울룬디", "NAME_NL": "Ulundi", "NAME_PL": "Ulundi", "NAME_SV": "Ulundi", "NAME_TR": "Ulundi", "NAME_VI": "Ulundi", "NE_ID": 1159136765, "NAME_FA": "اولوندی", "NAME_HE": "אולונדי", "NAME_UK": "Улунді", "NAME_UR": "اولونڈی", "NAME_ZHT": "烏倫迪", "GEONAMESID": 946257, "FCLASS_ISO": null, "FCLASS_US": null, "FCLASS_FR": null, "FCLASS_RU": null, "FCLASS_ES": null, "FCLASS_CN": null, "FCLASS_TW": null, "FCLASS_IN": null, "FCLASS_NP": null, "FCLASS_PK": null, "FCLASS_DE": null, "FCLASS_GB": null, "FCLASS_BR": null, "FCLASS_IL": null, "FCLASS_PS": null, "FCLASS_SA": null, "FCLASS_EG": null, "FCLASS_MA": null, "FCLASS_PT": null, "FCLASS_AR": null, "FCLASS_JP": null, "FCLASS_KO": null, "FCLASS_VN": null, "FCLASS_TR": null, "FCLASS_ID": null, "FCLASS_PL": null, "FCLASS_GR": null, "FCLASS_IT": null, "FCLASS_NL": null, "FCLASS_SE": null, "FCLASS_BD": null, "FCLASS_UA": null, "FCLASS_TLC": null}, "bbox": [31.41001, -28.329603, 31.41001, -28.329603], "geometry": {"type": "Point", "coordinates": [31.41001, -28.329603]}}, {"type": "Feature", "properties": {"SCALERANK": 7, "NATSCALE": 20, "LABELRANK": 3, "FEATURECLA": "Populated place", "NAME": "Ladysmith", "NAMEPAR": null, "NAMEALT": null, "NAMEASCII": "Ladysmith", "ADM0CAP": 0, "CAPIN": null, "WORLDCITY": 0, "MEGACITY": 0, "SOV0NAME": "South Africa", "SOV_A3": "ZAF", "ADM0NAME": "South Africa", "ADM0_A3": "ZAF", "ADM1NAME": "KwaZulu-Natal", "ISO_A2": "ZA", "NOTE": null, "LATITUDE": -28.549486, "LONGITUDE": 29.780032, "POP_MAX": 47375, "POP_MIN": 47375, "POP_OTHER": 47040, "RANK_MAX": 7, "RANK_MIN": 7, "MEGANAME": null, "LS_NAME": "Ladysmith", "MAX_POP10": 47375, "MAX_POP20": 47375, "MAX_POP50": 0, "MAX_POP300": 0, "MAX_POP310": 0, "MAX_NATSCA": 20, "MIN_AREAKM": 29, "MAX_AREAKM": 29, "MIN_AREAMI": 11, "MAX_AREAMI": 11, "MIN_PERKM": 37, "MAX_PERKM": 37, "MIN_PERMI": 23, "MAX_PERMI": 23, "MIN_BBXMIN": 29.741667, "MAX_BBXMIN": 29.741667, "MIN_BBXMAX": 29.825, "MAX_BBXMAX": 29.825, "MIN_BBYMIN": -28.591667, "MAX_BBYMIN": -28.591667, "MIN_BBYMAX": -28.533333, "MAX_BBYMAX": -28.533333, "MEAN_BBXC": 29.785307, "MEAN_BBYC": -28.558114, "TIMEZONE": null, "UN_FID": 0, "POP1950": 0, "POP1955": 0, "POP1960": 0, "POP1965": 0, "POP1970": 0, "POP1975": 0, "POP1980": 0, "POP1985": 0, "POP1990": 0, "POP1995": 0, "POP2000": 0, "POP2005": 0, "POP2010": 0, "POP2015": 0, "POP2020": 0, "POP2025": 0, "POP2050": 0, "MIN_ZOOM": 6.7, "WIKIDATAID": "Q874262", "WOF_ID": 1141907165, "CAPALT": 0, "NAME_EN": "Ladysmith", "NAME_DE": "Ladysmith", "NAME_ES": "Ladysmith", "NAME_FR": "Ladysmith", "NAME_PT": "Ladysmith", "NAME_RU": "Ледисмит", "NAME_ZH": "雷地史密斯", "LABEL": null, "NAME_AR": "ليديسميث", "NAME_BN": "লেডি স্মিত", "NAME_EL": "Λέιντισμιθ", "NAME_HI": "लेडीस्मिथ", "NAME_HU": "Ladysmith", "NAME_ID": "Ladysmith", "NAME_IT": "Ladysmith", "NAME_JA": "レディスミス", "NAME_KO": "레이디스미스", "NAME_NL": "Ladysmith", "NAME_PL": "Ladysmith", "NAME_SV": "Ladysmith", "NAME_TR": "Ladysmith", "NAME_VI": "Ladysmith", "NE_ID": 1159136769, "NAME_FA": "لیدی اسمیت", "NAME_HE": "ליידיסמית'", "NAME_UK": "Ледісміт", "NAME_UR": "لادیسمیتھ", "NAME_ZHT": "雷地史密斯", "GEONAMESID": 984999, "FCLASS_ISO": null, "FCLASS_US": null, "FCLASS_FR": null, "FCLASS_RU": null, "FCLASS_ES": null, "FCLASS_CN": null, "FCLASS_TW": null, "FCLASS_IN": null, "FCLASS_NP": null, "FCLASS_PK": null, "FCLASS_DE": null, "FCLASS_GB": null, "FCLASS_BR": null, "FCLASS_IL": null, "FCLASS_PS": null, "FCLASS_SA": null, "FCLASS_EG": null, "FCLASS_MA": null, "FCLASS_PT": null, "FCLASS_AR": null, "FCLASS_JP": null, "FCLASS_KO": null, "FCLASS_VN": null, "FCLASS_TR": null, "FCLASS_ID": null, "FCLASS_PL": null, "FCLASS_GR": null, "FCLASS_IT": null, "FCLASS_NL": null, "FCLASS_SE": null, "FCLASS_BD": null, "FCLASS_UA": null, "FCLASS_TLC": null}, "bbox": [29.780032, -28.549486, 29.780032, -28.549486], "geometry": {"type": "Point", "coordinates": [29.780032, -28.549486]}}, {"type": "Feature", "properties": {"SCALERANK": 7, "NATSCALE": 20, "LABELRANK": 3, "FEATURECLA": "Populated place", "NAME": "Port Shepstone", "NAMEPAR": null, "NAMEALT": null, "NAMEASCII": "Port Shepstone", "ADM0CAP": 0, "CAPIN": null, "WORLDCITY": 0, "MEGACITY": 0, "SOV0NAME": "South Africa", "SOV_A3": "ZAF", "ADM0NAME": "South Africa", "ADM0_A3": "ZAF", "ADM1NAME": "KwaZulu-Natal", "ISO_A2": "ZA", "NOTE": null, "LATITUDE": -30.719535, "LONGITUDE": 30.459991, "POP_MAX": 52793, "POP_MIN": 21858, "POP_OTHER": 21706, "RANK_MAX": 8, "RANK_MIN": 7, "MEGANAME": null, "LS_NAME": "Port Shepstone", "MAX_POP10": 21858, "MAX_POP20": 21858, "MAX_POP50": 0, "MAX_POP300": 0, "MAX_POP310": 0, "MAX_NATSCA": 20, "MIN_AREAKM": 9, "MAX_AREAKM": 9, "MIN_AREAMI": 3, "MAX_AREAMI": 3, "MIN_PERKM": 23, "MAX_PERKM": 23, "MIN_PERMI": 14, "MAX_PERMI": 14, "MIN_BBXMIN": 30.433333, "MAX_BBXMIN": 30.433333, "MIN_BBXMAX": 30.483333, "MAX_BBXMAX": 30.483333, "MIN_BBYMIN": -30.733333, "MAX_BBYMIN": -30.733333, "MIN_BBYMAX": -30.691667, "MAX_BBYMAX": -30.691667, "MEAN_BBXC": 30.457639, "MEAN_BBYC": -30.711111, "TIMEZONE": "Africa/Johannesburg", "UN_FID": 0, "POP1950": 0, "POP1955": 0, "POP1960": 0, "POP1965": 0, "POP1970": 0, "POP1975": 0, "POP1980": 0, "POP1985": 0, "POP1990": 0, "POP1995": 0, "POP2000": 0, "POP2005": 0, "POP2010": 0, "POP2015": 0, "POP2020": 0, "POP2025": 0, "POP2050": 0, "MIN_ZOOM": 6.7, "WIKIDATAID": "Q121395", "WOF_ID": 101929321, "CAPALT": 0, "NAME_EN": "Port Shepstone", "NAME_DE": "Port Shepstone", "NAME_ES": "Port Shepstone", "NAME_FR": "Port Shepstone", "NAME_PT": "Port Shepstone", "NAME_RU": "Порт-Шепстон", "NAME_ZH": "谢普斯敦港", "LABEL": null, "NAME_AR": "ميناء شيبستون", "NAME_BN": "পোর্ট শেপস্টোন", "NAME_EL": "Πορτ Σέπστοουν", "NAME_HI": "पोर्ट शेप्स्टोन", "NAME_HU": "Port Shepstone", "NAME_ID": "Port Shepstone", "NAME_IT": "Port Shepstone", "NAME_JA": "ポートシェプストーン", "NAME_KO": "포트 셉스톤", "NAME_NL": "Port Shepstone", "NAME_PL": "Port Shepstone", "NAME_SV": "Port Shepstone", "NAME_TR": "Port Shepstone", "NAME_VI": "Port Shepstone", "NE_ID": 1159136773, "NAME_FA": "پورت شبستون", "NAME_HE": "פורט שפסטון", "NAME_UK": "Порт-Шепстон", "NAME_UR": "پورٹ شیپ اسٹون", "NAME_ZHT": "謝普斯敦港", "GEONAMESID": 964406, "FCLASS_ISO": null, "FCLASS_US": null, "FCLASS_FR": null, "FCLASS_RU": null, "FCLASS_ES": null, "FCLASS_CN": null, "FCLASS_TW": null, "FCLASS_IN": null, "FCLASS_NP": null, "FCLASS_PK": null, "FCLASS_DE": null, "FCLASS_GB": null, "FCLASS_BR": null, "FCLASS_IL": null, "FCLASS_PS": null, "FCLASS_SA": null, "FCLASS_EG": null, "FCLASS_MA": null, "FCLASS_PT": null, "FCLASS_AR": null, "FCLASS_JP": null, "FCLASS_KO": null, "FCLASS_VN": null, "FCLASS_TR": null, "FCLASS_ID": null, "FCLASS_PL": null, "FCLASS_GR": null, "FCLASS_IT": null, "FCLASS_NL": null, "FCLASS_SE": null, "FCLASS_BD": null, "FCLASS_UA": null, "FCLASS_TLC": null}, "bbox": [30.459991, -30.719535, 30.459991, -30.719535], "geometry": {"type": "Point", "coordinates": [30.459991, -30.719535]}}, {"type": "Feature", "properties": {"SCALERANK": 7, "NATSCALE": 20, "LABELRANK": 3, "FEATURECLA": "Populated place", "NAME": "Ubomba", "NAMEPAR": null, "NAMEALT": null, "NAMEASCII": "Ubomba", "ADM0CAP": 0, "CAPIN": null, "WORLDCITY": 0, "MEGACITY": 0, "SOV0NAME": "South Africa", "SOV_A3": "ZAF", "ADM0NAME": "South Africa", "ADM0_A3": "ZAF", "ADM1NAME": "KwaZulu-Natal", "ISO_A2": "ZA", "NOTE": null, "LATITUDE": -27.566084, "LONGITUDE": 32.083302, "POP_MAX": 564, "POP_MIN": 564, "POP_OTHER": 0, "RANK_MAX": 2, "RANK_MIN": 2, "MEGANAME": null, "LS_NAME": "Ubomba", "MAX_POP10": 564, "MAX_POP20": 564, "MAX_POP50": 0, "MAX_POP300": 0, "MAX_POP310": 0, "MAX_NATSCA": 20, "MIN_AREAKM": 1, "MAX_AREAKM": 1, "MIN_AREAMI": 0, "MAX_AREAMI": 0, "MIN_PERKM": 3, "MAX_PERKM": 3, "MIN_PERMI": 2, "MAX_PERMI": 2, "MIN_BBXMIN": 32.083333, "MAX_BBXMIN": 32.083333, "MIN_BBXMAX": 32.091667, "MAX_BBXMAX": 32.091667, "MIN_BBYMIN": -27.575, "MAX_BBYMIN": -27.575, "MIN_BBYMAX": -27.566667, "MAX_BBYMAX": -27.566667, "MEAN_BBXC": 32.0875, "MEAN_BBYC": -27.570833, "TIMEZONE": null, "UN_FID": 0, "POP1950": 0, "POP1955": 0, "POP1960": 0, "POP1965": 0, "POP1970": 0, "POP1975": 0, "POP1980": 0, "POP1985": 0, "POP1990": 0, "POP1995": 0, "POP2000": 0, "POP2005": 0, "POP2010": 0, "POP2015": 0, "POP2020": 0, "POP2025": 0, "POP2050": 0, "MIN_ZOOM": 6.7, "WIKIDATAID": "Q7876579", "WOF_ID": 1141907167, "CAPALT": 0, "NAME_EN": "Ubombo", "NAME_DE": "Ubomba", "NAME_ES": "Ubomba", "NAME_FR": "Ubomba", "NAME_PT": "Ubomba", "NAME_RU": "Убомба", "NAME_ZH": "乌邦巴", "LABEL": null, "NAME_AR": "أوبومبا", "NAME_BN": "উবোম্বা", "NAME_EL": "Ουμπόμπα", "NAME_HI": "उबोंबा", "NAME_HU": "Ubomba", "NAME_ID": "Ubomba", "NAME_IT": "Ubombo", "NAME_JA": "ウボンバ", "NAME_KO": "우봄바", "NAME_NL": "Ubombo", "NAME_PL": "Ubomba", "NAME_SV": "Ubomba", "NAME_TR": "Ubomba", "NAME_VI": "Ubomba", "NE_ID": 1159136779, "NAME_FA": "یوبمبو", "NAME_HE": "אובומבה", "NAME_UK": "Убомба", "NAME_UR": "ابومبو", "NAME_ZHT": "烏邦巴", "GEONAMESID": 946947, "FCLASS_ISO": null, "FCLASS_US": null, "FCLASS_FR": null, "FCLASS_RU": null, "FCLASS_ES": null, "FCLASS_CN": null, "FCLASS_TW": null, "FCLASS_IN": null, "FCLASS_NP": null, "FCLASS_PK": null, "FCLASS_DE": null, "FCLASS_GB": null, "FCLASS_BR": null, "FCLASS_IL": null, "FCLASS_PS": null, "FCLASS_SA": null, "FCLASS_EG": null, "FCLASS_MA": null, "FCLASS_PT": null, "FCLASS_AR": null, "FCLASS_JP": null, "FCLASS_KO": null, "FCLASS_VN": null, "FCLASS_TR": null, "FCLASS_ID": null, "FCLASS_PL": null, "FCLASS_GR": null, "FCLASS_IT": null, "FCLASS_NL": null, "FCLASS_SE": null, "FCLASS_BD": null, "FCLASS_UA": null, "FCLASS_TLC": null}, "bbox": [32.083302, -27.566084, 32.083302, -27.566084], "geometry": {"type": "Point", "coordinates": [32.083302, -27.566084]}}, {"type": "Feature", "properties": {"SCALERANK": 7, "NATSCALE": 20, "LABELRANK": 6, "FEATURECLA": "Populated place", "NAME": "Dondo", "NAMEPAR": null, "NAMEALT": null, "NAMEASCII": "Dondo", "ADM0CAP": 0, "CAPIN": null, "WORLDCITY": 0, "MEGACITY": 0, "SOV0NAME": "Mozambique", "SOV_A3": "MOZ", "ADM0NAME": "Mozambique", "ADM0_A3": "MOZ", "ADM1NAME": "Sofala", "ISO_A2": "MZ", "NOTE": null, "LATITUDE": -19.619592, "LONGITUDE": 34.730014, "POP_MAX": 78648, "POP_MIN": 71787, "POP_OTHER": 71831, "RANK_MAX": 8, "RANK_MIN": 8, "MEGANAME": null, "LS_NAME": "Dondo1", "MAX_POP10": 71787, "MAX_POP20": 71787, "MAX_POP50": 0, "MAX_POP300": 0, "MAX_POP310": 0, "MAX_NATSCA": 20, "MIN_AREAKM": 20, "MAX_AREAKM": 20, "MIN_AREAMI": 8, "MAX_AREAMI": 8, "MIN_PERKM": 23, "MAX_PERKM": 23, "MIN_PERMI": 15, "MAX_PERMI": 15, "MIN_BBXMIN": 34.708333, "MAX_BBXMIN": 34.708333, "MIN_BBXMAX": 34.766667, "MAX_BBXMAX": 34.766667, "MIN_BBYMIN": -19.641667, "MAX_BBYMIN": -19.641667, "MIN_BBYMAX": -19.591667, "MAX_BBYMAX": -19.591667, "MEAN_BBXC": 34.7395, "MEAN_BBYC": -19.613833, "TIMEZONE": "Africa/Maputo", "UN_FID": 0, "POP1950": 0, "POP1955": 0, "POP1960": 0, "POP1965": 0, "POP1970": 0, "POP1975": 0, "POP1980": 0, "POP1985": 0, "POP1990": 0, "POP1995": 0, "POP2000": 0, "POP2005": 0, "POP2010": 0, "POP2015": 0, "POP2020": 0, "POP2025": 0, "POP2050": 0, "MIN_ZOOM": 6.7, "WIKIDATAID": "Q1241126", "WOF_ID": 421199659, "CAPALT": 0, "NAME_EN": "Dondo", "NAME_DE": "Dondo", "NAME_ES": "Dondo", "NAME_FR": "Dondo", "NAME_PT": "Dondo", "NAME_RU": "Дондо", "NAME_ZH": "棟多", "LABEL": null, "NAME_AR": "محافظة دوندو", "NAME_BN": "দোন্ডো", "NAME_EL": "Ντόντο", "NAME_HI": "डोंडो", "NAME_HU": "Dondo", "NAME_ID": "Dondo", "NAME_IT": "Dondo", "NAME_JA": "ドンド", "NAME_KO": "돈도", "NAME_NL": "Dondo", "NAME_PL": "Dondo", "NAME_SV": "Dondo", "NAME_TR": "Dondo", "NAME_VI": "Dondo", "NE_ID": 1159136959, "NAME_FA": "دندو", "NAME_HE": "דונדו", "NAME_UK": "Дондо", "NAME_UR": "ڈونڈو", "NAME_ZHT": "棟多", "GEONAMESID": 1024696, "FCLASS_ISO": null, "FCLASS_US": null, "FCLASS_FR": null, "FCLASS_RU": null, "FCLASS_ES": null, "FCLASS_CN": null, "FCLASS_TW": null, "FCLASS_IN": null, "FCLASS_NP": null, "FCLASS_PK": null, "FCLASS_DE": null, "FCLASS_GB": null, "FCLASS_BR": null, "FCLASS_IL": null, "FCLASS_PS": null, "FCLASS_SA": null, "FCLASS_EG": null, "FCLASS_MA": null, "FCLASS_PT": null, "FCLASS_AR": null, "FCLASS_JP": null, "FCLASS_KO": null, "FCLASS_VN": null, "FCLASS_TR": null, "FCLASS_ID": null, "FCLASS_PL": null, "FCLASS_GR": null, "FCLASS_IT": null, "FCLASS_NL": null, "FCLASS_SE": null, "FCLASS_BD": null, "FCLASS_UA": null, "FCLASS_TLC": null}, "bbox": [34.730014, -19.619592, 34.730014, -19.619592], "geometry": {"type": "Point", "coordinates": [34.730014, -19.619592]}}, {"type": "Feature", "properties": {"SCALERANK": 7, "NATSCALE": 20, "LABELRANK": 6, "FEATURECLA": "Populated place", "NAME": "Chiramba", "NAMEPAR": null, "NAMEALT": null, "NAMEASCII": "Chiramba", "ADM0CAP": 0, "CAPIN": null, "WORLDCITY": 0, "MEGACITY": 0, "SOV0NAME": "Mozambique", "SOV_A3": "MOZ", "ADM0NAME": "Mozambique", "ADM0_A3": "MOZ", "ADM1NAME": "Sofala", "ISO_A2": "MZ", "NOTE": null, "LATITUDE": -16.89211, "LONGITUDE": 34.655859, "POP_MAX": 556, "POP_MIN": 556, "POP_OTHER": 0, "RANK_MAX": 2, "RANK_MIN": 2, "MEGANAME": null, "LS_NAME": "Chiramba", "MAX_POP10": 556, "MAX_POP20": 556, "MAX_POP50": 0, "MAX_POP300": 0, "MAX_POP310": 0, "MAX_NATSCA": 20, "MIN_AREAKM": 1, "MAX_AREAKM": 1, "MIN_AREAMI": 0, "MAX_AREAMI": 0, "MIN_PERKM": 4, "MAX_PERKM": 4, "MIN_PERMI": 2, "MAX_PERMI": 2, "MIN_BBXMIN": 34.658333, "MAX_BBXMIN": 34.658333, "MIN_BBXMAX": 34.666667, "MAX_BBXMAX": 34.666667, "MIN_BBYMIN": -16.9, "MAX_BBYMIN": -16.9, "MIN_BBYMAX": -16.891667, "MAX_BBYMAX": -16.891667, "MEAN_BBXC": 34.6625, "MEAN_BBYC": -16.895833, "TIMEZONE": null, "UN_FID": 0, "POP1950": 0, "POP1955": 0, "POP1960": 0, "POP1965": 0, "POP1970": 0, "POP1975": 0, "POP1980": 0, "POP1985": 0, "POP1990": 0, "POP1995": 0, "POP2000": 0, "POP2005": 0, "POP2010": 0, "POP2015": 0, "POP2020": 0, "POP2025": 0, "POP2050": 0, "MIN_ZOOM": 6.7, "WIKIDATAID": null, "WOF_ID": 1141907197, "CAPALT": 0, "NAME_EN": "Chiramba", "NAME_DE": "Chiramba", "NAME_ES": "Chiramba", "NAME_FR": "Chiramba", "NAME_PT": "Chiramba", "NAME_RU": "Чирамба", "NAME_ZH": "希兰巴", "LABEL": null, "NAME_AR": "شيرامبا", "NAME_BN": "চিরাম্বা", "NAME_EL": "Τσισάμπα", "NAME_HI": "चिरांबा", "NAME_HU": "Chiramba", "NAME_ID": "Chiramba", "NAME_IT": "Chiramba", "NAME_JA": "チランバ", "NAME_KO": "치람바", "NAME_NL": "Chiramba", "NAME_PL": "Chiramba", "NAME_SV": "Chiramba", "NAME_TR": "Chiramba", "NAME_VI": "Chiramba", "NE_ID": 1159136963, "NAME_FA": "چیرامبا", "NAME_HE": "צ'ירמבה", "NAME_UK": "Чірамба", "NAME_UR": "چیرامبا", "NAME_ZHT": "奇蘭巴", "GEONAMESID": -1, "FCLASS_ISO": null, "FCLASS_US": null, "FCLASS_FR": null, "FCLASS_RU": null, "FCLASS_ES": null, "FCLASS_CN": null, "FCLASS_TW": null, "FCLASS_IN": null, "FCLASS_NP": null, "FCLASS_PK": null, "FCLASS_DE": null, "FCLASS_GB": null, "FCLASS_BR": null, "FCLASS_IL": null, "FCLASS_PS": null, "FCLASS_SA": null, "FCLASS_EG": null, "FCLASS_MA": null, "FCLASS_PT": null, "FCLASS_AR": null, "FCLASS_JP": null, "FCLASS_KO": null, "FCLASS_VN": null, "FCLASS_TR": null, "FCLASS_ID": null, "FCLASS_PL": null, "FCLASS_GR": null, "FCLASS_IT": null, "FCLASS_NL": null, "FCLASS_SE": null, "FCLASS_BD": null, "FCLASS_UA": null, "FCLASS_TLC": null}, "bbox": [34.655859, -16.89211, 34.655859, -16.89211], "geometry": {"type": "Point", "coordinates": [34.655859, -16.89211]}}, {"type": "Feature", "properties": {"SCALERANK": 7, "NATSCALE": 20, "LABELRANK": 6, "FEATURECLA": "Admin-1 capital", "NAME": "Maxixe", "NAMEPAR": null, "NAMEALT": null, "NAMEASCII": "Maxixe", "ADM0CAP": 0, "CAPIN": null, "WORLDCITY": 0, "MEGACITY": 0, "SOV0NAME": "Mozambique", "SOV_A3": "MOZ", "ADM0NAME": "Mozambique", "ADM0_A3": "MOZ", "ADM1NAME": "Inhambane", "ISO_A2": "MZ", "NOTE": null, "LATITUDE": -23.866023, "LONGITUDE": 35.388551, "POP_MAX": 119868, "POP_MIN": 105895, "POP_OTHER": 13039, "RANK_MAX": 9, "RANK_MIN": 9, "MEGANAME": null, "LS_NAME": "Maxixe", "MAX_POP10": 13039, "MAX_POP20": 13039, "MAX_POP50": 0, "MAX_POP300": 0, "MAX_POP310": 0, "MAX_NATSCA": 20, "MIN_AREAKM": 19, "MAX_AREAKM": 19, "MIN_AREAMI": 7, "MAX_AREAMI": 7, "MIN_PERKM": 26, "MAX_PERKM": 26, "MIN_PERMI": 16, "MAX_PERMI": 16, "MIN_BBXMIN": 35.408333, "MAX_BBXMIN": 35.408333, "MIN_BBXMAX": 35.458333, "MAX_BBXMAX": 35.458333, "MIN_BBYMIN": -23.933333, "MAX_BBYMIN": -23.933333, "MIN_BBYMAX": -23.866667, "MAX_BBYMAX": -23.866667, "MEAN_BBXC": 35.435069, "MEAN_BBYC": -23.893056, "TIMEZONE": "Africa/Maputo", "UN_FID": 0, "POP1950": 0, "POP1955": 0, "POP1960": 0, "POP1965": 0, "POP1970": 0, "POP1975": 0, "POP1980": 0, "POP1985": 0, "POP1990": 0, "POP1995": 0, "POP2000": 0, "POP2005": 0, "POP2010": 0, "POP2015": 0, "POP2020": 0, "POP2025": 0, "POP2050": 0, "MIN_ZOOM": 6.7, "WIKIDATAID": "Q525118", "WOF_ID": 421166899, "CAPALT": 0, "NAME_EN": "Maxixe", "NAME_DE": "Maxixe", "NAME_ES": "Maxixe", "NAME_FR": "Maxixe", "NAME_PT": "Maxixe", "NAME_RU": "Машише", "NAME_ZH": "馬希謝", "LABEL": null, "NAME_AR": "ماكسيكسي", "NAME_BN": "ম্যাসিসে-মোজাম্বিক", "NAME_EL": "Μαξίξε", "NAME_HI": "मैक्सिक्स", "NAME_HU": "Maxixe", "NAME_ID": "Maxixe", "NAME_IT": "Maxixe", "NAME_JA": "マシーシェ", "NAME_KO": "마시스", "NAME_NL": "Maxixe", "NAME_PL": "Maxixe", "NAME_SV": "Maxixe", "NAME_TR": "Maxixe", "NAME_VI": "Maxixe", "NE_ID": 1159136985, "NAME_FA": "ماکسی", "NAME_HE": "מקסיקס", "NAME_UK": "Машіше", "NAME_UR": "مازیزی", "NAME_ZHT": "馬希謝", "GEONAMESID": 1039536, "FCLASS_ISO": null, "FCLASS_US": null, "FCLASS_FR": null, "FCLASS_RU": null, "FCLASS_ES": null, "FCLASS_CN": null, "FCLASS_TW": null, "FCLASS_IN": null, "FCLASS_NP": null, "FCLASS_PK": null, "FCLASS_DE": null, "FCLASS_GB": null, "FCLASS_BR": null, "FCLASS_IL": null, "FCLASS_PS": null, "FCLASS_SA": null, "FCLASS_EG": null, "FCLASS_MA": null, "FCLASS_PT": null, "FCLASS_AR": null, "FCLASS_JP": null, "FCLASS_KO": null, "FCLASS_VN": null, "FCLASS_TR": null, "FCLASS_ID": null, "FCLASS_PL": null, "FCLASS_GR": null, "FCLASS_IT": null, "FCLASS_NL": null, "FCLASS_SE": null, "FCLASS_BD": null, "FCLASS_UA": null, "FCLASS_TLC": null}, "bbox": [35.388551, -23.866023, 35.388551, -23.866023], "geometry": {"type": "Point", "coordinates": [35.388551, -23.866023]}}, {"type": "Feature", "properties": {"SCALERANK": 7, "NATSCALE": 20, "LABELRANK": 6, "FEATURECLA": "Populated place", "NAME": "Panda", "NAMEPAR": null, "NAMEALT": null, "NAMEASCII": "Panda", "ADM0CAP": 0, "CAPIN": null, "WORLDCITY": 0, "MEGACITY": 0, "SOV0NAME": "Mozambique", "SOV_A3": "MOZ", "ADM0NAME": "Mozambique", "ADM0_A3": "MOZ", "ADM1NAME": "Inhambane", "ISO_A2": "MZ", "NOTE": null, "LATITUDE": -24.062887, "LONGITUDE": 34.730273, "POP_MAX": 602, "POP_MIN": 602, "POP_OTHER": 602, "RANK_MAX": 2, "RANK_MIN": 2, "MEGANAME": null, "LS_NAME": "Panda", "MAX_POP10": 602, "MAX_POP20": 0, "MAX_POP50": 0, "MAX_POP300": 0, "MAX_POP310": 0, "MAX_NATSCA": 10, "MIN_AREAKM": 1, "MAX_AREAKM": 1, "MIN_AREAMI": 0, "MAX_AREAMI": 0, "MIN_PERKM": 4, "MAX_PERKM": 4, "MIN_PERMI": 2, "MAX_PERMI": 2, "MIN_BBXMIN": 34.725, "MAX_BBXMIN": 34.725, "MIN_BBXMAX": 34.733333, "MAX_BBXMAX": 34.733333, "MIN_BBYMIN": -24.066667, "MAX_BBYMIN": -24.066667, "MIN_BBYMAX": -24.058333, "MAX_BBYMAX": -24.058333, "MEAN_BBXC": 34.729167, "MEAN_BBYC": -24.0625, "TIMEZONE": null, "UN_FID": 0, "POP1950": 0, "POP1955": 0, "POP1960": 0, "POP1965": 0, "POP1970": 0, "POP1975": 0, "POP1980": 0, "POP1985": 0, "POP1990": 0, "POP1995": 0, "POP2000": 0, "POP2005": 0, "POP2010": 0, "POP2015": 0, "POP2020": 0, "POP2025": 0, "POP2050": 0, "MIN_ZOOM": 6.7, "WIKIDATAID": null, "WOF_ID": 1141907203, "CAPALT": 0, "NAME_EN": "Panda", "NAME_DE": "Panda", "NAME_ES": "Panda", "NAME_FR": "Panda", "NAME_PT": "Panda", "NAME_RU": "Панда", "NAME_ZH": "潘达", "LABEL": null, "NAME_AR": "باندا", "NAME_BN": "পান্ডা", "NAME_EL": "Πάντα", "NAME_HI": "पांडा", "NAME_HU": "Panda", "NAME_ID": "Panda", "NAME_IT": "Panda", "NAME_JA": "パンダ", "NAME_KO": "판다", "NAME_NL": "Panda", "NAME_PL": "Panda", "NAME_SV": "Panda", "NAME_TR": "Panda", "NAME_VI": "Panda", "NE_ID": 1159136989, "NAME_FA": "پاندا", "NAME_HE": "פנדה", "NAME_UK": "Панда", "NAME_UR": "پانڈا", "NAME_ZHT": "潘達", "GEONAMESID": -1, "FCLASS_ISO": null, "FCLASS_US": null, "FCLASS_FR": null, "FCLASS_RU": null, "FCLASS_ES": null, "FCLASS_CN": null, "FCLASS_TW": null, "FCLASS_IN": null, "FCLASS_NP": null, "FCLASS_PK": null, "FCLASS_DE": null, "FCLASS_GB": null, "FCLASS_BR": null, "FCLASS_IL": null, "FCLASS_PS": null, "FCLASS_SA": null, "FCLASS_EG": null, "FCLASS_MA": null, "FCLASS_PT": null, "FCLASS_AR": null, "FCLASS_JP": null, "FCLASS_KO": null, "FCLASS_VN": null, "FCLASS_TR": null, "FCLASS_ID": null, "FCLASS_PL": null, "FCLASS_GR": null, "FCLASS_IT": null, "FCLASS_NL": null, "FCLASS_SE": null, "FCLASS_BD": null, "FCLASS_UA": null, "FCLASS_TLC": null}, "bbox": [34.730273, -24.062887, 34.730273, -24.062887], "geometry": {"type": "Point", "coordinates": [34.730273, -24.062887]}}, {"type": "Feature", "properties": {"SCALERANK": 7, "NATSCALE": 20, "LABELRANK": 6, "FEATURECLA": "Populated place", "NAME": "Quissico", "NAMEPAR": null, "NAMEALT": null, "NAMEASCII": "Quissico", "ADM0CAP": 0, "CAPIN": null, "WORLDCITY": 0, "MEGACITY": 0, "SOV0NAME": "Mozambique", "SOV_A3": "MOZ", "ADM0NAME": "Mozambique", "ADM0_A3": "MOZ", "ADM1NAME": "Inhambane", "ISO_A2": "MZ", "NOTE": null, "LATITUDE": -24.725689, "LONGITUDE": 34.765981, "POP_MAX": 1210, "POP_MIN": 1210, "POP_OTHER": 1210, "RANK_MAX": 3, "RANK_MIN": 3, "MEGANAME": null, "LS_NAME": "Quissico", "MAX_POP10": 1210, "MAX_POP20": 1210, "MAX_POP50": 0, "MAX_POP300": 0, "MAX_POP310": 0, "MAX_NATSCA": 20, "MIN_AREAKM": 1, "MAX_AREAKM": 1, "MIN_AREAMI": 0, "MAX_AREAMI": 0, "MIN_PERKM": 4, "MAX_PERKM": 4, "MIN_PERMI": 2, "MAX_PERMI": 2, "MIN_BBXMIN": 34.758333, "MAX_BBXMIN": 34.758333, "MIN_BBXMAX": 34.766667, "MAX_BBXMAX": 34.766667, "MIN_BBYMIN": -24.733333, "MAX_BBYMIN": -24.733333, "MIN_BBYMAX": -24.725, "MAX_BBYMAX": -24.725, "MEAN_BBXC": 34.7625, "MEAN_BBYC": -24.729167, "TIMEZONE": null, "UN_FID": 0, "POP1950": 0, "POP1955": 0, "POP1960": 0, "POP1965": 0, "POP1970": 0, "POP1975": 0, "POP1980": 0, "POP1985": 0, "POP1990": 0, "POP1995": 0, "POP2000": 0, "POP2005": 0, "POP2010": 0, "POP2015": 0, "POP2020": 0, "POP2025": 0, "POP2050": 0, "MIN_ZOOM": 6.7, "WIKIDATAID": "Q166838", "WOF_ID": 1141907205, "CAPALT": 0, "NAME_EN": "Zavala", "NAME_DE": "Zavala", "NAME_ES": "Quissico", "NAME_FR": "Zavala", "NAME_PT": "Quissico", "NAME_RU": "Куиссико", "NAME_ZH": "薩瓦拉", "LABEL": null, "NAME_AR": "كيوسيكو", "NAME_BN": "কুইসিকো", "NAME_EL": "Κουίσικο", "NAME_HI": "क्विसिको", "NAME_HU": "Quissico", "NAME_ID": "Quissico", "NAME_IT": "Zavala", "NAME_JA": "ザヴァラ", "NAME_KO": "키시코", "NAME_NL": "Zavala", "NAME_PL": "Quissico", "NAME_SV": "Quissico", "NAME_TR": "Quissico", "NAME_VI": "Quissico", "NE_ID": 1159136995, "NAME_FA": "زاوالا", "NAME_HE": "קוויסיקו", "NAME_UK": "Кіссіко", "NAME_UR": "کوئسیکو", "NAME_ZHT": "薩瓦拉", "GEONAMESID": 1028307, "FCLASS_ISO": null, "FCLASS_US": null, "FCLASS_FR": null, "FCLASS_RU": null, "FCLASS_ES": null, "FCLASS_CN": null, "FCLASS_TW": null, "FCLASS_IN": null, "FCLASS_NP": null, "FCLASS_PK": null, "FCLASS_DE": null, "FCLASS_GB": null, "FCLASS_BR": null, "FCLASS_IL": null, "FCLASS_PS": null, "FCLASS_SA": null, "FCLASS_EG": null, "FCLASS_MA": null, "FCLASS_PT": null, "FCLASS_AR": null, "FCLASS_JP": null, "FCLASS_KO": null, "FCLASS_VN": null, "FCLASS_TR": null, "FCLASS_ID": null, "FCLASS_PL": null, "FCLASS_GR": null, "FCLASS_IT": null, "FCLASS_NL": null, "FCLASS_SE": null, "FCLASS_BD": null, "FCLASS_UA": null, "FCLASS_TLC": null}, "bbox": [34.765981, -24.725689, 34.765981, -24.725689], "geometry": {"type": "Point", "coordinates": [34.765981, -24.725689]}}, {"type": "Feature", "properties": {"SCALERANK": 7, "NATSCALE": 20, "LABELRANK": 6, "FEATURECLA": "Populated place", "NAME": "Vilanculos", "NAMEPAR": null, "NAMEALT": null, "NAMEASCII": "Vilanculos", "ADM0CAP": 0, "CAPIN": null, "WORLDCITY": 0, "MEGACITY": 0, "SOV0NAME": "Mozambique", "SOV_A3": "MOZ", "ADM0NAME": "Mozambique", "ADM0_A3": "MOZ", "ADM1NAME": "Inhambane", "ISO_A2": "MZ", "NOTE": null, "LATITUDE": -21.99955, "LONGITUDE": 35.316593, "POP_MAX": 177, "POP_MIN": 177, "POP_OTHER": 177, "RANK_MAX": 1, "RANK_MIN": 1, "MEGANAME": null, "LS_NAME": "Vilanculos", "MAX_POP10": 177, "MAX_POP20": 177, "MAX_POP50": 0, "MAX_POP300": 0, "MAX_POP310": 0, "MAX_NATSCA": 20, "MIN_AREAKM": 1, "MAX_AREAKM": 1, "MIN_AREAMI": 0, "MAX_AREAMI": 0, "MIN_PERKM": 4, "MAX_PERKM": 4, "MIN_PERMI": 2, "MAX_PERMI": 2, "MIN_BBXMIN": 35.308333, "MAX_BBXMIN": 35.308333, "MIN_BBXMAX": 35.316667, "MAX_BBXMAX": 35.316667, "MIN_BBYMIN": -22, "MAX_BBYMIN": -22, "MIN_BBYMAX": -21.991667, "MAX_BBYMAX": -21.991667, "MEAN_BBXC": 35.3125, "MEAN_BBYC": -21.995833, "TIMEZONE": null, "UN_FID": 0, "POP1950": 0, "POP1955": 0, "POP1960": 0, "POP1965": 0, "POP1970": 0, "POP1975": 0, "POP1980": 0, "POP1985": 0, "POP1990": 0, "POP1995": 0, "POP2000": 0, "POP2005": 0, "POP2010": 0, "POP2015": 0, "POP2020": 0, "POP2025": 0, "POP2050": 0, "MIN_ZOOM": 6.7, "WIKIDATAID": "Q2006546", "WOF_ID": 1141907207, "CAPALT": 0, "NAME_EN": "Vilankulo", "NAME_DE": "Vilankulo", "NAME_ES": "Vilanculos", "NAME_FR": "Vilankulo", "NAME_PT": "Vilanculos", "NAME_RU": "Виланкуло", "NAME_ZH": "维兰库洛", "LABEL": null, "NAME_AR": "فيلانكولوس", "NAME_BN": "ভিলানকুলোস", "NAME_EL": "Βιλανκούλος", "NAME_HI": "विलैनक्यूलोस", "NAME_HU": "Vilanculos", "NAME_ID": "Vilanculos", "NAME_IT": "Vilankulo", "NAME_JA": "ヴィランクーロ", "NAME_KO": "빌란쿨로스", "NAME_NL": "Vilankulo", "NAME_PL": "Vilankulo", "NAME_SV": "Vilanculos", "NAME_TR": "Vilanculos", "NAME_VI": "Vilanculos", "NE_ID": 1159136999, "NAME_FA": "ویلانکولو", "NAME_HE": "וילנקולוס", "NAME_UK": "Віланкулос", "NAME_UR": "ویلانکیولس", "NAME_ZHT": "維蘭庫洛", "GEONAMESID": 1024683, "FCLASS_ISO": null, "FCLASS_US": null, "FCLASS_FR": null, "FCLASS_RU": null, "FCLASS_ES": null, "FCLASS_CN": null, "FCLASS_TW": null, "FCLASS_IN": null, "FCLASS_NP": null, "FCLASS_PK": null, "FCLASS_DE": null, "FCLASS_GB": null, "FCLASS_BR": null, "FCLASS_IL": null, "FCLASS_PS": null, "FCLASS_SA": null, "FCLASS_EG": null, "FCLASS_MA": null, "FCLASS_PT": null, "FCLASS_AR": null, "FCLASS_JP": null, "FCLASS_KO": null, "FCLASS_VN": null, "FCLASS_TR": null, "FCLASS_ID": null, "FCLASS_PL": null, "FCLASS_GR": null, "FCLASS_IT": null, "FCLASS_NL": null, "FCLASS_SE": null, "FCLASS_BD": null, "FCLASS_UA": null, "FCLASS_TLC": null}, "bbox": [35.316593, -21.99955, 35.316593, -21.99955], "geometry": {"type": "Point", "coordinates": [35.316593, -21.99955]}}, {"type": "Feature", "properties": {"SCALERANK": 7, "NATSCALE": 20, "LABELRANK": 3, "FEATURECLA": "Populated place", "NAME": "Cradock", "NAMEPAR": null, "NAMEALT": null, "NAMEASCII": "Cradock", "ADM0CAP": 0, "CAPIN": null, "WORLDCITY": 0, "MEGACITY": 0, "SOV0NAME": "South Africa", "SOV_A3": "ZAF", "ADM0NAME": "South Africa", "ADM0_A3": "ZAF", "ADM1NAME": "Eastern Cape", "ISO_A2": "ZA", "NOTE": null, "LATITUDE": -32.199548, "LONGITUDE": 25.610002, "POP_MAX": 32898, "POP_MIN": 32898, "POP_OTHER": 0, "RANK_MAX": 7, "RANK_MIN": 7, "MEGANAME": null, "LS_NAME": "Cradock", "MAX_POP10": 0, "MAX_POP20": 0, "MAX_POP50": 0, "MAX_POP300": 0, "MAX_POP310": 0, "MAX_NATSCA": 0, "MIN_AREAKM": 0, "MAX_AREAKM": 0, "MIN_AREAMI": 0, "MAX_AREAMI": 0, "MIN_PERKM": 0, "MAX_PERKM": 0, "MIN_PERMI": 0, "MAX_PERMI": 0, "MIN_BBXMIN": 0, "MAX_BBXMIN": 0, "MIN_BBXMAX": 0, "MAX_BBXMAX": 0, "MIN_BBYMIN": 0, "MAX_BBYMIN": 0, "MIN_BBYMAX": 0, "MAX_BBYMAX": 0, "MEAN_BBXC": 0, "MEAN_BBYC": 0, "TIMEZONE": "Africa/Johannesburg", "UN_FID": 0, "POP1950": 0, "POP1955": 0, "POP1960": 0, "POP1965": 0, "POP1970": 0, "POP1975": 0, "POP1980": 0, "POP1985": 0, "POP1990": 0, "POP1995": 0, "POP2000": 0, "POP2005": 0, "POP2010": 0, "POP2015": 0, "POP2020": 0, "POP2025": 0, "POP2050": 0, "MIN_ZOOM": 6.7, "WIKIDATAID": "Q1138465", "WOF_ID": 1141907209, "CAPALT": 0, "NAME_EN": "Cradock", "NAME_DE": "Cradock", "NAME_ES": "Cradock", "NAME_FR": "Cradock", "NAME_PT": "Cradock", "NAME_RU": "Крэдок", "NAME_ZH": "克拉多克", "LABEL": null, "NAME_AR": "كاردوك", "NAME_BN": "ক্র্যাডক", "NAME_EL": "Κραντόκ", "NAME_HI": "क्रादोक", "NAME_HU": "Cradock", "NAME_ID": "Cradock", "NAME_IT": "Cradock", "NAME_JA": "クラドック", "NAME_KO": "크래독", "NAME_NL": "Cradock", "NAME_PL": "Cradock", "NAME_SV": "Cradock", "NAME_TR": "Cradock", "NAME_VI": "Cradock", "NE_ID": 1159137005, "NAME_FA": "کرادوک", "NAME_HE": "קראדוק", "NAME_UK": "Кредок", "NAME_UR": "کارڈوک", "NAME_ZHT": "克拉多克", "GEONAMESID": 1012600, "FCLASS_ISO": null, "FCLASS_US": null, "FCLASS_FR": null, "FCLASS_RU": null, "FCLASS_ES": null, "FCLASS_CN": null, "FCLASS_TW": null, "FCLASS_IN": null, "FCLASS_NP": null, "FCLASS_PK": null, "FCLASS_DE": null, "FCLASS_GB": null, "FCLASS_BR": null, "FCLASS_IL": null, "FCLASS_PS": null, "FCLASS_SA": null, "FCLASS_EG": null, "FCLASS_MA": null, "FCLASS_PT": null, "FCLASS_AR": null, "FCLASS_JP": null, "FCLASS_KO": null, "FCLASS_VN": null, "FCLASS_TR": null, "FCLASS_ID": null, "FCLASS_PL": null, "FCLASS_GR": null, "FCLASS_IT": null, "FCLASS_NL": null, "FCLASS_SE": null, "FCLASS_BD": null, "FCLASS_UA": null, "FCLASS_TLC": null}, "bbox": [25.610002, -32.199548, 25.610002, -32.199548], "geometry": {"type": "Point", "coordinates": [25.610002, -32.199548]}}, {"type": "Feature", "properties": {"SCALERANK": 7, "NATSCALE": 20, "LABELRANK": 3, "FEATURECLA": "Populated place", "NAME": "Uitenhage", "NAMEPAR": null, "NAMEALT": null, "NAMEASCII": "Uitenhage", "ADM0CAP": 0, "CAPIN": null, "WORLDCITY": 0, "MEGACITY": 0, "SOV0NAME": "South Africa", "SOV_A3": "ZAF", "ADM0NAME": "South Africa", "ADM0_A3": "ZAF", "ADM1NAME": "Eastern Cape", "ISO_A2": "ZA", "NOTE": null, "LATITUDE": -33.759607, "LONGITUDE": 25.390016, "POP_MAX": 228912, "POP_MIN": 206766, "POP_OTHER": 205099, "RANK_MAX": 10, "RANK_MIN": 10, "MEGANAME": null, "LS_NAME": "Uitenhage", "MAX_POP10": 206766, "MAX_POP20": 0, "MAX_POP50": 0, "MAX_POP300": 0, "MAX_POP310": 0, "MAX_NATSCA": 10, "MIN_AREAKM": 70, "MAX_AREAKM": 70, "MIN_AREAMI": 27, "MAX_AREAMI": 27, "MIN_PERKM": 73, "MAX_PERKM": 73, "MIN_PERMI": 46, "MAX_PERMI": 46, "MIN_BBXMIN": 25.358333, "MAX_BBXMIN": 25.358333, "MIN_BBXMAX": 25.491667, "MAX_BBXMAX": 25.491667, "MIN_BBYMIN": -33.825, "MAX_BBYMIN": -33.825, "MIN_BBYMAX": -33.725, "MAX_BBYMAX": -33.725, "MEAN_BBXC": 25.416922, "MEAN_BBYC": -33.774745, "TIMEZONE": "Africa/Johannesburg", "UN_FID": 0, "POP1950": 0, "POP1955": 0, "POP1960": 0, "POP1965": 0, "POP1970": 0, "POP1975": 0, "POP1980": 0, "POP1985": 0, "POP1990": 0, "POP1995": 0, "POP2000": 0, "POP2005": 0, "POP2010": 0, "POP2015": 0, "POP2020": 0, "POP2025": 0, "POP2050": 0, "MIN_ZOOM": 6.7, "WIKIDATAID": "Q1020192", "WOF_ID": 101929245, "CAPALT": 0, "NAME_EN": "Uitenhage", "NAME_DE": "Kariega", "NAME_ES": "Uitenhage", "NAME_FR": "Uitenhage", "NAME_PT": "Uitenhage", "NAME_RU": "Эйтенхахе", "NAME_ZH": "尤丹赫支", "LABEL": null, "NAME_AR": "يوتينهاغ", "NAME_BN": "উইতেনহ্যাগ", "NAME_EL": "Ουτενγάγε", "NAME_HI": "यूटेनहेज", "NAME_HU": "Uitenhage", "NAME_ID": "Uitenhage", "NAME_IT": "Uitenhage", "NAME_JA": "オイテンハーヘ", "NAME_KO": "위텐하게", "NAME_NL": "Uitenhage", "NAME_PL": "Uitenhage", "NAME_SV": "Uitenhage", "NAME_TR": "Uitenhage", "NAME_VI": "Uitenhage", "NE_ID": 1159137011, "NAME_FA": "اویتنهاگ", "NAME_HE": "וויטנחאג", "NAME_UK": "Ейтенхахе", "NAME_UR": "یوئیٹنہیگی", "NAME_ZHT": "尤丹赫支", "GEONAMESID": 946877, "FCLASS_ISO": null, "FCLASS_US": null, "FCLASS_FR": null, "FCLASS_RU": null, "FCLASS_ES": null, "FCLASS_CN": null, "FCLASS_TW": null, "FCLASS_IN": null, "FCLASS_NP": null, "FCLASS_PK": null, "FCLASS_DE": null, "FCLASS_GB": null, "FCLASS_BR": null, "FCLASS_IL": null, "FCLASS_PS": null, "FCLASS_SA": null, "FCLASS_EG": null, "FCLASS_MA": null, "FCLASS_PT": null, "FCLASS_AR": null, "FCLASS_JP": null, "FCLASS_KO": null, "FCLASS_VN": null, "FCLASS_TR": null, "FCLASS_ID": null, "FCLASS_PL": null, "FCLASS_GR": null, "FCLASS_IT": null, "FCLASS_NL": null, "FCLASS_SE": null, "FCLASS_BD": null, "FCLASS_UA": null, "FCLASS_TLC": null}, "bbox": [25.390016, -33.759607, 25.390016, -33.759607], "geometry": {"type": "Point", "coordinates": [25.390016, -33.759607]}}, {"type": "Feature", "properties": {"SCALERANK": 7, "NATSCALE": 20, "LABELRANK": 3, "FEATURECLA": "Populated place", "NAME": "Port Alfred", "NAMEPAR": null, "NAMEALT": null, "NAMEASCII": "Port Alfred", "ADM0CAP": 0, "CAPIN": null, "WORLDCITY": 0, "MEGACITY": 0, "SOV0NAME": "South Africa", "SOV_A3": "ZAF", "ADM0NAME": "South Africa", "ADM0_A3": "ZAF", "ADM1NAME": "Eastern Cape", "ISO_A2": "ZA", "NOTE": null, "LATITUDE": -33.599514, "LONGITUDE": 26.880002, "POP_MAX": 17959, "POP_MIN": 795, "POP_OTHER": 0, "RANK_MAX": 6, "RANK_MIN": 2, "MEGANAME": null, "LS_NAME": "Port Alfred", "MAX_POP10": 795, "MAX_POP20": 795, "MAX_POP50": 0, "MAX_POP300": 0, "MAX_POP310": 0, "MAX_NATSCA": 20, "MIN_AREAKM": 1, "MAX_AREAKM": 1, "MIN_AREAMI": 0, "MAX_AREAMI": 0, "MIN_PERKM": 3, "MAX_PERKM": 3, "MIN_PERMI": 2, "MAX_PERMI": 2, "MIN_BBXMIN": 26.875, "MAX_BBXMIN": 26.875, "MIN_BBXMAX": 26.883333, "MAX_BBXMAX": 26.883333, "MIN_BBYMIN": -33.608333, "MAX_BBYMIN": -33.608333, "MIN_BBYMAX": -33.6, "MAX_BBYMAX": -33.6, "MEAN_BBXC": 26.879167, "MEAN_BBYC": -33.604167, "TIMEZONE": "Africa/Johannesburg", "UN_FID": 0, "POP1950": 0, "POP1955": 0, "POP1960": 0, "POP1965": 0, "POP1970": 0, "POP1975": 0, "POP1980": 0, "POP1985": 0, "POP1990": 0, "POP1995": 0, "POP2000": 0, "POP2005": 0, "POP2010": 0, "POP2015": 0, "POP2020": 0, "POP2025": 0, "POP2050": 0, "MIN_ZOOM": 6.7, "WIKIDATAID": "Q1693203", "WOF_ID": 101929235, "CAPALT": 0, "NAME_EN": "Port Alfred", "NAME_DE": "Port Alfred", "NAME_ES": "Port Alfred", "NAME_FR": "Port Alfred", "NAME_PT": "Port Alfred", "NAME_RU": "Порт-Альфред", "NAME_ZH": "艾尔弗雷德港", "LABEL": null, "NAME_AR": "ميناء بورت ألفريد", "NAME_BN": "পোর্ট আলফ্রেড", "NAME_EL": "Πορτ Άλφρεντ", "NAME_HI": "पोर्ट अलफ़्रेड", "NAME_HU": "Port Alfred", "NAME_ID": "Port Alfred", "NAME_IT": "Port Alfred", "NAME_JA": "ポート・アルフレッド", "NAME_KO": "포트 알프레드", "NAME_NL": "Port Alfred", "NAME_PL": "Port Alfred", "NAME_SV": "Port Alfred", "NAME_TR": "Port Alfred", "NAME_VI": "Port Alfred", "NE_ID": 1159137015, "NAME_FA": "پورت آلفرد", "NAME_HE": "פורט אלפרד", "NAME_UK": "Порт-Альфред", "NAME_UR": "پورٹ الفریڈ", "NAME_ZHT": "艾尔弗雷德港", "GEONAMESID": 964432, "FCLASS_ISO": null, "FCLASS_US": null, "FCLASS_FR": null, "FCLASS_RU": null, "FCLASS_ES": null, "FCLASS_CN": null, "FCLASS_TW": null, "FCLASS_IN": null, "FCLASS_NP": null, "FCLASS_PK": null, "FCLASS_DE": null, "FCLASS_GB": null, "FCLASS_BR": null, "FCLASS_IL": null, "FCLASS_PS": null, "FCLASS_SA": null, "FCLASS_EG": null, "FCLASS_MA": null, "FCLASS_PT": null, "FCLASS_AR": null, "FCLASS_JP": null, "FCLASS_KO": null, "FCLASS_VN": null, "FCLASS_TR": null, "FCLASS_ID": null, "FCLASS_PL": null, "FCLASS_GR": null, "FCLASS_IT": null, "FCLASS_NL": null, "FCLASS_SE": null, "FCLASS_BD": null, "FCLASS_UA": null, "FCLASS_TLC": null}, "bbox": [26.880002, -33.599514, 26.880002, -33.599514], "geometry": {"type": "Point", "coordinates": [26.880002, -33.599514]}}, {"type": "Feature", "properties": {"SCALERANK": 7, "NATSCALE": 20, "LABELRANK": 3, "FEATURECLA": "Populated place", "NAME": "Grahamstown", "NAMEPAR": null, "NAMEALT": null, "NAMEASCII": "Grahamstown", "ADM0CAP": 0, "CAPIN": null, "WORLDCITY": 0, "MEGACITY": 0, "SOV0NAME": "South Africa", "SOV_A3": "ZAF", "ADM0NAME": "South Africa", "ADM0_A3": "ZAF", "ADM1NAME": "Eastern Cape", "ISO_A2": "ZA", "NOTE": null, "LATITUDE": -33.299584, "LONGITUDE": 26.520024, "POP_MAX": 91548, "POP_MIN": 49083, "POP_OTHER": 49083, "RANK_MAX": 8, "RANK_MIN": 7, "MEGANAME": null, "LS_NAME": "Grahamstown", "MAX_POP10": 49083, "MAX_POP20": 49083, "MAX_POP50": 0, "MAX_POP300": 0, "MAX_POP310": 0, "MAX_NATSCA": 20, "MIN_AREAKM": 24, "MAX_AREAKM": 24, "MIN_AREAMI": 9, "MAX_AREAMI": 9, "MIN_PERKM": 29, "MAX_PERKM": 29, "MIN_PERMI": 18, "MAX_PERMI": 18, "MIN_BBXMIN": 26.5, "MAX_BBXMIN": 26.5, "MIN_BBXMAX": 26.583333, "MAX_BBXMAX": 26.583333, "MIN_BBYMIN": -33.325, "MAX_BBYMIN": -33.325, "MIN_BBYMAX": -33.275, "MAX_BBYMAX": -33.275, "MEAN_BBXC": 26.537745, "MEAN_BBYC": -33.302696, "TIMEZONE": "Africa/Johannesburg", "UN_FID": 0, "POP1950": 0, "POP1955": 0, "POP1960": 0, "POP1965": 0, "POP1970": 0, "POP1975": 0, "POP1980": 0, "POP1985": 0, "POP1990": 0, "POP1995": 0, "POP2000": 0, "POP2005": 0, "POP2010": 0, "POP2015": 0, "POP2020": 0, "POP2025": 0, "POP2050": 0, "MIN_ZOOM": 6.7, "WIKIDATAID": "Q951161", "WOF_ID": 101929223, "CAPALT": 0, "NAME_EN": "Makhanda", "NAME_DE": "Grahamstown", "NAME_ES": "Grahamstown", "NAME_FR": "Grahamstown", "NAME_PT": "Grahamstown", "NAME_RU": "Грейамстаун", "NAME_ZH": "格拉罕镇", "LABEL": null, "NAME_AR": "غراهامستاون", "NAME_BN": "গ্রাহামসটাউন", "NAME_EL": "Γκραχαμστάουν", "NAME_HI": "ग्राहमस्टाउन", "NAME_HU": "Grahamstown", "NAME_ID": "Grahamstown", "NAME_IT": "Makhanda", "NAME_JA": "グラハムズタウン", "NAME_KO": "그레이엄스타운", "NAME_NL": "Grahamstad", "NAME_PL": "Grahamstown", "NAME_SV": "Grahamstown", "NAME_TR": "Grahamstown", "NAME_VI": "Grahamstown", "NE_ID": 1159137019, "NAME_FA": "گراهامزتون", "NAME_HE": "גרהמסטאון", "NAME_UK": "Гремстаун", "NAME_UR": "گراہمز ٹاؤن", "NAME_ZHT": "格拉罕鎮", "GEONAMESID": 1000501, "FCLASS_ISO": null, "FCLASS_US": null, "FCLASS_FR": null, "FCLASS_RU": null, "FCLASS_ES": null, "FCLASS_CN": null, "FCLASS_TW": null, "FCLASS_IN": null, "FCLASS_NP": null, "FCLASS_PK": null, "FCLASS_DE": null, "FCLASS_GB": null, "FCLASS_BR": null, "FCLASS_IL": null, "FCLASS_PS": null, "FCLASS_SA": null, "FCLASS_EG": null, "FCLASS_MA": null, "FCLASS_PT": null, "FCLASS_AR": null, "FCLASS_JP": null, "FCLASS_KO": null, "FCLASS_VN": null, "FCLASS_TR": null, "FCLASS_ID": null, "FCLASS_PL": null, "FCLASS_GR": null, "FCLASS_IT": null, "FCLASS_NL": null, "FCLASS_SE": null, "FCLASS_BD": null, "FCLASS_UA": null, "FCLASS_TLC": null}, "bbox": [26.520024, -33.299584, 26.520024, -33.299584], "geometry": {"type": "Point", "coordinates": [26.520024, -33.299584]}}, {"type": "Feature", "properties": {"SCALERANK": 7, "NATSCALE": 20, "LABELRANK": 3, "FEATURECLA": "Populated place", "NAME": "Port St. Johns", "NAMEPAR": null, "NAMEALT": null, "NAMEASCII": "Port St. Johns", "ADM0CAP": 0, "CAPIN": null, "WORLDCITY": 0, "MEGACITY": 0, "SOV0NAME": "South Africa", "SOV_A3": "ZAF", "ADM0NAME": "South Africa", "ADM0_A3": "ZAF", "ADM1NAME": "Eastern Cape", "ISO_A2": "ZA", "NOTE": null, "LATITUDE": -31.627851, "LONGITUDE": 29.528316, "POP_MAX": 5939, "POP_MIN": 5939, "POP_OTHER": 0, "RANK_MAX": 5, "RANK_MIN": 5, "MEGANAME": null, "LS_NAME": "Port St. Johns", "MAX_POP10": 0, "MAX_POP20": 0, "MAX_POP50": 0, "MAX_POP300": 0, "MAX_POP310": 0, "MAX_NATSCA": 0, "MIN_AREAKM": 0, "MAX_AREAKM": 0, "MIN_AREAMI": 0, "MAX_AREAMI": 0, "MIN_PERKM": 0, "MAX_PERKM": 0, "MIN_PERMI": 0, "MAX_PERMI": 0, "MIN_BBXMIN": 0, "MAX_BBXMIN": 0, "MIN_BBXMAX": 0, "MAX_BBXMAX": 0, "MIN_BBYMIN": 0, "MAX_BBYMIN": 0, "MIN_BBYMAX": 0, "MAX_BBYMAX": 0, "MEAN_BBXC": 0, "MEAN_BBYC": 0, "TIMEZONE": "Africa/Johannesburg", "UN_FID": 0, "POP1950": 0, "POP1955": 0, "POP1960": 0, "POP1965": 0, "POP1970": 0, "POP1975": 0, "POP1980": 0, "POP1985": 0, "POP1990": 0, "POP1995": 0, "POP2000": 0, "POP2005": 0, "POP2010": 0, "POP2015": 0, "POP2020": 0, "POP2025": 0, "POP2050": 0, "MIN_ZOOM": 6.7, "WIKIDATAID": "Q2604557", "WOF_ID": 101928693, "CAPALT": 0, "NAME_EN": "Port St Johns", "NAME_DE": "Port St. Johns", "NAME_ES": "Port St. Johns", "NAME_FR": "Port St Johns", "NAME_PT": "Port St Johns", "NAME_RU": "Порт-Сент-Джонс", "NAME_ZH": "圣约翰斯港", "LABEL": null, "NAME_AR": "ميناء سانت جونز", "NAME_BN": "পোর্ট সেন্ট জন্স", "NAME_EL": "Πορτ Σέιντ Τζονς", "NAME_HI": "पोर्ट सेंट जॉन्स", "NAME_HU": "Port St. Johns", "NAME_ID": "Port St. Johns", "NAME_IT": "Port St Johns", "NAME_JA": "ポート・セント・ジョンズ", "NAME_KO": "포트 세인트 존스", "NAME_NL": "Port St Johns", "NAME_PL": "Port St Johns", "NAME_SV": "Port St. Johns", "NAME_TR": "Port St. Johns", "NAME_VI": "Port St. Johns", "NE_ID": 1159137023, "NAME_FA": "پورت استی جانز", "NAME_HE": "פורט סנט ג'ונס", "NAME_UK": "Порт-Сент-Джонс", "NAME_UR": "پورٹ سینٹ جونز", "NAME_ZHT": "聖約翰斯港", "GEONAMESID": 964408, "FCLASS_ISO": null, "FCLASS_US": null, "FCLASS_FR": null, "FCLASS_RU": null, "FCLASS_ES": null, "FCLASS_CN": null, "FCLASS_TW": null, "FCLASS_IN": null, "FCLASS_NP": null, "FCLASS_PK": null, "FCLASS_DE": null, "FCLASS_GB": null, "FCLASS_BR": null, "FCLASS_IL": null, "FCLASS_PS": null, "FCLASS_SA": null, "FCLASS_EG": null, "FCLASS_MA": null, "FCLASS_PT": null, "FCLASS_AR": null, "FCLASS_JP": null, "FCLASS_KO": null, "FCLASS_VN": null, "FCLASS_TR": null, "FCLASS_ID": null, "FCLASS_PL": null, "FCLASS_GR": null, "FCLASS_IT": null, "FCLASS_NL": null, "FCLASS_SE": null, "FCLASS_BD": null, "FCLASS_UA": null, "FCLASS_TLC": null}, "bbox": [29.528316, -31.627851, 29.528316, -31.627851], "geometry": {"type": "Point", "coordinates": [29.528316, -31.627851]}}, {"type": "Feature", "properties": {"SCALERANK": 7, "NATSCALE": 20, "LABELRANK": 3, "FEATURECLA": "Populated place", "NAME": "Aliwal North", "NAMEPAR": null, "NAMEALT": null, "NAMEASCII": "Aliwal North", "ADM0CAP": 0, "CAPIN": null, "WORLDCITY": 0, "MEGACITY": 0, "SOV0NAME": "South Africa", "SOV_A3": "ZAF", "ADM0NAME": "South Africa", "ADM0_A3": "ZAF", "ADM1NAME": "Eastern Cape", "ISO_A2": "ZA", "NOTE": null, "LATITUDE": -30.689562, "LONGITUDE": 26.710039, "POP_MAX": 44436, "POP_MIN": 8410, "POP_OTHER": 8410, "RANK_MAX": 7, "RANK_MIN": 5, "MEGANAME": null, "LS_NAME": "Aliwal North", "MAX_POP10": 8410, "MAX_POP20": 0, "MAX_POP50": 0, "MAX_POP300": 0, "MAX_POP310": 0, "MAX_NATSCA": 10, "MIN_AREAKM": 9, "MAX_AREAKM": 9, "MIN_AREAMI": 3, "MAX_AREAMI": 3, "MIN_PERKM": 17, "MAX_PERKM": 17, "MIN_PERMI": 11, "MAX_PERMI": 11, "MIN_BBXMIN": 26.691667, "MAX_BBXMIN": 26.691667, "MIN_BBXMAX": 26.733333, "MAX_BBXMAX": 26.733333, "MIN_BBYMIN": -30.725, "MAX_BBYMIN": -30.725, "MIN_BBYMAX": -30.683333, "MAX_BBYMAX": -30.683333, "MEAN_BBXC": 26.713889, "MEAN_BBYC": -30.697222, "TIMEZONE": "Africa/Johannesburg", "UN_FID": 0, "POP1950": 0, "POP1955": 0, "POP1960": 0, "POP1965": 0, "POP1970": 0, "POP1975": 0, "POP1980": 0, "POP1985": 0, "POP1990": 0, "POP1995": 0, "POP2000": 0, "POP2005": 0, "POP2010": 0, "POP2015": 0, "POP2020": 0, "POP2025": 0, "POP2050": 0, "MIN_ZOOM": 6.7, "WIKIDATAID": "Q2143142", "WOF_ID": 101928353, "CAPALT": 0, "NAME_EN": "Aliwal North", "NAME_DE": "Aliwal North", "NAME_ES": "Aliwal North", "NAME_FR": "Aliwal North", "NAME_PT": "Aliwal North", "NAME_RU": "Аливаль-Норт", "NAME_ZH": "北阿利瓦尔", "LABEL": null, "NAME_AR": "أليوال نورث", "NAME_BN": "আলিওয়াল নর্থ", "NAME_EL": "Αλιβάλ Νορθ", "NAME_HI": "आलिवाल नार्थ", "NAME_HU": "Aliwal North", "NAME_ID": "Aliwal Utara", "NAME_IT": "Aliwal North", "NAME_JA": "アリワル・ノース", "NAME_KO": "알리왈 노스", "NAME_NL": "Aliwal-Noord", "NAME_PL": "Aliwal North", "NAME_SV": "Aliwal North", "NAME_TR": "Aliwal North", "NAME_VI": "Aliwal North", "NE_ID": 1159137029, "NAME_FA": "آلیوال شمال", "NAME_HE": "אליוואל נורת'", "NAME_UK": "Алівал-Норт", "NAME_UR": "الیوال نارتھ", "NAME_ZHT": "北阿利瓦爾", "GEONAMESID": 1023309, "FCLASS_ISO": null, "FCLASS_US": null, "FCLASS_FR": null, "FCLASS_RU": null, "FCLASS_ES": null, "FCLASS_CN": null, "FCLASS_TW": null, "FCLASS_IN": null, "FCLASS_NP": null, "FCLASS_PK": null, "FCLASS_DE": null, "FCLASS_GB": null, "FCLASS_BR": null, "FCLASS_IL": null, "FCLASS_PS": null, "FCLASS_SA": null, "FCLASS_EG": null, "FCLASS_MA": null, "FCLASS_PT": null, "FCLASS_AR": null, "FCLASS_JP": null, "FCLASS_KO": null, "FCLASS_VN": null, "FCLASS_TR": null, "FCLASS_ID": null, "FCLASS_PL": null, "FCLASS_GR": null, "FCLASS_IT": null, "FCLASS_NL": null, "FCLASS_SE": null, "FCLASS_BD": null, "FCLASS_UA": null, "FCLASS_TLC": null}, "bbox": [26.710039, -30.689562, 26.710039, -30.689562], "geometry": {"type": "Point", "coordinates": [26.710039, -30.689562]}}, {"type": "Feature", "properties": {"SCALERANK": 7, "NATSCALE": 20, "LABELRANK": 3, "FEATURECLA": "Populated place", "NAME": "Queenstown", "NAMEPAR": null, "NAMEALT": null, "NAMEASCII": "Queenstown", "ADM0CAP": 0, "CAPIN": null, "WORLDCITY": 0, "MEGACITY": 0, "SOV0NAME": "South Africa", "SOV_A3": "ZAF", "ADM0NAME": "South Africa", "ADM0_A3": "ZAF", "ADM1NAME": "Eastern Cape", "ISO_A2": "ZA", "NOTE": null, "LATITUDE": -31.899618, "LONGITUDE": 26.880002, "POP_MAX": 105309, "POP_MIN": 87240, "POP_OTHER": 964, "RANK_MAX": 9, "RANK_MIN": 8, "MEGANAME": null, "LS_NAME": "Queenstown1", "MAX_POP10": 87240, "MAX_POP20": 87240, "MAX_POP50": 0, "MAX_POP300": 0, "MAX_POP310": 0, "MAX_NATSCA": 20, "MIN_AREAKM": 20, "MAX_AREAKM": 20, "MIN_AREAMI": 8, "MAX_AREAMI": 8, "MIN_PERKM": 28, "MAX_PERKM": 28, "MIN_PERMI": 17, "MAX_PERMI": 17, "MIN_BBXMIN": 26.85, "MAX_BBXMIN": 26.85, "MIN_BBXMAX": 26.916667, "MAX_BBXMAX": 26.916667, "MIN_BBYMIN": -31.933333, "MAX_BBYMIN": -31.933333, "MIN_BBYMAX": -31.875, "MAX_BBYMAX": -31.875, "MEAN_BBXC": 26.875298, "MEAN_BBYC": -31.902381, "TIMEZONE": "Africa/Johannesburg", "UN_FID": 0, "POP1950": 0, "POP1955": 0, "POP1960": 0, "POP1965": 0, "POP1970": 0, "POP1975": 0, "POP1980": 0, "POP1985": 0, "POP1990": 0, "POP1995": 0, "POP2000": 0, "POP2005": 0, "POP2010": 0, "POP2015": 0, "POP2020": 0, "POP2025": 0, "POP2050": 0, "MIN_ZOOM": 6.7, "WIKIDATAID": "Q610600", "WOF_ID": 101928845, "CAPALT": 0, "NAME_EN": "Queenstown", "NAME_DE": "Queenstown", "NAME_ES": "Queenstown", "NAME_FR": "Queenstown", "NAME_PT": "Queenstown", "NAME_RU": "Квинстаун", "NAME_ZH": "昆士敦", "LABEL": null, "NAME_AR": "كوينزتاون", "NAME_BN": "ক্যুইন্সটাউন", "NAME_EL": "Κουίνσταουν", "NAME_HI": "क्वींसटाउन", "NAME_HU": "Queenstown", "NAME_ID": "Queenstown", "NAME_IT": "Queenstown", "NAME_JA": "クィーンズタウン", "NAME_KO": "퀸즈타운", "NAME_NL": "Queenstown", "NAME_PL": "Queenstown", "NAME_SV": "Komani", "NAME_TR": "Queenstown", "NAME_VI": "Queenstown", "NE_ID": 1159137033, "NAME_FA": "کوئینز تون", "NAME_HE": "קווינסטאון", "NAME_UK": "Квінстаун", "NAME_UR": "کوئینز ٹاؤن", "NAME_ZHT": "昆士敦", "GEONAMESID": 963516, "FCLASS_ISO": null, "FCLASS_US": null, "FCLASS_FR": null, "FCLASS_RU": null, "FCLASS_ES": null, "FCLASS_CN": null, "FCLASS_TW": null, "FCLASS_IN": null, "FCLASS_NP": null, "FCLASS_PK": null, "FCLASS_DE": null, "FCLASS_GB": null, "FCLASS_BR": null, "FCLASS_IL": null, "FCLASS_PS": null, "FCLASS_SA": null, "FCLASS_EG": null, "FCLASS_MA": null, "FCLASS_PT": null, "FCLASS_AR": null, "FCLASS_JP": null, "FCLASS_KO": null, "FCLASS_VN": null, "FCLASS_TR": null, "FCLASS_ID": null, "FCLASS_PL": null, "FCLASS_GR": null, "FCLASS_IT": null, "FCLASS_NL": null, "FCLASS_SE": null, "FCLASS_BD": null, "FCLASS_UA": null, "FCLASS_TLC": null}, "bbox": [26.880002, -31.899618, 26.880002, -31.899618], "geometry": {"type": "Point", "coordinates": [26.880002, -31.899618]}}, {"type": "Feature", "properties": {"SCALERANK": 7, "NATSCALE": 20, "LABELRANK": 6, "FEATURECLA": "Populated place", "NAME": "Matola", "NAMEPAR": null, "NAMEALT": null, "NAMEASCII": "Matola", "ADM0CAP": 0, "CAPIN": null, "WORLDCITY": 0, "MEGACITY": 0, "SOV0NAME": "Mozambique", "SOV_A3": "MOZ", "ADM0NAME": "Mozambique", "ADM0_A3": "MOZ", "ADM1NAME": "Maputo", "ISO_A2": "MZ", "NOTE": null, "LATITUDE": -25.969592, "LONGITUDE": 32.460024, "POP_MAX": 543907, "POP_MIN": 462829, "POP_OTHER": 458391, "RANK_MAX": 11, "RANK_MIN": 10, "MEGANAME": null, "LS_NAME": "Matola", "MAX_POP10": 462829, "MAX_POP20": 0, "MAX_POP50": 0, "MAX_POP300": 0, "MAX_POP310": 0, "MAX_NATSCA": 10, "MIN_AREAKM": 126, "MAX_AREAKM": 126, "MIN_AREAMI": 49, "MAX_AREAMI": 49, "MIN_PERKM": 95, "MAX_PERKM": 95, "MIN_PERMI": 59, "MAX_PERMI": 59, "MIN_BBXMIN": 32.425, "MAX_BBXMIN": 32.425, "MIN_BBXMAX": 32.520291, "MAX_BBXMAX": 32.520291, "MIN_BBYMIN": -25.991667, "MAX_BBYMIN": -25.991667, "MIN_BBYMAX": -25.783333, "MAX_BBYMAX": -25.783333, "MEAN_BBXC": 32.472025, "MEAN_BBYC": -25.889167, "TIMEZONE": "Africa/Maputo", "UN_FID": 0, "POP1950": 0, "POP1955": 0, "POP1960": 0, "POP1965": 0, "POP1970": 0, "POP1975": 0, "POP1980": 0, "POP1985": 0, "POP1990": 0, "POP1995": 0, "POP2000": 0, "POP2005": 0, "POP2010": 0, "POP2015": 0, "POP2020": 0, "POP2025": 0, "POP2050": 0, "MIN_ZOOM": 6.7, "WIKIDATAID": "Q109949", "WOF_ID": 421168789, "CAPALT": 0, "NAME_EN": "Matola", "NAME_DE": "Matola", "NAME_ES": "Matola", "NAME_FR": "Matola", "NAME_PT": "Matola", "NAME_RU": "Матола", "NAME_ZH": "马托拉", "LABEL": null, "NAME_AR": "ماتولا", "NAME_BN": "মাতোলা", "NAME_EL": "Μάτολα", "NAME_HI": "मटोला", "NAME_HU": "Matola", "NAME_ID": "Matola", "NAME_IT": "Matola", "NAME_JA": "マトラ", "NAME_KO": "마톨라", "NAME_NL": "Matola", "NAME_PL": "Matola", "NAME_SV": "Matola", "NAME_TR": "Matola", "NAME_VI": "Matola", "NE_ID": 1159137037, "NAME_FA": "ماتولا", "NAME_HE": "מטולה", "NAME_UK": "Матола", "NAME_UR": "ماتولا", "NAME_ZHT": "馬托拉", "GEONAMESID": 1039854, "FCLASS_ISO": null, "FCLASS_US": null, "FCLASS_FR": null, "FCLASS_RU": null, "FCLASS_ES": null, "FCLASS_CN": null, "FCLASS_TW": null, "FCLASS_IN": null, "FCLASS_NP": null, "FCLASS_PK": null, "FCLASS_DE": null, "FCLASS_GB": null, "FCLASS_BR": null, "FCLASS_IL": null, "FCLASS_PS": null, "FCLASS_SA": null, "FCLASS_EG": null, "FCLASS_MA": null, "FCLASS_PT": null, "FCLASS_AR": null, "FCLASS_JP": null, "FCLASS_KO": null, "FCLASS_VN": null, "FCLASS_TR": null, "FCLASS_ID": null, "FCLASS_PL": null, "FCLASS_GR": null, "FCLASS_IT": null, "FCLASS_NL": null, "FCLASS_SE": null, "FCLASS_BD": null, "FCLASS_UA": null, "FCLASS_TLC": null}, "bbox": [32.460024, -25.969592, 32.460024, -25.969592], "geometry": {"type": "Point", "coordinates": [32.460024, -25.969592]}}, {"type": "Feature", "properties": {"SCALERANK": 7, "NATSCALE": 20, "LABELRANK": 6, "FEATURECLA": "Admin-1 capital", "NAME": "Karasburg", "NAMEPAR": null, "NAMEALT": null, "NAMEASCII": "Karasburg", "ADM0CAP": 0, "CAPIN": null, "WORLDCITY": 0, "MEGACITY": 0, "SOV0NAME": "Namibia", "SOV_A3": "NAM", "ADM0NAME": "Namibia", "ADM0_A3": "NAM", "ADM1NAME": "Karas", "ISO_A2": "NA", "NOTE": null, "LATITUDE": -28.019596, "LONGITUDE": 18.739983, "POP_MAX": 6054, "POP_MIN": 4089, "POP_OTHER": 0, "RANK_MAX": 5, "RANK_MIN": 4, "MEGANAME": null, "LS_NAME": "Karasburg", "MAX_POP10": 4089, "MAX_POP20": 0, "MAX_POP50": 0, "MAX_POP300": 0, "MAX_POP310": 0, "MAX_NATSCA": 10, "MIN_AREAKM": 3, "MAX_AREAKM": 3, "MIN_AREAMI": 1, "MAX_AREAMI": 1, "MIN_PERKM": 7, "MAX_PERKM": 7, "MIN_PERMI": 4, "MAX_PERMI": 4, "MIN_BBXMIN": 18.741667, "MAX_BBXMIN": 18.741667, "MIN_BBXMAX": 18.758333, "MAX_BBXMAX": 18.758333, "MIN_BBYMIN": -28.025, "MAX_BBYMIN": -28.025, "MIN_BBYMAX": -28.008333, "MAX_BBYMAX": -28.008333, "MEAN_BBXC": 18.75, "MEAN_BBYC": -28.016667, "TIMEZONE": "Africa/Windhoek", "UN_FID": 0, "POP1950": 0, "POP1955": 0, "POP1960": 0, "POP1965": 0, "POP1970": 0, "POP1975": 0, "POP1980": 0, "POP1985": 0, "POP1990": 0, "POP1995": 0, "POP2000": 0, "POP2005": 0, "POP2010": 0, "POP2015": 0, "POP2020": 0, "POP2025": 0, "POP2050": 0, "MIN_ZOOM": 6.7, "WIKIDATAID": "Q1003328", "WOF_ID": 421178309, "CAPALT": 0, "NAME_EN": "Karasburg", "NAME_DE": "Karasburg", "NAME_ES": "Karasburg", "NAME_FR": "Karasburg", "NAME_PT": "Karasburg", "NAME_RU": "Карасбург", "NAME_ZH": "卡拉斯堡", "LABEL": null, "NAME_AR": "كارازبورغ", "NAME_BN": "কারাসবুর্গ", "NAME_EL": "Καρασμπούργκ", "NAME_HI": "करासबर्ग", "NAME_HU": "Karasburg", "NAME_ID": "Karasburg", "NAME_IT": "Karasburg", "NAME_JA": "カラスバーグ", "NAME_KO": "카라스부르크", "NAME_NL": "Karasburg", "NAME_PL": "Karasburg", "NAME_SV": "Karasburg", "NAME_TR": "Karasburg", "NAME_VI": "Karasburg", "NE_ID": 1159139217, "NAME_FA": "کاراسبرگ", "NAME_HE": "רקסבורג", "NAME_UK": "Карасбург", "NAME_UR": "کاراسبرگ", "NAME_ZHT": "卡拉斯堡", "GEONAMESID": 3356343, "FCLASS_ISO": null, "FCLASS_US": null, "FCLASS_FR": null, "FCLASS_RU": null, "FCLASS_ES": null, "FCLASS_CN": null, "FCLASS_TW": null, "FCLASS_IN": null, "FCLASS_NP": null, "FCLASS_PK": null, "FCLASS_DE": null, "FCLASS_GB": null, "FCLASS_BR": null, "FCLASS_IL": null, "FCLASS_PS": null, "FCLASS_SA": null, "FCLASS_EG": null, "FCLASS_MA": null, "FCLASS_PT": null, "FCLASS_AR": null, "FCLASS_JP": null, "FCLASS_KO": null, "FCLASS_VN": null, "FCLASS_TR": null, "FCLASS_ID": null, "FCLASS_PL": null, "FCLASS_GR": null, "FCLASS_IT": null, "FCLASS_NL": null, "FCLASS_SE": null, "FCLASS_BD": null, "FCLASS_UA": null, "FCLASS_TLC": null}, "bbox": [18.739982, -28.019596, 18.739982, -28.019596], "geometry": {"type": "Point", "coordinates": [18.739982, -28.019596]}}, {"type": "Feature", "properties": {"SCALERANK": 7, "NATSCALE": 20, "LABELRANK": 6, "FEATURECLA": "Admin-1 capital", "NAME": "Bethanie", "NAMEPAR": null, "NAMEALT": "Bethanien", "NAMEASCII": "Bethanie", "ADM0CAP": 0, "CAPIN": null, "WORLDCITY": 0, "MEGACITY": 0, "SOV0NAME": "Namibia", "SOV_A3": "NAM", "ADM0NAME": "Namibia", "ADM0_A3": "NAM", "ADM1NAME": "Karas", "ISO_A2": "NA", "NOTE": null, "LATITUDE": -26.499534, "LONGITUDE": 17.150002, "POP_MAX": 10363, "POP_MIN": 5881, "POP_OTHER": 5881, "RANK_MAX": 6, "RANK_MIN": 5, "MEGANAME": null, "LS_NAME": "Bethanie", "MAX_POP10": 5881, "MAX_POP20": 5881, "MAX_POP50": 0, "MAX_POP300": 0, "MAX_POP310": 0, "MAX_NATSCA": 20, "MIN_AREAKM": 2, "MAX_AREAKM": 2, "MIN_AREAMI": 1, "MAX_AREAMI": 1, "MIN_PERKM": 7, "MAX_PERKM": 7, "MIN_PERMI": 4, "MAX_PERMI": 4, "MIN_BBXMIN": 17.141667, "MAX_BBXMIN": 17.141667, "MIN_BBXMAX": 17.166667, "MAX_BBXMAX": 17.166667, "MIN_BBYMIN": -26.5, "MAX_BBYMIN": -26.5, "MIN_BBYMAX": -26.491667, "MAX_BBYMAX": -26.491667, "MEAN_BBXC": 17.154167, "MEAN_BBYC": -26.495833, "TIMEZONE": "Africa/Windhoek", "UN_FID": 0, "POP1950": 0, "POP1955": 0, "POP1960": 0, "POP1965": 0, "POP1970": 0, "POP1975": 0, "POP1980": 0, "POP1985": 0, "POP1990": 0, "POP1995": 0, "POP2000": 0, "POP2005": 0, "POP2010": 0, "POP2015": 0, "POP2020": 0, "POP2025": 0, "POP2050": 0, "MIN_ZOOM": 6.7, "WIKIDATAID": "Q251677", "WOF_ID": 1141907477, "CAPALT": 0, "NAME_EN": "Bethanie", "NAME_DE": "Bethanien", "NAME_ES": "Bethanie", "NAME_FR": "Bethanie", "NAME_PT": "Bethanie", "NAME_RU": "Бетани", "NAME_ZH": "贝塔尼", "LABEL": null, "NAME_AR": "بيثاني", "NAME_BN": "বেথানিই", "NAME_EL": "Μπετάνι", "NAME_HI": "बेथनी", "NAME_HU": "Bethanie", "NAME_ID": "Bethanie", "NAME_IT": "Bethanien", "NAME_JA": "ベサニー", "NAME_KO": "베다니", "NAME_NL": "Bethanië", "NAME_PL": "Bethanien", "NAME_SV": "Bethanie", "NAME_TR": "Bethanie", "NAME_VI": "Bethanie", "NE_ID": 1159139221, "NAME_FA": "بتانی", "NAME_HE": "בטנייה", "NAME_UK": "Бетані", "NAME_UR": "بیتھانی", "NAME_ZHT": "貝塔尼", "GEONAMESID": 3358416, "FCLASS_ISO": null, "FCLASS_US": null, "FCLASS_FR": null, "FCLASS_RU": null, "FCLASS_ES": null, "FCLASS_CN": null, "FCLASS_TW": null, "FCLASS_IN": null, "FCLASS_NP": null, "FCLASS_PK": null, "FCLASS_DE": null, "FCLASS_GB": null, "FCLASS_BR": null, "FCLASS_IL": null, "FCLASS_PS": null, "FCLASS_SA": null, "FCLASS_EG": null, "FCLASS_MA": null, "FCLASS_PT": null, "FCLASS_AR": null, "FCLASS_JP": null, "FCLASS_KO": null, "FCLASS_VN": null, "FCLASS_TR": null, "FCLASS_ID": null, "FCLASS_PL": null, "FCLASS_GR": null, "FCLASS_IT": null, "FCLASS_NL": null, "FCLASS_SE": null, "FCLASS_BD": null, "FCLASS_UA": null, "FCLASS_TLC": null}, "bbox": [17.150002, -26.499534, 17.150002, -26.499534], "geometry": {"type": "Point", "coordinates": [17.150002, -26.499534]}}, {"type": "Feature", "properties": {"SCALERANK": 7, "NATSCALE": 20, "LABELRANK": 6, "FEATURECLA": "Populated place", "NAME": "Oranjemund", "NAMEPAR": null, "NAMEALT": null, "NAMEASCII": "Oranjemund", "ADM0CAP": 0, "CAPIN": null, "WORLDCITY": 0, "MEGACITY": 0, "SOV0NAME": "Namibia", "SOV_A3": "NAM", "ADM0NAME": "Namibia", "ADM0_A3": "NAM", "ADM1NAME": "Karas", "ISO_A2": "NA", "NOTE": null, "LATITUDE": -28.549486, "LONGITUDE": 16.429994, "POP_MAX": 8496, "POP_MIN": 5950, "POP_OTHER": 5950, "RANK_MAX": 5, "RANK_MIN": 5, "MEGANAME": null, "LS_NAME": "Oranjemund", "MAX_POP10": 5950, "MAX_POP20": 5950, "MAX_POP50": 0, "MAX_POP300": 0, "MAX_POP310": 0, "MAX_NATSCA": 20, "MIN_AREAKM": 2, "MAX_AREAKM": 2, "MIN_AREAMI": 1, "MAX_AREAMI": 1, "MIN_PERKM": 7, "MAX_PERKM": 7, "MIN_PERMI": 4, "MAX_PERMI": 4, "MIN_BBXMIN": 16.416667, "MAX_BBXMIN": 16.416667, "MIN_BBXMAX": 16.433333, "MAX_BBXMAX": 16.433333, "MIN_BBYMIN": -28.558333, "MAX_BBYMIN": -28.558333, "MIN_BBYMAX": -28.541667, "MAX_BBYMAX": -28.541667, "MEAN_BBXC": 16.426389, "MEAN_BBYC": -28.551389, "TIMEZONE": "Africa/Windhoek", "UN_FID": 0, "POP1950": 0, "POP1955": 0, "POP1960": 0, "POP1965": 0, "POP1970": 0, "POP1975": 0, "POP1980": 0, "POP1985": 0, "POP1990": 0, "POP1995": 0, "POP2000": 0, "POP2005": 0, "POP2010": 0, "POP2015": 0, "POP2020": 0, "POP2025": 0, "POP2050": 0, "MIN_ZOOM": 6.7, "WIKIDATAID": "Q1404518", "WOF_ID": 421188547, "CAPALT": 0, "NAME_EN": "Oranjemund", "NAME_DE": "Oranjemund", "NAME_ES": "Oranjemund", "NAME_FR": "Oranjemund", "NAME_PT": "Oranjemund", "NAME_RU": "Ораньемунд", "NAME_ZH": "奥兰治蒙德", "LABEL": null, "NAME_AR": "أورانجيموند", "NAME_BN": "ওরাঞ্জেমুন্দ", "NAME_EL": "Οράντζεμουντ", "NAME_HI": "ओरांजमंड", "NAME_HU": "Oranjemund", "NAME_ID": "Oranjemund", "NAME_IT": "Oranjemund", "NAME_JA": "オラニエムント", "NAME_KO": "오랑제문트", "NAME_NL": "Oranjemund", "NAME_PL": "Oranjemund", "NAME_SV": "Oranjemund", "NAME_TR": "Oranjemund", "NAME_VI": "Oranjemund", "NE_ID": 1159139227, "NAME_FA": "اورنجموند", "NAME_HE": "אורניימונד", "NAME_UK": "Ораньємунд", "NAME_UR": "اورانجیمنڈ", "NAME_ZHT": "奥兰治蒙德", "GEONAMESID": 3354071, "FCLASS_ISO": null, "FCLASS_US": null, "FCLASS_FR": null, "FCLASS_RU": null, "FCLASS_ES": null, "FCLASS_CN": null, "FCLASS_TW": null, "FCLASS_IN": null, "FCLASS_NP": null, "FCLASS_PK": null, "FCLASS_DE": null, "FCLASS_GB": null, "FCLASS_BR": null, "FCLASS_IL": null, "FCLASS_PS": null, "FCLASS_SA": null, "FCLASS_EG": null, "FCLASS_MA": null, "FCLASS_PT": null, "FCLASS_AR": null, "FCLASS_JP": null, "FCLASS_KO": null, "FCLASS_VN": null, "FCLASS_TR": null, "FCLASS_ID": null, "FCLASS_PL": null, "FCLASS_GR": null, "FCLASS_IT": null, "FCLASS_NL": null, "FCLASS_SE": null, "FCLASS_BD": null, "FCLASS_UA": null, "FCLASS_TLC": null}, "bbox": [16.429994, -28.549486, 16.429994, -28.549486], "geometry": {"type": "Point", "coordinates": [16.429994, -28.549486]}}, {"type": "Feature", "properties": {"SCALERANK": 7, "NATSCALE": 20, "LABELRANK": 6, "FEATURECLA": "Admin-1 capital", "NAME": "Mariental", "NAMEPAR": null, "NAMEALT": null, "NAMEASCII": "Mariental", "ADM0CAP": 0, "CAPIN": null, "WORLDCITY": 0, "MEGACITY": 0, "SOV0NAME": "Namibia", "SOV_A3": "NAM", "ADM0NAME": "Namibia", "ADM0_A3": "NAM", "ADM1NAME": "Hardap", "ISO_A2": "NA", "NOTE": null, "LATITUDE": -24.619597, "LONGITUDE": 17.959927, "POP_MAX": 13380, "POP_MIN": 11960, "POP_OTHER": 11960, "RANK_MAX": 6, "RANK_MIN": 6, "MEGANAME": null, "LS_NAME": "Mariental", "MAX_POP10": 11960, "MAX_POP20": 11960, "MAX_POP50": 0, "MAX_POP300": 0, "MAX_POP310": 0, "MAX_NATSCA": 20, "MIN_AREAKM": 9, "MAX_AREAKM": 9, "MIN_AREAMI": 4, "MAX_AREAMI": 4, "MIN_PERKM": 14, "MAX_PERKM": 14, "MIN_PERMI": 9, "MAX_PERMI": 9, "MIN_BBXMIN": 17.95, "MAX_BBXMIN": 17.95, "MIN_BBXMAX": 17.991667, "MAX_BBXMAX": 17.991667, "MIN_BBYMIN": -24.641667, "MAX_BBYMIN": -24.641667, "MIN_BBYMAX": -24.616667, "MAX_BBYMAX": -24.616667, "MEAN_BBXC": 17.971528, "MEAN_BBYC": -24.628472, "TIMEZONE": "Africa/Windhoek", "UN_FID": 0, "POP1950": 0, "POP1955": 0, "POP1960": 0, "POP1965": 0, "POP1970": 0, "POP1975": 0, "POP1980": 0, "POP1985": 0, "POP1990": 0, "POP1995": 0, "POP2000": 0, "POP2005": 0, "POP2010": 0, "POP2015": 0, "POP2020": 0, "POP2025": 0, "POP2050": 0, "MIN_ZOOM": 6.7, "WIKIDATAID": "Q876166", "WOF_ID": 1141907479, "CAPALT": 0, "NAME_EN": "Mariental", "NAME_DE": "Mariental", "NAME_ES": "Mariental", "NAME_FR": "Mariental", "NAME_PT": "Mariental", "NAME_RU": "Мариенталь", "NAME_ZH": "马林塔尔", "LABEL": null, "NAME_AR": "مارينتال", "NAME_BN": "মারিয়েন্তাল", "NAME_EL": "Μεριένταλ", "NAME_HI": "मारींटल", "NAME_HU": "Mariental", "NAME_ID": "Mariental", "NAME_IT": "Mariental", "NAME_JA": "マリエンタール", "NAME_KO": "마리엔탈", "NAME_NL": "Mariental", "NAME_PL": "Mariental", "NAME_SV": "Mariental", "NAME_TR": "Mariental", "NAME_VI": "Mariental", "NE_ID": 1159139231, "NAME_FA": "مرینتال", "NAME_HE": "מריינטל", "NAME_UK": "Марієнталь", "NAME_UR": "ماریئنتال", "NAME_ZHT": "馬林塔爾", "GEONAMESID": 3355595, "FCLASS_ISO": null, "FCLASS_US": null, "FCLASS_FR": null, "FCLASS_RU": null, "FCLASS_ES": null, "FCLASS_CN": null, "FCLASS_TW": null, "FCLASS_IN": null, "FCLASS_NP": null, "FCLASS_PK": null, "FCLASS_DE": null, "FCLASS_GB": null, "FCLASS_BR": null, "FCLASS_IL": null, "FCLASS_PS": null, "FCLASS_SA": null, "FCLASS_EG": null, "FCLASS_MA": null, "FCLASS_PT": null, "FCLASS_AR": null, "FCLASS_JP": null, "FCLASS_KO": null, "FCLASS_VN": null, "FCLASS_TR": null, "FCLASS_ID": null, "FCLASS_PL": null, "FCLASS_GR": null, "FCLASS_IT": null, "FCLASS_NL": null, "FCLASS_SE": null, "FCLASS_BD": null, "FCLASS_UA": null, "FCLASS_TLC": null}, "bbox": [17.959927, -24.619597, 17.959927, -24.619597], "geometry": {"type": "Point", "coordinates": [17.959927, -24.619597]}}, {"type": "Feature", "properties": {"SCALERANK": 7, "NATSCALE": 20, "LABELRANK": 6, "FEATURECLA": "Admin-1 capital", "NAME": "Rehoboth", "NAMEPAR": null, "NAMEALT": null, "NAMEASCII": "Rehoboth", "ADM0CAP": 0, "CAPIN": null, "WORLDCITY": 0, "MEGACITY": 0, "SOV0NAME": "Namibia", "SOV_A3": "NAM", "ADM0NAME": "Namibia", "ADM0_A3": "NAM", "ADM1NAME": "Hardap", "ISO_A2": "NA", "NOTE": null, "LATITUDE": -23.319573, "LONGITUDE": 17.080032, "POP_MAX": 25219, "POP_MIN": 21377, "POP_OTHER": 25219, "RANK_MAX": 7, "RANK_MIN": 7, "MEGANAME": null, "LS_NAME": "Rehoboth", "MAX_POP10": 25219, "MAX_POP20": 0, "MAX_POP50": 0, "MAX_POP300": 0, "MAX_POP310": 0, "MAX_NATSCA": 10, "MIN_AREAKM": 13, "MAX_AREAKM": 13, "MIN_AREAMI": 5, "MAX_AREAMI": 5, "MIN_PERKM": 18, "MAX_PERKM": 18, "MIN_PERMI": 11, "MAX_PERMI": 11, "MIN_BBXMIN": 17.066667, "MAX_BBXMIN": 17.066667, "MIN_BBXMAX": 17.108333, "MAX_BBXMAX": 17.108333, "MIN_BBYMIN": -23.341667, "MAX_BBYMIN": -23.341667, "MIN_BBYMAX": -23.3, "MAX_BBYMAX": -23.3, "MEAN_BBXC": 17.083578, "MEAN_BBYC": -23.319363, "TIMEZONE": "Africa/Windhoek", "UN_FID": 0, "POP1950": 0, "POP1955": 0, "POP1960": 0, "POP1965": 0, "POP1970": 0, "POP1975": 0, "POP1980": 0, "POP1985": 0, "POP1990": 0, "POP1995": 0, "POP2000": 0, "POP2005": 0, "POP2010": 0, "POP2015": 0, "POP2020": 0, "POP2025": 0, "POP2050": 0, "MIN_ZOOM": 6.7, "WIKIDATAID": "Q700050", "WOF_ID": 1141907483, "CAPALT": 0, "NAME_EN": "Rehoboth", "NAME_DE": "Rehoboth", "NAME_ES": "Rehoboth", "NAME_FR": "Rehoboth", "NAME_PT": "Rehoboth", "NAME_RU": "Рехобот", "NAME_ZH": "里霍博斯", "LABEL": null, "NAME_AR": "ريهوبوث", "NAME_BN": "রিহোবোথ", "NAME_EL": "Ρεχόμποθ", "NAME_HI": "रेहोबोथ", "NAME_HU": "Rehoboth", "NAME_ID": "Rehoboth", "NAME_IT": "Rehoboth", "NAME_JA": "レホボス", "NAME_KO": "르호봇", "NAME_NL": "Rehoboth", "NAME_PL": "Rehoboth", "NAME_SV": "Rehoboth", "NAME_TR": "Rehoboth", "NAME_VI": "Rehoboth", "NE_ID": 1159139235, "NAME_FA": "روهوبوت", "NAME_HE": "רהובות", "NAME_UK": "Рехобот", "NAME_UR": "ریہوبوتھ", "NAME_ZHT": "里霍博斯", "GEONAMESID": 3353540, "FCLASS_ISO": null, "FCLASS_US": null, "FCLASS_FR": null, "FCLASS_RU": null, "FCLASS_ES": null, "FCLASS_CN": null, "FCLASS_TW": null, "FCLASS_IN": null, "FCLASS_NP": null, "FCLASS_PK": null, "FCLASS_DE": null, "FCLASS_GB": null, "FCLASS_BR": null, "FCLASS_IL": null, "FCLASS_PS": null, "FCLASS_SA": null, "FCLASS_EG": null, "FCLASS_MA": null, "FCLASS_PT": null, "FCLASS_AR": null, "FCLASS_JP": null, "FCLASS_KO": null, "FCLASS_VN": null, "FCLASS_TR": null, "FCLASS_ID": null, "FCLASS_PL": null, "FCLASS_GR": null, "FCLASS_IT": null, "FCLASS_NL": null, "FCLASS_SE": null, "FCLASS_BD": null, "FCLASS_UA": null, "FCLASS_TLC": null}, "bbox": [17.080032, -23.319573, 17.080032, -23.319573], "geometry": {"type": "Point", "coordinates": [17.080032, -23.319573]}}, {"type": "Feature", "properties": {"SCALERANK": 7, "NATSCALE": 20, "LABELRANK": 6, "FEATURECLA": "Admin-1 capital", "NAME": "Outjo", "NAMEPAR": null, "NAMEALT": null, "NAMEASCII": "Outjo", "ADM0CAP": 0, "CAPIN": null, "WORLDCITY": 0, "MEGACITY": 0, "SOV0NAME": "Namibia", "SOV_A3": "NAM", "ADM0NAME": "Namibia", "ADM0_A3": "NAM", "ADM1NAME": "Kunene", "ISO_A2": "NA", "NOTE": null, "LATITUDE": -20.109536, "LONGITUDE": 16.140038, "POP_MAX": 6557, "POP_MIN": 6170, "POP_OTHER": 0, "RANK_MAX": 5, "RANK_MIN": 5, "MEGANAME": null, "LS_NAME": "Outjo", "MAX_POP10": 6170, "MAX_POP20": 6170, "MAX_POP50": 0, "MAX_POP300": 0, "MAX_POP310": 0, "MAX_NATSCA": 20, "MIN_AREAKM": 6, "MAX_AREAKM": 6, "MIN_AREAMI": 2, "MAX_AREAMI": 2, "MIN_PERKM": 14, "MAX_PERKM": 14, "MIN_PERMI": 9, "MAX_PERMI": 9, "MIN_BBXMIN": 16.141667, "MAX_BBXMIN": 16.141667, "MIN_BBXMAX": 16.175, "MAX_BBXMAX": 16.175, "MIN_BBYMIN": -20.125, "MAX_BBYMIN": -20.125, "MIN_BBYMAX": -20.091667, "MAX_BBYMAX": -20.091667, "MEAN_BBXC": 16.15625, "MEAN_BBYC": -20.109375, "TIMEZONE": "Africa/Windhoek", "UN_FID": 0, "POP1950": 0, "POP1955": 0, "POP1960": 0, "POP1965": 0, "POP1970": 0, "POP1975": 0, "POP1980": 0, "POP1985": 0, "POP1990": 0, "POP1995": 0, "POP2000": 0, "POP2005": 0, "POP2010": 0, "POP2015": 0, "POP2020": 0, "POP2025": 0, "POP2050": 0, "MIN_ZOOM": 6.7, "WIKIDATAID": "Q1704346", "WOF_ID": 421169037, "CAPALT": 0, "NAME_EN": "Outjo", "NAME_DE": "Outjo", "NAME_ES": "Outjo", "NAME_FR": "Outjo", "NAME_PT": "Outjo", "NAME_RU": "Оучо", "NAME_ZH": "奧喬", "LABEL": null, "NAME_AR": "أوتجو", "NAME_BN": "ওউতজো", "NAME_EL": "Ούτζο", "NAME_HI": "ओउत्जो", "NAME_HU": "Outjo", "NAME_ID": "Outjo", "NAME_IT": "Outjo", "NAME_JA": "オウチョ", "NAME_KO": "아웃조", "NAME_NL": "Outjo", "NAME_PL": "Outjo", "NAME_SV": "Outjo", "NAME_TR": "Outjo", "NAME_VI": "Outjo", "NE_ID": 1159139239, "NAME_FA": "اوتجو", "NAME_HE": "אוטג'ו", "NAME_UK": "Оучо", "NAME_UR": "آؤٹجو", "NAME_ZHT": "奧喬", "GEONAMESID": 3353715, "FCLASS_ISO": null, "FCLASS_US": null, "FCLASS_FR": null, "FCLASS_RU": null, "FCLASS_ES": null, "FCLASS_CN": null, "FCLASS_TW": null, "FCLASS_IN": null, "FCLASS_NP": null, "FCLASS_PK": null, "FCLASS_DE": null, "FCLASS_GB": null, "FCLASS_BR": null, "FCLASS_IL": null, "FCLASS_PS": null, "FCLASS_SA": null, "FCLASS_EG": null, "FCLASS_MA": null, "FCLASS_PT": null, "FCLASS_AR": null, "FCLASS_JP": null, "FCLASS_KO": null, "FCLASS_VN": null, "FCLASS_TR": null, "FCLASS_ID": null, "FCLASS_PL": null, "FCLASS_GR": null, "FCLASS_IT": null, "FCLASS_NL": null, "FCLASS_SE": null, "FCLASS_BD": null, "FCLASS_UA": null, "FCLASS_TLC": null}, "bbox": [16.140038, -20.109536, 16.140038, -20.109536], "geometry": {"type": "Point", "coordinates": [16.140038, -20.109536]}}, {"type": "Feature", "properties": {"SCALERANK": 7, "NATSCALE": 20, "LABELRANK": 6, "FEATURECLA": "Populated place", "NAME": "Opuwo", "NAMEPAR": null, "NAMEALT": null, "NAMEASCII": "Opuwo", "ADM0CAP": 0, "CAPIN": null, "WORLDCITY": 0, "MEGACITY": 0, "SOV0NAME": "Namibia", "SOV_A3": "NAM", "ADM0NAME": "Namibia", "ADM0_A3": "NAM", "ADM1NAME": "Kunene", "ISO_A2": "NA", "NOTE": null, "LATITUDE": -18.059584, "LONGITUDE": 13.820024, "POP_MAX": 4857, "POP_MIN": 4857, "POP_OTHER": 0, "RANK_MAX": 4, "RANK_MIN": 4, "MEGANAME": null, "LS_NAME": "Opuwo", "MAX_POP10": 0, "MAX_POP20": 0, "MAX_POP50": 0, "MAX_POP300": 0, "MAX_POP310": 0, "MAX_NATSCA": 0, "MIN_AREAKM": 0, "MAX_AREAKM": 0, "MIN_AREAMI": 0, "MAX_AREAMI": 0, "MIN_PERKM": 0, "MAX_PERKM": 0, "MIN_PERMI": 0, "MAX_PERMI": 0, "MIN_BBXMIN": 0, "MAX_BBXMIN": 0, "MIN_BBXMAX": 0, "MAX_BBXMAX": 0, "MIN_BBYMIN": 0, "MAX_BBYMIN": 0, "MIN_BBYMAX": 0, "MAX_BBYMAX": 0, "MEAN_BBXC": 0, "MEAN_BBYC": 0, "TIMEZONE": "Africa/Windhoek", "UN_FID": 0, "POP1950": 0, "POP1955": 0, "POP1960": 0, "POP1965": 0, "POP1970": 0, "POP1975": 0, "POP1980": 0, "POP1985": 0, "POP1990": 0, "POP1995": 0, "POP2000": 0, "POP2005": 0, "POP2010": 0, "POP2015": 0, "POP2020": 0, "POP2025": 0, "POP2050": 0, "MIN_ZOOM": 6.7, "WIKIDATAID": "Q1024089", "WOF_ID": 890440187, "CAPALT": 0, "NAME_EN": "Opuwo", "NAME_DE": "Opuwo", "NAME_ES": "Opuwo", "NAME_FR": "Opuwo", "NAME_PT": "Opuwo", "NAME_RU": "Опуво", "NAME_ZH": "奥普沃", "LABEL": null, "NAME_AR": "أوبوو", "NAME_BN": "অপউভু", "NAME_EL": "Οπούγο", "NAME_HI": "ओपुवो", "NAME_HU": "Opuwo", "NAME_ID": "Opuwo", "NAME_IT": "Opuwo", "NAME_JA": "オプウォ", "NAME_KO": "오푸오", "NAME_NL": "Opuwo", "NAME_PL": "Opuwo", "NAME_SV": "Opuwo", "NAME_TR": "Opuwo", "NAME_VI": "Opuwo", "NE_ID": 1159139245, "NAME_FA": "اوپوو", "NAME_HE": "אופוו", "NAME_UK": "Опуво", "NAME_UR": "اوپوؤ", "NAME_ZHT": "奧普沃", "GEONAMESID": 3354077, "FCLASS_ISO": null, "FCLASS_US": null, "FCLASS_FR": null, "FCLASS_RU": null, "FCLASS_ES": null, "FCLASS_CN": null, "FCLASS_TW": null, "FCLASS_IN": null, "FCLASS_NP": null, "FCLASS_PK": null, "FCLASS_DE": null, "FCLASS_GB": null, "FCLASS_BR": null, "FCLASS_IL": null, "FCLASS_PS": null, "FCLASS_SA": null, "FCLASS_EG": null, "FCLASS_MA": null, "FCLASS_PT": null, "FCLASS_AR": null, "FCLASS_JP": null, "FCLASS_KO": null, "FCLASS_VN": null, "FCLASS_TR": null, "FCLASS_ID": null, "FCLASS_PL": null, "FCLASS_GR": null, "FCLASS_IT": null, "FCLASS_NL": null, "FCLASS_SE": null, "FCLASS_BD": null, "FCLASS_UA": null, "FCLASS_TLC": null}, "bbox": [13.820024, -18.059584, 13.820024, -18.059584], "geometry": {"type": "Point", "coordinates": [13.820024, -18.059584]}}, {"type": "Feature", "properties": {"SCALERANK": 7, "NATSCALE": 20, "LABELRANK": 6, "FEATURECLA": "Populated place", "NAME": "Usakos", "NAMEPAR": null, "NAMEALT": null, "NAMEASCII": "Usakos", "ADM0CAP": 0, "CAPIN": null, "WORLDCITY": 0, "MEGACITY": 0, "SOV0NAME": "Namibia", "SOV_A3": "NAM", "ADM0NAME": "Namibia", "ADM0_A3": "NAM", "ADM1NAME": "Erongo", "ISO_A2": "NA", "NOTE": null, "LATITUDE": -21.99955, "LONGITUDE": 15.58002, "POP_MAX": 9147, "POP_MIN": 1640, "POP_OTHER": 1640, "RANK_MAX": 5, "RANK_MIN": 3, "MEGANAME": null, "LS_NAME": "Usakos", "MAX_POP10": 1640, "MAX_POP20": 1640, "MAX_POP50": 0, "MAX_POP300": 0, "MAX_POP310": 0, "MAX_NATSCA": 20, "MIN_AREAKM": 3, "MAX_AREAKM": 3, "MIN_AREAMI": 1, "MAX_AREAMI": 1, "MIN_PERKM": 7, "MAX_PERKM": 7, "MIN_PERMI": 4, "MAX_PERMI": 4, "MIN_BBXMIN": 15.575, "MAX_BBXMIN": 15.575, "MIN_BBXMAX": 15.591667, "MAX_BBXMAX": 15.591667, "MIN_BBYMIN": -22.008333, "MAX_BBYMIN": -22.008333, "MIN_BBYMAX": -21.991667, "MAX_BBYMAX": -21.991667, "MEAN_BBXC": 15.583333, "MEAN_BBYC": -22, "TIMEZONE": "Africa/Windhoek", "UN_FID": 0, "POP1950": 0, "POP1955": 0, "POP1960": 0, "POP1965": 0, "POP1970": 0, "POP1975": 0, "POP1980": 0, "POP1985": 0, "POP1990": 0, "POP1995": 0, "POP2000": 0, "POP2005": 0, "POP2010": 0, "POP2015": 0, "POP2020": 0, "POP2025": 0, "POP2050": 0, "MIN_ZOOM": 6.7, "WIKIDATAID": "Q1457265", "WOF_ID": 1141907485, "CAPALT": 0, "NAME_EN": "Usakos", "NAME_DE": "Usakos", "NAME_ES": "Usakos", "NAME_FR": "Usakos", "NAME_PT": "Usakos", "NAME_RU": "Усакос", "NAME_ZH": "烏薩科斯", "LABEL": null, "NAME_AR": "أوساكوس", "NAME_BN": "উসাকোস", "NAME_EL": "Ουσάκος", "NAME_HI": "उसाकोस", "NAME_HU": "Usakos", "NAME_ID": "Usakos", "NAME_IT": "Usakos", "NAME_JA": "ウサコス", "NAME_KO": "우사코스", "NAME_NL": "Usakos", "NAME_PL": "Usakos", "NAME_SV": "Usakos", "NAME_TR": "Usakos", "NAME_VI": "Usakos", "NE_ID": 1159139249, "NAME_FA": "اوساکوس", "NAME_HE": "אוסקוס", "NAME_UK": "Усакос", "NAME_UR": "اوساکوس", "NAME_ZHT": "烏薩科斯", "GEONAMESID": 3352461, "FCLASS_ISO": null, "FCLASS_US": null, "FCLASS_FR": null, "FCLASS_RU": null, "FCLASS_ES": null, "FCLASS_CN": null, "FCLASS_TW": null, "FCLASS_IN": null, "FCLASS_NP": null, "FCLASS_PK": null, "FCLASS_DE": null, "FCLASS_GB": null, "FCLASS_BR": null, "FCLASS_IL": null, "FCLASS_PS": null, "FCLASS_SA": null, "FCLASS_EG": null, "FCLASS_MA": null, "FCLASS_PT": null, "FCLASS_AR": null, "FCLASS_JP": null, "FCLASS_KO": null, "FCLASS_VN": null, "FCLASS_TR": null, "FCLASS_ID": null, "FCLASS_PL": null, "FCLASS_GR": null, "FCLASS_IT": null, "FCLASS_NL": null, "FCLASS_SE": null, "FCLASS_BD": null, "FCLASS_UA": null, "FCLASS_TLC": null}, "bbox": [15.58002, -21.99955, 15.58002, -21.99955], "geometry": {"type": "Point", "coordinates": [15.58002, -21.99955]}}, {"type": "Feature", "properties": {"SCALERANK": 7, "NATSCALE": 20, "LABELRANK": 6, "FEATURECLA": "Admin-1 capital", "NAME": "Okahandja", "NAMEPAR": null, "NAMEALT": null, "NAMEASCII": "Okahandja", "ADM0CAP": 0, "CAPIN": null, "WORLDCITY": 0, "MEGACITY": 0, "SOV0NAME": "Namibia", "SOV_A3": "NAM", "ADM0NAME": "Namibia", "ADM0_A3": "NAM", "ADM1NAME": "Otjozondjupa", "ISO_A2": "NA", "NOTE": null, "LATITUDE": -21.979603, "LONGITUDE": 16.910017, "POP_MAX": 20879, "POP_MIN": 18503, "POP_OTHER": 18503, "RANK_MAX": 7, "RANK_MIN": 6, "MEGANAME": null, "LS_NAME": "Okahandja", "MAX_POP10": 18503, "MAX_POP20": 0, "MAX_POP50": 0, "MAX_POP300": 0, "MAX_POP310": 0, "MAX_NATSCA": 10, "MIN_AREAKM": 12, "MAX_AREAKM": 12, "MIN_AREAMI": 5, "MAX_AREAMI": 5, "MIN_PERKM": 21, "MAX_PERKM": 21, "MIN_PERMI": 13, "MAX_PERMI": 13, "MIN_BBXMIN": 16.883333, "MAX_BBXMIN": 16.883333, "MIN_BBXMAX": 16.925, "MAX_BBXMAX": 16.925, "MIN_BBYMIN": -22, "MAX_BBYMIN": -22, "MIN_BBYMAX": -21.958333, "MAX_BBYMAX": -21.958333, "MEAN_BBXC": 16.905278, "MEAN_BBYC": -21.9775, "TIMEZONE": "Africa/Windhoek", "UN_FID": 0, "POP1950": 0, "POP1955": 0, "POP1960": 0, "POP1965": 0, "POP1970": 0, "POP1975": 0, "POP1980": 0, "POP1985": 0, "POP1990": 0, "POP1995": 0, "POP2000": 0, "POP2005": 0, "POP2010": 0, "POP2015": 0, "POP2020": 0, "POP2025": 0, "POP2050": 0, "MIN_ZOOM": 6.7, "WIKIDATAID": "Q597491", "WOF_ID": 421176117, "CAPALT": 0, "NAME_EN": "Okahandja", "NAME_DE": "Okahandja", "NAME_ES": "Okahandja", "NAME_FR": "Okahandja", "NAME_PT": "Okahandja", "NAME_RU": "Окаханджа", "NAME_ZH": "奥卡汉贾", "LABEL": null, "NAME_AR": "أوكاهانديا", "NAME_BN": "ওকাহ্যান্ডজা", "NAME_EL": "Οκαχάντζα", "NAME_HI": "ओखांदजा", "NAME_HU": "Okahandja", "NAME_ID": "Okahandja", "NAME_IT": "Okahandja", "NAME_JA": "オカハンジャ", "NAME_KO": "오카한쟈", "NAME_NL": "Okahandja", "NAME_PL": "Okahandja", "NAME_SV": "Okahandja", "NAME_TR": "Okahandja", "NAME_VI": "Okahandja", "NE_ID": 1159139253, "NAME_FA": "اوکاهندجا", "NAME_HE": "אוקנדג'ה", "NAME_UK": "Окаханджа", "NAME_UR": "اوکاحاندجا", "NAME_ZHT": "奧卡漢賈", "GEONAMESID": 3354898, "FCLASS_ISO": null, "FCLASS_US": null, "FCLASS_FR": null, "FCLASS_RU": null, "FCLASS_ES": null, "FCLASS_CN": null, "FCLASS_TW": null, "FCLASS_IN": null, "FCLASS_NP": null, "FCLASS_PK": null, "FCLASS_DE": null, "FCLASS_GB": null, "FCLASS_BR": null, "FCLASS_IL": null, "FCLASS_PS": null, "FCLASS_SA": null, "FCLASS_EG": null, "FCLASS_MA": null, "FCLASS_PT": null, "FCLASS_AR": null, "FCLASS_JP": null, "FCLASS_KO": null, "FCLASS_VN": null, "FCLASS_TR": null, "FCLASS_ID": null, "FCLASS_PL": null, "FCLASS_GR": null, "FCLASS_IT": null, "FCLASS_NL": null, "FCLASS_SE": null, "FCLASS_BD": null, "FCLASS_UA": null, "FCLASS_TLC": null}, "bbox": [16.910017, -21.979603, 16.910017, -21.979603], "geometry": {"type": "Point", "coordinates": [16.910017, -21.979603]}}, {"type": "Feature", "properties": {"SCALERANK": 7, "NATSCALE": 20, "LABELRANK": 6, "FEATURECLA": "Admin-1 region capital", "NAME": "Otjiwarongo", "NAMEPAR": null, "NAMEALT": null, "NAMEASCII": "Otjiwarongo", "ADM0CAP": 0, "CAPIN": null, "WORLDCITY": 0, "MEGACITY": 0, "SOV0NAME": "Namibia", "SOV_A3": "NAM", "ADM0NAME": "Namibia", "ADM0_A3": "NAM", "ADM1NAME": "Otjozondjupa", "ISO_A2": "NA", "NOTE": null, "LATITUDE": -20.459541, "LONGITUDE": 16.640007, "POP_MAX": 24815, "POP_MIN": 21224, "POP_OTHER": 24815, "RANK_MAX": 7, "RANK_MIN": 7, "MEGANAME": null, "LS_NAME": "Otjiwarongo", "MAX_POP10": 24815, "MAX_POP20": 24815, "MAX_POP50": 0, "MAX_POP300": 0, "MAX_POP310": 0, "MAX_NATSCA": 20, "MIN_AREAKM": 14, "MAX_AREAKM": 14, "MIN_AREAMI": 6, "MAX_AREAMI": 6, "MIN_PERKM": 22, "MAX_PERKM": 22, "MIN_PERMI": 13, "MAX_PERMI": 13, "MIN_BBXMIN": 16.625, "MAX_BBXMIN": 16.625, "MIN_BBXMAX": 16.675, "MAX_BBXMAX": 16.675, "MIN_BBYMIN": -20.483333, "MAX_BBYMIN": -20.483333, "MIN_BBYMAX": -20.433333, "MAX_BBYMAX": -20.433333, "MEAN_BBXC": 16.652778, "MEAN_BBYC": -20.460648, "TIMEZONE": "Africa/Windhoek", "UN_FID": 0, "POP1950": 0, "POP1955": 0, "POP1960": 0, "POP1965": 0, "POP1970": 0, "POP1975": 0, "POP1980": 0, "POP1985": 0, "POP1990": 0, "POP1995": 0, "POP2000": 0, "POP2005": 0, "POP2010": 0, "POP2015": 0, "POP2020": 0, "POP2025": 0, "POP2050": 0, "MIN_ZOOM": 6.7, "WIKIDATAID": "Q993149", "WOF_ID": 421169039, "CAPALT": 0, "NAME_EN": "Otjiwarongo", "NAME_DE": "Otjiwarongo", "NAME_ES": "Otjiwarongo", "NAME_FR": "Otjiwarongo", "NAME_PT": "Otjiwarongo", "NAME_RU": "Очиваронго", "NAME_ZH": "奥奇瓦龙戈", "LABEL": null, "NAME_AR": "أوتجيوارونغو", "NAME_BN": "ওতজিয়ারঙ্গ", "NAME_EL": "Ότζιγουαρονγκο", "NAME_HI": "ओटजीवार्न्गो", "NAME_HU": "Otjiwarongo", "NAME_ID": "Otjiwarongo", "NAME_IT": "Otjiwarongo", "NAME_JA": "オチワロンゴ", "NAME_KO": "오티와롱고", "NAME_NL": "Otjiwarongo", "NAME_PL": "Otjiwarongo", "NAME_SV": "Otjiwarongo", "NAME_TR": "Otjiwarongo", "NAME_VI": "Otjiwarongo", "NE_ID": 1159139257, "NAME_FA": "اتجیوارونگو", "NAME_HE": "אוטג'וורונגו", "NAME_UK": "Очиваронго", "NAME_UR": "اوتجیوارونگو", "NAME_ZHT": "奧奇瓦龍戈", "GEONAMESID": 3353811, "FCLASS_ISO": null, "FCLASS_US": null, "FCLASS_FR": null, "FCLASS_RU": null, "FCLASS_ES": null, "FCLASS_CN": null, "FCLASS_TW": null, "FCLASS_IN": null, "FCLASS_NP": null, "FCLASS_PK": null, "FCLASS_DE": null, "FCLASS_GB": null, "FCLASS_BR": null, "FCLASS_IL": null, "FCLASS_PS": null, "FCLASS_SA": null, "FCLASS_EG": null, "FCLASS_MA": null, "FCLASS_PT": null, "FCLASS_AR": null, "FCLASS_JP": null, "FCLASS_KO": null, "FCLASS_VN": null, "FCLASS_TR": null, "FCLASS_ID": null, "FCLASS_PL": null, "FCLASS_GR": null, "FCLASS_IT": null, "FCLASS_NL": null, "FCLASS_SE": null, "FCLASS_BD": null, "FCLASS_UA": null, "FCLASS_TLC": null}, "bbox": [16.640007, -20.459541, 16.640007, -20.459541], "geometry": {"type": "Point", "coordinates": [16.640007, -20.459541]}}, {"type": "Feature", "properties": {"SCALERANK": 7, "NATSCALE": 20, "LABELRANK": 6, "FEATURECLA": "Populated place", "NAME": "Oshikango", "NAMEPAR": null, "NAMEALT": null, "NAMEASCII": "Oshikango", "ADM0CAP": 0, "CAPIN": null, "WORLDCITY": 0, "MEGACITY": 0, "SOV0NAME": "Namibia", "SOV_A3": "NAM", "ADM0NAME": "Namibia", "ADM0_A3": "NAM", "ADM1NAME": "Ohangwena", "ISO_A2": "NA", "NOTE": null, "LATITUDE": -17.399521, "LONGITUDE": 15.880002, "POP_MAX": 12423, "POP_MIN": 2658, "POP_OTHER": 0, "RANK_MAX": 6, "RANK_MIN": 4, "MEGANAME": null, "LS_NAME": "Oshikango", "MAX_POP10": 12423, "MAX_POP20": 0, "MAX_POP50": 0, "MAX_POP300": 0, "MAX_POP310": 0, "MAX_NATSCA": 10, "MIN_AREAKM": 4, "MAX_AREAKM": 4, "MIN_AREAMI": 2, "MAX_AREAMI": 2, "MIN_PERKM": 11, "MAX_PERKM": 11, "MIN_PERMI": 7, "MAX_PERMI": 7, "MIN_BBXMIN": 15.883333, "MAX_BBXMIN": 15.883333, "MIN_BBXMAX": 15.916667, "MAX_BBXMAX": 15.916667, "MIN_BBYMIN": -17.408333, "MAX_BBYMIN": -17.408333, "MIN_BBYMAX": -17.391667, "MAX_BBYMAX": -17.391667, "MEAN_BBXC": 15.8975, "MEAN_BBYC": -17.3975, "TIMEZONE": "Africa/Windhoek", "UN_FID": 0, "POP1950": 0, "POP1955": 0, "POP1960": 0, "POP1965": 0, "POP1970": 0, "POP1975": 0, "POP1980": 0, "POP1985": 0, "POP1990": 0, "POP1995": 0, "POP2000": 0, "POP2005": 0, "POP2010": 0, "POP2015": 0, "POP2020": 0, "POP2025": 0, "POP2050": 0, "MIN_ZOOM": 6.7, "WIKIDATAID": "Q2033319", "WOF_ID": 421169041, "CAPALT": 0, "NAME_EN": "Oshikango", "NAME_DE": "Oshikango", "NAME_ES": "Oshikango", "NAME_FR": "Oshikango", "NAME_PT": "Oshikango", "NAME_RU": "Ошиканго", "NAME_ZH": "奧希坎戈", "LABEL": null, "NAME_AR": "أوشيكانغو", "NAME_BN": "ওশিকাংগো", "NAME_EL": "Οσικάνγκο", "NAME_HI": "ओशिकांगो", "NAME_HU": "Oshikango", "NAME_ID": "Oshikango", "NAME_IT": "Oshikango", "NAME_JA": "オシカンゴ", "NAME_KO": "오시칸고", "NAME_NL": "Oshikango", "NAME_PL": "Oshikango", "NAME_SV": "Oshikango", "NAME_TR": "Oshikango", "NAME_VI": "Oshikango", "NE_ID": 1159139263, "NAME_FA": "اوشیکانگو", "NAME_HE": "אושיקנגו", "NAME_UK": "Ошиканго", "NAME_UR": "اوشیکانگو", "NAME_ZHT": "奧希坎戈", "GEONAMESID": 3353996, "FCLASS_ISO": null, "FCLASS_US": null, "FCLASS_FR": null, "FCLASS_RU": null, "FCLASS_ES": null, "FCLASS_CN": null, "FCLASS_TW": null, "FCLASS_IN": null, "FCLASS_NP": null, "FCLASS_PK": null, "FCLASS_DE": null, "FCLASS_GB": null, "FCLASS_BR": null, "FCLASS_IL": null, "FCLASS_PS": null, "FCLASS_SA": null, "FCLASS_EG": null, "FCLASS_MA": null, "FCLASS_PT": null, "FCLASS_AR": null, "FCLASS_JP": null, "FCLASS_KO": null, "FCLASS_VN": null, "FCLASS_TR": null, "FCLASS_ID": null, "FCLASS_PL": null, "FCLASS_GR": null, "FCLASS_IT": null, "FCLASS_NL": null, "FCLASS_SE": null, "FCLASS_BD": null, "FCLASS_UA": null, "FCLASS_TLC": null}, "bbox": [15.880002, -17.399521, 15.880002, -17.399521], "geometry": {"type": "Point", "coordinates": [15.880002, -17.399521]}}, {"type": "Feature", "properties": {"SCALERANK": 7, "NATSCALE": 20, "LABELRANK": 6, "FEATURECLA": "Populated place", "NAME": "Cuangar", "NAMEPAR": null, "NAMEALT": null, "NAMEASCII": "Cuangar", "ADM0CAP": 0, "CAPIN": null, "WORLDCITY": 0, "MEGACITY": 0, "SOV0NAME": "Namibia", "SOV_A3": "NAM", "ADM0NAME": "Namibia", "ADM0_A3": "NAM", "ADM1NAME": "Kavango", "ISO_A2": "NA", "NOTE": null, "LATITUDE": -17.609534, "LONGITUDE": 18.61999, "POP_MAX": 500, "POP_MIN": 350, "POP_OTHER": 0, "RANK_MAX": 2, "RANK_MIN": 2, "MEGANAME": null, "LS_NAME": "Cuangar", "MAX_POP10": 0, "MAX_POP20": 0, "MAX_POP50": 0, "MAX_POP300": 0, "MAX_POP310": 0, "MAX_NATSCA": 0, "MIN_AREAKM": 0, "MAX_AREAKM": 0, "MIN_AREAMI": 0, "MAX_AREAMI": 0, "MIN_PERKM": 0, "MAX_PERKM": 0, "MIN_PERMI": 0, "MAX_PERMI": 0, "MIN_BBXMIN": 0, "MAX_BBXMIN": 0, "MIN_BBXMAX": 0, "MAX_BBXMAX": 0, "MIN_BBYMIN": 0, "MAX_BBYMIN": 0, "MIN_BBYMAX": 0, "MAX_BBYMAX": 0, "MEAN_BBXC": 0, "MEAN_BBYC": 0, "TIMEZONE": null, "UN_FID": 0, "POP1950": 0, "POP1955": 0, "POP1960": 0, "POP1965": 0, "POP1970": 0, "POP1975": 0, "POP1980": 0, "POP1985": 0, "POP1990": 0, "POP1995": 0, "POP2000": 0, "POP2005": 0, "POP2010": 0, "POP2015": 0, "POP2020": 0, "POP2025": 0, "POP2050": 0, "MIN_ZOOM": 6.7, "WIKIDATAID": "Q203050", "WOF_ID": 1141907487, "CAPALT": 0, "NAME_EN": "Cuangar", "NAME_DE": "Cuangar", "NAME_ES": "Cuangar", "NAME_FR": "Cuangar", "NAME_PT": "Cuangar", "NAME_RU": "Куангар", "NAME_ZH": "寬加爾", "LABEL": null, "NAME_AR": "سونجار", "NAME_BN": "কুয়ানগার", "NAME_EL": "Κουανγκάρ", "NAME_HI": "कुआंगार", "NAME_HU": "Cuangar", "NAME_ID": "Cuangar", "NAME_IT": "Cuangar", "NAME_JA": "クアンガル", "NAME_KO": "쿠앙가르", "NAME_NL": "Cuangar", "NAME_PL": "Cuangar", "NAME_SV": "Cuangar", "NAME_TR": "Cuangar", "NAME_VI": "Cuangar", "NE_ID": 1159139267, "NAME_FA": "کوانگر", "NAME_HE": "קואנגאר", "NAME_UK": "Куангар", "NAME_UR": "کوانگار", "NAME_ZHT": "寬加爾", "GEONAMESID": 3349245, "FCLASS_ISO": null, "FCLASS_US": null, "FCLASS_FR": null, "FCLASS_RU": null, "FCLASS_ES": null, "FCLASS_CN": null, "FCLASS_TW": null, "FCLASS_IN": null, "FCLASS_NP": null, "FCLASS_PK": null, "FCLASS_DE": null, "FCLASS_GB": null, "FCLASS_BR": null, "FCLASS_IL": null, "FCLASS_PS": null, "FCLASS_SA": null, "FCLASS_EG": null, "FCLASS_MA": null, "FCLASS_PT": null, "FCLASS_AR": null, "FCLASS_JP": null, "FCLASS_KO": null, "FCLASS_VN": null, "FCLASS_TR": null, "FCLASS_ID": null, "FCLASS_PL": null, "FCLASS_GR": null, "FCLASS_IT": null, "FCLASS_NL": null, "FCLASS_SE": null, "FCLASS_BD": null, "FCLASS_UA": null, "FCLASS_TLC": null}, "bbox": [18.61999, -17.609534, 18.61999, -17.609534], "geometry": {"type": "Point", "coordinates": [18.61999, -17.609534]}}, {"type": "Feature", "properties": {"SCALERANK": 7, "NATSCALE": 20, "LABELRANK": 6, "FEATURECLA": "Populated place", "NAME": "Katima Mulilo", "NAMEPAR": null, "NAMEALT": null, "NAMEASCII": "Katima Mulilo", "ADM0CAP": 0, "CAPIN": null, "WORLDCITY": 0, "MEGACITY": 0, "SOV0NAME": "Namibia", "SOV_A3": "NAM", "ADM0NAME": "Namibia", "ADM0_A3": "NAM", "ADM1NAME": "Caprivi", "ISO_A2": "NA", "NOTE": null, "LATITUDE": -17.499618, "LONGITUDE": 24.260007, "POP_MAX": 25027, "POP_MIN": 18470, "POP_OTHER": 0, "RANK_MAX": 7, "RANK_MIN": 6, "MEGANAME": null, "LS_NAME": "Katima Mulilo", "MAX_POP10": 18470, "MAX_POP20": 0, "MAX_POP50": 0, "MAX_POP300": 0, "MAX_POP310": 0, "MAX_NATSCA": 10, "MIN_AREAKM": 6, "MAX_AREAKM": 6, "MIN_AREAMI": 2, "MAX_AREAMI": 2, "MIN_PERKM": 11, "MAX_PERKM": 11, "MIN_PERMI": 7, "MAX_PERMI": 7, "MIN_BBXMIN": 24.266667, "MAX_BBXMIN": 24.266667, "MIN_BBXMAX": 24.297508, "MAX_BBXMAX": 24.297508, "MIN_BBYMIN": -17.516667, "MAX_BBYMIN": -17.516667, "MIN_BBYMAX": -17.491667, "MAX_BBYMAX": -17.491667, "MEAN_BBXC": 24.279217, "MEAN_BBYC": -17.504831, "TIMEZONE": "Africa/Windhoek", "UN_FID": 0, "POP1950": 0, "POP1955": 0, "POP1960": 0, "POP1965": 0, "POP1970": 0, "POP1975": 0, "POP1980": 0, "POP1985": 0, "POP1990": 0, "POP1995": 0, "POP2000": 0, "POP2005": 0, "POP2010": 0, "POP2015": 0, "POP2020": 0, "POP2025": 0, "POP2050": 0, "MIN_ZOOM": 6.7, "WIKIDATAID": "Q864100", "WOF_ID": 421172733, "CAPALT": 0, "NAME_EN": "Katima Mulilo", "NAME_DE": "Katima Mulilo", "NAME_ES": "Katima Mulilo", "NAME_FR": "Katima Mulilo", "NAME_PT": "Katima Mulilo", "NAME_RU": "Катима Мулило", "NAME_ZH": "卡蒂马穆利洛", "LABEL": null, "NAME_AR": "كاتيما موليلو", "NAME_BN": "কাতীমা মুলিলো", "NAME_EL": "Κατίμα Μουλίλο", "NAME_HI": "काटिमा मुलिलो", "NAME_HU": "Katima Mulilo", "NAME_ID": "Katima Mulilo", "NAME_IT": "Katima Mulilo", "NAME_JA": "カティマ・ムリロ", "NAME_KO": "카티마물릴로", "NAME_NL": "Katima Mulilo", "NAME_PL": "Katima Mulilo", "NAME_SV": "Katima Mulilo", "NAME_TR": "Katima Mulilo", "NAME_VI": "Katima Mulilo", "NE_ID": 1159139271, "NAME_FA": "کاتیما مولیلو", "NAME_HE": "קאטימה מולילו", "NAME_UK": "Катіма-Муліло", "NAME_UR": "کاتیما مولیلو", "NAME_ZHT": "卡蒂馬穆利洛", "GEONAMESID": 877178, "FCLASS_ISO": null, "FCLASS_US": null, "FCLASS_FR": null, "FCLASS_RU": null, "FCLASS_ES": null, "FCLASS_CN": null, "FCLASS_TW": null, "FCLASS_IN": null, "FCLASS_NP": null, "FCLASS_PK": null, "FCLASS_DE": null, "FCLASS_GB": null, "FCLASS_BR": null, "FCLASS_IL": null, "FCLASS_PS": null, "FCLASS_SA": null, "FCLASS_EG": null, "FCLASS_MA": null, "FCLASS_PT": null, "FCLASS_AR": null, "FCLASS_JP": null, "FCLASS_KO": null, "FCLASS_VN": null, "FCLASS_TR": null, "FCLASS_ID": null, "FCLASS_PL": null, "FCLASS_GR": null, "FCLASS_IT": null, "FCLASS_NL": null, "FCLASS_SE": null, "FCLASS_BD": null, "FCLASS_UA": null, "FCLASS_TLC": null}, "bbox": [24.260007, -17.499618, 24.260007, -17.499618], "geometry": {"type": "Point", "coordinates": [24.260007, -17.499618]}}, {"type": "Feature", "properties": {"SCALERANK": 7, "NATSCALE": 20, "LABELRANK": 6, "FEATURECLA": "Populated place", "NAME": "Mucusso", "NAMEPAR": null, "NAMEALT": null, "NAMEASCII": "Mucusso", "ADM0CAP": 0, "CAPIN": null, "WORLDCITY": 0, "MEGACITY": 0, "SOV0NAME": "Angola", "SOV_A3": "AGO", "ADM0NAME": "Angola", "ADM0_A3": "AGO", "ADM1NAME": "Cuando Cubango", "ISO_A2": "AO", "NOTE": null, "LATITUDE": -18.019535, "LONGITUDE": 21.429999, "POP_MAX": 100, "POP_MIN": 100, "POP_OTHER": 0, "RANK_MAX": 1, "RANK_MIN": 1, "MEGANAME": null, "LS_NAME": "Mucusso", "MAX_POP10": 0, "MAX_POP20": 0, "MAX_POP50": 0, "MAX_POP300": 0, "MAX_POP310": 0, "MAX_NATSCA": 0, "MIN_AREAKM": 0, "MAX_AREAKM": 0, "MIN_AREAMI": 0, "MAX_AREAMI": 0, "MIN_PERKM": 0, "MAX_PERKM": 0, "MIN_PERMI": 0, "MAX_PERMI": 0, "MIN_BBXMIN": 0, "MAX_BBXMIN": 0, "MIN_BBXMAX": 0, "MAX_BBXMAX": 0, "MIN_BBYMIN": 0, "MAX_BBYMIN": 0, "MIN_BBYMAX": 0, "MAX_BBYMAX": 0, "MEAN_BBXC": 0, "MEAN_BBYC": 0, "TIMEZONE": null, "UN_FID": 0, "POP1950": 0, "POP1955": 0, "POP1960": 0, "POP1965": 0, "POP1970": 0, "POP1975": 0, "POP1980": 0, "POP1985": 0, "POP1990": 0, "POP1995": 0, "POP2000": 0, "POP2005": 0, "POP2010": 0, "POP2015": 0, "POP2020": 0, "POP2025": 0, "POP2050": 0, "MIN_ZOOM": 6.7, "WIKIDATAID": "Q1106933", "WOF_ID": 1141907489, "CAPALT": 0, "NAME_EN": "Mucusso", "NAME_DE": "Mucusso", "NAME_ES": "Mucusso", "NAME_FR": "Mucusso", "NAME_PT": "Mucusso", "NAME_RU": "Мукуссо", "NAME_ZH": "穆库索", "LABEL": null, "NAME_AR": "موكوسو", "NAME_BN": "মুকুসসো", "NAME_EL": "Μουκούσο", "NAME_HI": "मुकुसो", "NAME_HU": "Mucusso", "NAME_ID": "Mucusso", "NAME_IT": "Mucusso", "NAME_JA": "ムクッソ", "NAME_KO": "무쿠소", "NAME_NL": "Mucusso", "NAME_PL": "Mucusso", "NAME_SV": "Mucusso", "NAME_TR": "Mucusso", "NAME_VI": "Mucusso", "NE_ID": 1159139275, "NAME_FA": "موکوسو", "NAME_HE": "מוקוסו", "NAME_UK": "Мукуссо", "NAME_UR": "موکوسو", "NAME_ZHT": "穆庫索", "GEONAMESID": -1, "FCLASS_ISO": null, "FCLASS_US": null, "FCLASS_FR": null, "FCLASS_RU": null, "FCLASS_ES": null, "FCLASS_CN": null, "FCLASS_TW": null, "FCLASS_IN": null, "FCLASS_NP": null, "FCLASS_PK": null, "FCLASS_DE": null, "FCLASS_GB": null, "FCLASS_BR": null, "FCLASS_IL": null, "FCLASS_PS": null, "FCLASS_SA": null, "FCLASS_EG": null, "FCLASS_MA": null, "FCLASS_PT": null, "FCLASS_AR": null, "FCLASS_JP": null, "FCLASS_KO": null, "FCLASS_VN": null, "FCLASS_TR": null, "FCLASS_ID": null, "FCLASS_PL": null, "FCLASS_GR": null, "FCLASS_IT": null, "FCLASS_NL": null, "FCLASS_SE": null, "FCLASS_BD": null, "FCLASS_UA": null, "FCLASS_TLC": null}, "bbox": [21.429999, -18.019534, 21.429999, -18.019534], "geometry": {"type": "Point", "coordinates": [21.429999, -18.019534]}}, {"type": "Feature", "properties": {"SCALERANK": 7, "NATSCALE": 20, "LABELRANK": 7, "FEATURECLA": "Admin-1 capital", "NAME": "Ghanzi", "NAMEPAR": null, "NAMEALT": null, "NAMEASCII": "Ghanzi", "ADM0CAP": 0, "CAPIN": null, "WORLDCITY": 0, "MEGACITY": 0, "SOV0NAME": "Botswana", "SOV_A3": "BWA", "ADM0NAME": "Botswana", "ADM0_A3": "BWA", "ADM1NAME": "Ghanzi", "ISO_A2": "BW", "NOTE": null, "LATITUDE": -21.69962, "LONGITUDE": 21.639961, "POP_MAX": 6306, "POP_MIN": 6306, "POP_OTHER": 6306, "RANK_MAX": 5, "RANK_MIN": 5, "MEGANAME": null, "LS_NAME": "Ghanzi", "MAX_POP10": 6306, "MAX_POP20": 6306, "MAX_POP50": 0, "MAX_POP300": 0, "MAX_POP310": 0, "MAX_NATSCA": 20, "MIN_AREAKM": 7, "MAX_AREAKM": 7, "MIN_AREAMI": 3, "MAX_AREAMI": 3, "MIN_PERKM": 11, "MAX_PERKM": 11, "MIN_PERMI": 7, "MAX_PERMI": 7, "MIN_BBXMIN": 21.633333, "MAX_BBXMIN": 21.633333, "MIN_BBXMAX": 21.658333, "MAX_BBXMAX": 21.658333, "MIN_BBYMIN": -21.716667, "MAX_BBYMIN": -21.716667, "MIN_BBYMAX": -21.691667, "MAX_BBYMAX": -21.691667, "MEAN_BBXC": 21.645833, "MEAN_BBYC": -21.704167, "TIMEZONE": "Africa/Gaborone", "UN_FID": 0, "POP1950": 0, "POP1955": 0, "POP1960": 0, "POP1965": 0, "POP1970": 0, "POP1975": 0, "POP1980": 0, "POP1985": 0, "POP1990": 0, "POP1995": 0, "POP2000": 0, "POP2005": 0, "POP2010": 0, "POP2015": 0, "POP2020": 0, "POP2025": 0, "POP2050": 0, "MIN_ZOOM": 6.7, "WIKIDATAID": "Q859319", "WOF_ID": 421203039, "CAPALT": 0, "NAME_EN": "Ghanzi", "NAME_DE": "Ghanzi", "NAME_ES": "Ghanzi", "NAME_FR": "Ghanzi", "NAME_PT": "Ghanzi", "NAME_RU": "Ганзи", "NAME_ZH": "杭济", "LABEL": null, "NAME_AR": "غانزي", "NAME_BN": "ঘানজি", "NAME_EL": "Γκάνζι", "NAME_HI": "घन्ज़ी", "NAME_HU": "Ghanzi", "NAME_ID": "Ghanzi", "NAME_IT": "Ghanzi", "NAME_JA": "ハンツィ", "NAME_KO": "간지", "NAME_NL": "Ghanzi", "NAME_PL": "Ghanzi", "NAME_SV": "Ghanzi", "NAME_TR": "Ghanzi", "NAME_VI": "Ghanzi", "NE_ID": 1159144063, "NAME_FA": "گهانزی", "NAME_HE": "גנזי", "NAME_UK": "Ґанзі", "NAME_UR": "گھانزی", "NAME_ZHT": "杭濟", "GEONAMESID": 933759, "FCLASS_ISO": null, "FCLASS_US": null, "FCLASS_FR": null, "FCLASS_RU": null, "FCLASS_ES": null, "FCLASS_CN": null, "FCLASS_TW": null, "FCLASS_IN": null, "FCLASS_NP": null, "FCLASS_PK": null, "FCLASS_DE": null, "FCLASS_GB": null, "FCLASS_BR": null, "FCLASS_IL": null, "FCLASS_PS": null, "FCLASS_SA": null, "FCLASS_EG": null, "FCLASS_MA": null, "FCLASS_PT": null, "FCLASS_AR": null, "FCLASS_JP": null, "FCLASS_KO": null, "FCLASS_VN": null, "FCLASS_TR": null, "FCLASS_ID": null, "FCLASS_PL": null, "FCLASS_GR": null, "FCLASS_IT": null, "FCLASS_NL": null, "FCLASS_SE": null, "FCLASS_BD": null, "FCLASS_UA": null, "FCLASS_TLC": null}, "bbox": [21.639961, -21.69962, 21.639961, -21.69962], "geometry": {"type": "Point", "coordinates": [21.639961, -21.69962]}}, {"type": "Feature", "properties": {"SCALERANK": 7, "NATSCALE": 20, "LABELRANK": 6, "FEATURECLA": "Populated place", "NAME": "Luiana", "NAMEPAR": null, "NAMEALT": null, "NAMEASCII": "Luiana", "ADM0CAP": 0, "CAPIN": null, "WORLDCITY": 0, "MEGACITY": 0, "SOV0NAME": "Angola", "SOV_A3": "AGO", "ADM0NAME": "Angola", "ADM0_A3": "AGO", "ADM1NAME": "Cuando Cubango", "ISO_A2": "AO", "NOTE": null, "LATITUDE": -17.369548, "LONGITUDE": 22.999981, "POP_MAX": 150, "POP_MIN": 150, "POP_OTHER": 0, "RANK_MAX": 1, "RANK_MIN": 1, "MEGANAME": null, "LS_NAME": "Luiana", "MAX_POP10": 0, "MAX_POP20": 0, "MAX_POP50": 0, "MAX_POP300": 0, "MAX_POP310": 0, "MAX_NATSCA": 0, "MIN_AREAKM": 0, "MAX_AREAKM": 0, "MIN_AREAMI": 0, "MAX_AREAMI": 0, "MIN_PERKM": 0, "MAX_PERKM": 0, "MIN_PERMI": 0, "MAX_PERMI": 0, "MIN_BBXMIN": 0, "MAX_BBXMIN": 0, "MIN_BBXMAX": 0, "MAX_BBXMAX": 0, "MIN_BBYMIN": 0, "MAX_BBYMIN": 0, "MIN_BBYMAX": 0, "MAX_BBYMAX": 0, "MEAN_BBXC": 0, "MEAN_BBYC": 0, "TIMEZONE": null, "UN_FID": 0, "POP1950": 0, "POP1955": 0, "POP1960": 0, "POP1965": 0, "POP1970": 0, "POP1975": 0, "POP1980": 0, "POP1985": 0, "POP1990": 0, "POP1995": 0, "POP2000": 0, "POP2005": 0, "POP2010": 0, "POP2015": 0, "POP2020": 0, "POP2025": 0, "POP2050": 0, "MIN_ZOOM": 6.7, "WIKIDATAID": null, "WOF_ID": 1141908171, "CAPALT": 0, "NAME_EN": "Luiana", "NAME_DE": "Luiana", "NAME_ES": "Luiana", "NAME_FR": "Luiana", "NAME_PT": "Luiana", "NAME_RU": "Луиана", "NAME_ZH": "卢亚纳", "LABEL": null, "NAME_AR": "لويانا", "NAME_BN": "লিউয়ানা", "NAME_EL": "Λουιάνα", "NAME_HI": "लुइआना", "NAME_HU": "Luiana", "NAME_ID": "Luiana", "NAME_IT": "Luiana", "NAME_JA": "ルイアナ", "NAME_KO": "루이아나", "NAME_NL": "Luiana", "NAME_PL": "Luiana", "NAME_SV": "Luiana", "NAME_TR": "Luiana", "NAME_VI": "Luiana", "NE_ID": 1159144751, "NAME_FA": "لوئیانا", "NAME_HE": "לויאנה", "NAME_UK": "Луїана", "NAME_UR": "لوئیانا", "NAME_ZHT": "盧亞那", "GEONAMESID": -1, "FCLASS_ISO": null, "FCLASS_US": null, "FCLASS_FR": null, "FCLASS_RU": null, "FCLASS_ES": null, "FCLASS_CN": null, "FCLASS_TW": null, "FCLASS_IN": null, "FCLASS_NP": null, "FCLASS_PK": null, "FCLASS_DE": null, "FCLASS_GB": null, "FCLASS_BR": null, "FCLASS_IL": null, "FCLASS_PS": null, "FCLASS_SA": null, "FCLASS_EG": null, "FCLASS_MA": null, "FCLASS_PT": null, "FCLASS_AR": null, "FCLASS_JP": null, "FCLASS_KO": null, "FCLASS_VN": null, "FCLASS_TR": null, "FCLASS_ID": null, "FCLASS_PL": null, "FCLASS_GR": null, "FCLASS_IT": null, "FCLASS_NL": null, "FCLASS_SE": null, "FCLASS_BD": null, "FCLASS_UA": null, "FCLASS_TLC": null}, "bbox": [22.999981, -17.369548, 22.999981, -17.369548], "geometry": {"type": "Point", "coordinates": [22.999981, -17.369548]}}, {"type": "Feature", "properties": {"SCALERANK": 7, "NATSCALE": 20, "LABELRANK": 6, "FEATURECLA": "Admin-1 capital", "NAME": "Ondjiva", "NAMEPAR": null, "NAMEALT": "Onjiva", "NAMEASCII": "Ondjiva", "ADM0CAP": 0, "CAPIN": null, "WORLDCITY": 0, "MEGACITY": 0, "SOV0NAME": "Angola", "SOV_A3": "AGO", "ADM0NAME": "Angola", "ADM0_A3": "AGO", "ADM1NAME": "Cunene", "ISO_A2": "AO", "NOTE": null, "LATITUDE": -17.069618, "LONGITUDE": 15.730037, "POP_MAX": 10169, "POP_MIN": 7327, "POP_OTHER": 7327, "RANK_MAX": 6, "RANK_MIN": 5, "MEGANAME": null, "LS_NAME": "Ondjiva", "MAX_POP10": 7327, "MAX_POP20": 0, "MAX_POP50": 0, "MAX_POP300": 0, "MAX_POP310": 0, "MAX_NATSCA": 10, "MIN_AREAKM": 2, "MAX_AREAKM": 2, "MIN_AREAMI": 1, "MAX_AREAMI": 1, "MIN_PERKM": 7, "MAX_PERKM": 7, "MIN_PERMI": 4, "MAX_PERMI": 4, "MIN_BBXMIN": 15.716667, "MAX_BBXMIN": 15.716667, "MIN_BBXMAX": 15.733333, "MAX_BBXMAX": 15.733333, "MIN_BBYMIN": -17.075, "MAX_BBYMIN": -17.075, "MIN_BBYMAX": -17.058333, "MAX_BBYMAX": -17.058333, "MEAN_BBXC": 15.726389, "MEAN_BBYC": -17.068056, "TIMEZONE": "Africa/Luanda", "UN_FID": 0, "POP1950": 0, "POP1955": 0, "POP1960": 0, "POP1965": 0, "POP1970": 0, "POP1975": 0, "POP1980": 0, "POP1985": 0, "POP1990": 0, "POP1995": 0, "POP2000": 0, "POP2005": 0, "POP2010": 0, "POP2015": 0, "POP2020": 0, "POP2025": 0, "POP2050": 0, "MIN_ZOOM": 6.7, "WIKIDATAID": "Q635045", "WOF_ID": 421173959, "CAPALT": 0, "NAME_EN": "Ondjiva", "NAME_DE": "Ondjiva", "NAME_ES": "Ondjiva", "NAME_FR": "Ondjiva", "NAME_PT": "Ondjiva", "NAME_RU": "Онджива", "NAME_ZH": "翁吉瓦", "LABEL": null, "NAME_AR": "اوندجيفا", "NAME_BN": "অন্দজিভা", "NAME_EL": "Οντζίβα", "NAME_HI": "अन्जिवा", "NAME_HU": "Ondjiva", "NAME_ID": "Ondjiva", "NAME_IT": "Ondjiva", "NAME_JA": "オンジヴァ", "NAME_KO": "온지바", "NAME_NL": "Ondjiva", "NAME_PL": "Ondjiva", "NAME_SV": "Ondjiva", "NAME_TR": "Ondjiva", "NAME_VI": "Ondjiva", "NE_ID": 1159144755, "NAME_FA": "اندژیوا", "NAME_HE": "אונדג'יבה", "NAME_UK": "Онджива", "NAME_UR": "اندجیوا", "NAME_ZHT": "翁吉瓦", "GEONAMESID": 3346821, "FCLASS_ISO": null, "FCLASS_US": null, "FCLASS_FR": null, "FCLASS_RU": null, "FCLASS_ES": null, "FCLASS_CN": null, "FCLASS_TW": null, "FCLASS_IN": null, "FCLASS_NP": null, "FCLASS_PK": null, "FCLASS_DE": null, "FCLASS_GB": null, "FCLASS_BR": null, "FCLASS_IL": null, "FCLASS_PS": null, "FCLASS_SA": null, "FCLASS_EG": null, "FCLASS_MA": null, "FCLASS_PT": null, "FCLASS_AR": null, "FCLASS_JP": null, "FCLASS_KO": null, "FCLASS_VN": null, "FCLASS_TR": null, "FCLASS_ID": null, "FCLASS_PL": null, "FCLASS_GR": null, "FCLASS_IT": null, "FCLASS_NL": null, "FCLASS_SE": null, "FCLASS_BD": null, "FCLASS_UA": null, "FCLASS_TLC": null}, "bbox": [15.730037, -17.069618, 15.730037, -17.069618], "geometry": {"type": "Point", "coordinates": [15.730037, -17.069618]}}, {"type": "Feature", "properties": {"SCALERANK": 7, "NATSCALE": 20, "LABELRANK": 6, "FEATURECLA": "Populated place", "NAME": "Chitado", "NAMEPAR": null, "NAMEALT": null, "NAMEASCII": "Chitado", "ADM0CAP": 0, "CAPIN": null, "WORLDCITY": 0, "MEGACITY": 0, "SOV0NAME": "Angola", "SOV_A3": "AGO", "ADM0NAME": "Angola", "ADM0_A3": "AGO", "ADM1NAME": "Cunene", "ISO_A2": "AO", "NOTE": null, "LATITUDE": -17.319629, "LONGITUDE": 13.920018, "POP_MAX": 500, "POP_MIN": 437, "POP_OTHER": 0, "RANK_MAX": 2, "RANK_MIN": 2, "MEGANAME": null, "LS_NAME": "Chitado", "MAX_POP10": 0, "MAX_POP20": 0, "MAX_POP50": 0, "MAX_POP300": 0, "MAX_POP310": 0, "MAX_NATSCA": 0, "MIN_AREAKM": 0, "MAX_AREAKM": 0, "MIN_AREAMI": 0, "MAX_AREAMI": 0, "MIN_PERKM": 0, "MAX_PERKM": 0, "MIN_PERMI": 0, "MAX_PERMI": 0, "MIN_BBXMIN": 0, "MAX_BBXMIN": 0, "MIN_BBXMAX": 0, "MAX_BBXMAX": 0, "MIN_BBYMIN": 0, "MAX_BBYMIN": 0, "MIN_BBYMAX": 0, "MAX_BBYMAX": 0, "MEAN_BBXC": 0, "MEAN_BBYC": 0, "TIMEZONE": null, "UN_FID": 0, "POP1950": 0, "POP1955": 0, "POP1960": 0, "POP1965": 0, "POP1970": 0, "POP1975": 0, "POP1980": 0, "POP1985": 0, "POP1990": 0, "POP1995": 0, "POP2000": 0, "POP2005": 0, "POP2010": 0, "POP2015": 0, "POP2020": 0, "POP2025": 0, "POP2050": 0, "MIN_ZOOM": 6.7, "WIKIDATAID": "Q17165769", "WOF_ID": 1141908173, "CAPALT": 0, "NAME_EN": "Chitado", "NAME_DE": "Chitado", "NAME_ES": "Chitado", "NAME_FR": "Chitado", "NAME_PT": "Chitado", "NAME_RU": "Читадо", "NAME_ZH": "希塔多", "LABEL": "Chitado", "NAME_AR": "شيتادو", "NAME_BN": "চিতাদো", "NAME_EL": "Τσιτάδο", "NAME_HI": "चिताडो", "NAME_HU": "Chitado", "NAME_ID": "Chitado", "NAME_IT": "Chitado", "NAME_JA": "チタド", "NAME_KO": "치타도", "NAME_NL": "Chitado", "NAME_PL": "Chitado", "NAME_SV": "Chitado", "NAME_TR": "Chitado", "NAME_VI": "Chitado", "NE_ID": 1159144759, "NAME_FA": "چیتادا", "NAME_HE": "צ'יטדו", "NAME_UK": "Чітадо", "NAME_UR": "چیتادو", "NAME_ZHT": "希塔多", "GEONAMESID": -1, "FCLASS_ISO": null, "FCLASS_US": null, "FCLASS_FR": null, "FCLASS_RU": null, "FCLASS_ES": null, "FCLASS_CN": null, "FCLASS_TW": null, "FCLASS_IN": null, "FCLASS_NP": null, "FCLASS_PK": null, "FCLASS_DE": null, "FCLASS_GB": null, "FCLASS_BR": null, "FCLASS_IL": null, "FCLASS_PS": null, "FCLASS_SA": null, "FCLASS_EG": null, "FCLASS_MA": null, "FCLASS_PT": null, "FCLASS_AR": null, "FCLASS_JP": null, "FCLASS_KO": null, "FCLASS_VN": null, "FCLASS_TR": null, "FCLASS_ID": null, "FCLASS_PL": null, "FCLASS_GR": null, "FCLASS_IT": null, "FCLASS_NL": null, "FCLASS_SE": null, "FCLASS_BD": null, "FCLASS_UA": null, "FCLASS_TLC": null}, "bbox": [13.920018, -17.319629, 13.920018, -17.319629], "geometry": {"type": "Point", "coordinates": [13.920018, -17.319629]}}, {"type": "Feature", "properties": {"SCALERANK": 7, "NATSCALE": 20, "LABELRANK": 7, "FEATURECLA": "Populated place", "NAME": "Lokhwabe", "NAMEPAR": null, "NAMEALT": null, "NAMEASCII": "Lokhwabe", "ADM0CAP": 0, "CAPIN": null, "WORLDCITY": 0, "MEGACITY": 0, "SOV0NAME": "Botswana", "SOV_A3": "BWA", "ADM0NAME": "Botswana", "ADM0_A3": "BWA", "ADM1NAME": "Kgalagadi", "ISO_A2": "BW", "NOTE": null, "LATITUDE": -24.169598, "LONGITUDE": 21.830026, "POP_MAX": 1473, "POP_MIN": 1473, "POP_OTHER": 0, "RANK_MAX": 3, "RANK_MIN": 3, "MEGANAME": null, "LS_NAME": "Lokhwabe", "MAX_POP10": 0, "MAX_POP20": 0, "MAX_POP50": 0, "MAX_POP300": 0, "MAX_POP310": 0, "MAX_NATSCA": 0, "MIN_AREAKM": 0, "MAX_AREAKM": 0, "MIN_AREAMI": 0, "MAX_AREAMI": 0, "MIN_PERKM": 0, "MAX_PERKM": 0, "MIN_PERMI": 0, "MAX_PERMI": 0, "MIN_BBXMIN": 0, "MAX_BBXMIN": 0, "MIN_BBXMAX": 0, "MAX_BBXMAX": 0, "MIN_BBYMIN": 0, "MAX_BBYMIN": 0, "MIN_BBYMAX": 0, "MAX_BBYMAX": 0, "MEAN_BBXC": 0, "MEAN_BBYC": 0, "TIMEZONE": "Africa/Gaborone", "UN_FID": 0, "POP1950": 0, "POP1955": 0, "POP1960": 0, "POP1965": 0, "POP1970": 0, "POP1975": 0, "POP1980": 0, "POP1985": 0, "POP1990": 0, "POP1995": 0, "POP2000": 0, "POP2005": 0, "POP2010": 0, "POP2015": 0, "POP2020": 0, "POP2025": 0, "POP2050": 0, "MIN_ZOOM": 6.7, "WIKIDATAID": "Q170657", "WOF_ID": 890431955, "CAPALT": 0, "NAME_EN": "Lokgwabe", "NAME_DE": "Lokhwabe", "NAME_ES": "Lokhwabe", "NAME_FR": "Lokgwabe", "NAME_PT": "Lokgwabe", "NAME_RU": "Локгвабе", "NAME_ZH": "洛克瓦贝", "LABEL": null, "NAME_AR": "لوكهوابي", "NAME_BN": "লোখোয়াবে", "NAME_EL": "Λοκγκουάμπε", "NAME_HI": "लोख्ववे", "NAME_HU": "Lokhwabe", "NAME_ID": "Lokhwabe", "NAME_IT": "Lokgwabe", "NAME_JA": "ロクワベ", "NAME_KO": "로크와베", "NAME_NL": "Lokgwabe", "NAME_PL": "Lokgwabe", "NAME_SV": "Lokgwabe", "NAME_TR": "Lokhwabe", "NAME_VI": "Lokhwabe", "NE_ID": 1159145165, "NAME_FA": "لوخوابه", "NAME_HE": "לוקוובה", "NAME_UK": "Локхвабе", "NAME_UR": "لوکھوابے", "NAME_ZHT": "洛克瓦貝", "GEONAMESID": 933510, "FCLASS_ISO": null, "FCLASS_US": null, "FCLASS_FR": null, "FCLASS_RU": null, "FCLASS_ES": null, "FCLASS_CN": null, "FCLASS_TW": null, "FCLASS_IN": null, "FCLASS_NP": null, "FCLASS_PK": null, "FCLASS_DE": null, "FCLASS_GB": null, "FCLASS_BR": null, "FCLASS_IL": null, "FCLASS_PS": null, "FCLASS_SA": null, "FCLASS_EG": null, "FCLASS_MA": null, "FCLASS_PT": null, "FCLASS_AR": null, "FCLASS_JP": null, "FCLASS_KO": null, "FCLASS_VN": null, "FCLASS_TR": null, "FCLASS_ID": null, "FCLASS_PL": null, "FCLASS_GR": null, "FCLASS_IT": null, "FCLASS_NL": null, "FCLASS_SE": null, "FCLASS_BD": null, "FCLASS_UA": null, "FCLASS_TLC": null}, "bbox": [21.830026, -24.169598, 21.830026, -24.169598], "geometry": {"type": "Point", "coordinates": [21.830026, -24.169598]}}, {"type": "Feature", "properties": {"SCALERANK": 7, "NATSCALE": 20, "LABELRANK": 7, "FEATURECLA": "Populated place", "NAME": "Lehututu", "NAMEPAR": null, "NAMEALT": null, "NAMEASCII": "Lehututu", "ADM0CAP": 0, "CAPIN": null, "WORLDCITY": 0, "MEGACITY": 0, "SOV0NAME": "Botswana", "SOV_A3": "BWA", "ADM0NAME": "Botswana", "ADM0_A3": "BWA", "ADM1NAME": "Kgalagadi", "ISO_A2": "BW", "NOTE": null, "LATITUDE": -23.969611, "LONGITUDE": 21.870024, "POP_MAX": 1942, "POP_MIN": 1942, "POP_OTHER": 0, "RANK_MAX": 3, "RANK_MIN": 3, "MEGANAME": null, "LS_NAME": "Lehututu", "MAX_POP10": 0, "MAX_POP20": 0, "MAX_POP50": 0, "MAX_POP300": 0, "MAX_POP310": 0, "MAX_NATSCA": 0, "MIN_AREAKM": 0, "MAX_AREAKM": 0, "MIN_AREAMI": 0, "MAX_AREAMI": 0, "MIN_PERKM": 0, "MAX_PERKM": 0, "MIN_PERMI": 0, "MAX_PERMI": 0, "MIN_BBXMIN": 0, "MAX_BBXMIN": 0, "MIN_BBXMAX": 0, "MAX_BBXMAX": 0, "MIN_BBYMIN": 0, "MAX_BBYMIN": 0, "MIN_BBYMAX": 0, "MAX_BBYMAX": 0, "MEAN_BBXC": 0, "MEAN_BBYC": 0, "TIMEZONE": "Africa/Gaborone", "UN_FID": 0, "POP1950": 0, "POP1955": 0, "POP1960": 0, "POP1965": 0, "POP1970": 0, "POP1975": 0, "POP1980": 0, "POP1985": 0, "POP1990": 0, "POP1995": 0, "POP2000": 0, "POP2005": 0, "POP2010": 0, "POP2015": 0, "POP2020": 0, "POP2025": 0, "POP2050": 0, "MIN_ZOOM": 6.7, "WIKIDATAID": "Q170646", "WOF_ID": 890432027, "CAPALT": 0, "NAME_EN": "Lehututu", "NAME_DE": "Lehututu", "NAME_ES": "Lehututu", "NAME_FR": "Lehututu", "NAME_PT": "Lehututu", "NAME_RU": "Лехутуту", "NAME_ZH": "莱胡图图", "LABEL": null, "NAME_AR": "ليهوتو", "NAME_BN": "লেহুতুতু", "NAME_EL": "Λεχουτούτου", "NAME_HI": "लेहुटूटू", "NAME_HU": "Lehututu", "NAME_ID": "Lehututu", "NAME_IT": "Lehututu", "NAME_JA": "レフトゥトゥ", "NAME_KO": "레후투투", "NAME_NL": "Lehututu", "NAME_PL": "Lehututu", "NAME_SV": "Lehututu", "NAME_TR": "Lehututu", "NAME_VI": "Lehututu", "NE_ID": 1159145169, "NAME_FA": "لهوتوتو", "NAME_HE": "לחוטוטו", "NAME_UK": "Лехутуту", "NAME_UR": "لیہوٹو", "NAME_ZHT": "萊胡圖圖", "GEONAMESID": 933548, "FCLASS_ISO": null, "FCLASS_US": null, "FCLASS_FR": null, "FCLASS_RU": null, "FCLASS_ES": null, "FCLASS_CN": null, "FCLASS_TW": null, "FCLASS_IN": null, "FCLASS_NP": null, "FCLASS_PK": null, "FCLASS_DE": null, "FCLASS_GB": null, "FCLASS_BR": null, "FCLASS_IL": null, "FCLASS_PS": null, "FCLASS_SA": null, "FCLASS_EG": null, "FCLASS_MA": null, "FCLASS_PT": null, "FCLASS_AR": null, "FCLASS_JP": null, "FCLASS_KO": null, "FCLASS_VN": null, "FCLASS_TR": null, "FCLASS_ID": null, "FCLASS_PL": null, "FCLASS_GR": null, "FCLASS_IT": null, "FCLASS_NL": null, "FCLASS_SE": null, "FCLASS_BD": null, "FCLASS_UA": null, "FCLASS_TLC": null}, "bbox": [21.870024, -23.969611, 21.870024, -23.969611], "geometry": {"type": "Point", "coordinates": [21.870024, -23.969611]}}, {"type": "Feature", "properties": {"SCALERANK": 7, "NATSCALE": 20, "LABELRANK": 7, "FEATURECLA": "Admin-1 capital", "NAME": "Tshabong", "NAMEPAR": null, "NAMEALT": "Tsabong", "NAMEASCII": "Tshabong", "ADM0CAP": 0, "CAPIN": null, "WORLDCITY": 0, "MEGACITY": 0, "SOV0NAME": "Botswana", "SOV_A3": "BWA", "ADM0NAME": "Botswana", "ADM0_A3": "BWA", "ADM1NAME": "Kgalagadi", "ISO_A2": "BW", "NOTE": null, "LATITUDE": -26.009486, "LONGITUDE": 22.400018, "POP_MAX": 9679, "POP_MIN": 9679, "POP_OTHER": 9679, "RANK_MAX": 5, "RANK_MIN": 5, "MEGANAME": null, "LS_NAME": "Tshabong", "MAX_POP10": 9679, "MAX_POP20": 9679, "MAX_POP50": 0, "MAX_POP300": 0, "MAX_POP310": 0, "MAX_NATSCA": 20, "MIN_AREAKM": 5, "MAX_AREAKM": 5, "MIN_AREAMI": 2, "MAX_AREAMI": 2, "MIN_PERKM": 9, "MAX_PERKM": 9, "MIN_PERMI": 5, "MAX_PERMI": 5, "MIN_BBXMIN": 22.391667, "MAX_BBXMIN": 22.391667, "MIN_BBXMAX": 22.408333, "MAX_BBXMAX": 22.408333, "MIN_BBYMIN": -26.033333, "MAX_BBYMIN": -26.033333, "MIN_BBYMAX": -26.008333, "MAX_BBYMAX": -26.008333, "MEAN_BBXC": 22.4, "MEAN_BBYC": -26.020833, "TIMEZONE": "Africa/Gaborone", "UN_FID": 0, "POP1950": 0, "POP1955": 0, "POP1960": 0, "POP1965": 0, "POP1970": 0, "POP1975": 0, "POP1980": 0, "POP1985": 0, "POP1990": 0, "POP1995": 0, "POP2000": 0, "POP2005": 0, "POP2010": 0, "POP2015": 0, "POP2020": 0, "POP2025": 0, "POP2050": 0, "MIN_ZOOM": 6.7, "WIKIDATAID": "Q170727", "WOF_ID": 421170737, "CAPALT": 0, "NAME_EN": "Tshabong", "NAME_DE": "Tshabong", "NAME_ES": "Tsabong", "NAME_FR": "Tsabong", "NAME_PT": "Tshabong", "NAME_RU": "Чабонг", "NAME_ZH": "察邦", "LABEL": null, "NAME_AR": "تسابونغ", "NAME_BN": "তঁসাবং", "NAME_EL": "Τσαμπόνγκ", "NAME_HI": "सबोंग", "NAME_HU": "Tshabong", "NAME_ID": "Tshabong", "NAME_IT": "Tsabong", "NAME_JA": "ツァボン", "NAME_KO": "차봉", "NAME_NL": "Tshabong", "NAME_PL": "Tshabong", "NAME_SV": "Tshabong", "NAME_TR": "Tsabong", "NAME_VI": "Tshabong", "NE_ID": 1159145173, "NAME_FA": "تشابونگ", "NAME_HE": "טסאבונג", "NAME_UK": "Чабонг", "NAME_UR": "تشابونج", "NAME_ZHT": "察邦", "GEONAMESID": 932987, "FCLASS_ISO": null, "FCLASS_US": null, "FCLASS_FR": null, "FCLASS_RU": null, "FCLASS_ES": null, "FCLASS_CN": null, "FCLASS_TW": null, "FCLASS_IN": null, "FCLASS_NP": null, "FCLASS_PK": null, "FCLASS_DE": null, "FCLASS_GB": null, "FCLASS_BR": null, "FCLASS_IL": null, "FCLASS_PS": null, "FCLASS_SA": null, "FCLASS_EG": null, "FCLASS_MA": null, "FCLASS_PT": null, "FCLASS_AR": null, "FCLASS_JP": null, "FCLASS_KO": null, "FCLASS_VN": null, "FCLASS_TR": null, "FCLASS_ID": null, "FCLASS_PL": null, "FCLASS_GR": null, "FCLASS_IT": null, "FCLASS_NL": null, "FCLASS_SE": null, "FCLASS_BD": null, "FCLASS_UA": null, "FCLASS_TLC": null}, "bbox": [22.400018, -26.009486, 22.400018, -26.009486], "geometry": {"type": "Point", "coordinates": [22.400018, -26.009486]}}, {"type": "Feature", "properties": {"SCALERANK": 7, "NATSCALE": 20, "LABELRANK": 7, "FEATURECLA": "Populated place", "NAME": "Tsau", "NAMEPAR": null, "NAMEALT": null, "NAMEASCII": "Tsau", "ADM0CAP": 0, "CAPIN": null, "WORLDCITY": 0, "MEGACITY": 0, "SOV0NAME": "Botswana", "SOV_A3": "BWA", "ADM0NAME": "Botswana", "ADM0_A3": "BWA", "ADM1NAME": "North-West", "ISO_A2": "BW", "NOTE": null, "LATITUDE": -20.159611, "LONGITUDE": 22.459962, "POP_MAX": 1409, "POP_MIN": 1409, "POP_OTHER": 0, "RANK_MAX": 3, "RANK_MIN": 3, "MEGANAME": null, "LS_NAME": "Tsau", "MAX_POP10": 0, "MAX_POP20": 0, "MAX_POP50": 0, "MAX_POP300": 0, "MAX_POP310": 0, "MAX_NATSCA": 0, "MIN_AREAKM": 0, "MAX_AREAKM": 0, "MIN_AREAMI": 0, "MAX_AREAMI": 0, "MIN_PERKM": 0, "MAX_PERKM": 0, "MIN_PERMI": 0, "MAX_PERMI": 0, "MIN_BBXMIN": 0, "MAX_BBXMIN": 0, "MIN_BBXMAX": 0, "MAX_BBXMAX": 0, "MIN_BBYMIN": 0, "MAX_BBYMIN": 0, "MIN_BBYMAX": 0, "MAX_BBYMAX": 0, "MEAN_BBXC": 0, "MEAN_BBYC": 0, "TIMEZONE": "Africa/Gaborone", "UN_FID": 0, "POP1950": 0, "POP1955": 0, "POP1960": 0, "POP1965": 0, "POP1970": 0, "POP1975": 0, "POP1980": 0, "POP1985": 0, "POP1990": 0, "POP1995": 0, "POP2000": 0, "POP2005": 0, "POP2010": 0, "POP2015": 0, "POP2020": 0, "POP2025": 0, "POP2050": 0, "MIN_ZOOM": 6.7, "WIKIDATAID": "Q166943", "WOF_ID": 890443483, "CAPALT": 0, "NAME_EN": "Tsao", "NAME_DE": "Tsau", "NAME_ES": "Tsau", "NAME_FR": "Tsao", "NAME_PT": "Tsao", "NAME_RU": "Цау", "NAME_ZH": "察奥", "LABEL": null, "NAME_AR": "تساو", "NAME_BN": "সাউ", "NAME_EL": "Τσάου", "NAME_HI": "त्साऊ", "NAME_HU": "Tsau", "NAME_ID": "Tsau", "NAME_IT": "Tsao", "NAME_JA": "ツァオ", "NAME_KO": "챠우", "NAME_NL": "Tsao", "NAME_PL": "Tsao", "NAME_SV": "Tsao", "NAME_TR": "Tsau", "NAME_VI": "Tsau", "NE_ID": 1159145177, "NAME_FA": "تیسائو", "NAME_HE": "טסאו", "NAME_UK": "Тсау", "NAME_UR": "ٹساؤ", "NAME_ZHT": "特圖", "GEONAMESID": 932993, "FCLASS_ISO": null, "FCLASS_US": null, "FCLASS_FR": null, "FCLASS_RU": null, "FCLASS_ES": null, "FCLASS_CN": null, "FCLASS_TW": null, "FCLASS_IN": null, "FCLASS_NP": null, "FCLASS_PK": null, "FCLASS_DE": null, "FCLASS_GB": null, "FCLASS_BR": null, "FCLASS_IL": null, "FCLASS_PS": null, "FCLASS_SA": null, "FCLASS_EG": null, "FCLASS_MA": null, "FCLASS_PT": null, "FCLASS_AR": null, "FCLASS_JP": null, "FCLASS_KO": null, "FCLASS_VN": null, "FCLASS_TR": null, "FCLASS_ID": null, "FCLASS_PL": null, "FCLASS_GR": null, "FCLASS_IT": null, "FCLASS_NL": null, "FCLASS_SE": null, "FCLASS_BD": null, "FCLASS_UA": null, "FCLASS_TLC": null}, "bbox": [22.459962, -20.159611, 22.459962, -20.159611], "geometry": {"type": "Point", "coordinates": [22.459962, -20.159611]}}, {"type": "Feature", "properties": {"SCALERANK": 7, "NATSCALE": 20, "LABELRANK": 7, "FEATURECLA": "Populated place", "NAME": "Nokaneng", "NAMEPAR": null, "NAMEALT": null, "NAMEASCII": "Nokaneng", "ADM0CAP": 0, "CAPIN": null, "WORLDCITY": 0, "MEGACITY": 0, "SOV0NAME": "Botswana", "SOV_A3": "BWA", "ADM0NAME": "Botswana", "ADM0_A3": "BWA", "ADM1NAME": "North-West", "ISO_A2": "BW", "NOTE": null, "LATITUDE": -19.669615, "LONGITUDE": 22.27, "POP_MAX": 1763, "POP_MIN": 1763, "POP_OTHER": 0, "RANK_MAX": 3, "RANK_MIN": 3, "MEGANAME": null, "LS_NAME": "Nokaneng", "MAX_POP10": 0, "MAX_POP20": 0, "MAX_POP50": 0, "MAX_POP300": 0, "MAX_POP310": 0, "MAX_NATSCA": 0, "MIN_AREAKM": 0, "MAX_AREAKM": 0, "MIN_AREAMI": 0, "MAX_AREAMI": 0, "MIN_PERKM": 0, "MAX_PERKM": 0, "MIN_PERMI": 0, "MAX_PERMI": 0, "MIN_BBXMIN": 0, "MAX_BBXMIN": 0, "MIN_BBXMAX": 0, "MAX_BBXMAX": 0, "MIN_BBYMIN": 0, "MAX_BBYMIN": 0, "MIN_BBYMAX": 0, "MAX_BBYMAX": 0, "MEAN_BBXC": 0, "MEAN_BBYC": 0, "TIMEZONE": "Africa/Gaborone", "UN_FID": 0, "POP1950": 0, "POP1955": 0, "POP1960": 0, "POP1965": 0, "POP1970": 0, "POP1975": 0, "POP1980": 0, "POP1985": 0, "POP1990": 0, "POP1995": 0, "POP2000": 0, "POP2005": 0, "POP2010": 0, "POP2015": 0, "POP2020": 0, "POP2025": 0, "POP2050": 0, "MIN_ZOOM": 6.7, "WIKIDATAID": "Q171157", "WOF_ID": 890415449, "CAPALT": 0, "NAME_EN": "Nokaneng", "NAME_DE": "Nokaneng", "NAME_ES": "Nokaneng", "NAME_FR": "Nokaneng", "NAME_PT": "Nokaneng", "NAME_RU": "Ноканенг", "NAME_ZH": "诺卡能", "LABEL": null, "NAME_AR": "نوكينغ", "NAME_BN": "নোকানেং", "NAME_EL": "Νοκανένγκ", "NAME_HI": "नोकानेंग", "NAME_HU": "Nokaneng", "NAME_ID": "Nokaneng", "NAME_IT": "Nokaneng", "NAME_JA": "ノカネン", "NAME_KO": "노카냉", "NAME_NL": "Nokaneng", "NAME_PL": "Nokaneng", "NAME_SV": "Nokaneng", "NAME_TR": "Nokaneng", "NAME_VI": "Nokaneng", "NE_ID": 1159145185, "NAME_FA": "نوکاننگ", "NAME_HE": "נוקנג", "NAME_UK": "Ноканенг", "NAME_UR": "نوکانینگ", "NAME_ZHT": "諾卡能", "GEONAMESID": 933211, "FCLASS_ISO": null, "FCLASS_US": null, "FCLASS_FR": null, "FCLASS_RU": null, "FCLASS_ES": null, "FCLASS_CN": null, "FCLASS_TW": null, "FCLASS_IN": null, "FCLASS_NP": null, "FCLASS_PK": null, "FCLASS_DE": null, "FCLASS_GB": null, "FCLASS_BR": null, "FCLASS_IL": null, "FCLASS_PS": null, "FCLASS_SA": null, "FCLASS_EG": null, "FCLASS_MA": null, "FCLASS_PT": null, "FCLASS_AR": null, "FCLASS_JP": null, "FCLASS_KO": null, "FCLASS_VN": null, "FCLASS_TR": null, "FCLASS_ID": null, "FCLASS_PL": null, "FCLASS_GR": null, "FCLASS_IT": null, "FCLASS_NL": null, "FCLASS_SE": null, "FCLASS_BD": null, "FCLASS_UA": null, "FCLASS_TLC": null}, "bbox": [22.27, -19.669615, 22.27, -19.669615], "geometry": {"type": "Point", "coordinates": [22.27, -19.669615]}}, {"type": "Feature", "properties": {"SCALERANK": 7, "NATSCALE": 20, "LABELRANK": 7, "FEATURECLA": "Populated place", "NAME": "Mohembo", "NAMEPAR": null, "NAMEALT": null, "NAMEASCII": "Mohembo", "ADM0CAP": 0, "CAPIN": null, "WORLDCITY": 0, "MEGACITY": 0, "SOV0NAME": "Botswana", "SOV_A3": "BWA", "ADM0NAME": "Botswana", "ADM0_A3": "BWA", "ADM1NAME": "North-West", "ISO_A2": "BW", "NOTE": null, "LATITUDE": -18.299569, "LONGITUDE": 21.800002, "POP_MAX": 757, "POP_MIN": 757, "POP_OTHER": 0, "RANK_MAX": 2, "RANK_MIN": 2, "MEGANAME": null, "LS_NAME": "Mohembo", "MAX_POP10": 0, "MAX_POP20": 0, "MAX_POP50": 0, "MAX_POP300": 0, "MAX_POP310": 0, "MAX_NATSCA": 0, "MIN_AREAKM": 0, "MAX_AREAKM": 0, "MIN_AREAMI": 0, "MAX_AREAMI": 0, "MIN_PERKM": 0, "MAX_PERKM": 0, "MIN_PERMI": 0, "MAX_PERMI": 0, "MIN_BBXMIN": 0, "MAX_BBXMIN": 0, "MIN_BBXMAX": 0, "MAX_BBXMAX": 0, "MIN_BBYMIN": 0, "MAX_BBYMIN": 0, "MIN_BBYMAX": 0, "MAX_BBYMAX": 0, "MEAN_BBXC": 0, "MEAN_BBYC": 0, "TIMEZONE": null, "UN_FID": 0, "POP1950": 0, "POP1955": 0, "POP1960": 0, "POP1965": 0, "POP1970": 0, "POP1975": 0, "POP1980": 0, "POP1985": 0, "POP1990": 0, "POP1995": 0, "POP2000": 0, "POP2005": 0, "POP2010": 0, "POP2015": 0, "POP2020": 0, "POP2025": 0, "POP2050": 0, "MIN_ZOOM": 6.7, "WIKIDATAID": "Q171089", "WOF_ID": 1141908261, "CAPALT": 0, "NAME_EN": "Mohembo West", "NAME_DE": "Mohembo", "NAME_ES": "Mohembo", "NAME_FR": "Mohembo West", "NAME_PT": "Mohembo West", "NAME_RU": "Мохембо-Уэст", "NAME_ZH": "莫恒博", "LABEL": null, "NAME_AR": "موهمبو", "NAME_BN": "মোহেম্বো", "NAME_EL": "Μοχέμπο", "NAME_HI": "मोहेम्बो", "NAME_HU": "Mohembo", "NAME_ID": "Mohembo", "NAME_IT": "Mohembo West", "NAME_JA": "モヘンボ", "NAME_KO": "모헴보", "NAME_NL": "Mohembo West", "NAME_PL": "Mohembo West", "NAME_SV": "Mohembo West", "NAME_TR": "Mohembo", "NAME_VI": "Mohembo", "NE_ID": 1159145189, "NAME_FA": "موهمبو", "NAME_HE": "מוחמבו", "NAME_UK": "Мохембо", "NAME_UR": "موہیمبو", "NAME_ZHT": "莫恆博", "GEONAMESID": -1, "FCLASS_ISO": null, "FCLASS_US": null, "FCLASS_FR": null, "FCLASS_RU": null, "FCLASS_ES": null, "FCLASS_CN": null, "FCLASS_TW": null, "FCLASS_IN": null, "FCLASS_NP": null, "FCLASS_PK": null, "FCLASS_DE": null, "FCLASS_GB": null, "FCLASS_BR": null, "FCLASS_IL": null, "FCLASS_PS": null, "FCLASS_SA": null, "FCLASS_EG": null, "FCLASS_MA": null, "FCLASS_PT": null, "FCLASS_AR": null, "FCLASS_JP": null, "FCLASS_KO": null, "FCLASS_VN": null, "FCLASS_TR": null, "FCLASS_ID": null, "FCLASS_PL": null, "FCLASS_GR": null, "FCLASS_IT": null, "FCLASS_NL": null, "FCLASS_SE": null, "FCLASS_BD": null, "FCLASS_UA": null, "FCLASS_TLC": null}, "bbox": [21.800002, -18.299569, 21.800002, -18.299569], "geometry": {"type": "Point", "coordinates": [21.800002, -18.299569]}}, {"type": "Feature", "properties": {"SCALERANK": 7, "NATSCALE": 20, "LABELRANK": 7, "FEATURECLA": "Admin-1 capital", "NAME": "Maun", "NAMEPAR": null, "NAMEALT": null, "NAMEASCII": "Maun", "ADM0CAP": 0, "CAPIN": null, "WORLDCITY": 0, "MEGACITY": 0, "SOV0NAME": "Botswana", "SOV_A3": "BWA", "ADM0NAME": "Botswana", "ADM0_A3": "BWA", "ADM1NAME": "North-West", "ISO_A2": "BW", "NOTE": null, "LATITUDE": -19.989595, "LONGITUDE": 23.420007, "POP_MAX": 49945, "POP_MIN": 44173, "POP_OTHER": 44173, "RANK_MAX": 7, "RANK_MIN": 7, "MEGANAME": null, "LS_NAME": "Maun", "MAX_POP10": 44173, "MAX_POP20": 44173, "MAX_POP50": 0, "MAX_POP300": 0, "MAX_POP310": 0, "MAX_NATSCA": 20, "MIN_AREAKM": 19, "MAX_AREAKM": 19, "MIN_AREAMI": 7, "MAX_AREAMI": 7, "MIN_PERKM": 31, "MAX_PERKM": 31, "MIN_PERMI": 19, "MAX_PERMI": 19, "MIN_BBXMIN": 23.391667, "MAX_BBXMIN": 23.391667, "MIN_BBXMAX": 23.441667, "MAX_BBXMAX": 23.441667, "MIN_BBYMIN": -20.025, "MAX_BBYMIN": -20.025, "MIN_BBYMAX": -19.966667, "MAX_BBYMAX": -19.966667, "MEAN_BBXC": 23.421196, "MEAN_BBYC": -19.994384, "TIMEZONE": "Africa/Gaborone", "UN_FID": 0, "POP1950": 0, "POP1955": 0, "POP1960": 0, "POP1965": 0, "POP1970": 0, "POP1975": 0, "POP1980": 0, "POP1985": 0, "POP1990": 0, "POP1995": 0, "POP2000": 0, "POP2005": 0, "POP2010": 0, "POP2015": 0, "POP2020": 0, "POP2025": 0, "POP2050": 0, "MIN_ZOOM": 6.7, "WIKIDATAID": "Q170732", "WOF_ID": 421173155, "CAPALT": 0, "NAME_EN": "Maun", "NAME_DE": "Maun", "NAME_ES": "Maun", "NAME_FR": "Maun", "NAME_PT": "Maun", "NAME_RU": "Маун", "NAME_ZH": "马翁", "LABEL": null, "NAME_AR": "ماون", "NAME_BN": "মাউন", "NAME_EL": "Μαούν", "NAME_HI": "माऊं", "NAME_HU": "Maun", "NAME_ID": "Maun", "NAME_IT": "Maun", "NAME_JA": "マウン", "NAME_KO": "마운", "NAME_NL": "Maun", "NAME_PL": "Maun", "NAME_SV": "Maun", "NAME_TR": "Maun", "NAME_VI": "Maun", "NE_ID": 1159145193, "NAME_FA": "ماون", "NAME_HE": "מאון", "NAME_UK": "Маун", "NAME_UR": "منہ", "NAME_ZHT": "馬翁", "GEONAMESID": 933366, "FCLASS_ISO": null, "FCLASS_US": null, "FCLASS_FR": null, "FCLASS_RU": null, "FCLASS_ES": null, "FCLASS_CN": null, "FCLASS_TW": null, "FCLASS_IN": null, "FCLASS_NP": null, "FCLASS_PK": null, "FCLASS_DE": null, "FCLASS_GB": null, "FCLASS_BR": null, "FCLASS_IL": null, "FCLASS_PS": null, "FCLASS_SA": null, "FCLASS_EG": null, "FCLASS_MA": null, "FCLASS_PT": null, "FCLASS_AR": null, "FCLASS_JP": null, "FCLASS_KO": null, "FCLASS_VN": null, "FCLASS_TR": null, "FCLASS_ID": null, "FCLASS_PL": null, "FCLASS_GR": null, "FCLASS_IT": null, "FCLASS_NL": null, "FCLASS_SE": null, "FCLASS_BD": null, "FCLASS_UA": null, "FCLASS_TLC": null}, "bbox": [23.420007, -19.989595, 23.420007, -19.989595], "geometry": {"type": "Point", "coordinates": [23.420007, -19.989595]}}, {"type": "Feature", "properties": {"SCALERANK": 7, "NATSCALE": 20, "LABELRANK": 7, "FEATURECLA": "Admin-1 capital", "NAME": "Kasane", "NAMEPAR": null, "NAMEALT": null, "NAMEASCII": "Kasane", "ADM0CAP": 0, "CAPIN": null, "WORLDCITY": 0, "MEGACITY": 0, "SOV0NAME": "Botswana", "SOV_A3": "BWA", "ADM0NAME": "Botswana", "ADM0_A3": "BWA", "ADM1NAME": "North-West", "ISO_A2": "BW", "NOTE": null, "LATITUDE": -17.809573, "LONGITUDE": 25.150031, "POP_MAX": 9250, "POP_MIN": 6299, "POP_OTHER": 0, "RANK_MAX": 5, "RANK_MIN": 5, "MEGANAME": null, "LS_NAME": "Kasane", "MAX_POP10": 6299, "MAX_POP20": 0, "MAX_POP50": 0, "MAX_POP300": 0, "MAX_POP310": 0, "MAX_NATSCA": 10, "MIN_AREAKM": 3, "MAX_AREAKM": 3, "MIN_AREAMI": 1, "MAX_AREAMI": 1, "MIN_PERKM": 7, "MAX_PERKM": 7, "MIN_PERMI": 4, "MAX_PERMI": 4, "MIN_BBXMIN": 25.141667, "MAX_BBXMIN": 25.141667, "MIN_BBXMAX": 25.158333, "MAX_BBXMAX": 25.158333, "MIN_BBYMIN": -17.808333, "MAX_BBYMIN": -17.808333, "MIN_BBYMAX": -17.791667, "MAX_BBYMAX": -17.791667, "MEAN_BBXC": 25.15, "MEAN_BBYC": -17.8, "TIMEZONE": "Africa/Gaborone", "UN_FID": 0, "POP1950": 0, "POP1955": 0, "POP1960": 0, "POP1965": 0, "POP1970": 0, "POP1975": 0, "POP1980": 0, "POP1985": 0, "POP1990": 0, "POP1995": 0, "POP2000": 0, "POP2005": 0, "POP2010": 0, "POP2015": 0, "POP2020": 0, "POP2025": 0, "POP2050": 0, "MIN_ZOOM": 6.7, "WIKIDATAID": "Q170715", "WOF_ID": 421168787, "CAPALT": 0, "NAME_EN": "Kasane", "NAME_DE": "Kasane", "NAME_ES": "Kasane", "NAME_FR": "Kasane", "NAME_PT": "Kasane", "NAME_RU": "Касане", "NAME_ZH": "卡萨内", "LABEL": null, "NAME_AR": "كاسان", "NAME_BN": "কাসেন", "NAME_EL": "Κασάνε", "NAME_HI": "कसाने", "NAME_HU": "Kasane", "NAME_ID": "Kasane", "NAME_IT": "Kasane", "NAME_JA": "カサネ", "NAME_KO": "카사네", "NAME_NL": "Kasane", "NAME_PL": "Kasane", "NAME_SV": "Kasane", "NAME_TR": "Kasane", "NAME_VI": "Kasane", "NE_ID": 1159145197, "NAME_FA": "کاسان", "NAME_HE": "קסנה", "NAME_UK": "Касане", "NAME_UR": "کیسانی", "NAME_ZHT": "卡薩內", "GEONAMESID": 933677, "FCLASS_ISO": null, "FCLASS_US": null, "FCLASS_FR": null, "FCLASS_RU": null, "FCLASS_ES": null, "FCLASS_CN": null, "FCLASS_TW": null, "FCLASS_IN": null, "FCLASS_NP": null, "FCLASS_PK": null, "FCLASS_DE": null, "FCLASS_GB": null, "FCLASS_BR": null, "FCLASS_IL": null, "FCLASS_PS": null, "FCLASS_SA": null, "FCLASS_EG": null, "FCLASS_MA": null, "FCLASS_PT": null, "FCLASS_AR": null, "FCLASS_JP": null, "FCLASS_KO": null, "FCLASS_VN": null, "FCLASS_TR": null, "FCLASS_ID": null, "FCLASS_PL": null, "FCLASS_GR": null, "FCLASS_IT": null, "FCLASS_NL": null, "FCLASS_SE": null, "FCLASS_BD": null, "FCLASS_UA": null, "FCLASS_TLC": null}, "bbox": [25.15003, -17.809573, 25.15003, -17.809573], "geometry": {"type": "Point", "coordinates": [25.15003, -17.809573]}}, {"type": "Feature", "properties": {"SCALERANK": 7, "NATSCALE": 20, "LABELRANK": 7, "FEATURECLA": "Populated place", "NAME": "Nata", "NAMEPAR": null, "NAMEALT": null, "NAMEASCII": "Nata", "ADM0CAP": 0, "CAPIN": null, "WORLDCITY": 0, "MEGACITY": 0, "SOV0NAME": "Botswana", "SOV_A3": "BWA", "ADM0NAME": "Botswana", "ADM0_A3": "BWA", "ADM1NAME": "Central", "ISO_A2": "BW", "NOTE": null, "LATITUDE": -20.209478, "LONGITUDE": 26.190019, "POP_MAX": 4794, "POP_MIN": 191, "POP_OTHER": 0, "RANK_MAX": 4, "RANK_MIN": 1, "MEGANAME": null, "LS_NAME": "Nata", "MAX_POP10": 191, "MAX_POP20": 191, "MAX_POP50": 0, "MAX_POP300": 0, "MAX_POP310": 0, "MAX_NATSCA": 20, "MIN_AREAKM": 1, "MAX_AREAKM": 1, "MIN_AREAMI": 0, "MAX_AREAMI": 0, "MIN_PERKM": 4, "MAX_PERKM": 4, "MIN_PERMI": 2, "MAX_PERMI": 2, "MIN_BBXMIN": 26.175, "MAX_BBXMIN": 26.175, "MIN_BBXMAX": 26.183333, "MAX_BBXMAX": 26.183333, "MIN_BBYMIN": -20.208333, "MAX_BBYMIN": -20.208333, "MIN_BBYMAX": -20.2, "MAX_BBYMAX": -20.2, "MEAN_BBXC": 26.179167, "MEAN_BBYC": -20.204167, "TIMEZONE": "Africa/Gaborone", "UN_FID": 0, "POP1950": 0, "POP1955": 0, "POP1960": 0, "POP1965": 0, "POP1970": 0, "POP1975": 0, "POP1980": 0, "POP1985": 0, "POP1990": 0, "POP1995": 0, "POP2000": 0, "POP2005": 0, "POP2010": 0, "POP2015": 0, "POP2020": 0, "POP2025": 0, "POP2050": 0, "MIN_ZOOM": 6.7, "WIKIDATAID": "Q170817", "WOF_ID": 421203533, "CAPALT": 0, "NAME_EN": "Nata", "NAME_DE": "Nata", "NAME_ES": "Nata", "NAME_FR": "Nata", "NAME_PT": "Nata", "NAME_RU": "Ната", "NAME_ZH": "納塔", "LABEL": null, "NAME_AR": "ناتا", "NAME_BN": "নাতা", "NAME_EL": "Νάτα", "NAME_HI": "नाता", "NAME_HU": "Nata", "NAME_ID": "Nata", "NAME_IT": "Nata", "NAME_JA": "ナタ", "NAME_KO": "나타", "NAME_NL": "Nata", "NAME_PL": "Nata", "NAME_SV": "Nata", "NAME_TR": "Nata", "NAME_VI": "Nata", "NE_ID": 1159145203, "NAME_FA": "ناتا", "NAME_HE": "נטה", "NAME_UK": "Ната", "NAME_UR": "نیٹا", "NAME_ZHT": "納塔", "GEONAMESID": 933238, "FCLASS_ISO": null, "FCLASS_US": null, "FCLASS_FR": null, "FCLASS_RU": null, "FCLASS_ES": null, "FCLASS_CN": null, "FCLASS_TW": null, "FCLASS_IN": null, "FCLASS_NP": null, "FCLASS_PK": null, "FCLASS_DE": null, "FCLASS_GB": null, "FCLASS_BR": null, "FCLASS_IL": null, "FCLASS_PS": null, "FCLASS_SA": null, "FCLASS_EG": null, "FCLASS_MA": null, "FCLASS_PT": null, "FCLASS_AR": null, "FCLASS_JP": null, "FCLASS_KO": null, "FCLASS_VN": null, "FCLASS_TR": null, "FCLASS_ID": null, "FCLASS_PL": null, "FCLASS_GR": null, "FCLASS_IT": null, "FCLASS_NL": null, "FCLASS_SE": null, "FCLASS_BD": null, "FCLASS_UA": null, "FCLASS_TLC": null}, "bbox": [26.190019, -20.209478, 26.190019, -20.209478], "geometry": {"type": "Point", "coordinates": [26.190019, -20.209478]}}, {"type": "Feature", "properties": {"SCALERANK": 7, "NATSCALE": 20, "LABELRANK": 7, "FEATURECLA": "Populated place", "NAME": "Mopipi", "NAMEPAR": null, "NAMEALT": null, "NAMEASCII": "Mopipi", "ADM0CAP": 0, "CAPIN": null, "WORLDCITY": 0, "MEGACITY": 0, "SOV0NAME": "Botswana", "SOV_A3": "BWA", "ADM0NAME": "Botswana", "ADM0_A3": "BWA", "ADM1NAME": "Central", "ISO_A2": "BW", "NOTE": null, "LATITUDE": -21.179548, "LONGITUDE": 24.880021, "POP_MAX": 3301, "POP_MIN": 3301, "POP_OTHER": 0, "RANK_MAX": 4, "RANK_MIN": 4, "MEGANAME": null, "LS_NAME": "Mopipi", "MAX_POP10": 0, "MAX_POP20": 0, "MAX_POP50": 0, "MAX_POP300": 0, "MAX_POP310": 0, "MAX_NATSCA": 0, "MIN_AREAKM": 0, "MAX_AREAKM": 0, "MIN_AREAMI": 0, "MAX_AREAMI": 0, "MIN_PERKM": 0, "MAX_PERKM": 0, "MIN_PERMI": 0, "MAX_PERMI": 0, "MIN_BBXMIN": 0, "MAX_BBXMIN": 0, "MIN_BBXMAX": 0, "MAX_BBXMAX": 0, "MIN_BBYMIN": 0, "MAX_BBYMIN": 0, "MIN_BBYMAX": 0, "MAX_BBYMAX": 0, "MEAN_BBXC": 0, "MEAN_BBYC": 0, "TIMEZONE": "Africa/Gaborone", "UN_FID": 0, "POP1950": 0, "POP1955": 0, "POP1960": 0, "POP1965": 0, "POP1970": 0, "POP1975": 0, "POP1980": 0, "POP1985": 0, "POP1990": 0, "POP1995": 0, "POP2000": 0, "POP2005": 0, "POP2010": 0, "POP2015": 0, "POP2020": 0, "POP2025": 0, "POP2050": 0, "MIN_ZOOM": 6.7, "WIKIDATAID": "Q167864", "WOF_ID": 890415451, "CAPALT": 0, "NAME_EN": "Mopipi", "NAME_DE": "Mopipi", "NAME_ES": "Mopipi", "NAME_FR": "Mopipi", "NAME_PT": "Mopipi", "NAME_RU": "Мопипи", "NAME_ZH": "莫皮皮", "LABEL": null, "NAME_AR": "موبيبي", "NAME_BN": "মোপিপি", "NAME_EL": "Μοπίπι", "NAME_HI": "मोपीपी", "NAME_HU": "Mopipi", "NAME_ID": "Mopipi", "NAME_IT": "Mopipi", "NAME_JA": "モピピ", "NAME_KO": "모피피", "NAME_NL": "Mopipi", "NAME_PL": "Mopipi", "NAME_SV": "Mopipi", "NAME_TR": "Mopipi", "NAME_VI": "Mopipi", "NE_ID": 1159145207, "NAME_FA": "موپیپی", "NAME_HE": "מופיפי", "NAME_UK": "Мопіпі", "NAME_UR": "موپیپی", "NAME_ZHT": "莫皮皮", "GEONAMESID": 933288, "FCLASS_ISO": null, "FCLASS_US": null, "FCLASS_FR": null, "FCLASS_RU": null, "FCLASS_ES": null, "FCLASS_CN": null, "FCLASS_TW": null, "FCLASS_IN": null, "FCLASS_NP": null, "FCLASS_PK": null, "FCLASS_DE": null, "FCLASS_GB": null, "FCLASS_BR": null, "FCLASS_IL": null, "FCLASS_PS": null, "FCLASS_SA": null, "FCLASS_EG": null, "FCLASS_MA": null, "FCLASS_PT": null, "FCLASS_AR": null, "FCLASS_JP": null, "FCLASS_KO": null, "FCLASS_VN": null, "FCLASS_TR": null, "FCLASS_ID": null, "FCLASS_PL": null, "FCLASS_GR": null, "FCLASS_IT": null, "FCLASS_NL": null, "FCLASS_SE": null, "FCLASS_BD": null, "FCLASS_UA": null, "FCLASS_TLC": null}, "bbox": [24.880021, -21.179548, 24.880021, -21.179548], "geometry": {"type": "Point", "coordinates": [24.880021, -21.179548]}}, {"type": "Feature", "properties": {"SCALERANK": 7, "NATSCALE": 20, "LABELRANK": 7, "FEATURECLA": "Populated place", "NAME": "Palapye", "NAMEPAR": null, "NAMEALT": null, "NAMEASCII": "Palapye", "ADM0CAP": 0, "CAPIN": null, "WORLDCITY": 0, "MEGACITY": 0, "SOV0NAME": "Botswana", "SOV_A3": "BWA", "ADM0NAME": "Botswana", "ADM0_A3": "BWA", "ADM1NAME": "Central", "ISO_A2": "BW", "NOTE": null, "LATITUDE": -22.559619, "LONGITUDE": 27.130013, "POP_MAX": 30650, "POP_MIN": 23708, "POP_OTHER": 23708, "RANK_MAX": 7, "RANK_MIN": 7, "MEGANAME": null, "LS_NAME": "Palapye", "MAX_POP10": 23708, "MAX_POP20": 23708, "MAX_POP50": 0, "MAX_POP300": 0, "MAX_POP310": 0, "MAX_NATSCA": 20, "MIN_AREAKM": 14, "MAX_AREAKM": 14, "MIN_AREAMI": 5, "MAX_AREAMI": 5, "MIN_PERKM": 20, "MAX_PERKM": 20, "MIN_PERMI": 12, "MAX_PERMI": 12, "MIN_BBXMIN": 27.091667, "MAX_BBXMIN": 27.091667, "MIN_BBXMAX": 27.15, "MAX_BBXMAX": 27.15, "MIN_BBYMIN": -22.566667, "MAX_BBYMIN": -22.566667, "MIN_BBYMAX": -22.533333, "MAX_BBYMAX": -22.533333, "MEAN_BBXC": 27.119907, "MEAN_BBYC": -22.547685, "TIMEZONE": "Africa/Gaborone", "UN_FID": 0, "POP1950": 0, "POP1955": 0, "POP1960": 0, "POP1965": 0, "POP1970": 0, "POP1975": 0, "POP1980": 0, "POP1985": 0, "POP1990": 0, "POP1995": 0, "POP2000": 0, "POP2005": 0, "POP2010": 0, "POP2015": 0, "POP2020": 0, "POP2025": 0, "POP2050": 0, "MIN_ZOOM": 6.7, "WIKIDATAID": "Q170711", "WOF_ID": 421199593, "CAPALT": 0, "NAME_EN": "Palapye", "NAME_DE": "Palapye", "NAME_ES": "Palapye", "NAME_FR": "Palapye", "NAME_PT": "Palapye", "NAME_RU": "Палапье", "NAME_ZH": "帕拉佩", "LABEL": null, "NAME_AR": "بالابيه", "NAME_BN": "পালাপাই", "NAME_EL": "Παλάπιε", "NAME_HI": "पलापाई", "NAME_HU": "Palapye", "NAME_ID": "Palapye", "NAME_IT": "Palapye", "NAME_JA": "パラピエ", "NAME_KO": "팔라피", "NAME_NL": "Palapye", "NAME_PL": "Palapye", "NAME_SV": "Palapye", "NAME_TR": "Palapye", "NAME_VI": "Palapye", "NE_ID": 1159145211, "NAME_FA": "پالاپی", "NAME_HE": "פילפייה", "NAME_UK": "Палап'є", "NAME_UR": "پیلپائے", "NAME_ZHT": "帕拉佩", "GEONAMESID": 933182, "FCLASS_ISO": null, "FCLASS_US": null, "FCLASS_FR": null, "FCLASS_RU": null, "FCLASS_ES": null, "FCLASS_CN": null, "FCLASS_TW": null, "FCLASS_IN": null, "FCLASS_NP": null, "FCLASS_PK": null, "FCLASS_DE": null, "FCLASS_GB": null, "FCLASS_BR": null, "FCLASS_IL": null, "FCLASS_PS": null, "FCLASS_SA": null, "FCLASS_EG": null, "FCLASS_MA": null, "FCLASS_PT": null, "FCLASS_AR": null, "FCLASS_JP": null, "FCLASS_KO": null, "FCLASS_VN": null, "FCLASS_TR": null, "FCLASS_ID": null, "FCLASS_PL": null, "FCLASS_GR": null, "FCLASS_IT": null, "FCLASS_NL": null, "FCLASS_SE": null, "FCLASS_BD": null, "FCLASS_UA": null, "FCLASS_TLC": null}, "bbox": [27.130013, -22.559619, 27.130013, -22.559619], "geometry": {"type": "Point", "coordinates": [27.130013, -22.559619]}}, {"type": "Feature", "properties": {"SCALERANK": 7, "NATSCALE": 20, "LABELRANK": 7, "FEATURECLA": "Admin-1 capital", "NAME": "Lobatse", "NAMEPAR": null, "NAMEALT": null, "NAMEASCII": "Lobatse", "ADM0CAP": 0, "CAPIN": null, "WORLDCITY": 0, "MEGACITY": 0, "SOV0NAME": "Botswana", "SOV_A3": "BWA", "ADM0NAME": "Botswana", "ADM0_A3": "BWA", "ADM1NAME": "South-East", "ISO_A2": "BW", "NOTE": null, "LATITUDE": -25.219612, "LONGITUDE": 25.680024, "POP_MAX": 69804, "POP_MIN": 30883, "POP_OTHER": 69804, "RANK_MAX": 8, "RANK_MIN": 7, "MEGANAME": null, "LS_NAME": "Lobatse", "MAX_POP10": 69804, "MAX_POP20": 69804, "MAX_POP50": 0, "MAX_POP300": 0, "MAX_POP310": 0, "MAX_NATSCA": 20, "MIN_AREAKM": 22, "MAX_AREAKM": 22, "MIN_AREAMI": 8, "MAX_AREAMI": 8, "MIN_PERKM": 28, "MAX_PERKM": 28, "MIN_PERMI": 18, "MAX_PERMI": 18, "MIN_BBXMIN": 25.658333, "MAX_BBXMIN": 25.658333, "MIN_BBXMAX": 25.708333, "MAX_BBXMAX": 25.708333, "MIN_BBYMIN": -25.241667, "MAX_BBYMIN": -25.241667, "MIN_BBYMAX": -25.175, "MAX_BBYMAX": -25.175, "MEAN_BBXC": 25.681845, "MEAN_BBYC": -25.214583, "TIMEZONE": "Africa/Gaborone", "UN_FID": 0, "POP1950": 0, "POP1955": 0, "POP1960": 0, "POP1965": 0, "POP1970": 0, "POP1975": 0, "POP1980": 0, "POP1985": 0, "POP1990": 0, "POP1995": 0, "POP2000": 0, "POP2005": 0, "POP2010": 0, "POP2015": 0, "POP2020": 0, "POP2025": 0, "POP2050": 0, "MIN_ZOOM": 6.7, "WIKIDATAID": "Q165768", "WOF_ID": 890439933, "CAPALT": 0, "NAME_EN": "Lobatse", "NAME_DE": "Lobatse", "NAME_ES": "Lobatse", "NAME_FR": "Lobatse", "NAME_PT": "Lobatse", "NAME_RU": "Лобаце", "NAME_ZH": "洛巴策", "LABEL": null, "NAME_AR": "لوباتس", "NAME_BN": "লোবাৎসে", "NAME_EL": "Λομπάτσε", "NAME_HI": "लोबात्से", "NAME_HU": "Lobatse", "NAME_ID": "Lobatse", "NAME_IT": "Lobatse", "NAME_JA": "ロバツェ", "NAME_KO": "로바체", "NAME_NL": "Lobatse", "NAME_PL": "Lobatse", "NAME_SV": "Lobatse", "NAME_TR": "Lobatse", "NAME_VI": "Lobatse", "NE_ID": 1159145225, "NAME_FA": "لوباتس", "NAME_HE": "לובטסה", "NAME_UK": "Лобаце", "NAME_UR": "لوباٹسے", "NAME_ZHT": "洛巴策", "GEONAMESID": 933521, "FCLASS_ISO": null, "FCLASS_US": null, "FCLASS_FR": null, "FCLASS_RU": null, "FCLASS_ES": null, "FCLASS_CN": null, "FCLASS_TW": null, "FCLASS_IN": null, "FCLASS_NP": null, "FCLASS_PK": null, "FCLASS_DE": null, "FCLASS_GB": null, "FCLASS_BR": null, "FCLASS_IL": null, "FCLASS_PS": null, "FCLASS_SA": null, "FCLASS_EG": null, "FCLASS_MA": null, "FCLASS_PT": null, "FCLASS_AR": null, "FCLASS_JP": null, "FCLASS_KO": null, "FCLASS_VN": null, "FCLASS_TR": null, "FCLASS_ID": null, "FCLASS_PL": null, "FCLASS_GR": null, "FCLASS_IT": null, "FCLASS_NL": null, "FCLASS_SE": null, "FCLASS_BD": null, "FCLASS_UA": null, "FCLASS_TLC": null}, "bbox": [25.680024, -25.219612, 25.680024, -25.219612], "geometry": {"type": "Point", "coordinates": [25.680024, -25.219612]}}, {"type": "Feature", "properties": {"SCALERANK": 7, "NATSCALE": 20, "LABELRANK": 7, "FEATURECLA": "Admin-1 capital", "NAME": "Kanye", "NAMEPAR": null, "NAMEALT": null, "NAMEASCII": "Kanye", "ADM0CAP": 0, "CAPIN": null, "WORLDCITY": 0, "MEGACITY": 0, "SOV0NAME": "Botswana", "SOV_A3": "BWA", "ADM0NAME": "Botswana", "ADM0_A3": "BWA", "ADM1NAME": "Southern", "ISO_A2": "BW", "NOTE": null, "LATITUDE": -24.969601, "LONGITUDE": 25.339993, "POP_MAX": 46831, "POP_MIN": 44716, "POP_OTHER": 46831, "RANK_MAX": 7, "RANK_MIN": 7, "MEGANAME": null, "LS_NAME": "Kanye", "MAX_POP10": 46831, "MAX_POP20": 0, "MAX_POP50": 0, "MAX_POP300": 0, "MAX_POP310": 0, "MAX_NATSCA": 10, "MIN_AREAKM": 23, "MAX_AREAKM": 23, "MIN_AREAMI": 9, "MAX_AREAMI": 9, "MIN_PERKM": 27, "MAX_PERKM": 27, "MIN_PERMI": 17, "MAX_PERMI": 17, "MIN_BBXMIN": 25.3, "MAX_BBXMIN": 25.3, "MIN_BBXMAX": 25.358333, "MAX_BBXMAX": 25.358333, "MIN_BBYMIN": -25.008333, "MAX_BBYMIN": -25.008333, "MIN_BBYMAX": -24.95, "MAX_BBYMAX": -24.95, "MEAN_BBXC": 25.33204, "MEAN_BBYC": -24.979741, "TIMEZONE": "Africa/Gaborone", "UN_FID": 0, "POP1950": 0, "POP1955": 0, "POP1960": 0, "POP1965": 0, "POP1970": 0, "POP1975": 0, "POP1980": 0, "POP1985": 0, "POP1990": 0, "POP1995": 0, "POP2000": 0, "POP2005": 0, "POP2010": 0, "POP2015": 0, "POP2020": 0, "POP2025": 0, "POP2050": 0, "MIN_ZOOM": 6.7, "WIKIDATAID": "Q170730", "WOF_ID": 421170735, "CAPALT": 0, "NAME_EN": "Kanye", "NAME_DE": "Kanye", "NAME_ES": "Kanye", "NAME_FR": "Kanye", "NAME_PT": "Kanye", "NAME_RU": "Канье", "NAME_ZH": "卡内", "LABEL": null, "NAME_AR": "كانييه", "NAME_BN": "কানে", "NAME_EL": "Κάνιε", "NAME_HI": "कान्ये", "NAME_HU": "Kanye", "NAME_ID": "Kanye", "NAME_IT": "Kanye", "NAME_JA": "カニエ", "NAME_KO": "카니에", "NAME_NL": "Kanye", "NAME_PL": "Kanye", "NAME_SV": "Kanye", "NAME_TR": "Kanye", "NAME_VI": "Kanye", "NE_ID": 1159145229, "NAME_FA": "کانیه", "NAME_HE": "קניה", "NAME_UK": "Каньє", "NAME_UR": "کانیی", "NAME_ZHT": "卡內", "GEONAMESID": 933685, "FCLASS_ISO": null, "FCLASS_US": null, "FCLASS_FR": null, "FCLASS_RU": null, "FCLASS_ES": null, "FCLASS_CN": null, "FCLASS_TW": null, "FCLASS_IN": null, "FCLASS_NP": null, "FCLASS_PK": null, "FCLASS_DE": null, "FCLASS_GB": null, "FCLASS_BR": null, "FCLASS_IL": null, "FCLASS_PS": null, "FCLASS_SA": null, "FCLASS_EG": null, "FCLASS_MA": null, "FCLASS_PT": null, "FCLASS_AR": null, "FCLASS_JP": null, "FCLASS_KO": null, "FCLASS_VN": null, "FCLASS_TR": null, "FCLASS_ID": null, "FCLASS_PL": null, "FCLASS_GR": null, "FCLASS_IT": null, "FCLASS_NL": null, "FCLASS_SE": null, "FCLASS_BD": null, "FCLASS_UA": null, "FCLASS_TLC": null}, "bbox": [25.339993, -24.969601, 25.339993, -24.969601], "geometry": {"type": "Point", "coordinates": [25.339993, -24.969601]}}, {"type": "Feature", "properties": {"SCALERANK": 6, "NATSCALE": 30, "LABELRANK": 8, "FEATURECLA": "Admin-0 capital alt", "NAME": "Lobamba", "NAMEPAR": null, "NAMEALT": null, "NAMEASCII": "Lobamba", "ADM0CAP": 0, "CAPIN": "Legislative and", "WORLDCITY": 0, "MEGACITY": 0, "SOV0NAME": "eSwatini", "SOV_A3": "SWZ", "ADM0NAME": "eSwatini", "ADM0_A3": "SWZ", "ADM1NAME": "Manzini", "ISO_A2": "SZ", "NOTE": null, "LATITUDE": -26.466668, "LONGITUDE": 31.199997, "POP_MAX": 9782, "POP_MIN": 4557, "POP_OTHER": 0, "RANK_MAX": 5, "RANK_MIN": 4, "MEGANAME": null, "LS_NAME": "Lobamba", "MAX_POP10": 9782, "MAX_POP20": 9782, "MAX_POP50": 9782, "MAX_POP300": 0, "MAX_POP310": 0, "MAX_NATSCA": 50, "MIN_AREAKM": 18, "MAX_AREAKM": 18, "MIN_AREAMI": 7, "MAX_AREAMI": 7, "MIN_PERKM": 32, "MAX_PERKM": 32, "MIN_PERMI": 20, "MAX_PERMI": 20, "MIN_BBXMIN": 31.183333, "MAX_BBXMIN": 31.183333, "MIN_BBXMAX": 31.233333, "MAX_BBXMAX": 31.233333, "MIN_BBYMIN": -26.458333, "MAX_BBYMIN": -26.458333, "MIN_BBYMAX": -26.391667, "MAX_BBYMAX": -26.391667, "MEAN_BBXC": 31.201993, "MEAN_BBYC": -26.430254, "TIMEZONE": "Africa/Mbabane", "UN_FID": 0, "POP1950": 0, "POP1955": 0, "POP1960": 0, "POP1965": 0, "POP1970": 0, "POP1975": 0, "POP1980": 0, "POP1985": 0, "POP1990": 0, "POP1995": 0, "POP2000": 0, "POP2005": 0, "POP2010": 0, "POP2015": 0, "POP2020": 0, "POP2025": 0, "POP2050": 0, "MIN_ZOOM": 6, "WIKIDATAID": "Q101418", "WOF_ID": 421199783, "CAPALT": 1, "NAME_EN": "Lobamba", "NAME_DE": "Lobamba", "NAME_ES": "Lobamba", "NAME_FR": "Lobamba", "NAME_PT": "Lobamba", "NAME_RU": "Лобамба", "NAME_ZH": "洛班巴", "LABEL": null, "NAME_AR": "لوبامبا", "NAME_BN": "লোবাম্বা", "NAME_EL": "Λομπάμπα", "NAME_HI": "लोबम्बा", "NAME_HU": "Lobamba", "NAME_ID": "Lobamba", "NAME_IT": "Lobamba", "NAME_JA": "ロバンバ", "NAME_KO": "로밤바", "NAME_NL": "Lobamba", "NAME_PL": "Lobamba", "NAME_SV": "Lobamba", "NAME_TR": "Lobamba", "NAME_VI": "Lobamba", "NE_ID": 1159146343, "NAME_FA": "لوبامبا", "NAME_HE": "לובמבה", "NAME_UK": "Лобамба", "NAME_UR": "لوبامبا", "NAME_ZHT": "洛班巴", "GEONAMESID": 935048, "FCLASS_ISO": null, "FCLASS_US": null, "FCLASS_FR": null, "FCLASS_RU": null, "FCLASS_ES": null, "FCLASS_CN": null, "FCLASS_TW": null, "FCLASS_IN": null, "FCLASS_NP": null, "FCLASS_PK": null, "FCLASS_DE": null, "FCLASS_GB": null, "FCLASS_BR": null, "FCLASS_IL": null, "FCLASS_PS": null, "FCLASS_SA": null, "FCLASS_EG": null, "FCLASS_MA": null, "FCLASS_PT": null, "FCLASS_AR": null, "FCLASS_JP": null, "FCLASS_KO": null, "FCLASS_VN": null, "FCLASS_TR": null, "FCLASS_ID": null, "FCLASS_PL": null, "FCLASS_GR": null, "FCLASS_IT": null, "FCLASS_NL": null, "FCLASS_SE": null, "FCLASS_BD": null, "FCLASS_UA": null, "FCLASS_TLC": null}, "bbox": [31.199997, -26.466667, 31.199997, -26.466667], "geometry": {"type": "Point", "coordinates": [31.199997, -26.466667]}}, {"type": "Feature", "properties": {"SCALERANK": 6, "NATSCALE": 30, "LABELRANK": 3, "FEATURECLA": "Populated place", "NAME": "Benoni", "NAMEPAR": null, "NAMEALT": "Ekurhuleni|East Rand", "NAMEASCII": "Benoni", "ADM0CAP": 0, "CAPIN": null, "WORLDCITY": 0, "MEGACITY": 1, "SOV0NAME": "South Africa", "SOV_A3": "ZAF", "ADM0NAME": "South Africa", "ADM0_A3": "ZAF", "ADM1NAME": "Gauteng", "ISO_A2": "ZA", "NOTE": null, "LATITUDE": -26.147635, "LONGITUDE": 28.327994, "POP_MAX": 2986000, "POP_MIN": 605344, "POP_OTHER": 1340640, "RANK_MAX": 12, "RANK_MIN": 11, "MEGANAME": "Ekurhuleni", "LS_NAME": "Benoni", "MAX_POP10": 1331637, "MAX_POP20": 0, "MAX_POP50": 0, "MAX_POP300": 0, "MAX_POP310": 0, "MAX_NATSCA": 10, "MIN_AREAKM": 341, "MAX_AREAKM": 341, "MIN_AREAMI": 132, "MAX_AREAMI": 132, "MIN_PERKM": 235, "MAX_PERKM": 235, "MIN_PERMI": 146, "MAX_PERMI": 146, "MIN_BBXMIN": 28.169267, "MAX_BBXMIN": 28.169267, "MIN_BBXMAX": 28.366667, "MAX_BBXMAX": 28.366667, "MIN_BBYMIN": -26.291667, "MAX_BBYMIN": -26.291667, "MIN_BBYMAX": -25.941667, "MAX_BBYMAX": -25.941667, "MEAN_BBXC": 28.245559, "MEAN_BBYC": -26.141837, "TIMEZONE": "Africa/Johannesburg", "UN_FID": 457, "POP1950": 546, "POP1955": 610, "POP1960": 682, "POP1965": 783, "POP1970": 898, "POP1975": 997, "POP1980": 1107, "POP1985": 1237, "POP1990": 1531, "POP1995": 1894, "POP2000": 2326, "POP2005": 2820, "POP2010": 2986, "POP2015": 3157, "POP2020": 3309, "POP2025": 3427, "POP2050": 3539, "MIN_ZOOM": 6, "WIKIDATAID": "Q818106", "WOF_ID": 101925811, "CAPALT": 0, "NAME_EN": "Benoni", "NAME_DE": "Benoni", "NAME_ES": "Benoni", "NAME_FR": "Benoni", "NAME_PT": "Benoni", "NAME_RU": "Бенони", "NAME_ZH": "伯诺尼", "LABEL": null, "NAME_AR": "بينوني", "NAME_BN": "বেনোনি", "NAME_EL": "Μπενόνι", "NAME_HI": "बेनोनी", "NAME_HU": "Benoni", "NAME_ID": "Benoni", "NAME_IT": "Benoni", "NAME_JA": "ベノーニ", "NAME_KO": "베노니", "NAME_NL": "Benoni", "NAME_PL": "Benoni", "NAME_SV": "Benoni", "NAME_TR": "Benoni", "NAME_VI": "Benoni", "NE_ID": 1159146483, "NAME_FA": "بنونی", "NAME_HE": "בּנוני", "NAME_UK": "Беноні", "NAME_UR": "بینونی", "NAME_ZHT": "伯諾尼", "GEONAMESID": 1020098, "FCLASS_ISO": null, "FCLASS_US": null, "FCLASS_FR": null, "FCLASS_RU": null, "FCLASS_ES": null, "FCLASS_CN": null, "FCLASS_TW": null, "FCLASS_IN": null, "FCLASS_NP": null, "FCLASS_PK": null, "FCLASS_DE": null, "FCLASS_GB": null, "FCLASS_BR": null, "FCLASS_IL": null, "FCLASS_PS": null, "FCLASS_SA": null, "FCLASS_EG": null, "FCLASS_MA": null, "FCLASS_PT": null, "FCLASS_AR": null, "FCLASS_JP": null, "FCLASS_KO": null, "FCLASS_VN": null, "FCLASS_TR": null, "FCLASS_ID": null, "FCLASS_PL": null, "FCLASS_GR": null, "FCLASS_IT": null, "FCLASS_NL": null, "FCLASS_SE": null, "FCLASS_BD": null, "FCLASS_UA": null, "FCLASS_TLC": null}, "bbox": [28.327994, -26.147635, 28.327994, -26.147635], "geometry": {"type": "Point", "coordinates": [28.327994, -26.147635]}}, {"type": "Feature", "properties": {"SCALERANK": 6, "NATSCALE": 30, "LABELRANK": 3, "FEATURECLA": "Populated place", "NAME": "Vereeniging", "NAMEPAR": null, "NAMEALT": null, "NAMEASCII": "Vereeniging", "ADM0CAP": 0, "CAPIN": null, "WORLDCITY": 0, "MEGACITY": 1, "SOV0NAME": "South Africa", "SOV_A3": "ZAF", "ADM0NAME": "South Africa", "ADM0_A3": "ZAF", "ADM1NAME": "Gauteng", "ISO_A2": "ZA", "NOTE": null, "LATITUDE": -26.647656, "LONGITUDE": 27.958042, "POP_MAX": 1074000, "POP_MIN": 474681, "POP_OTHER": 530097, "RANK_MAX": 12, "RANK_MIN": 10, "MEGANAME": "Vereeniging", "LS_NAME": "Vereeniging", "MAX_POP10": 534805, "MAX_POP20": 0, "MAX_POP50": 0, "MAX_POP300": 0, "MAX_POP310": 0, "MAX_NATSCA": 10, "MIN_AREAKM": 156, "MAX_AREAKM": 156, "MIN_AREAMI": 60, "MAX_AREAMI": 60, "MIN_PERKM": 113, "MAX_PERKM": 113, "MIN_PERMI": 70, "MAX_PERMI": 70, "MIN_BBXMIN": 27.783333, "MAX_BBXMIN": 27.783333, "MIN_BBXMAX": 28.016667, "MAX_BBXMAX": 28.016667, "MIN_BBYMIN": -26.75, "MAX_BBYMIN": -26.75, "MIN_BBYMAX": -26.608333, "MAX_BBYMAX": -26.608333, "MEAN_BBXC": 27.881618, "MEAN_BBYC": -26.67594, "TIMEZONE": "Africa/Johannesburg", "UN_FID": 461, "POP1950": 117, "POP1955": 148, "POP1960": 187, "POP1965": 239, "POP1970": 306, "POP1975": 372, "POP1980": 451, "POP1985": 551, "POP1990": 743, "POP1995": 800, "POP2000": 897, "POP2005": 1028, "POP2010": 1074, "POP2015": 1127, "POP2020": 1185, "POP2025": 1236, "POP2050": 1286, "MIN_ZOOM": 6, "WIKIDATAID": "Q503056", "WOF_ID": 101926389, "CAPALT": 0, "NAME_EN": "Vereeniging", "NAME_DE": "Vereeniging", "NAME_ES": "Vereeniging", "NAME_FR": "Vereeniging", "NAME_PT": "Vereeniging", "NAME_RU": "Феринихинг", "NAME_ZH": "弗里尼欣", "LABEL": null, "NAME_AR": "فيرينخن", "NAME_BN": "ভেরেনিজিং", "NAME_EL": "Βερέενιγκινγκ", "NAME_HI": "वेरीनीगिंग", "NAME_HU": "Vereeniging", "NAME_ID": "Vereeniging", "NAME_IT": "Vereeniging", "NAME_JA": "フェリーニヒング", "NAME_KO": "페레이니힝", "NAME_NL": "Vereeniging", "NAME_PL": "Vereeniging", "NAME_SV": "Vereeniging", "NAME_TR": "Vereeniging", "NAME_VI": "Vereeniging", "NE_ID": 1159146485, "NAME_FA": "ورینیگینگ", "NAME_HE": "ויריניגינג", "NAME_UK": "Ферінігінг", "NAME_UR": "ویرینیجنگ", "NAME_ZHT": "弗里尼欣", "GEONAMESID": 944385, "FCLASS_ISO": null, "FCLASS_US": null, "FCLASS_FR": null, "FCLASS_RU": null, "FCLASS_ES": null, "FCLASS_CN": null, "FCLASS_TW": null, "FCLASS_IN": null, "FCLASS_NP": null, "FCLASS_PK": null, "FCLASS_DE": null, "FCLASS_GB": null, "FCLASS_BR": null, "FCLASS_IL": null, "FCLASS_PS": null, "FCLASS_SA": null, "FCLASS_EG": null, "FCLASS_MA": null, "FCLASS_PT": null, "FCLASS_AR": null, "FCLASS_JP": null, "FCLASS_KO": null, "FCLASS_VN": null, "FCLASS_TR": null, "FCLASS_ID": null, "FCLASS_PL": null, "FCLASS_GR": null, "FCLASS_IT": null, "FCLASS_NL": null, "FCLASS_SE": null, "FCLASS_BD": null, "FCLASS_UA": null, "FCLASS_TLC": null}, "bbox": [27.958042, -26.647656, 27.958042, -26.647656], "geometry": {"type": "Point", "coordinates": [27.958042, -26.647656]}}, {"type": "Feature", "properties": {"SCALERANK": 6, "NATSCALE": 30, "LABELRANK": 6, "FEATURECLA": "Populated place", "NAME": "Hwange", "NAMEPAR": null, "NAMEALT": null, "NAMEASCII": "Hwange", "ADM0CAP": 0, "CAPIN": null, "WORLDCITY": 0, "MEGACITY": 0, "SOV0NAME": "Zimbabwe", "SOV_A3": "ZWE", "ADM0NAME": "Zimbabwe", "ADM0_A3": "ZWE", "ADM1NAME": "Matabeleland North", "ISO_A2": "ZW", "NOTE": null, "LATITUDE": -18.370004, "LONGITUDE": 26.500026, "POP_MAX": 33989, "POP_MIN": 33210, "POP_OTHER": 0, "RANK_MAX": 7, "RANK_MIN": 7, "MEGANAME": null, "LS_NAME": "Hwange", "MAX_POP10": 33989, "MAX_POP20": 33989, "MAX_POP50": 0, "MAX_POP300": 0, "MAX_POP310": 0, "MAX_NATSCA": 20, "MIN_AREAKM": 10, "MAX_AREAKM": 10, "MIN_AREAMI": 4, "MAX_AREAMI": 4, "MIN_PERKM": 16, "MAX_PERKM": 16, "MIN_PERMI": 10, "MAX_PERMI": 10, "MIN_BBXMIN": 26.483333, "MAX_BBXMIN": 26.483333, "MIN_BBXMAX": 26.516667, "MAX_BBXMAX": 26.516667, "MIN_BBYMIN": -18.383333, "MAX_BBYMIN": -18.383333, "MIN_BBYMAX": -18.341667, "MAX_BBYMAX": -18.341667, "MEAN_BBXC": 26.496528, "MEAN_BBYC": -18.3625, "TIMEZONE": "Africa/Harare", "UN_FID": 0, "POP1950": 0, "POP1955": 0, "POP1960": 0, "POP1965": 0, "POP1970": 0, "POP1975": 0, "POP1980": 0, "POP1985": 0, "POP1990": 0, "POP1995": 0, "POP2000": 0, "POP2005": 0, "POP2010": 0, "POP2015": 0, "POP2020": 0, "POP2025": 0, "POP2050": 0, "MIN_ZOOM": 6, "WIKIDATAID": "Q1202229", "WOF_ID": 1141908729, "CAPALT": 0, "NAME_EN": "Hwange", "NAME_DE": "Hwange", "NAME_ES": "Hwange", "NAME_FR": "Hwange", "NAME_PT": "Hwange", "NAME_RU": "Хванге", "NAME_ZH": "万基", "LABEL": null, "NAME_AR": "هوانج", "NAME_BN": "হোয়াংগে", "NAME_EL": "Χουάνγκε", "NAME_HI": "ह्वांगे", "NAME_HU": "Hwange", "NAME_ID": "Hwange", "NAME_IT": "Hwange", "NAME_JA": "ワンゲ", "NAME_KO": "황게", "NAME_NL": "Hwange", "NAME_PL": "Hwange", "NAME_SV": "Hwange", "NAME_TR": "Hwange", "NAME_VI": "Hwange", "NE_ID": 1159147573, "NAME_FA": "هوانگ", "NAME_HE": "חוונגה", "NAME_UK": "Хванге", "NAME_UR": "ہوانجے", "NAME_ZHT": "萬基", "GEONAMESID": 889942, "FCLASS_ISO": null, "FCLASS_US": null, "FCLASS_FR": null, "FCLASS_RU": null, "FCLASS_ES": null, "FCLASS_CN": null, "FCLASS_TW": null, "FCLASS_IN": null, "FCLASS_NP": null, "FCLASS_PK": null, "FCLASS_DE": null, "FCLASS_GB": null, "FCLASS_BR": null, "FCLASS_IL": null, "FCLASS_PS": null, "FCLASS_SA": null, "FCLASS_EG": null, "FCLASS_MA": null, "FCLASS_PT": null, "FCLASS_AR": null, "FCLASS_JP": null, "FCLASS_KO": null, "FCLASS_VN": null, "FCLASS_TR": null, "FCLASS_ID": null, "FCLASS_PL": null, "FCLASS_GR": null, "FCLASS_IT": null, "FCLASS_NL": null, "FCLASS_SE": null, "FCLASS_BD": null, "FCLASS_UA": null, "FCLASS_TLC": null}, "bbox": [26.500026, -18.370004, 26.500026, -18.370004], "geometry": {"type": "Point", "coordinates": [26.500026, -18.370004]}}, {"type": "Feature", "properties": {"SCALERANK": 6, "NATSCALE": 30, "LABELRANK": 6, "FEATURECLA": "Admin-1 capital", "NAME": "Gweru", "NAMEPAR": null, "NAMEALT": null, "NAMEASCII": "Gweru", "ADM0CAP": 0, "CAPIN": null, "WORLDCITY": 0, "MEGACITY": 0, "SOV0NAME": "Zimbabwe", "SOV_A3": "ZWE", "ADM0NAME": "Zimbabwe", "ADM0_A3": "ZWE", "ADM1NAME": "Midlands", "ISO_A2": "ZW", "NOTE": null, "LATITUDE": -19.450042, "LONGITUDE": 29.82003, "POP_MAX": 183358, "POP_MIN": 146073, "POP_OTHER": 183358, "RANK_MAX": 9, "RANK_MIN": 9, "MEGANAME": null, "LS_NAME": "Gweru", "MAX_POP10": 183358, "MAX_POP20": 183358, "MAX_POP50": 0, "MAX_POP300": 0, "MAX_POP310": 0, "MAX_NATSCA": 20, "MIN_AREAKM": 48, "MAX_AREAKM": 48, "MIN_AREAMI": 19, "MAX_AREAMI": 19, "MIN_PERKM": 52, "MAX_PERKM": 52, "MIN_PERMI": 33, "MAX_PERMI": 33, "MIN_BBXMIN": 29.741667, "MAX_BBXMIN": 29.741667, "MIN_BBXMAX": 29.875, "MAX_BBXMAX": 29.875, "MIN_BBYMIN": -19.483333, "MAX_BBYMIN": -19.483333, "MIN_BBYMAX": -19.425, "MAX_BBYMAX": -19.425, "MEAN_BBXC": 29.808194, "MEAN_BBYC": -19.453333, "TIMEZONE": "Africa/Harare", "UN_FID": 0, "POP1950": 0, "POP1955": 0, "POP1960": 0, "POP1965": 0, "POP1970": 0, "POP1975": 0, "POP1980": 0, "POP1985": 0, "POP1990": 0, "POP1995": 0, "POP2000": 0, "POP2005": 0, "POP2010": 0, "POP2015": 0, "POP2020": 0, "POP2025": 0, "POP2050": 0, "MIN_ZOOM": 6, "WIKIDATAID": "Q399316", "WOF_ID": 421173191, "CAPALT": 0, "NAME_EN": "Gweru", "NAME_DE": "Gweru", "NAME_ES": "Gweru", "NAME_FR": "Gweru", "NAME_PT": "Gweru", "NAME_RU": "Гверу", "NAME_ZH": "圭洛", "LABEL": null, "NAME_AR": "غويرو", "NAME_BN": "গ্যেরু", "NAME_EL": "Κβέρου", "NAME_HI": "ग्वेरु", "NAME_HU": "Gweru", "NAME_ID": "Gweru", "NAME_IT": "Gweru", "NAME_JA": "グウェル", "NAME_KO": "궤루", "NAME_NL": "Gweru", "NAME_PL": "Gweru", "NAME_SV": "Gweru", "NAME_TR": "Gweru", "NAME_VI": "Gweru", "NE_ID": 1159147577, "NAME_FA": "گورو", "NAME_HE": "גוורו", "NAME_UK": "Гверу", "NAME_UR": "گویرو", "NAME_ZHT": "圭洛", "GEONAMESID": 890422, "FCLASS_ISO": null, "FCLASS_US": null, "FCLASS_FR": null, "FCLASS_RU": null, "FCLASS_ES": null, "FCLASS_CN": null, "FCLASS_TW": null, "FCLASS_IN": null, "FCLASS_NP": null, "FCLASS_PK": null, "FCLASS_DE": null, "FCLASS_GB": null, "FCLASS_BR": null, "FCLASS_IL": null, "FCLASS_PS": null, "FCLASS_SA": null, "FCLASS_EG": null, "FCLASS_MA": null, "FCLASS_PT": null, "FCLASS_AR": null, "FCLASS_JP": null, "FCLASS_KO": null, "FCLASS_VN": null, "FCLASS_TR": null, "FCLASS_ID": null, "FCLASS_PL": null, "FCLASS_GR": null, "FCLASS_IT": null, "FCLASS_NL": null, "FCLASS_SE": null, "FCLASS_BD": null, "FCLASS_UA": null, "FCLASS_TLC": null}, "bbox": [29.82003, -19.450042, 29.82003, -19.450042], "geometry": {"type": "Point", "coordinates": [29.82003, -19.450042]}}, {"type": "Feature", "properties": {"SCALERANK": 6, "NATSCALE": 30, "LABELRANK": 6, "FEATURECLA": "Admin-1 capital", "NAME": "Mutare", "NAMEPAR": null, "NAMEALT": null, "NAMEASCII": "Mutare", "ADM0CAP": 0, "CAPIN": null, "WORLDCITY": 0, "MEGACITY": 0, "SOV0NAME": "Zimbabwe", "SOV_A3": "ZWE", "ADM0NAME": "Zimbabwe", "ADM0_A3": "ZWE", "ADM1NAME": "Manicaland", "ISO_A2": "ZW", "NOTE": null, "LATITUDE": -18.970019, "LONGITUDE": 32.650038, "POP_MAX": 249365, "POP_MIN": 184205, "POP_OTHER": 249365, "RANK_MAX": 10, "RANK_MIN": 9, "MEGANAME": null, "LS_NAME": "Mutare", "MAX_POP10": 249365, "MAX_POP20": 249365, "MAX_POP50": 0, "MAX_POP300": 0, "MAX_POP310": 0, "MAX_NATSCA": 20, "MIN_AREAKM": 47, "MAX_AREAKM": 47, "MIN_AREAMI": 18, "MAX_AREAMI": 18, "MIN_PERKM": 52, "MAX_PERKM": 52, "MIN_PERMI": 32, "MAX_PERMI": 32, "MIN_BBXMIN": 32.591667, "MAX_BBXMIN": 32.591667, "MIN_BBXMAX": 32.708333, "MAX_BBXMAX": 32.708333, "MIN_BBYMIN": -19.008333, "MAX_BBYMIN": -19.008333, "MIN_BBYMAX": -18.941667, "MAX_BBYMAX": -18.941667, "MEAN_BBXC": 32.65158, "MEAN_BBYC": -18.976293, "TIMEZONE": "Africa/Harare", "UN_FID": 0, "POP1950": 0, "POP1955": 0, "POP1960": 0, "POP1965": 0, "POP1970": 0, "POP1975": 0, "POP1980": 0, "POP1985": 0, "POP1990": 0, "POP1995": 0, "POP2000": 0, "POP2005": 0, "POP2010": 0, "POP2015": 0, "POP2020": 0, "POP2025": 0, "POP2050": 0, "MIN_ZOOM": 6, "WIKIDATAID": "Q399322", "WOF_ID": 421195169, "CAPALT": 0, "NAME_EN": "Mutare", "NAME_DE": "Mutare", "NAME_ES": "Mutare", "NAME_FR": "Mutare", "NAME_PT": "Mutare", "NAME_RU": "Мутаре", "NAME_ZH": "穆塔雷", "LABEL": null, "NAME_AR": "موتاري", "NAME_BN": "মুতারে", "NAME_EL": "Μουτάρε", "NAME_HI": "मुतारे", "NAME_HU": "Mutare", "NAME_ID": "Mutare", "NAME_IT": "Mutare", "NAME_JA": "ムタレ", "NAME_KO": "무타레", "NAME_NL": "Mutare", "NAME_PL": "Mutare", "NAME_SV": "Mutare", "NAME_TR": "Mutare", "NAME_VI": "Mutare", "NE_ID": 1159147579, "NAME_FA": "موتار", "NAME_HE": "מוטארה", "NAME_UK": "Мутаре", "NAME_UR": "موتارے", "NAME_ZHT": "穆塔雷", "GEONAMESID": 884979, "FCLASS_ISO": null, "FCLASS_US": null, "FCLASS_FR": null, "FCLASS_RU": null, "FCLASS_ES": null, "FCLASS_CN": null, "FCLASS_TW": null, "FCLASS_IN": null, "FCLASS_NP": null, "FCLASS_PK": null, "FCLASS_DE": null, "FCLASS_GB": null, "FCLASS_BR": null, "FCLASS_IL": null, "FCLASS_PS": null, "FCLASS_SA": null, "FCLASS_EG": null, "FCLASS_MA": null, "FCLASS_PT": null, "FCLASS_AR": null, "FCLASS_JP": null, "FCLASS_KO": null, "FCLASS_VN": null, "FCLASS_TR": null, "FCLASS_ID": null, "FCLASS_PL": null, "FCLASS_GR": null, "FCLASS_IT": null, "FCLASS_NL": null, "FCLASS_SE": null, "FCLASS_BD": null, "FCLASS_UA": null, "FCLASS_TLC": null}, "bbox": [32.650038, -18.970019, 32.650038, -18.970019], "geometry": {"type": "Point", "coordinates": [32.650038, -18.970019]}}, {"type": "Feature", "properties": {"SCALERANK": 6, "NATSCALE": 30, "LABELRANK": 6, "FEATURECLA": "Populated place", "NAME": "Kadoma", "NAMEPAR": null, "NAMEALT": null, "NAMEASCII": "Kadoma", "ADM0CAP": 0, "CAPIN": null, "WORLDCITY": 0, "MEGACITY": 0, "SOV0NAME": "Zimbabwe", "SOV_A3": "ZWE", "ADM0NAME": "Zimbabwe", "ADM0_A3": "ZWE", "ADM1NAME": "Mashonaland West", "ISO_A2": "ZW", "NOTE": null, "LATITUDE": -18.330007, "LONGITUDE": 29.909947, "POP_MAX": 79174, "POP_MIN": 33626, "POP_OTHER": 33626, "RANK_MAX": 8, "RANK_MIN": 7, "MEGANAME": null, "LS_NAME": "Kadoma", "MAX_POP10": 33626, "MAX_POP20": 33626, "MAX_POP50": 0, "MAX_POP300": 0, "MAX_POP310": 0, "MAX_NATSCA": 20, "MIN_AREAKM": 19, "MAX_AREAKM": 19, "MIN_AREAMI": 8, "MAX_AREAMI": 8, "MIN_PERKM": 27, "MAX_PERKM": 27, "MIN_PERMI": 17, "MAX_PERMI": 17, "MIN_BBXMIN": 29.883333, "MAX_BBXMIN": 29.883333, "MIN_BBXMAX": 29.933333, "MAX_BBXMAX": 29.933333, "MIN_BBYMIN": -18.358333, "MAX_BBYMIN": -18.358333, "MIN_BBYMAX": -18.308333, "MAX_BBYMAX": -18.308333, "MEAN_BBXC": 29.910764, "MEAN_BBYC": -18.338542, "TIMEZONE": "Africa/Harare", "UN_FID": 0, "POP1950": 0, "POP1955": 0, "POP1960": 0, "POP1965": 0, "POP1970": 0, "POP1975": 0, "POP1980": 0, "POP1985": 0, "POP1990": 0, "POP1995": 0, "POP2000": 0, "POP2005": 0, "POP2010": 0, "POP2015": 0, "POP2020": 0, "POP2025": 0, "POP2050": 0, "MIN_ZOOM": 6, "WIKIDATAID": "Q381560", "WOF_ID": 421180429, "CAPALT": 0, "NAME_EN": "Kadoma", "NAME_DE": "Kadoma", "NAME_ES": "Kadoma", "NAME_FR": "Kadoma", "NAME_PT": "Kadoma", "NAME_RU": "Кадома", "NAME_ZH": "卡多马", "LABEL": null, "NAME_AR": "كادوما", "NAME_BN": "কাদোমা", "NAME_EL": "Καντόμα", "NAME_HI": "कदोमा", "NAME_HU": "Kadoma", "NAME_ID": "Kadoma", "NAME_IT": "Kadoma", "NAME_JA": "カドマ", "NAME_KO": "카도마", "NAME_NL": "Kadoma", "NAME_PL": "Kadoma", "NAME_SV": "Kadoma", "NAME_TR": "Kadoma", "NAME_VI": "Kadoma", "NE_ID": 1159147581, "NAME_FA": "کادوما", "NAME_HE": "קדומה", "NAME_UK": "Кадома", "NAME_UR": "کادوما", "NAME_ZHT": "卡多馬", "GEONAMESID": 889453, "FCLASS_ISO": null, "FCLASS_US": null, "FCLASS_FR": null, "FCLASS_RU": null, "FCLASS_ES": null, "FCLASS_CN": null, "FCLASS_TW": null, "FCLASS_IN": null, "FCLASS_NP": null, "FCLASS_PK": null, "FCLASS_DE": null, "FCLASS_GB": null, "FCLASS_BR": null, "FCLASS_IL": null, "FCLASS_PS": null, "FCLASS_SA": null, "FCLASS_EG": null, "FCLASS_MA": null, "FCLASS_PT": null, "FCLASS_AR": null, "FCLASS_JP": null, "FCLASS_KO": null, "FCLASS_VN": null, "FCLASS_TR": null, "FCLASS_ID": null, "FCLASS_PL": null, "FCLASS_GR": null, "FCLASS_IT": null, "FCLASS_NL": null, "FCLASS_SE": null, "FCLASS_BD": null, "FCLASS_UA": null, "FCLASS_TLC": null}, "bbox": [29.909947, -18.330006, 29.909947, -18.330006], "geometry": {"type": "Point", "coordinates": [29.909947, -18.330006]}}, {"type": "Feature", "properties": {"SCALERANK": 6, "NATSCALE": 30, "LABELRANK": 3, "FEATURECLA": "Populated place", "NAME": "De Aar", "NAMEPAR": null, "NAMEALT": null, "NAMEASCII": "De Aar", "ADM0CAP": 0, "CAPIN": null, "WORLDCITY": 0, "MEGACITY": 0, "SOV0NAME": "South Africa", "SOV_A3": "ZAF", "ADM0NAME": "South Africa", "ADM0_A3": "ZAF", "ADM1NAME": "Northern Cape", "ISO_A2": "ZA", "NOTE": null, "LATITUDE": -30.649978, "LONGITUDE": 24.000023, "POP_MAX": 32318, "POP_MIN": 5021, "POP_OTHER": 4869, "RANK_MAX": 7, "RANK_MIN": 5, "MEGANAME": null, "LS_NAME": "De Aar", "MAX_POP10": 5021, "MAX_POP20": 5021, "MAX_POP50": 0, "MAX_POP300": 0, "MAX_POP310": 0, "MAX_NATSCA": 20, "MIN_AREAKM": 12, "MAX_AREAKM": 12, "MIN_AREAMI": 5, "MAX_AREAMI": 5, "MIN_PERKM": 17, "MAX_PERKM": 17, "MIN_PERMI": 11, "MAX_PERMI": 11, "MIN_BBXMIN": 24, "MAX_BBXMIN": 24, "MIN_BBXMAX": 24.041667, "MAX_BBXMAX": 24.041667, "MIN_BBYMIN": -30.675, "MAX_BBYMIN": -30.675, "MIN_BBYMAX": -30.641667, "MAX_BBYMAX": -30.641667, "MEAN_BBXC": 24.022396, "MEAN_BBYC": -30.65625, "TIMEZONE": "Africa/Johannesburg", "UN_FID": 0, "POP1950": 0, "POP1955": 0, "POP1960": 0, "POP1965": 0, "POP1970": 0, "POP1975": 0, "POP1980": 0, "POP1985": 0, "POP1990": 0, "POP1995": 0, "POP2000": 0, "POP2005": 0, "POP2010": 0, "POP2015": 0, "POP2020": 0, "POP2025": 0, "POP2050": 0, "MIN_ZOOM": 6, "WIKIDATAID": "Q743069", "WOF_ID": 1141908851, "CAPALT": 0, "NAME_EN": "De Aar", "NAME_DE": "De Aar", "NAME_ES": "De Aar", "NAME_FR": "De Aar", "NAME_PT": "De Aar", "NAME_RU": "Де-Ар", "NAME_ZH": "德阿尔", "LABEL": null, "NAME_AR": "دي آر", "NAME_BN": "দে আর", "NAME_EL": "Ντε Άαρ", "NAME_HI": "डे आर", "NAME_HU": "De Aar", "NAME_ID": "De Aar", "NAME_IT": "De Aar", "NAME_JA": "デアール", "NAME_KO": "드 아르", "NAME_NL": "De Aar", "NAME_PL": "De Aar", "NAME_SV": "De Aar", "NAME_TR": "De Aar", "NAME_VI": "De Aar", "NE_ID": 1159148005, "NAME_FA": "دی آر", "NAME_HE": "דה אאר", "NAME_UK": "Де-Ар", "NAME_UR": "ڈی آر", "NAME_ZHT": "德阿爾", "GEONAMESID": 1011632, "FCLASS_ISO": null, "FCLASS_US": null, "FCLASS_FR": null, "FCLASS_RU": null, "FCLASS_ES": null, "FCLASS_CN": null, "FCLASS_TW": null, "FCLASS_IN": null, "FCLASS_NP": null, "FCLASS_PK": null, "FCLASS_DE": null, "FCLASS_GB": null, "FCLASS_BR": null, "FCLASS_IL": null, "FCLASS_PS": null, "FCLASS_SA": null, "FCLASS_EG": null, "FCLASS_MA": null, "FCLASS_PT": null, "FCLASS_AR": null, "FCLASS_JP": null, "FCLASS_KO": null, "FCLASS_VN": null, "FCLASS_TR": null, "FCLASS_ID": null, "FCLASS_PL": null, "FCLASS_GR": null, "FCLASS_IT": null, "FCLASS_NL": null, "FCLASS_SE": null, "FCLASS_BD": null, "FCLASS_UA": null, "FCLASS_TLC": null}, "bbox": [24.000023, -30.649978, 24.000023, -30.649978], "geometry": {"type": "Point", "coordinates": [24.000023, -30.649978]}}, {"type": "Feature", "properties": {"SCALERANK": 6, "NATSCALE": 30, "LABELRANK": 3, "FEATURECLA": "Populated place", "NAME": "Alexander Bay", "NAMEPAR": null, "NAMEALT": null, "NAMEASCII": "Alexander Bay", "ADM0CAP": 0, "CAPIN": null, "WORLDCITY": 0, "MEGACITY": 0, "SOV0NAME": "South Africa", "SOV_A3": "ZAF", "ADM0NAME": "South Africa", "ADM0_A3": "ZAF", "ADM1NAME": "Northern Cape", "ISO_A2": "ZA", "NOTE": null, "LATITUDE": -28.608346, "LONGITUDE": 16.503323, "POP_MAX": 1500, "POP_MIN": 1452, "POP_OTHER": 0, "RANK_MAX": 3, "RANK_MIN": 3, "MEGANAME": null, "LS_NAME": "Alexander Bay", "MAX_POP10": 0, "MAX_POP20": 0, "MAX_POP50": 0, "MAX_POP300": 0, "MAX_POP310": 0, "MAX_NATSCA": 0, "MIN_AREAKM": 0, "MAX_AREAKM": 0, "MIN_AREAMI": 0, "MAX_AREAMI": 0, "MIN_PERKM": 0, "MAX_PERKM": 0, "MIN_PERMI": 0, "MAX_PERMI": 0, "MIN_BBXMIN": 0, "MAX_BBXMIN": 0, "MIN_BBXMAX": 0, "MAX_BBXMAX": 0, "MIN_BBYMIN": 0, "MAX_BBYMIN": 0, "MIN_BBYMAX": 0, "MAX_BBYMAX": 0, "MEAN_BBXC": 0, "MEAN_BBYC": 0, "TIMEZONE": null, "UN_FID": 0, "POP1950": 0, "POP1955": 0, "POP1960": 0, "POP1965": 0, "POP1970": 0, "POP1975": 0, "POP1980": 0, "POP1985": 0, "POP1990": 0, "POP1995": 0, "POP2000": 0, "POP2005": 0, "POP2010": 0, "POP2015": 0, "POP2020": 0, "POP2025": 0, "POP2050": 0, "MIN_ZOOM": 6, "WIKIDATAID": "Q1856529", "WOF_ID": 1141908853, "CAPALT": 0, "NAME_EN": "Alexander Bay", "NAME_DE": "Alexander Bay", "NAME_ES": "Alexander Bay", "NAME_FR": "Alexander Bay", "NAME_PT": "Alexander Bay", "NAME_RU": "Александер-Бей", "NAME_ZH": "亞歷山大灣", "LABEL": null, "NAME_AR": "أليكساندر باي", "NAME_BN": "আলেক্সান্ডার বে", "NAME_EL": "Αλεξάντερ Μπέι", "NAME_HI": "एलेक्ज़ेंडर बे", "NAME_HU": "Alexander Bay", "NAME_ID": "Alexander Bay", "NAME_IT": "Alexander Bay", "NAME_JA": "アレキサンダー・ベイ", "NAME_KO": "알렉산더 베이", "NAME_NL": "Alexanderbaai", "NAME_PL": "Alexander Bay", "NAME_SV": "Alexander Bay", "NAME_TR": "Alexander Bay", "NAME_VI": "Alexander Bay", "NE_ID": 1159148009, "NAME_FA": "الکساندر بای", "NAME_HE": "מפרץ אלכסנדר", "NAME_UK": "Александр-Бей", "NAME_UR": "الیگزینڈر بے", "NAME_ZHT": "亞歷山大灣", "GEONAMESID": 3370511, "FCLASS_ISO": null, "FCLASS_US": null, "FCLASS_FR": null, "FCLASS_RU": null, "FCLASS_ES": null, "FCLASS_CN": null, "FCLASS_TW": null, "FCLASS_IN": null, "FCLASS_NP": null, "FCLASS_PK": null, "FCLASS_DE": null, "FCLASS_GB": null, "FCLASS_BR": null, "FCLASS_IL": null, "FCLASS_PS": null, "FCLASS_SA": null, "FCLASS_EG": null, "FCLASS_MA": null, "FCLASS_PT": null, "FCLASS_AR": null, "FCLASS_JP": null, "FCLASS_KO": null, "FCLASS_VN": null, "FCLASS_TR": null, "FCLASS_ID": null, "FCLASS_PL": null, "FCLASS_GR": null, "FCLASS_IT": null, "FCLASS_NL": null, "FCLASS_SE": null, "FCLASS_BD": null, "FCLASS_UA": null, "FCLASS_TLC": null}, "bbox": [16.503323, -28.608345, 16.503323, -28.608345], "geometry": {"type": "Point", "coordinates": [16.503323, -28.608345]}}, {"type": "Feature", "properties": {"SCALERANK": 6, "NATSCALE": 30, "LABELRANK": 3, "FEATURECLA": "Admin-1 capital", "NAME": "Kimberley", "NAMEPAR": null, "NAMEALT": null, "NAMEASCII": "Kimberley", "ADM0CAP": 0, "CAPIN": null, "WORLDCITY": 0, "MEGACITY": 0, "SOV0NAME": "South Africa", "SOV_A3": "ZAF", "ADM0NAME": "South Africa", "ADM0_A3": "ZAF", "ADM1NAME": "Northern Cape", "ISO_A2": "ZA", "NOTE": null, "LATITUDE": -28.746838, "LONGITUDE": 24.770002, "POP_MAX": 165264, "POP_MIN": 142089, "POP_OTHER": 165264, "RANK_MAX": 9, "RANK_MIN": 9, "MEGANAME": null, "LS_NAME": "Kimberley", "MAX_POP10": 165264, "MAX_POP20": 165264, "MAX_POP50": 0, "MAX_POP300": 0, "MAX_POP310": 0, "MAX_NATSCA": 20, "MIN_AREAKM": 62, "MAX_AREAKM": 62, "MIN_AREAMI": 24, "MAX_AREAMI": 24, "MIN_PERKM": 44, "MAX_PERKM": 44, "MIN_PERMI": 27, "MAX_PERMI": 27, "MIN_BBXMIN": 24.7, "MAX_BBXMIN": 24.7, "MIN_BBXMAX": 24.8, "MAX_BBXMAX": 24.8, "MIN_BBYMIN": -28.775, "MAX_BBYMIN": -28.775, "MIN_BBYMAX": -28.683333, "MAX_BBYMAX": -28.683333, "MEAN_BBXC": 24.751857, "MEAN_BBYC": -28.730472, "TIMEZONE": "Africa/Johannesburg", "UN_FID": 0, "POP1950": 0, "POP1955": 0, "POP1960": 0, "POP1965": 0, "POP1970": 0, "POP1975": 0, "POP1980": 0, "POP1985": 0, "POP1990": 0, "POP1995": 0, "POP2000": 0, "POP2005": 0, "POP2010": 0, "POP2015": 0, "POP2020": 0, "POP2025": 0, "POP2050": 0, "MIN_ZOOM": 6, "WIKIDATAID": "Q125905", "WOF_ID": 101924789, "CAPALT": 0, "NAME_EN": "Kimberley", "NAME_DE": "Kimberley", "NAME_ES": "Kimberley", "NAME_FR": "Kimberley", "NAME_PT": "Kimberley", "NAME_RU": "Кимберли", "NAME_ZH": "金伯利", "LABEL": null, "NAME_AR": "كيمبرلي", "NAME_BN": "কিম্বার্লি", "NAME_EL": "Κίμπερλεϊ", "NAME_HI": "किम्बरली", "NAME_HU": "Kimberley", "NAME_ID": "Kimberley", "NAME_IT": "Kimberley", "NAME_JA": "キンバリー", "NAME_KO": "킴벌리", "NAME_NL": "Kimberley", "NAME_PL": "Kimberley", "NAME_SV": "Kimberley", "NAME_TR": "Kimberley", "NAME_VI": "Kimberley", "NE_ID": 1159148011, "NAME_FA": "کیمبرلی", "NAME_HE": "קימברלי", "NAME_UK": "Кімберлі", "NAME_UR": "کمبرلی", "NAME_ZHT": "金巴利", "GEONAMESID": 990930, "FCLASS_ISO": null, "FCLASS_US": null, "FCLASS_FR": null, "FCLASS_RU": null, "FCLASS_ES": null, "FCLASS_CN": null, "FCLASS_TW": null, "FCLASS_IN": null, "FCLASS_NP": null, "FCLASS_PK": null, "FCLASS_DE": null, "FCLASS_GB": null, "FCLASS_BR": null, "FCLASS_IL": null, "FCLASS_PS": null, "FCLASS_SA": null, "FCLASS_EG": null, "FCLASS_MA": null, "FCLASS_PT": null, "FCLASS_AR": null, "FCLASS_JP": null, "FCLASS_KO": null, "FCLASS_VN": null, "FCLASS_TR": null, "FCLASS_ID": null, "FCLASS_PL": null, "FCLASS_GR": null, "FCLASS_IT": null, "FCLASS_NL": null, "FCLASS_SE": null, "FCLASS_BD": null, "FCLASS_UA": null, "FCLASS_TLC": null}, "bbox": [24.770002, -28.746838, 24.770002, -28.746838], "geometry": {"type": "Point", "coordinates": [24.770002, -28.746838]}}, {"type": "Feature", "properties": {"SCALERANK": 6, "NATSCALE": 30, "LABELRANK": 3, "FEATURECLA": "Populated place", "NAME": "Oudtshoorn", "NAMEPAR": null, "NAMEALT": null, "NAMEASCII": "Oudtshoorn", "ADM0CAP": 0, "CAPIN": null, "WORLDCITY": 0, "MEGACITY": 0, "SOV0NAME": "South Africa", "SOV_A3": "ZAF", "ADM0NAME": "South Africa", "ADM0_A3": "ZAF", "ADM1NAME": "Western Cape", "ISO_A2": "ZA", "NOTE": null, "LATITUDE": -33.580032, "LONGITUDE": 22.190004, "POP_MAX": 76708, "POP_MIN": 47998, "POP_OTHER": 47848, "RANK_MAX": 8, "RANK_MIN": 7, "MEGANAME": null, "LS_NAME": "Oudtshoorn", "MAX_POP10": 47998, "MAX_POP20": 0, "MAX_POP50": 0, "MAX_POP300": 0, "MAX_POP310": 0, "MAX_NATSCA": 10, "MIN_AREAKM": 27, "MAX_AREAKM": 27, "MIN_AREAMI": 10, "MAX_AREAMI": 10, "MIN_PERKM": 27, "MAX_PERKM": 27, "MIN_PERMI": 17, "MAX_PERMI": 17, "MIN_BBXMIN": 22.175, "MAX_BBXMIN": 22.175, "MIN_BBXMAX": 22.25, "MAX_BBXMAX": 22.25, "MIN_BBYMIN": -33.625, "MAX_BBYMIN": -33.625, "MIN_BBYMAX": -33.566667, "MAX_BBYMAX": -33.566667, "MEAN_BBXC": 22.209649, "MEAN_BBYC": -33.595833, "TIMEZONE": "Africa/Johannesburg", "UN_FID": 0, "POP1950": 0, "POP1955": 0, "POP1960": 0, "POP1965": 0, "POP1970": 0, "POP1975": 0, "POP1980": 0, "POP1985": 0, "POP1990": 0, "POP1995": 0, "POP2000": 0, "POP2005": 0, "POP2010": 0, "POP2015": 0, "POP2020": 0, "POP2025": 0, "POP2050": 0, "MIN_ZOOM": 6, "WIKIDATAID": "Q951049", "WOF_ID": 1141908855, "CAPALT": 0, "NAME_EN": "Oudtshoorn", "NAME_DE": "Oudtshoorn", "NAME_ES": "Oudtshoorn", "NAME_FR": "Oudtshoorn", "NAME_PT": "Oudtshoorn", "NAME_RU": "Оудсхурн", "NAME_ZH": "奥茨胡恩", "LABEL": null, "NAME_AR": "أوتشورن", "NAME_BN": "ওউদতশুম", "NAME_EL": "Ούντσχουρν", "NAME_HI": "ओड्सटॉर्न", "NAME_HU": "Oudtshoorn", "NAME_ID": "Oudtshoorn", "NAME_IT": "Oudtshoorn", "NAME_JA": "オウツフルン", "NAME_KO": "아우트쇼른", "NAME_NL": "Oudtshoorn", "NAME_PL": "Oudtshoorn", "NAME_SV": "Oudtshoorn", "NAME_TR": "Oudtshoorn", "NAME_VI": "Oudtshoorn", "NE_ID": 1159148013, "NAME_FA": "اودتشورن", "NAME_HE": "אודסהורן", "NAME_UK": "Оудсхорн", "NAME_UR": "آوڈتشوم", "NAME_ZHT": "奧茨胡恩", "GEONAMESID": 967106, "FCLASS_ISO": null, "FCLASS_US": null, "FCLASS_FR": null, "FCLASS_RU": null, "FCLASS_ES": null, "FCLASS_CN": null, "FCLASS_TW": null, "FCLASS_IN": null, "FCLASS_NP": null, "FCLASS_PK": null, "FCLASS_DE": null, "FCLASS_GB": null, "FCLASS_BR": null, "FCLASS_IL": null, "FCLASS_PS": null, "FCLASS_SA": null, "FCLASS_EG": null, "FCLASS_MA": null, "FCLASS_PT": null, "FCLASS_AR": null, "FCLASS_JP": null, "FCLASS_KO": null, "FCLASS_VN": null, "FCLASS_TR": null, "FCLASS_ID": null, "FCLASS_PL": null, "FCLASS_GR": null, "FCLASS_IT": null, "FCLASS_NL": null, "FCLASS_SE": null, "FCLASS_BD": null, "FCLASS_UA": null, "FCLASS_TLC": null}, "bbox": [22.190004, -33.580032, 22.190004, -33.580032], "geometry": {"type": "Point", "coordinates": [22.190004, -33.580032]}}, {"type": "Feature", "properties": {"SCALERANK": 6, "NATSCALE": 30, "LABELRANK": 3, "FEATURECLA": "Populated place", "NAME": "Vanhynsdorp", "NAMEPAR": null, "NAMEALT": null, "NAMEASCII": "Vanhynsdorp", "ADM0CAP": 0, "CAPIN": null, "WORLDCITY": 0, "MEGACITY": 0, "SOV0NAME": "South Africa", "SOV_A3": "ZAF", "ADM0NAME": "South Africa", "ADM0_A3": "ZAF", "ADM1NAME": "Western Cape", "ISO_A2": "ZA", "NOTE": null, "LATITUDE": -31.616637, "LONGITUDE": 18.733316, "POP_MAX": 3331, "POP_MIN": 3331, "POP_OTHER": 0, "RANK_MAX": 4, "RANK_MIN": 4, "MEGANAME": null, "LS_NAME": "Vanhynsdorp", "MAX_POP10": 3331, "MAX_POP20": 3331, "MAX_POP50": 0, "MAX_POP300": 0, "MAX_POP310": 0, "MAX_NATSCA": 20, "MIN_AREAKM": 1, "MAX_AREAKM": 1, "MIN_AREAMI": 1, "MAX_AREAMI": 1, "MIN_PERKM": 5, "MAX_PERKM": 5, "MIN_PERMI": 3, "MAX_PERMI": 3, "MIN_BBXMIN": 18.733333, "MAX_BBXMIN": 18.733333, "MIN_BBXMAX": 18.741667, "MAX_BBXMAX": 18.741667, "MIN_BBYMIN": -31.616667, "MAX_BBYMIN": -31.616667, "MIN_BBYMAX": -31.6, "MAX_BBYMAX": -31.6, "MEAN_BBXC": 18.7375, "MEAN_BBYC": -31.608333, "TIMEZONE": null, "UN_FID": 0, "POP1950": 0, "POP1955": 0, "POP1960": 0, "POP1965": 0, "POP1970": 0, "POP1975": 0, "POP1980": 0, "POP1985": 0, "POP1990": 0, "POP1995": 0, "POP2000": 0, "POP2005": 0, "POP2010": 0, "POP2015": 0, "POP2020": 0, "POP2025": 0, "POP2050": 0, "MIN_ZOOM": 6, "WIKIDATAID": "Q943414", "WOF_ID": 1141908857, "CAPALT": 0, "NAME_EN": "Vanrhynsdorp", "NAME_DE": "Vanrhynsdorp", "NAME_ES": "Vanhynsdorp", "NAME_FR": "Vanrhynsdorp", "NAME_PT": "Vanrhynsdorp", "NAME_RU": "Фанрейнсдорп", "NAME_ZH": "范伦斯多普", "LABEL": null, "NAME_AR": "فانرهينسدروب", "NAME_BN": "ভানহিনসডর্প", "NAME_EL": "Βάνχινσντορπ", "NAME_HI": "वैन्हीन्स्डोर्प", "NAME_HU": "Vanhynsdorp", "NAME_ID": "Vanhynsdorp", "NAME_IT": "Vanrhynsdorp", "NAME_JA": "バンラインスドルプ", "NAME_KO": "반힌스도르프", "NAME_NL": "Vanrhynsdorp", "NAME_PL": "Vanhynsdorp", "NAME_SV": "Vanhynsdorp", "NAME_TR": "Vanhynsdorp", "NAME_VI": "Vanhynsdorp", "NE_ID": 1159148015, "NAME_FA": "ونرهینسدرپ", "NAME_HE": "וואנהינסדרופ", "NAME_UK": "Фанрейнсдорп", "NAME_UR": "وینہائینڈورپ", "NAME_ZHT": "范倫斯多普", "GEONAMESID": 3360078, "FCLASS_ISO": null, "FCLASS_US": null, "FCLASS_FR": null, "FCLASS_RU": null, "FCLASS_ES": null, "FCLASS_CN": null, "FCLASS_TW": null, "FCLASS_IN": null, "FCLASS_NP": null, "FCLASS_PK": null, "FCLASS_DE": null, "FCLASS_GB": null, "FCLASS_BR": null, "FCLASS_IL": null, "FCLASS_PS": null, "FCLASS_SA": null, "FCLASS_EG": null, "FCLASS_MA": null, "FCLASS_PT": null, "FCLASS_AR": null, "FCLASS_JP": null, "FCLASS_KO": null, "FCLASS_VN": null, "FCLASS_TR": null, "FCLASS_ID": null, "FCLASS_PL": null, "FCLASS_GR": null, "FCLASS_IT": null, "FCLASS_NL": null, "FCLASS_SE": null, "FCLASS_BD": null, "FCLASS_UA": null, "FCLASS_TLC": null}, "bbox": [18.733316, -31.616637, 18.733316, -31.616637], "geometry": {"type": "Point", "coordinates": [18.733316, -31.616637]}}, {"type": "Feature", "properties": {"SCALERANK": 6, "NATSCALE": 30, "LABELRANK": 3, "FEATURECLA": "Populated place", "NAME": "Saldanha", "NAMEPAR": null, "NAMEALT": null, "NAMEASCII": "Saldanha", "ADM0CAP": 0, "CAPIN": null, "WORLDCITY": 0, "MEGACITY": 0, "SOV0NAME": "South Africa", "SOV_A3": "ZAF", "ADM0NAME": "South Africa", "ADM0_A3": "ZAF", "ADM1NAME": "Western Cape", "ISO_A2": "ZA", "NOTE": null, "LATITUDE": -33.010041, "LONGITUDE": 17.930006, "POP_MAX": 68284, "POP_MIN": 6654, "POP_OTHER": 6498, "RANK_MAX": 8, "RANK_MIN": 5, "MEGANAME": null, "LS_NAME": "Saldanha", "MAX_POP10": 6654, "MAX_POP20": 6654, "MAX_POP50": 0, "MAX_POP300": 0, "MAX_POP310": 0, "MAX_NATSCA": 20, "MIN_AREAKM": 11, "MAX_AREAKM": 11, "MIN_AREAMI": 4, "MAX_AREAMI": 4, "MIN_PERKM": 22, "MAX_PERKM": 22, "MIN_PERMI": 14, "MAX_PERMI": 14, "MIN_BBXMIN": 17.908333, "MAX_BBXMIN": 17.908333, "MIN_BBXMAX": 17.966667, "MAX_BBXMAX": 17.966667, "MIN_BBYMIN": -33.025, "MAX_BBYMIN": -33.025, "MIN_BBYMAX": -32.983333, "MAX_BBYMAX": -32.983333, "MEAN_BBXC": 17.936944, "MEAN_BBYC": -33.004722, "TIMEZONE": "Africa/Johannesburg", "UN_FID": 0, "POP1950": 0, "POP1955": 0, "POP1960": 0, "POP1965": 0, "POP1970": 0, "POP1975": 0, "POP1980": 0, "POP1985": 0, "POP1990": 0, "POP1995": 0, "POP2000": 0, "POP2005": 0, "POP2010": 0, "POP2015": 0, "POP2020": 0, "POP2025": 0, "POP2050": 0, "MIN_ZOOM": 6, "WIKIDATAID": "Q1643816", "WOF_ID": 1141908859, "CAPALT": 0, "NAME_EN": "Saldanha", "NAME_DE": "Saldanha", "NAME_ES": "Saldanha", "NAME_FR": "Saldanha", "NAME_PT": "Saldanha", "NAME_RU": "Салданья", "NAME_ZH": "萨尔达尼亚", "LABEL": null, "NAME_AR": "سالدانها", "NAME_BN": "সালদানহা", "NAME_EL": "Σαλντάνια", "NAME_HI": "सलदाना", "NAME_HU": "Saldanha", "NAME_ID": "Saldanha", "NAME_IT": "Saldanha", "NAME_JA": "サルダニャ・ベイ", "NAME_KO": "살다냐", "NAME_NL": "Saldanha", "NAME_PL": "Saldanha", "NAME_SV": "Saldanha", "NAME_TR": "Saldanha", "NAME_VI": "Saldanha", "NE_ID": 1159148017, "NAME_FA": "سالدانها", "NAME_HE": "סאלדאנהאה", "NAME_UK": "Салданья", "NAME_UR": "سیلڈانہا", "NAME_ZHT": "薩爾達尼亞", "GEONAMESID": 3361934, "FCLASS_ISO": null, "FCLASS_US": null, "FCLASS_FR": null, "FCLASS_RU": null, "FCLASS_ES": null, "FCLASS_CN": null, "FCLASS_TW": null, "FCLASS_IN": null, "FCLASS_NP": null, "FCLASS_PK": null, "FCLASS_DE": null, "FCLASS_GB": null, "FCLASS_BR": null, "FCLASS_IL": null, "FCLASS_PS": null, "FCLASS_SA": null, "FCLASS_EG": null, "FCLASS_MA": null, "FCLASS_PT": null, "FCLASS_AR": null, "FCLASS_JP": null, "FCLASS_KO": null, "FCLASS_VN": null, "FCLASS_TR": null, "FCLASS_ID": null, "FCLASS_PL": null, "FCLASS_GR": null, "FCLASS_IT": null, "FCLASS_NL": null, "FCLASS_SE": null, "FCLASS_BD": null, "FCLASS_UA": null, "FCLASS_TLC": null}, "bbox": [17.930006, -33.010041, 17.930006, -33.010041], "geometry": {"type": "Point", "coordinates": [17.930006, -33.010041]}}, {"type": "Feature", "properties": {"SCALERANK": 6, "NATSCALE": 30, "LABELRANK": 3, "FEATURECLA": "Populated place", "NAME": "Mossel Bay", "NAMEPAR": null, "NAMEALT": null, "NAMEASCII": "Mossel Bay", "ADM0CAP": 0, "CAPIN": null, "WORLDCITY": 0, "MEGACITY": 0, "SOV0NAME": "South Africa", "SOV_A3": "ZAF", "ADM0NAME": "South Africa", "ADM0_A3": "ZAF", "ADM1NAME": "Western Cape", "ISO_A2": "ZA", "NOTE": null, "LATITUDE": -34.170022, "LONGITUDE": 22.130008, "POP_MAX": 16743, "POP_MIN": 16743, "POP_OTHER": 0, "RANK_MAX": 6, "RANK_MIN": 6, "MEGANAME": null, "LS_NAME": "Mossel Bay", "MAX_POP10": 16743, "MAX_POP20": 0, "MAX_POP50": 0, "MAX_POP300": 0, "MAX_POP310": 0, "MAX_NATSCA": 10, "MIN_AREAKM": 11, "MAX_AREAKM": 11, "MIN_AREAMI": 4, "MAX_AREAMI": 4, "MIN_PERKM": 19, "MAX_PERKM": 19, "MIN_PERMI": 12, "MAX_PERMI": 12, "MIN_BBXMIN": 22.083333, "MAX_BBXMIN": 22.083333, "MIN_BBXMAX": 22.15, "MAX_BBXMAX": 22.15, "MIN_BBYMIN": -34.191667, "MAX_BBYMIN": -34.191667, "MIN_BBYMAX": -34.166667, "MAX_BBYMAX": -34.166667, "MEAN_BBXC": 22.11875, "MEAN_BBYC": -34.180208, "TIMEZONE": null, "UN_FID": 0, "POP1950": 0, "POP1955": 0, "POP1960": 0, "POP1965": 0, "POP1970": 0, "POP1975": 0, "POP1980": 0, "POP1985": 0, "POP1990": 0, "POP1995": 0, "POP2000": 0, "POP2005": 0, "POP2010": 0, "POP2015": 0, "POP2020": 0, "POP2025": 0, "POP2050": 0, "MIN_ZOOM": 6, "WIKIDATAID": "Q995615", "WOF_ID": 1141908861, "CAPALT": 0, "NAME_EN": "Mossel Bay", "NAME_DE": "Mossel Bay", "NAME_ES": "Mosselbaai", "NAME_FR": "Mossel Bay", "NAME_PT": "Mossel Bay", "NAME_RU": "Моссел Бей", "NAME_ZH": "莫塞尔贝", "LABEL": null, "NAME_AR": "خليج موسيل", "NAME_BN": "মোসেল বে", "NAME_EL": "Μόσελ Μπέι", "NAME_HI": "मोसेल बे", "NAME_HU": "Mossel Bay", "NAME_ID": "Teluk Mossel", "NAME_IT": "Mossel Bay", "NAME_JA": "モッセル湾", "NAME_KO": "모셀 베이", "NAME_NL": "Mosselbaai", "NAME_PL": "Mossel Bay", "NAME_SV": "Mossel Bay", "NAME_TR": "Mossel Bay", "NAME_VI": "Mossel Bay", "NE_ID": 1159148019, "NAME_FA": "خلیج موسل", "NAME_HE": "מוסל ביי", "NAME_UK": "Моссел-Бей", "NAME_UR": "موسل بے", "NAME_ZHT": "摩賽爾灣市", "GEONAMESID": 973709, "FCLASS_ISO": null, "FCLASS_US": null, "FCLASS_FR": null, "FCLASS_RU": null, "FCLASS_ES": null, "FCLASS_CN": null, "FCLASS_TW": null, "FCLASS_IN": null, "FCLASS_NP": null, "FCLASS_PK": null, "FCLASS_DE": null, "FCLASS_GB": null, "FCLASS_BR": null, "FCLASS_IL": null, "FCLASS_PS": null, "FCLASS_SA": null, "FCLASS_EG": null, "FCLASS_MA": null, "FCLASS_PT": null, "FCLASS_AR": null, "FCLASS_JP": null, "FCLASS_KO": null, "FCLASS_VN": null, "FCLASS_TR": null, "FCLASS_ID": null, "FCLASS_PL": null, "FCLASS_GR": null, "FCLASS_IT": null, "FCLASS_NL": null, "FCLASS_SE": null, "FCLASS_BD": null, "FCLASS_UA": null, "FCLASS_TLC": null}, "bbox": [22.130008, -34.170021, 22.130008, -34.170021], "geometry": {"type": "Point", "coordinates": [22.130008, -34.170021]}}, {"type": "Feature", "properties": {"SCALERANK": 6, "NATSCALE": 30, "LABELRANK": 6, "FEATURECLA": "Admin-1 capital", "NAME": "Chimoio", "NAMEPAR": null, "NAMEALT": null, "NAMEASCII": "Chimoio", "ADM0CAP": 0, "CAPIN": null, "WORLDCITY": 0, "MEGACITY": 0, "SOV0NAME": "Mozambique", "SOV_A3": "MOZ", "ADM0NAME": "Mozambique", "ADM0_A3": "MOZ", "ADM1NAME": "Manica", "ISO_A2": "MZ", "NOTE": null, "LATITUDE": -19.120036, "LONGITUDE": 33.470039, "POP_MAX": 256936, "POP_MIN": 228141, "POP_OTHER": 228302, "RANK_MAX": 10, "RANK_MIN": 10, "MEGANAME": null, "LS_NAME": "Chimoio", "MAX_POP10": 228141, "MAX_POP20": 228141, "MAX_POP50": 0, "MAX_POP300": 0, "MAX_POP310": 0, "MAX_NATSCA": 20, "MIN_AREAKM": 49, "MAX_AREAKM": 49, "MIN_AREAMI": 19, "MAX_AREAMI": 19, "MIN_PERKM": 50, "MAX_PERKM": 50, "MIN_PERMI": 31, "MAX_PERMI": 31, "MIN_BBXMIN": 33.433333, "MAX_BBXMIN": 33.433333, "MIN_BBXMAX": 33.516667, "MAX_BBXMAX": 33.516667, "MIN_BBYMIN": -19.15, "MAX_BBYMIN": -19.15, "MIN_BBYMAX": -19.033333, "MAX_BBYMAX": -19.033333, "MEAN_BBXC": 33.471243, "MEAN_BBYC": -19.10526, "TIMEZONE": "Africa/Maputo", "UN_FID": 0, "POP1950": 0, "POP1955": 0, "POP1960": 0, "POP1965": 0, "POP1970": 0, "POP1975": 0, "POP1980": 0, "POP1985": 0, "POP1990": 0, "POP1995": 0, "POP2000": 0, "POP2005": 0, "POP2010": 0, "POP2015": 0, "POP2020": 0, "POP2025": 0, "POP2050": 0, "MIN_ZOOM": 6, "WIKIDATAID": "Q638509", "WOF_ID": 421181191, "CAPALT": 0, "NAME_EN": "Chimoio", "NAME_DE": "Chimoio", "NAME_ES": "Chimoio", "NAME_FR": "Chimoio", "NAME_PT": "Chimoio", "NAME_RU": "Шимойо", "NAME_ZH": "希莫尤", "LABEL": null, "NAME_AR": "شيمويو", "NAME_BN": "চিমোইয়ো", "NAME_EL": "Τσιμόιο", "NAME_HI": "चिमोओ", "NAME_HU": "Chimoio", "NAME_ID": "Chimoio", "NAME_IT": "Chimoio", "NAME_JA": "シモイオ", "NAME_KO": "시모이우", "NAME_NL": "Chimoio", "NAME_PL": "Chimoio", "NAME_SV": "Chimoio", "NAME_TR": "Chimoio", "NAME_VI": "Chimoio", "NE_ID": 1159148021, "NAME_FA": "چیمو", "NAME_HE": "צ'ימויו", "NAME_UK": "Шимойо", "NAME_UR": "شیمویو", "NAME_ZHT": "希莫尤", "GEONAMESID": 1049261, "FCLASS_ISO": null, "FCLASS_US": null, "FCLASS_FR": null, "FCLASS_RU": null, "FCLASS_ES": null, "FCLASS_CN": null, "FCLASS_TW": null, "FCLASS_IN": null, "FCLASS_NP": null, "FCLASS_PK": null, "FCLASS_DE": null, "FCLASS_GB": null, "FCLASS_BR": null, "FCLASS_IL": null, "FCLASS_PS": null, "FCLASS_SA": null, "FCLASS_EG": null, "FCLASS_MA": null, "FCLASS_PT": null, "FCLASS_AR": null, "FCLASS_JP": null, "FCLASS_KO": null, "FCLASS_VN": null, "FCLASS_TR": null, "FCLASS_ID": null, "FCLASS_PL": null, "FCLASS_GR": null, "FCLASS_IT": null, "FCLASS_NL": null, "FCLASS_SE": null, "FCLASS_BD": null, "FCLASS_UA": null, "FCLASS_TLC": null}, "bbox": [33.470039, -19.120036, 33.470039, -19.120036], "geometry": {"type": "Point", "coordinates": [33.470039, -19.120036]}}, {"type": "Feature", "properties": {"SCALERANK": 6, "NATSCALE": 30, "LABELRANK": 3, "FEATURECLA": "Populated place", "NAME": "Vryburg", "NAMEPAR": null, "NAMEALT": null, "NAMEASCII": "Vryburg", "ADM0CAP": 0, "CAPIN": null, "WORLDCITY": 0, "MEGACITY": 0, "SOV0NAME": "South Africa", "SOV_A3": "ZAF", "ADM0NAME": "South Africa", "ADM0_A3": "ZAF", "ADM1NAME": "North West", "ISO_A2": "ZA", "NOTE": null, "LATITUDE": -26.960022, "LONGITUDE": 24.730004, "POP_MAX": 49588, "POP_MIN": 13590, "POP_OTHER": 13590, "RANK_MAX": 7, "RANK_MIN": 6, "MEGANAME": null, "LS_NAME": "Vryburg", "MAX_POP10": 13590, "MAX_POP20": 13590, "MAX_POP50": 0, "MAX_POP300": 0, "MAX_POP310": 0, "MAX_NATSCA": 20, "MIN_AREAKM": 17, "MAX_AREAKM": 17, "MIN_AREAMI": 6, "MAX_AREAMI": 6, "MIN_PERKM": 25, "MAX_PERKM": 25, "MIN_PERMI": 15, "MAX_PERMI": 15, "MIN_BBXMIN": 24.708333, "MAX_BBXMIN": 24.708333, "MIN_BBXMAX": 24.766667, "MAX_BBXMAX": 24.766667, "MIN_BBYMIN": -26.983333, "MAX_BBYMIN": -26.983333, "MIN_BBYMAX": -26.933333, "MAX_BBYMAX": -26.933333, "MEAN_BBXC": 24.736364, "MEAN_BBYC": -26.958712, "TIMEZONE": "Africa/Johannesburg", "UN_FID": 0, "POP1950": 0, "POP1955": 0, "POP1960": 0, "POP1965": 0, "POP1970": 0, "POP1975": 0, "POP1980": 0, "POP1985": 0, "POP1990": 0, "POP1995": 0, "POP2000": 0, "POP2005": 0, "POP2010": 0, "POP2015": 0, "POP2020": 0, "POP2025": 0, "POP2050": 0, "MIN_ZOOM": 6, "WIKIDATAID": "Q1027291", "WOF_ID": 101924673, "CAPALT": 0, "NAME_EN": "Vryburg", "NAME_DE": "Vryburg", "NAME_ES": "Vryburg", "NAME_FR": "Vryburg", "NAME_PT": "Vryburg", "NAME_RU": "Фрейбург", "NAME_ZH": "弗雷堡", "LABEL": null, "NAME_AR": "فرايبورغ", "NAME_BN": "ভ্রিবার্গ", "NAME_EL": "Φρέιμπουργκ", "NAME_HI": "व्राइबर्ग", "NAME_HU": "Vryburg", "NAME_ID": "Vryburg", "NAME_IT": "Vryburg", "NAME_JA": "フライバーグ", "NAME_KO": "브리부르크", "NAME_NL": "Vryburg", "NAME_PL": "Vryburg", "NAME_SV": "Vryburg", "NAME_TR": "Vryburg", "NAME_VI": "Vryburg", "NE_ID": 1159148031, "NAME_FA": "وریبورگ", "NAME_HE": "וריבורג", "NAME_UK": "Фрейбург", "NAME_UR": "رائےبرگ", "NAME_ZHT": "弗雷堡", "GEONAMESID": 942511, "FCLASS_ISO": null, "FCLASS_US": null, "FCLASS_FR": null, "FCLASS_RU": null, "FCLASS_ES": null, "FCLASS_CN": null, "FCLASS_TW": null, "FCLASS_IN": null, "FCLASS_NP": null, "FCLASS_PK": null, "FCLASS_DE": null, "FCLASS_GB": null, "FCLASS_BR": null, "FCLASS_IL": null, "FCLASS_PS": null, "FCLASS_SA": null, "FCLASS_EG": null, "FCLASS_MA": null, "FCLASS_PT": null, "FCLASS_AR": null, "FCLASS_JP": null, "FCLASS_KO": null, "FCLASS_VN": null, "FCLASS_TR": null, "FCLASS_ID": null, "FCLASS_PL": null, "FCLASS_GR": null, "FCLASS_IT": null, "FCLASS_NL": null, "FCLASS_SE": null, "FCLASS_BD": null, "FCLASS_UA": null, "FCLASS_TLC": null}, "bbox": [24.730004, -26.960022, 24.730004, -26.960022], "geometry": {"type": "Point", "coordinates": [24.730004, -26.960022]}}, {"type": "Feature", "properties": {"SCALERANK": 6, "NATSCALE": 30, "LABELRANK": 3, "FEATURECLA": "Populated place", "NAME": "Rustenburg", "NAMEPAR": null, "NAMEALT": null, "NAMEASCII": "Rustenburg", "ADM0CAP": 0, "CAPIN": null, "WORLDCITY": 0, "MEGACITY": 0, "SOV0NAME": "South Africa", "SOV_A3": "ZAF", "ADM0NAME": "South Africa", "ADM0_A3": "ZAF", "ADM1NAME": "North West", "ISO_A2": "ZA", "NOTE": null, "LATITUDE": -25.650025, "LONGITUDE": 27.240032, "POP_MAX": 165976, "POP_MIN": 124064, "POP_OTHER": 165976, "RANK_MAX": 9, "RANK_MIN": 9, "MEGANAME": null, "LS_NAME": "Rustenburg", "MAX_POP10": 165976, "MAX_POP20": 0, "MAX_POP50": 0, "MAX_POP300": 0, "MAX_POP310": 0, "MAX_NATSCA": 10, "MIN_AREAKM": 86, "MAX_AREAKM": 86, "MIN_AREAMI": 33, "MAX_AREAMI": 33, "MIN_PERKM": 97, "MAX_PERKM": 97, "MIN_PERMI": 60, "MAX_PERMI": 60, "MIN_BBXMIN": 27.133333, "MAX_BBXMIN": 27.133333, "MIN_BBXMAX": 27.275, "MAX_BBXMAX": 27.275, "MIN_BBYMIN": -25.716667, "MAX_BBYMIN": -25.716667, "MIN_BBYMAX": -25.558333, "MAX_BBYMAX": -25.558333, "MEAN_BBXC": 27.208146, "MEAN_BBYC": -25.635698, "TIMEZONE": "Africa/Johannesburg", "UN_FID": 0, "POP1950": 0, "POP1955": 0, "POP1960": 0, "POP1965": 0, "POP1970": 0, "POP1975": 0, "POP1980": 0, "POP1985": 0, "POP1990": 0, "POP1995": 0, "POP2000": 0, "POP2005": 0, "POP2010": 0, "POP2015": 0, "POP2020": 0, "POP2025": 0, "POP2050": 0, "MIN_ZOOM": 6, "WIKIDATAID": "Q182049", "WOF_ID": 101925429, "CAPALT": 0, "NAME_EN": "Rustenburg", "NAME_DE": "Rustenburg", "NAME_ES": "Rustemburgo", "NAME_FR": "Rustenburg", "NAME_PT": "Rustemburgo", "NAME_RU": "Рюстенбург", "NAME_ZH": "勒斯滕堡", "LABEL": null, "NAME_AR": "روستنبرغ", "NAME_BN": "রাসটেনবার্গ", "NAME_EL": "Ράστενμπεργκ", "NAME_HI": "रुस्टेनबर्ग", "NAME_HU": "Rustenburg", "NAME_ID": "Rustenburg", "NAME_IT": "Rustenburg", "NAME_JA": "ルステンブルク", "NAME_KO": "루스텐버그", "NAME_NL": "Rustenburg", "NAME_PL": "Rustenburg", "NAME_SV": "Rustenburg", "NAME_TR": "Rustenburg", "NAME_VI": "Rustenburg", "NE_ID": 1159148033, "NAME_FA": "راستنبرگ", "NAME_HE": "רסטנבורג", "NAME_UK": "Рустенбург", "NAME_UR": "روسٹنبرگ", "NAME_ZHT": "魯斯登堡", "GEONAMESID": 958724, "FCLASS_ISO": null, "FCLASS_US": null, "FCLASS_FR": null, "FCLASS_RU": null, "FCLASS_ES": null, "FCLASS_CN": null, "FCLASS_TW": null, "FCLASS_IN": null, "FCLASS_NP": null, "FCLASS_PK": null, "FCLASS_DE": null, "FCLASS_GB": null, "FCLASS_BR": null, "FCLASS_IL": null, "FCLASS_PS": null, "FCLASS_SA": null, "FCLASS_EG": null, "FCLASS_MA": null, "FCLASS_PT": null, "FCLASS_AR": null, "FCLASS_JP": null, "FCLASS_KO": null, "FCLASS_VN": null, "FCLASS_TR": null, "FCLASS_ID": null, "FCLASS_PL": null, "FCLASS_GR": null, "FCLASS_IT": null, "FCLASS_NL": null, "FCLASS_SE": null, "FCLASS_BD": null, "FCLASS_UA": null, "FCLASS_TLC": null}, "bbox": [27.240032, -25.650025, 27.240032, -25.650025], "geometry": {"type": "Point", "coordinates": [27.240032, -25.650025]}}, {"type": "Feature", "properties": {"SCALERANK": 6, "NATSCALE": 30, "LABELRANK": 3, "FEATURECLA": "Admin-1 capital", "NAME": "Mmabatho", "NAMEPAR": null, "NAMEALT": "MMabatho (Mafikeng)", "NAMEASCII": "Mmabatho", "ADM0CAP": 0, "CAPIN": null, "WORLDCITY": 0, "MEGACITY": 0, "SOV0NAME": "South Africa", "SOV_A3": "ZAF", "ADM0NAME": "South Africa", "ADM0_A3": "ZAF", "ADM1NAME": "North West", "ISO_A2": "ZA", "NOTE": null, "LATITUDE": -25.830014, "LONGITUDE": 25.610002, "POP_MAX": 104428, "POP_MIN": 76754, "POP_OTHER": 104112, "RANK_MAX": 9, "RANK_MIN": 8, "MEGANAME": null, "LS_NAME": "Mmabatho", "MAX_POP10": 104428, "MAX_POP20": 104428, "MAX_POP50": 0, "MAX_POP300": 0, "MAX_POP310": 0, "MAX_NATSCA": 20, "MIN_AREAKM": 50, "MAX_AREAKM": 50, "MIN_AREAMI": 19, "MAX_AREAMI": 19, "MIN_PERKM": 62, "MAX_PERKM": 62, "MIN_PERMI": 38, "MAX_PERMI": 38, "MIN_BBXMIN": 25.583333, "MAX_BBXMIN": 25.583333, "MIN_BBXMAX": 25.691667, "MAX_BBXMAX": 25.691667, "MIN_BBYMIN": -25.891667, "MAX_BBYMIN": -25.891667, "MIN_BBYMAX": -25.8, "MAX_BBYMAX": -25.8, "MEAN_BBXC": 25.634808, "MEAN_BBYC": -25.845064, "TIMEZONE": "Africa/Johannesburg", "UN_FID": 0, "POP1950": 0, "POP1955": 0, "POP1960": 0, "POP1965": 0, "POP1970": 0, "POP1975": 0, "POP1980": 0, "POP1985": 0, "POP1990": 0, "POP1995": 0, "POP2000": 0, "POP2005": 0, "POP2010": 0, "POP2015": 0, "POP2020": 0, "POP2025": 0, "POP2050": 0, "MIN_ZOOM": 6, "WIKIDATAID": "Q358762", "WOF_ID": 1141908865, "CAPALT": 0, "NAME_EN": "Mmabatho", "NAME_DE": "Mmabatho", "NAME_ES": "Mabato", "NAME_FR": "Mmabatho", "NAME_PT": "Mmabatho", "NAME_RU": "Ммабато", "NAME_ZH": "姆馬巴托", "LABEL": null, "NAME_AR": "ماباثو", "NAME_BN": "মমাবাথো", "NAME_EL": "Μαμπάθο", "NAME_HI": "माबातो", "NAME_HU": "Mmabatho", "NAME_ID": "Mmabatho", "NAME_IT": "Mmabatho", "NAME_JA": "ムマバト", "NAME_KO": "음마바토", "NAME_NL": "Mmabatho", "NAME_PL": "Mmabatho", "NAME_SV": "Mmabatho", "NAME_TR": "Mmabatho", "NAME_VI": "Mmabatho", "NE_ID": 1159148035, "NAME_FA": "مماباتو", "NAME_HE": "נמבאטו", "NAME_UK": "Ммабато", "NAME_UR": "مباتھو", "NAME_ZHT": "姆馬巴托", "GEONAMESID": 975436, "FCLASS_ISO": null, "FCLASS_US": null, "FCLASS_FR": null, "FCLASS_RU": null, "FCLASS_ES": null, "FCLASS_CN": null, "FCLASS_TW": null, "FCLASS_IN": null, "FCLASS_NP": null, "FCLASS_PK": null, "FCLASS_DE": null, "FCLASS_GB": null, "FCLASS_BR": null, "FCLASS_IL": null, "FCLASS_PS": null, "FCLASS_SA": null, "FCLASS_EG": null, "FCLASS_MA": null, "FCLASS_PT": null, "FCLASS_AR": null, "FCLASS_JP": null, "FCLASS_KO": null, "FCLASS_VN": null, "FCLASS_TR": null, "FCLASS_ID": null, "FCLASS_PL": null, "FCLASS_GR": null, "FCLASS_IT": null, "FCLASS_NL": null, "FCLASS_SE": null, "FCLASS_BD": null, "FCLASS_UA": null, "FCLASS_TLC": null}, "bbox": [25.610002, -25.830014, 25.610002, -25.830014], "geometry": {"type": "Point", "coordinates": [25.610002, -25.830014]}}, {"type": "Feature", "properties": {"SCALERANK": 6, "NATSCALE": 30, "LABELRANK": 3, "FEATURECLA": "Populated place", "NAME": "Klerksdorp", "NAMEPAR": null, "NAMEALT": null, "NAMEASCII": "Klerksdorp", "ADM0CAP": 0, "CAPIN": null, "WORLDCITY": 0, "MEGACITY": 0, "SOV0NAME": "South Africa", "SOV_A3": "ZAF", "ADM0NAME": "South Africa", "ADM0_A3": "ZAF", "ADM1NAME": "North West", "ISO_A2": "ZA", "NOTE": null, "LATITUDE": -26.880027, "LONGITUDE": 26.620018, "POP_MAX": 178921, "POP_MIN": 147804, "POP_OTHER": 147647, "RANK_MAX": 9, "RANK_MIN": 9, "MEGANAME": null, "LS_NAME": "Klerksdorp", "MAX_POP10": 147804, "MAX_POP20": 147804, "MAX_POP50": 0, "MAX_POP300": 0, "MAX_POP310": 0, "MAX_NATSCA": 20, "MIN_AREAKM": 63, "MAX_AREAKM": 63, "MIN_AREAMI": 25, "MAX_AREAMI": 25, "MIN_PERKM": 72, "MAX_PERKM": 72, "MIN_PERMI": 45, "MAX_PERMI": 45, "MIN_BBXMIN": 26.575, "MAX_BBXMIN": 26.575, "MIN_BBXMAX": 26.7, "MAX_BBXMAX": 26.7, "MIN_BBYMIN": -26.916667, "MAX_BBYMIN": -26.916667, "MIN_BBYMAX": -26.808333, "MAX_BBYMAX": -26.808333, "MEAN_BBXC": 26.646737, "MEAN_BBYC": -26.866215, "TIMEZONE": "Africa/Johannesburg", "UN_FID": 0, "POP1950": 0, "POP1955": 0, "POP1960": 0, "POP1965": 0, "POP1970": 0, "POP1975": 0, "POP1980": 0, "POP1985": 0, "POP1990": 0, "POP1995": 0, "POP2000": 0, "POP2005": 0, "POP2010": 0, "POP2015": 0, "POP2020": 0, "POP2025": 0, "POP2050": 0, "MIN_ZOOM": 6, "WIKIDATAID": "Q1015647", "WOF_ID": 101926525, "CAPALT": 0, "NAME_EN": "Klerksdorp", "NAME_DE": "Klerksdorp", "NAME_ES": "Klerksdorp", "NAME_FR": "Klerksdorp", "NAME_PT": "Klerksdorp", "NAME_RU": "Клерксдорп", "NAME_ZH": "克莱克斯多普", "LABEL": null, "NAME_AR": "كليركسدورب", "NAME_BN": "ক্লেরক্সডরপ", "NAME_EL": "Κλέρκσντορπ", "NAME_HI": "क्लर्क्सडॉर्प", "NAME_HU": "Klerksdorp", "NAME_ID": "Klerksdorp", "NAME_IT": "Klerksdorp", "NAME_JA": "クラークスドープ", "NAME_KO": "클러그드로프", "NAME_NL": "Klerksdorp", "NAME_PL": "Klerksdorp", "NAME_SV": "Klerksdorp", "NAME_TR": "Klerksdorp", "NAME_VI": "Klerksdorp", "NE_ID": 1159148037, "NAME_FA": "کلرکسدورپ", "NAME_HE": "קלרקסדורפ", "NAME_UK": "Клексдорп", "NAME_UR": "کلیرکسدورپ", "NAME_ZHT": "克萊克斯多普", "GEONAMESID": 989921, "FCLASS_ISO": null, "FCLASS_US": null, "FCLASS_FR": null, "FCLASS_RU": null, "FCLASS_ES": null, "FCLASS_CN": null, "FCLASS_TW": null, "FCLASS_IN": null, "FCLASS_NP": null, "FCLASS_PK": null, "FCLASS_DE": null, "FCLASS_GB": null, "FCLASS_BR": null, "FCLASS_IL": null, "FCLASS_PS": null, "FCLASS_SA": null, "FCLASS_EG": null, "FCLASS_MA": null, "FCLASS_PT": null, "FCLASS_AR": null, "FCLASS_JP": null, "FCLASS_KO": null, "FCLASS_VN": null, "FCLASS_TR": null, "FCLASS_ID": null, "FCLASS_PL": null, "FCLASS_GR": null, "FCLASS_IT": null, "FCLASS_NL": null, "FCLASS_SE": null, "FCLASS_BD": null, "FCLASS_UA": null, "FCLASS_TLC": null}, "bbox": [26.620018, -26.880027, 26.620018, -26.880027], "geometry": {"type": "Point", "coordinates": [26.620018, -26.880027]}}, {"type": "Feature", "properties": {"SCALERANK": 6, "NATSCALE": 30, "LABELRANK": 3, "FEATURECLA": "Populated place", "NAME": "Kroonstad", "NAMEPAR": null, "NAMEALT": null, "NAMEASCII": "Kroonstad", "ADM0CAP": 0, "CAPIN": null, "WORLDCITY": 0, "MEGACITY": 0, "SOV0NAME": "South Africa", "SOV_A3": "ZAF", "ADM0NAME": "South Africa", "ADM0_A3": "ZAF", "ADM1NAME": "Orange Free State", "ISO_A2": "ZA", "NOTE": null, "LATITUDE": -27.660031, "LONGITUDE": 27.210008, "POP_MAX": 103992, "POP_MIN": 72835, "POP_OTHER": 72835, "RANK_MAX": 9, "RANK_MIN": 8, "MEGANAME": null, "LS_NAME": "Kroonstad", "MAX_POP10": 72835, "MAX_POP20": 72835, "MAX_POP50": 72835, "MAX_POP300": 0, "MAX_POP310": 0, "MAX_NATSCA": 50, "MIN_AREAKM": 46, "MAX_AREAKM": 46, "MIN_AREAMI": 18, "MAX_AREAMI": 18, "MIN_PERKM": 47, "MAX_PERKM": 47, "MIN_PERMI": 29, "MAX_PERMI": 29, "MIN_BBXMIN": 27.166667, "MAX_BBXMIN": 27.166667, "MIN_BBXMAX": 27.258333, "MAX_BBXMAX": 27.258333, "MIN_BBYMIN": -27.7, "MAX_BBYMIN": -27.7, "MIN_BBYMAX": -27.616667, "MAX_BBYMAX": -27.616667, "MEAN_BBXC": 27.219604, "MEAN_BBYC": -27.65403, "TIMEZONE": "Africa/Johannesburg", "UN_FID": 0, "POP1950": 0, "POP1955": 0, "POP1960": 0, "POP1965": 0, "POP1970": 0, "POP1975": 0, "POP1980": 0, "POP1985": 0, "POP1990": 0, "POP1995": 0, "POP2000": 0, "POP2005": 0, "POP2010": 0, "POP2015": 0, "POP2020": 0, "POP2025": 0, "POP2050": 0, "MIN_ZOOM": 6, "WIKIDATAID": "Q264014", "WOF_ID": 101926645, "CAPALT": 0, "NAME_EN": "Kroonstad", "NAME_DE": "Kroonstad", "NAME_ES": "Kroonstad", "NAME_FR": "Kroonstad", "NAME_PT": "Kroonstad", "NAME_RU": "Крунстад", "NAME_ZH": "克龙斯塔德", "LABEL": null, "NAME_AR": "كرونستاد", "NAME_BN": "ক্রুনস্ট্যাড", "NAME_EL": "Κρούνσταντ", "NAME_HI": "क्रूनस्टैड", "NAME_HU": "Kroonstad", "NAME_ID": "Kroonstad", "NAME_IT": "Kroonstad", "NAME_JA": "クルーンスタッド", "NAME_KO": "크룬스타트", "NAME_NL": "Kroonstad", "NAME_PL": "Kroonstad", "NAME_SV": "Kroonstad", "NAME_TR": "Kroonstad", "NAME_VI": "Kroonstad", "NE_ID": 1159148039, "NAME_FA": "کرونستاد", "NAME_HE": "קרונסטאד", "NAME_UK": "Крунстад", "NAME_UR": "کرووناسٹیڈ", "NAME_ZHT": "克龍斯塔德", "GEONAMESID": 986846, "FCLASS_ISO": null, "FCLASS_US": null, "FCLASS_FR": null, "FCLASS_RU": null, "FCLASS_ES": null, "FCLASS_CN": null, "FCLASS_TW": null, "FCLASS_IN": null, "FCLASS_NP": null, "FCLASS_PK": null, "FCLASS_DE": null, "FCLASS_GB": null, "FCLASS_BR": null, "FCLASS_IL": null, "FCLASS_PS": null, "FCLASS_SA": null, "FCLASS_EG": null, "FCLASS_MA": null, "FCLASS_PT": null, "FCLASS_AR": null, "FCLASS_JP": null, "FCLASS_KO": null, "FCLASS_VN": null, "FCLASS_TR": null, "FCLASS_ID": null, "FCLASS_PL": null, "FCLASS_GR": null, "FCLASS_IT": null, "FCLASS_NL": null, "FCLASS_SE": null, "FCLASS_BD": null, "FCLASS_UA": null, "FCLASS_TLC": null}, "bbox": [27.210008, -27.660031, 27.210008, -27.660031], "geometry": {"type": "Point", "coordinates": [27.210008, -27.660031]}}, {"type": "Feature", "properties": {"SCALERANK": 6, "NATSCALE": 30, "LABELRANK": 3, "FEATURECLA": "Admin-1 capital", "NAME": "Polokwane", "NAMEPAR": null, "NAMEALT": "Pietersburg (Polokwane)", "NAMEASCII": "Polokwane", "ADM0CAP": 0, "CAPIN": null, "WORLDCITY": 0, "MEGACITY": 0, "SOV0NAME": "South Africa", "SOV_A3": "ZAF", "ADM0NAME": "South Africa", "ADM0_A3": "ZAF", "ADM1NAME": "Limpopo", "ISO_A2": "ZA", "NOTE": null, "LATITUDE": -23.890029, "LONGITUDE": 29.450026, "POP_MAX": 220045, "POP_MIN": 123749, "POP_OTHER": 220045, "RANK_MAX": 10, "RANK_MIN": 9, "MEGANAME": null, "LS_NAME": "Polokwane", "MAX_POP10": 220045, "MAX_POP20": 220045, "MAX_POP50": 0, "MAX_POP300": 0, "MAX_POP310": 0, "MAX_NATSCA": 20, "MIN_AREAKM": 47, "MAX_AREAKM": 47, "MIN_AREAMI": 18, "MAX_AREAMI": 18, "MIN_PERKM": 51, "MAX_PERKM": 51, "MIN_PERMI": 32, "MAX_PERMI": 32, "MIN_BBXMIN": 29.416667, "MAX_BBXMIN": 29.416667, "MIN_BBXMAX": 29.5, "MAX_BBXMAX": 29.5, "MIN_BBYMIN": -23.933333, "MAX_BBYMIN": -23.933333, "MIN_BBYMAX": -23.833333, "MAX_BBYMAX": -23.833333, "MEAN_BBXC": 29.453056, "MEAN_BBYC": -23.890417, "TIMEZONE": "Africa/Johannesburg", "UN_FID": 0, "POP1950": 0, "POP1955": 0, "POP1960": 0, "POP1965": 0, "POP1970": 0, "POP1975": 0, "POP1980": 0, "POP1985": 0, "POP1990": 0, "POP1995": 0, "POP2000": 0, "POP2005": 0, "POP2010": 0, "POP2015": 0, "POP2020": 0, "POP2025": 0, "POP2050": 0, "MIN_ZOOM": 6, "WIKIDATAID": "Q131662", "WOF_ID": 101923475, "CAPALT": 0, "NAME_EN": "Polokwane", "NAME_DE": "Polokwane", "NAME_ES": "Polokwane", "NAME_FR": "Polokwane", "NAME_PT": "Polokwane", "NAME_RU": "Полокване", "NAME_ZH": "波罗克瓦尼", "LABEL": null, "NAME_AR": "بولوكوان", "NAME_BN": "পুলোকাওয়ানে", "NAME_EL": "Πολοκουάνε", "NAME_HI": "पोलक्वानी", "NAME_HU": "Polokwane", "NAME_ID": "Polokwane", "NAME_IT": "Polokwane", "NAME_JA": "ポロクワネ", "NAME_KO": "폴로콰네", "NAME_NL": "Polokwane", "NAME_PL": "Polokwane", "NAME_SV": "Polokwane", "NAME_TR": "Polokwane", "NAME_VI": "Polokwane", "NE_ID": 1159148041, "NAME_FA": "پولوکوین", "NAME_HE": "פולוקוואנה", "NAME_UK": "Полокване", "NAME_UR": "پولوکوانے", "NAME_ZHT": "波羅克瓦尼", "GEONAMESID": 965289, "FCLASS_ISO": null, "FCLASS_US": null, "FCLASS_FR": null, "FCLASS_RU": null, "FCLASS_ES": null, "FCLASS_CN": null, "FCLASS_TW": null, "FCLASS_IN": null, "FCLASS_NP": null, "FCLASS_PK": null, "FCLASS_DE": null, "FCLASS_GB": null, "FCLASS_BR": null, "FCLASS_IL": null, "FCLASS_PS": null, "FCLASS_SA": null, "FCLASS_EG": null, "FCLASS_MA": null, "FCLASS_PT": null, "FCLASS_AR": null, "FCLASS_JP": null, "FCLASS_KO": null, "FCLASS_VN": null, "FCLASS_TR": null, "FCLASS_ID": null, "FCLASS_PL": null, "FCLASS_GR": null, "FCLASS_IT": null, "FCLASS_NL": null, "FCLASS_SE": null, "FCLASS_BD": null, "FCLASS_UA": null, "FCLASS_TLC": null}, "bbox": [29.450026, -23.890029, 29.450026, -23.890029], "geometry": {"type": "Point", "coordinates": [29.450026, -23.890029]}}, {"type": "Feature", "properties": {"SCALERANK": 6, "NATSCALE": 30, "LABELRANK": 3, "FEATURECLA": "Populated place", "NAME": "Thohoyandou", "NAMEPAR": null, "NAMEALT": null, "NAMEASCII": "Thohoyandou", "ADM0CAP": 0, "CAPIN": null, "WORLDCITY": 0, "MEGACITY": 0, "SOV0NAME": "South Africa", "SOV_A3": "ZAF", "ADM0NAME": "South Africa", "ADM0_A3": "ZAF", "ADM1NAME": "Limpopo", "ISO_A2": "ZA", "NOTE": null, "LATITUDE": -22.950035, "LONGITUDE": 30.480041, "POP_MAX": 269707, "POP_MIN": 44046, "POP_OTHER": 168740, "RANK_MAX": 10, "RANK_MIN": 7, "MEGANAME": null, "LS_NAME": "Thohoyandou", "MAX_POP10": 269707, "MAX_POP20": 269707, "MAX_POP50": 0, "MAX_POP300": 0, "MAX_POP310": 0, "MAX_NATSCA": 20, "MIN_AREAKM": 518, "MAX_AREAKM": 518, "MIN_AREAMI": 200, "MAX_AREAMI": 200, "MIN_PERKM": 595, "MAX_PERKM": 595, "MIN_PERMI": 370, "MAX_PERMI": 370, "MIN_BBXMIN": 30.358333, "MAX_BBXMIN": 30.358333, "MIN_BBXMAX": 30.925, "MAX_BBXMAX": 30.925, "MIN_BBYMIN": -23.175, "MAX_BBYMIN": -23.175, "MIN_BBYMAX": -22.925, "MAX_BBYMAX": -22.925, "MEAN_BBXC": 30.643297, "MEAN_BBYC": -23.033492, "TIMEZONE": "Africa/Johannesburg", "UN_FID": 0, "POP1950": 0, "POP1955": 0, "POP1960": 0, "POP1965": 0, "POP1970": 0, "POP1975": 0, "POP1980": 0, "POP1985": 0, "POP1990": 0, "POP1995": 0, "POP2000": 0, "POP2005": 0, "POP2010": 0, "POP2015": 0, "POP2020": 0, "POP2025": 0, "POP2050": 0, "MIN_ZOOM": 6, "WIKIDATAID": "Q1025654", "WOF_ID": 101923955, "CAPALT": 0, "NAME_EN": "Thohoyandou", "NAME_DE": "Thohoyandou", "NAME_ES": "Thohoyandou", "NAME_FR": "Thohoyandou", "NAME_PT": "Thohoyandou", "NAME_RU": "Тхохояндоу", "NAME_ZH": "托霍延杜", "LABEL": null, "NAME_AR": "ثوهوياندو", "NAME_BN": "থোহোইয়ান্ডোউ", "NAME_EL": "Θοχογιάντου", "NAME_HI": "थोहोयांदू", "NAME_HU": "Thohoyandou", "NAME_ID": "Thohoyandou", "NAME_IT": "Thohoyandou", "NAME_JA": "トホイアンドゥー", "NAME_KO": "토호얀도", "NAME_NL": "Thohoyandou", "NAME_PL": "Thohoyandou", "NAME_SV": "Thohoyandou", "NAME_TR": "Thohoyandou", "NAME_VI": "Thohoyandou", "NE_ID": 1159148045, "NAME_FA": "توهویاندو", "NAME_HE": "תוהויאנדו", "NAME_UK": "Тхохояндоу", "NAME_UR": "تھوہویانڈو", "NAME_ZHT": "托霍延杜", "GEONAMESID": 949224, "FCLASS_ISO": null, "FCLASS_US": null, "FCLASS_FR": null, "FCLASS_RU": null, "FCLASS_ES": null, "FCLASS_CN": null, "FCLASS_TW": null, "FCLASS_IN": null, "FCLASS_NP": null, "FCLASS_PK": null, "FCLASS_DE": null, "FCLASS_GB": null, "FCLASS_BR": null, "FCLASS_IL": null, "FCLASS_PS": null, "FCLASS_SA": null, "FCLASS_EG": null, "FCLASS_MA": null, "FCLASS_PT": null, "FCLASS_AR": null, "FCLASS_JP": null, "FCLASS_KO": null, "FCLASS_VN": null, "FCLASS_TR": null, "FCLASS_ID": null, "FCLASS_PL": null, "FCLASS_GR": null, "FCLASS_IT": null, "FCLASS_NL": null, "FCLASS_SE": null, "FCLASS_BD": null, "FCLASS_UA": null, "FCLASS_TLC": null}, "bbox": [30.480041, -22.950035, 30.480041, -22.950035], "geometry": {"type": "Point", "coordinates": [30.480041, -22.950035]}}, {"type": "Feature", "properties": {"SCALERANK": 6, "NATSCALE": 30, "LABELRANK": 3, "FEATURECLA": "Populated place", "NAME": "Musina", "NAMEPAR": null, "NAMEALT": null, "NAMEASCII": "Musina", "ADM0CAP": 0, "CAPIN": null, "WORLDCITY": 0, "MEGACITY": 0, "SOV0NAME": "South Africa", "SOV_A3": "ZAF", "ADM0NAME": "South Africa", "ADM0_A3": "ZAF", "ADM1NAME": "Limpopo", "ISO_A2": "ZA", "NOTE": null, "LATITUDE": -22.339994, "LONGITUDE": 30.029991, "POP_MAX": 20191, "POP_MIN": 3505, "POP_OTHER": 3505, "RANK_MAX": 7, "RANK_MIN": 4, "MEGANAME": null, "LS_NAME": "Musina", "MAX_POP10": 3505, "MAX_POP20": 0, "MAX_POP50": 0, "MAX_POP300": 0, "MAX_POP310": 0, "MAX_NATSCA": 10, "MIN_AREAKM": 7, "MAX_AREAKM": 7, "MIN_AREAMI": 3, "MAX_AREAMI": 3, "MIN_PERKM": 14, "MAX_PERKM": 14, "MIN_PERMI": 9, "MAX_PERMI": 9, "MIN_BBXMIN": 30.025, "MAX_BBXMIN": 30.025, "MIN_BBXMAX": 30.05, "MAX_BBXMAX": 30.05, "MIN_BBYMIN": -22.358333, "MAX_BBYMIN": -22.358333, "MIN_BBYMAX": -22.325, "MAX_BBYMAX": -22.325, "MEAN_BBXC": 30.036574, "MEAN_BBYC": -22.341204, "TIMEZONE": "Africa/Johannesburg", "UN_FID": 0, "POP1950": 0, "POP1955": 0, "POP1960": 0, "POP1965": 0, "POP1970": 0, "POP1975": 0, "POP1980": 0, "POP1985": 0, "POP1990": 0, "POP1995": 0, "POP2000": 0, "POP2005": 0, "POP2010": 0, "POP2015": 0, "POP2020": 0, "POP2025": 0, "POP2050": 0, "MIN_ZOOM": 6, "WIKIDATAID": "Q1025661", "WOF_ID": 101923869, "CAPALT": 0, "NAME_EN": "Musina", "NAME_DE": "Musina", "NAME_ES": "Musina", "NAME_FR": "Messina", "NAME_PT": "Musina", "NAME_RU": "Мусина", "NAME_ZH": "穆西纳", "LABEL": null, "NAME_AR": "موسينا", "NAME_BN": "মুসিনা", "NAME_EL": "Μουσίνα", "NAME_HI": "मुसियाना", "NAME_HU": "Musina", "NAME_ID": "Musina", "NAME_IT": "Musina", "NAME_JA": "ムシナ", "NAME_KO": "무시나", "NAME_NL": "Musina", "NAME_PL": "Musina", "NAME_SV": "Musina", "NAME_TR": "Musina", "NAME_VI": "Musina", "NE_ID": 1159148047, "NAME_FA": "موسینا", "NAME_HE": "מוסינה", "NAME_UK": "Мусіна", "NAME_UR": "مسینا", "NAME_ZHT": "穆西納", "GEONAMESID": 976885, "FCLASS_ISO": null, "FCLASS_US": null, "FCLASS_FR": null, "FCLASS_RU": null, "FCLASS_ES": null, "FCLASS_CN": null, "FCLASS_TW": null, "FCLASS_IN": null, "FCLASS_NP": null, "FCLASS_PK": null, "FCLASS_DE": null, "FCLASS_GB": null, "FCLASS_BR": null, "FCLASS_IL": null, "FCLASS_PS": null, "FCLASS_SA": null, "FCLASS_EG": null, "FCLASS_MA": null, "FCLASS_PT": null, "FCLASS_AR": null, "FCLASS_JP": null, "FCLASS_KO": null, "FCLASS_VN": null, "FCLASS_TR": null, "FCLASS_ID": null, "FCLASS_PL": null, "FCLASS_GR": null, "FCLASS_IT": null, "FCLASS_NL": null, "FCLASS_SE": null, "FCLASS_BD": null, "FCLASS_UA": null, "FCLASS_TLC": null}, "bbox": [30.029991, -22.339994, 30.029991, -22.339994], "geometry": {"type": "Point", "coordinates": [30.029991, -22.339994]}}, {"type": "Feature", "properties": {"SCALERANK": 6, "NATSCALE": 30, "LABELRANK": 3, "FEATURECLA": "Populated place", "NAME": "Vryheid", "NAMEPAR": null, "NAMEALT": null, "NAMEASCII": "Vryheid", "ADM0CAP": 0, "CAPIN": null, "WORLDCITY": 0, "MEGACITY": 0, "SOV0NAME": "South Africa", "SOV_A3": "ZAF", "ADM0NAME": "South Africa", "ADM0_A3": "ZAF", "ADM1NAME": "KwaZulu-Natal", "ISO_A2": "ZA", "NOTE": null, "LATITUDE": -27.760025, "LONGITUDE": 30.789996, "POP_MAX": 150012, "POP_MIN": 66717, "POP_OTHER": 66717, "RANK_MAX": 9, "RANK_MIN": 8, "MEGANAME": null, "LS_NAME": "Vryheid", "MAX_POP10": 66717, "MAX_POP20": 0, "MAX_POP50": 0, "MAX_POP300": 0, "MAX_POP310": 0, "MAX_NATSCA": 10, "MIN_AREAKM": 18, "MAX_AREAKM": 18, "MIN_AREAMI": 7, "MAX_AREAMI": 7, "MIN_PERKM": 25, "MAX_PERKM": 25, "MIN_PERMI": 15, "MAX_PERMI": 15, "MIN_BBXMIN": 30.766667, "MAX_BBXMIN": 30.766667, "MIN_BBXMAX": 30.833333, "MAX_BBXMAX": 30.833333, "MIN_BBYMIN": -27.791667, "MAX_BBYMIN": -27.791667, "MIN_BBYMAX": -27.75, "MAX_BBYMAX": -27.75, "MEAN_BBXC": 30.798264, "MEAN_BBYC": -27.771181, "TIMEZONE": "Africa/Johannesburg", "UN_FID": 0, "POP1950": 0, "POP1955": 0, "POP1960": 0, "POP1965": 0, "POP1970": 0, "POP1975": 0, "POP1980": 0, "POP1985": 0, "POP1990": 0, "POP1995": 0, "POP2000": 0, "POP2005": 0, "POP2010": 0, "POP2015": 0, "POP2020": 0, "POP2025": 0, "POP2050": 0, "MIN_ZOOM": 6, "WIKIDATAID": "Q1023254", "WOF_ID": 101927497, "CAPALT": 0, "NAME_EN": "Vryheid", "NAME_DE": "Vryheid", "NAME_ES": "Vryheid", "NAME_FR": "Vryheid", "NAME_PT": "Vryheid", "NAME_RU": "Фрейхейд", "NAME_ZH": "弗莱海德", "LABEL": null, "NAME_AR": "فرايهيد", "NAME_BN": "ভ্রিহেইড", "NAME_EL": "Βράιχαϊντ", "NAME_HI": "व्राइहीड", "NAME_HU": "Vryheid", "NAME_ID": "Vryheid", "NAME_IT": "Vryheid", "NAME_JA": "ヴリヘイド", "NAME_KO": "브리하이드", "NAME_NL": "Vryheid", "NAME_PL": "Vryheid", "NAME_SV": "Vryheid", "NAME_TR": "Vryheid", "NAME_VI": "Vryheid", "NE_ID": 1159148049, "NAME_FA": "ورایهید", "NAME_HE": "ווירהייד", "NAME_UK": "Врайхайд", "NAME_UR": "ورائےہیڈ", "NAME_ZHT": "維里海德", "GEONAMESID": 942470, "FCLASS_ISO": null, "FCLASS_US": null, "FCLASS_FR": null, "FCLASS_RU": null, "FCLASS_ES": null, "FCLASS_CN": null, "FCLASS_TW": null, "FCLASS_IN": null, "FCLASS_NP": null, "FCLASS_PK": null, "FCLASS_DE": null, "FCLASS_GB": null, "FCLASS_BR": null, "FCLASS_IL": null, "FCLASS_PS": null, "FCLASS_SA": null, "FCLASS_EG": null, "FCLASS_MA": null, "FCLASS_PT": null, "FCLASS_AR": null, "FCLASS_JP": null, "FCLASS_KO": null, "FCLASS_VN": null, "FCLASS_TR": null, "FCLASS_ID": null, "FCLASS_PL": null, "FCLASS_GR": null, "FCLASS_IT": null, "FCLASS_NL": null, "FCLASS_SE": null, "FCLASS_BD": null, "FCLASS_UA": null, "FCLASS_TLC": null}, "bbox": [30.789996, -27.760025, 30.789996, -27.760025], "geometry": {"type": "Point", "coordinates": [30.789996, -27.760025]}}, {"type": "Feature", "properties": {"SCALERANK": 6, "NATSCALE": 30, "LABELRANK": 3, "FEATURECLA": "Admin-1 capital", "NAME": "Pietermaritzburg", "NAMEPAR": null, "NAMEALT": "Pietermaritzburg (Ulundi)", "NAMEASCII": "Pietermaritzburg", "ADM0CAP": 0, "CAPIN": null, "WORLDCITY": 0, "MEGACITY": 0, "SOV0NAME": "South Africa", "SOV_A3": "ZAF", "ADM0NAME": "South Africa", "ADM0_A3": "ZAF", "ADM1NAME": "KwaZulu-Natal", "ISO_A2": "ZA", "NOTE": null, "LATITUDE": -29.610042, "LONGITUDE": 30.390021, "POP_MAX": 750845, "POP_MIN": 490951, "POP_OTHER": 0, "RANK_MAX": 11, "RANK_MIN": 10, "MEGANAME": null, "LS_NAME": "Pietermaritzburg", "MAX_POP10": 490951, "MAX_POP20": 490951, "MAX_POP50": 0, "MAX_POP300": 0, "MAX_POP310": 0, "MAX_NATSCA": 20, "MIN_AREAKM": 143, "MAX_AREAKM": 143, "MIN_AREAMI": 55, "MAX_AREAMI": 55, "MIN_PERKM": 150, "MAX_PERKM": 150, "MIN_PERMI": 93, "MAX_PERMI": 93, "MIN_BBXMIN": 30.25, "MAX_BBXMIN": 30.25, "MIN_BBXMAX": 30.45, "MAX_BBXMAX": 30.45, "MIN_BBYMIN": -29.683333, "MAX_BBYMIN": -29.683333, "MIN_BBYMAX": -29.533333, "MAX_BBYMAX": -29.533333, "MEAN_BBXC": 30.3648, "MEAN_BBYC": -29.612891, "TIMEZONE": "Africa/Johannesburg", "UN_FID": 0, "POP1950": 0, "POP1955": 0, "POP1960": 0, "POP1965": 0, "POP1970": 0, "POP1975": 0, "POP1980": 0, "POP1985": 0, "POP1990": 0, "POP1995": 0, "POP2000": 0, "POP2005": 0, "POP2010": 0, "POP2015": 0, "POP2020": 0, "POP2025": 0, "POP2050": 0, "MIN_ZOOM": 6, "WIKIDATAID": "Q185591", "WOF_ID": 101927867, "CAPALT": 0, "NAME_EN": "Pietermaritzburg", "NAME_DE": "Pietermaritzburg", "NAME_ES": "Pietermaritzburg", "NAME_FR": "Pietermaritzburg", "NAME_PT": "Pietermaritzburg", "NAME_RU": "Питермарицбург", "NAME_ZH": "彼得马里茨堡", "LABEL": null, "NAME_AR": "بيترماريتزبرغ", "NAME_BN": "পিটারম্যারিজবার্গ", "NAME_EL": "Πιτερμάριτζμπουργκ", "NAME_HI": "पीटरमैरिट्सबर्ग", "NAME_HU": "Pietermaritzburg", "NAME_ID": "Pietermaritzburg", "NAME_IT": "Pietermaritzburg", "NAME_JA": "ピーターマリッツバーグ", "NAME_KO": "피터마리츠버그", "NAME_NL": "Pietermaritzburg", "NAME_PL": "Pietermaritzburg", "NAME_SV": "Pietermaritzburg", "NAME_TR": "Pietermaritzburg", "NAME_VI": "Pietermaritzburg", "NE_ID": 1159148051, "NAME_FA": "پیترماریتسبرگ", "NAME_HE": "פיטרמריצבורג", "NAME_UK": "Пітермаріцбург", "NAME_UR": "پیٹرماریٹزبرگ", "NAME_ZHT": "彼得馬利茲堡", "GEONAMESID": 965301, "FCLASS_ISO": null, "FCLASS_US": null, "FCLASS_FR": null, "FCLASS_RU": null, "FCLASS_ES": null, "FCLASS_CN": null, "FCLASS_TW": null, "FCLASS_IN": null, "FCLASS_NP": null, "FCLASS_PK": null, "FCLASS_DE": null, "FCLASS_GB": null, "FCLASS_BR": null, "FCLASS_IL": null, "FCLASS_PS": null, "FCLASS_SA": null, "FCLASS_EG": null, "FCLASS_MA": null, "FCLASS_PT": null, "FCLASS_AR": null, "FCLASS_JP": null, "FCLASS_KO": null, "FCLASS_VN": null, "FCLASS_TR": null, "FCLASS_ID": null, "FCLASS_PL": null, "FCLASS_GR": null, "FCLASS_IT": null, "FCLASS_NL": null, "FCLASS_SE": null, "FCLASS_BD": null, "FCLASS_UA": null, "FCLASS_TLC": null}, "bbox": [30.390021, -29.610042, 30.390021, -29.610042], "geometry": {"type": "Point", "coordinates": [30.390021, -29.610042]}}, {"type": "Feature", "properties": {"SCALERANK": 6, "NATSCALE": 30, "LABELRANK": 6, "FEATURECLA": "Admin-1 capital", "NAME": "Inhambane", "NAMEPAR": null, "NAMEALT": null, "NAMEASCII": "Inhambane", "ADM0CAP": 0, "CAPIN": null, "WORLDCITY": 0, "MEGACITY": 0, "SOV0NAME": "Mozambique", "SOV_A3": "MOZ", "ADM0NAME": "Mozambique", "ADM0_A3": "MOZ", "ADM1NAME": "Inhambane", "ISO_A2": "MZ", "NOTE": null, "LATITUDE": -23.85804, "LONGITUDE": 35.339818, "POP_MAX": 115776, "POP_MIN": 73884, "POP_OTHER": 0, "RANK_MAX": 9, "RANK_MIN": 8, "MEGANAME": null, "LS_NAME": "Inhambane", "MAX_POP10": 115776, "MAX_POP20": 115776, "MAX_POP50": 0, "MAX_POP300": 0, "MAX_POP310": 0, "MAX_NATSCA": 20, "MIN_AREAKM": 121, "MAX_AREAKM": 121, "MIN_AREAMI": 47, "MAX_AREAMI": 47, "MIN_PERKM": 172, "MAX_PERKM": 172, "MIN_PERMI": 107, "MAX_PERMI": 107, "MIN_BBXMIN": 35.25, "MAX_BBXMIN": 35.25, "MIN_BBXMAX": 35.35, "MAX_BBXMAX": 35.35, "MIN_BBYMIN": -24.091667, "MAX_BBYMIN": -24.091667, "MIN_BBYMAX": -23.725, "MAX_BBYMAX": -23.725, "MEAN_BBXC": 35.30395, "MEAN_BBYC": -23.916234, "TIMEZONE": "Africa/Maputo", "UN_FID": 0, "POP1950": 0, "POP1955": 0, "POP1960": 0, "POP1965": 0, "POP1970": 0, "POP1975": 0, "POP1980": 0, "POP1985": 0, "POP1990": 0, "POP1995": 0, "POP2000": 0, "POP2005": 0, "POP2010": 0, "POP2015": 0, "POP2020": 0, "POP2025": 0, "POP2050": 0, "MIN_ZOOM": 6, "WIKIDATAID": "Q456577", "WOF_ID": 421195191, "CAPALT": 0, "NAME_EN": "Inhambane", "NAME_DE": "Inhambane", "NAME_ES": "Inhambane", "NAME_FR": "Inhambane", "NAME_PT": "Inhambane", "NAME_RU": "Иньямбане", "NAME_ZH": "伊尼扬巴内", "LABEL": null, "NAME_AR": "إنهامبان", "NAME_BN": "ইনহাম্বেন", "NAME_EL": "Ινιαμπάνε", "NAME_HI": "इन्हम्बाने", "NAME_HU": "Inhambane", "NAME_ID": "Inhambane", "NAME_IT": "Inhambane", "NAME_JA": "イニャンバネ市", "NAME_KO": "이냠바느", "NAME_NL": "Inhambane", "NAME_PL": "Inhambane", "NAME_SV": "Inhambane", "NAME_TR": "Inhambane", "NAME_VI": "Inhambane", "NE_ID": 1159148067, "NAME_FA": "اینهامبانه", "NAME_HE": "אינהמבנה", "NAME_UK": "Інямбане", "NAME_UR": "انہامبان", "NAME_ZHT": "伊尼揚巴內", "GEONAMESID": 1045114, "FCLASS_ISO": null, "FCLASS_US": null, "FCLASS_FR": null, "FCLASS_RU": null, "FCLASS_ES": null, "FCLASS_CN": null, "FCLASS_TW": null, "FCLASS_IN": null, "FCLASS_NP": null, "FCLASS_PK": null, "FCLASS_DE": null, "FCLASS_GB": null, "FCLASS_BR": null, "FCLASS_IL": null, "FCLASS_PS": null, "FCLASS_SA": null, "FCLASS_EG": null, "FCLASS_MA": null, "FCLASS_PT": null, "FCLASS_AR": null, "FCLASS_JP": null, "FCLASS_KO": null, "FCLASS_VN": null, "FCLASS_TR": null, "FCLASS_ID": null, "FCLASS_PL": null, "FCLASS_GR": null, "FCLASS_IT": null, "FCLASS_NL": null, "FCLASS_SE": null, "FCLASS_BD": null, "FCLASS_UA": null, "FCLASS_TLC": null}, "bbox": [35.339818, -23.85804, 35.339818, -23.85804], "geometry": {"type": "Point", "coordinates": [35.339818, -23.85804]}}, {"type": "Feature", "properties": {"SCALERANK": 6, "NATSCALE": 30, "LABELRANK": 3, "FEATURECLA": "Populated place", "NAME": "Umtata", "NAMEPAR": null, "NAMEALT": null, "NAMEASCII": "Umtata", "ADM0CAP": 0, "CAPIN": null, "WORLDCITY": 0, "MEGACITY": 0, "SOV0NAME": "South Africa", "SOV_A3": "ZAF", "ADM0NAME": "South Africa", "ADM0_A3": "ZAF", "ADM1NAME": "Eastern Cape", "ISO_A2": "ZA", "NOTE": null, "LATITUDE": -31.579999, "LONGITUDE": 28.790015, "POP_MAX": 137772, "POP_MIN": 78663, "POP_OTHER": 134166, "RANK_MAX": 9, "RANK_MIN": 8, "MEGANAME": null, "LS_NAME": "Umtata", "MAX_POP10": 137772, "MAX_POP20": 137772, "MAX_POP50": 0, "MAX_POP300": 0, "MAX_POP310": 0, "MAX_NATSCA": 20, "MIN_AREAKM": 115, "MAX_AREAKM": 115, "MIN_AREAMI": 45, "MAX_AREAMI": 45, "MIN_PERKM": 144, "MAX_PERKM": 144, "MIN_PERMI": 90, "MAX_PERMI": 90, "MIN_BBXMIN": 28.658333, "MAX_BBXMIN": 28.658333, "MIN_BBXMAX": 28.858333, "MAX_BBXMAX": 28.858333, "MIN_BBYMIN": -31.683333, "MAX_BBYMIN": -31.683333, "MIN_BBYMAX": -31.516667, "MAX_BBYMAX": -31.516667, "MEAN_BBXC": 28.762553, "MEAN_BBYC": -31.585232, "TIMEZONE": "Africa/Johannesburg", "UN_FID": 0, "POP1950": 0, "POP1955": 0, "POP1960": 0, "POP1965": 0, "POP1970": 0, "POP1975": 0, "POP1980": 0, "POP1985": 0, "POP1990": 0, "POP1995": 0, "POP2000": 0, "POP2005": 0, "POP2010": 0, "POP2015": 0, "POP2020": 0, "POP2025": 0, "POP2050": 0, "MIN_ZOOM": 6, "WIKIDATAID": "Q1020914", "WOF_ID": 1141908873, "CAPALT": 0, "NAME_EN": "Mthatha", "NAME_DE": "Mthatha", "NAME_ES": "Mthatha", "NAME_FR": "Mthatha", "NAME_PT": "Mthatha", "NAME_RU": "Умтата", "NAME_ZH": "乌姆塔塔", "LABEL": null, "NAME_AR": "متاتا", "NAME_BN": "তাতা", "NAME_EL": "Ουμτάτα", "NAME_HI": "था था", "NAME_HU": "Umtata", "NAME_ID": "Mthatha", "NAME_IT": "Mthatha", "NAME_JA": "ウムタタ", "NAME_KO": "마타타", "NAME_NL": "Mthatha", "NAME_PL": "Mthatha", "NAME_SV": "Mthatha", "NAME_TR": "Mthatha", "NAME_VI": "Mthatha", "NE_ID": 1159148069, "NAME_FA": "امتاتا", "NAME_HE": "אמטטה", "NAME_UK": "Мтата", "NAME_UR": "متھاتھا", "NAME_ZHT": "烏姆塔塔", "GEONAMESID": 946058, "FCLASS_ISO": null, "FCLASS_US": null, "FCLASS_FR": null, "FCLASS_RU": null, "FCLASS_ES": null, "FCLASS_CN": null, "FCLASS_TW": null, "FCLASS_IN": null, "FCLASS_NP": null, "FCLASS_PK": null, "FCLASS_DE": null, "FCLASS_GB": null, "FCLASS_BR": null, "FCLASS_IL": null, "FCLASS_PS": null, "FCLASS_SA": null, "FCLASS_EG": null, "FCLASS_MA": null, "FCLASS_PT": null, "FCLASS_AR": null, "FCLASS_JP": null, "FCLASS_KO": null, "FCLASS_VN": null, "FCLASS_TR": null, "FCLASS_ID": null, "FCLASS_PL": null, "FCLASS_GR": null, "FCLASS_IT": null, "FCLASS_NL": null, "FCLASS_SE": null, "FCLASS_BD": null, "FCLASS_UA": null, "FCLASS_TLC": null}, "bbox": [28.790015, -31.579999, 28.790015, -31.579999], "geometry": {"type": "Point", "coordinates": [28.790015, -31.579999]}}, {"type": "Feature", "properties": {"SCALERANK": 6, "NATSCALE": 30, "LABELRANK": 3, "FEATURECLA": "Populated place", "NAME": "Graaff Reinet", "NAMEPAR": null, "NAMEALT": null, "NAMEASCII": "Graaff Reinet", "ADM0CAP": 0, "CAPIN": null, "WORLDCITY": 0, "MEGACITY": 0, "SOV0NAME": "South Africa", "SOV_A3": "ZAF", "ADM0NAME": "South Africa", "ADM0_A3": "ZAF", "ADM1NAME": "Eastern Cape", "ISO_A2": "ZA", "NOTE": null, "LATITUDE": -32.300007, "LONGITUDE": 24.540042, "POP_MAX": 62896, "POP_MIN": 3021, "POP_OTHER": 0, "RANK_MAX": 8, "RANK_MIN": 4, "MEGANAME": null, "LS_NAME": "Graaff Reinet", "MAX_POP10": 3021, "MAX_POP20": 3021, "MAX_POP50": 0, "MAX_POP300": 0, "MAX_POP310": 0, "MAX_NATSCA": 20, "MIN_AREAKM": 6, "MAX_AREAKM": 6, "MIN_AREAMI": 2, "MAX_AREAMI": 2, "MIN_PERKM": 14, "MAX_PERKM": 14, "MIN_PERMI": 8, "MAX_PERMI": 8, "MIN_BBXMIN": 24.525, "MAX_BBXMIN": 24.525, "MIN_BBXMAX": 24.558333, "MAX_BBXMAX": 24.558333, "MIN_BBYMIN": -32.333333, "MAX_BBYMIN": -32.333333, "MIN_BBYMAX": -32.3, "MAX_BBYMAX": -32.3, "MEAN_BBXC": 24.542708, "MEAN_BBYC": -32.313542, "TIMEZONE": "Africa/Johannesburg", "UN_FID": 0, "POP1950": 0, "POP1955": 0, "POP1960": 0, "POP1965": 0, "POP1970": 0, "POP1975": 0, "POP1980": 0, "POP1985": 0, "POP1990": 0, "POP1995": 0, "POP2000": 0, "POP2005": 0, "POP2010": 0, "POP2015": 0, "POP2020": 0, "POP2025": 0, "POP2050": 0, "MIN_ZOOM": 6, "WIKIDATAID": "Q1004667", "WOF_ID": 101928047, "CAPALT": 0, "NAME_EN": "Graaff-Reinet", "NAME_DE": "Graaff-Reinet", "NAME_ES": "Graaff-Reinet", "NAME_FR": "Graaff-Reinet", "NAME_PT": "Graaff-Reinet", "NAME_RU": "Храфф-Рейнет", "NAME_ZH": "格拉夫-里内特", "LABEL": null, "NAME_AR": "غراف رينيت", "NAME_BN": "গ্রাফ রেইনেত", "NAME_EL": "Γκραφ Ρεϊνέτ", "NAME_HI": "ग्राफ़ रेनेट", "NAME_HU": "Graaff Reinet", "NAME_ID": "Graaff Reinet", "NAME_IT": "Graaff-Reinet", "NAME_JA": "グラーフ＝ライネ", "NAME_KO": "그라프 리네", "NAME_NL": "Graaff-Reinet", "NAME_PL": "Graaff-Reinet", "NAME_SV": "Graaff-Reinet", "NAME_TR": "Graaff Reinet", "NAME_VI": "Graaff Reinet", "NE_ID": 1159148071, "NAME_FA": "گراف رینت", "NAME_HE": "גראף-ריינט", "NAME_UK": "Графф-Рейнет", "NAME_UR": "گراف رینیٹ", "NAME_ZHT": "格拉夫-里內特", "GEONAMESID": 1000543, "FCLASS_ISO": null, "FCLASS_US": null, "FCLASS_FR": null, "FCLASS_RU": null, "FCLASS_ES": null, "FCLASS_CN": null, "FCLASS_TW": null, "FCLASS_IN": null, "FCLASS_NP": null, "FCLASS_PK": null, "FCLASS_DE": null, "FCLASS_GB": null, "FCLASS_BR": null, "FCLASS_IL": null, "FCLASS_PS": null, "FCLASS_SA": null, "FCLASS_EG": null, "FCLASS_MA": null, "FCLASS_PT": null, "FCLASS_AR": null, "FCLASS_JP": null, "FCLASS_KO": null, "FCLASS_VN": null, "FCLASS_TR": null, "FCLASS_ID": null, "FCLASS_PL": null, "FCLASS_GR": null, "FCLASS_IT": null, "FCLASS_NL": null, "FCLASS_SE": null, "FCLASS_BD": null, "FCLASS_UA": null, "FCLASS_TLC": null}, "bbox": [24.540042, -32.300007, 24.540042, -32.300007], "geometry": {"type": "Point", "coordinates": [24.540042, -32.300007]}}, {"type": "Feature", "properties": {"SCALERANK": 6, "NATSCALE": 30, "LABELRANK": 3, "FEATURECLA": "Admin-1 capital", "NAME": "Bhisho", "NAMEPAR": null, "NAMEALT": "Bisho", "NAMEASCII": "Bhisho", "ADM0CAP": 0, "CAPIN": null, "WORLDCITY": 0, "MEGACITY": 0, "SOV0NAME": "South Africa", "SOV_A3": "ZAF", "ADM0NAME": "South Africa", "ADM0_A3": "ZAF", "ADM1NAME": "Eastern Cape", "ISO_A2": "ZA", "NOTE": null, "LATITUDE": -32.869998, "LONGITUDE": 27.389997, "POP_MAX": 160997, "POP_MIN": 137287, "POP_OTHER": 160391, "RANK_MAX": 9, "RANK_MIN": 9, "MEGANAME": null, "LS_NAME": "Bhisho", "MAX_POP10": 160997, "MAX_POP20": 0, "MAX_POP50": 0, "MAX_POP300": 0, "MAX_POP310": 0, "MAX_NATSCA": 10, "MIN_AREAKM": 93, "MAX_AREAKM": 93, "MIN_AREAMI": 36, "MAX_AREAMI": 36, "MIN_PERKM": 128, "MAX_PERKM": 128, "MIN_PERMI": 80, "MAX_PERMI": 80, "MIN_BBXMIN": 27.183333, "MAX_BBXMIN": 27.183333, "MIN_BBXMAX": 27.475, "MAX_BBXMAX": 27.475, "MIN_BBYMIN": -32.933333, "MAX_BBYMIN": -32.933333, "MIN_BBYMAX": -32.808333, "MAX_BBYMAX": -32.808333, "MEAN_BBXC": 27.365924, "MEAN_BBYC": -32.864438, "TIMEZONE": "Africa/Johannesburg", "UN_FID": 0, "POP1950": 0, "POP1955": 0, "POP1960": 0, "POP1965": 0, "POP1970": 0, "POP1975": 0, "POP1980": 0, "POP1985": 0, "POP1990": 0, "POP1995": 0, "POP2000": 0, "POP2005": 0, "POP2010": 0, "POP2015": 0, "POP2020": 0, "POP2025": 0, "POP2050": 0, "MIN_ZOOM": 6, "WIKIDATAID": "Q209533", "WOF_ID": 101929097, "CAPALT": 0, "NAME_EN": "Bhisho", "NAME_DE": "Bhisho", "NAME_ES": "Bhisho", "NAME_FR": "Bisho", "NAME_PT": "Bisho", "NAME_RU": "Бишо", "NAME_ZH": "比绍", "LABEL": null, "NAME_AR": "بيشو", "NAME_BN": "ভিশো", "NAME_EL": "Μπίσο", "NAME_HI": "बिशो", "NAME_HU": "Bhisho", "NAME_ID": "Bhisho", "NAME_IT": "Bhisho", "NAME_JA": "ビショ", "NAME_KO": "비쇼", "NAME_NL": "Bhisho", "NAME_PL": "Bhisho", "NAME_SV": "Bhisho", "NAME_TR": "Bhisho", "NAME_VI": "Bhisho", "NE_ID": 1159148073, "NAME_FA": "بیشو", "NAME_HE": "בישו", "NAME_UK": "Бішо", "NAME_UR": "بھیشو", "NAME_ZHT": "畢斯荷", "GEONAMESID": 1019330, "FCLASS_ISO": null, "FCLASS_US": null, "FCLASS_FR": null, "FCLASS_RU": null, "FCLASS_ES": null, "FCLASS_CN": null, "FCLASS_TW": null, "FCLASS_IN": null, "FCLASS_NP": null, "FCLASS_PK": null, "FCLASS_DE": null, "FCLASS_GB": null, "FCLASS_BR": null, "FCLASS_IL": null, "FCLASS_PS": null, "FCLASS_SA": null, "FCLASS_EG": null, "FCLASS_MA": null, "FCLASS_PT": null, "FCLASS_AR": null, "FCLASS_JP": null, "FCLASS_KO": null, "FCLASS_VN": null, "FCLASS_TR": null, "FCLASS_ID": null, "FCLASS_PL": null, "FCLASS_GR": null, "FCLASS_IT": null, "FCLASS_NL": null, "FCLASS_SE": null, "FCLASS_BD": null, "FCLASS_UA": null, "FCLASS_TLC": null}, "bbox": [27.389997, -32.869997, 27.389997, -32.869997], "geometry": {"type": "Point", "coordinates": [27.389997, -32.869997]}}, {"type": "Feature", "properties": {"SCALERANK": 6, "NATSCALE": 30, "LABELRANK": 6, "FEATURECLA": "Admin-1 region capital", "NAME": "Keetmanshoop", "NAMEPAR": null, "NAMEALT": null, "NAMEASCII": "Keetmanshoop", "ADM0CAP": 0, "CAPIN": null, "WORLDCITY": 0, "MEGACITY": 0, "SOV0NAME": "Namibia", "SOV_A3": "NAM", "ADM0NAME": "Namibia", "ADM0_A3": "NAM", "ADM1NAME": "Karas", "ISO_A2": "NA", "NOTE": null, "LATITUDE": -26.573896, "LONGITUDE": 18.129994, "POP_MAX": 18039, "POP_MIN": 15608, "POP_OTHER": 18039, "RANK_MAX": 6, "RANK_MIN": 6, "MEGANAME": null, "LS_NAME": "Keetmanshoop", "MAX_POP10": 18039, "MAX_POP20": 18039, "MAX_POP50": 0, "MAX_POP300": 0, "MAX_POP310": 0, "MAX_NATSCA": 20, "MIN_AREAKM": 6, "MAX_AREAKM": 6, "MIN_AREAMI": 2, "MAX_AREAMI": 2, "MIN_PERKM": 14, "MAX_PERKM": 14, "MIN_PERMI": 9, "MAX_PERMI": 9, "MIN_BBXMIN": 18.125, "MAX_BBXMIN": 18.125, "MIN_BBXMAX": 18.166667, "MAX_BBXMAX": 18.166667, "MIN_BBYMIN": -26.591667, "MAX_BBYMIN": -26.591667, "MIN_BBYMAX": -26.566667, "MAX_BBYMAX": -26.566667, "MEAN_BBXC": 18.141667, "MEAN_BBYC": -26.58125, "TIMEZONE": "Africa/Windhoek", "UN_FID": 0, "POP1950": 0, "POP1955": 0, "POP1960": 0, "POP1965": 0, "POP1970": 0, "POP1975": 0, "POP1980": 0, "POP1985": 0, "POP1990": 0, "POP1995": 0, "POP2000": 0, "POP2005": 0, "POP2010": 0, "POP2015": 0, "POP2020": 0, "POP2025": 0, "POP2050": 0, "MIN_ZOOM": 6, "WIKIDATAID": "Q160884", "WOF_ID": 421189849, "CAPALT": 0, "NAME_EN": "Keetmanshoop", "NAME_DE": "Keetmanshoop", "NAME_ES": "Keetmanshoop", "NAME_FR": "Keetmanshoop", "NAME_PT": "Keetmanshoop", "NAME_RU": "Китмансхуп", "NAME_ZH": "基特曼斯胡普", "LABEL": null, "NAME_AR": "كيتمانشوب", "NAME_BN": "কিতমানশুপ", "NAME_EL": "Κίτμανσουπ", "NAME_HI": "कीटमैनशूप", "NAME_HU": "Keetmanshoop", "NAME_ID": "Keetmanshoop", "NAME_IT": "Keetmanshoop", "NAME_JA": "ケートマンスフープ", "NAME_KO": "케이트만스호프", "NAME_NL": "Keetmanshoop", "NAME_PL": "Keetmanshoop", "NAME_SV": "Keetmanshoop", "NAME_TR": "Keetmanshoop", "NAME_VI": "Keetmanshoop", "NE_ID": 1159148229, "NAME_FA": "کیتمنشوپ", "NAME_HE": "קיטמנסהופ", "NAME_UK": "Кітмансхуп", "NAME_UR": "کیتمانشوپ", "NAME_ZHT": "基特曼斯胡普", "GEONAMESID": 3356264, "FCLASS_ISO": null, "FCLASS_US": null, "FCLASS_FR": null, "FCLASS_RU": null, "FCLASS_ES": null, "FCLASS_CN": null, "FCLASS_TW": null, "FCLASS_IN": null, "FCLASS_NP": null, "FCLASS_PK": null, "FCLASS_DE": null, "FCLASS_GB": null, "FCLASS_BR": null, "FCLASS_IL": null, "FCLASS_PS": null, "FCLASS_SA": null, "FCLASS_EG": null, "FCLASS_MA": null, "FCLASS_PT": null, "FCLASS_AR": null, "FCLASS_JP": null, "FCLASS_KO": null, "FCLASS_VN": null, "FCLASS_TR": null, "FCLASS_ID": null, "FCLASS_PL": null, "FCLASS_GR": null, "FCLASS_IT": null, "FCLASS_NL": null, "FCLASS_SE": null, "FCLASS_BD": null, "FCLASS_UA": null, "FCLASS_TLC": null}, "bbox": [18.129994, -26.573896, 18.129994, -26.573896], "geometry": {"type": "Point", "coordinates": [18.129994, -26.573896]}}, {"type": "Feature", "properties": {"SCALERANK": 6, "NATSCALE": 30, "LABELRANK": 6, "FEATURECLA": "Admin-1 capital", "NAME": "Maltahöhe", "NAMEPAR": null, "NAMEALT": "Maltahohe", "NAMEASCII": "Maltahohe", "ADM0CAP": 0, "CAPIN": null, "WORLDCITY": 0, "MEGACITY": 0, "SOV0NAME": "Namibia", "SOV_A3": "NAM", "ADM0NAME": "Namibia", "ADM0_A3": "NAM", "ADM1NAME": "Hardap", "ISO_A2": "NA", "NOTE": null, "LATITUDE": -24.839997, "LONGITUDE": 16.939989, "POP_MAX": 2329, "POP_MIN": 2329, "POP_OTHER": 0, "RANK_MAX": 4, "RANK_MIN": 4, "MEGANAME": null, "LS_NAME": "Maltah̦he", "MAX_POP10": 0, "MAX_POP20": 0, "MAX_POP50": 0, "MAX_POP300": 0, "MAX_POP310": 0, "MAX_NATSCA": 0, "MIN_AREAKM": 0, "MAX_AREAKM": 0, "MIN_AREAMI": 0, "MAX_AREAMI": 0, "MIN_PERKM": 0, "MAX_PERKM": 0, "MIN_PERMI": 0, "MAX_PERMI": 0, "MIN_BBXMIN": 0, "MAX_BBXMIN": 0, "MIN_BBXMAX": 0, "MAX_BBXMAX": 0, "MIN_BBYMIN": 0, "MAX_BBYMIN": 0, "MIN_BBYMAX": 0, "MAX_BBYMAX": 0, "MEAN_BBXC": 0, "MEAN_BBYC": 0, "TIMEZONE": "Africa/Windhoek", "UN_FID": 0, "POP1950": 0, "POP1955": 0, "POP1960": 0, "POP1965": 0, "POP1970": 0, "POP1975": 0, "POP1980": 0, "POP1985": 0, "POP1990": 0, "POP1995": 0, "POP2000": 0, "POP2005": 0, "POP2010": 0, "POP2015": 0, "POP2020": 0, "POP2025": 0, "POP2050": 0, "MIN_ZOOM": 6, "WIKIDATAID": "Q666079", "WOF_ID": 421173613, "CAPALT": 0, "NAME_EN": "Maltahöhe", "NAME_DE": "Maltahöhe", "NAME_ES": "Maltahöhe", "NAME_FR": "Maltahöhe", "NAME_PT": "Maltahöhe", "NAME_RU": "Мальтахёэ", "NAME_ZH": "马尔塔赫厄", "LABEL": null, "NAME_AR": "مالتاهو", "NAME_BN": "মালতাহোহো", "NAME_EL": "Μαλταχόε", "NAME_HI": "माल्टाहोए", "NAME_HU": "Maltahöhe", "NAME_ID": "Maltahohe", "NAME_IT": "Maltahöhe", "NAME_JA": "マルタヘーエ", "NAME_KO": "말타회헤", "NAME_NL": "Maltahöhe", "NAME_PL": "Maltahöhe", "NAME_SV": "Maltahöhe", "NAME_TR": "Maltahöhe", "NAME_VI": "Maltahöhe", "NE_ID": 1159148231, "NAME_FA": "مالتا هه", "NAME_HE": "מלטחיוהה", "NAME_UK": "Мальтахее", "NAME_UR": "مالٹاہوئی", "NAME_ZHT": "馬爾塔赫厄", "GEONAMESID": 3355624, "FCLASS_ISO": null, "FCLASS_US": null, "FCLASS_FR": null, "FCLASS_RU": null, "FCLASS_ES": null, "FCLASS_CN": null, "FCLASS_TW": null, "FCLASS_IN": null, "FCLASS_NP": null, "FCLASS_PK": null, "FCLASS_DE": null, "FCLASS_GB": null, "FCLASS_BR": null, "FCLASS_IL": null, "FCLASS_PS": null, "FCLASS_SA": null, "FCLASS_EG": null, "FCLASS_MA": null, "FCLASS_PT": null, "FCLASS_AR": null, "FCLASS_JP": null, "FCLASS_KO": null, "FCLASS_VN": null, "FCLASS_TR": null, "FCLASS_ID": null, "FCLASS_PL": null, "FCLASS_GR": null, "FCLASS_IT": null, "FCLASS_NL": null, "FCLASS_SE": null, "FCLASS_BD": null, "FCLASS_UA": null, "FCLASS_TLC": null}, "bbox": [16.939989, -24.839997, 16.939989, -24.839997], "geometry": {"type": "Point", "coordinates": [16.939989, -24.839997]}}, {"type": "Feature", "properties": {"SCALERANK": 6, "NATSCALE": 30, "LABELRANK": 6, "FEATURECLA": "Admin-1 region capital", "NAME": "Swakopmund", "NAMEPAR": null, "NAMEALT": null, "NAMEASCII": "Swakopmund", "ADM0CAP": 0, "CAPIN": null, "WORLDCITY": 0, "MEGACITY": 0, "SOV0NAME": "Namibia", "SOV_A3": "NAM", "ADM0NAME": "Namibia", "ADM0_A3": "NAM", "ADM1NAME": "Erongo", "ISO_A2": "NA", "NOTE": null, "LATITUDE": -22.668863, "LONGITUDE": 14.53502, "POP_MAX": 29491, "POP_MIN": 25047, "POP_OTHER": 29491, "RANK_MAX": 7, "RANK_MIN": 7, "MEGANAME": null, "LS_NAME": "Swakopmund", "MAX_POP10": 29491, "MAX_POP20": 0, "MAX_POP50": 0, "MAX_POP300": 0, "MAX_POP310": 0, "MAX_NATSCA": 10, "MIN_AREAKM": 10, "MAX_AREAKM": 10, "MIN_AREAMI": 4, "MAX_AREAMI": 4, "MIN_PERKM": 16, "MAX_PERKM": 16, "MIN_PERMI": 10, "MAX_PERMI": 10, "MIN_BBXMIN": 14.516667, "MAX_BBXMIN": 14.516667, "MIN_BBXMAX": 14.55, "MAX_BBXMAX": 14.55, "MIN_BBYMIN": -22.683333, "MAX_BBYMIN": -22.683333, "MIN_BBYMAX": -22.641667, "MAX_BBYMAX": -22.641667, "MEAN_BBXC": 14.532372, "MEAN_BBYC": -22.665705, "TIMEZONE": "Africa/Windhoek", "UN_FID": 0, "POP1950": 0, "POP1955": 0, "POP1960": 0, "POP1965": 0, "POP1970": 0, "POP1975": 0, "POP1980": 0, "POP1985": 0, "POP1990": 0, "POP1995": 0, "POP2000": 0, "POP2005": 0, "POP2010": 0, "POP2015": 0, "POP2020": 0, "POP2025": 0, "POP2050": 0, "MIN_ZOOM": 6, "WIKIDATAID": "Q59698", "WOF_ID": 421169035, "CAPALT": 0, "NAME_EN": "Swakopmund", "NAME_DE": "Swakopmund", "NAME_ES": "Swakopmund", "NAME_FR": "Swakopmund", "NAME_PT": "Swakopmund", "NAME_RU": "Свакопмунд", "NAME_ZH": "斯瓦科普蒙德", "LABEL": null, "NAME_AR": "سواكوبموند", "NAME_BN": "সোকপমুন্ড", "NAME_EL": "Σβακοπμούντ", "NAME_HI": "स्वाकोपमुंड", "NAME_HU": "Swakopmund", "NAME_ID": "Swakopmund", "NAME_IT": "Swakopmund", "NAME_JA": "スワコプムント", "NAME_KO": "스와코프문트", "NAME_NL": "Swakopmund", "NAME_PL": "Swakopmund", "NAME_SV": "Swakopmund", "NAME_TR": "Swakopmund", "NAME_VI": "Swakopmund", "NE_ID": 1159148233, "NAME_FA": "سواکوپموند", "NAME_HE": "סווקופמונד", "NAME_UK": "Свакопмунд", "NAME_UR": "سواکوپموند", "NAME_ZHT": "斯瓦科普蒙德", "GEONAMESID": 3352844, "FCLASS_ISO": null, "FCLASS_US": null, "FCLASS_FR": null, "FCLASS_RU": null, "FCLASS_ES": null, "FCLASS_CN": null, "FCLASS_TW": null, "FCLASS_IN": null, "FCLASS_NP": null, "FCLASS_PK": null, "FCLASS_DE": null, "FCLASS_GB": null, "FCLASS_BR": null, "FCLASS_IL": null, "FCLASS_PS": null, "FCLASS_SA": null, "FCLASS_EG": null, "FCLASS_MA": null, "FCLASS_PT": null, "FCLASS_AR": null, "FCLASS_JP": null, "FCLASS_KO": null, "FCLASS_VN": null, "FCLASS_TR": null, "FCLASS_ID": null, "FCLASS_PL": null, "FCLASS_GR": null, "FCLASS_IT": null, "FCLASS_NL": null, "FCLASS_SE": null, "FCLASS_BD": null, "FCLASS_UA": null, "FCLASS_TLC": null}, "bbox": [14.53502, -22.668863, 14.53502, -22.668863], "geometry": {"type": "Point", "coordinates": [14.53502, -22.668863]}}, {"type": "Feature", "properties": {"SCALERANK": 6, "NATSCALE": 30, "LABELRANK": 6, "FEATURECLA": "Populated place", "NAME": "Ongwediva", "NAMEPAR": null, "NAMEALT": null, "NAMEASCII": "Ongwediva", "ADM0CAP": 0, "CAPIN": null, "WORLDCITY": 0, "MEGACITY": 0, "SOV0NAME": "Namibia", "SOV_A3": "NAM", "ADM0NAME": "Namibia", "ADM0_A3": "NAM", "ADM1NAME": "Oshana", "ISO_A2": "NA", "NOTE": null, "LATITUDE": -17.780014, "LONGITUDE": 15.770035, "POP_MAX": 25032, "POP_MIN": 9654, "POP_OTHER": 25032, "RANK_MAX": 7, "RANK_MIN": 5, "MEGANAME": null, "LS_NAME": "Ongwediva", "MAX_POP10": 25032, "MAX_POP20": 25032, "MAX_POP50": 0, "MAX_POP300": 0, "MAX_POP310": 0, "MAX_NATSCA": 20, "MIN_AREAKM": 7, "MAX_AREAKM": 7, "MIN_AREAMI": 3, "MAX_AREAMI": 3, "MIN_PERKM": 16, "MAX_PERKM": 16, "MIN_PERMI": 10, "MAX_PERMI": 10, "MIN_BBXMIN": 15.75, "MAX_BBXMIN": 15.75, "MIN_BBXMAX": 15.783333, "MAX_BBXMAX": 15.783333, "MIN_BBYMIN": -17.8, "MAX_BBYMIN": -17.8, "MIN_BBYMAX": -17.758333, "MAX_BBYMAX": -17.758333, "MEAN_BBXC": 15.76713, "MEAN_BBYC": -17.776389, "TIMEZONE": "Africa/Windhoek", "UN_FID": 0, "POP1950": 0, "POP1955": 0, "POP1960": 0, "POP1965": 0, "POP1970": 0, "POP1975": 0, "POP1980": 0, "POP1985": 0, "POP1990": 0, "POP1995": 0, "POP2000": 0, "POP2005": 0, "POP2010": 0, "POP2015": 0, "POP2020": 0, "POP2025": 0, "POP2050": 0, "MIN_ZOOM": 6, "WIKIDATAID": "Q841557", "WOF_ID": 421176113, "CAPALT": 0, "NAME_EN": "Ongwediva", "NAME_DE": "Ongwediva", "NAME_ES": "Ongwediva", "NAME_FR": "Ongwediva", "NAME_PT": "Ongwediva", "NAME_RU": "Онгуэдива", "NAME_ZH": "翁圭迪瓦", "LABEL": null, "NAME_AR": "أونجويفا", "NAME_BN": "ওংগোয়েদিভা", "NAME_EL": "Ονγκβεντίβα", "NAME_HI": "आंगवेदिवा", "NAME_HU": "Ongwediva", "NAME_ID": "Ongwediva", "NAME_IT": "Ongwediva", "NAME_JA": "オンウェディバ", "NAME_KO": "옹위디바", "NAME_NL": "Ongwediva", "NAME_PL": "Ongwediva", "NAME_SV": "Ongwediva", "NAME_TR": "Ongwediva", "NAME_VI": "Ongwediva", "NE_ID": 1159148235, "NAME_FA": "اونگ ودیوا", "NAME_HE": "אונגוודיבה", "NAME_UK": "Онгуедіва", "NAME_UR": "اونگویڈیوا", "NAME_ZHT": "翁圭迪瓦", "GEONAMESID": 3354147, "FCLASS_ISO": null, "FCLASS_US": null, "FCLASS_FR": null, "FCLASS_RU": null, "FCLASS_ES": null, "FCLASS_CN": null, "FCLASS_TW": null, "FCLASS_IN": null, "FCLASS_NP": null, "FCLASS_PK": null, "FCLASS_DE": null, "FCLASS_GB": null, "FCLASS_BR": null, "FCLASS_IL": null, "FCLASS_PS": null, "FCLASS_SA": null, "FCLASS_EG": null, "FCLASS_MA": null, "FCLASS_PT": null, "FCLASS_AR": null, "FCLASS_JP": null, "FCLASS_KO": null, "FCLASS_VN": null, "FCLASS_TR": null, "FCLASS_ID": null, "FCLASS_PL": null, "FCLASS_GR": null, "FCLASS_IT": null, "FCLASS_NL": null, "FCLASS_SE": null, "FCLASS_BD": null, "FCLASS_UA": null, "FCLASS_TLC": null}, "bbox": [15.770034, -17.780014, 15.770034, -17.780014], "geometry": {"type": "Point", "coordinates": [15.770034, -17.780014]}}, {"type": "Feature", "properties": {"SCALERANK": 6, "NATSCALE": 30, "LABELRANK": 6, "FEATURECLA": "Populated place", "NAME": "Rundu", "NAMEPAR": null, "NAMEALT": null, "NAMEASCII": "Rundu", "ADM0CAP": 0, "CAPIN": null, "WORLDCITY": 0, "MEGACITY": 0, "SOV0NAME": "Namibia", "SOV_A3": "NAM", "ADM0NAME": "Namibia", "ADM0_A3": "NAM", "ADM1NAME": "Kavango", "ISO_A2": "NA", "NOTE": null, "LATITUDE": -17.920006, "LONGITUDE": 19.749947, "POP_MAX": 58172, "POP_MIN": 28798, "POP_OTHER": 0, "RANK_MAX": 8, "RANK_MIN": 7, "MEGANAME": null, "LS_NAME": "Rundu", "MAX_POP10": 28798, "MAX_POP20": 28798, "MAX_POP50": 0, "MAX_POP300": 0, "MAX_POP310": 0, "MAX_NATSCA": 20, "MIN_AREAKM": 9, "MAX_AREAKM": 9, "MIN_AREAMI": 3, "MAX_AREAMI": 3, "MIN_PERKM": 16, "MAX_PERKM": 16, "MIN_PERMI": 10, "MAX_PERMI": 10, "MIN_BBXMIN": 19.75, "MAX_BBXMIN": 19.75, "MIN_BBXMAX": 19.791667, "MAX_BBXMAX": 19.791667, "MIN_BBYMIN": -17.933333, "MAX_BBYMIN": -17.933333, "MIN_BBYMAX": -17.9, "MAX_BBYMAX": -17.9, "MEAN_BBXC": 19.770076, "MEAN_BBYC": -17.91553, "TIMEZONE": "Africa/Windhoek", "UN_FID": 0, "POP1950": 0, "POP1955": 0, "POP1960": 0, "POP1965": 0, "POP1970": 0, "POP1975": 0, "POP1980": 0, "POP1985": 0, "POP1990": 0, "POP1995": 0, "POP2000": 0, "POP2005": 0, "POP2010": 0, "POP2015": 0, "POP2020": 0, "POP2025": 0, "POP2050": 0, "MIN_ZOOM": 6, "WIKIDATAID": "Q662291", "WOF_ID": 421189867, "CAPALT": 0, "NAME_EN": "Rundu", "NAME_DE": "Rundu", "NAME_ES": "Rundu", "NAME_FR": "Rundu", "NAME_PT": "Rundu", "NAME_RU": "Рунду", "NAME_ZH": "龙杜", "LABEL": null, "NAME_AR": "روندو", "NAME_BN": "রুন্ডো", "NAME_EL": "Ρούντου", "NAME_HI": "रुंदु", "NAME_HU": "Rundu", "NAME_ID": "Rundu", "NAME_IT": "Rundu", "NAME_JA": "ルンドゥ", "NAME_KO": "룬두", "NAME_NL": "Rundu", "NAME_PL": "Rundu", "NAME_SV": "Rundu", "NAME_TR": "Rundu", "NAME_VI": "Rundu", "NE_ID": 1159148237, "NAME_FA": "رندو", "NAME_HE": "רונדו", "NAME_UK": "Рунду", "NAME_UR": "روندو", "NAME_ZHT": "龍杜", "GEONAMESID": 3353383, "FCLASS_ISO": null, "FCLASS_US": null, "FCLASS_FR": null, "FCLASS_RU": null, "FCLASS_ES": null, "FCLASS_CN": null, "FCLASS_TW": null, "FCLASS_IN": null, "FCLASS_NP": null, "FCLASS_PK": null, "FCLASS_DE": null, "FCLASS_GB": null, "FCLASS_BR": null, "FCLASS_IL": null, "FCLASS_PS": null, "FCLASS_SA": null, "FCLASS_EG": null, "FCLASS_MA": null, "FCLASS_PT": null, "FCLASS_AR": null, "FCLASS_JP": null, "FCLASS_KO": null, "FCLASS_VN": null, "FCLASS_TR": null, "FCLASS_ID": null, "FCLASS_PL": null, "FCLASS_GR": null, "FCLASS_IT": null, "FCLASS_NL": null, "FCLASS_SE": null, "FCLASS_BD": null, "FCLASS_UA": null, "FCLASS_TLC": null}, "bbox": [19.749947, -17.920006, 19.749947, -17.920006], "geometry": {"type": "Point", "coordinates": [19.749947, -17.920006]}}, {"type": "Feature", "properties": {"SCALERANK": 6, "NATSCALE": 30, "LABELRANK": 6, "FEATURECLA": "Admin-1 capital", "NAME": "Tsumeb", "NAMEPAR": null, "NAMEALT": null, "NAMEASCII": "Tsumeb", "ADM0CAP": 0, "CAPIN": null, "WORLDCITY": 0, "MEGACITY": 0, "SOV0NAME": "Namibia", "SOV_A3": "NAM", "ADM0NAME": "Namibia", "ADM0_A3": "NAM", "ADM1NAME": "Oshikoto", "ISO_A2": "NA", "NOTE": null, "LATITUDE": -19.240029, "LONGITUDE": 17.71002, "POP_MAX": 14959, "POP_MIN": 12190, "POP_OTHER": 14959, "RANK_MAX": 6, "RANK_MIN": 6, "MEGANAME": null, "LS_NAME": "Tsumeb", "MAX_POP10": 14959, "MAX_POP20": 0, "MAX_POP50": 0, "MAX_POP300": 0, "MAX_POP310": 0, "MAX_NATSCA": 10, "MIN_AREAKM": 10, "MAX_AREAKM": 10, "MIN_AREAMI": 4, "MAX_AREAMI": 4, "MIN_PERKM": 14, "MAX_PERKM": 14, "MIN_PERMI": 9, "MAX_PERMI": 9, "MIN_BBXMIN": 17.691667, "MAX_BBXMIN": 17.691667, "MIN_BBXMAX": 17.725, "MAX_BBXMAX": 17.725, "MIN_BBYMIN": -19.266667, "MAX_BBYMIN": -19.266667, "MIN_BBYMAX": -19.233333, "MAX_BBYMAX": -19.233333, "MEAN_BBXC": 17.709722, "MEAN_BBYC": -19.247917, "TIMEZONE": "Africa/Windhoek", "UN_FID": 0, "POP1950": 0, "POP1955": 0, "POP1960": 0, "POP1965": 0, "POP1970": 0, "POP1975": 0, "POP1980": 0, "POP1985": 0, "POP1990": 0, "POP1995": 0, "POP2000": 0, "POP2005": 0, "POP2010": 0, "POP2015": 0, "POP2020": 0, "POP2025": 0, "POP2050": 0, "MIN_ZOOM": 6, "WIKIDATAID": "Q639467", "WOF_ID": 421193515, "CAPALT": 0, "NAME_EN": "Tsumeb", "NAME_DE": "Tsumeb", "NAME_ES": "Tsumeb", "NAME_FR": "Tsumeb", "NAME_PT": "Tsumeb", "NAME_RU": "Цумеб", "NAME_ZH": "楚梅布", "LABEL": null, "NAME_AR": "تسوميب", "NAME_BN": "সুমেব", "NAME_EL": "Τσουμέμπ", "NAME_HI": "सुमेब", "NAME_HU": "Tsumeb", "NAME_ID": "Tsumeb", "NAME_IT": "Tsumeb", "NAME_JA": "ツメブ", "NAME_KO": "추메브", "NAME_NL": "Tsumeb", "NAME_PL": "Tsumeb", "NAME_SV": "Tsumeb", "NAME_TR": "Tsumeb", "NAME_VI": "Tsumeb", "NE_ID": 1159148239, "NAME_FA": "تسومب", "NAME_HE": "צואמב", "NAME_UK": "Цумеб", "NAME_UR": "تسومیب", "NAME_ZHT": "楚梅布", "GEONAMESID": 3352593, "FCLASS_ISO": null, "FCLASS_US": null, "FCLASS_FR": null, "FCLASS_RU": null, "FCLASS_ES": null, "FCLASS_CN": null, "FCLASS_TW": null, "FCLASS_IN": null, "FCLASS_NP": null, "FCLASS_PK": null, "FCLASS_DE": null, "FCLASS_GB": null, "FCLASS_BR": null, "FCLASS_IL": null, "FCLASS_PS": null, "FCLASS_SA": null, "FCLASS_EG": null, "FCLASS_MA": null, "FCLASS_PT": null, "FCLASS_AR": null, "FCLASS_JP": null, "FCLASS_KO": null, "FCLASS_VN": null, "FCLASS_TR": null, "FCLASS_ID": null, "FCLASS_PL": null, "FCLASS_GR": null, "FCLASS_IT": null, "FCLASS_NL": null, "FCLASS_SE": null, "FCLASS_BD": null, "FCLASS_UA": null, "FCLASS_TLC": null}, "bbox": [17.71002, -19.240029, 17.71002, -19.240029], "geometry": {"type": "Point", "coordinates": [17.71002, -19.240029]}}, {"type": "Feature", "properties": {"SCALERANK": 6, "NATSCALE": 30, "LABELRANK": 8, "FEATURECLA": "Populated place", "NAME": "Chiromo", "NAMEPAR": null, "NAMEALT": null, "NAMEASCII": "Chiromo", "ADM0CAP": 0, "CAPIN": null, "WORLDCITY": 0, "MEGACITY": 0, "SOV0NAME": "Malawi", "SOV_A3": "MWI", "ADM0NAME": "Malawi", "ADM0_A3": "MWI", "ADM1NAME": "Nsanje", "ISO_A2": "MW", "NOTE": null, "LATITUDE": -16.550012, "LONGITUDE": 35.133245, "POP_MAX": 25235, "POP_MIN": 25235, "POP_OTHER": 262472, "RANK_MAX": 7, "RANK_MIN": 7, "MEGANAME": null, "LS_NAME": "Chiromo", "MAX_POP10": 0, "MAX_POP20": 0, "MAX_POP50": 0, "MAX_POP300": 0, "MAX_POP310": 0, "MAX_NATSCA": 0, "MIN_AREAKM": 0, "MAX_AREAKM": 0, "MIN_AREAMI": 0, "MAX_AREAMI": 0, "MIN_PERKM": 0, "MAX_PERKM": 0, "MIN_PERMI": 0, "MAX_PERMI": 0, "MIN_BBXMIN": 0, "MAX_BBXMIN": 0, "MIN_BBXMAX": 0, "MAX_BBXMAX": 0, "MIN_BBYMIN": 0, "MAX_BBYMIN": 0, "MIN_BBYMAX": 0, "MAX_BBYMAX": 0, "MEAN_BBXC": 0, "MEAN_BBYC": 0, "TIMEZONE": null, "UN_FID": 0, "POP1950": 0, "POP1955": 0, "POP1960": 0, "POP1965": 0, "POP1970": 0, "POP1975": 0, "POP1980": 0, "POP1985": 0, "POP1990": 0, "POP1995": 0, "POP2000": 0, "POP2005": 0, "POP2010": 0, "POP2015": 0, "POP2020": 0, "POP2025": 0, "POP2050": 0, "MIN_ZOOM": 6, "WIKIDATAID": "Q5101966", "WOF_ID": 1141908941, "CAPALT": 0, "NAME_EN": "Chiromo", "NAME_DE": "Chiromo", "NAME_ES": "Chiromo", "NAME_FR": "Chiromo", "NAME_PT": "Chiromo", "NAME_RU": "Чиромо", "NAME_ZH": "奇罗莫", "LABEL": null, "NAME_AR": "تشيرومو", "NAME_BN": "চিরোমো", "NAME_EL": "Τσιρόμο", "NAME_HI": "चिरोमो", "NAME_HU": "Chiromo", "NAME_ID": "Chiromo", "NAME_IT": "Chiromo", "NAME_JA": "チロモ", "NAME_KO": "치로모", "NAME_NL": "Chiromo", "NAME_PL": "Chiromo", "NAME_SV": "Chiromo", "NAME_TR": "Chiromo", "NAME_VI": "Chiromo", "NE_ID": 1159148497, "NAME_FA": "چیرومو", "NAME_HE": "צ'ירומו", "NAME_UK": "Чіромо", "NAME_UR": "چیرومو", "NAME_ZHT": "奇羅莫", "GEONAMESID": 930549, "FCLASS_ISO": null, "FCLASS_US": null, "FCLASS_FR": null, "FCLASS_RU": null, "FCLASS_ES": null, "FCLASS_CN": null, "FCLASS_TW": null, "FCLASS_IN": null, "FCLASS_NP": null, "FCLASS_PK": null, "FCLASS_DE": null, "FCLASS_GB": null, "FCLASS_BR": null, "FCLASS_IL": null, "FCLASS_PS": null, "FCLASS_SA": null, "FCLASS_EG": null, "FCLASS_MA": null, "FCLASS_PT": null, "FCLASS_AR": null, "FCLASS_JP": null, "FCLASS_KO": null, "FCLASS_VN": null, "FCLASS_TR": null, "FCLASS_ID": null, "FCLASS_PL": null, "FCLASS_GR": null, "FCLASS_IT": null, "FCLASS_NL": null, "FCLASS_SE": null, "FCLASS_BD": null, "FCLASS_UA": null, "FCLASS_TLC": null}, "bbox": [35.133245, -16.550012, 35.133245, -16.550012], "geometry": {"type": "Point", "coordinates": [35.133245, -16.550012]}}, {"type": "Feature", "properties": {"SCALERANK": 6, "NATSCALE": 30, "LABELRANK": 8, "FEATURECLA": "Admin-1 capital", "NAME": "Mafetang", "NAMEPAR": null, "NAMEALT": "Mafeteng", "NAMEASCII": "Mafetang", "ADM0CAP": 0, "CAPIN": null, "WORLDCITY": 0, "MEGACITY": 0, "SOV0NAME": "Lesotho", "SOV_A3": "LSO", "ADM0NAME": "Lesotho", "ADM0_A3": "LSO", "ADM1NAME": "Mafeteng", "ISO_A2": "LS", "NOTE": null, "LATITUDE": -29.816644, "LONGITUDE": 27.250006, "POP_MAX": 57059, "POP_MIN": 52358, "POP_OTHER": 51896, "RANK_MAX": 8, "RANK_MIN": 8, "MEGANAME": null, "LS_NAME": "Mafetang", "MAX_POP10": 52358, "MAX_POP20": 0, "MAX_POP50": 0, "MAX_POP300": 0, "MAX_POP310": 0, "MAX_NATSCA": 10, "MIN_AREAKM": 34, "MAX_AREAKM": 34, "MIN_AREAMI": 13, "MAX_AREAMI": 13, "MIN_PERKM": 52, "MAX_PERKM": 52, "MIN_PERMI": 32, "MAX_PERMI": 32, "MIN_BBXMIN": 27.175, "MAX_BBXMIN": 27.175, "MIN_BBXMAX": 27.291667, "MAX_BBXMAX": 27.291667, "MIN_BBYMIN": -29.866667, "MAX_BBYMIN": -29.866667, "MIN_BBYMAX": -29.766667, "MAX_BBYMAX": -29.766667, "MEAN_BBXC": 27.233696, "MEAN_BBYC": -29.812319, "TIMEZONE": "Africa/Maseru", "UN_FID": 0, "POP1950": 0, "POP1955": 0, "POP1960": 0, "POP1965": 0, "POP1970": 0, "POP1975": 0, "POP1980": 0, "POP1985": 0, "POP1990": 0, "POP1995": 0, "POP2000": 0, "POP2005": 0, "POP2010": 0, "POP2015": 0, "POP2020": 0, "POP2025": 0, "POP2050": 0, "MIN_ZOOM": 6, "WIKIDATAID": "Q1013379", "WOF_ID": 421168783, "CAPALT": 0, "NAME_EN": "Mafeteng", "NAME_DE": "Mafeteng", "NAME_ES": "Mafeteng", "NAME_FR": "Mafeteng", "NAME_PT": "Mafeteng", "NAME_RU": "Мафетенг", "NAME_ZH": "马费滕", "LABEL": null, "NAME_AR": "مافتينج", "NAME_BN": "মাফেতাং", "NAME_EL": "Μαφετάνγκ", "NAME_HI": "माफ़ेतांग", "NAME_HU": "Mafetang", "NAME_ID": "Mafetang", "NAME_IT": "Mafeteng", "NAME_JA": "マフェテング", "NAME_KO": "마페탕", "NAME_NL": "Mafeteng", "NAME_PL": "Mafeteng", "NAME_SV": "Mafeteng", "NAME_TR": "Mafetang", "NAME_VI": "Mafetang", "NE_ID": 1159148713, "NAME_FA": "مافتانگ", "NAME_HE": "מפטנג", "NAME_UK": "Мафетенг", "NAME_UR": "مافیتینگ", "NAME_ZHT": "马费滕", "GEONAMESID": 932614, "FCLASS_ISO": null, "FCLASS_US": null, "FCLASS_FR": null, "FCLASS_RU": null, "FCLASS_ES": null, "FCLASS_CN": null, "FCLASS_TW": null, "FCLASS_IN": null, "FCLASS_NP": null, "FCLASS_PK": null, "FCLASS_DE": null, "FCLASS_GB": null, "FCLASS_BR": null, "FCLASS_IL": null, "FCLASS_PS": null, "FCLASS_SA": null, "FCLASS_EG": null, "FCLASS_MA": null, "FCLASS_PT": null, "FCLASS_AR": null, "FCLASS_JP": null, "FCLASS_KO": null, "FCLASS_VN": null, "FCLASS_TR": null, "FCLASS_ID": null, "FCLASS_PL": null, "FCLASS_GR": null, "FCLASS_IT": null, "FCLASS_NL": null, "FCLASS_SE": null, "FCLASS_BD": null, "FCLASS_UA": null, "FCLASS_TLC": null}, "bbox": [27.250006, -29.816644, 27.250006, -29.816644], "geometry": {"type": "Point", "coordinates": [27.250006, -29.816644]}}, {"type": "Feature", "properties": {"SCALERANK": 6, "NATSCALE": 30, "LABELRANK": 6, "FEATURECLA": "Populated place", "NAME": "Xangongo", "NAMEPAR": null, "NAMEALT": null, "NAMEASCII": "Xangongo", "ADM0CAP": 0, "CAPIN": null, "WORLDCITY": 0, "MEGACITY": 0, "SOV0NAME": "Angola", "SOV_A3": "AGO", "ADM0NAME": "Angola", "ADM0_A3": "AGO", "ADM1NAME": "Cunene", "ISO_A2": "AO", "NOTE": null, "LATITUDE": -16.740026, "LONGITUDE": 14.96998, "POP_MAX": 447, "POP_MIN": 447, "POP_OTHER": 0, "RANK_MAX": 2, "RANK_MIN": 2, "MEGANAME": null, "LS_NAME": "Xangongo", "MAX_POP10": 0, "MAX_POP20": 0, "MAX_POP50": 0, "MAX_POP300": 0, "MAX_POP310": 0, "MAX_NATSCA": 0, "MIN_AREAKM": 0, "MAX_AREAKM": 0, "MIN_AREAMI": 0, "MAX_AREAMI": 0, "MIN_PERKM": 0, "MAX_PERKM": 0, "MIN_PERMI": 0, "MAX_PERMI": 0, "MIN_BBXMIN": 0, "MAX_BBXMIN": 0, "MIN_BBXMAX": 0, "MAX_BBXMAX": 0, "MIN_BBYMIN": 0, "MAX_BBYMIN": 0, "MIN_BBYMAX": 0, "MAX_BBYMAX": 0, "MEAN_BBXC": 0, "MEAN_BBYC": 0, "TIMEZONE": null, "UN_FID": 0, "POP1950": 0, "POP1955": 0, "POP1960": 0, "POP1965": 0, "POP1970": 0, "POP1975": 0, "POP1980": 0, "POP1985": 0, "POP1990": 0, "POP1995": 0, "POP2000": 0, "POP2005": 0, "POP2010": 0, "POP2015": 0, "POP2020": 0, "POP2025": 0, "POP2050": 0, "MIN_ZOOM": 6, "WIKIDATAID": "Q1458892", "WOF_ID": 1141909111, "CAPALT": 0, "NAME_EN": "Xangongo", "NAME_DE": "Xangongo", "NAME_ES": "Xangongo", "NAME_FR": "Xangongo", "NAME_PT": "Xangongo", "NAME_RU": "Ксангонго", "NAME_ZH": "桑貢戈", "LABEL": null, "NAME_AR": "زانغونغو", "NAME_BN": "শ্যাংগোংগো", "NAME_EL": "Ξανγκόνγκο", "NAME_HI": "जैंगोंगो", "NAME_HU": "Xangongo", "NAME_ID": "Xangongo", "NAME_IT": "Xangongo", "NAME_JA": "シャンゴンゴ", "NAME_KO": "샹공고", "NAME_NL": "Xangongo", "NAME_PL": "Xangongo", "NAME_SV": "Xangongo", "NAME_TR": "Xangongo", "NAME_VI": "Xangongo", "NE_ID": 1159149007, "NAME_FA": "شنگنگو", "NAME_HE": "קסנגונגו", "NAME_UK": "Ксангонго", "NAME_UR": "زینگوگو", "NAME_ZHT": "桑貢戈", "GEONAMESID": -1, "FCLASS_ISO": null, "FCLASS_US": null, "FCLASS_FR": null, "FCLASS_RU": null, "FCLASS_ES": null, "FCLASS_CN": null, "FCLASS_TW": null, "FCLASS_IN": null, "FCLASS_NP": null, "FCLASS_PK": null, "FCLASS_DE": null, "FCLASS_GB": null, "FCLASS_BR": null, "FCLASS_IL": null, "FCLASS_PS": null, "FCLASS_SA": null, "FCLASS_EG": null, "FCLASS_MA": null, "FCLASS_PT": null, "FCLASS_AR": null, "FCLASS_JP": null, "FCLASS_KO": null, "FCLASS_VN": null, "FCLASS_TR": null, "FCLASS_ID": null, "FCLASS_PL": null, "FCLASS_GR": null, "FCLASS_IT": null, "FCLASS_NL": null, "FCLASS_SE": null, "FCLASS_BD": null, "FCLASS_UA": null, "FCLASS_TLC": null}, "bbox": [14.96998, -16.740026, 14.96998, -16.740026], "geometry": {"type": "Point", "coordinates": [14.96998, -16.740026]}}, {"type": "Feature", "properties": {"SCALERANK": 6, "NATSCALE": 30, "LABELRANK": 7, "FEATURECLA": "Admin-1 capital", "NAME": "Molepolole", "NAMEPAR": null, "NAMEALT": null, "NAMEASCII": "Molepolole", "ADM0CAP": 0, "CAPIN": null, "WORLDCITY": 0, "MEGACITY": 0, "SOV0NAME": "Botswana", "SOV_A3": "BWA", "ADM0NAME": "Botswana", "ADM0_A3": "BWA", "ADM1NAME": "Kweneng", "ISO_A2": "BW", "NOTE": null, "LATITUDE": -24.399972, "LONGITUDE": 25.510009, "POP_MAX": 63248, "POP_MIN": 52178, "POP_OTHER": 0, "RANK_MAX": 8, "RANK_MIN": 8, "MEGANAME": null, "LS_NAME": "Molepolole", "MAX_POP10": 52178, "MAX_POP20": 52178, "MAX_POP50": 0, "MAX_POP300": 0, "MAX_POP310": 0, "MAX_NATSCA": 20, "MIN_AREAKM": 37, "MAX_AREAKM": 37, "MIN_AREAMI": 14, "MAX_AREAMI": 14, "MIN_PERKM": 48, "MAX_PERKM": 48, "MIN_PERMI": 30, "MAX_PERMI": 30, "MIN_BBXMIN": 25.458333, "MAX_BBXMIN": 25.458333, "MIN_BBXMAX": 25.575, "MAX_BBXMAX": 25.575, "MIN_BBYMIN": -24.425, "MAX_BBYMIN": -24.425, "MIN_BBYMAX": -24.375, "MAX_BBYMAX": -24.375, "MEAN_BBXC": 25.515691, "MEAN_BBYC": -24.400266, "TIMEZONE": "Africa/Gaborone", "UN_FID": 0, "POP1950": 0, "POP1955": 0, "POP1960": 0, "POP1965": 0, "POP1970": 0, "POP1975": 0, "POP1980": 0, "POP1985": 0, "POP1990": 0, "POP1995": 0, "POP2000": 0, "POP2005": 0, "POP2010": 0, "POP2015": 0, "POP2020": 0, "POP2025": 0, "POP2050": 0, "MIN_ZOOM": 6, "WIKIDATAID": "Q170725", "WOF_ID": 421197383, "CAPALT": 0, "NAME_EN": "Molepolole", "NAME_DE": "Molepolole", "NAME_ES": "Molepolole", "NAME_FR": "Molepolole", "NAME_PT": "Molepolole", "NAME_RU": "Молепололе", "NAME_ZH": "莫莱波洛莱", "LABEL": null, "NAME_AR": "مولبولولا", "NAME_BN": "মোলেপোলোলে", "NAME_EL": "Μολεπολόλε", "NAME_HI": "मोलेपोलोल", "NAME_HU": "Molepolole", "NAME_ID": "Molepolole", "NAME_IT": "Molepolole", "NAME_JA": "モレポロレ", "NAME_KO": "몰레폴롤레", "NAME_NL": "Molepolole", "NAME_PL": "Molepolole", "NAME_SV": "Molepolole", "NAME_TR": "Molepolole", "NAME_VI": "Molepolole", "NE_ID": 1159149057, "NAME_FA": "مولپولوله", "NAME_HE": "מולפולולה", "NAME_UK": "Молепололе", "NAME_UR": "مولیپولولی", "NAME_ZHT": "莫萊波洛萊", "GEONAMESID": 933305, "FCLASS_ISO": null, "FCLASS_US": null, "FCLASS_FR": null, "FCLASS_RU": null, "FCLASS_ES": null, "FCLASS_CN": null, "FCLASS_TW": null, "FCLASS_IN": null, "FCLASS_NP": null, "FCLASS_PK": null, "FCLASS_DE": null, "FCLASS_GB": null, "FCLASS_BR": null, "FCLASS_IL": null, "FCLASS_PS": null, "FCLASS_SA": null, "FCLASS_EG": null, "FCLASS_MA": null, "FCLASS_PT": null, "FCLASS_AR": null, "FCLASS_JP": null, "FCLASS_KO": null, "FCLASS_VN": null, "FCLASS_TR": null, "FCLASS_ID": null, "FCLASS_PL": null, "FCLASS_GR": null, "FCLASS_IT": null, "FCLASS_NL": null, "FCLASS_SE": null, "FCLASS_BD": null, "FCLASS_UA": null, "FCLASS_TLC": null}, "bbox": [25.510009, -24.399972, 25.510009, -24.399972], "geometry": {"type": "Point", "coordinates": [25.510009, -24.399972]}}, {"type": "Feature", "properties": {"SCALERANK": 4, "NATSCALE": 50, "LABELRANK": 6, "FEATURECLA": "Admin-1 capital", "NAME": "Livingstone", "NAMEPAR": null, "NAMEALT": null, "NAMEASCII": "Livingstone", "ADM0CAP": 0, "CAPIN": null, "WORLDCITY": 0, "MEGACITY": 0, "SOV0NAME": "Zambia", "SOV_A3": "ZMB", "ADM0NAME": "Zambia", "ADM0_A3": "ZMB", "ADM1NAME": "Southern", "ISO_A2": "ZM", "NOTE": null, "LATITUDE": -17.860009, "LONGITUDE": 25.860013, "POP_MAX": 165480, "POP_MIN": 109203, "POP_OTHER": 165642, "RANK_MAX": 9, "RANK_MIN": 9, "MEGANAME": null, "LS_NAME": "Livingstone", "MAX_POP10": 165480, "MAX_POP20": 165480, "MAX_POP50": 165480, "MAX_POP300": 0, "MAX_POP310": 0, "MAX_NATSCA": 50, "MIN_AREAKM": 33, "MAX_AREAKM": 33, "MIN_AREAMI": 13, "MAX_AREAMI": 13, "MIN_PERKM": 33, "MAX_PERKM": 33, "MIN_PERMI": 20, "MAX_PERMI": 20, "MIN_BBXMIN": 25.825, "MAX_BBXMIN": 25.825, "MIN_BBXMAX": 25.9, "MAX_BBXMAX": 25.9, "MIN_BBYMIN": -17.891667, "MAX_BBYMIN": -17.891667, "MIN_BBYMAX": -17.825, "MAX_BBYMAX": -17.825, "MEAN_BBXC": 25.862297, "MEAN_BBYC": -17.854167, "TIMEZONE": "Africa/Lusaka", "UN_FID": 0, "POP1950": 0, "POP1955": 0, "POP1960": 0, "POP1965": 0, "POP1970": 0, "POP1975": 0, "POP1980": 0, "POP1985": 0, "POP1990": 0, "POP1995": 0, "POP2000": 0, "POP2005": 0, "POP2010": 0, "POP2015": 0, "POP2020": 0, "POP2025": 0, "POP2050": 0, "MIN_ZOOM": 5.6, "WIKIDATAID": "Q1866604", "WOF_ID": 421173197, "CAPALT": 0, "NAME_EN": "Livingstone", "NAME_DE": "Livingstone", "NAME_ES": "Livingstone", "NAME_FR": "Livingstone", "NAME_PT": "Livingstone", "NAME_RU": "Ливингстон", "NAME_ZH": "利文斯顿", "LABEL": null, "NAME_AR": "ليفينغستون", "NAME_BN": "লিভংস্টোন", "NAME_EL": "Λίβινγκστον", "NAME_HI": "लिविंगस्टोन", "NAME_HU": "Livingstone", "NAME_ID": "Livingstone", "NAME_IT": "Livingstone", "NAME_JA": "リヴィングストン", "NAME_KO": "리빙스턴", "NAME_NL": "Livingstone", "NAME_PL": "Livingstone", "NAME_SV": "Livingstone", "NAME_TR": "Livingstone", "NAME_VI": "Livingstone", "NE_ID": 1159149361, "NAME_FA": "لیوینگستون", "NAME_HE": "ליווינגסטון", "NAME_UK": "Лівінгстон", "NAME_UR": "لیونگسٹون", "NAME_ZHT": "利文斯顿", "GEONAMESID": 910111, "FCLASS_ISO": null, "FCLASS_US": null, "FCLASS_FR": null, "FCLASS_RU": null, "FCLASS_ES": null, "FCLASS_CN": null, "FCLASS_TW": null, "FCLASS_IN": null, "FCLASS_NP": null, "FCLASS_PK": null, "FCLASS_DE": null, "FCLASS_GB": null, "FCLASS_BR": null, "FCLASS_IL": null, "FCLASS_PS": null, "FCLASS_SA": null, "FCLASS_EG": null, "FCLASS_MA": null, "FCLASS_PT": null, "FCLASS_AR": null, "FCLASS_JP": null, "FCLASS_KO": null, "FCLASS_VN": null, "FCLASS_TR": null, "FCLASS_ID": null, "FCLASS_PL": null, "FCLASS_GR": null, "FCLASS_IT": null, "FCLASS_NL": null, "FCLASS_SE": null, "FCLASS_BD": null, "FCLASS_UA": null, "FCLASS_TLC": null}, "bbox": [25.860013, -17.860009, 25.860013, -17.860009], "geometry": {"type": "Point", "coordinates": [25.860013, -17.860009]}}, {"type": "Feature", "properties": {"SCALERANK": 4, "NATSCALE": 50, "LABELRANK": 6, "FEATURECLA": "Populated place", "NAME": "Chitungwiza", "NAMEPAR": null, "NAMEALT": null, "NAMEASCII": "Chitungwiza", "ADM0CAP": 0, "CAPIN": null, "WORLDCITY": 0, "MEGACITY": 0, "SOV0NAME": "Zimbabwe", "SOV_A3": "ZWE", "ADM0NAME": "Zimbabwe", "ADM0_A3": "ZWE", "ADM1NAME": "Harare", "ISO_A2": "ZW", "NOTE": null, "LATITUDE": -18.000001, "LONGITUDE": 31.100003, "POP_MAX": 340360, "POP_MIN": 321782, "POP_OTHER": 7586, "RANK_MAX": 10, "RANK_MIN": 10, "MEGANAME": null, "LS_NAME": "Chitungwiza", "MAX_POP10": 100031, "MAX_POP20": 100031, "MAX_POP50": 100031, "MAX_POP300": 0, "MAX_POP310": 0, "MAX_NATSCA": 50, "MIN_AREAKM": 40, "MAX_AREAKM": 40, "MIN_AREAMI": 15, "MAX_AREAMI": 15, "MIN_PERKM": 38, "MAX_PERKM": 38, "MIN_PERMI": 24, "MAX_PERMI": 24, "MIN_BBXMIN": 31.025, "MAX_BBXMIN": 31.025, "MIN_BBXMAX": 31.125, "MAX_BBXMAX": 31.125, "MIN_BBYMIN": -18.041667, "MAX_BBYMIN": -18.041667, "MIN_BBYMAX": -17.975, "MAX_BBYMAX": -17.975, "MEAN_BBXC": 31.071854, "MEAN_BBYC": -18.010629, "TIMEZONE": "Africa/Harare", "UN_FID": 0, "POP1950": 0, "POP1955": 0, "POP1960": 0, "POP1965": 0, "POP1970": 0, "POP1975": 0, "POP1980": 0, "POP1985": 0, "POP1990": 0, "POP1995": 0, "POP2000": 0, "POP2005": 0, "POP2010": 0, "POP2015": 0, "POP2020": 0, "POP2025": 0, "POP2050": 0, "MIN_ZOOM": 5.6, "WIKIDATAID": "Q399119", "WOF_ID": 421174425, "CAPALT": 0, "NAME_EN": "Chitungwiza", "NAME_DE": "Chitungwiza", "NAME_ES": "Chitungwiza", "NAME_FR": "Chitungwiza", "NAME_PT": "Chitungwiza", "NAME_RU": "Читунгвиза", "NAME_ZH": "奇通圭扎", "LABEL": null, "NAME_AR": "تشيتونجويزا", "NAME_BN": "চিটাংবিজা", "NAME_EL": "Τσιτουνγκουίζα", "NAME_HI": "चितंगविजा", "NAME_HU": "Chitungwiza", "NAME_ID": "Chitungwiza", "NAME_IT": "Chitungwiza", "NAME_JA": "チトゥンギザ", "NAME_KO": "치팅귀자", "NAME_NL": "Chitungwiza", "NAME_PL": "Chitungwiza", "NAME_SV": "Chitungwiza", "NAME_TR": "Chitungwiza", "NAME_VI": "Chitungwiza", "NE_ID": 1159149363, "NAME_FA": "چیتونگ ویزا", "NAME_HE": "צ'יטונגוויזה", "NAME_UK": "Читунгвіза", "NAME_UR": "چیتونگویزا", "NAME_ZHT": "奇通圭扎", "GEONAMESID": 1106542, "FCLASS_ISO": null, "FCLASS_US": null, "FCLASS_FR": null, "FCLASS_RU": null, "FCLASS_ES": null, "FCLASS_CN": null, "FCLASS_TW": null, "FCLASS_IN": null, "FCLASS_NP": null, "FCLASS_PK": null, "FCLASS_DE": null, "FCLASS_GB": null, "FCLASS_BR": null, "FCLASS_IL": null, "FCLASS_PS": null, "FCLASS_SA": null, "FCLASS_EG": null, "FCLASS_MA": null, "FCLASS_PT": null, "FCLASS_AR": null, "FCLASS_JP": null, "FCLASS_KO": null, "FCLASS_VN": null, "FCLASS_TR": null, "FCLASS_ID": null, "FCLASS_PL": null, "FCLASS_GR": null, "FCLASS_IT": null, "FCLASS_NL": null, "FCLASS_SE": null, "FCLASS_BD": null, "FCLASS_UA": null, "FCLASS_TLC": null}, "bbox": [31.100003, -18.000001, 31.100003, -18.000001], "geometry": {"type": "Point", "coordinates": [31.100003, -18.000001]}}, {"type": "Feature", "properties": {"SCALERANK": 4, "NATSCALE": 50, "LABELRANK": 8, "FEATURECLA": "Admin-0 capital", "NAME": "Mbabane", "NAMEPAR": null, "NAMEALT": null, "NAMEASCII": "Mbabane", "ADM0CAP": 1, "CAPIN": "Administrative", "WORLDCITY": 0, "MEGACITY": 0, "SOV0NAME": "eSwatini", "SOV_A3": "SWZ", "ADM0NAME": "eSwatini", "ADM0_A3": "SWZ", "ADM1NAME": "Hhohho", "ISO_A2": "SZ", "NOTE": null, "LATITUDE": -26.316651, "LONGITUDE": 31.133335, "POP_MAX": 90138, "POP_MIN": 76218, "POP_OTHER": 89979, "RANK_MAX": 8, "RANK_MIN": 8, "MEGANAME": null, "LS_NAME": "Mbabane", "MAX_POP10": 90138, "MAX_POP20": 90138, "MAX_POP50": 90138, "MAX_POP300": 90138, "MAX_POP310": 0, "MAX_NATSCA": 100, "MIN_AREAKM": 28, "MAX_AREAKM": 28, "MIN_AREAMI": 11, "MAX_AREAMI": 11, "MIN_PERKM": 37, "MAX_PERKM": 37, "MIN_PERMI": 23, "MAX_PERMI": 23, "MIN_BBXMIN": 31.1, "MAX_BBXMIN": 31.1, "MIN_BBXMAX": 31.158333, "MAX_BBXMAX": 31.158333, "MIN_BBYMIN": -26.35, "MAX_BBYMIN": -26.35, "MIN_BBYMAX": -26.283333, "MAX_BBYMAX": -26.283333, "MEAN_BBXC": 31.129842, "MEAN_BBYC": -26.315428, "TIMEZONE": "Africa/Mbabane", "UN_FID": 0, "POP1950": 0, "POP1955": 0, "POP1960": 0, "POP1965": 0, "POP1970": 0, "POP1975": 0, "POP1980": 0, "POP1985": 0, "POP1990": 0, "POP1995": 0, "POP2000": 0, "POP2005": 0, "POP2010": 0, "POP2015": 0, "POP2020": 0, "POP2025": 0, "POP2050": 0, "MIN_ZOOM": 5.6, "WIKIDATAID": "Q3904", "WOF_ID": 421203091, "CAPALT": 0, "NAME_EN": "Mbabane", "NAME_DE": "Mbabane", "NAME_ES": "Mbabane", "NAME_FR": "Mbabane", "NAME_PT": "Mebabane", "NAME_RU": "Мбабане", "NAME_ZH": "墨巴本", "LABEL": null, "NAME_AR": "مبابان", "NAME_BN": "অম্বাবানে", "NAME_EL": "Μπαμπάνε", "NAME_HI": "बाबाने", "NAME_HU": "Mbabane", "NAME_ID": "Mbabane", "NAME_IT": "Mbabane", "NAME_JA": "ムババーネ", "NAME_KO": "음바바네", "NAME_NL": "Mbabane", "NAME_PL": "Mbabane", "NAME_SV": "Mbabane", "NAME_TR": "Mbabane", "NAME_VI": "Mbabane", "NE_ID": 1159149413, "NAME_FA": "مبابانه", "NAME_HE": "מבבנה", "NAME_UK": "Мбабане", "NAME_UR": "مبابنے", "NAME_ZHT": "墨巴本", "GEONAMESID": 934985, "FCLASS_ISO": null, "FCLASS_US": null, "FCLASS_FR": null, "FCLASS_RU": null, "FCLASS_ES": null, "FCLASS_CN": null, "FCLASS_TW": null, "FCLASS_IN": null, "FCLASS_NP": null, "FCLASS_PK": null, "FCLASS_DE": null, "FCLASS_GB": null, "FCLASS_BR": null, "FCLASS_IL": null, "FCLASS_PS": null, "FCLASS_SA": null, "FCLASS_EG": null, "FCLASS_MA": null, "FCLASS_PT": null, "FCLASS_AR": null, "FCLASS_JP": null, "FCLASS_KO": null, "FCLASS_VN": null, "FCLASS_TR": null, "FCLASS_ID": null, "FCLASS_PL": null, "FCLASS_GR": null, "FCLASS_IT": null, "FCLASS_NL": null, "FCLASS_SE": null, "FCLASS_BD": null, "FCLASS_UA": null, "FCLASS_TLC": null}, "bbox": [31.133335, -26.316651, 31.133335, -26.316651], "geometry": {"type": "Point", "coordinates": [31.133335, -26.316651]}}, {"type": "Feature", "properties": {"SCALERANK": 4, "NATSCALE": 50, "LABELRANK": 3, "FEATURECLA": "Populated place", "NAME": "Springbok", "NAMEPAR": null, "NAMEALT": null, "NAMEASCII": "Springbok", "ADM0CAP": 0, "CAPIN": null, "WORLDCITY": 0, "MEGACITY": 0, "SOV0NAME": "South Africa", "SOV_A3": "ZAF", "ADM0NAME": "South Africa", "ADM0_A3": "ZAF", "ADM1NAME": "Northern Cape", "ISO_A2": "ZA", "NOTE": null, "LATITUDE": -29.666731, "LONGITUDE": 17.883291, "POP_MAX": 10438, "POP_MIN": 2809, "POP_OTHER": 0, "RANK_MAX": 6, "RANK_MIN": 4, "MEGANAME": null, "LS_NAME": "Springbok", "MAX_POP10": 2809, "MAX_POP20": 1445, "MAX_POP50": 1445, "MAX_POP300": 0, "MAX_POP310": 0, "MAX_NATSCA": 50, "MIN_AREAKM": 1, "MAX_AREAKM": 2, "MIN_AREAMI": 1, "MAX_AREAMI": 1, "MIN_PERKM": 5, "MAX_PERKM": 9, "MIN_PERMI": 3, "MAX_PERMI": 5, "MIN_BBXMIN": 17.866667, "MAX_BBXMIN": 17.883333, "MIN_BBXMAX": 17.891667, "MAX_BBXMAX": 17.891667, "MIN_BBYMIN": -29.675, "MAX_BBYMIN": -29.675, "MIN_BBYMAX": -29.658333, "MAX_BBYMAX": -29.658333, "MEAN_BBXC": 17.885648, "MEAN_BBYC": -29.66713, "TIMEZONE": "Africa/Johannesburg", "UN_FID": 0, "POP1950": 0, "POP1955": 0, "POP1960": 0, "POP1965": 0, "POP1970": 0, "POP1975": 0, "POP1980": 0, "POP1985": 0, "POP1990": 0, "POP1995": 0, "POP2000": 0, "POP2005": 0, "POP2010": 0, "POP2015": 0, "POP2020": 0, "POP2025": 0, "POP2050": 0, "MIN_ZOOM": 5.6, "WIKIDATAID": "Q2301363", "WOF_ID": 1141909189, "CAPALT": 0, "NAME_EN": "Springbok", "NAME_DE": "Springbok", "NAME_ES": "Springbok", "NAME_FR": "Springbok", "NAME_PT": "Springbok", "NAME_RU": "Спрингбок", "NAME_ZH": "斯普林博克", "LABEL": null, "NAME_AR": "سبرينغبوك", "NAME_BN": "স্প্রিংবক", "NAME_EL": "Σπρίνγκμποκ", "NAME_HI": "स्प्रिंगबोक", "NAME_HU": "Springbok", "NAME_ID": "Springbok", "NAME_IT": "Springbok", "NAME_JA": "スプリングボック", "NAME_KO": "스프링보크", "NAME_NL": "Springbok", "NAME_PL": "Springbok", "NAME_SV": "Springbok", "NAME_TR": "Springbok", "NAME_VI": "Springbok", "NE_ID": 1159149475, "NAME_FA": "اسپرینگبوک", "NAME_HE": "ספרינגבוק", "NAME_UK": "Спрінгбок", "NAME_UR": "سپرنگبک", "NAME_ZHT": "斯普林博克", "GEONAMESID": 3361142, "FCLASS_ISO": null, "FCLASS_US": null, "FCLASS_FR": null, "FCLASS_RU": null, "FCLASS_ES": null, "FCLASS_CN": null, "FCLASS_TW": null, "FCLASS_IN": null, "FCLASS_NP": null, "FCLASS_PK": null, "FCLASS_DE": null, "FCLASS_GB": null, "FCLASS_BR": null, "FCLASS_IL": null, "FCLASS_PS": null, "FCLASS_SA": null, "FCLASS_EG": null, "FCLASS_MA": null, "FCLASS_PT": null, "FCLASS_AR": null, "FCLASS_JP": null, "FCLASS_KO": null, "FCLASS_VN": null, "FCLASS_TR": null, "FCLASS_ID": null, "FCLASS_PL": null, "FCLASS_GR": null, "FCLASS_IT": null, "FCLASS_NL": null, "FCLASS_SE": null, "FCLASS_BD": null, "FCLASS_UA": null, "FCLASS_TLC": null}, "bbox": [17.883291, -29.66673, 17.883291, -29.66673], "geometry": {"type": "Point", "coordinates": [17.883291, -29.66673]}}, {"type": "Feature", "properties": {"SCALERANK": 4, "NATSCALE": 50, "LABELRANK": 3, "FEATURECLA": "Populated place", "NAME": "Upington", "NAMEPAR": null, "NAMEALT": null, "NAMEASCII": "Upington", "ADM0CAP": 0, "CAPIN": null, "WORLDCITY": 0, "MEGACITY": 0, "SOV0NAME": "South Africa", "SOV_A3": "ZAF", "ADM0NAME": "South Africa", "ADM0_A3": "ZAF", "ADM1NAME": "Northern Cape", "ISO_A2": "ZA", "NOTE": null, "LATITUDE": -28.460034, "LONGITUDE": 21.230011, "POP_MAX": 71373, "POP_MIN": 52799, "POP_OTHER": 52799, "RANK_MAX": 8, "RANK_MIN": 8, "MEGANAME": null, "LS_NAME": "Upington", "MAX_POP10": 52799, "MAX_POP20": 52799, "MAX_POP50": 52799, "MAX_POP300": 0, "MAX_POP310": 0, "MAX_NATSCA": 50, "MIN_AREAKM": 26, "MAX_AREAKM": 26, "MIN_AREAMI": 10, "MAX_AREAMI": 10, "MIN_PERKM": 28, "MAX_PERKM": 28, "MIN_PERMI": 18, "MAX_PERMI": 18, "MIN_BBXMIN": 21.208333, "MAX_BBXMIN": 21.208333, "MIN_BBXMAX": 21.291667, "MAX_BBXMAX": 21.291667, "MIN_BBYMIN": -28.483333, "MAX_BBYMIN": -28.483333, "MIN_BBYMAX": -28.433333, "MAX_BBYMAX": -28.433333, "MEAN_BBXC": 21.243382, "MEAN_BBYC": -28.452451, "TIMEZONE": "Africa/Johannesburg", "UN_FID": 0, "POP1950": 0, "POP1955": 0, "POP1960": 0, "POP1965": 0, "POP1970": 0, "POP1975": 0, "POP1980": 0, "POP1985": 0, "POP1990": 0, "POP1995": 0, "POP2000": 0, "POP2005": 0, "POP2010": 0, "POP2015": 0, "POP2020": 0, "POP2025": 0, "POP2050": 0, "MIN_ZOOM": 5.6, "WIKIDATAID": "Q575780", "WOF_ID": 1141909193, "CAPALT": 0, "NAME_EN": "Upington", "NAME_DE": "Upington", "NAME_ES": "Upington", "NAME_FR": "Upington", "NAME_PT": "Upington", "NAME_RU": "Апингтон", "NAME_ZH": "乌平通", "LABEL": null, "NAME_AR": "آبنغتون", "NAME_BN": "আপিংটন", "NAME_EL": "Άπινγκτον", "NAME_HI": "अपिंगटन", "NAME_HU": "Upington", "NAME_ID": "Upington", "NAME_IT": "Upington", "NAME_JA": "アピントン", "NAME_KO": "어핑턴", "NAME_NL": "Upington", "NAME_PL": "Upington", "NAME_SV": "Upington", "NAME_TR": "Upington", "NAME_VI": "Upington", "NE_ID": 1159149477, "NAME_FA": "اوپینگتون", "NAME_HE": "אופינגטון", "NAME_UK": "Апінгтон", "NAME_UR": "وپینجتون", "NAME_ZHT": "烏平通", "GEONAMESID": 945945, "FCLASS_ISO": null, "FCLASS_US": null, "FCLASS_FR": null, "FCLASS_RU": null, "FCLASS_ES": null, "FCLASS_CN": null, "FCLASS_TW": null, "FCLASS_IN": null, "FCLASS_NP": null, "FCLASS_PK": null, "FCLASS_DE": null, "FCLASS_GB": null, "FCLASS_BR": null, "FCLASS_IL": null, "FCLASS_PS": null, "FCLASS_SA": null, "FCLASS_EG": null, "FCLASS_MA": null, "FCLASS_PT": null, "FCLASS_AR": null, "FCLASS_JP": null, "FCLASS_KO": null, "FCLASS_VN": null, "FCLASS_TR": null, "FCLASS_ID": null, "FCLASS_PL": null, "FCLASS_GR": null, "FCLASS_IT": null, "FCLASS_NL": null, "FCLASS_SE": null, "FCLASS_BD": null, "FCLASS_UA": null, "FCLASS_TLC": null}, "bbox": [21.230011, -28.460034, 21.230011, -28.460034], "geometry": {"type": "Point", "coordinates": [21.230011, -28.460034]}}, {"type": "Feature", "properties": {"SCALERANK": 4, "NATSCALE": 50, "LABELRANK": 3, "FEATURECLA": "Populated place", "NAME": "Worcester", "NAMEPAR": null, "NAMEALT": null, "NAMEASCII": "Worcester", "ADM0CAP": 0, "CAPIN": null, "WORLDCITY": 0, "MEGACITY": 0, "SOV0NAME": "South Africa", "SOV_A3": "ZAF", "ADM0NAME": "South Africa", "ADM0_A3": "ZAF", "ADM1NAME": "Western Cape", "ISO_A2": "ZA", "NOTE": null, "LATITUDE": -33.640028, "LONGITUDE": 19.43994, "POP_MAX": 127597, "POP_MIN": 90803, "POP_OTHER": 90653, "RANK_MAX": 9, "RANK_MIN": 8, "MEGANAME": null, "LS_NAME": "Worcester2", "MAX_POP10": 90803, "MAX_POP20": 90803, "MAX_POP50": 90803, "MAX_POP300": 0, "MAX_POP310": 0, "MAX_NATSCA": 50, "MIN_AREAKM": 30, "MAX_AREAKM": 30, "MIN_AREAMI": 12, "MAX_AREAMI": 12, "MIN_PERKM": 36, "MAX_PERKM": 36, "MIN_PERMI": 22, "MAX_PERMI": 22, "MIN_BBXMIN": 19.408333, "MAX_BBXMIN": 19.408333, "MIN_BBXMAX": 19.5, "MAX_BBXMAX": 19.5, "MIN_BBYMIN": -33.683333, "MAX_BBYMIN": -33.683333, "MIN_BBYMAX": -33.616667, "MAX_BBYMAX": -33.616667, "MEAN_BBXC": 19.452579, "MEAN_BBYC": -33.647222, "TIMEZONE": "Africa/Johannesburg", "UN_FID": 0, "POP1950": 0, "POP1955": 0, "POP1960": 0, "POP1965": 0, "POP1970": 0, "POP1975": 0, "POP1980": 0, "POP1985": 0, "POP1990": 0, "POP1995": 0, "POP2000": 0, "POP2005": 0, "POP2010": 0, "POP2015": 0, "POP2020": 0, "POP2025": 0, "POP2050": 0, "MIN_ZOOM": 5.6, "WIKIDATAID": "Q1025649", "WOF_ID": 101928005, "CAPALT": 0, "NAME_EN": "Worcester", "NAME_DE": "Worcester", "NAME_ES": "Worcester", "NAME_FR": "Worcester", "NAME_PT": "Worcester", "NAME_RU": "Вустер", "NAME_ZH": "伍斯特", "LABEL": null, "NAME_AR": "وورسيستر", "NAME_BN": "উরসেস্টার", "NAME_EL": "Γουόρσεστερ", "NAME_HI": "वर्सस्टर", "NAME_HU": "Worcester", "NAME_ID": "Worcester", "NAME_IT": "Worcester", "NAME_JA": "ウースター", "NAME_KO": "우스터", "NAME_NL": "Worcester", "NAME_PL": "Worcester", "NAME_SV": "Worcester", "NAME_TR": "Worcester", "NAME_VI": "Worcester", "NE_ID": 1159149479, "NAME_FA": "ووستر", "NAME_HE": "ווסטר", "NAME_UK": "Вустер", "NAME_UR": "وورسیسٹر", "NAME_ZHT": "伍斯特", "GEONAMESID": 3359041, "FCLASS_ISO": null, "FCLASS_US": null, "FCLASS_FR": null, "FCLASS_RU": null, "FCLASS_ES": null, "FCLASS_CN": null, "FCLASS_TW": null, "FCLASS_IN": null, "FCLASS_NP": null, "FCLASS_PK": null, "FCLASS_DE": null, "FCLASS_GB": null, "FCLASS_BR": null, "FCLASS_IL": null, "FCLASS_PS": null, "FCLASS_SA": null, "FCLASS_EG": null, "FCLASS_MA": null, "FCLASS_PT": null, "FCLASS_AR": null, "FCLASS_JP": null, "FCLASS_KO": null, "FCLASS_VN": null, "FCLASS_TR": null, "FCLASS_ID": null, "FCLASS_PL": null, "FCLASS_GR": null, "FCLASS_IT": null, "FCLASS_NL": null, "FCLASS_SE": null, "FCLASS_BD": null, "FCLASS_UA": null, "FCLASS_TLC": null}, "bbox": [19.43994, -33.640028, 19.43994, -33.640028], "geometry": {"type": "Point", "coordinates": [19.43994, -33.640028]}}, {"type": "Feature", "properties": {"SCALERANK": 4, "NATSCALE": 50, "LABELRANK": 3, "FEATURECLA": "Populated place", "NAME": "George", "NAMEPAR": null, "NAMEALT": null, "NAMEASCII": "George", "ADM0CAP": 0, "CAPIN": null, "WORLDCITY": 0, "MEGACITY": 0, "SOV0NAME": "South Africa", "SOV_A3": "ZAF", "ADM0NAME": "South Africa", "ADM0_A3": "ZAF", "ADM1NAME": "Western Cape", "ISO_A2": "ZA", "NOTE": null, "LATITUDE": -33.950035, "LONGITUDE": 22.45004, "POP_MAX": 174582, "POP_MIN": 113248, "POP_OTHER": 112941, "RANK_MAX": 9, "RANK_MIN": 9, "MEGANAME": null, "LS_NAME": "George", "MAX_POP10": 113248, "MAX_POP20": 113248, "MAX_POP50": 113248, "MAX_POP300": 0, "MAX_POP310": 0, "MAX_NATSCA": 50, "MIN_AREAKM": 51, "MAX_AREAKM": 51, "MIN_AREAMI": 20, "MAX_AREAMI": 20, "MIN_PERKM": 60, "MAX_PERKM": 60, "MIN_PERMI": 37, "MAX_PERMI": 37, "MIN_BBXMIN": 22.4, "MAX_BBXMIN": 22.4, "MIN_BBXMAX": 22.541667, "MAX_BBXMAX": 22.541667, "MIN_BBYMIN": -34.008333, "MAX_BBYMIN": -34.008333, "MIN_BBYMAX": -33.933333, "MAX_BBYMAX": -33.933333, "MEAN_BBXC": 22.469444, "MEAN_BBYC": -33.96713, "TIMEZONE": "Africa/Johannesburg", "UN_FID": 0, "POP1950": 0, "POP1955": 0, "POP1960": 0, "POP1965": 0, "POP1970": 0, "POP1975": 0, "POP1980": 0, "POP1985": 0, "POP1990": 0, "POP1995": 0, "POP2000": 0, "POP2005": 0, "POP2010": 0, "POP2015": 0, "POP2020": 0, "POP2025": 0, "POP2050": 0, "MIN_ZOOM": 5.6, "WIKIDATAID": "Q370456", "WOF_ID": 101928063, "CAPALT": 0, "NAME_EN": "George", "NAME_DE": "George", "NAME_ES": "George", "NAME_FR": "George", "NAME_PT": "George", "NAME_RU": "Джордж", "NAME_ZH": "喬治", "LABEL": null, "NAME_AR": "جورج", "NAME_BN": "জর্জ", "NAME_EL": "Τζορτζ", "NAME_HI": "जॉर्ज", "NAME_HU": "George", "NAME_ID": "George", "NAME_IT": "George", "NAME_JA": "ジョージ", "NAME_KO": "조지", "NAME_NL": "George", "NAME_PL": "George", "NAME_SV": "George", "NAME_TR": "George", "NAME_VI": "George", "NE_ID": 1159149481, "NAME_FA": "جورج", "NAME_HE": "ג'ורג'", "NAME_UK": "Джордж", "NAME_UR": "جارج", "NAME_ZHT": "喬治", "GEONAMESID": 1002145, "FCLASS_ISO": null, "FCLASS_US": null, "FCLASS_FR": null, "FCLASS_RU": null, "FCLASS_ES": null, "FCLASS_CN": null, "FCLASS_TW": null, "FCLASS_IN": null, "FCLASS_NP": null, "FCLASS_PK": null, "FCLASS_DE": null, "FCLASS_GB": null, "FCLASS_BR": null, "FCLASS_IL": null, "FCLASS_PS": null, "FCLASS_SA": null, "FCLASS_EG": null, "FCLASS_MA": null, "FCLASS_PT": null, "FCLASS_AR": null, "FCLASS_JP": null, "FCLASS_KO": null, "FCLASS_VN": null, "FCLASS_TR": null, "FCLASS_ID": null, "FCLASS_PL": null, "FCLASS_GR": null, "FCLASS_IT": null, "FCLASS_NL": null, "FCLASS_SE": null, "FCLASS_BD": null, "FCLASS_UA": null, "FCLASS_TLC": null}, "bbox": [22.45004, -33.950035, 22.45004, -33.950035], "geometry": {"type": "Point", "coordinates": [22.45004, -33.950035]}}, {"type": "Feature", "properties": {"SCALERANK": 4, "NATSCALE": 50, "LABELRANK": 6, "FEATURECLA": "Admin-1 capital", "NAME": "Tete", "NAMEPAR": null, "NAMEALT": null, "NAMEASCII": "Tete", "ADM0CAP": 0, "CAPIN": null, "WORLDCITY": 0, "MEGACITY": 0, "SOV0NAME": "Mozambique", "SOV_A3": "MOZ", "ADM0NAME": "Mozambique", "ADM0_A3": "MOZ", "ADM1NAME": "Tete", "ISO_A2": "MZ", "NOTE": null, "LATITUDE": -16.170035, "LONGITUDE": 33.580007, "POP_MAX": 129316, "POP_MIN": 115050, "POP_OTHER": 115050, "RANK_MAX": 9, "RANK_MIN": 9, "MEGANAME": null, "LS_NAME": "Tete", "MAX_POP10": 115050, "MAX_POP20": 115050, "MAX_POP50": 115050, "MAX_POP300": 0, "MAX_POP310": 0, "MAX_NATSCA": 50, "MIN_AREAKM": 29, "MAX_AREAKM": 29, "MIN_AREAMI": 11, "MAX_AREAMI": 11, "MIN_PERKM": 36, "MAX_PERKM": 36, "MIN_PERMI": 23, "MAX_PERMI": 23, "MIN_BBXMIN": 33.558333, "MAX_BBXMIN": 33.558333, "MIN_BBXMAX": 33.633333, "MAX_BBXMAX": 33.633333, "MIN_BBYMIN": -16.191667, "MAX_BBYMIN": -16.191667, "MIN_BBYMAX": -16.116667, "MAX_BBYMAX": -16.116667, "MEAN_BBXC": 33.593452, "MEAN_BBYC": -16.154881, "TIMEZONE": "Africa/Maputo", "UN_FID": 0, "POP1950": 0, "POP1955": 0, "POP1960": 0, "POP1965": 0, "POP1970": 0, "POP1975": 0, "POP1980": 0, "POP1985": 0, "POP1990": 0, "POP1995": 0, "POP2000": 0, "POP2005": 0, "POP2010": 0, "POP2015": 0, "POP2020": 0, "POP2025": 0, "POP2050": 0, "MIN_ZOOM": 5.6, "WIKIDATAID": "Q388242", "WOF_ID": 421176931, "CAPALT": 0, "NAME_EN": "Tete", "NAME_DE": "Tete", "NAME_ES": "Tete", "NAME_FR": "Tete", "NAME_PT": "Tete", "NAME_RU": "Тете", "NAME_ZH": "太特", "LABEL": null, "NAME_AR": "تيتي", "NAME_BN": "তেতে", "NAME_EL": "Τέτε", "NAME_HI": "तेते", "NAME_HU": "Tete", "NAME_ID": "Tete", "NAME_IT": "Tete", "NAME_JA": "テテ", "NAME_KO": "테트", "NAME_NL": "Tete", "NAME_PL": "Tete", "NAME_SV": "Tete", "NAME_TR": "Tete", "NAME_VI": "Tete", "NE_ID": 1159149485, "NAME_FA": "تته", "NAME_HE": "טטה", "NAME_UK": "Тете", "NAME_UR": "تیتے", "NAME_ZHT": "太特", "GEONAMESID": 1026014, "FCLASS_ISO": null, "FCLASS_US": null, "FCLASS_FR": null, "FCLASS_RU": null, "FCLASS_ES": null, "FCLASS_CN": null, "FCLASS_TW": null, "FCLASS_IN": null, "FCLASS_NP": null, "FCLASS_PK": null, "FCLASS_DE": null, "FCLASS_GB": null, "FCLASS_BR": null, "FCLASS_IL": null, "FCLASS_PS": null, "FCLASS_SA": null, "FCLASS_EG": null, "FCLASS_MA": null, "FCLASS_PT": null, "FCLASS_AR": null, "FCLASS_JP": null, "FCLASS_KO": null, "FCLASS_VN": null, "FCLASS_TR": null, "FCLASS_ID": null, "FCLASS_PL": null, "FCLASS_GR": null, "FCLASS_IT": null, "FCLASS_NL": null, "FCLASS_SE": null, "FCLASS_BD": null, "FCLASS_UA": null, "FCLASS_TLC": null}, "bbox": [33.580007, -16.170035, 33.580007, -16.170035], "geometry": {"type": "Point", "coordinates": [33.580007, -16.170035]}}, {"type": "Feature", "properties": {"SCALERANK": 4, "NATSCALE": 50, "LABELRANK": 3, "FEATURECLA": "Populated place", "NAME": "Welkom", "NAMEPAR": null, "NAMEALT": null, "NAMEASCII": "Welkom", "ADM0CAP": 0, "CAPIN": null, "WORLDCITY": 0, "MEGACITY": 0, "SOV0NAME": "South Africa", "SOV_A3": "ZAF", "ADM0NAME": "South Africa", "ADM0_A3": "ZAF", "ADM1NAME": "Orange Free State", "ISO_A2": "ZA", "NOTE": null, "LATITUDE": -27.969987, "LONGITUDE": 26.729986, "POP_MAX": 431944, "POP_MIN": 126079, "POP_OTHER": 124496, "RANK_MAX": 10, "RANK_MIN": 9, "MEGANAME": null, "LS_NAME": "Welkom", "MAX_POP10": 126079, "MAX_POP20": 0, "MAX_POP50": 0, "MAX_POP300": 0, "MAX_POP310": 0, "MAX_NATSCA": 10, "MIN_AREAKM": 69, "MAX_AREAKM": 69, "MIN_AREAMI": 27, "MAX_AREAMI": 27, "MIN_PERKM": 63, "MAX_PERKM": 63, "MIN_PERMI": 39, "MAX_PERMI": 39, "MIN_BBXMIN": 26.691667, "MAX_BBXMIN": 26.691667, "MIN_BBXMAX": 26.833333, "MAX_BBXMAX": 26.833333, "MIN_BBYMIN": -28.025, "MAX_BBYMIN": -28.025, "MIN_BBYMAX": -27.933333, "MAX_BBYMAX": -27.933333, "MEAN_BBXC": 26.756639, "MEAN_BBYC": -27.973031, "TIMEZONE": "Africa/Johannesburg", "UN_FID": 0, "POP1950": 0, "POP1955": 0, "POP1960": 0, "POP1965": 0, "POP1970": 0, "POP1975": 0, "POP1980": 0, "POP1985": 0, "POP1990": 0, "POP1995": 0, "POP2000": 0, "POP2005": 0, "POP2010": 0, "POP2015": 0, "POP2020": 0, "POP2025": 0, "POP2050": 0, "MIN_ZOOM": 5.1, "WIKIDATAID": "Q1015631", "WOF_ID": 101926749, "CAPALT": 0, "NAME_EN": "Welkom", "NAME_DE": "Welkom", "NAME_ES": "Welkom", "NAME_FR": "Welkom", "NAME_PT": "Welkom", "NAME_RU": "Велком", "NAME_ZH": "韦尔科姆", "LABEL": null, "NAME_AR": "ولكوم", "NAME_BN": "ওয়েলকম", "NAME_EL": "Γουέλκομ", "NAME_HI": "वेलकम", "NAME_HU": "Welkom", "NAME_ID": "Welkom", "NAME_IT": "Welkom", "NAME_JA": "ウェルコム", "NAME_KO": "웰콤", "NAME_NL": "Welkom", "NAME_PL": "Welkom", "NAME_SV": "Welkom", "NAME_TR": "Welkom", "NAME_VI": "Welkom", "NE_ID": 1159149491, "NAME_FA": "ولکوم", "NAME_HE": "ולקום", "NAME_UK": "Велком", "NAME_UR": "ویلکوم", "NAME_ZHT": "魏爾康", "GEONAMESID": 940909, "FCLASS_ISO": null, "FCLASS_US": null, "FCLASS_FR": null, "FCLASS_RU": null, "FCLASS_ES": null, "FCLASS_CN": null, "FCLASS_TW": null, "FCLASS_IN": null, "FCLASS_NP": null, "FCLASS_PK": null, "FCLASS_DE": null, "FCLASS_GB": null, "FCLASS_BR": null, "FCLASS_IL": null, "FCLASS_PS": null, "FCLASS_SA": null, "FCLASS_EG": null, "FCLASS_MA": null, "FCLASS_PT": null, "FCLASS_AR": null, "FCLASS_JP": null, "FCLASS_KO": null, "FCLASS_VN": null, "FCLASS_TR": null, "FCLASS_ID": null, "FCLASS_PL": null, "FCLASS_GR": null, "FCLASS_IT": null, "FCLASS_NL": null, "FCLASS_SE": null, "FCLASS_BD": null, "FCLASS_UA": null, "FCLASS_TLC": null}, "bbox": [26.729986, -27.969987, 26.729986, -27.969987], "geometry": {"type": "Point", "coordinates": [26.729986, -27.969987]}}, {"type": "Feature", "properties": {"SCALERANK": 4, "NATSCALE": 50, "LABELRANK": 6, "FEATURECLA": "Admin-1 capital", "NAME": "Xai-Xai", "NAMEPAR": null, "NAMEALT": null, "NAMEASCII": "Xai-Xai", "ADM0CAP": 0, "CAPIN": null, "WORLDCITY": 0, "MEGACITY": 0, "SOV0NAME": "Mozambique", "SOV_A3": "MOZ", "ADM0NAME": "Mozambique", "ADM0_A3": "MOZ", "ADM1NAME": "Gaza", "ISO_A2": "MZ", "NOTE": null, "LATITUDE": -25.039985, "LONGITUDE": 33.640003, "POP_MAX": 128805, "POP_MIN": 127366, "POP_OTHER": 128805, "RANK_MAX": 9, "RANK_MIN": 9, "MEGANAME": null, "LS_NAME": "Xai-Xai", "MAX_POP10": 128805, "MAX_POP20": 128805, "MAX_POP50": 128805, "MAX_POP300": 0, "MAX_POP310": 0, "MAX_NATSCA": 50, "MIN_AREAKM": 25, "MAX_AREAKM": 25, "MIN_AREAMI": 10, "MAX_AREAMI": 10, "MIN_PERKM": 32, "MAX_PERKM": 32, "MIN_PERMI": 20, "MAX_PERMI": 20, "MIN_BBXMIN": 33.625, "MAX_BBXMIN": 33.625, "MIN_BBXMAX": 33.716667, "MAX_BBXMAX": 33.716667, "MIN_BBYMIN": -25.066667, "MAX_BBYMIN": -25.066667, "MIN_BBYMAX": -25.025, "MAX_BBYMAX": -25.025, "MEAN_BBXC": 33.667969, "MEAN_BBYC": -25.048438, "TIMEZONE": "Africa/Maputo", "UN_FID": 0, "POP1950": 0, "POP1955": 0, "POP1960": 0, "POP1965": 0, "POP1970": 0, "POP1975": 0, "POP1980": 0, "POP1985": 0, "POP1990": 0, "POP1995": 0, "POP2000": 0, "POP2005": 0, "POP2010": 0, "POP2015": 0, "POP2020": 0, "POP2025": 0, "POP2050": 0, "MIN_ZOOM": 5.6, "WIKIDATAID": "Q318299", "WOF_ID": 421199657, "CAPALT": 0, "NAME_EN": "Xai-Xai", "NAME_DE": "Xai-Xai", "NAME_ES": "Xai-Xai", "NAME_FR": "Xai-Xai", "NAME_PT": "Xai-Xai", "NAME_RU": "Шаи-Шаи", "NAME_ZH": "赛赛", "LABEL": null, "NAME_AR": "خاي خاي", "NAME_BN": "সাই-সাই", "NAME_EL": "Σάι-Σάι", "NAME_HI": "ज़ैई-ज़ैई", "NAME_HU": "Xai-Xai", "NAME_ID": "Xai-Xai", "NAME_IT": "Xai-Xai", "NAME_JA": "シャイシャイ", "NAME_KO": "샤이샤이", "NAME_NL": "Xai-Xai", "NAME_PL": "Xai-Xai", "NAME_SV": "Xai-Xai", "NAME_TR": "Xai-Xai", "NAME_VI": "Xai-Xai", "NE_ID": 1159149493, "NAME_FA": "شای-شای", "NAME_HE": "קסאי-קסאי", "NAME_UK": "Шаї-Шаї", "NAME_UR": "شای-شای", "NAME_ZHT": "賽賽", "GEONAMESID": 1024552, "FCLASS_ISO": null, "FCLASS_US": null, "FCLASS_FR": null, "FCLASS_RU": null, "FCLASS_ES": null, "FCLASS_CN": null, "FCLASS_TW": null, "FCLASS_IN": null, "FCLASS_NP": null, "FCLASS_PK": null, "FCLASS_DE": null, "FCLASS_GB": null, "FCLASS_BR": null, "FCLASS_IL": null, "FCLASS_PS": null, "FCLASS_SA": null, "FCLASS_EG": null, "FCLASS_MA": null, "FCLASS_PT": null, "FCLASS_AR": null, "FCLASS_JP": null, "FCLASS_KO": null, "FCLASS_VN": null, "FCLASS_TR": null, "FCLASS_ID": null, "FCLASS_PL": null, "FCLASS_GR": null, "FCLASS_IT": null, "FCLASS_NL": null, "FCLASS_SE": null, "FCLASS_BD": null, "FCLASS_UA": null, "FCLASS_TLC": null}, "bbox": [33.640003, -25.039984, 33.640003, -25.039984], "geometry": {"type": "Point", "coordinates": [33.640003, -25.039984]}}, {"type": "Feature", "properties": {"SCALERANK": 4, "NATSCALE": 50, "LABELRANK": 3, "FEATURECLA": "Populated place", "NAME": "East London", "NAMEPAR": null, "NAMEALT": null, "NAMEASCII": "East London", "ADM0CAP": 0, "CAPIN": null, "WORLDCITY": 0, "MEGACITY": 0, "SOV0NAME": "South Africa", "SOV_A3": "ZAF", "ADM0NAME": "South Africa", "ADM0_A3": "ZAF", "ADM1NAME": "Eastern Cape", "ISO_A2": "ZA", "NOTE": null, "LATITUDE": -32.970043, "LONGITUDE": 27.87002, "POP_MAX": 338627, "POP_MIN": 338627, "POP_OTHER": 254006, "RANK_MAX": 10, "RANK_MIN": 10, "MEGANAME": null, "LS_NAME": "East London", "MAX_POP10": 338627, "MAX_POP20": 338627, "MAX_POP50": 338627, "MAX_POP300": 0, "MAX_POP310": 0, "MAX_NATSCA": 50, "MIN_AREAKM": 153, "MAX_AREAKM": 153, "MIN_AREAMI": 59, "MAX_AREAMI": 59, "MIN_PERKM": 189, "MAX_PERKM": 189, "MIN_PERMI": 117, "MAX_PERMI": 117, "MIN_BBXMIN": 27.666667, "MAX_BBXMIN": 27.666667, "MIN_BBXMAX": 27.966667, "MAX_BBXMAX": 27.966667, "MIN_BBYMIN": -33.05, "MAX_BBYMIN": -33.05, "MIN_BBYMAX": -32.891667, "MAX_BBYMAX": -32.891667, "MEAN_BBXC": 27.830927, "MEAN_BBYC": -32.970168, "TIMEZONE": null, "UN_FID": 0, "POP1950": 0, "POP1955": 0, "POP1960": 0, "POP1965": 0, "POP1970": 0, "POP1975": 0, "POP1980": 0, "POP1985": 0, "POP1990": 0, "POP1995": 0, "POP2000": 0, "POP2005": 0, "POP2010": 0, "POP2015": 0, "POP2020": 0, "POP2025": 0, "POP2050": 0, "MIN_ZOOM": 5.6, "WIKIDATAID": "Q209537", "WOF_ID": 1141909197, "CAPALT": 0, "NAME_EN": "East London", "NAME_DE": "East London", "NAME_ES": "East London", "NAME_FR": "East London", "NAME_PT": "East London", "NAME_RU": "Ист-Лондон", "NAME_ZH": "东伦敦", "LABEL": null, "NAME_AR": "إيست لندن", "NAME_BN": "ইস্ট লন্ডন", "NAME_EL": "Ανατολικό Λονδίνο", "NAME_HI": "ईस्ट लन्दन", "NAME_HU": "East London", "NAME_ID": "East London", "NAME_IT": "East London", "NAME_JA": "イースト・ロンドン", "NAME_KO": "이스트런던", "NAME_NL": "Oost-Londen", "NAME_PL": "East London", "NAME_SV": "East London", "NAME_TR": "East London", "NAME_VI": "Đông London", "NE_ID": 1159149515, "NAME_FA": "لندن شرقی", "NAME_HE": "איסט לונדון", "NAME_UK": "Іст-Лондон", "NAME_UR": "ایسٹ لندن", "NAME_ZHT": "東倫敦", "GEONAMESID": -1, "FCLASS_ISO": null, "FCLASS_US": null, "FCLASS_FR": null, "FCLASS_RU": null, "FCLASS_ES": null, "FCLASS_CN": null, "FCLASS_TW": null, "FCLASS_IN": null, "FCLASS_NP": null, "FCLASS_PK": null, "FCLASS_DE": null, "FCLASS_GB": null, "FCLASS_BR": null, "FCLASS_IL": null, "FCLASS_PS": null, "FCLASS_SA": null, "FCLASS_EG": null, "FCLASS_MA": null, "FCLASS_PT": null, "FCLASS_AR": null, "FCLASS_JP": null, "FCLASS_KO": null, "FCLASS_VN": null, "FCLASS_TR": null, "FCLASS_ID": null, "FCLASS_PL": null, "FCLASS_GR": null, "FCLASS_IT": null, "FCLASS_NL": null, "FCLASS_SE": null, "FCLASS_BD": null, "FCLASS_UA": null, "FCLASS_TLC": null}, "bbox": [27.87002, -32.970043, 27.87002, -32.970043], "geometry": {"type": "Point", "coordinates": [27.87002, -32.970043]}}, {"type": "Feature", "properties": {"SCALERANK": 4, "NATSCALE": 50, "LABELRANK": 3, "FEATURECLA": "Populated place", "NAME": "Middelburg", "NAMEPAR": null, "NAMEALT": null, "NAMEASCII": "Middelburg", "ADM0CAP": 0, "CAPIN": null, "WORLDCITY": 0, "MEGACITY": 0, "SOV0NAME": "South Africa", "SOV_A3": "ZAF", "ADM0NAME": "South Africa", "ADM0_A3": "ZAF", "ADM1NAME": "Eastern Cape", "ISO_A2": "ZA", "NOTE": null, "LATITUDE": -31.500004, "LONGITUDE": 25.009987, "POP_MAX": 18164, "POP_MIN": 3764, "POP_OTHER": 3764, "RANK_MAX": 6, "RANK_MIN": 4, "MEGANAME": null, "LS_NAME": "Middelburg1", "MAX_POP10": 3764, "MAX_POP20": 3764, "MAX_POP50": 3764, "MAX_POP300": 0, "MAX_POP310": 0, "MAX_NATSCA": 50, "MIN_AREAKM": 3, "MAX_AREAKM": 3, "MIN_AREAMI": 1, "MAX_AREAMI": 1, "MIN_PERKM": 7, "MAX_PERKM": 7, "MIN_PERMI": 4, "MAX_PERMI": 4, "MIN_BBXMIN": 25, "MAX_BBXMIN": 25, "MIN_BBXMAX": 25.016667, "MAX_BBXMAX": 25.016667, "MIN_BBYMIN": -31.5, "MAX_BBYMIN": -31.5, "MIN_BBYMAX": -31.483333, "MAX_BBYMAX": -31.483333, "MEAN_BBXC": 25.008333, "MEAN_BBYC": -31.491667, "TIMEZONE": "Africa/Johannesburg", "UN_FID": 0, "POP1950": 0, "POP1955": 0, "POP1960": 0, "POP1965": 0, "POP1970": 0, "POP1975": 0, "POP1980": 0, "POP1985": 0, "POP1990": 0, "POP1995": 0, "POP2000": 0, "POP2005": 0, "POP2010": 0, "POP2015": 0, "POP2020": 0, "POP2025": 0, "POP2050": 0, "MIN_ZOOM": 5.1, "WIKIDATAID": "Q1002188", "WOF_ID": 101928045, "CAPALT": 0, "NAME_EN": "Middelburg", "NAME_DE": "Middelburg", "NAME_ES": "Middelburg", "NAME_FR": "Middelburg", "NAME_PT": "Middelburg", "NAME_RU": "Мидделбург", "NAME_ZH": "米德尔堡", "LABEL": null, "NAME_AR": "بلدية ميدلبيرغ", "NAME_BN": "মিডলবার্গ", "NAME_EL": "Μίντελμπουργκ", "NAME_HI": "मिडलबर्ग", "NAME_HU": "Middelburg", "NAME_ID": "Middelburg", "NAME_IT": "Middelburg", "NAME_JA": "ミデルブルフ", "NAME_KO": "미델부르크", "NAME_NL": "Middelburg", "NAME_PL": "Middelburg", "NAME_SV": "Middelburg", "NAME_TR": "Middelburg", "NAME_VI": "Middelburg", "NE_ID": 1159149517, "NAME_FA": "میدلبورگ", "NAME_HE": "מידלבורג", "NAME_UK": "Мідделбург", "NAME_UR": "مڈلبرگ", "NAME_ZHT": "米德爾堡", "GEONAMESID": 976358, "FCLASS_ISO": null, "FCLASS_US": null, "FCLASS_FR": null, "FCLASS_RU": null, "FCLASS_ES": null, "FCLASS_CN": null, "FCLASS_TW": null, "FCLASS_IN": null, "FCLASS_NP": null, "FCLASS_PK": null, "FCLASS_DE": null, "FCLASS_GB": null, "FCLASS_BR": null, "FCLASS_IL": null, "FCLASS_PS": null, "FCLASS_SA": null, "FCLASS_EG": null, "FCLASS_MA": null, "FCLASS_PT": null, "FCLASS_AR": null, "FCLASS_JP": null, "FCLASS_KO": null, "FCLASS_VN": null, "FCLASS_TR": null, "FCLASS_ID": null, "FCLASS_PL": null, "FCLASS_GR": null, "FCLASS_IT": null, "FCLASS_NL": null, "FCLASS_SE": null, "FCLASS_BD": null, "FCLASS_UA": null, "FCLASS_TLC": null}, "bbox": [25.009987, -31.500004, 25.009987, -31.500004], "geometry": {"type": "Point", "coordinates": [25.009987, -31.500004]}}, {"type": "Feature", "properties": {"SCALERANK": 4, "NATSCALE": 50, "LABELRANK": 6, "FEATURECLA": "Admin-1 capital", "NAME": "Lüderitz", "NAMEPAR": null, "NAMEALT": "Luderitz", "NAMEASCII": "Luderitz", "ADM0CAP": 0, "CAPIN": null, "WORLDCITY": 0, "MEGACITY": 0, "SOV0NAME": "Namibia", "SOV_A3": "NAM", "ADM0NAME": "Namibia", "ADM0_A3": "NAM", "ADM1NAME": "Karas", "ISO_A2": "NA", "NOTE": null, "LATITUDE": -26.648, "LONGITUDE": 15.159426, "POP_MAX": 15137, "POP_MIN": 13295, "POP_OTHER": 0, "RANK_MAX": 6, "RANK_MIN": 6, "MEGANAME": null, "LS_NAME": "L", "MAX_POP10": 7637, "MAX_POP20": 7637, "MAX_POP50": 7637, "MAX_POP300": 0, "MAX_POP310": 0, "MAX_NATSCA": 50, "MIN_AREAKM": 5, "MAX_AREAKM": 5, "MIN_AREAMI": 2, "MAX_AREAMI": 2, "MIN_PERKM": 11, "MAX_PERKM": 11, "MIN_PERMI": 7, "MAX_PERMI": 7, "MIN_BBXMIN": 15.15, "MAX_BBXMIN": 15.15, "MIN_BBXMAX": 15.175, "MAX_BBXMAX": 15.175, "MIN_BBYMIN": -26.658333, "MAX_BBYMIN": -26.658333, "MIN_BBYMAX": -26.633333, "MAX_BBYMAX": -26.633333, "MEAN_BBXC": 15.161111, "MEAN_BBYC": -26.647222, "TIMEZONE": "Africa/Windhoek", "UN_FID": 0, "POP1950": 0, "POP1955": 0, "POP1960": 0, "POP1965": 0, "POP1970": 0, "POP1975": 0, "POP1980": 0, "POP1985": 0, "POP1990": 0, "POP1995": 0, "POP2000": 0, "POP2005": 0, "POP2010": 0, "POP2015": 0, "POP2020": 0, "POP2025": 0, "POP2050": 0, "MIN_ZOOM": 5.6, "WIKIDATAID": "Q159325", "WOF_ID": 421181465, "CAPALT": 0, "NAME_EN": "Lüderitz", "NAME_DE": "Lüderitz", "NAME_ES": "Lüderitz", "NAME_FR": "Lüderitz", "NAME_PT": "Lüderitz", "NAME_RU": "Людериц", "NAME_ZH": "吕德里茨", "LABEL": null, "NAME_AR": "لودريتز", "NAME_BN": "লুদেরিতজ", "NAME_EL": "Λούντεριτζ", "NAME_HI": "लुडेरिट्ज़", "NAME_HU": "Lüderitz", "NAME_ID": "Lüderitz", "NAME_IT": "Lüderitz", "NAME_JA": "リューデリッツ", "NAME_KO": "뤼데리츠", "NAME_NL": "Lüderitz", "NAME_PL": "Lüderitz", "NAME_SV": "Lüderitz", "NAME_TR": "Lüderitz", "NAME_VI": "Lüderitz", "NE_ID": 1159149723, "NAME_FA": "لودریتز", "NAME_HE": "לידריץ", "NAME_UK": "Людериц", "NAME_UR": "لوڈیریزک", "NAME_ZHT": "呂德里茨", "GEONAMESID": 3355672, "FCLASS_ISO": null, "FCLASS_US": null, "FCLASS_FR": null, "FCLASS_RU": null, "FCLASS_ES": null, "FCLASS_CN": null, "FCLASS_TW": null, "FCLASS_IN": null, "FCLASS_NP": null, "FCLASS_PK": null, "FCLASS_DE": null, "FCLASS_GB": null, "FCLASS_BR": null, "FCLASS_IL": null, "FCLASS_PS": null, "FCLASS_SA": null, "FCLASS_EG": null, "FCLASS_MA": null, "FCLASS_PT": null, "FCLASS_AR": null, "FCLASS_JP": null, "FCLASS_KO": null, "FCLASS_VN": null, "FCLASS_TR": null, "FCLASS_ID": null, "FCLASS_PL": null, "FCLASS_GR": null, "FCLASS_IT": null, "FCLASS_NL": null, "FCLASS_SE": null, "FCLASS_BD": null, "FCLASS_UA": null, "FCLASS_TLC": null}, "bbox": [15.159426, -26.648, 15.159426, -26.648], "geometry": {"type": "Point", "coordinates": [15.159426, -26.648]}}, {"type": "Feature", "properties": {"SCALERANK": 4, "NATSCALE": 50, "LABELRANK": 6, "FEATURECLA": "Populated place", "NAME": "Walvis Bay", "NAMEPAR": null, "NAMEALT": null, "NAMEASCII": "Walvis Bay", "ADM0CAP": 0, "CAPIN": null, "WORLDCITY": 0, "MEGACITY": 0, "SOV0NAME": "Namibia", "SOV_A3": "NAM", "ADM0NAME": "Namibia", "ADM0_A3": "NAM", "ADM1NAME": "Erongo", "ISO_A2": "NA", "NOTE": null, "LATITUDE": -22.957528, "LONGITUDE": 14.505306, "POP_MAX": 52058, "POP_MIN": 46951, "POP_OTHER": 46951, "RANK_MAX": 8, "RANK_MIN": 7, "MEGANAME": null, "LS_NAME": "Walvis Bay", "MAX_POP10": 46951, "MAX_POP20": 46951, "MAX_POP50": 46951, "MAX_POP300": 0, "MAX_POP310": 0, "MAX_NATSCA": 50, "MIN_AREAKM": 16, "MAX_AREAKM": 16, "MIN_AREAMI": 6, "MAX_AREAMI": 6, "MIN_PERKM": 23, "MAX_PERKM": 23, "MIN_PERMI": 14, "MAX_PERMI": 14, "MIN_BBXMIN": 14.483333, "MAX_BBXMIN": 14.483333, "MIN_BBXMAX": 14.533333, "MAX_BBXMAX": 14.533333, "MIN_BBYMIN": -22.983333, "MAX_BBYMIN": -22.983333, "MIN_BBYMAX": -22.925, "MAX_BBYMAX": -22.925, "MEAN_BBXC": 14.509167, "MEAN_BBYC": -22.952083, "TIMEZONE": "Africa/Windhoek", "UN_FID": 0, "POP1950": 0, "POP1955": 0, "POP1960": 0, "POP1965": 0, "POP1970": 0, "POP1975": 0, "POP1980": 0, "POP1985": 0, "POP1990": 0, "POP1995": 0, "POP2000": 0, "POP2005": 0, "POP2010": 0, "POP2015": 0, "POP2020": 0, "POP2025": 0, "POP2050": 0, "MIN_ZOOM": 5.6, "WIKIDATAID": "Q220843", "WOF_ID": 890452797, "CAPALT": 0, "NAME_EN": "Walvis Bay", "NAME_DE": "Walvis Bay", "NAME_ES": "Walvis Bay", "NAME_FR": "Walvis Bay", "NAME_PT": "Walvis Bay", "NAME_RU": "Уолфиш-Бей", "NAME_ZH": "鲸湾港", "LABEL": null, "NAME_AR": "ولفس بي", "NAME_BN": "ওয়াল্ভিস বে", "NAME_EL": "Γουάλβις Μπέι", "NAME_HI": "वाल्विस बे", "NAME_HU": "Walvis Bay", "NAME_ID": "Walvis Bay", "NAME_IT": "Walvis Bay", "NAME_JA": "ウォルビスベイ", "NAME_KO": "월비스베이", "NAME_NL": "Walvisbaai", "NAME_PL": "Walvis Bay", "NAME_SV": "Walvis Bay", "NAME_TR": "Walvis Bay", "NAME_VI": "Walvis Bay", "NE_ID": 1159149725, "NAME_FA": "والویس بی", "NAME_HE": "ואלוויס ביי", "NAME_UK": "Волфіш-Бей", "NAME_UR": "والویس بے", "NAME_ZHT": "華維斯灣", "GEONAMESID": 3359638, "FCLASS_ISO": null, "FCLASS_US": null, "FCLASS_FR": null, "FCLASS_RU": null, "FCLASS_ES": null, "FCLASS_CN": null, "FCLASS_TW": null, "FCLASS_IN": null, "FCLASS_NP": null, "FCLASS_PK": null, "FCLASS_DE": null, "FCLASS_GB": null, "FCLASS_BR": null, "FCLASS_IL": null, "FCLASS_PS": null, "FCLASS_SA": null, "FCLASS_EG": null, "FCLASS_MA": null, "FCLASS_PT": null, "FCLASS_AR": null, "FCLASS_JP": null, "FCLASS_KO": null, "FCLASS_VN": null, "FCLASS_TR": null, "FCLASS_ID": null, "FCLASS_PL": null, "FCLASS_GR": null, "FCLASS_IT": null, "FCLASS_NL": null, "FCLASS_SE": null, "FCLASS_BD": null, "FCLASS_UA": null, "FCLASS_TLC": null}, "bbox": [14.505306, -22.957528, 14.505306, -22.957528], "geometry": {"type": "Point", "coordinates": [14.505306, -22.957528]}}, {"type": "Feature", "properties": {"SCALERANK": 4, "NATSCALE": 50, "LABELRANK": 7, "FEATURECLA": "Admin-1 capital", "NAME": "Francistown", "NAMEPAR": null, "NAMEALT": null, "NAMEASCII": "Francistown", "ADM0CAP": 0, "CAPIN": null, "WORLDCITY": 0, "MEGACITY": 0, "SOV0NAME": "Botswana", "SOV_A3": "BWA", "ADM0NAME": "Botswana", "ADM0_A3": "BWA", "ADM1NAME": "Central", "ISO_A2": "BW", "NOTE": null, "LATITUDE": -21.17004, "LONGITUDE": 27.500016, "POP_MAX": 89979, "POP_MIN": 88380, "POP_OTHER": 88380, "RANK_MAX": 8, "RANK_MIN": 8, "MEGANAME": null, "LS_NAME": "Francistown", "MAX_POP10": 88380, "MAX_POP20": 88380, "MAX_POP50": 88380, "MAX_POP300": 0, "MAX_POP310": 0, "MAX_NATSCA": 50, "MIN_AREAKM": 42, "MAX_AREAKM": 42, "MIN_AREAMI": 16, "MAX_AREAMI": 16, "MIN_PERKM": 45, "MAX_PERKM": 45, "MIN_PERMI": 28, "MAX_PERMI": 28, "MIN_BBXMIN": 27.483333, "MAX_BBXMIN": 27.483333, "MIN_BBXMAX": 27.566667, "MAX_BBXMAX": 27.566667, "MIN_BBYMIN": -21.216667, "MAX_BBYMIN": -21.216667, "MIN_BBYMAX": -21.125, "MAX_BBYMAX": -21.125, "MEAN_BBXC": 27.519733, "MEAN_BBYC": -21.175236, "TIMEZONE": "Africa/Gaborone", "UN_FID": 0, "POP1950": 0, "POP1955": 0, "POP1960": 0, "POP1965": 0, "POP1970": 0, "POP1975": 0, "POP1980": 0, "POP1985": 0, "POP1990": 0, "POP1995": 0, "POP2000": 0, "POP2005": 0, "POP2010": 0, "POP2015": 0, "POP2020": 0, "POP2025": 0, "POP2050": 0, "MIN_ZOOM": 5.6, "WIKIDATAID": "Q165422", "WOF_ID": 421192769, "CAPALT": 0, "NAME_EN": "Francistown", "NAME_DE": "Francistown", "NAME_ES": "Francistown", "NAME_FR": "Francistown", "NAME_PT": "Francistown", "NAME_RU": "Франсистаун", "NAME_ZH": "弗朗西斯敦", "LABEL": null, "NAME_AR": "فرانسيس", "NAME_BN": "ফ্রাঞ্চিসটাউন", "NAME_EL": "Φράνσισταουν", "NAME_HI": "फ्रांसिसटाउन", "NAME_HU": "Francistown", "NAME_ID": "Francistown", "NAME_IT": "Francistown", "NAME_JA": "フランシスタウン", "NAME_KO": "프랜시스타운", "NAME_NL": "Francistown", "NAME_PL": "Francistown", "NAME_SV": "Francistown", "NAME_TR": "Francistown", "NAME_VI": "Francistown", "NE_ID": 1159150355, "NAME_FA": "فرانسیستوون", "NAME_HE": "פרנסיסטאון", "NAME_UK": "Франсистаун", "NAME_UR": "فرانسس ٹاؤن", "NAME_ZHT": "弗朗西斯敦", "GEONAMESID": 933778, "FCLASS_ISO": null, "FCLASS_US": null, "FCLASS_FR": null, "FCLASS_RU": null, "FCLASS_ES": null, "FCLASS_CN": null, "FCLASS_TW": null, "FCLASS_IN": null, "FCLASS_NP": null, "FCLASS_PK": null, "FCLASS_DE": null, "FCLASS_GB": null, "FCLASS_BR": null, "FCLASS_IL": null, "FCLASS_PS": null, "FCLASS_SA": null, "FCLASS_EG": null, "FCLASS_MA": null, "FCLASS_PT": null, "FCLASS_AR": null, "FCLASS_JP": null, "FCLASS_KO": null, "FCLASS_VN": null, "FCLASS_TR": null, "FCLASS_ID": null, "FCLASS_PL": null, "FCLASS_GR": null, "FCLASS_IT": null, "FCLASS_NL": null, "FCLASS_SE": null, "FCLASS_BD": null, "FCLASS_UA": null, "FCLASS_TLC": null}, "bbox": [27.500016, -21.17004, 27.500016, -21.17004], "geometry": {"type": "Point", "coordinates": [27.500016, -21.17004]}}, {"type": "Feature", "properties": {"SCALERANK": 4, "NATSCALE": 50, "LABELRANK": 7, "FEATURECLA": "Populated place", "NAME": "Mahalapye", "NAMEPAR": null, "NAMEALT": null, "NAMEASCII": "Mahalapye", "ADM0CAP": 0, "CAPIN": null, "WORLDCITY": 0, "MEGACITY": 0, "SOV0NAME": "Botswana", "SOV_A3": "BWA", "ADM0NAME": "Botswana", "ADM0_A3": "BWA", "ADM1NAME": "Central", "ISO_A2": "BW", "NOTE": null, "LATITUDE": -23.1, "LONGITUDE": 26.820006, "POP_MAX": 50744, "POP_MIN": 44471, "POP_OTHER": 50744, "RANK_MAX": 8, "RANK_MIN": 7, "MEGANAME": null, "LS_NAME": "Mahalapye", "MAX_POP10": 50744, "MAX_POP20": 50744, "MAX_POP50": 50744, "MAX_POP300": 0, "MAX_POP310": 0, "MAX_NATSCA": 50, "MIN_AREAKM": 31, "MAX_AREAKM": 31, "MIN_AREAMI": 12, "MAX_AREAMI": 12, "MIN_PERKM": 28, "MAX_PERKM": 28, "MIN_PERMI": 18, "MAX_PERMI": 18, "MIN_BBXMIN": 26.791667, "MAX_BBXMIN": 26.791667, "MIN_BBXMAX": 26.85, "MAX_BBXMAX": 26.85, "MIN_BBYMIN": -23.141667, "MAX_BBYMIN": -23.141667, "MIN_BBYMAX": -23.066667, "MAX_BBYMAX": -23.066667, "MEAN_BBXC": 26.819338, "MEAN_BBYC": -23.106517, "TIMEZONE": "Africa/Gaborone", "UN_FID": 0, "POP1950": 0, "POP1955": 0, "POP1960": 0, "POP1965": 0, "POP1970": 0, "POP1975": 0, "POP1980": 0, "POP1985": 0, "POP1990": 0, "POP1995": 0, "POP2000": 0, "POP2005": 0, "POP2010": 0, "POP2015": 0, "POP2020": 0, "POP2025": 0, "POP2050": 0, "MIN_ZOOM": 5.6, "WIKIDATAID": "Q170724", "WOF_ID": 421199015, "CAPALT": 0, "NAME_EN": "Mahalapye", "NAME_DE": "Mahalapye", "NAME_ES": "Mahalapye", "NAME_FR": "Mahalapye", "NAME_PT": "Mahalapye", "NAME_RU": "Махалапье", "NAME_ZH": "马哈拉佩", "LABEL": null, "NAME_AR": "ماهالابي", "NAME_BN": "মাহালাপে", "NAME_EL": "Μαχαλάπιε", "NAME_HI": "महालापाई", "NAME_HU": "Mahalapye", "NAME_ID": "Mahalapye", "NAME_IT": "Mahalapye", "NAME_JA": "マハラピエ", "NAME_KO": "마할라피에", "NAME_NL": "Mahalapye", "NAME_PL": "Mahalapye", "NAME_SV": "Mahalapye", "NAME_TR": "Mahalapye", "NAME_VI": "Mahalapye", "NE_ID": 1159150357, "NAME_FA": "ماهالاپیه", "NAME_HE": "מחלפיה", "NAME_UK": "Махалап'є", "NAME_UR": "ماہالاپائی", "NAME_ZHT": "馬哈拉佩", "GEONAMESID": 933471, "FCLASS_ISO": null, "FCLASS_US": null, "FCLASS_FR": null, "FCLASS_RU": null, "FCLASS_ES": null, "FCLASS_CN": null, "FCLASS_TW": null, "FCLASS_IN": null, "FCLASS_NP": null, "FCLASS_PK": null, "FCLASS_DE": null, "FCLASS_GB": null, "FCLASS_BR": null, "FCLASS_IL": null, "FCLASS_PS": null, "FCLASS_SA": null, "FCLASS_EG": null, "FCLASS_MA": null, "FCLASS_PT": null, "FCLASS_AR": null, "FCLASS_JP": null, "FCLASS_KO": null, "FCLASS_VN": null, "FCLASS_TR": null, "FCLASS_ID": null, "FCLASS_PL": null, "FCLASS_GR": null, "FCLASS_IT": null, "FCLASS_NL": null, "FCLASS_SE": null, "FCLASS_BD": null, "FCLASS_UA": null, "FCLASS_TLC": null}, "bbox": [26.820006, -23.1, 26.820006, -23.1], "geometry": {"type": "Point", "coordinates": [26.820006, -23.1]}}, {"type": "Feature", "properties": {"SCALERANK": 4, "NATSCALE": 50, "LABELRANK": 7, "FEATURECLA": "Admin-1 capital", "NAME": "Serowe", "NAMEPAR": null, "NAMEALT": null, "NAMEASCII": "Serowe", "ADM0CAP": 0, "CAPIN": null, "WORLDCITY": 0, "MEGACITY": 0, "SOV0NAME": "Botswana", "SOV_A3": "BWA", "ADM0NAME": "Botswana", "ADM0_A3": "BWA", "ADM1NAME": "Central", "ISO_A2": "BW", "NOTE": null, "LATITUDE": -22.390017, "LONGITUDE": 26.710039, "POP_MAX": 48573, "POP_MIN": 47419, "POP_OTHER": 48573, "RANK_MAX": 7, "RANK_MIN": 7, "MEGANAME": null, "LS_NAME": "Serowe", "MAX_POP10": 48573, "MAX_POP20": 48573, "MAX_POP50": 48573, "MAX_POP300": 0, "MAX_POP310": 0, "MAX_NATSCA": 50, "MIN_AREAKM": 41, "MAX_AREAKM": 41, "MIN_AREAMI": 16, "MAX_AREAMI": 16, "MIN_PERKM": 52, "MAX_PERKM": 52, "MIN_PERMI": 32, "MAX_PERMI": 32, "MIN_BBXMIN": 26.675, "MAX_BBXMIN": 26.675, "MIN_BBXMAX": 26.766667, "MAX_BBXMAX": 26.766667, "MIN_BBYMIN": -22.441667, "MAX_BBYMIN": -22.441667, "MIN_BBYMAX": -22.358333, "MAX_BBYMAX": -22.358333, "MEAN_BBXC": 26.719712, "MEAN_BBYC": -22.399359, "TIMEZONE": "Africa/Gaborone", "UN_FID": 0, "POP1950": 0, "POP1955": 0, "POP1960": 0, "POP1965": 0, "POP1970": 0, "POP1975": 0, "POP1980": 0, "POP1985": 0, "POP1990": 0, "POP1995": 0, "POP2000": 0, "POP2005": 0, "POP2010": 0, "POP2015": 0, "POP2020": 0, "POP2025": 0, "POP2050": 0, "MIN_ZOOM": 5.6, "WIKIDATAID": "Q855634", "WOF_ID": 421201957, "CAPALT": 0, "NAME_EN": "Serowe", "NAME_DE": "Serowe", "NAME_ES": "Serowe", "NAME_FR": "Serowe", "NAME_PT": "Serowe", "NAME_RU": "Серове", "NAME_ZH": "塞罗韦", "LABEL": null, "NAME_AR": "سيرووي", "NAME_BN": "সেরুয়ে", "NAME_EL": "Σερόουε", "NAME_HI": "सरोवी", "NAME_HU": "Serowe", "NAME_ID": "Serowe", "NAME_IT": "Serowe", "NAME_JA": "セロウェ", "NAME_KO": "세로웨", "NAME_NL": "Serowe", "NAME_PL": "Serowe", "NAME_SV": "Serowe", "NAME_TR": "Serove", "NAME_VI": "Serowe", "NE_ID": 1159150359, "NAME_FA": "سرووه", "NAME_HE": "סרובה", "NAME_UK": "Серове", "NAME_UR": "سیرووی", "NAME_ZHT": "塞羅韋", "GEONAMESID": 933088, "FCLASS_ISO": null, "FCLASS_US": null, "FCLASS_FR": null, "FCLASS_RU": null, "FCLASS_ES": null, "FCLASS_CN": null, "FCLASS_TW": null, "FCLASS_IN": null, "FCLASS_NP": null, "FCLASS_PK": null, "FCLASS_DE": null, "FCLASS_GB": null, "FCLASS_BR": null, "FCLASS_IL": null, "FCLASS_PS": null, "FCLASS_SA": null, "FCLASS_EG": null, "FCLASS_MA": null, "FCLASS_PT": null, "FCLASS_AR": null, "FCLASS_JP": null, "FCLASS_KO": null, "FCLASS_VN": null, "FCLASS_TR": null, "FCLASS_ID": null, "FCLASS_PL": null, "FCLASS_GR": null, "FCLASS_IT": null, "FCLASS_NL": null, "FCLASS_SE": null, "FCLASS_BD": null, "FCLASS_UA": null, "FCLASS_TLC": null}, "bbox": [26.710039, -22.390017, 26.710039, -22.390017], "geometry": {"type": "Point", "coordinates": [26.710039, -22.390017]}}, {"type": "Feature", "properties": {"SCALERANK": 3, "NATSCALE": 110, "LABELRANK": 6, "FEATURECLA": "Admin-0 capital", "NAME": "Harare", "NAMEPAR": null, "NAMEALT": null, "NAMEASCII": "Harare", "ADM0CAP": 1, "CAPIN": null, "WORLDCITY": 0, "MEGACITY": 1, "SOV0NAME": "Zimbabwe", "SOV_A3": "ZWE", "ADM0NAME": "Zimbabwe", "ADM0_A3": "ZWE", "ADM1NAME": "Harare", "ISO_A2": "ZW", "NOTE": null, "LATITUDE": -17.815844, "LONGITUDE": 31.042764, "POP_MAX": 1572000, "POP_MIN": 1542813, "POP_OTHER": 1831877, "RANK_MAX": 12, "RANK_MIN": 12, "MEGANAME": "Harare", "LS_NAME": "Harare", "MAX_POP10": 1833439, "MAX_POP20": 1833439, "MAX_POP50": 1833439, "MAX_POP300": 1839463, "MAX_POP310": 0, "MAX_NATSCA": 100, "MIN_AREAKM": 310, "MAX_AREAKM": 326, "MIN_AREAMI": 120, "MAX_AREAMI": 126, "MIN_PERKM": 186, "MAX_PERKM": 210, "MIN_PERMI": 115, "MAX_PERMI": 130, "MIN_BBXMIN": 30.908333, "MAX_BBXMIN": 30.908333, "MIN_BBXMAX": 31.175, "MAX_BBXMAX": 31.191667, "MIN_BBYMIN": -17.925, "MAX_BBYMIN": -17.925, "MIN_BBYMAX": -17.725, "MAX_BBYMAX": -17.725, "MEAN_BBXC": 31.045288, "MEAN_BBYC": -17.832399, "TIMEZONE": "Africa/Harare", "UN_FID": 462, "POP1950": 143, "POP1955": 192, "POP1960": 248, "POP1965": 319, "POP1970": 417, "POP1975": 532, "POP1980": 616, "POP1985": 778, "POP1990": 1047, "POP1995": 1255, "POP2000": 1379, "POP2005": 1515, "POP2010": 1572, "POP2015": 1663, "POP2020": 1839, "POP2025": 2037, "POP2050": 2247, "MIN_ZOOM": 4, "WIKIDATAID": "Q3921", "WOF_ID": 421201479, "CAPALT": 0, "NAME_EN": "Harare", "NAME_DE": "Harare", "NAME_ES": "Harare", "NAME_FR": "Harare", "NAME_PT": "Harare", "NAME_RU": "Хараре", "NAME_ZH": "哈拉雷", "LABEL": null, "NAME_AR": "هراري", "NAME_BN": "হারারে", "NAME_EL": "Χαράρε", "NAME_HI": "हरारे", "NAME_HU": "Harare", "NAME_ID": "Harare", "NAME_IT": "Harare", "NAME_JA": "ハラレ", "NAME_KO": "하라레", "NAME_NL": "Harare", "NAME_PL": "Harare", "NAME_SV": "Harare", "NAME_TR": "Harare", "NAME_VI": "Harare", "NE_ID": 1159150573, "NAME_FA": "هراره", "NAME_HE": "הארארה", "NAME_UK": "Хараре", "NAME_UR": "ہرارے", "NAME_ZHT": "哈拉雷", "GEONAMESID": 890299, "FCLASS_ISO": null, "FCLASS_US": null, "FCLASS_FR": null, "FCLASS_RU": null, "FCLASS_ES": null, "FCLASS_CN": null, "FCLASS_TW": null, "FCLASS_IN": null, "FCLASS_NP": null, "FCLASS_PK": null, "FCLASS_DE": null, "FCLASS_GB": null, "FCLASS_BR": null, "FCLASS_IL": null, "FCLASS_PS": null, "FCLASS_SA": null, "FCLASS_EG": null, "FCLASS_MA": null, "FCLASS_PT": null, "FCLASS_AR": null, "FCLASS_JP": null, "FCLASS_KO": null, "FCLASS_VN": null, "FCLASS_TR": null, "FCLASS_ID": null, "FCLASS_PL": null, "FCLASS_GR": null, "FCLASS_IT": null, "FCLASS_NL": null, "FCLASS_SE": null, "FCLASS_BD": null, "FCLASS_UA": null, "FCLASS_TLC": null}, "bbox": [31.042764, -17.815844, 31.042764, -17.815844], "geometry": {"type": "Point", "coordinates": [31.042764, -17.815844]}}, {"type": "Feature", "properties": {"SCALERANK": 3, "NATSCALE": 110, "LABELRANK": 6, "FEATURECLA": "Admin-1 capital", "NAME": "Bulawayo", "NAMEPAR": null, "NAMEALT": null, "NAMEASCII": "Bulawayo", "ADM0CAP": 0, "CAPIN": null, "WORLDCITY": 0, "MEGACITY": 0, "SOV0NAME": "Zimbabwe", "SOV_A3": "ZWE", "ADM0NAME": "Zimbabwe", "ADM0_A3": "ZWE", "ADM1NAME": "Bulawayo", "ISO_A2": "ZW", "NOTE": null, "LATITUDE": -20.169998, "LONGITUDE": 28.580002, "POP_MAX": 699385, "POP_MIN": 694807, "POP_OTHER": 694807, "RANK_MAX": 11, "RANK_MIN": 11, "MEGANAME": null, "LS_NAME": "Bulawayo", "MAX_POP10": 694807, "MAX_POP20": 694807, "MAX_POP50": 694807, "MAX_POP300": 694807, "MAX_POP310": 0, "MAX_NATSCA": 100, "MIN_AREAKM": 251, "MAX_AREAKM": 251, "MIN_AREAMI": 97, "MAX_AREAMI": 97, "MIN_PERKM": 162, "MAX_PERKM": 162, "MIN_PERMI": 101, "MAX_PERMI": 101, "MIN_BBXMIN": 28.466667, "MAX_BBXMIN": 28.466667, "MIN_BBXMAX": 28.683333, "MAX_BBXMAX": 28.683333, "MIN_BBYMIN": -20.241667, "MAX_BBYMIN": -20.241667, "MIN_BBYMAX": -20.066667, "MAX_BBYMAX": -20.066667, "MEAN_BBXC": 28.578472, "MEAN_BBYC": -20.155021, "TIMEZONE": "Africa/Harare", "UN_FID": 0, "POP1950": 0, "POP1955": 0, "POP1960": 0, "POP1965": 0, "POP1970": 0, "POP1975": 0, "POP1980": 0, "POP1985": 0, "POP1990": 0, "POP1995": 0, "POP2000": 0, "POP2005": 0, "POP2010": 0, "POP2015": 0, "POP2020": 0, "POP2025": 0, "POP2050": 0, "MIN_ZOOM": 5, "WIKIDATAID": "Q193250", "WOF_ID": 421168015, "CAPALT": 0, "NAME_EN": "Bulawayo", "NAME_DE": "Bulawayo", "NAME_ES": "Bulawayo", "NAME_FR": "Bulawayo", "NAME_PT": "Bulawayo", "NAME_RU": "Булавайо", "NAME_ZH": "布拉瓦约", "LABEL": null, "NAME_AR": "بولاوايو", "NAME_BN": "বুলাওয়ে", "NAME_EL": "Μπουλαουάγιο", "NAME_HI": "बुलावायो", "NAME_HU": "Bulawayo", "NAME_ID": "Bulawayo", "NAME_IT": "Bulawayo", "NAME_JA": "ブラワヨ", "NAME_KO": "불라와요", "NAME_NL": "Bulawayo", "NAME_PL": "Bulawayo", "NAME_SV": "Bulawayo", "NAME_TR": "Bulawayo", "NAME_VI": "Bulawayo", "NE_ID": 1159150575, "NAME_FA": "بولاوایو", "NAME_HE": "בולאוואיו", "NAME_UK": "Булавайо", "NAME_UR": "بولاوایو", "NAME_ZHT": "布拉瓦約", "GEONAMESID": 894701, "FCLASS_ISO": null, "FCLASS_US": null, "FCLASS_FR": null, "FCLASS_RU": null, "FCLASS_ES": null, "FCLASS_CN": null, "FCLASS_TW": null, "FCLASS_IN": null, "FCLASS_NP": null, "FCLASS_PK": null, "FCLASS_DE": null, "FCLASS_GB": null, "FCLASS_BR": null, "FCLASS_IL": null, "FCLASS_PS": null, "FCLASS_SA": null, "FCLASS_EG": null, "FCLASS_MA": null, "FCLASS_PT": null, "FCLASS_AR": null, "FCLASS_JP": null, "FCLASS_KO": null, "FCLASS_VN": null, "FCLASS_TR": null, "FCLASS_ID": null, "FCLASS_PL": null, "FCLASS_GR": null, "FCLASS_IT": null, "FCLASS_NL": null, "FCLASS_SE": null, "FCLASS_BD": null, "FCLASS_UA": null, "FCLASS_TLC": null}, "bbox": [28.580002, -20.169998, 28.580002, -20.169998], "geometry": {"type": "Point", "coordinates": [28.580002, -20.169998]}}, {"type": "Feature", "properties": {"SCALERANK": 3, "NATSCALE": 110, "LABELRANK": 3, "FEATURECLA": "Admin-0 capital", "NAME": "Bloemfontein", "NAMEPAR": null, "NAMEALT": null, "NAMEASCII": "Bloemfontein", "ADM0CAP": 1, "CAPIN": "Judicial capita", "WORLDCITY": 0, "MEGACITY": 0, "SOV0NAME": "South Africa", "SOV_A3": "ZAF", "ADM0NAME": "South Africa", "ADM0_A3": "ZAF", "ADM1NAME": "Orange Free State", "ISO_A2": "ZA", "NOTE": null, "LATITUDE": -29.119994, "LONGITUDE": 26.229913, "POP_MAX": 463064, "POP_MIN": 456669, "POP_OTHER": 456513, "RANK_MAX": 10, "RANK_MIN": 10, "MEGANAME": null, "LS_NAME": "Bloemfontein", "MAX_POP10": 456669, "MAX_POP20": 456669, "MAX_POP50": 456669, "MAX_POP300": 0, "MAX_POP310": 0, "MAX_NATSCA": 50, "MIN_AREAKM": 105, "MAX_AREAKM": 105, "MIN_AREAMI": 40, "MAX_AREAMI": 40, "MIN_PERKM": 78, "MAX_PERKM": 78, "MIN_PERMI": 48, "MAX_PERMI": 48, "MIN_BBXMIN": 26.166667, "MAX_BBXMIN": 26.166667, "MIN_BBXMAX": 26.3, "MAX_BBXMAX": 26.3, "MIN_BBYMIN": -29.2, "MAX_BBYMIN": -29.2, "MIN_BBYMAX": -29.058333, "MAX_BBYMAX": -29.058333, "MEAN_BBXC": 26.225714, "MEAN_BBYC": -29.128155, "TIMEZONE": "Africa/Johannesburg", "UN_FID": 0, "POP1950": 0, "POP1955": 0, "POP1960": 0, "POP1965": 0, "POP1970": 0, "POP1975": 0, "POP1980": 0, "POP1985": 0, "POP1990": 0, "POP1995": 0, "POP2000": 0, "POP2005": 0, "POP2010": 0, "POP2015": 0, "POP2020": 0, "POP2025": 0, "POP2050": 0, "MIN_ZOOM": 5, "WIKIDATAID": "Q37701", "WOF_ID": 1141909357, "CAPALT": 0, "NAME_EN": "Bloemfontein", "NAME_DE": "Bloemfontein", "NAME_ES": "Bloemfontein", "NAME_FR": "Bloemfontein", "NAME_PT": "Bloemfontein", "NAME_RU": "Блумфонтейн", "NAME_ZH": "布隆方丹", "LABEL": null, "NAME_AR": "بلومفونتين", "NAME_BN": "ব্লুমফন্টেইন", "NAME_EL": "Μπλουμφοντέιν", "NAME_HI": "ब्लूमफ़ोनटेन", "NAME_HU": "Bloemfontein", "NAME_ID": "Bloemfontein", "NAME_IT": "Bloemfontein", "NAME_JA": "ブルームフォンテーン", "NAME_KO": "블룸폰테인", "NAME_NL": "Bloemfontein", "NAME_PL": "Bloemfontein", "NAME_SV": "Bloemfontein", "NAME_TR": "Bloemfontein", "NAME_VI": "Bloemfontein", "NE_ID": 1159150659, "NAME_FA": "بلومفونتن", "NAME_HE": "בלומפונטיין", "NAME_UK": "Блумфонтейн", "NAME_UR": "بلومفونٹین", "NAME_ZHT": "布隆方丹", "GEONAMESID": 1018725, "FCLASS_ISO": null, "FCLASS_US": null, "FCLASS_FR": null, "FCLASS_RU": null, "FCLASS_ES": null, "FCLASS_CN": null, "FCLASS_TW": null, "FCLASS_IN": null, "FCLASS_NP": null, "FCLASS_PK": null, "FCLASS_DE": null, "FCLASS_GB": null, "FCLASS_BR": null, "FCLASS_IL": null, "FCLASS_PS": null, "FCLASS_SA": null, "FCLASS_EG": null, "FCLASS_MA": null, "FCLASS_PT": null, "FCLASS_AR": null, "FCLASS_JP": null, "FCLASS_KO": null, "FCLASS_VN": null, "FCLASS_TR": null, "FCLASS_ID": null, "FCLASS_PL": null, "FCLASS_GR": null, "FCLASS_IT": null, "FCLASS_NL": null, "FCLASS_SE": null, "FCLASS_BD": null, "FCLASS_UA": null, "FCLASS_TLC": null}, "bbox": [26.229913, -29.119994, 26.229913, -29.119994], "geometry": {"type": "Point", "coordinates": [26.229913, -29.119994]}}, {"type": "Feature", "properties": {"SCALERANK": 3, "NATSCALE": 110, "LABELRANK": 3, "FEATURECLA": "Admin-0 capital", "NAME": "Pretoria", "NAMEPAR": null, "NAMEALT": null, "NAMEASCII": "Pretoria", "ADM0CAP": 1, "CAPIN": "Administrative", "WORLDCITY": 0, "MEGACITY": 1, "SOV0NAME": "South Africa", "SOV_A3": "ZAF", "ADM0NAME": "South Africa", "ADM0_A3": "ZAF", "ADM1NAME": "Gauteng", "ISO_A2": "ZA", "NOTE": null, "LATITUDE": -25.704975, "LONGITUDE": 28.227483, "POP_MAX": 1338000, "POP_MIN": 1338000, "POP_OTHER": 1443084, "RANK_MAX": 12, "RANK_MIN": 12, "MEGANAME": "Pretoria", "LS_NAME": "Pretoria", "MAX_POP10": 1444949, "MAX_POP20": 1444949, "MAX_POP50": 1444949, "MAX_POP300": 1444949, "MAX_POP310": 0, "MAX_NATSCA": 100, "MIN_AREAKM": 502, "MAX_AREAKM": 502, "MIN_AREAMI": 194, "MAX_AREAMI": 194, "MIN_PERKM": 256, "MAX_PERKM": 256, "MIN_PERMI": 159, "MAX_PERMI": 159, "MIN_BBXMIN": 28.041667, "MAX_BBXMIN": 28.041667, "MIN_BBXMAX": 28.4, "MAX_BBXMAX": 28.4, "MIN_BBYMIN": -25.891667, "MAX_BBYMIN": -25.891667, "MIN_BBYMAX": -25.641667, "MAX_BBYMAX": -25.641667, "MEAN_BBXC": 28.214676, "MEAN_BBYC": -25.755716, "TIMEZONE": "Africa/Johannesburg", "UN_FID": 460, "POP1950": 275, "POP1955": 340, "POP1960": 419, "POP1965": 488, "POP1970": 565, "POP1975": 624, "POP1980": 688, "POP1985": 763, "POP1990": 911, "POP1995": 951, "POP2000": 1084, "POP2005": 1273, "POP2010": 1338, "POP2015": 1409, "POP2020": 1482, "POP2025": 1544, "POP2050": 1604, "MIN_ZOOM": 5, "WIKIDATAID": "Q3926", "WOF_ID": 101925471, "CAPALT": 0, "NAME_EN": "Pretoria", "NAME_DE": "Pretoria", "NAME_ES": "Pretoria", "NAME_FR": "Pretoria", "NAME_PT": "Pretória", "NAME_RU": "Претория", "NAME_ZH": "比勒陀利亚", "LABEL": null, "NAME_AR": "بريتوريا", "NAME_BN": "প্রিটোরিয়া", "NAME_EL": "Πρετόρια", "NAME_HI": "प्रिटोरिया", "NAME_HU": "Pretoria", "NAME_ID": "Pretoria", "NAME_IT": "Pretoria", "NAME_JA": "プレトリア", "NAME_KO": "프리토리아", "NAME_NL": "Pretoria", "NAME_PL": "Pretoria", "NAME_SV": "Pretoria", "NAME_TR": "Pretoria", "NAME_VI": "Pretoria", "NE_ID": 1159150661, "NAME_FA": "پرتوریا", "NAME_HE": "פרטוריה", "NAME_UK": "Преторія", "NAME_UR": "پریٹوریا", "NAME_ZHT": "普利托利亞", "GEONAMESID": 964137, "FCLASS_ISO": null, "FCLASS_US": null, "FCLASS_FR": null, "FCLASS_RU": null, "FCLASS_ES": null, "FCLASS_CN": null, "FCLASS_TW": null, "FCLASS_IN": null, "FCLASS_NP": null, "FCLASS_PK": null, "FCLASS_DE": null, "FCLASS_GB": null, "FCLASS_BR": null, "FCLASS_IL": null, "FCLASS_PS": null, "FCLASS_SA": null, "FCLASS_EG": null, "FCLASS_MA": null, "FCLASS_PT": null, "FCLASS_AR": null, "FCLASS_JP": null, "FCLASS_KO": null, "FCLASS_VN": null, "FCLASS_TR": null, "FCLASS_ID": null, "FCLASS_PL": null, "FCLASS_GR": null, "FCLASS_IT": null, "FCLASS_NL": null, "FCLASS_SE": null, "FCLASS_BD": null, "FCLASS_UA": null, "FCLASS_TLC": null}, "bbox": [28.227483, -25.704975, 28.227483, -25.704975], "geometry": {"type": "Point", "coordinates": [28.227483, -25.704975]}}, {"type": "Feature", "properties": {"SCALERANK": 3, "NATSCALE": 110, "LABELRANK": 6, "FEATURECLA": "Admin-1 capital", "NAME": "Beira", "NAMEPAR": null, "NAMEALT": null, "NAMEASCII": "Beira", "ADM0CAP": 0, "CAPIN": null, "WORLDCITY": 0, "MEGACITY": 0, "SOV0NAME": "Mozambique", "SOV_A3": "MOZ", "ADM0NAME": "Mozambique", "ADM0_A3": "MOZ", "ADM1NAME": "Sofala", "ISO_A2": "MZ", "NOTE": null, "LATITUDE": -19.820045, "LONGITUDE": 34.870006, "POP_MAX": 530604, "POP_MIN": 483789, "POP_OTHER": 485671, "RANK_MAX": 11, "RANK_MIN": 10, "MEGANAME": null, "LS_NAME": "Beira", "MAX_POP10": 483789, "MAX_POP20": 483789, "MAX_POP50": 483789, "MAX_POP300": 483789, "MAX_POP310": 0, "MAX_NATSCA": 100, "MIN_AREAKM": 88, "MAX_AREAKM": 88, "MIN_AREAMI": 34, "MAX_AREAMI": 34, "MIN_PERKM": 95, "MAX_PERKM": 95, "MIN_PERMI": 59, "MAX_PERMI": 59, "MIN_BBXMIN": 34.8, "MAX_BBXMIN": 34.8, "MIN_BBXMAX": 34.933333, "MAX_BBXMAX": 34.933333, "MIN_BBYMIN": -19.85, "MAX_BBYMIN": -19.85, "MIN_BBYMAX": -19.716667, "MAX_BBYMAX": -19.716667, "MEAN_BBXC": 34.867428, "MEAN_BBYC": -19.789755, "TIMEZONE": "Africa/Maputo", "UN_FID": 0, "POP1950": 0, "POP1955": 0, "POP1960": 0, "POP1965": 0, "POP1970": 0, "POP1975": 0, "POP1980": 0, "POP1985": 0, "POP1990": 0, "POP1995": 0, "POP2000": 0, "POP2005": 0, "POP2010": 0, "POP2015": 0, "POP2020": 0, "POP2025": 0, "POP2050": 0, "MIN_ZOOM": 5, "WIKIDATAID": "Q211563", "WOF_ID": 421167895, "CAPALT": 0, "NAME_EN": "Beira", "NAME_DE": "Beira", "NAME_ES": "Beira", "NAME_FR": "Beira", "NAME_PT": "Beira", "NAME_RU": "Бейра", "NAME_ZH": "贝拉", "LABEL": null, "NAME_AR": "بيرا", "NAME_BN": "বেইরা", "NAME_EL": "Μπέιρα", "NAME_HI": "बीरा", "NAME_HU": "Beira", "NAME_ID": "Beira", "NAME_IT": "Beira", "NAME_JA": "ベイラ", "NAME_KO": "베이라", "NAME_NL": "Beira", "NAME_PL": "Beira", "NAME_SV": "Beira", "NAME_TR": "Beira", "NAME_VI": "Beira", "NE_ID": 1159150679, "NAME_FA": "بریا", "NAME_HE": "ביירה", "NAME_UK": "Бейра", "NAME_UR": "بیئرا", "NAME_ZHT": "貝拉", "GEONAMESID": 1052373, "FCLASS_ISO": null, "FCLASS_US": null, "FCLASS_FR": null, "FCLASS_RU": null, "FCLASS_ES": null, "FCLASS_CN": null, "FCLASS_TW": null, "FCLASS_IN": null, "FCLASS_NP": null, "FCLASS_PK": null, "FCLASS_DE": null, "FCLASS_GB": null, "FCLASS_BR": null, "FCLASS_IL": null, "FCLASS_PS": null, "FCLASS_SA": null, "FCLASS_EG": null, "FCLASS_MA": null, "FCLASS_PT": null, "FCLASS_AR": null, "FCLASS_JP": null, "FCLASS_KO": null, "FCLASS_VN": null, "FCLASS_TR": null, "FCLASS_ID": null, "FCLASS_PL": null, "FCLASS_GR": null, "FCLASS_IT": null, "FCLASS_NL": null, "FCLASS_SE": null, "FCLASS_BD": null, "FCLASS_UA": null, "FCLASS_TLC": null}, "bbox": [34.870006, -19.820045, 34.870006, -19.820045], "geometry": {"type": "Point", "coordinates": [34.870006, -19.820045]}}, {"type": "Feature", "properties": {"SCALERANK": 3, "NATSCALE": 110, "LABELRANK": 3, "FEATURECLA": "Populated place", "NAME": "Port Elizabeth", "NAMEPAR": null, "NAMEALT": null, "NAMEASCII": "Port Elizabeth", "ADM0CAP": 0, "CAPIN": null, "WORLDCITY": 0, "MEGACITY": 1, "SOV0NAME": "South Africa", "SOV_A3": "ZAF", "ADM0NAME": "South Africa", "ADM0_A3": "ZAF", "ADM1NAME": "Eastern Cape", "ISO_A2": "ZA", "NOTE": null, "LATITUDE": -33.968088, "LONGITUDE": 25.598083, "POP_MAX": 1021000, "POP_MIN": 640054, "POP_OTHER": 624347, "RANK_MAX": 12, "RANK_MIN": 11, "MEGANAME": "Port Elizabeth", "LS_NAME": "Port Elizabeth", "MAX_POP10": 640054, "MAX_POP20": 644496, "MAX_POP50": 644496, "MAX_POP300": 644496, "MAX_POP310": 0, "MAX_NATSCA": 100, "MIN_AREAKM": 205, "MAX_AREAKM": 215, "MIN_AREAMI": 79, "MAX_AREAMI": 83, "MIN_PERKM": 137, "MAX_PERKM": 149, "MIN_PERMI": 85, "MAX_PERMI": 93, "MIN_BBXMIN": 25.45, "MAX_BBXMIN": 25.45, "MIN_BBXMAX": 25.691667, "MAX_BBXMAX": 25.691667, "MIN_BBYMIN": -34.025, "MAX_BBYMIN": -34.025, "MIN_BBYMAX": -33.833333, "MAX_BBYMAX": -33.808333, "MEAN_BBXC": 25.560739, "MEAN_BBYC": -33.928167, "TIMEZONE": "Africa/Johannesburg", "UN_FID": 459, "POP1950": 192, "POP1955": 236, "POP1960": 289, "POP1965": 372, "POP1970": 477, "POP1975": 531, "POP1980": 590, "POP1985": 662, "POP1990": 828, "POP1995": 911, "POP2000": 958, "POP2005": 1001, "POP2010": 1021, "POP2015": 1053, "POP2020": 1102, "POP2025": 1150, "POP2050": 1197, "MIN_ZOOM": 5, "WIKIDATAID": "Q125434", "WOF_ID": 101929259, "CAPALT": 0, "NAME_EN": "Port Elizabeth", "NAME_DE": "Gqeberha", "NAME_ES": "Puerto Elizabeth", "NAME_FR": "Port Elizabeth", "NAME_PT": "Porto Elizabeth", "NAME_RU": "Порт-Элизабет", "NAME_ZH": "伊莉莎白港", "LABEL": null, "NAME_AR": "بورت إليزابيث", "NAME_BN": "পোর্ট এলিজাবেথ", "NAME_EL": "Πορτ Ελίζαμπεθ", "NAME_HI": "पोर्ट एलिज़ाबेथ", "NAME_HU": "Port Elizabeth", "NAME_ID": "Port Elizabeth", "NAME_IT": "Port Elizabeth", "NAME_JA": "ポート・エリザベス", "NAME_KO": "포트엘리자베스", "NAME_NL": "Port Elizabeth", "NAME_PL": "Port Elizabeth", "NAME_SV": "Port Elizabeth", "NAME_TR": "Port Elizabeth", "NAME_VI": "Port Elizabeth", "NE_ID": 1159150681, "NAME_FA": "پورت الیزابت", "NAME_HE": "פורט אליזבת", "NAME_UK": "Порт-Елізабет", "NAME_UR": "پورٹ الزبتھ", "NAME_ZHT": "伊莉莎白港", "GEONAMESID": 964420, "FCLASS_ISO": null, "FCLASS_US": null, "FCLASS_FR": null, "FCLASS_RU": null, "FCLASS_ES": null, "FCLASS_CN": null, "FCLASS_TW": null, "FCLASS_IN": null, "FCLASS_NP": null, "FCLASS_PK": null, "FCLASS_DE": null, "FCLASS_GB": null, "FCLASS_BR": null, "FCLASS_IL": null, "FCLASS_PS": null, "FCLASS_SA": null, "FCLASS_EG": null, "FCLASS_MA": null, "FCLASS_PT": null, "FCLASS_AR": null, "FCLASS_JP": null, "FCLASS_KO": null, "FCLASS_VN": null, "FCLASS_TR": null, "FCLASS_ID": null, "FCLASS_PL": null, "FCLASS_GR": null, "FCLASS_IT": null, "FCLASS_NL": null, "FCLASS_SE": null, "FCLASS_BD": null, "FCLASS_UA": null, "FCLASS_TLC": null}, "bbox": [25.598083, -33.968088, 25.598083, -33.968088], "geometry": {"type": "Point", "coordinates": [25.598083, -33.968088]}}, {"type": "Feature", "properties": {"SCALERANK": 3, "NATSCALE": 110, "LABELRANK": 6, "FEATURECLA": "Admin-0 capital", "NAME": "Maputo", "NAMEPAR": null, "NAMEALT": null, "NAMEASCII": "Maputo", "ADM0CAP": 1, "CAPIN": null, "WORLDCITY": 0, "MEGACITY": 1, "SOV0NAME": "Mozambique", "SOV_A3": "MOZ", "ADM0NAME": "Mozambique", "ADM0_A3": "MOZ", "ADM1NAME": "Maputo", "ISO_A2": "MZ", "NOTE": null, "LATITUDE": -25.953332, "LONGITUDE": 32.587217, "POP_MAX": 1446000, "POP_MIN": 1191613, "POP_OTHER": 1365454, "RANK_MAX": 12, "RANK_MIN": 12, "MEGANAME": "Maputo", "LS_NAME": "Maputo", "MAX_POP10": 1369629, "MAX_POP20": 1823845, "MAX_POP50": 1822603, "MAX_POP300": 1823845, "MAX_POP310": 0, "MAX_NATSCA": 100, "MIN_AREAKM": 187, "MAX_AREAKM": 313, "MIN_AREAMI": 72, "MAX_AREAMI": 121, "MIN_PERKM": 160, "MAX_PERKM": 234, "MIN_PERMI": 100, "MAX_PERMI": 145, "MIN_BBXMIN": 32.425, "MAX_BBXMIN": 32.506986, "MIN_BBXMAX": 32.65, "MAX_BBXMAX": 32.65, "MIN_BBYMIN": -25.991667, "MAX_BBYMIN": -25.983333, "MIN_BBYMAX": -25.75, "MAX_BBYMAX": -25.75, "MEAN_BBXC": 32.543778, "MEAN_BBYC": -25.880831, "TIMEZONE": "Africa/Maputo", "UN_FID": 376, "POP1950": 92, "POP1955": 129, "POP1960": 181, "POP1965": 259, "POP1970": 371, "POP1975": 456, "POP1980": 550, "POP1985": 653, "POP1990": 776, "POP1995": 921, "POP2000": 1096, "POP2005": 1334, "POP2010": 1446, "POP2015": 1621, "POP2020": 1921, "POP2025": 2235, "POP2050": 2560, "MIN_ZOOM": 5, "WIKIDATAID": "Q3889", "WOF_ID": 421167893, "CAPALT": 0, "NAME_EN": "Maputo", "NAME_DE": "Maputo", "NAME_ES": "Maputo", "NAME_FR": "Maputo", "NAME_PT": "Maputo", "NAME_RU": "Мапуту", "NAME_ZH": "马普托", "LABEL": null, "NAME_AR": "مابوتو", "NAME_BN": "মাপুতো", "NAME_EL": "Μαπούτο", "NAME_HI": "मपूटो", "NAME_HU": "Maputo", "NAME_ID": "Maputo", "NAME_IT": "Maputo", "NAME_JA": "マプト", "NAME_KO": "마푸투", "NAME_NL": "Maputo", "NAME_PL": "Maputo", "NAME_SV": "Maputo", "NAME_TR": "Maputo", "NAME_VI": "Maputo", "NE_ID": 1159150683, "NAME_FA": "ماپوتو", "NAME_HE": "מפוטו", "NAME_UK": "Мапуту", "NAME_UR": "ماپوتو", "NAME_ZHT": "馬普托", "GEONAMESID": 1040652, "FCLASS_ISO": null, "FCLASS_US": null, "FCLASS_FR": null, "FCLASS_RU": null, "FCLASS_ES": null, "FCLASS_CN": null, "FCLASS_TW": null, "FCLASS_IN": null, "FCLASS_NP": null, "FCLASS_PK": null, "FCLASS_DE": null, "FCLASS_GB": null, "FCLASS_BR": null, "FCLASS_IL": null, "FCLASS_PS": null, "FCLASS_SA": null, "FCLASS_EG": null, "FCLASS_MA": null, "FCLASS_PT": null, "FCLASS_AR": null, "FCLASS_JP": null, "FCLASS_KO": null, "FCLASS_VN": null, "FCLASS_TR": null, "FCLASS_ID": null, "FCLASS_PL": null, "FCLASS_GR": null, "FCLASS_IT": null, "FCLASS_NL": null, "FCLASS_SE": null, "FCLASS_BD": null, "FCLASS_UA": null, "FCLASS_TLC": null}, "bbox": [32.587217, -25.953332, 32.587217, -25.953332], "geometry": {"type": "Point", "coordinates": [32.587217, -25.953332]}}, {"type": "Feature", "properties": {"SCALERANK": 3, "NATSCALE": 110, "LABELRANK": 6, "FEATURECLA": "Admin-0 capital", "NAME": "Windhoek", "NAMEPAR": null, "NAMEALT": null, "NAMEASCII": "Windhoek", "ADM0CAP": 1, "CAPIN": null, "WORLDCITY": 0, "MEGACITY": 0, "SOV0NAME": "Namibia", "SOV_A3": "NAM", "ADM0NAME": "Namibia", "ADM0_A3": "NAM", "ADM1NAME": "Khomas", "ISO_A2": "NA", "NOTE": null, "LATITUDE": -22.570006, "LONGITUDE": 17.083546, "POP_MAX": 268132, "POP_MIN": 262796, "POP_OTHER": 262796, "RANK_MAX": 10, "RANK_MIN": 10, "MEGANAME": null, "LS_NAME": "Windhoek", "MAX_POP10": 262796, "MAX_POP20": 262796, "MAX_POP50": 262796, "MAX_POP300": 262796, "MAX_POP310": 0, "MAX_NATSCA": 100, "MIN_AREAKM": 89, "MAX_AREAKM": 89, "MIN_AREAMI": 35, "MAX_AREAMI": 35, "MIN_PERKM": 60, "MAX_PERKM": 60, "MIN_PERMI": 37, "MAX_PERMI": 37, "MIN_BBXMIN": 17.008333, "MAX_BBXMIN": 17.008333, "MIN_BBXMAX": 17.116667, "MAX_BBXMAX": 17.116667, "MIN_BBYMIN": -22.625, "MAX_BBYMIN": -22.625, "MIN_BBYMAX": -22.491667, "MAX_BBYMAX": -22.491667, "MEAN_BBXC": 17.064196, "MEAN_BBYC": -22.551143, "TIMEZONE": "Africa/Windhoek", "UN_FID": 0, "POP1950": 0, "POP1955": 0, "POP1960": 0, "POP1965": 0, "POP1970": 0, "POP1975": 0, "POP1980": 0, "POP1985": 0, "POP1990": 0, "POP1995": 0, "POP2000": 0, "POP2005": 0, "POP2010": 0, "POP2015": 0, "POP2020": 0, "POP2025": 0, "POP2050": 0, "MIN_ZOOM": 5, "WIKIDATAID": "Q3935", "WOF_ID": 1141909361, "CAPALT": 0, "NAME_EN": "Windhoek", "NAME_DE": "Windhoek", "NAME_ES": "Windhoek", "NAME_FR": "Windhoek", "NAME_PT": "Windhoek", "NAME_RU": "Виндхук", "NAME_ZH": "温得和克", "LABEL": null, "NAME_AR": "ويندهوك", "NAME_BN": "উইন্ডহোক", "NAME_EL": "Βίντχουκ", "NAME_HI": "विंडहोक", "NAME_HU": "Windhoek", "NAME_ID": "Windhoek", "NAME_IT": "Windhoek", "NAME_JA": "ウィントフック", "NAME_KO": "빈트후크", "NAME_NL": "Windhoek", "NAME_PL": "Windhuk", "NAME_SV": "Windhoek", "NAME_TR": "Windhoek", "NAME_VI": "Windhoek", "NE_ID": 1159150785, "NAME_FA": "ویندهوک", "NAME_HE": "וינדהוק", "NAME_UK": "Віндгук", "NAME_UR": "ونڈہوک", "NAME_ZHT": "溫得和克", "GEONAMESID": 3352136, "FCLASS_ISO": null, "FCLASS_US": null, "FCLASS_FR": null, "FCLASS_RU": null, "FCLASS_ES": null, "FCLASS_CN": null, "FCLASS_TW": null, "FCLASS_IN": null, "FCLASS_NP": null, "FCLASS_PK": null, "FCLASS_DE": null, "FCLASS_GB": null, "FCLASS_BR": null, "FCLASS_IL": null, "FCLASS_PS": null, "FCLASS_SA": null, "FCLASS_EG": null, "FCLASS_MA": null, "FCLASS_PT": null, "FCLASS_AR": null, "FCLASS_JP": null, "FCLASS_KO": null, "FCLASS_VN": null, "FCLASS_TR": null, "FCLASS_ID": null, "FCLASS_PL": null, "FCLASS_GR": null, "FCLASS_IT": null, "FCLASS_NL": null, "FCLASS_SE": null, "FCLASS_BD": null, "FCLASS_UA": null, "FCLASS_TLC": null}, "bbox": [17.083546, -22.570006, 17.083546, -22.570006], "geometry": {"type": "Point", "coordinates": [17.083546, -22.570006]}}, {"type": "Feature", "properties": {"SCALERANK": 3, "NATSCALE": 110, "LABELRANK": 6, "FEATURECLA": "Populated place", "NAME": "Grootfontein", "NAMEPAR": null, "NAMEALT": null, "NAMEASCII": "Grootfontein", "ADM0CAP": 0, "CAPIN": null, "WORLDCITY": 0, "MEGACITY": 0, "SOV0NAME": "Namibia", "SOV_A3": "NAM", "ADM0NAME": "Namibia", "ADM0_A3": "NAM", "ADM1NAME": "Otjozondjupa", "ISO_A2": "NA", "NOTE": null, "LATITUDE": -19.566624, "LONGITUDE": 18.116558, "POP_MAX": 24099, "POP_MIN": 14200, "POP_OTHER": 0, "RANK_MAX": 7, "RANK_MIN": 6, "MEGANAME": null, "LS_NAME": "Grootfontein", "MAX_POP10": 8899, "MAX_POP20": 8899, "MAX_POP50": 8899, "MAX_POP300": 8899, "MAX_POP310": 0, "MAX_NATSCA": 100, "MIN_AREAKM": 9, "MAX_AREAKM": 9, "MIN_AREAMI": 3, "MAX_AREAMI": 3, "MIN_PERKM": 14, "MAX_PERKM": 14, "MIN_PERMI": 9, "MAX_PERMI": 9, "MIN_BBXMIN": 18.091667, "MAX_BBXMIN": 18.091667, "MIN_BBXMAX": 18.116667, "MAX_BBXMAX": 18.116667, "MIN_BBYMIN": -19.583333, "MAX_BBYMIN": -19.583333, "MIN_BBYMAX": -19.541667, "MAX_BBYMAX": -19.541667, "MEAN_BBXC": 18.104924, "MEAN_BBYC": -19.564773, "TIMEZONE": "Africa/Windhoek", "UN_FID": 0, "POP1950": 0, "POP1955": 0, "POP1960": 0, "POP1965": 0, "POP1970": 0, "POP1975": 0, "POP1980": 0, "POP1985": 0, "POP1990": 0, "POP1995": 0, "POP2000": 0, "POP2005": 0, "POP2010": 0, "POP2015": 0, "POP2020": 0, "POP2025": 0, "POP2050": 0, "MIN_ZOOM": 5, "WIKIDATAID": "Q986336", "WOF_ID": 421178311, "CAPALT": 0, "NAME_EN": "Grootfontein", "NAME_DE": "Grootfontein", "NAME_ES": "Grootfontein", "NAME_FR": "Grootfontein", "NAME_PT": "Grootfontein", "NAME_RU": "Хрутфонтейн", "NAME_ZH": "赫鲁特方丹", "LABEL": null, "NAME_AR": "غرووتفونتين", "NAME_BN": "গ্রুতফন্তেন", "NAME_EL": "Γκρουτφοντέιν", "NAME_HI": "ग्रूटफोंटेन", "NAME_HU": "Grootfontein", "NAME_ID": "Grootfontein", "NAME_IT": "Grootfontein", "NAME_JA": "グルートフォンテイン", "NAME_KO": "그루트폰테인", "NAME_NL": "Grootfontein", "NAME_PL": "Grootfontein", "NAME_SV": "Grootfontein", "NAME_TR": "Grootfontein", "NAME_VI": "Grootfontein", "NE_ID": 1159150787, "NAME_FA": "گروتفونتاین", "NAME_HE": "גרוטפונטיין", "NAME_UK": "Хруатфонтейн", "NAME_UR": "گروٹ فونٹین", "NAME_ZHT": "赫魯特方丹", "GEONAMESID": 3357114, "FCLASS_ISO": null, "FCLASS_US": null, "FCLASS_FR": null, "FCLASS_RU": null, "FCLASS_ES": null, "FCLASS_CN": null, "FCLASS_TW": null, "FCLASS_IN": null, "FCLASS_NP": null, "FCLASS_PK": null, "FCLASS_DE": null, "FCLASS_GB": null, "FCLASS_BR": null, "FCLASS_IL": null, "FCLASS_PS": null, "FCLASS_SA": null, "FCLASS_EG": null, "FCLASS_MA": null, "FCLASS_PT": null, "FCLASS_AR": null, "FCLASS_JP": null, "FCLASS_KO": null, "FCLASS_VN": null, "FCLASS_TR": null, "FCLASS_ID": null, "FCLASS_PL": null, "FCLASS_GR": null, "FCLASS_IT": null, "FCLASS_NL": null, "FCLASS_SE": null, "FCLASS_BD": null, "FCLASS_UA": null, "FCLASS_TLC": null}, "bbox": [18.116558, -19.566623, 18.116558, -19.566623], "geometry": {"type": "Point", "coordinates": [18.116558, -19.566623]}}, {"type": "Feature", "properties": {"SCALERANK": 3, "NATSCALE": 110, "LABELRANK": 8, "FEATURECLA": "Admin-0 capital", "NAME": "Maseru", "NAMEPAR": null, "NAMEALT": null, "NAMEASCII": "Maseru", "ADM0CAP": 1, "CAPIN": null, "WORLDCITY": 0, "MEGACITY": 0, "SOV0NAME": "Lesotho", "SOV_A3": "LSO", "ADM0NAME": "Lesotho", "ADM0_A3": "LSO", "ADM1NAME": "Maseru", "ISO_A2": "LS", "NOTE": null, "LATITUDE": -29.316674, "LONGITUDE": 27.483273, "POP_MAX": 361324, "POP_MIN": 118355, "POP_OTHER": 356225, "RANK_MAX": 10, "RANK_MIN": 9, "MEGANAME": null, "LS_NAME": "Maseru", "MAX_POP10": 361324, "MAX_POP20": 361324, "MAX_POP50": 361324, "MAX_POP300": 361324, "MAX_POP310": 0, "MAX_NATSCA": 100, "MIN_AREAKM": 141, "MAX_AREAKM": 141, "MIN_AREAMI": 54, "MAX_AREAMI": 54, "MIN_PERKM": 177, "MAX_PERKM": 177, "MIN_PERMI": 110, "MAX_PERMI": 110, "MIN_BBXMIN": 27.458333, "MAX_BBXMIN": 27.458333, "MIN_BBXMAX": 27.616667, "MAX_BBXMAX": 27.616667, "MIN_BBYMIN": -29.525, "MAX_BBYMIN": -29.525, "MIN_BBYMAX": -29.241667, "MAX_BBYMAX": -29.241667, "MEAN_BBXC": 27.536702, "MEAN_BBYC": -29.350222, "TIMEZONE": "Africa/Maseru", "UN_FID": 0, "POP1950": 0, "POP1955": 0, "POP1960": 0, "POP1965": 0, "POP1970": 0, "POP1975": 0, "POP1980": 0, "POP1985": 0, "POP1990": 0, "POP1995": 0, "POP2000": 0, "POP2005": 0, "POP2010": 0, "POP2015": 0, "POP2020": 0, "POP2025": 0, "POP2050": 0, "MIN_ZOOM": 5, "WIKIDATAID": "Q3909", "WOF_ID": 421195189, "CAPALT": 0, "NAME_EN": "Maseru", "NAME_DE": "Maseru", "NAME_ES": "Maseru", "NAME_FR": "Maseru", "NAME_PT": "Maseru", "NAME_RU": "Масеру", "NAME_ZH": "马塞卢", "LABEL": null, "NAME_AR": "ماسيرو", "NAME_BN": "মাসেরু", "NAME_EL": "Μαζέρου", "NAME_HI": "मासेरु", "NAME_HU": "Maseru", "NAME_ID": "Maseru", "NAME_IT": "Maseru", "NAME_JA": "マセル", "NAME_KO": "마세루", "NAME_NL": "Maseru", "NAME_PL": "Maseru", "NAME_SV": "Maseru", "NAME_TR": "Maseru", "NAME_VI": "Maseru", "NE_ID": 1159150831, "NAME_FA": "ماسرو", "NAME_HE": "מסרו", "NAME_UK": "Масеру", "NAME_UR": "ماسیرو", "NAME_ZHT": "马塞卢", "GEONAMESID": 932505, "FCLASS_ISO": null, "FCLASS_US": null, "FCLASS_FR": null, "FCLASS_RU": null, "FCLASS_ES": null, "FCLASS_CN": null, "FCLASS_TW": null, "FCLASS_IN": null, "FCLASS_NP": null, "FCLASS_PK": null, "FCLASS_DE": null, "FCLASS_GB": null, "FCLASS_BR": null, "FCLASS_IL": null, "FCLASS_PS": null, "FCLASS_SA": null, "FCLASS_EG": null, "FCLASS_MA": null, "FCLASS_PT": null, "FCLASS_AR": null, "FCLASS_JP": null, "FCLASS_KO": null, "FCLASS_VN": null, "FCLASS_TR": null, "FCLASS_ID": null, "FCLASS_PL": null, "FCLASS_GR": null, "FCLASS_IT": null, "FCLASS_NL": null, "FCLASS_SE": null, "FCLASS_BD": null, "FCLASS_UA": null, "FCLASS_TLC": null}, "bbox": [27.483273, -29.316674, 27.483273, -29.316674], "geometry": {"type": "Point", "coordinates": [27.483273, -29.316674]}}, {"type": "Feature", "properties": {"SCALERANK": 3, "NATSCALE": 110, "LABELRANK": 7, "FEATURECLA": "Admin-0 capital", "NAME": "Gaborone", "NAMEPAR": null, "NAMEALT": null, "NAMEASCII": "Gaborone", "ADM0CAP": 1, "CAPIN": null, "WORLDCITY": 0, "MEGACITY": 0, "SOV0NAME": "Botswana", "SOV_A3": "BWA", "ADM0NAME": "Botswana", "ADM0_A3": "BWA", "ADM1NAME": "South-East", "ISO_A2": "BW", "NOTE": null, "LATITUDE": -24.646314, "LONGITUDE": 25.911948, "POP_MAX": 208411, "POP_MIN": 159243, "POP_OTHER": 158896, "RANK_MAX": 10, "RANK_MIN": 9, "MEGANAME": null, "LS_NAME": "Gaborone", "MAX_POP10": 159243, "MAX_POP20": 159243, "MAX_POP50": 159243, "MAX_POP300": 159243, "MAX_POP310": 0, "MAX_NATSCA": 100, "MIN_AREAKM": 72, "MAX_AREAKM": 72, "MIN_AREAMI": 28, "MAX_AREAMI": 28, "MIN_PERKM": 59, "MAX_PERKM": 59, "MIN_PERMI": 37, "MAX_PERMI": 37, "MIN_BBXMIN": 25.858333, "MAX_BBXMIN": 25.858333, "MIN_BBXMAX": 25.991667, "MAX_BBXMAX": 25.991667, "MIN_BBYMIN": -24.7, "MAX_BBYMIN": -24.7, "MIN_BBYMAX": -24.6, "MAX_BBYMAX": -24.6, "MEAN_BBXC": 25.925091, "MEAN_BBYC": -24.656793, "TIMEZONE": "Africa/Gaborone", "UN_FID": 0, "POP1950": 0, "POP1955": 0, "POP1960": 0, "POP1965": 0, "POP1970": 0, "POP1975": 0, "POP1980": 0, "POP1985": 0, "POP1990": 0, "POP1995": 0, "POP2000": 0, "POP2005": 0, "POP2010": 0, "POP2015": 0, "POP2020": 0, "POP2025": 0, "POP2050": 0, "MIN_ZOOM": 5, "WIKIDATAID": "Q3919", "WOF_ID": 421174929, "CAPALT": 0, "NAME_EN": "Gaborone", "NAME_DE": "Gaborone", "NAME_ES": "Gaborone", "NAME_FR": "Gaborone", "NAME_PT": "Gaborone", "NAME_RU": "Габороне", "NAME_ZH": "嘉柏隆里", "LABEL": null, "NAME_AR": "غابورون", "NAME_BN": "গ্যাবোরোন", "NAME_EL": "Γκαμπορόνε", "NAME_HI": "गोबोर्नी", "NAME_HU": "Gaborone", "NAME_ID": "Gaborone", "NAME_IT": "Gaborone", "NAME_JA": "ハボローネ", "NAME_KO": "가보로네", "NAME_NL": "Gaborone", "NAME_PL": "Gaborone", "NAME_SV": "Gaborone", "NAME_TR": "Gaborone", "NAME_VI": "Gaborone", "NE_ID": 1159151153, "NAME_FA": "گابورون", "NAME_HE": "גאבורון", "NAME_UK": "Габороне", "NAME_UR": "گبرون", "NAME_ZHT": "嘉柏隆里", "GEONAMESID": 933773, "FCLASS_ISO": null, "FCLASS_US": null, "FCLASS_FR": null, "FCLASS_RU": null, "FCLASS_ES": null, "FCLASS_CN": null, "FCLASS_TW": null, "FCLASS_IN": null, "FCLASS_NP": null, "FCLASS_PK": null, "FCLASS_DE": null, "FCLASS_GB": null, "FCLASS_BR": null, "FCLASS_IL": null, "FCLASS_PS": null, "FCLASS_SA": null, "FCLASS_EG": null, "FCLASS_MA": null, "FCLASS_PT": null, "FCLASS_AR": null, "FCLASS_JP": null, "FCLASS_KO": null, "FCLASS_VN": null, "FCLASS_TR": null, "FCLASS_ID": null, "FCLASS_PL": null, "FCLASS_GR": null, "FCLASS_IT": null, "FCLASS_NL": null, "FCLASS_SE": null, "FCLASS_BD": null, "FCLASS_UA": null, "FCLASS_TLC": null}, "bbox": [25.911948, -24.646314, 25.911948, -24.646314], "geometry": {"type": "Point", "coordinates": [25.911948, -24.646314]}}, {"type": "Feature", "properties": {"SCALERANK": 2, "NATSCALE": 200, "LABELRANK": 3, "FEATURECLA": "Populated place", "NAME": "Durban", "NAMEPAR": null, "NAMEALT": null, "NAMEASCII": "Durban", "ADM0CAP": 0, "CAPIN": null, "WORLDCITY": 0, "MEGACITY": 1, "SOV0NAME": "South Africa", "SOV_A3": "ZAF", "ADM0NAME": "South Africa", "ADM0_A3": "ZAF", "ADM1NAME": "KwaZulu-Natal", "ISO_A2": "ZA", "NOTE": null, "LATITUDE": -29.863067, "LONGITUDE": 30.978065, "POP_MAX": 2729000, "POP_MIN": 2729000, "POP_OTHER": 2844873, "RANK_MAX": 12, "RANK_MIN": 12, "MEGANAME": "Durban", "LS_NAME": "Durban", "MAX_POP10": 2847335, "MAX_POP20": 2847335, "MAX_POP50": 2847335, "MAX_POP300": 2847335, "MAX_POP310": 0, "MAX_NATSCA": 100, "MIN_AREAKM": 554, "MAX_AREAKM": 554, "MIN_AREAMI": 214, "MAX_AREAMI": 214, "MIN_PERKM": 381, "MAX_PERKM": 381, "MIN_PERMI": 237, "MAX_PERMI": 237, "MIN_BBXMIN": 30.775, "MAX_BBXMIN": 30.775, "MIN_BBXMAX": 31.075, "MAX_BBXMAX": 31.075, "MIN_BBYMIN": -30.025, "MAX_BBYMIN": -30.025, "MIN_BBYMAX": -29.65, "MAX_BBYMAX": -29.65, "MEAN_BBXC": 30.938026, "MEAN_BBYC": -29.835988, "TIMEZONE": "Africa/Johannesburg", "UN_FID": 456, "POP1950": 484, "POP1955": 573, "POP1960": 677, "POP1965": 761, "POP1970": 856, "POP1975": 1019, "POP1980": 1214, "POP1985": 1446, "POP1990": 1723, "POP1995": 2081, "POP2000": 2370, "POP2005": 2635, "POP2010": 2729, "POP2015": 2839, "POP2020": 2962, "POP2025": 3070, "POP2050": 3173, "MIN_ZOOM": 4, "WIKIDATAID": "Q5468", "WOF_ID": 101927971, "CAPALT": 0, "NAME_EN": "Durban", "NAME_DE": "Durban", "NAME_ES": "Durban", "NAME_FR": "Durban", "NAME_PT": "Durban", "NAME_RU": "Дурбан", "NAME_ZH": "德班", "LABEL": null, "NAME_AR": "ديربان", "NAME_BN": "ডারবান", "NAME_EL": "Ντέρμπαν", "NAME_HI": "डर्बन", "NAME_HU": "Durban", "NAME_ID": "Durban", "NAME_IT": "Durban", "NAME_JA": "ダーバン", "NAME_KO": "더반", "NAME_NL": "Durban", "NAME_PL": "Durban", "NAME_SV": "Durban", "NAME_TR": "Durban", "NAME_VI": "Durban", "NE_ID": 1159151289, "NAME_FA": "دوربان", "NAME_HE": "דרבן", "NAME_UK": "Дурбан", "NAME_UR": "ڈربن", "NAME_ZHT": "德本", "GEONAMESID": 1007311, "FCLASS_ISO": null, "FCLASS_US": null, "FCLASS_FR": null, "FCLASS_RU": null, "FCLASS_ES": null, "FCLASS_CN": null, "FCLASS_TW": null, "FCLASS_IN": null, "FCLASS_NP": null, "FCLASS_PK": null, "FCLASS_DE": null, "FCLASS_GB": null, "FCLASS_BR": null, "FCLASS_IL": null, "FCLASS_PS": null, "FCLASS_SA": null, "FCLASS_EG": null, "FCLASS_MA": null, "FCLASS_PT": null, "FCLASS_AR": null, "FCLASS_JP": null, "FCLASS_KO": null, "FCLASS_VN": null, "FCLASS_TR": null, "FCLASS_ID": null, "FCLASS_PL": null, "FCLASS_GR": null, "FCLASS_IT": null, "FCLASS_NL": null, "FCLASS_SE": null, "FCLASS_BD": null, "FCLASS_UA": null, "FCLASS_TLC": null}, "bbox": [31.010944, -29.860662, 31.010944, -29.860662], "geometry": {"type": "Point", "coordinates": [31.010944, -29.860662]}}, {"type": "Feature", "properties": {"SCALERANK": 1, "NATSCALE": 300, "LABELRANK": 3, "FEATURECLA": "Admin-0 capital", "NAME": "Johannesburg", "NAMEPAR": null, "NAMEALT": null, "NAMEASCII": "Johannesburg", "ADM0CAP": 0, "CAPIN": null, "WORLDCITY": 1, "MEGACITY": 1, "SOV0NAME": "South Africa", "SOV_A3": "ZAF", "ADM0NAME": "South Africa", "ADM0_A3": "ZAF", "ADM1NAME": "Gauteng", "ISO_A2": "ZA", "NOTE": null, "LATITUDE": -26.168099, "LONGITUDE": 28.028064, "POP_MAX": 3435000, "POP_MIN": 2026469, "POP_OTHER": 3852246, "RANK_MAX": 12, "RANK_MIN": 12, "MEGANAME": "Johannesburg", "LS_NAME": "Johannesburg", "MAX_POP10": 3887168, "MAX_POP20": 5413549, "MAX_POP50": 5413549, "MAX_POP300": 5413549, "MAX_POP310": 5451385, "MAX_NATSCA": 300, "MIN_AREAKM": 1124, "MAX_AREAKM": 1614, "MIN_AREAMI": 434, "MAX_AREAMI": 623, "MIN_PERKM": 497, "MAX_PERKM": 828, "MIN_PERMI": 309, "MAX_PERMI": 514, "MIN_BBXMIN": 27.733333, "MAX_BBXMIN": 27.733333, "MIN_BBXMAX": 28.193693, "MAX_BBXMAX": 28.491667, "MIN_BBYMIN": -26.4, "MAX_BBYMIN": -26.4, "MIN_BBYMAX": -25.991667, "MAX_BBYMAX": -25.941667, "MEAN_BBXC": 28.063712, "MEAN_BBYC": -26.187259, "TIMEZONE": "Africa/Johannesburg", "UN_FID": 458, "POP1950": 900, "POP1955": 1016, "POP1960": 1147, "POP1965": 1288, "POP1970": 1444, "POP1975": 1547, "POP1980": 1656, "POP1985": 1773, "POP1990": 1898, "POP1995": 2265, "POP2000": 2732, "POP2005": 3258, "POP2010": 3435, "POP2015": 3618, "POP2020": 3785, "POP2025": 3916, "POP2050": 4041, "MIN_ZOOM": 3, "WIKIDATAID": "Q34647", "WOF_ID": 101925753, "CAPALT": 0, "NAME_EN": "Johannesburg", "NAME_DE": "Johannesburg", "NAME_ES": "Johannesburgo", "NAME_FR": "Johannesbourg", "NAME_PT": "Joanesburgo", "NAME_RU": "Йоханнесбург", "NAME_ZH": "约翰内斯堡", "LABEL": null, "NAME_AR": "جوهانسبرغ", "NAME_BN": "জোহানেসবার্গ", "NAME_EL": "Γιοχάνεσμπουργκ", "NAME_HI": "जोहानिसबर्ग", "NAME_HU": "Johannesburg", "NAME_ID": "Johannesburg", "NAME_IT": "Johannesburg", "NAME_JA": "ヨハネスブルグ", "NAME_KO": "요하네스버그", "NAME_NL": "Johannesburg", "NAME_PL": "Johannesburg", "NAME_SV": "Johannesburg", "NAME_TR": "Johannesburg", "NAME_VI": "Johannesburg", "NE_ID": 1159151515, "NAME_FA": "ژوهانسبورگ", "NAME_HE": "יוהנסבורג", "NAME_UK": "Йоганнесбург", "NAME_UR": "جوہانسبرگ", "NAME_ZHT": "約翰尼斯堡", "GEONAMESID": 993800, "FCLASS_ISO": null, "FCLASS_US": null, "FCLASS_FR": null, "FCLASS_RU": null, "FCLASS_ES": null, "FCLASS_CN": null, "FCLASS_TW": null, "FCLASS_IN": null, "FCLASS_NP": null, "FCLASS_PK": null, "FCLASS_DE": null, "FCLASS_GB": null, "FCLASS_BR": null, "FCLASS_IL": null, "FCLASS_PS": null, "FCLASS_SA": null, "FCLASS_EG": null, "FCLASS_MA": null, "FCLASS_PT": null, "FCLASS_AR": null, "FCLASS_JP": null, "FCLASS_KO": null, "FCLASS_VN": null, "FCLASS_TR": null, "FCLASS_ID": null, "FCLASS_PL": null, "FCLASS_GR": null, "FCLASS_IT": null, "FCLASS_NL": null, "FCLASS_SE": null, "FCLASS_BD": null, "FCLASS_UA": null, "FCLASS_TLC": null}, "bbox": [28.028064, -26.168099, 28.028064, -26.168099], "geometry": {"type": "Point", "coordinates": [28.028064, -26.168099]}}, {"type": "Feature", "properties": {"SCALERANK": 0, "NATSCALE": 600, "LABELRANK": 3, "FEATURECLA": "Admin-0 capital", "NAME": "Cape Town", "NAMEPAR": null, "NAMEALT": null, "NAMEASCII": "Cape Town", "ADM0CAP": 1, "CAPIN": "Legislative cap", "WORLDCITY": 1, "MEGACITY": 1, "SOV0NAME": "South Africa", "SOV_A3": "ZAF", "ADM0NAME": "South Africa", "ADM0_A3": "ZAF", "ADM1NAME": "Western Cape", "ISO_A2": "ZA", "NOTE": null, "LATITUDE": -33.918065, "LONGITUDE": 18.433042, "POP_MAX": 3215000, "POP_MIN": 2432858, "POP_OTHER": 2401318, "RANK_MAX": 12, "RANK_MIN": 12, "MEGANAME": "Cape Town", "LS_NAME": "Cape Town", "MAX_POP10": 2432858, "MAX_POP20": 2443605, "MAX_POP50": 2443605, "MAX_POP300": 2443605, "MAX_POP310": 0, "MAX_NATSCA": 100, "MIN_AREAKM": 534, "MAX_AREAKM": 542, "MIN_AREAMI": 206, "MAX_AREAMI": 209, "MIN_PERKM": 295, "MAX_PERKM": 300, "MIN_PERMI": 183, "MAX_PERMI": 187, "MIN_BBXMIN": 18.375, "MAX_BBXMIN": 18.375, "MIN_BBXMAX": 18.724745, "MAX_BBXMAX": 18.741667, "MIN_BBYMIN": -34.108333, "MAX_BBYMIN": -34.108333, "MIN_BBYMAX": -33.808333, "MAX_BBYMAX": -33.808333, "MEAN_BBXC": 18.557208, "MEAN_BBYC": -33.954979, "TIMEZONE": "Africa/Johannesburg", "UN_FID": 455, "POP1950": 618, "POP1955": 705, "POP1960": 803, "POP1965": 945, "POP1970": 1114, "POP1975": 1339, "POP1980": 1609, "POP1985": 1925, "POP1990": 2155, "POP1995": 2394, "POP2000": 2715, "POP2005": 3087, "POP2010": 3215, "POP2015": 3357, "POP2020": 3504, "POP2025": 3627, "POP2050": 3744, "MIN_ZOOM": 1.7, "WIKIDATAID": "Q5465", "WOF_ID": 101928027, "CAPALT": 1, "NAME_EN": "Cape Town", "NAME_DE": "Kapstadt", "NAME_ES": "Ciudad del Cabo", "NAME_FR": "Le Cap", "NAME_PT": "Cidade do Cabo", "NAME_RU": "Кейптаун", "NAME_ZH": "开普敦", "LABEL": null, "NAME_AR": "كيب تاون", "NAME_BN": "কেপ টাউন", "NAME_EL": "Κέιπ Τάουν", "NAME_HI": "केप टाउन", "NAME_HU": "Fokváros", "NAME_ID": "Cape Town", "NAME_IT": "Città del Capo", "NAME_JA": "ケープタウン", "NAME_KO": "케이프타운", "NAME_NL": "Kaapstad", "NAME_PL": "Kapsztad", "NAME_SV": "Kapstaden", "NAME_TR": "Kap Şehri", "NAME_VI": "Cape Town", "NE_ID": 1159151583, "NAME_FA": "کیپتاون", "NAME_HE": "קייפטאון", "NAME_UK": "Кейптаун", "NAME_UR": "کیپ ٹاؤن", "NAME_ZHT": "開普敦", "GEONAMESID": 3369157, "FCLASS_ISO": null, "FCLASS_US": null, "FCLASS_FR": null, "FCLASS_RU": null, "FCLASS_ES": null, "FCLASS_CN": null, "FCLASS_TW": null, "FCLASS_IN": null, "FCLASS_NP": null, "FCLASS_PK": null, "FCLASS_DE": null, "FCLASS_GB": null, "FCLASS_BR": null, "FCLASS_IL": null, "FCLASS_PS": null, "FCLASS_SA": null, "FCLASS_EG": null, "FCLASS_MA": null, "FCLASS_PT": null, "FCLASS_AR": null, "FCLASS_JP": null, "FCLASS_KO": null, "FCLASS_VN": null, "FCLASS_TR": null, "FCLASS_ID": null, "FCLASS_PL": null, "FCLASS_GR": null, "FCLASS_IT": null, "FCLASS_NL": null, "FCLASS_SE": null, "FCLASS_BD": null, "FCLASS_UA": null, "FCLASS_TLC": null}, "bbox": [18.433042, -33.918065, 18.433042, -33.918065], "geometry": {"type": "Point", "coordinates": [18.433042, -33.918065]}}]}