{"type": "FeatureCollection", "features": [{"type": "Feature", "properties": {"featurecla": "Admin-0 country", "scalerank": 1, "LABELRANK": 3, "SOVEREIGNT": "Zimbabwe", "SOV_A3": "ZWE", "ADM0_DIF": 0, "LEVEL": 2, "TYPE": "Sovereign country", "TLC": "1", "ADMIN": "Zimbabwe", "ADM0_A3": "ZWE", "GEOU_DIF": 0, "GEOUNIT": "Zimbabwe", "GU_A3": "ZWE", "SU_DIF": 0, "SUBUNIT": "Zimbabwe", "SU_A3": "ZWE", "BRK_DIFF": 0, "NAME": "Zimbabwe", "NAME_LONG": "Zimbabwe", "BRK_A3": "ZWE", "BRK_NAME": "Zimbabwe", "BRK_GROUP": null, "ABBREV": "Zimb.", "POSTAL": "ZW", "FORMAL_EN": "Republic of Zimbabwe", "FORMAL_FR": null, "NAME_CIAWF": "Zimbabwe", "NOTE_ADM0": null, "NOTE_BRK": null, "NAME_SORT": "Zimbabwe", "NAME_ALT": null, "MAPCOLOR7": 1, "MAPCOLOR8": 5, "MAPCOLOR9": 3, "MAPCOLOR13": 9, "POP_EST": 14645468, "POP_RANK": 14, "POP_YEAR": 2019, "GDP_MD": 21440, "GDP_YEAR": 2019, "ECONOMY": "5. Emerging region: G20", "INCOME_GRP": "5. Low income", "FIPS_10": "ZI", "ISO_A2": "ZW", "ISO_A2_EH": "ZW", "ISO_A3": "ZWE", "ISO_A3_EH": "ZWE", "ISO_N3": "716", "ISO_N3_EH": "716", "UN_A3": "716", "WB_A2": "ZW", "WB_A3": "ZWE", "WOE_ID": 23425004, "WOE_ID_EH": 23425004, "WOE_NOTE": "Exact WOE match as country", "ADM0_ISO": "ZWE", "ADM0_DIFF": null, "ADM0_TLC": "ZWE", "ADM0_A3_US": "ZWE", "ADM0_A3_FR": "ZWE", "ADM0_A3_RU": "ZWE", "ADM0_A3_ES": "ZWE", "ADM0_A3_CN": "ZWE", "ADM0_A3_TW": "ZWE", "ADM0_A3_IN": "ZWE", "ADM0_A3_NP": "ZWE", "ADM0_A3_PK": "ZWE", "ADM0_A3_DE": "ZWE", "ADM0_A3_GB": "ZWE", "ADM0_A3_BR": "ZWE", "ADM0_A3_IL": "ZWE", "ADM0_A3_PS": "ZWE", "ADM0_A3_SA": "ZWE", "ADM0_A3_EG": "ZWE", "ADM0_A3_MA": "ZWE", "ADM0_A3_PT": "ZWE", "ADM0_A3_AR": "ZWE", "ADM0_A3_JP": "ZWE", "ADM0_A3_KO": "ZWE", "ADM0_A3_VN": "ZWE", "ADM0_A3_TR": "ZWE", "ADM0_A3_ID": "ZWE", "ADM0_A3_PL": "ZWE", "ADM0_A3_GR": "ZWE", "ADM0_A3_IT": "ZWE", "ADM0_A3_NL": "ZWE", "ADM0_A3_SE": "ZWE", "ADM0_A3_BD": "ZWE", "ADM0_A3_UA": "ZWE", "ADM0_A3_UN": -99, "ADM0_A3_WB": -99, "CONTINENT": "Africa", "REGION_UN": "Africa", "SUBREGION": "Eastern Africa", "REGION_WB": "Sub-Saharan Africa", "NAME_LEN": 8, "LONG_LEN": 8, "ABBREV_LEN": 5, "TINY": -99, "HOMEPART": 1, "MIN_ZOOM": 0, "MIN_LABEL": 2.5, "MAX_LABEL": 8, "LABEL_X": 29.925444, "LABEL_Y": -18.91164, "NE_ID": 1159321441, "WIKIDATAID": "Q954", "NAME_AR": "زيمبابوي", "NAME_BN": "জিম্বাবুয়ে", "NAME_DE": "Simbabwe", "NAME_EN": "Zimbabwe", "NAME_ES": "Zimbabue", "NAME_FA": "زیمبابوه", "NAME_FR": "Zimbabwe", "NAME_EL": "Ζιμπάμπουε", "NAME_HE": "זימבבואה", "NAME_HI": "ज़िम्बाब्वे", "NAME_HU": "Zimbabwe", "NAME_ID": "Zimbabwe", "NAME_IT": "Zimbabwe", "NAME_JA": "ジンバブエ", "NAME_KO": "짐바브웨", "NAME_NL": "Zimbabwe", "NAME_PL": "Zimbabwe", "NAME_PT": "Zimbábue", "NAME_RU": "Зимбабве", "NAME_SV": "Zimbabwe", "NAME_TR": "Zimbabve", "NAME_UK": "Зімбабве", "NAME_UR": "زمبابوے", "NAME_VI": "Zimbabwe", "NAME_ZH": "津巴布韦", "NAME_ZHT": "辛巴威", "FCLASS_ISO": "Admin-0 country", "TLC_DIFF": null, "FCLASS_TLC": "Admin-0 country", "FCLASS_US": null, "FCLASS_FR": null, "FCLASS_RU": null, "FCLASS_ES": null, "FCLASS_CN": null, "FCLASS_TW": null, "FCLASS_IN": null, "FCLASS_NP": null, "FCLASS_PK": null, "FCLASS_DE": null, "FCLASS_GB": null, "FCLASS_BR": null, "FCLASS_IL": null, "FCLASS_PS": null, "FCLASS_SA": null, "FCLASS_EG": null, "FCLASS_MA": null, "FCLASS_PT": null, "FCLASS_AR": null, "FCLASS_JP": null, "FCLASS_KO": null, "FCLASS_VN": null, "FCLASS_TR": null, "FCLASS_ID": null, "FCLASS_PL": null, "FCLASS_GR": null, "FCLASS_IT": null, "FCLASS_NL": null, "FCLASS_SE": null, "FCLASS_BD": null, "FCLASS_UA": null}, "bbox": [25.224023, -22.402051, 33.006738, -15.643066], "geometry": {"type": "Polygon", "coordinates": [[[31.287891, -22.402051], [31.197266, -22.344922], [31.073438, -22.307813], [30.916113, -22.290723], [30.711621, -22.297852], [30.460156, -22.329004], [30.19043, -22.291113], [29.902344, -22.18418], [29.663086, -22.146289], [29.377441, -22.192773], [29.364844, -22.193945], [29.315234, -22.157715], [29.237207, -22.079492], [29.106836, -22.065723], [29.071484, -22.047461], [29.042383, -22.018359], [29.02334, -21.98125], [29.01582, -21.939941], [29.037305, -21.811328], [29.025586, -21.796875], [28.990723, -21.781445], [28.919336, -21.766016], [28.747754, -21.707617], [28.532031, -21.65127], [28.181641, -21.589355], [28.045605, -21.573047], [28.014063, -21.554199], [27.974609, -21.506738], [27.907422, -21.359082], [27.844141, -21.261523], [27.693457, -21.111035], [27.669434, -21.064258], [27.676953, -20.944824], [27.688086, -20.84834], [27.704297, -20.766406], [27.696973, -20.689746], [27.694824, -20.594531], [27.699609, -20.530664], [27.679297, -20.503027], [27.624609, -20.483594], [27.468945, -20.474805], [27.280762, -20.478711], [27.274609, -20.381836], [27.256738, -20.232031], [27.221484, -20.145801], [27.178223, -20.100977], [27.091797, -20.054199], [26.916699, -19.990137], [26.678223, -19.892773], [26.474609, -19.748633], [26.241016, -19.569336], [26.168066, -19.538281], [26.081934, -19.369922], [25.950684, -19.081738], [25.95918, -18.985645], [25.939355, -18.938672], [25.811914, -18.79707], [25.783691, -18.723535], [25.76123, -18.649219], [25.558301, -18.441797], [25.489258, -18.35127], [25.436719, -18.234961], [25.384375, -18.141992], [25.340234, -18.104492], [25.282422, -18.041211], [25.242285, -17.969043], [25.224023, -17.915234], [25.239063, -17.843066], [25.258789, -17.793555], [25.451758, -17.845117], [25.557129, -17.849512], [25.639648, -17.824121], [25.741602, -17.858203], [25.863281, -17.951953], [25.995898, -17.969824], [26.139551, -17.911719], [26.333398, -17.929297], [26.577539, -18.022559], [26.779883, -18.041504], [27.020801, -17.958398], [27.235742, -17.72832], [27.437891, -17.511914], [27.636719, -17.262109], [27.756543, -17.060352], [27.932227, -16.896191], [28.16377, -16.769727], [28.399805, -16.662793], [28.760645, -16.531934], [28.760547, -16.532129], [28.832715, -16.424121], [28.856738, -16.306152], [28.856738, -16.142285], [28.875586, -16.036133], [28.913086, -15.987793], [28.973047, -15.950098], [29.050586, -15.901172], [29.287891, -15.776465], [29.487305, -15.696777], [29.72959, -15.644629], [29.994922, -15.644043], [30.250684, -15.643457], [30.396094, -15.643066], [30.398145, -15.800781], [30.409375, -15.978223], [30.437793, -15.995313], [30.630176, -15.999219], [30.93877, -16.011719], [31.23623, -16.023633], [31.426172, -16.152344], [31.489844, -16.179688], [31.687598, -16.21416], [31.939844, -16.428809], [32.243262, -16.44873], [32.451953, -16.515723], [32.63584, -16.589453], [32.741797, -16.677637], [32.810254, -16.697656], [32.90293, -16.704199], [32.948047, -16.712305], [32.937891, -16.775977], [32.87627, -16.883594], [32.884375, -17.037793], [32.969336, -17.251563], [32.980762, -17.4375], [32.954688, -17.76543], [32.955566, -18.08291], [32.964648, -18.196289], [32.978516, -18.271484], [32.996387, -18.312598], [32.993066, -18.35957], [32.94248, -18.492676], [32.90166, -18.63291], [32.900293, -18.689063], [32.88457, -18.728516], [32.854492, -18.763672], [32.721973, -18.828418], [32.699219, -18.868457], [32.699707, -18.940918], [32.716504, -19.001855], [32.766211, -19.024316], [32.826172, -19.058789], [32.849805, -19.104395], [32.85, -19.152441], [32.830957, -19.241406], [32.777637, -19.38877], [32.830762, -19.558203], [32.89043, -19.668066], [32.972656, -19.79541], [33.006738, -19.873828], [33.004883, -19.930176], [32.992773, -19.984863], [32.869629, -20.217188], [32.780859, -20.361523], [32.672559, -20.516113], [32.529297, -20.613086], [32.492383, -20.659766], [32.477637, -20.712988], [32.482813, -20.828906], [32.476172, -20.950098], [32.353613, -21.136523], [32.429785, -21.29707], [32.412402, -21.311816], [32.371094, -21.334863], [32.194727, -21.51543], [32.016309, -21.698047], [31.885938, -21.831543], [31.737695, -21.983398], [31.571484, -22.153516], [31.429492, -22.298828], [31.287891, -22.402051]]]}}, {"type": "Feature", "properties": {"featurecla": "Admin-0 country", "scalerank": 1, "LABELRANK": 3, "SOVEREIGNT": "Zambia", "SOV_A3": "ZMB", "ADM0_DIF": 0, "LEVEL": 2, "TYPE": "Sovereign country", "TLC": "1", "ADMIN": "Zambia", "ADM0_A3": "ZMB", "GEOU_DIF": 0, "GEOUNIT": "Zambia", "GU_A3": "ZMB", "SU_DIF": 0, "SUBUNIT": "Zambia", "SU_A3": "ZMB", "BRK_DIFF": 0, "NAME": "Zambia", "NAME_LONG": "Zambia", "BRK_A3": "ZMB", "BRK_NAME": "Zambia", "BRK_GROUP": null, "ABBREV": "Zambia", "POSTAL": "ZM", "FORMAL_EN": "Republic of Zambia", "FORMAL_FR": null, "NAME_CIAWF": "Zambia", "NOTE_ADM0": null, "NOTE_BRK": null, "NAME_SORT": "Zambia", "NAME_ALT": null, "MAPCOLOR7": 5, "MAPCOLOR8": 8, "MAPCOLOR9": 5, "MAPCOLOR13": 13, "POP_EST": 17861030, "POP_RANK": 14, "POP_YEAR": 2019, "GDP_MD": 23309, "GDP_YEAR": 2019, "ECONOMY": "7. Least developed region", "INCOME_GRP": "4. Lower middle income", "FIPS_10": "ZA", "ISO_A2": "ZM", "ISO_A2_EH": "ZM", "ISO_A3": "ZMB", "ISO_A3_EH": "ZMB", "ISO_N3": "894", "ISO_N3_EH": "894", "UN_A3": "894", "WB_A2": "ZM", "WB_A3": "ZMB", "WOE_ID": 23425003, "WOE_ID_EH": 23425003, "WOE_NOTE": "Exact WOE match as country", "ADM0_ISO": "ZMB", "ADM0_DIFF": null, "ADM0_TLC": "ZMB", "ADM0_A3_US": "ZMB", "ADM0_A3_FR": "ZMB", "ADM0_A3_RU": "ZMB", "ADM0_A3_ES": "ZMB", "ADM0_A3_CN": "ZMB", "ADM0_A3_TW": "ZMB", "ADM0_A3_IN": "ZMB", "ADM0_A3_NP": "ZMB", "ADM0_A3_PK": "ZMB", "ADM0_A3_DE": "ZMB", "ADM0_A3_GB": "ZMB", "ADM0_A3_BR": "ZMB", "ADM0_A3_IL": "ZMB", "ADM0_A3_PS": "ZMB", "ADM0_A3_SA": "ZMB", "ADM0_A3_EG": "ZMB", "ADM0_A3_MA": "ZMB", "ADM0_A3_PT": "ZMB", "ADM0_A3_AR": "ZMB", "ADM0_A3_JP": "ZMB", "ADM0_A3_KO": "ZMB", "ADM0_A3_VN": "ZMB", "ADM0_A3_TR": "ZMB", "ADM0_A3_ID": "ZMB", "ADM0_A3_PL": "ZMB", "ADM0_A3_GR": "ZMB", "ADM0_A3_IT": "ZMB", "ADM0_A3_NL": "ZMB", "ADM0_A3_SE": "ZMB", "ADM0_A3_BD": "ZMB", "ADM0_A3_UA": "ZMB", "ADM0_A3_UN": -99, "ADM0_A3_WB": -99, "CONTINENT": "Africa", "REGION_UN": "Africa", "SUBREGION": "Eastern Africa", "REGION_WB": "Sub-Saharan Africa", "NAME_LEN": 6, "LONG_LEN": 6, "ABBREV_LEN": 6, "TINY": -99, "HOMEPART": 1, "MIN_ZOOM": 0, "MIN_LABEL": 3, "MAX_LABEL": 8, "LABEL_X": 26.395298, "LABEL_Y": -14.660804, "NE_ID": 1159321439, "WIKIDATAID": "Q953", "NAME_AR": "زامبيا", "NAME_BN": "জাম্বিয়া", "NAME_DE": "Sambia", "NAME_EN": "Zambia", "NAME_ES": "Zambia", "NAME_FA": "زامبیا", "NAME_FR": "Zambie", "NAME_EL": "Ζάμπια", "NAME_HE": "זמביה", "NAME_HI": "ज़ाम्बिया", "NAME_HU": "Zambia", "NAME_ID": "Zambia", "NAME_IT": "Zambia", "NAME_JA": "ザンビア", "NAME_KO": "잠비아", "NAME_NL": "Zambia", "NAME_PL": "Zambia", "NAME_PT": "Zâmbia", "NAME_RU": "Замбия", "NAME_SV": "Zambia", "NAME_TR": "Zambiya", "NAME_UK": "Замбія", "NAME_UR": "زیمبیا", "NAME_VI": "Zambia", "NAME_ZH": "赞比亚", "NAME_ZHT": "尚比亞", "FCLASS_ISO": "Admin-0 country", "TLC_DIFF": null, "FCLASS_TLC": "Admin-0 country", "FCLASS_US": null, "FCLASS_FR": null, "FCLASS_RU": null, "FCLASS_ES": null, "FCLASS_CN": null, "FCLASS_TW": null, "FCLASS_IN": null, "FCLASS_NP": null, "FCLASS_PK": null, "FCLASS_DE": null, "FCLASS_GB": null, "FCLASS_BR": null, "FCLASS_IL": null, "FCLASS_PS": null, "FCLASS_SA": null, "FCLASS_EG": null, "FCLASS_MA": null, "FCLASS_PT": null, "FCLASS_AR": null, "FCLASS_JP": null, "FCLASS_KO": null, "FCLASS_VN": null, "FCLASS_TR": null, "FCLASS_ID": null, "FCLASS_PL": null, "FCLASS_GR": null, "FCLASS_IT": null, "FCLASS_NL": null, "FCLASS_SE": null, "FCLASS_BD": null, "FCLASS_UA": null}, "bbox": [21.978906, -18.041504, 33.661523, -8.193652], "geometry": {"type": "Polygon", "coordinates": [[[30.396094, -15.643066], [30.250684, -15.643457], [29.994922, -15.644043], [29.72959, -15.644629], [29.487305, -15.696777], [29.287891, -15.776465], [29.050586, -15.901172], [28.973047, -15.950098], [28.913086, -15.987793], [28.875586, -16.036133], [28.856738, -16.142285], [28.856738, -16.306152], [28.832715, -16.424121], [28.760547, -16.532129], [28.760645, -16.531934], [28.399805, -16.662793], [28.16377, -16.769727], [27.932227, -16.896191], [27.756543, -17.060352], [27.636719, -17.262109], [27.437891, -17.511914], [27.235742, -17.72832], [27.020801, -17.958398], [26.779883, -18.041504], [26.577539, -18.022559], [26.333398, -17.929297], [26.139551, -17.911719], [25.995898, -17.969824], [25.863281, -17.951953], [25.741602, -17.858203], [25.639648, -17.824121], [25.557129, -17.849512], [25.451758, -17.845117], [25.258789, -17.793555], [25.092188, -17.634375], [25.001758, -17.568555], [24.932422, -17.543457], [24.73291, -17.517773], [24.274902, -17.481055], [24.227148, -17.489551], [24.036914, -17.520898], [23.799219, -17.560156], [23.594922, -17.599414], [23.380664, -17.640625], [23.181641, -17.474414], [22.955859, -17.285742], [22.721973, -17.075293], [22.545996, -16.910254], [22.459473, -16.815137], [22.305078, -16.689551], [22.193945, -16.628125], [22.150684, -16.597168], [22.040234, -16.262793], [21.979785, -15.955566], [21.979785, -15.724121], [21.979688, -15.403223], [21.97959, -15.082324], [21.979492, -14.761426], [21.979395, -14.440527], [21.979297, -14.119629], [21.979102, -13.79873], [21.979102, -13.477734], [21.979004, -13.156836], [21.978906, -13.000977], [22.20957, -13.000977], [22.470996, -13.000977], [22.744336, -13.000977], [23.041504, -13.000977], [23.338672, -13.000977], [23.63584, -13.000977], [23.843164, -13.000977], [23.897461, -12.998242], [23.962988, -12.988477], [23.968066, -12.956934], [23.882422, -12.799023], [23.886523, -12.743262], [23.909375, -12.636133], [23.944727, -12.54375], [23.991309, -12.422168], [23.996484, -12.350684], [23.958887, -12.117773], [23.962305, -11.987891], [23.973438, -11.85293], [23.983887, -11.725], [23.970996, -11.63584], [23.986816, -11.587207], [24.014648, -11.517676], [24.029297, -11.43916], [24.04668, -11.405371], [24.041406, -11.374121], [24.025586, -11.315625], [24.010059, -11.184766], [23.988281, -11.002832], [23.966504, -10.871777], [24.002734, -10.879102], [24.078418, -10.891504], [24.115137, -10.955664], [24.136523, -11.025977], [24.187207, -11.02998], [24.319922, -11.071777], [24.365723, -11.129883], [24.396289, -11.255176], [24.37793, -11.319336], [24.335156, -11.371289], [24.37793, -11.41709], [24.466602, -11.447656], [24.518555, -11.438477], [24.668262, -11.35293], [24.728125, -11.337793], [24.806348, -11.321191], [24.876855, -11.299121], [25.075977, -11.260059], [25.184863, -11.242969], [25.245996, -11.212402], [25.28877, -11.212402], [25.319336, -11.236914], [25.291797, -11.325488], [25.282617, -11.40498], [25.320703, -11.553516], [25.349414, -11.623047], [25.413379, -11.673535], [25.459961, -11.699805], [25.511914, -11.753418], [25.618848, -11.744141], [25.854883, -11.820117], [25.926563, -11.855273], [26.025977, -11.890137], [26.096387, -11.903223], [26.339648, -11.929883], [26.429688, -11.947852], [26.596387, -11.97207], [26.729688, -11.975977], [26.824023, -11.965234], [26.89043, -11.943555], [26.930859, -11.919336], [26.949609, -11.898828], [26.976855, -11.824609], [27.02666, -11.66377], [27.046094, -11.615918], [27.09541, -11.59375], [27.15918, -11.579199], [27.196387, -11.605078], [27.238086, -11.783496], [27.423633, -11.944531], [27.487012, -12.079688], [27.533398, -12.195312], [27.573828, -12.227051], [27.644336, -12.266797], [27.756836, -12.280859], [27.857422, -12.284863], [28.068848, -12.368164], [28.237305, -12.43457], [28.357715, -12.482031], [28.412891, -12.518066], [28.451465, -12.577441], [28.474414, -12.62334], [28.51123, -12.742188], [28.550879, -12.836133], [28.61543, -12.854102], [28.672949, -12.861328], [28.730078, -12.925488], [28.773145, -12.981934], [28.858789, -13.119434], [28.92168, -13.214648], [28.942285, -13.307129], [29.014258, -13.368848], [29.111621, -13.395117], [29.201855, -13.39834], [29.253711, -13.370801], [29.381836, -13.322852], [29.481445, -13.267969], [29.554199, -13.248926], [29.597168, -13.260547], [29.630273, -13.298535], [29.647656, -13.372949], [29.651758, -13.414355], [29.722656, -13.453809], [29.775195, -13.438086], [29.795313, -13.392773], [29.796484, -13.369727], [29.796289, -13.16748], [29.796094, -12.99209], [29.795801, -12.827051], [29.795605, -12.625879], [29.795508, -12.450586], [29.795313, -12.306152], [29.795117, -12.155469], [29.749609, -12.164062], [29.691992, -12.19834], [29.559766, -12.202441], [29.508203, -12.228223], [29.491992, -12.266895], [29.502246, -12.317578], [29.504883, -12.386133], [29.485547, -12.418457], [29.427539, -12.43125], [29.34375, -12.404785], [29.191211, -12.370215], [29.064355, -12.348828], [28.973438, -12.257812], [28.85, -12.120508], [28.769434, -12.05127], [28.574609, -11.908105], [28.541602, -11.879199], [28.48252, -11.812109], [28.431836, -11.69834], [28.407031, -11.622852], [28.383398, -11.566699], [28.357227, -11.483008], [28.404199, -11.354395], [28.470313, -11.10957], [28.517969, -10.933203], [28.544238, -10.802344], [28.638867, -10.669238], [28.645508, -10.550195], [28.607422, -10.397363], [28.617188, -10.312988], [28.623535, -10.098828], [28.628906, -9.91875], [28.630078, -9.83125], [28.604199, -9.678809], [28.540527, -9.510059], [28.400195, -9.275], [28.400684, -9.224805], [28.484277, -9.169434], [28.616504, -9.072266], [28.68125, -9.014648], [28.758789, -8.932617], [28.793555, -8.891016], [28.869531, -8.78584], [28.917773, -8.700586], [28.934473, -8.590234], [28.898145, -8.485449], [28.972266, -8.464941], [29.215625, -8.427832], [29.483789, -8.386914], [29.766211, -8.34375], [30.051367, -8.300293], [30.327539, -8.258203], [30.57793, -8.22002], [30.751172, -8.193652], [30.776758, -8.26582], [30.830664, -8.385547], [30.891992, -8.47373], [30.968359, -8.550977], [31.033398, -8.597656], [31.076367, -8.611914], [31.350586, -8.607031], [31.449219, -8.653906], [31.534863, -8.713281], [31.55625, -8.805469], [31.612793, -8.863281], [31.673633, -8.908789], [31.7, -8.914355], [31.744727, -8.903223], [31.818066, -8.902246], [31.886133, -8.921973], [31.918652, -8.942188], [31.921875, -9.019434], [31.942578, -9.054004], [32.035352, -9.067383], [32.129785, -9.07334], [32.220898, -9.125586], [32.319336, -9.134863], [32.433203, -9.156348], [32.487109, -9.212695], [32.608398, -9.270508], [32.756641, -9.322266], [32.863281, -9.380859], [32.919922, -9.407422], [32.92334, -9.433984], [32.951074, -9.48418], [32.979883, -9.520313], [32.982129, -9.573633], [32.995996, -9.622852], [33.037793, -9.635059], [33.072461, -9.638184], [33.104492, -9.602637], [33.148047, -9.603516], [33.195703, -9.626172], [33.212695, -9.683008], [33.25, -9.75957], [33.310449, -9.811816], [33.350977, -9.862207], [33.337109, -9.954004], [33.311523, -10.037988], [33.393555, -10.120898], [33.500098, -10.199707], [33.528906, -10.234668], [33.537598, -10.351562], [33.553711, -10.391309], [33.626172, -10.488574], [33.661523, -10.553125], [33.659082, -10.590527], [33.464746, -10.783105], [33.403125, -10.801758], [33.344922, -10.812695], [33.292773, -10.852344], [33.261328, -10.893359], [33.272754, -10.915039], [33.293262, -10.981152], [33.338672, -11.085156], [33.379785, -11.15791], [33.345508, -11.249121], [33.268359, -11.403906], [33.232715, -11.417676], [33.226367, -11.534863], [33.25, -11.577637], [33.288281, -11.611133], [33.303906, -11.69082], [33.305078, -11.8], [33.300977, -11.888184], [33.252344, -12.112598], [33.340137, -12.308301], [33.37002, -12.329688], [33.491406, -12.331055], [33.512305, -12.347754], [33.483203, -12.403418], [33.430664, -12.460449], [33.397949, -12.489844], [33.243457, -12.556543], [33.021582, -12.630469], [32.975195, -12.701367], [32.945605, -12.804395], [32.970508, -12.864746], [33, -12.899609], [32.99043, -12.989453], [32.971094, -13.084277], [32.977637, -13.158887], [32.967578, -13.225], [32.938574, -13.257422], [32.899707, -13.357031], [32.851855, -13.457031], [32.814063, -13.502734], [32.758398, -13.550293], [32.67041, -13.59043], [32.67207, -13.610352], [32.771777, -13.656543], [32.797461, -13.688477], [32.806738, -13.710254], [32.785352, -13.731445], [32.765137, -13.761035], [32.811035, -13.791602], [32.867188, -13.817383], [32.920313, -13.883887], [32.967578, -13.976855], [32.98125, -14.009375], [32.99209, -14.022168], [33.009277, -14.02373], [33.042383, -14.010059], [33.103613, -13.95918], [33.148047, -13.940918], [33.201758, -14.013379], [32.987109, -14.084961], [32.874512, -14.122461], [32.553223, -14.22959], [32.272852, -14.323047], [32.199902, -14.34082], [32.054492, -14.386523], [31.982129, -14.414453], [31.728906, -14.496094], [31.623047, -14.536719], [31.537891, -14.577148], [31.328516, -14.637695], [31.130859, -14.694629], [30.915137, -14.75332], [30.67334, -14.819141], [30.537695, -14.866504], [30.446094, -14.90752], [30.231836, -14.990332], [30.221777, -15.010547], [30.225, -15.066895], [30.252148, -15.183203], [30.305664, -15.288867], [30.350586, -15.349707], [30.379883, -15.505859], [30.396094, -15.643066]]]}}, {"type": "Feature", "properties": {"featurecla": "Admin-0 country", "scalerank": 1, "LABELRANK": 4, "SOVEREIGNT": "eSwatini", "SOV_A3": "SWZ", "ADM0_DIF": 0, "LEVEL": 2, "TYPE": "Sovereign country", "TLC": "1", "ADMIN": "eSwatini", "ADM0_A3": "SWZ", "GEOU_DIF": 0, "GEOUNIT": "eSwatini", "GU_A3": "SWZ", "SU_DIF": 0, "SUBUNIT": "eSwatini", "SU_A3": "SWZ", "BRK_DIFF": 0, "NAME": "eSwatini", "NAME_LONG": "Kingdom of eSwatini", "BRK_A3": "SWZ", "BRK_NAME": "eSwatini", "BRK_GROUP": null, "ABBREV": "eSw.", "POSTAL": "ES", "FORMAL_EN": "Kingdom of eSwatini", "FORMAL_FR": null, "NAME_CIAWF": "eSwatini", "NOTE_ADM0": null, "NOTE_BRK": null, "NAME_SORT": "eSwatini", "NAME_ALT": "Swaziland", "MAPCOLOR7": 3, "MAPCOLOR8": 6, "MAPCOLOR9": 2, "MAPCOLOR13": 5, "POP_EST": 1148130, "POP_RANK": 12, "POP_YEAR": 2019, "GDP_MD": 4471, "GDP_YEAR": 2019, "ECONOMY": "6. Developing region", "INCOME_GRP": "4. Lower middle income", "FIPS_10": "WZ", "ISO_A2": "SZ", "ISO_A2_EH": "SZ", "ISO_A3": "SWZ", "ISO_A3_EH": "SWZ", "ISO_N3": "748", "ISO_N3_EH": "748", "UN_A3": "748", "WB_A2": "SZ", "WB_A3": "SWZ", "WOE_ID": 23424993, "WOE_ID_EH": 23424993, "WOE_NOTE": "Exact WOE match as country", "ADM0_ISO": "SWZ", "ADM0_DIFF": null, "ADM0_TLC": "SWZ", "ADM0_A3_US": "SWZ", "ADM0_A3_FR": "SWZ", "ADM0_A3_RU": "SWZ", "ADM0_A3_ES": "SWZ", "ADM0_A3_CN": "SWZ", "ADM0_A3_TW": "SWZ", "ADM0_A3_IN": "SWZ", "ADM0_A3_NP": "SWZ", "ADM0_A3_PK": "SWZ", "ADM0_A3_DE": "SWZ", "ADM0_A3_GB": "SWZ", "ADM0_A3_BR": "SWZ", "ADM0_A3_IL": "SWZ", "ADM0_A3_PS": "SWZ", "ADM0_A3_SA": "SWZ", "ADM0_A3_EG": "SWZ", "ADM0_A3_MA": "SWZ", "ADM0_A3_PT": "SWZ", "ADM0_A3_AR": "SWZ", "ADM0_A3_JP": "SWZ", "ADM0_A3_KO": "SWZ", "ADM0_A3_VN": "SWZ", "ADM0_A3_TR": "SWZ", "ADM0_A3_ID": "SWZ", "ADM0_A3_PL": "SWZ", "ADM0_A3_GR": "SWZ", "ADM0_A3_IT": "SWZ", "ADM0_A3_NL": "SWZ", "ADM0_A3_SE": "SWZ", "ADM0_A3_BD": "SWZ", "ADM0_A3_UA": "SWZ", "ADM0_A3_UN": -99, "ADM0_A3_WB": -99, "CONTINENT": "Africa", "REGION_UN": "Africa", "SUBREGION": "Southern Africa", "REGION_WB": "Sub-Saharan Africa", "NAME_LEN": 8, "LONG_LEN": 19, "ABBREV_LEN": 4, "TINY": -99, "HOMEPART": 1, "MIN_ZOOM": 0, "MIN_LABEL": 4, "MAX_LABEL": 9, "LABEL_X": 31.467264, "LABEL_Y": -26.533676, "NE_ID": 1159321289, "WIKIDATAID": "Q1050", "NAME_AR": "إسواتيني", "NAME_BN": "ইসোয়াতিনি", "NAME_DE": "Eswatini", "NAME_EN": "Eswatini", "NAME_ES": "Suazilandia", "NAME_FA": "اسواتینی", "NAME_FR": "Eswatini", "NAME_EL": "Εσουατίνι", "NAME_HE": "אסוואטיני", "NAME_HI": "एस्वातीनी", "NAME_HU": "Szváziföld", "NAME_ID": "Eswatini", "NAME_IT": "eSwatini", "NAME_JA": "エスワティニ", "NAME_KO": "에스와티니", "NAME_NL": "Swaziland", "NAME_PL": "Eswatini", "NAME_PT": "Essuatíni", "NAME_RU": "Эсватини", "NAME_SV": "Swaziland", "NAME_TR": "Esvatini", "NAME_UK": "Есватіні", "NAME_UR": "اسواتینی", "NAME_VI": "Eswatini", "NAME_ZH": "斯威士兰", "NAME_ZHT": "史瓦帝尼", "FCLASS_ISO": "Admin-0 country", "TLC_DIFF": null, "FCLASS_TLC": "Admin-0 country", "FCLASS_US": null, "FCLASS_FR": null, "FCLASS_RU": null, "FCLASS_ES": null, "FCLASS_CN": null, "FCLASS_TW": null, "FCLASS_IN": null, "FCLASS_NP": null, "FCLASS_PK": null, "FCLASS_DE": null, "FCLASS_GB": null, "FCLASS_BR": null, "FCLASS_IL": null, "FCLASS_PS": null, "FCLASS_SA": null, "FCLASS_EG": null, "FCLASS_MA": null, "FCLASS_PT": null, "FCLASS_AR": null, "FCLASS_JP": null, "FCLASS_KO": null, "FCLASS_VN": null, "FCLASS_TR": null, "FCLASS_ID": null, "FCLASS_PL": null, "FCLASS_GR": null, "FCLASS_IT": null, "FCLASS_NL": null, "FCLASS_SE": null, "FCLASS_BD": null, "FCLASS_UA": null}, "bbox": [30.7875, -27.309961, 32.112891, -25.742969], "geometry": {"type": "Polygon", "coordinates": [[[31.948242, -25.957617], [31.968457, -25.972266], [32.060547, -26.018359], [32.068848, -26.110156], [32.059961, -26.215039], [32.041406, -26.28125], [32.04834, -26.347168], [32.07793, -26.449805], [32.105957, -26.52002], [32.112891, -26.839453], [32.081641, -26.824805], [32.024805, -26.811133], [31.994727, -26.81748], [31.967188, -26.960645], [31.946094, -27.173633], [31.958398, -27.305859], [31.742578, -27.309961], [31.469531, -27.295508], [31.274023, -27.238379], [31.063379, -27.112305], [30.938086, -26.91582], [30.883301, -26.792383], [30.806738, -26.785254], [30.794336, -26.764258], [30.7875, -26.613672], [30.789062, -26.455469], [30.80332, -26.413477], [30.945215, -26.21875], [31.033301, -26.097754], [31.088086, -25.980664], [31.207324, -25.843359], [31.335156, -25.755566], [31.382617, -25.742969], [31.415137, -25.746582], [31.64043, -25.867285], [31.871484, -25.981641], [31.92168, -25.96875], [31.948242, -25.957617]]]}}, {"type": "Feature", "properties": {"featurecla": "Admin-0 country", "scalerank": 1, "LABELRANK": 2, "SOVEREIGNT": "South Africa", "SOV_A3": "ZAF", "ADM0_DIF": 0, "LEVEL": 2, "TYPE": "Sovereign country", "TLC": "1", "ADMIN": "South Africa", "ADM0_A3": "ZAF", "GEOU_DIF": 0, "GEOUNIT": "South Africa", "GU_A3": "ZAF", "SU_DIF": 0, "SUBUNIT": "South Africa", "SU_A3": "ZAF", "BRK_DIFF": 0, "NAME": "South Africa", "NAME_LONG": "South Africa", "BRK_A3": "ZAF", "BRK_NAME": "South Africa", "BRK_GROUP": null, "ABBREV": "S.Af.", "POSTAL": "ZA", "FORMAL_EN": "Republic of South Africa", "FORMAL_FR": null, "NAME_CIAWF": "South Africa", "NOTE_ADM0": null, "NOTE_BRK": null, "NAME_SORT": "South Africa", "NAME_ALT": null, "MAPCOLOR7": 2, "MAPCOLOR8": 3, "MAPCOLOR9": 4, "MAPCOLOR13": 2, "POP_EST": 58558270, "POP_RANK": 16, "POP_YEAR": 2019, "GDP_MD": 351431, "GDP_YEAR": 2019, "ECONOMY": "5. Emerging region: G20", "INCOME_GRP": "3. Upper middle income", "FIPS_10": "SF", "ISO_A2": "ZA", "ISO_A2_EH": "ZA", "ISO_A3": "ZAF", "ISO_A3_EH": "ZAF", "ISO_N3": "710", "ISO_N3_EH": "710", "UN_A3": "710", "WB_A2": "ZA", "WB_A3": "ZAF", "WOE_ID": 23424942, "WOE_ID_EH": 23424942, "WOE_NOTE": "Exact WOE match as country", "ADM0_ISO": "ZAF", "ADM0_DIFF": null, "ADM0_TLC": "ZAF", "ADM0_A3_US": "ZAF", "ADM0_A3_FR": "ZAF", "ADM0_A3_RU": "ZAF", "ADM0_A3_ES": "ZAF", "ADM0_A3_CN": "ZAF", "ADM0_A3_TW": "ZAF", "ADM0_A3_IN": "ZAF", "ADM0_A3_NP": "ZAF", "ADM0_A3_PK": "ZAF", "ADM0_A3_DE": "ZAF", "ADM0_A3_GB": "ZAF", "ADM0_A3_BR": "ZAF", "ADM0_A3_IL": "ZAF", "ADM0_A3_PS": "ZAF", "ADM0_A3_SA": "ZAF", "ADM0_A3_EG": "ZAF", "ADM0_A3_MA": "ZAF", "ADM0_A3_PT": "ZAF", "ADM0_A3_AR": "ZAF", "ADM0_A3_JP": "ZAF", "ADM0_A3_KO": "ZAF", "ADM0_A3_VN": "ZAF", "ADM0_A3_TR": "ZAF", "ADM0_A3_ID": "ZAF", "ADM0_A3_PL": "ZAF", "ADM0_A3_GR": "ZAF", "ADM0_A3_IT": "ZAF", "ADM0_A3_NL": "ZAF", "ADM0_A3_SE": "ZAF", "ADM0_A3_BD": "ZAF", "ADM0_A3_UA": "ZAF", "ADM0_A3_UN": -99, "ADM0_A3_WB": -99, "CONTINENT": "Africa", "REGION_UN": "Africa", "SUBREGION": "Southern Africa", "REGION_WB": "Sub-Saharan Africa", "NAME_LEN": 12, "LONG_LEN": 12, "ABBREV_LEN": 5, "TINY": -99, "HOMEPART": 1, "MIN_ZOOM": 0, "MIN_LABEL": 1.7, "MAX_LABEL": 6.7, "LABEL_X": 23.665734, "LABEL_Y": -29.708776, "NE_ID": 1159321431, "WIKIDATAID": "Q258", "NAME_AR": "جنوب أفريقيا", "NAME_BN": "দক্ষিণ আফ্রিকা", "NAME_DE": "Südafrika", "NAME_EN": "South Africa", "NAME_ES": "Sudáfrica", "NAME_FA": "آفریقای جنوبی", "NAME_FR": "Afrique du Sud", "NAME_EL": "Νότια Αφρική", "NAME_HE": "דרום אפריקה", "NAME_HI": "दक्षिण अफ़्रीका", "NAME_HU": "Dél-afrikai Köztársaság", "NAME_ID": "Afrika Selatan", "NAME_IT": "Sudafrica", "NAME_JA": "南アフリカ共和国", "NAME_KO": "남아프리카 공화국", "NAME_NL": "Zuid-Afrika", "NAME_PL": "Południowa Afryka", "NAME_PT": "África do Sul", "NAME_RU": "ЮАР", "NAME_SV": "Sydafrika", "NAME_TR": "Güney Afrika Cumhuriyeti", "NAME_UK": "Південно-Африканська Республіка", "NAME_UR": "جنوبی افریقا", "NAME_VI": "Cộng hòa Nam Phi", "NAME_ZH": "南非", "NAME_ZHT": "南非", "FCLASS_ISO": "Admin-0 country", "TLC_DIFF": null, "FCLASS_TLC": "Admin-0 country", "FCLASS_US": null, "FCLASS_FR": null, "FCLASS_RU": null, "FCLASS_ES": null, "FCLASS_CN": null, "FCLASS_TW": null, "FCLASS_IN": null, "FCLASS_NP": null, "FCLASS_PK": null, "FCLASS_DE": null, "FCLASS_GB": null, "FCLASS_BR": null, "FCLASS_IL": null, "FCLASS_PS": null, "FCLASS_SA": null, "FCLASS_EG": null, "FCLASS_MA": null, "FCLASS_PT": null, "FCLASS_AR": null, "FCLASS_JP": null, "FCLASS_KO": null, "FCLASS_VN": null, "FCLASS_TR": null, "FCLASS_ID": null, "FCLASS_PL": null, "FCLASS_GR": null, "FCLASS_IT": null, "FCLASS_NL": null, "FCLASS_SE": null, "FCLASS_BD": null, "FCLASS_UA": null}, "bbox": [16.447559, -46.962891, 37.887695, -22.146289], "geometry": {"type": "MultiPolygon", "coordinates": [[[[29.364844, -22.193945], [29.377441, -22.192773], [29.663086, -22.146289], [29.902344, -22.18418], [30.19043, -22.291113], [30.460156, -22.329004], [30.711621, -22.297852], [30.916113, -22.290723], [31.073438, -22.307813], [31.197266, -22.344922], [31.287891, -22.402051], [31.293164, -22.454688], [31.300195, -22.478613], [31.348047, -22.617578], [31.419336, -22.825098], [31.466699, -23.016699], [31.531738, -23.279492], [31.529688, -23.425781], [31.545605, -23.482324], [31.604102, -23.55293], [31.675586, -23.674219], [31.7, -23.743066], [31.724023, -23.794531], [31.799609, -23.892188], [31.858301, -24.040234], [31.908008, -24.23623], [31.950586, -24.330273], [31.966602, -24.376465], [31.98584, -24.460645], [31.983203, -24.638281], [31.984375, -24.844043], [31.985742, -25.073828], [31.987012, -25.263477], [31.979395, -25.359473], [31.98457, -25.631934], [31.920313, -25.773926], [31.92832, -25.885352], [31.948242, -25.957617], [31.92168, -25.96875], [31.871484, -25.981641], [31.64043, -25.867285], [31.415137, -25.746582], [31.382617, -25.742969], [31.335156, -25.755566], [31.207324, -25.843359], [31.088086, -25.980664], [31.033301, -26.097754], [30.945215, -26.21875], [30.80332, -26.413477], [30.789062, -26.455469], [30.7875, -26.613672], [30.794336, -26.764258], [30.806738, -26.785254], [30.883301, -26.792383], [30.938086, -26.91582], [31.063379, -27.112305], [31.274023, -27.238379], [31.469531, -27.295508], [31.742578, -27.309961], [31.958398, -27.305859], [31.946094, -27.173633], [31.967188, -26.960645], [31.994727, -26.81748], [32.024805, -26.811133], [32.081641, -26.824805], [32.112891, -26.839453], [32.199609, -26.833496], [32.353516, -26.861621], [32.477734, -26.858496], [32.58877, -26.855762], [32.776563, -26.850977], [32.886133, -26.849316], [32.849121, -27.080176], [32.705859, -27.441602], [32.657031, -27.607324], [32.534766, -28.199707], [32.375195, -28.498242], [32.285742, -28.621484], [32.027246, -28.839551], [31.955371, -28.883789], [31.891504, -28.912109], [31.778223, -28.937109], [31.335156, -29.378125], [31.169922, -29.59082], [31.02334, -29.900879], [30.877637, -30.071094], [30.663574, -30.43418], [30.472266, -30.714551], [30.288672, -30.970117], [29.971191, -31.32207], [29.830273, -31.423828], [29.735156, -31.47041], [29.48291, -31.674707], [29.127832, -32.003125], [28.855957, -32.294238], [28.449414, -32.624609], [28.214063, -32.769238], [27.860645, -33.053906], [27.762109, -33.095996], [27.36377, -33.360547], [27.077441, -33.521191], [26.613672, -33.707422], [26.429492, -33.75957], [25.989551, -33.711328], [25.805859, -33.737109], [25.652441, -33.849609], [25.638184, -34.011133], [25.574219, -34.035352], [25.477246, -34.028125], [25.169727, -33.960742], [25.00293, -33.973633], [24.905566, -34.059766], [24.827148, -34.168945], [24.595508, -34.174512], [24.183008, -34.061523], [23.697852, -33.992773], [23.585547, -33.985156], [23.350391, -34.068945], [23.268164, -34.081152], [22.925586, -34.063184], [22.735547, -34.010254], [22.553809, -34.010059], [22.414453, -34.053809], [22.245508, -34.069141], [21.788965, -34.372656], [21.553223, -34.373047], [21.349805, -34.408203], [21.248926, -34.407031], [21.060156, -34.364648], [20.989844, -34.36748], [20.882422, -34.386523], [20.774805, -34.439941], [20.529883, -34.463086], [20.434668, -34.508594], [20.020605, -34.785742], [19.92627, -34.774707], [19.85, -34.756641], [19.634961, -34.75332], [19.391504, -34.605664], [19.298242, -34.615039], [19.323242, -34.570801], [19.330762, -34.492383], [19.279395, -34.437012], [19.244629, -34.412305], [19.149121, -34.416895], [19.09834, -34.350098], [18.952148, -34.34375], [18.901563, -34.360645], [18.831348, -34.364063], [18.825098, -34.296484], [18.830664, -34.253906], [18.826367, -34.188477], [18.808789, -34.108203], [18.752148, -34.082617], [18.708691, -34.071875], [18.605176, -34.077344], [18.533887, -34.085938], [18.500391, -34.109277], [18.462109, -34.168066], [18.461621, -34.346875], [18.410352, -34.295605], [18.352051, -34.188477], [18.333398, -34.074219], [18.354395, -33.939063], [18.465039, -33.887793], [18.456445, -33.796484], [18.433008, -33.717285], [18.309473, -33.514453], [18.26123, -33.42168], [18.156348, -33.358789], [18.074805, -33.207324], [17.992578, -33.152344], [17.958398, -33.046387], [17.878223, -32.961523], [17.851074, -32.827441], [17.895313, -32.750488], [17.965234, -32.708594], [18.036523, -32.775098], [18.125, -32.749121], [18.250879, -32.652148], [18.325293, -32.50498], [18.329883, -32.269531], [18.310742, -32.122461], [18.21084, -31.74248], [18.163672, -31.655176], [17.938574, -31.383203], [17.677441, -31.019043], [17.34707, -30.444824], [17.189063, -30.099805], [16.95, -29.403418], [16.739453, -29.009375], [16.480762, -28.641504], [16.447559, -28.617578], [16.487109, -28.572852], [16.626172, -28.487891], [16.689453, -28.464941], [16.723047, -28.475488], [16.755762, -28.452148], [16.7875, -28.394727], [16.794531, -28.34082], [16.810156, -28.264551], [16.841211, -28.218945], [16.875293, -28.12793], [16.933301, -28.069629], [17.05625, -28.031055], [17.149414, -28.082227], [17.188477, -28.13252], [17.20459, -28.198828], [17.245801, -28.230859], [17.312012, -28.228613], [17.358691, -28.269434], [17.385742, -28.353223], [17.380273, -28.413965], [17.342578, -28.45166], [17.347852, -28.501172], [17.395898, -28.562695], [17.415723, -28.621094], [17.447949, -28.698145], [17.616797, -28.743066], [17.699316, -28.768359], [17.841602, -28.776953], [17.976074, -28.811328], [18.102734, -28.87168], [18.31084, -28.88623], [18.600391, -28.855273], [18.83877, -28.869141], [19.026074, -28.92793], [19.161719, -28.93877], [19.245801, -28.90166], [19.282227, -28.847949], [19.270996, -28.777734], [19.312695, -28.733301], [19.407227, -28.714453], [19.48291, -28.661621], [19.539844, -28.574609], [19.671484, -28.503906], [19.877832, -28.449414], [19.980469, -28.45127], [19.980469, -28.310352], [19.980469, -27.865527], [19.980469, -27.420703], [19.980469, -26.975977], [19.980469, -26.531152], [19.980469, -26.086328], [19.980469, -25.641602], [19.980469, -25.196777], [19.980469, -24.776758], [20.028613, -24.807031], [20.345215, -25.029883], [20.430664, -25.14707], [20.473145, -25.221289], [20.609277, -25.491211], [20.710742, -25.733203], [20.793164, -25.915625], [20.799414, -25.999023], [20.811035, -26.080566], [20.822656, -26.120605], [20.815039, -26.164941], [20.757031, -26.26416], [20.697852, -26.340137], [20.626758, -26.443848], [20.619922, -26.580859], [20.641406, -26.742188], [20.685059, -26.822461], [20.739844, -26.848828], [20.870898, -26.808789], [20.953906, -26.821094], [21.070996, -26.851758], [21.45498, -26.832813], [21.501367, -26.842676], [21.646289, -26.854199], [21.694727, -26.840918], [21.738086, -26.806836], [21.788281, -26.710059], [21.833203, -26.67832], [21.914551, -26.661914], [22.010938, -26.63584], [22.090918, -26.580176], [22.217578, -26.388867], [22.470898, -26.219043], [22.548633, -26.178418], [22.597656, -26.132715], [22.640234, -26.071191], [22.729004, -25.857324], [22.796094, -25.679102], [22.818945, -25.595117], [22.878809, -25.45791], [22.95127, -25.370313], [23.02207, -25.324121], [23.05752, -25.312305], [23.14873, -25.288672], [23.266016, -25.266602], [23.389258, -25.291406], [23.521484, -25.344434], [23.670703, -25.433984], [23.823438, -25.544629], [23.89375, -25.600879], [23.969531, -25.626074], [24.104492, -25.634863], [24.192969, -25.63291], [24.330566, -25.742871], [24.400195, -25.749805], [24.555859, -25.783105], [24.748145, -25.817383], [24.869238, -25.813477], [24.998926, -25.754004], [25.09248, -25.751465], [25.213379, -25.75625], [25.346191, -25.739941], [25.443652, -25.714453], [25.518164, -25.662793], [25.583789, -25.60625], [25.65918, -25.437891], [25.702637, -25.302344], [25.769922, -25.146484], [25.852441, -24.935254], [25.881836, -24.787988], [25.912109, -24.747461], [26.031836, -24.702441], [26.130859, -24.671484], [26.397168, -24.613574], [26.451758, -24.582715], [26.501563, -24.513281], [26.617773, -24.395508], [26.761133, -24.297168], [26.835059, -24.24082], [26.970605, -23.763477], [26.987012, -23.70459], [27.085547, -23.57793], [27.146387, -23.524414], [27.185547, -23.523438], [27.241211, -23.490039], [27.313379, -23.424219], [27.399219, -23.383594], [27.49873, -23.368359], [27.563184, -23.324609], [27.592676, -23.252637], [27.643848, -23.217676], [27.716797, -23.219629], [27.758301, -23.196777], [27.768555, -23.148926], [27.812598, -23.108008], [27.890527, -23.073926], [27.931348, -23.033594], [27.935059, -22.987012], [28.02793, -22.87373], [28.210156, -22.693652], [28.381738, -22.593359], [28.542871, -22.572949], [28.695508, -22.535449], [28.839844, -22.480859], [28.945801, -22.395117], [29.013477, -22.278418], [29.129883, -22.213281], [29.364844, -22.193945]], [[28.736914, -30.101953], [28.901074, -30.038477], [28.975293, -29.999414], [29.029004, -29.967578], [29.098047, -29.919043], [29.121973, -29.801172], [29.142188, -29.700977], [29.195117, -29.65166], [29.249219, -29.618848], [29.293555, -29.566895], [29.348828, -29.441992], [29.386719, -29.319727], [29.390723, -29.269727], [29.370898, -29.218457], [29.335938, -29.163672], [29.301367, -29.089844], [29.259766, -29.07832], [29.178027, -29.036914], [29.058008, -28.953711], [28.953711, -28.881445], [28.85625, -28.776074], [28.816211, -28.758887], [28.721777, -28.687695], [28.681152, -28.646777], [28.652637, -28.597852], [28.625781, -28.581738], [28.583398, -28.594141], [28.471875, -28.61582], [28.232617, -28.70127], [28.084375, -28.77998], [27.959863, -28.87334], [27.830371, -28.909082], [27.735547, -28.940039], [27.660449, -29.046973], [27.590234, -29.146484], [27.527148, -29.236133], [27.491016, -29.276563], [27.458008, -29.302734], [27.424902, -29.360059], [27.356836, -29.455273], [27.294531, -29.519336], [27.207422, -29.554199], [27.095215, -29.599316], [27.056934, -29.625586], [27.051758, -29.664062], [27.091797, -29.753711], [27.130469, -29.840234], [27.193555, -29.941309], [27.239746, -30.015332], [27.312695, -30.105664], [27.355371, -30.158594], [27.349707, -30.247363], [27.364063, -30.279199], [27.388477, -30.315918], [27.408594, -30.325293], [27.431445, -30.338477], [27.491992, -30.363965], [27.506543, -30.380957], [27.549023, -30.41123], [27.589648, -30.466406], [27.666602, -30.542285], [27.753125, -30.6], [27.901855, -30.623828], [28.018164, -30.642285], [28.056836, -30.631055], [28.096387, -30.58457], [28.128711, -30.525098], [28.139063, -30.449902], [28.176172, -30.409863], [28.31543, -30.218457], [28.39209, -30.147559], [28.439063, -30.14248], [28.499609, -30.128906], [28.57666, -30.123047], [28.634375, -30.128711], [28.646875, -30.126563], [28.736914, -30.101953]]], [[[37.856934, -46.944238], [37.813965, -46.962891], [37.611816, -46.946484], [37.590039, -46.908008], [37.649707, -46.848926], [37.684863, -46.824023], [37.789551, -46.8375], [37.872852, -46.885449], [37.887695, -46.90166], [37.856934, -46.944238]]]]}}, {"type": "Feature", "properties": {"featurecla": "Admin-0 country", "scalerank": 1, "LABELRANK": 3, "SOVEREIGNT": "Namibia", "SOV_A3": "NAM", "ADM0_DIF": 0, "LEVEL": 2, "TYPE": "Sovereign country", "TLC": "1", "ADMIN": "Namibia", "ADM0_A3": "NAM", "GEOU_DIF": 0, "GEOUNIT": "Namibia", "GU_A3": "NAM", "SU_DIF": 0, "SUBUNIT": "Namibia", "SU_A3": "NAM", "BRK_DIFF": 0, "NAME": "Namibia", "NAME_LONG": "Namibia", "BRK_A3": "NAM", "BRK_NAME": "Namibia", "BRK_GROUP": null, "ABBREV": "Nam.", "POSTAL": "NA", "FORMAL_EN": "Republic of Namibia", "FORMAL_FR": null, "NAME_CIAWF": "Namibia", "NOTE_ADM0": null, "NOTE_BRK": null, "NAME_SORT": "Namibia", "NAME_ALT": null, "MAPCOLOR7": 4, "MAPCOLOR8": 1, "MAPCOLOR9": 1, "MAPCOLOR13": 7, "POP_EST": 2494530, "POP_RANK": 12, "POP_YEAR": 2019, "GDP_MD": 12366, "GDP_YEAR": 2019, "ECONOMY": "6. Developing region", "INCOME_GRP": "3. Upper middle income", "FIPS_10": "WA", "ISO_A2": "NA", "ISO_A2_EH": "NA", "ISO_A3": "NAM", "ISO_A3_EH": "NAM", "ISO_N3": "516", "ISO_N3_EH": "516", "UN_A3": "516", "WB_A2": "NA", "WB_A3": "NAM", "WOE_ID": 23424987, "WOE_ID_EH": 23424987, "WOE_NOTE": "Exact WOE match as country", "ADM0_ISO": "NAM", "ADM0_DIFF": null, "ADM0_TLC": "NAM", "ADM0_A3_US": "NAM", "ADM0_A3_FR": "NAM", "ADM0_A3_RU": "NAM", "ADM0_A3_ES": "NAM", "ADM0_A3_CN": "NAM", "ADM0_A3_TW": "NAM", "ADM0_A3_IN": "NAM", "ADM0_A3_NP": "NAM", "ADM0_A3_PK": "NAM", "ADM0_A3_DE": "NAM", "ADM0_A3_GB": "NAM", "ADM0_A3_BR": "NAM", "ADM0_A3_IL": "NAM", "ADM0_A3_PS": "NAM", "ADM0_A3_SA": "NAM", "ADM0_A3_EG": "NAM", "ADM0_A3_MA": "NAM", "ADM0_A3_PT": "NAM", "ADM0_A3_AR": "NAM", "ADM0_A3_JP": "NAM", "ADM0_A3_KO": "NAM", "ADM0_A3_VN": "NAM", "ADM0_A3_TR": "NAM", "ADM0_A3_ID": "NAM", "ADM0_A3_PL": "NAM", "ADM0_A3_GR": "NAM", "ADM0_A3_IT": "NAM", "ADM0_A3_NL": "NAM", "ADM0_A3_SE": "NAM", "ADM0_A3_BD": "NAM", "ADM0_A3_UA": "NAM", "ADM0_A3_UN": -99, "ADM0_A3_WB": -99, "CONTINENT": "Africa", "REGION_UN": "Africa", "SUBREGION": "Southern Africa", "REGION_WB": "Sub-Saharan Africa", "NAME_LEN": 7, "LONG_LEN": 7, "ABBREV_LEN": 4, "TINY": -99, "HOMEPART": 1, "MIN_ZOOM": 0, "MIN_LABEL": 3, "MAX_LABEL": 7.5, "LABEL_X": 17.108166, "LABEL_Y": -20.575298, "NE_ID": 1159321085, "WIKIDATAID": "Q1030", "NAME_AR": "ناميبيا", "NAME_BN": "নামিবিয়া", "NAME_DE": "Namibia", "NAME_EN": "Namibia", "NAME_ES": "Namibia", "NAME_FA": "نامیبیا", "NAME_FR": "Namibie", "NAME_EL": "Ναμίμπια", "NAME_HE": "נמיביה", "NAME_HI": "नामीबिया", "NAME_HU": "Namíbia", "NAME_ID": "Namibia", "NAME_IT": "Namibia", "NAME_JA": "ナミビア", "NAME_KO": "나미비아", "NAME_NL": "Namibië", "NAME_PL": "Namibia", "NAME_PT": "Namíbia", "NAME_RU": "Намибия", "NAME_SV": "Namibia", "NAME_TR": "Namibya", "NAME_UK": "Намібія", "NAME_UR": "نمیبیا", "NAME_VI": "Namibia", "NAME_ZH": "纳米比亚", "NAME_ZHT": "納米比亞", "FCLASS_ISO": "Admin-0 country", "TLC_DIFF": null, "FCLASS_TLC": "Admin-0 country", "FCLASS_US": null, "FCLASS_FR": null, "FCLASS_RU": null, "FCLASS_ES": null, "FCLASS_CN": null, "FCLASS_TW": null, "FCLASS_IN": null, "FCLASS_NP": null, "FCLASS_PK": null, "FCLASS_DE": null, "FCLASS_GB": null, "FCLASS_BR": null, "FCLASS_IL": null, "FCLASS_PS": null, "FCLASS_SA": null, "FCLASS_EG": null, "FCLASS_MA": null, "FCLASS_PT": null, "FCLASS_AR": null, "FCLASS_JP": null, "FCLASS_KO": null, "FCLASS_VN": null, "FCLASS_TR": null, "FCLASS_ID": null, "FCLASS_PL": null, "FCLASS_GR": null, "FCLASS_IT": null, "FCLASS_NL": null, "FCLASS_SE": null, "FCLASS_BD": null, "FCLASS_UA": null}, "bbox": [11.72168, -28.93877, 25.258789, -16.967676], "geometry": {"type": "Polygon", "coordinates": [[[23.380664, -17.640625], [23.594922, -17.599414], [23.799219, -17.560156], [24.036914, -17.520898], [24.227148, -17.489551], [24.274902, -17.481055], [24.73291, -17.517773], [24.932422, -17.543457], [25.001758, -17.568555], [25.092188, -17.634375], [25.258789, -17.793555], [25.216016, -17.787598], [24.909082, -17.821387], [24.792188, -17.864648], [24.530566, -18.052734], [24.474902, -18.028516], [24.412207, -17.989453], [24.358984, -17.978223], [24.243945, -18.023438], [24.129297, -18.077539], [24.002637, -18.154102], [23.89834, -18.229199], [23.864258, -18.269531], [23.700488, -18.424316], [23.647168, -18.449414], [23.599707, -18.459961], [23.580566, -18.45293], [23.560156, -18.386426], [23.459766, -18.231055], [23.298633, -18.027344], [23.251563, -18.00752], [23.219336, -17.999707], [23.099902, -18.00957], [22.752734, -18.067188], [22.460059, -18.115723], [22.011426, -18.198633], [21.529688, -18.265625], [21.23252, -18.306836], [20.974121, -18.318848], [20.974316, -18.520508], [20.975, -18.928516], [20.975586, -19.336426], [20.976172, -19.744336], [20.976855, -20.152344], [20.977441, -20.560254], [20.978125, -20.968164], [20.978711, -21.376074], [20.979297, -21.784082], [20.979492, -21.961914], [20.970996, -22.000195], [20.822754, -22.000195], [20.4875, -22.000195], [20.205371, -22.000195], [19.977344, -22.000195], [19.977637, -22.242578], [19.97793, -22.529297], [19.978223, -22.815918], [19.978516, -23.102539], [19.978906, -23.38916], [19.979297, -23.675781], [19.97959, -23.962402], [19.979883, -24.249023], [19.980176, -24.535742], [19.980469, -24.751953], [19.980469, -24.776758], [19.980469, -25.196777], [19.980469, -25.641602], [19.980469, -26.086328], [19.980469, -26.531152], [19.980469, -26.975977], [19.980469, -27.420703], [19.980469, -27.865527], [19.980469, -28.310352], [19.980469, -28.45127], [19.877832, -28.449414], [19.671484, -28.503906], [19.539844, -28.574609], [19.48291, -28.661621], [19.407227, -28.714453], [19.312695, -28.733301], [19.270996, -28.777734], [19.282227, -28.847949], [19.245801, -28.90166], [19.161719, -28.93877], [19.026074, -28.92793], [18.83877, -28.869141], [18.600391, -28.855273], [18.31084, -28.88623], [18.102734, -28.87168], [17.976074, -28.811328], [17.841602, -28.776953], [17.699316, -28.768359], [17.616797, -28.743066], [17.447949, -28.698145], [17.415723, -28.621094], [17.395898, -28.562695], [17.347852, -28.501172], [17.342578, -28.45166], [17.380273, -28.413965], [17.385742, -28.353223], [17.358691, -28.269434], [17.312012, -28.228613], [17.245801, -28.230859], [17.20459, -28.198828], [17.188477, -28.13252], [17.149414, -28.082227], [17.05625, -28.031055], [16.933301, -28.069629], [16.875293, -28.12793], [16.841211, -28.218945], [16.810156, -28.264551], [16.794531, -28.34082], [16.7875, -28.394727], [16.755762, -28.452148], [16.723047, -28.475488], [16.689453, -28.464941], [16.626172, -28.487891], [16.487109, -28.572852], [16.447559, -28.617578], [16.335059, -28.536523], [16.007129, -28.231738], [15.890918, -28.152539], [15.719043, -27.96582], [15.341504, -27.386523], [15.287598, -27.275], [15.215723, -26.995117], [15.132812, -26.787598], [15.12373, -26.667871], [15.163281, -26.600195], [15.139063, -26.508008], [15.096582, -26.425781], [14.967773, -26.318066], [14.93125, -25.958203], [14.845215, -25.725684], [14.863672, -25.533594], [14.822559, -25.358594], [14.818555, -25.246387], [14.837109, -25.033203], [14.767969, -24.787988], [14.62793, -24.548047], [14.501563, -24.201953], [14.483398, -24.050391], [14.496875, -23.642871], [14.472461, -23.47666], [14.473828, -23.281152], [14.423828, -23.078613], [14.40332, -22.968066], [14.438477, -22.880566], [14.459277, -22.908203], [14.495703, -22.921387], [14.519922, -22.805176], [14.525977, -22.702539], [14.462793, -22.449121], [14.321875, -22.189941], [13.973242, -21.767578], [13.888086, -21.606641], [13.839355, -21.473242], [13.450586, -20.916699], [13.284375, -20.523926], [13.168359, -20.184668], [13.04209, -20.028223], [12.458203, -18.926758], [12.328711, -18.751074], [12.095703, -18.540918], [12.041211, -18.470703], [11.951367, -18.270508], [11.775879, -18.001758], [11.733496, -17.750977], [11.72168, -17.466797], [11.743066, -17.249219], [11.902539, -17.226562], [12.013965, -17.168555], [12.114355, -17.164551], [12.213379, -17.209961], [12.318457, -17.213379], [12.359277, -17.205859], [12.548145, -17.212695], [12.656543, -17.160547], [12.785156, -17.108203], [12.859277, -17.062598], [12.963184, -17.01543], [13.101172, -16.967676], [13.179492, -16.97168], [13.275684, -16.989551], [13.403711, -17.007812], [13.475977, -17.040039], [13.561719, -17.141211], [13.694336, -17.233496], [13.791992, -17.288379], [13.904199, -17.360742], [13.937988, -17.38877], [13.987402, -17.404199], [14.01748, -17.408887], [14.225879, -17.397754], [14.414746, -17.387695], [14.617969, -17.387988], [15.000586, -17.388574], [15.383203, -17.38916], [15.76582, -17.389648], [16.148438, -17.390234], [16.531055, -17.39082], [16.913672, -17.391406], [17.296289, -17.391992], [17.678809, -17.392578], [17.835352, -17.392773], [18.108789, -17.395996], [18.396387, -17.399414], [18.428223, -17.405176], [18.460352, -17.424609], [18.486621, -17.442773], [18.588184, -17.57002], [18.718066, -17.703223], [18.825977, -17.766309], [18.955273, -17.803516], [19.076465, -17.817676], [19.189453, -17.808496], [19.377148, -17.825488], [19.639355, -17.868652], [19.911816, -17.881348], [20.194336, -17.863672], [20.392969, -17.887402], [20.507617, -17.952539], [20.625098, -17.99668], [20.745508, -18.019727], [20.908301, -18.006055], [21.113477, -17.955762], [21.287891, -17.962988], [21.36875, -17.999512], [21.416895, -18.000684], [21.718457, -17.947754], [21.96084, -17.905176], [22.324219, -17.8375], [22.624023, -17.781641], [23.068262, -17.698828], [23.380664, -17.640625]]]}}, {"type": "Feature", "properties": {"featurecla": "Admin-0 country", "scalerank": 1, "LABELRANK": 3, "SOVEREIGNT": "Mozambique", "SOV_A3": "MOZ", "ADM0_DIF": 0, "LEVEL": 2, "TYPE": "Sovereign country", "TLC": "1", "ADMIN": "Mozambique", "ADM0_A3": "MOZ", "GEOU_DIF": 0, "GEOUNIT": "Mozambique", "GU_A3": "MOZ", "SU_DIF": 0, "SUBUNIT": "Mozambique", "SU_A3": "MOZ", "BRK_DIFF": 0, "NAME": "Mozambique", "NAME_LONG": "Mozambique", "BRK_A3": "MOZ", "BRK_NAME": "Mozambique", "BRK_GROUP": null, "ABBREV": "Moz.", "POSTAL": "MZ", "FORMAL_EN": "Republic of Mozambique", "FORMAL_FR": null, "NAME_CIAWF": "Mozambique", "NOTE_ADM0": null, "NOTE_BRK": null, "NAME_SORT": "Mozambique", "NAME_ALT": null, "MAPCOLOR7": 4, "MAPCOLOR8": 2, "MAPCOLOR9": 1, "MAPCOLOR13": 4, "POP_EST": 30366036, "POP_RANK": 15, "POP_YEAR": 2019, "GDP_MD": 15291, "GDP_YEAR": 2019, "ECONOMY": "7. Least developed region", "INCOME_GRP": "5. Low income", "FIPS_10": "MZ", "ISO_A2": "MZ", "ISO_A2_EH": "MZ", "ISO_A3": "MOZ", "ISO_A3_EH": "MOZ", "ISO_N3": "508", "ISO_N3_EH": "508", "UN_A3": "508", "WB_A2": "MZ", "WB_A3": "MOZ", "WOE_ID": 23424902, "WOE_ID_EH": 23424902, "WOE_NOTE": "Exact WOE match as country", "ADM0_ISO": "MOZ", "ADM0_DIFF": null, "ADM0_TLC": "MOZ", "ADM0_A3_US": "MOZ", "ADM0_A3_FR": "MOZ", "ADM0_A3_RU": "MOZ", "ADM0_A3_ES": "MOZ", "ADM0_A3_CN": "MOZ", "ADM0_A3_TW": "MOZ", "ADM0_A3_IN": "MOZ", "ADM0_A3_NP": "MOZ", "ADM0_A3_PK": "MOZ", "ADM0_A3_DE": "MOZ", "ADM0_A3_GB": "MOZ", "ADM0_A3_BR": "MOZ", "ADM0_A3_IL": "MOZ", "ADM0_A3_PS": "MOZ", "ADM0_A3_SA": "MOZ", "ADM0_A3_EG": "MOZ", "ADM0_A3_MA": "MOZ", "ADM0_A3_PT": "MOZ", "ADM0_A3_AR": "MOZ", "ADM0_A3_JP": "MOZ", "ADM0_A3_KO": "MOZ", "ADM0_A3_VN": "MOZ", "ADM0_A3_TR": "MOZ", "ADM0_A3_ID": "MOZ", "ADM0_A3_PL": "MOZ", "ADM0_A3_GR": "MOZ", "ADM0_A3_IT": "MOZ", "ADM0_A3_NL": "MOZ", "ADM0_A3_SE": "MOZ", "ADM0_A3_BD": "MOZ", "ADM0_A3_UA": "MOZ", "ADM0_A3_UN": -99, "ADM0_A3_WB": -99, "CONTINENT": "Africa", "REGION_UN": "Africa", "SUBREGION": "Eastern Africa", "REGION_WB": "Sub-Saharan Africa", "NAME_LEN": 10, "LONG_LEN": 10, "ABBREV_LEN": 4, "TINY": -99, "HOMEPART": 1, "MIN_ZOOM": 0, "MIN_LABEL": 3, "MAX_LABEL": 8, "LABEL_X": 37.83789, "LABEL_Y": -13.94323, "NE_ID": 1159321073, "WIKIDATAID": "Q1029", "NAME_AR": "موزمبيق", "NAME_BN": "মোজাম্বিক", "NAME_DE": "Mosambik", "NAME_EN": "Mozambique", "NAME_ES": "Mozambique", "NAME_FA": "موزامبیک", "NAME_FR": "Mozambique", "NAME_EL": "Μοζαμβίκη", "NAME_HE": "מוזמביק", "NAME_HI": "मोज़ाम्बीक", "NAME_HU": "Mozambik", "NAME_ID": "Mozambik", "NAME_IT": "Mozambico", "NAME_JA": "モザンビーク", "NAME_KO": "모잠비크", "NAME_NL": "Mozambique", "NAME_PL": "Mozambik", "NAME_PT": "Moçambique", "NAME_RU": "Мозамбик", "NAME_SV": "Moçambique", "NAME_TR": "Mozambik", "NAME_UK": "Мозамбік", "NAME_UR": "موزمبیق", "NAME_VI": "Mozambique", "NAME_ZH": "莫桑比克", "NAME_ZHT": "莫三比克", "FCLASS_ISO": "Admin-0 country", "TLC_DIFF": null, "FCLASS_TLC": "Admin-0 country", "FCLASS_US": null, "FCLASS_FR": null, "FCLASS_RU": null, "FCLASS_ES": null, "FCLASS_CN": null, "FCLASS_TW": null, "FCLASS_IN": null, "FCLASS_NP": null, "FCLASS_PK": null, "FCLASS_DE": null, "FCLASS_GB": null, "FCLASS_BR": null, "FCLASS_IL": null, "FCLASS_PS": null, "FCLASS_SA": null, "FCLASS_EG": null, "FCLASS_MA": null, "FCLASS_PT": null, "FCLASS_AR": null, "FCLASS_JP": null, "FCLASS_KO": null, "FCLASS_VN": null, "FCLASS_TR": null, "FCLASS_ID": null, "FCLASS_PL": null, "FCLASS_GR": null, "FCLASS_IT": null, "FCLASS_NL": null, "FCLASS_SE": null, "FCLASS_BD": null, "FCLASS_UA": null}, "bbox": [30.221777, -26.861621, 40.844531, -10.464355], "geometry": {"type": "Polygon", "coordinates": [[[31.287891, -22.402051], [31.429492, -22.298828], [31.571484, -22.153516], [31.737695, -21.983398], [31.885938, -21.831543], [32.016309, -21.698047], [32.194727, -21.51543], [32.371094, -21.334863], [32.412402, -21.311816], [32.429785, -21.29707], [32.353613, -21.136523], [32.476172, -20.950098], [32.482813, -20.828906], [32.477637, -20.712988], [32.492383, -20.659766], [32.529297, -20.613086], [32.672559, -20.516113], [32.780859, -20.361523], [32.869629, -20.217188], [32.992773, -19.984863], [33.004883, -19.930176], [33.006738, -19.873828], [32.972656, -19.79541], [32.89043, -19.668066], [32.830762, -19.558203], [32.777637, -19.38877], [32.830957, -19.241406], [32.85, -19.152441], [32.849805, -19.104395], [32.826172, -19.058789], [32.766211, -19.024316], [32.716504, -19.001855], [32.699707, -18.940918], [32.699219, -18.868457], [32.721973, -18.828418], [32.854492, -18.763672], [32.88457, -18.728516], [32.900293, -18.689063], [32.90166, -18.63291], [32.94248, -18.492676], [32.993066, -18.35957], [32.996387, -18.312598], [32.978516, -18.271484], [32.964648, -18.196289], [32.955566, -18.08291], [32.954688, -17.76543], [32.980762, -17.4375], [32.969336, -17.251563], [32.884375, -17.037793], [32.87627, -16.883594], [32.937891, -16.775977], [32.948047, -16.712305], [32.90293, -16.704199], [32.810254, -16.697656], [32.741797, -16.677637], [32.63584, -16.589453], [32.451953, -16.515723], [32.243262, -16.44873], [31.939844, -16.428809], [31.687598, -16.21416], [31.489844, -16.179688], [31.426172, -16.152344], [31.23623, -16.023633], [30.93877, -16.011719], [30.630176, -15.999219], [30.437793, -15.995313], [30.409375, -15.978223], [30.398145, -15.800781], [30.396094, -15.643066], [30.379883, -15.505859], [30.350586, -15.349707], [30.305664, -15.288867], [30.252148, -15.183203], [30.225, -15.066895], [30.221777, -15.010547], [30.231836, -14.990332], [30.446094, -14.90752], [30.537695, -14.866504], [30.67334, -14.819141], [30.915137, -14.75332], [31.130859, -14.694629], [31.328516, -14.637695], [31.537891, -14.577148], [31.623047, -14.536719], [31.728906, -14.496094], [31.982129, -14.414453], [32.054492, -14.386523], [32.199902, -14.34082], [32.272852, -14.323047], [32.553223, -14.22959], [32.874512, -14.122461], [32.987109, -14.084961], [33.201758, -14.013379], [33.243555, -14.043066], [33.389941, -14.289453], [33.505273, -14.434082], [33.636426, -14.568164], [33.658301, -14.561621], [33.696094, -14.530273], [33.761426, -14.517285], [33.969824, -14.487109], [34.049414, -14.485254], [34.101855, -14.449316], [34.208789, -14.42373], [34.33252, -14.408594], [34.375, -14.424805], [34.505273, -14.598145], [34.524121, -14.730762], [34.551172, -14.922363], [34.557617, -15.015918], [34.555469, -15.140918], [34.54082, -15.297266], [34.434961, -15.477148], [34.414746, -15.566797], [34.358008, -15.705273], [34.283008, -15.773438], [34.246094, -15.829395], [34.248242, -15.8875], [34.288281, -15.936133], [34.375977, -16.02373], [34.403027, -16.080273], [34.395117, -16.130859], [34.395508, -16.199219], [34.416406, -16.246777], [34.441309, -16.274414], [34.528125, -16.319141], [34.612695, -16.431543], [34.758789, -16.56709], [34.933398, -16.760352], [35.015332, -16.819531], [35.079883, -16.833887], [35.112109, -16.898535], [35.094238, -16.973828], [35.043945, -17.016895], [35.064648, -17.078613], [35.093066, -17.110938], [35.124609, -17.127246], [35.201367, -17.131055], [35.272559, -17.118457], [35.29043, -17.096973], [35.281152, -16.807813], [35.229785, -16.639258], [35.17832, -16.57334], [35.167188, -16.560254], [35.185254, -16.504883], [35.242773, -16.375391], [35.291504, -16.247168], [35.322461, -16.193164], [35.358496, -16.160547], [35.599316, -16.125879], [35.708887, -16.095801], [35.755273, -16.058301], [35.791211, -15.958691], [35.819922, -15.680371], [35.830273, -15.418945], [35.805371, -15.265625], [35.839941, -15.034668], [35.892773, -14.891797], [35.866699, -14.86377], [35.847168, -14.670898], [35.69043, -14.465527], [35.488477, -14.201074], [35.375781, -14.058691], [35.247461, -13.896875], [35.013867, -13.643457], [34.906836, -13.55166], [34.850488, -13.516016], [34.661621, -13.486719], [34.611523, -13.437891], [34.563672, -13.360156], [34.545703, -13.216309], [34.542578, -13.108691], [34.521289, -12.925781], [34.48291, -12.666797], [34.46582, -12.590723], [34.412109, -12.395898], [34.36084, -12.210547], [34.357813, -12.164746], [34.375977, -12.120215], [34.462891, -11.983789], [34.524805, -11.887012], [34.553906, -11.834082], [34.60625, -11.690039], [34.618555, -11.620215], [34.65957, -11.588672], [34.826563, -11.575684], [34.959473, -11.578125], [35.182617, -11.574805], [35.418262, -11.583203], [35.451367, -11.589551], [35.504395, -11.604785], [35.564355, -11.602344], [35.630957, -11.582031], [35.704688, -11.532129], [35.785449, -11.45293], [35.911328, -11.454688], [36.082227, -11.537305], [36.175488, -11.609277], [36.191309, -11.670703], [36.305664, -11.706348], [36.518652, -11.716211], [36.673828, -11.684277], [36.771094, -11.610352], [36.872656, -11.571289], [36.978906, -11.566992], [37.05918, -11.592188], [37.113867, -11.647168], [37.218359, -11.686523], [37.372852, -11.710449], [37.541699, -11.675098], [37.724805, -11.580664], [37.829297, -11.481934], [37.855078, -11.379102], [37.885352, -11.316699], [37.920215, -11.294727], [38.017285, -11.282129], [38.176563, -11.278711], [38.315137, -11.311133], [38.491797, -11.413281], [38.60332, -11.345313], [38.794727, -11.228906], [38.9875, -11.167285], [39.170996, -11.166895], [39.321582, -11.122559], [39.43916, -11.03457], [39.563477, -10.978516], [39.694434, -10.954785], [39.81709, -10.912402], [39.988672, -10.820801], [40.166211, -10.6875], [40.347461, -10.551563], [40.463574, -10.464355], [40.516699, -10.567383], [40.611719, -10.661523], [40.555078, -10.716211], [40.486621, -10.765137], [40.597168, -10.830664], [40.516113, -10.92959], [40.50625, -10.998438], [40.526855, -11.025391], [40.544531, -11.065625], [40.491406, -11.178906], [40.420996, -11.265625], [40.402832, -11.332031], [40.465137, -11.449414], [40.433105, -11.657324], [40.493555, -11.844434], [40.510449, -11.94043], [40.531543, -12.00459], [40.501465, -12.119434], [40.50918, -12.312891], [40.523145, -12.392773], [40.487109, -12.492188], [40.54834, -12.526563], [40.580859, -12.635547], [40.57207, -12.758398], [40.55332, -12.824609], [40.447656, -12.904785], [40.435156, -12.935938], [40.436816, -12.983105], [40.56875, -12.984668], [40.573242, -13.057715], [40.564453, -13.115234], [40.569531, -13.223438], [40.551953, -13.29375], [40.58291, -13.374023], [40.545117, -13.462891], [40.558203, -13.531445], [40.559863, -13.620313], [40.590527, -13.84502], [40.595703, -14.122852], [40.602539, -14.167383], [40.649512, -14.198828], [40.715625, -14.214453], [40.713086, -14.290625], [40.639941, -14.390039], [40.635547, -14.451855], [40.646094, -14.538672], [40.72666, -14.420703], [40.775, -14.421289], [40.818164, -14.467578], [40.812109, -14.535547], [40.826953, -14.569043], [40.820605, -14.634961], [40.844531, -14.718652], [40.835156, -14.791504], [40.775977, -14.84248], [40.700684, -14.929785], [40.687402, -15.011621], [40.694336, -15.065234], [40.642188, -15.082422], [40.617773, -15.115527], [40.653125, -15.192676], [40.650977, -15.260938], [40.558984, -15.473438], [40.313867, -15.763965], [40.208008, -15.86709], [40.108789, -15.979297], [40.108887, -16.025293], [40.099219, -16.065332], [39.983594, -16.225488], [39.859766, -16.251758], [39.790918, -16.294531], [39.844629, -16.435645], [39.764551, -16.468164], [39.625391, -16.579395], [39.242285, -16.792578], [39.181738, -16.841992], [39.084375, -16.972852], [38.956055, -17.00459], [38.884766, -17.041602], [38.757617, -17.055176], [38.713281, -17.045703], [38.669922, -17.050293], [38.633301, -17.07832], [38.380762, -17.170117], [38.144922, -17.242773], [38.086914, -17.275977], [38.048242, -17.321387], [37.839453, -17.393164], [37.512305, -17.570703], [37.244531, -17.739941], [37.050586, -17.909277], [36.999512, -17.934961], [36.939355, -17.993457], [36.919238, -18.080078], [36.899609, -18.129004], [36.756152, -18.307324], [36.540137, -18.518164], [36.498047, -18.575781], [36.412207, -18.692969], [36.403711, -18.769727], [36.327246, -18.793164], [36.262891, -18.719629], [36.235645, -18.861328], [36.183203, -18.871387], [36.125, -18.842383], [35.980078, -18.9125], [35.853711, -18.993359], [35.65127, -19.163867], [35.365332, -19.493945], [34.947852, -19.812695], [34.89082, -19.821777], [34.852344, -19.820508], [34.720996, -19.70957], [34.649414, -19.701367], [34.713477, -19.767188], [34.755762, -19.821973], [34.74502, -19.929492], [34.75, -20.09082], [34.698145, -20.404395], [34.705078, -20.473047], [34.764746, -20.561914], [34.877051, -20.670801], [34.982324, -20.80625], [35.117578, -21.195215], [35.128027, -21.395313], [35.267676, -21.650977], [35.272949, -21.761719], [35.329297, -22.037402], [35.325586, -22.260352], [35.315723, -22.396875], [35.383008, -22.45459], [35.407813, -22.402539], [35.400879, -22.316211], [35.418848, -22.177637], [35.456348, -22.115918], [35.49375, -22.124707], [35.504883, -22.190137], [35.530078, -22.248145], [35.540234, -22.302637], [35.541992, -22.376563], [35.490234, -22.657715], [35.505762, -22.77207], [35.575391, -22.963086], [35.494434, -23.185156], [35.376953, -23.707813], [35.37041, -23.798242], [35.398828, -23.837695], [35.462109, -23.851074], [35.485352, -23.784473], [35.522461, -23.784961], [35.541992, -23.824414], [35.489648, -24.065527], [35.438086, -24.171191], [35.254883, -24.430273], [35.155957, -24.541406], [34.99209, -24.650586], [34.607324, -24.821289], [33.836035, -25.067969], [33.530078, -25.188867], [33.347461, -25.260938], [32.961133, -25.49043], [32.792188, -25.644336], [32.722559, -25.820898], [32.655859, -25.901758], [32.59043, -26.004102], [32.647461, -26.091992], [32.703516, -26.158496], [32.769629, -26.203027], [32.803906, -26.241406], [32.848828, -26.268066], [32.894043, -26.129883], [32.916406, -26.086914], [32.954883, -26.083594], [32.933594, -26.252344], [32.88916, -26.830469], [32.886133, -26.849316], [32.776563, -26.850977], [32.58877, -26.855762], [32.477734, -26.858496], [32.353516, -26.861621], [32.199609, -26.833496], [32.112891, -26.839453], [32.105957, -26.52002], [32.07793, -26.449805], [32.04834, -26.347168], [32.041406, -26.28125], [32.059961, -26.215039], [32.068848, -26.110156], [32.060547, -26.018359], [31.968457, -25.972266], [31.948242, -25.957617], [31.92832, -25.885352], [31.920313, -25.773926], [31.98457, -25.631934], [31.979395, -25.359473], [31.987012, -25.263477], [31.985742, -25.073828], [31.984375, -24.844043], [31.983203, -24.638281], [31.98584, -24.460645], [31.966602, -24.376465], [31.950586, -24.330273], [31.908008, -24.23623], [31.858301, -24.040234], [31.799609, -23.892188], [31.724023, -23.794531], [31.7, -23.743066], [31.675586, -23.674219], [31.604102, -23.55293], [31.545605, -23.482324], [31.529688, -23.425781], [31.531738, -23.279492], [31.466699, -23.016699], [31.419336, -22.825098], [31.348047, -22.617578], [31.300195, -22.478613], [31.293164, -22.454688], [31.287891, -22.402051]], [[34.641602, -12.013672], [34.624219, -11.984766], [34.591406, -11.971094], [34.554004, -11.982227], [34.541602, -12.018652], [34.580469, -12.06582], [34.621777, -12.066602], [34.641602, -12.013672]], [[34.719336, -12.110645], [34.745996, -12.088379], [34.75625, -12.059082], [34.755957, -12.030762], [34.738965, -12.013086], [34.714941, -12.002734], [34.679883, -12.008887], [34.66748, -12.047559], [34.662109, -12.100781], [34.68418, -12.118652], [34.719336, -12.110645]]]}}, {"type": "Feature", "properties": {"featurecla": "Admin-0 country", "scalerank": 5, "LABELRANK": 6, "SOVEREIGNT": "Malawi", "SOV_A3": "MWI", "ADM0_DIF": 0, "LEVEL": 2, "TYPE": "Sovereign country", "TLC": "1", "ADMIN": "Malawi", "ADM0_A3": "MWI", "GEOU_DIF": 0, "GEOUNIT": "Malawi", "GU_A3": "MWI", "SU_DIF": 0, "SUBUNIT": "Malawi", "SU_A3": "MWI", "BRK_DIFF": 0, "NAME": "Malawi", "NAME_LONG": "Malawi", "BRK_A3": "MWI", "BRK_NAME": "Malawi", "BRK_GROUP": null, "ABBREV": "Mal.", "POSTAL": "MW", "FORMAL_EN": "Republic of Malawi", "FORMAL_FR": null, "NAME_CIAWF": "Malawi", "NOTE_ADM0": null, "NOTE_BRK": null, "NAME_SORT": "Malawi", "NAME_ALT": null, "MAPCOLOR7": 1, "MAPCOLOR8": 3, "MAPCOLOR9": 4, "MAPCOLOR13": 5, "POP_EST": 18628747, "POP_RANK": 14, "POP_YEAR": 2019, "GDP_MD": 7666, "GDP_YEAR": 2019, "ECONOMY": "7. Least developed region", "INCOME_GRP": "5. Low income", "FIPS_10": "MI", "ISO_A2": "MW", "ISO_A2_EH": "MW", "ISO_A3": "MWI", "ISO_A3_EH": "MWI", "ISO_N3": "454", "ISO_N3_EH": "454", "UN_A3": "454", "WB_A2": "MW", "WB_A3": "MWI", "WOE_ID": 23424889, "WOE_ID_EH": 23424889, "WOE_NOTE": "Exact WOE match as country", "ADM0_ISO": "MWI", "ADM0_DIFF": null, "ADM0_TLC": "MWI", "ADM0_A3_US": "MWI", "ADM0_A3_FR": "MWI", "ADM0_A3_RU": "MWI", "ADM0_A3_ES": "MWI", "ADM0_A3_CN": "MWI", "ADM0_A3_TW": "MWI", "ADM0_A3_IN": "MWI", "ADM0_A3_NP": "MWI", "ADM0_A3_PK": "MWI", "ADM0_A3_DE": "MWI", "ADM0_A3_GB": "MWI", "ADM0_A3_BR": "MWI", "ADM0_A3_IL": "MWI", "ADM0_A3_PS": "MWI", "ADM0_A3_SA": "MWI", "ADM0_A3_EG": "MWI", "ADM0_A3_MA": "MWI", "ADM0_A3_PT": "MWI", "ADM0_A3_AR": "MWI", "ADM0_A3_JP": "MWI", "ADM0_A3_KO": "MWI", "ADM0_A3_VN": "MWI", "ADM0_A3_TR": "MWI", "ADM0_A3_ID": "MWI", "ADM0_A3_PL": "MWI", "ADM0_A3_GR": "MWI", "ADM0_A3_IT": "MWI", "ADM0_A3_NL": "MWI", "ADM0_A3_SE": "MWI", "ADM0_A3_BD": "MWI", "ADM0_A3_UA": "MWI", "ADM0_A3_UN": -99, "ADM0_A3_WB": -99, "CONTINENT": "Africa", "REGION_UN": "Africa", "SUBREGION": "Eastern Africa", "REGION_WB": "Sub-Saharan Africa", "NAME_LEN": 6, "LONG_LEN": 6, "ABBREV_LEN": 4, "TINY": -99, "HOMEPART": 1, "MIN_ZOOM": 0, "MIN_LABEL": 4, "MAX_LABEL": 9, "LABEL_X": 33.608082, "LABEL_Y": -13.386737, "NE_ID": 1159321081, "WIKIDATAID": "Q1020", "NAME_AR": "مالاوي", "NAME_BN": "মালাউই", "NAME_DE": "Malawi", "NAME_EN": "Malawi", "NAME_ES": "Malaui", "NAME_FA": "مالاوی", "NAME_FR": "Malawi", "NAME_EL": "Μαλάουι", "NAME_HE": "מלאווי", "NAME_HI": "मलावी", "NAME_HU": "Malawi", "NAME_ID": "Malawi", "NAME_IT": "Malawi", "NAME_JA": "マラウイ", "NAME_KO": "말라위", "NAME_NL": "Malawi", "NAME_PL": "Malawi", "NAME_PT": "Malawi", "NAME_RU": "Малави", "NAME_SV": "Malawi", "NAME_TR": "Malavi", "NAME_UK": "Малаві", "NAME_UR": "ملاوی", "NAME_VI": "Malawi", "NAME_ZH": "马拉维", "NAME_ZHT": "馬拉威", "FCLASS_ISO": "Admin-0 country", "TLC_DIFF": null, "FCLASS_TLC": "Admin-0 country", "FCLASS_US": null, "FCLASS_FR": null, "FCLASS_RU": null, "FCLASS_ES": null, "FCLASS_CN": null, "FCLASS_TW": null, "FCLASS_IN": null, "FCLASS_NP": null, "FCLASS_PK": null, "FCLASS_DE": null, "FCLASS_GB": null, "FCLASS_BR": null, "FCLASS_IL": null, "FCLASS_PS": null, "FCLASS_SA": null, "FCLASS_EG": null, "FCLASS_MA": null, "FCLASS_PT": null, "FCLASS_AR": null, "FCLASS_JP": null, "FCLASS_KO": null, "FCLASS_VN": null, "FCLASS_TR": null, "FCLASS_ID": null, "FCLASS_PL": null, "FCLASS_GR": null, "FCLASS_IT": null, "FCLASS_NL": null, "FCLASS_SE": null, "FCLASS_BD": null, "FCLASS_UA": null}, "bbox": [32.67041, -17.131055, 35.892773, -9.39502], "geometry": {"type": "MultiPolygon", "coordinates": [[[[34.719336, -12.110645], [34.68418, -12.118652], [34.662109, -12.100781], [34.66748, -12.047559], [34.679883, -12.008887], [34.714941, -12.002734], [34.738965, -12.013086], [34.755957, -12.030762], [34.75625, -12.059082], [34.745996, -12.088379], [34.719336, -12.110645]]], [[[34.641602, -12.013672], [34.621777, -12.066602], [34.580469, -12.06582], [34.541602, -12.018652], [34.554004, -11.982227], [34.591406, -11.971094], [34.624219, -11.984766], [34.641602, -12.013672]]], [[[33.201758, -14.013379], [33.148047, -13.940918], [33.103613, -13.95918], [33.042383, -14.010059], [33.009277, -14.02373], [32.99209, -14.022168], [32.98125, -14.009375], [32.967578, -13.976855], [32.920313, -13.883887], [32.867188, -13.817383], [32.811035, -13.791602], [32.765137, -13.761035], [32.785352, -13.731445], [32.806738, -13.710254], [32.797461, -13.688477], [32.771777, -13.656543], [32.67207, -13.610352], [32.67041, -13.59043], [32.758398, -13.550293], [32.814063, -13.502734], [32.851855, -13.457031], [32.899707, -13.357031], [32.938574, -13.257422], [32.967578, -13.225], [32.977637, -13.158887], [32.971094, -13.084277], [32.99043, -12.989453], [33, -12.899609], [32.970508, -12.864746], [32.945605, -12.804395], [32.975195, -12.701367], [33.021582, -12.630469], [33.243457, -12.556543], [33.397949, -12.489844], [33.430664, -12.460449], [33.483203, -12.403418], [33.512305, -12.347754], [33.491406, -12.331055], [33.37002, -12.329688], [33.340137, -12.308301], [33.252344, -12.112598], [33.300977, -11.888184], [33.305078, -11.8], [33.303906, -11.69082], [33.288281, -11.611133], [33.25, -11.577637], [33.226367, -11.534863], [33.232715, -11.417676], [33.268359, -11.403906], [33.345508, -11.249121], [33.379785, -11.15791], [33.338672, -11.085156], [33.293262, -10.981152], [33.272754, -10.915039], [33.261328, -10.893359], [33.292773, -10.852344], [33.344922, -10.812695], [33.403125, -10.801758], [33.464746, -10.783105], [33.659082, -10.590527], [33.661523, -10.553125], [33.626172, -10.488574], [33.553711, -10.391309], [33.537598, -10.351562], [33.528906, -10.234668], [33.500098, -10.199707], [33.393555, -10.120898], [33.311523, -10.037988], [33.337109, -9.954004], [33.350977, -9.862207], [33.310449, -9.811816], [33.25, -9.75957], [33.212695, -9.683008], [33.195703, -9.626172], [33.148047, -9.603516], [33.104492, -9.602637], [33.072461, -9.638184], [33.037793, -9.635059], [32.995996, -9.622852], [32.982129, -9.573633], [32.979883, -9.520313], [32.951074, -9.48418], [32.92334, -9.433984], [32.919922, -9.407422], [32.937305, -9.399707], [32.974023, -9.39502], [33.130469, -9.495898], [33.225293, -9.500488], [33.330859, -9.519141], [33.420898, -9.608008], [33.467773, -9.619727], [33.527539, -9.60752], [33.697656, -9.598145], [33.766211, -9.610938], [33.854199, -9.662988], [33.888867, -9.670117], [33.943945, -9.672168], [33.953711, -9.658203], [33.959375, -9.627344], [33.949609, -9.565332], [33.962109, -9.531738], [33.995605, -9.49541], [34.088574, -9.537793], [34.320898, -9.731543], [34.327832, -9.756543], [34.475977, -9.948828], [34.524219, -10.030176], [34.524219, -10.073145], [34.569922, -10.241113], [34.57998, -10.319824], [34.569727, -10.379688], [34.571582, -10.427637], [34.589551, -10.496191], [34.583594, -10.525098], [34.636523, -10.625586], [34.661816, -10.710059], [34.66709, -10.79248], [34.652344, -10.872852], [34.605664, -10.990234], [34.597656, -11.0375], [34.60791, -11.080469], [34.638086, -11.127148], [34.688477, -11.177441], [34.726465, -11.238184], [34.752148, -11.309473], [34.773828, -11.341699], [34.800879, -11.340918], [34.850586, -11.351953], [34.890625, -11.393555], [34.937012, -11.463477], [34.952637, -11.54375], [34.959473, -11.578125], [34.826563, -11.575684], [34.65957, -11.588672], [34.618555, -11.620215], [34.60625, -11.690039], [34.553906, -11.834082], [34.524805, -11.887012], [34.462891, -11.983789], [34.375977, -12.120215], [34.357813, -12.164746], [34.36084, -12.210547], [34.412109, -12.395898], [34.46582, -12.590723], [34.48291, -12.666797], [34.521289, -12.925781], [34.542578, -13.108691], [34.545703, -13.216309], [34.563672, -13.360156], [34.611523, -13.437891], [34.661621, -13.486719], [34.850488, -13.516016], [34.906836, -13.55166], [35.013867, -13.643457], [35.247461, -13.896875], [35.375781, -14.058691], [35.488477, -14.201074], [35.69043, -14.465527], [35.847168, -14.670898], [35.866699, -14.86377], [35.892773, -14.891797], [35.839941, -15.034668], [35.805371, -15.265625], [35.830273, -15.418945], [35.819922, -15.680371], [35.791211, -15.958691], [35.755273, -16.058301], [35.708887, -16.095801], [35.599316, -16.125879], [35.358496, -16.160547], [35.322461, -16.193164], [35.291504, -16.247168], [35.242773, -16.375391], [35.185254, -16.504883], [35.167188, -16.560254], [35.17832, -16.57334], [35.229785, -16.639258], [35.281152, -16.807813], [35.29043, -17.096973], [35.272559, -17.118457], [35.201367, -17.131055], [35.124609, -17.127246], [35.093066, -17.110938], [35.064648, -17.078613], [35.043945, -17.016895], [35.094238, -16.973828], [35.112109, -16.898535], [35.079883, -16.833887], [35.015332, -16.819531], [34.933398, -16.760352], [34.758789, -16.56709], [34.612695, -16.431543], [34.528125, -16.319141], [34.441309, -16.274414], [34.416406, -16.246777], [34.395508, -16.199219], [34.395117, -16.130859], [34.403027, -16.080273], [34.375977, -16.02373], [34.288281, -15.936133], [34.248242, -15.8875], [34.246094, -15.829395], [34.283008, -15.773438], [34.358008, -15.705273], [34.414746, -15.566797], [34.434961, -15.477148], [34.54082, -15.297266], [34.555469, -15.140918], [34.557617, -15.015918], [34.551172, -14.922363], [34.524121, -14.730762], [34.505273, -14.598145], [34.375, -14.424805], [34.33252, -14.408594], [34.208789, -14.42373], [34.101855, -14.449316], [34.049414, -14.485254], [33.969824, -14.487109], [33.761426, -14.517285], [33.696094, -14.530273], [33.658301, -14.561621], [33.636426, -14.568164], [33.505273, -14.434082], [33.389941, -14.289453], [33.243555, -14.043066], [33.201758, -14.013379]]]]}}, {"type": "Feature", "properties": {"featurecla": "Admin-0 country", "scalerank": 1, "LABELRANK": 6, "SOVEREIGNT": "Lesotho", "SOV_A3": "LSO", "ADM0_DIF": 0, "LEVEL": 2, "TYPE": "Sovereign country", "TLC": "1", "ADMIN": "Lesotho", "ADM0_A3": "LSO", "GEOU_DIF": 0, "GEOUNIT": "Lesotho", "GU_A3": "LSO", "SU_DIF": 0, "SUBUNIT": "Lesotho", "SU_A3": "LSO", "BRK_DIFF": 0, "NAME": "Lesotho", "NAME_LONG": "Lesotho", "BRK_A3": "LSO", "BRK_NAME": "Lesotho", "BRK_GROUP": null, "ABBREV": "Les.", "POSTAL": "LS", "FORMAL_EN": "Kingdom of Lesotho", "FORMAL_FR": null, "NAME_CIAWF": "Lesotho", "NOTE_ADM0": null, "NOTE_BRK": null, "NAME_SORT": "Lesotho", "NAME_ALT": null, "MAPCOLOR7": 1, "MAPCOLOR8": 5, "MAPCOLOR9": 2, "MAPCOLOR13": 8, "POP_EST": 2125268, "POP_RANK": 12, "POP_YEAR": 2019, "GDP_MD": 2376, "GDP_YEAR": 2019, "ECONOMY": "7. Least developed region", "INCOME_GRP": "4. Lower middle income", "FIPS_10": "LT", "ISO_A2": "LS", "ISO_A2_EH": "LS", "ISO_A3": "LSO", "ISO_A3_EH": "LSO", "ISO_N3": "426", "ISO_N3_EH": "426", "UN_A3": "426", "WB_A2": "LS", "WB_A3": "LSO", "WOE_ID": 23424880, "WOE_ID_EH": 23424880, "WOE_NOTE": "Exact WOE match as country", "ADM0_ISO": "LSO", "ADM0_DIFF": null, "ADM0_TLC": "LSO", "ADM0_A3_US": "LSO", "ADM0_A3_FR": "LSO", "ADM0_A3_RU": "LSO", "ADM0_A3_ES": "LSO", "ADM0_A3_CN": "LSO", "ADM0_A3_TW": "LSO", "ADM0_A3_IN": "LSO", "ADM0_A3_NP": "LSO", "ADM0_A3_PK": "LSO", "ADM0_A3_DE": "LSO", "ADM0_A3_GB": "LSO", "ADM0_A3_BR": "LSO", "ADM0_A3_IL": "LSO", "ADM0_A3_PS": "LSO", "ADM0_A3_SA": "LSO", "ADM0_A3_EG": "LSO", "ADM0_A3_MA": "LSO", "ADM0_A3_PT": "LSO", "ADM0_A3_AR": "LSO", "ADM0_A3_JP": "LSO", "ADM0_A3_KO": "LSO", "ADM0_A3_VN": "LSO", "ADM0_A3_TR": "LSO", "ADM0_A3_ID": "LSO", "ADM0_A3_PL": "LSO", "ADM0_A3_GR": "LSO", "ADM0_A3_IT": "LSO", "ADM0_A3_NL": "LSO", "ADM0_A3_SE": "LSO", "ADM0_A3_BD": "LSO", "ADM0_A3_UA": "LSO", "ADM0_A3_UN": -99, "ADM0_A3_WB": -99, "CONTINENT": "Africa", "REGION_UN": "Africa", "SUBREGION": "Southern Africa", "REGION_WB": "Sub-Saharan Africa", "NAME_LEN": 7, "LONG_LEN": 7, "ABBREV_LEN": 4, "TINY": -99, "HOMEPART": 1, "MIN_ZOOM": 0, "MIN_LABEL": 4, "MAX_LABEL": 9, "LABEL_X": 28.246639, "LABEL_Y": -29.480158, "NE_ID": 1159321027, "WIKIDATAID": "Q1013", "NAME_AR": "ليسوتو", "NAME_BN": "লেসোথো", "NAME_DE": "Lesotho", "NAME_EN": "Lesotho", "NAME_ES": "Lesoto", "NAME_FA": "لسوتو", "NAME_FR": "Lesotho", "NAME_EL": "Λεσότο", "NAME_HE": "לסוטו", "NAME_HI": "लेसोथो", "NAME_HU": "Lesotho", "NAME_ID": "Lesotho", "NAME_IT": "Lesotho", "NAME_JA": "レソト", "NAME_KO": "레소토", "NAME_NL": "Lesotho", "NAME_PL": "Lesotho", "NAME_PT": "Lesoto", "NAME_RU": "Лесото", "NAME_SV": "Lesotho", "NAME_TR": "Lesotho", "NAME_UK": "Лесото", "NAME_UR": "لیسوتھو", "NAME_VI": "Lesotho", "NAME_ZH": "莱索托", "NAME_ZHT": "賴索托", "FCLASS_ISO": "Admin-0 country", "TLC_DIFF": null, "FCLASS_TLC": "Admin-0 country", "FCLASS_US": null, "FCLASS_FR": null, "FCLASS_RU": null, "FCLASS_ES": null, "FCLASS_CN": null, "FCLASS_TW": null, "FCLASS_IN": null, "FCLASS_NP": null, "FCLASS_PK": null, "FCLASS_DE": null, "FCLASS_GB": null, "FCLASS_BR": null, "FCLASS_IL": null, "FCLASS_PS": null, "FCLASS_SA": null, "FCLASS_EG": null, "FCLASS_MA": null, "FCLASS_PT": null, "FCLASS_AR": null, "FCLASS_JP": null, "FCLASS_KO": null, "FCLASS_VN": null, "FCLASS_TR": null, "FCLASS_ID": null, "FCLASS_PL": null, "FCLASS_GR": null, "FCLASS_IT": null, "FCLASS_NL": null, "FCLASS_SE": null, "FCLASS_BD": null, "FCLASS_UA": null}, "bbox": [27.051758, -30.642285, 29.390723, -28.581738], "geometry": {"type": "Polygon", "coordinates": [[[28.736914, -30.101953], [28.646875, -30.126563], [28.634375, -30.128711], [28.57666, -30.123047], [28.499609, -30.128906], [28.439063, -30.14248], [28.39209, -30.147559], [28.31543, -30.218457], [28.176172, -30.409863], [28.139063, -30.449902], [28.128711, -30.525098], [28.096387, -30.58457], [28.056836, -30.631055], [28.018164, -30.642285], [27.901855, -30.623828], [27.753125, -30.6], [27.666602, -30.542285], [27.589648, -30.466406], [27.549023, -30.41123], [27.506543, -30.380957], [27.491992, -30.363965], [27.431445, -30.338477], [27.408594, -30.325293], [27.388477, -30.315918], [27.364063, -30.279199], [27.349707, -30.247363], [27.355371, -30.158594], [27.312695, -30.105664], [27.239746, -30.015332], [27.193555, -29.941309], [27.130469, -29.840234], [27.091797, -29.753711], [27.051758, -29.664062], [27.056934, -29.625586], [27.095215, -29.599316], [27.207422, -29.554199], [27.294531, -29.519336], [27.356836, -29.455273], [27.424902, -29.360059], [27.458008, -29.302734], [27.491016, -29.276563], [27.527148, -29.236133], [27.590234, -29.146484], [27.660449, -29.046973], [27.735547, -28.940039], [27.830371, -28.909082], [27.959863, -28.87334], [28.084375, -28.77998], [28.232617, -28.70127], [28.471875, -28.61582], [28.583398, -28.594141], [28.625781, -28.581738], [28.652637, -28.597852], [28.681152, -28.646777], [28.721777, -28.687695], [28.816211, -28.758887], [28.85625, -28.776074], [28.953711, -28.881445], [29.058008, -28.953711], [29.178027, -29.036914], [29.259766, -29.07832], [29.301367, -29.089844], [29.335938, -29.163672], [29.370898, -29.218457], [29.390723, -29.269727], [29.386719, -29.319727], [29.348828, -29.441992], [29.293555, -29.566895], [29.249219, -29.618848], [29.195117, -29.65166], [29.142188, -29.700977], [29.121973, -29.801172], [29.098047, -29.919043], [29.029004, -29.967578], [28.975293, -29.999414], [28.901074, -30.038477], [28.736914, -30.101953]]]}}, {"type": "Feature", "properties": {"featurecla": "Admin-0 country", "scalerank": 1, "LABELRANK": 4, "SOVEREIGNT": "Botswana", "SOV_A3": "BWA", "ADM0_DIF": 0, "LEVEL": 2, "TYPE": "Sovereign country", "TLC": "1", "ADMIN": "Botswana", "ADM0_A3": "BWA", "GEOU_DIF": 0, "GEOUNIT": "Botswana", "GU_A3": "BWA", "SU_DIF": 0, "SUBUNIT": "Botswana", "SU_A3": "BWA", "BRK_DIFF": 0, "NAME": "Botswana", "NAME_LONG": "Botswana", "BRK_A3": "BWA", "BRK_NAME": "Botswana", "BRK_GROUP": null, "ABBREV": "Bwa.", "POSTAL": "BW", "FORMAL_EN": "Republic of Botswana", "FORMAL_FR": null, "NAME_CIAWF": "Botswana", "NOTE_ADM0": null, "NOTE_BRK": null, "NAME_SORT": "Botswana", "NAME_ALT": null, "MAPCOLOR7": 6, "MAPCOLOR8": 5, "MAPCOLOR9": 7, "MAPCOLOR13": 3, "POP_EST": 2303697, "POP_RANK": 12, "POP_YEAR": 2019, "GDP_MD": 18340, "GDP_YEAR": 2019, "ECONOMY": "6. Developing region", "INCOME_GRP": "3. Upper middle income", "FIPS_10": "BC", "ISO_A2": "BW", "ISO_A2_EH": "BW", "ISO_A3": "BWA", "ISO_A3_EH": "BWA", "ISO_N3": "072", "ISO_N3_EH": "072", "UN_A3": "072", "WB_A2": "BW", "WB_A3": "BWA", "WOE_ID": 23424755, "WOE_ID_EH": 23424755, "WOE_NOTE": "Exact WOE match as country", "ADM0_ISO": "BWA", "ADM0_DIFF": null, "ADM0_TLC": "BWA", "ADM0_A3_US": "BWA", "ADM0_A3_FR": "BWA", "ADM0_A3_RU": "BWA", "ADM0_A3_ES": "BWA", "ADM0_A3_CN": "BWA", "ADM0_A3_TW": "BWA", "ADM0_A3_IN": "BWA", "ADM0_A3_NP": "BWA", "ADM0_A3_PK": "BWA", "ADM0_A3_DE": "BWA", "ADM0_A3_GB": "BWA", "ADM0_A3_BR": "BWA", "ADM0_A3_IL": "BWA", "ADM0_A3_PS": "BWA", "ADM0_A3_SA": "BWA", "ADM0_A3_EG": "BWA", "ADM0_A3_MA": "BWA", "ADM0_A3_PT": "BWA", "ADM0_A3_AR": "BWA", "ADM0_A3_JP": "BWA", "ADM0_A3_KO": "BWA", "ADM0_A3_VN": "BWA", "ADM0_A3_TR": "BWA", "ADM0_A3_ID": "BWA", "ADM0_A3_PL": "BWA", "ADM0_A3_GR": "BWA", "ADM0_A3_IT": "BWA", "ADM0_A3_NL": "BWA", "ADM0_A3_SE": "BWA", "ADM0_A3_BD": "BWA", "ADM0_A3_UA": "BWA", "ADM0_A3_UN": -99, "ADM0_A3_WB": -99, "CONTINENT": "Africa", "REGION_UN": "Africa", "SUBREGION": "Southern Africa", "REGION_WB": "Sub-Saharan Africa", "NAME_LEN": 8, "LONG_LEN": 8, "ABBREV_LEN": 4, "TINY": -99, "HOMEPART": 1, "MIN_ZOOM": 0, "MIN_LABEL": 4, "MAX_LABEL": 9, "LABEL_X": 24.179216, "LABEL_Y": -22.102634, "NE_ID": 1159320461, "WIKIDATAID": "Q963", "NAME_AR": "بوتسوانا", "NAME_BN": "বতসোয়ানা", "NAME_DE": "Botswana", "NAME_EN": "Botswana", "NAME_ES": "Botsuana", "NAME_FA": "بوتسوانا", "NAME_FR": "Botswana", "NAME_EL": "Μποτσουάνα", "NAME_HE": "בוטסואנה", "NAME_HI": "बोत्सवाना", "NAME_HU": "Botswana", "NAME_ID": "Botswana", "NAME_IT": "Botswana", "NAME_JA": "ボツワナ", "NAME_KO": "보츠와나", "NAME_NL": "Botswana", "NAME_PL": "Botswana", "NAME_PT": "Botsuana", "NAME_RU": "Ботсвана", "NAME_SV": "Botswana", "NAME_TR": "Botsvana", "NAME_UK": "Ботсвана", "NAME_UR": "بوٹسوانا", "NAME_VI": "Botswana", "NAME_ZH": "博茨瓦纳", "NAME_ZHT": "波札那", "FCLASS_ISO": "Admin-0 country", "TLC_DIFF": null, "FCLASS_TLC": "Admin-0 country", "FCLASS_US": null, "FCLASS_FR": null, "FCLASS_RU": null, "FCLASS_ES": null, "FCLASS_CN": null, "FCLASS_TW": null, "FCLASS_IN": null, "FCLASS_NP": null, "FCLASS_PK": null, "FCLASS_DE": null, "FCLASS_GB": null, "FCLASS_BR": null, "FCLASS_IL": null, "FCLASS_PS": null, "FCLASS_SA": null, "FCLASS_EG": null, "FCLASS_MA": null, "FCLASS_PT": null, "FCLASS_AR": null, "FCLASS_JP": null, "FCLASS_KO": null, "FCLASS_VN": null, "FCLASS_TR": null, "FCLASS_ID": null, "FCLASS_PL": null, "FCLASS_GR": null, "FCLASS_IT": null, "FCLASS_NL": null, "FCLASS_SE": null, "FCLASS_BD": null, "FCLASS_UA": null}, "bbox": [19.977344, -26.854199, 29.364844, -17.787598], "geometry": {"type": "Polygon", "coordinates": [[[25.258789, -17.793555], [25.239063, -17.843066], [25.224023, -17.915234], [25.242285, -17.969043], [25.282422, -18.041211], [25.340234, -18.104492], [25.384375, -18.141992], [25.436719, -18.234961], [25.489258, -18.35127], [25.558301, -18.441797], [25.76123, -18.649219], [25.783691, -18.723535], [25.811914, -18.79707], [25.939355, -18.938672], [25.95918, -18.985645], [25.950684, -19.081738], [26.081934, -19.369922], [26.168066, -19.538281], [26.241016, -19.569336], [26.474609, -19.748633], [26.678223, -19.892773], [26.916699, -19.990137], [27.091797, -20.054199], [27.178223, -20.100977], [27.221484, -20.145801], [27.256738, -20.232031], [27.274609, -20.381836], [27.280762, -20.478711], [27.468945, -20.474805], [27.624609, -20.483594], [27.679297, -20.503027], [27.699609, -20.530664], [27.694824, -20.594531], [27.696973, -20.689746], [27.704297, -20.766406], [27.688086, -20.84834], [27.676953, -20.944824], [27.669434, -21.064258], [27.693457, -21.111035], [27.844141, -21.261523], [27.907422, -21.359082], [27.974609, -21.506738], [28.014063, -21.554199], [28.045605, -21.573047], [28.181641, -21.589355], [28.532031, -21.65127], [28.747754, -21.707617], [28.919336, -21.766016], [28.990723, -21.781445], [29.025586, -21.796875], [29.037305, -21.811328], [29.01582, -21.939941], [29.02334, -21.98125], [29.042383, -22.018359], [29.071484, -22.047461], [29.106836, -22.065723], [29.237207, -22.079492], [29.315234, -22.157715], [29.364844, -22.193945], [29.129883, -22.213281], [29.013477, -22.278418], [28.945801, -22.395117], [28.839844, -22.480859], [28.695508, -22.535449], [28.542871, -22.572949], [28.381738, -22.593359], [28.210156, -22.693652], [28.02793, -22.87373], [27.935059, -22.987012], [27.931348, -23.033594], [27.890527, -23.073926], [27.812598, -23.108008], [27.768555, -23.148926], [27.758301, -23.196777], [27.716797, -23.219629], [27.643848, -23.217676], [27.592676, -23.252637], [27.563184, -23.324609], [27.49873, -23.368359], [27.399219, -23.383594], [27.313379, -23.424219], [27.241211, -23.490039], [27.185547, -23.523438], [27.146387, -23.524414], [27.085547, -23.57793], [26.987012, -23.70459], [26.970605, -23.763477], [26.835059, -24.24082], [26.761133, -24.297168], [26.617773, -24.395508], [26.501563, -24.513281], [26.451758, -24.582715], [26.397168, -24.613574], [26.130859, -24.671484], [26.031836, -24.702441], [25.912109, -24.747461], [25.881836, -24.787988], [25.852441, -24.935254], [25.769922, -25.146484], [25.702637, -25.302344], [25.65918, -25.437891], [25.583789, -25.60625], [25.518164, -25.662793], [25.443652, -25.714453], [25.346191, -25.739941], [25.213379, -25.75625], [25.09248, -25.751465], [24.998926, -25.754004], [24.869238, -25.813477], [24.748145, -25.817383], [24.555859, -25.783105], [24.400195, -25.749805], [24.330566, -25.742871], [24.192969, -25.63291], [24.104492, -25.634863], [23.969531, -25.626074], [23.89375, -25.600879], [23.823438, -25.544629], [23.670703, -25.433984], [23.521484, -25.344434], [23.389258, -25.291406], [23.266016, -25.266602], [23.14873, -25.288672], [23.05752, -25.312305], [23.02207, -25.324121], [22.95127, -25.370313], [22.878809, -25.45791], [22.818945, -25.595117], [22.796094, -25.679102], [22.729004, -25.857324], [22.640234, -26.071191], [22.597656, -26.132715], [22.548633, -26.178418], [22.470898, -26.219043], [22.217578, -26.388867], [22.090918, -26.580176], [22.010938, -26.63584], [21.914551, -26.661914], [21.833203, -26.67832], [21.788281, -26.710059], [21.738086, -26.806836], [21.694727, -26.840918], [21.646289, -26.854199], [21.501367, -26.842676], [21.45498, -26.832813], [21.070996, -26.851758], [20.953906, -26.821094], [20.870898, -26.808789], [20.739844, -26.848828], [20.685059, -26.822461], [20.641406, -26.742188], [20.619922, -26.580859], [20.626758, -26.443848], [20.697852, -26.340137], [20.757031, -26.26416], [20.815039, -26.164941], [20.822656, -26.120605], [20.811035, -26.080566], [20.799414, -25.999023], [20.793164, -25.915625], [20.710742, -25.733203], [20.609277, -25.491211], [20.473145, -25.221289], [20.430664, -25.14707], [20.345215, -25.029883], [20.028613, -24.807031], [19.980469, -24.776758], [19.980469, -24.751953], [19.980176, -24.535742], [19.979883, -24.249023], [19.97959, -23.962402], [19.979297, -23.675781], [19.978906, -23.38916], [19.978516, -23.102539], [19.978223, -22.815918], [19.97793, -22.529297], [19.977637, -22.242578], [19.977344, -22.000195], [20.205371, -22.000195], [20.4875, -22.000195], [20.822754, -22.000195], [20.970996, -22.000195], [20.979492, -21.961914], [20.979297, -21.784082], [20.978711, -21.376074], [20.978125, -20.968164], [20.977441, -20.560254], [20.976855, -20.152344], [20.976172, -19.744336], [20.975586, -19.336426], [20.975, -18.928516], [20.974316, -18.520508], [20.974121, -18.318848], [21.23252, -18.306836], [21.529688, -18.265625], [22.011426, -18.198633], [22.460059, -18.115723], [22.752734, -18.067188], [23.099902, -18.00957], [23.219336, -17.999707], [23.251563, -18.00752], [23.298633, -18.027344], [23.459766, -18.231055], [23.560156, -18.386426], [23.580566, -18.45293], [23.599707, -18.459961], [23.647168, -18.449414], [23.700488, -18.424316], [23.864258, -18.269531], [23.89834, -18.229199], [24.002637, -18.154102], [24.129297, -18.077539], [24.243945, -18.023438], [24.358984, -17.978223], [24.412207, -17.989453], [24.474902, -18.028516], [24.530566, -18.052734], [24.792188, -17.864648], [24.909082, -17.821387], [25.216016, -17.787598], [25.258789, -17.793555]]]}}, {"type": "Feature", "properties": {"featurecla": "Admin-0 country", "scalerank": 1, "LABELRANK": 3, "SOVEREIGNT": "Angola", "SOV_A3": "AGO", "ADM0_DIF": 0, "LEVEL": 2, "TYPE": "Sovereign country", "TLC": "1", "ADMIN": "Angola", "ADM0_A3": "AGO", "GEOU_DIF": 0, "GEOUNIT": "Angola", "GU_A3": "AGO", "SU_DIF": 0, "SUBUNIT": "Angola", "SU_A3": "AGO", "BRK_DIFF": 0, "NAME": "Angola", "NAME_LONG": "Angola", "BRK_A3": "AGO", "BRK_NAME": "Angola", "BRK_GROUP": null, "ABBREV": "Ang.", "POSTAL": "AO", "FORMAL_EN": "People's Republic of Angola", "FORMAL_FR": null, "NAME_CIAWF": "Angola", "NOTE_ADM0": null, "NOTE_BRK": null, "NAME_SORT": "Angola", "NAME_ALT": null, "MAPCOLOR7": 3, "MAPCOLOR8": 2, "MAPCOLOR9": 6, "MAPCOLOR13": 1, "POP_EST": 31825295, "POP_RANK": 15, "POP_YEAR": 2019, "GDP_MD": 88815, "GDP_YEAR": 2019, "ECONOMY": "7. Least developed region", "INCOME_GRP": "3. Upper middle income", "FIPS_10": "AO", "ISO_A2": "AO", "ISO_A2_EH": "AO", "ISO_A3": "AGO", "ISO_A3_EH": "AGO", "ISO_N3": "024", "ISO_N3_EH": "024", "UN_A3": "024", "WB_A2": "AO", "WB_A3": "AGO", "WOE_ID": 23424745, "WOE_ID_EH": 23424745, "WOE_NOTE": "Exact WOE match as country", "ADM0_ISO": "AGO", "ADM0_DIFF": null, "ADM0_TLC": "AGO", "ADM0_A3_US": "AGO", "ADM0_A3_FR": "AGO", "ADM0_A3_RU": "AGO", "ADM0_A3_ES": "AGO", "ADM0_A3_CN": "AGO", "ADM0_A3_TW": "AGO", "ADM0_A3_IN": "AGO", "ADM0_A3_NP": "AGO", "ADM0_A3_PK": "AGO", "ADM0_A3_DE": "AGO", "ADM0_A3_GB": "AGO", "ADM0_A3_BR": "AGO", "ADM0_A3_IL": "AGO", "ADM0_A3_PS": "AGO", "ADM0_A3_SA": "AGO", "ADM0_A3_EG": "AGO", "ADM0_A3_MA": "AGO", "ADM0_A3_PT": "AGO", "ADM0_A3_AR": "AGO", "ADM0_A3_JP": "AGO", "ADM0_A3_KO": "AGO", "ADM0_A3_VN": "AGO", "ADM0_A3_TR": "AGO", "ADM0_A3_ID": "AGO", "ADM0_A3_PL": "AGO", "ADM0_A3_GR": "AGO", "ADM0_A3_IT": "AGO", "ADM0_A3_NL": "AGO", "ADM0_A3_SE": "AGO", "ADM0_A3_BD": "AGO", "ADM0_A3_UA": "AGO", "ADM0_A3_UN": -99, "ADM0_A3_WB": -99, "CONTINENT": "Africa", "REGION_UN": "Africa", "SUBREGION": "Middle Africa", "REGION_WB": "Sub-Saharan Africa", "NAME_LEN": 6, "LONG_LEN": 6, "ABBREV_LEN": 4, "TINY": -99, "HOMEPART": 1, "MIN_ZOOM": 0, "MIN_LABEL": 3, "MAX_LABEL": 7, "LABEL_X": 17.984249, "LABEL_Y": -12.182762, "NE_ID": 1159320323, "WIKIDATAID": "Q916", "NAME_AR": "أنغولا", "NAME_BN": "অ্যাঙ্গোলা", "NAME_DE": "Angola", "NAME_EN": "Angola", "NAME_ES": "Angola", "NAME_FA": "آنگولا", "NAME_FR": "Angola", "NAME_EL": "Ανγκόλα", "NAME_HE": "אנגולה", "NAME_HI": "अंगोला", "NAME_HU": "Angola", "NAME_ID": "Angola", "NAME_IT": "Angola", "NAME_JA": "アンゴラ", "NAME_KO": "앙골라", "NAME_NL": "Angola", "NAME_PL": "Angola", "NAME_PT": "Angola", "NAME_RU": "Ангола", "NAME_SV": "Angola", "NAME_TR": "Angola", "NAME_UK": "Ангола", "NAME_UR": "انگولا", "NAME_VI": "Angola", "NAME_ZH": "安哥拉", "NAME_ZHT": "安哥拉", "FCLASS_ISO": "Admin-0 country", "TLC_DIFF": null, "FCLASS_TLC": "Admin-0 country", "FCLASS_US": null, "FCLASS_FR": null, "FCLASS_RU": null, "FCLASS_ES": null, "FCLASS_CN": null, "FCLASS_TW": null, "FCLASS_IN": null, "FCLASS_NP": null, "FCLASS_PK": null, "FCLASS_DE": null, "FCLASS_GB": null, "FCLASS_BR": null, "FCLASS_IL": null, "FCLASS_PS": null, "FCLASS_SA": null, "FCLASS_EG": null, "FCLASS_MA": null, "FCLASS_PT": null, "FCLASS_AR": null, "FCLASS_JP": null, "FCLASS_KO": null, "FCLASS_VN": null, "FCLASS_TR": null, "FCLASS_ID": null, "FCLASS_PL": null, "FCLASS_GR": null, "FCLASS_IT": null, "FCLASS_NL": null, "FCLASS_SE": null, "FCLASS_BD": null, "FCLASS_UA": null}, "bbox": [11.743066, -18.019727, 24.04668, -4.428906], "geometry": {"type": "MultiPolygon", "coordinates": [[[[13.072754, -4.634766], [13.057324, -4.651074], [12.947461, -4.695312], [12.829688, -4.736621], [12.674805, -4.905371], [12.596191, -4.978418], [12.573535, -4.996582], [12.502734, -5.036914], [12.451465, -5.071484], [12.453223, -5.090625], [12.487402, -5.112695], [12.522363, -5.148926], [12.518945, -5.424609], [12.503711, -5.695801], [12.48457, -5.71875], [12.386035, -5.727734], [12.255273, -5.746484], [12.213672, -5.758691], [12.199023, -5.731934], [12.155469, -5.632715], [12.180078, -5.538672], [12.206543, -5.468262], [12.177148, -5.324805], [12.110547, -5.197168], [12.039941, -5.035156], [12.018359, -5.004297], [12.077539, -4.952148], [12.16709, -4.837695], [12.204297, -4.778613], [12.30791, -4.765527], [12.34668, -4.724121], [12.374023, -4.657715], [12.38457, -4.619141], [12.501465, -4.5875], [12.641699, -4.531152], [12.719434, -4.469727], [12.798242, -4.430566], [12.848145, -4.428906], [12.881055, -4.445117], [12.971387, -4.551758], [13.048047, -4.619238], [13.072754, -4.634766]]], [[[23.966504, -10.871777], [23.988281, -11.002832], [24.010059, -11.184766], [24.025586, -11.315625], [24.041406, -11.374121], [24.04668, -11.405371], [24.029297, -11.43916], [24.014648, -11.517676], [23.986816, -11.587207], [23.970996, -11.63584], [23.983887, -11.725], [23.973438, -11.85293], [23.962305, -11.987891], [23.958887, -12.117773], [23.996484, -12.350684], [23.991309, -12.422168], [23.944727, -12.54375], [23.909375, -12.636133], [23.886523, -12.743262], [23.882422, -12.799023], [23.968066, -12.956934], [23.962988, -12.988477], [23.897461, -12.998242], [23.843164, -13.000977], [23.63584, -13.000977], [23.338672, -13.000977], [23.041504, -13.000977], [22.744336, -13.000977], [22.470996, -13.000977], [22.20957, -13.000977], [21.978906, -13.000977], [21.979004, -13.156836], [21.979102, -13.477734], [21.979102, -13.79873], [21.979297, -14.119629], [21.979395, -14.440527], [21.979492, -14.761426], [21.97959, -15.082324], [21.979688, -15.403223], [21.979785, -15.724121], [21.979785, -15.955566], [22.040234, -16.262793], [22.150684, -16.597168], [22.193945, -16.628125], [22.305078, -16.689551], [22.459473, -16.815137], [22.545996, -16.910254], [22.721973, -17.075293], [22.955859, -17.285742], [23.181641, -17.474414], [23.380664, -17.640625], [23.068262, -17.698828], [22.624023, -17.781641], [22.324219, -17.8375], [21.96084, -17.905176], [21.718457, -17.947754], [21.416895, -18.000684], [21.36875, -17.999512], [21.287891, -17.962988], [21.113477, -17.955762], [20.908301, -18.006055], [20.745508, -18.019727], [20.625098, -17.99668], [20.507617, -17.952539], [20.392969, -17.887402], [20.194336, -17.863672], [19.911816, -17.881348], [19.639355, -17.868652], [19.377148, -17.825488], [19.189453, -17.808496], [19.076465, -17.817676], [18.955273, -17.803516], [18.825977, -17.766309], [18.718066, -17.703223], [18.588184, -17.57002], [18.486621, -17.442773], [18.460352, -17.424609], [18.428223, -17.405176], [18.396387, -17.399414], [18.108789, -17.395996], [17.835352, -17.392773], [17.678809, -17.392578], [17.296289, -17.391992], [16.913672, -17.391406], [16.531055, -17.39082], [16.148438, -17.390234], [15.76582, -17.389648], [15.383203, -17.38916], [15.000586, -17.388574], [14.617969, -17.387988], [14.414746, -17.387695], [14.225879, -17.397754], [14.01748, -17.408887], [13.987402, -17.404199], [13.937988, -17.38877], [13.904199, -17.360742], [13.791992, -17.288379], [13.694336, -17.233496], [13.561719, -17.141211], [13.475977, -17.040039], [13.403711, -17.007812], [13.275684, -16.989551], [13.179492, -16.97168], [13.101172, -16.967676], [12.963184, -17.01543], [12.859277, -17.062598], [12.785156, -17.108203], [12.656543, -17.160547], [12.548145, -17.212695], [12.359277, -17.205859], [12.318457, -17.213379], [12.213379, -17.209961], [12.114355, -17.164551], [12.013965, -17.168555], [11.902539, -17.226562], [11.743066, -17.249219], [11.780078, -16.871289], [11.818945, -16.704102], [11.819922, -16.504297], [11.796973, -15.986426], [11.769434, -15.915332], [11.750879, -15.831934], [11.849707, -15.768359], [11.899902, -15.719824], [11.967871, -15.633984], [12.016113, -15.513672], [12.073242, -15.248242], [12.280469, -14.6375], [12.378906, -14.039062], [12.503711, -13.755469], [12.550488, -13.437793], [12.897656, -13.027734], [12.983203, -12.775684], [13.162695, -12.652148], [13.416992, -12.52041], [13.597949, -12.286133], [13.685547, -12.123828], [13.785352, -11.812793], [13.784277, -11.487988], [13.847461, -11.054395], [13.833594, -10.929688], [13.738965, -10.757129], [13.721387, -10.633594], [13.633496, -10.512305], [13.539453, -10.420703], [13.49541, -10.257129], [13.332227, -9.998926], [13.2875, -9.826758], [13.209375, -9.703223], [13.196875, -9.550684], [13.155664, -9.389648], [13.075977, -9.230371], [12.998535, -9.048047], [12.998535, -8.991016], [13.046777, -8.922266], [13.092773, -8.899707], [13.077246, -8.934277], [13.046582, -8.975195], [13.053809, -9.006836], [13.358984, -8.687207], [13.37832, -8.624707], [13.368066, -8.554785], [13.366406, -8.469238], [13.378516, -8.369727], [13.09082, -7.780176], [12.862305, -7.231836], [12.823438, -6.954785], [12.521289, -6.590332], [12.402148, -6.353418], [12.334277, -6.187305], [12.283301, -6.124316], [12.302539, -6.092578], [12.380371, -6.084277], [12.553516, -6.045898], [12.790625, -6.003906], [13.009766, -5.907617], [13.068164, -5.864844], [13.184375, -5.85625], [13.302637, -5.881836], [13.346484, -5.863379], [13.371484, -5.861816], [13.649023, -5.861719], [13.764551, -5.855176], [13.978516, -5.857227], [14.11377, -5.865137], [14.19082, -5.875977], [14.398633, -5.892676], [14.65791, -5.888867], [14.749414, -5.880078], [15.089355, -5.874512], [15.425, -5.868848], [15.726953, -5.863867], [16.060156, -5.864941], [16.315234, -5.865625], [16.431445, -5.900195], [16.537109, -5.96582], [16.585156, -6.025293], [16.608008, -6.051563], [16.639551, -6.114551], [16.697266, -6.164258], [16.717773, -6.241406], [16.700977, -6.345996], [16.709375, -6.47168], [16.742969, -6.618457], [16.813086, -6.772559], [16.919434, -6.933984], [16.96582, -7.062109], [16.952051, -7.157031], [16.984766, -7.257422], [17.06377, -7.363086], [17.121582, -7.419043], [17.155078, -7.461328], [17.24502, -7.62334], [17.411328, -7.881934], [17.536035, -8.075879], [17.57959, -8.099023], [17.643359, -8.090723], [17.778809, -8.071387], [17.913086, -8.067676], [18.008789, -8.107617], [18.047168, -8.100781], [18.191504, -8.023828], [18.334863, -8.000293], [18.484668, -7.968555], [18.562695, -7.935938], [18.653418, -7.936035], [18.89834, -7.998145], [18.944434, -8.001465], [19.142676, -8.001465], [19.34082, -7.966602], [19.369922, -7.706543], [19.37168, -7.655078], [19.419336, -7.557324], [19.479883, -7.472168], [19.487402, -7.390723], [19.483789, -7.279492], [19.527637, -7.144434], [19.660352, -7.037109], [19.875195, -6.986328], [19.997461, -6.976465], [20.190039, -6.946289], [20.482227, -6.91582], [20.590039, -6.919922], [20.59873, -6.935156], [20.536914, -7.121777], [20.53584, -7.182813], [20.558398, -7.244434], [20.607813, -7.277734], [20.910938, -7.281445], [21.190332, -7.284961], [21.51084, -7.29668], [21.751074, -7.305469], [21.781641, -7.314648], [21.806055, -7.328613], [21.841602, -7.420996], [21.833594, -7.60166], [21.780078, -7.86543], [21.800879, -8.111914], [21.895898, -8.341113], [21.905371, -8.693359], [21.871875, -8.903516], [21.829492, -9.168457], [21.813184, -9.46875], [21.856641, -9.594238], [21.948633, -9.725586], [22.08916, -9.862793], [22.197754, -10.040625], [22.274512, -10.259082], [22.302441, -10.39668], [22.281641, -10.45332], [22.283203, -10.551563], [22.307031, -10.691309], [22.280469, -10.783984], [22.203516, -10.829492], [22.17793, -10.892285], [22.216699, -11.012695], [22.226172, -11.121973], [22.256641, -11.163672], [22.278809, -11.194141], [22.314941, -11.198633], [22.392969, -11.159473], [22.486133, -11.086719], [22.561035, -11.055859], [22.666504, -11.059766], [22.814746, -11.080273], [23.07627, -11.087891], [23.156738, -11.074805], [23.400195, -10.976465], [23.463965, -10.969336], [23.559961, -10.978613], [23.696387, -11.007617], [23.833887, -11.013672], [23.901172, -10.983203], [23.907324, -10.943457], [23.928711, -10.891504], [23.966504, -10.871777]]]]}}]}