id,assumption,register_group,value,unit,source,source_date,owner,reviewer,review_status,confidence,validity,exception_id
LOC-60de01133f61,agriculture.base_year_volume.by_country.ZAF.value,REG-AGRICULTURE-BASE_YEAR_VOLUME,"""0.7e9""",litres per year (diesel),"PROVISIONAL — placeholder pending sourcing (DAFF / DALRRD energy use studies, sector reports). See docs/methodology/params_sourcing.md",,nigel.zhuwaki,,unreviewed,unassessed,2026,EXC-AGRICULTURE-BASE_YEAR_VOLUME
LOC-d07764edbc54,agriculture.base_year_volume.by_country.ZAF.year,REG-AGRICULTURE-BASE_YEAR_VOLUME,2024,litres per year (diesel),"PROVISIONAL — placeholder pending sourcing (DAFF / DALRRD energy use studies, sector reports). See docs/methodology/params_sourcing.md",,nigel.zhuwaki,,unreviewed,unassessed,2026,EXC-AGRICULTURE-BASE_YEAR_VOLUME
LOC-edc629b665dc,agriculture.base_year_volume.by_country.BWA.value,REG-AGRICULTURE-BASE_YEAR_VOLUME,null,litres per year (diesel),"PROVISIONAL — placeholder pending sourcing (DAFF / DALRRD energy use studies, sector reports). See docs/methodology/params_sourcing.md",,nigel.zhuwaki,,unreviewed,unassessed,2026,EXC-AGRICULTURE-BASE_YEAR_VOLUME
LOC-7a4682739cd1,agriculture.base_year_volume.by_country.BWA.year,REG-AGRICULTURE-BASE_YEAR_VOLUME,null,litres per year (diesel),"PROVISIONAL — placeholder pending sourcing (DAFF / DALRRD energy use studies, sector reports). See docs/methodology/params_sourcing.md",,nigel.zhuwaki,,unreviewed,unassessed,2026,EXC-AGRICULTURE-BASE_YEAR_VOLUME
LOC-6d448ca3f72c,agriculture.base_year_volume.by_country.LSO.value,REG-AGRICULTURE-BASE_YEAR_VOLUME,null,litres per year (diesel),"PROVISIONAL — placeholder pending sourcing (DAFF / DALRRD energy use studies, sector reports). See docs/methodology/params_sourcing.md",,nigel.zhuwaki,,unreviewed,unassessed,2026,EXC-AGRICULTURE-BASE_YEAR_VOLUME
LOC-e0ab9e2b3a4f,agriculture.base_year_volume.by_country.LSO.year,REG-AGRICULTURE-BASE_YEAR_VOLUME,null,litres per year (diesel),"PROVISIONAL — placeholder pending sourcing (DAFF / DALRRD energy use studies, sector reports). See docs/methodology/params_sourcing.md",,nigel.zhuwaki,,unreviewed,unassessed,2026,EXC-AGRICULTURE-BASE_YEAR_VOLUME
LOC-264482f7bcec,agriculture.base_year_volume.by_country.NAM.value,REG-AGRICULTURE-BASE_YEAR_VOLUME,null,litres per year (diesel),"PROVISIONAL — placeholder pending sourcing (DAFF / DALRRD energy use studies, sector reports). See docs/methodology/params_sourcing.md",,nigel.zhuwaki,,unreviewed,unassessed,2026,EXC-AGRICULTURE-BASE_YEAR_VOLUME
LOC-585a390c870d,agriculture.base_year_volume.by_country.NAM.year,REG-AGRICULTURE-BASE_YEAR_VOLUME,null,litres per year (diesel),"PROVISIONAL — placeholder pending sourcing (DAFF / DALRRD energy use studies, sector reports). See docs/methodology/params_sourcing.md",,nigel.zhuwaki,,unreviewed,unassessed,2026,EXC-AGRICULTURE-BASE_YEAR_VOLUME
LOC-9f7bba3c4064,agriculture.base_year_volume.by_country.SWZ.value,REG-AGRICULTURE-BASE_YEAR_VOLUME,null,litres per year (diesel),"PROVISIONAL — placeholder pending sourcing (DAFF / DALRRD energy use studies, sector reports). See docs/methodology/params_sourcing.md",,nigel.zhuwaki,,unreviewed,unassessed,2026,EXC-AGRICULTURE-BASE_YEAR_VOLUME
LOC-d9829626e2ad,agriculture.base_year_volume.by_country.SWZ.year,REG-AGRICULTURE-BASE_YEAR_VOLUME,null,litres per year (diesel),"PROVISIONAL — placeholder pending sourcing (DAFF / DALRRD energy use studies, sector reports). See docs/methodology/params_sourcing.md",,nigel.zhuwaki,,unreviewed,unassessed,2026,EXC-AGRICULTURE-BASE_YEAR_VOLUME
LOC-d530a5d04598,agriculture.elasticity.by_country.ZAF,REG-AGRICULTURE-ELASTICITY,0.2,dimensionless,PROVISIONAL — placeholder pending move to a hectares-planted driver. See docs/methodology/params_sourcing.md,,nigel.zhuwaki,,unreviewed,unassessed,2026,EXC-AGRICULTURE-ELASTICITY
LOC-359363562d08,agriculture.elasticity.by_country.BWA,REG-AGRICULTURE-ELASTICITY,null,dimensionless,PROVISIONAL — placeholder pending move to a hectares-planted driver. See docs/methodology/params_sourcing.md,,nigel.zhuwaki,,unreviewed,unassessed,2026,EXC-AGRICULTURE-ELASTICITY
LOC-1b0220f89361,agriculture.elasticity.by_country.LSO,REG-AGRICULTURE-ELASTICITY,null,dimensionless,PROVISIONAL — placeholder pending move to a hectares-planted driver. See docs/methodology/params_sourcing.md,,nigel.zhuwaki,,unreviewed,unassessed,2026,EXC-AGRICULTURE-ELASTICITY
LOC-149b50824b23,agriculture.elasticity.by_country.NAM,REG-AGRICULTURE-ELASTICITY,null,dimensionless,PROVISIONAL — placeholder pending move to a hectares-planted driver. See docs/methodology/params_sourcing.md,,nigel.zhuwaki,,unreviewed,unassessed,2026,EXC-AGRICULTURE-ELASTICITY
LOC-8e2aea7eda56,agriculture.elasticity.by_country.SWZ,REG-AGRICULTURE-ELASTICITY,null,dimensionless,PROVISIONAL — placeholder pending move to a hectares-planted driver. See docs/methodology/params_sourcing.md,,nigel.zhuwaki,,unreviewed,unassessed,2026,EXC-AGRICULTURE-ELASTICITY
LOC-3dfb08ccbaf9,agriculture.product.default,REG-AGRICULTURE-PRODUCT,"""diesel_50ppm""",product code,Legacy configuration; original source not recorded,,nigel.zhuwaki,,unreviewed,unassessed,2026,EXC-AGRICULTURE-PRODUCT
LOC-df0bafcfd938,aviation.regression.by_country.ZAF.intercept,REG-AVIATION-REGRESSION,-14746408795.767437,litres per year (response); ZAR/capita and pax (drivers),Vopak/Reatile xlsx (RegJetFuel sheet),2025-03-24,nigel.zhuwaki,,unreviewed,unassessed,2026,EXC-AVIATION-REGRESSION
LOC-aed6f3593091,aviation.regression.by_country.ZAF.coefficients.gdp_per_capita,REG-AVIATION-REGRESSION,196334.9338396717,litres per year (response); ZAR/capita and pax (drivers),Vopak/Reatile xlsx (RegJetFuel sheet),2025-03-24,nigel.zhuwaki,,unreviewed,unassessed,2026,EXC-AVIATION-REGRESSION
LOC-b99eeda70d95,aviation.regression.by_country.ZAF.coefficients.passenger_departures,REG-AVIATION-REGRESSION,79.78786549099274,litres per year (response); ZAR/capita and pax (drivers),Vopak/Reatile xlsx (RegJetFuel sheet),2025-03-24,nigel.zhuwaki,,unreviewed,unassessed,2026,EXC-AVIATION-REGRESSION
LOC-7db3c4c462eb,aviation.regression.by_country.ZAF.r_squared,REG-AVIATION-REGRESSION,0.94602,litres per year (response); ZAR/capita and pax (drivers),Vopak/Reatile xlsx (RegJetFuel sheet),2025-03-24,nigel.zhuwaki,,unreviewed,unassessed,2026,EXC-AVIATION-REGRESSION
LOC-2b8fbf1e0d20,aviation.regression.by_country.ZAF.observations,REG-AVIATION-REGRESSION,6,litres per year (response); ZAR/capita and pax (drivers),Vopak/Reatile xlsx (RegJetFuel sheet),2025-03-24,nigel.zhuwaki,,unreviewed,unassessed,2026,EXC-AVIATION-REGRESSION
LOC-5630d2e21ab6,aviation.regression.by_country.BWA,REG-AVIATION-REGRESSION,null,litres per year (response); ZAR/capita and pax (drivers),Vopak/Reatile xlsx (RegJetFuel sheet),2025-03-24,nigel.zhuwaki,,unreviewed,unassessed,2026,EXC-AVIATION-REGRESSION
LOC-4e06787bb457,aviation.regression.by_country.LSO,REG-AVIATION-REGRESSION,null,litres per year (response); ZAR/capita and pax (drivers),Vopak/Reatile xlsx (RegJetFuel sheet),2025-03-24,nigel.zhuwaki,,unreviewed,unassessed,2026,EXC-AVIATION-REGRESSION
LOC-0912089b4c9b,aviation.regression.by_country.NAM,REG-AVIATION-REGRESSION,null,litres per year (response); ZAR/capita and pax (drivers),Vopak/Reatile xlsx (RegJetFuel sheet),2025-03-24,nigel.zhuwaki,,unreviewed,unassessed,2026,EXC-AVIATION-REGRESSION
LOC-3c0fb28ec046,aviation.regression.by_country.SWZ,REG-AVIATION-REGRESSION,null,litres per year (response); ZAR/capita and pax (drivers),Vopak/Reatile xlsx (RegJetFuel sheet),2025-03-24,nigel.zhuwaki,,unreviewed,unassessed,2026,EXC-AVIATION-REGRESSION
LOC-deddb7aeae2f,"aviation.passenger_departures.csv[1:{""country"": ""ZAF"", ""period"": ""2017"", ""scenario"": ""shared""}]",REG-AVIATION-PASSENGER_DEPARTURES,"""20836846.0""",pax per year,Vopak/Reatile xlsx (PaxBaseScenario),2025-03-24,nigel.zhuwaki,,unreviewed,unassessed,2026,EXC-AVIATION-PASSENGER_DEPARTURES
LOC-427f7e57393a,"aviation.passenger_departures.csv[2:{""country"": ""ZAF"", ""period"": ""2018"", ""scenario"": ""shared""}]",REG-AVIATION-PASSENGER_DEPARTURES,"""21118264.0""",pax per year,Vopak/Reatile xlsx (PaxBaseScenario),2025-03-24,nigel.zhuwaki,,unreviewed,unassessed,2026,EXC-AVIATION-PASSENGER_DEPARTURES
LOC-5b87df740703,"aviation.passenger_departures.csv[3:{""country"": ""ZAF"", ""period"": ""2019"", ""scenario"": ""shared""}]",REG-AVIATION-PASSENGER_DEPARTURES,"""20924465.0""",pax per year,Vopak/Reatile xlsx (PaxBaseScenario),2025-03-24,nigel.zhuwaki,,unreviewed,unassessed,2026,EXC-AVIATION-PASSENGER_DEPARTURES
LOC-8dee10777eca,"aviation.passenger_departures.csv[4:{""country"": ""ZAF"", ""period"": ""2020"", ""scenario"": ""shared""}]",REG-AVIATION-PASSENGER_DEPARTURES,"""4569737.0""",pax per year,Vopak/Reatile xlsx (PaxBaseScenario),2025-03-24,nigel.zhuwaki,,unreviewed,unassessed,2026,EXC-AVIATION-PASSENGER_DEPARTURES
LOC-3d7f7f748bcb,"aviation.passenger_departures.csv[5:{""country"": ""ZAF"", ""period"": ""2021"", ""scenario"": ""shared""}]",REG-AVIATION-PASSENGER_DEPARTURES,"""10538202.0""",pax per year,Vopak/Reatile xlsx (PaxBaseScenario),2025-03-24,nigel.zhuwaki,,unreviewed,unassessed,2026,EXC-AVIATION-PASSENGER_DEPARTURES
LOC-92a6801a26b2,"aviation.passenger_departures.csv[6:{""country"": ""ZAF"", ""period"": ""2022"", ""scenario"": ""shared""}]",REG-AVIATION-PASSENGER_DEPARTURES,"""15813215.0""",pax per year,Vopak/Reatile xlsx (PaxBaseScenario),2025-03-24,nigel.zhuwaki,,unreviewed,unassessed,2026,EXC-AVIATION-PASSENGER_DEPARTURES
LOC-ca4e8f55f1a2,"aviation.passenger_departures.csv[7:{""country"": ""ZAF"", ""period"": ""2023"", ""scenario"": ""shared""}]",REG-AVIATION-PASSENGER_DEPARTURES,"""17730490.28571429""",pax per year,Vopak/Reatile xlsx (PaxBaseScenario),2025-03-24,nigel.zhuwaki,,unreviewed,unassessed,2026,EXC-AVIATION-PASSENGER_DEPARTURES
LOC-aa95848eea8d,"aviation.passenger_departures.csv[8:{""country"": ""ZAF"", ""period"": ""2024"", ""scenario"": ""shared""}]",REG-AVIATION-PASSENGER_DEPARTURES,"""17000000.0""",pax per year,Vopak/Reatile xlsx (PaxBaseScenario),2025-03-24,nigel.zhuwaki,,unreviewed,unassessed,2026,EXC-AVIATION-PASSENGER_DEPARTURES
LOC-d53f259bbf26,"aviation.passenger_departures.csv[9:{""country"": ""ZAF"", ""period"": ""2025"", ""scenario"": ""shared""}]",REG-AVIATION-PASSENGER_DEPARTURES,"""19000000.0""",pax per year,Vopak/Reatile xlsx (PaxBaseScenario),2025-03-24,nigel.zhuwaki,,unreviewed,unassessed,2026,EXC-AVIATION-PASSENGER_DEPARTURES
LOC-1f12c44bb43a,"aviation.passenger_departures.csv[10:{""country"": ""ZAF"", ""period"": ""2026"", ""scenario"": ""shared""}]",REG-AVIATION-PASSENGER_DEPARTURES,"""21000000.000000004""",pax per year,Vopak/Reatile xlsx (PaxBaseScenario),2025-03-24,nigel.zhuwaki,,unreviewed,unassessed,2026,EXC-AVIATION-PASSENGER_DEPARTURES
LOC-01250fea9247,"aviation.passenger_departures.csv[11:{""country"": ""ZAF"", ""period"": ""2027"", ""scenario"": ""shared""}]",REG-AVIATION-PASSENGER_DEPARTURES,"""22366222.610112537""",pax per year,Vopak/Reatile xlsx (PaxBaseScenario),2025-03-24,nigel.zhuwaki,,unreviewed,unassessed,2026,EXC-AVIATION-PASSENGER_DEPARTURES
LOC-4d687d214afc,"aviation.passenger_departures.csv[12:{""country"": ""ZAF"", ""period"": ""2028"", ""scenario"": ""shared""}]",REG-AVIATION-PASSENGER_DEPARTURES,"""23832226.837557185""",pax per year,Vopak/Reatile xlsx (PaxBaseScenario),2025-03-24,nigel.zhuwaki,,unreviewed,unassessed,2026,EXC-AVIATION-PASSENGER_DEPARTURES
LOC-bf273156ba63,"aviation.passenger_departures.csv[13:{""country"": ""ZAF"", ""period"": ""2029"", ""scenario"": ""shared""}]",REG-AVIATION-PASSENGER_DEPARTURES,"""25394320.978455253""",pax per year,Vopak/Reatile xlsx (PaxBaseScenario),2025-03-24,nigel.zhuwaki,,unreviewed,unassessed,2026,EXC-AVIATION-PASSENGER_DEPARTURES
LOC-512c6d07977d,"aviation.passenger_departures.csv[14:{""country"": ""ZAF"", ""period"": ""2030"", ""scenario"": ""shared""}]",REG-AVIATION-PASSENGER_DEPARTURES,"""27058803.289861277""",pax per year,Vopak/Reatile xlsx (PaxBaseScenario),2025-03-24,nigel.zhuwaki,,unreviewed,unassessed,2026,EXC-AVIATION-PASSENGER_DEPARTURES
LOC-01a30baafea8,"aviation.passenger_departures.csv[15:{""country"": ""ZAF"", ""period"": ""2031"", ""scenario"": ""shared""}]",REG-AVIATION-PASSENGER_DEPARTURES,"""28832384.850951277""",pax per year,Vopak/Reatile xlsx (PaxBaseScenario),2025-03-24,nigel.zhuwaki,,unreviewed,unassessed,2026,EXC-AVIATION-PASSENGER_DEPARTURES
LOC-64ff8976efcc,"aviation.passenger_departures.csv[16:{""country"": ""ZAF"", ""period"": ""2032"", ""scenario"": ""shared""}]",REG-AVIATION-PASSENGER_DEPARTURES,"""30722216.621636357""",pax per year,Vopak/Reatile xlsx (PaxBaseScenario),2025-03-24,nigel.zhuwaki,,unreviewed,unassessed,2026,EXC-AVIATION-PASSENGER_DEPARTURES
LOC-b48125413713,"aviation.passenger_departures.csv[17:{""country"": ""ZAF"", ""period"": ""2033"", ""scenario"": ""shared""}]",REG-AVIATION-PASSENGER_DEPARTURES,"""32735918.27474543""",pax per year,Vopak/Reatile xlsx (PaxBaseScenario),2025-03-24,nigel.zhuwaki,,unreviewed,unassessed,2026,EXC-AVIATION-PASSENGER_DEPARTURES
LOC-3b27e6a31299,"aviation.passenger_departures.csv[18:{""country"": ""ZAF"", ""period"": ""2034"", ""scenario"": ""shared""}]",REG-AVIATION-PASSENGER_DEPARTURES,"""34881608.91802647""",pax per year,Vopak/Reatile xlsx (PaxBaseScenario),2025-03-24,nigel.zhuwaki,,unreviewed,unassessed,2026,EXC-AVIATION-PASSENGER_DEPARTURES
LOC-f823c0bd116f,"aviation.passenger_departures.csv[19:{""country"": ""ZAF"", ""period"": ""2035"", ""scenario"": ""shared""}]",REG-AVIATION-PASSENGER_DEPARTURES,"""37167939.829835296""",pax per year,Vopak/Reatile xlsx (PaxBaseScenario),2025-03-24,nigel.zhuwaki,,unreviewed,unassessed,2026,EXC-AVIATION-PASSENGER_DEPARTURES
LOC-3dc04ec90ca6,"aviation.passenger_departures.csv[20:{""country"": ""ZAF"", ""period"": ""2036"", ""scenario"": ""shared""}]",REG-AVIATION-PASSENGER_DEPARTURES,"""39604129.34049995""",pax per year,Vopak/Reatile xlsx (PaxBaseScenario),2025-03-24,nigel.zhuwaki,,unreviewed,unassessed,2026,EXC-AVIATION-PASSENGER_DEPARTURES
LOC-7fe25a12eb55,"aviation.passenger_departures.csv[21:{""country"": ""ZAF"", ""period"": ""2037"", ""scenario"": ""shared""}]",REG-AVIATION-PASSENGER_DEPARTURES,"""42199999.99999999""",pax per year,Vopak/Reatile xlsx (PaxBaseScenario),2025-03-24,nigel.zhuwaki,,unreviewed,unassessed,2026,EXC-AVIATION-PASSENGER_DEPARTURES
LOC-340ec03fbf6d,"aviation.passenger_departures.csv[22:{""country"": ""ZAF"", ""period"": ""2038"", ""scenario"": ""shared""}]",REG-AVIATION-PASSENGER_DEPARTURES,"""44966018.18181817""",pax per year,Vopak/Reatile xlsx (PaxBaseScenario),2025-03-24,nigel.zhuwaki,,unreviewed,unassessed,2026,EXC-AVIATION-PASSENGER_DEPARTURES
LOC-1d69a59c1820,"aviation.passenger_departures.csv[23:{""country"": ""ZAF"", ""period"": ""2039"", ""scenario"": ""shared""}]",REG-AVIATION-PASSENGER_DEPARTURES,"""47913336.28264462""",pax per year,Vopak/Reatile xlsx (PaxBaseScenario),2025-03-24,nigel.zhuwaki,,unreviewed,unassessed,2026,EXC-AVIATION-PASSENGER_DEPARTURES
LOC-fa3063cc0bba,"aviation.passenger_departures.csv[24:{""country"": ""ZAF"", ""period"": ""2040"", ""scenario"": ""shared""}]",REG-AVIATION-PASSENGER_DEPARTURES,"""51053837.68807978""",pax per year,Vopak/Reatile xlsx (PaxBaseScenario),2025-03-24,nigel.zhuwaki,,unreviewed,unassessed,2026,EXC-AVIATION-PASSENGER_DEPARTURES
LOC-38694b372f37,"aviation.passenger_departures.csv[25:{""country"": ""ZAF"", ""period"": ""2041"", ""scenario"": ""shared""}]",REG-AVIATION-PASSENGER_DEPARTURES,"""54400184.68563483""",pax per year,Vopak/Reatile xlsx (PaxBaseScenario),2025-03-24,nigel.zhuwaki,,unreviewed,unassessed,2026,EXC-AVIATION-PASSENGER_DEPARTURES
LOC-d49d40c4d858,"aviation.passenger_departures.csv[26:{""country"": ""ZAF"", ""period"": ""2042"", ""scenario"": ""shared""}]",REG-AVIATION-PASSENGER_DEPARTURES,"""57965869.51821144""",pax per year,Vopak/Reatile xlsx (PaxBaseScenario),2025-03-24,nigel.zhuwaki,,unreviewed,unassessed,2026,EXC-AVIATION-PASSENGER_DEPARTURES
LOC-c3f229a18a06,"aviation.passenger_departures.csv[27:{""country"": ""ZAF"", ""period"": ""2043"", ""scenario"": ""shared""}]",REG-AVIATION-PASSENGER_DEPARTURES,"""61765268.78390512""",pax per year,Vopak/Reatile xlsx (PaxBaseScenario),2025-03-24,nigel.zhuwaki,,unreviewed,unassessed,2026,EXC-AVIATION-PASSENGER_DEPARTURES
LOC-f3ddcde3387c,"aviation.passenger_departures.csv[28:{""country"": ""ZAF"", ""period"": ""2044"", ""scenario"": ""shared""}]",REG-AVIATION-PASSENGER_DEPARTURES,"""65813701.40146836""",pax per year,Vopak/Reatile xlsx (PaxBaseScenario),2025-03-24,nigel.zhuwaki,,unreviewed,unassessed,2026,EXC-AVIATION-PASSENGER_DEPARTURES
LOC-f7a1f93712b9,"aviation.passenger_departures.csv[29:{""country"": ""ZAF"", ""period"": ""2045"", ""scenario"": ""shared""}]",REG-AVIATION-PASSENGER_DEPARTURES,"""70127490.37514642""",pax per year,Vopak/Reatile xlsx (PaxBaseScenario),2025-03-24,nigel.zhuwaki,,unreviewed,unassessed,2026,EXC-AVIATION-PASSENGER_DEPARTURES
LOC-d670d5c60d56,"aviation.passenger_departures.csv[30:{""country"": ""ZAF"", ""period"": ""2046"", ""scenario"": ""shared""}]",REG-AVIATION-PASSENGER_DEPARTURES,"""74724028.60791738""",pax per year,Vopak/Reatile xlsx (PaxBaseScenario),2025-03-24,nigel.zhuwaki,,unreviewed,unassessed,2026,EXC-AVIATION-PASSENGER_DEPARTURES
LOC-28aa32cab4be,"aviation.passenger_departures.csv[31:{""country"": ""ZAF"", ""period"": ""2047"", ""scenario"": ""shared""}]",REG-AVIATION-PASSENGER_DEPARTURES,"""79621849.02849089""",pax per year,Vopak/Reatile xlsx (PaxBaseScenario),2025-03-24,nigel.zhuwaki,,unreviewed,unassessed,2026,EXC-AVIATION-PASSENGER_DEPARTURES
LOC-c92ba5264dd6,"aviation.passenger_departures.csv[32:{""country"": ""ZAF"", ""period"": ""2048"", ""scenario"": ""shared""}]",REG-AVIATION-PASSENGER_DEPARTURES,"""84840699.31481288""",pax per year,Vopak/Reatile xlsx (PaxBaseScenario),2025-03-24,nigel.zhuwaki,,unreviewed,unassessed,2026,EXC-AVIATION-PASSENGER_DEPARTURES
LOC-5ee103931e83,"aviation.passenger_departures.csv[33:{""country"": ""ZAF"", ""period"": ""2049"", ""scenario"": ""shared""}]",REG-AVIATION-PASSENGER_DEPARTURES,"""90401621.51535653""",pax per year,Vopak/Reatile xlsx (PaxBaseScenario),2025-03-24,nigel.zhuwaki,,unreviewed,unassessed,2026,EXC-AVIATION-PASSENGER_DEPARTURES
LOC-5fd7c51b28e8,"aviation.passenger_departures.csv[34:{""country"": ""ZAF"", ""period"": ""2050"", ""scenario"": ""shared""}]",REG-AVIATION-PASSENGER_DEPARTURES,"""96327036.88922672""",pax per year,Vopak/Reatile xlsx (PaxBaseScenario),2025-03-24,nigel.zhuwaki,,unreviewed,unassessed,2026,EXC-AVIATION-PASSENGER_DEPARTURES
LOC-305d944cf05a,aviation.product_split.by_country.ZAF.jet_a1,REG-AVIATION-PRODUCT_SPLIT,1.0,fraction (sums to 1 per country),Legacy configuration; original source not recorded,,nigel.zhuwaki,,unreviewed,unassessed,2026,EXC-AVIATION-PRODUCT_SPLIT
LOC-7620bacee4e9,aviation.product_split.by_country.BWA.jet_a1,REG-AVIATION-PRODUCT_SPLIT,1.0,fraction (sums to 1 per country),Legacy configuration; original source not recorded,,nigel.zhuwaki,,unreviewed,unassessed,2026,EXC-AVIATION-PRODUCT_SPLIT
LOC-178c91aeb402,aviation.product_split.by_country.LSO.jet_a1,REG-AVIATION-PRODUCT_SPLIT,1.0,fraction (sums to 1 per country),Legacy configuration; original source not recorded,,nigel.zhuwaki,,unreviewed,unassessed,2026,EXC-AVIATION-PRODUCT_SPLIT
LOC-4cb3e13b8715,aviation.product_split.by_country.NAM.jet_a1,REG-AVIATION-PRODUCT_SPLIT,1.0,fraction (sums to 1 per country),Legacy configuration; original source not recorded,,nigel.zhuwaki,,unreviewed,unassessed,2026,EXC-AVIATION-PRODUCT_SPLIT
LOC-483db21ec3cd,aviation.product_split.by_country.SWZ.jet_a1,REG-AVIATION-PRODUCT_SPLIT,1.0,fraction (sums to 1 per country),Legacy configuration; original source not recorded,,nigel.zhuwaki,,unreviewed,unassessed,2026,EXC-AVIATION-PRODUCT_SPLIT
LOC-69a863a5bd43,aviation.seasonality.by_country.ZAF,REG-AVIATION-SEASONALITY,"""aviation_za""",not recorded,fitted from history (see seasonality/ CSVs),,nigel.zhuwaki,,unreviewed,unassessed,2026,EXC-AVIATION-SEASONALITY
LOC-7461b7d25844,aviation.seasonality.by_country.BWA,REG-AVIATION-SEASONALITY,"""aviation_bw""",not recorded,fitted from history (see seasonality/ CSVs),,nigel.zhuwaki,,unreviewed,unassessed,2026,EXC-AVIATION-SEASONALITY
LOC-67c123687eb9,aviation.seasonality.by_country.LSO,REG-AVIATION-SEASONALITY,"""aviation_ls""",not recorded,fitted from history (see seasonality/ CSVs),,nigel.zhuwaki,,unreviewed,unassessed,2026,EXC-AVIATION-SEASONALITY
LOC-4663880afbd1,aviation.seasonality.by_country.NAM,REG-AVIATION-SEASONALITY,"""aviation_na""",not recorded,fitted from history (see seasonality/ CSVs),,nigel.zhuwaki,,unreviewed,unassessed,2026,EXC-AVIATION-SEASONALITY
LOC-62af0d253162,aviation.seasonality.by_country.SWZ,REG-AVIATION-SEASONALITY,"""aviation_sz""",not recorded,fitted from history (see seasonality/ CSVs),,nigel.zhuwaki,,unreviewed,unassessed,2026,EXC-AVIATION-SEASONALITY
LOC-83b381292fd0,generation.ocgt_capacity.by_country.ZAF.stations.ankerlig,REG-GENERATION-OCGT_CAPACITY,1327,MW,Vopak/Reatile xlsx (PowerGen_Capacity named range),2025-03-24,nigel.zhuwaki,,unreviewed,unassessed,2026,EXC-GENERATION-OCGT_CAPACITY
LOC-0d8198827bfa,generation.ocgt_capacity.by_country.ZAF.stations.gourikwa,REG-GENERATION-OCGT_CAPACITY,740,MW,Vopak/Reatile xlsx (PowerGen_Capacity named range),2025-03-24,nigel.zhuwaki,,unreviewed,unassessed,2026,EXC-GENERATION-OCGT_CAPACITY
LOC-528c4493b630,generation.ocgt_capacity.by_country.ZAF.stations.avon,REG-GENERATION-OCGT_CAPACITY,670,MW,Vopak/Reatile xlsx (PowerGen_Capacity named range),2025-03-24,nigel.zhuwaki,,unreviewed,unassessed,2026,EXC-GENERATION-OCGT_CAPACITY
LOC-a8b47120c900,generation.ocgt_capacity.by_country.ZAF.stations.dedisa,REG-GENERATION-OCGT_CAPACITY,335,MW,Vopak/Reatile xlsx (PowerGen_Capacity named range),2025-03-24,nigel.zhuwaki,,unreviewed,unassessed,2026,EXC-GENERATION-OCGT_CAPACITY
LOC-45f728048fcd,generation.ocgt_capacity.by_country.ZAF.stations.new_1,REG-GENERATION-OCGT_CAPACITY,1000,MW,Vopak/Reatile xlsx (PowerGen_Capacity named range),2025-03-24,nigel.zhuwaki,,unreviewed,unassessed,2026,EXC-GENERATION-OCGT_CAPACITY
LOC-056c48f03902,generation.ocgt_capacity.by_country.ZAF.stations.new_2,REG-GENERATION-OCGT_CAPACITY,2000,MW,Vopak/Reatile xlsx (PowerGen_Capacity named range),2025-03-24,nigel.zhuwaki,,unreviewed,unassessed,2026,EXC-GENERATION-OCGT_CAPACITY
LOC-c3c06baf41c5,generation.ocgt_capacity.by_country.BWA,REG-GENERATION-OCGT_CAPACITY,null,MW,Vopak/Reatile xlsx (PowerGen_Capacity named range),2025-03-24,nigel.zhuwaki,,unreviewed,unassessed,2026,EXC-GENERATION-OCGT_CAPACITY
LOC-20473e0e5326,generation.ocgt_capacity.by_country.LSO,REG-GENERATION-OCGT_CAPACITY,null,MW,Vopak/Reatile xlsx (PowerGen_Capacity named range),2025-03-24,nigel.zhuwaki,,unreviewed,unassessed,2026,EXC-GENERATION-OCGT_CAPACITY
LOC-dfc3934ccd34,generation.ocgt_capacity.by_country.NAM,REG-GENERATION-OCGT_CAPACITY,null,MW,Vopak/Reatile xlsx (PowerGen_Capacity named range),2025-03-24,nigel.zhuwaki,,unreviewed,unassessed,2026,EXC-GENERATION-OCGT_CAPACITY
LOC-c5d0d76ed9f1,generation.ocgt_capacity.by_country.SWZ,REG-GENERATION-OCGT_CAPACITY,null,MW,Vopak/Reatile xlsx (PowerGen_Capacity named range),2025-03-24,nigel.zhuwaki,,unreviewed,unassessed,2026,EXC-GENERATION-OCGT_CAPACITY
LOC-bf0f13e69770,"generation.load_factor.csv[1:{""country"": ""ZAF"", ""period"": ""2022"", ""scenario"": ""high_demand""}]",REG-GENERATION-LOAD_FACTOR,"""0.45""",fraction,Vopak/Reatile xlsx (PowerGenLoadFactor_High / PowerGenLoadFactor_Low),2025-03-24,nigel.zhuwaki,,unreviewed,unassessed,2026,EXC-GENERATION-LOAD_FACTOR
LOC-1689cc22ffaa,"generation.load_factor.csv[2:{""country"": ""ZAF"", ""period"": ""2023"", ""scenario"": ""high_demand""}]",REG-GENERATION-LOAD_FACTOR,"""0.5603""",fraction,Vopak/Reatile xlsx (PowerGenLoadFactor_High / PowerGenLoadFactor_Low),2025-03-24,nigel.zhuwaki,,unreviewed,unassessed,2026,EXC-GENERATION-LOAD_FACTOR
LOC-367081a63d03,"generation.load_factor.csv[3:{""country"": ""ZAF"", ""period"": ""2024"", ""scenario"": ""high_demand""}]",REG-GENERATION-LOAD_FACTOR,"""0.5456""",fraction,Vopak/Reatile xlsx (PowerGenLoadFactor_High / PowerGenLoadFactor_Low),2025-03-24,nigel.zhuwaki,,unreviewed,unassessed,2026,EXC-GENERATION-LOAD_FACTOR
LOC-ed94708fced6,"generation.load_factor.csv[4:{""country"": ""ZAF"", ""period"": ""2025"", ""scenario"": ""high_demand""}]",REG-GENERATION-LOAD_FACTOR,"""0.626""",fraction,Vopak/Reatile xlsx (PowerGenLoadFactor_High / PowerGenLoadFactor_Low),2025-03-24,nigel.zhuwaki,,unreviewed,unassessed,2026,EXC-GENERATION-LOAD_FACTOR
LOC-dc9cdcf36a26,"generation.load_factor.csv[5:{""country"": ""ZAF"", ""period"": ""2026"", ""scenario"": ""high_demand""}]",REG-GENERATION-LOAD_FACTOR,"""0.7""",fraction,Vopak/Reatile xlsx (PowerGenLoadFactor_High / PowerGenLoadFactor_Low),2025-03-24,nigel.zhuwaki,,unreviewed,unassessed,2026,EXC-GENERATION-LOAD_FACTOR
LOC-dbdb6d1b7da1,"generation.load_factor.csv[6:{""country"": ""ZAF"", ""period"": ""2027"", ""scenario"": ""high_demand""}]",REG-GENERATION-LOAD_FACTOR,"""0.71""",fraction,Vopak/Reatile xlsx (PowerGenLoadFactor_High / PowerGenLoadFactor_Low),2025-03-24,nigel.zhuwaki,,unreviewed,unassessed,2026,EXC-GENERATION-LOAD_FACTOR
LOC-027daf5fa0b6,"generation.load_factor.csv[7:{""country"": ""ZAF"", ""period"": ""2028"", ""scenario"": ""high_demand""}]",REG-GENERATION-LOAD_FACTOR,"""0.7""",fraction,Vopak/Reatile xlsx (PowerGenLoadFactor_High / PowerGenLoadFactor_Low),2025-03-24,nigel.zhuwaki,,unreviewed,unassessed,2026,EXC-GENERATION-LOAD_FACTOR
LOC-9b97eeba98a5,"generation.load_factor.csv[8:{""country"": ""ZAF"", ""period"": ""2029"", ""scenario"": ""high_demand""}]",REG-GENERATION-LOAD_FACTOR,"""0.7""",fraction,Vopak/Reatile xlsx (PowerGenLoadFactor_High / PowerGenLoadFactor_Low),2025-03-24,nigel.zhuwaki,,unreviewed,unassessed,2026,EXC-GENERATION-LOAD_FACTOR
LOC-1cf23222116e,"generation.load_factor.csv[9:{""country"": ""ZAF"", ""period"": ""2030"", ""scenario"": ""high_demand""}]",REG-GENERATION-LOAD_FACTOR,"""0.7""",fraction,Vopak/Reatile xlsx (PowerGenLoadFactor_High / PowerGenLoadFactor_Low),2025-03-24,nigel.zhuwaki,,unreviewed,unassessed,2026,EXC-GENERATION-LOAD_FACTOR
LOC-7470047d66be,"generation.load_factor.csv[10:{""country"": ""ZAF"", ""period"": ""2031"", ""scenario"": ""high_demand""}]",REG-GENERATION-LOAD_FACTOR,"""0.7""",fraction,Vopak/Reatile xlsx (PowerGenLoadFactor_High / PowerGenLoadFactor_Low),2025-03-24,nigel.zhuwaki,,unreviewed,unassessed,2026,EXC-GENERATION-LOAD_FACTOR
LOC-1632374e56b7,"generation.load_factor.csv[11:{""country"": ""ZAF"", ""period"": ""2032"", ""scenario"": ""high_demand""}]",REG-GENERATION-LOAD_FACTOR,"""0.7""",fraction,Vopak/Reatile xlsx (PowerGenLoadFactor_High / PowerGenLoadFactor_Low),2025-03-24,nigel.zhuwaki,,unreviewed,unassessed,2026,EXC-GENERATION-LOAD_FACTOR
LOC-979b35963eb9,"generation.load_factor.csv[12:{""country"": ""ZAF"", ""period"": ""2033"", ""scenario"": ""high_demand""}]",REG-GENERATION-LOAD_FACTOR,"""0.7""",fraction,Vopak/Reatile xlsx (PowerGenLoadFactor_High / PowerGenLoadFactor_Low),2025-03-24,nigel.zhuwaki,,unreviewed,unassessed,2026,EXC-GENERATION-LOAD_FACTOR
LOC-c014444aa77f,"generation.load_factor.csv[13:{""country"": ""ZAF"", ""period"": ""2034"", ""scenario"": ""high_demand""}]",REG-GENERATION-LOAD_FACTOR,"""0.7""",fraction,Vopak/Reatile xlsx (PowerGenLoadFactor_High / PowerGenLoadFactor_Low),2025-03-24,nigel.zhuwaki,,unreviewed,unassessed,2026,EXC-GENERATION-LOAD_FACTOR
LOC-f9f0906e600c,"generation.load_factor.csv[14:{""country"": ""ZAF"", ""period"": ""2035"", ""scenario"": ""high_demand""}]",REG-GENERATION-LOAD_FACTOR,"""0.7""",fraction,Vopak/Reatile xlsx (PowerGenLoadFactor_High / PowerGenLoadFactor_Low),2025-03-24,nigel.zhuwaki,,unreviewed,unassessed,2026,EXC-GENERATION-LOAD_FACTOR
LOC-86dd1b6604a5,"generation.load_factor.csv[15:{""country"": ""ZAF"", ""period"": ""2036"", ""scenario"": ""high_demand""}]",REG-GENERATION-LOAD_FACTOR,"""0.7""",fraction,Vopak/Reatile xlsx (PowerGenLoadFactor_High / PowerGenLoadFactor_Low),2025-03-24,nigel.zhuwaki,,unreviewed,unassessed,2026,EXC-GENERATION-LOAD_FACTOR
LOC-1e6951194d25,"generation.load_factor.csv[16:{""country"": ""ZAF"", ""period"": ""2037"", ""scenario"": ""high_demand""}]",REG-GENERATION-LOAD_FACTOR,"""0.7""",fraction,Vopak/Reatile xlsx (PowerGenLoadFactor_High / PowerGenLoadFactor_Low),2025-03-24,nigel.zhuwaki,,unreviewed,unassessed,2026,EXC-GENERATION-LOAD_FACTOR
LOC-e4c14d6e1116,"generation.load_factor.csv[17:{""country"": ""ZAF"", ""period"": ""2038"", ""scenario"": ""high_demand""}]",REG-GENERATION-LOAD_FACTOR,"""0.7""",fraction,Vopak/Reatile xlsx (PowerGenLoadFactor_High / PowerGenLoadFactor_Low),2025-03-24,nigel.zhuwaki,,unreviewed,unassessed,2026,EXC-GENERATION-LOAD_FACTOR
LOC-646e42a87b7f,"generation.load_factor.csv[18:{""country"": ""ZAF"", ""period"": ""2039"", ""scenario"": ""high_demand""}]",REG-GENERATION-LOAD_FACTOR,"""0.7""",fraction,Vopak/Reatile xlsx (PowerGenLoadFactor_High / PowerGenLoadFactor_Low),2025-03-24,nigel.zhuwaki,,unreviewed,unassessed,2026,EXC-GENERATION-LOAD_FACTOR
LOC-5439643d9c98,"generation.load_factor.csv[19:{""country"": ""ZAF"", ""period"": ""2040"", ""scenario"": ""high_demand""}]",REG-GENERATION-LOAD_FACTOR,"""0.7""",fraction,Vopak/Reatile xlsx (PowerGenLoadFactor_High / PowerGenLoadFactor_Low),2025-03-24,nigel.zhuwaki,,unreviewed,unassessed,2026,EXC-GENERATION-LOAD_FACTOR
LOC-482aac1ebf9e,"generation.load_factor.csv[20:{""country"": ""ZAF"", ""period"": ""2041"", ""scenario"": ""high_demand""}]",REG-GENERATION-LOAD_FACTOR,"""0.7""",fraction,Vopak/Reatile xlsx (PowerGenLoadFactor_High / PowerGenLoadFactor_Low),2025-03-24,nigel.zhuwaki,,unreviewed,unassessed,2026,EXC-GENERATION-LOAD_FACTOR
LOC-7643d2fc50ca,"generation.load_factor.csv[21:{""country"": ""ZAF"", ""period"": ""2042"", ""scenario"": ""high_demand""}]",REG-GENERATION-LOAD_FACTOR,"""0.7""",fraction,Vopak/Reatile xlsx (PowerGenLoadFactor_High / PowerGenLoadFactor_Low),2025-03-24,nigel.zhuwaki,,unreviewed,unassessed,2026,EXC-GENERATION-LOAD_FACTOR
LOC-e64121553079,"generation.load_factor.csv[22:{""country"": ""ZAF"", ""period"": ""2043"", ""scenario"": ""high_demand""}]",REG-GENERATION-LOAD_FACTOR,"""0.7""",fraction,Vopak/Reatile xlsx (PowerGenLoadFactor_High / PowerGenLoadFactor_Low),2025-03-24,nigel.zhuwaki,,unreviewed,unassessed,2026,EXC-GENERATION-LOAD_FACTOR
LOC-4e667a8086a1,"generation.load_factor.csv[23:{""country"": ""ZAF"", ""period"": ""2044"", ""scenario"": ""high_demand""}]",REG-GENERATION-LOAD_FACTOR,"""0.7""",fraction,Vopak/Reatile xlsx (PowerGenLoadFactor_High / PowerGenLoadFactor_Low),2025-03-24,nigel.zhuwaki,,unreviewed,unassessed,2026,EXC-GENERATION-LOAD_FACTOR
LOC-2cd5bafcf02e,"generation.load_factor.csv[24:{""country"": ""ZAF"", ""period"": ""2045"", ""scenario"": ""high_demand""}]",REG-GENERATION-LOAD_FACTOR,"""0.7""",fraction,Vopak/Reatile xlsx (PowerGenLoadFactor_High / PowerGenLoadFactor_Low),2025-03-24,nigel.zhuwaki,,unreviewed,unassessed,2026,EXC-GENERATION-LOAD_FACTOR
LOC-d2bd168d5591,"generation.load_factor.csv[25:{""country"": ""ZAF"", ""period"": ""2046"", ""scenario"": ""high_demand""}]",REG-GENERATION-LOAD_FACTOR,"""0.7""",fraction,Vopak/Reatile xlsx (PowerGenLoadFactor_High / PowerGenLoadFactor_Low),2025-03-24,nigel.zhuwaki,,unreviewed,unassessed,2026,EXC-GENERATION-LOAD_FACTOR
LOC-b31b1bdbac39,"generation.load_factor.csv[26:{""country"": ""ZAF"", ""period"": ""2047"", ""scenario"": ""high_demand""}]",REG-GENERATION-LOAD_FACTOR,"""0.7""",fraction,Vopak/Reatile xlsx (PowerGenLoadFactor_High / PowerGenLoadFactor_Low),2025-03-24,nigel.zhuwaki,,unreviewed,unassessed,2026,EXC-GENERATION-LOAD_FACTOR
LOC-dc13d9fc53f4,"generation.load_factor.csv[27:{""country"": ""ZAF"", ""period"": ""2048"", ""scenario"": ""high_demand""}]",REG-GENERATION-LOAD_FACTOR,"""0.7""",fraction,Vopak/Reatile xlsx (PowerGenLoadFactor_High / PowerGenLoadFactor_Low),2025-03-24,nigel.zhuwaki,,unreviewed,unassessed,2026,EXC-GENERATION-LOAD_FACTOR
LOC-9321b67c906f,"generation.load_factor.csv[28:{""country"": ""ZAF"", ""period"": ""2049"", ""scenario"": ""high_demand""}]",REG-GENERATION-LOAD_FACTOR,"""0.7""",fraction,Vopak/Reatile xlsx (PowerGenLoadFactor_High / PowerGenLoadFactor_Low),2025-03-24,nigel.zhuwaki,,unreviewed,unassessed,2026,EXC-GENERATION-LOAD_FACTOR
LOC-c984c845faa2,"generation.load_factor.csv[29:{""country"": ""ZAF"", ""period"": ""2050"", ""scenario"": ""high_demand""}]",REG-GENERATION-LOAD_FACTOR,"""0.7""",fraction,Vopak/Reatile xlsx (PowerGenLoadFactor_High / PowerGenLoadFactor_Low),2025-03-24,nigel.zhuwaki,,unreviewed,unassessed,2026,EXC-GENERATION-LOAD_FACTOR
LOC-b53ff40acca4,"generation.load_factor.csv[30:{""country"": ""ZAF"", ""period"": ""2022"", ""scenario"": ""low_demand""}]",REG-GENERATION-LOAD_FACTOR,"""0.45""",fraction,Vopak/Reatile xlsx (PowerGenLoadFactor_High / PowerGenLoadFactor_Low),2025-03-24,nigel.zhuwaki,,unreviewed,unassessed,2026,EXC-GENERATION-LOAD_FACTOR
LOC-20cf6671cde4,"generation.load_factor.csv[31:{""country"": ""ZAF"", ""period"": ""2023"", ""scenario"": ""low_demand""}]",REG-GENERATION-LOAD_FACTOR,"""0.5603""",fraction,Vopak/Reatile xlsx (PowerGenLoadFactor_High / PowerGenLoadFactor_Low),2025-03-24,nigel.zhuwaki,,unreviewed,unassessed,2026,EXC-GENERATION-LOAD_FACTOR
LOC-b89500e73289,"generation.load_factor.csv[32:{""country"": ""ZAF"", ""period"": ""2024"", ""scenario"": ""low_demand""}]",REG-GENERATION-LOAD_FACTOR,"""0.5456""",fraction,Vopak/Reatile xlsx (PowerGenLoadFactor_High / PowerGenLoadFactor_Low),2025-03-24,nigel.zhuwaki,,unreviewed,unassessed,2026,EXC-GENERATION-LOAD_FACTOR
LOC-bbf2022ec89f,"generation.load_factor.csv[33:{""country"": ""ZAF"", ""period"": ""2025"", ""scenario"": ""low_demand""}]",REG-GENERATION-LOAD_FACTOR,"""0.626""",fraction,Vopak/Reatile xlsx (PowerGenLoadFactor_High / PowerGenLoadFactor_Low),2025-03-24,nigel.zhuwaki,,unreviewed,unassessed,2026,EXC-GENERATION-LOAD_FACTOR
LOC-63768feccc94,"generation.load_factor.csv[34:{""country"": ""ZAF"", ""period"": ""2026"", ""scenario"": ""low_demand""}]",REG-GENERATION-LOAD_FACTOR,"""0.14133780969896842""",fraction,Vopak/Reatile xlsx (PowerGenLoadFactor_High / PowerGenLoadFactor_Low),2025-03-24,nigel.zhuwaki,,unreviewed,unassessed,2026,EXC-GENERATION-LOAD_FACTOR
LOC-03c095ca9f32,"generation.load_factor.csv[35:{""country"": ""ZAF"", ""period"": ""2027"", ""scenario"": ""low_demand""}]",REG-GENERATION-LOAD_FACTOR,"""0.1461268140643498""",fraction,Vopak/Reatile xlsx (PowerGenLoadFactor_High / PowerGenLoadFactor_Low),2025-03-24,nigel.zhuwaki,,unreviewed,unassessed,2026,EXC-GENERATION-LOAD_FACTOR
LOC-fca57005060c,"generation.load_factor.csv[36:{""country"": ""ZAF"", ""period"": ""2028"", ""scenario"": ""low_demand""}]",REG-GENERATION-LOAD_FACTOR,"""0.15091581842973117""",fraction,Vopak/Reatile xlsx (PowerGenLoadFactor_High / PowerGenLoadFactor_Low),2025-03-24,nigel.zhuwaki,,unreviewed,unassessed,2026,EXC-GENERATION-LOAD_FACTOR
LOC-e58605af5416,"generation.load_factor.csv[37:{""country"": ""ZAF"", ""period"": ""2029"", ""scenario"": ""low_demand""}]",REG-GENERATION-LOAD_FACTOR,"""0.15570482279511255""",fraction,Vopak/Reatile xlsx (PowerGenLoadFactor_High / PowerGenLoadFactor_Low),2025-03-24,nigel.zhuwaki,,unreviewed,unassessed,2026,EXC-GENERATION-LOAD_FACTOR
LOC-9f89519a96b7,"generation.load_factor.csv[38:{""country"": ""ZAF"", ""period"": ""2030"", ""scenario"": ""low_demand""}]",REG-GENERATION-LOAD_FACTOR,"""0.16049382716049385""",fraction,Vopak/Reatile xlsx (PowerGenLoadFactor_High / PowerGenLoadFactor_Low),2025-03-24,nigel.zhuwaki,,unreviewed,unassessed,2026,EXC-GENERATION-LOAD_FACTOR
LOC-c3872390032b,"generation.load_factor.csv[39:{""country"": ""ZAF"", ""period"": ""2031"", ""scenario"": ""low_demand""}]",REG-GENERATION-LOAD_FACTOR,"""0.16049382716049385""",fraction,Vopak/Reatile xlsx (PowerGenLoadFactor_High / PowerGenLoadFactor_Low),2025-03-24,nigel.zhuwaki,,unreviewed,unassessed,2026,EXC-GENERATION-LOAD_FACTOR
LOC-0eeec0476850,"generation.load_factor.csv[40:{""country"": ""ZAF"", ""period"": ""2032"", ""scenario"": ""low_demand""}]",REG-GENERATION-LOAD_FACTOR,"""0.16049382716049385""",fraction,Vopak/Reatile xlsx (PowerGenLoadFactor_High / PowerGenLoadFactor_Low),2025-03-24,nigel.zhuwaki,,unreviewed,unassessed,2026,EXC-GENERATION-LOAD_FACTOR
LOC-e5ba80153cfb,"generation.load_factor.csv[41:{""country"": ""ZAF"", ""period"": ""2033"", ""scenario"": ""low_demand""}]",REG-GENERATION-LOAD_FACTOR,"""0.16049382716049385""",fraction,Vopak/Reatile xlsx (PowerGenLoadFactor_High / PowerGenLoadFactor_Low),2025-03-24,nigel.zhuwaki,,unreviewed,unassessed,2026,EXC-GENERATION-LOAD_FACTOR
LOC-53abf75a5e91,"generation.load_factor.csv[42:{""country"": ""ZAF"", ""period"": ""2034"", ""scenario"": ""low_demand""}]",REG-GENERATION-LOAD_FACTOR,"""0.16049382716049385""",fraction,Vopak/Reatile xlsx (PowerGenLoadFactor_High / PowerGenLoadFactor_Low),2025-03-24,nigel.zhuwaki,,unreviewed,unassessed,2026,EXC-GENERATION-LOAD_FACTOR
LOC-59dd92447de1,"generation.load_factor.csv[43:{""country"": ""ZAF"", ""period"": ""2035"", ""scenario"": ""low_demand""}]",REG-GENERATION-LOAD_FACTOR,"""0.16049382716049385""",fraction,Vopak/Reatile xlsx (PowerGenLoadFactor_High / PowerGenLoadFactor_Low),2025-03-24,nigel.zhuwaki,,unreviewed,unassessed,2026,EXC-GENERATION-LOAD_FACTOR
LOC-6168c6eb1962,"generation.load_factor.csv[44:{""country"": ""ZAF"", ""period"": ""2036"", ""scenario"": ""low_demand""}]",REG-GENERATION-LOAD_FACTOR,"""0.16049382716049385""",fraction,Vopak/Reatile xlsx (PowerGenLoadFactor_High / PowerGenLoadFactor_Low),2025-03-24,nigel.zhuwaki,,unreviewed,unassessed,2026,EXC-GENERATION-LOAD_FACTOR
LOC-6faed4485e27,"generation.load_factor.csv[45:{""country"": ""ZAF"", ""period"": ""2037"", ""scenario"": ""low_demand""}]",REG-GENERATION-LOAD_FACTOR,"""0.16049382716049385""",fraction,Vopak/Reatile xlsx (PowerGenLoadFactor_High / PowerGenLoadFactor_Low),2025-03-24,nigel.zhuwaki,,unreviewed,unassessed,2026,EXC-GENERATION-LOAD_FACTOR
LOC-d22aaa5fa858,"generation.load_factor.csv[46:{""country"": ""ZAF"", ""period"": ""2038"", ""scenario"": ""low_demand""}]",REG-GENERATION-LOAD_FACTOR,"""0.16049382716049385""",fraction,Vopak/Reatile xlsx (PowerGenLoadFactor_High / PowerGenLoadFactor_Low),2025-03-24,nigel.zhuwaki,,unreviewed,unassessed,2026,EXC-GENERATION-LOAD_FACTOR
LOC-570bdd8a59c3,"generation.load_factor.csv[47:{""country"": ""ZAF"", ""period"": ""2039"", ""scenario"": ""low_demand""}]",REG-GENERATION-LOAD_FACTOR,"""0.16049382716049385""",fraction,Vopak/Reatile xlsx (PowerGenLoadFactor_High / PowerGenLoadFactor_Low),2025-03-24,nigel.zhuwaki,,unreviewed,unassessed,2026,EXC-GENERATION-LOAD_FACTOR
LOC-a4fbe45e5eb4,"generation.load_factor.csv[48:{""country"": ""ZAF"", ""period"": ""2040"", ""scenario"": ""low_demand""}]",REG-GENERATION-LOAD_FACTOR,"""0.16049382716049385""",fraction,Vopak/Reatile xlsx (PowerGenLoadFactor_High / PowerGenLoadFactor_Low),2025-03-24,nigel.zhuwaki,,unreviewed,unassessed,2026,EXC-GENERATION-LOAD_FACTOR
LOC-e0f97e0033b1,"generation.load_factor.csv[49:{""country"": ""ZAF"", ""period"": ""2041"", ""scenario"": ""low_demand""}]",REG-GENERATION-LOAD_FACTOR,"""0.16049382716049385""",fraction,Vopak/Reatile xlsx (PowerGenLoadFactor_High / PowerGenLoadFactor_Low),2025-03-24,nigel.zhuwaki,,unreviewed,unassessed,2026,EXC-GENERATION-LOAD_FACTOR
LOC-7c6a806e3095,"generation.load_factor.csv[50:{""country"": ""ZAF"", ""period"": ""2042"", ""scenario"": ""low_demand""}]",REG-GENERATION-LOAD_FACTOR,"""0.16049382716049385""",fraction,Vopak/Reatile xlsx (PowerGenLoadFactor_High / PowerGenLoadFactor_Low),2025-03-24,nigel.zhuwaki,,unreviewed,unassessed,2026,EXC-GENERATION-LOAD_FACTOR
LOC-d54ac19b6cc0,"generation.load_factor.csv[51:{""country"": ""ZAF"", ""period"": ""2043"", ""scenario"": ""low_demand""}]",REG-GENERATION-LOAD_FACTOR,"""0.16049382716049385""",fraction,Vopak/Reatile xlsx (PowerGenLoadFactor_High / PowerGenLoadFactor_Low),2025-03-24,nigel.zhuwaki,,unreviewed,unassessed,2026,EXC-GENERATION-LOAD_FACTOR
LOC-229534b3c49a,"generation.load_factor.csv[52:{""country"": ""ZAF"", ""period"": ""2044"", ""scenario"": ""low_demand""}]",REG-GENERATION-LOAD_FACTOR,"""0.16049382716049385""",fraction,Vopak/Reatile xlsx (PowerGenLoadFactor_High / PowerGenLoadFactor_Low),2025-03-24,nigel.zhuwaki,,unreviewed,unassessed,2026,EXC-GENERATION-LOAD_FACTOR
LOC-3bc9d0c37a0c,"generation.load_factor.csv[53:{""country"": ""ZAF"", ""period"": ""2045"", ""scenario"": ""low_demand""}]",REG-GENERATION-LOAD_FACTOR,"""0.16049382716049385""",fraction,Vopak/Reatile xlsx (PowerGenLoadFactor_High / PowerGenLoadFactor_Low),2025-03-24,nigel.zhuwaki,,unreviewed,unassessed,2026,EXC-GENERATION-LOAD_FACTOR
LOC-72df77ff7355,"generation.load_factor.csv[54:{""country"": ""ZAF"", ""period"": ""2046"", ""scenario"": ""low_demand""}]",REG-GENERATION-LOAD_FACTOR,"""0.16049382716049385""",fraction,Vopak/Reatile xlsx (PowerGenLoadFactor_High / PowerGenLoadFactor_Low),2025-03-24,nigel.zhuwaki,,unreviewed,unassessed,2026,EXC-GENERATION-LOAD_FACTOR
LOC-ae1b4d7b7784,"generation.load_factor.csv[55:{""country"": ""ZAF"", ""period"": ""2047"", ""scenario"": ""low_demand""}]",REG-GENERATION-LOAD_FACTOR,"""0.16049382716049385""",fraction,Vopak/Reatile xlsx (PowerGenLoadFactor_High / PowerGenLoadFactor_Low),2025-03-24,nigel.zhuwaki,,unreviewed,unassessed,2026,EXC-GENERATION-LOAD_FACTOR
LOC-49673a136130,"generation.load_factor.csv[56:{""country"": ""ZAF"", ""period"": ""2048"", ""scenario"": ""low_demand""}]",REG-GENERATION-LOAD_FACTOR,"""0.16049382716049385""",fraction,Vopak/Reatile xlsx (PowerGenLoadFactor_High / PowerGenLoadFactor_Low),2025-03-24,nigel.zhuwaki,,unreviewed,unassessed,2026,EXC-GENERATION-LOAD_FACTOR
LOC-3a339ed46a97,"generation.load_factor.csv[57:{""country"": ""ZAF"", ""period"": ""2049"", ""scenario"": ""low_demand""}]",REG-GENERATION-LOAD_FACTOR,"""0.16049382716049385""",fraction,Vopak/Reatile xlsx (PowerGenLoadFactor_High / PowerGenLoadFactor_Low),2025-03-24,nigel.zhuwaki,,unreviewed,unassessed,2026,EXC-GENERATION-LOAD_FACTOR
LOC-659c34f1cf66,"generation.load_factor.csv[58:{""country"": ""ZAF"", ""period"": ""2050"", ""scenario"": ""low_demand""}]",REG-GENERATION-LOAD_FACTOR,"""0.16049382716049385""",fraction,Vopak/Reatile xlsx (PowerGenLoadFactor_High / PowerGenLoadFactor_Low),2025-03-24,nigel.zhuwaki,,unreviewed,unassessed,2026,EXC-GENERATION-LOAD_FACTOR
LOC-91d3735dbfd5,"generation.load_shedding.csv[1:{""country"": ""ZAF"", ""period"": ""2024"", ""scenario"": ""high_demand""}]",REG-GENERATION-LOAD_SHEDDING,"""31578""",GWh,Vopak/Reatile xlsx (LoadShedding_High / LoadShedding_Low),2025-03-24,nigel.zhuwaki,,unreviewed,unassessed,2026,EXC-GENERATION-LOAD_SHEDDING
LOC-c7ac685f6281,"generation.load_shedding.csv[2:{""country"": ""ZAF"", ""period"": ""2025"", ""scenario"": ""high_demand""}]",REG-GENERATION-LOAD_SHEDDING,"""29341""",GWh,Vopak/Reatile xlsx (LoadShedding_High / LoadShedding_Low),2025-03-24,nigel.zhuwaki,,unreviewed,unassessed,2026,EXC-GENERATION-LOAD_SHEDDING
LOC-05ae0d3ab40f,"generation.load_shedding.csv[3:{""country"": ""ZAF"", ""period"": ""2026"", ""scenario"": ""high_demand""}]",REG-GENERATION-LOAD_SHEDDING,"""39587""",GWh,Vopak/Reatile xlsx (LoadShedding_High / LoadShedding_Low),2025-03-24,nigel.zhuwaki,,unreviewed,unassessed,2026,EXC-GENERATION-LOAD_SHEDDING
LOC-5a626e6efe8d,"generation.load_shedding.csv[4:{""country"": ""ZAF"", ""period"": ""2027"", ""scenario"": ""high_demand""}]",REG-GENERATION-LOAD_SHEDDING,"""41103""",GWh,Vopak/Reatile xlsx (LoadShedding_High / LoadShedding_Low),2025-03-24,nigel.zhuwaki,,unreviewed,unassessed,2026,EXC-GENERATION-LOAD_SHEDDING
LOC-beac068f8ff3,"generation.load_shedding.csv[5:{""country"": ""ZAF"", ""period"": ""2028"", ""scenario"": ""high_demand""}]",REG-GENERATION-LOAD_SHEDDING,"""40743""",GWh,Vopak/Reatile xlsx (LoadShedding_High / LoadShedding_Low),2025-03-24,nigel.zhuwaki,,unreviewed,unassessed,2026,EXC-GENERATION-LOAD_SHEDDING
LOC-775c5245a96b,"generation.load_shedding.csv[6:{""country"": ""ZAF"", ""period"": ""2029"", ""scenario"": ""high_demand""}]",REG-GENERATION-LOAD_SHEDDING,"""40743""",GWh,Vopak/Reatile xlsx (LoadShedding_High / LoadShedding_Low),2025-03-24,nigel.zhuwaki,,unreviewed,unassessed,2026,EXC-GENERATION-LOAD_SHEDDING
LOC-62aa26db2d98,"generation.load_shedding.csv[7:{""country"": ""ZAF"", ""period"": ""2030"", ""scenario"": ""high_demand""}]",REG-GENERATION-LOAD_SHEDDING,"""40743""",GWh,Vopak/Reatile xlsx (LoadShedding_High / LoadShedding_Low),2025-03-24,nigel.zhuwaki,,unreviewed,unassessed,2026,EXC-GENERATION-LOAD_SHEDDING
LOC-35b6b18cefd5,"generation.load_shedding.csv[8:{""country"": ""ZAF"", ""period"": ""2031"", ""scenario"": ""high_demand""}]",REG-GENERATION-LOAD_SHEDDING,"""40743""",GWh,Vopak/Reatile xlsx (LoadShedding_High / LoadShedding_Low),2025-03-24,nigel.zhuwaki,,unreviewed,unassessed,2026,EXC-GENERATION-LOAD_SHEDDING
LOC-c53bf499ca68,"generation.load_shedding.csv[9:{""country"": ""ZAF"", ""period"": ""2032"", ""scenario"": ""high_demand""}]",REG-GENERATION-LOAD_SHEDDING,"""40743""",GWh,Vopak/Reatile xlsx (LoadShedding_High / LoadShedding_Low),2025-03-24,nigel.zhuwaki,,unreviewed,unassessed,2026,EXC-GENERATION-LOAD_SHEDDING
LOC-46265ec01418,"generation.load_shedding.csv[10:{""country"": ""ZAF"", ""period"": ""2033"", ""scenario"": ""high_demand""}]",REG-GENERATION-LOAD_SHEDDING,"""40743""",GWh,Vopak/Reatile xlsx (LoadShedding_High / LoadShedding_Low),2025-03-24,nigel.zhuwaki,,unreviewed,unassessed,2026,EXC-GENERATION-LOAD_SHEDDING
LOC-b68c0c0059cb,"generation.load_shedding.csv[11:{""country"": ""ZAF"", ""period"": ""2034"", ""scenario"": ""high_demand""}]",REG-GENERATION-LOAD_SHEDDING,"""40743""",GWh,Vopak/Reatile xlsx (LoadShedding_High / LoadShedding_Low),2025-03-24,nigel.zhuwaki,,unreviewed,unassessed,2026,EXC-GENERATION-LOAD_SHEDDING
LOC-e02f5324cf7e,"generation.load_shedding.csv[12:{""country"": ""ZAF"", ""period"": ""2035"", ""scenario"": ""high_demand""}]",REG-GENERATION-LOAD_SHEDDING,"""40743""",GWh,Vopak/Reatile xlsx (LoadShedding_High / LoadShedding_Low),2025-03-24,nigel.zhuwaki,,unreviewed,unassessed,2026,EXC-GENERATION-LOAD_SHEDDING
LOC-0d522cbe490c,"generation.load_shedding.csv[13:{""country"": ""ZAF"", ""period"": ""2036"", ""scenario"": ""high_demand""}]",REG-GENERATION-LOAD_SHEDDING,"""40743""",GWh,Vopak/Reatile xlsx (LoadShedding_High / LoadShedding_Low),2025-03-24,nigel.zhuwaki,,unreviewed,unassessed,2026,EXC-GENERATION-LOAD_SHEDDING
LOC-e8a341737b34,"generation.load_shedding.csv[14:{""country"": ""ZAF"", ""period"": ""2037"", ""scenario"": ""high_demand""}]",REG-GENERATION-LOAD_SHEDDING,"""40743""",GWh,Vopak/Reatile xlsx (LoadShedding_High / LoadShedding_Low),2025-03-24,nigel.zhuwaki,,unreviewed,unassessed,2026,EXC-GENERATION-LOAD_SHEDDING
LOC-b1a5a71a7d16,"generation.load_shedding.csv[15:{""country"": ""ZAF"", ""period"": ""2038"", ""scenario"": ""high_demand""}]",REG-GENERATION-LOAD_SHEDDING,"""40743""",GWh,Vopak/Reatile xlsx (LoadShedding_High / LoadShedding_Low),2025-03-24,nigel.zhuwaki,,unreviewed,unassessed,2026,EXC-GENERATION-LOAD_SHEDDING
LOC-5f83b97e957b,"generation.load_shedding.csv[16:{""country"": ""ZAF"", ""period"": ""2039"", ""scenario"": ""high_demand""}]",REG-GENERATION-LOAD_SHEDDING,"""40743""",GWh,Vopak/Reatile xlsx (LoadShedding_High / LoadShedding_Low),2025-03-24,nigel.zhuwaki,,unreviewed,unassessed,2026,EXC-GENERATION-LOAD_SHEDDING
LOC-0a02dc6fad23,"generation.load_shedding.csv[17:{""country"": ""ZAF"", ""period"": ""2040"", ""scenario"": ""high_demand""}]",REG-GENERATION-LOAD_SHEDDING,"""40743""",GWh,Vopak/Reatile xlsx (LoadShedding_High / LoadShedding_Low),2025-03-24,nigel.zhuwaki,,unreviewed,unassessed,2026,EXC-GENERATION-LOAD_SHEDDING
LOC-5b6c3d8887c7,"generation.load_shedding.csv[18:{""country"": ""ZAF"", ""period"": ""2041"", ""scenario"": ""high_demand""}]",REG-GENERATION-LOAD_SHEDDING,"""40743""",GWh,Vopak/Reatile xlsx (LoadShedding_High / LoadShedding_Low),2025-03-24,nigel.zhuwaki,,unreviewed,unassessed,2026,EXC-GENERATION-LOAD_SHEDDING
LOC-e8d3c4174733,"generation.load_shedding.csv[19:{""country"": ""ZAF"", ""period"": ""2042"", ""scenario"": ""high_demand""}]",REG-GENERATION-LOAD_SHEDDING,"""40743""",GWh,Vopak/Reatile xlsx (LoadShedding_High / LoadShedding_Low),2025-03-24,nigel.zhuwaki,,unreviewed,unassessed,2026,EXC-GENERATION-LOAD_SHEDDING
LOC-10a1866010b7,"generation.load_shedding.csv[20:{""country"": ""ZAF"", ""period"": ""2043"", ""scenario"": ""high_demand""}]",REG-GENERATION-LOAD_SHEDDING,"""40743""",GWh,Vopak/Reatile xlsx (LoadShedding_High / LoadShedding_Low),2025-03-24,nigel.zhuwaki,,unreviewed,unassessed,2026,EXC-GENERATION-LOAD_SHEDDING
LOC-8676bd344d1b,"generation.load_shedding.csv[21:{""country"": ""ZAF"", ""period"": ""2044"", ""scenario"": ""high_demand""}]",REG-GENERATION-LOAD_SHEDDING,"""40743""",GWh,Vopak/Reatile xlsx (LoadShedding_High / LoadShedding_Low),2025-03-24,nigel.zhuwaki,,unreviewed,unassessed,2026,EXC-GENERATION-LOAD_SHEDDING
LOC-45f43e3a2250,"generation.load_shedding.csv[22:{""country"": ""ZAF"", ""period"": ""2045"", ""scenario"": ""high_demand""}]",REG-GENERATION-LOAD_SHEDDING,"""40743""",GWh,Vopak/Reatile xlsx (LoadShedding_High / LoadShedding_Low),2025-03-24,nigel.zhuwaki,,unreviewed,unassessed,2026,EXC-GENERATION-LOAD_SHEDDING
LOC-10c4832f8ca3,"generation.load_shedding.csv[23:{""country"": ""ZAF"", ""period"": ""2046"", ""scenario"": ""high_demand""}]",REG-GENERATION-LOAD_SHEDDING,"""40743""",GWh,Vopak/Reatile xlsx (LoadShedding_High / LoadShedding_Low),2025-03-24,nigel.zhuwaki,,unreviewed,unassessed,2026,EXC-GENERATION-LOAD_SHEDDING
LOC-31fc6bcbcd60,"generation.load_shedding.csv[24:{""country"": ""ZAF"", ""period"": ""2047"", ""scenario"": ""high_demand""}]",REG-GENERATION-LOAD_SHEDDING,"""40743""",GWh,Vopak/Reatile xlsx (LoadShedding_High / LoadShedding_Low),2025-03-24,nigel.zhuwaki,,unreviewed,unassessed,2026,EXC-GENERATION-LOAD_SHEDDING
LOC-05fb0771ce1c,"generation.load_shedding.csv[25:{""country"": ""ZAF"", ""period"": ""2048"", ""scenario"": ""high_demand""}]",REG-GENERATION-LOAD_SHEDDING,"""40743""",GWh,Vopak/Reatile xlsx (LoadShedding_High / LoadShedding_Low),2025-03-24,nigel.zhuwaki,,unreviewed,unassessed,2026,EXC-GENERATION-LOAD_SHEDDING
LOC-bc071f40b0bd,"generation.load_shedding.csv[26:{""country"": ""ZAF"", ""period"": ""2049"", ""scenario"": ""high_demand""}]",REG-GENERATION-LOAD_SHEDDING,"""40743""",GWh,Vopak/Reatile xlsx (LoadShedding_High / LoadShedding_Low),2025-03-24,nigel.zhuwaki,,unreviewed,unassessed,2026,EXC-GENERATION-LOAD_SHEDDING
LOC-6aecc029ada2,"generation.load_shedding.csv[27:{""country"": ""ZAF"", ""period"": ""2050"", ""scenario"": ""high_demand""}]",REG-GENERATION-LOAD_SHEDDING,"""40743""",GWh,Vopak/Reatile xlsx (LoadShedding_High / LoadShedding_Low),2025-03-24,nigel.zhuwaki,,unreviewed,unassessed,2026,EXC-GENERATION-LOAD_SHEDDING
LOC-5b58e2d33ca8,"generation.load_shedding.csv[28:{""country"": ""ZAF"", ""period"": ""2024"", ""scenario"": ""low_demand""}]",REG-GENERATION-LOAD_SHEDDING,"""34""",GWh,Vopak/Reatile xlsx (LoadShedding_High / LoadShedding_Low),2025-03-24,nigel.zhuwaki,,unreviewed,unassessed,2026,EXC-GENERATION-LOAD_SHEDDING
LOC-8ee8aea0c23c,"generation.load_shedding.csv[29:{""country"": ""ZAF"", ""period"": ""2025"", ""scenario"": ""low_demand""}]",REG-GENERATION-LOAD_SHEDDING,"""25""",GWh,Vopak/Reatile xlsx (LoadShedding_High / LoadShedding_Low),2025-03-24,nigel.zhuwaki,,unreviewed,unassessed,2026,EXC-GENERATION-LOAD_SHEDDING
LOC-572807355910,"generation.load_shedding.csv[30:{""country"": ""ZAF"", ""period"": ""2026"", ""scenario"": ""low_demand""}]",REG-GENERATION-LOAD_SHEDDING,"""84""",GWh,Vopak/Reatile xlsx (LoadShedding_High / LoadShedding_Low),2025-03-24,nigel.zhuwaki,,unreviewed,unassessed,2026,EXC-GENERATION-LOAD_SHEDDING
LOC-66e9a51818d5,"generation.load_shedding.csv[31:{""country"": ""ZAF"", ""period"": ""2027"", ""scenario"": ""low_demand""}]",REG-GENERATION-LOAD_SHEDDING,"""235""",GWh,Vopak/Reatile xlsx (LoadShedding_High / LoadShedding_Low),2025-03-24,nigel.zhuwaki,,unreviewed,unassessed,2026,EXC-GENERATION-LOAD_SHEDDING
LOC-c645b9a9c131,"generation.load_shedding.csv[32:{""country"": ""ZAF"", ""period"": ""2028"", ""scenario"": ""low_demand""}]",REG-GENERATION-LOAD_SHEDDING,"""323""",GWh,Vopak/Reatile xlsx (LoadShedding_High / LoadShedding_Low),2025-03-24,nigel.zhuwaki,,unreviewed,unassessed,2026,EXC-GENERATION-LOAD_SHEDDING
LOC-30f2df1dda48,"generation.load_shedding.csv[33:{""country"": ""ZAF"", ""period"": ""2029"", ""scenario"": ""low_demand""}]",REG-GENERATION-LOAD_SHEDDING,"""323""",GWh,Vopak/Reatile xlsx (LoadShedding_High / LoadShedding_Low),2025-03-24,nigel.zhuwaki,,unreviewed,unassessed,2026,EXC-GENERATION-LOAD_SHEDDING
LOC-34e0dc5628b8,"generation.load_shedding.csv[34:{""country"": ""ZAF"", ""period"": ""2030"", ""scenario"": ""low_demand""}]",REG-GENERATION-LOAD_SHEDDING,"""323""",GWh,Vopak/Reatile xlsx (LoadShedding_High / LoadShedding_Low),2025-03-24,nigel.zhuwaki,,unreviewed,unassessed,2026,EXC-GENERATION-LOAD_SHEDDING
LOC-84d1ef24f12e,"generation.load_shedding.csv[35:{""country"": ""ZAF"", ""period"": ""2031"", ""scenario"": ""low_demand""}]",REG-GENERATION-LOAD_SHEDDING,"""323""",GWh,Vopak/Reatile xlsx (LoadShedding_High / LoadShedding_Low),2025-03-24,nigel.zhuwaki,,unreviewed,unassessed,2026,EXC-GENERATION-LOAD_SHEDDING
LOC-0e799f83c2ef,"generation.load_shedding.csv[36:{""country"": ""ZAF"", ""period"": ""2032"", ""scenario"": ""low_demand""}]",REG-GENERATION-LOAD_SHEDDING,"""323""",GWh,Vopak/Reatile xlsx (LoadShedding_High / LoadShedding_Low),2025-03-24,nigel.zhuwaki,,unreviewed,unassessed,2026,EXC-GENERATION-LOAD_SHEDDING
LOC-78c9bf1afd85,"generation.load_shedding.csv[37:{""country"": ""ZAF"", ""period"": ""2033"", ""scenario"": ""low_demand""}]",REG-GENERATION-LOAD_SHEDDING,"""323""",GWh,Vopak/Reatile xlsx (LoadShedding_High / LoadShedding_Low),2025-03-24,nigel.zhuwaki,,unreviewed,unassessed,2026,EXC-GENERATION-LOAD_SHEDDING
LOC-37d27179e389,"generation.load_shedding.csv[38:{""country"": ""ZAF"", ""period"": ""2034"", ""scenario"": ""low_demand""}]",REG-GENERATION-LOAD_SHEDDING,"""323""",GWh,Vopak/Reatile xlsx (LoadShedding_High / LoadShedding_Low),2025-03-24,nigel.zhuwaki,,unreviewed,unassessed,2026,EXC-GENERATION-LOAD_SHEDDING
LOC-1c7b4cc40905,"generation.load_shedding.csv[39:{""country"": ""ZAF"", ""period"": ""2035"", ""scenario"": ""low_demand""}]",REG-GENERATION-LOAD_SHEDDING,"""323""",GWh,Vopak/Reatile xlsx (LoadShedding_High / LoadShedding_Low),2025-03-24,nigel.zhuwaki,,unreviewed,unassessed,2026,EXC-GENERATION-LOAD_SHEDDING
LOC-9736f3cc35a2,"generation.load_shedding.csv[40:{""country"": ""ZAF"", ""period"": ""2036"", ""scenario"": ""low_demand""}]",REG-GENERATION-LOAD_SHEDDING,"""323""",GWh,Vopak/Reatile xlsx (LoadShedding_High / LoadShedding_Low),2025-03-24,nigel.zhuwaki,,unreviewed,unassessed,2026,EXC-GENERATION-LOAD_SHEDDING
LOC-e7f5151db35c,"generation.load_shedding.csv[41:{""country"": ""ZAF"", ""period"": ""2037"", ""scenario"": ""low_demand""}]",REG-GENERATION-LOAD_SHEDDING,"""323""",GWh,Vopak/Reatile xlsx (LoadShedding_High / LoadShedding_Low),2025-03-24,nigel.zhuwaki,,unreviewed,unassessed,2026,EXC-GENERATION-LOAD_SHEDDING
LOC-616b76ead9a7,"generation.load_shedding.csv[42:{""country"": ""ZAF"", ""period"": ""2038"", ""scenario"": ""low_demand""}]",REG-GENERATION-LOAD_SHEDDING,"""323""",GWh,Vopak/Reatile xlsx (LoadShedding_High / LoadShedding_Low),2025-03-24,nigel.zhuwaki,,unreviewed,unassessed,2026,EXC-GENERATION-LOAD_SHEDDING
LOC-a21c2af3aea8,"generation.load_shedding.csv[43:{""country"": ""ZAF"", ""period"": ""2039"", ""scenario"": ""low_demand""}]",REG-GENERATION-LOAD_SHEDDING,"""323""",GWh,Vopak/Reatile xlsx (LoadShedding_High / LoadShedding_Low),2025-03-24,nigel.zhuwaki,,unreviewed,unassessed,2026,EXC-GENERATION-LOAD_SHEDDING
LOC-1b500e9d3233,"generation.load_shedding.csv[44:{""country"": ""ZAF"", ""period"": ""2040"", ""scenario"": ""low_demand""}]",REG-GENERATION-LOAD_SHEDDING,"""323""",GWh,Vopak/Reatile xlsx (LoadShedding_High / LoadShedding_Low),2025-03-24,nigel.zhuwaki,,unreviewed,unassessed,2026,EXC-GENERATION-LOAD_SHEDDING
LOC-9c5a09a7146d,"generation.load_shedding.csv[45:{""country"": ""ZAF"", ""period"": ""2041"", ""scenario"": ""low_demand""}]",REG-GENERATION-LOAD_SHEDDING,"""323""",GWh,Vopak/Reatile xlsx (LoadShedding_High / LoadShedding_Low),2025-03-24,nigel.zhuwaki,,unreviewed,unassessed,2026,EXC-GENERATION-LOAD_SHEDDING
LOC-492f9d7b0cc1,"generation.load_shedding.csv[46:{""country"": ""ZAF"", ""period"": ""2042"", ""scenario"": ""low_demand""}]",REG-GENERATION-LOAD_SHEDDING,"""323""",GWh,Vopak/Reatile xlsx (LoadShedding_High / LoadShedding_Low),2025-03-24,nigel.zhuwaki,,unreviewed,unassessed,2026,EXC-GENERATION-LOAD_SHEDDING
LOC-edc6202011d8,"generation.load_shedding.csv[47:{""country"": ""ZAF"", ""period"": ""2043"", ""scenario"": ""low_demand""}]",REG-GENERATION-LOAD_SHEDDING,"""323""",GWh,Vopak/Reatile xlsx (LoadShedding_High / LoadShedding_Low),2025-03-24,nigel.zhuwaki,,unreviewed,unassessed,2026,EXC-GENERATION-LOAD_SHEDDING
LOC-82a42e514ac9,"generation.load_shedding.csv[48:{""country"": ""ZAF"", ""period"": ""2044"", ""scenario"": ""low_demand""}]",REG-GENERATION-LOAD_SHEDDING,"""323""",GWh,Vopak/Reatile xlsx (LoadShedding_High / LoadShedding_Low),2025-03-24,nigel.zhuwaki,,unreviewed,unassessed,2026,EXC-GENERATION-LOAD_SHEDDING
LOC-7be7ba29be1a,"generation.load_shedding.csv[49:{""country"": ""ZAF"", ""period"": ""2045"", ""scenario"": ""low_demand""}]",REG-GENERATION-LOAD_SHEDDING,"""323""",GWh,Vopak/Reatile xlsx (LoadShedding_High / LoadShedding_Low),2025-03-24,nigel.zhuwaki,,unreviewed,unassessed,2026,EXC-GENERATION-LOAD_SHEDDING
LOC-164cbdd51468,"generation.load_shedding.csv[50:{""country"": ""ZAF"", ""period"": ""2046"", ""scenario"": ""low_demand""}]",REG-GENERATION-LOAD_SHEDDING,"""323""",GWh,Vopak/Reatile xlsx (LoadShedding_High / LoadShedding_Low),2025-03-24,nigel.zhuwaki,,unreviewed,unassessed,2026,EXC-GENERATION-LOAD_SHEDDING
LOC-72a0b65dabb8,"generation.load_shedding.csv[51:{""country"": ""ZAF"", ""period"": ""2047"", ""scenario"": ""low_demand""}]",REG-GENERATION-LOAD_SHEDDING,"""323""",GWh,Vopak/Reatile xlsx (LoadShedding_High / LoadShedding_Low),2025-03-24,nigel.zhuwaki,,unreviewed,unassessed,2026,EXC-GENERATION-LOAD_SHEDDING
LOC-4c328989f20e,"generation.load_shedding.csv[52:{""country"": ""ZAF"", ""period"": ""2048"", ""scenario"": ""low_demand""}]",REG-GENERATION-LOAD_SHEDDING,"""323""",GWh,Vopak/Reatile xlsx (LoadShedding_High / LoadShedding_Low),2025-03-24,nigel.zhuwaki,,unreviewed,unassessed,2026,EXC-GENERATION-LOAD_SHEDDING
LOC-fdc9a9e845fe,"generation.load_shedding.csv[53:{""country"": ""ZAF"", ""period"": ""2049"", ""scenario"": ""low_demand""}]",REG-GENERATION-LOAD_SHEDDING,"""323""",GWh,Vopak/Reatile xlsx (LoadShedding_High / LoadShedding_Low),2025-03-24,nigel.zhuwaki,,unreviewed,unassessed,2026,EXC-GENERATION-LOAD_SHEDDING
LOC-923974a79725,"generation.load_shedding.csv[54:{""country"": ""ZAF"", ""period"": ""2050"", ""scenario"": ""low_demand""}]",REG-GENERATION-LOAD_SHEDDING,"""323""",GWh,Vopak/Reatile xlsx (LoadShedding_High / LoadShedding_Low),2025-03-24,nigel.zhuwaki,,unreviewed,unassessed,2026,EXC-GENERATION-LOAD_SHEDDING
LOC-9410b0949345,generation.efficiency.by_country.ZAF,REG-GENERATION-EFFICIENCY,0.4,fraction (thermal efficiency),Vopak/Reatile xlsx (PowerGen_Efficiency),2025-03-24,nigel.zhuwaki,,unreviewed,unassessed,2026,EXC-GENERATION-EFFICIENCY
LOC-1124bfdd9fcf,generation.efficiency.by_country.BWA,REG-GENERATION-EFFICIENCY,null,fraction (thermal efficiency),Vopak/Reatile xlsx (PowerGen_Efficiency),2025-03-24,nigel.zhuwaki,,unreviewed,unassessed,2026,EXC-GENERATION-EFFICIENCY
LOC-1739dfb03bf9,generation.efficiency.by_country.LSO,REG-GENERATION-EFFICIENCY,null,fraction (thermal efficiency),Vopak/Reatile xlsx (PowerGen_Efficiency),2025-03-24,nigel.zhuwaki,,unreviewed,unassessed,2026,EXC-GENERATION-EFFICIENCY
LOC-2b3ad9e7b3e0,generation.efficiency.by_country.NAM,REG-GENERATION-EFFICIENCY,null,fraction (thermal efficiency),Vopak/Reatile xlsx (PowerGen_Efficiency),2025-03-24,nigel.zhuwaki,,unreviewed,unassessed,2026,EXC-GENERATION-EFFICIENCY
LOC-b8372a971c55,generation.efficiency.by_country.SWZ,REG-GENERATION-EFFICIENCY,null,fraction (thermal efficiency),Vopak/Reatile xlsx (PowerGen_Efficiency),2025-03-24,nigel.zhuwaki,,unreviewed,unassessed,2026,EXC-GENERATION-EFFICIENCY
LOC-1a9f94b0560a,generation.mj_per_litre.value,REG-GENERATION-MJ_PER_LITRE,36.9,MJ per litre (diesel),Vopak/Reatile xlsx (MJ_Litres_Conversion),2025-03-24,nigel.zhuwaki,,unreviewed,unassessed,2026,EXC-GENERATION-MJ_PER_LITRE
LOC-43adb93cbb2b,generation.operational_days.value,REG-GENERATION-OPERATIONAL_DAYS,365,days per year,Vopak/Reatile xlsx (Operational_days),2025-03-24,nigel.zhuwaki,,unreviewed,unassessed,2026,EXC-GENERATION-OPERATIONAL_DAYS
LOC-9dd6e3cf9844,industrial.base_year_volume.by_country.ZAF.value,REG-INDUSTRIAL-BASE_YEAR_VOLUME,"""2.5e9""",litres per year (diesel),"PROVISIONAL — derived as residual of (xlsx total diesel - vehicles - OCGT - marine - agri); awaits proper sourcing (DMRE energy balances, mining sector reports, manufacturing energy intensity studies). See docs/methodology/params_sourcing.md",,nigel.zhuwaki,,unreviewed,unassessed,2026,EXC-INDUSTRIAL-BASE_YEAR_VOLUME
LOC-46b7fbe95800,industrial.base_year_volume.by_country.ZAF.year,REG-INDUSTRIAL-BASE_YEAR_VOLUME,2024,litres per year (diesel),"PROVISIONAL — derived as residual of (xlsx total diesel - vehicles - OCGT - marine - agri); awaits proper sourcing (DMRE energy balances, mining sector reports, manufacturing energy intensity studies). See docs/methodology/params_sourcing.md",,nigel.zhuwaki,,unreviewed,unassessed,2026,EXC-INDUSTRIAL-BASE_YEAR_VOLUME
LOC-ea6339917ea3,industrial.base_year_volume.by_country.BWA.value,REG-INDUSTRIAL-BASE_YEAR_VOLUME,null,litres per year (diesel),"PROVISIONAL — derived as residual of (xlsx total diesel - vehicles - OCGT - marine - agri); awaits proper sourcing (DMRE energy balances, mining sector reports, manufacturing energy intensity studies). See docs/methodology/params_sourcing.md",,nigel.zhuwaki,,unreviewed,unassessed,2026,EXC-INDUSTRIAL-BASE_YEAR_VOLUME
LOC-eee0a0b1543b,industrial.base_year_volume.by_country.BWA.year,REG-INDUSTRIAL-BASE_YEAR_VOLUME,null,litres per year (diesel),"PROVISIONAL — derived as residual of (xlsx total diesel - vehicles - OCGT - marine - agri); awaits proper sourcing (DMRE energy balances, mining sector reports, manufacturing energy intensity studies). See docs/methodology/params_sourcing.md",,nigel.zhuwaki,,unreviewed,unassessed,2026,EXC-INDUSTRIAL-BASE_YEAR_VOLUME
LOC-796ad1861bdf,industrial.base_year_volume.by_country.LSO.value,REG-INDUSTRIAL-BASE_YEAR_VOLUME,null,litres per year (diesel),"PROVISIONAL — derived as residual of (xlsx total diesel - vehicles - OCGT - marine - agri); awaits proper sourcing (DMRE energy balances, mining sector reports, manufacturing energy intensity studies). See docs/methodology/params_sourcing.md",,nigel.zhuwaki,,unreviewed,unassessed,2026,EXC-INDUSTRIAL-BASE_YEAR_VOLUME
LOC-1c14f16ced8b,industrial.base_year_volume.by_country.LSO.year,REG-INDUSTRIAL-BASE_YEAR_VOLUME,null,litres per year (diesel),"PROVISIONAL — derived as residual of (xlsx total diesel - vehicles - OCGT - marine - agri); awaits proper sourcing (DMRE energy balances, mining sector reports, manufacturing energy intensity studies). See docs/methodology/params_sourcing.md",,nigel.zhuwaki,,unreviewed,unassessed,2026,EXC-INDUSTRIAL-BASE_YEAR_VOLUME
LOC-69db13151c0f,industrial.base_year_volume.by_country.NAM.value,REG-INDUSTRIAL-BASE_YEAR_VOLUME,null,litres per year (diesel),"PROVISIONAL — derived as residual of (xlsx total diesel - vehicles - OCGT - marine - agri); awaits proper sourcing (DMRE energy balances, mining sector reports, manufacturing energy intensity studies). See docs/methodology/params_sourcing.md",,nigel.zhuwaki,,unreviewed,unassessed,2026,EXC-INDUSTRIAL-BASE_YEAR_VOLUME
LOC-315ea5647014,industrial.base_year_volume.by_country.NAM.year,REG-INDUSTRIAL-BASE_YEAR_VOLUME,null,litres per year (diesel),"PROVISIONAL — derived as residual of (xlsx total diesel - vehicles - OCGT - marine - agri); awaits proper sourcing (DMRE energy balances, mining sector reports, manufacturing energy intensity studies). See docs/methodology/params_sourcing.md",,nigel.zhuwaki,,unreviewed,unassessed,2026,EXC-INDUSTRIAL-BASE_YEAR_VOLUME
LOC-9066973a41df,industrial.base_year_volume.by_country.SWZ.value,REG-INDUSTRIAL-BASE_YEAR_VOLUME,null,litres per year (diesel),"PROVISIONAL — derived as residual of (xlsx total diesel - vehicles - OCGT - marine - agri); awaits proper sourcing (DMRE energy balances, mining sector reports, manufacturing energy intensity studies). See docs/methodology/params_sourcing.md",,nigel.zhuwaki,,unreviewed,unassessed,2026,EXC-INDUSTRIAL-BASE_YEAR_VOLUME
LOC-7c3600bd05fe,industrial.base_year_volume.by_country.SWZ.year,REG-INDUSTRIAL-BASE_YEAR_VOLUME,null,litres per year (diesel),"PROVISIONAL — derived as residual of (xlsx total diesel - vehicles - OCGT - marine - agri); awaits proper sourcing (DMRE energy balances, mining sector reports, manufacturing energy intensity studies). See docs/methodology/params_sourcing.md",,nigel.zhuwaki,,unreviewed,unassessed,2026,EXC-INDUSTRIAL-BASE_YEAR_VOLUME
LOC-e636b64d8eb4,industrial.elasticity.by_country.ZAF,REG-INDUSTRIAL-ELASTICITY,1.0,dimensionless (response of diesel demand to GDP/capita),PROVISIONAL — literature mid-range; varies 0.5–1.2 across studies. See docs/methodology/params_sourcing.md,,nigel.zhuwaki,,unreviewed,unassessed,2026,EXC-INDUSTRIAL-ELASTICITY
LOC-33943eb7eb50,industrial.elasticity.by_country.BWA,REG-INDUSTRIAL-ELASTICITY,null,dimensionless (response of diesel demand to GDP/capita),PROVISIONAL — literature mid-range; varies 0.5–1.2 across studies. See docs/methodology/params_sourcing.md,,nigel.zhuwaki,,unreviewed,unassessed,2026,EXC-INDUSTRIAL-ELASTICITY
LOC-922e1657f306,industrial.elasticity.by_country.LSO,REG-INDUSTRIAL-ELASTICITY,null,dimensionless (response of diesel demand to GDP/capita),PROVISIONAL — literature mid-range; varies 0.5–1.2 across studies. See docs/methodology/params_sourcing.md,,nigel.zhuwaki,,unreviewed,unassessed,2026,EXC-INDUSTRIAL-ELASTICITY
LOC-7602f34ef2bf,industrial.elasticity.by_country.NAM,REG-INDUSTRIAL-ELASTICITY,null,dimensionless (response of diesel demand to GDP/capita),PROVISIONAL — literature mid-range; varies 0.5–1.2 across studies. See docs/methodology/params_sourcing.md,,nigel.zhuwaki,,unreviewed,unassessed,2026,EXC-INDUSTRIAL-ELASTICITY
LOC-0583256eafa5,industrial.elasticity.by_country.SWZ,REG-INDUSTRIAL-ELASTICITY,null,dimensionless (response of diesel demand to GDP/capita),PROVISIONAL — literature mid-range; varies 0.5–1.2 across studies. See docs/methodology/params_sourcing.md,,nigel.zhuwaki,,unreviewed,unassessed,2026,EXC-INDUSTRIAL-ELASTICITY
LOC-441a5f4b1005,industrial.product.default,REG-INDUSTRIAL-PRODUCT,"""diesel_50ppm""",product code,Legacy configuration; original source not recorded,,nigel.zhuwaki,,unreviewed,unassessed,2026,EXC-INDUSTRIAL-PRODUCT
LOC-3f7fcccb9bc3,industrial.seasonality.by_country.ZAF,REG-INDUSTRIAL-SEASONALITY,null,not recorded,TBD (would be fitted from monthly DMRE wholesale data per region),,nigel.zhuwaki,,unreviewed,unassessed,2026,EXC-INDUSTRIAL-SEASONALITY
LOC-264823e51e60,industrial.seasonality.by_country.BWA,REG-INDUSTRIAL-SEASONALITY,null,not recorded,TBD (would be fitted from monthly DMRE wholesale data per region),,nigel.zhuwaki,,unreviewed,unassessed,2026,EXC-INDUSTRIAL-SEASONALITY
LOC-7468e8cd1769,industrial.seasonality.by_country.LSO,REG-INDUSTRIAL-SEASONALITY,null,not recorded,TBD (would be fitted from monthly DMRE wholesale data per region),,nigel.zhuwaki,,unreviewed,unassessed,2026,EXC-INDUSTRIAL-SEASONALITY
LOC-d1a22f42605c,industrial.seasonality.by_country.NAM,REG-INDUSTRIAL-SEASONALITY,null,not recorded,TBD (would be fitted from monthly DMRE wholesale data per region),,nigel.zhuwaki,,unreviewed,unassessed,2026,EXC-INDUSTRIAL-SEASONALITY
LOC-fb5041d9631c,industrial.seasonality.by_country.SWZ,REG-INDUSTRIAL-SEASONALITY,null,not recorded,TBD (would be fitted from monthly DMRE wholesale data per region),,nigel.zhuwaki,,unreviewed,unassessed,2026,EXC-INDUSTRIAL-SEASONALITY
LOC-404e50a491f1,"macro.gdp.csv[1:{""country"": ""ZAF"", ""period"": ""2005"", ""scenario"": ""shared""}]",REG-MACRO-GDP,"""3411409882751.5645""",ZAR (constant 2015),Vopak/Reatile xlsx (GDP named range); BLNS to be sourced,2025-03-24,nigel.zhuwaki,,unreviewed,unassessed,2026,EXC-MACRO-GDP
LOC-6f5096e9a77b,"macro.gdp.csv[2:{""country"": ""ZAF"", ""period"": ""2006"", ""scenario"": ""shared""}]",REG-MACRO-GDP,"""3602578678405.883""",ZAR (constant 2015),Vopak/Reatile xlsx (GDP named range); BLNS to be sourced,2025-03-24,nigel.zhuwaki,,unreviewed,unassessed,2026,EXC-MACRO-GDP
LOC-7127c783362a,"macro.gdp.csv[3:{""country"": ""ZAF"", ""period"": ""2007"", ""scenario"": ""shared""}]",REG-MACRO-GDP,"""3602578678405.883""",ZAR (constant 2015),Vopak/Reatile xlsx (GDP named range); BLNS to be sourced,2025-03-24,nigel.zhuwaki,,unreviewed,unassessed,2026,EXC-MACRO-GDP
LOC-b7b29561701f,"macro.gdp.csv[4:{""country"": ""ZAF"", ""period"": ""2008"", ""scenario"": ""shared""}]",REG-MACRO-GDP,"""3916816252461.046""",ZAR (constant 2015),Vopak/Reatile xlsx (GDP named range); BLNS to be sourced,2025-03-24,nigel.zhuwaki,,unreviewed,unassessed,2026,EXC-MACRO-GDP
LOC-e377526c7f98,"macro.gdp.csv[5:{""country"": ""ZAF"", ""period"": ""2009"", ""scenario"": ""shared""}]",REG-MACRO-GDP,"""3856572134210.3213""",ZAR (constant 2015),Vopak/Reatile xlsx (GDP named range); BLNS to be sourced,2025-03-24,nigel.zhuwaki,,unreviewed,unassessed,2026,EXC-MACRO-GDP
LOC-b8ac2e99bb9a,"macro.gdp.csv[6:{""country"": ""ZAF"", ""period"": ""2010"", ""scenario"": ""shared""}]",REG-MACRO-GDP,"""3973801603311.196""",ZAR (constant 2015),Vopak/Reatile xlsx (GDP named range); BLNS to be sourced,2025-03-24,nigel.zhuwaki,,unreviewed,unassessed,2026,EXC-MACRO-GDP
LOC-43517d077636,"macro.gdp.csv[7:{""country"": ""ZAF"", ""period"": ""2011"", ""scenario"": ""shared""}]",REG-MACRO-GDP,"""4099713743523.5083""",ZAR (constant 2015),Vopak/Reatile xlsx (GDP named range); BLNS to be sourced,2025-03-24,nigel.zhuwaki,,unreviewed,unassessed,2026,EXC-MACRO-GDP
LOC-6033db74840d,"macro.gdp.csv[8:{""country"": ""ZAF"", ""period"": ""2012"", ""scenario"": ""shared""}]",REG-MACRO-GDP,"""4197952411913.467""",ZAR (constant 2015),Vopak/Reatile xlsx (GDP named range); BLNS to be sourced,2025-03-24,nigel.zhuwaki,,unreviewed,unassessed,2026,EXC-MACRO-GDP
LOC-f0c0a085d5b5,"macro.gdp.csv[9:{""country"": ""ZAF"", ""period"": ""2013"", ""scenario"": ""shared""}]",REG-MACRO-GDP,"""4302291176143.1406""",ZAR (constant 2015),Vopak/Reatile xlsx (GDP named range); BLNS to be sourced,2025-03-24,nigel.zhuwaki,,unreviewed,unassessed,2026,EXC-MACRO-GDP
LOC-e44282f05e5b,"macro.gdp.csv[10:{""country"": ""ZAF"", ""period"": ""2014"", ""scenario"": ""shared""}]",REG-MACRO-GDP,"""4363118106800.599""",ZAR (constant 2015),Vopak/Reatile xlsx (GDP named range); BLNS to be sourced,2025-03-24,nigel.zhuwaki,,unreviewed,unassessed,2026,EXC-MACRO-GDP
LOC-6f708b7ecf4b,"macro.gdp.csv[11:{""country"": ""ZAF"", ""period"": ""2015"", ""scenario"": ""shared""}]",REG-MACRO-GDP,"""4420792517414.472""",ZAR (constant 2015),Vopak/Reatile xlsx (GDP named range); BLNS to be sourced,2025-03-24,nigel.zhuwaki,,unreviewed,unassessed,2026,EXC-MACRO-GDP
LOC-60d2c83baf1e,"macro.gdp.csv[12:{""country"": ""ZAF"", ""period"": ""2016"", ""scenario"": ""shared""}]",REG-MACRO-GDP,"""4450170996114.515""",ZAR (constant 2015),Vopak/Reatile xlsx (GDP named range); BLNS to be sourced,2025-03-24,nigel.zhuwaki,,unreviewed,unassessed,2026,EXC-MACRO-GDP
LOC-3c8ffbbb3837,"macro.gdp.csv[13:{""country"": ""ZAF"", ""period"": ""2017"", ""scenario"": ""shared""}]",REG-MACRO-GDP,"""4501701615484.83""",ZAR (constant 2015),Vopak/Reatile xlsx (GDP named range); BLNS to be sourced,2025-03-24,nigel.zhuwaki,,unreviewed,unassessed,2026,EXC-MACRO-GDP
LOC-e51b900d371e,"macro.gdp.csv[14:{""country"": ""ZAF"", ""period"": ""2018"", ""scenario"": ""shared""}]",REG-MACRO-GDP,"""4568669710783.134""",ZAR (constant 2015),Vopak/Reatile xlsx (GDP named range); BLNS to be sourced,2025-03-24,nigel.zhuwaki,,unreviewed,unassessed,2026,EXC-MACRO-GDP
LOC-c21eab147415,"macro.gdp.csv[15:{""country"": ""ZAF"", ""period"": ""2019"", ""scenario"": ""shared""}]",REG-MACRO-GDP,"""4573834760819.281""",ZAR (constant 2015),Vopak/Reatile xlsx (GDP named range); BLNS to be sourced,2025-03-24,nigel.zhuwaki,,unreviewed,unassessed,2026,EXC-MACRO-GDP
LOC-cf2470db8991,"macro.gdp.csv[16:{""country"": ""ZAF"", ""period"": ""2020"", ""scenario"": ""shared""}]",REG-MACRO-GDP,"""4279646860386.556""",ZAR (constant 2015),Vopak/Reatile xlsx (GDP named range); BLNS to be sourced,2025-03-24,nigel.zhuwaki,,unreviewed,unassessed,2026,EXC-MACRO-GDP
LOC-82040886ab7c,"macro.gdp.csv[17:{""country"": ""ZAF"", ""period"": ""2021"", ""scenario"": ""shared""}]",REG-MACRO-GDP,"""4513043919695.861""",ZAR (constant 2015),Vopak/Reatile xlsx (GDP named range); BLNS to be sourced,2025-03-24,nigel.zhuwaki,,unreviewed,unassessed,2026,EXC-MACRO-GDP
LOC-658b0e2b002a,"macro.gdp.csv[18:{""country"": ""ZAF"", ""period"": ""2022"", ""scenario"": ""shared""}]",REG-MACRO-GDP,"""4599261389164.597""",ZAR (constant 2015),Vopak/Reatile xlsx (GDP named range); BLNS to be sourced,2025-03-24,nigel.zhuwaki,,unreviewed,unassessed,2026,EXC-MACRO-GDP
LOC-56ffd0dde550,"macro.gdp.csv[19:{""country"": ""ZAF"", ""period"": ""2023"", ""scenario"": ""shared""}]",REG-MACRO-GDP,"""4638499639146.34""",ZAR (constant 2015),Vopak/Reatile xlsx (GDP named range); BLNS to be sourced,2025-03-24,nigel.zhuwaki,,unreviewed,unassessed,2026,EXC-MACRO-GDP
LOC-5d5868c492b6,"macro.gdp.csv[20:{""country"": ""ZAF"", ""period"": ""2024"", ""scenario"": ""shared""}]",REG-MACRO-GDP,"""4659294000000""",ZAR (constant 2015),Vopak/Reatile xlsx (GDP named range); BLNS to be sourced,2025-03-24,nigel.zhuwaki,,unreviewed,unassessed,2026,EXC-MACRO-GDP
LOC-591b23ddd9b8,"macro.gdp.csv[21:{""country"": ""ZAF"", ""period"": ""2025"", ""scenario"": ""shared""}]",REG-MACRO-GDP,"""4679355000000""",ZAR (constant 2015),Vopak/Reatile xlsx (GDP named range); BLNS to be sourced,2025-03-24,nigel.zhuwaki,,unreviewed,unassessed,2026,EXC-MACRO-GDP
LOC-31ba16a4166f,"macro.gdp.csv[22:{""country"": ""ZAF"", ""period"": ""2026"", ""scenario"": ""high_demand""}]",REG-MACRO-GDP,"""4754224680000""",ZAR (constant 2015),Vopak/Reatile xlsx (GDP named range); BLNS to be sourced,2025-03-24,nigel.zhuwaki,,unreviewed,unassessed,2026,EXC-MACRO-GDP
LOC-8aa631161bed,"macro.gdp.csv[23:{""country"": ""ZAF"", ""period"": ""2026"", ""scenario"": ""low_demand""}]",REG-MACRO-GDP,"""4726148550000""",ZAR (constant 2015),Vopak/Reatile xlsx (GDP named range); BLNS to be sourced,2025-03-24,nigel.zhuwaki,,unreviewed,unassessed,2026,EXC-MACRO-GDP
LOC-cb904d9e718a,"macro.gdp.csv[24:{""country"": ""ZAF"", ""period"": ""2027"", ""scenario"": ""high_demand""}]",REG-MACRO-GDP,"""4830292274880""",ZAR (constant 2015),Vopak/Reatile xlsx (GDP named range); BLNS to be sourced,2025-03-24,nigel.zhuwaki,,unreviewed,unassessed,2026,EXC-MACRO-GDP
LOC-ff0aa4191e0c,"macro.gdp.csv[25:{""country"": ""ZAF"", ""period"": ""2027"", ""scenario"": ""low_demand""}]",REG-MACRO-GDP,"""4773410035500""",ZAR (constant 2015),Vopak/Reatile xlsx (GDP named range); BLNS to be sourced,2025-03-24,nigel.zhuwaki,,unreviewed,unassessed,2026,EXC-MACRO-GDP
LOC-733b343ef4c9,"macro.gdp.csv[26:{""country"": ""ZAF"", ""period"": ""2028"", ""scenario"": ""high_demand""}]",REG-MACRO-GDP,"""4907576951278.08""",ZAR (constant 2015),Vopak/Reatile xlsx (GDP named range); BLNS to be sourced,2025-03-24,nigel.zhuwaki,,unreviewed,unassessed,2026,EXC-MACRO-GDP
LOC-681c7fbc000d,"macro.gdp.csv[27:{""country"": ""ZAF"", ""period"": ""2028"", ""scenario"": ""low_demand""}]",REG-MACRO-GDP,"""4821144135855""",ZAR (constant 2015),Vopak/Reatile xlsx (GDP named range); BLNS to be sourced,2025-03-24,nigel.zhuwaki,,unreviewed,unassessed,2026,EXC-MACRO-GDP
LOC-1c8fefaa546e,"macro.gdp.csv[28:{""country"": ""ZAF"", ""period"": ""2029"", ""scenario"": ""high_demand""}]",REG-MACRO-GDP,"""4986098182498.529""",ZAR (constant 2015),Vopak/Reatile xlsx (GDP named range); BLNS to be sourced,2025-03-24,nigel.zhuwaki,,unreviewed,unassessed,2026,EXC-MACRO-GDP
LOC-ae20be76c4b7,"macro.gdp.csv[29:{""country"": ""ZAF"", ""period"": ""2029"", ""scenario"": ""low_demand""}]",REG-MACRO-GDP,"""4869355577213.55""",ZAR (constant 2015),Vopak/Reatile xlsx (GDP named range); BLNS to be sourced,2025-03-24,nigel.zhuwaki,,unreviewed,unassessed,2026,EXC-MACRO-GDP
LOC-7a38359ff113,"macro.gdp.csv[30:{""country"": ""ZAF"", ""period"": ""2030"", ""scenario"": ""high_demand""}]",REG-MACRO-GDP,"""5065875753418.506""",ZAR (constant 2015),Vopak/Reatile xlsx (GDP named range); BLNS to be sourced,2025-03-24,nigel.zhuwaki,,unreviewed,unassessed,2026,EXC-MACRO-GDP
LOC-4b71fadc9dc1,"macro.gdp.csv[31:{""country"": ""ZAF"", ""period"": ""2030"", ""scenario"": ""low_demand""}]",REG-MACRO-GDP,"""4918049132985.686""",ZAR (constant 2015),Vopak/Reatile xlsx (GDP named range); BLNS to be sourced,2025-03-24,nigel.zhuwaki,,unreviewed,unassessed,2026,EXC-MACRO-GDP
LOC-7ad54f74b95a,"macro.gdp.csv[32:{""country"": ""ZAF"", ""period"": ""2031"", ""scenario"": ""high_demand""}]",REG-MACRO-GDP,"""5146929765473.202""",ZAR (constant 2015),Vopak/Reatile xlsx (GDP named range); BLNS to be sourced,2025-03-24,nigel.zhuwaki,,unreviewed,unassessed,2026,EXC-MACRO-GDP
LOC-e37b0d479ca7,"macro.gdp.csv[33:{""country"": ""ZAF"", ""period"": ""2031"", ""scenario"": ""low_demand""}]",REG-MACRO-GDP,"""4967229624315.542""",ZAR (constant 2015),Vopak/Reatile xlsx (GDP named range); BLNS to be sourced,2025-03-24,nigel.zhuwaki,,unreviewed,unassessed,2026,EXC-MACRO-GDP
LOC-a3ec9c0ac219,"macro.gdp.csv[34:{""country"": ""ZAF"", ""period"": ""2032"", ""scenario"": ""high_demand""}]",REG-MACRO-GDP,"""5229280641720.773""",ZAR (constant 2015),Vopak/Reatile xlsx (GDP named range); BLNS to be sourced,2025-03-24,nigel.zhuwaki,,unreviewed,unassessed,2026,EXC-MACRO-GDP
LOC-365299fdd71f,"macro.gdp.csv[35:{""country"": ""ZAF"", ""period"": ""2032"", ""scenario"": ""low_demand""}]",REG-MACRO-GDP,"""5016901920558.697""",ZAR (constant 2015),Vopak/Reatile xlsx (GDP named range); BLNS to be sourced,2025-03-24,nigel.zhuwaki,,unreviewed,unassessed,2026,EXC-MACRO-GDP
LOC-f31332ef761f,"macro.gdp.csv[36:{""country"": ""ZAF"", ""period"": ""2033"", ""scenario"": ""high_demand""}]",REG-MACRO-GDP,"""5312949131988.306""",ZAR (constant 2015),Vopak/Reatile xlsx (GDP named range); BLNS to be sourced,2025-03-24,nigel.zhuwaki,,unreviewed,unassessed,2026,EXC-MACRO-GDP
LOC-9889c8bddafa,"macro.gdp.csv[37:{""country"": ""ZAF"", ""period"": ""2033"", ""scenario"": ""low_demand""}]",REG-MACRO-GDP,"""5067070939764.284""",ZAR (constant 2015),Vopak/Reatile xlsx (GDP named range); BLNS to be sourced,2025-03-24,nigel.zhuwaki,,unreviewed,unassessed,2026,EXC-MACRO-GDP
LOC-9560395764a9,"macro.gdp.csv[38:{""country"": ""ZAF"", ""period"": ""2034"", ""scenario"": ""high_demand""}]",REG-MACRO-GDP,"""5397956318100.118""",ZAR (constant 2015),Vopak/Reatile xlsx (GDP named range); BLNS to be sourced,2025-03-24,nigel.zhuwaki,,unreviewed,unassessed,2026,EXC-MACRO-GDP
LOC-4caf41b6b5b7,"macro.gdp.csv[39:{""country"": ""ZAF"", ""period"": ""2034"", ""scenario"": ""low_demand""}]",REG-MACRO-GDP,"""5117741649161.927""",ZAR (constant 2015),Vopak/Reatile xlsx (GDP named range); BLNS to be sourced,2025-03-24,nigel.zhuwaki,,unreviewed,unassessed,2026,EXC-MACRO-GDP
LOC-307ee52e5ea6,"macro.gdp.csv[40:{""country"": ""ZAF"", ""period"": ""2035"", ""scenario"": ""high_demand""}]",REG-MACRO-GDP,"""5484323619189.72""",ZAR (constant 2015),Vopak/Reatile xlsx (GDP named range); BLNS to be sourced,2025-03-24,nigel.zhuwaki,,unreviewed,unassessed,2026,EXC-MACRO-GDP
LOC-d0d8285fe228,"macro.gdp.csv[41:{""country"": ""ZAF"", ""period"": ""2035"", ""scenario"": ""low_demand""}]",REG-MACRO-GDP,"""5168919065653.546""",ZAR (constant 2015),Vopak/Reatile xlsx (GDP named range); BLNS to be sourced,2025-03-24,nigel.zhuwaki,,unreviewed,unassessed,2026,EXC-MACRO-GDP
LOC-c79bcc5bd9d3,"macro.gdp.csv[42:{""country"": ""ZAF"", ""period"": ""2036"", ""scenario"": ""high_demand""}]",REG-MACRO-GDP,"""5572072797096.755""",ZAR (constant 2015),Vopak/Reatile xlsx (GDP named range); BLNS to be sourced,2025-03-24,nigel.zhuwaki,,unreviewed,unassessed,2026,EXC-MACRO-GDP
LOC-daee210c2039,"macro.gdp.csv[43:{""country"": ""ZAF"", ""period"": ""2036"", ""scenario"": ""low_demand""}]",REG-MACRO-GDP,"""5220608256310.081""",ZAR (constant 2015),Vopak/Reatile xlsx (GDP named range); BLNS to be sourced,2025-03-24,nigel.zhuwaki,,unreviewed,unassessed,2026,EXC-MACRO-GDP
LOC-5c866b22fc95,"macro.gdp.csv[44:{""country"": ""ZAF"", ""period"": ""2037"", ""scenario"": ""high_demand""}]",REG-MACRO-GDP,"""5661225961850.303""",ZAR (constant 2015),Vopak/Reatile xlsx (GDP named range); BLNS to be sourced,2025-03-24,nigel.zhuwaki,,unreviewed,unassessed,2026,EXC-MACRO-GDP
LOC-1ce3e92cde54,"macro.gdp.csv[45:{""country"": ""ZAF"", ""period"": ""2037"", ""scenario"": ""low_demand""}]",REG-MACRO-GDP,"""5272814338873.182""",ZAR (constant 2015),Vopak/Reatile xlsx (GDP named range); BLNS to be sourced,2025-03-24,nigel.zhuwaki,,unreviewed,unassessed,2026,EXC-MACRO-GDP
LOC-d4c85d63558c,"macro.gdp.csv[46:{""country"": ""ZAF"", ""period"": ""2038"", ""scenario"": ""high_demand""}]",REG-MACRO-GDP,"""5751805577239.907""",ZAR (constant 2015),Vopak/Reatile xlsx (GDP named range); BLNS to be sourced,2025-03-24,nigel.zhuwaki,,unreviewed,unassessed,2026,EXC-MACRO-GDP
LOC-8731257d6894,"macro.gdp.csv[47:{""country"": ""ZAF"", ""period"": ""2038"", ""scenario"": ""low_demand""}]",REG-MACRO-GDP,"""5325542482261.913""",ZAR (constant 2015),Vopak/Reatile xlsx (GDP named range); BLNS to be sourced,2025-03-24,nigel.zhuwaki,,unreviewed,unassessed,2026,EXC-MACRO-GDP
LOC-4799d02cd480,"macro.gdp.csv[48:{""country"": ""ZAF"", ""period"": ""2039"", ""scenario"": ""high_demand""}]",REG-MACRO-GDP,"""5843834466475.746""",ZAR (constant 2015),Vopak/Reatile xlsx (GDP named range); BLNS to be sourced,2025-03-24,nigel.zhuwaki,,unreviewed,unassessed,2026,EXC-MACRO-GDP
LOC-de0ab16c8a81,"macro.gdp.csv[49:{""country"": ""ZAF"", ""period"": ""2039"", ""scenario"": ""low_demand""}]",REG-MACRO-GDP,"""5378797907084.532""",ZAR (constant 2015),Vopak/Reatile xlsx (GDP named range); BLNS to be sourced,2025-03-24,nigel.zhuwaki,,unreviewed,unassessed,2026,EXC-MACRO-GDP
LOC-574a4c11a553,"macro.gdp.csv[50:{""country"": ""ZAF"", ""period"": ""2040"", ""scenario"": ""high_demand""}]",REG-MACRO-GDP,"""5937335817939.358""",ZAR (constant 2015),Vopak/Reatile xlsx (GDP named range); BLNS to be sourced,2025-03-24,nigel.zhuwaki,,unreviewed,unassessed,2026,EXC-MACRO-GDP
LOC-573719d3aeea,"macro.gdp.csv[51:{""country"": ""ZAF"", ""period"": ""2040"", ""scenario"": ""low_demand""}]",REG-MACRO-GDP,"""5432585886155.378""",ZAR (constant 2015),Vopak/Reatile xlsx (GDP named range); BLNS to be sourced,2025-03-24,nigel.zhuwaki,,unreviewed,unassessed,2026,EXC-MACRO-GDP
LOC-1b8c8a04a5bb,"macro.gdp.csv[52:{""country"": ""ZAF"", ""period"": ""2041"", ""scenario"": ""high_demand""}]",REG-MACRO-GDP,"""6032333191026.389""",ZAR (constant 2015),Vopak/Reatile xlsx (GDP named range); BLNS to be sourced,2025-03-24,nigel.zhuwaki,,unreviewed,unassessed,2026,EXC-MACRO-GDP
LOC-1780b2691c55,"macro.gdp.csv[53:{""country"": ""ZAF"", ""period"": ""2041"", ""scenario"": ""low_demand""}]",REG-MACRO-GDP,"""5486911745016.932""",ZAR (constant 2015),Vopak/Reatile xlsx (GDP named range); BLNS to be sourced,2025-03-24,nigel.zhuwaki,,unreviewed,unassessed,2026,EXC-MACRO-GDP
LOC-276e867630bb,"macro.gdp.csv[54:{""country"": ""ZAF"", ""period"": ""2042"", ""scenario"": ""high_demand""}]",REG-MACRO-GDP,"""6128850522082.811""",ZAR (constant 2015),Vopak/Reatile xlsx (GDP named range); BLNS to be sourced,2025-03-24,nigel.zhuwaki,,unreviewed,unassessed,2026,EXC-MACRO-GDP
LOC-d506f560142b,"macro.gdp.csv[55:{""country"": ""ZAF"", ""period"": ""2042"", ""scenario"": ""low_demand""}]",REG-MACRO-GDP,"""5541780862467.101""",ZAR (constant 2015),Vopak/Reatile xlsx (GDP named range); BLNS to be sourced,2025-03-24,nigel.zhuwaki,,unreviewed,unassessed,2026,EXC-MACRO-GDP
LOC-47261e70f0ee,"macro.gdp.csv[56:{""country"": ""ZAF"", ""period"": ""2043"", ""scenario"": ""high_demand""}]",REG-MACRO-GDP,"""6226912130436.136""",ZAR (constant 2015),Vopak/Reatile xlsx (GDP named range); BLNS to be sourced,2025-03-24,nigel.zhuwaki,,unreviewed,unassessed,2026,EXC-MACRO-GDP
LOC-6b9479fef903,"macro.gdp.csv[57:{""country"": ""ZAF"", ""period"": ""2043"", ""scenario"": ""low_demand""}]",REG-MACRO-GDP,"""5597198671091.771""",ZAR (constant 2015),Vopak/Reatile xlsx (GDP named range); BLNS to be sourced,2025-03-24,nigel.zhuwaki,,unreviewed,unassessed,2026,EXC-MACRO-GDP
LOC-429a8886bb37,"macro.gdp.csv[58:{""country"": ""ZAF"", ""period"": ""2044"", ""scenario"": ""high_demand""}]",REG-MACRO-GDP,"""6326542724523.114""",ZAR (constant 2015),Vopak/Reatile xlsx (GDP named range); BLNS to be sourced,2025-03-24,nigel.zhuwaki,,unreviewed,unassessed,2026,EXC-MACRO-GDP
LOC-05d54fe8830b,"macro.gdp.csv[59:{""country"": ""ZAF"", ""period"": ""2044"", ""scenario"": ""low_demand""}]",REG-MACRO-GDP,"""5653170657802.689""",ZAR (constant 2015),Vopak/Reatile xlsx (GDP named range); BLNS to be sourced,2025-03-24,nigel.zhuwaki,,unreviewed,unassessed,2026,EXC-MACRO-GDP
LOC-7436279c520c,"macro.gdp.csv[60:{""country"": ""ZAF"", ""period"": ""2045"", ""scenario"": ""high_demand""}]",REG-MACRO-GDP,"""6427767408115.484""",ZAR (constant 2015),Vopak/Reatile xlsx (GDP named range); BLNS to be sourced,2025-03-24,nigel.zhuwaki,,unreviewed,unassessed,2026,EXC-MACRO-GDP
LOC-3b1e9cf12a4f,"macro.gdp.csv[61:{""country"": ""ZAF"", ""period"": ""2045"", ""scenario"": ""low_demand""}]",REG-MACRO-GDP,"""5709702364380.717""",ZAR (constant 2015),Vopak/Reatile xlsx (GDP named range); BLNS to be sourced,2025-03-24,nigel.zhuwaki,,unreviewed,unassessed,2026,EXC-MACRO-GDP
LOC-9edfff6a2e19,"macro.gdp.csv[62:{""country"": ""ZAF"", ""period"": ""2046"", ""scenario"": ""high_demand""}]",REG-MACRO-GDP,"""6530611686645.332""",ZAR (constant 2015),Vopak/Reatile xlsx (GDP named range); BLNS to be sourced,2025-03-24,nigel.zhuwaki,,unreviewed,unassessed,2026,EXC-MACRO-GDP
LOC-074186fcfa01,"macro.gdp.csv[63:{""country"": ""ZAF"", ""period"": ""2046"", ""scenario"": ""low_demand""}]",REG-MACRO-GDP,"""5766799388024.524""",ZAR (constant 2015),Vopak/Reatile xlsx (GDP named range); BLNS to be sourced,2025-03-24,nigel.zhuwaki,,unreviewed,unassessed,2026,EXC-MACRO-GDP
LOC-2407de605f7a,"macro.gdp.csv[64:{""country"": ""ZAF"", ""period"": ""2047"", ""scenario"": ""high_demand""}]",REG-MACRO-GDP,"""6635101473631.657""",ZAR (constant 2015),Vopak/Reatile xlsx (GDP named range); BLNS to be sourced,2025-03-24,nigel.zhuwaki,,unreviewed,unassessed,2026,EXC-MACRO-GDP
LOC-f242e35dac5f,"macro.gdp.csv[65:{""country"": ""ZAF"", ""period"": ""2047"", ""scenario"": ""low_demand""}]",REG-MACRO-GDP,"""5824467381904.77""",ZAR (constant 2015),Vopak/Reatile xlsx (GDP named range); BLNS to be sourced,2025-03-24,nigel.zhuwaki,,unreviewed,unassessed,2026,EXC-MACRO-GDP
LOC-9002e9d603c1,"macro.gdp.csv[66:{""country"": ""ZAF"", ""period"": ""2048"", ""scenario"": ""high_demand""}]",REG-MACRO-GDP,"""6741263097209.764""",ZAR (constant 2015),Vopak/Reatile xlsx (GDP named range); BLNS to be sourced,2025-03-24,nigel.zhuwaki,,unreviewed,unassessed,2026,EXC-MACRO-GDP
LOC-95f97e742c72,"macro.gdp.csv[67:{""country"": ""ZAF"", ""period"": ""2048"", ""scenario"": ""low_demand""}]",REG-MACRO-GDP,"""5882712055723.817""",ZAR (constant 2015),Vopak/Reatile xlsx (GDP named range); BLNS to be sourced,2025-03-24,nigel.zhuwaki,,unreviewed,unassessed,2026,EXC-MACRO-GDP
LOC-7c16138e811b,"macro.gdp.csv[68:{""country"": ""ZAF"", ""period"": ""2049"", ""scenario"": ""high_demand""}]",REG-MACRO-GDP,"""6849123306765.12""",ZAR (constant 2015),Vopak/Reatile xlsx (GDP named range); BLNS to be sourced,2025-03-24,nigel.zhuwaki,,unreviewed,unassessed,2026,EXC-MACRO-GDP
LOC-b1cbcec03fb8,"macro.gdp.csv[69:{""country"": ""ZAF"", ""period"": ""2049"", ""scenario"": ""low_demand""}]",REG-MACRO-GDP,"""5941539176281.056""",ZAR (constant 2015),Vopak/Reatile xlsx (GDP named range); BLNS to be sourced,2025-03-24,nigel.zhuwaki,,unreviewed,unassessed,2026,EXC-MACRO-GDP
LOC-2c952665f96b,"macro.gdp.csv[70:{""country"": ""ZAF"", ""period"": ""2050"", ""scenario"": ""high_demand""}]",REG-MACRO-GDP,"""6958709279673.362""",ZAR (constant 2015),Vopak/Reatile xlsx (GDP named range); BLNS to be sourced,2025-03-24,nigel.zhuwaki,,unreviewed,unassessed,2026,EXC-MACRO-GDP
LOC-12b7b5bf736e,"macro.gdp.csv[71:{""country"": ""ZAF"", ""period"": ""2050"", ""scenario"": ""low_demand""}]",REG-MACRO-GDP,"""6000954568043.866""",ZAR (constant 2015),Vopak/Reatile xlsx (GDP named range); BLNS to be sourced,2025-03-24,nigel.zhuwaki,,unreviewed,unassessed,2026,EXC-MACRO-GDP
LOC-77f52dc86e7d,"macro.gdp_per_capita.csv[1:{""country"": ""ZAF"", ""period"": ""2005"", ""scenario"": ""shared""}]",REG-MACRO-GDP_PER_CAPITA,"""71248.2767340624""",ZAR (constant 2015) per capita,"Vopak/Reatile xlsx (GDP named range, GDP/capita columns); BLNS to be sourced",2025-03-24,nigel.zhuwaki,,unreviewed,unassessed,2026,EXC-MACRO-GDP_PER_CAPITA
LOC-a254762c7cf2,"macro.gdp_per_capita.csv[2:{""country"": ""ZAF"", ""period"": ""2006"", ""scenario"": ""shared""}]",REG-MACRO-GDP_PER_CAPITA,"""74296.11262368012""",ZAR (constant 2015) per capita,"Vopak/Reatile xlsx (GDP named range, GDP/capita columns); BLNS to be sourced",2025-03-24,nigel.zhuwaki,,unreviewed,unassessed,2026,EXC-MACRO-GDP_PER_CAPITA
LOC-67640e1601b7,"macro.gdp_per_capita.csv[3:{""country"": ""ZAF"", ""period"": ""2007"", ""scenario"": ""shared""}]",REG-MACRO-GDP_PER_CAPITA,"""77274.26804462152""",ZAR (constant 2015) per capita,"Vopak/Reatile xlsx (GDP named range, GDP/capita columns); BLNS to be sourced",2025-03-24,nigel.zhuwaki,,unreviewed,unassessed,2026,EXC-MACRO-GDP_PER_CAPITA
LOC-a430094fee4f,"macro.gdp_per_capita.csv[4:{""country"": ""ZAF"", ""period"": ""2008"", ""scenario"": ""shared""}]",REG-MACRO-GDP_PER_CAPITA,"""78683.36274159448""",ZAR (constant 2015) per capita,"Vopak/Reatile xlsx (GDP named range, GDP/capita columns); BLNS to be sourced",2025-03-24,nigel.zhuwaki,,unreviewed,unassessed,2026,EXC-MACRO-GDP_PER_CAPITA
LOC-dcaa16524c96,"macro.gdp_per_capita.csv[5:{""country"": ""ZAF"", ""period"": ""2009"", ""scenario"": ""shared""}]",REG-MACRO-GDP_PER_CAPITA,"""76402.54256348967""",ZAR (constant 2015) per capita,"Vopak/Reatile xlsx (GDP named range, GDP/capita columns); BLNS to be sourced",2025-03-24,nigel.zhuwaki,,unreviewed,unassessed,2026,EXC-MACRO-GDP_PER_CAPITA
LOC-9667c81a4247,"macro.gdp_per_capita.csv[6:{""country"": ""ZAF"", ""period"": ""2010"", ""scenario"": ""shared""}]",REG-MACRO-GDP_PER_CAPITA,"""77587.60106413947""",ZAR (constant 2015) per capita,"Vopak/Reatile xlsx (GDP named range, GDP/capita columns); BLNS to be sourced",2025-03-24,nigel.zhuwaki,,unreviewed,unassessed,2026,EXC-MACRO-GDP_PER_CAPITA
LOC-a3759de3d60f,"macro.gdp_per_capita.csv[7:{""country"": ""ZAF"", ""period"": ""2011"", ""scenario"": ""shared""}]",REG-MACRO-GDP_PER_CAPITA,"""78834.95005665856""",ZAR (constant 2015) per capita,"Vopak/Reatile xlsx (GDP named range, GDP/capita columns); BLNS to be sourced",2025-03-24,nigel.zhuwaki,,unreviewed,unassessed,2026,EXC-MACRO-GDP_PER_CAPITA
LOC-56616c472bd6,"macro.gdp_per_capita.csv[8:{""country"": ""ZAF"", ""period"": ""2012"", ""scenario"": ""shared""}]",REG-MACRO-GDP_PER_CAPITA,"""79457.52667707803""",ZAR (constant 2015) per capita,"Vopak/Reatile xlsx (GDP named range, GDP/capita columns); BLNS to be sourced",2025-03-24,nigel.zhuwaki,,unreviewed,unassessed,2026,EXC-MACRO-GDP_PER_CAPITA
LOC-4c49fa9b7b3f,"macro.gdp_per_capita.csv[9:{""country"": ""ZAF"", ""period"": ""2013"", ""scenario"": ""shared""}]",REG-MACRO-GDP_PER_CAPITA,"""80136.36744644346""",ZAR (constant 2015) per capita,"Vopak/Reatile xlsx (GDP named range, GDP/capita columns); BLNS to be sourced",2025-03-24,nigel.zhuwaki,,unreviewed,unassessed,2026,EXC-MACRO-GDP_PER_CAPITA
LOC-65d12557e6e0,"macro.gdp_per_capita.csv[10:{""country"": ""ZAF"", ""period"": ""2014"", ""scenario"": ""shared""}]",REG-MACRO-GDP_PER_CAPITA,"""79992.36191342783""",ZAR (constant 2015) per capita,"Vopak/Reatile xlsx (GDP named range, GDP/capita columns); BLNS to be sourced",2025-03-24,nigel.zhuwaki,,unreviewed,unassessed,2026,EXC-MACRO-GDP_PER_CAPITA
LOC-74facb98f0a0,"macro.gdp_per_capita.csv[11:{""country"": ""ZAF"", ""period"": ""2015"", ""scenario"": ""shared""}]",REG-MACRO-GDP_PER_CAPITA,"""79117.19955519178""",ZAR (constant 2015) per capita,"Vopak/Reatile xlsx (GDP named range, GDP/capita columns); BLNS to be sourced",2025-03-24,nigel.zhuwaki,,unreviewed,unassessed,2026,EXC-MACRO-GDP_PER_CAPITA
LOC-486b89a121b8,"macro.gdp_per_capita.csv[12:{""country"": ""ZAF"", ""period"": ""2016"", ""scenario"": ""shared""}]",REG-MACRO-GDP_PER_CAPITA,"""78872.59198582664""",ZAR (constant 2015) per capita,"Vopak/Reatile xlsx (GDP named range, GDP/capita columns); BLNS to be sourced",2025-03-24,nigel.zhuwaki,,unreviewed,unassessed,2026,EXC-MACRO-GDP_PER_CAPITA
LOC-ebaf442c51f4,"macro.gdp_per_capita.csv[13:{""country"": ""ZAF"", ""period"": ""2017"", ""scenario"": ""shared""}]",REG-MACRO-GDP_PER_CAPITA,"""79477.49731131857""",ZAR (constant 2015) per capita,"Vopak/Reatile xlsx (GDP named range, GDP/capita columns); BLNS to be sourced",2025-03-24,nigel.zhuwaki,,unreviewed,unassessed,2026,EXC-MACRO-GDP_PER_CAPITA
LOC-98802b7b338e,"macro.gdp_per_capita.csv[14:{""country"": ""ZAF"", ""period"": ""2018"", ""scenario"": ""shared""}]",REG-MACRO-GDP_PER_CAPITA,"""79677.34204766274""",ZAR (constant 2015) per capita,"Vopak/Reatile xlsx (GDP named range, GDP/capita columns); BLNS to be sourced",2025-03-24,nigel.zhuwaki,,unreviewed,unassessed,2026,EXC-MACRO-GDP_PER_CAPITA
LOC-1b4722122bc9,"macro.gdp_per_capita.csv[15:{""country"": ""ZAF"", ""period"": ""2019"", ""scenario"": ""shared""}]",REG-MACRO-GDP_PER_CAPITA,"""78741.03379521101""",ZAR (constant 2015) per capita,"Vopak/Reatile xlsx (GDP named range, GDP/capita columns); BLNS to be sourced",2025-03-24,nigel.zhuwaki,,unreviewed,unassessed,2026,EXC-MACRO-GDP_PER_CAPITA
LOC-5afd619f6298,"macro.gdp_per_capita.csv[16:{""country"": ""ZAF"", ""period"": ""2020"", ""scenario"": ""shared""}]",REG-MACRO-GDP_PER_CAPITA,"""72780.72469268832""",ZAR (constant 2015) per capita,"Vopak/Reatile xlsx (GDP named range, GDP/capita columns); BLNS to be sourced",2025-03-24,nigel.zhuwaki,,unreviewed,unassessed,2026,EXC-MACRO-GDP_PER_CAPITA
LOC-07ad7466bb3d,"macro.gdp_per_capita.csv[17:{""country"": ""ZAF"", ""period"": ""2021"", ""scenario"": ""shared""}]",REG-MACRO-GDP_PER_CAPITA,"""75987.07810801023""",ZAR (constant 2015) per capita,"Vopak/Reatile xlsx (GDP named range, GDP/capita columns); BLNS to be sourced",2025-03-24,nigel.zhuwaki,,unreviewed,unassessed,2026,EXC-MACRO-GDP_PER_CAPITA
LOC-86f757d1ab78,"macro.gdp_per_capita.csv[18:{""country"": ""ZAF"", ""period"": ""2022"", ""scenario"": ""shared""}]",REG-MACRO-GDP_PER_CAPITA,"""76790.1650122451""",ZAR (constant 2015) per capita,"Vopak/Reatile xlsx (GDP named range, GDP/capita columns); BLNS to be sourced",2025-03-24,nigel.zhuwaki,,unreviewed,unassessed,2026,EXC-MACRO-GDP_PER_CAPITA
LOC-e4948ebf7c41,"macro.gdp_per_capita.csv[19:{""country"": ""ZAF"", ""period"": ""2023"", ""scenario"": ""shared""}]",REG-MACRO-GDP_PER_CAPITA,"""76777.92621036293""",ZAR (constant 2015) per capita,"Vopak/Reatile xlsx (GDP named range, GDP/capita columns); BLNS to be sourced",2025-03-24,nigel.zhuwaki,,unreviewed,unassessed,2026,EXC-MACRO-GDP_PER_CAPITA
LOC-6d71d03278b3,"macro.gdp_per_capita.csv[20:{""country"": ""ZAF"", ""period"": ""2024"", ""scenario"": ""shared""}]",REG-MACRO-GDP_PER_CAPITA,"""76356.55727959426""",ZAR (constant 2015) per capita,"Vopak/Reatile xlsx (GDP named range, GDP/capita columns); BLNS to be sourced",2025-03-24,nigel.zhuwaki,,unreviewed,unassessed,2026,EXC-MACRO-GDP_PER_CAPITA
LOC-ee6203442872,"macro.gdp_per_capita.csv[21:{""country"": ""ZAF"", ""period"": ""2025"", ""scenario"": ""shared""}]",REG-MACRO-GDP_PER_CAPITA,"""75873.5403538539""",ZAR (constant 2015) per capita,"Vopak/Reatile xlsx (GDP named range, GDP/capita columns); BLNS to be sourced",2025-03-24,nigel.zhuwaki,,unreviewed,unassessed,2026,EXC-MACRO-GDP_PER_CAPITA
LOC-8bab2a16c267,"macro.gdp_per_capita.csv[22:{""country"": ""ZAF"", ""period"": ""2026"", ""scenario"": ""high_demand""}]",REG-MACRO-GDP_PER_CAPITA,"""76305.62080219547""",ZAR (constant 2015) per capita,"Vopak/Reatile xlsx (GDP named range, GDP/capita columns); BLNS to be sourced",2025-03-24,nigel.zhuwaki,,unreviewed,unassessed,2026,EXC-MACRO-GDP_PER_CAPITA
LOC-f911e1c9ae78,"macro.gdp_per_capita.csv[23:{""country"": ""ZAF"", ""period"": ""2026"", ""scenario"": ""low_demand""}]",REG-MACRO-GDP_PER_CAPITA,"""75854.99705730061""",ZAR (constant 2015) per capita,"Vopak/Reatile xlsx (GDP named range, GDP/capita columns); BLNS to be sourced",2025-03-24,nigel.zhuwaki,,unreviewed,unassessed,2026,EXC-MACRO-GDP_PER_CAPITA
LOC-c696c5008632,"macro.gdp_per_capita.csv[24:{""country"": ""ZAF"", ""period"": ""2027"", ""scenario"": ""high_demand""}]",REG-MACRO-GDP_PER_CAPITA,"""76770.1127412939""",ZAR (constant 2015) per capita,"Vopak/Reatile xlsx (GDP named range, GDP/capita columns); BLNS to be sourced",2025-03-24,nigel.zhuwaki,,unreviewed,unassessed,2026,EXC-MACRO-GDP_PER_CAPITA
LOC-e6394ebdd92a,"macro.gdp_per_capita.csv[25:{""country"": ""ZAF"", ""period"": ""2027"", ""scenario"": ""low_demand""}]",REG-MACRO-GDP_PER_CAPITA,"""75866.05648927581""",ZAR (constant 2015) per capita,"Vopak/Reatile xlsx (GDP named range, GDP/capita columns); BLNS to be sourced",2025-03-24,nigel.zhuwaki,,unreviewed,unassessed,2026,EXC-MACRO-GDP_PER_CAPITA
LOC-be404463d6af,"macro.gdp_per_capita.csv[26:{""country"": ""ZAF"", ""period"": ""2028"", ""scenario"": ""high_demand""}]",REG-MACRO-GDP_PER_CAPITA,"""77267.03031188184""",ZAR (constant 2015) per capita,"Vopak/Reatile xlsx (GDP named range, GDP/capita columns); BLNS to be sourced",2025-03-24,nigel.zhuwaki,,unreviewed,unassessed,2026,EXC-MACRO-GDP_PER_CAPITA
LOC-fa7924a29836,"macro.gdp_per_capita.csv[27:{""country"": ""ZAF"", ""period"": ""2028"", ""scenario"": ""low_demand""}]",REG-MACRO-GDP_PER_CAPITA,"""75906.194397226""",ZAR (constant 2015) per capita,"Vopak/Reatile xlsx (GDP named range, GDP/capita columns); BLNS to be sourced",2025-03-24,nigel.zhuwaki,,unreviewed,unassessed,2026,EXC-MACRO-GDP_PER_CAPITA
LOC-fdce9349a78c,"macro.gdp_per_capita.csv[28:{""country"": ""ZAF"", ""period"": ""2029"", ""scenario"": ""high_demand""}]",REG-MACRO-GDP_PER_CAPITA,"""77793.85014588524""",ZAR (constant 2015) per capita,"Vopak/Reatile xlsx (GDP named range, GDP/capita columns); BLNS to be sourced",2025-03-24,nigel.zhuwaki,,unreviewed,unassessed,2026,EXC-MACRO-GDP_PER_CAPITA
LOC-dd81e7b7bd65,"macro.gdp_per_capita.csv[29:{""country"": ""ZAF"", ""period"": ""2029"", ""scenario"": ""low_demand""}]",REG-MACRO-GDP_PER_CAPITA,"""75972.41454458526""",ZAR (constant 2015) per capita,"Vopak/Reatile xlsx (GDP named range, GDP/capita columns); BLNS to be sourced",2025-03-24,nigel.zhuwaki,,unreviewed,unassessed,2026,EXC-MACRO-GDP_PER_CAPITA
LOC-c88774142b77,"macro.gdp_per_capita.csv[30:{""country"": ""ZAF"", ""period"": ""2030"", ""scenario"": ""high_demand""}]",REG-MACRO-GDP_PER_CAPITA,"""78347.23662423984""",ZAR (constant 2015) per capita,"Vopak/Reatile xlsx (GDP named range, GDP/capita columns); BLNS to be sourced",2025-03-24,nigel.zhuwaki,,unreviewed,unassessed,2026,EXC-MACRO-GDP_PER_CAPITA
LOC-bc6313dd25b6,"macro.gdp_per_capita.csv[31:{""country"": ""ZAF"", ""period"": ""2030"", ""scenario"": ""low_demand""}]",REG-MACRO-GDP_PER_CAPITA,"""76060.99673716872""",ZAR (constant 2015) per capita,"Vopak/Reatile xlsx (GDP named range, GDP/capita columns); BLNS to be sourced",2025-03-24,nigel.zhuwaki,,unreviewed,unassessed,2026,EXC-MACRO-GDP_PER_CAPITA
LOC-2be44fe02399,"macro.gdp_per_capita.csv[32:{""country"": ""ZAF"", ""period"": ""2031"", ""scenario"": ""high_demand""}]",REG-MACRO-GDP_PER_CAPITA,"""78904.55961677714""",ZAR (constant 2015) per capita,"Vopak/Reatile xlsx (GDP named range, GDP/capita columns); BLNS to be sourced",2025-03-24,nigel.zhuwaki,,unreviewed,unassessed,2026,EXC-MACRO-GDP_PER_CAPITA
LOC-0c5d4f7bebc4,"macro.gdp_per_capita.csv[33:{""country"": ""ZAF"", ""period"": ""2031"", ""scenario"": ""low_demand""}]",REG-MACRO-GDP_PER_CAPITA,"""76149.68221467329""",ZAR (constant 2015) per capita,"Vopak/Reatile xlsx (GDP named range, GDP/capita columns); BLNS to be sourced",2025-03-24,nigel.zhuwaki,,unreviewed,unassessed,2026,EXC-MACRO-GDP_PER_CAPITA
LOC-fc8c6f0dfad9,"macro.gdp_per_capita.csv[34:{""country"": ""ZAF"", ""period"": ""2032"", ""scenario"": ""high_demand""}]",REG-MACRO-GDP_PER_CAPITA,"""79465.847125887""",ZAR (constant 2015) per capita,"Vopak/Reatile xlsx (GDP named range, GDP/capita columns); BLNS to be sourced",2025-03-24,nigel.zhuwaki,,unreviewed,unassessed,2026,EXC-MACRO-GDP_PER_CAPITA
LOC-64850330c8bc,"macro.gdp_per_capita.csv[35:{""country"": ""ZAF"", ""period"": ""2032"", ""scenario"": ""low_demand""}]",REG-MACRO-GDP_PER_CAPITA,"""76238.47109752694""",ZAR (constant 2015) per capita,"Vopak/Reatile xlsx (GDP named range, GDP/capita columns); BLNS to be sourced",2025-03-24,nigel.zhuwaki,,unreviewed,unassessed,2026,EXC-MACRO-GDP_PER_CAPITA
LOC-5c0e498e194f,"macro.gdp_per_capita.csv[36:{""country"": ""ZAF"", ""period"": ""2033"", ""scenario"": ""high_demand""}]",REG-MACRO-GDP_PER_CAPITA,"""80031.12735315424""",ZAR (constant 2015) per capita,"Vopak/Reatile xlsx (GDP named range, GDP/capita columns); BLNS to be sourced",2025-03-24,nigel.zhuwaki,,unreviewed,unassessed,2026,EXC-MACRO-GDP_PER_CAPITA
LOC-ecaae81c67e4,"macro.gdp_per_capita.csv[37:{""country"": ""ZAF"", ""period"": ""2033"", ""scenario"": ""low_demand""}]",REG-MACRO-GDP_PER_CAPITA,"""76327.3635062981""",ZAR (constant 2015) per capita,"Vopak/Reatile xlsx (GDP named range, GDP/capita columns); BLNS to be sourced",2025-03-24,nigel.zhuwaki,,unreviewed,unassessed,2026,EXC-MACRO-GDP_PER_CAPITA
LOC-f1646741c4e2,"macro.gdp_per_capita.csv[38:{""country"": ""ZAF"", ""period"": ""2034"", ""scenario"": ""high_demand""}]",REG-MACRO-GDP_PER_CAPITA,"""80600.42870077565""",ZAR (constant 2015) per capita,"Vopak/Reatile xlsx (GDP named range, GDP/capita columns); BLNS to be sourced",2025-03-24,nigel.zhuwaki,,unreviewed,unassessed,2026,EXC-MACRO-GDP_PER_CAPITA
LOC-35f1195c11f0,"macro.gdp_per_capita.csv[39:{""country"": ""ZAF"", ""period"": ""2034"", ""scenario"": ""low_demand""}]",REG-MACRO-GDP_PER_CAPITA,"""76416.35956169573""",ZAR (constant 2015) per capita,"Vopak/Reatile xlsx (GDP named range, GDP/capita columns); BLNS to be sourced",2025-03-24,nigel.zhuwaki,,unreviewed,unassessed,2026,EXC-MACRO-GDP_PER_CAPITA
LOC-e73c0ebacad7,"macro.gdp_per_capita.csv[40:{""country"": ""ZAF"", ""period"": ""2035"", ""scenario"": ""high_demand""}]",REG-MACRO-GDP_PER_CAPITA,"""81173.77977298702""",ZAR (constant 2015) per capita,"Vopak/Reatile xlsx (GDP named range, GDP/capita columns); BLNS to be sourced",2025-03-24,nigel.zhuwaki,,unreviewed,unassessed,2026,EXC-MACRO-GDP_PER_CAPITA
LOC-02128cb46c09,"macro.gdp_per_capita.csv[41:{""country"": ""ZAF"", ""period"": ""2035"", ""scenario"": ""low_demand""}]",REG-MACRO-GDP_PER_CAPITA,"""76505.45938456958""",ZAR (constant 2015) per capita,"Vopak/Reatile xlsx (GDP named range, GDP/capita columns); BLNS to be sourced",2025-03-24,nigel.zhuwaki,,unreviewed,unassessed,2026,EXC-MACRO-GDP_PER_CAPITA
LOC-895bc759a0ec,"macro.gdp_per_capita.csv[42:{""country"": ""ZAF"", ""period"": ""2036"", ""scenario"": ""high_demand""}]",REG-MACRO-GDP_PER_CAPITA,"""81751.20937750032""",ZAR (constant 2015) per capita,"Vopak/Reatile xlsx (GDP named range, GDP/capita columns); BLNS to be sourced",2025-03-24,nigel.zhuwaki,,unreviewed,unassessed,2026,EXC-MACRO-GDP_PER_CAPITA
LOC-577782911cb8,"macro.gdp_per_capita.csv[43:{""country"": ""ZAF"", ""period"": ""2036"", ""scenario"": ""low_demand""}]",REG-MACRO-GDP_PER_CAPITA,"""76594.66309591026""",ZAR (constant 2015) per capita,"Vopak/Reatile xlsx (GDP named range, GDP/capita columns); BLNS to be sourced",2025-03-24,nigel.zhuwaki,,unreviewed,unassessed,2026,EXC-MACRO-GDP_PER_CAPITA
LOC-36f922ef1336,"macro.gdp_per_capita.csv[44:{""country"": ""ZAF"", ""period"": ""2037"", ""scenario"": ""high_demand""}]",REG-MACRO-GDP_PER_CAPITA,"""82332.74652695116""",ZAR (constant 2015) per capita,"Vopak/Reatile xlsx (GDP named range, GDP/capita columns); BLNS to be sourced",2025-03-24,nigel.zhuwaki,,unreviewed,unassessed,2026,EXC-MACRO-GDP_PER_CAPITA
LOC-68ceff452771,"macro.gdp_per_capita.csv[45:{""country"": ""ZAF"", ""period"": ""2037"", ""scenario"": ""low_demand""}]",REG-MACRO-GDP_PER_CAPITA,"""76683.97081684948""",ZAR (constant 2015) per capita,"Vopak/Reatile xlsx (GDP named range, GDP/capita columns); BLNS to be sourced",2025-03-24,nigel.zhuwaki,,unreviewed,unassessed,2026,EXC-MACRO-GDP_PER_CAPITA
LOC-bcc6cd6ce857,"macro.gdp_per_capita.csv[46:{""country"": ""ZAF"", ""period"": ""2038"", ""scenario"": ""high_demand""}]",REG-MACRO-GDP_PER_CAPITA,"""82918.42044035652""",ZAR (constant 2015) per capita,"Vopak/Reatile xlsx (GDP named range, GDP/capita columns); BLNS to be sourced",2025-03-24,nigel.zhuwaki,,unreviewed,unassessed,2026,EXC-MACRO-GDP_PER_CAPITA
LOC-cc32fdbfdd57,"macro.gdp_per_capita.csv[47:{""country"": ""ZAF"", ""period"": ""2038"", ""scenario"": ""low_demand""}]",REG-MACRO-GDP_PER_CAPITA,"""76773.38266866018""",ZAR (constant 2015) per capita,"Vopak/Reatile xlsx (GDP named range, GDP/capita columns); BLNS to be sourced",2025-03-24,nigel.zhuwaki,,unreviewed,unassessed,2026,EXC-MACRO-GDP_PER_CAPITA
LOC-6bf752c9a840,"macro.gdp_per_capita.csv[48:{""country"": ""ZAF"", ""period"": ""2039"", ""scenario"": ""high_demand""}]",REG-MACRO-GDP_PER_CAPITA,"""83508.26054458284""",ZAR (constant 2015) per capita,"Vopak/Reatile xlsx (GDP named range, GDP/capita columns); BLNS to be sourced",2025-03-24,nigel.zhuwaki,,unreviewed,unassessed,2026,EXC-MACRO-GDP_PER_CAPITA
LOC-bdebbdd4811a,"macro.gdp_per_capita.csv[49:{""country"": ""ZAF"", ""period"": ""2039"", ""scenario"": ""low_demand""}]",REG-MACRO-GDP_PER_CAPITA,"""76862.89877275671""",ZAR (constant 2015) per capita,"Vopak/Reatile xlsx (GDP named range, GDP/capita columns); BLNS to be sourced",2025-03-24,nigel.zhuwaki,,unreviewed,unassessed,2026,EXC-MACRO-GDP_PER_CAPITA
LOC-c51c437b42bd,"macro.gdp_per_capita.csv[50:{""country"": ""ZAF"", ""period"": ""2040"", ""scenario"": ""high_demand""}]",REG-MACRO-GDP_PER_CAPITA,"""84102.2964758245""",ZAR (constant 2015) per capita,"Vopak/Reatile xlsx (GDP named range, GDP/capita columns); BLNS to be sourced",2025-03-24,nigel.zhuwaki,,unreviewed,unassessed,2026,EXC-MACRO-GDP_PER_CAPITA
LOC-22e2aab633a7,"macro.gdp_per_capita.csv[51:{""country"": ""ZAF"", ""period"": ""2040"", ""scenario"": ""low_demand""}]",REG-MACRO-GDP_PER_CAPITA,"""76952.519250695""",ZAR (constant 2015) per capita,"Vopak/Reatile xlsx (GDP named range, GDP/capita columns); BLNS to be sourced",2025-03-24,nigel.zhuwaki,,unreviewed,unassessed,2026,EXC-MACRO-GDP_PER_CAPITA
LOC-7a2841560e61,"macro.gdp_per_capita.csv[52:{""country"": ""ZAF"", ""period"": ""2041"", ""scenario"": ""high_demand""}]",REG-MACRO-GDP_PER_CAPITA,"""84700.55808109297""",ZAR (constant 2015) per capita,"Vopak/Reatile xlsx (GDP named range, GDP/capita columns); BLNS to be sourced",2025-03-24,nigel.zhuwaki,,unreviewed,unassessed,2026,EXC-MACRO-GDP_PER_CAPITA
LOC-668842a3689d,"macro.gdp_per_capita.csv[53:{""country"": ""ZAF"", ""period"": ""2041"", ""scenario"": ""low_demand""}]",REG-MACRO-GDP_PER_CAPITA,"""77042.24422417265""",ZAR (constant 2015) per capita,"Vopak/Reatile xlsx (GDP named range, GDP/capita columns); BLNS to be sourced",2025-03-24,nigel.zhuwaki,,unreviewed,unassessed,2026,EXC-MACRO-GDP_PER_CAPITA
LOC-c62cba703b80,"macro.gdp_per_capita.csv[54:{""country"": ""ZAF"", ""period"": ""2042"", ""scenario"": ""high_demand""}]",REG-MACRO-GDP_PER_CAPITA,"""85303.07541971635""",ZAR (constant 2015) per capita,"Vopak/Reatile xlsx (GDP named range, GDP/capita columns); BLNS to be sourced",2025-03-24,nigel.zhuwaki,,unreviewed,unassessed,2026,EXC-MACRO-GDP_PER_CAPITA
LOC-fda56b252fcd,"macro.gdp_per_capita.csv[55:{""country"": ""ZAF"", ""period"": ""2042"", ""scenario"": ""low_demand""}]",REG-MACRO-GDP_PER_CAPITA,"""77132.07381502923""",ZAR (constant 2015) per capita,"Vopak/Reatile xlsx (GDP named range, GDP/capita columns); BLNS to be sourced",2025-03-24,nigel.zhuwaki,,unreviewed,unassessed,2026,EXC-MACRO-GDP_PER_CAPITA
LOC-ed3cbd6f6540,"macro.gdp_per_capita.csv[56:{""country"": ""ZAF"", ""period"": ""2043"", ""scenario"": ""high_demand""}]",REG-MACRO-GDP_PER_CAPITA,"""85909.87876484981""",ZAR (constant 2015) per capita,"Vopak/Reatile xlsx (GDP named range, GDP/capita columns); BLNS to be sourced",2025-03-24,nigel.zhuwaki,,unreviewed,unassessed,2026,EXC-MACRO-GDP_PER_CAPITA
LOC-39aba60b9a71,"macro.gdp_per_capita.csv[57:{""country"": ""ZAF"", ""period"": ""2043"", ""scenario"": ""low_demand""}]",REG-MACRO-GDP_PER_CAPITA,"""77222.00814524635""",ZAR (constant 2015) per capita,"Vopak/Reatile xlsx (GDP named range, GDP/capita columns); BLNS to be sourced",2025-03-24,nigel.zhuwaki,,unreviewed,unassessed,2026,EXC-MACRO-GDP_PER_CAPITA
LOC-ae83fc8d0f6e,"macro.gdp_per_capita.csv[58:{""country"": ""ZAF"", ""period"": ""2044"", ""scenario"": ""high_demand""}]",REG-MACRO-GDP_PER_CAPITA,"""86520.99860499654""",ZAR (constant 2015) per capita,"Vopak/Reatile xlsx (GDP named range, GDP/capita columns); BLNS to be sourced",2025-03-24,nigel.zhuwaki,,unreviewed,unassessed,2026,EXC-MACRO-GDP_PER_CAPITA
LOC-041ffac27f30,"macro.gdp_per_capita.csv[59:{""country"": ""ZAF"", ""period"": ""2044"", ""scenario"": ""low_demand""}]",REG-MACRO-GDP_PER_CAPITA,"""77312.04733694781""",ZAR (constant 2015) per capita,"Vopak/Reatile xlsx (GDP named range, GDP/capita columns); BLNS to be sourced",2025-03-24,nigel.zhuwaki,,unreviewed,unassessed,2026,EXC-MACRO-GDP_PER_CAPITA
LOC-93412f4529ff,"macro.gdp_per_capita.csv[60:{""country"": ""ZAF"", ""period"": ""2045"", ""scenario"": ""high_demand""}]",REG-MACRO-GDP_PER_CAPITA,"""87136.46564553965""",ZAR (constant 2015) per capita,"Vopak/Reatile xlsx (GDP named range, GDP/capita columns); BLNS to be sourced",2025-03-24,nigel.zhuwaki,,unreviewed,unassessed,2026,EXC-MACRO-GDP_PER_CAPITA
LOC-254eba42a67c,"macro.gdp_per_capita.csv[61:{""country"": ""ZAF"", ""period"": ""2045"", ""scenario"": ""low_demand""}]",REG-MACRO-GDP_PER_CAPITA,"""77402.19151239986""",ZAR (constant 2015) per capita,"Vopak/Reatile xlsx (GDP named range, GDP/capita columns); BLNS to be sourced",2025-03-24,nigel.zhuwaki,,unreviewed,unassessed,2026,EXC-MACRO-GDP_PER_CAPITA
LOC-1ff322d9eca1,"macro.gdp_per_capita.csv[62:{""country"": ""ZAF"", ""period"": ""2046"", ""scenario"": ""high_demand""}]",REG-MACRO-GDP_PER_CAPITA,"""87756.310810285""",ZAR (constant 2015) per capita,"Vopak/Reatile xlsx (GDP named range, GDP/capita columns); BLNS to be sourced",2025-03-24,nigel.zhuwaki,,unreviewed,unassessed,2026,EXC-MACRO-GDP_PER_CAPITA
LOC-61ae31179a07,"macro.gdp_per_capita.csv[63:{""country"": ""ZAF"", ""period"": ""2046"", ""scenario"": ""low_demand""}]",REG-MACRO-GDP_PER_CAPITA,"""77492.44079401127""",ZAR (constant 2015) per capita,"Vopak/Reatile xlsx (GDP named range, GDP/capita columns); BLNS to be sourced",2025-03-24,nigel.zhuwaki,,unreviewed,unassessed,2026,EXC-MACRO-GDP_PER_CAPITA
LOC-4eefed98932b,"macro.gdp_per_capita.csv[64:{""country"": ""ZAF"", ""period"": ""2047"", ""scenario"": ""high_demand""}]",REG-MACRO-GDP_PER_CAPITA,"""88380.5652430149""",ZAR (constant 2015) per capita,"Vopak/Reatile xlsx (GDP named range, GDP/capita columns); BLNS to be sourced",2025-03-24,nigel.zhuwaki,,unreviewed,unassessed,2026,EXC-MACRO-GDP_PER_CAPITA
LOC-70966f76d302,"macro.gdp_per_capita.csv[65:{""country"": ""ZAF"", ""period"": ""2047"", ""scenario"": ""low_demand""}]",REG-MACRO-GDP_PER_CAPITA,"""77582.79530433354""",ZAR (constant 2015) per capita,"Vopak/Reatile xlsx (GDP named range, GDP/capita columns); BLNS to be sourced",2025-03-24,nigel.zhuwaki,,unreviewed,unassessed,2026,EXC-MACRO-GDP_PER_CAPITA
LOC-7e721fb8ec9b,"macro.gdp_per_capita.csv[66:{""country"": ""ZAF"", ""period"": ""2048"", ""scenario"": ""high_demand""}]",REG-MACRO-GDP_PER_CAPITA,"""89009.26030905296""",ZAR (constant 2015) per capita,"Vopak/Reatile xlsx (GDP named range, GDP/capita columns); BLNS to be sourced",2025-03-24,nigel.zhuwaki,,unreviewed,unassessed,2026,EXC-MACRO-GDP_PER_CAPITA
LOC-1c131b0a67cf,"macro.gdp_per_capita.csv[67:{""country"": ""ZAF"", ""period"": ""2048"", ""scenario"": ""low_demand""}]",REG-MACRO-GDP_PER_CAPITA,"""77673.2551660611""",ZAR (constant 2015) per capita,"Vopak/Reatile xlsx (GDP named range, GDP/capita columns); BLNS to be sourced",2025-03-24,nigel.zhuwaki,,unreviewed,unassessed,2026,EXC-MACRO-GDP_PER_CAPITA
LOC-7b506621258c,"macro.gdp_per_capita.csv[68:{""country"": ""ZAF"", ""period"": ""2049"", ""scenario"": ""high_demand""}]",REG-MACRO-GDP_PER_CAPITA,"""89642.42759683992""",ZAR (constant 2015) per capita,"Vopak/Reatile xlsx (GDP named range, GDP/capita columns); BLNS to be sourced",2025-03-24,nigel.zhuwaki,,unreviewed,unassessed,2026,EXC-MACRO-GDP_PER_CAPITA
LOC-afe996b26ef5,"macro.gdp_per_capita.csv[69:{""country"": ""ZAF"", ""period"": ""2049"", ""scenario"": ""low_demand""}]",REG-MACRO-GDP_PER_CAPITA,"""77763.82050203138""",ZAR (constant 2015) per capita,"Vopak/Reatile xlsx (GDP named range, GDP/capita columns); BLNS to be sourced",2025-03-24,nigel.zhuwaki,,unreviewed,unassessed,2026,EXC-MACRO-GDP_PER_CAPITA
LOC-bb1612a86efb,"macro.gdp_per_capita.csv[70:{""country"": ""ZAF"", ""period"": ""2050"", ""scenario"": ""high_demand""}]",REG-MACRO-GDP_PER_CAPITA,"""90280.0989195209""",ZAR (constant 2015) per capita,"Vopak/Reatile xlsx (GDP named range, GDP/capita columns); BLNS to be sourced",2025-03-24,nigel.zhuwaki,,unreviewed,unassessed,2026,EXC-MACRO-GDP_PER_CAPITA
LOC-f4d567b00bda,"macro.gdp_per_capita.csv[71:{""country"": ""ZAF"", ""period"": ""2050"", ""scenario"": ""low_demand""}]",REG-MACRO-GDP_PER_CAPITA,"""77854.49143522508""",ZAR (constant 2015) per capita,"Vopak/Reatile xlsx (GDP named range, GDP/capita columns); BLNS to be sourced",2025-03-24,nigel.zhuwaki,,unreviewed,unassessed,2026,EXC-MACRO-GDP_PER_CAPITA
LOC-09287144e7d3,"macro.gdp_growth.csv[1:{""country"": ""ZAF"", ""period"": ""2020"", ""scenario"": ""high_demand""}]",REG-MACRO-GDP_GROWTH,"""-0.06431974826743181""",fraction per year (real GDP growth),Vopak/Reatile xlsx (GDP_high_growth / GDP_low_growth); BLNS to be sourced,2025-03-24,nigel.zhuwaki,,unreviewed,unassessed,2026,EXC-MACRO-GDP_GROWTH
LOC-5d49f405c3da,"macro.gdp_growth.csv[2:{""country"": ""ZAF"", ""period"": ""2021"", ""scenario"": ""high_demand""}]",REG-MACRO-GDP_GROWTH,"""0.049""",fraction per year (real GDP growth),Vopak/Reatile xlsx (GDP_high_growth / GDP_low_growth); BLNS to be sourced,2025-03-24,nigel.zhuwaki,,unreviewed,unassessed,2026,EXC-MACRO-GDP_GROWTH
LOC-11a2563f3a4d,"macro.gdp_growth.csv[3:{""country"": ""ZAF"", ""period"": ""2022"", ""scenario"": ""high_demand""}]",REG-MACRO-GDP_GROWTH,"""0.019""",fraction per year (real GDP growth),Vopak/Reatile xlsx (GDP_high_growth / GDP_low_growth); BLNS to be sourced,2025-03-24,nigel.zhuwaki,,unreviewed,unassessed,2026,EXC-MACRO-GDP_GROWTH
LOC-a727b2567e9d,"macro.gdp_growth.csv[4:{""country"": ""ZAF"", ""period"": ""2023"", ""scenario"": ""high_demand""}]",REG-MACRO-GDP_GROWTH,"""0.009999999999999998""",fraction per year (real GDP growth),Vopak/Reatile xlsx (GDP_high_growth / GDP_low_growth); BLNS to be sourced,2025-03-24,nigel.zhuwaki,,unreviewed,unassessed,2026,EXC-MACRO-GDP_GROWTH
LOC-b0e55adab103,"macro.gdp_growth.csv[5:{""country"": ""ZAF"", ""period"": ""2024"", ""scenario"": ""high_demand""}]",REG-MACRO-GDP_GROWTH,"""0.015""",fraction per year (real GDP growth),Vopak/Reatile xlsx (GDP_high_growth / GDP_low_growth); BLNS to be sourced,2025-03-24,nigel.zhuwaki,,unreviewed,unassessed,2026,EXC-MACRO-GDP_GROWTH
LOC-6ba2086db37d,"macro.gdp_growth.csv[6:{""country"": ""ZAF"", ""period"": ""2025"", ""scenario"": ""high_demand""}]",REG-MACRO-GDP_GROWTH,"""0.017""",fraction per year (real GDP growth),Vopak/Reatile xlsx (GDP_high_growth / GDP_low_growth); BLNS to be sourced,2025-03-24,nigel.zhuwaki,,unreviewed,unassessed,2026,EXC-MACRO-GDP_GROWTH
LOC-0ed9967428ca,"macro.gdp_growth.csv[7:{""country"": ""ZAF"", ""period"": ""2026"", ""scenario"": ""high_demand""}]",REG-MACRO-GDP_GROWTH,"""0.016""",fraction per year (real GDP growth),Vopak/Reatile xlsx (GDP_high_growth / GDP_low_growth); BLNS to be sourced,2025-03-24,nigel.zhuwaki,,unreviewed,unassessed,2026,EXC-MACRO-GDP_GROWTH
LOC-d590d28b10b9,"macro.gdp_growth.csv[8:{""country"": ""ZAF"", ""period"": ""2027"", ""scenario"": ""high_demand""}]",REG-MACRO-GDP_GROWTH,"""0.016""",fraction per year (real GDP growth),Vopak/Reatile xlsx (GDP_high_growth / GDP_low_growth); BLNS to be sourced,2025-03-24,nigel.zhuwaki,,unreviewed,unassessed,2026,EXC-MACRO-GDP_GROWTH
LOC-e209ea2c48d5,"macro.gdp_growth.csv[9:{""country"": ""ZAF"", ""period"": ""2028"", ""scenario"": ""high_demand""}]",REG-MACRO-GDP_GROWTH,"""0.016""",fraction per year (real GDP growth),Vopak/Reatile xlsx (GDP_high_growth / GDP_low_growth); BLNS to be sourced,2025-03-24,nigel.zhuwaki,,unreviewed,unassessed,2026,EXC-MACRO-GDP_GROWTH
LOC-8506df8f6848,"macro.gdp_growth.csv[10:{""country"": ""ZAF"", ""period"": ""2029"", ""scenario"": ""high_demand""}]",REG-MACRO-GDP_GROWTH,"""0.016""",fraction per year (real GDP growth),Vopak/Reatile xlsx (GDP_high_growth / GDP_low_growth); BLNS to be sourced,2025-03-24,nigel.zhuwaki,,unreviewed,unassessed,2026,EXC-MACRO-GDP_GROWTH
LOC-37264cd73ae4,"macro.gdp_growth.csv[11:{""country"": ""ZAF"", ""period"": ""2030"", ""scenario"": ""high_demand""}]",REG-MACRO-GDP_GROWTH,"""0.016""",fraction per year (real GDP growth),Vopak/Reatile xlsx (GDP_high_growth / GDP_low_growth); BLNS to be sourced,2025-03-24,nigel.zhuwaki,,unreviewed,unassessed,2026,EXC-MACRO-GDP_GROWTH
LOC-8e477503123f,"macro.gdp_growth.csv[12:{""country"": ""ZAF"", ""period"": ""2031"", ""scenario"": ""high_demand""}]",REG-MACRO-GDP_GROWTH,"""0.016""",fraction per year (real GDP growth),Vopak/Reatile xlsx (GDP_high_growth / GDP_low_growth); BLNS to be sourced,2025-03-24,nigel.zhuwaki,,unreviewed,unassessed,2026,EXC-MACRO-GDP_GROWTH
LOC-1d461843ede6,"macro.gdp_growth.csv[13:{""country"": ""ZAF"", ""period"": ""2032"", ""scenario"": ""high_demand""}]",REG-MACRO-GDP_GROWTH,"""0.016""",fraction per year (real GDP growth),Vopak/Reatile xlsx (GDP_high_growth / GDP_low_growth); BLNS to be sourced,2025-03-24,nigel.zhuwaki,,unreviewed,unassessed,2026,EXC-MACRO-GDP_GROWTH
LOC-fefbd42f5354,"macro.gdp_growth.csv[14:{""country"": ""ZAF"", ""period"": ""2033"", ""scenario"": ""high_demand""}]",REG-MACRO-GDP_GROWTH,"""0.016""",fraction per year (real GDP growth),Vopak/Reatile xlsx (GDP_high_growth / GDP_low_growth); BLNS to be sourced,2025-03-24,nigel.zhuwaki,,unreviewed,unassessed,2026,EXC-MACRO-GDP_GROWTH
LOC-948395dbecc8,"macro.gdp_growth.csv[15:{""country"": ""ZAF"", ""period"": ""2034"", ""scenario"": ""high_demand""}]",REG-MACRO-GDP_GROWTH,"""0.016""",fraction per year (real GDP growth),Vopak/Reatile xlsx (GDP_high_growth / GDP_low_growth); BLNS to be sourced,2025-03-24,nigel.zhuwaki,,unreviewed,unassessed,2026,EXC-MACRO-GDP_GROWTH
LOC-10883d21762f,"macro.gdp_growth.csv[16:{""country"": ""ZAF"", ""period"": ""2035"", ""scenario"": ""high_demand""}]",REG-MACRO-GDP_GROWTH,"""0.016""",fraction per year (real GDP growth),Vopak/Reatile xlsx (GDP_high_growth / GDP_low_growth); BLNS to be sourced,2025-03-24,nigel.zhuwaki,,unreviewed,unassessed,2026,EXC-MACRO-GDP_GROWTH
LOC-6b6cbc24dbef,"macro.gdp_growth.csv[17:{""country"": ""ZAF"", ""period"": ""2036"", ""scenario"": ""high_demand""}]",REG-MACRO-GDP_GROWTH,"""0.016""",fraction per year (real GDP growth),Vopak/Reatile xlsx (GDP_high_growth / GDP_low_growth); BLNS to be sourced,2025-03-24,nigel.zhuwaki,,unreviewed,unassessed,2026,EXC-MACRO-GDP_GROWTH
LOC-6d3099203d1e,"macro.gdp_growth.csv[18:{""country"": ""ZAF"", ""period"": ""2037"", ""scenario"": ""high_demand""}]",REG-MACRO-GDP_GROWTH,"""0.016""",fraction per year (real GDP growth),Vopak/Reatile xlsx (GDP_high_growth / GDP_low_growth); BLNS to be sourced,2025-03-24,nigel.zhuwaki,,unreviewed,unassessed,2026,EXC-MACRO-GDP_GROWTH
LOC-568e73617368,"macro.gdp_growth.csv[19:{""country"": ""ZAF"", ""period"": ""2038"", ""scenario"": ""high_demand""}]",REG-MACRO-GDP_GROWTH,"""0.016""",fraction per year (real GDP growth),Vopak/Reatile xlsx (GDP_high_growth / GDP_low_growth); BLNS to be sourced,2025-03-24,nigel.zhuwaki,,unreviewed,unassessed,2026,EXC-MACRO-GDP_GROWTH
LOC-886963883bb9,"macro.gdp_growth.csv[20:{""country"": ""ZAF"", ""period"": ""2039"", ""scenario"": ""high_demand""}]",REG-MACRO-GDP_GROWTH,"""0.016""",fraction per year (real GDP growth),Vopak/Reatile xlsx (GDP_high_growth / GDP_low_growth); BLNS to be sourced,2025-03-24,nigel.zhuwaki,,unreviewed,unassessed,2026,EXC-MACRO-GDP_GROWTH
LOC-d3424e81ace2,"macro.gdp_growth.csv[21:{""country"": ""ZAF"", ""period"": ""2040"", ""scenario"": ""high_demand""}]",REG-MACRO-GDP_GROWTH,"""0.016""",fraction per year (real GDP growth),Vopak/Reatile xlsx (GDP_high_growth / GDP_low_growth); BLNS to be sourced,2025-03-24,nigel.zhuwaki,,unreviewed,unassessed,2026,EXC-MACRO-GDP_GROWTH
LOC-d49307d7029c,"macro.gdp_growth.csv[22:{""country"": ""ZAF"", ""period"": ""2041"", ""scenario"": ""high_demand""}]",REG-MACRO-GDP_GROWTH,"""0.016""",fraction per year (real GDP growth),Vopak/Reatile xlsx (GDP_high_growth / GDP_low_growth); BLNS to be sourced,2025-03-24,nigel.zhuwaki,,unreviewed,unassessed,2026,EXC-MACRO-GDP_GROWTH
LOC-ecd1e0013a53,"macro.gdp_growth.csv[23:{""country"": ""ZAF"", ""period"": ""2042"", ""scenario"": ""high_demand""}]",REG-MACRO-GDP_GROWTH,"""0.016""",fraction per year (real GDP growth),Vopak/Reatile xlsx (GDP_high_growth / GDP_low_growth); BLNS to be sourced,2025-03-24,nigel.zhuwaki,,unreviewed,unassessed,2026,EXC-MACRO-GDP_GROWTH
LOC-9483a8689da8,"macro.gdp_growth.csv[24:{""country"": ""ZAF"", ""period"": ""2043"", ""scenario"": ""high_demand""}]",REG-MACRO-GDP_GROWTH,"""0.016""",fraction per year (real GDP growth),Vopak/Reatile xlsx (GDP_high_growth / GDP_low_growth); BLNS to be sourced,2025-03-24,nigel.zhuwaki,,unreviewed,unassessed,2026,EXC-MACRO-GDP_GROWTH
LOC-179ea584c69b,"macro.gdp_growth.csv[25:{""country"": ""ZAF"", ""period"": ""2044"", ""scenario"": ""high_demand""}]",REG-MACRO-GDP_GROWTH,"""0.016""",fraction per year (real GDP growth),Vopak/Reatile xlsx (GDP_high_growth / GDP_low_growth); BLNS to be sourced,2025-03-24,nigel.zhuwaki,,unreviewed,unassessed,2026,EXC-MACRO-GDP_GROWTH
LOC-2e3d316251ba,"macro.gdp_growth.csv[26:{""country"": ""ZAF"", ""period"": ""2045"", ""scenario"": ""high_demand""}]",REG-MACRO-GDP_GROWTH,"""0.016""",fraction per year (real GDP growth),Vopak/Reatile xlsx (GDP_high_growth / GDP_low_growth); BLNS to be sourced,2025-03-24,nigel.zhuwaki,,unreviewed,unassessed,2026,EXC-MACRO-GDP_GROWTH
LOC-8ce17ed9c393,"macro.gdp_growth.csv[27:{""country"": ""ZAF"", ""period"": ""2046"", ""scenario"": ""high_demand""}]",REG-MACRO-GDP_GROWTH,"""0.016""",fraction per year (real GDP growth),Vopak/Reatile xlsx (GDP_high_growth / GDP_low_growth); BLNS to be sourced,2025-03-24,nigel.zhuwaki,,unreviewed,unassessed,2026,EXC-MACRO-GDP_GROWTH
LOC-99e42e27f6b6,"macro.gdp_growth.csv[28:{""country"": ""ZAF"", ""period"": ""2047"", ""scenario"": ""high_demand""}]",REG-MACRO-GDP_GROWTH,"""0.016""",fraction per year (real GDP growth),Vopak/Reatile xlsx (GDP_high_growth / GDP_low_growth); BLNS to be sourced,2025-03-24,nigel.zhuwaki,,unreviewed,unassessed,2026,EXC-MACRO-GDP_GROWTH
LOC-06b41b7bfce2,"macro.gdp_growth.csv[29:{""country"": ""ZAF"", ""period"": ""2048"", ""scenario"": ""high_demand""}]",REG-MACRO-GDP_GROWTH,"""0.016""",fraction per year (real GDP growth),Vopak/Reatile xlsx (GDP_high_growth / GDP_low_growth); BLNS to be sourced,2025-03-24,nigel.zhuwaki,,unreviewed,unassessed,2026,EXC-MACRO-GDP_GROWTH
LOC-cf235f932c99,"macro.gdp_growth.csv[30:{""country"": ""ZAF"", ""period"": ""2049"", ""scenario"": ""high_demand""}]",REG-MACRO-GDP_GROWTH,"""0.016""",fraction per year (real GDP growth),Vopak/Reatile xlsx (GDP_high_growth / GDP_low_growth); BLNS to be sourced,2025-03-24,nigel.zhuwaki,,unreviewed,unassessed,2026,EXC-MACRO-GDP_GROWTH
LOC-e76ce2e47d49,"macro.gdp_growth.csv[31:{""country"": ""ZAF"", ""period"": ""2050"", ""scenario"": ""high_demand""}]",REG-MACRO-GDP_GROWTH,"""0.016""",fraction per year (real GDP growth),Vopak/Reatile xlsx (GDP_high_growth / GDP_low_growth); BLNS to be sourced,2025-03-24,nigel.zhuwaki,,unreviewed,unassessed,2026,EXC-MACRO-GDP_GROWTH
LOC-f822437d7a7f,"macro.gdp_growth.csv[32:{""country"": ""ZAF"", ""period"": ""2021"", ""scenario"": ""low_demand""}]",REG-MACRO-GDP_GROWTH,"""0.049""",fraction per year (real GDP growth),Vopak/Reatile xlsx (GDP_high_growth / GDP_low_growth); BLNS to be sourced,2025-03-24,nigel.zhuwaki,,unreviewed,unassessed,2026,EXC-MACRO-GDP_GROWTH
LOC-828cdf924121,"macro.gdp_growth.csv[33:{""country"": ""ZAF"", ""period"": ""2022"", ""scenario"": ""low_demand""}]",REG-MACRO-GDP_GROWTH,"""0.016""",fraction per year (real GDP growth),Vopak/Reatile xlsx (GDP_high_growth / GDP_low_growth); BLNS to be sourced,2025-03-24,nigel.zhuwaki,,unreviewed,unassessed,2026,EXC-MACRO-GDP_GROWTH
LOC-0de04597aa7c,"macro.gdp_growth.csv[34:{""country"": ""ZAF"", ""period"": ""2023"", ""scenario"": ""low_demand""}]",REG-MACRO-GDP_GROWTH,"""0.004999999999999999""",fraction per year (real GDP growth),Vopak/Reatile xlsx (GDP_high_growth / GDP_low_growth); BLNS to be sourced,2025-03-24,nigel.zhuwaki,,unreviewed,unassessed,2026,EXC-MACRO-GDP_GROWTH
LOC-8a7c6fc79e44,"macro.gdp_growth.csv[35:{""country"": ""ZAF"", ""period"": ""2024"", ""scenario"": ""low_demand""}]",REG-MACRO-GDP_GROWTH,"""0.015""",fraction per year (real GDP growth),Vopak/Reatile xlsx (GDP_high_growth / GDP_low_growth); BLNS to be sourced,2025-03-24,nigel.zhuwaki,,unreviewed,unassessed,2026,EXC-MACRO-GDP_GROWTH
LOC-fb43bc241a4c,"macro.gdp_growth.csv[36:{""country"": ""ZAF"", ""period"": ""2025"", ""scenario"": ""low_demand""}]",REG-MACRO-GDP_GROWTH,"""0.017""",fraction per year (real GDP growth),Vopak/Reatile xlsx (GDP_high_growth / GDP_low_growth); BLNS to be sourced,2025-03-24,nigel.zhuwaki,,unreviewed,unassessed,2026,EXC-MACRO-GDP_GROWTH
LOC-784cdebaabd6,"macro.gdp_growth.csv[37:{""country"": ""ZAF"", ""period"": ""2026"", ""scenario"": ""low_demand""}]",REG-MACRO-GDP_GROWTH,"""0.009999999999999998""",fraction per year (real GDP growth),Vopak/Reatile xlsx (GDP_high_growth / GDP_low_growth); BLNS to be sourced,2025-03-24,nigel.zhuwaki,,unreviewed,unassessed,2026,EXC-MACRO-GDP_GROWTH
LOC-0dc544d66049,"macro.gdp_growth.csv[38:{""country"": ""ZAF"", ""period"": ""2027"", ""scenario"": ""low_demand""}]",REG-MACRO-GDP_GROWTH,"""0.009999999999999998""",fraction per year (real GDP growth),Vopak/Reatile xlsx (GDP_high_growth / GDP_low_growth); BLNS to be sourced,2025-03-24,nigel.zhuwaki,,unreviewed,unassessed,2026,EXC-MACRO-GDP_GROWTH
LOC-3b78a96707b8,"macro.gdp_growth.csv[39:{""country"": ""ZAF"", ""period"": ""2028"", ""scenario"": ""low_demand""}]",REG-MACRO-GDP_GROWTH,"""0.009999999999999998""",fraction per year (real GDP growth),Vopak/Reatile xlsx (GDP_high_growth / GDP_low_growth); BLNS to be sourced,2025-03-24,nigel.zhuwaki,,unreviewed,unassessed,2026,EXC-MACRO-GDP_GROWTH
LOC-00a1960bc729,"macro.gdp_growth.csv[40:{""country"": ""ZAF"", ""period"": ""2029"", ""scenario"": ""low_demand""}]",REG-MACRO-GDP_GROWTH,"""0.009999999999999998""",fraction per year (real GDP growth),Vopak/Reatile xlsx (GDP_high_growth / GDP_low_growth); BLNS to be sourced,2025-03-24,nigel.zhuwaki,,unreviewed,unassessed,2026,EXC-MACRO-GDP_GROWTH
LOC-55d7cf51b96b,"macro.gdp_growth.csv[41:{""country"": ""ZAF"", ""period"": ""2030"", ""scenario"": ""low_demand""}]",REG-MACRO-GDP_GROWTH,"""0.009999999999999998""",fraction per year (real GDP growth),Vopak/Reatile xlsx (GDP_high_growth / GDP_low_growth); BLNS to be sourced,2025-03-24,nigel.zhuwaki,,unreviewed,unassessed,2026,EXC-MACRO-GDP_GROWTH
LOC-58dcb0532aef,"macro.gdp_growth.csv[42:{""country"": ""ZAF"", ""period"": ""2031"", ""scenario"": ""low_demand""}]",REG-MACRO-GDP_GROWTH,"""0.009999999999999998""",fraction per year (real GDP growth),Vopak/Reatile xlsx (GDP_high_growth / GDP_low_growth); BLNS to be sourced,2025-03-24,nigel.zhuwaki,,unreviewed,unassessed,2026,EXC-MACRO-GDP_GROWTH
LOC-1061c9033fb2,"macro.gdp_growth.csv[43:{""country"": ""ZAF"", ""period"": ""2032"", ""scenario"": ""low_demand""}]",REG-MACRO-GDP_GROWTH,"""0.009999999999999998""",fraction per year (real GDP growth),Vopak/Reatile xlsx (GDP_high_growth / GDP_low_growth); BLNS to be sourced,2025-03-24,nigel.zhuwaki,,unreviewed,unassessed,2026,EXC-MACRO-GDP_GROWTH
LOC-815ab87019d5,"macro.gdp_growth.csv[44:{""country"": ""ZAF"", ""period"": ""2033"", ""scenario"": ""low_demand""}]",REG-MACRO-GDP_GROWTH,"""0.009999999999999998""",fraction per year (real GDP growth),Vopak/Reatile xlsx (GDP_high_growth / GDP_low_growth); BLNS to be sourced,2025-03-24,nigel.zhuwaki,,unreviewed,unassessed,2026,EXC-MACRO-GDP_GROWTH
LOC-b2aac7908f18,"macro.gdp_growth.csv[45:{""country"": ""ZAF"", ""period"": ""2034"", ""scenario"": ""low_demand""}]",REG-MACRO-GDP_GROWTH,"""0.009999999999999998""",fraction per year (real GDP growth),Vopak/Reatile xlsx (GDP_high_growth / GDP_low_growth); BLNS to be sourced,2025-03-24,nigel.zhuwaki,,unreviewed,unassessed,2026,EXC-MACRO-GDP_GROWTH
LOC-ca454bac0bc2,"macro.gdp_growth.csv[46:{""country"": ""ZAF"", ""period"": ""2035"", ""scenario"": ""low_demand""}]",REG-MACRO-GDP_GROWTH,"""0.009999999999999998""",fraction per year (real GDP growth),Vopak/Reatile xlsx (GDP_high_growth / GDP_low_growth); BLNS to be sourced,2025-03-24,nigel.zhuwaki,,unreviewed,unassessed,2026,EXC-MACRO-GDP_GROWTH
LOC-44110b124718,"macro.gdp_growth.csv[47:{""country"": ""ZAF"", ""period"": ""2036"", ""scenario"": ""low_demand""}]",REG-MACRO-GDP_GROWTH,"""0.009999999999999998""",fraction per year (real GDP growth),Vopak/Reatile xlsx (GDP_high_growth / GDP_low_growth); BLNS to be sourced,2025-03-24,nigel.zhuwaki,,unreviewed,unassessed,2026,EXC-MACRO-GDP_GROWTH
LOC-45a05b2892a5,"macro.gdp_growth.csv[48:{""country"": ""ZAF"", ""period"": ""2037"", ""scenario"": ""low_demand""}]",REG-MACRO-GDP_GROWTH,"""0.009999999999999998""",fraction per year (real GDP growth),Vopak/Reatile xlsx (GDP_high_growth / GDP_low_growth); BLNS to be sourced,2025-03-24,nigel.zhuwaki,,unreviewed,unassessed,2026,EXC-MACRO-GDP_GROWTH
LOC-14a2e72a374d,"macro.gdp_growth.csv[49:{""country"": ""ZAF"", ""period"": ""2038"", ""scenario"": ""low_demand""}]",REG-MACRO-GDP_GROWTH,"""0.009999999999999998""",fraction per year (real GDP growth),Vopak/Reatile xlsx (GDP_high_growth / GDP_low_growth); BLNS to be sourced,2025-03-24,nigel.zhuwaki,,unreviewed,unassessed,2026,EXC-MACRO-GDP_GROWTH
LOC-8fed4cc9a965,"macro.gdp_growth.csv[50:{""country"": ""ZAF"", ""period"": ""2039"", ""scenario"": ""low_demand""}]",REG-MACRO-GDP_GROWTH,"""0.009999999999999998""",fraction per year (real GDP growth),Vopak/Reatile xlsx (GDP_high_growth / GDP_low_growth); BLNS to be sourced,2025-03-24,nigel.zhuwaki,,unreviewed,unassessed,2026,EXC-MACRO-GDP_GROWTH
LOC-9e48d2a92fd3,"macro.gdp_growth.csv[51:{""country"": ""ZAF"", ""period"": ""2040"", ""scenario"": ""low_demand""}]",REG-MACRO-GDP_GROWTH,"""0.009999999999999998""",fraction per year (real GDP growth),Vopak/Reatile xlsx (GDP_high_growth / GDP_low_growth); BLNS to be sourced,2025-03-24,nigel.zhuwaki,,unreviewed,unassessed,2026,EXC-MACRO-GDP_GROWTH
LOC-f9480eb1f81e,"macro.gdp_growth.csv[52:{""country"": ""ZAF"", ""period"": ""2041"", ""scenario"": ""low_demand""}]",REG-MACRO-GDP_GROWTH,"""0.009999999999999998""",fraction per year (real GDP growth),Vopak/Reatile xlsx (GDP_high_growth / GDP_low_growth); BLNS to be sourced,2025-03-24,nigel.zhuwaki,,unreviewed,unassessed,2026,EXC-MACRO-GDP_GROWTH
LOC-cd0850bad4b1,"macro.gdp_growth.csv[53:{""country"": ""ZAF"", ""period"": ""2042"", ""scenario"": ""low_demand""}]",REG-MACRO-GDP_GROWTH,"""0.009999999999999998""",fraction per year (real GDP growth),Vopak/Reatile xlsx (GDP_high_growth / GDP_low_growth); BLNS to be sourced,2025-03-24,nigel.zhuwaki,,unreviewed,unassessed,2026,EXC-MACRO-GDP_GROWTH
LOC-ecc5903577ec,"macro.gdp_growth.csv[54:{""country"": ""ZAF"", ""period"": ""2043"", ""scenario"": ""low_demand""}]",REG-MACRO-GDP_GROWTH,"""0.009999999999999998""",fraction per year (real GDP growth),Vopak/Reatile xlsx (GDP_high_growth / GDP_low_growth); BLNS to be sourced,2025-03-24,nigel.zhuwaki,,unreviewed,unassessed,2026,EXC-MACRO-GDP_GROWTH
LOC-9417151c8959,"macro.gdp_growth.csv[55:{""country"": ""ZAF"", ""period"": ""2044"", ""scenario"": ""low_demand""}]",REG-MACRO-GDP_GROWTH,"""0.009999999999999998""",fraction per year (real GDP growth),Vopak/Reatile xlsx (GDP_high_growth / GDP_low_growth); BLNS to be sourced,2025-03-24,nigel.zhuwaki,,unreviewed,unassessed,2026,EXC-MACRO-GDP_GROWTH
LOC-7797baccf6fc,"macro.gdp_growth.csv[56:{""country"": ""ZAF"", ""period"": ""2045"", ""scenario"": ""low_demand""}]",REG-MACRO-GDP_GROWTH,"""0.009999999999999998""",fraction per year (real GDP growth),Vopak/Reatile xlsx (GDP_high_growth / GDP_low_growth); BLNS to be sourced,2025-03-24,nigel.zhuwaki,,unreviewed,unassessed,2026,EXC-MACRO-GDP_GROWTH
LOC-7f32e7ac0a63,"macro.gdp_growth.csv[57:{""country"": ""ZAF"", ""period"": ""2046"", ""scenario"": ""low_demand""}]",REG-MACRO-GDP_GROWTH,"""0.009999999999999998""",fraction per year (real GDP growth),Vopak/Reatile xlsx (GDP_high_growth / GDP_low_growth); BLNS to be sourced,2025-03-24,nigel.zhuwaki,,unreviewed,unassessed,2026,EXC-MACRO-GDP_GROWTH
LOC-ed4b95b01e85,"macro.gdp_growth.csv[58:{""country"": ""ZAF"", ""period"": ""2047"", ""scenario"": ""low_demand""}]",REG-MACRO-GDP_GROWTH,"""0.009999999999999998""",fraction per year (real GDP growth),Vopak/Reatile xlsx (GDP_high_growth / GDP_low_growth); BLNS to be sourced,2025-03-24,nigel.zhuwaki,,unreviewed,unassessed,2026,EXC-MACRO-GDP_GROWTH
LOC-3da68d45cf22,"macro.gdp_growth.csv[59:{""country"": ""ZAF"", ""period"": ""2048"", ""scenario"": ""low_demand""}]",REG-MACRO-GDP_GROWTH,"""0.009999999999999998""",fraction per year (real GDP growth),Vopak/Reatile xlsx (GDP_high_growth / GDP_low_growth); BLNS to be sourced,2025-03-24,nigel.zhuwaki,,unreviewed,unassessed,2026,EXC-MACRO-GDP_GROWTH
LOC-b2409e562dc8,"macro.gdp_growth.csv[60:{""country"": ""ZAF"", ""period"": ""2049"", ""scenario"": ""low_demand""}]",REG-MACRO-GDP_GROWTH,"""0.009999999999999998""",fraction per year (real GDP growth),Vopak/Reatile xlsx (GDP_high_growth / GDP_low_growth); BLNS to be sourced,2025-03-24,nigel.zhuwaki,,unreviewed,unassessed,2026,EXC-MACRO-GDP_GROWTH
LOC-4a71e5644009,"macro.gdp_growth.csv[61:{""country"": ""ZAF"", ""period"": ""2050"", ""scenario"": ""low_demand""}]",REG-MACRO-GDP_GROWTH,"""0.009999999999999998""",fraction per year (real GDP growth),Vopak/Reatile xlsx (GDP_high_growth / GDP_low_growth); BLNS to be sourced,2025-03-24,nigel.zhuwaki,,unreviewed,unassessed,2026,EXC-MACRO-GDP_GROWTH
LOC-b128380a7937,"macro.population.csv[1:{""country"": ""ZAF"", ""period"": ""2005"", ""scenario"": ""shared""}]",REG-MACRO-POPULATION,"""47880595""",persons,"Vopak/Reatile xlsx (GDP named range, Population columns); BLNS to be sourced",2025-03-24,nigel.zhuwaki,,unreviewed,unassessed,2026,EXC-MACRO-POPULATION
LOC-b54026dbd048,"macro.population.csv[2:{""country"": ""ZAF"", ""period"": ""2006"", ""scenario"": ""shared""}]",REG-MACRO-POPULATION,"""48489464""",persons,"Vopak/Reatile xlsx (GDP named range, Population columns); BLNS to be sourced",2025-03-24,nigel.zhuwaki,,unreviewed,unassessed,2026,EXC-MACRO-POPULATION
LOC-07c5df54279f,"macro.population.csv[3:{""country"": ""ZAF"", ""period"": ""2007"", ""scenario"": ""shared""}]",REG-MACRO-POPULATION,"""49119766""",persons,"Vopak/Reatile xlsx (GDP named range, Population columns); BLNS to be sourced",2025-03-24,nigel.zhuwaki,,unreviewed,unassessed,2026,EXC-MACRO-POPULATION
LOC-0c3a448bee72,"macro.population.csv[4:{""country"": ""ZAF"", ""period"": ""2008"", ""scenario"": ""shared""}]",REG-MACRO-POPULATION,"""49779472""",persons,"Vopak/Reatile xlsx (GDP named range, Population columns); BLNS to be sourced",2025-03-24,nigel.zhuwaki,,unreviewed,unassessed,2026,EXC-MACRO-POPULATION
LOC-864c7e01ed3b,"macro.population.csv[5:{""country"": ""ZAF"", ""period"": ""2009"", ""scenario"": ""shared""}]",REG-MACRO-POPULATION,"""50477013""",persons,"Vopak/Reatile xlsx (GDP named range, Population columns); BLNS to be sourced",2025-03-24,nigel.zhuwaki,,unreviewed,unassessed,2026,EXC-MACRO-POPULATION
LOC-ca0721268e39,"macro.population.csv[6:{""country"": ""ZAF"", ""period"": ""2010"", ""scenario"": ""shared""}]",REG-MACRO-POPULATION,"""51216967""",persons,"Vopak/Reatile xlsx (GDP named range, Population columns); BLNS to be sourced",2025-03-24,nigel.zhuwaki,,unreviewed,unassessed,2026,EXC-MACRO-POPULATION
LOC-360ba2e9eb20,"macro.population.csv[7:{""country"": ""ZAF"", ""period"": ""2011"", ""scenario"": ""shared""}]",REG-MACRO-POPULATION,"""52003759""",persons,"Vopak/Reatile xlsx (GDP named range, Population columns); BLNS to be sourced",2025-03-24,nigel.zhuwaki,,unreviewed,unassessed,2026,EXC-MACRO-POPULATION
LOC-bae706f6eea4,"macro.population.csv[8:{""country"": ""ZAF"", ""period"": ""2012"", ""scenario"": ""shared""}]",REG-MACRO-POPULATION,"""52832659""",persons,"Vopak/Reatile xlsx (GDP named range, Population columns); BLNS to be sourced",2025-03-24,nigel.zhuwaki,,unreviewed,unassessed,2026,EXC-MACRO-POPULATION
LOC-04484c974e8d,"macro.population.csv[9:{""country"": ""ZAF"", ""period"": ""2013"", ""scenario"": ""shared""}]",REG-MACRO-POPULATION,"""53687125""",persons,"Vopak/Reatile xlsx (GDP named range, Population columns); BLNS to be sourced",2025-03-24,nigel.zhuwaki,,unreviewed,unassessed,2026,EXC-MACRO-POPULATION
LOC-73a5058075e4,"macro.population.csv[10:{""country"": ""ZAF"", ""period"": ""2014"", ""scenario"": ""shared""}]",REG-MACRO-POPULATION,"""54544184""",persons,"Vopak/Reatile xlsx (GDP named range, Population columns); BLNS to be sourced",2025-03-24,nigel.zhuwaki,,unreviewed,unassessed,2026,EXC-MACRO-POPULATION
LOC-7c5573740d1a,"macro.population.csv[11:{""country"": ""ZAF"", ""period"": ""2015"", ""scenario"": ""shared""}]",REG-MACRO-POPULATION,"""55876504""",persons,"Vopak/Reatile xlsx (GDP named range, Population columns); BLNS to be sourced",2025-03-24,nigel.zhuwaki,,unreviewed,unassessed,2026,EXC-MACRO-POPULATION
LOC-2c4fd0c9b768,"macro.population.csv[12:{""country"": ""ZAF"", ""period"": ""2016"", ""scenario"": ""shared""}]",REG-MACRO-POPULATION,"""56422274""",persons,"Vopak/Reatile xlsx (GDP named range, Population columns); BLNS to be sourced",2025-03-24,nigel.zhuwaki,,unreviewed,unassessed,2026,EXC-MACRO-POPULATION
LOC-4adf249f2816,"macro.population.csv[13:{""country"": ""ZAF"", ""period"": ""2017"", ""scenario"": ""shared""}]",REG-MACRO-POPULATION,"""56641210""",persons,"Vopak/Reatile xlsx (GDP named range, Population columns); BLNS to be sourced",2025-03-24,nigel.zhuwaki,,unreviewed,unassessed,2026,EXC-MACRO-POPULATION
LOC-6b168b2c1004,"macro.population.csv[14:{""country"": ""ZAF"", ""period"": ""2018"", ""scenario"": ""shared""}]",REG-MACRO-POPULATION,"""57339635""",persons,"Vopak/Reatile xlsx (GDP named range, Population columns); BLNS to be sourced",2025-03-24,nigel.zhuwaki,,unreviewed,unassessed,2026,EXC-MACRO-POPULATION
LOC-8eb4f90d54a3,"macro.population.csv[15:{""country"": ""ZAF"", ""period"": ""2019"", ""scenario"": ""shared""}]",REG-MACRO-POPULATION,"""58087055""",persons,"Vopak/Reatile xlsx (GDP named range, Population columns); BLNS to be sourced",2025-03-24,nigel.zhuwaki,,unreviewed,unassessed,2026,EXC-MACRO-POPULATION
LOC-fcc4dee1ff39,"macro.population.csv[16:{""country"": ""ZAF"", ""period"": ""2020"", ""scenario"": ""shared""}]",REG-MACRO-POPULATION,"""58801927""",persons,"Vopak/Reatile xlsx (GDP named range, Population columns); BLNS to be sourced",2025-03-24,nigel.zhuwaki,,unreviewed,unassessed,2026,EXC-MACRO-POPULATION
LOC-b5b98b37c5d9,"macro.population.csv[17:{""country"": ""ZAF"", ""period"": ""2021"", ""scenario"": ""shared""}]",REG-MACRO-POPULATION,"""59392255""",persons,"Vopak/Reatile xlsx (GDP named range, Population columns); BLNS to be sourced",2025-03-24,nigel.zhuwaki,,unreviewed,unassessed,2026,EXC-MACRO-POPULATION
LOC-3c1550fbc628,"macro.population.csv[18:{""country"": ""ZAF"", ""period"": ""2022"", ""scenario"": ""shared""}]",REG-MACRO-POPULATION,"""59893886""",persons,"Vopak/Reatile xlsx (GDP named range, Population columns); BLNS to be sourced",2025-03-24,nigel.zhuwaki,,unreviewed,unassessed,2026,EXC-MACRO-POPULATION
LOC-6cf332dbd5a7,"macro.population.csv[19:{""country"": ""ZAF"", ""period"": ""2023"", ""scenario"": ""shared""}]",REG-MACRO-POPULATION,"""60414495""",persons,"Vopak/Reatile xlsx (GDP named range, Population columns); BLNS to be sourced",2025-03-24,nigel.zhuwaki,,unreviewed,unassessed,2026,EXC-MACRO-POPULATION
LOC-e3d8528d2d0f,"macro.population.csv[20:{""country"": ""ZAF"", ""period"": ""2024"", ""scenario"": ""shared""}]",REG-MACRO-POPULATION,"""61020221""",persons,"Vopak/Reatile xlsx (GDP named range, Population columns); BLNS to be sourced",2025-03-24,nigel.zhuwaki,,unreviewed,unassessed,2026,EXC-MACRO-POPULATION
LOC-5fd94234feaf,"macro.population.csv[21:{""country"": ""ZAF"", ""period"": ""2025"", ""scenario"": ""shared""}]",REG-MACRO-POPULATION,"""61673081""",persons,"Vopak/Reatile xlsx (GDP named range, Population columns); BLNS to be sourced",2025-03-24,nigel.zhuwaki,,unreviewed,unassessed,2026,EXC-MACRO-POPULATION
LOC-57cb4f357e1a,"macro.population.csv[22:{""country"": ""ZAF"", ""period"": ""2026"", ""scenario"": ""shared""}]",REG-MACRO-POPULATION,"""62305039""",persons,"Vopak/Reatile xlsx (GDP named range, Population columns); BLNS to be sourced",2025-03-24,nigel.zhuwaki,,unreviewed,unassessed,2026,EXC-MACRO-POPULATION
LOC-29649337697d,"macro.population.csv[23:{""country"": ""ZAF"", ""period"": ""2027"", ""scenario"": ""shared""}]",REG-MACRO-POPULATION,"""62918916""",persons,"Vopak/Reatile xlsx (GDP named range, Population columns); BLNS to be sourced",2025-03-24,nigel.zhuwaki,,unreviewed,unassessed,2026,EXC-MACRO-POPULATION
LOC-943a04e980a6,"macro.population.csv[24:{""country"": ""ZAF"", ""period"": ""2028"", ""scenario"": ""shared""}]",REG-MACRO-POPULATION,"""63514502""",persons,"Vopak/Reatile xlsx (GDP named range, Population columns); BLNS to be sourced",2025-03-24,nigel.zhuwaki,,unreviewed,unassessed,2026,EXC-MACRO-POPULATION
LOC-2ab72a6074ec,"macro.population.csv[25:{""country"": ""ZAF"", ""period"": ""2029"", ""scenario"": ""shared""}]",REG-MACRO-POPULATION,"""64093732""",persons,"Vopak/Reatile xlsx (GDP named range, Population columns); BLNS to be sourced",2025-03-24,nigel.zhuwaki,,unreviewed,unassessed,2026,EXC-MACRO-POPULATION
LOC-7d593aebddf5,"macro.population.csv[26:{""country"": ""ZAF"", ""period"": ""2030"", ""scenario"": ""shared""}]",REG-MACRO-POPULATION,"""64659278""",persons,"Vopak/Reatile xlsx (GDP named range, Population columns); BLNS to be sourced",2025-03-24,nigel.zhuwaki,,unreviewed,unassessed,2026,EXC-MACRO-POPULATION
LOC-90faaa405d99,"macro.population.csv[27:{""country"": ""ZAF"", ""period"": ""2031"", ""scenario"": ""shared""}]",REG-MACRO-POPULATION,"""65229814.227096096""",persons,"Vopak/Reatile xlsx (GDP named range, Population columns); BLNS to be sourced",2025-03-24,nigel.zhuwaki,,unreviewed,unassessed,2026,EXC-MACRO-POPULATION
LOC-02a5e0d97f6b,"macro.population.csv[28:{""country"": ""ZAF"", ""period"": ""2032"", ""scenario"": ""shared""}]",REG-MACRO-POPULATION,"""65805384.71372149""",persons,"Vopak/Reatile xlsx (GDP named range, Population columns); BLNS to be sourced",2025-03-24,nigel.zhuwaki,,unreviewed,unassessed,2026,EXC-MACRO-POPULATION
LOC-25349abb7c10,"macro.population.csv[29:{""country"": ""ZAF"", ""period"": ""2033"", ""scenario"": ""shared""}]",REG-MACRO-POPULATION,"""66386033.88083984""",persons,"Vopak/Reatile xlsx (GDP named range, Population columns); BLNS to be sourced",2025-03-24,nigel.zhuwaki,,unreviewed,unassessed,2026,EXC-MACRO-POPULATION
LOC-346b8c864f88,"macro.population.csv[30:{""country"": ""ZAF"", ""period"": ""2034"", ""scenario"": ""shared""}]",REG-MACRO-POPULATION,"""66971806.541373536""",persons,"Vopak/Reatile xlsx (GDP named range, Population columns); BLNS to be sourced",2025-03-24,nigel.zhuwaki,,unreviewed,unassessed,2026,EXC-MACRO-POPULATION
LOC-30d8aec3c064,"macro.population.csv[31:{""country"": ""ZAF"", ""period"": ""2035"", ""scenario"": ""shared""}]",REG-MACRO-POPULATION,"""67562747.90366225""",persons,"Vopak/Reatile xlsx (GDP named range, Population columns); BLNS to be sourced",2025-03-24,nigel.zhuwaki,,unreviewed,unassessed,2026,EXC-MACRO-POPULATION
LOC-cad4bf0cd48e,"macro.population.csv[32:{""country"": ""ZAF"", ""period"": ""2036"", ""scenario"": ""shared""}]",REG-MACRO-POPULATION,"""68158903.57495199""",persons,"Vopak/Reatile xlsx (GDP named range, Population columns); BLNS to be sourced",2025-03-24,nigel.zhuwaki,,unreviewed,unassessed,2026,EXC-MACRO-POPULATION
LOC-41c09958b9e3,"macro.population.csv[33:{""country"": ""ZAF"", ""period"": ""2037"", ""scenario"": ""shared""}]",REG-MACRO-POPULATION,"""68760319.56491494""",persons,"Vopak/Reatile xlsx (GDP named range, Population columns); BLNS to be sourced",2025-03-24,nigel.zhuwaki,,unreviewed,unassessed,2026,EXC-MACRO-POPULATION
LOC-1178488eb4b2,"macro.population.csv[34:{""country"": ""ZAF"", ""period"": ""2038"", ""scenario"": ""shared""}]",REG-MACRO-POPULATION,"""69367042.28920037""",persons,"Vopak/Reatile xlsx (GDP named range, Population columns); BLNS to be sourced",2025-03-24,nigel.zhuwaki,,unreviewed,unassessed,2026,EXC-MACRO-POPULATION
LOC-76877eebe74e,"macro.population.csv[35:{""country"": ""ZAF"", ""period"": ""2039"", ""scenario"": ""shared""}]",REG-MACRO-POPULATION,"""69979118.57301684""",persons,"Vopak/Reatile xlsx (GDP named range, Population columns); BLNS to be sourced",2025-03-24,nigel.zhuwaki,,unreviewed,unassessed,2026,EXC-MACRO-POPULATION
LOC-9f52598699b1,"macro.population.csv[36:{""country"": ""ZAF"", ""period"": ""2040"", ""scenario"": ""shared""}]",REG-MACRO-POPULATION,"""70596595.65474607""",persons,"Vopak/Reatile xlsx (GDP named range, Population columns); BLNS to be sourced",2025-03-24,nigel.zhuwaki,,unreviewed,unassessed,2026,EXC-MACRO-POPULATION
LOC-5233baca0fd7,"macro.population.csv[37:{""country"": ""ZAF"", ""period"": ""2041"", ""scenario"": ""shared""}]",REG-MACRO-POPULATION,"""71219521.1895887""",persons,"Vopak/Reatile xlsx (GDP named range, Population columns); BLNS to be sourced",2025-03-24,nigel.zhuwaki,,unreviewed,unassessed,2026,EXC-MACRO-POPULATION
LOC-f27ef9de6231,"macro.population.csv[38:{""country"": ""ZAF"", ""period"": ""2042"", ""scenario"": ""shared""}]",REG-MACRO-POPULATION,"""71847943.25324209""",persons,"Vopak/Reatile xlsx (GDP named range, Population columns); BLNS to be sourced",2025-03-24,nigel.zhuwaki,,unreviewed,unassessed,2026,EXC-MACRO-POPULATION
LOC-b8c498dd7a5b,"macro.population.csv[39:{""country"": ""ZAF"", ""period"": ""2043"", ""scenario"": ""shared""}]",REG-MACRO-POPULATION,"""72481910.34561078""",persons,"Vopak/Reatile xlsx (GDP named range, Population columns); BLNS to be sourced",2025-03-24,nigel.zhuwaki,,unreviewed,unassessed,2026,EXC-MACRO-POPULATION
LOC-fe07a1fc4f94,"macro.population.csv[40:{""country"": ""ZAF"", ""period"": ""2044"", ""scenario"": ""shared""}]",REG-MACRO-POPULATION,"""73121471.39454953""",persons,"Vopak/Reatile xlsx (GDP named range, Population columns); BLNS to be sourced",2025-03-24,nigel.zhuwaki,,unreviewed,unassessed,2026,EXC-MACRO-POPULATION
LOC-8077ee2d5df3,"macro.population.csv[41:{""country"": ""ZAF"", ""period"": ""2045"", ""scenario"": ""shared""}]",REG-MACRO-POPULATION,"""73766675.75963944""",persons,"Vopak/Reatile xlsx (GDP named range, Population columns); BLNS to be sourced",2025-03-24,nigel.zhuwaki,,unreviewed,unassessed,2026,EXC-MACRO-POPULATION
LOC-a2b49f4462c8,"macro.population.csv[42:{""country"": ""ZAF"", ""period"": ""2046"", ""scenario"": ""shared""}]",REG-MACRO-POPULATION,"""74417573.23599738""",persons,"Vopak/Reatile xlsx (GDP named range, Population columns); BLNS to be sourced",2025-03-24,nigel.zhuwaki,,unreviewed,unassessed,2026,EXC-MACRO-POPULATION
LOC-f8991f7588e0,"macro.population.csv[43:{""country"": ""ZAF"", ""period"": ""2047"", ""scenario"": ""shared""}]",REG-MACRO-POPULATION,"""75074214.05811904""",persons,"Vopak/Reatile xlsx (GDP named range, Population columns); BLNS to be sourced",2025-03-24,nigel.zhuwaki,,unreviewed,unassessed,2026,EXC-MACRO-POPULATION
LOC-3b99777ccc66,"macro.population.csv[44:{""country"": ""ZAF"", ""period"": ""2048"", ""scenario"": ""shared""}]",REG-MACRO-POPULATION,"""75736648.90375595""",persons,"Vopak/Reatile xlsx (GDP named range, Population columns); BLNS to be sourced",2025-03-24,nigel.zhuwaki,,unreviewed,unassessed,2026,EXC-MACRO-POPULATION
LOC-806220b6ecc4,"macro.population.csv[45:{""country"": ""ZAF"", ""period"": ""2049"", ""scenario"": ""shared""}]",REG-MACRO-POPULATION,"""76404928.89782657""",persons,"Vopak/Reatile xlsx (GDP named range, Population columns); BLNS to be sourced",2025-03-24,nigel.zhuwaki,,unreviewed,unassessed,2026,EXC-MACRO-POPULATION
LOC-cf83a32bc83d,"macro.population.csv[46:{""country"": ""ZAF"", ""period"": ""2050"", ""scenario"": ""shared""}]",REG-MACRO-POPULATION,"""77079105.61636202""",persons,"Vopak/Reatile xlsx (GDP named range, Population columns); BLNS to be sourced",2025-03-24,nigel.zhuwaki,,unreviewed,unassessed,2026,EXC-MACRO-POPULATION
LOC-6f26b7506df4,macro.fx_zar_usd.value,REG-MACRO-FX_ZAR_USD,null,ZAR per USD,TBD (SARB annual average),,nigel.zhuwaki,,unreviewed,unassessed,2026,EXC-MACRO-FX_ZAR_USD
LOC-bcab512cfde0,macro.crude_oil_litres_per_barrel.value,REG-MACRO-CRUDE_OIL_LITRES_PER_BARREL,158.987,litres per barrel,Vopak/Reatile xlsx (Crude_oil_litresPerBarrel),2025-03-24,nigel.zhuwaki,,unreviewed,unassessed,2026,EXC-MACRO-CRUDE_OIL_LITRES_PER_BARREL
LOC-0a4509eb44b6,marine.base_year_volume.by_port.durban.country,REG-MARINE-BASE_YEAR_VOLUME,"""ZAF""",litres per year (per port),"PROVISIONAL — literature mid-range placeholders pending teammate lookup (Transnet bunker volumes, Namport, IBIA bunker reports). See docs/methodology/params_sourcing.md",,nigel.zhuwaki,,unreviewed,unassessed,2026,EXC-MARINE-BASE_YEAR_VOLUME
LOC-c43986c9e60e,marine.base_year_volume.by_port.durban.value,REG-MARINE-BASE_YEAR_VOLUME,"""1.5e9""",litres per year (per port),"PROVISIONAL — literature mid-range placeholders pending teammate lookup (Transnet bunker volumes, Namport, IBIA bunker reports). See docs/methodology/params_sourcing.md",,nigel.zhuwaki,,unreviewed,unassessed,2026,EXC-MARINE-BASE_YEAR_VOLUME
LOC-465c4c37a3a4,marine.base_year_volume.by_port.durban.year,REG-MARINE-BASE_YEAR_VOLUME,2024,litres per year (per port),"PROVISIONAL — literature mid-range placeholders pending teammate lookup (Transnet bunker volumes, Namport, IBIA bunker reports). See docs/methodology/params_sourcing.md",,nigel.zhuwaki,,unreviewed,unassessed,2026,EXC-MARINE-BASE_YEAR_VOLUME
LOC-9d3c99899165,marine.base_year_volume.by_port.cape_town.country,REG-MARINE-BASE_YEAR_VOLUME,"""ZAF""",litres per year (per port),"PROVISIONAL — literature mid-range placeholders pending teammate lookup (Transnet bunker volumes, Namport, IBIA bunker reports). See docs/methodology/params_sourcing.md",,nigel.zhuwaki,,unreviewed,unassessed,2026,EXC-MARINE-BASE_YEAR_VOLUME
LOC-b187d6fad43a,marine.base_year_volume.by_port.cape_town.value,REG-MARINE-BASE_YEAR_VOLUME,"""0.5e9""",litres per year (per port),"PROVISIONAL — literature mid-range placeholders pending teammate lookup (Transnet bunker volumes, Namport, IBIA bunker reports). See docs/methodology/params_sourcing.md",,nigel.zhuwaki,,unreviewed,unassessed,2026,EXC-MARINE-BASE_YEAR_VOLUME
LOC-ca865d1c3f2a,marine.base_year_volume.by_port.cape_town.year,REG-MARINE-BASE_YEAR_VOLUME,2024,litres per year (per port),"PROVISIONAL — literature mid-range placeholders pending teammate lookup (Transnet bunker volumes, Namport, IBIA bunker reports). See docs/methodology/params_sourcing.md",,nigel.zhuwaki,,unreviewed,unassessed,2026,EXC-MARINE-BASE_YEAR_VOLUME
LOC-68219791e608,marine.base_year_volume.by_port.saldanha.country,REG-MARINE-BASE_YEAR_VOLUME,"""ZAF""",litres per year (per port),"PROVISIONAL — literature mid-range placeholders pending teammate lookup (Transnet bunker volumes, Namport, IBIA bunker reports). See docs/methodology/params_sourcing.md",,nigel.zhuwaki,,unreviewed,unassessed,2026,EXC-MARINE-BASE_YEAR_VOLUME
LOC-1908400da830,marine.base_year_volume.by_port.saldanha.value,REG-MARINE-BASE_YEAR_VOLUME,"""0.2e9""",litres per year (per port),"PROVISIONAL — literature mid-range placeholders pending teammate lookup (Transnet bunker volumes, Namport, IBIA bunker reports). See docs/methodology/params_sourcing.md",,nigel.zhuwaki,,unreviewed,unassessed,2026,EXC-MARINE-BASE_YEAR_VOLUME
LOC-80009a25d7b0,marine.base_year_volume.by_port.saldanha.year,REG-MARINE-BASE_YEAR_VOLUME,2024,litres per year (per port),"PROVISIONAL — literature mid-range placeholders pending teammate lookup (Transnet bunker volumes, Namport, IBIA bunker reports). See docs/methodology/params_sourcing.md",,nigel.zhuwaki,,unreviewed,unassessed,2026,EXC-MARINE-BASE_YEAR_VOLUME
LOC-344324d2af28,marine.base_year_volume.by_port.walvis_bay.country,REG-MARINE-BASE_YEAR_VOLUME,"""NAM""",litres per year (per port),"PROVISIONAL — literature mid-range placeholders pending teammate lookup (Transnet bunker volumes, Namport, IBIA bunker reports). See docs/methodology/params_sourcing.md",,nigel.zhuwaki,,unreviewed,unassessed,2026,EXC-MARINE-BASE_YEAR_VOLUME
LOC-b0815a48ab2f,marine.base_year_volume.by_port.walvis_bay.value,REG-MARINE-BASE_YEAR_VOLUME,"""0.25e9""",litres per year (per port),"PROVISIONAL — literature mid-range placeholders pending teammate lookup (Transnet bunker volumes, Namport, IBIA bunker reports). See docs/methodology/params_sourcing.md",,nigel.zhuwaki,,unreviewed,unassessed,2026,EXC-MARINE-BASE_YEAR_VOLUME
LOC-efd7d3cf615a,marine.base_year_volume.by_port.walvis_bay.year,REG-MARINE-BASE_YEAR_VOLUME,2024,litres per year (per port),"PROVISIONAL — literature mid-range placeholders pending teammate lookup (Transnet bunker volumes, Namport, IBIA bunker reports). See docs/methodology/params_sourcing.md",,nigel.zhuwaki,,unreviewed,unassessed,2026,EXC-MARINE-BASE_YEAR_VOLUME
LOC-e1126bc4d18c,marine.base_year_volume.by_port.luderitz.country,REG-MARINE-BASE_YEAR_VOLUME,"""NAM""",litres per year (per port),"PROVISIONAL — literature mid-range placeholders pending teammate lookup (Transnet bunker volumes, Namport, IBIA bunker reports). See docs/methodology/params_sourcing.md",,nigel.zhuwaki,,unreviewed,unassessed,2026,EXC-MARINE-BASE_YEAR_VOLUME
LOC-16cc7576548d,marine.base_year_volume.by_port.luderitz.value,REG-MARINE-BASE_YEAR_VOLUME,"""0.05e9""",litres per year (per port),"PROVISIONAL — literature mid-range placeholders pending teammate lookup (Transnet bunker volumes, Namport, IBIA bunker reports). See docs/methodology/params_sourcing.md",,nigel.zhuwaki,,unreviewed,unassessed,2026,EXC-MARINE-BASE_YEAR_VOLUME
LOC-a3ce5c6fcba8,marine.base_year_volume.by_port.luderitz.year,REG-MARINE-BASE_YEAR_VOLUME,2024,litres per year (per port),"PROVISIONAL — literature mid-range placeholders pending teammate lookup (Transnet bunker volumes, Namport, IBIA bunker reports). See docs/methodology/params_sourcing.md",,nigel.zhuwaki,,unreviewed,unassessed,2026,EXC-MARINE-BASE_YEAR_VOLUME
LOC-257be641edde,marine.elasticity.by_country.ZAF,REG-MARINE-ELASTICITY,0.4,dimensionless,PROVISIONAL — placeholder pending move to a proper port-throughput driver. See docs/methodology/params_sourcing.md,,nigel.zhuwaki,,unreviewed,unassessed,2026,EXC-MARINE-ELASTICITY
LOC-efa035cb5e76,marine.elasticity.by_country.NAM,REG-MARINE-ELASTICITY,0.4,dimensionless,PROVISIONAL — placeholder pending move to a proper port-throughput driver. See docs/methodology/params_sourcing.md,,nigel.zhuwaki,,unreviewed,unassessed,2026,EXC-MARINE-ELASTICITY
LOC-fb262a87de72,marine.elasticity.by_country.BWA,REG-MARINE-ELASTICITY,null,dimensionless,PROVISIONAL — placeholder pending move to a proper port-throughput driver. See docs/methodology/params_sourcing.md,,nigel.zhuwaki,,unreviewed,unassessed,2026,EXC-MARINE-ELASTICITY
LOC-8ca94d0b4df8,marine.elasticity.by_country.LSO,REG-MARINE-ELASTICITY,null,dimensionless,PROVISIONAL — placeholder pending move to a proper port-throughput driver. See docs/methodology/params_sourcing.md,,nigel.zhuwaki,,unreviewed,unassessed,2026,EXC-MARINE-ELASTICITY
LOC-e1863d5850b0,marine.elasticity.by_country.SWZ,REG-MARINE-ELASTICITY,null,dimensionless,PROVISIONAL — placeholder pending move to a proper port-throughput driver. See docs/methodology/params_sourcing.md,,nigel.zhuwaki,,unreviewed,unassessed,2026,EXC-MARINE-ELASTICITY
LOC-d9ed570ac488,marine.product_split.default.fuel_oil,REG-MARINE-PRODUCT_SPLIT,0.65,fraction (sums to 1),PROVISIONAL — literature mid-range; post-IMO 2020 the split is shifting toward more diesel. See docs/methodology/params_sourcing.md,,nigel.zhuwaki,,unreviewed,unassessed,2026,EXC-MARINE-PRODUCT_SPLIT
LOC-898b2d3fbbd2,marine.product_split.default.diesel_500ppm,REG-MARINE-PRODUCT_SPLIT,0.35,fraction (sums to 1),PROVISIONAL — literature mid-range; post-IMO 2020 the split is shifting toward more diesel. See docs/methodology/params_sourcing.md,,nigel.zhuwaki,,unreviewed,unassessed,2026,EXC-MARINE-PRODUCT_SPLIT
LOC-1c336fdcfc22,supply.refinery_capacity.by_country.ZAF.enref,REG-SUPPLY-REFINERY_CAPACITY,120,kbpd (thousand barrels per day),Vopak/Reatile xlsx (Refinery_capacity / Refinery),2025-03-24,nigel.zhuwaki,,unreviewed,unassessed,2026,EXC-SUPPLY-REFINERY_CAPACITY
LOC-ce2da92825e0,supply.refinery_capacity.by_country.ZAF.sapref,REG-SUPPLY-REFINERY_CAPACITY,180,kbpd (thousand barrels per day),Vopak/Reatile xlsx (Refinery_capacity / Refinery),2025-03-24,nigel.zhuwaki,,unreviewed,unassessed,2026,EXC-SUPPLY-REFINERY_CAPACITY
LOC-fd20184b7b03,supply.refinery_capacity.by_country.ZAF.natref,REG-SUPPLY-REFINERY_CAPACITY,108.5,kbpd (thousand barrels per day),Vopak/Reatile xlsx (Refinery_capacity / Refinery),2025-03-24,nigel.zhuwaki,,unreviewed,unassessed,2026,EXC-SUPPLY-REFINERY_CAPACITY
LOC-89f2a0f1eb25,supply.refinery_capacity.by_country.ZAF.sasol,REG-SUPPLY-REFINERY_CAPACITY,75,kbpd (thousand barrels per day),Vopak/Reatile xlsx (Refinery_capacity / Refinery),2025-03-24,nigel.zhuwaki,,unreviewed,unassessed,2026,EXC-SUPPLY-REFINERY_CAPACITY
LOC-15efb79daceb,supply.refinery_capacity.by_country.ZAF.astron,REG-SUPPLY-REFINERY_CAPACITY,100,kbpd (thousand barrels per day),Vopak/Reatile xlsx (Refinery_capacity / Refinery),2025-03-24,nigel.zhuwaki,,unreviewed,unassessed,2026,EXC-SUPPLY-REFINERY_CAPACITY
LOC-001eb598c74b,supply.refinery_capacity.by_country.ZAF.petrosa,REG-SUPPLY-REFINERY_CAPACITY,45,kbpd (thousand barrels per day),Vopak/Reatile xlsx (Refinery_capacity / Refinery),2025-03-24,nigel.zhuwaki,,unreviewed,unassessed,2026,EXC-SUPPLY-REFINERY_CAPACITY
LOC-bd436932bdca,supply.refinery_capacity.by_country.BWA,REG-SUPPLY-REFINERY_CAPACITY,null,kbpd (thousand barrels per day),Vopak/Reatile xlsx (Refinery_capacity / Refinery),2025-03-24,nigel.zhuwaki,,unreviewed,unassessed,2026,EXC-SUPPLY-REFINERY_CAPACITY
LOC-401c07c2f468,supply.refinery_capacity.by_country.LSO,REG-SUPPLY-REFINERY_CAPACITY,null,kbpd (thousand barrels per day),Vopak/Reatile xlsx (Refinery_capacity / Refinery),2025-03-24,nigel.zhuwaki,,unreviewed,unassessed,2026,EXC-SUPPLY-REFINERY_CAPACITY
LOC-f8c0c32e69a6,supply.refinery_capacity.by_country.NAM,REG-SUPPLY-REFINERY_CAPACITY,null,kbpd (thousand barrels per day),Vopak/Reatile xlsx (Refinery_capacity / Refinery),2025-03-24,nigel.zhuwaki,,unreviewed,unassessed,2026,EXC-SUPPLY-REFINERY_CAPACITY
LOC-573b90fb58a4,supply.refinery_capacity.by_country.SWZ,REG-SUPPLY-REFINERY_CAPACITY,null,kbpd (thousand barrels per day),Vopak/Reatile xlsx (Refinery_capacity / Refinery),2025-03-24,nigel.zhuwaki,,unreviewed,unassessed,2026,EXC-SUPPLY-REFINERY_CAPACITY
LOC-4b9152d2252e,supply.refinery_product_mix.by_country.ZAF.enref.gasoline,REG-SUPPLY-REFINERY_PRODUCT_MIX,0.45,fraction,Vopak/Reatile xlsx (SupplyFuelMix),2025-03-24,nigel.zhuwaki,,unreviewed,unassessed,2026,EXC-SUPPLY-REFINERY_PRODUCT_MIX
LOC-892789237733,supply.refinery_product_mix.by_country.ZAF.enref.diesel,REG-SUPPLY-REFINERY_PRODUCT_MIX,0.25,fraction,Vopak/Reatile xlsx (SupplyFuelMix),2025-03-24,nigel.zhuwaki,,unreviewed,unassessed,2026,EXC-SUPPLY-REFINERY_PRODUCT_MIX
LOC-5c82b8aeb04d,supply.refinery_product_mix.by_country.ZAF.enref.jet_a1,REG-SUPPLY-REFINERY_PRODUCT_MIX,0.0,fraction,Vopak/Reatile xlsx (SupplyFuelMix),2025-03-24,nigel.zhuwaki,,unreviewed,unassessed,2026,EXC-SUPPLY-REFINERY_PRODUCT_MIX
LOC-1190a3a7a016,supply.refinery_product_mix.by_country.ZAF.sapref.gasoline,REG-SUPPLY-REFINERY_PRODUCT_MIX,0.45,fraction,Vopak/Reatile xlsx (SupplyFuelMix),2025-03-24,nigel.zhuwaki,,unreviewed,unassessed,2026,EXC-SUPPLY-REFINERY_PRODUCT_MIX
LOC-4ab0d727a739,supply.refinery_product_mix.by_country.ZAF.sapref.diesel,REG-SUPPLY-REFINERY_PRODUCT_MIX,0.25,fraction,Vopak/Reatile xlsx (SupplyFuelMix),2025-03-24,nigel.zhuwaki,,unreviewed,unassessed,2026,EXC-SUPPLY-REFINERY_PRODUCT_MIX
LOC-a2554005059c,supply.refinery_product_mix.by_country.ZAF.sapref.jet_a1,REG-SUPPLY-REFINERY_PRODUCT_MIX,0.1,fraction,Vopak/Reatile xlsx (SupplyFuelMix),2025-03-24,nigel.zhuwaki,,unreviewed,unassessed,2026,EXC-SUPPLY-REFINERY_PRODUCT_MIX
LOC-e4b293c395ef,supply.refinery_product_mix.by_country.ZAF.natref.gasoline,REG-SUPPLY-REFINERY_PRODUCT_MIX,0.45,fraction,Vopak/Reatile xlsx (SupplyFuelMix),2025-03-24,nigel.zhuwaki,,unreviewed,unassessed,2026,EXC-SUPPLY-REFINERY_PRODUCT_MIX
LOC-77d3a7662ff4,supply.refinery_product_mix.by_country.ZAF.natref.diesel,REG-SUPPLY-REFINERY_PRODUCT_MIX,0.25,fraction,Vopak/Reatile xlsx (SupplyFuelMix),2025-03-24,nigel.zhuwaki,,unreviewed,unassessed,2026,EXC-SUPPLY-REFINERY_PRODUCT_MIX
LOC-34342bd6dc64,supply.refinery_product_mix.by_country.ZAF.natref.jet_a1,REG-SUPPLY-REFINERY_PRODUCT_MIX,0.1,fraction,Vopak/Reatile xlsx (SupplyFuelMix),2025-03-24,nigel.zhuwaki,,unreviewed,unassessed,2026,EXC-SUPPLY-REFINERY_PRODUCT_MIX
LOC-36593c96cfb9,supply.refinery_product_mix.by_country.ZAF.sasol.gasoline,REG-SUPPLY-REFINERY_PRODUCT_MIX,0.85,fraction,Vopak/Reatile xlsx (SupplyFuelMix),2025-03-24,nigel.zhuwaki,,unreviewed,unassessed,2026,EXC-SUPPLY-REFINERY_PRODUCT_MIX
LOC-95fb716f7d8c,supply.refinery_product_mix.by_country.ZAF.sasol.diesel,REG-SUPPLY-REFINERY_PRODUCT_MIX,0.15,fraction,Vopak/Reatile xlsx (SupplyFuelMix),2025-03-24,nigel.zhuwaki,,unreviewed,unassessed,2026,EXC-SUPPLY-REFINERY_PRODUCT_MIX
LOC-467c909fd778,supply.refinery_product_mix.by_country.ZAF.sasol.jet_a1,REG-SUPPLY-REFINERY_PRODUCT_MIX,0.0,fraction,Vopak/Reatile xlsx (SupplyFuelMix),2025-03-24,nigel.zhuwaki,,unreviewed,unassessed,2026,EXC-SUPPLY-REFINERY_PRODUCT_MIX
LOC-ca322332dd0d,supply.refinery_product_mix.by_country.ZAF.astron.gasoline,REG-SUPPLY-REFINERY_PRODUCT_MIX,0.45,fraction,Vopak/Reatile xlsx (SupplyFuelMix),2025-03-24,nigel.zhuwaki,,unreviewed,unassessed,2026,EXC-SUPPLY-REFINERY_PRODUCT_MIX
LOC-20ef64fac6ab,supply.refinery_product_mix.by_country.ZAF.astron.diesel,REG-SUPPLY-REFINERY_PRODUCT_MIX,0.25,fraction,Vopak/Reatile xlsx (SupplyFuelMix),2025-03-24,nigel.zhuwaki,,unreviewed,unassessed,2026,EXC-SUPPLY-REFINERY_PRODUCT_MIX
LOC-c37043212b40,supply.refinery_product_mix.by_country.ZAF.astron.jet_a1,REG-SUPPLY-REFINERY_PRODUCT_MIX,0.1,fraction,Vopak/Reatile xlsx (SupplyFuelMix),2025-03-24,nigel.zhuwaki,,unreviewed,unassessed,2026,EXC-SUPPLY-REFINERY_PRODUCT_MIX
LOC-a7af6b6384e2,supply.refinery_product_mix.by_country.ZAF.petrosa.gasoline,REG-SUPPLY-REFINERY_PRODUCT_MIX,0.85,fraction,Vopak/Reatile xlsx (SupplyFuelMix),2025-03-24,nigel.zhuwaki,,unreviewed,unassessed,2026,EXC-SUPPLY-REFINERY_PRODUCT_MIX
LOC-0ad4a8082fba,supply.refinery_product_mix.by_country.ZAF.petrosa.diesel,REG-SUPPLY-REFINERY_PRODUCT_MIX,0.15,fraction,Vopak/Reatile xlsx (SupplyFuelMix),2025-03-24,nigel.zhuwaki,,unreviewed,unassessed,2026,EXC-SUPPLY-REFINERY_PRODUCT_MIX
LOC-3ac2511f2627,supply.refinery_product_mix.by_country.ZAF.petrosa.jet_a1,REG-SUPPLY-REFINERY_PRODUCT_MIX,0.0,fraction,Vopak/Reatile xlsx (SupplyFuelMix),2025-03-24,nigel.zhuwaki,,unreviewed,unassessed,2026,EXC-SUPPLY-REFINERY_PRODUCT_MIX
LOC-47983fd81805,supply.refinery_product_mix.by_country.BWA,REG-SUPPLY-REFINERY_PRODUCT_MIX,null,fraction,Vopak/Reatile xlsx (SupplyFuelMix),2025-03-24,nigel.zhuwaki,,unreviewed,unassessed,2026,EXC-SUPPLY-REFINERY_PRODUCT_MIX
LOC-ed61dcd1965d,supply.refinery_product_mix.by_country.LSO,REG-SUPPLY-REFINERY_PRODUCT_MIX,null,fraction,Vopak/Reatile xlsx (SupplyFuelMix),2025-03-24,nigel.zhuwaki,,unreviewed,unassessed,2026,EXC-SUPPLY-REFINERY_PRODUCT_MIX
LOC-b8117a16a089,supply.refinery_product_mix.by_country.NAM,REG-SUPPLY-REFINERY_PRODUCT_MIX,null,fraction,Vopak/Reatile xlsx (SupplyFuelMix),2025-03-24,nigel.zhuwaki,,unreviewed,unassessed,2026,EXC-SUPPLY-REFINERY_PRODUCT_MIX
LOC-da8e41a5aed3,supply.refinery_product_mix.by_country.SWZ,REG-SUPPLY-REFINERY_PRODUCT_MIX,null,fraction,Vopak/Reatile xlsx (SupplyFuelMix),2025-03-24,nigel.zhuwaki,,unreviewed,unassessed,2026,EXC-SUPPLY-REFINERY_PRODUCT_MIX
LOC-fbe166d00105,"supply.refinery_utilisation.csv[1:{""country"": ""ZAF:enref"", ""period"": ""2022"", ""scenario"": ""high_demand""}]",REG-SUPPLY-REFINERY_UTILISATION,"""0""",fraction,Vopak/Reatile xlsx (Production_High / Production_Low),2025-03-24,nigel.zhuwaki,,unreviewed,unassessed,2026,EXC-SUPPLY-REFINERY_UTILISATION
LOC-5ff85af10e3c,"supply.refinery_utilisation.csv[2:{""country"": ""ZAF:sapref"", ""period"": ""2022"", ""scenario"": ""high_demand""}]",REG-SUPPLY-REFINERY_UTILISATION,"""0""",fraction,Vopak/Reatile xlsx (Production_High / Production_Low),2025-03-24,nigel.zhuwaki,,unreviewed,unassessed,2026,EXC-SUPPLY-REFINERY_UTILISATION
LOC-8c0803b3cfd9,"supply.refinery_utilisation.csv[3:{""country"": ""ZAF:natref"", ""period"": ""2022"", ""scenario"": ""high_demand""}]",REG-SUPPLY-REFINERY_UTILISATION,"""0.873""",fraction,Vopak/Reatile xlsx (Production_High / Production_Low),2025-03-24,nigel.zhuwaki,,unreviewed,unassessed,2026,EXC-SUPPLY-REFINERY_UTILISATION
LOC-f44f36378539,"supply.refinery_utilisation.csv[4:{""country"": ""ZAF:sasol"", ""period"": ""2022"", ""scenario"": ""high_demand""}]",REG-SUPPLY-REFINERY_UTILISATION,"""0.9""",fraction,Vopak/Reatile xlsx (Production_High / Production_Low),2025-03-24,nigel.zhuwaki,,unreviewed,unassessed,2026,EXC-SUPPLY-REFINERY_UTILISATION
LOC-ebe3ef5aab42,"supply.refinery_utilisation.csv[5:{""country"": ""ZAF:astron"", ""period"": ""2022"", ""scenario"": ""high_demand""}]",REG-SUPPLY-REFINERY_UTILISATION,"""0""",fraction,Vopak/Reatile xlsx (Production_High / Production_Low),2025-03-24,nigel.zhuwaki,,unreviewed,unassessed,2026,EXC-SUPPLY-REFINERY_UTILISATION
LOC-be40412ef499,"supply.refinery_utilisation.csv[6:{""country"": ""ZAF:petrosa"", ""period"": ""2022"", ""scenario"": ""high_demand""}]",REG-SUPPLY-REFINERY_UTILISATION,"""0""",fraction,Vopak/Reatile xlsx (Production_High / Production_Low),2025-03-24,nigel.zhuwaki,,unreviewed,unassessed,2026,EXC-SUPPLY-REFINERY_UTILISATION
LOC-3a493c118a15,"supply.refinery_utilisation.csv[7:{""country"": ""ZAF:enref"", ""period"": ""2023"", ""scenario"": ""high_demand""}]",REG-SUPPLY-REFINERY_UTILISATION,"""0""",fraction,Vopak/Reatile xlsx (Production_High / Production_Low),2025-03-24,nigel.zhuwaki,,unreviewed,unassessed,2026,EXC-SUPPLY-REFINERY_UTILISATION
LOC-5e3f9330ac20,"supply.refinery_utilisation.csv[8:{""country"": ""ZAF:sapref"", ""period"": ""2023"", ""scenario"": ""high_demand""}]",REG-SUPPLY-REFINERY_UTILISATION,"""0""",fraction,Vopak/Reatile xlsx (Production_High / Production_Low),2025-03-24,nigel.zhuwaki,,unreviewed,unassessed,2026,EXC-SUPPLY-REFINERY_UTILISATION
LOC-c47ce4dbc513,"supply.refinery_utilisation.csv[9:{""country"": ""ZAF:natref"", ""period"": ""2023"", ""scenario"": ""high_demand""}]",REG-SUPPLY-REFINERY_UTILISATION,"""0.875""",fraction,Vopak/Reatile xlsx (Production_High / Production_Low),2025-03-24,nigel.zhuwaki,,unreviewed,unassessed,2026,EXC-SUPPLY-REFINERY_UTILISATION
LOC-cad980c5f97d,"supply.refinery_utilisation.csv[10:{""country"": ""ZAF:sasol"", ""period"": ""2023"", ""scenario"": ""high_demand""}]",REG-SUPPLY-REFINERY_UTILISATION,"""0.9123""",fraction,Vopak/Reatile xlsx (Production_High / Production_Low),2025-03-24,nigel.zhuwaki,,unreviewed,unassessed,2026,EXC-SUPPLY-REFINERY_UTILISATION
LOC-0e029fc6c149,"supply.refinery_utilisation.csv[11:{""country"": ""ZAF:astron"", ""period"": ""2023"", ""scenario"": ""high_demand""}]",REG-SUPPLY-REFINERY_UTILISATION,"""0.5""",fraction,Vopak/Reatile xlsx (Production_High / Production_Low),2025-03-24,nigel.zhuwaki,,unreviewed,unassessed,2026,EXC-SUPPLY-REFINERY_UTILISATION
LOC-652badc85ec2,"supply.refinery_utilisation.csv[12:{""country"": ""ZAF:petrosa"", ""period"": ""2023"", ""scenario"": ""high_demand""}]",REG-SUPPLY-REFINERY_UTILISATION,"""0""",fraction,Vopak/Reatile xlsx (Production_High / Production_Low),2025-03-24,nigel.zhuwaki,,unreviewed,unassessed,2026,EXC-SUPPLY-REFINERY_UTILISATION
LOC-069f84454ef4,"supply.refinery_utilisation.csv[13:{""country"": ""ZAF:enref"", ""period"": ""2024"", ""scenario"": ""high_demand""}]",REG-SUPPLY-REFINERY_UTILISATION,"""0""",fraction,Vopak/Reatile xlsx (Production_High / Production_Low),2025-03-24,nigel.zhuwaki,,unreviewed,unassessed,2026,EXC-SUPPLY-REFINERY_UTILISATION
LOC-4a4cc7c0f5db,"supply.refinery_utilisation.csv[14:{""country"": ""ZAF:sapref"", ""period"": ""2024"", ""scenario"": ""high_demand""}]",REG-SUPPLY-REFINERY_UTILISATION,"""0""",fraction,Vopak/Reatile xlsx (Production_High / Production_Low),2025-03-24,nigel.zhuwaki,,unreviewed,unassessed,2026,EXC-SUPPLY-REFINERY_UTILISATION
LOC-76eb6971a425,"supply.refinery_utilisation.csv[15:{""country"": ""ZAF:natref"", ""period"": ""2024"", ""scenario"": ""high_demand""}]",REG-SUPPLY-REFINERY_UTILISATION,"""0.88""",fraction,Vopak/Reatile xlsx (Production_High / Production_Low),2025-03-24,nigel.zhuwaki,,unreviewed,unassessed,2026,EXC-SUPPLY-REFINERY_UTILISATION
LOC-05edc563c5ad,"supply.refinery_utilisation.csv[16:{""country"": ""ZAF:sasol"", ""period"": ""2024"", ""scenario"": ""high_demand""}]",REG-SUPPLY-REFINERY_UTILISATION,"""0.9246""",fraction,Vopak/Reatile xlsx (Production_High / Production_Low),2025-03-24,nigel.zhuwaki,,unreviewed,unassessed,2026,EXC-SUPPLY-REFINERY_UTILISATION
LOC-ebbded278175,"supply.refinery_utilisation.csv[17:{""country"": ""ZAF:astron"", ""period"": ""2024"", ""scenario"": ""high_demand""}]",REG-SUPPLY-REFINERY_UTILISATION,"""0.9""",fraction,Vopak/Reatile xlsx (Production_High / Production_Low),2025-03-24,nigel.zhuwaki,,unreviewed,unassessed,2026,EXC-SUPPLY-REFINERY_UTILISATION
LOC-d19d55d036dd,"supply.refinery_utilisation.csv[18:{""country"": ""ZAF:petrosa"", ""period"": ""2024"", ""scenario"": ""high_demand""}]",REG-SUPPLY-REFINERY_UTILISATION,"""0""",fraction,Vopak/Reatile xlsx (Production_High / Production_Low),2025-03-24,nigel.zhuwaki,,unreviewed,unassessed,2026,EXC-SUPPLY-REFINERY_UTILISATION
LOC-148006c57168,"supply.refinery_utilisation.csv[19:{""country"": ""ZAF:enref"", ""period"": ""2025"", ""scenario"": ""high_demand""}]",REG-SUPPLY-REFINERY_UTILISATION,"""0""",fraction,Vopak/Reatile xlsx (Production_High / Production_Low),2025-03-24,nigel.zhuwaki,,unreviewed,unassessed,2026,EXC-SUPPLY-REFINERY_UTILISATION
LOC-d8bbbf484577,"supply.refinery_utilisation.csv[20:{""country"": ""ZAF:sapref"", ""period"": ""2025"", ""scenario"": ""high_demand""}]",REG-SUPPLY-REFINERY_UTILISATION,"""0""",fraction,Vopak/Reatile xlsx (Production_High / Production_Low),2025-03-24,nigel.zhuwaki,,unreviewed,unassessed,2026,EXC-SUPPLY-REFINERY_UTILISATION
LOC-d18f78644db7,"supply.refinery_utilisation.csv[21:{""country"": ""ZAF:natref"", ""period"": ""2025"", ""scenario"": ""high_demand""}]",REG-SUPPLY-REFINERY_UTILISATION,"""0.85""",fraction,Vopak/Reatile xlsx (Production_High / Production_Low),2025-03-24,nigel.zhuwaki,,unreviewed,unassessed,2026,EXC-SUPPLY-REFINERY_UTILISATION
LOC-997117ec7cab,"supply.refinery_utilisation.csv[22:{""country"": ""ZAF:sasol"", ""period"": ""2025"", ""scenario"": ""high_demand""}]",REG-SUPPLY-REFINERY_UTILISATION,"""0.9369""",fraction,Vopak/Reatile xlsx (Production_High / Production_Low),2025-03-24,nigel.zhuwaki,,unreviewed,unassessed,2026,EXC-SUPPLY-REFINERY_UTILISATION
LOC-ef30ca66c8b3,"supply.refinery_utilisation.csv[23:{""country"": ""ZAF:astron"", ""period"": ""2025"", ""scenario"": ""high_demand""}]",REG-SUPPLY-REFINERY_UTILISATION,"""0.9""",fraction,Vopak/Reatile xlsx (Production_High / Production_Low),2025-03-24,nigel.zhuwaki,,unreviewed,unassessed,2026,EXC-SUPPLY-REFINERY_UTILISATION
LOC-68ebb1175052,"supply.refinery_utilisation.csv[24:{""country"": ""ZAF:petrosa"", ""period"": ""2025"", ""scenario"": ""high_demand""}]",REG-SUPPLY-REFINERY_UTILISATION,"""0""",fraction,Vopak/Reatile xlsx (Production_High / Production_Low),2025-03-24,nigel.zhuwaki,,unreviewed,unassessed,2026,EXC-SUPPLY-REFINERY_UTILISATION
LOC-7d9c3d3ded62,"supply.refinery_utilisation.csv[25:{""country"": ""ZAF:enref"", ""period"": ""2026"", ""scenario"": ""high_demand""}]",REG-SUPPLY-REFINERY_UTILISATION,"""0""",fraction,Vopak/Reatile xlsx (Production_High / Production_Low),2025-03-24,nigel.zhuwaki,,unreviewed,unassessed,2026,EXC-SUPPLY-REFINERY_UTILISATION
LOC-b8535ef0b0ab,"supply.refinery_utilisation.csv[26:{""country"": ""ZAF:sapref"", ""period"": ""2026"", ""scenario"": ""high_demand""}]",REG-SUPPLY-REFINERY_UTILISATION,"""0""",fraction,Vopak/Reatile xlsx (Production_High / Production_Low),2025-03-24,nigel.zhuwaki,,unreviewed,unassessed,2026,EXC-SUPPLY-REFINERY_UTILISATION
LOC-08d89a2be4db,"supply.refinery_utilisation.csv[27:{""country"": ""ZAF:natref"", ""period"": ""2026"", ""scenario"": ""high_demand""}]",REG-SUPPLY-REFINERY_UTILISATION,"""0.85""",fraction,Vopak/Reatile xlsx (Production_High / Production_Low),2025-03-24,nigel.zhuwaki,,unreviewed,unassessed,2026,EXC-SUPPLY-REFINERY_UTILISATION
LOC-65e4a2d74481,"supply.refinery_utilisation.csv[28:{""country"": ""ZAF:sasol"", ""period"": ""2026"", ""scenario"": ""high_demand""}]",REG-SUPPLY-REFINERY_UTILISATION,"""0.9492""",fraction,Vopak/Reatile xlsx (Production_High / Production_Low),2025-03-24,nigel.zhuwaki,,unreviewed,unassessed,2026,EXC-SUPPLY-REFINERY_UTILISATION
LOC-f92d09423748,"supply.refinery_utilisation.csv[29:{""country"": ""ZAF:astron"", ""period"": ""2026"", ""scenario"": ""high_demand""}]",REG-SUPPLY-REFINERY_UTILISATION,"""0.9""",fraction,Vopak/Reatile xlsx (Production_High / Production_Low),2025-03-24,nigel.zhuwaki,,unreviewed,unassessed,2026,EXC-SUPPLY-REFINERY_UTILISATION
LOC-28f330f1bd55,"supply.refinery_utilisation.csv[30:{""country"": ""ZAF:petrosa"", ""period"": ""2026"", ""scenario"": ""high_demand""}]",REG-SUPPLY-REFINERY_UTILISATION,"""0""",fraction,Vopak/Reatile xlsx (Production_High / Production_Low),2025-03-24,nigel.zhuwaki,,unreviewed,unassessed,2026,EXC-SUPPLY-REFINERY_UTILISATION
LOC-c75a37197d0c,"supply.refinery_utilisation.csv[31:{""country"": ""ZAF:enref"", ""period"": ""2027"", ""scenario"": ""high_demand""}]",REG-SUPPLY-REFINERY_UTILISATION,"""0""",fraction,Vopak/Reatile xlsx (Production_High / Production_Low),2025-03-24,nigel.zhuwaki,,unreviewed,unassessed,2026,EXC-SUPPLY-REFINERY_UTILISATION
LOC-543df0bdb2f9,"supply.refinery_utilisation.csv[32:{""country"": ""ZAF:sapref"", ""period"": ""2027"", ""scenario"": ""high_demand""}]",REG-SUPPLY-REFINERY_UTILISATION,"""0""",fraction,Vopak/Reatile xlsx (Production_High / Production_Low),2025-03-24,nigel.zhuwaki,,unreviewed,unassessed,2026,EXC-SUPPLY-REFINERY_UTILISATION
LOC-68d914d0a65b,"supply.refinery_utilisation.csv[33:{""country"": ""ZAF:natref"", ""period"": ""2027"", ""scenario"": ""high_demand""}]",REG-SUPPLY-REFINERY_UTILISATION,"""0.85""",fraction,Vopak/Reatile xlsx (Production_High / Production_Low),2025-03-24,nigel.zhuwaki,,unreviewed,unassessed,2026,EXC-SUPPLY-REFINERY_UTILISATION
LOC-3278448737c9,"supply.refinery_utilisation.csv[34:{""country"": ""ZAF:sasol"", ""period"": ""2027"", ""scenario"": ""high_demand""}]",REG-SUPPLY-REFINERY_UTILISATION,"""0.9615""",fraction,Vopak/Reatile xlsx (Production_High / Production_Low),2025-03-24,nigel.zhuwaki,,unreviewed,unassessed,2026,EXC-SUPPLY-REFINERY_UTILISATION
LOC-72aea38caeb0,"supply.refinery_utilisation.csv[35:{""country"": ""ZAF:astron"", ""period"": ""2027"", ""scenario"": ""high_demand""}]",REG-SUPPLY-REFINERY_UTILISATION,"""0.9""",fraction,Vopak/Reatile xlsx (Production_High / Production_Low),2025-03-24,nigel.zhuwaki,,unreviewed,unassessed,2026,EXC-SUPPLY-REFINERY_UTILISATION
LOC-5bf5afd162de,"supply.refinery_utilisation.csv[36:{""country"": ""ZAF:petrosa"", ""period"": ""2027"", ""scenario"": ""high_demand""}]",REG-SUPPLY-REFINERY_UTILISATION,"""0""",fraction,Vopak/Reatile xlsx (Production_High / Production_Low),2025-03-24,nigel.zhuwaki,,unreviewed,unassessed,2026,EXC-SUPPLY-REFINERY_UTILISATION
LOC-e7c25317ab1d,"supply.refinery_utilisation.csv[37:{""country"": ""ZAF:enref"", ""period"": ""2028"", ""scenario"": ""high_demand""}]",REG-SUPPLY-REFINERY_UTILISATION,"""0""",fraction,Vopak/Reatile xlsx (Production_High / Production_Low),2025-03-24,nigel.zhuwaki,,unreviewed,unassessed,2026,EXC-SUPPLY-REFINERY_UTILISATION
LOC-81a1f924f3cf,"supply.refinery_utilisation.csv[38:{""country"": ""ZAF:sapref"", ""period"": ""2028"", ""scenario"": ""high_demand""}]",REG-SUPPLY-REFINERY_UTILISATION,"""0""",fraction,Vopak/Reatile xlsx (Production_High / Production_Low),2025-03-24,nigel.zhuwaki,,unreviewed,unassessed,2026,EXC-SUPPLY-REFINERY_UTILISATION
LOC-0bd6609ff922,"supply.refinery_utilisation.csv[39:{""country"": ""ZAF:natref"", ""period"": ""2028"", ""scenario"": ""high_demand""}]",REG-SUPPLY-REFINERY_UTILISATION,"""0.85""",fraction,Vopak/Reatile xlsx (Production_High / Production_Low),2025-03-24,nigel.zhuwaki,,unreviewed,unassessed,2026,EXC-SUPPLY-REFINERY_UTILISATION
LOC-3539316beabb,"supply.refinery_utilisation.csv[40:{""country"": ""ZAF:sasol"", ""period"": ""2028"", ""scenario"": ""high_demand""}]",REG-SUPPLY-REFINERY_UTILISATION,"""0.9737""",fraction,Vopak/Reatile xlsx (Production_High / Production_Low),2025-03-24,nigel.zhuwaki,,unreviewed,unassessed,2026,EXC-SUPPLY-REFINERY_UTILISATION
LOC-0b40318de48c,"supply.refinery_utilisation.csv[41:{""country"": ""ZAF:astron"", ""period"": ""2028"", ""scenario"": ""high_demand""}]",REG-SUPPLY-REFINERY_UTILISATION,"""0.9""",fraction,Vopak/Reatile xlsx (Production_High / Production_Low),2025-03-24,nigel.zhuwaki,,unreviewed,unassessed,2026,EXC-SUPPLY-REFINERY_UTILISATION
LOC-ab365df4d713,"supply.refinery_utilisation.csv[42:{""country"": ""ZAF:petrosa"", ""period"": ""2028"", ""scenario"": ""high_demand""}]",REG-SUPPLY-REFINERY_UTILISATION,"""0""",fraction,Vopak/Reatile xlsx (Production_High / Production_Low),2025-03-24,nigel.zhuwaki,,unreviewed,unassessed,2026,EXC-SUPPLY-REFINERY_UTILISATION
LOC-f3a3eb1b57c2,"supply.refinery_utilisation.csv[43:{""country"": ""ZAF:enref"", ""period"": ""2029"", ""scenario"": ""high_demand""}]",REG-SUPPLY-REFINERY_UTILISATION,"""0""",fraction,Vopak/Reatile xlsx (Production_High / Production_Low),2025-03-24,nigel.zhuwaki,,unreviewed,unassessed,2026,EXC-SUPPLY-REFINERY_UTILISATION
LOC-64bc8774bcbc,"supply.refinery_utilisation.csv[44:{""country"": ""ZAF:sapref"", ""period"": ""2029"", ""scenario"": ""high_demand""}]",REG-SUPPLY-REFINERY_UTILISATION,"""0""",fraction,Vopak/Reatile xlsx (Production_High / Production_Low),2025-03-24,nigel.zhuwaki,,unreviewed,unassessed,2026,EXC-SUPPLY-REFINERY_UTILISATION
LOC-e9e93896d6f4,"supply.refinery_utilisation.csv[45:{""country"": ""ZAF:natref"", ""period"": ""2029"", ""scenario"": ""high_demand""}]",REG-SUPPLY-REFINERY_UTILISATION,"""0.85""",fraction,Vopak/Reatile xlsx (Production_High / Production_Low),2025-03-24,nigel.zhuwaki,,unreviewed,unassessed,2026,EXC-SUPPLY-REFINERY_UTILISATION
LOC-3ae1ea14a4e0,"supply.refinery_utilisation.csv[46:{""country"": ""ZAF:sasol"", ""period"": ""2029"", ""scenario"": ""high_demand""}]",REG-SUPPLY-REFINERY_UTILISATION,"""0.9437""",fraction,Vopak/Reatile xlsx (Production_High / Production_Low),2025-03-24,nigel.zhuwaki,,unreviewed,unassessed,2026,EXC-SUPPLY-REFINERY_UTILISATION
LOC-923cef41b4a7,"supply.refinery_utilisation.csv[47:{""country"": ""ZAF:astron"", ""period"": ""2029"", ""scenario"": ""high_demand""}]",REG-SUPPLY-REFINERY_UTILISATION,"""0.9""",fraction,Vopak/Reatile xlsx (Production_High / Production_Low),2025-03-24,nigel.zhuwaki,,unreviewed,unassessed,2026,EXC-SUPPLY-REFINERY_UTILISATION
LOC-00eaff3453bc,"supply.refinery_utilisation.csv[48:{""country"": ""ZAF:petrosa"", ""period"": ""2029"", ""scenario"": ""high_demand""}]",REG-SUPPLY-REFINERY_UTILISATION,"""0""",fraction,Vopak/Reatile xlsx (Production_High / Production_Low),2025-03-24,nigel.zhuwaki,,unreviewed,unassessed,2026,EXC-SUPPLY-REFINERY_UTILISATION
LOC-8580adbd6fd5,"supply.refinery_utilisation.csv[49:{""country"": ""ZAF:enref"", ""period"": ""2030"", ""scenario"": ""high_demand""}]",REG-SUPPLY-REFINERY_UTILISATION,"""0""",fraction,Vopak/Reatile xlsx (Production_High / Production_Low),2025-03-24,nigel.zhuwaki,,unreviewed,unassessed,2026,EXC-SUPPLY-REFINERY_UTILISATION
LOC-9c5e1b90c40a,"supply.refinery_utilisation.csv[50:{""country"": ""ZAF:sapref"", ""period"": ""2030"", ""scenario"": ""high_demand""}]",REG-SUPPLY-REFINERY_UTILISATION,"""0""",fraction,Vopak/Reatile xlsx (Production_High / Production_Low),2025-03-24,nigel.zhuwaki,,unreviewed,unassessed,2026,EXC-SUPPLY-REFINERY_UTILISATION
LOC-0c92ce3fd6ca,"supply.refinery_utilisation.csv[51:{""country"": ""ZAF:natref"", ""period"": ""2030"", ""scenario"": ""high_demand""}]",REG-SUPPLY-REFINERY_UTILISATION,"""0.85""",fraction,Vopak/Reatile xlsx (Production_High / Production_Low),2025-03-24,nigel.zhuwaki,,unreviewed,unassessed,2026,EXC-SUPPLY-REFINERY_UTILISATION
LOC-5f97a63a5e22,"supply.refinery_utilisation.csv[52:{""country"": ""ZAF:sasol"", ""period"": ""2030"", ""scenario"": ""high_demand""}]",REG-SUPPLY-REFINERY_UTILISATION,"""0.9437""",fraction,Vopak/Reatile xlsx (Production_High / Production_Low),2025-03-24,nigel.zhuwaki,,unreviewed,unassessed,2026,EXC-SUPPLY-REFINERY_UTILISATION
LOC-72693fe7ec20,"supply.refinery_utilisation.csv[53:{""country"": ""ZAF:astron"", ""period"": ""2030"", ""scenario"": ""high_demand""}]",REG-SUPPLY-REFINERY_UTILISATION,"""0.9""",fraction,Vopak/Reatile xlsx (Production_High / Production_Low),2025-03-24,nigel.zhuwaki,,unreviewed,unassessed,2026,EXC-SUPPLY-REFINERY_UTILISATION
LOC-9a51e92aea0e,"supply.refinery_utilisation.csv[54:{""country"": ""ZAF:petrosa"", ""period"": ""2030"", ""scenario"": ""high_demand""}]",REG-SUPPLY-REFINERY_UTILISATION,"""0""",fraction,Vopak/Reatile xlsx (Production_High / Production_Low),2025-03-24,nigel.zhuwaki,,unreviewed,unassessed,2026,EXC-SUPPLY-REFINERY_UTILISATION
LOC-6209e98ee096,"supply.refinery_utilisation.csv[55:{""country"": ""ZAF:enref"", ""period"": ""2031"", ""scenario"": ""high_demand""}]",REG-SUPPLY-REFINERY_UTILISATION,"""0""",fraction,Vopak/Reatile xlsx (Production_High / Production_Low),2025-03-24,nigel.zhuwaki,,unreviewed,unassessed,2026,EXC-SUPPLY-REFINERY_UTILISATION
LOC-c0f27ed1e966,"supply.refinery_utilisation.csv[56:{""country"": ""ZAF:sapref"", ""period"": ""2031"", ""scenario"": ""high_demand""}]",REG-SUPPLY-REFINERY_UTILISATION,"""0""",fraction,Vopak/Reatile xlsx (Production_High / Production_Low),2025-03-24,nigel.zhuwaki,,unreviewed,unassessed,2026,EXC-SUPPLY-REFINERY_UTILISATION
LOC-6c2bc685476e,"supply.refinery_utilisation.csv[57:{""country"": ""ZAF:natref"", ""period"": ""2031"", ""scenario"": ""high_demand""}]",REG-SUPPLY-REFINERY_UTILISATION,"""0.85""",fraction,Vopak/Reatile xlsx (Production_High / Production_Low),2025-03-24,nigel.zhuwaki,,unreviewed,unassessed,2026,EXC-SUPPLY-REFINERY_UTILISATION
LOC-9bb888317426,"supply.refinery_utilisation.csv[58:{""country"": ""ZAF:sasol"", ""period"": ""2031"", ""scenario"": ""high_demand""}]",REG-SUPPLY-REFINERY_UTILISATION,"""0.9737""",fraction,Vopak/Reatile xlsx (Production_High / Production_Low),2025-03-24,nigel.zhuwaki,,unreviewed,unassessed,2026,EXC-SUPPLY-REFINERY_UTILISATION
LOC-986df17b2dd7,"supply.refinery_utilisation.csv[59:{""country"": ""ZAF:astron"", ""period"": ""2031"", ""scenario"": ""high_demand""}]",REG-SUPPLY-REFINERY_UTILISATION,"""0.9""",fraction,Vopak/Reatile xlsx (Production_High / Production_Low),2025-03-24,nigel.zhuwaki,,unreviewed,unassessed,2026,EXC-SUPPLY-REFINERY_UTILISATION
LOC-5abb22cc07eb,"supply.refinery_utilisation.csv[60:{""country"": ""ZAF:petrosa"", ""period"": ""2031"", ""scenario"": ""high_demand""}]",REG-SUPPLY-REFINERY_UTILISATION,"""0""",fraction,Vopak/Reatile xlsx (Production_High / Production_Low),2025-03-24,nigel.zhuwaki,,unreviewed,unassessed,2026,EXC-SUPPLY-REFINERY_UTILISATION
LOC-bf49b8172bc2,"supply.refinery_utilisation.csv[61:{""country"": ""ZAF:enref"", ""period"": ""2032"", ""scenario"": ""high_demand""}]",REG-SUPPLY-REFINERY_UTILISATION,"""0""",fraction,Vopak/Reatile xlsx (Production_High / Production_Low),2025-03-24,nigel.zhuwaki,,unreviewed,unassessed,2026,EXC-SUPPLY-REFINERY_UTILISATION
LOC-c3fc79cb6903,"supply.refinery_utilisation.csv[62:{""country"": ""ZAF:sapref"", ""period"": ""2032"", ""scenario"": ""high_demand""}]",REG-SUPPLY-REFINERY_UTILISATION,"""0""",fraction,Vopak/Reatile xlsx (Production_High / Production_Low),2025-03-24,nigel.zhuwaki,,unreviewed,unassessed,2026,EXC-SUPPLY-REFINERY_UTILISATION
LOC-bd5e7b2ec02c,"supply.refinery_utilisation.csv[63:{""country"": ""ZAF:natref"", ""period"": ""2032"", ""scenario"": ""high_demand""}]",REG-SUPPLY-REFINERY_UTILISATION,"""0.85""",fraction,Vopak/Reatile xlsx (Production_High / Production_Low),2025-03-24,nigel.zhuwaki,,unreviewed,unassessed,2026,EXC-SUPPLY-REFINERY_UTILISATION
LOC-a43fc0322fec,"supply.refinery_utilisation.csv[64:{""country"": ""ZAF:sasol"", ""period"": ""2032"", ""scenario"": ""high_demand""}]",REG-SUPPLY-REFINERY_UTILISATION,"""0.9737""",fraction,Vopak/Reatile xlsx (Production_High / Production_Low),2025-03-24,nigel.zhuwaki,,unreviewed,unassessed,2026,EXC-SUPPLY-REFINERY_UTILISATION
LOC-e8145bc71e7a,"supply.refinery_utilisation.csv[65:{""country"": ""ZAF:astron"", ""period"": ""2032"", ""scenario"": ""high_demand""}]",REG-SUPPLY-REFINERY_UTILISATION,"""0.9""",fraction,Vopak/Reatile xlsx (Production_High / Production_Low),2025-03-24,nigel.zhuwaki,,unreviewed,unassessed,2026,EXC-SUPPLY-REFINERY_UTILISATION
LOC-1a06d28c5de1,"supply.refinery_utilisation.csv[66:{""country"": ""ZAF:petrosa"", ""period"": ""2032"", ""scenario"": ""high_demand""}]",REG-SUPPLY-REFINERY_UTILISATION,"""0""",fraction,Vopak/Reatile xlsx (Production_High / Production_Low),2025-03-24,nigel.zhuwaki,,unreviewed,unassessed,2026,EXC-SUPPLY-REFINERY_UTILISATION
LOC-ac32ab0c7926,"supply.refinery_utilisation.csv[67:{""country"": ""ZAF:enref"", ""period"": ""2033"", ""scenario"": ""high_demand""}]",REG-SUPPLY-REFINERY_UTILISATION,"""0""",fraction,Vopak/Reatile xlsx (Production_High / Production_Low),2025-03-24,nigel.zhuwaki,,unreviewed,unassessed,2026,EXC-SUPPLY-REFINERY_UTILISATION
LOC-005787eb7648,"supply.refinery_utilisation.csv[68:{""country"": ""ZAF:sapref"", ""period"": ""2033"", ""scenario"": ""high_demand""}]",REG-SUPPLY-REFINERY_UTILISATION,"""0""",fraction,Vopak/Reatile xlsx (Production_High / Production_Low),2025-03-24,nigel.zhuwaki,,unreviewed,unassessed,2026,EXC-SUPPLY-REFINERY_UTILISATION
LOC-cf5f6f786246,"supply.refinery_utilisation.csv[69:{""country"": ""ZAF:natref"", ""period"": ""2033"", ""scenario"": ""high_demand""}]",REG-SUPPLY-REFINERY_UTILISATION,"""0.85""",fraction,Vopak/Reatile xlsx (Production_High / Production_Low),2025-03-24,nigel.zhuwaki,,unreviewed,unassessed,2026,EXC-SUPPLY-REFINERY_UTILISATION
LOC-9da1227227a8,"supply.refinery_utilisation.csv[70:{""country"": ""ZAF:sasol"", ""period"": ""2033"", ""scenario"": ""high_demand""}]",REG-SUPPLY-REFINERY_UTILISATION,"""0.9446""",fraction,Vopak/Reatile xlsx (Production_High / Production_Low),2025-03-24,nigel.zhuwaki,,unreviewed,unassessed,2026,EXC-SUPPLY-REFINERY_UTILISATION
LOC-8e9a16d89e93,"supply.refinery_utilisation.csv[71:{""country"": ""ZAF:astron"", ""period"": ""2033"", ""scenario"": ""high_demand""}]",REG-SUPPLY-REFINERY_UTILISATION,"""0.9""",fraction,Vopak/Reatile xlsx (Production_High / Production_Low),2025-03-24,nigel.zhuwaki,,unreviewed,unassessed,2026,EXC-SUPPLY-REFINERY_UTILISATION
LOC-fa845549f62f,"supply.refinery_utilisation.csv[72:{""country"": ""ZAF:petrosa"", ""period"": ""2033"", ""scenario"": ""high_demand""}]",REG-SUPPLY-REFINERY_UTILISATION,"""0""",fraction,Vopak/Reatile xlsx (Production_High / Production_Low),2025-03-24,nigel.zhuwaki,,unreviewed,unassessed,2026,EXC-SUPPLY-REFINERY_UTILISATION
LOC-b32bd7ef505d,"supply.refinery_utilisation.csv[73:{""country"": ""ZAF:enref"", ""period"": ""2034"", ""scenario"": ""high_demand""}]",REG-SUPPLY-REFINERY_UTILISATION,"""0""",fraction,Vopak/Reatile xlsx (Production_High / Production_Low),2025-03-24,nigel.zhuwaki,,unreviewed,unassessed,2026,EXC-SUPPLY-REFINERY_UTILISATION
LOC-8f58e2e19e9c,"supply.refinery_utilisation.csv[74:{""country"": ""ZAF:sapref"", ""period"": ""2034"", ""scenario"": ""high_demand""}]",REG-SUPPLY-REFINERY_UTILISATION,"""0""",fraction,Vopak/Reatile xlsx (Production_High / Production_Low),2025-03-24,nigel.zhuwaki,,unreviewed,unassessed,2026,EXC-SUPPLY-REFINERY_UTILISATION
LOC-908562321152,"supply.refinery_utilisation.csv[75:{""country"": ""ZAF:natref"", ""period"": ""2034"", ""scenario"": ""high_demand""}]",REG-SUPPLY-REFINERY_UTILISATION,"""0.85""",fraction,Vopak/Reatile xlsx (Production_High / Production_Low),2025-03-24,nigel.zhuwaki,,unreviewed,unassessed,2026,EXC-SUPPLY-REFINERY_UTILISATION
LOC-2dbd74a0d9b2,"supply.refinery_utilisation.csv[76:{""country"": ""ZAF:sasol"", ""period"": ""2034"", ""scenario"": ""high_demand""}]",REG-SUPPLY-REFINERY_UTILISATION,"""0.9155""",fraction,Vopak/Reatile xlsx (Production_High / Production_Low),2025-03-24,nigel.zhuwaki,,unreviewed,unassessed,2026,EXC-SUPPLY-REFINERY_UTILISATION
LOC-e2ab903aff3d,"supply.refinery_utilisation.csv[77:{""country"": ""ZAF:astron"", ""period"": ""2034"", ""scenario"": ""high_demand""}]",REG-SUPPLY-REFINERY_UTILISATION,"""0.9""",fraction,Vopak/Reatile xlsx (Production_High / Production_Low),2025-03-24,nigel.zhuwaki,,unreviewed,unassessed,2026,EXC-SUPPLY-REFINERY_UTILISATION
LOC-23f7bc9031b2,"supply.refinery_utilisation.csv[78:{""country"": ""ZAF:petrosa"", ""period"": ""2034"", ""scenario"": ""high_demand""}]",REG-SUPPLY-REFINERY_UTILISATION,"""0""",fraction,Vopak/Reatile xlsx (Production_High / Production_Low),2025-03-24,nigel.zhuwaki,,unreviewed,unassessed,2026,EXC-SUPPLY-REFINERY_UTILISATION
LOC-a602a24573b7,"supply.refinery_utilisation.csv[79:{""country"": ""ZAF:enref"", ""period"": ""2035"", ""scenario"": ""high_demand""}]",REG-SUPPLY-REFINERY_UTILISATION,"""0""",fraction,Vopak/Reatile xlsx (Production_High / Production_Low),2025-03-24,nigel.zhuwaki,,unreviewed,unassessed,2026,EXC-SUPPLY-REFINERY_UTILISATION
LOC-b2a507b6d97b,"supply.refinery_utilisation.csv[80:{""country"": ""ZAF:sapref"", ""period"": ""2035"", ""scenario"": ""high_demand""}]",REG-SUPPLY-REFINERY_UTILISATION,"""0""",fraction,Vopak/Reatile xlsx (Production_High / Production_Low),2025-03-24,nigel.zhuwaki,,unreviewed,unassessed,2026,EXC-SUPPLY-REFINERY_UTILISATION
LOC-7ce0830fdb2e,"supply.refinery_utilisation.csv[81:{""country"": ""ZAF:natref"", ""period"": ""2035"", ""scenario"": ""high_demand""}]",REG-SUPPLY-REFINERY_UTILISATION,"""0.85""",fraction,Vopak/Reatile xlsx (Production_High / Production_Low),2025-03-24,nigel.zhuwaki,,unreviewed,unassessed,2026,EXC-SUPPLY-REFINERY_UTILISATION
LOC-90be39a10451,"supply.refinery_utilisation.csv[82:{""country"": ""ZAF:sasol"", ""period"": ""2035"", ""scenario"": ""high_demand""}]",REG-SUPPLY-REFINERY_UTILISATION,"""0.8863""",fraction,Vopak/Reatile xlsx (Production_High / Production_Low),2025-03-24,nigel.zhuwaki,,unreviewed,unassessed,2026,EXC-SUPPLY-REFINERY_UTILISATION
LOC-9be12710bdd0,"supply.refinery_utilisation.csv[83:{""country"": ""ZAF:astron"", ""period"": ""2035"", ""scenario"": ""high_demand""}]",REG-SUPPLY-REFINERY_UTILISATION,"""0.9""",fraction,Vopak/Reatile xlsx (Production_High / Production_Low),2025-03-24,nigel.zhuwaki,,unreviewed,unassessed,2026,EXC-SUPPLY-REFINERY_UTILISATION
LOC-59643fc764eb,"supply.refinery_utilisation.csv[84:{""country"": ""ZAF:petrosa"", ""period"": ""2035"", ""scenario"": ""high_demand""}]",REG-SUPPLY-REFINERY_UTILISATION,"""0""",fraction,Vopak/Reatile xlsx (Production_High / Production_Low),2025-03-24,nigel.zhuwaki,,unreviewed,unassessed,2026,EXC-SUPPLY-REFINERY_UTILISATION
LOC-02f54ec266d5,"supply.refinery_utilisation.csv[85:{""country"": ""ZAF:enref"", ""period"": ""2036"", ""scenario"": ""high_demand""}]",REG-SUPPLY-REFINERY_UTILISATION,"""0""",fraction,Vopak/Reatile xlsx (Production_High / Production_Low),2025-03-24,nigel.zhuwaki,,unreviewed,unassessed,2026,EXC-SUPPLY-REFINERY_UTILISATION
LOC-bb1ee4669c84,"supply.refinery_utilisation.csv[86:{""country"": ""ZAF:sapref"", ""period"": ""2036"", ""scenario"": ""high_demand""}]",REG-SUPPLY-REFINERY_UTILISATION,"""0""",fraction,Vopak/Reatile xlsx (Production_High / Production_Low),2025-03-24,nigel.zhuwaki,,unreviewed,unassessed,2026,EXC-SUPPLY-REFINERY_UTILISATION
LOC-39a23c6cf536,"supply.refinery_utilisation.csv[87:{""country"": ""ZAF:natref"", ""period"": ""2036"", ""scenario"": ""high_demand""}]",REG-SUPPLY-REFINERY_UTILISATION,"""0.85""",fraction,Vopak/Reatile xlsx (Production_High / Production_Low),2025-03-24,nigel.zhuwaki,,unreviewed,unassessed,2026,EXC-SUPPLY-REFINERY_UTILISATION
LOC-498147218889,"supply.refinery_utilisation.csv[88:{""country"": ""ZAF:sasol"", ""period"": ""2036"", ""scenario"": ""high_demand""}]",REG-SUPPLY-REFINERY_UTILISATION,"""0.792""",fraction,Vopak/Reatile xlsx (Production_High / Production_Low),2025-03-24,nigel.zhuwaki,,unreviewed,unassessed,2026,EXC-SUPPLY-REFINERY_UTILISATION
LOC-9d82a8d6d004,"supply.refinery_utilisation.csv[89:{""country"": ""ZAF:astron"", ""period"": ""2036"", ""scenario"": ""high_demand""}]",REG-SUPPLY-REFINERY_UTILISATION,"""0.9""",fraction,Vopak/Reatile xlsx (Production_High / Production_Low),2025-03-24,nigel.zhuwaki,,unreviewed,unassessed,2026,EXC-SUPPLY-REFINERY_UTILISATION
LOC-11a93a9a1c07,"supply.refinery_utilisation.csv[90:{""country"": ""ZAF:petrosa"", ""period"": ""2036"", ""scenario"": ""high_demand""}]",REG-SUPPLY-REFINERY_UTILISATION,"""0""",fraction,Vopak/Reatile xlsx (Production_High / Production_Low),2025-03-24,nigel.zhuwaki,,unreviewed,unassessed,2026,EXC-SUPPLY-REFINERY_UTILISATION
LOC-0e55ec1a9350,"supply.refinery_utilisation.csv[91:{""country"": ""ZAF:enref"", ""period"": ""2037"", ""scenario"": ""high_demand""}]",REG-SUPPLY-REFINERY_UTILISATION,"""0""",fraction,Vopak/Reatile xlsx (Production_High / Production_Low),2025-03-24,nigel.zhuwaki,,unreviewed,unassessed,2026,EXC-SUPPLY-REFINERY_UTILISATION
LOC-6947334aa738,"supply.refinery_utilisation.csv[92:{""country"": ""ZAF:sapref"", ""period"": ""2037"", ""scenario"": ""high_demand""}]",REG-SUPPLY-REFINERY_UTILISATION,"""0""",fraction,Vopak/Reatile xlsx (Production_High / Production_Low),2025-03-24,nigel.zhuwaki,,unreviewed,unassessed,2026,EXC-SUPPLY-REFINERY_UTILISATION
LOC-3d67ec93174d,"supply.refinery_utilisation.csv[93:{""country"": ""ZAF:natref"", ""period"": ""2037"", ""scenario"": ""high_demand""}]",REG-SUPPLY-REFINERY_UTILISATION,"""0.85""",fraction,Vopak/Reatile xlsx (Production_High / Production_Low),2025-03-24,nigel.zhuwaki,,unreviewed,unassessed,2026,EXC-SUPPLY-REFINERY_UTILISATION
LOC-87e0de2a0715,"supply.refinery_utilisation.csv[94:{""country"": ""ZAF:sasol"", ""period"": ""2037"", ""scenario"": ""high_demand""}]",REG-SUPPLY-REFINERY_UTILISATION,"""0.792""",fraction,Vopak/Reatile xlsx (Production_High / Production_Low),2025-03-24,nigel.zhuwaki,,unreviewed,unassessed,2026,EXC-SUPPLY-REFINERY_UTILISATION
LOC-0b09f896fdbf,"supply.refinery_utilisation.csv[95:{""country"": ""ZAF:astron"", ""period"": ""2037"", ""scenario"": ""high_demand""}]",REG-SUPPLY-REFINERY_UTILISATION,"""0.9""",fraction,Vopak/Reatile xlsx (Production_High / Production_Low),2025-03-24,nigel.zhuwaki,,unreviewed,unassessed,2026,EXC-SUPPLY-REFINERY_UTILISATION
LOC-f29f90f2983d,"supply.refinery_utilisation.csv[96:{""country"": ""ZAF:petrosa"", ""period"": ""2037"", ""scenario"": ""high_demand""}]",REG-SUPPLY-REFINERY_UTILISATION,"""0""",fraction,Vopak/Reatile xlsx (Production_High / Production_Low),2025-03-24,nigel.zhuwaki,,unreviewed,unassessed,2026,EXC-SUPPLY-REFINERY_UTILISATION
LOC-b756ecb03cd0,"supply.refinery_utilisation.csv[97:{""country"": ""ZAF:enref"", ""period"": ""2038"", ""scenario"": ""high_demand""}]",REG-SUPPLY-REFINERY_UTILISATION,"""0""",fraction,Vopak/Reatile xlsx (Production_High / Production_Low),2025-03-24,nigel.zhuwaki,,unreviewed,unassessed,2026,EXC-SUPPLY-REFINERY_UTILISATION
LOC-27baa5b32041,"supply.refinery_utilisation.csv[98:{""country"": ""ZAF:sapref"", ""period"": ""2038"", ""scenario"": ""high_demand""}]",REG-SUPPLY-REFINERY_UTILISATION,"""0""",fraction,Vopak/Reatile xlsx (Production_High / Production_Low),2025-03-24,nigel.zhuwaki,,unreviewed,unassessed,2026,EXC-SUPPLY-REFINERY_UTILISATION
LOC-7cc5c8e5d32e,"supply.refinery_utilisation.csv[99:{""country"": ""ZAF:natref"", ""period"": ""2038"", ""scenario"": ""high_demand""}]",REG-SUPPLY-REFINERY_UTILISATION,"""0.85""",fraction,Vopak/Reatile xlsx (Production_High / Production_Low),2025-03-24,nigel.zhuwaki,,unreviewed,unassessed,2026,EXC-SUPPLY-REFINERY_UTILISATION
LOC-e7fbf6d81cba,"supply.refinery_utilisation.csv[100:{""country"": ""ZAF:sasol"", ""period"": ""2038"", ""scenario"": ""high_demand""}]",REG-SUPPLY-REFINERY_UTILISATION,"""0.792""",fraction,Vopak/Reatile xlsx (Production_High / Production_Low),2025-03-24,nigel.zhuwaki,,unreviewed,unassessed,2026,EXC-SUPPLY-REFINERY_UTILISATION
LOC-2ca05b969e4f,"supply.refinery_utilisation.csv[101:{""country"": ""ZAF:astron"", ""period"": ""2038"", ""scenario"": ""high_demand""}]",REG-SUPPLY-REFINERY_UTILISATION,"""0.9""",fraction,Vopak/Reatile xlsx (Production_High / Production_Low),2025-03-24,nigel.zhuwaki,,unreviewed,unassessed,2026,EXC-SUPPLY-REFINERY_UTILISATION
LOC-e66361804231,"supply.refinery_utilisation.csv[102:{""country"": ""ZAF:petrosa"", ""period"": ""2038"", ""scenario"": ""high_demand""}]",REG-SUPPLY-REFINERY_UTILISATION,"""0""",fraction,Vopak/Reatile xlsx (Production_High / Production_Low),2025-03-24,nigel.zhuwaki,,unreviewed,unassessed,2026,EXC-SUPPLY-REFINERY_UTILISATION
LOC-cd3707f58889,"supply.refinery_utilisation.csv[103:{""country"": ""ZAF:enref"", ""period"": ""2039"", ""scenario"": ""high_demand""}]",REG-SUPPLY-REFINERY_UTILISATION,"""0""",fraction,Vopak/Reatile xlsx (Production_High / Production_Low),2025-03-24,nigel.zhuwaki,,unreviewed,unassessed,2026,EXC-SUPPLY-REFINERY_UTILISATION
LOC-c1567a80a05e,"supply.refinery_utilisation.csv[104:{""country"": ""ZAF:sapref"", ""period"": ""2039"", ""scenario"": ""high_demand""}]",REG-SUPPLY-REFINERY_UTILISATION,"""0""",fraction,Vopak/Reatile xlsx (Production_High / Production_Low),2025-03-24,nigel.zhuwaki,,unreviewed,unassessed,2026,EXC-SUPPLY-REFINERY_UTILISATION
LOC-f4dd4f18d13f,"supply.refinery_utilisation.csv[105:{""country"": ""ZAF:natref"", ""period"": ""2039"", ""scenario"": ""high_demand""}]",REG-SUPPLY-REFINERY_UTILISATION,"""0.85""",fraction,Vopak/Reatile xlsx (Production_High / Production_Low),2025-03-24,nigel.zhuwaki,,unreviewed,unassessed,2026,EXC-SUPPLY-REFINERY_UTILISATION
LOC-a99c58ab985f,"supply.refinery_utilisation.csv[106:{""country"": ""ZAF:sasol"", ""period"": ""2039"", ""scenario"": ""high_demand""}]",REG-SUPPLY-REFINERY_UTILISATION,"""0.792""",fraction,Vopak/Reatile xlsx (Production_High / Production_Low),2025-03-24,nigel.zhuwaki,,unreviewed,unassessed,2026,EXC-SUPPLY-REFINERY_UTILISATION
LOC-8542b055f14c,"supply.refinery_utilisation.csv[107:{""country"": ""ZAF:astron"", ""period"": ""2039"", ""scenario"": ""high_demand""}]",REG-SUPPLY-REFINERY_UTILISATION,"""0.9""",fraction,Vopak/Reatile xlsx (Production_High / Production_Low),2025-03-24,nigel.zhuwaki,,unreviewed,unassessed,2026,EXC-SUPPLY-REFINERY_UTILISATION
LOC-de135dd38913,"supply.refinery_utilisation.csv[108:{""country"": ""ZAF:petrosa"", ""period"": ""2039"", ""scenario"": ""high_demand""}]",REG-SUPPLY-REFINERY_UTILISATION,"""0""",fraction,Vopak/Reatile xlsx (Production_High / Production_Low),2025-03-24,nigel.zhuwaki,,unreviewed,unassessed,2026,EXC-SUPPLY-REFINERY_UTILISATION
LOC-229306e79952,"supply.refinery_utilisation.csv[109:{""country"": ""ZAF:enref"", ""period"": ""2040"", ""scenario"": ""high_demand""}]",REG-SUPPLY-REFINERY_UTILISATION,"""0""",fraction,Vopak/Reatile xlsx (Production_High / Production_Low),2025-03-24,nigel.zhuwaki,,unreviewed,unassessed,2026,EXC-SUPPLY-REFINERY_UTILISATION
LOC-5e4f061153c8,"supply.refinery_utilisation.csv[110:{""country"": ""ZAF:sapref"", ""period"": ""2040"", ""scenario"": ""high_demand""}]",REG-SUPPLY-REFINERY_UTILISATION,"""0""",fraction,Vopak/Reatile xlsx (Production_High / Production_Low),2025-03-24,nigel.zhuwaki,,unreviewed,unassessed,2026,EXC-SUPPLY-REFINERY_UTILISATION
LOC-b92088c4f2a0,"supply.refinery_utilisation.csv[111:{""country"": ""ZAF:natref"", ""period"": ""2040"", ""scenario"": ""high_demand""}]",REG-SUPPLY-REFINERY_UTILISATION,"""0.85""",fraction,Vopak/Reatile xlsx (Production_High / Production_Low),2025-03-24,nigel.zhuwaki,,unreviewed,unassessed,2026,EXC-SUPPLY-REFINERY_UTILISATION
LOC-54af7cdce7ea,"supply.refinery_utilisation.csv[112:{""country"": ""ZAF:sasol"", ""period"": ""2040"", ""scenario"": ""high_demand""}]",REG-SUPPLY-REFINERY_UTILISATION,"""0.792""",fraction,Vopak/Reatile xlsx (Production_High / Production_Low),2025-03-24,nigel.zhuwaki,,unreviewed,unassessed,2026,EXC-SUPPLY-REFINERY_UTILISATION
LOC-4e557c2b26dc,"supply.refinery_utilisation.csv[113:{""country"": ""ZAF:astron"", ""period"": ""2040"", ""scenario"": ""high_demand""}]",REG-SUPPLY-REFINERY_UTILISATION,"""0.9""",fraction,Vopak/Reatile xlsx (Production_High / Production_Low),2025-03-24,nigel.zhuwaki,,unreviewed,unassessed,2026,EXC-SUPPLY-REFINERY_UTILISATION
LOC-064a817f45cf,"supply.refinery_utilisation.csv[114:{""country"": ""ZAF:petrosa"", ""period"": ""2040"", ""scenario"": ""high_demand""}]",REG-SUPPLY-REFINERY_UTILISATION,"""0""",fraction,Vopak/Reatile xlsx (Production_High / Production_Low),2025-03-24,nigel.zhuwaki,,unreviewed,unassessed,2026,EXC-SUPPLY-REFINERY_UTILISATION
LOC-00c52b9bc568,"supply.refinery_utilisation.csv[115:{""country"": ""ZAF:enref"", ""period"": ""2041"", ""scenario"": ""high_demand""}]",REG-SUPPLY-REFINERY_UTILISATION,"""0""",fraction,Vopak/Reatile xlsx (Production_High / Production_Low),2025-03-24,nigel.zhuwaki,,unreviewed,unassessed,2026,EXC-SUPPLY-REFINERY_UTILISATION
LOC-a434389ea0c0,"supply.refinery_utilisation.csv[116:{""country"": ""ZAF:sapref"", ""period"": ""2041"", ""scenario"": ""high_demand""}]",REG-SUPPLY-REFINERY_UTILISATION,"""0""",fraction,Vopak/Reatile xlsx (Production_High / Production_Low),2025-03-24,nigel.zhuwaki,,unreviewed,unassessed,2026,EXC-SUPPLY-REFINERY_UTILISATION
LOC-70be98844945,"supply.refinery_utilisation.csv[117:{""country"": ""ZAF:natref"", ""period"": ""2041"", ""scenario"": ""high_demand""}]",REG-SUPPLY-REFINERY_UTILISATION,"""0.85""",fraction,Vopak/Reatile xlsx (Production_High / Production_Low),2025-03-24,nigel.zhuwaki,,unreviewed,unassessed,2026,EXC-SUPPLY-REFINERY_UTILISATION
LOC-fc3db22754af,"supply.refinery_utilisation.csv[118:{""country"": ""ZAF:sasol"", ""period"": ""2041"", ""scenario"": ""high_demand""}]",REG-SUPPLY-REFINERY_UTILISATION,"""0.792""",fraction,Vopak/Reatile xlsx (Production_High / Production_Low),2025-03-24,nigel.zhuwaki,,unreviewed,unassessed,2026,EXC-SUPPLY-REFINERY_UTILISATION
LOC-6dd17c63e2dc,"supply.refinery_utilisation.csv[119:{""country"": ""ZAF:astron"", ""period"": ""2041"", ""scenario"": ""high_demand""}]",REG-SUPPLY-REFINERY_UTILISATION,"""0.9""",fraction,Vopak/Reatile xlsx (Production_High / Production_Low),2025-03-24,nigel.zhuwaki,,unreviewed,unassessed,2026,EXC-SUPPLY-REFINERY_UTILISATION
LOC-58d6cc8e0709,"supply.refinery_utilisation.csv[120:{""country"": ""ZAF:petrosa"", ""period"": ""2041"", ""scenario"": ""high_demand""}]",REG-SUPPLY-REFINERY_UTILISATION,"""0""",fraction,Vopak/Reatile xlsx (Production_High / Production_Low),2025-03-24,nigel.zhuwaki,,unreviewed,unassessed,2026,EXC-SUPPLY-REFINERY_UTILISATION
LOC-735847800e26,"supply.refinery_utilisation.csv[121:{""country"": ""ZAF:enref"", ""period"": ""2042"", ""scenario"": ""high_demand""}]",REG-SUPPLY-REFINERY_UTILISATION,"""0""",fraction,Vopak/Reatile xlsx (Production_High / Production_Low),2025-03-24,nigel.zhuwaki,,unreviewed,unassessed,2026,EXC-SUPPLY-REFINERY_UTILISATION
LOC-25efd96faf6c,"supply.refinery_utilisation.csv[122:{""country"": ""ZAF:sapref"", ""period"": ""2042"", ""scenario"": ""high_demand""}]",REG-SUPPLY-REFINERY_UTILISATION,"""0""",fraction,Vopak/Reatile xlsx (Production_High / Production_Low),2025-03-24,nigel.zhuwaki,,unreviewed,unassessed,2026,EXC-SUPPLY-REFINERY_UTILISATION
LOC-0e414a6b672e,"supply.refinery_utilisation.csv[123:{""country"": ""ZAF:natref"", ""period"": ""2042"", ""scenario"": ""high_demand""}]",REG-SUPPLY-REFINERY_UTILISATION,"""0.85""",fraction,Vopak/Reatile xlsx (Production_High / Production_Low),2025-03-24,nigel.zhuwaki,,unreviewed,unassessed,2026,EXC-SUPPLY-REFINERY_UTILISATION
LOC-9ece397c37ac,"supply.refinery_utilisation.csv[124:{""country"": ""ZAF:sasol"", ""period"": ""2042"", ""scenario"": ""high_demand""}]",REG-SUPPLY-REFINERY_UTILISATION,"""0.792""",fraction,Vopak/Reatile xlsx (Production_High / Production_Low),2025-03-24,nigel.zhuwaki,,unreviewed,unassessed,2026,EXC-SUPPLY-REFINERY_UTILISATION
LOC-b591699e2c7e,"supply.refinery_utilisation.csv[125:{""country"": ""ZAF:astron"", ""period"": ""2042"", ""scenario"": ""high_demand""}]",REG-SUPPLY-REFINERY_UTILISATION,"""0.9""",fraction,Vopak/Reatile xlsx (Production_High / Production_Low),2025-03-24,nigel.zhuwaki,,unreviewed,unassessed,2026,EXC-SUPPLY-REFINERY_UTILISATION
LOC-e0644c690a5c,"supply.refinery_utilisation.csv[126:{""country"": ""ZAF:petrosa"", ""period"": ""2042"", ""scenario"": ""high_demand""}]",REG-SUPPLY-REFINERY_UTILISATION,"""0""",fraction,Vopak/Reatile xlsx (Production_High / Production_Low),2025-03-24,nigel.zhuwaki,,unreviewed,unassessed,2026,EXC-SUPPLY-REFINERY_UTILISATION
LOC-d330e5e81d4c,"supply.refinery_utilisation.csv[127:{""country"": ""ZAF:enref"", ""period"": ""2043"", ""scenario"": ""high_demand""}]",REG-SUPPLY-REFINERY_UTILISATION,"""0""",fraction,Vopak/Reatile xlsx (Production_High / Production_Low),2025-03-24,nigel.zhuwaki,,unreviewed,unassessed,2026,EXC-SUPPLY-REFINERY_UTILISATION
LOC-0d62bf9e63ab,"supply.refinery_utilisation.csv[128:{""country"": ""ZAF:sapref"", ""period"": ""2043"", ""scenario"": ""high_demand""}]",REG-SUPPLY-REFINERY_UTILISATION,"""0""",fraction,Vopak/Reatile xlsx (Production_High / Production_Low),2025-03-24,nigel.zhuwaki,,unreviewed,unassessed,2026,EXC-SUPPLY-REFINERY_UTILISATION
LOC-c94183c3fb8f,"supply.refinery_utilisation.csv[129:{""country"": ""ZAF:natref"", ""period"": ""2043"", ""scenario"": ""high_demand""}]",REG-SUPPLY-REFINERY_UTILISATION,"""0.85""",fraction,Vopak/Reatile xlsx (Production_High / Production_Low),2025-03-24,nigel.zhuwaki,,unreviewed,unassessed,2026,EXC-SUPPLY-REFINERY_UTILISATION
LOC-a27b0b3c0cfc,"supply.refinery_utilisation.csv[130:{""country"": ""ZAF:sasol"", ""period"": ""2043"", ""scenario"": ""high_demand""}]",REG-SUPPLY-REFINERY_UTILISATION,"""0.792""",fraction,Vopak/Reatile xlsx (Production_High / Production_Low),2025-03-24,nigel.zhuwaki,,unreviewed,unassessed,2026,EXC-SUPPLY-REFINERY_UTILISATION
LOC-6503f20e4d17,"supply.refinery_utilisation.csv[131:{""country"": ""ZAF:astron"", ""period"": ""2043"", ""scenario"": ""high_demand""}]",REG-SUPPLY-REFINERY_UTILISATION,"""0.9""",fraction,Vopak/Reatile xlsx (Production_High / Production_Low),2025-03-24,nigel.zhuwaki,,unreviewed,unassessed,2026,EXC-SUPPLY-REFINERY_UTILISATION
LOC-886f9b4ba19c,"supply.refinery_utilisation.csv[132:{""country"": ""ZAF:petrosa"", ""period"": ""2043"", ""scenario"": ""high_demand""}]",REG-SUPPLY-REFINERY_UTILISATION,"""0""",fraction,Vopak/Reatile xlsx (Production_High / Production_Low),2025-03-24,nigel.zhuwaki,,unreviewed,unassessed,2026,EXC-SUPPLY-REFINERY_UTILISATION
LOC-a766f0965278,"supply.refinery_utilisation.csv[133:{""country"": ""ZAF:enref"", ""period"": ""2044"", ""scenario"": ""high_demand""}]",REG-SUPPLY-REFINERY_UTILISATION,"""0""",fraction,Vopak/Reatile xlsx (Production_High / Production_Low),2025-03-24,nigel.zhuwaki,,unreviewed,unassessed,2026,EXC-SUPPLY-REFINERY_UTILISATION
LOC-d41ee8708de7,"supply.refinery_utilisation.csv[134:{""country"": ""ZAF:sapref"", ""period"": ""2044"", ""scenario"": ""high_demand""}]",REG-SUPPLY-REFINERY_UTILISATION,"""0""",fraction,Vopak/Reatile xlsx (Production_High / Production_Low),2025-03-24,nigel.zhuwaki,,unreviewed,unassessed,2026,EXC-SUPPLY-REFINERY_UTILISATION
LOC-3194d1599ec2,"supply.refinery_utilisation.csv[135:{""country"": ""ZAF:natref"", ""period"": ""2044"", ""scenario"": ""high_demand""}]",REG-SUPPLY-REFINERY_UTILISATION,"""0.85""",fraction,Vopak/Reatile xlsx (Production_High / Production_Low),2025-03-24,nigel.zhuwaki,,unreviewed,unassessed,2026,EXC-SUPPLY-REFINERY_UTILISATION
LOC-e61d68728ef8,"supply.refinery_utilisation.csv[136:{""country"": ""ZAF:sasol"", ""period"": ""2044"", ""scenario"": ""high_demand""}]",REG-SUPPLY-REFINERY_UTILISATION,"""0.792""",fraction,Vopak/Reatile xlsx (Production_High / Production_Low),2025-03-24,nigel.zhuwaki,,unreviewed,unassessed,2026,EXC-SUPPLY-REFINERY_UTILISATION
LOC-16500864a6e9,"supply.refinery_utilisation.csv[137:{""country"": ""ZAF:astron"", ""period"": ""2044"", ""scenario"": ""high_demand""}]",REG-SUPPLY-REFINERY_UTILISATION,"""0.9""",fraction,Vopak/Reatile xlsx (Production_High / Production_Low),2025-03-24,nigel.zhuwaki,,unreviewed,unassessed,2026,EXC-SUPPLY-REFINERY_UTILISATION
LOC-126118a4cc32,"supply.refinery_utilisation.csv[138:{""country"": ""ZAF:petrosa"", ""period"": ""2044"", ""scenario"": ""high_demand""}]",REG-SUPPLY-REFINERY_UTILISATION,"""0""",fraction,Vopak/Reatile xlsx (Production_High / Production_Low),2025-03-24,nigel.zhuwaki,,unreviewed,unassessed,2026,EXC-SUPPLY-REFINERY_UTILISATION
LOC-75139d8968b9,"supply.refinery_utilisation.csv[139:{""country"": ""ZAF:enref"", ""period"": ""2045"", ""scenario"": ""high_demand""}]",REG-SUPPLY-REFINERY_UTILISATION,"""0""",fraction,Vopak/Reatile xlsx (Production_High / Production_Low),2025-03-24,nigel.zhuwaki,,unreviewed,unassessed,2026,EXC-SUPPLY-REFINERY_UTILISATION
LOC-24d57b1d3a0b,"supply.refinery_utilisation.csv[140:{""country"": ""ZAF:sapref"", ""period"": ""2045"", ""scenario"": ""high_demand""}]",REG-SUPPLY-REFINERY_UTILISATION,"""0""",fraction,Vopak/Reatile xlsx (Production_High / Production_Low),2025-03-24,nigel.zhuwaki,,unreviewed,unassessed,2026,EXC-SUPPLY-REFINERY_UTILISATION
LOC-add4c1f52d2f,"supply.refinery_utilisation.csv[141:{""country"": ""ZAF:natref"", ""period"": ""2045"", ""scenario"": ""high_demand""}]",REG-SUPPLY-REFINERY_UTILISATION,"""0.85""",fraction,Vopak/Reatile xlsx (Production_High / Production_Low),2025-03-24,nigel.zhuwaki,,unreviewed,unassessed,2026,EXC-SUPPLY-REFINERY_UTILISATION
LOC-b778fe7abb1f,"supply.refinery_utilisation.csv[142:{""country"": ""ZAF:sasol"", ""period"": ""2045"", ""scenario"": ""high_demand""}]",REG-SUPPLY-REFINERY_UTILISATION,"""0.792""",fraction,Vopak/Reatile xlsx (Production_High / Production_Low),2025-03-24,nigel.zhuwaki,,unreviewed,unassessed,2026,EXC-SUPPLY-REFINERY_UTILISATION
LOC-6f8218c08e24,"supply.refinery_utilisation.csv[143:{""country"": ""ZAF:astron"", ""period"": ""2045"", ""scenario"": ""high_demand""}]",REG-SUPPLY-REFINERY_UTILISATION,"""0.9""",fraction,Vopak/Reatile xlsx (Production_High / Production_Low),2025-03-24,nigel.zhuwaki,,unreviewed,unassessed,2026,EXC-SUPPLY-REFINERY_UTILISATION
LOC-e98b5a009fc8,"supply.refinery_utilisation.csv[144:{""country"": ""ZAF:petrosa"", ""period"": ""2045"", ""scenario"": ""high_demand""}]",REG-SUPPLY-REFINERY_UTILISATION,"""0""",fraction,Vopak/Reatile xlsx (Production_High / Production_Low),2025-03-24,nigel.zhuwaki,,unreviewed,unassessed,2026,EXC-SUPPLY-REFINERY_UTILISATION
LOC-f83b4ac22f00,"supply.refinery_utilisation.csv[145:{""country"": ""ZAF:enref"", ""period"": ""2046"", ""scenario"": ""high_demand""}]",REG-SUPPLY-REFINERY_UTILISATION,"""0""",fraction,Vopak/Reatile xlsx (Production_High / Production_Low),2025-03-24,nigel.zhuwaki,,unreviewed,unassessed,2026,EXC-SUPPLY-REFINERY_UTILISATION
LOC-90e9dc5a048c,"supply.refinery_utilisation.csv[146:{""country"": ""ZAF:sapref"", ""period"": ""2046"", ""scenario"": ""high_demand""}]",REG-SUPPLY-REFINERY_UTILISATION,"""0""",fraction,Vopak/Reatile xlsx (Production_High / Production_Low),2025-03-24,nigel.zhuwaki,,unreviewed,unassessed,2026,EXC-SUPPLY-REFINERY_UTILISATION
LOC-84199820877e,"supply.refinery_utilisation.csv[147:{""country"": ""ZAF:natref"", ""period"": ""2046"", ""scenario"": ""high_demand""}]",REG-SUPPLY-REFINERY_UTILISATION,"""0.85""",fraction,Vopak/Reatile xlsx (Production_High / Production_Low),2025-03-24,nigel.zhuwaki,,unreviewed,unassessed,2026,EXC-SUPPLY-REFINERY_UTILISATION
LOC-6c0174c9cd1f,"supply.refinery_utilisation.csv[148:{""country"": ""ZAF:sasol"", ""period"": ""2046"", ""scenario"": ""high_demand""}]",REG-SUPPLY-REFINERY_UTILISATION,"""0.792""",fraction,Vopak/Reatile xlsx (Production_High / Production_Low),2025-03-24,nigel.zhuwaki,,unreviewed,unassessed,2026,EXC-SUPPLY-REFINERY_UTILISATION
LOC-75f359bf48f0,"supply.refinery_utilisation.csv[149:{""country"": ""ZAF:astron"", ""period"": ""2046"", ""scenario"": ""high_demand""}]",REG-SUPPLY-REFINERY_UTILISATION,"""0.9""",fraction,Vopak/Reatile xlsx (Production_High / Production_Low),2025-03-24,nigel.zhuwaki,,unreviewed,unassessed,2026,EXC-SUPPLY-REFINERY_UTILISATION
LOC-485f7b52d25a,"supply.refinery_utilisation.csv[150:{""country"": ""ZAF:petrosa"", ""period"": ""2046"", ""scenario"": ""high_demand""}]",REG-SUPPLY-REFINERY_UTILISATION,"""0""",fraction,Vopak/Reatile xlsx (Production_High / Production_Low),2025-03-24,nigel.zhuwaki,,unreviewed,unassessed,2026,EXC-SUPPLY-REFINERY_UTILISATION
LOC-9c033211134f,"supply.refinery_utilisation.csv[151:{""country"": ""ZAF:enref"", ""period"": ""2047"", ""scenario"": ""high_demand""}]",REG-SUPPLY-REFINERY_UTILISATION,"""0""",fraction,Vopak/Reatile xlsx (Production_High / Production_Low),2025-03-24,nigel.zhuwaki,,unreviewed,unassessed,2026,EXC-SUPPLY-REFINERY_UTILISATION
LOC-c826fed98af8,"supply.refinery_utilisation.csv[152:{""country"": ""ZAF:sapref"", ""period"": ""2047"", ""scenario"": ""high_demand""}]",REG-SUPPLY-REFINERY_UTILISATION,"""0""",fraction,Vopak/Reatile xlsx (Production_High / Production_Low),2025-03-24,nigel.zhuwaki,,unreviewed,unassessed,2026,EXC-SUPPLY-REFINERY_UTILISATION
LOC-248e15f4e597,"supply.refinery_utilisation.csv[153:{""country"": ""ZAF:natref"", ""period"": ""2047"", ""scenario"": ""high_demand""}]",REG-SUPPLY-REFINERY_UTILISATION,"""0.85""",fraction,Vopak/Reatile xlsx (Production_High / Production_Low),2025-03-24,nigel.zhuwaki,,unreviewed,unassessed,2026,EXC-SUPPLY-REFINERY_UTILISATION
LOC-cdddb2d03b6b,"supply.refinery_utilisation.csv[154:{""country"": ""ZAF:sasol"", ""period"": ""2047"", ""scenario"": ""high_demand""}]",REG-SUPPLY-REFINERY_UTILISATION,"""0.792""",fraction,Vopak/Reatile xlsx (Production_High / Production_Low),2025-03-24,nigel.zhuwaki,,unreviewed,unassessed,2026,EXC-SUPPLY-REFINERY_UTILISATION
LOC-bcf594c93746,"supply.refinery_utilisation.csv[155:{""country"": ""ZAF:astron"", ""period"": ""2047"", ""scenario"": ""high_demand""}]",REG-SUPPLY-REFINERY_UTILISATION,"""0.9""",fraction,Vopak/Reatile xlsx (Production_High / Production_Low),2025-03-24,nigel.zhuwaki,,unreviewed,unassessed,2026,EXC-SUPPLY-REFINERY_UTILISATION
LOC-cebf4f3bff4d,"supply.refinery_utilisation.csv[156:{""country"": ""ZAF:petrosa"", ""period"": ""2047"", ""scenario"": ""high_demand""}]",REG-SUPPLY-REFINERY_UTILISATION,"""0""",fraction,Vopak/Reatile xlsx (Production_High / Production_Low),2025-03-24,nigel.zhuwaki,,unreviewed,unassessed,2026,EXC-SUPPLY-REFINERY_UTILISATION
LOC-962981234883,"supply.refinery_utilisation.csv[157:{""country"": ""ZAF:enref"", ""period"": ""2048"", ""scenario"": ""high_demand""}]",REG-SUPPLY-REFINERY_UTILISATION,"""0""",fraction,Vopak/Reatile xlsx (Production_High / Production_Low),2025-03-24,nigel.zhuwaki,,unreviewed,unassessed,2026,EXC-SUPPLY-REFINERY_UTILISATION
LOC-1f8349b4024b,"supply.refinery_utilisation.csv[158:{""country"": ""ZAF:sapref"", ""period"": ""2048"", ""scenario"": ""high_demand""}]",REG-SUPPLY-REFINERY_UTILISATION,"""0""",fraction,Vopak/Reatile xlsx (Production_High / Production_Low),2025-03-24,nigel.zhuwaki,,unreviewed,unassessed,2026,EXC-SUPPLY-REFINERY_UTILISATION
LOC-6102c4de41cd,"supply.refinery_utilisation.csv[159:{""country"": ""ZAF:natref"", ""period"": ""2048"", ""scenario"": ""high_demand""}]",REG-SUPPLY-REFINERY_UTILISATION,"""0.85""",fraction,Vopak/Reatile xlsx (Production_High / Production_Low),2025-03-24,nigel.zhuwaki,,unreviewed,unassessed,2026,EXC-SUPPLY-REFINERY_UTILISATION
LOC-62f0140982f3,"supply.refinery_utilisation.csv[160:{""country"": ""ZAF:sasol"", ""period"": ""2048"", ""scenario"": ""high_demand""}]",REG-SUPPLY-REFINERY_UTILISATION,"""0.792""",fraction,Vopak/Reatile xlsx (Production_High / Production_Low),2025-03-24,nigel.zhuwaki,,unreviewed,unassessed,2026,EXC-SUPPLY-REFINERY_UTILISATION
LOC-89e2c524a0a1,"supply.refinery_utilisation.csv[161:{""country"": ""ZAF:astron"", ""period"": ""2048"", ""scenario"": ""high_demand""}]",REG-SUPPLY-REFINERY_UTILISATION,"""0.9""",fraction,Vopak/Reatile xlsx (Production_High / Production_Low),2025-03-24,nigel.zhuwaki,,unreviewed,unassessed,2026,EXC-SUPPLY-REFINERY_UTILISATION
LOC-71c8d0f857e2,"supply.refinery_utilisation.csv[162:{""country"": ""ZAF:petrosa"", ""period"": ""2048"", ""scenario"": ""high_demand""}]",REG-SUPPLY-REFINERY_UTILISATION,"""0""",fraction,Vopak/Reatile xlsx (Production_High / Production_Low),2025-03-24,nigel.zhuwaki,,unreviewed,unassessed,2026,EXC-SUPPLY-REFINERY_UTILISATION
LOC-2c4b875e1568,"supply.refinery_utilisation.csv[163:{""country"": ""ZAF:enref"", ""period"": ""2049"", ""scenario"": ""high_demand""}]",REG-SUPPLY-REFINERY_UTILISATION,"""0""",fraction,Vopak/Reatile xlsx (Production_High / Production_Low),2025-03-24,nigel.zhuwaki,,unreviewed,unassessed,2026,EXC-SUPPLY-REFINERY_UTILISATION
LOC-ec4f48bf63b2,"supply.refinery_utilisation.csv[164:{""country"": ""ZAF:sapref"", ""period"": ""2049"", ""scenario"": ""high_demand""}]",REG-SUPPLY-REFINERY_UTILISATION,"""0""",fraction,Vopak/Reatile xlsx (Production_High / Production_Low),2025-03-24,nigel.zhuwaki,,unreviewed,unassessed,2026,EXC-SUPPLY-REFINERY_UTILISATION
LOC-e7a3dc7a3eb5,"supply.refinery_utilisation.csv[165:{""country"": ""ZAF:natref"", ""period"": ""2049"", ""scenario"": ""high_demand""}]",REG-SUPPLY-REFINERY_UTILISATION,"""0.85""",fraction,Vopak/Reatile xlsx (Production_High / Production_Low),2025-03-24,nigel.zhuwaki,,unreviewed,unassessed,2026,EXC-SUPPLY-REFINERY_UTILISATION
LOC-63c6b48ee193,"supply.refinery_utilisation.csv[166:{""country"": ""ZAF:sasol"", ""period"": ""2049"", ""scenario"": ""high_demand""}]",REG-SUPPLY-REFINERY_UTILISATION,"""0.792""",fraction,Vopak/Reatile xlsx (Production_High / Production_Low),2025-03-24,nigel.zhuwaki,,unreviewed,unassessed,2026,EXC-SUPPLY-REFINERY_UTILISATION
LOC-8cb91be1c1cf,"supply.refinery_utilisation.csv[167:{""country"": ""ZAF:astron"", ""period"": ""2049"", ""scenario"": ""high_demand""}]",REG-SUPPLY-REFINERY_UTILISATION,"""0.9""",fraction,Vopak/Reatile xlsx (Production_High / Production_Low),2025-03-24,nigel.zhuwaki,,unreviewed,unassessed,2026,EXC-SUPPLY-REFINERY_UTILISATION
LOC-d9a395f11a7e,"supply.refinery_utilisation.csv[168:{""country"": ""ZAF:petrosa"", ""period"": ""2049"", ""scenario"": ""high_demand""}]",REG-SUPPLY-REFINERY_UTILISATION,"""0""",fraction,Vopak/Reatile xlsx (Production_High / Production_Low),2025-03-24,nigel.zhuwaki,,unreviewed,unassessed,2026,EXC-SUPPLY-REFINERY_UTILISATION
LOC-c3b7b548b4cf,"supply.refinery_utilisation.csv[169:{""country"": ""ZAF:enref"", ""period"": ""2050"", ""scenario"": ""high_demand""}]",REG-SUPPLY-REFINERY_UTILISATION,"""0""",fraction,Vopak/Reatile xlsx (Production_High / Production_Low),2025-03-24,nigel.zhuwaki,,unreviewed,unassessed,2026,EXC-SUPPLY-REFINERY_UTILISATION
LOC-13fda891b520,"supply.refinery_utilisation.csv[170:{""country"": ""ZAF:sapref"", ""period"": ""2050"", ""scenario"": ""high_demand""}]",REG-SUPPLY-REFINERY_UTILISATION,"""0""",fraction,Vopak/Reatile xlsx (Production_High / Production_Low),2025-03-24,nigel.zhuwaki,,unreviewed,unassessed,2026,EXC-SUPPLY-REFINERY_UTILISATION
LOC-5662f31c29f2,"supply.refinery_utilisation.csv[171:{""country"": ""ZAF:natref"", ""period"": ""2050"", ""scenario"": ""high_demand""}]",REG-SUPPLY-REFINERY_UTILISATION,"""0.85""",fraction,Vopak/Reatile xlsx (Production_High / Production_Low),2025-03-24,nigel.zhuwaki,,unreviewed,unassessed,2026,EXC-SUPPLY-REFINERY_UTILISATION
LOC-d4635bb365cf,"supply.refinery_utilisation.csv[172:{""country"": ""ZAF:sasol"", ""period"": ""2050"", ""scenario"": ""high_demand""}]",REG-SUPPLY-REFINERY_UTILISATION,"""0.792""",fraction,Vopak/Reatile xlsx (Production_High / Production_Low),2025-03-24,nigel.zhuwaki,,unreviewed,unassessed,2026,EXC-SUPPLY-REFINERY_UTILISATION
LOC-91d3ad45d4e6,"supply.refinery_utilisation.csv[173:{""country"": ""ZAF:astron"", ""period"": ""2050"", ""scenario"": ""high_demand""}]",REG-SUPPLY-REFINERY_UTILISATION,"""0.9""",fraction,Vopak/Reatile xlsx (Production_High / Production_Low),2025-03-24,nigel.zhuwaki,,unreviewed,unassessed,2026,EXC-SUPPLY-REFINERY_UTILISATION
LOC-ad6f14f37edc,"supply.refinery_utilisation.csv[174:{""country"": ""ZAF:petrosa"", ""period"": ""2050"", ""scenario"": ""high_demand""}]",REG-SUPPLY-REFINERY_UTILISATION,"""0""",fraction,Vopak/Reatile xlsx (Production_High / Production_Low),2025-03-24,nigel.zhuwaki,,unreviewed,unassessed,2026,EXC-SUPPLY-REFINERY_UTILISATION
LOC-c7bfa424d9ef,"supply.refinery_utilisation.csv[175:{""country"": ""ZAF:enref"", ""period"": ""2022"", ""scenario"": ""high_demand""}]",REG-SUPPLY-REFINERY_UTILISATION,"""0""",fraction,Vopak/Reatile xlsx (Production_High / Production_Low),2025-03-24,nigel.zhuwaki,,unreviewed,unassessed,2026,EXC-SUPPLY-REFINERY_UTILISATION
LOC-1289b64b8ad8,"supply.refinery_utilisation.csv[176:{""country"": ""ZAF:sapref"", ""period"": ""2022"", ""scenario"": ""high_demand""}]",REG-SUPPLY-REFINERY_UTILISATION,"""0""",fraction,Vopak/Reatile xlsx (Production_High / Production_Low),2025-03-24,nigel.zhuwaki,,unreviewed,unassessed,2026,EXC-SUPPLY-REFINERY_UTILISATION
LOC-cd527a107ea2,"supply.refinery_utilisation.csv[177:{""country"": ""ZAF:natref"", ""period"": ""2022"", ""scenario"": ""high_demand""}]",REG-SUPPLY-REFINERY_UTILISATION,"""0.873""",fraction,Vopak/Reatile xlsx (Production_High / Production_Low),2025-03-24,nigel.zhuwaki,,unreviewed,unassessed,2026,EXC-SUPPLY-REFINERY_UTILISATION
LOC-8d4168aa5a26,"supply.refinery_utilisation.csv[178:{""country"": ""ZAF:sasol"", ""period"": ""2022"", ""scenario"": ""high_demand""}]",REG-SUPPLY-REFINERY_UTILISATION,"""0.8947""",fraction,Vopak/Reatile xlsx (Production_High / Production_Low),2025-03-24,nigel.zhuwaki,,unreviewed,unassessed,2026,EXC-SUPPLY-REFINERY_UTILISATION
LOC-d507de113a0c,"supply.refinery_utilisation.csv[179:{""country"": ""ZAF:astron"", ""period"": ""2022"", ""scenario"": ""high_demand""}]",REG-SUPPLY-REFINERY_UTILISATION,"""0""",fraction,Vopak/Reatile xlsx (Production_High / Production_Low),2025-03-24,nigel.zhuwaki,,unreviewed,unassessed,2026,EXC-SUPPLY-REFINERY_UTILISATION
LOC-997e366f500e,"supply.refinery_utilisation.csv[180:{""country"": ""ZAF:petrosa"", ""period"": ""2022"", ""scenario"": ""high_demand""}]",REG-SUPPLY-REFINERY_UTILISATION,"""0""",fraction,Vopak/Reatile xlsx (Production_High / Production_Low),2025-03-24,nigel.zhuwaki,,unreviewed,unassessed,2026,EXC-SUPPLY-REFINERY_UTILISATION
LOC-52b166df038f,"supply.refinery_utilisation.csv[181:{""country"": ""ZAF:enref"", ""period"": ""2023"", ""scenario"": ""high_demand""}]",REG-SUPPLY-REFINERY_UTILISATION,"""0""",fraction,Vopak/Reatile xlsx (Production_High / Production_Low),2025-03-24,nigel.zhuwaki,,unreviewed,unassessed,2026,EXC-SUPPLY-REFINERY_UTILISATION
LOC-f4866fb9b7e3,"supply.refinery_utilisation.csv[182:{""country"": ""ZAF:sapref"", ""period"": ""2023"", ""scenario"": ""high_demand""}]",REG-SUPPLY-REFINERY_UTILISATION,"""0""",fraction,Vopak/Reatile xlsx (Production_High / Production_Low),2025-03-24,nigel.zhuwaki,,unreviewed,unassessed,2026,EXC-SUPPLY-REFINERY_UTILISATION
LOC-8fc4d7de9874,"supply.refinery_utilisation.csv[183:{""country"": ""ZAF:natref"", ""period"": ""2023"", ""scenario"": ""high_demand""}]",REG-SUPPLY-REFINERY_UTILISATION,"""0.875""",fraction,Vopak/Reatile xlsx (Production_High / Production_Low),2025-03-24,nigel.zhuwaki,,unreviewed,unassessed,2026,EXC-SUPPLY-REFINERY_UTILISATION
LOC-2db870a32e4b,"supply.refinery_utilisation.csv[184:{""country"": ""ZAF:sasol"", ""period"": ""2023"", ""scenario"": ""high_demand""}]",REG-SUPPLY-REFINERY_UTILISATION,"""0.9013""",fraction,Vopak/Reatile xlsx (Production_High / Production_Low),2025-03-24,nigel.zhuwaki,,unreviewed,unassessed,2026,EXC-SUPPLY-REFINERY_UTILISATION
LOC-0ea5aa6c9e6e,"supply.refinery_utilisation.csv[185:{""country"": ""ZAF:astron"", ""period"": ""2023"", ""scenario"": ""high_demand""}]",REG-SUPPLY-REFINERY_UTILISATION,"""0.5""",fraction,Vopak/Reatile xlsx (Production_High / Production_Low),2025-03-24,nigel.zhuwaki,,unreviewed,unassessed,2026,EXC-SUPPLY-REFINERY_UTILISATION
LOC-686a6b030db7,"supply.refinery_utilisation.csv[186:{""country"": ""ZAF:petrosa"", ""period"": ""2023"", ""scenario"": ""high_demand""}]",REG-SUPPLY-REFINERY_UTILISATION,"""0""",fraction,Vopak/Reatile xlsx (Production_High / Production_Low),2025-03-24,nigel.zhuwaki,,unreviewed,unassessed,2026,EXC-SUPPLY-REFINERY_UTILISATION
LOC-de33d6aa94b9,"supply.refinery_utilisation.csv[187:{""country"": ""ZAF:enref"", ""period"": ""2024"", ""scenario"": ""high_demand""}]",REG-SUPPLY-REFINERY_UTILISATION,"""0""",fraction,Vopak/Reatile xlsx (Production_High / Production_Low),2025-03-24,nigel.zhuwaki,,unreviewed,unassessed,2026,EXC-SUPPLY-REFINERY_UTILISATION
LOC-3148fa438307,"supply.refinery_utilisation.csv[188:{""country"": ""ZAF:sapref"", ""period"": ""2024"", ""scenario"": ""high_demand""}]",REG-SUPPLY-REFINERY_UTILISATION,"""0""",fraction,Vopak/Reatile xlsx (Production_High / Production_Low),2025-03-24,nigel.zhuwaki,,unreviewed,unassessed,2026,EXC-SUPPLY-REFINERY_UTILISATION
LOC-768d0ef8cd8d,"supply.refinery_utilisation.csv[189:{""country"": ""ZAF:natref"", ""period"": ""2024"", ""scenario"": ""high_demand""}]",REG-SUPPLY-REFINERY_UTILISATION,"""0.7""",fraction,Vopak/Reatile xlsx (Production_High / Production_Low),2025-03-24,nigel.zhuwaki,,unreviewed,unassessed,2026,EXC-SUPPLY-REFINERY_UTILISATION
LOC-e8b1b8a6b2c0,"supply.refinery_utilisation.csv[190:{""country"": ""ZAF:sasol"", ""period"": ""2024"", ""scenario"": ""high_demand""}]",REG-SUPPLY-REFINERY_UTILISATION,"""0.9079""",fraction,Vopak/Reatile xlsx (Production_High / Production_Low),2025-03-24,nigel.zhuwaki,,unreviewed,unassessed,2026,EXC-SUPPLY-REFINERY_UTILISATION
LOC-25c0dce16d1e,"supply.refinery_utilisation.csv[191:{""country"": ""ZAF:astron"", ""period"": ""2024"", ""scenario"": ""high_demand""}]",REG-SUPPLY-REFINERY_UTILISATION,"""0.8""",fraction,Vopak/Reatile xlsx (Production_High / Production_Low),2025-03-24,nigel.zhuwaki,,unreviewed,unassessed,2026,EXC-SUPPLY-REFINERY_UTILISATION
LOC-d242d66180d6,"supply.refinery_utilisation.csv[192:{""country"": ""ZAF:petrosa"", ""period"": ""2024"", ""scenario"": ""high_demand""}]",REG-SUPPLY-REFINERY_UTILISATION,"""0""",fraction,Vopak/Reatile xlsx (Production_High / Production_Low),2025-03-24,nigel.zhuwaki,,unreviewed,unassessed,2026,EXC-SUPPLY-REFINERY_UTILISATION
LOC-cbf096b4bccc,"supply.refinery_utilisation.csv[193:{""country"": ""ZAF:enref"", ""period"": ""2025"", ""scenario"": ""high_demand""}]",REG-SUPPLY-REFINERY_UTILISATION,"""0""",fraction,Vopak/Reatile xlsx (Production_High / Production_Low),2025-03-24,nigel.zhuwaki,,unreviewed,unassessed,2026,EXC-SUPPLY-REFINERY_UTILISATION
LOC-25d7cdda4693,"supply.refinery_utilisation.csv[194:{""country"": ""ZAF:sapref"", ""period"": ""2025"", ""scenario"": ""high_demand""}]",REG-SUPPLY-REFINERY_UTILISATION,"""0""",fraction,Vopak/Reatile xlsx (Production_High / Production_Low),2025-03-24,nigel.zhuwaki,,unreviewed,unassessed,2026,EXC-SUPPLY-REFINERY_UTILISATION
LOC-edbd2ea4ccca,"supply.refinery_utilisation.csv[195:{""country"": ""ZAF:natref"", ""period"": ""2025"", ""scenario"": ""high_demand""}]",REG-SUPPLY-REFINERY_UTILISATION,"""0.7""",fraction,Vopak/Reatile xlsx (Production_High / Production_Low),2025-03-24,nigel.zhuwaki,,unreviewed,unassessed,2026,EXC-SUPPLY-REFINERY_UTILISATION
LOC-98c0e034be6d,"supply.refinery_utilisation.csv[196:{""country"": ""ZAF:sasol"", ""period"": ""2025"", ""scenario"": ""high_demand""}]",REG-SUPPLY-REFINERY_UTILISATION,"""0.9145""",fraction,Vopak/Reatile xlsx (Production_High / Production_Low),2025-03-24,nigel.zhuwaki,,unreviewed,unassessed,2026,EXC-SUPPLY-REFINERY_UTILISATION
LOC-efb19407b0f2,"supply.refinery_utilisation.csv[197:{""country"": ""ZAF:astron"", ""period"": ""2025"", ""scenario"": ""high_demand""}]",REG-SUPPLY-REFINERY_UTILISATION,"""0.8""",fraction,Vopak/Reatile xlsx (Production_High / Production_Low),2025-03-24,nigel.zhuwaki,,unreviewed,unassessed,2026,EXC-SUPPLY-REFINERY_UTILISATION
LOC-2fb1fe6bdca9,"supply.refinery_utilisation.csv[198:{""country"": ""ZAF:petrosa"", ""period"": ""2025"", ""scenario"": ""high_demand""}]",REG-SUPPLY-REFINERY_UTILISATION,"""0""",fraction,Vopak/Reatile xlsx (Production_High / Production_Low),2025-03-24,nigel.zhuwaki,,unreviewed,unassessed,2026,EXC-SUPPLY-REFINERY_UTILISATION
LOC-689cb7fb7aa0,"supply.refinery_utilisation.csv[199:{""country"": ""ZAF:enref"", ""period"": ""2026"", ""scenario"": ""high_demand""}]",REG-SUPPLY-REFINERY_UTILISATION,"""0""",fraction,Vopak/Reatile xlsx (Production_High / Production_Low),2025-03-24,nigel.zhuwaki,,unreviewed,unassessed,2026,EXC-SUPPLY-REFINERY_UTILISATION
LOC-64023a468762,"supply.refinery_utilisation.csv[200:{""country"": ""ZAF:sapref"", ""period"": ""2026"", ""scenario"": ""high_demand""}]",REG-SUPPLY-REFINERY_UTILISATION,"""0""",fraction,Vopak/Reatile xlsx (Production_High / Production_Low),2025-03-24,nigel.zhuwaki,,unreviewed,unassessed,2026,EXC-SUPPLY-REFINERY_UTILISATION
LOC-ee941a1ad9a0,"supply.refinery_utilisation.csv[201:{""country"": ""ZAF:natref"", ""period"": ""2026"", ""scenario"": ""high_demand""}]",REG-SUPPLY-REFINERY_UTILISATION,"""0.7""",fraction,Vopak/Reatile xlsx (Production_High / Production_Low),2025-03-24,nigel.zhuwaki,,unreviewed,unassessed,2026,EXC-SUPPLY-REFINERY_UTILISATION
LOC-95f876c617f7,"supply.refinery_utilisation.csv[202:{""country"": ""ZAF:sasol"", ""period"": ""2026"", ""scenario"": ""high_demand""}]",REG-SUPPLY-REFINERY_UTILISATION,"""0.9211""",fraction,Vopak/Reatile xlsx (Production_High / Production_Low),2025-03-24,nigel.zhuwaki,,unreviewed,unassessed,2026,EXC-SUPPLY-REFINERY_UTILISATION
LOC-23574b654967,"supply.refinery_utilisation.csv[203:{""country"": ""ZAF:astron"", ""period"": ""2026"", ""scenario"": ""high_demand""}]",REG-SUPPLY-REFINERY_UTILISATION,"""0.8""",fraction,Vopak/Reatile xlsx (Production_High / Production_Low),2025-03-24,nigel.zhuwaki,,unreviewed,unassessed,2026,EXC-SUPPLY-REFINERY_UTILISATION
LOC-0f83a312ccf8,"supply.refinery_utilisation.csv[204:{""country"": ""ZAF:petrosa"", ""period"": ""2026"", ""scenario"": ""high_demand""}]",REG-SUPPLY-REFINERY_UTILISATION,"""0""",fraction,Vopak/Reatile xlsx (Production_High / Production_Low),2025-03-24,nigel.zhuwaki,,unreviewed,unassessed,2026,EXC-SUPPLY-REFINERY_UTILISATION
LOC-cfb13bf7ad66,"supply.refinery_utilisation.csv[205:{""country"": ""ZAF:enref"", ""period"": ""2027"", ""scenario"": ""high_demand""}]",REG-SUPPLY-REFINERY_UTILISATION,"""0""",fraction,Vopak/Reatile xlsx (Production_High / Production_Low),2025-03-24,nigel.zhuwaki,,unreviewed,unassessed,2026,EXC-SUPPLY-REFINERY_UTILISATION
LOC-8dcd67ce7e51,"supply.refinery_utilisation.csv[206:{""country"": ""ZAF:sapref"", ""period"": ""2027"", ""scenario"": ""high_demand""}]",REG-SUPPLY-REFINERY_UTILISATION,"""0""",fraction,Vopak/Reatile xlsx (Production_High / Production_Low),2025-03-24,nigel.zhuwaki,,unreviewed,unassessed,2026,EXC-SUPPLY-REFINERY_UTILISATION
LOC-0ded8d12c6e6,"supply.refinery_utilisation.csv[207:{""country"": ""ZAF:natref"", ""period"": ""2027"", ""scenario"": ""high_demand""}]",REG-SUPPLY-REFINERY_UTILISATION,"""0.7""",fraction,Vopak/Reatile xlsx (Production_High / Production_Low),2025-03-24,nigel.zhuwaki,,unreviewed,unassessed,2026,EXC-SUPPLY-REFINERY_UTILISATION
LOC-88a2609826a1,"supply.refinery_utilisation.csv[208:{""country"": ""ZAF:sasol"", ""period"": ""2027"", ""scenario"": ""high_demand""}]",REG-SUPPLY-REFINERY_UTILISATION,"""0.9277""",fraction,Vopak/Reatile xlsx (Production_High / Production_Low),2025-03-24,nigel.zhuwaki,,unreviewed,unassessed,2026,EXC-SUPPLY-REFINERY_UTILISATION
LOC-62b8d94a2500,"supply.refinery_utilisation.csv[209:{""country"": ""ZAF:astron"", ""period"": ""2027"", ""scenario"": ""high_demand""}]",REG-SUPPLY-REFINERY_UTILISATION,"""0.8""",fraction,Vopak/Reatile xlsx (Production_High / Production_Low),2025-03-24,nigel.zhuwaki,,unreviewed,unassessed,2026,EXC-SUPPLY-REFINERY_UTILISATION
LOC-fd6e42918c56,"supply.refinery_utilisation.csv[210:{""country"": ""ZAF:petrosa"", ""period"": ""2027"", ""scenario"": ""high_demand""}]",REG-SUPPLY-REFINERY_UTILISATION,"""0""",fraction,Vopak/Reatile xlsx (Production_High / Production_Low),2025-03-24,nigel.zhuwaki,,unreviewed,unassessed,2026,EXC-SUPPLY-REFINERY_UTILISATION
LOC-0c573a7e6b68,"supply.refinery_utilisation.csv[211:{""country"": ""ZAF:enref"", ""period"": ""2028"", ""scenario"": ""high_demand""}]",REG-SUPPLY-REFINERY_UTILISATION,"""0""",fraction,Vopak/Reatile xlsx (Production_High / Production_Low),2025-03-24,nigel.zhuwaki,,unreviewed,unassessed,2026,EXC-SUPPLY-REFINERY_UTILISATION
LOC-96a4321d680f,"supply.refinery_utilisation.csv[212:{""country"": ""ZAF:sapref"", ""period"": ""2028"", ""scenario"": ""high_demand""}]",REG-SUPPLY-REFINERY_UTILISATION,"""0""",fraction,Vopak/Reatile xlsx (Production_High / Production_Low),2025-03-24,nigel.zhuwaki,,unreviewed,unassessed,2026,EXC-SUPPLY-REFINERY_UTILISATION
LOC-34ac6e8b112b,"supply.refinery_utilisation.csv[213:{""country"": ""ZAF:natref"", ""period"": ""2028"", ""scenario"": ""high_demand""}]",REG-SUPPLY-REFINERY_UTILISATION,"""0.7""",fraction,Vopak/Reatile xlsx (Production_High / Production_Low),2025-03-24,nigel.zhuwaki,,unreviewed,unassessed,2026,EXC-SUPPLY-REFINERY_UTILISATION
LOC-5388287eb360,"supply.refinery_utilisation.csv[214:{""country"": ""ZAF:sasol"", ""period"": ""2028"", ""scenario"": ""high_demand""}]",REG-SUPPLY-REFINERY_UTILISATION,"""0.9342""",fraction,Vopak/Reatile xlsx (Production_High / Production_Low),2025-03-24,nigel.zhuwaki,,unreviewed,unassessed,2026,EXC-SUPPLY-REFINERY_UTILISATION
LOC-165cc5434f33,"supply.refinery_utilisation.csv[215:{""country"": ""ZAF:astron"", ""period"": ""2028"", ""scenario"": ""high_demand""}]",REG-SUPPLY-REFINERY_UTILISATION,"""0.8""",fraction,Vopak/Reatile xlsx (Production_High / Production_Low),2025-03-24,nigel.zhuwaki,,unreviewed,unassessed,2026,EXC-SUPPLY-REFINERY_UTILISATION
LOC-868d0fc663fb,"supply.refinery_utilisation.csv[216:{""country"": ""ZAF:petrosa"", ""period"": ""2028"", ""scenario"": ""high_demand""}]",REG-SUPPLY-REFINERY_UTILISATION,"""0""",fraction,Vopak/Reatile xlsx (Production_High / Production_Low),2025-03-24,nigel.zhuwaki,,unreviewed,unassessed,2026,EXC-SUPPLY-REFINERY_UTILISATION
LOC-890fa3ef0b8a,"supply.refinery_utilisation.csv[217:{""country"": ""ZAF:enref"", ""period"": ""2029"", ""scenario"": ""high_demand""}]",REG-SUPPLY-REFINERY_UTILISATION,"""0""",fraction,Vopak/Reatile xlsx (Production_High / Production_Low),2025-03-24,nigel.zhuwaki,,unreviewed,unassessed,2026,EXC-SUPPLY-REFINERY_UTILISATION
LOC-3880030450ac,"supply.refinery_utilisation.csv[218:{""country"": ""ZAF:sapref"", ""period"": ""2029"", ""scenario"": ""high_demand""}]",REG-SUPPLY-REFINERY_UTILISATION,"""0""",fraction,Vopak/Reatile xlsx (Production_High / Production_Low),2025-03-24,nigel.zhuwaki,,unreviewed,unassessed,2026,EXC-SUPPLY-REFINERY_UTILISATION
LOC-ff89d3e083e7,"supply.refinery_utilisation.csv[219:{""country"": ""ZAF:natref"", ""period"": ""2029"", ""scenario"": ""high_demand""}]",REG-SUPPLY-REFINERY_UTILISATION,"""0.7""",fraction,Vopak/Reatile xlsx (Production_High / Production_Low),2025-03-24,nigel.zhuwaki,,unreviewed,unassessed,2026,EXC-SUPPLY-REFINERY_UTILISATION
LOC-c2f679f1116b,"supply.refinery_utilisation.csv[220:{""country"": ""ZAF:sasol"", ""period"": ""2029"", ""scenario"": ""high_demand""}]",REG-SUPPLY-REFINERY_UTILISATION,"""0.8781""",fraction,Vopak/Reatile xlsx (Production_High / Production_Low),2025-03-24,nigel.zhuwaki,,unreviewed,unassessed,2026,EXC-SUPPLY-REFINERY_UTILISATION
LOC-a1d03cf77815,"supply.refinery_utilisation.csv[221:{""country"": ""ZAF:astron"", ""period"": ""2029"", ""scenario"": ""high_demand""}]",REG-SUPPLY-REFINERY_UTILISATION,"""0.8""",fraction,Vopak/Reatile xlsx (Production_High / Production_Low),2025-03-24,nigel.zhuwaki,,unreviewed,unassessed,2026,EXC-SUPPLY-REFINERY_UTILISATION
LOC-2b4ed61c762c,"supply.refinery_utilisation.csv[222:{""country"": ""ZAF:petrosa"", ""period"": ""2029"", ""scenario"": ""high_demand""}]",REG-SUPPLY-REFINERY_UTILISATION,"""0""",fraction,Vopak/Reatile xlsx (Production_High / Production_Low),2025-03-24,nigel.zhuwaki,,unreviewed,unassessed,2026,EXC-SUPPLY-REFINERY_UTILISATION
LOC-e21eb0177b57,"supply.refinery_utilisation.csv[223:{""country"": ""ZAF:enref"", ""period"": ""2030"", ""scenario"": ""high_demand""}]",REG-SUPPLY-REFINERY_UTILISATION,"""0""",fraction,Vopak/Reatile xlsx (Production_High / Production_Low),2025-03-24,nigel.zhuwaki,,unreviewed,unassessed,2026,EXC-SUPPLY-REFINERY_UTILISATION
LOC-bf15e09b56a2,"supply.refinery_utilisation.csv[224:{""country"": ""ZAF:sapref"", ""period"": ""2030"", ""scenario"": ""high_demand""}]",REG-SUPPLY-REFINERY_UTILISATION,"""0""",fraction,Vopak/Reatile xlsx (Production_High / Production_Low),2025-03-24,nigel.zhuwaki,,unreviewed,unassessed,2026,EXC-SUPPLY-REFINERY_UTILISATION
LOC-11e9363eee60,"supply.refinery_utilisation.csv[225:{""country"": ""ZAF:natref"", ""period"": ""2030"", ""scenario"": ""high_demand""}]",REG-SUPPLY-REFINERY_UTILISATION,"""0.7""",fraction,Vopak/Reatile xlsx (Production_High / Production_Low),2025-03-24,nigel.zhuwaki,,unreviewed,unassessed,2026,EXC-SUPPLY-REFINERY_UTILISATION
LOC-1efd7fc570b2,"supply.refinery_utilisation.csv[226:{""country"": ""ZAF:sasol"", ""period"": ""2030"", ""scenario"": ""high_demand""}]",REG-SUPPLY-REFINERY_UTILISATION,"""0.8781""",fraction,Vopak/Reatile xlsx (Production_High / Production_Low),2025-03-24,nigel.zhuwaki,,unreviewed,unassessed,2026,EXC-SUPPLY-REFINERY_UTILISATION
LOC-894924ad0c87,"supply.refinery_utilisation.csv[227:{""country"": ""ZAF:astron"", ""period"": ""2030"", ""scenario"": ""high_demand""}]",REG-SUPPLY-REFINERY_UTILISATION,"""0.8""",fraction,Vopak/Reatile xlsx (Production_High / Production_Low),2025-03-24,nigel.zhuwaki,,unreviewed,unassessed,2026,EXC-SUPPLY-REFINERY_UTILISATION
LOC-948358b398a7,"supply.refinery_utilisation.csv[228:{""country"": ""ZAF:petrosa"", ""period"": ""2030"", ""scenario"": ""high_demand""}]",REG-SUPPLY-REFINERY_UTILISATION,"""0""",fraction,Vopak/Reatile xlsx (Production_High / Production_Low),2025-03-24,nigel.zhuwaki,,unreviewed,unassessed,2026,EXC-SUPPLY-REFINERY_UTILISATION
LOC-be8407509520,"supply.refinery_utilisation.csv[229:{""country"": ""ZAF:enref"", ""period"": ""2031"", ""scenario"": ""high_demand""}]",REG-SUPPLY-REFINERY_UTILISATION,"""0""",fraction,Vopak/Reatile xlsx (Production_High / Production_Low),2025-03-24,nigel.zhuwaki,,unreviewed,unassessed,2026,EXC-SUPPLY-REFINERY_UTILISATION
LOC-327d3a7f30ef,"supply.refinery_utilisation.csv[230:{""country"": ""ZAF:sapref"", ""period"": ""2031"", ""scenario"": ""high_demand""}]",REG-SUPPLY-REFINERY_UTILISATION,"""0""",fraction,Vopak/Reatile xlsx (Production_High / Production_Low),2025-03-24,nigel.zhuwaki,,unreviewed,unassessed,2026,EXC-SUPPLY-REFINERY_UTILISATION
LOC-0a04b3a6d5ac,"supply.refinery_utilisation.csv[231:{""country"": ""ZAF:natref"", ""period"": ""2031"", ""scenario"": ""high_demand""}]",REG-SUPPLY-REFINERY_UTILISATION,"""0""",fraction,Vopak/Reatile xlsx (Production_High / Production_Low),2025-03-24,nigel.zhuwaki,,unreviewed,unassessed,2026,EXC-SUPPLY-REFINERY_UTILISATION
LOC-168f46998e4c,"supply.refinery_utilisation.csv[232:{""country"": ""ZAF:sasol"", ""period"": ""2031"", ""scenario"": ""high_demand""}]",REG-SUPPLY-REFINERY_UTILISATION,"""0.8781""",fraction,Vopak/Reatile xlsx (Production_High / Production_Low),2025-03-24,nigel.zhuwaki,,unreviewed,unassessed,2026,EXC-SUPPLY-REFINERY_UTILISATION
LOC-aff1cfbff4fd,"supply.refinery_utilisation.csv[233:{""country"": ""ZAF:astron"", ""period"": ""2031"", ""scenario"": ""high_demand""}]",REG-SUPPLY-REFINERY_UTILISATION,"""0.8""",fraction,Vopak/Reatile xlsx (Production_High / Production_Low),2025-03-24,nigel.zhuwaki,,unreviewed,unassessed,2026,EXC-SUPPLY-REFINERY_UTILISATION
LOC-56d824860469,"supply.refinery_utilisation.csv[234:{""country"": ""ZAF:petrosa"", ""period"": ""2031"", ""scenario"": ""high_demand""}]",REG-SUPPLY-REFINERY_UTILISATION,"""0""",fraction,Vopak/Reatile xlsx (Production_High / Production_Low),2025-03-24,nigel.zhuwaki,,unreviewed,unassessed,2026,EXC-SUPPLY-REFINERY_UTILISATION
LOC-040a7b7dc816,"supply.refinery_utilisation.csv[235:{""country"": ""ZAF:enref"", ""period"": ""2032"", ""scenario"": ""high_demand""}]",REG-SUPPLY-REFINERY_UTILISATION,"""0""",fraction,Vopak/Reatile xlsx (Production_High / Production_Low),2025-03-24,nigel.zhuwaki,,unreviewed,unassessed,2026,EXC-SUPPLY-REFINERY_UTILISATION
LOC-106bea4ec626,"supply.refinery_utilisation.csv[236:{""country"": ""ZAF:sapref"", ""period"": ""2032"", ""scenario"": ""high_demand""}]",REG-SUPPLY-REFINERY_UTILISATION,"""0""",fraction,Vopak/Reatile xlsx (Production_High / Production_Low),2025-03-24,nigel.zhuwaki,,unreviewed,unassessed,2026,EXC-SUPPLY-REFINERY_UTILISATION
LOC-59ed727fcd0d,"supply.refinery_utilisation.csv[237:{""country"": ""ZAF:natref"", ""period"": ""2032"", ""scenario"": ""high_demand""}]",REG-SUPPLY-REFINERY_UTILISATION,"""0""",fraction,Vopak/Reatile xlsx (Production_High / Production_Low),2025-03-24,nigel.zhuwaki,,unreviewed,unassessed,2026,EXC-SUPPLY-REFINERY_UTILISATION
LOC-94c7d1f0e8b3,"supply.refinery_utilisation.csv[238:{""country"": ""ZAF:sasol"", ""period"": ""2032"", ""scenario"": ""high_demand""}]",REG-SUPPLY-REFINERY_UTILISATION,"""0.8781""",fraction,Vopak/Reatile xlsx (Production_High / Production_Low),2025-03-24,nigel.zhuwaki,,unreviewed,unassessed,2026,EXC-SUPPLY-REFINERY_UTILISATION
LOC-37f2537de2a0,"supply.refinery_utilisation.csv[239:{""country"": ""ZAF:astron"", ""period"": ""2032"", ""scenario"": ""high_demand""}]",REG-SUPPLY-REFINERY_UTILISATION,"""0.8""",fraction,Vopak/Reatile xlsx (Production_High / Production_Low),2025-03-24,nigel.zhuwaki,,unreviewed,unassessed,2026,EXC-SUPPLY-REFINERY_UTILISATION
LOC-48a4f0384b6b,"supply.refinery_utilisation.csv[240:{""country"": ""ZAF:petrosa"", ""period"": ""2032"", ""scenario"": ""high_demand""}]",REG-SUPPLY-REFINERY_UTILISATION,"""0""",fraction,Vopak/Reatile xlsx (Production_High / Production_Low),2025-03-24,nigel.zhuwaki,,unreviewed,unassessed,2026,EXC-SUPPLY-REFINERY_UTILISATION
LOC-e94d91c55804,"supply.refinery_utilisation.csv[241:{""country"": ""ZAF:enref"", ""period"": ""2033"", ""scenario"": ""high_demand""}]",REG-SUPPLY-REFINERY_UTILISATION,"""0""",fraction,Vopak/Reatile xlsx (Production_High / Production_Low),2025-03-24,nigel.zhuwaki,,unreviewed,unassessed,2026,EXC-SUPPLY-REFINERY_UTILISATION
LOC-0d39bdf3b328,"supply.refinery_utilisation.csv[242:{""country"": ""ZAF:sapref"", ""period"": ""2033"", ""scenario"": ""high_demand""}]",REG-SUPPLY-REFINERY_UTILISATION,"""0""",fraction,Vopak/Reatile xlsx (Production_High / Production_Low),2025-03-24,nigel.zhuwaki,,unreviewed,unassessed,2026,EXC-SUPPLY-REFINERY_UTILISATION
LOC-1ebd28350b9c,"supply.refinery_utilisation.csv[243:{""country"": ""ZAF:natref"", ""period"": ""2033"", ""scenario"": ""high_demand""}]",REG-SUPPLY-REFINERY_UTILISATION,"""0""",fraction,Vopak/Reatile xlsx (Production_High / Production_Low),2025-03-24,nigel.zhuwaki,,unreviewed,unassessed,2026,EXC-SUPPLY-REFINERY_UTILISATION
LOC-4babffcb844c,"supply.refinery_utilisation.csv[244:{""country"": ""ZAF:sasol"", ""period"": ""2033"", ""scenario"": ""high_demand""}]",REG-SUPPLY-REFINERY_UTILISATION,"""0.8444""",fraction,Vopak/Reatile xlsx (Production_High / Production_Low),2025-03-24,nigel.zhuwaki,,unreviewed,unassessed,2026,EXC-SUPPLY-REFINERY_UTILISATION
LOC-931144ea6f6c,"supply.refinery_utilisation.csv[245:{""country"": ""ZAF:astron"", ""period"": ""2033"", ""scenario"": ""high_demand""}]",REG-SUPPLY-REFINERY_UTILISATION,"""0.8""",fraction,Vopak/Reatile xlsx (Production_High / Production_Low),2025-03-24,nigel.zhuwaki,,unreviewed,unassessed,2026,EXC-SUPPLY-REFINERY_UTILISATION
LOC-25773fa0a0f8,"supply.refinery_utilisation.csv[246:{""country"": ""ZAF:petrosa"", ""period"": ""2033"", ""scenario"": ""high_demand""}]",REG-SUPPLY-REFINERY_UTILISATION,"""0""",fraction,Vopak/Reatile xlsx (Production_High / Production_Low),2025-03-24,nigel.zhuwaki,,unreviewed,unassessed,2026,EXC-SUPPLY-REFINERY_UTILISATION
LOC-526d94335466,"supply.refinery_utilisation.csv[247:{""country"": ""ZAF:enref"", ""period"": ""2034"", ""scenario"": ""high_demand""}]",REG-SUPPLY-REFINERY_UTILISATION,"""0""",fraction,Vopak/Reatile xlsx (Production_High / Production_Low),2025-03-24,nigel.zhuwaki,,unreviewed,unassessed,2026,EXC-SUPPLY-REFINERY_UTILISATION
LOC-cc86a5396442,"supply.refinery_utilisation.csv[248:{""country"": ""ZAF:sapref"", ""period"": ""2034"", ""scenario"": ""high_demand""}]",REG-SUPPLY-REFINERY_UTILISATION,"""0""",fraction,Vopak/Reatile xlsx (Production_High / Production_Low),2025-03-24,nigel.zhuwaki,,unreviewed,unassessed,2026,EXC-SUPPLY-REFINERY_UTILISATION
LOC-135de4d91fd8,"supply.refinery_utilisation.csv[249:{""country"": ""ZAF:natref"", ""period"": ""2034"", ""scenario"": ""high_demand""}]",REG-SUPPLY-REFINERY_UTILISATION,"""0""",fraction,Vopak/Reatile xlsx (Production_High / Production_Low),2025-03-24,nigel.zhuwaki,,unreviewed,unassessed,2026,EXC-SUPPLY-REFINERY_UTILISATION
LOC-7df846155df2,"supply.refinery_utilisation.csv[250:{""country"": ""ZAF:sasol"", ""period"": ""2034"", ""scenario"": ""high_demand""}]",REG-SUPPLY-REFINERY_UTILISATION,"""0.8107""",fraction,Vopak/Reatile xlsx (Production_High / Production_Low),2025-03-24,nigel.zhuwaki,,unreviewed,unassessed,2026,EXC-SUPPLY-REFINERY_UTILISATION
LOC-ed198c7dd8b7,"supply.refinery_utilisation.csv[251:{""country"": ""ZAF:astron"", ""period"": ""2034"", ""scenario"": ""high_demand""}]",REG-SUPPLY-REFINERY_UTILISATION,"""0.8""",fraction,Vopak/Reatile xlsx (Production_High / Production_Low),2025-03-24,nigel.zhuwaki,,unreviewed,unassessed,2026,EXC-SUPPLY-REFINERY_UTILISATION
LOC-d31d462acb2f,"supply.refinery_utilisation.csv[252:{""country"": ""ZAF:petrosa"", ""period"": ""2034"", ""scenario"": ""high_demand""}]",REG-SUPPLY-REFINERY_UTILISATION,"""0""",fraction,Vopak/Reatile xlsx (Production_High / Production_Low),2025-03-24,nigel.zhuwaki,,unreviewed,unassessed,2026,EXC-SUPPLY-REFINERY_UTILISATION
LOC-1f5bb7e64ad9,"supply.refinery_utilisation.csv[253:{""country"": ""ZAF:enref"", ""period"": ""2035"", ""scenario"": ""high_demand""}]",REG-SUPPLY-REFINERY_UTILISATION,"""0""",fraction,Vopak/Reatile xlsx (Production_High / Production_Low),2025-03-24,nigel.zhuwaki,,unreviewed,unassessed,2026,EXC-SUPPLY-REFINERY_UTILISATION
LOC-5939c714bded,"supply.refinery_utilisation.csv[254:{""country"": ""ZAF:sapref"", ""period"": ""2035"", ""scenario"": ""high_demand""}]",REG-SUPPLY-REFINERY_UTILISATION,"""0""",fraction,Vopak/Reatile xlsx (Production_High / Production_Low),2025-03-24,nigel.zhuwaki,,unreviewed,unassessed,2026,EXC-SUPPLY-REFINERY_UTILISATION
LOC-f33d451933f2,"supply.refinery_utilisation.csv[255:{""country"": ""ZAF:natref"", ""period"": ""2035"", ""scenario"": ""high_demand""}]",REG-SUPPLY-REFINERY_UTILISATION,"""0""",fraction,Vopak/Reatile xlsx (Production_High / Production_Low),2025-03-24,nigel.zhuwaki,,unreviewed,unassessed,2026,EXC-SUPPLY-REFINERY_UTILISATION
LOC-b99a777cbad2,"supply.refinery_utilisation.csv[256:{""country"": ""ZAF:sasol"", ""period"": ""2035"", ""scenario"": ""high_demand""}]",REG-SUPPLY-REFINERY_UTILISATION,"""0.777""",fraction,Vopak/Reatile xlsx (Production_High / Production_Low),2025-03-24,nigel.zhuwaki,,unreviewed,unassessed,2026,EXC-SUPPLY-REFINERY_UTILISATION
LOC-c8b1c75b085f,"supply.refinery_utilisation.csv[257:{""country"": ""ZAF:astron"", ""period"": ""2035"", ""scenario"": ""high_demand""}]",REG-SUPPLY-REFINERY_UTILISATION,"""0.8""",fraction,Vopak/Reatile xlsx (Production_High / Production_Low),2025-03-24,nigel.zhuwaki,,unreviewed,unassessed,2026,EXC-SUPPLY-REFINERY_UTILISATION
LOC-072e655bfdaa,"supply.refinery_utilisation.csv[258:{""country"": ""ZAF:petrosa"", ""period"": ""2035"", ""scenario"": ""high_demand""}]",REG-SUPPLY-REFINERY_UTILISATION,"""0""",fraction,Vopak/Reatile xlsx (Production_High / Production_Low),2025-03-24,nigel.zhuwaki,,unreviewed,unassessed,2026,EXC-SUPPLY-REFINERY_UTILISATION
LOC-ad0002836b8a,"supply.refinery_utilisation.csv[259:{""country"": ""ZAF:enref"", ""period"": ""2036"", ""scenario"": ""high_demand""}]",REG-SUPPLY-REFINERY_UTILISATION,"""0""",fraction,Vopak/Reatile xlsx (Production_High / Production_Low),2025-03-24,nigel.zhuwaki,,unreviewed,unassessed,2026,EXC-SUPPLY-REFINERY_UTILISATION
LOC-9b2e11e62776,"supply.refinery_utilisation.csv[260:{""country"": ""ZAF:sapref"", ""period"": ""2036"", ""scenario"": ""high_demand""}]",REG-SUPPLY-REFINERY_UTILISATION,"""0""",fraction,Vopak/Reatile xlsx (Production_High / Production_Low),2025-03-24,nigel.zhuwaki,,unreviewed,unassessed,2026,EXC-SUPPLY-REFINERY_UTILISATION
LOC-07ce1c7fa6b1,"supply.refinery_utilisation.csv[261:{""country"": ""ZAF:natref"", ""period"": ""2036"", ""scenario"": ""high_demand""}]",REG-SUPPLY-REFINERY_UTILISATION,"""0""",fraction,Vopak/Reatile xlsx (Production_High / Production_Low),2025-03-24,nigel.zhuwaki,,unreviewed,unassessed,2026,EXC-SUPPLY-REFINERY_UTILISATION
LOC-d10c052d7860,"supply.refinery_utilisation.csv[262:{""country"": ""ZAF:sasol"", ""period"": ""2036"", ""scenario"": ""high_demand""}]",REG-SUPPLY-REFINERY_UTILISATION,"""0.777""",fraction,Vopak/Reatile xlsx (Production_High / Production_Low),2025-03-24,nigel.zhuwaki,,unreviewed,unassessed,2026,EXC-SUPPLY-REFINERY_UTILISATION
LOC-d12bfb93ae69,"supply.refinery_utilisation.csv[263:{""country"": ""ZAF:astron"", ""period"": ""2036"", ""scenario"": ""high_demand""}]",REG-SUPPLY-REFINERY_UTILISATION,"""0.8""",fraction,Vopak/Reatile xlsx (Production_High / Production_Low),2025-03-24,nigel.zhuwaki,,unreviewed,unassessed,2026,EXC-SUPPLY-REFINERY_UTILISATION
LOC-286cb6186cf9,"supply.refinery_utilisation.csv[264:{""country"": ""ZAF:petrosa"", ""period"": ""2036"", ""scenario"": ""high_demand""}]",REG-SUPPLY-REFINERY_UTILISATION,"""0""",fraction,Vopak/Reatile xlsx (Production_High / Production_Low),2025-03-24,nigel.zhuwaki,,unreviewed,unassessed,2026,EXC-SUPPLY-REFINERY_UTILISATION
LOC-7555b144116e,"supply.refinery_utilisation.csv[265:{""country"": ""ZAF:enref"", ""period"": ""2037"", ""scenario"": ""high_demand""}]",REG-SUPPLY-REFINERY_UTILISATION,"""0""",fraction,Vopak/Reatile xlsx (Production_High / Production_Low),2025-03-24,nigel.zhuwaki,,unreviewed,unassessed,2026,EXC-SUPPLY-REFINERY_UTILISATION
LOC-24bda9634cfe,"supply.refinery_utilisation.csv[266:{""country"": ""ZAF:sapref"", ""period"": ""2037"", ""scenario"": ""high_demand""}]",REG-SUPPLY-REFINERY_UTILISATION,"""0""",fraction,Vopak/Reatile xlsx (Production_High / Production_Low),2025-03-24,nigel.zhuwaki,,unreviewed,unassessed,2026,EXC-SUPPLY-REFINERY_UTILISATION
LOC-5c15925b543f,"supply.refinery_utilisation.csv[267:{""country"": ""ZAF:natref"", ""period"": ""2037"", ""scenario"": ""high_demand""}]",REG-SUPPLY-REFINERY_UTILISATION,"""0""",fraction,Vopak/Reatile xlsx (Production_High / Production_Low),2025-03-24,nigel.zhuwaki,,unreviewed,unassessed,2026,EXC-SUPPLY-REFINERY_UTILISATION
LOC-93dc51276f5b,"supply.refinery_utilisation.csv[268:{""country"": ""ZAF:sasol"", ""period"": ""2037"", ""scenario"": ""high_demand""}]",REG-SUPPLY-REFINERY_UTILISATION,"""0.777""",fraction,Vopak/Reatile xlsx (Production_High / Production_Low),2025-03-24,nigel.zhuwaki,,unreviewed,unassessed,2026,EXC-SUPPLY-REFINERY_UTILISATION
LOC-98d8920c2413,"supply.refinery_utilisation.csv[269:{""country"": ""ZAF:astron"", ""period"": ""2037"", ""scenario"": ""high_demand""}]",REG-SUPPLY-REFINERY_UTILISATION,"""0.8""",fraction,Vopak/Reatile xlsx (Production_High / Production_Low),2025-03-24,nigel.zhuwaki,,unreviewed,unassessed,2026,EXC-SUPPLY-REFINERY_UTILISATION
LOC-d39845a9de76,"supply.refinery_utilisation.csv[270:{""country"": ""ZAF:petrosa"", ""period"": ""2037"", ""scenario"": ""high_demand""}]",REG-SUPPLY-REFINERY_UTILISATION,"""0""",fraction,Vopak/Reatile xlsx (Production_High / Production_Low),2025-03-24,nigel.zhuwaki,,unreviewed,unassessed,2026,EXC-SUPPLY-REFINERY_UTILISATION
LOC-7b182547c87d,"supply.refinery_utilisation.csv[271:{""country"": ""ZAF:enref"", ""period"": ""2038"", ""scenario"": ""high_demand""}]",REG-SUPPLY-REFINERY_UTILISATION,"""0""",fraction,Vopak/Reatile xlsx (Production_High / Production_Low),2025-03-24,nigel.zhuwaki,,unreviewed,unassessed,2026,EXC-SUPPLY-REFINERY_UTILISATION
LOC-5c90637bb50f,"supply.refinery_utilisation.csv[272:{""country"": ""ZAF:sapref"", ""period"": ""2038"", ""scenario"": ""high_demand""}]",REG-SUPPLY-REFINERY_UTILISATION,"""0""",fraction,Vopak/Reatile xlsx (Production_High / Production_Low),2025-03-24,nigel.zhuwaki,,unreviewed,unassessed,2026,EXC-SUPPLY-REFINERY_UTILISATION
LOC-d57cb9fdfda0,"supply.refinery_utilisation.csv[273:{""country"": ""ZAF:natref"", ""period"": ""2038"", ""scenario"": ""high_demand""}]",REG-SUPPLY-REFINERY_UTILISATION,"""0""",fraction,Vopak/Reatile xlsx (Production_High / Production_Low),2025-03-24,nigel.zhuwaki,,unreviewed,unassessed,2026,EXC-SUPPLY-REFINERY_UTILISATION
LOC-7fda73defe91,"supply.refinery_utilisation.csv[274:{""country"": ""ZAF:sasol"", ""period"": ""2038"", ""scenario"": ""high_demand""}]",REG-SUPPLY-REFINERY_UTILISATION,"""0.777""",fraction,Vopak/Reatile xlsx (Production_High / Production_Low),2025-03-24,nigel.zhuwaki,,unreviewed,unassessed,2026,EXC-SUPPLY-REFINERY_UTILISATION
LOC-1c0b14a4ef9d,"supply.refinery_utilisation.csv[275:{""country"": ""ZAF:astron"", ""period"": ""2038"", ""scenario"": ""high_demand""}]",REG-SUPPLY-REFINERY_UTILISATION,"""0.8""",fraction,Vopak/Reatile xlsx (Production_High / Production_Low),2025-03-24,nigel.zhuwaki,,unreviewed,unassessed,2026,EXC-SUPPLY-REFINERY_UTILISATION
LOC-c40c958e55c4,"supply.refinery_utilisation.csv[276:{""country"": ""ZAF:petrosa"", ""period"": ""2038"", ""scenario"": ""high_demand""}]",REG-SUPPLY-REFINERY_UTILISATION,"""0""",fraction,Vopak/Reatile xlsx (Production_High / Production_Low),2025-03-24,nigel.zhuwaki,,unreviewed,unassessed,2026,EXC-SUPPLY-REFINERY_UTILISATION
LOC-5191a5495722,"supply.refinery_utilisation.csv[277:{""country"": ""ZAF:enref"", ""period"": ""2039"", ""scenario"": ""high_demand""}]",REG-SUPPLY-REFINERY_UTILISATION,"""0""",fraction,Vopak/Reatile xlsx (Production_High / Production_Low),2025-03-24,nigel.zhuwaki,,unreviewed,unassessed,2026,EXC-SUPPLY-REFINERY_UTILISATION
LOC-bfa8655eda02,"supply.refinery_utilisation.csv[278:{""country"": ""ZAF:sapref"", ""period"": ""2039"", ""scenario"": ""high_demand""}]",REG-SUPPLY-REFINERY_UTILISATION,"""0""",fraction,Vopak/Reatile xlsx (Production_High / Production_Low),2025-03-24,nigel.zhuwaki,,unreviewed,unassessed,2026,EXC-SUPPLY-REFINERY_UTILISATION
LOC-3b91dff9d3a2,"supply.refinery_utilisation.csv[279:{""country"": ""ZAF:natref"", ""period"": ""2039"", ""scenario"": ""high_demand""}]",REG-SUPPLY-REFINERY_UTILISATION,"""0""",fraction,Vopak/Reatile xlsx (Production_High / Production_Low),2025-03-24,nigel.zhuwaki,,unreviewed,unassessed,2026,EXC-SUPPLY-REFINERY_UTILISATION
LOC-eb99099c68c0,"supply.refinery_utilisation.csv[280:{""country"": ""ZAF:sasol"", ""period"": ""2039"", ""scenario"": ""high_demand""}]",REG-SUPPLY-REFINERY_UTILISATION,"""0.777""",fraction,Vopak/Reatile xlsx (Production_High / Production_Low),2025-03-24,nigel.zhuwaki,,unreviewed,unassessed,2026,EXC-SUPPLY-REFINERY_UTILISATION
LOC-7f9a34a740fb,"supply.refinery_utilisation.csv[281:{""country"": ""ZAF:astron"", ""period"": ""2039"", ""scenario"": ""high_demand""}]",REG-SUPPLY-REFINERY_UTILISATION,"""0.8""",fraction,Vopak/Reatile xlsx (Production_High / Production_Low),2025-03-24,nigel.zhuwaki,,unreviewed,unassessed,2026,EXC-SUPPLY-REFINERY_UTILISATION
LOC-3042d937d2e8,"supply.refinery_utilisation.csv[282:{""country"": ""ZAF:petrosa"", ""period"": ""2039"", ""scenario"": ""high_demand""}]",REG-SUPPLY-REFINERY_UTILISATION,"""0""",fraction,Vopak/Reatile xlsx (Production_High / Production_Low),2025-03-24,nigel.zhuwaki,,unreviewed,unassessed,2026,EXC-SUPPLY-REFINERY_UTILISATION
LOC-32a68db92532,"supply.refinery_utilisation.csv[283:{""country"": ""ZAF:enref"", ""period"": ""2040"", ""scenario"": ""high_demand""}]",REG-SUPPLY-REFINERY_UTILISATION,"""0""",fraction,Vopak/Reatile xlsx (Production_High / Production_Low),2025-03-24,nigel.zhuwaki,,unreviewed,unassessed,2026,EXC-SUPPLY-REFINERY_UTILISATION
LOC-f6eb1e13aa76,"supply.refinery_utilisation.csv[284:{""country"": ""ZAF:sapref"", ""period"": ""2040"", ""scenario"": ""high_demand""}]",REG-SUPPLY-REFINERY_UTILISATION,"""0""",fraction,Vopak/Reatile xlsx (Production_High / Production_Low),2025-03-24,nigel.zhuwaki,,unreviewed,unassessed,2026,EXC-SUPPLY-REFINERY_UTILISATION
LOC-0b6619b4281b,"supply.refinery_utilisation.csv[285:{""country"": ""ZAF:natref"", ""period"": ""2040"", ""scenario"": ""high_demand""}]",REG-SUPPLY-REFINERY_UTILISATION,"""0""",fraction,Vopak/Reatile xlsx (Production_High / Production_Low),2025-03-24,nigel.zhuwaki,,unreviewed,unassessed,2026,EXC-SUPPLY-REFINERY_UTILISATION
LOC-93d70a5dc7e8,"supply.refinery_utilisation.csv[286:{""country"": ""ZAF:sasol"", ""period"": ""2040"", ""scenario"": ""high_demand""}]",REG-SUPPLY-REFINERY_UTILISATION,"""0.777""",fraction,Vopak/Reatile xlsx (Production_High / Production_Low),2025-03-24,nigel.zhuwaki,,unreviewed,unassessed,2026,EXC-SUPPLY-REFINERY_UTILISATION
LOC-3fd7ae5a8cdb,"supply.refinery_utilisation.csv[287:{""country"": ""ZAF:astron"", ""period"": ""2040"", ""scenario"": ""high_demand""}]",REG-SUPPLY-REFINERY_UTILISATION,"""0.8""",fraction,Vopak/Reatile xlsx (Production_High / Production_Low),2025-03-24,nigel.zhuwaki,,unreviewed,unassessed,2026,EXC-SUPPLY-REFINERY_UTILISATION
LOC-cec708005684,"supply.refinery_utilisation.csv[288:{""country"": ""ZAF:petrosa"", ""period"": ""2040"", ""scenario"": ""high_demand""}]",REG-SUPPLY-REFINERY_UTILISATION,"""0""",fraction,Vopak/Reatile xlsx (Production_High / Production_Low),2025-03-24,nigel.zhuwaki,,unreviewed,unassessed,2026,EXC-SUPPLY-REFINERY_UTILISATION
LOC-b2220a29c72b,"supply.refinery_utilisation.csv[289:{""country"": ""ZAF:enref"", ""period"": ""2041"", ""scenario"": ""high_demand""}]",REG-SUPPLY-REFINERY_UTILISATION,"""0""",fraction,Vopak/Reatile xlsx (Production_High / Production_Low),2025-03-24,nigel.zhuwaki,,unreviewed,unassessed,2026,EXC-SUPPLY-REFINERY_UTILISATION
LOC-a93fa21e53dd,"supply.refinery_utilisation.csv[290:{""country"": ""ZAF:sapref"", ""period"": ""2041"", ""scenario"": ""high_demand""}]",REG-SUPPLY-REFINERY_UTILISATION,"""0""",fraction,Vopak/Reatile xlsx (Production_High / Production_Low),2025-03-24,nigel.zhuwaki,,unreviewed,unassessed,2026,EXC-SUPPLY-REFINERY_UTILISATION
LOC-4b5041126f3c,"supply.refinery_utilisation.csv[291:{""country"": ""ZAF:natref"", ""period"": ""2041"", ""scenario"": ""high_demand""}]",REG-SUPPLY-REFINERY_UTILISATION,"""0""",fraction,Vopak/Reatile xlsx (Production_High / Production_Low),2025-03-24,nigel.zhuwaki,,unreviewed,unassessed,2026,EXC-SUPPLY-REFINERY_UTILISATION
LOC-4ab972ac343f,"supply.refinery_utilisation.csv[292:{""country"": ""ZAF:sasol"", ""period"": ""2041"", ""scenario"": ""high_demand""}]",REG-SUPPLY-REFINERY_UTILISATION,"""0""",fraction,Vopak/Reatile xlsx (Production_High / Production_Low),2025-03-24,nigel.zhuwaki,,unreviewed,unassessed,2026,EXC-SUPPLY-REFINERY_UTILISATION
LOC-fd75bac21310,"supply.refinery_utilisation.csv[293:{""country"": ""ZAF:astron"", ""period"": ""2041"", ""scenario"": ""high_demand""}]",REG-SUPPLY-REFINERY_UTILISATION,"""0.8""",fraction,Vopak/Reatile xlsx (Production_High / Production_Low),2025-03-24,nigel.zhuwaki,,unreviewed,unassessed,2026,EXC-SUPPLY-REFINERY_UTILISATION
LOC-dd9c7e8b3b4a,"supply.refinery_utilisation.csv[294:{""country"": ""ZAF:petrosa"", ""period"": ""2041"", ""scenario"": ""high_demand""}]",REG-SUPPLY-REFINERY_UTILISATION,"""0""",fraction,Vopak/Reatile xlsx (Production_High / Production_Low),2025-03-24,nigel.zhuwaki,,unreviewed,unassessed,2026,EXC-SUPPLY-REFINERY_UTILISATION
LOC-2d77ce287713,"supply.refinery_utilisation.csv[295:{""country"": ""ZAF:enref"", ""period"": ""2042"", ""scenario"": ""high_demand""}]",REG-SUPPLY-REFINERY_UTILISATION,"""0""",fraction,Vopak/Reatile xlsx (Production_High / Production_Low),2025-03-24,nigel.zhuwaki,,unreviewed,unassessed,2026,EXC-SUPPLY-REFINERY_UTILISATION
LOC-927d80ba96a6,"supply.refinery_utilisation.csv[296:{""country"": ""ZAF:sapref"", ""period"": ""2042"", ""scenario"": ""high_demand""}]",REG-SUPPLY-REFINERY_UTILISATION,"""0""",fraction,Vopak/Reatile xlsx (Production_High / Production_Low),2025-03-24,nigel.zhuwaki,,unreviewed,unassessed,2026,EXC-SUPPLY-REFINERY_UTILISATION
LOC-d6cc46e53a41,"supply.refinery_utilisation.csv[297:{""country"": ""ZAF:natref"", ""period"": ""2042"", ""scenario"": ""high_demand""}]",REG-SUPPLY-REFINERY_UTILISATION,"""0""",fraction,Vopak/Reatile xlsx (Production_High / Production_Low),2025-03-24,nigel.zhuwaki,,unreviewed,unassessed,2026,EXC-SUPPLY-REFINERY_UTILISATION
LOC-0bf54a9fd8a0,"supply.refinery_utilisation.csv[298:{""country"": ""ZAF:sasol"", ""period"": ""2042"", ""scenario"": ""high_demand""}]",REG-SUPPLY-REFINERY_UTILISATION,"""0""",fraction,Vopak/Reatile xlsx (Production_High / Production_Low),2025-03-24,nigel.zhuwaki,,unreviewed,unassessed,2026,EXC-SUPPLY-REFINERY_UTILISATION
LOC-c3a59ad4e566,"supply.refinery_utilisation.csv[299:{""country"": ""ZAF:astron"", ""period"": ""2042"", ""scenario"": ""high_demand""}]",REG-SUPPLY-REFINERY_UTILISATION,"""0.8""",fraction,Vopak/Reatile xlsx (Production_High / Production_Low),2025-03-24,nigel.zhuwaki,,unreviewed,unassessed,2026,EXC-SUPPLY-REFINERY_UTILISATION
LOC-3636bea2124b,"supply.refinery_utilisation.csv[300:{""country"": ""ZAF:petrosa"", ""period"": ""2042"", ""scenario"": ""high_demand""}]",REG-SUPPLY-REFINERY_UTILISATION,"""0""",fraction,Vopak/Reatile xlsx (Production_High / Production_Low),2025-03-24,nigel.zhuwaki,,unreviewed,unassessed,2026,EXC-SUPPLY-REFINERY_UTILISATION
LOC-30615cc5f89c,"supply.refinery_utilisation.csv[301:{""country"": ""ZAF:enref"", ""period"": ""2043"", ""scenario"": ""high_demand""}]",REG-SUPPLY-REFINERY_UTILISATION,"""0""",fraction,Vopak/Reatile xlsx (Production_High / Production_Low),2025-03-24,nigel.zhuwaki,,unreviewed,unassessed,2026,EXC-SUPPLY-REFINERY_UTILISATION
LOC-19811aff4fec,"supply.refinery_utilisation.csv[302:{""country"": ""ZAF:sapref"", ""period"": ""2043"", ""scenario"": ""high_demand""}]",REG-SUPPLY-REFINERY_UTILISATION,"""0""",fraction,Vopak/Reatile xlsx (Production_High / Production_Low),2025-03-24,nigel.zhuwaki,,unreviewed,unassessed,2026,EXC-SUPPLY-REFINERY_UTILISATION
LOC-e7a02150cfaf,"supply.refinery_utilisation.csv[303:{""country"": ""ZAF:natref"", ""period"": ""2043"", ""scenario"": ""high_demand""}]",REG-SUPPLY-REFINERY_UTILISATION,"""0""",fraction,Vopak/Reatile xlsx (Production_High / Production_Low),2025-03-24,nigel.zhuwaki,,unreviewed,unassessed,2026,EXC-SUPPLY-REFINERY_UTILISATION
LOC-c860ff5822c1,"supply.refinery_utilisation.csv[304:{""country"": ""ZAF:sasol"", ""period"": ""2043"", ""scenario"": ""high_demand""}]",REG-SUPPLY-REFINERY_UTILISATION,"""0""",fraction,Vopak/Reatile xlsx (Production_High / Production_Low),2025-03-24,nigel.zhuwaki,,unreviewed,unassessed,2026,EXC-SUPPLY-REFINERY_UTILISATION
LOC-c07c9b5de8f4,"supply.refinery_utilisation.csv[305:{""country"": ""ZAF:astron"", ""period"": ""2043"", ""scenario"": ""high_demand""}]",REG-SUPPLY-REFINERY_UTILISATION,"""0.8""",fraction,Vopak/Reatile xlsx (Production_High / Production_Low),2025-03-24,nigel.zhuwaki,,unreviewed,unassessed,2026,EXC-SUPPLY-REFINERY_UTILISATION
LOC-52008470609a,"supply.refinery_utilisation.csv[306:{""country"": ""ZAF:petrosa"", ""period"": ""2043"", ""scenario"": ""high_demand""}]",REG-SUPPLY-REFINERY_UTILISATION,"""0""",fraction,Vopak/Reatile xlsx (Production_High / Production_Low),2025-03-24,nigel.zhuwaki,,unreviewed,unassessed,2026,EXC-SUPPLY-REFINERY_UTILISATION
LOC-fc4c29cc9802,"supply.refinery_utilisation.csv[307:{""country"": ""ZAF:enref"", ""period"": ""2044"", ""scenario"": ""high_demand""}]",REG-SUPPLY-REFINERY_UTILISATION,"""0""",fraction,Vopak/Reatile xlsx (Production_High / Production_Low),2025-03-24,nigel.zhuwaki,,unreviewed,unassessed,2026,EXC-SUPPLY-REFINERY_UTILISATION
LOC-43e989244017,"supply.refinery_utilisation.csv[308:{""country"": ""ZAF:sapref"", ""period"": ""2044"", ""scenario"": ""high_demand""}]",REG-SUPPLY-REFINERY_UTILISATION,"""0""",fraction,Vopak/Reatile xlsx (Production_High / Production_Low),2025-03-24,nigel.zhuwaki,,unreviewed,unassessed,2026,EXC-SUPPLY-REFINERY_UTILISATION
LOC-3e9d90973ef4,"supply.refinery_utilisation.csv[309:{""country"": ""ZAF:natref"", ""period"": ""2044"", ""scenario"": ""high_demand""}]",REG-SUPPLY-REFINERY_UTILISATION,"""0""",fraction,Vopak/Reatile xlsx (Production_High / Production_Low),2025-03-24,nigel.zhuwaki,,unreviewed,unassessed,2026,EXC-SUPPLY-REFINERY_UTILISATION
LOC-82fe2d35c17f,"supply.refinery_utilisation.csv[310:{""country"": ""ZAF:sasol"", ""period"": ""2044"", ""scenario"": ""high_demand""}]",REG-SUPPLY-REFINERY_UTILISATION,"""0""",fraction,Vopak/Reatile xlsx (Production_High / Production_Low),2025-03-24,nigel.zhuwaki,,unreviewed,unassessed,2026,EXC-SUPPLY-REFINERY_UTILISATION
LOC-b3943386548c,"supply.refinery_utilisation.csv[311:{""country"": ""ZAF:astron"", ""period"": ""2044"", ""scenario"": ""high_demand""}]",REG-SUPPLY-REFINERY_UTILISATION,"""0.8""",fraction,Vopak/Reatile xlsx (Production_High / Production_Low),2025-03-24,nigel.zhuwaki,,unreviewed,unassessed,2026,EXC-SUPPLY-REFINERY_UTILISATION
LOC-4a9dd9075ad8,"supply.refinery_utilisation.csv[312:{""country"": ""ZAF:petrosa"", ""period"": ""2044"", ""scenario"": ""high_demand""}]",REG-SUPPLY-REFINERY_UTILISATION,"""0""",fraction,Vopak/Reatile xlsx (Production_High / Production_Low),2025-03-24,nigel.zhuwaki,,unreviewed,unassessed,2026,EXC-SUPPLY-REFINERY_UTILISATION
LOC-f54ce50cf3fc,"supply.refinery_utilisation.csv[313:{""country"": ""ZAF:enref"", ""period"": ""2045"", ""scenario"": ""high_demand""}]",REG-SUPPLY-REFINERY_UTILISATION,"""0""",fraction,Vopak/Reatile xlsx (Production_High / Production_Low),2025-03-24,nigel.zhuwaki,,unreviewed,unassessed,2026,EXC-SUPPLY-REFINERY_UTILISATION
LOC-c89477a41b97,"supply.refinery_utilisation.csv[314:{""country"": ""ZAF:sapref"", ""period"": ""2045"", ""scenario"": ""high_demand""}]",REG-SUPPLY-REFINERY_UTILISATION,"""0""",fraction,Vopak/Reatile xlsx (Production_High / Production_Low),2025-03-24,nigel.zhuwaki,,unreviewed,unassessed,2026,EXC-SUPPLY-REFINERY_UTILISATION
LOC-61384d0a1a57,"supply.refinery_utilisation.csv[315:{""country"": ""ZAF:natref"", ""period"": ""2045"", ""scenario"": ""high_demand""}]",REG-SUPPLY-REFINERY_UTILISATION,"""0""",fraction,Vopak/Reatile xlsx (Production_High / Production_Low),2025-03-24,nigel.zhuwaki,,unreviewed,unassessed,2026,EXC-SUPPLY-REFINERY_UTILISATION
LOC-e416a3af8ea6,"supply.refinery_utilisation.csv[316:{""country"": ""ZAF:sasol"", ""period"": ""2045"", ""scenario"": ""high_demand""}]",REG-SUPPLY-REFINERY_UTILISATION,"""0""",fraction,Vopak/Reatile xlsx (Production_High / Production_Low),2025-03-24,nigel.zhuwaki,,unreviewed,unassessed,2026,EXC-SUPPLY-REFINERY_UTILISATION
LOC-c767e966cbbd,"supply.refinery_utilisation.csv[317:{""country"": ""ZAF:astron"", ""period"": ""2045"", ""scenario"": ""high_demand""}]",REG-SUPPLY-REFINERY_UTILISATION,"""0.8""",fraction,Vopak/Reatile xlsx (Production_High / Production_Low),2025-03-24,nigel.zhuwaki,,unreviewed,unassessed,2026,EXC-SUPPLY-REFINERY_UTILISATION
LOC-3efb8d4799d2,"supply.refinery_utilisation.csv[318:{""country"": ""ZAF:petrosa"", ""period"": ""2045"", ""scenario"": ""high_demand""}]",REG-SUPPLY-REFINERY_UTILISATION,"""0""",fraction,Vopak/Reatile xlsx (Production_High / Production_Low),2025-03-24,nigel.zhuwaki,,unreviewed,unassessed,2026,EXC-SUPPLY-REFINERY_UTILISATION
LOC-a0abc81d1bfe,"supply.refinery_utilisation.csv[319:{""country"": ""ZAF:enref"", ""period"": ""2046"", ""scenario"": ""high_demand""}]",REG-SUPPLY-REFINERY_UTILISATION,"""0""",fraction,Vopak/Reatile xlsx (Production_High / Production_Low),2025-03-24,nigel.zhuwaki,,unreviewed,unassessed,2026,EXC-SUPPLY-REFINERY_UTILISATION
LOC-4af8f37981ea,"supply.refinery_utilisation.csv[320:{""country"": ""ZAF:sapref"", ""period"": ""2046"", ""scenario"": ""high_demand""}]",REG-SUPPLY-REFINERY_UTILISATION,"""0""",fraction,Vopak/Reatile xlsx (Production_High / Production_Low),2025-03-24,nigel.zhuwaki,,unreviewed,unassessed,2026,EXC-SUPPLY-REFINERY_UTILISATION
LOC-2a5f491470fa,"supply.refinery_utilisation.csv[321:{""country"": ""ZAF:natref"", ""period"": ""2046"", ""scenario"": ""high_demand""}]",REG-SUPPLY-REFINERY_UTILISATION,"""0""",fraction,Vopak/Reatile xlsx (Production_High / Production_Low),2025-03-24,nigel.zhuwaki,,unreviewed,unassessed,2026,EXC-SUPPLY-REFINERY_UTILISATION
LOC-5b66480e9302,"supply.refinery_utilisation.csv[322:{""country"": ""ZAF:sasol"", ""period"": ""2046"", ""scenario"": ""high_demand""}]",REG-SUPPLY-REFINERY_UTILISATION,"""0""",fraction,Vopak/Reatile xlsx (Production_High / Production_Low),2025-03-24,nigel.zhuwaki,,unreviewed,unassessed,2026,EXC-SUPPLY-REFINERY_UTILISATION
LOC-09f08ce08221,"supply.refinery_utilisation.csv[323:{""country"": ""ZAF:astron"", ""period"": ""2046"", ""scenario"": ""high_demand""}]",REG-SUPPLY-REFINERY_UTILISATION,"""0.8""",fraction,Vopak/Reatile xlsx (Production_High / Production_Low),2025-03-24,nigel.zhuwaki,,unreviewed,unassessed,2026,EXC-SUPPLY-REFINERY_UTILISATION
LOC-d607dc51a70f,"supply.refinery_utilisation.csv[324:{""country"": ""ZAF:petrosa"", ""period"": ""2046"", ""scenario"": ""high_demand""}]",REG-SUPPLY-REFINERY_UTILISATION,"""0""",fraction,Vopak/Reatile xlsx (Production_High / Production_Low),2025-03-24,nigel.zhuwaki,,unreviewed,unassessed,2026,EXC-SUPPLY-REFINERY_UTILISATION
LOC-46fcd6b7f4ab,"supply.refinery_utilisation.csv[325:{""country"": ""ZAF:enref"", ""period"": ""2047"", ""scenario"": ""high_demand""}]",REG-SUPPLY-REFINERY_UTILISATION,"""0""",fraction,Vopak/Reatile xlsx (Production_High / Production_Low),2025-03-24,nigel.zhuwaki,,unreviewed,unassessed,2026,EXC-SUPPLY-REFINERY_UTILISATION
LOC-54ee42a24554,"supply.refinery_utilisation.csv[326:{""country"": ""ZAF:sapref"", ""period"": ""2047"", ""scenario"": ""high_demand""}]",REG-SUPPLY-REFINERY_UTILISATION,"""0""",fraction,Vopak/Reatile xlsx (Production_High / Production_Low),2025-03-24,nigel.zhuwaki,,unreviewed,unassessed,2026,EXC-SUPPLY-REFINERY_UTILISATION
LOC-e23c8f8c358f,"supply.refinery_utilisation.csv[327:{""country"": ""ZAF:natref"", ""period"": ""2047"", ""scenario"": ""high_demand""}]",REG-SUPPLY-REFINERY_UTILISATION,"""0""",fraction,Vopak/Reatile xlsx (Production_High / Production_Low),2025-03-24,nigel.zhuwaki,,unreviewed,unassessed,2026,EXC-SUPPLY-REFINERY_UTILISATION
LOC-cbb627e6a618,"supply.refinery_utilisation.csv[328:{""country"": ""ZAF:sasol"", ""period"": ""2047"", ""scenario"": ""high_demand""}]",REG-SUPPLY-REFINERY_UTILISATION,"""0""",fraction,Vopak/Reatile xlsx (Production_High / Production_Low),2025-03-24,nigel.zhuwaki,,unreviewed,unassessed,2026,EXC-SUPPLY-REFINERY_UTILISATION
LOC-24a11b4e165c,"supply.refinery_utilisation.csv[329:{""country"": ""ZAF:astron"", ""period"": ""2047"", ""scenario"": ""high_demand""}]",REG-SUPPLY-REFINERY_UTILISATION,"""0.8""",fraction,Vopak/Reatile xlsx (Production_High / Production_Low),2025-03-24,nigel.zhuwaki,,unreviewed,unassessed,2026,EXC-SUPPLY-REFINERY_UTILISATION
LOC-6727d11afa14,"supply.refinery_utilisation.csv[330:{""country"": ""ZAF:petrosa"", ""period"": ""2047"", ""scenario"": ""high_demand""}]",REG-SUPPLY-REFINERY_UTILISATION,"""0""",fraction,Vopak/Reatile xlsx (Production_High / Production_Low),2025-03-24,nigel.zhuwaki,,unreviewed,unassessed,2026,EXC-SUPPLY-REFINERY_UTILISATION
LOC-5a76d5440e15,"supply.refinery_utilisation.csv[331:{""country"": ""ZAF:enref"", ""period"": ""2048"", ""scenario"": ""high_demand""}]",REG-SUPPLY-REFINERY_UTILISATION,"""0""",fraction,Vopak/Reatile xlsx (Production_High / Production_Low),2025-03-24,nigel.zhuwaki,,unreviewed,unassessed,2026,EXC-SUPPLY-REFINERY_UTILISATION
LOC-082f1db36376,"supply.refinery_utilisation.csv[332:{""country"": ""ZAF:sapref"", ""period"": ""2048"", ""scenario"": ""high_demand""}]",REG-SUPPLY-REFINERY_UTILISATION,"""0""",fraction,Vopak/Reatile xlsx (Production_High / Production_Low),2025-03-24,nigel.zhuwaki,,unreviewed,unassessed,2026,EXC-SUPPLY-REFINERY_UTILISATION
LOC-1b08cceb30e9,"supply.refinery_utilisation.csv[333:{""country"": ""ZAF:natref"", ""period"": ""2048"", ""scenario"": ""high_demand""}]",REG-SUPPLY-REFINERY_UTILISATION,"""0""",fraction,Vopak/Reatile xlsx (Production_High / Production_Low),2025-03-24,nigel.zhuwaki,,unreviewed,unassessed,2026,EXC-SUPPLY-REFINERY_UTILISATION
LOC-d4bbcb3da935,"supply.refinery_utilisation.csv[334:{""country"": ""ZAF:sasol"", ""period"": ""2048"", ""scenario"": ""high_demand""}]",REG-SUPPLY-REFINERY_UTILISATION,"""0""",fraction,Vopak/Reatile xlsx (Production_High / Production_Low),2025-03-24,nigel.zhuwaki,,unreviewed,unassessed,2026,EXC-SUPPLY-REFINERY_UTILISATION
LOC-96015d0f9acc,"supply.refinery_utilisation.csv[335:{""country"": ""ZAF:astron"", ""period"": ""2048"", ""scenario"": ""high_demand""}]",REG-SUPPLY-REFINERY_UTILISATION,"""0.8""",fraction,Vopak/Reatile xlsx (Production_High / Production_Low),2025-03-24,nigel.zhuwaki,,unreviewed,unassessed,2026,EXC-SUPPLY-REFINERY_UTILISATION
LOC-14d563df12eb,"supply.refinery_utilisation.csv[336:{""country"": ""ZAF:petrosa"", ""period"": ""2048"", ""scenario"": ""high_demand""}]",REG-SUPPLY-REFINERY_UTILISATION,"""0""",fraction,Vopak/Reatile xlsx (Production_High / Production_Low),2025-03-24,nigel.zhuwaki,,unreviewed,unassessed,2026,EXC-SUPPLY-REFINERY_UTILISATION
LOC-eb1f2fbbab2e,"supply.refinery_utilisation.csv[337:{""country"": ""ZAF:enref"", ""period"": ""2049"", ""scenario"": ""high_demand""}]",REG-SUPPLY-REFINERY_UTILISATION,"""0""",fraction,Vopak/Reatile xlsx (Production_High / Production_Low),2025-03-24,nigel.zhuwaki,,unreviewed,unassessed,2026,EXC-SUPPLY-REFINERY_UTILISATION
LOC-99a9b706a3fd,"supply.refinery_utilisation.csv[338:{""country"": ""ZAF:sapref"", ""period"": ""2049"", ""scenario"": ""high_demand""}]",REG-SUPPLY-REFINERY_UTILISATION,"""0""",fraction,Vopak/Reatile xlsx (Production_High / Production_Low),2025-03-24,nigel.zhuwaki,,unreviewed,unassessed,2026,EXC-SUPPLY-REFINERY_UTILISATION
LOC-699234b5e417,"supply.refinery_utilisation.csv[339:{""country"": ""ZAF:natref"", ""period"": ""2049"", ""scenario"": ""high_demand""}]",REG-SUPPLY-REFINERY_UTILISATION,"""0""",fraction,Vopak/Reatile xlsx (Production_High / Production_Low),2025-03-24,nigel.zhuwaki,,unreviewed,unassessed,2026,EXC-SUPPLY-REFINERY_UTILISATION
LOC-a61c1bd5ac3b,"supply.refinery_utilisation.csv[340:{""country"": ""ZAF:sasol"", ""period"": ""2049"", ""scenario"": ""high_demand""}]",REG-SUPPLY-REFINERY_UTILISATION,"""0""",fraction,Vopak/Reatile xlsx (Production_High / Production_Low),2025-03-24,nigel.zhuwaki,,unreviewed,unassessed,2026,EXC-SUPPLY-REFINERY_UTILISATION
LOC-ba906cafa28d,"supply.refinery_utilisation.csv[341:{""country"": ""ZAF:astron"", ""period"": ""2049"", ""scenario"": ""high_demand""}]",REG-SUPPLY-REFINERY_UTILISATION,"""0.8""",fraction,Vopak/Reatile xlsx (Production_High / Production_Low),2025-03-24,nigel.zhuwaki,,unreviewed,unassessed,2026,EXC-SUPPLY-REFINERY_UTILISATION
LOC-0b34bba0d2f7,"supply.refinery_utilisation.csv[342:{""country"": ""ZAF:petrosa"", ""period"": ""2049"", ""scenario"": ""high_demand""}]",REG-SUPPLY-REFINERY_UTILISATION,"""0""",fraction,Vopak/Reatile xlsx (Production_High / Production_Low),2025-03-24,nigel.zhuwaki,,unreviewed,unassessed,2026,EXC-SUPPLY-REFINERY_UTILISATION
LOC-46ac874c7dad,"supply.refinery_utilisation.csv[343:{""country"": ""ZAF:enref"", ""period"": ""2050"", ""scenario"": ""high_demand""}]",REG-SUPPLY-REFINERY_UTILISATION,"""0""",fraction,Vopak/Reatile xlsx (Production_High / Production_Low),2025-03-24,nigel.zhuwaki,,unreviewed,unassessed,2026,EXC-SUPPLY-REFINERY_UTILISATION
LOC-958fd4188042,"supply.refinery_utilisation.csv[344:{""country"": ""ZAF:sapref"", ""period"": ""2050"", ""scenario"": ""high_demand""}]",REG-SUPPLY-REFINERY_UTILISATION,"""0""",fraction,Vopak/Reatile xlsx (Production_High / Production_Low),2025-03-24,nigel.zhuwaki,,unreviewed,unassessed,2026,EXC-SUPPLY-REFINERY_UTILISATION
LOC-5f62e9f9da9b,"supply.refinery_utilisation.csv[345:{""country"": ""ZAF:natref"", ""period"": ""2050"", ""scenario"": ""high_demand""}]",REG-SUPPLY-REFINERY_UTILISATION,"""0""",fraction,Vopak/Reatile xlsx (Production_High / Production_Low),2025-03-24,nigel.zhuwaki,,unreviewed,unassessed,2026,EXC-SUPPLY-REFINERY_UTILISATION
LOC-165b7481e8dd,"supply.refinery_utilisation.csv[346:{""country"": ""ZAF:sasol"", ""period"": ""2050"", ""scenario"": ""high_demand""}]",REG-SUPPLY-REFINERY_UTILISATION,"""0""",fraction,Vopak/Reatile xlsx (Production_High / Production_Low),2025-03-24,nigel.zhuwaki,,unreviewed,unassessed,2026,EXC-SUPPLY-REFINERY_UTILISATION
LOC-304885e8ead9,"supply.refinery_utilisation.csv[347:{""country"": ""ZAF:astron"", ""period"": ""2050"", ""scenario"": ""high_demand""}]",REG-SUPPLY-REFINERY_UTILISATION,"""0.8""",fraction,Vopak/Reatile xlsx (Production_High / Production_Low),2025-03-24,nigel.zhuwaki,,unreviewed,unassessed,2026,EXC-SUPPLY-REFINERY_UTILISATION
LOC-2aad321f8ce3,"supply.refinery_utilisation.csv[348:{""country"": ""ZAF:petrosa"", ""period"": ""2050"", ""scenario"": ""high_demand""}]",REG-SUPPLY-REFINERY_UTILISATION,"""0""",fraction,Vopak/Reatile xlsx (Production_High / Production_Low),2025-03-24,nigel.zhuwaki,,unreviewed,unassessed,2026,EXC-SUPPLY-REFINERY_UTILISATION
LOC-0465749fa639,"supply.refinery_utilisation.csv[349:{""country"": ""ZAF:enref"", ""period"": ""2022"", ""scenario"": ""high_demand""}]",REG-SUPPLY-REFINERY_UTILISATION,"""0.45""",fraction,Vopak/Reatile xlsx (Production_High / Production_Low),2025-03-24,nigel.zhuwaki,,unreviewed,unassessed,2026,EXC-SUPPLY-REFINERY_UTILISATION
LOC-79f6b4600263,"supply.refinery_utilisation.csv[350:{""country"": ""ZAF:natref"", ""period"": ""2022"", ""scenario"": ""high_demand""}]",REG-SUPPLY-REFINERY_UTILISATION,"""2022""",fraction,Vopak/Reatile xlsx (Production_High / Production_Low),2025-03-24,nigel.zhuwaki,,unreviewed,unassessed,2026,EXC-SUPPLY-REFINERY_UTILISATION
LOC-bec07a498677,"supply.refinery_utilisation.csv[351:{""country"": ""ZAF:sasol"", ""period"": ""2022"", ""scenario"": ""high_demand""}]",REG-SUPPLY-REFINERY_UTILISATION,"""1""",fraction,Vopak/Reatile xlsx (Production_High / Production_Low),2025-03-24,nigel.zhuwaki,,unreviewed,unassessed,2026,EXC-SUPPLY-REFINERY_UTILISATION
LOC-06f8f85ec65e,"supply.refinery_utilisation.csv[352:{""country"": ""ZAF:enref"", ""period"": ""2023"", ""scenario"": ""high_demand""}]",REG-SUPPLY-REFINERY_UTILISATION,"""0.5603""",fraction,Vopak/Reatile xlsx (Production_High / Production_Low),2025-03-24,nigel.zhuwaki,,unreviewed,unassessed,2026,EXC-SUPPLY-REFINERY_UTILISATION
LOC-526a976e64b1,"supply.refinery_utilisation.csv[353:{""country"": ""ZAF:natref"", ""period"": ""2023"", ""scenario"": ""high_demand""}]",REG-SUPPLY-REFINERY_UTILISATION,"""2023""",fraction,Vopak/Reatile xlsx (Production_High / Production_Low),2025-03-24,nigel.zhuwaki,,unreviewed,unassessed,2026,EXC-SUPPLY-REFINERY_UTILISATION
LOC-f201d2c58138,"supply.refinery_utilisation.csv[354:{""country"": ""ZAF:sasol"", ""period"": ""2023"", ""scenario"": ""high_demand""}]",REG-SUPPLY-REFINERY_UTILISATION,"""1""",fraction,Vopak/Reatile xlsx (Production_High / Production_Low),2025-03-24,nigel.zhuwaki,,unreviewed,unassessed,2026,EXC-SUPPLY-REFINERY_UTILISATION
LOC-4500ddfd664f,"supply.refinery_utilisation.csv[355:{""country"": ""ZAF:enref"", ""period"": ""2024"", ""scenario"": ""high_demand""}]",REG-SUPPLY-REFINERY_UTILISATION,"""0.5456""",fraction,Vopak/Reatile xlsx (Production_High / Production_Low),2025-03-24,nigel.zhuwaki,,unreviewed,unassessed,2026,EXC-SUPPLY-REFINERY_UTILISATION
LOC-d54ffe0cafcb,"supply.refinery_utilisation.csv[356:{""country"": ""ZAF:natref"", ""period"": ""2024"", ""scenario"": ""high_demand""}]",REG-SUPPLY-REFINERY_UTILISATION,"""2024""",fraction,Vopak/Reatile xlsx (Production_High / Production_Low),2025-03-24,nigel.zhuwaki,,unreviewed,unassessed,2026,EXC-SUPPLY-REFINERY_UTILISATION
LOC-b0e46cacb55c,"supply.refinery_utilisation.csv[357:{""country"": ""ZAF:sasol"", ""period"": ""2024"", ""scenario"": ""high_demand""}]",REG-SUPPLY-REFINERY_UTILISATION,"""1""",fraction,Vopak/Reatile xlsx (Production_High / Production_Low),2025-03-24,nigel.zhuwaki,,unreviewed,unassessed,2026,EXC-SUPPLY-REFINERY_UTILISATION
LOC-1b9496f4d365,"supply.refinery_utilisation.csv[358:{""country"": ""ZAF:enref"", ""period"": ""2025"", ""scenario"": ""high_demand""}]",REG-SUPPLY-REFINERY_UTILISATION,"""0.626""",fraction,Vopak/Reatile xlsx (Production_High / Production_Low),2025-03-24,nigel.zhuwaki,,unreviewed,unassessed,2026,EXC-SUPPLY-REFINERY_UTILISATION
LOC-c2666ff64276,"supply.refinery_utilisation.csv[359:{""country"": ""ZAF:natref"", ""period"": ""2025"", ""scenario"": ""high_demand""}]",REG-SUPPLY-REFINERY_UTILISATION,"""2025""",fraction,Vopak/Reatile xlsx (Production_High / Production_Low),2025-03-24,nigel.zhuwaki,,unreviewed,unassessed,2026,EXC-SUPPLY-REFINERY_UTILISATION
LOC-b8025487b8d2,"supply.refinery_utilisation.csv[360:{""country"": ""ZAF:sasol"", ""period"": ""2025"", ""scenario"": ""high_demand""}]",REG-SUPPLY-REFINERY_UTILISATION,"""1""",fraction,Vopak/Reatile xlsx (Production_High / Production_Low),2025-03-24,nigel.zhuwaki,,unreviewed,unassessed,2026,EXC-SUPPLY-REFINERY_UTILISATION
LOC-10501e73853d,"supply.refinery_utilisation.csv[361:{""country"": ""ZAF:enref"", ""period"": ""2026"", ""scenario"": ""high_demand""}]",REG-SUPPLY-REFINERY_UTILISATION,"""0.14133780969896842""",fraction,Vopak/Reatile xlsx (Production_High / Production_Low),2025-03-24,nigel.zhuwaki,,unreviewed,unassessed,2026,EXC-SUPPLY-REFINERY_UTILISATION
LOC-9172c7be89b4,"supply.refinery_utilisation.csv[362:{""country"": ""ZAF:natref"", ""period"": ""2026"", ""scenario"": ""high_demand""}]",REG-SUPPLY-REFINERY_UTILISATION,"""2026""",fraction,Vopak/Reatile xlsx (Production_High / Production_Low),2025-03-24,nigel.zhuwaki,,unreviewed,unassessed,2026,EXC-SUPPLY-REFINERY_UTILISATION
LOC-4263c82c28ff,"supply.refinery_utilisation.csv[363:{""country"": ""ZAF:sasol"", ""period"": ""2026"", ""scenario"": ""high_demand""}]",REG-SUPPLY-REFINERY_UTILISATION,"""1""",fraction,Vopak/Reatile xlsx (Production_High / Production_Low),2025-03-24,nigel.zhuwaki,,unreviewed,unassessed,2026,EXC-SUPPLY-REFINERY_UTILISATION
LOC-b7794109b7e5,"supply.refinery_utilisation.csv[364:{""country"": ""ZAF:enref"", ""period"": ""2027"", ""scenario"": ""high_demand""}]",REG-SUPPLY-REFINERY_UTILISATION,"""0.1461268140643498""",fraction,Vopak/Reatile xlsx (Production_High / Production_Low),2025-03-24,nigel.zhuwaki,,unreviewed,unassessed,2026,EXC-SUPPLY-REFINERY_UTILISATION
LOC-08079d9448c5,"supply.refinery_utilisation.csv[365:{""country"": ""ZAF:natref"", ""period"": ""2027"", ""scenario"": ""high_demand""}]",REG-SUPPLY-REFINERY_UTILISATION,"""2027""",fraction,Vopak/Reatile xlsx (Production_High / Production_Low),2025-03-24,nigel.zhuwaki,,unreviewed,unassessed,2026,EXC-SUPPLY-REFINERY_UTILISATION
LOC-00009e9bdfd2,"supply.refinery_utilisation.csv[366:{""country"": ""ZAF:sasol"", ""period"": ""2027"", ""scenario"": ""high_demand""}]",REG-SUPPLY-REFINERY_UTILISATION,"""1""",fraction,Vopak/Reatile xlsx (Production_High / Production_Low),2025-03-24,nigel.zhuwaki,,unreviewed,unassessed,2026,EXC-SUPPLY-REFINERY_UTILISATION
LOC-2c7f109707eb,"supply.refinery_utilisation.csv[367:{""country"": ""ZAF:enref"", ""period"": ""2028"", ""scenario"": ""high_demand""}]",REG-SUPPLY-REFINERY_UTILISATION,"""0.15091581842973117""",fraction,Vopak/Reatile xlsx (Production_High / Production_Low),2025-03-24,nigel.zhuwaki,,unreviewed,unassessed,2026,EXC-SUPPLY-REFINERY_UTILISATION
LOC-f8f0d7d8d887,"supply.refinery_utilisation.csv[368:{""country"": ""ZAF:natref"", ""period"": ""2028"", ""scenario"": ""high_demand""}]",REG-SUPPLY-REFINERY_UTILISATION,"""2028""",fraction,Vopak/Reatile xlsx (Production_High / Production_Low),2025-03-24,nigel.zhuwaki,,unreviewed,unassessed,2026,EXC-SUPPLY-REFINERY_UTILISATION
LOC-4841d5cebc5a,"supply.refinery_utilisation.csv[369:{""country"": ""ZAF:sasol"", ""period"": ""2028"", ""scenario"": ""high_demand""}]",REG-SUPPLY-REFINERY_UTILISATION,"""1""",fraction,Vopak/Reatile xlsx (Production_High / Production_Low),2025-03-24,nigel.zhuwaki,,unreviewed,unassessed,2026,EXC-SUPPLY-REFINERY_UTILISATION
LOC-4350b222696f,"supply.refinery_utilisation.csv[370:{""country"": ""ZAF:enref"", ""period"": ""2029"", ""scenario"": ""high_demand""}]",REG-SUPPLY-REFINERY_UTILISATION,"""0.15570482279511255""",fraction,Vopak/Reatile xlsx (Production_High / Production_Low),2025-03-24,nigel.zhuwaki,,unreviewed,unassessed,2026,EXC-SUPPLY-REFINERY_UTILISATION
LOC-f022425e5ded,"supply.refinery_utilisation.csv[371:{""country"": ""ZAF:natref"", ""period"": ""2029"", ""scenario"": ""high_demand""}]",REG-SUPPLY-REFINERY_UTILISATION,"""2029""",fraction,Vopak/Reatile xlsx (Production_High / Production_Low),2025-03-24,nigel.zhuwaki,,unreviewed,unassessed,2026,EXC-SUPPLY-REFINERY_UTILISATION
LOC-ba1fb3f25702,"supply.refinery_utilisation.csv[372:{""country"": ""ZAF:sasol"", ""period"": ""2029"", ""scenario"": ""high_demand""}]",REG-SUPPLY-REFINERY_UTILISATION,"""1""",fraction,Vopak/Reatile xlsx (Production_High / Production_Low),2025-03-24,nigel.zhuwaki,,unreviewed,unassessed,2026,EXC-SUPPLY-REFINERY_UTILISATION
LOC-b4cf4e819072,"supply.refinery_utilisation.csv[373:{""country"": ""ZAF:enref"", ""period"": ""2030"", ""scenario"": ""high_demand""}]",REG-SUPPLY-REFINERY_UTILISATION,"""0.16049382716049385""",fraction,Vopak/Reatile xlsx (Production_High / Production_Low),2025-03-24,nigel.zhuwaki,,unreviewed,unassessed,2026,EXC-SUPPLY-REFINERY_UTILISATION
LOC-fa1c202598e2,"supply.refinery_utilisation.csv[374:{""country"": ""ZAF:natref"", ""period"": ""2030"", ""scenario"": ""high_demand""}]",REG-SUPPLY-REFINERY_UTILISATION,"""2030""",fraction,Vopak/Reatile xlsx (Production_High / Production_Low),2025-03-24,nigel.zhuwaki,,unreviewed,unassessed,2026,EXC-SUPPLY-REFINERY_UTILISATION
LOC-bcdf788ae9c1,"supply.refinery_utilisation.csv[375:{""country"": ""ZAF:sasol"", ""period"": ""2030"", ""scenario"": ""high_demand""}]",REG-SUPPLY-REFINERY_UTILISATION,"""1""",fraction,Vopak/Reatile xlsx (Production_High / Production_Low),2025-03-24,nigel.zhuwaki,,unreviewed,unassessed,2026,EXC-SUPPLY-REFINERY_UTILISATION
LOC-82810d396f8d,"supply.refinery_utilisation.csv[376:{""country"": ""ZAF:enref"", ""period"": ""2031"", ""scenario"": ""high_demand""}]",REG-SUPPLY-REFINERY_UTILISATION,"""0.16049382716049385""",fraction,Vopak/Reatile xlsx (Production_High / Production_Low),2025-03-24,nigel.zhuwaki,,unreviewed,unassessed,2026,EXC-SUPPLY-REFINERY_UTILISATION
LOC-0ceaf6234616,"supply.refinery_utilisation.csv[377:{""country"": ""ZAF:natref"", ""period"": ""2031"", ""scenario"": ""high_demand""}]",REG-SUPPLY-REFINERY_UTILISATION,"""2031""",fraction,Vopak/Reatile xlsx (Production_High / Production_Low),2025-03-24,nigel.zhuwaki,,unreviewed,unassessed,2026,EXC-SUPPLY-REFINERY_UTILISATION
LOC-c0a638c1a557,"supply.refinery_utilisation.csv[378:{""country"": ""ZAF:sasol"", ""period"": ""2031"", ""scenario"": ""high_demand""}]",REG-SUPPLY-REFINERY_UTILISATION,"""1""",fraction,Vopak/Reatile xlsx (Production_High / Production_Low),2025-03-24,nigel.zhuwaki,,unreviewed,unassessed,2026,EXC-SUPPLY-REFINERY_UTILISATION
LOC-5201f601281e,"supply.refinery_utilisation.csv[379:{""country"": ""ZAF:enref"", ""period"": ""2032"", ""scenario"": ""high_demand""}]",REG-SUPPLY-REFINERY_UTILISATION,"""0.16049382716049385""",fraction,Vopak/Reatile xlsx (Production_High / Production_Low),2025-03-24,nigel.zhuwaki,,unreviewed,unassessed,2026,EXC-SUPPLY-REFINERY_UTILISATION
LOC-3bbd82d78210,"supply.refinery_utilisation.csv[380:{""country"": ""ZAF:natref"", ""period"": ""2032"", ""scenario"": ""high_demand""}]",REG-SUPPLY-REFINERY_UTILISATION,"""2032""",fraction,Vopak/Reatile xlsx (Production_High / Production_Low),2025-03-24,nigel.zhuwaki,,unreviewed,unassessed,2026,EXC-SUPPLY-REFINERY_UTILISATION
LOC-d08225084a6e,"supply.refinery_utilisation.csv[381:{""country"": ""ZAF:sasol"", ""period"": ""2032"", ""scenario"": ""high_demand""}]",REG-SUPPLY-REFINERY_UTILISATION,"""1""",fraction,Vopak/Reatile xlsx (Production_High / Production_Low),2025-03-24,nigel.zhuwaki,,unreviewed,unassessed,2026,EXC-SUPPLY-REFINERY_UTILISATION
LOC-e62b4fd918e8,"supply.refinery_utilisation.csv[382:{""country"": ""ZAF:enref"", ""period"": ""2033"", ""scenario"": ""high_demand""}]",REG-SUPPLY-REFINERY_UTILISATION,"""0.16049382716049385""",fraction,Vopak/Reatile xlsx (Production_High / Production_Low),2025-03-24,nigel.zhuwaki,,unreviewed,unassessed,2026,EXC-SUPPLY-REFINERY_UTILISATION
LOC-cac4150a05ec,"supply.refinery_utilisation.csv[383:{""country"": ""ZAF:natref"", ""period"": ""2033"", ""scenario"": ""high_demand""}]",REG-SUPPLY-REFINERY_UTILISATION,"""2033""",fraction,Vopak/Reatile xlsx (Production_High / Production_Low),2025-03-24,nigel.zhuwaki,,unreviewed,unassessed,2026,EXC-SUPPLY-REFINERY_UTILISATION
LOC-dde1f2ab093b,"supply.refinery_utilisation.csv[384:{""country"": ""ZAF:sasol"", ""period"": ""2033"", ""scenario"": ""high_demand""}]",REG-SUPPLY-REFINERY_UTILISATION,"""1""",fraction,Vopak/Reatile xlsx (Production_High / Production_Low),2025-03-24,nigel.zhuwaki,,unreviewed,unassessed,2026,EXC-SUPPLY-REFINERY_UTILISATION
LOC-57dbd5923738,"supply.refinery_utilisation.csv[385:{""country"": ""ZAF:enref"", ""period"": ""2034"", ""scenario"": ""high_demand""}]",REG-SUPPLY-REFINERY_UTILISATION,"""0.16049382716049385""",fraction,Vopak/Reatile xlsx (Production_High / Production_Low),2025-03-24,nigel.zhuwaki,,unreviewed,unassessed,2026,EXC-SUPPLY-REFINERY_UTILISATION
LOC-243e262b9400,"supply.refinery_utilisation.csv[386:{""country"": ""ZAF:natref"", ""period"": ""2034"", ""scenario"": ""high_demand""}]",REG-SUPPLY-REFINERY_UTILISATION,"""2034""",fraction,Vopak/Reatile xlsx (Production_High / Production_Low),2025-03-24,nigel.zhuwaki,,unreviewed,unassessed,2026,EXC-SUPPLY-REFINERY_UTILISATION
LOC-1486a1efdd08,"supply.refinery_utilisation.csv[387:{""country"": ""ZAF:sasol"", ""period"": ""2034"", ""scenario"": ""high_demand""}]",REG-SUPPLY-REFINERY_UTILISATION,"""1""",fraction,Vopak/Reatile xlsx (Production_High / Production_Low),2025-03-24,nigel.zhuwaki,,unreviewed,unassessed,2026,EXC-SUPPLY-REFINERY_UTILISATION
LOC-a522d8e6cc59,"supply.refinery_utilisation.csv[388:{""country"": ""ZAF:enref"", ""period"": ""2035"", ""scenario"": ""high_demand""}]",REG-SUPPLY-REFINERY_UTILISATION,"""0.16049382716049385""",fraction,Vopak/Reatile xlsx (Production_High / Production_Low),2025-03-24,nigel.zhuwaki,,unreviewed,unassessed,2026,EXC-SUPPLY-REFINERY_UTILISATION
LOC-d1c436b8a13e,"supply.refinery_utilisation.csv[389:{""country"": ""ZAF:natref"", ""period"": ""2035"", ""scenario"": ""high_demand""}]",REG-SUPPLY-REFINERY_UTILISATION,"""2035""",fraction,Vopak/Reatile xlsx (Production_High / Production_Low),2025-03-24,nigel.zhuwaki,,unreviewed,unassessed,2026,EXC-SUPPLY-REFINERY_UTILISATION
LOC-367533d7fee3,"supply.refinery_utilisation.csv[390:{""country"": ""ZAF:sasol"", ""period"": ""2035"", ""scenario"": ""high_demand""}]",REG-SUPPLY-REFINERY_UTILISATION,"""1""",fraction,Vopak/Reatile xlsx (Production_High / Production_Low),2025-03-24,nigel.zhuwaki,,unreviewed,unassessed,2026,EXC-SUPPLY-REFINERY_UTILISATION
LOC-dda1f4754ef5,"supply.refinery_utilisation.csv[391:{""country"": ""ZAF:enref"", ""period"": ""2036"", ""scenario"": ""high_demand""}]",REG-SUPPLY-REFINERY_UTILISATION,"""0.16049382716049385""",fraction,Vopak/Reatile xlsx (Production_High / Production_Low),2025-03-24,nigel.zhuwaki,,unreviewed,unassessed,2026,EXC-SUPPLY-REFINERY_UTILISATION
LOC-bbe80174466b,"supply.refinery_utilisation.csv[392:{""country"": ""ZAF:natref"", ""period"": ""2036"", ""scenario"": ""high_demand""}]",REG-SUPPLY-REFINERY_UTILISATION,"""2036""",fraction,Vopak/Reatile xlsx (Production_High / Production_Low),2025-03-24,nigel.zhuwaki,,unreviewed,unassessed,2026,EXC-SUPPLY-REFINERY_UTILISATION
LOC-f9eb8afe8b4d,"supply.refinery_utilisation.csv[393:{""country"": ""ZAF:sasol"", ""period"": ""2036"", ""scenario"": ""high_demand""}]",REG-SUPPLY-REFINERY_UTILISATION,"""1""",fraction,Vopak/Reatile xlsx (Production_High / Production_Low),2025-03-24,nigel.zhuwaki,,unreviewed,unassessed,2026,EXC-SUPPLY-REFINERY_UTILISATION
LOC-bbeaaf3c4b72,"supply.refinery_utilisation.csv[394:{""country"": ""ZAF:enref"", ""period"": ""2037"", ""scenario"": ""high_demand""}]",REG-SUPPLY-REFINERY_UTILISATION,"""0.16049382716049385""",fraction,Vopak/Reatile xlsx (Production_High / Production_Low),2025-03-24,nigel.zhuwaki,,unreviewed,unassessed,2026,EXC-SUPPLY-REFINERY_UTILISATION
LOC-4ec34e4faab8,"supply.refinery_utilisation.csv[395:{""country"": ""ZAF:natref"", ""period"": ""2037"", ""scenario"": ""high_demand""}]",REG-SUPPLY-REFINERY_UTILISATION,"""2037""",fraction,Vopak/Reatile xlsx (Production_High / Production_Low),2025-03-24,nigel.zhuwaki,,unreviewed,unassessed,2026,EXC-SUPPLY-REFINERY_UTILISATION
LOC-6e9e540af131,"supply.refinery_utilisation.csv[396:{""country"": ""ZAF:sasol"", ""period"": ""2037"", ""scenario"": ""high_demand""}]",REG-SUPPLY-REFINERY_UTILISATION,"""1""",fraction,Vopak/Reatile xlsx (Production_High / Production_Low),2025-03-24,nigel.zhuwaki,,unreviewed,unassessed,2026,EXC-SUPPLY-REFINERY_UTILISATION
LOC-23c9a75ccb6c,"supply.refinery_utilisation.csv[397:{""country"": ""ZAF:enref"", ""period"": ""2038"", ""scenario"": ""high_demand""}]",REG-SUPPLY-REFINERY_UTILISATION,"""0.16049382716049385""",fraction,Vopak/Reatile xlsx (Production_High / Production_Low),2025-03-24,nigel.zhuwaki,,unreviewed,unassessed,2026,EXC-SUPPLY-REFINERY_UTILISATION
LOC-21acd766652f,"supply.refinery_utilisation.csv[398:{""country"": ""ZAF:natref"", ""period"": ""2038"", ""scenario"": ""high_demand""}]",REG-SUPPLY-REFINERY_UTILISATION,"""2038""",fraction,Vopak/Reatile xlsx (Production_High / Production_Low),2025-03-24,nigel.zhuwaki,,unreviewed,unassessed,2026,EXC-SUPPLY-REFINERY_UTILISATION
LOC-46ce26cda91c,"supply.refinery_utilisation.csv[399:{""country"": ""ZAF:sasol"", ""period"": ""2038"", ""scenario"": ""high_demand""}]",REG-SUPPLY-REFINERY_UTILISATION,"""1""",fraction,Vopak/Reatile xlsx (Production_High / Production_Low),2025-03-24,nigel.zhuwaki,,unreviewed,unassessed,2026,EXC-SUPPLY-REFINERY_UTILISATION
LOC-cabc3cb8478c,"supply.refinery_utilisation.csv[400:{""country"": ""ZAF:enref"", ""period"": ""2039"", ""scenario"": ""high_demand""}]",REG-SUPPLY-REFINERY_UTILISATION,"""0.16049382716049385""",fraction,Vopak/Reatile xlsx (Production_High / Production_Low),2025-03-24,nigel.zhuwaki,,unreviewed,unassessed,2026,EXC-SUPPLY-REFINERY_UTILISATION
LOC-99bbc4bc7d75,"supply.refinery_utilisation.csv[401:{""country"": ""ZAF:natref"", ""period"": ""2039"", ""scenario"": ""high_demand""}]",REG-SUPPLY-REFINERY_UTILISATION,"""2039""",fraction,Vopak/Reatile xlsx (Production_High / Production_Low),2025-03-24,nigel.zhuwaki,,unreviewed,unassessed,2026,EXC-SUPPLY-REFINERY_UTILISATION
LOC-246569dd927c,"supply.refinery_utilisation.csv[402:{""country"": ""ZAF:sasol"", ""period"": ""2039"", ""scenario"": ""high_demand""}]",REG-SUPPLY-REFINERY_UTILISATION,"""1""",fraction,Vopak/Reatile xlsx (Production_High / Production_Low),2025-03-24,nigel.zhuwaki,,unreviewed,unassessed,2026,EXC-SUPPLY-REFINERY_UTILISATION
LOC-e1c356775e35,"supply.refinery_utilisation.csv[403:{""country"": ""ZAF:enref"", ""period"": ""2040"", ""scenario"": ""high_demand""}]",REG-SUPPLY-REFINERY_UTILISATION,"""0.16049382716049385""",fraction,Vopak/Reatile xlsx (Production_High / Production_Low),2025-03-24,nigel.zhuwaki,,unreviewed,unassessed,2026,EXC-SUPPLY-REFINERY_UTILISATION
LOC-210e0ebe9afb,"supply.refinery_utilisation.csv[404:{""country"": ""ZAF:natref"", ""period"": ""2040"", ""scenario"": ""high_demand""}]",REG-SUPPLY-REFINERY_UTILISATION,"""2040""",fraction,Vopak/Reatile xlsx (Production_High / Production_Low),2025-03-24,nigel.zhuwaki,,unreviewed,unassessed,2026,EXC-SUPPLY-REFINERY_UTILISATION
LOC-3f391392e4ee,"supply.refinery_utilisation.csv[405:{""country"": ""ZAF:sasol"", ""period"": ""2040"", ""scenario"": ""high_demand""}]",REG-SUPPLY-REFINERY_UTILISATION,"""1""",fraction,Vopak/Reatile xlsx (Production_High / Production_Low),2025-03-24,nigel.zhuwaki,,unreviewed,unassessed,2026,EXC-SUPPLY-REFINERY_UTILISATION
LOC-1b16e7d2fe94,"supply.refinery_utilisation.csv[406:{""country"": ""ZAF:enref"", ""period"": ""2041"", ""scenario"": ""high_demand""}]",REG-SUPPLY-REFINERY_UTILISATION,"""0.16049382716049385""",fraction,Vopak/Reatile xlsx (Production_High / Production_Low),2025-03-24,nigel.zhuwaki,,unreviewed,unassessed,2026,EXC-SUPPLY-REFINERY_UTILISATION
LOC-adaf948795d6,"supply.refinery_utilisation.csv[407:{""country"": ""ZAF:natref"", ""period"": ""2041"", ""scenario"": ""high_demand""}]",REG-SUPPLY-REFINERY_UTILISATION,"""2041""",fraction,Vopak/Reatile xlsx (Production_High / Production_Low),2025-03-24,nigel.zhuwaki,,unreviewed,unassessed,2026,EXC-SUPPLY-REFINERY_UTILISATION
LOC-d48177b0156c,"supply.refinery_utilisation.csv[408:{""country"": ""ZAF:sasol"", ""period"": ""2041"", ""scenario"": ""high_demand""}]",REG-SUPPLY-REFINERY_UTILISATION,"""1""",fraction,Vopak/Reatile xlsx (Production_High / Production_Low),2025-03-24,nigel.zhuwaki,,unreviewed,unassessed,2026,EXC-SUPPLY-REFINERY_UTILISATION
LOC-1098f307a2c7,"supply.refinery_utilisation.csv[409:{""country"": ""ZAF:enref"", ""period"": ""2042"", ""scenario"": ""high_demand""}]",REG-SUPPLY-REFINERY_UTILISATION,"""0.16049382716049385""",fraction,Vopak/Reatile xlsx (Production_High / Production_Low),2025-03-24,nigel.zhuwaki,,unreviewed,unassessed,2026,EXC-SUPPLY-REFINERY_UTILISATION
LOC-85581ea872ee,"supply.refinery_utilisation.csv[410:{""country"": ""ZAF:natref"", ""period"": ""2042"", ""scenario"": ""high_demand""}]",REG-SUPPLY-REFINERY_UTILISATION,"""2042""",fraction,Vopak/Reatile xlsx (Production_High / Production_Low),2025-03-24,nigel.zhuwaki,,unreviewed,unassessed,2026,EXC-SUPPLY-REFINERY_UTILISATION
LOC-7165398f8e4c,"supply.refinery_utilisation.csv[411:{""country"": ""ZAF:sasol"", ""period"": ""2042"", ""scenario"": ""high_demand""}]",REG-SUPPLY-REFINERY_UTILISATION,"""1""",fraction,Vopak/Reatile xlsx (Production_High / Production_Low),2025-03-24,nigel.zhuwaki,,unreviewed,unassessed,2026,EXC-SUPPLY-REFINERY_UTILISATION
LOC-d70b68747b64,"supply.refinery_utilisation.csv[412:{""country"": ""ZAF:enref"", ""period"": ""2043"", ""scenario"": ""high_demand""}]",REG-SUPPLY-REFINERY_UTILISATION,"""0.16049382716049385""",fraction,Vopak/Reatile xlsx (Production_High / Production_Low),2025-03-24,nigel.zhuwaki,,unreviewed,unassessed,2026,EXC-SUPPLY-REFINERY_UTILISATION
LOC-92fbd59523fd,"supply.refinery_utilisation.csv[413:{""country"": ""ZAF:natref"", ""period"": ""2043"", ""scenario"": ""high_demand""}]",REG-SUPPLY-REFINERY_UTILISATION,"""2043""",fraction,Vopak/Reatile xlsx (Production_High / Production_Low),2025-03-24,nigel.zhuwaki,,unreviewed,unassessed,2026,EXC-SUPPLY-REFINERY_UTILISATION
LOC-07f0b421e844,"supply.refinery_utilisation.csv[414:{""country"": ""ZAF:sasol"", ""period"": ""2043"", ""scenario"": ""high_demand""}]",REG-SUPPLY-REFINERY_UTILISATION,"""1""",fraction,Vopak/Reatile xlsx (Production_High / Production_Low),2025-03-24,nigel.zhuwaki,,unreviewed,unassessed,2026,EXC-SUPPLY-REFINERY_UTILISATION
LOC-950d72ec785c,"supply.refinery_utilisation.csv[415:{""country"": ""ZAF:enref"", ""period"": ""2044"", ""scenario"": ""high_demand""}]",REG-SUPPLY-REFINERY_UTILISATION,"""0.16049382716049385""",fraction,Vopak/Reatile xlsx (Production_High / Production_Low),2025-03-24,nigel.zhuwaki,,unreviewed,unassessed,2026,EXC-SUPPLY-REFINERY_UTILISATION
LOC-d28cea25917e,"supply.refinery_utilisation.csv[416:{""country"": ""ZAF:natref"", ""period"": ""2044"", ""scenario"": ""high_demand""}]",REG-SUPPLY-REFINERY_UTILISATION,"""2044""",fraction,Vopak/Reatile xlsx (Production_High / Production_Low),2025-03-24,nigel.zhuwaki,,unreviewed,unassessed,2026,EXC-SUPPLY-REFINERY_UTILISATION
LOC-c68a149a2b90,"supply.refinery_utilisation.csv[417:{""country"": ""ZAF:sasol"", ""period"": ""2044"", ""scenario"": ""high_demand""}]",REG-SUPPLY-REFINERY_UTILISATION,"""1""",fraction,Vopak/Reatile xlsx (Production_High / Production_Low),2025-03-24,nigel.zhuwaki,,unreviewed,unassessed,2026,EXC-SUPPLY-REFINERY_UTILISATION
LOC-1361c0cc5451,"supply.refinery_utilisation.csv[418:{""country"": ""ZAF:enref"", ""period"": ""2045"", ""scenario"": ""high_demand""}]",REG-SUPPLY-REFINERY_UTILISATION,"""0.16049382716049385""",fraction,Vopak/Reatile xlsx (Production_High / Production_Low),2025-03-24,nigel.zhuwaki,,unreviewed,unassessed,2026,EXC-SUPPLY-REFINERY_UTILISATION
LOC-ce030314c38a,"supply.refinery_utilisation.csv[419:{""country"": ""ZAF:natref"", ""period"": ""2045"", ""scenario"": ""high_demand""}]",REG-SUPPLY-REFINERY_UTILISATION,"""2045""",fraction,Vopak/Reatile xlsx (Production_High / Production_Low),2025-03-24,nigel.zhuwaki,,unreviewed,unassessed,2026,EXC-SUPPLY-REFINERY_UTILISATION
LOC-72eb6b05f3ac,"supply.refinery_utilisation.csv[420:{""country"": ""ZAF:sasol"", ""period"": ""2045"", ""scenario"": ""high_demand""}]",REG-SUPPLY-REFINERY_UTILISATION,"""1""",fraction,Vopak/Reatile xlsx (Production_High / Production_Low),2025-03-24,nigel.zhuwaki,,unreviewed,unassessed,2026,EXC-SUPPLY-REFINERY_UTILISATION
LOC-2001cc3df616,"supply.refinery_utilisation.csv[421:{""country"": ""ZAF:enref"", ""period"": ""2046"", ""scenario"": ""high_demand""}]",REG-SUPPLY-REFINERY_UTILISATION,"""0.16049382716049385""",fraction,Vopak/Reatile xlsx (Production_High / Production_Low),2025-03-24,nigel.zhuwaki,,unreviewed,unassessed,2026,EXC-SUPPLY-REFINERY_UTILISATION
LOC-051039f058dc,"supply.refinery_utilisation.csv[422:{""country"": ""ZAF:natref"", ""period"": ""2046"", ""scenario"": ""high_demand""}]",REG-SUPPLY-REFINERY_UTILISATION,"""2046""",fraction,Vopak/Reatile xlsx (Production_High / Production_Low),2025-03-24,nigel.zhuwaki,,unreviewed,unassessed,2026,EXC-SUPPLY-REFINERY_UTILISATION
LOC-313b3b0225b1,"supply.refinery_utilisation.csv[423:{""country"": ""ZAF:sasol"", ""period"": ""2046"", ""scenario"": ""high_demand""}]",REG-SUPPLY-REFINERY_UTILISATION,"""1""",fraction,Vopak/Reatile xlsx (Production_High / Production_Low),2025-03-24,nigel.zhuwaki,,unreviewed,unassessed,2026,EXC-SUPPLY-REFINERY_UTILISATION
LOC-3b4921830bdd,"supply.refinery_utilisation.csv[424:{""country"": ""ZAF:enref"", ""period"": ""2047"", ""scenario"": ""high_demand""}]",REG-SUPPLY-REFINERY_UTILISATION,"""0.16049382716049385""",fraction,Vopak/Reatile xlsx (Production_High / Production_Low),2025-03-24,nigel.zhuwaki,,unreviewed,unassessed,2026,EXC-SUPPLY-REFINERY_UTILISATION
LOC-ff039264f42b,"supply.refinery_utilisation.csv[425:{""country"": ""ZAF:natref"", ""period"": ""2047"", ""scenario"": ""high_demand""}]",REG-SUPPLY-REFINERY_UTILISATION,"""2047""",fraction,Vopak/Reatile xlsx (Production_High / Production_Low),2025-03-24,nigel.zhuwaki,,unreviewed,unassessed,2026,EXC-SUPPLY-REFINERY_UTILISATION
LOC-c35b7526376f,"supply.refinery_utilisation.csv[426:{""country"": ""ZAF:sasol"", ""period"": ""2047"", ""scenario"": ""high_demand""}]",REG-SUPPLY-REFINERY_UTILISATION,"""1""",fraction,Vopak/Reatile xlsx (Production_High / Production_Low),2025-03-24,nigel.zhuwaki,,unreviewed,unassessed,2026,EXC-SUPPLY-REFINERY_UTILISATION
LOC-6d945d875a68,"supply.refinery_utilisation.csv[427:{""country"": ""ZAF:enref"", ""period"": ""2048"", ""scenario"": ""high_demand""}]",REG-SUPPLY-REFINERY_UTILISATION,"""0.16049382716049385""",fraction,Vopak/Reatile xlsx (Production_High / Production_Low),2025-03-24,nigel.zhuwaki,,unreviewed,unassessed,2026,EXC-SUPPLY-REFINERY_UTILISATION
LOC-d1f4f9d5d12c,"supply.refinery_utilisation.csv[428:{""country"": ""ZAF:natref"", ""period"": ""2048"", ""scenario"": ""high_demand""}]",REG-SUPPLY-REFINERY_UTILISATION,"""2048""",fraction,Vopak/Reatile xlsx (Production_High / Production_Low),2025-03-24,nigel.zhuwaki,,unreviewed,unassessed,2026,EXC-SUPPLY-REFINERY_UTILISATION
LOC-2990a87d4f3f,"supply.refinery_utilisation.csv[429:{""country"": ""ZAF:sasol"", ""period"": ""2048"", ""scenario"": ""high_demand""}]",REG-SUPPLY-REFINERY_UTILISATION,"""1""",fraction,Vopak/Reatile xlsx (Production_High / Production_Low),2025-03-24,nigel.zhuwaki,,unreviewed,unassessed,2026,EXC-SUPPLY-REFINERY_UTILISATION
LOC-002dae055b43,"supply.refinery_utilisation.csv[430:{""country"": ""ZAF:enref"", ""period"": ""2049"", ""scenario"": ""high_demand""}]",REG-SUPPLY-REFINERY_UTILISATION,"""0.16049382716049385""",fraction,Vopak/Reatile xlsx (Production_High / Production_Low),2025-03-24,nigel.zhuwaki,,unreviewed,unassessed,2026,EXC-SUPPLY-REFINERY_UTILISATION
LOC-a56492daf8f2,"supply.refinery_utilisation.csv[431:{""country"": ""ZAF:natref"", ""period"": ""2049"", ""scenario"": ""high_demand""}]",REG-SUPPLY-REFINERY_UTILISATION,"""2049""",fraction,Vopak/Reatile xlsx (Production_High / Production_Low),2025-03-24,nigel.zhuwaki,,unreviewed,unassessed,2026,EXC-SUPPLY-REFINERY_UTILISATION
LOC-fa33a663f800,"supply.refinery_utilisation.csv[432:{""country"": ""ZAF:sasol"", ""period"": ""2049"", ""scenario"": ""high_demand""}]",REG-SUPPLY-REFINERY_UTILISATION,"""1""",fraction,Vopak/Reatile xlsx (Production_High / Production_Low),2025-03-24,nigel.zhuwaki,,unreviewed,unassessed,2026,EXC-SUPPLY-REFINERY_UTILISATION
LOC-4a05843352a3,"supply.refinery_utilisation.csv[433:{""country"": ""ZAF:enref"", ""period"": ""2050"", ""scenario"": ""high_demand""}]",REG-SUPPLY-REFINERY_UTILISATION,"""0.16049382716049385""",fraction,Vopak/Reatile xlsx (Production_High / Production_Low),2025-03-24,nigel.zhuwaki,,unreviewed,unassessed,2026,EXC-SUPPLY-REFINERY_UTILISATION
LOC-c1dc793de966,"supply.refinery_utilisation.csv[434:{""country"": ""ZAF:natref"", ""period"": ""2050"", ""scenario"": ""high_demand""}]",REG-SUPPLY-REFINERY_UTILISATION,"""2050""",fraction,Vopak/Reatile xlsx (Production_High / Production_Low),2025-03-24,nigel.zhuwaki,,unreviewed,unassessed,2026,EXC-SUPPLY-REFINERY_UTILISATION
LOC-5cff50795826,"supply.refinery_utilisation.csv[435:{""country"": ""ZAF:sasol"", ""period"": ""2050"", ""scenario"": ""high_demand""}]",REG-SUPPLY-REFINERY_UTILISATION,"""1""",fraction,Vopak/Reatile xlsx (Production_High / Production_Low),2025-03-24,nigel.zhuwaki,,unreviewed,unassessed,2026,EXC-SUPPLY-REFINERY_UTILISATION
LOC-a80ffffab76d,"supply.refinery_utilisation.csv[436:{""country"": ""ZAF:enref"", ""period"": ""2022"", ""scenario"": ""high_demand""}]",REG-SUPPLY-REFINERY_UTILISATION,"""0.45""",fraction,Vopak/Reatile xlsx (Production_High / Production_Low),2025-03-24,nigel.zhuwaki,,unreviewed,unassessed,2026,EXC-SUPPLY-REFINERY_UTILISATION
LOC-8aa69330ce4d,"supply.refinery_utilisation.csv[437:{""country"": ""ZAF:natref"", ""period"": ""2022"", ""scenario"": ""high_demand""}]",REG-SUPPLY-REFINERY_UTILISATION,"""2022""",fraction,Vopak/Reatile xlsx (Production_High / Production_Low),2025-03-24,nigel.zhuwaki,,unreviewed,unassessed,2026,EXC-SUPPLY-REFINERY_UTILISATION
LOC-0dff2d4b4408,"supply.refinery_utilisation.csv[438:{""country"": ""ZAF:sasol"", ""period"": ""2022"", ""scenario"": ""high_demand""}]",REG-SUPPLY-REFINERY_UTILISATION,"""1""",fraction,Vopak/Reatile xlsx (Production_High / Production_Low),2025-03-24,nigel.zhuwaki,,unreviewed,unassessed,2026,EXC-SUPPLY-REFINERY_UTILISATION
LOC-1053316c5dc0,"supply.refinery_utilisation.csv[439:{""country"": ""ZAF:enref"", ""period"": ""2023"", ""scenario"": ""high_demand""}]",REG-SUPPLY-REFINERY_UTILISATION,"""0.5603""",fraction,Vopak/Reatile xlsx (Production_High / Production_Low),2025-03-24,nigel.zhuwaki,,unreviewed,unassessed,2026,EXC-SUPPLY-REFINERY_UTILISATION
LOC-7333d055106d,"supply.refinery_utilisation.csv[440:{""country"": ""ZAF:natref"", ""period"": ""2023"", ""scenario"": ""high_demand""}]",REG-SUPPLY-REFINERY_UTILISATION,"""2023""",fraction,Vopak/Reatile xlsx (Production_High / Production_Low),2025-03-24,nigel.zhuwaki,,unreviewed,unassessed,2026,EXC-SUPPLY-REFINERY_UTILISATION
LOC-79b268be6c83,"supply.refinery_utilisation.csv[441:{""country"": ""ZAF:sasol"", ""period"": ""2023"", ""scenario"": ""high_demand""}]",REG-SUPPLY-REFINERY_UTILISATION,"""1""",fraction,Vopak/Reatile xlsx (Production_High / Production_Low),2025-03-24,nigel.zhuwaki,,unreviewed,unassessed,2026,EXC-SUPPLY-REFINERY_UTILISATION
LOC-e5a2d2bed2b2,"supply.refinery_utilisation.csv[442:{""country"": ""ZAF:enref"", ""period"": ""2024"", ""scenario"": ""high_demand""}]",REG-SUPPLY-REFINERY_UTILISATION,"""0.5456""",fraction,Vopak/Reatile xlsx (Production_High / Production_Low),2025-03-24,nigel.zhuwaki,,unreviewed,unassessed,2026,EXC-SUPPLY-REFINERY_UTILISATION
LOC-d22bc3f931da,"supply.refinery_utilisation.csv[443:{""country"": ""ZAF:natref"", ""period"": ""2024"", ""scenario"": ""high_demand""}]",REG-SUPPLY-REFINERY_UTILISATION,"""2024""",fraction,Vopak/Reatile xlsx (Production_High / Production_Low),2025-03-24,nigel.zhuwaki,,unreviewed,unassessed,2026,EXC-SUPPLY-REFINERY_UTILISATION
LOC-067cd43c9389,"supply.refinery_utilisation.csv[444:{""country"": ""ZAF:sasol"", ""period"": ""2024"", ""scenario"": ""high_demand""}]",REG-SUPPLY-REFINERY_UTILISATION,"""1""",fraction,Vopak/Reatile xlsx (Production_High / Production_Low),2025-03-24,nigel.zhuwaki,,unreviewed,unassessed,2026,EXC-SUPPLY-REFINERY_UTILISATION
LOC-2564d2dde0e6,"supply.refinery_utilisation.csv[445:{""country"": ""ZAF:enref"", ""period"": ""2025"", ""scenario"": ""high_demand""}]",REG-SUPPLY-REFINERY_UTILISATION,"""0.626""",fraction,Vopak/Reatile xlsx (Production_High / Production_Low),2025-03-24,nigel.zhuwaki,,unreviewed,unassessed,2026,EXC-SUPPLY-REFINERY_UTILISATION
LOC-0453c3212477,"supply.refinery_utilisation.csv[446:{""country"": ""ZAF:natref"", ""period"": ""2025"", ""scenario"": ""high_demand""}]",REG-SUPPLY-REFINERY_UTILISATION,"""2025""",fraction,Vopak/Reatile xlsx (Production_High / Production_Low),2025-03-24,nigel.zhuwaki,,unreviewed,unassessed,2026,EXC-SUPPLY-REFINERY_UTILISATION
LOC-f0a1ec8b8a44,"supply.refinery_utilisation.csv[447:{""country"": ""ZAF:sasol"", ""period"": ""2025"", ""scenario"": ""high_demand""}]",REG-SUPPLY-REFINERY_UTILISATION,"""1""",fraction,Vopak/Reatile xlsx (Production_High / Production_Low),2025-03-24,nigel.zhuwaki,,unreviewed,unassessed,2026,EXC-SUPPLY-REFINERY_UTILISATION
LOC-49f10ac865a4,"supply.refinery_utilisation.csv[448:{""country"": ""ZAF:enref"", ""period"": ""2026"", ""scenario"": ""high_demand""}]",REG-SUPPLY-REFINERY_UTILISATION,"""0.7""",fraction,Vopak/Reatile xlsx (Production_High / Production_Low),2025-03-24,nigel.zhuwaki,,unreviewed,unassessed,2026,EXC-SUPPLY-REFINERY_UTILISATION
LOC-0d307d7d3a4e,"supply.refinery_utilisation.csv[449:{""country"": ""ZAF:natref"", ""period"": ""2026"", ""scenario"": ""high_demand""}]",REG-SUPPLY-REFINERY_UTILISATION,"""2026""",fraction,Vopak/Reatile xlsx (Production_High / Production_Low),2025-03-24,nigel.zhuwaki,,unreviewed,unassessed,2026,EXC-SUPPLY-REFINERY_UTILISATION
LOC-065de5d29c5d,"supply.refinery_utilisation.csv[450:{""country"": ""ZAF:sasol"", ""period"": ""2026"", ""scenario"": ""high_demand""}]",REG-SUPPLY-REFINERY_UTILISATION,"""1""",fraction,Vopak/Reatile xlsx (Production_High / Production_Low),2025-03-24,nigel.zhuwaki,,unreviewed,unassessed,2026,EXC-SUPPLY-REFINERY_UTILISATION
LOC-fa93b1533436,"supply.refinery_utilisation.csv[451:{""country"": ""ZAF:enref"", ""period"": ""2027"", ""scenario"": ""high_demand""}]",REG-SUPPLY-REFINERY_UTILISATION,"""0.71""",fraction,Vopak/Reatile xlsx (Production_High / Production_Low),2025-03-24,nigel.zhuwaki,,unreviewed,unassessed,2026,EXC-SUPPLY-REFINERY_UTILISATION
LOC-fad78febf32b,"supply.refinery_utilisation.csv[452:{""country"": ""ZAF:natref"", ""period"": ""2027"", ""scenario"": ""high_demand""}]",REG-SUPPLY-REFINERY_UTILISATION,"""2027""",fraction,Vopak/Reatile xlsx (Production_High / Production_Low),2025-03-24,nigel.zhuwaki,,unreviewed,unassessed,2026,EXC-SUPPLY-REFINERY_UTILISATION
LOC-6b372b06e2a9,"supply.refinery_utilisation.csv[453:{""country"": ""ZAF:sasol"", ""period"": ""2027"", ""scenario"": ""high_demand""}]",REG-SUPPLY-REFINERY_UTILISATION,"""1""",fraction,Vopak/Reatile xlsx (Production_High / Production_Low),2025-03-24,nigel.zhuwaki,,unreviewed,unassessed,2026,EXC-SUPPLY-REFINERY_UTILISATION
LOC-5d40fd797667,"supply.refinery_utilisation.csv[454:{""country"": ""ZAF:enref"", ""period"": ""2028"", ""scenario"": ""high_demand""}]",REG-SUPPLY-REFINERY_UTILISATION,"""0.7""",fraction,Vopak/Reatile xlsx (Production_High / Production_Low),2025-03-24,nigel.zhuwaki,,unreviewed,unassessed,2026,EXC-SUPPLY-REFINERY_UTILISATION
LOC-37d09513f2d0,"supply.refinery_utilisation.csv[455:{""country"": ""ZAF:natref"", ""period"": ""2028"", ""scenario"": ""high_demand""}]",REG-SUPPLY-REFINERY_UTILISATION,"""2028""",fraction,Vopak/Reatile xlsx (Production_High / Production_Low),2025-03-24,nigel.zhuwaki,,unreviewed,unassessed,2026,EXC-SUPPLY-REFINERY_UTILISATION
LOC-b0c901afbe49,"supply.refinery_utilisation.csv[456:{""country"": ""ZAF:sasol"", ""period"": ""2028"", ""scenario"": ""high_demand""}]",REG-SUPPLY-REFINERY_UTILISATION,"""1""",fraction,Vopak/Reatile xlsx (Production_High / Production_Low),2025-03-24,nigel.zhuwaki,,unreviewed,unassessed,2026,EXC-SUPPLY-REFINERY_UTILISATION
LOC-df9d688437db,"supply.refinery_utilisation.csv[457:{""country"": ""ZAF:enref"", ""period"": ""2029"", ""scenario"": ""high_demand""}]",REG-SUPPLY-REFINERY_UTILISATION,"""0.7""",fraction,Vopak/Reatile xlsx (Production_High / Production_Low),2025-03-24,nigel.zhuwaki,,unreviewed,unassessed,2026,EXC-SUPPLY-REFINERY_UTILISATION
LOC-c8597211599e,"supply.refinery_utilisation.csv[458:{""country"": ""ZAF:natref"", ""period"": ""2029"", ""scenario"": ""high_demand""}]",REG-SUPPLY-REFINERY_UTILISATION,"""2029""",fraction,Vopak/Reatile xlsx (Production_High / Production_Low),2025-03-24,nigel.zhuwaki,,unreviewed,unassessed,2026,EXC-SUPPLY-REFINERY_UTILISATION
LOC-af2ae6b04810,"supply.refinery_utilisation.csv[459:{""country"": ""ZAF:sasol"", ""period"": ""2029"", ""scenario"": ""high_demand""}]",REG-SUPPLY-REFINERY_UTILISATION,"""1""",fraction,Vopak/Reatile xlsx (Production_High / Production_Low),2025-03-24,nigel.zhuwaki,,unreviewed,unassessed,2026,EXC-SUPPLY-REFINERY_UTILISATION
LOC-316f747a92e1,"supply.refinery_utilisation.csv[460:{""country"": ""ZAF:enref"", ""period"": ""2030"", ""scenario"": ""high_demand""}]",REG-SUPPLY-REFINERY_UTILISATION,"""0.7""",fraction,Vopak/Reatile xlsx (Production_High / Production_Low),2025-03-24,nigel.zhuwaki,,unreviewed,unassessed,2026,EXC-SUPPLY-REFINERY_UTILISATION
LOC-fc01a66a01a3,"supply.refinery_utilisation.csv[461:{""country"": ""ZAF:natref"", ""period"": ""2030"", ""scenario"": ""high_demand""}]",REG-SUPPLY-REFINERY_UTILISATION,"""2030""",fraction,Vopak/Reatile xlsx (Production_High / Production_Low),2025-03-24,nigel.zhuwaki,,unreviewed,unassessed,2026,EXC-SUPPLY-REFINERY_UTILISATION
LOC-5eea1ec48296,"supply.refinery_utilisation.csv[462:{""country"": ""ZAF:sasol"", ""period"": ""2030"", ""scenario"": ""high_demand""}]",REG-SUPPLY-REFINERY_UTILISATION,"""1""",fraction,Vopak/Reatile xlsx (Production_High / Production_Low),2025-03-24,nigel.zhuwaki,,unreviewed,unassessed,2026,EXC-SUPPLY-REFINERY_UTILISATION
LOC-8f80ae23aa2f,"supply.refinery_utilisation.csv[463:{""country"": ""ZAF:enref"", ""period"": ""2031"", ""scenario"": ""high_demand""}]",REG-SUPPLY-REFINERY_UTILISATION,"""0.7""",fraction,Vopak/Reatile xlsx (Production_High / Production_Low),2025-03-24,nigel.zhuwaki,,unreviewed,unassessed,2026,EXC-SUPPLY-REFINERY_UTILISATION
LOC-d50b16a1abcd,"supply.refinery_utilisation.csv[464:{""country"": ""ZAF:natref"", ""period"": ""2031"", ""scenario"": ""high_demand""}]",REG-SUPPLY-REFINERY_UTILISATION,"""2031""",fraction,Vopak/Reatile xlsx (Production_High / Production_Low),2025-03-24,nigel.zhuwaki,,unreviewed,unassessed,2026,EXC-SUPPLY-REFINERY_UTILISATION
LOC-426197d46016,"supply.refinery_utilisation.csv[465:{""country"": ""ZAF:sasol"", ""period"": ""2031"", ""scenario"": ""high_demand""}]",REG-SUPPLY-REFINERY_UTILISATION,"""1""",fraction,Vopak/Reatile xlsx (Production_High / Production_Low),2025-03-24,nigel.zhuwaki,,unreviewed,unassessed,2026,EXC-SUPPLY-REFINERY_UTILISATION
LOC-5931ad4a8655,"supply.refinery_utilisation.csv[466:{""country"": ""ZAF:enref"", ""period"": ""2032"", ""scenario"": ""high_demand""}]",REG-SUPPLY-REFINERY_UTILISATION,"""0.7""",fraction,Vopak/Reatile xlsx (Production_High / Production_Low),2025-03-24,nigel.zhuwaki,,unreviewed,unassessed,2026,EXC-SUPPLY-REFINERY_UTILISATION
LOC-ba73d902ba02,"supply.refinery_utilisation.csv[467:{""country"": ""ZAF:natref"", ""period"": ""2032"", ""scenario"": ""high_demand""}]",REG-SUPPLY-REFINERY_UTILISATION,"""2032""",fraction,Vopak/Reatile xlsx (Production_High / Production_Low),2025-03-24,nigel.zhuwaki,,unreviewed,unassessed,2026,EXC-SUPPLY-REFINERY_UTILISATION
LOC-da7d7cdf9d8c,"supply.refinery_utilisation.csv[468:{""country"": ""ZAF:sasol"", ""period"": ""2032"", ""scenario"": ""high_demand""}]",REG-SUPPLY-REFINERY_UTILISATION,"""1""",fraction,Vopak/Reatile xlsx (Production_High / Production_Low),2025-03-24,nigel.zhuwaki,,unreviewed,unassessed,2026,EXC-SUPPLY-REFINERY_UTILISATION
LOC-0719bc4e7745,"supply.refinery_utilisation.csv[469:{""country"": ""ZAF:enref"", ""period"": ""2033"", ""scenario"": ""high_demand""}]",REG-SUPPLY-REFINERY_UTILISATION,"""0.7""",fraction,Vopak/Reatile xlsx (Production_High / Production_Low),2025-03-24,nigel.zhuwaki,,unreviewed,unassessed,2026,EXC-SUPPLY-REFINERY_UTILISATION
LOC-128325677177,"supply.refinery_utilisation.csv[470:{""country"": ""ZAF:natref"", ""period"": ""2033"", ""scenario"": ""high_demand""}]",REG-SUPPLY-REFINERY_UTILISATION,"""2033""",fraction,Vopak/Reatile xlsx (Production_High / Production_Low),2025-03-24,nigel.zhuwaki,,unreviewed,unassessed,2026,EXC-SUPPLY-REFINERY_UTILISATION
LOC-d42751c63704,"supply.refinery_utilisation.csv[471:{""country"": ""ZAF:sasol"", ""period"": ""2033"", ""scenario"": ""high_demand""}]",REG-SUPPLY-REFINERY_UTILISATION,"""1""",fraction,Vopak/Reatile xlsx (Production_High / Production_Low),2025-03-24,nigel.zhuwaki,,unreviewed,unassessed,2026,EXC-SUPPLY-REFINERY_UTILISATION
LOC-7f59bc577abe,"supply.refinery_utilisation.csv[472:{""country"": ""ZAF:enref"", ""period"": ""2034"", ""scenario"": ""high_demand""}]",REG-SUPPLY-REFINERY_UTILISATION,"""0.7""",fraction,Vopak/Reatile xlsx (Production_High / Production_Low),2025-03-24,nigel.zhuwaki,,unreviewed,unassessed,2026,EXC-SUPPLY-REFINERY_UTILISATION
LOC-106922f05044,"supply.refinery_utilisation.csv[473:{""country"": ""ZAF:natref"", ""period"": ""2034"", ""scenario"": ""high_demand""}]",REG-SUPPLY-REFINERY_UTILISATION,"""2034""",fraction,Vopak/Reatile xlsx (Production_High / Production_Low),2025-03-24,nigel.zhuwaki,,unreviewed,unassessed,2026,EXC-SUPPLY-REFINERY_UTILISATION
LOC-0e75a712711e,"supply.refinery_utilisation.csv[474:{""country"": ""ZAF:sasol"", ""period"": ""2034"", ""scenario"": ""high_demand""}]",REG-SUPPLY-REFINERY_UTILISATION,"""1""",fraction,Vopak/Reatile xlsx (Production_High / Production_Low),2025-03-24,nigel.zhuwaki,,unreviewed,unassessed,2026,EXC-SUPPLY-REFINERY_UTILISATION
LOC-5d5ef219e1a5,"supply.refinery_utilisation.csv[475:{""country"": ""ZAF:enref"", ""period"": ""2035"", ""scenario"": ""high_demand""}]",REG-SUPPLY-REFINERY_UTILISATION,"""0.7""",fraction,Vopak/Reatile xlsx (Production_High / Production_Low),2025-03-24,nigel.zhuwaki,,unreviewed,unassessed,2026,EXC-SUPPLY-REFINERY_UTILISATION
LOC-454108223f84,"supply.refinery_utilisation.csv[476:{""country"": ""ZAF:natref"", ""period"": ""2035"", ""scenario"": ""high_demand""}]",REG-SUPPLY-REFINERY_UTILISATION,"""2035""",fraction,Vopak/Reatile xlsx (Production_High / Production_Low),2025-03-24,nigel.zhuwaki,,unreviewed,unassessed,2026,EXC-SUPPLY-REFINERY_UTILISATION
LOC-f7e7559447d1,"supply.refinery_utilisation.csv[477:{""country"": ""ZAF:sasol"", ""period"": ""2035"", ""scenario"": ""high_demand""}]",REG-SUPPLY-REFINERY_UTILISATION,"""1""",fraction,Vopak/Reatile xlsx (Production_High / Production_Low),2025-03-24,nigel.zhuwaki,,unreviewed,unassessed,2026,EXC-SUPPLY-REFINERY_UTILISATION
LOC-0ac446c16d14,"supply.refinery_utilisation.csv[478:{""country"": ""ZAF:enref"", ""period"": ""2036"", ""scenario"": ""high_demand""}]",REG-SUPPLY-REFINERY_UTILISATION,"""0.7""",fraction,Vopak/Reatile xlsx (Production_High / Production_Low),2025-03-24,nigel.zhuwaki,,unreviewed,unassessed,2026,EXC-SUPPLY-REFINERY_UTILISATION
LOC-69d610c1d1cb,"supply.refinery_utilisation.csv[479:{""country"": ""ZAF:natref"", ""period"": ""2036"", ""scenario"": ""high_demand""}]",REG-SUPPLY-REFINERY_UTILISATION,"""2036""",fraction,Vopak/Reatile xlsx (Production_High / Production_Low),2025-03-24,nigel.zhuwaki,,unreviewed,unassessed,2026,EXC-SUPPLY-REFINERY_UTILISATION
LOC-2ae983bd7326,"supply.refinery_utilisation.csv[480:{""country"": ""ZAF:sasol"", ""period"": ""2036"", ""scenario"": ""high_demand""}]",REG-SUPPLY-REFINERY_UTILISATION,"""1""",fraction,Vopak/Reatile xlsx (Production_High / Production_Low),2025-03-24,nigel.zhuwaki,,unreviewed,unassessed,2026,EXC-SUPPLY-REFINERY_UTILISATION
LOC-3a2c5ef2bcb0,"supply.refinery_utilisation.csv[481:{""country"": ""ZAF:enref"", ""period"": ""2037"", ""scenario"": ""high_demand""}]",REG-SUPPLY-REFINERY_UTILISATION,"""0.7""",fraction,Vopak/Reatile xlsx (Production_High / Production_Low),2025-03-24,nigel.zhuwaki,,unreviewed,unassessed,2026,EXC-SUPPLY-REFINERY_UTILISATION
LOC-422f4f03e7b0,"supply.refinery_utilisation.csv[482:{""country"": ""ZAF:natref"", ""period"": ""2037"", ""scenario"": ""high_demand""}]",REG-SUPPLY-REFINERY_UTILISATION,"""2037""",fraction,Vopak/Reatile xlsx (Production_High / Production_Low),2025-03-24,nigel.zhuwaki,,unreviewed,unassessed,2026,EXC-SUPPLY-REFINERY_UTILISATION
LOC-8447d244a742,"supply.refinery_utilisation.csv[483:{""country"": ""ZAF:sasol"", ""period"": ""2037"", ""scenario"": ""high_demand""}]",REG-SUPPLY-REFINERY_UTILISATION,"""1""",fraction,Vopak/Reatile xlsx (Production_High / Production_Low),2025-03-24,nigel.zhuwaki,,unreviewed,unassessed,2026,EXC-SUPPLY-REFINERY_UTILISATION
LOC-bf18aebe9ec9,"supply.refinery_utilisation.csv[484:{""country"": ""ZAF:enref"", ""period"": ""2038"", ""scenario"": ""high_demand""}]",REG-SUPPLY-REFINERY_UTILISATION,"""0.7""",fraction,Vopak/Reatile xlsx (Production_High / Production_Low),2025-03-24,nigel.zhuwaki,,unreviewed,unassessed,2026,EXC-SUPPLY-REFINERY_UTILISATION
LOC-cae14ee6454a,"supply.refinery_utilisation.csv[485:{""country"": ""ZAF:natref"", ""period"": ""2038"", ""scenario"": ""high_demand""}]",REG-SUPPLY-REFINERY_UTILISATION,"""2038""",fraction,Vopak/Reatile xlsx (Production_High / Production_Low),2025-03-24,nigel.zhuwaki,,unreviewed,unassessed,2026,EXC-SUPPLY-REFINERY_UTILISATION
LOC-39e0ffe6055b,"supply.refinery_utilisation.csv[486:{""country"": ""ZAF:sasol"", ""period"": ""2038"", ""scenario"": ""high_demand""}]",REG-SUPPLY-REFINERY_UTILISATION,"""1""",fraction,Vopak/Reatile xlsx (Production_High / Production_Low),2025-03-24,nigel.zhuwaki,,unreviewed,unassessed,2026,EXC-SUPPLY-REFINERY_UTILISATION
LOC-780c3611a11d,"supply.refinery_utilisation.csv[487:{""country"": ""ZAF:enref"", ""period"": ""2039"", ""scenario"": ""high_demand""}]",REG-SUPPLY-REFINERY_UTILISATION,"""0.7""",fraction,Vopak/Reatile xlsx (Production_High / Production_Low),2025-03-24,nigel.zhuwaki,,unreviewed,unassessed,2026,EXC-SUPPLY-REFINERY_UTILISATION
LOC-2a5ab20b6a9d,"supply.refinery_utilisation.csv[488:{""country"": ""ZAF:natref"", ""period"": ""2039"", ""scenario"": ""high_demand""}]",REG-SUPPLY-REFINERY_UTILISATION,"""2039""",fraction,Vopak/Reatile xlsx (Production_High / Production_Low),2025-03-24,nigel.zhuwaki,,unreviewed,unassessed,2026,EXC-SUPPLY-REFINERY_UTILISATION
LOC-a150bb22c9a3,"supply.refinery_utilisation.csv[489:{""country"": ""ZAF:sasol"", ""period"": ""2039"", ""scenario"": ""high_demand""}]",REG-SUPPLY-REFINERY_UTILISATION,"""1""",fraction,Vopak/Reatile xlsx (Production_High / Production_Low),2025-03-24,nigel.zhuwaki,,unreviewed,unassessed,2026,EXC-SUPPLY-REFINERY_UTILISATION
LOC-a23964ca176b,"supply.refinery_utilisation.csv[490:{""country"": ""ZAF:enref"", ""period"": ""2040"", ""scenario"": ""high_demand""}]",REG-SUPPLY-REFINERY_UTILISATION,"""0.7""",fraction,Vopak/Reatile xlsx (Production_High / Production_Low),2025-03-24,nigel.zhuwaki,,unreviewed,unassessed,2026,EXC-SUPPLY-REFINERY_UTILISATION
LOC-49e7850bad56,"supply.refinery_utilisation.csv[491:{""country"": ""ZAF:natref"", ""period"": ""2040"", ""scenario"": ""high_demand""}]",REG-SUPPLY-REFINERY_UTILISATION,"""2040""",fraction,Vopak/Reatile xlsx (Production_High / Production_Low),2025-03-24,nigel.zhuwaki,,unreviewed,unassessed,2026,EXC-SUPPLY-REFINERY_UTILISATION
LOC-237e79e03083,"supply.refinery_utilisation.csv[492:{""country"": ""ZAF:sasol"", ""period"": ""2040"", ""scenario"": ""high_demand""}]",REG-SUPPLY-REFINERY_UTILISATION,"""1""",fraction,Vopak/Reatile xlsx (Production_High / Production_Low),2025-03-24,nigel.zhuwaki,,unreviewed,unassessed,2026,EXC-SUPPLY-REFINERY_UTILISATION
LOC-fa7ddf39753f,"supply.refinery_utilisation.csv[493:{""country"": ""ZAF:enref"", ""period"": ""2041"", ""scenario"": ""high_demand""}]",REG-SUPPLY-REFINERY_UTILISATION,"""0.7""",fraction,Vopak/Reatile xlsx (Production_High / Production_Low),2025-03-24,nigel.zhuwaki,,unreviewed,unassessed,2026,EXC-SUPPLY-REFINERY_UTILISATION
LOC-92b8d9cf09d9,"supply.refinery_utilisation.csv[494:{""country"": ""ZAF:natref"", ""period"": ""2041"", ""scenario"": ""high_demand""}]",REG-SUPPLY-REFINERY_UTILISATION,"""2041""",fraction,Vopak/Reatile xlsx (Production_High / Production_Low),2025-03-24,nigel.zhuwaki,,unreviewed,unassessed,2026,EXC-SUPPLY-REFINERY_UTILISATION
LOC-5555aa1a536b,"supply.refinery_utilisation.csv[495:{""country"": ""ZAF:sasol"", ""period"": ""2041"", ""scenario"": ""high_demand""}]",REG-SUPPLY-REFINERY_UTILISATION,"""1""",fraction,Vopak/Reatile xlsx (Production_High / Production_Low),2025-03-24,nigel.zhuwaki,,unreviewed,unassessed,2026,EXC-SUPPLY-REFINERY_UTILISATION
LOC-eafc0c8639b0,"supply.refinery_utilisation.csv[496:{""country"": ""ZAF:enref"", ""period"": ""2042"", ""scenario"": ""high_demand""}]",REG-SUPPLY-REFINERY_UTILISATION,"""0.7""",fraction,Vopak/Reatile xlsx (Production_High / Production_Low),2025-03-24,nigel.zhuwaki,,unreviewed,unassessed,2026,EXC-SUPPLY-REFINERY_UTILISATION
LOC-1209e3d7578e,"supply.refinery_utilisation.csv[497:{""country"": ""ZAF:natref"", ""period"": ""2042"", ""scenario"": ""high_demand""}]",REG-SUPPLY-REFINERY_UTILISATION,"""2042""",fraction,Vopak/Reatile xlsx (Production_High / Production_Low),2025-03-24,nigel.zhuwaki,,unreviewed,unassessed,2026,EXC-SUPPLY-REFINERY_UTILISATION
LOC-9800a8e2a69a,"supply.refinery_utilisation.csv[498:{""country"": ""ZAF:sasol"", ""period"": ""2042"", ""scenario"": ""high_demand""}]",REG-SUPPLY-REFINERY_UTILISATION,"""1""",fraction,Vopak/Reatile xlsx (Production_High / Production_Low),2025-03-24,nigel.zhuwaki,,unreviewed,unassessed,2026,EXC-SUPPLY-REFINERY_UTILISATION
LOC-57e2bd6b8579,"supply.refinery_utilisation.csv[499:{""country"": ""ZAF:enref"", ""period"": ""2043"", ""scenario"": ""high_demand""}]",REG-SUPPLY-REFINERY_UTILISATION,"""0.7""",fraction,Vopak/Reatile xlsx (Production_High / Production_Low),2025-03-24,nigel.zhuwaki,,unreviewed,unassessed,2026,EXC-SUPPLY-REFINERY_UTILISATION
LOC-0be9b82cb3cc,"supply.refinery_utilisation.csv[500:{""country"": ""ZAF:natref"", ""period"": ""2043"", ""scenario"": ""high_demand""}]",REG-SUPPLY-REFINERY_UTILISATION,"""2043""",fraction,Vopak/Reatile xlsx (Production_High / Production_Low),2025-03-24,nigel.zhuwaki,,unreviewed,unassessed,2026,EXC-SUPPLY-REFINERY_UTILISATION
LOC-a0dd856f8602,"supply.refinery_utilisation.csv[501:{""country"": ""ZAF:sasol"", ""period"": ""2043"", ""scenario"": ""high_demand""}]",REG-SUPPLY-REFINERY_UTILISATION,"""1""",fraction,Vopak/Reatile xlsx (Production_High / Production_Low),2025-03-24,nigel.zhuwaki,,unreviewed,unassessed,2026,EXC-SUPPLY-REFINERY_UTILISATION
LOC-f5ca13d46a0a,"supply.refinery_utilisation.csv[502:{""country"": ""ZAF:enref"", ""period"": ""2044"", ""scenario"": ""high_demand""}]",REG-SUPPLY-REFINERY_UTILISATION,"""0.7""",fraction,Vopak/Reatile xlsx (Production_High / Production_Low),2025-03-24,nigel.zhuwaki,,unreviewed,unassessed,2026,EXC-SUPPLY-REFINERY_UTILISATION
LOC-a6f19989a805,"supply.refinery_utilisation.csv[503:{""country"": ""ZAF:natref"", ""period"": ""2044"", ""scenario"": ""high_demand""}]",REG-SUPPLY-REFINERY_UTILISATION,"""2044""",fraction,Vopak/Reatile xlsx (Production_High / Production_Low),2025-03-24,nigel.zhuwaki,,unreviewed,unassessed,2026,EXC-SUPPLY-REFINERY_UTILISATION
LOC-5873961465ae,"supply.refinery_utilisation.csv[504:{""country"": ""ZAF:sasol"", ""period"": ""2044"", ""scenario"": ""high_demand""}]",REG-SUPPLY-REFINERY_UTILISATION,"""1""",fraction,Vopak/Reatile xlsx (Production_High / Production_Low),2025-03-24,nigel.zhuwaki,,unreviewed,unassessed,2026,EXC-SUPPLY-REFINERY_UTILISATION
LOC-6339bed2d565,"supply.refinery_utilisation.csv[505:{""country"": ""ZAF:enref"", ""period"": ""2045"", ""scenario"": ""high_demand""}]",REG-SUPPLY-REFINERY_UTILISATION,"""0.7""",fraction,Vopak/Reatile xlsx (Production_High / Production_Low),2025-03-24,nigel.zhuwaki,,unreviewed,unassessed,2026,EXC-SUPPLY-REFINERY_UTILISATION
LOC-ebb148d6bde2,"supply.refinery_utilisation.csv[506:{""country"": ""ZAF:natref"", ""period"": ""2045"", ""scenario"": ""high_demand""}]",REG-SUPPLY-REFINERY_UTILISATION,"""2045""",fraction,Vopak/Reatile xlsx (Production_High / Production_Low),2025-03-24,nigel.zhuwaki,,unreviewed,unassessed,2026,EXC-SUPPLY-REFINERY_UTILISATION
LOC-ca1230262973,"supply.refinery_utilisation.csv[507:{""country"": ""ZAF:sasol"", ""period"": ""2045"", ""scenario"": ""high_demand""}]",REG-SUPPLY-REFINERY_UTILISATION,"""1""",fraction,Vopak/Reatile xlsx (Production_High / Production_Low),2025-03-24,nigel.zhuwaki,,unreviewed,unassessed,2026,EXC-SUPPLY-REFINERY_UTILISATION
LOC-ae86c3303c17,"supply.refinery_utilisation.csv[508:{""country"": ""ZAF:enref"", ""period"": ""2046"", ""scenario"": ""high_demand""}]",REG-SUPPLY-REFINERY_UTILISATION,"""0.7""",fraction,Vopak/Reatile xlsx (Production_High / Production_Low),2025-03-24,nigel.zhuwaki,,unreviewed,unassessed,2026,EXC-SUPPLY-REFINERY_UTILISATION
LOC-7fd2190173ab,"supply.refinery_utilisation.csv[509:{""country"": ""ZAF:natref"", ""period"": ""2046"", ""scenario"": ""high_demand""}]",REG-SUPPLY-REFINERY_UTILISATION,"""2046""",fraction,Vopak/Reatile xlsx (Production_High / Production_Low),2025-03-24,nigel.zhuwaki,,unreviewed,unassessed,2026,EXC-SUPPLY-REFINERY_UTILISATION
LOC-3f7d027edc9b,"supply.refinery_utilisation.csv[510:{""country"": ""ZAF:sasol"", ""period"": ""2046"", ""scenario"": ""high_demand""}]",REG-SUPPLY-REFINERY_UTILISATION,"""1""",fraction,Vopak/Reatile xlsx (Production_High / Production_Low),2025-03-24,nigel.zhuwaki,,unreviewed,unassessed,2026,EXC-SUPPLY-REFINERY_UTILISATION
LOC-550d05a6dd9a,"supply.refinery_utilisation.csv[511:{""country"": ""ZAF:enref"", ""period"": ""2047"", ""scenario"": ""high_demand""}]",REG-SUPPLY-REFINERY_UTILISATION,"""0.7""",fraction,Vopak/Reatile xlsx (Production_High / Production_Low),2025-03-24,nigel.zhuwaki,,unreviewed,unassessed,2026,EXC-SUPPLY-REFINERY_UTILISATION
LOC-edea1e175e5c,"supply.refinery_utilisation.csv[512:{""country"": ""ZAF:natref"", ""period"": ""2047"", ""scenario"": ""high_demand""}]",REG-SUPPLY-REFINERY_UTILISATION,"""2047""",fraction,Vopak/Reatile xlsx (Production_High / Production_Low),2025-03-24,nigel.zhuwaki,,unreviewed,unassessed,2026,EXC-SUPPLY-REFINERY_UTILISATION
LOC-e1fd3b646461,"supply.refinery_utilisation.csv[513:{""country"": ""ZAF:sasol"", ""period"": ""2047"", ""scenario"": ""high_demand""}]",REG-SUPPLY-REFINERY_UTILISATION,"""1""",fraction,Vopak/Reatile xlsx (Production_High / Production_Low),2025-03-24,nigel.zhuwaki,,unreviewed,unassessed,2026,EXC-SUPPLY-REFINERY_UTILISATION
LOC-d4f830ccf028,"supply.refinery_utilisation.csv[514:{""country"": ""ZAF:enref"", ""period"": ""2048"", ""scenario"": ""high_demand""}]",REG-SUPPLY-REFINERY_UTILISATION,"""0.7""",fraction,Vopak/Reatile xlsx (Production_High / Production_Low),2025-03-24,nigel.zhuwaki,,unreviewed,unassessed,2026,EXC-SUPPLY-REFINERY_UTILISATION
LOC-4e10fe11e1ae,"supply.refinery_utilisation.csv[515:{""country"": ""ZAF:natref"", ""period"": ""2048"", ""scenario"": ""high_demand""}]",REG-SUPPLY-REFINERY_UTILISATION,"""2048""",fraction,Vopak/Reatile xlsx (Production_High / Production_Low),2025-03-24,nigel.zhuwaki,,unreviewed,unassessed,2026,EXC-SUPPLY-REFINERY_UTILISATION
LOC-17dba533b978,"supply.refinery_utilisation.csv[516:{""country"": ""ZAF:sasol"", ""period"": ""2048"", ""scenario"": ""high_demand""}]",REG-SUPPLY-REFINERY_UTILISATION,"""1""",fraction,Vopak/Reatile xlsx (Production_High / Production_Low),2025-03-24,nigel.zhuwaki,,unreviewed,unassessed,2026,EXC-SUPPLY-REFINERY_UTILISATION
LOC-65efb4d156b5,"supply.refinery_utilisation.csv[517:{""country"": ""ZAF:enref"", ""period"": ""2049"", ""scenario"": ""high_demand""}]",REG-SUPPLY-REFINERY_UTILISATION,"""0.7""",fraction,Vopak/Reatile xlsx (Production_High / Production_Low),2025-03-24,nigel.zhuwaki,,unreviewed,unassessed,2026,EXC-SUPPLY-REFINERY_UTILISATION
LOC-50cf198c924a,"supply.refinery_utilisation.csv[518:{""country"": ""ZAF:natref"", ""period"": ""2049"", ""scenario"": ""high_demand""}]",REG-SUPPLY-REFINERY_UTILISATION,"""2049""",fraction,Vopak/Reatile xlsx (Production_High / Production_Low),2025-03-24,nigel.zhuwaki,,unreviewed,unassessed,2026,EXC-SUPPLY-REFINERY_UTILISATION
LOC-84570bf51065,"supply.refinery_utilisation.csv[519:{""country"": ""ZAF:sasol"", ""period"": ""2049"", ""scenario"": ""high_demand""}]",REG-SUPPLY-REFINERY_UTILISATION,"""1""",fraction,Vopak/Reatile xlsx (Production_High / Production_Low),2025-03-24,nigel.zhuwaki,,unreviewed,unassessed,2026,EXC-SUPPLY-REFINERY_UTILISATION
LOC-096949ec05b3,"supply.refinery_utilisation.csv[520:{""country"": ""ZAF:enref"", ""period"": ""2050"", ""scenario"": ""high_demand""}]",REG-SUPPLY-REFINERY_UTILISATION,"""0.7""",fraction,Vopak/Reatile xlsx (Production_High / Production_Low),2025-03-24,nigel.zhuwaki,,unreviewed,unassessed,2026,EXC-SUPPLY-REFINERY_UTILISATION
LOC-76d7fc3c28cb,"supply.refinery_utilisation.csv[521:{""country"": ""ZAF:natref"", ""period"": ""2050"", ""scenario"": ""high_demand""}]",REG-SUPPLY-REFINERY_UTILISATION,"""2050""",fraction,Vopak/Reatile xlsx (Production_High / Production_Low),2025-03-24,nigel.zhuwaki,,unreviewed,unassessed,2026,EXC-SUPPLY-REFINERY_UTILISATION
LOC-0735a527c087,"supply.refinery_utilisation.csv[522:{""country"": ""ZAF:sasol"", ""period"": ""2050"", ""scenario"": ""high_demand""}]",REG-SUPPLY-REFINERY_UTILISATION,"""1""",fraction,Vopak/Reatile xlsx (Production_High / Production_Low),2025-03-24,nigel.zhuwaki,,unreviewed,unassessed,2026,EXC-SUPPLY-REFINERY_UTILISATION
LOC-ca5d5ec60a9b,"supply.refinery_utilisation.csv[523:{""country"": ""ZAF:enref"", ""period"": ""2024"", ""scenario"": ""high_demand""}]",REG-SUPPLY-REFINERY_UTILISATION,"""0.02""",fraction,Vopak/Reatile xlsx (Production_High / Production_Low),2025-03-24,nigel.zhuwaki,,unreviewed,unassessed,2026,EXC-SUPPLY-REFINERY_UTILISATION
LOC-80ac513b3194,"supply.refinery_utilisation.csv[524:{""country"": ""ZAF:natref"", ""period"": ""2024"", ""scenario"": ""high_demand""}]",REG-SUPPLY-REFINERY_UTILISATION,"""2024""",fraction,Vopak/Reatile xlsx (Production_High / Production_Low),2025-03-24,nigel.zhuwaki,,unreviewed,unassessed,2026,EXC-SUPPLY-REFINERY_UTILISATION
LOC-3a1adabfee0a,"supply.refinery_utilisation.csv[525:{""country"": ""ZAF:sasol"", ""period"": ""2024"", ""scenario"": ""high_demand""}]",REG-SUPPLY-REFINERY_UTILISATION,"""34""",fraction,Vopak/Reatile xlsx (Production_High / Production_Low),2025-03-24,nigel.zhuwaki,,unreviewed,unassessed,2026,EXC-SUPPLY-REFINERY_UTILISATION
LOC-d0647bb03dda,"supply.refinery_utilisation.csv[526:{""country"": ""ZAF:enref"", ""period"": ""2025"", ""scenario"": ""high_demand""}]",REG-SUPPLY-REFINERY_UTILISATION,"""0.01""",fraction,Vopak/Reatile xlsx (Production_High / Production_Low),2025-03-24,nigel.zhuwaki,,unreviewed,unassessed,2026,EXC-SUPPLY-REFINERY_UTILISATION
LOC-82e903ecf033,"supply.refinery_utilisation.csv[527:{""country"": ""ZAF:natref"", ""period"": ""2025"", ""scenario"": ""high_demand""}]",REG-SUPPLY-REFINERY_UTILISATION,"""2025""",fraction,Vopak/Reatile xlsx (Production_High / Production_Low),2025-03-24,nigel.zhuwaki,,unreviewed,unassessed,2026,EXC-SUPPLY-REFINERY_UTILISATION
LOC-5842818d87dc,"supply.refinery_utilisation.csv[528:{""country"": ""ZAF:sasol"", ""period"": ""2025"", ""scenario"": ""high_demand""}]",REG-SUPPLY-REFINERY_UTILISATION,"""25""",fraction,Vopak/Reatile xlsx (Production_High / Production_Low),2025-03-24,nigel.zhuwaki,,unreviewed,unassessed,2026,EXC-SUPPLY-REFINERY_UTILISATION
LOC-203804890c24,"supply.refinery_utilisation.csv[529:{""country"": ""ZAF:enref"", ""period"": ""2026"", ""scenario"": ""high_demand""}]",REG-SUPPLY-REFINERY_UTILISATION,"""0.02""",fraction,Vopak/Reatile xlsx (Production_High / Production_Low),2025-03-24,nigel.zhuwaki,,unreviewed,unassessed,2026,EXC-SUPPLY-REFINERY_UTILISATION
LOC-4f6289ffcbe4,"supply.refinery_utilisation.csv[530:{""country"": ""ZAF:natref"", ""period"": ""2026"", ""scenario"": ""high_demand""}]",REG-SUPPLY-REFINERY_UTILISATION,"""2026""",fraction,Vopak/Reatile xlsx (Production_High / Production_Low),2025-03-24,nigel.zhuwaki,,unreviewed,unassessed,2026,EXC-SUPPLY-REFINERY_UTILISATION
LOC-7d2b91734d6c,"supply.refinery_utilisation.csv[531:{""country"": ""ZAF:sasol"", ""period"": ""2026"", ""scenario"": ""high_demand""}]",REG-SUPPLY-REFINERY_UTILISATION,"""84""",fraction,Vopak/Reatile xlsx (Production_High / Production_Low),2025-03-24,nigel.zhuwaki,,unreviewed,unassessed,2026,EXC-SUPPLY-REFINERY_UTILISATION
LOC-f34794cd53a7,"supply.refinery_utilisation.csv[532:{""country"": ""ZAF:enref"", ""period"": ""2027"", ""scenario"": ""high_demand""}]",REG-SUPPLY-REFINERY_UTILISATION,"""0.03""",fraction,Vopak/Reatile xlsx (Production_High / Production_Low),2025-03-24,nigel.zhuwaki,,unreviewed,unassessed,2026,EXC-SUPPLY-REFINERY_UTILISATION
LOC-a3085baa7c32,"supply.refinery_utilisation.csv[533:{""country"": ""ZAF:natref"", ""period"": ""2027"", ""scenario"": ""high_demand""}]",REG-SUPPLY-REFINERY_UTILISATION,"""2027""",fraction,Vopak/Reatile xlsx (Production_High / Production_Low),2025-03-24,nigel.zhuwaki,,unreviewed,unassessed,2026,EXC-SUPPLY-REFINERY_UTILISATION
LOC-455eda59118c,"supply.refinery_utilisation.csv[534:{""country"": ""ZAF:sasol"", ""period"": ""2027"", ""scenario"": ""high_demand""}]",REG-SUPPLY-REFINERY_UTILISATION,"""235""",fraction,Vopak/Reatile xlsx (Production_High / Production_Low),2025-03-24,nigel.zhuwaki,,unreviewed,unassessed,2026,EXC-SUPPLY-REFINERY_UTILISATION
LOC-df9ef7c1b71b,"supply.refinery_utilisation.csv[535:{""country"": ""ZAF:enref"", ""period"": ""2028"", ""scenario"": ""high_demand""}]",REG-SUPPLY-REFINERY_UTILISATION,"""0.04""",fraction,Vopak/Reatile xlsx (Production_High / Production_Low),2025-03-24,nigel.zhuwaki,,unreviewed,unassessed,2026,EXC-SUPPLY-REFINERY_UTILISATION
LOC-b7a84c0be282,"supply.refinery_utilisation.csv[536:{""country"": ""ZAF:natref"", ""period"": ""2028"", ""scenario"": ""high_demand""}]",REG-SUPPLY-REFINERY_UTILISATION,"""2028""",fraction,Vopak/Reatile xlsx (Production_High / Production_Low),2025-03-24,nigel.zhuwaki,,unreviewed,unassessed,2026,EXC-SUPPLY-REFINERY_UTILISATION
LOC-0e5ea27f3759,"supply.refinery_utilisation.csv[537:{""country"": ""ZAF:sasol"", ""period"": ""2028"", ""scenario"": ""high_demand""}]",REG-SUPPLY-REFINERY_UTILISATION,"""323""",fraction,Vopak/Reatile xlsx (Production_High / Production_Low),2025-03-24,nigel.zhuwaki,,unreviewed,unassessed,2026,EXC-SUPPLY-REFINERY_UTILISATION
LOC-62a3b803bd9a,"supply.refinery_utilisation.csv[538:{""country"": ""ZAF:enref"", ""period"": ""2029"", ""scenario"": ""high_demand""}]",REG-SUPPLY-REFINERY_UTILISATION,"""0.04""",fraction,Vopak/Reatile xlsx (Production_High / Production_Low),2025-03-24,nigel.zhuwaki,,unreviewed,unassessed,2026,EXC-SUPPLY-REFINERY_UTILISATION
LOC-cafc069430c0,"supply.refinery_utilisation.csv[539:{""country"": ""ZAF:natref"", ""period"": ""2029"", ""scenario"": ""high_demand""}]",REG-SUPPLY-REFINERY_UTILISATION,"""2029""",fraction,Vopak/Reatile xlsx (Production_High / Production_Low),2025-03-24,nigel.zhuwaki,,unreviewed,unassessed,2026,EXC-SUPPLY-REFINERY_UTILISATION
LOC-68d1338cf466,"supply.refinery_utilisation.csv[540:{""country"": ""ZAF:sasol"", ""period"": ""2029"", ""scenario"": ""high_demand""}]",REG-SUPPLY-REFINERY_UTILISATION,"""323""",fraction,Vopak/Reatile xlsx (Production_High / Production_Low),2025-03-24,nigel.zhuwaki,,unreviewed,unassessed,2026,EXC-SUPPLY-REFINERY_UTILISATION
LOC-582cbd114ac4,"supply.refinery_utilisation.csv[541:{""country"": ""ZAF:enref"", ""period"": ""2030"", ""scenario"": ""high_demand""}]",REG-SUPPLY-REFINERY_UTILISATION,"""0.04""",fraction,Vopak/Reatile xlsx (Production_High / Production_Low),2025-03-24,nigel.zhuwaki,,unreviewed,unassessed,2026,EXC-SUPPLY-REFINERY_UTILISATION
LOC-328817fc5fe2,"supply.refinery_utilisation.csv[542:{""country"": ""ZAF:natref"", ""period"": ""2030"", ""scenario"": ""high_demand""}]",REG-SUPPLY-REFINERY_UTILISATION,"""2030""",fraction,Vopak/Reatile xlsx (Production_High / Production_Low),2025-03-24,nigel.zhuwaki,,unreviewed,unassessed,2026,EXC-SUPPLY-REFINERY_UTILISATION
LOC-9bada8f5891d,"supply.refinery_utilisation.csv[543:{""country"": ""ZAF:sasol"", ""period"": ""2030"", ""scenario"": ""high_demand""}]",REG-SUPPLY-REFINERY_UTILISATION,"""323""",fraction,Vopak/Reatile xlsx (Production_High / Production_Low),2025-03-24,nigel.zhuwaki,,unreviewed,unassessed,2026,EXC-SUPPLY-REFINERY_UTILISATION
LOC-a8b8dcbfd271,"supply.refinery_utilisation.csv[544:{""country"": ""ZAF:enref"", ""period"": ""2031"", ""scenario"": ""high_demand""}]",REG-SUPPLY-REFINERY_UTILISATION,"""0.04""",fraction,Vopak/Reatile xlsx (Production_High / Production_Low),2025-03-24,nigel.zhuwaki,,unreviewed,unassessed,2026,EXC-SUPPLY-REFINERY_UTILISATION
LOC-58df05d50001,"supply.refinery_utilisation.csv[545:{""country"": ""ZAF:natref"", ""period"": ""2031"", ""scenario"": ""high_demand""}]",REG-SUPPLY-REFINERY_UTILISATION,"""2031""",fraction,Vopak/Reatile xlsx (Production_High / Production_Low),2025-03-24,nigel.zhuwaki,,unreviewed,unassessed,2026,EXC-SUPPLY-REFINERY_UTILISATION
LOC-dce1766ff1af,"supply.refinery_utilisation.csv[546:{""country"": ""ZAF:sasol"", ""period"": ""2031"", ""scenario"": ""high_demand""}]",REG-SUPPLY-REFINERY_UTILISATION,"""323""",fraction,Vopak/Reatile xlsx (Production_High / Production_Low),2025-03-24,nigel.zhuwaki,,unreviewed,unassessed,2026,EXC-SUPPLY-REFINERY_UTILISATION
LOC-ae9d30395791,"supply.refinery_utilisation.csv[547:{""country"": ""ZAF:enref"", ""period"": ""2032"", ""scenario"": ""high_demand""}]",REG-SUPPLY-REFINERY_UTILISATION,"""0.04""",fraction,Vopak/Reatile xlsx (Production_High / Production_Low),2025-03-24,nigel.zhuwaki,,unreviewed,unassessed,2026,EXC-SUPPLY-REFINERY_UTILISATION
LOC-8dfc3fa14899,"supply.refinery_utilisation.csv[548:{""country"": ""ZAF:natref"", ""period"": ""2032"", ""scenario"": ""high_demand""}]",REG-SUPPLY-REFINERY_UTILISATION,"""2032""",fraction,Vopak/Reatile xlsx (Production_High / Production_Low),2025-03-24,nigel.zhuwaki,,unreviewed,unassessed,2026,EXC-SUPPLY-REFINERY_UTILISATION
LOC-4aafa7b110eb,"supply.refinery_utilisation.csv[549:{""country"": ""ZAF:sasol"", ""period"": ""2032"", ""scenario"": ""high_demand""}]",REG-SUPPLY-REFINERY_UTILISATION,"""323""",fraction,Vopak/Reatile xlsx (Production_High / Production_Low),2025-03-24,nigel.zhuwaki,,unreviewed,unassessed,2026,EXC-SUPPLY-REFINERY_UTILISATION
LOC-8a4b76b0528d,"supply.refinery_utilisation.csv[550:{""country"": ""ZAF:enref"", ""period"": ""2033"", ""scenario"": ""high_demand""}]",REG-SUPPLY-REFINERY_UTILISATION,"""0.04""",fraction,Vopak/Reatile xlsx (Production_High / Production_Low),2025-03-24,nigel.zhuwaki,,unreviewed,unassessed,2026,EXC-SUPPLY-REFINERY_UTILISATION
LOC-2df4b85a5d6c,"supply.refinery_utilisation.csv[551:{""country"": ""ZAF:natref"", ""period"": ""2033"", ""scenario"": ""high_demand""}]",REG-SUPPLY-REFINERY_UTILISATION,"""2033""",fraction,Vopak/Reatile xlsx (Production_High / Production_Low),2025-03-24,nigel.zhuwaki,,unreviewed,unassessed,2026,EXC-SUPPLY-REFINERY_UTILISATION
LOC-964a5cb2ed93,"supply.refinery_utilisation.csv[552:{""country"": ""ZAF:sasol"", ""period"": ""2033"", ""scenario"": ""high_demand""}]",REG-SUPPLY-REFINERY_UTILISATION,"""323""",fraction,Vopak/Reatile xlsx (Production_High / Production_Low),2025-03-24,nigel.zhuwaki,,unreviewed,unassessed,2026,EXC-SUPPLY-REFINERY_UTILISATION
LOC-e0576acfc169,"supply.refinery_utilisation.csv[553:{""country"": ""ZAF:enref"", ""period"": ""2034"", ""scenario"": ""high_demand""}]",REG-SUPPLY-REFINERY_UTILISATION,"""0.04""",fraction,Vopak/Reatile xlsx (Production_High / Production_Low),2025-03-24,nigel.zhuwaki,,unreviewed,unassessed,2026,EXC-SUPPLY-REFINERY_UTILISATION
LOC-fa2c1367143e,"supply.refinery_utilisation.csv[554:{""country"": ""ZAF:natref"", ""period"": ""2034"", ""scenario"": ""high_demand""}]",REG-SUPPLY-REFINERY_UTILISATION,"""2034""",fraction,Vopak/Reatile xlsx (Production_High / Production_Low),2025-03-24,nigel.zhuwaki,,unreviewed,unassessed,2026,EXC-SUPPLY-REFINERY_UTILISATION
LOC-cd576bc1a03c,"supply.refinery_utilisation.csv[555:{""country"": ""ZAF:sasol"", ""period"": ""2034"", ""scenario"": ""high_demand""}]",REG-SUPPLY-REFINERY_UTILISATION,"""323""",fraction,Vopak/Reatile xlsx (Production_High / Production_Low),2025-03-24,nigel.zhuwaki,,unreviewed,unassessed,2026,EXC-SUPPLY-REFINERY_UTILISATION
LOC-b452f1cd6fec,"supply.refinery_utilisation.csv[556:{""country"": ""ZAF:enref"", ""period"": ""2035"", ""scenario"": ""high_demand""}]",REG-SUPPLY-REFINERY_UTILISATION,"""0.04""",fraction,Vopak/Reatile xlsx (Production_High / Production_Low),2025-03-24,nigel.zhuwaki,,unreviewed,unassessed,2026,EXC-SUPPLY-REFINERY_UTILISATION
LOC-3eb406a6c859,"supply.refinery_utilisation.csv[557:{""country"": ""ZAF:natref"", ""period"": ""2035"", ""scenario"": ""high_demand""}]",REG-SUPPLY-REFINERY_UTILISATION,"""2035""",fraction,Vopak/Reatile xlsx (Production_High / Production_Low),2025-03-24,nigel.zhuwaki,,unreviewed,unassessed,2026,EXC-SUPPLY-REFINERY_UTILISATION
LOC-09e4c9e0d896,"supply.refinery_utilisation.csv[558:{""country"": ""ZAF:sasol"", ""period"": ""2035"", ""scenario"": ""high_demand""}]",REG-SUPPLY-REFINERY_UTILISATION,"""323""",fraction,Vopak/Reatile xlsx (Production_High / Production_Low),2025-03-24,nigel.zhuwaki,,unreviewed,unassessed,2026,EXC-SUPPLY-REFINERY_UTILISATION
LOC-bd1f96c24a7d,"supply.refinery_utilisation.csv[559:{""country"": ""ZAF:enref"", ""period"": ""2036"", ""scenario"": ""high_demand""}]",REG-SUPPLY-REFINERY_UTILISATION,"""0.04""",fraction,Vopak/Reatile xlsx (Production_High / Production_Low),2025-03-24,nigel.zhuwaki,,unreviewed,unassessed,2026,EXC-SUPPLY-REFINERY_UTILISATION
LOC-8db9e65ad38b,"supply.refinery_utilisation.csv[560:{""country"": ""ZAF:natref"", ""period"": ""2036"", ""scenario"": ""high_demand""}]",REG-SUPPLY-REFINERY_UTILISATION,"""2036""",fraction,Vopak/Reatile xlsx (Production_High / Production_Low),2025-03-24,nigel.zhuwaki,,unreviewed,unassessed,2026,EXC-SUPPLY-REFINERY_UTILISATION
LOC-fda4412f108a,"supply.refinery_utilisation.csv[561:{""country"": ""ZAF:sasol"", ""period"": ""2036"", ""scenario"": ""high_demand""}]",REG-SUPPLY-REFINERY_UTILISATION,"""323""",fraction,Vopak/Reatile xlsx (Production_High / Production_Low),2025-03-24,nigel.zhuwaki,,unreviewed,unassessed,2026,EXC-SUPPLY-REFINERY_UTILISATION
LOC-7279b4d7b80a,"supply.refinery_utilisation.csv[562:{""country"": ""ZAF:enref"", ""period"": ""2037"", ""scenario"": ""high_demand""}]",REG-SUPPLY-REFINERY_UTILISATION,"""0.04""",fraction,Vopak/Reatile xlsx (Production_High / Production_Low),2025-03-24,nigel.zhuwaki,,unreviewed,unassessed,2026,EXC-SUPPLY-REFINERY_UTILISATION
LOC-19ba31352b62,"supply.refinery_utilisation.csv[563:{""country"": ""ZAF:natref"", ""period"": ""2037"", ""scenario"": ""high_demand""}]",REG-SUPPLY-REFINERY_UTILISATION,"""2037""",fraction,Vopak/Reatile xlsx (Production_High / Production_Low),2025-03-24,nigel.zhuwaki,,unreviewed,unassessed,2026,EXC-SUPPLY-REFINERY_UTILISATION
LOC-a3f7880cb5dd,"supply.refinery_utilisation.csv[564:{""country"": ""ZAF:sasol"", ""period"": ""2037"", ""scenario"": ""high_demand""}]",REG-SUPPLY-REFINERY_UTILISATION,"""323""",fraction,Vopak/Reatile xlsx (Production_High / Production_Low),2025-03-24,nigel.zhuwaki,,unreviewed,unassessed,2026,EXC-SUPPLY-REFINERY_UTILISATION
LOC-2b1c8f286c74,"supply.refinery_utilisation.csv[565:{""country"": ""ZAF:enref"", ""period"": ""2038"", ""scenario"": ""high_demand""}]",REG-SUPPLY-REFINERY_UTILISATION,"""0.04""",fraction,Vopak/Reatile xlsx (Production_High / Production_Low),2025-03-24,nigel.zhuwaki,,unreviewed,unassessed,2026,EXC-SUPPLY-REFINERY_UTILISATION
LOC-8e956300954e,"supply.refinery_utilisation.csv[566:{""country"": ""ZAF:natref"", ""period"": ""2038"", ""scenario"": ""high_demand""}]",REG-SUPPLY-REFINERY_UTILISATION,"""2038""",fraction,Vopak/Reatile xlsx (Production_High / Production_Low),2025-03-24,nigel.zhuwaki,,unreviewed,unassessed,2026,EXC-SUPPLY-REFINERY_UTILISATION
LOC-22a7d408e155,"supply.refinery_utilisation.csv[567:{""country"": ""ZAF:sasol"", ""period"": ""2038"", ""scenario"": ""high_demand""}]",REG-SUPPLY-REFINERY_UTILISATION,"""323""",fraction,Vopak/Reatile xlsx (Production_High / Production_Low),2025-03-24,nigel.zhuwaki,,unreviewed,unassessed,2026,EXC-SUPPLY-REFINERY_UTILISATION
LOC-f0f0fafa1bce,"supply.refinery_utilisation.csv[568:{""country"": ""ZAF:enref"", ""period"": ""2039"", ""scenario"": ""high_demand""}]",REG-SUPPLY-REFINERY_UTILISATION,"""0.04""",fraction,Vopak/Reatile xlsx (Production_High / Production_Low),2025-03-24,nigel.zhuwaki,,unreviewed,unassessed,2026,EXC-SUPPLY-REFINERY_UTILISATION
LOC-49d5de719de0,"supply.refinery_utilisation.csv[569:{""country"": ""ZAF:natref"", ""period"": ""2039"", ""scenario"": ""high_demand""}]",REG-SUPPLY-REFINERY_UTILISATION,"""2039""",fraction,Vopak/Reatile xlsx (Production_High / Production_Low),2025-03-24,nigel.zhuwaki,,unreviewed,unassessed,2026,EXC-SUPPLY-REFINERY_UTILISATION
LOC-71e217b2a7ac,"supply.refinery_utilisation.csv[570:{""country"": ""ZAF:sasol"", ""period"": ""2039"", ""scenario"": ""high_demand""}]",REG-SUPPLY-REFINERY_UTILISATION,"""323""",fraction,Vopak/Reatile xlsx (Production_High / Production_Low),2025-03-24,nigel.zhuwaki,,unreviewed,unassessed,2026,EXC-SUPPLY-REFINERY_UTILISATION
LOC-90c805dea333,"supply.refinery_utilisation.csv[571:{""country"": ""ZAF:enref"", ""period"": ""2040"", ""scenario"": ""high_demand""}]",REG-SUPPLY-REFINERY_UTILISATION,"""0.04""",fraction,Vopak/Reatile xlsx (Production_High / Production_Low),2025-03-24,nigel.zhuwaki,,unreviewed,unassessed,2026,EXC-SUPPLY-REFINERY_UTILISATION
LOC-a0adaf966833,"supply.refinery_utilisation.csv[572:{""country"": ""ZAF:natref"", ""period"": ""2040"", ""scenario"": ""high_demand""}]",REG-SUPPLY-REFINERY_UTILISATION,"""2040""",fraction,Vopak/Reatile xlsx (Production_High / Production_Low),2025-03-24,nigel.zhuwaki,,unreviewed,unassessed,2026,EXC-SUPPLY-REFINERY_UTILISATION
LOC-018dd04a98ac,"supply.refinery_utilisation.csv[573:{""country"": ""ZAF:sasol"", ""period"": ""2040"", ""scenario"": ""high_demand""}]",REG-SUPPLY-REFINERY_UTILISATION,"""323""",fraction,Vopak/Reatile xlsx (Production_High / Production_Low),2025-03-24,nigel.zhuwaki,,unreviewed,unassessed,2026,EXC-SUPPLY-REFINERY_UTILISATION
LOC-eec89033a3d1,"supply.refinery_utilisation.csv[574:{""country"": ""ZAF:enref"", ""period"": ""2041"", ""scenario"": ""high_demand""}]",REG-SUPPLY-REFINERY_UTILISATION,"""0.04""",fraction,Vopak/Reatile xlsx (Production_High / Production_Low),2025-03-24,nigel.zhuwaki,,unreviewed,unassessed,2026,EXC-SUPPLY-REFINERY_UTILISATION
LOC-b377bd73a7fe,"supply.refinery_utilisation.csv[575:{""country"": ""ZAF:natref"", ""period"": ""2041"", ""scenario"": ""high_demand""}]",REG-SUPPLY-REFINERY_UTILISATION,"""2041""",fraction,Vopak/Reatile xlsx (Production_High / Production_Low),2025-03-24,nigel.zhuwaki,,unreviewed,unassessed,2026,EXC-SUPPLY-REFINERY_UTILISATION
LOC-6082a63713dd,"supply.refinery_utilisation.csv[576:{""country"": ""ZAF:sasol"", ""period"": ""2041"", ""scenario"": ""high_demand""}]",REG-SUPPLY-REFINERY_UTILISATION,"""323""",fraction,Vopak/Reatile xlsx (Production_High / Production_Low),2025-03-24,nigel.zhuwaki,,unreviewed,unassessed,2026,EXC-SUPPLY-REFINERY_UTILISATION
LOC-e59b3f2a8113,"supply.refinery_utilisation.csv[577:{""country"": ""ZAF:enref"", ""period"": ""2042"", ""scenario"": ""high_demand""}]",REG-SUPPLY-REFINERY_UTILISATION,"""0.04""",fraction,Vopak/Reatile xlsx (Production_High / Production_Low),2025-03-24,nigel.zhuwaki,,unreviewed,unassessed,2026,EXC-SUPPLY-REFINERY_UTILISATION
LOC-8a904cdee164,"supply.refinery_utilisation.csv[578:{""country"": ""ZAF:natref"", ""period"": ""2042"", ""scenario"": ""high_demand""}]",REG-SUPPLY-REFINERY_UTILISATION,"""2042""",fraction,Vopak/Reatile xlsx (Production_High / Production_Low),2025-03-24,nigel.zhuwaki,,unreviewed,unassessed,2026,EXC-SUPPLY-REFINERY_UTILISATION
LOC-456f20b9b7fe,"supply.refinery_utilisation.csv[579:{""country"": ""ZAF:sasol"", ""period"": ""2042"", ""scenario"": ""high_demand""}]",REG-SUPPLY-REFINERY_UTILISATION,"""323""",fraction,Vopak/Reatile xlsx (Production_High / Production_Low),2025-03-24,nigel.zhuwaki,,unreviewed,unassessed,2026,EXC-SUPPLY-REFINERY_UTILISATION
LOC-70de167a0f15,"supply.refinery_utilisation.csv[580:{""country"": ""ZAF:enref"", ""period"": ""2043"", ""scenario"": ""high_demand""}]",REG-SUPPLY-REFINERY_UTILISATION,"""0.04""",fraction,Vopak/Reatile xlsx (Production_High / Production_Low),2025-03-24,nigel.zhuwaki,,unreviewed,unassessed,2026,EXC-SUPPLY-REFINERY_UTILISATION
LOC-d384f33863bd,"supply.refinery_utilisation.csv[581:{""country"": ""ZAF:natref"", ""period"": ""2043"", ""scenario"": ""high_demand""}]",REG-SUPPLY-REFINERY_UTILISATION,"""2043""",fraction,Vopak/Reatile xlsx (Production_High / Production_Low),2025-03-24,nigel.zhuwaki,,unreviewed,unassessed,2026,EXC-SUPPLY-REFINERY_UTILISATION
LOC-f5c4b30ce89a,"supply.refinery_utilisation.csv[582:{""country"": ""ZAF:sasol"", ""period"": ""2043"", ""scenario"": ""high_demand""}]",REG-SUPPLY-REFINERY_UTILISATION,"""323""",fraction,Vopak/Reatile xlsx (Production_High / Production_Low),2025-03-24,nigel.zhuwaki,,unreviewed,unassessed,2026,EXC-SUPPLY-REFINERY_UTILISATION
LOC-5d77c18daf2c,"supply.refinery_utilisation.csv[583:{""country"": ""ZAF:enref"", ""period"": ""2044"", ""scenario"": ""high_demand""}]",REG-SUPPLY-REFINERY_UTILISATION,"""0.04""",fraction,Vopak/Reatile xlsx (Production_High / Production_Low),2025-03-24,nigel.zhuwaki,,unreviewed,unassessed,2026,EXC-SUPPLY-REFINERY_UTILISATION
LOC-2122a801285e,"supply.refinery_utilisation.csv[584:{""country"": ""ZAF:natref"", ""period"": ""2044"", ""scenario"": ""high_demand""}]",REG-SUPPLY-REFINERY_UTILISATION,"""2044""",fraction,Vopak/Reatile xlsx (Production_High / Production_Low),2025-03-24,nigel.zhuwaki,,unreviewed,unassessed,2026,EXC-SUPPLY-REFINERY_UTILISATION
LOC-964fc2cdfc98,"supply.refinery_utilisation.csv[585:{""country"": ""ZAF:sasol"", ""period"": ""2044"", ""scenario"": ""high_demand""}]",REG-SUPPLY-REFINERY_UTILISATION,"""323""",fraction,Vopak/Reatile xlsx (Production_High / Production_Low),2025-03-24,nigel.zhuwaki,,unreviewed,unassessed,2026,EXC-SUPPLY-REFINERY_UTILISATION
LOC-921853903ed1,"supply.refinery_utilisation.csv[586:{""country"": ""ZAF:enref"", ""period"": ""2045"", ""scenario"": ""high_demand""}]",REG-SUPPLY-REFINERY_UTILISATION,"""0.04""",fraction,Vopak/Reatile xlsx (Production_High / Production_Low),2025-03-24,nigel.zhuwaki,,unreviewed,unassessed,2026,EXC-SUPPLY-REFINERY_UTILISATION
LOC-af16a3b3f11a,"supply.refinery_utilisation.csv[587:{""country"": ""ZAF:natref"", ""period"": ""2045"", ""scenario"": ""high_demand""}]",REG-SUPPLY-REFINERY_UTILISATION,"""2045""",fraction,Vopak/Reatile xlsx (Production_High / Production_Low),2025-03-24,nigel.zhuwaki,,unreviewed,unassessed,2026,EXC-SUPPLY-REFINERY_UTILISATION
LOC-d4396855adf6,"supply.refinery_utilisation.csv[588:{""country"": ""ZAF:sasol"", ""period"": ""2045"", ""scenario"": ""high_demand""}]",REG-SUPPLY-REFINERY_UTILISATION,"""323""",fraction,Vopak/Reatile xlsx (Production_High / Production_Low),2025-03-24,nigel.zhuwaki,,unreviewed,unassessed,2026,EXC-SUPPLY-REFINERY_UTILISATION
LOC-2896e0384a6b,"supply.refinery_utilisation.csv[589:{""country"": ""ZAF:enref"", ""period"": ""2046"", ""scenario"": ""high_demand""}]",REG-SUPPLY-REFINERY_UTILISATION,"""0.04""",fraction,Vopak/Reatile xlsx (Production_High / Production_Low),2025-03-24,nigel.zhuwaki,,unreviewed,unassessed,2026,EXC-SUPPLY-REFINERY_UTILISATION
LOC-ef5cf79c009b,"supply.refinery_utilisation.csv[590:{""country"": ""ZAF:natref"", ""period"": ""2046"", ""scenario"": ""high_demand""}]",REG-SUPPLY-REFINERY_UTILISATION,"""2046""",fraction,Vopak/Reatile xlsx (Production_High / Production_Low),2025-03-24,nigel.zhuwaki,,unreviewed,unassessed,2026,EXC-SUPPLY-REFINERY_UTILISATION
LOC-013b662652fe,"supply.refinery_utilisation.csv[591:{""country"": ""ZAF:sasol"", ""period"": ""2046"", ""scenario"": ""high_demand""}]",REG-SUPPLY-REFINERY_UTILISATION,"""323""",fraction,Vopak/Reatile xlsx (Production_High / Production_Low),2025-03-24,nigel.zhuwaki,,unreviewed,unassessed,2026,EXC-SUPPLY-REFINERY_UTILISATION
LOC-087c1223a19c,"supply.refinery_utilisation.csv[592:{""country"": ""ZAF:enref"", ""period"": ""2047"", ""scenario"": ""high_demand""}]",REG-SUPPLY-REFINERY_UTILISATION,"""0.04""",fraction,Vopak/Reatile xlsx (Production_High / Production_Low),2025-03-24,nigel.zhuwaki,,unreviewed,unassessed,2026,EXC-SUPPLY-REFINERY_UTILISATION
LOC-018e1d68566e,"supply.refinery_utilisation.csv[593:{""country"": ""ZAF:natref"", ""period"": ""2047"", ""scenario"": ""high_demand""}]",REG-SUPPLY-REFINERY_UTILISATION,"""2047""",fraction,Vopak/Reatile xlsx (Production_High / Production_Low),2025-03-24,nigel.zhuwaki,,unreviewed,unassessed,2026,EXC-SUPPLY-REFINERY_UTILISATION
LOC-de884b9aae3b,"supply.refinery_utilisation.csv[594:{""country"": ""ZAF:sasol"", ""period"": ""2047"", ""scenario"": ""high_demand""}]",REG-SUPPLY-REFINERY_UTILISATION,"""323""",fraction,Vopak/Reatile xlsx (Production_High / Production_Low),2025-03-24,nigel.zhuwaki,,unreviewed,unassessed,2026,EXC-SUPPLY-REFINERY_UTILISATION
LOC-46e3987f1cdd,"supply.refinery_utilisation.csv[595:{""country"": ""ZAF:enref"", ""period"": ""2048"", ""scenario"": ""high_demand""}]",REG-SUPPLY-REFINERY_UTILISATION,"""0.04""",fraction,Vopak/Reatile xlsx (Production_High / Production_Low),2025-03-24,nigel.zhuwaki,,unreviewed,unassessed,2026,EXC-SUPPLY-REFINERY_UTILISATION
LOC-3b41019fdd44,"supply.refinery_utilisation.csv[596:{""country"": ""ZAF:natref"", ""period"": ""2048"", ""scenario"": ""high_demand""}]",REG-SUPPLY-REFINERY_UTILISATION,"""2048""",fraction,Vopak/Reatile xlsx (Production_High / Production_Low),2025-03-24,nigel.zhuwaki,,unreviewed,unassessed,2026,EXC-SUPPLY-REFINERY_UTILISATION
LOC-3f2034469faf,"supply.refinery_utilisation.csv[597:{""country"": ""ZAF:sasol"", ""period"": ""2048"", ""scenario"": ""high_demand""}]",REG-SUPPLY-REFINERY_UTILISATION,"""323""",fraction,Vopak/Reatile xlsx (Production_High / Production_Low),2025-03-24,nigel.zhuwaki,,unreviewed,unassessed,2026,EXC-SUPPLY-REFINERY_UTILISATION
LOC-2d34ae093a37,"supply.refinery_utilisation.csv[598:{""country"": ""ZAF:enref"", ""period"": ""2049"", ""scenario"": ""high_demand""}]",REG-SUPPLY-REFINERY_UTILISATION,"""0.04""",fraction,Vopak/Reatile xlsx (Production_High / Production_Low),2025-03-24,nigel.zhuwaki,,unreviewed,unassessed,2026,EXC-SUPPLY-REFINERY_UTILISATION
LOC-2b59f39623d6,"supply.refinery_utilisation.csv[599:{""country"": ""ZAF:natref"", ""period"": ""2049"", ""scenario"": ""high_demand""}]",REG-SUPPLY-REFINERY_UTILISATION,"""2049""",fraction,Vopak/Reatile xlsx (Production_High / Production_Low),2025-03-24,nigel.zhuwaki,,unreviewed,unassessed,2026,EXC-SUPPLY-REFINERY_UTILISATION
LOC-43574a95a15b,"supply.refinery_utilisation.csv[600:{""country"": ""ZAF:sasol"", ""period"": ""2049"", ""scenario"": ""high_demand""}]",REG-SUPPLY-REFINERY_UTILISATION,"""323""",fraction,Vopak/Reatile xlsx (Production_High / Production_Low),2025-03-24,nigel.zhuwaki,,unreviewed,unassessed,2026,EXC-SUPPLY-REFINERY_UTILISATION
LOC-916ce8b47464,"supply.refinery_utilisation.csv[601:{""country"": ""ZAF:enref"", ""period"": ""2050"", ""scenario"": ""high_demand""}]",REG-SUPPLY-REFINERY_UTILISATION,"""0.04""",fraction,Vopak/Reatile xlsx (Production_High / Production_Low),2025-03-24,nigel.zhuwaki,,unreviewed,unassessed,2026,EXC-SUPPLY-REFINERY_UTILISATION
LOC-789923d53aba,"supply.refinery_utilisation.csv[602:{""country"": ""ZAF:natref"", ""period"": ""2050"", ""scenario"": ""high_demand""}]",REG-SUPPLY-REFINERY_UTILISATION,"""2050""",fraction,Vopak/Reatile xlsx (Production_High / Production_Low),2025-03-24,nigel.zhuwaki,,unreviewed,unassessed,2026,EXC-SUPPLY-REFINERY_UTILISATION
LOC-38438dfb85fd,"supply.refinery_utilisation.csv[603:{""country"": ""ZAF:sasol"", ""period"": ""2050"", ""scenario"": ""high_demand""}]",REG-SUPPLY-REFINERY_UTILISATION,"""323""",fraction,Vopak/Reatile xlsx (Production_High / Production_Low),2025-03-24,nigel.zhuwaki,,unreviewed,unassessed,2026,EXC-SUPPLY-REFINERY_UTILISATION
LOC-3d378688f684,"supply.refinery_utilisation.csv[604:{""country"": ""ZAF:enref"", ""period"": ""2024"", ""scenario"": ""high_demand""}]",REG-SUPPLY-REFINERY_UTILISATION,"""0.15""",fraction,Vopak/Reatile xlsx (Production_High / Production_Low),2025-03-24,nigel.zhuwaki,,unreviewed,unassessed,2026,EXC-SUPPLY-REFINERY_UTILISATION
LOC-cd6686cb667d,"supply.refinery_utilisation.csv[605:{""country"": ""ZAF:natref"", ""period"": ""2024"", ""scenario"": ""high_demand""}]",REG-SUPPLY-REFINERY_UTILISATION,"""2024""",fraction,Vopak/Reatile xlsx (Production_High / Production_Low),2025-03-24,nigel.zhuwaki,,unreviewed,unassessed,2026,EXC-SUPPLY-REFINERY_UTILISATION
LOC-245deab94895,"supply.refinery_utilisation.csv[606:{""country"": ""ZAF:sasol"", ""period"": ""2024"", ""scenario"": ""high_demand""}]",REG-SUPPLY-REFINERY_UTILISATION,"""31578""",fraction,Vopak/Reatile xlsx (Production_High / Production_Low),2025-03-24,nigel.zhuwaki,,unreviewed,unassessed,2026,EXC-SUPPLY-REFINERY_UTILISATION
LOC-a66e7e841045,"supply.refinery_utilisation.csv[607:{""country"": ""ZAF:enref"", ""period"": ""2025"", ""scenario"": ""high_demand""}]",REG-SUPPLY-REFINERY_UTILISATION,"""0.15""",fraction,Vopak/Reatile xlsx (Production_High / Production_Low),2025-03-24,nigel.zhuwaki,,unreviewed,unassessed,2026,EXC-SUPPLY-REFINERY_UTILISATION
LOC-d5a30c7f0c05,"supply.refinery_utilisation.csv[608:{""country"": ""ZAF:natref"", ""period"": ""2025"", ""scenario"": ""high_demand""}]",REG-SUPPLY-REFINERY_UTILISATION,"""2025""",fraction,Vopak/Reatile xlsx (Production_High / Production_Low),2025-03-24,nigel.zhuwaki,,unreviewed,unassessed,2026,EXC-SUPPLY-REFINERY_UTILISATION
LOC-de37ce79a446,"supply.refinery_utilisation.csv[609:{""country"": ""ZAF:sasol"", ""period"": ""2025"", ""scenario"": ""high_demand""}]",REG-SUPPLY-REFINERY_UTILISATION,"""29341""",fraction,Vopak/Reatile xlsx (Production_High / Production_Low),2025-03-24,nigel.zhuwaki,,unreviewed,unassessed,2026,EXC-SUPPLY-REFINERY_UTILISATION
LOC-11c5fd68cfbc,"supply.refinery_utilisation.csv[610:{""country"": ""ZAF:enref"", ""period"": ""2026"", ""scenario"": ""high_demand""}]",REG-SUPPLY-REFINERY_UTILISATION,"""0.15""",fraction,Vopak/Reatile xlsx (Production_High / Production_Low),2025-03-24,nigel.zhuwaki,,unreviewed,unassessed,2026,EXC-SUPPLY-REFINERY_UTILISATION
LOC-c04fba57ba69,"supply.refinery_utilisation.csv[611:{""country"": ""ZAF:natref"", ""period"": ""2026"", ""scenario"": ""high_demand""}]",REG-SUPPLY-REFINERY_UTILISATION,"""2026""",fraction,Vopak/Reatile xlsx (Production_High / Production_Low),2025-03-24,nigel.zhuwaki,,unreviewed,unassessed,2026,EXC-SUPPLY-REFINERY_UTILISATION
LOC-b65002762146,"supply.refinery_utilisation.csv[612:{""country"": ""ZAF:sasol"", ""period"": ""2026"", ""scenario"": ""high_demand""}]",REG-SUPPLY-REFINERY_UTILISATION,"""39587""",fraction,Vopak/Reatile xlsx (Production_High / Production_Low),2025-03-24,nigel.zhuwaki,,unreviewed,unassessed,2026,EXC-SUPPLY-REFINERY_UTILISATION
LOC-42aea5d0d1ac,"supply.refinery_utilisation.csv[613:{""country"": ""ZAF:enref"", ""period"": ""2027"", ""scenario"": ""high_demand""}]",REG-SUPPLY-REFINERY_UTILISATION,"""0.15""",fraction,Vopak/Reatile xlsx (Production_High / Production_Low),2025-03-24,nigel.zhuwaki,,unreviewed,unassessed,2026,EXC-SUPPLY-REFINERY_UTILISATION
LOC-0426046c553a,"supply.refinery_utilisation.csv[614:{""country"": ""ZAF:natref"", ""period"": ""2027"", ""scenario"": ""high_demand""}]",REG-SUPPLY-REFINERY_UTILISATION,"""2027""",fraction,Vopak/Reatile xlsx (Production_High / Production_Low),2025-03-24,nigel.zhuwaki,,unreviewed,unassessed,2026,EXC-SUPPLY-REFINERY_UTILISATION
LOC-8b1531b9933a,"supply.refinery_utilisation.csv[615:{""country"": ""ZAF:sasol"", ""period"": ""2027"", ""scenario"": ""high_demand""}]",REG-SUPPLY-REFINERY_UTILISATION,"""41103""",fraction,Vopak/Reatile xlsx (Production_High / Production_Low),2025-03-24,nigel.zhuwaki,,unreviewed,unassessed,2026,EXC-SUPPLY-REFINERY_UTILISATION
LOC-e98ed3f0b4e7,"supply.refinery_utilisation.csv[616:{""country"": ""ZAF:enref"", ""period"": ""2028"", ""scenario"": ""high_demand""}]",REG-SUPPLY-REFINERY_UTILISATION,"""0.15""",fraction,Vopak/Reatile xlsx (Production_High / Production_Low),2025-03-24,nigel.zhuwaki,,unreviewed,unassessed,2026,EXC-SUPPLY-REFINERY_UTILISATION
LOC-16b0e79b604d,"supply.refinery_utilisation.csv[617:{""country"": ""ZAF:natref"", ""period"": ""2028"", ""scenario"": ""high_demand""}]",REG-SUPPLY-REFINERY_UTILISATION,"""2028""",fraction,Vopak/Reatile xlsx (Production_High / Production_Low),2025-03-24,nigel.zhuwaki,,unreviewed,unassessed,2026,EXC-SUPPLY-REFINERY_UTILISATION
LOC-c54aed232437,"supply.refinery_utilisation.csv[618:{""country"": ""ZAF:sasol"", ""period"": ""2028"", ""scenario"": ""high_demand""}]",REG-SUPPLY-REFINERY_UTILISATION,"""40743""",fraction,Vopak/Reatile xlsx (Production_High / Production_Low),2025-03-24,nigel.zhuwaki,,unreviewed,unassessed,2026,EXC-SUPPLY-REFINERY_UTILISATION
LOC-2c39b929e473,"supply.refinery_utilisation.csv[619:{""country"": ""ZAF:enref"", ""period"": ""2029"", ""scenario"": ""high_demand""}]",REG-SUPPLY-REFINERY_UTILISATION,"""0.15""",fraction,Vopak/Reatile xlsx (Production_High / Production_Low),2025-03-24,nigel.zhuwaki,,unreviewed,unassessed,2026,EXC-SUPPLY-REFINERY_UTILISATION
LOC-d92bf547a40b,"supply.refinery_utilisation.csv[620:{""country"": ""ZAF:natref"", ""period"": ""2029"", ""scenario"": ""high_demand""}]",REG-SUPPLY-REFINERY_UTILISATION,"""2029""",fraction,Vopak/Reatile xlsx (Production_High / Production_Low),2025-03-24,nigel.zhuwaki,,unreviewed,unassessed,2026,EXC-SUPPLY-REFINERY_UTILISATION
LOC-8b6f0ff99e12,"supply.refinery_utilisation.csv[621:{""country"": ""ZAF:sasol"", ""period"": ""2029"", ""scenario"": ""high_demand""}]",REG-SUPPLY-REFINERY_UTILISATION,"""40743""",fraction,Vopak/Reatile xlsx (Production_High / Production_Low),2025-03-24,nigel.zhuwaki,,unreviewed,unassessed,2026,EXC-SUPPLY-REFINERY_UTILISATION
LOC-9f294829c021,"supply.refinery_utilisation.csv[622:{""country"": ""ZAF:enref"", ""period"": ""2030"", ""scenario"": ""high_demand""}]",REG-SUPPLY-REFINERY_UTILISATION,"""0.15""",fraction,Vopak/Reatile xlsx (Production_High / Production_Low),2025-03-24,nigel.zhuwaki,,unreviewed,unassessed,2026,EXC-SUPPLY-REFINERY_UTILISATION
LOC-b89caa25142c,"supply.refinery_utilisation.csv[623:{""country"": ""ZAF:natref"", ""period"": ""2030"", ""scenario"": ""high_demand""}]",REG-SUPPLY-REFINERY_UTILISATION,"""2030""",fraction,Vopak/Reatile xlsx (Production_High / Production_Low),2025-03-24,nigel.zhuwaki,,unreviewed,unassessed,2026,EXC-SUPPLY-REFINERY_UTILISATION
LOC-7d7db060a9c8,"supply.refinery_utilisation.csv[624:{""country"": ""ZAF:sasol"", ""period"": ""2030"", ""scenario"": ""high_demand""}]",REG-SUPPLY-REFINERY_UTILISATION,"""40743""",fraction,Vopak/Reatile xlsx (Production_High / Production_Low),2025-03-24,nigel.zhuwaki,,unreviewed,unassessed,2026,EXC-SUPPLY-REFINERY_UTILISATION
LOC-9fdabd79819e,"supply.refinery_utilisation.csv[625:{""country"": ""ZAF:enref"", ""period"": ""2031"", ""scenario"": ""high_demand""}]",REG-SUPPLY-REFINERY_UTILISATION,"""0.18""",fraction,Vopak/Reatile xlsx (Production_High / Production_Low),2025-03-24,nigel.zhuwaki,,unreviewed,unassessed,2026,EXC-SUPPLY-REFINERY_UTILISATION
LOC-fb4ebcb81061,"supply.refinery_utilisation.csv[626:{""country"": ""ZAF:natref"", ""period"": ""2031"", ""scenario"": ""high_demand""}]",REG-SUPPLY-REFINERY_UTILISATION,"""2031""",fraction,Vopak/Reatile xlsx (Production_High / Production_Low),2025-03-24,nigel.zhuwaki,,unreviewed,unassessed,2026,EXC-SUPPLY-REFINERY_UTILISATION
LOC-5cbdf989d729,"supply.refinery_utilisation.csv[627:{""country"": ""ZAF:sasol"", ""period"": ""2031"", ""scenario"": ""high_demand""}]",REG-SUPPLY-REFINERY_UTILISATION,"""40743""",fraction,Vopak/Reatile xlsx (Production_High / Production_Low),2025-03-24,nigel.zhuwaki,,unreviewed,unassessed,2026,EXC-SUPPLY-REFINERY_UTILISATION
LOC-deb0441e23a8,"supply.refinery_utilisation.csv[628:{""country"": ""ZAF:enref"", ""period"": ""2032"", ""scenario"": ""high_demand""}]",REG-SUPPLY-REFINERY_UTILISATION,"""0.18""",fraction,Vopak/Reatile xlsx (Production_High / Production_Low),2025-03-24,nigel.zhuwaki,,unreviewed,unassessed,2026,EXC-SUPPLY-REFINERY_UTILISATION
LOC-68d74ebd73a1,"supply.refinery_utilisation.csv[629:{""country"": ""ZAF:natref"", ""period"": ""2032"", ""scenario"": ""high_demand""}]",REG-SUPPLY-REFINERY_UTILISATION,"""2032""",fraction,Vopak/Reatile xlsx (Production_High / Production_Low),2025-03-24,nigel.zhuwaki,,unreviewed,unassessed,2026,EXC-SUPPLY-REFINERY_UTILISATION
LOC-7452e410a558,"supply.refinery_utilisation.csv[630:{""country"": ""ZAF:sasol"", ""period"": ""2032"", ""scenario"": ""high_demand""}]",REG-SUPPLY-REFINERY_UTILISATION,"""40743""",fraction,Vopak/Reatile xlsx (Production_High / Production_Low),2025-03-24,nigel.zhuwaki,,unreviewed,unassessed,2026,EXC-SUPPLY-REFINERY_UTILISATION
LOC-07871e296d6f,"supply.refinery_utilisation.csv[631:{""country"": ""ZAF:enref"", ""period"": ""2033"", ""scenario"": ""high_demand""}]",REG-SUPPLY-REFINERY_UTILISATION,"""0.18""",fraction,Vopak/Reatile xlsx (Production_High / Production_Low),2025-03-24,nigel.zhuwaki,,unreviewed,unassessed,2026,EXC-SUPPLY-REFINERY_UTILISATION
LOC-dcf7c74a60f9,"supply.refinery_utilisation.csv[632:{""country"": ""ZAF:natref"", ""period"": ""2033"", ""scenario"": ""high_demand""}]",REG-SUPPLY-REFINERY_UTILISATION,"""2033""",fraction,Vopak/Reatile xlsx (Production_High / Production_Low),2025-03-24,nigel.zhuwaki,,unreviewed,unassessed,2026,EXC-SUPPLY-REFINERY_UTILISATION
LOC-62caffaf73c4,"supply.refinery_utilisation.csv[633:{""country"": ""ZAF:sasol"", ""period"": ""2033"", ""scenario"": ""high_demand""}]",REG-SUPPLY-REFINERY_UTILISATION,"""40743""",fraction,Vopak/Reatile xlsx (Production_High / Production_Low),2025-03-24,nigel.zhuwaki,,unreviewed,unassessed,2026,EXC-SUPPLY-REFINERY_UTILISATION
LOC-b1c4a63e45b0,"supply.refinery_utilisation.csv[634:{""country"": ""ZAF:enref"", ""period"": ""2034"", ""scenario"": ""high_demand""}]",REG-SUPPLY-REFINERY_UTILISATION,"""0.18""",fraction,Vopak/Reatile xlsx (Production_High / Production_Low),2025-03-24,nigel.zhuwaki,,unreviewed,unassessed,2026,EXC-SUPPLY-REFINERY_UTILISATION
LOC-d8eac5a0467a,"supply.refinery_utilisation.csv[635:{""country"": ""ZAF:natref"", ""period"": ""2034"", ""scenario"": ""high_demand""}]",REG-SUPPLY-REFINERY_UTILISATION,"""2034""",fraction,Vopak/Reatile xlsx (Production_High / Production_Low),2025-03-24,nigel.zhuwaki,,unreviewed,unassessed,2026,EXC-SUPPLY-REFINERY_UTILISATION
LOC-1e6ec49c1511,"supply.refinery_utilisation.csv[636:{""country"": ""ZAF:sasol"", ""period"": ""2034"", ""scenario"": ""high_demand""}]",REG-SUPPLY-REFINERY_UTILISATION,"""40743""",fraction,Vopak/Reatile xlsx (Production_High / Production_Low),2025-03-24,nigel.zhuwaki,,unreviewed,unassessed,2026,EXC-SUPPLY-REFINERY_UTILISATION
LOC-47763ca5f9b5,"supply.refinery_utilisation.csv[637:{""country"": ""ZAF:enref"", ""period"": ""2035"", ""scenario"": ""high_demand""}]",REG-SUPPLY-REFINERY_UTILISATION,"""0.18""",fraction,Vopak/Reatile xlsx (Production_High / Production_Low),2025-03-24,nigel.zhuwaki,,unreviewed,unassessed,2026,EXC-SUPPLY-REFINERY_UTILISATION
LOC-3a70d2e48686,"supply.refinery_utilisation.csv[638:{""country"": ""ZAF:natref"", ""period"": ""2035"", ""scenario"": ""high_demand""}]",REG-SUPPLY-REFINERY_UTILISATION,"""2035""",fraction,Vopak/Reatile xlsx (Production_High / Production_Low),2025-03-24,nigel.zhuwaki,,unreviewed,unassessed,2026,EXC-SUPPLY-REFINERY_UTILISATION
LOC-3e8825061b16,"supply.refinery_utilisation.csv[639:{""country"": ""ZAF:sasol"", ""period"": ""2035"", ""scenario"": ""high_demand""}]",REG-SUPPLY-REFINERY_UTILISATION,"""40743""",fraction,Vopak/Reatile xlsx (Production_High / Production_Low),2025-03-24,nigel.zhuwaki,,unreviewed,unassessed,2026,EXC-SUPPLY-REFINERY_UTILISATION
LOC-f1e24ab6704b,"supply.refinery_utilisation.csv[640:{""country"": ""ZAF:enref"", ""period"": ""2036"", ""scenario"": ""high_demand""}]",REG-SUPPLY-REFINERY_UTILISATION,"""0.2""",fraction,Vopak/Reatile xlsx (Production_High / Production_Low),2025-03-24,nigel.zhuwaki,,unreviewed,unassessed,2026,EXC-SUPPLY-REFINERY_UTILISATION
LOC-77844d685a07,"supply.refinery_utilisation.csv[641:{""country"": ""ZAF:natref"", ""period"": ""2036"", ""scenario"": ""high_demand""}]",REG-SUPPLY-REFINERY_UTILISATION,"""2036""",fraction,Vopak/Reatile xlsx (Production_High / Production_Low),2025-03-24,nigel.zhuwaki,,unreviewed,unassessed,2026,EXC-SUPPLY-REFINERY_UTILISATION
LOC-4284d4f74b9c,"supply.refinery_utilisation.csv[642:{""country"": ""ZAF:sasol"", ""period"": ""2036"", ""scenario"": ""high_demand""}]",REG-SUPPLY-REFINERY_UTILISATION,"""40743""",fraction,Vopak/Reatile xlsx (Production_High / Production_Low),2025-03-24,nigel.zhuwaki,,unreviewed,unassessed,2026,EXC-SUPPLY-REFINERY_UTILISATION
LOC-6e59f37c3767,"supply.refinery_utilisation.csv[643:{""country"": ""ZAF:enref"", ""period"": ""2037"", ""scenario"": ""high_demand""}]",REG-SUPPLY-REFINERY_UTILISATION,"""0.2""",fraction,Vopak/Reatile xlsx (Production_High / Production_Low),2025-03-24,nigel.zhuwaki,,unreviewed,unassessed,2026,EXC-SUPPLY-REFINERY_UTILISATION
LOC-fccd2e016693,"supply.refinery_utilisation.csv[644:{""country"": ""ZAF:natref"", ""period"": ""2037"", ""scenario"": ""high_demand""}]",REG-SUPPLY-REFINERY_UTILISATION,"""2037""",fraction,Vopak/Reatile xlsx (Production_High / Production_Low),2025-03-24,nigel.zhuwaki,,unreviewed,unassessed,2026,EXC-SUPPLY-REFINERY_UTILISATION
LOC-0573f3edee05,"supply.refinery_utilisation.csv[645:{""country"": ""ZAF:sasol"", ""period"": ""2037"", ""scenario"": ""high_demand""}]",REG-SUPPLY-REFINERY_UTILISATION,"""40743""",fraction,Vopak/Reatile xlsx (Production_High / Production_Low),2025-03-24,nigel.zhuwaki,,unreviewed,unassessed,2026,EXC-SUPPLY-REFINERY_UTILISATION
LOC-936cee00b5ca,"supply.refinery_utilisation.csv[646:{""country"": ""ZAF:enref"", ""period"": ""2038"", ""scenario"": ""high_demand""}]",REG-SUPPLY-REFINERY_UTILISATION,"""0.2""",fraction,Vopak/Reatile xlsx (Production_High / Production_Low),2025-03-24,nigel.zhuwaki,,unreviewed,unassessed,2026,EXC-SUPPLY-REFINERY_UTILISATION
LOC-41f2268fc040,"supply.refinery_utilisation.csv[647:{""country"": ""ZAF:natref"", ""period"": ""2038"", ""scenario"": ""high_demand""}]",REG-SUPPLY-REFINERY_UTILISATION,"""2038""",fraction,Vopak/Reatile xlsx (Production_High / Production_Low),2025-03-24,nigel.zhuwaki,,unreviewed,unassessed,2026,EXC-SUPPLY-REFINERY_UTILISATION
LOC-e5cbecc7c0c5,"supply.refinery_utilisation.csv[648:{""country"": ""ZAF:sasol"", ""period"": ""2038"", ""scenario"": ""high_demand""}]",REG-SUPPLY-REFINERY_UTILISATION,"""40743""",fraction,Vopak/Reatile xlsx (Production_High / Production_Low),2025-03-24,nigel.zhuwaki,,unreviewed,unassessed,2026,EXC-SUPPLY-REFINERY_UTILISATION
LOC-087d5eea8201,"supply.refinery_utilisation.csv[649:{""country"": ""ZAF:enref"", ""period"": ""2039"", ""scenario"": ""high_demand""}]",REG-SUPPLY-REFINERY_UTILISATION,"""0.2""",fraction,Vopak/Reatile xlsx (Production_High / Production_Low),2025-03-24,nigel.zhuwaki,,unreviewed,unassessed,2026,EXC-SUPPLY-REFINERY_UTILISATION
LOC-e1521006efcf,"supply.refinery_utilisation.csv[650:{""country"": ""ZAF:natref"", ""period"": ""2039"", ""scenario"": ""high_demand""}]",REG-SUPPLY-REFINERY_UTILISATION,"""2039""",fraction,Vopak/Reatile xlsx (Production_High / Production_Low),2025-03-24,nigel.zhuwaki,,unreviewed,unassessed,2026,EXC-SUPPLY-REFINERY_UTILISATION
LOC-c4f6054c1b51,"supply.refinery_utilisation.csv[651:{""country"": ""ZAF:sasol"", ""period"": ""2039"", ""scenario"": ""high_demand""}]",REG-SUPPLY-REFINERY_UTILISATION,"""40743""",fraction,Vopak/Reatile xlsx (Production_High / Production_Low),2025-03-24,nigel.zhuwaki,,unreviewed,unassessed,2026,EXC-SUPPLY-REFINERY_UTILISATION
LOC-6f7ce943278b,"supply.refinery_utilisation.csv[652:{""country"": ""ZAF:enref"", ""period"": ""2040"", ""scenario"": ""high_demand""}]",REG-SUPPLY-REFINERY_UTILISATION,"""0.2""",fraction,Vopak/Reatile xlsx (Production_High / Production_Low),2025-03-24,nigel.zhuwaki,,unreviewed,unassessed,2026,EXC-SUPPLY-REFINERY_UTILISATION
LOC-71b7fd7f3509,"supply.refinery_utilisation.csv[653:{""country"": ""ZAF:natref"", ""period"": ""2040"", ""scenario"": ""high_demand""}]",REG-SUPPLY-REFINERY_UTILISATION,"""2040""",fraction,Vopak/Reatile xlsx (Production_High / Production_Low),2025-03-24,nigel.zhuwaki,,unreviewed,unassessed,2026,EXC-SUPPLY-REFINERY_UTILISATION
LOC-91edc3a429c8,"supply.refinery_utilisation.csv[654:{""country"": ""ZAF:sasol"", ""period"": ""2040"", ""scenario"": ""high_demand""}]",REG-SUPPLY-REFINERY_UTILISATION,"""40743""",fraction,Vopak/Reatile xlsx (Production_High / Production_Low),2025-03-24,nigel.zhuwaki,,unreviewed,unassessed,2026,EXC-SUPPLY-REFINERY_UTILISATION
LOC-91f1dc839712,"supply.refinery_utilisation.csv[655:{""country"": ""ZAF:enref"", ""period"": ""2041"", ""scenario"": ""high_demand""}]",REG-SUPPLY-REFINERY_UTILISATION,"""0.7""",fraction,Vopak/Reatile xlsx (Production_High / Production_Low),2025-03-24,nigel.zhuwaki,,unreviewed,unassessed,2026,EXC-SUPPLY-REFINERY_UTILISATION
LOC-2041e236f34e,"supply.refinery_utilisation.csv[656:{""country"": ""ZAF:natref"", ""period"": ""2041"", ""scenario"": ""high_demand""}]",REG-SUPPLY-REFINERY_UTILISATION,"""2041""",fraction,Vopak/Reatile xlsx (Production_High / Production_Low),2025-03-24,nigel.zhuwaki,,unreviewed,unassessed,2026,EXC-SUPPLY-REFINERY_UTILISATION
LOC-fbf1f74c23d2,"supply.refinery_utilisation.csv[657:{""country"": ""ZAF:sasol"", ""period"": ""2041"", ""scenario"": ""high_demand""}]",REG-SUPPLY-REFINERY_UTILISATION,"""40743""",fraction,Vopak/Reatile xlsx (Production_High / Production_Low),2025-03-24,nigel.zhuwaki,,unreviewed,unassessed,2026,EXC-SUPPLY-REFINERY_UTILISATION
LOC-84df5fba0741,"supply.refinery_utilisation.csv[658:{""country"": ""ZAF:enref"", ""period"": ""2042"", ""scenario"": ""high_demand""}]",REG-SUPPLY-REFINERY_UTILISATION,"""0.7""",fraction,Vopak/Reatile xlsx (Production_High / Production_Low),2025-03-24,nigel.zhuwaki,,unreviewed,unassessed,2026,EXC-SUPPLY-REFINERY_UTILISATION
LOC-1764b53eb940,"supply.refinery_utilisation.csv[659:{""country"": ""ZAF:natref"", ""period"": ""2042"", ""scenario"": ""high_demand""}]",REG-SUPPLY-REFINERY_UTILISATION,"""2042""",fraction,Vopak/Reatile xlsx (Production_High / Production_Low),2025-03-24,nigel.zhuwaki,,unreviewed,unassessed,2026,EXC-SUPPLY-REFINERY_UTILISATION
LOC-b143f79ddb70,"supply.refinery_utilisation.csv[660:{""country"": ""ZAF:sasol"", ""period"": ""2042"", ""scenario"": ""high_demand""}]",REG-SUPPLY-REFINERY_UTILISATION,"""40743""",fraction,Vopak/Reatile xlsx (Production_High / Production_Low),2025-03-24,nigel.zhuwaki,,unreviewed,unassessed,2026,EXC-SUPPLY-REFINERY_UTILISATION
LOC-e101f074cbd8,"supply.refinery_utilisation.csv[661:{""country"": ""ZAF:enref"", ""period"": ""2043"", ""scenario"": ""high_demand""}]",REG-SUPPLY-REFINERY_UTILISATION,"""0.7""",fraction,Vopak/Reatile xlsx (Production_High / Production_Low),2025-03-24,nigel.zhuwaki,,unreviewed,unassessed,2026,EXC-SUPPLY-REFINERY_UTILISATION
LOC-225313e04672,"supply.refinery_utilisation.csv[662:{""country"": ""ZAF:natref"", ""period"": ""2043"", ""scenario"": ""high_demand""}]",REG-SUPPLY-REFINERY_UTILISATION,"""2043""",fraction,Vopak/Reatile xlsx (Production_High / Production_Low),2025-03-24,nigel.zhuwaki,,unreviewed,unassessed,2026,EXC-SUPPLY-REFINERY_UTILISATION
LOC-1a75c413e02a,"supply.refinery_utilisation.csv[663:{""country"": ""ZAF:sasol"", ""period"": ""2043"", ""scenario"": ""high_demand""}]",REG-SUPPLY-REFINERY_UTILISATION,"""40743""",fraction,Vopak/Reatile xlsx (Production_High / Production_Low),2025-03-24,nigel.zhuwaki,,unreviewed,unassessed,2026,EXC-SUPPLY-REFINERY_UTILISATION
LOC-cb51eb0a08c4,"supply.refinery_utilisation.csv[664:{""country"": ""ZAF:enref"", ""period"": ""2044"", ""scenario"": ""high_demand""}]",REG-SUPPLY-REFINERY_UTILISATION,"""0.7""",fraction,Vopak/Reatile xlsx (Production_High / Production_Low),2025-03-24,nigel.zhuwaki,,unreviewed,unassessed,2026,EXC-SUPPLY-REFINERY_UTILISATION
LOC-f234bf44e861,"supply.refinery_utilisation.csv[665:{""country"": ""ZAF:natref"", ""period"": ""2044"", ""scenario"": ""high_demand""}]",REG-SUPPLY-REFINERY_UTILISATION,"""2044""",fraction,Vopak/Reatile xlsx (Production_High / Production_Low),2025-03-24,nigel.zhuwaki,,unreviewed,unassessed,2026,EXC-SUPPLY-REFINERY_UTILISATION
LOC-a3bfa48e607d,"supply.refinery_utilisation.csv[666:{""country"": ""ZAF:sasol"", ""period"": ""2044"", ""scenario"": ""high_demand""}]",REG-SUPPLY-REFINERY_UTILISATION,"""40743""",fraction,Vopak/Reatile xlsx (Production_High / Production_Low),2025-03-24,nigel.zhuwaki,,unreviewed,unassessed,2026,EXC-SUPPLY-REFINERY_UTILISATION
LOC-56b8e961f07b,"supply.refinery_utilisation.csv[667:{""country"": ""ZAF:enref"", ""period"": ""2045"", ""scenario"": ""high_demand""}]",REG-SUPPLY-REFINERY_UTILISATION,"""0.7""",fraction,Vopak/Reatile xlsx (Production_High / Production_Low),2025-03-24,nigel.zhuwaki,,unreviewed,unassessed,2026,EXC-SUPPLY-REFINERY_UTILISATION
LOC-ebfa298e246f,"supply.refinery_utilisation.csv[668:{""country"": ""ZAF:natref"", ""period"": ""2045"", ""scenario"": ""high_demand""}]",REG-SUPPLY-REFINERY_UTILISATION,"""2045""",fraction,Vopak/Reatile xlsx (Production_High / Production_Low),2025-03-24,nigel.zhuwaki,,unreviewed,unassessed,2026,EXC-SUPPLY-REFINERY_UTILISATION
LOC-181563e1cbf9,"supply.refinery_utilisation.csv[669:{""country"": ""ZAF:sasol"", ""period"": ""2045"", ""scenario"": ""high_demand""}]",REG-SUPPLY-REFINERY_UTILISATION,"""40743""",fraction,Vopak/Reatile xlsx (Production_High / Production_Low),2025-03-24,nigel.zhuwaki,,unreviewed,unassessed,2026,EXC-SUPPLY-REFINERY_UTILISATION
LOC-02a7fb2c6d27,"supply.refinery_utilisation.csv[670:{""country"": ""ZAF:enref"", ""period"": ""2046"", ""scenario"": ""high_demand""}]",REG-SUPPLY-REFINERY_UTILISATION,"""0.7""",fraction,Vopak/Reatile xlsx (Production_High / Production_Low),2025-03-24,nigel.zhuwaki,,unreviewed,unassessed,2026,EXC-SUPPLY-REFINERY_UTILISATION
LOC-1261fd1577ac,"supply.refinery_utilisation.csv[671:{""country"": ""ZAF:natref"", ""period"": ""2046"", ""scenario"": ""high_demand""}]",REG-SUPPLY-REFINERY_UTILISATION,"""2046""",fraction,Vopak/Reatile xlsx (Production_High / Production_Low),2025-03-24,nigel.zhuwaki,,unreviewed,unassessed,2026,EXC-SUPPLY-REFINERY_UTILISATION
LOC-2f614c9835f0,"supply.refinery_utilisation.csv[672:{""country"": ""ZAF:sasol"", ""period"": ""2046"", ""scenario"": ""high_demand""}]",REG-SUPPLY-REFINERY_UTILISATION,"""40743""",fraction,Vopak/Reatile xlsx (Production_High / Production_Low),2025-03-24,nigel.zhuwaki,,unreviewed,unassessed,2026,EXC-SUPPLY-REFINERY_UTILISATION
LOC-1ca85799c124,"supply.refinery_utilisation.csv[673:{""country"": ""ZAF:enref"", ""period"": ""2047"", ""scenario"": ""high_demand""}]",REG-SUPPLY-REFINERY_UTILISATION,"""0.7""",fraction,Vopak/Reatile xlsx (Production_High / Production_Low),2025-03-24,nigel.zhuwaki,,unreviewed,unassessed,2026,EXC-SUPPLY-REFINERY_UTILISATION
LOC-54fbe7e3efb9,"supply.refinery_utilisation.csv[674:{""country"": ""ZAF:natref"", ""period"": ""2047"", ""scenario"": ""high_demand""}]",REG-SUPPLY-REFINERY_UTILISATION,"""2047""",fraction,Vopak/Reatile xlsx (Production_High / Production_Low),2025-03-24,nigel.zhuwaki,,unreviewed,unassessed,2026,EXC-SUPPLY-REFINERY_UTILISATION
LOC-ddbbe48595a2,"supply.refinery_utilisation.csv[675:{""country"": ""ZAF:sasol"", ""period"": ""2047"", ""scenario"": ""high_demand""}]",REG-SUPPLY-REFINERY_UTILISATION,"""40743""",fraction,Vopak/Reatile xlsx (Production_High / Production_Low),2025-03-24,nigel.zhuwaki,,unreviewed,unassessed,2026,EXC-SUPPLY-REFINERY_UTILISATION
LOC-cda88a71a30e,"supply.refinery_utilisation.csv[676:{""country"": ""ZAF:enref"", ""period"": ""2048"", ""scenario"": ""high_demand""}]",REG-SUPPLY-REFINERY_UTILISATION,"""0.7""",fraction,Vopak/Reatile xlsx (Production_High / Production_Low),2025-03-24,nigel.zhuwaki,,unreviewed,unassessed,2026,EXC-SUPPLY-REFINERY_UTILISATION
LOC-958449a75fbe,"supply.refinery_utilisation.csv[677:{""country"": ""ZAF:natref"", ""period"": ""2048"", ""scenario"": ""high_demand""}]",REG-SUPPLY-REFINERY_UTILISATION,"""2048""",fraction,Vopak/Reatile xlsx (Production_High / Production_Low),2025-03-24,nigel.zhuwaki,,unreviewed,unassessed,2026,EXC-SUPPLY-REFINERY_UTILISATION
LOC-f8576d85d0dc,"supply.refinery_utilisation.csv[678:{""country"": ""ZAF:sasol"", ""period"": ""2048"", ""scenario"": ""high_demand""}]",REG-SUPPLY-REFINERY_UTILISATION,"""40743""",fraction,Vopak/Reatile xlsx (Production_High / Production_Low),2025-03-24,nigel.zhuwaki,,unreviewed,unassessed,2026,EXC-SUPPLY-REFINERY_UTILISATION
LOC-6eee783facc1,"supply.refinery_utilisation.csv[679:{""country"": ""ZAF:enref"", ""period"": ""2049"", ""scenario"": ""high_demand""}]",REG-SUPPLY-REFINERY_UTILISATION,"""0.7""",fraction,Vopak/Reatile xlsx (Production_High / Production_Low),2025-03-24,nigel.zhuwaki,,unreviewed,unassessed,2026,EXC-SUPPLY-REFINERY_UTILISATION
LOC-987a22ac355a,"supply.refinery_utilisation.csv[680:{""country"": ""ZAF:natref"", ""period"": ""2049"", ""scenario"": ""high_demand""}]",REG-SUPPLY-REFINERY_UTILISATION,"""2049""",fraction,Vopak/Reatile xlsx (Production_High / Production_Low),2025-03-24,nigel.zhuwaki,,unreviewed,unassessed,2026,EXC-SUPPLY-REFINERY_UTILISATION
LOC-7aee8803a16e,"supply.refinery_utilisation.csv[681:{""country"": ""ZAF:sasol"", ""period"": ""2049"", ""scenario"": ""high_demand""}]",REG-SUPPLY-REFINERY_UTILISATION,"""40743""",fraction,Vopak/Reatile xlsx (Production_High / Production_Low),2025-03-24,nigel.zhuwaki,,unreviewed,unassessed,2026,EXC-SUPPLY-REFINERY_UTILISATION
LOC-f9d99c48a8c0,"supply.refinery_utilisation.csv[682:{""country"": ""ZAF:enref"", ""period"": ""2050"", ""scenario"": ""high_demand""}]",REG-SUPPLY-REFINERY_UTILISATION,"""0.7""",fraction,Vopak/Reatile xlsx (Production_High / Production_Low),2025-03-24,nigel.zhuwaki,,unreviewed,unassessed,2026,EXC-SUPPLY-REFINERY_UTILISATION
LOC-ca8d888586c6,"supply.refinery_utilisation.csv[683:{""country"": ""ZAF:natref"", ""period"": ""2050"", ""scenario"": ""high_demand""}]",REG-SUPPLY-REFINERY_UTILISATION,"""2050""",fraction,Vopak/Reatile xlsx (Production_High / Production_Low),2025-03-24,nigel.zhuwaki,,unreviewed,unassessed,2026,EXC-SUPPLY-REFINERY_UTILISATION
LOC-a5e1825401db,"supply.refinery_utilisation.csv[684:{""country"": ""ZAF:sasol"", ""period"": ""2050"", ""scenario"": ""high_demand""}]",REG-SUPPLY-REFINERY_UTILISATION,"""40743""",fraction,Vopak/Reatile xlsx (Production_High / Production_Low),2025-03-24,nigel.zhuwaki,,unreviewed,unassessed,2026,EXC-SUPPLY-REFINERY_UTILISATION
LOC-5bf113b66aea,"supply.refinery_utilisation.csv[685:{""country"": ""ZAF:enref"", ""period"": ""2008"", ""scenario"": ""high_demand""}]",REG-SUPPLY-REFINERY_UTILISATION,"""725799000""",fraction,Vopak/Reatile xlsx (Production_High / Production_Low),2025-03-24,nigel.zhuwaki,,unreviewed,unassessed,2026,EXC-SUPPLY-REFINERY_UTILISATION
LOC-c7e9a35f2482,"supply.refinery_utilisation.csv[686:{""country"": ""ZAF:sapref"", ""period"": ""2008"", ""scenario"": ""high_demand""}]",REG-SUPPLY-REFINERY_UTILISATION,"""545824000""",fraction,Vopak/Reatile xlsx (Production_High / Production_Low),2025-03-24,nigel.zhuwaki,,unreviewed,unassessed,2026,EXC-SUPPLY-REFINERY_UTILISATION
LOC-1b8bfa68a695,"supply.refinery_utilisation.csv[687:{""country"": ""ZAF:enref"", ""period"": ""2009"", ""scenario"": ""high_demand""}]",REG-SUPPLY-REFINERY_UTILISATION,"""666873000""",fraction,Vopak/Reatile xlsx (Production_High / Production_Low),2025-03-24,nigel.zhuwaki,,unreviewed,unassessed,2026,EXC-SUPPLY-REFINERY_UTILISATION
LOC-6d05bb8450d9,"supply.refinery_utilisation.csv[688:{""country"": ""ZAF:sapref"", ""period"": ""2009"", ""scenario"": ""high_demand""}]",REG-SUPPLY-REFINERY_UTILISATION,"""486528000""",fraction,Vopak/Reatile xlsx (Production_High / Production_Low),2025-03-24,nigel.zhuwaki,,unreviewed,unassessed,2026,EXC-SUPPLY-REFINERY_UTILISATION
LOC-6a1175f6b92a,"supply.refinery_utilisation.csv[689:{""country"": ""ZAF:enref"", ""period"": ""2010"", ""scenario"": ""high_demand""}]",REG-SUPPLY-REFINERY_UTILISATION,"""698802000""",fraction,Vopak/Reatile xlsx (Production_High / Production_Low),2025-03-24,nigel.zhuwaki,,unreviewed,unassessed,2026,EXC-SUPPLY-REFINERY_UTILISATION
LOC-c25fbbcfec66,"supply.refinery_utilisation.csv[690:{""country"": ""ZAF:sapref"", ""period"": ""2010"", ""scenario"": ""high_demand""}]",REG-SUPPLY-REFINERY_UTILISATION,"""516022000""",fraction,Vopak/Reatile xlsx (Production_High / Production_Low),2025-03-24,nigel.zhuwaki,,unreviewed,unassessed,2026,EXC-SUPPLY-REFINERY_UTILISATION
LOC-c211323a226a,"supply.refinery_utilisation.csv[691:{""country"": ""ZAF:enref"", ""period"": ""2011"", ""scenario"": ""high_demand""}]",REG-SUPPLY-REFINERY_UTILISATION,"""754153000""",fraction,Vopak/Reatile xlsx (Production_High / Production_Low),2025-03-24,nigel.zhuwaki,,unreviewed,unassessed,2026,EXC-SUPPLY-REFINERY_UTILISATION
LOC-ccee227d2809,"supply.refinery_utilisation.csv[692:{""country"": ""ZAF:sapref"", ""period"": ""2011"", ""scenario"": ""high_demand""}]",REG-SUPPLY-REFINERY_UTILISATION,"""558637000""",fraction,Vopak/Reatile xlsx (Production_High / Production_Low),2025-03-24,nigel.zhuwaki,,unreviewed,unassessed,2026,EXC-SUPPLY-REFINERY_UTILISATION
LOC-e61b6f84563e,"supply.refinery_utilisation.csv[693:{""country"": ""ZAF:enref"", ""period"": ""2012"", ""scenario"": ""high_demand""}]",REG-SUPPLY-REFINERY_UTILISATION,"""766291000""",fraction,Vopak/Reatile xlsx (Production_High / Production_Low),2025-03-24,nigel.zhuwaki,,unreviewed,unassessed,2026,EXC-SUPPLY-REFINERY_UTILISATION
LOC-ec4745e26f02,"supply.refinery_utilisation.csv[694:{""country"": ""ZAF:sapref"", ""period"": ""2012"", ""scenario"": ""high_demand""}]",REG-SUPPLY-REFINERY_UTILISATION,"""559027000""",fraction,Vopak/Reatile xlsx (Production_High / Production_Low),2025-03-24,nigel.zhuwaki,,unreviewed,unassessed,2026,EXC-SUPPLY-REFINERY_UTILISATION
LOC-c8a5e5776187,"supply.refinery_utilisation.csv[695:{""country"": ""ZAF:enref"", ""period"": ""2013"", ""scenario"": ""high_demand""}]",REG-SUPPLY-REFINERY_UTILISATION,"""781418000""",fraction,Vopak/Reatile xlsx (Production_High / Production_Low),2025-03-24,nigel.zhuwaki,,unreviewed,unassessed,2026,EXC-SUPPLY-REFINERY_UTILISATION
LOC-f12de6588205,"supply.refinery_utilisation.csv[696:{""country"": ""ZAF:sapref"", ""period"": ""2013"", ""scenario"": ""high_demand""}]",REG-SUPPLY-REFINERY_UTILISATION,"""568128000""",fraction,Vopak/Reatile xlsx (Production_High / Production_Low),2025-03-24,nigel.zhuwaki,,unreviewed,unassessed,2026,EXC-SUPPLY-REFINERY_UTILISATION
LOC-36ce34f55c4c,"supply.refinery_utilisation.csv[697:{""country"": ""ZAF:enref"", ""period"": ""2014"", ""scenario"": ""high_demand""}]",REG-SUPPLY-REFINERY_UTILISATION,"""830645000""",fraction,Vopak/Reatile xlsx (Production_High / Production_Low),2025-03-24,nigel.zhuwaki,,unreviewed,unassessed,2026,EXC-SUPPLY-REFINERY_UTILISATION
LOC-b65d7f5c3179,"supply.refinery_utilisation.csv[698:{""country"": ""ZAF:sapref"", ""period"": ""2014"", ""scenario"": ""high_demand""}]",REG-SUPPLY-REFINERY_UTILISATION,"""608701000""",fraction,Vopak/Reatile xlsx (Production_High / Production_Low),2025-03-24,nigel.zhuwaki,,unreviewed,unassessed,2026,EXC-SUPPLY-REFINERY_UTILISATION
LOC-57c3f4580f18,"supply.refinery_utilisation.csv[699:{""country"": ""ZAF:enref"", ""period"": ""2015"", ""scenario"": ""high_demand""}]",REG-SUPPLY-REFINERY_UTILISATION,"""805722000""",fraction,Vopak/Reatile xlsx (Production_High / Production_Low),2025-03-24,nigel.zhuwaki,,unreviewed,unassessed,2026,EXC-SUPPLY-REFINERY_UTILISATION
LOC-1e0065b121cc,"supply.refinery_utilisation.csv[700:{""country"": ""ZAF:sapref"", ""period"": ""2015"", ""scenario"": ""high_demand""}]",REG-SUPPLY-REFINERY_UTILISATION,"""584740000""",fraction,Vopak/Reatile xlsx (Production_High / Production_Low),2025-03-24,nigel.zhuwaki,,unreviewed,unassessed,2026,EXC-SUPPLY-REFINERY_UTILISATION
LOC-73a5e5fd3a90,"supply.refinery_utilisation.csv[701:{""country"": ""ZAF:enref"", ""period"": ""2016"", ""scenario"": ""high_demand""}]",REG-SUPPLY-REFINERY_UTILISATION,"""823300000""",fraction,Vopak/Reatile xlsx (Production_High / Production_Low),2025-03-24,nigel.zhuwaki,,unreviewed,unassessed,2026,EXC-SUPPLY-REFINERY_UTILISATION
LOC-46decfddbf52,"supply.refinery_utilisation.csv[702:{""country"": ""ZAF:sapref"", ""period"": ""2016"", ""scenario"": ""high_demand""}]",REG-SUPPLY-REFINERY_UTILISATION,"""606365000""",fraction,Vopak/Reatile xlsx (Production_High / Production_Low),2025-03-24,nigel.zhuwaki,,unreviewed,unassessed,2026,EXC-SUPPLY-REFINERY_UTILISATION
LOC-4da315eb0b7b,"supply.refinery_utilisation.csv[703:{""country"": ""ZAF:enref"", ""period"": ""2017"", ""scenario"": ""high_demand""}]",REG-SUPPLY-REFINERY_UTILISATION,"""895150000""",fraction,Vopak/Reatile xlsx (Production_High / Production_Low),2025-03-24,nigel.zhuwaki,,unreviewed,unassessed,2026,EXC-SUPPLY-REFINERY_UTILISATION
LOC-f0c522fecf46,"supply.refinery_utilisation.csv[704:{""country"": ""ZAF:sapref"", ""period"": ""2017"", ""scenario"": ""high_demand""}]",REG-SUPPLY-REFINERY_UTILISATION,"""667908000""",fraction,Vopak/Reatile xlsx (Production_High / Production_Low),2025-03-24,nigel.zhuwaki,,unreviewed,unassessed,2026,EXC-SUPPLY-REFINERY_UTILISATION
LOC-fc4b212eec31,"supply.refinery_utilisation.csv[705:{""country"": ""ZAF:enref"", ""period"": ""2018"", ""scenario"": ""high_demand""}]",REG-SUPPLY-REFINERY_UTILISATION,"""946454000""",fraction,Vopak/Reatile xlsx (Production_High / Production_Low),2025-03-24,nigel.zhuwaki,,unreviewed,unassessed,2026,EXC-SUPPLY-REFINERY_UTILISATION
LOC-b4694f650b3f,"supply.refinery_utilisation.csv[706:{""country"": ""ZAF:sapref"", ""period"": ""2018"", ""scenario"": ""high_demand""}]",REG-SUPPLY-REFINERY_UTILISATION,"""727979000""",fraction,Vopak/Reatile xlsx (Production_High / Production_Low),2025-03-24,nigel.zhuwaki,,unreviewed,unassessed,2026,EXC-SUPPLY-REFINERY_UTILISATION
LOC-0b58409a33b7,"supply.refinery_utilisation.csv[707:{""country"": ""ZAF:enref"", ""period"": ""2019"", ""scenario"": ""high_demand""}]",REG-SUPPLY-REFINERY_UTILISATION,"""923684000""",fraction,Vopak/Reatile xlsx (Production_High / Production_Low),2025-03-24,nigel.zhuwaki,,unreviewed,unassessed,2026,EXC-SUPPLY-REFINERY_UTILISATION
LOC-3010721afc07,"supply.refinery_utilisation.csv[708:{""country"": ""ZAF:sapref"", ""period"": ""2019"", ""scenario"": ""high_demand""}]",REG-SUPPLY-REFINERY_UTILISATION,"""707740000""",fraction,Vopak/Reatile xlsx (Production_High / Production_Low),2025-03-24,nigel.zhuwaki,,unreviewed,unassessed,2026,EXC-SUPPLY-REFINERY_UTILISATION
LOC-ff4e36d13798,"supply.refinery_utilisation.csv[709:{""country"": ""ZAF:enref"", ""period"": ""2020"", ""scenario"": ""high_demand""}]",REG-SUPPLY-REFINERY_UTILISATION,"""815622000""",fraction,Vopak/Reatile xlsx (Production_High / Production_Low),2025-03-24,nigel.zhuwaki,,unreviewed,unassessed,2026,EXC-SUPPLY-REFINERY_UTILISATION
LOC-95e7b25b935d,"supply.refinery_utilisation.csv[710:{""country"": ""ZAF:sapref"", ""period"": ""2020"", ""scenario"": ""high_demand""}]",REG-SUPPLY-REFINERY_UTILISATION,"""623654000""",fraction,Vopak/Reatile xlsx (Production_High / Production_Low),2025-03-24,nigel.zhuwaki,,unreviewed,unassessed,2026,EXC-SUPPLY-REFINERY_UTILISATION
LOC-11833567675c,"supply.refinery_utilisation.csv[711:{""country"": ""ZAF:enref"", ""period"": ""2021"", ""scenario"": ""high_demand""}]",REG-SUPPLY-REFINERY_UTILISATION,"""852442000""",fraction,Vopak/Reatile xlsx (Production_High / Production_Low),2025-03-24,nigel.zhuwaki,,unreviewed,unassessed,2026,EXC-SUPPLY-REFINERY_UTILISATION
LOC-2209585b8cbf,"supply.refinery_utilisation.csv[712:{""country"": ""ZAF:sapref"", ""period"": ""2021"", ""scenario"": ""high_demand""}]",REG-SUPPLY-REFINERY_UTILISATION,"""674535000""",fraction,Vopak/Reatile xlsx (Production_High / Production_Low),2025-03-24,nigel.zhuwaki,,unreviewed,unassessed,2026,EXC-SUPPLY-REFINERY_UTILISATION
LOC-f41d6e7d76c2,"supply.refinery_utilisation.csv[713:{""country"": ""ZAF:enref"", ""period"": ""2022"", ""scenario"": ""high_demand""}]",REG-SUPPLY-REFINERY_UTILISATION,"""993897000""",fraction,Vopak/Reatile xlsx (Production_High / Production_Low),2025-03-24,nigel.zhuwaki,,unreviewed,unassessed,2026,EXC-SUPPLY-REFINERY_UTILISATION
LOC-e3f96d8843cc,"supply.refinery_utilisation.csv[714:{""country"": ""ZAF:sapref"", ""period"": ""2022"", ""scenario"": ""high_demand""}]",REG-SUPPLY-REFINERY_UTILISATION,"""839218000""",fraction,Vopak/Reatile xlsx (Production_High / Production_Low),2025-03-24,nigel.zhuwaki,,unreviewed,unassessed,2026,EXC-SUPPLY-REFINERY_UTILISATION
LOC-188be527991a,"supply.refinery_utilisation.csv[715:{""country"": ""ZAF:enref"", ""period"": ""2023"", ""scenario"": ""high_demand""}]",REG-SUPPLY-REFINERY_UTILISATION,"""989792000""",fraction,Vopak/Reatile xlsx (Production_High / Production_Low),2025-03-24,nigel.zhuwaki,,unreviewed,unassessed,2026,EXC-SUPPLY-REFINERY_UTILISATION
LOC-c16294619934,"supply.refinery_utilisation.csv[716:{""country"": ""ZAF:sapref"", ""period"": ""2023"", ""scenario"": ""high_demand""}]",REG-SUPPLY-REFINERY_UTILISATION,"""837112000""",fraction,Vopak/Reatile xlsx (Production_High / Production_Low),2025-03-24,nigel.zhuwaki,,unreviewed,unassessed,2026,EXC-SUPPLY-REFINERY_UTILISATION
LOC-7cc78033e834,"supply.refinery_utilisation.csv[717:{""country"": ""ZAF:enref"", ""period"": ""2024"", ""scenario"": ""high_demand""}]",REG-SUPPLY-REFINERY_UTILISATION,"""1141616000""",fraction,Vopak/Reatile xlsx (Production_High / Production_Low),2025-03-24,nigel.zhuwaki,,unreviewed,unassessed,2026,EXC-SUPPLY-REFINERY_UTILISATION
LOC-120a8e50ceb5,"supply.refinery_utilisation.csv[718:{""country"": ""ZAF:sapref"", ""period"": ""2024"", ""scenario"": ""high_demand""}]",REG-SUPPLY-REFINERY_UTILISATION,"""980518000""",fraction,Vopak/Reatile xlsx (Production_High / Production_Low),2025-03-24,nigel.zhuwaki,,unreviewed,unassessed,2026,EXC-SUPPLY-REFINERY_UTILISATION
LOC-c5a3c1d866e7,"supply.refinery_utilisation.csv[719:{""country"": ""ZAF:enref"", ""period"": ""2025"", ""scenario"": ""high_demand""}]",REG-SUPPLY-REFINERY_UTILISATION,"""1136000282.275164""",fraction,Vopak/Reatile xlsx (Production_High / Production_Low),2025-03-24,nigel.zhuwaki,,unreviewed,unassessed,2026,EXC-SUPPLY-REFINERY_UTILISATION
LOC-40c0ed777913,"supply.refinery_utilisation.csv[720:{""country"": ""ZAF:sapref"", ""period"": ""2025"", ""scenario"": ""high_demand""}]",REG-SUPPLY-REFINERY_UTILISATION,"""970558422.9711272""",fraction,Vopak/Reatile xlsx (Production_High / Production_Low),2025-03-24,nigel.zhuwaki,,unreviewed,unassessed,2026,EXC-SUPPLY-REFINERY_UTILISATION
LOC-63394c89fa64,"supply.refinery_utilisation.csv[721:{""country"": ""ZAF:enref"", ""period"": ""2008"", ""scenario"": ""high_demand""}]",REG-SUPPLY-REFINERY_UTILISATION,"""8.89333333333333""",fraction,Vopak/Reatile xlsx (Production_High / Production_Low),2025-03-24,nigel.zhuwaki,,unreviewed,unassessed,2026,EXC-SUPPLY-REFINERY_UTILISATION
LOC-5178cf52317e,"supply.refinery_utilisation.csv[722:{""country"": ""ZAF:sapref"", ""period"": ""2008"", ""scenario"": ""high_demand""}]",REG-SUPPLY-REFINERY_UTILISATION,"""0.64839110099925""",fraction,Vopak/Reatile xlsx (Production_High / Production_Low),2025-03-24,nigel.zhuwaki,,unreviewed,unassessed,2026,EXC-SUPPLY-REFINERY_UTILISATION
LOC-f95cd5c9c25c,"supply.refinery_utilisation.csv[723:{""country"": ""ZAF:natref"", ""period"": ""2008"", ""scenario"": ""high_demand""}]",REG-SUPPLY-REFINERY_UTILISATION,"""13.716001529983394""",fraction,Vopak/Reatile xlsx (Production_High / Production_Low),2025-03-24,nigel.zhuwaki,,unreviewed,unassessed,2026,EXC-SUPPLY-REFINERY_UTILISATION
LOC-55d75a0c9927,"supply.refinery_utilisation.csv[724:{""country"": ""ZAF:enref"", ""period"": ""2009"", ""scenario"": ""high_demand""}]",REG-SUPPLY-REFINERY_UTILISATION,"""7.2799999999999985""",fraction,Vopak/Reatile xlsx (Production_High / Production_Low),2025-03-24,nigel.zhuwaki,,unreviewed,unassessed,2026,EXC-SUPPLY-REFINERY_UTILISATION
LOC-a2d39a98a40f,"supply.refinery_utilisation.csv[725:{""country"": ""ZAF:sapref"", ""period"": ""2009"", ""scenario"": ""high_demand""}]",REG-SUPPLY-REFINERY_UTILISATION,"""0.7196233473550281""",fraction,Vopak/Reatile xlsx (Production_High / Production_Low),2025-03-24,nigel.zhuwaki,,unreviewed,unassessed,2026,EXC-SUPPLY-REFINERY_UTILISATION
LOC-ca58e9c54de6,"supply.refinery_utilisation.csv[726:{""country"": ""ZAF:natref"", ""period"": ""2009"", ""scenario"": ""high_demand""}]",REG-SUPPLY-REFINERY_UTILISATION,"""10.11640329174644""",fraction,Vopak/Reatile xlsx (Production_High / Production_Low),2025-03-24,nigel.zhuwaki,,unreviewed,unassessed,2026,EXC-SUPPLY-REFINERY_UTILISATION
LOC-0074595a9dc5,"supply.refinery_utilisation.csv[727:{""country"": ""ZAF:enref"", ""period"": ""2010"", ""scenario"": ""high_demand""}]",REG-SUPPLY-REFINERY_UTILISATION,"""8.147499999999999""",fraction,Vopak/Reatile xlsx (Production_High / Production_Low),2025-03-24,nigel.zhuwaki,,unreviewed,unassessed,2026,EXC-SUPPLY-REFINERY_UTILISATION
LOC-82d579db7649,"supply.refinery_utilisation.csv[728:{""country"": ""ZAF:sapref"", ""period"": ""2010"", ""scenario"": ""high_demand""}]",REG-SUPPLY-REFINERY_UTILISATION,"""0.7708677259201796""",fraction,Vopak/Reatile xlsx (Production_High / Production_Low),2025-03-24,nigel.zhuwaki,,unreviewed,unassessed,2026,EXC-SUPPLY-REFINERY_UTILISATION
LOC-41f1fb813ed7,"supply.refinery_utilisation.csv[729:{""country"": ""ZAF:natref"", ""period"": ""2010"", ""scenario"": ""high_demand""}]",REG-SUPPLY-REFINERY_UTILISATION,"""10.569258156805544""",fraction,Vopak/Reatile xlsx (Production_High / Production_Low),2025-03-24,nigel.zhuwaki,,unreviewed,unassessed,2026,EXC-SUPPLY-REFINERY_UTILISATION
LOC-db57e3fe9687,"supply.refinery_utilisation.csv[730:{""country"": ""ZAF:enref"", ""period"": ""2011"", ""scenario"": ""high_demand""}]",REG-SUPPLY-REFINERY_UTILISATION,"""9.861666666666668""",fraction,Vopak/Reatile xlsx (Production_High / Production_Low),2025-03-24,nigel.zhuwaki,,unreviewed,unassessed,2026,EXC-SUPPLY-REFINERY_UTILISATION
LOC-4b657c63c36b,"supply.refinery_utilisation.csv[731:{""country"": ""ZAF:sapref"", ""period"": ""2011"", ""scenario"": ""high_demand""}]",REG-SUPPLY-REFINERY_UTILISATION,"""0.8037375257534161""",fraction,Vopak/Reatile xlsx (Production_High / Production_Low),2025-03-24,nigel.zhuwaki,,unreviewed,unassessed,2026,EXC-SUPPLY-REFINERY_UTILISATION
LOC-8aa439429c42,"supply.refinery_utilisation.csv[732:{""country"": ""ZAF:natref"", ""period"": ""2011"", ""scenario"": ""high_demand""}]",REG-SUPPLY-REFINERY_UTILISATION,"""12.269760152634946""",fraction,Vopak/Reatile xlsx (Production_High / Production_Low),2025-03-24,nigel.zhuwaki,,unreviewed,unassessed,2026,EXC-SUPPLY-REFINERY_UTILISATION
LOC-34bf26e94d2e,"supply.refinery_utilisation.csv[733:{""country"": ""ZAF:enref"", ""period"": ""2012"", ""scenario"": ""high_demand""}]",REG-SUPPLY-REFINERY_UTILISATION,"""11.434166666666664""",fraction,Vopak/Reatile xlsx (Production_High / Production_Low),2025-03-24,nigel.zhuwaki,,unreviewed,unassessed,2026,EXC-SUPPLY-REFINERY_UTILISATION
LOC-b8e90c55991d,"supply.refinery_utilisation.csv[734:{""country"": ""ZAF:sapref"", ""period"": ""2012"", ""scenario"": ""high_demand""}]",REG-SUPPLY-REFINERY_UTILISATION,"""0.8438038414122238""",fraction,Vopak/Reatile xlsx (Production_High / Production_Low),2025-03-24,nigel.zhuwaki,,unreviewed,unassessed,2026,EXC-SUPPLY-REFINERY_UTILISATION
LOC-8b03ae981eb5,"supply.refinery_utilisation.csv[735:{""country"": ""ZAF:natref"", ""period"": ""2012"", ""scenario"": ""high_demand""}]",REG-SUPPLY-REFINERY_UTILISATION,"""13.550740237837728""",fraction,Vopak/Reatile xlsx (Production_High / Production_Low),2025-03-24,nigel.zhuwaki,,unreviewed,unassessed,2026,EXC-SUPPLY-REFINERY_UTILISATION
LOC-7a3d3d703f46,"supply.refinery_utilisation.csv[736:{""country"": ""ZAF:enref"", ""period"": ""2013"", ""scenario"": ""high_demand""}]",REG-SUPPLY-REFINERY_UTILISATION,"""12.739166666666664""",fraction,Vopak/Reatile xlsx (Production_High / Production_Low),2025-03-24,nigel.zhuwaki,,unreviewed,unassessed,2026,EXC-SUPPLY-REFINERY_UTILISATION
LOC-a78ca0409b51,"supply.refinery_utilisation.csv[737:{""country"": ""ZAF:sapref"", ""period"": ""2013"", ""scenario"": ""high_demand""}]",REG-SUPPLY-REFINERY_UTILISATION,"""0.8912593694532472""",fraction,Vopak/Reatile xlsx (Production_High / Production_Low),2025-03-24,nigel.zhuwaki,,unreviewed,unassessed,2026,EXC-SUPPLY-REFINERY_UTILISATION
LOC-b496f7ebfd16,"supply.refinery_utilisation.csv[738:{""country"": ""ZAF:natref"", ""period"": ""2013"", ""scenario"": ""high_demand""}]",REG-SUPPLY-REFINERY_UTILISATION,"""14.293444875066665""",fraction,Vopak/Reatile xlsx (Production_High / Production_Low),2025-03-24,nigel.zhuwaki,,unreviewed,unassessed,2026,EXC-SUPPLY-REFINERY_UTILISATION
LOC-a70733727684,"supply.refinery_utilisation.csv[739:{""country"": ""ZAF:enref"", ""period"": ""2014"", ""scenario"": ""high_demand""}]",REG-SUPPLY-REFINERY_UTILISATION,"""13.695833333333335""",fraction,Vopak/Reatile xlsx (Production_High / Production_Low),2025-03-24,nigel.zhuwaki,,unreviewed,unassessed,2026,EXC-SUPPLY-REFINERY_UTILISATION
LOC-384556393297,"supply.refinery_utilisation.csv[740:{""country"": ""ZAF:sapref"", ""period"": ""2014"", ""scenario"": ""high_demand""}]",REG-SUPPLY-REFINERY_UTILISATION,"""0.9425959091337544""",fraction,Vopak/Reatile xlsx (Production_High / Production_Low),2025-03-24,nigel.zhuwaki,,unreviewed,unassessed,2026,EXC-SUPPLY-REFINERY_UTILISATION
LOC-84c893949e5a,"supply.refinery_utilisation.csv[741:{""country"": ""ZAF:natref"", ""period"": ""2014"", ""scenario"": ""high_demand""}]",REG-SUPPLY-REFINERY_UTILISATION,"""14.529909583333335""",fraction,Vopak/Reatile xlsx (Production_High / Production_Low),2025-03-24,nigel.zhuwaki,,unreviewed,unassessed,2026,EXC-SUPPLY-REFINERY_UTILISATION
LOC-8651679b196e,"supply.refinery_utilisation.csv[742:{""country"": ""ZAF:enref"", ""period"": ""2015"", ""scenario"": ""high_demand""}]",REG-SUPPLY-REFINERY_UTILISATION,"""12.244166666666667""",fraction,Vopak/Reatile xlsx (Production_High / Production_Low),2025-03-24,nigel.zhuwaki,,unreviewed,unassessed,2026,EXC-SUPPLY-REFINERY_UTILISATION
LOC-c562d4a41699,"supply.refinery_utilisation.csv[743:{""country"": ""ZAF:sapref"", ""period"": ""2015"", ""scenario"": ""high_demand""}]",REG-SUPPLY-REFINERY_UTILISATION,"""1""",fraction,Vopak/Reatile xlsx (Production_High / Production_Low),2025-03-24,nigel.zhuwaki,,unreviewed,unassessed,2026,EXC-SUPPLY-REFINERY_UTILISATION
LOC-51a0a3b5bd6d,"supply.refinery_utilisation.csv[744:{""country"": ""ZAF:natref"", ""period"": ""2015"", ""scenario"": ""high_demand""}]",REG-SUPPLY-REFINERY_UTILISATION,"""12.244166666666667""",fraction,Vopak/Reatile xlsx (Production_High / Production_Low),2025-03-24,nigel.zhuwaki,,unreviewed,unassessed,2026,EXC-SUPPLY-REFINERY_UTILISATION
LOC-6b84a182ef4c,"supply.refinery_utilisation.csv[745:{""country"": ""ZAF:enref"", ""period"": ""2016"", ""scenario"": ""high_demand""}]",REG-SUPPLY-REFINERY_UTILISATION,"""12.392916666666665""",fraction,Vopak/Reatile xlsx (Production_High / Production_Low),2025-03-24,nigel.zhuwaki,,unreviewed,unassessed,2026,EXC-SUPPLY-REFINERY_UTILISATION
LOC-a4737a3041ec,"supply.refinery_utilisation.csv[746:{""country"": ""ZAF:sapref"", ""period"": ""2016"", ""scenario"": ""high_demand""}]",REG-SUPPLY-REFINERY_UTILISATION,"""1.06341""",fraction,Vopak/Reatile xlsx (Production_High / Production_Low),2025-03-24,nigel.zhuwaki,,unreviewed,unassessed,2026,EXC-SUPPLY-REFINERY_UTILISATION
LOC-cbae578404cb,"supply.refinery_utilisation.csv[747:{""country"": ""ZAF:natref"", ""period"": ""2016"", ""scenario"": ""high_demand""}]",REG-SUPPLY-REFINERY_UTILISATION,"""11.653940311513589""",fraction,Vopak/Reatile xlsx (Production_High / Production_Low),2025-03-24,nigel.zhuwaki,,unreviewed,unassessed,2026,EXC-SUPPLY-REFINERY_UTILISATION
LOC-ebfceacec49c,"supply.refinery_utilisation.csv[748:{""country"": ""ZAF:enref"", ""period"": ""2017"", ""scenario"": ""high_demand""}]",REG-SUPPLY-REFINERY_UTILISATION,"""13.416153846153843""",fraction,Vopak/Reatile xlsx (Production_High / Production_Low),2025-03-24,nigel.zhuwaki,,unreviewed,unassessed,2026,EXC-SUPPLY-REFINERY_UTILISATION
LOC-10957b15257f,"supply.refinery_utilisation.csv[749:{""country"": ""ZAF:sapref"", ""period"": ""2017"", ""scenario"": ""high_demand""}]",REG-SUPPLY-REFINERY_UTILISATION,"""1.1194836093""",fraction,Vopak/Reatile xlsx (Production_High / Production_Low),2025-03-24,nigel.zhuwaki,,unreviewed,unassessed,2026,EXC-SUPPLY-REFINERY_UTILISATION
LOC-c058ebee2d13,"supply.refinery_utilisation.csv[750:{""country"": ""ZAF:natref"", ""period"": ""2017"", ""scenario"": ""high_demand""}]",REG-SUPPLY-REFINERY_UTILISATION,"""11.984234279716526""",fraction,Vopak/Reatile xlsx (Production_High / Production_Low),2025-03-24,nigel.zhuwaki,,unreviewed,unassessed,2026,EXC-SUPPLY-REFINERY_UTILISATION
LOC-356815bcee86,"supply.refinery_utilisation.csv[751:{""country"": ""ZAF:enref"", ""period"": ""2018"", ""scenario"": ""high_demand""}]",REG-SUPPLY-REFINERY_UTILISATION,"""15.139999999999999""",fraction,Vopak/Reatile xlsx (Production_High / Production_Low),2025-03-24,nigel.zhuwaki,,unreviewed,unassessed,2026,EXC-SUPPLY-REFINERY_UTILISATION
LOC-4e6a0db02fab,"supply.refinery_utilisation.csv[752:{""country"": ""ZAF:sapref"", ""period"": ""2018"", ""scenario"": ""high_demand""}]",REG-SUPPLY-REFINERY_UTILISATION,"""1.17120375204966""",fraction,Vopak/Reatile xlsx (Production_High / Production_Low),2025-03-24,nigel.zhuwaki,,unreviewed,unassessed,2026,EXC-SUPPLY-REFINERY_UTILISATION
LOC-fe29620b1e47,"supply.refinery_utilisation.csv[753:{""country"": ""ZAF:natref"", ""period"": ""2018"", ""scenario"": ""high_demand""}]",REG-SUPPLY-REFINERY_UTILISATION,"""12.926871155855082""",fraction,Vopak/Reatile xlsx (Production_High / Production_Low),2025-03-24,nigel.zhuwaki,,unreviewed,unassessed,2026,EXC-SUPPLY-REFINERY_UTILISATION
LOC-a3a768348f51,"supply.refinery_utilisation.csv[754:{""country"": ""ZAF:enref"", ""period"": ""2019"", ""scenario"": ""high_demand""}]",REG-SUPPLY-REFINERY_UTILISATION,"""15.421249999999999""",fraction,Vopak/Reatile xlsx (Production_High / Production_Low),2025-03-24,nigel.zhuwaki,,unreviewed,unassessed,2026,EXC-SUPPLY-REFINERY_UTILISATION
LOC-28aa0323c140,"supply.refinery_utilisation.csv[755:{""country"": ""ZAF:sapref"", ""period"": ""2019"", ""scenario"": ""high_demand""}]",REG-SUPPLY-REFINERY_UTILISATION,"""1.219574467009311""",fraction,Vopak/Reatile xlsx (Production_High / Production_Low),2025-03-24,nigel.zhuwaki,,unreviewed,unassessed,2026,EXC-SUPPLY-REFINERY_UTILISATION
LOC-0142f51708ab,"supply.refinery_utilisation.csv[756:{""country"": ""ZAF:natref"", ""period"": ""2019"", ""scenario"": ""high_demand""}]",REG-SUPPLY-REFINERY_UTILISATION,"""12.644779320295711""",fraction,Vopak/Reatile xlsx (Production_High / Production_Low),2025-03-24,nigel.zhuwaki,,unreviewed,unassessed,2026,EXC-SUPPLY-REFINERY_UTILISATION
LOC-1cc45cde16cf,"supply.refinery_utilisation.csv[757:{""country"": ""ZAF:enref"", ""period"": ""2020"", ""scenario"": ""high_demand""}]",REG-SUPPLY-REFINERY_UTILISATION,"""14.406666666666666""",fraction,Vopak/Reatile xlsx (Production_High / Production_Low),2025-03-24,nigel.zhuwaki,,unreviewed,unassessed,2026,EXC-SUPPLY-REFINERY_UTILISATION
LOC-8104be3dc9c8,"supply.refinery_utilisation.csv[758:{""country"": ""ZAF:sapref"", ""period"": ""2020"", ""scenario"": ""high_demand""}]",REG-SUPPLY-REFINERY_UTILISATION,"""1.2594301605911753""",fraction,Vopak/Reatile xlsx (Production_High / Production_Low),2025-03-24,nigel.zhuwaki,,unreviewed,unassessed,2026,EXC-SUPPLY-REFINERY_UTILISATION
LOC-9e3e0d4d5c53,"supply.refinery_utilisation.csv[759:{""country"": ""ZAF:natref"", ""period"": ""2020"", ""scenario"": ""high_demand""}]",REG-SUPPLY-REFINERY_UTILISATION,"""11.439035777818907""",fraction,Vopak/Reatile xlsx (Production_High / Production_Low),2025-03-24,nigel.zhuwaki,,unreviewed,unassessed,2026,EXC-SUPPLY-REFINERY_UTILISATION
LOC-0dfb8f162a48,"supply.refinery_utilisation.csv[760:{""country"": ""ZAF:enref"", ""period"": ""2021"", ""scenario"": ""high_demand""}]",REG-SUPPLY-REFINERY_UTILISATION,"""17.56""",fraction,Vopak/Reatile xlsx (Production_High / Production_Low),2025-03-24,nigel.zhuwaki,,unreviewed,unassessed,2026,EXC-SUPPLY-REFINERY_UTILISATION
LOC-95df7182a3e0,"supply.refinery_utilisation.csv[761:{""country"": ""ZAF:sapref"", ""period"": ""2021"", ""scenario"": ""high_demand""}]",REG-SUPPLY-REFINERY_UTILISATION,"""1.3150214078796698""",fraction,Vopak/Reatile xlsx (Production_High / Production_Low),2025-03-24,nigel.zhuwaki,,unreviewed,unassessed,2026,EXC-SUPPLY-REFINERY_UTILISATION
LOC-c6f6570cb144,"supply.refinery_utilisation.csv[762:{""country"": ""ZAF:natref"", ""period"": ""2021"", ""scenario"": ""high_demand""}]",REG-SUPPLY-REFINERY_UTILISATION,"""13.353394777286253""",fraction,Vopak/Reatile xlsx (Production_High / Production_Low),2025-03-24,nigel.zhuwaki,,unreviewed,unassessed,2026,EXC-SUPPLY-REFINERY_UTILISATION
LOC-82841d5e5128,"supply.refinery_utilisation.csv[763:{""country"": ""ZAF:enref"", ""period"": ""2022"", ""scenario"": ""high_demand""}]",REG-SUPPLY-REFINERY_UTILISATION,"""22.68""",fraction,Vopak/Reatile xlsx (Production_High / Production_Low),2025-03-24,nigel.zhuwaki,,unreviewed,unassessed,2026,EXC-SUPPLY-REFINERY_UTILISATION
LOC-a256aab7f0df,"supply.refinery_utilisation.csv[764:{""country"": ""ZAF:sapref"", ""period"": ""2022"", ""scenario"": ""high_demand""}]",REG-SUPPLY-REFINERY_UTILISATION,"""1.41""",fraction,Vopak/Reatile xlsx (Production_High / Production_Low),2025-03-24,nigel.zhuwaki,,unreviewed,unassessed,2026,EXC-SUPPLY-REFINERY_UTILISATION
LOC-add5bc5e3abc,"supply.refinery_utilisation.csv[765:{""country"": ""ZAF:natref"", ""period"": ""2022"", ""scenario"": ""high_demand""}]",REG-SUPPLY-REFINERY_UTILISATION,"""16.085106382978726""",fraction,Vopak/Reatile xlsx (Production_High / Production_Low),2025-03-24,nigel.zhuwaki,,unreviewed,unassessed,2026,EXC-SUPPLY-REFINERY_UTILISATION
LOC-a2fa8c7902f9,"supply.refinery_utilisation.csv[766:{""country"": ""ZAF:enref"", ""period"": ""2023"", ""scenario"": ""high_demand""}]",REG-SUPPLY-REFINERY_UTILISATION,"""22.79""",fraction,Vopak/Reatile xlsx (Production_High / Production_Low),2025-03-24,nigel.zhuwaki,,unreviewed,unassessed,2026,EXC-SUPPLY-REFINERY_UTILISATION
LOC-b176fbaefc83,"supply.refinery_utilisation.csv[767:{""country"": ""ZAF:sapref"", ""period"": ""2023"", ""scenario"": ""high_demand""}]",REG-SUPPLY-REFINERY_UTILISATION,"""1.41""",fraction,Vopak/Reatile xlsx (Production_High / Production_Low),2025-03-24,nigel.zhuwaki,,unreviewed,unassessed,2026,EXC-SUPPLY-REFINERY_UTILISATION
LOC-75dbdc50974a,"supply.refinery_utilisation.csv[768:{""country"": ""ZAF:natref"", ""period"": ""2023"", ""scenario"": ""high_demand""}]",REG-SUPPLY-REFINERY_UTILISATION,"""16.163120567375888""",fraction,Vopak/Reatile xlsx (Production_High / Production_Low),2025-03-24,nigel.zhuwaki,,unreviewed,unassessed,2026,EXC-SUPPLY-REFINERY_UTILISATION
LOC-895642c29b08,"supply.refinery_utilisation.csv[769:{""country"": ""ZAF:enref"", ""period"": ""2024"", ""scenario"": ""high_demand""}]",REG-SUPPLY-REFINERY_UTILISATION,"""22.2""",fraction,Vopak/Reatile xlsx (Production_High / Production_Low),2025-03-24,nigel.zhuwaki,,unreviewed,unassessed,2026,EXC-SUPPLY-REFINERY_UTILISATION
LOC-618b93299521,"supply.refinery_utilisation.csv[770:{""country"": ""ZAF:sapref"", ""period"": ""2024"", ""scenario"": ""high_demand""}]",REG-SUPPLY-REFINERY_UTILISATION,"""1.432""",fraction,Vopak/Reatile xlsx (Production_High / Production_Low),2025-03-24,nigel.zhuwaki,,unreviewed,unassessed,2026,EXC-SUPPLY-REFINERY_UTILISATION
LOC-98761c7493f5,"supply.refinery_utilisation.csv[771:{""country"": ""ZAF:natref"", ""period"": ""2024"", ""scenario"": ""high_demand""}]",REG-SUPPLY-REFINERY_UTILISATION,"""15.502793296089386""",fraction,Vopak/Reatile xlsx (Production_High / Production_Low),2025-03-24,nigel.zhuwaki,,unreviewed,unassessed,2026,EXC-SUPPLY-REFINERY_UTILISATION
LOC-decf169027d2,"supply.refinery_utilisation.csv[772:{""country"": ""ZAF:enref"", ""period"": ""2025"", ""scenario"": ""high_demand""}]",REG-SUPPLY-REFINERY_UTILISATION,"""21.59""",fraction,Vopak/Reatile xlsx (Production_High / Production_Low),2025-03-24,nigel.zhuwaki,,unreviewed,unassessed,2026,EXC-SUPPLY-REFINERY_UTILISATION
LOC-6b1e9dfbc232,"supply.refinery_utilisation.csv[773:{""country"": ""ZAF:sapref"", ""period"": ""2025"", ""scenario"": ""high_demand""}]",REG-SUPPLY-REFINERY_UTILISATION,"""1.57""",fraction,Vopak/Reatile xlsx (Production_High / Production_Low),2025-03-24,nigel.zhuwaki,,unreviewed,unassessed,2026,EXC-SUPPLY-REFINERY_UTILISATION
LOC-d4087c0a468d,"supply.refinery_utilisation.csv[774:{""country"": ""ZAF:natref"", ""period"": ""2025"", ""scenario"": ""high_demand""}]",REG-SUPPLY-REFINERY_UTILISATION,"""13.751592356687897""",fraction,Vopak/Reatile xlsx (Production_High / Production_Low),2025-03-24,nigel.zhuwaki,,unreviewed,unassessed,2026,EXC-SUPPLY-REFINERY_UTILISATION
LOC-76a57a4e96d2,"supply.refinery_utilisation.csv[775:{""country"": ""ZAF:enref"", ""period"": ""2022"", ""scenario"": ""low_demand""}]",REG-SUPPLY-REFINERY_UTILISATION,"""0""",fraction,Vopak/Reatile xlsx (Production_High / Production_Low),2025-03-24,nigel.zhuwaki,,unreviewed,unassessed,2026,EXC-SUPPLY-REFINERY_UTILISATION
LOC-b484e89ba25f,"supply.refinery_utilisation.csv[776:{""country"": ""ZAF:sapref"", ""period"": ""2022"", ""scenario"": ""low_demand""}]",REG-SUPPLY-REFINERY_UTILISATION,"""0""",fraction,Vopak/Reatile xlsx (Production_High / Production_Low),2025-03-24,nigel.zhuwaki,,unreviewed,unassessed,2026,EXC-SUPPLY-REFINERY_UTILISATION
LOC-f8ff3fac44b3,"supply.refinery_utilisation.csv[777:{""country"": ""ZAF:natref"", ""period"": ""2022"", ""scenario"": ""low_demand""}]",REG-SUPPLY-REFINERY_UTILISATION,"""0.873""",fraction,Vopak/Reatile xlsx (Production_High / Production_Low),2025-03-24,nigel.zhuwaki,,unreviewed,unassessed,2026,EXC-SUPPLY-REFINERY_UTILISATION
LOC-ec5ec9b09687,"supply.refinery_utilisation.csv[778:{""country"": ""ZAF:sasol"", ""period"": ""2022"", ""scenario"": ""low_demand""}]",REG-SUPPLY-REFINERY_UTILISATION,"""0.8947""",fraction,Vopak/Reatile xlsx (Production_High / Production_Low),2025-03-24,nigel.zhuwaki,,unreviewed,unassessed,2026,EXC-SUPPLY-REFINERY_UTILISATION
LOC-7453bc3ffafd,"supply.refinery_utilisation.csv[779:{""country"": ""ZAF:astron"", ""period"": ""2022"", ""scenario"": ""low_demand""}]",REG-SUPPLY-REFINERY_UTILISATION,"""0""",fraction,Vopak/Reatile xlsx (Production_High / Production_Low),2025-03-24,nigel.zhuwaki,,unreviewed,unassessed,2026,EXC-SUPPLY-REFINERY_UTILISATION
LOC-fd9fa80f4f62,"supply.refinery_utilisation.csv[780:{""country"": ""ZAF:petrosa"", ""period"": ""2022"", ""scenario"": ""low_demand""}]",REG-SUPPLY-REFINERY_UTILISATION,"""0""",fraction,Vopak/Reatile xlsx (Production_High / Production_Low),2025-03-24,nigel.zhuwaki,,unreviewed,unassessed,2026,EXC-SUPPLY-REFINERY_UTILISATION
LOC-d5219ce1cbbc,"supply.refinery_utilisation.csv[781:{""country"": ""ZAF:enref"", ""period"": ""2023"", ""scenario"": ""low_demand""}]",REG-SUPPLY-REFINERY_UTILISATION,"""0""",fraction,Vopak/Reatile xlsx (Production_High / Production_Low),2025-03-24,nigel.zhuwaki,,unreviewed,unassessed,2026,EXC-SUPPLY-REFINERY_UTILISATION
LOC-6b8a4039965c,"supply.refinery_utilisation.csv[782:{""country"": ""ZAF:sapref"", ""period"": ""2023"", ""scenario"": ""low_demand""}]",REG-SUPPLY-REFINERY_UTILISATION,"""0""",fraction,Vopak/Reatile xlsx (Production_High / Production_Low),2025-03-24,nigel.zhuwaki,,unreviewed,unassessed,2026,EXC-SUPPLY-REFINERY_UTILISATION
LOC-fb8c6430e40b,"supply.refinery_utilisation.csv[783:{""country"": ""ZAF:natref"", ""period"": ""2023"", ""scenario"": ""low_demand""}]",REG-SUPPLY-REFINERY_UTILISATION,"""0.875""",fraction,Vopak/Reatile xlsx (Production_High / Production_Low),2025-03-24,nigel.zhuwaki,,unreviewed,unassessed,2026,EXC-SUPPLY-REFINERY_UTILISATION
LOC-c2665f970b77,"supply.refinery_utilisation.csv[784:{""country"": ""ZAF:sasol"", ""period"": ""2023"", ""scenario"": ""low_demand""}]",REG-SUPPLY-REFINERY_UTILISATION,"""0.9013""",fraction,Vopak/Reatile xlsx (Production_High / Production_Low),2025-03-24,nigel.zhuwaki,,unreviewed,unassessed,2026,EXC-SUPPLY-REFINERY_UTILISATION
LOC-6c09fe0bd920,"supply.refinery_utilisation.csv[785:{""country"": ""ZAF:astron"", ""period"": ""2023"", ""scenario"": ""low_demand""}]",REG-SUPPLY-REFINERY_UTILISATION,"""0.5""",fraction,Vopak/Reatile xlsx (Production_High / Production_Low),2025-03-24,nigel.zhuwaki,,unreviewed,unassessed,2026,EXC-SUPPLY-REFINERY_UTILISATION
LOC-b28016f68604,"supply.refinery_utilisation.csv[786:{""country"": ""ZAF:petrosa"", ""period"": ""2023"", ""scenario"": ""low_demand""}]",REG-SUPPLY-REFINERY_UTILISATION,"""0""",fraction,Vopak/Reatile xlsx (Production_High / Production_Low),2025-03-24,nigel.zhuwaki,,unreviewed,unassessed,2026,EXC-SUPPLY-REFINERY_UTILISATION
LOC-867011d74afe,"supply.refinery_utilisation.csv[787:{""country"": ""ZAF:enref"", ""period"": ""2024"", ""scenario"": ""low_demand""}]",REG-SUPPLY-REFINERY_UTILISATION,"""0""",fraction,Vopak/Reatile xlsx (Production_High / Production_Low),2025-03-24,nigel.zhuwaki,,unreviewed,unassessed,2026,EXC-SUPPLY-REFINERY_UTILISATION
LOC-b0e206c34726,"supply.refinery_utilisation.csv[788:{""country"": ""ZAF:sapref"", ""period"": ""2024"", ""scenario"": ""low_demand""}]",REG-SUPPLY-REFINERY_UTILISATION,"""0""",fraction,Vopak/Reatile xlsx (Production_High / Production_Low),2025-03-24,nigel.zhuwaki,,unreviewed,unassessed,2026,EXC-SUPPLY-REFINERY_UTILISATION
LOC-08a88e6a610e,"supply.refinery_utilisation.csv[789:{""country"": ""ZAF:natref"", ""period"": ""2024"", ""scenario"": ""low_demand""}]",REG-SUPPLY-REFINERY_UTILISATION,"""0.7""",fraction,Vopak/Reatile xlsx (Production_High / Production_Low),2025-03-24,nigel.zhuwaki,,unreviewed,unassessed,2026,EXC-SUPPLY-REFINERY_UTILISATION
LOC-11600223ab1d,"supply.refinery_utilisation.csv[790:{""country"": ""ZAF:sasol"", ""period"": ""2024"", ""scenario"": ""low_demand""}]",REG-SUPPLY-REFINERY_UTILISATION,"""0.9079""",fraction,Vopak/Reatile xlsx (Production_High / Production_Low),2025-03-24,nigel.zhuwaki,,unreviewed,unassessed,2026,EXC-SUPPLY-REFINERY_UTILISATION
LOC-5a420cc7f958,"supply.refinery_utilisation.csv[791:{""country"": ""ZAF:astron"", ""period"": ""2024"", ""scenario"": ""low_demand""}]",REG-SUPPLY-REFINERY_UTILISATION,"""0.8""",fraction,Vopak/Reatile xlsx (Production_High / Production_Low),2025-03-24,nigel.zhuwaki,,unreviewed,unassessed,2026,EXC-SUPPLY-REFINERY_UTILISATION
LOC-af2ecc2b0132,"supply.refinery_utilisation.csv[792:{""country"": ""ZAF:petrosa"", ""period"": ""2024"", ""scenario"": ""low_demand""}]",REG-SUPPLY-REFINERY_UTILISATION,"""0""",fraction,Vopak/Reatile xlsx (Production_High / Production_Low),2025-03-24,nigel.zhuwaki,,unreviewed,unassessed,2026,EXC-SUPPLY-REFINERY_UTILISATION
LOC-4ca270c9502e,"supply.refinery_utilisation.csv[793:{""country"": ""ZAF:enref"", ""period"": ""2025"", ""scenario"": ""low_demand""}]",REG-SUPPLY-REFINERY_UTILISATION,"""0""",fraction,Vopak/Reatile xlsx (Production_High / Production_Low),2025-03-24,nigel.zhuwaki,,unreviewed,unassessed,2026,EXC-SUPPLY-REFINERY_UTILISATION
LOC-74948f4fc903,"supply.refinery_utilisation.csv[794:{""country"": ""ZAF:sapref"", ""period"": ""2025"", ""scenario"": ""low_demand""}]",REG-SUPPLY-REFINERY_UTILISATION,"""0""",fraction,Vopak/Reatile xlsx (Production_High / Production_Low),2025-03-24,nigel.zhuwaki,,unreviewed,unassessed,2026,EXC-SUPPLY-REFINERY_UTILISATION
LOC-bb3f9418aba9,"supply.refinery_utilisation.csv[795:{""country"": ""ZAF:natref"", ""period"": ""2025"", ""scenario"": ""low_demand""}]",REG-SUPPLY-REFINERY_UTILISATION,"""0.7""",fraction,Vopak/Reatile xlsx (Production_High / Production_Low),2025-03-24,nigel.zhuwaki,,unreviewed,unassessed,2026,EXC-SUPPLY-REFINERY_UTILISATION
LOC-f882d320a92e,"supply.refinery_utilisation.csv[796:{""country"": ""ZAF:sasol"", ""period"": ""2025"", ""scenario"": ""low_demand""}]",REG-SUPPLY-REFINERY_UTILISATION,"""0.9145""",fraction,Vopak/Reatile xlsx (Production_High / Production_Low),2025-03-24,nigel.zhuwaki,,unreviewed,unassessed,2026,EXC-SUPPLY-REFINERY_UTILISATION
LOC-0dcaa0e4ba79,"supply.refinery_utilisation.csv[797:{""country"": ""ZAF:astron"", ""period"": ""2025"", ""scenario"": ""low_demand""}]",REG-SUPPLY-REFINERY_UTILISATION,"""0.8""",fraction,Vopak/Reatile xlsx (Production_High / Production_Low),2025-03-24,nigel.zhuwaki,,unreviewed,unassessed,2026,EXC-SUPPLY-REFINERY_UTILISATION
LOC-fa2ac74d9b43,"supply.refinery_utilisation.csv[798:{""country"": ""ZAF:petrosa"", ""period"": ""2025"", ""scenario"": ""low_demand""}]",REG-SUPPLY-REFINERY_UTILISATION,"""0""",fraction,Vopak/Reatile xlsx (Production_High / Production_Low),2025-03-24,nigel.zhuwaki,,unreviewed,unassessed,2026,EXC-SUPPLY-REFINERY_UTILISATION
LOC-7ac4c1592ad8,"supply.refinery_utilisation.csv[799:{""country"": ""ZAF:enref"", ""period"": ""2026"", ""scenario"": ""low_demand""}]",REG-SUPPLY-REFINERY_UTILISATION,"""0""",fraction,Vopak/Reatile xlsx (Production_High / Production_Low),2025-03-24,nigel.zhuwaki,,unreviewed,unassessed,2026,EXC-SUPPLY-REFINERY_UTILISATION
LOC-14feacd3b344,"supply.refinery_utilisation.csv[800:{""country"": ""ZAF:sapref"", ""period"": ""2026"", ""scenario"": ""low_demand""}]",REG-SUPPLY-REFINERY_UTILISATION,"""0""",fraction,Vopak/Reatile xlsx (Production_High / Production_Low),2025-03-24,nigel.zhuwaki,,unreviewed,unassessed,2026,EXC-SUPPLY-REFINERY_UTILISATION
LOC-f3019b7ba9a2,"supply.refinery_utilisation.csv[801:{""country"": ""ZAF:natref"", ""period"": ""2026"", ""scenario"": ""low_demand""}]",REG-SUPPLY-REFINERY_UTILISATION,"""0.7""",fraction,Vopak/Reatile xlsx (Production_High / Production_Low),2025-03-24,nigel.zhuwaki,,unreviewed,unassessed,2026,EXC-SUPPLY-REFINERY_UTILISATION
LOC-52e08e4009ec,"supply.refinery_utilisation.csv[802:{""country"": ""ZAF:sasol"", ""period"": ""2026"", ""scenario"": ""low_demand""}]",REG-SUPPLY-REFINERY_UTILISATION,"""0.9211""",fraction,Vopak/Reatile xlsx (Production_High / Production_Low),2025-03-24,nigel.zhuwaki,,unreviewed,unassessed,2026,EXC-SUPPLY-REFINERY_UTILISATION
LOC-75a08c4e4c49,"supply.refinery_utilisation.csv[803:{""country"": ""ZAF:astron"", ""period"": ""2026"", ""scenario"": ""low_demand""}]",REG-SUPPLY-REFINERY_UTILISATION,"""0.8""",fraction,Vopak/Reatile xlsx (Production_High / Production_Low),2025-03-24,nigel.zhuwaki,,unreviewed,unassessed,2026,EXC-SUPPLY-REFINERY_UTILISATION
LOC-a935db5d3365,"supply.refinery_utilisation.csv[804:{""country"": ""ZAF:petrosa"", ""period"": ""2026"", ""scenario"": ""low_demand""}]",REG-SUPPLY-REFINERY_UTILISATION,"""0""",fraction,Vopak/Reatile xlsx (Production_High / Production_Low),2025-03-24,nigel.zhuwaki,,unreviewed,unassessed,2026,EXC-SUPPLY-REFINERY_UTILISATION
LOC-4c5afe3b4344,"supply.refinery_utilisation.csv[805:{""country"": ""ZAF:enref"", ""period"": ""2027"", ""scenario"": ""low_demand""}]",REG-SUPPLY-REFINERY_UTILISATION,"""0""",fraction,Vopak/Reatile xlsx (Production_High / Production_Low),2025-03-24,nigel.zhuwaki,,unreviewed,unassessed,2026,EXC-SUPPLY-REFINERY_UTILISATION
LOC-599b3e126d05,"supply.refinery_utilisation.csv[806:{""country"": ""ZAF:sapref"", ""period"": ""2027"", ""scenario"": ""low_demand""}]",REG-SUPPLY-REFINERY_UTILISATION,"""0""",fraction,Vopak/Reatile xlsx (Production_High / Production_Low),2025-03-24,nigel.zhuwaki,,unreviewed,unassessed,2026,EXC-SUPPLY-REFINERY_UTILISATION
LOC-7c3fd6d61639,"supply.refinery_utilisation.csv[807:{""country"": ""ZAF:natref"", ""period"": ""2027"", ""scenario"": ""low_demand""}]",REG-SUPPLY-REFINERY_UTILISATION,"""0.7""",fraction,Vopak/Reatile xlsx (Production_High / Production_Low),2025-03-24,nigel.zhuwaki,,unreviewed,unassessed,2026,EXC-SUPPLY-REFINERY_UTILISATION
LOC-5a0133f8a949,"supply.refinery_utilisation.csv[808:{""country"": ""ZAF:sasol"", ""period"": ""2027"", ""scenario"": ""low_demand""}]",REG-SUPPLY-REFINERY_UTILISATION,"""0.9277""",fraction,Vopak/Reatile xlsx (Production_High / Production_Low),2025-03-24,nigel.zhuwaki,,unreviewed,unassessed,2026,EXC-SUPPLY-REFINERY_UTILISATION
LOC-e1d976130857,"supply.refinery_utilisation.csv[809:{""country"": ""ZAF:astron"", ""period"": ""2027"", ""scenario"": ""low_demand""}]",REG-SUPPLY-REFINERY_UTILISATION,"""0.8""",fraction,Vopak/Reatile xlsx (Production_High / Production_Low),2025-03-24,nigel.zhuwaki,,unreviewed,unassessed,2026,EXC-SUPPLY-REFINERY_UTILISATION
LOC-19c247bd58ff,"supply.refinery_utilisation.csv[810:{""country"": ""ZAF:petrosa"", ""period"": ""2027"", ""scenario"": ""low_demand""}]",REG-SUPPLY-REFINERY_UTILISATION,"""0""",fraction,Vopak/Reatile xlsx (Production_High / Production_Low),2025-03-24,nigel.zhuwaki,,unreviewed,unassessed,2026,EXC-SUPPLY-REFINERY_UTILISATION
LOC-6fdd6b3183b7,"supply.refinery_utilisation.csv[811:{""country"": ""ZAF:enref"", ""period"": ""2028"", ""scenario"": ""low_demand""}]",REG-SUPPLY-REFINERY_UTILISATION,"""0""",fraction,Vopak/Reatile xlsx (Production_High / Production_Low),2025-03-24,nigel.zhuwaki,,unreviewed,unassessed,2026,EXC-SUPPLY-REFINERY_UTILISATION
LOC-16028a256a11,"supply.refinery_utilisation.csv[812:{""country"": ""ZAF:sapref"", ""period"": ""2028"", ""scenario"": ""low_demand""}]",REG-SUPPLY-REFINERY_UTILISATION,"""0""",fraction,Vopak/Reatile xlsx (Production_High / Production_Low),2025-03-24,nigel.zhuwaki,,unreviewed,unassessed,2026,EXC-SUPPLY-REFINERY_UTILISATION
LOC-4eee7abb394d,"supply.refinery_utilisation.csv[813:{""country"": ""ZAF:natref"", ""period"": ""2028"", ""scenario"": ""low_demand""}]",REG-SUPPLY-REFINERY_UTILISATION,"""0.7""",fraction,Vopak/Reatile xlsx (Production_High / Production_Low),2025-03-24,nigel.zhuwaki,,unreviewed,unassessed,2026,EXC-SUPPLY-REFINERY_UTILISATION
LOC-edcef24bce3d,"supply.refinery_utilisation.csv[814:{""country"": ""ZAF:sasol"", ""period"": ""2028"", ""scenario"": ""low_demand""}]",REG-SUPPLY-REFINERY_UTILISATION,"""0.9342""",fraction,Vopak/Reatile xlsx (Production_High / Production_Low),2025-03-24,nigel.zhuwaki,,unreviewed,unassessed,2026,EXC-SUPPLY-REFINERY_UTILISATION
LOC-d5632744392b,"supply.refinery_utilisation.csv[815:{""country"": ""ZAF:astron"", ""period"": ""2028"", ""scenario"": ""low_demand""}]",REG-SUPPLY-REFINERY_UTILISATION,"""0.8""",fraction,Vopak/Reatile xlsx (Production_High / Production_Low),2025-03-24,nigel.zhuwaki,,unreviewed,unassessed,2026,EXC-SUPPLY-REFINERY_UTILISATION
LOC-150797de2e55,"supply.refinery_utilisation.csv[816:{""country"": ""ZAF:petrosa"", ""period"": ""2028"", ""scenario"": ""low_demand""}]",REG-SUPPLY-REFINERY_UTILISATION,"""0""",fraction,Vopak/Reatile xlsx (Production_High / Production_Low),2025-03-24,nigel.zhuwaki,,unreviewed,unassessed,2026,EXC-SUPPLY-REFINERY_UTILISATION
LOC-dd55754a3cf2,"supply.refinery_utilisation.csv[817:{""country"": ""ZAF:enref"", ""period"": ""2029"", ""scenario"": ""low_demand""}]",REG-SUPPLY-REFINERY_UTILISATION,"""0""",fraction,Vopak/Reatile xlsx (Production_High / Production_Low),2025-03-24,nigel.zhuwaki,,unreviewed,unassessed,2026,EXC-SUPPLY-REFINERY_UTILISATION
LOC-2af30dad6e7a,"supply.refinery_utilisation.csv[818:{""country"": ""ZAF:sapref"", ""period"": ""2029"", ""scenario"": ""low_demand""}]",REG-SUPPLY-REFINERY_UTILISATION,"""0""",fraction,Vopak/Reatile xlsx (Production_High / Production_Low),2025-03-24,nigel.zhuwaki,,unreviewed,unassessed,2026,EXC-SUPPLY-REFINERY_UTILISATION
LOC-7d22e61fe204,"supply.refinery_utilisation.csv[819:{""country"": ""ZAF:natref"", ""period"": ""2029"", ""scenario"": ""low_demand""}]",REG-SUPPLY-REFINERY_UTILISATION,"""0.7""",fraction,Vopak/Reatile xlsx (Production_High / Production_Low),2025-03-24,nigel.zhuwaki,,unreviewed,unassessed,2026,EXC-SUPPLY-REFINERY_UTILISATION
LOC-bc0164f058dd,"supply.refinery_utilisation.csv[820:{""country"": ""ZAF:sasol"", ""period"": ""2029"", ""scenario"": ""low_demand""}]",REG-SUPPLY-REFINERY_UTILISATION,"""0.8781""",fraction,Vopak/Reatile xlsx (Production_High / Production_Low),2025-03-24,nigel.zhuwaki,,unreviewed,unassessed,2026,EXC-SUPPLY-REFINERY_UTILISATION
LOC-22d4bee9d854,"supply.refinery_utilisation.csv[821:{""country"": ""ZAF:astron"", ""period"": ""2029"", ""scenario"": ""low_demand""}]",REG-SUPPLY-REFINERY_UTILISATION,"""0.8""",fraction,Vopak/Reatile xlsx (Production_High / Production_Low),2025-03-24,nigel.zhuwaki,,unreviewed,unassessed,2026,EXC-SUPPLY-REFINERY_UTILISATION
LOC-37e97007139d,"supply.refinery_utilisation.csv[822:{""country"": ""ZAF:petrosa"", ""period"": ""2029"", ""scenario"": ""low_demand""}]",REG-SUPPLY-REFINERY_UTILISATION,"""0""",fraction,Vopak/Reatile xlsx (Production_High / Production_Low),2025-03-24,nigel.zhuwaki,,unreviewed,unassessed,2026,EXC-SUPPLY-REFINERY_UTILISATION
LOC-60b3f6f10ac2,"supply.refinery_utilisation.csv[823:{""country"": ""ZAF:enref"", ""period"": ""2030"", ""scenario"": ""low_demand""}]",REG-SUPPLY-REFINERY_UTILISATION,"""0""",fraction,Vopak/Reatile xlsx (Production_High / Production_Low),2025-03-24,nigel.zhuwaki,,unreviewed,unassessed,2026,EXC-SUPPLY-REFINERY_UTILISATION
LOC-414d269055af,"supply.refinery_utilisation.csv[824:{""country"": ""ZAF:sapref"", ""period"": ""2030"", ""scenario"": ""low_demand""}]",REG-SUPPLY-REFINERY_UTILISATION,"""0""",fraction,Vopak/Reatile xlsx (Production_High / Production_Low),2025-03-24,nigel.zhuwaki,,unreviewed,unassessed,2026,EXC-SUPPLY-REFINERY_UTILISATION
LOC-702b2ade9ed5,"supply.refinery_utilisation.csv[825:{""country"": ""ZAF:natref"", ""period"": ""2030"", ""scenario"": ""low_demand""}]",REG-SUPPLY-REFINERY_UTILISATION,"""0.7""",fraction,Vopak/Reatile xlsx (Production_High / Production_Low),2025-03-24,nigel.zhuwaki,,unreviewed,unassessed,2026,EXC-SUPPLY-REFINERY_UTILISATION
LOC-bd72ef483f45,"supply.refinery_utilisation.csv[826:{""country"": ""ZAF:sasol"", ""period"": ""2030"", ""scenario"": ""low_demand""}]",REG-SUPPLY-REFINERY_UTILISATION,"""0.8781""",fraction,Vopak/Reatile xlsx (Production_High / Production_Low),2025-03-24,nigel.zhuwaki,,unreviewed,unassessed,2026,EXC-SUPPLY-REFINERY_UTILISATION
LOC-c472abc2d39a,"supply.refinery_utilisation.csv[827:{""country"": ""ZAF:astron"", ""period"": ""2030"", ""scenario"": ""low_demand""}]",REG-SUPPLY-REFINERY_UTILISATION,"""0.8""",fraction,Vopak/Reatile xlsx (Production_High / Production_Low),2025-03-24,nigel.zhuwaki,,unreviewed,unassessed,2026,EXC-SUPPLY-REFINERY_UTILISATION
LOC-16c54a74e9a8,"supply.refinery_utilisation.csv[828:{""country"": ""ZAF:petrosa"", ""period"": ""2030"", ""scenario"": ""low_demand""}]",REG-SUPPLY-REFINERY_UTILISATION,"""0""",fraction,Vopak/Reatile xlsx (Production_High / Production_Low),2025-03-24,nigel.zhuwaki,,unreviewed,unassessed,2026,EXC-SUPPLY-REFINERY_UTILISATION
LOC-5c9bdfeea3ea,"supply.refinery_utilisation.csv[829:{""country"": ""ZAF:enref"", ""period"": ""2031"", ""scenario"": ""low_demand""}]",REG-SUPPLY-REFINERY_UTILISATION,"""0""",fraction,Vopak/Reatile xlsx (Production_High / Production_Low),2025-03-24,nigel.zhuwaki,,unreviewed,unassessed,2026,EXC-SUPPLY-REFINERY_UTILISATION
LOC-eaaff8b85b8a,"supply.refinery_utilisation.csv[830:{""country"": ""ZAF:sapref"", ""period"": ""2031"", ""scenario"": ""low_demand""}]",REG-SUPPLY-REFINERY_UTILISATION,"""0""",fraction,Vopak/Reatile xlsx (Production_High / Production_Low),2025-03-24,nigel.zhuwaki,,unreviewed,unassessed,2026,EXC-SUPPLY-REFINERY_UTILISATION
LOC-f8a7202138ce,"supply.refinery_utilisation.csv[831:{""country"": ""ZAF:natref"", ""period"": ""2031"", ""scenario"": ""low_demand""}]",REG-SUPPLY-REFINERY_UTILISATION,"""0""",fraction,Vopak/Reatile xlsx (Production_High / Production_Low),2025-03-24,nigel.zhuwaki,,unreviewed,unassessed,2026,EXC-SUPPLY-REFINERY_UTILISATION
LOC-d90f106d3e88,"supply.refinery_utilisation.csv[832:{""country"": ""ZAF:sasol"", ""period"": ""2031"", ""scenario"": ""low_demand""}]",REG-SUPPLY-REFINERY_UTILISATION,"""0.8781""",fraction,Vopak/Reatile xlsx (Production_High / Production_Low),2025-03-24,nigel.zhuwaki,,unreviewed,unassessed,2026,EXC-SUPPLY-REFINERY_UTILISATION
LOC-6349b9ab5585,"supply.refinery_utilisation.csv[833:{""country"": ""ZAF:astron"", ""period"": ""2031"", ""scenario"": ""low_demand""}]",REG-SUPPLY-REFINERY_UTILISATION,"""0.8""",fraction,Vopak/Reatile xlsx (Production_High / Production_Low),2025-03-24,nigel.zhuwaki,,unreviewed,unassessed,2026,EXC-SUPPLY-REFINERY_UTILISATION
LOC-f2400245f3c0,"supply.refinery_utilisation.csv[834:{""country"": ""ZAF:petrosa"", ""period"": ""2031"", ""scenario"": ""low_demand""}]",REG-SUPPLY-REFINERY_UTILISATION,"""0""",fraction,Vopak/Reatile xlsx (Production_High / Production_Low),2025-03-24,nigel.zhuwaki,,unreviewed,unassessed,2026,EXC-SUPPLY-REFINERY_UTILISATION
LOC-6a5707cd8839,"supply.refinery_utilisation.csv[835:{""country"": ""ZAF:enref"", ""period"": ""2032"", ""scenario"": ""low_demand""}]",REG-SUPPLY-REFINERY_UTILISATION,"""0""",fraction,Vopak/Reatile xlsx (Production_High / Production_Low),2025-03-24,nigel.zhuwaki,,unreviewed,unassessed,2026,EXC-SUPPLY-REFINERY_UTILISATION
LOC-ed97b2e27c2a,"supply.refinery_utilisation.csv[836:{""country"": ""ZAF:sapref"", ""period"": ""2032"", ""scenario"": ""low_demand""}]",REG-SUPPLY-REFINERY_UTILISATION,"""0""",fraction,Vopak/Reatile xlsx (Production_High / Production_Low),2025-03-24,nigel.zhuwaki,,unreviewed,unassessed,2026,EXC-SUPPLY-REFINERY_UTILISATION
LOC-d355ac04f661,"supply.refinery_utilisation.csv[837:{""country"": ""ZAF:natref"", ""period"": ""2032"", ""scenario"": ""low_demand""}]",REG-SUPPLY-REFINERY_UTILISATION,"""0""",fraction,Vopak/Reatile xlsx (Production_High / Production_Low),2025-03-24,nigel.zhuwaki,,unreviewed,unassessed,2026,EXC-SUPPLY-REFINERY_UTILISATION
LOC-6967462791cf,"supply.refinery_utilisation.csv[838:{""country"": ""ZAF:sasol"", ""period"": ""2032"", ""scenario"": ""low_demand""}]",REG-SUPPLY-REFINERY_UTILISATION,"""0.8781""",fraction,Vopak/Reatile xlsx (Production_High / Production_Low),2025-03-24,nigel.zhuwaki,,unreviewed,unassessed,2026,EXC-SUPPLY-REFINERY_UTILISATION
LOC-83c7ba2cd389,"supply.refinery_utilisation.csv[839:{""country"": ""ZAF:astron"", ""period"": ""2032"", ""scenario"": ""low_demand""}]",REG-SUPPLY-REFINERY_UTILISATION,"""0.8""",fraction,Vopak/Reatile xlsx (Production_High / Production_Low),2025-03-24,nigel.zhuwaki,,unreviewed,unassessed,2026,EXC-SUPPLY-REFINERY_UTILISATION
LOC-bb2d3bb2d9fc,"supply.refinery_utilisation.csv[840:{""country"": ""ZAF:petrosa"", ""period"": ""2032"", ""scenario"": ""low_demand""}]",REG-SUPPLY-REFINERY_UTILISATION,"""0""",fraction,Vopak/Reatile xlsx (Production_High / Production_Low),2025-03-24,nigel.zhuwaki,,unreviewed,unassessed,2026,EXC-SUPPLY-REFINERY_UTILISATION
LOC-ff742cfe2104,"supply.refinery_utilisation.csv[841:{""country"": ""ZAF:enref"", ""period"": ""2033"", ""scenario"": ""low_demand""}]",REG-SUPPLY-REFINERY_UTILISATION,"""0""",fraction,Vopak/Reatile xlsx (Production_High / Production_Low),2025-03-24,nigel.zhuwaki,,unreviewed,unassessed,2026,EXC-SUPPLY-REFINERY_UTILISATION
LOC-f519ddc89c14,"supply.refinery_utilisation.csv[842:{""country"": ""ZAF:sapref"", ""period"": ""2033"", ""scenario"": ""low_demand""}]",REG-SUPPLY-REFINERY_UTILISATION,"""0""",fraction,Vopak/Reatile xlsx (Production_High / Production_Low),2025-03-24,nigel.zhuwaki,,unreviewed,unassessed,2026,EXC-SUPPLY-REFINERY_UTILISATION
LOC-e1de7131abee,"supply.refinery_utilisation.csv[843:{""country"": ""ZAF:natref"", ""period"": ""2033"", ""scenario"": ""low_demand""}]",REG-SUPPLY-REFINERY_UTILISATION,"""0""",fraction,Vopak/Reatile xlsx (Production_High / Production_Low),2025-03-24,nigel.zhuwaki,,unreviewed,unassessed,2026,EXC-SUPPLY-REFINERY_UTILISATION
LOC-b985fc4d9085,"supply.refinery_utilisation.csv[844:{""country"": ""ZAF:sasol"", ""period"": ""2033"", ""scenario"": ""low_demand""}]",REG-SUPPLY-REFINERY_UTILISATION,"""0.8444""",fraction,Vopak/Reatile xlsx (Production_High / Production_Low),2025-03-24,nigel.zhuwaki,,unreviewed,unassessed,2026,EXC-SUPPLY-REFINERY_UTILISATION
LOC-3228757684eb,"supply.refinery_utilisation.csv[845:{""country"": ""ZAF:astron"", ""period"": ""2033"", ""scenario"": ""low_demand""}]",REG-SUPPLY-REFINERY_UTILISATION,"""0.8""",fraction,Vopak/Reatile xlsx (Production_High / Production_Low),2025-03-24,nigel.zhuwaki,,unreviewed,unassessed,2026,EXC-SUPPLY-REFINERY_UTILISATION
LOC-2b5ac4fb44d1,"supply.refinery_utilisation.csv[846:{""country"": ""ZAF:petrosa"", ""period"": ""2033"", ""scenario"": ""low_demand""}]",REG-SUPPLY-REFINERY_UTILISATION,"""0""",fraction,Vopak/Reatile xlsx (Production_High / Production_Low),2025-03-24,nigel.zhuwaki,,unreviewed,unassessed,2026,EXC-SUPPLY-REFINERY_UTILISATION
LOC-d0facfa649c4,"supply.refinery_utilisation.csv[847:{""country"": ""ZAF:enref"", ""period"": ""2034"", ""scenario"": ""low_demand""}]",REG-SUPPLY-REFINERY_UTILISATION,"""0""",fraction,Vopak/Reatile xlsx (Production_High / Production_Low),2025-03-24,nigel.zhuwaki,,unreviewed,unassessed,2026,EXC-SUPPLY-REFINERY_UTILISATION
LOC-c8f8ab108246,"supply.refinery_utilisation.csv[848:{""country"": ""ZAF:sapref"", ""period"": ""2034"", ""scenario"": ""low_demand""}]",REG-SUPPLY-REFINERY_UTILISATION,"""0""",fraction,Vopak/Reatile xlsx (Production_High / Production_Low),2025-03-24,nigel.zhuwaki,,unreviewed,unassessed,2026,EXC-SUPPLY-REFINERY_UTILISATION
LOC-ce75f51a8813,"supply.refinery_utilisation.csv[849:{""country"": ""ZAF:natref"", ""period"": ""2034"", ""scenario"": ""low_demand""}]",REG-SUPPLY-REFINERY_UTILISATION,"""0""",fraction,Vopak/Reatile xlsx (Production_High / Production_Low),2025-03-24,nigel.zhuwaki,,unreviewed,unassessed,2026,EXC-SUPPLY-REFINERY_UTILISATION
LOC-eda20d3cce7f,"supply.refinery_utilisation.csv[850:{""country"": ""ZAF:sasol"", ""period"": ""2034"", ""scenario"": ""low_demand""}]",REG-SUPPLY-REFINERY_UTILISATION,"""0.8107""",fraction,Vopak/Reatile xlsx (Production_High / Production_Low),2025-03-24,nigel.zhuwaki,,unreviewed,unassessed,2026,EXC-SUPPLY-REFINERY_UTILISATION
LOC-cb553dc2b7d3,"supply.refinery_utilisation.csv[851:{""country"": ""ZAF:astron"", ""period"": ""2034"", ""scenario"": ""low_demand""}]",REG-SUPPLY-REFINERY_UTILISATION,"""0.8""",fraction,Vopak/Reatile xlsx (Production_High / Production_Low),2025-03-24,nigel.zhuwaki,,unreviewed,unassessed,2026,EXC-SUPPLY-REFINERY_UTILISATION
LOC-71e78a57f445,"supply.refinery_utilisation.csv[852:{""country"": ""ZAF:petrosa"", ""period"": ""2034"", ""scenario"": ""low_demand""}]",REG-SUPPLY-REFINERY_UTILISATION,"""0""",fraction,Vopak/Reatile xlsx (Production_High / Production_Low),2025-03-24,nigel.zhuwaki,,unreviewed,unassessed,2026,EXC-SUPPLY-REFINERY_UTILISATION
LOC-917f8a6344cd,"supply.refinery_utilisation.csv[853:{""country"": ""ZAF:enref"", ""period"": ""2035"", ""scenario"": ""low_demand""}]",REG-SUPPLY-REFINERY_UTILISATION,"""0""",fraction,Vopak/Reatile xlsx (Production_High / Production_Low),2025-03-24,nigel.zhuwaki,,unreviewed,unassessed,2026,EXC-SUPPLY-REFINERY_UTILISATION
LOC-cfacba241ef1,"supply.refinery_utilisation.csv[854:{""country"": ""ZAF:sapref"", ""period"": ""2035"", ""scenario"": ""low_demand""}]",REG-SUPPLY-REFINERY_UTILISATION,"""0""",fraction,Vopak/Reatile xlsx (Production_High / Production_Low),2025-03-24,nigel.zhuwaki,,unreviewed,unassessed,2026,EXC-SUPPLY-REFINERY_UTILISATION
LOC-c0e11c7a1a2f,"supply.refinery_utilisation.csv[855:{""country"": ""ZAF:natref"", ""period"": ""2035"", ""scenario"": ""low_demand""}]",REG-SUPPLY-REFINERY_UTILISATION,"""0""",fraction,Vopak/Reatile xlsx (Production_High / Production_Low),2025-03-24,nigel.zhuwaki,,unreviewed,unassessed,2026,EXC-SUPPLY-REFINERY_UTILISATION
LOC-4b326af8d2d2,"supply.refinery_utilisation.csv[856:{""country"": ""ZAF:sasol"", ""period"": ""2035"", ""scenario"": ""low_demand""}]",REG-SUPPLY-REFINERY_UTILISATION,"""0.777""",fraction,Vopak/Reatile xlsx (Production_High / Production_Low),2025-03-24,nigel.zhuwaki,,unreviewed,unassessed,2026,EXC-SUPPLY-REFINERY_UTILISATION
LOC-b34410ad78f7,"supply.refinery_utilisation.csv[857:{""country"": ""ZAF:astron"", ""period"": ""2035"", ""scenario"": ""low_demand""}]",REG-SUPPLY-REFINERY_UTILISATION,"""0.8""",fraction,Vopak/Reatile xlsx (Production_High / Production_Low),2025-03-24,nigel.zhuwaki,,unreviewed,unassessed,2026,EXC-SUPPLY-REFINERY_UTILISATION
LOC-853851519de6,"supply.refinery_utilisation.csv[858:{""country"": ""ZAF:petrosa"", ""period"": ""2035"", ""scenario"": ""low_demand""}]",REG-SUPPLY-REFINERY_UTILISATION,"""0""",fraction,Vopak/Reatile xlsx (Production_High / Production_Low),2025-03-24,nigel.zhuwaki,,unreviewed,unassessed,2026,EXC-SUPPLY-REFINERY_UTILISATION
LOC-3eb0959783b3,"supply.refinery_utilisation.csv[859:{""country"": ""ZAF:enref"", ""period"": ""2036"", ""scenario"": ""low_demand""}]",REG-SUPPLY-REFINERY_UTILISATION,"""0""",fraction,Vopak/Reatile xlsx (Production_High / Production_Low),2025-03-24,nigel.zhuwaki,,unreviewed,unassessed,2026,EXC-SUPPLY-REFINERY_UTILISATION
LOC-b9bce05a5216,"supply.refinery_utilisation.csv[860:{""country"": ""ZAF:sapref"", ""period"": ""2036"", ""scenario"": ""low_demand""}]",REG-SUPPLY-REFINERY_UTILISATION,"""0""",fraction,Vopak/Reatile xlsx (Production_High / Production_Low),2025-03-24,nigel.zhuwaki,,unreviewed,unassessed,2026,EXC-SUPPLY-REFINERY_UTILISATION
LOC-1ef46329942d,"supply.refinery_utilisation.csv[861:{""country"": ""ZAF:natref"", ""period"": ""2036"", ""scenario"": ""low_demand""}]",REG-SUPPLY-REFINERY_UTILISATION,"""0""",fraction,Vopak/Reatile xlsx (Production_High / Production_Low),2025-03-24,nigel.zhuwaki,,unreviewed,unassessed,2026,EXC-SUPPLY-REFINERY_UTILISATION
LOC-4640f732edbf,"supply.refinery_utilisation.csv[862:{""country"": ""ZAF:sasol"", ""period"": ""2036"", ""scenario"": ""low_demand""}]",REG-SUPPLY-REFINERY_UTILISATION,"""0.777""",fraction,Vopak/Reatile xlsx (Production_High / Production_Low),2025-03-24,nigel.zhuwaki,,unreviewed,unassessed,2026,EXC-SUPPLY-REFINERY_UTILISATION
LOC-3eedf7fc932e,"supply.refinery_utilisation.csv[863:{""country"": ""ZAF:astron"", ""period"": ""2036"", ""scenario"": ""low_demand""}]",REG-SUPPLY-REFINERY_UTILISATION,"""0.8""",fraction,Vopak/Reatile xlsx (Production_High / Production_Low),2025-03-24,nigel.zhuwaki,,unreviewed,unassessed,2026,EXC-SUPPLY-REFINERY_UTILISATION
LOC-e58294bbcd23,"supply.refinery_utilisation.csv[864:{""country"": ""ZAF:petrosa"", ""period"": ""2036"", ""scenario"": ""low_demand""}]",REG-SUPPLY-REFINERY_UTILISATION,"""0""",fraction,Vopak/Reatile xlsx (Production_High / Production_Low),2025-03-24,nigel.zhuwaki,,unreviewed,unassessed,2026,EXC-SUPPLY-REFINERY_UTILISATION
LOC-89ef6a8bb4c9,"supply.refinery_utilisation.csv[865:{""country"": ""ZAF:enref"", ""period"": ""2037"", ""scenario"": ""low_demand""}]",REG-SUPPLY-REFINERY_UTILISATION,"""0""",fraction,Vopak/Reatile xlsx (Production_High / Production_Low),2025-03-24,nigel.zhuwaki,,unreviewed,unassessed,2026,EXC-SUPPLY-REFINERY_UTILISATION
LOC-43665e10c187,"supply.refinery_utilisation.csv[866:{""country"": ""ZAF:sapref"", ""period"": ""2037"", ""scenario"": ""low_demand""}]",REG-SUPPLY-REFINERY_UTILISATION,"""0""",fraction,Vopak/Reatile xlsx (Production_High / Production_Low),2025-03-24,nigel.zhuwaki,,unreviewed,unassessed,2026,EXC-SUPPLY-REFINERY_UTILISATION
LOC-bf1481552e71,"supply.refinery_utilisation.csv[867:{""country"": ""ZAF:natref"", ""period"": ""2037"", ""scenario"": ""low_demand""}]",REG-SUPPLY-REFINERY_UTILISATION,"""0""",fraction,Vopak/Reatile xlsx (Production_High / Production_Low),2025-03-24,nigel.zhuwaki,,unreviewed,unassessed,2026,EXC-SUPPLY-REFINERY_UTILISATION
LOC-b88b2fe5b8d3,"supply.refinery_utilisation.csv[868:{""country"": ""ZAF:sasol"", ""period"": ""2037"", ""scenario"": ""low_demand""}]",REG-SUPPLY-REFINERY_UTILISATION,"""0.777""",fraction,Vopak/Reatile xlsx (Production_High / Production_Low),2025-03-24,nigel.zhuwaki,,unreviewed,unassessed,2026,EXC-SUPPLY-REFINERY_UTILISATION
LOC-b912afe81764,"supply.refinery_utilisation.csv[869:{""country"": ""ZAF:astron"", ""period"": ""2037"", ""scenario"": ""low_demand""}]",REG-SUPPLY-REFINERY_UTILISATION,"""0.8""",fraction,Vopak/Reatile xlsx (Production_High / Production_Low),2025-03-24,nigel.zhuwaki,,unreviewed,unassessed,2026,EXC-SUPPLY-REFINERY_UTILISATION
LOC-461fad5da520,"supply.refinery_utilisation.csv[870:{""country"": ""ZAF:petrosa"", ""period"": ""2037"", ""scenario"": ""low_demand""}]",REG-SUPPLY-REFINERY_UTILISATION,"""0""",fraction,Vopak/Reatile xlsx (Production_High / Production_Low),2025-03-24,nigel.zhuwaki,,unreviewed,unassessed,2026,EXC-SUPPLY-REFINERY_UTILISATION
LOC-271b407c66da,"supply.refinery_utilisation.csv[871:{""country"": ""ZAF:enref"", ""period"": ""2038"", ""scenario"": ""low_demand""}]",REG-SUPPLY-REFINERY_UTILISATION,"""0""",fraction,Vopak/Reatile xlsx (Production_High / Production_Low),2025-03-24,nigel.zhuwaki,,unreviewed,unassessed,2026,EXC-SUPPLY-REFINERY_UTILISATION
LOC-777855231c8f,"supply.refinery_utilisation.csv[872:{""country"": ""ZAF:sapref"", ""period"": ""2038"", ""scenario"": ""low_demand""}]",REG-SUPPLY-REFINERY_UTILISATION,"""0""",fraction,Vopak/Reatile xlsx (Production_High / Production_Low),2025-03-24,nigel.zhuwaki,,unreviewed,unassessed,2026,EXC-SUPPLY-REFINERY_UTILISATION
LOC-efa612992e3d,"supply.refinery_utilisation.csv[873:{""country"": ""ZAF:natref"", ""period"": ""2038"", ""scenario"": ""low_demand""}]",REG-SUPPLY-REFINERY_UTILISATION,"""0""",fraction,Vopak/Reatile xlsx (Production_High / Production_Low),2025-03-24,nigel.zhuwaki,,unreviewed,unassessed,2026,EXC-SUPPLY-REFINERY_UTILISATION
LOC-34692fa92347,"supply.refinery_utilisation.csv[874:{""country"": ""ZAF:sasol"", ""period"": ""2038"", ""scenario"": ""low_demand""}]",REG-SUPPLY-REFINERY_UTILISATION,"""0.777""",fraction,Vopak/Reatile xlsx (Production_High / Production_Low),2025-03-24,nigel.zhuwaki,,unreviewed,unassessed,2026,EXC-SUPPLY-REFINERY_UTILISATION
LOC-d85839280fc5,"supply.refinery_utilisation.csv[875:{""country"": ""ZAF:astron"", ""period"": ""2038"", ""scenario"": ""low_demand""}]",REG-SUPPLY-REFINERY_UTILISATION,"""0.8""",fraction,Vopak/Reatile xlsx (Production_High / Production_Low),2025-03-24,nigel.zhuwaki,,unreviewed,unassessed,2026,EXC-SUPPLY-REFINERY_UTILISATION
LOC-bf2551624804,"supply.refinery_utilisation.csv[876:{""country"": ""ZAF:petrosa"", ""period"": ""2038"", ""scenario"": ""low_demand""}]",REG-SUPPLY-REFINERY_UTILISATION,"""0""",fraction,Vopak/Reatile xlsx (Production_High / Production_Low),2025-03-24,nigel.zhuwaki,,unreviewed,unassessed,2026,EXC-SUPPLY-REFINERY_UTILISATION
LOC-ec6f03c77a29,"supply.refinery_utilisation.csv[877:{""country"": ""ZAF:enref"", ""period"": ""2039"", ""scenario"": ""low_demand""}]",REG-SUPPLY-REFINERY_UTILISATION,"""0""",fraction,Vopak/Reatile xlsx (Production_High / Production_Low),2025-03-24,nigel.zhuwaki,,unreviewed,unassessed,2026,EXC-SUPPLY-REFINERY_UTILISATION
LOC-e9999bd630f2,"supply.refinery_utilisation.csv[878:{""country"": ""ZAF:sapref"", ""period"": ""2039"", ""scenario"": ""low_demand""}]",REG-SUPPLY-REFINERY_UTILISATION,"""0""",fraction,Vopak/Reatile xlsx (Production_High / Production_Low),2025-03-24,nigel.zhuwaki,,unreviewed,unassessed,2026,EXC-SUPPLY-REFINERY_UTILISATION
LOC-7364c3e7186d,"supply.refinery_utilisation.csv[879:{""country"": ""ZAF:natref"", ""period"": ""2039"", ""scenario"": ""low_demand""}]",REG-SUPPLY-REFINERY_UTILISATION,"""0""",fraction,Vopak/Reatile xlsx (Production_High / Production_Low),2025-03-24,nigel.zhuwaki,,unreviewed,unassessed,2026,EXC-SUPPLY-REFINERY_UTILISATION
LOC-cc5b957a1f7a,"supply.refinery_utilisation.csv[880:{""country"": ""ZAF:sasol"", ""period"": ""2039"", ""scenario"": ""low_demand""}]",REG-SUPPLY-REFINERY_UTILISATION,"""0.777""",fraction,Vopak/Reatile xlsx (Production_High / Production_Low),2025-03-24,nigel.zhuwaki,,unreviewed,unassessed,2026,EXC-SUPPLY-REFINERY_UTILISATION
LOC-927a286f6bf6,"supply.refinery_utilisation.csv[881:{""country"": ""ZAF:astron"", ""period"": ""2039"", ""scenario"": ""low_demand""}]",REG-SUPPLY-REFINERY_UTILISATION,"""0.8""",fraction,Vopak/Reatile xlsx (Production_High / Production_Low),2025-03-24,nigel.zhuwaki,,unreviewed,unassessed,2026,EXC-SUPPLY-REFINERY_UTILISATION
LOC-f823ffb41afa,"supply.refinery_utilisation.csv[882:{""country"": ""ZAF:petrosa"", ""period"": ""2039"", ""scenario"": ""low_demand""}]",REG-SUPPLY-REFINERY_UTILISATION,"""0""",fraction,Vopak/Reatile xlsx (Production_High / Production_Low),2025-03-24,nigel.zhuwaki,,unreviewed,unassessed,2026,EXC-SUPPLY-REFINERY_UTILISATION
LOC-10f3081a1a51,"supply.refinery_utilisation.csv[883:{""country"": ""ZAF:enref"", ""period"": ""2040"", ""scenario"": ""low_demand""}]",REG-SUPPLY-REFINERY_UTILISATION,"""0""",fraction,Vopak/Reatile xlsx (Production_High / Production_Low),2025-03-24,nigel.zhuwaki,,unreviewed,unassessed,2026,EXC-SUPPLY-REFINERY_UTILISATION
LOC-15772f7c7668,"supply.refinery_utilisation.csv[884:{""country"": ""ZAF:sapref"", ""period"": ""2040"", ""scenario"": ""low_demand""}]",REG-SUPPLY-REFINERY_UTILISATION,"""0""",fraction,Vopak/Reatile xlsx (Production_High / Production_Low),2025-03-24,nigel.zhuwaki,,unreviewed,unassessed,2026,EXC-SUPPLY-REFINERY_UTILISATION
LOC-e66f76678bf0,"supply.refinery_utilisation.csv[885:{""country"": ""ZAF:natref"", ""period"": ""2040"", ""scenario"": ""low_demand""}]",REG-SUPPLY-REFINERY_UTILISATION,"""0""",fraction,Vopak/Reatile xlsx (Production_High / Production_Low),2025-03-24,nigel.zhuwaki,,unreviewed,unassessed,2026,EXC-SUPPLY-REFINERY_UTILISATION
LOC-8945ce55a610,"supply.refinery_utilisation.csv[886:{""country"": ""ZAF:sasol"", ""period"": ""2040"", ""scenario"": ""low_demand""}]",REG-SUPPLY-REFINERY_UTILISATION,"""0.777""",fraction,Vopak/Reatile xlsx (Production_High / Production_Low),2025-03-24,nigel.zhuwaki,,unreviewed,unassessed,2026,EXC-SUPPLY-REFINERY_UTILISATION
LOC-8f037d22e9a5,"supply.refinery_utilisation.csv[887:{""country"": ""ZAF:astron"", ""period"": ""2040"", ""scenario"": ""low_demand""}]",REG-SUPPLY-REFINERY_UTILISATION,"""0.8""",fraction,Vopak/Reatile xlsx (Production_High / Production_Low),2025-03-24,nigel.zhuwaki,,unreviewed,unassessed,2026,EXC-SUPPLY-REFINERY_UTILISATION
LOC-8d72b9ed5588,"supply.refinery_utilisation.csv[888:{""country"": ""ZAF:petrosa"", ""period"": ""2040"", ""scenario"": ""low_demand""}]",REG-SUPPLY-REFINERY_UTILISATION,"""0""",fraction,Vopak/Reatile xlsx (Production_High / Production_Low),2025-03-24,nigel.zhuwaki,,unreviewed,unassessed,2026,EXC-SUPPLY-REFINERY_UTILISATION
LOC-7a74324c3d9d,"supply.refinery_utilisation.csv[889:{""country"": ""ZAF:enref"", ""period"": ""2041"", ""scenario"": ""low_demand""}]",REG-SUPPLY-REFINERY_UTILISATION,"""0""",fraction,Vopak/Reatile xlsx (Production_High / Production_Low),2025-03-24,nigel.zhuwaki,,unreviewed,unassessed,2026,EXC-SUPPLY-REFINERY_UTILISATION
LOC-cc4a4294c5fc,"supply.refinery_utilisation.csv[890:{""country"": ""ZAF:sapref"", ""period"": ""2041"", ""scenario"": ""low_demand""}]",REG-SUPPLY-REFINERY_UTILISATION,"""0""",fraction,Vopak/Reatile xlsx (Production_High / Production_Low),2025-03-24,nigel.zhuwaki,,unreviewed,unassessed,2026,EXC-SUPPLY-REFINERY_UTILISATION
LOC-42df61d64172,"supply.refinery_utilisation.csv[891:{""country"": ""ZAF:natref"", ""period"": ""2041"", ""scenario"": ""low_demand""}]",REG-SUPPLY-REFINERY_UTILISATION,"""0""",fraction,Vopak/Reatile xlsx (Production_High / Production_Low),2025-03-24,nigel.zhuwaki,,unreviewed,unassessed,2026,EXC-SUPPLY-REFINERY_UTILISATION
LOC-a22d8d29aa54,"supply.refinery_utilisation.csv[892:{""country"": ""ZAF:sasol"", ""period"": ""2041"", ""scenario"": ""low_demand""}]",REG-SUPPLY-REFINERY_UTILISATION,"""0""",fraction,Vopak/Reatile xlsx (Production_High / Production_Low),2025-03-24,nigel.zhuwaki,,unreviewed,unassessed,2026,EXC-SUPPLY-REFINERY_UTILISATION
LOC-148cd37f587a,"supply.refinery_utilisation.csv[893:{""country"": ""ZAF:astron"", ""period"": ""2041"", ""scenario"": ""low_demand""}]",REG-SUPPLY-REFINERY_UTILISATION,"""0.8""",fraction,Vopak/Reatile xlsx (Production_High / Production_Low),2025-03-24,nigel.zhuwaki,,unreviewed,unassessed,2026,EXC-SUPPLY-REFINERY_UTILISATION
LOC-6e175e0f5476,"supply.refinery_utilisation.csv[894:{""country"": ""ZAF:petrosa"", ""period"": ""2041"", ""scenario"": ""low_demand""}]",REG-SUPPLY-REFINERY_UTILISATION,"""0""",fraction,Vopak/Reatile xlsx (Production_High / Production_Low),2025-03-24,nigel.zhuwaki,,unreviewed,unassessed,2026,EXC-SUPPLY-REFINERY_UTILISATION
LOC-47e1e4891860,"supply.refinery_utilisation.csv[895:{""country"": ""ZAF:enref"", ""period"": ""2042"", ""scenario"": ""low_demand""}]",REG-SUPPLY-REFINERY_UTILISATION,"""0""",fraction,Vopak/Reatile xlsx (Production_High / Production_Low),2025-03-24,nigel.zhuwaki,,unreviewed,unassessed,2026,EXC-SUPPLY-REFINERY_UTILISATION
LOC-7938adee27f0,"supply.refinery_utilisation.csv[896:{""country"": ""ZAF:sapref"", ""period"": ""2042"", ""scenario"": ""low_demand""}]",REG-SUPPLY-REFINERY_UTILISATION,"""0""",fraction,Vopak/Reatile xlsx (Production_High / Production_Low),2025-03-24,nigel.zhuwaki,,unreviewed,unassessed,2026,EXC-SUPPLY-REFINERY_UTILISATION
LOC-ccd52c50d4ed,"supply.refinery_utilisation.csv[897:{""country"": ""ZAF:natref"", ""period"": ""2042"", ""scenario"": ""low_demand""}]",REG-SUPPLY-REFINERY_UTILISATION,"""0""",fraction,Vopak/Reatile xlsx (Production_High / Production_Low),2025-03-24,nigel.zhuwaki,,unreviewed,unassessed,2026,EXC-SUPPLY-REFINERY_UTILISATION
LOC-777815206b10,"supply.refinery_utilisation.csv[898:{""country"": ""ZAF:sasol"", ""period"": ""2042"", ""scenario"": ""low_demand""}]",REG-SUPPLY-REFINERY_UTILISATION,"""0""",fraction,Vopak/Reatile xlsx (Production_High / Production_Low),2025-03-24,nigel.zhuwaki,,unreviewed,unassessed,2026,EXC-SUPPLY-REFINERY_UTILISATION
LOC-3beb3aab3b7a,"supply.refinery_utilisation.csv[899:{""country"": ""ZAF:astron"", ""period"": ""2042"", ""scenario"": ""low_demand""}]",REG-SUPPLY-REFINERY_UTILISATION,"""0.8""",fraction,Vopak/Reatile xlsx (Production_High / Production_Low),2025-03-24,nigel.zhuwaki,,unreviewed,unassessed,2026,EXC-SUPPLY-REFINERY_UTILISATION
LOC-36628440f3f2,"supply.refinery_utilisation.csv[900:{""country"": ""ZAF:petrosa"", ""period"": ""2042"", ""scenario"": ""low_demand""}]",REG-SUPPLY-REFINERY_UTILISATION,"""0""",fraction,Vopak/Reatile xlsx (Production_High / Production_Low),2025-03-24,nigel.zhuwaki,,unreviewed,unassessed,2026,EXC-SUPPLY-REFINERY_UTILISATION
LOC-345d6ed3d35b,"supply.refinery_utilisation.csv[901:{""country"": ""ZAF:enref"", ""period"": ""2043"", ""scenario"": ""low_demand""}]",REG-SUPPLY-REFINERY_UTILISATION,"""0""",fraction,Vopak/Reatile xlsx (Production_High / Production_Low),2025-03-24,nigel.zhuwaki,,unreviewed,unassessed,2026,EXC-SUPPLY-REFINERY_UTILISATION
LOC-b637b2549af6,"supply.refinery_utilisation.csv[902:{""country"": ""ZAF:sapref"", ""period"": ""2043"", ""scenario"": ""low_demand""}]",REG-SUPPLY-REFINERY_UTILISATION,"""0""",fraction,Vopak/Reatile xlsx (Production_High / Production_Low),2025-03-24,nigel.zhuwaki,,unreviewed,unassessed,2026,EXC-SUPPLY-REFINERY_UTILISATION
LOC-65a97e29a60d,"supply.refinery_utilisation.csv[903:{""country"": ""ZAF:natref"", ""period"": ""2043"", ""scenario"": ""low_demand""}]",REG-SUPPLY-REFINERY_UTILISATION,"""0""",fraction,Vopak/Reatile xlsx (Production_High / Production_Low),2025-03-24,nigel.zhuwaki,,unreviewed,unassessed,2026,EXC-SUPPLY-REFINERY_UTILISATION
LOC-fb1788e182f2,"supply.refinery_utilisation.csv[904:{""country"": ""ZAF:sasol"", ""period"": ""2043"", ""scenario"": ""low_demand""}]",REG-SUPPLY-REFINERY_UTILISATION,"""0""",fraction,Vopak/Reatile xlsx (Production_High / Production_Low),2025-03-24,nigel.zhuwaki,,unreviewed,unassessed,2026,EXC-SUPPLY-REFINERY_UTILISATION
LOC-0272ae31c44a,"supply.refinery_utilisation.csv[905:{""country"": ""ZAF:astron"", ""period"": ""2043"", ""scenario"": ""low_demand""}]",REG-SUPPLY-REFINERY_UTILISATION,"""0.8""",fraction,Vopak/Reatile xlsx (Production_High / Production_Low),2025-03-24,nigel.zhuwaki,,unreviewed,unassessed,2026,EXC-SUPPLY-REFINERY_UTILISATION
LOC-195a6464e5ee,"supply.refinery_utilisation.csv[906:{""country"": ""ZAF:petrosa"", ""period"": ""2043"", ""scenario"": ""low_demand""}]",REG-SUPPLY-REFINERY_UTILISATION,"""0""",fraction,Vopak/Reatile xlsx (Production_High / Production_Low),2025-03-24,nigel.zhuwaki,,unreviewed,unassessed,2026,EXC-SUPPLY-REFINERY_UTILISATION
LOC-9738979c9e94,"supply.refinery_utilisation.csv[907:{""country"": ""ZAF:enref"", ""period"": ""2044"", ""scenario"": ""low_demand""}]",REG-SUPPLY-REFINERY_UTILISATION,"""0""",fraction,Vopak/Reatile xlsx (Production_High / Production_Low),2025-03-24,nigel.zhuwaki,,unreviewed,unassessed,2026,EXC-SUPPLY-REFINERY_UTILISATION
LOC-d143bc2f5da7,"supply.refinery_utilisation.csv[908:{""country"": ""ZAF:sapref"", ""period"": ""2044"", ""scenario"": ""low_demand""}]",REG-SUPPLY-REFINERY_UTILISATION,"""0""",fraction,Vopak/Reatile xlsx (Production_High / Production_Low),2025-03-24,nigel.zhuwaki,,unreviewed,unassessed,2026,EXC-SUPPLY-REFINERY_UTILISATION
LOC-f344c0d4669b,"supply.refinery_utilisation.csv[909:{""country"": ""ZAF:natref"", ""period"": ""2044"", ""scenario"": ""low_demand""}]",REG-SUPPLY-REFINERY_UTILISATION,"""0""",fraction,Vopak/Reatile xlsx (Production_High / Production_Low),2025-03-24,nigel.zhuwaki,,unreviewed,unassessed,2026,EXC-SUPPLY-REFINERY_UTILISATION
LOC-eac96dfcfada,"supply.refinery_utilisation.csv[910:{""country"": ""ZAF:sasol"", ""period"": ""2044"", ""scenario"": ""low_demand""}]",REG-SUPPLY-REFINERY_UTILISATION,"""0""",fraction,Vopak/Reatile xlsx (Production_High / Production_Low),2025-03-24,nigel.zhuwaki,,unreviewed,unassessed,2026,EXC-SUPPLY-REFINERY_UTILISATION
LOC-e275ca5efb7c,"supply.refinery_utilisation.csv[911:{""country"": ""ZAF:astron"", ""period"": ""2044"", ""scenario"": ""low_demand""}]",REG-SUPPLY-REFINERY_UTILISATION,"""0.8""",fraction,Vopak/Reatile xlsx (Production_High / Production_Low),2025-03-24,nigel.zhuwaki,,unreviewed,unassessed,2026,EXC-SUPPLY-REFINERY_UTILISATION
LOC-a4cd08dee53d,"supply.refinery_utilisation.csv[912:{""country"": ""ZAF:petrosa"", ""period"": ""2044"", ""scenario"": ""low_demand""}]",REG-SUPPLY-REFINERY_UTILISATION,"""0""",fraction,Vopak/Reatile xlsx (Production_High / Production_Low),2025-03-24,nigel.zhuwaki,,unreviewed,unassessed,2026,EXC-SUPPLY-REFINERY_UTILISATION
LOC-d9c57e698ad2,"supply.refinery_utilisation.csv[913:{""country"": ""ZAF:enref"", ""period"": ""2045"", ""scenario"": ""low_demand""}]",REG-SUPPLY-REFINERY_UTILISATION,"""0""",fraction,Vopak/Reatile xlsx (Production_High / Production_Low),2025-03-24,nigel.zhuwaki,,unreviewed,unassessed,2026,EXC-SUPPLY-REFINERY_UTILISATION
LOC-bee00538f820,"supply.refinery_utilisation.csv[914:{""country"": ""ZAF:sapref"", ""period"": ""2045"", ""scenario"": ""low_demand""}]",REG-SUPPLY-REFINERY_UTILISATION,"""0""",fraction,Vopak/Reatile xlsx (Production_High / Production_Low),2025-03-24,nigel.zhuwaki,,unreviewed,unassessed,2026,EXC-SUPPLY-REFINERY_UTILISATION
LOC-cf05a5b4ef28,"supply.refinery_utilisation.csv[915:{""country"": ""ZAF:natref"", ""period"": ""2045"", ""scenario"": ""low_demand""}]",REG-SUPPLY-REFINERY_UTILISATION,"""0""",fraction,Vopak/Reatile xlsx (Production_High / Production_Low),2025-03-24,nigel.zhuwaki,,unreviewed,unassessed,2026,EXC-SUPPLY-REFINERY_UTILISATION
LOC-0f115fa6ad65,"supply.refinery_utilisation.csv[916:{""country"": ""ZAF:sasol"", ""period"": ""2045"", ""scenario"": ""low_demand""}]",REG-SUPPLY-REFINERY_UTILISATION,"""0""",fraction,Vopak/Reatile xlsx (Production_High / Production_Low),2025-03-24,nigel.zhuwaki,,unreviewed,unassessed,2026,EXC-SUPPLY-REFINERY_UTILISATION
LOC-996a66e7bfe7,"supply.refinery_utilisation.csv[917:{""country"": ""ZAF:astron"", ""period"": ""2045"", ""scenario"": ""low_demand""}]",REG-SUPPLY-REFINERY_UTILISATION,"""0.8""",fraction,Vopak/Reatile xlsx (Production_High / Production_Low),2025-03-24,nigel.zhuwaki,,unreviewed,unassessed,2026,EXC-SUPPLY-REFINERY_UTILISATION
LOC-bdf7f238599a,"supply.refinery_utilisation.csv[918:{""country"": ""ZAF:petrosa"", ""period"": ""2045"", ""scenario"": ""low_demand""}]",REG-SUPPLY-REFINERY_UTILISATION,"""0""",fraction,Vopak/Reatile xlsx (Production_High / Production_Low),2025-03-24,nigel.zhuwaki,,unreviewed,unassessed,2026,EXC-SUPPLY-REFINERY_UTILISATION
LOC-dace03cdae33,"supply.refinery_utilisation.csv[919:{""country"": ""ZAF:enref"", ""period"": ""2046"", ""scenario"": ""low_demand""}]",REG-SUPPLY-REFINERY_UTILISATION,"""0""",fraction,Vopak/Reatile xlsx (Production_High / Production_Low),2025-03-24,nigel.zhuwaki,,unreviewed,unassessed,2026,EXC-SUPPLY-REFINERY_UTILISATION
LOC-01c409fd0c08,"supply.refinery_utilisation.csv[920:{""country"": ""ZAF:sapref"", ""period"": ""2046"", ""scenario"": ""low_demand""}]",REG-SUPPLY-REFINERY_UTILISATION,"""0""",fraction,Vopak/Reatile xlsx (Production_High / Production_Low),2025-03-24,nigel.zhuwaki,,unreviewed,unassessed,2026,EXC-SUPPLY-REFINERY_UTILISATION
LOC-7000e94c30bc,"supply.refinery_utilisation.csv[921:{""country"": ""ZAF:natref"", ""period"": ""2046"", ""scenario"": ""low_demand""}]",REG-SUPPLY-REFINERY_UTILISATION,"""0""",fraction,Vopak/Reatile xlsx (Production_High / Production_Low),2025-03-24,nigel.zhuwaki,,unreviewed,unassessed,2026,EXC-SUPPLY-REFINERY_UTILISATION
LOC-14da00102012,"supply.refinery_utilisation.csv[922:{""country"": ""ZAF:sasol"", ""period"": ""2046"", ""scenario"": ""low_demand""}]",REG-SUPPLY-REFINERY_UTILISATION,"""0""",fraction,Vopak/Reatile xlsx (Production_High / Production_Low),2025-03-24,nigel.zhuwaki,,unreviewed,unassessed,2026,EXC-SUPPLY-REFINERY_UTILISATION
LOC-8bd9f9e1c538,"supply.refinery_utilisation.csv[923:{""country"": ""ZAF:astron"", ""period"": ""2046"", ""scenario"": ""low_demand""}]",REG-SUPPLY-REFINERY_UTILISATION,"""0.8""",fraction,Vopak/Reatile xlsx (Production_High / Production_Low),2025-03-24,nigel.zhuwaki,,unreviewed,unassessed,2026,EXC-SUPPLY-REFINERY_UTILISATION
LOC-059da23faf10,"supply.refinery_utilisation.csv[924:{""country"": ""ZAF:petrosa"", ""period"": ""2046"", ""scenario"": ""low_demand""}]",REG-SUPPLY-REFINERY_UTILISATION,"""0""",fraction,Vopak/Reatile xlsx (Production_High / Production_Low),2025-03-24,nigel.zhuwaki,,unreviewed,unassessed,2026,EXC-SUPPLY-REFINERY_UTILISATION
LOC-e39004e0a270,"supply.refinery_utilisation.csv[925:{""country"": ""ZAF:enref"", ""period"": ""2047"", ""scenario"": ""low_demand""}]",REG-SUPPLY-REFINERY_UTILISATION,"""0""",fraction,Vopak/Reatile xlsx (Production_High / Production_Low),2025-03-24,nigel.zhuwaki,,unreviewed,unassessed,2026,EXC-SUPPLY-REFINERY_UTILISATION
LOC-14f556d96a92,"supply.refinery_utilisation.csv[926:{""country"": ""ZAF:sapref"", ""period"": ""2047"", ""scenario"": ""low_demand""}]",REG-SUPPLY-REFINERY_UTILISATION,"""0""",fraction,Vopak/Reatile xlsx (Production_High / Production_Low),2025-03-24,nigel.zhuwaki,,unreviewed,unassessed,2026,EXC-SUPPLY-REFINERY_UTILISATION
LOC-f5fea0f62d4c,"supply.refinery_utilisation.csv[927:{""country"": ""ZAF:natref"", ""period"": ""2047"", ""scenario"": ""low_demand""}]",REG-SUPPLY-REFINERY_UTILISATION,"""0""",fraction,Vopak/Reatile xlsx (Production_High / Production_Low),2025-03-24,nigel.zhuwaki,,unreviewed,unassessed,2026,EXC-SUPPLY-REFINERY_UTILISATION
LOC-848000a1e074,"supply.refinery_utilisation.csv[928:{""country"": ""ZAF:sasol"", ""period"": ""2047"", ""scenario"": ""low_demand""}]",REG-SUPPLY-REFINERY_UTILISATION,"""0""",fraction,Vopak/Reatile xlsx (Production_High / Production_Low),2025-03-24,nigel.zhuwaki,,unreviewed,unassessed,2026,EXC-SUPPLY-REFINERY_UTILISATION
LOC-73fbe32bbd71,"supply.refinery_utilisation.csv[929:{""country"": ""ZAF:astron"", ""period"": ""2047"", ""scenario"": ""low_demand""}]",REG-SUPPLY-REFINERY_UTILISATION,"""0.8""",fraction,Vopak/Reatile xlsx (Production_High / Production_Low),2025-03-24,nigel.zhuwaki,,unreviewed,unassessed,2026,EXC-SUPPLY-REFINERY_UTILISATION
LOC-abcbe248781a,"supply.refinery_utilisation.csv[930:{""country"": ""ZAF:petrosa"", ""period"": ""2047"", ""scenario"": ""low_demand""}]",REG-SUPPLY-REFINERY_UTILISATION,"""0""",fraction,Vopak/Reatile xlsx (Production_High / Production_Low),2025-03-24,nigel.zhuwaki,,unreviewed,unassessed,2026,EXC-SUPPLY-REFINERY_UTILISATION
LOC-13057ca0533c,"supply.refinery_utilisation.csv[931:{""country"": ""ZAF:enref"", ""period"": ""2048"", ""scenario"": ""low_demand""}]",REG-SUPPLY-REFINERY_UTILISATION,"""0""",fraction,Vopak/Reatile xlsx (Production_High / Production_Low),2025-03-24,nigel.zhuwaki,,unreviewed,unassessed,2026,EXC-SUPPLY-REFINERY_UTILISATION
LOC-1b6511187248,"supply.refinery_utilisation.csv[932:{""country"": ""ZAF:sapref"", ""period"": ""2048"", ""scenario"": ""low_demand""}]",REG-SUPPLY-REFINERY_UTILISATION,"""0""",fraction,Vopak/Reatile xlsx (Production_High / Production_Low),2025-03-24,nigel.zhuwaki,,unreviewed,unassessed,2026,EXC-SUPPLY-REFINERY_UTILISATION
LOC-895f43d3646b,"supply.refinery_utilisation.csv[933:{""country"": ""ZAF:natref"", ""period"": ""2048"", ""scenario"": ""low_demand""}]",REG-SUPPLY-REFINERY_UTILISATION,"""0""",fraction,Vopak/Reatile xlsx (Production_High / Production_Low),2025-03-24,nigel.zhuwaki,,unreviewed,unassessed,2026,EXC-SUPPLY-REFINERY_UTILISATION
LOC-280ae833778d,"supply.refinery_utilisation.csv[934:{""country"": ""ZAF:sasol"", ""period"": ""2048"", ""scenario"": ""low_demand""}]",REG-SUPPLY-REFINERY_UTILISATION,"""0""",fraction,Vopak/Reatile xlsx (Production_High / Production_Low),2025-03-24,nigel.zhuwaki,,unreviewed,unassessed,2026,EXC-SUPPLY-REFINERY_UTILISATION
LOC-8c7704c824a9,"supply.refinery_utilisation.csv[935:{""country"": ""ZAF:astron"", ""period"": ""2048"", ""scenario"": ""low_demand""}]",REG-SUPPLY-REFINERY_UTILISATION,"""0.8""",fraction,Vopak/Reatile xlsx (Production_High / Production_Low),2025-03-24,nigel.zhuwaki,,unreviewed,unassessed,2026,EXC-SUPPLY-REFINERY_UTILISATION
LOC-2f048d54e8b1,"supply.refinery_utilisation.csv[936:{""country"": ""ZAF:petrosa"", ""period"": ""2048"", ""scenario"": ""low_demand""}]",REG-SUPPLY-REFINERY_UTILISATION,"""0""",fraction,Vopak/Reatile xlsx (Production_High / Production_Low),2025-03-24,nigel.zhuwaki,,unreviewed,unassessed,2026,EXC-SUPPLY-REFINERY_UTILISATION
LOC-87f805522bd6,"supply.refinery_utilisation.csv[937:{""country"": ""ZAF:enref"", ""period"": ""2049"", ""scenario"": ""low_demand""}]",REG-SUPPLY-REFINERY_UTILISATION,"""0""",fraction,Vopak/Reatile xlsx (Production_High / Production_Low),2025-03-24,nigel.zhuwaki,,unreviewed,unassessed,2026,EXC-SUPPLY-REFINERY_UTILISATION
LOC-1c3de04bd8c7,"supply.refinery_utilisation.csv[938:{""country"": ""ZAF:sapref"", ""period"": ""2049"", ""scenario"": ""low_demand""}]",REG-SUPPLY-REFINERY_UTILISATION,"""0""",fraction,Vopak/Reatile xlsx (Production_High / Production_Low),2025-03-24,nigel.zhuwaki,,unreviewed,unassessed,2026,EXC-SUPPLY-REFINERY_UTILISATION
LOC-cd8a69211f31,"supply.refinery_utilisation.csv[939:{""country"": ""ZAF:natref"", ""period"": ""2049"", ""scenario"": ""low_demand""}]",REG-SUPPLY-REFINERY_UTILISATION,"""0""",fraction,Vopak/Reatile xlsx (Production_High / Production_Low),2025-03-24,nigel.zhuwaki,,unreviewed,unassessed,2026,EXC-SUPPLY-REFINERY_UTILISATION
LOC-f52c8650eabe,"supply.refinery_utilisation.csv[940:{""country"": ""ZAF:sasol"", ""period"": ""2049"", ""scenario"": ""low_demand""}]",REG-SUPPLY-REFINERY_UTILISATION,"""0""",fraction,Vopak/Reatile xlsx (Production_High / Production_Low),2025-03-24,nigel.zhuwaki,,unreviewed,unassessed,2026,EXC-SUPPLY-REFINERY_UTILISATION
LOC-28490f510e91,"supply.refinery_utilisation.csv[941:{""country"": ""ZAF:astron"", ""period"": ""2049"", ""scenario"": ""low_demand""}]",REG-SUPPLY-REFINERY_UTILISATION,"""0.8""",fraction,Vopak/Reatile xlsx (Production_High / Production_Low),2025-03-24,nigel.zhuwaki,,unreviewed,unassessed,2026,EXC-SUPPLY-REFINERY_UTILISATION
LOC-ab6f9cf69378,"supply.refinery_utilisation.csv[942:{""country"": ""ZAF:petrosa"", ""period"": ""2049"", ""scenario"": ""low_demand""}]",REG-SUPPLY-REFINERY_UTILISATION,"""0""",fraction,Vopak/Reatile xlsx (Production_High / Production_Low),2025-03-24,nigel.zhuwaki,,unreviewed,unassessed,2026,EXC-SUPPLY-REFINERY_UTILISATION
LOC-3c8513b583e7,"supply.refinery_utilisation.csv[943:{""country"": ""ZAF:enref"", ""period"": ""2050"", ""scenario"": ""low_demand""}]",REG-SUPPLY-REFINERY_UTILISATION,"""0""",fraction,Vopak/Reatile xlsx (Production_High / Production_Low),2025-03-24,nigel.zhuwaki,,unreviewed,unassessed,2026,EXC-SUPPLY-REFINERY_UTILISATION
LOC-6c475977c7d8,"supply.refinery_utilisation.csv[944:{""country"": ""ZAF:sapref"", ""period"": ""2050"", ""scenario"": ""low_demand""}]",REG-SUPPLY-REFINERY_UTILISATION,"""0""",fraction,Vopak/Reatile xlsx (Production_High / Production_Low),2025-03-24,nigel.zhuwaki,,unreviewed,unassessed,2026,EXC-SUPPLY-REFINERY_UTILISATION
LOC-8ecb29bb6917,"supply.refinery_utilisation.csv[945:{""country"": ""ZAF:natref"", ""period"": ""2050"", ""scenario"": ""low_demand""}]",REG-SUPPLY-REFINERY_UTILISATION,"""0""",fraction,Vopak/Reatile xlsx (Production_High / Production_Low),2025-03-24,nigel.zhuwaki,,unreviewed,unassessed,2026,EXC-SUPPLY-REFINERY_UTILISATION
LOC-2e49cf4c2572,"supply.refinery_utilisation.csv[946:{""country"": ""ZAF:sasol"", ""period"": ""2050"", ""scenario"": ""low_demand""}]",REG-SUPPLY-REFINERY_UTILISATION,"""0""",fraction,Vopak/Reatile xlsx (Production_High / Production_Low),2025-03-24,nigel.zhuwaki,,unreviewed,unassessed,2026,EXC-SUPPLY-REFINERY_UTILISATION
LOC-a0273c339d35,"supply.refinery_utilisation.csv[947:{""country"": ""ZAF:astron"", ""period"": ""2050"", ""scenario"": ""low_demand""}]",REG-SUPPLY-REFINERY_UTILISATION,"""0.8""",fraction,Vopak/Reatile xlsx (Production_High / Production_Low),2025-03-24,nigel.zhuwaki,,unreviewed,unassessed,2026,EXC-SUPPLY-REFINERY_UTILISATION
LOC-07335a0d04a3,"supply.refinery_utilisation.csv[948:{""country"": ""ZAF:petrosa"", ""period"": ""2050"", ""scenario"": ""low_demand""}]",REG-SUPPLY-REFINERY_UTILISATION,"""0""",fraction,Vopak/Reatile xlsx (Production_High / Production_Low),2025-03-24,nigel.zhuwaki,,unreviewed,unassessed,2026,EXC-SUPPLY-REFINERY_UTILISATION
LOC-1dfcad89b26f,supply.refinery_availability.value,REG-SUPPLY-REFINERY_AVAILABILITY,0.9,fraction,Vopak/Reatile xlsx (Refinery_availability),2025-03-24,nigel.zhuwaki,,unreviewed,unassessed,2026,EXC-SUPPLY-REFINERY_AVAILABILITY
LOC-6bd8f334399d,vehicles.ev_scurve.by_country.ZAF.by_scenario.high_demand.max_penetration,REG-VEHICLES-EV_SCURVE,0.3,"ratio (penetration), year (midpoint)",Vopak/Reatile xlsx (EV_High_Penetration / EV_Low_Penetration); BLNS to be sourced,2025-03-24,nigel.zhuwaki,,unreviewed,unassessed,2026,EXC-VEHICLES-EV_SCURVE
LOC-d2892ae3da8e,vehicles.ev_scurve.by_country.ZAF.by_scenario.high_demand.midpoint,REG-VEHICLES-EV_SCURVE,2040,"ratio (penetration), year (midpoint)",Vopak/Reatile xlsx (EV_High_Penetration / EV_Low_Penetration); BLNS to be sourced,2025-03-24,nigel.zhuwaki,,unreviewed,unassessed,2026,EXC-VEHICLES-EV_SCURVE
LOC-028bcd5cedb3,vehicles.ev_scurve.by_country.ZAF.by_scenario.high_demand.slope,REG-VEHICLES-EV_SCURVE,3,"ratio (penetration), year (midpoint)",Vopak/Reatile xlsx (EV_High_Penetration / EV_Low_Penetration); BLNS to be sourced,2025-03-24,nigel.zhuwaki,,unreviewed,unassessed,2026,EXC-VEHICLES-EV_SCURVE
LOC-5a5604ff94bf,vehicles.ev_scurve.by_country.ZAF.by_scenario.low_demand.max_penetration,REG-VEHICLES-EV_SCURVE,0.9,"ratio (penetration), year (midpoint)",Vopak/Reatile xlsx (EV_High_Penetration / EV_Low_Penetration); BLNS to be sourced,2025-03-24,nigel.zhuwaki,,unreviewed,unassessed,2026,EXC-VEHICLES-EV_SCURVE
LOC-6535a70a8d75,vehicles.ev_scurve.by_country.ZAF.by_scenario.low_demand.midpoint,REG-VEHICLES-EV_SCURVE,2036,"ratio (penetration), year (midpoint)",Vopak/Reatile xlsx (EV_High_Penetration / EV_Low_Penetration); BLNS to be sourced,2025-03-24,nigel.zhuwaki,,unreviewed,unassessed,2026,EXC-VEHICLES-EV_SCURVE
LOC-ecb34a942924,vehicles.ev_scurve.by_country.ZAF.by_scenario.low_demand.slope,REG-VEHICLES-EV_SCURVE,2,"ratio (penetration), year (midpoint)",Vopak/Reatile xlsx (EV_High_Penetration / EV_Low_Penetration); BLNS to be sourced,2025-03-24,nigel.zhuwaki,,unreviewed,unassessed,2026,EXC-VEHICLES-EV_SCURVE
LOC-4a6fa4f27449,vehicles.ev_scurve.by_country.BWA.by_scenario.high_demand.max_penetration,REG-VEHICLES-EV_SCURVE,null,"ratio (penetration), year (midpoint)",Vopak/Reatile xlsx (EV_High_Penetration / EV_Low_Penetration); BLNS to be sourced,2025-03-24,nigel.zhuwaki,,unreviewed,unassessed,2026,EXC-VEHICLES-EV_SCURVE
LOC-1ca79c0d929d,vehicles.ev_scurve.by_country.BWA.by_scenario.high_demand.midpoint,REG-VEHICLES-EV_SCURVE,null,"ratio (penetration), year (midpoint)",Vopak/Reatile xlsx (EV_High_Penetration / EV_Low_Penetration); BLNS to be sourced,2025-03-24,nigel.zhuwaki,,unreviewed,unassessed,2026,EXC-VEHICLES-EV_SCURVE
LOC-35a7e20c1f24,vehicles.ev_scurve.by_country.BWA.by_scenario.high_demand.slope,REG-VEHICLES-EV_SCURVE,null,"ratio (penetration), year (midpoint)",Vopak/Reatile xlsx (EV_High_Penetration / EV_Low_Penetration); BLNS to be sourced,2025-03-24,nigel.zhuwaki,,unreviewed,unassessed,2026,EXC-VEHICLES-EV_SCURVE
LOC-8be4450cd314,vehicles.ev_scurve.by_country.BWA.by_scenario.low_demand.max_penetration,REG-VEHICLES-EV_SCURVE,null,"ratio (penetration), year (midpoint)",Vopak/Reatile xlsx (EV_High_Penetration / EV_Low_Penetration); BLNS to be sourced,2025-03-24,nigel.zhuwaki,,unreviewed,unassessed,2026,EXC-VEHICLES-EV_SCURVE
LOC-50e5c3c13f17,vehicles.ev_scurve.by_country.BWA.by_scenario.low_demand.midpoint,REG-VEHICLES-EV_SCURVE,null,"ratio (penetration), year (midpoint)",Vopak/Reatile xlsx (EV_High_Penetration / EV_Low_Penetration); BLNS to be sourced,2025-03-24,nigel.zhuwaki,,unreviewed,unassessed,2026,EXC-VEHICLES-EV_SCURVE
LOC-06586be33a68,vehicles.ev_scurve.by_country.BWA.by_scenario.low_demand.slope,REG-VEHICLES-EV_SCURVE,null,"ratio (penetration), year (midpoint)",Vopak/Reatile xlsx (EV_High_Penetration / EV_Low_Penetration); BLNS to be sourced,2025-03-24,nigel.zhuwaki,,unreviewed,unassessed,2026,EXC-VEHICLES-EV_SCURVE
LOC-02e7e32f6107,vehicles.ev_scurve.by_country.LSO.by_scenario.high_demand.max_penetration,REG-VEHICLES-EV_SCURVE,null,"ratio (penetration), year (midpoint)",Vopak/Reatile xlsx (EV_High_Penetration / EV_Low_Penetration); BLNS to be sourced,2025-03-24,nigel.zhuwaki,,unreviewed,unassessed,2026,EXC-VEHICLES-EV_SCURVE
LOC-333f2e24cde6,vehicles.ev_scurve.by_country.LSO.by_scenario.high_demand.midpoint,REG-VEHICLES-EV_SCURVE,null,"ratio (penetration), year (midpoint)",Vopak/Reatile xlsx (EV_High_Penetration / EV_Low_Penetration); BLNS to be sourced,2025-03-24,nigel.zhuwaki,,unreviewed,unassessed,2026,EXC-VEHICLES-EV_SCURVE
LOC-a2160587a90e,vehicles.ev_scurve.by_country.LSO.by_scenario.high_demand.slope,REG-VEHICLES-EV_SCURVE,null,"ratio (penetration), year (midpoint)",Vopak/Reatile xlsx (EV_High_Penetration / EV_Low_Penetration); BLNS to be sourced,2025-03-24,nigel.zhuwaki,,unreviewed,unassessed,2026,EXC-VEHICLES-EV_SCURVE
LOC-7cf4a02d847e,vehicles.ev_scurve.by_country.LSO.by_scenario.low_demand.max_penetration,REG-VEHICLES-EV_SCURVE,null,"ratio (penetration), year (midpoint)",Vopak/Reatile xlsx (EV_High_Penetration / EV_Low_Penetration); BLNS to be sourced,2025-03-24,nigel.zhuwaki,,unreviewed,unassessed,2026,EXC-VEHICLES-EV_SCURVE
LOC-195ecd4c3281,vehicles.ev_scurve.by_country.LSO.by_scenario.low_demand.midpoint,REG-VEHICLES-EV_SCURVE,null,"ratio (penetration), year (midpoint)",Vopak/Reatile xlsx (EV_High_Penetration / EV_Low_Penetration); BLNS to be sourced,2025-03-24,nigel.zhuwaki,,unreviewed,unassessed,2026,EXC-VEHICLES-EV_SCURVE
LOC-34dbfb446ab5,vehicles.ev_scurve.by_country.LSO.by_scenario.low_demand.slope,REG-VEHICLES-EV_SCURVE,null,"ratio (penetration), year (midpoint)",Vopak/Reatile xlsx (EV_High_Penetration / EV_Low_Penetration); BLNS to be sourced,2025-03-24,nigel.zhuwaki,,unreviewed,unassessed,2026,EXC-VEHICLES-EV_SCURVE
LOC-366948a9a20c,vehicles.ev_scurve.by_country.NAM.by_scenario.high_demand.max_penetration,REG-VEHICLES-EV_SCURVE,null,"ratio (penetration), year (midpoint)",Vopak/Reatile xlsx (EV_High_Penetration / EV_Low_Penetration); BLNS to be sourced,2025-03-24,nigel.zhuwaki,,unreviewed,unassessed,2026,EXC-VEHICLES-EV_SCURVE
LOC-ceb23d13aa94,vehicles.ev_scurve.by_country.NAM.by_scenario.high_demand.midpoint,REG-VEHICLES-EV_SCURVE,null,"ratio (penetration), year (midpoint)",Vopak/Reatile xlsx (EV_High_Penetration / EV_Low_Penetration); BLNS to be sourced,2025-03-24,nigel.zhuwaki,,unreviewed,unassessed,2026,EXC-VEHICLES-EV_SCURVE
LOC-197349de6a34,vehicles.ev_scurve.by_country.NAM.by_scenario.high_demand.slope,REG-VEHICLES-EV_SCURVE,null,"ratio (penetration), year (midpoint)",Vopak/Reatile xlsx (EV_High_Penetration / EV_Low_Penetration); BLNS to be sourced,2025-03-24,nigel.zhuwaki,,unreviewed,unassessed,2026,EXC-VEHICLES-EV_SCURVE
LOC-a0ea30f77c66,vehicles.ev_scurve.by_country.NAM.by_scenario.low_demand.max_penetration,REG-VEHICLES-EV_SCURVE,null,"ratio (penetration), year (midpoint)",Vopak/Reatile xlsx (EV_High_Penetration / EV_Low_Penetration); BLNS to be sourced,2025-03-24,nigel.zhuwaki,,unreviewed,unassessed,2026,EXC-VEHICLES-EV_SCURVE
LOC-3750711c6812,vehicles.ev_scurve.by_country.NAM.by_scenario.low_demand.midpoint,REG-VEHICLES-EV_SCURVE,null,"ratio (penetration), year (midpoint)",Vopak/Reatile xlsx (EV_High_Penetration / EV_Low_Penetration); BLNS to be sourced,2025-03-24,nigel.zhuwaki,,unreviewed,unassessed,2026,EXC-VEHICLES-EV_SCURVE
LOC-4fa7d10417aa,vehicles.ev_scurve.by_country.NAM.by_scenario.low_demand.slope,REG-VEHICLES-EV_SCURVE,null,"ratio (penetration), year (midpoint)",Vopak/Reatile xlsx (EV_High_Penetration / EV_Low_Penetration); BLNS to be sourced,2025-03-24,nigel.zhuwaki,,unreviewed,unassessed,2026,EXC-VEHICLES-EV_SCURVE
LOC-f128f97601ce,vehicles.ev_scurve.by_country.SWZ.by_scenario.high_demand.max_penetration,REG-VEHICLES-EV_SCURVE,null,"ratio (penetration), year (midpoint)",Vopak/Reatile xlsx (EV_High_Penetration / EV_Low_Penetration); BLNS to be sourced,2025-03-24,nigel.zhuwaki,,unreviewed,unassessed,2026,EXC-VEHICLES-EV_SCURVE
LOC-5785d1c76876,vehicles.ev_scurve.by_country.SWZ.by_scenario.high_demand.midpoint,REG-VEHICLES-EV_SCURVE,null,"ratio (penetration), year (midpoint)",Vopak/Reatile xlsx (EV_High_Penetration / EV_Low_Penetration); BLNS to be sourced,2025-03-24,nigel.zhuwaki,,unreviewed,unassessed,2026,EXC-VEHICLES-EV_SCURVE
LOC-f69dfaeb6f12,vehicles.ev_scurve.by_country.SWZ.by_scenario.high_demand.slope,REG-VEHICLES-EV_SCURVE,null,"ratio (penetration), year (midpoint)",Vopak/Reatile xlsx (EV_High_Penetration / EV_Low_Penetration); BLNS to be sourced,2025-03-24,nigel.zhuwaki,,unreviewed,unassessed,2026,EXC-VEHICLES-EV_SCURVE
LOC-eb5794637477,vehicles.ev_scurve.by_country.SWZ.by_scenario.low_demand.max_penetration,REG-VEHICLES-EV_SCURVE,null,"ratio (penetration), year (midpoint)",Vopak/Reatile xlsx (EV_High_Penetration / EV_Low_Penetration); BLNS to be sourced,2025-03-24,nigel.zhuwaki,,unreviewed,unassessed,2026,EXC-VEHICLES-EV_SCURVE
LOC-647fe97f9440,vehicles.ev_scurve.by_country.SWZ.by_scenario.low_demand.midpoint,REG-VEHICLES-EV_SCURVE,null,"ratio (penetration), year (midpoint)",Vopak/Reatile xlsx (EV_High_Penetration / EV_Low_Penetration); BLNS to be sourced,2025-03-24,nigel.zhuwaki,,unreviewed,unassessed,2026,EXC-VEHICLES-EV_SCURVE
LOC-b2020635d90d,vehicles.ev_scurve.by_country.SWZ.by_scenario.low_demand.slope,REG-VEHICLES-EV_SCURVE,null,"ratio (penetration), year (midpoint)",Vopak/Reatile xlsx (EV_High_Penetration / EV_Low_Penetration); BLNS to be sourced,2025-03-24,nigel.zhuwaki,,unreviewed,unassessed,2026,EXC-VEHICLES-EV_SCURVE
LOC-1e886b28d792,vehicles.new_vehicle_regression.by_country.ZAF.slope,REG-VEHICLES-NEW_VEHICLE_REGRESSION,37.3149,"vehicles per year (response), ZAR-per-capita constant 2015 (driver)",Vopak/Reatile xlsx (RegEV); BLNS to be fitted,2025-03-24,nigel.zhuwaki,,unreviewed,unassessed,2026,EXC-VEHICLES-NEW_VEHICLE_REGRESSION
LOC-018c4917de80,vehicles.new_vehicle_regression.by_country.ZAF.intercept,REG-VEHICLES-NEW_VEHICLE_REGRESSION,-2387744,"vehicles per year (response), ZAR-per-capita constant 2015 (driver)",Vopak/Reatile xlsx (RegEV); BLNS to be fitted,2025-03-24,nigel.zhuwaki,,unreviewed,unassessed,2026,EXC-VEHICLES-NEW_VEHICLE_REGRESSION
LOC-47fbdd8a6627,vehicles.new_vehicle_regression.by_country.ZAF.r_squared,REG-VEHICLES-NEW_VEHICLE_REGRESSION,0.511137,"vehicles per year (response), ZAR-per-capita constant 2015 (driver)",Vopak/Reatile xlsx (RegEV); BLNS to be fitted,2025-03-24,nigel.zhuwaki,,unreviewed,unassessed,2026,EXC-VEHICLES-NEW_VEHICLE_REGRESSION
LOC-3c17098fdd96,vehicles.new_vehicle_regression.by_country.BWA.slope,REG-VEHICLES-NEW_VEHICLE_REGRESSION,null,"vehicles per year (response), ZAR-per-capita constant 2015 (driver)",Vopak/Reatile xlsx (RegEV); BLNS to be fitted,2025-03-24,nigel.zhuwaki,,unreviewed,unassessed,2026,EXC-VEHICLES-NEW_VEHICLE_REGRESSION
LOC-c9d1dc6b6e3a,vehicles.new_vehicle_regression.by_country.BWA.intercept,REG-VEHICLES-NEW_VEHICLE_REGRESSION,null,"vehicles per year (response), ZAR-per-capita constant 2015 (driver)",Vopak/Reatile xlsx (RegEV); BLNS to be fitted,2025-03-24,nigel.zhuwaki,,unreviewed,unassessed,2026,EXC-VEHICLES-NEW_VEHICLE_REGRESSION
LOC-6a2be0a5dffa,vehicles.new_vehicle_regression.by_country.BWA.r_squared,REG-VEHICLES-NEW_VEHICLE_REGRESSION,null,"vehicles per year (response), ZAR-per-capita constant 2015 (driver)",Vopak/Reatile xlsx (RegEV); BLNS to be fitted,2025-03-24,nigel.zhuwaki,,unreviewed,unassessed,2026,EXC-VEHICLES-NEW_VEHICLE_REGRESSION
LOC-637ccd2a9b34,vehicles.new_vehicle_regression.by_country.LSO.slope,REG-VEHICLES-NEW_VEHICLE_REGRESSION,null,"vehicles per year (response), ZAR-per-capita constant 2015 (driver)",Vopak/Reatile xlsx (RegEV); BLNS to be fitted,2025-03-24,nigel.zhuwaki,,unreviewed,unassessed,2026,EXC-VEHICLES-NEW_VEHICLE_REGRESSION
LOC-ee5f4d05913b,vehicles.new_vehicle_regression.by_country.LSO.intercept,REG-VEHICLES-NEW_VEHICLE_REGRESSION,null,"vehicles per year (response), ZAR-per-capita constant 2015 (driver)",Vopak/Reatile xlsx (RegEV); BLNS to be fitted,2025-03-24,nigel.zhuwaki,,unreviewed,unassessed,2026,EXC-VEHICLES-NEW_VEHICLE_REGRESSION
LOC-883339437fe7,vehicles.new_vehicle_regression.by_country.LSO.r_squared,REG-VEHICLES-NEW_VEHICLE_REGRESSION,null,"vehicles per year (response), ZAR-per-capita constant 2015 (driver)",Vopak/Reatile xlsx (RegEV); BLNS to be fitted,2025-03-24,nigel.zhuwaki,,unreviewed,unassessed,2026,EXC-VEHICLES-NEW_VEHICLE_REGRESSION
LOC-f36912500ec4,vehicles.new_vehicle_regression.by_country.NAM.slope,REG-VEHICLES-NEW_VEHICLE_REGRESSION,null,"vehicles per year (response), ZAR-per-capita constant 2015 (driver)",Vopak/Reatile xlsx (RegEV); BLNS to be fitted,2025-03-24,nigel.zhuwaki,,unreviewed,unassessed,2026,EXC-VEHICLES-NEW_VEHICLE_REGRESSION
LOC-89084af223dc,vehicles.new_vehicle_regression.by_country.NAM.intercept,REG-VEHICLES-NEW_VEHICLE_REGRESSION,null,"vehicles per year (response), ZAR-per-capita constant 2015 (driver)",Vopak/Reatile xlsx (RegEV); BLNS to be fitted,2025-03-24,nigel.zhuwaki,,unreviewed,unassessed,2026,EXC-VEHICLES-NEW_VEHICLE_REGRESSION
LOC-e610b93b1681,vehicles.new_vehicle_regression.by_country.NAM.r_squared,REG-VEHICLES-NEW_VEHICLE_REGRESSION,null,"vehicles per year (response), ZAR-per-capita constant 2015 (driver)",Vopak/Reatile xlsx (RegEV); BLNS to be fitted,2025-03-24,nigel.zhuwaki,,unreviewed,unassessed,2026,EXC-VEHICLES-NEW_VEHICLE_REGRESSION
LOC-257da3f1bfd7,vehicles.new_vehicle_regression.by_country.SWZ.slope,REG-VEHICLES-NEW_VEHICLE_REGRESSION,null,"vehicles per year (response), ZAR-per-capita constant 2015 (driver)",Vopak/Reatile xlsx (RegEV); BLNS to be fitted,2025-03-24,nigel.zhuwaki,,unreviewed,unassessed,2026,EXC-VEHICLES-NEW_VEHICLE_REGRESSION
LOC-c8b4d0dabd5e,vehicles.new_vehicle_regression.by_country.SWZ.intercept,REG-VEHICLES-NEW_VEHICLE_REGRESSION,null,"vehicles per year (response), ZAR-per-capita constant 2015 (driver)",Vopak/Reatile xlsx (RegEV); BLNS to be fitted,2025-03-24,nigel.zhuwaki,,unreviewed,unassessed,2026,EXC-VEHICLES-NEW_VEHICLE_REGRESSION
LOC-d3fbe6cd5a1a,vehicles.new_vehicle_regression.by_country.SWZ.r_squared,REG-VEHICLES-NEW_VEHICLE_REGRESSION,null,"vehicles per year (response), ZAR-per-capita constant 2015 (driver)",Vopak/Reatile xlsx (RegEV); BLNS to be fitted,2025-03-24,nigel.zhuwaki,,unreviewed,unassessed,2026,EXC-VEHICLES-NEW_VEHICLE_REGRESSION
LOC-ede9b157e597,vehicles.annual_km_per_vehicle.by_country.ZAF.passenger,REG-VEHICLES-ANNUAL_KM_PER_VEHICLE,17000,km per vehicle per year,PROVISIONAL — literature mid-range placeholders pending teammate lookup (eNaTIS odometer queries / GreenCape / NAAMSA / IEA MoMo). See docs/methodology/params_sourcing.md,,nigel.zhuwaki,,unreviewed,unassessed,2026,EXC-VEHICLES-ANNUAL_KM_PER_VEHICLE
LOC-1982fc61a3a7,vehicles.annual_km_per_vehicle.by_country.ZAF.lcv,REG-VEHICLES-ANNUAL_KM_PER_VEHICLE,28000,km per vehicle per year,PROVISIONAL — literature mid-range placeholders pending teammate lookup (eNaTIS odometer queries / GreenCape / NAAMSA / IEA MoMo). See docs/methodology/params_sourcing.md,,nigel.zhuwaki,,unreviewed,unassessed,2026,EXC-VEHICLES-ANNUAL_KM_PER_VEHICLE
LOC-a149793df9cf,vehicles.annual_km_per_vehicle.by_country.ZAF.hcv,REG-VEHICLES-ANNUAL_KM_PER_VEHICLE,70000,km per vehicle per year,PROVISIONAL — literature mid-range placeholders pending teammate lookup (eNaTIS odometer queries / GreenCape / NAAMSA / IEA MoMo). See docs/methodology/params_sourcing.md,,nigel.zhuwaki,,unreviewed,unassessed,2026,EXC-VEHICLES-ANNUAL_KM_PER_VEHICLE
LOC-85b9a39c8d36,vehicles.annual_km_per_vehicle.by_country.BWA.passenger,REG-VEHICLES-ANNUAL_KM_PER_VEHICLE,null,km per vehicle per year,PROVISIONAL — literature mid-range placeholders pending teammate lookup (eNaTIS odometer queries / GreenCape / NAAMSA / IEA MoMo). See docs/methodology/params_sourcing.md,,nigel.zhuwaki,,unreviewed,unassessed,2026,EXC-VEHICLES-ANNUAL_KM_PER_VEHICLE
LOC-cd0372ea0c5c,vehicles.annual_km_per_vehicle.by_country.BWA.lcv,REG-VEHICLES-ANNUAL_KM_PER_VEHICLE,null,km per vehicle per year,PROVISIONAL — literature mid-range placeholders pending teammate lookup (eNaTIS odometer queries / GreenCape / NAAMSA / IEA MoMo). See docs/methodology/params_sourcing.md,,nigel.zhuwaki,,unreviewed,unassessed,2026,EXC-VEHICLES-ANNUAL_KM_PER_VEHICLE
LOC-86f4b8b4eb88,vehicles.annual_km_per_vehicle.by_country.BWA.hcv,REG-VEHICLES-ANNUAL_KM_PER_VEHICLE,null,km per vehicle per year,PROVISIONAL — literature mid-range placeholders pending teammate lookup (eNaTIS odometer queries / GreenCape / NAAMSA / IEA MoMo). See docs/methodology/params_sourcing.md,,nigel.zhuwaki,,unreviewed,unassessed,2026,EXC-VEHICLES-ANNUAL_KM_PER_VEHICLE
LOC-611f68c21b5c,vehicles.annual_km_per_vehicle.by_country.LSO.passenger,REG-VEHICLES-ANNUAL_KM_PER_VEHICLE,null,km per vehicle per year,PROVISIONAL — literature mid-range placeholders pending teammate lookup (eNaTIS odometer queries / GreenCape / NAAMSA / IEA MoMo). See docs/methodology/params_sourcing.md,,nigel.zhuwaki,,unreviewed,unassessed,2026,EXC-VEHICLES-ANNUAL_KM_PER_VEHICLE
LOC-cad43006d9d0,vehicles.annual_km_per_vehicle.by_country.LSO.lcv,REG-VEHICLES-ANNUAL_KM_PER_VEHICLE,null,km per vehicle per year,PROVISIONAL — literature mid-range placeholders pending teammate lookup (eNaTIS odometer queries / GreenCape / NAAMSA / IEA MoMo). See docs/methodology/params_sourcing.md,,nigel.zhuwaki,,unreviewed,unassessed,2026,EXC-VEHICLES-ANNUAL_KM_PER_VEHICLE
LOC-2a4c45cb3135,vehicles.annual_km_per_vehicle.by_country.LSO.hcv,REG-VEHICLES-ANNUAL_KM_PER_VEHICLE,null,km per vehicle per year,PROVISIONAL — literature mid-range placeholders pending teammate lookup (eNaTIS odometer queries / GreenCape / NAAMSA / IEA MoMo). See docs/methodology/params_sourcing.md,,nigel.zhuwaki,,unreviewed,unassessed,2026,EXC-VEHICLES-ANNUAL_KM_PER_VEHICLE
LOC-308cf6b7b800,vehicles.annual_km_per_vehicle.by_country.NAM.passenger,REG-VEHICLES-ANNUAL_KM_PER_VEHICLE,null,km per vehicle per year,PROVISIONAL — literature mid-range placeholders pending teammate lookup (eNaTIS odometer queries / GreenCape / NAAMSA / IEA MoMo). See docs/methodology/params_sourcing.md,,nigel.zhuwaki,,unreviewed,unassessed,2026,EXC-VEHICLES-ANNUAL_KM_PER_VEHICLE
LOC-3d068bc28974,vehicles.annual_km_per_vehicle.by_country.NAM.lcv,REG-VEHICLES-ANNUAL_KM_PER_VEHICLE,null,km per vehicle per year,PROVISIONAL — literature mid-range placeholders pending teammate lookup (eNaTIS odometer queries / GreenCape / NAAMSA / IEA MoMo). See docs/methodology/params_sourcing.md,,nigel.zhuwaki,,unreviewed,unassessed,2026,EXC-VEHICLES-ANNUAL_KM_PER_VEHICLE
LOC-fce4abbb0b50,vehicles.annual_km_per_vehicle.by_country.NAM.hcv,REG-VEHICLES-ANNUAL_KM_PER_VEHICLE,null,km per vehicle per year,PROVISIONAL — literature mid-range placeholders pending teammate lookup (eNaTIS odometer queries / GreenCape / NAAMSA / IEA MoMo). See docs/methodology/params_sourcing.md,,nigel.zhuwaki,,unreviewed,unassessed,2026,EXC-VEHICLES-ANNUAL_KM_PER_VEHICLE
LOC-c7b39fb7d0e1,vehicles.annual_km_per_vehicle.by_country.SWZ.passenger,REG-VEHICLES-ANNUAL_KM_PER_VEHICLE,null,km per vehicle per year,PROVISIONAL — literature mid-range placeholders pending teammate lookup (eNaTIS odometer queries / GreenCape / NAAMSA / IEA MoMo). See docs/methodology/params_sourcing.md,,nigel.zhuwaki,,unreviewed,unassessed,2026,EXC-VEHICLES-ANNUAL_KM_PER_VEHICLE
LOC-18c43da4da9e,vehicles.annual_km_per_vehicle.by_country.SWZ.lcv,REG-VEHICLES-ANNUAL_KM_PER_VEHICLE,null,km per vehicle per year,PROVISIONAL — literature mid-range placeholders pending teammate lookup (eNaTIS odometer queries / GreenCape / NAAMSA / IEA MoMo). See docs/methodology/params_sourcing.md,,nigel.zhuwaki,,unreviewed,unassessed,2026,EXC-VEHICLES-ANNUAL_KM_PER_VEHICLE
LOC-6b695c1a776e,vehicles.annual_km_per_vehicle.by_country.SWZ.hcv,REG-VEHICLES-ANNUAL_KM_PER_VEHICLE,null,km per vehicle per year,PROVISIONAL — literature mid-range placeholders pending teammate lookup (eNaTIS odometer queries / GreenCape / NAAMSA / IEA MoMo). See docs/methodology/params_sourcing.md,,nigel.zhuwaki,,unreviewed,unassessed,2026,EXC-VEHICLES-ANNUAL_KM_PER_VEHICLE
LOC-0f898a591d7b,vehicles.fuel_consumption.by_country.ZAF.passenger.ice_petrol,REG-VEHICLES-FUEL_CONSUMPTION,9.5,L / 100 km,"PROVISIONAL — literature mid-range placeholders pending teammate lookup (DMRE/DoE energy balances, IEA MoMo, NAAMSA-weighted OEM averages). See docs/methodology/params_sourcing.md",,nigel.zhuwaki,,unreviewed,unassessed,2026,EXC-VEHICLES-FUEL_CONSUMPTION
LOC-8b05ac83d99b,vehicles.fuel_consumption.by_country.ZAF.passenger.ice_diesel,REG-VEHICLES-FUEL_CONSUMPTION,7.5,L / 100 km,"PROVISIONAL — literature mid-range placeholders pending teammate lookup (DMRE/DoE energy balances, IEA MoMo, NAAMSA-weighted OEM averages). See docs/methodology/params_sourcing.md",,nigel.zhuwaki,,unreviewed,unassessed,2026,EXC-VEHICLES-FUEL_CONSUMPTION
LOC-e17eebd18a0c,vehicles.fuel_consumption.by_country.ZAF.lcv.ice_petrol,REG-VEHICLES-FUEL_CONSUMPTION,10.5,L / 100 km,"PROVISIONAL — literature mid-range placeholders pending teammate lookup (DMRE/DoE energy balances, IEA MoMo, NAAMSA-weighted OEM averages). See docs/methodology/params_sourcing.md",,nigel.zhuwaki,,unreviewed,unassessed,2026,EXC-VEHICLES-FUEL_CONSUMPTION
LOC-3d585e221217,vehicles.fuel_consumption.by_country.ZAF.lcv.ice_diesel,REG-VEHICLES-FUEL_CONSUMPTION,9.0,L / 100 km,"PROVISIONAL — literature mid-range placeholders pending teammate lookup (DMRE/DoE energy balances, IEA MoMo, NAAMSA-weighted OEM averages). See docs/methodology/params_sourcing.md",,nigel.zhuwaki,,unreviewed,unassessed,2026,EXC-VEHICLES-FUEL_CONSUMPTION
LOC-002c8aaaa7b8,vehicles.fuel_consumption.by_country.ZAF.hcv.ice_petrol,REG-VEHICLES-FUEL_CONSUMPTION,null,L / 100 km,"PROVISIONAL — literature mid-range placeholders pending teammate lookup (DMRE/DoE energy balances, IEA MoMo, NAAMSA-weighted OEM averages). See docs/methodology/params_sourcing.md",,nigel.zhuwaki,,unreviewed,unassessed,2026,EXC-VEHICLES-FUEL_CONSUMPTION
LOC-cd9954b4f36c,vehicles.fuel_consumption.by_country.ZAF.hcv.ice_diesel,REG-VEHICLES-FUEL_CONSUMPTION,35.0,L / 100 km,"PROVISIONAL — literature mid-range placeholders pending teammate lookup (DMRE/DoE energy balances, IEA MoMo, NAAMSA-weighted OEM averages). See docs/methodology/params_sourcing.md",,nigel.zhuwaki,,unreviewed,unassessed,2026,EXC-VEHICLES-FUEL_CONSUMPTION
LOC-d92c9523ab86,vehicles.fuel_consumption.by_country.BWA.passenger.ice_petrol,REG-VEHICLES-FUEL_CONSUMPTION,null,L / 100 km,"PROVISIONAL — literature mid-range placeholders pending teammate lookup (DMRE/DoE energy balances, IEA MoMo, NAAMSA-weighted OEM averages). See docs/methodology/params_sourcing.md",,nigel.zhuwaki,,unreviewed,unassessed,2026,EXC-VEHICLES-FUEL_CONSUMPTION
LOC-bb2944e19222,vehicles.fuel_consumption.by_country.BWA.passenger.ice_diesel,REG-VEHICLES-FUEL_CONSUMPTION,null,L / 100 km,"PROVISIONAL — literature mid-range placeholders pending teammate lookup (DMRE/DoE energy balances, IEA MoMo, NAAMSA-weighted OEM averages). See docs/methodology/params_sourcing.md",,nigel.zhuwaki,,unreviewed,unassessed,2026,EXC-VEHICLES-FUEL_CONSUMPTION
LOC-fd8611cae4fa,vehicles.fuel_consumption.by_country.BWA.lcv.ice_petrol,REG-VEHICLES-FUEL_CONSUMPTION,null,L / 100 km,"PROVISIONAL — literature mid-range placeholders pending teammate lookup (DMRE/DoE energy balances, IEA MoMo, NAAMSA-weighted OEM averages). See docs/methodology/params_sourcing.md",,nigel.zhuwaki,,unreviewed,unassessed,2026,EXC-VEHICLES-FUEL_CONSUMPTION
LOC-46b1f9a9f717,vehicles.fuel_consumption.by_country.BWA.lcv.ice_diesel,REG-VEHICLES-FUEL_CONSUMPTION,null,L / 100 km,"PROVISIONAL — literature mid-range placeholders pending teammate lookup (DMRE/DoE energy balances, IEA MoMo, NAAMSA-weighted OEM averages). See docs/methodology/params_sourcing.md",,nigel.zhuwaki,,unreviewed,unassessed,2026,EXC-VEHICLES-FUEL_CONSUMPTION
LOC-c2ac04f4e736,vehicles.fuel_consumption.by_country.BWA.hcv.ice_petrol,REG-VEHICLES-FUEL_CONSUMPTION,null,L / 100 km,"PROVISIONAL — literature mid-range placeholders pending teammate lookup (DMRE/DoE energy balances, IEA MoMo, NAAMSA-weighted OEM averages). See docs/methodology/params_sourcing.md",,nigel.zhuwaki,,unreviewed,unassessed,2026,EXC-VEHICLES-FUEL_CONSUMPTION
LOC-9baabfd9e87d,vehicles.fuel_consumption.by_country.BWA.hcv.ice_diesel,REG-VEHICLES-FUEL_CONSUMPTION,null,L / 100 km,"PROVISIONAL — literature mid-range placeholders pending teammate lookup (DMRE/DoE energy balances, IEA MoMo, NAAMSA-weighted OEM averages). See docs/methodology/params_sourcing.md",,nigel.zhuwaki,,unreviewed,unassessed,2026,EXC-VEHICLES-FUEL_CONSUMPTION
LOC-3fc1fe37ccd0,vehicles.fuel_consumption.by_country.LSO.passenger.ice_petrol,REG-VEHICLES-FUEL_CONSUMPTION,null,L / 100 km,"PROVISIONAL — literature mid-range placeholders pending teammate lookup (DMRE/DoE energy balances, IEA MoMo, NAAMSA-weighted OEM averages). See docs/methodology/params_sourcing.md",,nigel.zhuwaki,,unreviewed,unassessed,2026,EXC-VEHICLES-FUEL_CONSUMPTION
LOC-174cbe3953d9,vehicles.fuel_consumption.by_country.LSO.passenger.ice_diesel,REG-VEHICLES-FUEL_CONSUMPTION,null,L / 100 km,"PROVISIONAL — literature mid-range placeholders pending teammate lookup (DMRE/DoE energy balances, IEA MoMo, NAAMSA-weighted OEM averages). See docs/methodology/params_sourcing.md",,nigel.zhuwaki,,unreviewed,unassessed,2026,EXC-VEHICLES-FUEL_CONSUMPTION
LOC-56c748036642,vehicles.fuel_consumption.by_country.LSO.lcv.ice_petrol,REG-VEHICLES-FUEL_CONSUMPTION,null,L / 100 km,"PROVISIONAL — literature mid-range placeholders pending teammate lookup (DMRE/DoE energy balances, IEA MoMo, NAAMSA-weighted OEM averages). See docs/methodology/params_sourcing.md",,nigel.zhuwaki,,unreviewed,unassessed,2026,EXC-VEHICLES-FUEL_CONSUMPTION
LOC-7785c6fdb495,vehicles.fuel_consumption.by_country.LSO.lcv.ice_diesel,REG-VEHICLES-FUEL_CONSUMPTION,null,L / 100 km,"PROVISIONAL — literature mid-range placeholders pending teammate lookup (DMRE/DoE energy balances, IEA MoMo, NAAMSA-weighted OEM averages). See docs/methodology/params_sourcing.md",,nigel.zhuwaki,,unreviewed,unassessed,2026,EXC-VEHICLES-FUEL_CONSUMPTION
LOC-66226dbd1921,vehicles.fuel_consumption.by_country.LSO.hcv.ice_petrol,REG-VEHICLES-FUEL_CONSUMPTION,null,L / 100 km,"PROVISIONAL — literature mid-range placeholders pending teammate lookup (DMRE/DoE energy balances, IEA MoMo, NAAMSA-weighted OEM averages). See docs/methodology/params_sourcing.md",,nigel.zhuwaki,,unreviewed,unassessed,2026,EXC-VEHICLES-FUEL_CONSUMPTION
LOC-94f7e6361bdd,vehicles.fuel_consumption.by_country.LSO.hcv.ice_diesel,REG-VEHICLES-FUEL_CONSUMPTION,null,L / 100 km,"PROVISIONAL — literature mid-range placeholders pending teammate lookup (DMRE/DoE energy balances, IEA MoMo, NAAMSA-weighted OEM averages). See docs/methodology/params_sourcing.md",,nigel.zhuwaki,,unreviewed,unassessed,2026,EXC-VEHICLES-FUEL_CONSUMPTION
LOC-c1434d7aca65,vehicles.fuel_consumption.by_country.NAM.passenger.ice_petrol,REG-VEHICLES-FUEL_CONSUMPTION,null,L / 100 km,"PROVISIONAL — literature mid-range placeholders pending teammate lookup (DMRE/DoE energy balances, IEA MoMo, NAAMSA-weighted OEM averages). See docs/methodology/params_sourcing.md",,nigel.zhuwaki,,unreviewed,unassessed,2026,EXC-VEHICLES-FUEL_CONSUMPTION
LOC-d18cde3d593a,vehicles.fuel_consumption.by_country.NAM.passenger.ice_diesel,REG-VEHICLES-FUEL_CONSUMPTION,null,L / 100 km,"PROVISIONAL — literature mid-range placeholders pending teammate lookup (DMRE/DoE energy balances, IEA MoMo, NAAMSA-weighted OEM averages). See docs/methodology/params_sourcing.md",,nigel.zhuwaki,,unreviewed,unassessed,2026,EXC-VEHICLES-FUEL_CONSUMPTION
LOC-2482e6259f9a,vehicles.fuel_consumption.by_country.NAM.lcv.ice_petrol,REG-VEHICLES-FUEL_CONSUMPTION,null,L / 100 km,"PROVISIONAL — literature mid-range placeholders pending teammate lookup (DMRE/DoE energy balances, IEA MoMo, NAAMSA-weighted OEM averages). See docs/methodology/params_sourcing.md",,nigel.zhuwaki,,unreviewed,unassessed,2026,EXC-VEHICLES-FUEL_CONSUMPTION
LOC-88294c695e52,vehicles.fuel_consumption.by_country.NAM.lcv.ice_diesel,REG-VEHICLES-FUEL_CONSUMPTION,null,L / 100 km,"PROVISIONAL — literature mid-range placeholders pending teammate lookup (DMRE/DoE energy balances, IEA MoMo, NAAMSA-weighted OEM averages). See docs/methodology/params_sourcing.md",,nigel.zhuwaki,,unreviewed,unassessed,2026,EXC-VEHICLES-FUEL_CONSUMPTION
LOC-34a27da9d955,vehicles.fuel_consumption.by_country.NAM.hcv.ice_petrol,REG-VEHICLES-FUEL_CONSUMPTION,null,L / 100 km,"PROVISIONAL — literature mid-range placeholders pending teammate lookup (DMRE/DoE energy balances, IEA MoMo, NAAMSA-weighted OEM averages). See docs/methodology/params_sourcing.md",,nigel.zhuwaki,,unreviewed,unassessed,2026,EXC-VEHICLES-FUEL_CONSUMPTION
LOC-b57998bddeec,vehicles.fuel_consumption.by_country.NAM.hcv.ice_diesel,REG-VEHICLES-FUEL_CONSUMPTION,null,L / 100 km,"PROVISIONAL — literature mid-range placeholders pending teammate lookup (DMRE/DoE energy balances, IEA MoMo, NAAMSA-weighted OEM averages). See docs/methodology/params_sourcing.md",,nigel.zhuwaki,,unreviewed,unassessed,2026,EXC-VEHICLES-FUEL_CONSUMPTION
LOC-1869a406cf21,vehicles.fuel_consumption.by_country.SWZ.passenger.ice_petrol,REG-VEHICLES-FUEL_CONSUMPTION,null,L / 100 km,"PROVISIONAL — literature mid-range placeholders pending teammate lookup (DMRE/DoE energy balances, IEA MoMo, NAAMSA-weighted OEM averages). See docs/methodology/params_sourcing.md",,nigel.zhuwaki,,unreviewed,unassessed,2026,EXC-VEHICLES-FUEL_CONSUMPTION
LOC-6ed1161f859e,vehicles.fuel_consumption.by_country.SWZ.passenger.ice_diesel,REG-VEHICLES-FUEL_CONSUMPTION,null,L / 100 km,"PROVISIONAL — literature mid-range placeholders pending teammate lookup (DMRE/DoE energy balances, IEA MoMo, NAAMSA-weighted OEM averages). See docs/methodology/params_sourcing.md",,nigel.zhuwaki,,unreviewed,unassessed,2026,EXC-VEHICLES-FUEL_CONSUMPTION
LOC-bdb6627a727a,vehicles.fuel_consumption.by_country.SWZ.lcv.ice_petrol,REG-VEHICLES-FUEL_CONSUMPTION,null,L / 100 km,"PROVISIONAL — literature mid-range placeholders pending teammate lookup (DMRE/DoE energy balances, IEA MoMo, NAAMSA-weighted OEM averages). See docs/methodology/params_sourcing.md",,nigel.zhuwaki,,unreviewed,unassessed,2026,EXC-VEHICLES-FUEL_CONSUMPTION
LOC-c9320f4e553c,vehicles.fuel_consumption.by_country.SWZ.lcv.ice_diesel,REG-VEHICLES-FUEL_CONSUMPTION,null,L / 100 km,"PROVISIONAL — literature mid-range placeholders pending teammate lookup (DMRE/DoE energy balances, IEA MoMo, NAAMSA-weighted OEM averages). See docs/methodology/params_sourcing.md",,nigel.zhuwaki,,unreviewed,unassessed,2026,EXC-VEHICLES-FUEL_CONSUMPTION
LOC-0f2c0fec21e4,vehicles.fuel_consumption.by_country.SWZ.hcv.ice_petrol,REG-VEHICLES-FUEL_CONSUMPTION,null,L / 100 km,"PROVISIONAL — literature mid-range placeholders pending teammate lookup (DMRE/DoE energy balances, IEA MoMo, NAAMSA-weighted OEM averages). See docs/methodology/params_sourcing.md",,nigel.zhuwaki,,unreviewed,unassessed,2026,EXC-VEHICLES-FUEL_CONSUMPTION
LOC-789fc66e3567,vehicles.fuel_consumption.by_country.SWZ.hcv.ice_diesel,REG-VEHICLES-FUEL_CONSUMPTION,null,L / 100 km,"PROVISIONAL — literature mid-range placeholders pending teammate lookup (DMRE/DoE energy balances, IEA MoMo, NAAMSA-weighted OEM averages). See docs/methodology/params_sourcing.md",,nigel.zhuwaki,,unreviewed,unassessed,2026,EXC-VEHICLES-FUEL_CONSUMPTION
LOC-3da3d55f90af,vehicles.petrol_diesel_split.by_country.ZAF.passenger.petrol,REG-VEHICLES-PETROL_DIESEL_SPLIT,0.83,fraction (sums to 1 per country×segment),PROVISIONAL — literature mid-range placeholders pending teammate lookup (NAAMSA monthly sales reports). See docs/methodology/params_sourcing.md,,nigel.zhuwaki,,unreviewed,unassessed,2026,EXC-VEHICLES-PETROL_DIESEL_SPLIT
LOC-6407abf662f5,vehicles.petrol_diesel_split.by_country.ZAF.passenger.diesel,REG-VEHICLES-PETROL_DIESEL_SPLIT,0.17,fraction (sums to 1 per country×segment),PROVISIONAL — literature mid-range placeholders pending teammate lookup (NAAMSA monthly sales reports). See docs/methodology/params_sourcing.md,,nigel.zhuwaki,,unreviewed,unassessed,2026,EXC-VEHICLES-PETROL_DIESEL_SPLIT
LOC-cf418d2d7272,vehicles.petrol_diesel_split.by_country.ZAF.lcv.petrol,REG-VEHICLES-PETROL_DIESEL_SPLIT,0.3,fraction (sums to 1 per country×segment),PROVISIONAL — literature mid-range placeholders pending teammate lookup (NAAMSA monthly sales reports). See docs/methodology/params_sourcing.md,,nigel.zhuwaki,,unreviewed,unassessed,2026,EXC-VEHICLES-PETROL_DIESEL_SPLIT
LOC-c01ed21a62b3,vehicles.petrol_diesel_split.by_country.ZAF.lcv.diesel,REG-VEHICLES-PETROL_DIESEL_SPLIT,0.7,fraction (sums to 1 per country×segment),PROVISIONAL — literature mid-range placeholders pending teammate lookup (NAAMSA monthly sales reports). See docs/methodology/params_sourcing.md,,nigel.zhuwaki,,unreviewed,unassessed,2026,EXC-VEHICLES-PETROL_DIESEL_SPLIT
LOC-2e0c5b15d995,vehicles.petrol_diesel_split.by_country.ZAF.hcv.petrol,REG-VEHICLES-PETROL_DIESEL_SPLIT,0.0,fraction (sums to 1 per country×segment),PROVISIONAL — literature mid-range placeholders pending teammate lookup (NAAMSA monthly sales reports). See docs/methodology/params_sourcing.md,,nigel.zhuwaki,,unreviewed,unassessed,2026,EXC-VEHICLES-PETROL_DIESEL_SPLIT
LOC-4c67e356c64e,vehicles.petrol_diesel_split.by_country.ZAF.hcv.diesel,REG-VEHICLES-PETROL_DIESEL_SPLIT,1.0,fraction (sums to 1 per country×segment),PROVISIONAL — literature mid-range placeholders pending teammate lookup (NAAMSA monthly sales reports). See docs/methodology/params_sourcing.md,,nigel.zhuwaki,,unreviewed,unassessed,2026,EXC-VEHICLES-PETROL_DIESEL_SPLIT
LOC-cc6ed2d34ec2,vehicles.petrol_diesel_split.by_country.BWA.passenger.petrol,REG-VEHICLES-PETROL_DIESEL_SPLIT,null,fraction (sums to 1 per country×segment),PROVISIONAL — literature mid-range placeholders pending teammate lookup (NAAMSA monthly sales reports). See docs/methodology/params_sourcing.md,,nigel.zhuwaki,,unreviewed,unassessed,2026,EXC-VEHICLES-PETROL_DIESEL_SPLIT
LOC-f392f135c6c5,vehicles.petrol_diesel_split.by_country.BWA.passenger.diesel,REG-VEHICLES-PETROL_DIESEL_SPLIT,null,fraction (sums to 1 per country×segment),PROVISIONAL — literature mid-range placeholders pending teammate lookup (NAAMSA monthly sales reports). See docs/methodology/params_sourcing.md,,nigel.zhuwaki,,unreviewed,unassessed,2026,EXC-VEHICLES-PETROL_DIESEL_SPLIT
LOC-eb7a6f85e4a3,vehicles.petrol_diesel_split.by_country.BWA.lcv.petrol,REG-VEHICLES-PETROL_DIESEL_SPLIT,null,fraction (sums to 1 per country×segment),PROVISIONAL — literature mid-range placeholders pending teammate lookup (NAAMSA monthly sales reports). See docs/methodology/params_sourcing.md,,nigel.zhuwaki,,unreviewed,unassessed,2026,EXC-VEHICLES-PETROL_DIESEL_SPLIT
LOC-3906c1a07590,vehicles.petrol_diesel_split.by_country.BWA.lcv.diesel,REG-VEHICLES-PETROL_DIESEL_SPLIT,null,fraction (sums to 1 per country×segment),PROVISIONAL — literature mid-range placeholders pending teammate lookup (NAAMSA monthly sales reports). See docs/methodology/params_sourcing.md,,nigel.zhuwaki,,unreviewed,unassessed,2026,EXC-VEHICLES-PETROL_DIESEL_SPLIT
LOC-c5b0281bec4b,vehicles.petrol_diesel_split.by_country.BWA.hcv.petrol,REG-VEHICLES-PETROL_DIESEL_SPLIT,null,fraction (sums to 1 per country×segment),PROVISIONAL — literature mid-range placeholders pending teammate lookup (NAAMSA monthly sales reports). See docs/methodology/params_sourcing.md,,nigel.zhuwaki,,unreviewed,unassessed,2026,EXC-VEHICLES-PETROL_DIESEL_SPLIT
LOC-165274c9c64a,vehicles.petrol_diesel_split.by_country.BWA.hcv.diesel,REG-VEHICLES-PETROL_DIESEL_SPLIT,null,fraction (sums to 1 per country×segment),PROVISIONAL — literature mid-range placeholders pending teammate lookup (NAAMSA monthly sales reports). See docs/methodology/params_sourcing.md,,nigel.zhuwaki,,unreviewed,unassessed,2026,EXC-VEHICLES-PETROL_DIESEL_SPLIT
LOC-5c3239b96409,vehicles.petrol_diesel_split.by_country.LSO.passenger.petrol,REG-VEHICLES-PETROL_DIESEL_SPLIT,null,fraction (sums to 1 per country×segment),PROVISIONAL — literature mid-range placeholders pending teammate lookup (NAAMSA monthly sales reports). See docs/methodology/params_sourcing.md,,nigel.zhuwaki,,unreviewed,unassessed,2026,EXC-VEHICLES-PETROL_DIESEL_SPLIT
LOC-869498a44ef3,vehicles.petrol_diesel_split.by_country.LSO.passenger.diesel,REG-VEHICLES-PETROL_DIESEL_SPLIT,null,fraction (sums to 1 per country×segment),PROVISIONAL — literature mid-range placeholders pending teammate lookup (NAAMSA monthly sales reports). See docs/methodology/params_sourcing.md,,nigel.zhuwaki,,unreviewed,unassessed,2026,EXC-VEHICLES-PETROL_DIESEL_SPLIT
LOC-f1eace71e9ac,vehicles.petrol_diesel_split.by_country.LSO.lcv.petrol,REG-VEHICLES-PETROL_DIESEL_SPLIT,null,fraction (sums to 1 per country×segment),PROVISIONAL — literature mid-range placeholders pending teammate lookup (NAAMSA monthly sales reports). See docs/methodology/params_sourcing.md,,nigel.zhuwaki,,unreviewed,unassessed,2026,EXC-VEHICLES-PETROL_DIESEL_SPLIT
LOC-390d51c9fa1e,vehicles.petrol_diesel_split.by_country.LSO.lcv.diesel,REG-VEHICLES-PETROL_DIESEL_SPLIT,null,fraction (sums to 1 per country×segment),PROVISIONAL — literature mid-range placeholders pending teammate lookup (NAAMSA monthly sales reports). See docs/methodology/params_sourcing.md,,nigel.zhuwaki,,unreviewed,unassessed,2026,EXC-VEHICLES-PETROL_DIESEL_SPLIT
LOC-4f4dcef99763,vehicles.petrol_diesel_split.by_country.LSO.hcv.petrol,REG-VEHICLES-PETROL_DIESEL_SPLIT,null,fraction (sums to 1 per country×segment),PROVISIONAL — literature mid-range placeholders pending teammate lookup (NAAMSA monthly sales reports). See docs/methodology/params_sourcing.md,,nigel.zhuwaki,,unreviewed,unassessed,2026,EXC-VEHICLES-PETROL_DIESEL_SPLIT
LOC-c0d8b080f37c,vehicles.petrol_diesel_split.by_country.LSO.hcv.diesel,REG-VEHICLES-PETROL_DIESEL_SPLIT,null,fraction (sums to 1 per country×segment),PROVISIONAL — literature mid-range placeholders pending teammate lookup (NAAMSA monthly sales reports). See docs/methodology/params_sourcing.md,,nigel.zhuwaki,,unreviewed,unassessed,2026,EXC-VEHICLES-PETROL_DIESEL_SPLIT
LOC-32b9e2157fe6,vehicles.petrol_diesel_split.by_country.NAM.passenger.petrol,REG-VEHICLES-PETROL_DIESEL_SPLIT,null,fraction (sums to 1 per country×segment),PROVISIONAL — literature mid-range placeholders pending teammate lookup (NAAMSA monthly sales reports). See docs/methodology/params_sourcing.md,,nigel.zhuwaki,,unreviewed,unassessed,2026,EXC-VEHICLES-PETROL_DIESEL_SPLIT
LOC-83353cd0fa13,vehicles.petrol_diesel_split.by_country.NAM.passenger.diesel,REG-VEHICLES-PETROL_DIESEL_SPLIT,null,fraction (sums to 1 per country×segment),PROVISIONAL — literature mid-range placeholders pending teammate lookup (NAAMSA monthly sales reports). See docs/methodology/params_sourcing.md,,nigel.zhuwaki,,unreviewed,unassessed,2026,EXC-VEHICLES-PETROL_DIESEL_SPLIT
LOC-7d928704bd68,vehicles.petrol_diesel_split.by_country.NAM.lcv.petrol,REG-VEHICLES-PETROL_DIESEL_SPLIT,null,fraction (sums to 1 per country×segment),PROVISIONAL — literature mid-range placeholders pending teammate lookup (NAAMSA monthly sales reports). See docs/methodology/params_sourcing.md,,nigel.zhuwaki,,unreviewed,unassessed,2026,EXC-VEHICLES-PETROL_DIESEL_SPLIT
LOC-7e743bd840fd,vehicles.petrol_diesel_split.by_country.NAM.lcv.diesel,REG-VEHICLES-PETROL_DIESEL_SPLIT,null,fraction (sums to 1 per country×segment),PROVISIONAL — literature mid-range placeholders pending teammate lookup (NAAMSA monthly sales reports). See docs/methodology/params_sourcing.md,,nigel.zhuwaki,,unreviewed,unassessed,2026,EXC-VEHICLES-PETROL_DIESEL_SPLIT
LOC-ad11ce4346b5,vehicles.petrol_diesel_split.by_country.NAM.hcv.petrol,REG-VEHICLES-PETROL_DIESEL_SPLIT,null,fraction (sums to 1 per country×segment),PROVISIONAL — literature mid-range placeholders pending teammate lookup (NAAMSA monthly sales reports). See docs/methodology/params_sourcing.md,,nigel.zhuwaki,,unreviewed,unassessed,2026,EXC-VEHICLES-PETROL_DIESEL_SPLIT
LOC-98d9b3b1c920,vehicles.petrol_diesel_split.by_country.NAM.hcv.diesel,REG-VEHICLES-PETROL_DIESEL_SPLIT,null,fraction (sums to 1 per country×segment),PROVISIONAL — literature mid-range placeholders pending teammate lookup (NAAMSA monthly sales reports). See docs/methodology/params_sourcing.md,,nigel.zhuwaki,,unreviewed,unassessed,2026,EXC-VEHICLES-PETROL_DIESEL_SPLIT
LOC-19a06e91fc33,vehicles.petrol_diesel_split.by_country.SWZ.passenger.petrol,REG-VEHICLES-PETROL_DIESEL_SPLIT,null,fraction (sums to 1 per country×segment),PROVISIONAL — literature mid-range placeholders pending teammate lookup (NAAMSA monthly sales reports). See docs/methodology/params_sourcing.md,,nigel.zhuwaki,,unreviewed,unassessed,2026,EXC-VEHICLES-PETROL_DIESEL_SPLIT
LOC-77cf9e52561c,vehicles.petrol_diesel_split.by_country.SWZ.passenger.diesel,REG-VEHICLES-PETROL_DIESEL_SPLIT,null,fraction (sums to 1 per country×segment),PROVISIONAL — literature mid-range placeholders pending teammate lookup (NAAMSA monthly sales reports). See docs/methodology/params_sourcing.md,,nigel.zhuwaki,,unreviewed,unassessed,2026,EXC-VEHICLES-PETROL_DIESEL_SPLIT
LOC-48ba50535ba0,vehicles.petrol_diesel_split.by_country.SWZ.lcv.petrol,REG-VEHICLES-PETROL_DIESEL_SPLIT,null,fraction (sums to 1 per country×segment),PROVISIONAL — literature mid-range placeholders pending teammate lookup (NAAMSA monthly sales reports). See docs/methodology/params_sourcing.md,,nigel.zhuwaki,,unreviewed,unassessed,2026,EXC-VEHICLES-PETROL_DIESEL_SPLIT
LOC-59619a6d7bb3,vehicles.petrol_diesel_split.by_country.SWZ.lcv.diesel,REG-VEHICLES-PETROL_DIESEL_SPLIT,null,fraction (sums to 1 per country×segment),PROVISIONAL — literature mid-range placeholders pending teammate lookup (NAAMSA monthly sales reports). See docs/methodology/params_sourcing.md,,nigel.zhuwaki,,unreviewed,unassessed,2026,EXC-VEHICLES-PETROL_DIESEL_SPLIT
LOC-27b3f389a926,vehicles.petrol_diesel_split.by_country.SWZ.hcv.petrol,REG-VEHICLES-PETROL_DIESEL_SPLIT,null,fraction (sums to 1 per country×segment),PROVISIONAL — literature mid-range placeholders pending teammate lookup (NAAMSA monthly sales reports). See docs/methodology/params_sourcing.md,,nigel.zhuwaki,,unreviewed,unassessed,2026,EXC-VEHICLES-PETROL_DIESEL_SPLIT
LOC-2a32849add2b,vehicles.petrol_diesel_split.by_country.SWZ.hcv.diesel,REG-VEHICLES-PETROL_DIESEL_SPLIT,null,fraction (sums to 1 per country×segment),PROVISIONAL — literature mid-range placeholders pending teammate lookup (NAAMSA monthly sales reports). See docs/methodology/params_sourcing.md,,nigel.zhuwaki,,unreviewed,unassessed,2026,EXC-VEHICLES-PETROL_DIESEL_SPLIT
LOC-6208d5b921ce,vehicles.scrappage_rate.by_country.ZAF.passenger,REG-VEHICLES-SCRAPPAGE_RATE,0.04,fraction per year,PROVISIONAL — literature mid-range placeholders pending teammate lookup (eNaTIS deregistrations / SA vehicle-stock-turnover papers). See docs/methodology/params_sourcing.md,,nigel.zhuwaki,,unreviewed,unassessed,2026,EXC-VEHICLES-SCRAPPAGE_RATE
LOC-3cbc6f0a9d35,vehicles.scrappage_rate.by_country.ZAF.lcv,REG-VEHICLES-SCRAPPAGE_RATE,0.05,fraction per year,PROVISIONAL — literature mid-range placeholders pending teammate lookup (eNaTIS deregistrations / SA vehicle-stock-turnover papers). See docs/methodology/params_sourcing.md,,nigel.zhuwaki,,unreviewed,unassessed,2026,EXC-VEHICLES-SCRAPPAGE_RATE
LOC-a78de3841fd5,vehicles.scrappage_rate.by_country.ZAF.hcv,REG-VEHICLES-SCRAPPAGE_RATE,0.06,fraction per year,PROVISIONAL — literature mid-range placeholders pending teammate lookup (eNaTIS deregistrations / SA vehicle-stock-turnover papers). See docs/methodology/params_sourcing.md,,nigel.zhuwaki,,unreviewed,unassessed,2026,EXC-VEHICLES-SCRAPPAGE_RATE
LOC-91953f745d6e,vehicles.scrappage_rate.by_country.BWA.passenger,REG-VEHICLES-SCRAPPAGE_RATE,null,fraction per year,PROVISIONAL — literature mid-range placeholders pending teammate lookup (eNaTIS deregistrations / SA vehicle-stock-turnover papers). See docs/methodology/params_sourcing.md,,nigel.zhuwaki,,unreviewed,unassessed,2026,EXC-VEHICLES-SCRAPPAGE_RATE
LOC-dde038530d06,vehicles.scrappage_rate.by_country.BWA.lcv,REG-VEHICLES-SCRAPPAGE_RATE,null,fraction per year,PROVISIONAL — literature mid-range placeholders pending teammate lookup (eNaTIS deregistrations / SA vehicle-stock-turnover papers). See docs/methodology/params_sourcing.md,,nigel.zhuwaki,,unreviewed,unassessed,2026,EXC-VEHICLES-SCRAPPAGE_RATE
LOC-0bbbef4a8e1e,vehicles.scrappage_rate.by_country.BWA.hcv,REG-VEHICLES-SCRAPPAGE_RATE,null,fraction per year,PROVISIONAL — literature mid-range placeholders pending teammate lookup (eNaTIS deregistrations / SA vehicle-stock-turnover papers). See docs/methodology/params_sourcing.md,,nigel.zhuwaki,,unreviewed,unassessed,2026,EXC-VEHICLES-SCRAPPAGE_RATE
LOC-93c5ac73b573,vehicles.scrappage_rate.by_country.LSO.passenger,REG-VEHICLES-SCRAPPAGE_RATE,null,fraction per year,PROVISIONAL — literature mid-range placeholders pending teammate lookup (eNaTIS deregistrations / SA vehicle-stock-turnover papers). See docs/methodology/params_sourcing.md,,nigel.zhuwaki,,unreviewed,unassessed,2026,EXC-VEHICLES-SCRAPPAGE_RATE
LOC-4582d821ec42,vehicles.scrappage_rate.by_country.LSO.lcv,REG-VEHICLES-SCRAPPAGE_RATE,null,fraction per year,PROVISIONAL — literature mid-range placeholders pending teammate lookup (eNaTIS deregistrations / SA vehicle-stock-turnover papers). See docs/methodology/params_sourcing.md,,nigel.zhuwaki,,unreviewed,unassessed,2026,EXC-VEHICLES-SCRAPPAGE_RATE
LOC-67c9e222db4c,vehicles.scrappage_rate.by_country.LSO.hcv,REG-VEHICLES-SCRAPPAGE_RATE,null,fraction per year,PROVISIONAL — literature mid-range placeholders pending teammate lookup (eNaTIS deregistrations / SA vehicle-stock-turnover papers). See docs/methodology/params_sourcing.md,,nigel.zhuwaki,,unreviewed,unassessed,2026,EXC-VEHICLES-SCRAPPAGE_RATE
LOC-fd69a96ed265,vehicles.scrappage_rate.by_country.NAM.passenger,REG-VEHICLES-SCRAPPAGE_RATE,null,fraction per year,PROVISIONAL — literature mid-range placeholders pending teammate lookup (eNaTIS deregistrations / SA vehicle-stock-turnover papers). See docs/methodology/params_sourcing.md,,nigel.zhuwaki,,unreviewed,unassessed,2026,EXC-VEHICLES-SCRAPPAGE_RATE
LOC-4b98f5e9b5be,vehicles.scrappage_rate.by_country.NAM.lcv,REG-VEHICLES-SCRAPPAGE_RATE,null,fraction per year,PROVISIONAL — literature mid-range placeholders pending teammate lookup (eNaTIS deregistrations / SA vehicle-stock-turnover papers). See docs/methodology/params_sourcing.md,,nigel.zhuwaki,,unreviewed,unassessed,2026,EXC-VEHICLES-SCRAPPAGE_RATE
LOC-cfd9b7bdc4f2,vehicles.scrappage_rate.by_country.NAM.hcv,REG-VEHICLES-SCRAPPAGE_RATE,null,fraction per year,PROVISIONAL — literature mid-range placeholders pending teammate lookup (eNaTIS deregistrations / SA vehicle-stock-turnover papers). See docs/methodology/params_sourcing.md,,nigel.zhuwaki,,unreviewed,unassessed,2026,EXC-VEHICLES-SCRAPPAGE_RATE
LOC-d2db5d0b2121,vehicles.scrappage_rate.by_country.SWZ.passenger,REG-VEHICLES-SCRAPPAGE_RATE,null,fraction per year,PROVISIONAL — literature mid-range placeholders pending teammate lookup (eNaTIS deregistrations / SA vehicle-stock-turnover papers). See docs/methodology/params_sourcing.md,,nigel.zhuwaki,,unreviewed,unassessed,2026,EXC-VEHICLES-SCRAPPAGE_RATE
LOC-73983f4c1368,vehicles.scrappage_rate.by_country.SWZ.lcv,REG-VEHICLES-SCRAPPAGE_RATE,null,fraction per year,PROVISIONAL — literature mid-range placeholders pending teammate lookup (eNaTIS deregistrations / SA vehicle-stock-turnover papers). See docs/methodology/params_sourcing.md,,nigel.zhuwaki,,unreviewed,unassessed,2026,EXC-VEHICLES-SCRAPPAGE_RATE
LOC-820762976367,vehicles.scrappage_rate.by_country.SWZ.hcv,REG-VEHICLES-SCRAPPAGE_RATE,null,fraction per year,PROVISIONAL — literature mid-range placeholders pending teammate lookup (eNaTIS deregistrations / SA vehicle-stock-turnover papers). See docs/methodology/params_sourcing.md,,nigel.zhuwaki,,unreviewed,unassessed,2026,EXC-VEHICLES-SCRAPPAGE_RATE
LOC-dc004e4265e0,vehicles.new_vehicle_segment_split.by_country.ZAF.passenger,REG-VEHICLES-NEW_VEHICLE_SEGMENT_SPLIT,0.78,fraction (sums to 1 per country),PROVISIONAL — literature mid-range placeholders pending teammate lookup (NAAMSA new-vehicle registrations split by segment). See docs/methodology/params_sourcing.md,,nigel.zhuwaki,,unreviewed,unassessed,2026,EXC-VEHICLES-NEW_VEHICLE_SEGMENT_SPLIT
LOC-80ef3ede7263,vehicles.new_vehicle_segment_split.by_country.ZAF.lcv,REG-VEHICLES-NEW_VEHICLE_SEGMENT_SPLIT,0.18,fraction (sums to 1 per country),PROVISIONAL — literature mid-range placeholders pending teammate lookup (NAAMSA new-vehicle registrations split by segment). See docs/methodology/params_sourcing.md,,nigel.zhuwaki,,unreviewed,unassessed,2026,EXC-VEHICLES-NEW_VEHICLE_SEGMENT_SPLIT
LOC-308576f615ce,vehicles.new_vehicle_segment_split.by_country.ZAF.hcv,REG-VEHICLES-NEW_VEHICLE_SEGMENT_SPLIT,0.04,fraction (sums to 1 per country),PROVISIONAL — literature mid-range placeholders pending teammate lookup (NAAMSA new-vehicle registrations split by segment). See docs/methodology/params_sourcing.md,,nigel.zhuwaki,,unreviewed,unassessed,2026,EXC-VEHICLES-NEW_VEHICLE_SEGMENT_SPLIT
LOC-6bda37b3c857,vehicles.new_vehicle_segment_split.by_country.BWA.passenger,REG-VEHICLES-NEW_VEHICLE_SEGMENT_SPLIT,null,fraction (sums to 1 per country),PROVISIONAL — literature mid-range placeholders pending teammate lookup (NAAMSA new-vehicle registrations split by segment). See docs/methodology/params_sourcing.md,,nigel.zhuwaki,,unreviewed,unassessed,2026,EXC-VEHICLES-NEW_VEHICLE_SEGMENT_SPLIT
LOC-9bd96b6edf60,vehicles.new_vehicle_segment_split.by_country.BWA.lcv,REG-VEHICLES-NEW_VEHICLE_SEGMENT_SPLIT,null,fraction (sums to 1 per country),PROVISIONAL — literature mid-range placeholders pending teammate lookup (NAAMSA new-vehicle registrations split by segment). See docs/methodology/params_sourcing.md,,nigel.zhuwaki,,unreviewed,unassessed,2026,EXC-VEHICLES-NEW_VEHICLE_SEGMENT_SPLIT
LOC-59d84f24cc40,vehicles.new_vehicle_segment_split.by_country.BWA.hcv,REG-VEHICLES-NEW_VEHICLE_SEGMENT_SPLIT,null,fraction (sums to 1 per country),PROVISIONAL — literature mid-range placeholders pending teammate lookup (NAAMSA new-vehicle registrations split by segment). See docs/methodology/params_sourcing.md,,nigel.zhuwaki,,unreviewed,unassessed,2026,EXC-VEHICLES-NEW_VEHICLE_SEGMENT_SPLIT
LOC-bcb18dcc9143,vehicles.new_vehicle_segment_split.by_country.LSO.passenger,REG-VEHICLES-NEW_VEHICLE_SEGMENT_SPLIT,null,fraction (sums to 1 per country),PROVISIONAL — literature mid-range placeholders pending teammate lookup (NAAMSA new-vehicle registrations split by segment). See docs/methodology/params_sourcing.md,,nigel.zhuwaki,,unreviewed,unassessed,2026,EXC-VEHICLES-NEW_VEHICLE_SEGMENT_SPLIT
LOC-2d36d012f2b8,vehicles.new_vehicle_segment_split.by_country.LSO.lcv,REG-VEHICLES-NEW_VEHICLE_SEGMENT_SPLIT,null,fraction (sums to 1 per country),PROVISIONAL — literature mid-range placeholders pending teammate lookup (NAAMSA new-vehicle registrations split by segment). See docs/methodology/params_sourcing.md,,nigel.zhuwaki,,unreviewed,unassessed,2026,EXC-VEHICLES-NEW_VEHICLE_SEGMENT_SPLIT
LOC-f6bef61a16d5,vehicles.new_vehicle_segment_split.by_country.LSO.hcv,REG-VEHICLES-NEW_VEHICLE_SEGMENT_SPLIT,null,fraction (sums to 1 per country),PROVISIONAL — literature mid-range placeholders pending teammate lookup (NAAMSA new-vehicle registrations split by segment). See docs/methodology/params_sourcing.md,,nigel.zhuwaki,,unreviewed,unassessed,2026,EXC-VEHICLES-NEW_VEHICLE_SEGMENT_SPLIT
LOC-737765884c84,vehicles.new_vehicle_segment_split.by_country.NAM.passenger,REG-VEHICLES-NEW_VEHICLE_SEGMENT_SPLIT,null,fraction (sums to 1 per country),PROVISIONAL — literature mid-range placeholders pending teammate lookup (NAAMSA new-vehicle registrations split by segment). See docs/methodology/params_sourcing.md,,nigel.zhuwaki,,unreviewed,unassessed,2026,EXC-VEHICLES-NEW_VEHICLE_SEGMENT_SPLIT
LOC-1056cca3f66f,vehicles.new_vehicle_segment_split.by_country.NAM.lcv,REG-VEHICLES-NEW_VEHICLE_SEGMENT_SPLIT,null,fraction (sums to 1 per country),PROVISIONAL — literature mid-range placeholders pending teammate lookup (NAAMSA new-vehicle registrations split by segment). See docs/methodology/params_sourcing.md,,nigel.zhuwaki,,unreviewed,unassessed,2026,EXC-VEHICLES-NEW_VEHICLE_SEGMENT_SPLIT
LOC-63c4ec6a7d96,vehicles.new_vehicle_segment_split.by_country.NAM.hcv,REG-VEHICLES-NEW_VEHICLE_SEGMENT_SPLIT,null,fraction (sums to 1 per country),PROVISIONAL — literature mid-range placeholders pending teammate lookup (NAAMSA new-vehicle registrations split by segment). See docs/methodology/params_sourcing.md,,nigel.zhuwaki,,unreviewed,unassessed,2026,EXC-VEHICLES-NEW_VEHICLE_SEGMENT_SPLIT
LOC-65b838d47b9b,vehicles.new_vehicle_segment_split.by_country.SWZ.passenger,REG-VEHICLES-NEW_VEHICLE_SEGMENT_SPLIT,null,fraction (sums to 1 per country),PROVISIONAL — literature mid-range placeholders pending teammate lookup (NAAMSA new-vehicle registrations split by segment). See docs/methodology/params_sourcing.md,,nigel.zhuwaki,,unreviewed,unassessed,2026,EXC-VEHICLES-NEW_VEHICLE_SEGMENT_SPLIT
LOC-91200f9e9219,vehicles.new_vehicle_segment_split.by_country.SWZ.lcv,REG-VEHICLES-NEW_VEHICLE_SEGMENT_SPLIT,null,fraction (sums to 1 per country),PROVISIONAL — literature mid-range placeholders pending teammate lookup (NAAMSA new-vehicle registrations split by segment). See docs/methodology/params_sourcing.md,,nigel.zhuwaki,,unreviewed,unassessed,2026,EXC-VEHICLES-NEW_VEHICLE_SEGMENT_SPLIT
LOC-ca932418d6c1,vehicles.new_vehicle_segment_split.by_country.SWZ.hcv,REG-VEHICLES-NEW_VEHICLE_SEGMENT_SPLIT,null,fraction (sums to 1 per country),PROVISIONAL — literature mid-range placeholders pending teammate lookup (NAAMSA new-vehicle registrations split by segment). See docs/methodology/params_sourcing.md,,nigel.zhuwaki,,unreviewed,unassessed,2026,EXC-VEHICLES-NEW_VEHICLE_SEGMENT_SPLIT
LOC-131bf84e7e56,"vehicles.efficiency_improvement.diesel.csv[1:{""country"": ""ZAF"", ""period"": ""2020"", ""scenario"": ""high_demand""}]",REG-VEHICLES-EFFICIENCY_IMPROVEMENT-DIESEL,"""0.005""",fraction per year,Vopak/Reatile xlsx (HighEfficiency_Improvement_Diesel / LowEfficiency_Improvement_Diesel),2025-03-24,nigel.zhuwaki,,unreviewed,unassessed,2026,EXC-VEHICLES-EFFICIENCY_IMPROVEMENT-DIESEL
LOC-e709f8216670,"vehicles.efficiency_improvement.diesel.csv[2:{""country"": ""ZAF"", ""period"": ""2021"", ""scenario"": ""high_demand""}]",REG-VEHICLES-EFFICIENCY_IMPROVEMENT-DIESEL,"""0.005""",fraction per year,Vopak/Reatile xlsx (HighEfficiency_Improvement_Diesel / LowEfficiency_Improvement_Diesel),2025-03-24,nigel.zhuwaki,,unreviewed,unassessed,2026,EXC-VEHICLES-EFFICIENCY_IMPROVEMENT-DIESEL
LOC-6e0f7b791493,"vehicles.efficiency_improvement.diesel.csv[3:{""country"": ""ZAF"", ""period"": ""2022"", ""scenario"": ""high_demand""}]",REG-VEHICLES-EFFICIENCY_IMPROVEMENT-DIESEL,"""0.005""",fraction per year,Vopak/Reatile xlsx (HighEfficiency_Improvement_Diesel / LowEfficiency_Improvement_Diesel),2025-03-24,nigel.zhuwaki,,unreviewed,unassessed,2026,EXC-VEHICLES-EFFICIENCY_IMPROVEMENT-DIESEL
LOC-bb0392e11712,"vehicles.efficiency_improvement.diesel.csv[4:{""country"": ""ZAF"", ""period"": ""2023"", ""scenario"": ""high_demand""}]",REG-VEHICLES-EFFICIENCY_IMPROVEMENT-DIESEL,"""0.005""",fraction per year,Vopak/Reatile xlsx (HighEfficiency_Improvement_Diesel / LowEfficiency_Improvement_Diesel),2025-03-24,nigel.zhuwaki,,unreviewed,unassessed,2026,EXC-VEHICLES-EFFICIENCY_IMPROVEMENT-DIESEL
LOC-61321d592276,"vehicles.efficiency_improvement.diesel.csv[5:{""country"": ""ZAF"", ""period"": ""2024"", ""scenario"": ""high_demand""}]",REG-VEHICLES-EFFICIENCY_IMPROVEMENT-DIESEL,"""0.005""",fraction per year,Vopak/Reatile xlsx (HighEfficiency_Improvement_Diesel / LowEfficiency_Improvement_Diesel),2025-03-24,nigel.zhuwaki,,unreviewed,unassessed,2026,EXC-VEHICLES-EFFICIENCY_IMPROVEMENT-DIESEL
LOC-35ec0faedfba,"vehicles.efficiency_improvement.diesel.csv[6:{""country"": ""ZAF"", ""period"": ""2025"", ""scenario"": ""high_demand""}]",REG-VEHICLES-EFFICIENCY_IMPROVEMENT-DIESEL,"""0.005""",fraction per year,Vopak/Reatile xlsx (HighEfficiency_Improvement_Diesel / LowEfficiency_Improvement_Diesel),2025-03-24,nigel.zhuwaki,,unreviewed,unassessed,2026,EXC-VEHICLES-EFFICIENCY_IMPROVEMENT-DIESEL
LOC-b46badcfdaf3,"vehicles.efficiency_improvement.diesel.csv[7:{""country"": ""ZAF"", ""period"": ""2026"", ""scenario"": ""high_demand""}]",REG-VEHICLES-EFFICIENCY_IMPROVEMENT-DIESEL,"""0.005""",fraction per year,Vopak/Reatile xlsx (HighEfficiency_Improvement_Diesel / LowEfficiency_Improvement_Diesel),2025-03-24,nigel.zhuwaki,,unreviewed,unassessed,2026,EXC-VEHICLES-EFFICIENCY_IMPROVEMENT-DIESEL
LOC-2d7b581ca163,"vehicles.efficiency_improvement.diesel.csv[8:{""country"": ""ZAF"", ""period"": ""2027"", ""scenario"": ""high_demand""}]",REG-VEHICLES-EFFICIENCY_IMPROVEMENT-DIESEL,"""0.005""",fraction per year,Vopak/Reatile xlsx (HighEfficiency_Improvement_Diesel / LowEfficiency_Improvement_Diesel),2025-03-24,nigel.zhuwaki,,unreviewed,unassessed,2026,EXC-VEHICLES-EFFICIENCY_IMPROVEMENT-DIESEL
LOC-caa0ac9206e1,"vehicles.efficiency_improvement.diesel.csv[9:{""country"": ""ZAF"", ""period"": ""2028"", ""scenario"": ""high_demand""}]",REG-VEHICLES-EFFICIENCY_IMPROVEMENT-DIESEL,"""0.005""",fraction per year,Vopak/Reatile xlsx (HighEfficiency_Improvement_Diesel / LowEfficiency_Improvement_Diesel),2025-03-24,nigel.zhuwaki,,unreviewed,unassessed,2026,EXC-VEHICLES-EFFICIENCY_IMPROVEMENT-DIESEL
LOC-3bd0d91d5bbe,"vehicles.efficiency_improvement.diesel.csv[10:{""country"": ""ZAF"", ""period"": ""2029"", ""scenario"": ""high_demand""}]",REG-VEHICLES-EFFICIENCY_IMPROVEMENT-DIESEL,"""0.005""",fraction per year,Vopak/Reatile xlsx (HighEfficiency_Improvement_Diesel / LowEfficiency_Improvement_Diesel),2025-03-24,nigel.zhuwaki,,unreviewed,unassessed,2026,EXC-VEHICLES-EFFICIENCY_IMPROVEMENT-DIESEL
LOC-534a17665e53,"vehicles.efficiency_improvement.diesel.csv[11:{""country"": ""ZAF"", ""period"": ""2030"", ""scenario"": ""high_demand""}]",REG-VEHICLES-EFFICIENCY_IMPROVEMENT-DIESEL,"""0.005""",fraction per year,Vopak/Reatile xlsx (HighEfficiency_Improvement_Diesel / LowEfficiency_Improvement_Diesel),2025-03-24,nigel.zhuwaki,,unreviewed,unassessed,2026,EXC-VEHICLES-EFFICIENCY_IMPROVEMENT-DIESEL
LOC-3cd4d235dc2b,"vehicles.efficiency_improvement.diesel.csv[12:{""country"": ""ZAF"", ""period"": ""2031"", ""scenario"": ""high_demand""}]",REG-VEHICLES-EFFICIENCY_IMPROVEMENT-DIESEL,"""0.005""",fraction per year,Vopak/Reatile xlsx (HighEfficiency_Improvement_Diesel / LowEfficiency_Improvement_Diesel),2025-03-24,nigel.zhuwaki,,unreviewed,unassessed,2026,EXC-VEHICLES-EFFICIENCY_IMPROVEMENT-DIESEL
LOC-5c21c795748f,"vehicles.efficiency_improvement.diesel.csv[13:{""country"": ""ZAF"", ""period"": ""2032"", ""scenario"": ""high_demand""}]",REG-VEHICLES-EFFICIENCY_IMPROVEMENT-DIESEL,"""0.005""",fraction per year,Vopak/Reatile xlsx (HighEfficiency_Improvement_Diesel / LowEfficiency_Improvement_Diesel),2025-03-24,nigel.zhuwaki,,unreviewed,unassessed,2026,EXC-VEHICLES-EFFICIENCY_IMPROVEMENT-DIESEL
LOC-2aaedb825eb1,"vehicles.efficiency_improvement.diesel.csv[14:{""country"": ""ZAF"", ""period"": ""2033"", ""scenario"": ""high_demand""}]",REG-VEHICLES-EFFICIENCY_IMPROVEMENT-DIESEL,"""0.005""",fraction per year,Vopak/Reatile xlsx (HighEfficiency_Improvement_Diesel / LowEfficiency_Improvement_Diesel),2025-03-24,nigel.zhuwaki,,unreviewed,unassessed,2026,EXC-VEHICLES-EFFICIENCY_IMPROVEMENT-DIESEL
LOC-58e2781016ee,"vehicles.efficiency_improvement.diesel.csv[15:{""country"": ""ZAF"", ""period"": ""2034"", ""scenario"": ""high_demand""}]",REG-VEHICLES-EFFICIENCY_IMPROVEMENT-DIESEL,"""0.005""",fraction per year,Vopak/Reatile xlsx (HighEfficiency_Improvement_Diesel / LowEfficiency_Improvement_Diesel),2025-03-24,nigel.zhuwaki,,unreviewed,unassessed,2026,EXC-VEHICLES-EFFICIENCY_IMPROVEMENT-DIESEL
LOC-9751fc2e7636,"vehicles.efficiency_improvement.diesel.csv[16:{""country"": ""ZAF"", ""period"": ""2035"", ""scenario"": ""high_demand""}]",REG-VEHICLES-EFFICIENCY_IMPROVEMENT-DIESEL,"""0.005""",fraction per year,Vopak/Reatile xlsx (HighEfficiency_Improvement_Diesel / LowEfficiency_Improvement_Diesel),2025-03-24,nigel.zhuwaki,,unreviewed,unassessed,2026,EXC-VEHICLES-EFFICIENCY_IMPROVEMENT-DIESEL
LOC-1cee30d524a0,"vehicles.efficiency_improvement.diesel.csv[17:{""country"": ""ZAF"", ""period"": ""2036"", ""scenario"": ""high_demand""}]",REG-VEHICLES-EFFICIENCY_IMPROVEMENT-DIESEL,"""0.005""",fraction per year,Vopak/Reatile xlsx (HighEfficiency_Improvement_Diesel / LowEfficiency_Improvement_Diesel),2025-03-24,nigel.zhuwaki,,unreviewed,unassessed,2026,EXC-VEHICLES-EFFICIENCY_IMPROVEMENT-DIESEL
LOC-6c8a07dad5e2,"vehicles.efficiency_improvement.diesel.csv[18:{""country"": ""ZAF"", ""period"": ""2037"", ""scenario"": ""high_demand""}]",REG-VEHICLES-EFFICIENCY_IMPROVEMENT-DIESEL,"""0.005""",fraction per year,Vopak/Reatile xlsx (HighEfficiency_Improvement_Diesel / LowEfficiency_Improvement_Diesel),2025-03-24,nigel.zhuwaki,,unreviewed,unassessed,2026,EXC-VEHICLES-EFFICIENCY_IMPROVEMENT-DIESEL
LOC-931221933d77,"vehicles.efficiency_improvement.diesel.csv[19:{""country"": ""ZAF"", ""period"": ""2038"", ""scenario"": ""high_demand""}]",REG-VEHICLES-EFFICIENCY_IMPROVEMENT-DIESEL,"""0.005""",fraction per year,Vopak/Reatile xlsx (HighEfficiency_Improvement_Diesel / LowEfficiency_Improvement_Diesel),2025-03-24,nigel.zhuwaki,,unreviewed,unassessed,2026,EXC-VEHICLES-EFFICIENCY_IMPROVEMENT-DIESEL
LOC-25c47f6c172c,"vehicles.efficiency_improvement.diesel.csv[20:{""country"": ""ZAF"", ""period"": ""2039"", ""scenario"": ""high_demand""}]",REG-VEHICLES-EFFICIENCY_IMPROVEMENT-DIESEL,"""0.005""",fraction per year,Vopak/Reatile xlsx (HighEfficiency_Improvement_Diesel / LowEfficiency_Improvement_Diesel),2025-03-24,nigel.zhuwaki,,unreviewed,unassessed,2026,EXC-VEHICLES-EFFICIENCY_IMPROVEMENT-DIESEL
LOC-3c4a7e84a32e,"vehicles.efficiency_improvement.diesel.csv[21:{""country"": ""ZAF"", ""period"": ""2040"", ""scenario"": ""high_demand""}]",REG-VEHICLES-EFFICIENCY_IMPROVEMENT-DIESEL,"""0.005""",fraction per year,Vopak/Reatile xlsx (HighEfficiency_Improvement_Diesel / LowEfficiency_Improvement_Diesel),2025-03-24,nigel.zhuwaki,,unreviewed,unassessed,2026,EXC-VEHICLES-EFFICIENCY_IMPROVEMENT-DIESEL
LOC-01ae2854c72f,"vehicles.efficiency_improvement.diesel.csv[22:{""country"": ""ZAF"", ""period"": ""2041"", ""scenario"": ""high_demand""}]",REG-VEHICLES-EFFICIENCY_IMPROVEMENT-DIESEL,"""0.005""",fraction per year,Vopak/Reatile xlsx (HighEfficiency_Improvement_Diesel / LowEfficiency_Improvement_Diesel),2025-03-24,nigel.zhuwaki,,unreviewed,unassessed,2026,EXC-VEHICLES-EFFICIENCY_IMPROVEMENT-DIESEL
LOC-d8c218c1564e,"vehicles.efficiency_improvement.diesel.csv[23:{""country"": ""ZAF"", ""period"": ""2042"", ""scenario"": ""high_demand""}]",REG-VEHICLES-EFFICIENCY_IMPROVEMENT-DIESEL,"""0.005""",fraction per year,Vopak/Reatile xlsx (HighEfficiency_Improvement_Diesel / LowEfficiency_Improvement_Diesel),2025-03-24,nigel.zhuwaki,,unreviewed,unassessed,2026,EXC-VEHICLES-EFFICIENCY_IMPROVEMENT-DIESEL
LOC-0eb0193e74b5,"vehicles.efficiency_improvement.diesel.csv[24:{""country"": ""ZAF"", ""period"": ""2043"", ""scenario"": ""high_demand""}]",REG-VEHICLES-EFFICIENCY_IMPROVEMENT-DIESEL,"""0.005""",fraction per year,Vopak/Reatile xlsx (HighEfficiency_Improvement_Diesel / LowEfficiency_Improvement_Diesel),2025-03-24,nigel.zhuwaki,,unreviewed,unassessed,2026,EXC-VEHICLES-EFFICIENCY_IMPROVEMENT-DIESEL
LOC-d8de338de8ee,"vehicles.efficiency_improvement.diesel.csv[25:{""country"": ""ZAF"", ""period"": ""2044"", ""scenario"": ""high_demand""}]",REG-VEHICLES-EFFICIENCY_IMPROVEMENT-DIESEL,"""0.005""",fraction per year,Vopak/Reatile xlsx (HighEfficiency_Improvement_Diesel / LowEfficiency_Improvement_Diesel),2025-03-24,nigel.zhuwaki,,unreviewed,unassessed,2026,EXC-VEHICLES-EFFICIENCY_IMPROVEMENT-DIESEL
LOC-a089f1188a18,"vehicles.efficiency_improvement.diesel.csv[26:{""country"": ""ZAF"", ""period"": ""2045"", ""scenario"": ""high_demand""}]",REG-VEHICLES-EFFICIENCY_IMPROVEMENT-DIESEL,"""0.005""",fraction per year,Vopak/Reatile xlsx (HighEfficiency_Improvement_Diesel / LowEfficiency_Improvement_Diesel),2025-03-24,nigel.zhuwaki,,unreviewed,unassessed,2026,EXC-VEHICLES-EFFICIENCY_IMPROVEMENT-DIESEL
LOC-5b7577ccb39c,"vehicles.efficiency_improvement.diesel.csv[27:{""country"": ""ZAF"", ""period"": ""2046"", ""scenario"": ""high_demand""}]",REG-VEHICLES-EFFICIENCY_IMPROVEMENT-DIESEL,"""0.005""",fraction per year,Vopak/Reatile xlsx (HighEfficiency_Improvement_Diesel / LowEfficiency_Improvement_Diesel),2025-03-24,nigel.zhuwaki,,unreviewed,unassessed,2026,EXC-VEHICLES-EFFICIENCY_IMPROVEMENT-DIESEL
LOC-c337f6df2772,"vehicles.efficiency_improvement.diesel.csv[28:{""country"": ""ZAF"", ""period"": ""2047"", ""scenario"": ""high_demand""}]",REG-VEHICLES-EFFICIENCY_IMPROVEMENT-DIESEL,"""0.005""",fraction per year,Vopak/Reatile xlsx (HighEfficiency_Improvement_Diesel / LowEfficiency_Improvement_Diesel),2025-03-24,nigel.zhuwaki,,unreviewed,unassessed,2026,EXC-VEHICLES-EFFICIENCY_IMPROVEMENT-DIESEL
LOC-63f6f42e557d,"vehicles.efficiency_improvement.diesel.csv[29:{""country"": ""ZAF"", ""period"": ""2048"", ""scenario"": ""high_demand""}]",REG-VEHICLES-EFFICIENCY_IMPROVEMENT-DIESEL,"""0.005""",fraction per year,Vopak/Reatile xlsx (HighEfficiency_Improvement_Diesel / LowEfficiency_Improvement_Diesel),2025-03-24,nigel.zhuwaki,,unreviewed,unassessed,2026,EXC-VEHICLES-EFFICIENCY_IMPROVEMENT-DIESEL
LOC-a55988191dc6,"vehicles.efficiency_improvement.diesel.csv[30:{""country"": ""ZAF"", ""period"": ""2049"", ""scenario"": ""high_demand""}]",REG-VEHICLES-EFFICIENCY_IMPROVEMENT-DIESEL,"""0.005""",fraction per year,Vopak/Reatile xlsx (HighEfficiency_Improvement_Diesel / LowEfficiency_Improvement_Diesel),2025-03-24,nigel.zhuwaki,,unreviewed,unassessed,2026,EXC-VEHICLES-EFFICIENCY_IMPROVEMENT-DIESEL
LOC-1b0dc9e1c84f,"vehicles.efficiency_improvement.diesel.csv[31:{""country"": ""ZAF"", ""period"": ""2050"", ""scenario"": ""high_demand""}]",REG-VEHICLES-EFFICIENCY_IMPROVEMENT-DIESEL,"""0.005""",fraction per year,Vopak/Reatile xlsx (HighEfficiency_Improvement_Diesel / LowEfficiency_Improvement_Diesel),2025-03-24,nigel.zhuwaki,,unreviewed,unassessed,2026,EXC-VEHICLES-EFFICIENCY_IMPROVEMENT-DIESEL
LOC-a08ef0c5edb1,"vehicles.efficiency_improvement.diesel.csv[32:{""country"": ""ZAF"", ""period"": ""2020"", ""scenario"": ""low_demand""}]",REG-VEHICLES-EFFICIENCY_IMPROVEMENT-DIESEL,"""0.01""",fraction per year,Vopak/Reatile xlsx (HighEfficiency_Improvement_Diesel / LowEfficiency_Improvement_Diesel),2025-03-24,nigel.zhuwaki,,unreviewed,unassessed,2026,EXC-VEHICLES-EFFICIENCY_IMPROVEMENT-DIESEL
LOC-828d94f268b6,"vehicles.efficiency_improvement.diesel.csv[33:{""country"": ""ZAF"", ""period"": ""2021"", ""scenario"": ""low_demand""}]",REG-VEHICLES-EFFICIENCY_IMPROVEMENT-DIESEL,"""0.01""",fraction per year,Vopak/Reatile xlsx (HighEfficiency_Improvement_Diesel / LowEfficiency_Improvement_Diesel),2025-03-24,nigel.zhuwaki,,unreviewed,unassessed,2026,EXC-VEHICLES-EFFICIENCY_IMPROVEMENT-DIESEL
LOC-af39874a3e52,"vehicles.efficiency_improvement.diesel.csv[34:{""country"": ""ZAF"", ""period"": ""2022"", ""scenario"": ""low_demand""}]",REG-VEHICLES-EFFICIENCY_IMPROVEMENT-DIESEL,"""0.01""",fraction per year,Vopak/Reatile xlsx (HighEfficiency_Improvement_Diesel / LowEfficiency_Improvement_Diesel),2025-03-24,nigel.zhuwaki,,unreviewed,unassessed,2026,EXC-VEHICLES-EFFICIENCY_IMPROVEMENT-DIESEL
LOC-f908ceaad3cf,"vehicles.efficiency_improvement.diesel.csv[35:{""country"": ""ZAF"", ""period"": ""2023"", ""scenario"": ""low_demand""}]",REG-VEHICLES-EFFICIENCY_IMPROVEMENT-DIESEL,"""0.01""",fraction per year,Vopak/Reatile xlsx (HighEfficiency_Improvement_Diesel / LowEfficiency_Improvement_Diesel),2025-03-24,nigel.zhuwaki,,unreviewed,unassessed,2026,EXC-VEHICLES-EFFICIENCY_IMPROVEMENT-DIESEL
LOC-262a9b78f8af,"vehicles.efficiency_improvement.diesel.csv[36:{""country"": ""ZAF"", ""period"": ""2024"", ""scenario"": ""low_demand""}]",REG-VEHICLES-EFFICIENCY_IMPROVEMENT-DIESEL,"""0.01""",fraction per year,Vopak/Reatile xlsx (HighEfficiency_Improvement_Diesel / LowEfficiency_Improvement_Diesel),2025-03-24,nigel.zhuwaki,,unreviewed,unassessed,2026,EXC-VEHICLES-EFFICIENCY_IMPROVEMENT-DIESEL
LOC-407ebceaec6b,"vehicles.efficiency_improvement.diesel.csv[37:{""country"": ""ZAF"", ""period"": ""2025"", ""scenario"": ""low_demand""}]",REG-VEHICLES-EFFICIENCY_IMPROVEMENT-DIESEL,"""0.01""",fraction per year,Vopak/Reatile xlsx (HighEfficiency_Improvement_Diesel / LowEfficiency_Improvement_Diesel),2025-03-24,nigel.zhuwaki,,unreviewed,unassessed,2026,EXC-VEHICLES-EFFICIENCY_IMPROVEMENT-DIESEL
LOC-fc2b5d53b390,"vehicles.efficiency_improvement.diesel.csv[38:{""country"": ""ZAF"", ""period"": ""2026"", ""scenario"": ""low_demand""}]",REG-VEHICLES-EFFICIENCY_IMPROVEMENT-DIESEL,"""0.01""",fraction per year,Vopak/Reatile xlsx (HighEfficiency_Improvement_Diesel / LowEfficiency_Improvement_Diesel),2025-03-24,nigel.zhuwaki,,unreviewed,unassessed,2026,EXC-VEHICLES-EFFICIENCY_IMPROVEMENT-DIESEL
LOC-6f586ddb7998,"vehicles.efficiency_improvement.diesel.csv[39:{""country"": ""ZAF"", ""period"": ""2027"", ""scenario"": ""low_demand""}]",REG-VEHICLES-EFFICIENCY_IMPROVEMENT-DIESEL,"""0.01""",fraction per year,Vopak/Reatile xlsx (HighEfficiency_Improvement_Diesel / LowEfficiency_Improvement_Diesel),2025-03-24,nigel.zhuwaki,,unreviewed,unassessed,2026,EXC-VEHICLES-EFFICIENCY_IMPROVEMENT-DIESEL
LOC-a4ed865ca123,"vehicles.efficiency_improvement.diesel.csv[40:{""country"": ""ZAF"", ""period"": ""2028"", ""scenario"": ""low_demand""}]",REG-VEHICLES-EFFICIENCY_IMPROVEMENT-DIESEL,"""0.01""",fraction per year,Vopak/Reatile xlsx (HighEfficiency_Improvement_Diesel / LowEfficiency_Improvement_Diesel),2025-03-24,nigel.zhuwaki,,unreviewed,unassessed,2026,EXC-VEHICLES-EFFICIENCY_IMPROVEMENT-DIESEL
LOC-4ae0b5d047b1,"vehicles.efficiency_improvement.diesel.csv[41:{""country"": ""ZAF"", ""period"": ""2029"", ""scenario"": ""low_demand""}]",REG-VEHICLES-EFFICIENCY_IMPROVEMENT-DIESEL,"""0.01""",fraction per year,Vopak/Reatile xlsx (HighEfficiency_Improvement_Diesel / LowEfficiency_Improvement_Diesel),2025-03-24,nigel.zhuwaki,,unreviewed,unassessed,2026,EXC-VEHICLES-EFFICIENCY_IMPROVEMENT-DIESEL
LOC-d80ba19a7822,"vehicles.efficiency_improvement.diesel.csv[42:{""country"": ""ZAF"", ""period"": ""2030"", ""scenario"": ""low_demand""}]",REG-VEHICLES-EFFICIENCY_IMPROVEMENT-DIESEL,"""0.01""",fraction per year,Vopak/Reatile xlsx (HighEfficiency_Improvement_Diesel / LowEfficiency_Improvement_Diesel),2025-03-24,nigel.zhuwaki,,unreviewed,unassessed,2026,EXC-VEHICLES-EFFICIENCY_IMPROVEMENT-DIESEL
LOC-f569c0fd62cf,"vehicles.efficiency_improvement.diesel.csv[43:{""country"": ""ZAF"", ""period"": ""2031"", ""scenario"": ""low_demand""}]",REG-VEHICLES-EFFICIENCY_IMPROVEMENT-DIESEL,"""0.01""",fraction per year,Vopak/Reatile xlsx (HighEfficiency_Improvement_Diesel / LowEfficiency_Improvement_Diesel),2025-03-24,nigel.zhuwaki,,unreviewed,unassessed,2026,EXC-VEHICLES-EFFICIENCY_IMPROVEMENT-DIESEL
LOC-54b50cb7a704,"vehicles.efficiency_improvement.diesel.csv[44:{""country"": ""ZAF"", ""period"": ""2032"", ""scenario"": ""low_demand""}]",REG-VEHICLES-EFFICIENCY_IMPROVEMENT-DIESEL,"""0.01""",fraction per year,Vopak/Reatile xlsx (HighEfficiency_Improvement_Diesel / LowEfficiency_Improvement_Diesel),2025-03-24,nigel.zhuwaki,,unreviewed,unassessed,2026,EXC-VEHICLES-EFFICIENCY_IMPROVEMENT-DIESEL
LOC-ffaff5a9f513,"vehicles.efficiency_improvement.diesel.csv[45:{""country"": ""ZAF"", ""period"": ""2033"", ""scenario"": ""low_demand""}]",REG-VEHICLES-EFFICIENCY_IMPROVEMENT-DIESEL,"""0.01""",fraction per year,Vopak/Reatile xlsx (HighEfficiency_Improvement_Diesel / LowEfficiency_Improvement_Diesel),2025-03-24,nigel.zhuwaki,,unreviewed,unassessed,2026,EXC-VEHICLES-EFFICIENCY_IMPROVEMENT-DIESEL
LOC-a12e06d0ce5a,"vehicles.efficiency_improvement.diesel.csv[46:{""country"": ""ZAF"", ""period"": ""2034"", ""scenario"": ""low_demand""}]",REG-VEHICLES-EFFICIENCY_IMPROVEMENT-DIESEL,"""0.01""",fraction per year,Vopak/Reatile xlsx (HighEfficiency_Improvement_Diesel / LowEfficiency_Improvement_Diesel),2025-03-24,nigel.zhuwaki,,unreviewed,unassessed,2026,EXC-VEHICLES-EFFICIENCY_IMPROVEMENT-DIESEL
LOC-78648f17e862,"vehicles.efficiency_improvement.diesel.csv[47:{""country"": ""ZAF"", ""period"": ""2035"", ""scenario"": ""low_demand""}]",REG-VEHICLES-EFFICIENCY_IMPROVEMENT-DIESEL,"""0.01""",fraction per year,Vopak/Reatile xlsx (HighEfficiency_Improvement_Diesel / LowEfficiency_Improvement_Diesel),2025-03-24,nigel.zhuwaki,,unreviewed,unassessed,2026,EXC-VEHICLES-EFFICIENCY_IMPROVEMENT-DIESEL
LOC-edf826db6c45,"vehicles.efficiency_improvement.diesel.csv[48:{""country"": ""ZAF"", ""period"": ""2036"", ""scenario"": ""low_demand""}]",REG-VEHICLES-EFFICIENCY_IMPROVEMENT-DIESEL,"""0.01""",fraction per year,Vopak/Reatile xlsx (HighEfficiency_Improvement_Diesel / LowEfficiency_Improvement_Diesel),2025-03-24,nigel.zhuwaki,,unreviewed,unassessed,2026,EXC-VEHICLES-EFFICIENCY_IMPROVEMENT-DIESEL
LOC-dbf770228c60,"vehicles.efficiency_improvement.diesel.csv[49:{""country"": ""ZAF"", ""period"": ""2037"", ""scenario"": ""low_demand""}]",REG-VEHICLES-EFFICIENCY_IMPROVEMENT-DIESEL,"""0.01""",fraction per year,Vopak/Reatile xlsx (HighEfficiency_Improvement_Diesel / LowEfficiency_Improvement_Diesel),2025-03-24,nigel.zhuwaki,,unreviewed,unassessed,2026,EXC-VEHICLES-EFFICIENCY_IMPROVEMENT-DIESEL
LOC-194be7d6a49d,"vehicles.efficiency_improvement.diesel.csv[50:{""country"": ""ZAF"", ""period"": ""2038"", ""scenario"": ""low_demand""}]",REG-VEHICLES-EFFICIENCY_IMPROVEMENT-DIESEL,"""0.01""",fraction per year,Vopak/Reatile xlsx (HighEfficiency_Improvement_Diesel / LowEfficiency_Improvement_Diesel),2025-03-24,nigel.zhuwaki,,unreviewed,unassessed,2026,EXC-VEHICLES-EFFICIENCY_IMPROVEMENT-DIESEL
LOC-40c2a1a0b159,"vehicles.efficiency_improvement.diesel.csv[51:{""country"": ""ZAF"", ""period"": ""2039"", ""scenario"": ""low_demand""}]",REG-VEHICLES-EFFICIENCY_IMPROVEMENT-DIESEL,"""0.01""",fraction per year,Vopak/Reatile xlsx (HighEfficiency_Improvement_Diesel / LowEfficiency_Improvement_Diesel),2025-03-24,nigel.zhuwaki,,unreviewed,unassessed,2026,EXC-VEHICLES-EFFICIENCY_IMPROVEMENT-DIESEL
LOC-f0543f550ae4,"vehicles.efficiency_improvement.diesel.csv[52:{""country"": ""ZAF"", ""period"": ""2040"", ""scenario"": ""low_demand""}]",REG-VEHICLES-EFFICIENCY_IMPROVEMENT-DIESEL,"""0.01""",fraction per year,Vopak/Reatile xlsx (HighEfficiency_Improvement_Diesel / LowEfficiency_Improvement_Diesel),2025-03-24,nigel.zhuwaki,,unreviewed,unassessed,2026,EXC-VEHICLES-EFFICIENCY_IMPROVEMENT-DIESEL
LOC-583378f56b43,"vehicles.efficiency_improvement.diesel.csv[53:{""country"": ""ZAF"", ""period"": ""2041"", ""scenario"": ""low_demand""}]",REG-VEHICLES-EFFICIENCY_IMPROVEMENT-DIESEL,"""0.01""",fraction per year,Vopak/Reatile xlsx (HighEfficiency_Improvement_Diesel / LowEfficiency_Improvement_Diesel),2025-03-24,nigel.zhuwaki,,unreviewed,unassessed,2026,EXC-VEHICLES-EFFICIENCY_IMPROVEMENT-DIESEL
LOC-c8ba9b987746,"vehicles.efficiency_improvement.diesel.csv[54:{""country"": ""ZAF"", ""period"": ""2042"", ""scenario"": ""low_demand""}]",REG-VEHICLES-EFFICIENCY_IMPROVEMENT-DIESEL,"""0.01""",fraction per year,Vopak/Reatile xlsx (HighEfficiency_Improvement_Diesel / LowEfficiency_Improvement_Diesel),2025-03-24,nigel.zhuwaki,,unreviewed,unassessed,2026,EXC-VEHICLES-EFFICIENCY_IMPROVEMENT-DIESEL
LOC-9471466159e5,"vehicles.efficiency_improvement.diesel.csv[55:{""country"": ""ZAF"", ""period"": ""2043"", ""scenario"": ""low_demand""}]",REG-VEHICLES-EFFICIENCY_IMPROVEMENT-DIESEL,"""0.01""",fraction per year,Vopak/Reatile xlsx (HighEfficiency_Improvement_Diesel / LowEfficiency_Improvement_Diesel),2025-03-24,nigel.zhuwaki,,unreviewed,unassessed,2026,EXC-VEHICLES-EFFICIENCY_IMPROVEMENT-DIESEL
LOC-f7c1b1915cdb,"vehicles.efficiency_improvement.diesel.csv[56:{""country"": ""ZAF"", ""period"": ""2044"", ""scenario"": ""low_demand""}]",REG-VEHICLES-EFFICIENCY_IMPROVEMENT-DIESEL,"""0.01""",fraction per year,Vopak/Reatile xlsx (HighEfficiency_Improvement_Diesel / LowEfficiency_Improvement_Diesel),2025-03-24,nigel.zhuwaki,,unreviewed,unassessed,2026,EXC-VEHICLES-EFFICIENCY_IMPROVEMENT-DIESEL
LOC-51711f57c3d4,"vehicles.efficiency_improvement.diesel.csv[57:{""country"": ""ZAF"", ""period"": ""2045"", ""scenario"": ""low_demand""}]",REG-VEHICLES-EFFICIENCY_IMPROVEMENT-DIESEL,"""0.01""",fraction per year,Vopak/Reatile xlsx (HighEfficiency_Improvement_Diesel / LowEfficiency_Improvement_Diesel),2025-03-24,nigel.zhuwaki,,unreviewed,unassessed,2026,EXC-VEHICLES-EFFICIENCY_IMPROVEMENT-DIESEL
LOC-4cc817b86534,"vehicles.efficiency_improvement.diesel.csv[58:{""country"": ""ZAF"", ""period"": ""2046"", ""scenario"": ""low_demand""}]",REG-VEHICLES-EFFICIENCY_IMPROVEMENT-DIESEL,"""0.01""",fraction per year,Vopak/Reatile xlsx (HighEfficiency_Improvement_Diesel / LowEfficiency_Improvement_Diesel),2025-03-24,nigel.zhuwaki,,unreviewed,unassessed,2026,EXC-VEHICLES-EFFICIENCY_IMPROVEMENT-DIESEL
LOC-358e069d3fd7,"vehicles.efficiency_improvement.diesel.csv[59:{""country"": ""ZAF"", ""period"": ""2047"", ""scenario"": ""low_demand""}]",REG-VEHICLES-EFFICIENCY_IMPROVEMENT-DIESEL,"""0.01""",fraction per year,Vopak/Reatile xlsx (HighEfficiency_Improvement_Diesel / LowEfficiency_Improvement_Diesel),2025-03-24,nigel.zhuwaki,,unreviewed,unassessed,2026,EXC-VEHICLES-EFFICIENCY_IMPROVEMENT-DIESEL
LOC-7190d786f419,"vehicles.efficiency_improvement.diesel.csv[60:{""country"": ""ZAF"", ""period"": ""2048"", ""scenario"": ""low_demand""}]",REG-VEHICLES-EFFICIENCY_IMPROVEMENT-DIESEL,"""0.01""",fraction per year,Vopak/Reatile xlsx (HighEfficiency_Improvement_Diesel / LowEfficiency_Improvement_Diesel),2025-03-24,nigel.zhuwaki,,unreviewed,unassessed,2026,EXC-VEHICLES-EFFICIENCY_IMPROVEMENT-DIESEL
LOC-3b00d2f5890e,"vehicles.efficiency_improvement.diesel.csv[61:{""country"": ""ZAF"", ""period"": ""2049"", ""scenario"": ""low_demand""}]",REG-VEHICLES-EFFICIENCY_IMPROVEMENT-DIESEL,"""0.01""",fraction per year,Vopak/Reatile xlsx (HighEfficiency_Improvement_Diesel / LowEfficiency_Improvement_Diesel),2025-03-24,nigel.zhuwaki,,unreviewed,unassessed,2026,EXC-VEHICLES-EFFICIENCY_IMPROVEMENT-DIESEL
LOC-ee24769460e4,"vehicles.efficiency_improvement.diesel.csv[62:{""country"": ""ZAF"", ""period"": ""2050"", ""scenario"": ""low_demand""}]",REG-VEHICLES-EFFICIENCY_IMPROVEMENT-DIESEL,"""0.01""",fraction per year,Vopak/Reatile xlsx (HighEfficiency_Improvement_Diesel / LowEfficiency_Improvement_Diesel),2025-03-24,nigel.zhuwaki,,unreviewed,unassessed,2026,EXC-VEHICLES-EFFICIENCY_IMPROVEMENT-DIESEL
LOC-b3c8ab85b3e3,"vehicles.efficiency_improvement.gasoline.csv[1:{""country"": ""ZAF"", ""period"": ""2020"", ""scenario"": ""high_demand""}]",REG-VEHICLES-EFFICIENCY_IMPROVEMENT-GASOLINE,"""0.01""",fraction per year,Vopak/Reatile xlsx (HighEfficiency_Improvement_Gasoline / LowEfficiency_Improvement_Gasoline),2025-03-24,nigel.zhuwaki,,unreviewed,unassessed,2026,EXC-VEHICLES-EFFICIENCY_IMPROVEMENT-GASOLINE
LOC-a66d012a1bac,"vehicles.efficiency_improvement.gasoline.csv[2:{""country"": ""ZAF"", ""period"": ""2021"", ""scenario"": ""high_demand""}]",REG-VEHICLES-EFFICIENCY_IMPROVEMENT-GASOLINE,"""0.01""",fraction per year,Vopak/Reatile xlsx (HighEfficiency_Improvement_Gasoline / LowEfficiency_Improvement_Gasoline),2025-03-24,nigel.zhuwaki,,unreviewed,unassessed,2026,EXC-VEHICLES-EFFICIENCY_IMPROVEMENT-GASOLINE
LOC-cd1a38c2bbeb,"vehicles.efficiency_improvement.gasoline.csv[3:{""country"": ""ZAF"", ""period"": ""2022"", ""scenario"": ""high_demand""}]",REG-VEHICLES-EFFICIENCY_IMPROVEMENT-GASOLINE,"""0.01""",fraction per year,Vopak/Reatile xlsx (HighEfficiency_Improvement_Gasoline / LowEfficiency_Improvement_Gasoline),2025-03-24,nigel.zhuwaki,,unreviewed,unassessed,2026,EXC-VEHICLES-EFFICIENCY_IMPROVEMENT-GASOLINE
LOC-782d1dbc380b,"vehicles.efficiency_improvement.gasoline.csv[4:{""country"": ""ZAF"", ""period"": ""2023"", ""scenario"": ""high_demand""}]",REG-VEHICLES-EFFICIENCY_IMPROVEMENT-GASOLINE,"""0.01""",fraction per year,Vopak/Reatile xlsx (HighEfficiency_Improvement_Gasoline / LowEfficiency_Improvement_Gasoline),2025-03-24,nigel.zhuwaki,,unreviewed,unassessed,2026,EXC-VEHICLES-EFFICIENCY_IMPROVEMENT-GASOLINE
LOC-9ea91d86ab0a,"vehicles.efficiency_improvement.gasoline.csv[5:{""country"": ""ZAF"", ""period"": ""2024"", ""scenario"": ""high_demand""}]",REG-VEHICLES-EFFICIENCY_IMPROVEMENT-GASOLINE,"""0.01""",fraction per year,Vopak/Reatile xlsx (HighEfficiency_Improvement_Gasoline / LowEfficiency_Improvement_Gasoline),2025-03-24,nigel.zhuwaki,,unreviewed,unassessed,2026,EXC-VEHICLES-EFFICIENCY_IMPROVEMENT-GASOLINE
LOC-f61d5e9b857b,"vehicles.efficiency_improvement.gasoline.csv[6:{""country"": ""ZAF"", ""period"": ""2025"", ""scenario"": ""high_demand""}]",REG-VEHICLES-EFFICIENCY_IMPROVEMENT-GASOLINE,"""0.01""",fraction per year,Vopak/Reatile xlsx (HighEfficiency_Improvement_Gasoline / LowEfficiency_Improvement_Gasoline),2025-03-24,nigel.zhuwaki,,unreviewed,unassessed,2026,EXC-VEHICLES-EFFICIENCY_IMPROVEMENT-GASOLINE
LOC-afc09f6a2232,"vehicles.efficiency_improvement.gasoline.csv[7:{""country"": ""ZAF"", ""period"": ""2026"", ""scenario"": ""high_demand""}]",REG-VEHICLES-EFFICIENCY_IMPROVEMENT-GASOLINE,"""0.01""",fraction per year,Vopak/Reatile xlsx (HighEfficiency_Improvement_Gasoline / LowEfficiency_Improvement_Gasoline),2025-03-24,nigel.zhuwaki,,unreviewed,unassessed,2026,EXC-VEHICLES-EFFICIENCY_IMPROVEMENT-GASOLINE
LOC-28acdc9e7b99,"vehicles.efficiency_improvement.gasoline.csv[8:{""country"": ""ZAF"", ""period"": ""2027"", ""scenario"": ""high_demand""}]",REG-VEHICLES-EFFICIENCY_IMPROVEMENT-GASOLINE,"""0.01""",fraction per year,Vopak/Reatile xlsx (HighEfficiency_Improvement_Gasoline / LowEfficiency_Improvement_Gasoline),2025-03-24,nigel.zhuwaki,,unreviewed,unassessed,2026,EXC-VEHICLES-EFFICIENCY_IMPROVEMENT-GASOLINE
LOC-e43857face10,"vehicles.efficiency_improvement.gasoline.csv[9:{""country"": ""ZAF"", ""period"": ""2028"", ""scenario"": ""high_demand""}]",REG-VEHICLES-EFFICIENCY_IMPROVEMENT-GASOLINE,"""0.01""",fraction per year,Vopak/Reatile xlsx (HighEfficiency_Improvement_Gasoline / LowEfficiency_Improvement_Gasoline),2025-03-24,nigel.zhuwaki,,unreviewed,unassessed,2026,EXC-VEHICLES-EFFICIENCY_IMPROVEMENT-GASOLINE
LOC-7fa12fe0d19e,"vehicles.efficiency_improvement.gasoline.csv[10:{""country"": ""ZAF"", ""period"": ""2029"", ""scenario"": ""high_demand""}]",REG-VEHICLES-EFFICIENCY_IMPROVEMENT-GASOLINE,"""0.01""",fraction per year,Vopak/Reatile xlsx (HighEfficiency_Improvement_Gasoline / LowEfficiency_Improvement_Gasoline),2025-03-24,nigel.zhuwaki,,unreviewed,unassessed,2026,EXC-VEHICLES-EFFICIENCY_IMPROVEMENT-GASOLINE
LOC-1323dce7c68e,"vehicles.efficiency_improvement.gasoline.csv[11:{""country"": ""ZAF"", ""period"": ""2030"", ""scenario"": ""high_demand""}]",REG-VEHICLES-EFFICIENCY_IMPROVEMENT-GASOLINE,"""0.01""",fraction per year,Vopak/Reatile xlsx (HighEfficiency_Improvement_Gasoline / LowEfficiency_Improvement_Gasoline),2025-03-24,nigel.zhuwaki,,unreviewed,unassessed,2026,EXC-VEHICLES-EFFICIENCY_IMPROVEMENT-GASOLINE
LOC-5d0b8e83d9b6,"vehicles.efficiency_improvement.gasoline.csv[12:{""country"": ""ZAF"", ""period"": ""2031"", ""scenario"": ""high_demand""}]",REG-VEHICLES-EFFICIENCY_IMPROVEMENT-GASOLINE,"""0.01""",fraction per year,Vopak/Reatile xlsx (HighEfficiency_Improvement_Gasoline / LowEfficiency_Improvement_Gasoline),2025-03-24,nigel.zhuwaki,,unreviewed,unassessed,2026,EXC-VEHICLES-EFFICIENCY_IMPROVEMENT-GASOLINE
LOC-e7a19eb1ce5f,"vehicles.efficiency_improvement.gasoline.csv[13:{""country"": ""ZAF"", ""period"": ""2032"", ""scenario"": ""high_demand""}]",REG-VEHICLES-EFFICIENCY_IMPROVEMENT-GASOLINE,"""0.01""",fraction per year,Vopak/Reatile xlsx (HighEfficiency_Improvement_Gasoline / LowEfficiency_Improvement_Gasoline),2025-03-24,nigel.zhuwaki,,unreviewed,unassessed,2026,EXC-VEHICLES-EFFICIENCY_IMPROVEMENT-GASOLINE
LOC-b759612b0d61,"vehicles.efficiency_improvement.gasoline.csv[14:{""country"": ""ZAF"", ""period"": ""2033"", ""scenario"": ""high_demand""}]",REG-VEHICLES-EFFICIENCY_IMPROVEMENT-GASOLINE,"""0.01""",fraction per year,Vopak/Reatile xlsx (HighEfficiency_Improvement_Gasoline / LowEfficiency_Improvement_Gasoline),2025-03-24,nigel.zhuwaki,,unreviewed,unassessed,2026,EXC-VEHICLES-EFFICIENCY_IMPROVEMENT-GASOLINE
LOC-90ee05f9ea34,"vehicles.efficiency_improvement.gasoline.csv[15:{""country"": ""ZAF"", ""period"": ""2034"", ""scenario"": ""high_demand""}]",REG-VEHICLES-EFFICIENCY_IMPROVEMENT-GASOLINE,"""0.01""",fraction per year,Vopak/Reatile xlsx (HighEfficiency_Improvement_Gasoline / LowEfficiency_Improvement_Gasoline),2025-03-24,nigel.zhuwaki,,unreviewed,unassessed,2026,EXC-VEHICLES-EFFICIENCY_IMPROVEMENT-GASOLINE
LOC-c08a460817a7,"vehicles.efficiency_improvement.gasoline.csv[16:{""country"": ""ZAF"", ""period"": ""2035"", ""scenario"": ""high_demand""}]",REG-VEHICLES-EFFICIENCY_IMPROVEMENT-GASOLINE,"""0.01""",fraction per year,Vopak/Reatile xlsx (HighEfficiency_Improvement_Gasoline / LowEfficiency_Improvement_Gasoline),2025-03-24,nigel.zhuwaki,,unreviewed,unassessed,2026,EXC-VEHICLES-EFFICIENCY_IMPROVEMENT-GASOLINE
LOC-0c47b0bba5ab,"vehicles.efficiency_improvement.gasoline.csv[17:{""country"": ""ZAF"", ""period"": ""2036"", ""scenario"": ""high_demand""}]",REG-VEHICLES-EFFICIENCY_IMPROVEMENT-GASOLINE,"""0.01""",fraction per year,Vopak/Reatile xlsx (HighEfficiency_Improvement_Gasoline / LowEfficiency_Improvement_Gasoline),2025-03-24,nigel.zhuwaki,,unreviewed,unassessed,2026,EXC-VEHICLES-EFFICIENCY_IMPROVEMENT-GASOLINE
LOC-50fdedde742d,"vehicles.efficiency_improvement.gasoline.csv[18:{""country"": ""ZAF"", ""period"": ""2037"", ""scenario"": ""high_demand""}]",REG-VEHICLES-EFFICIENCY_IMPROVEMENT-GASOLINE,"""0.01""",fraction per year,Vopak/Reatile xlsx (HighEfficiency_Improvement_Gasoline / LowEfficiency_Improvement_Gasoline),2025-03-24,nigel.zhuwaki,,unreviewed,unassessed,2026,EXC-VEHICLES-EFFICIENCY_IMPROVEMENT-GASOLINE
LOC-6573b705ba34,"vehicles.efficiency_improvement.gasoline.csv[19:{""country"": ""ZAF"", ""period"": ""2038"", ""scenario"": ""high_demand""}]",REG-VEHICLES-EFFICIENCY_IMPROVEMENT-GASOLINE,"""0.01""",fraction per year,Vopak/Reatile xlsx (HighEfficiency_Improvement_Gasoline / LowEfficiency_Improvement_Gasoline),2025-03-24,nigel.zhuwaki,,unreviewed,unassessed,2026,EXC-VEHICLES-EFFICIENCY_IMPROVEMENT-GASOLINE
LOC-d4460f8ea177,"vehicles.efficiency_improvement.gasoline.csv[20:{""country"": ""ZAF"", ""period"": ""2039"", ""scenario"": ""high_demand""}]",REG-VEHICLES-EFFICIENCY_IMPROVEMENT-GASOLINE,"""0.01""",fraction per year,Vopak/Reatile xlsx (HighEfficiency_Improvement_Gasoline / LowEfficiency_Improvement_Gasoline),2025-03-24,nigel.zhuwaki,,unreviewed,unassessed,2026,EXC-VEHICLES-EFFICIENCY_IMPROVEMENT-GASOLINE
LOC-3882400d6d97,"vehicles.efficiency_improvement.gasoline.csv[21:{""country"": ""ZAF"", ""period"": ""2040"", ""scenario"": ""high_demand""}]",REG-VEHICLES-EFFICIENCY_IMPROVEMENT-GASOLINE,"""0.01""",fraction per year,Vopak/Reatile xlsx (HighEfficiency_Improvement_Gasoline / LowEfficiency_Improvement_Gasoline),2025-03-24,nigel.zhuwaki,,unreviewed,unassessed,2026,EXC-VEHICLES-EFFICIENCY_IMPROVEMENT-GASOLINE
LOC-cfb2fe75a665,"vehicles.efficiency_improvement.gasoline.csv[22:{""country"": ""ZAF"", ""period"": ""2041"", ""scenario"": ""high_demand""}]",REG-VEHICLES-EFFICIENCY_IMPROVEMENT-GASOLINE,"""0.01""",fraction per year,Vopak/Reatile xlsx (HighEfficiency_Improvement_Gasoline / LowEfficiency_Improvement_Gasoline),2025-03-24,nigel.zhuwaki,,unreviewed,unassessed,2026,EXC-VEHICLES-EFFICIENCY_IMPROVEMENT-GASOLINE
LOC-7b1be21e9892,"vehicles.efficiency_improvement.gasoline.csv[23:{""country"": ""ZAF"", ""period"": ""2042"", ""scenario"": ""high_demand""}]",REG-VEHICLES-EFFICIENCY_IMPROVEMENT-GASOLINE,"""0.01""",fraction per year,Vopak/Reatile xlsx (HighEfficiency_Improvement_Gasoline / LowEfficiency_Improvement_Gasoline),2025-03-24,nigel.zhuwaki,,unreviewed,unassessed,2026,EXC-VEHICLES-EFFICIENCY_IMPROVEMENT-GASOLINE
LOC-2be6d2399e32,"vehicles.efficiency_improvement.gasoline.csv[24:{""country"": ""ZAF"", ""period"": ""2043"", ""scenario"": ""high_demand""}]",REG-VEHICLES-EFFICIENCY_IMPROVEMENT-GASOLINE,"""0.01""",fraction per year,Vopak/Reatile xlsx (HighEfficiency_Improvement_Gasoline / LowEfficiency_Improvement_Gasoline),2025-03-24,nigel.zhuwaki,,unreviewed,unassessed,2026,EXC-VEHICLES-EFFICIENCY_IMPROVEMENT-GASOLINE
LOC-51f8e8693393,"vehicles.efficiency_improvement.gasoline.csv[25:{""country"": ""ZAF"", ""period"": ""2044"", ""scenario"": ""high_demand""}]",REG-VEHICLES-EFFICIENCY_IMPROVEMENT-GASOLINE,"""0.01""",fraction per year,Vopak/Reatile xlsx (HighEfficiency_Improvement_Gasoline / LowEfficiency_Improvement_Gasoline),2025-03-24,nigel.zhuwaki,,unreviewed,unassessed,2026,EXC-VEHICLES-EFFICIENCY_IMPROVEMENT-GASOLINE
LOC-bb8f19a3085e,"vehicles.efficiency_improvement.gasoline.csv[26:{""country"": ""ZAF"", ""period"": ""2045"", ""scenario"": ""high_demand""}]",REG-VEHICLES-EFFICIENCY_IMPROVEMENT-GASOLINE,"""0.01""",fraction per year,Vopak/Reatile xlsx (HighEfficiency_Improvement_Gasoline / LowEfficiency_Improvement_Gasoline),2025-03-24,nigel.zhuwaki,,unreviewed,unassessed,2026,EXC-VEHICLES-EFFICIENCY_IMPROVEMENT-GASOLINE
LOC-ed3f230cd2a4,"vehicles.efficiency_improvement.gasoline.csv[27:{""country"": ""ZAF"", ""period"": ""2046"", ""scenario"": ""high_demand""}]",REG-VEHICLES-EFFICIENCY_IMPROVEMENT-GASOLINE,"""0.01""",fraction per year,Vopak/Reatile xlsx (HighEfficiency_Improvement_Gasoline / LowEfficiency_Improvement_Gasoline),2025-03-24,nigel.zhuwaki,,unreviewed,unassessed,2026,EXC-VEHICLES-EFFICIENCY_IMPROVEMENT-GASOLINE
LOC-774a429652e3,"vehicles.efficiency_improvement.gasoline.csv[28:{""country"": ""ZAF"", ""period"": ""2047"", ""scenario"": ""high_demand""}]",REG-VEHICLES-EFFICIENCY_IMPROVEMENT-GASOLINE,"""0.01""",fraction per year,Vopak/Reatile xlsx (HighEfficiency_Improvement_Gasoline / LowEfficiency_Improvement_Gasoline),2025-03-24,nigel.zhuwaki,,unreviewed,unassessed,2026,EXC-VEHICLES-EFFICIENCY_IMPROVEMENT-GASOLINE
LOC-48cf510eef35,"vehicles.efficiency_improvement.gasoline.csv[29:{""country"": ""ZAF"", ""period"": ""2048"", ""scenario"": ""high_demand""}]",REG-VEHICLES-EFFICIENCY_IMPROVEMENT-GASOLINE,"""0.01""",fraction per year,Vopak/Reatile xlsx (HighEfficiency_Improvement_Gasoline / LowEfficiency_Improvement_Gasoline),2025-03-24,nigel.zhuwaki,,unreviewed,unassessed,2026,EXC-VEHICLES-EFFICIENCY_IMPROVEMENT-GASOLINE
LOC-e87996331239,"vehicles.efficiency_improvement.gasoline.csv[30:{""country"": ""ZAF"", ""period"": ""2049"", ""scenario"": ""high_demand""}]",REG-VEHICLES-EFFICIENCY_IMPROVEMENT-GASOLINE,"""0.01""",fraction per year,Vopak/Reatile xlsx (HighEfficiency_Improvement_Gasoline / LowEfficiency_Improvement_Gasoline),2025-03-24,nigel.zhuwaki,,unreviewed,unassessed,2026,EXC-VEHICLES-EFFICIENCY_IMPROVEMENT-GASOLINE
LOC-87c2a6374538,"vehicles.efficiency_improvement.gasoline.csv[31:{""country"": ""ZAF"", ""period"": ""2050"", ""scenario"": ""high_demand""}]",REG-VEHICLES-EFFICIENCY_IMPROVEMENT-GASOLINE,"""0.01""",fraction per year,Vopak/Reatile xlsx (HighEfficiency_Improvement_Gasoline / LowEfficiency_Improvement_Gasoline),2025-03-24,nigel.zhuwaki,,unreviewed,unassessed,2026,EXC-VEHICLES-EFFICIENCY_IMPROVEMENT-GASOLINE
LOC-567b5e16bf4a,"vehicles.efficiency_improvement.gasoline.csv[32:{""country"": ""ZAF"", ""period"": ""2020"", ""scenario"": ""low_demand""}]",REG-VEHICLES-EFFICIENCY_IMPROVEMENT-GASOLINE,"""0.015""",fraction per year,Vopak/Reatile xlsx (HighEfficiency_Improvement_Gasoline / LowEfficiency_Improvement_Gasoline),2025-03-24,nigel.zhuwaki,,unreviewed,unassessed,2026,EXC-VEHICLES-EFFICIENCY_IMPROVEMENT-GASOLINE
LOC-3d142cc884f5,"vehicles.efficiency_improvement.gasoline.csv[33:{""country"": ""ZAF"", ""period"": ""2021"", ""scenario"": ""low_demand""}]",REG-VEHICLES-EFFICIENCY_IMPROVEMENT-GASOLINE,"""0.015""",fraction per year,Vopak/Reatile xlsx (HighEfficiency_Improvement_Gasoline / LowEfficiency_Improvement_Gasoline),2025-03-24,nigel.zhuwaki,,unreviewed,unassessed,2026,EXC-VEHICLES-EFFICIENCY_IMPROVEMENT-GASOLINE
LOC-d9f25ec3b177,"vehicles.efficiency_improvement.gasoline.csv[34:{""country"": ""ZAF"", ""period"": ""2022"", ""scenario"": ""low_demand""}]",REG-VEHICLES-EFFICIENCY_IMPROVEMENT-GASOLINE,"""0.015""",fraction per year,Vopak/Reatile xlsx (HighEfficiency_Improvement_Gasoline / LowEfficiency_Improvement_Gasoline),2025-03-24,nigel.zhuwaki,,unreviewed,unassessed,2026,EXC-VEHICLES-EFFICIENCY_IMPROVEMENT-GASOLINE
LOC-ef13c69cf1d3,"vehicles.efficiency_improvement.gasoline.csv[35:{""country"": ""ZAF"", ""period"": ""2023"", ""scenario"": ""low_demand""}]",REG-VEHICLES-EFFICIENCY_IMPROVEMENT-GASOLINE,"""0.015""",fraction per year,Vopak/Reatile xlsx (HighEfficiency_Improvement_Gasoline / LowEfficiency_Improvement_Gasoline),2025-03-24,nigel.zhuwaki,,unreviewed,unassessed,2026,EXC-VEHICLES-EFFICIENCY_IMPROVEMENT-GASOLINE
LOC-074cde2c0a72,"vehicles.efficiency_improvement.gasoline.csv[36:{""country"": ""ZAF"", ""period"": ""2024"", ""scenario"": ""low_demand""}]",REG-VEHICLES-EFFICIENCY_IMPROVEMENT-GASOLINE,"""0.015""",fraction per year,Vopak/Reatile xlsx (HighEfficiency_Improvement_Gasoline / LowEfficiency_Improvement_Gasoline),2025-03-24,nigel.zhuwaki,,unreviewed,unassessed,2026,EXC-VEHICLES-EFFICIENCY_IMPROVEMENT-GASOLINE
LOC-21903ffce927,"vehicles.efficiency_improvement.gasoline.csv[37:{""country"": ""ZAF"", ""period"": ""2025"", ""scenario"": ""low_demand""}]",REG-VEHICLES-EFFICIENCY_IMPROVEMENT-GASOLINE,"""0.015""",fraction per year,Vopak/Reatile xlsx (HighEfficiency_Improvement_Gasoline / LowEfficiency_Improvement_Gasoline),2025-03-24,nigel.zhuwaki,,unreviewed,unassessed,2026,EXC-VEHICLES-EFFICIENCY_IMPROVEMENT-GASOLINE
LOC-741543f05513,"vehicles.efficiency_improvement.gasoline.csv[38:{""country"": ""ZAF"", ""period"": ""2026"", ""scenario"": ""low_demand""}]",REG-VEHICLES-EFFICIENCY_IMPROVEMENT-GASOLINE,"""0.015""",fraction per year,Vopak/Reatile xlsx (HighEfficiency_Improvement_Gasoline / LowEfficiency_Improvement_Gasoline),2025-03-24,nigel.zhuwaki,,unreviewed,unassessed,2026,EXC-VEHICLES-EFFICIENCY_IMPROVEMENT-GASOLINE
LOC-9654d959513c,"vehicles.efficiency_improvement.gasoline.csv[39:{""country"": ""ZAF"", ""period"": ""2027"", ""scenario"": ""low_demand""}]",REG-VEHICLES-EFFICIENCY_IMPROVEMENT-GASOLINE,"""0.015""",fraction per year,Vopak/Reatile xlsx (HighEfficiency_Improvement_Gasoline / LowEfficiency_Improvement_Gasoline),2025-03-24,nigel.zhuwaki,,unreviewed,unassessed,2026,EXC-VEHICLES-EFFICIENCY_IMPROVEMENT-GASOLINE
LOC-432770a19cdd,"vehicles.efficiency_improvement.gasoline.csv[40:{""country"": ""ZAF"", ""period"": ""2028"", ""scenario"": ""low_demand""}]",REG-VEHICLES-EFFICIENCY_IMPROVEMENT-GASOLINE,"""0.015""",fraction per year,Vopak/Reatile xlsx (HighEfficiency_Improvement_Gasoline / LowEfficiency_Improvement_Gasoline),2025-03-24,nigel.zhuwaki,,unreviewed,unassessed,2026,EXC-VEHICLES-EFFICIENCY_IMPROVEMENT-GASOLINE
LOC-0935f18ca2b5,"vehicles.efficiency_improvement.gasoline.csv[41:{""country"": ""ZAF"", ""period"": ""2029"", ""scenario"": ""low_demand""}]",REG-VEHICLES-EFFICIENCY_IMPROVEMENT-GASOLINE,"""0.015""",fraction per year,Vopak/Reatile xlsx (HighEfficiency_Improvement_Gasoline / LowEfficiency_Improvement_Gasoline),2025-03-24,nigel.zhuwaki,,unreviewed,unassessed,2026,EXC-VEHICLES-EFFICIENCY_IMPROVEMENT-GASOLINE
LOC-2a7a0cc3857c,"vehicles.efficiency_improvement.gasoline.csv[42:{""country"": ""ZAF"", ""period"": ""2030"", ""scenario"": ""low_demand""}]",REG-VEHICLES-EFFICIENCY_IMPROVEMENT-GASOLINE,"""0.015""",fraction per year,Vopak/Reatile xlsx (HighEfficiency_Improvement_Gasoline / LowEfficiency_Improvement_Gasoline),2025-03-24,nigel.zhuwaki,,unreviewed,unassessed,2026,EXC-VEHICLES-EFFICIENCY_IMPROVEMENT-GASOLINE
LOC-54acaaf8ce36,"vehicles.efficiency_improvement.gasoline.csv[43:{""country"": ""ZAF"", ""period"": ""2031"", ""scenario"": ""low_demand""}]",REG-VEHICLES-EFFICIENCY_IMPROVEMENT-GASOLINE,"""0.015""",fraction per year,Vopak/Reatile xlsx (HighEfficiency_Improvement_Gasoline / LowEfficiency_Improvement_Gasoline),2025-03-24,nigel.zhuwaki,,unreviewed,unassessed,2026,EXC-VEHICLES-EFFICIENCY_IMPROVEMENT-GASOLINE
LOC-10fb7b0955e8,"vehicles.efficiency_improvement.gasoline.csv[44:{""country"": ""ZAF"", ""period"": ""2032"", ""scenario"": ""low_demand""}]",REG-VEHICLES-EFFICIENCY_IMPROVEMENT-GASOLINE,"""0.015""",fraction per year,Vopak/Reatile xlsx (HighEfficiency_Improvement_Gasoline / LowEfficiency_Improvement_Gasoline),2025-03-24,nigel.zhuwaki,,unreviewed,unassessed,2026,EXC-VEHICLES-EFFICIENCY_IMPROVEMENT-GASOLINE
LOC-61d1f8d1ed09,"vehicles.efficiency_improvement.gasoline.csv[45:{""country"": ""ZAF"", ""period"": ""2033"", ""scenario"": ""low_demand""}]",REG-VEHICLES-EFFICIENCY_IMPROVEMENT-GASOLINE,"""0.015""",fraction per year,Vopak/Reatile xlsx (HighEfficiency_Improvement_Gasoline / LowEfficiency_Improvement_Gasoline),2025-03-24,nigel.zhuwaki,,unreviewed,unassessed,2026,EXC-VEHICLES-EFFICIENCY_IMPROVEMENT-GASOLINE
LOC-36a88d49efbd,"vehicles.efficiency_improvement.gasoline.csv[46:{""country"": ""ZAF"", ""period"": ""2034"", ""scenario"": ""low_demand""}]",REG-VEHICLES-EFFICIENCY_IMPROVEMENT-GASOLINE,"""0.015""",fraction per year,Vopak/Reatile xlsx (HighEfficiency_Improvement_Gasoline / LowEfficiency_Improvement_Gasoline),2025-03-24,nigel.zhuwaki,,unreviewed,unassessed,2026,EXC-VEHICLES-EFFICIENCY_IMPROVEMENT-GASOLINE
LOC-29246ec1e94a,"vehicles.efficiency_improvement.gasoline.csv[47:{""country"": ""ZAF"", ""period"": ""2035"", ""scenario"": ""low_demand""}]",REG-VEHICLES-EFFICIENCY_IMPROVEMENT-GASOLINE,"""0.015""",fraction per year,Vopak/Reatile xlsx (HighEfficiency_Improvement_Gasoline / LowEfficiency_Improvement_Gasoline),2025-03-24,nigel.zhuwaki,,unreviewed,unassessed,2026,EXC-VEHICLES-EFFICIENCY_IMPROVEMENT-GASOLINE
LOC-780811a3b68c,"vehicles.efficiency_improvement.gasoline.csv[48:{""country"": ""ZAF"", ""period"": ""2036"", ""scenario"": ""low_demand""}]",REG-VEHICLES-EFFICIENCY_IMPROVEMENT-GASOLINE,"""0.015""",fraction per year,Vopak/Reatile xlsx (HighEfficiency_Improvement_Gasoline / LowEfficiency_Improvement_Gasoline),2025-03-24,nigel.zhuwaki,,unreviewed,unassessed,2026,EXC-VEHICLES-EFFICIENCY_IMPROVEMENT-GASOLINE
LOC-fad270fd3088,"vehicles.efficiency_improvement.gasoline.csv[49:{""country"": ""ZAF"", ""period"": ""2037"", ""scenario"": ""low_demand""}]",REG-VEHICLES-EFFICIENCY_IMPROVEMENT-GASOLINE,"""0.015""",fraction per year,Vopak/Reatile xlsx (HighEfficiency_Improvement_Gasoline / LowEfficiency_Improvement_Gasoline),2025-03-24,nigel.zhuwaki,,unreviewed,unassessed,2026,EXC-VEHICLES-EFFICIENCY_IMPROVEMENT-GASOLINE
LOC-faa7f6cc188f,"vehicles.efficiency_improvement.gasoline.csv[50:{""country"": ""ZAF"", ""period"": ""2038"", ""scenario"": ""low_demand""}]",REG-VEHICLES-EFFICIENCY_IMPROVEMENT-GASOLINE,"""0.015""",fraction per year,Vopak/Reatile xlsx (HighEfficiency_Improvement_Gasoline / LowEfficiency_Improvement_Gasoline),2025-03-24,nigel.zhuwaki,,unreviewed,unassessed,2026,EXC-VEHICLES-EFFICIENCY_IMPROVEMENT-GASOLINE
LOC-ea3fd9c93fc6,"vehicles.efficiency_improvement.gasoline.csv[51:{""country"": ""ZAF"", ""period"": ""2039"", ""scenario"": ""low_demand""}]",REG-VEHICLES-EFFICIENCY_IMPROVEMENT-GASOLINE,"""0.015""",fraction per year,Vopak/Reatile xlsx (HighEfficiency_Improvement_Gasoline / LowEfficiency_Improvement_Gasoline),2025-03-24,nigel.zhuwaki,,unreviewed,unassessed,2026,EXC-VEHICLES-EFFICIENCY_IMPROVEMENT-GASOLINE
LOC-23e36bc0d994,"vehicles.efficiency_improvement.gasoline.csv[52:{""country"": ""ZAF"", ""period"": ""2040"", ""scenario"": ""low_demand""}]",REG-VEHICLES-EFFICIENCY_IMPROVEMENT-GASOLINE,"""0.015""",fraction per year,Vopak/Reatile xlsx (HighEfficiency_Improvement_Gasoline / LowEfficiency_Improvement_Gasoline),2025-03-24,nigel.zhuwaki,,unreviewed,unassessed,2026,EXC-VEHICLES-EFFICIENCY_IMPROVEMENT-GASOLINE
LOC-b17a57bf86f6,"vehicles.efficiency_improvement.gasoline.csv[53:{""country"": ""ZAF"", ""period"": ""2041"", ""scenario"": ""low_demand""}]",REG-VEHICLES-EFFICIENCY_IMPROVEMENT-GASOLINE,"""0.015""",fraction per year,Vopak/Reatile xlsx (HighEfficiency_Improvement_Gasoline / LowEfficiency_Improvement_Gasoline),2025-03-24,nigel.zhuwaki,,unreviewed,unassessed,2026,EXC-VEHICLES-EFFICIENCY_IMPROVEMENT-GASOLINE
LOC-9236d98c0cea,"vehicles.efficiency_improvement.gasoline.csv[54:{""country"": ""ZAF"", ""period"": ""2042"", ""scenario"": ""low_demand""}]",REG-VEHICLES-EFFICIENCY_IMPROVEMENT-GASOLINE,"""0.015""",fraction per year,Vopak/Reatile xlsx (HighEfficiency_Improvement_Gasoline / LowEfficiency_Improvement_Gasoline),2025-03-24,nigel.zhuwaki,,unreviewed,unassessed,2026,EXC-VEHICLES-EFFICIENCY_IMPROVEMENT-GASOLINE
LOC-1701cf1ee1ea,"vehicles.efficiency_improvement.gasoline.csv[55:{""country"": ""ZAF"", ""period"": ""2043"", ""scenario"": ""low_demand""}]",REG-VEHICLES-EFFICIENCY_IMPROVEMENT-GASOLINE,"""0.015""",fraction per year,Vopak/Reatile xlsx (HighEfficiency_Improvement_Gasoline / LowEfficiency_Improvement_Gasoline),2025-03-24,nigel.zhuwaki,,unreviewed,unassessed,2026,EXC-VEHICLES-EFFICIENCY_IMPROVEMENT-GASOLINE
LOC-7f8668925936,"vehicles.efficiency_improvement.gasoline.csv[56:{""country"": ""ZAF"", ""period"": ""2044"", ""scenario"": ""low_demand""}]",REG-VEHICLES-EFFICIENCY_IMPROVEMENT-GASOLINE,"""0.015""",fraction per year,Vopak/Reatile xlsx (HighEfficiency_Improvement_Gasoline / LowEfficiency_Improvement_Gasoline),2025-03-24,nigel.zhuwaki,,unreviewed,unassessed,2026,EXC-VEHICLES-EFFICIENCY_IMPROVEMENT-GASOLINE
LOC-82327276d931,"vehicles.efficiency_improvement.gasoline.csv[57:{""country"": ""ZAF"", ""period"": ""2045"", ""scenario"": ""low_demand""}]",REG-VEHICLES-EFFICIENCY_IMPROVEMENT-GASOLINE,"""0.015""",fraction per year,Vopak/Reatile xlsx (HighEfficiency_Improvement_Gasoline / LowEfficiency_Improvement_Gasoline),2025-03-24,nigel.zhuwaki,,unreviewed,unassessed,2026,EXC-VEHICLES-EFFICIENCY_IMPROVEMENT-GASOLINE
LOC-61628aaa43fe,"vehicles.efficiency_improvement.gasoline.csv[58:{""country"": ""ZAF"", ""period"": ""2046"", ""scenario"": ""low_demand""}]",REG-VEHICLES-EFFICIENCY_IMPROVEMENT-GASOLINE,"""0.015""",fraction per year,Vopak/Reatile xlsx (HighEfficiency_Improvement_Gasoline / LowEfficiency_Improvement_Gasoline),2025-03-24,nigel.zhuwaki,,unreviewed,unassessed,2026,EXC-VEHICLES-EFFICIENCY_IMPROVEMENT-GASOLINE
LOC-ff0af7d4a161,"vehicles.efficiency_improvement.gasoline.csv[59:{""country"": ""ZAF"", ""period"": ""2047"", ""scenario"": ""low_demand""}]",REG-VEHICLES-EFFICIENCY_IMPROVEMENT-GASOLINE,"""0.015""",fraction per year,Vopak/Reatile xlsx (HighEfficiency_Improvement_Gasoline / LowEfficiency_Improvement_Gasoline),2025-03-24,nigel.zhuwaki,,unreviewed,unassessed,2026,EXC-VEHICLES-EFFICIENCY_IMPROVEMENT-GASOLINE
LOC-ceae5f033598,"vehicles.efficiency_improvement.gasoline.csv[60:{""country"": ""ZAF"", ""period"": ""2048"", ""scenario"": ""low_demand""}]",REG-VEHICLES-EFFICIENCY_IMPROVEMENT-GASOLINE,"""0.015""",fraction per year,Vopak/Reatile xlsx (HighEfficiency_Improvement_Gasoline / LowEfficiency_Improvement_Gasoline),2025-03-24,nigel.zhuwaki,,unreviewed,unassessed,2026,EXC-VEHICLES-EFFICIENCY_IMPROVEMENT-GASOLINE
LOC-2871b418efdd,"vehicles.efficiency_improvement.gasoline.csv[61:{""country"": ""ZAF"", ""period"": ""2049"", ""scenario"": ""low_demand""}]",REG-VEHICLES-EFFICIENCY_IMPROVEMENT-GASOLINE,"""0.015""",fraction per year,Vopak/Reatile xlsx (HighEfficiency_Improvement_Gasoline / LowEfficiency_Improvement_Gasoline),2025-03-24,nigel.zhuwaki,,unreviewed,unassessed,2026,EXC-VEHICLES-EFFICIENCY_IMPROVEMENT-GASOLINE
LOC-da37f7642502,"vehicles.efficiency_improvement.gasoline.csv[62:{""country"": ""ZAF"", ""period"": ""2050"", ""scenario"": ""low_demand""}]",REG-VEHICLES-EFFICIENCY_IMPROVEMENT-GASOLINE,"""0.015""",fraction per year,Vopak/Reatile xlsx (HighEfficiency_Improvement_Gasoline / LowEfficiency_Improvement_Gasoline),2025-03-24,nigel.zhuwaki,,unreviewed,unassessed,2026,EXC-VEHICLES-EFFICIENCY_IMPROVEMENT-GASOLINE
