country,period,scenario,series,value,unit,code,source_file
ZAF,1993-Q1,shared,agriculture_forestry_and_fishing,11516592586.61957,"rand, constant 2015 prices, not seasonally adjusted",QRU1001,GDP P0441 - GDP Time series Q2 2026.xlsx
ZAF,1993-Q2,shared,agriculture_forestry_and_fishing,21015878729.196823,"rand, constant 2015 prices, not seasonally adjusted",QRU1001,GDP P0441 - GDP Time series Q2 2026.xlsx
ZAF,1993-Q3,shared,agriculture_forestry_and_fishing,16886128771.918427,"rand, constant 2015 prices, not seasonally adjusted",QRU1001,GDP P0441 - GDP Time series Q2 2026.xlsx
ZAF,1993-Q4,shared,agriculture_forestry_and_fishing,11772801721.17267,"rand, constant 2015 prices, not seasonally adjusted",QRU1001,GDP P0441 - GDP Time series Q2 2026.xlsx
ZAF,1994-Q1,shared,agriculture_forestry_and_fishing,11260422819.777748,"rand, constant 2015 prices, not seasonally adjusted",QRU1001,GDP P0441 - GDP Time series Q2 2026.xlsx
ZAF,1994-Q2,shared,agriculture_forestry_and_fishing,26740725193.279163,"rand, constant 2015 prices, not seasonally adjusted",QRU1001,GDP P0441 - GDP Time series Q2 2026.xlsx
ZAF,1994-Q3,shared,agriculture_forestry_and_fishing,17441127321.57463,"rand, constant 2015 prices, not seasonally adjusted",QRU1001,GDP P0441 - GDP Time series Q2 2026.xlsx
ZAF,1994-Q4,shared,agriculture_forestry_and_fishing,10583247217.179642,"rand, constant 2015 prices, not seasonally adjusted",QRU1001,GDP P0441 - GDP Time series Q2 2026.xlsx
ZAF,1995-Q1,shared,agriculture_forestry_and_fishing,10138808911.503819,"rand, constant 2015 prices, not seasonally adjusted",QRU1001,GDP P0441 - GDP Time series Q2 2026.xlsx
ZAF,1995-Q2,shared,agriculture_forestry_and_fishing,14733269024.555096,"rand, constant 2015 prices, not seasonally adjusted",QRU1001,GDP P0441 - GDP Time series Q2 2026.xlsx
ZAF,1995-Q3,shared,agriculture_forestry_and_fishing,15798764286.351955,"rand, constant 2015 prices, not seasonally adjusted",QRU1001,GDP P0441 - GDP Time series Q2 2026.xlsx
ZAF,1995-Q4,shared,agriculture_forestry_and_fishing,12215601341.589857,"rand, constant 2015 prices, not seasonally adjusted",QRU1001,GDP P0441 - GDP Time series Q2 2026.xlsx
ZAF,1996-Q1,shared,agriculture_forestry_and_fishing,11132239929.223524,"rand, constant 2015 prices, not seasonally adjusted",QRU1001,GDP P0441 - GDP Time series Q2 2026.xlsx
ZAF,1996-Q2,shared,agriculture_forestry_and_fishing,24803978905.074677,"rand, constant 2015 prices, not seasonally adjusted",QRU1001,GDP P0441 - GDP Time series Q2 2026.xlsx
ZAF,1996-Q3,shared,agriculture_forestry_and_fishing,17761792144.14035,"rand, constant 2015 prices, not seasonally adjusted",QRU1001,GDP P0441 - GDP Time series Q2 2026.xlsx
ZAF,1996-Q4,shared,agriculture_forestry_and_fishing,11881179040.922369,"rand, constant 2015 prices, not seasonally adjusted",QRU1001,GDP P0441 - GDP Time series Q2 2026.xlsx
ZAF,1997-Q1,shared,agriculture_forestry_and_fishing,12291771071.226072,"rand, constant 2015 prices, not seasonally adjusted",QRU1001,GDP P0441 - GDP Time series Q2 2026.xlsx
ZAF,1997-Q2,shared,agriculture_forestry_and_fishing,24313032368.036926,"rand, constant 2015 prices, not seasonally adjusted",QRU1001,GDP P0441 - GDP Time series Q2 2026.xlsx
ZAF,1997-Q3,shared,agriculture_forestry_and_fishing,17635410659.903816,"rand, constant 2015 prices, not seasonally adjusted",QRU1001,GDP P0441 - GDP Time series Q2 2026.xlsx
ZAF,1997-Q4,shared,agriculture_forestry_and_fishing,11929188630.36835,"rand, constant 2015 prices, not seasonally adjusted",QRU1001,GDP P0441 - GDP Time series Q2 2026.xlsx
ZAF,1998-Q1,shared,agriculture_forestry_and_fishing,11897141470.506824,"rand, constant 2015 prices, not seasonally adjusted",QRU1001,GDP P0441 - GDP Time series Q2 2026.xlsx
ZAF,1998-Q2,shared,agriculture_forestry_and_fishing,23475964305.675373,"rand, constant 2015 prices, not seasonally adjusted",QRU1001,GDP P0441 - GDP Time series Q2 2026.xlsx
ZAF,1998-Q3,shared,agriculture_forestry_and_fishing,17026531926.053606,"rand, constant 2015 prices, not seasonally adjusted",QRU1001,GDP P0441 - GDP Time series Q2 2026.xlsx
ZAF,1998-Q4,shared,agriculture_forestry_and_fishing,10262786682.633978,"rand, constant 2015 prices, not seasonally adjusted",QRU1001,GDP P0441 - GDP Time series Q2 2026.xlsx
ZAF,1999-Q1,shared,agriculture_forestry_and_fishing,13054727891.755877,"rand, constant 2015 prices, not seasonally adjusted",QRU1001,GDP P0441 - GDP Time series Q2 2026.xlsx
ZAF,1999-Q2,shared,agriculture_forestry_and_fishing,25947302169.482117,"rand, constant 2015 prices, not seasonally adjusted",QRU1001,GDP P0441 - GDP Time series Q2 2026.xlsx
ZAF,1999-Q3,shared,agriculture_forestry_and_fishing,18148586592.656635,"rand, constant 2015 prices, not seasonally adjusted",QRU1001,GDP P0441 - GDP Time series Q2 2026.xlsx
ZAF,1999-Q4,shared,agriculture_forestry_and_fishing,9396878042.837112,"rand, constant 2015 prices, not seasonally adjusted",QRU1001,GDP P0441 - GDP Time series Q2 2026.xlsx
ZAF,2000-Q1,shared,agriculture_forestry_and_fishing,11090218608.825808,"rand, constant 2015 prices, not seasonally adjusted",QRU1001,GDP P0441 - GDP Time series Q2 2026.xlsx
ZAF,2000-Q2,shared,agriculture_forestry_and_fishing,22234234728.23688,"rand, constant 2015 prices, not seasonally adjusted",QRU1001,GDP P0441 - GDP Time series Q2 2026.xlsx
ZAF,2000-Q3,shared,agriculture_forestry_and_fishing,24787914028.235474,"rand, constant 2015 prices, not seasonally adjusted",QRU1001,GDP P0441 - GDP Time series Q2 2026.xlsx
ZAF,2000-Q4,shared,agriculture_forestry_and_fishing,11562859582.179956,"rand, constant 2015 prices, not seasonally adjusted",QRU1001,GDP P0441 - GDP Time series Q2 2026.xlsx
ZAF,2001-Q1,shared,agriculture_forestry_and_fishing,12323954377.258663,"rand, constant 2015 prices, not seasonally adjusted",QRU1001,GDP P0441 - GDP Time series Q2 2026.xlsx
ZAF,2001-Q2,shared,agriculture_forestry_and_fishing,25701266263.150852,"rand, constant 2015 prices, not seasonally adjusted",QRU1001,GDP P0441 - GDP Time series Q2 2026.xlsx
ZAF,2001-Q3,shared,agriculture_forestry_and_fishing,19700621496.99829,"rand, constant 2015 prices, not seasonally adjusted",QRU1001,GDP P0441 - GDP Time series Q2 2026.xlsx
ZAF,2001-Q4,shared,agriculture_forestry_and_fishing,9650102320.80356,"rand, constant 2015 prices, not seasonally adjusted",QRU1001,GDP P0441 - GDP Time series Q2 2026.xlsx
ZAF,2002-Q1,shared,agriculture_forestry_and_fishing,13479420341.878555,"rand, constant 2015 prices, not seasonally adjusted",QRU1001,GDP P0441 - GDP Time series Q2 2026.xlsx
ZAF,2002-Q2,shared,agriculture_forestry_and_fishing,28230673063.358162,"rand, constant 2015 prices, not seasonally adjusted",QRU1001,GDP P0441 - GDP Time series Q2 2026.xlsx
ZAF,2002-Q3,shared,agriculture_forestry_and_fishing,18548723887.532257,"rand, constant 2015 prices, not seasonally adjusted",QRU1001,GDP P0441 - GDP Time series Q2 2026.xlsx
ZAF,2002-Q4,shared,agriculture_forestry_and_fishing,11496563555.22612,"rand, constant 2015 prices, not seasonally adjusted",QRU1001,GDP P0441 - GDP Time series Q2 2026.xlsx
ZAF,2003-Q1,shared,agriculture_forestry_and_fishing,12379836116.821455,"rand, constant 2015 prices, not seasonally adjusted",QRU1001,GDP P0441 - GDP Time series Q2 2026.xlsx
ZAF,2003-Q2,shared,agriculture_forestry_and_fishing,31224987068.734215,"rand, constant 2015 prices, not seasonally adjusted",QRU1001,GDP P0441 - GDP Time series Q2 2026.xlsx
ZAF,2003-Q3,shared,agriculture_forestry_and_fishing,19492083032.314426,"rand, constant 2015 prices, not seasonally adjusted",QRU1001,GDP P0441 - GDP Time series Q2 2026.xlsx
ZAF,2003-Q4,shared,agriculture_forestry_and_fishing,9147178725.66766,"rand, constant 2015 prices, not seasonally adjusted",QRU1001,GDP P0441 - GDP Time series Q2 2026.xlsx
ZAF,2004-Q1,shared,agriculture_forestry_and_fishing,12451940059.060593,"rand, constant 2015 prices, not seasonally adjusted",QRU1001,GDP P0441 - GDP Time series Q2 2026.xlsx
ZAF,2004-Q2,shared,agriculture_forestry_and_fishing,28330817448.81266,"rand, constant 2015 prices, not seasonally adjusted",QRU1001,GDP P0441 - GDP Time series Q2 2026.xlsx
ZAF,2004-Q3,shared,agriculture_forestry_and_fishing,21418858969.29133,"rand, constant 2015 prices, not seasonally adjusted",QRU1001,GDP P0441 - GDP Time series Q2 2026.xlsx
ZAF,2004-Q4,shared,agriculture_forestry_and_fishing,10663363013.988811,"rand, constant 2015 prices, not seasonally adjusted",QRU1001,GDP P0441 - GDP Time series Q2 2026.xlsx
ZAF,2005-Q1,shared,agriculture_forestry_and_fishing,14348271804.195988,"rand, constant 2015 prices, not seasonally adjusted",QRU1001,GDP P0441 - GDP Time series Q2 2026.xlsx
ZAF,2005-Q2,shared,agriculture_forestry_and_fishing,26289475774.36378,"rand, constant 2015 prices, not seasonally adjusted",QRU1001,GDP P0441 - GDP Time series Q2 2026.xlsx
ZAF,2005-Q3,shared,agriculture_forestry_and_fishing,23465407752.139805,"rand, constant 2015 prices, not seasonally adjusted",QRU1001,GDP P0441 - GDP Time series Q2 2026.xlsx
ZAF,2005-Q4,shared,agriculture_forestry_and_fishing,10809173859.07551,"rand, constant 2015 prices, not seasonally adjusted",QRU1001,GDP P0441 - GDP Time series Q2 2026.xlsx
ZAF,2006-Q1,shared,agriculture_forestry_and_fishing,14669755162.1469,"rand, constant 2015 prices, not seasonally adjusted",QRU1001,GDP P0441 - GDP Time series Q2 2026.xlsx
ZAF,2006-Q2,shared,agriculture_forestry_and_fishing,23716297666.604782,"rand, constant 2015 prices, not seasonally adjusted",QRU1001,GDP P0441 - GDP Time series Q2 2026.xlsx
ZAF,2006-Q3,shared,agriculture_forestry_and_fishing,20593084793.70966,"rand, constant 2015 prices, not seasonally adjusted",QRU1001,GDP P0441 - GDP Time series Q2 2026.xlsx
ZAF,2006-Q4,shared,agriculture_forestry_and_fishing,11840895632.835323,"rand, constant 2015 prices, not seasonally adjusted",QRU1001,GDP P0441 - GDP Time series Q2 2026.xlsx
ZAF,2007-Q1,shared,agriculture_forestry_and_fishing,15192694507.539816,"rand, constant 2015 prices, not seasonally adjusted",QRU1001,GDP P0441 - GDP Time series Q2 2026.xlsx
ZAF,2007-Q2,shared,agriculture_forestry_and_fishing,24510237569.67291,"rand, constant 2015 prices, not seasonally adjusted",QRU1001,GDP P0441 - GDP Time series Q2 2026.xlsx
ZAF,2007-Q3,shared,agriculture_forestry_and_fishing,21094711827.246834,"rand, constant 2015 prices, not seasonally adjusted",QRU1001,GDP P0441 - GDP Time series Q2 2026.xlsx
ZAF,2007-Q4,shared,agriculture_forestry_and_fishing,12132232889.406673,"rand, constant 2015 prices, not seasonally adjusted",QRU1001,GDP P0441 - GDP Time series Q2 2026.xlsx
ZAF,2008-Q1,shared,agriculture_forestry_and_fishing,18759919022.12268,"rand, constant 2015 prices, not seasonally adjusted",QRU1001,GDP P0441 - GDP Time series Q2 2026.xlsx
ZAF,2008-Q2,shared,agriculture_forestry_and_fishing,29374737457.906178,"rand, constant 2015 prices, not seasonally adjusted",QRU1001,GDP P0441 - GDP Time series Q2 2026.xlsx
ZAF,2008-Q3,shared,agriculture_forestry_and_fishing,25035158653.761585,"rand, constant 2015 prices, not seasonally adjusted",QRU1001,GDP P0441 - GDP Time series Q2 2026.xlsx
ZAF,2008-Q4,shared,agriculture_forestry_and_fishing,13916850581.625397,"rand, constant 2015 prices, not seasonally adjusted",QRU1001,GDP P0441 - GDP Time series Q2 2026.xlsx
ZAF,2009-Q1,shared,agriculture_forestry_and_fishing,18335639188.88346,"rand, constant 2015 prices, not seasonally adjusted",QRU1001,GDP P0441 - GDP Time series Q2 2026.xlsx
ZAF,2009-Q2,shared,agriculture_forestry_and_fishing,28259027475.689728,"rand, constant 2015 prices, not seasonally adjusted",QRU1001,GDP P0441 - GDP Time series Q2 2026.xlsx
ZAF,2009-Q3,shared,agriculture_forestry_and_fishing,24297320992.558777,"rand, constant 2015 prices, not seasonally adjusted",QRU1001,GDP P0441 - GDP Time series Q2 2026.xlsx
ZAF,2009-Q4,shared,agriculture_forestry_and_fishing,14546753022.291702,"rand, constant 2015 prices, not seasonally adjusted",QRU1001,GDP P0441 - GDP Time series Q2 2026.xlsx
ZAF,2010-Q1,shared,agriculture_forestry_and_fishing,18485588605.981915,"rand, constant 2015 prices, not seasonally adjusted",QRU1001,GDP P0441 - GDP Time series Q2 2026.xlsx
ZAF,2010-Q2,shared,agriculture_forestry_and_fishing,28773125003.243607,"rand, constant 2015 prices, not seasonally adjusted",QRU1001,GDP P0441 - GDP Time series Q2 2026.xlsx
ZAF,2010-Q3,shared,agriculture_forestry_and_fishing,23761468384.989334,"rand, constant 2015 prices, not seasonally adjusted",QRU1001,GDP P0441 - GDP Time series Q2 2026.xlsx
ZAF,2010-Q4,shared,agriculture_forestry_and_fishing,14161950758.68655,"rand, constant 2015 prices, not seasonally adjusted",QRU1001,GDP P0441 - GDP Time series Q2 2026.xlsx
ZAF,2011-Q1,shared,agriculture_forestry_and_fishing,18416068834.484955,"rand, constant 2015 prices, not seasonally adjusted",QRU1001,GDP P0441 - GDP Time series Q2 2026.xlsx
ZAF,2011-Q2,shared,agriculture_forestry_and_fishing,28862466841.265587,"rand, constant 2015 prices, not seasonally adjusted",QRU1001,GDP P0441 - GDP Time series Q2 2026.xlsx
ZAF,2011-Q3,shared,agriculture_forestry_and_fishing,24676914475.30675,"rand, constant 2015 prices, not seasonally adjusted",QRU1001,GDP P0441 - GDP Time series Q2 2026.xlsx
ZAF,2011-Q4,shared,agriculture_forestry_and_fishing,14925240047.669767,"rand, constant 2015 prices, not seasonally adjusted",QRU1001,GDP P0441 - GDP Time series Q2 2026.xlsx
ZAF,2012-Q1,shared,agriculture_forestry_and_fishing,19328375154.279243,"rand, constant 2015 prices, not seasonally adjusted",QRU1001,GDP P0441 - GDP Time series Q2 2026.xlsx
ZAF,2012-Q2,shared,agriculture_forestry_and_fishing,30653657431.979443,"rand, constant 2015 prices, not seasonally adjusted",QRU1001,GDP P0441 - GDP Time series Q2 2026.xlsx
ZAF,2012-Q3,shared,agriculture_forestry_and_fishing,23845212327.377502,"rand, constant 2015 prices, not seasonally adjusted",QRU1001,GDP P0441 - GDP Time series Q2 2026.xlsx
ZAF,2012-Q4,shared,agriculture_forestry_and_fishing,14585497001.49526,"rand, constant 2015 prices, not seasonally adjusted",QRU1001,GDP P0441 - GDP Time series Q2 2026.xlsx
ZAF,2013-Q1,shared,agriculture_forestry_and_fishing,20529093622.88304,"rand, constant 2015 prices, not seasonally adjusted",QRU1001,GDP P0441 - GDP Time series Q2 2026.xlsx
ZAF,2013-Q2,shared,agriculture_forestry_and_fishing,33161124410.046227,"rand, constant 2015 prices, not seasonally adjusted",QRU1001,GDP P0441 - GDP Time series Q2 2026.xlsx
ZAF,2013-Q3,shared,agriculture_forestry_and_fishing,23719232695.572117,"rand, constant 2015 prices, not seasonally adjusted",QRU1001,GDP P0441 - GDP Time series Q2 2026.xlsx
ZAF,2013-Q4,shared,agriculture_forestry_and_fishing,14964093066.756037,"rand, constant 2015 prices, not seasonally adjusted",QRU1001,GDP P0441 - GDP Time series Q2 2026.xlsx
ZAF,2014-Q1,shared,agriculture_forestry_and_fishing,21051395480.244976,"rand, constant 2015 prices, not seasonally adjusted",QRU1001,GDP P0441 - GDP Time series Q2 2026.xlsx
ZAF,2014-Q2,shared,agriculture_forestry_and_fishing,37253401599.217514,"rand, constant 2015 prices, not seasonally adjusted",QRU1001,GDP P0441 - GDP Time series Q2 2026.xlsx
ZAF,2014-Q3,shared,agriculture_forestry_and_fishing,27907349630.213326,"rand, constant 2015 prices, not seasonally adjusted",QRU1001,GDP P0441 - GDP Time series Q2 2026.xlsx
ZAF,2014-Q4,shared,agriculture_forestry_and_fishing,16275544988.406502,"rand, constant 2015 prices, not seasonally adjusted",QRU1001,GDP P0441 - GDP Time series Q2 2026.xlsx
ZAF,2015-Q1,shared,agriculture_forestry_and_fishing,24933045748.80559,"rand, constant 2015 prices, not seasonally adjusted",QRU1001,GDP P0441 - GDP Time series Q2 2026.xlsx
ZAF,2015-Q2,shared,agriculture_forestry_and_fishing,34951565031.3513,"rand, constant 2015 prices, not seasonally adjusted",QRU1001,GDP P0441 - GDP Time series Q2 2026.xlsx
ZAF,2015-Q3,shared,agriculture_forestry_and_fishing,22987907014.421192,"rand, constant 2015 prices, not seasonally adjusted",QRU1001,GDP P0441 - GDP Time series Q2 2026.xlsx
ZAF,2015-Q4,shared,agriculture_forestry_and_fishing,15887051456.80627,"rand, constant 2015 prices, not seasonally adjusted",QRU1001,GDP P0441 - GDP Time series Q2 2026.xlsx
ZAF,2016-Q1,shared,agriculture_forestry_and_fishing,25052112623.295963,"rand, constant 2015 prices, not seasonally adjusted",QRU1001,GDP P0441 - GDP Time series Q2 2026.xlsx
ZAF,2016-Q2,shared,agriculture_forestry_and_fishing,31282865953.48769,"rand, constant 2015 prices, not seasonally adjusted",QRU1001,GDP P0441 - GDP Time series Q2 2026.xlsx
ZAF,2016-Q3,shared,agriculture_forestry_and_fishing,21059659623.384987,"rand, constant 2015 prices, not seasonally adjusted",QRU1001,GDP P0441 - GDP Time series Q2 2026.xlsx
ZAF,2016-Q4,shared,agriculture_forestry_and_fishing,16277467110.726414,"rand, constant 2015 prices, not seasonally adjusted",QRU1001,GDP P0441 - GDP Time series Q2 2026.xlsx
ZAF,2017-Q1,shared,agriculture_forestry_and_fishing,25873020862.515724,"rand, constant 2015 prices, not seasonally adjusted",QRU1001,GDP P0441 - GDP Time series Q2 2026.xlsx
ZAF,2017-Q2,shared,agriculture_forestry_and_fishing,41607895572.75911,"rand, constant 2015 prices, not seasonally adjusted",QRU1001,GDP P0441 - GDP Time series Q2 2026.xlsx
ZAF,2017-Q3,shared,agriculture_forestry_and_fishing,28204195305.96845,"rand, constant 2015 prices, not seasonally adjusted",QRU1001,GDP P0441 - GDP Time series Q2 2026.xlsx
ZAF,2017-Q4,shared,agriculture_forestry_and_fishing,15859967796.29532,"rand, constant 2015 prices, not seasonally adjusted",QRU1001,GDP P0441 - GDP Time series Q2 2026.xlsx
ZAF,2018-Q1,shared,agriculture_forestry_and_fishing,26122198377.931957,"rand, constant 2015 prices, not seasonally adjusted",QRU1001,GDP P0441 - GDP Time series Q2 2026.xlsx
ZAF,2018-Q2,shared,agriculture_forestry_and_fishing,36779168291.442696,"rand, constant 2015 prices, not seasonally adjusted",QRU1001,GDP P0441 - GDP Time series Q2 2026.xlsx
ZAF,2018-Q3,shared,agriculture_forestry_and_fishing,16456422432.218279,"rand, constant 2015 prices, not seasonally adjusted",QRU1001,GDP P0441 - GDP Time series Q2 2026.xlsx
ZAF,2019-Q1,shared,agriculture_forestry_and_fishing,23150963950.73233,"rand, constant 2015 prices, not seasonally adjusted",QRU1001,GDP P0441 - GDP Time series Q2 2026.xlsx
ZAF,2019-Q2,shared,agriculture_forestry_and_fishing,34432678748.09945,"rand, constant 2015 prices, not seasonally adjusted",QRU1001,GDP P0441 - GDP Time series Q2 2026.xlsx
ZAF,2019-Q3,shared,agriculture_forestry_and_fishing,30314146185.69804,"rand, constant 2015 prices, not seasonally adjusted",QRU1001,GDP P0441 - GDP Time series Q2 2026.xlsx
ZAF,2019-Q4,shared,agriculture_forestry_and_fishing,16886968814.58447,"rand, constant 2015 prices, not seasonally adjusted",QRU1001,GDP P0441 - GDP Time series Q2 2026.xlsx
ZAF,2020-Q1,shared,agriculture_forestry_and_fishing,30589580513.56441,"rand, constant 2015 prices, not seasonally adjusted",QRU1001,GDP P0441 - GDP Time series Q2 2026.xlsx
ZAF,2020-Q2,shared,agriculture_forestry_and_fishing,39221787422.40905,"rand, constant 2015 prices, not seasonally adjusted",QRU1001,GDP P0441 - GDP Time series Q2 2026.xlsx
ZAF,2020-Q3,shared,agriculture_forestry_and_fishing,33346678662.674183,"rand, constant 2015 prices, not seasonally adjusted",QRU1001,GDP P0441 - GDP Time series Q2 2026.xlsx
ZAF,2020-Q4,shared,agriculture_forestry_and_fishing,19712052476.69856,"rand, constant 2015 prices, not seasonally adjusted",QRU1001,GDP P0441 - GDP Time series Q2 2026.xlsx
ZAF,2021-Q1,shared,agriculture_forestry_and_fishing,31160032415.400585,"rand, constant 2015 prices, not seasonally adjusted",QRU1001,GDP P0441 - GDP Time series Q2 2026.xlsx
ZAF,2021-Q2,shared,agriculture_forestry_and_fishing,48124045816.13529,"rand, constant 2015 prices, not seasonally adjusted",QRU1001,GDP P0441 - GDP Time series Q2 2026.xlsx
ZAF,2021-Q3,shared,agriculture_forestry_and_fishing,29656541020.507584,"rand, constant 2015 prices, not seasonally adjusted",QRU1001,GDP P0441 - GDP Time series Q2 2026.xlsx
ZAF,2021-Q4,shared,agriculture_forestry_and_fishing,20042470309.317635,"rand, constant 2015 prices, not seasonally adjusted",QRU1001,GDP P0441 - GDP Time series Q2 2026.xlsx
ZAF,2022-Q1,shared,agriculture_forestry_and_fishing,30471069596.560005,"rand, constant 2015 prices, not seasonally adjusted",QRU1001,GDP P0441 - GDP Time series Q2 2026.xlsx
ZAF,2022-Q2,shared,agriculture_forestry_and_fishing,38354164256.86871,"rand, constant 2015 prices, not seasonally adjusted",QRU1001,GDP P0441 - GDP Time series Q2 2026.xlsx
ZAF,2022-Q3,shared,agriculture_forestry_and_fishing,41705807413.75522,"rand, constant 2015 prices, not seasonally adjusted",QRU1001,GDP P0441 - GDP Time series Q2 2026.xlsx
ZAF,2022-Q4,shared,agriculture_forestry_and_fishing,21239600877.842564,"rand, constant 2015 prices, not seasonally adjusted",QRU1001,GDP P0441 - GDP Time series Q2 2026.xlsx
ZAF,2023-Q1,shared,agriculture_forestry_and_fishing,32339609783.418083,"rand, constant 2015 prices, not seasonally adjusted",QRU1001,GDP P0441 - GDP Time series Q2 2026.xlsx
ZAF,2023-Q2,shared,agriculture_forestry_and_fishing,47384283022.64908,"rand, constant 2015 prices, not seasonally adjusted",QRU1001,GDP P0441 - GDP Time series Q2 2026.xlsx
ZAF,2023-Q3,shared,agriculture_forestry_and_fishing,29481423542.177162,"rand, constant 2015 prices, not seasonally adjusted",QRU1001,GDP P0441 - GDP Time series Q2 2026.xlsx
ZAF,2023-Q4,shared,agriculture_forestry_and_fishing,16541325796.782217,"rand, constant 2015 prices, not seasonally adjusted",QRU1001,GDP P0441 - GDP Time series Q2 2026.xlsx
ZAF,2024-Q1,shared,agriculture_forestry_and_fishing,31673256175.15344,"rand, constant 2015 prices, not seasonally adjusted",QRU1001,GDP P0441 - GDP Time series Q2 2026.xlsx
ZAF,2024-Q2,shared,agriculture_forestry_and_fishing,41724122804.179214,"rand, constant 2015 prices, not seasonally adjusted",QRU1001,GDP P0441 - GDP Time series Q2 2026.xlsx
ZAF,2024-Q3,shared,agriculture_forestry_and_fishing,23450613571.1511,"rand, constant 2015 prices, not seasonally adjusted",QRU1001,GDP P0441 - GDP Time series Q2 2026.xlsx
ZAF,2024-Q4,shared,agriculture_forestry_and_fishing,17943649594.542767,"rand, constant 2015 prices, not seasonally adjusted",QRU1001,GDP P0441 - GDP Time series Q2 2026.xlsx
ZAF,2025-Q1,shared,agriculture_forestry_and_fishing,38429767891.7598,"rand, constant 2015 prices, not seasonally adjusted",QRU1001,GDP P0441 - GDP Time series Q2 2026.xlsx
ZAF,2025-Q2,shared,agriculture_forestry_and_fishing,42528853855.3442,"rand, constant 2015 prices, not seasonally adjusted",QRU1001,GDP P0441 - GDP Time series Q2 2026.xlsx
ZAF,2025-Q3,shared,agriculture_forestry_and_fishing,38197561828.9186,"rand, constant 2015 prices, not seasonally adjusted",QRU1001,GDP P0441 - GDP Time series Q2 2026.xlsx
ZAF,2025-Q4,shared,agriculture_forestry_and_fishing,15640563405.690561,"rand, constant 2015 prices, not seasonally adjusted",QRU1001,GDP P0441 - GDP Time series Q2 2026.xlsx
ZAF,2026-Q1,shared,agriculture_forestry_and_fishing,40548170118.5501,"rand, constant 2015 prices, not seasonally adjusted",QRU1001,GDP P0441 - GDP Time series Q2 2026.xlsx
ZAF,2026-Q2,shared,agriculture_forestry_and_fishing,43234651881.22238,"rand, constant 2015 prices, not seasonally adjusted",QRU1001,GDP P0441 - GDP Time series Q2 2026.xlsx
ZAF,1993-Q1,shared,mining_and_quarrying,56641666628.95124,"rand, constant 2015 prices, not seasonally adjusted",QRU1002,GDP P0441 - GDP Time series Q2 2026.xlsx
ZAF,1993-Q2,shared,mining_and_quarrying,57485974327.87881,"rand, constant 2015 prices, not seasonally adjusted",QRU1002,GDP P0441 - GDP Time series Q2 2026.xlsx
ZAF,1993-Q3,shared,mining_and_quarrying,58308534248.49335,"rand, constant 2015 prices, not seasonally adjusted",QRU1002,GDP P0441 - GDP Time series Q2 2026.xlsx
ZAF,1993-Q4,shared,mining_and_quarrying,58145424919.04126,"rand, constant 2015 prices, not seasonally adjusted",QRU1002,GDP P0441 - GDP Time series Q2 2026.xlsx
ZAF,1994-Q1,shared,mining_and_quarrying,57172719377.316505,"rand, constant 2015 prices, not seasonally adjusted",QRU1002,GDP P0441 - GDP Time series Q2 2026.xlsx
ZAF,1994-Q2,shared,mining_and_quarrying,57598249634.52465,"rand, constant 2015 prices, not seasonally adjusted",QRU1002,GDP P0441 - GDP Time series Q2 2026.xlsx
ZAF,1994-Q3,shared,mining_and_quarrying,58578505551.43159,"rand, constant 2015 prices, not seasonally adjusted",QRU1002,GDP P0441 - GDP Time series Q2 2026.xlsx
ZAF,1994-Q4,shared,mining_and_quarrying,58385033561.71373,"rand, constant 2015 prices, not seasonally adjusted",QRU1002,GDP P0441 - GDP Time series Q2 2026.xlsx
ZAF,1995-Q1,shared,mining_and_quarrying,56129400845.155075,"rand, constant 2015 prices, not seasonally adjusted",QRU1002,GDP P0441 - GDP Time series Q2 2026.xlsx
ZAF,1995-Q2,shared,mining_and_quarrying,55739812265.587364,"rand, constant 2015 prices, not seasonally adjusted",QRU1002,GDP P0441 - GDP Time series Q2 2026.xlsx
ZAF,1995-Q3,shared,mining_and_quarrying,56595528853.757324,"rand, constant 2015 prices, not seasonally adjusted",QRU1002,GDP P0441 - GDP Time series Q2 2026.xlsx
ZAF,1995-Q4,shared,mining_and_quarrying,56085996408.61205,"rand, constant 2015 prices, not seasonally adjusted",QRU1002,GDP P0441 - GDP Time series Q2 2026.xlsx
ZAF,1996-Q1,shared,mining_and_quarrying,55483628345.73296,"rand, constant 2015 prices, not seasonally adjusted",QRU1002,GDP P0441 - GDP Time series Q2 2026.xlsx
ZAF,1996-Q2,shared,mining_and_quarrying,55105564196.8806,"rand, constant 2015 prices, not seasonally adjusted",QRU1002,GDP P0441 - GDP Time series Q2 2026.xlsx
ZAF,1996-Q3,shared,mining_and_quarrying,56094643912.06592,"rand, constant 2015 prices, not seasonally adjusted",QRU1002,GDP P0441 - GDP Time series Q2 2026.xlsx
ZAF,1996-Q4,shared,mining_and_quarrying,56070496011.4474,"rand, constant 2015 prices, not seasonally adjusted",QRU1002,GDP P0441 - GDP Time series Q2 2026.xlsx
ZAF,1997-Q1,shared,mining_and_quarrying,55265128072.4699,"rand, constant 2015 prices, not seasonally adjusted",QRU1002,GDP P0441 - GDP Time series Q2 2026.xlsx
ZAF,1997-Q2,shared,mining_and_quarrying,56373099651.98517,"rand, constant 2015 prices, not seasonally adjusted",QRU1002,GDP P0441 - GDP Time series Q2 2026.xlsx
ZAF,1997-Q3,shared,mining_and_quarrying,57558213495.68082,"rand, constant 2015 prices, not seasonally adjusted",QRU1002,GDP P0441 - GDP Time series Q2 2026.xlsx
ZAF,1997-Q4,shared,mining_and_quarrying,57344714897.91515,"rand, constant 2015 prices, not seasonally adjusted",QRU1002,GDP P0441 - GDP Time series Q2 2026.xlsx
ZAF,1998-Q1,shared,mining_and_quarrying,56562073327.15043,"rand, constant 2015 prices, not seasonally adjusted",QRU1002,GDP P0441 - GDP Time series Q2 2026.xlsx
ZAF,1998-Q2,shared,mining_and_quarrying,56567131656.029976,"rand, constant 2015 prices, not seasonally adjusted",QRU1002,GDP P0441 - GDP Time series Q2 2026.xlsx
ZAF,1998-Q3,shared,mining_and_quarrying,56736210781.29412,"rand, constant 2015 prices, not seasonally adjusted",QRU1002,GDP P0441 - GDP Time series Q2 2026.xlsx
ZAF,1998-Q4,shared,mining_and_quarrying,56449199197.458534,"rand, constant 2015 prices, not seasonally adjusted",QRU1002,GDP P0441 - GDP Time series Q2 2026.xlsx
ZAF,1999-Q1,shared,mining_and_quarrying,55287412825.27549,"rand, constant 2015 prices, not seasonally adjusted",QRU1002,GDP P0441 - GDP Time series Q2 2026.xlsx
ZAF,1999-Q2,shared,mining_and_quarrying,55568913808.63042,"rand, constant 2015 prices, not seasonally adjusted",QRU1002,GDP P0441 - GDP Time series Q2 2026.xlsx
ZAF,1999-Q3,shared,mining_and_quarrying,56114690059.56721,"rand, constant 2015 prices, not seasonally adjusted",QRU1002,GDP P0441 - GDP Time series Q2 2026.xlsx
ZAF,1999-Q4,shared,mining_and_quarrying,56175193658.99294,"rand, constant 2015 prices, not seasonally adjusted",QRU1002,GDP P0441 - GDP Time series Q2 2026.xlsx
ZAF,2000-Q1,shared,mining_and_quarrying,54677594958.15551,"rand, constant 2015 prices, not seasonally adjusted",QRU1002,GDP P0441 - GDP Time series Q2 2026.xlsx
ZAF,2000-Q2,shared,mining_and_quarrying,55343639678.46332,"rand, constant 2015 prices, not seasonally adjusted",QRU1002,GDP P0441 - GDP Time series Q2 2026.xlsx
ZAF,2000-Q3,shared,mining_and_quarrying,55312739956.49417,"rand, constant 2015 prices, not seasonally adjusted",QRU1002,GDP P0441 - GDP Time series Q2 2026.xlsx
ZAF,2000-Q4,shared,mining_and_quarrying,55357627445.47588,"rand, constant 2015 prices, not seasonally adjusted",QRU1002,GDP P0441 - GDP Time series Q2 2026.xlsx
ZAF,2001-Q1,shared,mining_and_quarrying,54340777069.848724,"rand, constant 2015 prices, not seasonally adjusted",QRU1002,GDP P0441 - GDP Time series Q2 2026.xlsx
ZAF,2001-Q2,shared,mining_and_quarrying,55577831791.93004,"rand, constant 2015 prices, not seasonally adjusted",QRU1002,GDP P0441 - GDP Time series Q2 2026.xlsx
ZAF,2001-Q3,shared,mining_and_quarrying,55611246396.391266,"rand, constant 2015 prices, not seasonally adjusted",QRU1002,GDP P0441 - GDP Time series Q2 2026.xlsx
ZAF,2001-Q4,shared,mining_and_quarrying,54941055178.38026,"rand, constant 2015 prices, not seasonally adjusted",QRU1002,GDP P0441 - GDP Time series Q2 2026.xlsx
ZAF,2002-Q1,shared,mining_and_quarrying,54069617953.374466,"rand, constant 2015 prices, not seasonally adjusted",QRU1002,GDP P0441 - GDP Time series Q2 2026.xlsx
ZAF,2002-Q2,shared,mining_and_quarrying,55555706970.84489,"rand, constant 2015 prices, not seasonally adjusted",QRU1002,GDP P0441 - GDP Time series Q2 2026.xlsx
ZAF,2002-Q3,shared,mining_and_quarrying,56369088818.176346,"rand, constant 2015 prices, not seasonally adjusted",QRU1002,GDP P0441 - GDP Time series Q2 2026.xlsx
ZAF,2002-Q4,shared,mining_and_quarrying,56681205798.52007,"rand, constant 2015 prices, not seasonally adjusted",QRU1002,GDP P0441 - GDP Time series Q2 2026.xlsx
ZAF,2003-Q1,shared,mining_and_quarrying,55639310431.07154,"rand, constant 2015 prices, not seasonally adjusted",QRU1002,GDP P0441 - GDP Time series Q2 2026.xlsx
ZAF,2003-Q2,shared,mining_and_quarrying,57515410915.32106,"rand, constant 2015 prices, not seasonally adjusted",QRU1002,GDP P0441 - GDP Time series Q2 2026.xlsx
ZAF,2003-Q3,shared,mining_and_quarrying,58678726696.3578,"rand, constant 2015 prices, not seasonally adjusted",QRU1002,GDP P0441 - GDP Time series Q2 2026.xlsx
ZAF,2003-Q4,shared,mining_and_quarrying,58405081190.79352,"rand, constant 2015 prices, not seasonally adjusted",QRU1002,GDP P0441 - GDP Time series Q2 2026.xlsx
ZAF,2004-Q1,shared,mining_and_quarrying,58404543641.15541,"rand, constant 2015 prices, not seasonally adjusted",QRU1002,GDP P0441 - GDP Time series Q2 2026.xlsx
ZAF,2004-Q2,shared,mining_and_quarrying,58248499592.03587,"rand, constant 2015 prices, not seasonally adjusted",QRU1002,GDP P0441 - GDP Time series Q2 2026.xlsx
ZAF,2004-Q3,shared,mining_and_quarrying,60015319286.649666,"rand, constant 2015 prices, not seasonally adjusted",QRU1002,GDP P0441 - GDP Time series Q2 2026.xlsx
ZAF,2004-Q4,shared,mining_and_quarrying,57046275502.38697,"rand, constant 2015 prices, not seasonally adjusted",QRU1002,GDP P0441 - GDP Time series Q2 2026.xlsx
ZAF,2005-Q1,shared,mining_and_quarrying,60846339243.45121,"rand, constant 2015 prices, not seasonally adjusted",QRU1002,GDP P0441 - GDP Time series Q2 2026.xlsx
ZAF,2005-Q2,shared,mining_and_quarrying,59656493557.49279,"rand, constant 2015 prices, not seasonally adjusted",QRU1002,GDP P0441 - GDP Time series Q2 2026.xlsx
ZAF,2005-Q3,shared,mining_and_quarrying,58889798044.21663,"rand, constant 2015 prices, not seasonally adjusted",QRU1002,GDP P0441 - GDP Time series Q2 2026.xlsx
ZAF,2005-Q4,shared,mining_and_quarrying,56720393278.220245,"rand, constant 2015 prices, not seasonally adjusted",QRU1002,GDP P0441 - GDP Time series Q2 2026.xlsx
ZAF,2006-Q1,shared,mining_and_quarrying,57553689971.85542,"rand, constant 2015 prices, not seasonally adjusted",QRU1002,GDP P0441 - GDP Time series Q2 2026.xlsx
ZAF,2006-Q2,shared,mining_and_quarrying,58248380599.13256,"rand, constant 2015 prices, not seasonally adjusted",QRU1002,GDP P0441 - GDP Time series Q2 2026.xlsx
ZAF,2006-Q3,shared,mining_and_quarrying,58644541257.6588,"rand, constant 2015 prices, not seasonally adjusted",QRU1002,GDP P0441 - GDP Time series Q2 2026.xlsx
ZAF,2006-Q4,shared,mining_and_quarrying,60268238688.84887,"rand, constant 2015 prices, not seasonally adjusted",QRU1002,GDP P0441 - GDP Time series Q2 2026.xlsx
ZAF,2007-Q1,shared,mining_and_quarrying,58673453433.10272,"rand, constant 2015 prices, not seasonally adjusted",QRU1002,GDP P0441 - GDP Time series Q2 2026.xlsx
ZAF,2007-Q2,shared,mining_and_quarrying,58164248741.503,"rand, constant 2015 prices, not seasonally adjusted",QRU1002,GDP P0441 - GDP Time series Q2 2026.xlsx
ZAF,2007-Q3,shared,mining_and_quarrying,58472574381.46852,"rand, constant 2015 prices, not seasonally adjusted",QRU1002,GDP P0441 - GDP Time series Q2 2026.xlsx
ZAF,2007-Q4,shared,mining_and_quarrying,57909978261.773636,"rand, constant 2015 prices, not seasonally adjusted",QRU1002,GDP P0441 - GDP Time series Q2 2026.xlsx
ZAF,2008-Q1,shared,mining_and_quarrying,53613019882.21431,"rand, constant 2015 prices, not seasonally adjusted",QRU1002,GDP P0441 - GDP Time series Q2 2026.xlsx
ZAF,2008-Q2,shared,mining_and_quarrying,56195203258.59839,"rand, constant 2015 prices, not seasonally adjusted",QRU1002,GDP P0441 - GDP Time series Q2 2026.xlsx
ZAF,2008-Q3,shared,mining_and_quarrying,55324827251.612236,"rand, constant 2015 prices, not seasonally adjusted",QRU1002,GDP P0441 - GDP Time series Q2 2026.xlsx
ZAF,2008-Q4,shared,mining_and_quarrying,55644654821.87094,"rand, constant 2015 prices, not seasonally adjusted",QRU1002,GDP P0441 - GDP Time series Q2 2026.xlsx
ZAF,2009-Q1,shared,mining_and_quarrying,50238163631.312874,"rand, constant 2015 prices, not seasonally adjusted",QRU1002,GDP P0441 - GDP Time series Q2 2026.xlsx
ZAF,2009-Q2,shared,mining_and_quarrying,52520953854.15115,"rand, constant 2015 prices, not seasonally adjusted",QRU1002,GDP P0441 - GDP Time series Q2 2026.xlsx
ZAF,2009-Q3,shared,mining_and_quarrying,53010068808.21013,"rand, constant 2015 prices, not seasonally adjusted",QRU1002,GDP P0441 - GDP Time series Q2 2026.xlsx
ZAF,2009-Q4,shared,mining_and_quarrying,53683137914.91237,"rand, constant 2015 prices, not seasonally adjusted",QRU1002,GDP P0441 - GDP Time series Q2 2026.xlsx
ZAF,2010-Q1,shared,mining_and_quarrying,54854437753.02394,"rand, constant 2015 prices, not seasonally adjusted",QRU1002,GDP P0441 - GDP Time series Q2 2026.xlsx
ZAF,2010-Q2,shared,mining_and_quarrying,52323726845.76802,"rand, constant 2015 prices, not seasonally adjusted",QRU1002,GDP P0441 - GDP Time series Q2 2026.xlsx
ZAF,2010-Q3,shared,mining_and_quarrying,56164063730.64157,"rand, constant 2015 prices, not seasonally adjusted",QRU1002,GDP P0441 - GDP Time series Q2 2026.xlsx
ZAF,2010-Q4,shared,mining_and_quarrying,57136191237.08342,"rand, constant 2015 prices, not seasonally adjusted",QRU1002,GDP P0441 - GDP Time series Q2 2026.xlsx
ZAF,2011-Q1,shared,mining_and_quarrying,55071833220.58117,"rand, constant 2015 prices, not seasonally adjusted",QRU1002,GDP P0441 - GDP Time series Q2 2026.xlsx
ZAF,2011-Q2,shared,mining_and_quarrying,55785848154.00792,"rand, constant 2015 prices, not seasonally adjusted",QRU1002,GDP P0441 - GDP Time series Q2 2026.xlsx
ZAF,2011-Q3,shared,mining_and_quarrying,53794993488.60947,"rand, constant 2015 prices, not seasonally adjusted",QRU1002,GDP P0441 - GDP Time series Q2 2026.xlsx
ZAF,2011-Q4,shared,mining_and_quarrying,54194172378.530914,"rand, constant 2015 prices, not seasonally adjusted",QRU1002,GDP P0441 - GDP Time series Q2 2026.xlsx
ZAF,2012-Q1,shared,mining_and_quarrying,50221535213.35019,"rand, constant 2015 prices, not seasonally adjusted",QRU1002,GDP P0441 - GDP Time series Q2 2026.xlsx
ZAF,2012-Q2,shared,mining_and_quarrying,55660762988.6756,"rand, constant 2015 prices, not seasonally adjusted",QRU1002,GDP P0441 - GDP Time series Q2 2026.xlsx
ZAF,2012-Q3,shared,mining_and_quarrying,53594277111.60952,"rand, constant 2015 prices, not seasonally adjusted",QRU1002,GDP P0441 - GDP Time series Q2 2026.xlsx
ZAF,2012-Q4,shared,mining_and_quarrying,52999830274.61352,"rand, constant 2015 prices, not seasonally adjusted",QRU1002,GDP P0441 - GDP Time series Q2 2026.xlsx
ZAF,2013-Q1,shared,mining_and_quarrying,49486588484.72355,"rand, constant 2015 prices, not seasonally adjusted",QRU1002,GDP P0441 - GDP Time series Q2 2026.xlsx
ZAF,2013-Q2,shared,mining_and_quarrying,54266772201.37552,"rand, constant 2015 prices, not seasonally adjusted",QRU1002,GDP P0441 - GDP Time series Q2 2026.xlsx
ZAF,2013-Q3,shared,mining_and_quarrying,58046229453.34046,"rand, constant 2015 prices, not seasonally adjusted",QRU1002,GDP P0441 - GDP Time series Q2 2026.xlsx
ZAF,2013-Q4,shared,mining_and_quarrying,59082397594.945526,"rand, constant 2015 prices, not seasonally adjusted",QRU1002,GDP P0441 - GDP Time series Q2 2026.xlsx
ZAF,2014-Q1,shared,mining_and_quarrying,50215643319.456245,"rand, constant 2015 prices, not seasonally adjusted",QRU1002,GDP P0441 - GDP Time series Q2 2026.xlsx
ZAF,2014-Q2,shared,mining_and_quarrying,53375276723.27918,"rand, constant 2015 prices, not seasonally adjusted",QRU1002,GDP P0441 - GDP Time series Q2 2026.xlsx
ZAF,2014-Q3,shared,mining_and_quarrying,55919451911.68205,"rand, constant 2015 prices, not seasonally adjusted",QRU1002,GDP P0441 - GDP Time series Q2 2026.xlsx
ZAF,2014-Q4,shared,mining_and_quarrying,58013261647.11817,"rand, constant 2015 prices, not seasonally adjusted",QRU1002,GDP P0441 - GDP Time series Q2 2026.xlsx
ZAF,2015-Q1,shared,mining_and_quarrying,53729036699.77321,"rand, constant 2015 prices, not seasonally adjusted",QRU1002,GDP P0441 - GDP Time series Q2 2026.xlsx
ZAF,2015-Q2,shared,mining_and_quarrying,57242358179.545975,"rand, constant 2015 prices, not seasonally adjusted",QRU1002,GDP P0441 - GDP Time series Q2 2026.xlsx
ZAF,2015-Q3,shared,mining_and_quarrying,57438928615.615585,"rand, constant 2015 prices, not seasonally adjusted",QRU1002,GDP P0441 - GDP Time series Q2 2026.xlsx
ZAF,2015-Q4,shared,mining_and_quarrying,59464635721.730835,"rand, constant 2015 prices, not seasonally adjusted",QRU1002,GDP P0441 - GDP Time series Q2 2026.xlsx
ZAF,2016-Q1,shared,mining_and_quarrying,49311612141.17914,"rand, constant 2015 prices, not seasonally adjusted",QRU1002,GDP P0441 - GDP Time series Q2 2026.xlsx
ZAF,2016-Q2,shared,mining_and_quarrying,56927870612.95013,"rand, constant 2015 prices, not seasonally adjusted",QRU1002,GDP P0441 - GDP Time series Q2 2026.xlsx
ZAF,2016-Q3,shared,mining_and_quarrying,57913617599.302315,"rand, constant 2015 prices, not seasonally adjusted",QRU1002,GDP P0441 - GDP Time series Q2 2026.xlsx
ZAF,2016-Q4,shared,mining_and_quarrying,55987882966.65511,"rand, constant 2015 prices, not seasonally adjusted",QRU1002,GDP P0441 - GDP Time series Q2 2026.xlsx
ZAF,2017-Q1,shared,mining_and_quarrying,51483985013.59522,"rand, constant 2015 prices, not seasonally adjusted",QRU1002,GDP P0441 - GDP Time series Q2 2026.xlsx
ZAF,2017-Q2,shared,mining_and_quarrying,55926473486.82252,"rand, constant 2015 prices, not seasonally adjusted",QRU1002,GDP P0441 - GDP Time series Q2 2026.xlsx
ZAF,2017-Q3,shared,mining_and_quarrying,59456367238.26911,"rand, constant 2015 prices, not seasonally adjusted",QRU1002,GDP P0441 - GDP Time series Q2 2026.xlsx
ZAF,2017-Q4,shared,mining_and_quarrying,58552872702.89084,"rand, constant 2015 prices, not seasonally adjusted",QRU1002,GDP P0441 - GDP Time series Q2 2026.xlsx
ZAF,2018-Q1,shared,mining_and_quarrying,50969645217.812584,"rand, constant 2015 prices, not seasonally adjusted",QRU1002,GDP P0441 - GDP Time series Q2 2026.xlsx
ZAF,2018-Q2,shared,mining_and_quarrying,58050148408.634796,"rand, constant 2015 prices, not seasonally adjusted",QRU1002,GDP P0441 - GDP Time series Q2 2026.xlsx
ZAF,2018-Q3,shared,mining_and_quarrying,57472486122.38564,"rand, constant 2015 prices, not seasonally adjusted",QRU1002,GDP P0441 - GDP Time series Q2 2026.xlsx
ZAF,2019-Q1,shared,mining_and_quarrying,50423845209.30236,"rand, constant 2015 prices, not seasonally adjusted",QRU1002,GDP P0441 - GDP Time series Q2 2026.xlsx
ZAF,2019-Q2,shared,mining_and_quarrying,56937937240.018326,"rand, constant 2015 prices, not seasonally adjusted",QRU1002,GDP P0441 - GDP Time series Q2 2026.xlsx
ZAF,2019-Q3,shared,mining_and_quarrying,57148405787.848,"rand, constant 2015 prices, not seasonally adjusted",QRU1002,GDP P0441 - GDP Time series Q2 2026.xlsx
ZAF,2019-Q4,shared,mining_and_quarrying,57589872241.81602,"rand, constant 2015 prices, not seasonally adjusted",QRU1002,GDP P0441 - GDP Time series Q2 2026.xlsx
ZAF,2020-Q1,shared,mining_and_quarrying,47998624869.71494,"rand, constant 2015 prices, not seasonally adjusted",QRU1002,GDP P0441 - GDP Time series Q2 2026.xlsx
ZAF,2020-Q2,shared,mining_and_quarrying,37989710928.72728,"rand, constant 2015 prices, not seasonally adjusted",QRU1002,GDP P0441 - GDP Time series Q2 2026.xlsx
ZAF,2020-Q3,shared,mining_and_quarrying,54789890305.3036,"rand, constant 2015 prices, not seasonally adjusted",QRU1002,GDP P0441 - GDP Time series Q2 2026.xlsx
ZAF,2020-Q4,shared,mining_and_quarrying,54206630169.48853,"rand, constant 2015 prices, not seasonally adjusted",QRU1002,GDP P0441 - GDP Time series Q2 2026.xlsx
ZAF,2021-Q1,shared,mining_and_quarrying,49583698427.25317,"rand, constant 2015 prices, not seasonally adjusted",QRU1002,GDP P0441 - GDP Time series Q2 2026.xlsx
ZAF,2021-Q2,shared,mining_and_quarrying,57476865795.61851,"rand, constant 2015 prices, not seasonally adjusted",QRU1002,GDP P0441 - GDP Time series Q2 2026.xlsx
ZAF,2021-Q3,shared,mining_and_quarrying,57005479306.88756,"rand, constant 2015 prices, not seasonally adjusted",QRU1002,GDP P0441 - GDP Time series Q2 2026.xlsx
ZAF,2021-Q4,shared,mining_and_quarrying,55569954372.869804,"rand, constant 2015 prices, not seasonally adjusted",QRU1002,GDP P0441 - GDP Time series Q2 2026.xlsx
ZAF,2022-Q1,shared,mining_and_quarrying,47558643401.27524,"rand, constant 2015 prices, not seasonally adjusted",QRU1002,GDP P0441 - GDP Time series Q2 2026.xlsx
ZAF,2022-Q2,shared,mining_and_quarrying,51902527000.83614,"rand, constant 2015 prices, not seasonally adjusted",QRU1002,GDP P0441 - GDP Time series Q2 2026.xlsx
ZAF,2022-Q3,shared,mining_and_quarrying,53410518807.75822,"rand, constant 2015 prices, not seasonally adjusted",QRU1002,GDP P0441 - GDP Time series Q2 2026.xlsx
ZAF,2022-Q4,shared,mining_and_quarrying,51581233509.80481,"rand, constant 2015 prices, not seasonally adjusted",QRU1002,GDP P0441 - GDP Time series Q2 2026.xlsx
ZAF,2023-Q1,shared,mining_and_quarrying,45996936403.60224,"rand, constant 2015 prices, not seasonally adjusted",QRU1002,GDP P0441 - GDP Time series Q2 2026.xlsx
ZAF,2023-Q2,shared,mining_and_quarrying,52412588367.04241,"rand, constant 2015 prices, not seasonally adjusted",QRU1002,GDP P0441 - GDP Time series Q2 2026.xlsx
ZAF,2023-Q3,shared,mining_and_quarrying,52386081391.15056,"rand, constant 2015 prices, not seasonally adjusted",QRU1002,GDP P0441 - GDP Time series Q2 2026.xlsx
ZAF,2023-Q4,shared,mining_and_quarrying,53433093804.478546,"rand, constant 2015 prices, not seasonally adjusted",QRU1002,GDP P0441 - GDP Time series Q2 2026.xlsx
ZAF,2024-Q1,shared,mining_and_quarrying,46369766200.17268,"rand, constant 2015 prices, not seasonally adjusted",QRU1002,GDP P0441 - GDP Time series Q2 2026.xlsx
ZAF,2024-Q2,shared,mining_and_quarrying,52406760992.02785,"rand, constant 2015 prices, not seasonally adjusted",QRU1002,GDP P0441 - GDP Time series Q2 2026.xlsx
ZAF,2024-Q3,shared,mining_and_quarrying,53218393177.27738,"rand, constant 2015 prices, not seasonally adjusted",QRU1002,GDP P0441 - GDP Time series Q2 2026.xlsx
ZAF,2024-Q4,shared,mining_and_quarrying,53130909222.395195,"rand, constant 2015 prices, not seasonally adjusted",QRU1002,GDP P0441 - GDP Time series Q2 2026.xlsx
ZAF,2025-Q1,shared,mining_and_quarrying,44763583263.0443,"rand, constant 2015 prices, not seasonally adjusted",QRU1002,GDP P0441 - GDP Time series Q2 2026.xlsx
ZAF,2025-Q2,shared,mining_and_quarrying,52213100917.071,"rand, constant 2015 prices, not seasonally adjusted",QRU1002,GDP P0441 - GDP Time series Q2 2026.xlsx
ZAF,2025-Q3,shared,mining_and_quarrying,54316100917.071,"rand, constant 2015 prices, not seasonally adjusted",QRU1002,GDP P0441 - GDP Time series Q2 2026.xlsx
ZAF,2025-Q4,shared,mining_and_quarrying,54172100917.071075,"rand, constant 2015 prices, not seasonally adjusted",QRU1002,GDP P0441 - GDP Time series Q2 2026.xlsx
ZAF,2026-Q1,shared,mining_and_quarrying,47186100917.07121,"rand, constant 2015 prices, not seasonally adjusted",QRU1002,GDP P0441 - GDP Time series Q2 2026.xlsx
ZAF,2026-Q2,shared,mining_and_quarrying,51907100917.0712,"rand, constant 2015 prices, not seasonally adjusted",QRU1002,GDP P0441 - GDP Time series Q2 2026.xlsx
ZAF,1993-Q1,shared,manufacturing,81060412816.80922,"rand, constant 2015 prices, not seasonally adjusted",QRU1003,GDP P0441 - GDP Time series Q2 2026.xlsx
ZAF,1993-Q2,shared,manufacturing,80899259978.6065,"rand, constant 2015 prices, not seasonally adjusted",QRU1003,GDP P0441 - GDP Time series Q2 2026.xlsx
ZAF,1993-Q3,shared,manufacturing,86680978879.46416,"rand, constant 2015 prices, not seasonally adjusted",QRU1003,GDP P0441 - GDP Time series Q2 2026.xlsx
ZAF,1993-Q4,shared,manufacturing,87388296914.84616,"rand, constant 2015 prices, not seasonally adjusted",QRU1003,GDP P0441 - GDP Time series Q2 2026.xlsx
ZAF,1994-Q1,shared,manufacturing,81572985149.42905,"rand, constant 2015 prices, not seasonally adjusted",QRU1003,GDP P0441 - GDP Time series Q2 2026.xlsx
ZAF,1994-Q2,shared,manufacturing,82352695927.28607,"rand, constant 2015 prices, not seasonally adjusted",QRU1003,GDP P0441 - GDP Time series Q2 2026.xlsx
ZAF,1994-Q3,shared,manufacturing,89136996114.08325,"rand, constant 2015 prices, not seasonally adjusted",QRU1003,GDP P0441 - GDP Time series Q2 2026.xlsx
ZAF,1994-Q4,shared,manufacturing,92039053010.8503,"rand, constant 2015 prices, not seasonally adjusted",QRU1003,GDP P0441 - GDP Time series Q2 2026.xlsx
ZAF,1995-Q1,shared,manufacturing,87738689970.15645,"rand, constant 2015 prices, not seasonally adjusted",QRU1003,GDP P0441 - GDP Time series Q2 2026.xlsx
ZAF,1995-Q2,shared,manufacturing,89420203188.68655,"rand, constant 2015 prices, not seasonally adjusted",QRU1003,GDP P0441 - GDP Time series Q2 2026.xlsx
ZAF,1995-Q3,shared,manufacturing,95745007743.1953,"rand, constant 2015 prices, not seasonally adjusted",QRU1003,GDP P0441 - GDP Time series Q2 2026.xlsx
ZAF,1995-Q4,shared,manufacturing,94629441762.71738,"rand, constant 2015 prices, not seasonally adjusted",QRU1003,GDP P0441 - GDP Time series Q2 2026.xlsx
ZAF,1996-Q1,shared,manufacturing,89735639850.20651,"rand, constant 2015 prices, not seasonally adjusted",QRU1003,GDP P0441 - GDP Time series Q2 2026.xlsx
ZAF,1996-Q2,shared,manufacturing,90470970797.66997,"rand, constant 2015 prices, not seasonally adjusted",QRU1003,GDP P0441 - GDP Time series Q2 2026.xlsx
ZAF,1996-Q3,shared,manufacturing,96167252079.69144,"rand, constant 2015 prices, not seasonally adjusted",QRU1003,GDP P0441 - GDP Time series Q2 2026.xlsx
ZAF,1996-Q4,shared,manufacturing,96304946734.49435,"rand, constant 2015 prices, not seasonally adjusted",QRU1003,GDP P0441 - GDP Time series Q2 2026.xlsx
ZAF,1997-Q1,shared,manufacturing,91234703117.29295,"rand, constant 2015 prices, not seasonally adjusted",QRU1003,GDP P0441 - GDP Time series Q2 2026.xlsx
ZAF,1997-Q2,shared,manufacturing,94368149919.16039,"rand, constant 2015 prices, not seasonally adjusted",QRU1003,GDP P0441 - GDP Time series Q2 2026.xlsx
ZAF,1997-Q3,shared,manufacturing,98938657157.50455,"rand, constant 2015 prices, not seasonally adjusted",QRU1003,GDP P0441 - GDP Time series Q2 2026.xlsx
ZAF,1997-Q4,shared,manufacturing,98199627123.58003,"rand, constant 2015 prices, not seasonally adjusted",QRU1003,GDP P0441 - GDP Time series Q2 2026.xlsx
ZAF,1998-Q1,shared,manufacturing,93014770986.09346,"rand, constant 2015 prices, not seasonally adjusted",QRU1003,GDP P0441 - GDP Time series Q2 2026.xlsx
ZAF,1998-Q2,shared,manufacturing,94608901300.05933,"rand, constant 2015 prices, not seasonally adjusted",QRU1003,GDP P0441 - GDP Time series Q2 2026.xlsx
ZAF,1998-Q3,shared,manufacturing,97490458652.56752,"rand, constant 2015 prices, not seasonally adjusted",QRU1003,GDP P0441 - GDP Time series Q2 2026.xlsx
ZAF,1998-Q4,shared,manufacturing,96861524104.1825,"rand, constant 2015 prices, not seasonally adjusted",QRU1003,GDP P0441 - GDP Time series Q2 2026.xlsx
ZAF,1999-Q1,shared,manufacturing,91051567101.63579,"rand, constant 2015 prices, not seasonally adjusted",QRU1003,GDP P0441 - GDP Time series Q2 2026.xlsx
ZAF,1999-Q2,shared,manufacturing,93435027851.70628,"rand, constant 2015 prices, not seasonally adjusted",QRU1003,GDP P0441 - GDP Time series Q2 2026.xlsx
ZAF,1999-Q3,shared,manufacturing,98759480091.8945,"rand, constant 2015 prices, not seasonally adjusted",QRU1003,GDP P0441 - GDP Time series Q2 2026.xlsx
ZAF,1999-Q4,shared,manufacturing,101021433927.92369,"rand, constant 2015 prices, not seasonally adjusted",QRU1003,GDP P0441 - GDP Time series Q2 2026.xlsx
ZAF,2000-Q1,shared,manufacturing,97486469304.48546,"rand, constant 2015 prices, not seasonally adjusted",QRU1003,GDP P0441 - GDP Time series Q2 2026.xlsx
ZAF,2000-Q2,shared,manufacturing,100950368325.26683,"rand, constant 2015 prices, not seasonally adjusted",QRU1003,GDP P0441 - GDP Time series Q2 2026.xlsx
ZAF,2000-Q3,shared,manufacturing,107126061199.5874,"rand, constant 2015 prices, not seasonally adjusted",QRU1003,GDP P0441 - GDP Time series Q2 2026.xlsx
ZAF,2000-Q4,shared,manufacturing,109830278370.64647,"rand, constant 2015 prices, not seasonally adjusted",QRU1003,GDP P0441 - GDP Time series Q2 2026.xlsx
ZAF,2001-Q1,shared,manufacturing,103745553853.50307,"rand, constant 2015 prices, not seasonally adjusted",QRU1003,GDP P0441 - GDP Time series Q2 2026.xlsx
ZAF,2001-Q2,shared,manufacturing,105832092790.22714,"rand, constant 2015 prices, not seasonally adjusted",QRU1003,GDP P0441 - GDP Time series Q2 2026.xlsx
ZAF,2001-Q3,shared,manufacturing,108839273011.56506,"rand, constant 2015 prices, not seasonally adjusted",QRU1003,GDP P0441 - GDP Time series Q2 2026.xlsx
ZAF,2001-Q4,shared,manufacturing,110268839215.09053,"rand, constant 2015 prices, not seasonally adjusted",QRU1003,GDP P0441 - GDP Time series Q2 2026.xlsx
ZAF,2002-Q1,shared,manufacturing,104236965169.84343,"rand, constant 2015 prices, not seasonally adjusted",QRU1003,GDP P0441 - GDP Time series Q2 2026.xlsx
ZAF,2002-Q2,shared,manufacturing,108242063667.79904,"rand, constant 2015 prices, not seasonally adjusted",QRU1003,GDP P0441 - GDP Time series Q2 2026.xlsx
ZAF,2002-Q3,shared,manufacturing,114009598900.7363,"rand, constant 2015 prices, not seasonally adjusted",QRU1003,GDP P0441 - GDP Time series Q2 2026.xlsx
ZAF,2002-Q4,shared,manufacturing,114200332380.378,"rand, constant 2015 prices, not seasonally adjusted",QRU1003,GDP P0441 - GDP Time series Q2 2026.xlsx
ZAF,2003-Q1,shared,manufacturing,106200359782.01712,"rand, constant 2015 prices, not seasonally adjusted",QRU1003,GDP P0441 - GDP Time series Q2 2026.xlsx
ZAF,2003-Q2,shared,manufacturing,106554952024.5834,"rand, constant 2015 prices, not seasonally adjusted",QRU1003,GDP P0441 - GDP Time series Q2 2026.xlsx
ZAF,2003-Q3,shared,manufacturing,111187045492.35674,"rand, constant 2015 prices, not seasonally adjusted",QRU1003,GDP P0441 - GDP Time series Q2 2026.xlsx
ZAF,2003-Q4,shared,manufacturing,110117596343.18741,"rand, constant 2015 prices, not seasonally adjusted",QRU1003,GDP P0441 - GDP Time series Q2 2026.xlsx
ZAF,2004-Q1,shared,manufacturing,108225266171.0081,"rand, constant 2015 prices, not seasonally adjusted",QRU1003,GDP P0441 - GDP Time series Q2 2026.xlsx
ZAF,2004-Q2,shared,manufacturing,111201974060.43188,"rand, constant 2015 prices, not seasonally adjusted",QRU1003,GDP P0441 - GDP Time series Q2 2026.xlsx
ZAF,2004-Q3,shared,manufacturing,118066132807.33441,"rand, constant 2015 prices, not seasonally adjusted",QRU1003,GDP P0441 - GDP Time series Q2 2026.xlsx
ZAF,2004-Q4,shared,manufacturing,117812247757.01645,"rand, constant 2015 prices, not seasonally adjusted",QRU1003,GDP P0441 - GDP Time series Q2 2026.xlsx
ZAF,2005-Q1,shared,manufacturing,112131009851.6235,"rand, constant 2015 prices, not seasonally adjusted",QRU1003,GDP P0441 - GDP Time series Q2 2026.xlsx
ZAF,2005-Q2,shared,manufacturing,119191643543.77972,"rand, constant 2015 prices, not seasonally adjusted",QRU1003,GDP P0441 - GDP Time series Q2 2026.xlsx
ZAF,2005-Q3,shared,manufacturing,126376799640.64366,"rand, constant 2015 prices, not seasonally adjusted",QRU1003,GDP P0441 - GDP Time series Q2 2026.xlsx
ZAF,2005-Q4,shared,manufacturing,125854096259.18056,"rand, constant 2015 prices, not seasonally adjusted",QRU1003,GDP P0441 - GDP Time series Q2 2026.xlsx
ZAF,2006-Q1,shared,manufacturing,119935110298.55652,"rand, constant 2015 prices, not seasonally adjusted",QRU1003,GDP P0441 - GDP Time series Q2 2026.xlsx
ZAF,2006-Q2,shared,manufacturing,125707126523.98315,"rand, constant 2015 prices, not seasonally adjusted",QRU1003,GDP P0441 - GDP Time series Q2 2026.xlsx
ZAF,2006-Q3,shared,manufacturing,133426744992.0864,"rand, constant 2015 prices, not seasonally adjusted",QRU1003,GDP P0441 - GDP Time series Q2 2026.xlsx
ZAF,2006-Q4,shared,manufacturing,135616636354.1814,"rand, constant 2015 prices, not seasonally adjusted",QRU1003,GDP P0441 - GDP Time series Q2 2026.xlsx
ZAF,2007-Q1,shared,manufacturing,128492031907.1781,"rand, constant 2015 prices, not seasonally adjusted",QRU1003,GDP P0441 - GDP Time series Q2 2026.xlsx
ZAF,2007-Q2,shared,manufacturing,132906299463.7895,"rand, constant 2015 prices, not seasonally adjusted",QRU1003,GDP P0441 - GDP Time series Q2 2026.xlsx
ZAF,2007-Q3,shared,manufacturing,138371854350.51282,"rand, constant 2015 prices, not seasonally adjusted",QRU1003,GDP P0441 - GDP Time series Q2 2026.xlsx
ZAF,2007-Q4,shared,manufacturing,142463105581.32312,"rand, constant 2015 prices, not seasonally adjusted",QRU1003,GDP P0441 - GDP Time series Q2 2026.xlsx
ZAF,2008-Q1,shared,manufacturing,131929722679.08754,"rand, constant 2015 prices, not seasonally adjusted",QRU1003,GDP P0441 - GDP Time series Q2 2026.xlsx
ZAF,2008-Q2,shared,manufacturing,141468076515.51462,"rand, constant 2015 prices, not seasonally adjusted",QRU1003,GDP P0441 - GDP Time series Q2 2026.xlsx
ZAF,2008-Q3,shared,manufacturing,144381242731.84573,"rand, constant 2015 prices, not seasonally adjusted",QRU1003,GDP P0441 - GDP Time series Q2 2026.xlsx
ZAF,2008-Q4,shared,manufacturing,137007286725.86594,"rand, constant 2015 prices, not seasonally adjusted",QRU1003,GDP P0441 - GDP Time series Q2 2026.xlsx
ZAF,2009-Q1,shared,manufacturing,118022552364.23769,"rand, constant 2015 prices, not seasonally adjusted",QRU1003,GDP P0441 - GDP Time series Q2 2026.xlsx
ZAF,2009-Q2,shared,manufacturing,119911307681.58679,"rand, constant 2015 prices, not seasonally adjusted",QRU1003,GDP P0441 - GDP Time series Q2 2026.xlsx
ZAF,2009-Q3,shared,manufacturing,127903877600.6428,"rand, constant 2015 prices, not seasonally adjusted",QRU1003,GDP P0441 - GDP Time series Q2 2026.xlsx
ZAF,2009-Q4,shared,manufacturing,129991630451.01888,"rand, constant 2015 prices, not seasonally adjusted",QRU1003,GDP P0441 - GDP Time series Q2 2026.xlsx
ZAF,2010-Q1,shared,manufacturing,122947962172.56784,"rand, constant 2015 prices, not seasonally adjusted",QRU1003,GDP P0441 - GDP Time series Q2 2026.xlsx
ZAF,2010-Q2,shared,manufacturing,131011609282.75768,"rand, constant 2015 prices, not seasonally adjusted",QRU1003,GDP P0441 - GDP Time series Q2 2026.xlsx
ZAF,2010-Q3,shared,manufacturing,135493185800.81549,"rand, constant 2015 prices, not seasonally adjusted",QRU1003,GDP P0441 - GDP Time series Q2 2026.xlsx
ZAF,2010-Q4,shared,manufacturing,135666901704.10522,"rand, constant 2015 prices, not seasonally adjusted",QRU1003,GDP P0441 - GDP Time series Q2 2026.xlsx
ZAF,2011-Q1,shared,manufacturing,129995077542.73448,"rand, constant 2015 prices, not seasonally adjusted",QRU1003,GDP P0441 - GDP Time series Q2 2026.xlsx
ZAF,2011-Q2,shared,manufacturing,133253642331.19742,"rand, constant 2015 prices, not seasonally adjusted",QRU1003,GDP P0441 - GDP Time series Q2 2026.xlsx
ZAF,2011-Q3,shared,manufacturing,138273688020.61038,"rand, constant 2015 prices, not seasonally adjusted",QRU1003,GDP P0441 - GDP Time series Q2 2026.xlsx
ZAF,2011-Q4,shared,manufacturing,139529479250.46942,"rand, constant 2015 prices, not seasonally adjusted",QRU1003,GDP P0441 - GDP Time series Q2 2026.xlsx
ZAF,2012-Q1,shared,manufacturing,130734726128.79936,"rand, constant 2015 prices, not seasonally adjusted",QRU1003,GDP P0441 - GDP Time series Q2 2026.xlsx
ZAF,2012-Q2,shared,manufacturing,135766890802.7181,"rand, constant 2015 prices, not seasonally adjusted",QRU1003,GDP P0441 - GDP Time series Q2 2026.xlsx
ZAF,2012-Q3,shared,manufacturing,141397071383.34296,"rand, constant 2015 prices, not seasonally adjusted",QRU1003,GDP P0441 - GDP Time series Q2 2026.xlsx
ZAF,2012-Q4,shared,manufacturing,144496077905.55774,"rand, constant 2015 prices, not seasonally adjusted",QRU1003,GDP P0441 - GDP Time series Q2 2026.xlsx
ZAF,2013-Q1,shared,manufacturing,129796438180.52814,"rand, constant 2015 prices, not seasonally adjusted",QRU1003,GDP P0441 - GDP Time series Q2 2026.xlsx
ZAF,2013-Q2,shared,manufacturing,138747681554.6948,"rand, constant 2015 prices, not seasonally adjusted",QRU1003,GDP P0441 - GDP Time series Q2 2026.xlsx
ZAF,2013-Q3,shared,manufacturing,143017958017.21857,"rand, constant 2015 prices, not seasonally adjusted",QRU1003,GDP P0441 - GDP Time series Q2 2026.xlsx
ZAF,2013-Q4,shared,manufacturing,146458693417.6432,"rand, constant 2015 prices, not seasonally adjusted",QRU1003,GDP P0441 - GDP Time series Q2 2026.xlsx
ZAF,2014-Q1,shared,manufacturing,131895014062.94536,"rand, constant 2015 prices, not seasonally adjusted",QRU1003,GDP P0441 - GDP Time series Q2 2026.xlsx
ZAF,2014-Q2,shared,manufacturing,135938232307.99535,"rand, constant 2015 prices, not seasonally adjusted",QRU1003,GDP P0441 - GDP Time series Q2 2026.xlsx
ZAF,2014-Q3,shared,manufacturing,140154164818.911,"rand, constant 2015 prices, not seasonally adjusted",QRU1003,GDP P0441 - GDP Time series Q2 2026.xlsx
ZAF,2014-Q4,shared,manufacturing,146432863807.40298,"rand, constant 2015 prices, not seasonally adjusted",QRU1003,GDP P0441 - GDP Time series Q2 2026.xlsx
ZAF,2015-Q1,shared,manufacturing,132699247433.48148,"rand, constant 2015 prices, not seasonally adjusted",QRU1003,GDP P0441 - GDP Time series Q2 2026.xlsx
ZAF,2015-Q2,shared,manufacturing,132939859418.1673,"rand, constant 2015 prices, not seasonally adjusted",QRU1003,GDP P0441 - GDP Time series Q2 2026.xlsx
ZAF,2015-Q3,shared,manufacturing,142960392537.00186,"rand, constant 2015 prices, not seasonally adjusted",QRU1003,GDP P0441 - GDP Time series Q2 2026.xlsx
ZAF,2015-Q4,shared,manufacturing,144792884593.30002,"rand, constant 2015 prices, not seasonally adjusted",QRU1003,GDP P0441 - GDP Time series Q2 2026.xlsx
ZAF,2016-Q1,shared,manufacturing,130801504311.3887,"rand, constant 2015 prices, not seasonally adjusted",QRU1003,GDP P0441 - GDP Time series Q2 2026.xlsx
ZAF,2016-Q2,shared,manufacturing,138561158638.26184,"rand, constant 2015 prices, not seasonally adjusted",QRU1003,GDP P0441 - GDP Time series Q2 2026.xlsx
ZAF,2016-Q3,shared,manufacturing,143569357416.76657,"rand, constant 2015 prices, not seasonally adjusted",QRU1003,GDP P0441 - GDP Time series Q2 2026.xlsx
ZAF,2016-Q4,shared,manufacturing,142947713880.8735,"rand, constant 2015 prices, not seasonally adjusted",QRU1003,GDP P0441 - GDP Time series Q2 2026.xlsx
ZAF,2017-Q1,shared,manufacturing,129883723879.22568,"rand, constant 2015 prices, not seasonally adjusted",QRU1003,GDP P0441 - GDP Time series Q2 2026.xlsx
ZAF,2017-Q2,shared,manufacturing,134802914889.12592,"rand, constant 2015 prices, not seasonally adjusted",QRU1003,GDP P0441 - GDP Time series Q2 2026.xlsx
ZAF,2017-Q3,shared,manufacturing,143300755178.90985,"rand, constant 2015 prices, not seasonally adjusted",QRU1003,GDP P0441 - GDP Time series Q2 2026.xlsx
ZAF,2017-Q4,shared,manufacturing,146845259690.27765,"rand, constant 2015 prices, not seasonally adjusted",QRU1003,GDP P0441 - GDP Time series Q2 2026.xlsx
ZAF,2018-Q1,shared,manufacturing,130336152355.31679,"rand, constant 2015 prices, not seasonally adjusted",QRU1003,GDP P0441 - GDP Time series Q2 2026.xlsx
ZAF,2018-Q2,shared,manufacturing,137236229457.95944,"rand, constant 2015 prices, not seasonally adjusted",QRU1003,GDP P0441 - GDP Time series Q2 2026.xlsx
ZAF,2018-Q3,shared,manufacturing,149717981164.57922,"rand, constant 2015 prices, not seasonally adjusted",QRU1003,GDP P0441 - GDP Time series Q2 2026.xlsx
ZAF,2019-Q1,shared,manufacturing,132383783865.07445,"rand, constant 2015 prices, not seasonally adjusted",QRU1003,GDP P0441 - GDP Time series Q2 2026.xlsx
ZAF,2019-Q2,shared,manufacturing,138196783604.7654,"rand, constant 2015 prices, not seasonally adjusted",QRU1003,GDP P0441 - GDP Time series Q2 2026.xlsx
ZAF,2019-Q3,shared,manufacturing,143769464602.57867,"rand, constant 2015 prices, not seasonally adjusted",QRU1003,GDP P0441 - GDP Time series Q2 2026.xlsx
ZAF,2019-Q4,shared,manufacturing,144971477813.60532,"rand, constant 2015 prices, not seasonally adjusted",QRU1003,GDP P0441 - GDP Time series Q2 2026.xlsx
ZAF,2020-Q1,shared,manufacturing,127597345487.21577,"rand, constant 2015 prices, not seasonally adjusted",QRU1003,GDP P0441 - GDP Time series Q2 2026.xlsx
ZAF,2020-Q2,shared,manufacturing,91235130026.52708,"rand, constant 2015 prices, not seasonally adjusted",QRU1003,GDP P0441 - GDP Time series Q2 2026.xlsx
ZAF,2020-Q3,shared,manufacturing,131907224743.21667,"rand, constant 2015 prices, not seasonally adjusted",QRU1003,GDP P0441 - GDP Time series Q2 2026.xlsx
ZAF,2020-Q4,shared,manufacturing,140706850912.868,"rand, constant 2015 prices, not seasonally adjusted",QRU1003,GDP P0441 - GDP Time series Q2 2026.xlsx
ZAF,2021-Q1,shared,manufacturing,126521315621.008,"rand, constant 2015 prices, not seasonally adjusted",QRU1003,GDP P0441 - GDP Time series Q2 2026.xlsx
ZAF,2021-Q2,shared,manufacturing,130289545606.8865,"rand, constant 2015 prices, not seasonally adjusted",QRU1003,GDP P0441 - GDP Time series Q2 2026.xlsx
ZAF,2021-Q3,shared,manufacturing,131582987780.99611,"rand, constant 2015 prices, not seasonally adjusted",QRU1003,GDP P0441 - GDP Time series Q2 2026.xlsx
ZAF,2021-Q4,shared,manufacturing,136510983394.10706,"rand, constant 2015 prices, not seasonally adjusted",QRU1003,GDP P0441 - GDP Time series Q2 2026.xlsx
ZAF,2022-Q1,shared,manufacturing,127894872671.43578,"rand, constant 2015 prices, not seasonally adjusted",QRU1003,GDP P0441 - GDP Time series Q2 2026.xlsx
ZAF,2022-Q2,shared,manufacturing,125553226395.80832,"rand, constant 2015 prices, not seasonally adjusted",QRU1003,GDP P0441 - GDP Time series Q2 2026.xlsx
ZAF,2022-Q3,shared,manufacturing,135455164692.67052,"rand, constant 2015 prices, not seasonally adjusted",QRU1003,GDP P0441 - GDP Time series Q2 2026.xlsx
ZAF,2022-Q4,shared,manufacturing,134187490304.94597,"rand, constant 2015 prices, not seasonally adjusted",QRU1003,GDP P0441 - GDP Time series Q2 2026.xlsx
ZAF,2023-Q1,shared,manufacturing,123049051304.44618,"rand, constant 2015 prices, not seasonally adjusted",QRU1003,GDP P0441 - GDP Time series Q2 2026.xlsx
ZAF,2023-Q2,shared,manufacturing,130260853384.7706,"rand, constant 2015 prices, not seasonally adjusted",QRU1003,GDP P0441 - GDP Time series Q2 2026.xlsx
ZAF,2023-Q3,shared,manufacturing,134481120175.7928,"rand, constant 2015 prices, not seasonally adjusted",QRU1003,GDP P0441 - GDP Time series Q2 2026.xlsx
ZAF,2023-Q4,shared,manufacturing,137202729199.85143,"rand, constant 2015 prices, not seasonally adjusted",QRU1003,GDP P0441 - GDP Time series Q2 2026.xlsx
ZAF,2024-Q1,shared,manufacturing,122769405010.20958,"rand, constant 2015 prices, not seasonally adjusted",QRU1003,GDP P0441 - GDP Time series Q2 2026.xlsx
ZAF,2024-Q2,shared,manufacturing,129118613915.02748,"rand, constant 2015 prices, not seasonally adjusted",QRU1003,GDP P0441 - GDP Time series Q2 2026.xlsx
ZAF,2024-Q3,shared,manufacturing,134276102033.28775,"rand, constant 2015 prices, not seasonally adjusted",QRU1003,GDP P0441 - GDP Time series Q2 2026.xlsx
ZAF,2024-Q4,shared,manufacturing,136986633106.33617,"rand, constant 2015 prices, not seasonally adjusted",QRU1003,GDP P0441 - GDP Time series Q2 2026.xlsx
ZAF,2025-Q1,shared,manufacturing,120499807318.88818,"rand, constant 2015 prices, not seasonally adjusted",QRU1003,GDP P0441 - GDP Time series Q2 2026.xlsx
ZAF,2025-Q2,shared,manufacturing,127289810230.83864,"rand, constant 2015 prices, not seasonally adjusted",QRU1003,GDP P0441 - GDP Time series Q2 2026.xlsx
ZAF,2025-Q3,shared,manufacturing,133515503767.78995,"rand, constant 2015 prices, not seasonally adjusted",QRU1003,GDP P0441 - GDP Time series Q2 2026.xlsx
ZAF,2025-Q4,shared,manufacturing,135680531657.50252,"rand, constant 2015 prices, not seasonally adjusted",QRU1003,GDP P0441 - GDP Time series Q2 2026.xlsx
ZAF,2026-Q1,shared,manufacturing,119798395618.39598,"rand, constant 2015 prices, not seasonally adjusted",QRU1003,GDP P0441 - GDP Time series Q2 2026.xlsx
ZAF,2026-Q2,shared,manufacturing,123433395618.39598,"rand, constant 2015 prices, not seasonally adjusted",QRU1003,GDP P0441 - GDP Time series Q2 2026.xlsx
ZAF,1993-Q1,shared,electricity_gas_and_water,20484767508.874992,"rand, constant 2015 prices, not seasonally adjusted",QRU1004,GDP P0441 - GDP Time series Q2 2026.xlsx
ZAF,1993-Q2,shared,electricity_gas_and_water,21069392207.97009,"rand, constant 2015 prices, not seasonally adjusted",QRU1004,GDP P0441 - GDP Time series Q2 2026.xlsx
ZAF,1993-Q3,shared,electricity_gas_and_water,21677095584.42538,"rand, constant 2015 prices, not seasonally adjusted",QRU1004,GDP P0441 - GDP Time series Q2 2026.xlsx
ZAF,1993-Q4,shared,electricity_gas_and_water,20890242657.685585,"rand, constant 2015 prices, not seasonally adjusted",QRU1004,GDP P0441 - GDP Time series Q2 2026.xlsx
ZAF,1994-Q1,shared,electricity_gas_and_water,21624403737.946068,"rand, constant 2015 prices, not seasonally adjusted",QRU1004,GDP P0441 - GDP Time series Q2 2026.xlsx
ZAF,1994-Q2,shared,electricity_gas_and_water,22412661729.953102,"rand, constant 2015 prices, not seasonally adjusted",QRU1004,GDP P0441 - GDP Time series Q2 2026.xlsx
ZAF,1994-Q3,shared,electricity_gas_and_water,23001852964.352966,"rand, constant 2015 prices, not seasonally adjusted",QRU1004,GDP P0441 - GDP Time series Q2 2026.xlsx
ZAF,1994-Q4,shared,electricity_gas_and_water,21961626408.323364,"rand, constant 2015 prices, not seasonally adjusted",QRU1004,GDP P0441 - GDP Time series Q2 2026.xlsx
ZAF,1995-Q1,shared,electricity_gas_and_water,22492050089.132977,"rand, constant 2015 prices, not seasonally adjusted",QRU1004,GDP P0441 - GDP Time series Q2 2026.xlsx
ZAF,1995-Q2,shared,electricity_gas_and_water,22932055429.46795,"rand, constant 2015 prices, not seasonally adjusted",QRU1004,GDP P0441 - GDP Time series Q2 2026.xlsx
ZAF,1995-Q3,shared,electricity_gas_and_water,23303492158.567677,"rand, constant 2015 prices, not seasonally adjusted",QRU1004,GDP P0441 - GDP Time series Q2 2026.xlsx
ZAF,1995-Q4,shared,electricity_gas_and_water,22052958060.218426,"rand, constant 2015 prices, not seasonally adjusted",QRU1004,GDP P0441 - GDP Time series Q2 2026.xlsx
ZAF,1996-Q1,shared,electricity_gas_and_water,22924118310.795395,"rand, constant 2015 prices, not seasonally adjusted",QRU1004,GDP P0441 - GDP Time series Q2 2026.xlsx
ZAF,1996-Q2,shared,electricity_gas_and_water,24424056790.52406,"rand, constant 2015 prices, not seasonally adjusted",QRU1004,GDP P0441 - GDP Time series Q2 2026.xlsx
ZAF,1996-Q3,shared,electricity_gas_and_water,26453013385.116795,"rand, constant 2015 prices, not seasonally adjusted",QRU1004,GDP P0441 - GDP Time series Q2 2026.xlsx
ZAF,1996-Q4,shared,electricity_gas_and_water,26783667270.588566,"rand, constant 2015 prices, not seasonally adjusted",QRU1004,GDP P0441 - GDP Time series Q2 2026.xlsx
ZAF,1997-Q1,shared,electricity_gas_and_water,25425185723.474216,"rand, constant 2015 prices, not seasonally adjusted",QRU1004,GDP P0441 - GDP Time series Q2 2026.xlsx
ZAF,1997-Q2,shared,electricity_gas_and_water,26366844957.640305,"rand, constant 2015 prices, not seasonally adjusted",QRU1004,GDP P0441 - GDP Time series Q2 2026.xlsx
ZAF,1997-Q3,shared,electricity_gas_and_water,26703821755.99193,"rand, constant 2015 prices, not seasonally adjusted",QRU1004,GDP P0441 - GDP Time series Q2 2026.xlsx
ZAF,1997-Q4,shared,electricity_gas_and_water,26011812694.442337,"rand, constant 2015 prices, not seasonally adjusted",QRU1004,GDP P0441 - GDP Time series Q2 2026.xlsx
ZAF,1998-Q1,shared,electricity_gas_and_water,24067164085.446327,"rand, constant 2015 prices, not seasonally adjusted",QRU1004,GDP P0441 - GDP Time series Q2 2026.xlsx
ZAF,1998-Q2,shared,electricity_gas_and_water,24647995095.388577,"rand, constant 2015 prices, not seasonally adjusted",QRU1004,GDP P0441 - GDP Time series Q2 2026.xlsx
ZAF,1998-Q3,shared,electricity_gas_and_water,24826617755.528843,"rand, constant 2015 prices, not seasonally adjusted",QRU1004,GDP P0441 - GDP Time series Q2 2026.xlsx
ZAF,1998-Q4,shared,electricity_gas_and_water,24381905291.89745,"rand, constant 2015 prices, not seasonally adjusted",QRU1004,GDP P0441 - GDP Time series Q2 2026.xlsx
ZAF,1999-Q1,shared,electricity_gas_and_water,23092025261.225266,"rand, constant 2015 prices, not seasonally adjusted",QRU1004,GDP P0441 - GDP Time series Q2 2026.xlsx
ZAF,1999-Q2,shared,electricity_gas_and_water,24317267649.36476,"rand, constant 2015 prices, not seasonally adjusted",QRU1004,GDP P0441 - GDP Time series Q2 2026.xlsx
ZAF,1999-Q3,shared,electricity_gas_and_water,25035165547.517426,"rand, constant 2015 prices, not seasonally adjusted",QRU1004,GDP P0441 - GDP Time series Q2 2026.xlsx
ZAF,1999-Q4,shared,electricity_gas_and_water,24989605359.012432,"rand, constant 2015 prices, not seasonally adjusted",QRU1004,GDP P0441 - GDP Time series Q2 2026.xlsx
ZAF,2000-Q1,shared,electricity_gas_and_water,24025709259.16911,"rand, constant 2015 prices, not seasonally adjusted",QRU1004,GDP P0441 - GDP Time series Q2 2026.xlsx
ZAF,2000-Q2,shared,electricity_gas_and_water,25227170358.90411,"rand, constant 2015 prices, not seasonally adjusted",QRU1004,GDP P0441 - GDP Time series Q2 2026.xlsx
ZAF,2000-Q3,shared,electricity_gas_and_water,26075039451.071175,"rand, constant 2015 prices, not seasonally adjusted",QRU1004,GDP P0441 - GDP Time series Q2 2026.xlsx
ZAF,2000-Q4,shared,electricity_gas_and_water,25126600726.306175,"rand, constant 2015 prices, not seasonally adjusted",QRU1004,GDP P0441 - GDP Time series Q2 2026.xlsx
ZAF,2001-Q1,shared,electricity_gas_and_water,23514257020.407196,"rand, constant 2015 prices, not seasonally adjusted",QRU1004,GDP P0441 - GDP Time series Q2 2026.xlsx
ZAF,2001-Q2,shared,electricity_gas_and_water,24153575033.317135,"rand, constant 2015 prices, not seasonally adjusted",QRU1004,GDP P0441 - GDP Time series Q2 2026.xlsx
ZAF,2001-Q3,shared,electricity_gas_and_water,24902244528.850815,"rand, constant 2015 prices, not seasonally adjusted",QRU1004,GDP P0441 - GDP Time series Q2 2026.xlsx
ZAF,2001-Q4,shared,electricity_gas_and_water,24167625980.443775,"rand, constant 2015 prices, not seasonally adjusted",QRU1004,GDP P0441 - GDP Time series Q2 2026.xlsx
ZAF,2002-Q1,shared,electricity_gas_and_water,23879581225.684414,"rand, constant 2015 prices, not seasonally adjusted",QRU1004,GDP P0441 - GDP Time series Q2 2026.xlsx
ZAF,2002-Q2,shared,electricity_gas_and_water,25026138346.77028,"rand, constant 2015 prices, not seasonally adjusted",QRU1004,GDP P0441 - GDP Time series Q2 2026.xlsx
ZAF,2002-Q3,shared,electricity_gas_and_water,25876220523.509743,"rand, constant 2015 prices, not seasonally adjusted",QRU1004,GDP P0441 - GDP Time series Q2 2026.xlsx
ZAF,2002-Q4,shared,electricity_gas_and_water,25341582056.760143,"rand, constant 2015 prices, not seasonally adjusted",QRU1004,GDP P0441 - GDP Time series Q2 2026.xlsx
ZAF,2003-Q1,shared,electricity_gas_and_water,24736688862.39992,"rand, constant 2015 prices, not seasonally adjusted",QRU1004,GDP P0441 - GDP Time series Q2 2026.xlsx
ZAF,2003-Q2,shared,electricity_gas_and_water,25709716812.99672,"rand, constant 2015 prices, not seasonally adjusted",QRU1004,GDP P0441 - GDP Time series Q2 2026.xlsx
ZAF,2003-Q3,shared,electricity_gas_and_water,26566824476.730076,"rand, constant 2015 prices, not seasonally adjusted",QRU1004,GDP P0441 - GDP Time series Q2 2026.xlsx
ZAF,2003-Q4,shared,electricity_gas_and_water,26064503211.012245,"rand, constant 2015 prices, not seasonally adjusted",QRU1004,GDP P0441 - GDP Time series Q2 2026.xlsx
ZAF,2004-Q1,shared,electricity_gas_and_water,26234519679.51264,"rand, constant 2015 prices, not seasonally adjusted",QRU1004,GDP P0441 - GDP Time series Q2 2026.xlsx
ZAF,2004-Q2,shared,electricity_gas_and_water,27443603500.967167,"rand, constant 2015 prices, not seasonally adjusted",QRU1004,GDP P0441 - GDP Time series Q2 2026.xlsx
ZAF,2004-Q3,shared,electricity_gas_and_water,28551520470.79176,"rand, constant 2015 prices, not seasonally adjusted",QRU1004,GDP P0441 - GDP Time series Q2 2026.xlsx
ZAF,2004-Q4,shared,electricity_gas_and_water,27841947642.824665,"rand, constant 2015 prices, not seasonally adjusted",QRU1004,GDP P0441 - GDP Time series Q2 2026.xlsx
ZAF,2005-Q1,shared,electricity_gas_and_water,27617834925.070877,"rand, constant 2015 prices, not seasonally adjusted",QRU1004,GDP P0441 - GDP Time series Q2 2026.xlsx
ZAF,2005-Q2,shared,electricity_gas_and_water,28878204726.673943,"rand, constant 2015 prices, not seasonally adjusted",QRU1004,GDP P0441 - GDP Time series Q2 2026.xlsx
ZAF,2005-Q3,shared,electricity_gas_and_water,29665057884.47338,"rand, constant 2015 prices, not seasonally adjusted",QRU1004,GDP P0441 - GDP Time series Q2 2026.xlsx
ZAF,2005-Q4,shared,electricity_gas_and_water,29795029572.01138,"rand, constant 2015 prices, not seasonally adjusted",QRU1004,GDP P0441 - GDP Time series Q2 2026.xlsx
ZAF,2006-Q1,shared,electricity_gas_and_water,28401682670.298634,"rand, constant 2015 prices, not seasonally adjusted",QRU1004,GDP P0441 - GDP Time series Q2 2026.xlsx
ZAF,2006-Q2,shared,electricity_gas_and_water,29828605663.76008,"rand, constant 2015 prices, not seasonally adjusted",QRU1004,GDP P0441 - GDP Time series Q2 2026.xlsx
ZAF,2006-Q3,shared,electricity_gas_and_water,30822045464.509014,"rand, constant 2015 prices, not seasonally adjusted",QRU1004,GDP P0441 - GDP Time series Q2 2026.xlsx
ZAF,2006-Q4,shared,electricity_gas_and_water,30868970021.09557,"rand, constant 2015 prices, not seasonally adjusted",QRU1004,GDP P0441 - GDP Time series Q2 2026.xlsx
ZAF,2007-Q1,shared,electricity_gas_and_water,29427481771.2602,"rand, constant 2015 prices, not seasonally adjusted",QRU1004,GDP P0441 - GDP Time series Q2 2026.xlsx
ZAF,2007-Q2,shared,electricity_gas_and_water,30699291913.612602,"rand, constant 2015 prices, not seasonally adjusted",QRU1004,GDP P0441 - GDP Time series Q2 2026.xlsx
ZAF,2007-Q3,shared,electricity_gas_and_water,32052580240.720367,"rand, constant 2015 prices, not seasonally adjusted",QRU1004,GDP P0441 - GDP Time series Q2 2026.xlsx
ZAF,2007-Q4,shared,electricity_gas_and_water,31837279097.736717,"rand, constant 2015 prices, not seasonally adjusted",QRU1004,GDP P0441 - GDP Time series Q2 2026.xlsx
ZAF,2008-Q1,shared,electricity_gas_and_water,28501545452.93486,"rand, constant 2015 prices, not seasonally adjusted",QRU1004,GDP P0441 - GDP Time series Q2 2026.xlsx
ZAF,2008-Q2,shared,electricity_gas_and_water,29372734403.268047,"rand, constant 2015 prices, not seasonally adjusted",QRU1004,GDP P0441 - GDP Time series Q2 2026.xlsx
ZAF,2008-Q3,shared,electricity_gas_and_water,31605636717.2545,"rand, constant 2015 prices, not seasonally adjusted",QRU1004,GDP P0441 - GDP Time series Q2 2026.xlsx
ZAF,2008-Q4,shared,electricity_gas_and_water,30146527640.846592,"rand, constant 2015 prices, not seasonally adjusted",QRU1004,GDP P0441 - GDP Time series Q2 2026.xlsx
ZAF,2009-Q1,shared,electricity_gas_and_water,27804206664.610165,"rand, constant 2015 prices, not seasonally adjusted",QRU1004,GDP P0441 - GDP Time series Q2 2026.xlsx
ZAF,2009-Q2,shared,electricity_gas_and_water,28958709266.734577,"rand, constant 2015 prices, not seasonally adjusted",QRU1004,GDP P0441 - GDP Time series Q2 2026.xlsx
ZAF,2009-Q3,shared,electricity_gas_and_water,30511327925.08542,"rand, constant 2015 prices, not seasonally adjusted",QRU1004,GDP P0441 - GDP Time series Q2 2026.xlsx
ZAF,2009-Q4,shared,electricity_gas_and_water,30252775927.407494,"rand, constant 2015 prices, not seasonally adjusted",QRU1004,GDP P0441 - GDP Time series Q2 2026.xlsx
ZAF,2010-Q1,shared,electricity_gas_and_water,28609688570.340126,"rand, constant 2015 prices, not seasonally adjusted",QRU1004,GDP P0441 - GDP Time series Q2 2026.xlsx
ZAF,2010-Q2,shared,electricity_gas_and_water,29729499933.16322,"rand, constant 2015 prices, not seasonally adjusted",QRU1004,GDP P0441 - GDP Time series Q2 2026.xlsx
ZAF,2010-Q3,shared,electricity_gas_and_water,31050098943.09679,"rand, constant 2015 prices, not seasonally adjusted",QRU1004,GDP P0441 - GDP Time series Q2 2026.xlsx
ZAF,2010-Q4,shared,electricity_gas_and_water,30977004566.997334,"rand, constant 2015 prices, not seasonally adjusted",QRU1004,GDP P0441 - GDP Time series Q2 2026.xlsx
ZAF,2011-Q1,shared,electricity_gas_and_water,29251617847.11851,"rand, constant 2015 prices, not seasonally adjusted",QRU1004,GDP P0441 - GDP Time series Q2 2026.xlsx
ZAF,2011-Q2,shared,electricity_gas_and_water,30401959271.697136,"rand, constant 2015 prices, not seasonally adjusted",QRU1004,GDP P0441 - GDP Time series Q2 2026.xlsx
ZAF,2011-Q3,shared,electricity_gas_and_water,31407551316.089664,"rand, constant 2015 prices, not seasonally adjusted",QRU1004,GDP P0441 - GDP Time series Q2 2026.xlsx
ZAF,2011-Q4,shared,electricity_gas_and_water,31144683497.196217,"rand, constant 2015 prices, not seasonally adjusted",QRU1004,GDP P0441 - GDP Time series Q2 2026.xlsx
ZAF,2012-Q1,shared,electricity_gas_and_water,29224063170.620014,"rand, constant 2015 prices, not seasonally adjusted",QRU1004,GDP P0441 - GDP Time series Q2 2026.xlsx
ZAF,2012-Q2,shared,electricity_gas_and_water,30279958546.95909,"rand, constant 2015 prices, not seasonally adjusted",QRU1004,GDP P0441 - GDP Time series Q2 2026.xlsx
ZAF,2012-Q3,shared,electricity_gas_and_water,31311280493.869633,"rand, constant 2015 prices, not seasonally adjusted",QRU1004,GDP P0441 - GDP Time series Q2 2026.xlsx
ZAF,2012-Q4,shared,electricity_gas_and_water,30957255748.961983,"rand, constant 2015 prices, not seasonally adjusted",QRU1004,GDP P0441 - GDP Time series Q2 2026.xlsx
ZAF,2013-Q1,shared,electricity_gas_and_water,28389593490.8323,"rand, constant 2015 prices, not seasonally adjusted",QRU1004,GDP P0441 - GDP Time series Q2 2026.xlsx
ZAF,2013-Q2,shared,electricity_gas_and_water,30221459377.006023,"rand, constant 2015 prices, not seasonally adjusted",QRU1004,GDP P0441 - GDP Time series Q2 2026.xlsx
ZAF,2013-Q3,shared,electricity_gas_and_water,31423744860.192997,"rand, constant 2015 prices, not seasonally adjusted",QRU1004,GDP P0441 - GDP Time series Q2 2026.xlsx
ZAF,2013-Q4,shared,electricity_gas_and_water,30951134264.549786,"rand, constant 2015 prices, not seasonally adjusted",QRU1004,GDP P0441 - GDP Time series Q2 2026.xlsx
ZAF,2014-Q1,shared,electricity_gas_and_water,28544409294.374493,"rand, constant 2015 prices, not seasonally adjusted",QRU1004,GDP P0441 - GDP Time series Q2 2026.xlsx
ZAF,2014-Q2,shared,electricity_gas_and_water,29690184482.013744,"rand, constant 2015 prices, not seasonally adjusted",QRU1004,GDP P0441 - GDP Time series Q2 2026.xlsx
ZAF,2014-Q3,shared,electricity_gas_and_water,30659280083.218464,"rand, constant 2015 prices, not seasonally adjusted",QRU1004,GDP P0441 - GDP Time series Q2 2026.xlsx
ZAF,2014-Q4,shared,electricity_gas_and_water,30636549485.98007,"rand, constant 2015 prices, not seasonally adjusted",QRU1004,GDP P0441 - GDP Time series Q2 2026.xlsx
ZAF,2015-Q1,shared,electricity_gas_and_water,28286073921.076817,"rand, constant 2015 prices, not seasonally adjusted",QRU1004,GDP P0441 - GDP Time series Q2 2026.xlsx
ZAF,2015-Q2,shared,electricity_gas_and_water,28471934229.82201,"rand, constant 2015 prices, not seasonally adjusted",QRU1004,GDP P0441 - GDP Time series Q2 2026.xlsx
ZAF,2015-Q3,shared,electricity_gas_and_water,28664124541.103397,"rand, constant 2015 prices, not seasonally adjusted",QRU1004,GDP P0441 - GDP Time series Q2 2026.xlsx
ZAF,2015-Q4,shared,electricity_gas_and_water,28635608083.40912,"rand, constant 2015 prices, not seasonally adjusted",QRU1004,GDP P0441 - GDP Time series Q2 2026.xlsx
ZAF,2016-Q1,shared,electricity_gas_and_water,26494289708.30832,"rand, constant 2015 prices, not seasonally adjusted",QRU1004,GDP P0441 - GDP Time series Q2 2026.xlsx
ZAF,2016-Q2,shared,electricity_gas_and_water,27497053518.977093,"rand, constant 2015 prices, not seasonally adjusted",QRU1004,GDP P0441 - GDP Time series Q2 2026.xlsx
ZAF,2016-Q3,shared,electricity_gas_and_water,28096744986.958153,"rand, constant 2015 prices, not seasonally adjusted",QRU1004,GDP P0441 - GDP Time series Q2 2026.xlsx
ZAF,2016-Q4,shared,electricity_gas_and_water,27859358413.825584,"rand, constant 2015 prices, not seasonally adjusted",QRU1004,GDP P0441 - GDP Time series Q2 2026.xlsx
ZAF,2017-Q1,shared,electricity_gas_and_water,26073804519.103268,"rand, constant 2015 prices, not seasonally adjusted",QRU1004,GDP P0441 - GDP Time series Q2 2026.xlsx
ZAF,2017-Q2,shared,electricity_gas_and_water,27685330392.01827,"rand, constant 2015 prices, not seasonally adjusted",QRU1004,GDP P0441 - GDP Time series Q2 2026.xlsx
ZAF,2017-Q3,shared,electricity_gas_and_water,27996155732.579628,"rand, constant 2015 prices, not seasonally adjusted",QRU1004,GDP P0441 - GDP Time series Q2 2026.xlsx
ZAF,2017-Q4,shared,electricity_gas_and_water,28519638529.69427,"rand, constant 2015 prices, not seasonally adjusted",QRU1004,GDP P0441 - GDP Time series Q2 2026.xlsx
ZAF,2018-Q1,shared,electricity_gas_and_water,26389335742.62399,"rand, constant 2015 prices, not seasonally adjusted",QRU1004,GDP P0441 - GDP Time series Q2 2026.xlsx
ZAF,2018-Q2,shared,electricity_gas_and_water,27783901676.00101,"rand, constant 2015 prices, not seasonally adjusted",QRU1004,GDP P0441 - GDP Time series Q2 2026.xlsx
ZAF,2018-Q3,shared,electricity_gas_and_water,28712651936.949074,"rand, constant 2015 prices, not seasonally adjusted",QRU1004,GDP P0441 - GDP Time series Q2 2026.xlsx
ZAF,2019-Q1,shared,electricity_gas_and_water,25759045401.138,"rand, constant 2015 prices, not seasonally adjusted",QRU1004,GDP P0441 - GDP Time series Q2 2026.xlsx
ZAF,2019-Q2,shared,electricity_gas_and_water,27261135157.19937,"rand, constant 2015 prices, not seasonally adjusted",QRU1004,GDP P0441 - GDP Time series Q2 2026.xlsx
ZAF,2019-Q3,shared,electricity_gas_and_water,27289101660.33621,"rand, constant 2015 prices, not seasonally adjusted",QRU1004,GDP P0441 - GDP Time series Q2 2026.xlsx
ZAF,2019-Q4,shared,electricity_gas_and_water,27261675967.01678,"rand, constant 2015 prices, not seasonally adjusted",QRU1004,GDP P0441 - GDP Time series Q2 2026.xlsx
ZAF,2020-Q1,shared,electricity_gas_and_water,24720925200.457855,"rand, constant 2015 prices, not seasonally adjusted",QRU1004,GDP P0441 - GDP Time series Q2 2026.xlsx
ZAF,2020-Q2,shared,electricity_gas_and_water,23240936055.573074,"rand, constant 2015 prices, not seasonally adjusted",QRU1004,GDP P0441 - GDP Time series Q2 2026.xlsx
ZAF,2020-Q3,shared,electricity_gas_and_water,26544963906.441494,"rand, constant 2015 prices, not seasonally adjusted",QRU1004,GDP P0441 - GDP Time series Q2 2026.xlsx
ZAF,2020-Q4,shared,electricity_gas_and_water,26898591099.890244,"rand, constant 2015 prices, not seasonally adjusted",QRU1004,GDP P0441 - GDP Time series Q2 2026.xlsx
ZAF,2021-Q1,shared,electricity_gas_and_water,24500445672.560703,"rand, constant 2015 prices, not seasonally adjusted",QRU1004,GDP P0441 - GDP Time series Q2 2026.xlsx
ZAF,2021-Q2,shared,electricity_gas_and_water,26357044885.25586,"rand, constant 2015 prices, not seasonally adjusted",QRU1004,GDP P0441 - GDP Time series Q2 2026.xlsx
ZAF,2021-Q3,shared,electricity_gas_and_water,26807314444.665424,"rand, constant 2015 prices, not seasonally adjusted",QRU1004,GDP P0441 - GDP Time series Q2 2026.xlsx
ZAF,2021-Q4,shared,electricity_gas_and_water,26122549255.33814,"rand, constant 2015 prices, not seasonally adjusted",QRU1004,GDP P0441 - GDP Time series Q2 2026.xlsx
ZAF,2022-Q1,shared,electricity_gas_and_water,24406872105.565113,"rand, constant 2015 prices, not seasonally adjusted",QRU1004,GDP P0441 - GDP Time series Q2 2026.xlsx
ZAF,2022-Q2,shared,electricity_gas_and_water,25814949705.072193,"rand, constant 2015 prices, not seasonally adjusted",QRU1004,GDP P0441 - GDP Time series Q2 2026.xlsx
ZAF,2022-Q3,shared,electricity_gas_and_water,25598444409.945423,"rand, constant 2015 prices, not seasonally adjusted",QRU1004,GDP P0441 - GDP Time series Q2 2026.xlsx
ZAF,2022-Q4,shared,electricity_gas_and_water,25097821821.08572,"rand, constant 2015 prices, not seasonally adjusted",QRU1004,GDP P0441 - GDP Time series Q2 2026.xlsx
ZAF,2023-Q1,shared,electricity_gas_and_water,22767893985.15386,"rand, constant 2015 prices, not seasonally adjusted",QRU1004,GDP P0441 - GDP Time series Q2 2026.xlsx
ZAF,2023-Q2,shared,electricity_gas_and_water,24029144341.86374,"rand, constant 2015 prices, not seasonally adjusted",QRU1004,GDP P0441 - GDP Time series Q2 2026.xlsx
ZAF,2023-Q3,shared,electricity_gas_and_water,24699973374.564484,"rand, constant 2015 prices, not seasonally adjusted",QRU1004,GDP P0441 - GDP Time series Q2 2026.xlsx
ZAF,2023-Q4,shared,electricity_gas_and_water,25192155702.186348,"rand, constant 2015 prices, not seasonally adjusted",QRU1004,GDP P0441 - GDP Time series Q2 2026.xlsx
ZAF,2024-Q1,shared,electricity_gas_and_water,23134095545.140736,"rand, constant 2015 prices, not seasonally adjusted",QRU1004,GDP P0441 - GDP Time series Q2 2026.xlsx
ZAF,2024-Q2,shared,electricity_gas_and_water,25155554647.82458,"rand, constant 2015 prices, not seasonally adjusted",QRU1004,GDP P0441 - GDP Time series Q2 2026.xlsx
ZAF,2024-Q3,shared,electricity_gas_and_water,26169542401.763985,"rand, constant 2015 prices, not seasonally adjusted",QRU1004,GDP P0441 - GDP Time series Q2 2026.xlsx
ZAF,2024-Q4,shared,electricity_gas_and_water,25580974809.039127,"rand, constant 2015 prices, not seasonally adjusted",QRU1004,GDP P0441 - GDP Time series Q2 2026.xlsx
ZAF,2025-Q1,shared,electricity_gas_and_water,22869197278.6852,"rand, constant 2015 prices, not seasonally adjusted",QRU1004,GDP P0441 - GDP Time series Q2 2026.xlsx
ZAF,2025-Q2,shared,electricity_gas_and_water,24584349140.5957,"rand, constant 2015 prices, not seasonally adjusted",QRU1004,GDP P0441 - GDP Time series Q2 2026.xlsx
ZAF,2025-Q3,shared,electricity_gas_and_water,24527818762.218998,"rand, constant 2015 prices, not seasonally adjusted",QRU1004,GDP P0441 - GDP Time series Q2 2026.xlsx
ZAF,2025-Q4,shared,electricity_gas_and_water,23777324150.242855,"rand, constant 2015 prices, not seasonally adjusted",QRU1004,GDP P0441 - GDP Time series Q2 2026.xlsx
ZAF,2026-Q1,shared,electricity_gas_and_water,21942824118.8778,"rand, constant 2015 prices, not seasonally adjusted",QRU1004,GDP P0441 - GDP Time series Q2 2026.xlsx
ZAF,2026-Q2,shared,electricity_gas_and_water,23757824126.93514,"rand, constant 2015 prices, not seasonally adjusted",QRU1004,GDP P0441 - GDP Time series Q2 2026.xlsx
ZAF,1993-Q1,shared,construction,14404133357.893686,"rand, constant 2015 prices, not seasonally adjusted",QRU1005,GDP P0441 - GDP Time series Q2 2026.xlsx
ZAF,1993-Q2,shared,construction,14515279985.836935,"rand, constant 2015 prices, not seasonally adjusted",QRU1005,GDP P0441 - GDP Time series Q2 2026.xlsx
ZAF,1993-Q3,shared,construction,14167256909.716322,"rand, constant 2015 prices, not seasonally adjusted",QRU1005,GDP P0441 - GDP Time series Q2 2026.xlsx
ZAF,1993-Q4,shared,construction,13475694466.172316,"rand, constant 2015 prices, not seasonally adjusted",QRU1005,GDP P0441 - GDP Time series Q2 2026.xlsx
ZAF,1994-Q1,shared,construction,14526834907.478136,"rand, constant 2015 prices, not seasonally adjusted",QRU1005,GDP P0441 - GDP Time series Q2 2026.xlsx
ZAF,1994-Q2,shared,construction,14817623296.25601,"rand, constant 2015 prices, not seasonally adjusted",QRU1005,GDP P0441 - GDP Time series Q2 2026.xlsx
ZAF,1994-Q3,shared,construction,14591096914.54507,"rand, constant 2015 prices, not seasonally adjusted",QRU1005,GDP P0441 - GDP Time series Q2 2026.xlsx
ZAF,1994-Q4,shared,construction,14266341246.996742,"rand, constant 2015 prices, not seasonally adjusted",QRU1005,GDP P0441 - GDP Time series Q2 2026.xlsx
ZAF,1995-Q1,shared,construction,15168374799.219141,"rand, constant 2015 prices, not seasonally adjusted",QRU1005,GDP P0441 - GDP Time series Q2 2026.xlsx
ZAF,1995-Q2,shared,construction,15374323626.684578,"rand, constant 2015 prices, not seasonally adjusted",QRU1005,GDP P0441 - GDP Time series Q2 2026.xlsx
ZAF,1995-Q3,shared,construction,15202392755.49437,"rand, constant 2015 prices, not seasonally adjusted",QRU1005,GDP P0441 - GDP Time series Q2 2026.xlsx
ZAF,1995-Q4,shared,construction,14522322375.634233,"rand, constant 2015 prices, not seasonally adjusted",QRU1005,GDP P0441 - GDP Time series Q2 2026.xlsx
ZAF,1996-Q1,shared,construction,15462374376.102703,"rand, constant 2015 prices, not seasonally adjusted",QRU1005,GDP P0441 - GDP Time series Q2 2026.xlsx
ZAF,1996-Q2,shared,construction,15645756793.382214,"rand, constant 2015 prices, not seasonally adjusted",QRU1005,GDP P0441 - GDP Time series Q2 2026.xlsx
ZAF,1996-Q3,shared,construction,15511868924.622091,"rand, constant 2015 prices, not seasonally adjusted",QRU1005,GDP P0441 - GDP Time series Q2 2026.xlsx
ZAF,1996-Q4,shared,construction,14862388483.367805,"rand, constant 2015 prices, not seasonally adjusted",QRU1005,GDP P0441 - GDP Time series Q2 2026.xlsx
ZAF,1997-Q1,shared,construction,15764065401.285538,"rand, constant 2015 prices, not seasonally adjusted",QRU1005,GDP P0441 - GDP Time series Q2 2026.xlsx
ZAF,1997-Q2,shared,construction,15859703850.226894,"rand, constant 2015 prices, not seasonally adjusted",QRU1005,GDP P0441 - GDP Time series Q2 2026.xlsx
ZAF,1997-Q3,shared,construction,15672493201.690203,"rand, constant 2015 prices, not seasonally adjusted",QRU1005,GDP P0441 - GDP Time series Q2 2026.xlsx
ZAF,1997-Q4,shared,construction,16302794842.91075,"rand, constant 2015 prices, not seasonally adjusted",QRU1005,GDP P0441 - GDP Time series Q2 2026.xlsx
ZAF,1998-Q1,shared,construction,15305268463.640656,"rand, constant 2015 prices, not seasonally adjusted",QRU1005,GDP P0441 - GDP Time series Q2 2026.xlsx
ZAF,1998-Q2,shared,construction,14921155948.81178,"rand, constant 2015 prices, not seasonally adjusted",QRU1005,GDP P0441 - GDP Time series Q2 2026.xlsx
ZAF,1998-Q3,shared,construction,14507665444.247139,"rand, constant 2015 prices, not seasonally adjusted",QRU1005,GDP P0441 - GDP Time series Q2 2026.xlsx
ZAF,1998-Q4,shared,construction,15116200487.452837,"rand, constant 2015 prices, not seasonally adjusted",QRU1005,GDP P0441 - GDP Time series Q2 2026.xlsx
ZAF,1999-Q1,shared,construction,14705589372.15331,"rand, constant 2015 prices, not seasonally adjusted",QRU1005,GDP P0441 - GDP Time series Q2 2026.xlsx
ZAF,1999-Q2,shared,construction,14687759888.394964,"rand, constant 2015 prices, not seasonally adjusted",QRU1005,GDP P0441 - GDP Time series Q2 2026.xlsx
ZAF,1999-Q3,shared,construction,14457520505.631357,"rand, constant 2015 prices, not seasonally adjusted",QRU1005,GDP P0441 - GDP Time series Q2 2026.xlsx
ZAF,1999-Q4,shared,construction,15187040032.827583,"rand, constant 2015 prices, not seasonally adjusted",QRU1005,GDP P0441 - GDP Time series Q2 2026.xlsx
ZAF,2000-Q1,shared,construction,14956721731.840855,"rand, constant 2015 prices, not seasonally adjusted",QRU1005,GDP P0441 - GDP Time series Q2 2026.xlsx
ZAF,2000-Q2,shared,construction,15299392855.059805,"rand, constant 2015 prices, not seasonally adjusted",QRU1005,GDP P0441 - GDP Time series Q2 2026.xlsx
ZAF,2000-Q3,shared,construction,15476563899.574968,"rand, constant 2015 prices, not seasonally adjusted",QRU1005,GDP P0441 - GDP Time series Q2 2026.xlsx
ZAF,2000-Q4,shared,construction,16640422714.236795,"rand, constant 2015 prices, not seasonally adjusted",QRU1005,GDP P0441 - GDP Time series Q2 2026.xlsx
ZAF,2001-Q1,shared,construction,16144297408.120306,"rand, constant 2015 prices, not seasonally adjusted",QRU1005,GDP P0441 - GDP Time series Q2 2026.xlsx
ZAF,2001-Q2,shared,construction,16277147528.47025,"rand, constant 2015 prices, not seasonally adjusted",QRU1005,GDP P0441 - GDP Time series Q2 2026.xlsx
ZAF,2001-Q3,shared,construction,16037796494.057299,"rand, constant 2015 prices, not seasonally adjusted",QRU1005,GDP P0441 - GDP Time series Q2 2026.xlsx
ZAF,2001-Q4,shared,construction,16986135286.250113,"rand, constant 2015 prices, not seasonally adjusted",QRU1005,GDP P0441 - GDP Time series Q2 2026.xlsx
ZAF,2002-Q1,shared,construction,16850732387.478172,"rand, constant 2015 prices, not seasonally adjusted",QRU1005,GDP P0441 - GDP Time series Q2 2026.xlsx
ZAF,2002-Q2,shared,construction,16867206331.108776,"rand, constant 2015 prices, not seasonally adjusted",QRU1005,GDP P0441 - GDP Time series Q2 2026.xlsx
ZAF,2002-Q3,shared,construction,17204956246.676476,"rand, constant 2015 prices, not seasonally adjusted",QRU1005,GDP P0441 - GDP Time series Q2 2026.xlsx
ZAF,2002-Q4,shared,construction,18324422702.914093,"rand, constant 2015 prices, not seasonally adjusted",QRU1005,GDP P0441 - GDP Time series Q2 2026.xlsx
ZAF,2003-Q1,shared,construction,18227620940.46159,"rand, constant 2015 prices, not seasonally adjusted",QRU1005,GDP P0441 - GDP Time series Q2 2026.xlsx
ZAF,2003-Q2,shared,construction,18229996082.894188,"rand, constant 2015 prices, not seasonally adjusted",QRU1005,GDP P0441 - GDP Time series Q2 2026.xlsx
ZAF,2003-Q3,shared,construction,18562890745.028038,"rand, constant 2015 prices, not seasonally adjusted",QRU1005,GDP P0441 - GDP Time series Q2 2026.xlsx
ZAF,2003-Q4,shared,construction,19550074932.503117,"rand, constant 2015 prices, not seasonally adjusted",QRU1005,GDP P0441 - GDP Time series Q2 2026.xlsx
ZAF,2004-Q1,shared,construction,19373037789.472607,"rand, constant 2015 prices, not seasonally adjusted",QRU1005,GDP P0441 - GDP Time series Q2 2026.xlsx
ZAF,2004-Q2,shared,construction,19816889082.62972,"rand, constant 2015 prices, not seasonally adjusted",QRU1005,GDP P0441 - GDP Time series Q2 2026.xlsx
ZAF,2004-Q3,shared,construction,20568197481.666935,"rand, constant 2015 prices, not seasonally adjusted",QRU1005,GDP P0441 - GDP Time series Q2 2026.xlsx
ZAF,2004-Q4,shared,construction,21604698912.367085,"rand, constant 2015 prices, not seasonally adjusted",QRU1005,GDP P0441 - GDP Time series Q2 2026.xlsx
ZAF,2005-Q1,shared,construction,21654132882.2475,"rand, constant 2015 prices, not seasonally adjusted",QRU1005,GDP P0441 - GDP Time series Q2 2026.xlsx
ZAF,2005-Q2,shared,construction,22263768346.755196,"rand, constant 2015 prices, not seasonally adjusted",QRU1005,GDP P0441 - GDP Time series Q2 2026.xlsx
ZAF,2005-Q3,shared,construction,23038385282.124348,"rand, constant 2015 prices, not seasonally adjusted",QRU1005,GDP P0441 - GDP Time series Q2 2026.xlsx
ZAF,2005-Q4,shared,construction,24106026324.36931,"rand, constant 2015 prices, not seasonally adjusted",QRU1005,GDP P0441 - GDP Time series Q2 2026.xlsx
ZAF,2006-Q1,shared,construction,23968821030.545975,"rand, constant 2015 prices, not seasonally adjusted",QRU1005,GDP P0441 - GDP Time series Q2 2026.xlsx
ZAF,2006-Q2,shared,construction,24568295072.009796,"rand, constant 2015 prices, not seasonally adjusted",QRU1005,GDP P0441 - GDP Time series Q2 2026.xlsx
ZAF,2006-Q3,shared,construction,25435341092.06444,"rand, constant 2015 prices, not seasonally adjusted",QRU1005,GDP P0441 - GDP Time series Q2 2026.xlsx
ZAF,2006-Q4,shared,construction,26593324359.43098,"rand, constant 2015 prices, not seasonally adjusted",QRU1005,GDP P0441 - GDP Time series Q2 2026.xlsx
ZAF,2007-Q1,shared,construction,27404435284.92834,"rand, constant 2015 prices, not seasonally adjusted",QRU1005,GDP P0441 - GDP Time series Q2 2026.xlsx
ZAF,2007-Q2,shared,construction,28075813475.87161,"rand, constant 2015 prices, not seasonally adjusted",QRU1005,GDP P0441 - GDP Time series Q2 2026.xlsx
ZAF,2007-Q3,shared,construction,29023258005.86653,"rand, constant 2015 prices, not seasonally adjusted",QRU1005,GDP P0441 - GDP Time series Q2 2026.xlsx
ZAF,2007-Q4,shared,construction,31669679886.193825,"rand, constant 2015 prices, not seasonally adjusted",QRU1005,GDP P0441 - GDP Time series Q2 2026.xlsx
ZAF,2008-Q1,shared,construction,30595146124.609886,"rand, constant 2015 prices, not seasonally adjusted",QRU1005,GDP P0441 - GDP Time series Q2 2026.xlsx
ZAF,2008-Q2,shared,construction,31118597127.158142,"rand, constant 2015 prices, not seasonally adjusted",QRU1005,GDP P0441 - GDP Time series Q2 2026.xlsx
ZAF,2008-Q3,shared,construction,32050011635.026005,"rand, constant 2015 prices, not seasonally adjusted",QRU1005,GDP P0441 - GDP Time series Q2 2026.xlsx
ZAF,2008-Q4,shared,construction,33880632762.39165,"rand, constant 2015 prices, not seasonally adjusted",QRU1005,GDP P0441 - GDP Time series Q2 2026.xlsx
ZAF,2009-Q1,shared,construction,33705454848.00863,"rand, constant 2015 prices, not seasonally adjusted",QRU1005,GDP P0441 - GDP Time series Q2 2026.xlsx
ZAF,2009-Q2,shared,construction,33759387347.078716,"rand, constant 2015 prices, not seasonally adjusted",QRU1005,GDP P0441 - GDP Time series Q2 2026.xlsx
ZAF,2009-Q3,shared,construction,34589570660.66404,"rand, constant 2015 prices, not seasonally adjusted",QRU1005,GDP P0441 - GDP Time series Q2 2026.xlsx
ZAF,2009-Q4,shared,construction,36495572387.08869,"rand, constant 2015 prices, not seasonally adjusted",QRU1005,GDP P0441 - GDP Time series Q2 2026.xlsx
ZAF,2010-Q1,shared,construction,34739331169.173676,"rand, constant 2015 prices, not seasonally adjusted",QRU1005,GDP P0441 - GDP Time series Q2 2026.xlsx
ZAF,2010-Q2,shared,construction,34559727574.581184,"rand, constant 2015 prices, not seasonally adjusted",QRU1005,GDP P0441 - GDP Time series Q2 2026.xlsx
ZAF,2010-Q3,shared,construction,34353453804.535435,"rand, constant 2015 prices, not seasonally adjusted",QRU1005,GDP P0441 - GDP Time series Q2 2026.xlsx
ZAF,2010-Q4,shared,construction,35911630065.32796,"rand, constant 2015 prices, not seasonally adjusted",QRU1005,GDP P0441 - GDP Time series Q2 2026.xlsx
ZAF,2011-Q1,shared,construction,34261086944.969467,"rand, constant 2015 prices, not seasonally adjusted",QRU1005,GDP P0441 - GDP Time series Q2 2026.xlsx
ZAF,2011-Q2,shared,construction,34581365203.536385,"rand, constant 2015 prices, not seasonally adjusted",QRU1005,GDP P0441 - GDP Time series Q2 2026.xlsx
ZAF,2011-Q3,shared,construction,34840032785.93911,"rand, constant 2015 prices, not seasonally adjusted",QRU1005,GDP P0441 - GDP Time series Q2 2026.xlsx
ZAF,2011-Q4,shared,construction,36476524224.434616,"rand, constant 2015 prices, not seasonally adjusted",QRU1005,GDP P0441 - GDP Time series Q2 2026.xlsx
ZAF,2012-Q1,shared,construction,35588476228.86114,"rand, constant 2015 prices, not seasonally adjusted",QRU1005,GDP P0441 - GDP Time series Q2 2026.xlsx
ZAF,2012-Q2,shared,construction,35336779082.59944,"rand, constant 2015 prices, not seasonally adjusted",QRU1005,GDP P0441 - GDP Time series Q2 2026.xlsx
ZAF,2012-Q3,shared,construction,35474517083.30866,"rand, constant 2015 prices, not seasonally adjusted",QRU1005,GDP P0441 - GDP Time series Q2 2026.xlsx
ZAF,2012-Q4,shared,construction,37370574802.63525,"rand, constant 2015 prices, not seasonally adjusted",QRU1005,GDP P0441 - GDP Time series Q2 2026.xlsx
ZAF,2013-Q1,shared,construction,37280290487.552956,"rand, constant 2015 prices, not seasonally adjusted",QRU1005,GDP P0441 - GDP Time series Q2 2026.xlsx
ZAF,2013-Q2,shared,construction,37356441562.91422,"rand, constant 2015 prices, not seasonally adjusted",QRU1005,GDP P0441 - GDP Time series Q2 2026.xlsx
ZAF,2013-Q3,shared,construction,37286235895.48967,"rand, constant 2015 prices, not seasonally adjusted",QRU1005,GDP P0441 - GDP Time series Q2 2026.xlsx
ZAF,2013-Q4,shared,construction,38409636471.51226,"rand, constant 2015 prices, not seasonally adjusted",QRU1005,GDP P0441 - GDP Time series Q2 2026.xlsx
ZAF,2014-Q1,shared,construction,38115988679.37358,"rand, constant 2015 prices, not seasonally adjusted",QRU1005,GDP P0441 - GDP Time series Q2 2026.xlsx
ZAF,2014-Q2,shared,construction,37794522113.442726,"rand, constant 2015 prices, not seasonally adjusted",QRU1005,GDP P0441 - GDP Time series Q2 2026.xlsx
ZAF,2014-Q3,shared,construction,37589792331.5054,"rand, constant 2015 prices, not seasonally adjusted",QRU1005,GDP P0441 - GDP Time series Q2 2026.xlsx
ZAF,2014-Q4,shared,construction,38881994001.97678,"rand, constant 2015 prices, not seasonally adjusted",QRU1005,GDP P0441 - GDP Time series Q2 2026.xlsx
ZAF,2015-Q1,shared,construction,38252040792.46891,"rand, constant 2015 prices, not seasonally adjusted",QRU1005,GDP P0441 - GDP Time series Q2 2026.xlsx
ZAF,2015-Q2,shared,construction,38073099222.32113,"rand, constant 2015 prices, not seasonally adjusted",QRU1005,GDP P0441 - GDP Time series Q2 2026.xlsx
ZAF,2015-Q3,shared,construction,37992534050.16625,"rand, constant 2015 prices, not seasonally adjusted",QRU1005,GDP P0441 - GDP Time series Q2 2026.xlsx
ZAF,2015-Q4,shared,construction,39513282079.986435,"rand, constant 2015 prices, not seasonally adjusted",QRU1005,GDP P0441 - GDP Time series Q2 2026.xlsx
ZAF,2016-Q1,shared,construction,39472998016.28419,"rand, constant 2015 prices, not seasonally adjusted",QRU1005,GDP P0441 - GDP Time series Q2 2026.xlsx
ZAF,2016-Q2,shared,construction,38706861374.01588,"rand, constant 2015 prices, not seasonally adjusted",QRU1005,GDP P0441 - GDP Time series Q2 2026.xlsx
ZAF,2016-Q3,shared,construction,38621983052.393,"rand, constant 2015 prices, not seasonally adjusted",QRU1005,GDP P0441 - GDP Time series Q2 2026.xlsx
ZAF,2016-Q4,shared,construction,39193786776.46583,"rand, constant 2015 prices, not seasonally adjusted",QRU1005,GDP P0441 - GDP Time series Q2 2026.xlsx
ZAF,2017-Q1,shared,construction,37581526351.95535,"rand, constant 2015 prices, not seasonally adjusted",QRU1005,GDP P0441 - GDP Time series Q2 2026.xlsx
ZAF,2017-Q2,shared,construction,36485162419.140015,"rand, constant 2015 prices, not seasonally adjusted",QRU1005,GDP P0441 - GDP Time series Q2 2026.xlsx
ZAF,2017-Q3,shared,construction,36200097301.81628,"rand, constant 2015 prices, not seasonally adjusted",QRU1005,GDP P0441 - GDP Time series Q2 2026.xlsx
ZAF,2017-Q4,shared,construction,36809666004.322174,"rand, constant 2015 prices, not seasonally adjusted",QRU1005,GDP P0441 - GDP Time series Q2 2026.xlsx
ZAF,2018-Q1,shared,construction,36062344415.1967,"rand, constant 2015 prices, not seasonally adjusted",QRU1005,GDP P0441 - GDP Time series Q2 2026.xlsx
ZAF,2018-Q2,shared,construction,35898527940.36767,"rand, constant 2015 prices, not seasonally adjusted",QRU1005,GDP P0441 - GDP Time series Q2 2026.xlsx
ZAF,2018-Q3,shared,construction,36723207183.63281,"rand, constant 2015 prices, not seasonally adjusted",QRU1005,GDP P0441 - GDP Time series Q2 2026.xlsx
ZAF,2019-Q1,shared,construction,35147746139.032646,"rand, constant 2015 prices, not seasonally adjusted",QRU1005,GDP P0441 - GDP Time series Q2 2026.xlsx
ZAF,2019-Q2,shared,construction,34891674248.639435,"rand, constant 2015 prices, not seasonally adjusted",QRU1005,GDP P0441 - GDP Time series Q2 2026.xlsx
ZAF,2019-Q3,shared,construction,34926579516.5219,"rand, constant 2015 prices, not seasonally adjusted",QRU1005,GDP P0441 - GDP Time series Q2 2026.xlsx
ZAF,2019-Q4,shared,construction,35020326273.24246,"rand, constant 2015 prices, not seasonally adjusted",QRU1005,GDP P0441 - GDP Time series Q2 2026.xlsx
ZAF,2020-Q1,shared,construction,34207230950.391537,"rand, constant 2015 prices, not seasonally adjusted",QRU1005,GDP P0441 - GDP Time series Q2 2026.xlsx
ZAF,2020-Q2,shared,construction,24010357339.72599,"rand, constant 2015 prices, not seasonally adjusted",QRU1005,GDP P0441 - GDP Time series Q2 2026.xlsx
ZAF,2020-Q3,shared,construction,28009544358.2352,"rand, constant 2015 prices, not seasonally adjusted",QRU1005,GDP P0441 - GDP Time series Q2 2026.xlsx
ZAF,2020-Q4,shared,construction,29146475961.643894,"rand, constant 2015 prices, not seasonally adjusted",QRU1005,GDP P0441 - GDP Time series Q2 2026.xlsx
ZAF,2021-Q1,shared,construction,29688968367.5991,"rand, constant 2015 prices, not seasonally adjusted",QRU1005,GDP P0441 - GDP Time series Q2 2026.xlsx
ZAF,2021-Q2,shared,construction,27389711519.396675,"rand, constant 2015 prices, not seasonally adjusted",QRU1005,GDP P0441 - GDP Time series Q2 2026.xlsx
ZAF,2021-Q3,shared,construction,27578029937.57747,"rand, constant 2015 prices, not seasonally adjusted",QRU1005,GDP P0441 - GDP Time series Q2 2026.xlsx
ZAF,2021-Q4,shared,construction,27770185006.336575,"rand, constant 2015 prices, not seasonally adjusted",QRU1005,GDP P0441 - GDP Time series Q2 2026.xlsx
ZAF,2022-Q1,shared,construction,27956458640.943054,"rand, constant 2015 prices, not seasonally adjusted",QRU1005,GDP P0441 - GDP Time series Q2 2026.xlsx
ZAF,2022-Q2,shared,construction,26352317569.523323,"rand, constant 2015 prices, not seasonally adjusted",QRU1005,GDP P0441 - GDP Time series Q2 2026.xlsx
ZAF,2022-Q3,shared,construction,27405958231.922752,"rand, constant 2015 prices, not seasonally adjusted",QRU1005,GDP P0441 - GDP Time series Q2 2026.xlsx
ZAF,2022-Q4,shared,construction,28350356306.51957,"rand, constant 2015 prices, not seasonally adjusted",QRU1005,GDP P0441 - GDP Time series Q2 2026.xlsx
ZAF,2023-Q1,shared,construction,28734582570.284653,"rand, constant 2015 prices, not seasonally adjusted",QRU1005,GDP P0441 - GDP Time series Q2 2026.xlsx
ZAF,2023-Q2,shared,construction,27393348368.742847,"rand, constant 2015 prices, not seasonally adjusted",QRU1005,GDP P0441 - GDP Time series Q2 2026.xlsx
ZAF,2023-Q3,shared,construction,26439556321.14419,"rand, constant 2015 prices, not seasonally adjusted",QRU1005,GDP P0441 - GDP Time series Q2 2026.xlsx
ZAF,2023-Q4,shared,construction,26997603488.737,"rand, constant 2015 prices, not seasonally adjusted",QRU1005,GDP P0441 - GDP Time series Q2 2026.xlsx
ZAF,2024-Q1,shared,construction,26234743242.437447,"rand, constant 2015 prices, not seasonally adjusted",QRU1005,GDP P0441 - GDP Time series Q2 2026.xlsx
ZAF,2024-Q2,shared,construction,25420852111.36218,"rand, constant 2015 prices, not seasonally adjusted",QRU1005,GDP P0441 - GDP Time series Q2 2026.xlsx
ZAF,2024-Q3,shared,construction,25587918779.83215,"rand, constant 2015 prices, not seasonally adjusted",QRU1005,GDP P0441 - GDP Time series Q2 2026.xlsx
ZAF,2024-Q4,shared,construction,26381576615.276924,"rand, constant 2015 prices, not seasonally adjusted",QRU1005,GDP P0441 - GDP Time series Q2 2026.xlsx
ZAF,2025-Q1,shared,construction,25371320415.3931,"rand, constant 2015 prices, not seasonally adjusted",QRU1005,GDP P0441 - GDP Time series Q2 2026.xlsx
ZAF,2025-Q2,shared,construction,24377733421.451603,"rand, constant 2015 prices, not seasonally adjusted",QRU1005,GDP P0441 - GDP Time series Q2 2026.xlsx
ZAF,2025-Q3,shared,construction,24372733421.4745,"rand, constant 2015 prices, not seasonally adjusted",QRU1005,GDP P0441 - GDP Time series Q2 2026.xlsx
ZAF,2025-Q4,shared,construction,24976733421.45211,"rand, constant 2015 prices, not seasonally adjusted",QRU1005,GDP P0441 - GDP Time series Q2 2026.xlsx
ZAF,2026-Q1,shared,construction,24922733421.4594,"rand, constant 2015 prices, not seasonally adjusted",QRU1005,GDP P0441 - GDP Time series Q2 2026.xlsx
ZAF,2026-Q2,shared,construction,24290084572.626072,"rand, constant 2015 prices, not seasonally adjusted",QRU1005,GDP P0441 - GDP Time series Q2 2026.xlsx
ZAF,1993-Q1,shared,trade_catering_and_accommodation,61429143149.41133,"rand, constant 2015 prices, not seasonally adjusted",QRU1006,GDP P0441 - GDP Time series Q2 2026.xlsx
ZAF,1993-Q2,shared,trade_catering_and_accommodation,60974439997.89946,"rand, constant 2015 prices, not seasonally adjusted",QRU1006,GDP P0441 - GDP Time series Q2 2026.xlsx
ZAF,1993-Q3,shared,trade_catering_and_accommodation,64813945416.56282,"rand, constant 2015 prices, not seasonally adjusted",QRU1006,GDP P0441 - GDP Time series Q2 2026.xlsx
ZAF,1993-Q4,shared,trade_catering_and_accommodation,73369575286.24237,"rand, constant 2015 prices, not seasonally adjusted",QRU1006,GDP P0441 - GDP Time series Q2 2026.xlsx
ZAF,1994-Q1,shared,trade_catering_and_accommodation,62265132984.12272,"rand, constant 2015 prices, not seasonally adjusted",QRU1006,GDP P0441 - GDP Time series Q2 2026.xlsx
ZAF,1994-Q2,shared,trade_catering_and_accommodation,62755609929.987434,"rand, constant 2015 prices, not seasonally adjusted",QRU1006,GDP P0441 - GDP Time series Q2 2026.xlsx
ZAF,1994-Q3,shared,trade_catering_and_accommodation,66206223102.664764,"rand, constant 2015 prices, not seasonally adjusted",QRU1006,GDP P0441 - GDP Time series Q2 2026.xlsx
ZAF,1994-Q4,shared,trade_catering_and_accommodation,75874815429.59395,"rand, constant 2015 prices, not seasonally adjusted",QRU1006,GDP P0441 - GDP Time series Q2 2026.xlsx
ZAF,1995-Q1,shared,trade_catering_and_accommodation,64614862419.9289,"rand, constant 2015 prices, not seasonally adjusted",QRU1006,GDP P0441 - GDP Time series Q2 2026.xlsx
ZAF,1995-Q2,shared,trade_catering_and_accommodation,66285724183.52024,"rand, constant 2015 prices, not seasonally adjusted",QRU1006,GDP P0441 - GDP Time series Q2 2026.xlsx
ZAF,1995-Q3,shared,trade_catering_and_accommodation,70696751111.29443,"rand, constant 2015 prices, not seasonally adjusted",QRU1006,GDP P0441 - GDP Time series Q2 2026.xlsx
ZAF,1995-Q4,shared,trade_catering_and_accommodation,81263448836.9611,"rand, constant 2015 prices, not seasonally adjusted",QRU1006,GDP P0441 - GDP Time series Q2 2026.xlsx
ZAF,1996-Q1,shared,trade_catering_and_accommodation,68276182945.23489,"rand, constant 2015 prices, not seasonally adjusted",QRU1006,GDP P0441 - GDP Time series Q2 2026.xlsx
ZAF,1996-Q2,shared,trade_catering_and_accommodation,69377521557.03174,"rand, constant 2015 prices, not seasonally adjusted",QRU1006,GDP P0441 - GDP Time series Q2 2026.xlsx
ZAF,1996-Q3,shared,trade_catering_and_accommodation,72740043119.02542,"rand, constant 2015 prices, not seasonally adjusted",QRU1006,GDP P0441 - GDP Time series Q2 2026.xlsx
ZAF,1996-Q4,shared,trade_catering_and_accommodation,82932888032.82559,"rand, constant 2015 prices, not seasonally adjusted",QRU1006,GDP P0441 - GDP Time series Q2 2026.xlsx
ZAF,1997-Q1,shared,trade_catering_and_accommodation,69721022654.9112,"rand, constant 2015 prices, not seasonally adjusted",QRU1006,GDP P0441 - GDP Time series Q2 2026.xlsx
ZAF,1997-Q2,shared,trade_catering_and_accommodation,70174372226.0127,"rand, constant 2015 prices, not seasonally adjusted",QRU1006,GDP P0441 - GDP Time series Q2 2026.xlsx
ZAF,1997-Q3,shared,trade_catering_and_accommodation,72868686738.62503,"rand, constant 2015 prices, not seasonally adjusted",QRU1006,GDP P0441 - GDP Time series Q2 2026.xlsx
ZAF,1997-Q4,shared,trade_catering_and_accommodation,81735860577.18527,"rand, constant 2015 prices, not seasonally adjusted",QRU1006,GDP P0441 - GDP Time series Q2 2026.xlsx
ZAF,1998-Q1,shared,trade_catering_and_accommodation,69754318892.79007,"rand, constant 2015 prices, not seasonally adjusted",QRU1006,GDP P0441 - GDP Time series Q2 2026.xlsx
ZAF,1998-Q2,shared,trade_catering_and_accommodation,71287607273.34793,"rand, constant 2015 prices, not seasonally adjusted",QRU1006,GDP P0441 - GDP Time series Q2 2026.xlsx
ZAF,1998-Q3,shared,trade_catering_and_accommodation,73919613027.29556,"rand, constant 2015 prices, not seasonally adjusted",QRU1006,GDP P0441 - GDP Time series Q2 2026.xlsx
ZAF,1998-Q4,shared,trade_catering_and_accommodation,83366902251.85815,"rand, constant 2015 prices, not seasonally adjusted",QRU1006,GDP P0441 - GDP Time series Q2 2026.xlsx
ZAF,1999-Q1,shared,trade_catering_and_accommodation,72836559807.4694,"rand, constant 2015 prices, not seasonally adjusted",QRU1006,GDP P0441 - GDP Time series Q2 2026.xlsx
ZAF,1999-Q2,shared,trade_catering_and_accommodation,75649217881.95947,"rand, constant 2015 prices, not seasonally adjusted",QRU1006,GDP P0441 - GDP Time series Q2 2026.xlsx
ZAF,1999-Q3,shared,trade_catering_and_accommodation,80002233174.27437,"rand, constant 2015 prices, not seasonally adjusted",QRU1006,GDP P0441 - GDP Time series Q2 2026.xlsx
ZAF,1999-Q4,shared,trade_catering_and_accommodation,92513392131.43062,"rand, constant 2015 prices, not seasonally adjusted",QRU1006,GDP P0441 - GDP Time series Q2 2026.xlsx
ZAF,2000-Q1,shared,trade_catering_and_accommodation,79757594080.47005,"rand, constant 2015 prices, not seasonally adjusted",QRU1006,GDP P0441 - GDP Time series Q2 2026.xlsx
ZAF,2000-Q2,shared,trade_catering_and_accommodation,82746263430.78917,"rand, constant 2015 prices, not seasonally adjusted",QRU1006,GDP P0441 - GDP Time series Q2 2026.xlsx
ZAF,2000-Q3,shared,trade_catering_and_accommodation,86244274230.75085,"rand, constant 2015 prices, not seasonally adjusted",QRU1006,GDP P0441 - GDP Time series Q2 2026.xlsx
ZAF,2000-Q4,shared,trade_catering_and_accommodation,98254384895.72961,"rand, constant 2015 prices, not seasonally adjusted",QRU1006,GDP P0441 - GDP Time series Q2 2026.xlsx
ZAF,2001-Q1,shared,trade_catering_and_accommodation,82995759174.76033,"rand, constant 2015 prices, not seasonally adjusted",QRU1006,GDP P0441 - GDP Time series Q2 2026.xlsx
ZAF,2001-Q2,shared,trade_catering_and_accommodation,84699580082.58313,"rand, constant 2015 prices, not seasonally adjusted",QRU1006,GDP P0441 - GDP Time series Q2 2026.xlsx
ZAF,2001-Q3,shared,trade_catering_and_accommodation,87030785233.12914,"rand, constant 2015 prices, not seasonally adjusted",QRU1006,GDP P0441 - GDP Time series Q2 2026.xlsx
ZAF,2001-Q4,shared,trade_catering_and_accommodation,98869439963.3841,"rand, constant 2015 prices, not seasonally adjusted",QRU1006,GDP P0441 - GDP Time series Q2 2026.xlsx
ZAF,2002-Q1,shared,trade_catering_and_accommodation,84036828732.59944,"rand, constant 2015 prices, not seasonally adjusted",QRU1006,GDP P0441 - GDP Time series Q2 2026.xlsx
ZAF,2002-Q2,shared,trade_catering_and_accommodation,86112353281.47641,"rand, constant 2015 prices, not seasonally adjusted",QRU1006,GDP P0441 - GDP Time series Q2 2026.xlsx
ZAF,2002-Q3,shared,trade_catering_and_accommodation,89401823351.1782,"rand, constant 2015 prices, not seasonally adjusted",QRU1006,GDP P0441 - GDP Time series Q2 2026.xlsx
ZAF,2002-Q4,shared,trade_catering_and_accommodation,102177257071.04135,"rand, constant 2015 prices, not seasonally adjusted",QRU1006,GDP P0441 - GDP Time series Q2 2026.xlsx
ZAF,2003-Q1,shared,trade_catering_and_accommodation,85423304935.93822,"rand, constant 2015 prices, not seasonally adjusted",QRU1006,GDP P0441 - GDP Time series Q2 2026.xlsx
ZAF,2003-Q2,shared,trade_catering_and_accommodation,87705092792.07076,"rand, constant 2015 prices, not seasonally adjusted",QRU1006,GDP P0441 - GDP Time series Q2 2026.xlsx
ZAF,2003-Q3,shared,trade_catering_and_accommodation,92511242737.81482,"rand, constant 2015 prices, not seasonally adjusted",QRU1006,GDP P0441 - GDP Time series Q2 2026.xlsx
ZAF,2003-Q4,shared,trade_catering_and_accommodation,105731431673.97157,"rand, constant 2015 prices, not seasonally adjusted",QRU1006,GDP P0441 - GDP Time series Q2 2026.xlsx
ZAF,2004-Q1,shared,trade_catering_and_accommodation,89292675607.31528,"rand, constant 2015 prices, not seasonally adjusted",QRU1006,GDP P0441 - GDP Time series Q2 2026.xlsx
ZAF,2004-Q2,shared,trade_catering_and_accommodation,91941869990.20558,"rand, constant 2015 prices, not seasonally adjusted",QRU1006,GDP P0441 - GDP Time series Q2 2026.xlsx
ZAF,2004-Q3,shared,trade_catering_and_accommodation,96125147794.9761,"rand, constant 2015 prices, not seasonally adjusted",QRU1006,GDP P0441 - GDP Time series Q2 2026.xlsx
ZAF,2004-Q4,shared,trade_catering_and_accommodation,114057164391.61995,"rand, constant 2015 prices, not seasonally adjusted",QRU1006,GDP P0441 - GDP Time series Q2 2026.xlsx
ZAF,2005-Q1,shared,trade_catering_and_accommodation,96070574300.49586,"rand, constant 2015 prices, not seasonally adjusted",QRU1006,GDP P0441 - GDP Time series Q2 2026.xlsx
ZAF,2005-Q2,shared,trade_catering_and_accommodation,98277161965.75961,"rand, constant 2015 prices, not seasonally adjusted",QRU1006,GDP P0441 - GDP Time series Q2 2026.xlsx
ZAF,2005-Q3,shared,trade_catering_and_accommodation,102910351260.58037,"rand, constant 2015 prices, not seasonally adjusted",QRU1006,GDP P0441 - GDP Time series Q2 2026.xlsx
ZAF,2005-Q4,shared,trade_catering_and_accommodation,121740471845.01958,"rand, constant 2015 prices, not seasonally adjusted",QRU1006,GDP P0441 - GDP Time series Q2 2026.xlsx
ZAF,2006-Q1,shared,trade_catering_and_accommodation,101277936907.3563,"rand, constant 2015 prices, not seasonally adjusted",QRU1006,GDP P0441 - GDP Time series Q2 2026.xlsx
ZAF,2006-Q2,shared,trade_catering_and_accommodation,104179351701.10983,"rand, constant 2015 prices, not seasonally adjusted",QRU1006,GDP P0441 - GDP Time series Q2 2026.xlsx
ZAF,2006-Q3,shared,trade_catering_and_accommodation,109339206092.19214,"rand, constant 2015 prices, not seasonally adjusted",QRU1006,GDP P0441 - GDP Time series Q2 2026.xlsx
ZAF,2006-Q4,shared,trade_catering_and_accommodation,129176683974.12572,"rand, constant 2015 prices, not seasonally adjusted",QRU1006,GDP P0441 - GDP Time series Q2 2026.xlsx
ZAF,2007-Q1,shared,trade_catering_and_accommodation,107672420528.99667,"rand, constant 2015 prices, not seasonally adjusted",QRU1006,GDP P0441 - GDP Time series Q2 2026.xlsx
ZAF,2007-Q2,shared,trade_catering_and_accommodation,110446788213.92427,"rand, constant 2015 prices, not seasonally adjusted",QRU1006,GDP P0441 - GDP Time series Q2 2026.xlsx
ZAF,2007-Q3,shared,trade_catering_and_accommodation,115665185691.08765,"rand, constant 2015 prices, not seasonally adjusted",QRU1006,GDP P0441 - GDP Time series Q2 2026.xlsx
ZAF,2007-Q4,shared,trade_catering_and_accommodation,135045079061.99733,"rand, constant 2015 prices, not seasonally adjusted",QRU1006,GDP P0441 - GDP Time series Q2 2026.xlsx
ZAF,2008-Q1,shared,trade_catering_and_accommodation,113235890198.07843,"rand, constant 2015 prices, not seasonally adjusted",QRU1006,GDP P0441 - GDP Time series Q2 2026.xlsx
ZAF,2008-Q2,shared,trade_catering_and_accommodation,114259452850.40802,"rand, constant 2015 prices, not seasonally adjusted",QRU1006,GDP P0441 - GDP Time series Q2 2026.xlsx
ZAF,2008-Q3,shared,trade_catering_and_accommodation,114805053074.20348,"rand, constant 2015 prices, not seasonally adjusted",QRU1006,GDP P0441 - GDP Time series Q2 2026.xlsx
ZAF,2008-Q4,shared,trade_catering_and_accommodation,134747280790.48029,"rand, constant 2015 prices, not seasonally adjusted",QRU1006,GDP P0441 - GDP Time series Q2 2026.xlsx
ZAF,2009-Q1,shared,trade_catering_and_accommodation,111967156432.07979,"rand, constant 2015 prices, not seasonally adjusted",QRU1006,GDP P0441 - GDP Time series Q2 2026.xlsx
ZAF,2009-Q2,shared,trade_catering_and_accommodation,111926739566.60667,"rand, constant 2015 prices, not seasonally adjusted",QRU1006,GDP P0441 - GDP Time series Q2 2026.xlsx
ZAF,2009-Q3,shared,trade_catering_and_accommodation,114728894095.681,"rand, constant 2015 prices, not seasonally adjusted",QRU1006,GDP P0441 - GDP Time series Q2 2026.xlsx
ZAF,2009-Q4,shared,trade_catering_and_accommodation,133094723134.13914,"rand, constant 2015 prices, not seasonally adjusted",QRU1006,GDP P0441 - GDP Time series Q2 2026.xlsx
ZAF,2010-Q1,shared,trade_catering_and_accommodation,114432942722.40367,"rand, constant 2015 prices, not seasonally adjusted",QRU1006,GDP P0441 - GDP Time series Q2 2026.xlsx
ZAF,2010-Q2,shared,trade_catering_and_accommodation,116861968192.63026,"rand, constant 2015 prices, not seasonally adjusted",QRU1006,GDP P0441 - GDP Time series Q2 2026.xlsx
ZAF,2010-Q3,shared,trade_catering_and_accommodation,120370272549.44438,"rand, constant 2015 prices, not seasonally adjusted",QRU1006,GDP P0441 - GDP Time series Q2 2026.xlsx
ZAF,2010-Q4,shared,trade_catering_and_accommodation,140934930747.15833,"rand, constant 2015 prices, not seasonally adjusted",QRU1006,GDP P0441 - GDP Time series Q2 2026.xlsx
ZAF,2011-Q1,shared,trade_catering_and_accommodation,118927292557.94943,"rand, constant 2015 prices, not seasonally adjusted",QRU1006,GDP P0441 - GDP Time series Q2 2026.xlsx
ZAF,2011-Q2,shared,trade_catering_and_accommodation,120975893803.12653,"rand, constant 2015 prices, not seasonally adjusted",QRU1006,GDP P0441 - GDP Time series Q2 2026.xlsx
ZAF,2011-Q3,shared,trade_catering_and_accommodation,125249181541.17268,"rand, constant 2015 prices, not seasonally adjusted",QRU1006,GDP P0441 - GDP Time series Q2 2026.xlsx
ZAF,2011-Q4,shared,trade_catering_and_accommodation,147539925480.0026,"rand, constant 2015 prices, not seasonally adjusted",QRU1006,GDP P0441 - GDP Time series Q2 2026.xlsx
ZAF,2012-Q1,shared,trade_catering_and_accommodation,124806374796.34863,"rand, constant 2015 prices, not seasonally adjusted",QRU1006,GDP P0441 - GDP Time series Q2 2026.xlsx
ZAF,2012-Q2,shared,trade_catering_and_accommodation,126347962214.07407,"rand, constant 2015 prices, not seasonally adjusted",QRU1006,GDP P0441 - GDP Time series Q2 2026.xlsx
ZAF,2012-Q3,shared,trade_catering_and_accommodation,129886851290.11624,"rand, constant 2015 prices, not seasonally adjusted",QRU1006,GDP P0441 - GDP Time series Q2 2026.xlsx
ZAF,2012-Q4,shared,trade_catering_and_accommodation,151912102502.3428,"rand, constant 2015 prices, not seasonally adjusted",QRU1006,GDP P0441 - GDP Time series Q2 2026.xlsx
ZAF,2013-Q1,shared,trade_catering_and_accommodation,127415426168.65244,"rand, constant 2015 prices, not seasonally adjusted",QRU1006,GDP P0441 - GDP Time series Q2 2026.xlsx
ZAF,2013-Q2,shared,trade_catering_and_accommodation,129115427082.02386,"rand, constant 2015 prices, not seasonally adjusted",QRU1006,GDP P0441 - GDP Time series Q2 2026.xlsx
ZAF,2013-Q3,shared,trade_catering_and_accommodation,132302679410.8836,"rand, constant 2015 prices, not seasonally adjusted",QRU1006,GDP P0441 - GDP Time series Q2 2026.xlsx
ZAF,2013-Q4,shared,trade_catering_and_accommodation,154794020275.90372,"rand, constant 2015 prices, not seasonally adjusted",QRU1006,GDP P0441 - GDP Time series Q2 2026.xlsx
ZAF,2014-Q1,shared,trade_catering_and_accommodation,129784382308.45677,"rand, constant 2015 prices, not seasonally adjusted",QRU1006,GDP P0441 - GDP Time series Q2 2026.xlsx
ZAF,2014-Q2,shared,trade_catering_and_accommodation,130033749337.50066,"rand, constant 2015 prices, not seasonally adjusted",QRU1006,GDP P0441 - GDP Time series Q2 2026.xlsx
ZAF,2014-Q3,shared,trade_catering_and_accommodation,133874530956.92442,"rand, constant 2015 prices, not seasonally adjusted",QRU1006,GDP P0441 - GDP Time series Q2 2026.xlsx
ZAF,2014-Q4,shared,trade_catering_and_accommodation,155542220437.33237,"rand, constant 2015 prices, not seasonally adjusted",QRU1006,GDP P0441 - GDP Time series Q2 2026.xlsx
ZAF,2015-Q1,shared,trade_catering_and_accommodation,131366480422.93295,"rand, constant 2015 prices, not seasonally adjusted",QRU1006,GDP P0441 - GDP Time series Q2 2026.xlsx
ZAF,2015-Q2,shared,trade_catering_and_accommodation,130921488907.30782,"rand, constant 2015 prices, not seasonally adjusted",QRU1006,GDP P0441 - GDP Time series Q2 2026.xlsx
ZAF,2015-Q3,shared,trade_catering_and_accommodation,135105053317.22086,"rand, constant 2015 prices, not seasonally adjusted",QRU1006,GDP P0441 - GDP Time series Q2 2026.xlsx
ZAF,2015-Q4,shared,trade_catering_and_accommodation,158143338163.8909,"rand, constant 2015 prices, not seasonally adjusted",QRU1006,GDP P0441 - GDP Time series Q2 2026.xlsx
ZAF,2016-Q1,shared,trade_catering_and_accommodation,133466879655.99593,"rand, constant 2015 prices, not seasonally adjusted",QRU1006,GDP P0441 - GDP Time series Q2 2026.xlsx
ZAF,2016-Q2,shared,trade_catering_and_accommodation,133861577387.12613,"rand, constant 2015 prices, not seasonally adjusted",QRU1006,GDP P0441 - GDP Time series Q2 2026.xlsx
ZAF,2016-Q3,shared,trade_catering_and_accommodation,136755225815.67085,"rand, constant 2015 prices, not seasonally adjusted",QRU1006,GDP P0441 - GDP Time series Q2 2026.xlsx
ZAF,2016-Q4,shared,trade_catering_and_accommodation,160197118986.0648,"rand, constant 2015 prices, not seasonally adjusted",QRU1006,GDP P0441 - GDP Time series Q2 2026.xlsx
ZAF,2017-Q1,shared,trade_catering_and_accommodation,131472905583.63835,"rand, constant 2015 prices, not seasonally adjusted",QRU1006,GDP P0441 - GDP Time series Q2 2026.xlsx
ZAF,2017-Q2,shared,trade_catering_and_accommodation,131125662338.23705,"rand, constant 2015 prices, not seasonally adjusted",QRU1006,GDP P0441 - GDP Time series Q2 2026.xlsx
ZAF,2017-Q3,shared,trade_catering_and_accommodation,134388216240.75784,"rand, constant 2015 prices, not seasonally adjusted",QRU1006,GDP P0441 - GDP Time series Q2 2026.xlsx
ZAF,2017-Q4,shared,trade_catering_and_accommodation,159720595086.60312,"rand, constant 2015 prices, not seasonally adjusted",QRU1006,GDP P0441 - GDP Time series Q2 2026.xlsx
ZAF,2018-Q1,shared,trade_catering_and_accommodation,132129354276.72449,"rand, constant 2015 prices, not seasonally adjusted",QRU1006,GDP P0441 - GDP Time series Q2 2026.xlsx
ZAF,2018-Q2,shared,trade_catering_and_accommodation,132201860861.75777,"rand, constant 2015 prices, not seasonally adjusted",QRU1006,GDP P0441 - GDP Time series Q2 2026.xlsx
ZAF,2018-Q3,shared,trade_catering_and_accommodation,161175003749.10373,"rand, constant 2015 prices, not seasonally adjusted",QRU1006,GDP P0441 - GDP Time series Q2 2026.xlsx
ZAF,2019-Q1,shared,trade_catering_and_accommodation,132032767128.62865,"rand, constant 2015 prices, not seasonally adjusted",QRU1006,GDP P0441 - GDP Time series Q2 2026.xlsx
ZAF,2019-Q2,shared,trade_catering_and_accommodation,132834975126.98625,"rand, constant 2015 prices, not seasonally adjusted",QRU1006,GDP P0441 - GDP Time series Q2 2026.xlsx
ZAF,2019-Q3,shared,trade_catering_and_accommodation,136773775408.0181,"rand, constant 2015 prices, not seasonally adjusted",QRU1006,GDP P0441 - GDP Time series Q2 2026.xlsx
ZAF,2019-Q4,shared,trade_catering_and_accommodation,158293255235.7329,"rand, constant 2015 prices, not seasonally adjusted",QRU1006,GDP P0441 - GDP Time series Q2 2026.xlsx
ZAF,2020-Q1,shared,trade_catering_and_accommodation,128831668143.29489,"rand, constant 2015 prices, not seasonally adjusted",QRU1006,GDP P0441 - GDP Time series Q2 2026.xlsx
ZAF,2020-Q2,shared,trade_catering_and_accommodation,94805477932.55719,"rand, constant 2015 prices, not seasonally adjusted",QRU1006,GDP P0441 - GDP Time series Q2 2026.xlsx
ZAF,2020-Q3,shared,trade_catering_and_accommodation,122405035633.62659,"rand, constant 2015 prices, not seasonally adjusted",QRU1006,GDP P0441 - GDP Time series Q2 2026.xlsx
ZAF,2020-Q4,shared,trade_catering_and_accommodation,145370665080.8779,"rand, constant 2015 prices, not seasonally adjusted",QRU1006,GDP P0441 - GDP Time series Q2 2026.xlsx
ZAF,2021-Q1,shared,trade_catering_and_accommodation,122336248507.0488,"rand, constant 2015 prices, not seasonally adjusted",QRU1006,GDP P0441 - GDP Time series Q2 2026.xlsx
ZAF,2021-Q2,shared,trade_catering_and_accommodation,127332046957.29153,"rand, constant 2015 prices, not seasonally adjusted",QRU1006,GDP P0441 - GDP Time series Q2 2026.xlsx
ZAF,2021-Q3,shared,trade_catering_and_accommodation,123818863754.08855,"rand, constant 2015 prices, not seasonally adjusted",QRU1006,GDP P0441 - GDP Time series Q2 2026.xlsx
ZAF,2021-Q4,shared,trade_catering_and_accommodation,150700739654.64688,"rand, constant 2015 prices, not seasonally adjusted",QRU1006,GDP P0441 - GDP Time series Q2 2026.xlsx
ZAF,2022-Q1,shared,trade_catering_and_accommodation,129801677626.62004,"rand, constant 2015 prices, not seasonally adjusted",QRU1006,GDP P0441 - GDP Time series Q2 2026.xlsx
ZAF,2022-Q2,shared,trade_catering_and_accommodation,129342703106.13776,"rand, constant 2015 prices, not seasonally adjusted",QRU1006,GDP P0441 - GDP Time series Q2 2026.xlsx
ZAF,2022-Q3,shared,trade_catering_and_accommodation,133880976348.18073,"rand, constant 2015 prices, not seasonally adjusted",QRU1006,GDP P0441 - GDP Time series Q2 2026.xlsx
ZAF,2022-Q4,shared,trade_catering_and_accommodation,150421734785.4853,"rand, constant 2015 prices, not seasonally adjusted",QRU1006,GDP P0441 - GDP Time series Q2 2026.xlsx
ZAF,2023-Q1,shared,trade_catering_and_accommodation,128252073036.90256,"rand, constant 2015 prices, not seasonally adjusted",QRU1006,GDP P0441 - GDP Time series Q2 2026.xlsx
ZAF,2023-Q2,shared,trade_catering_and_accommodation,128597797752.50153,"rand, constant 2015 prices, not seasonally adjusted",QRU1006,GDP P0441 - GDP Time series Q2 2026.xlsx
ZAF,2023-Q3,shared,trade_catering_and_accommodation,130915907098.6924,"rand, constant 2015 prices, not seasonally adjusted",QRU1006,GDP P0441 - GDP Time series Q2 2026.xlsx
ZAF,2023-Q4,shared,trade_catering_and_accommodation,147189313978.32748,"rand, constant 2015 prices, not seasonally adjusted",QRU1006,GDP P0441 - GDP Time series Q2 2026.xlsx
ZAF,2024-Q1,shared,trade_catering_and_accommodation,124715552614.74065,"rand, constant 2015 prices, not seasonally adjusted",QRU1006,GDP P0441 - GDP Time series Q2 2026.xlsx
ZAF,2024-Q2,shared,trade_catering_and_accommodation,125820217206.38496,"rand, constant 2015 prices, not seasonally adjusted",QRU1006,GDP P0441 - GDP Time series Q2 2026.xlsx
ZAF,2024-Q3,shared,trade_catering_and_accommodation,128419178393.48943,"rand, constant 2015 prices, not seasonally adjusted",QRU1006,GDP P0441 - GDP Time series Q2 2026.xlsx
ZAF,2024-Q4,shared,trade_catering_and_accommodation,149807143651.80896,"rand, constant 2015 prices, not seasonally adjusted",QRU1006,GDP P0441 - GDP Time series Q2 2026.xlsx
ZAF,2025-Q1,shared,trade_catering_and_accommodation,126517529985.675,"rand, constant 2015 prices, not seasonally adjusted",QRU1006,GDP P0441 - GDP Time series Q2 2026.xlsx
ZAF,2025-Q2,shared,trade_catering_and_accommodation,128536836355.23,"rand, constant 2015 prices, not seasonally adjusted",QRU1006,GDP P0441 - GDP Time series Q2 2026.xlsx
ZAF,2025-Q3,shared,trade_catering_and_accommodation,132433986353.74498,"rand, constant 2015 prices, not seasonally adjusted",QRU1006,GDP P0441 - GDP Time series Q2 2026.xlsx
ZAF,2025-Q4,shared,trade_catering_and_accommodation,153340633527.5498,"rand, constant 2015 prices, not seasonally adjusted",QRU1006,GDP P0441 - GDP Time series Q2 2026.xlsx
ZAF,2026-Q1,shared,trade_catering_and_accommodation,129855521743.536,"rand, constant 2015 prices, not seasonally adjusted",QRU1006,GDP P0441 - GDP Time series Q2 2026.xlsx
ZAF,2026-Q2,shared,trade_catering_and_accommodation,128891354213.53596,"rand, constant 2015 prices, not seasonally adjusted",QRU1006,GDP P0441 - GDP Time series Q2 2026.xlsx
ZAF,1993-Q1,shared,transport_storage_and_communication,30332519502.40464,"rand, constant 2015 prices, not seasonally adjusted",QRU1007,GDP P0441 - GDP Time series Q2 2026.xlsx
ZAF,1993-Q2,shared,transport_storage_and_communication,29475606731.600517,"rand, constant 2015 prices, not seasonally adjusted",QRU1007,GDP P0441 - GDP Time series Q2 2026.xlsx
ZAF,1993-Q3,shared,transport_storage_and_communication,31385871845.221424,"rand, constant 2015 prices, not seasonally adjusted",QRU1007,GDP P0441 - GDP Time series Q2 2026.xlsx
ZAF,1993-Q4,shared,transport_storage_and_communication,31931167881.275536,"rand, constant 2015 prices, not seasonally adjusted",QRU1007,GDP P0441 - GDP Time series Q2 2026.xlsx
ZAF,1994-Q1,shared,transport_storage_and_communication,31295810994.757927,"rand, constant 2015 prices, not seasonally adjusted",QRU1007,GDP P0441 - GDP Time series Q2 2026.xlsx
ZAF,1994-Q2,shared,transport_storage_and_communication,30704915318.602013,"rand, constant 2015 prices, not seasonally adjusted",QRU1007,GDP P0441 - GDP Time series Q2 2026.xlsx
ZAF,1994-Q3,shared,transport_storage_and_communication,33055844115.819977,"rand, constant 2015 prices, not seasonally adjusted",QRU1007,GDP P0441 - GDP Time series Q2 2026.xlsx
ZAF,1994-Q4,shared,transport_storage_and_communication,33732353165.505295,"rand, constant 2015 prices, not seasonally adjusted",QRU1007,GDP P0441 - GDP Time series Q2 2026.xlsx
ZAF,1995-Q1,shared,transport_storage_and_communication,33961495493.369118,"rand, constant 2015 prices, not seasonally adjusted",QRU1007,GDP P0441 - GDP Time series Q2 2026.xlsx
ZAF,1995-Q2,shared,transport_storage_and_communication,34041389918.16716,"rand, constant 2015 prices, not seasonally adjusted",QRU1007,GDP P0441 - GDP Time series Q2 2026.xlsx
ZAF,1995-Q3,shared,transport_storage_and_communication,36836934791.57194,"rand, constant 2015 prices, not seasonally adjusted",QRU1007,GDP P0441 - GDP Time series Q2 2026.xlsx
ZAF,1995-Q4,shared,transport_storage_and_communication,37600729292.61366,"rand, constant 2015 prices, not seasonally adjusted",QRU1007,GDP P0441 - GDP Time series Q2 2026.xlsx
ZAF,1996-Q1,shared,transport_storage_and_communication,36608933786.6445,"rand, constant 2015 prices, not seasonally adjusted",QRU1007,GDP P0441 - GDP Time series Q2 2026.xlsx
ZAF,1996-Q2,shared,transport_storage_and_communication,36443634988.66686,"rand, constant 2015 prices, not seasonally adjusted",QRU1007,GDP P0441 - GDP Time series Q2 2026.xlsx
ZAF,1996-Q3,shared,transport_storage_and_communication,38931438897.82151,"rand, constant 2015 prices, not seasonally adjusted",QRU1007,GDP P0441 - GDP Time series Q2 2026.xlsx
ZAF,1996-Q4,shared,transport_storage_and_communication,39145415341.82804,"rand, constant 2015 prices, not seasonally adjusted",QRU1007,GDP P0441 - GDP Time series Q2 2026.xlsx
ZAF,1997-Q1,shared,transport_storage_and_communication,38774918434.69883,"rand, constant 2015 prices, not seasonally adjusted",QRU1007,GDP P0441 - GDP Time series Q2 2026.xlsx
ZAF,1997-Q2,shared,transport_storage_and_communication,39138955791.22882,"rand, constant 2015 prices, not seasonally adjusted",QRU1007,GDP P0441 - GDP Time series Q2 2026.xlsx
ZAF,1997-Q3,shared,transport_storage_and_communication,41841496166.63806,"rand, constant 2015 prices, not seasonally adjusted",QRU1007,GDP P0441 - GDP Time series Q2 2026.xlsx
ZAF,1997-Q4,shared,transport_storage_and_communication,42859888771.53221,"rand, constant 2015 prices, not seasonally adjusted",QRU1007,GDP P0441 - GDP Time series Q2 2026.xlsx
ZAF,1998-Q1,shared,transport_storage_and_communication,41896214841.266304,"rand, constant 2015 prices, not seasonally adjusted",QRU1007,GDP P0441 - GDP Time series Q2 2026.xlsx
ZAF,1998-Q2,shared,transport_storage_and_communication,42065693606.84239,"rand, constant 2015 prices, not seasonally adjusted",QRU1007,GDP P0441 - GDP Time series Q2 2026.xlsx
ZAF,1998-Q3,shared,transport_storage_and_communication,43547910810.87796,"rand, constant 2015 prices, not seasonally adjusted",QRU1007,GDP P0441 - GDP Time series Q2 2026.xlsx
ZAF,1998-Q4,shared,transport_storage_and_communication,44049279159.136665,"rand, constant 2015 prices, not seasonally adjusted",QRU1007,GDP P0441 - GDP Time series Q2 2026.xlsx
ZAF,1999-Q1,shared,transport_storage_and_communication,42835190635.79001,"rand, constant 2015 prices, not seasonally adjusted",QRU1007,GDP P0441 - GDP Time series Q2 2026.xlsx
ZAF,1999-Q2,shared,transport_storage_and_communication,43811023588.10903,"rand, constant 2015 prices, not seasonally adjusted",QRU1007,GDP P0441 - GDP Time series Q2 2026.xlsx
ZAF,1999-Q3,shared,transport_storage_and_communication,46383700007.57731,"rand, constant 2015 prices, not seasonally adjusted",QRU1007,GDP P0441 - GDP Time series Q2 2026.xlsx
ZAF,1999-Q4,shared,transport_storage_and_communication,47450257304.38943,"rand, constant 2015 prices, not seasonally adjusted",QRU1007,GDP P0441 - GDP Time series Q2 2026.xlsx
ZAF,2000-Q1,shared,transport_storage_and_communication,46623763612.97705,"rand, constant 2015 prices, not seasonally adjusted",QRU1007,GDP P0441 - GDP Time series Q2 2026.xlsx
ZAF,2000-Q2,shared,transport_storage_and_communication,47816195009.77465,"rand, constant 2015 prices, not seasonally adjusted",QRU1007,GDP P0441 - GDP Time series Q2 2026.xlsx
ZAF,2000-Q3,shared,transport_storage_and_communication,50182133940.39848,"rand, constant 2015 prices, not seasonally adjusted",QRU1007,GDP P0441 - GDP Time series Q2 2026.xlsx
ZAF,2000-Q4,shared,transport_storage_and_communication,50837933210.19235,"rand, constant 2015 prices, not seasonally adjusted",QRU1007,GDP P0441 - GDP Time series Q2 2026.xlsx
ZAF,2001-Q1,shared,transport_storage_and_communication,49249617036.990814,"rand, constant 2015 prices, not seasonally adjusted",QRU1007,GDP P0441 - GDP Time series Q2 2026.xlsx
ZAF,2001-Q2,shared,transport_storage_and_communication,50186234209.87416,"rand, constant 2015 prices, not seasonally adjusted",QRU1007,GDP P0441 - GDP Time series Q2 2026.xlsx
ZAF,2001-Q3,shared,transport_storage_and_communication,52948814071.35505,"rand, constant 2015 prices, not seasonally adjusted",QRU1007,GDP P0441 - GDP Time series Q2 2026.xlsx
ZAF,2001-Q4,shared,transport_storage_and_communication,54607501975.74975,"rand, constant 2015 prices, not seasonally adjusted",QRU1007,GDP P0441 - GDP Time series Q2 2026.xlsx
ZAF,2002-Q1,shared,transport_storage_and_communication,53615710821.5463,"rand, constant 2015 prices, not seasonally adjusted",QRU1007,GDP P0441 - GDP Time series Q2 2026.xlsx
ZAF,2002-Q2,shared,transport_storage_and_communication,55055140375.21623,"rand, constant 2015 prices, not seasonally adjusted",QRU1007,GDP P0441 - GDP Time series Q2 2026.xlsx
ZAF,2002-Q3,shared,transport_storage_and_communication,57808220405.44388,"rand, constant 2015 prices, not seasonally adjusted",QRU1007,GDP P0441 - GDP Time series Q2 2026.xlsx
ZAF,2002-Q4,shared,transport_storage_and_communication,59142390748.22067,"rand, constant 2015 prices, not seasonally adjusted",QRU1007,GDP P0441 - GDP Time series Q2 2026.xlsx
ZAF,2003-Q1,shared,transport_storage_and_communication,57531582477.85731,"rand, constant 2015 prices, not seasonally adjusted",QRU1007,GDP P0441 - GDP Time series Q2 2026.xlsx
ZAF,2003-Q2,shared,transport_storage_and_communication,58656374305.717636,"rand, constant 2015 prices, not seasonally adjusted",QRU1007,GDP P0441 - GDP Time series Q2 2026.xlsx
ZAF,2003-Q3,shared,transport_storage_and_communication,60951557587.66335,"rand, constant 2015 prices, not seasonally adjusted",QRU1007,GDP P0441 - GDP Time series Q2 2026.xlsx
ZAF,2003-Q4,shared,transport_storage_and_communication,62804044023.766075,"rand, constant 2015 prices, not seasonally adjusted",QRU1007,GDP P0441 - GDP Time series Q2 2026.xlsx
ZAF,2004-Q1,shared,transport_storage_and_communication,59917964811.171234,"rand, constant 2015 prices, not seasonally adjusted",QRU1007,GDP P0441 - GDP Time series Q2 2026.xlsx
ZAF,2004-Q2,shared,transport_storage_and_communication,61185255645.99195,"rand, constant 2015 prices, not seasonally adjusted",QRU1007,GDP P0441 - GDP Time series Q2 2026.xlsx
ZAF,2004-Q3,shared,transport_storage_and_communication,64529231627.244514,"rand, constant 2015 prices, not seasonally adjusted",QRU1007,GDP P0441 - GDP Time series Q2 2026.xlsx
ZAF,2004-Q4,shared,transport_storage_and_communication,66037821193.47436,"rand, constant 2015 prices, not seasonally adjusted",QRU1007,GDP P0441 - GDP Time series Q2 2026.xlsx
ZAF,2005-Q1,shared,transport_storage_and_communication,63316851655.16851,"rand, constant 2015 prices, not seasonally adjusted",QRU1007,GDP P0441 - GDP Time series Q2 2026.xlsx
ZAF,2005-Q2,shared,transport_storage_and_communication,64665841715.711975,"rand, constant 2015 prices, not seasonally adjusted",QRU1007,GDP P0441 - GDP Time series Q2 2026.xlsx
ZAF,2005-Q3,shared,transport_storage_and_communication,67804807813.23193,"rand, constant 2015 prices, not seasonally adjusted",QRU1007,GDP P0441 - GDP Time series Q2 2026.xlsx
ZAF,2005-Q4,shared,transport_storage_and_communication,69206995381.30109,"rand, constant 2015 prices, not seasonally adjusted",QRU1007,GDP P0441 - GDP Time series Q2 2026.xlsx
ZAF,2006-Q1,shared,transport_storage_and_communication,66247128750.77057,"rand, constant 2015 prices, not seasonally adjusted",QRU1007,GDP P0441 - GDP Time series Q2 2026.xlsx
ZAF,2006-Q2,shared,transport_storage_and_communication,67829425268.14488,"rand, constant 2015 prices, not seasonally adjusted",QRU1007,GDP P0441 - GDP Time series Q2 2026.xlsx
ZAF,2006-Q3,shared,transport_storage_and_communication,71811895842.00214,"rand, constant 2015 prices, not seasonally adjusted",QRU1007,GDP P0441 - GDP Time series Q2 2026.xlsx
ZAF,2006-Q4,shared,transport_storage_and_communication,72662828304.02731,"rand, constant 2015 prices, not seasonally adjusted",QRU1007,GDP P0441 - GDP Time series Q2 2026.xlsx
ZAF,2007-Q1,shared,transport_storage_and_communication,71670015859.231,"rand, constant 2015 prices, not seasonally adjusted",QRU1007,GDP P0441 - GDP Time series Q2 2026.xlsx
ZAF,2007-Q2,shared,transport_storage_and_communication,73082620821.74792,"rand, constant 2015 prices, not seasonally adjusted",QRU1007,GDP P0441 - GDP Time series Q2 2026.xlsx
ZAF,2007-Q3,shared,transport_storage_and_communication,76704722352.854,"rand, constant 2015 prices, not seasonally adjusted",QRU1007,GDP P0441 - GDP Time series Q2 2026.xlsx
ZAF,2007-Q4,shared,transport_storage_and_communication,78015639296.20036,"rand, constant 2015 prices, not seasonally adjusted",QRU1007,GDP P0441 - GDP Time series Q2 2026.xlsx
ZAF,2008-Q1,shared,transport_storage_and_communication,74552598979.38507,"rand, constant 2015 prices, not seasonally adjusted",QRU1007,GDP P0441 - GDP Time series Q2 2026.xlsx
ZAF,2008-Q2,shared,transport_storage_and_communication,75915438062.84657,"rand, constant 2015 prices, not seasonally adjusted",QRU1007,GDP P0441 - GDP Time series Q2 2026.xlsx
ZAF,2008-Q3,shared,transport_storage_and_communication,79498981797.76343,"rand, constant 2015 prices, not seasonally adjusted",QRU1007,GDP P0441 - GDP Time series Q2 2026.xlsx
ZAF,2008-Q4,shared,transport_storage_and_communication,79988004542.29353,"rand, constant 2015 prices, not seasonally adjusted",QRU1007,GDP P0441 - GDP Time series Q2 2026.xlsx
ZAF,2009-Q1,shared,transport_storage_and_communication,74817117042.37784,"rand, constant 2015 prices, not seasonally adjusted",QRU1007,GDP P0441 - GDP Time series Q2 2026.xlsx
ZAF,2009-Q2,shared,transport_storage_and_communication,75730330850.10002,"rand, constant 2015 prices, not seasonally adjusted",QRU1007,GDP P0441 - GDP Time series Q2 2026.xlsx
ZAF,2009-Q3,shared,transport_storage_and_communication,79155973440.26399,"rand, constant 2015 prices, not seasonally adjusted",QRU1007,GDP P0441 - GDP Time series Q2 2026.xlsx
ZAF,2009-Q4,shared,transport_storage_and_communication,79670255160.40016,"rand, constant 2015 prices, not seasonally adjusted",QRU1007,GDP P0441 - GDP Time series Q2 2026.xlsx
ZAF,2010-Q1,shared,transport_storage_and_communication,75088550375.66698,"rand, constant 2015 prices, not seasonally adjusted",QRU1007,GDP P0441 - GDP Time series Q2 2026.xlsx
ZAF,2010-Q2,shared,transport_storage_and_communication,76921640330.90845,"rand, constant 2015 prices, not seasonally adjusted",QRU1007,GDP P0441 - GDP Time series Q2 2026.xlsx
ZAF,2010-Q3,shared,transport_storage_and_communication,80925181659.1398,"rand, constant 2015 prices, not seasonally adjusted",QRU1007,GDP P0441 - GDP Time series Q2 2026.xlsx
ZAF,2010-Q4,shared,transport_storage_and_communication,81629349067.49019,"rand, constant 2015 prices, not seasonally adjusted",QRU1007,GDP P0441 - GDP Time series Q2 2026.xlsx
ZAF,2011-Q1,shared,transport_storage_and_communication,77603386098.03546,"rand, constant 2015 prices, not seasonally adjusted",QRU1007,GDP P0441 - GDP Time series Q2 2026.xlsx
ZAF,2011-Q2,shared,transport_storage_and_communication,79711393759.12361,"rand, constant 2015 prices, not seasonally adjusted",QRU1007,GDP P0441 - GDP Time series Q2 2026.xlsx
ZAF,2011-Q3,shared,transport_storage_and_communication,83552787986.17302,"rand, constant 2015 prices, not seasonally adjusted",QRU1007,GDP P0441 - GDP Time series Q2 2026.xlsx
ZAF,2011-Q4,shared,transport_storage_and_communication,84584415183.18047,"rand, constant 2015 prices, not seasonally adjusted",QRU1007,GDP P0441 - GDP Time series Q2 2026.xlsx
ZAF,2012-Q1,shared,transport_storage_and_communication,79819316975.64613,"rand, constant 2015 prices, not seasonally adjusted",QRU1007,GDP P0441 - GDP Time series Q2 2026.xlsx
ZAF,2012-Q2,shared,transport_storage_and_communication,81809700614.45804,"rand, constant 2015 prices, not seasonally adjusted",QRU1007,GDP P0441 - GDP Time series Q2 2026.xlsx
ZAF,2012-Q3,shared,transport_storage_and_communication,85397497265.39249,"rand, constant 2015 prices, not seasonally adjusted",QRU1007,GDP P0441 - GDP Time series Q2 2026.xlsx
ZAF,2012-Q4,shared,transport_storage_and_communication,86301831997.32487,"rand, constant 2015 prices, not seasonally adjusted",QRU1007,GDP P0441 - GDP Time series Q2 2026.xlsx
ZAF,2013-Q1,shared,transport_storage_and_communication,84846759866.6966,"rand, constant 2015 prices, not seasonally adjusted",QRU1007,GDP P0441 - GDP Time series Q2 2026.xlsx
ZAF,2013-Q2,shared,transport_storage_and_communication,82779185212.01775,"rand, constant 2015 prices, not seasonally adjusted",QRU1007,GDP P0441 - GDP Time series Q2 2026.xlsx
ZAF,2013-Q3,shared,transport_storage_and_communication,87459035275.6737,"rand, constant 2015 prices, not seasonally adjusted",QRU1007,GDP P0441 - GDP Time series Q2 2026.xlsx
ZAF,2013-Q4,shared,transport_storage_and_communication,87756174223.25133,"rand, constant 2015 prices, not seasonally adjusted",QRU1007,GDP P0441 - GDP Time series Q2 2026.xlsx
ZAF,2014-Q1,shared,transport_storage_and_communication,84903924437.44247,"rand, constant 2015 prices, not seasonally adjusted",QRU1007,GDP P0441 - GDP Time series Q2 2026.xlsx
ZAF,2014-Q2,shared,transport_storage_and_communication,87102126704.33151,"rand, constant 2015 prices, not seasonally adjusted",QRU1007,GDP P0441 - GDP Time series Q2 2026.xlsx
ZAF,2014-Q3,shared,transport_storage_and_communication,89114811627.84113,"rand, constant 2015 prices, not seasonally adjusted",QRU1007,GDP P0441 - GDP Time series Q2 2026.xlsx
ZAF,2014-Q4,shared,transport_storage_and_communication,90783141609.55107,"rand, constant 2015 prices, not seasonally adjusted",QRU1007,GDP P0441 - GDP Time series Q2 2026.xlsx
ZAF,2015-Q1,shared,transport_storage_and_communication,89544119999.85391,"rand, constant 2015 prices, not seasonally adjusted",QRU1007,GDP P0441 - GDP Time series Q2 2026.xlsx
ZAF,2015-Q2,shared,transport_storage_and_communication,88203013174.21075,"rand, constant 2015 prices, not seasonally adjusted",QRU1007,GDP P0441 - GDP Time series Q2 2026.xlsx
ZAF,2015-Q3,shared,transport_storage_and_communication,91115701705.41017,"rand, constant 2015 prices, not seasonally adjusted",QRU1007,GDP P0441 - GDP Time series Q2 2026.xlsx
ZAF,2015-Q4,shared,transport_storage_and_communication,91462790689.64763,"rand, constant 2015 prices, not seasonally adjusted",QRU1007,GDP P0441 - GDP Time series Q2 2026.xlsx
ZAF,2016-Q1,shared,transport_storage_and_communication,87842437167.92189,"rand, constant 2015 prices, not seasonally adjusted",QRU1007,GDP P0441 - GDP Time series Q2 2026.xlsx
ZAF,2016-Q2,shared,transport_storage_and_communication,90505547772.9291,"rand, constant 2015 prices, not seasonally adjusted",QRU1007,GDP P0441 - GDP Time series Q2 2026.xlsx
ZAF,2016-Q3,shared,transport_storage_and_communication,92967393028.63806,"rand, constant 2015 prices, not seasonally adjusted",QRU1007,GDP P0441 - GDP Time series Q2 2026.xlsx
ZAF,2016-Q4,shared,transport_storage_and_communication,94451041162.66873,"rand, constant 2015 prices, not seasonally adjusted",QRU1007,GDP P0441 - GDP Time series Q2 2026.xlsx
ZAF,2017-Q1,shared,transport_storage_and_communication,88868189782.0276,"rand, constant 2015 prices, not seasonally adjusted",QRU1007,GDP P0441 - GDP Time series Q2 2026.xlsx
ZAF,2017-Q2,shared,transport_storage_and_communication,91458844759.62291,"rand, constant 2015 prices, not seasonally adjusted",QRU1007,GDP P0441 - GDP Time series Q2 2026.xlsx
ZAF,2017-Q3,shared,transport_storage_and_communication,93377469956.70465,"rand, constant 2015 prices, not seasonally adjusted",QRU1007,GDP P0441 - GDP Time series Q2 2026.xlsx
ZAF,2017-Q4,shared,transport_storage_and_communication,95875830871.20177,"rand, constant 2015 prices, not seasonally adjusted",QRU1007,GDP P0441 - GDP Time series Q2 2026.xlsx
ZAF,2018-Q1,shared,transport_storage_and_communication,92043242472.34962,"rand, constant 2015 prices, not seasonally adjusted",QRU1007,GDP P0441 - GDP Time series Q2 2026.xlsx
ZAF,2018-Q2,shared,transport_storage_and_communication,91042858757.82649,"rand, constant 2015 prices, not seasonally adjusted",QRU1007,GDP P0441 - GDP Time series Q2 2026.xlsx
ZAF,2018-Q3,shared,transport_storage_and_communication,100434229317.75337,"rand, constant 2015 prices, not seasonally adjusted",QRU1007,GDP P0441 - GDP Time series Q2 2026.xlsx
ZAF,2019-Q1,shared,transport_storage_and_communication,93794209820.37259,"rand, constant 2015 prices, not seasonally adjusted",QRU1007,GDP P0441 - GDP Time series Q2 2026.xlsx
ZAF,2019-Q2,shared,transport_storage_and_communication,94235045490.15802,"rand, constant 2015 prices, not seasonally adjusted",QRU1007,GDP P0441 - GDP Time series Q2 2026.xlsx
ZAF,2019-Q3,shared,transport_storage_and_communication,95162228993.08281,"rand, constant 2015 prices, not seasonally adjusted",QRU1007,GDP P0441 - GDP Time series Q2 2026.xlsx
ZAF,2019-Q4,shared,transport_storage_and_communication,95019397098.54318,"rand, constant 2015 prices, not seasonally adjusted",QRU1007,GDP P0441 - GDP Time series Q2 2026.xlsx
ZAF,2020-Q1,shared,transport_storage_and_communication,87802685264.63174,"rand, constant 2015 prices, not seasonally adjusted",QRU1007,GDP P0441 - GDP Time series Q2 2026.xlsx
ZAF,2020-Q2,shared,transport_storage_and_communication,68610417901.39048,"rand, constant 2015 prices, not seasonally adjusted",QRU1007,GDP P0441 - GDP Time series Q2 2026.xlsx
ZAF,2020-Q3,shared,transport_storage_and_communication,78739359969.82838,"rand, constant 2015 prices, not seasonally adjusted",QRU1007,GDP P0441 - GDP Time series Q2 2026.xlsx
ZAF,2020-Q4,shared,transport_storage_and_communication,84489902037.20161,"rand, constant 2015 prices, not seasonally adjusted",QRU1007,GDP P0441 - GDP Time series Q2 2026.xlsx
ZAF,2021-Q1,shared,transport_storage_and_communication,79186140933.56091,"rand, constant 2015 prices, not seasonally adjusted",QRU1007,GDP P0441 - GDP Time series Q2 2026.xlsx
ZAF,2021-Q2,shared,transport_storage_and_communication,85158975249.11377,"rand, constant 2015 prices, not seasonally adjusted",QRU1007,GDP P0441 - GDP Time series Q2 2026.xlsx
ZAF,2021-Q3,shared,transport_storage_and_communication,85115848820.85161,"rand, constant 2015 prices, not seasonally adjusted",QRU1007,GDP P0441 - GDP Time series Q2 2026.xlsx
ZAF,2021-Q4,shared,transport_storage_and_communication,89981770411.74622,"rand, constant 2015 prices, not seasonally adjusted",QRU1007,GDP P0441 - GDP Time series Q2 2026.xlsx
ZAF,2022-Q1,shared,transport_storage_and_communication,86457431143.2237,"rand, constant 2015 prices, not seasonally adjusted",QRU1007,GDP P0441 - GDP Time series Q2 2026.xlsx
ZAF,2022-Q2,shared,transport_storage_and_communication,90422064115.21509,"rand, constant 2015 prices, not seasonally adjusted",QRU1007,GDP P0441 - GDP Time series Q2 2026.xlsx
ZAF,2022-Q3,shared,transport_storage_and_communication,94430362889.97047,"rand, constant 2015 prices, not seasonally adjusted",QRU1007,GDP P0441 - GDP Time series Q2 2026.xlsx
ZAF,2022-Q4,shared,transport_storage_and_communication,96391958575.28088,"rand, constant 2015 prices, not seasonally adjusted",QRU1007,GDP P0441 - GDP Time series Q2 2026.xlsx
ZAF,2023-Q1,shared,transport_storage_and_communication,93343540455.79785,"rand, constant 2015 prices, not seasonally adjusted",QRU1007,GDP P0441 - GDP Time series Q2 2026.xlsx
ZAF,2023-Q2,shared,transport_storage_and_communication,93648486998.84648,"rand, constant 2015 prices, not seasonally adjusted",QRU1007,GDP P0441 - GDP Time series Q2 2026.xlsx
ZAF,2023-Q3,shared,transport_storage_and_communication,95877325003.82643,"rand, constant 2015 prices, not seasonally adjusted",QRU1007,GDP P0441 - GDP Time series Q2 2026.xlsx
ZAF,2023-Q4,shared,transport_storage_and_communication,100361464265.21936,"rand, constant 2015 prices, not seasonally adjusted",QRU1007,GDP P0441 - GDP Time series Q2 2026.xlsx
ZAF,2024-Q1,shared,transport_storage_and_communication,94238840314.91222,"rand, constant 2015 prices, not seasonally adjusted",QRU1007,GDP P0441 - GDP Time series Q2 2026.xlsx
ZAF,2024-Q2,shared,transport_storage_and_communication,93899388049.52103,"rand, constant 2015 prices, not seasonally adjusted",QRU1007,GDP P0441 - GDP Time series Q2 2026.xlsx
ZAF,2024-Q3,shared,transport_storage_and_communication,95274673397.3363,"rand, constant 2015 prices, not seasonally adjusted",QRU1007,GDP P0441 - GDP Time series Q2 2026.xlsx
ZAF,2024-Q4,shared,transport_storage_and_communication,95177085927.5176,"rand, constant 2015 prices, not seasonally adjusted",QRU1007,GDP P0441 - GDP Time series Q2 2026.xlsx
ZAF,2025-Q1,shared,transport_storage_and_communication,92070428944.51181,"rand, constant 2015 prices, not seasonally adjusted",QRU1007,GDP P0441 - GDP Time series Q2 2026.xlsx
ZAF,2025-Q2,shared,transport_storage_and_communication,94916898455.90399,"rand, constant 2015 prices, not seasonally adjusted",QRU1007,GDP P0441 - GDP Time series Q2 2026.xlsx
ZAF,2025-Q3,shared,transport_storage_and_communication,97174812926.4304,"rand, constant 2015 prices, not seasonally adjusted",QRU1007,GDP P0441 - GDP Time series Q2 2026.xlsx
ZAF,2025-Q4,shared,transport_storage_and_communication,97494812926.47398,"rand, constant 2015 prices, not seasonally adjusted",QRU1007,GDP P0441 - GDP Time series Q2 2026.xlsx
ZAF,2026-Q1,shared,transport_storage_and_communication,92570249660.18294,"rand, constant 2015 prices, not seasonally adjusted",QRU1007,GDP P0441 - GDP Time series Q2 2026.xlsx
ZAF,2026-Q2,shared,transport_storage_and_communication,97120249660.18294,"rand, constant 2015 prices, not seasonally adjusted",QRU1007,GDP P0441 - GDP Time series Q2 2026.xlsx
ZAF,1993-Q1,shared,finance_real_estate_and_business_services,85026712332.96304,"rand, constant 2015 prices, not seasonally adjusted",QRU1008,GDP P0441 - GDP Time series Q2 2026.xlsx
ZAF,1993-Q2,shared,finance_real_estate_and_business_services,85901960267.04019,"rand, constant 2015 prices, not seasonally adjusted",QRU1008,GDP P0441 - GDP Time series Q2 2026.xlsx
ZAF,1993-Q3,shared,finance_real_estate_and_business_services,88245256268.70186,"rand, constant 2015 prices, not seasonally adjusted",QRU1008,GDP P0441 - GDP Time series Q2 2026.xlsx
ZAF,1993-Q4,shared,finance_real_estate_and_business_services,89922675826.29468,"rand, constant 2015 prices, not seasonally adjusted",QRU1008,GDP P0441 - GDP Time series Q2 2026.xlsx
ZAF,1994-Q1,shared,finance_real_estate_and_business_services,86809146271.27306,"rand, constant 2015 prices, not seasonally adjusted",QRU1008,GDP P0441 - GDP Time series Q2 2026.xlsx
ZAF,1994-Q2,shared,finance_real_estate_and_business_services,88860631023.54115,"rand, constant 2015 prices, not seasonally adjusted",QRU1008,GDP P0441 - GDP Time series Q2 2026.xlsx
ZAF,1994-Q3,shared,finance_real_estate_and_business_services,91905610972.44762,"rand, constant 2015 prices, not seasonally adjusted",QRU1008,GDP P0441 - GDP Time series Q2 2026.xlsx
ZAF,1994-Q4,shared,finance_real_estate_and_business_services,94276074422.1663,"rand, constant 2015 prices, not seasonally adjusted",QRU1008,GDP P0441 - GDP Time series Q2 2026.xlsx
ZAF,1995-Q1,shared,finance_real_estate_and_business_services,91226535953.7133,"rand, constant 2015 prices, not seasonally adjusted",QRU1008,GDP P0441 - GDP Time series Q2 2026.xlsx
ZAF,1995-Q2,shared,finance_real_estate_and_business_services,92119972587.28542,"rand, constant 2015 prices, not seasonally adjusted",QRU1008,GDP P0441 - GDP Time series Q2 2026.xlsx
ZAF,1995-Q3,shared,finance_real_estate_and_business_services,94836796583.79362,"rand, constant 2015 prices, not seasonally adjusted",QRU1008,GDP P0441 - GDP Time series Q2 2026.xlsx
ZAF,1995-Q4,shared,finance_real_estate_and_business_services,96359348452.77255,"rand, constant 2015 prices, not seasonally adjusted",QRU1008,GDP P0441 - GDP Time series Q2 2026.xlsx
ZAF,1996-Q1,shared,finance_real_estate_and_business_services,95233362833.01996,"rand, constant 2015 prices, not seasonally adjusted",QRU1008,GDP P0441 - GDP Time series Q2 2026.xlsx
ZAF,1996-Q2,shared,finance_real_estate_and_business_services,98251451986.63828,"rand, constant 2015 prices, not seasonally adjusted",QRU1008,GDP P0441 - GDP Time series Q2 2026.xlsx
ZAF,1996-Q3,shared,finance_real_estate_and_business_services,101825091332.74652,"rand, constant 2015 prices, not seasonally adjusted",QRU1008,GDP P0441 - GDP Time series Q2 2026.xlsx
ZAF,1996-Q4,shared,finance_real_estate_and_business_services,104646855570.89873,"rand, constant 2015 prices, not seasonally adjusted",QRU1008,GDP P0441 - GDP Time series Q2 2026.xlsx
ZAF,1997-Q1,shared,finance_real_estate_and_business_services,103142585198.90352,"rand, constant 2015 prices, not seasonally adjusted",QRU1008,GDP P0441 - GDP Time series Q2 2026.xlsx
ZAF,1997-Q2,shared,finance_real_estate_and_business_services,104797444023.96071,"rand, constant 2015 prices, not seasonally adjusted",QRU1008,GDP P0441 - GDP Time series Q2 2026.xlsx
ZAF,1997-Q3,shared,finance_real_estate_and_business_services,105408125615.14969,"rand, constant 2015 prices, not seasonally adjusted",QRU1008,GDP P0441 - GDP Time series Q2 2026.xlsx
ZAF,1997-Q4,shared,finance_real_estate_and_business_services,105430918672.5631,"rand, constant 2015 prices, not seasonally adjusted",QRU1008,GDP P0441 - GDP Time series Q2 2026.xlsx
ZAF,1998-Q1,shared,finance_real_estate_and_business_services,104046481900.53963,"rand, constant 2015 prices, not seasonally adjusted",QRU1008,GDP P0441 - GDP Time series Q2 2026.xlsx
ZAF,1998-Q2,shared,finance_real_estate_and_business_services,107016960468.68251,"rand, constant 2015 prices, not seasonally adjusted",QRU1008,GDP P0441 - GDP Time series Q2 2026.xlsx
ZAF,1998-Q3,shared,finance_real_estate_and_business_services,108545654965.11588,"rand, constant 2015 prices, not seasonally adjusted",QRU1008,GDP P0441 - GDP Time series Q2 2026.xlsx
ZAF,1998-Q4,shared,finance_real_estate_and_business_services,108810505146.41432,"rand, constant 2015 prices, not seasonally adjusted",QRU1008,GDP P0441 - GDP Time series Q2 2026.xlsx
ZAF,1999-Q1,shared,finance_real_estate_and_business_services,109443805754.26355,"rand, constant 2015 prices, not seasonally adjusted",QRU1008,GDP P0441 - GDP Time series Q2 2026.xlsx
ZAF,1999-Q2,shared,finance_real_estate_and_business_services,112099004963.03241,"rand, constant 2015 prices, not seasonally adjusted",QRU1008,GDP P0441 - GDP Time series Q2 2026.xlsx
ZAF,1999-Q3,shared,finance_real_estate_and_business_services,113993192161.15416,"rand, constant 2015 prices, not seasonally adjusted",QRU1008,GDP P0441 - GDP Time series Q2 2026.xlsx
ZAF,1999-Q4,shared,finance_real_estate_and_business_services,114778224411.02376,"rand, constant 2015 prices, not seasonally adjusted",QRU1008,GDP P0441 - GDP Time series Q2 2026.xlsx
ZAF,2000-Q1,shared,finance_real_estate_and_business_services,113374878563.74182,"rand, constant 2015 prices, not seasonally adjusted",QRU1008,GDP P0441 - GDP Time series Q2 2026.xlsx
ZAF,2000-Q2,shared,finance_real_estate_and_business_services,115114243111.0663,"rand, constant 2015 prices, not seasonally adjusted",QRU1008,GDP P0441 - GDP Time series Q2 2026.xlsx
ZAF,2000-Q3,shared,finance_real_estate_and_business_services,117091844924.69484,"rand, constant 2015 prices, not seasonally adjusted",QRU1008,GDP P0441 - GDP Time series Q2 2026.xlsx
ZAF,2000-Q4,shared,finance_real_estate_and_business_services,119054286625.69827,"rand, constant 2015 prices, not seasonally adjusted",QRU1008,GDP P0441 - GDP Time series Q2 2026.xlsx
ZAF,2001-Q1,shared,finance_real_estate_and_business_services,120514757105.53754,"rand, constant 2015 prices, not seasonally adjusted",QRU1008,GDP P0441 - GDP Time series Q2 2026.xlsx
ZAF,2001-Q2,shared,finance_real_estate_and_business_services,124522732173.34439,"rand, constant 2015 prices, not seasonally adjusted",QRU1008,GDP P0441 - GDP Time series Q2 2026.xlsx
ZAF,2001-Q3,shared,finance_real_estate_and_business_services,127469575609.48729,"rand, constant 2015 prices, not seasonally adjusted",QRU1008,GDP P0441 - GDP Time series Q2 2026.xlsx
ZAF,2001-Q4,shared,finance_real_estate_and_business_services,130077427931.71677,"rand, constant 2015 prices, not seasonally adjusted",QRU1008,GDP P0441 - GDP Time series Q2 2026.xlsx
ZAF,2002-Q1,shared,finance_real_estate_and_business_services,133729036636.12605,"rand, constant 2015 prices, not seasonally adjusted",QRU1008,GDP P0441 - GDP Time series Q2 2026.xlsx
ZAF,2002-Q2,shared,finance_real_estate_and_business_services,133390029129.02957,"rand, constant 2015 prices, not seasonally adjusted",QRU1008,GDP P0441 - GDP Time series Q2 2026.xlsx
ZAF,2002-Q3,shared,finance_real_estate_and_business_services,132746896750.88081,"rand, constant 2015 prices, not seasonally adjusted",QRU1008,GDP P0441 - GDP Time series Q2 2026.xlsx
ZAF,2002-Q4,shared,finance_real_estate_and_business_services,134262473144.75768,"rand, constant 2015 prices, not seasonally adjusted",QRU1008,GDP P0441 - GDP Time series Q2 2026.xlsx
ZAF,2003-Q1,shared,finance_real_estate_and_business_services,139752725263.66025,"rand, constant 2015 prices, not seasonally adjusted",QRU1008,GDP P0441 - GDP Time series Q2 2026.xlsx
ZAF,2003-Q2,shared,finance_real_estate_and_business_services,138961479918.1812,"rand, constant 2015 prices, not seasonally adjusted",QRU1008,GDP P0441 - GDP Time series Q2 2026.xlsx
ZAF,2003-Q3,shared,finance_real_estate_and_business_services,139598073536.88345,"rand, constant 2015 prices, not seasonally adjusted",QRU1008,GDP P0441 - GDP Time series Q2 2026.xlsx
ZAF,2003-Q4,shared,finance_real_estate_and_business_services,141450206000.45126,"rand, constant 2015 prices, not seasonally adjusted",QRU1008,GDP P0441 - GDP Time series Q2 2026.xlsx
ZAF,2004-Q1,shared,finance_real_estate_and_business_services,148473259481.1013,"rand, constant 2015 prices, not seasonally adjusted",QRU1008,GDP P0441 - GDP Time series Q2 2026.xlsx
ZAF,2004-Q2,shared,finance_real_estate_and_business_services,148672267262.11722,"rand, constant 2015 prices, not seasonally adjusted",QRU1008,GDP P0441 - GDP Time series Q2 2026.xlsx
ZAF,2004-Q3,shared,finance_real_estate_and_business_services,149458964315.812,"rand, constant 2015 prices, not seasonally adjusted",QRU1008,GDP P0441 - GDP Time series Q2 2026.xlsx
ZAF,2004-Q4,shared,finance_real_estate_and_business_services,152646605276.17316,"rand, constant 2015 prices, not seasonally adjusted",QRU1008,GDP P0441 - GDP Time series Q2 2026.xlsx
ZAF,2005-Q1,shared,finance_real_estate_and_business_services,156849954794.09363,"rand, constant 2015 prices, not seasonally adjusted",QRU1008,GDP P0441 - GDP Time series Q2 2026.xlsx
ZAF,2005-Q2,shared,finance_real_estate_and_business_services,157105246898.80438,"rand, constant 2015 prices, not seasonally adjusted",QRU1008,GDP P0441 - GDP Time series Q2 2026.xlsx
ZAF,2005-Q3,shared,finance_real_estate_and_business_services,158537402044.34558,"rand, constant 2015 prices, not seasonally adjusted",QRU1008,GDP P0441 - GDP Time series Q2 2026.xlsx
ZAF,2005-Q4,shared,finance_real_estate_and_business_services,160970451616.79694,"rand, constant 2015 prices, not seasonally adjusted",QRU1008,GDP P0441 - GDP Time series Q2 2026.xlsx
ZAF,2006-Q1,shared,finance_real_estate_and_business_services,166391676880.54907,"rand, constant 2015 prices, not seasonally adjusted",QRU1008,GDP P0441 - GDP Time series Q2 2026.xlsx
ZAF,2006-Q2,shared,finance_real_estate_and_business_services,172126279400.84503,"rand, constant 2015 prices, not seasonally adjusted",QRU1008,GDP P0441 - GDP Time series Q2 2026.xlsx
ZAF,2006-Q3,shared,finance_real_estate_and_business_services,176637312661.30994,"rand, constant 2015 prices, not seasonally adjusted",QRU1008,GDP P0441 - GDP Time series Q2 2026.xlsx
ZAF,2006-Q4,shared,finance_real_estate_and_business_services,179399268857.42273,"rand, constant 2015 prices, not seasonally adjusted",QRU1008,GDP P0441 - GDP Time series Q2 2026.xlsx
ZAF,2007-Q1,shared,finance_real_estate_and_business_services,182560535589.78323,"rand, constant 2015 prices, not seasonally adjusted",QRU1008,GDP P0441 - GDP Time series Q2 2026.xlsx
ZAF,2007-Q2,shared,finance_real_estate_and_business_services,183839298715.32925,"rand, constant 2015 prices, not seasonally adjusted",QRU1008,GDP P0441 - GDP Time series Q2 2026.xlsx
ZAF,2007-Q3,shared,finance_real_estate_and_business_services,187457328207.16196,"rand, constant 2015 prices, not seasonally adjusted",QRU1008,GDP P0441 - GDP Time series Q2 2026.xlsx
ZAF,2007-Q4,shared,finance_real_estate_and_business_services,191076864345.42255,"rand, constant 2015 prices, not seasonally adjusted",QRU1008,GDP P0441 - GDP Time series Q2 2026.xlsx
ZAF,2008-Q1,shared,finance_real_estate_and_business_services,195208566660.43466,"rand, constant 2015 prices, not seasonally adjusted",QRU1008,GDP P0441 - GDP Time series Q2 2026.xlsx
ZAF,2008-Q2,shared,finance_real_estate_and_business_services,195837202971.60233,"rand, constant 2015 prices, not seasonally adjusted",QRU1008,GDP P0441 - GDP Time series Q2 2026.xlsx
ZAF,2008-Q3,shared,finance_real_estate_and_business_services,197057635521.5056,"rand, constant 2015 prices, not seasonally adjusted",QRU1008,GDP P0441 - GDP Time series Q2 2026.xlsx
ZAF,2008-Q4,shared,finance_real_estate_and_business_services,198393403038.6117,"rand, constant 2015 prices, not seasonally adjusted",QRU1008,GDP P0441 - GDP Time series Q2 2026.xlsx
ZAF,2009-Q1,shared,finance_real_estate_and_business_services,199131317810.44086,"rand, constant 2015 prices, not seasonally adjusted",QRU1008,GDP P0441 - GDP Time series Q2 2026.xlsx
ZAF,2009-Q2,shared,finance_real_estate_and_business_services,198510321116.8326,"rand, constant 2015 prices, not seasonally adjusted",QRU1008,GDP P0441 - GDP Time series Q2 2026.xlsx
ZAF,2009-Q3,shared,finance_real_estate_and_business_services,198144212845.94913,"rand, constant 2015 prices, not seasonally adjusted",QRU1008,GDP P0441 - GDP Time series Q2 2026.xlsx
ZAF,2009-Q4,shared,finance_real_estate_and_business_services,199007296297.51138,"rand, constant 2015 prices, not seasonally adjusted",QRU1008,GDP P0441 - GDP Time series Q2 2026.xlsx
ZAF,2010-Q1,shared,finance_real_estate_and_business_services,201323754081.28113,"rand, constant 2015 prices, not seasonally adjusted",QRU1008,GDP P0441 - GDP Time series Q2 2026.xlsx
ZAF,2010-Q2,shared,finance_real_estate_and_business_services,201511348478.6855,"rand, constant 2015 prices, not seasonally adjusted",QRU1008,GDP P0441 - GDP Time series Q2 2026.xlsx
ZAF,2010-Q3,shared,finance_real_estate_and_business_services,200929518063.02948,"rand, constant 2015 prices, not seasonally adjusted",QRU1008,GDP P0441 - GDP Time series Q2 2026.xlsx
ZAF,2010-Q4,shared,finance_real_estate_and_business_services,200882884473.6849,"rand, constant 2015 prices, not seasonally adjusted",QRU1008,GDP P0441 - GDP Time series Q2 2026.xlsx
ZAF,2011-Q1,shared,finance_real_estate_and_business_services,206865272255.1813,"rand, constant 2015 prices, not seasonally adjusted",QRU1008,GDP P0441 - GDP Time series Q2 2026.xlsx
ZAF,2011-Q2,shared,finance_real_estate_and_business_services,208212261186.39557,"rand, constant 2015 prices, not seasonally adjusted",QRU1008,GDP P0441 - GDP Time series Q2 2026.xlsx
ZAF,2011-Q3,shared,finance_real_estate_and_business_services,211780086542.5978,"rand, constant 2015 prices, not seasonally adjusted",QRU1008,GDP P0441 - GDP Time series Q2 2026.xlsx
ZAF,2011-Q4,shared,finance_real_estate_and_business_services,212027978332.61603,"rand, constant 2015 prices, not seasonally adjusted",QRU1008,GDP P0441 - GDP Time series Q2 2026.xlsx
ZAF,2012-Q1,shared,finance_real_estate_and_business_services,216213543300.62503,"rand, constant 2015 prices, not seasonally adjusted",QRU1008,GDP P0441 - GDP Time series Q2 2026.xlsx
ZAF,2012-Q2,shared,finance_real_estate_and_business_services,215225985696.43832,"rand, constant 2015 prices, not seasonally adjusted",QRU1008,GDP P0441 - GDP Time series Q2 2026.xlsx
ZAF,2012-Q3,shared,finance_real_estate_and_business_services,216268934684.93027,"rand, constant 2015 prices, not seasonally adjusted",QRU1008,GDP P0441 - GDP Time series Q2 2026.xlsx
ZAF,2012-Q4,shared,finance_real_estate_and_business_services,216137431155.1064,"rand, constant 2015 prices, not seasonally adjusted",QRU1008,GDP P0441 - GDP Time series Q2 2026.xlsx
ZAF,2013-Q1,shared,finance_real_estate_and_business_services,220135778588.8318,"rand, constant 2015 prices, not seasonally adjusted",QRU1008,GDP P0441 - GDP Time series Q2 2026.xlsx
ZAF,2013-Q2,shared,finance_real_estate_and_business_services,220615683300.7708,"rand, constant 2015 prices, not seasonally adjusted",QRU1008,GDP P0441 - GDP Time series Q2 2026.xlsx
ZAF,2013-Q3,shared,finance_real_estate_and_business_services,221634041545.17343,"rand, constant 2015 prices, not seasonally adjusted",QRU1008,GDP P0441 - GDP Time series Q2 2026.xlsx
ZAF,2013-Q4,shared,finance_real_estate_and_business_services,224000005605.17468,"rand, constant 2015 prices, not seasonally adjusted",QRU1008,GDP P0441 - GDP Time series Q2 2026.xlsx
ZAF,2014-Q1,shared,finance_real_estate_and_business_services,225773605990.91165,"rand, constant 2015 prices, not seasonally adjusted",QRU1008,GDP P0441 - GDP Time series Q2 2026.xlsx
ZAF,2014-Q2,shared,finance_real_estate_and_business_services,225652897169.57736,"rand, constant 2015 prices, not seasonally adjusted",QRU1008,GDP P0441 - GDP Time series Q2 2026.xlsx
ZAF,2014-Q3,shared,finance_real_estate_and_business_services,226764302931.87332,"rand, constant 2015 prices, not seasonally adjusted",QRU1008,GDP P0441 - GDP Time series Q2 2026.xlsx
ZAF,2014-Q4,shared,finance_real_estate_and_business_services,228660553766.14856,"rand, constant 2015 prices, not seasonally adjusted",QRU1008,GDP P0441 - GDP Time series Q2 2026.xlsx
ZAF,2015-Q1,shared,finance_real_estate_and_business_services,228992463838.9513,"rand, constant 2015 prices, not seasonally adjusted",QRU1008,GDP P0441 - GDP Time series Q2 2026.xlsx
ZAF,2015-Q2,shared,finance_real_estate_and_business_services,230041498770.02023,"rand, constant 2015 prices, not seasonally adjusted",QRU1008,GDP P0441 - GDP Time series Q2 2026.xlsx
ZAF,2015-Q3,shared,finance_real_estate_and_business_services,231285481853.48535,"rand, constant 2015 prices, not seasonally adjusted",QRU1008,GDP P0441 - GDP Time series Q2 2026.xlsx
ZAF,2015-Q4,shared,finance_real_estate_and_business_services,231548829004.67236,"rand, constant 2015 prices, not seasonally adjusted",QRU1008,GDP P0441 - GDP Time series Q2 2026.xlsx
ZAF,2016-Q1,shared,finance_real_estate_and_business_services,233357001263.54138,"rand, constant 2015 prices, not seasonally adjusted",QRU1008,GDP P0441 - GDP Time series Q2 2026.xlsx
ZAF,2016-Q2,shared,finance_real_estate_and_business_services,234253015484.92773,"rand, constant 2015 prices, not seasonally adjusted",QRU1008,GDP P0441 - GDP Time series Q2 2026.xlsx
ZAF,2016-Q3,shared,finance_real_estate_and_business_services,234933594487.73175,"rand, constant 2015 prices, not seasonally adjusted",QRU1008,GDP P0441 - GDP Time series Q2 2026.xlsx
ZAF,2016-Q4,shared,finance_real_estate_and_business_services,235610873876.8681,"rand, constant 2015 prices, not seasonally adjusted",QRU1008,GDP P0441 - GDP Time series Q2 2026.xlsx
ZAF,2017-Q1,shared,finance_real_estate_and_business_services,237642576142.86157,"rand, constant 2015 prices, not seasonally adjusted",QRU1008,GDP P0441 - GDP Time series Q2 2026.xlsx
ZAF,2017-Q2,shared,finance_real_estate_and_business_services,239885187281.63916,"rand, constant 2015 prices, not seasonally adjusted",QRU1008,GDP P0441 - GDP Time series Q2 2026.xlsx
ZAF,2017-Q3,shared,finance_real_estate_and_business_services,240945093884.39987,"rand, constant 2015 prices, not seasonally adjusted",QRU1008,GDP P0441 - GDP Time series Q2 2026.xlsx
ZAF,2017-Q4,shared,finance_real_estate_and_business_services,242891407894.90695,"rand, constant 2015 prices, not seasonally adjusted",QRU1008,GDP P0441 - GDP Time series Q2 2026.xlsx
ZAF,2018-Q1,shared,finance_real_estate_and_business_services,244981814382.74445,"rand, constant 2015 prices, not seasonally adjusted",QRU1008,GDP P0441 - GDP Time series Q2 2026.xlsx
ZAF,2018-Q2,shared,finance_real_estate_and_business_services,246877180570.75754,"rand, constant 2015 prices, not seasonally adjusted",QRU1008,GDP P0441 - GDP Time series Q2 2026.xlsx
ZAF,2018-Q3,shared,finance_real_estate_and_business_services,252948559596.7981,"rand, constant 2015 prices, not seasonally adjusted",QRU1008,GDP P0441 - GDP Time series Q2 2026.xlsx
ZAF,2019-Q1,shared,finance_real_estate_and_business_services,248988799155.06744,"rand, constant 2015 prices, not seasonally adjusted",QRU1008,GDP P0441 - GDP Time series Q2 2026.xlsx
ZAF,2019-Q2,shared,finance_real_estate_and_business_services,251931107313.9294,"rand, constant 2015 prices, not seasonally adjusted",QRU1008,GDP P0441 - GDP Time series Q2 2026.xlsx
ZAF,2019-Q3,shared,finance_real_estate_and_business_services,254697871038.7427,"rand, constant 2015 prices, not seasonally adjusted",QRU1008,GDP P0441 - GDP Time series Q2 2026.xlsx
ZAF,2019-Q4,shared,finance_real_estate_and_business_services,260592633363.27048,"rand, constant 2015 prices, not seasonally adjusted",QRU1008,GDP P0441 - GDP Time series Q2 2026.xlsx
ZAF,2020-Q1,shared,finance_real_estate_and_business_services,267463537409.02023,"rand, constant 2015 prices, not seasonally adjusted",QRU1008,GDP P0441 - GDP Time series Q2 2026.xlsx
ZAF,2020-Q2,shared,finance_real_estate_and_business_services,239076337674.9026,"rand, constant 2015 prices, not seasonally adjusted",QRU1008,GDP P0441 - GDP Time series Q2 2026.xlsx
ZAF,2020-Q3,shared,finance_real_estate_and_business_services,253865469388.88147,"rand, constant 2015 prices, not seasonally adjusted",QRU1008,GDP P0441 - GDP Time series Q2 2026.xlsx
ZAF,2020-Q4,shared,finance_real_estate_and_business_services,261403607657.99326,"rand, constant 2015 prices, not seasonally adjusted",QRU1008,GDP P0441 - GDP Time series Q2 2026.xlsx
ZAF,2021-Q1,shared,finance_real_estate_and_business_services,263241372374.64676,"rand, constant 2015 prices, not seasonally adjusted",QRU1008,GDP P0441 - GDP Time series Q2 2026.xlsx
ZAF,2021-Q2,shared,finance_real_estate_and_business_services,260758641230.8317,"rand, constant 2015 prices, not seasonally adjusted",QRU1008,GDP P0441 - GDP Time series Q2 2026.xlsx
ZAF,2021-Q3,shared,finance_real_estate_and_business_services,262657574060.71603,"rand, constant 2015 prices, not seasonally adjusted",QRU1008,GDP P0441 - GDP Time series Q2 2026.xlsx
ZAF,2021-Q4,shared,finance_real_estate_and_business_services,261149302628.59332,"rand, constant 2015 prices, not seasonally adjusted",QRU1008,GDP P0441 - GDP Time series Q2 2026.xlsx
ZAF,2022-Q1,shared,finance_real_estate_and_business_services,266753508230.31168,"rand, constant 2015 prices, not seasonally adjusted",QRU1008,GDP P0441 - GDP Time series Q2 2026.xlsx
ZAF,2022-Q2,shared,finance_real_estate_and_business_services,272549334882.68668,"rand, constant 2015 prices, not seasonally adjusted",QRU1008,GDP P0441 - GDP Time series Q2 2026.xlsx
ZAF,2022-Q3,shared,finance_real_estate_and_business_services,275575255084.9844,"rand, constant 2015 prices, not seasonally adjusted",QRU1008,GDP P0441 - GDP Time series Q2 2026.xlsx
ZAF,2022-Q4,shared,finance_real_estate_and_business_services,271210641174.14398,"rand, constant 2015 prices, not seasonally adjusted",QRU1008,GDP P0441 - GDP Time series Q2 2026.xlsx
ZAF,2023-Q1,shared,finance_real_estate_and_business_services,272599466239.42133,"rand, constant 2015 prices, not seasonally adjusted",QRU1008,GDP P0441 - GDP Time series Q2 2026.xlsx
ZAF,2023-Q2,shared,finance_real_estate_and_business_services,274239112282.07773,"rand, constant 2015 prices, not seasonally adjusted",QRU1008,GDP P0441 - GDP Time series Q2 2026.xlsx
ZAF,2023-Q3,shared,finance_real_estate_and_business_services,276130162580.82007,"rand, constant 2015 prices, not seasonally adjusted",QRU1008,GDP P0441 - GDP Time series Q2 2026.xlsx
ZAF,2023-Q4,shared,finance_real_estate_and_business_services,278737703230.3932,"rand, constant 2015 prices, not seasonally adjusted",QRU1008,GDP P0441 - GDP Time series Q2 2026.xlsx
ZAF,2024-Q1,shared,finance_real_estate_and_business_services,278645465154.72314,"rand, constant 2015 prices, not seasonally adjusted",QRU1008,GDP P0441 - GDP Time series Q2 2026.xlsx
ZAF,2024-Q2,shared,finance_real_estate_and_business_services,283425398199.3021,"rand, constant 2015 prices, not seasonally adjusted",QRU1008,GDP P0441 - GDP Time series Q2 2026.xlsx
ZAF,2024-Q3,shared,finance_real_estate_and_business_services,286404332652.61725,"rand, constant 2015 prices, not seasonally adjusted",QRU1008,GDP P0441 - GDP Time series Q2 2026.xlsx
ZAF,2024-Q4,shared,finance_real_estate_and_business_services,288863877433.3967,"rand, constant 2015 prices, not seasonally adjusted",QRU1008,GDP P0441 - GDP Time series Q2 2026.xlsx
ZAF,2025-Q1,shared,finance_real_estate_and_business_services,287543420504.1858,"rand, constant 2015 prices, not seasonally adjusted",QRU1008,GDP P0441 - GDP Time series Q2 2026.xlsx
ZAF,2025-Q2,shared,finance_real_estate_and_business_services,289200442566.96466,"rand, constant 2015 prices, not seasonally adjusted",QRU1008,GDP P0441 - GDP Time series Q2 2026.xlsx
ZAF,2025-Q3,shared,finance_real_estate_and_business_services,289098638797.07587,"rand, constant 2015 prices, not seasonally adjusted",QRU1008,GDP P0441 - GDP Time series Q2 2026.xlsx
ZAF,2025-Q4,shared,finance_real_estate_and_business_services,293020614248.4014,"rand, constant 2015 prices, not seasonally adjusted",QRU1008,GDP P0441 - GDP Time series Q2 2026.xlsx
ZAF,2026-Q1,shared,finance_real_estate_and_business_services,295211597266.87103,"rand, constant 2015 prices, not seasonally adjusted",QRU1008,GDP P0441 - GDP Time series Q2 2026.xlsx
ZAF,2026-Q2,shared,finance_real_estate_and_business_services,295951851490.189,"rand, constant 2015 prices, not seasonally adjusted",QRU1008,GDP P0441 - GDP Time series Q2 2026.xlsx
ZAF,1993-Q1,shared,general_government_services,56583950552.807884,"rand, constant 2015 prices, not seasonally adjusted",QRU1009,GDP P0441 - GDP Time series Q2 2026.xlsx
ZAF,1993-Q2,shared,general_government_services,56735519812.92714,"rand, constant 2015 prices, not seasonally adjusted",QRU1009,GDP P0441 - GDP Time series Q2 2026.xlsx
ZAF,1993-Q3,shared,general_government_services,56801295152.124756,"rand, constant 2015 prices, not seasonally adjusted",QRU1009,GDP P0441 - GDP Time series Q2 2026.xlsx
ZAF,1993-Q4,shared,general_government_services,56849911707.27132,"rand, constant 2015 prices, not seasonally adjusted",QRU1009,GDP P0441 - GDP Time series Q2 2026.xlsx
ZAF,1994-Q1,shared,general_government_services,57133031645.78834,"rand, constant 2015 prices, not seasonally adjusted",QRU1009,GDP P0441 - GDP Time series Q2 2026.xlsx
ZAF,1994-Q2,shared,general_government_services,57238844148.11411,"rand, constant 2015 prices, not seasonally adjusted",QRU1009,GDP P0441 - GDP Time series Q2 2026.xlsx
ZAF,1994-Q3,shared,general_government_services,57553421857.668465,"rand, constant 2015 prices, not seasonally adjusted",QRU1009,GDP P0441 - GDP Time series Q2 2026.xlsx
ZAF,1994-Q4,shared,general_government_services,57307479284.75252,"rand, constant 2015 prices, not seasonally adjusted",QRU1009,GDP P0441 - GDP Time series Q2 2026.xlsx
ZAF,1995-Q1,shared,general_government_services,57613477602.21377,"rand, constant 2015 prices, not seasonally adjusted",QRU1009,GDP P0441 - GDP Time series Q2 2026.xlsx
ZAF,1995-Q2,shared,general_government_services,57704991117.71799,"rand, constant 2015 prices, not seasonally adjusted",QRU1009,GDP P0441 - GDP Time series Q2 2026.xlsx
ZAF,1995-Q3,shared,general_government_services,57885158351.35853,"rand, constant 2015 prices, not seasonally adjusted",QRU1009,GDP P0441 - GDP Time series Q2 2026.xlsx
ZAF,1995-Q4,shared,general_government_services,57959513082.66687,"rand, constant 2015 prices, not seasonally adjusted",QRU1009,GDP P0441 - GDP Time series Q2 2026.xlsx
ZAF,1996-Q1,shared,general_government_services,58711639788.17466,"rand, constant 2015 prices, not seasonally adjusted",QRU1009,GDP P0441 - GDP Time series Q2 2026.xlsx
ZAF,1996-Q2,shared,general_government_services,58783134722.18935,"rand, constant 2015 prices, not seasonally adjusted",QRU1009,GDP P0441 - GDP Time series Q2 2026.xlsx
ZAF,1996-Q3,shared,general_government_services,58994759726.85604,"rand, constant 2015 prices, not seasonally adjusted",QRU1009,GDP P0441 - GDP Time series Q2 2026.xlsx
ZAF,1996-Q4,shared,general_government_services,59137749594.79857,"rand, constant 2015 prices, not seasonally adjusted",QRU1009,GDP P0441 - GDP Time series Q2 2026.xlsx
ZAF,1997-Q1,shared,general_government_services,59226403312.92452,"rand, constant 2015 prices, not seasonally adjusted",QRU1009,GDP P0441 - GDP Time series Q2 2026.xlsx
ZAF,1997-Q2,shared,general_government_services,59246421894.407745,"rand, constant 2015 prices, not seasonally adjusted",QRU1009,GDP P0441 - GDP Time series Q2 2026.xlsx
ZAF,1997-Q3,shared,general_government_services,59463766493.727936,"rand, constant 2015 prices, not seasonally adjusted",QRU1009,GDP P0441 - GDP Time series Q2 2026.xlsx
ZAF,1997-Q4,shared,general_government_services,59549560414.49369,"rand, constant 2015 prices, not seasonally adjusted",QRU1009,GDP P0441 - GDP Time series Q2 2026.xlsx
ZAF,1998-Q1,shared,general_government_services,58875119140.06152,"rand, constant 2015 prices, not seasonally adjusted",QRU1009,GDP P0441 - GDP Time series Q2 2026.xlsx
ZAF,1998-Q2,shared,general_government_services,58935976469.3783,"rand, constant 2015 prices, not seasonally adjusted",QRU1009,GDP P0441 - GDP Time series Q2 2026.xlsx
ZAF,1998-Q3,shared,general_government_services,58927282565.21657,"rand, constant 2015 prices, not seasonally adjusted",QRU1009,GDP P0441 - GDP Time series Q2 2026.xlsx
ZAF,1998-Q4,shared,general_government_services,58970752086.13044,"rand, constant 2015 prices, not seasonally adjusted",QRU1009,GDP P0441 - GDP Time series Q2 2026.xlsx
ZAF,1999-Q1,shared,general_government_services,58405648314.12571,"rand, constant 2015 prices, not seasonally adjusted",QRU1009,GDP P0441 - GDP Time series Q2 2026.xlsx
ZAF,1999-Q2,shared,general_government_services,58503020040.9601,"rand, constant 2015 prices, not seasonally adjusted",QRU1009,GDP P0441 - GDP Time series Q2 2026.xlsx
ZAF,1999-Q3,shared,general_government_services,58469983205.07075,"rand, constant 2015 prices, not seasonally adjusted",QRU1009,GDP P0441 - GDP Time series Q2 2026.xlsx
ZAF,1999-Q4,shared,general_government_services,58318709272.245255,"rand, constant 2015 prices, not seasonally adjusted",QRU1009,GDP P0441 - GDP Time series Q2 2026.xlsx
ZAF,2000-Q1,shared,general_government_services,57870103816.311485,"rand, constant 2015 prices, not seasonally adjusted",QRU1009,GDP P0441 - GDP Time series Q2 2026.xlsx
ZAF,2000-Q2,shared,general_government_services,57953565296.49908,"rand, constant 2015 prices, not seasonally adjusted",QRU1009,GDP P0441 - GDP Time series Q2 2026.xlsx
ZAF,2000-Q3,shared,general_government_services,57929222364.76759,"rand, constant 2015 prices, not seasonally adjusted",QRU1009,GDP P0441 - GDP Time series Q2 2026.xlsx
ZAF,2000-Q4,shared,general_government_services,57779687212.78452,"rand, constant 2015 prices, not seasonally adjusted",QRU1009,GDP P0441 - GDP Time series Q2 2026.xlsx
ZAF,2001-Q1,shared,general_government_services,57518870087.26112,"rand, constant 2015 prices, not seasonally adjusted",QRU1009,GDP P0441 - GDP Time series Q2 2026.xlsx
ZAF,2001-Q2,shared,general_government_services,57442363730.385506,"rand, constant 2015 prices, not seasonally adjusted",QRU1009,GDP P0441 - GDP Time series Q2 2026.xlsx
ZAF,2001-Q3,shared,general_government_services,57240665153.34045,"rand, constant 2015 prices, not seasonally adjusted",QRU1009,GDP P0441 - GDP Time series Q2 2026.xlsx
ZAF,2001-Q4,shared,general_government_services,57167636358.17338,"rand, constant 2015 prices, not seasonally adjusted",QRU1009,GDP P0441 - GDP Time series Q2 2026.xlsx
ZAF,2002-Q1,shared,general_government_services,57047100522.33558,"rand, constant 2015 prices, not seasonally adjusted",QRU1009,GDP P0441 - GDP Time series Q2 2026.xlsx
ZAF,2002-Q2,shared,general_government_services,57717474136.997025,"rand, constant 2015 prices, not seasonally adjusted",QRU1009,GDP P0441 - GDP Time series Q2 2026.xlsx
ZAF,2002-Q3,shared,general_government_services,58028459730.79443,"rand, constant 2015 prices, not seasonally adjusted",QRU1009,GDP P0441 - GDP Time series Q2 2026.xlsx
ZAF,2002-Q4,shared,general_government_services,58219649317.63326,"rand, constant 2015 prices, not seasonally adjusted",QRU1009,GDP P0441 - GDP Time series Q2 2026.xlsx
ZAF,2003-Q1,shared,general_government_services,58402368479.74279,"rand, constant 2015 prices, not seasonally adjusted",QRU1009,GDP P0441 - GDP Time series Q2 2026.xlsx
ZAF,2003-Q2,shared,general_government_services,59259091438.529335,"rand, constant 2015 prices, not seasonally adjusted",QRU1009,GDP P0441 - GDP Time series Q2 2026.xlsx
ZAF,2003-Q3,shared,general_government_services,59693503221.37159,"rand, constant 2015 prices, not seasonally adjusted",QRU1009,GDP P0441 - GDP Time series Q2 2026.xlsx
ZAF,2003-Q4,shared,general_government_services,60050471120.88022,"rand, constant 2015 prices, not seasonally adjusted",QRU1009,GDP P0441 - GDP Time series Q2 2026.xlsx
ZAF,2004-Q1,shared,general_government_services,59406718841.07666,"rand, constant 2015 prices, not seasonally adjusted",QRU1009,GDP P0441 - GDP Time series Q2 2026.xlsx
ZAF,2004-Q2,shared,general_government_services,60319104590.98393,"rand, constant 2015 prices, not seasonally adjusted",QRU1009,GDP P0441 - GDP Time series Q2 2026.xlsx
ZAF,2004-Q3,shared,general_government_services,60709954189.38735,"rand, constant 2015 prices, not seasonally adjusted",QRU1009,GDP P0441 - GDP Time series Q2 2026.xlsx
ZAF,2004-Q4,shared,general_government_services,61512224417.81427,"rand, constant 2015 prices, not seasonally adjusted",QRU1009,GDP P0441 - GDP Time series Q2 2026.xlsx
ZAF,2005-Q1,shared,general_government_services,62804200916.4543,"rand, constant 2015 prices, not seasonally adjusted",QRU1009,GDP P0441 - GDP Time series Q2 2026.xlsx
ZAF,2005-Q2,shared,general_government_services,62822526576.42794,"rand, constant 2015 prices, not seasonally adjusted",QRU1009,GDP P0441 - GDP Time series Q2 2026.xlsx
ZAF,2005-Q3,shared,general_government_services,63257263353.0309,"rand, constant 2015 prices, not seasonally adjusted",QRU1009,GDP P0441 - GDP Time series Q2 2026.xlsx
ZAF,2005-Q4,shared,general_government_services,63487231846.651146,"rand, constant 2015 prices, not seasonally adjusted",QRU1009,GDP P0441 - GDP Time series Q2 2026.xlsx
ZAF,2006-Q1,shared,general_government_services,64429834025.83458,"rand, constant 2015 prices, not seasonally adjusted",QRU1009,GDP P0441 - GDP Time series Q2 2026.xlsx
ZAF,2006-Q2,shared,general_government_services,63917048667.15522,"rand, constant 2015 prices, not seasonally adjusted",QRU1009,GDP P0441 - GDP Time series Q2 2026.xlsx
ZAF,2006-Q3,shared,general_government_services,64117719001.10897,"rand, constant 2015 prices, not seasonally adjusted",QRU1009,GDP P0441 - GDP Time series Q2 2026.xlsx
ZAF,2006-Q4,shared,general_government_services,64952437776.24162,"rand, constant 2015 prices, not seasonally adjusted",QRU1009,GDP P0441 - GDP Time series Q2 2026.xlsx
ZAF,2007-Q1,shared,general_government_services,66191233478.74946,"rand, constant 2015 prices, not seasonally adjusted",QRU1009,GDP P0441 - GDP Time series Q2 2026.xlsx
ZAF,2007-Q2,shared,general_government_services,66096613911.11299,"rand, constant 2015 prices, not seasonally adjusted",QRU1009,GDP P0441 - GDP Time series Q2 2026.xlsx
ZAF,2007-Q3,shared,general_government_services,66790320183.070915,"rand, constant 2015 prices, not seasonally adjusted",QRU1009,GDP P0441 - GDP Time series Q2 2026.xlsx
ZAF,2007-Q4,shared,general_government_services,67599382482.07397,"rand, constant 2015 prices, not seasonally adjusted",QRU1009,GDP P0441 - GDP Time series Q2 2026.xlsx
ZAF,2008-Q1,shared,general_government_services,68548501376.3227,"rand, constant 2015 prices, not seasonally adjusted",QRU1009,GDP P0441 - GDP Time series Q2 2026.xlsx
ZAF,2008-Q2,shared,general_government_services,69336561469.63902,"rand, constant 2015 prices, not seasonally adjusted",QRU1009,GDP P0441 - GDP Time series Q2 2026.xlsx
ZAF,2008-Q3,shared,general_government_services,70452916646.08032,"rand, constant 2015 prices, not seasonally adjusted",QRU1009,GDP P0441 - GDP Time series Q2 2026.xlsx
ZAF,2008-Q4,shared,general_government_services,71181254355.63832,"rand, constant 2015 prices, not seasonally adjusted",QRU1009,GDP P0441 - GDP Time series Q2 2026.xlsx
ZAF,2009-Q1,shared,general_government_services,71665121272.77496,"rand, constant 2015 prices, not seasonally adjusted",QRU1009,GDP P0441 - GDP Time series Q2 2026.xlsx
ZAF,2009-Q2,shared,general_government_services,72239887668.74654,"rand, constant 2015 prices, not seasonally adjusted",QRU1009,GDP P0441 - GDP Time series Q2 2026.xlsx
ZAF,2009-Q3,shared,general_government_services,72074677101.22365,"rand, constant 2015 prices, not seasonally adjusted",QRU1009,GDP P0441 - GDP Time series Q2 2026.xlsx
ZAF,2009-Q4,shared,general_government_services,72346195840.1387,"rand, constant 2015 prices, not seasonally adjusted",QRU1009,GDP P0441 - GDP Time series Q2 2026.xlsx
ZAF,2010-Q1,shared,general_government_services,72059394633.64716,"rand, constant 2015 prices, not seasonally adjusted",QRU1009,GDP P0441 - GDP Time series Q2 2026.xlsx
ZAF,2010-Q2,shared,general_government_services,73021810781.74902,"rand, constant 2015 prices, not seasonally adjusted",QRU1009,GDP P0441 - GDP Time series Q2 2026.xlsx
ZAF,2010-Q3,shared,general_government_services,73527241242.87843,"rand, constant 2015 prices, not seasonally adjusted",QRU1009,GDP P0441 - GDP Time series Q2 2026.xlsx
ZAF,2010-Q4,shared,general_government_services,74438372909.28918,"rand, constant 2015 prices, not seasonally adjusted",QRU1009,GDP P0441 - GDP Time series Q2 2026.xlsx
ZAF,2011-Q1,shared,general_government_services,75160732537.19234,"rand, constant 2015 prices, not seasonally adjusted",QRU1009,GDP P0441 - GDP Time series Q2 2026.xlsx
ZAF,2011-Q2,shared,general_government_services,76310864593.03598,"rand, constant 2015 prices, not seasonally adjusted",QRU1009,GDP P0441 - GDP Time series Q2 2026.xlsx
ZAF,2011-Q3,shared,general_government_services,76982258295.52098,"rand, constant 2015 prices, not seasonally adjusted",QRU1009,GDP P0441 - GDP Time series Q2 2026.xlsx
ZAF,2011-Q4,shared,general_government_services,77141476619.19386,"rand, constant 2015 prices, not seasonally adjusted",QRU1009,GDP P0441 - GDP Time series Q2 2026.xlsx
ZAF,2012-Q1,shared,general_government_services,77204412397.0732,"rand, constant 2015 prices, not seasonally adjusted",QRU1009,GDP P0441 - GDP Time series Q2 2026.xlsx
ZAF,2012-Q2,shared,general_government_services,78153049750.3678,"rand, constant 2015 prices, not seasonally adjusted",QRU1009,GDP P0441 - GDP Time series Q2 2026.xlsx
ZAF,2012-Q3,shared,general_government_services,78953023641.01988,"rand, constant 2015 prices, not seasonally adjusted",QRU1009,GDP P0441 - GDP Time series Q2 2026.xlsx
ZAF,2012-Q4,shared,general_government_services,79563335409.34105,"rand, constant 2015 prices, not seasonally adjusted",QRU1009,GDP P0441 - GDP Time series Q2 2026.xlsx
ZAF,2013-Q1,shared,general_government_services,80113040215.27711,"rand, constant 2015 prices, not seasonally adjusted",QRU1009,GDP P0441 - GDP Time series Q2 2026.xlsx
ZAF,2013-Q2,shared,general_government_services,81178312360.46877,"rand, constant 2015 prices, not seasonally adjusted",QRU1009,GDP P0441 - GDP Time series Q2 2026.xlsx
ZAF,2013-Q3,shared,general_government_services,82071543752.91365,"rand, constant 2015 prices, not seasonally adjusted",QRU1009,GDP P0441 - GDP Time series Q2 2026.xlsx
ZAF,2013-Q4,shared,general_government_services,82756893374.7343,"rand, constant 2015 prices, not seasonally adjusted",QRU1009,GDP P0441 - GDP Time series Q2 2026.xlsx
ZAF,2014-Q1,shared,general_government_services,83381966944.02628,"rand, constant 2015 prices, not seasonally adjusted",QRU1009,GDP P0441 - GDP Time series Q2 2026.xlsx
ZAF,2014-Q2,shared,general_government_services,83784337861.1378,"rand, constant 2015 prices, not seasonally adjusted",QRU1009,GDP P0441 - GDP Time series Q2 2026.xlsx
ZAF,2014-Q3,shared,general_government_services,84099317608.54712,"rand, constant 2015 prices, not seasonally adjusted",QRU1009,GDP P0441 - GDP Time series Q2 2026.xlsx
ZAF,2014-Q4,shared,general_government_services,84917608892.67747,"rand, constant 2015 prices, not seasonally adjusted",QRU1009,GDP P0441 - GDP Time series Q2 2026.xlsx
ZAF,2015-Q1,shared,general_government_services,84669967660.31511,"rand, constant 2015 prices, not seasonally adjusted",QRU1009,GDP P0441 - GDP Time series Q2 2026.xlsx
ZAF,2015-Q2,shared,general_government_services,85782663989.68616,"rand, constant 2015 prices, not seasonally adjusted",QRU1009,GDP P0441 - GDP Time series Q2 2026.xlsx
ZAF,2015-Q3,shared,general_government_services,86684188292.82358,"rand, constant 2015 prices, not seasonally adjusted",QRU1009,GDP P0441 - GDP Time series Q2 2026.xlsx
ZAF,2015-Q4,shared,general_government_services,87402958173.72519,"rand, constant 2015 prices, not seasonally adjusted",QRU1009,GDP P0441 - GDP Time series Q2 2026.xlsx
ZAF,2016-Q1,shared,general_government_services,87332904543.43456,"rand, constant 2015 prices, not seasonally adjusted",QRU1009,GDP P0441 - GDP Time series Q2 2026.xlsx
ZAF,2016-Q2,shared,general_government_services,87625139548.89297,"rand, constant 2015 prices, not seasonally adjusted",QRU1009,GDP P0441 - GDP Time series Q2 2026.xlsx
ZAF,2016-Q3,shared,general_government_services,87892262361.27254,"rand, constant 2015 prices, not seasonally adjusted",QRU1009,GDP P0441 - GDP Time series Q2 2026.xlsx
ZAF,2016-Q4,shared,general_government_services,88314684877.5509,"rand, constant 2015 prices, not seasonally adjusted",QRU1009,GDP P0441 - GDP Time series Q2 2026.xlsx
ZAF,2017-Q1,shared,general_government_services,88504003683.22751,"rand, constant 2015 prices, not seasonally adjusted",QRU1009,GDP P0441 - GDP Time series Q2 2026.xlsx
ZAF,2017-Q2,shared,general_government_services,88698794911.79105,"rand, constant 2015 prices, not seasonally adjusted",QRU1009,GDP P0441 - GDP Time series Q2 2026.xlsx
ZAF,2017-Q3,shared,general_government_services,89108295344.8623,"rand, constant 2015 prices, not seasonally adjusted",QRU1009,GDP P0441 - GDP Time series Q2 2026.xlsx
ZAF,2017-Q4,shared,general_government_services,89775020917.75296,"rand, constant 2015 prices, not seasonally adjusted",QRU1009,GDP P0441 - GDP Time series Q2 2026.xlsx
ZAF,2018-Q1,shared,general_government_services,90479748183.68837,"rand, constant 2015 prices, not seasonally adjusted",QRU1009,GDP P0441 - GDP Time series Q2 2026.xlsx
ZAF,2018-Q2,shared,general_government_services,90664793725.0176,"rand, constant 2015 prices, not seasonally adjusted",QRU1009,GDP P0441 - GDP Time series Q2 2026.xlsx
ZAF,2018-Q3,shared,general_government_services,90895627162.26367,"rand, constant 2015 prices, not seasonally adjusted",QRU1009,GDP P0441 - GDP Time series Q2 2026.xlsx
ZAF,2019-Q1,shared,general_government_services,91001683595.99913,"rand, constant 2015 prices, not seasonally adjusted",QRU1009,GDP P0441 - GDP Time series Q2 2026.xlsx
ZAF,2019-Q2,shared,general_government_services,91801212052.98076,"rand, constant 2015 prices, not seasonally adjusted",QRU1009,GDP P0441 - GDP Time series Q2 2026.xlsx
ZAF,2019-Q3,shared,general_government_services,92233791026.07709,"rand, constant 2015 prices, not seasonally adjusted",QRU1009,GDP P0441 - GDP Time series Q2 2026.xlsx
ZAF,2019-Q4,shared,general_government_services,92478730913.46355,"rand, constant 2015 prices, not seasonally adjusted",QRU1009,GDP P0441 - GDP Time series Q2 2026.xlsx
ZAF,2020-Q1,shared,general_government_services,92876470027.90121,"rand, constant 2015 prices, not seasonally adjusted",QRU1009,GDP P0441 - GDP Time series Q2 2026.xlsx
ZAF,2020-Q2,shared,general_government_services,92768548234.33566,"rand, constant 2015 prices, not seasonally adjusted",QRU1009,GDP P0441 - GDP Time series Q2 2026.xlsx
ZAF,2020-Q3,shared,general_government_services,92784920660.28188,"rand, constant 2015 prices, not seasonally adjusted",QRU1009,GDP P0441 - GDP Time series Q2 2026.xlsx
ZAF,2020-Q4,shared,general_government_services,92933884180.48749,"rand, constant 2015 prices, not seasonally adjusted",QRU1009,GDP P0441 - GDP Time series Q2 2026.xlsx
ZAF,2021-Q1,shared,general_government_services,92474569656.15637,"rand, constant 2015 prices, not seasonally adjusted",QRU1009,GDP P0441 - GDP Time series Q2 2026.xlsx
ZAF,2021-Q2,shared,general_government_services,92050441882.87672,"rand, constant 2015 prices, not seasonally adjusted",QRU1009,GDP P0441 - GDP Time series Q2 2026.xlsx
ZAF,2021-Q3,shared,general_government_services,92094601778.42232,"rand, constant 2015 prices, not seasonally adjusted",QRU1009,GDP P0441 - GDP Time series Q2 2026.xlsx
ZAF,2021-Q4,shared,general_government_services,91611094124.3808,"rand, constant 2015 prices, not seasonally adjusted",QRU1009,GDP P0441 - GDP Time series Q2 2026.xlsx
ZAF,2022-Q1,shared,general_government_services,93119441743.41931,"rand, constant 2015 prices, not seasonally adjusted",QRU1009,GDP P0441 - GDP Time series Q2 2026.xlsx
ZAF,2022-Q2,shared,general_government_services,91657117800.66068,"rand, constant 2015 prices, not seasonally adjusted",QRU1009,GDP P0441 - GDP Time series Q2 2026.xlsx
ZAF,2022-Q3,shared,general_government_services,92068846901.00983,"rand, constant 2015 prices, not seasonally adjusted",QRU1009,GDP P0441 - GDP Time series Q2 2026.xlsx
ZAF,2022-Q4,shared,general_government_services,91579192553.24521,"rand, constant 2015 prices, not seasonally adjusted",QRU1009,GDP P0441 - GDP Time series Q2 2026.xlsx
ZAF,2023-Q1,shared,general_government_services,92359827739.72244,"rand, constant 2015 prices, not seasonally adjusted",QRU1009,GDP P0441 - GDP Time series Q2 2026.xlsx
ZAF,2023-Q2,shared,general_government_services,92654419820.25156,"rand, constant 2015 prices, not seasonally adjusted",QRU1009,GDP P0441 - GDP Time series Q2 2026.xlsx
ZAF,2023-Q3,shared,general_government_services,93208608298.81657,"rand, constant 2015 prices, not seasonally adjusted",QRU1009,GDP P0441 - GDP Time series Q2 2026.xlsx
ZAF,2023-Q4,shared,general_government_services,92605671530.04588,"rand, constant 2015 prices, not seasonally adjusted",QRU1009,GDP P0441 - GDP Time series Q2 2026.xlsx
ZAF,2024-Q1,shared,general_government_services,92957035469.06836,"rand, constant 2015 prices, not seasonally adjusted",QRU1009,GDP P0441 - GDP Time series Q2 2026.xlsx
ZAF,2024-Q2,shared,general_government_services,93769105738.3237,"rand, constant 2015 prices, not seasonally adjusted",QRU1009,GDP P0441 - GDP Time series Q2 2026.xlsx
ZAF,2024-Q3,shared,general_government_services,93087505763.9451,"rand, constant 2015 prices, not seasonally adjusted",QRU1009,GDP P0441 - GDP Time series Q2 2026.xlsx
ZAF,2024-Q4,shared,general_government_services,92186578293.10674,"rand, constant 2015 prices, not seasonally adjusted",QRU1009,GDP P0441 - GDP Time series Q2 2026.xlsx
ZAF,2025-Q1,shared,general_government_services,92037493776.45403,"rand, constant 2015 prices, not seasonally adjusted",QRU1009,GDP P0441 - GDP Time series Q2 2026.xlsx
ZAF,2025-Q2,shared,general_government_services,93590683272.00394,"rand, constant 2015 prices, not seasonally adjusted",QRU1009,GDP P0441 - GDP Time series Q2 2026.xlsx
ZAF,2025-Q3,shared,general_government_services,93949538610.77876,"rand, constant 2015 prices, not seasonally adjusted",QRU1009,GDP P0441 - GDP Time series Q2 2026.xlsx
ZAF,2025-Q4,shared,general_government_services,94037615331.7631,"rand, constant 2015 prices, not seasonally adjusted",QRU1009,GDP P0441 - GDP Time series Q2 2026.xlsx
ZAF,2026-Q1,shared,general_government_services,94121924146.93564,"rand, constant 2015 prices, not seasonally adjusted",QRU1009,GDP P0441 - GDP Time series Q2 2026.xlsx
ZAF,2026-Q2,shared,general_government_services,95674833865.43167,"rand, constant 2015 prices, not seasonally adjusted",QRU1009,GDP P0441 - GDP Time series Q2 2026.xlsx
ZAF,1993-Q1,shared,personal_services,82562543625.4874,"rand, constant 2015 prices, not seasonally adjusted",QRU1010,GDP P0441 - GDP Time series Q2 2026.xlsx
ZAF,1993-Q2,shared,personal_services,83386078350.133,"rand, constant 2015 prices, not seasonally adjusted",QRU1010,GDP P0441 - GDP Time series Q2 2026.xlsx
ZAF,1993-Q3,shared,personal_services,85256043552.28902,"rand, constant 2015 prices, not seasonally adjusted",QRU1010,GDP P0441 - GDP Time series Q2 2026.xlsx
ZAF,1993-Q4,shared,personal_services,85193222474.36794,"rand, constant 2015 prices, not seasonally adjusted",QRU1010,GDP P0441 - GDP Time series Q2 2026.xlsx
ZAF,1994-Q1,shared,personal_services,84734885719.60129,"rand, constant 2015 prices, not seasonally adjusted",QRU1010,GDP P0441 - GDP Time series Q2 2026.xlsx
ZAF,1994-Q2,shared,personal_services,87266832171.75873,"rand, constant 2015 prices, not seasonally adjusted",QRU1010,GDP P0441 - GDP Time series Q2 2026.xlsx
ZAF,1994-Q3,shared,personal_services,89670909748.38068,"rand, constant 2015 prices, not seasonally adjusted",QRU1010,GDP P0441 - GDP Time series Q2 2026.xlsx
ZAF,1994-Q4,shared,personal_services,91111005769.8753,"rand, constant 2015 prices, not seasonally adjusted",QRU1010,GDP P0441 - GDP Time series Q2 2026.xlsx
ZAF,1995-Q1,shared,personal_services,90344340351.29698,"rand, constant 2015 prices, not seasonally adjusted",QRU1010,GDP P0441 - GDP Time series Q2 2026.xlsx
ZAF,1995-Q2,shared,personal_services,92900978905.81319,"rand, constant 2015 prices, not seasonally adjusted",QRU1010,GDP P0441 - GDP Time series Q2 2026.xlsx
ZAF,1995-Q3,shared,personal_services,94553490736.71321,"rand, constant 2015 prices, not seasonally adjusted",QRU1010,GDP P0441 - GDP Time series Q2 2026.xlsx
ZAF,1995-Q4,shared,personal_services,94448061013.21996,"rand, constant 2015 prices, not seasonally adjusted",QRU1010,GDP P0441 - GDP Time series Q2 2026.xlsx
ZAF,1996-Q1,shared,personal_services,95558379558.39111,"rand, constant 2015 prices, not seasonally adjusted",QRU1010,GDP P0441 - GDP Time series Q2 2026.xlsx
ZAF,1996-Q2,shared,personal_services,95179957190.8337,"rand, constant 2015 prices, not seasonally adjusted",QRU1010,GDP P0441 - GDP Time series Q2 2026.xlsx
ZAF,1996-Q3,shared,personal_services,95678364622.04202,"rand, constant 2015 prices, not seasonally adjusted",QRU1010,GDP P0441 - GDP Time series Q2 2026.xlsx
ZAF,1996-Q4,shared,personal_services,95725237548.88608,"rand, constant 2015 prices, not seasonally adjusted",QRU1010,GDP P0441 - GDP Time series Q2 2026.xlsx
ZAF,1997-Q1,shared,personal_services,94682515718.88835,"rand, constant 2015 prices, not seasonally adjusted",QRU1010,GDP P0441 - GDP Time series Q2 2026.xlsx
ZAF,1997-Q2,shared,personal_services,95756835917.41394,"rand, constant 2015 prices, not seasonally adjusted",QRU1010,GDP P0441 - GDP Time series Q2 2026.xlsx
ZAF,1997-Q3,shared,personal_services,96539928414.01242,"rand, constant 2015 prices, not seasonally adjusted",QRU1010,GDP P0441 - GDP Time series Q2 2026.xlsx
ZAF,1997-Q4,shared,personal_services,95037630562.95126,"rand, constant 2015 prices, not seasonally adjusted",QRU1010,GDP P0441 - GDP Time series Q2 2026.xlsx
ZAF,1998-Q1,shared,personal_services,97714674626.17227,"rand, constant 2015 prices, not seasonally adjusted",QRU1010,GDP P0441 - GDP Time series Q2 2026.xlsx
ZAF,1998-Q2,shared,personal_services,100561061313.38446,"rand, constant 2015 prices, not seasonally adjusted",QRU1010,GDP P0441 - GDP Time series Q2 2026.xlsx
ZAF,1998-Q3,shared,personal_services,103608489170.28758,"rand, constant 2015 prices, not seasonally adjusted",QRU1010,GDP P0441 - GDP Time series Q2 2026.xlsx
ZAF,1998-Q4,shared,personal_services,103860598786.2733,"rand, constant 2015 prices, not seasonally adjusted",QRU1010,GDP P0441 - GDP Time series Q2 2026.xlsx
ZAF,1999-Q1,shared,personal_services,103331113957.99074,"rand, constant 2015 prices, not seasonally adjusted",QRU1010,GDP P0441 - GDP Time series Q2 2026.xlsx
ZAF,1999-Q2,shared,personal_services,104653348277.26364,"rand, constant 2015 prices, not seasonally adjusted",QRU1010,GDP P0441 - GDP Time series Q2 2026.xlsx
ZAF,1999-Q3,shared,personal_services,106925490106.29251,"rand, constant 2015 prices, not seasonally adjusted",QRU1010,GDP P0441 - GDP Time series Q2 2026.xlsx
ZAF,1999-Q4,shared,personal_services,106533690227.16278,"rand, constant 2015 prices, not seasonally adjusted",QRU1010,GDP P0441 - GDP Time series Q2 2026.xlsx
ZAF,2000-Q1,shared,personal_services,107323416365.74802,"rand, constant 2015 prices, not seasonally adjusted",QRU1010,GDP P0441 - GDP Time series Q2 2026.xlsx
ZAF,2000-Q2,shared,personal_services,109265736890.22507,"rand, constant 2015 prices, not seasonally adjusted",QRU1010,GDP P0441 - GDP Time series Q2 2026.xlsx
ZAF,2000-Q3,shared,personal_services,112649340903.1246,"rand, constant 2015 prices, not seasonally adjusted",QRU1010,GDP P0441 - GDP Time series Q2 2026.xlsx
ZAF,2000-Q4,shared,personal_services,112510444105.62953,"rand, constant 2015 prices, not seasonally adjusted",QRU1010,GDP P0441 - GDP Time series Q2 2026.xlsx
ZAF,2001-Q1,shared,personal_services,111651891949.5047,"rand, constant 2015 prices, not seasonally adjusted",QRU1010,GDP P0441 - GDP Time series Q2 2026.xlsx
ZAF,2001-Q2,shared,personal_services,112193208892.90213,"rand, constant 2015 prices, not seasonally adjusted",QRU1010,GDP P0441 - GDP Time series Q2 2026.xlsx
ZAF,2001-Q3,shared,personal_services,114391129521.90244,"rand, constant 2015 prices, not seasonally adjusted",QRU1010,GDP P0441 - GDP Time series Q2 2026.xlsx
ZAF,2001-Q4,shared,personal_services,113444403043.12233,"rand, constant 2015 prices, not seasonally adjusted",QRU1010,GDP P0441 - GDP Time series Q2 2026.xlsx
ZAF,2002-Q1,shared,personal_services,113020256864.03452,"rand, constant 2015 prices, not seasonally adjusted",QRU1010,GDP P0441 - GDP Time series Q2 2026.xlsx
ZAF,2002-Q2,shared,personal_services,114406354646.3401,"rand, constant 2015 prices, not seasonally adjusted",QRU1010,GDP P0441 - GDP Time series Q2 2026.xlsx
ZAF,2002-Q3,shared,personal_services,117573216601.56685,"rand, constant 2015 prices, not seasonally adjusted",QRU1010,GDP P0441 - GDP Time series Q2 2026.xlsx
ZAF,2002-Q4,shared,personal_services,117809098592.26405,"rand, constant 2015 prices, not seasonally adjusted",QRU1010,GDP P0441 - GDP Time series Q2 2026.xlsx
ZAF,2003-Q1,shared,personal_services,118767365296.98128,"rand, constant 2015 prices, not seasonally adjusted",QRU1010,GDP P0441 - GDP Time series Q2 2026.xlsx
ZAF,2003-Q2,shared,personal_services,121532109973.27748,"rand, constant 2015 prices, not seasonally adjusted",QRU1010,GDP P0441 - GDP Time series Q2 2026.xlsx
ZAF,2003-Q3,shared,personal_services,125224268990.64505,"rand, constant 2015 prices, not seasonally adjusted",QRU1010,GDP P0441 - GDP Time series Q2 2026.xlsx
ZAF,2003-Q4,shared,personal_services,123007806983.48709,"rand, constant 2015 prices, not seasonally adjusted",QRU1010,GDP P0441 - GDP Time series Q2 2026.xlsx
ZAF,2004-Q1,shared,personal_services,121156477911.3759,"rand, constant 2015 prices, not seasonally adjusted",QRU1010,GDP P0441 - GDP Time series Q2 2026.xlsx
ZAF,2004-Q2,shared,personal_services,123622583511.76755,"rand, constant 2015 prices, not seasonally adjusted",QRU1010,GDP P0441 - GDP Time series Q2 2026.xlsx
ZAF,2004-Q3,shared,personal_services,126274172038.4343,"rand, constant 2015 prices, not seasonally adjusted",QRU1010,GDP P0441 - GDP Time series Q2 2026.xlsx
ZAF,2004-Q4,shared,personal_services,126011696400.11276,"rand, constant 2015 prices, not seasonally adjusted",QRU1010,GDP P0441 - GDP Time series Q2 2026.xlsx
ZAF,2005-Q1,shared,personal_services,127115261334.62547,"rand, constant 2015 prices, not seasonally adjusted",QRU1010,GDP P0441 - GDP Time series Q2 2026.xlsx
ZAF,2005-Q2,shared,personal_services,128351813760.5672,"rand, constant 2015 prices, not seasonally adjusted",QRU1010,GDP P0441 - GDP Time series Q2 2026.xlsx
ZAF,2005-Q3,shared,personal_services,130498281920.13051,"rand, constant 2015 prices, not seasonally adjusted",QRU1010,GDP P0441 - GDP Time series Q2 2026.xlsx
ZAF,2005-Q4,shared,personal_services,129972746593.45981,"rand, constant 2015 prices, not seasonally adjusted",QRU1010,GDP P0441 - GDP Time series Q2 2026.xlsx
ZAF,2006-Q1,shared,personal_services,134725394573.06755,"rand, constant 2015 prices, not seasonally adjusted",QRU1010,GDP P0441 - GDP Time series Q2 2026.xlsx
ZAF,2006-Q2,shared,personal_services,135130852813.99268,"rand, constant 2015 prices, not seasonally adjusted",QRU1010,GDP P0441 - GDP Time series Q2 2026.xlsx
ZAF,2006-Q3,shared,personal_services,136497630401.21974,"rand, constant 2015 prices, not seasonally adjusted",QRU1010,GDP P0441 - GDP Time series Q2 2026.xlsx
ZAF,2006-Q4,shared,personal_services,136521821492.59784,"rand, constant 2015 prices, not seasonally adjusted",QRU1010,GDP P0441 - GDP Time series Q2 2026.xlsx
ZAF,2007-Q1,shared,personal_services,143942610702.00735,"rand, constant 2015 prices, not seasonally adjusted",QRU1010,GDP P0441 - GDP Time series Q2 2026.xlsx
ZAF,2007-Q2,shared,personal_services,144823817414.60547,"rand, constant 2015 prices, not seasonally adjusted",QRU1010,GDP P0441 - GDP Time series Q2 2026.xlsx
ZAF,2007-Q3,shared,personal_services,144783483003.76846,"rand, constant 2015 prices, not seasonally adjusted",QRU1010,GDP P0441 - GDP Time series Q2 2026.xlsx
ZAF,2007-Q4,shared,personal_services,139234177321.74686,"rand, constant 2015 prices, not seasonally adjusted",QRU1010,GDP P0441 - GDP Time series Q2 2026.xlsx
ZAF,2008-Q1,shared,personal_services,149611796973.61673,"rand, constant 2015 prices, not seasonally adjusted",QRU1010,GDP P0441 - GDP Time series Q2 2026.xlsx
ZAF,2008-Q2,shared,personal_services,151415756056.8712,"rand, constant 2015 prices, not seasonally adjusted",QRU1010,GDP P0441 - GDP Time series Q2 2026.xlsx
ZAF,2008-Q3,shared,personal_services,150376815247.81113,"rand, constant 2015 prices, not seasonally adjusted",QRU1010,GDP P0441 - GDP Time series Q2 2026.xlsx
ZAF,2008-Q4,shared,personal_services,142924621058.53195,"rand, constant 2015 prices, not seasonally adjusted",QRU1010,GDP P0441 - GDP Time series Q2 2026.xlsx
ZAF,2009-Q1,shared,personal_services,148074198007.48743,"rand, constant 2015 prices, not seasonally adjusted",QRU1010,GDP P0441 - GDP Time series Q2 2026.xlsx
ZAF,2009-Q2,shared,personal_services,148345999067.9769,"rand, constant 2015 prices, not seasonally adjusted",QRU1010,GDP P0441 - GDP Time series Q2 2026.xlsx
ZAF,2009-Q3,shared,personal_services,148013148942.97012,"rand, constant 2015 prices, not seasonally adjusted",QRU1010,GDP P0441 - GDP Time series Q2 2026.xlsx
ZAF,2009-Q4,shared,personal_services,145111230050.6136,"rand, constant 2015 prices, not seasonally adjusted",QRU1010,GDP P0441 - GDP Time series Q2 2026.xlsx
ZAF,2010-Q1,shared,personal_services,146806204597.85562,"rand, constant 2015 prices, not seasonally adjusted",QRU1010,GDP P0441 - GDP Time series Q2 2026.xlsx
ZAF,2010-Q2,shared,personal_services,148488445794.82187,"rand, constant 2015 prices, not seasonally adjusted",QRU1010,GDP P0441 - GDP Time series Q2 2026.xlsx
ZAF,2010-Q3,shared,personal_services,149098517996.71832,"rand, constant 2015 prices, not seasonally adjusted",QRU1010,GDP P0441 - GDP Time series Q2 2026.xlsx
ZAF,2010-Q4,shared,personal_services,147326925346.4354,"rand, constant 2015 prices, not seasonally adjusted",QRU1010,GDP P0441 - GDP Time series Q2 2026.xlsx
ZAF,2011-Q1,shared,personal_services,151988763784.26544,"rand, constant 2015 prices, not seasonally adjusted",QRU1010,GDP P0441 - GDP Time series Q2 2026.xlsx
ZAF,2011-Q2,shared,personal_services,152632782967.7669,"rand, constant 2015 prices, not seasonally adjusted",QRU1010,GDP P0441 - GDP Time series Q2 2026.xlsx
ZAF,2011-Q3,shared,personal_services,151719156650.72034,"rand, constant 2015 prices, not seasonally adjusted",QRU1010,GDP P0441 - GDP Time series Q2 2026.xlsx
ZAF,2011-Q4,shared,personal_services,149977525754.35168,"rand, constant 2015 prices, not seasonally adjusted",QRU1010,GDP P0441 - GDP Time series Q2 2026.xlsx
ZAF,2012-Q1,shared,personal_services,154889566019.63547,"rand, constant 2015 prices, not seasonally adjusted",QRU1010,GDP P0441 - GDP Time series Q2 2026.xlsx
ZAF,2012-Q2,shared,personal_services,157349554038.0711,"rand, constant 2015 prices, not seasonally adjusted",QRU1010,GDP P0441 - GDP Time series Q2 2026.xlsx
ZAF,2012-Q3,shared,personal_services,156089273113.34833,"rand, constant 2015 prices, not seasonally adjusted",QRU1010,GDP P0441 - GDP Time series Q2 2026.xlsx
ZAF,2012-Q4,shared,personal_services,150917795985.67148,"rand, constant 2015 prices, not seasonally adjusted",QRU1010,GDP P0441 - GDP Time series Q2 2026.xlsx
ZAF,2013-Q1,shared,personal_services,158063932739.72458,"rand, constant 2015 prices, not seasonally adjusted",QRU1010,GDP P0441 - GDP Time series Q2 2026.xlsx
ZAF,2013-Q2,shared,personal_services,160472316778.52036,"rand, constant 2015 prices, not seasonally adjusted",QRU1010,GDP P0441 - GDP Time series Q2 2026.xlsx
ZAF,2013-Q3,shared,personal_services,160058933858.57886,"rand, constant 2015 prices, not seasonally adjusted",QRU1010,GDP P0441 - GDP Time series Q2 2026.xlsx
ZAF,2013-Q4,shared,personal_services,156815656830.20798,"rand, constant 2015 prices, not seasonally adjusted",QRU1010,GDP P0441 - GDP Time series Q2 2026.xlsx
ZAF,2014-Q1,shared,personal_services,161371832163.105,"rand, constant 2015 prices, not seasonally adjusted",QRU1010,GDP P0441 - GDP Time series Q2 2026.xlsx
ZAF,2014-Q2,shared,personal_services,162706481713.88516,"rand, constant 2015 prices, not seasonally adjusted",QRU1010,GDP P0441 - GDP Time series Q2 2026.xlsx
ZAF,2014-Q3,shared,personal_services,162445532589.0253,"rand, constant 2015 prices, not seasonally adjusted",QRU1010,GDP P0441 - GDP Time series Q2 2026.xlsx
ZAF,2014-Q4,shared,personal_services,159462854186.76584,"rand, constant 2015 prices, not seasonally adjusted",QRU1010,GDP P0441 - GDP Time series Q2 2026.xlsx
ZAF,2015-Q1,shared,personal_services,163192758798.72748,"rand, constant 2015 prices, not seasonally adjusted",QRU1010,GDP P0441 - GDP Time series Q2 2026.xlsx
ZAF,2015-Q2,shared,personal_services,164496365035.80197,"rand, constant 2015 prices, not seasonally adjusted",QRU1010,GDP P0441 - GDP Time series Q2 2026.xlsx
ZAF,2015-Q3,shared,personal_services,163776652256.41617,"rand, constant 2015 prices, not seasonally adjusted",QRU1010,GDP P0441 - GDP Time series Q2 2026.xlsx
ZAF,2015-Q4,shared,personal_services,160106241626.7279,"rand, constant 2015 prices, not seasonally adjusted",QRU1010,GDP P0441 - GDP Time series Q2 2026.xlsx
ZAF,2016-Q1,shared,personal_services,164769227379.98334,"rand, constant 2015 prices, not seasonally adjusted",QRU1010,GDP P0441 - GDP Time series Q2 2026.xlsx
ZAF,2016-Q2,shared,personal_services,166636194526.0641,"rand, constant 2015 prices, not seasonally adjusted",QRU1010,GDP P0441 - GDP Time series Q2 2026.xlsx
ZAF,2016-Q3,shared,personal_services,166393028616.79904,"rand, constant 2015 prices, not seasonally adjusted",QRU1010,GDP P0441 - GDP Time series Q2 2026.xlsx
ZAF,2016-Q4,shared,personal_services,161844519102.37674,"rand, constant 2015 prices, not seasonally adjusted",QRU1010,GDP P0441 - GDP Time series Q2 2026.xlsx
ZAF,2017-Q1,shared,personal_services,167204455179.1825,"rand, constant 2015 prices, not seasonally adjusted",QRU1010,GDP P0441 - GDP Time series Q2 2026.xlsx
ZAF,2017-Q2,shared,personal_services,168779580067.1471,"rand, constant 2015 prices, not seasonally adjusted",QRU1010,GDP P0441 - GDP Time series Q2 2026.xlsx
ZAF,2017-Q3,shared,personal_services,169036194555.8041,"rand, constant 2015 prices, not seasonally adjusted",QRU1010,GDP P0441 - GDP Time series Q2 2026.xlsx
ZAF,2017-Q4,shared,personal_services,163336058530.16223,"rand, constant 2015 prices, not seasonally adjusted",QRU1010,GDP P0441 - GDP Time series Q2 2026.xlsx
ZAF,2018-Q1,shared,personal_services,168793077760.79352,"rand, constant 2015 prices, not seasonally adjusted",QRU1010,GDP P0441 - GDP Time series Q2 2026.xlsx
ZAF,2018-Q2,shared,personal_services,169884450429.34927,"rand, constant 2015 prices, not seasonally adjusted",QRU1010,GDP P0441 - GDP Time series Q2 2026.xlsx
ZAF,2018-Q3,shared,personal_services,164215034999.15283,"rand, constant 2015 prices, not seasonally adjusted",QRU1010,GDP P0441 - GDP Time series Q2 2026.xlsx
ZAF,2019-Q1,shared,personal_services,170200360869.33426,"rand, constant 2015 prices, not seasonally adjusted",QRU1010,GDP P0441 - GDP Time series Q2 2026.xlsx
ZAF,2019-Q2,shared,personal_services,172031010175.75052,"rand, constant 2015 prices, not seasonally adjusted",QRU1010,GDP P0441 - GDP Time series Q2 2026.xlsx
ZAF,2019-Q3,shared,personal_services,172664742285.56354,"rand, constant 2015 prices, not seasonally adjusted",QRU1010,GDP P0441 - GDP Time series Q2 2026.xlsx
ZAF,2019-Q4,shared,personal_services,166352743621.294,"rand, constant 2015 prices, not seasonally adjusted",QRU1010,GDP P0441 - GDP Time series Q2 2026.xlsx
ZAF,2020-Q1,shared,personal_services,171420866930.97696,"rand, constant 2015 prices, not seasonally adjusted",QRU1010,GDP P0441 - GDP Time series Q2 2026.xlsx
ZAF,2020-Q2,shared,personal_services,161936484277.67023,"rand, constant 2015 prices, not seasonally adjusted",QRU1010,GDP P0441 - GDP Time series Q2 2026.xlsx
ZAF,2020-Q3,shared,personal_services,168229095470.14056,"rand, constant 2015 prices, not seasonally adjusted",QRU1010,GDP P0441 - GDP Time series Q2 2026.xlsx
ZAF,2020-Q4,shared,personal_services,165600175627.22574,"rand, constant 2015 prices, not seasonally adjusted",QRU1010,GDP P0441 - GDP Time series Q2 2026.xlsx
ZAF,2021-Q1,shared,personal_services,172567881700.5041,"rand, constant 2015 prices, not seasonally adjusted",QRU1010,GDP P0441 - GDP Time series Q2 2026.xlsx
ZAF,2021-Q2,shared,personal_services,177806561749.82855,"rand, constant 2015 prices, not seasonally adjusted",QRU1010,GDP P0441 - GDP Time series Q2 2026.xlsx
ZAF,2021-Q3,shared,personal_services,178540394920.14688,"rand, constant 2015 prices, not seasonally adjusted",QRU1010,GDP P0441 - GDP Time series Q2 2026.xlsx
ZAF,2021-Q4,shared,personal_services,175565455400.24048,"rand, constant 2015 prices, not seasonally adjusted",QRU1010,GDP P0441 - GDP Time series Q2 2026.xlsx
ZAF,2022-Q1,shared,personal_services,183089827704.86743,"rand, constant 2015 prices, not seasonally adjusted",QRU1010,GDP P0441 - GDP Time series Q2 2026.xlsx
ZAF,2022-Q2,shared,personal_services,184853984594.76614,"rand, constant 2015 prices, not seasonally adjusted",QRU1010,GDP P0441 - GDP Time series Q2 2026.xlsx
ZAF,2022-Q3,shared,personal_services,182232359577.03055,"rand, constant 2015 prices, not seasonally adjusted",QRU1010,GDP P0441 - GDP Time series Q2 2026.xlsx
ZAF,2022-Q4,shared,personal_services,174295371709.28546,"rand, constant 2015 prices, not seasonally adjusted",QRU1010,GDP P0441 - GDP Time series Q2 2026.xlsx
ZAF,2023-Q1,shared,personal_services,183600234999.17798,"rand, constant 2015 prices, not seasonally adjusted",QRU1010,GDP P0441 - GDP Time series Q2 2026.xlsx
ZAF,2023-Q2,shared,personal_services,186571688683.79977,"rand, constant 2015 prices, not seasonally adjusted",QRU1010,GDP P0441 - GDP Time series Q2 2026.xlsx
ZAF,2023-Q3,shared,personal_services,187974604390.64526,"rand, constant 2015 prices, not seasonally adjusted",QRU1010,GDP P0441 - GDP Time series Q2 2026.xlsx
ZAF,2023-Q4,shared,personal_services,181309015512.32654,"rand, constant 2015 prices, not seasonally adjusted",QRU1010,GDP P0441 - GDP Time series Q2 2026.xlsx
ZAF,2024-Q1,shared,personal_services,186739546264.1107,"rand, constant 2015 prices, not seasonally adjusted",QRU1010,GDP P0441 - GDP Time series Q2 2026.xlsx
ZAF,2024-Q2,shared,personal_services,189458259429.0316,"rand, constant 2015 prices, not seasonally adjusted",QRU1010,GDP P0441 - GDP Time series Q2 2026.xlsx
ZAF,2024-Q3,shared,personal_services,189881751862.63345,"rand, constant 2015 prices, not seasonally adjusted",QRU1010,GDP P0441 - GDP Time series Q2 2026.xlsx
ZAF,2024-Q4,shared,personal_services,182368986030.1739,"rand, constant 2015 prices, not seasonally adjusted",QRU1010,GDP P0441 - GDP Time series Q2 2026.xlsx
ZAF,2025-Q1,shared,personal_services,186628096874.89,"rand, constant 2015 prices, not seasonally adjusted",QRU1010,GDP P0441 - GDP Time series Q2 2026.xlsx
ZAF,2025-Q2,shared,personal_services,190462096726.156,"rand, constant 2015 prices, not seasonally adjusted",QRU1010,GDP P0441 - GDP Time series Q2 2026.xlsx
ZAF,2025-Q3,shared,personal_services,190092596726.038,"rand, constant 2015 prices, not seasonally adjusted",QRU1010,GDP P0441 - GDP Time series Q2 2026.xlsx
ZAF,2025-Q4,shared,personal_services,184463096653.83923,"rand, constant 2015 prices, not seasonally adjusted",QRU1010,GDP P0441 - GDP Time series Q2 2026.xlsx
ZAF,2026-Q1,shared,personal_services,189713036085.409,"rand, constant 2015 prices, not seasonally adjusted",QRU1010,GDP P0441 - GDP Time series Q2 2026.xlsx
ZAF,2026-Q2,shared,personal_services,193028000000.0001,"rand, constant 2015 prices, not seasonally adjusted",QRU1010,GDP P0441 - GDP Time series Q2 2026.xlsx
ZAF,1993-Q1,shared,value_added_at_basic_prices_total,502546246054.7674,"rand, constant 2015 prices, not seasonally adjusted",QRU1011,GDP P0441 - GDP Time series Q2 2026.xlsx
ZAF,1993-Q2,shared,value_added_at_basic_prices_total,514804952097.2923,"rand, constant 2015 prices, not seasonally adjusted",QRU1011,GDP P0441 - GDP Time series Q2 2026.xlsx
ZAF,1993-Q3,shared,value_added_at_basic_prices_total,526984745944.4456,"rand, constant 2015 prices, not seasonally adjusted",QRU1011,GDP P0441 - GDP Time series Q2 2026.xlsx
ZAF,1993-Q4,shared,value_added_at_basic_prices_total,531913723070.7293,"rand, constant 2015 prices, not seasonally adjusted",QRU1011,GDP P0441 - GDP Time series Q2 2026.xlsx
ZAF,1994-Q1,shared,value_added_at_basic_prices_total,510613532206.7915,"rand, constant 2015 prices, not seasonally adjusted",QRU1011,GDP P0441 - GDP Time series Q2 2026.xlsx
ZAF,1994-Q2,shared,value_added_at_basic_prices_total,534134220462.15576,"rand, constant 2015 prices, not seasonally adjusted",QRU1011,GDP P0441 - GDP Time series Q2 2026.xlsx
ZAF,1994-Q3,shared,value_added_at_basic_prices_total,543091447335.5046,"rand, constant 2015 prices, not seasonally adjusted",QRU1011,GDP P0441 - GDP Time series Q2 2026.xlsx
ZAF,1994-Q4,shared,value_added_at_basic_prices_total,550697957177.7993,"rand, constant 2015 prices, not seasonally adjusted",QRU1011,GDP P0441 - GDP Time series Q2 2026.xlsx
ZAF,1995-Q1,shared,value_added_at_basic_prices_total,529856152950.1384,"rand, constant 2015 prices, not seasonally adjusted",QRU1011,GDP P0441 - GDP Time series Q2 2026.xlsx
ZAF,1995-Q2,shared,value_added_at_basic_prices_total,541305479888.00555,"rand, constant 2015 prices, not seasonally adjusted",QRU1011,GDP P0441 - GDP Time series Q2 2026.xlsx
ZAF,1995-Q3,shared,value_added_at_basic_prices_total,562604506166.6407,"rand, constant 2015 prices, not seasonally adjusted",QRU1011,GDP P0441 - GDP Time series Q2 2026.xlsx
ZAF,1995-Q4,shared,value_added_at_basic_prices_total,568927132892.9338,"rand, constant 2015 prices, not seasonally adjusted",QRU1011,GDP P0441 - GDP Time series Q2 2026.xlsx
ZAF,1996-Q1,shared,value_added_at_basic_prices_total,549810112262.8011,"rand, constant 2015 prices, not seasonally adjusted",QRU1011,GDP P0441 - GDP Time series Q2 2026.xlsx
ZAF,1996-Q2,shared,value_added_at_basic_prices_total,571991105253.4225,"rand, constant 2015 prices, not seasonally adjusted",QRU1011,GDP P0441 - GDP Time series Q2 2026.xlsx
ZAF,1996-Q3,shared,value_added_at_basic_prices_total,583189305927.5269,"rand, constant 2015 prices, not seasonally adjusted",QRU1011,GDP P0441 - GDP Time series Q2 2026.xlsx
ZAF,1996-Q4,shared,value_added_at_basic_prices_total,590215865873.6724,"rand, constant 2015 prices, not seasonally adjusted",QRU1011,GDP P0441 - GDP Time series Q2 2026.xlsx
ZAF,1997-Q1,shared,value_added_at_basic_prices_total,567297595949.6707,"rand, constant 2015 prices, not seasonally adjusted",QRU1011,GDP P0441 - GDP Time series Q2 2026.xlsx
ZAF,1997-Q2,shared,value_added_at_basic_prices_total,590266101238.5266,"rand, constant 2015 prices, not seasonally adjusted",QRU1011,GDP P0441 - GDP Time series Q2 2026.xlsx
ZAF,1997-Q3,shared,value_added_at_basic_prices_total,596679196810.3973,"rand, constant 2015 prices, not seasonally adjusted",QRU1011,GDP P0441 - GDP Time series Q2 2026.xlsx
ZAF,1997-Q4,shared,value_added_at_basic_prices_total,600638861441.0814,"rand, constant 2015 prices, not seasonally adjusted",QRU1011,GDP P0441 - GDP Time series Q2 2026.xlsx
ZAF,1998-Q1,shared,value_added_at_basic_prices_total,574560207085.1721,"rand, constant 2015 prices, not seasonally adjusted",QRU1011,GDP P0441 - GDP Time series Q2 2026.xlsx
ZAF,1998-Q2,shared,value_added_at_basic_prices_total,596256023360.2102,"rand, constant 2015 prices, not seasonally adjusted",QRU1011,GDP P0441 - GDP Time series Q2 2026.xlsx
ZAF,1998-Q3,shared,value_added_at_basic_prices_total,599050037145.6655,"rand, constant 2015 prices, not seasonally adjusted",QRU1011,GDP P0441 - GDP Time series Q2 2026.xlsx
ZAF,1998-Q4,shared,value_added_at_basic_prices_total,601499660136.7047,"rand, constant 2015 prices, not seasonally adjusted",QRU1011,GDP P0441 - GDP Time series Q2 2026.xlsx
ZAF,1999-Q1,shared,value_added_at_basic_prices_total,582600940881.5914,"rand, constant 2015 prices, not seasonally adjusted",QRU1011,GDP P0441 - GDP Time series Q2 2026.xlsx
ZAF,1999-Q2,shared,value_added_at_basic_prices_total,609445315350.619,"rand, constant 2015 prices, not seasonally adjusted",QRU1011,GDP P0441 - GDP Time series Q2 2026.xlsx
ZAF,1999-Q3,shared,value_added_at_basic_prices_total,617622857243.4216,"rand, constant 2015 prices, not seasonally adjusted",QRU1011,GDP P0441 - GDP Time series Q2 2026.xlsx
ZAF,1999-Q4,shared,value_added_at_basic_prices_total,625723694300.77,"rand, constant 2015 prices, not seasonally adjusted",QRU1011,GDP P0441 - GDP Time series Q2 2026.xlsx
ZAF,2000-Q1,shared,value_added_at_basic_prices_total,604574198985.3109,"rand, constant 2015 prices, not seasonally adjusted",QRU1011,GDP P0441 - GDP Time series Q2 2026.xlsx
ZAF,2000-Q2,shared,value_added_at_basic_prices_total,630983942728.0504,"rand, constant 2015 prices, not seasonally adjusted",QRU1011,GDP P0441 - GDP Time series Q2 2026.xlsx
ZAF,2000-Q3,shared,value_added_at_basic_prices_total,651838537932.2289,"rand, constant 2015 prices, not seasonally adjusted",QRU1011,GDP P0441 - GDP Time series Q2 2026.xlsx
ZAF,2000-Q4,shared,value_added_at_basic_prices_total,655153411672.9729,"rand, constant 2015 prices, not seasonally adjusted",QRU1011,GDP P0441 - GDP Time series Q2 2026.xlsx
ZAF,2001-Q1,shared,value_added_at_basic_prices_total,628912150787.0979,"rand, constant 2015 prices, not seasonally adjusted",QRU1011,GDP P0441 - GDP Time series Q2 2026.xlsx
ZAF,2001-Q2,shared,value_added_at_basic_prices_total,656050323797.3081,"rand, constant 2015 prices, not seasonally adjusted",QRU1011,GDP P0441 - GDP Time series Q2 2026.xlsx
ZAF,2001-Q3,shared,value_added_at_basic_prices_total,662334361404.7681,"rand, constant 2015 prices, not seasonally adjusted",QRU1011,GDP P0441 - GDP Time series Q2 2026.xlsx
ZAF,2001-Q4,shared,value_added_at_basic_prices_total,668987207977.6272,"rand, constant 2015 prices, not seasonally adjusted",QRU1011,GDP P0441 - GDP Time series Q2 2026.xlsx
ZAF,2002-Q1,shared,value_added_at_basic_prices_total,652471601585.3259,"rand, constant 2015 prices, not seasonally adjusted",QRU1011,GDP P0441 - GDP Time series Q2 2026.xlsx
ZAF,2002-Q2,shared,value_added_at_basic_prices_total,680740354722.8043,"rand, constant 2015 prices, not seasonally adjusted",QRU1011,GDP P0441 - GDP Time series Q2 2026.xlsx
ZAF,2002-Q3,shared,value_added_at_basic_prices_total,686202098457.0249,"rand, constant 2015 prices, not seasonally adjusted",QRU1011,GDP P0441 - GDP Time series Q2 2026.xlsx
ZAF,2002-Q4,shared,value_added_at_basic_prices_total,696299778744.6606,"rand, constant 2015 prices, not seasonally adjusted",QRU1011,GDP P0441 - GDP Time series Q2 2026.xlsx
ZAF,2003-Q1,shared,value_added_at_basic_prices_total,673683307884.101,"rand, constant 2015 prices, not seasonally adjusted",QRU1011,GDP P0441 - GDP Time series Q2 2026.xlsx
ZAF,2003-Q2,shared,value_added_at_basic_prices_total,702649735765.7909,"rand, constant 2015 prices, not seasonally adjusted",QRU1011,GDP P0441 - GDP Time series Q2 2026.xlsx
ZAF,2003-Q3,shared,value_added_at_basic_prices_total,707625040717.8732,"rand, constant 2015 prices, not seasonally adjusted",QRU1011,GDP P0441 - GDP Time series Q2 2026.xlsx
ZAF,2003-Q4,shared,value_added_at_basic_prices_total,712723932002.7732,"rand, constant 2015 prices, not seasonally adjusted",QRU1011,GDP P0441 - GDP Time series Q2 2026.xlsx
ZAF,2004-Q1,shared,value_added_at_basic_prices_total,699249177098.7699,"rand, constant 2015 prices, not seasonally adjusted",QRU1011,GDP P0441 - GDP Time series Q2 2026.xlsx
ZAF,2004-Q2,shared,value_added_at_basic_prices_total,728146606560.0459,"rand, constant 2015 prices, not seasonally adjusted",QRU1011,GDP P0441 - GDP Time series Q2 2026.xlsx
ZAF,2004-Q3,shared,value_added_at_basic_prices_total,742436137393.7573,"rand, constant 2015 prices, not seasonally adjusted",QRU1011,GDP P0441 - GDP Time series Q2 2026.xlsx
ZAF,2004-Q4,shared,value_added_at_basic_prices_total,752635830886.3265,"rand, constant 2015 prices, not seasonally adjusted",QRU1011,GDP P0441 - GDP Time series Q2 2026.xlsx
ZAF,2005-Q1,shared,value_added_at_basic_prices_total,737266206403.4473,"rand, constant 2015 prices, not seasonally adjusted",QRU1011,GDP P0441 - GDP Time series Q2 2026.xlsx
ZAF,2005-Q2,shared,value_added_at_basic_prices_total,765843181437.364,"rand, constant 2015 prices, not seasonally adjusted",QRU1011,GDP P0441 - GDP Time series Q2 2026.xlsx
ZAF,2005-Q3,shared,value_added_at_basic_prices_total,783311556650.6311,"rand, constant 2015 prices, not seasonally adjusted",QRU1011,GDP P0441 - GDP Time series Q2 2026.xlsx
ZAF,2005-Q4,shared,value_added_at_basic_prices_total,791300843821.1987,"rand, constant 2015 prices, not seasonally adjusted",QRU1011,GDP P0441 - GDP Time series Q2 2026.xlsx
ZAF,2006-Q1,shared,value_added_at_basic_prices_total,773552826471.4076,"rand, constant 2015 prices, not seasonally adjusted",QRU1011,GDP P0441 - GDP Time series Q2 2026.xlsx
ZAF,2006-Q2,shared,value_added_at_basic_prices_total,802815463513.6003,"rand, constant 2015 prices, not seasonally adjusted",QRU1011,GDP P0441 - GDP Time series Q2 2026.xlsx
ZAF,2006-Q3,shared,value_added_at_basic_prices_total,824792963461.7275,"rand, constant 2015 prices, not seasonally adjusted",QRU1011,GDP P0441 - GDP Time series Q2 2026.xlsx
ZAF,2006-Q4,shared,value_added_at_basic_prices_total,846640782403.3102,"rand, constant 2015 prices, not seasonally adjusted",QRU1011,GDP P0441 - GDP Time series Q2 2026.xlsx
ZAF,2007-Q1,shared,value_added_at_basic_prices_total,824113223029.5669,"rand, constant 2015 prices, not seasonally adjusted",QRU1011,GDP P0441 - GDP Time series Q2 2026.xlsx
ZAF,2007-Q2,shared,value_added_at_basic_prices_total,847142796913.4064,"rand, constant 2015 prices, not seasonally adjusted",QRU1011,GDP P0441 - GDP Time series Q2 2026.xlsx
ZAF,2007-Q3,shared,value_added_at_basic_prices_total,865570767859.6216,"rand, constant 2015 prices, not seasonally adjusted",QRU1011,GDP P0441 - GDP Time series Q2 2026.xlsx
ZAF,2007-Q4,shared,value_added_at_basic_prices_total,886715160017.1542,"rand, constant 2015 prices, not seasonally adjusted",QRU1011,GDP P0441 - GDP Time series Q2 2026.xlsx
ZAF,2008-Q1,shared,value_added_at_basic_prices_total,855925397261.6809,"rand, constant 2015 prices, not seasonally adjusted",QRU1011,GDP P0441 - GDP Time series Q2 2026.xlsx
ZAF,2008-Q2,shared,value_added_at_basic_prices_total,887546242991.9187,"rand, constant 2015 prices, not seasonally adjusted",QRU1011,GDP P0441 - GDP Time series Q2 2026.xlsx
ZAF,2008-Q3,shared,value_added_at_basic_prices_total,894470450425.8662,"rand, constant 2015 prices, not seasonally adjusted",QRU1011,GDP P0441 - GDP Time series Q2 2026.xlsx
ZAF,2008-Q4,shared,value_added_at_basic_prices_total,898125999259.6824,"rand, constant 2015 prices, not seasonally adjusted",QRU1011,GDP P0441 - GDP Time series Q2 2026.xlsx
ZAF,2009-Q1,shared,value_added_at_basic_prices_total,847750237407.5167,"rand, constant 2015 prices, not seasonally adjusted",QRU1011,GDP P0441 - GDP Time series Q2 2026.xlsx
ZAF,2009-Q2,shared,value_added_at_basic_prices_total,866161742603.5336,"rand, constant 2015 prices, not seasonally adjusted",QRU1011,GDP P0441 - GDP Time series Q2 2026.xlsx
ZAF,2009-Q3,shared,value_added_at_basic_prices_total,878665595985.1691,"rand, constant 2015 prices, not seasonally adjusted",QRU1011,GDP P0441 - GDP Time series Q2 2026.xlsx
ZAF,2009-Q4,shared,value_added_at_basic_prices_total,892899442268.4758,"rand, constant 2015 prices, not seasonally adjusted",QRU1011,GDP P0441 - GDP Time series Q2 2026.xlsx
ZAF,2010-Q1,shared,value_added_at_basic_prices_total,869347453467.0315,"rand, constant 2015 prices, not seasonally adjusted",QRU1011,GDP P0441 - GDP Time series Q2 2026.xlsx
ZAF,2010-Q2,shared,value_added_at_basic_prices_total,893202487165.544,"rand, constant 2015 prices, not seasonally adjusted",QRU1011,GDP P0441 - GDP Time series Q2 2026.xlsx
ZAF,2010-Q3,shared,value_added_at_basic_prices_total,905672567040.8807,"rand, constant 2015 prices, not seasonally adjusted",QRU1011,GDP P0441 - GDP Time series Q2 2026.xlsx
ZAF,2010-Q4,shared,value_added_at_basic_prices_total,919065674049.9918,"rand, constant 2015 prices, not seasonally adjusted",QRU1011,GDP P0441 - GDP Time series Q2 2026.xlsx
ZAF,2011-Q1,shared,value_added_at_basic_prices_total,897540624576.6438,"rand, constant 2015 prices, not seasonally adjusted",QRU1011,GDP P0441 - GDP Time series Q2 2026.xlsx
ZAF,2011-Q2,shared,value_added_at_basic_prices_total,920727965825.7896,"rand, constant 2015 prices, not seasonally adjusted",QRU1011,GDP P0441 - GDP Time series Q2 2026.xlsx
ZAF,2011-Q3,shared,value_added_at_basic_prices_total,932276176755.6316,"rand, constant 2015 prices, not seasonally adjusted",QRU1011,GDP P0441 - GDP Time series Q2 2026.xlsx
ZAF,2011-Q4,shared,value_added_at_basic_prices_total,947541028535.2963,"rand, constant 2015 prices, not seasonally adjusted",QRU1011,GDP P0441 - GDP Time series Q2 2026.xlsx
ZAF,2012-Q1,shared,value_added_at_basic_prices_total,918030120915.9426,"rand, constant 2015 prices, not seasonally adjusted",QRU1011,GDP P0441 - GDP Time series Q2 2026.xlsx
ZAF,2012-Q2,shared,value_added_at_basic_prices_total,946584126777.2548,"rand, constant 2015 prices, not seasonally adjusted",QRU1011,GDP P0441 - GDP Time series Q2 2026.xlsx
ZAF,2012-Q3,shared,value_added_at_basic_prices_total,952217831339.3606,"rand, constant 2015 prices, not seasonally adjusted",QRU1011,GDP P0441 - GDP Time series Q2 2026.xlsx
ZAF,2012-Q4,shared,value_added_at_basic_prices_total,965241664629.871,"rand, constant 2015 prices, not seasonally adjusted",QRU1011,GDP P0441 - GDP Time series Q2 2026.xlsx
ZAF,2013-Q1,shared,value_added_at_basic_prices_total,936056941845.7025,"rand, constant 2015 prices, not seasonally adjusted",QRU1011,GDP P0441 - GDP Time series Q2 2026.xlsx
ZAF,2013-Q2,shared,value_added_at_basic_prices_total,967914403839.8384,"rand, constant 2015 prices, not seasonally adjusted",QRU1011,GDP P0441 - GDP Time series Q2 2026.xlsx
ZAF,2013-Q3,shared,value_added_at_basic_prices_total,977019634765.0371,"rand, constant 2015 prices, not seasonally adjusted",QRU1011,GDP P0441 - GDP Time series Q2 2026.xlsx
ZAF,2013-Q4,shared,value_added_at_basic_prices_total,995988705124.6788,"rand, constant 2015 prices, not seasonally adjusted",QRU1011,GDP P0441 - GDP Time series Q2 2026.xlsx
ZAF,2014-Q1,shared,value_added_at_basic_prices_total,955038162680.3369,"rand, constant 2015 prices, not seasonally adjusted",QRU1011,GDP P0441 - GDP Time series Q2 2026.xlsx
ZAF,2014-Q2,shared,value_added_at_basic_prices_total,983331210012.381,"rand, constant 2015 prices, not seasonally adjusted",QRU1011,GDP P0441 - GDP Time series Q2 2026.xlsx
ZAF,2014-Q3,shared,value_added_at_basic_prices_total,988528534489.7417,"rand, constant 2015 prices, not seasonally adjusted",QRU1011,GDP P0441 - GDP Time series Q2 2026.xlsx
ZAF,2014-Q4,shared,value_added_at_basic_prices_total,1009606592823.3597,"rand, constant 2015 prices, not seasonally adjusted",QRU1011,GDP P0441 - GDP Time series Q2 2026.xlsx
ZAF,2015-Q1,shared,value_added_at_basic_prices_total,975665235316.3867,"rand, constant 2015 prices, not seasonally adjusted",QRU1011,GDP P0441 - GDP Time series Q2 2026.xlsx
ZAF,2015-Q2,shared,value_added_at_basic_prices_total,991123845958.2346,"rand, constant 2015 prices, not seasonally adjusted",QRU1011,GDP P0441 - GDP Time series Q2 2026.xlsx
ZAF,2015-Q3,shared,value_added_at_basic_prices_total,998010964183.6644,"rand, constant 2015 prices, not seasonally adjusted",QRU1011,GDP P0441 - GDP Time series Q2 2026.xlsx
ZAF,2015-Q4,shared,value_added_at_basic_prices_total,1016957619593.8967,"rand, constant 2015 prices, not seasonally adjusted",QRU1011,GDP P0441 - GDP Time series Q2 2026.xlsx
ZAF,2016-Q1,shared,value_added_at_basic_prices_total,977900966811.3334,"rand, constant 2015 prices, not seasonally adjusted",QRU1011,GDP P0441 - GDP Time series Q2 2026.xlsx
ZAF,2016-Q2,shared,value_added_at_basic_prices_total,1005857284817.6328,"rand, constant 2015 prices, not seasonally adjusted",QRU1011,GDP P0441 - GDP Time series Q2 2026.xlsx
ZAF,2016-Q3,shared,value_added_at_basic_prices_total,1008202866988.9172,"rand, constant 2015 prices, not seasonally adjusted",QRU1011,GDP P0441 - GDP Time series Q2 2026.xlsx
ZAF,2016-Q4,shared,value_added_at_basic_prices_total,1022684447154.0757,"rand, constant 2015 prices, not seasonally adjusted",QRU1011,GDP P0441 - GDP Time series Q2 2026.xlsx
ZAF,2017-Q1,shared,value_added_at_basic_prices_total,984588190997.3328,"rand, constant 2015 prices, not seasonally adjusted",QRU1011,GDP P0441 - GDP Time series Q2 2026.xlsx
ZAF,2017-Q2,shared,value_added_at_basic_prices_total,1016455846118.303,"rand, constant 2015 prices, not seasonally adjusted",QRU1011,GDP P0441 - GDP Time series Q2 2026.xlsx
ZAF,2017-Q3,shared,value_added_at_basic_prices_total,1022012840740.072,"rand, constant 2015 prices, not seasonally adjusted",QRU1011,GDP P0441 - GDP Time series Q2 2026.xlsx
ZAF,2017-Q4,shared,value_added_at_basic_prices_total,1038186318024.1073,"rand, constant 2015 prices, not seasonally adjusted",QRU1011,GDP P0441 - GDP Time series Q2 2026.xlsx
ZAF,2018-Q1,shared,value_added_at_basic_prices_total,998306913185.1824,"rand, constant 2015 prices, not seasonally adjusted",QRU1011,GDP P0441 - GDP Time series Q2 2026.xlsx
ZAF,2018-Q2,shared,value_added_at_basic_prices_total,1026419120119.1144,"rand, constant 2015 prices, not seasonally adjusted",QRU1011,GDP P0441 - GDP Time series Q2 2026.xlsx
ZAF,2018-Q3,shared,value_added_at_basic_prices_total,1058751203664.8367,"rand, constant 2015 prices, not seasonally adjusted",QRU1011,GDP P0441 - GDP Time series Q2 2026.xlsx
ZAF,2019-Q1,shared,value_added_at_basic_prices_total,1002883205134.6819,"rand, constant 2015 prices, not seasonally adjusted",QRU1011,GDP P0441 - GDP Time series Q2 2026.xlsx
ZAF,2019-Q2,shared,value_added_at_basic_prices_total,1034553559158.5271,"rand, constant 2015 prices, not seasonally adjusted",QRU1011,GDP P0441 - GDP Time series Q2 2026.xlsx
ZAF,2019-Q3,shared,value_added_at_basic_prices_total,1044980106504.467,"rand, constant 2015 prices, not seasonally adjusted",QRU1011,GDP P0441 - GDP Time series Q2 2026.xlsx
ZAF,2019-Q4,shared,value_added_at_basic_prices_total,1054467081342.5691,"rand, constant 2015 prices, not seasonally adjusted",QRU1011,GDP P0441 - GDP Time series Q2 2026.xlsx
ZAF,2020-Q1,shared,value_added_at_basic_prices_total,1013508934797.1697,"rand, constant 2015 prices, not seasonally adjusted",QRU1011,GDP P0441 - GDP Time series Q2 2026.xlsx
ZAF,2020-Q2,shared,value_added_at_basic_prices_total,872895187793.8185,"rand, constant 2015 prices, not seasonally adjusted",QRU1011,GDP P0441 - GDP Time series Q2 2026.xlsx
ZAF,2020-Q3,shared,value_added_at_basic_prices_total,990622183098.63,"rand, constant 2015 prices, not seasonally adjusted",QRU1011,GDP P0441 - GDP Time series Q2 2026.xlsx
ZAF,2020-Q4,shared,value_added_at_basic_prices_total,1020468835204.3754,"rand, constant 2015 prices, not seasonally adjusted",QRU1011,GDP P0441 - GDP Time series Q2 2026.xlsx
ZAF,2021-Q1,shared,value_added_at_basic_prices_total,991260673675.7385,"rand, constant 2015 prices, not seasonally adjusted",QRU1011,GDP P0441 - GDP Time series Q2 2026.xlsx
ZAF,2021-Q2,shared,value_added_at_basic_prices_total,1032743880693.2351,"rand, constant 2015 prices, not seasonally adjusted",QRU1011,GDP P0441 - GDP Time series Q2 2026.xlsx
ZAF,2021-Q3,shared,value_added_at_basic_prices_total,1014857635824.8596,"rand, constant 2015 prices, not seasonally adjusted",QRU1011,GDP P0441 - GDP Time series Q2 2026.xlsx
ZAF,2021-Q4,shared,value_added_at_basic_prices_total,1035024504557.5769,"rand, constant 2015 prices, not seasonally adjusted",QRU1011,GDP P0441 - GDP Time series Q2 2026.xlsx
ZAF,2022-Q1,shared,value_added_at_basic_prices_total,1017509802864.2213,"rand, constant 2015 prices, not seasonally adjusted",QRU1011,GDP P0441 - GDP Time series Q2 2026.xlsx
ZAF,2022-Q2,shared,value_added_at_basic_prices_total,1036802389427.5751,"rand, constant 2015 prices, not seasonally adjusted",QRU1011,GDP P0441 - GDP Time series Q2 2026.xlsx
ZAF,2022-Q3,shared,value_added_at_basic_prices_total,1061763694357.228,"rand, constant 2015 prices, not seasonally adjusted",QRU1011,GDP P0441 - GDP Time series Q2 2026.xlsx
ZAF,2022-Q4,shared,value_added_at_basic_prices_total,1044355401617.6394,"rand, constant 2015 prices, not seasonally adjusted",QRU1011,GDP P0441 - GDP Time series Q2 2026.xlsx
ZAF,2023-Q1,shared,value_added_at_basic_prices_total,1023043216517.9272,"rand, constant 2015 prices, not seasonally adjusted",QRU1011,GDP P0441 - GDP Time series Q2 2026.xlsx
ZAF,2023-Q2,shared,value_added_at_basic_prices_total,1057191723022.5457,"rand, constant 2015 prices, not seasonally adjusted",QRU1011,GDP P0441 - GDP Time series Q2 2026.xlsx
ZAF,2023-Q3,shared,value_added_at_basic_prices_total,1051594762177.6301,"rand, constant 2015 prices, not seasonally adjusted",QRU1011,GDP P0441 - GDP Time series Q2 2026.xlsx
ZAF,2023-Q4,shared,value_added_at_basic_prices_total,1059570076508.3481,"rand, constant 2015 prices, not seasonally adjusted",QRU1011,GDP P0441 - GDP Time series Q2 2026.xlsx
ZAF,2024-Q1,shared,value_added_at_basic_prices_total,1027477705990.6688,"rand, constant 2015 prices, not seasonally adjusted",QRU1011,GDP P0441 - GDP Time series Q2 2026.xlsx
ZAF,2024-Q2,shared,value_added_at_basic_prices_total,1060198273092.9847,"rand, constant 2015 prices, not seasonally adjusted",QRU1011,GDP P0441 - GDP Time series Q2 2026.xlsx
ZAF,2024-Q3,shared,value_added_at_basic_prices_total,1055770012033.3337,"rand, constant 2015 prices, not seasonally adjusted",QRU1011,GDP P0441 - GDP Time series Q2 2026.xlsx
ZAF,2024-Q4,shared,value_added_at_basic_prices_total,1068427414683.5941,"rand, constant 2015 prices, not seasonally adjusted",QRU1011,GDP P0441 - GDP Time series Q2 2026.xlsx
ZAF,2025-Q1,shared,value_added_at_basic_prices_total,1036730646253.4872,"rand, constant 2015 prices, not seasonally adjusted",QRU1011,GDP P0441 - GDP Time series Q2 2026.xlsx
ZAF,2025-Q2,shared,value_added_at_basic_prices_total,1067700804941.5597,"rand, constant 2015 prices, not seasonally adjusted",QRU1011,GDP P0441 - GDP Time series Q2 2026.xlsx
ZAF,2025-Q3,shared,value_added_at_basic_prices_total,1077679292111.5409,"rand, constant 2015 prices, not seasonally adjusted",QRU1011,GDP P0441 - GDP Time series Q2 2026.xlsx
ZAF,2025-Q4,shared,value_added_at_basic_prices_total,1076604026239.9866,"rand, constant 2015 prices, not seasonally adjusted",QRU1011,GDP P0441 - GDP Time series Q2 2026.xlsx
ZAF,2026-Q1,shared,value_added_at_basic_prices_total,1055870553097.2891,"rand, constant 2015 prices, not seasonally adjusted",QRU1011,GDP P0441 - GDP Time series Q2 2026.xlsx
ZAF,2026-Q2,shared,value_added_at_basic_prices_total,1077289346345.5905,"rand, constant 2015 prices, not seasonally adjusted",QRU1011,GDP P0441 - GDP Time series Q2 2026.xlsx
ZAF,1993-Q1,shared,gdp,560469539145.921,"rand, constant 2015 prices, not seasonally adjusted",QRU1000,GDP P0441 - GDP Time series Q2 2026.xlsx
ZAF,1993-Q2,shared,gdp,574145660695.5101,"rand, constant 2015 prices, not seasonally adjusted",QRU1000,GDP P0441 - GDP Time series Q2 2026.xlsx
ZAF,1993-Q3,shared,gdp,587282096731.0348,"rand, constant 2015 prices, not seasonally adjusted",QRU1000,GDP P0441 - GDP Time series Q2 2026.xlsx
ZAF,1993-Q4,shared,gdp,593258500520.3058,"rand, constant 2015 prices, not seasonally adjusted",QRU1000,GDP P0441 - GDP Time series Q2 2026.xlsx
ZAF,1994-Q1,shared,gdp,571211440642.3219,"rand, constant 2015 prices, not seasonally adjusted",QRU1000,GDP P0441 - GDP Time series Q2 2026.xlsx
ZAF,1994-Q2,shared,gdp,596439624071.1049,"rand, constant 2015 prices, not seasonally adjusted",QRU1000,GDP P0441 - GDP Time series Q2 2026.xlsx
ZAF,1994-Q3,shared,gdp,606374562405.5743,"rand, constant 2015 prices, not seasonally adjusted",QRU1000,GDP P0441 - GDP Time series Q2 2026.xlsx
ZAF,1994-Q4,shared,gdp,615215155480.7397,"rand, constant 2015 prices, not seasonally adjusted",QRU1000,GDP P0441 - GDP Time series Q2 2026.xlsx
ZAF,1995-Q1,shared,gdp,594018369969.8828,"rand, constant 2015 prices, not seasonally adjusted",QRU1000,GDP P0441 - GDP Time series Q2 2026.xlsx
ZAF,1995-Q2,shared,gdp,606124805904.6084,"rand, constant 2015 prices, not seasonally adjusted",QRU1000,GDP P0441 - GDP Time series Q2 2026.xlsx
ZAF,1995-Q3,shared,gdp,628253531840.993,"rand, constant 2015 prices, not seasonally adjusted",QRU1000,GDP P0441 - GDP Time series Q2 2026.xlsx
ZAF,1995-Q4,shared,gdp,634910539144.8475,"rand, constant 2015 prices, not seasonally adjusted",QRU1000,GDP P0441 - GDP Time series Q2 2026.xlsx
ZAF,1996-Q1,shared,gdp,617616495992.299,"rand, constant 2015 prices, not seasonally adjusted",QRU1000,GDP P0441 - GDP Time series Q2 2026.xlsx
ZAF,1996-Q2,shared,gdp,640145208866.8278,"rand, constant 2015 prices, not seasonally adjusted",QRU1000,GDP P0441 - GDP Time series Q2 2026.xlsx
ZAF,1996-Q3,shared,gdp,651849351768.1779,"rand, constant 2015 prices, not seasonally adjusted",QRU1000,GDP P0441 - GDP Time series Q2 2026.xlsx
ZAF,1996-Q4,shared,gdp,659618401848.0212,"rand, constant 2015 prices, not seasonally adjusted",QRU1000,GDP P0441 - GDP Time series Q2 2026.xlsx
ZAF,1997-Q1,shared,gdp,637140481465.8312,"rand, constant 2015 prices, not seasonally adjusted",QRU1000,GDP P0441 - GDP Time series Q2 2026.xlsx
ZAF,1997-Q2,shared,gdp,660552341365.1243,"rand, constant 2015 prices, not seasonally adjusted",QRU1000,GDP P0441 - GDP Time series Q2 2026.xlsx
ZAF,1997-Q3,shared,gdp,667148824320.5016,"rand, constant 2015 prices, not seasonally adjusted",QRU1000,GDP P0441 - GDP Time series Q2 2026.xlsx
ZAF,1997-Q4,shared,gdp,671187777244.2278,"rand, constant 2015 prices, not seasonally adjusted",QRU1000,GDP P0441 - GDP Time series Q2 2026.xlsx
ZAF,1998-Q1,shared,gdp,643459387634.9445,"rand, constant 2015 prices, not seasonally adjusted",QRU1000,GDP P0441 - GDP Time series Q2 2026.xlsx
ZAF,1998-Q2,shared,gdp,664733501593.7804,"rand, constant 2015 prices, not seasonally adjusted",QRU1000,GDP P0441 - GDP Time series Q2 2026.xlsx
ZAF,1998-Q3,shared,gdp,668825909889.7582,"rand, constant 2015 prices, not seasonally adjusted",QRU1000,GDP P0441 - GDP Time series Q2 2026.xlsx
ZAF,1998-Q4,shared,gdp,672190772399.1798,"rand, constant 2015 prices, not seasonally adjusted",QRU1000,GDP P0441 - GDP Time series Q2 2026.xlsx
ZAF,1999-Q1,shared,gdp,650460844782.3132,"rand, constant 2015 prices, not seasonally adjusted",QRU1000,GDP P0441 - GDP Time series Q2 2026.xlsx
ZAF,1999-Q2,shared,gdp,677457867231.2372,"rand, constant 2015 prices, not seasonally adjusted",QRU1000,GDP P0441 - GDP Time series Q2 2026.xlsx
ZAF,1999-Q3,shared,gdp,687695812442.5286,"rand, constant 2015 prices, not seasonally adjusted",QRU1000,GDP P0441 - GDP Time series Q2 2026.xlsx
ZAF,1999-Q4,shared,gdp,697176076778.0066,"rand, constant 2015 prices, not seasonally adjusted",QRU1000,GDP P0441 - GDP Time series Q2 2026.xlsx
ZAF,2000-Q1,shared,gdp,673853834997.5001,"rand, constant 2015 prices, not seasonally adjusted",QRU1000,GDP P0441 - GDP Time series Q2 2026.xlsx
ZAF,2000-Q2,shared,gdp,700641102970.2268,"rand, constant 2015 prices, not seasonally adjusted",QRU1000,GDP P0441 - GDP Time series Q2 2026.xlsx
ZAF,2000-Q3,shared,gdp,723788538466.6097,"rand, constant 2015 prices, not seasonally adjusted",QRU1000,GDP P0441 - GDP Time series Q2 2026.xlsx
ZAF,2000-Q4,shared,gdp,728444330051.582,"rand, constant 2015 prices, not seasonally adjusted",QRU1000,GDP P0441 - GDP Time series Q2 2026.xlsx
ZAF,2001-Q1,shared,gdp,699015039877.4956,"rand, constant 2015 prices, not seasonally adjusted",QRU1000,GDP P0441 - GDP Time series Q2 2026.xlsx
ZAF,2001-Q2,shared,gdp,726480411349.98,"rand, constant 2015 prices, not seasonally adjusted",QRU1000,GDP P0441 - GDP Time series Q2 2026.xlsx
ZAF,2001-Q3,shared,gdp,734714350132.6649,"rand, constant 2015 prices, not seasonally adjusted",QRU1000,GDP P0441 - GDP Time series Q2 2026.xlsx
ZAF,2001-Q4,shared,gdp,742839655900.8978,"rand, constant 2015 prices, not seasonally adjusted",QRU1000,GDP P0441 - GDP Time series Q2 2026.xlsx
ZAF,2002-Q1,shared,gdp,723732108320.0138,"rand, constant 2015 prices, not seasonally adjusted",QRU1000,GDP P0441 - GDP Time series Q2 2026.xlsx
ZAF,2002-Q2,shared,gdp,753911510513.2709,"rand, constant 2015 prices, not seasonally adjusted",QRU1000,GDP P0441 - GDP Time series Q2 2026.xlsx
ZAF,2002-Q3,shared,gdp,760843285952.857,"rand, constant 2015 prices, not seasonally adjusted",QRU1000,GDP P0441 - GDP Time series Q2 2026.xlsx
ZAF,2002-Q4,shared,gdp,771986251510.4225,"rand, constant 2015 prices, not seasonally adjusted",QRU1000,GDP P0441 - GDP Time series Q2 2026.xlsx
ZAF,2003-Q1,shared,gdp,746942328244.4364,"rand, constant 2015 prices, not seasonally adjusted",QRU1000,GDP P0441 - GDP Time series Q2 2026.xlsx
ZAF,2003-Q2,shared,gdp,778102327224.3612,"rand, constant 2015 prices, not seasonally adjusted",QRU1000,GDP P0441 - GDP Time series Q2 2026.xlsx
ZAF,2003-Q3,shared,gdp,783699920129.5009,"rand, constant 2015 prices, not seasonally adjusted",QRU1000,GDP P0441 - GDP Time series Q2 2026.xlsx
ZAF,2003-Q4,shared,gdp,790509705988.2947,"rand, constant 2015 prices, not seasonally adjusted",QRU1000,GDP P0441 - GDP Time series Q2 2026.xlsx
ZAF,2004-Q1,shared,gdp,774936392503.4324,"rand, constant 2015 prices, not seasonally adjusted",QRU1000,GDP P0441 - GDP Time series Q2 2026.xlsx
ZAF,2004-Q2,shared,gdp,807131247996.7986,"rand, constant 2015 prices, not seasonally adjusted",QRU1000,GDP P0441 - GDP Time series Q2 2026.xlsx
ZAF,2004-Q3,shared,gdp,823047441758.1759,"rand, constant 2015 prices, not seasonally adjusted",QRU1000,GDP P0441 - GDP Time series Q2 2026.xlsx
ZAF,2004-Q4,shared,gdp,835296592247.2268,"rand, constant 2015 prices, not seasonally adjusted",QRU1000,GDP P0441 - GDP Time series Q2 2026.xlsx
ZAF,2005-Q1,shared,gdp,817146726424.219,"rand, constant 2015 prices, not seasonally adjusted",QRU1000,GDP P0441 - GDP Time series Q2 2026.xlsx
ZAF,2005-Q2,shared,gdp,849011793241.4952,"rand, constant 2015 prices, not seasonally adjusted",QRU1000,GDP P0441 - GDP Time series Q2 2026.xlsx
ZAF,2005-Q3,shared,gdp,867946418278.7755,"rand, constant 2015 prices, not seasonally adjusted",QRU1000,GDP P0441 - GDP Time series Q2 2026.xlsx
ZAF,2005-Q4,shared,gdp,877304944807.0745,"rand, constant 2015 prices, not seasonally adjusted",QRU1000,GDP P0441 - GDP Time series Q2 2026.xlsx
ZAF,2006-Q1,shared,gdp,858816801236.9064,"rand, constant 2015 prices, not seasonally adjusted",QRU1000,GDP P0441 - GDP Time series Q2 2026.xlsx
ZAF,2006-Q2,shared,gdp,890003181246.1278,"rand, constant 2015 prices, not seasonally adjusted",QRU1000,GDP P0441 - GDP Time series Q2 2026.xlsx
ZAF,2006-Q3,shared,gdp,914091383087.7113,"rand, constant 2015 prices, not seasonally adjusted",QRU1000,GDP P0441 - GDP Time series Q2 2026.xlsx
ZAF,2006-Q4,shared,gdp,939667312835.1375,"rand, constant 2015 prices, not seasonally adjusted",QRU1000,GDP P0441 - GDP Time series Q2 2026.xlsx
ZAF,2007-Q1,shared,gdp,914058496096.2125,"rand, constant 2015 prices, not seasonally adjusted",QRU1000,GDP P0441 - GDP Time series Q2 2026.xlsx
ZAF,2007-Q2,shared,gdp,938671170012.6223,"rand, constant 2015 prices, not seasonally adjusted",QRU1000,GDP P0441 - GDP Time series Q2 2026.xlsx
ZAF,2007-Q3,shared,gdp,959477382255.2484,"rand, constant 2015 prices, not seasonally adjusted",QRU1000,GDP P0441 - GDP Time series Q2 2026.xlsx
ZAF,2007-Q4,shared,gdp,983486915809.0038,"rand, constant 2015 prices, not seasonally adjusted",QRU1000,GDP P0441 - GDP Time series Q2 2026.xlsx
ZAF,2008-Q1,shared,gdp,949046781943.0737,"rand, constant 2015 prices, not seasonally adjusted",QRU1000,GDP P0441 - GDP Time series Q2 2026.xlsx
ZAF,2008-Q2,shared,gdp,982490574396.7156,"rand, constant 2015 prices, not seasonally adjusted",QRU1000,GDP P0441 - GDP Time series Q2 2026.xlsx
ZAF,2008-Q3,shared,gdp,990596638055.8171,"rand, constant 2015 prices, not seasonally adjusted",QRU1000,GDP P0441 - GDP Time series Q2 2026.xlsx
ZAF,2008-Q4,shared,gdp,994682258065.4395,"rand, constant 2015 prices, not seasonally adjusted",QRU1000,GDP P0441 - GDP Time series Q2 2026.xlsx
ZAF,2009-Q1,shared,gdp,938574955336.5309,"rand, constant 2015 prices, not seasonally adjusted",QRU1000,GDP P0441 - GDP Time series Q2 2026.xlsx
ZAF,2009-Q2,shared,gdp,957117420498.6776,"rand, constant 2015 prices, not seasonally adjusted",QRU1000,GDP P0441 - GDP Time series Q2 2026.xlsx
ZAF,2009-Q3,shared,gdp,971559407344.2147,"rand, constant 2015 prices, not seasonally adjusted",QRU1000,GDP P0441 - GDP Time series Q2 2026.xlsx
ZAF,2009-Q4,shared,gdp,989320351030.898,"rand, constant 2015 prices, not seasonally adjusted",QRU1000,GDP P0441 - GDP Time series Q2 2026.xlsx
ZAF,2010-Q1,shared,gdp,961965728575.3718,"rand, constant 2015 prices, not seasonally adjusted",QRU1000,GDP P0441 - GDP Time series Q2 2026.xlsx
ZAF,2010-Q2,shared,gdp,988366864758.8223,"rand, constant 2015 prices, not seasonally adjusted",QRU1000,GDP P0441 - GDP Time series Q2 2026.xlsx
ZAF,2010-Q3,shared,gdp,1003787533850.5776,"rand, constant 2015 prices, not seasonally adjusted",QRU1000,GDP P0441 - GDP Time series Q2 2026.xlsx
ZAF,2010-Q4,shared,gdp,1019681476126.424,"rand, constant 2015 prices, not seasonally adjusted",QRU1000,GDP P0441 - GDP Time series Q2 2026.xlsx
ZAF,2011-Q1,shared,gdp,994363680866.7886,"rand, constant 2015 prices, not seasonally adjusted",QRU1000,GDP P0441 - GDP Time series Q2 2026.xlsx
ZAF,2011-Q2,shared,gdp,1019292246518.2526,"rand, constant 2015 prices, not seasonally adjusted",QRU1000,GDP P0441 - GDP Time series Q2 2026.xlsx
ZAF,2011-Q3,shared,gdp,1033942705735.7301,"rand, constant 2015 prices, not seasonally adjusted",QRU1000,GDP P0441 - GDP Time series Q2 2026.xlsx
ZAF,2011-Q4,shared,gdp,1052115110402.7375,"rand, constant 2015 prices, not seasonally adjusted",QRU1000,GDP P0441 - GDP Time series Q2 2026.xlsx
ZAF,2012-Q1,shared,gdp,1018376506900.5739,"rand, constant 2015 prices, not seasonally adjusted",QRU1000,GDP P0441 - GDP Time series Q2 2026.xlsx
ZAF,2012-Q2,shared,gdp,1048866228488.9177,"rand, constant 2015 prices, not seasonally adjusted",QRU1000,GDP P0441 - GDP Time series Q2 2026.xlsx
ZAF,2012-Q3,shared,gdp,1057278021192.5311,"rand, constant 2015 prices, not seasonally adjusted",QRU1000,GDP P0441 - GDP Time series Q2 2026.xlsx
ZAF,2012-Q4,shared,gdp,1073431655331.444,"rand, constant 2015 prices, not seasonally adjusted",QRU1000,GDP P0441 - GDP Time series Q2 2026.xlsx
ZAF,2013-Q1,shared,gdp,1038973331621.6362,"rand, constant 2015 prices, not seasonally adjusted",QRU1000,GDP P0441 - GDP Time series Q2 2026.xlsx
ZAF,2013-Q2,shared,gdp,1073796914370.3715,"rand, constant 2015 prices, not seasonally adjusted",QRU1000,GDP P0441 - GDP Time series Q2 2026.xlsx
ZAF,2013-Q3,shared,gdp,1083914135666.5853,"rand, constant 2015 prices, not seasonally adjusted",QRU1000,GDP P0441 - GDP Time series Q2 2026.xlsx
ZAF,2013-Q4,shared,gdp,1105606794484.5469,"rand, constant 2015 prices, not seasonally adjusted",QRU1000,GDP P0441 - GDP Time series Q2 2026.xlsx
ZAF,2014-Q1,shared,gdp,1058056718591.1155,"rand, constant 2015 prices, not seasonally adjusted",QRU1000,GDP P0441 - GDP Time series Q2 2026.xlsx
ZAF,2014-Q2,shared,gdp,1088318066315.87,"rand, constant 2015 prices, not seasonally adjusted",QRU1000,GDP P0441 - GDP Time series Q2 2026.xlsx
ZAF,2014-Q3,shared,gdp,1095635953169.8376,"rand, constant 2015 prices, not seasonally adjusted",QRU1000,GDP P0441 - GDP Time series Q2 2026.xlsx
ZAF,2014-Q4,shared,gdp,1121107368723.7761,"rand, constant 2015 prices, not seasonally adjusted",QRU1000,GDP P0441 - GDP Time series Q2 2026.xlsx
ZAF,2015-Q1,shared,gdp,1083840907869.1127,"rand, constant 2015 prices, not seasonally adjusted",QRU1000,GDP P0441 - GDP Time series Q2 2026.xlsx
ZAF,2015-Q2,shared,gdp,1099417344975.3495,"rand, constant 2015 prices, not seasonally adjusted",QRU1000,GDP P0441 - GDP Time series Q2 2026.xlsx
ZAF,2015-Q3,shared,gdp,1107571864450.751,"rand, constant 2015 prices, not seasonally adjusted",QRU1000,GDP P0441 - GDP Time series Q2 2026.xlsx
ZAF,2015-Q4,shared,gdp,1129962400119.2588,"rand, constant 2015 prices, not seasonally adjusted",QRU1000,GDP P0441 - GDP Time series Q2 2026.xlsx
ZAF,2016-Q1,shared,gdp,1083940598789.8186,"rand, constant 2015 prices, not seasonally adjusted",QRU1000,GDP P0441 - GDP Time series Q2 2026.xlsx
ZAF,2016-Q2,shared,gdp,1113437039119.7744,"rand, constant 2015 prices, not seasonally adjusted",QRU1000,GDP P0441 - GDP Time series Q2 2026.xlsx
ZAF,2016-Q3,shared,gdp,1117489120573.702,"rand, constant 2015 prices, not seasonally adjusted",QRU1000,GDP P0441 - GDP Time series Q2 2026.xlsx
ZAF,2016-Q4,shared,gdp,1135304237631.2197,"rand, constant 2015 prices, not seasonally adjusted",QRU1000,GDP P0441 - GDP Time series Q2 2026.xlsx
ZAF,2017-Q1,shared,gdp,1091113468279.989,"rand, constant 2015 prices, not seasonally adjusted",QRU1000,GDP P0441 - GDP Time series Q2 2026.xlsx
ZAF,2017-Q2,shared,gdp,1125688321773.1243,"rand, constant 2015 prices, not seasonally adjusted",QRU1000,GDP P0441 - GDP Time series Q2 2026.xlsx
ZAF,2017-Q3,shared,gdp,1132522249858.1462,"rand, constant 2015 prices, not seasonally adjusted",QRU1000,GDP P0441 - GDP Time series Q2 2026.xlsx
ZAF,2017-Q4,shared,gdp,1152377575573.5713,"rand, constant 2015 prices, not seasonally adjusted",QRU1000,GDP P0441 - GDP Time series Q2 2026.xlsx
ZAF,2018-Q1,shared,gdp,1105468584326.2266,"rand, constant 2015 prices, not seasonally adjusted",QRU1000,GDP P0441 - GDP Time series Q2 2026.xlsx
ZAF,2018-Q2,shared,gdp,1135490977791.8835,"rand, constant 2015 prices, not seasonally adjusted",QRU1000,GDP P0441 - GDP Time series Q2 2026.xlsx
ZAF,2018-Q3,shared,gdp,1174022043912.1638,"rand, constant 2015 prices, not seasonally adjusted",QRU1000,GDP P0441 - GDP Time series Q2 2026.xlsx
ZAF,2019-Q1,shared,gdp,1110666030107.287,"rand, constant 2015 prices, not seasonally adjusted",QRU1000,GDP P0441 - GDP Time series Q2 2026.xlsx
ZAF,2019-Q2,shared,gdp,1146154365751.3845,"rand, constant 2015 prices, not seasonally adjusted",QRU1000,GDP P0441 - GDP Time series Q2 2026.xlsx
ZAF,2019-Q3,shared,gdp,1157786239776.7876,"rand, constant 2015 prices, not seasonally adjusted",QRU1000,GDP P0441 - GDP Time series Q2 2026.xlsx
ZAF,2019-Q4,shared,gdp,1169060434926.7065,"rand, constant 2015 prices, not seasonally adjusted",QRU1000,GDP P0441 - GDP Time series Q2 2026.xlsx
ZAF,2020-Q1,shared,gdp,1120570141760.999,"rand, constant 2015 prices, not seasonally adjusted",QRU1000,GDP P0441 - GDP Time series Q2 2026.xlsx
ZAF,2020-Q2,shared,gdp,958002572407.7992,"rand, constant 2015 prices, not seasonally adjusted",QRU1000,GDP P0441 - GDP Time series Q2 2026.xlsx
ZAF,2020-Q3,shared,gdp,1092987519654.1245,"rand, constant 2015 prices, not seasonally adjusted",QRU1000,GDP P0441 - GDP Time series Q2 2026.xlsx
ZAF,2020-Q4,shared,gdp,1129344186907.7588,"rand, constant 2015 prices, not seasonally adjusted",QRU1000,GDP P0441 - GDP Time series Q2 2026.xlsx
ZAF,2021-Q1,shared,gdp,1095162379438.7886,"rand, constant 2015 prices, not seasonally adjusted",QRU1000,GDP P0441 - GDP Time series Q2 2026.xlsx
ZAF,2021-Q2,shared,gdp,1142205727708.6685,"rand, constant 2015 prices, not seasonally adjusted",QRU1000,GDP P0441 - GDP Time series Q2 2026.xlsx
ZAF,2021-Q3,shared,gdp,1123926815534.088,"rand, constant 2015 prices, not seasonally adjusted",QRU1000,GDP P0441 - GDP Time series Q2 2026.xlsx
ZAF,2021-Q4,shared,gdp,1148575332578.3213,"rand, constant 2015 prices, not seasonally adjusted",QRU1000,GDP P0441 - GDP Time series Q2 2026.xlsx
ZAF,2022-Q1,shared,gdp,1124599096488.038,"rand, constant 2015 prices, not seasonally adjusted",QRU1000,GDP P0441 - GDP Time series Q2 2026.xlsx
ZAF,2022-Q2,shared,gdp,1146512386042.657,"rand, constant 2015 prices, not seasonally adjusted",QRU1000,GDP P0441 - GDP Time series Q2 2026.xlsx
ZAF,2022-Q3,shared,gdp,1174126544326.66,"rand, constant 2015 prices, not seasonally adjusted",QRU1000,GDP P0441 - GDP Time series Q2 2026.xlsx
ZAF,2022-Q4,shared,gdp,1157451519507.418,"rand, constant 2015 prices, not seasonally adjusted",QRU1000,GDP P0441 - GDP Time series Q2 2026.xlsx
ZAF,2023-Q1,shared,gdp,1130274402612.9417,"rand, constant 2015 prices, not seasonally adjusted",QRU1000,GDP P0441 - GDP Time series Q2 2026.xlsx
ZAF,2023-Q2,shared,gdp,1168872822087.296,"rand, constant 2015 prices, not seasonally adjusted",QRU1000,GDP P0441 - GDP Time series Q2 2026.xlsx
ZAF,2023-Q3,shared,gdp,1164550798687.4368,"rand, constant 2015 prices, not seasonally adjusted",QRU1000,GDP P0441 - GDP Time series Q2 2026.xlsx
ZAF,2023-Q4,shared,gdp,1176094012936.8862,"rand, constant 2015 prices, not seasonally adjusted",QRU1000,GDP P0441 - GDP Time series Q2 2026.xlsx
ZAF,2024-Q1,shared,gdp,1136295167720.9238,"rand, constant 2015 prices, not seasonally adjusted",QRU1000,GDP P0441 - GDP Time series Q2 2026.xlsx
ZAF,2024-Q2,shared,gdp,1173335944815.9685,"rand, constant 2015 prices, not seasonally adjusted",QRU1000,GDP P0441 - GDP Time series Q2 2026.xlsx
ZAF,2024-Q3,shared,gdp,1169537157450.7417,"rand, constant 2015 prices, not seasonally adjusted",QRU1000,GDP P0441 - GDP Time series Q2 2026.xlsx
ZAF,2024-Q4,shared,gdp,1185439393911.0566,"rand, constant 2015 prices, not seasonally adjusted",QRU1000,GDP P0441 - GDP Time series Q2 2026.xlsx
ZAF,2025-Q1,shared,gdp,1146022452934.8096,"rand, constant 2015 prices, not seasonally adjusted",QRU1000,GDP P0441 - GDP Time series Q2 2026.xlsx
ZAF,2025-Q2,shared,gdp,1181733611822.506,"rand, constant 2015 prices, not seasonally adjusted",QRU1000,GDP P0441 - GDP Time series Q2 2026.xlsx
ZAF,2025-Q3,shared,gdp,1193581099197.673,"rand, constant 2015 prices, not seasonally adjusted",QRU1000,GDP P0441 - GDP Time series Q2 2026.xlsx
ZAF,2025-Q4,shared,gdp,1195263433538.491,"rand, constant 2015 prices, not seasonally adjusted",QRU1000,GDP P0441 - GDP Time series Q2 2026.xlsx
ZAF,2026-Q1,shared,gdp,1167557960593.9038,"rand, constant 2015 prices, not seasonally adjusted",QRU1000,GDP P0441 - GDP Time series Q2 2026.xlsx
ZAF,2026-Q2,shared,gdp,1192421753644.095,"rand, constant 2015 prices, not seasonally adjusted",QRU1000,GDP P0441 - GDP Time series Q2 2026.xlsx
ZAF,1993-Q1,shared,primary_industries,68158259215.57081,"rand, constant 2015 prices, not seasonally adjusted",QRU1015,GDP P0441 - GDP Time series Q2 2026.xlsx
ZAF,1993-Q2,shared,primary_industries,78501853057.07562,"rand, constant 2015 prices, not seasonally adjusted",QRU1015,GDP P0441 - GDP Time series Q2 2026.xlsx
ZAF,1993-Q3,shared,primary_industries,75194663020.41177,"rand, constant 2015 prices, not seasonally adjusted",QRU1015,GDP P0441 - GDP Time series Q2 2026.xlsx
ZAF,1993-Q4,shared,primary_industries,69918226640.21393,"rand, constant 2015 prices, not seasonally adjusted",QRU1015,GDP P0441 - GDP Time series Q2 2026.xlsx
ZAF,1994-Q1,shared,primary_industries,68433142197.094246,"rand, constant 2015 prices, not seasonally adjusted",QRU1015,GDP P0441 - GDP Time series Q2 2026.xlsx
ZAF,1994-Q2,shared,primary_industries,84338974827.80382,"rand, constant 2015 prices, not seasonally adjusted",QRU1015,GDP P0441 - GDP Time series Q2 2026.xlsx
ZAF,1994-Q3,shared,primary_industries,76019632873.00623,"rand, constant 2015 prices, not seasonally adjusted",QRU1015,GDP P0441 - GDP Time series Q2 2026.xlsx
ZAF,1994-Q4,shared,primary_industries,68968280778.89337,"rand, constant 2015 prices, not seasonally adjusted",QRU1015,GDP P0441 - GDP Time series Q2 2026.xlsx
ZAF,1995-Q1,shared,primary_industries,66268209756.65889,"rand, constant 2015 prices, not seasonally adjusted",QRU1015,GDP P0441 - GDP Time series Q2 2026.xlsx
ZAF,1995-Q2,shared,primary_industries,70473081290.14247,"rand, constant 2015 prices, not seasonally adjusted",QRU1015,GDP P0441 - GDP Time series Q2 2026.xlsx
ZAF,1995-Q3,shared,primary_industries,72394293140.10928,"rand, constant 2015 prices, not seasonally adjusted",QRU1015,GDP P0441 - GDP Time series Q2 2026.xlsx
ZAF,1995-Q4,shared,primary_industries,68301597750.20191,"rand, constant 2015 prices, not seasonally adjusted",QRU1015,GDP P0441 - GDP Time series Q2 2026.xlsx
ZAF,1996-Q1,shared,primary_industries,66615868274.95649,"rand, constant 2015 prices, not seasonally adjusted",QRU1015,GDP P0441 - GDP Time series Q2 2026.xlsx
ZAF,1996-Q2,shared,primary_industries,79909543101.95528,"rand, constant 2015 prices, not seasonally adjusted",QRU1015,GDP P0441 - GDP Time series Q2 2026.xlsx
ZAF,1996-Q3,shared,primary_industries,73856436056.20627,"rand, constant 2015 prices, not seasonally adjusted",QRU1015,GDP P0441 - GDP Time series Q2 2026.xlsx
ZAF,1996-Q4,shared,primary_industries,67951675052.369774,"rand, constant 2015 prices, not seasonally adjusted",QRU1015,GDP P0441 - GDP Time series Q2 2026.xlsx
ZAF,1997-Q1,shared,primary_industries,67556899143.69598,"rand, constant 2015 prices, not seasonally adjusted",QRU1015,GDP P0441 - GDP Time series Q2 2026.xlsx
ZAF,1997-Q2,shared,primary_industries,80686132020.0221,"rand, constant 2015 prices, not seasonally adjusted",QRU1015,GDP P0441 - GDP Time series Q2 2026.xlsx
ZAF,1997-Q3,shared,primary_industries,75193624155.58464,"rand, constant 2015 prices, not seasonally adjusted",QRU1015,GDP P0441 - GDP Time series Q2 2026.xlsx
ZAF,1997-Q4,shared,primary_industries,69273903528.2835,"rand, constant 2015 prices, not seasonally adjusted",QRU1015,GDP P0441 - GDP Time series Q2 2026.xlsx
ZAF,1998-Q1,shared,primary_industries,68459214797.65724,"rand, constant 2015 prices, not seasonally adjusted",QRU1015,GDP P0441 - GDP Time series Q2 2026.xlsx
ZAF,1998-Q2,shared,primary_industries,80043095961.70534,"rand, constant 2015 prices, not seasonally adjusted",QRU1015,GDP P0441 - GDP Time series Q2 2026.xlsx
ZAF,1998-Q3,shared,primary_industries,73762742707.34773,"rand, constant 2015 prices, not seasonally adjusted",QRU1015,GDP P0441 - GDP Time series Q2 2026.xlsx
ZAF,1998-Q4,shared,primary_industries,66711985880.092514,"rand, constant 2015 prices, not seasonally adjusted",QRU1015,GDP P0441 - GDP Time series Q2 2026.xlsx
ZAF,1999-Q1,shared,primary_industries,68342140717.031364,"rand, constant 2015 prices, not seasonally adjusted",QRU1015,GDP P0441 - GDP Time series Q2 2026.xlsx
ZAF,1999-Q2,shared,primary_industries,81516215978.11253,"rand, constant 2015 prices, not seasonally adjusted",QRU1015,GDP P0441 - GDP Time series Q2 2026.xlsx
ZAF,1999-Q3,shared,primary_industries,74263276652.22383,"rand, constant 2015 prices, not seasonally adjusted",QRU1015,GDP P0441 - GDP Time series Q2 2026.xlsx
ZAF,1999-Q4,shared,primary_industries,65572071701.83005,"rand, constant 2015 prices, not seasonally adjusted",QRU1015,GDP P0441 - GDP Time series Q2 2026.xlsx
ZAF,2000-Q1,shared,primary_industries,65767813566.98132,"rand, constant 2015 prices, not seasonally adjusted",QRU1015,GDP P0441 - GDP Time series Q2 2026.xlsx
ZAF,2000-Q2,shared,primary_industries,77577874406.7002,"rand, constant 2015 prices, not seasonally adjusted",QRU1015,GDP P0441 - GDP Time series Q2 2026.xlsx
ZAF,2000-Q3,shared,primary_industries,80100653984.72964,"rand, constant 2015 prices, not seasonally adjusted",QRU1015,GDP P0441 - GDP Time series Q2 2026.xlsx
ZAF,2000-Q4,shared,primary_industries,66920487027.65584,"rand, constant 2015 prices, not seasonally adjusted",QRU1015,GDP P0441 - GDP Time series Q2 2026.xlsx
ZAF,2001-Q1,shared,primary_industries,66664731447.10739,"rand, constant 2015 prices, not seasonally adjusted",QRU1015,GDP P0441 - GDP Time series Q2 2026.xlsx
ZAF,2001-Q2,shared,primary_industries,81279098055.08089,"rand, constant 2015 prices, not seasonally adjusted",QRU1015,GDP P0441 - GDP Time series Q2 2026.xlsx
ZAF,2001-Q3,shared,primary_industries,75311867893.38956,"rand, constant 2015 prices, not seasonally adjusted",QRU1015,GDP P0441 - GDP Time series Q2 2026.xlsx
ZAF,2001-Q4,shared,primary_industries,64591157499.18382,"rand, constant 2015 prices, not seasonally adjusted",QRU1015,GDP P0441 - GDP Time series Q2 2026.xlsx
ZAF,2002-Q1,shared,primary_industries,67549038295.25302,"rand, constant 2015 prices, not seasonally adjusted",QRU1015,GDP P0441 - GDP Time series Q2 2026.xlsx
ZAF,2002-Q2,shared,primary_industries,83786380034.20305,"rand, constant 2015 prices, not seasonally adjusted",QRU1015,GDP P0441 - GDP Time series Q2 2026.xlsx
ZAF,2002-Q3,shared,primary_industries,74917812705.7086,"rand, constant 2015 prices, not seasonally adjusted",QRU1015,GDP P0441 - GDP Time series Q2 2026.xlsx
ZAF,2002-Q4,shared,primary_industries,68177769353.74619,"rand, constant 2015 prices, not seasonally adjusted",QRU1015,GDP P0441 - GDP Time series Q2 2026.xlsx
ZAF,2003-Q1,shared,primary_industries,68019146547.893005,"rand, constant 2015 prices, not seasonally adjusted",QRU1015,GDP P0441 - GDP Time series Q2 2026.xlsx
ZAF,2003-Q2,shared,primary_industries,88740397984.05528,"rand, constant 2015 prices, not seasonally adjusted",QRU1015,GDP P0441 - GDP Time series Q2 2026.xlsx
ZAF,2003-Q3,shared,primary_industries,78170809728.67223,"rand, constant 2015 prices, not seasonally adjusted",QRU1015,GDP P0441 - GDP Time series Q2 2026.xlsx
ZAF,2003-Q4,shared,primary_industries,67552259916.461174,"rand, constant 2015 prices, not seasonally adjusted",QRU1015,GDP P0441 - GDP Time series Q2 2026.xlsx
ZAF,2004-Q1,shared,primary_industries,70856483700.216,"rand, constant 2015 prices, not seasonally adjusted",QRU1015,GDP P0441 - GDP Time series Q2 2026.xlsx
ZAF,2004-Q2,shared,primary_industries,86579317040.84853,"rand, constant 2015 prices, not seasonally adjusted",QRU1015,GDP P0441 - GDP Time series Q2 2026.xlsx
ZAF,2004-Q3,shared,primary_industries,81434178255.941,"rand, constant 2015 prices, not seasonally adjusted",QRU1015,GDP P0441 - GDP Time series Q2 2026.xlsx
ZAF,2004-Q4,shared,primary_industries,67709638516.37578,"rand, constant 2015 prices, not seasonally adjusted",QRU1015,GDP P0441 - GDP Time series Q2 2026.xlsx
ZAF,2005-Q1,shared,primary_industries,75194611047.6472,"rand, constant 2015 prices, not seasonally adjusted",QRU1015,GDP P0441 - GDP Time series Q2 2026.xlsx
ZAF,2005-Q2,shared,primary_industries,85945969331.85657,"rand, constant 2015 prices, not seasonally adjusted",QRU1015,GDP P0441 - GDP Time series Q2 2026.xlsx
ZAF,2005-Q3,shared,primary_industries,82355205796.35643,"rand, constant 2015 prices, not seasonally adjusted",QRU1015,GDP P0441 - GDP Time series Q2 2026.xlsx
ZAF,2005-Q4,shared,primary_industries,67529567137.29576,"rand, constant 2015 prices, not seasonally adjusted",QRU1015,GDP P0441 - GDP Time series Q2 2026.xlsx
ZAF,2006-Q1,shared,primary_industries,72223445134.00232,"rand, constant 2015 prices, not seasonally adjusted",QRU1015,GDP P0441 - GDP Time series Q2 2026.xlsx
ZAF,2006-Q2,shared,primary_industries,81964678265.73734,"rand, constant 2015 prices, not seasonally adjusted",QRU1015,GDP P0441 - GDP Time series Q2 2026.xlsx
ZAF,2006-Q3,shared,primary_industries,79237626051.36845,"rand, constant 2015 prices, not seasonally adjusted",QRU1015,GDP P0441 - GDP Time series Q2 2026.xlsx
ZAF,2006-Q4,shared,primary_industries,72109134321.68419,"rand, constant 2015 prices, not seasonally adjusted",QRU1015,GDP P0441 - GDP Time series Q2 2026.xlsx
ZAF,2007-Q1,shared,primary_industries,73866147940.64253,"rand, constant 2015 prices, not seasonally adjusted",QRU1015,GDP P0441 - GDP Time series Q2 2026.xlsx
ZAF,2007-Q2,shared,primary_industries,82674486311.1759,"rand, constant 2015 prices, not seasonally adjusted",QRU1015,GDP P0441 - GDP Time series Q2 2026.xlsx
ZAF,2007-Q3,shared,primary_industries,79567286208.71535,"rand, constant 2015 prices, not seasonally adjusted",QRU1015,GDP P0441 - GDP Time series Q2 2026.xlsx
ZAF,2007-Q4,shared,primary_industries,70042211151.18031,"rand, constant 2015 prices, not seasonally adjusted",QRU1015,GDP P0441 - GDP Time series Q2 2026.xlsx
ZAF,2008-Q1,shared,primary_industries,72372938904.33699,"rand, constant 2015 prices, not seasonally adjusted",QRU1015,GDP P0441 - GDP Time series Q2 2026.xlsx
ZAF,2008-Q2,shared,primary_industries,85569940716.50458,"rand, constant 2015 prices, not seasonally adjusted",QRU1015,GDP P0441 - GDP Time series Q2 2026.xlsx
ZAF,2008-Q3,shared,primary_industries,80359985905.37383,"rand, constant 2015 prices, not seasonally adjusted",QRU1015,GDP P0441 - GDP Time series Q2 2026.xlsx
ZAF,2008-Q4,shared,primary_industries,69561505403.49634,"rand, constant 2015 prices, not seasonally adjusted",QRU1015,GDP P0441 - GDP Time series Q2 2026.xlsx
ZAF,2009-Q1,shared,primary_industries,68573802820.19634,"rand, constant 2015 prices, not seasonally adjusted",QRU1015,GDP P0441 - GDP Time series Q2 2026.xlsx
ZAF,2009-Q2,shared,primary_industries,80779981329.84087,"rand, constant 2015 prices, not seasonally adjusted",QRU1015,GDP P0441 - GDP Time series Q2 2026.xlsx
ZAF,2009-Q3,shared,primary_industries,77307389800.7689,"rand, constant 2015 prices, not seasonally adjusted",QRU1015,GDP P0441 - GDP Time series Q2 2026.xlsx
ZAF,2009-Q4,shared,primary_industries,68229890937.20406,"rand, constant 2015 prices, not seasonally adjusted",QRU1015,GDP P0441 - GDP Time series Q2 2026.xlsx
ZAF,2010-Q1,shared,primary_industries,73340026359.00586,"rand, constant 2015 prices, not seasonally adjusted",QRU1015,GDP P0441 - GDP Time series Q2 2026.xlsx
ZAF,2010-Q2,shared,primary_industries,81096851849.01163,"rand, constant 2015 prices, not seasonally adjusted",QRU1015,GDP P0441 - GDP Time series Q2 2026.xlsx
ZAF,2010-Q3,shared,primary_industries,79925532115.6309,"rand, constant 2015 prices, not seasonally adjusted",QRU1015,GDP P0441 - GDP Time series Q2 2026.xlsx
ZAF,2010-Q4,shared,primary_industries,71298141995.76997,"rand, constant 2015 prices, not seasonally adjusted",QRU1015,GDP P0441 - GDP Time series Q2 2026.xlsx
ZAF,2011-Q1,shared,primary_industries,73487902055.06612,"rand, constant 2015 prices, not seasonally adjusted",QRU1015,GDP P0441 - GDP Time series Q2 2026.xlsx
ZAF,2011-Q2,shared,primary_industries,84648314995.27351,"rand, constant 2015 prices, not seasonally adjusted",QRU1015,GDP P0441 - GDP Time series Q2 2026.xlsx
ZAF,2011-Q3,shared,primary_industries,78471907963.91623,"rand, constant 2015 prices, not seasonally adjusted",QRU1015,GDP P0441 - GDP Time series Q2 2026.xlsx
ZAF,2011-Q4,shared,primary_industries,69119412426.20068,"rand, constant 2015 prices, not seasonally adjusted",QRU1015,GDP P0441 - GDP Time series Q2 2026.xlsx
ZAF,2012-Q1,shared,primary_industries,69549910367.62943,"rand, constant 2015 prices, not seasonally adjusted",QRU1015,GDP P0441 - GDP Time series Q2 2026.xlsx
ZAF,2012-Q2,shared,primary_industries,86314420420.65503,"rand, constant 2015 prices, not seasonally adjusted",QRU1015,GDP P0441 - GDP Time series Q2 2026.xlsx
ZAF,2012-Q3,shared,primary_industries,77439489438.98701,"rand, constant 2015 prices, not seasonally adjusted",QRU1015,GDP P0441 - GDP Time series Q2 2026.xlsx
ZAF,2012-Q4,shared,primary_industries,67585327276.10877,"rand, constant 2015 prices, not seasonally adjusted",QRU1015,GDP P0441 - GDP Time series Q2 2026.xlsx
ZAF,2013-Q1,shared,primary_industries,70015682107.60658,"rand, constant 2015 prices, not seasonally adjusted",QRU1015,GDP P0441 - GDP Time series Q2 2026.xlsx
ZAF,2013-Q2,shared,primary_industries,87427896611.42175,"rand, constant 2015 prices, not seasonally adjusted",QRU1015,GDP P0441 - GDP Time series Q2 2026.xlsx
ZAF,2013-Q3,shared,primary_industries,81765462148.91258,"rand, constant 2015 prices, not seasonally adjusted",QRU1015,GDP P0441 - GDP Time series Q2 2026.xlsx
ZAF,2013-Q4,shared,primary_industries,74046490661.70157,"rand, constant 2015 prices, not seasonally adjusted",QRU1015,GDP P0441 - GDP Time series Q2 2026.xlsx
ZAF,2014-Q1,shared,primary_industries,71267038799.70123,"rand, constant 2015 prices, not seasonally adjusted",QRU1015,GDP P0441 - GDP Time series Q2 2026.xlsx
ZAF,2014-Q2,shared,primary_industries,90628678322.49669,"rand, constant 2015 prices, not seasonally adjusted",QRU1015,GDP P0441 - GDP Time series Q2 2026.xlsx
ZAF,2014-Q3,shared,primary_industries,83826801541.89537,"rand, constant 2015 prices, not seasonally adjusted",QRU1015,GDP P0441 - GDP Time series Q2 2026.xlsx
ZAF,2014-Q4,shared,primary_industries,74288806635.52467,"rand, constant 2015 prices, not seasonally adjusted",QRU1015,GDP P0441 - GDP Time series Q2 2026.xlsx
ZAF,2015-Q1,shared,primary_industries,78662082448.5788,"rand, constant 2015 prices, not seasonally adjusted",QRU1015,GDP P0441 - GDP Time series Q2 2026.xlsx
ZAF,2015-Q2,shared,primary_industries,92193923210.89728,"rand, constant 2015 prices, not seasonally adjusted",QRU1015,GDP P0441 - GDP Time series Q2 2026.xlsx
ZAF,2015-Q3,shared,primary_industries,80426835630.03677,"rand, constant 2015 prices, not seasonally adjusted",QRU1015,GDP P0441 - GDP Time series Q2 2026.xlsx
ZAF,2015-Q4,shared,primary_industries,75351687178.53711,"rand, constant 2015 prices, not seasonally adjusted",QRU1015,GDP P0441 - GDP Time series Q2 2026.xlsx
ZAF,2016-Q1,shared,primary_industries,74363724764.4751,"rand, constant 2015 prices, not seasonally adjusted",QRU1015,GDP P0441 - GDP Time series Q2 2026.xlsx
ZAF,2016-Q2,shared,primary_industries,88210736566.43782,"rand, constant 2015 prices, not seasonally adjusted",QRU1015,GDP P0441 - GDP Time series Q2 2026.xlsx
ZAF,2016-Q3,shared,primary_industries,78973277222.68729,"rand, constant 2015 prices, not seasonally adjusted",QRU1015,GDP P0441 - GDP Time series Q2 2026.xlsx
ZAF,2016-Q4,shared,primary_industries,72265350077.38152,"rand, constant 2015 prices, not seasonally adjusted",QRU1015,GDP P0441 - GDP Time series Q2 2026.xlsx
ZAF,2017-Q1,shared,primary_industries,77357005876.11095,"rand, constant 2015 prices, not seasonally adjusted",QRU1015,GDP P0441 - GDP Time series Q2 2026.xlsx
ZAF,2017-Q2,shared,primary_industries,97534369059.58163,"rand, constant 2015 prices, not seasonally adjusted",QRU1015,GDP P0441 - GDP Time series Q2 2026.xlsx
ZAF,2017-Q3,shared,primary_industries,87660562544.23756,"rand, constant 2015 prices, not seasonally adjusted",QRU1015,GDP P0441 - GDP Time series Q2 2026.xlsx
ZAF,2017-Q4,shared,primary_industries,74412840499.18616,"rand, constant 2015 prices, not seasonally adjusted",QRU1015,GDP P0441 - GDP Time series Q2 2026.xlsx
ZAF,2018-Q1,shared,primary_industries,77091843595.74455,"rand, constant 2015 prices, not seasonally adjusted",QRU1015,GDP P0441 - GDP Time series Q2 2026.xlsx
ZAF,2018-Q2,shared,primary_industries,94829316700.0775,"rand, constant 2015 prices, not seasonally adjusted",QRU1015,GDP P0441 - GDP Time series Q2 2026.xlsx
ZAF,2018-Q3,shared,primary_industries,73928908554.60393,"rand, constant 2015 prices, not seasonally adjusted",QRU1015,GDP P0441 - GDP Time series Q2 2026.xlsx
ZAF,2019-Q1,shared,primary_industries,73574809160.0347,"rand, constant 2015 prices, not seasonally adjusted",QRU1015,GDP P0441 - GDP Time series Q2 2026.xlsx
ZAF,2019-Q2,shared,primary_industries,91370615988.11777,"rand, constant 2015 prices, not seasonally adjusted",QRU1015,GDP P0441 - GDP Time series Q2 2026.xlsx
ZAF,2019-Q3,shared,primary_industries,87462551973.54604,"rand, constant 2015 prices, not seasonally adjusted",QRU1015,GDP P0441 - GDP Time series Q2 2026.xlsx
ZAF,2019-Q4,shared,primary_industries,74476841056.40048,"rand, constant 2015 prices, not seasonally adjusted",QRU1015,GDP P0441 - GDP Time series Q2 2026.xlsx
ZAF,2020-Q1,shared,primary_industries,78588205383.27936,"rand, constant 2015 prices, not seasonally adjusted",QRU1015,GDP P0441 - GDP Time series Q2 2026.xlsx
ZAF,2020-Q2,shared,primary_industries,77211498351.13634,"rand, constant 2015 prices, not seasonally adjusted",QRU1015,GDP P0441 - GDP Time series Q2 2026.xlsx
ZAF,2020-Q3,shared,primary_industries,88136568967.97777,"rand, constant 2015 prices, not seasonally adjusted",QRU1015,GDP P0441 - GDP Time series Q2 2026.xlsx
ZAF,2020-Q4,shared,primary_industries,73918682646.18709,"rand, constant 2015 prices, not seasonally adjusted",QRU1015,GDP P0441 - GDP Time series Q2 2026.xlsx
ZAF,2021-Q1,shared,primary_industries,80743730842.65375,"rand, constant 2015 prices, not seasonally adjusted",QRU1015,GDP P0441 - GDP Time series Q2 2026.xlsx
ZAF,2021-Q2,shared,primary_industries,105600911611.7538,"rand, constant 2015 prices, not seasonally adjusted",QRU1015,GDP P0441 - GDP Time series Q2 2026.xlsx
ZAF,2021-Q3,shared,primary_industries,86662020327.39514,"rand, constant 2015 prices, not seasonally adjusted",QRU1015,GDP P0441 - GDP Time series Q2 2026.xlsx
ZAF,2021-Q4,shared,primary_industries,75612424682.18744,"rand, constant 2015 prices, not seasonally adjusted",QRU1015,GDP P0441 - GDP Time series Q2 2026.xlsx
ZAF,2022-Q1,shared,primary_industries,78029712997.83525,"rand, constant 2015 prices, not seasonally adjusted",QRU1015,GDP P0441 - GDP Time series Q2 2026.xlsx
ZAF,2022-Q2,shared,primary_industries,90256691257.70486,"rand, constant 2015 prices, not seasonally adjusted",QRU1015,GDP P0441 - GDP Time series Q2 2026.xlsx
ZAF,2022-Q3,shared,primary_industries,95116326221.51344,"rand, constant 2015 prices, not seasonally adjusted",QRU1015,GDP P0441 - GDP Time series Q2 2026.xlsx
ZAF,2022-Q4,shared,primary_industries,72820834387.64738,"rand, constant 2015 prices, not seasonally adjusted",QRU1015,GDP P0441 - GDP Time series Q2 2026.xlsx
ZAF,2023-Q1,shared,primary_industries,78336546187.02032,"rand, constant 2015 prices, not seasonally adjusted",QRU1015,GDP P0441 - GDP Time series Q2 2026.xlsx
ZAF,2023-Q2,shared,primary_industries,99796871389.69148,"rand, constant 2015 prices, not seasonally adjusted",QRU1015,GDP P0441 - GDP Time series Q2 2026.xlsx
ZAF,2023-Q3,shared,primary_industries,81867504933.32773,"rand, constant 2015 prices, not seasonally adjusted",QRU1015,GDP P0441 - GDP Time series Q2 2026.xlsx
ZAF,2023-Q4,shared,primary_industries,69974419601.26076,"rand, constant 2015 prices, not seasonally adjusted",QRU1015,GDP P0441 - GDP Time series Q2 2026.xlsx
ZAF,2024-Q1,shared,primary_industries,78043022375.32613,"rand, constant 2015 prices, not seasonally adjusted",QRU1015,GDP P0441 - GDP Time series Q2 2026.xlsx
ZAF,2024-Q2,shared,primary_industries,94130883796.20705,"rand, constant 2015 prices, not seasonally adjusted",QRU1015,GDP P0441 - GDP Time series Q2 2026.xlsx
ZAF,2024-Q3,shared,primary_industries,76669006748.42848,"rand, constant 2015 prices, not seasonally adjusted",QRU1015,GDP P0441 - GDP Time series Q2 2026.xlsx
ZAF,2024-Q4,shared,primary_industries,71074558816.93796,"rand, constant 2015 prices, not seasonally adjusted",QRU1015,GDP P0441 - GDP Time series Q2 2026.xlsx
ZAF,2025-Q1,shared,primary_industries,83193351154.8041,"rand, constant 2015 prices, not seasonally adjusted",QRU1015,GDP P0441 - GDP Time series Q2 2026.xlsx
ZAF,2025-Q2,shared,primary_industries,94741954772.41519,"rand, constant 2015 prices, not seasonally adjusted",QRU1015,GDP P0441 - GDP Time series Q2 2026.xlsx
ZAF,2025-Q3,shared,primary_industries,92513662745.9896,"rand, constant 2015 prices, not seasonally adjusted",QRU1015,GDP P0441 - GDP Time series Q2 2026.xlsx
ZAF,2025-Q4,shared,primary_industries,69812664322.76164,"rand, constant 2015 prices, not seasonally adjusted",QRU1015,GDP P0441 - GDP Time series Q2 2026.xlsx
ZAF,2026-Q1,shared,primary_industries,87734271035.62132,"rand, constant 2015 prices, not seasonally adjusted",QRU1015,GDP P0441 - GDP Time series Q2 2026.xlsx
ZAF,2026-Q2,shared,primary_industries,95141752798.29358,"rand, constant 2015 prices, not seasonally adjusted",QRU1015,GDP P0441 - GDP Time series Q2 2026.xlsx
ZAF,1993-Q1,shared,secondary_industries,115949313683.5779,"rand, constant 2015 prices, not seasonally adjusted",QRU1016,GDP P0441 - GDP Time series Q2 2026.xlsx
ZAF,1993-Q2,shared,secondary_industries,116483932172.41354,"rand, constant 2015 prices, not seasonally adjusted",QRU1016,GDP P0441 - GDP Time series Q2 2026.xlsx
ZAF,1993-Q3,shared,secondary_industries,122525331373.60587,"rand, constant 2015 prices, not seasonally adjusted",QRU1016,GDP P0441 - GDP Time series Q2 2026.xlsx
ZAF,1993-Q4,shared,secondary_industries,121754234038.70404,"rand, constant 2015 prices, not seasonally adjusted",QRU1016,GDP P0441 - GDP Time series Q2 2026.xlsx
ZAF,1994-Q1,shared,secondary_industries,117724223794.85326,"rand, constant 2015 prices, not seasonally adjusted",QRU1016,GDP P0441 - GDP Time series Q2 2026.xlsx
ZAF,1994-Q2,shared,secondary_industries,119582980953.4952,"rand, constant 2015 prices, not seasonally adjusted",QRU1016,GDP P0441 - GDP Time series Q2 2026.xlsx
ZAF,1994-Q3,shared,secondary_industries,126729945992.98128,"rand, constant 2015 prices, not seasonally adjusted",QRU1016,GDP P0441 - GDP Time series Q2 2026.xlsx
ZAF,1994-Q4,shared,secondary_industries,128267020666.17041,"rand, constant 2015 prices, not seasonally adjusted",QRU1016,GDP P0441 - GDP Time series Q2 2026.xlsx
ZAF,1995-Q1,shared,secondary_industries,125399114858.50856,"rand, constant 2015 prices, not seasonally adjusted",QRU1016,GDP P0441 - GDP Time series Q2 2026.xlsx
ZAF,1995-Q2,shared,secondary_industries,127726582244.83908,"rand, constant 2015 prices, not seasonally adjusted",QRU1016,GDP P0441 - GDP Time series Q2 2026.xlsx
ZAF,1995-Q3,shared,secondary_industries,134250892657.25735,"rand, constant 2015 prices, not seasonally adjusted",QRU1016,GDP P0441 - GDP Time series Q2 2026.xlsx
ZAF,1995-Q4,shared,secondary_industries,131204722198.57004,"rand, constant 2015 prices, not seasonally adjusted",QRU1016,GDP P0441 - GDP Time series Q2 2026.xlsx
ZAF,1996-Q1,shared,secondary_industries,128122132537.10461,"rand, constant 2015 prices, not seasonally adjusted",QRU1016,GDP P0441 - GDP Time series Q2 2026.xlsx
ZAF,1996-Q2,shared,secondary_industries,130540784381.57625,"rand, constant 2015 prices, not seasonally adjusted",QRU1016,GDP P0441 - GDP Time series Q2 2026.xlsx
ZAF,1996-Q3,shared,secondary_industries,138132134389.43033,"rand, constant 2015 prices, not seasonally adjusted",QRU1016,GDP P0441 - GDP Time series Q2 2026.xlsx
ZAF,1996-Q4,shared,secondary_industries,137951002488.4507,"rand, constant 2015 prices, not seasonally adjusted",QRU1016,GDP P0441 - GDP Time series Q2 2026.xlsx
ZAF,1997-Q1,shared,secondary_industries,132423954242.05272,"rand, constant 2015 prices, not seasonally adjusted",QRU1016,GDP P0441 - GDP Time series Q2 2026.xlsx
ZAF,1997-Q2,shared,secondary_industries,136594698727.02757,"rand, constant 2015 prices, not seasonally adjusted",QRU1016,GDP P0441 - GDP Time series Q2 2026.xlsx
ZAF,1997-Q3,shared,secondary_industries,141314972115.18668,"rand, constant 2015 prices, not seasonally adjusted",QRU1016,GDP P0441 - GDP Time series Q2 2026.xlsx
ZAF,1997-Q4,shared,secondary_industries,140514234660.93314,"rand, constant 2015 prices, not seasonally adjusted",QRU1016,GDP P0441 - GDP Time series Q2 2026.xlsx
ZAF,1998-Q1,shared,secondary_industries,132387203535.18042,"rand, constant 2015 prices, not seasonally adjusted",QRU1016,GDP P0441 - GDP Time series Q2 2026.xlsx
ZAF,1998-Q2,shared,secondary_industries,134178052344.25969,"rand, constant 2015 prices, not seasonally adjusted",QRU1016,GDP P0441 - GDP Time series Q2 2026.xlsx
ZAF,1998-Q3,shared,secondary_industries,136824741852.34352,"rand, constant 2015 prices, not seasonally adjusted",QRU1016,GDP P0441 - GDP Time series Q2 2026.xlsx
ZAF,1998-Q4,shared,secondary_industries,136359629883.53279,"rand, constant 2015 prices, not seasonally adjusted",QRU1016,GDP P0441 - GDP Time series Q2 2026.xlsx
ZAF,1999-Q1,shared,secondary_industries,128849181735.01437,"rand, constant 2015 prices, not seasonally adjusted",QRU1016,GDP P0441 - GDP Time series Q2 2026.xlsx
ZAF,1999-Q2,shared,secondary_industries,132440055389.466,"rand, constant 2015 prices, not seasonally adjusted",QRU1016,GDP P0441 - GDP Time series Q2 2026.xlsx
ZAF,1999-Q3,shared,secondary_industries,138252166145.04327,"rand, constant 2015 prices, not seasonally adjusted",QRU1016,GDP P0441 - GDP Time series Q2 2026.xlsx
ZAF,1999-Q4,shared,secondary_industries,141198079319.7637,"rand, constant 2015 prices, not seasonally adjusted",QRU1016,GDP P0441 - GDP Time series Q2 2026.xlsx
ZAF,2000-Q1,shared,secondary_industries,136468900295.49544,"rand, constant 2015 prices, not seasonally adjusted",QRU1016,GDP P0441 - GDP Time series Q2 2026.xlsx
ZAF,2000-Q2,shared,secondary_industries,141476931539.23074,"rand, constant 2015 prices, not seasonally adjusted",QRU1016,GDP P0441 - GDP Time series Q2 2026.xlsx
ZAF,2000-Q3,shared,secondary_industries,148677664550.23355,"rand, constant 2015 prices, not seasonally adjusted",QRU1016,GDP P0441 - GDP Time series Q2 2026.xlsx
ZAF,2000-Q4,shared,secondary_industries,151597301811.18945,"rand, constant 2015 prices, not seasonally adjusted",QRU1016,GDP P0441 - GDP Time series Q2 2026.xlsx
ZAF,2001-Q1,shared,secondary_industries,143404108282.03055,"rand, constant 2015 prices, not seasonally adjusted",QRU1016,GDP P0441 - GDP Time series Q2 2026.xlsx
ZAF,2001-Q2,shared,secondary_industries,146262815352.01453,"rand, constant 2015 prices, not seasonally adjusted",QRU1016,GDP P0441 - GDP Time series Q2 2026.xlsx
ZAF,2001-Q3,shared,secondary_industries,149779314034.47314,"rand, constant 2015 prices, not seasonally adjusted",QRU1016,GDP P0441 - GDP Time series Q2 2026.xlsx
ZAF,2001-Q4,shared,secondary_industries,151422600481.78442,"rand, constant 2015 prices, not seasonally adjusted",QRU1016,GDP P0441 - GDP Time series Q2 2026.xlsx
ZAF,2002-Q1,shared,secondary_industries,144967278783.006,"rand, constant 2015 prices, not seasonally adjusted",QRU1016,GDP P0441 - GDP Time series Q2 2026.xlsx
ZAF,2002-Q2,shared,secondary_industries,150135408345.6781,"rand, constant 2015 prices, not seasonally adjusted",QRU1016,GDP P0441 - GDP Time series Q2 2026.xlsx
ZAF,2002-Q3,shared,secondary_industries,157090775670.92252,"rand, constant 2015 prices, not seasonally adjusted",QRU1016,GDP P0441 - GDP Time series Q2 2026.xlsx
ZAF,2002-Q4,shared,secondary_industries,157866337140.05225,"rand, constant 2015 prices, not seasonally adjusted",QRU1016,GDP P0441 - GDP Time series Q2 2026.xlsx
ZAF,2003-Q1,shared,secondary_industries,149164669584.87863,"rand, constant 2015 prices, not seasonally adjusted",QRU1016,GDP P0441 - GDP Time series Q2 2026.xlsx
ZAF,2003-Q2,shared,secondary_industries,150494664920.4743,"rand, constant 2015 prices, not seasonally adjusted",QRU1016,GDP P0441 - GDP Time series Q2 2026.xlsx
ZAF,2003-Q3,shared,secondary_industries,156316760714.11484,"rand, constant 2015 prices, not seasonally adjusted",QRU1016,GDP P0441 - GDP Time series Q2 2026.xlsx
ZAF,2003-Q4,shared,secondary_industries,155732174486.70276,"rand, constant 2015 prices, not seasonally adjusted",QRU1016,GDP P0441 - GDP Time series Q2 2026.xlsx
ZAF,2004-Q1,shared,secondary_industries,153832823639.99335,"rand, constant 2015 prices, not seasonally adjusted",QRU1016,GDP P0441 - GDP Time series Q2 2026.xlsx
ZAF,2004-Q2,shared,secondary_industries,158462466644.02878,"rand, constant 2015 prices, not seasonally adjusted",QRU1016,GDP P0441 - GDP Time series Q2 2026.xlsx
ZAF,2004-Q3,shared,secondary_industries,167185850759.79306,"rand, constant 2015 prices, not seasonally adjusted",QRU1016,GDP P0441 - GDP Time series Q2 2026.xlsx
ZAF,2004-Q4,shared,secondary_industries,167258894312.2082,"rand, constant 2015 prices, not seasonally adjusted",QRU1016,GDP P0441 - GDP Time series Q2 2026.xlsx
ZAF,2005-Q1,shared,secondary_industries,161402977658.94186,"rand, constant 2015 prices, not seasonally adjusted",QRU1016,GDP P0441 - GDP Time series Q2 2026.xlsx
ZAF,2005-Q2,shared,secondary_industries,170333616617.20883,"rand, constant 2015 prices, not seasonally adjusted",QRU1016,GDP P0441 - GDP Time series Q2 2026.xlsx
ZAF,2005-Q3,shared,secondary_industries,179080242807.2414,"rand, constant 2015 prices, not seasonally adjusted",QRU1016,GDP P0441 - GDP Time series Q2 2026.xlsx
ZAF,2005-Q4,shared,secondary_industries,179755152155.56125,"rand, constant 2015 prices, not seasonally adjusted",QRU1016,GDP P0441 - GDP Time series Q2 2026.xlsx
ZAF,2006-Q1,shared,secondary_industries,172305613999.40112,"rand, constant 2015 prices, not seasonally adjusted",QRU1016,GDP P0441 - GDP Time series Q2 2026.xlsx
ZAF,2006-Q2,shared,secondary_industries,180104027259.75302,"rand, constant 2015 prices, not seasonally adjusted",QRU1016,GDP P0441 - GDP Time series Q2 2026.xlsx
ZAF,2006-Q3,shared,secondary_industries,189684131548.65988,"rand, constant 2015 prices, not seasonally adjusted",QRU1016,GDP P0441 - GDP Time series Q2 2026.xlsx
ZAF,2006-Q4,shared,secondary_industries,193078930734.70795,"rand, constant 2015 prices, not seasonally adjusted",QRU1016,GDP P0441 - GDP Time series Q2 2026.xlsx
ZAF,2007-Q1,shared,secondary_industries,185323948963.36664,"rand, constant 2015 prices, not seasonally adjusted",QRU1016,GDP P0441 - GDP Time series Q2 2026.xlsx
ZAF,2007-Q2,shared,secondary_industries,191681404853.2737,"rand, constant 2015 prices, not seasonally adjusted",QRU1016,GDP P0441 - GDP Time series Q2 2026.xlsx
ZAF,2007-Q3,shared,secondary_industries,199447692597.0997,"rand, constant 2015 prices, not seasonally adjusted",QRU1016,GDP P0441 - GDP Time series Q2 2026.xlsx
ZAF,2007-Q4,shared,secondary_industries,205970064565.25366,"rand, constant 2015 prices, not seasonally adjusted",QRU1016,GDP P0441 - GDP Time series Q2 2026.xlsx
ZAF,2008-Q1,shared,secondary_industries,191026414256.6323,"rand, constant 2015 prices, not seasonally adjusted",QRU1016,GDP P0441 - GDP Time series Q2 2026.xlsx
ZAF,2008-Q2,shared,secondary_industries,201959408045.9408,"rand, constant 2015 prices, not seasonally adjusted",QRU1016,GDP P0441 - GDP Time series Q2 2026.xlsx
ZAF,2008-Q3,shared,secondary_industries,208036891084.12622,"rand, constant 2015 prices, not seasonally adjusted",QRU1016,GDP P0441 - GDP Time series Q2 2026.xlsx
ZAF,2008-Q4,shared,secondary_industries,201034447129.10416,"rand, constant 2015 prices, not seasonally adjusted",QRU1016,GDP P0441 - GDP Time series Q2 2026.xlsx
ZAF,2009-Q1,shared,secondary_industries,179532213876.85648,"rand, constant 2015 prices, not seasonally adjusted",QRU1016,GDP P0441 - GDP Time series Q2 2026.xlsx
ZAF,2009-Q2,shared,secondary_industries,182629404295.4001,"rand, constant 2015 prices, not seasonally adjusted",QRU1016,GDP P0441 - GDP Time series Q2 2026.xlsx
ZAF,2009-Q3,shared,secondary_industries,193004776186.39227,"rand, constant 2015 prices, not seasonally adjusted",QRU1016,GDP P0441 - GDP Time series Q2 2026.xlsx
ZAF,2009-Q4,shared,secondary_industries,196739978765.51505,"rand, constant 2015 prices, not seasonally adjusted",QRU1016,GDP P0441 - GDP Time series Q2 2026.xlsx
ZAF,2010-Q1,shared,secondary_industries,186296981912.08167,"rand, constant 2015 prices, not seasonally adjusted",QRU1016,GDP P0441 - GDP Time series Q2 2026.xlsx
ZAF,2010-Q2,shared,secondary_industries,195300836790.5021,"rand, constant 2015 prices, not seasonally adjusted",QRU1016,GDP P0441 - GDP Time series Q2 2026.xlsx
ZAF,2010-Q3,shared,secondary_industries,200896738548.44772,"rand, constant 2015 prices, not seasonally adjusted",QRU1016,GDP P0441 - GDP Time series Q2 2026.xlsx
ZAF,2010-Q4,shared,secondary_industries,202555536336.43048,"rand, constant 2015 prices, not seasonally adjusted",QRU1016,GDP P0441 - GDP Time series Q2 2026.xlsx
ZAF,2011-Q1,shared,secondary_industries,193507782334.82245,"rand, constant 2015 prices, not seasonally adjusted",QRU1016,GDP P0441 - GDP Time series Q2 2026.xlsx
ZAF,2011-Q2,shared,secondary_industries,198236966806.4309,"rand, constant 2015 prices, not seasonally adjusted",QRU1016,GDP P0441 - GDP Time series Q2 2026.xlsx
ZAF,2011-Q3,shared,secondary_industries,204521272122.63913,"rand, constant 2015 prices, not seasonally adjusted",QRU1016,GDP P0441 - GDP Time series Q2 2026.xlsx
ZAF,2011-Q4,shared,secondary_industries,207150686972.10022,"rand, constant 2015 prices, not seasonally adjusted",QRU1016,GDP P0441 - GDP Time series Q2 2026.xlsx
ZAF,2012-Q1,shared,secondary_industries,195547265528.28052,"rand, constant 2015 prices, not seasonally adjusted",QRU1016,GDP P0441 - GDP Time series Q2 2026.xlsx
ZAF,2012-Q2,shared,secondary_industries,201383628432.27664,"rand, constant 2015 prices, not seasonally adjusted",QRU1016,GDP P0441 - GDP Time series Q2 2026.xlsx
ZAF,2012-Q3,shared,secondary_industries,208182868960.52124,"rand, constant 2015 prices, not seasonally adjusted",QRU1016,GDP P0441 - GDP Time series Q2 2026.xlsx
ZAF,2012-Q4,shared,secondary_industries,212823908457.15497,"rand, constant 2015 prices, not seasonally adjusted",QRU1016,GDP P0441 - GDP Time series Q2 2026.xlsx
ZAF,2013-Q1,shared,secondary_industries,195466322158.91342,"rand, constant 2015 prices, not seasonally adjusted",QRU1016,GDP P0441 - GDP Time series Q2 2026.xlsx
ZAF,2013-Q2,shared,secondary_industries,206325582494.61505,"rand, constant 2015 prices, not seasonally adjusted",QRU1016,GDP P0441 - GDP Time series Q2 2026.xlsx
ZAF,2013-Q3,shared,secondary_industries,211727938772.9012,"rand, constant 2015 prices, not seasonally adjusted",QRU1016,GDP P0441 - GDP Time series Q2 2026.xlsx
ZAF,2013-Q4,shared,secondary_industries,215819464153.70526,"rand, constant 2015 prices, not seasonally adjusted",QRU1016,GDP P0441 - GDP Time series Q2 2026.xlsx
ZAF,2014-Q1,shared,secondary_industries,198555412036.69342,"rand, constant 2015 prices, not seasonally adjusted",QRU1016,GDP P0441 - GDP Time series Q2 2026.xlsx
ZAF,2014-Q2,shared,secondary_industries,203422938903.45184,"rand, constant 2015 prices, not seasonally adjusted",QRU1016,GDP P0441 - GDP Time series Q2 2026.xlsx
ZAF,2014-Q3,shared,secondary_industries,208403237233.63486,"rand, constant 2015 prices, not seasonally adjusted",QRU1016,GDP P0441 - GDP Time series Q2 2026.xlsx
ZAF,2014-Q4,shared,secondary_industries,215951407295.35983,"rand, constant 2015 prices, not seasonally adjusted",QRU1016,GDP P0441 - GDP Time series Q2 2026.xlsx
ZAF,2015-Q1,shared,secondary_industries,199237362147.0272,"rand, constant 2015 prices, not seasonally adjusted",QRU1016,GDP P0441 - GDP Time series Q2 2026.xlsx
ZAF,2015-Q2,shared,secondary_industries,199484892870.31042,"rand, constant 2015 prices, not seasonally adjusted",QRU1016,GDP P0441 - GDP Time series Q2 2026.xlsx
ZAF,2015-Q3,shared,secondary_industries,209617051128.27155,"rand, constant 2015 prices, not seasonally adjusted",QRU1016,GDP P0441 - GDP Time series Q2 2026.xlsx
ZAF,2015-Q4,shared,secondary_industries,212941774756.6956,"rand, constant 2015 prices, not seasonally adjusted",QRU1016,GDP P0441 - GDP Time series Q2 2026.xlsx
ZAF,2016-Q1,shared,secondary_industries,196768792035.98123,"rand, constant 2015 prices, not seasonally adjusted",QRU1016,GDP P0441 - GDP Time series Q2 2026.xlsx
ZAF,2016-Q2,shared,secondary_industries,204765073531.25482,"rand, constant 2015 prices, not seasonally adjusted",QRU1016,GDP P0441 - GDP Time series Q2 2026.xlsx
ZAF,2016-Q3,shared,secondary_industries,210288085456.11777,"rand, constant 2015 prices, not seasonally adjusted",QRU1016,GDP P0441 - GDP Time series Q2 2026.xlsx
ZAF,2016-Q4,shared,secondary_industries,210000859071.16492,"rand, constant 2015 prices, not seasonally adjusted",QRU1016,GDP P0441 - GDP Time series Q2 2026.xlsx
ZAF,2017-Q1,shared,secondary_industries,193539054750.2843,"rand, constant 2015 prices, not seasonally adjusted",QRU1016,GDP P0441 - GDP Time series Q2 2026.xlsx
ZAF,2017-Q2,shared,secondary_industries,198973407700.2842,"rand, constant 2015 prices, not seasonally adjusted",QRU1016,GDP P0441 - GDP Time series Q2 2026.xlsx
ZAF,2017-Q3,shared,secondary_industries,207497008213.30573,"rand, constant 2015 prices, not seasonally adjusted",QRU1016,GDP P0441 - GDP Time series Q2 2026.xlsx
ZAF,2017-Q4,shared,secondary_industries,212174564224.2941,"rand, constant 2015 prices, not seasonally adjusted",QRU1016,GDP P0441 - GDP Time series Q2 2026.xlsx
ZAF,2018-Q1,shared,secondary_industries,192787832513.13748,"rand, constant 2015 prices, not seasonally adjusted",QRU1016,GDP P0441 - GDP Time series Q2 2026.xlsx
ZAF,2018-Q2,shared,secondary_industries,200918659074.32812,"rand, constant 2015 prices, not seasonally adjusted",QRU1016,GDP P0441 - GDP Time series Q2 2026.xlsx
ZAF,2018-Q3,shared,secondary_industries,215153840285.1611,"rand, constant 2015 prices, not seasonally adjusted",QRU1016,GDP P0441 - GDP Time series Q2 2026.xlsx
ZAF,2019-Q1,shared,secondary_industries,193290575405.2451,"rand, constant 2015 prices, not seasonally adjusted",QRU1016,GDP P0441 - GDP Time series Q2 2026.xlsx
ZAF,2019-Q2,shared,secondary_industries,200349593010.60422,"rand, constant 2015 prices, not seasonally adjusted",QRU1016,GDP P0441 - GDP Time series Q2 2026.xlsx
ZAF,2019-Q3,shared,secondary_industries,205985145779.43674,"rand, constant 2015 prices, not seasonally adjusted",QRU1016,GDP P0441 - GDP Time series Q2 2026.xlsx
ZAF,2019-Q4,shared,secondary_industries,207253480053.86453,"rand, constant 2015 prices, not seasonally adjusted",QRU1016,GDP P0441 - GDP Time series Q2 2026.xlsx
ZAF,2020-Q1,shared,secondary_industries,186525501638.06516,"rand, constant 2015 prices, not seasonally adjusted",QRU1016,GDP P0441 - GDP Time series Q2 2026.xlsx
ZAF,2020-Q2,shared,secondary_industries,138486423421.82614,"rand, constant 2015 prices, not seasonally adjusted",QRU1016,GDP P0441 - GDP Time series Q2 2026.xlsx
ZAF,2020-Q3,shared,secondary_industries,186461733007.89337,"rand, constant 2015 prices, not seasonally adjusted",QRU1016,GDP P0441 - GDP Time series Q2 2026.xlsx
ZAF,2020-Q4,shared,secondary_industries,196751917974.40213,"rand, constant 2015 prices, not seasonally adjusted",QRU1016,GDP P0441 - GDP Time series Q2 2026.xlsx
ZAF,2021-Q1,shared,secondary_industries,180710729661.16782,"rand, constant 2015 prices, not seasonally adjusted",QRU1016,GDP P0441 - GDP Time series Q2 2026.xlsx
ZAF,2021-Q2,shared,secondary_industries,184036302011.53906,"rand, constant 2015 prices, not seasonally adjusted",QRU1016,GDP P0441 - GDP Time series Q2 2026.xlsx
ZAF,2021-Q3,shared,secondary_industries,185968332163.23898,"rand, constant 2015 prices, not seasonally adjusted",QRU1016,GDP P0441 - GDP Time series Q2 2026.xlsx
ZAF,2021-Q4,shared,secondary_industries,190403717655.78177,"rand, constant 2015 prices, not seasonally adjusted",QRU1016,GDP P0441 - GDP Time series Q2 2026.xlsx
ZAF,2022-Q1,shared,secondary_industries,180258203417.94394,"rand, constant 2015 prices, not seasonally adjusted",QRU1016,GDP P0441 - GDP Time series Q2 2026.xlsx
ZAF,2022-Q2,shared,secondary_industries,177720493670.40384,"rand, constant 2015 prices, not seasonally adjusted",QRU1016,GDP P0441 - GDP Time series Q2 2026.xlsx
ZAF,2022-Q3,shared,secondary_industries,188459567334.5387,"rand, constant 2015 prices, not seasonally adjusted",QRU1016,GDP P0441 - GDP Time series Q2 2026.xlsx
ZAF,2022-Q4,shared,secondary_industries,187635668432.55127,"rand, constant 2015 prices, not seasonally adjusted",QRU1016,GDP P0441 - GDP Time series Q2 2026.xlsx
ZAF,2023-Q1,shared,secondary_industries,174551527859.88474,"rand, constant 2015 prices, not seasonally adjusted",QRU1016,GDP P0441 - GDP Time series Q2 2026.xlsx
ZAF,2023-Q2,shared,secondary_industries,181683346095.3772,"rand, constant 2015 prices, not seasonally adjusted",QRU1016,GDP P0441 - GDP Time series Q2 2026.xlsx
ZAF,2023-Q3,shared,secondary_industries,185620649871.5015,"rand, constant 2015 prices, not seasonally adjusted",QRU1016,GDP P0441 - GDP Time series Q2 2026.xlsx
ZAF,2023-Q4,shared,secondary_industries,189392488390.77475,"rand, constant 2015 prices, not seasonally adjusted",QRU1016,GDP P0441 - GDP Time series Q2 2026.xlsx
ZAF,2024-Q1,shared,secondary_industries,172138243797.78778,"rand, constant 2015 prices, not seasonally adjusted",QRU1016,GDP P0441 - GDP Time series Q2 2026.xlsx
ZAF,2024-Q2,shared,secondary_industries,179695020674.21426,"rand, constant 2015 prices, not seasonally adjusted",QRU1016,GDP P0441 - GDP Time series Q2 2026.xlsx
ZAF,2024-Q3,shared,secondary_industries,186033563214.8839,"rand, constant 2015 prices, not seasonally adjusted",QRU1016,GDP P0441 - GDP Time series Q2 2026.xlsx
ZAF,2024-Q4,shared,secondary_industries,188949184530.65222,"rand, constant 2015 prices, not seasonally adjusted",QRU1016,GDP P0441 - GDP Time series Q2 2026.xlsx
ZAF,2025-Q1,shared,secondary_industries,168740325012.96646,"rand, constant 2015 prices, not seasonally adjusted",QRU1016,GDP P0441 - GDP Time series Q2 2026.xlsx
ZAF,2025-Q2,shared,secondary_industries,176251892792.88596,"rand, constant 2015 prices, not seasonally adjusted",QRU1016,GDP P0441 - GDP Time series Q2 2026.xlsx
ZAF,2025-Q3,shared,secondary_industries,182416055951.48343,"rand, constant 2015 prices, not seasonally adjusted",QRU1016,GDP P0441 - GDP Time series Q2 2026.xlsx
ZAF,2025-Q4,shared,secondary_industries,184434589229.19748,"rand, constant 2015 prices, not seasonally adjusted",QRU1016,GDP P0441 - GDP Time series Q2 2026.xlsx
ZAF,2026-Q1,shared,secondary_industries,166663953158.73322,"rand, constant 2015 prices, not seasonally adjusted",QRU1016,GDP P0441 - GDP Time series Q2 2026.xlsx
ZAF,2026-Q2,shared,secondary_industries,171481304317.95718,"rand, constant 2015 prices, not seasonally adjusted",QRU1016,GDP P0441 - GDP Time series Q2 2026.xlsx
ZAF,1993-Q1,shared,tertiary_industries,315934869163.0743,"rand, constant 2015 prices, not seasonally adjusted",QRU1017,GDP P0441 - GDP Time series Q2 2026.xlsx
ZAF,1993-Q2,shared,tertiary_industries,316473605159.60034,"rand, constant 2015 prices, not seasonally adjusted",QRU1017,GDP P0441 - GDP Time series Q2 2026.xlsx
ZAF,1993-Q3,shared,tertiary_industries,326502412234.8999,"rand, constant 2015 prices, not seasonally adjusted",QRU1017,GDP P0441 - GDP Time series Q2 2026.xlsx
ZAF,1993-Q4,shared,tertiary_industries,337266553175.45184,"rand, constant 2015 prices, not seasonally adjusted",QRU1017,GDP P0441 - GDP Time series Q2 2026.xlsx
ZAF,1994-Q1,shared,tertiary_industries,322238007615.54333,"rand, constant 2015 prices, not seasonally adjusted",QRU1017,GDP P0441 - GDP Time series Q2 2026.xlsx
ZAF,1994-Q2,shared,tertiary_industries,326826832592.0035,"rand, constant 2015 prices, not seasonally adjusted",QRU1017,GDP P0441 - GDP Time series Q2 2026.xlsx
ZAF,1994-Q3,shared,tertiary_industries,338392009796.98145,"rand, constant 2015 prices, not seasonally adjusted",QRU1017,GDP P0441 - GDP Time series Q2 2026.xlsx
ZAF,1994-Q4,shared,tertiary_industries,352301728071.8933,"rand, constant 2015 prices, not seasonally adjusted",QRU1017,GDP P0441 - GDP Time series Q2 2026.xlsx
ZAF,1995-Q1,shared,tertiary_industries,337760711820.5221,"rand, constant 2015 prices, not seasonally adjusted",QRU1017,GDP P0441 - GDP Time series Q2 2026.xlsx
ZAF,1995-Q2,shared,tertiary_industries,343053056712.504,"rand, constant 2015 prices, not seasonally adjusted",QRU1017,GDP P0441 - GDP Time series Q2 2026.xlsx
ZAF,1995-Q3,shared,tertiary_industries,354809131574.73175,"rand, constant 2015 prices, not seasonally adjusted",QRU1017,GDP P0441 - GDP Time series Q2 2026.xlsx
ZAF,1995-Q4,shared,tertiary_industries,367631100678.23413,"rand, constant 2015 prices, not seasonally adjusted",QRU1017,GDP P0441 - GDP Time series Q2 2026.xlsx
ZAF,1996-Q1,shared,tertiary_industries,354388498911.4651,"rand, constant 2015 prices, not seasonally adjusted",QRU1017,GDP P0441 - GDP Time series Q2 2026.xlsx
ZAF,1996-Q2,shared,tertiary_industries,358035700445.3599,"rand, constant 2015 prices, not seasonally adjusted",QRU1017,GDP P0441 - GDP Time series Q2 2026.xlsx
ZAF,1996-Q3,shared,tertiary_industries,368169697698.4915,"rand, constant 2015 prices, not seasonally adjusted",QRU1017,GDP P0441 - GDP Time series Q2 2026.xlsx
ZAF,1996-Q4,shared,tertiary_industries,381588146089.23694,"rand, constant 2015 prices, not seasonally adjusted",QRU1017,GDP P0441 - GDP Time series Q2 2026.xlsx
ZAF,1997-Q1,shared,tertiary_industries,365547445320.3265,"rand, constant 2015 prices, not seasonally adjusted",QRU1017,GDP P0441 - GDP Time series Q2 2026.xlsx
ZAF,1997-Q2,shared,tertiary_industries,369114029853.0239,"rand, constant 2015 prices, not seasonally adjusted",QRU1017,GDP P0441 - GDP Time series Q2 2026.xlsx
ZAF,1997-Q3,shared,tertiary_industries,376122003428.15314,"rand, constant 2015 prices, not seasonally adjusted",QRU1017,GDP P0441 - GDP Time series Q2 2026.xlsx
ZAF,1997-Q4,shared,tertiary_industries,384613858998.7255,"rand, constant 2015 prices, not seasonally adjusted",QRU1017,GDP P0441 - GDP Time series Q2 2026.xlsx
ZAF,1998-Q1,shared,tertiary_industries,372286809400.82983,"rand, constant 2015 prices, not seasonally adjusted",QRU1017,GDP P0441 - GDP Time series Q2 2026.xlsx
ZAF,1998-Q2,shared,tertiary_industries,379867299131.63556,"rand, constant 2015 prices, not seasonally adjusted",QRU1017,GDP P0441 - GDP Time series Q2 2026.xlsx
ZAF,1998-Q3,shared,tertiary_industries,388548950538.7935,"rand, constant 2015 prices, not seasonally adjusted",QRU1017,GDP P0441 - GDP Time series Q2 2026.xlsx
ZAF,1998-Q4,shared,tertiary_industries,399058037429.8128,"rand, constant 2015 prices, not seasonally adjusted",QRU1017,GDP P0441 - GDP Time series Q2 2026.xlsx
ZAF,1999-Q1,shared,tertiary_industries,386852318469.6394,"rand, constant 2015 prices, not seasonally adjusted",QRU1017,GDP P0441 - GDP Time series Q2 2026.xlsx
ZAF,1999-Q2,shared,tertiary_industries,394715614751.32465,"rand, constant 2015 prices, not seasonally adjusted",QRU1017,GDP P0441 - GDP Time series Q2 2026.xlsx
ZAF,1999-Q3,shared,tertiary_industries,405774598654.36914,"rand, constant 2015 prices, not seasonally adjusted",QRU1017,GDP P0441 - GDP Time series Q2 2026.xlsx
ZAF,1999-Q4,shared,tertiary_industries,419594273346.2519,"rand, constant 2015 prices, not seasonally adjusted",QRU1017,GDP P0441 - GDP Time series Q2 2026.xlsx
ZAF,2000-Q1,shared,tertiary_industries,404949756439.2485,"rand, constant 2015 prices, not seasonally adjusted",QRU1017,GDP P0441 - GDP Time series Q2 2026.xlsx
ZAF,2000-Q2,shared,tertiary_industries,412896003738.3542,"rand, constant 2015 prices, not seasonally adjusted",QRU1017,GDP P0441 - GDP Time series Q2 2026.xlsx
ZAF,2000-Q3,shared,tertiary_industries,424096816363.7363,"rand, constant 2015 prices, not seasonally adjusted",QRU1017,GDP P0441 - GDP Time series Q2 2026.xlsx
ZAF,2000-Q4,shared,tertiary_industries,438436736050.0343,"rand, constant 2015 prices, not seasonally adjusted",QRU1017,GDP P0441 - GDP Time series Q2 2026.xlsx
ZAF,2001-Q1,shared,tertiary_industries,421930895354.0545,"rand, constant 2015 prices, not seasonally adjusted",QRU1017,GDP P0441 - GDP Time series Q2 2026.xlsx
ZAF,2001-Q2,shared,tertiary_industries,429044119089.0893,"rand, constant 2015 prices, not seasonally adjusted",QRU1017,GDP P0441 - GDP Time series Q2 2026.xlsx
ZAF,2001-Q3,shared,tertiary_industries,439080969589.21436,"rand, constant 2015 prices, not seasonally adjusted",QRU1017,GDP P0441 - GDP Time series Q2 2026.xlsx
ZAF,2001-Q4,shared,tertiary_industries,454166409272.14636,"rand, constant 2015 prices, not seasonally adjusted",QRU1017,GDP P0441 - GDP Time series Q2 2026.xlsx
ZAF,2002-Q1,shared,tertiary_industries,441448933576.64185,"rand, constant 2015 prices, not seasonally adjusted",QRU1017,GDP P0441 - GDP Time series Q2 2026.xlsx
ZAF,2002-Q2,shared,tertiary_industries,446681351569.0593,"rand, constant 2015 prices, not seasonally adjusted",QRU1017,GDP P0441 - GDP Time series Q2 2026.xlsx
ZAF,2002-Q3,shared,tertiary_industries,455558616839.8642,"rand, constant 2015 prices, not seasonally adjusted",QRU1017,GDP P0441 - GDP Time series Q2 2026.xlsx
ZAF,2002-Q4,shared,tertiary_industries,471610868873.917,"rand, constant 2015 prices, not seasonally adjusted",QRU1017,GDP P0441 - GDP Time series Q2 2026.xlsx
ZAF,2003-Q1,shared,tertiary_industries,459877346454.1799,"rand, constant 2015 prices, not seasonally adjusted",QRU1017,GDP P0441 - GDP Time series Q2 2026.xlsx
ZAF,2003-Q2,shared,tertiary_industries,466114148427.7765,"rand, constant 2015 prices, not seasonally adjusted",QRU1017,GDP P0441 - GDP Time series Q2 2026.xlsx
ZAF,2003-Q3,shared,tertiary_industries,477978646074.3783,"rand, constant 2015 prices, not seasonally adjusted",QRU1017,GDP P0441 - GDP Time series Q2 2026.xlsx
ZAF,2003-Q4,shared,tertiary_industries,493043959802.5562,"rand, constant 2015 prices, not seasonally adjusted",QRU1017,GDP P0441 - GDP Time series Q2 2026.xlsx
ZAF,2004-Q1,shared,tertiary_industries,478247096652.04034,"rand, constant 2015 prices, not seasonally adjusted",QRU1017,GDP P0441 - GDP Time series Q2 2026.xlsx
ZAF,2004-Q2,shared,tertiary_industries,485741081001.0662,"rand, constant 2015 prices, not seasonally adjusted",QRU1017,GDP P0441 - GDP Time series Q2 2026.xlsx
ZAF,2004-Q3,shared,tertiary_industries,497097469965.8543,"rand, constant 2015 prices, not seasonally adjusted",QRU1017,GDP P0441 - GDP Time series Q2 2026.xlsx
ZAF,2004-Q4,shared,tertiary_industries,520265511679.1945,"rand, constant 2015 prices, not seasonally adjusted",QRU1017,GDP P0441 - GDP Time series Q2 2026.xlsx
ZAF,2005-Q1,shared,tertiary_industries,506156843000.83777,"rand, constant 2015 prices, not seasonally adjusted",QRU1017,GDP P0441 - GDP Time series Q2 2026.xlsx
ZAF,2005-Q2,shared,tertiary_industries,511222590917.2711,"rand, constant 2015 prices, not seasonally adjusted",QRU1017,GDP P0441 - GDP Time series Q2 2026.xlsx
ZAF,2005-Q3,shared,tertiary_industries,523008106391.31934,"rand, constant 2015 prices, not seasonally adjusted",QRU1017,GDP P0441 - GDP Time series Q2 2026.xlsx
ZAF,2005-Q4,shared,tertiary_industries,545377897283.22845,"rand, constant 2015 prices, not seasonally adjusted",QRU1017,GDP P0441 - GDP Time series Q2 2026.xlsx
ZAF,2006-Q1,shared,tertiary_industries,533071971137.578,"rand, constant 2015 prices, not seasonally adjusted",QRU1017,GDP P0441 - GDP Time series Q2 2026.xlsx
ZAF,2006-Q2,shared,tertiary_industries,543182957851.2476,"rand, constant 2015 prices, not seasonally adjusted",QRU1017,GDP P0441 - GDP Time series Q2 2026.xlsx
ZAF,2006-Q3,shared,tertiary_industries,558403763997.8329,"rand, constant 2015 prices, not seasonally adjusted",QRU1017,GDP P0441 - GDP Time series Q2 2026.xlsx
ZAF,2006-Q4,shared,tertiary_industries,582713040404.4153,"rand, constant 2015 prices, not seasonally adjusted",QRU1017,GDP P0441 - GDP Time series Q2 2026.xlsx
ZAF,2007-Q1,shared,tertiary_industries,572036816158.7678,"rand, constant 2015 prices, not seasonally adjusted",QRU1017,GDP P0441 - GDP Time series Q2 2026.xlsx
ZAF,2007-Q2,shared,tertiary_industries,578289139076.72,"rand, constant 2015 prices, not seasonally adjusted",QRU1017,GDP P0441 - GDP Time series Q2 2026.xlsx
ZAF,2007-Q3,shared,tertiary_industries,591401039437.9429,"rand, constant 2015 prices, not seasonally adjusted",QRU1017,GDP P0441 - GDP Time series Q2 2026.xlsx
ZAF,2007-Q4,shared,tertiary_industries,610971142507.441,"rand, constant 2015 prices, not seasonally adjusted",QRU1017,GDP P0441 - GDP Time series Q2 2026.xlsx
ZAF,2008-Q1,shared,tertiary_industries,601157354187.8375,"rand, constant 2015 prices, not seasonally adjusted",QRU1017,GDP P0441 - GDP Time series Q2 2026.xlsx
ZAF,2008-Q2,shared,tertiary_industries,606764411411.3671,"rand, constant 2015 prices, not seasonally adjusted",QRU1017,GDP P0441 - GDP Time series Q2 2026.xlsx
ZAF,2008-Q3,shared,tertiary_industries,612191402287.364,"rand, constant 2015 prices, not seasonally adjusted",QRU1017,GDP P0441 - GDP Time series Q2 2026.xlsx
ZAF,2008-Q4,shared,tertiary_industries,627234563785.5558,"rand, constant 2015 prices, not seasonally adjusted",QRU1017,GDP P0441 - GDP Time series Q2 2026.xlsx
ZAF,2009-Q1,shared,tertiary_industries,605654910565.1609,"rand, constant 2015 prices, not seasonally adjusted",QRU1017,GDP P0441 - GDP Time series Q2 2026.xlsx
ZAF,2009-Q2,shared,tertiary_industries,606753278270.2628,"rand, constant 2015 prices, not seasonally adjusted",QRU1017,GDP P0441 - GDP Time series Q2 2026.xlsx
ZAF,2009-Q3,shared,tertiary_industries,612116906426.0879,"rand, constant 2015 prices, not seasonally adjusted",QRU1017,GDP P0441 - GDP Time series Q2 2026.xlsx
ZAF,2009-Q4,shared,tertiary_industries,629229700482.803,"rand, constant 2015 prices, not seasonally adjusted",QRU1017,GDP P0441 - GDP Time series Q2 2026.xlsx
ZAF,2010-Q1,shared,tertiary_industries,609710846410.8546,"rand, constant 2015 prices, not seasonally adjusted",QRU1017,GDP P0441 - GDP Time series Q2 2026.xlsx
ZAF,2010-Q2,shared,tertiary_industries,616805213578.795,"rand, constant 2015 prices, not seasonally adjusted",QRU1017,GDP P0441 - GDP Time series Q2 2026.xlsx
ZAF,2010-Q3,shared,tertiary_industries,624850731511.2104,"rand, constant 2015 prices, not seasonally adjusted",QRU1017,GDP P0441 - GDP Time series Q2 2026.xlsx
ZAF,2010-Q4,shared,tertiary_industries,645212462544.058,"rand, constant 2015 prices, not seasonally adjusted",QRU1017,GDP P0441 - GDP Time series Q2 2026.xlsx
ZAF,2011-Q1,shared,tertiary_industries,630545447232.624,"rand, constant 2015 prices, not seasonally adjusted",QRU1017,GDP P0441 - GDP Time series Q2 2026.xlsx
ZAF,2011-Q2,shared,tertiary_industries,637843196309.4487,"rand, constant 2015 prices, not seasonally adjusted",QRU1017,GDP P0441 - GDP Time series Q2 2026.xlsx
ZAF,2011-Q3,shared,tertiary_industries,649283471016.1848,"rand, constant 2015 prices, not seasonally adjusted",QRU1017,GDP P0441 - GDP Time series Q2 2026.xlsx
ZAF,2011-Q4,shared,tertiary_industries,671271321369.3446,"rand, constant 2015 prices, not seasonally adjusted",QRU1017,GDP P0441 - GDP Time series Q2 2026.xlsx
ZAF,2012-Q1,shared,tertiary_industries,652933213489.3285,"rand, constant 2015 prices, not seasonally adjusted",QRU1017,GDP P0441 - GDP Time series Q2 2026.xlsx
ZAF,2012-Q2,shared,tertiary_industries,658886252313.4093,"rand, constant 2015 prices, not seasonally adjusted",QRU1017,GDP P0441 - GDP Time series Q2 2026.xlsx
ZAF,2012-Q3,shared,tertiary_industries,666595579994.8073,"rand, constant 2015 prices, not seasonally adjusted",QRU1017,GDP P0441 - GDP Time series Q2 2026.xlsx
ZAF,2012-Q4,shared,tertiary_industries,684832497049.7866,"rand, constant 2015 prices, not seasonally adjusted",QRU1017,GDP P0441 - GDP Time series Q2 2026.xlsx
ZAF,2013-Q1,shared,tertiary_industries,670574937579.1825,"rand, constant 2015 prices, not seasonally adjusted",QRU1017,GDP P0441 - GDP Time series Q2 2026.xlsx
ZAF,2013-Q2,shared,tertiary_industries,674160924733.8015,"rand, constant 2015 prices, not seasonally adjusted",QRU1017,GDP P0441 - GDP Time series Q2 2026.xlsx
ZAF,2013-Q3,shared,tertiary_industries,683526233843.2231,"rand, constant 2015 prices, not seasonally adjusted",QRU1017,GDP P0441 - GDP Time series Q2 2026.xlsx
ZAF,2013-Q4,shared,tertiary_industries,706122750309.272,"rand, constant 2015 prices, not seasonally adjusted",QRU1017,GDP P0441 - GDP Time series Q2 2026.xlsx
ZAF,2014-Q1,shared,tertiary_industries,685215711843.9423,"rand, constant 2015 prices, not seasonally adjusted",QRU1017,GDP P0441 - GDP Time series Q2 2026.xlsx
ZAF,2014-Q2,shared,tertiary_industries,689279592786.4325,"rand, constant 2015 prices, not seasonally adjusted",QRU1017,GDP P0441 - GDP Time series Q2 2026.xlsx
ZAF,2014-Q3,shared,tertiary_industries,696298495714.2114,"rand, constant 2015 prices, not seasonally adjusted",QRU1017,GDP P0441 - GDP Time series Q2 2026.xlsx
ZAF,2014-Q4,shared,tertiary_industries,719366378892.4752,"rand, constant 2015 prices, not seasonally adjusted",QRU1017,GDP P0441 - GDP Time series Q2 2026.xlsx
ZAF,2015-Q1,shared,tertiary_industries,697765790720.7806,"rand, constant 2015 prices, not seasonally adjusted",QRU1017,GDP P0441 - GDP Time series Q2 2026.xlsx
ZAF,2015-Q2,shared,tertiary_industries,699445029877.0269,"rand, constant 2015 prices, not seasonally adjusted",QRU1017,GDP P0441 - GDP Time series Q2 2026.xlsx
ZAF,2015-Q3,shared,tertiary_industries,707967077425.3561,"rand, constant 2015 prices, not seasonally adjusted",QRU1017,GDP P0441 - GDP Time series Q2 2026.xlsx
ZAF,2015-Q4,shared,tertiary_industries,728664157658.6641,"rand, constant 2015 prices, not seasonally adjusted",QRU1017,GDP P0441 - GDP Time series Q2 2026.xlsx
ZAF,2016-Q1,shared,tertiary_industries,706768450010.8771,"rand, constant 2015 prices, not seasonally adjusted",QRU1017,GDP P0441 - GDP Time series Q2 2026.xlsx
ZAF,2016-Q2,shared,tertiary_industries,712881474719.9401,"rand, constant 2015 prices, not seasonally adjusted",QRU1017,GDP P0441 - GDP Time series Q2 2026.xlsx
ZAF,2016-Q3,shared,tertiary_industries,718941504310.1123,"rand, constant 2015 prices, not seasonally adjusted",QRU1017,GDP P0441 - GDP Time series Q2 2026.xlsx
ZAF,2016-Q4,shared,tertiary_industries,740418238005.5293,"rand, constant 2015 prices, not seasonally adjusted",QRU1017,GDP P0441 - GDP Time series Q2 2026.xlsx
ZAF,2017-Q1,shared,tertiary_industries,713692130370.9375,"rand, constant 2015 prices, not seasonally adjusted",QRU1017,GDP P0441 - GDP Time series Q2 2026.xlsx
ZAF,2017-Q2,shared,tertiary_industries,719948069358.4374,"rand, constant 2015 prices, not seasonally adjusted",QRU1017,GDP P0441 - GDP Time series Q2 2026.xlsx
ZAF,2017-Q3,shared,tertiary_industries,726855269982.5288,"rand, constant 2015 prices, not seasonally adjusted",QRU1017,GDP P0441 - GDP Time series Q2 2026.xlsx
ZAF,2017-Q4,shared,tertiary_industries,751598913300.6271,"rand, constant 2015 prices, not seasonally adjusted",QRU1017,GDP P0441 - GDP Time series Q2 2026.xlsx
ZAF,2018-Q1,shared,tertiary_industries,728427237076.3004,"rand, constant 2015 prices, not seasonally adjusted",QRU1017,GDP P0441 - GDP Time series Q2 2026.xlsx
ZAF,2018-Q2,shared,tertiary_industries,730671144344.7086,"rand, constant 2015 prices, not seasonally adjusted",QRU1017,GDP P0441 - GDP Time series Q2 2026.xlsx
ZAF,2018-Q3,shared,tertiary_industries,769668454825.0717,"rand, constant 2015 prices, not seasonally adjusted",QRU1017,GDP P0441 - GDP Time series Q2 2026.xlsx
ZAF,2019-Q1,shared,tertiary_industries,736017820569.4021,"rand, constant 2015 prices, not seasonally adjusted",QRU1017,GDP P0441 - GDP Time series Q2 2026.xlsx
ZAF,2019-Q2,shared,tertiary_industries,742833350159.805,"rand, constant 2015 prices, not seasonally adjusted",QRU1017,GDP P0441 - GDP Time series Q2 2026.xlsx
ZAF,2019-Q3,shared,tertiary_industries,751532408751.4843,"rand, constant 2015 prices, not seasonally adjusted",QRU1017,GDP P0441 - GDP Time series Q2 2026.xlsx
ZAF,2019-Q4,shared,tertiary_industries,772736760232.3041,"rand, constant 2015 prices, not seasonally adjusted",QRU1017,GDP P0441 - GDP Time series Q2 2026.xlsx
ZAF,2020-Q1,shared,tertiary_industries,748395227775.8251,"rand, constant 2015 prices, not seasonally adjusted",QRU1017,GDP P0441 - GDP Time series Q2 2026.xlsx
ZAF,2020-Q2,shared,tertiary_industries,657197266020.8561,"rand, constant 2015 prices, not seasonally adjusted",QRU1017,GDP P0441 - GDP Time series Q2 2026.xlsx
ZAF,2020-Q3,shared,tertiary_industries,716023881122.7588,"rand, constant 2015 prices, not seasonally adjusted",QRU1017,GDP P0441 - GDP Time series Q2 2026.xlsx
ZAF,2020-Q4,shared,tertiary_industries,749798234583.786,"rand, constant 2015 prices, not seasonally adjusted",QRU1017,GDP P0441 - GDP Time series Q2 2026.xlsx
ZAF,2021-Q1,shared,tertiary_industries,729806213171.917,"rand, constant 2015 prices, not seasonally adjusted",QRU1017,GDP P0441 - GDP Time series Q2 2026.xlsx
ZAF,2021-Q2,shared,tertiary_industries,743106667069.9423,"rand, constant 2015 prices, not seasonally adjusted",QRU1017,GDP P0441 - GDP Time series Q2 2026.xlsx
ZAF,2021-Q3,shared,tertiary_industries,742227283334.2255,"rand, constant 2015 prices, not seasonally adjusted",QRU1017,GDP P0441 - GDP Time series Q2 2026.xlsx
ZAF,2021-Q4,shared,tertiary_industries,769008362219.6077,"rand, constant 2015 prices, not seasonally adjusted",QRU1017,GDP P0441 - GDP Time series Q2 2026.xlsx
ZAF,2022-Q1,shared,tertiary_industries,759221886448.4421,"rand, constant 2015 prices, not seasonally adjusted",QRU1017,GDP P0441 - GDP Time series Q2 2026.xlsx
ZAF,2022-Q2,shared,tertiary_industries,768825204499.4663,"rand, constant 2015 prices, not seasonally adjusted",QRU1017,GDP P0441 - GDP Time series Q2 2026.xlsx
ZAF,2022-Q3,shared,tertiary_industries,778187800801.1759,"rand, constant 2015 prices, not seasonally adjusted",QRU1017,GDP P0441 - GDP Time series Q2 2026.xlsx
ZAF,2022-Q4,shared,tertiary_industries,783898898797.4408,"rand, constant 2015 prices, not seasonally adjusted",QRU1017,GDP P0441 - GDP Time series Q2 2026.xlsx
ZAF,2023-Q1,shared,tertiary_industries,770155142471.0222,"rand, constant 2015 prices, not seasonally adjusted",QRU1017,GDP P0441 - GDP Time series Q2 2026.xlsx
ZAF,2023-Q2,shared,tertiary_industries,775711505537.477,"rand, constant 2015 prices, not seasonally adjusted",QRU1017,GDP P0441 - GDP Time series Q2 2026.xlsx
ZAF,2023-Q3,shared,tertiary_industries,784106607372.8008,"rand, constant 2015 prices, not seasonally adjusted",QRU1017,GDP P0441 - GDP Time series Q2 2026.xlsx
ZAF,2023-Q4,shared,tertiary_industries,800203168516.3124,"rand, constant 2015 prices, not seasonally adjusted",QRU1017,GDP P0441 - GDP Time series Q2 2026.xlsx
ZAF,2024-Q1,shared,tertiary_industries,777296439817.5552,"rand, constant 2015 prices, not seasonally adjusted",QRU1017,GDP P0441 - GDP Time series Q2 2026.xlsx
ZAF,2024-Q2,shared,tertiary_industries,786372368622.5634,"rand, constant 2015 prices, not seasonally adjusted",QRU1017,GDP P0441 - GDP Time series Q2 2026.xlsx
ZAF,2024-Q3,shared,tertiary_industries,793067442070.0215,"rand, constant 2015 prices, not seasonally adjusted",QRU1017,GDP P0441 - GDP Time series Q2 2026.xlsx
ZAF,2024-Q4,shared,tertiary_industries,808403671336.0038,"rand, constant 2015 prices, not seasonally adjusted",QRU1017,GDP P0441 - GDP Time series Q2 2026.xlsx
ZAF,2025-Q1,shared,tertiary_industries,784796970085.7167,"rand, constant 2015 prices, not seasonally adjusted",QRU1017,GDP P0441 - GDP Time series Q2 2026.xlsx
ZAF,2025-Q2,shared,tertiary_industries,796706957376.2587,"rand, constant 2015 prices, not seasonally adjusted",QRU1017,GDP P0441 - GDP Time series Q2 2026.xlsx
ZAF,2025-Q3,shared,tertiary_industries,802749573414.068,"rand, constant 2015 prices, not seasonally adjusted",QRU1017,GDP P0441 - GDP Time series Q2 2026.xlsx
ZAF,2025-Q4,shared,tertiary_industries,822356772688.0276,"rand, constant 2015 prices, not seasonally adjusted",QRU1017,GDP P0441 - GDP Time series Q2 2026.xlsx
ZAF,2026-Q1,shared,tertiary_industries,801472328902.9346,"rand, constant 2015 prices, not seasonally adjusted",QRU1017,GDP P0441 - GDP Time series Q2 2026.xlsx
ZAF,2026-Q2,shared,tertiary_industries,810666289229.3397,"rand, constant 2015 prices, not seasonally adjusted",QRU1017,GDP P0441 - GDP Time series Q2 2026.xlsx
