country,period,scenario,series,value,unit,code,source_file
ZAF,2003-01,shared,mining_volume_total,85.9,"index, 2019=100",FMP20000,P2041 Mining Production and sales(202607).zip
ZAF,2003-02,shared,mining_volume_total,102.5,"index, 2019=100",FMP20000,P2041 Mining Production and sales(202607).zip
ZAF,2003-03,shared,mining_volume_total,102.6,"index, 2019=100",FMP20000,P2041 Mining Production and sales(202607).zip
ZAF,2003-04,shared,mining_volume_total,101.8,"index, 2019=100",FMP20000,P2041 Mining Production and sales(202607).zip
ZAF,2003-05,shared,mining_volume_total,108.1,"index, 2019=100",FMP20000,P2041 Mining Production and sales(202607).zip
ZAF,2003-06,shared,mining_volume_total,109.6,"index, 2019=100",FMP20000,P2041 Mining Production and sales(202607).zip
ZAF,2003-07,shared,mining_volume_total,111.7,"index, 2019=100",FMP20000,P2041 Mining Production and sales(202607).zip
ZAF,2003-08,shared,mining_volume_total,110.1,"index, 2019=100",FMP20000,P2041 Mining Production and sales(202607).zip
ZAF,2003-09,shared,mining_volume_total,115.5,"index, 2019=100",FMP20000,P2041 Mining Production and sales(202607).zip
ZAF,2003-10,shared,mining_volume_total,115.5,"index, 2019=100",FMP20000,P2041 Mining Production and sales(202607).zip
ZAF,2003-11,shared,mining_volume_total,109.6,"index, 2019=100",FMP20000,P2041 Mining Production and sales(202607).zip
ZAF,2003-12,shared,mining_volume_total,114.5,"index, 2019=100",FMP20000,P2041 Mining Production and sales(202607).zip
ZAF,2004-01,shared,mining_volume_total,101.5,"index, 2019=100",FMP20000,P2041 Mining Production and sales(202607).zip
ZAF,2004-02,shared,mining_volume_total,98.7,"index, 2019=100",FMP20000,P2041 Mining Production and sales(202607).zip
ZAF,2004-03,shared,mining_volume_total,113.9,"index, 2019=100",FMP20000,P2041 Mining Production and sales(202607).zip
ZAF,2004-04,shared,mining_volume_total,105.9,"index, 2019=100",FMP20000,P2041 Mining Production and sales(202607).zip
ZAF,2004-05,shared,mining_volume_total,114.0,"index, 2019=100",FMP20000,P2041 Mining Production and sales(202607).zip
ZAF,2004-06,shared,mining_volume_total,112.0,"index, 2019=100",FMP20000,P2041 Mining Production and sales(202607).zip
ZAF,2004-07,shared,mining_volume_total,120.5,"index, 2019=100",FMP20000,P2041 Mining Production and sales(202607).zip
ZAF,2004-08,shared,mining_volume_total,115.3,"index, 2019=100",FMP20000,P2041 Mining Production and sales(202607).zip
ZAF,2004-09,shared,mining_volume_total,118.4,"index, 2019=100",FMP20000,P2041 Mining Production and sales(202607).zip
ZAF,2004-10,shared,mining_volume_total,109.2,"index, 2019=100",FMP20000,P2041 Mining Production and sales(202607).zip
ZAF,2004-11,shared,mining_volume_total,111.0,"index, 2019=100",FMP20000,P2041 Mining Production and sales(202607).zip
ZAF,2004-12,shared,mining_volume_total,114.3,"index, 2019=100",FMP20000,P2041 Mining Production and sales(202607).zip
ZAF,2005-01,shared,mining_volume_total,109.4,"index, 2019=100",FMP20000,P2041 Mining Production and sales(202607).zip
ZAF,2005-02,shared,mining_volume_total,101.8,"index, 2019=100",FMP20000,P2041 Mining Production and sales(202607).zip
ZAF,2005-03,shared,mining_volume_total,118.0,"index, 2019=100",FMP20000,P2041 Mining Production and sales(202607).zip
ZAF,2005-04,shared,mining_volume_total,111.8,"index, 2019=100",FMP20000,P2041 Mining Production and sales(202607).zip
ZAF,2005-05,shared,mining_volume_total,115.6,"index, 2019=100",FMP20000,P2041 Mining Production and sales(202607).zip
ZAF,2005-06,shared,mining_volume_total,117.2,"index, 2019=100",FMP20000,P2041 Mining Production and sales(202607).zip
ZAF,2005-07,shared,mining_volume_total,114.2,"index, 2019=100",FMP20000,P2041 Mining Production and sales(202607).zip
ZAF,2005-08,shared,mining_volume_total,115.7,"index, 2019=100",FMP20000,P2041 Mining Production and sales(202607).zip
ZAF,2005-09,shared,mining_volume_total,116.1,"index, 2019=100",FMP20000,P2041 Mining Production and sales(202607).zip
ZAF,2005-10,shared,mining_volume_total,111.0,"index, 2019=100",FMP20000,P2041 Mining Production and sales(202607).zip
ZAF,2005-11,shared,mining_volume_total,113.1,"index, 2019=100",FMP20000,P2041 Mining Production and sales(202607).zip
ZAF,2005-12,shared,mining_volume_total,107.8,"index, 2019=100",FMP20000,P2041 Mining Production and sales(202607).zip
ZAF,2006-01,shared,mining_volume_total,98.9,"index, 2019=100",FMP20000,P2041 Mining Production and sales(202607).zip
ZAF,2006-02,shared,mining_volume_total,96.0,"index, 2019=100",FMP20000,P2041 Mining Production and sales(202607).zip
ZAF,2006-03,shared,mining_volume_total,114.5,"index, 2019=100",FMP20000,P2041 Mining Production and sales(202607).zip
ZAF,2006-04,shared,mining_volume_total,106.8,"index, 2019=100",FMP20000,P2041 Mining Production and sales(202607).zip
ZAF,2006-05,shared,mining_volume_total,111.1,"index, 2019=100",FMP20000,P2041 Mining Production and sales(202607).zip
ZAF,2006-06,shared,mining_volume_total,118.2,"index, 2019=100",FMP20000,P2041 Mining Production and sales(202607).zip
ZAF,2006-07,shared,mining_volume_total,111.9,"index, 2019=100",FMP20000,P2041 Mining Production and sales(202607).zip
ZAF,2006-08,shared,mining_volume_total,116.7,"index, 2019=100",FMP20000,P2041 Mining Production and sales(202607).zip
ZAF,2006-09,shared,mining_volume_total,118.4,"index, 2019=100",FMP20000,P2041 Mining Production and sales(202607).zip
ZAF,2006-10,shared,mining_volume_total,112.9,"index, 2019=100",FMP20000,P2041 Mining Production and sales(202607).zip
ZAF,2006-11,shared,mining_volume_total,117.4,"index, 2019=100",FMP20000,P2041 Mining Production and sales(202607).zip
ZAF,2006-12,shared,mining_volume_total,111.3,"index, 2019=100",FMP20000,P2041 Mining Production and sales(202607).zip
ZAF,2007-01,shared,mining_volume_total,101.5,"index, 2019=100",FMP20000,P2041 Mining Production and sales(202607).zip
ZAF,2007-02,shared,mining_volume_total,102.2,"index, 2019=100",FMP20000,P2041 Mining Production and sales(202607).zip
ZAF,2007-03,shared,mining_volume_total,115.9,"index, 2019=100",FMP20000,P2041 Mining Production and sales(202607).zip
ZAF,2007-04,shared,mining_volume_total,105.7,"index, 2019=100",FMP20000,P2041 Mining Production and sales(202607).zip
ZAF,2007-05,shared,mining_volume_total,111.5,"index, 2019=100",FMP20000,P2041 Mining Production and sales(202607).zip
ZAF,2007-06,shared,mining_volume_total,115.5,"index, 2019=100",FMP20000,P2041 Mining Production and sales(202607).zip
ZAF,2007-07,shared,mining_volume_total,108.2,"index, 2019=100",FMP20000,P2041 Mining Production and sales(202607).zip
ZAF,2007-08,shared,mining_volume_total,114.5,"index, 2019=100",FMP20000,P2041 Mining Production and sales(202607).zip
ZAF,2007-09,shared,mining_volume_total,117.7,"index, 2019=100",FMP20000,P2041 Mining Production and sales(202607).zip
ZAF,2007-10,shared,mining_volume_total,109.2,"index, 2019=100",FMP20000,P2041 Mining Production and sales(202607).zip
ZAF,2007-11,shared,mining_volume_total,111.1,"index, 2019=100",FMP20000,P2041 Mining Production and sales(202607).zip
ZAF,2007-12,shared,mining_volume_total,109.1,"index, 2019=100",FMP20000,P2041 Mining Production and sales(202607).zip
ZAF,2008-01,shared,mining_volume_total,88.9,"index, 2019=100",FMP20000,P2041 Mining Production and sales(202607).zip
ZAF,2008-02,shared,mining_volume_total,94.2,"index, 2019=100",FMP20000,P2041 Mining Production and sales(202607).zip
ZAF,2008-03,shared,mining_volume_total,96.4,"index, 2019=100",FMP20000,P2041 Mining Production and sales(202607).zip
ZAF,2008-04,shared,mining_volume_total,102.9,"index, 2019=100",FMP20000,P2041 Mining Production and sales(202607).zip
ZAF,2008-05,shared,mining_volume_total,110.5,"index, 2019=100",FMP20000,P2041 Mining Production and sales(202607).zip
ZAF,2008-06,shared,mining_volume_total,110.8,"index, 2019=100",FMP20000,P2041 Mining Production and sales(202607).zip
ZAF,2008-07,shared,mining_volume_total,100.7,"index, 2019=100",FMP20000,P2041 Mining Production and sales(202607).zip
ZAF,2008-08,shared,mining_volume_total,109.9,"index, 2019=100",FMP20000,P2041 Mining Production and sales(202607).zip
ZAF,2008-09,shared,mining_volume_total,115.2,"index, 2019=100",FMP20000,P2041 Mining Production and sales(202607).zip
ZAF,2008-10,shared,mining_volume_total,111.5,"index, 2019=100",FMP20000,P2041 Mining Production and sales(202607).zip
ZAF,2008-11,shared,mining_volume_total,104.1,"index, 2019=100",FMP20000,P2041 Mining Production and sales(202607).zip
ZAF,2008-12,shared,mining_volume_total,102.1,"index, 2019=100",FMP20000,P2041 Mining Production and sales(202607).zip
ZAF,2009-01,shared,mining_volume_total,80.5,"index, 2019=100",FMP20000,P2041 Mining Production and sales(202607).zip
ZAF,2009-02,shared,mining_volume_total,84.0,"index, 2019=100",FMP20000,P2041 Mining Production and sales(202607).zip
ZAF,2009-03,shared,mining_volume_total,94.3,"index, 2019=100",FMP20000,P2041 Mining Production and sales(202607).zip
ZAF,2009-04,shared,mining_volume_total,91.6,"index, 2019=100",FMP20000,P2041 Mining Production and sales(202607).zip
ZAF,2009-05,shared,mining_volume_total,99.8,"index, 2019=100",FMP20000,P2041 Mining Production and sales(202607).zip
ZAF,2009-06,shared,mining_volume_total,104.8,"index, 2019=100",FMP20000,P2041 Mining Production and sales(202607).zip
ZAF,2009-07,shared,mining_volume_total,104.1,"index, 2019=100",FMP20000,P2041 Mining Production and sales(202607).zip
ZAF,2009-08,shared,mining_volume_total,100.8,"index, 2019=100",FMP20000,P2041 Mining Production and sales(202607).zip
ZAF,2009-09,shared,mining_volume_total,101.6,"index, 2019=100",FMP20000,P2041 Mining Production and sales(202607).zip
ZAF,2009-10,shared,mining_volume_total,100.5,"index, 2019=100",FMP20000,P2041 Mining Production and sales(202607).zip
ZAF,2009-11,shared,mining_volume_total,102.5,"index, 2019=100",FMP20000,P2041 Mining Production and sales(202607).zip
ZAF,2009-12,shared,mining_volume_total,100.3,"index, 2019=100",FMP20000,P2041 Mining Production and sales(202607).zip
ZAF,2010-01,shared,mining_volume_total,87.7,"index, 2019=100",FMP20000,P2041 Mining Production and sales(202607).zip
ZAF,2010-02,shared,mining_volume_total,89.7,"index, 2019=100",FMP20000,P2041 Mining Production and sales(202607).zip
ZAF,2010-03,shared,mining_volume_total,104.6,"index, 2019=100",FMP20000,P2041 Mining Production and sales(202607).zip
ZAF,2010-04,shared,mining_volume_total,92.0,"index, 2019=100",FMP20000,P2041 Mining Production and sales(202607).zip
ZAF,2010-05,shared,mining_volume_total,93.1,"index, 2019=100",FMP20000,P2041 Mining Production and sales(202607).zip
ZAF,2010-06,shared,mining_volume_total,105.6,"index, 2019=100",FMP20000,P2041 Mining Production and sales(202607).zip
ZAF,2010-07,shared,mining_volume_total,103.6,"index, 2019=100",FMP20000,P2041 Mining Production and sales(202607).zip
ZAF,2010-08,shared,mining_volume_total,109.7,"index, 2019=100",FMP20000,P2041 Mining Production and sales(202607).zip
ZAF,2010-09,shared,mining_volume_total,111.4,"index, 2019=100",FMP20000,P2041 Mining Production and sales(202607).zip
ZAF,2010-10,shared,mining_volume_total,105.5,"index, 2019=100",FMP20000,P2041 Mining Production and sales(202607).zip
ZAF,2010-11,shared,mining_volume_total,110.4,"index, 2019=100",FMP20000,P2041 Mining Production and sales(202607).zip
ZAF,2010-12,shared,mining_volume_total,108.0,"index, 2019=100",FMP20000,P2041 Mining Production and sales(202607).zip
ZAF,2011-01,shared,mining_volume_total,87.9,"index, 2019=100",FMP20000,P2041 Mining Production and sales(202607).zip
ZAF,2011-02,shared,mining_volume_total,91.8,"index, 2019=100",FMP20000,P2041 Mining Production and sales(202607).zip
ZAF,2011-03,shared,mining_volume_total,104.1,"index, 2019=100",FMP20000,P2041 Mining Production and sales(202607).zip
ZAF,2011-04,shared,mining_volume_total,102.3,"index, 2019=100",FMP20000,P2041 Mining Production and sales(202607).zip
ZAF,2011-05,shared,mining_volume_total,101.4,"index, 2019=100",FMP20000,P2041 Mining Production and sales(202607).zip
ZAF,2011-06,shared,mining_volume_total,105.0,"index, 2019=100",FMP20000,P2041 Mining Production and sales(202607).zip
ZAF,2011-07,shared,mining_volume_total,98.3,"index, 2019=100",FMP20000,P2041 Mining Production and sales(202607).zip
ZAF,2011-08,shared,mining_volume_total,104.6,"index, 2019=100",FMP20000,P2041 Mining Production and sales(202607).zip
ZAF,2011-09,shared,mining_volume_total,108.0,"index, 2019=100",FMP20000,P2041 Mining Production and sales(202607).zip
ZAF,2011-10,shared,mining_volume_total,95.0,"index, 2019=100",FMP20000,P2041 Mining Production and sales(202607).zip
ZAF,2011-11,shared,mining_volume_total,105.8,"index, 2019=100",FMP20000,P2041 Mining Production and sales(202607).zip
ZAF,2011-12,shared,mining_volume_total,106.5,"index, 2019=100",FMP20000,P2041 Mining Production and sales(202607).zip
ZAF,2012-01,shared,mining_volume_total,85.4,"index, 2019=100",FMP20000,P2041 Mining Production and sales(202607).zip
ZAF,2012-02,shared,mining_volume_total,84.4,"index, 2019=100",FMP20000,P2041 Mining Production and sales(202607).zip
ZAF,2012-03,shared,mining_volume_total,98.2,"index, 2019=100",FMP20000,P2041 Mining Production and sales(202607).zip
ZAF,2012-04,shared,mining_volume_total,92.6,"index, 2019=100",FMP20000,P2041 Mining Production and sales(202607).zip
ZAF,2012-05,shared,mining_volume_total,104.4,"index, 2019=100",FMP20000,P2041 Mining Production and sales(202607).zip
ZAF,2012-06,shared,mining_volume_total,110.1,"index, 2019=100",FMP20000,P2041 Mining Production and sales(202607).zip
ZAF,2012-07,shared,mining_volume_total,105.6,"index, 2019=100",FMP20000,P2041 Mining Production and sales(202607).zip
ZAF,2012-08,shared,mining_volume_total,106.4,"index, 2019=100",FMP20000,P2041 Mining Production and sales(202607).zip
ZAF,2012-09,shared,mining_volume_total,100.6,"index, 2019=100",FMP20000,P2041 Mining Production and sales(202607).zip
ZAF,2012-10,shared,mining_volume_total,86.3,"index, 2019=100",FMP20000,P2041 Mining Production and sales(202607).zip
ZAF,2012-11,shared,mining_volume_total,101.2,"index, 2019=100",FMP20000,P2041 Mining Production and sales(202607).zip
ZAF,2012-12,shared,mining_volume_total,96.9,"index, 2019=100",FMP20000,P2041 Mining Production and sales(202607).zip
ZAF,2013-01,shared,mining_volume_total,91.4,"index, 2019=100",FMP20000,P2041 Mining Production and sales(202607).zip
ZAF,2013-02,shared,mining_volume_total,90.0,"index, 2019=100",FMP20000,P2041 Mining Production and sales(202607).zip
ZAF,2013-03,shared,mining_volume_total,94.6,"index, 2019=100",FMP20000,P2041 Mining Production and sales(202607).zip
ZAF,2013-04,shared,mining_volume_total,93.9,"index, 2019=100",FMP20000,P2041 Mining Production and sales(202607).zip
ZAF,2013-05,shared,mining_volume_total,103.6,"index, 2019=100",FMP20000,P2041 Mining Production and sales(202607).zip
ZAF,2013-06,shared,mining_volume_total,105.3,"index, 2019=100",FMP20000,P2041 Mining Production and sales(202607).zip
ZAF,2013-07,shared,mining_volume_total,107.1,"index, 2019=100",FMP20000,P2041 Mining Production and sales(202607).zip
ZAF,2013-08,shared,mining_volume_total,107.8,"index, 2019=100",FMP20000,P2041 Mining Production and sales(202607).zip
ZAF,2013-09,shared,mining_volume_total,100.6,"index, 2019=100",FMP20000,P2041 Mining Production and sales(202607).zip
ZAF,2013-10,shared,mining_volume_total,106.3,"index, 2019=100",FMP20000,P2041 Mining Production and sales(202607).zip
ZAF,2013-11,shared,mining_volume_total,106.5,"index, 2019=100",FMP20000,P2041 Mining Production and sales(202607).zip
ZAF,2013-12,shared,mining_volume_total,105.8,"index, 2019=100",FMP20000,P2041 Mining Production and sales(202607).zip
ZAF,2014-01,shared,mining_volume_total,93.5,"index, 2019=100",FMP20000,P2041 Mining Production and sales(202607).zip
ZAF,2014-02,shared,mining_volume_total,86.5,"index, 2019=100",FMP20000,P2041 Mining Production and sales(202607).zip
ZAF,2014-03,shared,mining_volume_total,92.1,"index, 2019=100",FMP20000,P2041 Mining Production and sales(202607).zip
ZAF,2014-04,shared,mining_volume_total,94.7,"index, 2019=100",FMP20000,P2041 Mining Production and sales(202607).zip
ZAF,2014-05,shared,mining_volume_total,98.8,"index, 2019=100",FMP20000,P2041 Mining Production and sales(202607).zip
ZAF,2014-06,shared,mining_volume_total,100.4,"index, 2019=100",FMP20000,P2041 Mining Production and sales(202607).zip
ZAF,2014-07,shared,mining_volume_total,101.4,"index, 2019=100",FMP20000,P2041 Mining Production and sales(202607).zip
ZAF,2014-08,shared,mining_volume_total,99.4,"index, 2019=100",FMP20000,P2041 Mining Production and sales(202607).zip
ZAF,2014-09,shared,mining_volume_total,106.0,"index, 2019=100",FMP20000,P2041 Mining Production and sales(202607).zip
ZAF,2014-10,shared,mining_volume_total,106.7,"index, 2019=100",FMP20000,P2041 Mining Production and sales(202607).zip
ZAF,2014-11,shared,mining_volume_total,106.0,"index, 2019=100",FMP20000,P2041 Mining Production and sales(202607).zip
ZAF,2014-12,shared,mining_volume_total,102.9,"index, 2019=100",FMP20000,P2041 Mining Production and sales(202607).zip
ZAF,2015-01,shared,mining_volume_total,87.7,"index, 2019=100",FMP20000,P2041 Mining Production and sales(202607).zip
ZAF,2015-02,shared,mining_volume_total,91.4,"index, 2019=100",FMP20000,P2041 Mining Production and sales(202607).zip
ZAF,2015-03,shared,mining_volume_total,112.6,"index, 2019=100",FMP20000,P2041 Mining Production and sales(202607).zip
ZAF,2015-04,shared,mining_volume_total,102.2,"index, 2019=100",FMP20000,P2041 Mining Production and sales(202607).zip
ZAF,2015-05,shared,mining_volume_total,100.8,"index, 2019=100",FMP20000,P2041 Mining Production and sales(202607).zip
ZAF,2015-06,shared,mining_volume_total,108.1,"index, 2019=100",FMP20000,P2041 Mining Production and sales(202607).zip
ZAF,2015-07,shared,mining_volume_total,105.1,"index, 2019=100",FMP20000,P2041 Mining Production and sales(202607).zip
ZAF,2015-08,shared,mining_volume_total,104.4,"index, 2019=100",FMP20000,P2041 Mining Production and sales(202607).zip
ZAF,2015-09,shared,mining_volume_total,101.3,"index, 2019=100",FMP20000,P2041 Mining Production and sales(202607).zip
ZAF,2015-10,shared,mining_volume_total,103.3,"index, 2019=100",FMP20000,P2041 Mining Production and sales(202607).zip
ZAF,2015-11,shared,mining_volume_total,106.6,"index, 2019=100",FMP20000,P2041 Mining Production and sales(202607).zip
ZAF,2015-12,shared,mining_volume_total,103.4,"index, 2019=100",FMP20000,P2041 Mining Production and sales(202607).zip
ZAF,2016-01,shared,mining_volume_total,83.7,"index, 2019=100",FMP20000,P2041 Mining Production and sales(202607).zip
ZAF,2016-02,shared,mining_volume_total,84.9,"index, 2019=100",FMP20000,P2041 Mining Production and sales(202607).zip
ZAF,2016-03,shared,mining_volume_total,92.7,"index, 2019=100",FMP20000,P2041 Mining Production and sales(202607).zip
ZAF,2016-04,shared,mining_volume_total,96.4,"index, 2019=100",FMP20000,P2041 Mining Production and sales(202607).zip
ZAF,2016-05,shared,mining_volume_total,102.1,"index, 2019=100",FMP20000,P2041 Mining Production and sales(202607).zip
ZAF,2016-06,shared,mining_volume_total,107.6,"index, 2019=100",FMP20000,P2041 Mining Production and sales(202607).zip
ZAF,2016-07,shared,mining_volume_total,101.9,"index, 2019=100",FMP20000,P2041 Mining Production and sales(202607).zip
ZAF,2016-08,shared,mining_volume_total,106.1,"index, 2019=100",FMP20000,P2041 Mining Production and sales(202607).zip
ZAF,2016-09,shared,mining_volume_total,107.9,"index, 2019=100",FMP20000,P2041 Mining Production and sales(202607).zip
ZAF,2016-10,shared,mining_volume_total,101.4,"index, 2019=100",FMP20000,P2041 Mining Production and sales(202607).zip
ZAF,2016-11,shared,mining_volume_total,102.4,"index, 2019=100",FMP20000,P2041 Mining Production and sales(202607).zip
ZAF,2016-12,shared,mining_volume_total,99.9,"index, 2019=100",FMP20000,P2041 Mining Production and sales(202607).zip
ZAF,2017-01,shared,mining_volume_total,87.1,"index, 2019=100",FMP20000,P2041 Mining Production and sales(202607).zip
ZAF,2017-02,shared,mining_volume_total,86.7,"index, 2019=100",FMP20000,P2041 Mining Production and sales(202607).zip
ZAF,2017-03,shared,mining_volume_total,107.3,"index, 2019=100",FMP20000,P2041 Mining Production and sales(202607).zip
ZAF,2017-04,shared,mining_volume_total,96.4,"index, 2019=100",FMP20000,P2041 Mining Production and sales(202607).zip
ZAF,2017-05,shared,mining_volume_total,103.9,"index, 2019=100",FMP20000,P2041 Mining Production and sales(202607).zip
ZAF,2017-06,shared,mining_volume_total,108.6,"index, 2019=100",FMP20000,P2041 Mining Production and sales(202607).zip
ZAF,2017-07,shared,mining_volume_total,105.7,"index, 2019=100",FMP20000,P2041 Mining Production and sales(202607).zip
ZAF,2017-08,shared,mining_volume_total,114.9,"index, 2019=100",FMP20000,P2041 Mining Production and sales(202607).zip
ZAF,2017-09,shared,mining_volume_total,106.3,"index, 2019=100",FMP20000,P2041 Mining Production and sales(202607).zip
ZAF,2017-10,shared,mining_volume_total,106.4,"index, 2019=100",FMP20000,P2041 Mining Production and sales(202607).zip
ZAF,2017-11,shared,mining_volume_total,108.8,"index, 2019=100",FMP20000,P2041 Mining Production and sales(202607).zip
ZAF,2017-12,shared,mining_volume_total,98.3,"index, 2019=100",FMP20000,P2041 Mining Production and sales(202607).zip
ZAF,2018-01,shared,mining_volume_total,89.2,"index, 2019=100",FMP20000,P2041 Mining Production and sales(202607).zip
ZAF,2018-02,shared,mining_volume_total,90.1,"index, 2019=100",FMP20000,P2041 Mining Production and sales(202607).zip
ZAF,2018-03,shared,mining_volume_total,99.2,"index, 2019=100",FMP20000,P2041 Mining Production and sales(202607).zip
ZAF,2018-04,shared,mining_volume_total,93.4,"index, 2019=100",FMP20000,P2041 Mining Production and sales(202607).zip
ZAF,2018-05,shared,mining_volume_total,104.7,"index, 2019=100",FMP20000,P2041 Mining Production and sales(202607).zip
ZAF,2018-06,shared,mining_volume_total,113.2,"index, 2019=100",FMP20000,P2041 Mining Production and sales(202607).zip
ZAF,2018-07,shared,mining_volume_total,99.2,"index, 2019=100",FMP20000,P2041 Mining Production and sales(202607).zip
ZAF,2018-08,shared,mining_volume_total,108.4,"index, 2019=100",FMP20000,P2041 Mining Production and sales(202607).zip
ZAF,2018-09,shared,mining_volume_total,104.9,"index, 2019=100",FMP20000,P2041 Mining Production and sales(202607).zip
ZAF,2018-10,shared,mining_volume_total,109.2,"index, 2019=100",FMP20000,P2041 Mining Production and sales(202607).zip
ZAF,2018-11,shared,mining_volume_total,105.5,"index, 2019=100",FMP20000,P2041 Mining Production and sales(202607).zip
ZAF,2018-12,shared,mining_volume_total,94.1,"index, 2019=100",FMP20000,P2041 Mining Production and sales(202607).zip
ZAF,2019-01,shared,mining_volume_total,86.3,"index, 2019=100",FMP20000,P2041 Mining Production and sales(202607).zip
ZAF,2019-02,shared,mining_volume_total,83.5,"index, 2019=100",FMP20000,P2041 Mining Production and sales(202607).zip
ZAF,2019-03,shared,mining_volume_total,99.3,"index, 2019=100",FMP20000,P2041 Mining Production and sales(202607).zip
ZAF,2019-04,shared,mining_volume_total,93.1,"index, 2019=100",FMP20000,P2041 Mining Production and sales(202607).zip
ZAF,2019-05,shared,mining_volume_total,106.3,"index, 2019=100",FMP20000,P2041 Mining Production and sales(202607).zip
ZAF,2019-06,shared,mining_volume_total,110.3,"index, 2019=100",FMP20000,P2041 Mining Production and sales(202607).zip
ZAF,2019-07,shared,mining_volume_total,101.9,"index, 2019=100",FMP20000,P2041 Mining Production and sales(202607).zip
ZAF,2019-08,shared,mining_volume_total,105.6,"index, 2019=100",FMP20000,P2041 Mining Production and sales(202607).zip
ZAF,2019-09,shared,mining_volume_total,105.5,"index, 2019=100",FMP20000,P2041 Mining Production and sales(202607).zip
ZAF,2019-10,shared,mining_volume_total,107.5,"index, 2019=100",FMP20000,P2041 Mining Production and sales(202607).zip
ZAF,2019-11,shared,mining_volume_total,106.0,"index, 2019=100",FMP20000,P2041 Mining Production and sales(202607).zip
ZAF,2019-12,shared,mining_volume_total,94.5,"index, 2019=100",FMP20000,P2041 Mining Production and sales(202607).zip
ZAF,2020-01,shared,mining_volume_total,92.6,"index, 2019=100",FMP20000,P2041 Mining Production and sales(202607).zip
ZAF,2020-02,shared,mining_volume_total,88.8,"index, 2019=100",FMP20000,P2041 Mining Production and sales(202607).zip
ZAF,2020-03,shared,mining_volume_total,83.2,"index, 2019=100",FMP20000,P2041 Mining Production and sales(202607).zip
ZAF,2020-04,shared,mining_volume_total,45.1,"index, 2019=100",FMP20000,P2041 Mining Production and sales(202607).zip
ZAF,2020-05,shared,mining_volume_total,82.7,"index, 2019=100",FMP20000,P2041 Mining Production and sales(202607).zip
ZAF,2020-06,shared,mining_volume_total,84.3,"index, 2019=100",FMP20000,P2041 Mining Production and sales(202607).zip
ZAF,2020-07,shared,mining_volume_total,95.9,"index, 2019=100",FMP20000,P2041 Mining Production and sales(202607).zip
ZAF,2020-08,shared,mining_volume_total,102.4,"index, 2019=100",FMP20000,P2041 Mining Production and sales(202607).zip
ZAF,2020-09,shared,mining_volume_total,102.5,"index, 2019=100",FMP20000,P2041 Mining Production and sales(202607).zip
ZAF,2020-10,shared,mining_volume_total,101.9,"index, 2019=100",FMP20000,P2041 Mining Production and sales(202607).zip
ZAF,2020-11,shared,mining_volume_total,96.4,"index, 2019=100",FMP20000,P2041 Mining Production and sales(202607).zip
ZAF,2020-12,shared,mining_volume_total,93.4,"index, 2019=100",FMP20000,P2041 Mining Production and sales(202607).zip
ZAF,2021-01,shared,mining_volume_total,84.9,"index, 2019=100",FMP20000,P2041 Mining Production and sales(202607).zip
ZAF,2021-02,shared,mining_volume_total,86.2,"index, 2019=100",FMP20000,P2041 Mining Production and sales(202607).zip
ZAF,2021-03,shared,mining_volume_total,105.3,"index, 2019=100",FMP20000,P2041 Mining Production and sales(202607).zip
ZAF,2021-04,shared,mining_volume_total,102.6,"index, 2019=100",FMP20000,P2041 Mining Production and sales(202607).zip
ZAF,2021-05,shared,mining_volume_total,103.9,"index, 2019=100",FMP20000,P2041 Mining Production and sales(202607).zip
ZAF,2021-06,shared,mining_volume_total,107.1,"index, 2019=100",FMP20000,P2041 Mining Production and sales(202607).zip
ZAF,2021-07,shared,mining_volume_total,106.8,"index, 2019=100",FMP20000,P2041 Mining Production and sales(202607).zip
ZAF,2021-08,shared,mining_volume_total,108.9,"index, 2019=100",FMP20000,P2041 Mining Production and sales(202607).zip
ZAF,2021-09,shared,mining_volume_total,102.3,"index, 2019=100",FMP20000,P2041 Mining Production and sales(202607).zip
ZAF,2021-10,shared,mining_volume_total,105.7,"index, 2019=100",FMP20000,P2041 Mining Production and sales(202607).zip
ZAF,2021-11,shared,mining_volume_total,103.3,"index, 2019=100",FMP20000,P2041 Mining Production and sales(202607).zip
ZAF,2021-12,shared,mining_volume_total,93.5,"index, 2019=100",FMP20000,P2041 Mining Production and sales(202607).zip
ZAF,2022-01,shared,mining_volume_total,85.2,"index, 2019=100",FMP20000,P2041 Mining Production and sales(202607).zip
ZAF,2022-02,shared,mining_volume_total,79.1,"index, 2019=100",FMP20000,P2041 Mining Production and sales(202607).zip
ZAF,2022-03,shared,mining_volume_total,97.8,"index, 2019=100",FMP20000,P2041 Mining Production and sales(202607).zip
ZAF,2022-04,shared,mining_volume_total,87.6,"index, 2019=100",FMP20000,P2041 Mining Production and sales(202607).zip
ZAF,2022-05,shared,mining_volume_total,97.8,"index, 2019=100",FMP20000,P2041 Mining Production and sales(202607).zip
ZAF,2022-06,shared,mining_volume_total,100.4,"index, 2019=100",FMP20000,P2041 Mining Production and sales(202607).zip
ZAF,2022-07,shared,mining_volume_total,98.4,"index, 2019=100",FMP20000,P2041 Mining Production and sales(202607).zip
ZAF,2022-08,shared,mining_volume_total,101.4,"index, 2019=100",FMP20000,P2041 Mining Production and sales(202607).zip
ZAF,2022-09,shared,mining_volume_total,96.2,"index, 2019=100",FMP20000,P2041 Mining Production and sales(202607).zip
ZAF,2022-10,shared,mining_volume_total,91.5,"index, 2019=100",FMP20000,P2041 Mining Production and sales(202607).zip
ZAF,2022-11,shared,mining_volume_total,92.0,"index, 2019=100",FMP20000,P2041 Mining Production and sales(202607).zip
ZAF,2022-12,shared,mining_volume_total,88.7,"index, 2019=100",FMP20000,P2041 Mining Production and sales(202607).zip
ZAF,2023-01,shared,mining_volume_total,82.9,"index, 2019=100",FMP20000,P2041 Mining Production and sales(202607).zip
ZAF,2023-02,shared,mining_volume_total,74.9,"index, 2019=100",FMP20000,P2041 Mining Production and sales(202607).zip
ZAF,2023-03,shared,mining_volume_total,96.5,"index, 2019=100",FMP20000,P2041 Mining Production and sales(202607).zip
ZAF,2023-04,shared,mining_volume_total,89.1,"index, 2019=100",FMP20000,P2041 Mining Production and sales(202607).zip
ZAF,2023-05,shared,mining_volume_total,96.2,"index, 2019=100",FMP20000,P2041 Mining Production and sales(202607).zip
ZAF,2023-06,shared,mining_volume_total,100.5,"index, 2019=100",FMP20000,P2041 Mining Production and sales(202607).zip
ZAF,2023-07,shared,mining_volume_total,95.2,"index, 2019=100",FMP20000,P2041 Mining Production and sales(202607).zip
ZAF,2023-08,shared,mining_volume_total,100.9,"index, 2019=100",FMP20000,P2041 Mining Production and sales(202607).zip
ZAF,2023-09,shared,mining_volume_total,95.7,"index, 2019=100",FMP20000,P2041 Mining Production and sales(202607).zip
ZAF,2023-10,shared,mining_volume_total,95.5,"index, 2019=100",FMP20000,P2041 Mining Production and sales(202607).zip
ZAF,2023-11,shared,mining_volume_total,100.0,"index, 2019=100",FMP20000,P2041 Mining Production and sales(202607).zip
ZAF,2023-12,shared,mining_volume_total,88.8,"index, 2019=100",FMP20000,P2041 Mining Production and sales(202607).zip
ZAF,2024-01,shared,mining_volume_total,82.1,"index, 2019=100",FMP20000,P2041 Mining Production and sales(202607).zip
ZAF,2024-02,shared,mining_volume_total,84.2,"index, 2019=100",FMP20000,P2041 Mining Production and sales(202607).zip
ZAF,2024-03,shared,mining_volume_total,92.2,"index, 2019=100",FMP20000,P2041 Mining Production and sales(202607).zip
ZAF,2024-04,shared,mining_volume_total,91.0,"index, 2019=100",FMP20000,P2041 Mining Production and sales(202607).zip
ZAF,2024-05,shared,mining_volume_total,97.2,"index, 2019=100",FMP20000,P2041 Mining Production and sales(202607).zip
ZAF,2024-06,shared,mining_volume_total,97.6,"index, 2019=100",FMP20000,P2041 Mining Production and sales(202607).zip
ZAF,2024-07,shared,mining_volume_total,93.4,"index, 2019=100",FMP20000,P2041 Mining Production and sales(202607).zip
ZAF,2024-08,shared,mining_volume_total,101.1,"index, 2019=100",FMP20000,P2041 Mining Production and sales(202607).zip
ZAF,2024-09,shared,mining_volume_total,100.4,"index, 2019=100",FMP20000,P2041 Mining Production and sales(202607).zip
ZAF,2024-10,shared,mining_volume_total,96.8,"index, 2019=100",FMP20000,P2041 Mining Production and sales(202607).zip
ZAF,2024-11,shared,mining_volume_total,99.6,"index, 2019=100",FMP20000,P2041 Mining Production and sales(202607).zip
ZAF,2024-12,shared,mining_volume_total,86.8,"index, 2019=100",FMP20000,P2041 Mining Production and sales(202607).zip
ZAF,2025-01,shared,mining_volume_total,80.6,"index, 2019=100",FMP20000,P2041 Mining Production and sales(202607).zip
ZAF,2025-02,shared,mining_volume_total,77.2,"index, 2019=100",FMP20000,P2041 Mining Production and sales(202607).zip
ZAF,2025-03,shared,mining_volume_total,91.0,"index, 2019=100",FMP20000,P2041 Mining Production and sales(202607).zip
ZAF,2025-04,shared,mining_volume_total,85.0,"index, 2019=100",FMP20000,P2041 Mining Production and sales(202607).zip
ZAF,2025-05,shared,mining_volume_total,98.3,"index, 2019=100",FMP20000,P2041 Mining Production and sales(202607).zip
ZAF,2025-06,shared,mining_volume_total,100.3,"index, 2019=100",FMP20000,P2041 Mining Production and sales(202607).zip
ZAF,2025-07,shared,mining_volume_total,98.8,"index, 2019=100",FMP20000,P2041 Mining Production and sales(202607).zip
ZAF,2025-08,shared,mining_volume_total,101.6,"index, 2019=100",FMP20000,P2041 Mining Production and sales(202607).zip
ZAF,2025-09,shared,mining_volume_total,102.1,"index, 2019=100",FMP20000,P2041 Mining Production and sales(202607).zip
ZAF,2025-10,shared,mining_volume_total,103.0,"index, 2019=100",FMP20000,P2041 Mining Production and sales(202607).zip
ZAF,2025-11,shared,mining_volume_total,97.4,"index, 2019=100",FMP20000,P2041 Mining Production and sales(202607).zip
ZAF,2025-12,shared,mining_volume_total,89.2,"index, 2019=100",FMP20000,P2041 Mining Production and sales(202607).zip
ZAF,2026-01,shared,mining_volume_total,84.4,"index, 2019=100",FMP20000,P2041 Mining Production and sales(202607).zip
ZAF,2026-02,shared,mining_volume_total,84.9,"index, 2019=100",FMP20000,P2041 Mining Production and sales(202607).zip
ZAF,2026-03,shared,mining_volume_total,93.3,"index, 2019=100",FMP20000,P2041 Mining Production and sales(202607).zip
ZAF,2026-04,shared,mining_volume_total,91.5,"index, 2019=100",FMP20000,P2041 Mining Production and sales(202607).zip
ZAF,2026-05,shared,mining_volume_total,93.3,"index, 2019=100",FMP20000,P2041 Mining Production and sales(202607).zip
ZAF,2026-06,shared,mining_volume_total,96.0,"index, 2019=100",FMP20000,P2041 Mining Production and sales(202607).zip
ZAF,2026-07,shared,mining_volume_total,91.4,"index, 2019=100",FMP20000,P2041 Mining Production and sales(202607).zip
ZAF,2003-01,shared,mining_volume_excluding_gold,64.4,"index, 2019=100",FMP20001,P2041 Mining Production and sales(202607).zip
ZAF,2003-02,shared,mining_volume_excluding_gold,80.6,"index, 2019=100",FMP20001,P2041 Mining Production and sales(202607).zip
ZAF,2003-03,shared,mining_volume_excluding_gold,79.7,"index, 2019=100",FMP20001,P2041 Mining Production and sales(202607).zip
ZAF,2003-04,shared,mining_volume_excluding_gold,79.8,"index, 2019=100",FMP20001,P2041 Mining Production and sales(202607).zip
ZAF,2003-05,shared,mining_volume_excluding_gold,86.2,"index, 2019=100",FMP20001,P2041 Mining Production and sales(202607).zip
ZAF,2003-06,shared,mining_volume_excluding_gold,87.4,"index, 2019=100",FMP20001,P2041 Mining Production and sales(202607).zip
ZAF,2003-07,shared,mining_volume_excluding_gold,89.3,"index, 2019=100",FMP20001,P2041 Mining Production and sales(202607).zip
ZAF,2003-08,shared,mining_volume_excluding_gold,87.3,"index, 2019=100",FMP20001,P2041 Mining Production and sales(202607).zip
ZAF,2003-09,shared,mining_volume_excluding_gold,92.3,"index, 2019=100",FMP20001,P2041 Mining Production and sales(202607).zip
ZAF,2003-10,shared,mining_volume_excluding_gold,93.2,"index, 2019=100",FMP20001,P2041 Mining Production and sales(202607).zip
ZAF,2003-11,shared,mining_volume_excluding_gold,87.2,"index, 2019=100",FMP20001,P2041 Mining Production and sales(202607).zip
ZAF,2003-12,shared,mining_volume_excluding_gold,92.6,"index, 2019=100",FMP20001,P2041 Mining Production and sales(202607).zip
ZAF,2004-01,shared,mining_volume_excluding_gold,82.6,"index, 2019=100",FMP20001,P2041 Mining Production and sales(202607).zip
ZAF,2004-02,shared,mining_volume_excluding_gold,78.2,"index, 2019=100",FMP20001,P2041 Mining Production and sales(202607).zip
ZAF,2004-03,shared,mining_volume_excluding_gold,92.8,"index, 2019=100",FMP20001,P2041 Mining Production and sales(202607).zip
ZAF,2004-04,shared,mining_volume_excluding_gold,86.4,"index, 2019=100",FMP20001,P2041 Mining Production and sales(202607).zip
ZAF,2004-05,shared,mining_volume_excluding_gold,93.8,"index, 2019=100",FMP20001,P2041 Mining Production and sales(202607).zip
ZAF,2004-06,shared,mining_volume_excluding_gold,90.9,"index, 2019=100",FMP20001,P2041 Mining Production and sales(202607).zip
ZAF,2004-07,shared,mining_volume_excluding_gold,100.0,"index, 2019=100",FMP20001,P2041 Mining Production and sales(202607).zip
ZAF,2004-08,shared,mining_volume_excluding_gold,94.3,"index, 2019=100",FMP20001,P2041 Mining Production and sales(202607).zip
ZAF,2004-09,shared,mining_volume_excluding_gold,97.7,"index, 2019=100",FMP20001,P2041 Mining Production and sales(202607).zip
ZAF,2004-10,shared,mining_volume_excluding_gold,89.9,"index, 2019=100",FMP20001,P2041 Mining Production and sales(202607).zip
ZAF,2004-11,shared,mining_volume_excluding_gold,91.1,"index, 2019=100",FMP20001,P2041 Mining Production and sales(202607).zip
ZAF,2004-12,shared,mining_volume_excluding_gold,95.3,"index, 2019=100",FMP20001,P2041 Mining Production and sales(202607).zip
ZAF,2005-01,shared,mining_volume_excluding_gold,91.9,"index, 2019=100",FMP20001,P2041 Mining Production and sales(202607).zip
ZAF,2005-02,shared,mining_volume_excluding_gold,83.8,"index, 2019=100",FMP20001,P2041 Mining Production and sales(202607).zip
ZAF,2005-03,shared,mining_volume_excluding_gold,99.3,"index, 2019=100",FMP20001,P2041 Mining Production and sales(202607).zip
ZAF,2005-04,shared,mining_volume_excluding_gold,96.2,"index, 2019=100",FMP20001,P2041 Mining Production and sales(202607).zip
ZAF,2005-05,shared,mining_volume_excluding_gold,98.1,"index, 2019=100",FMP20001,P2041 Mining Production and sales(202607).zip
ZAF,2005-06,shared,mining_volume_excluding_gold,98.8,"index, 2019=100",FMP20001,P2041 Mining Production and sales(202607).zip
ZAF,2005-07,shared,mining_volume_excluding_gold,97.3,"index, 2019=100",FMP20001,P2041 Mining Production and sales(202607).zip
ZAF,2005-08,shared,mining_volume_excluding_gold,99.4,"index, 2019=100",FMP20001,P2041 Mining Production and sales(202607).zip
ZAF,2005-09,shared,mining_volume_excluding_gold,97.9,"index, 2019=100",FMP20001,P2041 Mining Production and sales(202607).zip
ZAF,2005-10,shared,mining_volume_excluding_gold,93.7,"index, 2019=100",FMP20001,P2041 Mining Production and sales(202607).zip
ZAF,2005-11,shared,mining_volume_excluding_gold,95.5,"index, 2019=100",FMP20001,P2041 Mining Production and sales(202607).zip
ZAF,2005-12,shared,mining_volume_excluding_gold,89.4,"index, 2019=100",FMP20001,P2041 Mining Production and sales(202607).zip
ZAF,2006-01,shared,mining_volume_excluding_gold,83.9,"index, 2019=100",FMP20001,P2041 Mining Production and sales(202607).zip
ZAF,2006-02,shared,mining_volume_excluding_gold,79.6,"index, 2019=100",FMP20001,P2041 Mining Production and sales(202607).zip
ZAF,2006-03,shared,mining_volume_excluding_gold,97.7,"index, 2019=100",FMP20001,P2041 Mining Production and sales(202607).zip
ZAF,2006-04,shared,mining_volume_excluding_gold,90.6,"index, 2019=100",FMP20001,P2041 Mining Production and sales(202607).zip
ZAF,2006-05,shared,mining_volume_excluding_gold,96.1,"index, 2019=100",FMP20001,P2041 Mining Production and sales(202607).zip
ZAF,2006-06,shared,mining_volume_excluding_gold,101.6,"index, 2019=100",FMP20001,P2041 Mining Production and sales(202607).zip
ZAF,2006-07,shared,mining_volume_excluding_gold,96.4,"index, 2019=100",FMP20001,P2041 Mining Production and sales(202607).zip
ZAF,2006-08,shared,mining_volume_excluding_gold,100.4,"index, 2019=100",FMP20001,P2041 Mining Production and sales(202607).zip
ZAF,2006-09,shared,mining_volume_excluding_gold,101.2,"index, 2019=100",FMP20001,P2041 Mining Production and sales(202607).zip
ZAF,2006-10,shared,mining_volume_excluding_gold,97.1,"index, 2019=100",FMP20001,P2041 Mining Production and sales(202607).zip
ZAF,2006-11,shared,mining_volume_excluding_gold,101.5,"index, 2019=100",FMP20001,P2041 Mining Production and sales(202607).zip
ZAF,2006-12,shared,mining_volume_excluding_gold,96.6,"index, 2019=100",FMP20001,P2041 Mining Production and sales(202607).zip
ZAF,2007-01,shared,mining_volume_excluding_gold,87.4,"index, 2019=100",FMP20001,P2041 Mining Production and sales(202607).zip
ZAF,2007-02,shared,mining_volume_excluding_gold,86.2,"index, 2019=100",FMP20001,P2041 Mining Production and sales(202607).zip
ZAF,2007-03,shared,mining_volume_excluding_gold,101.1,"index, 2019=100",FMP20001,P2041 Mining Production and sales(202607).zip
ZAF,2007-04,shared,mining_volume_excluding_gold,91.8,"index, 2019=100",FMP20001,P2041 Mining Production and sales(202607).zip
ZAF,2007-05,shared,mining_volume_excluding_gold,96.8,"index, 2019=100",FMP20001,P2041 Mining Production and sales(202607).zip
ZAF,2007-06,shared,mining_volume_excluding_gold,100.1,"index, 2019=100",FMP20001,P2041 Mining Production and sales(202607).zip
ZAF,2007-07,shared,mining_volume_excluding_gold,93.4,"index, 2019=100",FMP20001,P2041 Mining Production and sales(202607).zip
ZAF,2007-08,shared,mining_volume_excluding_gold,98.8,"index, 2019=100",FMP20001,P2041 Mining Production and sales(202607).zip
ZAF,2007-09,shared,mining_volume_excluding_gold,101.7,"index, 2019=100",FMP20001,P2041 Mining Production and sales(202607).zip
ZAF,2007-10,shared,mining_volume_excluding_gold,94.5,"index, 2019=100",FMP20001,P2041 Mining Production and sales(202607).zip
ZAF,2007-11,shared,mining_volume_excluding_gold,97.4,"index, 2019=100",FMP20001,P2041 Mining Production and sales(202607).zip
ZAF,2007-12,shared,mining_volume_excluding_gold,94.9,"index, 2019=100",FMP20001,P2041 Mining Production and sales(202607).zip
ZAF,2008-01,shared,mining_volume_excluding_gold,77.5,"index, 2019=100",FMP20001,P2041 Mining Production and sales(202607).zip
ZAF,2008-02,shared,mining_volume_excluding_gold,83.2,"index, 2019=100",FMP20001,P2041 Mining Production and sales(202607).zip
ZAF,2008-03,shared,mining_volume_excluding_gold,83.3,"index, 2019=100",FMP20001,P2041 Mining Production and sales(202607).zip
ZAF,2008-04,shared,mining_volume_excluding_gold,90.8,"index, 2019=100",FMP20001,P2041 Mining Production and sales(202607).zip
ZAF,2008-05,shared,mining_volume_excluding_gold,97.9,"index, 2019=100",FMP20001,P2041 Mining Production and sales(202607).zip
ZAF,2008-06,shared,mining_volume_excluding_gold,97.4,"index, 2019=100",FMP20001,P2041 Mining Production and sales(202607).zip
ZAF,2008-07,shared,mining_volume_excluding_gold,88.6,"index, 2019=100",FMP20001,P2041 Mining Production and sales(202607).zip
ZAF,2008-08,shared,mining_volume_excluding_gold,98.3,"index, 2019=100",FMP20001,P2041 Mining Production and sales(202607).zip
ZAF,2008-09,shared,mining_volume_excluding_gold,102.0,"index, 2019=100",FMP20001,P2041 Mining Production and sales(202607).zip
ZAF,2008-10,shared,mining_volume_excluding_gold,99.5,"index, 2019=100",FMP20001,P2041 Mining Production and sales(202607).zip
ZAF,2008-11,shared,mining_volume_excluding_gold,92.1,"index, 2019=100",FMP20001,P2041 Mining Production and sales(202607).zip
ZAF,2008-12,shared,mining_volume_excluding_gold,90.4,"index, 2019=100",FMP20001,P2041 Mining Production and sales(202607).zip
ZAF,2009-01,shared,mining_volume_excluding_gold,69.9,"index, 2019=100",FMP20001,P2041 Mining Production and sales(202607).zip
ZAF,2009-02,shared,mining_volume_excluding_gold,72.4,"index, 2019=100",FMP20001,P2041 Mining Production and sales(202607).zip
ZAF,2009-03,shared,mining_volume_excluding_gold,81.9,"index, 2019=100",FMP20001,P2041 Mining Production and sales(202607).zip
ZAF,2009-04,shared,mining_volume_excluding_gold,81.0,"index, 2019=100",FMP20001,P2041 Mining Production and sales(202607).zip
ZAF,2009-05,shared,mining_volume_excluding_gold,88.4,"index, 2019=100",FMP20001,P2041 Mining Production and sales(202607).zip
ZAF,2009-06,shared,mining_volume_excluding_gold,93.1,"index, 2019=100",FMP20001,P2041 Mining Production and sales(202607).zip
ZAF,2009-07,shared,mining_volume_excluding_gold,93.3,"index, 2019=100",FMP20001,P2041 Mining Production and sales(202607).zip
ZAF,2009-08,shared,mining_volume_excluding_gold,89.4,"index, 2019=100",FMP20001,P2041 Mining Production and sales(202607).zip
ZAF,2009-09,shared,mining_volume_excluding_gold,89.2,"index, 2019=100",FMP20001,P2041 Mining Production and sales(202607).zip
ZAF,2009-10,shared,mining_volume_excluding_gold,89.1,"index, 2019=100",FMP20001,P2041 Mining Production and sales(202607).zip
ZAF,2009-11,shared,mining_volume_excluding_gold,91.4,"index, 2019=100",FMP20001,P2041 Mining Production and sales(202607).zip
ZAF,2009-12,shared,mining_volume_excluding_gold,89.5,"index, 2019=100",FMP20001,P2041 Mining Production and sales(202607).zip
ZAF,2010-01,shared,mining_volume_excluding_gold,80.9,"index, 2019=100",FMP20001,P2041 Mining Production and sales(202607).zip
ZAF,2010-02,shared,mining_volume_excluding_gold,79.0,"index, 2019=100",FMP20001,P2041 Mining Production and sales(202607).zip
ZAF,2010-03,shared,mining_volume_excluding_gold,94.9,"index, 2019=100",FMP20001,P2041 Mining Production and sales(202607).zip
ZAF,2010-04,shared,mining_volume_excluding_gold,82.2,"index, 2019=100",FMP20001,P2041 Mining Production and sales(202607).zip
ZAF,2010-05,shared,mining_volume_excluding_gold,81.4,"index, 2019=100",FMP20001,P2041 Mining Production and sales(202607).zip
ZAF,2010-06,shared,mining_volume_excluding_gold,93.9,"index, 2019=100",FMP20001,P2041 Mining Production and sales(202607).zip
ZAF,2010-07,shared,mining_volume_excluding_gold,93.7,"index, 2019=100",FMP20001,P2041 Mining Production and sales(202607).zip
ZAF,2010-08,shared,mining_volume_excluding_gold,97.9,"index, 2019=100",FMP20001,P2041 Mining Production and sales(202607).zip
ZAF,2010-09,shared,mining_volume_excluding_gold,101.0,"index, 2019=100",FMP20001,P2041 Mining Production and sales(202607).zip
ZAF,2010-10,shared,mining_volume_excluding_gold,94.8,"index, 2019=100",FMP20001,P2041 Mining Production and sales(202607).zip
ZAF,2010-11,shared,mining_volume_excluding_gold,99.7,"index, 2019=100",FMP20001,P2041 Mining Production and sales(202607).zip
ZAF,2010-12,shared,mining_volume_excluding_gold,97.7,"index, 2019=100",FMP20001,P2041 Mining Production and sales(202607).zip
ZAF,2011-01,shared,mining_volume_excluding_gold,79.0,"index, 2019=100",FMP20001,P2041 Mining Production and sales(202607).zip
ZAF,2011-02,shared,mining_volume_excluding_gold,82.1,"index, 2019=100",FMP20001,P2041 Mining Production and sales(202607).zip
ZAF,2011-03,shared,mining_volume_excluding_gold,94.0,"index, 2019=100",FMP20001,P2041 Mining Production and sales(202607).zip
ZAF,2011-04,shared,mining_volume_excluding_gold,93.3,"index, 2019=100",FMP20001,P2041 Mining Production and sales(202607).zip
ZAF,2011-05,shared,mining_volume_excluding_gold,91.8,"index, 2019=100",FMP20001,P2041 Mining Production and sales(202607).zip
ZAF,2011-06,shared,mining_volume_excluding_gold,94.5,"index, 2019=100",FMP20001,P2041 Mining Production and sales(202607).zip
ZAF,2011-07,shared,mining_volume_excluding_gold,88.8,"index, 2019=100",FMP20001,P2041 Mining Production and sales(202607).zip
ZAF,2011-08,shared,mining_volume_excluding_gold,96.8,"index, 2019=100",FMP20001,P2041 Mining Production and sales(202607).zip
ZAF,2011-09,shared,mining_volume_excluding_gold,97.9,"index, 2019=100",FMP20001,P2041 Mining Production and sales(202607).zip
ZAF,2011-10,shared,mining_volume_excluding_gold,84.1,"index, 2019=100",FMP20001,P2041 Mining Production and sales(202607).zip
ZAF,2011-11,shared,mining_volume_excluding_gold,95.9,"index, 2019=100",FMP20001,P2041 Mining Production and sales(202607).zip
ZAF,2011-12,shared,mining_volume_excluding_gold,97.9,"index, 2019=100",FMP20001,P2041 Mining Production and sales(202607).zip
ZAF,2012-01,shared,mining_volume_excluding_gold,78.5,"index, 2019=100",FMP20001,P2041 Mining Production and sales(202607).zip
ZAF,2012-02,shared,mining_volume_excluding_gold,76.3,"index, 2019=100",FMP20001,P2041 Mining Production and sales(202607).zip
ZAF,2012-03,shared,mining_volume_excluding_gold,90.1,"index, 2019=100",FMP20001,P2041 Mining Production and sales(202607).zip
ZAF,2012-04,shared,mining_volume_excluding_gold,85.6,"index, 2019=100",FMP20001,P2041 Mining Production and sales(202607).zip
ZAF,2012-05,shared,mining_volume_excluding_gold,95.9,"index, 2019=100",FMP20001,P2041 Mining Production and sales(202607).zip
ZAF,2012-06,shared,mining_volume_excluding_gold,101.2,"index, 2019=100",FMP20001,P2041 Mining Production and sales(202607).zip
ZAF,2012-07,shared,mining_volume_excluding_gold,98.1,"index, 2019=100",FMP20001,P2041 Mining Production and sales(202607).zip
ZAF,2012-08,shared,mining_volume_excluding_gold,99.1,"index, 2019=100",FMP20001,P2041 Mining Production and sales(202607).zip
ZAF,2012-09,shared,mining_volume_excluding_gold,92.4,"index, 2019=100",FMP20001,P2041 Mining Production and sales(202607).zip
ZAF,2012-10,shared,mining_volume_excluding_gold,85.4,"index, 2019=100",FMP20001,P2041 Mining Production and sales(202607).zip
ZAF,2012-11,shared,mining_volume_excluding_gold,98.1,"index, 2019=100",FMP20001,P2041 Mining Production and sales(202607).zip
ZAF,2012-12,shared,mining_volume_excluding_gold,91.9,"index, 2019=100",FMP20001,P2041 Mining Production and sales(202607).zip
ZAF,2013-01,shared,mining_volume_excluding_gold,86.6,"index, 2019=100",FMP20001,P2041 Mining Production and sales(202607).zip
ZAF,2013-02,shared,mining_volume_excluding_gold,83.2,"index, 2019=100",FMP20001,P2041 Mining Production and sales(202607).zip
ZAF,2013-03,shared,mining_volume_excluding_gold,87.0,"index, 2019=100",FMP20001,P2041 Mining Production and sales(202607).zip
ZAF,2013-04,shared,mining_volume_excluding_gold,87.2,"index, 2019=100",FMP20001,P2041 Mining Production and sales(202607).zip
ZAF,2013-05,shared,mining_volume_excluding_gold,97.9,"index, 2019=100",FMP20001,P2041 Mining Production and sales(202607).zip
ZAF,2013-06,shared,mining_volume_excluding_gold,98.6,"index, 2019=100",FMP20001,P2041 Mining Production and sales(202607).zip
ZAF,2013-07,shared,mining_volume_excluding_gold,99.2,"index, 2019=100",FMP20001,P2041 Mining Production and sales(202607).zip
ZAF,2013-08,shared,mining_volume_excluding_gold,101.3,"index, 2019=100",FMP20001,P2041 Mining Production and sales(202607).zip
ZAF,2013-09,shared,mining_volume_excluding_gold,92.9,"index, 2019=100",FMP20001,P2041 Mining Production and sales(202607).zip
ZAF,2013-10,shared,mining_volume_excluding_gold,98.4,"index, 2019=100",FMP20001,P2041 Mining Production and sales(202607).zip
ZAF,2013-11,shared,mining_volume_excluding_gold,98.7,"index, 2019=100",FMP20001,P2041 Mining Production and sales(202607).zip
ZAF,2013-12,shared,mining_volume_excluding_gold,100.2,"index, 2019=100",FMP20001,P2041 Mining Production and sales(202607).zip
ZAF,2014-01,shared,mining_volume_excluding_gold,88.4,"index, 2019=100",FMP20001,P2041 Mining Production and sales(202607).zip
ZAF,2014-02,shared,mining_volume_excluding_gold,79.4,"index, 2019=100",FMP20001,P2041 Mining Production and sales(202607).zip
ZAF,2014-03,shared,mining_volume_excluding_gold,84.2,"index, 2019=100",FMP20001,P2041 Mining Production and sales(202607).zip
ZAF,2014-04,shared,mining_volume_excluding_gold,87.8,"index, 2019=100",FMP20001,P2041 Mining Production and sales(202607).zip
ZAF,2014-05,shared,mining_volume_excluding_gold,91.8,"index, 2019=100",FMP20001,P2041 Mining Production and sales(202607).zip
ZAF,2014-06,shared,mining_volume_excluding_gold,92.3,"index, 2019=100",FMP20001,P2041 Mining Production and sales(202607).zip
ZAF,2014-07,shared,mining_volume_excluding_gold,94.6,"index, 2019=100",FMP20001,P2041 Mining Production and sales(202607).zip
ZAF,2014-08,shared,mining_volume_excluding_gold,92.4,"index, 2019=100",FMP20001,P2041 Mining Production and sales(202607).zip
ZAF,2014-09,shared,mining_volume_excluding_gold,98.5,"index, 2019=100",FMP20001,P2041 Mining Production and sales(202607).zip
ZAF,2014-10,shared,mining_volume_excluding_gold,99.6,"index, 2019=100",FMP20001,P2041 Mining Production and sales(202607).zip
ZAF,2014-11,shared,mining_volume_excluding_gold,99.0,"index, 2019=100",FMP20001,P2041 Mining Production and sales(202607).zip
ZAF,2014-12,shared,mining_volume_excluding_gold,95.2,"index, 2019=100",FMP20001,P2041 Mining Production and sales(202607).zip
ZAF,2015-01,shared,mining_volume_excluding_gold,87.9,"index, 2019=100",FMP20001,P2041 Mining Production and sales(202607).zip
ZAF,2015-02,shared,mining_volume_excluding_gold,85.8,"index, 2019=100",FMP20001,P2041 Mining Production and sales(202607).zip
ZAF,2015-03,shared,mining_volume_excluding_gold,106.2,"index, 2019=100",FMP20001,P2041 Mining Production and sales(202607).zip
ZAF,2015-04,shared,mining_volume_excluding_gold,98.4,"index, 2019=100",FMP20001,P2041 Mining Production and sales(202607).zip
ZAF,2015-05,shared,mining_volume_excluding_gold,95.3,"index, 2019=100",FMP20001,P2041 Mining Production and sales(202607).zip
ZAF,2015-06,shared,mining_volume_excluding_gold,100.9,"index, 2019=100",FMP20001,P2041 Mining Production and sales(202607).zip
ZAF,2015-07,shared,mining_volume_excluding_gold,100.7,"index, 2019=100",FMP20001,P2041 Mining Production and sales(202607).zip
ZAF,2015-08,shared,mining_volume_excluding_gold,97.8,"index, 2019=100",FMP20001,P2041 Mining Production and sales(202607).zip
ZAF,2015-09,shared,mining_volume_excluding_gold,93.0,"index, 2019=100",FMP20001,P2041 Mining Production and sales(202607).zip
ZAF,2015-10,shared,mining_volume_excluding_gold,97.1,"index, 2019=100",FMP20001,P2041 Mining Production and sales(202607).zip
ZAF,2015-11,shared,mining_volume_excluding_gold,99.0,"index, 2019=100",FMP20001,P2041 Mining Production and sales(202607).zip
ZAF,2015-12,shared,mining_volume_excluding_gold,96.0,"index, 2019=100",FMP20001,P2041 Mining Production and sales(202607).zip
ZAF,2016-01,shared,mining_volume_excluding_gold,79.6,"index, 2019=100",FMP20001,P2041 Mining Production and sales(202607).zip
ZAF,2016-02,shared,mining_volume_excluding_gold,75.6,"index, 2019=100",FMP20001,P2041 Mining Production and sales(202607).zip
ZAF,2016-03,shared,mining_volume_excluding_gold,84.6,"index, 2019=100",FMP20001,P2041 Mining Production and sales(202607).zip
ZAF,2016-04,shared,mining_volume_excluding_gold,92.0,"index, 2019=100",FMP20001,P2041 Mining Production and sales(202607).zip
ZAF,2016-05,shared,mining_volume_excluding_gold,96.1,"index, 2019=100",FMP20001,P2041 Mining Production and sales(202607).zip
ZAF,2016-06,shared,mining_volume_excluding_gold,100.8,"index, 2019=100",FMP20001,P2041 Mining Production and sales(202607).zip
ZAF,2016-07,shared,mining_volume_excluding_gold,96.6,"index, 2019=100",FMP20001,P2041 Mining Production and sales(202607).zip
ZAF,2016-08,shared,mining_volume_excluding_gold,102.1,"index, 2019=100",FMP20001,P2041 Mining Production and sales(202607).zip
ZAF,2016-09,shared,mining_volume_excluding_gold,102.3,"index, 2019=100",FMP20001,P2041 Mining Production and sales(202607).zip
ZAF,2016-10,shared,mining_volume_excluding_gold,95.7,"index, 2019=100",FMP20001,P2041 Mining Production and sales(202607).zip
ZAF,2016-11,shared,mining_volume_excluding_gold,96.6,"index, 2019=100",FMP20001,P2041 Mining Production and sales(202607).zip
ZAF,2016-12,shared,mining_volume_excluding_gold,93.7,"index, 2019=100",FMP20001,P2041 Mining Production and sales(202607).zip
ZAF,2017-01,shared,mining_volume_excluding_gold,83.6,"index, 2019=100",FMP20001,P2041 Mining Production and sales(202607).zip
ZAF,2017-02,shared,mining_volume_excluding_gold,81.8,"index, 2019=100",FMP20001,P2041 Mining Production and sales(202607).zip
ZAF,2017-03,shared,mining_volume_excluding_gold,103.9,"index, 2019=100",FMP20001,P2041 Mining Production and sales(202607).zip
ZAF,2017-04,shared,mining_volume_excluding_gold,92.6,"index, 2019=100",FMP20001,P2041 Mining Production and sales(202607).zip
ZAF,2017-05,shared,mining_volume_excluding_gold,98.7,"index, 2019=100",FMP20001,P2041 Mining Production and sales(202607).zip
ZAF,2017-06,shared,mining_volume_excluding_gold,102.6,"index, 2019=100",FMP20001,P2041 Mining Production and sales(202607).zip
ZAF,2017-07,shared,mining_volume_excluding_gold,100.0,"index, 2019=100",FMP20001,P2041 Mining Production and sales(202607).zip
ZAF,2017-08,shared,mining_volume_excluding_gold,110.9,"index, 2019=100",FMP20001,P2041 Mining Production and sales(202607).zip
ZAF,2017-09,shared,mining_volume_excluding_gold,100.1,"index, 2019=100",FMP20001,P2041 Mining Production and sales(202607).zip
ZAF,2017-10,shared,mining_volume_excluding_gold,101.7,"index, 2019=100",FMP20001,P2041 Mining Production and sales(202607).zip
ZAF,2017-11,shared,mining_volume_excluding_gold,106.5,"index, 2019=100",FMP20001,P2041 Mining Production and sales(202607).zip
ZAF,2017-12,shared,mining_volume_excluding_gold,94.6,"index, 2019=100",FMP20001,P2041 Mining Production and sales(202607).zip
ZAF,2018-01,shared,mining_volume_excluding_gold,87.0,"index, 2019=100",FMP20001,P2041 Mining Production and sales(202607).zip
ZAF,2018-02,shared,mining_volume_excluding_gold,86.6,"index, 2019=100",FMP20001,P2041 Mining Production and sales(202607).zip
ZAF,2018-03,shared,mining_volume_excluding_gold,97.5,"index, 2019=100",FMP20001,P2041 Mining Production and sales(202607).zip
ZAF,2018-04,shared,mining_volume_excluding_gold,91.1,"index, 2019=100",FMP20001,P2041 Mining Production and sales(202607).zip
ZAF,2018-05,shared,mining_volume_excluding_gold,102.0,"index, 2019=100",FMP20001,P2041 Mining Production and sales(202607).zip
ZAF,2018-06,shared,mining_volume_excluding_gold,111.4,"index, 2019=100",FMP20001,P2041 Mining Production and sales(202607).zip
ZAF,2018-07,shared,mining_volume_excluding_gold,95.8,"index, 2019=100",FMP20001,P2041 Mining Production and sales(202607).zip
ZAF,2018-08,shared,mining_volume_excluding_gold,106.8,"index, 2019=100",FMP20001,P2041 Mining Production and sales(202607).zip
ZAF,2018-09,shared,mining_volume_excluding_gold,103.3,"index, 2019=100",FMP20001,P2041 Mining Production and sales(202607).zip
ZAF,2018-10,shared,mining_volume_excluding_gold,108.2,"index, 2019=100",FMP20001,P2041 Mining Production and sales(202607).zip
ZAF,2018-11,shared,mining_volume_excluding_gold,105.2,"index, 2019=100",FMP20001,P2041 Mining Production and sales(202607).zip
ZAF,2018-12,shared,mining_volume_excluding_gold,95.7,"index, 2019=100",FMP20001,P2041 Mining Production and sales(202607).zip
ZAF,2019-01,shared,mining_volume_excluding_gold,87.7,"index, 2019=100",FMP20001,P2041 Mining Production and sales(202607).zip
ZAF,2019-02,shared,mining_volume_excluding_gold,82.8,"index, 2019=100",FMP20001,P2041 Mining Production and sales(202607).zip
ZAF,2019-03,shared,mining_volume_excluding_gold,101.2,"index, 2019=100",FMP20001,P2041 Mining Production and sales(202607).zip
ZAF,2019-04,shared,mining_volume_excluding_gold,94.2,"index, 2019=100",FMP20001,P2041 Mining Production and sales(202607).zip
ZAF,2019-05,shared,mining_volume_excluding_gold,109.0,"index, 2019=100",FMP20001,P2041 Mining Production and sales(202607).zip
ZAF,2019-06,shared,mining_volume_excluding_gold,111.3,"index, 2019=100",FMP20001,P2041 Mining Production and sales(202607).zip
ZAF,2019-07,shared,mining_volume_excluding_gold,101.5,"index, 2019=100",FMP20001,P2041 Mining Production and sales(202607).zip
ZAF,2019-08,shared,mining_volume_excluding_gold,104.4,"index, 2019=100",FMP20001,P2041 Mining Production and sales(202607).zip
ZAF,2019-09,shared,mining_volume_excluding_gold,104.0,"index, 2019=100",FMP20001,P2041 Mining Production and sales(202607).zip
ZAF,2019-10,shared,mining_volume_excluding_gold,106.2,"index, 2019=100",FMP20001,P2041 Mining Production and sales(202607).zip
ZAF,2019-11,shared,mining_volume_excluding_gold,104.9,"index, 2019=100",FMP20001,P2041 Mining Production and sales(202607).zip
ZAF,2019-12,shared,mining_volume_excluding_gold,92.5,"index, 2019=100",FMP20001,P2041 Mining Production and sales(202607).zip
ZAF,2020-01,shared,mining_volume_excluding_gold,94.3,"index, 2019=100",FMP20001,P2041 Mining Production and sales(202607).zip
ZAF,2020-02,shared,mining_volume_excluding_gold,87.1,"index, 2019=100",FMP20001,P2041 Mining Production and sales(202607).zip
ZAF,2020-03,shared,mining_volume_excluding_gold,80.8,"index, 2019=100",FMP20001,P2041 Mining Production and sales(202607).zip
ZAF,2020-04,shared,mining_volume_excluding_gold,46.9,"index, 2019=100",FMP20001,P2041 Mining Production and sales(202607).zip
ZAF,2020-05,shared,mining_volume_excluding_gold,84.3,"index, 2019=100",FMP20001,P2041 Mining Production and sales(202607).zip
ZAF,2020-06,shared,mining_volume_excluding_gold,83.7,"index, 2019=100",FMP20001,P2041 Mining Production and sales(202607).zip
ZAF,2020-07,shared,mining_volume_excluding_gold,96.2,"index, 2019=100",FMP20001,P2041 Mining Production and sales(202607).zip
ZAF,2020-08,shared,mining_volume_excluding_gold,103.6,"index, 2019=100",FMP20001,P2041 Mining Production and sales(202607).zip
ZAF,2020-09,shared,mining_volume_excluding_gold,100.9,"index, 2019=100",FMP20001,P2041 Mining Production and sales(202607).zip
ZAF,2020-10,shared,mining_volume_excluding_gold,100.8,"index, 2019=100",FMP20001,P2041 Mining Production and sales(202607).zip
ZAF,2020-11,shared,mining_volume_excluding_gold,95.0,"index, 2019=100",FMP20001,P2041 Mining Production and sales(202607).zip
ZAF,2020-12,shared,mining_volume_excluding_gold,91.6,"index, 2019=100",FMP20001,P2041 Mining Production and sales(202607).zip
ZAF,2021-01,shared,mining_volume_excluding_gold,87.2,"index, 2019=100",FMP20001,P2041 Mining Production and sales(202607).zip
ZAF,2021-02,shared,mining_volume_excluding_gold,85.8,"index, 2019=100",FMP20001,P2041 Mining Production and sales(202607).zip
ZAF,2021-03,shared,mining_volume_excluding_gold,104.9,"index, 2019=100",FMP20001,P2041 Mining Production and sales(202607).zip
ZAF,2021-04,shared,mining_volume_excluding_gold,103.9,"index, 2019=100",FMP20001,P2041 Mining Production and sales(202607).zip
ZAF,2021-05,shared,mining_volume_excluding_gold,103.9,"index, 2019=100",FMP20001,P2041 Mining Production and sales(202607).zip
ZAF,2021-06,shared,mining_volume_excluding_gold,106.9,"index, 2019=100",FMP20001,P2041 Mining Production and sales(202607).zip
ZAF,2021-07,shared,mining_volume_excluding_gold,106.9,"index, 2019=100",FMP20001,P2041 Mining Production and sales(202607).zip
ZAF,2021-08,shared,mining_volume_excluding_gold,108.4,"index, 2019=100",FMP20001,P2041 Mining Production and sales(202607).zip
ZAF,2021-09,shared,mining_volume_excluding_gold,101.6,"index, 2019=100",FMP20001,P2041 Mining Production and sales(202607).zip
ZAF,2021-10,shared,mining_volume_excluding_gold,105.9,"index, 2019=100",FMP20001,P2041 Mining Production and sales(202607).zip
ZAF,2021-11,shared,mining_volume_excluding_gold,103.2,"index, 2019=100",FMP20001,P2041 Mining Production and sales(202607).zip
ZAF,2021-12,shared,mining_volume_excluding_gold,94.4,"index, 2019=100",FMP20001,P2041 Mining Production and sales(202607).zip
ZAF,2022-01,shared,mining_volume_excluding_gold,86.3,"index, 2019=100",FMP20001,P2041 Mining Production and sales(202607).zip
ZAF,2022-02,shared,mining_volume_excluding_gold,78.9,"index, 2019=100",FMP20001,P2041 Mining Production and sales(202607).zip
ZAF,2022-03,shared,mining_volume_excluding_gold,100.1,"index, 2019=100",FMP20001,P2041 Mining Production and sales(202607).zip
ZAF,2022-04,shared,mining_volume_excluding_gold,89.7,"index, 2019=100",FMP20001,P2041 Mining Production and sales(202607).zip
ZAF,2022-05,shared,mining_volume_excluding_gold,100.4,"index, 2019=100",FMP20001,P2041 Mining Production and sales(202607).zip
ZAF,2022-06,shared,mining_volume_excluding_gold,103.0,"index, 2019=100",FMP20001,P2041 Mining Production and sales(202607).zip
ZAF,2022-07,shared,mining_volume_excluding_gold,99.7,"index, 2019=100",FMP20001,P2041 Mining Production and sales(202607).zip
ZAF,2022-08,shared,mining_volume_excluding_gold,102.0,"index, 2019=100",FMP20001,P2041 Mining Production and sales(202607).zip
ZAF,2022-09,shared,mining_volume_excluding_gold,96.4,"index, 2019=100",FMP20001,P2041 Mining Production and sales(202607).zip
ZAF,2022-10,shared,mining_volume_excluding_gold,90.7,"index, 2019=100",FMP20001,P2041 Mining Production and sales(202607).zip
ZAF,2022-11,shared,mining_volume_excluding_gold,90.9,"index, 2019=100",FMP20001,P2041 Mining Production and sales(202607).zip
ZAF,2022-12,shared,mining_volume_excluding_gold,89.1,"index, 2019=100",FMP20001,P2041 Mining Production and sales(202607).zip
ZAF,2023-01,shared,mining_volume_excluding_gold,83.4,"index, 2019=100",FMP20001,P2041 Mining Production and sales(202607).zip
ZAF,2023-02,shared,mining_volume_excluding_gold,74.1,"index, 2019=100",FMP20001,P2041 Mining Production and sales(202607).zip
ZAF,2023-03,shared,mining_volume_excluding_gold,96.6,"index, 2019=100",FMP20001,P2041 Mining Production and sales(202607).zip
ZAF,2023-04,shared,mining_volume_excluding_gold,89.5,"index, 2019=100",FMP20001,P2041 Mining Production and sales(202607).zip
ZAF,2023-05,shared,mining_volume_excluding_gold,96.3,"index, 2019=100",FMP20001,P2041 Mining Production and sales(202607).zip
ZAF,2023-06,shared,mining_volume_excluding_gold,100.9,"index, 2019=100",FMP20001,P2041 Mining Production and sales(202607).zip
ZAF,2023-07,shared,mining_volume_excluding_gold,95.3,"index, 2019=100",FMP20001,P2041 Mining Production and sales(202607).zip
ZAF,2023-08,shared,mining_volume_excluding_gold,101.3,"index, 2019=100",FMP20001,P2041 Mining Production and sales(202607).zip
ZAF,2023-09,shared,mining_volume_excluding_gold,95.8,"index, 2019=100",FMP20001,P2041 Mining Production and sales(202607).zip
ZAF,2023-10,shared,mining_volume_excluding_gold,94.9,"index, 2019=100",FMP20001,P2041 Mining Production and sales(202607).zip
ZAF,2023-11,shared,mining_volume_excluding_gold,100.3,"index, 2019=100",FMP20001,P2041 Mining Production and sales(202607).zip
ZAF,2023-12,shared,mining_volume_excluding_gold,89.6,"index, 2019=100",FMP20001,P2041 Mining Production and sales(202607).zip
ZAF,2024-01,shared,mining_volume_excluding_gold,83.6,"index, 2019=100",FMP20001,P2041 Mining Production and sales(202607).zip
ZAF,2024-02,shared,mining_volume_excluding_gold,84.9,"index, 2019=100",FMP20001,P2041 Mining Production and sales(202607).zip
ZAF,2024-03,shared,mining_volume_excluding_gold,92.4,"index, 2019=100",FMP20001,P2041 Mining Production and sales(202607).zip
ZAF,2024-04,shared,mining_volume_excluding_gold,91.7,"index, 2019=100",FMP20001,P2041 Mining Production and sales(202607).zip
ZAF,2024-05,shared,mining_volume_excluding_gold,98.4,"index, 2019=100",FMP20001,P2041 Mining Production and sales(202607).zip
ZAF,2024-06,shared,mining_volume_excluding_gold,99.1,"index, 2019=100",FMP20001,P2041 Mining Production and sales(202607).zip
ZAF,2024-07,shared,mining_volume_excluding_gold,93.7,"index, 2019=100",FMP20001,P2041 Mining Production and sales(202607).zip
ZAF,2024-08,shared,mining_volume_excluding_gold,102.1,"index, 2019=100",FMP20001,P2041 Mining Production and sales(202607).zip
ZAF,2024-09,shared,mining_volume_excluding_gold,101.6,"index, 2019=100",FMP20001,P2041 Mining Production and sales(202607).zip
ZAF,2024-10,shared,mining_volume_excluding_gold,96.7,"index, 2019=100",FMP20001,P2041 Mining Production and sales(202607).zip
ZAF,2024-11,shared,mining_volume_excluding_gold,101.1,"index, 2019=100",FMP20001,P2041 Mining Production and sales(202607).zip
ZAF,2024-12,shared,mining_volume_excluding_gold,88.1,"index, 2019=100",FMP20001,P2041 Mining Production and sales(202607).zip
ZAF,2025-01,shared,mining_volume_excluding_gold,81.8,"index, 2019=100",FMP20001,P2041 Mining Production and sales(202607).zip
ZAF,2025-02,shared,mining_volume_excluding_gold,77.8,"index, 2019=100",FMP20001,P2041 Mining Production and sales(202607).zip
ZAF,2025-03,shared,mining_volume_excluding_gold,92.2,"index, 2019=100",FMP20001,P2041 Mining Production and sales(202607).zip
ZAF,2025-04,shared,mining_volume_excluding_gold,85.3,"index, 2019=100",FMP20001,P2041 Mining Production and sales(202607).zip
ZAF,2025-05,shared,mining_volume_excluding_gold,99.5,"index, 2019=100",FMP20001,P2041 Mining Production and sales(202607).zip
ZAF,2025-06,shared,mining_volume_excluding_gold,101.8,"index, 2019=100",FMP20001,P2041 Mining Production and sales(202607).zip
ZAF,2025-07,shared,mining_volume_excluding_gold,99.8,"index, 2019=100",FMP20001,P2041 Mining Production and sales(202607).zip
ZAF,2025-08,shared,mining_volume_excluding_gold,103.1,"index, 2019=100",FMP20001,P2041 Mining Production and sales(202607).zip
ZAF,2025-09,shared,mining_volume_excluding_gold,102.8,"index, 2019=100",FMP20001,P2041 Mining Production and sales(202607).zip
ZAF,2025-10,shared,mining_volume_excluding_gold,103.7,"index, 2019=100",FMP20001,P2041 Mining Production and sales(202607).zip
ZAF,2025-11,shared,mining_volume_excluding_gold,99.3,"index, 2019=100",FMP20001,P2041 Mining Production and sales(202607).zip
ZAF,2025-12,shared,mining_volume_excluding_gold,90.7,"index, 2019=100",FMP20001,P2041 Mining Production and sales(202607).zip
ZAF,2026-01,shared,mining_volume_excluding_gold,86.0,"index, 2019=100",FMP20001,P2041 Mining Production and sales(202607).zip
ZAF,2026-02,shared,mining_volume_excluding_gold,85.3,"index, 2019=100",FMP20001,P2041 Mining Production and sales(202607).zip
ZAF,2026-03,shared,mining_volume_excluding_gold,93.2,"index, 2019=100",FMP20001,P2041 Mining Production and sales(202607).zip
ZAF,2026-04,shared,mining_volume_excluding_gold,92.6,"index, 2019=100",FMP20001,P2041 Mining Production and sales(202607).zip
ZAF,2026-05,shared,mining_volume_excluding_gold,94.4,"index, 2019=100",FMP20001,P2041 Mining Production and sales(202607).zip
ZAF,2026-06,shared,mining_volume_excluding_gold,96.4,"index, 2019=100",FMP20001,P2041 Mining Production and sales(202607).zip
ZAF,2026-07,shared,mining_volume_excluding_gold,92.3,"index, 2019=100",FMP20001,P2041 Mining Production and sales(202607).zip
ZAF,2003-01,shared,mining_volume_coal,84.3,"index, 2019=100",FMP21000,P2041 Mining Production and sales(202607).zip
ZAF,2003-02,shared,mining_volume_coal,80.8,"index, 2019=100",FMP21000,P2041 Mining Production and sales(202607).zip
ZAF,2003-03,shared,mining_volume_coal,85.6,"index, 2019=100",FMP21000,P2041 Mining Production and sales(202607).zip
ZAF,2003-04,shared,mining_volume_coal,87.4,"index, 2019=100",FMP21000,P2041 Mining Production and sales(202607).zip
ZAF,2003-05,shared,mining_volume_coal,99.2,"index, 2019=100",FMP21000,P2041 Mining Production and sales(202607).zip
ZAF,2003-06,shared,mining_volume_coal,87.4,"index, 2019=100",FMP21000,P2041 Mining Production and sales(202607).zip
ZAF,2003-07,shared,mining_volume_coal,97.8,"index, 2019=100",FMP21000,P2041 Mining Production and sales(202607).zip
ZAF,2003-08,shared,mining_volume_coal,94.3,"index, 2019=100",FMP21000,P2041 Mining Production and sales(202607).zip
ZAF,2003-09,shared,mining_volume_coal,98.5,"index, 2019=100",FMP21000,P2041 Mining Production and sales(202607).zip
ZAF,2003-10,shared,mining_volume_coal,104.4,"index, 2019=100",FMP21000,P2041 Mining Production and sales(202607).zip
ZAF,2003-11,shared,mining_volume_coal,95.0,"index, 2019=100",FMP21000,P2041 Mining Production and sales(202607).zip
ZAF,2003-12,shared,mining_volume_coal,85.0,"index, 2019=100",FMP21000,P2041 Mining Production and sales(202607).zip
ZAF,2004-01,shared,mining_volume_coal,91.2,"index, 2019=100",FMP21000,P2041 Mining Production and sales(202607).zip
ZAF,2004-02,shared,mining_volume_coal,89.8,"index, 2019=100",FMP21000,P2041 Mining Production and sales(202607).zip
ZAF,2004-03,shared,mining_volume_coal,97.1,"index, 2019=100",FMP21000,P2041 Mining Production and sales(202607).zip
ZAF,2004-04,shared,mining_volume_coal,86.3,"index, 2019=100",FMP21000,P2041 Mining Production and sales(202607).zip
ZAF,2004-05,shared,mining_volume_coal,98.5,"index, 2019=100",FMP21000,P2041 Mining Production and sales(202607).zip
ZAF,2004-06,shared,mining_volume_coal,98.5,"index, 2019=100",FMP21000,P2041 Mining Production and sales(202607).zip
ZAF,2004-07,shared,mining_volume_coal,99.9,"index, 2019=100",FMP21000,P2041 Mining Production and sales(202607).zip
ZAF,2004-08,shared,mining_volume_coal,98.5,"index, 2019=100",FMP21000,P2041 Mining Production and sales(202607).zip
ZAF,2004-09,shared,mining_volume_coal,97.1,"index, 2019=100",FMP21000,P2041 Mining Production and sales(202607).zip
ZAF,2004-10,shared,mining_volume_coal,99.9,"index, 2019=100",FMP21000,P2041 Mining Production and sales(202607).zip
ZAF,2004-11,shared,mining_volume_coal,97.4,"index, 2019=100",FMP21000,P2041 Mining Production and sales(202607).zip
ZAF,2004-12,shared,mining_volume_coal,86.7,"index, 2019=100",FMP21000,P2041 Mining Production and sales(202607).zip
ZAF,2005-01,shared,mining_volume_coal,86.9,"index, 2019=100",FMP21000,P2041 Mining Production and sales(202607).zip
ZAF,2005-02,shared,mining_volume_coal,85.0,"index, 2019=100",FMP21000,P2041 Mining Production and sales(202607).zip
ZAF,2005-03,shared,mining_volume_coal,88.7,"index, 2019=100",FMP21000,P2041 Mining Production and sales(202607).zip
ZAF,2005-04,shared,mining_volume_coal,94.5,"index, 2019=100",FMP21000,P2041 Mining Production and sales(202607).zip
ZAF,2005-05,shared,mining_volume_coal,99.1,"index, 2019=100",FMP21000,P2041 Mining Production and sales(202607).zip
ZAF,2005-06,shared,mining_volume_coal,95.6,"index, 2019=100",FMP21000,P2041 Mining Production and sales(202607).zip
ZAF,2005-07,shared,mining_volume_coal,99.1,"index, 2019=100",FMP21000,P2041 Mining Production and sales(202607).zip
ZAF,2005-08,shared,mining_volume_coal,100.8,"index, 2019=100",FMP21000,P2041 Mining Production and sales(202607).zip
ZAF,2005-09,shared,mining_volume_coal,99.8,"index, 2019=100",FMP21000,P2041 Mining Production and sales(202607).zip
ZAF,2005-10,shared,mining_volume_coal,101.0,"index, 2019=100",FMP21000,P2041 Mining Production and sales(202607).zip
ZAF,2005-11,shared,mining_volume_coal,98.2,"index, 2019=100",FMP21000,P2041 Mining Production and sales(202607).zip
ZAF,2005-12,shared,mining_volume_coal,87.2,"index, 2019=100",FMP21000,P2041 Mining Production and sales(202607).zip
ZAF,2006-01,shared,mining_volume_coal,84.9,"index, 2019=100",FMP21000,P2041 Mining Production and sales(202607).zip
ZAF,2006-02,shared,mining_volume_coal,84.6,"index, 2019=100",FMP21000,P2041 Mining Production and sales(202607).zip
ZAF,2006-03,shared,mining_volume_coal,93.6,"index, 2019=100",FMP21000,P2041 Mining Production and sales(202607).zip
ZAF,2006-04,shared,mining_volume_coal,85.4,"index, 2019=100",FMP21000,P2041 Mining Production and sales(202607).zip
ZAF,2006-05,shared,mining_volume_coal,100.2,"index, 2019=100",FMP21000,P2041 Mining Production and sales(202607).zip
ZAF,2006-06,shared,mining_volume_coal,97.5,"index, 2019=100",FMP21000,P2041 Mining Production and sales(202607).zip
ZAF,2006-07,shared,mining_volume_coal,102.0,"index, 2019=100",FMP21000,P2041 Mining Production and sales(202607).zip
ZAF,2006-08,shared,mining_volume_coal,97.8,"index, 2019=100",FMP21000,P2041 Mining Production and sales(202607).zip
ZAF,2006-09,shared,mining_volume_coal,95.1,"index, 2019=100",FMP21000,P2041 Mining Production and sales(202607).zip
ZAF,2006-10,shared,mining_volume_coal,106.9,"index, 2019=100",FMP21000,P2041 Mining Production and sales(202607).zip
ZAF,2006-11,shared,mining_volume_coal,102.9,"index, 2019=100",FMP21000,P2041 Mining Production and sales(202607).zip
ZAF,2006-12,shared,mining_volume_coal,84.0,"index, 2019=100",FMP21000,P2041 Mining Production and sales(202607).zip
ZAF,2007-01,shared,mining_volume_coal,98.0,"index, 2019=100",FMP21000,P2041 Mining Production and sales(202607).zip
ZAF,2007-02,shared,mining_volume_coal,91.3,"index, 2019=100",FMP21000,P2041 Mining Production and sales(202607).zip
ZAF,2007-03,shared,mining_volume_coal,97.4,"index, 2019=100",FMP21000,P2041 Mining Production and sales(202607).zip
ZAF,2007-04,shared,mining_volume_coal,86.2,"index, 2019=100",FMP21000,P2041 Mining Production and sales(202607).zip
ZAF,2007-05,shared,mining_volume_coal,104.0,"index, 2019=100",FMP21000,P2041 Mining Production and sales(202607).zip
ZAF,2007-06,shared,mining_volume_coal,95.0,"index, 2019=100",FMP21000,P2041 Mining Production and sales(202607).zip
ZAF,2007-07,shared,mining_volume_coal,98.1,"index, 2019=100",FMP21000,P2041 Mining Production and sales(202607).zip
ZAF,2007-08,shared,mining_volume_coal,100.8,"index, 2019=100",FMP21000,P2041 Mining Production and sales(202607).zip
ZAF,2007-09,shared,mining_volume_coal,94.2,"index, 2019=100",FMP21000,P2041 Mining Production and sales(202607).zip
ZAF,2007-10,shared,mining_volume_coal,98.1,"index, 2019=100",FMP21000,P2041 Mining Production and sales(202607).zip
ZAF,2007-11,shared,mining_volume_coal,99.4,"index, 2019=100",FMP21000,P2041 Mining Production and sales(202607).zip
ZAF,2007-12,shared,mining_volume_coal,85.6,"index, 2019=100",FMP21000,P2041 Mining Production and sales(202607).zip
ZAF,2008-01,shared,mining_volume_coal,84.3,"index, 2019=100",FMP21000,P2041 Mining Production and sales(202607).zip
ZAF,2008-02,shared,mining_volume_coal,98.0,"index, 2019=100",FMP21000,P2041 Mining Production and sales(202607).zip
ZAF,2008-03,shared,mining_volume_coal,91.5,"index, 2019=100",FMP21000,P2041 Mining Production and sales(202607).zip
ZAF,2008-04,shared,mining_volume_coal,99.6,"index, 2019=100",FMP21000,P2041 Mining Production and sales(202607).zip
ZAF,2008-05,shared,mining_volume_coal,105.2,"index, 2019=100",FMP21000,P2041 Mining Production and sales(202607).zip
ZAF,2008-06,shared,mining_volume_coal,97.6,"index, 2019=100",FMP21000,P2041 Mining Production and sales(202607).zip
ZAF,2008-07,shared,mining_volume_coal,105.9,"index, 2019=100",FMP21000,P2041 Mining Production and sales(202607).zip
ZAF,2008-08,shared,mining_volume_coal,102.1,"index, 2019=100",FMP21000,P2041 Mining Production and sales(202607).zip
ZAF,2008-09,shared,mining_volume_coal,100.1,"index, 2019=100",FMP21000,P2041 Mining Production and sales(202607).zip
ZAF,2008-10,shared,mining_volume_coal,100.9,"index, 2019=100",FMP21000,P2041 Mining Production and sales(202607).zip
ZAF,2008-11,shared,mining_volume_coal,96.9,"index, 2019=100",FMP21000,P2041 Mining Production and sales(202607).zip
ZAF,2008-12,shared,mining_volume_coal,88.9,"index, 2019=100",FMP21000,P2041 Mining Production and sales(202607).zip
ZAF,2009-01,shared,mining_volume_coal,84.3,"index, 2019=100",FMP21000,P2041 Mining Production and sales(202607).zip
ZAF,2009-02,shared,mining_volume_coal,83.2,"index, 2019=100",FMP21000,P2041 Mining Production and sales(202607).zip
ZAF,2009-03,shared,mining_volume_coal,98.2,"index, 2019=100",FMP21000,P2041 Mining Production and sales(202607).zip
ZAF,2009-04,shared,mining_volume_coal,90.7,"index, 2019=100",FMP21000,P2041 Mining Production and sales(202607).zip
ZAF,2009-05,shared,mining_volume_coal,99.0,"index, 2019=100",FMP21000,P2041 Mining Production and sales(202607).zip
ZAF,2009-06,shared,mining_volume_coal,99.4,"index, 2019=100",FMP21000,P2041 Mining Production and sales(202607).zip
ZAF,2009-07,shared,mining_volume_coal,106.5,"index, 2019=100",FMP21000,P2041 Mining Production and sales(202607).zip
ZAF,2009-08,shared,mining_volume_coal,105.7,"index, 2019=100",FMP21000,P2041 Mining Production and sales(202607).zip
ZAF,2009-09,shared,mining_volume_coal,106.5,"index, 2019=100",FMP21000,P2041 Mining Production and sales(202607).zip
ZAF,2009-10,shared,mining_volume_coal,104.4,"index, 2019=100",FMP21000,P2041 Mining Production and sales(202607).zip
ZAF,2009-11,shared,mining_volume_coal,97.6,"index, 2019=100",FMP21000,P2041 Mining Production and sales(202607).zip
ZAF,2009-12,shared,mining_volume_coal,86.1,"index, 2019=100",FMP21000,P2041 Mining Production and sales(202607).zip
ZAF,2010-01,shared,mining_volume_coal,89.0,"index, 2019=100",FMP21000,P2041 Mining Production and sales(202607).zip
ZAF,2010-02,shared,mining_volume_coal,93.1,"index, 2019=100",FMP21000,P2041 Mining Production and sales(202607).zip
ZAF,2010-03,shared,mining_volume_coal,105.6,"index, 2019=100",FMP21000,P2041 Mining Production and sales(202607).zip
ZAF,2010-04,shared,mining_volume_coal,84.8,"index, 2019=100",FMP21000,P2041 Mining Production and sales(202607).zip
ZAF,2010-05,shared,mining_volume_coal,90.1,"index, 2019=100",FMP21000,P2041 Mining Production and sales(202607).zip
ZAF,2010-06,shared,mining_volume_coal,101.0,"index, 2019=100",FMP21000,P2041 Mining Production and sales(202607).zip
ZAF,2010-07,shared,mining_volume_coal,106.9,"index, 2019=100",FMP21000,P2041 Mining Production and sales(202607).zip
ZAF,2010-08,shared,mining_volume_coal,108.2,"index, 2019=100",FMP21000,P2041 Mining Production and sales(202607).zip
ZAF,2010-09,shared,mining_volume_coal,108.1,"index, 2019=100",FMP21000,P2041 Mining Production and sales(202607).zip
ZAF,2010-10,shared,mining_volume_coal,106.8,"index, 2019=100",FMP21000,P2041 Mining Production and sales(202607).zip
ZAF,2010-11,shared,mining_volume_coal,108.6,"index, 2019=100",FMP21000,P2041 Mining Production and sales(202607).zip
ZAF,2010-12,shared,mining_volume_coal,90.3,"index, 2019=100",FMP21000,P2041 Mining Production and sales(202607).zip
ZAF,2011-01,shared,mining_volume_coal,88.9,"index, 2019=100",FMP21000,P2041 Mining Production and sales(202607).zip
ZAF,2011-02,shared,mining_volume_coal,90.9,"index, 2019=100",FMP21000,P2041 Mining Production and sales(202607).zip
ZAF,2011-03,shared,mining_volume_coal,101.1,"index, 2019=100",FMP21000,P2041 Mining Production and sales(202607).zip
ZAF,2011-04,shared,mining_volume_coal,95.4,"index, 2019=100",FMP21000,P2041 Mining Production and sales(202607).zip
ZAF,2011-05,shared,mining_volume_coal,96.7,"index, 2019=100",FMP21000,P2041 Mining Production and sales(202607).zip
ZAF,2011-06,shared,mining_volume_coal,95.5,"index, 2019=100",FMP21000,P2041 Mining Production and sales(202607).zip
ZAF,2011-07,shared,mining_volume_coal,92.6,"index, 2019=100",FMP21000,P2041 Mining Production and sales(202607).zip
ZAF,2011-08,shared,mining_volume_coal,104.5,"index, 2019=100",FMP21000,P2041 Mining Production and sales(202607).zip
ZAF,2011-09,shared,mining_volume_coal,103.0,"index, 2019=100",FMP21000,P2041 Mining Production and sales(202607).zip
ZAF,2011-10,shared,mining_volume_coal,95.4,"index, 2019=100",FMP21000,P2041 Mining Production and sales(202607).zip
ZAF,2011-11,shared,mining_volume_coal,104.5,"index, 2019=100",FMP21000,P2041 Mining Production and sales(202607).zip
ZAF,2011-12,shared,mining_volume_coal,93.9,"index, 2019=100",FMP21000,P2041 Mining Production and sales(202607).zip
ZAF,2012-01,shared,mining_volume_coal,92.1,"index, 2019=100",FMP21000,P2041 Mining Production and sales(202607).zip
ZAF,2012-02,shared,mining_volume_coal,93.9,"index, 2019=100",FMP21000,P2041 Mining Production and sales(202607).zip
ZAF,2012-03,shared,mining_volume_coal,103.4,"index, 2019=100",FMP21000,P2041 Mining Production and sales(202607).zip
ZAF,2012-04,shared,mining_volume_coal,94.1,"index, 2019=100",FMP21000,P2041 Mining Production and sales(202607).zip
ZAF,2012-05,shared,mining_volume_coal,104.6,"index, 2019=100",FMP21000,P2041 Mining Production and sales(202607).zip
ZAF,2012-06,shared,mining_volume_coal,104.3,"index, 2019=100",FMP21000,P2041 Mining Production and sales(202607).zip
ZAF,2012-07,shared,mining_volume_coal,104.8,"index, 2019=100",FMP21000,P2041 Mining Production and sales(202607).zip
ZAF,2012-08,shared,mining_volume_coal,104.3,"index, 2019=100",FMP21000,P2041 Mining Production and sales(202607).zip
ZAF,2012-09,shared,mining_volume_coal,99.4,"index, 2019=100",FMP21000,P2041 Mining Production and sales(202607).zip
ZAF,2012-10,shared,mining_volume_coal,105.2,"index, 2019=100",FMP21000,P2041 Mining Production and sales(202607).zip
ZAF,2012-11,shared,mining_volume_coal,105.5,"index, 2019=100",FMP21000,P2041 Mining Production and sales(202607).zip
ZAF,2012-12,shared,mining_volume_coal,89.2,"index, 2019=100",FMP21000,P2041 Mining Production and sales(202607).zip
ZAF,2013-01,shared,mining_volume_coal,98.7,"index, 2019=100",FMP21000,P2041 Mining Production and sales(202607).zip
ZAF,2013-02,shared,mining_volume_coal,96.4,"index, 2019=100",FMP21000,P2041 Mining Production and sales(202607).zip
ZAF,2013-03,shared,mining_volume_coal,88.0,"index, 2019=100",FMP21000,P2041 Mining Production and sales(202607).zip
ZAF,2013-04,shared,mining_volume_coal,102.6,"index, 2019=100",FMP21000,P2041 Mining Production and sales(202607).zip
ZAF,2013-05,shared,mining_volume_coal,107.0,"index, 2019=100",FMP21000,P2041 Mining Production and sales(202607).zip
ZAF,2013-06,shared,mining_volume_coal,102.8,"index, 2019=100",FMP21000,P2041 Mining Production and sales(202607).zip
ZAF,2013-07,shared,mining_volume_coal,106.1,"index, 2019=100",FMP21000,P2041 Mining Production and sales(202607).zip
ZAF,2013-08,shared,mining_volume_coal,104.6,"index, 2019=100",FMP21000,P2041 Mining Production and sales(202607).zip
ZAF,2013-09,shared,mining_volume_coal,98.9,"index, 2019=100",FMP21000,P2041 Mining Production and sales(202607).zip
ZAF,2013-10,shared,mining_volume_coal,103.7,"index, 2019=100",FMP21000,P2041 Mining Production and sales(202607).zip
ZAF,2013-11,shared,mining_volume_coal,101.9,"index, 2019=100",FMP21000,P2041 Mining Production and sales(202607).zip
ZAF,2013-12,shared,mining_volume_coal,79.2,"index, 2019=100",FMP21000,P2041 Mining Production and sales(202607).zip
ZAF,2014-01,shared,mining_volume_coal,94.2,"index, 2019=100",FMP21000,P2041 Mining Production and sales(202607).zip
ZAF,2014-02,shared,mining_volume_coal,93.6,"index, 2019=100",FMP21000,P2041 Mining Production and sales(202607).zip
ZAF,2014-03,shared,mining_volume_coal,95.3,"index, 2019=100",FMP21000,P2041 Mining Production and sales(202607).zip
ZAF,2014-04,shared,mining_volume_coal,101.7,"index, 2019=100",FMP21000,P2041 Mining Production and sales(202607).zip
ZAF,2014-05,shared,mining_volume_coal,108.5,"index, 2019=100",FMP21000,P2041 Mining Production and sales(202607).zip
ZAF,2014-06,shared,mining_volume_coal,103.1,"index, 2019=100",FMP21000,P2041 Mining Production and sales(202607).zip
ZAF,2014-07,shared,mining_volume_coal,105.2,"index, 2019=100",FMP21000,P2041 Mining Production and sales(202607).zip
ZAF,2014-08,shared,mining_volume_coal,105.2,"index, 2019=100",FMP21000,P2041 Mining Production and sales(202607).zip
ZAF,2014-09,shared,mining_volume_coal,106.6,"index, 2019=100",FMP21000,P2041 Mining Production and sales(202607).zip
ZAF,2014-10,shared,mining_volume_coal,110.1,"index, 2019=100",FMP21000,P2041 Mining Production and sales(202607).zip
ZAF,2014-11,shared,mining_volume_coal,98.6,"index, 2019=100",FMP21000,P2041 Mining Production and sales(202607).zip
ZAF,2014-12,shared,mining_volume_coal,90.3,"index, 2019=100",FMP21000,P2041 Mining Production and sales(202607).zip
ZAF,2015-01,shared,mining_volume_coal,95.7,"index, 2019=100",FMP21000,P2041 Mining Production and sales(202607).zip
ZAF,2015-02,shared,mining_volume_coal,96.5,"index, 2019=100",FMP21000,P2041 Mining Production and sales(202607).zip
ZAF,2015-03,shared,mining_volume_coal,105.5,"index, 2019=100",FMP21000,P2041 Mining Production and sales(202607).zip
ZAF,2015-04,shared,mining_volume_coal,97.9,"index, 2019=100",FMP21000,P2041 Mining Production and sales(202607).zip
ZAF,2015-05,shared,mining_volume_coal,98.3,"index, 2019=100",FMP21000,P2041 Mining Production and sales(202607).zip
ZAF,2015-06,shared,mining_volume_coal,97.1,"index, 2019=100",FMP21000,P2041 Mining Production and sales(202607).zip
ZAF,2015-07,shared,mining_volume_coal,104.0,"index, 2019=100",FMP21000,P2041 Mining Production and sales(202607).zip
ZAF,2015-08,shared,mining_volume_coal,99.8,"index, 2019=100",FMP21000,P2041 Mining Production and sales(202607).zip
ZAF,2015-09,shared,mining_volume_coal,93.1,"index, 2019=100",FMP21000,P2041 Mining Production and sales(202607).zip
ZAF,2015-10,shared,mining_volume_coal,94.0,"index, 2019=100",FMP21000,P2041 Mining Production and sales(202607).zip
ZAF,2015-11,shared,mining_volume_coal,99.0,"index, 2019=100",FMP21000,P2041 Mining Production and sales(202607).zip
ZAF,2015-12,shared,mining_volume_coal,88.4,"index, 2019=100",FMP21000,P2041 Mining Production and sales(202607).zip
ZAF,2016-01,shared,mining_volume_coal,95.4,"index, 2019=100",FMP21000,P2041 Mining Production and sales(202607).zip
ZAF,2016-02,shared,mining_volume_coal,96.6,"index, 2019=100",FMP21000,P2041 Mining Production and sales(202607).zip
ZAF,2016-03,shared,mining_volume_coal,88.9,"index, 2019=100",FMP21000,P2041 Mining Production and sales(202607).zip
ZAF,2016-04,shared,mining_volume_coal,97.8,"index, 2019=100",FMP21000,P2041 Mining Production and sales(202607).zip
ZAF,2016-05,shared,mining_volume_coal,98.4,"index, 2019=100",FMP21000,P2041 Mining Production and sales(202607).zip
ZAF,2016-06,shared,mining_volume_coal,102.2,"index, 2019=100",FMP21000,P2041 Mining Production and sales(202607).zip
ZAF,2016-07,shared,mining_volume_coal,101.8,"index, 2019=100",FMP21000,P2041 Mining Production and sales(202607).zip
ZAF,2016-08,shared,mining_volume_coal,99.5,"index, 2019=100",FMP21000,P2041 Mining Production and sales(202607).zip
ZAF,2016-09,shared,mining_volume_coal,99.9,"index, 2019=100",FMP21000,P2041 Mining Production and sales(202607).zip
ZAF,2016-10,shared,mining_volume_coal,98.1,"index, 2019=100",FMP21000,P2041 Mining Production and sales(202607).zip
ZAF,2016-11,shared,mining_volume_coal,95.7,"index, 2019=100",FMP21000,P2041 Mining Production and sales(202607).zip
ZAF,2016-12,shared,mining_volume_coal,88.1,"index, 2019=100",FMP21000,P2041 Mining Production and sales(202607).zip
ZAF,2017-01,shared,mining_volume_coal,91.4,"index, 2019=100",FMP21000,P2041 Mining Production and sales(202607).zip
ZAF,2017-02,shared,mining_volume_coal,87.7,"index, 2019=100",FMP21000,P2041 Mining Production and sales(202607).zip
ZAF,2017-03,shared,mining_volume_coal,98.2,"index, 2019=100",FMP21000,P2041 Mining Production and sales(202607).zip
ZAF,2017-04,shared,mining_volume_coal,89.5,"index, 2019=100",FMP21000,P2041 Mining Production and sales(202607).zip
ZAF,2017-05,shared,mining_volume_coal,102.7,"index, 2019=100",FMP21000,P2041 Mining Production and sales(202607).zip
ZAF,2017-06,shared,mining_volume_coal,101.9,"index, 2019=100",FMP21000,P2041 Mining Production and sales(202607).zip
ZAF,2017-07,shared,mining_volume_coal,103.4,"index, 2019=100",FMP21000,P2041 Mining Production and sales(202607).zip
ZAF,2017-08,shared,mining_volume_coal,104.0,"index, 2019=100",FMP21000,P2041 Mining Production and sales(202607).zip
ZAF,2017-09,shared,mining_volume_coal,99.5,"index, 2019=100",FMP21000,P2041 Mining Production and sales(202607).zip
ZAF,2017-10,shared,mining_volume_coal,104.6,"index, 2019=100",FMP21000,P2041 Mining Production and sales(202607).zip
ZAF,2017-11,shared,mining_volume_coal,102.8,"index, 2019=100",FMP21000,P2041 Mining Production and sales(202607).zip
ZAF,2017-12,shared,mining_volume_coal,84.3,"index, 2019=100",FMP21000,P2041 Mining Production and sales(202607).zip
ZAF,2018-01,shared,mining_volume_coal,94.1,"index, 2019=100",FMP21000,P2041 Mining Production and sales(202607).zip
ZAF,2018-02,shared,mining_volume_coal,90.8,"index, 2019=100",FMP21000,P2041 Mining Production and sales(202607).zip
ZAF,2018-03,shared,mining_volume_coal,96.0,"index, 2019=100",FMP21000,P2041 Mining Production and sales(202607).zip
ZAF,2018-04,shared,mining_volume_coal,91.9,"index, 2019=100",FMP21000,P2041 Mining Production and sales(202607).zip
ZAF,2018-05,shared,mining_volume_coal,99.6,"index, 2019=100",FMP21000,P2041 Mining Production and sales(202607).zip
ZAF,2018-06,shared,mining_volume_coal,103.4,"index, 2019=100",FMP21000,P2041 Mining Production and sales(202607).zip
ZAF,2018-07,shared,mining_volume_coal,99.5,"index, 2019=100",FMP21000,P2041 Mining Production and sales(202607).zip
ZAF,2018-08,shared,mining_volume_coal,109.4,"index, 2019=100",FMP21000,P2041 Mining Production and sales(202607).zip
ZAF,2018-09,shared,mining_volume_coal,98.1,"index, 2019=100",FMP21000,P2041 Mining Production and sales(202607).zip
ZAF,2018-10,shared,mining_volume_coal,105.2,"index, 2019=100",FMP21000,P2041 Mining Production and sales(202607).zip
ZAF,2018-11,shared,mining_volume_coal,102.7,"index, 2019=100",FMP21000,P2041 Mining Production and sales(202607).zip
ZAF,2018-12,shared,mining_volume_coal,85.0,"index, 2019=100",FMP21000,P2041 Mining Production and sales(202607).zip
ZAF,2019-01,shared,mining_volume_coal,89.5,"index, 2019=100",FMP21000,P2041 Mining Production and sales(202607).zip
ZAF,2019-02,shared,mining_volume_coal,89.9,"index, 2019=100",FMP21000,P2041 Mining Production and sales(202607).zip
ZAF,2019-03,shared,mining_volume_coal,102.3,"index, 2019=100",FMP21000,P2041 Mining Production and sales(202607).zip
ZAF,2019-04,shared,mining_volume_coal,94.3,"index, 2019=100",FMP21000,P2041 Mining Production and sales(202607).zip
ZAF,2019-05,shared,mining_volume_coal,111.6,"index, 2019=100",FMP21000,P2041 Mining Production and sales(202607).zip
ZAF,2019-06,shared,mining_volume_coal,105.9,"index, 2019=100",FMP21000,P2041 Mining Production and sales(202607).zip
ZAF,2019-07,shared,mining_volume_coal,112.2,"index, 2019=100",FMP21000,P2041 Mining Production and sales(202607).zip
ZAF,2019-08,shared,mining_volume_coal,109.4,"index, 2019=100",FMP21000,P2041 Mining Production and sales(202607).zip
ZAF,2019-09,shared,mining_volume_coal,101.1,"index, 2019=100",FMP21000,P2041 Mining Production and sales(202607).zip
ZAF,2019-10,shared,mining_volume_coal,106.7,"index, 2019=100",FMP21000,P2041 Mining Production and sales(202607).zip
ZAF,2019-11,shared,mining_volume_coal,102.0,"index, 2019=100",FMP21000,P2041 Mining Production and sales(202607).zip
ZAF,2019-12,shared,mining_volume_coal,75.0,"index, 2019=100",FMP21000,P2041 Mining Production and sales(202607).zip
ZAF,2020-01,shared,mining_volume_coal,93.7,"index, 2019=100",FMP21000,P2041 Mining Production and sales(202607).zip
ZAF,2020-02,shared,mining_volume_coal,101.9,"index, 2019=100",FMP21000,P2041 Mining Production and sales(202607).zip
ZAF,2020-03,shared,mining_volume_coal,100.9,"index, 2019=100",FMP21000,P2041 Mining Production and sales(202607).zip
ZAF,2020-04,shared,mining_volume_coal,84.1,"index, 2019=100",FMP21000,P2041 Mining Production and sales(202607).zip
ZAF,2020-05,shared,mining_volume_coal,101.6,"index, 2019=100",FMP21000,P2041 Mining Production and sales(202607).zip
ZAF,2020-06,shared,mining_volume_coal,95.0,"index, 2019=100",FMP21000,P2041 Mining Production and sales(202607).zip
ZAF,2020-07,shared,mining_volume_coal,104.3,"index, 2019=100",FMP21000,P2041 Mining Production and sales(202607).zip
ZAF,2020-08,shared,mining_volume_coal,104.6,"index, 2019=100",FMP21000,P2041 Mining Production and sales(202607).zip
ZAF,2020-09,shared,mining_volume_coal,99.2,"index, 2019=100",FMP21000,P2041 Mining Production and sales(202607).zip
ZAF,2020-10,shared,mining_volume_coal,102.9,"index, 2019=100",FMP21000,P2041 Mining Production and sales(202607).zip
ZAF,2020-11,shared,mining_volume_coal,96.5,"index, 2019=100",FMP21000,P2041 Mining Production and sales(202607).zip
ZAF,2020-12,shared,mining_volume_coal,76.7,"index, 2019=100",FMP21000,P2041 Mining Production and sales(202607).zip
ZAF,2021-01,shared,mining_volume_coal,81.6,"index, 2019=100",FMP21000,P2041 Mining Production and sales(202607).zip
ZAF,2021-02,shared,mining_volume_coal,81.3,"index, 2019=100",FMP21000,P2041 Mining Production and sales(202607).zip
ZAF,2021-03,shared,mining_volume_coal,96.8,"index, 2019=100",FMP21000,P2041 Mining Production and sales(202607).zip
ZAF,2021-04,shared,mining_volume_coal,90.1,"index, 2019=100",FMP21000,P2041 Mining Production and sales(202607).zip
ZAF,2021-05,shared,mining_volume_coal,95.1,"index, 2019=100",FMP21000,P2041 Mining Production and sales(202607).zip
ZAF,2021-06,shared,mining_volume_coal,99.0,"index, 2019=100",FMP21000,P2041 Mining Production and sales(202607).zip
ZAF,2021-07,shared,mining_volume_coal,101.9,"index, 2019=100",FMP21000,P2041 Mining Production and sales(202607).zip
ZAF,2021-08,shared,mining_volume_coal,96.5,"index, 2019=100",FMP21000,P2041 Mining Production and sales(202607).zip
ZAF,2021-09,shared,mining_volume_coal,93.1,"index, 2019=100",FMP21000,P2041 Mining Production and sales(202607).zip
ZAF,2021-10,shared,mining_volume_coal,92.1,"index, 2019=100",FMP21000,P2041 Mining Production and sales(202607).zip
ZAF,2021-11,shared,mining_volume_coal,88.8,"index, 2019=100",FMP21000,P2041 Mining Production and sales(202607).zip
ZAF,2021-12,shared,mining_volume_coal,68.8,"index, 2019=100",FMP21000,P2041 Mining Production and sales(202607).zip
ZAF,2022-01,shared,mining_volume_coal,80.1,"index, 2019=100",FMP21000,P2041 Mining Production and sales(202607).zip
ZAF,2022-02,shared,mining_volume_coal,86.4,"index, 2019=100",FMP21000,P2041 Mining Production and sales(202607).zip
ZAF,2022-03,shared,mining_volume_coal,94.9,"index, 2019=100",FMP21000,P2041 Mining Production and sales(202607).zip
ZAF,2022-04,shared,mining_volume_coal,77.1,"index, 2019=100",FMP21000,P2041 Mining Production and sales(202607).zip
ZAF,2022-05,shared,mining_volume_coal,89.2,"index, 2019=100",FMP21000,P2041 Mining Production and sales(202607).zip
ZAF,2022-06,shared,mining_volume_coal,94.1,"index, 2019=100",FMP21000,P2041 Mining Production and sales(202607).zip
ZAF,2022-07,shared,mining_volume_coal,100.9,"index, 2019=100",FMP21000,P2041 Mining Production and sales(202607).zip
ZAF,2022-08,shared,mining_volume_coal,93.9,"index, 2019=100",FMP21000,P2041 Mining Production and sales(202607).zip
ZAF,2022-09,shared,mining_volume_coal,94.1,"index, 2019=100",FMP21000,P2041 Mining Production and sales(202607).zip
ZAF,2022-10,shared,mining_volume_coal,94.9,"index, 2019=100",FMP21000,P2041 Mining Production and sales(202607).zip
ZAF,2022-11,shared,mining_volume_coal,87.0,"index, 2019=100",FMP21000,P2041 Mining Production and sales(202607).zip
ZAF,2022-12,shared,mining_volume_coal,74.0,"index, 2019=100",FMP21000,P2041 Mining Production and sales(202607).zip
ZAF,2023-01,shared,mining_volume_coal,83.6,"index, 2019=100",FMP21000,P2041 Mining Production and sales(202607).zip
ZAF,2023-02,shared,mining_volume_coal,75.6,"index, 2019=100",FMP21000,P2041 Mining Production and sales(202607).zip
ZAF,2023-03,shared,mining_volume_coal,94.4,"index, 2019=100",FMP21000,P2041 Mining Production and sales(202607).zip
ZAF,2023-04,shared,mining_volume_coal,86.9,"index, 2019=100",FMP21000,P2041 Mining Production and sales(202607).zip
ZAF,2023-05,shared,mining_volume_coal,88.0,"index, 2019=100",FMP21000,P2041 Mining Production and sales(202607).zip
ZAF,2023-06,shared,mining_volume_coal,93.6,"index, 2019=100",FMP21000,P2041 Mining Production and sales(202607).zip
ZAF,2023-07,shared,mining_volume_coal,95.2,"index, 2019=100",FMP21000,P2041 Mining Production and sales(202607).zip
ZAF,2023-08,shared,mining_volume_coal,95.8,"index, 2019=100",FMP21000,P2041 Mining Production and sales(202607).zip
ZAF,2023-09,shared,mining_volume_coal,97.6,"index, 2019=100",FMP21000,P2041 Mining Production and sales(202607).zip
ZAF,2023-10,shared,mining_volume_coal,96.3,"index, 2019=100",FMP21000,P2041 Mining Production and sales(202607).zip
ZAF,2023-11,shared,mining_volume_coal,98.8,"index, 2019=100",FMP21000,P2041 Mining Production and sales(202607).zip
ZAF,2023-12,shared,mining_volume_coal,79.3,"index, 2019=100",FMP21000,P2041 Mining Production and sales(202607).zip
ZAF,2024-01,shared,mining_volume_coal,86.0,"index, 2019=100",FMP21000,P2041 Mining Production and sales(202607).zip
ZAF,2024-02,shared,mining_volume_coal,88.7,"index, 2019=100",FMP21000,P2041 Mining Production and sales(202607).zip
ZAF,2024-03,shared,mining_volume_coal,88.8,"index, 2019=100",FMP21000,P2041 Mining Production and sales(202607).zip
ZAF,2024-04,shared,mining_volume_coal,84.8,"index, 2019=100",FMP21000,P2041 Mining Production and sales(202607).zip
ZAF,2024-05,shared,mining_volume_coal,94.9,"index, 2019=100",FMP21000,P2041 Mining Production and sales(202607).zip
ZAF,2024-06,shared,mining_volume_coal,90.9,"index, 2019=100",FMP21000,P2041 Mining Production and sales(202607).zip
ZAF,2024-07,shared,mining_volume_coal,97.1,"index, 2019=100",FMP21000,P2041 Mining Production and sales(202607).zip
ZAF,2024-08,shared,mining_volume_coal,95.8,"index, 2019=100",FMP21000,P2041 Mining Production and sales(202607).zip
ZAF,2024-09,shared,mining_volume_coal,94.5,"index, 2019=100",FMP21000,P2041 Mining Production and sales(202607).zip
ZAF,2024-10,shared,mining_volume_coal,97.6,"index, 2019=100",FMP21000,P2041 Mining Production and sales(202607).zip
ZAF,2024-11,shared,mining_volume_coal,98.4,"index, 2019=100",FMP21000,P2041 Mining Production and sales(202607).zip
ZAF,2024-12,shared,mining_volume_coal,81.2,"index, 2019=100",FMP21000,P2041 Mining Production and sales(202607).zip
ZAF,2025-01,shared,mining_volume_coal,83.2,"index, 2019=100",FMP21000,P2041 Mining Production and sales(202607).zip
ZAF,2025-02,shared,mining_volume_coal,86.4,"index, 2019=100",FMP21000,P2041 Mining Production and sales(202607).zip
ZAF,2025-03,shared,mining_volume_coal,90.4,"index, 2019=100",FMP21000,P2041 Mining Production and sales(202607).zip
ZAF,2025-04,shared,mining_volume_coal,83.9,"index, 2019=100",FMP21000,P2041 Mining Production and sales(202607).zip
ZAF,2025-05,shared,mining_volume_coal,92.1,"index, 2019=100",FMP21000,P2041 Mining Production and sales(202607).zip
ZAF,2025-06,shared,mining_volume_coal,96.3,"index, 2019=100",FMP21000,P2041 Mining Production and sales(202607).zip
ZAF,2025-07,shared,mining_volume_coal,101.2,"index, 2019=100",FMP21000,P2041 Mining Production and sales(202607).zip
ZAF,2025-08,shared,mining_volume_coal,100.0,"index, 2019=100",FMP21000,P2041 Mining Production and sales(202607).zip
ZAF,2025-09,shared,mining_volume_coal,96.5,"index, 2019=100",FMP21000,P2041 Mining Production and sales(202607).zip
ZAF,2025-10,shared,mining_volume_coal,98.5,"index, 2019=100",FMP21000,P2041 Mining Production and sales(202607).zip
ZAF,2025-11,shared,mining_volume_coal,91.3,"index, 2019=100",FMP21000,P2041 Mining Production and sales(202607).zip
ZAF,2025-12,shared,mining_volume_coal,75.6,"index, 2019=100",FMP21000,P2041 Mining Production and sales(202607).zip
ZAF,2026-01,shared,mining_volume_coal,82.1,"index, 2019=100",FMP21000,P2041 Mining Production and sales(202607).zip
ZAF,2026-02,shared,mining_volume_coal,80.9,"index, 2019=100",FMP21000,P2041 Mining Production and sales(202607).zip
ZAF,2026-03,shared,mining_volume_coal,81.6,"index, 2019=100",FMP21000,P2041 Mining Production and sales(202607).zip
ZAF,2026-04,shared,mining_volume_coal,78.7,"index, 2019=100",FMP21000,P2041 Mining Production and sales(202607).zip
ZAF,2026-05,shared,mining_volume_coal,87.0,"index, 2019=100",FMP21000,P2041 Mining Production and sales(202607).zip
ZAF,2026-06,shared,mining_volume_coal,89.7,"index, 2019=100",FMP21000,P2041 Mining Production and sales(202607).zip
ZAF,2026-07,shared,mining_volume_coal,93.6,"index, 2019=100",FMP21000,P2041 Mining Production and sales(202607).zip
ZAF,1998-01,shared,manufacturing_volume_total,72.8,"index, 2019=100",MPI30000,P3041.2 Manufacturing_ Production and sales(202607).zip
ZAF,1998-02,shared,manufacturing_volume_total,83.5,"index, 2019=100",MPI30000,P3041.2 Manufacturing_ Production and sales(202607).zip
ZAF,1998-03,shared,manufacturing_volume_total,85.9,"index, 2019=100",MPI30000,P3041.2 Manufacturing_ Production and sales(202607).zip
ZAF,1998-04,shared,manufacturing_volume_total,79.7,"index, 2019=100",MPI30000,P3041.2 Manufacturing_ Production and sales(202607).zip
ZAF,1998-05,shared,manufacturing_volume_total,83.4,"index, 2019=100",MPI30000,P3041.2 Manufacturing_ Production and sales(202607).zip
ZAF,1998-06,shared,manufacturing_volume_total,86.2,"index, 2019=100",MPI30000,P3041.2 Manufacturing_ Production and sales(202607).zip
ZAF,1998-07,shared,manufacturing_volume_total,86.3,"index, 2019=100",MPI30000,P3041.2 Manufacturing_ Production and sales(202607).zip
ZAF,1998-08,shared,manufacturing_volume_total,82.2,"index, 2019=100",MPI30000,P3041.2 Manufacturing_ Production and sales(202607).zip
ZAF,1998-09,shared,manufacturing_volume_total,87.8,"index, 2019=100",MPI30000,P3041.2 Manufacturing_ Production and sales(202607).zip
ZAF,1998-10,shared,manufacturing_volume_total,91.3,"index, 2019=100",MPI30000,P3041.2 Manufacturing_ Production and sales(202607).zip
ZAF,1998-11,shared,manufacturing_volume_total,89.7,"index, 2019=100",MPI30000,P3041.2 Manufacturing_ Production and sales(202607).zip
ZAF,1998-12,shared,manufacturing_volume_total,68.8,"index, 2019=100",MPI30000,P3041.2 Manufacturing_ Production and sales(202607).zip
ZAF,1999-01,shared,manufacturing_volume_total,70.5,"index, 2019=100",MPI30000,P3041.2 Manufacturing_ Production and sales(202607).zip
ZAF,1999-02,shared,manufacturing_volume_total,80.2,"index, 2019=100",MPI30000,P3041.2 Manufacturing_ Production and sales(202607).zip
ZAF,1999-03,shared,manufacturing_volume_total,83.7,"index, 2019=100",MPI30000,P3041.2 Manufacturing_ Production and sales(202607).zip
ZAF,1999-04,shared,manufacturing_volume_total,77.9,"index, 2019=100",MPI30000,P3041.2 Manufacturing_ Production and sales(202607).zip
ZAF,1999-05,shared,manufacturing_volume_total,82.5,"index, 2019=100",MPI30000,P3041.2 Manufacturing_ Production and sales(202607).zip
ZAF,1999-06,shared,manufacturing_volume_total,81.9,"index, 2019=100",MPI30000,P3041.2 Manufacturing_ Production and sales(202607).zip
ZAF,1999-07,shared,manufacturing_volume_total,84.7,"index, 2019=100",MPI30000,P3041.2 Manufacturing_ Production and sales(202607).zip
ZAF,1999-08,shared,manufacturing_volume_total,84.1,"index, 2019=100",MPI30000,P3041.2 Manufacturing_ Production and sales(202607).zip
ZAF,1999-09,shared,manufacturing_volume_total,86.9,"index, 2019=100",MPI30000,P3041.2 Manufacturing_ Production and sales(202607).zip
ZAF,1999-10,shared,manufacturing_volume_total,92.1,"index, 2019=100",MPI30000,P3041.2 Manufacturing_ Production and sales(202607).zip
ZAF,1999-11,shared,manufacturing_volume_total,93.9,"index, 2019=100",MPI30000,P3041.2 Manufacturing_ Production and sales(202607).zip
ZAF,1999-12,shared,manufacturing_volume_total,72.9,"index, 2019=100",MPI30000,P3041.2 Manufacturing_ Production and sales(202607).zip
ZAF,2000-01,shared,manufacturing_volume_total,72.7,"index, 2019=100",MPI30000,P3041.2 Manufacturing_ Production and sales(202607).zip
ZAF,2000-02,shared,manufacturing_volume_total,85.3,"index, 2019=100",MPI30000,P3041.2 Manufacturing_ Production and sales(202607).zip
ZAF,2000-03,shared,manufacturing_volume_total,91.3,"index, 2019=100",MPI30000,P3041.2 Manufacturing_ Production and sales(202607).zip
ZAF,2000-04,shared,manufacturing_volume_total,76.5,"index, 2019=100",MPI30000,P3041.2 Manufacturing_ Production and sales(202607).zip
ZAF,2000-05,shared,manufacturing_volume_total,86.2,"index, 2019=100",MPI30000,P3041.2 Manufacturing_ Production and sales(202607).zip
ZAF,2000-06,shared,manufacturing_volume_total,88.4,"index, 2019=100",MPI30000,P3041.2 Manufacturing_ Production and sales(202607).zip
ZAF,2000-07,shared,manufacturing_volume_total,86.4,"index, 2019=100",MPI30000,P3041.2 Manufacturing_ Production and sales(202607).zip
ZAF,2000-08,shared,manufacturing_volume_total,88.1,"index, 2019=100",MPI30000,P3041.2 Manufacturing_ Production and sales(202607).zip
ZAF,2000-09,shared,manufacturing_volume_total,90.5,"index, 2019=100",MPI30000,P3041.2 Manufacturing_ Production and sales(202607).zip
ZAF,2000-10,shared,manufacturing_volume_total,94.7,"index, 2019=100",MPI30000,P3041.2 Manufacturing_ Production and sales(202607).zip
ZAF,2000-11,shared,manufacturing_volume_total,96.7,"index, 2019=100",MPI30000,P3041.2 Manufacturing_ Production and sales(202607).zip
ZAF,2000-12,shared,manufacturing_volume_total,75.8,"index, 2019=100",MPI30000,P3041.2 Manufacturing_ Production and sales(202607).zip
ZAF,2001-01,shared,manufacturing_volume_total,77.5,"index, 2019=100",MPI30000,P3041.2 Manufacturing_ Production and sales(202607).zip
ZAF,2001-02,shared,manufacturing_volume_total,86.8,"index, 2019=100",MPI30000,P3041.2 Manufacturing_ Production and sales(202607).zip
ZAF,2001-03,shared,manufacturing_volume_total,91.6,"index, 2019=100",MPI30000,P3041.2 Manufacturing_ Production and sales(202607).zip
ZAF,2001-04,shared,manufacturing_volume_total,81.3,"index, 2019=100",MPI30000,P3041.2 Manufacturing_ Production and sales(202607).zip
ZAF,2001-05,shared,manufacturing_volume_total,85.7,"index, 2019=100",MPI30000,P3041.2 Manufacturing_ Production and sales(202607).zip
ZAF,2001-06,shared,manufacturing_volume_total,89.3,"index, 2019=100",MPI30000,P3041.2 Manufacturing_ Production and sales(202607).zip
ZAF,2001-07,shared,manufacturing_volume_total,88.2,"index, 2019=100",MPI30000,P3041.2 Manufacturing_ Production and sales(202607).zip
ZAF,2001-08,shared,manufacturing_volume_total,87.9,"index, 2019=100",MPI30000,P3041.2 Manufacturing_ Production and sales(202607).zip
ZAF,2001-09,shared,manufacturing_volume_total,87.8,"index, 2019=100",MPI30000,P3041.2 Manufacturing_ Production and sales(202607).zip
ZAF,2001-10,shared,manufacturing_volume_total,98.4,"index, 2019=100",MPI30000,P3041.2 Manufacturing_ Production and sales(202607).zip
ZAF,2001-11,shared,manufacturing_volume_total,100.0,"index, 2019=100",MPI30000,P3041.2 Manufacturing_ Production and sales(202607).zip
ZAF,2001-12,shared,manufacturing_volume_total,78.4,"index, 2019=100",MPI30000,P3041.2 Manufacturing_ Production and sales(202607).zip
ZAF,2002-01,shared,manufacturing_volume_total,79.1,"index, 2019=100",MPI30000,P3041.2 Manufacturing_ Production and sales(202607).zip
ZAF,2002-02,shared,manufacturing_volume_total,88.4,"index, 2019=100",MPI30000,P3041.2 Manufacturing_ Production and sales(202607).zip
ZAF,2002-03,shared,manufacturing_volume_total,92.4,"index, 2019=100",MPI30000,P3041.2 Manufacturing_ Production and sales(202607).zip
ZAF,2002-04,shared,manufacturing_volume_total,89.0,"index, 2019=100",MPI30000,P3041.2 Manufacturing_ Production and sales(202607).zip
ZAF,2002-05,shared,manufacturing_volume_total,94.0,"index, 2019=100",MPI30000,P3041.2 Manufacturing_ Production and sales(202607).zip
ZAF,2002-06,shared,manufacturing_volume_total,91.1,"index, 2019=100",MPI30000,P3041.2 Manufacturing_ Production and sales(202607).zip
ZAF,2002-07,shared,manufacturing_volume_total,93.2,"index, 2019=100",MPI30000,P3041.2 Manufacturing_ Production and sales(202607).zip
ZAF,2002-08,shared,manufacturing_volume_total,93.9,"index, 2019=100",MPI30000,P3041.2 Manufacturing_ Production and sales(202607).zip
ZAF,2002-09,shared,manufacturing_volume_total,95.0,"index, 2019=100",MPI30000,P3041.2 Manufacturing_ Production and sales(202607).zip
ZAF,2002-10,shared,manufacturing_volume_total,102.0,"index, 2019=100",MPI30000,P3041.2 Manufacturing_ Production and sales(202607).zip
ZAF,2002-11,shared,manufacturing_volume_total,101.9,"index, 2019=100",MPI30000,P3041.2 Manufacturing_ Production and sales(202607).zip
ZAF,2002-12,shared,manufacturing_volume_total,78.6,"index, 2019=100",MPI30000,P3041.2 Manufacturing_ Production and sales(202607).zip
ZAF,2003-01,shared,manufacturing_volume_total,80.5,"index, 2019=100",MPI30000,P3041.2 Manufacturing_ Production and sales(202607).zip
ZAF,2003-02,shared,manufacturing_volume_total,89.0,"index, 2019=100",MPI30000,P3041.2 Manufacturing_ Production and sales(202607).zip
ZAF,2003-03,shared,manufacturing_volume_total,91.7,"index, 2019=100",MPI30000,P3041.2 Manufacturing_ Production and sales(202607).zip
ZAF,2003-04,shared,manufacturing_volume_total,85.3,"index, 2019=100",MPI30000,P3041.2 Manufacturing_ Production and sales(202607).zip
ZAF,2003-05,shared,manufacturing_volume_total,90.3,"index, 2019=100",MPI30000,P3041.2 Manufacturing_ Production and sales(202607).zip
ZAF,2003-06,shared,manufacturing_volume_total,89.4,"index, 2019=100",MPI30000,P3041.2 Manufacturing_ Production and sales(202607).zip
ZAF,2003-07,shared,manufacturing_volume_total,92.2,"index, 2019=100",MPI30000,P3041.2 Manufacturing_ Production and sales(202607).zip
ZAF,2003-08,shared,manufacturing_volume_total,89.7,"index, 2019=100",MPI30000,P3041.2 Manufacturing_ Production and sales(202607).zip
ZAF,2003-09,shared,manufacturing_volume_total,91.7,"index, 2019=100",MPI30000,P3041.2 Manufacturing_ Production and sales(202607).zip
ZAF,2003-10,shared,manufacturing_volume_total,99.3,"index, 2019=100",MPI30000,P3041.2 Manufacturing_ Production and sales(202607).zip
ZAF,2003-11,shared,manufacturing_volume_total,97.5,"index, 2019=100",MPI30000,P3041.2 Manufacturing_ Production and sales(202607).zip
ZAF,2003-12,shared,manufacturing_volume_total,76.9,"index, 2019=100",MPI30000,P3041.2 Manufacturing_ Production and sales(202607).zip
ZAF,2004-01,shared,manufacturing_volume_total,79.4,"index, 2019=100",MPI30000,P3041.2 Manufacturing_ Production and sales(202607).zip
ZAF,2004-02,shared,manufacturing_volume_total,88.0,"index, 2019=100",MPI30000,P3041.2 Manufacturing_ Production and sales(202607).zip
ZAF,2004-03,shared,manufacturing_volume_total,96.9,"index, 2019=100",MPI30000,P3041.2 Manufacturing_ Production and sales(202607).zip
ZAF,2004-04,shared,manufacturing_volume_total,85.6,"index, 2019=100",MPI30000,P3041.2 Manufacturing_ Production and sales(202607).zip
ZAF,2004-05,shared,manufacturing_volume_total,94.9,"index, 2019=100",MPI30000,P3041.2 Manufacturing_ Production and sales(202607).zip
ZAF,2004-06,shared,manufacturing_volume_total,93.8,"index, 2019=100",MPI30000,P3041.2 Manufacturing_ Production and sales(202607).zip
ZAF,2004-07,shared,manufacturing_volume_total,96.1,"index, 2019=100",MPI30000,P3041.2 Manufacturing_ Production and sales(202607).zip
ZAF,2004-08,shared,manufacturing_volume_total,96.3,"index, 2019=100",MPI30000,P3041.2 Manufacturing_ Production and sales(202607).zip
ZAF,2004-09,shared,manufacturing_volume_total,98.0,"index, 2019=100",MPI30000,P3041.2 Manufacturing_ Production and sales(202607).zip
ZAF,2004-10,shared,manufacturing_volume_total,103.7,"index, 2019=100",MPI30000,P3041.2 Manufacturing_ Production and sales(202607).zip
ZAF,2004-11,shared,manufacturing_volume_total,102.7,"index, 2019=100",MPI30000,P3041.2 Manufacturing_ Production and sales(202607).zip
ZAF,2004-12,shared,manufacturing_volume_total,82.6,"index, 2019=100",MPI30000,P3041.2 Manufacturing_ Production and sales(202607).zip
ZAF,2005-01,shared,manufacturing_volume_total,81.6,"index, 2019=100",MPI30000,P3041.2 Manufacturing_ Production and sales(202607).zip
ZAF,2005-02,shared,manufacturing_volume_total,91.8,"index, 2019=100",MPI30000,P3041.2 Manufacturing_ Production and sales(202607).zip
ZAF,2005-03,shared,manufacturing_volume_total,97.1,"index, 2019=100",MPI30000,P3041.2 Manufacturing_ Production and sales(202607).zip
ZAF,2005-04,shared,manufacturing_volume_total,92.8,"index, 2019=100",MPI30000,P3041.2 Manufacturing_ Production and sales(202607).zip
ZAF,2005-05,shared,manufacturing_volume_total,96.8,"index, 2019=100",MPI30000,P3041.2 Manufacturing_ Production and sales(202607).zip
ZAF,2005-06,shared,manufacturing_volume_total,96.3,"index, 2019=100",MPI30000,P3041.2 Manufacturing_ Production and sales(202607).zip
ZAF,2005-07,shared,manufacturing_volume_total,96.9,"index, 2019=100",MPI30000,P3041.2 Manufacturing_ Production and sales(202607).zip
ZAF,2005-08,shared,manufacturing_volume_total,99.1,"index, 2019=100",MPI30000,P3041.2 Manufacturing_ Production and sales(202607).zip
ZAF,2005-09,shared,manufacturing_volume_total,102.9,"index, 2019=100",MPI30000,P3041.2 Manufacturing_ Production and sales(202607).zip
ZAF,2005-10,shared,manufacturing_volume_total,102.4,"index, 2019=100",MPI30000,P3041.2 Manufacturing_ Production and sales(202607).zip
ZAF,2005-11,shared,manufacturing_volume_total,106.0,"index, 2019=100",MPI30000,P3041.2 Manufacturing_ Production and sales(202607).zip
ZAF,2005-12,shared,manufacturing_volume_total,86.7,"index, 2019=100",MPI30000,P3041.2 Manufacturing_ Production and sales(202607).zip
ZAF,2006-01,shared,manufacturing_volume_total,86.0,"index, 2019=100",MPI30000,P3041.2 Manufacturing_ Production and sales(202607).zip
ZAF,2006-02,shared,manufacturing_volume_total,92.7,"index, 2019=100",MPI30000,P3041.2 Manufacturing_ Production and sales(202607).zip
ZAF,2006-03,shared,manufacturing_volume_total,101.5,"index, 2019=100",MPI30000,P3041.2 Manufacturing_ Production and sales(202607).zip
ZAF,2006-04,shared,manufacturing_volume_total,91.4,"index, 2019=100",MPI30000,P3041.2 Manufacturing_ Production and sales(202607).zip
ZAF,2006-05,shared,manufacturing_volume_total,100.0,"index, 2019=100",MPI30000,P3041.2 Manufacturing_ Production and sales(202607).zip
ZAF,2006-06,shared,manufacturing_volume_total,102.4,"index, 2019=100",MPI30000,P3041.2 Manufacturing_ Production and sales(202607).zip
ZAF,2006-07,shared,manufacturing_volume_total,103.0,"index, 2019=100",MPI30000,P3041.2 Manufacturing_ Production and sales(202607).zip
ZAF,2006-08,shared,manufacturing_volume_total,104.1,"index, 2019=100",MPI30000,P3041.2 Manufacturing_ Production and sales(202607).zip
ZAF,2006-09,shared,manufacturing_volume_total,105.0,"index, 2019=100",MPI30000,P3041.2 Manufacturing_ Production and sales(202607).zip
ZAF,2006-10,shared,manufacturing_volume_total,112.2,"index, 2019=100",MPI30000,P3041.2 Manufacturing_ Production and sales(202607).zip
ZAF,2006-11,shared,manufacturing_volume_total,113.8,"index, 2019=100",MPI30000,P3041.2 Manufacturing_ Production and sales(202607).zip
ZAF,2006-12,shared,manufacturing_volume_total,91.5,"index, 2019=100",MPI30000,P3041.2 Manufacturing_ Production and sales(202607).zip
ZAF,2007-01,shared,manufacturing_volume_total,90.6,"index, 2019=100",MPI30000,P3041.2 Manufacturing_ Production and sales(202607).zip
ZAF,2007-02,shared,manufacturing_volume_total,100.2,"index, 2019=100",MPI30000,P3041.2 Manufacturing_ Production and sales(202607).zip
ZAF,2007-03,shared,manufacturing_volume_total,108.6,"index, 2019=100",MPI30000,P3041.2 Manufacturing_ Production and sales(202607).zip
ZAF,2007-04,shared,manufacturing_volume_total,96.4,"index, 2019=100",MPI30000,P3041.2 Manufacturing_ Production and sales(202607).zip
ZAF,2007-05,shared,manufacturing_volume_total,108.1,"index, 2019=100",MPI30000,P3041.2 Manufacturing_ Production and sales(202607).zip
ZAF,2007-06,shared,manufacturing_volume_total,104.0,"index, 2019=100",MPI30000,P3041.2 Manufacturing_ Production and sales(202607).zip
ZAF,2007-07,shared,manufacturing_volume_total,106.2,"index, 2019=100",MPI30000,P3041.2 Manufacturing_ Production and sales(202607).zip
ZAF,2007-08,shared,manufacturing_volume_total,109.1,"index, 2019=100",MPI30000,P3041.2 Manufacturing_ Production and sales(202607).zip
ZAF,2007-09,shared,manufacturing_volume_total,103.4,"index, 2019=100",MPI30000,P3041.2 Manufacturing_ Production and sales(202607).zip
ZAF,2007-10,shared,manufacturing_volume_total,118.4,"index, 2019=100",MPI30000,P3041.2 Manufacturing_ Production and sales(202607).zip
ZAF,2007-11,shared,manufacturing_volume_total,118.4,"index, 2019=100",MPI30000,P3041.2 Manufacturing_ Production and sales(202607).zip
ZAF,2007-12,shared,manufacturing_volume_total,91.3,"index, 2019=100",MPI30000,P3041.2 Manufacturing_ Production and sales(202607).zip
ZAF,2008-01,shared,manufacturing_volume_total,91.2,"index, 2019=100",MPI30000,P3041.2 Manufacturing_ Production and sales(202607).zip
ZAF,2008-02,shared,manufacturing_volume_total,102.8,"index, 2019=100",MPI30000,P3041.2 Manufacturing_ Production and sales(202607).zip
ZAF,2008-03,shared,manufacturing_volume_total,106.2,"index, 2019=100",MPI30000,P3041.2 Manufacturing_ Production and sales(202607).zip
ZAF,2008-04,shared,manufacturing_volume_total,106.0,"index, 2019=100",MPI30000,P3041.2 Manufacturing_ Production and sales(202607).zip
ZAF,2008-05,shared,manufacturing_volume_total,108.4,"index, 2019=100",MPI30000,P3041.2 Manufacturing_ Production and sales(202607).zip
ZAF,2008-06,shared,manufacturing_volume_total,108.7,"index, 2019=100",MPI30000,P3041.2 Manufacturing_ Production and sales(202607).zip
ZAF,2008-07,shared,manufacturing_volume_total,109.0,"index, 2019=100",MPI30000,P3041.2 Manufacturing_ Production and sales(202607).zip
ZAF,2008-08,shared,manufacturing_volume_total,108.8,"index, 2019=100",MPI30000,P3041.2 Manufacturing_ Production and sales(202607).zip
ZAF,2008-09,shared,manufacturing_volume_total,107.5,"index, 2019=100",MPI30000,P3041.2 Manufacturing_ Production and sales(202607).zip
ZAF,2008-10,shared,manufacturing_volume_total,113.6,"index, 2019=100",MPI30000,P3041.2 Manufacturing_ Production and sales(202607).zip
ZAF,2008-11,shared,manufacturing_volume_total,106.8,"index, 2019=100",MPI30000,P3041.2 Manufacturing_ Production and sales(202607).zip
ZAF,2008-12,shared,manufacturing_volume_total,81.1,"index, 2019=100",MPI30000,P3041.2 Manufacturing_ Production and sales(202607).zip
ZAF,2009-01,shared,manufacturing_volume_total,77.7,"index, 2019=100",MPI30000,P3041.2 Manufacturing_ Production and sales(202607).zip
ZAF,2009-02,shared,manufacturing_volume_total,85.6,"index, 2019=100",MPI30000,P3041.2 Manufacturing_ Production and sales(202607).zip
ZAF,2009-03,shared,manufacturing_volume_total,91.7,"index, 2019=100",MPI30000,P3041.2 Manufacturing_ Production and sales(202607).zip
ZAF,2009-04,shared,manufacturing_volume_total,81.4,"index, 2019=100",MPI30000,P3041.2 Manufacturing_ Production and sales(202607).zip
ZAF,2009-05,shared,manufacturing_volume_total,88.5,"index, 2019=100",MPI30000,P3041.2 Manufacturing_ Production and sales(202607).zip
ZAF,2009-06,shared,manufacturing_volume_total,88.8,"index, 2019=100",MPI30000,P3041.2 Manufacturing_ Production and sales(202607).zip
ZAF,2009-07,shared,manufacturing_volume_total,92.3,"index, 2019=100",MPI30000,P3041.2 Manufacturing_ Production and sales(202607).zip
ZAF,2009-08,shared,manufacturing_volume_total,90.5,"index, 2019=100",MPI30000,P3041.2 Manufacturing_ Production and sales(202607).zip
ZAF,2009-09,shared,manufacturing_volume_total,93.9,"index, 2019=100",MPI30000,P3041.2 Manufacturing_ Production and sales(202607).zip
ZAF,2009-10,shared,manufacturing_volume_total,101.8,"index, 2019=100",MPI30000,P3041.2 Manufacturing_ Production and sales(202607).zip
ZAF,2009-11,shared,manufacturing_volume_total,101.4,"index, 2019=100",MPI30000,P3041.2 Manufacturing_ Production and sales(202607).zip
ZAF,2009-12,shared,manufacturing_volume_total,83.8,"index, 2019=100",MPI30000,P3041.2 Manufacturing_ Production and sales(202607).zip
ZAF,2010-01,shared,manufacturing_volume_total,79.4,"index, 2019=100",MPI30000,P3041.2 Manufacturing_ Production and sales(202607).zip
ZAF,2010-02,shared,manufacturing_volume_total,86.6,"index, 2019=100",MPI30000,P3041.2 Manufacturing_ Production and sales(202607).zip
ZAF,2010-03,shared,manufacturing_volume_total,97.5,"index, 2019=100",MPI30000,P3041.2 Manufacturing_ Production and sales(202607).zip
ZAF,2010-04,shared,manufacturing_volume_total,87.8,"index, 2019=100",MPI30000,P3041.2 Manufacturing_ Production and sales(202607).zip
ZAF,2010-05,shared,manufacturing_volume_total,94.5,"index, 2019=100",MPI30000,P3041.2 Manufacturing_ Production and sales(202607).zip
ZAF,2010-06,shared,manufacturing_volume_total,96.7,"index, 2019=100",MPI30000,P3041.2 Manufacturing_ Production and sales(202607).zip
ZAF,2010-07,shared,manufacturing_volume_total,98.9,"index, 2019=100",MPI30000,P3041.2 Manufacturing_ Production and sales(202607).zip
ZAF,2010-08,shared,manufacturing_volume_total,95.4,"index, 2019=100",MPI30000,P3041.2 Manufacturing_ Production and sales(202607).zip
ZAF,2010-09,shared,manufacturing_volume_total,96.0,"index, 2019=100",MPI30000,P3041.2 Manufacturing_ Production and sales(202607).zip
ZAF,2010-10,shared,manufacturing_volume_total,103.6,"index, 2019=100",MPI30000,P3041.2 Manufacturing_ Production and sales(202607).zip
ZAF,2010-11,shared,manufacturing_volume_total,105.4,"index, 2019=100",MPI30000,P3041.2 Manufacturing_ Production and sales(202607).zip
ZAF,2010-12,shared,manufacturing_volume_total,85.5,"index, 2019=100",MPI30000,P3041.2 Manufacturing_ Production and sales(202607).zip
ZAF,2011-01,shared,manufacturing_volume_total,81.5,"index, 2019=100",MPI30000,P3041.2 Manufacturing_ Production and sales(202607).zip
ZAF,2011-02,shared,manufacturing_volume_total,92.4,"index, 2019=100",MPI30000,P3041.2 Manufacturing_ Production and sales(202607).zip
ZAF,2011-03,shared,manufacturing_volume_total,102.7,"index, 2019=100",MPI30000,P3041.2 Manufacturing_ Production and sales(202607).zip
ZAF,2011-04,shared,manufacturing_volume_total,87.8,"index, 2019=100",MPI30000,P3041.2 Manufacturing_ Production and sales(202607).zip
ZAF,2011-05,shared,manufacturing_volume_total,95.4,"index, 2019=100",MPI30000,P3041.2 Manufacturing_ Production and sales(202607).zip
ZAF,2011-06,shared,manufacturing_volume_total,97.9,"index, 2019=100",MPI30000,P3041.2 Manufacturing_ Production and sales(202607).zip
ZAF,2011-07,shared,manufacturing_volume_total,92.9,"index, 2019=100",MPI30000,P3041.2 Manufacturing_ Production and sales(202607).zip
ZAF,2011-08,shared,manufacturing_volume_total,101.3,"index, 2019=100",MPI30000,P3041.2 Manufacturing_ Production and sales(202607).zip
ZAF,2011-09,shared,manufacturing_volume_total,103.7,"index, 2019=100",MPI30000,P3041.2 Manufacturing_ Production and sales(202607).zip
ZAF,2011-10,shared,manufacturing_volume_total,106.1,"index, 2019=100",MPI30000,P3041.2 Manufacturing_ Production and sales(202607).zip
ZAF,2011-11,shared,manufacturing_volume_total,109.5,"index, 2019=100",MPI30000,P3041.2 Manufacturing_ Production and sales(202607).zip
ZAF,2011-12,shared,manufacturing_volume_total,87.8,"index, 2019=100",MPI30000,P3041.2 Manufacturing_ Production and sales(202607).zip
ZAF,2012-01,shared,manufacturing_volume_total,83.5,"index, 2019=100",MPI30000,P3041.2 Manufacturing_ Production and sales(202607).zip
ZAF,2012-02,shared,manufacturing_volume_total,96.0,"index, 2019=100",MPI30000,P3041.2 Manufacturing_ Production and sales(202607).zip
ZAF,2012-03,shared,manufacturing_volume_total,99.8,"index, 2019=100",MPI30000,P3041.2 Manufacturing_ Production and sales(202607).zip
ZAF,2012-04,shared,manufacturing_volume_total,89.4,"index, 2019=100",MPI30000,P3041.2 Manufacturing_ Production and sales(202607).zip
ZAF,2012-05,shared,manufacturing_volume_total,100.4,"index, 2019=100",MPI30000,P3041.2 Manufacturing_ Production and sales(202607).zip
ZAF,2012-06,shared,manufacturing_volume_total,98.5,"index, 2019=100",MPI30000,P3041.2 Manufacturing_ Production and sales(202607).zip
ZAF,2012-07,shared,manufacturing_volume_total,99.7,"index, 2019=100",MPI30000,P3041.2 Manufacturing_ Production and sales(202607).zip
ZAF,2012-08,shared,manufacturing_volume_total,103.3,"index, 2019=100",MPI30000,P3041.2 Manufacturing_ Production and sales(202607).zip
ZAF,2012-09,shared,manufacturing_volume_total,101.2,"index, 2019=100",MPI30000,P3041.2 Manufacturing_ Production and sales(202607).zip
ZAF,2012-10,shared,manufacturing_volume_total,109.6,"index, 2019=100",MPI30000,P3041.2 Manufacturing_ Production and sales(202607).zip
ZAF,2012-11,shared,manufacturing_volume_total,113.8,"index, 2019=100",MPI30000,P3041.2 Manufacturing_ Production and sales(202607).zip
ZAF,2012-12,shared,manufacturing_volume_total,89.4,"index, 2019=100",MPI30000,P3041.2 Manufacturing_ Production and sales(202607).zip
ZAF,2013-01,shared,manufacturing_volume_total,86.7,"index, 2019=100",MPI30000,P3041.2 Manufacturing_ Production and sales(202607).zip
ZAF,2013-02,shared,manufacturing_volume_total,93.5,"index, 2019=100",MPI30000,P3041.2 Manufacturing_ Production and sales(202607).zip
ZAF,2013-03,shared,manufacturing_volume_total,98.3,"index, 2019=100",MPI30000,P3041.2 Manufacturing_ Production and sales(202607).zip
ZAF,2013-04,shared,manufacturing_volume_total,95.7,"index, 2019=100",MPI30000,P3041.2 Manufacturing_ Production and sales(202607).zip
ZAF,2013-05,shared,manufacturing_volume_total,102.0,"index, 2019=100",MPI30000,P3041.2 Manufacturing_ Production and sales(202607).zip
ZAF,2013-06,shared,manufacturing_volume_total,98.7,"index, 2019=100",MPI30000,P3041.2 Manufacturing_ Production and sales(202607).zip
ZAF,2013-07,shared,manufacturing_volume_total,104.9,"index, 2019=100",MPI30000,P3041.2 Manufacturing_ Production and sales(202607).zip
ZAF,2013-08,shared,manufacturing_volume_total,103.9,"index, 2019=100",MPI30000,P3041.2 Manufacturing_ Production and sales(202607).zip
ZAF,2013-09,shared,manufacturing_volume_total,99.2,"index, 2019=100",MPI30000,P3041.2 Manufacturing_ Production and sales(202607).zip
ZAF,2013-10,shared,manufacturing_volume_total,111.4,"index, 2019=100",MPI30000,P3041.2 Manufacturing_ Production and sales(202607).zip
ZAF,2013-11,shared,manufacturing_volume_total,113.3,"index, 2019=100",MPI30000,P3041.2 Manufacturing_ Production and sales(202607).zip
ZAF,2013-12,shared,manufacturing_volume_total,92.5,"index, 2019=100",MPI30000,P3041.2 Manufacturing_ Production and sales(202607).zip
ZAF,2014-01,shared,manufacturing_volume_total,89.0,"index, 2019=100",MPI30000,P3041.2 Manufacturing_ Production and sales(202607).zip
ZAF,2014-02,shared,manufacturing_volume_total,95.6,"index, 2019=100",MPI30000,P3041.2 Manufacturing_ Production and sales(202607).zip
ZAF,2014-03,shared,manufacturing_volume_total,99.7,"index, 2019=100",MPI30000,P3041.2 Manufacturing_ Production and sales(202607).zip
ZAF,2014-04,shared,manufacturing_volume_total,94.6,"index, 2019=100",MPI30000,P3041.2 Manufacturing_ Production and sales(202607).zip
ZAF,2014-05,shared,manufacturing_volume_total,99.3,"index, 2019=100",MPI30000,P3041.2 Manufacturing_ Production and sales(202607).zip
ZAF,2014-06,shared,manufacturing_volume_total,99.9,"index, 2019=100",MPI30000,P3041.2 Manufacturing_ Production and sales(202607).zip
ZAF,2014-07,shared,manufacturing_volume_total,97.6,"index, 2019=100",MPI30000,P3041.2 Manufacturing_ Production and sales(202607).zip
ZAF,2014-08,shared,manufacturing_volume_total,101.5,"index, 2019=100",MPI30000,P3041.2 Manufacturing_ Production and sales(202607).zip
ZAF,2014-09,shared,manufacturing_volume_total,105.6,"index, 2019=100",MPI30000,P3041.2 Manufacturing_ Production and sales(202607).zip
ZAF,2014-10,shared,manufacturing_volume_total,113.4,"index, 2019=100",MPI30000,P3041.2 Manufacturing_ Production and sales(202607).zip
ZAF,2014-11,shared,manufacturing_volume_total,111.2,"index, 2019=100",MPI30000,P3041.2 Manufacturing_ Production and sales(202607).zip
ZAF,2014-12,shared,manufacturing_volume_total,94.0,"index, 2019=100",MPI30000,P3041.2 Manufacturing_ Production and sales(202607).zip
ZAF,2015-01,shared,manufacturing_volume_total,87.3,"index, 2019=100",MPI30000,P3041.2 Manufacturing_ Production and sales(202607).zip
ZAF,2015-02,shared,manufacturing_volume_total,96.5,"index, 2019=100",MPI30000,P3041.2 Manufacturing_ Production and sales(202607).zip
ZAF,2015-03,shared,manufacturing_volume_total,104.2,"index, 2019=100",MPI30000,P3041.2 Manufacturing_ Production and sales(202607).zip
ZAF,2015-04,shared,manufacturing_volume_total,92.3,"index, 2019=100",MPI30000,P3041.2 Manufacturing_ Production and sales(202607).zip
ZAF,2015-05,shared,manufacturing_volume_total,97.7,"index, 2019=100",MPI30000,P3041.2 Manufacturing_ Production and sales(202607).zip
ZAF,2015-06,shared,manufacturing_volume_total,98.9,"index, 2019=100",MPI30000,P3041.2 Manufacturing_ Production and sales(202607).zip
ZAF,2015-07,shared,manufacturing_volume_total,102.0,"index, 2019=100",MPI30000,P3041.2 Manufacturing_ Production and sales(202607).zip
ZAF,2015-08,shared,manufacturing_volume_total,101.4,"index, 2019=100",MPI30000,P3041.2 Manufacturing_ Production and sales(202607).zip
ZAF,2015-09,shared,manufacturing_volume_total,107.3,"index, 2019=100",MPI30000,P3041.2 Manufacturing_ Production and sales(202607).zip
ZAF,2015-10,shared,manufacturing_volume_total,111.2,"index, 2019=100",MPI30000,P3041.2 Manufacturing_ Production and sales(202607).zip
ZAF,2015-11,shared,manufacturing_volume_total,109.9,"index, 2019=100",MPI30000,P3041.2 Manufacturing_ Production and sales(202607).zip
ZAF,2015-12,shared,manufacturing_volume_total,92.5,"index, 2019=100",MPI30000,P3041.2 Manufacturing_ Production and sales(202607).zip
ZAF,2016-01,shared,manufacturing_volume_total,84.8,"index, 2019=100",MPI30000,P3041.2 Manufacturing_ Production and sales(202607).zip
ZAF,2016-02,shared,manufacturing_volume_total,98.2,"index, 2019=100",MPI30000,P3041.2 Manufacturing_ Production and sales(202607).zip
ZAF,2016-03,shared,manufacturing_volume_total,101.5,"index, 2019=100",MPI30000,P3041.2 Manufacturing_ Production and sales(202607).zip
ZAF,2016-04,shared,manufacturing_volume_total,95.5,"index, 2019=100",MPI30000,P3041.2 Manufacturing_ Production and sales(202607).zip
ZAF,2016-05,shared,manufacturing_volume_total,101.2,"index, 2019=100",MPI30000,P3041.2 Manufacturing_ Production and sales(202607).zip
ZAF,2016-06,shared,manufacturing_volume_total,104.0,"index, 2019=100",MPI30000,P3041.2 Manufacturing_ Production and sales(202607).zip
ZAF,2016-07,shared,manufacturing_volume_total,102.2,"index, 2019=100",MPI30000,P3041.2 Manufacturing_ Production and sales(202607).zip
ZAF,2016-08,shared,manufacturing_volume_total,103.7,"index, 2019=100",MPI30000,P3041.2 Manufacturing_ Production and sales(202607).zip
ZAF,2016-09,shared,manufacturing_volume_total,107.8,"index, 2019=100",MPI30000,P3041.2 Manufacturing_ Production and sales(202607).zip
ZAF,2016-10,shared,manufacturing_volume_total,107.6,"index, 2019=100",MPI30000,P3041.2 Manufacturing_ Production and sales(202607).zip
ZAF,2016-11,shared,manufacturing_volume_total,112.1,"index, 2019=100",MPI30000,P3041.2 Manufacturing_ Production and sales(202607).zip
ZAF,2016-12,shared,manufacturing_volume_total,91.1,"index, 2019=100",MPI30000,P3041.2 Manufacturing_ Production and sales(202607).zip
ZAF,2017-01,shared,manufacturing_volume_total,85.7,"index, 2019=100",MPI30000,P3041.2 Manufacturing_ Production and sales(202607).zip
ZAF,2017-02,shared,manufacturing_volume_total,94.3,"index, 2019=100",MPI30000,P3041.2 Manufacturing_ Production and sales(202607).zip
ZAF,2017-03,shared,manufacturing_volume_total,101.5,"index, 2019=100",MPI30000,P3041.2 Manufacturing_ Production and sales(202607).zip
ZAF,2017-04,shared,manufacturing_volume_total,90.5,"index, 2019=100",MPI30000,P3041.2 Manufacturing_ Production and sales(202607).zip
ZAF,2017-05,shared,manufacturing_volume_total,100.1,"index, 2019=100",MPI30000,P3041.2 Manufacturing_ Production and sales(202607).zip
ZAF,2017-06,shared,manufacturing_volume_total,101.5,"index, 2019=100",MPI30000,P3041.2 Manufacturing_ Production and sales(202607).zip
ZAF,2017-07,shared,manufacturing_volume_total,100.6,"index, 2019=100",MPI30000,P3041.2 Manufacturing_ Production and sales(202607).zip
ZAF,2017-08,shared,manufacturing_volume_total,105.0,"index, 2019=100",MPI30000,P3041.2 Manufacturing_ Production and sales(202607).zip
ZAF,2017-09,shared,manufacturing_volume_total,105.4,"index, 2019=100",MPI30000,P3041.2 Manufacturing_ Production and sales(202607).zip
ZAF,2017-10,shared,manufacturing_volume_total,109.8,"index, 2019=100",MPI30000,P3041.2 Manufacturing_ Production and sales(202607).zip
ZAF,2017-11,shared,manufacturing_volume_total,114.0,"index, 2019=100",MPI30000,P3041.2 Manufacturing_ Production and sales(202607).zip
ZAF,2017-12,shared,manufacturing_volume_total,93.2,"index, 2019=100",MPI30000,P3041.2 Manufacturing_ Production and sales(202607).zip
ZAF,2018-01,shared,manufacturing_volume_total,87.1,"index, 2019=100",MPI30000,P3041.2 Manufacturing_ Production and sales(202607).zip
ZAF,2018-02,shared,manufacturing_volume_total,94.5,"index, 2019=100",MPI30000,P3041.2 Manufacturing_ Production and sales(202607).zip
ZAF,2018-03,shared,manufacturing_volume_total,98.9,"index, 2019=100",MPI30000,P3041.2 Manufacturing_ Production and sales(202607).zip
ZAF,2018-04,shared,manufacturing_volume_total,91.9,"index, 2019=100",MPI30000,P3041.2 Manufacturing_ Production and sales(202607).zip
ZAF,2018-05,shared,manufacturing_volume_total,101.8,"index, 2019=100",MPI30000,P3041.2 Manufacturing_ Production and sales(202607).zip
ZAF,2018-06,shared,manufacturing_volume_total,101.9,"index, 2019=100",MPI30000,P3041.2 Manufacturing_ Production and sales(202607).zip
ZAF,2018-07,shared,manufacturing_volume_total,103.2,"index, 2019=100",MPI30000,P3041.2 Manufacturing_ Production and sales(202607).zip
ZAF,2018-08,shared,manufacturing_volume_total,106.6,"index, 2019=100",MPI30000,P3041.2 Manufacturing_ Production and sales(202607).zip
ZAF,2018-09,shared,manufacturing_volume_total,104.9,"index, 2019=100",MPI30000,P3041.2 Manufacturing_ Production and sales(202607).zip
ZAF,2018-10,shared,manufacturing_volume_total,113.4,"index, 2019=100",MPI30000,P3041.2 Manufacturing_ Production and sales(202607).zip
ZAF,2018-11,shared,manufacturing_volume_total,115.3,"index, 2019=100",MPI30000,P3041.2 Manufacturing_ Production and sales(202607).zip
ZAF,2018-12,shared,manufacturing_volume_total,93.7,"index, 2019=100",MPI30000,P3041.2 Manufacturing_ Production and sales(202607).zip
ZAF,2019-01,shared,manufacturing_volume_total,88.0,"index, 2019=100",MPI30000,P3041.2 Manufacturing_ Production and sales(202607).zip
ZAF,2019-02,shared,manufacturing_volume_total,94.9,"index, 2019=100",MPI30000,P3041.2 Manufacturing_ Production and sales(202607).zip
ZAF,2019-03,shared,manufacturing_volume_total,101.2,"index, 2019=100",MPI30000,P3041.2 Manufacturing_ Production and sales(202607).zip
ZAF,2019-04,shared,manufacturing_volume_total,95.8,"index, 2019=100",MPI30000,P3041.2 Manufacturing_ Production and sales(202607).zip
ZAF,2019-05,shared,manufacturing_volume_total,102.0,"index, 2019=100",MPI30000,P3041.2 Manufacturing_ Production and sales(202607).zip
ZAF,2019-06,shared,manufacturing_volume_total,97.8,"index, 2019=100",MPI30000,P3041.2 Manufacturing_ Production and sales(202607).zip
ZAF,2019-07,shared,manufacturing_volume_total,101.8,"index, 2019=100",MPI30000,P3041.2 Manufacturing_ Production and sales(202607).zip
ZAF,2019-08,shared,manufacturing_volume_total,105.2,"index, 2019=100",MPI30000,P3041.2 Manufacturing_ Production and sales(202607).zip
ZAF,2019-09,shared,manufacturing_volume_total,102.6,"index, 2019=100",MPI30000,P3041.2 Manufacturing_ Production and sales(202607).zip
ZAF,2019-10,shared,manufacturing_volume_total,112.7,"index, 2019=100",MPI30000,P3041.2 Manufacturing_ Production and sales(202607).zip
ZAF,2019-11,shared,manufacturing_volume_total,111.0,"index, 2019=100",MPI30000,P3041.2 Manufacturing_ Production and sales(202607).zip
ZAF,2019-12,shared,manufacturing_volume_total,86.8,"index, 2019=100",MPI30000,P3041.2 Manufacturing_ Production and sales(202607).zip
ZAF,2020-01,shared,manufacturing_volume_total,85.7,"index, 2019=100",MPI30000,P3041.2 Manufacturing_ Production and sales(202607).zip
ZAF,2020-02,shared,manufacturing_volume_total,92.4,"index, 2019=100",MPI30000,P3041.2 Manufacturing_ Production and sales(202607).zip
ZAF,2020-03,shared,manufacturing_volume_total,94.5,"index, 2019=100",MPI30000,P3041.2 Manufacturing_ Production and sales(202607).zip
ZAF,2020-04,shared,manufacturing_volume_total,45.3,"index, 2019=100",MPI30000,P3041.2 Manufacturing_ Production and sales(202607).zip
ZAF,2020-05,shared,manufacturing_volume_total,67.2,"index, 2019=100",MPI30000,P3041.2 Manufacturing_ Production and sales(202607).zip
ZAF,2020-06,shared,manufacturing_volume_total,84.1,"index, 2019=100",MPI30000,P3041.2 Manufacturing_ Production and sales(202607).zip
ZAF,2020-07,shared,manufacturing_volume_total,91.4,"index, 2019=100",MPI30000,P3041.2 Manufacturing_ Production and sales(202607).zip
ZAF,2020-08,shared,manufacturing_volume_total,92.9,"index, 2019=100",MPI30000,P3041.2 Manufacturing_ Production and sales(202607).zip
ZAF,2020-09,shared,manufacturing_volume_total,99.4,"index, 2019=100",MPI30000,P3041.2 Manufacturing_ Production and sales(202607).zip
ZAF,2020-10,shared,manufacturing_volume_total,106.8,"index, 2019=100",MPI30000,P3041.2 Manufacturing_ Production and sales(202607).zip
ZAF,2020-11,shared,manufacturing_volume_total,104.7,"index, 2019=100",MPI30000,P3041.2 Manufacturing_ Production and sales(202607).zip
ZAF,2020-12,shared,manufacturing_volume_total,87.6,"index, 2019=100",MPI30000,P3041.2 Manufacturing_ Production and sales(202607).zip
ZAF,2021-01,shared,manufacturing_volume_total,80.3,"index, 2019=100",MPI30000,P3041.2 Manufacturing_ Production and sales(202607).zip
ZAF,2021-02,shared,manufacturing_volume_total,89.5,"index, 2019=100",MPI30000,P3041.2 Manufacturing_ Production and sales(202607).zip
ZAF,2021-03,shared,manufacturing_volume_total,99.2,"index, 2019=100",MPI30000,P3041.2 Manufacturing_ Production and sales(202607).zip
ZAF,2021-04,shared,manufacturing_volume_total,91.2,"index, 2019=100",MPI30000,P3041.2 Manufacturing_ Production and sales(202607).zip
ZAF,2021-05,shared,manufacturing_volume_total,92.3,"index, 2019=100",MPI30000,P3041.2 Manufacturing_ Production and sales(202607).zip
ZAF,2021-06,shared,manufacturing_volume_total,93.8,"index, 2019=100",MPI30000,P3041.2 Manufacturing_ Production and sales(202607).zip
ZAF,2021-07,shared,manufacturing_volume_total,86.8,"index, 2019=100",MPI30000,P3041.2 Manufacturing_ Production and sales(202607).zip
ZAF,2021-08,shared,manufacturing_volume_total,94.5,"index, 2019=100",MPI30000,P3041.2 Manufacturing_ Production and sales(202607).zip
ZAF,2021-09,shared,manufacturing_volume_total,100.0,"index, 2019=100",MPI30000,P3041.2 Manufacturing_ Production and sales(202607).zip
ZAF,2021-10,shared,manufacturing_volume_total,97.3,"index, 2019=100",MPI30000,P3041.2 Manufacturing_ Production and sales(202607).zip
ZAF,2021-11,shared,manufacturing_volume_total,104.9,"index, 2019=100",MPI30000,P3041.2 Manufacturing_ Production and sales(202607).zip
ZAF,2021-12,shared,manufacturing_volume_total,87.6,"index, 2019=100",MPI30000,P3041.2 Manufacturing_ Production and sales(202607).zip
ZAF,2022-01,shared,manufacturing_volume_total,83.1,"index, 2019=100",MPI30000,P3041.2 Manufacturing_ Production and sales(202607).zip
ZAF,2022-02,shared,manufacturing_volume_total,91.3,"index, 2019=100",MPI30000,P3041.2 Manufacturing_ Production and sales(202607).zip
ZAF,2022-03,shared,manufacturing_volume_total,99.5,"index, 2019=100",MPI30000,P3041.2 Manufacturing_ Production and sales(202607).zip
ZAF,2022-04,shared,manufacturing_volume_total,85.0,"index, 2019=100",MPI30000,P3041.2 Manufacturing_ Production and sales(202607).zip
ZAF,2022-05,shared,manufacturing_volume_total,91.7,"index, 2019=100",MPI30000,P3041.2 Manufacturing_ Production and sales(202607).zip
ZAF,2022-06,shared,manufacturing_volume_total,91.0,"index, 2019=100",MPI30000,P3041.2 Manufacturing_ Production and sales(202607).zip
ZAF,2022-07,shared,manufacturing_volume_total,90.8,"index, 2019=100",MPI30000,P3041.2 Manufacturing_ Production and sales(202607).zip
ZAF,2022-08,shared,manufacturing_volume_total,96.8,"index, 2019=100",MPI30000,P3041.2 Manufacturing_ Production and sales(202607).zip
ZAF,2022-09,shared,manufacturing_volume_total,103.1,"index, 2019=100",MPI30000,P3041.2 Manufacturing_ Production and sales(202607).zip
ZAF,2022-10,shared,manufacturing_volume_total,98.7,"index, 2019=100",MPI30000,P3041.2 Manufacturing_ Production and sales(202607).zip
ZAF,2022-11,shared,manufacturing_volume_total,102.9,"index, 2019=100",MPI30000,P3041.2 Manufacturing_ Production and sales(202607).zip
ZAF,2022-12,shared,manufacturing_volume_total,83.8,"index, 2019=100",MPI30000,P3041.2 Manufacturing_ Production and sales(202607).zip
ZAF,2023-01,shared,manufacturing_volume_total,80.1,"index, 2019=100",MPI30000,P3041.2 Manufacturing_ Production and sales(202607).zip
ZAF,2023-02,shared,manufacturing_volume_total,86.4,"index, 2019=100",MPI30000,P3041.2 Manufacturing_ Production and sales(202607).zip
ZAF,2023-03,shared,manufacturing_volume_total,98.1,"index, 2019=100",MPI30000,P3041.2 Manufacturing_ Production and sales(202607).zip
ZAF,2023-04,shared,manufacturing_volume_total,88.2,"index, 2019=100",MPI30000,P3041.2 Manufacturing_ Production and sales(202607).zip
ZAF,2023-05,shared,manufacturing_volume_total,94.0,"index, 2019=100",MPI30000,P3041.2 Manufacturing_ Production and sales(202607).zip
ZAF,2023-06,shared,manufacturing_volume_total,96.0,"index, 2019=100",MPI30000,P3041.2 Manufacturing_ Production and sales(202607).zip
ZAF,2023-07,shared,manufacturing_volume_total,92.4,"index, 2019=100",MPI30000,P3041.2 Manufacturing_ Production and sales(202607).zip
ZAF,2023-08,shared,manufacturing_volume_total,98.1,"index, 2019=100",MPI30000,P3041.2 Manufacturing_ Production and sales(202607).zip
ZAF,2023-09,shared,manufacturing_volume_total,98.8,"index, 2019=100",MPI30000,P3041.2 Manufacturing_ Production and sales(202607).zip
ZAF,2023-10,shared,manufacturing_volume_total,101.2,"index, 2019=100",MPI30000,P3041.2 Manufacturing_ Production and sales(202607).zip
ZAF,2023-11,shared,manufacturing_volume_total,105.7,"index, 2019=100",MPI30000,P3041.2 Manufacturing_ Production and sales(202607).zip
ZAF,2023-12,shared,manufacturing_volume_total,85.6,"index, 2019=100",MPI30000,P3041.2 Manufacturing_ Production and sales(202607).zip
ZAF,2024-01,shared,manufacturing_volume_total,82.3,"index, 2019=100",MPI30000,P3041.2 Manufacturing_ Production and sales(202607).zip
ZAF,2024-02,shared,manufacturing_volume_total,89.7,"index, 2019=100",MPI30000,P3041.2 Manufacturing_ Production and sales(202607).zip
ZAF,2024-03,shared,manufacturing_volume_total,91.4,"index, 2019=100",MPI30000,P3041.2 Manufacturing_ Production and sales(202607).zip
ZAF,2024-04,shared,manufacturing_volume_total,91.9,"index, 2019=100",MPI30000,P3041.2 Manufacturing_ Production and sales(202607).zip
ZAF,2024-05,shared,manufacturing_volume_total,92.1,"index, 2019=100",MPI30000,P3041.2 Manufacturing_ Production and sales(202607).zip
ZAF,2024-06,shared,manufacturing_volume_total,91.4,"index, 2019=100",MPI30000,P3041.2 Manufacturing_ Production and sales(202607).zip
ZAF,2024-07,shared,manufacturing_volume_total,94.5,"index, 2019=100",MPI30000,P3041.2 Manufacturing_ Production and sales(202607).zip
ZAF,2024-08,shared,manufacturing_volume_total,97.2,"index, 2019=100",MPI30000,P3041.2 Manufacturing_ Production and sales(202607).zip
ZAF,2024-09,shared,manufacturing_volume_total,97.5,"index, 2019=100",MPI30000,P3041.2 Manufacturing_ Production and sales(202607).zip
ZAF,2024-10,shared,manufacturing_volume_total,103.3,"index, 2019=100",MPI30000,P3041.2 Manufacturing_ Production and sales(202607).zip
ZAF,2024-11,shared,manufacturing_volume_total,104.0,"index, 2019=100",MPI30000,P3041.2 Manufacturing_ Production and sales(202607).zip
ZAF,2024-12,shared,manufacturing_volume_total,84.7,"index, 2019=100",MPI30000,P3041.2 Manufacturing_ Production and sales(202607).zip
ZAF,2025-01,shared,manufacturing_volume_total,80.1,"index, 2019=100",MPI30000,P3041.2 Manufacturing_ Production and sales(202607).zip
ZAF,2025-02,shared,manufacturing_volume_total,87.0,"index, 2019=100",MPI30000,P3041.2 Manufacturing_ Production and sales(202607).zip
ZAF,2025-03,shared,manufacturing_volume_total,90.7,"index, 2019=100",MPI30000,P3041.2 Manufacturing_ Production and sales(202607).zip
ZAF,2025-04,shared,manufacturing_volume_total,85.7,"index, 2019=100",MPI30000,P3041.2 Manufacturing_ Production and sales(202607).zip
ZAF,2025-05,shared,manufacturing_volume_total,92.3,"index, 2019=100",MPI30000,P3041.2 Manufacturing_ Production and sales(202607).zip
ZAF,2025-06,shared,manufacturing_volume_total,93.0,"index, 2019=100",MPI30000,P3041.2 Manufacturing_ Production and sales(202607).zip
ZAF,2025-07,shared,manufacturing_volume_total,93.5,"index, 2019=100",MPI30000,P3041.2 Manufacturing_ Production and sales(202607).zip
ZAF,2025-08,shared,manufacturing_volume_total,95.6,"index, 2019=100",MPI30000,P3041.2 Manufacturing_ Production and sales(202607).zip
ZAF,2025-09,shared,manufacturing_volume_total,98.5,"index, 2019=100",MPI30000,P3041.2 Manufacturing_ Production and sales(202607).zip
ZAF,2025-10,shared,manufacturing_volume_total,104.0,"index, 2019=100",MPI30000,P3041.2 Manufacturing_ Production and sales(202607).zip
ZAF,2025-11,shared,manufacturing_volume_total,101.8,"index, 2019=100",MPI30000,P3041.2 Manufacturing_ Production and sales(202607).zip
ZAF,2025-12,shared,manufacturing_volume_total,83.5,"index, 2019=100",MPI30000,P3041.2 Manufacturing_ Production and sales(202607).zip
ZAF,2026-01,shared,manufacturing_volume_total,79.9,"index, 2019=100",MPI30000,P3041.2 Manufacturing_ Production and sales(202607).zip
ZAF,2026-02,shared,manufacturing_volume_total,85.1,"index, 2019=100",MPI30000,P3041.2 Manufacturing_ Production and sales(202607).zip
ZAF,2026-03,shared,manufacturing_volume_total,92.0,"index, 2019=100",MPI30000,P3041.2 Manufacturing_ Production and sales(202607).zip
ZAF,2026-04,shared,manufacturing_volume_total,83.1,"index, 2019=100",MPI30000,P3041.2 Manufacturing_ Production and sales(202607).zip
ZAF,2026-05,shared,manufacturing_volume_total,88.1,"index, 2019=100",MPI30000,P3041.2 Manufacturing_ Production and sales(202607).zip
ZAF,2026-06,shared,manufacturing_volume_total,91.3,"index, 2019=100",MPI30000,P3041.2 Manufacturing_ Production and sales(202607).zip
ZAF,2026-07,shared,manufacturing_volume_total,94.5,"index, 2019=100",MPI30000,P3041.2 Manufacturing_ Production and sales(202607).zip
ZAF,2008-01,shared,freight_payload_total,61457.0,thousand tonnes,payl_totl,P7162 Land transport survey(202607).zip
ZAF,2008-02,shared,freight_payload_total,68710.0,thousand tonnes,payl_totl,P7162 Land transport survey(202607).zip
ZAF,2008-03,shared,freight_payload_total,67737.0,thousand tonnes,payl_totl,P7162 Land transport survey(202607).zip
ZAF,2008-04,shared,freight_payload_total,73355.0,thousand tonnes,payl_totl,P7162 Land transport survey(202607).zip
ZAF,2008-05,shared,freight_payload_total,71991.0,thousand tonnes,payl_totl,P7162 Land transport survey(202607).zip
ZAF,2008-06,shared,freight_payload_total,78568.0,thousand tonnes,payl_totl,P7162 Land transport survey(202607).zip
ZAF,2008-07,shared,freight_payload_total,78304.0,thousand tonnes,payl_totl,P7162 Land transport survey(202607).zip
ZAF,2008-08,shared,freight_payload_total,76009.0,thousand tonnes,payl_totl,P7162 Land transport survey(202607).zip
ZAF,2008-09,shared,freight_payload_total,75636.0,thousand tonnes,payl_totl,P7162 Land transport survey(202607).zip
ZAF,2008-10,shared,freight_payload_total,78010.0,thousand tonnes,payl_totl,P7162 Land transport survey(202607).zip
ZAF,2008-11,shared,freight_payload_total,74865.0,thousand tonnes,payl_totl,P7162 Land transport survey(202607).zip
ZAF,2008-12,shared,freight_payload_total,64377.0,thousand tonnes,payl_totl,P7162 Land transport survey(202607).zip
ZAF,2009-01,shared,freight_payload_total,61734.0,thousand tonnes,payl_totl,P7162 Land transport survey(202607).zip
ZAF,2009-02,shared,freight_payload_total,64852.0,thousand tonnes,payl_totl,P7162 Land transport survey(202607).zip
ZAF,2009-03,shared,freight_payload_total,66093.0,thousand tonnes,payl_totl,P7162 Land transport survey(202607).zip
ZAF,2009-04,shared,freight_payload_total,62342.0,thousand tonnes,payl_totl,P7162 Land transport survey(202607).zip
ZAF,2009-05,shared,freight_payload_total,63560.0,thousand tonnes,payl_totl,P7162 Land transport survey(202607).zip
ZAF,2009-06,shared,freight_payload_total,67040.0,thousand tonnes,payl_totl,P7162 Land transport survey(202607).zip
ZAF,2009-07,shared,freight_payload_total,69341.0,thousand tonnes,payl_totl,P7162 Land transport survey(202607).zip
ZAF,2009-08,shared,freight_payload_total,66675.0,thousand tonnes,payl_totl,P7162 Land transport survey(202607).zip
ZAF,2009-09,shared,freight_payload_total,69549.0,thousand tonnes,payl_totl,P7162 Land transport survey(202607).zip
ZAF,2009-10,shared,freight_payload_total,68607.0,thousand tonnes,payl_totl,P7162 Land transport survey(202607).zip
ZAF,2009-11,shared,freight_payload_total,70657.0,thousand tonnes,payl_totl,P7162 Land transport survey(202607).zip
ZAF,2009-12,shared,freight_payload_total,63904.0,thousand tonnes,payl_totl,P7162 Land transport survey(202607).zip
ZAF,2010-01,shared,freight_payload_total,62953.0,thousand tonnes,payl_totl,P7162 Land transport survey(202607).zip
ZAF,2010-02,shared,freight_payload_total,66787.0,thousand tonnes,payl_totl,P7162 Land transport survey(202607).zip
ZAF,2010-03,shared,freight_payload_total,70810.0,thousand tonnes,payl_totl,P7162 Land transport survey(202607).zip
ZAF,2010-04,shared,freight_payload_total,65904.0,thousand tonnes,payl_totl,P7162 Land transport survey(202607).zip
ZAF,2010-05,shared,freight_payload_total,67101.0,thousand tonnes,payl_totl,P7162 Land transport survey(202607).zip
ZAF,2010-06,shared,freight_payload_total,70745.0,thousand tonnes,payl_totl,P7162 Land transport survey(202607).zip
ZAF,2010-07,shared,freight_payload_total,73118.0,thousand tonnes,payl_totl,P7162 Land transport survey(202607).zip
ZAF,2010-08,shared,freight_payload_total,71717.0,thousand tonnes,payl_totl,P7162 Land transport survey(202607).zip
ZAF,2010-09,shared,freight_payload_total,72200.0,thousand tonnes,payl_totl,P7162 Land transport survey(202607).zip
ZAF,2010-10,shared,freight_payload_total,72719.0,thousand tonnes,payl_totl,P7162 Land transport survey(202607).zip
ZAF,2010-11,shared,freight_payload_total,75026.0,thousand tonnes,payl_totl,P7162 Land transport survey(202607).zip
ZAF,2010-12,shared,freight_payload_total,65000.0,thousand tonnes,payl_totl,P7162 Land transport survey(202607).zip
ZAF,2011-01,shared,freight_payload_total,61967.0,thousand tonnes,payl_totl,P7162 Land transport survey(202607).zip
ZAF,2011-02,shared,freight_payload_total,68965.0,thousand tonnes,payl_totl,P7162 Land transport survey(202607).zip
ZAF,2011-03,shared,freight_payload_total,76173.0,thousand tonnes,payl_totl,P7162 Land transport survey(202607).zip
ZAF,2011-04,shared,freight_payload_total,72349.0,thousand tonnes,payl_totl,P7162 Land transport survey(202607).zip
ZAF,2011-05,shared,freight_payload_total,74567.0,thousand tonnes,payl_totl,P7162 Land transport survey(202607).zip
ZAF,2011-06,shared,freight_payload_total,72612.0,thousand tonnes,payl_totl,P7162 Land transport survey(202607).zip
ZAF,2011-07,shared,freight_payload_total,76951.0,thousand tonnes,payl_totl,P7162 Land transport survey(202607).zip
ZAF,2011-08,shared,freight_payload_total,79256.0,thousand tonnes,payl_totl,P7162 Land transport survey(202607).zip
ZAF,2011-09,shared,freight_payload_total,82031.0,thousand tonnes,payl_totl,P7162 Land transport survey(202607).zip
ZAF,2011-10,shared,freight_payload_total,80704.0,thousand tonnes,payl_totl,P7162 Land transport survey(202607).zip
ZAF,2011-11,shared,freight_payload_total,83025.0,thousand tonnes,payl_totl,P7162 Land transport survey(202607).zip
ZAF,2011-12,shared,freight_payload_total,72020.0,thousand tonnes,payl_totl,P7162 Land transport survey(202607).zip
ZAF,2012-01,shared,freight_payload_total,70260.0,thousand tonnes,payl_totl,P7162 Land transport survey(202607).zip
ZAF,2012-02,shared,freight_payload_total,75597.0,thousand tonnes,payl_totl,P7162 Land transport survey(202607).zip
ZAF,2012-03,shared,freight_payload_total,75143.0,thousand tonnes,payl_totl,P7162 Land transport survey(202607).zip
ZAF,2012-04,shared,freight_payload_total,71544.0,thousand tonnes,payl_totl,P7162 Land transport survey(202607).zip
ZAF,2012-05,shared,freight_payload_total,76499.0,thousand tonnes,payl_totl,P7162 Land transport survey(202607).zip
ZAF,2012-06,shared,freight_payload_total,78475.0,thousand tonnes,payl_totl,P7162 Land transport survey(202607).zip
ZAF,2012-07,shared,freight_payload_total,77234.0,thousand tonnes,payl_totl,P7162 Land transport survey(202607).zip
ZAF,2012-08,shared,freight_payload_total,77635.0,thousand tonnes,payl_totl,P7162 Land transport survey(202607).zip
ZAF,2012-09,shared,freight_payload_total,74897.0,thousand tonnes,payl_totl,P7162 Land transport survey(202607).zip
ZAF,2012-10,shared,freight_payload_total,76671.0,thousand tonnes,payl_totl,P7162 Land transport survey(202607).zip
ZAF,2012-11,shared,freight_payload_total,87101.0,thousand tonnes,payl_totl,P7162 Land transport survey(202607).zip
ZAF,2012-12,shared,freight_payload_total,71712.0,thousand tonnes,payl_totl,P7162 Land transport survey(202607).zip
ZAF,2013-01,shared,freight_payload_total,73641.0,thousand tonnes,payl_totl,P7162 Land transport survey(202607).zip
ZAF,2013-02,shared,freight_payload_total,78170.0,thousand tonnes,payl_totl,P7162 Land transport survey(202607).zip
ZAF,2013-03,shared,freight_payload_total,75569.0,thousand tonnes,payl_totl,P7162 Land transport survey(202607).zip
ZAF,2013-04,shared,freight_payload_total,77839.0,thousand tonnes,payl_totl,P7162 Land transport survey(202607).zip
ZAF,2013-05,shared,freight_payload_total,76232.0,thousand tonnes,payl_totl,P7162 Land transport survey(202607).zip
ZAF,2013-06,shared,freight_payload_total,75896.0,thousand tonnes,payl_totl,P7162 Land transport survey(202607).zip
ZAF,2013-07,shared,freight_payload_total,80841.0,thousand tonnes,payl_totl,P7162 Land transport survey(202607).zip
ZAF,2013-08,shared,freight_payload_total,80123.0,thousand tonnes,payl_totl,P7162 Land transport survey(202607).zip
ZAF,2013-09,shared,freight_payload_total,79477.0,thousand tonnes,payl_totl,P7162 Land transport survey(202607).zip
ZAF,2013-10,shared,freight_payload_total,79148.0,thousand tonnes,payl_totl,P7162 Land transport survey(202607).zip
ZAF,2013-11,shared,freight_payload_total,81590.0,thousand tonnes,payl_totl,P7162 Land transport survey(202607).zip
ZAF,2013-12,shared,freight_payload_total,71730.0,thousand tonnes,payl_totl,P7162 Land transport survey(202607).zip
ZAF,2014-01,shared,freight_payload_total,74710.0,thousand tonnes,payl_totl,P7162 Land transport survey(202607).zip
ZAF,2014-02,shared,freight_payload_total,77233.0,thousand tonnes,payl_totl,P7162 Land transport survey(202607).zip
ZAF,2014-03,shared,freight_payload_total,78518.0,thousand tonnes,payl_totl,P7162 Land transport survey(202607).zip
ZAF,2014-04,shared,freight_payload_total,83919.0,thousand tonnes,payl_totl,P7162 Land transport survey(202607).zip
ZAF,2014-05,shared,freight_payload_total,81621.0,thousand tonnes,payl_totl,P7162 Land transport survey(202607).zip
ZAF,2014-06,shared,freight_payload_total,84084.0,thousand tonnes,payl_totl,P7162 Land transport survey(202607).zip
ZAF,2014-07,shared,freight_payload_total,85186.0,thousand tonnes,payl_totl,P7162 Land transport survey(202607).zip
ZAF,2014-08,shared,freight_payload_total,84519.0,thousand tonnes,payl_totl,P7162 Land transport survey(202607).zip
ZAF,2014-09,shared,freight_payload_total,86618.0,thousand tonnes,payl_totl,P7162 Land transport survey(202607).zip
ZAF,2014-10,shared,freight_payload_total,87579.0,thousand tonnes,payl_totl,P7162 Land transport survey(202607).zip
ZAF,2014-11,shared,freight_payload_total,88360.0,thousand tonnes,payl_totl,P7162 Land transport survey(202607).zip
ZAF,2014-12,shared,freight_payload_total,77823.0,thousand tonnes,payl_totl,P7162 Land transport survey(202607).zip
ZAF,2015-01,shared,freight_payload_total,78490.0,thousand tonnes,payl_totl,P7162 Land transport survey(202607).zip
ZAF,2015-02,shared,freight_payload_total,78437.0,thousand tonnes,payl_totl,P7162 Land transport survey(202607).zip
ZAF,2015-03,shared,freight_payload_total,80526.0,thousand tonnes,payl_totl,P7162 Land transport survey(202607).zip
ZAF,2015-04,shared,freight_payload_total,78387.0,thousand tonnes,payl_totl,P7162 Land transport survey(202607).zip
ZAF,2015-05,shared,freight_payload_total,75348.0,thousand tonnes,payl_totl,P7162 Land transport survey(202607).zip
ZAF,2015-06,shared,freight_payload_total,78675.0,thousand tonnes,payl_totl,P7162 Land transport survey(202607).zip
ZAF,2015-07,shared,freight_payload_total,80633.0,thousand tonnes,payl_totl,P7162 Land transport survey(202607).zip
ZAF,2015-08,shared,freight_payload_total,79545.0,thousand tonnes,payl_totl,P7162 Land transport survey(202607).zip
ZAF,2015-09,shared,freight_payload_total,85450.0,thousand tonnes,payl_totl,P7162 Land transport survey(202607).zip
ZAF,2015-10,shared,freight_payload_total,83458.0,thousand tonnes,payl_totl,P7162 Land transport survey(202607).zip
ZAF,2015-11,shared,freight_payload_total,83898.0,thousand tonnes,payl_totl,P7162 Land transport survey(202607).zip
ZAF,2015-12,shared,freight_payload_total,76050.0,thousand tonnes,payl_totl,P7162 Land transport survey(202607).zip
ZAF,2016-01,shared,freight_payload_total,69353.0,thousand tonnes,payl_totl,P7162 Land transport survey(202607).zip
ZAF,2016-02,shared,freight_payload_total,73158.0,thousand tonnes,payl_totl,P7162 Land transport survey(202607).zip
ZAF,2016-03,shared,freight_payload_total,77278.0,thousand tonnes,payl_totl,P7162 Land transport survey(202607).zip
ZAF,2016-04,shared,freight_payload_total,78212.0,thousand tonnes,payl_totl,P7162 Land transport survey(202607).zip
ZAF,2016-05,shared,freight_payload_total,81072.0,thousand tonnes,payl_totl,P7162 Land transport survey(202607).zip
ZAF,2016-06,shared,freight_payload_total,85582.0,thousand tonnes,payl_totl,P7162 Land transport survey(202607).zip
ZAF,2016-07,shared,freight_payload_total,82600.0,thousand tonnes,payl_totl,P7162 Land transport survey(202607).zip
ZAF,2016-08,shared,freight_payload_total,88011.0,thousand tonnes,payl_totl,P7162 Land transport survey(202607).zip
ZAF,2016-09,shared,freight_payload_total,89368.0,thousand tonnes,payl_totl,P7162 Land transport survey(202607).zip
ZAF,2016-10,shared,freight_payload_total,85618.0,thousand tonnes,payl_totl,P7162 Land transport survey(202607).zip
ZAF,2016-11,shared,freight_payload_total,90461.0,thousand tonnes,payl_totl,P7162 Land transport survey(202607).zip
ZAF,2016-12,shared,freight_payload_total,81529.0,thousand tonnes,payl_totl,P7162 Land transport survey(202607).zip
ZAF,2017-01,shared,freight_payload_total,80793.0,thousand tonnes,payl_totl,P7162 Land transport survey(202607).zip
ZAF,2017-02,shared,freight_payload_total,81181.0,thousand tonnes,payl_totl,P7162 Land transport survey(202607).zip
ZAF,2017-03,shared,freight_payload_total,84916.0,thousand tonnes,payl_totl,P7162 Land transport survey(202607).zip
ZAF,2017-04,shared,freight_payload_total,82970.0,thousand tonnes,payl_totl,P7162 Land transport survey(202607).zip
ZAF,2017-05,shared,freight_payload_total,91185.0,thousand tonnes,payl_totl,P7162 Land transport survey(202607).zip
ZAF,2017-06,shared,freight_payload_total,97217.0,thousand tonnes,payl_totl,P7162 Land transport survey(202607).zip
ZAF,2017-07,shared,freight_payload_total,89450.0,thousand tonnes,payl_totl,P7162 Land transport survey(202607).zip
ZAF,2017-08,shared,freight_payload_total,93936.0,thousand tonnes,payl_totl,P7162 Land transport survey(202607).zip
ZAF,2017-09,shared,freight_payload_total,93541.0,thousand tonnes,payl_totl,P7162 Land transport survey(202607).zip
ZAF,2017-10,shared,freight_payload_total,95655.0,thousand tonnes,payl_totl,P7162 Land transport survey(202607).zip
ZAF,2017-11,shared,freight_payload_total,95973.0,thousand tonnes,payl_totl,P7162 Land transport survey(202607).zip
ZAF,2017-12,shared,freight_payload_total,83510.0,thousand tonnes,payl_totl,P7162 Land transport survey(202607).zip
ZAF,2018-01,shared,freight_payload_total,85531.0,thousand tonnes,payl_totl,P7162 Land transport survey(202607).zip
ZAF,2018-02,shared,freight_payload_total,91527.0,thousand tonnes,payl_totl,P7162 Land transport survey(202607).zip
ZAF,2018-03,shared,freight_payload_total,91392.0,thousand tonnes,payl_totl,P7162 Land transport survey(202607).zip
ZAF,2018-04,shared,freight_payload_total,88925.0,thousand tonnes,payl_totl,P7162 Land transport survey(202607).zip
ZAF,2018-05,shared,freight_payload_total,92223.0,thousand tonnes,payl_totl,P7162 Land transport survey(202607).zip
ZAF,2018-06,shared,freight_payload_total,92193.0,thousand tonnes,payl_totl,P7162 Land transport survey(202607).zip
ZAF,2018-07,shared,freight_payload_total,96232.0,thousand tonnes,payl_totl,P7162 Land transport survey(202607).zip
ZAF,2018-08,shared,freight_payload_total,101158.0,thousand tonnes,payl_totl,P7162 Land transport survey(202607).zip
ZAF,2018-09,shared,freight_payload_total,97539.0,thousand tonnes,payl_totl,P7162 Land transport survey(202607).zip
ZAF,2018-10,shared,freight_payload_total,102753.0,thousand tonnes,payl_totl,P7162 Land transport survey(202607).zip
ZAF,2018-11,shared,freight_payload_total,109397.0,thousand tonnes,payl_totl,P7162 Land transport survey(202607).zip
ZAF,2018-12,shared,freight_payload_total,88784.0,thousand tonnes,payl_totl,P7162 Land transport survey(202607).zip
ZAF,2019-01,shared,freight_payload_total,89442.0,thousand tonnes,payl_totl,P7162 Land transport survey(202607).zip
ZAF,2019-02,shared,freight_payload_total,90531.0,thousand tonnes,payl_totl,P7162 Land transport survey(202607).zip
ZAF,2019-03,shared,freight_payload_total,91946.0,thousand tonnes,payl_totl,P7162 Land transport survey(202607).zip
ZAF,2019-04,shared,freight_payload_total,92848.0,thousand tonnes,payl_totl,P7162 Land transport survey(202607).zip
ZAF,2019-05,shared,freight_payload_total,95067.0,thousand tonnes,payl_totl,P7162 Land transport survey(202607).zip
ZAF,2019-06,shared,freight_payload_total,95264.0,thousand tonnes,payl_totl,P7162 Land transport survey(202607).zip
ZAF,2019-07,shared,freight_payload_total,93738.0,thousand tonnes,payl_totl,P7162 Land transport survey(202607).zip
ZAF,2019-08,shared,freight_payload_total,99114.0,thousand tonnes,payl_totl,P7162 Land transport survey(202607).zip
ZAF,2019-09,shared,freight_payload_total,93649.0,thousand tonnes,payl_totl,P7162 Land transport survey(202607).zip
ZAF,2019-10,shared,freight_payload_total,95051.0,thousand tonnes,payl_totl,P7162 Land transport survey(202607).zip
ZAF,2019-11,shared,freight_payload_total,94079.0,thousand tonnes,payl_totl,P7162 Land transport survey(202607).zip
ZAF,2019-12,shared,freight_payload_total,78800.0,thousand tonnes,payl_totl,P7162 Land transport survey(202607).zip
ZAF,2020-01,shared,freight_payload_total,83017.0,thousand tonnes,payl_totl,P7162 Land transport survey(202607).zip
ZAF,2020-02,shared,freight_payload_total,86108.0,thousand tonnes,payl_totl,P7162 Land transport survey(202607).zip
ZAF,2020-03,shared,freight_payload_total,86525.0,thousand tonnes,payl_totl,P7162 Land transport survey(202607).zip
ZAF,2020-04,shared,freight_payload_total,57093.0,thousand tonnes,payl_totl,P7162 Land transport survey(202607).zip
ZAF,2020-05,shared,freight_payload_total,72801.0,thousand tonnes,payl_totl,P7162 Land transport survey(202607).zip
ZAF,2020-06,shared,freight_payload_total,77432.0,thousand tonnes,payl_totl,P7162 Land transport survey(202607).zip
ZAF,2020-07,shared,freight_payload_total,83238.0,thousand tonnes,payl_totl,P7162 Land transport survey(202607).zip
ZAF,2020-08,shared,freight_payload_total,87344.0,thousand tonnes,payl_totl,P7162 Land transport survey(202607).zip
ZAF,2020-09,shared,freight_payload_total,87905.0,thousand tonnes,payl_totl,P7162 Land transport survey(202607).zip
ZAF,2020-10,shared,freight_payload_total,87543.0,thousand tonnes,payl_totl,P7162 Land transport survey(202607).zip
ZAF,2020-11,shared,freight_payload_total,89110.0,thousand tonnes,payl_totl,P7162 Land transport survey(202607).zip
ZAF,2020-12,shared,freight_payload_total,81260.0,thousand tonnes,payl_totl,P7162 Land transport survey(202607).zip
ZAF,2021-01,shared,freight_payload_total,74024.0,thousand tonnes,payl_totl,P7162 Land transport survey(202607).zip
ZAF,2021-02,shared,freight_payload_total,79608.0,thousand tonnes,payl_totl,P7162 Land transport survey(202607).zip
ZAF,2021-03,shared,freight_payload_total,88194.0,thousand tonnes,payl_totl,P7162 Land transport survey(202607).zip
ZAF,2021-04,shared,freight_payload_total,86207.0,thousand tonnes,payl_totl,P7162 Land transport survey(202607).zip
ZAF,2021-05,shared,freight_payload_total,89783.0,thousand tonnes,payl_totl,P7162 Land transport survey(202607).zip
ZAF,2021-06,shared,freight_payload_total,88526.0,thousand tonnes,payl_totl,P7162 Land transport survey(202607).zip
ZAF,2021-07,shared,freight_payload_total,84246.0,thousand tonnes,payl_totl,P7162 Land transport survey(202607).zip
ZAF,2021-08,shared,freight_payload_total,93779.0,thousand tonnes,payl_totl,P7162 Land transport survey(202607).zip
ZAF,2021-09,shared,freight_payload_total,90401.0,thousand tonnes,payl_totl,P7162 Land transport survey(202607).zip
ZAF,2021-10,shared,freight_payload_total,87081.0,thousand tonnes,payl_totl,P7162 Land transport survey(202607).zip
ZAF,2021-11,shared,freight_payload_total,90409.0,thousand tonnes,payl_totl,P7162 Land transport survey(202607).zip
ZAF,2021-12,shared,freight_payload_total,85446.0,thousand tonnes,payl_totl,P7162 Land transport survey(202607).zip
ZAF,2022-01,shared,freight_payload_total,86580.0,thousand tonnes,payl_totl,P7162 Land transport survey(202607).zip
ZAF,2022-02,shared,freight_payload_total,86715.0,thousand tonnes,payl_totl,P7162 Land transport survey(202607).zip
ZAF,2022-03,shared,freight_payload_total,94331.0,thousand tonnes,payl_totl,P7162 Land transport survey(202607).zip
ZAF,2022-04,shared,freight_payload_total,90519.0,thousand tonnes,payl_totl,P7162 Land transport survey(202607).zip
ZAF,2022-05,shared,freight_payload_total,102910.0,thousand tonnes,payl_totl,P7162 Land transport survey(202607).zip
ZAF,2022-06,shared,freight_payload_total,102372.0,thousand tonnes,payl_totl,P7162 Land transport survey(202607).zip
ZAF,2022-07,shared,freight_payload_total,107801.0,thousand tonnes,payl_totl,P7162 Land transport survey(202607).zip
ZAF,2022-08,shared,freight_payload_total,116247.0,thousand tonnes,payl_totl,P7162 Land transport survey(202607).zip
ZAF,2022-09,shared,freight_payload_total,107210.0,thousand tonnes,payl_totl,P7162 Land transport survey(202607).zip
ZAF,2022-10,shared,freight_payload_total,107679.0,thousand tonnes,payl_totl,P7162 Land transport survey(202607).zip
ZAF,2022-11,shared,freight_payload_total,105978.0,thousand tonnes,payl_totl,P7162 Land transport survey(202607).zip
ZAF,2022-12,shared,freight_payload_total,96118.0,thousand tonnes,payl_totl,P7162 Land transport survey(202607).zip
ZAF,2023-01,shared,freight_payload_total,100522.0,thousand tonnes,payl_totl,P7162 Land transport survey(202607).zip
ZAF,2023-02,shared,freight_payload_total,93961.0,thousand tonnes,payl_totl,P7162 Land transport survey(202607).zip
ZAF,2023-03,shared,freight_payload_total,99257.0,thousand tonnes,payl_totl,P7162 Land transport survey(202607).zip
ZAF,2023-04,shared,freight_payload_total,101078.0,thousand tonnes,payl_totl,P7162 Land transport survey(202607).zip
ZAF,2023-05,shared,freight_payload_total,104851.0,thousand tonnes,payl_totl,P7162 Land transport survey(202607).zip
ZAF,2023-06,shared,freight_payload_total,99698.0,thousand tonnes,payl_totl,P7162 Land transport survey(202607).zip
ZAF,2023-07,shared,freight_payload_total,102562.0,thousand tonnes,payl_totl,P7162 Land transport survey(202607).zip
ZAF,2023-08,shared,freight_payload_total,104458.0,thousand tonnes,payl_totl,P7162 Land transport survey(202607).zip
ZAF,2023-09,shared,freight_payload_total,106630.0,thousand tonnes,payl_totl,P7162 Land transport survey(202607).zip
ZAF,2023-10,shared,freight_payload_total,106080.0,thousand tonnes,payl_totl,P7162 Land transport survey(202607).zip
ZAF,2023-11,shared,freight_payload_total,108508.0,thousand tonnes,payl_totl,P7162 Land transport survey(202607).zip
ZAF,2023-12,shared,freight_payload_total,92914.0,thousand tonnes,payl_totl,P7162 Land transport survey(202607).zip
ZAF,2024-01,shared,freight_payload_total,93702.0,thousand tonnes,payl_totl,P7162 Land transport survey(202607).zip
ZAF,2024-02,shared,freight_payload_total,93613.0,thousand tonnes,payl_totl,P7162 Land transport survey(202607).zip
ZAF,2024-03,shared,freight_payload_total,94801.0,thousand tonnes,payl_totl,P7162 Land transport survey(202607).zip
ZAF,2024-04,shared,freight_payload_total,94126.0,thousand tonnes,payl_totl,P7162 Land transport survey(202607).zip
ZAF,2024-05,shared,freight_payload_total,95901.0,thousand tonnes,payl_totl,P7162 Land transport survey(202607).zip
ZAF,2024-06,shared,freight_payload_total,95726.0,thousand tonnes,payl_totl,P7162 Land transport survey(202607).zip
ZAF,2024-07,shared,freight_payload_total,96964.0,thousand tonnes,payl_totl,P7162 Land transport survey(202607).zip
ZAF,2024-08,shared,freight_payload_total,98743.0,thousand tonnes,payl_totl,P7162 Land transport survey(202607).zip
ZAF,2024-09,shared,freight_payload_total,94530.0,thousand tonnes,payl_totl,P7162 Land transport survey(202607).zip
ZAF,2024-10,shared,freight_payload_total,96090.0,thousand tonnes,payl_totl,P7162 Land transport survey(202607).zip
ZAF,2024-11,shared,freight_payload_total,98313.0,thousand tonnes,payl_totl,P7162 Land transport survey(202607).zip
ZAF,2024-12,shared,freight_payload_total,88034.0,thousand tonnes,payl_totl,P7162 Land transport survey(202607).zip
ZAF,2025-01,shared,freight_payload_total,91905.0,thousand tonnes,payl_totl,P7162 Land transport survey(202607).zip
ZAF,2025-02,shared,freight_payload_total,91481.0,thousand tonnes,payl_totl,P7162 Land transport survey(202607).zip
ZAF,2025-03,shared,freight_payload_total,94320.0,thousand tonnes,payl_totl,P7162 Land transport survey(202607).zip
ZAF,2025-04,shared,freight_payload_total,90469.0,thousand tonnes,payl_totl,P7162 Land transport survey(202607).zip
ZAF,2025-05,shared,freight_payload_total,97439.0,thousand tonnes,payl_totl,P7162 Land transport survey(202607).zip
ZAF,2025-06,shared,freight_payload_total,99241.0,thousand tonnes,payl_totl,P7162 Land transport survey(202607).zip
ZAF,2025-07,shared,freight_payload_total,97684.0,thousand tonnes,payl_totl,P7162 Land transport survey(202607).zip
ZAF,2025-08,shared,freight_payload_total,98711.0,thousand tonnes,payl_totl,P7162 Land transport survey(202607).zip
ZAF,2025-09,shared,freight_payload_total,98085.0,thousand tonnes,payl_totl,P7162 Land transport survey(202607).zip
ZAF,2025-10,shared,freight_payload_total,99012.0,thousand tonnes,payl_totl,P7162 Land transport survey(202607).zip
ZAF,2025-11,shared,freight_payload_total,96685.0,thousand tonnes,payl_totl,P7162 Land transport survey(202607).zip
ZAF,2025-12,shared,freight_payload_total,88402.0,thousand tonnes,payl_totl,P7162 Land transport survey(202607).zip
ZAF,2026-01,shared,freight_payload_total,89273.0,thousand tonnes,payl_totl,P7162 Land transport survey(202607).zip
ZAF,2026-02,shared,freight_payload_total,89411.0,thousand tonnes,payl_totl,P7162 Land transport survey(202607).zip
ZAF,2026-03,shared,freight_payload_total,95262.0,thousand tonnes,payl_totl,P7162 Land transport survey(202607).zip
ZAF,2026-04,shared,freight_payload_total,96694.0,thousand tonnes,payl_totl,P7162 Land transport survey(202607).zip
ZAF,2026-05,shared,freight_payload_total,101087.0,thousand tonnes,payl_totl,P7162 Land transport survey(202607).zip
ZAF,2026-06,shared,freight_payload_total,100500.0,thousand tonnes,payl_totl,P7162 Land transport survey(202607).zip
ZAF,2026-07,shared,freight_payload_total,96946.0,thousand tonnes,payl_totl,P7162 Land transport survey(202607).zip
ZAF,2008-01,shared,passenger_journeys_total,67299.0,thousand journeys,nops_totl,P7162 Land transport survey(202607).zip
ZAF,2008-02,shared,passenger_journeys_total,79785.0,thousand journeys,nops_totl,P7162 Land transport survey(202607).zip
ZAF,2008-03,shared,passenger_journeys_total,76726.0,thousand journeys,nops_totl,P7162 Land transport survey(202607).zip
ZAF,2008-04,shared,passenger_journeys_total,70684.0,thousand journeys,nops_totl,P7162 Land transport survey(202607).zip
ZAF,2008-05,shared,passenger_journeys_total,74252.0,thousand journeys,nops_totl,P7162 Land transport survey(202607).zip
ZAF,2008-06,shared,passenger_journeys_total,70370.0,thousand journeys,nops_totl,P7162 Land transport survey(202607).zip
ZAF,2008-07,shared,passenger_journeys_total,75100.0,thousand journeys,nops_totl,P7162 Land transport survey(202607).zip
ZAF,2008-08,shared,passenger_journeys_total,76381.0,thousand journeys,nops_totl,P7162 Land transport survey(202607).zip
ZAF,2008-09,shared,passenger_journeys_total,80580.0,thousand journeys,nops_totl,P7162 Land transport survey(202607).zip
ZAF,2008-10,shared,passenger_journeys_total,84128.0,thousand journeys,nops_totl,P7162 Land transport survey(202607).zip
ZAF,2008-11,shared,passenger_journeys_total,76578.0,thousand journeys,nops_totl,P7162 Land transport survey(202607).zip
ZAF,2008-12,shared,passenger_journeys_total,57615.0,thousand journeys,nops_totl,P7162 Land transport survey(202607).zip
ZAF,2009-01,shared,passenger_journeys_total,68992.0,thousand journeys,nops_totl,P7162 Land transport survey(202607).zip
ZAF,2009-02,shared,passenger_journeys_total,76159.0,thousand journeys,nops_totl,P7162 Land transport survey(202607).zip
ZAF,2009-03,shared,passenger_journeys_total,86567.0,thousand journeys,nops_totl,P7162 Land transport survey(202607).zip
ZAF,2009-04,shared,passenger_journeys_total,77159.0,thousand journeys,nops_totl,P7162 Land transport survey(202607).zip
ZAF,2009-05,shared,passenger_journeys_total,81148.0,thousand journeys,nops_totl,P7162 Land transport survey(202607).zip
ZAF,2009-06,shared,passenger_journeys_total,76352.0,thousand journeys,nops_totl,P7162 Land transport survey(202607).zip
ZAF,2009-07,shared,passenger_journeys_total,79678.0,thousand journeys,nops_totl,P7162 Land transport survey(202607).zip
ZAF,2009-08,shared,passenger_journeys_total,74941.0,thousand journeys,nops_totl,P7162 Land transport survey(202607).zip
ZAF,2009-09,shared,passenger_journeys_total,77439.0,thousand journeys,nops_totl,P7162 Land transport survey(202607).zip
ZAF,2009-10,shared,passenger_journeys_total,84368.0,thousand journeys,nops_totl,P7162 Land transport survey(202607).zip
ZAF,2009-11,shared,passenger_journeys_total,77351.0,thousand journeys,nops_totl,P7162 Land transport survey(202607).zip
ZAF,2009-12,shared,passenger_journeys_total,63438.0,thousand journeys,nops_totl,P7162 Land transport survey(202607).zip
ZAF,2010-01,shared,passenger_journeys_total,67945.0,thousand journeys,nops_totl,P7162 Land transport survey(202607).zip
ZAF,2010-02,shared,passenger_journeys_total,78432.0,thousand journeys,nops_totl,P7162 Land transport survey(202607).zip
ZAF,2010-03,shared,passenger_journeys_total,82089.0,thousand journeys,nops_totl,P7162 Land transport survey(202607).zip
ZAF,2010-04,shared,passenger_journeys_total,72447.0,thousand journeys,nops_totl,P7162 Land transport survey(202607).zip
ZAF,2010-05,shared,passenger_journeys_total,49609.0,thousand journeys,nops_totl,P7162 Land transport survey(202607).zip
ZAF,2010-06,shared,passenger_journeys_total,57752.0,thousand journeys,nops_totl,P7162 Land transport survey(202607).zip
ZAF,2010-07,shared,passenger_journeys_total,67013.0,thousand journeys,nops_totl,P7162 Land transport survey(202607).zip
ZAF,2010-08,shared,passenger_journeys_total,66535.0,thousand journeys,nops_totl,P7162 Land transport survey(202607).zip
ZAF,2010-09,shared,passenger_journeys_total,68631.0,thousand journeys,nops_totl,P7162 Land transport survey(202607).zip
ZAF,2010-10,shared,passenger_journeys_total,71552.0,thousand journeys,nops_totl,P7162 Land transport survey(202607).zip
ZAF,2010-11,shared,passenger_journeys_total,69853.0,thousand journeys,nops_totl,P7162 Land transport survey(202607).zip
ZAF,2010-12,shared,passenger_journeys_total,53836.0,thousand journeys,nops_totl,P7162 Land transport survey(202607).zip
ZAF,2011-01,shared,passenger_journeys_total,57102.0,thousand journeys,nops_totl,P7162 Land transport survey(202607).zip
ZAF,2011-02,shared,passenger_journeys_total,66686.0,thousand journeys,nops_totl,P7162 Land transport survey(202607).zip
ZAF,2011-03,shared,passenger_journeys_total,75074.0,thousand journeys,nops_totl,P7162 Land transport survey(202607).zip
ZAF,2011-04,shared,passenger_journeys_total,62559.0,thousand journeys,nops_totl,P7162 Land transport survey(202607).zip
ZAF,2011-05,shared,passenger_journeys_total,68616.0,thousand journeys,nops_totl,P7162 Land transport survey(202607).zip
ZAF,2011-06,shared,passenger_journeys_total,70979.0,thousand journeys,nops_totl,P7162 Land transport survey(202607).zip
ZAF,2011-07,shared,passenger_journeys_total,67560.0,thousand journeys,nops_totl,P7162 Land transport survey(202607).zip
ZAF,2011-08,shared,passenger_journeys_total,71089.0,thousand journeys,nops_totl,P7162 Land transport survey(202607).zip
ZAF,2011-09,shared,passenger_journeys_total,77160.0,thousand journeys,nops_totl,P7162 Land transport survey(202607).zip
ZAF,2011-10,shared,passenger_journeys_total,74088.0,thousand journeys,nops_totl,P7162 Land transport survey(202607).zip
ZAF,2011-11,shared,passenger_journeys_total,75506.0,thousand journeys,nops_totl,P7162 Land transport survey(202607).zip
ZAF,2011-12,shared,passenger_journeys_total,60592.0,thousand journeys,nops_totl,P7162 Land transport survey(202607).zip
ZAF,2012-01,shared,passenger_journeys_total,62363.0,thousand journeys,nops_totl,P7162 Land transport survey(202607).zip
ZAF,2012-02,shared,passenger_journeys_total,72632.0,thousand journeys,nops_totl,P7162 Land transport survey(202607).zip
ZAF,2012-03,shared,passenger_journeys_total,78117.0,thousand journeys,nops_totl,P7162 Land transport survey(202607).zip
ZAF,2012-04,shared,passenger_journeys_total,67929.0,thousand journeys,nops_totl,P7162 Land transport survey(202607).zip
ZAF,2012-05,shared,passenger_journeys_total,76915.0,thousand journeys,nops_totl,P7162 Land transport survey(202607).zip
ZAF,2012-06,shared,passenger_journeys_total,73016.0,thousand journeys,nops_totl,P7162 Land transport survey(202607).zip
ZAF,2012-07,shared,passenger_journeys_total,72332.0,thousand journeys,nops_totl,P7162 Land transport survey(202607).zip
ZAF,2012-08,shared,passenger_journeys_total,78016.0,thousand journeys,nops_totl,P7162 Land transport survey(202607).zip
ZAF,2012-09,shared,passenger_journeys_total,76583.0,thousand journeys,nops_totl,P7162 Land transport survey(202607).zip
ZAF,2012-10,shared,passenger_journeys_total,77180.0,thousand journeys,nops_totl,P7162 Land transport survey(202607).zip
ZAF,2012-11,shared,passenger_journeys_total,75621.0,thousand journeys,nops_totl,P7162 Land transport survey(202607).zip
ZAF,2012-12,shared,passenger_journeys_total,58422.0,thousand journeys,nops_totl,P7162 Land transport survey(202607).zip
ZAF,2013-01,shared,passenger_journeys_total,67636.0,thousand journeys,nops_totl,P7162 Land transport survey(202607).zip
ZAF,2013-02,shared,passenger_journeys_total,76401.0,thousand journeys,nops_totl,P7162 Land transport survey(202607).zip
ZAF,2013-03,shared,passenger_journeys_total,77824.0,thousand journeys,nops_totl,P7162 Land transport survey(202607).zip
ZAF,2013-04,shared,passenger_journeys_total,67029.0,thousand journeys,nops_totl,P7162 Land transport survey(202607).zip
ZAF,2013-05,shared,passenger_journeys_total,64291.0,thousand journeys,nops_totl,P7162 Land transport survey(202607).zip
ZAF,2013-06,shared,passenger_journeys_total,74767.0,thousand journeys,nops_totl,P7162 Land transport survey(202607).zip
ZAF,2013-07,shared,passenger_journeys_total,72034.0,thousand journeys,nops_totl,P7162 Land transport survey(202607).zip
ZAF,2013-08,shared,passenger_journeys_total,78004.0,thousand journeys,nops_totl,P7162 Land transport survey(202607).zip
ZAF,2013-09,shared,passenger_journeys_total,74149.0,thousand journeys,nops_totl,P7162 Land transport survey(202607).zip
ZAF,2013-10,shared,passenger_journeys_total,81962.0,thousand journeys,nops_totl,P7162 Land transport survey(202607).zip
ZAF,2013-11,shared,passenger_journeys_total,76089.0,thousand journeys,nops_totl,P7162 Land transport survey(202607).zip
ZAF,2013-12,shared,passenger_journeys_total,57631.0,thousand journeys,nops_totl,P7162 Land transport survey(202607).zip
ZAF,2014-01,shared,passenger_journeys_total,69697.0,thousand journeys,nops_totl,P7162 Land transport survey(202607).zip
ZAF,2014-02,shared,passenger_journeys_total,76323.0,thousand journeys,nops_totl,P7162 Land transport survey(202607).zip
ZAF,2014-03,shared,passenger_journeys_total,78535.0,thousand journeys,nops_totl,P7162 Land transport survey(202607).zip
ZAF,2014-04,shared,passenger_journeys_total,72082.0,thousand journeys,nops_totl,P7162 Land transport survey(202607).zip
ZAF,2014-05,shared,passenger_journeys_total,73215.0,thousand journeys,nops_totl,P7162 Land transport survey(202607).zip
ZAF,2014-06,shared,passenger_journeys_total,73200.0,thousand journeys,nops_totl,P7162 Land transport survey(202607).zip
ZAF,2014-07,shared,passenger_journeys_total,72837.0,thousand journeys,nops_totl,P7162 Land transport survey(202607).zip
ZAF,2014-08,shared,passenger_journeys_total,74444.0,thousand journeys,nops_totl,P7162 Land transport survey(202607).zip
ZAF,2014-09,shared,passenger_journeys_total,75803.0,thousand journeys,nops_totl,P7162 Land transport survey(202607).zip
ZAF,2014-10,shared,passenger_journeys_total,79317.0,thousand journeys,nops_totl,P7162 Land transport survey(202607).zip
ZAF,2014-11,shared,passenger_journeys_total,73183.0,thousand journeys,nops_totl,P7162 Land transport survey(202607).zip
ZAF,2014-12,shared,passenger_journeys_total,57776.0,thousand journeys,nops_totl,P7162 Land transport survey(202607).zip
ZAF,2015-01,shared,passenger_journeys_total,64216.0,thousand journeys,nops_totl,P7162 Land transport survey(202607).zip
ZAF,2015-02,shared,passenger_journeys_total,74136.0,thousand journeys,nops_totl,P7162 Land transport survey(202607).zip
ZAF,2015-03,shared,passenger_journeys_total,79241.0,thousand journeys,nops_totl,P7162 Land transport survey(202607).zip
ZAF,2015-04,shared,passenger_journeys_total,67565.0,thousand journeys,nops_totl,P7162 Land transport survey(202607).zip
ZAF,2015-05,shared,passenger_journeys_total,70856.0,thousand journeys,nops_totl,P7162 Land transport survey(202607).zip
ZAF,2015-06,shared,passenger_journeys_total,68941.0,thousand journeys,nops_totl,P7162 Land transport survey(202607).zip
ZAF,2015-07,shared,passenger_journeys_total,68483.0,thousand journeys,nops_totl,P7162 Land transport survey(202607).zip
ZAF,2015-08,shared,passenger_journeys_total,69447.0,thousand journeys,nops_totl,P7162 Land transport survey(202607).zip
ZAF,2015-09,shared,passenger_journeys_total,70310.0,thousand journeys,nops_totl,P7162 Land transport survey(202607).zip
ZAF,2015-10,shared,passenger_journeys_total,69679.0,thousand journeys,nops_totl,P7162 Land transport survey(202607).zip
ZAF,2015-11,shared,passenger_journeys_total,67368.0,thousand journeys,nops_totl,P7162 Land transport survey(202607).zip
ZAF,2015-12,shared,passenger_journeys_total,50282.0,thousand journeys,nops_totl,P7162 Land transport survey(202607).zip
ZAF,2016-01,shared,passenger_journeys_total,55902.0,thousand journeys,nops_totl,P7162 Land transport survey(202607).zip
ZAF,2016-02,shared,passenger_journeys_total,65469.0,thousand journeys,nops_totl,P7162 Land transport survey(202607).zip
ZAF,2016-03,shared,passenger_journeys_total,65875.0,thousand journeys,nops_totl,P7162 Land transport survey(202607).zip
ZAF,2016-04,shared,passenger_journeys_total,58316.0,thousand journeys,nops_totl,P7162 Land transport survey(202607).zip
ZAF,2016-05,shared,passenger_journeys_total,59482.0,thousand journeys,nops_totl,P7162 Land transport survey(202607).zip
ZAF,2016-06,shared,passenger_journeys_total,59196.0,thousand journeys,nops_totl,P7162 Land transport survey(202607).zip
ZAF,2016-07,shared,passenger_journeys_total,56476.0,thousand journeys,nops_totl,P7162 Land transport survey(202607).zip
ZAF,2016-08,shared,passenger_journeys_total,59518.0,thousand journeys,nops_totl,P7162 Land transport survey(202607).zip
ZAF,2016-09,shared,passenger_journeys_total,66413.0,thousand journeys,nops_totl,P7162 Land transport survey(202607).zip
ZAF,2016-10,shared,passenger_journeys_total,61229.0,thousand journeys,nops_totl,P7162 Land transport survey(202607).zip
ZAF,2016-11,shared,passenger_journeys_total,61078.0,thousand journeys,nops_totl,P7162 Land transport survey(202607).zip
ZAF,2016-12,shared,passenger_journeys_total,46891.0,thousand journeys,nops_totl,P7162 Land transport survey(202607).zip
ZAF,2017-01,shared,passenger_journeys_total,51010.0,thousand journeys,nops_totl,P7162 Land transport survey(202607).zip
ZAF,2017-02,shared,passenger_journeys_total,58923.0,thousand journeys,nops_totl,P7162 Land transport survey(202607).zip
ZAF,2017-03,shared,passenger_journeys_total,65225.0,thousand journeys,nops_totl,P7162 Land transport survey(202607).zip
ZAF,2017-04,shared,passenger_journeys_total,50314.0,thousand journeys,nops_totl,P7162 Land transport survey(202607).zip
ZAF,2017-05,shared,passenger_journeys_total,56934.0,thousand journeys,nops_totl,P7162 Land transport survey(202607).zip
ZAF,2017-06,shared,passenger_journeys_total,55693.0,thousand journeys,nops_totl,P7162 Land transport survey(202607).zip
ZAF,2017-07,shared,passenger_journeys_total,50106.0,thousand journeys,nops_totl,P7162 Land transport survey(202607).zip
ZAF,2017-08,shared,passenger_journeys_total,57638.0,thousand journeys,nops_totl,P7162 Land transport survey(202607).zip
ZAF,2017-09,shared,passenger_journeys_total,56534.0,thousand journeys,nops_totl,P7162 Land transport survey(202607).zip
ZAF,2017-10,shared,passenger_journeys_total,55514.0,thousand journeys,nops_totl,P7162 Land transport survey(202607).zip
ZAF,2017-11,shared,passenger_journeys_total,53088.0,thousand journeys,nops_totl,P7162 Land transport survey(202607).zip
ZAF,2017-12,shared,passenger_journeys_total,41911.0,thousand journeys,nops_totl,P7162 Land transport survey(202607).zip
ZAF,2018-01,shared,passenger_journeys_total,49227.0,thousand journeys,nops_totl,P7162 Land transport survey(202607).zip
ZAF,2018-02,shared,passenger_journeys_total,50778.0,thousand journeys,nops_totl,P7162 Land transport survey(202607).zip
ZAF,2018-03,shared,passenger_journeys_total,53541.0,thousand journeys,nops_totl,P7162 Land transport survey(202607).zip
ZAF,2018-04,shared,passenger_journeys_total,47882.0,thousand journeys,nops_totl,P7162 Land transport survey(202607).zip
ZAF,2018-05,shared,passenger_journeys_total,42909.0,thousand journeys,nops_totl,P7162 Land transport survey(202607).zip
ZAF,2018-06,shared,passenger_journeys_total,47888.0,thousand journeys,nops_totl,P7162 Land transport survey(202607).zip
ZAF,2018-07,shared,passenger_journeys_total,53142.0,thousand journeys,nops_totl,P7162 Land transport survey(202607).zip
ZAF,2018-08,shared,passenger_journeys_total,51998.0,thousand journeys,nops_totl,P7162 Land transport survey(202607).zip
ZAF,2018-09,shared,passenger_journeys_total,50607.0,thousand journeys,nops_totl,P7162 Land transport survey(202607).zip
ZAF,2018-10,shared,passenger_journeys_total,49749.0,thousand journeys,nops_totl,P7162 Land transport survey(202607).zip
ZAF,2018-11,shared,passenger_journeys_total,50126.0,thousand journeys,nops_totl,P7162 Land transport survey(202607).zip
ZAF,2018-12,shared,passenger_journeys_total,37236.0,thousand journeys,nops_totl,P7162 Land transport survey(202607).zip
ZAF,2019-01,shared,passenger_journeys_total,42415.0,thousand journeys,nops_totl,P7162 Land transport survey(202607).zip
ZAF,2019-02,shared,passenger_journeys_total,44074.0,thousand journeys,nops_totl,P7162 Land transport survey(202607).zip
ZAF,2019-03,shared,passenger_journeys_total,44716.0,thousand journeys,nops_totl,P7162 Land transport survey(202607).zip
ZAF,2019-04,shared,passenger_journeys_total,42984.0,thousand journeys,nops_totl,P7162 Land transport survey(202607).zip
ZAF,2019-05,shared,passenger_journeys_total,41102.0,thousand journeys,nops_totl,P7162 Land transport survey(202607).zip
ZAF,2019-06,shared,passenger_journeys_total,36652.0,thousand journeys,nops_totl,P7162 Land transport survey(202607).zip
ZAF,2019-07,shared,passenger_journeys_total,42319.0,thousand journeys,nops_totl,P7162 Land transport survey(202607).zip
ZAF,2019-08,shared,passenger_journeys_total,42450.0,thousand journeys,nops_totl,P7162 Land transport survey(202607).zip
ZAF,2019-09,shared,passenger_journeys_total,43148.0,thousand journeys,nops_totl,P7162 Land transport survey(202607).zip
ZAF,2019-10,shared,passenger_journeys_total,44074.0,thousand journeys,nops_totl,P7162 Land transport survey(202607).zip
ZAF,2019-11,shared,passenger_journeys_total,39821.0,thousand journeys,nops_totl,P7162 Land transport survey(202607).zip
ZAF,2019-12,shared,passenger_journeys_total,30931.0,thousand journeys,nops_totl,P7162 Land transport survey(202607).zip
ZAF,2020-01,shared,passenger_journeys_total,34690.0,thousand journeys,nops_totl,P7162 Land transport survey(202607).zip
ZAF,2020-02,shared,passenger_journeys_total,37488.0,thousand journeys,nops_totl,P7162 Land transport survey(202607).zip
ZAF,2020-03,shared,passenger_journeys_total,30600.0,thousand journeys,nops_totl,P7162 Land transport survey(202607).zip
ZAF,2020-04,shared,passenger_journeys_total,7038.0,thousand journeys,nops_totl,P7162 Land transport survey(202607).zip
ZAF,2020-05,shared,passenger_journeys_total,12227.0,thousand journeys,nops_totl,P7162 Land transport survey(202607).zip
ZAF,2020-06,shared,passenger_journeys_total,14167.0,thousand journeys,nops_totl,P7162 Land transport survey(202607).zip
ZAF,2020-07,shared,passenger_journeys_total,16270.0,thousand journeys,nops_totl,P7162 Land transport survey(202607).zip
ZAF,2020-08,shared,passenger_journeys_total,16506.0,thousand journeys,nops_totl,P7162 Land transport survey(202607).zip
ZAF,2020-09,shared,passenger_journeys_total,19841.0,thousand journeys,nops_totl,P7162 Land transport survey(202607).zip
ZAF,2020-10,shared,passenger_journeys_total,19300.0,thousand journeys,nops_totl,P7162 Land transport survey(202607).zip
ZAF,2020-11,shared,passenger_journeys_total,20893.0,thousand journeys,nops_totl,P7162 Land transport survey(202607).zip
ZAF,2020-12,shared,passenger_journeys_total,19800.0,thousand journeys,nops_totl,P7162 Land transport survey(202607).zip
ZAF,2021-01,shared,passenger_journeys_total,18789.0,thousand journeys,nops_totl,P7162 Land transport survey(202607).zip
ZAF,2021-02,shared,passenger_journeys_total,18551.0,thousand journeys,nops_totl,P7162 Land transport survey(202607).zip
ZAF,2021-03,shared,passenger_journeys_total,22669.0,thousand journeys,nops_totl,P7162 Land transport survey(202607).zip
ZAF,2021-04,shared,passenger_journeys_total,20470.0,thousand journeys,nops_totl,P7162 Land transport survey(202607).zip
ZAF,2021-05,shared,passenger_journeys_total,21643.0,thousand journeys,nops_totl,P7162 Land transport survey(202607).zip
ZAF,2021-06,shared,passenger_journeys_total,21005.0,thousand journeys,nops_totl,P7162 Land transport survey(202607).zip
ZAF,2021-07,shared,passenger_journeys_total,20251.0,thousand journeys,nops_totl,P7162 Land transport survey(202607).zip
ZAF,2021-08,shared,passenger_journeys_total,22089.0,thousand journeys,nops_totl,P7162 Land transport survey(202607).zip
ZAF,2021-09,shared,passenger_journeys_total,24244.0,thousand journeys,nops_totl,P7162 Land transport survey(202607).zip
ZAF,2021-10,shared,passenger_journeys_total,21563.0,thousand journeys,nops_totl,P7162 Land transport survey(202607).zip
ZAF,2021-11,shared,passenger_journeys_total,22746.0,thousand journeys,nops_totl,P7162 Land transport survey(202607).zip
ZAF,2021-12,shared,passenger_journeys_total,19967.0,thousand journeys,nops_totl,P7162 Land transport survey(202607).zip
ZAF,2022-01,shared,passenger_journeys_total,18769.0,thousand journeys,nops_totl,P7162 Land transport survey(202607).zip
ZAF,2022-02,shared,passenger_journeys_total,22260.0,thousand journeys,nops_totl,P7162 Land transport survey(202607).zip
ZAF,2022-03,shared,passenger_journeys_total,25624.0,thousand journeys,nops_totl,P7162 Land transport survey(202607).zip
ZAF,2022-04,shared,passenger_journeys_total,20733.0,thousand journeys,nops_totl,P7162 Land transport survey(202607).zip
ZAF,2022-05,shared,passenger_journeys_total,22026.0,thousand journeys,nops_totl,P7162 Land transport survey(202607).zip
ZAF,2022-06,shared,passenger_journeys_total,22457.0,thousand journeys,nops_totl,P7162 Land transport survey(202607).zip
ZAF,2022-07,shared,passenger_journeys_total,21499.0,thousand journeys,nops_totl,P7162 Land transport survey(202607).zip
ZAF,2022-08,shared,passenger_journeys_total,23571.0,thousand journeys,nops_totl,P7162 Land transport survey(202607).zip
ZAF,2022-09,shared,passenger_journeys_total,24936.0,thousand journeys,nops_totl,P7162 Land transport survey(202607).zip
ZAF,2022-10,shared,passenger_journeys_total,23923.0,thousand journeys,nops_totl,P7162 Land transport survey(202607).zip
ZAF,2022-11,shared,passenger_journeys_total,26104.0,thousand journeys,nops_totl,P7162 Land transport survey(202607).zip
ZAF,2022-12,shared,passenger_journeys_total,22692.0,thousand journeys,nops_totl,P7162 Land transport survey(202607).zip
ZAF,2023-01,shared,passenger_journeys_total,22310.0,thousand journeys,nops_totl,P7162 Land transport survey(202607).zip
ZAF,2023-02,shared,passenger_journeys_total,25005.0,thousand journeys,nops_totl,P7162 Land transport survey(202607).zip
ZAF,2023-03,shared,passenger_journeys_total,29091.0,thousand journeys,nops_totl,P7162 Land transport survey(202607).zip
ZAF,2023-04,shared,passenger_journeys_total,21337.0,thousand journeys,nops_totl,P7162 Land transport survey(202607).zip
ZAF,2023-05,shared,passenger_journeys_total,25955.0,thousand journeys,nops_totl,P7162 Land transport survey(202607).zip
ZAF,2023-06,shared,passenger_journeys_total,25907.0,thousand journeys,nops_totl,P7162 Land transport survey(202607).zip
ZAF,2023-07,shared,passenger_journeys_total,25580.0,thousand journeys,nops_totl,P7162 Land transport survey(202607).zip
ZAF,2023-08,shared,passenger_journeys_total,26807.0,thousand journeys,nops_totl,P7162 Land transport survey(202607).zip
ZAF,2023-09,shared,passenger_journeys_total,30770.0,thousand journeys,nops_totl,P7162 Land transport survey(202607).zip
ZAF,2023-10,shared,passenger_journeys_total,29326.0,thousand journeys,nops_totl,P7162 Land transport survey(202607).zip
ZAF,2023-11,shared,passenger_journeys_total,30326.0,thousand journeys,nops_totl,P7162 Land transport survey(202607).zip
ZAF,2023-12,shared,passenger_journeys_total,24739.0,thousand journeys,nops_totl,P7162 Land transport survey(202607).zip
ZAF,2024-01,shared,passenger_journeys_total,27030.0,thousand journeys,nops_totl,P7162 Land transport survey(202607).zip
ZAF,2024-02,shared,passenger_journeys_total,29217.0,thousand journeys,nops_totl,P7162 Land transport survey(202607).zip
ZAF,2024-03,shared,passenger_journeys_total,30245.0,thousand journeys,nops_totl,P7162 Land transport survey(202607).zip
ZAF,2024-04,shared,passenger_journeys_total,27801.0,thousand journeys,nops_totl,P7162 Land transport survey(202607).zip
ZAF,2024-05,shared,passenger_journeys_total,27253.0,thousand journeys,nops_totl,P7162 Land transport survey(202607).zip
ZAF,2024-06,shared,passenger_journeys_total,26639.0,thousand journeys,nops_totl,P7162 Land transport survey(202607).zip
ZAF,2024-07,shared,passenger_journeys_total,29306.0,thousand journeys,nops_totl,P7162 Land transport survey(202607).zip
ZAF,2024-08,shared,passenger_journeys_total,29515.0,thousand journeys,nops_totl,P7162 Land transport survey(202607).zip
ZAF,2024-09,shared,passenger_journeys_total,31839.0,thousand journeys,nops_totl,P7162 Land transport survey(202607).zip
ZAF,2024-10,shared,passenger_journeys_total,32856.0,thousand journeys,nops_totl,P7162 Land transport survey(202607).zip
ZAF,2024-11,shared,passenger_journeys_total,30326.0,thousand journeys,nops_totl,P7162 Land transport survey(202607).zip
ZAF,2024-12,shared,passenger_journeys_total,25889.0,thousand journeys,nops_totl,P7162 Land transport survey(202607).zip
ZAF,2025-01,shared,passenger_journeys_total,31018.0,thousand journeys,nops_totl,P7162 Land transport survey(202607).zip
ZAF,2025-02,shared,passenger_journeys_total,31029.0,thousand journeys,nops_totl,P7162 Land transport survey(202607).zip
ZAF,2025-03,shared,passenger_journeys_total,34129.0,thousand journeys,nops_totl,P7162 Land transport survey(202607).zip
ZAF,2025-04,shared,passenger_journeys_total,29504.0,thousand journeys,nops_totl,P7162 Land transport survey(202607).zip
ZAF,2025-05,shared,passenger_journeys_total,31516.0,thousand journeys,nops_totl,P7162 Land transport survey(202607).zip
ZAF,2025-06,shared,passenger_journeys_total,31364.0,thousand journeys,nops_totl,P7162 Land transport survey(202607).zip
ZAF,2025-07,shared,passenger_journeys_total,32343.0,thousand journeys,nops_totl,P7162 Land transport survey(202607).zip
ZAF,2025-08,shared,passenger_journeys_total,32196.0,thousand journeys,nops_totl,P7162 Land transport survey(202607).zip
ZAF,2025-09,shared,passenger_journeys_total,34748.0,thousand journeys,nops_totl,P7162 Land transport survey(202607).zip
ZAF,2025-10,shared,passenger_journeys_total,34108.0,thousand journeys,nops_totl,P7162 Land transport survey(202607).zip
ZAF,2025-11,shared,passenger_journeys_total,31548.0,thousand journeys,nops_totl,P7162 Land transport survey(202607).zip
ZAF,2025-12,shared,passenger_journeys_total,27011.0,thousand journeys,nops_totl,P7162 Land transport survey(202607).zip
ZAF,2026-01,shared,passenger_journeys_total,30288.0,thousand journeys,nops_totl,P7162 Land transport survey(202607).zip
ZAF,2026-02,shared,passenger_journeys_total,32276.0,thousand journeys,nops_totl,P7162 Land transport survey(202607).zip
ZAF,2026-03,shared,passenger_journeys_total,36266.0,thousand journeys,nops_totl,P7162 Land transport survey(202607).zip
ZAF,2026-04,shared,passenger_journeys_total,31436.0,thousand journeys,nops_totl,P7162 Land transport survey(202607).zip
ZAF,2026-05,shared,passenger_journeys_total,32768.0,thousand journeys,nops_totl,P7162 Land transport survey(202607).zip
ZAF,2026-06,shared,passenger_journeys_total,34060.0,thousand journeys,nops_totl,P7162 Land transport survey(202607).zip
ZAF,2026-07,shared,passenger_journeys_total,35066.0,thousand journeys,nops_totl,P7162 Land transport survey(202607).zip
ZAF,2008-01,shared,freight_payload_rail,13355.0,thousand tonnes,railpayl,P7162 Land transport survey(202607).zip
ZAF,2008-02,shared,freight_payload_rail,14645.0,thousand tonnes,railpayl,P7162 Land transport survey(202607).zip
ZAF,2008-03,shared,freight_payload_rail,14190.0,thousand tonnes,railpayl,P7162 Land transport survey(202607).zip
ZAF,2008-04,shared,freight_payload_rail,14423.0,thousand tonnes,railpayl,P7162 Land transport survey(202607).zip
ZAF,2008-05,shared,freight_payload_rail,13740.0,thousand tonnes,railpayl,P7162 Land transport survey(202607).zip
ZAF,2008-06,shared,freight_payload_rail,17080.0,thousand tonnes,railpayl,P7162 Land transport survey(202607).zip
ZAF,2008-07,shared,freight_payload_rail,14748.0,thousand tonnes,railpayl,P7162 Land transport survey(202607).zip
ZAF,2008-08,shared,freight_payload_rail,15074.0,thousand tonnes,railpayl,P7162 Land transport survey(202607).zip
ZAF,2008-09,shared,freight_payload_rail,14991.0,thousand tonnes,railpayl,P7162 Land transport survey(202607).zip
ZAF,2008-10,shared,freight_payload_rail,15731.0,thousand tonnes,railpayl,P7162 Land transport survey(202607).zip
ZAF,2008-11,shared,freight_payload_rail,15800.0,thousand tonnes,railpayl,P7162 Land transport survey(202607).zip
ZAF,2008-12,shared,freight_payload_rail,14604.0,thousand tonnes,railpayl,P7162 Land transport survey(202607).zip
ZAF,2009-01,shared,freight_payload_rail,13967.0,thousand tonnes,railpayl,P7162 Land transport survey(202607).zip
ZAF,2009-02,shared,freight_payload_rail,14490.0,thousand tonnes,railpayl,P7162 Land transport survey(202607).zip
ZAF,2009-03,shared,freight_payload_rail,14801.0,thousand tonnes,railpayl,P7162 Land transport survey(202607).zip
ZAF,2009-04,shared,freight_payload_rail,14881.0,thousand tonnes,railpayl,P7162 Land transport survey(202607).zip
ZAF,2009-05,shared,freight_payload_rail,12985.0,thousand tonnes,railpayl,P7162 Land transport survey(202607).zip
ZAF,2009-06,shared,freight_payload_rail,15520.0,thousand tonnes,railpayl,P7162 Land transport survey(202607).zip
ZAF,2009-07,shared,freight_payload_rail,14739.0,thousand tonnes,railpayl,P7162 Land transport survey(202607).zip
ZAF,2009-08,shared,freight_payload_rail,15000.0,thousand tonnes,railpayl,P7162 Land transport survey(202607).zip
ZAF,2009-09,shared,freight_payload_rail,16556.0,thousand tonnes,railpayl,P7162 Land transport survey(202607).zip
ZAF,2009-10,shared,freight_payload_rail,14997.0,thousand tonnes,railpayl,P7162 Land transport survey(202607).zip
ZAF,2009-11,shared,freight_payload_rail,15766.0,thousand tonnes,railpayl,P7162 Land transport survey(202607).zip
ZAF,2009-12,shared,freight_payload_rail,15046.0,thousand tonnes,railpayl,P7162 Land transport survey(202607).zip
ZAF,2010-01,shared,freight_payload_rail,14942.0,thousand tonnes,railpayl,P7162 Land transport survey(202607).zip
ZAF,2010-02,shared,freight_payload_rail,15699.0,thousand tonnes,railpayl,P7162 Land transport survey(202607).zip
ZAF,2010-03,shared,freight_payload_rail,15157.0,thousand tonnes,railpayl,P7162 Land transport survey(202607).zip
ZAF,2010-04,shared,freight_payload_rail,15177.0,thousand tonnes,railpayl,P7162 Land transport survey(202607).zip
ZAF,2010-05,shared,freight_payload_rail,11345.0,thousand tonnes,railpayl,P7162 Land transport survey(202607).zip
ZAF,2010-06,shared,freight_payload_rail,14325.0,thousand tonnes,railpayl,P7162 Land transport survey(202607).zip
ZAF,2010-07,shared,freight_payload_rail,15576.0,thousand tonnes,railpayl,P7162 Land transport survey(202607).zip
ZAF,2010-08,shared,freight_payload_rail,14577.0,thousand tonnes,railpayl,P7162 Land transport survey(202607).zip
ZAF,2010-09,shared,freight_payload_rail,16516.0,thousand tonnes,railpayl,P7162 Land transport survey(202607).zip
ZAF,2010-10,shared,freight_payload_rail,16419.0,thousand tonnes,railpayl,P7162 Land transport survey(202607).zip
ZAF,2010-11,shared,freight_payload_rail,16204.0,thousand tonnes,railpayl,P7162 Land transport survey(202607).zip
ZAF,2010-12,shared,freight_payload_rail,15219.0,thousand tonnes,railpayl,P7162 Land transport survey(202607).zip
ZAF,2011-01,shared,freight_payload_rail,13882.0,thousand tonnes,railpayl,P7162 Land transport survey(202607).zip
ZAF,2011-02,shared,freight_payload_rail,16591.0,thousand tonnes,railpayl,P7162 Land transport survey(202607).zip
ZAF,2011-03,shared,freight_payload_rail,15731.0,thousand tonnes,railpayl,P7162 Land transport survey(202607).zip
ZAF,2011-04,shared,freight_payload_rail,16150.0,thousand tonnes,railpayl,P7162 Land transport survey(202607).zip
ZAF,2011-05,shared,freight_payload_rail,16198.0,thousand tonnes,railpayl,P7162 Land transport survey(202607).zip
ZAF,2011-06,shared,freight_payload_rail,12804.0,thousand tonnes,railpayl,P7162 Land transport survey(202607).zip
ZAF,2011-07,shared,freight_payload_rail,15780.0,thousand tonnes,railpayl,P7162 Land transport survey(202607).zip
ZAF,2011-08,shared,freight_payload_rail,16214.0,thousand tonnes,railpayl,P7162 Land transport survey(202607).zip
ZAF,2011-09,shared,freight_payload_rail,17981.0,thousand tonnes,railpayl,P7162 Land transport survey(202607).zip
ZAF,2011-10,shared,freight_payload_rail,17778.0,thousand tonnes,railpayl,P7162 Land transport survey(202607).zip
ZAF,2011-11,shared,freight_payload_rail,17668.0,thousand tonnes,railpayl,P7162 Land transport survey(202607).zip
ZAF,2011-12,shared,freight_payload_rail,17005.0,thousand tonnes,railpayl,P7162 Land transport survey(202607).zip
ZAF,2012-01,shared,freight_payload_rail,16486.0,thousand tonnes,railpayl,P7162 Land transport survey(202607).zip
ZAF,2012-02,shared,freight_payload_rail,17333.0,thousand tonnes,railpayl,P7162 Land transport survey(202607).zip
ZAF,2012-03,shared,freight_payload_rail,17360.0,thousand tonnes,railpayl,P7162 Land transport survey(202607).zip
ZAF,2012-04,shared,freight_payload_rail,16896.0,thousand tonnes,railpayl,P7162 Land transport survey(202607).zip
ZAF,2012-05,shared,freight_payload_rail,15267.0,thousand tonnes,railpayl,P7162 Land transport survey(202607).zip
ZAF,2012-06,shared,freight_payload_rail,17610.0,thousand tonnes,railpayl,P7162 Land transport survey(202607).zip
ZAF,2012-07,shared,freight_payload_rail,18041.0,thousand tonnes,railpayl,P7162 Land transport survey(202607).zip
ZAF,2012-08,shared,freight_payload_rail,16685.0,thousand tonnes,railpayl,P7162 Land transport survey(202607).zip
ZAF,2012-09,shared,freight_payload_rail,18514.0,thousand tonnes,railpayl,P7162 Land transport survey(202607).zip
ZAF,2012-10,shared,freight_payload_rail,16164.0,thousand tonnes,railpayl,P7162 Land transport survey(202607).zip
ZAF,2012-11,shared,freight_payload_rail,18252.0,thousand tonnes,railpayl,P7162 Land transport survey(202607).zip
ZAF,2012-12,shared,freight_payload_rail,16820.0,thousand tonnes,railpayl,P7162 Land transport survey(202607).zip
ZAF,2013-01,shared,freight_payload_rail,16968.0,thousand tonnes,railpayl,P7162 Land transport survey(202607).zip
ZAF,2013-02,shared,freight_payload_rail,18747.0,thousand tonnes,railpayl,P7162 Land transport survey(202607).zip
ZAF,2013-03,shared,freight_payload_rail,17047.0,thousand tonnes,railpayl,P7162 Land transport survey(202607).zip
ZAF,2013-04,shared,freight_payload_rail,17673.0,thousand tonnes,railpayl,P7162 Land transport survey(202607).zip
ZAF,2013-05,shared,freight_payload_rail,14573.0,thousand tonnes,railpayl,P7162 Land transport survey(202607).zip
ZAF,2013-06,shared,freight_payload_rail,18212.0,thousand tonnes,railpayl,P7162 Land transport survey(202607).zip
ZAF,2013-07,shared,freight_payload_rail,18476.0,thousand tonnes,railpayl,P7162 Land transport survey(202607).zip
ZAF,2013-08,shared,freight_payload_rail,18186.0,thousand tonnes,railpayl,P7162 Land transport survey(202607).zip
ZAF,2013-09,shared,freight_payload_rail,18435.0,thousand tonnes,railpayl,P7162 Land transport survey(202607).zip
ZAF,2013-10,shared,freight_payload_rail,18168.0,thousand tonnes,railpayl,P7162 Land transport survey(202607).zip
ZAF,2013-11,shared,freight_payload_rail,17875.0,thousand tonnes,railpayl,P7162 Land transport survey(202607).zip
ZAF,2013-12,shared,freight_payload_rail,17042.0,thousand tonnes,railpayl,P7162 Land transport survey(202607).zip
ZAF,2014-01,shared,freight_payload_rail,17791.0,thousand tonnes,railpayl,P7162 Land transport survey(202607).zip
ZAF,2014-02,shared,freight_payload_rail,16913.0,thousand tonnes,railpayl,P7162 Land transport survey(202607).zip
ZAF,2014-03,shared,freight_payload_rail,16657.0,thousand tonnes,railpayl,P7162 Land transport survey(202607).zip
ZAF,2014-04,shared,freight_payload_rail,19258.0,thousand tonnes,railpayl,P7162 Land transport survey(202607).zip
ZAF,2014-05,shared,freight_payload_rail,15263.0,thousand tonnes,railpayl,P7162 Land transport survey(202607).zip
ZAF,2014-06,shared,freight_payload_rail,18818.0,thousand tonnes,railpayl,P7162 Land transport survey(202607).zip
ZAF,2014-07,shared,freight_payload_rail,18489.0,thousand tonnes,railpayl,P7162 Land transport survey(202607).zip
ZAF,2014-08,shared,freight_payload_rail,18513.0,thousand tonnes,railpayl,P7162 Land transport survey(202607).zip
ZAF,2014-09,shared,freight_payload_rail,20007.0,thousand tonnes,railpayl,P7162 Land transport survey(202607).zip
ZAF,2014-10,shared,freight_payload_rail,19359.0,thousand tonnes,railpayl,P7162 Land transport survey(202607).zip
ZAF,2014-11,shared,freight_payload_rail,19965.0,thousand tonnes,railpayl,P7162 Land transport survey(202607).zip
ZAF,2014-12,shared,freight_payload_rail,18949.0,thousand tonnes,railpayl,P7162 Land transport survey(202607).zip
ZAF,2015-01,shared,freight_payload_rail,19751.0,thousand tonnes,railpayl,P7162 Land transport survey(202607).zip
ZAF,2015-02,shared,freight_payload_rail,19100.0,thousand tonnes,railpayl,P7162 Land transport survey(202607).zip
ZAF,2015-03,shared,freight_payload_rail,18763.0,thousand tonnes,railpayl,P7162 Land transport survey(202607).zip
ZAF,2015-04,shared,freight_payload_rail,18596.0,thousand tonnes,railpayl,P7162 Land transport survey(202607).zip
ZAF,2015-05,shared,freight_payload_rail,16009.0,thousand tonnes,railpayl,P7162 Land transport survey(202607).zip
ZAF,2015-06,shared,freight_payload_rail,18441.0,thousand tonnes,railpayl,P7162 Land transport survey(202607).zip
ZAF,2015-07,shared,freight_payload_rail,17766.0,thousand tonnes,railpayl,P7162 Land transport survey(202607).zip
ZAF,2015-08,shared,freight_payload_rail,18015.0,thousand tonnes,railpayl,P7162 Land transport survey(202607).zip
ZAF,2015-09,shared,freight_payload_rail,19311.0,thousand tonnes,railpayl,P7162 Land transport survey(202607).zip
ZAF,2015-10,shared,freight_payload_rail,16073.0,thousand tonnes,railpayl,P7162 Land transport survey(202607).zip
ZAF,2015-11,shared,freight_payload_rail,19206.0,thousand tonnes,railpayl,P7162 Land transport survey(202607).zip
ZAF,2015-12,shared,freight_payload_rail,17995.0,thousand tonnes,railpayl,P7162 Land transport survey(202607).zip
ZAF,2016-01,shared,freight_payload_rail,16291.0,thousand tonnes,railpayl,P7162 Land transport survey(202607).zip
ZAF,2016-02,shared,freight_payload_rail,18030.0,thousand tonnes,railpayl,P7162 Land transport survey(202607).zip
ZAF,2016-03,shared,freight_payload_rail,17558.0,thousand tonnes,railpayl,P7162 Land transport survey(202607).zip
ZAF,2016-04,shared,freight_payload_rail,17708.0,thousand tonnes,railpayl,P7162 Land transport survey(202607).zip
ZAF,2016-05,shared,freight_payload_rail,16942.0,thousand tonnes,railpayl,P7162 Land transport survey(202607).zip
ZAF,2016-06,shared,freight_payload_rail,18496.0,thousand tonnes,railpayl,P7162 Land transport survey(202607).zip
ZAF,2016-07,shared,freight_payload_rail,14739.0,thousand tonnes,railpayl,P7162 Land transport survey(202607).zip
ZAF,2016-08,shared,freight_payload_rail,19478.0,thousand tonnes,railpayl,P7162 Land transport survey(202607).zip
ZAF,2016-09,shared,freight_payload_rail,19529.0,thousand tonnes,railpayl,P7162 Land transport survey(202607).zip
ZAF,2016-10,shared,freight_payload_rail,17112.0,thousand tonnes,railpayl,P7162 Land transport survey(202607).zip
ZAF,2016-11,shared,freight_payload_rail,19923.0,thousand tonnes,railpayl,P7162 Land transport survey(202607).zip
ZAF,2016-12,shared,freight_payload_rail,19206.0,thousand tonnes,railpayl,P7162 Land transport survey(202607).zip
ZAF,2017-01,shared,freight_payload_rail,18008.0,thousand tonnes,railpayl,P7162 Land transport survey(202607).zip
ZAF,2017-02,shared,freight_payload_rail,19319.0,thousand tonnes,railpayl,P7162 Land transport survey(202607).zip
ZAF,2017-03,shared,freight_payload_rail,17748.0,thousand tonnes,railpayl,P7162 Land transport survey(202607).zip
ZAF,2017-04,shared,freight_payload_rail,18889.0,thousand tonnes,railpayl,P7162 Land transport survey(202607).zip
ZAF,2017-05,shared,freight_payload_rail,17839.0,thousand tonnes,railpayl,P7162 Land transport survey(202607).zip
ZAF,2017-06,shared,freight_payload_rail,19239.0,thousand tonnes,railpayl,P7162 Land transport survey(202607).zip
ZAF,2017-07,shared,freight_payload_rail,17198.0,thousand tonnes,railpayl,P7162 Land transport survey(202607).zip
ZAF,2017-08,shared,freight_payload_rail,20239.0,thousand tonnes,railpayl,P7162 Land transport survey(202607).zip
ZAF,2017-09,shared,freight_payload_rail,19705.0,thousand tonnes,railpayl,P7162 Land transport survey(202607).zip
ZAF,2017-10,shared,freight_payload_rail,18786.0,thousand tonnes,railpayl,P7162 Land transport survey(202607).zip
ZAF,2017-11,shared,freight_payload_rail,19427.0,thousand tonnes,railpayl,P7162 Land transport survey(202607).zip
ZAF,2017-12,shared,freight_payload_rail,18831.0,thousand tonnes,railpayl,P7162 Land transport survey(202607).zip
ZAF,2018-01,shared,freight_payload_rail,17517.0,thousand tonnes,railpayl,P7162 Land transport survey(202607).zip
ZAF,2018-02,shared,freight_payload_rail,19714.0,thousand tonnes,railpayl,P7162 Land transport survey(202607).zip
ZAF,2018-03,shared,freight_payload_rail,18078.0,thousand tonnes,railpayl,P7162 Land transport survey(202607).zip
ZAF,2018-04,shared,freight_payload_rail,18385.0,thousand tonnes,railpayl,P7162 Land transport survey(202607).zip
ZAF,2018-05,shared,freight_payload_rail,17997.0,thousand tonnes,railpayl,P7162 Land transport survey(202607).zip
ZAF,2018-06,shared,freight_payload_rail,18155.0,thousand tonnes,railpayl,P7162 Land transport survey(202607).zip
ZAF,2018-07,shared,freight_payload_rail,15657.0,thousand tonnes,railpayl,P7162 Land transport survey(202607).zip
ZAF,2018-08,shared,freight_payload_rail,19274.0,thousand tonnes,railpayl,P7162 Land transport survey(202607).zip
ZAF,2018-09,shared,freight_payload_rail,19713.0,thousand tonnes,railpayl,P7162 Land transport survey(202607).zip
ZAF,2018-10,shared,freight_payload_rail,16976.0,thousand tonnes,railpayl,P7162 Land transport survey(202607).zip
ZAF,2018-11,shared,freight_payload_rail,19616.0,thousand tonnes,railpayl,P7162 Land transport survey(202607).zip
ZAF,2018-12,shared,freight_payload_rail,15460.0,thousand tonnes,railpayl,P7162 Land transport survey(202607).zip
ZAF,2019-01,shared,freight_payload_rail,18503.0,thousand tonnes,railpayl,P7162 Land transport survey(202607).zip
ZAF,2019-02,shared,freight_payload_rail,18390.0,thousand tonnes,railpayl,P7162 Land transport survey(202607).zip
ZAF,2019-03,shared,freight_payload_rail,16883.0,thousand tonnes,railpayl,P7162 Land transport survey(202607).zip
ZAF,2019-04,shared,freight_payload_rail,18849.0,thousand tonnes,railpayl,P7162 Land transport survey(202607).zip
ZAF,2019-05,shared,freight_payload_rail,18176.0,thousand tonnes,railpayl,P7162 Land transport survey(202607).zip
ZAF,2019-06,shared,freight_payload_rail,18842.0,thousand tonnes,railpayl,P7162 Land transport survey(202607).zip
ZAF,2019-07,shared,freight_payload_rail,15145.0,thousand tonnes,railpayl,P7162 Land transport survey(202607).zip
ZAF,2019-08,shared,freight_payload_rail,19012.0,thousand tonnes,railpayl,P7162 Land transport survey(202607).zip
ZAF,2019-09,shared,freight_payload_rail,19302.0,thousand tonnes,railpayl,P7162 Land transport survey(202607).zip
ZAF,2019-10,shared,freight_payload_rail,15978.0,thousand tonnes,railpayl,P7162 Land transport survey(202607).zip
ZAF,2019-11,shared,freight_payload_rail,18537.0,thousand tonnes,railpayl,P7162 Land transport survey(202607).zip
ZAF,2019-12,shared,freight_payload_rail,16413.0,thousand tonnes,railpayl,P7162 Land transport survey(202607).zip
ZAF,2020-01,shared,freight_payload_rail,17083.0,thousand tonnes,railpayl,P7162 Land transport survey(202607).zip
ZAF,2020-02,shared,freight_payload_rail,17411.0,thousand tonnes,railpayl,P7162 Land transport survey(202607).zip
ZAF,2020-03,shared,freight_payload_rail,17690.0,thousand tonnes,railpayl,P7162 Land transport survey(202607).zip
ZAF,2020-04,shared,freight_payload_rail,10804.0,thousand tonnes,railpayl,P7162 Land transport survey(202607).zip
ZAF,2020-05,shared,freight_payload_rail,14027.0,thousand tonnes,railpayl,P7162 Land transport survey(202607).zip
ZAF,2020-06,shared,freight_payload_rail,15669.0,thousand tonnes,railpayl,P7162 Land transport survey(202607).zip
ZAF,2020-07,shared,freight_payload_rail,15959.0,thousand tonnes,railpayl,P7162 Land transport survey(202607).zip
ZAF,2020-08,shared,freight_payload_rail,17525.0,thousand tonnes,railpayl,P7162 Land transport survey(202607).zip
ZAF,2020-09,shared,freight_payload_rail,17570.0,thousand tonnes,railpayl,P7162 Land transport survey(202607).zip
ZAF,2020-10,shared,freight_payload_rail,14608.0,thousand tonnes,railpayl,P7162 Land transport survey(202607).zip
ZAF,2020-11,shared,freight_payload_rail,16589.0,thousand tonnes,railpayl,P7162 Land transport survey(202607).zip
ZAF,2020-12,shared,freight_payload_rail,15332.0,thousand tonnes,railpayl,P7162 Land transport survey(202607).zip
ZAF,2021-01,shared,freight_payload_rail,13044.0,thousand tonnes,railpayl,P7162 Land transport survey(202607).zip
ZAF,2021-02,shared,freight_payload_rail,14974.0,thousand tonnes,railpayl,P7162 Land transport survey(202607).zip
ZAF,2021-03,shared,freight_payload_rail,15248.0,thousand tonnes,railpayl,P7162 Land transport survey(202607).zip
ZAF,2021-04,shared,freight_payload_rail,15592.0,thousand tonnes,railpayl,P7162 Land transport survey(202607).zip
ZAF,2021-05,shared,freight_payload_rail,14746.0,thousand tonnes,railpayl,P7162 Land transport survey(202607).zip
ZAF,2021-06,shared,freight_payload_rail,16215.0,thousand tonnes,railpayl,P7162 Land transport survey(202607).zip
ZAF,2021-07,shared,freight_payload_rail,12278.0,thousand tonnes,railpayl,P7162 Land transport survey(202607).zip
ZAF,2021-08,shared,freight_payload_rail,16368.0,thousand tonnes,railpayl,P7162 Land transport survey(202607).zip
ZAF,2021-09,shared,freight_payload_rail,16138.0,thousand tonnes,railpayl,P7162 Land transport survey(202607).zip
ZAF,2021-10,shared,freight_payload_rail,12968.0,thousand tonnes,railpayl,P7162 Land transport survey(202607).zip
ZAF,2021-11,shared,freight_payload_rail,14477.0,thousand tonnes,railpayl,P7162 Land transport survey(202607).zip
ZAF,2021-12,shared,freight_payload_rail,15107.0,thousand tonnes,railpayl,P7162 Land transport survey(202607).zip
ZAF,2022-01,shared,freight_payload_rail,13972.0,thousand tonnes,railpayl,P7162 Land transport survey(202607).zip
ZAF,2022-02,shared,freight_payload_rail,14754.0,thousand tonnes,railpayl,P7162 Land transport survey(202607).zip
ZAF,2022-03,shared,freight_payload_rail,13205.0,thousand tonnes,railpayl,P7162 Land transport survey(202607).zip
ZAF,2022-04,shared,freight_payload_rail,14407.0,thousand tonnes,railpayl,P7162 Land transport survey(202607).zip
ZAF,2022-05,shared,freight_payload_rail,13727.0,thousand tonnes,railpayl,P7162 Land transport survey(202607).zip
ZAF,2022-06,shared,freight_payload_rail,13238.0,thousand tonnes,railpayl,P7162 Land transport survey(202607).zip
ZAF,2022-07,shared,freight_payload_rail,12250.0,thousand tonnes,railpayl,P7162 Land transport survey(202607).zip
ZAF,2022-08,shared,freight_payload_rail,14490.0,thousand tonnes,railpayl,P7162 Land transport survey(202607).zip
ZAF,2022-09,shared,freight_payload_rail,14775.0,thousand tonnes,railpayl,P7162 Land transport survey(202607).zip
ZAF,2022-10,shared,freight_payload_rail,9980.0,thousand tonnes,railpayl,P7162 Land transport survey(202607).zip
ZAF,2022-11,shared,freight_payload_rail,9117.0,thousand tonnes,railpayl,P7162 Land transport survey(202607).zip
ZAF,2022-12,shared,freight_payload_rail,11998.0,thousand tonnes,railpayl,P7162 Land transport survey(202607).zip
ZAF,2023-01,shared,freight_payload_rail,13219.0,thousand tonnes,railpayl,P7162 Land transport survey(202607).zip
ZAF,2023-02,shared,freight_payload_rail,12939.0,thousand tonnes,railpayl,P7162 Land transport survey(202607).zip
ZAF,2023-03,shared,freight_payload_rail,11944.0,thousand tonnes,railpayl,P7162 Land transport survey(202607).zip
ZAF,2023-04,shared,freight_payload_rail,13529.0,thousand tonnes,railpayl,P7162 Land transport survey(202607).zip
ZAF,2023-05,shared,freight_payload_rail,12075.0,thousand tonnes,railpayl,P7162 Land transport survey(202607).zip
ZAF,2023-06,shared,freight_payload_rail,13259.0,thousand tonnes,railpayl,P7162 Land transport survey(202607).zip
ZAF,2023-07,shared,freight_payload_rail,11228.0,thousand tonnes,railpayl,P7162 Land transport survey(202607).zip
ZAF,2023-08,shared,freight_payload_rail,13817.0,thousand tonnes,railpayl,P7162 Land transport survey(202607).zip
ZAF,2023-09,shared,freight_payload_rail,18938.0,thousand tonnes,railpayl,P7162 Land transport survey(202607).zip
ZAF,2023-10,shared,freight_payload_rail,11819.0,thousand tonnes,railpayl,P7162 Land transport survey(202607).zip
ZAF,2023-11,shared,freight_payload_rail,13315.0,thousand tonnes,railpayl,P7162 Land transport survey(202607).zip
ZAF,2023-12,shared,freight_payload_rail,14018.0,thousand tonnes,railpayl,P7162 Land transport survey(202607).zip
ZAF,2024-01,shared,freight_payload_rail,12751.0,thousand tonnes,railpayl,P7162 Land transport survey(202607).zip
ZAF,2024-02,shared,freight_payload_rail,13831.0,thousand tonnes,railpayl,P7162 Land transport survey(202607).zip
ZAF,2024-03,shared,freight_payload_rail,13270.0,thousand tonnes,railpayl,P7162 Land transport survey(202607).zip
ZAF,2024-04,shared,freight_payload_rail,13738.0,thousand tonnes,railpayl,P7162 Land transport survey(202607).zip
ZAF,2024-05,shared,freight_payload_rail,13198.0,thousand tonnes,railpayl,P7162 Land transport survey(202607).zip
ZAF,2024-06,shared,freight_payload_rail,13341.0,thousand tonnes,railpayl,P7162 Land transport survey(202607).zip
ZAF,2024-07,shared,freight_payload_rail,13019.0,thousand tonnes,railpayl,P7162 Land transport survey(202607).zip
ZAF,2024-08,shared,freight_payload_rail,13572.0,thousand tonnes,railpayl,P7162 Land transport survey(202607).zip
ZAF,2024-09,shared,freight_payload_rail,14044.0,thousand tonnes,railpayl,P7162 Land transport survey(202607).zip
ZAF,2024-10,shared,freight_payload_rail,12504.0,thousand tonnes,railpayl,P7162 Land transport survey(202607).zip
ZAF,2024-11,shared,freight_payload_rail,13140.0,thousand tonnes,railpayl,P7162 Land transport survey(202607).zip
ZAF,2024-12,shared,freight_payload_rail,14337.0,thousand tonnes,railpayl,P7162 Land transport survey(202607).zip
ZAF,2025-01,shared,freight_payload_rail,13681.0,thousand tonnes,railpayl,P7162 Land transport survey(202607).zip
ZAF,2025-02,shared,freight_payload_rail,14794.0,thousand tonnes,railpayl,P7162 Land transport survey(202607).zip
ZAF,2025-03,shared,freight_payload_rail,13854.0,thousand tonnes,railpayl,P7162 Land transport survey(202607).zip
ZAF,2025-04,shared,freight_payload_rail,14839.0,thousand tonnes,railpayl,P7162 Land transport survey(202607).zip
ZAF,2025-05,shared,freight_payload_rail,13464.0,thousand tonnes,railpayl,P7162 Land transport survey(202607).zip
ZAF,2025-06,shared,freight_payload_rail,13897.0,thousand tonnes,railpayl,P7162 Land transport survey(202607).zip
ZAF,2025-07,shared,freight_payload_rail,11570.0,thousand tonnes,railpayl,P7162 Land transport survey(202607).zip
ZAF,2025-08,shared,freight_payload_rail,14526.0,thousand tonnes,railpayl,P7162 Land transport survey(202607).zip
ZAF,2025-09,shared,freight_payload_rail,15125.0,thousand tonnes,railpayl,P7162 Land transport survey(202607).zip
ZAF,2025-10,shared,freight_payload_rail,13213.0,thousand tonnes,railpayl,P7162 Land transport survey(202607).zip
ZAF,2025-11,shared,freight_payload_rail,14518.0,thousand tonnes,railpayl,P7162 Land transport survey(202607).zip
ZAF,2025-12,shared,freight_payload_rail,14778.0,thousand tonnes,railpayl,P7162 Land transport survey(202607).zip
ZAF,2026-01,shared,freight_payload_rail,15513.0,thousand tonnes,railpayl,P7162 Land transport survey(202607).zip
ZAF,2026-02,shared,freight_payload_rail,15278.0,thousand tonnes,railpayl,P7162 Land transport survey(202607).zip
ZAF,2026-03,shared,freight_payload_rail,13864.0,thousand tonnes,railpayl,P7162 Land transport survey(202607).zip
ZAF,2026-04,shared,freight_payload_rail,15504.0,thousand tonnes,railpayl,P7162 Land transport survey(202607).zip
ZAF,2026-05,shared,freight_payload_rail,13336.0,thousand tonnes,railpayl,P7162 Land transport survey(202607).zip
ZAF,2026-06,shared,freight_payload_rail,14465.0,thousand tonnes,railpayl,P7162 Land transport survey(202607).zip
ZAF,2026-07,shared,freight_payload_rail,13185.0,thousand tonnes,railpayl,P7162 Land transport survey(202607).zip
ZAF,2008-01,shared,freight_payload_road,48102.0,thousand tonnes,roadpayl,P7162 Land transport survey(202607).zip
ZAF,2008-02,shared,freight_payload_road,54065.0,thousand tonnes,roadpayl,P7162 Land transport survey(202607).zip
ZAF,2008-03,shared,freight_payload_road,53547.0,thousand tonnes,roadpayl,P7162 Land transport survey(202607).zip
ZAF,2008-04,shared,freight_payload_road,58932.0,thousand tonnes,roadpayl,P7162 Land transport survey(202607).zip
ZAF,2008-05,shared,freight_payload_road,58251.0,thousand tonnes,roadpayl,P7162 Land transport survey(202607).zip
ZAF,2008-06,shared,freight_payload_road,61488.0,thousand tonnes,roadpayl,P7162 Land transport survey(202607).zip
ZAF,2008-07,shared,freight_payload_road,63556.0,thousand tonnes,roadpayl,P7162 Land transport survey(202607).zip
ZAF,2008-08,shared,freight_payload_road,60935.0,thousand tonnes,roadpayl,P7162 Land transport survey(202607).zip
ZAF,2008-09,shared,freight_payload_road,60645.0,thousand tonnes,roadpayl,P7162 Land transport survey(202607).zip
ZAF,2008-10,shared,freight_payload_road,62279.0,thousand tonnes,roadpayl,P7162 Land transport survey(202607).zip
ZAF,2008-11,shared,freight_payload_road,59065.0,thousand tonnes,roadpayl,P7162 Land transport survey(202607).zip
ZAF,2008-12,shared,freight_payload_road,49773.0,thousand tonnes,roadpayl,P7162 Land transport survey(202607).zip
ZAF,2009-01,shared,freight_payload_road,47767.0,thousand tonnes,roadpayl,P7162 Land transport survey(202607).zip
ZAF,2009-02,shared,freight_payload_road,50362.0,thousand tonnes,roadpayl,P7162 Land transport survey(202607).zip
ZAF,2009-03,shared,freight_payload_road,51292.0,thousand tonnes,roadpayl,P7162 Land transport survey(202607).zip
ZAF,2009-04,shared,freight_payload_road,47461.0,thousand tonnes,roadpayl,P7162 Land transport survey(202607).zip
ZAF,2009-05,shared,freight_payload_road,50575.0,thousand tonnes,roadpayl,P7162 Land transport survey(202607).zip
ZAF,2009-06,shared,freight_payload_road,51520.0,thousand tonnes,roadpayl,P7162 Land transport survey(202607).zip
ZAF,2009-07,shared,freight_payload_road,54602.0,thousand tonnes,roadpayl,P7162 Land transport survey(202607).zip
ZAF,2009-08,shared,freight_payload_road,51675.0,thousand tonnes,roadpayl,P7162 Land transport survey(202607).zip
ZAF,2009-09,shared,freight_payload_road,52993.0,thousand tonnes,roadpayl,P7162 Land transport survey(202607).zip
ZAF,2009-10,shared,freight_payload_road,53610.0,thousand tonnes,roadpayl,P7162 Land transport survey(202607).zip
ZAF,2009-11,shared,freight_payload_road,54891.0,thousand tonnes,roadpayl,P7162 Land transport survey(202607).zip
ZAF,2009-12,shared,freight_payload_road,48858.0,thousand tonnes,roadpayl,P7162 Land transport survey(202607).zip
ZAF,2010-01,shared,freight_payload_road,48011.0,thousand tonnes,roadpayl,P7162 Land transport survey(202607).zip
ZAF,2010-02,shared,freight_payload_road,51088.0,thousand tonnes,roadpayl,P7162 Land transport survey(202607).zip
ZAF,2010-03,shared,freight_payload_road,55653.0,thousand tonnes,roadpayl,P7162 Land transport survey(202607).zip
ZAF,2010-04,shared,freight_payload_road,50727.0,thousand tonnes,roadpayl,P7162 Land transport survey(202607).zip
ZAF,2010-05,shared,freight_payload_road,55756.0,thousand tonnes,roadpayl,P7162 Land transport survey(202607).zip
ZAF,2010-06,shared,freight_payload_road,56420.0,thousand tonnes,roadpayl,P7162 Land transport survey(202607).zip
ZAF,2010-07,shared,freight_payload_road,57542.0,thousand tonnes,roadpayl,P7162 Land transport survey(202607).zip
ZAF,2010-08,shared,freight_payload_road,57140.0,thousand tonnes,roadpayl,P7162 Land transport survey(202607).zip
ZAF,2010-09,shared,freight_payload_road,55684.0,thousand tonnes,roadpayl,P7162 Land transport survey(202607).zip
ZAF,2010-10,shared,freight_payload_road,56300.0,thousand tonnes,roadpayl,P7162 Land transport survey(202607).zip
ZAF,2010-11,shared,freight_payload_road,58822.0,thousand tonnes,roadpayl,P7162 Land transport survey(202607).zip
ZAF,2010-12,shared,freight_payload_road,49781.0,thousand tonnes,roadpayl,P7162 Land transport survey(202607).zip
ZAF,2011-01,shared,freight_payload_road,48085.0,thousand tonnes,roadpayl,P7162 Land transport survey(202607).zip
ZAF,2011-02,shared,freight_payload_road,52374.0,thousand tonnes,roadpayl,P7162 Land transport survey(202607).zip
ZAF,2011-03,shared,freight_payload_road,60442.0,thousand tonnes,roadpayl,P7162 Land transport survey(202607).zip
ZAF,2011-04,shared,freight_payload_road,56199.0,thousand tonnes,roadpayl,P7162 Land transport survey(202607).zip
ZAF,2011-05,shared,freight_payload_road,58369.0,thousand tonnes,roadpayl,P7162 Land transport survey(202607).zip
ZAF,2011-06,shared,freight_payload_road,59808.0,thousand tonnes,roadpayl,P7162 Land transport survey(202607).zip
ZAF,2011-07,shared,freight_payload_road,61171.0,thousand tonnes,roadpayl,P7162 Land transport survey(202607).zip
ZAF,2011-08,shared,freight_payload_road,63042.0,thousand tonnes,roadpayl,P7162 Land transport survey(202607).zip
ZAF,2011-09,shared,freight_payload_road,64050.0,thousand tonnes,roadpayl,P7162 Land transport survey(202607).zip
ZAF,2011-10,shared,freight_payload_road,62926.0,thousand tonnes,roadpayl,P7162 Land transport survey(202607).zip
ZAF,2011-11,shared,freight_payload_road,65357.0,thousand tonnes,roadpayl,P7162 Land transport survey(202607).zip
ZAF,2011-12,shared,freight_payload_road,55015.0,thousand tonnes,roadpayl,P7162 Land transport survey(202607).zip
ZAF,2012-01,shared,freight_payload_road,53774.0,thousand tonnes,roadpayl,P7162 Land transport survey(202607).zip
ZAF,2012-02,shared,freight_payload_road,58264.0,thousand tonnes,roadpayl,P7162 Land transport survey(202607).zip
ZAF,2012-03,shared,freight_payload_road,57783.0,thousand tonnes,roadpayl,P7162 Land transport survey(202607).zip
ZAF,2012-04,shared,freight_payload_road,54648.0,thousand tonnes,roadpayl,P7162 Land transport survey(202607).zip
ZAF,2012-05,shared,freight_payload_road,61232.0,thousand tonnes,roadpayl,P7162 Land transport survey(202607).zip
ZAF,2012-06,shared,freight_payload_road,60865.0,thousand tonnes,roadpayl,P7162 Land transport survey(202607).zip
ZAF,2012-07,shared,freight_payload_road,59193.0,thousand tonnes,roadpayl,P7162 Land transport survey(202607).zip
ZAF,2012-08,shared,freight_payload_road,60950.0,thousand tonnes,roadpayl,P7162 Land transport survey(202607).zip
ZAF,2012-09,shared,freight_payload_road,56383.0,thousand tonnes,roadpayl,P7162 Land transport survey(202607).zip
ZAF,2012-10,shared,freight_payload_road,60507.0,thousand tonnes,roadpayl,P7162 Land transport survey(202607).zip
ZAF,2012-11,shared,freight_payload_road,68849.0,thousand tonnes,roadpayl,P7162 Land transport survey(202607).zip
ZAF,2012-12,shared,freight_payload_road,54892.0,thousand tonnes,roadpayl,P7162 Land transport survey(202607).zip
ZAF,2013-01,shared,freight_payload_road,56673.0,thousand tonnes,roadpayl,P7162 Land transport survey(202607).zip
ZAF,2013-02,shared,freight_payload_road,59423.0,thousand tonnes,roadpayl,P7162 Land transport survey(202607).zip
ZAF,2013-03,shared,freight_payload_road,58522.0,thousand tonnes,roadpayl,P7162 Land transport survey(202607).zip
ZAF,2013-04,shared,freight_payload_road,60166.0,thousand tonnes,roadpayl,P7162 Land transport survey(202607).zip
ZAF,2013-05,shared,freight_payload_road,61659.0,thousand tonnes,roadpayl,P7162 Land transport survey(202607).zip
ZAF,2013-06,shared,freight_payload_road,57684.0,thousand tonnes,roadpayl,P7162 Land transport survey(202607).zip
ZAF,2013-07,shared,freight_payload_road,62365.0,thousand tonnes,roadpayl,P7162 Land transport survey(202607).zip
ZAF,2013-08,shared,freight_payload_road,61937.0,thousand tonnes,roadpayl,P7162 Land transport survey(202607).zip
ZAF,2013-09,shared,freight_payload_road,61042.0,thousand tonnes,roadpayl,P7162 Land transport survey(202607).zip
ZAF,2013-10,shared,freight_payload_road,60980.0,thousand tonnes,roadpayl,P7162 Land transport survey(202607).zip
ZAF,2013-11,shared,freight_payload_road,63715.0,thousand tonnes,roadpayl,P7162 Land transport survey(202607).zip
ZAF,2013-12,shared,freight_payload_road,54688.0,thousand tonnes,roadpayl,P7162 Land transport survey(202607).zip
ZAF,2014-01,shared,freight_payload_road,56919.0,thousand tonnes,roadpayl,P7162 Land transport survey(202607).zip
ZAF,2014-02,shared,freight_payload_road,60320.0,thousand tonnes,roadpayl,P7162 Land transport survey(202607).zip
ZAF,2014-03,shared,freight_payload_road,61861.0,thousand tonnes,roadpayl,P7162 Land transport survey(202607).zip
ZAF,2014-04,shared,freight_payload_road,64661.0,thousand tonnes,roadpayl,P7162 Land transport survey(202607).zip
ZAF,2014-05,shared,freight_payload_road,66358.0,thousand tonnes,roadpayl,P7162 Land transport survey(202607).zip
ZAF,2014-06,shared,freight_payload_road,65266.0,thousand tonnes,roadpayl,P7162 Land transport survey(202607).zip
ZAF,2014-07,shared,freight_payload_road,66697.0,thousand tonnes,roadpayl,P7162 Land transport survey(202607).zip
ZAF,2014-08,shared,freight_payload_road,66006.0,thousand tonnes,roadpayl,P7162 Land transport survey(202607).zip
ZAF,2014-09,shared,freight_payload_road,66611.0,thousand tonnes,roadpayl,P7162 Land transport survey(202607).zip
ZAF,2014-10,shared,freight_payload_road,68220.0,thousand tonnes,roadpayl,P7162 Land transport survey(202607).zip
ZAF,2014-11,shared,freight_payload_road,68395.0,thousand tonnes,roadpayl,P7162 Land transport survey(202607).zip
ZAF,2014-12,shared,freight_payload_road,58874.0,thousand tonnes,roadpayl,P7162 Land transport survey(202607).zip
ZAF,2015-01,shared,freight_payload_road,58739.0,thousand tonnes,roadpayl,P7162 Land transport survey(202607).zip
ZAF,2015-02,shared,freight_payload_road,59337.0,thousand tonnes,roadpayl,P7162 Land transport survey(202607).zip
ZAF,2015-03,shared,freight_payload_road,61763.0,thousand tonnes,roadpayl,P7162 Land transport survey(202607).zip
ZAF,2015-04,shared,freight_payload_road,59791.0,thousand tonnes,roadpayl,P7162 Land transport survey(202607).zip
ZAF,2015-05,shared,freight_payload_road,59339.0,thousand tonnes,roadpayl,P7162 Land transport survey(202607).zip
ZAF,2015-06,shared,freight_payload_road,60234.0,thousand tonnes,roadpayl,P7162 Land transport survey(202607).zip
ZAF,2015-07,shared,freight_payload_road,62867.0,thousand tonnes,roadpayl,P7162 Land transport survey(202607).zip
ZAF,2015-08,shared,freight_payload_road,61530.0,thousand tonnes,roadpayl,P7162 Land transport survey(202607).zip
ZAF,2015-09,shared,freight_payload_road,66139.0,thousand tonnes,roadpayl,P7162 Land transport survey(202607).zip
ZAF,2015-10,shared,freight_payload_road,67385.0,thousand tonnes,roadpayl,P7162 Land transport survey(202607).zip
ZAF,2015-11,shared,freight_payload_road,64692.0,thousand tonnes,roadpayl,P7162 Land transport survey(202607).zip
ZAF,2015-12,shared,freight_payload_road,58055.0,thousand tonnes,roadpayl,P7162 Land transport survey(202607).zip
ZAF,2016-01,shared,freight_payload_road,53062.0,thousand tonnes,roadpayl,P7162 Land transport survey(202607).zip
ZAF,2016-02,shared,freight_payload_road,55128.0,thousand tonnes,roadpayl,P7162 Land transport survey(202607).zip
ZAF,2016-03,shared,freight_payload_road,59720.0,thousand tonnes,roadpayl,P7162 Land transport survey(202607).zip
ZAF,2016-04,shared,freight_payload_road,60504.0,thousand tonnes,roadpayl,P7162 Land transport survey(202607).zip
ZAF,2016-05,shared,freight_payload_road,64130.0,thousand tonnes,roadpayl,P7162 Land transport survey(202607).zip
ZAF,2016-06,shared,freight_payload_road,67086.0,thousand tonnes,roadpayl,P7162 Land transport survey(202607).zip
ZAF,2016-07,shared,freight_payload_road,67861.0,thousand tonnes,roadpayl,P7162 Land transport survey(202607).zip
ZAF,2016-08,shared,freight_payload_road,68533.0,thousand tonnes,roadpayl,P7162 Land transport survey(202607).zip
ZAF,2016-09,shared,freight_payload_road,69839.0,thousand tonnes,roadpayl,P7162 Land transport survey(202607).zip
ZAF,2016-10,shared,freight_payload_road,68506.0,thousand tonnes,roadpayl,P7162 Land transport survey(202607).zip
ZAF,2016-11,shared,freight_payload_road,70538.0,thousand tonnes,roadpayl,P7162 Land transport survey(202607).zip
ZAF,2016-12,shared,freight_payload_road,62323.0,thousand tonnes,roadpayl,P7162 Land transport survey(202607).zip
ZAF,2017-01,shared,freight_payload_road,62785.0,thousand tonnes,roadpayl,P7162 Land transport survey(202607).zip
ZAF,2017-02,shared,freight_payload_road,61862.0,thousand tonnes,roadpayl,P7162 Land transport survey(202607).zip
ZAF,2017-03,shared,freight_payload_road,67168.0,thousand tonnes,roadpayl,P7162 Land transport survey(202607).zip
ZAF,2017-04,shared,freight_payload_road,64081.0,thousand tonnes,roadpayl,P7162 Land transport survey(202607).zip
ZAF,2017-05,shared,freight_payload_road,73346.0,thousand tonnes,roadpayl,P7162 Land transport survey(202607).zip
ZAF,2017-06,shared,freight_payload_road,77978.0,thousand tonnes,roadpayl,P7162 Land transport survey(202607).zip
ZAF,2017-07,shared,freight_payload_road,72252.0,thousand tonnes,roadpayl,P7162 Land transport survey(202607).zip
ZAF,2017-08,shared,freight_payload_road,73697.0,thousand tonnes,roadpayl,P7162 Land transport survey(202607).zip
ZAF,2017-09,shared,freight_payload_road,73836.0,thousand tonnes,roadpayl,P7162 Land transport survey(202607).zip
ZAF,2017-10,shared,freight_payload_road,76869.0,thousand tonnes,roadpayl,P7162 Land transport survey(202607).zip
ZAF,2017-11,shared,freight_payload_road,76546.0,thousand tonnes,roadpayl,P7162 Land transport survey(202607).zip
ZAF,2017-12,shared,freight_payload_road,64679.0,thousand tonnes,roadpayl,P7162 Land transport survey(202607).zip
ZAF,2018-01,shared,freight_payload_road,68014.0,thousand tonnes,roadpayl,P7162 Land transport survey(202607).zip
ZAF,2018-02,shared,freight_payload_road,71813.0,thousand tonnes,roadpayl,P7162 Land transport survey(202607).zip
ZAF,2018-03,shared,freight_payload_road,73314.0,thousand tonnes,roadpayl,P7162 Land transport survey(202607).zip
ZAF,2018-04,shared,freight_payload_road,70540.0,thousand tonnes,roadpayl,P7162 Land transport survey(202607).zip
ZAF,2018-05,shared,freight_payload_road,74226.0,thousand tonnes,roadpayl,P7162 Land transport survey(202607).zip
ZAF,2018-06,shared,freight_payload_road,74038.0,thousand tonnes,roadpayl,P7162 Land transport survey(202607).zip
ZAF,2018-07,shared,freight_payload_road,80575.0,thousand tonnes,roadpayl,P7162 Land transport survey(202607).zip
ZAF,2018-08,shared,freight_payload_road,81884.0,thousand tonnes,roadpayl,P7162 Land transport survey(202607).zip
ZAF,2018-09,shared,freight_payload_road,77826.0,thousand tonnes,roadpayl,P7162 Land transport survey(202607).zip
ZAF,2018-10,shared,freight_payload_road,85777.0,thousand tonnes,roadpayl,P7162 Land transport survey(202607).zip
ZAF,2018-11,shared,freight_payload_road,89781.0,thousand tonnes,roadpayl,P7162 Land transport survey(202607).zip
ZAF,2018-12,shared,freight_payload_road,73324.0,thousand tonnes,roadpayl,P7162 Land transport survey(202607).zip
ZAF,2019-01,shared,freight_payload_road,70939.0,thousand tonnes,roadpayl,P7162 Land transport survey(202607).zip
ZAF,2019-02,shared,freight_payload_road,72141.0,thousand tonnes,roadpayl,P7162 Land transport survey(202607).zip
ZAF,2019-03,shared,freight_payload_road,75063.0,thousand tonnes,roadpayl,P7162 Land transport survey(202607).zip
ZAF,2019-04,shared,freight_payload_road,73999.0,thousand tonnes,roadpayl,P7162 Land transport survey(202607).zip
ZAF,2019-05,shared,freight_payload_road,76891.0,thousand tonnes,roadpayl,P7162 Land transport survey(202607).zip
ZAF,2019-06,shared,freight_payload_road,76422.0,thousand tonnes,roadpayl,P7162 Land transport survey(202607).zip
ZAF,2019-07,shared,freight_payload_road,78593.0,thousand tonnes,roadpayl,P7162 Land transport survey(202607).zip
ZAF,2019-08,shared,freight_payload_road,80102.0,thousand tonnes,roadpayl,P7162 Land transport survey(202607).zip
ZAF,2019-09,shared,freight_payload_road,74347.0,thousand tonnes,roadpayl,P7162 Land transport survey(202607).zip
ZAF,2019-10,shared,freight_payload_road,79073.0,thousand tonnes,roadpayl,P7162 Land transport survey(202607).zip
ZAF,2019-11,shared,freight_payload_road,75542.0,thousand tonnes,roadpayl,P7162 Land transport survey(202607).zip
ZAF,2019-12,shared,freight_payload_road,62387.0,thousand tonnes,roadpayl,P7162 Land transport survey(202607).zip
ZAF,2020-01,shared,freight_payload_road,65934.0,thousand tonnes,roadpayl,P7162 Land transport survey(202607).zip
ZAF,2020-02,shared,freight_payload_road,68697.0,thousand tonnes,roadpayl,P7162 Land transport survey(202607).zip
ZAF,2020-03,shared,freight_payload_road,68835.0,thousand tonnes,roadpayl,P7162 Land transport survey(202607).zip
ZAF,2020-04,shared,freight_payload_road,46289.0,thousand tonnes,roadpayl,P7162 Land transport survey(202607).zip
ZAF,2020-05,shared,freight_payload_road,58774.0,thousand tonnes,roadpayl,P7162 Land transport survey(202607).zip
ZAF,2020-06,shared,freight_payload_road,61763.0,thousand tonnes,roadpayl,P7162 Land transport survey(202607).zip
ZAF,2020-07,shared,freight_payload_road,67279.0,thousand tonnes,roadpayl,P7162 Land transport survey(202607).zip
ZAF,2020-08,shared,freight_payload_road,69819.0,thousand tonnes,roadpayl,P7162 Land transport survey(202607).zip
ZAF,2020-09,shared,freight_payload_road,70335.0,thousand tonnes,roadpayl,P7162 Land transport survey(202607).zip
ZAF,2020-10,shared,freight_payload_road,72935.0,thousand tonnes,roadpayl,P7162 Land transport survey(202607).zip
ZAF,2020-11,shared,freight_payload_road,72521.0,thousand tonnes,roadpayl,P7162 Land transport survey(202607).zip
ZAF,2020-12,shared,freight_payload_road,65928.0,thousand tonnes,roadpayl,P7162 Land transport survey(202607).zip
ZAF,2021-01,shared,freight_payload_road,60980.0,thousand tonnes,roadpayl,P7162 Land transport survey(202607).zip
ZAF,2021-02,shared,freight_payload_road,64634.0,thousand tonnes,roadpayl,P7162 Land transport survey(202607).zip
ZAF,2021-03,shared,freight_payload_road,72946.0,thousand tonnes,roadpayl,P7162 Land transport survey(202607).zip
ZAF,2021-04,shared,freight_payload_road,70615.0,thousand tonnes,roadpayl,P7162 Land transport survey(202607).zip
ZAF,2021-05,shared,freight_payload_road,75037.0,thousand tonnes,roadpayl,P7162 Land transport survey(202607).zip
ZAF,2021-06,shared,freight_payload_road,72311.0,thousand tonnes,roadpayl,P7162 Land transport survey(202607).zip
ZAF,2021-07,shared,freight_payload_road,71968.0,thousand tonnes,roadpayl,P7162 Land transport survey(202607).zip
ZAF,2021-08,shared,freight_payload_road,77411.0,thousand tonnes,roadpayl,P7162 Land transport survey(202607).zip
ZAF,2021-09,shared,freight_payload_road,74263.0,thousand tonnes,roadpayl,P7162 Land transport survey(202607).zip
ZAF,2021-10,shared,freight_payload_road,74113.0,thousand tonnes,roadpayl,P7162 Land transport survey(202607).zip
ZAF,2021-11,shared,freight_payload_road,75932.0,thousand tonnes,roadpayl,P7162 Land transport survey(202607).zip
ZAF,2021-12,shared,freight_payload_road,70339.0,thousand tonnes,roadpayl,P7162 Land transport survey(202607).zip
ZAF,2022-01,shared,freight_payload_road,72608.0,thousand tonnes,roadpayl,P7162 Land transport survey(202607).zip
ZAF,2022-02,shared,freight_payload_road,71961.0,thousand tonnes,roadpayl,P7162 Land transport survey(202607).zip
ZAF,2022-03,shared,freight_payload_road,81126.0,thousand tonnes,roadpayl,P7162 Land transport survey(202607).zip
ZAF,2022-04,shared,freight_payload_road,76112.0,thousand tonnes,roadpayl,P7162 Land transport survey(202607).zip
ZAF,2022-05,shared,freight_payload_road,89183.0,thousand tonnes,roadpayl,P7162 Land transport survey(202607).zip
ZAF,2022-06,shared,freight_payload_road,89134.0,thousand tonnes,roadpayl,P7162 Land transport survey(202607).zip
ZAF,2022-07,shared,freight_payload_road,95551.0,thousand tonnes,roadpayl,P7162 Land transport survey(202607).zip
ZAF,2022-08,shared,freight_payload_road,101757.0,thousand tonnes,roadpayl,P7162 Land transport survey(202607).zip
ZAF,2022-09,shared,freight_payload_road,92435.0,thousand tonnes,roadpayl,P7162 Land transport survey(202607).zip
ZAF,2022-10,shared,freight_payload_road,97699.0,thousand tonnes,roadpayl,P7162 Land transport survey(202607).zip
ZAF,2022-11,shared,freight_payload_road,96861.0,thousand tonnes,roadpayl,P7162 Land transport survey(202607).zip
ZAF,2022-12,shared,freight_payload_road,84120.0,thousand tonnes,roadpayl,P7162 Land transport survey(202607).zip
ZAF,2023-01,shared,freight_payload_road,87303.0,thousand tonnes,roadpayl,P7162 Land transport survey(202607).zip
ZAF,2023-02,shared,freight_payload_road,81022.0,thousand tonnes,roadpayl,P7162 Land transport survey(202607).zip
ZAF,2023-03,shared,freight_payload_road,87313.0,thousand tonnes,roadpayl,P7162 Land transport survey(202607).zip
ZAF,2023-04,shared,freight_payload_road,87549.0,thousand tonnes,roadpayl,P7162 Land transport survey(202607).zip
ZAF,2023-05,shared,freight_payload_road,92776.0,thousand tonnes,roadpayl,P7162 Land transport survey(202607).zip
ZAF,2023-06,shared,freight_payload_road,86439.0,thousand tonnes,roadpayl,P7162 Land transport survey(202607).zip
ZAF,2023-07,shared,freight_payload_road,91334.0,thousand tonnes,roadpayl,P7162 Land transport survey(202607).zip
ZAF,2023-08,shared,freight_payload_road,90641.0,thousand tonnes,roadpayl,P7162 Land transport survey(202607).zip
ZAF,2023-09,shared,freight_payload_road,87692.0,thousand tonnes,roadpayl,P7162 Land transport survey(202607).zip
ZAF,2023-10,shared,freight_payload_road,94261.0,thousand tonnes,roadpayl,P7162 Land transport survey(202607).zip
ZAF,2023-11,shared,freight_payload_road,95193.0,thousand tonnes,roadpayl,P7162 Land transport survey(202607).zip
ZAF,2023-12,shared,freight_payload_road,78896.0,thousand tonnes,roadpayl,P7162 Land transport survey(202607).zip
ZAF,2024-01,shared,freight_payload_road,80951.0,thousand tonnes,roadpayl,P7162 Land transport survey(202607).zip
ZAF,2024-02,shared,freight_payload_road,79782.0,thousand tonnes,roadpayl,P7162 Land transport survey(202607).zip
ZAF,2024-03,shared,freight_payload_road,81531.0,thousand tonnes,roadpayl,P7162 Land transport survey(202607).zip
ZAF,2024-04,shared,freight_payload_road,80388.0,thousand tonnes,roadpayl,P7162 Land transport survey(202607).zip
ZAF,2024-05,shared,freight_payload_road,82703.0,thousand tonnes,roadpayl,P7162 Land transport survey(202607).zip
ZAF,2024-06,shared,freight_payload_road,82385.0,thousand tonnes,roadpayl,P7162 Land transport survey(202607).zip
ZAF,2024-07,shared,freight_payload_road,83945.0,thousand tonnes,roadpayl,P7162 Land transport survey(202607).zip
ZAF,2024-08,shared,freight_payload_road,85171.0,thousand tonnes,roadpayl,P7162 Land transport survey(202607).zip
ZAF,2024-09,shared,freight_payload_road,80486.0,thousand tonnes,roadpayl,P7162 Land transport survey(202607).zip
ZAF,2024-10,shared,freight_payload_road,83586.0,thousand tonnes,roadpayl,P7162 Land transport survey(202607).zip
ZAF,2024-11,shared,freight_payload_road,85173.0,thousand tonnes,roadpayl,P7162 Land transport survey(202607).zip
ZAF,2024-12,shared,freight_payload_road,73697.0,thousand tonnes,roadpayl,P7162 Land transport survey(202607).zip
ZAF,2025-01,shared,freight_payload_road,78224.0,thousand tonnes,roadpayl,P7162 Land transport survey(202607).zip
ZAF,2025-02,shared,freight_payload_road,76687.0,thousand tonnes,roadpayl,P7162 Land transport survey(202607).zip
ZAF,2025-03,shared,freight_payload_road,80466.0,thousand tonnes,roadpayl,P7162 Land transport survey(202607).zip
ZAF,2025-04,shared,freight_payload_road,75630.0,thousand tonnes,roadpayl,P7162 Land transport survey(202607).zip
ZAF,2025-05,shared,freight_payload_road,83975.0,thousand tonnes,roadpayl,P7162 Land transport survey(202607).zip
ZAF,2025-06,shared,freight_payload_road,85345.0,thousand tonnes,roadpayl,P7162 Land transport survey(202607).zip
ZAF,2025-07,shared,freight_payload_road,86114.0,thousand tonnes,roadpayl,P7162 Land transport survey(202607).zip
ZAF,2025-08,shared,freight_payload_road,84185.0,thousand tonnes,roadpayl,P7162 Land transport survey(202607).zip
ZAF,2025-09,shared,freight_payload_road,82960.0,thousand tonnes,roadpayl,P7162 Land transport survey(202607).zip
ZAF,2025-10,shared,freight_payload_road,85799.0,thousand tonnes,roadpayl,P7162 Land transport survey(202607).zip
ZAF,2025-11,shared,freight_payload_road,82167.0,thousand tonnes,roadpayl,P7162 Land transport survey(202607).zip
ZAF,2025-12,shared,freight_payload_road,73624.0,thousand tonnes,roadpayl,P7162 Land transport survey(202607).zip
ZAF,2026-01,shared,freight_payload_road,73760.0,thousand tonnes,roadpayl,P7162 Land transport survey(202607).zip
ZAF,2026-02,shared,freight_payload_road,74133.0,thousand tonnes,roadpayl,P7162 Land transport survey(202607).zip
ZAF,2026-03,shared,freight_payload_road,81398.0,thousand tonnes,roadpayl,P7162 Land transport survey(202607).zip
ZAF,2026-04,shared,freight_payload_road,81190.0,thousand tonnes,roadpayl,P7162 Land transport survey(202607).zip
ZAF,2026-05,shared,freight_payload_road,87751.0,thousand tonnes,roadpayl,P7162 Land transport survey(202607).zip
ZAF,2026-06,shared,freight_payload_road,86035.0,thousand tonnes,roadpayl,P7162 Land transport survey(202607).zip
ZAF,2026-07,shared,freight_payload_road,83762.0,thousand tonnes,roadpayl,P7162 Land transport survey(202607).zip
ZAF,2008-01,shared,passenger_journeys_rail,45749.0,thousand journeys,railnops,P7162 Land transport survey(202607).zip
ZAF,2008-02,shared,passenger_journeys_rail,54986.0,thousand journeys,railnops,P7162 Land transport survey(202607).zip
ZAF,2008-03,shared,passenger_journeys_rail,50625.0,thousand journeys,railnops,P7162 Land transport survey(202607).zip
ZAF,2008-04,shared,passenger_journeys_rail,47234.0,thousand journeys,railnops,P7162 Land transport survey(202607).zip
ZAF,2008-05,shared,passenger_journeys_rail,50505.0,thousand journeys,railnops,P7162 Land transport survey(202607).zip
ZAF,2008-06,shared,passenger_journeys_rail,44803.0,thousand journeys,railnops,P7162 Land transport survey(202607).zip
ZAF,2008-07,shared,passenger_journeys_rail,50256.0,thousand journeys,railnops,P7162 Land transport survey(202607).zip
ZAF,2008-08,shared,passenger_journeys_rail,50416.0,thousand journeys,railnops,P7162 Land transport survey(202607).zip
ZAF,2008-09,shared,passenger_journeys_rail,52265.0,thousand journeys,railnops,P7162 Land transport survey(202607).zip
ZAF,2008-10,shared,passenger_journeys_rail,57065.0,thousand journeys,railnops,P7162 Land transport survey(202607).zip
ZAF,2008-11,shared,passenger_journeys_rail,50776.0,thousand journeys,railnops,P7162 Land transport survey(202607).zip
ZAF,2008-12,shared,passenger_journeys_rail,36270.0,thousand journeys,railnops,P7162 Land transport survey(202607).zip
ZAF,2009-01,shared,passenger_journeys_rail,47189.0,thousand journeys,railnops,P7162 Land transport survey(202607).zip
ZAF,2009-02,shared,passenger_journeys_rail,50092.0,thousand journeys,railnops,P7162 Land transport survey(202607).zip
ZAF,2009-03,shared,passenger_journeys_rail,57053.0,thousand journeys,railnops,P7162 Land transport survey(202607).zip
ZAF,2009-04,shared,passenger_journeys_rail,52372.0,thousand journeys,railnops,P7162 Land transport survey(202607).zip
ZAF,2009-05,shared,passenger_journeys_rail,54439.0,thousand journeys,railnops,P7162 Land transport survey(202607).zip
ZAF,2009-06,shared,passenger_journeys_rail,51114.0,thousand journeys,railnops,P7162 Land transport survey(202607).zip
ZAF,2009-07,shared,passenger_journeys_rail,54492.0,thousand journeys,railnops,P7162 Land transport survey(202607).zip
ZAF,2009-08,shared,passenger_journeys_rail,50212.0,thousand journeys,railnops,P7162 Land transport survey(202607).zip
ZAF,2009-09,shared,passenger_journeys_rail,51666.0,thousand journeys,railnops,P7162 Land transport survey(202607).zip
ZAF,2009-10,shared,passenger_journeys_rail,57958.0,thousand journeys,railnops,P7162 Land transport survey(202607).zip
ZAF,2009-11,shared,passenger_journeys_rail,52215.0,thousand journeys,railnops,P7162 Land transport survey(202607).zip
ZAF,2009-12,shared,passenger_journeys_rail,41489.0,thousand journeys,railnops,P7162 Land transport survey(202607).zip
ZAF,2010-01,shared,passenger_journeys_rail,45112.0,thousand journeys,railnops,P7162 Land transport survey(202607).zip
ZAF,2010-02,shared,passenger_journeys_rail,52968.0,thousand journeys,railnops,P7162 Land transport survey(202607).zip
ZAF,2010-03,shared,passenger_journeys_rail,54372.0,thousand journeys,railnops,P7162 Land transport survey(202607).zip
ZAF,2010-04,shared,passenger_journeys_rail,48745.0,thousand journeys,railnops,P7162 Land transport survey(202607).zip
ZAF,2010-05,shared,passenger_journeys_rail,23002.0,thousand journeys,railnops,P7162 Land transport survey(202607).zip
ZAF,2010-06,shared,passenger_journeys_rail,32540.0,thousand journeys,railnops,P7162 Land transport survey(202607).zip
ZAF,2010-07,shared,passenger_journeys_rail,41166.0,thousand journeys,railnops,P7162 Land transport survey(202607).zip
ZAF,2010-08,shared,passenger_journeys_rail,40768.0,thousand journeys,railnops,P7162 Land transport survey(202607).zip
ZAF,2010-09,shared,passenger_journeys_rail,42470.0,thousand journeys,railnops,P7162 Land transport survey(202607).zip
ZAF,2010-10,shared,passenger_journeys_rail,45222.0,thousand journeys,railnops,P7162 Land transport survey(202607).zip
ZAF,2010-11,shared,passenger_journeys_rail,43760.0,thousand journeys,railnops,P7162 Land transport survey(202607).zip
ZAF,2010-12,shared,passenger_journeys_rail,32394.0,thousand journeys,railnops,P7162 Land transport survey(202607).zip
ZAF,2011-01,shared,passenger_journeys_rail,33941.0,thousand journeys,railnops,P7162 Land transport survey(202607).zip
ZAF,2011-02,shared,passenger_journeys_rail,39780.0,thousand journeys,railnops,P7162 Land transport survey(202607).zip
ZAF,2011-03,shared,passenger_journeys_rail,45596.0,thousand journeys,railnops,P7162 Land transport survey(202607).zip
ZAF,2011-04,shared,passenger_journeys_rail,39026.0,thousand journeys,railnops,P7162 Land transport survey(202607).zip
ZAF,2011-05,shared,passenger_journeys_rail,41965.0,thousand journeys,railnops,P7162 Land transport survey(202607).zip
ZAF,2011-06,shared,passenger_journeys_rail,44013.0,thousand journeys,railnops,P7162 Land transport survey(202607).zip
ZAF,2011-07,shared,passenger_journeys_rail,41513.0,thousand journeys,railnops,P7162 Land transport survey(202607).zip
ZAF,2011-08,shared,passenger_journeys_rail,44118.0,thousand journeys,railnops,P7162 Land transport survey(202607).zip
ZAF,2011-09,shared,passenger_journeys_rail,48688.0,thousand journeys,railnops,P7162 Land transport survey(202607).zip
ZAF,2011-10,shared,passenger_journeys_rail,47930.0,thousand journeys,railnops,P7162 Land transport survey(202607).zip
ZAF,2011-11,shared,passenger_journeys_rail,48548.0,thousand journeys,railnops,P7162 Land transport survey(202607).zip
ZAF,2011-12,shared,passenger_journeys_rail,36705.0,thousand journeys,railnops,P7162 Land transport survey(202607).zip
ZAF,2012-01,shared,passenger_journeys_rail,36935.0,thousand journeys,railnops,P7162 Land transport survey(202607).zip
ZAF,2012-02,shared,passenger_journeys_rail,45604.0,thousand journeys,railnops,P7162 Land transport survey(202607).zip
ZAF,2012-03,shared,passenger_journeys_rail,48799.0,thousand journeys,railnops,P7162 Land transport survey(202607).zip
ZAF,2012-04,shared,passenger_journeys_rail,41974.0,thousand journeys,railnops,P7162 Land transport survey(202607).zip
ZAF,2012-05,shared,passenger_journeys_rail,47395.0,thousand journeys,railnops,P7162 Land transport survey(202607).zip
ZAF,2012-06,shared,passenger_journeys_rail,45003.0,thousand journeys,railnops,P7162 Land transport survey(202607).zip
ZAF,2012-07,shared,passenger_journeys_rail,44639.0,thousand journeys,railnops,P7162 Land transport survey(202607).zip
ZAF,2012-08,shared,passenger_journeys_rail,49120.0,thousand journeys,railnops,P7162 Land transport survey(202607).zip
ZAF,2012-09,shared,passenger_journeys_rail,46758.0,thousand journeys,railnops,P7162 Land transport survey(202607).zip
ZAF,2012-10,shared,passenger_journeys_rail,47471.0,thousand journeys,railnops,P7162 Land transport survey(202607).zip
ZAF,2012-11,shared,passenger_journeys_rail,46755.0,thousand journeys,railnops,P7162 Land transport survey(202607).zip
ZAF,2012-12,shared,passenger_journeys_rail,33909.0,thousand journeys,railnops,P7162 Land transport survey(202607).zip
ZAF,2013-01,shared,passenger_journeys_rail,41233.0,thousand journeys,railnops,P7162 Land transport survey(202607).zip
ZAF,2013-02,shared,passenger_journeys_rail,47627.0,thousand journeys,railnops,P7162 Land transport survey(202607).zip
ZAF,2013-03,shared,passenger_journeys_rail,48113.0,thousand journeys,railnops,P7162 Land transport survey(202607).zip
ZAF,2013-04,shared,passenger_journeys_rail,44548.0,thousand journeys,railnops,P7162 Land transport survey(202607).zip
ZAF,2013-05,shared,passenger_journeys_rail,45623.0,thousand journeys,railnops,P7162 Land transport survey(202607).zip
ZAF,2013-06,shared,passenger_journeys_rail,47929.0,thousand journeys,railnops,P7162 Land transport survey(202607).zip
ZAF,2013-07,shared,passenger_journeys_rail,43916.0,thousand journeys,railnops,P7162 Land transport survey(202607).zip
ZAF,2013-08,shared,passenger_journeys_rail,48832.0,thousand journeys,railnops,P7162 Land transport survey(202607).zip
ZAF,2013-09,shared,passenger_journeys_rail,45868.0,thousand journeys,railnops,P7162 Land transport survey(202607).zip
ZAF,2013-10,shared,passenger_journeys_rail,50789.0,thousand journeys,railnops,P7162 Land transport survey(202607).zip
ZAF,2013-11,shared,passenger_journeys_rail,46491.0,thousand journeys,railnops,P7162 Land transport survey(202607).zip
ZAF,2013-12,shared,passenger_journeys_rail,33926.0,thousand journeys,railnops,P7162 Land transport survey(202607).zip
ZAF,2014-01,shared,passenger_journeys_rail,42828.0,thousand journeys,railnops,P7162 Land transport survey(202607).zip
ZAF,2014-02,shared,passenger_journeys_rail,47945.0,thousand journeys,railnops,P7162 Land transport survey(202607).zip
ZAF,2014-03,shared,passenger_journeys_rail,48130.0,thousand journeys,railnops,P7162 Land transport survey(202607).zip
ZAF,2014-04,shared,passenger_journeys_rail,44926.0,thousand journeys,railnops,P7162 Land transport survey(202607).zip
ZAF,2014-05,shared,passenger_journeys_rail,45794.0,thousand journeys,railnops,P7162 Land transport survey(202607).zip
ZAF,2014-06,shared,passenger_journeys_rail,43459.0,thousand journeys,railnops,P7162 Land transport survey(202607).zip
ZAF,2014-07,shared,passenger_journeys_rail,43489.0,thousand journeys,railnops,P7162 Land transport survey(202607).zip
ZAF,2014-08,shared,passenger_journeys_rail,43950.0,thousand journeys,railnops,P7162 Land transport survey(202607).zip
ZAF,2014-09,shared,passenger_journeys_rail,45015.0,thousand journeys,railnops,P7162 Land transport survey(202607).zip
ZAF,2014-10,shared,passenger_journeys_rail,47911.0,thousand journeys,railnops,P7162 Land transport survey(202607).zip
ZAF,2014-11,shared,passenger_journeys_rail,44219.0,thousand journeys,railnops,P7162 Land transport survey(202607).zip
ZAF,2014-12,shared,passenger_journeys_rail,32283.0,thousand journeys,railnops,P7162 Land transport survey(202607).zip
ZAF,2015-01,shared,passenger_journeys_rail,37252.0,thousand journeys,railnops,P7162 Land transport survey(202607).zip
ZAF,2015-02,shared,passenger_journeys_rail,44120.0,thousand journeys,railnops,P7162 Land transport survey(202607).zip
ZAF,2015-03,shared,passenger_journeys_rail,45541.0,thousand journeys,railnops,P7162 Land transport survey(202607).zip
ZAF,2015-04,shared,passenger_journeys_rail,40119.0,thousand journeys,railnops,P7162 Land transport survey(202607).zip
ZAF,2015-05,shared,passenger_journeys_rail,41731.0,thousand journeys,railnops,P7162 Land transport survey(202607).zip
ZAF,2015-06,shared,passenger_journeys_rail,39574.0,thousand journeys,railnops,P7162 Land transport survey(202607).zip
ZAF,2015-07,shared,passenger_journeys_rail,40486.0,thousand journeys,railnops,P7162 Land transport survey(202607).zip
ZAF,2015-08,shared,passenger_journeys_rail,39791.0,thousand journeys,railnops,P7162 Land transport survey(202607).zip
ZAF,2015-09,shared,passenger_journeys_rail,40167.0,thousand journeys,railnops,P7162 Land transport survey(202607).zip
ZAF,2015-10,shared,passenger_journeys_rail,42261.0,thousand journeys,railnops,P7162 Land transport survey(202607).zip
ZAF,2015-11,shared,passenger_journeys_rail,38851.0,thousand journeys,railnops,P7162 Land transport survey(202607).zip
ZAF,2015-12,shared,passenger_journeys_rail,27657.0,thousand journeys,railnops,P7162 Land transport survey(202607).zip
ZAF,2016-01,shared,passenger_journeys_rail,30674.0,thousand journeys,railnops,P7162 Land transport survey(202607).zip
ZAF,2016-02,shared,passenger_journeys_rail,36705.0,thousand journeys,railnops,P7162 Land transport survey(202607).zip
ZAF,2016-03,shared,passenger_journeys_rail,34416.0,thousand journeys,railnops,P7162 Land transport survey(202607).zip
ZAF,2016-04,shared,passenger_journeys_rail,33100.0,thousand journeys,railnops,P7162 Land transport survey(202607).zip
ZAF,2016-05,shared,passenger_journeys_rail,32529.0,thousand journeys,railnops,P7162 Land transport survey(202607).zip
ZAF,2016-06,shared,passenger_journeys_rail,32900.0,thousand journeys,railnops,P7162 Land transport survey(202607).zip
ZAF,2016-07,shared,passenger_journeys_rail,31946.0,thousand journeys,railnops,P7162 Land transport survey(202607).zip
ZAF,2016-08,shared,passenger_journeys_rail,33713.0,thousand journeys,railnops,P7162 Land transport survey(202607).zip
ZAF,2016-09,shared,passenger_journeys_rail,38209.0,thousand journeys,railnops,P7162 Land transport survey(202607).zip
ZAF,2016-10,shared,passenger_journeys_rail,35976.0,thousand journeys,railnops,P7162 Land transport survey(202607).zip
ZAF,2016-11,shared,passenger_journeys_rail,34868.0,thousand journeys,railnops,P7162 Land transport survey(202607).zip
ZAF,2016-12,shared,passenger_journeys_rail,23707.0,thousand journeys,railnops,P7162 Land transport survey(202607).zip
ZAF,2017-01,shared,passenger_journeys_rail,26809.0,thousand journeys,railnops,P7162 Land transport survey(202607).zip
ZAF,2017-02,shared,passenger_journeys_rail,32267.0,thousand journeys,railnops,P7162 Land transport survey(202607).zip
ZAF,2017-03,shared,passenger_journeys_rail,34067.0,thousand journeys,railnops,P7162 Land transport survey(202607).zip
ZAF,2017-04,shared,passenger_journeys_rail,26790.0,thousand journeys,railnops,P7162 Land transport survey(202607).zip
ZAF,2017-05,shared,passenger_journeys_rail,28921.0,thousand journeys,railnops,P7162 Land transport survey(202607).zip
ZAF,2017-06,shared,passenger_journeys_rail,28064.0,thousand journeys,railnops,P7162 Land transport survey(202607).zip
ZAF,2017-07,shared,passenger_journeys_rail,24160.0,thousand journeys,railnops,P7162 Land transport survey(202607).zip
ZAF,2017-08,shared,passenger_journeys_rail,26397.0,thousand journeys,railnops,P7162 Land transport survey(202607).zip
ZAF,2017-09,shared,passenger_journeys_rail,24665.0,thousand journeys,railnops,P7162 Land transport survey(202607).zip
ZAF,2017-10,shared,passenger_journeys_rail,25718.0,thousand journeys,railnops,P7162 Land transport survey(202607).zip
ZAF,2017-11,shared,passenger_journeys_rail,23261.0,thousand journeys,railnops,P7162 Land transport survey(202607).zip
ZAF,2017-12,shared,passenger_journeys_rail,15773.0,thousand journeys,railnops,P7162 Land transport survey(202607).zip
ZAF,2018-01,shared,passenger_journeys_rail,19233.0,thousand journeys,railnops,P7162 Land transport survey(202607).zip
ZAF,2018-02,shared,passenger_journeys_rail,21268.0,thousand journeys,railnops,P7162 Land transport survey(202607).zip
ZAF,2018-03,shared,passenger_journeys_rail,22096.0,thousand journeys,railnops,P7162 Land transport survey(202607).zip
ZAF,2018-04,shared,passenger_journeys_rail,26130.0,thousand journeys,railnops,P7162 Land transport survey(202607).zip
ZAF,2018-05,shared,passenger_journeys_rail,21325.0,thousand journeys,railnops,P7162 Land transport survey(202607).zip
ZAF,2018-06,shared,passenger_journeys_rail,21753.0,thousand journeys,railnops,P7162 Land transport survey(202607).zip
ZAF,2018-07,shared,passenger_journeys_rail,24673.0,thousand journeys,railnops,P7162 Land transport survey(202607).zip
ZAF,2018-08,shared,passenger_journeys_rail,22893.0,thousand journeys,railnops,P7162 Land transport survey(202607).zip
ZAF,2018-09,shared,passenger_journeys_rail,21360.0,thousand journeys,railnops,P7162 Land transport survey(202607).zip
ZAF,2018-10,shared,passenger_journeys_rail,20500.0,thousand journeys,railnops,P7162 Land transport survey(202607).zip
ZAF,2018-11,shared,passenger_journeys_rail,20733.0,thousand journeys,railnops,P7162 Land transport survey(202607).zip
ZAF,2018-12,shared,passenger_journeys_rail,12679.0,thousand journeys,railnops,P7162 Land transport survey(202607).zip
ZAF,2019-01,shared,passenger_journeys_rail,16090.0,thousand journeys,railnops,P7162 Land transport survey(202607).zip
ZAF,2019-02,shared,passenger_journeys_rail,18675.0,thousand journeys,railnops,P7162 Land transport survey(202607).zip
ZAF,2019-03,shared,passenger_journeys_rail,18195.0,thousand journeys,railnops,P7162 Land transport survey(202607).zip
ZAF,2019-04,shared,passenger_journeys_rail,16043.0,thousand journeys,railnops,P7162 Land transport survey(202607).zip
ZAF,2019-05,shared,passenger_journeys_rail,14305.0,thousand journeys,railnops,P7162 Land transport survey(202607).zip
ZAF,2019-06,shared,passenger_journeys_rail,14337.0,thousand journeys,railnops,P7162 Land transport survey(202607).zip
ZAF,2019-07,shared,passenger_journeys_rail,14315.0,thousand journeys,railnops,P7162 Land transport survey(202607).zip
ZAF,2019-08,shared,passenger_journeys_rail,14715.0,thousand journeys,railnops,P7162 Land transport survey(202607).zip
ZAF,2019-09,shared,passenger_journeys_rail,13772.0,thousand journeys,railnops,P7162 Land transport survey(202607).zip
ZAF,2019-10,shared,passenger_journeys_rail,15067.0,thousand journeys,railnops,P7162 Land transport survey(202607).zip
ZAF,2019-11,shared,passenger_journeys_rail,12722.0,thousand journeys,railnops,P7162 Land transport survey(202607).zip
ZAF,2019-12,shared,passenger_journeys_rail,7211.0,thousand journeys,railnops,P7162 Land transport survey(202607).zip
ZAF,2020-01,shared,passenger_journeys_rail,8693.0,thousand journeys,railnops,P7162 Land transport survey(202607).zip
ZAF,2020-02,shared,passenger_journeys_rail,10717.0,thousand journeys,railnops,P7162 Land transport survey(202607).zip
ZAF,2020-03,shared,passenger_journeys_rail,5526.0,thousand journeys,railnops,P7162 Land transport survey(202607).zip
ZAF,2020-04,shared,passenger_journeys_rail,0.0,thousand journeys,railnops,P7162 Land transport survey(202607).zip
ZAF,2020-05,shared,passenger_journeys_rail,62.0,thousand journeys,railnops,P7162 Land transport survey(202607).zip
ZAF,2020-06,shared,passenger_journeys_rail,145.0,thousand journeys,railnops,P7162 Land transport survey(202607).zip
ZAF,2020-07,shared,passenger_journeys_rail,274.0,thousand journeys,railnops,P7162 Land transport survey(202607).zip
ZAF,2020-08,shared,passenger_journeys_rail,402.0,thousand journeys,railnops,P7162 Land transport survey(202607).zip
ZAF,2020-09,shared,passenger_journeys_rail,390.0,thousand journeys,railnops,P7162 Land transport survey(202607).zip
ZAF,2020-10,shared,passenger_journeys_rail,488.0,thousand journeys,railnops,P7162 Land transport survey(202607).zip
ZAF,2020-11,shared,passenger_journeys_rail,1615.0,thousand journeys,railnops,P7162 Land transport survey(202607).zip
ZAF,2020-12,shared,passenger_journeys_rail,1438.0,thousand journeys,railnops,P7162 Land transport survey(202607).zip
ZAF,2021-01,shared,passenger_journeys_rail,1128.0,thousand journeys,railnops,P7162 Land transport survey(202607).zip
ZAF,2021-02,shared,passenger_journeys_rail,1450.0,thousand journeys,railnops,P7162 Land transport survey(202607).zip
ZAF,2021-03,shared,passenger_journeys_rail,1772.0,thousand journeys,railnops,P7162 Land transport survey(202607).zip
ZAF,2021-04,shared,passenger_journeys_rail,1632.0,thousand journeys,railnops,P7162 Land transport survey(202607).zip
ZAF,2021-05,shared,passenger_journeys_rail,1752.0,thousand journeys,railnops,P7162 Land transport survey(202607).zip
ZAF,2021-06,shared,passenger_journeys_rail,1461.0,thousand journeys,railnops,P7162 Land transport survey(202607).zip
ZAF,2021-07,shared,passenger_journeys_rail,1430.0,thousand journeys,railnops,P7162 Land transport survey(202607).zip
ZAF,2021-08,shared,passenger_journeys_rail,2316.0,thousand journeys,railnops,P7162 Land transport survey(202607).zip
ZAF,2021-09,shared,passenger_journeys_rail,2552.0,thousand journeys,railnops,P7162 Land transport survey(202607).zip
ZAF,2021-10,shared,passenger_journeys_rail,2623.0,thousand journeys,railnops,P7162 Land transport survey(202607).zip
ZAF,2021-11,shared,passenger_journeys_rail,2288.0,thousand journeys,railnops,P7162 Land transport survey(202607).zip
ZAF,2021-12,shared,passenger_journeys_rail,1358.0,thousand journeys,railnops,P7162 Land transport survey(202607).zip
ZAF,2022-01,shared,passenger_journeys_rail,1367.0,thousand journeys,railnops,P7162 Land transport survey(202607).zip
ZAF,2022-02,shared,passenger_journeys_rail,1974.0,thousand journeys,railnops,P7162 Land transport survey(202607).zip
ZAF,2022-03,shared,passenger_journeys_rail,2218.0,thousand journeys,railnops,P7162 Land transport survey(202607).zip
ZAF,2022-04,shared,passenger_journeys_rail,1441.0,thousand journeys,railnops,P7162 Land transport survey(202607).zip
ZAF,2022-05,shared,passenger_journeys_rail,1285.0,thousand journeys,railnops,P7162 Land transport survey(202607).zip
ZAF,2022-06,shared,passenger_journeys_rail,1021.0,thousand journeys,railnops,P7162 Land transport survey(202607).zip
ZAF,2022-07,shared,passenger_journeys_rail,1056.0,thousand journeys,railnops,P7162 Land transport survey(202607).zip
ZAF,2022-08,shared,passenger_journeys_rail,1335.0,thousand journeys,railnops,P7162 Land transport survey(202607).zip
ZAF,2022-09,shared,passenger_journeys_rail,1400.0,thousand journeys,railnops,P7162 Land transport survey(202607).zip
ZAF,2022-10,shared,passenger_journeys_rail,1824.0,thousand journeys,railnops,P7162 Land transport survey(202607).zip
ZAF,2022-11,shared,passenger_journeys_rail,2311.0,thousand journeys,railnops,P7162 Land transport survey(202607).zip
ZAF,2022-12,shared,passenger_journeys_rail,1886.0,thousand journeys,railnops,P7162 Land transport survey(202607).zip
ZAF,2023-01,shared,passenger_journeys_rail,2483.0,thousand journeys,railnops,P7162 Land transport survey(202607).zip
ZAF,2023-02,shared,passenger_journeys_rail,3124.0,thousand journeys,railnops,P7162 Land transport survey(202607).zip
ZAF,2023-03,shared,passenger_journeys_rail,3567.0,thousand journeys,railnops,P7162 Land transport survey(202607).zip
ZAF,2023-04,shared,passenger_journeys_rail,2635.0,thousand journeys,railnops,P7162 Land transport survey(202607).zip
ZAF,2023-05,shared,passenger_journeys_rail,3468.0,thousand journeys,railnops,P7162 Land transport survey(202607).zip
ZAF,2023-06,shared,passenger_journeys_rail,3222.0,thousand journeys,railnops,P7162 Land transport survey(202607).zip
ZAF,2023-07,shared,passenger_journeys_rail,3163.0,thousand journeys,railnops,P7162 Land transport survey(202607).zip
ZAF,2023-08,shared,passenger_journeys_rail,3901.0,thousand journeys,railnops,P7162 Land transport survey(202607).zip
ZAF,2023-09,shared,passenger_journeys_rail,3844.0,thousand journeys,railnops,P7162 Land transport survey(202607).zip
ZAF,2023-10,shared,passenger_journeys_rail,4379.0,thousand journeys,railnops,P7162 Land transport survey(202607).zip
ZAF,2023-11,shared,passenger_journeys_rail,4915.0,thousand journeys,railnops,P7162 Land transport survey(202607).zip
ZAF,2023-12,shared,passenger_journeys_rail,3058.0,thousand journeys,railnops,P7162 Land transport survey(202607).zip
ZAF,2024-01,shared,passenger_journeys_rail,4078.0,thousand journeys,railnops,P7162 Land transport survey(202607).zip
ZAF,2024-02,shared,passenger_journeys_rail,5404.0,thousand journeys,railnops,P7162 Land transport survey(202607).zip
ZAF,2024-03,shared,passenger_journeys_rail,5096.0,thousand journeys,railnops,P7162 Land transport survey(202607).zip
ZAF,2024-04,shared,passenger_journeys_rail,5168.0,thousand journeys,railnops,P7162 Land transport survey(202607).zip
ZAF,2024-05,shared,passenger_journeys_rail,5255.0,thousand journeys,railnops,P7162 Land transport survey(202607).zip
ZAF,2024-06,shared,passenger_journeys_rail,4676.0,thousand journeys,railnops,P7162 Land transport survey(202607).zip
ZAF,2024-07,shared,passenger_journeys_rail,6989.0,thousand journeys,railnops,P7162 Land transport survey(202607).zip
ZAF,2024-08,shared,passenger_journeys_rail,7311.0,thousand journeys,railnops,P7162 Land transport survey(202607).zip
ZAF,2024-09,shared,passenger_journeys_rail,7529.0,thousand journeys,railnops,P7162 Land transport survey(202607).zip
ZAF,2024-10,shared,passenger_journeys_rail,8466.0,thousand journeys,railnops,P7162 Land transport survey(202607).zip
ZAF,2024-11,shared,passenger_journeys_rail,8160.0,thousand journeys,railnops,P7162 Land transport survey(202607).zip
ZAF,2024-12,shared,passenger_journeys_rail,5425.0,thousand journeys,railnops,P7162 Land transport survey(202607).zip
ZAF,2025-01,shared,passenger_journeys_rail,6927.0,thousand journeys,railnops,P7162 Land transport survey(202607).zip
ZAF,2025-02,shared,passenger_journeys_rail,7926.0,thousand journeys,railnops,P7162 Land transport survey(202607).zip
ZAF,2025-03,shared,passenger_journeys_rail,8381.0,thousand journeys,railnops,P7162 Land transport survey(202607).zip
ZAF,2025-04,shared,passenger_journeys_rail,7838.0,thousand journeys,railnops,P7162 Land transport survey(202607).zip
ZAF,2025-05,shared,passenger_journeys_rail,8390.0,thousand journeys,railnops,P7162 Land transport survey(202607).zip
ZAF,2025-06,shared,passenger_journeys_rail,8373.0,thousand journeys,railnops,P7162 Land transport survey(202607).zip
ZAF,2025-07,shared,passenger_journeys_rail,9067.0,thousand journeys,railnops,P7162 Land transport survey(202607).zip
ZAF,2025-08,shared,passenger_journeys_rail,9242.0,thousand journeys,railnops,P7162 Land transport survey(202607).zip
ZAF,2025-09,shared,passenger_journeys_rail,9977.0,thousand journeys,railnops,P7162 Land transport survey(202607).zip
ZAF,2025-10,shared,passenger_journeys_rail,10443.0,thousand journeys,railnops,P7162 Land transport survey(202607).zip
ZAF,2025-11,shared,passenger_journeys_rail,9431.0,thousand journeys,railnops,P7162 Land transport survey(202607).zip
ZAF,2025-12,shared,passenger_journeys_rail,6943.0,thousand journeys,railnops,P7162 Land transport survey(202607).zip
ZAF,2026-01,shared,passenger_journeys_rail,8520.0,thousand journeys,railnops,P7162 Land transport survey(202607).zip
ZAF,2026-02,shared,passenger_journeys_rail,10036.0,thousand journeys,railnops,P7162 Land transport survey(202607).zip
ZAF,2026-03,shared,passenger_journeys_rail,11051.0,thousand journeys,railnops,P7162 Land transport survey(202607).zip
ZAF,2026-04,shared,passenger_journeys_rail,10081.0,thousand journeys,railnops,P7162 Land transport survey(202607).zip
ZAF,2026-05,shared,passenger_journeys_rail,10419.0,thousand journeys,railnops,P7162 Land transport survey(202607).zip
ZAF,2026-06,shared,passenger_journeys_rail,10815.0,thousand journeys,railnops,P7162 Land transport survey(202607).zip
ZAF,2026-07,shared,passenger_journeys_rail,11533.0,thousand journeys,railnops,P7162 Land transport survey(202607).zip
ZAF,2008-01,shared,passenger_journeys_road,21550.0,thousand journeys,roadnops,P7162 Land transport survey(202607).zip
ZAF,2008-02,shared,passenger_journeys_road,24799.0,thousand journeys,roadnops,P7162 Land transport survey(202607).zip
ZAF,2008-03,shared,passenger_journeys_road,26101.0,thousand journeys,roadnops,P7162 Land transport survey(202607).zip
ZAF,2008-04,shared,passenger_journeys_road,23450.0,thousand journeys,roadnops,P7162 Land transport survey(202607).zip
ZAF,2008-05,shared,passenger_journeys_road,23747.0,thousand journeys,roadnops,P7162 Land transport survey(202607).zip
ZAF,2008-06,shared,passenger_journeys_road,25567.0,thousand journeys,roadnops,P7162 Land transport survey(202607).zip
ZAF,2008-07,shared,passenger_journeys_road,24844.0,thousand journeys,roadnops,P7162 Land transport survey(202607).zip
ZAF,2008-08,shared,passenger_journeys_road,25965.0,thousand journeys,roadnops,P7162 Land transport survey(202607).zip
ZAF,2008-09,shared,passenger_journeys_road,28315.0,thousand journeys,roadnops,P7162 Land transport survey(202607).zip
ZAF,2008-10,shared,passenger_journeys_road,27063.0,thousand journeys,roadnops,P7162 Land transport survey(202607).zip
ZAF,2008-11,shared,passenger_journeys_road,25802.0,thousand journeys,roadnops,P7162 Land transport survey(202607).zip
ZAF,2008-12,shared,passenger_journeys_road,21345.0,thousand journeys,roadnops,P7162 Land transport survey(202607).zip
ZAF,2009-01,shared,passenger_journeys_road,21803.0,thousand journeys,roadnops,P7162 Land transport survey(202607).zip
ZAF,2009-02,shared,passenger_journeys_road,26067.0,thousand journeys,roadnops,P7162 Land transport survey(202607).zip
ZAF,2009-03,shared,passenger_journeys_road,29514.0,thousand journeys,roadnops,P7162 Land transport survey(202607).zip
ZAF,2009-04,shared,passenger_journeys_road,24787.0,thousand journeys,roadnops,P7162 Land transport survey(202607).zip
ZAF,2009-05,shared,passenger_journeys_road,26709.0,thousand journeys,roadnops,P7162 Land transport survey(202607).zip
ZAF,2009-06,shared,passenger_journeys_road,25238.0,thousand journeys,roadnops,P7162 Land transport survey(202607).zip
ZAF,2009-07,shared,passenger_journeys_road,25186.0,thousand journeys,roadnops,P7162 Land transport survey(202607).zip
ZAF,2009-08,shared,passenger_journeys_road,24729.0,thousand journeys,roadnops,P7162 Land transport survey(202607).zip
ZAF,2009-09,shared,passenger_journeys_road,25773.0,thousand journeys,roadnops,P7162 Land transport survey(202607).zip
ZAF,2009-10,shared,passenger_journeys_road,26410.0,thousand journeys,roadnops,P7162 Land transport survey(202607).zip
ZAF,2009-11,shared,passenger_journeys_road,25136.0,thousand journeys,roadnops,P7162 Land transport survey(202607).zip
ZAF,2009-12,shared,passenger_journeys_road,21949.0,thousand journeys,roadnops,P7162 Land transport survey(202607).zip
ZAF,2010-01,shared,passenger_journeys_road,22833.0,thousand journeys,roadnops,P7162 Land transport survey(202607).zip
ZAF,2010-02,shared,passenger_journeys_road,25464.0,thousand journeys,roadnops,P7162 Land transport survey(202607).zip
ZAF,2010-03,shared,passenger_journeys_road,27717.0,thousand journeys,roadnops,P7162 Land transport survey(202607).zip
ZAF,2010-04,shared,passenger_journeys_road,23702.0,thousand journeys,roadnops,P7162 Land transport survey(202607).zip
ZAF,2010-05,shared,passenger_journeys_road,26607.0,thousand journeys,roadnops,P7162 Land transport survey(202607).zip
ZAF,2010-06,shared,passenger_journeys_road,25212.0,thousand journeys,roadnops,P7162 Land transport survey(202607).zip
ZAF,2010-07,shared,passenger_journeys_road,25847.0,thousand journeys,roadnops,P7162 Land transport survey(202607).zip
ZAF,2010-08,shared,passenger_journeys_road,25767.0,thousand journeys,roadnops,P7162 Land transport survey(202607).zip
ZAF,2010-09,shared,passenger_journeys_road,26161.0,thousand journeys,roadnops,P7162 Land transport survey(202607).zip
ZAF,2010-10,shared,passenger_journeys_road,26330.0,thousand journeys,roadnops,P7162 Land transport survey(202607).zip
ZAF,2010-11,shared,passenger_journeys_road,26093.0,thousand journeys,roadnops,P7162 Land transport survey(202607).zip
ZAF,2010-12,shared,passenger_journeys_road,21442.0,thousand journeys,roadnops,P7162 Land transport survey(202607).zip
ZAF,2011-01,shared,passenger_journeys_road,23161.0,thousand journeys,roadnops,P7162 Land transport survey(202607).zip
ZAF,2011-02,shared,passenger_journeys_road,26906.0,thousand journeys,roadnops,P7162 Land transport survey(202607).zip
ZAF,2011-03,shared,passenger_journeys_road,29478.0,thousand journeys,roadnops,P7162 Land transport survey(202607).zip
ZAF,2011-04,shared,passenger_journeys_road,23533.0,thousand journeys,roadnops,P7162 Land transport survey(202607).zip
ZAF,2011-05,shared,passenger_journeys_road,26651.0,thousand journeys,roadnops,P7162 Land transport survey(202607).zip
ZAF,2011-06,shared,passenger_journeys_road,26966.0,thousand journeys,roadnops,P7162 Land transport survey(202607).zip
ZAF,2011-07,shared,passenger_journeys_road,26047.0,thousand journeys,roadnops,P7162 Land transport survey(202607).zip
ZAF,2011-08,shared,passenger_journeys_road,26971.0,thousand journeys,roadnops,P7162 Land transport survey(202607).zip
ZAF,2011-09,shared,passenger_journeys_road,28472.0,thousand journeys,roadnops,P7162 Land transport survey(202607).zip
ZAF,2011-10,shared,passenger_journeys_road,26158.0,thousand journeys,roadnops,P7162 Land transport survey(202607).zip
ZAF,2011-11,shared,passenger_journeys_road,26958.0,thousand journeys,roadnops,P7162 Land transport survey(202607).zip
ZAF,2011-12,shared,passenger_journeys_road,23887.0,thousand journeys,roadnops,P7162 Land transport survey(202607).zip
ZAF,2012-01,shared,passenger_journeys_road,25428.0,thousand journeys,roadnops,P7162 Land transport survey(202607).zip
ZAF,2012-02,shared,passenger_journeys_road,27028.0,thousand journeys,roadnops,P7162 Land transport survey(202607).zip
ZAF,2012-03,shared,passenger_journeys_road,29318.0,thousand journeys,roadnops,P7162 Land transport survey(202607).zip
ZAF,2012-04,shared,passenger_journeys_road,25955.0,thousand journeys,roadnops,P7162 Land transport survey(202607).zip
ZAF,2012-05,shared,passenger_journeys_road,29520.0,thousand journeys,roadnops,P7162 Land transport survey(202607).zip
ZAF,2012-06,shared,passenger_journeys_road,28013.0,thousand journeys,roadnops,P7162 Land transport survey(202607).zip
ZAF,2012-07,shared,passenger_journeys_road,27693.0,thousand journeys,roadnops,P7162 Land transport survey(202607).zip
ZAF,2012-08,shared,passenger_journeys_road,28896.0,thousand journeys,roadnops,P7162 Land transport survey(202607).zip
ZAF,2012-09,shared,passenger_journeys_road,29825.0,thousand journeys,roadnops,P7162 Land transport survey(202607).zip
ZAF,2012-10,shared,passenger_journeys_road,29709.0,thousand journeys,roadnops,P7162 Land transport survey(202607).zip
ZAF,2012-11,shared,passenger_journeys_road,28866.0,thousand journeys,roadnops,P7162 Land transport survey(202607).zip
ZAF,2012-12,shared,passenger_journeys_road,24513.0,thousand journeys,roadnops,P7162 Land transport survey(202607).zip
ZAF,2013-01,shared,passenger_journeys_road,26403.0,thousand journeys,roadnops,P7162 Land transport survey(202607).zip
ZAF,2013-02,shared,passenger_journeys_road,28774.0,thousand journeys,roadnops,P7162 Land transport survey(202607).zip
ZAF,2013-03,shared,passenger_journeys_road,29711.0,thousand journeys,roadnops,P7162 Land transport survey(202607).zip
ZAF,2013-04,shared,passenger_journeys_road,22481.0,thousand journeys,roadnops,P7162 Land transport survey(202607).zip
ZAF,2013-05,shared,passenger_journeys_road,18668.0,thousand journeys,roadnops,P7162 Land transport survey(202607).zip
ZAF,2013-06,shared,passenger_journeys_road,26838.0,thousand journeys,roadnops,P7162 Land transport survey(202607).zip
ZAF,2013-07,shared,passenger_journeys_road,28118.0,thousand journeys,roadnops,P7162 Land transport survey(202607).zip
ZAF,2013-08,shared,passenger_journeys_road,29172.0,thousand journeys,roadnops,P7162 Land transport survey(202607).zip
ZAF,2013-09,shared,passenger_journeys_road,28281.0,thousand journeys,roadnops,P7162 Land transport survey(202607).zip
ZAF,2013-10,shared,passenger_journeys_road,31173.0,thousand journeys,roadnops,P7162 Land transport survey(202607).zip
ZAF,2013-11,shared,passenger_journeys_road,29598.0,thousand journeys,roadnops,P7162 Land transport survey(202607).zip
ZAF,2013-12,shared,passenger_journeys_road,23705.0,thousand journeys,roadnops,P7162 Land transport survey(202607).zip
ZAF,2014-01,shared,passenger_journeys_road,26869.0,thousand journeys,roadnops,P7162 Land transport survey(202607).zip
ZAF,2014-02,shared,passenger_journeys_road,28378.0,thousand journeys,roadnops,P7162 Land transport survey(202607).zip
ZAF,2014-03,shared,passenger_journeys_road,30405.0,thousand journeys,roadnops,P7162 Land transport survey(202607).zip
ZAF,2014-04,shared,passenger_journeys_road,27156.0,thousand journeys,roadnops,P7162 Land transport survey(202607).zip
ZAF,2014-05,shared,passenger_journeys_road,27421.0,thousand journeys,roadnops,P7162 Land transport survey(202607).zip
ZAF,2014-06,shared,passenger_journeys_road,29741.0,thousand journeys,roadnops,P7162 Land transport survey(202607).zip
ZAF,2014-07,shared,passenger_journeys_road,29348.0,thousand journeys,roadnops,P7162 Land transport survey(202607).zip
ZAF,2014-08,shared,passenger_journeys_road,30494.0,thousand journeys,roadnops,P7162 Land transport survey(202607).zip
ZAF,2014-09,shared,passenger_journeys_road,30788.0,thousand journeys,roadnops,P7162 Land transport survey(202607).zip
ZAF,2014-10,shared,passenger_journeys_road,31406.0,thousand journeys,roadnops,P7162 Land transport survey(202607).zip
ZAF,2014-11,shared,passenger_journeys_road,28964.0,thousand journeys,roadnops,P7162 Land transport survey(202607).zip
ZAF,2014-12,shared,passenger_journeys_road,25493.0,thousand journeys,roadnops,P7162 Land transport survey(202607).zip
ZAF,2015-01,shared,passenger_journeys_road,26964.0,thousand journeys,roadnops,P7162 Land transport survey(202607).zip
ZAF,2015-02,shared,passenger_journeys_road,30016.0,thousand journeys,roadnops,P7162 Land transport survey(202607).zip
ZAF,2015-03,shared,passenger_journeys_road,33700.0,thousand journeys,roadnops,P7162 Land transport survey(202607).zip
ZAF,2015-04,shared,passenger_journeys_road,27446.0,thousand journeys,roadnops,P7162 Land transport survey(202607).zip
ZAF,2015-05,shared,passenger_journeys_road,29125.0,thousand journeys,roadnops,P7162 Land transport survey(202607).zip
ZAF,2015-06,shared,passenger_journeys_road,29367.0,thousand journeys,roadnops,P7162 Land transport survey(202607).zip
ZAF,2015-07,shared,passenger_journeys_road,27997.0,thousand journeys,roadnops,P7162 Land transport survey(202607).zip
ZAF,2015-08,shared,passenger_journeys_road,29656.0,thousand journeys,roadnops,P7162 Land transport survey(202607).zip
ZAF,2015-09,shared,passenger_journeys_road,30143.0,thousand journeys,roadnops,P7162 Land transport survey(202607).zip
ZAF,2015-10,shared,passenger_journeys_road,27418.0,thousand journeys,roadnops,P7162 Land transport survey(202607).zip
ZAF,2015-11,shared,passenger_journeys_road,28517.0,thousand journeys,roadnops,P7162 Land transport survey(202607).zip
ZAF,2015-12,shared,passenger_journeys_road,22625.0,thousand journeys,roadnops,P7162 Land transport survey(202607).zip
ZAF,2016-01,shared,passenger_journeys_road,25228.0,thousand journeys,roadnops,P7162 Land transport survey(202607).zip
ZAF,2016-02,shared,passenger_journeys_road,28764.0,thousand journeys,roadnops,P7162 Land transport survey(202607).zip
ZAF,2016-03,shared,passenger_journeys_road,31459.0,thousand journeys,roadnops,P7162 Land transport survey(202607).zip
ZAF,2016-04,shared,passenger_journeys_road,25216.0,thousand journeys,roadnops,P7162 Land transport survey(202607).zip
ZAF,2016-05,shared,passenger_journeys_road,26953.0,thousand journeys,roadnops,P7162 Land transport survey(202607).zip
ZAF,2016-06,shared,passenger_journeys_road,26296.0,thousand journeys,roadnops,P7162 Land transport survey(202607).zip
ZAF,2016-07,shared,passenger_journeys_road,24530.0,thousand journeys,roadnops,P7162 Land transport survey(202607).zip
ZAF,2016-08,shared,passenger_journeys_road,25805.0,thousand journeys,roadnops,P7162 Land transport survey(202607).zip
ZAF,2016-09,shared,passenger_journeys_road,28204.0,thousand journeys,roadnops,P7162 Land transport survey(202607).zip
ZAF,2016-10,shared,passenger_journeys_road,25253.0,thousand journeys,roadnops,P7162 Land transport survey(202607).zip
ZAF,2016-11,shared,passenger_journeys_road,26210.0,thousand journeys,roadnops,P7162 Land transport survey(202607).zip
ZAF,2016-12,shared,passenger_journeys_road,23184.0,thousand journeys,roadnops,P7162 Land transport survey(202607).zip
ZAF,2017-01,shared,passenger_journeys_road,24201.0,thousand journeys,roadnops,P7162 Land transport survey(202607).zip
ZAF,2017-02,shared,passenger_journeys_road,26656.0,thousand journeys,roadnops,P7162 Land transport survey(202607).zip
ZAF,2017-03,shared,passenger_journeys_road,31158.0,thousand journeys,roadnops,P7162 Land transport survey(202607).zip
ZAF,2017-04,shared,passenger_journeys_road,23524.0,thousand journeys,roadnops,P7162 Land transport survey(202607).zip
ZAF,2017-05,shared,passenger_journeys_road,28013.0,thousand journeys,roadnops,P7162 Land transport survey(202607).zip
ZAF,2017-06,shared,passenger_journeys_road,27629.0,thousand journeys,roadnops,P7162 Land transport survey(202607).zip
ZAF,2017-07,shared,passenger_journeys_road,25946.0,thousand journeys,roadnops,P7162 Land transport survey(202607).zip
ZAF,2017-08,shared,passenger_journeys_road,31241.0,thousand journeys,roadnops,P7162 Land transport survey(202607).zip
ZAF,2017-09,shared,passenger_journeys_road,31869.0,thousand journeys,roadnops,P7162 Land transport survey(202607).zip
ZAF,2017-10,shared,passenger_journeys_road,29796.0,thousand journeys,roadnops,P7162 Land transport survey(202607).zip
ZAF,2017-11,shared,passenger_journeys_road,29827.0,thousand journeys,roadnops,P7162 Land transport survey(202607).zip
ZAF,2017-12,shared,passenger_journeys_road,26138.0,thousand journeys,roadnops,P7162 Land transport survey(202607).zip
ZAF,2018-01,shared,passenger_journeys_road,29994.0,thousand journeys,roadnops,P7162 Land transport survey(202607).zip
ZAF,2018-02,shared,passenger_journeys_road,29510.0,thousand journeys,roadnops,P7162 Land transport survey(202607).zip
ZAF,2018-03,shared,passenger_journeys_road,31445.0,thousand journeys,roadnops,P7162 Land transport survey(202607).zip
ZAF,2018-04,shared,passenger_journeys_road,21752.0,thousand journeys,roadnops,P7162 Land transport survey(202607).zip
ZAF,2018-05,shared,passenger_journeys_road,21584.0,thousand journeys,roadnops,P7162 Land transport survey(202607).zip
ZAF,2018-06,shared,passenger_journeys_road,26135.0,thousand journeys,roadnops,P7162 Land transport survey(202607).zip
ZAF,2018-07,shared,passenger_journeys_road,28469.0,thousand journeys,roadnops,P7162 Land transport survey(202607).zip
ZAF,2018-08,shared,passenger_journeys_road,29105.0,thousand journeys,roadnops,P7162 Land transport survey(202607).zip
ZAF,2018-09,shared,passenger_journeys_road,29247.0,thousand journeys,roadnops,P7162 Land transport survey(202607).zip
ZAF,2018-10,shared,passenger_journeys_road,29249.0,thousand journeys,roadnops,P7162 Land transport survey(202607).zip
ZAF,2018-11,shared,passenger_journeys_road,29393.0,thousand journeys,roadnops,P7162 Land transport survey(202607).zip
ZAF,2018-12,shared,passenger_journeys_road,24557.0,thousand journeys,roadnops,P7162 Land transport survey(202607).zip
ZAF,2019-01,shared,passenger_journeys_road,26325.0,thousand journeys,roadnops,P7162 Land transport survey(202607).zip
ZAF,2019-02,shared,passenger_journeys_road,25399.0,thousand journeys,roadnops,P7162 Land transport survey(202607).zip
ZAF,2019-03,shared,passenger_journeys_road,26521.0,thousand journeys,roadnops,P7162 Land transport survey(202607).zip
ZAF,2019-04,shared,passenger_journeys_road,26941.0,thousand journeys,roadnops,P7162 Land transport survey(202607).zip
ZAF,2019-05,shared,passenger_journeys_road,26797.0,thousand journeys,roadnops,P7162 Land transport survey(202607).zip
ZAF,2019-06,shared,passenger_journeys_road,22315.0,thousand journeys,roadnops,P7162 Land transport survey(202607).zip
ZAF,2019-07,shared,passenger_journeys_road,28004.0,thousand journeys,roadnops,P7162 Land transport survey(202607).zip
ZAF,2019-08,shared,passenger_journeys_road,27735.0,thousand journeys,roadnops,P7162 Land transport survey(202607).zip
ZAF,2019-09,shared,passenger_journeys_road,29376.0,thousand journeys,roadnops,P7162 Land transport survey(202607).zip
ZAF,2019-10,shared,passenger_journeys_road,29007.0,thousand journeys,roadnops,P7162 Land transport survey(202607).zip
ZAF,2019-11,shared,passenger_journeys_road,27099.0,thousand journeys,roadnops,P7162 Land transport survey(202607).zip
ZAF,2019-12,shared,passenger_journeys_road,23720.0,thousand journeys,roadnops,P7162 Land transport survey(202607).zip
ZAF,2020-01,shared,passenger_journeys_road,25997.0,thousand journeys,roadnops,P7162 Land transport survey(202607).zip
ZAF,2020-02,shared,passenger_journeys_road,26771.0,thousand journeys,roadnops,P7162 Land transport survey(202607).zip
ZAF,2020-03,shared,passenger_journeys_road,25074.0,thousand journeys,roadnops,P7162 Land transport survey(202607).zip
ZAF,2020-04,shared,passenger_journeys_road,7038.0,thousand journeys,roadnops,P7162 Land transport survey(202607).zip
ZAF,2020-05,shared,passenger_journeys_road,12165.0,thousand journeys,roadnops,P7162 Land transport survey(202607).zip
ZAF,2020-06,shared,passenger_journeys_road,14022.0,thousand journeys,roadnops,P7162 Land transport survey(202607).zip
ZAF,2020-07,shared,passenger_journeys_road,15996.0,thousand journeys,roadnops,P7162 Land transport survey(202607).zip
ZAF,2020-08,shared,passenger_journeys_road,16104.0,thousand journeys,roadnops,P7162 Land transport survey(202607).zip
ZAF,2020-09,shared,passenger_journeys_road,19451.0,thousand journeys,roadnops,P7162 Land transport survey(202607).zip
ZAF,2020-10,shared,passenger_journeys_road,18812.0,thousand journeys,roadnops,P7162 Land transport survey(202607).zip
ZAF,2020-11,shared,passenger_journeys_road,19278.0,thousand journeys,roadnops,P7162 Land transport survey(202607).zip
ZAF,2020-12,shared,passenger_journeys_road,18362.0,thousand journeys,roadnops,P7162 Land transport survey(202607).zip
ZAF,2021-01,shared,passenger_journeys_road,17661.0,thousand journeys,roadnops,P7162 Land transport survey(202607).zip
ZAF,2021-02,shared,passenger_journeys_road,17101.0,thousand journeys,roadnops,P7162 Land transport survey(202607).zip
ZAF,2021-03,shared,passenger_journeys_road,20897.0,thousand journeys,roadnops,P7162 Land transport survey(202607).zip
ZAF,2021-04,shared,passenger_journeys_road,18838.0,thousand journeys,roadnops,P7162 Land transport survey(202607).zip
ZAF,2021-05,shared,passenger_journeys_road,19891.0,thousand journeys,roadnops,P7162 Land transport survey(202607).zip
ZAF,2021-06,shared,passenger_journeys_road,19544.0,thousand journeys,roadnops,P7162 Land transport survey(202607).zip
ZAF,2021-07,shared,passenger_journeys_road,18821.0,thousand journeys,roadnops,P7162 Land transport survey(202607).zip
ZAF,2021-08,shared,passenger_journeys_road,19773.0,thousand journeys,roadnops,P7162 Land transport survey(202607).zip
ZAF,2021-09,shared,passenger_journeys_road,21692.0,thousand journeys,roadnops,P7162 Land transport survey(202607).zip
ZAF,2021-10,shared,passenger_journeys_road,18940.0,thousand journeys,roadnops,P7162 Land transport survey(202607).zip
ZAF,2021-11,shared,passenger_journeys_road,20458.0,thousand journeys,roadnops,P7162 Land transport survey(202607).zip
ZAF,2021-12,shared,passenger_journeys_road,18609.0,thousand journeys,roadnops,P7162 Land transport survey(202607).zip
ZAF,2022-01,shared,passenger_journeys_road,17402.0,thousand journeys,roadnops,P7162 Land transport survey(202607).zip
ZAF,2022-02,shared,passenger_journeys_road,20286.0,thousand journeys,roadnops,P7162 Land transport survey(202607).zip
ZAF,2022-03,shared,passenger_journeys_road,23406.0,thousand journeys,roadnops,P7162 Land transport survey(202607).zip
ZAF,2022-04,shared,passenger_journeys_road,19292.0,thousand journeys,roadnops,P7162 Land transport survey(202607).zip
ZAF,2022-05,shared,passenger_journeys_road,20741.0,thousand journeys,roadnops,P7162 Land transport survey(202607).zip
ZAF,2022-06,shared,passenger_journeys_road,21436.0,thousand journeys,roadnops,P7162 Land transport survey(202607).zip
ZAF,2022-07,shared,passenger_journeys_road,20443.0,thousand journeys,roadnops,P7162 Land transport survey(202607).zip
ZAF,2022-08,shared,passenger_journeys_road,22236.0,thousand journeys,roadnops,P7162 Land transport survey(202607).zip
ZAF,2022-09,shared,passenger_journeys_road,23536.0,thousand journeys,roadnops,P7162 Land transport survey(202607).zip
ZAF,2022-10,shared,passenger_journeys_road,22099.0,thousand journeys,roadnops,P7162 Land transport survey(202607).zip
ZAF,2022-11,shared,passenger_journeys_road,23793.0,thousand journeys,roadnops,P7162 Land transport survey(202607).zip
ZAF,2022-12,shared,passenger_journeys_road,20806.0,thousand journeys,roadnops,P7162 Land transport survey(202607).zip
ZAF,2023-01,shared,passenger_journeys_road,19827.0,thousand journeys,roadnops,P7162 Land transport survey(202607).zip
ZAF,2023-02,shared,passenger_journeys_road,21881.0,thousand journeys,roadnops,P7162 Land transport survey(202607).zip
ZAF,2023-03,shared,passenger_journeys_road,25524.0,thousand journeys,roadnops,P7162 Land transport survey(202607).zip
ZAF,2023-04,shared,passenger_journeys_road,18702.0,thousand journeys,roadnops,P7162 Land transport survey(202607).zip
ZAF,2023-05,shared,passenger_journeys_road,22487.0,thousand journeys,roadnops,P7162 Land transport survey(202607).zip
ZAF,2023-06,shared,passenger_journeys_road,22685.0,thousand journeys,roadnops,P7162 Land transport survey(202607).zip
ZAF,2023-07,shared,passenger_journeys_road,22417.0,thousand journeys,roadnops,P7162 Land transport survey(202607).zip
ZAF,2023-08,shared,passenger_journeys_road,22906.0,thousand journeys,roadnops,P7162 Land transport survey(202607).zip
ZAF,2023-09,shared,passenger_journeys_road,26926.0,thousand journeys,roadnops,P7162 Land transport survey(202607).zip
ZAF,2023-10,shared,passenger_journeys_road,24947.0,thousand journeys,roadnops,P7162 Land transport survey(202607).zip
ZAF,2023-11,shared,passenger_journeys_road,25411.0,thousand journeys,roadnops,P7162 Land transport survey(202607).zip
ZAF,2023-12,shared,passenger_journeys_road,21681.0,thousand journeys,roadnops,P7162 Land transport survey(202607).zip
ZAF,2024-01,shared,passenger_journeys_road,22952.0,thousand journeys,roadnops,P7162 Land transport survey(202607).zip
ZAF,2024-02,shared,passenger_journeys_road,23813.0,thousand journeys,roadnops,P7162 Land transport survey(202607).zip
ZAF,2024-03,shared,passenger_journeys_road,25149.0,thousand journeys,roadnops,P7162 Land transport survey(202607).zip
ZAF,2024-04,shared,passenger_journeys_road,22633.0,thousand journeys,roadnops,P7162 Land transport survey(202607).zip
ZAF,2024-05,shared,passenger_journeys_road,21998.0,thousand journeys,roadnops,P7162 Land transport survey(202607).zip
ZAF,2024-06,shared,passenger_journeys_road,21963.0,thousand journeys,roadnops,P7162 Land transport survey(202607).zip
ZAF,2024-07,shared,passenger_journeys_road,22317.0,thousand journeys,roadnops,P7162 Land transport survey(202607).zip
ZAF,2024-08,shared,passenger_journeys_road,22204.0,thousand journeys,roadnops,P7162 Land transport survey(202607).zip
ZAF,2024-09,shared,passenger_journeys_road,24310.0,thousand journeys,roadnops,P7162 Land transport survey(202607).zip
ZAF,2024-10,shared,passenger_journeys_road,24390.0,thousand journeys,roadnops,P7162 Land transport survey(202607).zip
ZAF,2024-11,shared,passenger_journeys_road,22166.0,thousand journeys,roadnops,P7162 Land transport survey(202607).zip
ZAF,2024-12,shared,passenger_journeys_road,20464.0,thousand journeys,roadnops,P7162 Land transport survey(202607).zip
ZAF,2025-01,shared,passenger_journeys_road,24091.0,thousand journeys,roadnops,P7162 Land transport survey(202607).zip
ZAF,2025-02,shared,passenger_journeys_road,23103.0,thousand journeys,roadnops,P7162 Land transport survey(202607).zip
ZAF,2025-03,shared,passenger_journeys_road,25748.0,thousand journeys,roadnops,P7162 Land transport survey(202607).zip
ZAF,2025-04,shared,passenger_journeys_road,21666.0,thousand journeys,roadnops,P7162 Land transport survey(202607).zip
ZAF,2025-05,shared,passenger_journeys_road,23126.0,thousand journeys,roadnops,P7162 Land transport survey(202607).zip
ZAF,2025-06,shared,passenger_journeys_road,22991.0,thousand journeys,roadnops,P7162 Land transport survey(202607).zip
ZAF,2025-07,shared,passenger_journeys_road,23276.0,thousand journeys,roadnops,P7162 Land transport survey(202607).zip
ZAF,2025-08,shared,passenger_journeys_road,22954.0,thousand journeys,roadnops,P7162 Land transport survey(202607).zip
ZAF,2025-09,shared,passenger_journeys_road,24771.0,thousand journeys,roadnops,P7162 Land transport survey(202607).zip
ZAF,2025-10,shared,passenger_journeys_road,23665.0,thousand journeys,roadnops,P7162 Land transport survey(202607).zip
ZAF,2025-11,shared,passenger_journeys_road,22117.0,thousand journeys,roadnops,P7162 Land transport survey(202607).zip
ZAF,2025-12,shared,passenger_journeys_road,20068.0,thousand journeys,roadnops,P7162 Land transport survey(202607).zip
ZAF,2026-01,shared,passenger_journeys_road,21768.0,thousand journeys,roadnops,P7162 Land transport survey(202607).zip
ZAF,2026-02,shared,passenger_journeys_road,22240.0,thousand journeys,roadnops,P7162 Land transport survey(202607).zip
ZAF,2026-03,shared,passenger_journeys_road,25215.0,thousand journeys,roadnops,P7162 Land transport survey(202607).zip
ZAF,2026-04,shared,passenger_journeys_road,21355.0,thousand journeys,roadnops,P7162 Land transport survey(202607).zip
ZAF,2026-05,shared,passenger_journeys_road,22349.0,thousand journeys,roadnops,P7162 Land transport survey(202607).zip
ZAF,2026-06,shared,passenger_journeys_road,23245.0,thousand journeys,roadnops,P7162 Land transport survey(202607).zip
ZAF,2026-07,shared,passenger_journeys_road,23533.0,thousand journeys,roadnops,P7162 Land transport survey(202607).zip
ZAF,2008-01,shared,consumer_price_index_headline,41.8,"index, December 2024=100",CPI60001,P0141 - CPI(COICOP) from Jan 2008 (202608).zip
ZAF,2008-02,shared,consumer_price_index_headline,41.9,"index, December 2024=100",CPI60001,P0141 - CPI(COICOP) from Jan 2008 (202608).zip
ZAF,2008-03,shared,consumer_price_index_headline,42.5,"index, December 2024=100",CPI60001,P0141 - CPI(COICOP) from Jan 2008 (202608).zip
ZAF,2008-04,shared,consumer_price_index_headline,42.8,"index, December 2024=100",CPI60001,P0141 - CPI(COICOP) from Jan 2008 (202608).zip
ZAF,2008-05,shared,consumer_price_index_headline,43.1,"index, December 2024=100",CPI60001,P0141 - CPI(COICOP) from Jan 2008 (202608).zip
ZAF,2008-06,shared,consumer_price_index_headline,43.7,"index, December 2024=100",CPI60001,P0141 - CPI(COICOP) from Jan 2008 (202608).zip
ZAF,2008-07,shared,consumer_price_index_headline,44.4,"index, December 2024=100",CPI60001,P0141 - CPI(COICOP) from Jan 2008 (202608).zip
ZAF,2008-08,shared,consumer_price_index_headline,44.7,"index, December 2024=100",CPI60001,P0141 - CPI(COICOP) from Jan 2008 (202608).zip
ZAF,2008-09,shared,consumer_price_index_headline,44.9,"index, December 2024=100",CPI60001,P0141 - CPI(COICOP) from Jan 2008 (202608).zip
ZAF,2008-10,shared,consumer_price_index_headline,45.1,"index, December 2024=100",CPI60001,P0141 - CPI(COICOP) from Jan 2008 (202608).zip
ZAF,2008-11,shared,consumer_price_index_headline,45.1,"index, December 2024=100",CPI60001,P0141 - CPI(COICOP) from Jan 2008 (202608).zip
ZAF,2008-12,shared,consumer_price_index_headline,45.0,"index, December 2024=100",CPI60001,P0141 - CPI(COICOP) from Jan 2008 (202608).zip
ZAF,2009-01,shared,consumer_price_index_headline,45.3,"index, December 2024=100",CPI60001,P0141 - CPI(COICOP) from Jan 2008 (202608).zip
ZAF,2009-02,shared,consumer_price_index_headline,45.7,"index, December 2024=100",CPI60001,P0141 - CPI(COICOP) from Jan 2008 (202608).zip
ZAF,2009-03,shared,consumer_price_index_headline,46.4,"index, December 2024=100",CPI60001,P0141 - CPI(COICOP) from Jan 2008 (202608).zip
ZAF,2009-04,shared,consumer_price_index_headline,46.6,"index, December 2024=100",CPI60001,P0141 - CPI(COICOP) from Jan 2008 (202608).zip
ZAF,2009-05,shared,consumer_price_index_headline,46.7,"index, December 2024=100",CPI60001,P0141 - CPI(COICOP) from Jan 2008 (202608).zip
ZAF,2009-06,shared,consumer_price_index_headline,46.9,"index, December 2024=100",CPI60001,P0141 - CPI(COICOP) from Jan 2008 (202608).zip
ZAF,2009-07,shared,consumer_price_index_headline,47.3,"index, December 2024=100",CPI60001,P0141 - CPI(COICOP) from Jan 2008 (202608).zip
ZAF,2009-08,shared,consumer_price_index_headline,47.5,"index, December 2024=100",CPI60001,P0141 - CPI(COICOP) from Jan 2008 (202608).zip
ZAF,2009-09,shared,consumer_price_index_headline,47.6,"index, December 2024=100",CPI60001,P0141 - CPI(COICOP) from Jan 2008 (202608).zip
ZAF,2009-10,shared,consumer_price_index_headline,47.6,"index, December 2024=100",CPI60001,P0141 - CPI(COICOP) from Jan 2008 (202608).zip
ZAF,2009-11,shared,consumer_price_index_headline,47.6,"index, December 2024=100",CPI60001,P0141 - CPI(COICOP) from Jan 2008 (202608).zip
ZAF,2009-12,shared,consumer_price_index_headline,47.8,"index, December 2024=100",CPI60001,P0141 - CPI(COICOP) from Jan 2008 (202608).zip
ZAF,2010-01,shared,consumer_price_index_headline,47.9,"index, December 2024=100",CPI60001,P0141 - CPI(COICOP) from Jan 2008 (202608).zip
ZAF,2010-02,shared,consumer_price_index_headline,48.2,"index, December 2024=100",CPI60001,P0141 - CPI(COICOP) from Jan 2008 (202608).zip
ZAF,2010-03,shared,consumer_price_index_headline,48.6,"index, December 2024=100",CPI60001,P0141 - CPI(COICOP) from Jan 2008 (202608).zip
ZAF,2010-04,shared,consumer_price_index_headline,48.6,"index, December 2024=100",CPI60001,P0141 - CPI(COICOP) from Jan 2008 (202608).zip
ZAF,2010-05,shared,consumer_price_index_headline,48.7,"index, December 2024=100",CPI60001,P0141 - CPI(COICOP) from Jan 2008 (202608).zip
ZAF,2010-06,shared,consumer_price_index_headline,48.7,"index, December 2024=100",CPI60001,P0141 - CPI(COICOP) from Jan 2008 (202608).zip
ZAF,2010-07,shared,consumer_price_index_headline,49.1,"index, December 2024=100",CPI60001,P0141 - CPI(COICOP) from Jan 2008 (202608).zip
ZAF,2010-08,shared,consumer_price_index_headline,49.1,"index, December 2024=100",CPI60001,P0141 - CPI(COICOP) from Jan 2008 (202608).zip
ZAF,2010-09,shared,consumer_price_index_headline,49.1,"index, December 2024=100",CPI60001,P0141 - CPI(COICOP) from Jan 2008 (202608).zip
ZAF,2010-10,shared,consumer_price_index_headline,49.2,"index, December 2024=100",CPI60001,P0141 - CPI(COICOP) from Jan 2008 (202608).zip
ZAF,2010-11,shared,consumer_price_index_headline,49.3,"index, December 2024=100",CPI60001,P0141 - CPI(COICOP) from Jan 2008 (202608).zip
ZAF,2010-12,shared,consumer_price_index_headline,49.4,"index, December 2024=100",CPI60001,P0141 - CPI(COICOP) from Jan 2008 (202608).zip
ZAF,2011-01,shared,consumer_price_index_headline,49.7,"index, December 2024=100",CPI60001,P0141 - CPI(COICOP) from Jan 2008 (202608).zip
ZAF,2011-02,shared,consumer_price_index_headline,49.9,"index, December 2024=100",CPI60001,P0141 - CPI(COICOP) from Jan 2008 (202608).zip
ZAF,2011-03,shared,consumer_price_index_headline,50.5,"index, December 2024=100",CPI60001,P0141 - CPI(COICOP) from Jan 2008 (202608).zip
ZAF,2011-04,shared,consumer_price_index_headline,50.7,"index, December 2024=100",CPI60001,P0141 - CPI(COICOP) from Jan 2008 (202608).zip
ZAF,2011-05,shared,consumer_price_index_headline,50.9,"index, December 2024=100",CPI60001,P0141 - CPI(COICOP) from Jan 2008 (202608).zip
ZAF,2011-06,shared,consumer_price_index_headline,51.2,"index, December 2024=100",CPI60001,P0141 - CPI(COICOP) from Jan 2008 (202608).zip
ZAF,2011-07,shared,consumer_price_index_headline,51.6,"index, December 2024=100",CPI60001,P0141 - CPI(COICOP) from Jan 2008 (202608).zip
ZAF,2011-08,shared,consumer_price_index_headline,51.6,"index, December 2024=100",CPI60001,P0141 - CPI(COICOP) from Jan 2008 (202608).zip
ZAF,2011-09,shared,consumer_price_index_headline,52.0,"index, December 2024=100",CPI60001,P0141 - CPI(COICOP) from Jan 2008 (202608).zip
ZAF,2011-10,shared,consumer_price_index_headline,52.3,"index, December 2024=100",CPI60001,P0141 - CPI(COICOP) from Jan 2008 (202608).zip
ZAF,2011-11,shared,consumer_price_index_headline,52.3,"index, December 2024=100",CPI60001,P0141 - CPI(COICOP) from Jan 2008 (202608).zip
ZAF,2011-12,shared,consumer_price_index_headline,52.5,"index, December 2024=100",CPI60001,P0141 - CPI(COICOP) from Jan 2008 (202608).zip
ZAF,2012-01,shared,consumer_price_index_headline,52.7,"index, December 2024=100",CPI60001,P0141 - CPI(COICOP) from Jan 2008 (202608).zip
ZAF,2012-02,shared,consumer_price_index_headline,53.0,"index, December 2024=100",CPI60001,P0141 - CPI(COICOP) from Jan 2008 (202608).zip
ZAF,2012-03,shared,consumer_price_index_headline,53.6,"index, December 2024=100",CPI60001,P0141 - CPI(COICOP) from Jan 2008 (202608).zip
ZAF,2012-04,shared,consumer_price_index_headline,53.9,"index, December 2024=100",CPI60001,P0141 - CPI(COICOP) from Jan 2008 (202608).zip
ZAF,2012-05,shared,consumer_price_index_headline,53.9,"index, December 2024=100",CPI60001,P0141 - CPI(COICOP) from Jan 2008 (202608).zip
ZAF,2012-06,shared,consumer_price_index_headline,54.1,"index, December 2024=100",CPI60001,P0141 - CPI(COICOP) from Jan 2008 (202608).zip
ZAF,2012-07,shared,consumer_price_index_headline,54.1,"index, December 2024=100",CPI60001,P0141 - CPI(COICOP) from Jan 2008 (202608).zip
ZAF,2012-08,shared,consumer_price_index_headline,54.4,"index, December 2024=100",CPI60001,P0141 - CPI(COICOP) from Jan 2008 (202608).zip
ZAF,2012-09,shared,consumer_price_index_headline,54.8,"index, December 2024=100",CPI60001,P0141 - CPI(COICOP) from Jan 2008 (202608).zip
ZAF,2012-10,shared,consumer_price_index_headline,55.2,"index, December 2024=100",CPI60001,P0141 - CPI(COICOP) from Jan 2008 (202608).zip
ZAF,2012-11,shared,consumer_price_index_headline,55.3,"index, December 2024=100",CPI60001,P0141 - CPI(COICOP) from Jan 2008 (202608).zip
ZAF,2012-12,shared,consumer_price_index_headline,55.5,"index, December 2024=100",CPI60001,P0141 - CPI(COICOP) from Jan 2008 (202608).zip
ZAF,2013-01,shared,consumer_price_index_headline,55.7,"index, December 2024=100",CPI60001,P0141 - CPI(COICOP) from Jan 2008 (202608).zip
ZAF,2013-02,shared,consumer_price_index_headline,56.2,"index, December 2024=100",CPI60001,P0141 - CPI(COICOP) from Jan 2008 (202608).zip
ZAF,2013-03,shared,consumer_price_index_headline,56.9,"index, December 2024=100",CPI60001,P0141 - CPI(COICOP) from Jan 2008 (202608).zip
ZAF,2013-04,shared,consumer_price_index_headline,57.0,"index, December 2024=100",CPI60001,P0141 - CPI(COICOP) from Jan 2008 (202608).zip
ZAF,2013-05,shared,consumer_price_index_headline,56.9,"index, December 2024=100",CPI60001,P0141 - CPI(COICOP) from Jan 2008 (202608).zip
ZAF,2013-06,shared,consumer_price_index_headline,57.0,"index, December 2024=100",CPI60001,P0141 - CPI(COICOP) from Jan 2008 (202608).zip
ZAF,2013-07,shared,consumer_price_index_headline,57.6,"index, December 2024=100",CPI60001,P0141 - CPI(COICOP) from Jan 2008 (202608).zip
ZAF,2013-08,shared,consumer_price_index_headline,57.8,"index, December 2024=100",CPI60001,P0141 - CPI(COICOP) from Jan 2008 (202608).zip
ZAF,2013-09,shared,consumer_price_index_headline,58.1,"index, December 2024=100",CPI60001,P0141 - CPI(COICOP) from Jan 2008 (202608).zip
ZAF,2013-10,shared,consumer_price_index_headline,58.2,"index, December 2024=100",CPI60001,P0141 - CPI(COICOP) from Jan 2008 (202608).zip
ZAF,2013-11,shared,consumer_price_index_headline,58.3,"index, December 2024=100",CPI60001,P0141 - CPI(COICOP) from Jan 2008 (202608).zip
ZAF,2013-12,shared,consumer_price_index_headline,58.4,"index, December 2024=100",CPI60001,P0141 - CPI(COICOP) from Jan 2008 (202608).zip
ZAF,2014-01,shared,consumer_price_index_headline,58.8,"index, December 2024=100",CPI60001,P0141 - CPI(COICOP) from Jan 2008 (202608).zip
ZAF,2014-02,shared,consumer_price_index_headline,59.5,"index, December 2024=100",CPI60001,P0141 - CPI(COICOP) from Jan 2008 (202608).zip
ZAF,2014-03,shared,consumer_price_index_headline,60.2,"index, December 2024=100",CPI60001,P0141 - CPI(COICOP) from Jan 2008 (202608).zip
ZAF,2014-04,shared,consumer_price_index_headline,60.6,"index, December 2024=100",CPI60001,P0141 - CPI(COICOP) from Jan 2008 (202608).zip
ZAF,2014-05,shared,consumer_price_index_headline,60.7,"index, December 2024=100",CPI60001,P0141 - CPI(COICOP) from Jan 2008 (202608).zip
ZAF,2014-06,shared,consumer_price_index_headline,60.9,"index, December 2024=100",CPI60001,P0141 - CPI(COICOP) from Jan 2008 (202608).zip
ZAF,2014-07,shared,consumer_price_index_headline,61.4,"index, December 2024=100",CPI60001,P0141 - CPI(COICOP) from Jan 2008 (202608).zip
ZAF,2014-08,shared,consumer_price_index_headline,61.6,"index, December 2024=100",CPI60001,P0141 - CPI(COICOP) from Jan 2008 (202608).zip
ZAF,2014-09,shared,consumer_price_index_headline,61.6,"index, December 2024=100",CPI60001,P0141 - CPI(COICOP) from Jan 2008 (202608).zip
ZAF,2014-10,shared,consumer_price_index_headline,61.7,"index, December 2024=100",CPI60001,P0141 - CPI(COICOP) from Jan 2008 (202608).zip
ZAF,2014-11,shared,consumer_price_index_headline,61.7,"index, December 2024=100",CPI60001,P0141 - CPI(COICOP) from Jan 2008 (202608).zip
ZAF,2014-12,shared,consumer_price_index_headline,61.6,"index, December 2024=100",CPI60001,P0141 - CPI(COICOP) from Jan 2008 (202608).zip
ZAF,2015-01,shared,consumer_price_index_headline,61.5,"index, December 2024=100",CPI60001,P0141 - CPI(COICOP) from Jan 2008 (202608).zip
ZAF,2015-02,shared,consumer_price_index_headline,61.9,"index, December 2024=100",CPI60001,P0141 - CPI(COICOP) from Jan 2008 (202608).zip
ZAF,2015-03,shared,consumer_price_index_headline,62.7,"index, December 2024=100",CPI60001,P0141 - CPI(COICOP) from Jan 2008 (202608).zip
ZAF,2015-04,shared,consumer_price_index_headline,63.3,"index, December 2024=100",CPI60001,P0141 - CPI(COICOP) from Jan 2008 (202608).zip
ZAF,2015-05,shared,consumer_price_index_headline,63.4,"index, December 2024=100",CPI60001,P0141 - CPI(COICOP) from Jan 2008 (202608).zip
ZAF,2015-06,shared,consumer_price_index_headline,63.7,"index, December 2024=100",CPI60001,P0141 - CPI(COICOP) from Jan 2008 (202608).zip
ZAF,2015-07,shared,consumer_price_index_headline,64.3,"index, December 2024=100",CPI60001,P0141 - CPI(COICOP) from Jan 2008 (202608).zip
ZAF,2015-08,shared,consumer_price_index_headline,64.3,"index, December 2024=100",CPI60001,P0141 - CPI(COICOP) from Jan 2008 (202608).zip
ZAF,2015-09,shared,consumer_price_index_headline,64.3,"index, December 2024=100",CPI60001,P0141 - CPI(COICOP) from Jan 2008 (202608).zip
ZAF,2015-10,shared,consumer_price_index_headline,64.5,"index, December 2024=100",CPI60001,P0141 - CPI(COICOP) from Jan 2008 (202608).zip
ZAF,2015-11,shared,consumer_price_index_headline,64.6,"index, December 2024=100",CPI60001,P0141 - CPI(COICOP) from Jan 2008 (202608).zip
ZAF,2015-12,shared,consumer_price_index_headline,64.8,"index, December 2024=100",CPI60001,P0141 - CPI(COICOP) from Jan 2008 (202608).zip
ZAF,2016-01,shared,consumer_price_index_headline,65.3,"index, December 2024=100",CPI60001,P0141 - CPI(COICOP) from Jan 2008 (202608).zip
ZAF,2016-02,shared,consumer_price_index_headline,66.2,"index, December 2024=100",CPI60001,P0141 - CPI(COICOP) from Jan 2008 (202608).zip
ZAF,2016-03,shared,consumer_price_index_headline,66.8,"index, December 2024=100",CPI60001,P0141 - CPI(COICOP) from Jan 2008 (202608).zip
ZAF,2016-04,shared,consumer_price_index_headline,67.4,"index, December 2024=100",CPI60001,P0141 - CPI(COICOP) from Jan 2008 (202608).zip
ZAF,2016-05,shared,consumer_price_index_headline,67.5,"index, December 2024=100",CPI60001,P0141 - CPI(COICOP) from Jan 2008 (202608).zip
ZAF,2016-06,shared,consumer_price_index_headline,67.9,"index, December 2024=100",CPI60001,P0141 - CPI(COICOP) from Jan 2008 (202608).zip
ZAF,2016-07,shared,consumer_price_index_headline,68.5,"index, December 2024=100",CPI60001,P0141 - CPI(COICOP) from Jan 2008 (202608).zip
ZAF,2016-08,shared,consumer_price_index_headline,68.4,"index, December 2024=100",CPI60001,P0141 - CPI(COICOP) from Jan 2008 (202608).zip
ZAF,2016-09,shared,consumer_price_index_headline,68.5,"index, December 2024=100",CPI60001,P0141 - CPI(COICOP) from Jan 2008 (202608).zip
ZAF,2016-10,shared,consumer_price_index_headline,68.8,"index, December 2024=100",CPI60001,P0141 - CPI(COICOP) from Jan 2008 (202608).zip
ZAF,2016-11,shared,consumer_price_index_headline,69.1,"index, December 2024=100",CPI60001,P0141 - CPI(COICOP) from Jan 2008 (202608).zip
ZAF,2016-12,shared,consumer_price_index_headline,69.3,"index, December 2024=100",CPI60001,P0141 - CPI(COICOP) from Jan 2008 (202608).zip
ZAF,2017-01,shared,consumer_price_index_headline,69.8,"index, December 2024=100",CPI60001,P0141 - CPI(COICOP) from Jan 2008 (202608).zip
ZAF,2017-02,shared,consumer_price_index_headline,70.5,"index, December 2024=100",CPI60001,P0141 - CPI(COICOP) from Jan 2008 (202608).zip
ZAF,2017-03,shared,consumer_price_index_headline,70.9,"index, December 2024=100",CPI60001,P0141 - CPI(COICOP) from Jan 2008 (202608).zip
ZAF,2017-04,shared,consumer_price_index_headline,71.0,"index, December 2024=100",CPI60001,P0141 - CPI(COICOP) from Jan 2008 (202608).zip
ZAF,2017-05,shared,consumer_price_index_headline,71.1,"index, December 2024=100",CPI60001,P0141 - CPI(COICOP) from Jan 2008 (202608).zip
ZAF,2017-06,shared,consumer_price_index_headline,71.3,"index, December 2024=100",CPI60001,P0141 - CPI(COICOP) from Jan 2008 (202608).zip
ZAF,2017-07,shared,consumer_price_index_headline,71.4,"index, December 2024=100",CPI60001,P0141 - CPI(COICOP) from Jan 2008 (202608).zip
ZAF,2017-08,shared,consumer_price_index_headline,71.5,"index, December 2024=100",CPI60001,P0141 - CPI(COICOP) from Jan 2008 (202608).zip
ZAF,2017-09,shared,consumer_price_index_headline,71.8,"index, December 2024=100",CPI60001,P0141 - CPI(COICOP) from Jan 2008 (202608).zip
ZAF,2017-10,shared,consumer_price_index_headline,72.1,"index, December 2024=100",CPI60001,P0141 - CPI(COICOP) from Jan 2008 (202608).zip
ZAF,2017-11,shared,consumer_price_index_headline,72.1,"index, December 2024=100",CPI60001,P0141 - CPI(COICOP) from Jan 2008 (202608).zip
ZAF,2017-12,shared,consumer_price_index_headline,72.4,"index, December 2024=100",CPI60001,P0141 - CPI(COICOP) from Jan 2008 (202608).zip
ZAF,2018-01,shared,consumer_price_index_headline,72.8,"index, December 2024=100",CPI60001,P0141 - CPI(COICOP) from Jan 2008 (202608).zip
ZAF,2018-02,shared,consumer_price_index_headline,73.2,"index, December 2024=100",CPI60001,P0141 - CPI(COICOP) from Jan 2008 (202608).zip
ZAF,2018-03,shared,consumer_price_index_headline,73.5,"index, December 2024=100",CPI60001,P0141 - CPI(COICOP) from Jan 2008 (202608).zip
ZAF,2018-04,shared,consumer_price_index_headline,74.0,"index, December 2024=100",CPI60001,P0141 - CPI(COICOP) from Jan 2008 (202608).zip
ZAF,2018-05,shared,consumer_price_index_headline,74.2,"index, December 2024=100",CPI60001,P0141 - CPI(COICOP) from Jan 2008 (202608).zip
ZAF,2018-06,shared,consumer_price_index_headline,74.4,"index, December 2024=100",CPI60001,P0141 - CPI(COICOP) from Jan 2008 (202608).zip
ZAF,2018-07,shared,consumer_price_index_headline,75.0,"index, December 2024=100",CPI60001,P0141 - CPI(COICOP) from Jan 2008 (202608).zip
ZAF,2018-08,shared,consumer_price_index_headline,74.9,"index, December 2024=100",CPI60001,P0141 - CPI(COICOP) from Jan 2008 (202608).zip
ZAF,2018-09,shared,consumer_price_index_headline,75.3,"index, December 2024=100",CPI60001,P0141 - CPI(COICOP) from Jan 2008 (202608).zip
ZAF,2018-10,shared,consumer_price_index_headline,75.7,"index, December 2024=100",CPI60001,P0141 - CPI(COICOP) from Jan 2008 (202608).zip
ZAF,2018-11,shared,consumer_price_index_headline,75.8,"index, December 2024=100",CPI60001,P0141 - CPI(COICOP) from Jan 2008 (202608).zip
ZAF,2018-12,shared,consumer_price_index_headline,75.7,"index, December 2024=100",CPI60001,P0141 - CPI(COICOP) from Jan 2008 (202608).zip
ZAF,2019-01,shared,consumer_price_index_headline,75.6,"index, December 2024=100",CPI60001,P0141 - CPI(COICOP) from Jan 2008 (202608).zip
ZAF,2019-02,shared,consumer_price_index_headline,76.2,"index, December 2024=100",CPI60001,P0141 - CPI(COICOP) from Jan 2008 (202608).zip
ZAF,2019-03,shared,consumer_price_index_headline,76.8,"index, December 2024=100",CPI60001,P0141 - CPI(COICOP) from Jan 2008 (202608).zip
ZAF,2019-04,shared,consumer_price_index_headline,77.2,"index, December 2024=100",CPI60001,P0141 - CPI(COICOP) from Jan 2008 (202608).zip
ZAF,2019-05,shared,consumer_price_index_headline,77.5,"index, December 2024=100",CPI60001,P0141 - CPI(COICOP) from Jan 2008 (202608).zip
ZAF,2019-06,shared,consumer_price_index_headline,77.7,"index, December 2024=100",CPI60001,P0141 - CPI(COICOP) from Jan 2008 (202608).zip
ZAF,2019-07,shared,consumer_price_index_headline,78.0,"index, December 2024=100",CPI60001,P0141 - CPI(COICOP) from Jan 2008 (202608).zip
ZAF,2019-08,shared,consumer_price_index_headline,78.2,"index, December 2024=100",CPI60001,P0141 - CPI(COICOP) from Jan 2008 (202608).zip
ZAF,2019-09,shared,consumer_price_index_headline,78.4,"index, December 2024=100",CPI60001,P0141 - CPI(COICOP) from Jan 2008 (202608).zip
ZAF,2019-10,shared,consumer_price_index_headline,78.4,"index, December 2024=100",CPI60001,P0141 - CPI(COICOP) from Jan 2008 (202608).zip
ZAF,2019-11,shared,consumer_price_index_headline,78.5,"index, December 2024=100",CPI60001,P0141 - CPI(COICOP) from Jan 2008 (202608).zip
ZAF,2019-12,shared,consumer_price_index_headline,78.7,"index, December 2024=100",CPI60001,P0141 - CPI(COICOP) from Jan 2008 (202608).zip
ZAF,2020-01,shared,consumer_price_index_headline,78.9,"index, December 2024=100",CPI60001,P0141 - CPI(COICOP) from Jan 2008 (202608).zip
ZAF,2020-02,shared,consumer_price_index_headline,79.6,"index, December 2024=100",CPI60001,P0141 - CPI(COICOP) from Jan 2008 (202608).zip
ZAF,2020-03,shared,consumer_price_index_headline,80.0,"index, December 2024=100",CPI60001,P0141 - CPI(COICOP) from Jan 2008 (202608).zip
ZAF,2020-04,shared,consumer_price_index_headline,79.5,"index, December 2024=100",CPI60001,P0141 - CPI(COICOP) from Jan 2008 (202608).zip
ZAF,2020-05,shared,consumer_price_index_headline,79.0,"index, December 2024=100",CPI60001,P0141 - CPI(COICOP) from Jan 2008 (202608).zip
ZAF,2020-06,shared,consumer_price_index_headline,79.4,"index, December 2024=100",CPI60001,P0141 - CPI(COICOP) from Jan 2008 (202608).zip
ZAF,2020-07,shared,consumer_price_index_headline,80.5,"index, December 2024=100",CPI60001,P0141 - CPI(COICOP) from Jan 2008 (202608).zip
ZAF,2020-08,shared,consumer_price_index_headline,80.6,"index, December 2024=100",CPI60001,P0141 - CPI(COICOP) from Jan 2008 (202608).zip
ZAF,2020-09,shared,consumer_price_index_headline,80.7,"index, December 2024=100",CPI60001,P0141 - CPI(COICOP) from Jan 2008 (202608).zip
ZAF,2020-10,shared,consumer_price_index_headline,81.0,"index, December 2024=100",CPI60001,P0141 - CPI(COICOP) from Jan 2008 (202608).zip
ZAF,2020-11,shared,consumer_price_index_headline,81.0,"index, December 2024=100",CPI60001,P0141 - CPI(COICOP) from Jan 2008 (202608).zip
ZAF,2020-12,shared,consumer_price_index_headline,81.1,"index, December 2024=100",CPI60001,P0141 - CPI(COICOP) from Jan 2008 (202608).zip
ZAF,2021-01,shared,consumer_price_index_headline,81.4,"index, December 2024=100",CPI60001,P0141 - CPI(COICOP) from Jan 2008 (202608).zip
ZAF,2021-02,shared,consumer_price_index_headline,82.0,"index, December 2024=100",CPI60001,P0141 - CPI(COICOP) from Jan 2008 (202608).zip
ZAF,2021-03,shared,consumer_price_index_headline,82.5,"index, December 2024=100",CPI60001,P0141 - CPI(COICOP) from Jan 2008 (202608).zip
ZAF,2021-04,shared,consumer_price_index_headline,83.1,"index, December 2024=100",CPI60001,P0141 - CPI(COICOP) from Jan 2008 (202608).zip
ZAF,2021-05,shared,consumer_price_index_headline,83.2,"index, December 2024=100",CPI60001,P0141 - CPI(COICOP) from Jan 2008 (202608).zip
ZAF,2021-06,shared,consumer_price_index_headline,83.4,"index, December 2024=100",CPI60001,P0141 - CPI(COICOP) from Jan 2008 (202608).zip
ZAF,2021-07,shared,consumer_price_index_headline,84.3,"index, December 2024=100",CPI60001,P0141 - CPI(COICOP) from Jan 2008 (202608).zip
ZAF,2021-08,shared,consumer_price_index_headline,84.6,"index, December 2024=100",CPI60001,P0141 - CPI(COICOP) from Jan 2008 (202608).zip
ZAF,2021-09,shared,consumer_price_index_headline,84.8,"index, December 2024=100",CPI60001,P0141 - CPI(COICOP) from Jan 2008 (202608).zip
ZAF,2021-10,shared,consumer_price_index_headline,85.1,"index, December 2024=100",CPI60001,P0141 - CPI(COICOP) from Jan 2008 (202608).zip
ZAF,2021-11,shared,consumer_price_index_headline,85.4,"index, December 2024=100",CPI60001,P0141 - CPI(COICOP) from Jan 2008 (202608).zip
ZAF,2021-12,shared,consumer_price_index_headline,85.9,"index, December 2024=100",CPI60001,P0141 - CPI(COICOP) from Jan 2008 (202608).zip
ZAF,2022-01,shared,consumer_price_index_headline,86.1,"index, December 2024=100",CPI60001,P0141 - CPI(COICOP) from Jan 2008 (202608).zip
ZAF,2022-02,shared,consumer_price_index_headline,86.6,"index, December 2024=100",CPI60001,P0141 - CPI(COICOP) from Jan 2008 (202608).zip
ZAF,2022-03,shared,consumer_price_index_headline,87.5,"index, December 2024=100",CPI60001,P0141 - CPI(COICOP) from Jan 2008 (202608).zip
ZAF,2022-04,shared,consumer_price_index_headline,88.1,"index, December 2024=100",CPI60001,P0141 - CPI(COICOP) from Jan 2008 (202608).zip
ZAF,2022-05,shared,consumer_price_index_headline,88.7,"index, December 2024=100",CPI60001,P0141 - CPI(COICOP) from Jan 2008 (202608).zip
ZAF,2022-06,shared,consumer_price_index_headline,89.6,"index, December 2024=100",CPI60001,P0141 - CPI(COICOP) from Jan 2008 (202608).zip
ZAF,2022-07,shared,consumer_price_index_headline,91.1,"index, December 2024=100",CPI60001,P0141 - CPI(COICOP) from Jan 2008 (202608).zip
ZAF,2022-08,shared,consumer_price_index_headline,91.3,"index, December 2024=100",CPI60001,P0141 - CPI(COICOP) from Jan 2008 (202608).zip
ZAF,2022-09,shared,consumer_price_index_headline,91.4,"index, December 2024=100",CPI60001,P0141 - CPI(COICOP) from Jan 2008 (202608).zip
ZAF,2022-10,shared,consumer_price_index_headline,91.7,"index, December 2024=100",CPI60001,P0141 - CPI(COICOP) from Jan 2008 (202608).zip
ZAF,2022-11,shared,consumer_price_index_headline,92.0,"index, December 2024=100",CPI60001,P0141 - CPI(COICOP) from Jan 2008 (202608).zip
ZAF,2022-12,shared,consumer_price_index_headline,92.4,"index, December 2024=100",CPI60001,P0141 - CPI(COICOP) from Jan 2008 (202608).zip
ZAF,2023-01,shared,consumer_price_index_headline,92.3,"index, December 2024=100",CPI60001,P0141 - CPI(COICOP) from Jan 2008 (202608).zip
ZAF,2023-02,shared,consumer_price_index_headline,93.0,"index, December 2024=100",CPI60001,P0141 - CPI(COICOP) from Jan 2008 (202608).zip
ZAF,2023-03,shared,consumer_price_index_headline,93.9,"index, December 2024=100",CPI60001,P0141 - CPI(COICOP) from Jan 2008 (202608).zip
ZAF,2023-04,shared,consumer_price_index_headline,94.3,"index, December 2024=100",CPI60001,P0141 - CPI(COICOP) from Jan 2008 (202608).zip
ZAF,2023-05,shared,consumer_price_index_headline,94.5,"index, December 2024=100",CPI60001,P0141 - CPI(COICOP) from Jan 2008 (202608).zip
ZAF,2023-06,shared,consumer_price_index_headline,94.7,"index, December 2024=100",CPI60001,P0141 - CPI(COICOP) from Jan 2008 (202608).zip
ZAF,2023-07,shared,consumer_price_index_headline,95.4,"index, December 2024=100",CPI60001,P0141 - CPI(COICOP) from Jan 2008 (202608).zip
ZAF,2023-08,shared,consumer_price_index_headline,95.7,"index, December 2024=100",CPI60001,P0141 - CPI(COICOP) from Jan 2008 (202608).zip
ZAF,2023-09,shared,consumer_price_index_headline,96.4,"index, December 2024=100",CPI60001,P0141 - CPI(COICOP) from Jan 2008 (202608).zip
ZAF,2023-10,shared,consumer_price_index_headline,97.3,"index, December 2024=100",CPI60001,P0141 - CPI(COICOP) from Jan 2008 (202608).zip
ZAF,2023-11,shared,consumer_price_index_headline,97.2,"index, December 2024=100",CPI60001,P0141 - CPI(COICOP) from Jan 2008 (202608).zip
ZAF,2023-12,shared,consumer_price_index_headline,97.2,"index, December 2024=100",CPI60001,P0141 - CPI(COICOP) from Jan 2008 (202608).zip
ZAF,2024-01,shared,consumer_price_index_headline,97.3,"index, December 2024=100",CPI60001,P0141 - CPI(COICOP) from Jan 2008 (202608).zip
ZAF,2024-02,shared,consumer_price_index_headline,98.1,"index, December 2024=100",CPI60001,P0141 - CPI(COICOP) from Jan 2008 (202608).zip
ZAF,2024-03,shared,consumer_price_index_headline,98.9,"index, December 2024=100",CPI60001,P0141 - CPI(COICOP) from Jan 2008 (202608).zip
ZAF,2024-04,shared,consumer_price_index_headline,99.1,"index, December 2024=100",CPI60001,P0141 - CPI(COICOP) from Jan 2008 (202608).zip
ZAF,2024-05,shared,consumer_price_index_headline,99.3,"index, December 2024=100",CPI60001,P0141 - CPI(COICOP) from Jan 2008 (202608).zip
ZAF,2024-06,shared,consumer_price_index_headline,99.4,"index, December 2024=100",CPI60001,P0141 - CPI(COICOP) from Jan 2008 (202608).zip
ZAF,2024-07,shared,consumer_price_index_headline,99.8,"index, December 2024=100",CPI60001,P0141 - CPI(COICOP) from Jan 2008 (202608).zip
ZAF,2024-08,shared,consumer_price_index_headline,99.9,"index, December 2024=100",CPI60001,P0141 - CPI(COICOP) from Jan 2008 (202608).zip
ZAF,2024-09,shared,consumer_price_index_headline,100.0,"index, December 2024=100",CPI60001,P0141 - CPI(COICOP) from Jan 2008 (202608).zip
ZAF,2024-10,shared,consumer_price_index_headline,100.0,"index, December 2024=100",CPI60001,P0141 - CPI(COICOP) from Jan 2008 (202608).zip
ZAF,2024-11,shared,consumer_price_index_headline,99.9,"index, December 2024=100",CPI60001,P0141 - CPI(COICOP) from Jan 2008 (202608).zip
ZAF,2024-12,shared,consumer_price_index_headline,100.0,"index, December 2024=100",CPI60001,P0141 - CPI(COICOP) from Jan 2008 (202608).zip
ZAF,2025-01,shared,consumer_price_index_headline,100.3,"index, December 2024=100",CPI60001,P0141 - CPI(COICOP) from Jan 2008 (202608).zip
ZAF,2025-02,shared,consumer_price_index_headline,101.2,"index, December 2024=100",CPI60001,P0141 - CPI(COICOP) from Jan 2008 (202608).zip
ZAF,2025-03,shared,consumer_price_index_headline,101.6,"index, December 2024=100",CPI60001,P0141 - CPI(COICOP) from Jan 2008 (202608).zip
ZAF,2025-04,shared,consumer_price_index_headline,101.9,"index, December 2024=100",CPI60001,P0141 - CPI(COICOP) from Jan 2008 (202608).zip
ZAF,2025-05,shared,consumer_price_index_headline,102.1,"index, December 2024=100",CPI60001,P0141 - CPI(COICOP) from Jan 2008 (202608).zip
ZAF,2025-06,shared,consumer_price_index_headline,102.4,"index, December 2024=100",CPI60001,P0141 - CPI(COICOP) from Jan 2008 (202608).zip
ZAF,2025-07,shared,consumer_price_index_headline,103.3,"index, December 2024=100",CPI60001,P0141 - CPI(COICOP) from Jan 2008 (202608).zip
ZAF,2025-08,shared,consumer_price_index_headline,103.2,"index, December 2024=100",CPI60001,P0141 - CPI(COICOP) from Jan 2008 (202608).zip
ZAF,2025-09,shared,consumer_price_index_headline,103.4,"index, December 2024=100",CPI60001,P0141 - CPI(COICOP) from Jan 2008 (202608).zip
ZAF,2025-10,shared,consumer_price_index_headline,103.5,"index, December 2024=100",CPI60001,P0141 - CPI(COICOP) from Jan 2008 (202608).zip
ZAF,2025-11,shared,consumer_price_index_headline,103.4,"index, December 2024=100",CPI60001,P0141 - CPI(COICOP) from Jan 2008 (202608).zip
ZAF,2025-12,shared,consumer_price_index_headline,103.6,"index, December 2024=100",CPI60001,P0141 - CPI(COICOP) from Jan 2008 (202608).zip
ZAF,2026-01,shared,consumer_price_index_headline,103.7,"index, December 2024=100",CPI60001,P0141 - CPI(COICOP) from Jan 2008 (202608).zip
ZAF,2026-02,shared,consumer_price_index_headline,104.1,"index, December 2024=100",CPI60001,P0141 - CPI(COICOP) from Jan 2008 (202608).zip
ZAF,2026-03,shared,consumer_price_index_headline,104.6,"index, December 2024=100",CPI60001,P0141 - CPI(COICOP) from Jan 2008 (202608).zip
ZAF,2026-04,shared,consumer_price_index_headline,105.8,"index, December 2024=100",CPI60001,P0141 - CPI(COICOP) from Jan 2008 (202608).zip
ZAF,2026-05,shared,consumer_price_index_headline,106.6,"index, December 2024=100",CPI60001,P0141 - CPI(COICOP) from Jan 2008 (202608).zip
ZAF,2026-06,shared,consumer_price_index_headline,107.3,"index, December 2024=100",CPI60001,P0141 - CPI(COICOP) from Jan 2008 (202608).zip
ZAF,2026-07,shared,consumer_price_index_headline,107.5,"index, December 2024=100",CPI60001,P0141 - CPI(COICOP) from Jan 2008 (202608).zip
ZAF,2026-08,shared,consumer_price_index_headline,107.5,"index, December 2024=100",CPI60001,P0141 - CPI(COICOP) from Jan 2008 (202608).zip
