country,period,scenario,measure,flight_type,direction,value,unit,financial_year
ZAF,2012-04,shared,passengers,international,arrival,385017,passengers,FY12/13
ZAF,2012-04,shared,passengers,international,departure,422447,passengers,FY12/13
ZAF,2012-04,shared,passengers,international,total,807464,passengers,FY12/13
ZAF,2013-04,shared,passengers,international,arrival,386368,passengers,FY13/14
ZAF,2013-04,shared,passengers,international,departure,424414,passengers,FY13/14
ZAF,2013-04,shared,passengers,international,total,810782,passengers,FY13/14
ZAF,2014-04,shared,passengers,international,arrival,412104,passengers,FY14/15
ZAF,2014-04,shared,passengers,international,departure,446470,passengers,FY14/15
ZAF,2014-04,shared,passengers,international,total,858574,passengers,FY14/15
ZAF,2015-04,shared,passengers,international,arrival,396464,passengers,FY15/16
ZAF,2015-04,shared,passengers,international,departure,454819,passengers,FY15/16
ZAF,2015-04,shared,passengers,international,total,851283,passengers,FY15/16
ZAF,2016-04,shared,passengers,international,arrival,418694,passengers,FY16/17
ZAF,2016-04,shared,passengers,international,departure,469330,passengers,FY16/17
ZAF,2016-04,shared,passengers,international,total,888024,passengers,FY16/17
ZAF,2017-04,shared,passengers,international,arrival,482026,passengers,FY17/18
ZAF,2017-04,shared,passengers,international,departure,525298,passengers,FY17/18
ZAF,2017-04,shared,passengers,international,total,1007324,passengers,FY17/18
ZAF,2018-04,shared,passengers,international,arrival,456949,passengers,FY18/19
ZAF,2018-04,shared,passengers,international,departure,510399,passengers,FY18/19
ZAF,2018-04,shared,passengers,international,total,967348,passengers,FY18/19
ZAF,2019-04,shared,passengers,international,arrival,480285,passengers,FY19/20
ZAF,2019-04,shared,passengers,international,departure,498956,passengers,FY19/20
ZAF,2019-04,shared,passengers,international,total,979241,passengers,FY19/20
ZAF,2020-04,shared,passengers,international,arrival,490,passengers,FY20/21
ZAF,2020-04,shared,passengers,international,departure,529,passengers,FY20/21
ZAF,2020-04,shared,passengers,international,total,1019,passengers,FY20/21
ZAF,2021-04,shared,passengers,international,arrival,74440,passengers,FY21/22
ZAF,2021-04,shared,passengers,international,departure,77542,passengers,FY21/22
ZAF,2021-04,shared,passengers,international,total,151982,passengers,FY21/22
ZAF,2022-04,shared,passengers,international,arrival,293465,passengers,FY22/23
ZAF,2022-04,shared,passengers,international,departure,317264,passengers,FY22/23
ZAF,2022-04,shared,passengers,international,total,610729,passengers,FY22/23
ZAF,2023-04,shared,passengers,international,arrival,370965,passengers,FY23/24
ZAF,2023-04,shared,passengers,international,departure,411765,passengers,FY23/24
ZAF,2023-04,shared,passengers,international,total,782730,passengers,FY23/24
ZAF,2024-04,shared,passengers,international,arrival,393703,passengers,FY24/25
ZAF,2024-04,shared,passengers,international,departure,435311,passengers,FY24/25
ZAF,2024-04,shared,passengers,international,total,829014,passengers,FY24/25
ZAF,2025-04,shared,passengers,international,arrival,447766,passengers,FY25/26
ZAF,2025-04,shared,passengers,international,departure,489680,passengers,FY25/26
ZAF,2025-04,shared,passengers,international,total,937446,passengers,FY25/26
ZAF,2026-04,shared,passengers,international,arrival,455258,passengers,FY26/27
ZAF,2026-04,shared,passengers,international,departure,501179,passengers,FY26/27
ZAF,2026-04,shared,passengers,international,total,956437,passengers,FY26/27
ZAF,2012-05,shared,passengers,international,arrival,353371,passengers,FY12/13
ZAF,2012-05,shared,passengers,international,departure,358673,passengers,FY12/13
ZAF,2012-05,shared,passengers,international,total,712044,passengers,FY12/13
ZAF,2013-05,shared,passengers,international,arrival,368723,passengers,FY13/14
ZAF,2013-05,shared,passengers,international,departure,380855,passengers,FY13/14
ZAF,2013-05,shared,passengers,international,total,749578,passengers,FY13/14
ZAF,2014-05,shared,passengers,international,arrival,391002,passengers,FY14/15
ZAF,2014-05,shared,passengers,international,departure,395013,passengers,FY14/15
ZAF,2014-05,shared,passengers,international,total,786015,passengers,FY14/15
ZAF,2015-05,shared,passengers,international,arrival,391498,passengers,FY15/16
ZAF,2015-05,shared,passengers,international,departure,397075,passengers,FY15/16
ZAF,2015-05,shared,passengers,international,total,788573,passengers,FY15/16
ZAF,2016-05,shared,passengers,international,arrival,394010,passengers,FY16/17
ZAF,2016-05,shared,passengers,international,departure,418611,passengers,FY16/17
ZAF,2016-05,shared,passengers,international,total,812621,passengers,FY16/17
ZAF,2017-05,shared,passengers,international,arrival,422560,passengers,FY17/18
ZAF,2017-05,shared,passengers,international,departure,445321,passengers,FY17/18
ZAF,2017-05,shared,passengers,international,total,867881,passengers,FY17/18
ZAF,2018-05,shared,passengers,international,arrival,424288,passengers,FY18/19
ZAF,2018-05,shared,passengers,international,departure,437526,passengers,FY18/19
ZAF,2018-05,shared,passengers,international,total,861814,passengers,FY18/19
ZAF,2019-05,shared,passengers,international,arrival,419630,passengers,FY19/20
ZAF,2019-05,shared,passengers,international,departure,447258,passengers,FY19/20
ZAF,2019-05,shared,passengers,international,total,866888,passengers,FY19/20
ZAF,2020-05,shared,passengers,international,arrival,288,passengers,FY20/21
ZAF,2020-05,shared,passengers,international,departure,302,passengers,FY20/21
ZAF,2020-05,shared,passengers,international,total,590,passengers,FY20/21
ZAF,2021-05,shared,passengers,international,arrival,77835,passengers,FY21/22
ZAF,2021-05,shared,passengers,international,departure,80936,passengers,FY21/22
ZAF,2021-05,shared,passengers,international,total,158771,passengers,FY21/22
ZAF,2022-05,shared,passengers,international,arrival,265425,passengers,FY22/23
ZAF,2022-05,shared,passengers,international,departure,294790,passengers,FY22/23
ZAF,2022-05,shared,passengers,international,total,560215,passengers,FY22/23
ZAF,2023-05,shared,passengers,international,arrival,340406,passengers,FY23/24
ZAF,2023-05,shared,passengers,international,departure,366199,passengers,FY23/24
ZAF,2023-05,shared,passengers,international,total,706605,passengers,FY23/24
ZAF,2024-05,shared,passengers,international,arrival,375105,passengers,FY24/25
ZAF,2024-05,shared,passengers,international,departure,402441,passengers,FY24/25
ZAF,2024-05,shared,passengers,international,total,777546,passengers,FY24/25
ZAF,2025-05,shared,passengers,international,arrival,410931,passengers,FY25/26
ZAF,2025-05,shared,passengers,international,departure,432393,passengers,FY25/26
ZAF,2025-05,shared,passengers,international,total,843324,passengers,FY25/26
ZAF,2026-05,shared,passengers,international,arrival,431098,passengers,FY26/27
ZAF,2026-05,shared,passengers,international,departure,459467,passengers,FY26/27
ZAF,2026-05,shared,passengers,international,total,890565,passengers,FY26/27
ZAF,2012-06,shared,passengers,international,arrival,343458,passengers,FY12/13
ZAF,2012-06,shared,passengers,international,departure,396558,passengers,FY12/13
ZAF,2012-06,shared,passengers,international,total,740016,passengers,FY12/13
ZAF,2013-06,shared,passengers,international,arrival,361927,passengers,FY13/14
ZAF,2013-06,shared,passengers,international,departure,410539,passengers,FY13/14
ZAF,2013-06,shared,passengers,international,total,772466,passengers,FY13/14
ZAF,2014-06,shared,passengers,international,arrival,365910,passengers,FY14/15
ZAF,2014-06,shared,passengers,international,departure,409578,passengers,FY14/15
ZAF,2014-06,shared,passengers,international,total,775488,passengers,FY14/15
ZAF,2015-06,shared,passengers,international,arrival,356375,passengers,FY15/16
ZAF,2015-06,shared,passengers,international,departure,410907,passengers,FY15/16
ZAF,2015-06,shared,passengers,international,total,767282,passengers,FY15/16
ZAF,2016-06,shared,passengers,international,arrival,368012,passengers,FY16/17
ZAF,2016-06,shared,passengers,international,departure,420323,passengers,FY16/17
ZAF,2016-06,shared,passengers,international,total,788335,passengers,FY16/17
ZAF,2017-06,shared,passengers,international,arrival,394464,passengers,FY17/18
ZAF,2017-06,shared,passengers,international,departure,437763,passengers,FY17/18
ZAF,2017-06,shared,passengers,international,total,832227,passengers,FY17/18
ZAF,2018-06,shared,passengers,international,arrival,402538,passengers,FY18/19
ZAF,2018-06,shared,passengers,international,departure,476506,passengers,FY18/19
ZAF,2018-06,shared,passengers,international,total,879044,passengers,FY18/19
ZAF,2019-06,shared,passengers,international,arrival,433554,passengers,FY19/20
ZAF,2019-06,shared,passengers,international,departure,500617,passengers,FY19/20
ZAF,2019-06,shared,passengers,international,total,934171,passengers,FY19/20
ZAF,2020-06,shared,passengers,international,arrival,112,passengers,FY20/21
ZAF,2020-06,shared,passengers,international,departure,664,passengers,FY20/21
ZAF,2020-06,shared,passengers,international,total,776,passengers,FY20/21
ZAF,2021-06,shared,passengers,international,arrival,82141,passengers,FY21/22
ZAF,2021-06,shared,passengers,international,departure,90243,passengers,FY21/22
ZAF,2021-06,shared,passengers,international,total,172384,passengers,FY21/22
ZAF,2022-06,shared,passengers,international,arrival,254162,passengers,FY22/23
ZAF,2022-06,shared,passengers,international,departure,301393,passengers,FY22/23
ZAF,2022-06,shared,passengers,international,total,555555,passengers,FY22/23
ZAF,2023-06,shared,passengers,international,arrival,334373,passengers,FY23/24
ZAF,2023-06,shared,passengers,international,departure,380592,passengers,FY23/24
ZAF,2023-06,shared,passengers,international,total,714965,passengers,FY23/24
ZAF,2024-06,shared,passengers,international,arrival,377952,passengers,FY24/25
ZAF,2024-06,shared,passengers,international,departure,423621,passengers,FY24/25
ZAF,2024-06,shared,passengers,international,total,801573,passengers,FY24/25
ZAF,2025-06,shared,passengers,international,arrival,397180,passengers,FY25/26
ZAF,2025-06,shared,passengers,international,departure,429853,passengers,FY25/26
ZAF,2025-06,shared,passengers,international,total,827033,passengers,FY25/26
ZAF,2026-06,shared,passengers,international,arrival,396750,passengers,FY26/27
ZAF,2026-06,shared,passengers,international,departure,450420,passengers,FY26/27
ZAF,2026-06,shared,passengers,international,total,847170,passengers,FY26/27
ZAF,2012-07,shared,passengers,international,arrival,449729,passengers,FY12/13
ZAF,2012-07,shared,passengers,international,departure,368849,passengers,FY12/13
ZAF,2012-07,shared,passengers,international,total,818578,passengers,FY12/13
ZAF,2013-07,shared,passengers,international,arrival,459415,passengers,FY13/14
ZAF,2013-07,shared,passengers,international,departure,383778,passengers,FY13/14
ZAF,2013-07,shared,passengers,international,total,843193,passengers,FY13/14
ZAF,2014-07,shared,passengers,international,arrival,461818,passengers,FY14/15
ZAF,2014-07,shared,passengers,international,departure,401715,passengers,FY14/15
ZAF,2014-07,shared,passengers,international,total,863533,passengers,FY14/15
ZAF,2015-07,shared,passengers,international,arrival,485895,passengers,FY15/16
ZAF,2015-07,shared,passengers,international,departure,405355,passengers,FY15/16
ZAF,2015-07,shared,passengers,international,total,891250,passengers,FY15/16
ZAF,2016-07,shared,passengers,international,arrival,514541,passengers,FY16/17
ZAF,2016-07,shared,passengers,international,departure,432250,passengers,FY16/17
ZAF,2016-07,shared,passengers,international,total,946791,passengers,FY16/17
ZAF,2017-07,shared,passengers,international,arrival,533901,passengers,FY17/18
ZAF,2017-07,shared,passengers,international,departure,476858,passengers,FY17/18
ZAF,2017-07,shared,passengers,international,total,1010759,passengers,FY17/18
ZAF,2018-07,shared,passengers,international,arrival,554888,passengers,FY18/19
ZAF,2018-07,shared,passengers,international,departure,465362,passengers,FY18/19
ZAF,2018-07,shared,passengers,international,total,1020250,passengers,FY18/19
ZAF,2019-07,shared,passengers,international,arrival,542656,passengers,FY19/20
ZAF,2019-07,shared,passengers,international,departure,452520,passengers,FY19/20
ZAF,2019-07,shared,passengers,international,total,995176,passengers,FY19/20
ZAF,2020-07,shared,passengers,international,arrival,292,passengers,FY20/21
ZAF,2020-07,shared,passengers,international,departure,60,passengers,FY20/21
ZAF,2020-07,shared,passengers,international,total,352,passengers,FY20/21
ZAF,2021-07,shared,passengers,international,arrival,78988,passengers,FY21/22
ZAF,2021-07,shared,passengers,international,departure,88315,passengers,FY21/22
ZAF,2021-07,shared,passengers,international,total,167303,passengers,FY21/22
ZAF,2022-07,shared,passengers,international,arrival,357653,passengers,FY22/23
ZAF,2022-07,shared,passengers,international,departure,306269,passengers,FY22/23
ZAF,2022-07,shared,passengers,international,total,663922,passengers,FY22/23
ZAF,2023-07,shared,passengers,international,arrival,442619,passengers,FY23/24
ZAF,2023-07,shared,passengers,international,departure,377613,passengers,FY23/24
ZAF,2023-07,shared,passengers,international,total,820232,passengers,FY23/24
ZAF,2024-07,shared,passengers,international,arrival,452600,passengers,FY24/25
ZAF,2024-07,shared,passengers,international,departure,382125,passengers,FY24/25
ZAF,2024-07,shared,passengers,international,total,834725,passengers,FY24/25
ZAF,2025-07,shared,passengers,international,arrival,505738,passengers,FY25/26
ZAF,2025-07,shared,passengers,international,departure,435775,passengers,FY25/26
ZAF,2025-07,shared,passengers,international,total,941513,passengers,FY25/26
ZAF,2026-07,shared,passengers,international,arrival,531321,passengers,FY26/27
ZAF,2026-07,shared,passengers,international,departure,451496,passengers,FY26/27
ZAF,2026-07,shared,passengers,international,total,982817,passengers,FY26/27
ZAF,2012-08,shared,passengers,international,arrival,397809,passengers,FY12/13
ZAF,2012-08,shared,passengers,international,departure,420431,passengers,FY12/13
ZAF,2012-08,shared,passengers,international,total,818240,passengers,FY12/13
ZAF,2013-08,shared,passengers,international,arrival,427906,passengers,FY13/14
ZAF,2013-08,shared,passengers,international,departure,447433,passengers,FY13/14
ZAF,2013-08,shared,passengers,international,total,875339,passengers,FY13/14
ZAF,2014-08,shared,passengers,international,arrival,444552,passengers,FY14/15
ZAF,2014-08,shared,passengers,international,departure,475661,passengers,FY14/15
ZAF,2014-08,shared,passengers,international,total,920213,passengers,FY14/15
ZAF,2015-08,shared,passengers,international,arrival,436939,passengers,FY15/16
ZAF,2015-08,shared,passengers,international,departure,478709,passengers,FY15/16
ZAF,2015-08,shared,passengers,international,total,915648,passengers,FY15/16
ZAF,2016-08,shared,passengers,international,arrival,458644,passengers,FY16/17
ZAF,2016-08,shared,passengers,international,departure,500201,passengers,FY16/17
ZAF,2016-08,shared,passengers,international,total,958845,passengers,FY16/17
ZAF,2017-08,shared,passengers,international,arrival,473898,passengers,FY17/18
ZAF,2017-08,shared,passengers,international,departure,511823,passengers,FY17/18
ZAF,2017-08,shared,passengers,international,total,985721,passengers,FY17/18
ZAF,2018-08,shared,passengers,international,arrival,492329,passengers,FY18/19
ZAF,2018-08,shared,passengers,international,departure,530294,passengers,FY18/19
ZAF,2018-08,shared,passengers,international,total,1022623,passengers,FY18/19
ZAF,2019-08,shared,passengers,international,arrival,493300,passengers,FY19/20
ZAF,2019-08,shared,passengers,international,departure,544585,passengers,FY19/20
ZAF,2019-08,shared,passengers,international,total,1037885,passengers,FY19/20
ZAF,2020-08,shared,passengers,international,arrival,290,passengers,FY20/21
ZAF,2020-08,shared,passengers,international,departure,15,passengers,FY20/21
ZAF,2020-08,shared,passengers,international,total,305,passengers,FY20/21
ZAF,2021-08,shared,passengers,international,arrival,95034,passengers,FY21/22
ZAF,2021-08,shared,passengers,international,departure,101203,passengers,FY21/22
ZAF,2021-08,shared,passengers,international,total,196237,passengers,FY21/22
ZAF,2022-08,shared,passengers,international,arrival,326817,passengers,FY22/23
ZAF,2022-08,shared,passengers,international,departure,354428,passengers,FY22/23
ZAF,2022-08,shared,passengers,international,total,681245,passengers,FY22/23
ZAF,2023-08,shared,passengers,international,arrival,390667,passengers,FY23/24
ZAF,2023-08,shared,passengers,international,departure,435093,passengers,FY23/24
ZAF,2023-08,shared,passengers,international,total,825760,passengers,FY23/24
ZAF,2024-08,shared,passengers,international,arrival,425768,passengers,FY24/25
ZAF,2024-08,shared,passengers,international,departure,460631,passengers,FY24/25
ZAF,2024-08,shared,passengers,international,total,886399,passengers,FY24/25
ZAF,2025-08,shared,passengers,international,arrival,470767,passengers,FY25/26
ZAF,2025-08,shared,passengers,international,departure,509093,passengers,FY25/26
ZAF,2025-08,shared,passengers,international,total,979860,passengers,FY25/26
ZAF,2026-08,shared,passengers,international,arrival,485957,passengers,FY26/27
ZAF,2026-08,shared,passengers,international,departure,527450,passengers,FY26/27
ZAF,2026-08,shared,passengers,international,total,1013407,passengers,FY26/27
ZAF,2012-09,shared,passengers,international,arrival,412356,passengers,FY12/13
ZAF,2012-09,shared,passengers,international,departure,410233,passengers,FY12/13
ZAF,2012-09,shared,passengers,international,total,822589,passengers,FY12/13
ZAF,2013-09,shared,passengers,international,arrival,430184,passengers,FY13/14
ZAF,2013-09,shared,passengers,international,departure,429981,passengers,FY13/14
ZAF,2013-09,shared,passengers,international,total,860165,passengers,FY13/14
ZAF,2014-09,shared,passengers,international,arrival,425398,passengers,FY14/15
ZAF,2014-09,shared,passengers,international,departure,418834,passengers,FY14/15
ZAF,2014-09,shared,passengers,international,total,844232,passengers,FY14/15
ZAF,2015-09,shared,passengers,international,arrival,433032,passengers,FY15/16
ZAF,2015-09,shared,passengers,international,departure,434505,passengers,FY15/16
ZAF,2015-09,shared,passengers,international,total,867537,passengers,FY15/16
ZAF,2016-09,shared,passengers,international,arrival,457177,passengers,FY16/17
ZAF,2016-09,shared,passengers,international,departure,461045,passengers,FY16/17
ZAF,2016-09,shared,passengers,international,total,918222,passengers,FY16/17
ZAF,2017-09,shared,passengers,international,arrival,478553,passengers,FY17/18
ZAF,2017-09,shared,passengers,international,departure,488408,passengers,FY17/18
ZAF,2017-09,shared,passengers,international,total,966961,passengers,FY17/18
ZAF,2018-09,shared,passengers,international,arrival,490483,passengers,FY18/19
ZAF,2018-09,shared,passengers,international,departure,508740,passengers,FY18/19
ZAF,2018-09,shared,passengers,international,total,999223,passengers,FY18/19
ZAF,2019-09,shared,passengers,international,arrival,500463,passengers,FY19/20
ZAF,2019-09,shared,passengers,international,departure,508358,passengers,FY19/20
ZAF,2019-09,shared,passengers,international,total,1008821,passengers,FY19/20
ZAF,2020-09,shared,passengers,international,arrival,0,passengers,FY20/21
ZAF,2020-09,shared,passengers,international,departure,59,passengers,FY20/21
ZAF,2020-09,shared,passengers,international,total,59,passengers,FY20/21
ZAF,2021-09,shared,passengers,international,arrival,115721,passengers,FY21/22
ZAF,2021-09,shared,passengers,international,departure,118273,passengers,FY21/22
ZAF,2021-09,shared,passengers,international,total,233994,passengers,FY21/22
ZAF,2022-09,shared,passengers,international,arrival,328574,passengers,FY22/23
ZAF,2022-09,shared,passengers,international,departure,341297,passengers,FY22/23
ZAF,2022-09,shared,passengers,international,total,669871,passengers,FY22/23
ZAF,2023-09,shared,passengers,international,arrival,400634,passengers,FY23/24
ZAF,2023-09,shared,passengers,international,departure,417421,passengers,FY23/24
ZAF,2023-09,shared,passengers,international,total,818055,passengers,FY23/24
ZAF,2024-09,shared,passengers,international,arrival,439587,passengers,FY24/25
ZAF,2024-09,shared,passengers,international,departure,451382,passengers,FY24/25
ZAF,2024-09,shared,passengers,international,total,890969,passengers,FY24/25
ZAF,2025-09,shared,passengers,international,arrival,464097,passengers,FY25/26
ZAF,2025-09,shared,passengers,international,departure,465342,passengers,FY25/26
ZAF,2025-09,shared,passengers,international,total,929439,passengers,FY25/26
ZAF,2012-10,shared,passengers,international,arrival,438440,passengers,FY12/13
ZAF,2012-10,shared,passengers,international,departure,396969,passengers,FY12/13
ZAF,2012-10,shared,passengers,international,total,835409,passengers,FY12/13
ZAF,2013-10,shared,passengers,international,arrival,449565,passengers,FY13/14
ZAF,2013-10,shared,passengers,international,departure,410364,passengers,FY13/14
ZAF,2013-10,shared,passengers,international,total,859929,passengers,FY13/14
ZAF,2014-10,shared,passengers,international,arrival,450966,passengers,FY14/15
ZAF,2014-10,shared,passengers,international,departure,419783,passengers,FY14/15
ZAF,2014-10,shared,passengers,international,total,870749,passengers,FY14/15
ZAF,2015-10,shared,passengers,international,arrival,479473,passengers,FY15/16
ZAF,2015-10,shared,passengers,international,departure,445034,passengers,FY15/16
ZAF,2015-10,shared,passengers,international,total,924507,passengers,FY15/16
ZAF,2016-10,shared,passengers,international,arrival,510438,passengers,FY16/17
ZAF,2016-10,shared,passengers,international,departure,475290,passengers,FY16/17
ZAF,2016-10,shared,passengers,international,total,985728,passengers,FY16/17
ZAF,2017-10,shared,passengers,international,arrival,531321,passengers,FY17/18
ZAF,2017-10,shared,passengers,international,departure,486570,passengers,FY17/18
ZAF,2017-10,shared,passengers,international,total,1017891,passengers,FY17/18
ZAF,2018-10,shared,passengers,international,arrival,534210,passengers,FY18/19
ZAF,2018-10,shared,passengers,international,departure,486496,passengers,FY18/19
ZAF,2018-10,shared,passengers,international,total,1020706,passengers,FY18/19
ZAF,2019-10,shared,passengers,international,arrival,526361,passengers,FY19/20
ZAF,2019-10,shared,passengers,international,departure,485891,passengers,FY19/20
ZAF,2019-10,shared,passengers,international,total,1012252,passengers,FY19/20
ZAF,2020-10,shared,passengers,international,arrival,44137,passengers,FY20/21
ZAF,2020-10,shared,passengers,international,departure,44238,passengers,FY20/21
ZAF,2020-10,shared,passengers,international,total,88375,passengers,FY20/21
ZAF,2021-10,shared,passengers,international,arrival,170961,passengers,FY21/22
ZAF,2021-10,shared,passengers,international,departure,154558,passengers,FY21/22
ZAF,2021-10,shared,passengers,international,total,325519,passengers,FY21/22
ZAF,2022-10,shared,passengers,international,arrival,374844,passengers,FY22/23
ZAF,2022-10,shared,passengers,international,departure,345063,passengers,FY22/23
ZAF,2022-10,shared,passengers,international,total,719907,passengers,FY22/23
ZAF,2023-10,shared,passengers,international,arrival,461239,passengers,FY23/24
ZAF,2023-10,shared,passengers,international,departure,421362,passengers,FY23/24
ZAF,2023-10,shared,passengers,international,total,882601,passengers,FY23/24
ZAF,2024-10,shared,passengers,international,arrival,477131,passengers,FY24/25
ZAF,2024-10,shared,passengers,international,departure,431480,passengers,FY24/25
ZAF,2024-10,shared,passengers,international,total,908611,passengers,FY24/25
ZAF,2025-10,shared,passengers,international,arrival,538435,passengers,FY25/26
ZAF,2025-10,shared,passengers,international,departure,489905,passengers,FY25/26
ZAF,2025-10,shared,passengers,international,total,1028340,passengers,FY25/26
ZAF,2012-11,shared,passengers,international,arrival,401128,passengers,FY12/13
ZAF,2012-11,shared,passengers,international,departure,410027,passengers,FY12/13
ZAF,2012-11,shared,passengers,international,total,811155,passengers,FY12/13
ZAF,2013-11,shared,passengers,international,arrival,427974,passengers,FY13/14
ZAF,2013-11,shared,passengers,international,departure,435144,passengers,FY13/14
ZAF,2013-11,shared,passengers,international,total,863118,passengers,FY13/14
ZAF,2014-11,shared,passengers,international,arrival,424253,passengers,FY14/15
ZAF,2014-11,shared,passengers,international,departure,437378,passengers,FY14/15
ZAF,2014-11,shared,passengers,international,total,861631,passengers,FY14/15
ZAF,2015-11,shared,passengers,international,arrival,437057,passengers,FY15/16
ZAF,2015-11,shared,passengers,international,departure,448056,passengers,FY15/16
ZAF,2015-11,shared,passengers,international,total,885113,passengers,FY15/16
ZAF,2016-11,shared,passengers,international,arrival,457517,passengers,FY16/17
ZAF,2016-11,shared,passengers,international,departure,480681,passengers,FY16/17
ZAF,2016-11,shared,passengers,international,total,938198,passengers,FY16/17
ZAF,2017-11,shared,passengers,international,arrival,478048,passengers,FY17/18
ZAF,2017-11,shared,passengers,international,departure,506576,passengers,FY17/18
ZAF,2017-11,shared,passengers,international,total,984624,passengers,FY17/18
ZAF,2018-11,shared,passengers,international,arrival,493080,passengers,FY18/19
ZAF,2018-11,shared,passengers,international,departure,513241,passengers,FY18/19
ZAF,2018-11,shared,passengers,international,total,1006321,passengers,FY18/19
ZAF,2019-11,shared,passengers,international,arrival,476705,passengers,FY19/20
ZAF,2019-11,shared,passengers,international,departure,506125,passengers,FY19/20
ZAF,2019-11,shared,passengers,international,total,982830,passengers,FY19/20
ZAF,2020-11,shared,passengers,international,arrival,66777,passengers,FY20/21
ZAF,2020-11,shared,passengers,international,departure,58733,passengers,FY20/21
ZAF,2020-11,shared,passengers,international,total,125510,passengers,FY20/21
ZAF,2021-11,shared,passengers,international,arrival,193527,passengers,FY21/22
ZAF,2021-11,shared,passengers,international,departure,180889,passengers,FY21/22
ZAF,2021-11,shared,passengers,international,total,374416,passengers,FY21/22
ZAF,2022-11,shared,passengers,international,arrival,352647,passengers,FY22/23
ZAF,2022-11,shared,passengers,international,departure,358655,passengers,FY22/23
ZAF,2022-11,shared,passengers,international,total,711302,passengers,FY22/23
ZAF,2023-11,shared,passengers,international,arrival,425977,passengers,FY23/24
ZAF,2023-11,shared,passengers,international,departure,424339,passengers,FY23/24
ZAF,2023-11,shared,passengers,international,total,850316,passengers,FY23/24
ZAF,2024-11,shared,passengers,international,arrival,456102,passengers,FY24/25
ZAF,2024-11,shared,passengers,international,departure,458513,passengers,FY24/25
ZAF,2024-11,shared,passengers,international,total,914615,passengers,FY24/25
ZAF,2025-11,shared,passengers,international,arrival,503249,passengers,FY25/26
ZAF,2025-11,shared,passengers,international,departure,503074,passengers,FY25/26
ZAF,2025-11,shared,passengers,international,total,1006323,passengers,FY25/26
ZAF,2012-12,shared,passengers,international,arrival,460309,passengers,FY12/13
ZAF,2012-12,shared,passengers,international,departure,478124,passengers,FY12/13
ZAF,2012-12,shared,passengers,international,total,938433,passengers,FY12/13
ZAF,2013-12,shared,passengers,international,arrival,485086,passengers,FY13/14
ZAF,2013-12,shared,passengers,international,departure,507325,passengers,FY13/14
ZAF,2013-12,shared,passengers,international,total,992411,passengers,FY13/14
ZAF,2014-12,shared,passengers,international,arrival,482242,passengers,FY14/15
ZAF,2014-12,shared,passengers,international,departure,508717,passengers,FY14/15
ZAF,2014-12,shared,passengers,international,total,990959,passengers,FY14/15
ZAF,2015-12,shared,passengers,international,arrival,494430,passengers,FY15/16
ZAF,2015-12,shared,passengers,international,departure,523491,passengers,FY15/16
ZAF,2015-12,shared,passengers,international,total,1017921,passengers,FY15/16
ZAF,2016-12,shared,passengers,international,arrival,542820,passengers,FY16/17
ZAF,2016-12,shared,passengers,international,departure,566664,passengers,FY16/17
ZAF,2016-12,shared,passengers,international,total,1109484,passengers,FY16/17
ZAF,2017-12,shared,passengers,international,arrival,558861,passengers,FY17/18
ZAF,2017-12,shared,passengers,international,departure,596163,passengers,FY17/18
ZAF,2017-12,shared,passengers,international,total,1155024,passengers,FY17/18
ZAF,2018-12,shared,passengers,international,arrival,569891,passengers,FY18/19
ZAF,2018-12,shared,passengers,international,departure,599649,passengers,FY18/19
ZAF,2018-12,shared,passengers,international,total,1169540,passengers,FY18/19
ZAF,2019-12,shared,passengers,international,arrival,566805,passengers,FY19/20
ZAF,2019-12,shared,passengers,international,departure,596496,passengers,FY19/20
ZAF,2019-12,shared,passengers,international,total,1163301,passengers,FY19/20
ZAF,2020-12,shared,passengers,international,arrival,117613,passengers,FY20/21
ZAF,2020-12,shared,passengers,international,departure,105026,passengers,FY20/21
ZAF,2020-12,shared,passengers,international,total,222639,passengers,FY20/21
ZAF,2021-12,shared,passengers,international,arrival,147836,passengers,FY21/22
ZAF,2021-12,shared,passengers,international,departure,132381,passengers,FY21/22
ZAF,2021-12,shared,passengers,international,total,280217,passengers,FY21/22
ZAF,2022-12,shared,passengers,international,arrival,434515,passengers,FY22/23
ZAF,2022-12,shared,passengers,international,departure,454607,passengers,FY22/23
ZAF,2022-12,shared,passengers,international,total,889122,passengers,FY22/23
ZAF,2023-12,shared,passengers,international,arrival,500517,passengers,FY23/24
ZAF,2023-12,shared,passengers,international,departure,514639,passengers,FY23/24
ZAF,2023-12,shared,passengers,international,total,1015156,passengers,FY23/24
ZAF,2024-12,shared,passengers,international,arrival,540646,passengers,FY24/25
ZAF,2024-12,shared,passengers,international,departure,544796,passengers,FY24/25
ZAF,2024-12,shared,passengers,international,total,1085442,passengers,FY24/25
ZAF,2025-12,shared,passengers,international,arrival,587300,passengers,FY25/26
ZAF,2025-12,shared,passengers,international,departure,594659,passengers,FY25/26
ZAF,2025-12,shared,passengers,international,total,1181959,passengers,FY25/26
ZAF,2013-01,shared,passengers,international,arrival,459580,passengers,FY12/13
ZAF,2013-01,shared,passengers,international,departure,422634,passengers,FY12/13
ZAF,2013-01,shared,passengers,international,total,882214,passengers,FY12/13
ZAF,2014-01,shared,passengers,international,arrival,484089,passengers,FY13/14
ZAF,2014-01,shared,passengers,international,departure,441366,passengers,FY13/14
ZAF,2014-01,shared,passengers,international,total,925455,passengers,FY13/14
ZAF,2015-01,shared,passengers,international,arrival,480663,passengers,FY14/15
ZAF,2015-01,shared,passengers,international,departure,446559,passengers,FY14/15
ZAF,2015-01,shared,passengers,international,total,927222,passengers,FY14/15
ZAF,2016-01,shared,passengers,international,arrival,500631,passengers,FY15/16
ZAF,2016-01,shared,passengers,international,departure,464585,passengers,FY15/16
ZAF,2016-01,shared,passengers,international,total,965216,passengers,FY15/16
ZAF,2017-01,shared,passengers,international,arrival,537857,passengers,FY16/17
ZAF,2017-01,shared,passengers,international,departure,499721,passengers,FY16/17
ZAF,2017-01,shared,passengers,international,total,1037578,passengers,FY16/17
ZAF,2018-01,shared,passengers,international,arrival,558611,passengers,FY17/18
ZAF,2018-01,shared,passengers,international,departure,511480,passengers,FY17/18
ZAF,2018-01,shared,passengers,international,total,1070091,passengers,FY17/18
ZAF,2019-01,shared,passengers,international,arrival,553051,passengers,FY18/19
ZAF,2019-01,shared,passengers,international,departure,511055,passengers,FY18/19
ZAF,2019-01,shared,passengers,international,total,1064106,passengers,FY18/19
ZAF,2020-01,shared,passengers,international,arrival,567329,passengers,FY19/20
ZAF,2020-01,shared,passengers,international,departure,516015,passengers,FY19/20
ZAF,2020-01,shared,passengers,international,total,1083344,passengers,FY19/20
ZAF,2021-01,shared,passengers,international,arrival,63822,passengers,FY20/21
ZAF,2021-01,shared,passengers,international,departure,87125,passengers,FY20/21
ZAF,2021-01,shared,passengers,international,total,150947,passengers,FY20/21
ZAF,2022-01,shared,passengers,international,arrival,163707,passengers,FY21/22
ZAF,2022-01,shared,passengers,international,departure,173157,passengers,FY21/22
ZAF,2022-01,shared,passengers,international,total,336864,passengers,FY21/22
ZAF,2023-01,shared,passengers,international,arrival,432421,passengers,FY22/23
ZAF,2023-01,shared,passengers,international,departure,407254,passengers,FY22/23
ZAF,2023-01,shared,passengers,international,total,839675,passengers,FY22/23
ZAF,2024-01,shared,passengers,international,arrival,477199,passengers,FY23/24
ZAF,2024-01,shared,passengers,international,departure,455893,passengers,FY23/24
ZAF,2024-01,shared,passengers,international,total,933092,passengers,FY23/24
ZAF,2025-01,shared,passengers,international,arrival,517356,passengers,FY24/25
ZAF,2025-01,shared,passengers,international,departure,484815,passengers,FY24/25
ZAF,2025-01,shared,passengers,international,total,1002171,passengers,FY24/25
ZAF,2026-01,shared,passengers,international,arrival,555327,passengers,FY25/26
ZAF,2026-01,shared,passengers,international,departure,528465,passengers,FY25/26
ZAF,2026-01,shared,passengers,international,total,1083792,passengers,FY25/26
ZAF,2013-02,shared,passengers,international,arrival,382677,passengers,FY12/13
ZAF,2013-02,shared,passengers,international,departure,374929,passengers,FY12/13
ZAF,2013-02,shared,passengers,international,total,757606,passengers,FY12/13
ZAF,2014-02,shared,passengers,international,arrival,393688,passengers,FY13/14
ZAF,2014-02,shared,passengers,international,departure,388918,passengers,FY13/14
ZAF,2014-02,shared,passengers,international,total,782606,passengers,FY13/14
ZAF,2015-02,shared,passengers,international,arrival,387069,passengers,FY14/15
ZAF,2015-02,shared,passengers,international,departure,377807,passengers,FY14/15
ZAF,2015-02,shared,passengers,international,total,764876,passengers,FY14/15
ZAF,2016-02,shared,passengers,international,arrival,415935,passengers,FY15/16
ZAF,2016-02,shared,passengers,international,departure,414230,passengers,FY15/16
ZAF,2016-02,shared,passengers,international,total,830165,passengers,FY15/16
ZAF,2017-02,shared,passengers,international,arrival,442801,passengers,FY16/17
ZAF,2017-02,shared,passengers,international,departure,438840,passengers,FY16/17
ZAF,2017-02,shared,passengers,international,total,881641,passengers,FY16/17
ZAF,2018-02,shared,passengers,international,arrival,450302,passengers,FY17/18
ZAF,2018-02,shared,passengers,international,departure,450639,passengers,FY17/18
ZAF,2018-02,shared,passengers,international,total,900941,passengers,FY17/18
ZAF,2019-02,shared,passengers,international,arrival,444997,passengers,FY18/19
ZAF,2019-02,shared,passengers,international,departure,444862,passengers,FY18/19
ZAF,2019-02,shared,passengers,international,total,889859,passengers,FY18/19
ZAF,2020-02,shared,passengers,international,arrival,442555,passengers,FY19/20
ZAF,2020-02,shared,passengers,international,departure,444758,passengers,FY19/20
ZAF,2020-02,shared,passengers,international,total,887313,passengers,FY19/20
ZAF,2021-02,shared,passengers,international,arrival,44376,passengers,FY20/21
ZAF,2021-02,shared,passengers,international,departure,47811,passengers,FY20/21
ZAF,2021-02,shared,passengers,international,total,92187,passengers,FY20/21
ZAF,2022-02,shared,passengers,international,arrival,201303,passengers,FY21/22
ZAF,2022-02,shared,passengers,international,departure,198158,passengers,FY21/22
ZAF,2022-02,shared,passengers,international,total,399461,passengers,FY21/22
ZAF,2023-02,shared,passengers,international,arrival,354846,passengers,FY22/23
ZAF,2023-02,shared,passengers,international,departure,357198,passengers,FY22/23
ZAF,2023-02,shared,passengers,international,total,712044,passengers,FY22/23
ZAF,2024-02,shared,passengers,international,arrival,402901,passengers,FY23/24
ZAF,2024-02,shared,passengers,international,departure,409995,passengers,FY23/24
ZAF,2024-02,shared,passengers,international,total,812896,passengers,FY23/24
ZAF,2025-02,shared,passengers,international,arrival,410307,passengers,FY24/25
ZAF,2025-02,shared,passengers,international,departure,418716,passengers,FY24/25
ZAF,2025-02,shared,passengers,international,total,829023,passengers,FY24/25
ZAF,2026-02,shared,passengers,international,arrival,446654,passengers,FY25/26
ZAF,2026-02,shared,passengers,international,departure,447928,passengers,FY25/26
ZAF,2026-02,shared,passengers,international,total,894582,passengers,FY25/26
ZAF,2013-03,shared,passengers,international,arrival,431053,passengers,FY12/13
ZAF,2013-03,shared,passengers,international,departure,454289,passengers,FY12/13
ZAF,2013-03,shared,passengers,international,total,885342,passengers,FY12/13
ZAF,2014-03,shared,passengers,international,arrival,412070,passengers,FY13/14
ZAF,2014-03,shared,passengers,international,departure,456662,passengers,FY13/14
ZAF,2014-03,shared,passengers,international,total,868732,passengers,FY13/14
ZAF,2015-03,shared,passengers,international,arrival,437357,passengers,FY14/15
ZAF,2015-03,shared,passengers,international,departure,460555,passengers,FY14/15
ZAF,2015-03,shared,passengers,international,total,897912,passengers,FY14/15
ZAF,2016-03,shared,passengers,international,arrival,455514,passengers,FY15/16
ZAF,2016-03,shared,passengers,international,departure,483853,passengers,FY15/16
ZAF,2016-03,shared,passengers,international,total,939367,passengers,FY15/16
ZAF,2017-03,shared,passengers,international,arrival,468464,passengers,FY16/17
ZAF,2017-03,shared,passengers,international,departure,527326,passengers,FY16/17
ZAF,2017-03,shared,passengers,international,total,995790,passengers,FY16/17
ZAF,2018-03,shared,passengers,international,arrival,493603,passengers,FY17/18
ZAF,2018-03,shared,passengers,international,departure,534618,passengers,FY17/18
ZAF,2018-03,shared,passengers,international,total,1028221,passengers,FY17/18
ZAF,2019-03,shared,passengers,international,arrival,487600,passengers,FY18/19
ZAF,2019-03,shared,passengers,international,departure,542384,passengers,FY18/19
ZAF,2019-03,shared,passengers,international,total,1029984,passengers,FY18/19
ZAF,2020-03,shared,passengers,international,arrival,238207,passengers,FY19/20
ZAF,2020-03,shared,passengers,international,departure,320965,passengers,FY19/20
ZAF,2020-03,shared,passengers,international,total,559172,passengers,FY19/20
ZAF,2021-03,shared,passengers,international,arrival,64026,passengers,FY20/21
ZAF,2021-03,shared,passengers,international,departure,67350,passengers,FY20/21
ZAF,2021-03,shared,passengers,international,total,131376,passengers,FY20/21
ZAF,2022-03,shared,passengers,international,arrival,259331,passengers,FY21/22
ZAF,2022-03,shared,passengers,international,departure,288831,passengers,FY21/22
ZAF,2022-03,shared,passengers,international,total,548162,passengers,FY21/22
ZAF,2023-03,shared,passengers,international,arrival,380556,passengers,FY22/23
ZAF,2023-03,shared,passengers,international,departure,429720,passengers,FY22/23
ZAF,2023-03,shared,passengers,international,total,810276,passengers,FY22/23
ZAF,2024-03,shared,passengers,international,arrival,443816,passengers,FY23/24
ZAF,2024-03,shared,passengers,international,departure,477679,passengers,FY23/24
ZAF,2024-03,shared,passengers,international,total,921495,passengers,FY23/24
ZAF,2025-03,shared,passengers,international,arrival,435854,passengers,FY24/25
ZAF,2025-03,shared,passengers,international,departure,486956,passengers,FY24/25
ZAF,2025-03,shared,passengers,international,total,922810,passengers,FY24/25
ZAF,2026-03,shared,passengers,international,arrival,465481,passengers,FY25/26
ZAF,2026-03,shared,passengers,international,departure,502336,passengers,FY25/26
ZAF,2026-03,shared,passengers,international,total,967817,passengers,FY25/26
ZAF,2012-04,shared,passengers,regional,arrival,41797,passengers,FY12/13
ZAF,2012-04,shared,passengers,regional,departure,40103,passengers,FY12/13
ZAF,2012-04,shared,passengers,regional,total,81900,passengers,FY12/13
ZAF,2013-04,shared,passengers,regional,arrival,43145,passengers,FY13/14
ZAF,2013-04,shared,passengers,regional,departure,41746,passengers,FY13/14
ZAF,2013-04,shared,passengers,regional,total,84891,passengers,FY13/14
ZAF,2014-04,shared,passengers,regional,arrival,46562,passengers,FY14/15
ZAF,2014-04,shared,passengers,regional,departure,46226,passengers,FY14/15
ZAF,2014-04,shared,passengers,regional,total,92788,passengers,FY14/15
ZAF,2015-04,shared,passengers,regional,arrival,45008,passengers,FY15/16
ZAF,2015-04,shared,passengers,regional,departure,42684,passengers,FY15/16
ZAF,2015-04,shared,passengers,regional,total,87692,passengers,FY15/16
ZAF,2016-04,shared,passengers,regional,arrival,47362,passengers,FY16/17
ZAF,2016-04,shared,passengers,regional,departure,44998,passengers,FY16/17
ZAF,2016-04,shared,passengers,regional,total,92360,passengers,FY16/17
ZAF,2017-04,shared,passengers,regional,arrival,46725,passengers,FY17/18
ZAF,2017-04,shared,passengers,regional,departure,47810,passengers,FY17/18
ZAF,2017-04,shared,passengers,regional,total,94535,passengers,FY17/18
ZAF,2018-04,shared,passengers,regional,arrival,45646,passengers,FY18/19
ZAF,2018-04,shared,passengers,regional,departure,44301,passengers,FY18/19
ZAF,2018-04,shared,passengers,regional,total,89947,passengers,FY18/19
ZAF,2019-04,shared,passengers,regional,arrival,46842,passengers,FY19/20
ZAF,2019-04,shared,passengers,regional,departure,47838,passengers,FY19/20
ZAF,2019-04,shared,passengers,regional,total,94680,passengers,FY19/20
ZAF,2020-04,shared,passengers,regional,arrival,36,passengers,FY20/21
ZAF,2020-04,shared,passengers,regional,departure,60,passengers,FY20/21
ZAF,2020-04,shared,passengers,regional,total,96,passengers,FY20/21
ZAF,2021-04,shared,passengers,regional,arrival,11240,passengers,FY21/22
ZAF,2021-04,shared,passengers,regional,departure,11592,passengers,FY21/22
ZAF,2021-04,shared,passengers,regional,total,22832,passengers,FY21/22
ZAF,2022-04,shared,passengers,regional,arrival,28195,passengers,FY22/23
ZAF,2022-04,shared,passengers,regional,departure,28092,passengers,FY22/23
ZAF,2022-04,shared,passengers,regional,total,56287,passengers,FY22/23
ZAF,2023-04,shared,passengers,regional,arrival,34181,passengers,FY23/24
ZAF,2023-04,shared,passengers,regional,departure,33539,passengers,FY23/24
ZAF,2023-04,shared,passengers,regional,total,67720,passengers,FY23/24
ZAF,2024-04,shared,passengers,regional,arrival,38580,passengers,FY24/25
ZAF,2024-04,shared,passengers,regional,departure,39282,passengers,FY24/25
ZAF,2024-04,shared,passengers,regional,total,77862,passengers,FY24/25
ZAF,2025-04,shared,passengers,regional,arrival,43084,passengers,FY25/26
ZAF,2025-04,shared,passengers,regional,departure,44048,passengers,FY25/26
ZAF,2025-04,shared,passengers,regional,total,87132,passengers,FY25/26
ZAF,2026-04,shared,passengers,regional,arrival,44291,passengers,FY26/27
ZAF,2026-04,shared,passengers,regional,departure,45575,passengers,FY26/27
ZAF,2026-04,shared,passengers,regional,total,89866,passengers,FY26/27
ZAF,2012-05,shared,passengers,regional,arrival,40011,passengers,FY12/13
ZAF,2012-05,shared,passengers,regional,departure,42356,passengers,FY12/13
ZAF,2012-05,shared,passengers,regional,total,82367,passengers,FY12/13
ZAF,2013-05,shared,passengers,regional,arrival,43665,passengers,FY13/14
ZAF,2013-05,shared,passengers,regional,departure,45109,passengers,FY13/14
ZAF,2013-05,shared,passengers,regional,total,88774,passengers,FY13/14
ZAF,2014-05,shared,passengers,regional,arrival,46701,passengers,FY14/15
ZAF,2014-05,shared,passengers,regional,departure,46030,passengers,FY14/15
ZAF,2014-05,shared,passengers,regional,total,92731,passengers,FY14/15
ZAF,2015-05,shared,passengers,regional,arrival,45133,passengers,FY15/16
ZAF,2015-05,shared,passengers,regional,departure,45367,passengers,FY15/16
ZAF,2015-05,shared,passengers,regional,total,90500,passengers,FY15/16
ZAF,2016-05,shared,passengers,regional,arrival,47000,passengers,FY16/17
ZAF,2016-05,shared,passengers,regional,departure,49233,passengers,FY16/17
ZAF,2016-05,shared,passengers,regional,total,96233,passengers,FY16/17
ZAF,2017-05,shared,passengers,regional,arrival,49510,passengers,FY17/18
ZAF,2017-05,shared,passengers,regional,departure,51326,passengers,FY17/18
ZAF,2017-05,shared,passengers,regional,total,100836,passengers,FY17/18
ZAF,2018-05,shared,passengers,regional,arrival,45869,passengers,FY18/19
ZAF,2018-05,shared,passengers,regional,departure,47208,passengers,FY18/19
ZAF,2018-05,shared,passengers,regional,total,93077,passengers,FY18/19
ZAF,2019-05,shared,passengers,regional,arrival,46378,passengers,FY19/20
ZAF,2019-05,shared,passengers,regional,departure,46383,passengers,FY19/20
ZAF,2019-05,shared,passengers,regional,total,92761,passengers,FY19/20
ZAF,2020-05,shared,passengers,regional,arrival,0,passengers,FY20/21
ZAF,2020-05,shared,passengers,regional,departure,0,passengers,FY20/21
ZAF,2020-05,shared,passengers,regional,total,0,passengers,FY20/21
ZAF,2021-05,shared,passengers,regional,arrival,11781,passengers,FY21/22
ZAF,2021-05,shared,passengers,regional,departure,12864,passengers,FY21/22
ZAF,2021-05,shared,passengers,regional,total,24645,passengers,FY21/22
ZAF,2022-05,shared,passengers,regional,arrival,29045,passengers,FY22/23
ZAF,2022-05,shared,passengers,regional,departure,29326,passengers,FY22/23
ZAF,2022-05,shared,passengers,regional,total,58371,passengers,FY22/23
ZAF,2023-05,shared,passengers,regional,arrival,36096,passengers,FY23/24
ZAF,2023-05,shared,passengers,regional,departure,35250,passengers,FY23/24
ZAF,2023-05,shared,passengers,regional,total,71346,passengers,FY23/24
ZAF,2024-05,shared,passengers,regional,arrival,40932,passengers,FY24/25
ZAF,2024-05,shared,passengers,regional,departure,40061,passengers,FY24/25
ZAF,2024-05,shared,passengers,regional,total,80993,passengers,FY24/25
ZAF,2025-05,shared,passengers,regional,arrival,45014,passengers,FY25/26
ZAF,2025-05,shared,passengers,regional,departure,42469,passengers,FY25/26
ZAF,2025-05,shared,passengers,regional,total,87483,passengers,FY25/26
ZAF,2026-05,shared,passengers,regional,arrival,46933,passengers,FY26/27
ZAF,2026-05,shared,passengers,regional,departure,45390,passengers,FY26/27
ZAF,2026-05,shared,passengers,regional,total,92323,passengers,FY26/27
ZAF,2012-06,shared,passengers,regional,arrival,37353,passengers,FY12/13
ZAF,2012-06,shared,passengers,regional,departure,40174,passengers,FY12/13
ZAF,2012-06,shared,passengers,regional,total,77527,passengers,FY12/13
ZAF,2013-06,shared,passengers,regional,arrival,40670,passengers,FY13/14
ZAF,2013-06,shared,passengers,regional,departure,42987,passengers,FY13/14
ZAF,2013-06,shared,passengers,regional,total,83657,passengers,FY13/14
ZAF,2014-06,shared,passengers,regional,arrival,42845,passengers,FY14/15
ZAF,2014-06,shared,passengers,regional,departure,45072,passengers,FY14/15
ZAF,2014-06,shared,passengers,regional,total,87917,passengers,FY14/15
ZAF,2015-06,shared,passengers,regional,arrival,40471,passengers,FY15/16
ZAF,2015-06,shared,passengers,regional,departure,43029,passengers,FY15/16
ZAF,2015-06,shared,passengers,regional,total,83500,passengers,FY15/16
ZAF,2016-06,shared,passengers,regional,arrival,45375,passengers,FY16/17
ZAF,2016-06,shared,passengers,regional,departure,47678,passengers,FY16/17
ZAF,2016-06,shared,passengers,regional,total,93053,passengers,FY16/17
ZAF,2017-06,shared,passengers,regional,arrival,44826,passengers,FY17/18
ZAF,2017-06,shared,passengers,regional,departure,45518,passengers,FY17/18
ZAF,2017-06,shared,passengers,regional,total,90344,passengers,FY17/18
ZAF,2018-06,shared,passengers,regional,arrival,42153,passengers,FY18/19
ZAF,2018-06,shared,passengers,regional,departure,44149,passengers,FY18/19
ZAF,2018-06,shared,passengers,regional,total,86302,passengers,FY18/19
ZAF,2019-06,shared,passengers,regional,arrival,42618,passengers,FY19/20
ZAF,2019-06,shared,passengers,regional,departure,45766,passengers,FY19/20
ZAF,2019-06,shared,passengers,regional,total,88384,passengers,FY19/20
ZAF,2020-06,shared,passengers,regional,arrival,0,passengers,FY20/21
ZAF,2020-06,shared,passengers,regional,departure,0,passengers,FY20/21
ZAF,2020-06,shared,passengers,regional,total,0,passengers,FY20/21
ZAF,2021-06,shared,passengers,regional,arrival,9920,passengers,FY21/22
ZAF,2021-06,shared,passengers,regional,departure,11165,passengers,FY21/22
ZAF,2021-06,shared,passengers,regional,total,21085,passengers,FY21/22
ZAF,2022-06,shared,passengers,regional,arrival,27485,passengers,FY22/23
ZAF,2022-06,shared,passengers,regional,departure,28742,passengers,FY22/23
ZAF,2022-06,shared,passengers,regional,total,56227,passengers,FY22/23
ZAF,2023-06,shared,passengers,regional,arrival,33459,passengers,FY23/24
ZAF,2023-06,shared,passengers,regional,departure,35142,passengers,FY23/24
ZAF,2023-06,shared,passengers,regional,total,68601,passengers,FY23/24
ZAF,2024-06,shared,passengers,regional,arrival,40429,passengers,FY24/25
ZAF,2024-06,shared,passengers,regional,departure,41180,passengers,FY24/25
ZAF,2024-06,shared,passengers,regional,total,81609,passengers,FY24/25
ZAF,2025-06,shared,passengers,regional,arrival,41230,passengers,FY25/26
ZAF,2025-06,shared,passengers,regional,departure,43470,passengers,FY25/26
ZAF,2025-06,shared,passengers,regional,total,84700,passengers,FY25/26
ZAF,2026-06,shared,passengers,regional,arrival,39382,passengers,FY26/27
ZAF,2026-06,shared,passengers,regional,departure,41339,passengers,FY26/27
ZAF,2026-06,shared,passengers,regional,total,80721,passengers,FY26/27
ZAF,2012-07,shared,passengers,regional,arrival,42354,passengers,FY12/13
ZAF,2012-07,shared,passengers,regional,departure,43511,passengers,FY12/13
ZAF,2012-07,shared,passengers,regional,total,85865,passengers,FY12/13
ZAF,2013-07,shared,passengers,regional,arrival,44548,passengers,FY13/14
ZAF,2013-07,shared,passengers,regional,departure,46673,passengers,FY13/14
ZAF,2013-07,shared,passengers,regional,total,91221,passengers,FY13/14
ZAF,2014-07,shared,passengers,regional,arrival,46237,passengers,FY14/15
ZAF,2014-07,shared,passengers,regional,departure,49232,passengers,FY14/15
ZAF,2014-07,shared,passengers,regional,total,95469,passengers,FY14/15
ZAF,2015-07,shared,passengers,regional,arrival,47170,passengers,FY15/16
ZAF,2015-07,shared,passengers,regional,departure,48738,passengers,FY15/16
ZAF,2015-07,shared,passengers,regional,total,95908,passengers,FY15/16
ZAF,2016-07,shared,passengers,regional,arrival,51037,passengers,FY16/17
ZAF,2016-07,shared,passengers,regional,departure,54222,passengers,FY16/17
ZAF,2016-07,shared,passengers,regional,total,105259,passengers,FY16/17
ZAF,2017-07,shared,passengers,regional,arrival,50288,passengers,FY17/18
ZAF,2017-07,shared,passengers,regional,departure,52204,passengers,FY17/18
ZAF,2017-07,shared,passengers,regional,total,102492,passengers,FY17/18
ZAF,2018-07,shared,passengers,regional,arrival,48141,passengers,FY18/19
ZAF,2018-07,shared,passengers,regional,departure,47205,passengers,FY18/19
ZAF,2018-07,shared,passengers,regional,total,95346,passengers,FY18/19
ZAF,2019-07,shared,passengers,regional,arrival,49439,passengers,FY19/20
ZAF,2019-07,shared,passengers,regional,departure,51082,passengers,FY19/20
ZAF,2019-07,shared,passengers,regional,total,100521,passengers,FY19/20
ZAF,2020-07,shared,passengers,regional,arrival,0,passengers,FY20/21
ZAF,2020-07,shared,passengers,regional,departure,0,passengers,FY20/21
ZAF,2020-07,shared,passengers,regional,total,0,passengers,FY20/21
ZAF,2021-07,shared,passengers,regional,arrival,9200,passengers,FY21/22
ZAF,2021-07,shared,passengers,regional,departure,9698,passengers,FY21/22
ZAF,2021-07,shared,passengers,regional,total,18898,passengers,FY21/22
ZAF,2022-07,shared,passengers,regional,arrival,32727,passengers,FY22/23
ZAF,2022-07,shared,passengers,regional,departure,31705,passengers,FY22/23
ZAF,2022-07,shared,passengers,regional,total,64432,passengers,FY22/23
ZAF,2023-07,shared,passengers,regional,arrival,39846,passengers,FY23/24
ZAF,2023-07,shared,passengers,regional,departure,39318,passengers,FY23/24
ZAF,2023-07,shared,passengers,regional,total,79164,passengers,FY23/24
ZAF,2024-07,shared,passengers,regional,arrival,42339,passengers,FY24/25
ZAF,2024-07,shared,passengers,regional,departure,42978,passengers,FY24/25
ZAF,2024-07,shared,passengers,regional,total,85317,passengers,FY24/25
ZAF,2025-07,shared,passengers,regional,arrival,46713,passengers,FY25/26
ZAF,2025-07,shared,passengers,regional,departure,47307,passengers,FY25/26
ZAF,2025-07,shared,passengers,regional,total,94020,passengers,FY25/26
ZAF,2026-07,shared,passengers,regional,arrival,47342,passengers,FY26/27
ZAF,2026-07,shared,passengers,regional,departure,45483,passengers,FY26/27
ZAF,2026-07,shared,passengers,regional,total,92825,passengers,FY26/27
ZAF,2012-08,shared,passengers,regional,arrival,47192,passengers,FY12/13
ZAF,2012-08,shared,passengers,regional,departure,44595,passengers,FY12/13
ZAF,2012-08,shared,passengers,regional,total,91787,passengers,FY12/13
ZAF,2013-08,shared,passengers,regional,arrival,51739,passengers,FY13/14
ZAF,2013-08,shared,passengers,regional,departure,48613,passengers,FY13/14
ZAF,2013-08,shared,passengers,regional,total,100352,passengers,FY13/14
ZAF,2014-08,shared,passengers,regional,arrival,54430,passengers,FY14/15
ZAF,2014-08,shared,passengers,regional,departure,51778,passengers,FY14/15
ZAF,2014-08,shared,passengers,regional,total,106208,passengers,FY14/15
ZAF,2015-08,shared,passengers,regional,arrival,54224,passengers,FY15/16
ZAF,2015-08,shared,passengers,regional,departure,51982,passengers,FY15/16
ZAF,2015-08,shared,passengers,regional,total,106206,passengers,FY15/16
ZAF,2016-08,shared,passengers,regional,arrival,57698,passengers,FY16/17
ZAF,2016-08,shared,passengers,regional,departure,54198,passengers,FY16/17
ZAF,2016-08,shared,passengers,regional,total,111896,passengers,FY16/17
ZAF,2017-08,shared,passengers,regional,arrival,54568,passengers,FY17/18
ZAF,2017-08,shared,passengers,regional,departure,50385,passengers,FY17/18
ZAF,2017-08,shared,passengers,regional,total,104953,passengers,FY17/18
ZAF,2018-08,shared,passengers,regional,arrival,53853,passengers,FY18/19
ZAF,2018-08,shared,passengers,regional,departure,49077,passengers,FY18/19
ZAF,2018-08,shared,passengers,regional,total,102930,passengers,FY18/19
ZAF,2019-08,shared,passengers,regional,arrival,56698,passengers,FY19/20
ZAF,2019-08,shared,passengers,regional,departure,52659,passengers,FY19/20
ZAF,2019-08,shared,passengers,regional,total,109357,passengers,FY19/20
ZAF,2020-08,shared,passengers,regional,arrival,0,passengers,FY20/21
ZAF,2020-08,shared,passengers,regional,departure,0,passengers,FY20/21
ZAF,2020-08,shared,passengers,regional,total,0,passengers,FY20/21
ZAF,2021-08,shared,passengers,regional,arrival,13590,passengers,FY21/22
ZAF,2021-08,shared,passengers,regional,departure,12359,passengers,FY21/22
ZAF,2021-08,shared,passengers,regional,total,25949,passengers,FY21/22
ZAF,2022-08,shared,passengers,regional,arrival,34431,passengers,FY22/23
ZAF,2022-08,shared,passengers,regional,departure,32156,passengers,FY22/23
ZAF,2022-08,shared,passengers,regional,total,66587,passengers,FY22/23
ZAF,2023-08,shared,passengers,regional,arrival,42907,passengers,FY23/24
ZAF,2023-08,shared,passengers,regional,departure,40252,passengers,FY23/24
ZAF,2023-08,shared,passengers,regional,total,83159,passengers,FY23/24
ZAF,2024-08,shared,passengers,regional,arrival,49264,passengers,FY24/25
ZAF,2024-08,shared,passengers,regional,departure,45684,passengers,FY24/25
ZAF,2024-08,shared,passengers,regional,total,94948,passengers,FY24/25
ZAF,2025-08,shared,passengers,regional,arrival,53098,passengers,FY25/26
ZAF,2025-08,shared,passengers,regional,departure,50024,passengers,FY25/26
ZAF,2025-08,shared,passengers,regional,total,103122,passengers,FY25/26
ZAF,2026-08,shared,passengers,regional,arrival,54213,passengers,FY26/27
ZAF,2026-08,shared,passengers,regional,departure,51516,passengers,FY26/27
ZAF,2026-08,shared,passengers,regional,total,105729,passengers,FY26/27
ZAF,2012-09,shared,passengers,regional,arrival,43179,passengers,FY12/13
ZAF,2012-09,shared,passengers,regional,departure,44730,passengers,FY12/13
ZAF,2012-09,shared,passengers,regional,total,87909,passengers,FY12/13
ZAF,2013-09,shared,passengers,regional,arrival,47740,passengers,FY13/14
ZAF,2013-09,shared,passengers,regional,departure,48273,passengers,FY13/14
ZAF,2013-09,shared,passengers,regional,total,96013,passengers,FY13/14
ZAF,2014-09,shared,passengers,regional,arrival,47321,passengers,FY14/15
ZAF,2014-09,shared,passengers,regional,departure,47269,passengers,FY14/15
ZAF,2014-09,shared,passengers,regional,total,94590,passengers,FY14/15
ZAF,2015-09,shared,passengers,regional,arrival,48330,passengers,FY15/16
ZAF,2015-09,shared,passengers,regional,departure,47663,passengers,FY15/16
ZAF,2015-09,shared,passengers,regional,total,95993,passengers,FY15/16
ZAF,2016-09,shared,passengers,regional,arrival,52594,passengers,FY16/17
ZAF,2016-09,shared,passengers,regional,departure,52553,passengers,FY16/17
ZAF,2016-09,shared,passengers,regional,total,105147,passengers,FY16/17
ZAF,2017-09,shared,passengers,regional,arrival,49764,passengers,FY17/18
ZAF,2017-09,shared,passengers,regional,departure,50005,passengers,FY17/18
ZAF,2017-09,shared,passengers,regional,total,99769,passengers,FY17/18
ZAF,2018-09,shared,passengers,regional,arrival,49289,passengers,FY18/19
ZAF,2018-09,shared,passengers,regional,departure,50111,passengers,FY18/19
ZAF,2018-09,shared,passengers,regional,total,99400,passengers,FY18/19
ZAF,2019-09,shared,passengers,regional,arrival,51060,passengers,FY19/20
ZAF,2019-09,shared,passengers,regional,departure,50519,passengers,FY19/20
ZAF,2019-09,shared,passengers,regional,total,101579,passengers,FY19/20
ZAF,2020-09,shared,passengers,regional,arrival,0,passengers,FY20/21
ZAF,2020-09,shared,passengers,regional,departure,0,passengers,FY20/21
ZAF,2020-09,shared,passengers,regional,total,0,passengers,FY20/21
ZAF,2021-09,shared,passengers,regional,arrival,15175,passengers,FY21/22
ZAF,2021-09,shared,passengers,regional,departure,15221,passengers,FY21/22
ZAF,2021-09,shared,passengers,regional,total,30396,passengers,FY21/22
ZAF,2022-09,shared,passengers,regional,arrival,33459,passengers,FY22/23
ZAF,2022-09,shared,passengers,regional,departure,31234,passengers,FY22/23
ZAF,2022-09,shared,passengers,regional,total,64693,passengers,FY22/23
ZAF,2023-09,shared,passengers,regional,arrival,41121,passengers,FY23/24
ZAF,2023-09,shared,passengers,regional,departure,39326,passengers,FY23/24
ZAF,2023-09,shared,passengers,regional,total,80447,passengers,FY23/24
ZAF,2024-09,shared,passengers,regional,arrival,46451,passengers,FY24/25
ZAF,2024-09,shared,passengers,regional,departure,46716,passengers,FY24/25
ZAF,2024-09,shared,passengers,regional,total,93167,passengers,FY24/25
ZAF,2025-09,shared,passengers,regional,arrival,50782,passengers,FY25/26
ZAF,2025-09,shared,passengers,regional,departure,48833,passengers,FY25/26
ZAF,2025-09,shared,passengers,regional,total,99615,passengers,FY25/26
ZAF,2012-10,shared,passengers,regional,arrival,43097,passengers,FY12/13
ZAF,2012-10,shared,passengers,regional,departure,45849,passengers,FY12/13
ZAF,2012-10,shared,passengers,regional,total,88946,passengers,FY12/13
ZAF,2013-10,shared,passengers,regional,arrival,48147,passengers,FY13/14
ZAF,2013-10,shared,passengers,regional,departure,49081,passengers,FY13/14
ZAF,2013-10,shared,passengers,regional,total,97228,passengers,FY13/14
ZAF,2014-10,shared,passengers,regional,arrival,50798,passengers,FY14/15
ZAF,2014-10,shared,passengers,regional,departure,50034,passengers,FY14/15
ZAF,2014-10,shared,passengers,regional,total,100832,passengers,FY14/15
ZAF,2015-10,shared,passengers,regional,arrival,50851,passengers,FY15/16
ZAF,2015-10,shared,passengers,regional,departure,49486,passengers,FY15/16
ZAF,2015-10,shared,passengers,regional,total,100337,passengers,FY15/16
ZAF,2016-10,shared,passengers,regional,arrival,52244,passengers,FY16/17
ZAF,2016-10,shared,passengers,regional,departure,52142,passengers,FY16/17
ZAF,2016-10,shared,passengers,regional,total,104386,passengers,FY16/17
ZAF,2017-10,shared,passengers,regional,arrival,51820,passengers,FY17/18
ZAF,2017-10,shared,passengers,regional,departure,50856,passengers,FY17/18
ZAF,2017-10,shared,passengers,regional,total,102676,passengers,FY17/18
ZAF,2018-10,shared,passengers,regional,arrival,50852,passengers,FY18/19
ZAF,2018-10,shared,passengers,regional,departure,48449,passengers,FY18/19
ZAF,2018-10,shared,passengers,regional,total,99301,passengers,FY18/19
ZAF,2019-10,shared,passengers,regional,arrival,47523,passengers,FY19/20
ZAF,2019-10,shared,passengers,regional,departure,46484,passengers,FY19/20
ZAF,2019-10,shared,passengers,regional,total,94007,passengers,FY19/20
ZAF,2020-10,shared,passengers,regional,arrival,1170,passengers,FY20/21
ZAF,2020-10,shared,passengers,regional,departure,1211,passengers,FY20/21
ZAF,2020-10,shared,passengers,regional,total,2381,passengers,FY20/21
ZAF,2021-10,shared,passengers,regional,arrival,19403,passengers,FY21/22
ZAF,2021-10,shared,passengers,regional,departure,19634,passengers,FY21/22
ZAF,2021-10,shared,passengers,regional,total,39037,passengers,FY21/22
ZAF,2022-10,shared,passengers,regional,arrival,32886,passengers,FY22/23
ZAF,2022-10,shared,passengers,regional,departure,32217,passengers,FY22/23
ZAF,2022-10,shared,passengers,regional,total,65103,passengers,FY22/23
ZAF,2023-10,shared,passengers,regional,arrival,40509,passengers,FY23/24
ZAF,2023-10,shared,passengers,regional,departure,38558,passengers,FY23/24
ZAF,2023-10,shared,passengers,regional,total,79067,passengers,FY23/24
ZAF,2024-10,shared,passengers,regional,arrival,44842,passengers,FY24/25
ZAF,2024-10,shared,passengers,regional,departure,42140,passengers,FY24/25
ZAF,2024-10,shared,passengers,regional,total,86982,passengers,FY24/25
ZAF,2025-10,shared,passengers,regional,arrival,50859,passengers,FY25/26
ZAF,2025-10,shared,passengers,regional,departure,48453,passengers,FY25/26
ZAF,2025-10,shared,passengers,regional,total,99312,passengers,FY25/26
ZAF,2012-11,shared,passengers,regional,arrival,44428,passengers,FY12/13
ZAF,2012-11,shared,passengers,regional,departure,41526,passengers,FY12/13
ZAF,2012-11,shared,passengers,regional,total,85954,passengers,FY12/13
ZAF,2013-11,shared,passengers,regional,arrival,47620,passengers,FY13/14
ZAF,2013-11,shared,passengers,regional,departure,45082,passengers,FY13/14
ZAF,2013-11,shared,passengers,regional,total,92702,passengers,FY13/14
ZAF,2014-11,shared,passengers,regional,arrival,47857,passengers,FY14/15
ZAF,2014-11,shared,passengers,regional,departure,45640,passengers,FY14/15
ZAF,2014-11,shared,passengers,regional,total,93497,passengers,FY14/15
ZAF,2015-11,shared,passengers,regional,arrival,49676,passengers,FY15/16
ZAF,2015-11,shared,passengers,regional,departure,47984,passengers,FY15/16
ZAF,2015-11,shared,passengers,regional,total,97660,passengers,FY15/16
ZAF,2016-11,shared,passengers,regional,arrival,48235,passengers,FY16/17
ZAF,2016-11,shared,passengers,regional,departure,46636,passengers,FY16/17
ZAF,2016-11,shared,passengers,regional,total,94871,passengers,FY16/17
ZAF,2017-11,shared,passengers,regional,arrival,50547,passengers,FY17/18
ZAF,2017-11,shared,passengers,regional,departure,46798,passengers,FY17/18
ZAF,2017-11,shared,passengers,regional,total,97345,passengers,FY17/18
ZAF,2018-11,shared,passengers,regional,arrival,51635,passengers,FY18/19
ZAF,2018-11,shared,passengers,regional,departure,48935,passengers,FY18/19
ZAF,2018-11,shared,passengers,regional,total,100570,passengers,FY18/19
ZAF,2019-11,shared,passengers,regional,arrival,46773,passengers,FY19/20
ZAF,2019-11,shared,passengers,regional,departure,44965,passengers,FY19/20
ZAF,2019-11,shared,passengers,regional,total,91738,passengers,FY19/20
ZAF,2020-11,shared,passengers,regional,arrival,5671,passengers,FY20/21
ZAF,2020-11,shared,passengers,regional,departure,5774,passengers,FY20/21
ZAF,2020-11,shared,passengers,regional,total,11445,passengers,FY20/21
ZAF,2021-11,shared,passengers,regional,arrival,20711,passengers,FY21/22
ZAF,2021-11,shared,passengers,regional,departure,20622,passengers,FY21/22
ZAF,2021-11,shared,passengers,regional,total,41333,passengers,FY21/22
ZAF,2022-11,shared,passengers,regional,arrival,33317,passengers,FY22/23
ZAF,2022-11,shared,passengers,regional,departure,30996,passengers,FY22/23
ZAF,2022-11,shared,passengers,regional,total,64313,passengers,FY22/23
ZAF,2023-11,shared,passengers,regional,arrival,39720,passengers,FY23/24
ZAF,2023-11,shared,passengers,regional,departure,37225,passengers,FY23/24
ZAF,2023-11,shared,passengers,regional,total,76945,passengers,FY23/24
ZAF,2024-11,shared,passengers,regional,arrival,45001,passengers,FY24/25
ZAF,2024-11,shared,passengers,regional,departure,42164,passengers,FY24/25
ZAF,2024-11,shared,passengers,regional,total,87165,passengers,FY24/25
ZAF,2025-11,shared,passengers,regional,arrival,46978,passengers,FY25/26
ZAF,2025-11,shared,passengers,regional,departure,45498,passengers,FY25/26
ZAF,2025-11,shared,passengers,regional,total,92476,passengers,FY25/26
ZAF,2012-12,shared,passengers,regional,arrival,37596,passengers,FY12/13
ZAF,2012-12,shared,passengers,regional,departure,35853,passengers,FY12/13
ZAF,2012-12,shared,passengers,regional,total,73449,passengers,FY12/13
ZAF,2013-12,shared,passengers,regional,arrival,38734,passengers,FY13/14
ZAF,2013-12,shared,passengers,regional,departure,36384,passengers,FY13/14
ZAF,2013-12,shared,passengers,regional,total,75118,passengers,FY13/14
ZAF,2014-12,shared,passengers,regional,arrival,39368,passengers,FY14/15
ZAF,2014-12,shared,passengers,regional,departure,35498,passengers,FY14/15
ZAF,2014-12,shared,passengers,regional,total,74866,passengers,FY14/15
ZAF,2015-12,shared,passengers,regional,arrival,42591,passengers,FY15/16
ZAF,2015-12,shared,passengers,regional,departure,40293,passengers,FY15/16
ZAF,2015-12,shared,passengers,regional,total,82884,passengers,FY15/16
ZAF,2016-12,shared,passengers,regional,arrival,44189,passengers,FY16/17
ZAF,2016-12,shared,passengers,regional,departure,40738,passengers,FY16/17
ZAF,2016-12,shared,passengers,regional,total,84927,passengers,FY16/17
ZAF,2017-12,shared,passengers,regional,arrival,44765,passengers,FY17/18
ZAF,2017-12,shared,passengers,regional,departure,43532,passengers,FY17/18
ZAF,2017-12,shared,passengers,regional,total,88297,passengers,FY17/18
ZAF,2018-12,shared,passengers,regional,arrival,45333,passengers,FY18/19
ZAF,2018-12,shared,passengers,regional,departure,44321,passengers,FY18/19
ZAF,2018-12,shared,passengers,regional,total,89654,passengers,FY18/19
ZAF,2019-12,shared,passengers,regional,arrival,41564,passengers,FY19/20
ZAF,2019-12,shared,passengers,regional,departure,41257,passengers,FY19/20
ZAF,2019-12,shared,passengers,regional,total,82821,passengers,FY19/20
ZAF,2020-12,shared,passengers,regional,arrival,8534,passengers,FY20/21
ZAF,2020-12,shared,passengers,regional,departure,9124,passengers,FY20/21
ZAF,2020-12,shared,passengers,regional,total,17658,passengers,FY20/21
ZAF,2021-12,shared,passengers,regional,arrival,15101,passengers,FY21/22
ZAF,2021-12,shared,passengers,regional,departure,16346,passengers,FY21/22
ZAF,2021-12,shared,passengers,regional,total,31447,passengers,FY21/22
ZAF,2022-12,shared,passengers,regional,arrival,29485,passengers,FY22/23
ZAF,2022-12,shared,passengers,regional,departure,30242,passengers,FY22/23
ZAF,2022-12,shared,passengers,regional,total,59727,passengers,FY22/23
ZAF,2023-12,shared,passengers,regional,arrival,36721,passengers,FY23/24
ZAF,2023-12,shared,passengers,regional,departure,36300,passengers,FY23/24
ZAF,2023-12,shared,passengers,regional,total,73021,passengers,FY23/24
ZAF,2024-12,shared,passengers,regional,arrival,41318,passengers,FY24/25
ZAF,2024-12,shared,passengers,regional,departure,41154,passengers,FY24/25
ZAF,2024-12,shared,passengers,regional,total,82472,passengers,FY24/25
ZAF,2025-12,shared,passengers,regional,arrival,48142,passengers,FY25/26
ZAF,2025-12,shared,passengers,regional,departure,46254,passengers,FY25/26
ZAF,2025-12,shared,passengers,regional,total,94396,passengers,FY25/26
ZAF,2013-01,shared,passengers,regional,arrival,32657,passengers,FY12/13
ZAF,2013-01,shared,passengers,regional,departure,31835,passengers,FY12/13
ZAF,2013-01,shared,passengers,regional,total,64492,passengers,FY12/13
ZAF,2014-01,shared,passengers,regional,arrival,35402,passengers,FY13/14
ZAF,2014-01,shared,passengers,regional,departure,33937,passengers,FY13/14
ZAF,2014-01,shared,passengers,regional,total,69339,passengers,FY13/14
ZAF,2015-01,shared,passengers,regional,arrival,33518,passengers,FY14/15
ZAF,2015-01,shared,passengers,regional,departure,33878,passengers,FY14/15
ZAF,2015-01,shared,passengers,regional,total,67396,passengers,FY14/15
ZAF,2016-01,shared,passengers,regional,arrival,38119,passengers,FY15/16
ZAF,2016-01,shared,passengers,regional,departure,36593,passengers,FY15/16
ZAF,2016-01,shared,passengers,regional,total,74712,passengers,FY15/16
ZAF,2017-01,shared,passengers,regional,arrival,38236,passengers,FY16/17
ZAF,2017-01,shared,passengers,regional,departure,38809,passengers,FY16/17
ZAF,2017-01,shared,passengers,regional,total,77045,passengers,FY16/17
ZAF,2018-01,shared,passengers,regional,arrival,38018,passengers,FY17/18
ZAF,2018-01,shared,passengers,regional,departure,37735,passengers,FY17/18
ZAF,2018-01,shared,passengers,regional,total,75753,passengers,FY17/18
ZAF,2019-01,shared,passengers,regional,arrival,37784,passengers,FY18/19
ZAF,2019-01,shared,passengers,regional,departure,36744,passengers,FY18/19
ZAF,2019-01,shared,passengers,regional,total,74528,passengers,FY18/19
ZAF,2020-01,shared,passengers,regional,arrival,35816,passengers,FY19/20
ZAF,2020-01,shared,passengers,regional,departure,34600,passengers,FY19/20
ZAF,2020-01,shared,passengers,regional,total,70416,passengers,FY19/20
ZAF,2021-01,shared,passengers,regional,arrival,6900,passengers,FY20/21
ZAF,2021-01,shared,passengers,regional,departure,6124,passengers,FY20/21
ZAF,2021-01,shared,passengers,regional,total,13024,passengers,FY20/21
ZAF,2022-01,shared,passengers,regional,arrival,15460,passengers,FY21/22
ZAF,2022-01,shared,passengers,regional,departure,14750,passengers,FY21/22
ZAF,2022-01,shared,passengers,regional,total,30210,passengers,FY21/22
ZAF,2023-01,shared,passengers,regional,arrival,25056,passengers,FY22/23
ZAF,2023-01,shared,passengers,regional,departure,24299,passengers,FY22/23
ZAF,2023-01,shared,passengers,regional,total,49355,passengers,FY22/23
ZAF,2024-01,shared,passengers,regional,arrival,31264,passengers,FY23/24
ZAF,2024-01,shared,passengers,regional,departure,29042,passengers,FY23/24
ZAF,2024-01,shared,passengers,regional,total,60306,passengers,FY23/24
ZAF,2025-01,shared,passengers,regional,arrival,35267,passengers,FY24/25
ZAF,2025-01,shared,passengers,regional,departure,32609,passengers,FY24/25
ZAF,2025-01,shared,passengers,regional,total,67876,passengers,FY24/25
ZAF,2026-01,shared,passengers,regional,arrival,38753,passengers,FY25/26
ZAF,2026-01,shared,passengers,regional,departure,37265,passengers,FY25/26
ZAF,2026-01,shared,passengers,regional,total,76018,passengers,FY25/26
ZAF,2013-02,shared,passengers,regional,arrival,34013,passengers,FY12/13
ZAF,2013-02,shared,passengers,regional,departure,34868,passengers,FY12/13
ZAF,2013-02,shared,passengers,regional,total,68881,passengers,FY12/13
ZAF,2014-02,shared,passengers,regional,arrival,36455,passengers,FY13/14
ZAF,2014-02,shared,passengers,regional,departure,36605,passengers,FY13/14
ZAF,2014-02,shared,passengers,regional,total,73060,passengers,FY13/14
ZAF,2015-02,shared,passengers,regional,arrival,35446,passengers,FY14/15
ZAF,2015-02,shared,passengers,regional,departure,34683,passengers,FY14/15
ZAF,2015-02,shared,passengers,regional,total,70129,passengers,FY14/15
ZAF,2016-02,shared,passengers,regional,arrival,38843,passengers,FY15/16
ZAF,2016-02,shared,passengers,regional,departure,38310,passengers,FY15/16
ZAF,2016-02,shared,passengers,regional,total,77153,passengers,FY15/16
ZAF,2017-02,shared,passengers,regional,arrival,38330,passengers,FY16/17
ZAF,2017-02,shared,passengers,regional,departure,38504,passengers,FY16/17
ZAF,2017-02,shared,passengers,regional,total,76834,passengers,FY16/17
ZAF,2018-02,shared,passengers,regional,arrival,37583,passengers,FY17/18
ZAF,2018-02,shared,passengers,regional,departure,36855,passengers,FY17/18
ZAF,2018-02,shared,passengers,regional,total,74438,passengers,FY17/18
ZAF,2019-02,shared,passengers,regional,arrival,37178,passengers,FY18/19
ZAF,2019-02,shared,passengers,regional,departure,38007,passengers,FY18/19
ZAF,2019-02,shared,passengers,regional,total,75185,passengers,FY18/19
ZAF,2020-02,shared,passengers,regional,arrival,34802,passengers,FY19/20
ZAF,2020-02,shared,passengers,regional,departure,34918,passengers,FY19/20
ZAF,2020-02,shared,passengers,regional,total,69720,passengers,FY19/20
ZAF,2021-02,shared,passengers,regional,arrival,6187,passengers,FY20/21
ZAF,2021-02,shared,passengers,regional,departure,5673,passengers,FY20/21
ZAF,2021-02,shared,passengers,regional,total,11860,passengers,FY20/21
ZAF,2022-02,shared,passengers,regional,arrival,17498,passengers,FY21/22
ZAF,2022-02,shared,passengers,regional,departure,17349,passengers,FY21/22
ZAF,2022-02,shared,passengers,regional,total,34847,passengers,FY21/22
ZAF,2023-02,shared,passengers,regional,arrival,25390,passengers,FY22/23
ZAF,2023-02,shared,passengers,regional,departure,25625,passengers,FY22/23
ZAF,2023-02,shared,passengers,regional,total,51015,passengers,FY22/23
ZAF,2024-02,shared,passengers,regional,arrival,31545,passengers,FY23/24
ZAF,2024-02,shared,passengers,regional,departure,31186,passengers,FY23/24
ZAF,2024-02,shared,passengers,regional,total,62731,passengers,FY23/24
ZAF,2025-02,shared,passengers,regional,arrival,32018,passengers,FY24/25
ZAF,2025-02,shared,passengers,regional,departure,31938,passengers,FY24/25
ZAF,2025-02,shared,passengers,regional,total,63956,passengers,FY24/25
ZAF,2026-02,shared,passengers,regional,arrival,37178,passengers,FY25/26
ZAF,2026-02,shared,passengers,regional,departure,36186,passengers,FY25/26
ZAF,2026-02,shared,passengers,regional,total,73364,passengers,FY25/26
ZAF,2013-03,shared,passengers,regional,arrival,39578,passengers,FY12/13
ZAF,2013-03,shared,passengers,regional,departure,42169,passengers,FY12/13
ZAF,2013-03,shared,passengers,regional,total,81747,passengers,FY12/13
ZAF,2014-03,shared,passengers,regional,arrival,41172,passengers,FY13/14
ZAF,2014-03,shared,passengers,regional,departure,44499,passengers,FY13/14
ZAF,2014-03,shared,passengers,regional,total,85671,passengers,FY13/14
ZAF,2015-03,shared,passengers,regional,arrival,42952,passengers,FY14/15
ZAF,2015-03,shared,passengers,regional,departure,45871,passengers,FY14/15
ZAF,2015-03,shared,passengers,regional,total,88823,passengers,FY14/15
ZAF,2016-03,shared,passengers,regional,arrival,44558,passengers,FY15/16
ZAF,2016-03,shared,passengers,regional,departure,48401,passengers,FY15/16
ZAF,2016-03,shared,passengers,regional,total,92959,passengers,FY15/16
ZAF,2017-03,shared,passengers,regional,arrival,44917,passengers,FY16/17
ZAF,2017-03,shared,passengers,regional,departure,46093,passengers,FY16/17
ZAF,2017-03,shared,passengers,regional,total,91010,passengers,FY16/17
ZAF,2018-03,shared,passengers,regional,arrival,44001,passengers,FY17/18
ZAF,2018-03,shared,passengers,regional,departure,47545,passengers,FY17/18
ZAF,2018-03,shared,passengers,regional,total,91546,passengers,FY17/18
ZAF,2019-03,shared,passengers,regional,arrival,47236,passengers,FY18/19
ZAF,2019-03,shared,passengers,regional,departure,49540,passengers,FY18/19
ZAF,2019-03,shared,passengers,regional,total,96776,passengers,FY18/19
ZAF,2020-03,shared,passengers,regional,arrival,22873,passengers,FY19/20
ZAF,2020-03,shared,passengers,regional,departure,21489,passengers,FY19/20
ZAF,2020-03,shared,passengers,regional,total,44362,passengers,FY19/20
ZAF,2021-03,shared,passengers,regional,arrival,8902,passengers,FY20/21
ZAF,2021-03,shared,passengers,regional,departure,9256,passengers,FY20/21
ZAF,2021-03,shared,passengers,regional,total,18158,passengers,FY20/21
ZAF,2022-03,shared,passengers,regional,arrival,24112,passengers,FY21/22
ZAF,2022-03,shared,passengers,regional,departure,25574,passengers,FY21/22
ZAF,2022-03,shared,passengers,regional,total,49686,passengers,FY21/22
ZAF,2023-03,shared,passengers,regional,arrival,33048,passengers,FY22/23
ZAF,2023-03,shared,passengers,regional,departure,33179,passengers,FY22/23
ZAF,2023-03,shared,passengers,regional,total,66227,passengers,FY22/23
ZAF,2024-03,shared,passengers,regional,arrival,37283,passengers,FY23/24
ZAF,2024-03,shared,passengers,regional,departure,39863,passengers,FY23/24
ZAF,2024-03,shared,passengers,regional,total,77146,passengers,FY23/24
ZAF,2025-03,shared,passengers,regional,arrival,39783,passengers,FY24/25
ZAF,2025-03,shared,passengers,regional,departure,42233,passengers,FY24/25
ZAF,2025-03,shared,passengers,regional,total,82016,passengers,FY24/25
ZAF,2026-03,shared,passengers,regional,arrival,42821,passengers,FY25/26
ZAF,2026-03,shared,passengers,regional,departure,48045,passengers,FY25/26
ZAF,2026-03,shared,passengers,regional,total,90866,passengers,FY25/26
ZAF,2012-04,shared,passengers,domestic,arrival,1051430,passengers,FY12/13
ZAF,2012-04,shared,passengers,domestic,departure,1051836,passengers,FY12/13
ZAF,2012-04,shared,passengers,domestic,total,2103266,passengers,FY12/13
ZAF,2013-04,shared,passengers,domestic,arrival,1009518,passengers,FY13/14
ZAF,2013-04,shared,passengers,domestic,departure,1013922,passengers,FY13/14
ZAF,2013-04,shared,passengers,domestic,total,2023440,passengers,FY13/14
ZAF,2014-04,shared,passengers,domestic,arrival,1007686,passengers,FY14/15
ZAF,2014-04,shared,passengers,domestic,departure,1008603,passengers,FY14/15
ZAF,2014-04,shared,passengers,domestic,total,2016289,passengers,FY14/15
ZAF,2015-04,shared,passengers,domestic,arrival,1093401,passengers,FY15/16
ZAF,2015-04,shared,passengers,domestic,departure,1096061,passengers,FY15/16
ZAF,2015-04,shared,passengers,domestic,total,2189462,passengers,FY15/16
ZAF,2016-04,shared,passengers,domestic,arrival,1137242,passengers,FY16/17
ZAF,2016-04,shared,passengers,domestic,departure,1136767,passengers,FY16/17
ZAF,2016-04,shared,passengers,domestic,total,2274009,passengers,FY16/17
ZAF,2017-04,shared,passengers,domestic,arrival,1226635,passengers,FY17/18
ZAF,2017-04,shared,passengers,domestic,departure,1229508,passengers,FY17/18
ZAF,2017-04,shared,passengers,domestic,total,2456143,passengers,FY17/18
ZAF,2018-04,shared,passengers,domestic,arrival,1207335,passengers,FY18/19
ZAF,2018-04,shared,passengers,domestic,departure,1213402,passengers,FY18/19
ZAF,2018-04,shared,passengers,domestic,total,2420737,passengers,FY18/19
ZAF,2019-04,shared,passengers,domestic,arrival,1256053,passengers,FY19/20
ZAF,2019-04,shared,passengers,domestic,departure,1260748,passengers,FY19/20
ZAF,2019-04,shared,passengers,domestic,total,2516801,passengers,FY19/20
ZAF,2020-04,shared,passengers,domestic,arrival,0,passengers,FY20/21
ZAF,2020-04,shared,passengers,domestic,departure,0,passengers,FY20/21
ZAF,2020-04,shared,passengers,domestic,total,0,passengers,FY20/21
ZAF,2021-04,shared,passengers,domestic,arrival,793761,passengers,FY21/22
ZAF,2021-04,shared,passengers,domestic,departure,793579,passengers,FY21/22
ZAF,2021-04,shared,passengers,domestic,total,1587340,passengers,FY21/22
ZAF,2022-04,shared,passengers,domestic,arrival,959559,passengers,FY22/23
ZAF,2022-04,shared,passengers,domestic,departure,956892,passengers,FY22/23
ZAF,2022-04,shared,passengers,domestic,total,1916451,passengers,FY22/23
ZAF,2023-04,shared,passengers,domestic,arrival,1025056,passengers,FY23/24
ZAF,2023-04,shared,passengers,domestic,departure,1027258,passengers,FY23/24
ZAF,2023-04,shared,passengers,domestic,total,2052314,passengers,FY23/24
ZAF,2024-04,shared,passengers,domestic,arrival,1085271,passengers,FY24/25
ZAF,2024-04,shared,passengers,domestic,departure,1085344,passengers,FY24/25
ZAF,2024-04,shared,passengers,domestic,total,2170615,passengers,FY24/25
ZAF,2025-04,shared,passengers,domestic,arrival,1205048,passengers,FY25/26
ZAF,2025-04,shared,passengers,domestic,departure,1206331,passengers,FY25/26
ZAF,2025-04,shared,passengers,domestic,total,2411379,passengers,FY25/26
ZAF,2026-04,shared,passengers,domestic,arrival,1162417,passengers,FY26/27
ZAF,2026-04,shared,passengers,domestic,departure,1160063,passengers,FY26/27
ZAF,2026-04,shared,passengers,domestic,total,2322480,passengers,FY26/27
ZAF,2012-05,shared,passengers,domestic,arrival,962795,passengers,FY12/13
ZAF,2012-05,shared,passengers,domestic,departure,967368,passengers,FY12/13
ZAF,2012-05,shared,passengers,domestic,total,1930163,passengers,FY12/13
ZAF,2013-05,shared,passengers,domestic,arrival,944646,passengers,FY13/14
ZAF,2013-05,shared,passengers,domestic,departure,947795,passengers,FY13/14
ZAF,2013-05,shared,passengers,domestic,total,1892441,passengers,FY13/14
ZAF,2014-05,shared,passengers,domestic,arrival,899367,passengers,FY14/15
ZAF,2014-05,shared,passengers,domestic,departure,905604,passengers,FY14/15
ZAF,2014-05,shared,passengers,domestic,total,1804971,passengers,FY14/15
ZAF,2015-05,shared,passengers,domestic,arrival,1004678,passengers,FY15/16
ZAF,2015-05,shared,passengers,domestic,departure,1008734,passengers,FY15/16
ZAF,2015-05,shared,passengers,domestic,total,2013412,passengers,FY15/16
ZAF,2016-05,shared,passengers,domestic,arrival,1071249,passengers,FY16/17
ZAF,2016-05,shared,passengers,domestic,departure,1076225,passengers,FY16/17
ZAF,2016-05,shared,passengers,domestic,total,2147474,passengers,FY16/17
ZAF,2017-05,shared,passengers,domestic,arrival,1130785,passengers,FY17/18
ZAF,2017-05,shared,passengers,domestic,departure,1138021,passengers,FY17/18
ZAF,2017-05,shared,passengers,domestic,total,2268806,passengers,FY17/18
ZAF,2018-05,shared,passengers,domestic,arrival,1129534,passengers,FY18/19
ZAF,2018-05,shared,passengers,domestic,departure,1132939,passengers,FY18/19
ZAF,2018-05,shared,passengers,domestic,total,2262473,passengers,FY18/19
ZAF,2019-05,shared,passengers,domestic,arrival,1112811,passengers,FY19/20
ZAF,2019-05,shared,passengers,domestic,departure,1119124,passengers,FY19/20
ZAF,2019-05,shared,passengers,domestic,total,2231935,passengers,FY19/20
ZAF,2020-05,shared,passengers,domestic,arrival,0,passengers,FY20/21
ZAF,2020-05,shared,passengers,domestic,departure,0,passengers,FY20/21
ZAF,2020-05,shared,passengers,domestic,total,0,passengers,FY20/21
ZAF,2021-05,shared,passengers,domestic,arrival,692224,passengers,FY21/22
ZAF,2021-05,shared,passengers,domestic,departure,693725,passengers,FY21/22
ZAF,2021-05,shared,passengers,domestic,total,1385949,passengers,FY21/22
ZAF,2022-05,shared,passengers,domestic,arrival,910410,passengers,FY22/23
ZAF,2022-05,shared,passengers,domestic,departure,912652,passengers,FY22/23
ZAF,2022-05,shared,passengers,domestic,total,1823062,passengers,FY22/23
ZAF,2023-05,shared,passengers,domestic,arrival,995436,passengers,FY23/24
ZAF,2023-05,shared,passengers,domestic,departure,998563,passengers,FY23/24
ZAF,2023-05,shared,passengers,domestic,total,1993999,passengers,FY23/24
ZAF,2024-05,shared,passengers,domestic,arrival,957945,passengers,FY24/25
ZAF,2024-05,shared,passengers,domestic,departure,959142,passengers,FY24/25
ZAF,2024-05,shared,passengers,domestic,total,1917087,passengers,FY24/25
ZAF,2025-05,shared,passengers,domestic,arrival,1072286,passengers,FY25/26
ZAF,2025-05,shared,passengers,domestic,departure,1076024,passengers,FY25/26
ZAF,2025-05,shared,passengers,domestic,total,2148310,passengers,FY25/26
ZAF,2026-05,shared,passengers,domestic,arrival,1008461,passengers,FY26/27
ZAF,2026-05,shared,passengers,domestic,departure,1012570,passengers,FY26/27
ZAF,2026-05,shared,passengers,domestic,total,2021031,passengers,FY26/27
ZAF,2012-06,shared,passengers,domestic,arrival,933698,passengers,FY12/13
ZAF,2012-06,shared,passengers,domestic,departure,938219,passengers,FY12/13
ZAF,2012-06,shared,passengers,domestic,total,1871917,passengers,FY12/13
ZAF,2013-06,shared,passengers,domestic,arrival,896791,passengers,FY13/14
ZAF,2013-06,shared,passengers,domestic,departure,902540,passengers,FY13/14
ZAF,2013-06,shared,passengers,domestic,total,1799331,passengers,FY13/14
ZAF,2014-06,shared,passengers,domestic,arrival,912352,passengers,FY14/15
ZAF,2014-06,shared,passengers,domestic,departure,920088,passengers,FY14/15
ZAF,2014-06,shared,passengers,domestic,total,1832440,passengers,FY14/15
ZAF,2015-06,shared,passengers,domestic,arrival,966291,passengers,FY15/16
ZAF,2015-06,shared,passengers,domestic,departure,970451,passengers,FY15/16
ZAF,2015-06,shared,passengers,domestic,total,1936742,passengers,FY15/16
ZAF,2016-06,shared,passengers,domestic,arrival,1007955,passengers,FY16/17
ZAF,2016-06,shared,passengers,domestic,departure,1023220,passengers,FY16/17
ZAF,2016-06,shared,passengers,domestic,total,2031175,passengers,FY16/17
ZAF,2017-06,shared,passengers,domestic,arrival,1050640,passengers,FY17/18
ZAF,2017-06,shared,passengers,domestic,departure,1059765,passengers,FY17/18
ZAF,2017-06,shared,passengers,domestic,total,2110405,passengers,FY17/18
ZAF,2018-06,shared,passengers,domestic,arrival,1099802,passengers,FY18/19
ZAF,2018-06,shared,passengers,domestic,departure,1105495,passengers,FY18/19
ZAF,2018-06,shared,passengers,domestic,total,2205297,passengers,FY18/19
ZAF,2019-06,shared,passengers,domestic,arrival,1194119,passengers,FY19/20
ZAF,2019-06,shared,passengers,domestic,departure,1201563,passengers,FY19/20
ZAF,2019-06,shared,passengers,domestic,total,2395682,passengers,FY19/20
ZAF,2020-06,shared,passengers,domestic,arrival,38886,passengers,FY20/21
ZAF,2020-06,shared,passengers,domestic,departure,39586,passengers,FY20/21
ZAF,2020-06,shared,passengers,domestic,total,78472,passengers,FY20/21
ZAF,2021-06,shared,passengers,domestic,arrival,537028,passengers,FY21/22
ZAF,2021-06,shared,passengers,domestic,departure,538819,passengers,FY21/22
ZAF,2021-06,shared,passengers,domestic,total,1075847,passengers,FY21/22
ZAF,2022-06,shared,passengers,domestic,arrival,778427,passengers,FY22/23
ZAF,2022-06,shared,passengers,domestic,departure,779332,passengers,FY22/23
ZAF,2022-06,shared,passengers,domestic,total,1557759,passengers,FY22/23
ZAF,2023-06,shared,passengers,domestic,arrival,951987,passengers,FY23/24
ZAF,2023-06,shared,passengers,domestic,departure,957632,passengers,FY23/24
ZAF,2023-06,shared,passengers,domestic,total,1909619,passengers,FY23/24
ZAF,2024-06,shared,passengers,domestic,arrival,1007150,passengers,FY24/25
ZAF,2024-06,shared,passengers,domestic,departure,1011188,passengers,FY24/25
ZAF,2024-06,shared,passengers,domestic,total,2018338,passengers,FY24/25
ZAF,2025-06,shared,passengers,domestic,arrival,1042028,passengers,FY25/26
ZAF,2025-06,shared,passengers,domestic,departure,1045776,passengers,FY25/26
ZAF,2025-06,shared,passengers,domestic,total,2087804,passengers,FY25/26
ZAF,2026-06,shared,passengers,domestic,arrival,958704,passengers,FY26/27
ZAF,2026-06,shared,passengers,domestic,departure,965819,passengers,FY26/27
ZAF,2026-06,shared,passengers,domestic,total,1924523,passengers,FY26/27
ZAF,2012-07,shared,passengers,domestic,arrival,996140,passengers,FY12/13
ZAF,2012-07,shared,passengers,domestic,departure,998584,passengers,FY12/13
ZAF,2012-07,shared,passengers,domestic,total,1994724,passengers,FY12/13
ZAF,2013-07,shared,passengers,domestic,arrival,945395,passengers,FY13/14
ZAF,2013-07,shared,passengers,domestic,departure,946448,passengers,FY13/14
ZAF,2013-07,shared,passengers,domestic,total,1891843,passengers,FY13/14
ZAF,2014-07,shared,passengers,domestic,arrival,985931,passengers,FY14/15
ZAF,2014-07,shared,passengers,domestic,departure,986299,passengers,FY14/15
ZAF,2014-07,shared,passengers,domestic,total,1972230,passengers,FY14/15
ZAF,2015-07,shared,passengers,domestic,arrival,1101209,passengers,FY15/16
ZAF,2015-07,shared,passengers,domestic,departure,1099862,passengers,FY15/16
ZAF,2015-07,shared,passengers,domestic,total,2201071,passengers,FY15/16
ZAF,2016-07,shared,passengers,domestic,arrival,1149917,passengers,FY16/17
ZAF,2016-07,shared,passengers,domestic,departure,1147473,passengers,FY16/17
ZAF,2016-07,shared,passengers,domestic,total,2297390,passengers,FY16/17
ZAF,2017-07,shared,passengers,domestic,arrival,1211751,passengers,FY17/18
ZAF,2017-07,shared,passengers,domestic,departure,1215575,passengers,FY17/18
ZAF,2017-07,shared,passengers,domestic,total,2427326,passengers,FY17/18
ZAF,2018-07,shared,passengers,domestic,arrival,1190194,passengers,FY18/19
ZAF,2018-07,shared,passengers,domestic,departure,1189855,passengers,FY18/19
ZAF,2018-07,shared,passengers,domestic,total,2380049,passengers,FY18/19
ZAF,2019-07,shared,passengers,domestic,arrival,1215906,passengers,FY19/20
ZAF,2019-07,shared,passengers,domestic,departure,1216867,passengers,FY19/20
ZAF,2019-07,shared,passengers,domestic,total,2432773,passengers,FY19/20
ZAF,2020-07,shared,passengers,domestic,arrival,105155,passengers,FY20/21
ZAF,2020-07,shared,passengers,domestic,departure,105759,passengers,FY20/21
ZAF,2020-07,shared,passengers,domestic,total,210914,passengers,FY20/21
ZAF,2021-07,shared,passengers,domestic,arrival,268795,passengers,FY21/22
ZAF,2021-07,shared,passengers,domestic,departure,270897,passengers,FY21/22
ZAF,2021-07,shared,passengers,domestic,total,539692,passengers,FY21/22
ZAF,2022-07,shared,passengers,domestic,arrival,867786,passengers,FY22/23
ZAF,2022-07,shared,passengers,domestic,departure,865713,passengers,FY22/23
ZAF,2022-07,shared,passengers,domestic,total,1733499,passengers,FY22/23
ZAF,2023-07,shared,passengers,domestic,arrival,1048865,passengers,FY23/24
ZAF,2023-07,shared,passengers,domestic,departure,1047261,passengers,FY23/24
ZAF,2023-07,shared,passengers,domestic,total,2096126,passengers,FY23/24
ZAF,2024-07,shared,passengers,domestic,arrival,1021477,passengers,FY24/25
ZAF,2024-07,shared,passengers,domestic,departure,1021442,passengers,FY24/25
ZAF,2024-07,shared,passengers,domestic,total,2042919,passengers,FY24/25
ZAF,2025-07,shared,passengers,domestic,arrival,1132082,passengers,FY25/26
ZAF,2025-07,shared,passengers,domestic,departure,1130458,passengers,FY25/26
ZAF,2025-07,shared,passengers,domestic,total,2262540,passengers,FY25/26
ZAF,2026-07,shared,passengers,domestic,arrival,1143673,passengers,FY26/27
ZAF,2026-07,shared,passengers,domestic,departure,1140381,passengers,FY26/27
ZAF,2026-07,shared,passengers,domestic,total,2284054,passengers,FY26/27
ZAF,2012-08,shared,passengers,domestic,arrival,987537,passengers,FY12/13
ZAF,2012-08,shared,passengers,domestic,departure,989207,passengers,FY12/13
ZAF,2012-08,shared,passengers,domestic,total,1976744,passengers,FY12/13
ZAF,2013-08,shared,passengers,domestic,arrival,966266,passengers,FY13/14
ZAF,2013-08,shared,passengers,domestic,departure,966156,passengers,FY13/14
ZAF,2013-08,shared,passengers,domestic,total,1932422,passengers,FY13/14
ZAF,2014-08,shared,passengers,domestic,arrival,988917,passengers,FY14/15
ZAF,2014-08,shared,passengers,domestic,departure,990100,passengers,FY14/15
ZAF,2014-08,shared,passengers,domestic,total,1979017,passengers,FY14/15
ZAF,2015-08,shared,passengers,domestic,arrival,1089401,passengers,FY15/16
ZAF,2015-08,shared,passengers,domestic,departure,1090019,passengers,FY15/16
ZAF,2015-08,shared,passengers,domestic,total,2179420,passengers,FY15/16
ZAF,2016-08,shared,passengers,domestic,arrival,1101582,passengers,FY16/17
ZAF,2016-08,shared,passengers,domestic,departure,1102051,passengers,FY16/17
ZAF,2016-08,shared,passengers,domestic,total,2203633,passengers,FY16/17
ZAF,2017-08,shared,passengers,domestic,arrival,1161765,passengers,FY17/18
ZAF,2017-08,shared,passengers,domestic,departure,1165527,passengers,FY17/18
ZAF,2017-08,shared,passengers,domestic,total,2327292,passengers,FY17/18
ZAF,2018-08,shared,passengers,domestic,arrival,1199505,passengers,FY18/19
ZAF,2018-08,shared,passengers,domestic,departure,1202626,passengers,FY18/19
ZAF,2018-08,shared,passengers,domestic,total,2402131,passengers,FY18/19
ZAF,2019-08,shared,passengers,domestic,arrival,1237706,passengers,FY19/20
ZAF,2019-08,shared,passengers,domestic,departure,1240668,passengers,FY19/20
ZAF,2019-08,shared,passengers,domestic,total,2478374,passengers,FY19/20
ZAF,2020-08,shared,passengers,domestic,arrival,185902,passengers,FY20/21
ZAF,2020-08,shared,passengers,domestic,departure,186911,passengers,FY20/21
ZAF,2020-08,shared,passengers,domestic,total,372813,passengers,FY20/21
ZAF,2021-08,shared,passengers,domestic,arrival,474708,passengers,FY21/22
ZAF,2021-08,shared,passengers,domestic,departure,475165,passengers,FY21/22
ZAF,2021-08,shared,passengers,domestic,total,949873,passengers,FY21/22
ZAF,2022-08,shared,passengers,domestic,arrival,865448,passengers,FY22/23
ZAF,2022-08,shared,passengers,domestic,departure,864547,passengers,FY22/23
ZAF,2022-08,shared,passengers,domestic,total,1729995,passengers,FY22/23
ZAF,2023-08,shared,passengers,domestic,arrival,996103,passengers,FY23/24
ZAF,2023-08,shared,passengers,domestic,departure,997426,passengers,FY23/24
ZAF,2023-08,shared,passengers,domestic,total,1993529,passengers,FY23/24
ZAF,2024-08,shared,passengers,domestic,arrival,1038281,passengers,FY24/25
ZAF,2024-08,shared,passengers,domestic,departure,1038842,passengers,FY24/25
ZAF,2024-08,shared,passengers,domestic,total,2077123,passengers,FY24/25
ZAF,2025-08,shared,passengers,domestic,arrival,1123959,passengers,FY25/26
ZAF,2025-08,shared,passengers,domestic,departure,1121108,passengers,FY25/26
ZAF,2025-08,shared,passengers,domestic,total,2245067,passengers,FY25/26
ZAF,2026-08,shared,passengers,domestic,arrival,1116070,passengers,FY26/27
ZAF,2026-08,shared,passengers,domestic,departure,1113358,passengers,FY26/27
ZAF,2026-08,shared,passengers,domestic,total,2229428,passengers,FY26/27
ZAF,2012-09,shared,passengers,domestic,arrival,1016439,passengers,FY12/13
ZAF,2012-09,shared,passengers,domestic,departure,1024874,passengers,FY12/13
ZAF,2012-09,shared,passengers,domestic,total,2041313,passengers,FY12/13
ZAF,2013-09,shared,passengers,domestic,arrival,986040,passengers,FY13/14
ZAF,2013-09,shared,passengers,domestic,departure,993600,passengers,FY13/14
ZAF,2013-09,shared,passengers,domestic,total,1979640,passengers,FY13/14
ZAF,2014-09,shared,passengers,domestic,arrival,974010,passengers,FY14/15
ZAF,2014-09,shared,passengers,domestic,departure,978390,passengers,FY14/15
ZAF,2014-09,shared,passengers,domestic,total,1952400,passengers,FY14/15
ZAF,2015-09,shared,passengers,domestic,arrival,1092541,passengers,FY15/16
ZAF,2015-09,shared,passengers,domestic,departure,1095803,passengers,FY15/16
ZAF,2015-09,shared,passengers,domestic,total,2188344,passengers,FY15/16
ZAF,2016-09,shared,passengers,domestic,arrival,1156825,passengers,FY16/17
ZAF,2016-09,shared,passengers,domestic,departure,1158764,passengers,FY16/17
ZAF,2016-09,shared,passengers,domestic,total,2315589,passengers,FY16/17
ZAF,2017-09,shared,passengers,domestic,arrival,1190021,passengers,FY17/18
ZAF,2017-09,shared,passengers,domestic,departure,1193474,passengers,FY17/18
ZAF,2017-09,shared,passengers,domestic,total,2383495,passengers,FY17/18
ZAF,2018-09,shared,passengers,domestic,arrival,1198122,passengers,FY18/19
ZAF,2018-09,shared,passengers,domestic,departure,1202603,passengers,FY18/19
ZAF,2018-09,shared,passengers,domestic,total,2400725,passengers,FY18/19
ZAF,2019-09,shared,passengers,domestic,arrival,1300979,passengers,FY19/20
ZAF,2019-09,shared,passengers,domestic,departure,1301637,passengers,FY19/20
ZAF,2019-09,shared,passengers,domestic,total,2602616,passengers,FY19/20
ZAF,2020-09,shared,passengers,domestic,arrival,339788,passengers,FY20/21
ZAF,2020-09,shared,passengers,domestic,departure,341758,passengers,FY20/21
ZAF,2020-09,shared,passengers,domestic,total,681546,passengers,FY20/21
ZAF,2021-09,shared,passengers,domestic,arrival,702382,passengers,FY21/22
ZAF,2021-09,shared,passengers,domestic,departure,704234,passengers,FY21/22
ZAF,2021-09,shared,passengers,domestic,total,1406616,passengers,FY21/22
ZAF,2022-09,shared,passengers,domestic,arrival,901729,passengers,FY22/23
ZAF,2022-09,shared,passengers,domestic,departure,901012,passengers,FY22/23
ZAF,2022-09,shared,passengers,domestic,total,1802741,passengers,FY22/23
ZAF,2023-09,shared,passengers,domestic,arrival,1068763,passengers,FY23/24
ZAF,2023-09,shared,passengers,domestic,departure,1070002,passengers,FY23/24
ZAF,2023-09,shared,passengers,domestic,total,2138765,passengers,FY23/24
ZAF,2024-09,shared,passengers,domestic,arrival,1116870,passengers,FY24/25
ZAF,2024-09,shared,passengers,domestic,departure,1118946,passengers,FY24/25
ZAF,2024-09,shared,passengers,domestic,total,2235816,passengers,FY24/25
ZAF,2025-09,shared,passengers,domestic,arrival,1155518,passengers,FY25/26
ZAF,2025-09,shared,passengers,domestic,departure,1155756,passengers,FY25/26
ZAF,2025-09,shared,passengers,domestic,total,2311274,passengers,FY25/26
ZAF,2012-10,shared,passengers,domestic,arrival,1073586,passengers,FY12/13
ZAF,2012-10,shared,passengers,domestic,departure,1080305,passengers,FY12/13
ZAF,2012-10,shared,passengers,domestic,total,2153891,passengers,FY12/13
ZAF,2013-10,shared,passengers,domestic,arrival,1026228,passengers,FY13/14
ZAF,2013-10,shared,passengers,domestic,departure,1027741,passengers,FY13/14
ZAF,2013-10,shared,passengers,domestic,total,2053969,passengers,FY13/14
ZAF,2014-10,shared,passengers,domestic,arrival,1094251,passengers,FY14/15
ZAF,2014-10,shared,passengers,domestic,departure,1095393,passengers,FY14/15
ZAF,2014-10,shared,passengers,domestic,total,2189644,passengers,FY14/15
ZAF,2015-10,shared,passengers,domestic,arrival,1197399,passengers,FY15/16
ZAF,2015-10,shared,passengers,domestic,departure,1200840,passengers,FY15/16
ZAF,2015-10,shared,passengers,domestic,total,2398239,passengers,FY15/16
ZAF,2016-10,shared,passengers,domestic,arrival,1244299,passengers,FY16/17
ZAF,2016-10,shared,passengers,domestic,departure,1246830,passengers,FY16/17
ZAF,2016-10,shared,passengers,domestic,total,2491129,passengers,FY16/17
ZAF,2017-10,shared,passengers,domestic,arrival,1274889,passengers,FY17/18
ZAF,2017-10,shared,passengers,domestic,departure,1278641,passengers,FY17/18
ZAF,2017-10,shared,passengers,domestic,total,2553530,passengers,FY17/18
ZAF,2018-10,shared,passengers,domestic,arrival,1262389,passengers,FY18/19
ZAF,2018-10,shared,passengers,domestic,departure,1268444,passengers,FY18/19
ZAF,2018-10,shared,passengers,domestic,total,2530833,passengers,FY18/19
ZAF,2019-10,shared,passengers,domestic,arrival,1295499,passengers,FY19/20
ZAF,2019-10,shared,passengers,domestic,departure,1293941,passengers,FY19/20
ZAF,2019-10,shared,passengers,domestic,total,2589440,passengers,FY19/20
ZAF,2020-10,shared,passengers,domestic,arrival,466213,passengers,FY20/21
ZAF,2020-10,shared,passengers,domestic,departure,468849,passengers,FY20/21
ZAF,2020-10,shared,passengers,domestic,total,935062,passengers,FY20/21
ZAF,2021-10,shared,passengers,domestic,arrival,825231,passengers,FY21/22
ZAF,2021-10,shared,passengers,domestic,departure,825301,passengers,FY21/22
ZAF,2021-10,shared,passengers,domestic,total,1650532,passengers,FY21/22
ZAF,2022-10,shared,passengers,domestic,arrival,966968,passengers,FY22/23
ZAF,2022-10,shared,passengers,domestic,departure,968458,passengers,FY22/23
ZAF,2022-10,shared,passengers,domestic,total,1935426,passengers,FY22/23
ZAF,2023-10,shared,passengers,domestic,arrival,1129401,passengers,FY23/24
ZAF,2023-10,shared,passengers,domestic,departure,1134169,passengers,FY23/24
ZAF,2023-10,shared,passengers,domestic,total,2263570,passengers,FY23/24
ZAF,2024-10,shared,passengers,domestic,arrival,1113988,passengers,FY24/25
ZAF,2024-10,shared,passengers,domestic,departure,1115364,passengers,FY24/25
ZAF,2024-10,shared,passengers,domestic,total,2229352,passengers,FY24/25
ZAF,2025-10,shared,passengers,domestic,arrival,1310720,passengers,FY25/26
ZAF,2025-10,shared,passengers,domestic,departure,1307435,passengers,FY25/26
ZAF,2025-10,shared,passengers,domestic,total,2618155,passengers,FY25/26
ZAF,2012-11,shared,passengers,domestic,arrival,1004202,passengers,FY12/13
ZAF,2012-11,shared,passengers,domestic,departure,1005959,passengers,FY12/13
ZAF,2012-11,shared,passengers,domestic,total,2010161,passengers,FY12/13
ZAF,2013-11,shared,passengers,domestic,arrival,985049,passengers,FY13/14
ZAF,2013-11,shared,passengers,domestic,departure,985385,passengers,FY13/14
ZAF,2013-11,shared,passengers,domestic,total,1970434,passengers,FY13/14
ZAF,2014-11,shared,passengers,domestic,arrival,1020180,passengers,FY14/15
ZAF,2014-11,shared,passengers,domestic,departure,1022678,passengers,FY14/15
ZAF,2014-11,shared,passengers,domestic,total,2042858,passengers,FY14/15
ZAF,2015-11,shared,passengers,domestic,arrival,1171497,passengers,FY15/16
ZAF,2015-11,shared,passengers,domestic,departure,1174386,passengers,FY15/16
ZAF,2015-11,shared,passengers,domestic,total,2345883,passengers,FY15/16
ZAF,2016-11,shared,passengers,domestic,arrival,1155383,passengers,FY16/17
ZAF,2016-11,shared,passengers,domestic,departure,1157265,passengers,FY16/17
ZAF,2016-11,shared,passengers,domestic,total,2312648,passengers,FY16/17
ZAF,2017-11,shared,passengers,domestic,arrival,1195621,passengers,FY17/18
ZAF,2017-11,shared,passengers,domestic,departure,1199064,passengers,FY17/18
ZAF,2017-11,shared,passengers,domestic,total,2394685,passengers,FY17/18
ZAF,2018-11,shared,passengers,domestic,arrival,1228630,passengers,FY18/19
ZAF,2018-11,shared,passengers,domestic,departure,1234370,passengers,FY18/19
ZAF,2018-11,shared,passengers,domestic,total,2463000,passengers,FY18/19
ZAF,2019-11,shared,passengers,domestic,arrival,1255928,passengers,FY19/20
ZAF,2019-11,shared,passengers,domestic,departure,1255511,passengers,FY19/20
ZAF,2019-11,shared,passengers,domestic,total,2511439,passengers,FY19/20
ZAF,2020-11,shared,passengers,domestic,arrival,540172,passengers,FY20/21
ZAF,2020-11,shared,passengers,domestic,departure,538966,passengers,FY20/21
ZAF,2020-11,shared,passengers,domestic,total,1079138,passengers,FY20/21
ZAF,2021-11,shared,passengers,domestic,arrival,801129,passengers,FY21/22
ZAF,2021-11,shared,passengers,domestic,departure,803441,passengers,FY21/22
ZAF,2021-11,shared,passengers,domestic,total,1604570,passengers,FY21/22
ZAF,2022-11,shared,passengers,domestic,arrival,931888,passengers,FY22/23
ZAF,2022-11,shared,passengers,domestic,departure,939368,passengers,FY22/23
ZAF,2022-11,shared,passengers,domestic,total,1871256,passengers,FY22/23
ZAF,2023-11,shared,passengers,domestic,arrival,1069075,passengers,FY23/24
ZAF,2023-11,shared,passengers,domestic,departure,1072093,passengers,FY23/24
ZAF,2023-11,shared,passengers,domestic,total,2141168,passengers,FY23/24
ZAF,2024-11,shared,passengers,domestic,arrival,1107253,passengers,FY24/25
ZAF,2024-11,shared,passengers,domestic,departure,1108248,passengers,FY24/25
ZAF,2024-11,shared,passengers,domestic,total,2215501,passengers,FY24/25
ZAF,2025-11,shared,passengers,domestic,arrival,1155163,passengers,FY25/26
ZAF,2025-11,shared,passengers,domestic,departure,1153920,passengers,FY25/26
ZAF,2025-11,shared,passengers,domestic,total,2309083,passengers,FY25/26
ZAF,2012-12,shared,passengers,domestic,arrival,1010795,passengers,FY12/13
ZAF,2012-12,shared,passengers,domestic,departure,998521,passengers,FY12/13
ZAF,2012-12,shared,passengers,domestic,total,2009316,passengers,FY12/13
ZAF,2013-12,shared,passengers,domestic,arrival,1021628,passengers,FY13/14
ZAF,2013-12,shared,passengers,domestic,departure,1017192,passengers,FY13/14
ZAF,2013-12,shared,passengers,domestic,total,2038820,passengers,FY13/14
ZAF,2014-12,shared,passengers,domestic,arrival,1073146,passengers,FY14/15
ZAF,2014-12,shared,passengers,domestic,departure,1069473,passengers,FY14/15
ZAF,2014-12,shared,passengers,domestic,total,2142619,passengers,FY14/15
ZAF,2015-12,shared,passengers,domestic,arrival,1237210,passengers,FY15/16
ZAF,2015-12,shared,passengers,domestic,departure,1238597,passengers,FY15/16
ZAF,2015-12,shared,passengers,domestic,total,2475807,passengers,FY15/16
ZAF,2016-12,shared,passengers,domestic,arrival,1258217,passengers,FY16/17
ZAF,2016-12,shared,passengers,domestic,departure,1253056,passengers,FY16/17
ZAF,2016-12,shared,passengers,domestic,total,2511273,passengers,FY16/17
ZAF,2017-12,shared,passengers,domestic,arrival,1282592,passengers,FY17/18
ZAF,2017-12,shared,passengers,domestic,departure,1280418,passengers,FY17/18
ZAF,2017-12,shared,passengers,domestic,total,2563010,passengers,FY17/18
ZAF,2018-12,shared,passengers,domestic,arrival,1312641,passengers,FY18/19
ZAF,2018-12,shared,passengers,domestic,departure,1306944,passengers,FY18/19
ZAF,2018-12,shared,passengers,domestic,total,2619585,passengers,FY18/19
ZAF,2019-12,shared,passengers,domestic,arrival,1415962,passengers,FY19/20
ZAF,2019-12,shared,passengers,domestic,departure,1402674,passengers,FY19/20
ZAF,2019-12,shared,passengers,domestic,total,2818636,passengers,FY19/20
ZAF,2020-12,shared,passengers,domestic,arrival,756634,passengers,FY20/21
ZAF,2020-12,shared,passengers,domestic,departure,758286,passengers,FY20/21
ZAF,2020-12,shared,passengers,domestic,total,1514920,passengers,FY20/21
ZAF,2021-12,shared,passengers,domestic,arrival,891621,passengers,FY21/22
ZAF,2021-12,shared,passengers,domestic,departure,890524,passengers,FY21/22
ZAF,2021-12,shared,passengers,domestic,total,1782145,passengers,FY21/22
ZAF,2022-12,shared,passengers,domestic,arrival,1031699,passengers,FY22/23
ZAF,2022-12,shared,passengers,domestic,departure,1040681,passengers,FY22/23
ZAF,2022-12,shared,passengers,domestic,total,2072380,passengers,FY22/23
ZAF,2023-12,shared,passengers,domestic,arrival,1224249,passengers,FY23/24
ZAF,2023-12,shared,passengers,domestic,departure,1228637,passengers,FY23/24
ZAF,2023-12,shared,passengers,domestic,total,2452886,passengers,FY23/24
ZAF,2024-12,shared,passengers,domestic,arrival,1269295,passengers,FY24/25
ZAF,2024-12,shared,passengers,domestic,departure,1268569,passengers,FY24/25
ZAF,2024-12,shared,passengers,domestic,total,2537864,passengers,FY24/25
ZAF,2025-12,shared,passengers,domestic,arrival,1366969,passengers,FY25/26
ZAF,2025-12,shared,passengers,domestic,departure,1360095,passengers,FY25/26
ZAF,2025-12,shared,passengers,domestic,total,2727064,passengers,FY25/26
ZAF,2013-01,shared,passengers,domestic,arrival,889864,passengers,FY12/13
ZAF,2013-01,shared,passengers,domestic,departure,900561,passengers,FY12/13
ZAF,2013-01,shared,passengers,domestic,total,1790425,passengers,FY12/13
ZAF,2014-01,shared,passengers,domestic,arrival,907381,passengers,FY13/14
ZAF,2014-01,shared,passengers,domestic,departure,919478,passengers,FY13/14
ZAF,2014-01,shared,passengers,domestic,total,1826859,passengers,FY13/14
ZAF,2015-01,shared,passengers,domestic,arrival,920415,passengers,FY14/15
ZAF,2015-01,shared,passengers,domestic,departure,930018,passengers,FY14/15
ZAF,2015-01,shared,passengers,domestic,total,1850433,passengers,FY14/15
ZAF,2016-01,shared,passengers,domestic,arrival,1065106,passengers,FY15/16
ZAF,2016-01,shared,passengers,domestic,departure,1073744,passengers,FY15/16
ZAF,2016-01,shared,passengers,domestic,total,2138850,passengers,FY15/16
ZAF,2017-01,shared,passengers,domestic,arrival,1061049,passengers,FY16/17
ZAF,2017-01,shared,passengers,domestic,departure,1070434,passengers,FY16/17
ZAF,2017-01,shared,passengers,domestic,total,2131483,passengers,FY16/17
ZAF,2018-01,shared,passengers,domestic,arrival,1103952,passengers,FY17/18
ZAF,2018-01,shared,passengers,domestic,departure,1121304,passengers,FY17/18
ZAF,2018-01,shared,passengers,domestic,total,2225256,passengers,FY17/18
ZAF,2019-01,shared,passengers,domestic,arrival,1124151,passengers,FY18/19
ZAF,2019-01,shared,passengers,domestic,departure,1134543,passengers,FY18/19
ZAF,2019-01,shared,passengers,domestic,total,2258694,passengers,FY18/19
ZAF,2020-01,shared,passengers,domestic,arrival,1221302,passengers,FY19/20
ZAF,2020-01,shared,passengers,domestic,departure,1229256,passengers,FY19/20
ZAF,2020-01,shared,passengers,domestic,total,2450558,passengers,FY19/20
ZAF,2021-01,shared,passengers,domestic,arrival,447269,passengers,FY20/21
ZAF,2021-01,shared,passengers,domestic,departure,447140,passengers,FY20/21
ZAF,2021-01,shared,passengers,domestic,total,894409,passengers,FY20/21
ZAF,2022-01,shared,passengers,domestic,arrival,809975,passengers,FY21/22
ZAF,2022-01,shared,passengers,domestic,departure,815270,passengers,FY21/22
ZAF,2022-01,shared,passengers,domestic,total,1625245,passengers,FY21/22
ZAF,2023-01,shared,passengers,domestic,arrival,928552,passengers,FY22/23
ZAF,2023-01,shared,passengers,domestic,departure,927150,passengers,FY22/23
ZAF,2023-01,shared,passengers,domestic,total,1855702,passengers,FY22/23
ZAF,2024-01,shared,passengers,domestic,arrival,1044894,passengers,FY23/24
ZAF,2024-01,shared,passengers,domestic,departure,1047761,passengers,FY23/24
ZAF,2024-01,shared,passengers,domestic,total,2092655,passengers,FY23/24
ZAF,2025-01,shared,passengers,domestic,arrival,1107041,passengers,FY24/25
ZAF,2025-01,shared,passengers,domestic,departure,1108524,passengers,FY24/25
ZAF,2025-01,shared,passengers,domestic,total,2215565,passengers,FY24/25
ZAF,2026-01,shared,passengers,domestic,arrival,1196507,passengers,FY25/26
ZAF,2026-01,shared,passengers,domestic,departure,1195146,passengers,FY25/26
ZAF,2026-01,shared,passengers,domestic,total,2391653,passengers,FY25/26
ZAF,2013-02,shared,passengers,domestic,arrival,938406,passengers,FY12/13
ZAF,2013-02,shared,passengers,domestic,departure,939811,passengers,FY12/13
ZAF,2013-02,shared,passengers,domestic,total,1878217,passengers,FY12/13
ZAF,2014-02,shared,passengers,domestic,arrival,939366,passengers,FY13/14
ZAF,2014-02,shared,passengers,domestic,departure,940764,passengers,FY13/14
ZAF,2014-02,shared,passengers,domestic,total,1880130,passengers,FY13/14
ZAF,2015-02,shared,passengers,domestic,arrival,968400,passengers,FY14/15
ZAF,2015-02,shared,passengers,domestic,departure,969116,passengers,FY14/15
ZAF,2015-02,shared,passengers,domestic,total,1937516,passengers,FY14/15
ZAF,2016-02,shared,passengers,domestic,arrival,1106893,passengers,FY15/16
ZAF,2016-02,shared,passengers,domestic,departure,1112095,passengers,FY15/16
ZAF,2016-02,shared,passengers,domestic,total,2218988,passengers,FY15/16
ZAF,2017-02,shared,passengers,domestic,arrival,1075804,passengers,FY16/17
ZAF,2017-02,shared,passengers,domestic,departure,1079998,passengers,FY16/17
ZAF,2017-02,shared,passengers,domestic,total,2155802,passengers,FY16/17
ZAF,2018-02,shared,passengers,domestic,arrival,1100694,passengers,FY17/18
ZAF,2018-02,shared,passengers,domestic,departure,1106929,passengers,FY17/18
ZAF,2018-02,shared,passengers,domestic,total,2207623,passengers,FY17/18
ZAF,2019-02,shared,passengers,domestic,arrival,1132327,passengers,FY18/19
ZAF,2019-02,shared,passengers,domestic,departure,1134289,passengers,FY18/19
ZAF,2019-02,shared,passengers,domestic,total,2266616,passengers,FY18/19
ZAF,2020-02,shared,passengers,domestic,arrival,1208772,passengers,FY19/20
ZAF,2020-02,shared,passengers,domestic,departure,1210226,passengers,FY19/20
ZAF,2020-02,shared,passengers,domestic,total,2418998,passengers,FY19/20
ZAF,2021-02,shared,passengers,domestic,arrival,434315,passengers,FY20/21
ZAF,2021-02,shared,passengers,domestic,departure,435270,passengers,FY20/21
ZAF,2021-02,shared,passengers,domestic,total,869585,passengers,FY20/21
ZAF,2022-02,shared,passengers,domestic,arrival,819323,passengers,FY21/22
ZAF,2022-02,shared,passengers,domestic,departure,818483,passengers,FY21/22
ZAF,2022-02,shared,passengers,domestic,total,1637806,passengers,FY21/22
ZAF,2023-02,shared,passengers,domestic,arrival,906696,passengers,FY22/23
ZAF,2023-02,shared,passengers,domestic,departure,909809,passengers,FY22/23
ZAF,2023-02,shared,passengers,domestic,total,1816505,passengers,FY22/23
ZAF,2024-02,shared,passengers,domestic,arrival,1014088,passengers,FY23/24
ZAF,2024-02,shared,passengers,domestic,departure,1015362,passengers,FY23/24
ZAF,2024-02,shared,passengers,domestic,total,2029450,passengers,FY23/24
ZAF,2025-02,shared,passengers,domestic,arrival,1043062,passengers,FY24/25
ZAF,2025-02,shared,passengers,domestic,departure,1044399,passengers,FY24/25
ZAF,2025-02,shared,passengers,domestic,total,2087461,passengers,FY24/25
ZAF,2026-02,shared,passengers,domestic,arrival,1120625,passengers,FY25/26
ZAF,2026-02,shared,passengers,domestic,departure,1119744,passengers,FY25/26
ZAF,2026-02,shared,passengers,domestic,total,2240369,passengers,FY25/26
ZAF,2013-03,shared,passengers,domestic,arrival,1070994,passengers,FY12/13
ZAF,2013-03,shared,passengers,domestic,departure,1067837,passengers,FY12/13
ZAF,2013-03,shared,passengers,domestic,total,2138831,passengers,FY12/13
ZAF,2014-03,shared,passengers,domestic,arrival,1038496,passengers,FY13/14
ZAF,2014-03,shared,passengers,domestic,departure,1040556,passengers,FY13/14
ZAF,2014-03,shared,passengers,domestic,total,2079052,passengers,FY13/14
ZAF,2015-03,shared,passengers,domestic,arrival,1157355,passengers,FY14/15
ZAF,2015-03,shared,passengers,domestic,departure,1160704,passengers,FY14/15
ZAF,2015-03,shared,passengers,domestic,total,2318059,passengers,FY14/15
ZAF,2016-03,shared,passengers,domestic,arrival,1239547,passengers,FY15/16
ZAF,2016-03,shared,passengers,domestic,departure,1241363,passengers,FY15/16
ZAF,2016-03,shared,passengers,domestic,total,2480910,passengers,FY15/16
ZAF,2017-03,shared,passengers,domestic,arrival,1239421,passengers,FY16/17
ZAF,2017-03,shared,passengers,domestic,departure,1240564,passengers,FY16/17
ZAF,2017-03,shared,passengers,domestic,total,2479985,passengers,FY16/17
ZAF,2018-03,shared,passengers,domestic,arrival,1251168,passengers,FY17/18
ZAF,2018-03,shared,passengers,domestic,departure,1254262,passengers,FY17/18
ZAF,2018-03,shared,passengers,domestic,total,2505430,passengers,FY17/18
ZAF,2019-03,shared,passengers,domestic,arrival,1355418,passengers,FY18/19
ZAF,2019-03,shared,passengers,domestic,departure,1357551,passengers,FY18/19
ZAF,2019-03,shared,passengers,domestic,total,2712969,passengers,FY18/19
ZAF,2020-03,shared,passengers,domestic,arrival,786199,passengers,FY19/20
ZAF,2020-03,shared,passengers,domestic,departure,794171,passengers,FY19/20
ZAF,2020-03,shared,passengers,domestic,total,1580370,passengers,FY19/20
ZAF,2021-03,shared,passengers,domestic,arrival,699245,passengers,FY20/21
ZAF,2021-03,shared,passengers,domestic,departure,700833,passengers,FY20/21
ZAF,2021-03,shared,passengers,domestic,total,1400078,passengers,FY20/21
ZAF,2022-03,shared,passengers,domestic,arrival,983456,passengers,FY21/22
ZAF,2022-03,shared,passengers,domestic,departure,984583,passengers,FY21/22
ZAF,2022-03,shared,passengers,domestic,total,1968039,passengers,FY21/22
ZAF,2023-03,shared,passengers,domestic,arrival,1049892,passengers,FY22/23
ZAF,2023-03,shared,passengers,domestic,departure,1050004,passengers,FY22/23
ZAF,2023-03,shared,passengers,domestic,total,2099896,passengers,FY22/23
ZAF,2024-03,shared,passengers,domestic,arrival,1118164,passengers,FY23/24
ZAF,2024-03,shared,passengers,domestic,departure,1122569,passengers,FY23/24
ZAF,2024-03,shared,passengers,domestic,total,2240733,passengers,FY23/24
ZAF,2025-03,shared,passengers,domestic,arrival,1170013,passengers,FY24/25
ZAF,2025-03,shared,passengers,domestic,departure,1170530,passengers,FY24/25
ZAF,2025-03,shared,passengers,domestic,total,2340543,passengers,FY24/25
ZAF,2026-03,shared,passengers,domestic,arrival,1285247,passengers,FY25/26
ZAF,2026-03,shared,passengers,domestic,departure,1286463,passengers,FY25/26
ZAF,2026-03,shared,passengers,domestic,total,2571710,passengers,FY25/26
ZAF,2012-04,shared,passengers,unscheduled,arrival,6186,passengers,FY12/13
ZAF,2012-04,shared,passengers,unscheduled,departure,6035,passengers,FY12/13
ZAF,2012-04,shared,passengers,unscheduled,total,12221,passengers,FY12/13
ZAF,2013-04,shared,passengers,unscheduled,arrival,6178,passengers,FY13/14
ZAF,2013-04,shared,passengers,unscheduled,departure,6934,passengers,FY13/14
ZAF,2013-04,shared,passengers,unscheduled,total,13112,passengers,FY13/14
ZAF,2014-04,shared,passengers,unscheduled,arrival,7278,passengers,FY14/15
ZAF,2014-04,shared,passengers,unscheduled,departure,6753,passengers,FY14/15
ZAF,2014-04,shared,passengers,unscheduled,total,14031,passengers,FY14/15
ZAF,2015-04,shared,passengers,unscheduled,arrival,5554,passengers,FY15/16
ZAF,2015-04,shared,passengers,unscheduled,departure,6673,passengers,FY15/16
ZAF,2015-04,shared,passengers,unscheduled,total,12227,passengers,FY15/16
ZAF,2016-04,shared,passengers,unscheduled,arrival,6477,passengers,FY16/17
ZAF,2016-04,shared,passengers,unscheduled,departure,5950,passengers,FY16/17
ZAF,2016-04,shared,passengers,unscheduled,total,12427,passengers,FY16/17
ZAF,2017-04,shared,passengers,unscheduled,arrival,5543,passengers,FY17/18
ZAF,2017-04,shared,passengers,unscheduled,departure,5230,passengers,FY17/18
ZAF,2017-04,shared,passengers,unscheduled,total,10773,passengers,FY17/18
ZAF,2018-04,shared,passengers,unscheduled,arrival,5290,passengers,FY18/19
ZAF,2018-04,shared,passengers,unscheduled,departure,4991,passengers,FY18/19
ZAF,2018-04,shared,passengers,unscheduled,total,10281,passengers,FY18/19
ZAF,2019-04,shared,passengers,unscheduled,arrival,5138,passengers,FY19/20
ZAF,2019-04,shared,passengers,unscheduled,departure,4519,passengers,FY19/20
ZAF,2019-04,shared,passengers,unscheduled,total,9657,passengers,FY19/20
ZAF,2020-04,shared,passengers,unscheduled,arrival,4655,passengers,FY20/21
ZAF,2020-04,shared,passengers,unscheduled,departure,14321,passengers,FY20/21
ZAF,2020-04,shared,passengers,unscheduled,total,18976,passengers,FY20/21
ZAF,2021-04,shared,passengers,unscheduled,arrival,3818,passengers,FY21/22
ZAF,2021-04,shared,passengers,unscheduled,departure,3904,passengers,FY21/22
ZAF,2021-04,shared,passengers,unscheduled,total,7722,passengers,FY21/22
ZAF,2022-04,shared,passengers,unscheduled,arrival,7388,passengers,FY22/23
ZAF,2022-04,shared,passengers,unscheduled,departure,7274,passengers,FY22/23
ZAF,2022-04,shared,passengers,unscheduled,total,14662,passengers,FY22/23
ZAF,2023-04,shared,passengers,unscheduled,arrival,6702,passengers,FY23/24
ZAF,2023-04,shared,passengers,unscheduled,departure,6052,passengers,FY23/24
ZAF,2023-04,shared,passengers,unscheduled,total,12754,passengers,FY23/24
ZAF,2024-04,shared,passengers,unscheduled,arrival,4180,passengers,FY24/25
ZAF,2024-04,shared,passengers,unscheduled,departure,4415,passengers,FY24/25
ZAF,2024-04,shared,passengers,unscheduled,total,8595,passengers,FY24/25
ZAF,2025-04,shared,passengers,unscheduled,arrival,4652,passengers,FY25/26
ZAF,2025-04,shared,passengers,unscheduled,departure,3979,passengers,FY25/26
ZAF,2025-04,shared,passengers,unscheduled,total,8631,passengers,FY25/26
ZAF,2026-04,shared,passengers,unscheduled,arrival,3767,passengers,FY26/27
ZAF,2026-04,shared,passengers,unscheduled,departure,3692,passengers,FY26/27
ZAF,2026-04,shared,passengers,unscheduled,total,7459,passengers,FY26/27
ZAF,2012-05,shared,passengers,unscheduled,arrival,5269,passengers,FY12/13
ZAF,2012-05,shared,passengers,unscheduled,departure,5883,passengers,FY12/13
ZAF,2012-05,shared,passengers,unscheduled,total,11152,passengers,FY12/13
ZAF,2013-05,shared,passengers,unscheduled,arrival,5804,passengers,FY13/14
ZAF,2013-05,shared,passengers,unscheduled,departure,6416,passengers,FY13/14
ZAF,2013-05,shared,passengers,unscheduled,total,12220,passengers,FY13/14
ZAF,2014-05,shared,passengers,unscheduled,arrival,7073,passengers,FY14/15
ZAF,2014-05,shared,passengers,unscheduled,departure,7451,passengers,FY14/15
ZAF,2014-05,shared,passengers,unscheduled,total,14524,passengers,FY14/15
ZAF,2015-05,shared,passengers,unscheduled,arrival,5458,passengers,FY15/16
ZAF,2015-05,shared,passengers,unscheduled,departure,5019,passengers,FY15/16
ZAF,2015-05,shared,passengers,unscheduled,total,10477,passengers,FY15/16
ZAF,2016-05,shared,passengers,unscheduled,arrival,5980,passengers,FY16/17
ZAF,2016-05,shared,passengers,unscheduled,departure,6294,passengers,FY16/17
ZAF,2016-05,shared,passengers,unscheduled,total,12274,passengers,FY16/17
ZAF,2017-05,shared,passengers,unscheduled,arrival,5086,passengers,FY17/18
ZAF,2017-05,shared,passengers,unscheduled,departure,5493,passengers,FY17/18
ZAF,2017-05,shared,passengers,unscheduled,total,10579,passengers,FY17/18
ZAF,2018-05,shared,passengers,unscheduled,arrival,4786,passengers,FY18/19
ZAF,2018-05,shared,passengers,unscheduled,departure,5690,passengers,FY18/19
ZAF,2018-05,shared,passengers,unscheduled,total,10476,passengers,FY18/19
ZAF,2019-05,shared,passengers,unscheduled,arrival,4392,passengers,FY19/20
ZAF,2019-05,shared,passengers,unscheduled,departure,4631,passengers,FY19/20
ZAF,2019-05,shared,passengers,unscheduled,total,9023,passengers,FY19/20
ZAF,2020-05,shared,passengers,unscheduled,arrival,4033,passengers,FY20/21
ZAF,2020-05,shared,passengers,unscheduled,departure,5556,passengers,FY20/21
ZAF,2020-05,shared,passengers,unscheduled,total,9589,passengers,FY20/21
ZAF,2021-05,shared,passengers,unscheduled,arrival,3149,passengers,FY21/22
ZAF,2021-05,shared,passengers,unscheduled,departure,3192,passengers,FY21/22
ZAF,2021-05,shared,passengers,unscheduled,total,6341,passengers,FY21/22
ZAF,2022-05,shared,passengers,unscheduled,arrival,5460,passengers,FY22/23
ZAF,2022-05,shared,passengers,unscheduled,departure,6241,passengers,FY22/23
ZAF,2022-05,shared,passengers,unscheduled,total,11701,passengers,FY22/23
ZAF,2023-05,shared,passengers,unscheduled,arrival,5286,passengers,FY23/24
ZAF,2023-05,shared,passengers,unscheduled,departure,5668,passengers,FY23/24
ZAF,2023-05,shared,passengers,unscheduled,total,10954,passengers,FY23/24
ZAF,2024-05,shared,passengers,unscheduled,arrival,4944,passengers,FY24/25
ZAF,2024-05,shared,passengers,unscheduled,departure,5419,passengers,FY24/25
ZAF,2024-05,shared,passengers,unscheduled,total,10363,passengers,FY24/25
ZAF,2025-05,shared,passengers,unscheduled,arrival,3982,passengers,FY25/26
ZAF,2025-05,shared,passengers,unscheduled,departure,4130,passengers,FY25/26
ZAF,2025-05,shared,passengers,unscheduled,total,8112,passengers,FY25/26
ZAF,2026-05,shared,passengers,unscheduled,arrival,3616,passengers,FY26/27
ZAF,2026-05,shared,passengers,unscheduled,departure,3752,passengers,FY26/27
ZAF,2026-05,shared,passengers,unscheduled,total,7368,passengers,FY26/27
ZAF,2012-06,shared,passengers,unscheduled,arrival,5781,passengers,FY12/13
ZAF,2012-06,shared,passengers,unscheduled,departure,5855,passengers,FY12/13
ZAF,2012-06,shared,passengers,unscheduled,total,11636,passengers,FY12/13
ZAF,2013-06,shared,passengers,unscheduled,arrival,6307,passengers,FY13/14
ZAF,2013-06,shared,passengers,unscheduled,departure,6974,passengers,FY13/14
ZAF,2013-06,shared,passengers,unscheduled,total,13281,passengers,FY13/14
ZAF,2014-06,shared,passengers,unscheduled,arrival,5230,passengers,FY14/15
ZAF,2014-06,shared,passengers,unscheduled,departure,6579,passengers,FY14/15
ZAF,2014-06,shared,passengers,unscheduled,total,11809,passengers,FY14/15
ZAF,2015-06,shared,passengers,unscheduled,arrival,5634,passengers,FY15/16
ZAF,2015-06,shared,passengers,unscheduled,departure,5902,passengers,FY15/16
ZAF,2015-06,shared,passengers,unscheduled,total,11536,passengers,FY15/16
ZAF,2016-06,shared,passengers,unscheduled,arrival,5854,passengers,FY16/17
ZAF,2016-06,shared,passengers,unscheduled,departure,4781,passengers,FY16/17
ZAF,2016-06,shared,passengers,unscheduled,total,10635,passengers,FY16/17
ZAF,2017-06,shared,passengers,unscheduled,arrival,5302,passengers,FY17/18
ZAF,2017-06,shared,passengers,unscheduled,departure,5285,passengers,FY17/18
ZAF,2017-06,shared,passengers,unscheduled,total,10587,passengers,FY17/18
ZAF,2018-06,shared,passengers,unscheduled,arrival,5524,passengers,FY18/19
ZAF,2018-06,shared,passengers,unscheduled,departure,5536,passengers,FY18/19
ZAF,2018-06,shared,passengers,unscheduled,total,11060,passengers,FY18/19
ZAF,2019-06,shared,passengers,unscheduled,arrival,3899,passengers,FY19/20
ZAF,2019-06,shared,passengers,unscheduled,departure,4062,passengers,FY19/20
ZAF,2019-06,shared,passengers,unscheduled,total,7961,passengers,FY19/20
ZAF,2020-06,shared,passengers,unscheduled,arrival,5848,passengers,FY20/21
ZAF,2020-06,shared,passengers,unscheduled,departure,12673,passengers,FY20/21
ZAF,2020-06,shared,passengers,unscheduled,total,18521,passengers,FY20/21
ZAF,2021-06,shared,passengers,unscheduled,arrival,3384,passengers,FY21/22
ZAF,2021-06,shared,passengers,unscheduled,departure,3358,passengers,FY21/22
ZAF,2021-06,shared,passengers,unscheduled,total,6742,passengers,FY21/22
ZAF,2022-06,shared,passengers,unscheduled,arrival,6107,passengers,FY22/23
ZAF,2022-06,shared,passengers,unscheduled,departure,6463,passengers,FY22/23
ZAF,2022-06,shared,passengers,unscheduled,total,12570,passengers,FY22/23
ZAF,2023-06,shared,passengers,unscheduled,arrival,5555,passengers,FY23/24
ZAF,2023-06,shared,passengers,unscheduled,departure,5860,passengers,FY23/24
ZAF,2023-06,shared,passengers,unscheduled,total,11415,passengers,FY23/24
ZAF,2024-06,shared,passengers,unscheduled,arrival,4271,passengers,FY24/25
ZAF,2024-06,shared,passengers,unscheduled,departure,4530,passengers,FY24/25
ZAF,2024-06,shared,passengers,unscheduled,total,8801,passengers,FY24/25
ZAF,2025-06,shared,passengers,unscheduled,arrival,5316,passengers,FY25/26
ZAF,2025-06,shared,passengers,unscheduled,departure,4054,passengers,FY25/26
ZAF,2025-06,shared,passengers,unscheduled,total,9370,passengers,FY25/26
ZAF,2026-06,shared,passengers,unscheduled,arrival,3608,passengers,FY26/27
ZAF,2026-06,shared,passengers,unscheduled,departure,4824,passengers,FY26/27
ZAF,2026-06,shared,passengers,unscheduled,total,8432,passengers,FY26/27
ZAF,2012-07,shared,passengers,unscheduled,arrival,5444,passengers,FY12/13
ZAF,2012-07,shared,passengers,unscheduled,departure,4843,passengers,FY12/13
ZAF,2012-07,shared,passengers,unscheduled,total,10287,passengers,FY12/13
ZAF,2013-07,shared,passengers,unscheduled,arrival,7159,passengers,FY13/14
ZAF,2013-07,shared,passengers,unscheduled,departure,6541,passengers,FY13/14
ZAF,2013-07,shared,passengers,unscheduled,total,13700,passengers,FY13/14
ZAF,2014-07,shared,passengers,unscheduled,arrival,6726,passengers,FY14/15
ZAF,2014-07,shared,passengers,unscheduled,departure,8637,passengers,FY14/15
ZAF,2014-07,shared,passengers,unscheduled,total,15363,passengers,FY14/15
ZAF,2015-07,shared,passengers,unscheduled,arrival,6047,passengers,FY15/16
ZAF,2015-07,shared,passengers,unscheduled,departure,6387,passengers,FY15/16
ZAF,2015-07,shared,passengers,unscheduled,total,12434,passengers,FY15/16
ZAF,2016-07,shared,passengers,unscheduled,arrival,5754,passengers,FY16/17
ZAF,2016-07,shared,passengers,unscheduled,departure,5687,passengers,FY16/17
ZAF,2016-07,shared,passengers,unscheduled,total,11441,passengers,FY16/17
ZAF,2017-07,shared,passengers,unscheduled,arrival,6612,passengers,FY17/18
ZAF,2017-07,shared,passengers,unscheduled,departure,5340,passengers,FY17/18
ZAF,2017-07,shared,passengers,unscheduled,total,11952,passengers,FY17/18
ZAF,2018-07,shared,passengers,unscheduled,arrival,5583,passengers,FY18/19
ZAF,2018-07,shared,passengers,unscheduled,departure,5351,passengers,FY18/19
ZAF,2018-07,shared,passengers,unscheduled,total,10934,passengers,FY18/19
ZAF,2019-07,shared,passengers,unscheduled,arrival,6157,passengers,FY19/20
ZAF,2019-07,shared,passengers,unscheduled,departure,6249,passengers,FY19/20
ZAF,2019-07,shared,passengers,unscheduled,total,12406,passengers,FY19/20
ZAF,2020-07,shared,passengers,unscheduled,arrival,5626,passengers,FY20/21
ZAF,2020-07,shared,passengers,unscheduled,departure,13803,passengers,FY20/21
ZAF,2020-07,shared,passengers,unscheduled,total,19429,passengers,FY20/21
ZAF,2021-07,shared,passengers,unscheduled,arrival,2798,passengers,FY21/22
ZAF,2021-07,shared,passengers,unscheduled,departure,2928,passengers,FY21/22
ZAF,2021-07,shared,passengers,unscheduled,total,5726,passengers,FY21/22
ZAF,2022-07,shared,passengers,unscheduled,arrival,7193,passengers,FY22/23
ZAF,2022-07,shared,passengers,unscheduled,departure,6651,passengers,FY22/23
ZAF,2022-07,shared,passengers,unscheduled,total,13844,passengers,FY22/23
ZAF,2023-07,shared,passengers,unscheduled,arrival,5700,passengers,FY23/24
ZAF,2023-07,shared,passengers,unscheduled,departure,6139,passengers,FY23/24
ZAF,2023-07,shared,passengers,unscheduled,total,11839,passengers,FY23/24
ZAF,2024-07,shared,passengers,unscheduled,arrival,5917,passengers,FY24/25
ZAF,2024-07,shared,passengers,unscheduled,departure,4908,passengers,FY24/25
ZAF,2024-07,shared,passengers,unscheduled,total,10825,passengers,FY24/25
ZAF,2025-07,shared,passengers,unscheduled,arrival,3916,passengers,FY25/26
ZAF,2025-07,shared,passengers,unscheduled,departure,4638,passengers,FY25/26
ZAF,2025-07,shared,passengers,unscheduled,total,8554,passengers,FY25/26
ZAF,2026-07,shared,passengers,unscheduled,arrival,5006,passengers,FY26/27
ZAF,2026-07,shared,passengers,unscheduled,departure,5685,passengers,FY26/27
ZAF,2026-07,shared,passengers,unscheduled,total,10691,passengers,FY26/27
ZAF,2012-08,shared,passengers,unscheduled,arrival,5523,passengers,FY12/13
ZAF,2012-08,shared,passengers,unscheduled,departure,6049,passengers,FY12/13
ZAF,2012-08,shared,passengers,unscheduled,total,11572,passengers,FY12/13
ZAF,2013-08,shared,passengers,unscheduled,arrival,6826,passengers,FY13/14
ZAF,2013-08,shared,passengers,unscheduled,departure,7367,passengers,FY13/14
ZAF,2013-08,shared,passengers,unscheduled,total,14193,passengers,FY13/14
ZAF,2014-08,shared,passengers,unscheduled,arrival,7359,passengers,FY14/15
ZAF,2014-08,shared,passengers,unscheduled,departure,7193,passengers,FY14/15
ZAF,2014-08,shared,passengers,unscheduled,total,14552,passengers,FY14/15
ZAF,2015-08,shared,passengers,unscheduled,arrival,6501,passengers,FY15/16
ZAF,2015-08,shared,passengers,unscheduled,departure,6632,passengers,FY15/16
ZAF,2015-08,shared,passengers,unscheduled,total,13133,passengers,FY15/16
ZAF,2016-08,shared,passengers,unscheduled,arrival,5896,passengers,FY16/17
ZAF,2016-08,shared,passengers,unscheduled,departure,5505,passengers,FY16/17
ZAF,2016-08,shared,passengers,unscheduled,total,11401,passengers,FY16/17
ZAF,2017-08,shared,passengers,unscheduled,arrival,8713,passengers,FY17/18
ZAF,2017-08,shared,passengers,unscheduled,departure,5366,passengers,FY17/18
ZAF,2017-08,shared,passengers,unscheduled,total,14079,passengers,FY17/18
ZAF,2018-08,shared,passengers,unscheduled,arrival,5115,passengers,FY18/19
ZAF,2018-08,shared,passengers,unscheduled,departure,5680,passengers,FY18/19
ZAF,2018-08,shared,passengers,unscheduled,total,10795,passengers,FY18/19
ZAF,2019-08,shared,passengers,unscheduled,arrival,5581,passengers,FY19/20
ZAF,2019-08,shared,passengers,unscheduled,departure,5907,passengers,FY19/20
ZAF,2019-08,shared,passengers,unscheduled,total,11488,passengers,FY19/20
ZAF,2020-08,shared,passengers,unscheduled,arrival,8098,passengers,FY20/21
ZAF,2020-08,shared,passengers,unscheduled,departure,16894,passengers,FY20/21
ZAF,2020-08,shared,passengers,unscheduled,total,24992,passengers,FY20/21
ZAF,2021-08,shared,passengers,unscheduled,arrival,3615,passengers,FY21/22
ZAF,2021-08,shared,passengers,unscheduled,departure,3355,passengers,FY21/22
ZAF,2021-08,shared,passengers,unscheduled,total,6970,passengers,FY21/22
ZAF,2022-08,shared,passengers,unscheduled,arrival,6154,passengers,FY22/23
ZAF,2022-08,shared,passengers,unscheduled,departure,5401,passengers,FY22/23
ZAF,2022-08,shared,passengers,unscheduled,total,11555,passengers,FY22/23
ZAF,2023-08,shared,passengers,unscheduled,arrival,5586,passengers,FY23/24
ZAF,2023-08,shared,passengers,unscheduled,departure,5562,passengers,FY23/24
ZAF,2023-08,shared,passengers,unscheduled,total,11148,passengers,FY23/24
ZAF,2024-08,shared,passengers,unscheduled,arrival,3848,passengers,FY24/25
ZAF,2024-08,shared,passengers,unscheduled,departure,4027,passengers,FY24/25
ZAF,2024-08,shared,passengers,unscheduled,total,7875,passengers,FY24/25
ZAF,2025-08,shared,passengers,unscheduled,arrival,4932,passengers,FY25/26
ZAF,2025-08,shared,passengers,unscheduled,departure,5568,passengers,FY25/26
ZAF,2025-08,shared,passengers,unscheduled,total,10500,passengers,FY25/26
ZAF,2026-08,shared,passengers,unscheduled,arrival,5533,passengers,FY26/27
ZAF,2026-08,shared,passengers,unscheduled,departure,6248,passengers,FY26/27
ZAF,2026-08,shared,passengers,unscheduled,total,11781,passengers,FY26/27
ZAF,2012-09,shared,passengers,unscheduled,arrival,5626,passengers,FY12/13
ZAF,2012-09,shared,passengers,unscheduled,departure,5121,passengers,FY12/13
ZAF,2012-09,shared,passengers,unscheduled,total,10747,passengers,FY12/13
ZAF,2013-09,shared,passengers,unscheduled,arrival,5648,passengers,FY13/14
ZAF,2013-09,shared,passengers,unscheduled,departure,5790,passengers,FY13/14
ZAF,2013-09,shared,passengers,unscheduled,total,11438,passengers,FY13/14
ZAF,2014-09,shared,passengers,unscheduled,arrival,6850,passengers,FY14/15
ZAF,2014-09,shared,passengers,unscheduled,departure,6650,passengers,FY14/15
ZAF,2014-09,shared,passengers,unscheduled,total,13500,passengers,FY14/15
ZAF,2015-09,shared,passengers,unscheduled,arrival,6408,passengers,FY15/16
ZAF,2015-09,shared,passengers,unscheduled,departure,5247,passengers,FY15/16
ZAF,2015-09,shared,passengers,unscheduled,total,11655,passengers,FY15/16
ZAF,2016-09,shared,passengers,unscheduled,arrival,5934,passengers,FY16/17
ZAF,2016-09,shared,passengers,unscheduled,departure,4943,passengers,FY16/17
ZAF,2016-09,shared,passengers,unscheduled,total,10877,passengers,FY16/17
ZAF,2017-09,shared,passengers,unscheduled,arrival,5060,passengers,FY17/18
ZAF,2017-09,shared,passengers,unscheduled,departure,4475,passengers,FY17/18
ZAF,2017-09,shared,passengers,unscheduled,total,9535,passengers,FY17/18
ZAF,2018-09,shared,passengers,unscheduled,arrival,5071,passengers,FY18/19
ZAF,2018-09,shared,passengers,unscheduled,departure,4818,passengers,FY18/19
ZAF,2018-09,shared,passengers,unscheduled,total,9889,passengers,FY18/19
ZAF,2019-09,shared,passengers,unscheduled,arrival,4189,passengers,FY19/20
ZAF,2019-09,shared,passengers,unscheduled,departure,4974,passengers,FY19/20
ZAF,2019-09,shared,passengers,unscheduled,total,9163,passengers,FY19/20
ZAF,2020-09,shared,passengers,unscheduled,arrival,8942,passengers,FY20/21
ZAF,2020-09,shared,passengers,unscheduled,departure,13736,passengers,FY20/21
ZAF,2020-09,shared,passengers,unscheduled,total,22678,passengers,FY20/21
ZAF,2021-09,shared,passengers,unscheduled,arrival,4255,passengers,FY21/22
ZAF,2021-09,shared,passengers,unscheduled,departure,4192,passengers,FY21/22
ZAF,2021-09,shared,passengers,unscheduled,total,8447,passengers,FY21/22
ZAF,2022-09,shared,passengers,unscheduled,arrival,5654,passengers,FY22/23
ZAF,2022-09,shared,passengers,unscheduled,departure,4894,passengers,FY22/23
ZAF,2022-09,shared,passengers,unscheduled,total,10548,passengers,FY22/23
ZAF,2023-09,shared,passengers,unscheduled,arrival,4220,passengers,FY23/24
ZAF,2023-09,shared,passengers,unscheduled,departure,4403,passengers,FY23/24
ZAF,2023-09,shared,passengers,unscheduled,total,8623,passengers,FY23/24
ZAF,2024-09,shared,passengers,unscheduled,arrival,4501,passengers,FY24/25
ZAF,2024-09,shared,passengers,unscheduled,departure,4268,passengers,FY24/25
ZAF,2024-09,shared,passengers,unscheduled,total,8769,passengers,FY24/25
ZAF,2025-09,shared,passengers,unscheduled,arrival,4089,passengers,FY25/26
ZAF,2025-09,shared,passengers,unscheduled,departure,4444,passengers,FY25/26
ZAF,2025-09,shared,passengers,unscheduled,total,8533,passengers,FY25/26
ZAF,2012-10,shared,passengers,unscheduled,arrival,6781,passengers,FY12/13
ZAF,2012-10,shared,passengers,unscheduled,departure,6422,passengers,FY12/13
ZAF,2012-10,shared,passengers,unscheduled,total,13203,passengers,FY12/13
ZAF,2013-10,shared,passengers,unscheduled,arrival,9835,passengers,FY13/14
ZAF,2013-10,shared,passengers,unscheduled,departure,9011,passengers,FY13/14
ZAF,2013-10,shared,passengers,unscheduled,total,18846,passengers,FY13/14
ZAF,2014-10,shared,passengers,unscheduled,arrival,6839,passengers,FY14/15
ZAF,2014-10,shared,passengers,unscheduled,departure,7367,passengers,FY14/15
ZAF,2014-10,shared,passengers,unscheduled,total,14206,passengers,FY14/15
ZAF,2015-10,shared,passengers,unscheduled,arrival,9868,passengers,FY15/16
ZAF,2015-10,shared,passengers,unscheduled,departure,7887,passengers,FY15/16
ZAF,2015-10,shared,passengers,unscheduled,total,17755,passengers,FY15/16
ZAF,2016-10,shared,passengers,unscheduled,arrival,6127,passengers,FY16/17
ZAF,2016-10,shared,passengers,unscheduled,departure,5511,passengers,FY16/17
ZAF,2016-10,shared,passengers,unscheduled,total,11638,passengers,FY16/17
ZAF,2017-10,shared,passengers,unscheduled,arrival,5589,passengers,FY17/18
ZAF,2017-10,shared,passengers,unscheduled,departure,5207,passengers,FY17/18
ZAF,2017-10,shared,passengers,unscheduled,total,10796,passengers,FY17/18
ZAF,2018-10,shared,passengers,unscheduled,arrival,5635,passengers,FY18/19
ZAF,2018-10,shared,passengers,unscheduled,departure,5859,passengers,FY18/19
ZAF,2018-10,shared,passengers,unscheduled,total,11494,passengers,FY18/19
ZAF,2019-10,shared,passengers,unscheduled,arrival,5138,passengers,FY19/20
ZAF,2019-10,shared,passengers,unscheduled,departure,4684,passengers,FY19/20
ZAF,2019-10,shared,passengers,unscheduled,total,9822,passengers,FY19/20
ZAF,2020-10,shared,passengers,unscheduled,arrival,3703,passengers,FY20/21
ZAF,2020-10,shared,passengers,unscheduled,departure,3721,passengers,FY20/21
ZAF,2020-10,shared,passengers,unscheduled,total,7424,passengers,FY20/21
ZAF,2021-10,shared,passengers,unscheduled,arrival,5446,passengers,FY21/22
ZAF,2021-10,shared,passengers,unscheduled,departure,5077,passengers,FY21/22
ZAF,2021-10,shared,passengers,unscheduled,total,10523,passengers,FY21/22
ZAF,2022-10,shared,passengers,unscheduled,arrival,6563,passengers,FY22/23
ZAF,2022-10,shared,passengers,unscheduled,departure,6626,passengers,FY22/23
ZAF,2022-10,shared,passengers,unscheduled,total,13189,passengers,FY22/23
ZAF,2023-10,shared,passengers,unscheduled,arrival,5976,passengers,FY23/24
ZAF,2023-10,shared,passengers,unscheduled,departure,5361,passengers,FY23/24
ZAF,2023-10,shared,passengers,unscheduled,total,11337,passengers,FY23/24
ZAF,2024-10,shared,passengers,unscheduled,arrival,3920,passengers,FY24/25
ZAF,2024-10,shared,passengers,unscheduled,departure,4706,passengers,FY24/25
ZAF,2024-10,shared,passengers,unscheduled,total,8626,passengers,FY24/25
ZAF,2025-10,shared,passengers,unscheduled,arrival,4788,passengers,FY25/26
ZAF,2025-10,shared,passengers,unscheduled,departure,4897,passengers,FY25/26
ZAF,2025-10,shared,passengers,unscheduled,total,9685,passengers,FY25/26
ZAF,2012-11,shared,passengers,unscheduled,arrival,6456,passengers,FY12/13
ZAF,2012-11,shared,passengers,unscheduled,departure,6815,passengers,FY12/13
ZAF,2012-11,shared,passengers,unscheduled,total,13271,passengers,FY12/13
ZAF,2013-11,shared,passengers,unscheduled,arrival,7153,passengers,FY13/14
ZAF,2013-11,shared,passengers,unscheduled,departure,6845,passengers,FY13/14
ZAF,2013-11,shared,passengers,unscheduled,total,13998,passengers,FY13/14
ZAF,2014-11,shared,passengers,unscheduled,arrival,6938,passengers,FY14/15
ZAF,2014-11,shared,passengers,unscheduled,departure,7256,passengers,FY14/15
ZAF,2014-11,shared,passengers,unscheduled,total,14194,passengers,FY14/15
ZAF,2015-11,shared,passengers,unscheduled,arrival,6233,passengers,FY15/16
ZAF,2015-11,shared,passengers,unscheduled,departure,5190,passengers,FY15/16
ZAF,2015-11,shared,passengers,unscheduled,total,11423,passengers,FY15/16
ZAF,2016-11,shared,passengers,unscheduled,arrival,4848,passengers,FY16/17
ZAF,2016-11,shared,passengers,unscheduled,departure,5383,passengers,FY16/17
ZAF,2016-11,shared,passengers,unscheduled,total,10231,passengers,FY16/17
ZAF,2017-11,shared,passengers,unscheduled,arrival,5992,passengers,FY17/18
ZAF,2017-11,shared,passengers,unscheduled,departure,5849,passengers,FY17/18
ZAF,2017-11,shared,passengers,unscheduled,total,11841,passengers,FY17/18
ZAF,2018-11,shared,passengers,unscheduled,arrival,5005,passengers,FY18/19
ZAF,2018-11,shared,passengers,unscheduled,departure,4903,passengers,FY18/19
ZAF,2018-11,shared,passengers,unscheduled,total,9908,passengers,FY18/19
ZAF,2019-11,shared,passengers,unscheduled,arrival,5022,passengers,FY19/20
ZAF,2019-11,shared,passengers,unscheduled,departure,4734,passengers,FY19/20
ZAF,2019-11,shared,passengers,unscheduled,total,9756,passengers,FY19/20
ZAF,2020-11,shared,passengers,unscheduled,arrival,4083,passengers,FY20/21
ZAF,2020-11,shared,passengers,unscheduled,departure,3191,passengers,FY20/21
ZAF,2020-11,shared,passengers,unscheduled,total,7274,passengers,FY20/21
ZAF,2021-11,shared,passengers,unscheduled,arrival,6170,passengers,FY21/22
ZAF,2021-11,shared,passengers,unscheduled,departure,5878,passengers,FY21/22
ZAF,2021-11,shared,passengers,unscheduled,total,12048,passengers,FY21/22
ZAF,2022-11,shared,passengers,unscheduled,arrival,5859,passengers,FY22/23
ZAF,2022-11,shared,passengers,unscheduled,departure,5902,passengers,FY22/23
ZAF,2022-11,shared,passengers,unscheduled,total,11761,passengers,FY22/23
ZAF,2023-11,shared,passengers,unscheduled,arrival,5377,passengers,FY23/24
ZAF,2023-11,shared,passengers,unscheduled,departure,5650,passengers,FY23/24
ZAF,2023-11,shared,passengers,unscheduled,total,11027,passengers,FY23/24
ZAF,2024-11,shared,passengers,unscheduled,arrival,4293,passengers,FY24/25
ZAF,2024-11,shared,passengers,unscheduled,departure,4703,passengers,FY24/25
ZAF,2024-11,shared,passengers,unscheduled,total,8996,passengers,FY24/25
ZAF,2025-11,shared,passengers,unscheduled,arrival,5072,passengers,FY25/26
ZAF,2025-11,shared,passengers,unscheduled,departure,4789,passengers,FY25/26
ZAF,2025-11,shared,passengers,unscheduled,total,9861,passengers,FY25/26
ZAF,2012-12,shared,passengers,unscheduled,arrival,5935,passengers,FY12/13
ZAF,2012-12,shared,passengers,unscheduled,departure,6393,passengers,FY12/13
ZAF,2012-12,shared,passengers,unscheduled,total,12328,passengers,FY12/13
ZAF,2013-12,shared,passengers,unscheduled,arrival,6284,passengers,FY13/14
ZAF,2013-12,shared,passengers,unscheduled,departure,8035,passengers,FY13/14
ZAF,2013-12,shared,passengers,unscheduled,total,14319,passengers,FY13/14
ZAF,2014-12,shared,passengers,unscheduled,arrival,4796,passengers,FY14/15
ZAF,2014-12,shared,passengers,unscheduled,departure,5205,passengers,FY14/15
ZAF,2014-12,shared,passengers,unscheduled,total,10001,passengers,FY14/15
ZAF,2015-12,shared,passengers,unscheduled,arrival,7148,passengers,FY15/16
ZAF,2015-12,shared,passengers,unscheduled,departure,5506,passengers,FY15/16
ZAF,2015-12,shared,passengers,unscheduled,total,12654,passengers,FY15/16
ZAF,2016-12,shared,passengers,unscheduled,arrival,5803,passengers,FY16/17
ZAF,2016-12,shared,passengers,unscheduled,departure,5054,passengers,FY16/17
ZAF,2016-12,shared,passengers,unscheduled,total,10857,passengers,FY16/17
ZAF,2017-12,shared,passengers,unscheduled,arrival,4675,passengers,FY17/18
ZAF,2017-12,shared,passengers,unscheduled,departure,5669,passengers,FY17/18
ZAF,2017-12,shared,passengers,unscheduled,total,10344,passengers,FY17/18
ZAF,2018-12,shared,passengers,unscheduled,arrival,4446,passengers,FY18/19
ZAF,2018-12,shared,passengers,unscheduled,departure,5035,passengers,FY18/19
ZAF,2018-12,shared,passengers,unscheduled,total,9481,passengers,FY18/19
ZAF,2019-12,shared,passengers,unscheduled,arrival,5483,passengers,FY19/20
ZAF,2019-12,shared,passengers,unscheduled,departure,5433,passengers,FY19/20
ZAF,2019-12,shared,passengers,unscheduled,total,10916,passengers,FY19/20
ZAF,2020-12,shared,passengers,unscheduled,arrival,3891,passengers,FY20/21
ZAF,2020-12,shared,passengers,unscheduled,departure,4054,passengers,FY20/21
ZAF,2020-12,shared,passengers,unscheduled,total,7945,passengers,FY20/21
ZAF,2021-12,shared,passengers,unscheduled,arrival,4117,passengers,FY21/22
ZAF,2021-12,shared,passengers,unscheduled,departure,5534,passengers,FY21/22
ZAF,2021-12,shared,passengers,unscheduled,total,9651,passengers,FY21/22
ZAF,2022-12,shared,passengers,unscheduled,arrival,8039,passengers,FY22/23
ZAF,2022-12,shared,passengers,unscheduled,departure,8617,passengers,FY22/23
ZAF,2022-12,shared,passengers,unscheduled,total,16656,passengers,FY22/23
ZAF,2023-12,shared,passengers,unscheduled,arrival,6379,passengers,FY23/24
ZAF,2023-12,shared,passengers,unscheduled,departure,6693,passengers,FY23/24
ZAF,2023-12,shared,passengers,unscheduled,total,13072,passengers,FY23/24
ZAF,2024-12,shared,passengers,unscheduled,arrival,4944,passengers,FY24/25
ZAF,2024-12,shared,passengers,unscheduled,departure,5247,passengers,FY24/25
ZAF,2024-12,shared,passengers,unscheduled,total,10191,passengers,FY24/25
ZAF,2025-12,shared,passengers,unscheduled,arrival,4278,passengers,FY25/26
ZAF,2025-12,shared,passengers,unscheduled,departure,6143,passengers,FY25/26
ZAF,2025-12,shared,passengers,unscheduled,total,10421,passengers,FY25/26
ZAF,2013-01,shared,passengers,unscheduled,arrival,5330,passengers,FY12/13
ZAF,2013-01,shared,passengers,unscheduled,departure,5585,passengers,FY12/13
ZAF,2013-01,shared,passengers,unscheduled,total,10915,passengers,FY12/13
ZAF,2014-01,shared,passengers,unscheduled,arrival,6006,passengers,FY13/14
ZAF,2014-01,shared,passengers,unscheduled,departure,5033,passengers,FY13/14
ZAF,2014-01,shared,passengers,unscheduled,total,11039,passengers,FY13/14
ZAF,2015-01,shared,passengers,unscheduled,arrival,4967,passengers,FY14/15
ZAF,2015-01,shared,passengers,unscheduled,departure,4373,passengers,FY14/15
ZAF,2015-01,shared,passengers,unscheduled,total,9340,passengers,FY14/15
ZAF,2016-01,shared,passengers,unscheduled,arrival,4339,passengers,FY15/16
ZAF,2016-01,shared,passengers,unscheduled,departure,4398,passengers,FY15/16
ZAF,2016-01,shared,passengers,unscheduled,total,8737,passengers,FY15/16
ZAF,2017-01,shared,passengers,unscheduled,arrival,4699,passengers,FY16/17
ZAF,2017-01,shared,passengers,unscheduled,departure,4161,passengers,FY16/17
ZAF,2017-01,shared,passengers,unscheduled,total,8860,passengers,FY16/17
ZAF,2018-01,shared,passengers,unscheduled,arrival,5074,passengers,FY17/18
ZAF,2018-01,shared,passengers,unscheduled,departure,4629,passengers,FY17/18
ZAF,2018-01,shared,passengers,unscheduled,total,9703,passengers,FY17/18
ZAF,2019-01,shared,passengers,unscheduled,arrival,3671,passengers,FY18/19
ZAF,2019-01,shared,passengers,unscheduled,departure,3948,passengers,FY18/19
ZAF,2019-01,shared,passengers,unscheduled,total,7619,passengers,FY18/19
ZAF,2020-01,shared,passengers,unscheduled,arrival,4741,passengers,FY19/20
ZAF,2020-01,shared,passengers,unscheduled,departure,4656,passengers,FY19/20
ZAF,2020-01,shared,passengers,unscheduled,total,9397,passengers,FY19/20
ZAF,2021-01,shared,passengers,unscheduled,arrival,2444,passengers,FY20/21
ZAF,2021-01,shared,passengers,unscheduled,departure,2540,passengers,FY20/21
ZAF,2021-01,shared,passengers,unscheduled,total,4984,passengers,FY20/21
ZAF,2022-01,shared,passengers,unscheduled,arrival,4710,passengers,FY21/22
ZAF,2022-01,shared,passengers,unscheduled,departure,4393,passengers,FY21/22
ZAF,2022-01,shared,passengers,unscheduled,total,9103,passengers,FY21/22
ZAF,2023-01,shared,passengers,unscheduled,arrival,5174,passengers,FY22/23
ZAF,2023-01,shared,passengers,unscheduled,departure,4625,passengers,FY22/23
ZAF,2023-01,shared,passengers,unscheduled,total,9799,passengers,FY22/23
ZAF,2024-01,shared,passengers,unscheduled,arrival,4746,passengers,FY23/24
ZAF,2024-01,shared,passengers,unscheduled,departure,4541,passengers,FY23/24
ZAF,2024-01,shared,passengers,unscheduled,total,9287,passengers,FY23/24
ZAF,2025-01,shared,passengers,unscheduled,arrival,4619,passengers,FY24/25
ZAF,2025-01,shared,passengers,unscheduled,departure,4300,passengers,FY24/25
ZAF,2025-01,shared,passengers,unscheduled,total,8919,passengers,FY24/25
ZAF,2026-01,shared,passengers,unscheduled,arrival,4837,passengers,FY25/26
ZAF,2026-01,shared,passengers,unscheduled,departure,4648,passengers,FY25/26
ZAF,2026-01,shared,passengers,unscheduled,total,9485,passengers,FY25/26
ZAF,2013-02,shared,passengers,unscheduled,arrival,6431,passengers,FY12/13
ZAF,2013-02,shared,passengers,unscheduled,departure,6599,passengers,FY12/13
ZAF,2013-02,shared,passengers,unscheduled,total,13030,passengers,FY12/13
ZAF,2014-02,shared,passengers,unscheduled,arrival,6267,passengers,FY13/14
ZAF,2014-02,shared,passengers,unscheduled,departure,6523,passengers,FY13/14
ZAF,2014-02,shared,passengers,unscheduled,total,12790,passengers,FY13/14
ZAF,2015-02,shared,passengers,unscheduled,arrival,4757,passengers,FY14/15
ZAF,2015-02,shared,passengers,unscheduled,departure,5039,passengers,FY14/15
ZAF,2015-02,shared,passengers,unscheduled,total,9796,passengers,FY14/15
ZAF,2016-02,shared,passengers,unscheduled,arrival,6764,passengers,FY15/16
ZAF,2016-02,shared,passengers,unscheduled,departure,6200,passengers,FY15/16
ZAF,2016-02,shared,passengers,unscheduled,total,12964,passengers,FY15/16
ZAF,2017-02,shared,passengers,unscheduled,arrival,4687,passengers,FY16/17
ZAF,2017-02,shared,passengers,unscheduled,departure,4407,passengers,FY16/17
ZAF,2017-02,shared,passengers,unscheduled,total,9094,passengers,FY16/17
ZAF,2018-02,shared,passengers,unscheduled,arrival,5394,passengers,FY17/18
ZAF,2018-02,shared,passengers,unscheduled,departure,5141,passengers,FY17/18
ZAF,2018-02,shared,passengers,unscheduled,total,10535,passengers,FY17/18
ZAF,2019-02,shared,passengers,unscheduled,arrival,3988,passengers,FY18/19
ZAF,2019-02,shared,passengers,unscheduled,departure,4509,passengers,FY18/19
ZAF,2019-02,shared,passengers,unscheduled,total,8497,passengers,FY18/19
ZAF,2020-02,shared,passengers,unscheduled,arrival,3676,passengers,FY19/20
ZAF,2020-02,shared,passengers,unscheduled,departure,4033,passengers,FY19/20
ZAF,2020-02,shared,passengers,unscheduled,total,7709,passengers,FY19/20
ZAF,2021-02,shared,passengers,unscheduled,arrival,2732,passengers,FY20/21
ZAF,2021-02,shared,passengers,unscheduled,departure,3049,passengers,FY20/21
ZAF,2021-02,shared,passengers,unscheduled,total,5781,passengers,FY20/21
ZAF,2022-02,shared,passengers,unscheduled,arrival,4312,passengers,FY21/22
ZAF,2022-02,shared,passengers,unscheduled,departure,4342,passengers,FY21/22
ZAF,2022-02,shared,passengers,unscheduled,total,8654,passengers,FY21/22
ZAF,2023-02,shared,passengers,unscheduled,arrival,4126,passengers,FY22/23
ZAF,2023-02,shared,passengers,unscheduled,departure,4269,passengers,FY22/23
ZAF,2023-02,shared,passengers,unscheduled,total,8395,passengers,FY22/23
ZAF,2024-02,shared,passengers,unscheduled,arrival,3987,passengers,FY23/24
ZAF,2024-02,shared,passengers,unscheduled,departure,4665,passengers,FY23/24
ZAF,2024-02,shared,passengers,unscheduled,total,8652,passengers,FY23/24
ZAF,2025-02,shared,passengers,unscheduled,arrival,3312,passengers,FY24/25
ZAF,2025-02,shared,passengers,unscheduled,departure,3542,passengers,FY24/25
ZAF,2025-02,shared,passengers,unscheduled,total,6854,passengers,FY24/25
ZAF,2026-02,shared,passengers,unscheduled,arrival,3048,passengers,FY25/26
ZAF,2026-02,shared,passengers,unscheduled,departure,3559,passengers,FY25/26
ZAF,2026-02,shared,passengers,unscheduled,total,6607,passengers,FY25/26
ZAF,2013-03,shared,passengers,unscheduled,arrival,6974,passengers,FY12/13
ZAF,2013-03,shared,passengers,unscheduled,departure,7472,passengers,FY12/13
ZAF,2013-03,shared,passengers,unscheduled,total,14446,passengers,FY12/13
ZAF,2014-03,shared,passengers,unscheduled,arrival,6338,passengers,FY13/14
ZAF,2014-03,shared,passengers,unscheduled,departure,6369,passengers,FY13/14
ZAF,2014-03,shared,passengers,unscheduled,total,12707,passengers,FY13/14
ZAF,2015-03,shared,passengers,unscheduled,arrival,6195,passengers,FY14/15
ZAF,2015-03,shared,passengers,unscheduled,departure,6300,passengers,FY14/15
ZAF,2015-03,shared,passengers,unscheduled,total,12495,passengers,FY14/15
ZAF,2016-03,shared,passengers,unscheduled,arrival,5611,passengers,FY15/16
ZAF,2016-03,shared,passengers,unscheduled,departure,6184,passengers,FY15/16
ZAF,2016-03,shared,passengers,unscheduled,total,11795,passengers,FY15/16
ZAF,2017-03,shared,passengers,unscheduled,arrival,5983,passengers,FY16/17
ZAF,2017-03,shared,passengers,unscheduled,departure,5556,passengers,FY16/17
ZAF,2017-03,shared,passengers,unscheduled,total,11539,passengers,FY16/17
ZAF,2018-03,shared,passengers,unscheduled,arrival,3766,passengers,FY17/18
ZAF,2018-03,shared,passengers,unscheduled,departure,4588,passengers,FY17/18
ZAF,2018-03,shared,passengers,unscheduled,total,8354,passengers,FY17/18
ZAF,2019-03,shared,passengers,unscheduled,arrival,3800,passengers,FY18/19
ZAF,2019-03,shared,passengers,unscheduled,departure,4322,passengers,FY18/19
ZAF,2019-03,shared,passengers,unscheduled,total,8122,passengers,FY18/19
ZAF,2020-03,shared,passengers,unscheduled,arrival,3040,passengers,FY19/20
ZAF,2020-03,shared,passengers,unscheduled,departure,3693,passengers,FY19/20
ZAF,2020-03,shared,passengers,unscheduled,total,6733,passengers,FY19/20
ZAF,2021-03,shared,passengers,unscheduled,arrival,3902,passengers,FY20/21
ZAF,2021-03,shared,passengers,unscheduled,departure,3707,passengers,FY20/21
ZAF,2021-03,shared,passengers,unscheduled,total,7609,passengers,FY20/21
ZAF,2022-03,shared,passengers,unscheduled,arrival,6744,passengers,FY21/22
ZAF,2022-03,shared,passengers,unscheduled,departure,6368,passengers,FY21/22
ZAF,2022-03,shared,passengers,unscheduled,total,13112,passengers,FY21/22
ZAF,2023-03,shared,passengers,unscheduled,arrival,6169,passengers,FY22/23
ZAF,2023-03,shared,passengers,unscheduled,departure,4883,passengers,FY22/23
ZAF,2023-03,shared,passengers,unscheduled,total,11052,passengers,FY22/23
ZAF,2024-03,shared,passengers,unscheduled,arrival,5103,passengers,FY23/24
ZAF,2024-03,shared,passengers,unscheduled,departure,5841,passengers,FY23/24
ZAF,2024-03,shared,passengers,unscheduled,total,10944,passengers,FY23/24
ZAF,2025-03,shared,passengers,unscheduled,arrival,3766,passengers,FY24/25
ZAF,2025-03,shared,passengers,unscheduled,departure,3739,passengers,FY24/25
ZAF,2025-03,shared,passengers,unscheduled,total,7505,passengers,FY24/25
ZAF,2026-03,shared,passengers,unscheduled,arrival,3447,passengers,FY25/26
ZAF,2026-03,shared,passengers,unscheduled,departure,3678,passengers,FY25/26
ZAF,2026-03,shared,passengers,unscheduled,total,7125,passengers,FY25/26
ZAF,2012-04,shared,passengers,total,arrival,1484430,passengers,FY12/13
ZAF,2012-04,shared,passengers,total,departure,1520421,passengers,FY12/13
ZAF,2012-04,shared,passengers,total,total,3004851,passengers,FY12/13
ZAF,2013-04,shared,passengers,total,arrival,1445209,passengers,FY13/14
ZAF,2013-04,shared,passengers,total,departure,1487016,passengers,FY13/14
ZAF,2013-04,shared,passengers,total,total,2932225,passengers,FY13/14
ZAF,2014-04,shared,passengers,total,arrival,1473630,passengers,FY14/15
ZAF,2014-04,shared,passengers,total,departure,1508052,passengers,FY14/15
ZAF,2014-04,shared,passengers,total,total,2981682,passengers,FY14/15
ZAF,2015-04,shared,passengers,total,arrival,1540427,passengers,FY15/16
ZAF,2015-04,shared,passengers,total,departure,1600237,passengers,FY15/16
ZAF,2015-04,shared,passengers,total,total,3140664,passengers,FY15/16
ZAF,2016-04,shared,passengers,total,arrival,1609775,passengers,FY16/17
ZAF,2016-04,shared,passengers,total,departure,1657045,passengers,FY16/17
ZAF,2016-04,shared,passengers,total,total,3266820,passengers,FY16/17
ZAF,2017-04,shared,passengers,total,arrival,1760929,passengers,FY17/18
ZAF,2017-04,shared,passengers,total,departure,1807846,passengers,FY17/18
ZAF,2017-04,shared,passengers,total,total,3568775,passengers,FY17/18
ZAF,2018-04,shared,passengers,total,arrival,1715220,passengers,FY18/19
ZAF,2018-04,shared,passengers,total,departure,1773093,passengers,FY18/19
ZAF,2018-04,shared,passengers,total,total,3488313,passengers,FY18/19
ZAF,2019-04,shared,passengers,total,arrival,1788318,passengers,FY19/20
ZAF,2019-04,shared,passengers,total,departure,1812061,passengers,FY19/20
ZAF,2019-04,shared,passengers,total,total,3600379,passengers,FY19/20
ZAF,2020-04,shared,passengers,total,arrival,5181,passengers,FY20/21
ZAF,2020-04,shared,passengers,total,departure,14910,passengers,FY20/21
ZAF,2020-04,shared,passengers,total,total,20091,passengers,FY20/21
ZAF,2021-04,shared,passengers,total,arrival,883259,passengers,FY21/22
ZAF,2021-04,shared,passengers,total,departure,886617,passengers,FY21/22
ZAF,2021-04,shared,passengers,total,total,1769876,passengers,FY21/22
ZAF,2022-04,shared,passengers,total,arrival,1288607,passengers,FY22/23
ZAF,2022-04,shared,passengers,total,departure,1309522,passengers,FY22/23
ZAF,2022-04,shared,passengers,total,total,2598129,passengers,FY22/23
ZAF,2023-04,shared,passengers,total,arrival,1436904,passengers,FY23/24
ZAF,2023-04,shared,passengers,total,departure,1478614,passengers,FY23/24
ZAF,2023-04,shared,passengers,total,total,2915518,passengers,FY23/24
ZAF,2024-04,shared,passengers,total,arrival,1521734,passengers,FY24/25
ZAF,2024-04,shared,passengers,total,departure,1564352,passengers,FY24/25
ZAF,2024-04,shared,passengers,total,total,3086086,passengers,FY24/25
ZAF,2025-04,shared,passengers,total,arrival,1700550,passengers,FY25/26
ZAF,2025-04,shared,passengers,total,departure,1744038,passengers,FY25/26
ZAF,2025-04,shared,passengers,total,total,3444588,passengers,FY25/26
ZAF,2026-04,shared,passengers,total,arrival,1665733,passengers,FY26/27
ZAF,2026-04,shared,passengers,total,departure,1710509,passengers,FY26/27
ZAF,2026-04,shared,passengers,total,total,3376242,passengers,FY26/27
ZAF,2012-05,shared,passengers,total,arrival,1361446,passengers,FY12/13
ZAF,2012-05,shared,passengers,total,departure,1374280,passengers,FY12/13
ZAF,2012-05,shared,passengers,total,total,2735726,passengers,FY12/13
ZAF,2013-05,shared,passengers,total,arrival,1362838,passengers,FY13/14
ZAF,2013-05,shared,passengers,total,departure,1380175,passengers,FY13/14
ZAF,2013-05,shared,passengers,total,total,2743013,passengers,FY13/14
ZAF,2014-05,shared,passengers,total,arrival,1344143,passengers,FY14/15
ZAF,2014-05,shared,passengers,total,departure,1354098,passengers,FY14/15
ZAF,2014-05,shared,passengers,total,total,2698241,passengers,FY14/15
ZAF,2015-05,shared,passengers,total,arrival,1446767,passengers,FY15/16
ZAF,2015-05,shared,passengers,total,departure,1456195,passengers,FY15/16
ZAF,2015-05,shared,passengers,total,total,2902962,passengers,FY15/16
ZAF,2016-05,shared,passengers,total,arrival,1518239,passengers,FY16/17
ZAF,2016-05,shared,passengers,total,departure,1550363,passengers,FY16/17
ZAF,2016-05,shared,passengers,total,total,3068602,passengers,FY16/17
ZAF,2017-05,shared,passengers,total,arrival,1607941,passengers,FY17/18
ZAF,2017-05,shared,passengers,total,departure,1640161,passengers,FY17/18
ZAF,2017-05,shared,passengers,total,total,3248102,passengers,FY17/18
ZAF,2018-05,shared,passengers,total,arrival,1604477,passengers,FY18/19
ZAF,2018-05,shared,passengers,total,departure,1623363,passengers,FY18/19
ZAF,2018-05,shared,passengers,total,total,3227840,passengers,FY18/19
ZAF,2019-05,shared,passengers,total,arrival,1583211,passengers,FY19/20
ZAF,2019-05,shared,passengers,total,departure,1617396,passengers,FY19/20
ZAF,2019-05,shared,passengers,total,total,3200607,passengers,FY19/20
ZAF,2020-05,shared,passengers,total,arrival,4321,passengers,FY20/21
ZAF,2020-05,shared,passengers,total,departure,5858,passengers,FY20/21
ZAF,2020-05,shared,passengers,total,total,10179,passengers,FY20/21
ZAF,2021-05,shared,passengers,total,arrival,784989,passengers,FY21/22
ZAF,2021-05,shared,passengers,total,departure,790717,passengers,FY21/22
ZAF,2021-05,shared,passengers,total,total,1575706,passengers,FY21/22
ZAF,2022-05,shared,passengers,total,arrival,1210340,passengers,FY22/23
ZAF,2022-05,shared,passengers,total,departure,1243009,passengers,FY22/23
ZAF,2022-05,shared,passengers,total,total,2453349,passengers,FY22/23
ZAF,2023-05,shared,passengers,total,arrival,1377224,passengers,FY23/24
ZAF,2023-05,shared,passengers,total,departure,1405680,passengers,FY23/24
ZAF,2023-05,shared,passengers,total,total,2782904,passengers,FY23/24
ZAF,2024-05,shared,passengers,total,arrival,1378926,passengers,FY24/25
ZAF,2024-05,shared,passengers,total,departure,1407063,passengers,FY24/25
ZAF,2024-05,shared,passengers,total,total,2785989,passengers,FY24/25
ZAF,2025-05,shared,passengers,total,arrival,1532213,passengers,FY25/26
ZAF,2025-05,shared,passengers,total,departure,1555016,passengers,FY25/26
ZAF,2025-05,shared,passengers,total,total,3087229,passengers,FY25/26
ZAF,2026-05,shared,passengers,total,arrival,1490108,passengers,FY26/27
ZAF,2026-05,shared,passengers,total,departure,1521179,passengers,FY26/27
ZAF,2026-05,shared,passengers,total,total,3011287,passengers,FY26/27
ZAF,2012-06,shared,passengers,total,arrival,1320290,passengers,FY12/13
ZAF,2012-06,shared,passengers,total,departure,1380806,passengers,FY12/13
ZAF,2012-06,shared,passengers,total,total,2701096,passengers,FY12/13
ZAF,2013-06,shared,passengers,total,arrival,1305695,passengers,FY13/14
ZAF,2013-06,shared,passengers,total,departure,1363040,passengers,FY13/14
ZAF,2013-06,shared,passengers,total,total,2668735,passengers,FY13/14
ZAF,2014-06,shared,passengers,total,arrival,1326337,passengers,FY14/15
ZAF,2014-06,shared,passengers,total,departure,1381317,passengers,FY14/15
ZAF,2014-06,shared,passengers,total,total,2707654,passengers,FY14/15
ZAF,2015-06,shared,passengers,total,arrival,1368771,passengers,FY15/16
ZAF,2015-06,shared,passengers,total,departure,1430289,passengers,FY15/16
ZAF,2015-06,shared,passengers,total,total,2799060,passengers,FY15/16
ZAF,2016-06,shared,passengers,total,arrival,1427196,passengers,FY16/17
ZAF,2016-06,shared,passengers,total,departure,1496002,passengers,FY16/17
ZAF,2016-06,shared,passengers,total,total,2923198,passengers,FY16/17
ZAF,2017-06,shared,passengers,total,arrival,1495232,passengers,FY17/18
ZAF,2017-06,shared,passengers,total,departure,1548331,passengers,FY17/18
ZAF,2017-06,shared,passengers,total,total,3043563,passengers,FY17/18
ZAF,2018-06,shared,passengers,total,arrival,1550017,passengers,FY18/19
ZAF,2018-06,shared,passengers,total,departure,1631686,passengers,FY18/19
ZAF,2018-06,shared,passengers,total,total,3181703,passengers,FY18/19
ZAF,2019-06,shared,passengers,total,arrival,1674190,passengers,FY19/20
ZAF,2019-06,shared,passengers,total,departure,1752008,passengers,FY19/20
ZAF,2019-06,shared,passengers,total,total,3426198,passengers,FY19/20
ZAF,2020-06,shared,passengers,total,arrival,44846,passengers,FY20/21
ZAF,2020-06,shared,passengers,total,departure,52923,passengers,FY20/21
ZAF,2020-06,shared,passengers,total,total,97769,passengers,FY20/21
ZAF,2021-06,shared,passengers,total,arrival,632473,passengers,FY21/22
ZAF,2021-06,shared,passengers,total,departure,643585,passengers,FY21/22
ZAF,2021-06,shared,passengers,total,total,1276058,passengers,FY21/22
ZAF,2022-06,shared,passengers,total,arrival,1066181,passengers,FY22/23
ZAF,2022-06,shared,passengers,total,departure,1115930,passengers,FY22/23
ZAF,2022-06,shared,passengers,total,total,2182111,passengers,FY22/23
ZAF,2023-06,shared,passengers,total,arrival,1325374,passengers,FY23/24
ZAF,2023-06,shared,passengers,total,departure,1379226,passengers,FY23/24
ZAF,2023-06,shared,passengers,total,total,2704600,passengers,FY23/24
ZAF,2024-06,shared,passengers,total,arrival,1429802,passengers,FY24/25
ZAF,2024-06,shared,passengers,total,departure,1480519,passengers,FY24/25
ZAF,2024-06,shared,passengers,total,total,2910321,passengers,FY24/25
ZAF,2025-06,shared,passengers,total,arrival,1485754,passengers,FY25/26
ZAF,2025-06,shared,passengers,total,departure,1523153,passengers,FY25/26
ZAF,2025-06,shared,passengers,total,total,3008907,passengers,FY25/26
ZAF,2026-06,shared,passengers,total,arrival,1398444,passengers,FY26/27
ZAF,2026-06,shared,passengers,total,departure,1462402,passengers,FY26/27
ZAF,2026-06,shared,passengers,total,total,2860846,passengers,FY26/27
ZAF,2012-07,shared,passengers,total,arrival,1493667,passengers,FY12/13
ZAF,2012-07,shared,passengers,total,departure,1415787,passengers,FY12/13
ZAF,2012-07,shared,passengers,total,total,2909454,passengers,FY12/13
ZAF,2013-07,shared,passengers,total,arrival,1456517,passengers,FY13/14
ZAF,2013-07,shared,passengers,total,departure,1383440,passengers,FY13/14
ZAF,2013-07,shared,passengers,total,total,2839957,passengers,FY13/14
ZAF,2014-07,shared,passengers,total,arrival,1500712,passengers,FY14/15
ZAF,2014-07,shared,passengers,total,departure,1445883,passengers,FY14/15
ZAF,2014-07,shared,passengers,total,total,2946595,passengers,FY14/15
ZAF,2015-07,shared,passengers,total,arrival,1640321,passengers,FY15/16
ZAF,2015-07,shared,passengers,total,departure,1560342,passengers,FY15/16
ZAF,2015-07,shared,passengers,total,total,3200663,passengers,FY15/16
ZAF,2016-07,shared,passengers,total,arrival,1721249,passengers,FY16/17
ZAF,2016-07,shared,passengers,total,departure,1639632,passengers,FY16/17
ZAF,2016-07,shared,passengers,total,total,3360881,passengers,FY16/17
ZAF,2017-07,shared,passengers,total,arrival,1802552,passengers,FY17/18
ZAF,2017-07,shared,passengers,total,departure,1749977,passengers,FY17/18
ZAF,2017-07,shared,passengers,total,total,3552529,passengers,FY17/18
ZAF,2018-07,shared,passengers,total,arrival,1798806,passengers,FY18/19
ZAF,2018-07,shared,passengers,total,departure,1707773,passengers,FY18/19
ZAF,2018-07,shared,passengers,total,total,3506579,passengers,FY18/19
ZAF,2019-07,shared,passengers,total,arrival,1814158,passengers,FY19/20
ZAF,2019-07,shared,passengers,total,departure,1726718,passengers,FY19/20
ZAF,2019-07,shared,passengers,total,total,3540876,passengers,FY19/20
ZAF,2020-07,shared,passengers,total,arrival,111073,passengers,FY20/21
ZAF,2020-07,shared,passengers,total,departure,119622,passengers,FY20/21
ZAF,2020-07,shared,passengers,total,total,230695,passengers,FY20/21
ZAF,2021-07,shared,passengers,total,arrival,359781,passengers,FY21/22
ZAF,2021-07,shared,passengers,total,departure,371838,passengers,FY21/22
ZAF,2021-07,shared,passengers,total,total,731619,passengers,FY21/22
ZAF,2022-07,shared,passengers,total,arrival,1265359,passengers,FY22/23
ZAF,2022-07,shared,passengers,total,departure,1210338,passengers,FY22/23
ZAF,2022-07,shared,passengers,total,total,2475697,passengers,FY22/23
ZAF,2023-07,shared,passengers,total,arrival,1537030,passengers,FY23/24
ZAF,2023-07,shared,passengers,total,departure,1470331,passengers,FY23/24
ZAF,2023-07,shared,passengers,total,total,3007361,passengers,FY23/24
ZAF,2024-07,shared,passengers,total,arrival,1522333,passengers,FY24/25
ZAF,2024-07,shared,passengers,total,departure,1451453,passengers,FY24/25
ZAF,2024-07,shared,passengers,total,total,2973786,passengers,FY24/25
ZAF,2025-07,shared,passengers,total,arrival,1688449,passengers,FY25/26
ZAF,2025-07,shared,passengers,total,departure,1618178,passengers,FY25/26
ZAF,2025-07,shared,passengers,total,total,3306627,passengers,FY25/26
ZAF,2026-07,shared,passengers,total,arrival,1727342,passengers,FY26/27
ZAF,2026-07,shared,passengers,total,departure,1643045,passengers,FY26/27
ZAF,2026-07,shared,passengers,total,total,3370387,passengers,FY26/27
ZAF,2012-08,shared,passengers,total,arrival,1438061,passengers,FY12/13
ZAF,2012-08,shared,passengers,total,departure,1460282,passengers,FY12/13
ZAF,2012-08,shared,passengers,total,total,2898343,passengers,FY12/13
ZAF,2013-08,shared,passengers,total,arrival,1452737,passengers,FY13/14
ZAF,2013-08,shared,passengers,total,departure,1469569,passengers,FY13/14
ZAF,2013-08,shared,passengers,total,total,2922306,passengers,FY13/14
ZAF,2014-08,shared,passengers,total,arrival,1495258,passengers,FY14/15
ZAF,2014-08,shared,passengers,total,departure,1524732,passengers,FY14/15
ZAF,2014-08,shared,passengers,total,total,3019990,passengers,FY14/15
ZAF,2015-08,shared,passengers,total,arrival,1587065,passengers,FY15/16
ZAF,2015-08,shared,passengers,total,departure,1627342,passengers,FY15/16
ZAF,2015-08,shared,passengers,total,total,3214407,passengers,FY15/16
ZAF,2016-08,shared,passengers,total,arrival,1623820,passengers,FY16/17
ZAF,2016-08,shared,passengers,total,departure,1661955,passengers,FY16/17
ZAF,2016-08,shared,passengers,total,total,3285775,passengers,FY16/17
ZAF,2017-08,shared,passengers,total,arrival,1698944,passengers,FY17/18
ZAF,2017-08,shared,passengers,total,departure,1733101,passengers,FY17/18
ZAF,2017-08,shared,passengers,total,total,3432045,passengers,FY17/18
ZAF,2018-08,shared,passengers,total,arrival,1750802,passengers,FY18/19
ZAF,2018-08,shared,passengers,total,departure,1787677,passengers,FY18/19
ZAF,2018-08,shared,passengers,total,total,3538479,passengers,FY18/19
ZAF,2019-08,shared,passengers,total,arrival,1793285,passengers,FY19/20
ZAF,2019-08,shared,passengers,total,departure,1843819,passengers,FY19/20
ZAF,2019-08,shared,passengers,total,total,3637104,passengers,FY19/20
ZAF,2020-08,shared,passengers,total,arrival,194290,passengers,FY20/21
ZAF,2020-08,shared,passengers,total,departure,203820,passengers,FY20/21
ZAF,2020-08,shared,passengers,total,total,398110,passengers,FY20/21
ZAF,2021-08,shared,passengers,total,arrival,586947,passengers,FY21/22
ZAF,2021-08,shared,passengers,total,departure,592082,passengers,FY21/22
ZAF,2021-08,shared,passengers,total,total,1179029,passengers,FY21/22
ZAF,2022-08,shared,passengers,total,arrival,1232850,passengers,FY22/23
ZAF,2022-08,shared,passengers,total,departure,1256532,passengers,FY22/23
ZAF,2022-08,shared,passengers,total,total,2489382,passengers,FY22/23
ZAF,2023-08,shared,passengers,total,arrival,1435263,passengers,FY23/24
ZAF,2023-08,shared,passengers,total,departure,1478333,passengers,FY23/24
ZAF,2023-08,shared,passengers,total,total,2913596,passengers,FY23/24
ZAF,2024-08,shared,passengers,total,arrival,1517161,passengers,FY24/25
ZAF,2024-08,shared,passengers,total,departure,1549184,passengers,FY24/25
ZAF,2024-08,shared,passengers,total,total,3066345,passengers,FY24/25
ZAF,2025-08,shared,passengers,total,arrival,1652756,passengers,FY25/26
ZAF,2025-08,shared,passengers,total,departure,1685793,passengers,FY25/26
ZAF,2025-08,shared,passengers,total,total,3338549,passengers,FY25/26
ZAF,2026-08,shared,passengers,total,arrival,1661773,passengers,FY26/27
ZAF,2026-08,shared,passengers,total,departure,1698572,passengers,FY26/27
ZAF,2026-08,shared,passengers,total,total,3360345,passengers,FY26/27
ZAF,2012-09,shared,passengers,total,arrival,1477600,passengers,FY12/13
ZAF,2012-09,shared,passengers,total,departure,1484958,passengers,FY12/13
ZAF,2012-09,shared,passengers,total,total,2962558,passengers,FY12/13
ZAF,2013-09,shared,passengers,total,arrival,1469612,passengers,FY13/14
ZAF,2013-09,shared,passengers,total,departure,1477644,passengers,FY13/14
ZAF,2013-09,shared,passengers,total,total,2947256,passengers,FY13/14
ZAF,2014-09,shared,passengers,total,arrival,1453579,passengers,FY14/15
ZAF,2014-09,shared,passengers,total,departure,1451143,passengers,FY14/15
ZAF,2014-09,shared,passengers,total,total,2904722,passengers,FY14/15
ZAF,2015-09,shared,passengers,total,arrival,1580311,passengers,FY15/16
ZAF,2015-09,shared,passengers,total,departure,1583218,passengers,FY15/16
ZAF,2015-09,shared,passengers,total,total,3163529,passengers,FY15/16
ZAF,2016-09,shared,passengers,total,arrival,1672530,passengers,FY16/17
ZAF,2016-09,shared,passengers,total,departure,1677305,passengers,FY16/17
ZAF,2016-09,shared,passengers,total,total,3349835,passengers,FY16/17
ZAF,2017-09,shared,passengers,total,arrival,1723398,passengers,FY17/18
ZAF,2017-09,shared,passengers,total,departure,1736362,passengers,FY17/18
ZAF,2017-09,shared,passengers,total,total,3459760,passengers,FY17/18
ZAF,2018-09,shared,passengers,total,arrival,1742965,passengers,FY18/19
ZAF,2018-09,shared,passengers,total,departure,1766272,passengers,FY18/19
ZAF,2018-09,shared,passengers,total,total,3509237,passengers,FY18/19
ZAF,2019-09,shared,passengers,total,arrival,1856691,passengers,FY19/20
ZAF,2019-09,shared,passengers,total,departure,1865488,passengers,FY19/20
ZAF,2019-09,shared,passengers,total,total,3722179,passengers,FY19/20
ZAF,2020-09,shared,passengers,total,arrival,348730,passengers,FY20/21
ZAF,2020-09,shared,passengers,total,departure,355553,passengers,FY20/21
ZAF,2020-09,shared,passengers,total,total,704283,passengers,FY20/21
ZAF,2021-09,shared,passengers,total,arrival,837533,passengers,FY21/22
ZAF,2021-09,shared,passengers,total,departure,841920,passengers,FY21/22
ZAF,2021-09,shared,passengers,total,total,1679453,passengers,FY21/22
ZAF,2022-09,shared,passengers,total,arrival,1269416,passengers,FY22/23
ZAF,2022-09,shared,passengers,total,departure,1278437,passengers,FY22/23
ZAF,2022-09,shared,passengers,total,total,2547853,passengers,FY22/23
ZAF,2023-09,shared,passengers,total,arrival,1514738,passengers,FY23/24
ZAF,2023-09,shared,passengers,total,departure,1531152,passengers,FY23/24
ZAF,2023-09,shared,passengers,total,total,3045890,passengers,FY23/24
ZAF,2024-09,shared,passengers,total,arrival,1607409,passengers,FY24/25
ZAF,2024-09,shared,passengers,total,departure,1621312,passengers,FY24/25
ZAF,2024-09,shared,passengers,total,total,3228721,passengers,FY24/25
ZAF,2025-09,shared,passengers,total,arrival,1674486,passengers,FY25/26
ZAF,2025-09,shared,passengers,total,departure,1674375,passengers,FY25/26
ZAF,2025-09,shared,passengers,total,total,3348861,passengers,FY25/26
ZAF,2012-10,shared,passengers,total,arrival,1561904,passengers,FY12/13
ZAF,2012-10,shared,passengers,total,departure,1529545,passengers,FY12/13
ZAF,2012-10,shared,passengers,total,total,3091449,passengers,FY12/13
ZAF,2013-10,shared,passengers,total,arrival,1533775,passengers,FY13/14
ZAF,2013-10,shared,passengers,total,departure,1496197,passengers,FY13/14
ZAF,2013-10,shared,passengers,total,total,3029972,passengers,FY13/14
ZAF,2014-10,shared,passengers,total,arrival,1602854,passengers,FY14/15
ZAF,2014-10,shared,passengers,total,departure,1572577,passengers,FY14/15
ZAF,2014-10,shared,passengers,total,total,3175431,passengers,FY14/15
ZAF,2015-10,shared,passengers,total,arrival,1737591,passengers,FY15/16
ZAF,2015-10,shared,passengers,total,departure,1703247,passengers,FY15/16
ZAF,2015-10,shared,passengers,total,total,3440838,passengers,FY15/16
ZAF,2016-10,shared,passengers,total,arrival,1813108,passengers,FY16/17
ZAF,2016-10,shared,passengers,total,departure,1779773,passengers,FY16/17
ZAF,2016-10,shared,passengers,total,total,3592881,passengers,FY16/17
ZAF,2017-10,shared,passengers,total,arrival,1863619,passengers,FY17/18
ZAF,2017-10,shared,passengers,total,departure,1821274,passengers,FY17/18
ZAF,2017-10,shared,passengers,total,total,3684893,passengers,FY17/18
ZAF,2018-10,shared,passengers,total,arrival,1853086,passengers,FY18/19
ZAF,2018-10,shared,passengers,total,departure,1809248,passengers,FY18/19
ZAF,2018-10,shared,passengers,total,total,3662334,passengers,FY18/19
ZAF,2019-10,shared,passengers,total,arrival,1874521,passengers,FY19/20
ZAF,2019-10,shared,passengers,total,departure,1831000,passengers,FY19/20
ZAF,2019-10,shared,passengers,total,total,3705521,passengers,FY19/20
ZAF,2020-10,shared,passengers,total,arrival,515223,passengers,FY20/21
ZAF,2020-10,shared,passengers,total,departure,518019,passengers,FY20/21
ZAF,2020-10,shared,passengers,total,total,1033242,passengers,FY20/21
ZAF,2021-10,shared,passengers,total,arrival,1021041,passengers,FY21/22
ZAF,2021-10,shared,passengers,total,departure,1004570,passengers,FY21/22
ZAF,2021-10,shared,passengers,total,total,2025611,passengers,FY21/22
ZAF,2022-10,shared,passengers,total,arrival,1381261,passengers,FY22/23
ZAF,2022-10,shared,passengers,total,departure,1352364,passengers,FY22/23
ZAF,2022-10,shared,passengers,total,total,2733625,passengers,FY22/23
ZAF,2023-10,shared,passengers,total,arrival,1637125,passengers,FY23/24
ZAF,2023-10,shared,passengers,total,departure,1599450,passengers,FY23/24
ZAF,2023-10,shared,passengers,total,total,3236575,passengers,FY23/24
ZAF,2024-10,shared,passengers,total,arrival,1639881,passengers,FY24/25
ZAF,2024-10,shared,passengers,total,departure,1593690,passengers,FY24/25
ZAF,2024-10,shared,passengers,total,total,3233571,passengers,FY24/25
ZAF,2025-10,shared,passengers,total,arrival,1904802,passengers,FY25/26
ZAF,2025-10,shared,passengers,total,departure,1850690,passengers,FY25/26
ZAF,2025-10,shared,passengers,total,total,3755492,passengers,FY25/26
ZAF,2012-11,shared,passengers,total,arrival,1456214,passengers,FY12/13
ZAF,2012-11,shared,passengers,total,departure,1464327,passengers,FY12/13
ZAF,2012-11,shared,passengers,total,total,2920541,passengers,FY12/13
ZAF,2013-11,shared,passengers,total,arrival,1467796,passengers,FY13/14
ZAF,2013-11,shared,passengers,total,departure,1472456,passengers,FY13/14
ZAF,2013-11,shared,passengers,total,total,2940252,passengers,FY13/14
ZAF,2014-11,shared,passengers,total,arrival,1499228,passengers,FY14/15
ZAF,2014-11,shared,passengers,total,departure,1512952,passengers,FY14/15
ZAF,2014-11,shared,passengers,total,total,3012180,passengers,FY14/15
ZAF,2015-11,shared,passengers,total,arrival,1664463,passengers,FY15/16
ZAF,2015-11,shared,passengers,total,departure,1675616,passengers,FY15/16
ZAF,2015-11,shared,passengers,total,total,3340079,passengers,FY15/16
ZAF,2016-11,shared,passengers,total,arrival,1665983,passengers,FY16/17
ZAF,2016-11,shared,passengers,total,departure,1689965,passengers,FY16/17
ZAF,2016-11,shared,passengers,total,total,3355948,passengers,FY16/17
ZAF,2017-11,shared,passengers,total,arrival,1730208,passengers,FY17/18
ZAF,2017-11,shared,passengers,total,departure,1758287,passengers,FY17/18
ZAF,2017-11,shared,passengers,total,total,3488495,passengers,FY17/18
ZAF,2018-11,shared,passengers,total,arrival,1778350,passengers,FY18/19
ZAF,2018-11,shared,passengers,total,departure,1801449,passengers,FY18/19
ZAF,2018-11,shared,passengers,total,total,3579799,passengers,FY18/19
ZAF,2019-11,shared,passengers,total,arrival,1784428,passengers,FY19/20
ZAF,2019-11,shared,passengers,total,departure,1811335,passengers,FY19/20
ZAF,2019-11,shared,passengers,total,total,3595763,passengers,FY19/20
ZAF,2020-11,shared,passengers,total,arrival,616703,passengers,FY20/21
ZAF,2020-11,shared,passengers,total,departure,606664,passengers,FY20/21
ZAF,2020-11,shared,passengers,total,total,1223367,passengers,FY20/21
ZAF,2021-11,shared,passengers,total,arrival,1021537,passengers,FY21/22
ZAF,2021-11,shared,passengers,total,departure,1010830,passengers,FY21/22
ZAF,2021-11,shared,passengers,total,total,2032367,passengers,FY21/22
ZAF,2022-11,shared,passengers,total,arrival,1323711,passengers,FY22/23
ZAF,2022-11,shared,passengers,total,departure,1334921,passengers,FY22/23
ZAF,2022-11,shared,passengers,total,total,2658632,passengers,FY22/23
ZAF,2023-11,shared,passengers,total,arrival,1540149,passengers,FY23/24
ZAF,2023-11,shared,passengers,total,departure,1539307,passengers,FY23/24
ZAF,2023-11,shared,passengers,total,total,3079456,passengers,FY23/24
ZAF,2024-11,shared,passengers,total,arrival,1612649,passengers,FY24/25
ZAF,2024-11,shared,passengers,total,departure,1613628,passengers,FY24/25
ZAF,2024-11,shared,passengers,total,total,3226277,passengers,FY24/25
ZAF,2025-11,shared,passengers,total,arrival,1710462,passengers,FY25/26
ZAF,2025-11,shared,passengers,total,departure,1707281,passengers,FY25/26
ZAF,2025-11,shared,passengers,total,total,3417743,passengers,FY25/26
ZAF,2012-12,shared,passengers,total,arrival,1514635,passengers,FY12/13
ZAF,2012-12,shared,passengers,total,departure,1518891,passengers,FY12/13
ZAF,2012-12,shared,passengers,total,total,3033526,passengers,FY12/13
ZAF,2013-12,shared,passengers,total,arrival,1551732,passengers,FY13/14
ZAF,2013-12,shared,passengers,total,departure,1568936,passengers,FY13/14
ZAF,2013-12,shared,passengers,total,total,3120668,passengers,FY13/14
ZAF,2014-12,shared,passengers,total,arrival,1599552,passengers,FY14/15
ZAF,2014-12,shared,passengers,total,departure,1618893,passengers,FY14/15
ZAF,2014-12,shared,passengers,total,total,3218445,passengers,FY14/15
ZAF,2015-12,shared,passengers,total,arrival,1781379,passengers,FY15/16
ZAF,2015-12,shared,passengers,total,departure,1807887,passengers,FY15/16
ZAF,2015-12,shared,passengers,total,total,3589266,passengers,FY15/16
ZAF,2016-12,shared,passengers,total,arrival,1851029,passengers,FY16/17
ZAF,2016-12,shared,passengers,total,departure,1865512,passengers,FY16/17
ZAF,2016-12,shared,passengers,total,total,3716541,passengers,FY16/17
ZAF,2017-12,shared,passengers,total,arrival,1890893,passengers,FY17/18
ZAF,2017-12,shared,passengers,total,departure,1925782,passengers,FY17/18
ZAF,2017-12,shared,passengers,total,total,3816675,passengers,FY17/18
ZAF,2018-12,shared,passengers,total,arrival,1932311,passengers,FY18/19
ZAF,2018-12,shared,passengers,total,departure,1955949,passengers,FY18/19
ZAF,2018-12,shared,passengers,total,total,3888260,passengers,FY18/19
ZAF,2019-12,shared,passengers,total,arrival,2029814,passengers,FY19/20
ZAF,2019-12,shared,passengers,total,departure,2045860,passengers,FY19/20
ZAF,2019-12,shared,passengers,total,total,4075674,passengers,FY19/20
ZAF,2020-12,shared,passengers,total,arrival,886672,passengers,FY20/21
ZAF,2020-12,shared,passengers,total,departure,876490,passengers,FY20/21
ZAF,2020-12,shared,passengers,total,total,1763162,passengers,FY20/21
ZAF,2021-12,shared,passengers,total,arrival,1058675,passengers,FY21/22
ZAF,2021-12,shared,passengers,total,departure,1044785,passengers,FY21/22
ZAF,2021-12,shared,passengers,total,total,2103460,passengers,FY21/22
ZAF,2022-12,shared,passengers,total,arrival,1503738,passengers,FY22/23
ZAF,2022-12,shared,passengers,total,departure,1534147,passengers,FY22/23
ZAF,2022-12,shared,passengers,total,total,3037885,passengers,FY22/23
ZAF,2023-12,shared,passengers,total,arrival,1767866,passengers,FY23/24
ZAF,2023-12,shared,passengers,total,departure,1786269,passengers,FY23/24
ZAF,2023-12,shared,passengers,total,total,3554135,passengers,FY23/24
ZAF,2024-12,shared,passengers,total,arrival,1856203,passengers,FY24/25
ZAF,2024-12,shared,passengers,total,departure,1859766,passengers,FY24/25
ZAF,2024-12,shared,passengers,total,total,3715969,passengers,FY24/25
ZAF,2025-12,shared,passengers,total,arrival,2006689,passengers,FY25/26
ZAF,2025-12,shared,passengers,total,departure,2007151,passengers,FY25/26
ZAF,2025-12,shared,passengers,total,total,4013840,passengers,FY25/26
ZAF,2013-01,shared,passengers,total,arrival,1387431,passengers,FY12/13
ZAF,2013-01,shared,passengers,total,departure,1360615,passengers,FY12/13
ZAF,2013-01,shared,passengers,total,total,2748046,passengers,FY12/13
ZAF,2014-01,shared,passengers,total,arrival,1432878,passengers,FY13/14
ZAF,2014-01,shared,passengers,total,departure,1399814,passengers,FY13/14
ZAF,2014-01,shared,passengers,total,total,2832692,passengers,FY13/14
ZAF,2015-01,shared,passengers,total,arrival,1439563,passengers,FY14/15
ZAF,2015-01,shared,passengers,total,departure,1414828,passengers,FY14/15
ZAF,2015-01,shared,passengers,total,total,2854391,passengers,FY14/15
ZAF,2016-01,shared,passengers,total,arrival,1608195,passengers,FY15/16
ZAF,2016-01,shared,passengers,total,departure,1579320,passengers,FY15/16
ZAF,2016-01,shared,passengers,total,total,3187515,passengers,FY15/16
ZAF,2017-01,shared,passengers,total,arrival,1641841,passengers,FY16/17
ZAF,2017-01,shared,passengers,total,departure,1613125,passengers,FY16/17
ZAF,2017-01,shared,passengers,total,total,3254966,passengers,FY16/17
ZAF,2018-01,shared,passengers,total,arrival,1705655,passengers,FY17/18
ZAF,2018-01,shared,passengers,total,departure,1675148,passengers,FY17/18
ZAF,2018-01,shared,passengers,total,total,3380803,passengers,FY17/18
ZAF,2019-01,shared,passengers,total,arrival,1718657,passengers,FY18/19
ZAF,2019-01,shared,passengers,total,departure,1686290,passengers,FY18/19
ZAF,2019-01,shared,passengers,total,total,3404947,passengers,FY18/19
ZAF,2020-01,shared,passengers,total,arrival,1829188,passengers,FY19/20
ZAF,2020-01,shared,passengers,total,departure,1784527,passengers,FY19/20
ZAF,2020-01,shared,passengers,total,total,3613715,passengers,FY19/20
ZAF,2021-01,shared,passengers,total,arrival,520435,passengers,FY20/21
ZAF,2021-01,shared,passengers,total,departure,542929,passengers,FY20/21
ZAF,2021-01,shared,passengers,total,total,1063364,passengers,FY20/21
ZAF,2022-01,shared,passengers,total,arrival,993852,passengers,FY21/22
ZAF,2022-01,shared,passengers,total,departure,1007570,passengers,FY21/22
ZAF,2022-01,shared,passengers,total,total,2001422,passengers,FY21/22
ZAF,2023-01,shared,passengers,total,arrival,1391203,passengers,FY22/23
ZAF,2023-01,shared,passengers,total,departure,1363328,passengers,FY22/23
ZAF,2023-01,shared,passengers,total,total,2754531,passengers,FY22/23
ZAF,2024-01,shared,passengers,total,arrival,1558103,passengers,FY23/24
ZAF,2024-01,shared,passengers,total,departure,1537237,passengers,FY23/24
ZAF,2024-01,shared,passengers,total,total,3095340,passengers,FY23/24
ZAF,2025-01,shared,passengers,total,arrival,1664283,passengers,FY24/25
ZAF,2025-01,shared,passengers,total,departure,1630248,passengers,FY24/25
ZAF,2025-01,shared,passengers,total,total,3294531,passengers,FY24/25
ZAF,2026-01,shared,passengers,total,arrival,1795424,passengers,FY25/26
ZAF,2026-01,shared,passengers,total,departure,1765524,passengers,FY25/26
ZAF,2026-01,shared,passengers,total,total,3560948,passengers,FY25/26
ZAF,2013-02,shared,passengers,total,arrival,1361527,passengers,FY12/13
ZAF,2013-02,shared,passengers,total,departure,1356207,passengers,FY12/13
ZAF,2013-02,shared,passengers,total,total,2717734,passengers,FY12/13
ZAF,2014-02,shared,passengers,total,arrival,1375776,passengers,FY13/14
ZAF,2014-02,shared,passengers,total,departure,1372810,passengers,FY13/14
ZAF,2014-02,shared,passengers,total,total,2748586,passengers,FY13/14
ZAF,2015-02,shared,passengers,total,arrival,1395672,passengers,FY14/15
ZAF,2015-02,shared,passengers,total,departure,1386645,passengers,FY14/15
ZAF,2015-02,shared,passengers,total,total,2782317,passengers,FY14/15
ZAF,2016-02,shared,passengers,total,arrival,1568435,passengers,FY15/16
ZAF,2016-02,shared,passengers,total,departure,1570835,passengers,FY15/16
ZAF,2016-02,shared,passengers,total,total,3139270,passengers,FY15/16
ZAF,2017-02,shared,passengers,total,arrival,1561622,passengers,FY16/17
ZAF,2017-02,shared,passengers,total,departure,1561749,passengers,FY16/17
ZAF,2017-02,shared,passengers,total,total,3123371,passengers,FY16/17
ZAF,2018-02,shared,passengers,total,arrival,1593973,passengers,FY17/18
ZAF,2018-02,shared,passengers,total,departure,1599564,passengers,FY17/18
ZAF,2018-02,shared,passengers,total,total,3193537,passengers,FY17/18
ZAF,2019-02,shared,passengers,total,arrival,1618490,passengers,FY18/19
ZAF,2019-02,shared,passengers,total,departure,1621667,passengers,FY18/19
ZAF,2019-02,shared,passengers,total,total,3240157,passengers,FY18/19
ZAF,2020-02,shared,passengers,total,arrival,1689805,passengers,FY19/20
ZAF,2020-02,shared,passengers,total,departure,1693935,passengers,FY19/20
ZAF,2020-02,shared,passengers,total,total,3383740,passengers,FY19/20
ZAF,2021-02,shared,passengers,total,arrival,487610,passengers,FY20/21
ZAF,2021-02,shared,passengers,total,departure,491803,passengers,FY20/21
ZAF,2021-02,shared,passengers,total,total,979413,passengers,FY20/21
ZAF,2022-02,shared,passengers,total,arrival,1042436,passengers,FY21/22
ZAF,2022-02,shared,passengers,total,departure,1038332,passengers,FY21/22
ZAF,2022-02,shared,passengers,total,total,2080768,passengers,FY21/22
ZAF,2023-02,shared,passengers,total,arrival,1291058,passengers,FY22/23
ZAF,2023-02,shared,passengers,total,departure,1296901,passengers,FY22/23
ZAF,2023-02,shared,passengers,total,total,2587959,passengers,FY22/23
ZAF,2024-02,shared,passengers,total,arrival,1452521,passengers,FY23/24
ZAF,2024-02,shared,passengers,total,departure,1461208,passengers,FY23/24
ZAF,2024-02,shared,passengers,total,total,2913729,passengers,FY23/24
ZAF,2025-02,shared,passengers,total,arrival,1488699,passengers,FY24/25
ZAF,2025-02,shared,passengers,total,departure,1498595,passengers,FY24/25
ZAF,2025-02,shared,passengers,total,total,2987294,passengers,FY24/25
ZAF,2026-02,shared,passengers,total,arrival,1607505,passengers,FY25/26
ZAF,2026-02,shared,passengers,total,departure,1607417,passengers,FY25/26
ZAF,2026-02,shared,passengers,total,total,3214922,passengers,FY25/26
ZAF,2013-03,shared,passengers,total,arrival,1548599,passengers,FY12/13
ZAF,2013-03,shared,passengers,total,departure,1571767,passengers,FY12/13
ZAF,2013-03,shared,passengers,total,total,3120366,passengers,FY12/13
ZAF,2014-03,shared,passengers,total,arrival,1498076,passengers,FY13/14
ZAF,2014-03,shared,passengers,total,departure,1548086,passengers,FY13/14
ZAF,2014-03,shared,passengers,total,total,3046162,passengers,FY13/14
ZAF,2015-03,shared,passengers,total,arrival,1643859,passengers,FY14/15
ZAF,2015-03,shared,passengers,total,departure,1673430,passengers,FY14/15
ZAF,2015-03,shared,passengers,total,total,3317289,passengers,FY14/15
ZAF,2016-03,shared,passengers,total,arrival,1745230,passengers,FY15/16
ZAF,2016-03,shared,passengers,total,departure,1779801,passengers,FY15/16
ZAF,2016-03,shared,passengers,total,total,3525031,passengers,FY15/16
ZAF,2017-03,shared,passengers,total,arrival,1758785,passengers,FY16/17
ZAF,2017-03,shared,passengers,total,departure,1819539,passengers,FY16/17
ZAF,2017-03,shared,passengers,total,total,3578324,passengers,FY16/17
ZAF,2018-03,shared,passengers,total,arrival,1792538,passengers,FY17/18
ZAF,2018-03,shared,passengers,total,departure,1841013,passengers,FY17/18
ZAF,2018-03,shared,passengers,total,total,3633551,passengers,FY17/18
ZAF,2019-03,shared,passengers,total,arrival,1894054,passengers,FY18/19
ZAF,2019-03,shared,passengers,total,departure,1953797,passengers,FY18/19
ZAF,2019-03,shared,passengers,total,total,3847851,passengers,FY18/19
ZAF,2020-03,shared,passengers,total,arrival,1050319,passengers,FY19/20
ZAF,2020-03,shared,passengers,total,departure,1140318,passengers,FY19/20
ZAF,2020-03,shared,passengers,total,total,2190637,passengers,FY19/20
ZAF,2021-03,shared,passengers,total,arrival,776075,passengers,FY20/21
ZAF,2021-03,shared,passengers,total,departure,781146,passengers,FY20/21
ZAF,2021-03,shared,passengers,total,total,1557221,passengers,FY20/21
ZAF,2022-03,shared,passengers,total,arrival,1273643,passengers,FY21/22
ZAF,2022-03,shared,passengers,total,departure,1305356,passengers,FY21/22
ZAF,2022-03,shared,passengers,total,total,2578999,passengers,FY21/22
ZAF,2023-03,shared,passengers,total,arrival,1469665,passengers,FY22/23
ZAF,2023-03,shared,passengers,total,departure,1517786,passengers,FY22/23
ZAF,2023-03,shared,passengers,total,total,2987451,passengers,FY22/23
ZAF,2024-03,shared,passengers,total,arrival,1604366,passengers,FY23/24
ZAF,2024-03,shared,passengers,total,departure,1645952,passengers,FY23/24
ZAF,2024-03,shared,passengers,total,total,3250318,passengers,FY23/24
ZAF,2025-03,shared,passengers,total,arrival,1649416,passengers,FY24/25
ZAF,2025-03,shared,passengers,total,departure,1703458,passengers,FY24/25
ZAF,2025-03,shared,passengers,total,total,3352874,passengers,FY24/25
ZAF,2026-03,shared,passengers,total,arrival,1796996,passengers,FY25/26
ZAF,2026-03,shared,passengers,total,departure,1840522,passengers,FY25/26
ZAF,2026-03,shared,passengers,total,total,3637518,passengers,FY25/26
ZAF,2012-04,shared,aircraft_movements,international,arrival,2928,aircraft movements,FY12/13
ZAF,2012-04,shared,aircraft_movements,international,departure,2944,aircraft movements,FY12/13
ZAF,2012-04,shared,aircraft_movements,international,total,5872,aircraft movements,FY12/13
ZAF,2013-04,shared,aircraft_movements,international,arrival,2976,aircraft movements,FY13/14
ZAF,2013-04,shared,aircraft_movements,international,departure,2776,aircraft movements,FY13/14
ZAF,2013-04,shared,aircraft_movements,international,total,5752,aircraft movements,FY13/14
ZAF,2014-04,shared,aircraft_movements,international,arrival,2942,aircraft movements,FY14/15
ZAF,2014-04,shared,aircraft_movements,international,departure,2941,aircraft movements,FY14/15
ZAF,2014-04,shared,aircraft_movements,international,total,5883,aircraft movements,FY14/15
ZAF,2015-04,shared,aircraft_movements,international,arrival,3098,aircraft movements,FY15/16
ZAF,2015-04,shared,aircraft_movements,international,departure,3100,aircraft movements,FY15/16
ZAF,2015-04,shared,aircraft_movements,international,total,6198,aircraft movements,FY15/16
ZAF,2016-04,shared,aircraft_movements,international,arrival,3039,aircraft movements,FY16/17
ZAF,2016-04,shared,aircraft_movements,international,departure,3034,aircraft movements,FY16/17
ZAF,2016-04,shared,aircraft_movements,international,total,6073,aircraft movements,FY16/17
ZAF,2017-04,shared,aircraft_movements,international,arrival,3152,aircraft movements,FY17/18
ZAF,2017-04,shared,aircraft_movements,international,departure,3148,aircraft movements,FY17/18
ZAF,2017-04,shared,aircraft_movements,international,total,6300,aircraft movements,FY17/18
ZAF,2018-04,shared,aircraft_movements,international,arrival,3166,aircraft movements,FY18/19
ZAF,2018-04,shared,aircraft_movements,international,departure,3155,aircraft movements,FY18/19
ZAF,2018-04,shared,aircraft_movements,international,total,6321,aircraft movements,FY18/19
ZAF,2019-04,shared,aircraft_movements,international,arrival,3187,aircraft movements,FY19/20
ZAF,2019-04,shared,aircraft_movements,international,departure,3178,aircraft movements,FY19/20
ZAF,2019-04,shared,aircraft_movements,international,total,6365,aircraft movements,FY19/20
ZAF,2020-04,shared,aircraft_movements,international,arrival,324,aircraft movements,FY20/21
ZAF,2020-04,shared,aircraft_movements,international,departure,318,aircraft movements,FY20/21
ZAF,2020-04,shared,aircraft_movements,international,total,642,aircraft movements,FY20/21
ZAF,2021-04,shared,aircraft_movements,international,arrival,1547,aircraft movements,FY21/22
ZAF,2021-04,shared,aircraft_movements,international,departure,1541,aircraft movements,FY21/22
ZAF,2021-04,shared,aircraft_movements,international,total,3088,aircraft movements,FY21/22
ZAF,2022-04,shared,aircraft_movements,international,arrival,2494,aircraft movements,FY22/23
ZAF,2022-04,shared,aircraft_movements,international,departure,2459,aircraft movements,FY22/23
ZAF,2022-04,shared,aircraft_movements,international,total,4953,aircraft movements,FY22/23
ZAF,2023-04,shared,aircraft_movements,international,arrival,3031,aircraft movements,FY23/24
ZAF,2023-04,shared,aircraft_movements,international,departure,3013,aircraft movements,FY23/24
ZAF,2023-04,shared,aircraft_movements,international,total,6044,aircraft movements,FY23/24
ZAF,2024-04,shared,aircraft_movements,international,arrival,3285,aircraft movements,FY24/25
ZAF,2024-04,shared,aircraft_movements,international,departure,3281,aircraft movements,FY24/25
ZAF,2024-04,shared,aircraft_movements,international,total,6566,aircraft movements,FY24/25
ZAF,2025-04,shared,aircraft_movements,international,arrival,3414,aircraft movements,FY25/26
ZAF,2025-04,shared,aircraft_movements,international,departure,3406,aircraft movements,FY25/26
ZAF,2025-04,shared,aircraft_movements,international,total,6820,aircraft movements,FY25/26
ZAF,2026-04,shared,aircraft_movements,international,arrival,3650,aircraft movements,FY26/27
ZAF,2026-04,shared,aircraft_movements,international,departure,3627,aircraft movements,FY26/27
ZAF,2026-04,shared,aircraft_movements,international,total,7277,aircraft movements,FY26/27
ZAF,2012-05,shared,aircraft_movements,international,arrival,2963,aircraft movements,FY12/13
ZAF,2012-05,shared,aircraft_movements,international,departure,2721,aircraft movements,FY12/13
ZAF,2012-05,shared,aircraft_movements,international,total,5684,aircraft movements,FY12/13
ZAF,2013-05,shared,aircraft_movements,international,arrival,3158,aircraft movements,FY13/14
ZAF,2013-05,shared,aircraft_movements,international,departure,2925,aircraft movements,FY13/14
ZAF,2013-05,shared,aircraft_movements,international,total,6083,aircraft movements,FY13/14
ZAF,2014-05,shared,aircraft_movements,international,arrival,2950,aircraft movements,FY14/15
ZAF,2014-05,shared,aircraft_movements,international,departure,2952,aircraft movements,FY14/15
ZAF,2014-05,shared,aircraft_movements,international,total,5902,aircraft movements,FY14/15
ZAF,2015-05,shared,aircraft_movements,international,arrival,3086,aircraft movements,FY15/16
ZAF,2015-05,shared,aircraft_movements,international,departure,3079,aircraft movements,FY15/16
ZAF,2015-05,shared,aircraft_movements,international,total,6165,aircraft movements,FY15/16
ZAF,2016-05,shared,aircraft_movements,international,arrival,3097,aircraft movements,FY16/17
ZAF,2016-05,shared,aircraft_movements,international,departure,3093,aircraft movements,FY16/17
ZAF,2016-05,shared,aircraft_movements,international,total,6190,aircraft movements,FY16/17
ZAF,2017-05,shared,aircraft_movements,international,arrival,3241,aircraft movements,FY17/18
ZAF,2017-05,shared,aircraft_movements,international,departure,3232,aircraft movements,FY17/18
ZAF,2017-05,shared,aircraft_movements,international,total,6473,aircraft movements,FY17/18
ZAF,2018-05,shared,aircraft_movements,international,arrival,3198,aircraft movements,FY18/19
ZAF,2018-05,shared,aircraft_movements,international,departure,3159,aircraft movements,FY18/19
ZAF,2018-05,shared,aircraft_movements,international,total,6357,aircraft movements,FY18/19
ZAF,2019-05,shared,aircraft_movements,international,arrival,3229,aircraft movements,FY19/20
ZAF,2019-05,shared,aircraft_movements,international,departure,3208,aircraft movements,FY19/20
ZAF,2019-05,shared,aircraft_movements,international,total,6437,aircraft movements,FY19/20
ZAF,2020-05,shared,aircraft_movements,international,arrival,446,aircraft movements,FY20/21
ZAF,2020-05,shared,aircraft_movements,international,departure,428,aircraft movements,FY20/21
ZAF,2020-05,shared,aircraft_movements,international,total,874,aircraft movements,FY20/21
ZAF,2021-05,shared,aircraft_movements,international,arrival,1668,aircraft movements,FY21/22
ZAF,2021-05,shared,aircraft_movements,international,departure,1646,aircraft movements,FY21/22
ZAF,2021-05,shared,aircraft_movements,international,total,3314,aircraft movements,FY21/22
ZAF,2022-05,shared,aircraft_movements,international,arrival,2569,aircraft movements,FY22/23
ZAF,2022-05,shared,aircraft_movements,international,departure,2552,aircraft movements,FY22/23
ZAF,2022-05,shared,aircraft_movements,international,total,5121,aircraft movements,FY22/23
ZAF,2023-05,shared,aircraft_movements,international,arrival,3081,aircraft movements,FY23/24
ZAF,2023-05,shared,aircraft_movements,international,departure,3068,aircraft movements,FY23/24
ZAF,2023-05,shared,aircraft_movements,international,total,6149,aircraft movements,FY23/24
ZAF,2024-05,shared,aircraft_movements,international,arrival,3302,aircraft movements,FY24/25
ZAF,2024-05,shared,aircraft_movements,international,departure,3301,aircraft movements,FY24/25
ZAF,2024-05,shared,aircraft_movements,international,total,6603,aircraft movements,FY24/25
ZAF,2025-05,shared,aircraft_movements,international,arrival,3457,aircraft movements,FY25/26
ZAF,2025-05,shared,aircraft_movements,international,departure,3434,aircraft movements,FY25/26
ZAF,2025-05,shared,aircraft_movements,international,total,6891,aircraft movements,FY25/26
ZAF,2026-05,shared,aircraft_movements,international,arrival,3669,aircraft movements,FY26/27
ZAF,2026-05,shared,aircraft_movements,international,departure,3639,aircraft movements,FY26/27
ZAF,2026-05,shared,aircraft_movements,international,total,7308,aircraft movements,FY26/27
ZAF,2012-06,shared,aircraft_movements,international,arrival,2921,aircraft movements,FY12/13
ZAF,2012-06,shared,aircraft_movements,international,departure,2916,aircraft movements,FY12/13
ZAF,2012-06,shared,aircraft_movements,international,total,5837,aircraft movements,FY12/13
ZAF,2013-06,shared,aircraft_movements,international,arrival,3068,aircraft movements,FY13/14
ZAF,2013-06,shared,aircraft_movements,international,departure,2837,aircraft movements,FY13/14
ZAF,2013-06,shared,aircraft_movements,international,total,5905,aircraft movements,FY13/14
ZAF,2014-06,shared,aircraft_movements,international,arrival,2861,aircraft movements,FY14/15
ZAF,2014-06,shared,aircraft_movements,international,departure,2864,aircraft movements,FY14/15
ZAF,2014-06,shared,aircraft_movements,international,total,5725,aircraft movements,FY14/15
ZAF,2015-06,shared,aircraft_movements,international,arrival,2989,aircraft movements,FY15/16
ZAF,2015-06,shared,aircraft_movements,international,departure,2993,aircraft movements,FY15/16
ZAF,2015-06,shared,aircraft_movements,international,total,5982,aircraft movements,FY15/16
ZAF,2016-06,shared,aircraft_movements,international,arrival,2966,aircraft movements,FY16/17
ZAF,2016-06,shared,aircraft_movements,international,departure,2960,aircraft movements,FY16/17
ZAF,2016-06,shared,aircraft_movements,international,total,5926,aircraft movements,FY16/17
ZAF,2017-06,shared,aircraft_movements,international,arrival,3119,aircraft movements,FY17/18
ZAF,2017-06,shared,aircraft_movements,international,departure,3119,aircraft movements,FY17/18
ZAF,2017-06,shared,aircraft_movements,international,total,6238,aircraft movements,FY17/18
ZAF,2018-06,shared,aircraft_movements,international,arrival,3084,aircraft movements,FY18/19
ZAF,2018-06,shared,aircraft_movements,international,departure,3083,aircraft movements,FY18/19
ZAF,2018-06,shared,aircraft_movements,international,total,6167,aircraft movements,FY18/19
ZAF,2019-06,shared,aircraft_movements,international,arrival,3144,aircraft movements,FY19/20
ZAF,2019-06,shared,aircraft_movements,international,departure,3132,aircraft movements,FY19/20
ZAF,2019-06,shared,aircraft_movements,international,total,6276,aircraft movements,FY19/20
ZAF,2020-06,shared,aircraft_movements,international,arrival,438,aircraft movements,FY20/21
ZAF,2020-06,shared,aircraft_movements,international,departure,441,aircraft movements,FY20/21
ZAF,2020-06,shared,aircraft_movements,international,total,879,aircraft movements,FY20/21
ZAF,2021-06,shared,aircraft_movements,international,arrival,1678,aircraft movements,FY21/22
ZAF,2021-06,shared,aircraft_movements,international,departure,1665,aircraft movements,FY21/22
ZAF,2021-06,shared,aircraft_movements,international,total,3343,aircraft movements,FY21/22
ZAF,2022-06,shared,aircraft_movements,international,arrival,2454,aircraft movements,FY22/23
ZAF,2022-06,shared,aircraft_movements,international,departure,2431,aircraft movements,FY22/23
ZAF,2022-06,shared,aircraft_movements,international,total,4885,aircraft movements,FY22/23
ZAF,2023-06,shared,aircraft_movements,international,arrival,2972,aircraft movements,FY23/24
ZAF,2023-06,shared,aircraft_movements,international,departure,2951,aircraft movements,FY23/24
ZAF,2023-06,shared,aircraft_movements,international,total,5923,aircraft movements,FY23/24
ZAF,2024-06,shared,aircraft_movements,international,arrival,3139,aircraft movements,FY24/25
ZAF,2024-06,shared,aircraft_movements,international,departure,3136,aircraft movements,FY24/25
ZAF,2024-06,shared,aircraft_movements,international,total,6275,aircraft movements,FY24/25
ZAF,2025-06,shared,aircraft_movements,international,arrival,3319,aircraft movements,FY25/26
ZAF,2025-06,shared,aircraft_movements,international,departure,3313,aircraft movements,FY25/26
ZAF,2025-06,shared,aircraft_movements,international,total,6632,aircraft movements,FY25/26
ZAF,2026-06,shared,aircraft_movements,international,arrival,3530,aircraft movements,FY26/27
ZAF,2026-06,shared,aircraft_movements,international,departure,3502,aircraft movements,FY26/27
ZAF,2026-06,shared,aircraft_movements,international,total,7032,aircraft movements,FY26/27
ZAF,2012-07,shared,aircraft_movements,international,arrival,3065,aircraft movements,FY12/13
ZAF,2012-07,shared,aircraft_movements,international,departure,2820,aircraft movements,FY12/13
ZAF,2012-07,shared,aircraft_movements,international,total,5885,aircraft movements,FY12/13
ZAF,2013-07,shared,aircraft_movements,international,arrival,3227,aircraft movements,FY13/14
ZAF,2013-07,shared,aircraft_movements,international,departure,2994,aircraft movements,FY13/14
ZAF,2013-07,shared,aircraft_movements,international,total,6221,aircraft movements,FY13/14
ZAF,2014-07,shared,aircraft_movements,international,arrival,3065,aircraft movements,FY14/15
ZAF,2014-07,shared,aircraft_movements,international,departure,3058,aircraft movements,FY14/15
ZAF,2014-07,shared,aircraft_movements,international,total,6123,aircraft movements,FY14/15
ZAF,2015-07,shared,aircraft_movements,international,arrival,3116,aircraft movements,FY15/16
ZAF,2015-07,shared,aircraft_movements,international,departure,3123,aircraft movements,FY15/16
ZAF,2015-07,shared,aircraft_movements,international,total,6239,aircraft movements,FY15/16
ZAF,2016-07,shared,aircraft_movements,international,arrival,3134,aircraft movements,FY16/17
ZAF,2016-07,shared,aircraft_movements,international,departure,3124,aircraft movements,FY16/17
ZAF,2016-07,shared,aircraft_movements,international,total,6258,aircraft movements,FY16/17
ZAF,2017-07,shared,aircraft_movements,international,arrival,3309,aircraft movements,FY17/18
ZAF,2017-07,shared,aircraft_movements,international,departure,3297,aircraft movements,FY17/18
ZAF,2017-07,shared,aircraft_movements,international,total,6606,aircraft movements,FY17/18
ZAF,2018-07,shared,aircraft_movements,international,arrival,3238,aircraft movements,FY18/19
ZAF,2018-07,shared,aircraft_movements,international,departure,3225,aircraft movements,FY18/19
ZAF,2018-07,shared,aircraft_movements,international,total,6463,aircraft movements,FY18/19
ZAF,2019-07,shared,aircraft_movements,international,arrival,3394,aircraft movements,FY19/20
ZAF,2019-07,shared,aircraft_movements,international,departure,3369,aircraft movements,FY19/20
ZAF,2019-07,shared,aircraft_movements,international,total,6763,aircraft movements,FY19/20
ZAF,2020-07,shared,aircraft_movements,international,arrival,461,aircraft movements,FY20/21
ZAF,2020-07,shared,aircraft_movements,international,departure,440,aircraft movements,FY20/21
ZAF,2020-07,shared,aircraft_movements,international,total,901,aircraft movements,FY20/21
ZAF,2021-07,shared,aircraft_movements,international,arrival,1659,aircraft movements,FY21/22
ZAF,2021-07,shared,aircraft_movements,international,departure,1647,aircraft movements,FY21/22
ZAF,2021-07,shared,aircraft_movements,international,total,3306,aircraft movements,FY21/22
ZAF,2022-07,shared,aircraft_movements,international,arrival,2618,aircraft movements,FY22/23
ZAF,2022-07,shared,aircraft_movements,international,departure,2599,aircraft movements,FY22/23
ZAF,2022-07,shared,aircraft_movements,international,total,5217,aircraft movements,FY22/23
ZAF,2023-07,shared,aircraft_movements,international,arrival,3111,aircraft movements,FY23/24
ZAF,2023-07,shared,aircraft_movements,international,departure,3089,aircraft movements,FY23/24
ZAF,2023-07,shared,aircraft_movements,international,total,6200,aircraft movements,FY23/24
ZAF,2024-07,shared,aircraft_movements,international,arrival,3278,aircraft movements,FY24/25
ZAF,2024-07,shared,aircraft_movements,international,departure,3252,aircraft movements,FY24/25
ZAF,2024-07,shared,aircraft_movements,international,total,6530,aircraft movements,FY24/25
ZAF,2025-07,shared,aircraft_movements,international,arrival,3483,aircraft movements,FY25/26
ZAF,2025-07,shared,aircraft_movements,international,departure,3447,aircraft movements,FY25/26
ZAF,2025-07,shared,aircraft_movements,international,total,6930,aircraft movements,FY25/26
ZAF,2026-07,shared,aircraft_movements,international,arrival,3832,aircraft movements,FY26/27
ZAF,2026-07,shared,aircraft_movements,international,departure,3790,aircraft movements,FY26/27
ZAF,2026-07,shared,aircraft_movements,international,total,7622,aircraft movements,FY26/27
ZAF,2012-08,shared,aircraft_movements,international,arrival,3069,aircraft movements,FY12/13
ZAF,2012-08,shared,aircraft_movements,international,departure,3075,aircraft movements,FY12/13
ZAF,2012-08,shared,aircraft_movements,international,total,6144,aircraft movements,FY12/13
ZAF,2013-08,shared,aircraft_movements,international,arrival,3232,aircraft movements,FY13/14
ZAF,2013-08,shared,aircraft_movements,international,departure,3016,aircraft movements,FY13/14
ZAF,2013-08,shared,aircraft_movements,international,total,6248,aircraft movements,FY13/14
ZAF,2014-08,shared,aircraft_movements,international,arrival,3071,aircraft movements,FY14/15
ZAF,2014-08,shared,aircraft_movements,international,departure,3077,aircraft movements,FY14/15
ZAF,2014-08,shared,aircraft_movements,international,total,6148,aircraft movements,FY14/15
ZAF,2015-08,shared,aircraft_movements,international,arrival,3070,aircraft movements,FY15/16
ZAF,2015-08,shared,aircraft_movements,international,departure,3066,aircraft movements,FY15/16
ZAF,2015-08,shared,aircraft_movements,international,total,6136,aircraft movements,FY15/16
ZAF,2016-08,shared,aircraft_movements,international,arrival,3174,aircraft movements,FY16/17
ZAF,2016-08,shared,aircraft_movements,international,departure,3171,aircraft movements,FY16/17
ZAF,2016-08,shared,aircraft_movements,international,total,6345,aircraft movements,FY16/17
ZAF,2017-08,shared,aircraft_movements,international,arrival,3330,aircraft movements,FY17/18
ZAF,2017-08,shared,aircraft_movements,international,departure,3331,aircraft movements,FY17/18
ZAF,2017-08,shared,aircraft_movements,international,total,6661,aircraft movements,FY17/18
ZAF,2018-08,shared,aircraft_movements,international,arrival,3256,aircraft movements,FY18/19
ZAF,2018-08,shared,aircraft_movements,international,departure,3232,aircraft movements,FY18/19
ZAF,2018-08,shared,aircraft_movements,international,total,6488,aircraft movements,FY18/19
ZAF,2019-08,shared,aircraft_movements,international,arrival,3357,aircraft movements,FY19/20
ZAF,2019-08,shared,aircraft_movements,international,departure,3331,aircraft movements,FY19/20
ZAF,2019-08,shared,aircraft_movements,international,total,6688,aircraft movements,FY19/20
ZAF,2020-08,shared,aircraft_movements,international,arrival,447,aircraft movements,FY20/21
ZAF,2020-08,shared,aircraft_movements,international,departure,415,aircraft movements,FY20/21
ZAF,2020-08,shared,aircraft_movements,international,total,862,aircraft movements,FY20/21
ZAF,2021-08,shared,aircraft_movements,international,arrival,1783,aircraft movements,FY21/22
ZAF,2021-08,shared,aircraft_movements,international,departure,1763,aircraft movements,FY21/22
ZAF,2021-08,shared,aircraft_movements,international,total,3546,aircraft movements,FY21/22
ZAF,2022-08,shared,aircraft_movements,international,arrival,2700,aircraft movements,FY22/23
ZAF,2022-08,shared,aircraft_movements,international,departure,2681,aircraft movements,FY22/23
ZAF,2022-08,shared,aircraft_movements,international,total,5381,aircraft movements,FY22/23
ZAF,2023-08,shared,aircraft_movements,international,arrival,3220,aircraft movements,FY23/24
ZAF,2023-08,shared,aircraft_movements,international,departure,3203,aircraft movements,FY23/24
ZAF,2023-08,shared,aircraft_movements,international,total,6423,aircraft movements,FY23/24
ZAF,2024-08,shared,aircraft_movements,international,arrival,3327,aircraft movements,FY24/25
ZAF,2024-08,shared,aircraft_movements,international,departure,3303,aircraft movements,FY24/25
ZAF,2024-08,shared,aircraft_movements,international,total,6630,aircraft movements,FY24/25
ZAF,2025-08,shared,aircraft_movements,international,arrival,3636,aircraft movements,FY25/26
ZAF,2025-08,shared,aircraft_movements,international,departure,3610,aircraft movements,FY25/26
ZAF,2025-08,shared,aircraft_movements,international,total,7246,aircraft movements,FY25/26
ZAF,2026-08,shared,aircraft_movements,international,arrival,3789,aircraft movements,FY26/27
ZAF,2026-08,shared,aircraft_movements,international,departure,3746,aircraft movements,FY26/27
ZAF,2026-08,shared,aircraft_movements,international,total,7535,aircraft movements,FY26/27
ZAF,2012-09,shared,aircraft_movements,international,arrival,2908,aircraft movements,FY12/13
ZAF,2012-09,shared,aircraft_movements,international,departure,2680,aircraft movements,FY12/13
ZAF,2012-09,shared,aircraft_movements,international,total,5588,aircraft movements,FY12/13
ZAF,2013-09,shared,aircraft_movements,international,arrival,3119,aircraft movements,FY13/14
ZAF,2013-09,shared,aircraft_movements,international,departure,2913,aircraft movements,FY13/14
ZAF,2013-09,shared,aircraft_movements,international,total,6032,aircraft movements,FY13/14
ZAF,2014-09,shared,aircraft_movements,international,arrival,2957,aircraft movements,FY14/15
ZAF,2014-09,shared,aircraft_movements,international,departure,2962,aircraft movements,FY14/15
ZAF,2014-09,shared,aircraft_movements,international,total,5919,aircraft movements,FY14/15
ZAF,2015-09,shared,aircraft_movements,international,arrival,2988,aircraft movements,FY15/16
ZAF,2015-09,shared,aircraft_movements,international,departure,2986,aircraft movements,FY15/16
ZAF,2015-09,shared,aircraft_movements,international,total,5974,aircraft movements,FY15/16
ZAF,2016-09,shared,aircraft_movements,international,arrival,3098,aircraft movements,FY16/17
ZAF,2016-09,shared,aircraft_movements,international,departure,3092,aircraft movements,FY16/17
ZAF,2016-09,shared,aircraft_movements,international,total,6190,aircraft movements,FY16/17
ZAF,2017-09,shared,aircraft_movements,international,arrival,3214,aircraft movements,FY17/18
ZAF,2017-09,shared,aircraft_movements,international,departure,3197,aircraft movements,FY17/18
ZAF,2017-09,shared,aircraft_movements,international,total,6411,aircraft movements,FY17/18
ZAF,2018-09,shared,aircraft_movements,international,arrival,3138,aircraft movements,FY18/19
ZAF,2018-09,shared,aircraft_movements,international,departure,3116,aircraft movements,FY18/19
ZAF,2018-09,shared,aircraft_movements,international,total,6254,aircraft movements,FY18/19
ZAF,2019-09,shared,aircraft_movements,international,arrival,3233,aircraft movements,FY19/20
ZAF,2019-09,shared,aircraft_movements,international,departure,3210,aircraft movements,FY19/20
ZAF,2019-09,shared,aircraft_movements,international,total,6443,aircraft movements,FY19/20
ZAF,2020-09,shared,aircraft_movements,international,arrival,479,aircraft movements,FY20/21
ZAF,2020-09,shared,aircraft_movements,international,departure,452,aircraft movements,FY20/21
ZAF,2020-09,shared,aircraft_movements,international,total,931,aircraft movements,FY20/21
ZAF,2021-09,shared,aircraft_movements,international,arrival,1848,aircraft movements,FY21/22
ZAF,2021-09,shared,aircraft_movements,international,departure,1828,aircraft movements,FY21/22
ZAF,2021-09,shared,aircraft_movements,international,total,3676,aircraft movements,FY21/22
ZAF,2022-09,shared,aircraft_movements,international,arrival,2659,aircraft movements,FY22/23
ZAF,2022-09,shared,aircraft_movements,international,departure,2639,aircraft movements,FY22/23
ZAF,2022-09,shared,aircraft_movements,international,total,5298,aircraft movements,FY22/23
ZAF,2023-09,shared,aircraft_movements,international,arrival,3169,aircraft movements,FY23/24
ZAF,2023-09,shared,aircraft_movements,international,departure,3141,aircraft movements,FY23/24
ZAF,2023-09,shared,aircraft_movements,international,total,6310,aircraft movements,FY23/24
ZAF,2024-09,shared,aircraft_movements,international,arrival,3268,aircraft movements,FY24/25
ZAF,2024-09,shared,aircraft_movements,international,departure,3240,aircraft movements,FY24/25
ZAF,2024-09,shared,aircraft_movements,international,total,6508,aircraft movements,FY24/25
ZAF,2025-09,shared,aircraft_movements,international,arrival,3512,aircraft movements,FY25/26
ZAF,2025-09,shared,aircraft_movements,international,departure,3474,aircraft movements,FY25/26
ZAF,2025-09,shared,aircraft_movements,international,total,6986,aircraft movements,FY25/26
ZAF,2012-10,shared,aircraft_movements,international,arrival,3101,aircraft movements,FY12/13
ZAF,2012-10,shared,aircraft_movements,international,departure,2830,aircraft movements,FY12/13
ZAF,2012-10,shared,aircraft_movements,international,total,5931,aircraft movements,FY12/13
ZAF,2013-10,shared,aircraft_movements,international,arrival,3283,aircraft movements,FY13/14
ZAF,2013-10,shared,aircraft_movements,international,departure,3050,aircraft movements,FY13/14
ZAF,2013-10,shared,aircraft_movements,international,total,6333,aircraft movements,FY13/14
ZAF,2014-10,shared,aircraft_movements,international,arrival,3111,aircraft movements,FY14/15
ZAF,2014-10,shared,aircraft_movements,international,departure,3105,aircraft movements,FY14/15
ZAF,2014-10,shared,aircraft_movements,international,total,6216,aircraft movements,FY14/15
ZAF,2015-10,shared,aircraft_movements,international,arrival,3213,aircraft movements,FY15/16
ZAF,2015-10,shared,aircraft_movements,international,departure,3203,aircraft movements,FY15/16
ZAF,2015-10,shared,aircraft_movements,international,total,6416,aircraft movements,FY15/16
ZAF,2016-10,shared,aircraft_movements,international,arrival,3227,aircraft movements,FY16/17
ZAF,2016-10,shared,aircraft_movements,international,departure,3224,aircraft movements,FY16/17
ZAF,2016-10,shared,aircraft_movements,international,total,6451,aircraft movements,FY16/17
ZAF,2017-10,shared,aircraft_movements,international,arrival,3334,aircraft movements,FY17/18
ZAF,2017-10,shared,aircraft_movements,international,departure,3325,aircraft movements,FY17/18
ZAF,2017-10,shared,aircraft_movements,international,total,6659,aircraft movements,FY17/18
ZAF,2018-10,shared,aircraft_movements,international,arrival,3314,aircraft movements,FY18/19
ZAF,2018-10,shared,aircraft_movements,international,departure,3287,aircraft movements,FY18/19
ZAF,2018-10,shared,aircraft_movements,international,total,6601,aircraft movements,FY18/19
ZAF,2019-10,shared,aircraft_movements,international,arrival,3359,aircraft movements,FY19/20
ZAF,2019-10,shared,aircraft_movements,international,departure,3337,aircraft movements,FY19/20
ZAF,2019-10,shared,aircraft_movements,international,total,6696,aircraft movements,FY19/20
ZAF,2020-10,shared,aircraft_movements,international,arrival,1021,aircraft movements,FY20/21
ZAF,2020-10,shared,aircraft_movements,international,departure,1018,aircraft movements,FY20/21
ZAF,2020-10,shared,aircraft_movements,international,total,2039,aircraft movements,FY20/21
ZAF,2021-10,shared,aircraft_movements,international,arrival,2060,aircraft movements,FY21/22
ZAF,2021-10,shared,aircraft_movements,international,departure,2038,aircraft movements,FY21/22
ZAF,2021-10,shared,aircraft_movements,international,total,4098,aircraft movements,FY21/22
ZAF,2022-10,shared,aircraft_movements,international,arrival,2806,aircraft movements,FY22/23
ZAF,2022-10,shared,aircraft_movements,international,departure,2785,aircraft movements,FY22/23
ZAF,2022-10,shared,aircraft_movements,international,total,5591,aircraft movements,FY22/23
ZAF,2023-10,shared,aircraft_movements,international,arrival,3399,aircraft movements,FY23/24
ZAF,2023-10,shared,aircraft_movements,international,departure,3372,aircraft movements,FY23/24
ZAF,2023-10,shared,aircraft_movements,international,total,6771,aircraft movements,FY23/24
ZAF,2024-10,shared,aircraft_movements,international,arrival,3381,aircraft movements,FY24/25
ZAF,2024-10,shared,aircraft_movements,international,departure,3371,aircraft movements,FY24/25
ZAF,2024-10,shared,aircraft_movements,international,total,6752,aircraft movements,FY24/25
ZAF,2025-10,shared,aircraft_movements,international,arrival,3772,aircraft movements,FY25/26
ZAF,2025-10,shared,aircraft_movements,international,departure,3731,aircraft movements,FY25/26
ZAF,2025-10,shared,aircraft_movements,international,total,7503,aircraft movements,FY25/26
ZAF,2012-11,shared,aircraft_movements,international,arrival,3069,aircraft movements,FY12/13
ZAF,2012-11,shared,aircraft_movements,international,departure,2827,aircraft movements,FY12/13
ZAF,2012-11,shared,aircraft_movements,international,total,5896,aircraft movements,FY12/13
ZAF,2013-11,shared,aircraft_movements,international,arrival,3315,aircraft movements,FY13/14
ZAF,2013-11,shared,aircraft_movements,international,departure,3097,aircraft movements,FY13/14
ZAF,2013-11,shared,aircraft_movements,international,total,6412,aircraft movements,FY13/14
ZAF,2014-11,shared,aircraft_movements,international,arrival,3109,aircraft movements,FY14/15
ZAF,2014-11,shared,aircraft_movements,international,departure,3100,aircraft movements,FY14/15
ZAF,2014-11,shared,aircraft_movements,international,total,6209,aircraft movements,FY14/15
ZAF,2015-11,shared,aircraft_movements,international,arrival,3005,aircraft movements,FY15/16
ZAF,2015-11,shared,aircraft_movements,international,departure,2999,aircraft movements,FY15/16
ZAF,2015-11,shared,aircraft_movements,international,total,6004,aircraft movements,FY15/16
ZAF,2016-11,shared,aircraft_movements,international,arrival,3192,aircraft movements,FY16/17
ZAF,2016-11,shared,aircraft_movements,international,departure,3207,aircraft movements,FY16/17
ZAF,2016-11,shared,aircraft_movements,international,total,6399,aircraft movements,FY16/17
ZAF,2017-11,shared,aircraft_movements,international,arrival,3288,aircraft movements,FY17/18
ZAF,2017-11,shared,aircraft_movements,international,departure,3270,aircraft movements,FY17/18
ZAF,2017-11,shared,aircraft_movements,international,total,6558,aircraft movements,FY17/18
ZAF,2018-11,shared,aircraft_movements,international,arrival,3320,aircraft movements,FY18/19
ZAF,2018-11,shared,aircraft_movements,international,departure,3308,aircraft movements,FY18/19
ZAF,2018-11,shared,aircraft_movements,international,total,6628,aircraft movements,FY18/19
ZAF,2019-11,shared,aircraft_movements,international,arrival,3204,aircraft movements,FY19/20
ZAF,2019-11,shared,aircraft_movements,international,departure,3183,aircraft movements,FY19/20
ZAF,2019-11,shared,aircraft_movements,international,total,6387,aircraft movements,FY19/20
ZAF,2020-11,shared,aircraft_movements,international,arrival,1237,aircraft movements,FY20/21
ZAF,2020-11,shared,aircraft_movements,international,departure,1216,aircraft movements,FY20/21
ZAF,2020-11,shared,aircraft_movements,international,total,2453,aircraft movements,FY20/21
ZAF,2021-11,shared,aircraft_movements,international,arrival,2108,aircraft movements,FY21/22
ZAF,2021-11,shared,aircraft_movements,international,departure,2084,aircraft movements,FY21/22
ZAF,2021-11,shared,aircraft_movements,international,total,4192,aircraft movements,FY21/22
ZAF,2022-11,shared,aircraft_movements,international,arrival,2825,aircraft movements,FY22/23
ZAF,2022-11,shared,aircraft_movements,international,departure,2818,aircraft movements,FY22/23
ZAF,2022-11,shared,aircraft_movements,international,total,5643,aircraft movements,FY22/23
ZAF,2023-11,shared,aircraft_movements,international,arrival,3461,aircraft movements,FY23/24
ZAF,2023-11,shared,aircraft_movements,international,departure,3439,aircraft movements,FY23/24
ZAF,2023-11,shared,aircraft_movements,international,total,6900,aircraft movements,FY23/24
ZAF,2024-11,shared,aircraft_movements,international,arrival,3432,aircraft movements,FY24/25
ZAF,2024-11,shared,aircraft_movements,international,departure,3395,aircraft movements,FY24/25
ZAF,2024-11,shared,aircraft_movements,international,total,6827,aircraft movements,FY24/25
ZAF,2025-11,shared,aircraft_movements,international,arrival,3734,aircraft movements,FY25/26
ZAF,2025-11,shared,aircraft_movements,international,departure,3682,aircraft movements,FY25/26
ZAF,2025-11,shared,aircraft_movements,international,total,7416,aircraft movements,FY25/26
ZAF,2012-12,shared,aircraft_movements,international,arrival,3136,aircraft movements,FY12/13
ZAF,2012-12,shared,aircraft_movements,international,departure,2911,aircraft movements,FY12/13
ZAF,2012-12,shared,aircraft_movements,international,total,6047,aircraft movements,FY12/13
ZAF,2013-12,shared,aircraft_movements,international,arrival,3325,aircraft movements,FY13/14
ZAF,2013-12,shared,aircraft_movements,international,departure,3137,aircraft movements,FY13/14
ZAF,2013-12,shared,aircraft_movements,international,total,6462,aircraft movements,FY13/14
ZAF,2014-12,shared,aircraft_movements,international,arrival,3202,aircraft movements,FY14/15
ZAF,2014-12,shared,aircraft_movements,international,departure,3183,aircraft movements,FY14/15
ZAF,2014-12,shared,aircraft_movements,international,total,6385,aircraft movements,FY14/15
ZAF,2015-12,shared,aircraft_movements,international,arrival,3095,aircraft movements,FY15/16
ZAF,2015-12,shared,aircraft_movements,international,departure,3108,aircraft movements,FY15/16
ZAF,2015-12,shared,aircraft_movements,international,total,6203,aircraft movements,FY15/16
ZAF,2016-12,shared,aircraft_movements,international,arrival,3275,aircraft movements,FY16/17
ZAF,2016-12,shared,aircraft_movements,international,departure,3288,aircraft movements,FY16/17
ZAF,2016-12,shared,aircraft_movements,international,total,6563,aircraft movements,FY16/17
ZAF,2017-12,shared,aircraft_movements,international,arrival,3371,aircraft movements,FY17/18
ZAF,2017-12,shared,aircraft_movements,international,departure,3349,aircraft movements,FY17/18
ZAF,2017-12,shared,aircraft_movements,international,total,6720,aircraft movements,FY17/18
ZAF,2018-12,shared,aircraft_movements,international,arrival,3484,aircraft movements,FY18/19
ZAF,2018-12,shared,aircraft_movements,international,departure,3468,aircraft movements,FY18/19
ZAF,2018-12,shared,aircraft_movements,international,total,6952,aircraft movements,FY18/19
ZAF,2019-12,shared,aircraft_movements,international,arrival,3504,aircraft movements,FY19/20
ZAF,2019-12,shared,aircraft_movements,international,departure,3481,aircraft movements,FY19/20
ZAF,2019-12,shared,aircraft_movements,international,total,6985,aircraft movements,FY19/20
ZAF,2020-12,shared,aircraft_movements,international,arrival,1491,aircraft movements,FY20/21
ZAF,2020-12,shared,aircraft_movements,international,departure,1495,aircraft movements,FY20/21
ZAF,2020-12,shared,aircraft_movements,international,total,2986,aircraft movements,FY20/21
ZAF,2021-12,shared,aircraft_movements,international,arrival,1929,aircraft movements,FY21/22
ZAF,2021-12,shared,aircraft_movements,international,departure,1886,aircraft movements,FY21/22
ZAF,2021-12,shared,aircraft_movements,international,total,3815,aircraft movements,FY21/22
ZAF,2022-12,shared,aircraft_movements,international,arrival,3065,aircraft movements,FY22/23
ZAF,2022-12,shared,aircraft_movements,international,departure,3036,aircraft movements,FY22/23
ZAF,2022-12,shared,aircraft_movements,international,total,6101,aircraft movements,FY22/23
ZAF,2023-12,shared,aircraft_movements,international,arrival,3607,aircraft movements,FY23/24
ZAF,2023-12,shared,aircraft_movements,international,departure,3587,aircraft movements,FY23/24
ZAF,2023-12,shared,aircraft_movements,international,total,7194,aircraft movements,FY23/24
ZAF,2024-12,shared,aircraft_movements,international,arrival,3685,aircraft movements,FY24/25
ZAF,2024-12,shared,aircraft_movements,international,departure,3649,aircraft movements,FY24/25
ZAF,2024-12,shared,aircraft_movements,international,total,7334,aircraft movements,FY24/25
ZAF,2025-12,shared,aircraft_movements,international,arrival,4052,aircraft movements,FY25/26
ZAF,2025-12,shared,aircraft_movements,international,departure,4013,aircraft movements,FY25/26
ZAF,2025-12,shared,aircraft_movements,international,total,8065,aircraft movements,FY25/26
ZAF,2013-01,shared,aircraft_movements,international,arrival,3049,aircraft movements,FY12/13
ZAF,2013-01,shared,aircraft_movements,international,departure,2868,aircraft movements,FY12/13
ZAF,2013-01,shared,aircraft_movements,international,total,5917,aircraft movements,FY12/13
ZAF,2014-01,shared,aircraft_movements,international,arrival,3300,aircraft movements,FY13/14
ZAF,2014-01,shared,aircraft_movements,international,departure,3121,aircraft movements,FY13/14
ZAF,2014-01,shared,aircraft_movements,international,total,6421,aircraft movements,FY13/14
ZAF,2015-01,shared,aircraft_movements,international,arrival,3199,aircraft movements,FY14/15
ZAF,2015-01,shared,aircraft_movements,international,departure,3198,aircraft movements,FY14/15
ZAF,2015-01,shared,aircraft_movements,international,total,6397,aircraft movements,FY14/15
ZAF,2016-01,shared,aircraft_movements,international,arrival,3073,aircraft movements,FY15/16
ZAF,2016-01,shared,aircraft_movements,international,departure,3064,aircraft movements,FY15/16
ZAF,2016-01,shared,aircraft_movements,international,total,6137,aircraft movements,FY15/16
ZAF,2017-01,shared,aircraft_movements,international,arrival,3296,aircraft movements,FY16/17
ZAF,2017-01,shared,aircraft_movements,international,departure,3295,aircraft movements,FY16/17
ZAF,2017-01,shared,aircraft_movements,international,total,6591,aircraft movements,FY16/17
ZAF,2018-01,shared,aircraft_movements,international,arrival,3357,aircraft movements,FY17/18
ZAF,2018-01,shared,aircraft_movements,international,departure,3345,aircraft movements,FY17/18
ZAF,2018-01,shared,aircraft_movements,international,total,6702,aircraft movements,FY17/18
ZAF,2019-01,shared,aircraft_movements,international,arrival,3388,aircraft movements,FY18/19
ZAF,2019-01,shared,aircraft_movements,international,departure,3376,aircraft movements,FY18/19
ZAF,2019-01,shared,aircraft_movements,international,total,6764,aircraft movements,FY18/19
ZAF,2020-01,shared,aircraft_movements,international,arrival,3449,aircraft movements,FY19/20
ZAF,2020-01,shared,aircraft_movements,international,departure,3434,aircraft movements,FY19/20
ZAF,2020-01,shared,aircraft_movements,international,total,6883,aircraft movements,FY19/20
ZAF,2021-01,shared,aircraft_movements,international,arrival,1297,aircraft movements,FY20/21
ZAF,2021-01,shared,aircraft_movements,international,departure,1296,aircraft movements,FY20/21
ZAF,2021-01,shared,aircraft_movements,international,total,2593,aircraft movements,FY20/21
ZAF,2022-01,shared,aircraft_movements,international,arrival,2028,aircraft movements,FY21/22
ZAF,2022-01,shared,aircraft_movements,international,departure,1999,aircraft movements,FY21/22
ZAF,2022-01,shared,aircraft_movements,international,total,4027,aircraft movements,FY21/22
ZAF,2023-01,shared,aircraft_movements,international,arrival,3024,aircraft movements,FY22/23
ZAF,2023-01,shared,aircraft_movements,international,departure,3005,aircraft movements,FY22/23
ZAF,2023-01,shared,aircraft_movements,international,total,6029,aircraft movements,FY22/23
ZAF,2024-01,shared,aircraft_movements,international,arrival,3466,aircraft movements,FY23/24
ZAF,2024-01,shared,aircraft_movements,international,departure,3460,aircraft movements,FY23/24
ZAF,2024-01,shared,aircraft_movements,international,total,6926,aircraft movements,FY23/24
ZAF,2025-01,shared,aircraft_movements,international,arrival,3581,aircraft movements,FY24/25
ZAF,2025-01,shared,aircraft_movements,international,departure,3550,aircraft movements,FY24/25
ZAF,2025-01,shared,aircraft_movements,international,total,7131,aircraft movements,FY24/25
ZAF,2026-01,shared,aircraft_movements,international,arrival,3792,aircraft movements,FY25/26
ZAF,2026-01,shared,aircraft_movements,international,departure,3750,aircraft movements,FY25/26
ZAF,2026-01,shared,aircraft_movements,international,total,7542,aircraft movements,FY25/26
ZAF,2013-02,shared,aircraft_movements,international,arrival,2815,aircraft movements,FY12/13
ZAF,2013-02,shared,aircraft_movements,international,departure,2615,aircraft movements,FY12/13
ZAF,2013-02,shared,aircraft_movements,international,total,5430,aircraft movements,FY12/13
ZAF,2014-02,shared,aircraft_movements,international,arrival,2992,aircraft movements,FY13/14
ZAF,2014-02,shared,aircraft_movements,international,departure,2797,aircraft movements,FY13/14
ZAF,2014-02,shared,aircraft_movements,international,total,5789,aircraft movements,FY13/14
ZAF,2015-02,shared,aircraft_movements,international,arrival,2879,aircraft movements,FY14/15
ZAF,2015-02,shared,aircraft_movements,international,departure,2879,aircraft movements,FY14/15
ZAF,2015-02,shared,aircraft_movements,international,total,5758,aircraft movements,FY14/15
ZAF,2016-02,shared,aircraft_movements,international,arrival,2932,aircraft movements,FY15/16
ZAF,2016-02,shared,aircraft_movements,international,departure,2922,aircraft movements,FY15/16
ZAF,2016-02,shared,aircraft_movements,international,total,5854,aircraft movements,FY15/16
ZAF,2017-02,shared,aircraft_movements,international,arrival,2964,aircraft movements,FY16/17
ZAF,2017-02,shared,aircraft_movements,international,departure,2974,aircraft movements,FY16/17
ZAF,2017-02,shared,aircraft_movements,international,total,5938,aircraft movements,FY16/17
ZAF,2018-02,shared,aircraft_movements,international,arrival,3015,aircraft movements,FY17/18
ZAF,2018-02,shared,aircraft_movements,international,departure,2997,aircraft movements,FY17/18
ZAF,2018-02,shared,aircraft_movements,international,total,6012,aircraft movements,FY17/18
ZAF,2019-02,shared,aircraft_movements,international,arrival,3049,aircraft movements,FY18/19
ZAF,2019-02,shared,aircraft_movements,international,departure,3037,aircraft movements,FY18/19
ZAF,2019-02,shared,aircraft_movements,international,total,6086,aircraft movements,FY18/19
ZAF,2020-02,shared,aircraft_movements,international,arrival,3162,aircraft movements,FY19/20
ZAF,2020-02,shared,aircraft_movements,international,departure,3159,aircraft movements,FY19/20
ZAF,2020-02,shared,aircraft_movements,international,total,6321,aircraft movements,FY19/20
ZAF,2021-02,shared,aircraft_movements,international,arrival,1187,aircraft movements,FY20/21
ZAF,2021-02,shared,aircraft_movements,international,departure,1182,aircraft movements,FY20/21
ZAF,2021-02,shared,aircraft_movements,international,total,2369,aircraft movements,FY20/21
ZAF,2022-02,shared,aircraft_movements,international,arrival,2020,aircraft movements,FY21/22
ZAF,2022-02,shared,aircraft_movements,international,departure,2013,aircraft movements,FY21/22
ZAF,2022-02,shared,aircraft_movements,international,total,4033,aircraft movements,FY21/22
ZAF,2023-02,shared,aircraft_movements,international,arrival,2765,aircraft movements,FY22/23
ZAF,2023-02,shared,aircraft_movements,international,departure,2759,aircraft movements,FY22/23
ZAF,2023-02,shared,aircraft_movements,international,total,5524,aircraft movements,FY22/23
ZAF,2024-02,shared,aircraft_movements,international,arrival,3171,aircraft movements,FY23/24
ZAF,2024-02,shared,aircraft_movements,international,departure,3174,aircraft movements,FY23/24
ZAF,2024-02,shared,aircraft_movements,international,total,6345,aircraft movements,FY23/24
ZAF,2025-02,shared,aircraft_movements,international,arrival,3201,aircraft movements,FY24/25
ZAF,2025-02,shared,aircraft_movements,international,departure,3181,aircraft movements,FY24/25
ZAF,2025-02,shared,aircraft_movements,international,total,6382,aircraft movements,FY24/25
ZAF,2026-02,shared,aircraft_movements,international,arrival,3367,aircraft movements,FY25/26
ZAF,2026-02,shared,aircraft_movements,international,departure,3322,aircraft movements,FY25/26
ZAF,2026-02,shared,aircraft_movements,international,total,6689,aircraft movements,FY25/26
ZAF,2013-03,shared,aircraft_movements,international,arrival,3119,aircraft movements,FY12/13
ZAF,2013-03,shared,aircraft_movements,international,departure,2900,aircraft movements,FY12/13
ZAF,2013-03,shared,aircraft_movements,international,total,6019,aircraft movements,FY12/13
ZAF,2014-03,shared,aircraft_movements,international,arrival,3320,aircraft movements,FY13/14
ZAF,2014-03,shared,aircraft_movements,international,departure,3110,aircraft movements,FY13/14
ZAF,2014-03,shared,aircraft_movements,international,total,6430,aircraft movements,FY13/14
ZAF,2015-03,shared,aircraft_movements,international,arrival,3223,aircraft movements,FY14/15
ZAF,2015-03,shared,aircraft_movements,international,departure,3218,aircraft movements,FY14/15
ZAF,2015-03,shared,aircraft_movements,international,total,6441,aircraft movements,FY14/15
ZAF,2016-03,shared,aircraft_movements,international,arrival,3138,aircraft movements,FY15/16
ZAF,2016-03,shared,aircraft_movements,international,departure,3138,aircraft movements,FY15/16
ZAF,2016-03,shared,aircraft_movements,international,total,6276,aircraft movements,FY15/16
ZAF,2017-03,shared,aircraft_movements,international,arrival,3260,aircraft movements,FY16/17
ZAF,2017-03,shared,aircraft_movements,international,departure,3252,aircraft movements,FY16/17
ZAF,2017-03,shared,aircraft_movements,international,total,6512,aircraft movements,FY16/17
ZAF,2018-03,shared,aircraft_movements,international,arrival,3317,aircraft movements,FY17/18
ZAF,2018-03,shared,aircraft_movements,international,departure,3319,aircraft movements,FY17/18
ZAF,2018-03,shared,aircraft_movements,international,total,6636,aircraft movements,FY17/18
ZAF,2019-03,shared,aircraft_movements,international,arrival,3383,aircraft movements,FY18/19
ZAF,2019-03,shared,aircraft_movements,international,departure,3373,aircraft movements,FY18/19
ZAF,2019-03,shared,aircraft_movements,international,total,6756,aircraft movements,FY18/19
ZAF,2020-03,shared,aircraft_movements,international,arrival,2302,aircraft movements,FY19/20
ZAF,2020-03,shared,aircraft_movements,international,departure,2278,aircraft movements,FY19/20
ZAF,2020-03,shared,aircraft_movements,international,total,4580,aircraft movements,FY19/20
ZAF,2021-03,shared,aircraft_movements,international,arrival,1469,aircraft movements,FY20/21
ZAF,2021-03,shared,aircraft_movements,international,departure,1459,aircraft movements,FY20/21
ZAF,2021-03,shared,aircraft_movements,international,total,2928,aircraft movements,FY20/21
ZAF,2022-03,shared,aircraft_movements,international,arrival,2415,aircraft movements,FY21/22
ZAF,2022-03,shared,aircraft_movements,international,departure,2404,aircraft movements,FY21/22
ZAF,2022-03,shared,aircraft_movements,international,total,4819,aircraft movements,FY21/22
ZAF,2023-03,shared,aircraft_movements,international,arrival,3176,aircraft movements,FY22/23
ZAF,2023-03,shared,aircraft_movements,international,departure,3169,aircraft movements,FY22/23
ZAF,2023-03,shared,aircraft_movements,international,total,6345,aircraft movements,FY22/23
ZAF,2024-03,shared,aircraft_movements,international,arrival,3558,aircraft movements,FY23/24
ZAF,2024-03,shared,aircraft_movements,international,departure,3555,aircraft movements,FY23/24
ZAF,2024-03,shared,aircraft_movements,international,total,7113,aircraft movements,FY23/24
ZAF,2025-03,shared,aircraft_movements,international,arrival,3544,aircraft movements,FY24/25
ZAF,2025-03,shared,aircraft_movements,international,departure,3522,aircraft movements,FY24/25
ZAF,2025-03,shared,aircraft_movements,international,total,7066,aircraft movements,FY24/25
ZAF,2026-03,shared,aircraft_movements,international,arrival,3562,aircraft movements,FY25/26
ZAF,2026-03,shared,aircraft_movements,international,departure,3542,aircraft movements,FY25/26
ZAF,2026-03,shared,aircraft_movements,international,total,7104,aircraft movements,FY25/26
ZAF,2012-04,shared,aircraft_movements,regional,arrival,898,aircraft movements,FY12/13
ZAF,2012-04,shared,aircraft_movements,regional,departure,935,aircraft movements,FY12/13
ZAF,2012-04,shared,aircraft_movements,regional,total,1833,aircraft movements,FY12/13
ZAF,2013-04,shared,aircraft_movements,regional,arrival,903,aircraft movements,FY13/14
ZAF,2013-04,shared,aircraft_movements,regional,departure,905,aircraft movements,FY13/14
ZAF,2013-04,shared,aircraft_movements,regional,total,1808,aircraft movements,FY13/14
ZAF,2014-04,shared,aircraft_movements,regional,arrival,997,aircraft movements,FY14/15
ZAF,2014-04,shared,aircraft_movements,regional,departure,995,aircraft movements,FY14/15
ZAF,2014-04,shared,aircraft_movements,regional,total,1992,aircraft movements,FY14/15
ZAF,2015-04,shared,aircraft_movements,regional,arrival,1079,aircraft movements,FY15/16
ZAF,2015-04,shared,aircraft_movements,regional,departure,1081,aircraft movements,FY15/16
ZAF,2015-04,shared,aircraft_movements,regional,total,2160,aircraft movements,FY15/16
ZAF,2016-04,shared,aircraft_movements,regional,arrival,1095,aircraft movements,FY16/17
ZAF,2016-04,shared,aircraft_movements,regional,departure,1086,aircraft movements,FY16/17
ZAF,2016-04,shared,aircraft_movements,regional,total,2181,aircraft movements,FY16/17
ZAF,2017-04,shared,aircraft_movements,regional,arrival,1069,aircraft movements,FY17/18
ZAF,2017-04,shared,aircraft_movements,regional,departure,1069,aircraft movements,FY17/18
ZAF,2017-04,shared,aircraft_movements,regional,total,2138,aircraft movements,FY17/18
ZAF,2018-04,shared,aircraft_movements,regional,arrival,971,aircraft movements,FY18/19
ZAF,2018-04,shared,aircraft_movements,regional,departure,973,aircraft movements,FY18/19
ZAF,2018-04,shared,aircraft_movements,regional,total,1944,aircraft movements,FY18/19
ZAF,2019-04,shared,aircraft_movements,regional,arrival,992,aircraft movements,FY19/20
ZAF,2019-04,shared,aircraft_movements,regional,departure,997,aircraft movements,FY19/20
ZAF,2019-04,shared,aircraft_movements,regional,total,1989,aircraft movements,FY19/20
ZAF,2020-04,shared,aircraft_movements,regional,arrival,68,aircraft movements,FY20/21
ZAF,2020-04,shared,aircraft_movements,regional,departure,67,aircraft movements,FY20/21
ZAF,2020-04,shared,aircraft_movements,regional,total,135,aircraft movements,FY20/21
ZAF,2021-04,shared,aircraft_movements,regional,arrival,506,aircraft movements,FY21/22
ZAF,2021-04,shared,aircraft_movements,regional,departure,501,aircraft movements,FY21/22
ZAF,2021-04,shared,aircraft_movements,regional,total,1007,aircraft movements,FY21/22
ZAF,2022-04,shared,aircraft_movements,regional,arrival,685,aircraft movements,FY22/23
ZAF,2022-04,shared,aircraft_movements,regional,departure,680,aircraft movements,FY22/23
ZAF,2022-04,shared,aircraft_movements,regional,total,1365,aircraft movements,FY22/23
ZAF,2023-04,shared,aircraft_movements,regional,arrival,877,aircraft movements,FY23/24
ZAF,2023-04,shared,aircraft_movements,regional,departure,871,aircraft movements,FY23/24
ZAF,2023-04,shared,aircraft_movements,regional,total,1748,aircraft movements,FY23/24
ZAF,2024-04,shared,aircraft_movements,regional,arrival,997,aircraft movements,FY24/25
ZAF,2024-04,shared,aircraft_movements,regional,departure,991,aircraft movements,FY24/25
ZAF,2024-04,shared,aircraft_movements,regional,total,1988,aircraft movements,FY24/25
ZAF,2025-04,shared,aircraft_movements,regional,arrival,1020,aircraft movements,FY25/26
ZAF,2025-04,shared,aircraft_movements,regional,departure,1021,aircraft movements,FY25/26
ZAF,2025-04,shared,aircraft_movements,regional,total,2041,aircraft movements,FY25/26
ZAF,2026-04,shared,aircraft_movements,regional,arrival,1048,aircraft movements,FY26/27
ZAF,2026-04,shared,aircraft_movements,regional,departure,1055,aircraft movements,FY26/27
ZAF,2026-04,shared,aircraft_movements,regional,total,2103,aircraft movements,FY26/27
ZAF,2012-05,shared,aircraft_movements,regional,arrival,962,aircraft movements,FY12/13
ZAF,2012-05,shared,aircraft_movements,regional,departure,959,aircraft movements,FY12/13
ZAF,2012-05,shared,aircraft_movements,regional,total,1921,aircraft movements,FY12/13
ZAF,2013-05,shared,aircraft_movements,regional,arrival,947,aircraft movements,FY13/14
ZAF,2013-05,shared,aircraft_movements,regional,departure,946,aircraft movements,FY13/14
ZAF,2013-05,shared,aircraft_movements,regional,total,1893,aircraft movements,FY13/14
ZAF,2014-05,shared,aircraft_movements,regional,arrival,1010,aircraft movements,FY14/15
ZAF,2014-05,shared,aircraft_movements,regional,departure,1008,aircraft movements,FY14/15
ZAF,2014-05,shared,aircraft_movements,regional,total,2018,aircraft movements,FY14/15
ZAF,2015-05,shared,aircraft_movements,regional,arrival,1143,aircraft movements,FY15/16
ZAF,2015-05,shared,aircraft_movements,regional,departure,1149,aircraft movements,FY15/16
ZAF,2015-05,shared,aircraft_movements,regional,total,2292,aircraft movements,FY15/16
ZAF,2016-05,shared,aircraft_movements,regional,arrival,1124,aircraft movements,FY16/17
ZAF,2016-05,shared,aircraft_movements,regional,departure,1125,aircraft movements,FY16/17
ZAF,2016-05,shared,aircraft_movements,regional,total,2249,aircraft movements,FY16/17
ZAF,2017-05,shared,aircraft_movements,regional,arrival,1154,aircraft movements,FY17/18
ZAF,2017-05,shared,aircraft_movements,regional,departure,1153,aircraft movements,FY17/18
ZAF,2017-05,shared,aircraft_movements,regional,total,2307,aircraft movements,FY17/18
ZAF,2018-05,shared,aircraft_movements,regional,arrival,1005,aircraft movements,FY18/19
ZAF,2018-05,shared,aircraft_movements,regional,departure,1006,aircraft movements,FY18/19
ZAF,2018-05,shared,aircraft_movements,regional,total,2011,aircraft movements,FY18/19
ZAF,2019-05,shared,aircraft_movements,regional,arrival,992,aircraft movements,FY19/20
ZAF,2019-05,shared,aircraft_movements,regional,departure,994,aircraft movements,FY19/20
ZAF,2019-05,shared,aircraft_movements,regional,total,1986,aircraft movements,FY19/20
ZAF,2020-05,shared,aircraft_movements,regional,arrival,83,aircraft movements,FY20/21
ZAF,2020-05,shared,aircraft_movements,regional,departure,84,aircraft movements,FY20/21
ZAF,2020-05,shared,aircraft_movements,regional,total,167,aircraft movements,FY20/21
ZAF,2021-05,shared,aircraft_movements,regional,arrival,533,aircraft movements,FY21/22
ZAF,2021-05,shared,aircraft_movements,regional,departure,530,aircraft movements,FY21/22
ZAF,2021-05,shared,aircraft_movements,regional,total,1063,aircraft movements,FY21/22
ZAF,2022-05,shared,aircraft_movements,regional,arrival,831,aircraft movements,FY22/23
ZAF,2022-05,shared,aircraft_movements,regional,departure,831,aircraft movements,FY22/23
ZAF,2022-05,shared,aircraft_movements,regional,total,1662,aircraft movements,FY22/23
ZAF,2023-05,shared,aircraft_movements,regional,arrival,966,aircraft movements,FY23/24
ZAF,2023-05,shared,aircraft_movements,regional,departure,958,aircraft movements,FY23/24
ZAF,2023-05,shared,aircraft_movements,regional,total,1924,aircraft movements,FY23/24
ZAF,2024-05,shared,aircraft_movements,regional,arrival,1039,aircraft movements,FY24/25
ZAF,2024-05,shared,aircraft_movements,regional,departure,1034,aircraft movements,FY24/25
ZAF,2024-05,shared,aircraft_movements,regional,total,2073,aircraft movements,FY24/25
ZAF,2025-05,shared,aircraft_movements,regional,arrival,1089,aircraft movements,FY25/26
ZAF,2025-05,shared,aircraft_movements,regional,departure,1088,aircraft movements,FY25/26
ZAF,2025-05,shared,aircraft_movements,regional,total,2177,aircraft movements,FY25/26
ZAF,2026-05,shared,aircraft_movements,regional,arrival,1018,aircraft movements,FY26/27
ZAF,2026-05,shared,aircraft_movements,regional,departure,1023,aircraft movements,FY26/27
ZAF,2026-05,shared,aircraft_movements,regional,total,2041,aircraft movements,FY26/27
ZAF,2012-06,shared,aircraft_movements,regional,arrival,955,aircraft movements,FY12/13
ZAF,2012-06,shared,aircraft_movements,regional,departure,998,aircraft movements,FY12/13
ZAF,2012-06,shared,aircraft_movements,regional,total,1953,aircraft movements,FY12/13
ZAF,2013-06,shared,aircraft_movements,regional,arrival,910,aircraft movements,FY13/14
ZAF,2013-06,shared,aircraft_movements,regional,departure,909,aircraft movements,FY13/14
ZAF,2013-06,shared,aircraft_movements,regional,total,1819,aircraft movements,FY13/14
ZAF,2014-06,shared,aircraft_movements,regional,arrival,1013,aircraft movements,FY14/15
ZAF,2014-06,shared,aircraft_movements,regional,departure,1013,aircraft movements,FY14/15
ZAF,2014-06,shared,aircraft_movements,regional,total,2026,aircraft movements,FY14/15
ZAF,2015-06,shared,aircraft_movements,regional,arrival,1076,aircraft movements,FY15/16
ZAF,2015-06,shared,aircraft_movements,regional,departure,1075,aircraft movements,FY15/16
ZAF,2015-06,shared,aircraft_movements,regional,total,2151,aircraft movements,FY15/16
ZAF,2016-06,shared,aircraft_movements,regional,arrival,1083,aircraft movements,FY16/17
ZAF,2016-06,shared,aircraft_movements,regional,departure,1083,aircraft movements,FY16/17
ZAF,2016-06,shared,aircraft_movements,regional,total,2166,aircraft movements,FY16/17
ZAF,2017-06,shared,aircraft_movements,regional,arrival,1119,aircraft movements,FY17/18
ZAF,2017-06,shared,aircraft_movements,regional,departure,1121,aircraft movements,FY17/18
ZAF,2017-06,shared,aircraft_movements,regional,total,2240,aircraft movements,FY17/18
ZAF,2018-06,shared,aircraft_movements,regional,arrival,931,aircraft movements,FY18/19
ZAF,2018-06,shared,aircraft_movements,regional,departure,933,aircraft movements,FY18/19
ZAF,2018-06,shared,aircraft_movements,regional,total,1864,aircraft movements,FY18/19
ZAF,2019-06,shared,aircraft_movements,regional,arrival,952,aircraft movements,FY19/20
ZAF,2019-06,shared,aircraft_movements,regional,departure,952,aircraft movements,FY19/20
ZAF,2019-06,shared,aircraft_movements,regional,total,1904,aircraft movements,FY19/20
ZAF,2020-06,shared,aircraft_movements,regional,arrival,97,aircraft movements,FY20/21
ZAF,2020-06,shared,aircraft_movements,regional,departure,91,aircraft movements,FY20/21
ZAF,2020-06,shared,aircraft_movements,regional,total,188,aircraft movements,FY20/21
ZAF,2021-06,shared,aircraft_movements,regional,arrival,523,aircraft movements,FY21/22
ZAF,2021-06,shared,aircraft_movements,regional,departure,521,aircraft movements,FY21/22
ZAF,2021-06,shared,aircraft_movements,regional,total,1044,aircraft movements,FY21/22
ZAF,2022-06,shared,aircraft_movements,regional,arrival,811,aircraft movements,FY22/23
ZAF,2022-06,shared,aircraft_movements,regional,departure,807,aircraft movements,FY22/23
ZAF,2022-06,shared,aircraft_movements,regional,total,1618,aircraft movements,FY22/23
ZAF,2023-06,shared,aircraft_movements,regional,arrival,966,aircraft movements,FY23/24
ZAF,2023-06,shared,aircraft_movements,regional,departure,961,aircraft movements,FY23/24
ZAF,2023-06,shared,aircraft_movements,regional,total,1927,aircraft movements,FY23/24
ZAF,2024-06,shared,aircraft_movements,regional,arrival,991,aircraft movements,FY24/25
ZAF,2024-06,shared,aircraft_movements,regional,departure,985,aircraft movements,FY24/25
ZAF,2024-06,shared,aircraft_movements,regional,total,1976,aircraft movements,FY24/25
ZAF,2025-06,shared,aircraft_movements,regional,arrival,1092,aircraft movements,FY25/26
ZAF,2025-06,shared,aircraft_movements,regional,departure,1091,aircraft movements,FY25/26
ZAF,2025-06,shared,aircraft_movements,regional,total,2183,aircraft movements,FY25/26
ZAF,2026-06,shared,aircraft_movements,regional,arrival,1015,aircraft movements,FY26/27
ZAF,2026-06,shared,aircraft_movements,regional,departure,1013,aircraft movements,FY26/27
ZAF,2026-06,shared,aircraft_movements,regional,total,2028,aircraft movements,FY26/27
ZAF,2012-07,shared,aircraft_movements,regional,arrival,1011,aircraft movements,FY12/13
ZAF,2012-07,shared,aircraft_movements,regional,departure,1012,aircraft movements,FY12/13
ZAF,2012-07,shared,aircraft_movements,regional,total,2023,aircraft movements,FY12/13
ZAF,2013-07,shared,aircraft_movements,regional,arrival,940,aircraft movements,FY13/14
ZAF,2013-07,shared,aircraft_movements,regional,departure,936,aircraft movements,FY13/14
ZAF,2013-07,shared,aircraft_movements,regional,total,1876,aircraft movements,FY13/14
ZAF,2014-07,shared,aircraft_movements,regional,arrival,1088,aircraft movements,FY14/15
ZAF,2014-07,shared,aircraft_movements,regional,departure,1076,aircraft movements,FY14/15
ZAF,2014-07,shared,aircraft_movements,regional,total,2164,aircraft movements,FY14/15
ZAF,2015-07,shared,aircraft_movements,regional,arrival,1119,aircraft movements,FY15/16
ZAF,2015-07,shared,aircraft_movements,regional,departure,1119,aircraft movements,FY15/16
ZAF,2015-07,shared,aircraft_movements,regional,total,2238,aircraft movements,FY15/16
ZAF,2016-07,shared,aircraft_movements,regional,arrival,1130,aircraft movements,FY16/17
ZAF,2016-07,shared,aircraft_movements,regional,departure,1129,aircraft movements,FY16/17
ZAF,2016-07,shared,aircraft_movements,regional,total,2259,aircraft movements,FY16/17
ZAF,2017-07,shared,aircraft_movements,regional,arrival,1172,aircraft movements,FY17/18
ZAF,2017-07,shared,aircraft_movements,regional,departure,1172,aircraft movements,FY17/18
ZAF,2017-07,shared,aircraft_movements,regional,total,2344,aircraft movements,FY17/18
ZAF,2018-07,shared,aircraft_movements,regional,arrival,988,aircraft movements,FY18/19
ZAF,2018-07,shared,aircraft_movements,regional,departure,988,aircraft movements,FY18/19
ZAF,2018-07,shared,aircraft_movements,regional,total,1976,aircraft movements,FY18/19
ZAF,2019-07,shared,aircraft_movements,regional,arrival,1018,aircraft movements,FY19/20
ZAF,2019-07,shared,aircraft_movements,regional,departure,1025,aircraft movements,FY19/20
ZAF,2019-07,shared,aircraft_movements,regional,total,2043,aircraft movements,FY19/20
ZAF,2020-07,shared,aircraft_movements,regional,arrival,102,aircraft movements,FY20/21
ZAF,2020-07,shared,aircraft_movements,regional,departure,101,aircraft movements,FY20/21
ZAF,2020-07,shared,aircraft_movements,regional,total,203,aircraft movements,FY20/21
ZAF,2021-07,shared,aircraft_movements,regional,arrival,508,aircraft movements,FY21/22
ZAF,2021-07,shared,aircraft_movements,regional,departure,500,aircraft movements,FY21/22
ZAF,2021-07,shared,aircraft_movements,regional,total,1008,aircraft movements,FY21/22
ZAF,2022-07,shared,aircraft_movements,regional,arrival,837,aircraft movements,FY22/23
ZAF,2022-07,shared,aircraft_movements,regional,departure,832,aircraft movements,FY22/23
ZAF,2022-07,shared,aircraft_movements,regional,total,1669,aircraft movements,FY22/23
ZAF,2023-07,shared,aircraft_movements,regional,arrival,1012,aircraft movements,FY23/24
ZAF,2023-07,shared,aircraft_movements,regional,departure,1005,aircraft movements,FY23/24
ZAF,2023-07,shared,aircraft_movements,regional,total,2017,aircraft movements,FY23/24
ZAF,2024-07,shared,aircraft_movements,regional,arrival,1060,aircraft movements,FY24/25
ZAF,2024-07,shared,aircraft_movements,regional,departure,1050,aircraft movements,FY24/25
ZAF,2024-07,shared,aircraft_movements,regional,total,2110,aircraft movements,FY24/25
ZAF,2025-07,shared,aircraft_movements,regional,arrival,1207,aircraft movements,FY25/26
ZAF,2025-07,shared,aircraft_movements,regional,departure,1197,aircraft movements,FY25/26
ZAF,2025-07,shared,aircraft_movements,regional,total,2404,aircraft movements,FY25/26
ZAF,2026-07,shared,aircraft_movements,regional,arrival,1068,aircraft movements,FY26/27
ZAF,2026-07,shared,aircraft_movements,regional,departure,1068,aircraft movements,FY26/27
ZAF,2026-07,shared,aircraft_movements,regional,total,2136,aircraft movements,FY26/27
ZAF,2012-08,shared,aircraft_movements,regional,arrival,996,aircraft movements,FY12/13
ZAF,2012-08,shared,aircraft_movements,regional,departure,1020,aircraft movements,FY12/13
ZAF,2012-08,shared,aircraft_movements,regional,total,2016,aircraft movements,FY12/13
ZAF,2013-08,shared,aircraft_movements,regional,arrival,958,aircraft movements,FY13/14
ZAF,2013-08,shared,aircraft_movements,regional,departure,959,aircraft movements,FY13/14
ZAF,2013-08,shared,aircraft_movements,regional,total,1917,aircraft movements,FY13/14
ZAF,2014-08,shared,aircraft_movements,regional,arrival,1058,aircraft movements,FY14/15
ZAF,2014-08,shared,aircraft_movements,regional,departure,1055,aircraft movements,FY14/15
ZAF,2014-08,shared,aircraft_movements,regional,total,2113,aircraft movements,FY14/15
ZAF,2015-08,shared,aircraft_movements,regional,arrival,1116,aircraft movements,FY15/16
ZAF,2015-08,shared,aircraft_movements,regional,departure,1120,aircraft movements,FY15/16
ZAF,2015-08,shared,aircraft_movements,regional,total,2236,aircraft movements,FY15/16
ZAF,2016-08,shared,aircraft_movements,regional,arrival,1161,aircraft movements,FY16/17
ZAF,2016-08,shared,aircraft_movements,regional,departure,1150,aircraft movements,FY16/17
ZAF,2016-08,shared,aircraft_movements,regional,total,2311,aircraft movements,FY16/17
ZAF,2017-08,shared,aircraft_movements,regional,arrival,1155,aircraft movements,FY17/18
ZAF,2017-08,shared,aircraft_movements,regional,departure,1161,aircraft movements,FY17/18
ZAF,2017-08,shared,aircraft_movements,regional,total,2316,aircraft movements,FY17/18
ZAF,2018-08,shared,aircraft_movements,regional,arrival,1027,aircraft movements,FY18/19
ZAF,2018-08,shared,aircraft_movements,regional,departure,1029,aircraft movements,FY18/19
ZAF,2018-08,shared,aircraft_movements,regional,total,2056,aircraft movements,FY18/19
ZAF,2019-08,shared,aircraft_movements,regional,arrival,1024,aircraft movements,FY19/20
ZAF,2019-08,shared,aircraft_movements,regional,departure,1027,aircraft movements,FY19/20
ZAF,2019-08,shared,aircraft_movements,regional,total,2051,aircraft movements,FY19/20
ZAF,2020-08,shared,aircraft_movements,regional,arrival,103,aircraft movements,FY20/21
ZAF,2020-08,shared,aircraft_movements,regional,departure,82,aircraft movements,FY20/21
ZAF,2020-08,shared,aircraft_movements,regional,total,185,aircraft movements,FY20/21
ZAF,2021-08,shared,aircraft_movements,regional,arrival,573,aircraft movements,FY21/22
ZAF,2021-08,shared,aircraft_movements,regional,departure,564,aircraft movements,FY21/22
ZAF,2021-08,shared,aircraft_movements,regional,total,1137,aircraft movements,FY21/22
ZAF,2022-08,shared,aircraft_movements,regional,arrival,832,aircraft movements,FY22/23
ZAF,2022-08,shared,aircraft_movements,regional,departure,823,aircraft movements,FY22/23
ZAF,2022-08,shared,aircraft_movements,regional,total,1655,aircraft movements,FY22/23
ZAF,2023-08,shared,aircraft_movements,regional,arrival,1024,aircraft movements,FY23/24
ZAF,2023-08,shared,aircraft_movements,regional,departure,1017,aircraft movements,FY23/24
ZAF,2023-08,shared,aircraft_movements,regional,total,2041,aircraft movements,FY23/24
ZAF,2024-08,shared,aircraft_movements,regional,arrival,1057,aircraft movements,FY24/25
ZAF,2024-08,shared,aircraft_movements,regional,departure,1051,aircraft movements,FY24/25
ZAF,2024-08,shared,aircraft_movements,regional,total,2108,aircraft movements,FY24/25
ZAF,2025-08,shared,aircraft_movements,regional,arrival,1185,aircraft movements,FY25/26
ZAF,2025-08,shared,aircraft_movements,regional,departure,1184,aircraft movements,FY25/26
ZAF,2025-08,shared,aircraft_movements,regional,total,2369,aircraft movements,FY25/26
ZAF,2026-08,shared,aircraft_movements,regional,arrival,1093,aircraft movements,FY26/27
ZAF,2026-08,shared,aircraft_movements,regional,departure,1096,aircraft movements,FY26/27
ZAF,2026-08,shared,aircraft_movements,regional,total,2189,aircraft movements,FY26/27
ZAF,2012-09,shared,aircraft_movements,regional,arrival,959,aircraft movements,FY12/13
ZAF,2012-09,shared,aircraft_movements,regional,departure,956,aircraft movements,FY12/13
ZAF,2012-09,shared,aircraft_movements,regional,total,1915,aircraft movements,FY12/13
ZAF,2013-09,shared,aircraft_movements,regional,arrival,937,aircraft movements,FY13/14
ZAF,2013-09,shared,aircraft_movements,regional,departure,935,aircraft movements,FY13/14
ZAF,2013-09,shared,aircraft_movements,regional,total,1872,aircraft movements,FY13/14
ZAF,2014-09,shared,aircraft_movements,regional,arrival,1013,aircraft movements,FY14/15
ZAF,2014-09,shared,aircraft_movements,regional,departure,1013,aircraft movements,FY14/15
ZAF,2014-09,shared,aircraft_movements,regional,total,2026,aircraft movements,FY14/15
ZAF,2015-09,shared,aircraft_movements,regional,arrival,1082,aircraft movements,FY15/16
ZAF,2015-09,shared,aircraft_movements,regional,departure,1082,aircraft movements,FY15/16
ZAF,2015-09,shared,aircraft_movements,regional,total,2164,aircraft movements,FY15/16
ZAF,2016-09,shared,aircraft_movements,regional,arrival,1123,aircraft movements,FY16/17
ZAF,2016-09,shared,aircraft_movements,regional,departure,1121,aircraft movements,FY16/17
ZAF,2016-09,shared,aircraft_movements,regional,total,2244,aircraft movements,FY16/17
ZAF,2017-09,shared,aircraft_movements,regional,arrival,1116,aircraft movements,FY17/18
ZAF,2017-09,shared,aircraft_movements,regional,departure,1115,aircraft movements,FY17/18
ZAF,2017-09,shared,aircraft_movements,regional,total,2231,aircraft movements,FY17/18
ZAF,2018-09,shared,aircraft_movements,regional,arrival,1098,aircraft movements,FY18/19
ZAF,2018-09,shared,aircraft_movements,regional,departure,1102,aircraft movements,FY18/19
ZAF,2018-09,shared,aircraft_movements,regional,total,2200,aircraft movements,FY18/19
ZAF,2019-09,shared,aircraft_movements,regional,arrival,1053,aircraft movements,FY19/20
ZAF,2019-09,shared,aircraft_movements,regional,departure,1051,aircraft movements,FY19/20
ZAF,2019-09,shared,aircraft_movements,regional,total,2104,aircraft movements,FY19/20
ZAF,2020-09,shared,aircraft_movements,regional,arrival,120,aircraft movements,FY20/21
ZAF,2020-09,shared,aircraft_movements,regional,departure,108,aircraft movements,FY20/21
ZAF,2020-09,shared,aircraft_movements,regional,total,228,aircraft movements,FY20/21
ZAF,2021-09,shared,aircraft_movements,regional,arrival,539,aircraft movements,FY21/22
ZAF,2021-09,shared,aircraft_movements,regional,departure,530,aircraft movements,FY21/22
ZAF,2021-09,shared,aircraft_movements,regional,total,1069,aircraft movements,FY21/22
ZAF,2022-09,shared,aircraft_movements,regional,arrival,810,aircraft movements,FY22/23
ZAF,2022-09,shared,aircraft_movements,regional,departure,804,aircraft movements,FY22/23
ZAF,2022-09,shared,aircraft_movements,regional,total,1614,aircraft movements,FY22/23
ZAF,2023-09,shared,aircraft_movements,regional,arrival,994,aircraft movements,FY23/24
ZAF,2023-09,shared,aircraft_movements,regional,departure,985,aircraft movements,FY23/24
ZAF,2023-09,shared,aircraft_movements,regional,total,1979,aircraft movements,FY23/24
ZAF,2024-09,shared,aircraft_movements,regional,arrival,1044,aircraft movements,FY24/25
ZAF,2024-09,shared,aircraft_movements,regional,departure,1037,aircraft movements,FY24/25
ZAF,2024-09,shared,aircraft_movements,regional,total,2081,aircraft movements,FY24/25
ZAF,2025-09,shared,aircraft_movements,regional,arrival,1104,aircraft movements,FY25/26
ZAF,2025-09,shared,aircraft_movements,regional,departure,1098,aircraft movements,FY25/26
ZAF,2025-09,shared,aircraft_movements,regional,total,2202,aircraft movements,FY25/26
ZAF,2012-10,shared,aircraft_movements,regional,arrival,1030,aircraft movements,FY12/13
ZAF,2012-10,shared,aircraft_movements,regional,departure,1024,aircraft movements,FY12/13
ZAF,2012-10,shared,aircraft_movements,regional,total,2054,aircraft movements,FY12/13
ZAF,2013-10,shared,aircraft_movements,regional,arrival,972,aircraft movements,FY13/14
ZAF,2013-10,shared,aircraft_movements,regional,departure,974,aircraft movements,FY13/14
ZAF,2013-10,shared,aircraft_movements,regional,total,1946,aircraft movements,FY13/14
ZAF,2014-10,shared,aircraft_movements,regional,arrival,1051,aircraft movements,FY14/15
ZAF,2014-10,shared,aircraft_movements,regional,departure,1055,aircraft movements,FY14/15
ZAF,2014-10,shared,aircraft_movements,regional,total,2106,aircraft movements,FY14/15
ZAF,2015-10,shared,aircraft_movements,regional,arrival,1132,aircraft movements,FY15/16
ZAF,2015-10,shared,aircraft_movements,regional,departure,1130,aircraft movements,FY15/16
ZAF,2015-10,shared,aircraft_movements,regional,total,2262,aircraft movements,FY15/16
ZAF,2016-10,shared,aircraft_movements,regional,arrival,1151,aircraft movements,FY16/17
ZAF,2016-10,shared,aircraft_movements,regional,departure,1152,aircraft movements,FY16/17
ZAF,2016-10,shared,aircraft_movements,regional,total,2303,aircraft movements,FY16/17
ZAF,2017-10,shared,aircraft_movements,regional,arrival,1163,aircraft movements,FY17/18
ZAF,2017-10,shared,aircraft_movements,regional,departure,1164,aircraft movements,FY17/18
ZAF,2017-10,shared,aircraft_movements,regional,total,2327,aircraft movements,FY17/18
ZAF,2018-10,shared,aircraft_movements,regional,arrival,1179,aircraft movements,FY18/19
ZAF,2018-10,shared,aircraft_movements,regional,departure,1184,aircraft movements,FY18/19
ZAF,2018-10,shared,aircraft_movements,regional,total,2363,aircraft movements,FY18/19
ZAF,2019-10,shared,aircraft_movements,regional,arrival,1024,aircraft movements,FY19/20
ZAF,2019-10,shared,aircraft_movements,regional,departure,1029,aircraft movements,FY19/20
ZAF,2019-10,shared,aircraft_movements,regional,total,2053,aircraft movements,FY19/20
ZAF,2020-10,shared,aircraft_movements,regional,arrival,166,aircraft movements,FY20/21
ZAF,2020-10,shared,aircraft_movements,regional,departure,160,aircraft movements,FY20/21
ZAF,2020-10,shared,aircraft_movements,regional,total,326,aircraft movements,FY20/21
ZAF,2021-10,shared,aircraft_movements,regional,arrival,589,aircraft movements,FY21/22
ZAF,2021-10,shared,aircraft_movements,regional,departure,587,aircraft movements,FY21/22
ZAF,2021-10,shared,aircraft_movements,regional,total,1176,aircraft movements,FY21/22
ZAF,2022-10,shared,aircraft_movements,regional,arrival,809,aircraft movements,FY22/23
ZAF,2022-10,shared,aircraft_movements,regional,departure,805,aircraft movements,FY22/23
ZAF,2022-10,shared,aircraft_movements,regional,total,1614,aircraft movements,FY22/23
ZAF,2023-10,shared,aircraft_movements,regional,arrival,1027,aircraft movements,FY23/24
ZAF,2023-10,shared,aircraft_movements,regional,departure,1021,aircraft movements,FY23/24
ZAF,2023-10,shared,aircraft_movements,regional,total,2048,aircraft movements,FY23/24
ZAF,2024-10,shared,aircraft_movements,regional,arrival,1058,aircraft movements,FY24/25
ZAF,2024-10,shared,aircraft_movements,regional,departure,1047,aircraft movements,FY24/25
ZAF,2024-10,shared,aircraft_movements,regional,total,2105,aircraft movements,FY24/25
ZAF,2025-10,shared,aircraft_movements,regional,arrival,1136,aircraft movements,FY25/26
ZAF,2025-10,shared,aircraft_movements,regional,departure,1136,aircraft movements,FY25/26
ZAF,2025-10,shared,aircraft_movements,regional,total,2272,aircraft movements,FY25/26
ZAF,2012-11,shared,aircraft_movements,regional,arrival,979,aircraft movements,FY12/13
ZAF,2012-11,shared,aircraft_movements,regional,departure,974,aircraft movements,FY12/13
ZAF,2012-11,shared,aircraft_movements,regional,total,1953,aircraft movements,FY12/13
ZAF,2013-11,shared,aircraft_movements,regional,arrival,937,aircraft movements,FY13/14
ZAF,2013-11,shared,aircraft_movements,regional,departure,937,aircraft movements,FY13/14
ZAF,2013-11,shared,aircraft_movements,regional,total,1874,aircraft movements,FY13/14
ZAF,2014-11,shared,aircraft_movements,regional,arrival,1017,aircraft movements,FY14/15
ZAF,2014-11,shared,aircraft_movements,regional,departure,1014,aircraft movements,FY14/15
ZAF,2014-11,shared,aircraft_movements,regional,total,2031,aircraft movements,FY14/15
ZAF,2015-11,shared,aircraft_movements,regional,arrival,1133,aircraft movements,FY15/16
ZAF,2015-11,shared,aircraft_movements,regional,departure,1134,aircraft movements,FY15/16
ZAF,2015-11,shared,aircraft_movements,regional,total,2267,aircraft movements,FY15/16
ZAF,2016-11,shared,aircraft_movements,regional,arrival,1130,aircraft movements,FY16/17
ZAF,2016-11,shared,aircraft_movements,regional,departure,1141,aircraft movements,FY16/17
ZAF,2016-11,shared,aircraft_movements,regional,total,2271,aircraft movements,FY16/17
ZAF,2017-11,shared,aircraft_movements,regional,arrival,1115,aircraft movements,FY17/18
ZAF,2017-11,shared,aircraft_movements,regional,departure,1115,aircraft movements,FY17/18
ZAF,2017-11,shared,aircraft_movements,regional,total,2230,aircraft movements,FY17/18
ZAF,2018-11,shared,aircraft_movements,regional,arrival,1152,aircraft movements,FY18/19
ZAF,2018-11,shared,aircraft_movements,regional,departure,1160,aircraft movements,FY18/19
ZAF,2018-11,shared,aircraft_movements,regional,total,2312,aircraft movements,FY18/19
ZAF,2019-11,shared,aircraft_movements,regional,arrival,1024,aircraft movements,FY19/20
ZAF,2019-11,shared,aircraft_movements,regional,departure,1040,aircraft movements,FY19/20
ZAF,2019-11,shared,aircraft_movements,regional,total,2064,aircraft movements,FY19/20
ZAF,2020-11,shared,aircraft_movements,regional,arrival,306,aircraft movements,FY20/21
ZAF,2020-11,shared,aircraft_movements,regional,departure,303,aircraft movements,FY20/21
ZAF,2020-11,shared,aircraft_movements,regional,total,609,aircraft movements,FY20/21
ZAF,2021-11,shared,aircraft_movements,regional,arrival,612,aircraft movements,FY21/22
ZAF,2021-11,shared,aircraft_movements,regional,departure,612,aircraft movements,FY21/22
ZAF,2021-11,shared,aircraft_movements,regional,total,1224,aircraft movements,FY21/22
ZAF,2022-11,shared,aircraft_movements,regional,arrival,754,aircraft movements,FY22/23
ZAF,2022-11,shared,aircraft_movements,regional,departure,754,aircraft movements,FY22/23
ZAF,2022-11,shared,aircraft_movements,regional,total,1508,aircraft movements,FY22/23
ZAF,2023-11,shared,aircraft_movements,regional,arrival,989,aircraft movements,FY23/24
ZAF,2023-11,shared,aircraft_movements,regional,departure,984,aircraft movements,FY23/24
ZAF,2023-11,shared,aircraft_movements,regional,total,1973,aircraft movements,FY23/24
ZAF,2024-11,shared,aircraft_movements,regional,arrival,1038,aircraft movements,FY24/25
ZAF,2024-11,shared,aircraft_movements,regional,departure,1028,aircraft movements,FY24/25
ZAF,2024-11,shared,aircraft_movements,regional,total,2066,aircraft movements,FY24/25
ZAF,2025-11,shared,aircraft_movements,regional,arrival,1098,aircraft movements,FY25/26
ZAF,2025-11,shared,aircraft_movements,regional,departure,1088,aircraft movements,FY25/26
ZAF,2025-11,shared,aircraft_movements,regional,total,2186,aircraft movements,FY25/26
ZAF,2012-12,shared,aircraft_movements,regional,arrival,848,aircraft movements,FY12/13
ZAF,2012-12,shared,aircraft_movements,regional,departure,844,aircraft movements,FY12/13
ZAF,2012-12,shared,aircraft_movements,regional,total,1692,aircraft movements,FY12/13
ZAF,2013-12,shared,aircraft_movements,regional,arrival,833,aircraft movements,FY13/14
ZAF,2013-12,shared,aircraft_movements,regional,departure,835,aircraft movements,FY13/14
ZAF,2013-12,shared,aircraft_movements,regional,total,1668,aircraft movements,FY13/14
ZAF,2014-12,shared,aircraft_movements,regional,arrival,899,aircraft movements,FY14/15
ZAF,2014-12,shared,aircraft_movements,regional,departure,901,aircraft movements,FY14/15
ZAF,2014-12,shared,aircraft_movements,regional,total,1800,aircraft movements,FY14/15
ZAF,2015-12,shared,aircraft_movements,regional,arrival,987,aircraft movements,FY15/16
ZAF,2015-12,shared,aircraft_movements,regional,departure,989,aircraft movements,FY15/16
ZAF,2015-12,shared,aircraft_movements,regional,total,1976,aircraft movements,FY15/16
ZAF,2016-12,shared,aircraft_movements,regional,arrival,989,aircraft movements,FY16/17
ZAF,2016-12,shared,aircraft_movements,regional,departure,999,aircraft movements,FY16/17
ZAF,2016-12,shared,aircraft_movements,regional,total,1988,aircraft movements,FY16/17
ZAF,2017-12,shared,aircraft_movements,regional,arrival,997,aircraft movements,FY17/18
ZAF,2017-12,shared,aircraft_movements,regional,departure,1001,aircraft movements,FY17/18
ZAF,2017-12,shared,aircraft_movements,regional,total,1998,aircraft movements,FY17/18
ZAF,2018-12,shared,aircraft_movements,regional,arrival,993,aircraft movements,FY18/19
ZAF,2018-12,shared,aircraft_movements,regional,departure,996,aircraft movements,FY18/19
ZAF,2018-12,shared,aircraft_movements,regional,total,1989,aircraft movements,FY18/19
ZAF,2019-12,shared,aircraft_movements,regional,arrival,952,aircraft movements,FY19/20
ZAF,2019-12,shared,aircraft_movements,regional,departure,965,aircraft movements,FY19/20
ZAF,2019-12,shared,aircraft_movements,regional,total,1917,aircraft movements,FY19/20
ZAF,2020-12,shared,aircraft_movements,regional,arrival,402,aircraft movements,FY20/21
ZAF,2020-12,shared,aircraft_movements,regional,departure,396,aircraft movements,FY20/21
ZAF,2020-12,shared,aircraft_movements,regional,total,798,aircraft movements,FY20/21
ZAF,2021-12,shared,aircraft_movements,regional,arrival,575,aircraft movements,FY21/22
ZAF,2021-12,shared,aircraft_movements,regional,departure,562,aircraft movements,FY21/22
ZAF,2021-12,shared,aircraft_movements,regional,total,1137,aircraft movements,FY21/22
ZAF,2022-12,shared,aircraft_movements,regional,arrival,691,aircraft movements,FY22/23
ZAF,2022-12,shared,aircraft_movements,regional,departure,681,aircraft movements,FY22/23
ZAF,2022-12,shared,aircraft_movements,regional,total,1372,aircraft movements,FY22/23
ZAF,2023-12,shared,aircraft_movements,regional,arrival,922,aircraft movements,FY23/24
ZAF,2023-12,shared,aircraft_movements,regional,departure,914,aircraft movements,FY23/24
ZAF,2023-12,shared,aircraft_movements,regional,total,1836,aircraft movements,FY23/24
ZAF,2024-12,shared,aircraft_movements,regional,arrival,953,aircraft movements,FY24/25
ZAF,2024-12,shared,aircraft_movements,regional,departure,952,aircraft movements,FY24/25
ZAF,2024-12,shared,aircraft_movements,regional,total,1905,aircraft movements,FY24/25
ZAF,2025-12,shared,aircraft_movements,regional,arrival,1021,aircraft movements,FY25/26
ZAF,2025-12,shared,aircraft_movements,regional,departure,1022,aircraft movements,FY25/26
ZAF,2025-12,shared,aircraft_movements,regional,total,2043,aircraft movements,FY25/26
ZAF,2013-01,shared,aircraft_movements,regional,arrival,882,aircraft movements,FY12/13
ZAF,2013-01,shared,aircraft_movements,regional,departure,878,aircraft movements,FY12/13
ZAF,2013-01,shared,aircraft_movements,regional,total,1760,aircraft movements,FY12/13
ZAF,2014-01,shared,aircraft_movements,regional,arrival,900,aircraft movements,FY13/14
ZAF,2014-01,shared,aircraft_movements,regional,departure,905,aircraft movements,FY13/14
ZAF,2014-01,shared,aircraft_movements,regional,total,1805,aircraft movements,FY13/14
ZAF,2015-01,shared,aircraft_movements,regional,arrival,940,aircraft movements,FY14/15
ZAF,2015-01,shared,aircraft_movements,regional,departure,950,aircraft movements,FY14/15
ZAF,2015-01,shared,aircraft_movements,regional,total,1890,aircraft movements,FY14/15
ZAF,2016-01,shared,aircraft_movements,regional,arrival,1034,aircraft movements,FY15/16
ZAF,2016-01,shared,aircraft_movements,regional,departure,1035,aircraft movements,FY15/16
ZAF,2016-01,shared,aircraft_movements,regional,total,2069,aircraft movements,FY15/16
ZAF,2017-01,shared,aircraft_movements,regional,arrival,1036,aircraft movements,FY16/17
ZAF,2017-01,shared,aircraft_movements,regional,departure,1044,aircraft movements,FY16/17
ZAF,2017-01,shared,aircraft_movements,regional,total,2080,aircraft movements,FY16/17
ZAF,2018-01,shared,aircraft_movements,regional,arrival,1024,aircraft movements,FY17/18
ZAF,2018-01,shared,aircraft_movements,regional,departure,1022,aircraft movements,FY17/18
ZAF,2018-01,shared,aircraft_movements,regional,total,2046,aircraft movements,FY17/18
ZAF,2019-01,shared,aircraft_movements,regional,arrival,1069,aircraft movements,FY18/19
ZAF,2019-01,shared,aircraft_movements,regional,departure,1080,aircraft movements,FY18/19
ZAF,2019-01,shared,aircraft_movements,regional,total,2149,aircraft movements,FY18/19
ZAF,2020-01,shared,aircraft_movements,regional,arrival,998,aircraft movements,FY19/20
ZAF,2020-01,shared,aircraft_movements,regional,departure,1003,aircraft movements,FY19/20
ZAF,2020-01,shared,aircraft_movements,regional,total,2001,aircraft movements,FY19/20
ZAF,2021-01,shared,aircraft_movements,regional,arrival,372,aircraft movements,FY20/21
ZAF,2021-01,shared,aircraft_movements,regional,departure,366,aircraft movements,FY20/21
ZAF,2021-01,shared,aircraft_movements,regional,total,738,aircraft movements,FY20/21
ZAF,2022-01,shared,aircraft_movements,regional,arrival,551,aircraft movements,FY21/22
ZAF,2022-01,shared,aircraft_movements,regional,departure,538,aircraft movements,FY21/22
ZAF,2022-01,shared,aircraft_movements,regional,total,1089,aircraft movements,FY21/22
ZAF,2023-01,shared,aircraft_movements,regional,arrival,754,aircraft movements,FY22/23
ZAF,2023-01,shared,aircraft_movements,regional,departure,738,aircraft movements,FY22/23
ZAF,2023-01,shared,aircraft_movements,regional,total,1492,aircraft movements,FY22/23
ZAF,2024-01,shared,aircraft_movements,regional,arrival,902,aircraft movements,FY23/24
ZAF,2024-01,shared,aircraft_movements,regional,departure,891,aircraft movements,FY23/24
ZAF,2024-01,shared,aircraft_movements,regional,total,1793,aircraft movements,FY23/24
ZAF,2025-01,shared,aircraft_movements,regional,arrival,938,aircraft movements,FY24/25
ZAF,2025-01,shared,aircraft_movements,regional,departure,941,aircraft movements,FY24/25
ZAF,2025-01,shared,aircraft_movements,regional,total,1879,aircraft movements,FY24/25
ZAF,2026-01,shared,aircraft_movements,regional,arrival,1019,aircraft movements,FY25/26
ZAF,2026-01,shared,aircraft_movements,regional,departure,1022,aircraft movements,FY25/26
ZAF,2026-01,shared,aircraft_movements,regional,total,2041,aircraft movements,FY25/26
ZAF,2013-02,shared,aircraft_movements,regional,arrival,828,aircraft movements,FY12/13
ZAF,2013-02,shared,aircraft_movements,regional,departure,824,aircraft movements,FY12/13
ZAF,2013-02,shared,aircraft_movements,regional,total,1652,aircraft movements,FY12/13
ZAF,2014-02,shared,aircraft_movements,regional,arrival,913,aircraft movements,FY13/14
ZAF,2014-02,shared,aircraft_movements,regional,departure,911,aircraft movements,FY13/14
ZAF,2014-02,shared,aircraft_movements,regional,total,1824,aircraft movements,FY13/14
ZAF,2015-02,shared,aircraft_movements,regional,arrival,974,aircraft movements,FY14/15
ZAF,2015-02,shared,aircraft_movements,regional,departure,969,aircraft movements,FY14/15
ZAF,2015-02,shared,aircraft_movements,regional,total,1943,aircraft movements,FY14/15
ZAF,2016-02,shared,aircraft_movements,regional,arrival,1059,aircraft movements,FY15/16
ZAF,2016-02,shared,aircraft_movements,regional,departure,1065,aircraft movements,FY15/16
ZAF,2016-02,shared,aircraft_movements,regional,total,2124,aircraft movements,FY15/16
ZAF,2017-02,shared,aircraft_movements,regional,arrival,1012,aircraft movements,FY16/17
ZAF,2017-02,shared,aircraft_movements,regional,departure,1011,aircraft movements,FY16/17
ZAF,2017-02,shared,aircraft_movements,regional,total,2023,aircraft movements,FY16/17
ZAF,2018-02,shared,aircraft_movements,regional,arrival,953,aircraft movements,FY17/18
ZAF,2018-02,shared,aircraft_movements,regional,departure,962,aircraft movements,FY17/18
ZAF,2018-02,shared,aircraft_movements,regional,total,1915,aircraft movements,FY17/18
ZAF,2019-02,shared,aircraft_movements,regional,arrival,1064,aircraft movements,FY18/19
ZAF,2019-02,shared,aircraft_movements,regional,departure,1063,aircraft movements,FY18/19
ZAF,2019-02,shared,aircraft_movements,regional,total,2127,aircraft movements,FY18/19
ZAF,2020-02,shared,aircraft_movements,regional,arrival,940,aircraft movements,FY19/20
ZAF,2020-02,shared,aircraft_movements,regional,departure,948,aircraft movements,FY19/20
ZAF,2020-02,shared,aircraft_movements,regional,total,1888,aircraft movements,FY19/20
ZAF,2021-02,shared,aircraft_movements,regional,arrival,349,aircraft movements,FY20/21
ZAF,2021-02,shared,aircraft_movements,regional,departure,347,aircraft movements,FY20/21
ZAF,2021-02,shared,aircraft_movements,regional,total,696,aircraft movements,FY20/21
ZAF,2022-02,shared,aircraft_movements,regional,arrival,557,aircraft movements,FY21/22
ZAF,2022-02,shared,aircraft_movements,regional,departure,548,aircraft movements,FY21/22
ZAF,2022-02,shared,aircraft_movements,regional,total,1105,aircraft movements,FY21/22
ZAF,2023-02,shared,aircraft_movements,regional,arrival,709,aircraft movements,FY22/23
ZAF,2023-02,shared,aircraft_movements,regional,departure,690,aircraft movements,FY22/23
ZAF,2023-02,shared,aircraft_movements,regional,total,1399,aircraft movements,FY22/23
ZAF,2024-02,shared,aircraft_movements,regional,arrival,874,aircraft movements,FY23/24
ZAF,2024-02,shared,aircraft_movements,regional,departure,872,aircraft movements,FY23/24
ZAF,2024-02,shared,aircraft_movements,regional,total,1746,aircraft movements,FY23/24
ZAF,2025-02,shared,aircraft_movements,regional,arrival,901,aircraft movements,FY24/25
ZAF,2025-02,shared,aircraft_movements,regional,departure,900,aircraft movements,FY24/25
ZAF,2025-02,shared,aircraft_movements,regional,total,1801,aircraft movements,FY24/25
ZAF,2026-02,shared,aircraft_movements,regional,arrival,965,aircraft movements,FY25/26
ZAF,2026-02,shared,aircraft_movements,regional,departure,966,aircraft movements,FY25/26
ZAF,2026-02,shared,aircraft_movements,regional,total,1931,aircraft movements,FY25/26
ZAF,2013-03,shared,aircraft_movements,regional,arrival,903,aircraft movements,FY12/13
ZAF,2013-03,shared,aircraft_movements,regional,departure,903,aircraft movements,FY12/13
ZAF,2013-03,shared,aircraft_movements,regional,total,1806,aircraft movements,FY12/13
ZAF,2014-03,shared,aircraft_movements,regional,arrival,981,aircraft movements,FY13/14
ZAF,2014-03,shared,aircraft_movements,regional,departure,980,aircraft movements,FY13/14
ZAF,2014-03,shared,aircraft_movements,regional,total,1961,aircraft movements,FY13/14
ZAF,2015-03,shared,aircraft_movements,regional,arrival,1097,aircraft movements,FY14/15
ZAF,2015-03,shared,aircraft_movements,regional,departure,1093,aircraft movements,FY14/15
ZAF,2015-03,shared,aircraft_movements,regional,total,2190,aircraft movements,FY14/15
ZAF,2016-03,shared,aircraft_movements,regional,arrival,1113,aircraft movements,FY15/16
ZAF,2016-03,shared,aircraft_movements,regional,departure,1113,aircraft movements,FY15/16
ZAF,2016-03,shared,aircraft_movements,regional,total,2226,aircraft movements,FY15/16
ZAF,2017-03,shared,aircraft_movements,regional,arrival,1104,aircraft movements,FY16/17
ZAF,2017-03,shared,aircraft_movements,regional,departure,1108,aircraft movements,FY16/17
ZAF,2017-03,shared,aircraft_movements,regional,total,2212,aircraft movements,FY16/17
ZAF,2018-03,shared,aircraft_movements,regional,arrival,1027,aircraft movements,FY17/18
ZAF,2018-03,shared,aircraft_movements,regional,departure,1030,aircraft movements,FY17/18
ZAF,2018-03,shared,aircraft_movements,regional,total,2057,aircraft movements,FY17/18
ZAF,2019-03,shared,aircraft_movements,regional,arrival,1136,aircraft movements,FY18/19
ZAF,2019-03,shared,aircraft_movements,regional,departure,1136,aircraft movements,FY18/19
ZAF,2019-03,shared,aircraft_movements,regional,total,2272,aircraft movements,FY18/19
ZAF,2020-03,shared,aircraft_movements,regional,arrival,651,aircraft movements,FY19/20
ZAF,2020-03,shared,aircraft_movements,regional,departure,658,aircraft movements,FY19/20
ZAF,2020-03,shared,aircraft_movements,regional,total,1309,aircraft movements,FY19/20
ZAF,2021-03,shared,aircraft_movements,regional,arrival,456,aircraft movements,FY20/21
ZAF,2021-03,shared,aircraft_movements,regional,departure,447,aircraft movements,FY20/21
ZAF,2021-03,shared,aircraft_movements,regional,total,903,aircraft movements,FY20/21
ZAF,2022-03,shared,aircraft_movements,regional,arrival,689,aircraft movements,FY21/22
ZAF,2022-03,shared,aircraft_movements,regional,departure,686,aircraft movements,FY21/22
ZAF,2022-03,shared,aircraft_movements,regional,total,1375,aircraft movements,FY21/22
ZAF,2023-03,shared,aircraft_movements,regional,arrival,831,aircraft movements,FY22/23
ZAF,2023-03,shared,aircraft_movements,regional,departure,818,aircraft movements,FY22/23
ZAF,2023-03,shared,aircraft_movements,regional,total,1649,aircraft movements,FY22/23
ZAF,2024-03,shared,aircraft_movements,regional,arrival,941,aircraft movements,FY23/24
ZAF,2024-03,shared,aircraft_movements,regional,departure,936,aircraft movements,FY23/24
ZAF,2024-03,shared,aircraft_movements,regional,total,1877,aircraft movements,FY23/24
ZAF,2025-03,shared,aircraft_movements,regional,arrival,1029,aircraft movements,FY24/25
ZAF,2025-03,shared,aircraft_movements,regional,departure,1027,aircraft movements,FY24/25
ZAF,2025-03,shared,aircraft_movements,regional,total,2056,aircraft movements,FY24/25
ZAF,2026-03,shared,aircraft_movements,regional,arrival,1127,aircraft movements,FY25/26
ZAF,2026-03,shared,aircraft_movements,regional,departure,1130,aircraft movements,FY25/26
ZAF,2026-03,shared,aircraft_movements,regional,total,2257,aircraft movements,FY25/26
ZAF,2012-04,shared,aircraft_movements,domestic,arrival,11027,aircraft movements,FY12/13
ZAF,2012-04,shared,aircraft_movements,domestic,departure,11070,aircraft movements,FY12/13
ZAF,2012-04,shared,aircraft_movements,domestic,total,22097,aircraft movements,FY12/13
ZAF,2013-04,shared,aircraft_movements,domestic,arrival,10325,aircraft movements,FY13/14
ZAF,2013-04,shared,aircraft_movements,domestic,departure,10303,aircraft movements,FY13/14
ZAF,2013-04,shared,aircraft_movements,domestic,total,20628,aircraft movements,FY13/14
ZAF,2014-04,shared,aircraft_movements,domestic,arrival,10745,aircraft movements,FY14/15
ZAF,2014-04,shared,aircraft_movements,domestic,departure,10748,aircraft movements,FY14/15
ZAF,2014-04,shared,aircraft_movements,domestic,total,21493,aircraft movements,FY14/15
ZAF,2015-04,shared,aircraft_movements,domestic,arrival,11294,aircraft movements,FY15/16
ZAF,2015-04,shared,aircraft_movements,domestic,departure,11313,aircraft movements,FY15/16
ZAF,2015-04,shared,aircraft_movements,domestic,total,22607,aircraft movements,FY15/16
ZAF,2016-04,shared,aircraft_movements,domestic,arrival,11662,aircraft movements,FY16/17
ZAF,2016-04,shared,aircraft_movements,domestic,departure,11727,aircraft movements,FY16/17
ZAF,2016-04,shared,aircraft_movements,domestic,total,23389,aircraft movements,FY16/17
ZAF,2017-04,shared,aircraft_movements,domestic,arrival,11397,aircraft movements,FY17/18
ZAF,2017-04,shared,aircraft_movements,domestic,departure,11441,aircraft movements,FY17/18
ZAF,2017-04,shared,aircraft_movements,domestic,total,22838,aircraft movements,FY17/18
ZAF,2018-04,shared,aircraft_movements,domestic,arrival,11496,aircraft movements,FY18/19
ZAF,2018-04,shared,aircraft_movements,domestic,departure,11543,aircraft movements,FY18/19
ZAF,2018-04,shared,aircraft_movements,domestic,total,23039,aircraft movements,FY18/19
ZAF,2019-04,shared,aircraft_movements,domestic,arrival,11239,aircraft movements,FY19/20
ZAF,2019-04,shared,aircraft_movements,domestic,departure,11273,aircraft movements,FY19/20
ZAF,2019-04,shared,aircraft_movements,domestic,total,22512,aircraft movements,FY19/20
ZAF,2020-04,shared,aircraft_movements,domestic,arrival,83,aircraft movements,FY20/21
ZAF,2020-04,shared,aircraft_movements,domestic,departure,87,aircraft movements,FY20/21
ZAF,2020-04,shared,aircraft_movements,domestic,total,170,aircraft movements,FY20/21
ZAF,2021-04,shared,aircraft_movements,domestic,arrival,7796,aircraft movements,FY21/22
ZAF,2021-04,shared,aircraft_movements,domestic,departure,7802,aircraft movements,FY21/22
ZAF,2021-04,shared,aircraft_movements,domestic,total,15598,aircraft movements,FY21/22
ZAF,2022-04,shared,aircraft_movements,domestic,arrival,9404,aircraft movements,FY22/23
ZAF,2022-04,shared,aircraft_movements,domestic,departure,9420,aircraft movements,FY22/23
ZAF,2022-04,shared,aircraft_movements,domestic,total,18824,aircraft movements,FY22/23
ZAF,2023-04,shared,aircraft_movements,domestic,arrival,9803,aircraft movements,FY23/24
ZAF,2023-04,shared,aircraft_movements,domestic,departure,9832,aircraft movements,FY23/24
ZAF,2023-04,shared,aircraft_movements,domestic,total,19635,aircraft movements,FY23/24
ZAF,2024-04,shared,aircraft_movements,domestic,arrival,10198,aircraft movements,FY24/25
ZAF,2024-04,shared,aircraft_movements,domestic,departure,10208,aircraft movements,FY24/25
ZAF,2024-04,shared,aircraft_movements,domestic,total,20406,aircraft movements,FY24/25
ZAF,2025-04,shared,aircraft_movements,domestic,arrival,10580,aircraft movements,FY25/26
ZAF,2025-04,shared,aircraft_movements,domestic,departure,10606,aircraft movements,FY25/26
ZAF,2025-04,shared,aircraft_movements,domestic,total,21186,aircraft movements,FY25/26
ZAF,2026-04,shared,aircraft_movements,domestic,arrival,10411,aircraft movements,FY26/27
ZAF,2026-04,shared,aircraft_movements,domestic,departure,10422,aircraft movements,FY26/27
ZAF,2026-04,shared,aircraft_movements,domestic,total,20833,aircraft movements,FY26/27
ZAF,2012-05,shared,aircraft_movements,domestic,arrival,11078,aircraft movements,FY12/13
ZAF,2012-05,shared,aircraft_movements,domestic,departure,11088,aircraft movements,FY12/13
ZAF,2012-05,shared,aircraft_movements,domestic,total,22166,aircraft movements,FY12/13
ZAF,2013-05,shared,aircraft_movements,domestic,arrival,10442,aircraft movements,FY13/14
ZAF,2013-05,shared,aircraft_movements,domestic,departure,10451,aircraft movements,FY13/14
ZAF,2013-05,shared,aircraft_movements,domestic,total,20893,aircraft movements,FY13/14
ZAF,2014-05,shared,aircraft_movements,domestic,arrival,10819,aircraft movements,FY14/15
ZAF,2014-05,shared,aircraft_movements,domestic,departure,10822,aircraft movements,FY14/15
ZAF,2014-05,shared,aircraft_movements,domestic,total,21641,aircraft movements,FY14/15
ZAF,2015-05,shared,aircraft_movements,domestic,arrival,11671,aircraft movements,FY15/16
ZAF,2015-05,shared,aircraft_movements,domestic,departure,11693,aircraft movements,FY15/16
ZAF,2015-05,shared,aircraft_movements,domestic,total,23364,aircraft movements,FY15/16
ZAF,2016-05,shared,aircraft_movements,domestic,arrival,12053,aircraft movements,FY16/17
ZAF,2016-05,shared,aircraft_movements,domestic,departure,12110,aircraft movements,FY16/17
ZAF,2016-05,shared,aircraft_movements,domestic,total,24163,aircraft movements,FY16/17
ZAF,2017-05,shared,aircraft_movements,domestic,arrival,12074,aircraft movements,FY17/18
ZAF,2017-05,shared,aircraft_movements,domestic,departure,12104,aircraft movements,FY17/18
ZAF,2017-05,shared,aircraft_movements,domestic,total,24178,aircraft movements,FY17/18
ZAF,2018-05,shared,aircraft_movements,domestic,arrival,11499,aircraft movements,FY18/19
ZAF,2018-05,shared,aircraft_movements,domestic,departure,11453,aircraft movements,FY18/19
ZAF,2018-05,shared,aircraft_movements,domestic,total,22952,aircraft movements,FY18/19
ZAF,2019-05,shared,aircraft_movements,domestic,arrival,11342,aircraft movements,FY19/20
ZAF,2019-05,shared,aircraft_movements,domestic,departure,11367,aircraft movements,FY19/20
ZAF,2019-05,shared,aircraft_movements,domestic,total,22709,aircraft movements,FY19/20
ZAF,2020-05,shared,aircraft_movements,domestic,arrival,129,aircraft movements,FY20/21
ZAF,2020-05,shared,aircraft_movements,domestic,departure,130,aircraft movements,FY20/21
ZAF,2020-05,shared,aircraft_movements,domestic,total,259,aircraft movements,FY20/21
ZAF,2021-05,shared,aircraft_movements,domestic,arrival,7503,aircraft movements,FY21/22
ZAF,2021-05,shared,aircraft_movements,domestic,departure,7522,aircraft movements,FY21/22
ZAF,2021-05,shared,aircraft_movements,domestic,total,15025,aircraft movements,FY21/22
ZAF,2022-05,shared,aircraft_movements,domestic,arrival,9611,aircraft movements,FY22/23
ZAF,2022-05,shared,aircraft_movements,domestic,departure,9654,aircraft movements,FY22/23
ZAF,2022-05,shared,aircraft_movements,domestic,total,19265,aircraft movements,FY22/23
ZAF,2023-05,shared,aircraft_movements,domestic,arrival,10020,aircraft movements,FY23/24
ZAF,2023-05,shared,aircraft_movements,domestic,departure,10042,aircraft movements,FY23/24
ZAF,2023-05,shared,aircraft_movements,domestic,total,20062,aircraft movements,FY23/24
ZAF,2024-05,shared,aircraft_movements,domestic,arrival,9509,aircraft movements,FY24/25
ZAF,2024-05,shared,aircraft_movements,domestic,departure,9518,aircraft movements,FY24/25
ZAF,2024-05,shared,aircraft_movements,domestic,total,19027,aircraft movements,FY24/25
ZAF,2025-05,shared,aircraft_movements,domestic,arrival,9750,aircraft movements,FY25/26
ZAF,2025-05,shared,aircraft_movements,domestic,departure,9768,aircraft movements,FY25/26
ZAF,2025-05,shared,aircraft_movements,domestic,total,19518,aircraft movements,FY25/26
ZAF,2026-05,shared,aircraft_movements,domestic,arrival,9690,aircraft movements,FY26/27
ZAF,2026-05,shared,aircraft_movements,domestic,departure,9695,aircraft movements,FY26/27
ZAF,2026-05,shared,aircraft_movements,domestic,total,19385,aircraft movements,FY26/27
ZAF,2012-06,shared,aircraft_movements,domestic,arrival,10450,aircraft movements,FY12/13
ZAF,2012-06,shared,aircraft_movements,domestic,departure,10636,aircraft movements,FY12/13
ZAF,2012-06,shared,aircraft_movements,domestic,total,21086,aircraft movements,FY12/13
ZAF,2013-06,shared,aircraft_movements,domestic,arrival,9900,aircraft movements,FY13/14
ZAF,2013-06,shared,aircraft_movements,domestic,departure,9913,aircraft movements,FY13/14
ZAF,2013-06,shared,aircraft_movements,domestic,total,19813,aircraft movements,FY13/14
ZAF,2014-06,shared,aircraft_movements,domestic,arrival,10844,aircraft movements,FY14/15
ZAF,2014-06,shared,aircraft_movements,domestic,departure,10847,aircraft movements,FY14/15
ZAF,2014-06,shared,aircraft_movements,domestic,total,21691,aircraft movements,FY14/15
ZAF,2015-06,shared,aircraft_movements,domestic,arrival,11264,aircraft movements,FY15/16
ZAF,2015-06,shared,aircraft_movements,domestic,departure,11294,aircraft movements,FY15/16
ZAF,2015-06,shared,aircraft_movements,domestic,total,22558,aircraft movements,FY15/16
ZAF,2016-06,shared,aircraft_movements,domestic,arrival,11607,aircraft movements,FY16/17
ZAF,2016-06,shared,aircraft_movements,domestic,departure,11681,aircraft movements,FY16/17
ZAF,2016-06,shared,aircraft_movements,domestic,total,23288,aircraft movements,FY16/17
ZAF,2017-06,shared,aircraft_movements,domestic,arrival,11451,aircraft movements,FY17/18
ZAF,2017-06,shared,aircraft_movements,domestic,departure,11507,aircraft movements,FY17/18
ZAF,2017-06,shared,aircraft_movements,domestic,total,22958,aircraft movements,FY17/18
ZAF,2018-06,shared,aircraft_movements,domestic,arrival,10596,aircraft movements,FY18/19
ZAF,2018-06,shared,aircraft_movements,domestic,departure,10640,aircraft movements,FY18/19
ZAF,2018-06,shared,aircraft_movements,domestic,total,21236,aircraft movements,FY18/19
ZAF,2019-06,shared,aircraft_movements,domestic,arrival,10792,aircraft movements,FY19/20
ZAF,2019-06,shared,aircraft_movements,domestic,departure,10819,aircraft movements,FY19/20
ZAF,2019-06,shared,aircraft_movements,domestic,total,21611,aircraft movements,FY19/20
ZAF,2020-06,shared,aircraft_movements,domestic,arrival,603,aircraft movements,FY20/21
ZAF,2020-06,shared,aircraft_movements,domestic,departure,603,aircraft movements,FY20/21
ZAF,2020-06,shared,aircraft_movements,domestic,total,1206,aircraft movements,FY20/21
ZAF,2021-06,shared,aircraft_movements,domestic,arrival,6776,aircraft movements,FY21/22
ZAF,2021-06,shared,aircraft_movements,domestic,departure,6791,aircraft movements,FY21/22
ZAF,2021-06,shared,aircraft_movements,domestic,total,13567,aircraft movements,FY21/22
ZAF,2022-06,shared,aircraft_movements,domestic,arrival,7928,aircraft movements,FY22/23
ZAF,2022-06,shared,aircraft_movements,domestic,departure,7957,aircraft movements,FY22/23
ZAF,2022-06,shared,aircraft_movements,domestic,total,15885,aircraft movements,FY22/23
ZAF,2023-06,shared,aircraft_movements,domestic,arrival,9635,aircraft movements,FY23/24
ZAF,2023-06,shared,aircraft_movements,domestic,departure,9658,aircraft movements,FY23/24
ZAF,2023-06,shared,aircraft_movements,domestic,total,19293,aircraft movements,FY23/24
ZAF,2024-06,shared,aircraft_movements,domestic,arrival,9634,aircraft movements,FY24/25
ZAF,2024-06,shared,aircraft_movements,domestic,departure,9654,aircraft movements,FY24/25
ZAF,2024-06,shared,aircraft_movements,domestic,total,19288,aircraft movements,FY24/25
ZAF,2025-06,shared,aircraft_movements,domestic,arrival,9768,aircraft movements,FY25/26
ZAF,2025-06,shared,aircraft_movements,domestic,departure,9803,aircraft movements,FY25/26
ZAF,2025-06,shared,aircraft_movements,domestic,total,19571,aircraft movements,FY25/26
ZAF,2026-06,shared,aircraft_movements,domestic,arrival,9355,aircraft movements,FY26/27
ZAF,2026-06,shared,aircraft_movements,domestic,departure,9372,aircraft movements,FY26/27
ZAF,2026-06,shared,aircraft_movements,domestic,total,18727,aircraft movements,FY26/27
ZAF,2012-07,shared,aircraft_movements,domestic,arrival,11041,aircraft movements,FY12/13
ZAF,2012-07,shared,aircraft_movements,domestic,departure,11037,aircraft movements,FY12/13
ZAF,2012-07,shared,aircraft_movements,domestic,total,22078,aircraft movements,FY12/13
ZAF,2013-07,shared,aircraft_movements,domestic,arrival,10555,aircraft movements,FY13/14
ZAF,2013-07,shared,aircraft_movements,domestic,departure,10549,aircraft movements,FY13/14
ZAF,2013-07,shared,aircraft_movements,domestic,total,21104,aircraft movements,FY13/14
ZAF,2014-07,shared,aircraft_movements,domestic,arrival,11212,aircraft movements,FY14/15
ZAF,2014-07,shared,aircraft_movements,domestic,departure,11160,aircraft movements,FY14/15
ZAF,2014-07,shared,aircraft_movements,domestic,total,22372,aircraft movements,FY14/15
ZAF,2015-07,shared,aircraft_movements,domestic,arrival,12139,aircraft movements,FY15/16
ZAF,2015-07,shared,aircraft_movements,domestic,departure,12161,aircraft movements,FY15/16
ZAF,2015-07,shared,aircraft_movements,domestic,total,24300,aircraft movements,FY15/16
ZAF,2016-07,shared,aircraft_movements,domestic,arrival,12036,aircraft movements,FY16/17
ZAF,2016-07,shared,aircraft_movements,domestic,departure,12115,aircraft movements,FY16/17
ZAF,2016-07,shared,aircraft_movements,domestic,total,24151,aircraft movements,FY16/17
ZAF,2017-07,shared,aircraft_movements,domestic,arrival,11969,aircraft movements,FY17/18
ZAF,2017-07,shared,aircraft_movements,domestic,departure,12015,aircraft movements,FY17/18
ZAF,2017-07,shared,aircraft_movements,domestic,total,23984,aircraft movements,FY17/18
ZAF,2018-07,shared,aircraft_movements,domestic,arrival,11354,aircraft movements,FY18/19
ZAF,2018-07,shared,aircraft_movements,domestic,departure,11417,aircraft movements,FY18/19
ZAF,2018-07,shared,aircraft_movements,domestic,total,22771,aircraft movements,FY18/19
ZAF,2019-07,shared,aircraft_movements,domestic,arrival,11224,aircraft movements,FY19/20
ZAF,2019-07,shared,aircraft_movements,domestic,departure,11248,aircraft movements,FY19/20
ZAF,2019-07,shared,aircraft_movements,domestic,total,22472,aircraft movements,FY19/20
ZAF,2020-07,shared,aircraft_movements,domestic,arrival,1302,aircraft movements,FY20/21
ZAF,2020-07,shared,aircraft_movements,domestic,departure,1301,aircraft movements,FY20/21
ZAF,2020-07,shared,aircraft_movements,domestic,total,2603,aircraft movements,FY20/21
ZAF,2021-07,shared,aircraft_movements,domestic,arrival,3952,aircraft movements,FY21/22
ZAF,2021-07,shared,aircraft_movements,domestic,departure,3960,aircraft movements,FY21/22
ZAF,2021-07,shared,aircraft_movements,domestic,total,7912,aircraft movements,FY21/22
ZAF,2022-07,shared,aircraft_movements,domestic,arrival,8540,aircraft movements,FY22/23
ZAF,2022-07,shared,aircraft_movements,domestic,departure,8559,aircraft movements,FY22/23
ZAF,2022-07,shared,aircraft_movements,domestic,total,17099,aircraft movements,FY22/23
ZAF,2023-07,shared,aircraft_movements,domestic,arrival,10114,aircraft movements,FY23/24
ZAF,2023-07,shared,aircraft_movements,domestic,departure,10140,aircraft movements,FY23/24
ZAF,2023-07,shared,aircraft_movements,domestic,total,20254,aircraft movements,FY23/24
ZAF,2024-07,shared,aircraft_movements,domestic,arrival,9959,aircraft movements,FY24/25
ZAF,2024-07,shared,aircraft_movements,domestic,departure,9990,aircraft movements,FY24/25
ZAF,2024-07,shared,aircraft_movements,domestic,total,19949,aircraft movements,FY24/25
ZAF,2025-07,shared,aircraft_movements,domestic,arrival,10084,aircraft movements,FY25/26
ZAF,2025-07,shared,aircraft_movements,domestic,departure,10127,aircraft movements,FY25/26
ZAF,2025-07,shared,aircraft_movements,domestic,total,20211,aircraft movements,FY25/26
ZAF,2026-07,shared,aircraft_movements,domestic,arrival,10464,aircraft movements,FY26/27
ZAF,2026-07,shared,aircraft_movements,domestic,departure,10492,aircraft movements,FY26/27
ZAF,2026-07,shared,aircraft_movements,domestic,total,20956,aircraft movements,FY26/27
ZAF,2012-08,shared,aircraft_movements,domestic,arrival,11043,aircraft movements,FY12/13
ZAF,2012-08,shared,aircraft_movements,domestic,departure,11163,aircraft movements,FY12/13
ZAF,2012-08,shared,aircraft_movements,domestic,total,22206,aircraft movements,FY12/13
ZAF,2013-08,shared,aircraft_movements,domestic,arrival,10542,aircraft movements,FY13/14
ZAF,2013-08,shared,aircraft_movements,domestic,departure,10527,aircraft movements,FY13/14
ZAF,2013-08,shared,aircraft_movements,domestic,total,21069,aircraft movements,FY13/14
ZAF,2014-08,shared,aircraft_movements,domestic,arrival,11219,aircraft movements,FY14/15
ZAF,2014-08,shared,aircraft_movements,domestic,departure,11219,aircraft movements,FY14/15
ZAF,2014-08,shared,aircraft_movements,domestic,total,22438,aircraft movements,FY14/15
ZAF,2015-08,shared,aircraft_movements,domestic,arrival,11639,aircraft movements,FY15/16
ZAF,2015-08,shared,aircraft_movements,domestic,departure,11674,aircraft movements,FY15/16
ZAF,2015-08,shared,aircraft_movements,domestic,total,23313,aircraft movements,FY15/16
ZAF,2016-08,shared,aircraft_movements,domestic,arrival,12008,aircraft movements,FY16/17
ZAF,2016-08,shared,aircraft_movements,domestic,departure,12072,aircraft movements,FY16/17
ZAF,2016-08,shared,aircraft_movements,domestic,total,24080,aircraft movements,FY16/17
ZAF,2017-08,shared,aircraft_movements,domestic,arrival,12108,aircraft movements,FY17/18
ZAF,2017-08,shared,aircraft_movements,domestic,departure,12186,aircraft movements,FY17/18
ZAF,2017-08,shared,aircraft_movements,domestic,total,24294,aircraft movements,FY17/18
ZAF,2018-08,shared,aircraft_movements,domestic,arrival,11492,aircraft movements,FY18/19
ZAF,2018-08,shared,aircraft_movements,domestic,departure,11553,aircraft movements,FY18/19
ZAF,2018-08,shared,aircraft_movements,domestic,total,23045,aircraft movements,FY18/19
ZAF,2019-08,shared,aircraft_movements,domestic,arrival,11094,aircraft movements,FY19/20
ZAF,2019-08,shared,aircraft_movements,domestic,departure,11120,aircraft movements,FY19/20
ZAF,2019-08,shared,aircraft_movements,domestic,total,22214,aircraft movements,FY19/20
ZAF,2020-08,shared,aircraft_movements,domestic,arrival,1804,aircraft movements,FY20/21
ZAF,2020-08,shared,aircraft_movements,domestic,departure,1802,aircraft movements,FY20/21
ZAF,2020-08,shared,aircraft_movements,domestic,total,3606,aircraft movements,FY20/21
ZAF,2021-08,shared,aircraft_movements,domestic,arrival,5510,aircraft movements,FY21/22
ZAF,2021-08,shared,aircraft_movements,domestic,departure,5532,aircraft movements,FY21/22
ZAF,2021-08,shared,aircraft_movements,domestic,total,11042,aircraft movements,FY21/22
ZAF,2022-08,shared,aircraft_movements,domestic,arrival,8696,aircraft movements,FY22/23
ZAF,2022-08,shared,aircraft_movements,domestic,departure,8713,aircraft movements,FY22/23
ZAF,2022-08,shared,aircraft_movements,domestic,total,17409,aircraft movements,FY22/23
ZAF,2023-08,shared,aircraft_movements,domestic,arrival,10122,aircraft movements,FY23/24
ZAF,2023-08,shared,aircraft_movements,domestic,departure,10143,aircraft movements,FY23/24
ZAF,2023-08,shared,aircraft_movements,domestic,total,20265,aircraft movements,FY23/24
ZAF,2024-08,shared,aircraft_movements,domestic,arrival,9817,aircraft movements,FY24/25
ZAF,2024-08,shared,aircraft_movements,domestic,departure,9845,aircraft movements,FY24/25
ZAF,2024-08,shared,aircraft_movements,domestic,total,19662,aircraft movements,FY24/25
ZAF,2025-08,shared,aircraft_movements,domestic,arrival,10254,aircraft movements,FY25/26
ZAF,2025-08,shared,aircraft_movements,domestic,departure,10285,aircraft movements,FY25/26
ZAF,2025-08,shared,aircraft_movements,domestic,total,20539,aircraft movements,FY25/26
ZAF,2026-08,shared,aircraft_movements,domestic,arrival,10254,aircraft movements,FY26/27
ZAF,2026-08,shared,aircraft_movements,domestic,departure,10271,aircraft movements,FY26/27
ZAF,2026-08,shared,aircraft_movements,domestic,total,20525,aircraft movements,FY26/27
ZAF,2012-09,shared,aircraft_movements,domestic,arrival,10598,aircraft movements,FY12/13
ZAF,2012-09,shared,aircraft_movements,domestic,departure,10608,aircraft movements,FY12/13
ZAF,2012-09,shared,aircraft_movements,domestic,total,21206,aircraft movements,FY12/13
ZAF,2013-09,shared,aircraft_movements,domestic,arrival,10273,aircraft movements,FY13/14
ZAF,2013-09,shared,aircraft_movements,domestic,departure,10277,aircraft movements,FY13/14
ZAF,2013-09,shared,aircraft_movements,domestic,total,20550,aircraft movements,FY13/14
ZAF,2014-09,shared,aircraft_movements,domestic,arrival,10900,aircraft movements,FY14/15
ZAF,2014-09,shared,aircraft_movements,domestic,departure,10932,aircraft movements,FY14/15
ZAF,2014-09,shared,aircraft_movements,domestic,total,21832,aircraft movements,FY14/15
ZAF,2015-09,shared,aircraft_movements,domestic,arrival,11761,aircraft movements,FY15/16
ZAF,2015-09,shared,aircraft_movements,domestic,departure,11790,aircraft movements,FY15/16
ZAF,2015-09,shared,aircraft_movements,domestic,total,23551,aircraft movements,FY15/16
ZAF,2016-09,shared,aircraft_movements,domestic,arrival,12059,aircraft movements,FY16/17
ZAF,2016-09,shared,aircraft_movements,domestic,departure,12126,aircraft movements,FY16/17
ZAF,2016-09,shared,aircraft_movements,domestic,total,24185,aircraft movements,FY16/17
ZAF,2017-09,shared,aircraft_movements,domestic,arrival,11642,aircraft movements,FY17/18
ZAF,2017-09,shared,aircraft_movements,domestic,departure,11695,aircraft movements,FY17/18
ZAF,2017-09,shared,aircraft_movements,domestic,total,23337,aircraft movements,FY17/18
ZAF,2018-09,shared,aircraft_movements,domestic,arrival,11207,aircraft movements,FY18/19
ZAF,2018-09,shared,aircraft_movements,domestic,departure,11271,aircraft movements,FY18/19
ZAF,2018-09,shared,aircraft_movements,domestic,total,22478,aircraft movements,FY18/19
ZAF,2019-09,shared,aircraft_movements,domestic,arrival,11113,aircraft movements,FY19/20
ZAF,2019-09,shared,aircraft_movements,domestic,departure,11150,aircraft movements,FY19/20
ZAF,2019-09,shared,aircraft_movements,domestic,total,22263,aircraft movements,FY19/20
ZAF,2020-09,shared,aircraft_movements,domestic,arrival,3344,aircraft movements,FY20/21
ZAF,2020-09,shared,aircraft_movements,domestic,departure,3347,aircraft movements,FY20/21
ZAF,2020-09,shared,aircraft_movements,domestic,total,6691,aircraft movements,FY20/21
ZAF,2021-09,shared,aircraft_movements,domestic,arrival,7145,aircraft movements,FY21/22
ZAF,2021-09,shared,aircraft_movements,domestic,departure,7179,aircraft movements,FY21/22
ZAF,2021-09,shared,aircraft_movements,domestic,total,14324,aircraft movements,FY21/22
ZAF,2022-09,shared,aircraft_movements,domestic,arrival,8748,aircraft movements,FY22/23
ZAF,2022-09,shared,aircraft_movements,domestic,departure,8777,aircraft movements,FY22/23
ZAF,2022-09,shared,aircraft_movements,domestic,total,17525,aircraft movements,FY22/23
ZAF,2023-09,shared,aircraft_movements,domestic,arrival,10283,aircraft movements,FY23/24
ZAF,2023-09,shared,aircraft_movements,domestic,departure,10308,aircraft movements,FY23/24
ZAF,2023-09,shared,aircraft_movements,domestic,total,20591,aircraft movements,FY23/24
ZAF,2024-09,shared,aircraft_movements,domestic,arrival,9804,aircraft movements,FY24/25
ZAF,2024-09,shared,aircraft_movements,domestic,departure,9843,aircraft movements,FY24/25
ZAF,2024-09,shared,aircraft_movements,domestic,total,19647,aircraft movements,FY24/25
ZAF,2025-09,shared,aircraft_movements,domestic,arrival,10400,aircraft movements,FY25/26
ZAF,2025-09,shared,aircraft_movements,domestic,departure,10435,aircraft movements,FY25/26
ZAF,2025-09,shared,aircraft_movements,domestic,total,20835,aircraft movements,FY25/26
ZAF,2012-10,shared,aircraft_movements,domestic,arrival,11268,aircraft movements,FY12/13
ZAF,2012-10,shared,aircraft_movements,domestic,departure,11287,aircraft movements,FY12/13
ZAF,2012-10,shared,aircraft_movements,domestic,total,22555,aircraft movements,FY12/13
ZAF,2013-10,shared,aircraft_movements,domestic,arrival,10832,aircraft movements,FY13/14
ZAF,2013-10,shared,aircraft_movements,domestic,departure,10839,aircraft movements,FY13/14
ZAF,2013-10,shared,aircraft_movements,domestic,total,21671,aircraft movements,FY13/14
ZAF,2014-10,shared,aircraft_movements,domestic,arrival,11845,aircraft movements,FY14/15
ZAF,2014-10,shared,aircraft_movements,domestic,departure,11872,aircraft movements,FY14/15
ZAF,2014-10,shared,aircraft_movements,domestic,total,23717,aircraft movements,FY14/15
ZAF,2015-10,shared,aircraft_movements,domestic,arrival,12441,aircraft movements,FY15/16
ZAF,2015-10,shared,aircraft_movements,domestic,departure,12461,aircraft movements,FY15/16
ZAF,2015-10,shared,aircraft_movements,domestic,total,24902,aircraft movements,FY15/16
ZAF,2016-10,shared,aircraft_movements,domestic,arrival,12283,aircraft movements,FY16/17
ZAF,2016-10,shared,aircraft_movements,domestic,departure,12337,aircraft movements,FY16/17
ZAF,2016-10,shared,aircraft_movements,domestic,total,24620,aircraft movements,FY16/17
ZAF,2017-10,shared,aircraft_movements,domestic,arrival,12150,aircraft movements,FY17/18
ZAF,2017-10,shared,aircraft_movements,domestic,departure,12198,aircraft movements,FY17/18
ZAF,2017-10,shared,aircraft_movements,domestic,total,24348,aircraft movements,FY17/18
ZAF,2018-10,shared,aircraft_movements,domestic,arrival,11958,aircraft movements,FY18/19
ZAF,2018-10,shared,aircraft_movements,domestic,departure,12019,aircraft movements,FY18/19
ZAF,2018-10,shared,aircraft_movements,domestic,total,23977,aircraft movements,FY18/19
ZAF,2019-10,shared,aircraft_movements,domestic,arrival,11737,aircraft movements,FY19/20
ZAF,2019-10,shared,aircraft_movements,domestic,departure,11784,aircraft movements,FY19/20
ZAF,2019-10,shared,aircraft_movements,domestic,total,23521,aircraft movements,FY19/20
ZAF,2020-10,shared,aircraft_movements,domestic,arrival,4850,aircraft movements,FY20/21
ZAF,2020-10,shared,aircraft_movements,domestic,departure,4860,aircraft movements,FY20/21
ZAF,2020-10,shared,aircraft_movements,domestic,total,9710,aircraft movements,FY20/21
ZAF,2021-10,shared,aircraft_movements,domestic,arrival,8239,aircraft movements,FY21/22
ZAF,2021-10,shared,aircraft_movements,domestic,departure,8274,aircraft movements,FY21/22
ZAF,2021-10,shared,aircraft_movements,domestic,total,16513,aircraft movements,FY21/22
ZAF,2022-10,shared,aircraft_movements,domestic,arrival,9251,aircraft movements,FY22/23
ZAF,2022-10,shared,aircraft_movements,domestic,departure,9264,aircraft movements,FY22/23
ZAF,2022-10,shared,aircraft_movements,domestic,total,18515,aircraft movements,FY22/23
ZAF,2023-10,shared,aircraft_movements,domestic,arrival,10813,aircraft movements,FY23/24
ZAF,2023-10,shared,aircraft_movements,domestic,departure,10842,aircraft movements,FY23/24
ZAF,2023-10,shared,aircraft_movements,domestic,total,21655,aircraft movements,FY23/24
ZAF,2024-10,shared,aircraft_movements,domestic,arrival,10120,aircraft movements,FY24/25
ZAF,2024-10,shared,aircraft_movements,domestic,departure,10157,aircraft movements,FY24/25
ZAF,2024-10,shared,aircraft_movements,domestic,total,20277,aircraft movements,FY24/25
ZAF,2025-10,shared,aircraft_movements,domestic,arrival,11135,aircraft movements,FY25/26
ZAF,2025-10,shared,aircraft_movements,domestic,departure,11169,aircraft movements,FY25/26
ZAF,2025-10,shared,aircraft_movements,domestic,total,22304,aircraft movements,FY25/26
ZAF,2012-11,shared,aircraft_movements,domestic,arrival,10218,aircraft movements,FY12/13
ZAF,2012-11,shared,aircraft_movements,domestic,departure,10231,aircraft movements,FY12/13
ZAF,2012-11,shared,aircraft_movements,domestic,total,20449,aircraft movements,FY12/13
ZAF,2013-11,shared,aircraft_movements,domestic,arrival,10686,aircraft movements,FY13/14
ZAF,2013-11,shared,aircraft_movements,domestic,departure,10693,aircraft movements,FY13/14
ZAF,2013-11,shared,aircraft_movements,domestic,total,21379,aircraft movements,FY13/14
ZAF,2014-11,shared,aircraft_movements,domestic,arrival,11148,aircraft movements,FY14/15
ZAF,2014-11,shared,aircraft_movements,domestic,departure,11171,aircraft movements,FY14/15
ZAF,2014-11,shared,aircraft_movements,domestic,total,22319,aircraft movements,FY14/15
ZAF,2015-11,shared,aircraft_movements,domestic,arrival,12260,aircraft movements,FY15/16
ZAF,2015-11,shared,aircraft_movements,domestic,departure,12286,aircraft movements,FY15/16
ZAF,2015-11,shared,aircraft_movements,domestic,total,24546,aircraft movements,FY15/16
ZAF,2016-11,shared,aircraft_movements,domestic,arrival,12075,aircraft movements,FY16/17
ZAF,2016-11,shared,aircraft_movements,domestic,departure,12100,aircraft movements,FY16/17
ZAF,2016-11,shared,aircraft_movements,domestic,total,24175,aircraft movements,FY16/17
ZAF,2017-11,shared,aircraft_movements,domestic,arrival,11748,aircraft movements,FY17/18
ZAF,2017-11,shared,aircraft_movements,domestic,departure,11807,aircraft movements,FY17/18
ZAF,2017-11,shared,aircraft_movements,domestic,total,23555,aircraft movements,FY17/18
ZAF,2018-11,shared,aircraft_movements,domestic,arrival,11665,aircraft movements,FY18/19
ZAF,2018-11,shared,aircraft_movements,domestic,departure,11722,aircraft movements,FY18/19
ZAF,2018-11,shared,aircraft_movements,domestic,total,23387,aircraft movements,FY18/19
ZAF,2019-11,shared,aircraft_movements,domestic,arrival,11140,aircraft movements,FY19/20
ZAF,2019-11,shared,aircraft_movements,domestic,departure,11185,aircraft movements,FY19/20
ZAF,2019-11,shared,aircraft_movements,domestic,total,22325,aircraft movements,FY19/20
ZAF,2020-11,shared,aircraft_movements,domestic,arrival,5643,aircraft movements,FY20/21
ZAF,2020-11,shared,aircraft_movements,domestic,departure,5668,aircraft movements,FY20/21
ZAF,2020-11,shared,aircraft_movements,domestic,total,11311,aircraft movements,FY20/21
ZAF,2021-11,shared,aircraft_movements,domestic,arrival,8211,aircraft movements,FY21/22
ZAF,2021-11,shared,aircraft_movements,domestic,departure,8247,aircraft movements,FY21/22
ZAF,2021-11,shared,aircraft_movements,domestic,total,16458,aircraft movements,FY21/22
ZAF,2022-11,shared,aircraft_movements,domestic,arrival,9349,aircraft movements,FY22/23
ZAF,2022-11,shared,aircraft_movements,domestic,departure,9373,aircraft movements,FY22/23
ZAF,2022-11,shared,aircraft_movements,domestic,total,18722,aircraft movements,FY22/23
ZAF,2023-11,shared,aircraft_movements,domestic,arrival,10254,aircraft movements,FY23/24
ZAF,2023-11,shared,aircraft_movements,domestic,departure,10281,aircraft movements,FY23/24
ZAF,2023-11,shared,aircraft_movements,domestic,total,20535,aircraft movements,FY23/24
ZAF,2024-11,shared,aircraft_movements,domestic,arrival,10064,aircraft movements,FY24/25
ZAF,2024-11,shared,aircraft_movements,domestic,departure,10097,aircraft movements,FY24/25
ZAF,2024-11,shared,aircraft_movements,domestic,total,20161,aircraft movements,FY24/25
ZAF,2025-11,shared,aircraft_movements,domestic,arrival,9920,aircraft movements,FY25/26
ZAF,2025-11,shared,aircraft_movements,domestic,departure,9947,aircraft movements,FY25/26
ZAF,2025-11,shared,aircraft_movements,domestic,total,19867,aircraft movements,FY25/26
ZAF,2012-12,shared,aircraft_movements,domestic,arrival,9991,aircraft movements,FY12/13
ZAF,2012-12,shared,aircraft_movements,domestic,departure,9966,aircraft movements,FY12/13
ZAF,2012-12,shared,aircraft_movements,domestic,total,19957,aircraft movements,FY12/13
ZAF,2013-12,shared,aircraft_movements,domestic,arrival,10363,aircraft movements,FY13/14
ZAF,2013-12,shared,aircraft_movements,domestic,departure,10353,aircraft movements,FY13/14
ZAF,2013-12,shared,aircraft_movements,domestic,total,20716,aircraft movements,FY13/14
ZAF,2014-12,shared,aircraft_movements,domestic,arrival,10729,aircraft movements,FY14/15
ZAF,2014-12,shared,aircraft_movements,domestic,departure,10754,aircraft movements,FY14/15
ZAF,2014-12,shared,aircraft_movements,domestic,total,21483,aircraft movements,FY14/15
ZAF,2015-12,shared,aircraft_movements,domestic,arrival,11808,aircraft movements,FY15/16
ZAF,2015-12,shared,aircraft_movements,domestic,departure,11824,aircraft movements,FY15/16
ZAF,2015-12,shared,aircraft_movements,domestic,total,23632,aircraft movements,FY15/16
ZAF,2016-12,shared,aircraft_movements,domestic,arrival,11601,aircraft movements,FY16/17
ZAF,2016-12,shared,aircraft_movements,domestic,departure,11641,aircraft movements,FY16/17
ZAF,2016-12,shared,aircraft_movements,domestic,total,23242,aircraft movements,FY16/17
ZAF,2017-12,shared,aircraft_movements,domestic,arrival,11695,aircraft movements,FY17/18
ZAF,2017-12,shared,aircraft_movements,domestic,departure,11750,aircraft movements,FY17/18
ZAF,2017-12,shared,aircraft_movements,domestic,total,23445,aircraft movements,FY17/18
ZAF,2018-12,shared,aircraft_movements,domestic,arrival,11103,aircraft movements,FY18/19
ZAF,2018-12,shared,aircraft_movements,domestic,departure,11128,aircraft movements,FY18/19
ZAF,2018-12,shared,aircraft_movements,domestic,total,22231,aircraft movements,FY18/19
ZAF,2019-12,shared,aircraft_movements,domestic,arrival,11628,aircraft movements,FY19/20
ZAF,2019-12,shared,aircraft_movements,domestic,departure,11702,aircraft movements,FY19/20
ZAF,2019-12,shared,aircraft_movements,domestic,total,23330,aircraft movements,FY19/20
ZAF,2020-12,shared,aircraft_movements,domestic,arrival,7706,aircraft movements,FY20/21
ZAF,2020-12,shared,aircraft_movements,domestic,departure,7721,aircraft movements,FY20/21
ZAF,2020-12,shared,aircraft_movements,domestic,total,15427,aircraft movements,FY20/21
ZAF,2021-12,shared,aircraft_movements,domestic,arrival,9074,aircraft movements,FY21/22
ZAF,2021-12,shared,aircraft_movements,domestic,departure,9101,aircraft movements,FY21/22
ZAF,2021-12,shared,aircraft_movements,domestic,total,18175,aircraft movements,FY21/22
ZAF,2022-12,shared,aircraft_movements,domestic,arrival,9564,aircraft movements,FY22/23
ZAF,2022-12,shared,aircraft_movements,domestic,departure,9582,aircraft movements,FY22/23
ZAF,2022-12,shared,aircraft_movements,domestic,total,19146,aircraft movements,FY22/23
ZAF,2023-12,shared,aircraft_movements,domestic,arrival,11161,aircraft movements,FY23/24
ZAF,2023-12,shared,aircraft_movements,domestic,departure,11183,aircraft movements,FY23/24
ZAF,2023-12,shared,aircraft_movements,domestic,total,22344,aircraft movements,FY23/24
ZAF,2024-12,shared,aircraft_movements,domestic,arrival,11086,aircraft movements,FY24/25
ZAF,2024-12,shared,aircraft_movements,domestic,departure,11113,aircraft movements,FY24/25
ZAF,2024-12,shared,aircraft_movements,domestic,total,22199,aircraft movements,FY24/25
ZAF,2025-12,shared,aircraft_movements,domestic,arrival,11387,aircraft movements,FY25/26
ZAF,2025-12,shared,aircraft_movements,domestic,departure,11410,aircraft movements,FY25/26
ZAF,2025-12,shared,aircraft_movements,domestic,total,22797,aircraft movements,FY25/26
ZAF,2013-01,shared,aircraft_movements,domestic,arrival,9965,aircraft movements,FY12/13
ZAF,2013-01,shared,aircraft_movements,domestic,departure,9988,aircraft movements,FY12/13
ZAF,2013-01,shared,aircraft_movements,domestic,total,19953,aircraft movements,FY12/13
ZAF,2014-01,shared,aircraft_movements,domestic,arrival,10724,aircraft movements,FY13/14
ZAF,2014-01,shared,aircraft_movements,domestic,departure,10751,aircraft movements,FY13/14
ZAF,2014-01,shared,aircraft_movements,domestic,total,21475,aircraft movements,FY13/14
ZAF,2015-01,shared,aircraft_movements,domestic,arrival,10747,aircraft movements,FY14/15
ZAF,2015-01,shared,aircraft_movements,domestic,departure,10773,aircraft movements,FY14/15
ZAF,2015-01,shared,aircraft_movements,domestic,total,21520,aircraft movements,FY14/15
ZAF,2016-01,shared,aircraft_movements,domestic,arrival,11674,aircraft movements,FY15/16
ZAF,2016-01,shared,aircraft_movements,domestic,departure,11643,aircraft movements,FY15/16
ZAF,2016-01,shared,aircraft_movements,domestic,total,23317,aircraft movements,FY15/16
ZAF,2017-01,shared,aircraft_movements,domestic,arrival,11486,aircraft movements,FY16/17
ZAF,2017-01,shared,aircraft_movements,domestic,departure,11522,aircraft movements,FY16/17
ZAF,2017-01,shared,aircraft_movements,domestic,total,23008,aircraft movements,FY16/17
ZAF,2018-01,shared,aircraft_movements,domestic,arrival,11783,aircraft movements,FY17/18
ZAF,2018-01,shared,aircraft_movements,domestic,departure,11830,aircraft movements,FY17/18
ZAF,2018-01,shared,aircraft_movements,domestic,total,23613,aircraft movements,FY17/18
ZAF,2019-01,shared,aircraft_movements,domestic,arrival,11109,aircraft movements,FY18/19
ZAF,2019-01,shared,aircraft_movements,domestic,departure,11161,aircraft movements,FY18/19
ZAF,2019-01,shared,aircraft_movements,domestic,total,22270,aircraft movements,FY18/19
ZAF,2020-01,shared,aircraft_movements,domestic,arrival,11195,aircraft movements,FY19/20
ZAF,2020-01,shared,aircraft_movements,domestic,departure,11231,aircraft movements,FY19/20
ZAF,2020-01,shared,aircraft_movements,domestic,total,22426,aircraft movements,FY19/20
ZAF,2021-01,shared,aircraft_movements,domestic,arrival,5496,aircraft movements,FY20/21
ZAF,2021-01,shared,aircraft_movements,domestic,departure,5506,aircraft movements,FY20/21
ZAF,2021-01,shared,aircraft_movements,domestic,total,11002,aircraft movements,FY20/21
ZAF,2022-01,shared,aircraft_movements,domestic,arrival,8389,aircraft movements,FY21/22
ZAF,2022-01,shared,aircraft_movements,domestic,departure,8406,aircraft movements,FY21/22
ZAF,2022-01,shared,aircraft_movements,domestic,total,16795,aircraft movements,FY21/22
ZAF,2023-01,shared,aircraft_movements,domestic,arrival,9209,aircraft movements,FY22/23
ZAF,2023-01,shared,aircraft_movements,domestic,departure,9239,aircraft movements,FY22/23
ZAF,2023-01,shared,aircraft_movements,domestic,total,18448,aircraft movements,FY22/23
ZAF,2024-01,shared,aircraft_movements,domestic,arrival,10313,aircraft movements,FY23/24
ZAF,2024-01,shared,aircraft_movements,domestic,departure,10335,aircraft movements,FY23/24
ZAF,2024-01,shared,aircraft_movements,domestic,total,20648,aircraft movements,FY23/24
ZAF,2025-01,shared,aircraft_movements,domestic,arrival,10152,aircraft movements,FY24/25
ZAF,2025-01,shared,aircraft_movements,domestic,departure,10191,aircraft movements,FY24/25
ZAF,2025-01,shared,aircraft_movements,domestic,total,20343,aircraft movements,FY24/25
ZAF,2026-01,shared,aircraft_movements,domestic,arrival,10669,aircraft movements,FY25/26
ZAF,2026-01,shared,aircraft_movements,domestic,departure,10698,aircraft movements,FY25/26
ZAF,2026-01,shared,aircraft_movements,domestic,total,21367,aircraft movements,FY25/26
ZAF,2013-02,shared,aircraft_movements,domestic,arrival,9411,aircraft movements,FY12/13
ZAF,2013-02,shared,aircraft_movements,domestic,departure,9429,aircraft movements,FY12/13
ZAF,2013-02,shared,aircraft_movements,domestic,total,18840,aircraft movements,FY12/13
ZAF,2014-02,shared,aircraft_movements,domestic,arrival,10218,aircraft movements,FY13/14
ZAF,2014-02,shared,aircraft_movements,domestic,departure,10239,aircraft movements,FY13/14
ZAF,2014-02,shared,aircraft_movements,domestic,total,20457,aircraft movements,FY13/14
ZAF,2015-02,shared,aircraft_movements,domestic,arrival,10561,aircraft movements,FY14/15
ZAF,2015-02,shared,aircraft_movements,domestic,departure,10582,aircraft movements,FY14/15
ZAF,2015-02,shared,aircraft_movements,domestic,total,21143,aircraft movements,FY14/15
ZAF,2016-02,shared,aircraft_movements,domestic,arrival,11651,aircraft movements,FY15/16
ZAF,2016-02,shared,aircraft_movements,domestic,departure,11694,aircraft movements,FY15/16
ZAF,2016-02,shared,aircraft_movements,domestic,total,23345,aircraft movements,FY15/16
ZAF,2017-02,shared,aircraft_movements,domestic,arrival,11086,aircraft movements,FY16/17
ZAF,2017-02,shared,aircraft_movements,domestic,departure,11127,aircraft movements,FY16/17
ZAF,2017-02,shared,aircraft_movements,domestic,total,22213,aircraft movements,FY16/17
ZAF,2018-02,shared,aircraft_movements,domestic,arrival,10539,aircraft movements,FY17/18
ZAF,2018-02,shared,aircraft_movements,domestic,departure,10576,aircraft movements,FY17/18
ZAF,2018-02,shared,aircraft_movements,domestic,total,21115,aircraft movements,FY17/18
ZAF,2019-02,shared,aircraft_movements,domestic,arrival,10454,aircraft movements,FY18/19
ZAF,2019-02,shared,aircraft_movements,domestic,departure,10470,aircraft movements,FY18/19
ZAF,2019-02,shared,aircraft_movements,domestic,total,20924,aircraft movements,FY18/19
ZAF,2020-02,shared,aircraft_movements,domestic,arrival,10524,aircraft movements,FY19/20
ZAF,2020-02,shared,aircraft_movements,domestic,departure,10536,aircraft movements,FY19/20
ZAF,2020-02,shared,aircraft_movements,domestic,total,21060,aircraft movements,FY19/20
ZAF,2021-02,shared,aircraft_movements,domestic,arrival,4785,aircraft movements,FY20/21
ZAF,2021-02,shared,aircraft_movements,domestic,departure,4788,aircraft movements,FY20/21
ZAF,2021-02,shared,aircraft_movements,domestic,total,9573,aircraft movements,FY20/21
ZAF,2022-02,shared,aircraft_movements,domestic,arrival,8237,aircraft movements,FY21/22
ZAF,2022-02,shared,aircraft_movements,domestic,departure,8251,aircraft movements,FY21/22
ZAF,2022-02,shared,aircraft_movements,domestic,total,16488,aircraft movements,FY21/22
ZAF,2023-02,shared,aircraft_movements,domestic,arrival,8731,aircraft movements,FY22/23
ZAF,2023-02,shared,aircraft_movements,domestic,departure,8748,aircraft movements,FY22/23
ZAF,2023-02,shared,aircraft_movements,domestic,total,17479,aircraft movements,FY22/23
ZAF,2024-02,shared,aircraft_movements,domestic,arrival,9605,aircraft movements,FY23/24
ZAF,2024-02,shared,aircraft_movements,domestic,departure,9609,aircraft movements,FY23/24
ZAF,2024-02,shared,aircraft_movements,domestic,total,19214,aircraft movements,FY23/24
ZAF,2025-02,shared,aircraft_movements,domestic,arrival,9378,aircraft movements,FY24/25
ZAF,2025-02,shared,aircraft_movements,domestic,departure,9404,aircraft movements,FY24/25
ZAF,2025-02,shared,aircraft_movements,domestic,total,18782,aircraft movements,FY24/25
ZAF,2026-02,shared,aircraft_movements,domestic,arrival,9995,aircraft movements,FY25/26
ZAF,2026-02,shared,aircraft_movements,domestic,departure,10001,aircraft movements,FY25/26
ZAF,2026-02,shared,aircraft_movements,domestic,total,19996,aircraft movements,FY25/26
ZAF,2013-03,shared,aircraft_movements,domestic,arrival,10404,aircraft movements,FY12/13
ZAF,2013-03,shared,aircraft_movements,domestic,departure,10415,aircraft movements,FY12/13
ZAF,2013-03,shared,aircraft_movements,domestic,total,20819,aircraft movements,FY12/13
ZAF,2014-03,shared,aircraft_movements,domestic,arrival,11096,aircraft movements,FY13/14
ZAF,2014-03,shared,aircraft_movements,domestic,departure,11116,aircraft movements,FY13/14
ZAF,2014-03,shared,aircraft_movements,domestic,total,22212,aircraft movements,FY13/14
ZAF,2015-03,shared,aircraft_movements,domestic,arrival,12146,aircraft movements,FY14/15
ZAF,2015-03,shared,aircraft_movements,domestic,departure,12159,aircraft movements,FY14/15
ZAF,2015-03,shared,aircraft_movements,domestic,total,24305,aircraft movements,FY14/15
ZAF,2016-03,shared,aircraft_movements,domestic,arrival,12437,aircraft movements,FY15/16
ZAF,2016-03,shared,aircraft_movements,domestic,departure,12477,aircraft movements,FY15/16
ZAF,2016-03,shared,aircraft_movements,domestic,total,24914,aircraft movements,FY15/16
ZAF,2017-03,shared,aircraft_movements,domestic,arrival,12249,aircraft movements,FY16/17
ZAF,2017-03,shared,aircraft_movements,domestic,departure,12288,aircraft movements,FY16/17
ZAF,2017-03,shared,aircraft_movements,domestic,total,24537,aircraft movements,FY16/17
ZAF,2018-03,shared,aircraft_movements,domestic,arrival,11813,aircraft movements,FY17/18
ZAF,2018-03,shared,aircraft_movements,domestic,departure,11856,aircraft movements,FY17/18
ZAF,2018-03,shared,aircraft_movements,domestic,total,23669,aircraft movements,FY17/18
ZAF,2019-03,shared,aircraft_movements,domestic,arrival,11735,aircraft movements,FY18/19
ZAF,2019-03,shared,aircraft_movements,domestic,departure,11767,aircraft movements,FY18/19
ZAF,2019-03,shared,aircraft_movements,domestic,total,23502,aircraft movements,FY18/19
ZAF,2020-03,shared,aircraft_movements,domestic,arrival,7665,aircraft movements,FY19/20
ZAF,2020-03,shared,aircraft_movements,domestic,departure,7667,aircraft movements,FY19/20
ZAF,2020-03,shared,aircraft_movements,domestic,total,15332,aircraft movements,FY19/20
ZAF,2021-03,shared,aircraft_movements,domestic,arrival,7151,aircraft movements,FY20/21
ZAF,2021-03,shared,aircraft_movements,domestic,departure,7156,aircraft movements,FY20/21
ZAF,2021-03,shared,aircraft_movements,domestic,total,14307,aircraft movements,FY20/21
ZAF,2022-03,shared,aircraft_movements,domestic,arrival,9553,aircraft movements,FY21/22
ZAF,2022-03,shared,aircraft_movements,domestic,departure,9566,aircraft movements,FY21/22
ZAF,2022-03,shared,aircraft_movements,domestic,total,19119,aircraft movements,FY21/22
ZAF,2023-03,shared,aircraft_movements,domestic,arrival,10045,aircraft movements,FY22/23
ZAF,2023-03,shared,aircraft_movements,domestic,departure,10080,aircraft movements,FY22/23
ZAF,2023-03,shared,aircraft_movements,domestic,total,20125,aircraft movements,FY22/23
ZAF,2024-03,shared,aircraft_movements,domestic,arrival,10482,aircraft movements,FY23/24
ZAF,2024-03,shared,aircraft_movements,domestic,departure,10492,aircraft movements,FY23/24
ZAF,2024-03,shared,aircraft_movements,domestic,total,20974,aircraft movements,FY23/24
ZAF,2025-03,shared,aircraft_movements,domestic,arrival,10488,aircraft movements,FY24/25
ZAF,2025-03,shared,aircraft_movements,domestic,departure,10512,aircraft movements,FY24/25
ZAF,2025-03,shared,aircraft_movements,domestic,total,21000,aircraft movements,FY24/25
ZAF,2026-03,shared,aircraft_movements,domestic,arrival,11260,aircraft movements,FY25/26
ZAF,2026-03,shared,aircraft_movements,domestic,departure,11274,aircraft movements,FY25/26
ZAF,2026-03,shared,aircraft_movements,domestic,total,22534,aircraft movements,FY25/26
ZAF,2012-04,shared,aircraft_movements,unscheduled,arrival,7178,aircraft movements,FY12/13
ZAF,2012-04,shared,aircraft_movements,unscheduled,departure,6966,aircraft movements,FY12/13
ZAF,2012-04,shared,aircraft_movements,unscheduled,total,14144,aircraft movements,FY12/13
ZAF,2013-04,shared,aircraft_movements,unscheduled,arrival,9318,aircraft movements,FY13/14
ZAF,2013-04,shared,aircraft_movements,unscheduled,departure,9456,aircraft movements,FY13/14
ZAF,2013-04,shared,aircraft_movements,unscheduled,total,18774,aircraft movements,FY13/14
ZAF,2014-04,shared,aircraft_movements,unscheduled,arrival,7923,aircraft movements,FY14/15
ZAF,2014-04,shared,aircraft_movements,unscheduled,departure,7983,aircraft movements,FY14/15
ZAF,2014-04,shared,aircraft_movements,unscheduled,total,15906,aircraft movements,FY14/15
ZAF,2015-04,shared,aircraft_movements,unscheduled,arrival,7966,aircraft movements,FY15/16
ZAF,2015-04,shared,aircraft_movements,unscheduled,departure,7766,aircraft movements,FY15/16
ZAF,2015-04,shared,aircraft_movements,unscheduled,total,15732,aircraft movements,FY15/16
ZAF,2016-04,shared,aircraft_movements,unscheduled,arrival,8399,aircraft movements,FY16/17
ZAF,2016-04,shared,aircraft_movements,unscheduled,departure,8262,aircraft movements,FY16/17
ZAF,2016-04,shared,aircraft_movements,unscheduled,total,16661,aircraft movements,FY16/17
ZAF,2017-04,shared,aircraft_movements,unscheduled,arrival,6721,aircraft movements,FY17/18
ZAF,2017-04,shared,aircraft_movements,unscheduled,departure,6265,aircraft movements,FY17/18
ZAF,2017-04,shared,aircraft_movements,unscheduled,total,12986,aircraft movements,FY17/18
ZAF,2018-04,shared,aircraft_movements,unscheduled,arrival,6102,aircraft movements,FY18/19
ZAF,2018-04,shared,aircraft_movements,unscheduled,departure,6017,aircraft movements,FY18/19
ZAF,2018-04,shared,aircraft_movements,unscheduled,total,12119,aircraft movements,FY18/19
ZAF,2019-04,shared,aircraft_movements,unscheduled,arrival,5899,aircraft movements,FY19/20
ZAF,2019-04,shared,aircraft_movements,unscheduled,departure,5859,aircraft movements,FY19/20
ZAF,2019-04,shared,aircraft_movements,unscheduled,total,11758,aircraft movements,FY19/20
ZAF,2020-04,shared,aircraft_movements,unscheduled,arrival,572,aircraft movements,FY20/21
ZAF,2020-04,shared,aircraft_movements,unscheduled,departure,562,aircraft movements,FY20/21
ZAF,2020-04,shared,aircraft_movements,unscheduled,total,1134,aircraft movements,FY20/21
ZAF,2021-04,shared,aircraft_movements,unscheduled,arrival,4615,aircraft movements,FY21/22
ZAF,2021-04,shared,aircraft_movements,unscheduled,departure,4461,aircraft movements,FY21/22
ZAF,2021-04,shared,aircraft_movements,unscheduled,total,9076,aircraft movements,FY21/22
ZAF,2022-04,shared,aircraft_movements,unscheduled,arrival,4794,aircraft movements,FY22/23
ZAF,2022-04,shared,aircraft_movements,unscheduled,departure,4730,aircraft movements,FY22/23
ZAF,2022-04,shared,aircraft_movements,unscheduled,total,9524,aircraft movements,FY22/23
ZAF,2023-04,shared,aircraft_movements,unscheduled,arrival,5219,aircraft movements,FY23/24
ZAF,2023-04,shared,aircraft_movements,unscheduled,departure,5107,aircraft movements,FY23/24
ZAF,2023-04,shared,aircraft_movements,unscheduled,total,10326,aircraft movements,FY23/24
ZAF,2024-04,shared,aircraft_movements,unscheduled,arrival,4518,aircraft movements,FY24/25
ZAF,2024-04,shared,aircraft_movements,unscheduled,departure,4344,aircraft movements,FY24/25
ZAF,2024-04,shared,aircraft_movements,unscheduled,total,8862,aircraft movements,FY24/25
ZAF,2025-04,shared,aircraft_movements,unscheduled,arrival,4489,aircraft movements,FY25/26
ZAF,2025-04,shared,aircraft_movements,unscheduled,departure,4477,aircraft movements,FY25/26
ZAF,2025-04,shared,aircraft_movements,unscheduled,total,8966,aircraft movements,FY25/26
ZAF,2026-04,shared,aircraft_movements,unscheduled,arrival,4753,aircraft movements,FY26/27
ZAF,2026-04,shared,aircraft_movements,unscheduled,departure,4773,aircraft movements,FY26/27
ZAF,2026-04,shared,aircraft_movements,unscheduled,total,9526,aircraft movements,FY26/27
ZAF,2012-05,shared,aircraft_movements,unscheduled,arrival,7631,aircraft movements,FY12/13
ZAF,2012-05,shared,aircraft_movements,unscheduled,departure,7752,aircraft movements,FY12/13
ZAF,2012-05,shared,aircraft_movements,unscheduled,total,15383,aircraft movements,FY12/13
ZAF,2013-05,shared,aircraft_movements,unscheduled,arrival,7740,aircraft movements,FY13/14
ZAF,2013-05,shared,aircraft_movements,unscheduled,departure,7847,aircraft movements,FY13/14
ZAF,2013-05,shared,aircraft_movements,unscheduled,total,15587,aircraft movements,FY13/14
ZAF,2014-05,shared,aircraft_movements,unscheduled,arrival,7774,aircraft movements,FY14/15
ZAF,2014-05,shared,aircraft_movements,unscheduled,departure,7727,aircraft movements,FY14/15
ZAF,2014-05,shared,aircraft_movements,unscheduled,total,15501,aircraft movements,FY14/15
ZAF,2015-05,shared,aircraft_movements,unscheduled,arrival,8769,aircraft movements,FY15/16
ZAF,2015-05,shared,aircraft_movements,unscheduled,departure,8596,aircraft movements,FY15/16
ZAF,2015-05,shared,aircraft_movements,unscheduled,total,17365,aircraft movements,FY15/16
ZAF,2016-05,shared,aircraft_movements,unscheduled,arrival,8591,aircraft movements,FY16/17
ZAF,2016-05,shared,aircraft_movements,unscheduled,departure,8469,aircraft movements,FY16/17
ZAF,2016-05,shared,aircraft_movements,unscheduled,total,17060,aircraft movements,FY16/17
ZAF,2017-05,shared,aircraft_movements,unscheduled,arrival,6919,aircraft movements,FY17/18
ZAF,2017-05,shared,aircraft_movements,unscheduled,departure,6391,aircraft movements,FY17/18
ZAF,2017-05,shared,aircraft_movements,unscheduled,total,13310,aircraft movements,FY17/18
ZAF,2018-05,shared,aircraft_movements,unscheduled,arrival,7497,aircraft movements,FY18/19
ZAF,2018-05,shared,aircraft_movements,unscheduled,departure,7440,aircraft movements,FY18/19
ZAF,2018-05,shared,aircraft_movements,unscheduled,total,14937,aircraft movements,FY18/19
ZAF,2019-05,shared,aircraft_movements,unscheduled,arrival,6679,aircraft movements,FY19/20
ZAF,2019-05,shared,aircraft_movements,unscheduled,departure,6664,aircraft movements,FY19/20
ZAF,2019-05,shared,aircraft_movements,unscheduled,total,13343,aircraft movements,FY19/20
ZAF,2020-05,shared,aircraft_movements,unscheduled,arrival,873,aircraft movements,FY20/21
ZAF,2020-05,shared,aircraft_movements,unscheduled,departure,894,aircraft movements,FY20/21
ZAF,2020-05,shared,aircraft_movements,unscheduled,total,1767,aircraft movements,FY20/21
ZAF,2021-05,shared,aircraft_movements,unscheduled,arrival,4678,aircraft movements,FY21/22
ZAF,2021-05,shared,aircraft_movements,unscheduled,departure,4544,aircraft movements,FY21/22
ZAF,2021-05,shared,aircraft_movements,unscheduled,total,9222,aircraft movements,FY21/22
ZAF,2022-05,shared,aircraft_movements,unscheduled,arrival,5805,aircraft movements,FY22/23
ZAF,2022-05,shared,aircraft_movements,unscheduled,departure,5676,aircraft movements,FY22/23
ZAF,2022-05,shared,aircraft_movements,unscheduled,total,11481,aircraft movements,FY22/23
ZAF,2023-05,shared,aircraft_movements,unscheduled,arrival,5299,aircraft movements,FY23/24
ZAF,2023-05,shared,aircraft_movements,unscheduled,departure,5254,aircraft movements,FY23/24
ZAF,2023-05,shared,aircraft_movements,unscheduled,total,10553,aircraft movements,FY23/24
ZAF,2024-05,shared,aircraft_movements,unscheduled,arrival,5738,aircraft movements,FY24/25
ZAF,2024-05,shared,aircraft_movements,unscheduled,departure,5627,aircraft movements,FY24/25
ZAF,2024-05,shared,aircraft_movements,unscheduled,total,11365,aircraft movements,FY24/25
ZAF,2025-05,shared,aircraft_movements,unscheduled,arrival,5067,aircraft movements,FY25/26
ZAF,2025-05,shared,aircraft_movements,unscheduled,departure,5085,aircraft movements,FY25/26
ZAF,2025-05,shared,aircraft_movements,unscheduled,total,10152,aircraft movements,FY25/26
ZAF,2026-05,shared,aircraft_movements,unscheduled,arrival,4269,aircraft movements,FY26/27
ZAF,2026-05,shared,aircraft_movements,unscheduled,departure,4286,aircraft movements,FY26/27
ZAF,2026-05,shared,aircraft_movements,unscheduled,total,8555,aircraft movements,FY26/27
ZAF,2012-06,shared,aircraft_movements,unscheduled,arrival,6458,aircraft movements,FY12/13
ZAF,2012-06,shared,aircraft_movements,unscheduled,departure,6073,aircraft movements,FY12/13
ZAF,2012-06,shared,aircraft_movements,unscheduled,total,12531,aircraft movements,FY12/13
ZAF,2013-06,shared,aircraft_movements,unscheduled,arrival,6785,aircraft movements,FY13/14
ZAF,2013-06,shared,aircraft_movements,unscheduled,departure,6912,aircraft movements,FY13/14
ZAF,2013-06,shared,aircraft_movements,unscheduled,total,13697,aircraft movements,FY13/14
ZAF,2014-06,shared,aircraft_movements,unscheduled,arrival,7418,aircraft movements,FY14/15
ZAF,2014-06,shared,aircraft_movements,unscheduled,departure,7361,aircraft movements,FY14/15
ZAF,2014-06,shared,aircraft_movements,unscheduled,total,14779,aircraft movements,FY14/15
ZAF,2015-06,shared,aircraft_movements,unscheduled,arrival,8059,aircraft movements,FY15/16
ZAF,2015-06,shared,aircraft_movements,unscheduled,departure,7928,aircraft movements,FY15/16
ZAF,2015-06,shared,aircraft_movements,unscheduled,total,15987,aircraft movements,FY15/16
ZAF,2016-06,shared,aircraft_movements,unscheduled,arrival,7089,aircraft movements,FY16/17
ZAF,2016-06,shared,aircraft_movements,unscheduled,departure,7048,aircraft movements,FY16/17
ZAF,2016-06,shared,aircraft_movements,unscheduled,total,14137,aircraft movements,FY16/17
ZAF,2017-06,shared,aircraft_movements,unscheduled,arrival,6109,aircraft movements,FY17/18
ZAF,2017-06,shared,aircraft_movements,unscheduled,departure,5723,aircraft movements,FY17/18
ZAF,2017-06,shared,aircraft_movements,unscheduled,total,11832,aircraft movements,FY17/18
ZAF,2018-06,shared,aircraft_movements,unscheduled,arrival,6448,aircraft movements,FY18/19
ZAF,2018-06,shared,aircraft_movements,unscheduled,departure,6355,aircraft movements,FY18/19
ZAF,2018-06,shared,aircraft_movements,unscheduled,total,12803,aircraft movements,FY18/19
ZAF,2019-06,shared,aircraft_movements,unscheduled,arrival,6109,aircraft movements,FY19/20
ZAF,2019-06,shared,aircraft_movements,unscheduled,departure,6091,aircraft movements,FY19/20
ZAF,2019-06,shared,aircraft_movements,unscheduled,total,12200,aircraft movements,FY19/20
ZAF,2020-06,shared,aircraft_movements,unscheduled,arrival,3543,aircraft movements,FY20/21
ZAF,2020-06,shared,aircraft_movements,unscheduled,departure,3534,aircraft movements,FY20/21
ZAF,2020-06,shared,aircraft_movements,unscheduled,total,7077,aircraft movements,FY20/21
ZAF,2021-06,shared,aircraft_movements,unscheduled,arrival,4736,aircraft movements,FY21/22
ZAF,2021-06,shared,aircraft_movements,unscheduled,departure,4680,aircraft movements,FY21/22
ZAF,2021-06,shared,aircraft_movements,unscheduled,total,9416,aircraft movements,FY21/22
ZAF,2022-06,shared,aircraft_movements,unscheduled,arrival,5166,aircraft movements,FY22/23
ZAF,2022-06,shared,aircraft_movements,unscheduled,departure,5053,aircraft movements,FY22/23
ZAF,2022-06,shared,aircraft_movements,unscheduled,total,10219,aircraft movements,FY22/23
ZAF,2023-06,shared,aircraft_movements,unscheduled,arrival,4407,aircraft movements,FY23/24
ZAF,2023-06,shared,aircraft_movements,unscheduled,departure,4385,aircraft movements,FY23/24
ZAF,2023-06,shared,aircraft_movements,unscheduled,total,8792,aircraft movements,FY23/24
ZAF,2024-06,shared,aircraft_movements,unscheduled,arrival,4859,aircraft movements,FY24/25
ZAF,2024-06,shared,aircraft_movements,unscheduled,departure,4803,aircraft movements,FY24/25
ZAF,2024-06,shared,aircraft_movements,unscheduled,total,9662,aircraft movements,FY24/25
ZAF,2025-06,shared,aircraft_movements,unscheduled,arrival,4315,aircraft movements,FY25/26
ZAF,2025-06,shared,aircraft_movements,unscheduled,departure,4287,aircraft movements,FY25/26
ZAF,2025-06,shared,aircraft_movements,unscheduled,total,8602,aircraft movements,FY25/26
ZAF,2026-06,shared,aircraft_movements,unscheduled,arrival,4877,aircraft movements,FY26/27
ZAF,2026-06,shared,aircraft_movements,unscheduled,departure,4877,aircraft movements,FY26/27
ZAF,2026-06,shared,aircraft_movements,unscheduled,total,9754,aircraft movements,FY26/27
ZAF,2012-07,shared,aircraft_movements,unscheduled,arrival,6445,aircraft movements,FY12/13
ZAF,2012-07,shared,aircraft_movements,unscheduled,departure,6585,aircraft movements,FY12/13
ZAF,2012-07,shared,aircraft_movements,unscheduled,total,13030,aircraft movements,FY12/13
ZAF,2013-07,shared,aircraft_movements,unscheduled,arrival,6826,aircraft movements,FY13/14
ZAF,2013-07,shared,aircraft_movements,unscheduled,departure,6961,aircraft movements,FY13/14
ZAF,2013-07,shared,aircraft_movements,unscheduled,total,13787,aircraft movements,FY13/14
ZAF,2014-07,shared,aircraft_movements,unscheduled,arrival,8221,aircraft movements,FY14/15
ZAF,2014-07,shared,aircraft_movements,unscheduled,departure,8322,aircraft movements,FY14/15
ZAF,2014-07,shared,aircraft_movements,unscheduled,total,16543,aircraft movements,FY14/15
ZAF,2015-07,shared,aircraft_movements,unscheduled,arrival,7445,aircraft movements,FY15/16
ZAF,2015-07,shared,aircraft_movements,unscheduled,departure,7336,aircraft movements,FY15/16
ZAF,2015-07,shared,aircraft_movements,unscheduled,total,14781,aircraft movements,FY15/16
ZAF,2016-07,shared,aircraft_movements,unscheduled,arrival,7762,aircraft movements,FY16/17
ZAF,2016-07,shared,aircraft_movements,unscheduled,departure,7655,aircraft movements,FY16/17
ZAF,2016-07,shared,aircraft_movements,unscheduled,total,15417,aircraft movements,FY16/17
ZAF,2017-07,shared,aircraft_movements,unscheduled,arrival,6524,aircraft movements,FY17/18
ZAF,2017-07,shared,aircraft_movements,unscheduled,departure,6348,aircraft movements,FY17/18
ZAF,2017-07,shared,aircraft_movements,unscheduled,total,12872,aircraft movements,FY17/18
ZAF,2018-07,shared,aircraft_movements,unscheduled,arrival,6773,aircraft movements,FY18/19
ZAF,2018-07,shared,aircraft_movements,unscheduled,departure,6649,aircraft movements,FY18/19
ZAF,2018-07,shared,aircraft_movements,unscheduled,total,13422,aircraft movements,FY18/19
ZAF,2019-07,shared,aircraft_movements,unscheduled,arrival,6386,aircraft movements,FY19/20
ZAF,2019-07,shared,aircraft_movements,unscheduled,departure,6328,aircraft movements,FY19/20
ZAF,2019-07,shared,aircraft_movements,unscheduled,total,12714,aircraft movements,FY19/20
ZAF,2020-07,shared,aircraft_movements,unscheduled,arrival,4192,aircraft movements,FY20/21
ZAF,2020-07,shared,aircraft_movements,unscheduled,departure,4186,aircraft movements,FY20/21
ZAF,2020-07,shared,aircraft_movements,unscheduled,total,8378,aircraft movements,FY20/21
ZAF,2021-07,shared,aircraft_movements,unscheduled,arrival,4329,aircraft movements,FY21/22
ZAF,2021-07,shared,aircraft_movements,unscheduled,departure,4243,aircraft movements,FY21/22
ZAF,2021-07,shared,aircraft_movements,unscheduled,total,8572,aircraft movements,FY21/22
ZAF,2022-07,shared,aircraft_movements,unscheduled,arrival,5116,aircraft movements,FY22/23
ZAF,2022-07,shared,aircraft_movements,unscheduled,departure,5052,aircraft movements,FY22/23
ZAF,2022-07,shared,aircraft_movements,unscheduled,total,10168,aircraft movements,FY22/23
ZAF,2023-07,shared,aircraft_movements,unscheduled,arrival,5093,aircraft movements,FY23/24
ZAF,2023-07,shared,aircraft_movements,unscheduled,departure,5077,aircraft movements,FY23/24
ZAF,2023-07,shared,aircraft_movements,unscheduled,total,10170,aircraft movements,FY23/24
ZAF,2024-07,shared,aircraft_movements,unscheduled,arrival,4915,aircraft movements,FY24/25
ZAF,2024-07,shared,aircraft_movements,unscheduled,departure,4863,aircraft movements,FY24/25
ZAF,2024-07,shared,aircraft_movements,unscheduled,total,9778,aircraft movements,FY24/25
ZAF,2025-07,shared,aircraft_movements,unscheduled,arrival,4309,aircraft movements,FY25/26
ZAF,2025-07,shared,aircraft_movements,unscheduled,departure,4316,aircraft movements,FY25/26
ZAF,2025-07,shared,aircraft_movements,unscheduled,total,8625,aircraft movements,FY25/26
ZAF,2026-07,shared,aircraft_movements,unscheduled,arrival,4888,aircraft movements,FY26/27
ZAF,2026-07,shared,aircraft_movements,unscheduled,departure,4932,aircraft movements,FY26/27
ZAF,2026-07,shared,aircraft_movements,unscheduled,total,9820,aircraft movements,FY26/27
ZAF,2012-08,shared,aircraft_movements,unscheduled,arrival,6750,aircraft movements,FY12/13
ZAF,2012-08,shared,aircraft_movements,unscheduled,departure,6473,aircraft movements,FY12/13
ZAF,2012-08,shared,aircraft_movements,unscheduled,total,13223,aircraft movements,FY12/13
ZAF,2013-08,shared,aircraft_movements,unscheduled,arrival,6312,aircraft movements,FY13/14
ZAF,2013-08,shared,aircraft_movements,unscheduled,departure,6310,aircraft movements,FY13/14
ZAF,2013-08,shared,aircraft_movements,unscheduled,total,12622,aircraft movements,FY13/14
ZAF,2014-08,shared,aircraft_movements,unscheduled,arrival,8072,aircraft movements,FY14/15
ZAF,2014-08,shared,aircraft_movements,unscheduled,departure,7937,aircraft movements,FY14/15
ZAF,2014-08,shared,aircraft_movements,unscheduled,total,16009,aircraft movements,FY14/15
ZAF,2015-08,shared,aircraft_movements,unscheduled,arrival,7999,aircraft movements,FY15/16
ZAF,2015-08,shared,aircraft_movements,unscheduled,departure,7501,aircraft movements,FY15/16
ZAF,2015-08,shared,aircraft_movements,unscheduled,total,15500,aircraft movements,FY15/16
ZAF,2016-08,shared,aircraft_movements,unscheduled,arrival,8635,aircraft movements,FY16/17
ZAF,2016-08,shared,aircraft_movements,unscheduled,departure,8549,aircraft movements,FY16/17
ZAF,2016-08,shared,aircraft_movements,unscheduled,total,17184,aircraft movements,FY16/17
ZAF,2017-08,shared,aircraft_movements,unscheduled,arrival,5979,aircraft movements,FY17/18
ZAF,2017-08,shared,aircraft_movements,unscheduled,departure,5819,aircraft movements,FY17/18
ZAF,2017-08,shared,aircraft_movements,unscheduled,total,11798,aircraft movements,FY17/18
ZAF,2018-08,shared,aircraft_movements,unscheduled,arrival,6013,aircraft movements,FY18/19
ZAF,2018-08,shared,aircraft_movements,unscheduled,departure,5998,aircraft movements,FY18/19
ZAF,2018-08,shared,aircraft_movements,unscheduled,total,12011,aircraft movements,FY18/19
ZAF,2019-08,shared,aircraft_movements,unscheduled,arrival,7441,aircraft movements,FY19/20
ZAF,2019-08,shared,aircraft_movements,unscheduled,departure,7412,aircraft movements,FY19/20
ZAF,2019-08,shared,aircraft_movements,unscheduled,total,14853,aircraft movements,FY19/20
ZAF,2020-08,shared,aircraft_movements,unscheduled,arrival,4089,aircraft movements,FY20/21
ZAF,2020-08,shared,aircraft_movements,unscheduled,departure,4139,aircraft movements,FY20/21
ZAF,2020-08,shared,aircraft_movements,unscheduled,total,8228,aircraft movements,FY20/21
ZAF,2021-08,shared,aircraft_movements,unscheduled,arrival,4404,aircraft movements,FY21/22
ZAF,2021-08,shared,aircraft_movements,unscheduled,departure,4401,aircraft movements,FY21/22
ZAF,2021-08,shared,aircraft_movements,unscheduled,total,8805,aircraft movements,FY21/22
ZAF,2022-08,shared,aircraft_movements,unscheduled,arrival,4975,aircraft movements,FY22/23
ZAF,2022-08,shared,aircraft_movements,unscheduled,departure,4934,aircraft movements,FY22/23
ZAF,2022-08,shared,aircraft_movements,unscheduled,total,9909,aircraft movements,FY22/23
ZAF,2023-08,shared,aircraft_movements,unscheduled,arrival,5391,aircraft movements,FY23/24
ZAF,2023-08,shared,aircraft_movements,unscheduled,departure,5366,aircraft movements,FY23/24
ZAF,2023-08,shared,aircraft_movements,unscheduled,total,10757,aircraft movements,FY23/24
ZAF,2024-08,shared,aircraft_movements,unscheduled,arrival,5026,aircraft movements,FY24/25
ZAF,2024-08,shared,aircraft_movements,unscheduled,departure,5006,aircraft movements,FY24/25
ZAF,2024-08,shared,aircraft_movements,unscheduled,total,10032,aircraft movements,FY24/25
ZAF,2025-08,shared,aircraft_movements,unscheduled,arrival,4472,aircraft movements,FY25/26
ZAF,2025-08,shared,aircraft_movements,unscheduled,departure,4493,aircraft movements,FY25/26
ZAF,2025-08,shared,aircraft_movements,unscheduled,total,8965,aircraft movements,FY25/26
ZAF,2026-08,shared,aircraft_movements,unscheduled,arrival,5670,aircraft movements,FY26/27
ZAF,2026-08,shared,aircraft_movements,unscheduled,departure,5685,aircraft movements,FY26/27
ZAF,2026-08,shared,aircraft_movements,unscheduled,total,11355,aircraft movements,FY26/27
ZAF,2012-09,shared,aircraft_movements,unscheduled,arrival,5909,aircraft movements,FY12/13
ZAF,2012-09,shared,aircraft_movements,unscheduled,departure,6029,aircraft movements,FY12/13
ZAF,2012-09,shared,aircraft_movements,unscheduled,total,11938,aircraft movements,FY12/13
ZAF,2013-09,shared,aircraft_movements,unscheduled,arrival,6275,aircraft movements,FY13/14
ZAF,2013-09,shared,aircraft_movements,unscheduled,departure,6408,aircraft movements,FY13/14
ZAF,2013-09,shared,aircraft_movements,unscheduled,total,12683,aircraft movements,FY13/14
ZAF,2014-09,shared,aircraft_movements,unscheduled,arrival,7373,aircraft movements,FY14/15
ZAF,2014-09,shared,aircraft_movements,unscheduled,departure,7183,aircraft movements,FY14/15
ZAF,2014-09,shared,aircraft_movements,unscheduled,total,14556,aircraft movements,FY14/15
ZAF,2015-09,shared,aircraft_movements,unscheduled,arrival,7636,aircraft movements,FY15/16
ZAF,2015-09,shared,aircraft_movements,unscheduled,departure,7494,aircraft movements,FY15/16
ZAF,2015-09,shared,aircraft_movements,unscheduled,total,15130,aircraft movements,FY15/16
ZAF,2016-09,shared,aircraft_movements,unscheduled,arrival,8881,aircraft movements,FY16/17
ZAF,2016-09,shared,aircraft_movements,unscheduled,departure,8781,aircraft movements,FY16/17
ZAF,2016-09,shared,aircraft_movements,unscheduled,total,17662,aircraft movements,FY16/17
ZAF,2017-09,shared,aircraft_movements,unscheduled,arrival,5997,aircraft movements,FY17/18
ZAF,2017-09,shared,aircraft_movements,unscheduled,departure,5861,aircraft movements,FY17/18
ZAF,2017-09,shared,aircraft_movements,unscheduled,total,11858,aircraft movements,FY17/18
ZAF,2018-09,shared,aircraft_movements,unscheduled,arrival,5825,aircraft movements,FY18/19
ZAF,2018-09,shared,aircraft_movements,unscheduled,departure,5739,aircraft movements,FY18/19
ZAF,2018-09,shared,aircraft_movements,unscheduled,total,11564,aircraft movements,FY18/19
ZAF,2019-09,shared,aircraft_movements,unscheduled,arrival,5485,aircraft movements,FY19/20
ZAF,2019-09,shared,aircraft_movements,unscheduled,departure,5423,aircraft movements,FY19/20
ZAF,2019-09,shared,aircraft_movements,unscheduled,total,10908,aircraft movements,FY19/20
ZAF,2020-09,shared,aircraft_movements,unscheduled,arrival,5186,aircraft movements,FY20/21
ZAF,2020-09,shared,aircraft_movements,unscheduled,departure,5228,aircraft movements,FY20/21
ZAF,2020-09,shared,aircraft_movements,unscheduled,total,10414,aircraft movements,FY20/21
ZAF,2021-09,shared,aircraft_movements,unscheduled,arrival,3535,aircraft movements,FY21/22
ZAF,2021-09,shared,aircraft_movements,unscheduled,departure,3513,aircraft movements,FY21/22
ZAF,2021-09,shared,aircraft_movements,unscheduled,total,7048,aircraft movements,FY21/22
ZAF,2022-09,shared,aircraft_movements,unscheduled,arrival,4748,aircraft movements,FY22/23
ZAF,2022-09,shared,aircraft_movements,unscheduled,departure,4665,aircraft movements,FY22/23
ZAF,2022-09,shared,aircraft_movements,unscheduled,total,9413,aircraft movements,FY22/23
ZAF,2023-09,shared,aircraft_movements,unscheduled,arrival,4891,aircraft movements,FY23/24
ZAF,2023-09,shared,aircraft_movements,unscheduled,departure,4905,aircraft movements,FY23/24
ZAF,2023-09,shared,aircraft_movements,unscheduled,total,9796,aircraft movements,FY23/24
ZAF,2024-09,shared,aircraft_movements,unscheduled,arrival,4338,aircraft movements,FY24/25
ZAF,2024-09,shared,aircraft_movements,unscheduled,departure,4337,aircraft movements,FY24/25
ZAF,2024-09,shared,aircraft_movements,unscheduled,total,8675,aircraft movements,FY24/25
ZAF,2025-09,shared,aircraft_movements,unscheduled,arrival,4305,aircraft movements,FY25/26
ZAF,2025-09,shared,aircraft_movements,unscheduled,departure,4332,aircraft movements,FY25/26
ZAF,2025-09,shared,aircraft_movements,unscheduled,total,8637,aircraft movements,FY25/26
ZAF,2012-10,shared,aircraft_movements,unscheduled,arrival,5687,aircraft movements,FY12/13
ZAF,2012-10,shared,aircraft_movements,unscheduled,departure,5819,aircraft movements,FY12/13
ZAF,2012-10,shared,aircraft_movements,unscheduled,total,11506,aircraft movements,FY12/13
ZAF,2013-10,shared,aircraft_movements,unscheduled,arrival,6906,aircraft movements,FY13/14
ZAF,2013-10,shared,aircraft_movements,unscheduled,departure,7012,aircraft movements,FY13/14
ZAF,2013-10,shared,aircraft_movements,unscheduled,total,13918,aircraft movements,FY13/14
ZAF,2014-10,shared,aircraft_movements,unscheduled,arrival,7604,aircraft movements,FY14/15
ZAF,2014-10,shared,aircraft_movements,unscheduled,departure,7443,aircraft movements,FY14/15
ZAF,2014-10,shared,aircraft_movements,unscheduled,total,15047,aircraft movements,FY14/15
ZAF,2015-10,shared,aircraft_movements,unscheduled,arrival,8668,aircraft movements,FY15/16
ZAF,2015-10,shared,aircraft_movements,unscheduled,departure,8590,aircraft movements,FY15/16
ZAF,2015-10,shared,aircraft_movements,unscheduled,total,17258,aircraft movements,FY15/16
ZAF,2016-10,shared,aircraft_movements,unscheduled,arrival,7508,aircraft movements,FY16/17
ZAF,2016-10,shared,aircraft_movements,unscheduled,departure,7396,aircraft movements,FY16/17
ZAF,2016-10,shared,aircraft_movements,unscheduled,total,14904,aircraft movements,FY16/17
ZAF,2017-10,shared,aircraft_movements,unscheduled,arrival,6029,aircraft movements,FY17/18
ZAF,2017-10,shared,aircraft_movements,unscheduled,departure,5891,aircraft movements,FY17/18
ZAF,2017-10,shared,aircraft_movements,unscheduled,total,11920,aircraft movements,FY17/18
ZAF,2018-10,shared,aircraft_movements,unscheduled,arrival,5930,aircraft movements,FY18/19
ZAF,2018-10,shared,aircraft_movements,unscheduled,departure,5808,aircraft movements,FY18/19
ZAF,2018-10,shared,aircraft_movements,unscheduled,total,11738,aircraft movements,FY18/19
ZAF,2019-10,shared,aircraft_movements,unscheduled,arrival,5814,aircraft movements,FY19/20
ZAF,2019-10,shared,aircraft_movements,unscheduled,departure,5781,aircraft movements,FY19/20
ZAF,2019-10,shared,aircraft_movements,unscheduled,total,11595,aircraft movements,FY19/20
ZAF,2020-10,shared,aircraft_movements,unscheduled,arrival,4370,aircraft movements,FY20/21
ZAF,2020-10,shared,aircraft_movements,unscheduled,departure,4330,aircraft movements,FY20/21
ZAF,2020-10,shared,aircraft_movements,unscheduled,total,8700,aircraft movements,FY20/21
ZAF,2021-10,shared,aircraft_movements,unscheduled,arrival,4118,aircraft movements,FY21/22
ZAF,2021-10,shared,aircraft_movements,unscheduled,departure,4042,aircraft movements,FY21/22
ZAF,2021-10,shared,aircraft_movements,unscheduled,total,8160,aircraft movements,FY21/22
ZAF,2022-10,shared,aircraft_movements,unscheduled,arrival,6101,aircraft movements,FY22/23
ZAF,2022-10,shared,aircraft_movements,unscheduled,departure,6021,aircraft movements,FY22/23
ZAF,2022-10,shared,aircraft_movements,unscheduled,total,12122,aircraft movements,FY22/23
ZAF,2023-10,shared,aircraft_movements,unscheduled,arrival,4168,aircraft movements,FY23/24
ZAF,2023-10,shared,aircraft_movements,unscheduled,departure,4133,aircraft movements,FY23/24
ZAF,2023-10,shared,aircraft_movements,unscheduled,total,8301,aircraft movements,FY23/24
ZAF,2024-10,shared,aircraft_movements,unscheduled,arrival,4703,aircraft movements,FY24/25
ZAF,2024-10,shared,aircraft_movements,unscheduled,departure,4647,aircraft movements,FY24/25
ZAF,2024-10,shared,aircraft_movements,unscheduled,total,9350,aircraft movements,FY24/25
ZAF,2025-10,shared,aircraft_movements,unscheduled,arrival,4084,aircraft movements,FY25/26
ZAF,2025-10,shared,aircraft_movements,unscheduled,departure,4053,aircraft movements,FY25/26
ZAF,2025-10,shared,aircraft_movements,unscheduled,total,8137,aircraft movements,FY25/26
ZAF,2012-11,shared,aircraft_movements,unscheduled,arrival,7446,aircraft movements,FY12/13
ZAF,2012-11,shared,aircraft_movements,unscheduled,departure,7536,aircraft movements,FY12/13
ZAF,2012-11,shared,aircraft_movements,unscheduled,total,14982,aircraft movements,FY12/13
ZAF,2013-11,shared,aircraft_movements,unscheduled,arrival,7537,aircraft movements,FY13/14
ZAF,2013-11,shared,aircraft_movements,unscheduled,departure,7615,aircraft movements,FY13/14
ZAF,2013-11,shared,aircraft_movements,unscheduled,total,15152,aircraft movements,FY13/14
ZAF,2014-11,shared,aircraft_movements,unscheduled,arrival,7702,aircraft movements,FY14/15
ZAF,2014-11,shared,aircraft_movements,unscheduled,departure,7635,aircraft movements,FY14/15
ZAF,2014-11,shared,aircraft_movements,unscheduled,total,15337,aircraft movements,FY14/15
ZAF,2015-11,shared,aircraft_movements,unscheduled,arrival,7967,aircraft movements,FY15/16
ZAF,2015-11,shared,aircraft_movements,unscheduled,departure,7863,aircraft movements,FY15/16
ZAF,2015-11,shared,aircraft_movements,unscheduled,total,15830,aircraft movements,FY15/16
ZAF,2016-11,shared,aircraft_movements,unscheduled,arrival,6620,aircraft movements,FY16/17
ZAF,2016-11,shared,aircraft_movements,unscheduled,departure,6421,aircraft movements,FY16/17
ZAF,2016-11,shared,aircraft_movements,unscheduled,total,13041,aircraft movements,FY16/17
ZAF,2017-11,shared,aircraft_movements,unscheduled,arrival,5739,aircraft movements,FY17/18
ZAF,2017-11,shared,aircraft_movements,unscheduled,departure,5635,aircraft movements,FY17/18
ZAF,2017-11,shared,aircraft_movements,unscheduled,total,11374,aircraft movements,FY17/18
ZAF,2018-11,shared,aircraft_movements,unscheduled,arrival,6024,aircraft movements,FY18/19
ZAF,2018-11,shared,aircraft_movements,unscheduled,departure,5878,aircraft movements,FY18/19
ZAF,2018-11,shared,aircraft_movements,unscheduled,total,11902,aircraft movements,FY18/19
ZAF,2019-11,shared,aircraft_movements,unscheduled,arrival,5514,aircraft movements,FY19/20
ZAF,2019-11,shared,aircraft_movements,unscheduled,departure,5379,aircraft movements,FY19/20
ZAF,2019-11,shared,aircraft_movements,unscheduled,total,10893,aircraft movements,FY19/20
ZAF,2020-11,shared,aircraft_movements,unscheduled,arrival,4507,aircraft movements,FY20/21
ZAF,2020-11,shared,aircraft_movements,unscheduled,departure,4442,aircraft movements,FY20/21
ZAF,2020-11,shared,aircraft_movements,unscheduled,total,8949,aircraft movements,FY20/21
ZAF,2021-11,shared,aircraft_movements,unscheduled,arrival,4082,aircraft movements,FY21/22
ZAF,2021-11,shared,aircraft_movements,unscheduled,departure,3963,aircraft movements,FY21/22
ZAF,2021-11,shared,aircraft_movements,unscheduled,total,8045,aircraft movements,FY21/22
ZAF,2022-11,shared,aircraft_movements,unscheduled,arrival,5323,aircraft movements,FY22/23
ZAF,2022-11,shared,aircraft_movements,unscheduled,departure,5209,aircraft movements,FY22/23
ZAF,2022-11,shared,aircraft_movements,unscheduled,total,10532,aircraft movements,FY22/23
ZAF,2023-11,shared,aircraft_movements,unscheduled,arrival,4568,aircraft movements,FY23/24
ZAF,2023-11,shared,aircraft_movements,unscheduled,departure,4513,aircraft movements,FY23/24
ZAF,2023-11,shared,aircraft_movements,unscheduled,total,9081,aircraft movements,FY23/24
ZAF,2024-11,shared,aircraft_movements,unscheduled,arrival,5000,aircraft movements,FY24/25
ZAF,2024-11,shared,aircraft_movements,unscheduled,departure,4985,aircraft movements,FY24/25
ZAF,2024-11,shared,aircraft_movements,unscheduled,total,9985,aircraft movements,FY24/25
ZAF,2025-11,shared,aircraft_movements,unscheduled,arrival,4147,aircraft movements,FY25/26
ZAF,2025-11,shared,aircraft_movements,unscheduled,departure,4174,aircraft movements,FY25/26
ZAF,2025-11,shared,aircraft_movements,unscheduled,total,8321,aircraft movements,FY25/26
ZAF,2012-12,shared,aircraft_movements,unscheduled,arrival,6102,aircraft movements,FY12/13
ZAF,2012-12,shared,aircraft_movements,unscheduled,departure,6276,aircraft movements,FY12/13
ZAF,2012-12,shared,aircraft_movements,unscheduled,total,12378,aircraft movements,FY12/13
ZAF,2013-12,shared,aircraft_movements,unscheduled,arrival,6077,aircraft movements,FY13/14
ZAF,2013-12,shared,aircraft_movements,unscheduled,departure,6257,aircraft movements,FY13/14
ZAF,2013-12,shared,aircraft_movements,unscheduled,total,12334,aircraft movements,FY13/14
ZAF,2014-12,shared,aircraft_movements,unscheduled,arrival,6395,aircraft movements,FY14/15
ZAF,2014-12,shared,aircraft_movements,unscheduled,departure,6287,aircraft movements,FY14/15
ZAF,2014-12,shared,aircraft_movements,unscheduled,total,12682,aircraft movements,FY14/15
ZAF,2015-12,shared,aircraft_movements,unscheduled,arrival,6346,aircraft movements,FY15/16
ZAF,2015-12,shared,aircraft_movements,unscheduled,departure,6194,aircraft movements,FY15/16
ZAF,2015-12,shared,aircraft_movements,unscheduled,total,12540,aircraft movements,FY15/16
ZAF,2016-12,shared,aircraft_movements,unscheduled,arrival,5835,aircraft movements,FY16/17
ZAF,2016-12,shared,aircraft_movements,unscheduled,departure,5749,aircraft movements,FY16/17
ZAF,2016-12,shared,aircraft_movements,unscheduled,total,11584,aircraft movements,FY16/17
ZAF,2017-12,shared,aircraft_movements,unscheduled,arrival,5158,aircraft movements,FY17/18
ZAF,2017-12,shared,aircraft_movements,unscheduled,departure,5069,aircraft movements,FY17/18
ZAF,2017-12,shared,aircraft_movements,unscheduled,total,10227,aircraft movements,FY17/18
ZAF,2018-12,shared,aircraft_movements,unscheduled,arrival,5173,aircraft movements,FY18/19
ZAF,2018-12,shared,aircraft_movements,unscheduled,departure,5098,aircraft movements,FY18/19
ZAF,2018-12,shared,aircraft_movements,unscheduled,total,10271,aircraft movements,FY18/19
ZAF,2019-12,shared,aircraft_movements,unscheduled,arrival,4530,aircraft movements,FY19/20
ZAF,2019-12,shared,aircraft_movements,unscheduled,departure,4415,aircraft movements,FY19/20
ZAF,2019-12,shared,aircraft_movements,unscheduled,total,8945,aircraft movements,FY19/20
ZAF,2020-12,shared,aircraft_movements,unscheduled,arrival,3847,aircraft movements,FY20/21
ZAF,2020-12,shared,aircraft_movements,unscheduled,departure,3779,aircraft movements,FY20/21
ZAF,2020-12,shared,aircraft_movements,unscheduled,total,7626,aircraft movements,FY20/21
ZAF,2021-12,shared,aircraft_movements,unscheduled,arrival,3136,aircraft movements,FY21/22
ZAF,2021-12,shared,aircraft_movements,unscheduled,departure,3099,aircraft movements,FY21/22
ZAF,2021-12,shared,aircraft_movements,unscheduled,total,6235,aircraft movements,FY21/22
ZAF,2022-12,shared,aircraft_movements,unscheduled,arrival,4355,aircraft movements,FY22/23
ZAF,2022-12,shared,aircraft_movements,unscheduled,departure,4237,aircraft movements,FY22/23
ZAF,2022-12,shared,aircraft_movements,unscheduled,total,8592,aircraft movements,FY22/23
ZAF,2023-12,shared,aircraft_movements,unscheduled,arrival,3763,aircraft movements,FY23/24
ZAF,2023-12,shared,aircraft_movements,unscheduled,departure,3697,aircraft movements,FY23/24
ZAF,2023-12,shared,aircraft_movements,unscheduled,total,7460,aircraft movements,FY23/24
ZAF,2024-12,shared,aircraft_movements,unscheduled,arrival,4316,aircraft movements,FY24/25
ZAF,2024-12,shared,aircraft_movements,unscheduled,departure,4295,aircraft movements,FY24/25
ZAF,2024-12,shared,aircraft_movements,unscheduled,total,8611,aircraft movements,FY24/25
ZAF,2025-12,shared,aircraft_movements,unscheduled,arrival,3755,aircraft movements,FY25/26
ZAF,2025-12,shared,aircraft_movements,unscheduled,departure,3757,aircraft movements,FY25/26
ZAF,2025-12,shared,aircraft_movements,unscheduled,total,7512,aircraft movements,FY25/26
ZAF,2013-01,shared,aircraft_movements,unscheduled,arrival,6902,aircraft movements,FY12/13
ZAF,2013-01,shared,aircraft_movements,unscheduled,departure,6978,aircraft movements,FY12/13
ZAF,2013-01,shared,aircraft_movements,unscheduled,total,13880,aircraft movements,FY12/13
ZAF,2014-01,shared,aircraft_movements,unscheduled,arrival,7510,aircraft movements,FY13/14
ZAF,2014-01,shared,aircraft_movements,unscheduled,departure,7585,aircraft movements,FY13/14
ZAF,2014-01,shared,aircraft_movements,unscheduled,total,15095,aircraft movements,FY13/14
ZAF,2015-01,shared,aircraft_movements,unscheduled,arrival,7657,aircraft movements,FY14/15
ZAF,2015-01,shared,aircraft_movements,unscheduled,departure,7623,aircraft movements,FY14/15
ZAF,2015-01,shared,aircraft_movements,unscheduled,total,15280,aircraft movements,FY14/15
ZAF,2016-01,shared,aircraft_movements,unscheduled,arrival,6266,aircraft movements,FY15/16
ZAF,2016-01,shared,aircraft_movements,unscheduled,departure,6308,aircraft movements,FY15/16
ZAF,2016-01,shared,aircraft_movements,unscheduled,total,12574,aircraft movements,FY15/16
ZAF,2017-01,shared,aircraft_movements,unscheduled,arrival,5034,aircraft movements,FY16/17
ZAF,2017-01,shared,aircraft_movements,unscheduled,departure,4961,aircraft movements,FY16/17
ZAF,2017-01,shared,aircraft_movements,unscheduled,total,9995,aircraft movements,FY16/17
ZAF,2018-01,shared,aircraft_movements,unscheduled,arrival,5099,aircraft movements,FY17/18
ZAF,2018-01,shared,aircraft_movements,unscheduled,departure,5002,aircraft movements,FY17/18
ZAF,2018-01,shared,aircraft_movements,unscheduled,total,10101,aircraft movements,FY17/18
ZAF,2019-01,shared,aircraft_movements,unscheduled,arrival,4798,aircraft movements,FY18/19
ZAF,2019-01,shared,aircraft_movements,unscheduled,departure,4988,aircraft movements,FY18/19
ZAF,2019-01,shared,aircraft_movements,unscheduled,total,9786,aircraft movements,FY18/19
ZAF,2020-01,shared,aircraft_movements,unscheduled,arrival,4401,aircraft movements,FY19/20
ZAF,2020-01,shared,aircraft_movements,unscheduled,departure,4355,aircraft movements,FY19/20
ZAF,2020-01,shared,aircraft_movements,unscheduled,total,8756,aircraft movements,FY19/20
ZAF,2021-01,shared,aircraft_movements,unscheduled,arrival,4070,aircraft movements,FY20/21
ZAF,2021-01,shared,aircraft_movements,unscheduled,departure,4029,aircraft movements,FY20/21
ZAF,2021-01,shared,aircraft_movements,unscheduled,total,8099,aircraft movements,FY20/21
ZAF,2022-01,shared,aircraft_movements,unscheduled,arrival,4102,aircraft movements,FY21/22
ZAF,2022-01,shared,aircraft_movements,unscheduled,departure,4077,aircraft movements,FY21/22
ZAF,2022-01,shared,aircraft_movements,unscheduled,total,8179,aircraft movements,FY21/22
ZAF,2023-01,shared,aircraft_movements,unscheduled,arrival,4310,aircraft movements,FY22/23
ZAF,2023-01,shared,aircraft_movements,unscheduled,departure,4276,aircraft movements,FY22/23
ZAF,2023-01,shared,aircraft_movements,unscheduled,total,8586,aircraft movements,FY22/23
ZAF,2024-01,shared,aircraft_movements,unscheduled,arrival,4050,aircraft movements,FY23/24
ZAF,2024-01,shared,aircraft_movements,unscheduled,departure,3999,aircraft movements,FY23/24
ZAF,2024-01,shared,aircraft_movements,unscheduled,total,8049,aircraft movements,FY23/24
ZAF,2025-01,shared,aircraft_movements,unscheduled,arrival,4093,aircraft movements,FY24/25
ZAF,2025-01,shared,aircraft_movements,unscheduled,departure,3985,aircraft movements,FY24/25
ZAF,2025-01,shared,aircraft_movements,unscheduled,total,8078,aircraft movements,FY24/25
ZAF,2026-01,shared,aircraft_movements,unscheduled,arrival,3801,aircraft movements,FY25/26
ZAF,2026-01,shared,aircraft_movements,unscheduled,departure,3791,aircraft movements,FY25/26
ZAF,2026-01,shared,aircraft_movements,unscheduled,total,7592,aircraft movements,FY25/26
ZAF,2013-02,shared,aircraft_movements,unscheduled,arrival,7669,aircraft movements,FY12/13
ZAF,2013-02,shared,aircraft_movements,unscheduled,departure,7785,aircraft movements,FY12/13
ZAF,2013-02,shared,aircraft_movements,unscheduled,total,15454,aircraft movements,FY12/13
ZAF,2014-02,shared,aircraft_movements,unscheduled,arrival,7482,aircraft movements,FY13/14
ZAF,2014-02,shared,aircraft_movements,unscheduled,departure,7567,aircraft movements,FY13/14
ZAF,2014-02,shared,aircraft_movements,unscheduled,total,15049,aircraft movements,FY13/14
ZAF,2015-02,shared,aircraft_movements,unscheduled,arrival,6862,aircraft movements,FY14/15
ZAF,2015-02,shared,aircraft_movements,unscheduled,departure,6736,aircraft movements,FY14/15
ZAF,2015-02,shared,aircraft_movements,unscheduled,total,13598,aircraft movements,FY14/15
ZAF,2016-02,shared,aircraft_movements,unscheduled,arrival,7266,aircraft movements,FY15/16
ZAF,2016-02,shared,aircraft_movements,unscheduled,departure,7107,aircraft movements,FY15/16
ZAF,2016-02,shared,aircraft_movements,unscheduled,total,14373,aircraft movements,FY15/16
ZAF,2017-02,shared,aircraft_movements,unscheduled,arrival,5701,aircraft movements,FY16/17
ZAF,2017-02,shared,aircraft_movements,unscheduled,departure,5523,aircraft movements,FY16/17
ZAF,2017-02,shared,aircraft_movements,unscheduled,total,11224,aircraft movements,FY16/17
ZAF,2018-02,shared,aircraft_movements,unscheduled,arrival,5921,aircraft movements,FY17/18
ZAF,2018-02,shared,aircraft_movements,unscheduled,departure,5781,aircraft movements,FY17/18
ZAF,2018-02,shared,aircraft_movements,unscheduled,total,11702,aircraft movements,FY17/18
ZAF,2019-02,shared,aircraft_movements,unscheduled,arrival,5473,aircraft movements,FY18/19
ZAF,2019-02,shared,aircraft_movements,unscheduled,departure,5428,aircraft movements,FY18/19
ZAF,2019-02,shared,aircraft_movements,unscheduled,total,10901,aircraft movements,FY18/19
ZAF,2020-02,shared,aircraft_movements,unscheduled,arrival,4544,aircraft movements,FY19/20
ZAF,2020-02,shared,aircraft_movements,unscheduled,departure,3171,aircraft movements,FY19/20
ZAF,2020-02,shared,aircraft_movements,unscheduled,total,7715,aircraft movements,FY19/20
ZAF,2021-02,shared,aircraft_movements,unscheduled,arrival,4359,aircraft movements,FY20/21
ZAF,2021-02,shared,aircraft_movements,unscheduled,departure,4464,aircraft movements,FY20/21
ZAF,2021-02,shared,aircraft_movements,unscheduled,total,8823,aircraft movements,FY20/21
ZAF,2022-02,shared,aircraft_movements,unscheduled,arrival,4500,aircraft movements,FY21/22
ZAF,2022-02,shared,aircraft_movements,unscheduled,departure,4393,aircraft movements,FY21/22
ZAF,2022-02,shared,aircraft_movements,unscheduled,total,8893,aircraft movements,FY21/22
ZAF,2023-02,shared,aircraft_movements,unscheduled,arrival,4338,aircraft movements,FY22/23
ZAF,2023-02,shared,aircraft_movements,unscheduled,departure,4323,aircraft movements,FY22/23
ZAF,2023-02,shared,aircraft_movements,unscheduled,total,8661,aircraft movements,FY22/23
ZAF,2024-02,shared,aircraft_movements,unscheduled,arrival,4030,aircraft movements,FY23/24
ZAF,2024-02,shared,aircraft_movements,unscheduled,departure,3973,aircraft movements,FY23/24
ZAF,2024-02,shared,aircraft_movements,unscheduled,total,8003,aircraft movements,FY23/24
ZAF,2025-02,shared,aircraft_movements,unscheduled,arrival,4221,aircraft movements,FY24/25
ZAF,2025-02,shared,aircraft_movements,unscheduled,departure,4193,aircraft movements,FY24/25
ZAF,2025-02,shared,aircraft_movements,unscheduled,total,8414,aircraft movements,FY24/25
ZAF,2026-02,shared,aircraft_movements,unscheduled,arrival,3467,aircraft movements,FY25/26
ZAF,2026-02,shared,aircraft_movements,unscheduled,departure,3508,aircraft movements,FY25/26
ZAF,2026-02,shared,aircraft_movements,unscheduled,total,6975,aircraft movements,FY25/26
ZAF,2013-03,shared,aircraft_movements,unscheduled,arrival,6957,aircraft movements,FY12/13
ZAF,2013-03,shared,aircraft_movements,unscheduled,departure,7121,aircraft movements,FY12/13
ZAF,2013-03,shared,aircraft_movements,unscheduled,total,14078,aircraft movements,FY12/13
ZAF,2014-03,shared,aircraft_movements,unscheduled,arrival,7124,aircraft movements,FY13/14
ZAF,2014-03,shared,aircraft_movements,unscheduled,departure,7274,aircraft movements,FY13/14
ZAF,2014-03,shared,aircraft_movements,unscheduled,total,14398,aircraft movements,FY13/14
ZAF,2015-03,shared,aircraft_movements,unscheduled,arrival,8619,aircraft movements,FY14/15
ZAF,2015-03,shared,aircraft_movements,unscheduled,departure,8473,aircraft movements,FY14/15
ZAF,2015-03,shared,aircraft_movements,unscheduled,total,17092,aircraft movements,FY14/15
ZAF,2016-03,shared,aircraft_movements,unscheduled,arrival,8047,aircraft movements,FY15/16
ZAF,2016-03,shared,aircraft_movements,unscheduled,departure,7961,aircraft movements,FY15/16
ZAF,2016-03,shared,aircraft_movements,unscheduled,total,16008,aircraft movements,FY15/16
ZAF,2017-03,shared,aircraft_movements,unscheduled,arrival,7587,aircraft movements,FY16/17
ZAF,2017-03,shared,aircraft_movements,unscheduled,departure,7121,aircraft movements,FY16/17
ZAF,2017-03,shared,aircraft_movements,unscheduled,total,14708,aircraft movements,FY16/17
ZAF,2018-03,shared,aircraft_movements,unscheduled,arrival,5776,aircraft movements,FY17/18
ZAF,2018-03,shared,aircraft_movements,unscheduled,departure,5674,aircraft movements,FY17/18
ZAF,2018-03,shared,aircraft_movements,unscheduled,total,11450,aircraft movements,FY17/18
ZAF,2019-03,shared,aircraft_movements,unscheduled,arrival,5814,aircraft movements,FY18/19
ZAF,2019-03,shared,aircraft_movements,unscheduled,departure,5799,aircraft movements,FY18/19
ZAF,2019-03,shared,aircraft_movements,unscheduled,total,11613,aircraft movements,FY18/19
ZAF,2020-03,shared,aircraft_movements,unscheduled,arrival,4880,aircraft movements,FY19/20
ZAF,2020-03,shared,aircraft_movements,unscheduled,departure,4862,aircraft movements,FY19/20
ZAF,2020-03,shared,aircraft_movements,unscheduled,total,9742,aircraft movements,FY19/20
ZAF,2021-03,shared,aircraft_movements,unscheduled,arrival,4455,aircraft movements,FY20/21
ZAF,2021-03,shared,aircraft_movements,unscheduled,departure,4514,aircraft movements,FY20/21
ZAF,2021-03,shared,aircraft_movements,unscheduled,total,8969,aircraft movements,FY20/21
ZAF,2022-03,shared,aircraft_movements,unscheduled,arrival,6789,aircraft movements,FY21/22
ZAF,2022-03,shared,aircraft_movements,unscheduled,departure,6730,aircraft movements,FY21/22
ZAF,2022-03,shared,aircraft_movements,unscheduled,total,13519,aircraft movements,FY21/22
ZAF,2023-03,shared,aircraft_movements,unscheduled,arrival,5171,aircraft movements,FY22/23
ZAF,2023-03,shared,aircraft_movements,unscheduled,departure,5132,aircraft movements,FY22/23
ZAF,2023-03,shared,aircraft_movements,unscheduled,total,10303,aircraft movements,FY22/23
ZAF,2024-03,shared,aircraft_movements,unscheduled,arrival,4111,aircraft movements,FY23/24
ZAF,2024-03,shared,aircraft_movements,unscheduled,departure,4042,aircraft movements,FY23/24
ZAF,2024-03,shared,aircraft_movements,unscheduled,total,8153,aircraft movements,FY23/24
ZAF,2025-03,shared,aircraft_movements,unscheduled,arrival,5049,aircraft movements,FY24/25
ZAF,2025-03,shared,aircraft_movements,unscheduled,departure,5031,aircraft movements,FY24/25
ZAF,2025-03,shared,aircraft_movements,unscheduled,total,10080,aircraft movements,FY24/25
ZAF,2026-03,shared,aircraft_movements,unscheduled,arrival,4326,aircraft movements,FY25/26
ZAF,2026-03,shared,aircraft_movements,unscheduled,departure,4320,aircraft movements,FY25/26
ZAF,2026-03,shared,aircraft_movements,unscheduled,total,8646,aircraft movements,FY25/26
ZAF,2012-04,shared,aircraft_movements,total,arrival,22031,aircraft movements,FY12/13
ZAF,2012-04,shared,aircraft_movements,total,departure,21915,aircraft movements,FY12/13
ZAF,2012-04,shared,aircraft_movements,total,total,43946,aircraft movements,FY12/13
ZAF,2013-04,shared,aircraft_movements,total,arrival,23522,aircraft movements,FY13/14
ZAF,2013-04,shared,aircraft_movements,total,departure,23440,aircraft movements,FY13/14
ZAF,2013-04,shared,aircraft_movements,total,total,46962,aircraft movements,FY13/14
ZAF,2014-04,shared,aircraft_movements,total,arrival,22607,aircraft movements,FY14/15
ZAF,2014-04,shared,aircraft_movements,total,departure,22667,aircraft movements,FY14/15
ZAF,2014-04,shared,aircraft_movements,total,total,45274,aircraft movements,FY14/15
ZAF,2015-04,shared,aircraft_movements,total,arrival,23437,aircraft movements,FY15/16
ZAF,2015-04,shared,aircraft_movements,total,departure,23260,aircraft movements,FY15/16
ZAF,2015-04,shared,aircraft_movements,total,total,46697,aircraft movements,FY15/16
ZAF,2016-04,shared,aircraft_movements,total,arrival,24195,aircraft movements,FY16/17
ZAF,2016-04,shared,aircraft_movements,total,departure,24109,aircraft movements,FY16/17
ZAF,2016-04,shared,aircraft_movements,total,total,48304,aircraft movements,FY16/17
ZAF,2017-04,shared,aircraft_movements,total,arrival,22339,aircraft movements,FY17/18
ZAF,2017-04,shared,aircraft_movements,total,departure,21923,aircraft movements,FY17/18
ZAF,2017-04,shared,aircraft_movements,total,total,44262,aircraft movements,FY17/18
ZAF,2018-04,shared,aircraft_movements,total,arrival,21735,aircraft movements,FY18/19
ZAF,2018-04,shared,aircraft_movements,total,departure,21688,aircraft movements,FY18/19
ZAF,2018-04,shared,aircraft_movements,total,total,43423,aircraft movements,FY18/19
ZAF,2019-04,shared,aircraft_movements,total,arrival,21317,aircraft movements,FY19/20
ZAF,2019-04,shared,aircraft_movements,total,departure,21307,aircraft movements,FY19/20
ZAF,2019-04,shared,aircraft_movements,total,total,42624,aircraft movements,FY19/20
ZAF,2020-04,shared,aircraft_movements,total,arrival,1047,aircraft movements,FY20/21
ZAF,2020-04,shared,aircraft_movements,total,departure,1034,aircraft movements,FY20/21
ZAF,2020-04,shared,aircraft_movements,total,total,2081,aircraft movements,FY20/21
ZAF,2021-04,shared,aircraft_movements,total,arrival,14464,aircraft movements,FY21/22
ZAF,2021-04,shared,aircraft_movements,total,departure,14305,aircraft movements,FY21/22
ZAF,2021-04,shared,aircraft_movements,total,total,28769,aircraft movements,FY21/22
ZAF,2022-04,shared,aircraft_movements,total,arrival,17377,aircraft movements,FY22/23
ZAF,2022-04,shared,aircraft_movements,total,departure,17289,aircraft movements,FY22/23
ZAF,2022-04,shared,aircraft_movements,total,total,34666,aircraft movements,FY22/23
ZAF,2023-04,shared,aircraft_movements,total,arrival,18930,aircraft movements,FY23/24
ZAF,2023-04,shared,aircraft_movements,total,departure,18823,aircraft movements,FY23/24
ZAF,2023-04,shared,aircraft_movements,total,total,37753,aircraft movements,FY23/24
ZAF,2024-04,shared,aircraft_movements,total,arrival,18998,aircraft movements,FY24/25
ZAF,2024-04,shared,aircraft_movements,total,departure,18824,aircraft movements,FY24/25
ZAF,2024-04,shared,aircraft_movements,total,total,37822,aircraft movements,FY24/25
ZAF,2025-04,shared,aircraft_movements,total,arrival,19503,aircraft movements,FY25/26
ZAF,2025-04,shared,aircraft_movements,total,departure,19510,aircraft movements,FY25/26
ZAF,2025-04,shared,aircraft_movements,total,total,39013,aircraft movements,FY25/26
ZAF,2026-04,shared,aircraft_movements,total,arrival,19862,aircraft movements,FY26/27
ZAF,2026-04,shared,aircraft_movements,total,departure,19877,aircraft movements,FY26/27
ZAF,2026-04,shared,aircraft_movements,total,total,39739,aircraft movements,FY26/27
ZAF,2012-05,shared,aircraft_movements,total,arrival,22634,aircraft movements,FY12/13
ZAF,2012-05,shared,aircraft_movements,total,departure,22520,aircraft movements,FY12/13
ZAF,2012-05,shared,aircraft_movements,total,total,45154,aircraft movements,FY12/13
ZAF,2013-05,shared,aircraft_movements,total,arrival,22287,aircraft movements,FY13/14
ZAF,2013-05,shared,aircraft_movements,total,departure,22169,aircraft movements,FY13/14
ZAF,2013-05,shared,aircraft_movements,total,total,44456,aircraft movements,FY13/14
ZAF,2014-05,shared,aircraft_movements,total,arrival,22553,aircraft movements,FY14/15
ZAF,2014-05,shared,aircraft_movements,total,departure,22509,aircraft movements,FY14/15
ZAF,2014-05,shared,aircraft_movements,total,total,45062,aircraft movements,FY14/15
ZAF,2015-05,shared,aircraft_movements,total,arrival,24669,aircraft movements,FY15/16
ZAF,2015-05,shared,aircraft_movements,total,departure,24517,aircraft movements,FY15/16
ZAF,2015-05,shared,aircraft_movements,total,total,49186,aircraft movements,FY15/16
ZAF,2016-05,shared,aircraft_movements,total,arrival,24865,aircraft movements,FY16/17
ZAF,2016-05,shared,aircraft_movements,total,departure,24797,aircraft movements,FY16/17
ZAF,2016-05,shared,aircraft_movements,total,total,49662,aircraft movements,FY16/17
ZAF,2017-05,shared,aircraft_movements,total,arrival,23388,aircraft movements,FY17/18
ZAF,2017-05,shared,aircraft_movements,total,departure,22880,aircraft movements,FY17/18
ZAF,2017-05,shared,aircraft_movements,total,total,46268,aircraft movements,FY17/18
ZAF,2018-05,shared,aircraft_movements,total,arrival,23199,aircraft movements,FY18/19
ZAF,2018-05,shared,aircraft_movements,total,departure,23058,aircraft movements,FY18/19
ZAF,2018-05,shared,aircraft_movements,total,total,46257,aircraft movements,FY18/19
ZAF,2019-05,shared,aircraft_movements,total,arrival,22242,aircraft movements,FY19/20
ZAF,2019-05,shared,aircraft_movements,total,departure,22233,aircraft movements,FY19/20
ZAF,2019-05,shared,aircraft_movements,total,total,44475,aircraft movements,FY19/20
ZAF,2020-05,shared,aircraft_movements,total,arrival,1531,aircraft movements,FY20/21
ZAF,2020-05,shared,aircraft_movements,total,departure,1536,aircraft movements,FY20/21
ZAF,2020-05,shared,aircraft_movements,total,total,3067,aircraft movements,FY20/21
ZAF,2021-05,shared,aircraft_movements,total,arrival,14382,aircraft movements,FY21/22
ZAF,2021-05,shared,aircraft_movements,total,departure,14242,aircraft movements,FY21/22
ZAF,2021-05,shared,aircraft_movements,total,total,28624,aircraft movements,FY21/22
ZAF,2022-05,shared,aircraft_movements,total,arrival,18816,aircraft movements,FY22/23
ZAF,2022-05,shared,aircraft_movements,total,departure,18713,aircraft movements,FY22/23
ZAF,2022-05,shared,aircraft_movements,total,total,37529,aircraft movements,FY22/23
ZAF,2023-05,shared,aircraft_movements,total,arrival,19366,aircraft movements,FY23/24
ZAF,2023-05,shared,aircraft_movements,total,departure,19322,aircraft movements,FY23/24
ZAF,2023-05,shared,aircraft_movements,total,total,38688,aircraft movements,FY23/24
ZAF,2024-05,shared,aircraft_movements,total,arrival,19588,aircraft movements,FY24/25
ZAF,2024-05,shared,aircraft_movements,total,departure,19480,aircraft movements,FY24/25
ZAF,2024-05,shared,aircraft_movements,total,total,39068,aircraft movements,FY24/25
ZAF,2025-05,shared,aircraft_movements,total,arrival,19363,aircraft movements,FY25/26
ZAF,2025-05,shared,aircraft_movements,total,departure,19375,aircraft movements,FY25/26
ZAF,2025-05,shared,aircraft_movements,total,total,38738,aircraft movements,FY25/26
ZAF,2026-05,shared,aircraft_movements,total,arrival,18646,aircraft movements,FY26/27
ZAF,2026-05,shared,aircraft_movements,total,departure,18643,aircraft movements,FY26/27
ZAF,2026-05,shared,aircraft_movements,total,total,37289,aircraft movements,FY26/27
ZAF,2012-06,shared,aircraft_movements,total,arrival,20784,aircraft movements,FY12/13
ZAF,2012-06,shared,aircraft_movements,total,departure,20623,aircraft movements,FY12/13
ZAF,2012-06,shared,aircraft_movements,total,total,41407,aircraft movements,FY12/13
ZAF,2013-06,shared,aircraft_movements,total,arrival,20663,aircraft movements,FY13/14
ZAF,2013-06,shared,aircraft_movements,total,departure,20571,aircraft movements,FY13/14
ZAF,2013-06,shared,aircraft_movements,total,total,41234,aircraft movements,FY13/14
ZAF,2014-06,shared,aircraft_movements,total,arrival,22136,aircraft movements,FY14/15
ZAF,2014-06,shared,aircraft_movements,total,departure,22085,aircraft movements,FY14/15
ZAF,2014-06,shared,aircraft_movements,total,total,44221,aircraft movements,FY14/15
ZAF,2015-06,shared,aircraft_movements,total,arrival,23388,aircraft movements,FY15/16
ZAF,2015-06,shared,aircraft_movements,total,departure,23290,aircraft movements,FY15/16
ZAF,2015-06,shared,aircraft_movements,total,total,46678,aircraft movements,FY15/16
ZAF,2016-06,shared,aircraft_movements,total,arrival,22745,aircraft movements,FY16/17
ZAF,2016-06,shared,aircraft_movements,total,departure,22772,aircraft movements,FY16/17
ZAF,2016-06,shared,aircraft_movements,total,total,45517,aircraft movements,FY16/17
ZAF,2017-06,shared,aircraft_movements,total,arrival,21798,aircraft movements,FY17/18
ZAF,2017-06,shared,aircraft_movements,total,departure,21470,aircraft movements,FY17/18
ZAF,2017-06,shared,aircraft_movements,total,total,43268,aircraft movements,FY17/18
ZAF,2018-06,shared,aircraft_movements,total,arrival,21059,aircraft movements,FY18/19
ZAF,2018-06,shared,aircraft_movements,total,departure,21011,aircraft movements,FY18/19
ZAF,2018-06,shared,aircraft_movements,total,total,42070,aircraft movements,FY18/19
ZAF,2019-06,shared,aircraft_movements,total,arrival,20997,aircraft movements,FY19/20
ZAF,2019-06,shared,aircraft_movements,total,departure,20994,aircraft movements,FY19/20
ZAF,2019-06,shared,aircraft_movements,total,total,41991,aircraft movements,FY19/20
ZAF,2020-06,shared,aircraft_movements,total,arrival,4681,aircraft movements,FY20/21
ZAF,2020-06,shared,aircraft_movements,total,departure,4669,aircraft movements,FY20/21
ZAF,2020-06,shared,aircraft_movements,total,total,9350,aircraft movements,FY20/21
ZAF,2021-06,shared,aircraft_movements,total,arrival,13713,aircraft movements,FY21/22
ZAF,2021-06,shared,aircraft_movements,total,departure,13657,aircraft movements,FY21/22
ZAF,2021-06,shared,aircraft_movements,total,total,27370,aircraft movements,FY21/22
ZAF,2022-06,shared,aircraft_movements,total,arrival,16359,aircraft movements,FY22/23
ZAF,2022-06,shared,aircraft_movements,total,departure,16248,aircraft movements,FY22/23
ZAF,2022-06,shared,aircraft_movements,total,total,32607,aircraft movements,FY22/23
ZAF,2023-06,shared,aircraft_movements,total,arrival,17980,aircraft movements,FY23/24
ZAF,2023-06,shared,aircraft_movements,total,departure,17955,aircraft movements,FY23/24
ZAF,2023-06,shared,aircraft_movements,total,total,35935,aircraft movements,FY23/24
ZAF,2024-06,shared,aircraft_movements,total,arrival,18623,aircraft movements,FY24/25
ZAF,2024-06,shared,aircraft_movements,total,departure,18578,aircraft movements,FY24/25
ZAF,2024-06,shared,aircraft_movements,total,total,37201,aircraft movements,FY24/25
ZAF,2025-06,shared,aircraft_movements,total,arrival,18494,aircraft movements,FY25/26
ZAF,2025-06,shared,aircraft_movements,total,departure,18494,aircraft movements,FY25/26
ZAF,2025-06,shared,aircraft_movements,total,total,36988,aircraft movements,FY25/26
ZAF,2026-06,shared,aircraft_movements,total,arrival,18777,aircraft movements,FY26/27
ZAF,2026-06,shared,aircraft_movements,total,departure,18764,aircraft movements,FY26/27
ZAF,2026-06,shared,aircraft_movements,total,total,37541,aircraft movements,FY26/27
ZAF,2012-07,shared,aircraft_movements,total,arrival,21562,aircraft movements,FY12/13
ZAF,2012-07,shared,aircraft_movements,total,departure,21454,aircraft movements,FY12/13
ZAF,2012-07,shared,aircraft_movements,total,total,43016,aircraft movements,FY12/13
ZAF,2013-07,shared,aircraft_movements,total,arrival,21548,aircraft movements,FY13/14
ZAF,2013-07,shared,aircraft_movements,total,departure,21440,aircraft movements,FY13/14
ZAF,2013-07,shared,aircraft_movements,total,total,42988,aircraft movements,FY13/14
ZAF,2014-07,shared,aircraft_movements,total,arrival,23586,aircraft movements,FY14/15
ZAF,2014-07,shared,aircraft_movements,total,departure,23616,aircraft movements,FY14/15
ZAF,2014-07,shared,aircraft_movements,total,total,47202,aircraft movements,FY14/15
ZAF,2015-07,shared,aircraft_movements,total,arrival,23819,aircraft movements,FY15/16
ZAF,2015-07,shared,aircraft_movements,total,departure,23739,aircraft movements,FY15/16
ZAF,2015-07,shared,aircraft_movements,total,total,47558,aircraft movements,FY15/16
ZAF,2016-07,shared,aircraft_movements,total,arrival,24062,aircraft movements,FY16/17
ZAF,2016-07,shared,aircraft_movements,total,departure,24023,aircraft movements,FY16/17
ZAF,2016-07,shared,aircraft_movements,total,total,48085,aircraft movements,FY16/17
ZAF,2017-07,shared,aircraft_movements,total,arrival,22974,aircraft movements,FY17/18
ZAF,2017-07,shared,aircraft_movements,total,departure,22832,aircraft movements,FY17/18
ZAF,2017-07,shared,aircraft_movements,total,total,45806,aircraft movements,FY17/18
ZAF,2018-07,shared,aircraft_movements,total,arrival,22353,aircraft movements,FY18/19
ZAF,2018-07,shared,aircraft_movements,total,departure,22279,aircraft movements,FY18/19
ZAF,2018-07,shared,aircraft_movements,total,total,44632,aircraft movements,FY18/19
ZAF,2019-07,shared,aircraft_movements,total,arrival,22022,aircraft movements,FY19/20
ZAF,2019-07,shared,aircraft_movements,total,departure,21970,aircraft movements,FY19/20
ZAF,2019-07,shared,aircraft_movements,total,total,43992,aircraft movements,FY19/20
ZAF,2020-07,shared,aircraft_movements,total,arrival,6057,aircraft movements,FY20/21
ZAF,2020-07,shared,aircraft_movements,total,departure,6028,aircraft movements,FY20/21
ZAF,2020-07,shared,aircraft_movements,total,total,12085,aircraft movements,FY20/21
ZAF,2021-07,shared,aircraft_movements,total,arrival,10448,aircraft movements,FY21/22
ZAF,2021-07,shared,aircraft_movements,total,departure,10350,aircraft movements,FY21/22
ZAF,2021-07,shared,aircraft_movements,total,total,20798,aircraft movements,FY21/22
ZAF,2022-07,shared,aircraft_movements,total,arrival,17111,aircraft movements,FY22/23
ZAF,2022-07,shared,aircraft_movements,total,departure,17042,aircraft movements,FY22/23
ZAF,2022-07,shared,aircraft_movements,total,total,34153,aircraft movements,FY22/23
ZAF,2023-07,shared,aircraft_movements,total,arrival,19330,aircraft movements,FY23/24
ZAF,2023-07,shared,aircraft_movements,total,departure,19311,aircraft movements,FY23/24
ZAF,2023-07,shared,aircraft_movements,total,total,38641,aircraft movements,FY23/24
ZAF,2024-07,shared,aircraft_movements,total,arrival,19212,aircraft movements,FY24/25
ZAF,2024-07,shared,aircraft_movements,total,departure,19155,aircraft movements,FY24/25
ZAF,2024-07,shared,aircraft_movements,total,total,38367,aircraft movements,FY24/25
ZAF,2025-07,shared,aircraft_movements,total,arrival,19083,aircraft movements,FY25/26
ZAF,2025-07,shared,aircraft_movements,total,departure,19087,aircraft movements,FY25/26
ZAF,2025-07,shared,aircraft_movements,total,total,38170,aircraft movements,FY25/26
ZAF,2026-07,shared,aircraft_movements,total,arrival,20252,aircraft movements,FY26/27
ZAF,2026-07,shared,aircraft_movements,total,departure,20282,aircraft movements,FY26/27
ZAF,2026-07,shared,aircraft_movements,total,total,40534,aircraft movements,FY26/27
ZAF,2012-08,shared,aircraft_movements,total,arrival,21858,aircraft movements,FY12/13
ZAF,2012-08,shared,aircraft_movements,total,departure,21731,aircraft movements,FY12/13
ZAF,2012-08,shared,aircraft_movements,total,total,43589,aircraft movements,FY12/13
ZAF,2013-08,shared,aircraft_movements,total,arrival,21044,aircraft movements,FY13/14
ZAF,2013-08,shared,aircraft_movements,total,departure,20812,aircraft movements,FY13/14
ZAF,2013-08,shared,aircraft_movements,total,total,41856,aircraft movements,FY13/14
ZAF,2014-08,shared,aircraft_movements,total,arrival,23420,aircraft movements,FY14/15
ZAF,2014-08,shared,aircraft_movements,total,departure,23288,aircraft movements,FY14/15
ZAF,2014-08,shared,aircraft_movements,total,total,46708,aircraft movements,FY14/15
ZAF,2015-08,shared,aircraft_movements,total,arrival,23824,aircraft movements,FY15/16
ZAF,2015-08,shared,aircraft_movements,total,departure,23361,aircraft movements,FY15/16
ZAF,2015-08,shared,aircraft_movements,total,total,47185,aircraft movements,FY15/16
ZAF,2016-08,shared,aircraft_movements,total,arrival,24978,aircraft movements,FY16/17
ZAF,2016-08,shared,aircraft_movements,total,departure,24942,aircraft movements,FY16/17
ZAF,2016-08,shared,aircraft_movements,total,total,49920,aircraft movements,FY16/17
ZAF,2017-08,shared,aircraft_movements,total,arrival,22572,aircraft movements,FY17/18
ZAF,2017-08,shared,aircraft_movements,total,departure,22497,aircraft movements,FY17/18
ZAF,2017-08,shared,aircraft_movements,total,total,45069,aircraft movements,FY17/18
ZAF,2018-08,shared,aircraft_movements,total,arrival,21788,aircraft movements,FY18/19
ZAF,2018-08,shared,aircraft_movements,total,departure,21812,aircraft movements,FY18/19
ZAF,2018-08,shared,aircraft_movements,total,total,43600,aircraft movements,FY18/19
ZAF,2019-08,shared,aircraft_movements,total,arrival,22916,aircraft movements,FY19/20
ZAF,2019-08,shared,aircraft_movements,total,departure,22890,aircraft movements,FY19/20
ZAF,2019-08,shared,aircraft_movements,total,total,45806,aircraft movements,FY19/20
ZAF,2020-08,shared,aircraft_movements,total,arrival,6443,aircraft movements,FY20/21
ZAF,2020-08,shared,aircraft_movements,total,departure,6438,aircraft movements,FY20/21
ZAF,2020-08,shared,aircraft_movements,total,total,12881,aircraft movements,FY20/21
ZAF,2021-08,shared,aircraft_movements,total,arrival,12270,aircraft movements,FY21/22
ZAF,2021-08,shared,aircraft_movements,total,departure,12260,aircraft movements,FY21/22
ZAF,2021-08,shared,aircraft_movements,total,total,24530,aircraft movements,FY21/22
ZAF,2022-08,shared,aircraft_movements,total,arrival,17203,aircraft movements,FY22/23
ZAF,2022-08,shared,aircraft_movements,total,departure,17151,aircraft movements,FY22/23
ZAF,2022-08,shared,aircraft_movements,total,total,34354,aircraft movements,FY22/23
ZAF,2023-08,shared,aircraft_movements,total,arrival,19757,aircraft movements,FY23/24
ZAF,2023-08,shared,aircraft_movements,total,departure,19729,aircraft movements,FY23/24
ZAF,2023-08,shared,aircraft_movements,total,total,39486,aircraft movements,FY23/24
ZAF,2024-08,shared,aircraft_movements,total,arrival,19227,aircraft movements,FY24/25
ZAF,2024-08,shared,aircraft_movements,total,departure,19205,aircraft movements,FY24/25
ZAF,2024-08,shared,aircraft_movements,total,total,38432,aircraft movements,FY24/25
ZAF,2025-08,shared,aircraft_movements,total,arrival,19547,aircraft movements,FY25/26
ZAF,2025-08,shared,aircraft_movements,total,departure,19572,aircraft movements,FY25/26
ZAF,2025-08,shared,aircraft_movements,total,total,39119,aircraft movements,FY25/26
ZAF,2026-08,shared,aircraft_movements,total,arrival,20806,aircraft movements,FY26/27
ZAF,2026-08,shared,aircraft_movements,total,departure,20798,aircraft movements,FY26/27
ZAF,2026-08,shared,aircraft_movements,total,total,41604,aircraft movements,FY26/27
ZAF,2012-09,shared,aircraft_movements,total,arrival,20374,aircraft movements,FY12/13
ZAF,2012-09,shared,aircraft_movements,total,departure,20273,aircraft movements,FY12/13
ZAF,2012-09,shared,aircraft_movements,total,total,40647,aircraft movements,FY12/13
ZAF,2013-09,shared,aircraft_movements,total,arrival,20604,aircraft movements,FY13/14
ZAF,2013-09,shared,aircraft_movements,total,departure,20533,aircraft movements,FY13/14
ZAF,2013-09,shared,aircraft_movements,total,total,41137,aircraft movements,FY13/14
ZAF,2014-09,shared,aircraft_movements,total,arrival,22243,aircraft movements,FY14/15
ZAF,2014-09,shared,aircraft_movements,total,departure,22090,aircraft movements,FY14/15
ZAF,2014-09,shared,aircraft_movements,total,total,44333,aircraft movements,FY14/15
ZAF,2015-09,shared,aircraft_movements,total,arrival,23467,aircraft movements,FY15/16
ZAF,2015-09,shared,aircraft_movements,total,departure,23352,aircraft movements,FY15/16
ZAF,2015-09,shared,aircraft_movements,total,total,46819,aircraft movements,FY15/16
ZAF,2016-09,shared,aircraft_movements,total,arrival,25161,aircraft movements,FY16/17
ZAF,2016-09,shared,aircraft_movements,total,departure,25120,aircraft movements,FY16/17
ZAF,2016-09,shared,aircraft_movements,total,total,50281,aircraft movements,FY16/17
ZAF,2017-09,shared,aircraft_movements,total,arrival,21969,aircraft movements,FY17/18
ZAF,2017-09,shared,aircraft_movements,total,departure,21868,aircraft movements,FY17/18
ZAF,2017-09,shared,aircraft_movements,total,total,43837,aircraft movements,FY17/18
ZAF,2018-09,shared,aircraft_movements,total,arrival,21268,aircraft movements,FY18/19
ZAF,2018-09,shared,aircraft_movements,total,departure,21228,aircraft movements,FY18/19
ZAF,2018-09,shared,aircraft_movements,total,total,42496,aircraft movements,FY18/19
ZAF,2019-09,shared,aircraft_movements,total,arrival,20884,aircraft movements,FY19/20
ZAF,2019-09,shared,aircraft_movements,total,departure,20834,aircraft movements,FY19/20
ZAF,2019-09,shared,aircraft_movements,total,total,41718,aircraft movements,FY19/20
ZAF,2020-09,shared,aircraft_movements,total,arrival,9129,aircraft movements,FY20/21
ZAF,2020-09,shared,aircraft_movements,total,departure,9135,aircraft movements,FY20/21
ZAF,2020-09,shared,aircraft_movements,total,total,18264,aircraft movements,FY20/21
ZAF,2021-09,shared,aircraft_movements,total,arrival,13067,aircraft movements,FY21/22
ZAF,2021-09,shared,aircraft_movements,total,departure,13050,aircraft movements,FY21/22
ZAF,2021-09,shared,aircraft_movements,total,total,26117,aircraft movements,FY21/22
ZAF,2022-09,shared,aircraft_movements,total,arrival,16965,aircraft movements,FY22/23
ZAF,2022-09,shared,aircraft_movements,total,departure,16885,aircraft movements,FY22/23
ZAF,2022-09,shared,aircraft_movements,total,total,33850,aircraft movements,FY22/23
ZAF,2023-09,shared,aircraft_movements,total,arrival,19337,aircraft movements,FY23/24
ZAF,2023-09,shared,aircraft_movements,total,departure,19339,aircraft movements,FY23/24
ZAF,2023-09,shared,aircraft_movements,total,total,38676,aircraft movements,FY23/24
ZAF,2024-09,shared,aircraft_movements,total,arrival,18454,aircraft movements,FY24/25
ZAF,2024-09,shared,aircraft_movements,total,departure,18457,aircraft movements,FY24/25
ZAF,2024-09,shared,aircraft_movements,total,total,36911,aircraft movements,FY24/25
ZAF,2025-09,shared,aircraft_movements,total,arrival,19321,aircraft movements,FY25/26
ZAF,2025-09,shared,aircraft_movements,total,departure,19339,aircraft movements,FY25/26
ZAF,2025-09,shared,aircraft_movements,total,total,38660,aircraft movements,FY25/26
ZAF,2012-10,shared,aircraft_movements,total,arrival,21086,aircraft movements,FY12/13
ZAF,2012-10,shared,aircraft_movements,total,departure,20960,aircraft movements,FY12/13
ZAF,2012-10,shared,aircraft_movements,total,total,42046,aircraft movements,FY12/13
ZAF,2013-10,shared,aircraft_movements,total,arrival,21993,aircraft movements,FY13/14
ZAF,2013-10,shared,aircraft_movements,total,departure,21875,aircraft movements,FY13/14
ZAF,2013-10,shared,aircraft_movements,total,total,43868,aircraft movements,FY13/14
ZAF,2014-10,shared,aircraft_movements,total,arrival,23611,aircraft movements,FY14/15
ZAF,2014-10,shared,aircraft_movements,total,departure,23475,aircraft movements,FY14/15
ZAF,2014-10,shared,aircraft_movements,total,total,47086,aircraft movements,FY14/15
ZAF,2015-10,shared,aircraft_movements,total,arrival,25454,aircraft movements,FY15/16
ZAF,2015-10,shared,aircraft_movements,total,departure,25384,aircraft movements,FY15/16
ZAF,2015-10,shared,aircraft_movements,total,total,50838,aircraft movements,FY15/16
ZAF,2016-10,shared,aircraft_movements,total,arrival,24169,aircraft movements,FY16/17
ZAF,2016-10,shared,aircraft_movements,total,departure,24109,aircraft movements,FY16/17
ZAF,2016-10,shared,aircraft_movements,total,total,48278,aircraft movements,FY16/17
ZAF,2017-10,shared,aircraft_movements,total,arrival,22676,aircraft movements,FY17/18
ZAF,2017-10,shared,aircraft_movements,total,departure,22578,aircraft movements,FY17/18
ZAF,2017-10,shared,aircraft_movements,total,total,45254,aircraft movements,FY17/18
ZAF,2018-10,shared,aircraft_movements,total,arrival,22381,aircraft movements,FY18/19
ZAF,2018-10,shared,aircraft_movements,total,departure,22298,aircraft movements,FY18/19
ZAF,2018-10,shared,aircraft_movements,total,total,44679,aircraft movements,FY18/19
ZAF,2019-10,shared,aircraft_movements,total,arrival,21934,aircraft movements,FY19/20
ZAF,2019-10,shared,aircraft_movements,total,departure,21931,aircraft movements,FY19/20
ZAF,2019-10,shared,aircraft_movements,total,total,43865,aircraft movements,FY19/20
ZAF,2020-10,shared,aircraft_movements,total,arrival,10407,aircraft movements,FY20/21
ZAF,2020-10,shared,aircraft_movements,total,departure,10368,aircraft movements,FY20/21
ZAF,2020-10,shared,aircraft_movements,total,total,20775,aircraft movements,FY20/21
ZAF,2021-10,shared,aircraft_movements,total,arrival,15006,aircraft movements,FY21/22
ZAF,2021-10,shared,aircraft_movements,total,departure,14941,aircraft movements,FY21/22
ZAF,2021-10,shared,aircraft_movements,total,total,29947,aircraft movements,FY21/22
ZAF,2022-10,shared,aircraft_movements,total,arrival,18967,aircraft movements,FY22/23
ZAF,2022-10,shared,aircraft_movements,total,departure,18875,aircraft movements,FY22/23
ZAF,2022-10,shared,aircraft_movements,total,total,37842,aircraft movements,FY22/23
ZAF,2023-10,shared,aircraft_movements,total,arrival,19407,aircraft movements,FY23/24
ZAF,2023-10,shared,aircraft_movements,total,departure,19368,aircraft movements,FY23/24
ZAF,2023-10,shared,aircraft_movements,total,total,38775,aircraft movements,FY23/24
ZAF,2024-10,shared,aircraft_movements,total,arrival,19262,aircraft movements,FY24/25
ZAF,2024-10,shared,aircraft_movements,total,departure,19222,aircraft movements,FY24/25
ZAF,2024-10,shared,aircraft_movements,total,total,38484,aircraft movements,FY24/25
ZAF,2025-10,shared,aircraft_movements,total,arrival,20127,aircraft movements,FY25/26
ZAF,2025-10,shared,aircraft_movements,total,departure,20089,aircraft movements,FY25/26
ZAF,2025-10,shared,aircraft_movements,total,total,40216,aircraft movements,FY25/26
ZAF,2012-11,shared,aircraft_movements,total,arrival,21712,aircraft movements,FY12/13
ZAF,2012-11,shared,aircraft_movements,total,departure,21568,aircraft movements,FY12/13
ZAF,2012-11,shared,aircraft_movements,total,total,43280,aircraft movements,FY12/13
ZAF,2013-11,shared,aircraft_movements,total,arrival,22475,aircraft movements,FY13/14
ZAF,2013-11,shared,aircraft_movements,total,departure,22342,aircraft movements,FY13/14
ZAF,2013-11,shared,aircraft_movements,total,total,44817,aircraft movements,FY13/14
ZAF,2014-11,shared,aircraft_movements,total,arrival,22976,aircraft movements,FY14/15
ZAF,2014-11,shared,aircraft_movements,total,departure,22920,aircraft movements,FY14/15
ZAF,2014-11,shared,aircraft_movements,total,total,45896,aircraft movements,FY14/15
ZAF,2015-11,shared,aircraft_movements,total,arrival,24365,aircraft movements,FY15/16
ZAF,2015-11,shared,aircraft_movements,total,departure,24282,aircraft movements,FY15/16
ZAF,2015-11,shared,aircraft_movements,total,total,48647,aircraft movements,FY15/16
ZAF,2016-11,shared,aircraft_movements,total,arrival,23017,aircraft movements,FY16/17
ZAF,2016-11,shared,aircraft_movements,total,departure,22869,aircraft movements,FY16/17
ZAF,2016-11,shared,aircraft_movements,total,total,45886,aircraft movements,FY16/17
ZAF,2017-11,shared,aircraft_movements,total,arrival,21890,aircraft movements,FY17/18
ZAF,2017-11,shared,aircraft_movements,total,departure,21827,aircraft movements,FY17/18
ZAF,2017-11,shared,aircraft_movements,total,total,43717,aircraft movements,FY17/18
ZAF,2018-11,shared,aircraft_movements,total,arrival,22161,aircraft movements,FY18/19
ZAF,2018-11,shared,aircraft_movements,total,departure,22068,aircraft movements,FY18/19
ZAF,2018-11,shared,aircraft_movements,total,total,44229,aircraft movements,FY18/19
ZAF,2019-11,shared,aircraft_movements,total,arrival,20882,aircraft movements,FY19/20
ZAF,2019-11,shared,aircraft_movements,total,departure,20787,aircraft movements,FY19/20
ZAF,2019-11,shared,aircraft_movements,total,total,41669,aircraft movements,FY19/20
ZAF,2020-11,shared,aircraft_movements,total,arrival,11693,aircraft movements,FY20/21
ZAF,2020-11,shared,aircraft_movements,total,departure,11629,aircraft movements,FY20/21
ZAF,2020-11,shared,aircraft_movements,total,total,23322,aircraft movements,FY20/21
ZAF,2021-11,shared,aircraft_movements,total,arrival,15013,aircraft movements,FY21/22
ZAF,2021-11,shared,aircraft_movements,total,departure,14906,aircraft movements,FY21/22
ZAF,2021-11,shared,aircraft_movements,total,total,29919,aircraft movements,FY21/22
ZAF,2022-11,shared,aircraft_movements,total,arrival,18251,aircraft movements,FY22/23
ZAF,2022-11,shared,aircraft_movements,total,departure,18154,aircraft movements,FY22/23
ZAF,2022-11,shared,aircraft_movements,total,total,36405,aircraft movements,FY22/23
ZAF,2023-11,shared,aircraft_movements,total,arrival,19272,aircraft movements,FY23/24
ZAF,2023-11,shared,aircraft_movements,total,departure,19217,aircraft movements,FY23/24
ZAF,2023-11,shared,aircraft_movements,total,total,38489,aircraft movements,FY23/24
ZAF,2024-11,shared,aircraft_movements,total,arrival,19534,aircraft movements,FY24/25
ZAF,2024-11,shared,aircraft_movements,total,departure,19505,aircraft movements,FY24/25
ZAF,2024-11,shared,aircraft_movements,total,total,39039,aircraft movements,FY24/25
ZAF,2025-11,shared,aircraft_movements,total,arrival,18899,aircraft movements,FY25/26
ZAF,2025-11,shared,aircraft_movements,total,departure,18891,aircraft movements,FY25/26
ZAF,2025-11,shared,aircraft_movements,total,total,37790,aircraft movements,FY25/26
ZAF,2012-12,shared,aircraft_movements,total,arrival,20077,aircraft movements,FY12/13
ZAF,2012-12,shared,aircraft_movements,total,departure,19997,aircraft movements,FY12/13
ZAF,2012-12,shared,aircraft_movements,total,total,40074,aircraft movements,FY12/13
ZAF,2013-12,shared,aircraft_movements,total,arrival,20598,aircraft movements,FY13/14
ZAF,2013-12,shared,aircraft_movements,total,departure,20582,aircraft movements,FY13/14
ZAF,2013-12,shared,aircraft_movements,total,total,41180,aircraft movements,FY13/14
ZAF,2014-12,shared,aircraft_movements,total,arrival,21225,aircraft movements,FY14/15
ZAF,2014-12,shared,aircraft_movements,total,departure,21125,aircraft movements,FY14/15
ZAF,2014-12,shared,aircraft_movements,total,total,42350,aircraft movements,FY14/15
ZAF,2015-12,shared,aircraft_movements,total,arrival,22236,aircraft movements,FY15/16
ZAF,2015-12,shared,aircraft_movements,total,departure,22115,aircraft movements,FY15/16
ZAF,2015-12,shared,aircraft_movements,total,total,44351,aircraft movements,FY15/16
ZAF,2016-12,shared,aircraft_movements,total,arrival,21700,aircraft movements,FY16/17
ZAF,2016-12,shared,aircraft_movements,total,departure,21677,aircraft movements,FY16/17
ZAF,2016-12,shared,aircraft_movements,total,total,43377,aircraft movements,FY16/17
ZAF,2017-12,shared,aircraft_movements,total,arrival,21221,aircraft movements,FY17/18
ZAF,2017-12,shared,aircraft_movements,total,departure,21169,aircraft movements,FY17/18
ZAF,2017-12,shared,aircraft_movements,total,total,42390,aircraft movements,FY17/18
ZAF,2018-12,shared,aircraft_movements,total,arrival,20753,aircraft movements,FY18/19
ZAF,2018-12,shared,aircraft_movements,total,departure,20690,aircraft movements,FY18/19
ZAF,2018-12,shared,aircraft_movements,total,total,41443,aircraft movements,FY18/19
ZAF,2019-12,shared,aircraft_movements,total,arrival,20614,aircraft movements,FY19/20
ZAF,2019-12,shared,aircraft_movements,total,departure,20563,aircraft movements,FY19/20
ZAF,2019-12,shared,aircraft_movements,total,total,41177,aircraft movements,FY19/20
ZAF,2020-12,shared,aircraft_movements,total,arrival,13446,aircraft movements,FY20/21
ZAF,2020-12,shared,aircraft_movements,total,departure,13391,aircraft movements,FY20/21
ZAF,2020-12,shared,aircraft_movements,total,total,26837,aircraft movements,FY20/21
ZAF,2021-12,shared,aircraft_movements,total,arrival,14714,aircraft movements,FY21/22
ZAF,2021-12,shared,aircraft_movements,total,departure,14648,aircraft movements,FY21/22
ZAF,2021-12,shared,aircraft_movements,total,total,29362,aircraft movements,FY21/22
ZAF,2022-12,shared,aircraft_movements,total,arrival,17675,aircraft movements,FY22/23
ZAF,2022-12,shared,aircraft_movements,total,departure,17536,aircraft movements,FY22/23
ZAF,2022-12,shared,aircraft_movements,total,total,35211,aircraft movements,FY22/23
ZAF,2023-12,shared,aircraft_movements,total,arrival,19453,aircraft movements,FY23/24
ZAF,2023-12,shared,aircraft_movements,total,departure,19381,aircraft movements,FY23/24
ZAF,2023-12,shared,aircraft_movements,total,total,38834,aircraft movements,FY23/24
ZAF,2024-12,shared,aircraft_movements,total,arrival,20040,aircraft movements,FY24/25
ZAF,2024-12,shared,aircraft_movements,total,departure,20009,aircraft movements,FY24/25
ZAF,2024-12,shared,aircraft_movements,total,total,40049,aircraft movements,FY24/25
ZAF,2025-12,shared,aircraft_movements,total,arrival,20215,aircraft movements,FY25/26
ZAF,2025-12,shared,aircraft_movements,total,departure,20202,aircraft movements,FY25/26
ZAF,2025-12,shared,aircraft_movements,total,total,40417,aircraft movements,FY25/26
ZAF,2013-01,shared,aircraft_movements,total,arrival,20798,aircraft movements,FY12/13
ZAF,2013-01,shared,aircraft_movements,total,departure,20712,aircraft movements,FY12/13
ZAF,2013-01,shared,aircraft_movements,total,total,41510,aircraft movements,FY12/13
ZAF,2014-01,shared,aircraft_movements,total,arrival,22434,aircraft movements,FY13/14
ZAF,2014-01,shared,aircraft_movements,total,departure,22362,aircraft movements,FY13/14
ZAF,2014-01,shared,aircraft_movements,total,total,44796,aircraft movements,FY13/14
ZAF,2015-01,shared,aircraft_movements,total,arrival,22543,aircraft movements,FY14/15
ZAF,2015-01,shared,aircraft_movements,total,departure,22544,aircraft movements,FY14/15
ZAF,2015-01,shared,aircraft_movements,total,total,45087,aircraft movements,FY14/15
ZAF,2016-01,shared,aircraft_movements,total,arrival,22047,aircraft movements,FY15/16
ZAF,2016-01,shared,aircraft_movements,total,departure,22050,aircraft movements,FY15/16
ZAF,2016-01,shared,aircraft_movements,total,total,44097,aircraft movements,FY15/16
ZAF,2017-01,shared,aircraft_movements,total,arrival,20852,aircraft movements,FY16/17
ZAF,2017-01,shared,aircraft_movements,total,departure,20822,aircraft movements,FY16/17
ZAF,2017-01,shared,aircraft_movements,total,total,41674,aircraft movements,FY16/17
ZAF,2018-01,shared,aircraft_movements,total,arrival,21263,aircraft movements,FY17/18
ZAF,2018-01,shared,aircraft_movements,total,departure,21199,aircraft movements,FY17/18
ZAF,2018-01,shared,aircraft_movements,total,total,42462,aircraft movements,FY17/18
ZAF,2019-01,shared,aircraft_movements,total,arrival,20364,aircraft movements,FY18/19
ZAF,2019-01,shared,aircraft_movements,total,departure,20605,aircraft movements,FY18/19
ZAF,2019-01,shared,aircraft_movements,total,total,40969,aircraft movements,FY18/19
ZAF,2020-01,shared,aircraft_movements,total,arrival,20043,aircraft movements,FY19/20
ZAF,2020-01,shared,aircraft_movements,total,departure,20023,aircraft movements,FY19/20
ZAF,2020-01,shared,aircraft_movements,total,total,40066,aircraft movements,FY19/20
ZAF,2021-01,shared,aircraft_movements,total,arrival,11235,aircraft movements,FY20/21
ZAF,2021-01,shared,aircraft_movements,total,departure,11197,aircraft movements,FY20/21
ZAF,2021-01,shared,aircraft_movements,total,total,22432,aircraft movements,FY20/21
ZAF,2022-01,shared,aircraft_movements,total,arrival,15070,aircraft movements,FY21/22
ZAF,2022-01,shared,aircraft_movements,total,departure,15020,aircraft movements,FY21/22
ZAF,2022-01,shared,aircraft_movements,total,total,30090,aircraft movements,FY21/22
ZAF,2023-01,shared,aircraft_movements,total,arrival,17297,aircraft movements,FY22/23
ZAF,2023-01,shared,aircraft_movements,total,departure,17258,aircraft movements,FY22/23
ZAF,2023-01,shared,aircraft_movements,total,total,34555,aircraft movements,FY22/23
ZAF,2024-01,shared,aircraft_movements,total,arrival,18731,aircraft movements,FY23/24
ZAF,2024-01,shared,aircraft_movements,total,departure,18685,aircraft movements,FY23/24
ZAF,2024-01,shared,aircraft_movements,total,total,37416,aircraft movements,FY23/24
ZAF,2025-01,shared,aircraft_movements,total,arrival,18764,aircraft movements,FY24/25
ZAF,2025-01,shared,aircraft_movements,total,departure,18667,aircraft movements,FY24/25
ZAF,2025-01,shared,aircraft_movements,total,total,37431,aircraft movements,FY24/25
ZAF,2026-01,shared,aircraft_movements,total,arrival,19281,aircraft movements,FY25/26
ZAF,2026-01,shared,aircraft_movements,total,departure,19261,aircraft movements,FY25/26
ZAF,2026-01,shared,aircraft_movements,total,total,38542,aircraft movements,FY25/26
ZAF,2013-02,shared,aircraft_movements,total,arrival,20723,aircraft movements,FY12/13
ZAF,2013-02,shared,aircraft_movements,total,departure,20653,aircraft movements,FY12/13
ZAF,2013-02,shared,aircraft_movements,total,total,41376,aircraft movements,FY12/13
ZAF,2014-02,shared,aircraft_movements,total,arrival,21605,aircraft movements,FY13/14
ZAF,2014-02,shared,aircraft_movements,total,departure,21514,aircraft movements,FY13/14
ZAF,2014-02,shared,aircraft_movements,total,total,43119,aircraft movements,FY13/14
ZAF,2015-02,shared,aircraft_movements,total,arrival,21276,aircraft movements,FY14/15
ZAF,2015-02,shared,aircraft_movements,total,departure,21166,aircraft movements,FY14/15
ZAF,2015-02,shared,aircraft_movements,total,total,42442,aircraft movements,FY14/15
ZAF,2016-02,shared,aircraft_movements,total,arrival,22908,aircraft movements,FY15/16
ZAF,2016-02,shared,aircraft_movements,total,departure,22788,aircraft movements,FY15/16
ZAF,2016-02,shared,aircraft_movements,total,total,45696,aircraft movements,FY15/16
ZAF,2017-02,shared,aircraft_movements,total,arrival,20763,aircraft movements,FY16/17
ZAF,2017-02,shared,aircraft_movements,total,departure,20635,aircraft movements,FY16/17
ZAF,2017-02,shared,aircraft_movements,total,total,41398,aircraft movements,FY16/17
ZAF,2018-02,shared,aircraft_movements,total,arrival,20428,aircraft movements,FY17/18
ZAF,2018-02,shared,aircraft_movements,total,departure,20316,aircraft movements,FY17/18
ZAF,2018-02,shared,aircraft_movements,total,total,40744,aircraft movements,FY17/18
ZAF,2019-02,shared,aircraft_movements,total,arrival,20040,aircraft movements,FY18/19
ZAF,2019-02,shared,aircraft_movements,total,departure,19998,aircraft movements,FY18/19
ZAF,2019-02,shared,aircraft_movements,total,total,40038,aircraft movements,FY18/19
ZAF,2020-02,shared,aircraft_movements,total,arrival,19170,aircraft movements,FY19/20
ZAF,2020-02,shared,aircraft_movements,total,departure,17814,aircraft movements,FY19/20
ZAF,2020-02,shared,aircraft_movements,total,total,36984,aircraft movements,FY19/20
ZAF,2021-02,shared,aircraft_movements,total,arrival,10680,aircraft movements,FY20/21
ZAF,2021-02,shared,aircraft_movements,total,departure,10781,aircraft movements,FY20/21
ZAF,2021-02,shared,aircraft_movements,total,total,21461,aircraft movements,FY20/21
ZAF,2022-02,shared,aircraft_movements,total,arrival,15314,aircraft movements,FY21/22
ZAF,2022-02,shared,aircraft_movements,total,departure,15205,aircraft movements,FY21/22
ZAF,2022-02,shared,aircraft_movements,total,total,30519,aircraft movements,FY21/22
ZAF,2023-02,shared,aircraft_movements,total,arrival,16543,aircraft movements,FY22/23
ZAF,2023-02,shared,aircraft_movements,total,departure,16520,aircraft movements,FY22/23
ZAF,2023-02,shared,aircraft_movements,total,total,33063,aircraft movements,FY22/23
ZAF,2024-02,shared,aircraft_movements,total,arrival,17680,aircraft movements,FY23/24
ZAF,2024-02,shared,aircraft_movements,total,departure,17628,aircraft movements,FY23/24
ZAF,2024-02,shared,aircraft_movements,total,total,35308,aircraft movements,FY23/24
ZAF,2025-02,shared,aircraft_movements,total,arrival,17701,aircraft movements,FY24/25
ZAF,2025-02,shared,aircraft_movements,total,departure,17678,aircraft movements,FY24/25
ZAF,2025-02,shared,aircraft_movements,total,total,35379,aircraft movements,FY24/25
ZAF,2026-02,shared,aircraft_movements,total,arrival,17794,aircraft movements,FY25/26
ZAF,2026-02,shared,aircraft_movements,total,departure,17797,aircraft movements,FY25/26
ZAF,2026-02,shared,aircraft_movements,total,total,35591,aircraft movements,FY25/26
ZAF,2013-03,shared,aircraft_movements,total,arrival,21383,aircraft movements,FY12/13
ZAF,2013-03,shared,aircraft_movements,total,departure,21339,aircraft movements,FY12/13
ZAF,2013-03,shared,aircraft_movements,total,total,42722,aircraft movements,FY12/13
ZAF,2014-03,shared,aircraft_movements,total,arrival,22521,aircraft movements,FY13/14
ZAF,2014-03,shared,aircraft_movements,total,departure,22480,aircraft movements,FY13/14
ZAF,2014-03,shared,aircraft_movements,total,total,45001,aircraft movements,FY13/14
ZAF,2015-03,shared,aircraft_movements,total,arrival,25085,aircraft movements,FY14/15
ZAF,2015-03,shared,aircraft_movements,total,departure,24943,aircraft movements,FY14/15
ZAF,2015-03,shared,aircraft_movements,total,total,50028,aircraft movements,FY14/15
ZAF,2016-03,shared,aircraft_movements,total,arrival,24735,aircraft movements,FY15/16
ZAF,2016-03,shared,aircraft_movements,total,departure,24689,aircraft movements,FY15/16
ZAF,2016-03,shared,aircraft_movements,total,total,49424,aircraft movements,FY15/16
ZAF,2017-03,shared,aircraft_movements,total,arrival,24200,aircraft movements,FY16/17
ZAF,2017-03,shared,aircraft_movements,total,departure,23769,aircraft movements,FY16/17
ZAF,2017-03,shared,aircraft_movements,total,total,47969,aircraft movements,FY16/17
ZAF,2018-03,shared,aircraft_movements,total,arrival,21933,aircraft movements,FY17/18
ZAF,2018-03,shared,aircraft_movements,total,departure,21879,aircraft movements,FY17/18
ZAF,2018-03,shared,aircraft_movements,total,total,43812,aircraft movements,FY17/18
ZAF,2019-03,shared,aircraft_movements,total,arrival,22068,aircraft movements,FY18/19
ZAF,2019-03,shared,aircraft_movements,total,departure,22075,aircraft movements,FY18/19
ZAF,2019-03,shared,aircraft_movements,total,total,44143,aircraft movements,FY18/19
ZAF,2020-03,shared,aircraft_movements,total,arrival,15498,aircraft movements,FY19/20
ZAF,2020-03,shared,aircraft_movements,total,departure,15465,aircraft movements,FY19/20
ZAF,2020-03,shared,aircraft_movements,total,total,30963,aircraft movements,FY19/20
ZAF,2021-03,shared,aircraft_movements,total,arrival,13531,aircraft movements,FY20/21
ZAF,2021-03,shared,aircraft_movements,total,departure,13576,aircraft movements,FY20/21
ZAF,2021-03,shared,aircraft_movements,total,total,27107,aircraft movements,FY20/21
ZAF,2022-03,shared,aircraft_movements,total,arrival,19446,aircraft movements,FY21/22
ZAF,2022-03,shared,aircraft_movements,total,departure,19386,aircraft movements,FY21/22
ZAF,2022-03,shared,aircraft_movements,total,total,38832,aircraft movements,FY21/22
ZAF,2023-03,shared,aircraft_movements,total,arrival,19223,aircraft movements,FY22/23
ZAF,2023-03,shared,aircraft_movements,total,departure,19199,aircraft movements,FY22/23
ZAF,2023-03,shared,aircraft_movements,total,total,38422,aircraft movements,FY22/23
ZAF,2024-03,shared,aircraft_movements,total,arrival,19092,aircraft movements,FY23/24
ZAF,2024-03,shared,aircraft_movements,total,departure,19025,aircraft movements,FY23/24
ZAF,2024-03,shared,aircraft_movements,total,total,38117,aircraft movements,FY23/24
ZAF,2025-03,shared,aircraft_movements,total,arrival,20110,aircraft movements,FY24/25
ZAF,2025-03,shared,aircraft_movements,total,departure,20092,aircraft movements,FY24/25
ZAF,2025-03,shared,aircraft_movements,total,total,40202,aircraft movements,FY24/25
ZAF,2026-03,shared,aircraft_movements,total,arrival,20275,aircraft movements,FY25/26
ZAF,2026-03,shared,aircraft_movements,total,departure,20266,aircraft movements,FY25/26
ZAF,2026-03,shared,aircraft_movements,total,total,40541,aircraft movements,FY25/26
