country,period,scenario,series,value,unit,source_file
ZAF,2011-01,shared,petrol_93_inland_retail,858.0,cents per litre,fuel-price-history-2011.pdf
ZAF,2011-01,shared,petrol_95_coast_retail,849.0,cents per litre,fuel-price-history-2011.pdf
ZAF,2011-01,shared,petrol_95_inland_retail,858.0,cents per litre,fuel-price-history-2011.pdf
ZAF,2011-01,shared,diesel_005_inland_wholesale,784.051,cents per litre,fuel-price-history-2011.pdf
ZAF,2011-01,shared,diesel_005_coast_wholesale,770.251,cents per litre,fuel-price-history-2011.pdf
ZAF,2011-01,shared,paraffin_coast,541.713,cents per litre,fuel-price-history-2011.pdf
ZAF,2011-01,shared,paraffin_inland,569.813,cents per litre,fuel-price-history-2011.pdf
ZAF,2011-02,shared,petrol_93_inland_retail,884.0,cents per litre,fuel-price-history-2011.pdf
ZAF,2011-02,shared,petrol_95_coast_retail,875.0,cents per litre,fuel-price-history-2011.pdf
ZAF,2011-02,shared,petrol_95_inland_retail,899.0,cents per litre,fuel-price-history-2011.pdf
ZAF,2011-02,shared,diesel_005_inland_wholesale,814.051,cents per litre,fuel-price-history-2011.pdf
ZAF,2011-02,shared,diesel_005_coast_wholesale,800.251,cents per litre,fuel-price-history-2011.pdf
ZAF,2011-02,shared,paraffin_coast,573.713,cents per litre,fuel-price-history-2011.pdf
ZAF,2011-02,shared,paraffin_inland,601.813,cents per litre,fuel-price-history-2011.pdf
ZAF,2011-03,shared,petrol_93_inland_retail,927.0,cents per litre,fuel-price-history-2011.pdf
ZAF,2011-03,shared,petrol_95_coast_retail,918.0,cents per litre,fuel-price-history-2011.pdf
ZAF,2011-03,shared,petrol_95_inland_retail,942.0,cents per litre,fuel-price-history-2011.pdf
ZAF,2011-03,shared,diesel_005_inland_wholesale,878.051,cents per litre,fuel-price-history-2011.pdf
ZAF,2011-03,shared,diesel_005_coast_wholesale,864.251,cents per litre,fuel-price-history-2011.pdf
ZAF,2011-03,shared,paraffin_coast,643.713,cents per litre,fuel-price-history-2011.pdf
ZAF,2011-03,shared,paraffin_inland,671.813,cents per litre,fuel-price-history-2011.pdf
ZAF,2011-04,shared,petrol_93_inland_retail,980.0,cents per litre,fuel-price-history-2011.pdf
ZAF,2011-04,shared,petrol_95_coast_retail,966.0,cents per litre,fuel-price-history-2011.pdf
ZAF,2011-04,shared,petrol_95_inland_retail,996.0,cents per litre,fuel-price-history-2011.pdf
ZAF,2011-04,shared,diesel_005_inland_wholesale,948.451,cents per litre,fuel-price-history-2011.pdf
ZAF,2011-04,shared,diesel_005_coast_wholesale,928.051,cents per litre,fuel-price-history-2011.pdf
ZAF,2011-04,shared,paraffin_coast,684.513,cents per litre,fuel-price-history-2011.pdf
ZAF,2011-04,shared,paraffin_inland,720.413,cents per litre,fuel-price-history-2011.pdf
ZAF,2011-05,shared,petrol_93_inland_retail,1009.0,cents per litre,fuel-price-history-2011.pdf
ZAF,2011-05,shared,petrol_95_coast_retail,995.0,cents per litre,fuel-price-history-2011.pdf
ZAF,2011-05,shared,petrol_95_inland_retail,1025.0,cents per litre,fuel-price-history-2011.pdf
ZAF,2011-05,shared,diesel_005_inland_wholesale,964.451,cents per litre,fuel-price-history-2011.pdf
ZAF,2011-05,shared,diesel_005_coast_wholesale,944.051,cents per litre,fuel-price-history-2011.pdf
ZAF,2011-05,shared,paraffin_coast,699.513,cents per litre,fuel-price-history-2011.pdf
ZAF,2011-05,shared,paraffin_inland,735.413,cents per litre,fuel-price-history-2011.pdf
ZAF,2011-06,shared,petrol_93_inland_retail,1007.0,cents per litre,fuel-price-history-2011.pdf
ZAF,2011-06,shared,petrol_95_coast_retail,993.0,cents per litre,fuel-price-history-2011.pdf
ZAF,2011-06,shared,petrol_95_inland_retail,1023.0,cents per litre,fuel-price-history-2011.pdf
ZAF,2011-06,shared,diesel_005_inland_wholesale,926.451,cents per litre,fuel-price-history-2011.pdf
ZAF,2011-06,shared,diesel_005_coast_wholesale,906.051,cents per litre,fuel-price-history-2011.pdf
ZAF,2011-06,shared,paraffin_coast,667.513,cents per litre,fuel-price-history-2011.pdf
ZAF,2011-06,shared,paraffin_inland,703.413,cents per litre,fuel-price-history-2011.pdf
ZAF,2011-07,shared,petrol_93_inland_retail,974.0,cents per litre,fuel-price-history-2011.pdf
ZAF,2011-07,shared,petrol_95_coast_retail,962.0,cents per litre,fuel-price-history-2011.pdf
ZAF,2011-07,shared,petrol_95_inland_retail,992.0,cents per litre,fuel-price-history-2011.pdf
ZAF,2011-07,shared,diesel_005_inland_wholesale,915.451,cents per litre,fuel-price-history-2011.pdf
ZAF,2011-07,shared,diesel_005_coast_wholesale,895.051,cents per litre,fuel-price-history-2011.pdf
ZAF,2011-07,shared,paraffin_coast,655.513,cents per litre,fuel-price-history-2011.pdf
ZAF,2011-07,shared,paraffin_inland,691.413,cents per litre,fuel-price-history-2011.pdf
ZAF,2011-08,shared,petrol_93_inland_retail,991.0,cents per litre,fuel-price-history-2011.pdf
ZAF,2011-08,shared,petrol_95_coast_retail,979.0,cents per litre,fuel-price-history-2011.pdf
ZAF,2011-08,shared,petrol_95_inland_retail,1009.0,cents per litre,fuel-price-history-2011.pdf
ZAF,2011-08,shared,diesel_005_inland_wholesale,930.451,cents per litre,fuel-price-history-2011.pdf
ZAF,2011-08,shared,diesel_005_coast_wholesale,910.051,cents per litre,fuel-price-history-2011.pdf
ZAF,2011-08,shared,paraffin_coast,665.513,cents per litre,fuel-price-history-2011.pdf
ZAF,2011-08,shared,paraffin_inland,701.413,cents per litre,fuel-price-history-2011.pdf
ZAF,2011-10,shared,petrol_93_inland_retail,1037.0,cents per litre,fuel-price-history-2011.pdf
ZAF,2011-10,shared,petrol_95_coast_retail,1024.0,cents per litre,fuel-price-history-2011.pdf
ZAF,2011-10,shared,petrol_95_inland_retail,1054.0,cents per litre,fuel-price-history-2011.pdf
ZAF,2011-10,shared,diesel_005_inland_wholesale,965.451,cents per litre,fuel-price-history-2011.pdf
ZAF,2011-10,shared,diesel_005_coast_wholesale,945.051,cents per litre,fuel-price-history-2011.pdf
ZAF,2011-10,shared,paraffin_coast,693.513,cents per litre,fuel-price-history-2011.pdf
ZAF,2011-10,shared,paraffin_inland,729.413,cents per litre,fuel-price-history-2011.pdf
ZAF,2011-11,shared,petrol_93_inland_retail,1060.0,cents per litre,fuel-price-history-2011.pdf
ZAF,2011-11,shared,petrol_95_coast_retail,1047.0,cents per litre,fuel-price-history-2011.pdf
ZAF,2011-11,shared,petrol_95_inland_retail,1077.0,cents per litre,fuel-price-history-2011.pdf
ZAF,2011-11,shared,diesel_005_inland_wholesale,1001.451,cents per litre,fuel-price-history-2011.pdf
ZAF,2011-11,shared,diesel_005_coast_wholesale,981.051,cents per litre,fuel-price-history-2011.pdf
ZAF,2011-11,shared,paraffin_coast,734.531,cents per litre,fuel-price-history-2011.pdf
ZAF,2011-11,shared,paraffin_inland,770.413,cents per litre,fuel-price-history-2011.pdf
ZAF,2011-12,shared,petrol_93_inland_retail,1049.0,cents per litre,fuel-price-history-2011.pdf
ZAF,2011-12,shared,petrol_95_coast_retail,1036.0,cents per litre,fuel-price-history-2011.pdf
ZAF,2011-12,shared,petrol_95_inland_retail,1066.0,cents per litre,fuel-price-history-2011.pdf
ZAF,2011-12,shared,diesel_005_inland_wholesale,1048.69,cents per litre,fuel-price-history-2011.pdf
ZAF,2011-12,shared,diesel_005_coast_wholesale,1028.29,cents per litre,fuel-price-history-2011.pdf
ZAF,2011-12,shared,paraffin_coast,777.528,cents per litre,fuel-price-history-2011.pdf
ZAF,2011-12,shared,paraffin_inland,813.428,cents per litre,fuel-price-history-2011.pdf
ZAF,2012-01,shared,petrol_93_inland_retail,1043.0,cents per litre,fuel-price-history-2012.pdf
ZAF,2012-01,shared,petrol_95_coast_retail,1031.0,cents per litre,fuel-price-history-2012.pdf
ZAF,2012-01,shared,petrol_95_inland_retail,1061.0,cents per litre,fuel-price-history-2012.pdf
ZAF,2012-01,shared,diesel_005_inland_wholesale,1027.69,cents per litre,fuel-price-history-2012.pdf
ZAF,2012-01,shared,diesel_005_coast_wholesale,1007.29,cents per litre,fuel-price-history-2012.pdf
ZAF,2012-01,shared,paraffin_coast,752.528,cents per litre,fuel-price-history-2012.pdf
ZAF,2012-01,shared,paraffin_inland,788.428,cents per litre,fuel-price-history-2012.pdf
ZAF,2012-02,shared,petrol_93_inland_retail,1077.0,cents per litre,fuel-price-history-2012.pdf
ZAF,2012-02,shared,petrol_95_coast_retail,1065.0,cents per litre,fuel-price-history-2012.pdf
ZAF,2012-02,shared,petrol_95_inland_retail,1095.0,cents per litre,fuel-price-history-2012.pdf
ZAF,2012-02,shared,diesel_005_inland_wholesale,1026.69,cents per litre,fuel-price-history-2012.pdf
ZAF,2012-02,shared,diesel_005_coast_wholesale,1006.29,cents per litre,fuel-price-history-2012.pdf
ZAF,2012-02,shared,paraffin_coast,749.528,cents per litre,fuel-price-history-2012.pdf
ZAF,2012-02,shared,paraffin_inland,785.428,cents per litre,fuel-price-history-2012.pdf
ZAF,2012-03,shared,petrol_93_inland_retail,1105.0,cents per litre,fuel-price-history-2012.pdf
ZAF,2012-03,shared,petrol_95_coast_retail,1093.0,cents per litre,fuel-price-history-2012.pdf
ZAF,2012-03,shared,petrol_95_inland_retail,1123.0,cents per litre,fuel-price-history-2012.pdf
ZAF,2012-03,shared,diesel_005_inland_wholesale,1037.07,cents per litre,fuel-price-history-2012.pdf
ZAF,2012-03,shared,diesel_005_coast_wholesale,1016.67,cents per litre,fuel-price-history-2012.pdf
ZAF,2012-03,shared,paraffin_coast,753.528,cents per litre,fuel-price-history-2012.pdf
ZAF,2012-03,shared,paraffin_inland,789.428,cents per litre,fuel-price-history-2012.pdf
ZAF,2012-04,shared,petrol_93_inland_retail,1177.0,cents per litre,fuel-price-history-2012.pdf
ZAF,2012-04,shared,petrol_95_coast_retail,1164.0,cents per litre,fuel-price-history-2012.pdf
ZAF,2012-04,shared,petrol_95_inland_retail,1194.0,cents per litre,fuel-price-history-2012.pdf
ZAF,2012-04,shared,diesel_005_inland_wholesale,1088.97,cents per litre,fuel-price-history-2012.pdf
ZAF,2012-04,shared,diesel_005_coast_wholesale,1064.27,cents per litre,fuel-price-history-2012.pdf
ZAF,2012-04,shared,paraffin_coast,774.128,cents per litre,fuel-price-history-2012.pdf
ZAF,2012-04,shared,paraffin_inland,816.028,cents per litre,fuel-price-history-2012.pdf
ZAF,2012-05,shared,petrol_93_inland_retail,1205.0,cents per litre,fuel-price-history-2012.pdf
ZAF,2012-05,shared,petrol_95_coast_retail,1187.0,cents per litre,fuel-price-history-2012.pdf
ZAF,2012-05,shared,petrol_95_inland_retail,1222.0,cents per litre,fuel-price-history-2012.pdf
ZAF,2012-05,shared,diesel_005_inland_wholesale,1098.37,cents per litre,fuel-price-history-2012.pdf
ZAF,2012-05,shared,diesel_005_coast_wholesale,1073.67,cents per litre,fuel-price-history-2012.pdf
ZAF,2012-05,shared,paraffin_coast,783.128,cents per litre,fuel-price-history-2012.pdf
ZAF,2012-05,shared,paraffin_inland,825.028,cents per litre,fuel-price-history-2012.pdf
ZAF,2012-06,shared,petrol_93_inland_retail,1150.0,cents per litre,fuel-price-history-2012.pdf
ZAF,2012-06,shared,petrol_95_coast_retail,1132.0,cents per litre,fuel-price-history-2012.pdf
ZAF,2012-06,shared,petrol_95_inland_retail,1167.0,cents per litre,fuel-price-history-2012.pdf
ZAF,2012-06,shared,diesel_005_inland_wholesale,1073.55,cents per litre,fuel-price-history-2012.pdf
ZAF,2012-06,shared,diesel_005_coast_wholesale,1048.85,cents per litre,fuel-price-history-2012.pdf
ZAF,2012-06,shared,paraffin_coast,762.128,cents per litre,fuel-price-history-2012.pdf
ZAF,2012-06,shared,paraffin_inland,804.028,cents per litre,fuel-price-history-2012.pdf
ZAF,2012-07,shared,petrol_93_inland_retail,1061.0,cents per litre,fuel-price-history-2012.pdf
ZAF,2012-07,shared,petrol_95_coast_retail,1047.0,cents per litre,fuel-price-history-2012.pdf
ZAF,2012-07,shared,petrol_95_inland_retail,1082.0,cents per litre,fuel-price-history-2012.pdf
ZAF,2012-07,shared,diesel_005_inland_wholesale,1010.97,cents per litre,fuel-price-history-2012.pdf
ZAF,2012-07,shared,diesel_005_coast_wholesale,986.27,cents per litre,fuel-price-history-2012.pdf
ZAF,2012-07,shared,paraffin_coast,704.128,cents per litre,fuel-price-history-2012.pdf
ZAF,2012-07,shared,paraffin_inland,746.028,cents per litre,fuel-price-history-2012.pdf
ZAF,2012-08,shared,petrol_93_inland_retail,1083.0,cents per litre,fuel-price-history-2012.pdf
ZAF,2012-08,shared,petrol_95_coast_retail,1069.0,cents per litre,fuel-price-history-2012.pdf
ZAF,2012-08,shared,petrol_95_inland_retail,1104.0,cents per litre,fuel-price-history-2012.pdf
ZAF,2012-08,shared,diesel_005_inland_wholesale,1025.59,cents per litre,fuel-price-history-2012.pdf
ZAF,2012-08,shared,diesel_005_coast_wholesale,1000.89,cents per litre,fuel-price-history-2012.pdf
ZAF,2012-08,shared,paraffin_coast,719.128,cents per litre,fuel-price-history-2012.pdf
ZAF,2012-08,shared,paraffin_inland,761.028,cents per litre,fuel-price-history-2012.pdf
ZAF,2012-09,shared,petrol_93_inland_retail,1176.0,cents per litre,fuel-price-history-2012.pdf
ZAF,2012-09,shared,petrol_95_coast_retail,1162.0,cents per litre,fuel-price-history-2012.pdf
ZAF,2012-09,shared,petrol_95_inland_retail,1197.0,cents per litre,fuel-price-history-2012.pdf
ZAF,2012-09,shared,diesel_005_inland_wholesale,1094.59,cents per litre,fuel-price-history-2012.pdf
ZAF,2012-09,shared,diesel_005_coast_wholesale,1069.89,cents per litre,fuel-price-history-2012.pdf
ZAF,2012-09,shared,paraffin_coast,792.128,cents per litre,fuel-price-history-2012.pdf
ZAF,2012-09,shared,paraffin_inland,834.028,cents per litre,fuel-price-history-2012.pdf
ZAF,2012-10,shared,petrol_93_inland_retail,1197.0,cents per litre,fuel-price-history-2012.pdf
ZAF,2012-10,shared,petrol_95_coast_retail,1185.0,cents per litre,fuel-price-history-2012.pdf
ZAF,2012-10,shared,petrol_95_inland_retail,1220.0,cents per litre,fuel-price-history-2012.pdf
ZAF,2012-10,shared,diesel_005_inland_wholesale,1133.75,cents per litre,fuel-price-history-2012.pdf
ZAF,2012-10,shared,diesel_005_coast_wholesale,1109.05,cents per litre,fuel-price-history-2012.pdf
ZAF,2012-10,shared,paraffin_coast,825.128,cents per litre,fuel-price-history-2012.pdf
ZAF,2012-10,shared,paraffin_inland,867.028,cents per litre,fuel-price-history-2012.pdf
ZAF,2012-11,shared,petrol_93_inland_retail,1187.0,cents per litre,fuel-price-history-2012.pdf
ZAF,2012-11,shared,petrol_95_coast_retail,1175.0,cents per litre,fuel-price-history-2012.pdf
ZAF,2012-11,shared,petrol_95_inland_retail,1210.0,cents per litre,fuel-price-history-2012.pdf
ZAF,2012-11,shared,diesel_005_inland_wholesale,1143.95,cents per litre,fuel-price-history-2012.pdf
ZAF,2012-11,shared,diesel_005_coast_wholesale,1119.25,cents per litre,fuel-price-history-2012.pdf
ZAF,2012-11,shared,paraffin_coast,828.128,cents per litre,fuel-price-history-2012.pdf
ZAF,2012-11,shared,paraffin_inland,870.028,cents per litre,fuel-price-history-2012.pdf
ZAF,2012-12,shared,petrol_93_inland_retail,1178.0,cents per litre,fuel-price-history-2012.pdf
ZAF,2012-12,shared,petrol_95_coast_retail,1166.0,cents per litre,fuel-price-history-2012.pdf
ZAF,2012-12,shared,petrol_95_inland_retail,1201.0,cents per litre,fuel-price-history-2012.pdf
ZAF,2012-12,shared,diesel_005_inland_wholesale,1138.95,cents per litre,fuel-price-history-2012.pdf
ZAF,2012-12,shared,diesel_005_coast_wholesale,1114.25,cents per litre,fuel-price-history-2012.pdf
ZAF,2012-12,shared,paraffin_coast,824.128,cents per litre,fuel-price-history-2012.pdf
ZAF,2012-12,shared,paraffin_inland,866.028,cents per litre,fuel-price-history-2012.pdf
ZAF,2013-01,shared,petrol_93_inland_retail,1165.0,cents per litre,fuel-price-history-2013.pdf
ZAF,2013-01,shared,petrol_95_coast_retail,1151.0,cents per litre,fuel-price-history-2013.pdf
ZAF,2013-01,shared,petrol_95_inland_retail,1186.0,cents per litre,fuel-price-history-2013.pdf
ZAF,2013-01,shared,diesel_005_inland_wholesale,1111.37,cents per litre,fuel-price-history-2013.pdf
ZAF,2013-01,shared,diesel_005_coast_wholesale,1086.67,cents per litre,fuel-price-history-2013.pdf
ZAF,2013-01,shared,paraffin_coast,807.128,cents per litre,fuel-price-history-2013.pdf
ZAF,2013-01,shared,paraffin_inland,849.028,cents per litre,fuel-price-history-2013.pdf
ZAF,2013-02,shared,petrol_93_inland_retail,1206.0,cents per litre,fuel-price-history-2013.pdf
ZAF,2013-02,shared,petrol_95_coast_retail,1192.0,cents per litre,fuel-price-history-2013.pdf
ZAF,2013-02,shared,petrol_95_inland_retail,1227.0,cents per litre,fuel-price-history-2013.pdf
ZAF,2013-02,shared,diesel_005_inland_wholesale,1129.17,cents per litre,fuel-price-history-2013.pdf
ZAF,2013-02,shared,diesel_005_coast_wholesale,1104.47,cents per litre,fuel-price-history-2013.pdf
ZAF,2013-02,shared,paraffin_coast,833.128,cents per litre,fuel-price-history-2013.pdf
ZAF,2013-02,shared,paraffin_inland,875.028,cents per litre,fuel-price-history-2013.pdf
ZAF,2013-03,shared,petrol_93_inland_retail,1287.0,cents per litre,fuel-price-history-2013.pdf
ZAF,2013-03,shared,petrol_95_coast_retail,1273.0,cents per litre,fuel-price-history-2013.pdf
ZAF,2013-03,shared,petrol_95_inland_retail,1308.0,cents per litre,fuel-price-history-2013.pdf
ZAF,2013-03,shared,diesel_005_inland_wholesale,1187.55,cents per litre,fuel-price-history-2013.pdf
ZAF,2013-03,shared,diesel_005_coast_wholesale,1162.85,cents per litre,fuel-price-history-2013.pdf
ZAF,2013-03,shared,paraffin_coast,890.128,cents per litre,fuel-price-history-2013.pdf
ZAF,2013-03,shared,paraffin_inland,932.028,cents per litre,fuel-price-history-2013.pdf
ZAF,2013-04,shared,petrol_93_inland_retail,1297.0,cents per litre,fuel-price-history-2013.pdf
ZAF,2013-04,shared,petrol_95_coast_retail,1283.0,cents per litre,fuel-price-history-2013.pdf
ZAF,2013-04,shared,petrol_95_inland_retail,1320.0,cents per litre,fuel-price-history-2013.pdf
ZAF,2013-04,shared,diesel_005_inland_wholesale,1196.61,cents per litre,fuel-price-history-2013.pdf
ZAF,2013-04,shared,diesel_005_coast_wholesale,1170.01,cents per litre,fuel-price-history-2013.pdf
ZAF,2013-04,shared,paraffin_coast,860.328,cents per litre,fuel-price-history-2013.pdf
ZAF,2013-04,shared,paraffin_inland,906.228,cents per litre,fuel-price-history-2013.pdf
ZAF,2013-05,shared,petrol_93_inland_retail,1124.0,cents per litre,fuel-price-history-2013.pdf
ZAF,2013-05,shared,petrol_95_coast_retail,1210.0,cents per litre,fuel-price-history-2013.pdf
ZAF,2013-05,shared,petrol_95_inland_retail,1247.0,cents per litre,fuel-price-history-2013.pdf
ZAF,2013-05,shared,diesel_005_inland_wholesale,1141.05,cents per litre,fuel-price-history-2013.pdf
ZAF,2013-05,shared,diesel_005_coast_wholesale,1114.45,cents per litre,fuel-price-history-2013.pdf
ZAF,2013-05,shared,paraffin_coast,802.328,cents per litre,fuel-price-history-2013.pdf
ZAF,2013-05,shared,paraffin_inland,848.228,cents per litre,fuel-price-history-2013.pdf
ZAF,2013-06,shared,petrol_93_inland_retail,1216.0,cents per litre,fuel-price-history-2013.pdf
ZAF,2013-06,shared,petrol_95_coast_retail,1202.0,cents per litre,fuel-price-history-2013.pdf
ZAF,2013-06,shared,petrol_95_inland_retail,1239.0,cents per litre,fuel-price-history-2013.pdf
ZAF,2013-06,shared,diesel_005_inland_wholesale,1137.07,cents per litre,fuel-price-history-2013.pdf
ZAF,2013-06,shared,diesel_005_coast_wholesale,1110.47,cents per litre,fuel-price-history-2013.pdf
ZAF,2013-06,shared,paraffin_coast,803.328,cents per litre,fuel-price-history-2013.pdf
ZAF,2013-06,shared,paraffin_inland,849.228,cents per litre,fuel-price-history-2013.pdf
ZAF,2013-07,shared,petrol_93_inland_retail,1300.0,cents per litre,fuel-price-history-2013.pdf
ZAF,2013-07,shared,petrol_95_coast_retail,1286.0,cents per litre,fuel-price-history-2013.pdf
ZAF,2013-07,shared,petrol_95_inland_retail,1323.0,cents per litre,fuel-price-history-2013.pdf
ZAF,2013-07,shared,diesel_005_inland_wholesale,1215.27,cents per litre,fuel-price-history-2013.pdf
ZAF,2013-07,shared,diesel_005_coast_wholesale,1188.67,cents per litre,fuel-price-history-2013.pdf
ZAF,2013-07,shared,paraffin_coast,878.328,cents per litre,fuel-price-history-2013.pdf
ZAF,2013-07,shared,paraffin_inland,924.228,cents per litre,fuel-price-history-2013.pdf
ZAF,2013-08,shared,petrol_93_inland_retail,1332.0,cents per litre,fuel-price-history-2013.pdf
ZAF,2013-08,shared,petrol_95_coast_retail,1318.0,cents per litre,fuel-price-history-2013.pdf
ZAF,2013-08,shared,petrol_95_inland_retail,1355.0,cents per litre,fuel-price-history-2013.pdf
ZAF,2013-08,shared,diesel_005_inland_wholesale,1248.23,cents per litre,fuel-price-history-2013.pdf
ZAF,2013-08,shared,diesel_005_coast_wholesale,1221.63,cents per litre,fuel-price-history-2013.pdf
ZAF,2013-08,shared,paraffin_coast,903.328,cents per litre,fuel-price-history-2013.pdf
ZAF,2013-08,shared,paraffin_inland,949.228,cents per litre,fuel-price-history-2013.pdf
ZAF,2013-09,shared,petrol_93_inland_retail,1327.0,cents per litre,fuel-price-history-2013.pdf
ZAF,2013-09,shared,petrol_95_coast_retail,1313.0,cents per litre,fuel-price-history-2013.pdf
ZAF,2013-09,shared,petrol_95_inland_retail,1350.0,cents per litre,fuel-price-history-2013.pdf
ZAF,2013-09,shared,diesel_005_inland_wholesale,1262.05,cents per litre,fuel-price-history-2013.pdf
ZAF,2013-09,shared,diesel_005_coast_wholesale,1235.45,cents per litre,fuel-price-history-2013.pdf
ZAF,2013-09,shared,paraffin_coast,928.328,cents per litre,fuel-price-history-2013.pdf
ZAF,2013-09,shared,paraffin_inland,974.228,cents per litre,fuel-price-history-2013.pdf
ZAF,2013-10,shared,petrol_93_inland_retail,1308.0,cents per litre,fuel-price-history-2013.pdf
ZAF,2013-10,shared,petrol_95_coast_retail,1293.0,cents per litre,fuel-price-history-2013.pdf
ZAF,2013-10,shared,petrol_95_inland_retail,1330.0,cents per litre,fuel-price-history-2013.pdf
ZAF,2013-10,shared,diesel_005_inland_wholesale,1260.05,cents per litre,fuel-price-history-2013.pdf
ZAF,2013-10,shared,diesel_005_coast_wholesale,1233.45,cents per litre,fuel-price-history-2013.pdf
ZAF,2013-10,shared,paraffin_coast,924.328,cents per litre,fuel-price-history-2013.pdf
ZAF,2013-10,shared,paraffin_inland,970.228,cents per litre,fuel-price-history-2013.pdf
ZAF,2013-11,shared,petrol_93_inland_retail,1280.0,cents per litre,fuel-price-history-2013.pdf
ZAF,2013-11,shared,petrol_95_coast_retail,1265.0,cents per litre,fuel-price-history-2013.pdf
ZAF,2013-11,shared,petrol_95_inland_retail,1302.0,cents per litre,fuel-price-history-2013.pdf
ZAF,2013-11,shared,diesel_005_inland_wholesale,1244.85,cents per litre,fuel-price-history-2013.pdf
ZAF,2013-11,shared,diesel_005_coast_wholesale,1218.25,cents per litre,fuel-price-history-2013.pdf
ZAF,2013-11,shared,paraffin_coast,908.328,cents per litre,fuel-price-history-2013.pdf
ZAF,2013-11,shared,paraffin_inland,954.228,cents per litre,fuel-price-history-2013.pdf
ZAF,2013-12,shared,petrol_93_inland_retail,1297.0,cents per litre,fuel-price-history-2013.pdf
ZAF,2013-12,shared,petrol_95_coast_retail,1282.0,cents per litre,fuel-price-history-2013.pdf
ZAF,2013-12,shared,petrol_95_inland_retail,1319.0,cents per litre,fuel-price-history-2013.pdf
ZAF,2013-12,shared,diesel_005_inland_wholesale,1254.97,cents per litre,fuel-price-history-2013.pdf
ZAF,2013-12,shared,diesel_005_coast_wholesale,1228.37,cents per litre,fuel-price-history-2013.pdf
ZAF,2013-12,shared,paraffin_coast,924.828,cents per litre,fuel-price-history-2013.pdf
ZAF,2013-12,shared,paraffin_inland,970.728,cents per litre,fuel-price-history-2013.pdf
ZAF,2014-01,shared,petrol_93_inland_retail,1336.0,cents per litre,fuel-price-history-2014.pdf
ZAF,2014-01,shared,petrol_95_coast_retail,1320.0,cents per litre,fuel-price-history-2014.pdf
ZAF,2014-01,shared,petrol_95_inland_retail,1357.0,cents per litre,fuel-price-history-2014.pdf
ZAF,2014-01,shared,diesel_005_inland_wholesale,1287.157,cents per litre,fuel-price-history-2014.pdf
ZAF,2014-01,shared,diesel_005_coast_wholesale,1260.55,cents per litre,fuel-price-history-2014.pdf
ZAF,2014-01,shared,paraffin_coast,963.828,cents per litre,fuel-price-history-2014.pdf
ZAF,2014-01,shared,paraffin_inland,1009.728,cents per litre,fuel-price-history-2014.pdf
ZAF,2014-02,shared,petrol_93_inland_retail,1375.0,cents per litre,fuel-price-history-2014.pdf
ZAF,2014-02,shared,petrol_95_coast_retail,1359.0,cents per litre,fuel-price-history-2014.pdf
ZAF,2014-02,shared,petrol_95_inland_retail,1396.0,cents per litre,fuel-price-history-2014.pdf
ZAF,2014-02,shared,diesel_005_inland_wholesale,1311.35,cents per litre,fuel-price-history-2014.pdf
ZAF,2014-02,shared,diesel_005_coast_wholesale,1284.75,cents per litre,fuel-price-history-2014.pdf
ZAF,2014-02,shared,paraffin_coast,975.828,cents per litre,fuel-price-history-2014.pdf
ZAF,2014-02,shared,paraffin_inland,1021.728,cents per litre,fuel-price-history-2014.pdf
ZAF,2014-03,shared,petrol_93_inland_retail,1411.0,cents per litre,fuel-price-history-2014.pdf
ZAF,2014-03,shared,petrol_95_coast_retail,1395.0,cents per litre,fuel-price-history-2014.pdf
ZAF,2014-03,shared,petrol_95_inland_retail,1432.0,cents per litre,fuel-price-history-2014.pdf
ZAF,2014-03,shared,diesel_005_inland_wholesale,1338.55,cents per litre,fuel-price-history-2014.pdf
ZAF,2014-03,shared,diesel_005_coast_wholesale,1311.95,cents per litre,fuel-price-history-2014.pdf
ZAF,2014-03,shared,paraffin_coast,991.828,cents per litre,fuel-price-history-2014.pdf
ZAF,2014-03,shared,paraffin_inland,1037.728,cents per litre,fuel-price-history-2014.pdf
ZAF,2014-04,shared,petrol_93_inland_retail,1416.0,cents per litre,fuel-price-history-2014.pdf
ZAF,2014-04,shared,petrol_95_coast_retail,1398.0,cents per litre,fuel-price-history-2014.pdf
ZAF,2014-04,shared,petrol_95_inland_retail,1439.0,cents per litre,fuel-price-history-2014.pdf
ZAF,2014-04,shared,diesel_005_inland_wholesale,1329.75,cents per litre,fuel-price-history-2014.pdf
ZAF,2014-04,shared,diesel_005_coast_wholesale,1299.15,cents per litre,fuel-price-history-2014.pdf
ZAF,2014-04,shared,paraffin_coast,953.028,cents per litre,fuel-price-history-2014.pdf
ZAF,2014-04,shared,paraffin_inland,1003.228,cents per litre,fuel-price-history-2014.pdf
ZAF,2014-05,shared,petrol_93_inland_retail,1401.0,cents per litre,fuel-price-history-2014.pdf
ZAF,2014-05,shared,petrol_95_coast_retail,1383.0,cents per litre,fuel-price-history-2014.pdf
ZAF,2014-05,shared,petrol_95_inland_retail,1424.0,cents per litre,fuel-price-history-2014.pdf
ZAF,2014-05,shared,diesel_005_inland_wholesale,1299.97,cents per litre,fuel-price-history-2014.pdf
ZAF,2014-05,shared,diesel_005_coast_wholesale,1269.37,cents per litre,fuel-price-history-2014.pdf
ZAF,2014-05,shared,paraffin_coast,934.028,cents per litre,fuel-price-history-2014.pdf
ZAF,2014-05,shared,paraffin_inland,984.228,cents per litre,fuel-price-history-2014.pdf
ZAF,2014-06,shared,petrol_93_inland_retail,1379.0,cents per litre,fuel-price-history-2014.pdf
ZAF,2014-06,shared,petrol_95_coast_retail,1361.0,cents per litre,fuel-price-history-2014.pdf
ZAF,2014-06,shared,petrol_95_inland_retail,1402.0,cents per litre,fuel-price-history-2014.pdf
ZAF,2014-06,shared,diesel_005_inland_wholesale,1276.39,cents per litre,fuel-price-history-2014.pdf
ZAF,2014-06,shared,diesel_005_coast_wholesale,1245.79,cents per litre,fuel-price-history-2014.pdf
ZAF,2014-06,shared,paraffin_coast,924.028,cents per litre,fuel-price-history-2014.pdf
ZAF,2014-06,shared,paraffin_inland,974.228,cents per litre,fuel-price-history-2014.pdf
ZAF,2014-07,shared,petrol_93_inland_retail,1408.0,cents per litre,fuel-price-history-2014.pdf
ZAF,2014-07,shared,petrol_95_coast_retail,1392.0,cents per litre,fuel-price-history-2014.pdf
ZAF,2014-07,shared,petrol_95_inland_retail,1433.0,cents per litre,fuel-price-history-2014.pdf
ZAF,2014-07,shared,diesel_005_inland_wholesale,1290.39,cents per litre,fuel-price-history-2014.pdf
ZAF,2014-07,shared,diesel_005_coast_wholesale,1259.79,cents per litre,fuel-price-history-2014.pdf
ZAF,2014-07,shared,paraffin_coast,947.028,cents per litre,fuel-price-history-2014.pdf
ZAF,2014-07,shared,paraffin_inland,997.228,cents per litre,fuel-price-history-2014.pdf
ZAF,2014-08,shared,petrol_93_inland_retail,1408.0,cents per litre,fuel-price-history-2014.pdf
ZAF,2014-08,shared,petrol_95_coast_retail,1392.0,cents per litre,fuel-price-history-2014.pdf
ZAF,2014-08,shared,petrol_95_inland_retail,1433.0,cents per litre,fuel-price-history-2014.pdf
ZAF,2014-08,shared,diesel_005_inland_wholesale,1284.77,cents per litre,fuel-price-history-2014.pdf
ZAF,2014-08,shared,diesel_005_coast_wholesale,1254.17,cents per litre,fuel-price-history-2014.pdf
ZAF,2014-08,shared,paraffin_coast,940.028,cents per litre,fuel-price-history-2014.pdf
ZAF,2014-08,shared,paraffin_inland,990.228,cents per litre,fuel-price-history-2014.pdf
ZAF,2014-09,shared,petrol_93_inland_retail,1341.0,cents per litre,fuel-price-history-2014.pdf
ZAF,2014-09,shared,petrol_95_coast_retail,1325.0,cents per litre,fuel-price-history-2014.pdf
ZAF,2014-09,shared,petrol_95_inland_retail,1366.0,cents per litre,fuel-price-history-2014.pdf
ZAF,2014-09,shared,diesel_005_inland_wholesale,1259.39,cents per litre,fuel-price-history-2014.pdf
ZAF,2014-09,shared,diesel_005_coast_wholesale,1228.79,cents per litre,fuel-price-history-2014.pdf
ZAF,2014-09,shared,paraffin_coast,921.028,cents per litre,fuel-price-history-2014.pdf
ZAF,2014-09,shared,paraffin_inland,971.228,cents per litre,fuel-price-history-2014.pdf
ZAF,2014-10,shared,petrol_93_inland_retail,1343.0,cents per litre,fuel-price-history-2014.pdf
ZAF,2014-10,shared,petrol_95_coast_retail,1320.0,cents per litre,fuel-price-history-2014.pdf
ZAF,2014-10,shared,petrol_95_inland_retail,1361.0,cents per litre,fuel-price-history-2014.pdf
ZAF,2014-10,shared,diesel_005_inland_wholesale,1246.39,cents per litre,fuel-price-history-2014.pdf
ZAF,2014-10,shared,diesel_005_coast_wholesale,1215.79,cents per litre,fuel-price-history-2014.pdf
ZAF,2014-10,shared,paraffin_coast,907.028,cents per litre,fuel-price-history-2014.pdf
ZAF,2014-10,shared,paraffin_inland,957.228,cents per litre,fuel-price-history-2014.pdf
ZAF,2014-11,shared,petrol_93_inland_retail,1298.0,cents per litre,fuel-price-history-2014.pdf
ZAF,2014-11,shared,petrol_95_coast_retail,1275.0,cents per litre,fuel-price-history-2014.pdf
ZAF,2014-11,shared,petrol_95_inland_retail,1316.0,cents per litre,fuel-price-history-2014.pdf
ZAF,2014-11,shared,diesel_005_inland_wholesale,1185.39,cents per litre,fuel-price-history-2014.pdf
ZAF,2014-11,shared,diesel_005_coast_wholesale,1154.79,cents per litre,fuel-price-history-2014.pdf
ZAF,2014-11,shared,paraffin_coast,855.028,cents per litre,fuel-price-history-2014.pdf
ZAF,2014-11,shared,paraffin_inland,905.228,cents per litre,fuel-price-history-2014.pdf
ZAF,2014-12,shared,petrol_93_inland_retail,1229.0,cents per litre,fuel-price-history-2014.pdf
ZAF,2014-12,shared,petrol_95_coast_retail,1206.0,cents per litre,fuel-price-history-2014.pdf
ZAF,2014-12,shared,petrol_95_inland_retail,1247.0,cents per litre,fuel-price-history-2014.pdf
ZAF,2014-12,shared,diesel_005_inland_wholesale,1132.09,cents per litre,fuel-price-history-2014.pdf
ZAF,2014-12,shared,diesel_005_coast_wholesale,1101.49,cents per litre,fuel-price-history-2014.pdf
ZAF,2014-12,shared,paraffin_coast,805.728,cents per litre,fuel-price-history-2014.pdf
ZAF,2014-12,shared,paraffin_inland,855.928,cents per litre,fuel-price-history-2014.pdf
ZAF,2015-01,shared,petrol_93_inland_retail,1102.0,cents per litre,fuel-price-history-2015.pdf
ZAF,2015-01,shared,petrol_95_coast_retail,1083.0,cents per litre,fuel-price-history-2015.pdf
ZAF,2015-01,shared,petrol_95_inland_retail,1124.0,cents per litre,fuel-price-history-2015.pdf
ZAF,2015-01,shared,diesel_005_inland_wholesale,1028.09,cents per litre,fuel-price-history-2015.pdf
ZAF,2015-01,shared,diesel_005_coast_wholesale,997.49,cents per litre,fuel-price-history-2015.pdf
ZAF,2015-01,shared,paraffin_coast,697.728,cents per litre,fuel-price-history-2015.pdf
ZAF,2015-01,shared,paraffin_inland,747.928,cents per litre,fuel-price-history-2015.pdf
ZAF,2015-02,shared,petrol_93_inland_retail,1009.0,cents per litre,fuel-price-history-2015.pdf
ZAF,2015-02,shared,petrol_95_coast_retail,990.0,cents per litre,fuel-price-history-2015.pdf
ZAF,2015-02,shared,petrol_95_inland_retail,1031.0,cents per litre,fuel-price-history-2015.pdf
ZAF,2015-02,shared,diesel_005_inland_wholesale,926.09,cents per litre,fuel-price-history-2015.pdf
ZAF,2015-02,shared,diesel_005_coast_wholesale,895.49,cents per litre,fuel-price-history-2015.pdf
ZAF,2015-02,shared,paraffin_coast,595.728,cents per litre,fuel-price-history-2015.pdf
ZAF,2015-02,shared,paraffin_inland,645.928,cents per litre,fuel-price-history-2015.pdf
ZAF,2015-03,shared,petrol_93_inland_retail,1105.0,cents per litre,fuel-price-history-2015.pdf
ZAF,2015-03,shared,petrol_95_coast_retail,1086.0,cents per litre,fuel-price-history-2015.pdf
ZAF,2015-03,shared,petrol_95_inland_retail,1127.0,cents per litre,fuel-price-history-2015.pdf
ZAF,2015-03,shared,diesel_005_inland_wholesale,1000.09,cents per litre,fuel-price-history-2015.pdf
ZAF,2015-03,shared,diesel_005_coast_wholesale,969.49,cents per litre,fuel-price-history-2015.pdf
ZAF,2015-03,shared,paraffin_coast,668.728,cents per litre,fuel-price-history-2015.pdf
ZAF,2015-03,shared,paraffin_inland,718.928,cents per litre,fuel-price-history-2015.pdf
ZAF,2015-04,shared,petrol_93_inland_retail,1261.0,cents per litre,fuel-price-history-2015.pdf
ZAF,2015-04,shared,petrol_95_coast_retail,1246.0,cents per litre,fuel-price-history-2015.pdf
ZAF,2015-04,shared,petrol_95_inland_retail,1289.0,cents per litre,fuel-price-history-2015.pdf
ZAF,2015-04,shared,diesel_005_inland_wholesale,1122.79,cents per litre,fuel-price-history-2015.pdf
ZAF,2015-04,shared,diesel_005_coast_wholesale,1090.0,cents per litre,fuel-price-history-2015.pdf
ZAF,2015-04,shared,paraffin_coast,690.828,cents per litre,fuel-price-history-2015.pdf
ZAF,2015-04,shared,paraffin_inland,743.828,cents per litre,fuel-price-history-2015.pdf
ZAF,2015-05,shared,petrol_93_inland_retail,1261.0,cents per litre,fuel-price-history-2015.pdf
ZAF,2015-05,shared,petrol_95_coast_retail,1246.0,cents per litre,fuel-price-history-2015.pdf
ZAF,2015-05,shared,petrol_95_inland_retail,1289.0,cents per litre,fuel-price-history-2015.pdf
ZAF,2015-05,shared,diesel_005_inland_wholesale,1117.79,cents per litre,fuel-price-history-2015.pdf
ZAF,2015-05,shared,diesel_005_coast_wholesale,1085.09,cents per litre,fuel-price-history-2015.pdf
ZAF,2015-05,shared,paraffin_coast,685.828,cents per litre,fuel-price-history-2015.pdf
ZAF,2015-05,shared,paraffin_inland,738.828,cents per litre,fuel-price-history-2015.pdf
ZAF,2015-06,shared,petrol_93_inland_retail,1308.0,cents per litre,fuel-price-history-2015.pdf
ZAF,2015-06,shared,petrol_95_coast_retail,1293.0,cents per litre,fuel-price-history-2015.pdf
ZAF,2015-06,shared,petrol_95_inland_retail,1336.0,cents per litre,fuel-price-history-2015.pdf
ZAF,2015-06,shared,diesel_005_inland_wholesale,1166.79,cents per litre,fuel-price-history-2015.pdf
ZAF,2015-06,shared,diesel_005_coast_wholesale,1134.09,cents per litre,fuel-price-history-2015.pdf
ZAF,2015-06,shared,paraffin_coast,727.828,cents per litre,fuel-price-history-2015.pdf
ZAF,2015-06,shared,paraffin_inland,780.828,cents per litre,fuel-price-history-2015.pdf
ZAF,2015-07,shared,petrol_93_inland_retail,1352.0,cents per litre,fuel-price-history-2015.pdf
ZAF,2015-07,shared,petrol_95_coast_retail,1334.0,cents per litre,fuel-price-history-2015.pdf
ZAF,2015-07,shared,petrol_95_inland_retail,1377.0,cents per litre,fuel-price-history-2015.pdf
ZAF,2015-07,shared,diesel_005_inland_wholesale,1170.79,cents per litre,fuel-price-history-2015.pdf
ZAF,2015-07,shared,diesel_005_coast_wholesale,1138.09,cents per litre,fuel-price-history-2015.pdf
ZAF,2015-07,shared,paraffin_coast,733.828,cents per litre,fuel-price-history-2015.pdf
ZAF,2015-07,shared,paraffin_inland,786.828,cents per litre,fuel-price-history-2015.pdf
ZAF,2015-08,shared,petrol_93_inland_retail,1301.0,cents per litre,fuel-price-history-2015.pdf
ZAF,2015-08,shared,petrol_95_coast_retail,1283.0,cents per litre,fuel-price-history-2015.pdf
ZAF,2015-08,shared,petrol_95_inland_retail,1326.0,cents per litre,fuel-price-history-2015.pdf
ZAF,2015-08,shared,diesel_005_inland_wholesale,1094.97,cents per litre,fuel-price-history-2015.pdf
ZAF,2015-08,shared,diesel_005_coast_wholesale,1062.27,cents per litre,fuel-price-history-2015.pdf
ZAF,2015-08,shared,paraffin_coast,663.828,cents per litre,fuel-price-history-2015.pdf
ZAF,2015-08,shared,paraffin_inland,716.828,cents per litre,fuel-price-history-2015.pdf
ZAF,2015-09,shared,petrol_93_inland_retail,1232.0,cents per litre,fuel-price-history-2015.pdf
ZAF,2015-09,shared,petrol_95_coast_retail,1214.0,cents per litre,fuel-price-history-2015.pdf
ZAF,2015-09,shared,petrol_95_inland_retail,1257.0,cents per litre,fuel-price-history-2015.pdf
ZAF,2015-09,shared,diesel_005_inland_wholesale,1040.79,cents per litre,fuel-price-history-2015.pdf
ZAF,2015-09,shared,diesel_005_coast_wholesale,1049.37,cents per litre,fuel-price-history-2015.pdf
ZAF,2015-09,shared,paraffin_coast,608.828,cents per litre,fuel-price-history-2015.pdf
ZAF,2015-09,shared,paraffin_inland,661.828,cents per litre,fuel-price-history-2015.pdf
ZAF,2015-10,shared,petrol_93_inland_retail,1230.0,cents per litre,fuel-price-history-2015.pdf
ZAF,2015-10,shared,petrol_95_coast_retail,1218.0,cents per litre,fuel-price-history-2015.pdf
ZAF,2015-10,shared,petrol_95_inland_retail,1261.0,cents per litre,fuel-price-history-2015.pdf
ZAF,2015-10,shared,diesel_005_inland_wholesale,1093.97,cents per litre,fuel-price-history-2015.pdf
ZAF,2015-10,shared,diesel_005_coast_wholesale,1061.27,cents per litre,fuel-price-history-2015.pdf
ZAF,2015-10,shared,paraffin_coast,658.828,cents per litre,fuel-price-history-2015.pdf
ZAF,2015-10,shared,paraffin_inland,711.828,cents per litre,fuel-price-history-2015.pdf
ZAF,2015-11,shared,petrol_93_inland_retail,1208.0,cents per litre,fuel-price-history-2015.pdf
ZAF,2015-11,shared,petrol_95_coast_retail,1196.0,cents per litre,fuel-price-history-2015.pdf
ZAF,2015-11,shared,petrol_95_inland_retail,1239.0,cents per litre,fuel-price-history-2015.pdf
ZAF,2015-11,shared,diesel_005_inland_wholesale,1084.97,cents per litre,fuel-price-history-2015.pdf
ZAF,2015-11,shared,diesel_005_coast_wholesale,1052.27,cents per litre,fuel-price-history-2015.pdf
ZAF,2015-11,shared,paraffin_coast,656.828,cents per litre,fuel-price-history-2015.pdf
ZAF,2015-11,shared,paraffin_inland,709.828,cents per litre,fuel-price-history-2015.pdf
ZAF,2015-12,shared,petrol_93_inland_retail,1209.0,cents per litre,fuel-price-history-2015.pdf
ZAF,2015-12,shared,petrol_95_coast_retail,1197.0,cents per litre,fuel-price-history-2015.pdf
ZAF,2015-12,shared,petrol_95_inland_retail,1240.0,cents per litre,fuel-price-history-2015.pdf
ZAF,2015-12,shared,diesel_005_inland_wholesale,1081.17,cents per litre,fuel-price-history-2015.pdf
ZAF,2015-12,shared,diesel_005_coast_wholesale,1048.47,cents per litre,fuel-price-history-2015.pdf
ZAF,2015-12,shared,paraffin_coast,657.028,cents per litre,fuel-price-history-2015.pdf
ZAF,2015-12,shared,paraffin_inland,710.028,cents per litre,fuel-price-history-2015.pdf
ZAF,2016-01,shared,petrol_93_inland_retail,1209.0,cents per litre,fuel-price-history-2016.pdf
ZAF,2016-01,shared,petrol_95_coast_retail,1194.0,cents per litre,fuel-price-history-2016.pdf
ZAF,2016-01,shared,petrol_95_inland_retail,1237.0,cents per litre,fuel-price-history-2016.pdf
ZAF,2016-01,shared,diesel_005_inland_wholesale,1005.17,cents per litre,fuel-price-history-2016.pdf
ZAF,2016-01,shared,diesel_005_coast_wholesale,972.47,cents per litre,fuel-price-history-2016.pdf
ZAF,2016-01,shared,paraffin_coast,594.028,cents per litre,fuel-price-history-2016.pdf
ZAF,2016-01,shared,paraffin_inland,647.028,cents per litre,fuel-price-history-2016.pdf
ZAF,2016-02,shared,petrol_93_inland_retail,1215.0,cents per litre,fuel-price-history-2016.pdf
ZAF,2016-02,shared,petrol_95_coast_retail,1200.0,cents per litre,fuel-price-history-2016.pdf
ZAF,2016-02,shared,petrol_95_inland_retail,1243.0,cents per litre,fuel-price-history-2016.pdf
ZAF,2016-02,shared,diesel_005_inland_wholesale,943.17,cents per litre,fuel-price-history-2016.pdf
ZAF,2016-02,shared,diesel_005_coast_wholesale,910.47,cents per litre,fuel-price-history-2016.pdf
ZAF,2016-02,shared,paraffin_coast,535.028,cents per litre,fuel-price-history-2016.pdf
ZAF,2016-02,shared,paraffin_inland,588.028,cents per litre,fuel-price-history-2016.pdf
ZAF,2016-03,shared,petrol_93_inland_retail,1146.0,cents per litre,fuel-price-history-2016.pdf
ZAF,2016-03,shared,petrol_95_coast_retail,1131.0,cents per litre,fuel-price-history-2016.pdf
ZAF,2016-03,shared,petrol_95_inland_retail,1174.0,cents per litre,fuel-price-history-2016.pdf
ZAF,2016-03,shared,diesel_005_inland_wholesale,958.17,cents per litre,fuel-price-history-2016.pdf
ZAF,2016-03,shared,diesel_005_coast_wholesale,925.47,cents per litre,fuel-price-history-2016.pdf
ZAF,2016-03,shared,paraffin_coast,552.028,cents per litre,fuel-price-history-2016.pdf
ZAF,2016-03,shared,paraffin_inland,605.028,cents per litre,fuel-price-history-2016.pdf
ZAF,2016-04,shared,petrol_93_inland_retail,1232.0,cents per litre,fuel-price-history-2016.pdf
ZAF,2016-04,shared,petrol_95_coast_retail,1214.0,cents per litre,fuel-price-history-2016.pdf
ZAF,2016-04,shared,petrol_95_inland_retail,1262.0,cents per litre,fuel-price-history-2016.pdf
ZAF,2016-04,shared,diesel_005_inland_wholesale,1053.87,cents per litre,fuel-price-history-2016.pdf
ZAF,2016-04,shared,diesel_005_coast_wholesale,1015.47,cents per litre,fuel-price-history-2016.pdf
ZAF,2016-04,shared,paraffin_coast,608.028,cents per litre,fuel-price-history-2016.pdf
ZAF,2016-04,shared,paraffin_inland,662.628,cents per litre,fuel-price-history-2016.pdf
ZAF,2016-05,shared,petrol_93_inland_retail,1244.0,cents per litre,fuel-price-history-2016.pdf
ZAF,2016-05,shared,petrol_95_coast_retail,1226.0,cents per litre,fuel-price-history-2016.pdf
ZAF,2016-05,shared,petrol_95_inland_retail,1274.0,cents per litre,fuel-price-history-2016.pdf
ZAF,2016-05,shared,diesel_005_inland_wholesale,1052.87,cents per litre,fuel-price-history-2016.pdf
ZAF,2016-05,shared,diesel_005_coast_wholesale,1014.47,cents per litre,fuel-price-history-2016.pdf
ZAF,2016-05,shared,paraffin_coast,601.028,cents per litre,fuel-price-history-2016.pdf
ZAF,2016-05,shared,paraffin_inland,655.628,cents per litre,fuel-price-history-2016.pdf
ZAF,2016-06,shared,petrol_93_inland_retail,1296.0,cents per litre,fuel-price-history-2016.pdf
ZAF,2016-06,shared,petrol_95_coast_retail,1278.0,cents per litre,fuel-price-history-2016.pdf
ZAF,2016-06,shared,petrol_95_inland_retail,1326.0,cents per litre,fuel-price-history-2016.pdf
ZAF,2016-06,shared,diesel_005_inland_wholesale,1128.87,cents per litre,fuel-price-history-2016.pdf
ZAF,2016-06,shared,diesel_005_coast_wholesale,1090.47,cents per litre,fuel-price-history-2016.pdf
ZAF,2016-06,shared,paraffin_coast,663.028,cents per litre,fuel-price-history-2016.pdf
ZAF,2016-06,shared,paraffin_inland,717.628,cents per litre,fuel-price-history-2016.pdf
ZAF,2016-07,shared,petrol_93_inland_retail,1307.0,cents per litre,fuel-price-history-2016.pdf
ZAF,2016-07,shared,petrol_95_coast_retail,1286.0,cents per litre,fuel-price-history-2016.pdf
ZAF,2016-07,shared,petrol_95_inland_retail,1334.0,cents per litre,fuel-price-history-2016.pdf
ZAF,2016-07,shared,diesel_005_inland_wholesale,1170.87,cents per litre,fuel-price-history-2016.pdf
ZAF,2016-07,shared,diesel_005_coast_wholesale,1132.47,cents per litre,fuel-price-history-2016.pdf
ZAF,2016-07,shared,paraffin_coast,706.028,cents per litre,fuel-price-history-2016.pdf
ZAF,2016-07,shared,paraffin_inland,760.628,cents per litre,fuel-price-history-2016.pdf
ZAF,2016-08,shared,petrol_93_inland_retail,1208.0,cents per litre,fuel-price-history-2016.pdf
ZAF,2016-08,shared,petrol_95_coast_retail,1187.0,cents per litre,fuel-price-history-2016.pdf
ZAF,2016-08,shared,petrol_95_inland_retail,1235.0,cents per litre,fuel-price-history-2016.pdf
ZAF,2016-08,shared,diesel_005_inland_wholesale,1096.87,cents per litre,fuel-price-history-2016.pdf
ZAF,2016-08,shared,diesel_005_coast_wholesale,1058.47,cents per litre,fuel-price-history-2016.pdf
ZAF,2016-08,shared,paraffin_coast,640.028,cents per litre,fuel-price-history-2016.pdf
ZAF,2016-08,shared,paraffin_inland,694.628,cents per litre,fuel-price-history-2016.pdf
ZAF,2016-09,shared,petrol_93_inland_retail,1190.0,cents per litre,fuel-price-history-2016.pdf
ZAF,2016-09,shared,petrol_95_coast_retail,1169.0,cents per litre,fuel-price-history-2016.pdf
ZAF,2016-09,shared,petrol_95_inland_retail,1217.0,cents per litre,fuel-price-history-2016.pdf
ZAF,2016-09,shared,diesel_005_inland_wholesale,1048.87,cents per litre,fuel-price-history-2016.pdf
ZAF,2016-09,shared,diesel_005_coast_wholesale,1010.47,cents per litre,fuel-price-history-2016.pdf
ZAF,2016-09,shared,paraffin_coast,593.028,cents per litre,fuel-price-history-2016.pdf
ZAF,2016-09,shared,paraffin_inland,647.628,cents per litre,fuel-price-history-2016.pdf
ZAF,2016-10,shared,petrol_93_inland_retail,1234.0,cents per litre,fuel-price-history-2016.pdf
ZAF,2016-10,shared,petrol_95_coast_retail,1212.0,cents per litre,fuel-price-history-2016.pdf
ZAF,2016-10,shared,petrol_95_inland_retail,1260.0,cents per litre,fuel-price-history-2016.pdf
ZAF,2016-10,shared,diesel_005_inland_wholesale,1071.87,cents per litre,fuel-price-history-2016.pdf
ZAF,2016-10,shared,diesel_005_coast_wholesale,1033.47,cents per litre,fuel-price-history-2016.pdf
ZAF,2016-10,shared,paraffin_coast,615.028,cents per litre,fuel-price-history-2016.pdf
ZAF,2016-10,shared,paraffin_inland,669.628,cents per litre,fuel-price-history-2016.pdf
ZAF,2016-11,shared,petrol_93_inland_retail,1279.0,cents per litre,fuel-price-history-2016.pdf
ZAF,2016-11,shared,petrol_95_coast_retail,1305.0,cents per litre,fuel-price-history-2016.pdf
ZAF,2016-11,shared,petrol_95_inland_retail,1257.0,cents per litre,fuel-price-history-2016.pdf
ZAF,2016-11,shared,diesel_005_inland_wholesale,1134.87,cents per litre,fuel-price-history-2016.pdf
ZAF,2016-11,shared,diesel_005_coast_wholesale,1096.47,cents per litre,fuel-price-history-2016.pdf
ZAF,2016-11,shared,paraffin_coast,726.628,cents per litre,fuel-price-history-2016.pdf
ZAF,2016-11,shared,paraffin_inland,672.028,cents per litre,fuel-price-history-2016.pdf
ZAF,2016-12,shared,petrol_93_inland_retail,1259.0,cents per litre,fuel-price-history-2016.pdf
ZAF,2016-12,shared,petrol_95_coast_retail,1237.0,cents per litre,fuel-price-history-2016.pdf
ZAF,2016-12,shared,petrol_95_inland_retail,1285.0,cents per litre,fuel-price-history-2016.pdf
ZAF,2016-12,shared,diesel_005_inland_wholesale,1102.83,cents per litre,fuel-price-history-2016.pdf
ZAF,2016-12,shared,diesel_005_coast_wholesale,1064.43,cents per litre,fuel-price-history-2016.pdf
ZAF,2016-12,shared,paraffin_coast,698.588,cents per litre,fuel-price-history-2016.pdf
ZAF,2016-12,shared,paraffin_inland,643.988,cents per litre,fuel-price-history-2016.pdf
ZAF,2017-01,shared,petrol_93_inland_retail,1309.0,cents per litre,fuel-price-history-2017.pdf
ZAF,2017-01,shared,petrol_95_coast_retail,1285.0,cents per litre,fuel-price-history-2017.pdf
ZAF,2017-01,shared,petrol_95_inland_retail,1333.0,cents per litre,fuel-price-history-2017.pdf
ZAF,2017-01,shared,diesel_005_inland_wholesale,1141.83,cents per litre,fuel-price-history-2017.pdf
ZAF,2017-01,shared,diesel_005_coast_wholesale,1103.43,cents per litre,fuel-price-history-2017.pdf
ZAF,2017-01,shared,paraffin_coast,686.988,cents per litre,fuel-price-history-2017.pdf
ZAF,2017-01,shared,paraffin_inland,741.588,cents per litre,fuel-price-history-2017.pdf
ZAF,2017-02,shared,petrol_93_inland_retail,1338.0,cents per litre,fuel-price-history-2017.pdf
ZAF,2017-02,shared,petrol_95_coast_retail,1314.0,cents per litre,fuel-price-history-2017.pdf
ZAF,2017-02,shared,petrol_95_inland_retail,1362.0,cents per litre,fuel-price-history-2017.pdf
ZAF,2017-02,shared,diesel_005_inland_wholesale,1162.83,cents per litre,fuel-price-history-2017.pdf
ZAF,2017-02,shared,diesel_005_coast_wholesale,1124.43,cents per litre,fuel-price-history-2017.pdf
ZAF,2017-02,shared,paraffin_coast,703.988,cents per litre,fuel-price-history-2017.pdf
ZAF,2017-02,shared,paraffin_inland,758.588,cents per litre,fuel-price-history-2017.pdf
ZAF,2017-03,shared,petrol_93_inland_retail,1330.0,cents per litre,fuel-price-history-2017.pdf
ZAF,2017-03,shared,petrol_95_coast_retail,1306.0,cents per litre,fuel-price-history-2017.pdf
ZAF,2017-03,shared,petrol_95_inland_retail,1354.0,cents per litre,fuel-price-history-2017.pdf
ZAF,2017-03,shared,diesel_005_inland_wholesale,1160.83,cents per litre,fuel-price-history-2017.pdf
ZAF,2017-03,shared,diesel_005_coast_wholesale,1122.43,cents per litre,fuel-price-history-2017.pdf
ZAF,2017-03,shared,paraffin_coast,695.988,cents per litre,fuel-price-history-2017.pdf
ZAF,2017-03,shared,paraffin_inland,750.588,cents per litre,fuel-price-history-2017.pdf
ZAF,2017-04,shared,petrol_93_inland_retail,1308.0,cents per litre,fuel-price-history-2017.pdf
ZAF,2017-04,shared,petrol_95_coast_retail,1281.0,cents per litre,fuel-price-history-2017.pdf
ZAF,2017-04,shared,petrol_95_inland_retail,1330.0,cents per litre,fuel-price-history-2017.pdf
ZAF,2017-04,shared,diesel_005_inland_wholesale,1150.33,cents per litre,fuel-price-history-2017.pdf
ZAF,2017-04,shared,diesel_005_coast_wholesale,1111.63,cents per litre,fuel-price-history-2017.pdf
ZAF,2017-04,shared,paraffin_coast,644.188,cents per litre,fuel-price-history-2017.pdf
ZAF,2017-04,shared,paraffin_inland,702.088,cents per litre,fuel-price-history-2017.pdf
ZAF,2017-05,shared,petrol_93_inland_retail,1357.0,cents per litre,fuel-price-history-2017.pdf
ZAF,2017-05,shared,petrol_95_coast_retail,1330.0,cents per litre,fuel-price-history-2017.pdf
ZAF,2017-05,shared,petrol_95_inland_retail,1370.0,cents per litre,fuel-price-history-2017.pdf
ZAF,2017-05,shared,diesel_005_inland_wholesale,1180.33,cents per litre,fuel-price-history-2017.pdf
ZAF,2017-05,shared,diesel_005_coast_wholesale,1141.63,cents per litre,fuel-price-history-2017.pdf
ZAF,2017-05,shared,paraffin_coast,678.188,cents per litre,fuel-price-history-2017.pdf
ZAF,2017-05,shared,paraffin_inland,736.088,cents per litre,fuel-price-history-2017.pdf
ZAF,2017-06,shared,petrol_93_inland_retail,1332.0,cents per litre,fuel-price-history-2017.pdf
ZAF,2017-06,shared,petrol_95_coast_retail,1305.0,cents per litre,fuel-price-history-2017.pdf
ZAF,2017-06,shared,petrol_95_inland_retail,1354.0,cents per litre,fuel-price-history-2017.pdf
ZAF,2017-06,shared,diesel_005_inland_wholesale,1157.33,cents per litre,fuel-price-history-2017.pdf
ZAF,2017-06,shared,diesel_005_coast_wholesale,1118.63,cents per litre,fuel-price-history-2017.pdf
ZAF,2017-06,shared,paraffin_coast,656.188,cents per litre,fuel-price-history-2017.pdf
ZAF,2017-06,shared,paraffin_inland,714.088,cents per litre,fuel-price-history-2017.pdf
ZAF,2017-07,shared,petrol_93_inland_retail,1263.0,cents per litre,fuel-price-history-2017.pdf
ZAF,2017-07,shared,petrol_95_coast_retail,1237.0,cents per litre,fuel-price-history-2017.pdf
ZAF,2017-07,shared,petrol_95_inland_retail,1286.0,cents per litre,fuel-price-history-2017.pdf
ZAF,2017-07,shared,diesel_005_inland_wholesale,1097.33,cents per litre,fuel-price-history-2017.pdf
ZAF,2017-07,shared,diesel_005_coast_wholesale,1058.63,cents per litre,fuel-price-history-2017.pdf
ZAF,2017-07,shared,paraffin_coast,599.188,cents per litre,fuel-price-history-2017.pdf
ZAF,2017-07,shared,paraffin_inland,657.088,cents per litre,fuel-price-history-2017.pdf
ZAF,2017-08,shared,petrol_93_inland_retail,1282.0,cents per litre,fuel-price-history-2017.pdf
ZAF,2017-08,shared,petrol_95_coast_retail,1256.0,cents per litre,fuel-price-history-2017.pdf
ZAF,2017-08,shared,petrol_95_inland_retail,1305.0,cents per litre,fuel-price-history-2017.pdf
ZAF,2017-08,shared,diesel_005_inland_wholesale,1126.33,cents per litre,fuel-price-history-2017.pdf
ZAF,2017-08,shared,diesel_005_coast_wholesale,1087.63,cents per litre,fuel-price-history-2017.pdf
ZAF,2017-08,shared,paraffin_coast,625.188,cents per litre,fuel-price-history-2017.pdf
ZAF,2017-08,shared,paraffin_inland,683.088,cents per litre,fuel-price-history-2017.pdf
ZAF,2017-09,shared,petrol_93_inland_retail,1349.0,cents per litre,fuel-price-history-2017.pdf
ZAF,2017-09,shared,petrol_95_coast_retail,1323.0,cents per litre,fuel-price-history-2017.pdf
ZAF,2017-09,shared,petrol_95_inland_retail,1372.0,cents per litre,fuel-price-history-2017.pdf
ZAF,2017-09,shared,diesel_005_inland_wholesale,1170.33,cents per litre,fuel-price-history-2017.pdf
ZAF,2017-09,shared,diesel_005_coast_wholesale,1131.63,cents per litre,fuel-price-history-2017.pdf
ZAF,2017-09,shared,paraffin_coast,674.188,cents per litre,fuel-price-history-2017.pdf
ZAF,2017-09,shared,paraffin_inland,732.088,cents per litre,fuel-price-history-2017.pdf
ZAF,2017-10,shared,petrol_93_inland_retail,1374.0,cents per litre,fuel-price-history-2017.pdf
ZAF,2017-10,shared,petrol_95_coast_retail,1352.0,cents per litre,fuel-price-history-2017.pdf
ZAF,2017-10,shared,petrol_95_inland_retail,1401.0,cents per litre,fuel-price-history-2017.pdf
ZAF,2017-10,shared,diesel_005_inland_wholesale,1212.33,cents per litre,fuel-price-history-2017.pdf
ZAF,2017-10,shared,diesel_005_coast_wholesale,1173.63,cents per litre,fuel-price-history-2017.pdf
ZAF,2017-10,shared,paraffin_coast,713.188,cents per litre,fuel-price-history-2017.pdf
ZAF,2017-10,shared,paraffin_inland,771.088,cents per litre,fuel-price-history-2017.pdf
ZAF,2017-11,shared,petrol_93_inland_retail,1378.0,cents per litre,fuel-price-history-2017.pdf
ZAF,2017-11,shared,petrol_95_coast_retail,1356.0,cents per litre,fuel-price-history-2017.pdf
ZAF,2017-11,shared,petrol_95_inland_retail,1405.0,cents per litre,fuel-price-history-2017.pdf
ZAF,2017-11,shared,diesel_005_inland_wholesale,1235.33,cents per litre,fuel-price-history-2017.pdf
ZAF,2017-11,shared,diesel_005_coast_wholesale,1196.63,cents per litre,fuel-price-history-2017.pdf
ZAF,2017-11,shared,paraffin_coast,734.188,cents per litre,fuel-price-history-2017.pdf
ZAF,2017-11,shared,paraffin_inland,792.088,cents per litre,fuel-price-history-2017.pdf
ZAF,2017-12,shared,petrol_93_inland_retail,1449.0,cents per litre,fuel-price-history-2017.pdf
ZAF,2017-12,shared,petrol_95_coast_retail,1427.0,cents per litre,fuel-price-history-2017.pdf
ZAF,2017-12,shared,petrol_95_inland_retail,1476.0,cents per litre,fuel-price-history-2017.pdf
ZAF,2017-12,shared,diesel_005_inland_wholesale,1295.63,cents per litre,fuel-price-history-2017.pdf
ZAF,2017-12,shared,diesel_005_coast_wholesale,1256.93,cents per litre,fuel-price-history-2017.pdf
ZAF,2017-12,shared,paraffin_coast,807.488,cents per litre,fuel-price-history-2017.pdf
ZAF,2017-12,shared,paraffin_inland,865.388,cents per litre,fuel-price-history-2017.pdf
ZAF,2018-01,shared,petrol_93_inland_retail,1420.0,cents per litre,fuel-price-history-2018.pdf
ZAF,2018-01,shared,petrol_95_coast_retail,1393.0,cents per litre,fuel-price-history-2018.pdf
ZAF,2018-01,shared,petrol_95_inland_retail,1442.0,cents per litre,fuel-price-history-2018.pdf
ZAF,2018-01,shared,diesel_005_inland_wholesale,1273.63,cents per litre,fuel-price-history-2018.pdf
ZAF,2018-01,shared,diesel_005_coast_wholesale,1234.93,cents per litre,fuel-price-history-2018.pdf
ZAF,2018-01,shared,paraffin_coast,779.488,cents per litre,fuel-price-history-2018.pdf
ZAF,2018-01,shared,paraffin_inland,837.388,cents per litre,fuel-price-history-2018.pdf
ZAF,2018-02,shared,petrol_93_inland_retail,1390.0,cents per litre,fuel-price-history-2018.pdf
ZAF,2018-02,shared,petrol_95_coast_retail,1363.0,cents per litre,fuel-price-history-2018.pdf
ZAF,2018-02,shared,petrol_95_inland_retail,1412.0,cents per litre,fuel-price-history-2018.pdf
ZAF,2018-02,shared,diesel_005_inland_wholesale,1256.63,cents per litre,fuel-price-history-2018.pdf
ZAF,2018-02,shared,diesel_005_coast_wholesale,1217.93,cents per litre,fuel-price-history-2018.pdf
ZAF,2018-02,shared,paraffin_coast,760.488,cents per litre,fuel-price-history-2018.pdf
ZAF,2018-02,shared,paraffin_inland,818.388,cents per litre,fuel-price-history-2018.pdf
ZAF,2018-03,shared,petrol_93_inland_retail,1354.0,cents per litre,fuel-price-history-2018.pdf
ZAF,2018-03,shared,petrol_95_coast_retail,1327.0,cents per litre,fuel-price-history-2018.pdf
ZAF,2018-03,shared,petrol_95_inland_retail,1376.0,cents per litre,fuel-price-history-2018.pdf
ZAF,2018-03,shared,diesel_005_inland_wholesale,1209.63,cents per litre,fuel-price-history-2018.pdf
ZAF,2018-03,shared,diesel_005_coast_wholesale,1170.93,cents per litre,fuel-price-history-2018.pdf
ZAF,2018-03,shared,paraffin_coast,737.488,cents per litre,fuel-price-history-2018.pdf
ZAF,2018-03,shared,paraffin_inland,795.388,cents per litre,fuel-price-history-2018.pdf
ZAF,2018-04,shared,petrol_93_inland_retail,1423.0,cents per litre,fuel-price-history-2018.pdf
ZAF,2018-04,shared,petrol_95_coast_retail,1389.0,cents per litre,fuel-price-history-2018.pdf
ZAF,2018-04,shared,petrol_95_inland_retail,1448.0,cents per litre,fuel-price-history-2018.pdf
ZAF,2018-04,shared,diesel_005_inland_wholesale,1274.83,cents per litre,fuel-price-history-2018.pdf
ZAF,2018-04,shared,diesel_005_coast_wholesale,1226.03,cents per litre,fuel-price-history-2018.pdf
ZAF,2018-04,shared,paraffin_coast,732.588,cents per litre,fuel-price-history-2018.pdf
ZAF,2018-04,shared,paraffin_inland,793.088,cents per litre,fuel-price-history-2018.pdf
ZAF,2018-05,shared,petrol_93_inland_retail,1472.0,cents per litre,fuel-price-history-2018.pdf
ZAF,2018-05,shared,petrol_95_coast_retail,1438.0,cents per litre,fuel-price-history-2018.pdf
ZAF,2018-05,shared,petrol_95_inland_retail,1497.0,cents per litre,fuel-price-history-2018.pdf
ZAF,2018-05,shared,diesel_005_inland_wholesale,1333.83,cents per litre,fuel-price-history-2018.pdf
ZAF,2018-05,shared,diesel_005_coast_wholesale,1285.03,cents per litre,fuel-price-history-2018.pdf
ZAF,2018-05,shared,paraffin_coast,784.588,cents per litre,fuel-price-history-2018.pdf
ZAF,2018-05,shared,paraffin_inland,845.088,cents per litre,fuel-price-history-2018.pdf
ZAF,2018-06,shared,petrol_93_inland_retail,1554.0,cents per litre,fuel-price-history-2018.pdf
ZAF,2018-06,shared,petrol_95_coast_retail,1520.0,cents per litre,fuel-price-history-2018.pdf
ZAF,2018-06,shared,petrol_95_inland_retail,1579.0,cents per litre,fuel-price-history-2018.pdf
ZAF,2018-06,shared,diesel_005_inland_wholesale,1418.83,cents per litre,fuel-price-history-2018.pdf
ZAF,2018-06,shared,diesel_005_coast_wholesale,1370.03,cents per litre,fuel-price-history-2018.pdf
ZAF,2018-06,shared,paraffin_coast,866.588,cents per litre,fuel-price-history-2018.pdf
ZAF,2018-06,shared,paraffin_inland,927.088,cents per litre,fuel-price-history-2018.pdf
ZAF,2018-07,shared,petrol_93_inland_retail,1580.0,cents per litre,fuel-price-history-2018.pdf
ZAF,2018-07,shared,petrol_95_coast_retail,1543.0,cents per litre,fuel-price-history-2018.pdf
ZAF,2018-07,shared,petrol_95_inland_retail,1602.0,cents per litre,fuel-price-history-2018.pdf
ZAF,2018-07,shared,diesel_005_inland_wholesale,1444.83,cents per litre,fuel-price-history-2018.pdf
ZAF,2018-07,shared,diesel_005_coast_wholesale,1396.03,cents per litre,fuel-price-history-2018.pdf
ZAF,2018-07,shared,paraffin_coast,888.588,cents per litre,fuel-price-history-2018.pdf
ZAF,2018-07,shared,paraffin_inland,949.088,cents per litre,fuel-price-history-2018.pdf
ZAF,2018-08,shared,petrol_93_inland_retail,1581.0,cents per litre,fuel-price-history-2018.pdf
ZAF,2018-08,shared,petrol_95_coast_retail,1544.0,cents per litre,fuel-price-history-2018.pdf
ZAF,2018-08,shared,petrol_95_inland_retail,1603.0,cents per litre,fuel-price-history-2018.pdf
ZAF,2018-08,shared,diesel_005_inland_wholesale,1440.83,cents per litre,fuel-price-history-2018.pdf
ZAF,2018-08,shared,diesel_005_coast_wholesale,1392.03,cents per litre,fuel-price-history-2018.pdf
ZAF,2018-08,shared,paraffin_coast,892.588,cents per litre,fuel-price-history-2018.pdf
ZAF,2018-08,shared,paraffin_inland,953.088,cents per litre,fuel-price-history-2018.pdf
ZAF,2018-09,shared,petrol_93_inland_retail,1586.0,cents per litre,fuel-price-history-2018.pdf
ZAF,2018-09,shared,petrol_95_coast_retail,1549.0,cents per litre,fuel-price-history-2018.pdf
ZAF,2018-09,shared,petrol_95_inland_retail,1608.0,cents per litre,fuel-price-history-2018.pdf
ZAF,2018-09,shared,diesel_005_inland_wholesale,1440.83,cents per litre,fuel-price-history-2018.pdf
ZAF,2018-09,shared,diesel_005_coast_wholesale,1392.03,cents per litre,fuel-price-history-2018.pdf
ZAF,2018-09,shared,paraffin_coast,892.588,cents per litre,fuel-price-history-2018.pdf
ZAF,2018-09,shared,paraffin_inland,953.088,cents per litre,fuel-price-history-2018.pdf
ZAF,2018-10,shared,petrol_93_inland_retail,1685.0,cents per litre,fuel-price-history-2018.pdf
ZAF,2018-10,shared,petrol_95_coast_retail,1649.0,cents per litre,fuel-price-history-2018.pdf
ZAF,2018-10,shared,petrol_95_inland_retail,1708.0,cents per litre,fuel-price-history-2018.pdf
ZAF,2018-10,shared,diesel_005_inland_wholesale,1564.83,cents per litre,fuel-price-history-2018.pdf
ZAF,2018-10,shared,diesel_005_coast_wholesale,1516.03,cents per litre,fuel-price-history-2018.pdf
ZAF,2018-10,shared,paraffin_coast,996.588,cents per litre,fuel-price-history-2018.pdf
ZAF,2018-10,shared,paraffin_inland,1057.088,cents per litre,fuel-price-history-2018.pdf
ZAF,2018-11,shared,petrol_93_inland_retail,1685.0,cents per litre,fuel-price-history-2018.pdf
ZAF,2018-11,shared,petrol_95_coast_retail,1649.0,cents per litre,fuel-price-history-2018.pdf
ZAF,2018-11,shared,petrol_95_inland_retail,1708.0,cents per litre,fuel-price-history-2018.pdf
ZAF,2018-11,shared,diesel_005_inland_wholesale,1612.75,cents per litre,fuel-price-history-2018.pdf
ZAF,2018-11,shared,diesel_005_coast_wholesale,1563.95,cents per litre,fuel-price-history-2018.pdf
ZAF,2018-11,shared,paraffin_coast,1024.588,cents per litre,fuel-price-history-2018.pdf
ZAF,2018-11,shared,paraffin_inland,1085.088,cents per litre,fuel-price-history-2018.pdf
ZAF,2018-12,shared,petrol_93_inland_retail,1501.0,cents per litre,fuel-price-history-2018.pdf
ZAF,2018-12,shared,petrol_95_coast_retail,1465.0,cents per litre,fuel-price-history-2018.pdf
ZAF,2018-12,shared,petrol_95_inland_retail,1524.0,cents per litre,fuel-price-history-2018.pdf
ZAF,2018-12,shared,diesel_005_inland_wholesale,1467.34,cents per litre,fuel-price-history-2018.pdf
ZAF,2018-12,shared,diesel_005_coast_wholesale,1418.54,cents per litre,fuel-price-history-2018.pdf
ZAF,2018-12,shared,paraffin_coast,891.178,cents per litre,fuel-price-history-2018.pdf
ZAF,2018-12,shared,paraffin_inland,951.678,cents per litre,fuel-price-history-2018.pdf
ZAF,2019-01,shared,petrol_93_inland_retail,1379.0,cents per litre,fuel-price-history-2019.pdf
ZAF,2019-01,shared,petrol_95_coast_retail,1342.0,cents per litre,fuel-price-history-2019.pdf
ZAF,2019-01,shared,petrol_95_inland_retail,1401.0,cents per litre,fuel-price-history-2019.pdf
ZAF,2019-01,shared,diesel_005_inland_wholesale,1313.42,cents per litre,fuel-price-history-2019.pdf
ZAF,2019-01,shared,diesel_005_coast_wholesale,1264.62,cents per litre,fuel-price-history-2019.pdf
ZAF,2019-01,shared,paraffin_coast,768.178,cents per litre,fuel-price-history-2019.pdf
ZAF,2019-01,shared,paraffin_inland,828.678,cents per litre,fuel-price-history-2019.pdf
ZAF,2019-02,shared,petrol_93_inland_retail,1386.0,cents per litre,fuel-price-history-2019.pdf
ZAF,2019-02,shared,petrol_95_coast_retail,1349.0,cents per litre,fuel-price-history-2019.pdf
ZAF,2019-02,shared,petrol_95_inland_retail,1408.0,cents per litre,fuel-price-history-2019.pdf
ZAF,2019-02,shared,diesel_005_inland_wholesale,1314.42,cents per litre,fuel-price-history-2019.pdf
ZAF,2019-02,shared,diesel_005_coast_wholesale,1265.62,cents per litre,fuel-price-history-2019.pdf
ZAF,2019-02,shared,paraffin_coast,763.178,cents per litre,fuel-price-history-2019.pdf
ZAF,2019-02,shared,paraffin_inland,823.678,cents per litre,fuel-price-history-2019.pdf
ZAF,2019-03,shared,petrol_93_inland_retail,1460.0,cents per litre,fuel-price-history-2019.pdf
ZAF,2019-03,shared,petrol_95_coast_retail,1423.0,cents per litre,fuel-price-history-2019.pdf
ZAF,2019-03,shared,petrol_95_inland_retail,1482.0,cents per litre,fuel-price-history-2019.pdf
ZAF,2019-03,shared,diesel_005_inland_wholesale,1405.42,cents per litre,fuel-price-history-2019.pdf
ZAF,2019-03,shared,diesel_005_coast_wholesale,1356.62,cents per litre,fuel-price-history-2019.pdf
ZAF,2019-03,shared,paraffin_coast,839.178,cents per litre,fuel-price-history-2019.pdf
ZAF,2019-03,shared,paraffin_inland,899.678,cents per litre,fuel-price-history-2019.pdf
ZAF,2019-04,shared,petrol_93_inland_retail,1594.0,cents per litre,fuel-price-history-2019.pdf
ZAF,2019-04,shared,petrol_95_coast_retail,1549.0,cents per litre,fuel-price-history-2019.pdf
ZAF,2019-04,shared,petrol_95_inland_retail,1613.0,cents per litre,fuel-price-history-2019.pdf
ZAF,2019-04,shared,diesel_005_inland_wholesale,1487.12,cents per litre,fuel-price-history-2019.pdf
ZAF,2019-04,shared,diesel_005_coast_wholesale,1432.92,cents per litre,fuel-price-history-2019.pdf
ZAF,2019-04,shared,paraffin_coast,895.478,cents per litre,fuel-price-history-2019.pdf
ZAF,2019-04,shared,paraffin_inland,962.678,cents per litre,fuel-price-history-2019.pdf
ZAF,2019-05,shared,petrol_93_inland_retail,1648.0,cents per litre,fuel-price-history-2019.pdf
ZAF,2019-05,shared,petrol_95_coast_retail,1603.0,cents per litre,fuel-price-history-2019.pdf
ZAF,2019-05,shared,petrol_95_inland_retail,1667.0,cents per litre,fuel-price-history-2019.pdf
ZAF,2019-05,shared,diesel_005_inland_wholesale,1488.12,cents per litre,fuel-price-history-2019.pdf
ZAF,2019-05,shared,diesel_005_coast_wholesale,1433.92,cents per litre,fuel-price-history-2019.pdf
ZAF,2019-05,shared,paraffin_coast,898.478,cents per litre,fuel-price-history-2019.pdf
ZAF,2019-05,shared,paraffin_inland,965.678,cents per litre,fuel-price-history-2019.pdf
ZAF,2019-06,shared,petrol_93_inland_retail,1657.0,cents per litre,fuel-price-history-2019.pdf
ZAF,2019-06,shared,petrol_95_coast_retail,1612.0,cents per litre,fuel-price-history-2019.pdf
ZAF,2019-06,shared,petrol_95_inland_retail,1676.0,cents per litre,fuel-price-history-2019.pdf
ZAF,2019-06,shared,diesel_005_inland_wholesale,1521.28,cents per litre,fuel-price-history-2019.pdf
ZAF,2019-06,shared,diesel_005_coast_wholesale,1467.08,cents per litre,fuel-price-history-2019.pdf
ZAF,2019-06,shared,paraffin_coast,906.478,cents per litre,fuel-price-history-2019.pdf
ZAF,2019-06,shared,paraffin_inland,973.678,cents per litre,fuel-price-history-2019.pdf
ZAF,2019-07,shared,petrol_93_inland_retail,1561.0,cents per litre,fuel-price-history-2019.pdf
ZAF,2019-07,shared,petrol_95_coast_retail,1517.0,cents per litre,fuel-price-history-2019.pdf
ZAF,2019-07,shared,petrol_95_inland_retail,1581.0,cents per litre,fuel-price-history-2019.pdf
ZAF,2019-07,shared,diesel_005_inland_wholesale,1446.9,cents per litre,fuel-price-history-2019.pdf
ZAF,2019-07,shared,diesel_005_coast_wholesale,1392.3,cents per litre,fuel-price-history-2019.pdf
ZAF,2019-07,shared,paraffin_coast,849.478,cents per litre,fuel-price-history-2019.pdf
ZAF,2019-07,shared,paraffin_inland,916.678,cents per litre,fuel-price-history-2019.pdf
ZAF,2019-08,shared,petrol_93_inland_retail,1572.0,cents per litre,fuel-price-history-2019.pdf
ZAF,2019-08,shared,petrol_95_coast_retail,1528.0,cents per litre,fuel-price-history-2019.pdf
ZAF,2019-08,shared,petrol_95_inland_retail,1592.0,cents per litre,fuel-price-history-2019.pdf
ZAF,2019-08,shared,diesel_005_inland_wholesale,1433.21,cents per litre,fuel-price-history-2019.pdf
ZAF,2019-08,shared,diesel_005_coast_wholesale,1379.01,cents per litre,fuel-price-history-2019.pdf
ZAF,2019-08,shared,paraffin_coast,847.478,cents per litre,fuel-price-history-2019.pdf
ZAF,2019-08,shared,paraffin_inland,914.678,cents per litre,fuel-price-history-2019.pdf
ZAF,2019-09,shared,petrol_93_inland_retail,1583.0,cents per litre,fuel-price-history-2019.pdf
ZAF,2019-09,shared,petrol_95_coast_retail,1539.0,cents per litre,fuel-price-history-2019.pdf
ZAF,2019-09,shared,petrol_95_inland_retail,1603.0,cents per litre,fuel-price-history-2019.pdf
ZAF,2019-09,shared,diesel_005_inland_wholesale,1459.21,cents per litre,fuel-price-history-2019.pdf
ZAF,2019-09,shared,diesel_005_coast_wholesale,1405.01,cents per litre,fuel-price-history-2019.pdf
ZAF,2019-09,shared,paraffin_coast,871.478,cents per litre,fuel-price-history-2019.pdf
ZAF,2019-09,shared,paraffin_inland,938.678,cents per litre,fuel-price-history-2019.pdf
ZAF,2019-10,shared,petrol_93_inland_retail,1579.0,cents per litre,fuel-price-history-2019.pdf
ZAF,2019-10,shared,petrol_95_coast_retail,1557.0,cents per litre,fuel-price-history-2019.pdf
ZAF,2019-10,shared,petrol_95_inland_retail,1621.0,cents per litre,fuel-price-history-2019.pdf
ZAF,2019-10,shared,diesel_005_inland_wholesale,1484.21,cents per litre,fuel-price-history-2019.pdf
ZAF,2019-10,shared,diesel_005_coast_wholesale,1430.01,cents per litre,fuel-price-history-2019.pdf
ZAF,2019-10,shared,paraffin_coast,896.478,cents per litre,fuel-price-history-2019.pdf
ZAF,2019-10,shared,paraffin_inland,963.678,cents per litre,fuel-price-history-2019.pdf
ZAF,2019-11,shared,petrol_93_inland_retail,1566.0,cents per litre,fuel-price-history-2019.pdf
ZAF,2019-11,shared,petrol_95_coast_retail,1544.0,cents per litre,fuel-price-history-2019.pdf
ZAF,2019-11,shared,petrol_95_inland_retail,1608.0,cents per litre,fuel-price-history-2019.pdf
ZAF,2019-11,shared,diesel_005_inland_wholesale,1468.21,cents per litre,fuel-price-history-2019.pdf
ZAF,2019-11,shared,diesel_005_coast_wholesale,1414.01,cents per litre,fuel-price-history-2019.pdf
ZAF,2019-11,shared,paraffin_coast,873.478,cents per litre,fuel-price-history-2019.pdf
ZAF,2019-11,shared,paraffin_inland,940.678,cents per litre,fuel-price-history-2019.pdf
ZAF,2019-12,shared,petrol_93_inland_retail,1588.0,cents per litre,fuel-price-history-2019.pdf
ZAF,2019-12,shared,petrol_95_coast_retail,1566.0,cents per litre,fuel-price-history-2019.pdf
ZAF,2019-12,shared,petrol_95_inland_retail,1630.0,cents per litre,fuel-price-history-2019.pdf
ZAF,2019-12,shared,diesel_005_inland_wholesale,1453.26,cents per litre,fuel-price-history-2019.pdf
ZAF,2019-12,shared,diesel_005_coast_wholesale,1399.06,cents per litre,fuel-price-history-2019.pdf
ZAF,2019-12,shared,paraffin_coast,855.528,cents per litre,fuel-price-history-2019.pdf
ZAF,2019-12,shared,paraffin_inland,922.728,cents per litre,fuel-price-history-2019.pdf
ZAF,2020-01,shared,petrol_93_inland_retail,1584.0,cents per litre,fuel-price-history-2020.pdf
ZAF,2020-01,shared,petrol_95_coast_retail,1552.0,cents per litre,fuel-price-history-2020.pdf
ZAF,2020-01,shared,petrol_95_inland_retail,1616.0,cents per litre,fuel-price-history-2020.pdf
ZAF,2020-01,shared,diesel_005_inland_wholesale,1462.26,cents per litre,fuel-price-history-2020.pdf
ZAF,2020-01,shared,diesel_005_coast_wholesale,1408.06,cents per litre,fuel-price-history-2020.pdf
ZAF,2020-01,shared,paraffin_coast,860.528,cents per litre,fuel-price-history-2020.pdf
ZAF,2020-01,shared,paraffin_inland,927.728,cents per litre,fuel-price-history-2020.pdf
ZAF,2020-02,shared,petrol_93_inland_retail,1571.0,cents per litre,fuel-price-history-2020.pdf
ZAF,2020-02,shared,petrol_95_coast_retail,1539.0,cents per litre,fuel-price-history-2020.pdf
ZAF,2020-02,shared,petrol_95_inland_retail,1603.0,cents per litre,fuel-price-history-2020.pdf
ZAF,2020-02,shared,diesel_005_inland_wholesale,1457.26,cents per litre,fuel-price-history-2020.pdf
ZAF,2020-02,shared,diesel_005_coast_wholesale,1403.06,cents per litre,fuel-price-history-2020.pdf
ZAF,2020-02,shared,paraffin_coast,857.528,cents per litre,fuel-price-history-2020.pdf
ZAF,2020-02,shared,paraffin_inland,924.728,cents per litre,fuel-price-history-2020.pdf
ZAF,2020-03,shared,petrol_93_inland_retail,1552.0,cents per litre,fuel-price-history-2020.pdf
ZAF,2020-03,shared,petrol_95_coast_retail,1520.0,cents per litre,fuel-price-history-2020.pdf
ZAF,2020-03,shared,petrol_95_inland_retail,1584.0,cents per litre,fuel-price-history-2020.pdf
ZAF,2020-03,shared,diesel_005_inland_wholesale,1403.26,cents per litre,fuel-price-history-2020.pdf
ZAF,2020-03,shared,diesel_005_coast_wholesale,1349.06,cents per litre,fuel-price-history-2020.pdf
ZAF,2020-03,shared,paraffin_coast,789.528,cents per litre,fuel-price-history-2020.pdf
ZAF,2020-03,shared,paraffin_inland,856.728,cents per litre,fuel-price-history-2020.pdf
ZAF,2020-04,shared,petrol_93_inland_retail,1376.0,cents per litre,fuel-price-history-2020.pdf
ZAF,2020-04,shared,petrol_95_coast_retail,1326.0,cents per litre,fuel-price-history-2020.pdf
ZAF,2020-04,shared,petrol_95_inland_retail,1396.0,cents per litre,fuel-price-history-2020.pdf
ZAF,2020-04,shared,diesel_005_inland_wholesale,1269.56,cents per litre,fuel-price-history-2020.pdf
ZAF,2020-04,shared,diesel_005_coast_wholesale,1209.26,cents per litre,fuel-price-history-2020.pdf
ZAF,2020-04,shared,paraffin_coast,591.728,cents per litre,fuel-price-history-2020.pdf
ZAF,2020-04,shared,paraffin_inland,672.828,cents per litre,fuel-price-history-2020.pdf
ZAF,2020-05,shared,petrol_93_inland_retail,1202.0,cents per litre,fuel-price-history-2020.pdf
ZAF,2020-05,shared,petrol_95_coast_retail,1252.0,cents per litre,fuel-price-history-2020.pdf
ZAF,2020-05,shared,petrol_95_inland_retail,1222.0,cents per litre,fuel-price-history-2020.pdf
ZAF,2020-05,shared,diesel_005_inland_wholesale,1108.56,cents per litre,fuel-price-history-2020.pdf
ZAF,2020-05,shared,diesel_005_coast_wholesale,1048.26,cents per litre,fuel-price-history-2020.pdf
ZAF,2020-05,shared,paraffin_coast,368.728,cents per litre,fuel-price-history-2020.pdf
ZAF,2020-05,shared,paraffin_inland,449.828,cents per litre,fuel-price-history-2020.pdf
ZAF,2020-06,shared,petrol_93_inland_retail,1320.0,cents per litre,fuel-price-history-2020.pdf
ZAF,2020-06,shared,petrol_95_coast_retail,1270.0,cents per litre,fuel-price-history-2020.pdf
ZAF,2020-06,shared,petrol_95_inland_retail,1340.0,cents per litre,fuel-price-history-2020.pdf
ZAF,2020-06,shared,diesel_005_inland_wholesale,1130.56,cents per litre,fuel-price-history-2020.pdf
ZAF,2020-06,shared,diesel_005_coast_wholesale,1070.26,cents per litre,fuel-price-history-2020.pdf
ZAF,2020-06,shared,paraffin_coast,408.728,cents per litre,fuel-price-history-2020.pdf
ZAF,2020-06,shared,paraffin_inland,489.282,cents per litre,fuel-price-history-2020.pdf
ZAF,2020-07,shared,petrol_93_inland_retail,1483.0,cents per litre,fuel-price-history-2020.pdf
ZAF,2020-07,shared,petrol_95_coast_retail,1442.0,cents per litre,fuel-price-history-2020.pdf
ZAF,2020-07,shared,petrol_95_inland_retail,1512.0,cents per litre,fuel-price-history-2020.pdf
ZAF,2020-07,shared,diesel_005_inland_wholesale,1303.56,cents per litre,fuel-price-history-2020.pdf
ZAF,2020-07,shared,diesel_005_coast_wholesale,1243.26,cents per litre,fuel-price-history-2020.pdf
ZAF,2020-07,shared,paraffin_coast,622.728,cents per litre,fuel-price-history-2020.pdf
ZAF,2020-07,shared,paraffin_inland,703.828,cents per litre,fuel-price-history-2020.pdf
ZAF,2020-08,shared,petrol_93_inland_retail,1488.0,cents per litre,fuel-price-history-2020.pdf
ZAF,2020-08,shared,petrol_95_coast_retail,1447.0,cents per litre,fuel-price-history-2020.pdf
ZAF,2020-08,shared,petrol_95_inland_retail,1517.0,cents per litre,fuel-price-history-2020.pdf
ZAF,2020-08,shared,diesel_005_inland_wholesale,1348.56,cents per litre,fuel-price-history-2020.pdf
ZAF,2020-08,shared,diesel_005_coast_wholesale,1288.26,cents per litre,fuel-price-history-2020.pdf
ZAF,2020-08,shared,paraffin_coast,661.728,cents per litre,fuel-price-history-2020.pdf
ZAF,2020-08,shared,paraffin_inland,742.828,cents per litre,fuel-price-history-2020.pdf
ZAF,2020-09,shared,petrol_93_inland_retail,1489.0,cents per litre,fuel-price-history-2020.pdf
ZAF,2020-09,shared,petrol_95_coast_retail,1448.0,cents per litre,fuel-price-history-2020.pdf
ZAF,2020-09,shared,petrol_95_inland_retail,1518.0,cents per litre,fuel-price-history-2020.pdf
ZAF,2020-09,shared,diesel_005_inland_wholesale,1327.56,cents per litre,fuel-price-history-2020.pdf
ZAF,2020-09,shared,diesel_005_coast_wholesale,1267.26,cents per litre,fuel-price-history-2020.pdf
ZAF,2020-09,shared,paraffin_coast,635.728,cents per litre,fuel-price-history-2020.pdf
ZAF,2020-09,shared,paraffin_inland,716.828,cents per litre,fuel-price-history-2020.pdf
ZAF,2020-10,shared,petrol_93_inland_retail,1466.0,cents per litre,fuel-price-history-2020.pdf
ZAF,2020-10,shared,petrol_95_coast_retail,1416.0,cents per litre,fuel-price-history-2020.pdf
ZAF,2020-10,shared,petrol_95_inland_retail,1486.0,cents per litre,fuel-price-history-2020.pdf
ZAF,2020-10,shared,diesel_005_inland_wholesale,1237.56,cents per litre,fuel-price-history-2020.pdf
ZAF,2020-10,shared,diesel_005_coast_wholesale,1177.26,cents per litre,fuel-price-history-2020.pdf
ZAF,2020-10,shared,paraffin_coast,640.828,cents per litre,fuel-price-history-2020.pdf
ZAF,2020-10,shared,paraffin_inland,559.728,cents per litre,fuel-price-history-2020.pdf
ZAF,2020-11,shared,petrol_93_inland_retail,1439.0,cents per litre,fuel-price-history-2020.pdf
ZAF,2020-11,shared,petrol_95_coast_retail,1389.0,cents per litre,fuel-price-history-2020.pdf
ZAF,2020-11,shared,petrol_95_inland_retail,1459.0,cents per litre,fuel-price-history-2020.pdf
ZAF,2020-11,shared,diesel_005_inland_wholesale,1225.56,cents per litre,fuel-price-history-2020.pdf
ZAF,2020-11,shared,diesel_005_coast_wholesale,1165.26,cents per litre,fuel-price-history-2020.pdf
ZAF,2020-11,shared,paraffin_coast,574.728,cents per litre,fuel-price-history-2020.pdf
ZAF,2020-11,shared,paraffin_inland,655.828,cents per litre,fuel-price-history-2020.pdf
ZAF,2020-12,shared,petrol_93_inland_retail,1426.0,cents per litre,fuel-price-history-2020.pdf
ZAF,2020-12,shared,petrol_95_coast_retail,1376.0,cents per litre,fuel-price-history-2020.pdf
ZAF,2020-12,shared,petrol_95_inland_retail,1446.0,cents per litre,fuel-price-history-2020.pdf
ZAF,2020-12,shared,diesel_005_inland_wholesale,1245.42,cents per litre,fuel-price-history-2020.pdf
ZAF,2020-12,shared,diesel_005_coast_wholesale,1185.12,cents per litre,fuel-price-history-2020.pdf
ZAF,2020-12,shared,paraffin_coast,603.588,cents per litre,fuel-price-history-2020.pdf
ZAF,2020-12,shared,paraffin_inland,684.688,cents per litre,fuel-price-history-2020.pdf
ZAF,2021-01,shared,petrol_93_inland_retail,1469.0,cents per litre,fuel-price-history-2021.pdf
ZAF,2021-01,shared,petrol_95_coast_retail,1376.0,cents per litre,fuel-price-history-2021.pdf
ZAF,2021-01,shared,petrol_95_inland_retail,1486.0,cents per litre,fuel-price-history-2021.pdf
ZAF,2021-01,shared,diesel_005_inland_wholesale,1300.42,cents per litre,fuel-price-history-2021.pdf
ZAF,2021-01,shared,diesel_005_coast_wholesale,1240.12,cents per litre,fuel-price-history-2021.pdf
ZAF,2021-01,shared,paraffin_coast,658.588,cents per litre,fuel-price-history-2021.pdf
ZAF,2021-01,shared,paraffin_inland,739.688,cents per litre,fuel-price-history-2021.pdf
ZAF,2021-02,shared,petrol_93_inland_retail,1550.0,cents per litre,fuel-price-history-2021.pdf
ZAF,2021-02,shared,petrol_95_coast_retail,1497.0,cents per litre,fuel-price-history-2021.pdf
ZAF,2021-02,shared,petrol_95_inland_retail,1567.0,cents per litre,fuel-price-history-2021.pdf
ZAF,2021-02,shared,diesel_005_inland_wholesale,1358.42,cents per litre,fuel-price-history-2021.pdf
ZAF,2021-02,shared,diesel_005_coast_wholesale,1298.12,cents per litre,fuel-price-history-2021.pdf
ZAF,2021-02,shared,paraffin_coast,717.588,cents per litre,fuel-price-history-2021.pdf
ZAF,2021-02,shared,paraffin_inland,798.688,cents per litre,fuel-price-history-2021.pdf
ZAF,2021-03,shared,petrol_93_inland_retail,1615.0,cents per litre,fuel-price-history-2021.pdf
ZAF,2021-03,shared,petrol_95_coast_retail,1562.0,cents per litre,fuel-price-history-2021.pdf
ZAF,2021-03,shared,petrol_95_inland_retail,1632.0,cents per litre,fuel-price-history-2021.pdf
ZAF,2021-03,shared,diesel_005_inland_wholesale,1412.42,cents per litre,fuel-price-history-2021.pdf
ZAF,2021-03,shared,diesel_005_coast_wholesale,1352.12,cents per litre,fuel-price-history-2021.pdf
ZAF,2021-03,shared,paraffin_coast,764.588,cents per litre,fuel-price-history-2021.pdf
ZAF,2021-03,shared,paraffin_inland,845.688,cents per litre,fuel-price-history-2021.pdf
ZAF,2021-04,shared,petrol_93_inland_retail,1710.0,cents per litre,fuel-price-history-2021.pdf
ZAF,2021-04,shared,petrol_95_coast_retail,1661.0,cents per litre,fuel-price-history-2021.pdf
ZAF,2021-04,shared,petrol_95_inland_retail,1732.0,cents per litre,fuel-price-history-2021.pdf
ZAF,2021-04,shared,diesel_005_inland_wholesale,1477.62,cents per litre,fuel-price-history-2021.pdf
ZAF,2021-04,shared,diesel_005_coast_wholesale,1416.12,cents per litre,fuel-price-history-2021.pdf
ZAF,2021-04,shared,paraffin_coast,798.588,cents per litre,fuel-price-history-2021.pdf
ZAF,2021-04,shared,paraffin_inland,880.488,cents per litre,fuel-price-history-2021.pdf
ZAF,2021-05,shared,petrol_93_inland_retail,1701.0,cents per litre,fuel-price-history-2021.pdf
ZAF,2021-05,shared,petrol_95_coast_retail,1651.0,cents per litre,fuel-price-history-2021.pdf
ZAF,2021-05,shared,petrol_95_inland_retail,1723.0,cents per litre,fuel-price-history-2021.pdf
ZAF,2021-05,shared,diesel_005_inland_wholesale,1446.62,cents per litre,fuel-price-history-2021.pdf
ZAF,2021-05,shared,diesel_005_coast_wholesale,1385.12,cents per litre,fuel-price-history-2021.pdf
ZAF,2021-05,shared,paraffin_coast,775.588,cents per litre,fuel-price-history-2021.pdf
ZAF,2021-05,shared,paraffin_inland,857.488,cents per litre,fuel-price-history-2021.pdf
ZAF,2021-06,shared,petrol_93_inland_retail,1691.0,cents per litre,fuel-price-history-2021.pdf
ZAF,2021-06,shared,petrol_95_coast_retail,1641.0,cents per litre,fuel-price-history-2021.pdf
ZAF,2021-06,shared,petrol_95_inland_retail,1713.0,cents per litre,fuel-price-history-2021.pdf
ZAF,2021-06,shared,diesel_005_inland_wholesale,1466.62,cents per litre,fuel-price-history-2021.pdf
ZAF,2021-06,shared,diesel_005_coast_wholesale,1405.12,cents per litre,fuel-price-history-2021.pdf
ZAF,2021-06,shared,paraffin_coast,795.588,cents per litre,fuel-price-history-2021.pdf
ZAF,2021-06,shared,paraffin_inland,877.488,cents per litre,fuel-price-history-2021.pdf
ZAF,2021-07,shared,petrol_93_inland_retail,1720.0,cents per litre,fuel-price-history-2021.pdf
ZAF,2021-07,shared,petrol_95_coast_retail,1667.0,cents per litre,fuel-price-history-2021.pdf
ZAF,2021-07,shared,petrol_95_inland_retail,1739.0,cents per litre,fuel-price-history-2021.pdf
ZAF,2021-07,shared,diesel_005_inland_wholesale,1508.62,cents per litre,fuel-price-history-2021.pdf
ZAF,2021-07,shared,diesel_005_coast_wholesale,1447.12,cents per litre,fuel-price-history-2021.pdf
ZAF,2021-07,shared,paraffin_coast,831.588,cents per litre,fuel-price-history-2021.pdf
ZAF,2021-07,shared,paraffin_inland,913.488,cents per litre,fuel-price-history-2021.pdf
ZAF,2021-08,shared,petrol_93_inland_retail,1811.0,cents per litre,fuel-price-history-2021.pdf
ZAF,2021-08,shared,petrol_95_coast_retail,1758.0,cents per litre,fuel-price-history-2021.pdf
ZAF,2021-08,shared,petrol_95_inland_retail,1830.0,cents per litre,fuel-price-history-2021.pdf
ZAF,2021-08,shared,diesel_005_inland_wholesale,1564.2,cents per litre,fuel-price-history-2021.pdf
ZAF,2021-08,shared,diesel_005_coast_wholesale,1502.7,cents per litre,fuel-price-history-2021.pdf
ZAF,2021-08,shared,paraffin_coast,881.588,cents per litre,fuel-price-history-2021.pdf
ZAF,2021-08,shared,paraffin_inland,963.488,cents per litre,fuel-price-history-2021.pdf
ZAF,2021-09,shared,petrol_93_inland_retail,1815.0,cents per litre,fuel-price-history-2021.pdf
ZAF,2021-09,shared,petrol_95_coast_retail,1762.0,cents per litre,fuel-price-history-2021.pdf
ZAF,2021-09,shared,petrol_95_inland_retail,1834.0,cents per litre,fuel-price-history-2021.pdf
ZAF,2021-09,shared,diesel_005_inland_wholesale,1548.98,cents per litre,fuel-price-history-2021.pdf
ZAF,2021-09,shared,diesel_005_coast_wholesale,1487.48,cents per litre,fuel-price-history-2021.pdf
ZAF,2021-09,shared,paraffin_coast,866.588,cents per litre,fuel-price-history-2021.pdf
ZAF,2021-09,shared,paraffin_inland,948.488,cents per litre,fuel-price-history-2021.pdf
ZAF,2021-10,shared,petrol_93_inland_retail,1811.0,cents per litre,fuel-price-history-2021.pdf
ZAF,2021-10,shared,petrol_95_coast_retail,1761.0,cents per litre,fuel-price-history-2021.pdf
ZAF,2021-10,shared,petrol_95_inland_retail,1833.0,cents per litre,fuel-price-history-2021.pdf
ZAF,2021-10,shared,diesel_005_inland_wholesale,1571.78,cents per litre,fuel-price-history-2021.pdf
ZAF,2021-10,shared,diesel_005_coast_wholesale,1510.28,cents per litre,fuel-price-history-2021.pdf
ZAF,2021-10,shared,paraffin_coast,898.588,cents per litre,fuel-price-history-2021.pdf
ZAF,2021-10,shared,paraffin_inland,980.488,cents per litre,fuel-price-history-2021.pdf
ZAF,2021-11,shared,petrol_93_inland_retail,1932.0,cents per litre,fuel-price-history-2021.pdf
ZAF,2021-11,shared,petrol_95_coast_retail,1882.0,cents per litre,fuel-price-history-2021.pdf
ZAF,2021-11,shared,petrol_95_inland_retail,1954.0,cents per litre,fuel-price-history-2021.pdf
ZAF,2021-11,shared,diesel_005_inland_wholesale,1719.98,cents per litre,fuel-price-history-2021.pdf
ZAF,2021-11,shared,diesel_005_coast_wholesale,1658.48,cents per litre,fuel-price-history-2021.pdf
ZAF,2021-11,shared,paraffin_coast,1043.588,cents per litre,fuel-price-history-2021.pdf
ZAF,2021-11,shared,paraffin_inland,1125.488,cents per litre,fuel-price-history-2021.pdf
ZAF,2021-12,shared,petrol_93_inland_retail,2007.0,cents per litre,fuel-price-history-2021.pdf
ZAF,2021-12,shared,petrol_95_coast_retail,1957.0,cents per litre,fuel-price-history-2021.pdf
ZAF,2021-12,shared,petrol_95_inland_retail,2029.0,cents per litre,fuel-price-history-2021.pdf
ZAF,2021-12,shared,diesel_005_inland_wholesale,1792.48,cents per litre,fuel-price-history-2021.pdf
ZAF,2021-12,shared,diesel_005_coast_wholesale,1730.98,cents per litre,fuel-price-history-2021.pdf
ZAF,2021-12,shared,paraffin_coast,1085.788,cents per litre,fuel-price-history-2021.pdf
ZAF,2021-12,shared,paraffin_inland,1167.688,cents per litre,fuel-price-history-2021.pdf
ZAF,2022-01,shared,petrol_93_inland_retail,1936.0,cents per litre,fuel-price-history-2022.pdf
ZAF,2022-01,shared,petrol_95_coast_retail,1889.0,cents per litre,fuel-price-history-2022.pdf
ZAF,2022-01,shared,petrol_95_inland_retail,1961.0,cents per litre,fuel-price-history-2022.pdf
ZAF,2022-01,shared,diesel_005_inland_wholesale,1724.68,cents per litre,fuel-price-history-2022.pdf
ZAF,2022-01,shared,diesel_005_coast_wholesale,1663.18,cents per litre,fuel-price-history-2022.pdf
ZAF,2022-01,shared,paraffin_coast,1014.788,cents per litre,fuel-price-history-2022.pdf
ZAF,2022-01,shared,paraffin_inland,1096.688,cents per litre,fuel-price-history-2022.pdf
ZAF,2022-02,shared,petrol_93_inland_retail,1989.0,cents per litre,fuel-price-history-2022.pdf
ZAF,2022-02,shared,petrol_95_coast_retail,1942.0,cents per litre,fuel-price-history-2022.pdf
ZAF,2022-02,shared,petrol_95_inland_retail,2014.0,cents per litre,fuel-price-history-2022.pdf
ZAF,2022-02,shared,diesel_005_inland_wholesale,1804.52,cents per litre,fuel-price-history-2022.pdf
ZAF,2022-02,shared,diesel_005_coast_wholesale,1743.02,cents per litre,fuel-price-history-2022.pdf
ZAF,2022-02,shared,paraffin_coast,1115.788,cents per litre,fuel-price-history-2022.pdf
ZAF,2022-02,shared,paraffin_inland,1197.688,cents per litre,fuel-price-history-2022.pdf
ZAF,2022-03,shared,petrol_93_inland_retail,2135.0,cents per litre,fuel-price-history-2022.pdf
ZAF,2022-03,shared,petrol_95_coast_retail,2088.0,cents per litre,fuel-price-history-2022.pdf
ZAF,2022-03,shared,petrol_95_inland_retail,2160.0,cents per litre,fuel-price-history-2022.pdf
ZAF,2022-03,shared,diesel_005_inland_wholesale,1948.88,cents per litre,fuel-price-history-2022.pdf
ZAF,2022-03,shared,diesel_005_coast_wholesale,1887.38,cents per litre,fuel-price-history-2022.pdf
ZAF,2022-03,shared,paraffin_coast,1236.788,cents per litre,fuel-price-history-2022.pdf
ZAF,2022-03,shared,paraffin_inland,1318.688,cents per litre,fuel-price-history-2022.pdf
ZAF,2022-04,shared,petrol_93_inland_retail,2163.0,cents per litre,fuel-price-history-2022.pdf
ZAF,2022-04,shared,petrol_95_coast_retail,2124.0,cents per litre,fuel-price-history-2022.pdf
ZAF,2022-04,shared,petrol_95_inland_retail,2196.0,cents per litre,fuel-price-history-2022.pdf
ZAF,2022-04,shared,diesel_005_inland_wholesale,2101.44,cents per litre,fuel-price-history-2022.pdf
ZAF,2022-04,shared,diesel_005_coast_wholesale,2039.94,cents per litre,fuel-price-history-2022.pdf
ZAF,2022-04,shared,paraffin_coast,1502.788,cents per litre,fuel-price-history-2022.pdf
ZAF,2022-04,shared,paraffin_inland,1584.688,cents per litre,fuel-price-history-2022.pdf
ZAF,2022-05,shared,petrol_93_inland_retail,2151.0,cents per litre,fuel-price-history-2022.pdf
ZAF,2022-05,shared,petrol_95_coast_retail,2109.0,cents per litre,fuel-price-history-2022.pdf
ZAF,2022-05,shared,petrol_95_inland_retail,2184.0,cents per litre,fuel-price-history-2022.pdf
ZAF,2022-05,shared,diesel_005_inland_wholesale,2199.44,cents per litre,fuel-price-history-2022.pdf
ZAF,2022-05,shared,diesel_005_coast_wholesale,2134.24,cents per litre,fuel-price-history-2022.pdf
ZAF,2022-05,shared,paraffin_coast,1585.088,cents per litre,fuel-price-history-2022.pdf
ZAF,2022-05,shared,paraffin_inland,1664.288,cents per litre,fuel-price-history-2022.pdf
ZAF,2022-06,shared,petrol_93_inland_retail,2394.0,cents per litre,fuel-price-history-2022.pdf
ZAF,2022-06,shared,petrol_95_coast_retail,2352.0,cents per litre,fuel-price-history-2022.pdf
ZAF,2022-06,shared,petrol_95_inland_retail,2417.0,cents per litre,fuel-price-history-2022.pdf
ZAF,2022-06,shared,diesel_005_inland_wholesale,2309.44,cents per litre,fuel-price-history-2022.pdf
ZAF,2022-06,shared,diesel_005_coast_wholesale,2244.24,cents per litre,fuel-price-history-2022.pdf
ZAF,2022-06,shared,paraffin_coast,1741.088,cents per litre,fuel-price-history-2022.pdf
ZAF,2022-06,shared,paraffin_inland,1820.288,cents per litre,fuel-price-history-2022.pdf
ZAF,2022-07,shared,petrol_93_inland_retail,2631.0,cents per litre,fuel-price-history-2022.pdf
ZAF,2022-07,shared,petrol_95_coast_retail,2609.0,cents per litre,fuel-price-history-2022.pdf
ZAF,2022-07,shared,petrol_95_inland_retail,2674.0,cents per litre,fuel-price-history-2022.pdf
ZAF,2022-07,shared,diesel_005_inland_wholesale,2540.44,cents per litre,fuel-price-history-2022.pdf
ZAF,2022-07,shared,diesel_005_coast_wholesale,2475.24,cents per litre,fuel-price-history-2022.pdf
ZAF,2022-07,shared,paraffin_coast,1907.088,cents per litre,fuel-price-history-2022.pdf
ZAF,2022-07,shared,paraffin_inland,1986.288,cents per litre,fuel-price-history-2022.pdf
ZAF,2022-08,shared,petrol_93_inland_retail,2499.0,cents per litre,fuel-price-history-2022.pdf
ZAF,2022-08,shared,petrol_95_coast_retail,2477.0,cents per litre,fuel-price-history-2022.pdf
ZAF,2022-08,shared,petrol_95_inland_retail,2542.0,cents per litre,fuel-price-history-2022.pdf
ZAF,2022-08,shared,diesel_005_inland_wholesale,2452.44,cents per litre,fuel-price-history-2022.pdf
ZAF,2022-08,shared,diesel_005_coast_wholesale,2387.24,cents per litre,fuel-price-history-2022.pdf
ZAF,2022-08,shared,paraffin_coast,1763.088,cents per litre,fuel-price-history-2022.pdf
ZAF,2022-08,shared,paraffin_inland,1842.288,cents per litre,fuel-price-history-2022.pdf
ZAF,2022-09,shared,petrol_93_inland_retail,2295.0,cents per litre,fuel-price-history-2022.pdf
ZAF,2022-09,shared,petrol_95_coast_retail,2273.0,cents per litre,fuel-price-history-2022.pdf
ZAF,2022-09,shared,petrol_95_inland_retail,2338.0,cents per litre,fuel-price-history-2022.pdf
ZAF,2022-09,shared,diesel_005_inland_wholesale,2396.1,cents per litre,fuel-price-history-2022.pdf
ZAF,2022-09,shared,diesel_005_coast_wholesale,2330.9,cents per litre,fuel-price-history-2022.pdf
ZAF,2022-09,shared,paraffin_coast,1681.088,cents per litre,fuel-price-history-2022.pdf
ZAF,2022-09,shared,paraffin_inland,1760.288,cents per litre,fuel-price-history-2022.pdf
ZAF,2022-10,shared,petrol_93_inland_retail,2206.0,cents per litre,fuel-price-history-2022.pdf
ZAF,2022-10,shared,petrol_95_coast_retail,2171.0,cents per litre,fuel-price-history-2022.pdf
ZAF,2022-10,shared,petrol_95_inland_retail,2236.0,cents per litre,fuel-price-history-2022.pdf
ZAF,2022-10,shared,diesel_005_inland_wholesale,2406.0,cents per litre,fuel-price-history-2022.pdf
ZAF,2022-10,shared,diesel_005_coast_wholesale,2340.9,cents per litre,fuel-price-history-2022.pdf
ZAF,2022-10,shared,paraffin_coast,1620.088,cents per litre,fuel-price-history-2022.pdf
ZAF,2022-10,shared,paraffin_inland,1699.288,cents per litre,fuel-price-history-2022.pdf
ZAF,2022-11,shared,petrol_93_inland_retail,2257.0,cents per litre,fuel-price-history-2022.pdf
ZAF,2022-11,shared,petrol_95_coast_retail,2222.0,cents per litre,fuel-price-history-2022.pdf
ZAF,2022-11,shared,petrol_95_inland_retail,2287.0,cents per litre,fuel-price-history-2022.pdf
ZAF,2022-11,shared,diesel_005_inland_wholesale,2548.96,cents per litre,fuel-price-history-2022.pdf
ZAF,2022-11,shared,diesel_005_coast_wholesale,2483.76,cents per litre,fuel-price-history-2022.pdf
ZAF,2022-11,shared,paraffin_coast,1697.088,cents per litre,fuel-price-history-2022.pdf
ZAF,2022-11,shared,paraffin_inland,1776.288,cents per litre,fuel-price-history-2022.pdf
ZAF,2022-12,shared,petrol_93_inland_retail,2316.0,cents per litre,fuel-price-history-2022.pdf
ZAF,2022-12,shared,petrol_95_coast_retail,2281.0,cents per litre,fuel-price-history-2022.pdf
ZAF,2022-12,shared,petrol_95_inland_retail,2346.0,cents per litre,fuel-price-history-2022.pdf
ZAF,2022-12,shared,diesel_005_inland_wholesale,2391.77,cents per litre,fuel-price-history-2022.pdf
ZAF,2022-12,shared,diesel_005_coast_wholesale,2326.57,cents per litre,fuel-price-history-2022.pdf
ZAF,2022-12,shared,paraffin_coast,1639.758,cents per litre,fuel-price-history-2022.pdf
ZAF,2022-12,shared,paraffin_inland,1718.958,cents per litre,fuel-price-history-2022.pdf
ZAF,2023-01,shared,petrol_93_inland_retail,2110.0,cents per litre,fuel-price-history-2023.pdf
ZAF,2023-01,shared,petrol_95_coast_retail,2075.0,cents per litre,fuel-price-history-2023.pdf
ZAF,2023-01,shared,petrol_95_inland_retail,2140.0,cents per litre,fuel-price-history-2023.pdf
ZAF,2023-01,shared,diesel_005_inland_wholesale,2122.87,cents per litre,fuel-price-history-2023.pdf
ZAF,2023-01,shared,diesel_005_coast_wholesale,2057.67,cents per litre,fuel-price-history-2023.pdf
ZAF,2023-01,shared,paraffin_coast,1446.758,cents per litre,fuel-price-history-2023.pdf
ZAF,2023-01,shared,paraffin_inland,1525.958,cents per litre,fuel-price-history-2023.pdf
ZAF,2023-02,shared,petrol_93_inland_retail,2138.0,cents per litre,fuel-price-history-2023.pdf
ZAF,2023-02,shared,petrol_95_coast_retail,2103.0,cents per litre,fuel-price-history-2023.pdf
ZAF,2023-02,shared,petrol_95_inland_retail,2168.0,cents per litre,fuel-price-history-2023.pdf
ZAF,2023-02,shared,diesel_005_inland_wholesale,2132.03,cents per litre,fuel-price-history-2023.pdf
ZAF,2023-02,shared,diesel_005_coast_wholesale,2066.83,cents per litre,fuel-price-history-2023.pdf
ZAF,2023-02,shared,paraffin_coast,1504.758,cents per litre,fuel-price-history-2023.pdf
ZAF,2023-02,shared,paraffin_inland,1583.958,cents per litre,fuel-price-history-2023.pdf
ZAF,2023-03,shared,petrol_93_inland_retail,2265.0,cents per litre,fuel-price-history-2023.pdf
ZAF,2023-03,shared,petrol_95_coast_retail,2230.0,cents per litre,fuel-price-history-2023.pdf
ZAF,2023-03,shared,petrol_95_inland_retail,2295.0,cents per litre,fuel-price-history-2023.pdf
ZAF,2023-03,shared,diesel_005_inland_wholesale,2162.41,cents per litre,fuel-price-history-2023.pdf
ZAF,2023-03,shared,diesel_005_coast_wholesale,2097.21,cents per litre,fuel-price-history-2023.pdf
ZAF,2023-03,shared,paraffin_coast,1517.758,cents per litre,fuel-price-history-2023.pdf
ZAF,2023-03,shared,paraffin_inland,1596.958,cents per litre,fuel-price-history-2023.pdf
ZAF,2023-04,shared,petrol_93_inland_retail,2264.0,cents per litre,fuel-price-history-2023.pdf
ZAF,2023-04,shared,petrol_95_coast_retail,2225.0,cents per litre,fuel-price-history-2023.pdf
ZAF,2023-04,shared,petrol_95_inland_retail,2297.0,cents per litre,fuel-price-history-2023.pdf
ZAF,2023-04,shared,diesel_005_inland_wholesale,2088.83,cents per litre,fuel-price-history-2023.pdf
ZAF,2023-04,shared,diesel_005_coast_wholesale,2016.63,cents per litre,fuel-price-history-2023.pdf
ZAF,2023-04,shared,paraffin_coast,1379.558,cents per litre,fuel-price-history-2023.pdf
ZAF,2023-04,shared,paraffin_inland,1472.058,cents per litre,fuel-price-history-2023.pdf
ZAF,2023-05,shared,petrol_93_inland_retail,2301.0,cents per litre,fuel-price-history-2023.pdf
ZAF,2023-05,shared,petrol_95_coast_retail,2262.0,cents per litre,fuel-price-history-2023.pdf
ZAF,2023-05,shared,petrol_95_inland_retail,2334.0,cents per litre,fuel-price-history-2023.pdf
ZAF,2023-05,shared,diesel_005_inland_wholesale,2015.29,cents per litre,fuel-price-history-2023.pdf
ZAF,2023-05,shared,diesel_005_coast_wholesale,1943.09,cents per litre,fuel-price-history-2023.pdf
ZAF,2023-05,shared,paraffin_coast,1346.558,cents per litre,fuel-price-history-2023.pdf
ZAF,2023-05,shared,paraffin_inland,1439.058,cents per litre,fuel-price-history-2023.pdf
ZAF,2023-06,shared,petrol_93_inland_retail,2230.0,cents per litre,fuel-price-history-2023.pdf
ZAF,2023-06,shared,petrol_95_coast_retail,2191.0,cents per litre,fuel-price-history-2023.pdf
ZAF,2023-06,shared,petrol_95_inland_retail,2263.0,cents per litre,fuel-price-history-2023.pdf
ZAF,2023-06,shared,diesel_005_inland_wholesale,1931.29,cents per litre,fuel-price-history-2023.pdf
ZAF,2023-06,shared,diesel_005_coast_wholesale,1859.09,cents per litre,fuel-price-history-2023.pdf
ZAF,2023-06,shared,paraffin_coast,1303.558,cents per litre,fuel-price-history-2023.pdf
ZAF,2023-06,shared,paraffin_inland,1396.058,cents per litre,fuel-price-history-2023.pdf
ZAF,2023-07,shared,petrol_93_inland_retail,2206.0,cents per litre,fuel-price-history-2023.pdf
ZAF,2023-07,shared,petrol_95_coast_retail,2174.0,cents per litre,fuel-price-history-2023.pdf
ZAF,2023-07,shared,petrol_95_inland_retail,2246.0,cents per litre,fuel-price-history-2023.pdf
ZAF,2023-07,shared,diesel_005_inland_wholesale,1949.29,cents per litre,fuel-price-history-2023.pdf
ZAF,2023-07,shared,diesel_005_coast_wholesale,1877.09,cents per litre,fuel-price-history-2023.pdf
ZAF,2023-07,shared,paraffin_coast,1299.558,cents per litre,fuel-price-history-2023.pdf
ZAF,2023-07,shared,paraffin_inland,1392.058,cents per litre,fuel-price-history-2023.pdf
ZAF,2023-08,shared,petrol_93_inland_retail,2243.0,cents per litre,fuel-price-history-2023.pdf
ZAF,2023-08,shared,petrol_95_coast_retail,2211.0,cents per litre,fuel-price-history-2023.pdf
ZAF,2023-08,shared,petrol_95_inland_retail,2283.0,cents per litre,fuel-price-history-2023.pdf
ZAF,2023-08,shared,diesel_005_inland_wholesale,2021.29,cents per litre,fuel-price-history-2023.pdf
ZAF,2023-08,shared,diesel_005_coast_wholesale,1949.09,cents per litre,fuel-price-history-2023.pdf
ZAF,2023-08,shared,paraffin_coast,1370.558,cents per litre,fuel-price-history-2023.pdf
ZAF,2023-08,shared,paraffin_inland,1463.058,cents per litre,fuel-price-history-2023.pdf
ZAF,2023-09,shared,petrol_93_inland_retail,2414.0,cents per litre,fuel-price-history-2023.pdf
ZAF,2023-09,shared,petrol_95_coast_retail,2382.0,cents per litre,fuel-price-history-2023.pdf
ZAF,2023-09,shared,petrol_95_inland_retail,2454.0,cents per litre,fuel-price-history-2023.pdf
ZAF,2023-09,shared,diesel_005_inland_wholesale,2305.29,cents per litre,fuel-price-history-2023.pdf
ZAF,2023-09,shared,diesel_005_coast_wholesale,2233.09,cents per litre,fuel-price-history-2023.pdf
ZAF,2023-09,shared,paraffin_coast,1648.558,cents per litre,fuel-price-history-2023.pdf
ZAF,2023-09,shared,paraffin_inland,1741.058,cents per litre,fuel-price-history-2023.pdf
ZAF,2023-10,shared,petrol_93_inland_retail,2522.0,cents per litre,fuel-price-history-2023.pdf
ZAF,2023-10,shared,petrol_95_coast_retail,2496.0,cents per litre,fuel-price-history-2023.pdf
ZAF,2023-10,shared,petrol_95_inland_retail,2568.0,cents per litre,fuel-price-history-2023.pdf
ZAF,2023-10,shared,diesel_005_inland_wholesale,2501.99,cents per litre,fuel-price-history-2023.pdf
ZAF,2023-10,shared,diesel_005_coast_wholesale,2429.79,cents per litre,fuel-price-history-2023.pdf
ZAF,2023-10,shared,paraffin_coast,1799.558,cents per litre,fuel-price-history-2023.pdf
ZAF,2023-10,shared,paraffin_inland,1892.058,cents per litre,fuel-price-history-2023.pdf
ZAF,2023-11,shared,petrol_93_inland_retail,2344.0,cents per litre,fuel-price-history-2023.pdf
ZAF,2023-11,shared,petrol_95_coast_retail,2318.0,cents per litre,fuel-price-history-2023.pdf
ZAF,2023-11,shared,petrol_95_inland_retail,2390.0,cents per litre,fuel-price-history-2023.pdf
ZAF,2023-11,shared,diesel_005_inland_wholesale,2416.91,cents per litre,fuel-price-history-2023.pdf
ZAF,2023-11,shared,diesel_005_coast_wholesale,2344.71,cents per litre,fuel-price-history-2023.pdf
ZAF,2023-11,shared,paraffin_coast,1702.558,cents per litre,fuel-price-history-2023.pdf
ZAF,2023-11,shared,paraffin_inland,1795.058,cents per litre,fuel-price-history-2023.pdf
ZAF,2023-12,shared,petrol_93_inland_retail,2279.0,cents per litre,fuel-price-history-2023.pdf
ZAF,2023-12,shared,petrol_95_coast_retail,2253.0,cents per litre,fuel-price-history-2023.pdf
ZAF,2023-12,shared,petrol_95_inland_retail,2325.0,cents per litre,fuel-price-history-2023.pdf
ZAF,2023-12,shared,diesel_005_inland_wholesale,2181.49,cents per litre,fuel-price-history-2023.pdf
ZAF,2023-12,shared,diesel_005_coast_wholesale,2109.29,cents per litre,fuel-price-history-2023.pdf
ZAF,2023-12,shared,paraffin_coast,1531.438,cents per litre,fuel-price-history-2023.pdf
ZAF,2023-12,shared,paraffin_inland,1623.938,cents per litre,fuel-price-history-2023.pdf
ZAF,2024-01,shared,petrol_93_inland_retail,2217.0,cents per litre,fuel-price-history-2024.pdf
ZAF,2024-01,shared,petrol_95_coast_retail,2177.0,cents per litre,fuel-price-history-2024.pdf
ZAF,2024-01,shared,petrol_95_inland_retail,2249.0,cents per litre,fuel-price-history-2024.pdf
ZAF,2024-01,shared,diesel_005_inland_wholesale,2063.17,cents per litre,fuel-price-history-2024.pdf
ZAF,2024-01,shared,diesel_005_coast_wholesale,1990.97,cents per litre,fuel-price-history-2024.pdf
ZAF,2024-01,shared,paraffin_coast,1438.438,cents per litre,fuel-price-history-2024.pdf
ZAF,2024-01,shared,paraffin_inland,1530.938,cents per litre,fuel-price-history-2024.pdf
ZAF,2024-02,shared,petrol_93_inland_retail,2292.0,cents per litre,fuel-price-history-2024.pdf
ZAF,2024-02,shared,petrol_95_coast_retail,2252.0,cents per litre,fuel-price-history-2024.pdf
ZAF,2024-02,shared,petrol_95_inland_retail,2324.0,cents per litre,fuel-price-history-2024.pdf
ZAF,2024-02,shared,diesel_005_inland_wholesale,2136.17,cents per litre,fuel-price-history-2024.pdf
ZAF,2024-02,shared,diesel_005_coast_wholesale,2063.97,cents per litre,fuel-price-history-2024.pdf
ZAF,2024-02,shared,paraffin_coast,1491.438,cents per litre,fuel-price-history-2024.pdf
ZAF,2024-02,shared,paraffin_inland,1583.938,cents per litre,fuel-price-history-2024.pdf
ZAF,2024-03,shared,petrol_93_inland_retail,2413.0,cents per litre,fuel-price-history-2024.pdf
ZAF,2024-03,shared,petrol_95_coast_retail,2341.0,cents per litre,fuel-price-history-2024.pdf
ZAF,2024-03,shared,petrol_95_inland_retail,2445.0,cents per litre,fuel-price-history-2024.pdf
ZAF,2024-03,shared,diesel_005_inland_wholesale,2241.87,cents per litre,fuel-price-history-2024.pdf
ZAF,2024-03,shared,diesel_005_coast_wholesale,2169.87,cents per litre,fuel-price-history-2024.pdf
ZAF,2024-03,shared,paraffin_coast,1555.438,cents per litre,fuel-price-history-2024.pdf
ZAF,2024-03,shared,paraffin_inland,1647.938,cents per litre,fuel-price-history-2024.pdf
ZAF,2024-04,shared,petrol_93_inland_retail,2478.0,cents per litre,fuel-price-history-2024.pdf
ZAF,2024-04,shared,petrol_95_coast_retail,2433.0,cents per litre,fuel-price-history-2024.pdf
ZAF,2024-04,shared,petrol_95_inland_retail,2512.0,cents per litre,fuel-price-history-2024.pdf
ZAF,2024-04,shared,diesel_005_inland_wholesale,2245.09,cents per litre,fuel-price-history-2024.pdf
ZAF,2024-04,shared,diesel_005_coast_wholesale,2166.09,cents per litre,fuel-price-history-2024.pdf
ZAF,2024-04,shared,paraffin_coast,1519.738,cents per litre,fuel-price-history-2024.pdf
ZAF,2024-04,shared,paraffin_inland,1618.938,cents per litre,fuel-price-history-2024.pdf
