country,period,scenario,province,product,value,unit,source_file
ZAF,2013-Q1,shared,EC,aviation_gasoline,55156.0,litres,2013-FSV-Disaggregated-FSV-at-Magisterial-District-Quarter4-16Jan2015.xlsx
ZAF,2013-Q1,shared,EC,diesel,218875050.0,litres,2013-FSV-Disaggregated-FSV-at-Magisterial-District-Quarter4-16Jan2015.xlsx
ZAF,2013-Q1,shared,EC,fuel_oil,6034476.0,litres,2013-FSV-Disaggregated-FSV-at-Magisterial-District-Quarter4-16Jan2015.xlsx
ZAF,2013-Q1,shared,EC,jet,112772417.0,litres,2013-FSV-Disaggregated-FSV-at-Magisterial-District-Quarter4-16Jan2015.xlsx
ZAF,2013-Q1,shared,EC,lpg,3217281.0,litres,2013-FSV-Disaggregated-FSV-at-Magisterial-District-Quarter4-16Jan2015.xlsx
ZAF,2013-Q1,shared,EC,paraffin,12290338.0,litres,2013-FSV-Disaggregated-FSV-at-Magisterial-District-Quarter4-16Jan2015.xlsx
ZAF,2013-Q1,shared,EC,petrol,221295474.0,litres,2013-FSV-Disaggregated-FSV-at-Magisterial-District-Quarter4-16Jan2015.xlsx
ZAF,2013-Q1,shared,FS,aviation_gasoline,448822.0,litres,2013-FSV-Disaggregated-FSV-at-Magisterial-District-Quarter4-16Jan2015.xlsx
ZAF,2013-Q1,shared,FS,diesel,328131124.0,litres,2013-FSV-Disaggregated-FSV-at-Magisterial-District-Quarter4-16Jan2015.xlsx
ZAF,2013-Q1,shared,FS,fuel_oil,24342066.0,litres,2013-FSV-Disaggregated-FSV-at-Magisterial-District-Quarter4-16Jan2015.xlsx
ZAF,2013-Q1,shared,FS,jet,9304804.0,litres,2013-FSV-Disaggregated-FSV-at-Magisterial-District-Quarter4-16Jan2015.xlsx
ZAF,2013-Q1,shared,FS,lpg,1024849.0,litres,2013-FSV-Disaggregated-FSV-at-Magisterial-District-Quarter4-16Jan2015.xlsx
ZAF,2013-Q1,shared,FS,paraffin,2130372.0,litres,2013-FSV-Disaggregated-FSV-at-Magisterial-District-Quarter4-16Jan2015.xlsx
ZAF,2013-Q1,shared,FS,petrol,227757331.0,litres,2013-FSV-Disaggregated-FSV-at-Magisterial-District-Quarter4-16Jan2015.xlsx
ZAF,2013-Q1,shared,GP,aviation_gasoline,1981283.0,litres,2013-FSV-Disaggregated-FSV-at-Magisterial-District-Quarter4-16Jan2015.xlsx
ZAF,2013-Q1,shared,GP,diesel,645876918.0,litres,2013-FSV-Disaggregated-FSV-at-Magisterial-District-Quarter4-16Jan2015.xlsx
ZAF,2013-Q1,shared,GP,fuel_oil,5545838.0,litres,2013-FSV-Disaggregated-FSV-at-Magisterial-District-Quarter4-16Jan2015.xlsx
ZAF,2013-Q1,shared,GP,jet,334760134.0,litres,2013-FSV-Disaggregated-FSV-at-Magisterial-District-Quarter4-16Jan2015.xlsx
ZAF,2013-Q1,shared,GP,lpg,3050629.0,litres,2013-FSV-Disaggregated-FSV-at-Magisterial-District-Quarter4-16Jan2015.xlsx
ZAF,2013-Q1,shared,GP,paraffin,7971420.0,litres,2013-FSV-Disaggregated-FSV-at-Magisterial-District-Quarter4-16Jan2015.xlsx
ZAF,2013-Q1,shared,GP,petrol,1057703548.0,litres,2013-FSV-Disaggregated-FSV-at-Magisterial-District-Quarter4-16Jan2015.xlsx
ZAF,2013-Q1,shared,KZN,aviation_gasoline,2456623.0,litres,2013-FSV-Disaggregated-FSV-at-Magisterial-District-Quarter4-16Jan2015.xlsx
ZAF,2013-Q1,shared,KZN,diesel,566221093.0,litres,2013-FSV-Disaggregated-FSV-at-Magisterial-District-Quarter4-16Jan2015.xlsx
ZAF,2013-Q1,shared,KZN,fuel_oil,13541359.0,litres,2013-FSV-Disaggregated-FSV-at-Magisterial-District-Quarter4-16Jan2015.xlsx
ZAF,2013-Q1,shared,KZN,jet,12812586.0,litres,2013-FSV-Disaggregated-FSV-at-Magisterial-District-Quarter4-16Jan2015.xlsx
ZAF,2013-Q1,shared,KZN,lpg,65120424.0,litres,2013-FSV-Disaggregated-FSV-at-Magisterial-District-Quarter4-16Jan2015.xlsx
ZAF,2013-Q1,shared,KZN,paraffin,43765644.0,litres,2013-FSV-Disaggregated-FSV-at-Magisterial-District-Quarter4-16Jan2015.xlsx
ZAF,2013-Q1,shared,KZN,petrol,445584595.0,litres,2013-FSV-Disaggregated-FSV-at-Magisterial-District-Quarter4-16Jan2015.xlsx
ZAF,2013-Q1,shared,LP,aviation_gasoline,163989.0,litres,2013-FSV-Disaggregated-FSV-at-Magisterial-District-Quarter4-16Jan2015.xlsx
ZAF,2013-Q1,shared,LP,diesel,91998299.0,litres,2013-FSV-Disaggregated-FSV-at-Magisterial-District-Quarter4-16Jan2015.xlsx
ZAF,2013-Q1,shared,LP,fuel_oil,8261494.0,litres,2013-FSV-Disaggregated-FSV-at-Magisterial-District-Quarter4-16Jan2015.xlsx
ZAF,2013-Q1,shared,LP,jet,3501208.0,litres,2013-FSV-Disaggregated-FSV-at-Magisterial-District-Quarter4-16Jan2015.xlsx
ZAF,2013-Q1,shared,LP,lpg,1560968.0,litres,2013-FSV-Disaggregated-FSV-at-Magisterial-District-Quarter4-16Jan2015.xlsx
ZAF,2013-Q1,shared,LP,paraffin,1131908.0,litres,2013-FSV-Disaggregated-FSV-at-Magisterial-District-Quarter4-16Jan2015.xlsx
ZAF,2013-Q1,shared,LP,petrol,99396622.0,litres,2013-FSV-Disaggregated-FSV-at-Magisterial-District-Quarter4-16Jan2015.xlsx
ZAF,2013-Q1,shared,MP,aviation_gasoline,470707.0,litres,2013-FSV-Disaggregated-FSV-at-Magisterial-District-Quarter4-16Jan2015.xlsx
ZAF,2013-Q1,shared,MP,diesel,365138992.0,litres,2013-FSV-Disaggregated-FSV-at-Magisterial-District-Quarter4-16Jan2015.xlsx
ZAF,2013-Q1,shared,MP,fuel_oil,69347750.0,litres,2013-FSV-Disaggregated-FSV-at-Magisterial-District-Quarter4-16Jan2015.xlsx
ZAF,2013-Q1,shared,MP,jet,1417786.0,litres,2013-FSV-Disaggregated-FSV-at-Magisterial-District-Quarter4-16Jan2015.xlsx
ZAF,2013-Q1,shared,MP,lpg,39395903.0,litres,2013-FSV-Disaggregated-FSV-at-Magisterial-District-Quarter4-16Jan2015.xlsx
ZAF,2013-Q1,shared,MP,paraffin,28685557.0,litres,2013-FSV-Disaggregated-FSV-at-Magisterial-District-Quarter4-16Jan2015.xlsx
ZAF,2013-Q1,shared,MP,petrol,195191500.0,litres,2013-FSV-Disaggregated-FSV-at-Magisterial-District-Quarter4-16Jan2015.xlsx
ZAF,2013-Q1,shared,NC,aviation_gasoline,176088.0,litres,2013-FSV-Disaggregated-FSV-at-Magisterial-District-Quarter4-16Jan2015.xlsx
ZAF,2013-Q1,shared,NC,diesel,109815091.0,litres,2013-FSV-Disaggregated-FSV-at-Magisterial-District-Quarter4-16Jan2015.xlsx
ZAF,2013-Q1,shared,NC,jet,8680265.0,litres,2013-FSV-Disaggregated-FSV-at-Magisterial-District-Quarter4-16Jan2015.xlsx
ZAF,2013-Q1,shared,NC,lpg,167891.0,litres,2013-FSV-Disaggregated-FSV-at-Magisterial-District-Quarter4-16Jan2015.xlsx
ZAF,2013-Q1,shared,NC,paraffin,584996.0,litres,2013-FSV-Disaggregated-FSV-at-Magisterial-District-Quarter4-16Jan2015.xlsx
ZAF,2013-Q1,shared,NC,petrol,31673596.0,litres,2013-FSV-Disaggregated-FSV-at-Magisterial-District-Quarter4-16Jan2015.xlsx
ZAF,2013-Q1,shared,NW,aviation_gasoline,133164.0,litres,2013-FSV-Disaggregated-FSV-at-Magisterial-District-Quarter4-16Jan2015.xlsx
ZAF,2013-Q1,shared,NW,diesel,155277210.0,litres,2013-FSV-Disaggregated-FSV-at-Magisterial-District-Quarter4-16Jan2015.xlsx
ZAF,2013-Q1,shared,NW,fuel_oil,683600.0,litres,2013-FSV-Disaggregated-FSV-at-Magisterial-District-Quarter4-16Jan2015.xlsx
ZAF,2013-Q1,shared,NW,jet,81183.0,litres,2013-FSV-Disaggregated-FSV-at-Magisterial-District-Quarter4-16Jan2015.xlsx
ZAF,2013-Q1,shared,NW,lpg,115940.0,litres,2013-FSV-Disaggregated-FSV-at-Magisterial-District-Quarter4-16Jan2015.xlsx
ZAF,2013-Q1,shared,NW,paraffin,3472433.0,litres,2013-FSV-Disaggregated-FSV-at-Magisterial-District-Quarter4-16Jan2015.xlsx
ZAF,2013-Q1,shared,NW,petrol,145527141.0,litres,2013-FSV-Disaggregated-FSV-at-Magisterial-District-Quarter4-16Jan2015.xlsx
ZAF,2013-Q1,shared,WC,aviation_gasoline,825203.0,litres,2013-FSV-Disaggregated-FSV-at-Magisterial-District-Quarter4-16Jan2015.xlsx
ZAF,2013-Q1,shared,WC,diesel,491781417.0,litres,2013-FSV-Disaggregated-FSV-at-Magisterial-District-Quarter4-16Jan2015.xlsx
ZAF,2013-Q1,shared,WC,fuel_oil,10479436.0,litres,2013-FSV-Disaggregated-FSV-at-Magisterial-District-Quarter4-16Jan2015.xlsx
ZAF,2013-Q1,shared,WC,jet,116106700.0,litres,2013-FSV-Disaggregated-FSV-at-Magisterial-District-Quarter4-16Jan2015.xlsx
ZAF,2013-Q1,shared,WC,lpg,27785637.0,litres,2013-FSV-Disaggregated-FSV-at-Magisterial-District-Quarter4-16Jan2015.xlsx
ZAF,2013-Q1,shared,WC,paraffin,15117487.0,litres,2013-FSV-Disaggregated-FSV-at-Magisterial-District-Quarter4-16Jan2015.xlsx
ZAF,2013-Q1,shared,WC,petrol,442823407.0,litres,2013-FSV-Disaggregated-FSV-at-Magisterial-District-Quarter4-16Jan2015.xlsx
ZAF,2013-Q2,shared,EC,aviation_gasoline,76695.0,litres,2013-FSV-Disaggregated-FSV-at-Magisterial-District-Quarter4-16Jan2015.xlsx
ZAF,2013-Q2,shared,EC,diesel,186046245.0,litres,2013-FSV-Disaggregated-FSV-at-Magisterial-District-Quarter4-16Jan2015.xlsx
ZAF,2013-Q2,shared,EC,fuel_oil,6663510.0,litres,2013-FSV-Disaggregated-FSV-at-Magisterial-District-Quarter4-16Jan2015.xlsx
ZAF,2013-Q2,shared,EC,jet,115344872.0,litres,2013-FSV-Disaggregated-FSV-at-Magisterial-District-Quarter4-16Jan2015.xlsx
ZAF,2013-Q2,shared,EC,lpg,3324091.0,litres,2013-FSV-Disaggregated-FSV-at-Magisterial-District-Quarter4-16Jan2015.xlsx
ZAF,2013-Q2,shared,EC,paraffin,23720204.0,litres,2013-FSV-Disaggregated-FSV-at-Magisterial-District-Quarter4-16Jan2015.xlsx
ZAF,2013-Q2,shared,EC,petrol,198789602.0,litres,2013-FSV-Disaggregated-FSV-at-Magisterial-District-Quarter4-16Jan2015.xlsx
ZAF,2013-Q2,shared,FS,aviation_gasoline,447031.0,litres,2013-FSV-Disaggregated-FSV-at-Magisterial-District-Quarter4-16Jan2015.xlsx
ZAF,2013-Q2,shared,FS,diesel,320490383.0,litres,2013-FSV-Disaggregated-FSV-at-Magisterial-District-Quarter4-16Jan2015.xlsx
ZAF,2013-Q2,shared,FS,fuel_oil,7536051.0,litres,2013-FSV-Disaggregated-FSV-at-Magisterial-District-Quarter4-16Jan2015.xlsx
ZAF,2013-Q2,shared,FS,jet,7958413.0,litres,2013-FSV-Disaggregated-FSV-at-Magisterial-District-Quarter4-16Jan2015.xlsx
ZAF,2013-Q2,shared,FS,lpg,1397964.0,litres,2013-FSV-Disaggregated-FSV-at-Magisterial-District-Quarter4-16Jan2015.xlsx
ZAF,2013-Q2,shared,FS,paraffin,4959063.0,litres,2013-FSV-Disaggregated-FSV-at-Magisterial-District-Quarter4-16Jan2015.xlsx
ZAF,2013-Q2,shared,FS,petrol,233674812.0,litres,2013-FSV-Disaggregated-FSV-at-Magisterial-District-Quarter4-16Jan2015.xlsx
ZAF,2013-Q2,shared,GP,aviation_gasoline,2705232.0,litres,2013-FSV-Disaggregated-FSV-at-Magisterial-District-Quarter4-16Jan2015.xlsx
ZAF,2013-Q2,shared,GP,diesel,668783905.0,litres,2013-FSV-Disaggregated-FSV-at-Magisterial-District-Quarter4-16Jan2015.xlsx
ZAF,2013-Q2,shared,GP,fuel_oil,6562813.0,litres,2013-FSV-Disaggregated-FSV-at-Magisterial-District-Quarter4-16Jan2015.xlsx
ZAF,2013-Q2,shared,GP,jet,334788815.0,litres,2013-FSV-Disaggregated-FSV-at-Magisterial-District-Quarter4-16Jan2015.xlsx
ZAF,2013-Q2,shared,GP,lpg,4467573.0,litres,2013-FSV-Disaggregated-FSV-at-Magisterial-District-Quarter4-16Jan2015.xlsx
ZAF,2013-Q2,shared,GP,paraffin,9435423.0,litres,2013-FSV-Disaggregated-FSV-at-Magisterial-District-Quarter4-16Jan2015.xlsx
ZAF,2013-Q2,shared,GP,petrol,1044232853.0,litres,2013-FSV-Disaggregated-FSV-at-Magisterial-District-Quarter4-16Jan2015.xlsx
ZAF,2013-Q2,shared,KZN,aviation_gasoline,2356458.0,litres,2013-FSV-Disaggregated-FSV-at-Magisterial-District-Quarter4-16Jan2015.xlsx
ZAF,2013-Q2,shared,KZN,diesel,552424606.0,litres,2013-FSV-Disaggregated-FSV-at-Magisterial-District-Quarter4-16Jan2015.xlsx
ZAF,2013-Q2,shared,KZN,fuel_oil,16344960.0,litres,2013-FSV-Disaggregated-FSV-at-Magisterial-District-Quarter4-16Jan2015.xlsx
ZAF,2013-Q2,shared,KZN,jet,10878358.0,litres,2013-FSV-Disaggregated-FSV-at-Magisterial-District-Quarter4-16Jan2015.xlsx
ZAF,2013-Q2,shared,KZN,lpg,49707358.0,litres,2013-FSV-Disaggregated-FSV-at-Magisterial-District-Quarter4-16Jan2015.xlsx
ZAF,2013-Q2,shared,KZN,paraffin,50899345.0,litres,2013-FSV-Disaggregated-FSV-at-Magisterial-District-Quarter4-16Jan2015.xlsx
ZAF,2013-Q2,shared,KZN,petrol,446976347.0,litres,2013-FSV-Disaggregated-FSV-at-Magisterial-District-Quarter4-16Jan2015.xlsx
ZAF,2013-Q2,shared,LP,aviation_gasoline,233007.0,litres,2013-FSV-Disaggregated-FSV-at-Magisterial-District-Quarter4-16Jan2015.xlsx
ZAF,2013-Q2,shared,LP,diesel,101521992.0,litres,2013-FSV-Disaggregated-FSV-at-Magisterial-District-Quarter4-16Jan2015.xlsx
ZAF,2013-Q2,shared,LP,fuel_oil,6517461.0,litres,2013-FSV-Disaggregated-FSV-at-Magisterial-District-Quarter4-16Jan2015.xlsx
ZAF,2013-Q2,shared,LP,jet,31114.0,litres,2013-FSV-Disaggregated-FSV-at-Magisterial-District-Quarter4-16Jan2015.xlsx
ZAF,2013-Q2,shared,LP,lpg,1604588.0,litres,2013-FSV-Disaggregated-FSV-at-Magisterial-District-Quarter4-16Jan2015.xlsx
ZAF,2013-Q2,shared,LP,paraffin,1172985.0,litres,2013-FSV-Disaggregated-FSV-at-Magisterial-District-Quarter4-16Jan2015.xlsx
ZAF,2013-Q2,shared,LP,petrol,101022761.0,litres,2013-FSV-Disaggregated-FSV-at-Magisterial-District-Quarter4-16Jan2015.xlsx
ZAF,2013-Q2,shared,MP,aviation_gasoline,309833.0,litres,2013-FSV-Disaggregated-FSV-at-Magisterial-District-Quarter4-16Jan2015.xlsx
ZAF,2013-Q2,shared,MP,diesel,376253855.0,litres,2013-FSV-Disaggregated-FSV-at-Magisterial-District-Quarter4-16Jan2015.xlsx
ZAF,2013-Q2,shared,MP,fuel_oil,103206872.0,litres,2013-FSV-Disaggregated-FSV-at-Magisterial-District-Quarter4-16Jan2015.xlsx
ZAF,2013-Q2,shared,MP,jet,623808.0,litres,2013-FSV-Disaggregated-FSV-at-Magisterial-District-Quarter4-16Jan2015.xlsx
ZAF,2013-Q2,shared,MP,lpg,43938345.0,litres,2013-FSV-Disaggregated-FSV-at-Magisterial-District-Quarter4-16Jan2015.xlsx
ZAF,2013-Q2,shared,MP,paraffin,35287576.0,litres,2013-FSV-Disaggregated-FSV-at-Magisterial-District-Quarter4-16Jan2015.xlsx
ZAF,2013-Q2,shared,MP,petrol,216076629.0,litres,2013-FSV-Disaggregated-FSV-at-Magisterial-District-Quarter4-16Jan2015.xlsx
ZAF,2013-Q2,shared,NC,aviation_gasoline,249195.0,litres,2013-FSV-Disaggregated-FSV-at-Magisterial-District-Quarter4-16Jan2015.xlsx
ZAF,2013-Q2,shared,NC,diesel,116550960.0,litres,2013-FSV-Disaggregated-FSV-at-Magisterial-District-Quarter4-16Jan2015.xlsx
ZAF,2013-Q2,shared,NC,jet,8011574.0,litres,2013-FSV-Disaggregated-FSV-at-Magisterial-District-Quarter4-16Jan2015.xlsx
ZAF,2013-Q2,shared,NC,lpg,77760.0,litres,2013-FSV-Disaggregated-FSV-at-Magisterial-District-Quarter4-16Jan2015.xlsx
ZAF,2013-Q2,shared,NC,paraffin,688558.0,litres,2013-FSV-Disaggregated-FSV-at-Magisterial-District-Quarter4-16Jan2015.xlsx
ZAF,2013-Q2,shared,NC,petrol,30230102.0,litres,2013-FSV-Disaggregated-FSV-at-Magisterial-District-Quarter4-16Jan2015.xlsx
ZAF,2013-Q2,shared,NW,aviation_gasoline,171262.0,litres,2013-FSV-Disaggregated-FSV-at-Magisterial-District-Quarter4-16Jan2015.xlsx
ZAF,2013-Q2,shared,NW,diesel,162763285.0,litres,2013-FSV-Disaggregated-FSV-at-Magisterial-District-Quarter4-16Jan2015.xlsx
ZAF,2013-Q2,shared,NW,fuel_oil,814455.0,litres,2013-FSV-Disaggregated-FSV-at-Magisterial-District-Quarter4-16Jan2015.xlsx
ZAF,2013-Q2,shared,NW,jet,107001.0,litres,2013-FSV-Disaggregated-FSV-at-Magisterial-District-Quarter4-16Jan2015.xlsx
ZAF,2013-Q2,shared,NW,lpg,201571.0,litres,2013-FSV-Disaggregated-FSV-at-Magisterial-District-Quarter4-16Jan2015.xlsx
ZAF,2013-Q2,shared,NW,paraffin,4007416.0,litres,2013-FSV-Disaggregated-FSV-at-Magisterial-District-Quarter4-16Jan2015.xlsx
ZAF,2013-Q2,shared,NW,petrol,143716993.0,litres,2013-FSV-Disaggregated-FSV-at-Magisterial-District-Quarter4-16Jan2015.xlsx
ZAF,2013-Q2,shared,WC,aviation_gasoline,687439.0,litres,2013-FSV-Disaggregated-FSV-at-Magisterial-District-Quarter4-16Jan2015.xlsx
ZAF,2013-Q2,shared,WC,diesel,476444178.0,litres,2013-FSV-Disaggregated-FSV-at-Magisterial-District-Quarter4-16Jan2015.xlsx
ZAF,2013-Q2,shared,WC,fuel_oil,14005148.0,litres,2013-FSV-Disaggregated-FSV-at-Magisterial-District-Quarter4-16Jan2015.xlsx
ZAF,2013-Q2,shared,WC,jet,60169316.0,litres,2013-FSV-Disaggregated-FSV-at-Magisterial-District-Quarter4-16Jan2015.xlsx
ZAF,2013-Q2,shared,WC,lpg,29761154.0,litres,2013-FSV-Disaggregated-FSV-at-Magisterial-District-Quarter4-16Jan2015.xlsx
ZAF,2013-Q2,shared,WC,paraffin,25421750.0,litres,2013-FSV-Disaggregated-FSV-at-Magisterial-District-Quarter4-16Jan2015.xlsx
ZAF,2013-Q2,shared,WC,petrol,417365256.0,litres,2013-FSV-Disaggregated-FSV-at-Magisterial-District-Quarter4-16Jan2015.xlsx
ZAF,2013-Q3,shared,EC,aviation_gasoline,125600.0,litres,2013-FSV-Disaggregated-FSV-at-Magisterial-District-Quarter4-16Jan2015.xlsx
ZAF,2013-Q3,shared,EC,diesel,172636391.0,litres,2013-FSV-Disaggregated-FSV-at-Magisterial-District-Quarter4-16Jan2015.xlsx
ZAF,2013-Q3,shared,EC,fuel_oil,8665078.0,litres,2013-FSV-Disaggregated-FSV-at-Magisterial-District-Quarter4-16Jan2015.xlsx
ZAF,2013-Q3,shared,EC,jet,65838363.0,litres,2013-FSV-Disaggregated-FSV-at-Magisterial-District-Quarter4-16Jan2015.xlsx
ZAF,2013-Q3,shared,EC,lpg,4867423.0,litres,2013-FSV-Disaggregated-FSV-at-Magisterial-District-Quarter4-16Jan2015.xlsx
ZAF,2013-Q3,shared,EC,paraffin,19319750.0,litres,2013-FSV-Disaggregated-FSV-at-Magisterial-District-Quarter4-16Jan2015.xlsx
ZAF,2013-Q3,shared,EC,petrol,180478741.0,litres,2013-FSV-Disaggregated-FSV-at-Magisterial-District-Quarter4-16Jan2015.xlsx
ZAF,2013-Q3,shared,FS,aviation_gasoline,422160.0,litres,2013-FSV-Disaggregated-FSV-at-Magisterial-District-Quarter4-16Jan2015.xlsx
ZAF,2013-Q3,shared,FS,diesel,299866065.0,litres,2013-FSV-Disaggregated-FSV-at-Magisterial-District-Quarter4-16Jan2015.xlsx
ZAF,2013-Q3,shared,FS,fuel_oil,6307308.0,litres,2013-FSV-Disaggregated-FSV-at-Magisterial-District-Quarter4-16Jan2015.xlsx
ZAF,2013-Q3,shared,FS,jet,8939485.0,litres,2013-FSV-Disaggregated-FSV-at-Magisterial-District-Quarter4-16Jan2015.xlsx
ZAF,2013-Q3,shared,FS,lpg,1566353.0,litres,2013-FSV-Disaggregated-FSV-at-Magisterial-District-Quarter4-16Jan2015.xlsx
ZAF,2013-Q3,shared,FS,paraffin,4335955.0,litres,2013-FSV-Disaggregated-FSV-at-Magisterial-District-Quarter4-16Jan2015.xlsx
ZAF,2013-Q3,shared,FS,petrol,244400623.0,litres,2013-FSV-Disaggregated-FSV-at-Magisterial-District-Quarter4-16Jan2015.xlsx
ZAF,2013-Q3,shared,GP,aviation_gasoline,2368275.0,litres,2013-FSV-Disaggregated-FSV-at-Magisterial-District-Quarter4-16Jan2015.xlsx
ZAF,2013-Q3,shared,GP,diesel,663031786.0,litres,2013-FSV-Disaggregated-FSV-at-Magisterial-District-Quarter4-16Jan2015.xlsx
ZAF,2013-Q3,shared,GP,fuel_oil,5725234.0,litres,2013-FSV-Disaggregated-FSV-at-Magisterial-District-Quarter4-16Jan2015.xlsx
ZAF,2013-Q3,shared,GP,jet,402277140.0,litres,2013-FSV-Disaggregated-FSV-at-Magisterial-District-Quarter4-16Jan2015.xlsx
ZAF,2013-Q3,shared,GP,lpg,2983940.0,litres,2013-FSV-Disaggregated-FSV-at-Magisterial-District-Quarter4-16Jan2015.xlsx
ZAF,2013-Q3,shared,GP,paraffin,11254089.0,litres,2013-FSV-Disaggregated-FSV-at-Magisterial-District-Quarter4-16Jan2015.xlsx
ZAF,2013-Q3,shared,GP,petrol,1008785297.0,litres,2013-FSV-Disaggregated-FSV-at-Magisterial-District-Quarter4-16Jan2015.xlsx
ZAF,2013-Q3,shared,KZN,aviation_gasoline,3313090.0,litres,2013-FSV-Disaggregated-FSV-at-Magisterial-District-Quarter4-16Jan2015.xlsx
ZAF,2013-Q3,shared,KZN,diesel,579012338.0,litres,2013-FSV-Disaggregated-FSV-at-Magisterial-District-Quarter4-16Jan2015.xlsx
ZAF,2013-Q3,shared,KZN,fuel_oil,14423274.0,litres,2013-FSV-Disaggregated-FSV-at-Magisterial-District-Quarter4-16Jan2015.xlsx
ZAF,2013-Q3,shared,KZN,jet,9774289.0,litres,2013-FSV-Disaggregated-FSV-at-Magisterial-District-Quarter4-16Jan2015.xlsx
ZAF,2013-Q3,shared,KZN,lpg,46678339.0,litres,2013-FSV-Disaggregated-FSV-at-Magisterial-District-Quarter4-16Jan2015.xlsx
ZAF,2013-Q3,shared,KZN,paraffin,44573667.0,litres,2013-FSV-Disaggregated-FSV-at-Magisterial-District-Quarter4-16Jan2015.xlsx
ZAF,2013-Q3,shared,KZN,petrol,456954699.0,litres,2013-FSV-Disaggregated-FSV-at-Magisterial-District-Quarter4-16Jan2015.xlsx
ZAF,2013-Q3,shared,LP,aviation_gasoline,328881.0,litres,2013-FSV-Disaggregated-FSV-at-Magisterial-District-Quarter4-16Jan2015.xlsx
ZAF,2013-Q3,shared,LP,diesel,114766468.0,litres,2013-FSV-Disaggregated-FSV-at-Magisterial-District-Quarter4-16Jan2015.xlsx
ZAF,2013-Q3,shared,LP,fuel_oil,5428989.0,litres,2013-FSV-Disaggregated-FSV-at-Magisterial-District-Quarter4-16Jan2015.xlsx
ZAF,2013-Q3,shared,LP,jet,18104.0,litres,2013-FSV-Disaggregated-FSV-at-Magisterial-District-Quarter4-16Jan2015.xlsx
ZAF,2013-Q3,shared,LP,lpg,605556.0,litres,2013-FSV-Disaggregated-FSV-at-Magisterial-District-Quarter4-16Jan2015.xlsx
ZAF,2013-Q3,shared,LP,paraffin,1143386.0,litres,2013-FSV-Disaggregated-FSV-at-Magisterial-District-Quarter4-16Jan2015.xlsx
ZAF,2013-Q3,shared,LP,petrol,99816380.0,litres,2013-FSV-Disaggregated-FSV-at-Magisterial-District-Quarter4-16Jan2015.xlsx
ZAF,2013-Q3,shared,MP,aviation_gasoline,441483.0,litres,2013-FSV-Disaggregated-FSV-at-Magisterial-District-Quarter4-16Jan2015.xlsx
ZAF,2013-Q3,shared,MP,diesel,382434520.0,litres,2013-FSV-Disaggregated-FSV-at-Magisterial-District-Quarter4-16Jan2015.xlsx
ZAF,2013-Q3,shared,MP,fuel_oil,85117192.0,litres,2013-FSV-Disaggregated-FSV-at-Magisterial-District-Quarter4-16Jan2015.xlsx
ZAF,2013-Q3,shared,MP,jet,971694.0,litres,2013-FSV-Disaggregated-FSV-at-Magisterial-District-Quarter4-16Jan2015.xlsx
ZAF,2013-Q3,shared,MP,lpg,42542152.0,litres,2013-FSV-Disaggregated-FSV-at-Magisterial-District-Quarter4-16Jan2015.xlsx
ZAF,2013-Q3,shared,MP,paraffin,28024140.0,litres,2013-FSV-Disaggregated-FSV-at-Magisterial-District-Quarter4-16Jan2015.xlsx
ZAF,2013-Q3,shared,MP,petrol,203662810.0,litres,2013-FSV-Disaggregated-FSV-at-Magisterial-District-Quarter4-16Jan2015.xlsx
ZAF,2013-Q3,shared,NC,aviation_gasoline,224894.0,litres,2013-FSV-Disaggregated-FSV-at-Magisterial-District-Quarter4-16Jan2015.xlsx
ZAF,2013-Q3,shared,NC,diesel,115364705.0,litres,2013-FSV-Disaggregated-FSV-at-Magisterial-District-Quarter4-16Jan2015.xlsx
ZAF,2013-Q3,shared,NC,jet,19572436.0,litres,2013-FSV-Disaggregated-FSV-at-Magisterial-District-Quarter4-16Jan2015.xlsx
ZAF,2013-Q3,shared,NC,lpg,89197.0,litres,2013-FSV-Disaggregated-FSV-at-Magisterial-District-Quarter4-16Jan2015.xlsx
ZAF,2013-Q3,shared,NC,paraffin,641668.0,litres,2013-FSV-Disaggregated-FSV-at-Magisterial-District-Quarter4-16Jan2015.xlsx
ZAF,2013-Q3,shared,NC,petrol,28704755.0,litres,2013-FSV-Disaggregated-FSV-at-Magisterial-District-Quarter4-16Jan2015.xlsx
ZAF,2013-Q3,shared,NW,aviation_gasoline,186211.0,litres,2013-FSV-Disaggregated-FSV-at-Magisterial-District-Quarter4-16Jan2015.xlsx
ZAF,2013-Q3,shared,NW,diesel,170727873.0,litres,2013-FSV-Disaggregated-FSV-at-Magisterial-District-Quarter4-16Jan2015.xlsx
ZAF,2013-Q3,shared,NW,fuel_oil,796439.0,litres,2013-FSV-Disaggregated-FSV-at-Magisterial-District-Quarter4-16Jan2015.xlsx
ZAF,2013-Q3,shared,NW,jet,61516.0,litres,2013-FSV-Disaggregated-FSV-at-Magisterial-District-Quarter4-16Jan2015.xlsx
ZAF,2013-Q3,shared,NW,lpg,324313.0,litres,2013-FSV-Disaggregated-FSV-at-Magisterial-District-Quarter4-16Jan2015.xlsx
ZAF,2013-Q3,shared,NW,paraffin,3887383.0,litres,2013-FSV-Disaggregated-FSV-at-Magisterial-District-Quarter4-16Jan2015.xlsx
ZAF,2013-Q3,shared,NW,petrol,157523583.0,litres,2013-FSV-Disaggregated-FSV-at-Magisterial-District-Quarter4-16Jan2015.xlsx
ZAF,2013-Q3,shared,WC,aviation_gasoline,626717.0,litres,2013-FSV-Disaggregated-FSV-at-Magisterial-District-Quarter4-16Jan2015.xlsx
ZAF,2013-Q3,shared,WC,diesel,418861625.0,litres,2013-FSV-Disaggregated-FSV-at-Magisterial-District-Quarter4-16Jan2015.xlsx
ZAF,2013-Q3,shared,WC,fuel_oil,6560068.0,litres,2013-FSV-Disaggregated-FSV-at-Magisterial-District-Quarter4-16Jan2015.xlsx
ZAF,2013-Q3,shared,WC,jet,58536460.0,litres,2013-FSV-Disaggregated-FSV-at-Magisterial-District-Quarter4-16Jan2015.xlsx
ZAF,2013-Q3,shared,WC,lpg,25033578.0,litres,2013-FSV-Disaggregated-FSV-at-Magisterial-District-Quarter4-16Jan2015.xlsx
ZAF,2013-Q3,shared,WC,paraffin,24177873.0,litres,2013-FSV-Disaggregated-FSV-at-Magisterial-District-Quarter4-16Jan2015.xlsx
ZAF,2013-Q3,shared,WC,petrol,407355256.0,litres,2013-FSV-Disaggregated-FSV-at-Magisterial-District-Quarter4-16Jan2015.xlsx
ZAF,2013-Q4,shared,EC,aviation_gasoline,56974.0,litres,2013-FSV-Disaggregated-FSV-at-Magisterial-District-Quarter4-16Jan2015.xlsx
ZAF,2013-Q4,shared,EC,diesel,204591158.0,litres,2013-FSV-Disaggregated-FSV-at-Magisterial-District-Quarter4-16Jan2015.xlsx
ZAF,2013-Q4,shared,EC,fuel_oil,4514705.0,litres,2013-FSV-Disaggregated-FSV-at-Magisterial-District-Quarter4-16Jan2015.xlsx
ZAF,2013-Q4,shared,EC,jet,78035882.0,litres,2013-FSV-Disaggregated-FSV-at-Magisterial-District-Quarter4-16Jan2015.xlsx
ZAF,2013-Q4,shared,EC,lpg,2064189.0,litres,2013-FSV-Disaggregated-FSV-at-Magisterial-District-Quarter4-16Jan2015.xlsx
ZAF,2013-Q4,shared,EC,paraffin,16189900.0,litres,2013-FSV-Disaggregated-FSV-at-Magisterial-District-Quarter4-16Jan2015.xlsx
ZAF,2013-Q4,shared,EC,petrol,203210866.0,litres,2013-FSV-Disaggregated-FSV-at-Magisterial-District-Quarter4-16Jan2015.xlsx
ZAF,2013-Q4,shared,FS,aviation_gasoline,326450.0,litres,2013-FSV-Disaggregated-FSV-at-Magisterial-District-Quarter4-16Jan2015.xlsx
ZAF,2013-Q4,shared,FS,diesel,344037497.0,litres,2013-FSV-Disaggregated-FSV-at-Magisterial-District-Quarter4-16Jan2015.xlsx
ZAF,2013-Q4,shared,FS,fuel_oil,4435927.0,litres,2013-FSV-Disaggregated-FSV-at-Magisterial-District-Quarter4-16Jan2015.xlsx
ZAF,2013-Q4,shared,FS,jet,9103116.0,litres,2013-FSV-Disaggregated-FSV-at-Magisterial-District-Quarter4-16Jan2015.xlsx
ZAF,2013-Q4,shared,FS,lpg,2008617.0,litres,2013-FSV-Disaggregated-FSV-at-Magisterial-District-Quarter4-16Jan2015.xlsx
ZAF,2013-Q4,shared,FS,paraffin,2307287.0,litres,2013-FSV-Disaggregated-FSV-at-Magisterial-District-Quarter4-16Jan2015.xlsx
ZAF,2013-Q4,shared,FS,petrol,261136710.0,litres,2013-FSV-Disaggregated-FSV-at-Magisterial-District-Quarter4-16Jan2015.xlsx
ZAF,2013-Q4,shared,GP,aviation_gasoline,1697629.0,litres,2013-FSV-Disaggregated-FSV-at-Magisterial-District-Quarter4-16Jan2015.xlsx
ZAF,2013-Q4,shared,GP,diesel,807737193.0,litres,2013-FSV-Disaggregated-FSV-at-Magisterial-District-Quarter4-16Jan2015.xlsx
ZAF,2013-Q4,shared,GP,fuel_oil,6188925.0,litres,2013-FSV-Disaggregated-FSV-at-Magisterial-District-Quarter4-16Jan2015.xlsx
ZAF,2013-Q4,shared,GP,jet,421091851.0,litres,2013-FSV-Disaggregated-FSV-at-Magisterial-District-Quarter4-16Jan2015.xlsx
ZAF,2013-Q4,shared,GP,lpg,983625.0,litres,2013-FSV-Disaggregated-FSV-at-Magisterial-District-Quarter4-16Jan2015.xlsx
ZAF,2013-Q4,shared,GP,paraffin,8858267.0,litres,2013-FSV-Disaggregated-FSV-at-Magisterial-District-Quarter4-16Jan2015.xlsx
ZAF,2013-Q4,shared,GP,petrol,1061261826.0,litres,2013-FSV-Disaggregated-FSV-at-Magisterial-District-Quarter4-16Jan2015.xlsx
ZAF,2013-Q4,shared,KZN,aviation_gasoline,2674943.0,litres,2013-FSV-Disaggregated-FSV-at-Magisterial-District-Quarter4-16Jan2015.xlsx
ZAF,2013-Q4,shared,KZN,diesel,554498418.0,litres,2013-FSV-Disaggregated-FSV-at-Magisterial-District-Quarter4-16Jan2015.xlsx
ZAF,2013-Q4,shared,KZN,fuel_oil,10330144.0,litres,2013-FSV-Disaggregated-FSV-at-Magisterial-District-Quarter4-16Jan2015.xlsx
ZAF,2013-Q4,shared,KZN,jet,11429290.0,litres,2013-FSV-Disaggregated-FSV-at-Magisterial-District-Quarter4-16Jan2015.xlsx
ZAF,2013-Q4,shared,KZN,lpg,27895649.0,litres,2013-FSV-Disaggregated-FSV-at-Magisterial-District-Quarter4-16Jan2015.xlsx
ZAF,2013-Q4,shared,KZN,paraffin,46477797.0,litres,2013-FSV-Disaggregated-FSV-at-Magisterial-District-Quarter4-16Jan2015.xlsx
ZAF,2013-Q4,shared,KZN,petrol,463296356.0,litres,2013-FSV-Disaggregated-FSV-at-Magisterial-District-Quarter4-16Jan2015.xlsx
ZAF,2013-Q4,shared,LP,aviation_gasoline,198728.0,litres,2013-FSV-Disaggregated-FSV-at-Magisterial-District-Quarter4-16Jan2015.xlsx
ZAF,2013-Q4,shared,LP,diesel,116196269.0,litres,2013-FSV-Disaggregated-FSV-at-Magisterial-District-Quarter4-16Jan2015.xlsx
ZAF,2013-Q4,shared,LP,fuel_oil,4482775.0,litres,2013-FSV-Disaggregated-FSV-at-Magisterial-District-Quarter4-16Jan2015.xlsx
ZAF,2013-Q4,shared,LP,jet,29828.0,litres,2013-FSV-Disaggregated-FSV-at-Magisterial-District-Quarter4-16Jan2015.xlsx
ZAF,2013-Q4,shared,LP,paraffin,1108613.0,litres,2013-FSV-Disaggregated-FSV-at-Magisterial-District-Quarter4-16Jan2015.xlsx
ZAF,2013-Q4,shared,LP,petrol,102952064.0,litres,2013-FSV-Disaggregated-FSV-at-Magisterial-District-Quarter4-16Jan2015.xlsx
ZAF,2013-Q4,shared,MP,aviation_gasoline,325901.0,litres,2013-FSV-Disaggregated-FSV-at-Magisterial-District-Quarter4-16Jan2015.xlsx
ZAF,2013-Q4,shared,MP,diesel,365003761.0,litres,2013-FSV-Disaggregated-FSV-at-Magisterial-District-Quarter4-16Jan2015.xlsx
ZAF,2013-Q4,shared,MP,fuel_oil,89400438.0,litres,2013-FSV-Disaggregated-FSV-at-Magisterial-District-Quarter4-16Jan2015.xlsx
ZAF,2013-Q4,shared,MP,jet,1107992.0,litres,2013-FSV-Disaggregated-FSV-at-Magisterial-District-Quarter4-16Jan2015.xlsx
ZAF,2013-Q4,shared,MP,lpg,41353340.0,litres,2013-FSV-Disaggregated-FSV-at-Magisterial-District-Quarter4-16Jan2015.xlsx
ZAF,2013-Q4,shared,MP,paraffin,28364965.0,litres,2013-FSV-Disaggregated-FSV-at-Magisterial-District-Quarter4-16Jan2015.xlsx
ZAF,2013-Q4,shared,MP,petrol,216769268.0,litres,2013-FSV-Disaggregated-FSV-at-Magisterial-District-Quarter4-16Jan2015.xlsx
ZAF,2013-Q4,shared,NC,aviation_gasoline,176701.0,litres,2013-FSV-Disaggregated-FSV-at-Magisterial-District-Quarter4-16Jan2015.xlsx
ZAF,2013-Q4,shared,NC,diesel,123617468.0,litres,2013-FSV-Disaggregated-FSV-at-Magisterial-District-Quarter4-16Jan2015.xlsx
ZAF,2013-Q4,shared,NC,jet,7020479.0,litres,2013-FSV-Disaggregated-FSV-at-Magisterial-District-Quarter4-16Jan2015.xlsx
ZAF,2013-Q4,shared,NC,lpg,33359.0,litres,2013-FSV-Disaggregated-FSV-at-Magisterial-District-Quarter4-16Jan2015.xlsx
ZAF,2013-Q4,shared,NC,paraffin,463614.0,litres,2013-FSV-Disaggregated-FSV-at-Magisterial-District-Quarter4-16Jan2015.xlsx
ZAF,2013-Q4,shared,NC,petrol,31355202.0,litres,2013-FSV-Disaggregated-FSV-at-Magisterial-District-Quarter4-16Jan2015.xlsx
ZAF,2013-Q4,shared,NW,aviation_gasoline,128663.0,litres,2013-FSV-Disaggregated-FSV-at-Magisterial-District-Quarter4-16Jan2015.xlsx
ZAF,2013-Q4,shared,NW,diesel,173823394.0,litres,2013-FSV-Disaggregated-FSV-at-Magisterial-District-Quarter4-16Jan2015.xlsx
ZAF,2013-Q4,shared,NW,fuel_oil,812073.0,litres,2013-FSV-Disaggregated-FSV-at-Magisterial-District-Quarter4-16Jan2015.xlsx
ZAF,2013-Q4,shared,NW,jet,141714.0,litres,2013-FSV-Disaggregated-FSV-at-Magisterial-District-Quarter4-16Jan2015.xlsx
ZAF,2013-Q4,shared,NW,lpg,195305.0,litres,2013-FSV-Disaggregated-FSV-at-Magisterial-District-Quarter4-16Jan2015.xlsx
ZAF,2013-Q4,shared,NW,paraffin,3831268.0,litres,2013-FSV-Disaggregated-FSV-at-Magisterial-District-Quarter4-16Jan2015.xlsx
ZAF,2013-Q4,shared,NW,petrol,157073075.0,litres,2013-FSV-Disaggregated-FSV-at-Magisterial-District-Quarter4-16Jan2015.xlsx
ZAF,2013-Q4,shared,WC,aviation_gasoline,758690.0,litres,2013-FSV-Disaggregated-FSV-at-Magisterial-District-Quarter4-16Jan2015.xlsx
ZAF,2013-Q4,shared,WC,diesel,600445585.0,litres,2013-FSV-Disaggregated-FSV-at-Magisterial-District-Quarter4-16Jan2015.xlsx
ZAF,2013-Q4,shared,WC,fuel_oil,7499064.0,litres,2013-FSV-Disaggregated-FSV-at-Magisterial-District-Quarter4-16Jan2015.xlsx
ZAF,2013-Q4,shared,WC,jet,72711539.0,litres,2013-FSV-Disaggregated-FSV-at-Magisterial-District-Quarter4-16Jan2015.xlsx
ZAF,2013-Q4,shared,WC,lpg,24372963.0,litres,2013-FSV-Disaggregated-FSV-at-Magisterial-District-Quarter4-16Jan2015.xlsx
ZAF,2013-Q4,shared,WC,paraffin,22915822.0,litres,2013-FSV-Disaggregated-FSV-at-Magisterial-District-Quarter4-16Jan2015.xlsx
ZAF,2013-Q4,shared,WC,petrol,456337949.0,litres,2013-FSV-Disaggregated-FSV-at-Magisterial-District-Quarter4-16Jan2015.xlsx
ZAF,2014-Q1,shared,EC,aviation_gasoline,63896.0,litres,2014-Quarterly-Disaggregated-FSV-Data-Magisterial-District-Level-01Dec2015.xlsx
ZAF,2014-Q1,shared,EC,diesel,188112806.0,litres,2014-Quarterly-Disaggregated-FSV-Data-Magisterial-District-Level-01Dec2015.xlsx
ZAF,2014-Q1,shared,EC,fuel_oil,4653905.0,litres,2014-Quarterly-Disaggregated-FSV-Data-Magisterial-District-Level-01Dec2015.xlsx
ZAF,2014-Q1,shared,EC,jet,88143478.0,litres,2014-Quarterly-Disaggregated-FSV-Data-Magisterial-District-Level-01Dec2015.xlsx
ZAF,2014-Q1,shared,EC,lpg,1711034.0,litres,2014-Quarterly-Disaggregated-FSV-Data-Magisterial-District-Level-01Dec2015.xlsx
ZAF,2014-Q1,shared,EC,paraffin,13916284.0,litres,2014-Quarterly-Disaggregated-FSV-Data-Magisterial-District-Level-01Dec2015.xlsx
ZAF,2014-Q1,shared,EC,petrol,195206125.0,litres,2014-Quarterly-Disaggregated-FSV-Data-Magisterial-District-Level-01Dec2015.xlsx
ZAF,2014-Q1,shared,FS,aviation_gasoline,423928.0,litres,2014-Quarterly-Disaggregated-FSV-Data-Magisterial-District-Level-01Dec2015.xlsx
ZAF,2014-Q1,shared,FS,diesel,293111288.0,litres,2014-Quarterly-Disaggregated-FSV-Data-Magisterial-District-Level-01Dec2015.xlsx
ZAF,2014-Q1,shared,FS,fuel_oil,3777562.0,litres,2014-Quarterly-Disaggregated-FSV-Data-Magisterial-District-Level-01Dec2015.xlsx
ZAF,2014-Q1,shared,FS,jet,10219947.0,litres,2014-Quarterly-Disaggregated-FSV-Data-Magisterial-District-Level-01Dec2015.xlsx
ZAF,2014-Q1,shared,FS,lpg,2505767.0,litres,2014-Quarterly-Disaggregated-FSV-Data-Magisterial-District-Level-01Dec2015.xlsx
ZAF,2014-Q1,shared,FS,paraffin,2067776.0,litres,2014-Quarterly-Disaggregated-FSV-Data-Magisterial-District-Level-01Dec2015.xlsx
ZAF,2014-Q1,shared,FS,petrol,225433179.0,litres,2014-Quarterly-Disaggregated-FSV-Data-Magisterial-District-Level-01Dec2015.xlsx
ZAF,2014-Q1,shared,GP,aviation_gasoline,1077789.0,litres,2014-Quarterly-Disaggregated-FSV-Data-Magisterial-District-Level-01Dec2015.xlsx
ZAF,2014-Q1,shared,GP,diesel,781114407.0,litres,2014-Quarterly-Disaggregated-FSV-Data-Magisterial-District-Level-01Dec2015.xlsx
ZAF,2014-Q1,shared,GP,fuel_oil,8652766.0,litres,2014-Quarterly-Disaggregated-FSV-Data-Magisterial-District-Level-01Dec2015.xlsx
ZAF,2014-Q1,shared,GP,jet,383695187.0,litres,2014-Quarterly-Disaggregated-FSV-Data-Magisterial-District-Level-01Dec2015.xlsx
ZAF,2014-Q1,shared,GP,lpg,638466.0,litres,2014-Quarterly-Disaggregated-FSV-Data-Magisterial-District-Level-01Dec2015.xlsx
ZAF,2014-Q1,shared,GP,paraffin,7754470.0,litres,2014-Quarterly-Disaggregated-FSV-Data-Magisterial-District-Level-01Dec2015.xlsx
ZAF,2014-Q1,shared,GP,petrol,963899978.0,litres,2014-Quarterly-Disaggregated-FSV-Data-Magisterial-District-Level-01Dec2015.xlsx
ZAF,2014-Q1,shared,KZN,aviation_gasoline,3045668.0,litres,2014-Quarterly-Disaggregated-FSV-Data-Magisterial-District-Level-01Dec2015.xlsx
ZAF,2014-Q1,shared,KZN,diesel,481818117.0,litres,2014-Quarterly-Disaggregated-FSV-Data-Magisterial-District-Level-01Dec2015.xlsx
ZAF,2014-Q1,shared,KZN,fuel_oil,16429629.0,litres,2014-Quarterly-Disaggregated-FSV-Data-Magisterial-District-Level-01Dec2015.xlsx
ZAF,2014-Q1,shared,KZN,jet,11526077.0,litres,2014-Quarterly-Disaggregated-FSV-Data-Magisterial-District-Level-01Dec2015.xlsx
ZAF,2014-Q1,shared,KZN,lpg,30462238.0,litres,2014-Quarterly-Disaggregated-FSV-Data-Magisterial-District-Level-01Dec2015.xlsx
ZAF,2014-Q1,shared,KZN,paraffin,38532031.0,litres,2014-Quarterly-Disaggregated-FSV-Data-Magisterial-District-Level-01Dec2015.xlsx
ZAF,2014-Q1,shared,KZN,petrol,417907696.0,litres,2014-Quarterly-Disaggregated-FSV-Data-Magisterial-District-Level-01Dec2015.xlsx
ZAF,2014-Q1,shared,LP,aviation_gasoline,64196.0,litres,2014-Quarterly-Disaggregated-FSV-Data-Magisterial-District-Level-01Dec2015.xlsx
ZAF,2014-Q1,shared,LP,diesel,102151630.0,litres,2014-Quarterly-Disaggregated-FSV-Data-Magisterial-District-Level-01Dec2015.xlsx
ZAF,2014-Q1,shared,LP,fuel_oil,4974837.0,litres,2014-Quarterly-Disaggregated-FSV-Data-Magisterial-District-Level-01Dec2015.xlsx
ZAF,2014-Q1,shared,LP,jet,3851358.0,litres,2014-Quarterly-Disaggregated-FSV-Data-Magisterial-District-Level-01Dec2015.xlsx
ZAF,2014-Q1,shared,LP,paraffin,812666.0,litres,2014-Quarterly-Disaggregated-FSV-Data-Magisterial-District-Level-01Dec2015.xlsx
ZAF,2014-Q1,shared,LP,petrol,89442130.0,litres,2014-Quarterly-Disaggregated-FSV-Data-Magisterial-District-Level-01Dec2015.xlsx
ZAF,2014-Q1,shared,MP,aviation_gasoline,276697.0,litres,2014-Quarterly-Disaggregated-FSV-Data-Magisterial-District-Level-01Dec2015.xlsx
ZAF,2014-Q1,shared,MP,diesel,349090524.0,litres,2014-Quarterly-Disaggregated-FSV-Data-Magisterial-District-Level-01Dec2015.xlsx
ZAF,2014-Q1,shared,MP,fuel_oil,97260313.0,litres,2014-Quarterly-Disaggregated-FSV-Data-Magisterial-District-Level-01Dec2015.xlsx
ZAF,2014-Q1,shared,MP,jet,687860.0,litres,2014-Quarterly-Disaggregated-FSV-Data-Magisterial-District-Level-01Dec2015.xlsx
ZAF,2014-Q1,shared,MP,lpg,45822534.0,litres,2014-Quarterly-Disaggregated-FSV-Data-Magisterial-District-Level-01Dec2015.xlsx
ZAF,2014-Q1,shared,MP,paraffin,27657899.0,litres,2014-Quarterly-Disaggregated-FSV-Data-Magisterial-District-Level-01Dec2015.xlsx
ZAF,2014-Q1,shared,MP,petrol,193244701.0,litres,2014-Quarterly-Disaggregated-FSV-Data-Magisterial-District-Level-01Dec2015.xlsx
ZAF,2014-Q1,shared,NC,aviation_gasoline,184412.0,litres,2014-Quarterly-Disaggregated-FSV-Data-Magisterial-District-Level-01Dec2015.xlsx
ZAF,2014-Q1,shared,NC,diesel,110551803.0,litres,2014-Quarterly-Disaggregated-FSV-Data-Magisterial-District-Level-01Dec2015.xlsx
ZAF,2014-Q1,shared,NC,jet,7429488.0,litres,2014-Quarterly-Disaggregated-FSV-Data-Magisterial-District-Level-01Dec2015.xlsx
ZAF,2014-Q1,shared,NC,lpg,33084.0,litres,2014-Quarterly-Disaggregated-FSV-Data-Magisterial-District-Level-01Dec2015.xlsx
ZAF,2014-Q1,shared,NC,paraffin,526580.0,litres,2014-Quarterly-Disaggregated-FSV-Data-Magisterial-District-Level-01Dec2015.xlsx
ZAF,2014-Q1,shared,NC,petrol,24072203.0,litres,2014-Quarterly-Disaggregated-FSV-Data-Magisterial-District-Level-01Dec2015.xlsx
ZAF,2014-Q1,shared,NW,aviation_gasoline,116780.0,litres,2014-Quarterly-Disaggregated-FSV-Data-Magisterial-District-Level-01Dec2015.xlsx
ZAF,2014-Q1,shared,NW,diesel,147935240.0,litres,2014-Quarterly-Disaggregated-FSV-Data-Magisterial-District-Level-01Dec2015.xlsx
ZAF,2014-Q1,shared,NW,fuel_oil,667395.0,litres,2014-Quarterly-Disaggregated-FSV-Data-Magisterial-District-Level-01Dec2015.xlsx
ZAF,2014-Q1,shared,NW,jet,61161.0,litres,2014-Quarterly-Disaggregated-FSV-Data-Magisterial-District-Level-01Dec2015.xlsx
ZAF,2014-Q1,shared,NW,lpg,214741.0,litres,2014-Quarterly-Disaggregated-FSV-Data-Magisterial-District-Level-01Dec2015.xlsx
ZAF,2014-Q1,shared,NW,paraffin,3558782.0,litres,2014-Quarterly-Disaggregated-FSV-Data-Magisterial-District-Level-01Dec2015.xlsx
ZAF,2014-Q1,shared,NW,petrol,125833942.0,litres,2014-Quarterly-Disaggregated-FSV-Data-Magisterial-District-Level-01Dec2015.xlsx
ZAF,2014-Q1,shared,WC,aviation_gasoline,503989.0,litres,2014-Quarterly-Disaggregated-FSV-Data-Magisterial-District-Level-01Dec2015.xlsx
ZAF,2014-Q1,shared,WC,diesel,668152695.0,litres,2014-Quarterly-Disaggregated-FSV-Data-Magisterial-District-Level-01Dec2015.xlsx
ZAF,2014-Q1,shared,WC,fuel_oil,10212343.0,litres,2014-Quarterly-Disaggregated-FSV-Data-Magisterial-District-Level-01Dec2015.xlsx
ZAF,2014-Q1,shared,WC,jet,75808592.0,litres,2014-Quarterly-Disaggregated-FSV-Data-Magisterial-District-Level-01Dec2015.xlsx
ZAF,2014-Q1,shared,WC,lpg,11314669.0,litres,2014-Quarterly-Disaggregated-FSV-Data-Magisterial-District-Level-01Dec2015.xlsx
ZAF,2014-Q1,shared,WC,paraffin,17924911.0,litres,2014-Quarterly-Disaggregated-FSV-Data-Magisterial-District-Level-01Dec2015.xlsx
ZAF,2014-Q1,shared,WC,petrol,423644770.0,litres,2014-Quarterly-Disaggregated-FSV-Data-Magisterial-District-Level-01Dec2015.xlsx
ZAF,2014-Q2,shared,EC,aviation_gasoline,64063.0,litres,2014-Quarterly-Disaggregated-FSV-Data-Magisterial-District-Level-01Dec2015.xlsx
ZAF,2014-Q2,shared,EC,diesel,195053007.0,litres,2014-Quarterly-Disaggregated-FSV-Data-Magisterial-District-Level-01Dec2015.xlsx
ZAF,2014-Q2,shared,EC,fuel_oil,3766240.0,litres,2014-Quarterly-Disaggregated-FSV-Data-Magisterial-District-Level-01Dec2015.xlsx
ZAF,2014-Q2,shared,EC,jet,109671647.0,litres,2014-Quarterly-Disaggregated-FSV-Data-Magisterial-District-Level-01Dec2015.xlsx
ZAF,2014-Q2,shared,EC,paraffin,17497444.0,litres,2014-Quarterly-Disaggregated-FSV-Data-Magisterial-District-Level-01Dec2015.xlsx
ZAF,2014-Q2,shared,EC,petrol,196172681.0,litres,2014-Quarterly-Disaggregated-FSV-Data-Magisterial-District-Level-01Dec2015.xlsx
ZAF,2014-Q2,shared,FS,aviation_gasoline,701511.0,litres,2014-Quarterly-Disaggregated-FSV-Data-Magisterial-District-Level-01Dec2015.xlsx
ZAF,2014-Q2,shared,FS,diesel,305833247.0,litres,2014-Quarterly-Disaggregated-FSV-Data-Magisterial-District-Level-01Dec2015.xlsx
ZAF,2014-Q2,shared,FS,fuel_oil,5562667.0,litres,2014-Quarterly-Disaggregated-FSV-Data-Magisterial-District-Level-01Dec2015.xlsx
ZAF,2014-Q2,shared,FS,jet,10129488.0,litres,2014-Quarterly-Disaggregated-FSV-Data-Magisterial-District-Level-01Dec2015.xlsx
ZAF,2014-Q2,shared,FS,lpg,2414813.0,litres,2014-Quarterly-Disaggregated-FSV-Data-Magisterial-District-Level-01Dec2015.xlsx
ZAF,2014-Q2,shared,FS,paraffin,5676390.0,litres,2014-Quarterly-Disaggregated-FSV-Data-Magisterial-District-Level-01Dec2015.xlsx
ZAF,2014-Q2,shared,FS,petrol,231907183.0,litres,2014-Quarterly-Disaggregated-FSV-Data-Magisterial-District-Level-01Dec2015.xlsx
ZAF,2014-Q2,shared,GP,aviation_gasoline,1145655.0,litres,2014-Quarterly-Disaggregated-FSV-Data-Magisterial-District-Level-01Dec2015.xlsx
ZAF,2014-Q2,shared,GP,diesel,756362279.0,litres,2014-Quarterly-Disaggregated-FSV-Data-Magisterial-District-Level-01Dec2015.xlsx
ZAF,2014-Q2,shared,GP,fuel_oil,13332937.0,litres,2014-Quarterly-Disaggregated-FSV-Data-Magisterial-District-Level-01Dec2015.xlsx
ZAF,2014-Q2,shared,GP,jet,364745116.0,litres,2014-Quarterly-Disaggregated-FSV-Data-Magisterial-District-Level-01Dec2015.xlsx
ZAF,2014-Q2,shared,GP,lpg,1032177.0,litres,2014-Quarterly-Disaggregated-FSV-Data-Magisterial-District-Level-01Dec2015.xlsx
ZAF,2014-Q2,shared,GP,paraffin,9698108.0,litres,2014-Quarterly-Disaggregated-FSV-Data-Magisterial-District-Level-01Dec2015.xlsx
ZAF,2014-Q2,shared,GP,petrol,975536524.0,litres,2014-Quarterly-Disaggregated-FSV-Data-Magisterial-District-Level-01Dec2015.xlsx
ZAF,2014-Q2,shared,KZN,aviation_gasoline,2693429.0,litres,2014-Quarterly-Disaggregated-FSV-Data-Magisterial-District-Level-01Dec2015.xlsx
ZAF,2014-Q2,shared,KZN,diesel,534582194.0,litres,2014-Quarterly-Disaggregated-FSV-Data-Magisterial-District-Level-01Dec2015.xlsx
ZAF,2014-Q2,shared,KZN,fuel_oil,24917879.0,litres,2014-Quarterly-Disaggregated-FSV-Data-Magisterial-District-Level-01Dec2015.xlsx
ZAF,2014-Q2,shared,KZN,jet,10935467.0,litres,2014-Quarterly-Disaggregated-FSV-Data-Magisterial-District-Level-01Dec2015.xlsx
ZAF,2014-Q2,shared,KZN,lpg,36471690.0,litres,2014-Quarterly-Disaggregated-FSV-Data-Magisterial-District-Level-01Dec2015.xlsx
ZAF,2014-Q2,shared,KZN,paraffin,45492786.0,litres,2014-Quarterly-Disaggregated-FSV-Data-Magisterial-District-Level-01Dec2015.xlsx
ZAF,2014-Q2,shared,KZN,petrol,417161022.0,litres,2014-Quarterly-Disaggregated-FSV-Data-Magisterial-District-Level-01Dec2015.xlsx
ZAF,2014-Q2,shared,LP,aviation_gasoline,232141.0,litres,2014-Quarterly-Disaggregated-FSV-Data-Magisterial-District-Level-01Dec2015.xlsx
ZAF,2014-Q2,shared,LP,diesel,105267037.0,litres,2014-Quarterly-Disaggregated-FSV-Data-Magisterial-District-Level-01Dec2015.xlsx
ZAF,2014-Q2,shared,LP,fuel_oil,7116886.0,litres,2014-Quarterly-Disaggregated-FSV-Data-Magisterial-District-Level-01Dec2015.xlsx
ZAF,2014-Q2,shared,LP,jet,303395.0,litres,2014-Quarterly-Disaggregated-FSV-Data-Magisterial-District-Level-01Dec2015.xlsx
ZAF,2014-Q2,shared,LP,paraffin,1122011.0,litres,2014-Quarterly-Disaggregated-FSV-Data-Magisterial-District-Level-01Dec2015.xlsx
ZAF,2014-Q2,shared,LP,petrol,91916116.0,litres,2014-Quarterly-Disaggregated-FSV-Data-Magisterial-District-Level-01Dec2015.xlsx
ZAF,2014-Q2,shared,MP,aviation_gasoline,313735.0,litres,2014-Quarterly-Disaggregated-FSV-Data-Magisterial-District-Level-01Dec2015.xlsx
ZAF,2014-Q2,shared,MP,diesel,385793004.0,litres,2014-Quarterly-Disaggregated-FSV-Data-Magisterial-District-Level-01Dec2015.xlsx
ZAF,2014-Q2,shared,MP,fuel_oil,87415074.0,litres,2014-Quarterly-Disaggregated-FSV-Data-Magisterial-District-Level-01Dec2015.xlsx
ZAF,2014-Q2,shared,MP,jet,637151.0,litres,2014-Quarterly-Disaggregated-FSV-Data-Magisterial-District-Level-01Dec2015.xlsx
ZAF,2014-Q2,shared,MP,lpg,58490513.0,litres,2014-Quarterly-Disaggregated-FSV-Data-Magisterial-District-Level-01Dec2015.xlsx
ZAF,2014-Q2,shared,MP,paraffin,31518028.0,litres,2014-Quarterly-Disaggregated-FSV-Data-Magisterial-District-Level-01Dec2015.xlsx
ZAF,2014-Q2,shared,MP,petrol,209234483.0,litres,2014-Quarterly-Disaggregated-FSV-Data-Magisterial-District-Level-01Dec2015.xlsx
ZAF,2014-Q2,shared,NC,aviation_gasoline,210037.0,litres,2014-Quarterly-Disaggregated-FSV-Data-Magisterial-District-Level-01Dec2015.xlsx
ZAF,2014-Q2,shared,NC,diesel,122995732.0,litres,2014-Quarterly-Disaggregated-FSV-Data-Magisterial-District-Level-01Dec2015.xlsx
ZAF,2014-Q2,shared,NC,jet,8834598.0,litres,2014-Quarterly-Disaggregated-FSV-Data-Magisterial-District-Level-01Dec2015.xlsx
ZAF,2014-Q2,shared,NC,lpg,33048.0,litres,2014-Quarterly-Disaggregated-FSV-Data-Magisterial-District-Level-01Dec2015.xlsx
ZAF,2014-Q2,shared,NC,paraffin,1780842.0,litres,2014-Quarterly-Disaggregated-FSV-Data-Magisterial-District-Level-01Dec2015.xlsx
ZAF,2014-Q2,shared,NC,petrol,27359427.0,litres,2014-Quarterly-Disaggregated-FSV-Data-Magisterial-District-Level-01Dec2015.xlsx
ZAF,2014-Q2,shared,NW,aviation_gasoline,89801.0,litres,2014-Quarterly-Disaggregated-FSV-Data-Magisterial-District-Level-01Dec2015.xlsx
ZAF,2014-Q2,shared,NW,diesel,161195797.0,litres,2014-Quarterly-Disaggregated-FSV-Data-Magisterial-District-Level-01Dec2015.xlsx
ZAF,2014-Q2,shared,NW,fuel_oil,648198.0,litres,2014-Quarterly-Disaggregated-FSV-Data-Magisterial-District-Level-01Dec2015.xlsx
ZAF,2014-Q2,shared,NW,jet,41714.0,litres,2014-Quarterly-Disaggregated-FSV-Data-Magisterial-District-Level-01Dec2015.xlsx
ZAF,2014-Q2,shared,NW,lpg,173298.0,litres,2014-Quarterly-Disaggregated-FSV-Data-Magisterial-District-Level-01Dec2015.xlsx
ZAF,2014-Q2,shared,NW,paraffin,4199126.0,litres,2014-Quarterly-Disaggregated-FSV-Data-Magisterial-District-Level-01Dec2015.xlsx
ZAF,2014-Q2,shared,NW,petrol,128540705.0,litres,2014-Quarterly-Disaggregated-FSV-Data-Magisterial-District-Level-01Dec2015.xlsx
ZAF,2014-Q2,shared,WC,aviation_gasoline,533353.0,litres,2014-Quarterly-Disaggregated-FSV-Data-Magisterial-District-Level-01Dec2015.xlsx
ZAF,2014-Q2,shared,WC,diesel,536824229.0,litres,2014-Quarterly-Disaggregated-FSV-Data-Magisterial-District-Level-01Dec2015.xlsx
ZAF,2014-Q2,shared,WC,fuel_oil,6495010.0,litres,2014-Quarterly-Disaggregated-FSV-Data-Magisterial-District-Level-01Dec2015.xlsx
ZAF,2014-Q2,shared,WC,jet,58207480.0,litres,2014-Quarterly-Disaggregated-FSV-Data-Magisterial-District-Level-01Dec2015.xlsx
ZAF,2014-Q2,shared,WC,lpg,32183794.0,litres,2014-Quarterly-Disaggregated-FSV-Data-Magisterial-District-Level-01Dec2015.xlsx
ZAF,2014-Q2,shared,WC,paraffin,24200932.0,litres,2014-Quarterly-Disaggregated-FSV-Data-Magisterial-District-Level-01Dec2015.xlsx
ZAF,2014-Q2,shared,WC,petrol,414717392.0,litres,2014-Quarterly-Disaggregated-FSV-Data-Magisterial-District-Level-01Dec2015.xlsx
ZAF,2014-Q3,shared,EC,aviation_gasoline,56506.0,litres,2014-Quarterly-Disaggregated-FSV-Data-Magisterial-District-Level-01Dec2015.xlsx
ZAF,2014-Q3,shared,EC,diesel,199875526.0,litres,2014-Quarterly-Disaggregated-FSV-Data-Magisterial-District-Level-01Dec2015.xlsx
ZAF,2014-Q3,shared,EC,fuel_oil,4568446.0,litres,2014-Quarterly-Disaggregated-FSV-Data-Magisterial-District-Level-01Dec2015.xlsx
ZAF,2014-Q3,shared,EC,jet,109551600.0,litres,2014-Quarterly-Disaggregated-FSV-Data-Magisterial-District-Level-01Dec2015.xlsx
ZAF,2014-Q3,shared,EC,paraffin,13868621.0,litres,2014-Quarterly-Disaggregated-FSV-Data-Magisterial-District-Level-01Dec2015.xlsx
ZAF,2014-Q3,shared,EC,petrol,199440539.0,litres,2014-Quarterly-Disaggregated-FSV-Data-Magisterial-District-Level-01Dec2015.xlsx
ZAF,2014-Q3,shared,FS,aviation_gasoline,793250.0,litres,2014-Quarterly-Disaggregated-FSV-Data-Magisterial-District-Level-01Dec2015.xlsx
ZAF,2014-Q3,shared,FS,diesel,313943151.0,litres,2014-Quarterly-Disaggregated-FSV-Data-Magisterial-District-Level-01Dec2015.xlsx
ZAF,2014-Q3,shared,FS,fuel_oil,4799211.0,litres,2014-Quarterly-Disaggregated-FSV-Data-Magisterial-District-Level-01Dec2015.xlsx
ZAF,2014-Q3,shared,FS,jet,9791998.0,litres,2014-Quarterly-Disaggregated-FSV-Data-Magisterial-District-Level-01Dec2015.xlsx
ZAF,2014-Q3,shared,FS,lpg,3713428.0,litres,2014-Quarterly-Disaggregated-FSV-Data-Magisterial-District-Level-01Dec2015.xlsx
ZAF,2014-Q3,shared,FS,paraffin,5604165.0,litres,2014-Quarterly-Disaggregated-FSV-Data-Magisterial-District-Level-01Dec2015.xlsx
ZAF,2014-Q3,shared,FS,petrol,237663572.0,litres,2014-Quarterly-Disaggregated-FSV-Data-Magisterial-District-Level-01Dec2015.xlsx
ZAF,2014-Q3,shared,GP,aviation_gasoline,1250677.0,litres,2014-Quarterly-Disaggregated-FSV-Data-Magisterial-District-Level-01Dec2015.xlsx
ZAF,2014-Q3,shared,GP,diesel,748146251.0,litres,2014-Quarterly-Disaggregated-FSV-Data-Magisterial-District-Level-01Dec2015.xlsx
ZAF,2014-Q3,shared,GP,fuel_oil,9864781.0,litres,2014-Quarterly-Disaggregated-FSV-Data-Magisterial-District-Level-01Dec2015.xlsx
ZAF,2014-Q3,shared,GP,jet,352166176.0,litres,2014-Quarterly-Disaggregated-FSV-Data-Magisterial-District-Level-01Dec2015.xlsx
ZAF,2014-Q3,shared,GP,lpg,840031.0,litres,2014-Quarterly-Disaggregated-FSV-Data-Magisterial-District-Level-01Dec2015.xlsx
ZAF,2014-Q3,shared,GP,paraffin,10888463.0,litres,2014-Quarterly-Disaggregated-FSV-Data-Magisterial-District-Level-01Dec2015.xlsx
ZAF,2014-Q3,shared,GP,petrol,997571050.0,litres,2014-Quarterly-Disaggregated-FSV-Data-Magisterial-District-Level-01Dec2015.xlsx
ZAF,2014-Q3,shared,KZN,aviation_gasoline,1683581.0,litres,2014-Quarterly-Disaggregated-FSV-Data-Magisterial-District-Level-01Dec2015.xlsx
ZAF,2014-Q3,shared,KZN,diesel,564531416.0,litres,2014-Quarterly-Disaggregated-FSV-Data-Magisterial-District-Level-01Dec2015.xlsx
ZAF,2014-Q3,shared,KZN,fuel_oil,13152086.0,litres,2014-Quarterly-Disaggregated-FSV-Data-Magisterial-District-Level-01Dec2015.xlsx
ZAF,2014-Q3,shared,KZN,jet,11351154.0,litres,2014-Quarterly-Disaggregated-FSV-Data-Magisterial-District-Level-01Dec2015.xlsx
ZAF,2014-Q3,shared,KZN,lpg,22472849.0,litres,2014-Quarterly-Disaggregated-FSV-Data-Magisterial-District-Level-01Dec2015.xlsx
ZAF,2014-Q3,shared,KZN,paraffin,44876511.0,litres,2014-Quarterly-Disaggregated-FSV-Data-Magisterial-District-Level-01Dec2015.xlsx
ZAF,2014-Q3,shared,KZN,petrol,425782627.0,litres,2014-Quarterly-Disaggregated-FSV-Data-Magisterial-District-Level-01Dec2015.xlsx
ZAF,2014-Q3,shared,LP,aviation_gasoline,220654.0,litres,2014-Quarterly-Disaggregated-FSV-Data-Magisterial-District-Level-01Dec2015.xlsx
ZAF,2014-Q3,shared,LP,diesel,103261507.0,litres,2014-Quarterly-Disaggregated-FSV-Data-Magisterial-District-Level-01Dec2015.xlsx
ZAF,2014-Q3,shared,LP,fuel_oil,6807871.0,litres,2014-Quarterly-Disaggregated-FSV-Data-Magisterial-District-Level-01Dec2015.xlsx
ZAF,2014-Q3,shared,LP,jet,520410.0,litres,2014-Quarterly-Disaggregated-FSV-Data-Magisterial-District-Level-01Dec2015.xlsx
ZAF,2014-Q3,shared,LP,paraffin,1067803.0,litres,2014-Quarterly-Disaggregated-FSV-Data-Magisterial-District-Level-01Dec2015.xlsx
ZAF,2014-Q3,shared,LP,petrol,92924700.0,litres,2014-Quarterly-Disaggregated-FSV-Data-Magisterial-District-Level-01Dec2015.xlsx
ZAF,2014-Q3,shared,MP,aviation_gasoline,284630.0,litres,2014-Quarterly-Disaggregated-FSV-Data-Magisterial-District-Level-01Dec2015.xlsx
ZAF,2014-Q3,shared,MP,diesel,402702822.0,litres,2014-Quarterly-Disaggregated-FSV-Data-Magisterial-District-Level-01Dec2015.xlsx
ZAF,2014-Q3,shared,MP,fuel_oil,87107082.0,litres,2014-Quarterly-Disaggregated-FSV-Data-Magisterial-District-Level-01Dec2015.xlsx
ZAF,2014-Q3,shared,MP,jet,751295.0,litres,2014-Quarterly-Disaggregated-FSV-Data-Magisterial-District-Level-01Dec2015.xlsx
ZAF,2014-Q3,shared,MP,lpg,70476389.0,litres,2014-Quarterly-Disaggregated-FSV-Data-Magisterial-District-Level-01Dec2015.xlsx
ZAF,2014-Q3,shared,MP,paraffin,33989594.0,litres,2014-Quarterly-Disaggregated-FSV-Data-Magisterial-District-Level-01Dec2015.xlsx
ZAF,2014-Q3,shared,MP,petrol,213723005.0,litres,2014-Quarterly-Disaggregated-FSV-Data-Magisterial-District-Level-01Dec2015.xlsx
ZAF,2014-Q3,shared,NC,aviation_gasoline,272671.0,litres,2014-Quarterly-Disaggregated-FSV-Data-Magisterial-District-Level-01Dec2015.xlsx
ZAF,2014-Q3,shared,NC,diesel,135740457.0,litres,2014-Quarterly-Disaggregated-FSV-Data-Magisterial-District-Level-01Dec2015.xlsx
ZAF,2014-Q3,shared,NC,jet,9104333.0,litres,2014-Quarterly-Disaggregated-FSV-Data-Magisterial-District-Level-01Dec2015.xlsx
ZAF,2014-Q3,shared,NC,lpg,33807.0,litres,2014-Quarterly-Disaggregated-FSV-Data-Magisterial-District-Level-01Dec2015.xlsx
ZAF,2014-Q3,shared,NC,paraffin,1954489.0,litres,2014-Quarterly-Disaggregated-FSV-Data-Magisterial-District-Level-01Dec2015.xlsx
ZAF,2014-Q3,shared,NC,petrol,33468896.0,litres,2014-Quarterly-Disaggregated-FSV-Data-Magisterial-District-Level-01Dec2015.xlsx
ZAF,2014-Q3,shared,NW,aviation_gasoline,133086.0,litres,2014-Quarterly-Disaggregated-FSV-Data-Magisterial-District-Level-01Dec2015.xlsx
ZAF,2014-Q3,shared,NW,diesel,156201660.0,litres,2014-Quarterly-Disaggregated-FSV-Data-Magisterial-District-Level-01Dec2015.xlsx
ZAF,2014-Q3,shared,NW,fuel_oil,650210.0,litres,2014-Quarterly-Disaggregated-FSV-Data-Magisterial-District-Level-01Dec2015.xlsx
ZAF,2014-Q3,shared,NW,jet,58497.0,litres,2014-Quarterly-Disaggregated-FSV-Data-Magisterial-District-Level-01Dec2015.xlsx
ZAF,2014-Q3,shared,NW,lpg,215101.0,litres,2014-Quarterly-Disaggregated-FSV-Data-Magisterial-District-Level-01Dec2015.xlsx
ZAF,2014-Q3,shared,NW,paraffin,4315850.0,litres,2014-Quarterly-Disaggregated-FSV-Data-Magisterial-District-Level-01Dec2015.xlsx
ZAF,2014-Q3,shared,NW,petrol,132301981.0,litres,2014-Quarterly-Disaggregated-FSV-Data-Magisterial-District-Level-01Dec2015.xlsx
ZAF,2014-Q3,shared,WC,aviation_gasoline,767035.0,litres,2014-Quarterly-Disaggregated-FSV-Data-Magisterial-District-Level-01Dec2015.xlsx
ZAF,2014-Q3,shared,WC,diesel,486041034.0,litres,2014-Quarterly-Disaggregated-FSV-Data-Magisterial-District-Level-01Dec2015.xlsx
ZAF,2014-Q3,shared,WC,fuel_oil,8128213.0,litres,2014-Quarterly-Disaggregated-FSV-Data-Magisterial-District-Level-01Dec2015.xlsx
ZAF,2014-Q3,shared,WC,jet,60488897.0,litres,2014-Quarterly-Disaggregated-FSV-Data-Magisterial-District-Level-01Dec2015.xlsx
ZAF,2014-Q3,shared,WC,lpg,26047589.0,litres,2014-Quarterly-Disaggregated-FSV-Data-Magisterial-District-Level-01Dec2015.xlsx
ZAF,2014-Q3,shared,WC,paraffin,24308768.0,litres,2014-Quarterly-Disaggregated-FSV-Data-Magisterial-District-Level-01Dec2015.xlsx
ZAF,2014-Q3,shared,WC,petrol,418115999.0,litres,2014-Quarterly-Disaggregated-FSV-Data-Magisterial-District-Level-01Dec2015.xlsx
ZAF,2014-Q4,shared,EC,aviation_gasoline,55380.0,litres,2014-Quarterly-Disaggregated-FSV-Data-Magisterial-District-Level-01Dec2015.xlsx
ZAF,2014-Q4,shared,EC,diesel,224182898.0,litres,2014-Quarterly-Disaggregated-FSV-Data-Magisterial-District-Level-01Dec2015.xlsx
ZAF,2014-Q4,shared,EC,fuel_oil,3196825.0,litres,2014-Quarterly-Disaggregated-FSV-Data-Magisterial-District-Level-01Dec2015.xlsx
ZAF,2014-Q4,shared,EC,jet,97913976.0,litres,2014-Quarterly-Disaggregated-FSV-Data-Magisterial-District-Level-01Dec2015.xlsx
ZAF,2014-Q4,shared,EC,paraffin,12291939.0,litres,2014-Quarterly-Disaggregated-FSV-Data-Magisterial-District-Level-01Dec2015.xlsx
ZAF,2014-Q4,shared,EC,petrol,228672246.0,litres,2014-Quarterly-Disaggregated-FSV-Data-Magisterial-District-Level-01Dec2015.xlsx
ZAF,2014-Q4,shared,FS,aviation_gasoline,650520.0,litres,2014-Quarterly-Disaggregated-FSV-Data-Magisterial-District-Level-01Dec2015.xlsx
ZAF,2014-Q4,shared,FS,diesel,336292143.0,litres,2014-Quarterly-Disaggregated-FSV-Data-Magisterial-District-Level-01Dec2015.xlsx
ZAF,2014-Q4,shared,FS,fuel_oil,5015978.0,litres,2014-Quarterly-Disaggregated-FSV-Data-Magisterial-District-Level-01Dec2015.xlsx
ZAF,2014-Q4,shared,FS,jet,9260037.0,litres,2014-Quarterly-Disaggregated-FSV-Data-Magisterial-District-Level-01Dec2015.xlsx
ZAF,2014-Q4,shared,FS,lpg,895546.0,litres,2014-Quarterly-Disaggregated-FSV-Data-Magisterial-District-Level-01Dec2015.xlsx
ZAF,2014-Q4,shared,FS,paraffin,2228913.0,litres,2014-Quarterly-Disaggregated-FSV-Data-Magisterial-District-Level-01Dec2015.xlsx
ZAF,2014-Q4,shared,FS,petrol,241717295.0,litres,2014-Quarterly-Disaggregated-FSV-Data-Magisterial-District-Level-01Dec2015.xlsx
ZAF,2014-Q4,shared,GP,aviation_gasoline,1117752.0,litres,2014-Quarterly-Disaggregated-FSV-Data-Magisterial-District-Level-01Dec2015.xlsx
ZAF,2014-Q4,shared,GP,diesel,832455067.0,litres,2014-Quarterly-Disaggregated-FSV-Data-Magisterial-District-Level-01Dec2015.xlsx
ZAF,2014-Q4,shared,GP,fuel_oil,10378490.0,litres,2014-Quarterly-Disaggregated-FSV-Data-Magisterial-District-Level-01Dec2015.xlsx
ZAF,2014-Q4,shared,GP,jet,395848365.0,litres,2014-Quarterly-Disaggregated-FSV-Data-Magisterial-District-Level-01Dec2015.xlsx
ZAF,2014-Q4,shared,GP,lpg,526301.0,litres,2014-Quarterly-Disaggregated-FSV-Data-Magisterial-District-Level-01Dec2015.xlsx
ZAF,2014-Q4,shared,GP,paraffin,10368383.0,litres,2014-Quarterly-Disaggregated-FSV-Data-Magisterial-District-Level-01Dec2015.xlsx
ZAF,2014-Q4,shared,GP,petrol,1042989573.0,litres,2014-Quarterly-Disaggregated-FSV-Data-Magisterial-District-Level-01Dec2015.xlsx
ZAF,2014-Q4,shared,KZN,aviation_gasoline,1828777.0,litres,2014-Quarterly-Disaggregated-FSV-Data-Magisterial-District-Level-01Dec2015.xlsx
ZAF,2014-Q4,shared,KZN,diesel,550324494.0,litres,2014-Quarterly-Disaggregated-FSV-Data-Magisterial-District-Level-01Dec2015.xlsx
ZAF,2014-Q4,shared,KZN,fuel_oil,7852840.0,litres,2014-Quarterly-Disaggregated-FSV-Data-Magisterial-District-Level-01Dec2015.xlsx
ZAF,2014-Q4,shared,KZN,jet,14508859.0,litres,2014-Quarterly-Disaggregated-FSV-Data-Magisterial-District-Level-01Dec2015.xlsx
ZAF,2014-Q4,shared,KZN,lpg,43828071.0,litres,2014-Quarterly-Disaggregated-FSV-Data-Magisterial-District-Level-01Dec2015.xlsx
ZAF,2014-Q4,shared,KZN,paraffin,43578655.0,litres,2014-Quarterly-Disaggregated-FSV-Data-Magisterial-District-Level-01Dec2015.xlsx
ZAF,2014-Q4,shared,KZN,petrol,459951136.0,litres,2014-Quarterly-Disaggregated-FSV-Data-Magisterial-District-Level-01Dec2015.xlsx
ZAF,2014-Q4,shared,LP,aviation_gasoline,204685.0,litres,2014-Quarterly-Disaggregated-FSV-Data-Magisterial-District-Level-01Dec2015.xlsx
ZAF,2014-Q4,shared,LP,diesel,97735856.0,litres,2014-Quarterly-Disaggregated-FSV-Data-Magisterial-District-Level-01Dec2015.xlsx
ZAF,2014-Q4,shared,LP,fuel_oil,18690971.0,litres,2014-Quarterly-Disaggregated-FSV-Data-Magisterial-District-Level-01Dec2015.xlsx
ZAF,2014-Q4,shared,LP,jet,570210.0,litres,2014-Quarterly-Disaggregated-FSV-Data-Magisterial-District-Level-01Dec2015.xlsx
ZAF,2014-Q4,shared,LP,paraffin,917379.0,litres,2014-Quarterly-Disaggregated-FSV-Data-Magisterial-District-Level-01Dec2015.xlsx
ZAF,2014-Q4,shared,LP,petrol,108117706.0,litres,2014-Quarterly-Disaggregated-FSV-Data-Magisterial-District-Level-01Dec2015.xlsx
ZAF,2014-Q4,shared,MP,aviation_gasoline,235506.0,litres,2014-Quarterly-Disaggregated-FSV-Data-Magisterial-District-Level-01Dec2015.xlsx
ZAF,2014-Q4,shared,MP,diesel,375730165.0,litres,2014-Quarterly-Disaggregated-FSV-Data-Magisterial-District-Level-01Dec2015.xlsx
ZAF,2014-Q4,shared,MP,fuel_oil,71780928.0,litres,2014-Quarterly-Disaggregated-FSV-Data-Magisterial-District-Level-01Dec2015.xlsx
ZAF,2014-Q4,shared,MP,jet,756645.0,litres,2014-Quarterly-Disaggregated-FSV-Data-Magisterial-District-Level-01Dec2015.xlsx
ZAF,2014-Q4,shared,MP,lpg,53927753.0,litres,2014-Quarterly-Disaggregated-FSV-Data-Magisterial-District-Level-01Dec2015.xlsx
ZAF,2014-Q4,shared,MP,paraffin,29369561.0,litres,2014-Quarterly-Disaggregated-FSV-Data-Magisterial-District-Level-01Dec2015.xlsx
ZAF,2014-Q4,shared,MP,petrol,211664650.0,litres,2014-Quarterly-Disaggregated-FSV-Data-Magisterial-District-Level-01Dec2015.xlsx
ZAF,2014-Q4,shared,NC,aviation_gasoline,204756.0,litres,2014-Quarterly-Disaggregated-FSV-Data-Magisterial-District-Level-01Dec2015.xlsx
ZAF,2014-Q4,shared,NC,diesel,137725677.0,litres,2014-Quarterly-Disaggregated-FSV-Data-Magisterial-District-Level-01Dec2015.xlsx
ZAF,2014-Q4,shared,NC,jet,8451223.0,litres,2014-Quarterly-Disaggregated-FSV-Data-Magisterial-District-Level-01Dec2015.xlsx
ZAF,2014-Q4,shared,NC,lpg,39033.0,litres,2014-Quarterly-Disaggregated-FSV-Data-Magisterial-District-Level-01Dec2015.xlsx
ZAF,2014-Q4,shared,NC,paraffin,948804.0,litres,2014-Quarterly-Disaggregated-FSV-Data-Magisterial-District-Level-01Dec2015.xlsx
ZAF,2014-Q4,shared,NC,petrol,36349001.0,litres,2014-Quarterly-Disaggregated-FSV-Data-Magisterial-District-Level-01Dec2015.xlsx
ZAF,2014-Q4,shared,NW,aviation_gasoline,111115.0,litres,2014-Quarterly-Disaggregated-FSV-Data-Magisterial-District-Level-01Dec2015.xlsx
ZAF,2014-Q4,shared,NW,diesel,171945424.0,litres,2014-Quarterly-Disaggregated-FSV-Data-Magisterial-District-Level-01Dec2015.xlsx
ZAF,2014-Q4,shared,NW,fuel_oil,434131.0,litres,2014-Quarterly-Disaggregated-FSV-Data-Magisterial-District-Level-01Dec2015.xlsx
ZAF,2014-Q4,shared,NW,jet,100023.0,litres,2014-Quarterly-Disaggregated-FSV-Data-Magisterial-District-Level-01Dec2015.xlsx
ZAF,2014-Q4,shared,NW,lpg,185751.0,litres,2014-Quarterly-Disaggregated-FSV-Data-Magisterial-District-Level-01Dec2015.xlsx
ZAF,2014-Q4,shared,NW,paraffin,2727904.0,litres,2014-Quarterly-Disaggregated-FSV-Data-Magisterial-District-Level-01Dec2015.xlsx
ZAF,2014-Q4,shared,NW,petrol,134331612.0,litres,2014-Quarterly-Disaggregated-FSV-Data-Magisterial-District-Level-01Dec2015.xlsx
ZAF,2014-Q4,shared,WC,aviation_gasoline,603582.0,litres,2014-Quarterly-Disaggregated-FSV-Data-Magisterial-District-Level-01Dec2015.xlsx
ZAF,2014-Q4,shared,WC,diesel,680609302.0,litres,2014-Quarterly-Disaggregated-FSV-Data-Magisterial-District-Level-01Dec2015.xlsx
ZAF,2014-Q4,shared,WC,fuel_oil,7206371.0,litres,2014-Quarterly-Disaggregated-FSV-Data-Magisterial-District-Level-01Dec2015.xlsx
ZAF,2014-Q4,shared,WC,jet,85778908.0,litres,2014-Quarterly-Disaggregated-FSV-Data-Magisterial-District-Level-01Dec2015.xlsx
ZAF,2014-Q4,shared,WC,lpg,26156381.0,litres,2014-Quarterly-Disaggregated-FSV-Data-Magisterial-District-Level-01Dec2015.xlsx
ZAF,2014-Q4,shared,WC,paraffin,21470761.0,litres,2014-Quarterly-Disaggregated-FSV-Data-Magisterial-District-Level-01Dec2015.xlsx
ZAF,2014-Q4,shared,WC,petrol,464649020.0,litres,2014-Quarterly-Disaggregated-FSV-Data-Magisterial-District-Level-01Dec2015.xlsx
ZAF,2015-Q1,shared,EC,aviation_gasoline,65712.0,litres,2015-Quarterly-Disaggregated-data-Magisterial-Districts-13January2017.xlsx
ZAF,2015-Q1,shared,EC,diesel,220760540.0,litres,2015-Quarterly-Disaggregated-data-Magisterial-Districts-13January2017.xlsx
ZAF,2015-Q1,shared,EC,fuel_oil,3866736.0,litres,2015-Quarterly-Disaggregated-data-Magisterial-Districts-13January2017.xlsx
ZAF,2015-Q1,shared,EC,jet,88962304.0,litres,2015-Quarterly-Disaggregated-data-Magisterial-Districts-13January2017.xlsx
ZAF,2015-Q1,shared,EC,paraffin,9590522.0,litres,2015-Quarterly-Disaggregated-data-Magisterial-Districts-13January2017.xlsx
ZAF,2015-Q1,shared,EC,petrol,218582308.0,litres,2015-Quarterly-Disaggregated-data-Magisterial-Districts-13January2017.xlsx
ZAF,2015-Q1,shared,FS,aviation_gasoline,908080.0,litres,2015-Quarterly-Disaggregated-data-Magisterial-Districts-13January2017.xlsx
ZAF,2015-Q1,shared,FS,diesel,329996596.0,litres,2015-Quarterly-Disaggregated-data-Magisterial-Districts-13January2017.xlsx
ZAF,2015-Q1,shared,FS,fuel_oil,6636272.0,litres,2015-Quarterly-Disaggregated-data-Magisterial-Districts-13January2017.xlsx
ZAF,2015-Q1,shared,FS,jet,7899515.0,litres,2015-Quarterly-Disaggregated-data-Magisterial-Districts-13January2017.xlsx
ZAF,2015-Q1,shared,FS,lpg,3241658.0,litres,2015-Quarterly-Disaggregated-data-Magisterial-Districts-13January2017.xlsx
ZAF,2015-Q1,shared,FS,paraffin,4007326.0,litres,2015-Quarterly-Disaggregated-data-Magisterial-Districts-13January2017.xlsx
ZAF,2015-Q1,shared,FS,petrol,236429599.0,litres,2015-Quarterly-Disaggregated-data-Magisterial-Districts-13January2017.xlsx
ZAF,2015-Q1,shared,GP,aviation_gasoline,961305.0,litres,2015-Quarterly-Disaggregated-data-Magisterial-Districts-13January2017.xlsx
ZAF,2015-Q1,shared,GP,diesel,912636599.0,litres,2015-Quarterly-Disaggregated-data-Magisterial-Districts-13January2017.xlsx
ZAF,2015-Q1,shared,GP,fuel_oil,15065829.0,litres,2015-Quarterly-Disaggregated-data-Magisterial-Districts-13January2017.xlsx
ZAF,2015-Q1,shared,GP,jet,379293029.0,litres,2015-Quarterly-Disaggregated-data-Magisterial-Districts-13January2017.xlsx
ZAF,2015-Q1,shared,GP,lpg,497052.0,litres,2015-Quarterly-Disaggregated-data-Magisterial-Districts-13January2017.xlsx
ZAF,2015-Q1,shared,GP,paraffin,14535997.0,litres,2015-Quarterly-Disaggregated-data-Magisterial-Districts-13January2017.xlsx
ZAF,2015-Q1,shared,GP,petrol,1044987033.0,litres,2015-Quarterly-Disaggregated-data-Magisterial-Districts-13January2017.xlsx
ZAF,2015-Q1,shared,KZN,aviation_gasoline,1063352.0,litres,2015-Quarterly-Disaggregated-data-Magisterial-Districts-13January2017.xlsx
ZAF,2015-Q1,shared,KZN,diesel,536489212.0,litres,2015-Quarterly-Disaggregated-data-Magisterial-Districts-13January2017.xlsx
ZAF,2015-Q1,shared,KZN,fuel_oil,12244395.0,litres,2015-Quarterly-Disaggregated-data-Magisterial-Districts-13January2017.xlsx
ZAF,2015-Q1,shared,KZN,jet,18728932.0,litres,2015-Quarterly-Disaggregated-data-Magisterial-Districts-13January2017.xlsx
ZAF,2015-Q1,shared,KZN,lpg,48270114.0,litres,2015-Quarterly-Disaggregated-data-Magisterial-Districts-13January2017.xlsx
ZAF,2015-Q1,shared,KZN,paraffin,48158990.0,litres,2015-Quarterly-Disaggregated-data-Magisterial-Districts-13January2017.xlsx
ZAF,2015-Q1,shared,KZN,petrol,448126509.0,litres,2015-Quarterly-Disaggregated-data-Magisterial-Districts-13January2017.xlsx
ZAF,2015-Q1,shared,LP,aviation_gasoline,182652.0,litres,2015-Quarterly-Disaggregated-data-Magisterial-Districts-13January2017.xlsx
ZAF,2015-Q1,shared,LP,diesel,88496948.0,litres,2015-Quarterly-Disaggregated-data-Magisterial-Districts-13January2017.xlsx
ZAF,2015-Q1,shared,LP,fuel_oil,27725022.0,litres,2015-Quarterly-Disaggregated-data-Magisterial-Districts-13January2017.xlsx
ZAF,2015-Q1,shared,LP,jet,23805.0,litres,2015-Quarterly-Disaggregated-data-Magisterial-Districts-13January2017.xlsx
ZAF,2015-Q1,shared,LP,paraffin,1034169.0,litres,2015-Quarterly-Disaggregated-data-Magisterial-Districts-13January2017.xlsx
ZAF,2015-Q1,shared,LP,petrol,100187891.0,litres,2015-Quarterly-Disaggregated-data-Magisterial-Districts-13January2017.xlsx
ZAF,2015-Q1,shared,MP,aviation_gasoline,118041.0,litres,2015-Quarterly-Disaggregated-data-Magisterial-Districts-13January2017.xlsx
ZAF,2015-Q1,shared,MP,diesel,394918724.0,litres,2015-Quarterly-Disaggregated-data-Magisterial-Districts-13January2017.xlsx
ZAF,2015-Q1,shared,MP,fuel_oil,73902083.0,litres,2015-Quarterly-Disaggregated-data-Magisterial-Districts-13January2017.xlsx
ZAF,2015-Q1,shared,MP,jet,408498.0,litres,2015-Quarterly-Disaggregated-data-Magisterial-Districts-13January2017.xlsx
ZAF,2015-Q1,shared,MP,lpg,65529064.0,litres,2015-Quarterly-Disaggregated-data-Magisterial-Districts-13January2017.xlsx
ZAF,2015-Q1,shared,MP,paraffin,31346316.0,litres,2015-Quarterly-Disaggregated-data-Magisterial-Districts-13January2017.xlsx
ZAF,2015-Q1,shared,MP,petrol,240925364.0,litres,2015-Quarterly-Disaggregated-data-Magisterial-Districts-13January2017.xlsx
ZAF,2015-Q1,shared,NC,aviation_gasoline,185274.0,litres,2015-Quarterly-Disaggregated-data-Magisterial-Districts-13January2017.xlsx
ZAF,2015-Q1,shared,NC,diesel,136471322.0,litres,2015-Quarterly-Disaggregated-data-Magisterial-Districts-13January2017.xlsx
ZAF,2015-Q1,shared,NC,jet,9011023.0,litres,2015-Quarterly-Disaggregated-data-Magisterial-Districts-13January2017.xlsx
ZAF,2015-Q1,shared,NC,lpg,33834.0,litres,2015-Quarterly-Disaggregated-data-Magisterial-Districts-13January2017.xlsx
ZAF,2015-Q1,shared,NC,paraffin,1250523.0,litres,2015-Quarterly-Disaggregated-data-Magisterial-Districts-13January2017.xlsx
ZAF,2015-Q1,shared,NC,petrol,34033989.0,litres,2015-Quarterly-Disaggregated-data-Magisterial-Districts-13January2017.xlsx
ZAF,2015-Q1,shared,NW,aviation_gasoline,70985.0,litres,2015-Quarterly-Disaggregated-data-Magisterial-Districts-13January2017.xlsx
ZAF,2015-Q1,shared,NW,diesel,169460107.0,litres,2015-Quarterly-Disaggregated-data-Magisterial-Districts-13January2017.xlsx
ZAF,2015-Q1,shared,NW,fuel_oil,489791.0,litres,2015-Quarterly-Disaggregated-data-Magisterial-Districts-13January2017.xlsx
ZAF,2015-Q1,shared,NW,jet,11871.0,litres,2015-Quarterly-Disaggregated-data-Magisterial-Districts-13January2017.xlsx
ZAF,2015-Q1,shared,NW,lpg,239121.0,litres,2015-Quarterly-Disaggregated-data-Magisterial-Districts-13January2017.xlsx
ZAF,2015-Q1,shared,NW,paraffin,2524049.0,litres,2015-Quarterly-Disaggregated-data-Magisterial-Districts-13January2017.xlsx
ZAF,2015-Q1,shared,NW,petrol,134031233.0,litres,2015-Quarterly-Disaggregated-data-Magisterial-Districts-13January2017.xlsx
ZAF,2015-Q1,shared,WC,aviation_gasoline,739737.0,litres,2015-Quarterly-Disaggregated-data-Magisterial-Districts-13January2017.xlsx
ZAF,2015-Q1,shared,WC,diesel,673038963.0,litres,2015-Quarterly-Disaggregated-data-Magisterial-Districts-13January2017.xlsx
ZAF,2015-Q1,shared,WC,fuel_oil,7620579.0,litres,2015-Quarterly-Disaggregated-data-Magisterial-Districts-13January2017.xlsx
ZAF,2015-Q1,shared,WC,jet,99343820.0,litres,2015-Quarterly-Disaggregated-data-Magisterial-Districts-13January2017.xlsx
ZAF,2015-Q1,shared,WC,lpg,16007492.0,litres,2015-Quarterly-Disaggregated-data-Magisterial-Districts-13January2017.xlsx
ZAF,2015-Q1,shared,WC,paraffin,23285898.0,litres,2015-Quarterly-Disaggregated-data-Magisterial-Districts-13January2017.xlsx
ZAF,2015-Q1,shared,WC,petrol,451566200.0,litres,2015-Quarterly-Disaggregated-data-Magisterial-Districts-13January2017.xlsx
ZAF,2015-Q2,shared,EC,aviation_gasoline,62461.0,litres,2015-Quarterly-Disaggregated-data-Magisterial-Districts-13January2017.xlsx
ZAF,2015-Q2,shared,EC,diesel,227980260.0,litres,2015-Quarterly-Disaggregated-data-Magisterial-Districts-13January2017.xlsx
ZAF,2015-Q2,shared,EC,fuel_oil,3904832.0,litres,2015-Quarterly-Disaggregated-data-Magisterial-Districts-13January2017.xlsx
ZAF,2015-Q2,shared,EC,jet,88906464.0,litres,2015-Quarterly-Disaggregated-data-Magisterial-Districts-13January2017.xlsx
ZAF,2015-Q2,shared,EC,paraffin,16260807.0,litres,2015-Quarterly-Disaggregated-data-Magisterial-Districts-13January2017.xlsx
ZAF,2015-Q2,shared,EC,petrol,207980354.0,litres,2015-Quarterly-Disaggregated-data-Magisterial-Districts-13January2017.xlsx
ZAF,2015-Q2,shared,FS,aviation_gasoline,1094231.0,litres,2015-Quarterly-Disaggregated-data-Magisterial-Districts-13January2017.xlsx
ZAF,2015-Q2,shared,FS,diesel,319760630.0,litres,2015-Quarterly-Disaggregated-data-Magisterial-Districts-13January2017.xlsx
ZAF,2015-Q2,shared,FS,fuel_oil,11766741.0,litres,2015-Quarterly-Disaggregated-data-Magisterial-Districts-13January2017.xlsx
ZAF,2015-Q2,shared,FS,jet,4226680.0,litres,2015-Quarterly-Disaggregated-data-Magisterial-Districts-13January2017.xlsx
ZAF,2015-Q2,shared,FS,lpg,3811872.0,litres,2015-Quarterly-Disaggregated-data-Magisterial-Districts-13January2017.xlsx
ZAF,2015-Q2,shared,FS,paraffin,9008545.0,litres,2015-Quarterly-Disaggregated-data-Magisterial-Districts-13January2017.xlsx
ZAF,2015-Q2,shared,FS,petrol,238126288.0,litres,2015-Quarterly-Disaggregated-data-Magisterial-Districts-13January2017.xlsx
ZAF,2015-Q2,shared,GP,aviation_gasoline,1322535.0,litres,2015-Quarterly-Disaggregated-data-Magisterial-Districts-13January2017.xlsx
ZAF,2015-Q2,shared,GP,diesel,701525172.0,litres,2015-Quarterly-Disaggregated-data-Magisterial-Districts-13January2017.xlsx
ZAF,2015-Q2,shared,GP,fuel_oil,17624305.0,litres,2015-Quarterly-Disaggregated-data-Magisterial-Districts-13January2017.xlsx
ZAF,2015-Q2,shared,GP,jet,396777835.0,litres,2015-Quarterly-Disaggregated-data-Magisterial-Districts-13January2017.xlsx
ZAF,2015-Q2,shared,GP,lpg,1390540.0,litres,2015-Quarterly-Disaggregated-data-Magisterial-Districts-13January2017.xlsx
ZAF,2015-Q2,shared,GP,paraffin,16805082.0,litres,2015-Quarterly-Disaggregated-data-Magisterial-Districts-13January2017.xlsx
ZAF,2015-Q2,shared,GP,petrol,1007323959.0,litres,2015-Quarterly-Disaggregated-data-Magisterial-Districts-13January2017.xlsx
ZAF,2015-Q2,shared,KZN,aviation_gasoline,1718891.0,litres,2015-Quarterly-Disaggregated-data-Magisterial-Districts-13January2017.xlsx
ZAF,2015-Q2,shared,KZN,diesel,516321710.0,litres,2015-Quarterly-Disaggregated-data-Magisterial-Districts-13January2017.xlsx
ZAF,2015-Q2,shared,KZN,fuel_oil,12360903.0,litres,2015-Quarterly-Disaggregated-data-Magisterial-Districts-13January2017.xlsx
ZAF,2015-Q2,shared,KZN,jet,18858193.0,litres,2015-Quarterly-Disaggregated-data-Magisterial-Districts-13January2017.xlsx
ZAF,2015-Q2,shared,KZN,lpg,42998608.0,litres,2015-Quarterly-Disaggregated-data-Magisterial-Districts-13January2017.xlsx
ZAF,2015-Q2,shared,KZN,paraffin,45826893.0,litres,2015-Quarterly-Disaggregated-data-Magisterial-Districts-13January2017.xlsx
ZAF,2015-Q2,shared,KZN,petrol,433055612.0,litres,2015-Quarterly-Disaggregated-data-Magisterial-Districts-13January2017.xlsx
ZAF,2015-Q2,shared,LP,aviation_gasoline,303258.0,litres,2015-Quarterly-Disaggregated-data-Magisterial-Districts-13January2017.xlsx
ZAF,2015-Q2,shared,LP,diesel,82175047.0,litres,2015-Quarterly-Disaggregated-data-Magisterial-Districts-13January2017.xlsx
ZAF,2015-Q2,shared,LP,fuel_oil,13873931.0,litres,2015-Quarterly-Disaggregated-data-Magisterial-Districts-13January2017.xlsx
ZAF,2015-Q2,shared,LP,jet,100012.0,litres,2015-Quarterly-Disaggregated-data-Magisterial-Districts-13January2017.xlsx
ZAF,2015-Q2,shared,LP,paraffin,923923.0,litres,2015-Quarterly-Disaggregated-data-Magisterial-Districts-13January2017.xlsx
ZAF,2015-Q2,shared,LP,petrol,94983936.0,litres,2015-Quarterly-Disaggregated-data-Magisterial-Districts-13January2017.xlsx
ZAF,2015-Q2,shared,MP,aviation_gasoline,259046.0,litres,2015-Quarterly-Disaggregated-data-Magisterial-Districts-13January2017.xlsx
ZAF,2015-Q2,shared,MP,diesel,357996006.0,litres,2015-Quarterly-Disaggregated-data-Magisterial-Districts-13January2017.xlsx
ZAF,2015-Q2,shared,MP,fuel_oil,61210480.0,litres,2015-Quarterly-Disaggregated-data-Magisterial-Districts-13January2017.xlsx
ZAF,2015-Q2,shared,MP,jet,247943.0,litres,2015-Quarterly-Disaggregated-data-Magisterial-Districts-13January2017.xlsx
ZAF,2015-Q2,shared,MP,lpg,95921683.0,litres,2015-Quarterly-Disaggregated-data-Magisterial-Districts-13January2017.xlsx
ZAF,2015-Q2,shared,MP,paraffin,40668007.0,litres,2015-Quarterly-Disaggregated-data-Magisterial-Districts-13January2017.xlsx
ZAF,2015-Q2,shared,MP,petrol,227876500.0,litres,2015-Quarterly-Disaggregated-data-Magisterial-Districts-13January2017.xlsx
ZAF,2015-Q2,shared,NC,aviation_gasoline,128269.0,litres,2015-Quarterly-Disaggregated-data-Magisterial-Districts-13January2017.xlsx
ZAF,2015-Q2,shared,NC,diesel,133211178.0,litres,2015-Quarterly-Disaggregated-data-Magisterial-Districts-13January2017.xlsx
ZAF,2015-Q2,shared,NC,fuel_oil,35739.0,litres,2015-Quarterly-Disaggregated-data-Magisterial-Districts-13January2017.xlsx
ZAF,2015-Q2,shared,NC,jet,3394583.0,litres,2015-Quarterly-Disaggregated-data-Magisterial-Districts-13January2017.xlsx
ZAF,2015-Q2,shared,NC,lpg,34950.0,litres,2015-Quarterly-Disaggregated-data-Magisterial-Districts-13January2017.xlsx
ZAF,2015-Q2,shared,NC,paraffin,1131610.0,litres,2015-Quarterly-Disaggregated-data-Magisterial-Districts-13January2017.xlsx
ZAF,2015-Q2,shared,NC,petrol,31727179.0,litres,2015-Quarterly-Disaggregated-data-Magisterial-Districts-13January2017.xlsx
ZAF,2015-Q2,shared,NW,aviation_gasoline,66996.0,litres,2015-Quarterly-Disaggregated-data-Magisterial-Districts-13January2017.xlsx
ZAF,2015-Q2,shared,NW,diesel,157453865.0,litres,2015-Quarterly-Disaggregated-data-Magisterial-Districts-13January2017.xlsx
ZAF,2015-Q2,shared,NW,fuel_oil,423062.0,litres,2015-Quarterly-Disaggregated-data-Magisterial-Districts-13January2017.xlsx
ZAF,2015-Q2,shared,NW,jet,23002.0,litres,2015-Quarterly-Disaggregated-data-Magisterial-Districts-13January2017.xlsx
ZAF,2015-Q2,shared,NW,lpg,192650.0,litres,2015-Quarterly-Disaggregated-data-Magisterial-Districts-13January2017.xlsx
ZAF,2015-Q2,shared,NW,paraffin,2550620.0,litres,2015-Quarterly-Disaggregated-data-Magisterial-Districts-13January2017.xlsx
ZAF,2015-Q2,shared,NW,petrol,130430068.0,litres,2015-Quarterly-Disaggregated-data-Magisterial-Districts-13January2017.xlsx
ZAF,2015-Q2,shared,WC,aviation_gasoline,513569.0,litres,2015-Quarterly-Disaggregated-data-Magisterial-Districts-13January2017.xlsx
ZAF,2015-Q2,shared,WC,diesel,905178517.0,litres,2015-Quarterly-Disaggregated-data-Magisterial-Districts-13January2017.xlsx
ZAF,2015-Q2,shared,WC,fuel_oil,7549547.0,litres,2015-Quarterly-Disaggregated-data-Magisterial-Districts-13January2017.xlsx
ZAF,2015-Q2,shared,WC,jet,71281468.0,litres,2015-Quarterly-Disaggregated-data-Magisterial-Districts-13January2017.xlsx
ZAF,2015-Q2,shared,WC,lpg,16174733.0,litres,2015-Quarterly-Disaggregated-data-Magisterial-Districts-13January2017.xlsx
ZAF,2015-Q2,shared,WC,paraffin,32420975.0,litres,2015-Quarterly-Disaggregated-data-Magisterial-Districts-13January2017.xlsx
ZAF,2015-Q2,shared,WC,petrol,416363978.0,litres,2015-Quarterly-Disaggregated-data-Magisterial-Districts-13January2017.xlsx
ZAF,2015-Q3,shared,EC,aviation_gasoline,68168.0,litres,2015-Quarterly-Disaggregated-data-Magisterial-Districts-13January2017.xlsx
ZAF,2015-Q3,shared,EC,diesel,243946730.0,litres,2015-Quarterly-Disaggregated-data-Magisterial-Districts-13January2017.xlsx
ZAF,2015-Q3,shared,EC,fuel_oil,5251480.0,litres,2015-Quarterly-Disaggregated-data-Magisterial-Districts-13January2017.xlsx
ZAF,2015-Q3,shared,EC,jet,102347298.0,litres,2015-Quarterly-Disaggregated-data-Magisterial-Districts-13January2017.xlsx
ZAF,2015-Q3,shared,EC,paraffin,19391766.0,litres,2015-Quarterly-Disaggregated-data-Magisterial-Districts-13January2017.xlsx
ZAF,2015-Q3,shared,EC,petrol,211390493.0,litres,2015-Quarterly-Disaggregated-data-Magisterial-Districts-13January2017.xlsx
ZAF,2015-Q3,shared,FS,aviation_gasoline,969752.0,litres,2015-Quarterly-Disaggregated-data-Magisterial-Districts-13January2017.xlsx
ZAF,2015-Q3,shared,FS,diesel,322122442.0,litres,2015-Quarterly-Disaggregated-data-Magisterial-Districts-13January2017.xlsx
ZAF,2015-Q3,shared,FS,fuel_oil,6142677.0,litres,2015-Quarterly-Disaggregated-data-Magisterial-Districts-13January2017.xlsx
ZAF,2015-Q3,shared,FS,jet,1204370.0,litres,2015-Quarterly-Disaggregated-data-Magisterial-Districts-13January2017.xlsx
ZAF,2015-Q3,shared,FS,lpg,5050572.0,litres,2015-Quarterly-Disaggregated-data-Magisterial-Districts-13January2017.xlsx
ZAF,2015-Q3,shared,FS,paraffin,8981586.0,litres,2015-Quarterly-Disaggregated-data-Magisterial-Districts-13January2017.xlsx
ZAF,2015-Q3,shared,FS,petrol,215598771.0,litres,2015-Quarterly-Disaggregated-data-Magisterial-Districts-13January2017.xlsx
ZAF,2015-Q3,shared,GP,aviation_gasoline,1189539.0,litres,2015-Quarterly-Disaggregated-data-Magisterial-Districts-13January2017.xlsx
ZAF,2015-Q3,shared,GP,diesel,774280179.0,litres,2015-Quarterly-Disaggregated-data-Magisterial-Districts-13January2017.xlsx
ZAF,2015-Q3,shared,GP,fuel_oil,16224563.0,litres,2015-Quarterly-Disaggregated-data-Magisterial-Districts-13January2017.xlsx
ZAF,2015-Q3,shared,GP,jet,380122903.0,litres,2015-Quarterly-Disaggregated-data-Magisterial-Districts-13January2017.xlsx
ZAF,2015-Q3,shared,GP,lpg,1828432.0,litres,2015-Quarterly-Disaggregated-data-Magisterial-Districts-13January2017.xlsx
ZAF,2015-Q3,shared,GP,paraffin,20561250.0,litres,2015-Quarterly-Disaggregated-data-Magisterial-Districts-13January2017.xlsx
ZAF,2015-Q3,shared,GP,petrol,1023921115.0,litres,2015-Quarterly-Disaggregated-data-Magisterial-Districts-13January2017.xlsx
ZAF,2015-Q3,shared,KZN,aviation_gasoline,1793782.0,litres,2015-Quarterly-Disaggregated-data-Magisterial-Districts-13January2017.xlsx
ZAF,2015-Q3,shared,KZN,diesel,542150731.0,litres,2015-Quarterly-Disaggregated-data-Magisterial-Districts-13January2017.xlsx
ZAF,2015-Q3,shared,KZN,fuel_oil,15207192.0,litres,2015-Quarterly-Disaggregated-data-Magisterial-Districts-13January2017.xlsx
ZAF,2015-Q3,shared,KZN,jet,19140932.0,litres,2015-Quarterly-Disaggregated-data-Magisterial-Districts-13January2017.xlsx
ZAF,2015-Q3,shared,KZN,lpg,37751984.0,litres,2015-Quarterly-Disaggregated-data-Magisterial-Districts-13January2017.xlsx
ZAF,2015-Q3,shared,KZN,paraffin,44442000.0,litres,2015-Quarterly-Disaggregated-data-Magisterial-Districts-13January2017.xlsx
ZAF,2015-Q3,shared,KZN,petrol,426756823.0,litres,2015-Quarterly-Disaggregated-data-Magisterial-Districts-13January2017.xlsx
ZAF,2015-Q3,shared,LP,aviation_gasoline,262453.0,litres,2015-Quarterly-Disaggregated-data-Magisterial-Districts-13January2017.xlsx
ZAF,2015-Q3,shared,LP,diesel,110021035.0,litres,2015-Quarterly-Disaggregated-data-Magisterial-Districts-13January2017.xlsx
ZAF,2015-Q3,shared,LP,fuel_oil,15344660.0,litres,2015-Quarterly-Disaggregated-data-Magisterial-Districts-13January2017.xlsx
ZAF,2015-Q3,shared,LP,jet,363689.0,litres,2015-Quarterly-Disaggregated-data-Magisterial-Districts-13January2017.xlsx
ZAF,2015-Q3,shared,LP,paraffin,1013654.0,litres,2015-Quarterly-Disaggregated-data-Magisterial-Districts-13January2017.xlsx
ZAF,2015-Q3,shared,LP,petrol,95875935.0,litres,2015-Quarterly-Disaggregated-data-Magisterial-Districts-13January2017.xlsx
ZAF,2015-Q3,shared,MP,aviation_gasoline,201329.0,litres,2015-Quarterly-Disaggregated-data-Magisterial-Districts-13January2017.xlsx
ZAF,2015-Q3,shared,MP,diesel,381264571.0,litres,2015-Quarterly-Disaggregated-data-Magisterial-Districts-13January2017.xlsx
ZAF,2015-Q3,shared,MP,fuel_oil,59683923.0,litres,2015-Quarterly-Disaggregated-data-Magisterial-Districts-13January2017.xlsx
ZAF,2015-Q3,shared,MP,jet,335647.0,litres,2015-Quarterly-Disaggregated-data-Magisterial-Districts-13January2017.xlsx
ZAF,2015-Q3,shared,MP,lpg,70405525.0,litres,2015-Quarterly-Disaggregated-data-Magisterial-Districts-13January2017.xlsx
ZAF,2015-Q3,shared,MP,paraffin,32640933.0,litres,2015-Quarterly-Disaggregated-data-Magisterial-Districts-13January2017.xlsx
ZAF,2015-Q3,shared,MP,petrol,235422246.0,litres,2015-Quarterly-Disaggregated-data-Magisterial-Districts-13January2017.xlsx
ZAF,2015-Q3,shared,NC,aviation_gasoline,244745.0,litres,2015-Quarterly-Disaggregated-data-Magisterial-Districts-13January2017.xlsx
ZAF,2015-Q3,shared,NC,diesel,135216878.0,litres,2015-Quarterly-Disaggregated-data-Magisterial-Districts-13January2017.xlsx
ZAF,2015-Q3,shared,NC,jet,1159478.0,litres,2015-Quarterly-Disaggregated-data-Magisterial-Districts-13January2017.xlsx
ZAF,2015-Q3,shared,NC,lpg,51231.0,litres,2015-Quarterly-Disaggregated-data-Magisterial-Districts-13January2017.xlsx
ZAF,2015-Q3,shared,NC,paraffin,1213448.0,litres,2015-Quarterly-Disaggregated-data-Magisterial-Districts-13January2017.xlsx
ZAF,2015-Q3,shared,NC,petrol,30957469.0,litres,2015-Quarterly-Disaggregated-data-Magisterial-Districts-13January2017.xlsx
ZAF,2015-Q3,shared,NW,aviation_gasoline,82670.0,litres,2015-Quarterly-Disaggregated-data-Magisterial-Districts-13January2017.xlsx
ZAF,2015-Q3,shared,NW,diesel,169999289.0,litres,2015-Quarterly-Disaggregated-data-Magisterial-Districts-13January2017.xlsx
ZAF,2015-Q3,shared,NW,fuel_oil,478939.0,litres,2015-Quarterly-Disaggregated-data-Magisterial-Districts-13January2017.xlsx
ZAF,2015-Q3,shared,NW,lpg,284925.0,litres,2015-Quarterly-Disaggregated-data-Magisterial-Districts-13January2017.xlsx
ZAF,2015-Q3,shared,NW,paraffin,2463128.0,litres,2015-Quarterly-Disaggregated-data-Magisterial-Districts-13January2017.xlsx
ZAF,2015-Q3,shared,NW,petrol,128627556.0,litres,2015-Quarterly-Disaggregated-data-Magisterial-Districts-13January2017.xlsx
ZAF,2015-Q3,shared,WC,aviation_gasoline,551813.0,litres,2015-Quarterly-Disaggregated-data-Magisterial-Districts-13January2017.xlsx
ZAF,2015-Q3,shared,WC,diesel,722239948.0,litres,2015-Quarterly-Disaggregated-data-Magisterial-Districts-13January2017.xlsx
ZAF,2015-Q3,shared,WC,fuel_oil,9581567.0,litres,2015-Quarterly-Disaggregated-data-Magisterial-Districts-13January2017.xlsx
ZAF,2015-Q3,shared,WC,jet,79564786.0,litres,2015-Quarterly-Disaggregated-data-Magisterial-Districts-13January2017.xlsx
ZAF,2015-Q3,shared,WC,lpg,20828045.0,litres,2015-Quarterly-Disaggregated-data-Magisterial-Districts-13January2017.xlsx
ZAF,2015-Q3,shared,WC,paraffin,30623479.0,litres,2015-Quarterly-Disaggregated-data-Magisterial-Districts-13January2017.xlsx
ZAF,2015-Q3,shared,WC,petrol,414138890.0,litres,2015-Quarterly-Disaggregated-data-Magisterial-Districts-13January2017.xlsx
ZAF,2015-Q4,shared,EC,aviation_gasoline,69964.0,litres,2015-Quarterly-Disaggregated-data-Magisterial-Districts-13January2017.xlsx
ZAF,2015-Q4,shared,EC,diesel,236581503.0,litres,2015-Quarterly-Disaggregated-data-Magisterial-Districts-13January2017.xlsx
ZAF,2015-Q4,shared,EC,fuel_oil,5066373.0,litres,2015-Quarterly-Disaggregated-data-Magisterial-Districts-13January2017.xlsx
ZAF,2015-Q4,shared,EC,jet,108135931.0,litres,2015-Quarterly-Disaggregated-data-Magisterial-Districts-13January2017.xlsx
ZAF,2015-Q4,shared,EC,lpg,110741.0,litres,2015-Quarterly-Disaggregated-data-Magisterial-Districts-13January2017.xlsx
ZAF,2015-Q4,shared,EC,paraffin,8321860.0,litres,2015-Quarterly-Disaggregated-data-Magisterial-Districts-13January2017.xlsx
ZAF,2015-Q4,shared,EC,petrol,231919344.0,litres,2015-Quarterly-Disaggregated-data-Magisterial-Districts-13January2017.xlsx
ZAF,2015-Q4,shared,FS,aviation_gasoline,1122082.0,litres,2015-Quarterly-Disaggregated-data-Magisterial-Districts-13January2017.xlsx
ZAF,2015-Q4,shared,FS,diesel,287135521.0,litres,2015-Quarterly-Disaggregated-data-Magisterial-Districts-13January2017.xlsx
ZAF,2015-Q4,shared,FS,fuel_oil,8779812.0,litres,2015-Quarterly-Disaggregated-data-Magisterial-Districts-13January2017.xlsx
ZAF,2015-Q4,shared,FS,jet,1495740.0,litres,2015-Quarterly-Disaggregated-data-Magisterial-Districts-13January2017.xlsx
ZAF,2015-Q4,shared,FS,lpg,1225260.0,litres,2015-Quarterly-Disaggregated-data-Magisterial-Districts-13January2017.xlsx
ZAF,2015-Q4,shared,FS,paraffin,2989349.0,litres,2015-Quarterly-Disaggregated-data-Magisterial-Districts-13January2017.xlsx
ZAF,2015-Q4,shared,FS,petrol,231132934.0,litres,2015-Quarterly-Disaggregated-data-Magisterial-Districts-13January2017.xlsx
ZAF,2015-Q4,shared,GP,aviation_gasoline,1137138.0,litres,2015-Quarterly-Disaggregated-data-Magisterial-Districts-13January2017.xlsx
ZAF,2015-Q4,shared,GP,diesel,771984928.0,litres,2015-Quarterly-Disaggregated-data-Magisterial-Districts-13January2017.xlsx
ZAF,2015-Q4,shared,GP,fuel_oil,18895613.0,litres,2015-Quarterly-Disaggregated-data-Magisterial-Districts-13January2017.xlsx
ZAF,2015-Q4,shared,GP,jet,389241608.0,litres,2015-Quarterly-Disaggregated-data-Magisterial-Districts-13January2017.xlsx
ZAF,2015-Q4,shared,GP,lpg,1570878.0,litres,2015-Quarterly-Disaggregated-data-Magisterial-Districts-13January2017.xlsx
ZAF,2015-Q4,shared,GP,paraffin,26295387.0,litres,2015-Quarterly-Disaggregated-data-Magisterial-Districts-13January2017.xlsx
ZAF,2015-Q4,shared,GP,petrol,1043134605.0,litres,2015-Quarterly-Disaggregated-data-Magisterial-Districts-13January2017.xlsx
ZAF,2015-Q4,shared,KZN,aviation_gasoline,1168978.0,litres,2015-Quarterly-Disaggregated-data-Magisterial-Districts-13January2017.xlsx
ZAF,2015-Q4,shared,KZN,diesel,530045091.0,litres,2015-Quarterly-Disaggregated-data-Magisterial-Districts-13January2017.xlsx
ZAF,2015-Q4,shared,KZN,fuel_oil,26755521.0,litres,2015-Quarterly-Disaggregated-data-Magisterial-Districts-13January2017.xlsx
ZAF,2015-Q4,shared,KZN,jet,20314777.0,litres,2015-Quarterly-Disaggregated-data-Magisterial-Districts-13January2017.xlsx
ZAF,2015-Q4,shared,KZN,lpg,48033537.0,litres,2015-Quarterly-Disaggregated-data-Magisterial-Districts-13January2017.xlsx
ZAF,2015-Q4,shared,KZN,paraffin,35984619.0,litres,2015-Quarterly-Disaggregated-data-Magisterial-Districts-13January2017.xlsx
ZAF,2015-Q4,shared,KZN,petrol,479614046.0,litres,2015-Quarterly-Disaggregated-data-Magisterial-Districts-13January2017.xlsx
ZAF,2015-Q4,shared,LP,aviation_gasoline,127822.0,litres,2015-Quarterly-Disaggregated-data-Magisterial-Districts-13January2017.xlsx
ZAF,2015-Q4,shared,LP,diesel,90586571.0,litres,2015-Quarterly-Disaggregated-data-Magisterial-Districts-13January2017.xlsx
ZAF,2015-Q4,shared,LP,fuel_oil,14398759.0,litres,2015-Quarterly-Disaggregated-data-Magisterial-Districts-13January2017.xlsx
ZAF,2015-Q4,shared,LP,jet,603700.0,litres,2015-Quarterly-Disaggregated-data-Magisterial-Districts-13January2017.xlsx
ZAF,2015-Q4,shared,LP,paraffin,761345.0,litres,2015-Quarterly-Disaggregated-data-Magisterial-Districts-13January2017.xlsx
ZAF,2015-Q4,shared,LP,petrol,119408834.0,litres,2015-Quarterly-Disaggregated-data-Magisterial-Districts-13January2017.xlsx
ZAF,2015-Q4,shared,MP,aviation_gasoline,114479.0,litres,2015-Quarterly-Disaggregated-data-Magisterial-Districts-13January2017.xlsx
ZAF,2015-Q4,shared,MP,diesel,365150098.0,litres,2015-Quarterly-Disaggregated-data-Magisterial-Districts-13January2017.xlsx
ZAF,2015-Q4,shared,MP,fuel_oil,67015912.0,litres,2015-Quarterly-Disaggregated-data-Magisterial-Districts-13January2017.xlsx
ZAF,2015-Q4,shared,MP,jet,272512.0,litres,2015-Quarterly-Disaggregated-data-Magisterial-Districts-13January2017.xlsx
ZAF,2015-Q4,shared,MP,lpg,63078010.0,litres,2015-Quarterly-Disaggregated-data-Magisterial-Districts-13January2017.xlsx
ZAF,2015-Q4,shared,MP,paraffin,29483300.0,litres,2015-Quarterly-Disaggregated-data-Magisterial-Districts-13January2017.xlsx
ZAF,2015-Q4,shared,MP,petrol,250814893.0,litres,2015-Quarterly-Disaggregated-data-Magisterial-Districts-13January2017.xlsx
ZAF,2015-Q4,shared,NC,aviation_gasoline,190959.0,litres,2015-Quarterly-Disaggregated-data-Magisterial-Districts-13January2017.xlsx
ZAF,2015-Q4,shared,NC,diesel,132900083.0,litres,2015-Quarterly-Disaggregated-data-Magisterial-Districts-13January2017.xlsx
ZAF,2015-Q4,shared,NC,jet,1955568.0,litres,2015-Quarterly-Disaggregated-data-Magisterial-Districts-13January2017.xlsx
ZAF,2015-Q4,shared,NC,lpg,32663.0,litres,2015-Quarterly-Disaggregated-data-Magisterial-Districts-13January2017.xlsx
ZAF,2015-Q4,shared,NC,paraffin,779931.0,litres,2015-Quarterly-Disaggregated-data-Magisterial-Districts-13January2017.xlsx
ZAF,2015-Q4,shared,NC,petrol,34105736.0,litres,2015-Quarterly-Disaggregated-data-Magisterial-Districts-13January2017.xlsx
ZAF,2015-Q4,shared,NW,aviation_gasoline,28253.0,litres,2015-Quarterly-Disaggregated-data-Magisterial-Districts-13January2017.xlsx
ZAF,2015-Q4,shared,NW,diesel,162094686.0,litres,2015-Quarterly-Disaggregated-data-Magisterial-Districts-13January2017.xlsx
ZAF,2015-Q4,shared,NW,fuel_oil,628890.0,litres,2015-Quarterly-Disaggregated-data-Magisterial-Districts-13January2017.xlsx
ZAF,2015-Q4,shared,NW,lpg,274715.0,litres,2015-Quarterly-Disaggregated-data-Magisterial-Districts-13January2017.xlsx
ZAF,2015-Q4,shared,NW,paraffin,1875225.0,litres,2015-Quarterly-Disaggregated-data-Magisterial-Districts-13January2017.xlsx
ZAF,2015-Q4,shared,NW,petrol,136717637.0,litres,2015-Quarterly-Disaggregated-data-Magisterial-Districts-13January2017.xlsx
ZAF,2015-Q4,shared,WC,aviation_gasoline,615404.0,litres,2015-Quarterly-Disaggregated-data-Magisterial-Districts-13January2017.xlsx
ZAF,2015-Q4,shared,WC,diesel,650559679.0,litres,2015-Quarterly-Disaggregated-data-Magisterial-Districts-13January2017.xlsx
ZAF,2015-Q4,shared,WC,fuel_oil,5802593.0,litres,2015-Quarterly-Disaggregated-data-Magisterial-Districts-13January2017.xlsx
ZAF,2015-Q4,shared,WC,jet,102679511.0,litres,2015-Quarterly-Disaggregated-data-Magisterial-Districts-13January2017.xlsx
ZAF,2015-Q4,shared,WC,lpg,21658977.0,litres,2015-Quarterly-Disaggregated-data-Magisterial-Districts-13January2017.xlsx
ZAF,2015-Q4,shared,WC,paraffin,16724810.0,litres,2015-Quarterly-Disaggregated-data-Magisterial-Districts-13January2017.xlsx
ZAF,2015-Q4,shared,WC,petrol,463379145.0,litres,2015-Quarterly-Disaggregated-data-Magisterial-Districts-13January2017.xlsx
ZAF,2016-Q1,shared,EC,aviation_gasoline,50156.0,litres,2016-Quarter4-Magisterial-Districts-data.xlsx
ZAF,2016-Q1,shared,EC,diesel,210497442.73400006,litres,2016-Quarter4-Magisterial-Districts-data.xlsx
ZAF,2016-Q1,shared,EC,fuel_oil,5100282.0,litres,2016-Quarter4-Magisterial-Districts-data.xlsx
ZAF,2016-Q1,shared,EC,jet,107456441.431,litres,2016-Quarter4-Magisterial-Districts-data.xlsx
ZAF,2016-Q1,shared,EC,paraffin,9031915.402,litres,2016-Quarter4-Magisterial-Districts-data.xlsx
ZAF,2016-Q1,shared,EC,petrol,213973228.596,litres,2016-Quarter4-Magisterial-Districts-data.xlsx
ZAF,2016-Q1,shared,FS,aviation_gasoline,840019.26,litres,2016-Quarter4-Magisterial-Districts-data.xlsx
ZAF,2016-Q1,shared,FS,diesel,273509864.46000004,litres,2016-Quarter4-Magisterial-Districts-data.xlsx
ZAF,2016-Q1,shared,FS,fuel_oil,7867169.0,litres,2016-Quarter4-Magisterial-Districts-data.xlsx
ZAF,2016-Q1,shared,FS,jet,7503075.0,litres,2016-Quarter4-Magisterial-Districts-data.xlsx
ZAF,2016-Q1,shared,FS,lpg,48163246.68,litres,2016-Quarter4-Magisterial-Districts-data.xlsx
ZAF,2016-Q1,shared,FS,paraffin,3215259.518,litres,2016-Quarter4-Magisterial-Districts-data.xlsx
ZAF,2016-Q1,shared,FS,petrol,221740625.64200005,litres,2016-Quarter4-Magisterial-Districts-data.xlsx
ZAF,2016-Q1,shared,GP,aviation_gasoline,1100092.629,litres,2016-Quarter4-Magisterial-Districts-data.xlsx
ZAF,2016-Q1,shared,GP,diesel,693175764.6159998,litres,2016-Quarter4-Magisterial-Districts-data.xlsx
ZAF,2016-Q1,shared,GP,fuel_oil,20417796.0,litres,2016-Quarter4-Magisterial-Districts-data.xlsx
ZAF,2016-Q1,shared,GP,jet,427248568.43,litres,2016-Quarter4-Magisterial-Districts-data.xlsx
ZAF,2016-Q1,shared,GP,lpg,1444832.812887,litres,2016-Quarter4-Magisterial-Districts-data.xlsx
ZAF,2016-Q1,shared,GP,paraffin,25611332.125,litres,2016-Quarter4-Magisterial-Districts-data.xlsx
ZAF,2016-Q1,shared,GP,petrol,1005221866.247,litres,2016-Quarter4-Magisterial-Districts-data.xlsx
ZAF,2016-Q1,shared,KZN,aviation_gasoline,1258403.622,litres,2016-Quarter4-Magisterial-Districts-data.xlsx
ZAF,2016-Q1,shared,KZN,diesel,481273636.5889999,litres,2016-Quarter4-Magisterial-Districts-data.xlsx
ZAF,2016-Q1,shared,KZN,fuel_oil,12665660.924646,litres,2016-Quarter4-Magisterial-Districts-data.xlsx
ZAF,2016-Q1,shared,KZN,jet,15251730.074,litres,2016-Quarter4-Magisterial-Districts-data.xlsx
ZAF,2016-Q1,shared,KZN,lpg,47949897.634,litres,2016-Quarter4-Magisterial-Districts-data.xlsx
ZAF,2016-Q1,shared,KZN,paraffin,31493761.086000003,litres,2016-Quarter4-Magisterial-Districts-data.xlsx
ZAF,2016-Q1,shared,KZN,petrol,441372819.956999,litres,2016-Quarter4-Magisterial-Districts-data.xlsx
ZAF,2016-Q1,shared,LP,aviation_gasoline,168153.76400000002,litres,2016-Quarter4-Magisterial-Districts-data.xlsx
ZAF,2016-Q1,shared,LP,diesel,79185998.55800001,litres,2016-Quarter4-Magisterial-Districts-data.xlsx
ZAF,2016-Q1,shared,LP,fuel_oil,14597370.0,litres,2016-Quarter4-Magisterial-Districts-data.xlsx
ZAF,2016-Q1,shared,LP,jet,325714.95,litres,2016-Quarter4-Magisterial-Districts-data.xlsx
ZAF,2016-Q1,shared,LP,paraffin,389997.0,litres,2016-Quarter4-Magisterial-Districts-data.xlsx
ZAF,2016-Q1,shared,LP,petrol,89216754.25199999,litres,2016-Quarter4-Magisterial-Districts-data.xlsx
ZAF,2016-Q1,shared,MP,aviation_gasoline,78627.314,litres,2016-Quarter4-Magisterial-Districts-data.xlsx
ZAF,2016-Q1,shared,MP,diesel,357156072.0329999,litres,2016-Quarter4-Magisterial-Districts-data.xlsx
ZAF,2016-Q1,shared,MP,fuel_oil,80576647.0,litres,2016-Quarter4-Magisterial-Districts-data.xlsx
ZAF,2016-Q1,shared,MP,jet,195938.18699999998,litres,2016-Quarter4-Magisterial-Districts-data.xlsx
ZAF,2016-Q1,shared,MP,lpg,21203728.325,litres,2016-Quarter4-Magisterial-Districts-data.xlsx
ZAF,2016-Q1,shared,MP,paraffin,36428166.4,litres,2016-Quarter4-Magisterial-Districts-data.xlsx
ZAF,2016-Q1,shared,MP,petrol,229701065.083,litres,2016-Quarter4-Magisterial-Districts-data.xlsx
ZAF,2016-Q1,shared,NC,aviation_gasoline,197550.0,litres,2016-Quarter4-Magisterial-Districts-data.xlsx
ZAF,2016-Q1,shared,NC,diesel,102179201.14400001,litres,2016-Quarter4-Magisterial-Districts-data.xlsx
ZAF,2016-Q1,shared,NC,jet,1606675.0,litres,2016-Quarter4-Magisterial-Districts-data.xlsx
ZAF,2016-Q1,shared,NC,lpg,16942.0,litres,2016-Quarter4-Magisterial-Districts-data.xlsx
ZAF,2016-Q1,shared,NC,paraffin,901499.0,litres,2016-Quarter4-Magisterial-Districts-data.xlsx
ZAF,2016-Q1,shared,NC,petrol,31777103.062,litres,2016-Quarter4-Magisterial-Districts-data.xlsx
ZAF,2016-Q1,shared,NW,aviation_gasoline,29507.683,litres,2016-Quarter4-Magisterial-Districts-data.xlsx
ZAF,2016-Q1,shared,NW,diesel,156136355.188,litres,2016-Quarter4-Magisterial-Districts-data.xlsx
ZAF,2016-Q1,shared,NW,fuel_oil,461253.0,litres,2016-Quarter4-Magisterial-Districts-data.xlsx
ZAF,2016-Q1,shared,NW,jet,19975.0,litres,2016-Quarter4-Magisterial-Districts-data.xlsx
ZAF,2016-Q1,shared,NW,lpg,390713.0,litres,2016-Quarter4-Magisterial-Districts-data.xlsx
ZAF,2016-Q1,shared,NW,paraffin,1895805.638,litres,2016-Quarter4-Magisterial-Districts-data.xlsx
ZAF,2016-Q1,shared,NW,petrol,126670920.75899999,litres,2016-Quarter4-Magisterial-Districts-data.xlsx
ZAF,2016-Q1,shared,WC,aviation_gasoline,658642.1290000001,litres,2016-Quarter4-Magisterial-Districts-data.xlsx
ZAF,2016-Q1,shared,WC,diesel,476624604.9049999,litres,2016-Quarter4-Magisterial-Districts-data.xlsx
ZAF,2016-Q1,shared,WC,fuel_oil,5261157.903396,litres,2016-Quarter4-Magisterial-Districts-data.xlsx
ZAF,2016-Q1,shared,WC,jet,109711260.58975199,litres,2016-Quarter4-Magisterial-Districts-data.xlsx
ZAF,2016-Q1,shared,WC,lpg,28104326.153602,litres,2016-Quarter4-Magisterial-Districts-data.xlsx
ZAF,2016-Q1,shared,WC,paraffin,12260006.377,litres,2016-Quarter4-Magisterial-Districts-data.xlsx
ZAF,2016-Q1,shared,WC,petrol,443903310.37399894,litres,2016-Quarter4-Magisterial-Districts-data.xlsx
ZAF,2016-Q2,shared,EC,aviation_gasoline,56078.0,litres,2016-Quarter4-Magisterial-Districts-data.xlsx
ZAF,2016-Q2,shared,EC,diesel,218337605.97300002,litres,2016-Quarter4-Magisterial-Districts-data.xlsx
ZAF,2016-Q2,shared,EC,fuel_oil,5679632.0,litres,2016-Quarter4-Magisterial-Districts-data.xlsx
ZAF,2016-Q2,shared,EC,jet,112604475.086,litres,2016-Quarter4-Magisterial-Districts-data.xlsx
ZAF,2016-Q2,shared,EC,paraffin,14065655.192,litres,2016-Quarter4-Magisterial-Districts-data.xlsx
ZAF,2016-Q2,shared,EC,petrol,204722913.02499995,litres,2016-Quarter4-Magisterial-Districts-data.xlsx
ZAF,2016-Q2,shared,FS,aviation_gasoline,1128130.928,litres,2016-Quarter4-Magisterial-Districts-data.xlsx
ZAF,2016-Q2,shared,FS,diesel,317910932.69200003,litres,2016-Quarter4-Magisterial-Districts-data.xlsx
ZAF,2016-Q2,shared,FS,fuel_oil,7327961.0,litres,2016-Quarter4-Magisterial-Districts-data.xlsx
ZAF,2016-Q2,shared,FS,jet,11986150.0,litres,2016-Quarter4-Magisterial-Districts-data.xlsx
ZAF,2016-Q2,shared,FS,lpg,2069427.22,litres,2016-Quarter4-Magisterial-Districts-data.xlsx
ZAF,2016-Q2,shared,FS,paraffin,4694056.916999999,litres,2016-Quarter4-Magisterial-Districts-data.xlsx
ZAF,2016-Q2,shared,FS,petrol,235693691.079,litres,2016-Quarter4-Magisterial-Districts-data.xlsx
ZAF,2016-Q2,shared,GP,aviation_gasoline,1209858.56,litres,2016-Quarter4-Magisterial-Districts-data.xlsx
ZAF,2016-Q2,shared,GP,diesel,739187737.625,litres,2016-Quarter4-Magisterial-Districts-data.xlsx
ZAF,2016-Q2,shared,GP,fuel_oil,23527661.0,litres,2016-Quarter4-Magisterial-Districts-data.xlsx
ZAF,2016-Q2,shared,GP,jet,423779897.826,litres,2016-Quarter4-Magisterial-Districts-data.xlsx
ZAF,2016-Q2,shared,GP,lpg,6463670.255489,litres,2016-Quarter4-Magisterial-Districts-data.xlsx
ZAF,2016-Q2,shared,GP,paraffin,22325483.167,litres,2016-Quarter4-Magisterial-Districts-data.xlsx
ZAF,2016-Q2,shared,GP,petrol,1036885508.4610001,litres,2016-Quarter4-Magisterial-Districts-data.xlsx
ZAF,2016-Q2,shared,KZN,aviation_gasoline,1709288.922,litres,2016-Quarter4-Magisterial-Districts-data.xlsx
ZAF,2016-Q2,shared,KZN,diesel,535264949.3460001,litres,2016-Quarter4-Magisterial-Districts-data.xlsx
ZAF,2016-Q2,shared,KZN,fuel_oil,12415828.026913,litres,2016-Quarter4-Magisterial-Districts-data.xlsx
ZAF,2016-Q2,shared,KZN,jet,15416257.890999999,litres,2016-Quarter4-Magisterial-Districts-data.xlsx
ZAF,2016-Q2,shared,KZN,lpg,46308232.394,litres,2016-Quarter4-Magisterial-Districts-data.xlsx
ZAF,2016-Q2,shared,KZN,paraffin,36777518.61,litres,2016-Quarter4-Magisterial-Districts-data.xlsx
ZAF,2016-Q2,shared,KZN,petrol,426699051.816,litres,2016-Quarter4-Magisterial-Districts-data.xlsx
ZAF,2016-Q2,shared,LP,aviation_gasoline,237754.323,litres,2016-Quarter4-Magisterial-Districts-data.xlsx
ZAF,2016-Q2,shared,LP,diesel,82283509.978,litres,2016-Quarter4-Magisterial-Districts-data.xlsx
ZAF,2016-Q2,shared,LP,fuel_oil,19458354.0,litres,2016-Quarter4-Magisterial-Districts-data.xlsx
ZAF,2016-Q2,shared,LP,jet,290669.0,litres,2016-Quarter4-Magisterial-Districts-data.xlsx
ZAF,2016-Q2,shared,LP,paraffin,843971.0,litres,2016-Quarter4-Magisterial-Districts-data.xlsx
ZAF,2016-Q2,shared,LP,petrol,86200499.181,litres,2016-Quarter4-Magisterial-Districts-data.xlsx
ZAF,2016-Q2,shared,MP,aviation_gasoline,154435.84500000003,litres,2016-Quarter4-Magisterial-Districts-data.xlsx
ZAF,2016-Q2,shared,MP,diesel,417946561.54,litres,2016-Quarter4-Magisterial-Districts-data.xlsx
ZAF,2016-Q2,shared,MP,fuel_oil,61937737.0,litres,2016-Quarter4-Magisterial-Districts-data.xlsx
ZAF,2016-Q2,shared,MP,jet,335674.76800000004,litres,2016-Quarter4-Magisterial-Districts-data.xlsx
ZAF,2016-Q2,shared,MP,lpg,99793245.14,litres,2016-Quarter4-Magisterial-Districts-data.xlsx
ZAF,2016-Q2,shared,MP,paraffin,48827927.38,litres,2016-Quarter4-Magisterial-Districts-data.xlsx
ZAF,2016-Q2,shared,MP,petrol,248700972.30699995,litres,2016-Quarter4-Magisterial-Districts-data.xlsx
ZAF,2016-Q2,shared,NC,aviation_gasoline,224566.0,litres,2016-Quarter4-Magisterial-Districts-data.xlsx
ZAF,2016-Q2,shared,NC,diesel,100563995.51399998,litres,2016-Quarter4-Magisterial-Districts-data.xlsx
ZAF,2016-Q2,shared,NC,jet,1170553.0,litres,2016-Quarter4-Magisterial-Districts-data.xlsx
ZAF,2016-Q2,shared,NC,lpg,48441.0,litres,2016-Quarter4-Magisterial-Districts-data.xlsx
ZAF,2016-Q2,shared,NC,paraffin,1455212.0,litres,2016-Quarter4-Magisterial-Districts-data.xlsx
ZAF,2016-Q2,shared,NC,petrol,29384085.237999998,litres,2016-Quarter4-Magisterial-Districts-data.xlsx
ZAF,2016-Q2,shared,NW,aviation_gasoline,34568.820999999996,litres,2016-Quarter4-Magisterial-Districts-data.xlsx
ZAF,2016-Q2,shared,NW,diesel,163411755.332,litres,2016-Quarter4-Magisterial-Districts-data.xlsx
ZAF,2016-Q2,shared,NW,fuel_oil,574127.0,litres,2016-Quarter4-Magisterial-Districts-data.xlsx
ZAF,2016-Q2,shared,NW,lpg,257601.0,litres,2016-Quarter4-Magisterial-Districts-data.xlsx
ZAF,2016-Q2,shared,NW,paraffin,1561731.6600000001,litres,2016-Quarter4-Magisterial-Districts-data.xlsx
ZAF,2016-Q2,shared,NW,petrol,122581569.33500001,litres,2016-Quarter4-Magisterial-Districts-data.xlsx
ZAF,2016-Q2,shared,WC,aviation_gasoline,593420.017,litres,2016-Quarter4-Magisterial-Districts-data.xlsx
ZAF,2016-Q2,shared,WC,diesel,461983930.549,litres,2016-Quarter4-Magisterial-Districts-data.xlsx
ZAF,2016-Q2,shared,WC,fuel_oil,7867918.919709001,litres,2016-Quarter4-Magisterial-Districts-data.xlsx
ZAF,2016-Q2,shared,WC,jet,64945426.799291,litres,2016-Quarter4-Magisterial-Districts-data.xlsx
ZAF,2016-Q2,shared,WC,lpg,18959888.370204,litres,2016-Quarter4-Magisterial-Districts-data.xlsx
ZAF,2016-Q2,shared,WC,paraffin,23301955.656,litres,2016-Quarter4-Magisterial-Districts-data.xlsx
ZAF,2016-Q2,shared,WC,petrol,429329706.9180001,litres,2016-Quarter4-Magisterial-Districts-data.xlsx
ZAF,2016-Q3,shared,EC,aviation_gasoline,83480.0,litres,2016-Quarter4-Magisterial-Districts-data.xlsx
ZAF,2016-Q3,shared,EC,diesel,262453591.241,litres,2016-Quarter4-Magisterial-Districts-data.xlsx
ZAF,2016-Q3,shared,EC,fuel_oil,5172429.0,litres,2016-Quarter4-Magisterial-Districts-data.xlsx
ZAF,2016-Q3,shared,EC,jet,118033931.326,litres,2016-Quarter4-Magisterial-Districts-data.xlsx
ZAF,2016-Q3,shared,EC,paraffin,15571390.258,litres,2016-Quarter4-Magisterial-Districts-data.xlsx
ZAF,2016-Q3,shared,EC,petrol,217908787.494,litres,2016-Quarter4-Magisterial-Districts-data.xlsx
ZAF,2016-Q3,shared,FS,aviation_gasoline,775935.276,litres,2016-Quarter4-Magisterial-Districts-data.xlsx
ZAF,2016-Q3,shared,FS,diesel,281035938.423,litres,2016-Quarter4-Magisterial-Districts-data.xlsx
ZAF,2016-Q3,shared,FS,fuel_oil,6958901.0,litres,2016-Quarter4-Magisterial-Districts-data.xlsx
ZAF,2016-Q3,shared,FS,jet,17710766.366,litres,2016-Quarter4-Magisterial-Districts-data.xlsx
ZAF,2016-Q3,shared,FS,lpg,766850.0,litres,2016-Quarter4-Magisterial-Districts-data.xlsx
ZAF,2016-Q3,shared,FS,paraffin,5732816.18,litres,2016-Quarter4-Magisterial-Districts-data.xlsx
ZAF,2016-Q3,shared,FS,petrol,187822188.28199998,litres,2016-Quarter4-Magisterial-Districts-data.xlsx
ZAF,2016-Q3,shared,GP,aviation_gasoline,994366.658,litres,2016-Quarter4-Magisterial-Districts-data.xlsx
ZAF,2016-Q3,shared,GP,diesel,748335040.2049997,litres,2016-Quarter4-Magisterial-Districts-data.xlsx
ZAF,2016-Q3,shared,GP,fuel_oil,22555927.0,litres,2016-Quarter4-Magisterial-Districts-data.xlsx
ZAF,2016-Q3,shared,GP,jet,405658365.04499996,litres,2016-Quarter4-Magisterial-Districts-data.xlsx
ZAF,2016-Q3,shared,GP,lpg,11924959.834438,litres,2016-Quarter4-Magisterial-Districts-data.xlsx
ZAF,2016-Q3,shared,GP,paraffin,33171663.541,litres,2016-Quarter4-Magisterial-Districts-data.xlsx
ZAF,2016-Q3,shared,GP,petrol,1051888591.2100002,litres,2016-Quarter4-Magisterial-Districts-data.xlsx
ZAF,2016-Q3,shared,KZN,aviation_gasoline,1676398.3229999999,litres,2016-Quarter4-Magisterial-Districts-data.xlsx
ZAF,2016-Q3,shared,KZN,diesel,563257289.1279999,litres,2016-Quarter4-Magisterial-Districts-data.xlsx
ZAF,2016-Q3,shared,KZN,fuel_oil,19230933.200641,litres,2016-Quarter4-Magisterial-Districts-data.xlsx
ZAF,2016-Q3,shared,KZN,jet,20292498.188,litres,2016-Quarter4-Magisterial-Districts-data.xlsx
ZAF,2016-Q3,shared,KZN,lpg,38909264.661,litres,2016-Quarter4-Magisterial-Districts-data.xlsx
ZAF,2016-Q3,shared,KZN,paraffin,39270559.427,litres,2016-Quarter4-Magisterial-Districts-data.xlsx
ZAF,2016-Q3,shared,KZN,petrol,435667014.7500002,litres,2016-Quarter4-Magisterial-Districts-data.xlsx
ZAF,2016-Q3,shared,LP,aviation_gasoline,135828.412,litres,2016-Quarter4-Magisterial-Districts-data.xlsx
ZAF,2016-Q3,shared,LP,diesel,80743184.047,litres,2016-Quarter4-Magisterial-Districts-data.xlsx
ZAF,2016-Q3,shared,LP,fuel_oil,22627541.0,litres,2016-Quarter4-Magisterial-Districts-data.xlsx
ZAF,2016-Q3,shared,LP,jet,335274.0,litres,2016-Quarter4-Magisterial-Districts-data.xlsx
ZAF,2016-Q3,shared,LP,paraffin,563833.0,litres,2016-Quarter4-Magisterial-Districts-data.xlsx
ZAF,2016-Q3,shared,LP,petrol,88137317.21700001,litres,2016-Quarter4-Magisterial-Districts-data.xlsx
ZAF,2016-Q3,shared,MP,aviation_gasoline,123610.81999999999,litres,2016-Quarter4-Magisterial-Districts-data.xlsx
ZAF,2016-Q3,shared,MP,diesel,492998748.429,litres,2016-Quarter4-Magisterial-Districts-data.xlsx
ZAF,2016-Q3,shared,MP,fuel_oil,53929379.0,litres,2016-Quarter4-Magisterial-Districts-data.xlsx
ZAF,2016-Q3,shared,MP,jet,832516.625,litres,2016-Quarter4-Magisterial-Districts-data.xlsx
ZAF,2016-Q3,shared,MP,lpg,63387061.82,litres,2016-Quarter4-Magisterial-Districts-data.xlsx
ZAF,2016-Q3,shared,MP,paraffin,48251606.716,litres,2016-Quarter4-Magisterial-Districts-data.xlsx
ZAF,2016-Q3,shared,MP,petrol,276823697.17300004,litres,2016-Quarter4-Magisterial-Districts-data.xlsx
ZAF,2016-Q3,shared,NC,aviation_gasoline,179401.0,litres,2016-Quarter4-Magisterial-Districts-data.xlsx
ZAF,2016-Q3,shared,NC,diesel,108560787.462,litres,2016-Quarter4-Magisterial-Districts-data.xlsx
ZAF,2016-Q3,shared,NC,jet,1343110.0,litres,2016-Quarter4-Magisterial-Districts-data.xlsx
ZAF,2016-Q3,shared,NC,lpg,33492.0,litres,2016-Quarter4-Magisterial-Districts-data.xlsx
ZAF,2016-Q3,shared,NC,paraffin,1001262.0,litres,2016-Quarter4-Magisterial-Districts-data.xlsx
ZAF,2016-Q3,shared,NC,petrol,29269895.043,litres,2016-Quarter4-Magisterial-Districts-data.xlsx
ZAF,2016-Q3,shared,NW,aviation_gasoline,69382.943,litres,2016-Quarter4-Magisterial-Districts-data.xlsx
ZAF,2016-Q3,shared,NW,diesel,166434964.211,litres,2016-Quarter4-Magisterial-Districts-data.xlsx
ZAF,2016-Q3,shared,NW,fuel_oil,431948.0,litres,2016-Quarter4-Magisterial-Districts-data.xlsx
ZAF,2016-Q3,shared,NW,lpg,311083.0,litres,2016-Quarter4-Magisterial-Districts-data.xlsx
ZAF,2016-Q3,shared,NW,paraffin,1910333.32,litres,2016-Quarter4-Magisterial-Districts-data.xlsx
ZAF,2016-Q3,shared,NW,petrol,130122139.28799999,litres,2016-Quarter4-Magisterial-Districts-data.xlsx
ZAF,2016-Q3,shared,WC,aviation_gasoline,515042.462,litres,2016-Quarter4-Magisterial-Districts-data.xlsx
ZAF,2016-Q3,shared,WC,diesel,457664260.22599995,litres,2016-Quarter4-Magisterial-Districts-data.xlsx
ZAF,2016-Q3,shared,WC,fuel_oil,5386923.789000999,litres,2016-Quarter4-Magisterial-Districts-data.xlsx
ZAF,2016-Q3,shared,WC,jet,69599481.113594,litres,2016-Quarter4-Magisterial-Districts-data.xlsx
ZAF,2016-Q3,shared,WC,lpg,21784607.247054,litres,2016-Quarter4-Magisterial-Districts-data.xlsx
ZAF,2016-Q3,shared,WC,paraffin,21043026.04,litres,2016-Quarter4-Magisterial-Districts-data.xlsx
ZAF,2016-Q3,shared,WC,petrol,458631749.35400003,litres,2016-Quarter4-Magisterial-Districts-data.xlsx
ZAF,2016-Q4,shared,EC,aviation_gasoline,49709.0,litres,2016-Quarter4-Magisterial-Districts-data.xlsx
ZAF,2016-Q4,shared,EC,diesel,236853188.93800002,litres,2016-Quarter4-Magisterial-Districts-data.xlsx
ZAF,2016-Q4,shared,EC,fuel_oil,4219195.0,litres,2016-Quarter4-Magisterial-Districts-data.xlsx
ZAF,2016-Q4,shared,EC,jet,120556168.11000001,litres,2016-Quarter4-Magisterial-Districts-data.xlsx
ZAF,2016-Q4,shared,EC,paraffin,11004973.006000001,litres,2016-Quarter4-Magisterial-Districts-data.xlsx
ZAF,2016-Q4,shared,EC,petrol,221136308.28199992,litres,2016-Quarter4-Magisterial-Districts-data.xlsx
ZAF,2016-Q4,shared,FS,aviation_gasoline,394394.782,litres,2016-Quarter4-Magisterial-Districts-data.xlsx
ZAF,2016-Q4,shared,FS,diesel,252450471.65600005,litres,2016-Quarter4-Magisterial-Districts-data.xlsx
ZAF,2016-Q4,shared,FS,fuel_oil,3935624.0,litres,2016-Quarter4-Magisterial-Districts-data.xlsx
ZAF,2016-Q4,shared,FS,jet,12071869.512,litres,2016-Quarter4-Magisterial-Districts-data.xlsx
ZAF,2016-Q4,shared,FS,lpg,43850.0,litres,2016-Quarter4-Magisterial-Districts-data.xlsx
ZAF,2016-Q4,shared,FS,paraffin,4281398.171,litres,2016-Quarter4-Magisterial-Districts-data.xlsx
ZAF,2016-Q4,shared,FS,petrol,169537274.63500002,litres,2016-Quarter4-Magisterial-Districts-data.xlsx
ZAF,2016-Q4,shared,GP,aviation_gasoline,928348.2319999998,litres,2016-Quarter4-Magisterial-Districts-data.xlsx
ZAF,2016-Q4,shared,GP,diesel,772627164.4099991,litres,2016-Quarter4-Magisterial-Districts-data.xlsx
ZAF,2016-Q4,shared,GP,fuel_oil,19642925.0,litres,2016-Quarter4-Magisterial-Districts-data.xlsx
ZAF,2016-Q4,shared,GP,jet,391045174.202,litres,2016-Quarter4-Magisterial-Districts-data.xlsx
ZAF,2016-Q4,shared,GP,lpg,10964432.06856,litres,2016-Quarter4-Magisterial-Districts-data.xlsx
ZAF,2016-Q4,shared,GP,paraffin,27712893.612,litres,2016-Quarter4-Magisterial-Districts-data.xlsx
ZAF,2016-Q4,shared,GP,petrol,1082981856.458999,litres,2016-Quarter4-Magisterial-Districts-data.xlsx
ZAF,2016-Q4,shared,KZN,aviation_gasoline,996137.667,litres,2016-Quarter4-Magisterial-Districts-data.xlsx
ZAF,2016-Q4,shared,KZN,diesel,597101384.38,litres,2016-Quarter4-Magisterial-Districts-data.xlsx
ZAF,2016-Q4,shared,KZN,fuel_oil,19834903.026224002,litres,2016-Quarter4-Magisterial-Districts-data.xlsx
ZAF,2016-Q4,shared,KZN,jet,24756674.147,litres,2016-Quarter4-Magisterial-Districts-data.xlsx
ZAF,2016-Q4,shared,KZN,lpg,42685261.031,litres,2016-Quarter4-Magisterial-Districts-data.xlsx
ZAF,2016-Q4,shared,KZN,paraffin,46938039.47900001,litres,2016-Quarter4-Magisterial-Districts-data.xlsx
ZAF,2016-Q4,shared,KZN,petrol,461937315.69200003,litres,2016-Quarter4-Magisterial-Districts-data.xlsx
ZAF,2016-Q4,shared,LP,aviation_gasoline,155327.425,litres,2016-Quarter4-Magisterial-Districts-data.xlsx
ZAF,2016-Q4,shared,LP,diesel,67013471.721,litres,2016-Quarter4-Magisterial-Districts-data.xlsx
ZAF,2016-Q4,shared,LP,fuel_oil,10256502.0,litres,2016-Quarter4-Magisterial-Districts-data.xlsx
ZAF,2016-Q4,shared,LP,jet,365718.366,litres,2016-Quarter4-Magisterial-Districts-data.xlsx
ZAF,2016-Q4,shared,LP,paraffin,422823.0,litres,2016-Quarter4-Magisterial-Districts-data.xlsx
ZAF,2016-Q4,shared,LP,petrol,93637917.334,litres,2016-Quarter4-Magisterial-Districts-data.xlsx
ZAF,2016-Q4,shared,MP,aviation_gasoline,123724.196,litres,2016-Quarter4-Magisterial-Districts-data.xlsx
ZAF,2016-Q4,shared,MP,diesel,363105252.5130001,litres,2016-Quarter4-Magisterial-Districts-data.xlsx
ZAF,2016-Q4,shared,MP,fuel_oil,75707919.0,litres,2016-Quarter4-Magisterial-Districts-data.xlsx
ZAF,2016-Q4,shared,MP,jet,561568.607,litres,2016-Quarter4-Magisterial-Districts-data.xlsx
ZAF,2016-Q4,shared,MP,lpg,69194093.0,litres,2016-Quarter4-Magisterial-Districts-data.xlsx
ZAF,2016-Q4,shared,MP,paraffin,32951636.0,litres,2016-Quarter4-Magisterial-Districts-data.xlsx
ZAF,2016-Q4,shared,MP,petrol,274168538.824,litres,2016-Quarter4-Magisterial-Districts-data.xlsx
ZAF,2016-Q4,shared,NC,aviation_gasoline,142395.0,litres,2016-Quarter4-Magisterial-Districts-data.xlsx
ZAF,2016-Q4,shared,NC,diesel,100936318.13000001,litres,2016-Quarter4-Magisterial-Districts-data.xlsx
ZAF,2016-Q4,shared,NC,jet,1885655.0,litres,2016-Quarter4-Magisterial-Districts-data.xlsx
ZAF,2016-Q4,shared,NC,lpg,16942.0,litres,2016-Quarter4-Magisterial-Districts-data.xlsx
ZAF,2016-Q4,shared,NC,paraffin,894026.0,litres,2016-Quarter4-Magisterial-Districts-data.xlsx
ZAF,2016-Q4,shared,NC,petrol,30408361.328,litres,2016-Quarter4-Magisterial-Districts-data.xlsx
ZAF,2016-Q4,shared,NW,aviation_gasoline,40670.451,litres,2016-Quarter4-Magisterial-Districts-data.xlsx
ZAF,2016-Q4,shared,NW,diesel,164435380.643,litres,2016-Quarter4-Magisterial-Districts-data.xlsx
ZAF,2016-Q4,shared,NW,fuel_oil,483241.0,litres,2016-Quarter4-Magisterial-Districts-data.xlsx
ZAF,2016-Q4,shared,NW,jet,19984.0,litres,2016-Quarter4-Magisterial-Districts-data.xlsx
ZAF,2016-Q4,shared,NW,lpg,233536.0,litres,2016-Quarter4-Magisterial-Districts-data.xlsx
ZAF,2016-Q4,shared,NW,paraffin,1664668.179,litres,2016-Quarter4-Magisterial-Districts-data.xlsx
ZAF,2016-Q4,shared,NW,petrol,135062756.11999997,litres,2016-Quarter4-Magisterial-Districts-data.xlsx
ZAF,2016-Q4,shared,WC,aviation_gasoline,501425.1720000001,litres,2016-Quarter4-Magisterial-Districts-data.xlsx
ZAF,2016-Q4,shared,WC,diesel,499737683.883,litres,2016-Quarter4-Magisterial-Districts-data.xlsx
ZAF,2016-Q4,shared,WC,fuel_oil,6509800.159263,litres,2016-Quarter4-Magisterial-Districts-data.xlsx
ZAF,2016-Q4,shared,WC,jet,113842885.77546999,litres,2016-Quarter4-Magisterial-Districts-data.xlsx
ZAF,2016-Q4,shared,WC,lpg,28194761.81547,litres,2016-Quarter4-Magisterial-Districts-data.xlsx
ZAF,2016-Q4,shared,WC,paraffin,14946109.894,litres,2016-Quarter4-Magisterial-Districts-data.xlsx
ZAF,2016-Q4,shared,WC,petrol,493335066.86900014,litres,2016-Quarter4-Magisterial-Districts-data.xlsx
ZAF,2017-Q1,shared,EC,aviation_gasoline,26617.0,litres,2017-Quarter4-Magisterial-Districts-data.xlsx
ZAF,2017-Q1,shared,EC,diesel,206849908.36800006,litres,2017-Quarter4-Magisterial-Districts-data.xlsx
ZAF,2017-Q1,shared,EC,fuel_oil,5210357.0,litres,2017-Quarter4-Magisterial-Districts-data.xlsx
ZAF,2017-Q1,shared,EC,jet,116134923.85,litres,2017-Quarter4-Magisterial-Districts-data.xlsx
ZAF,2017-Q1,shared,EC,paraffin,8512465.162,litres,2017-Quarter4-Magisterial-Districts-data.xlsx
ZAF,2017-Q1,shared,EC,petrol,198823742.00899905,litres,2017-Quarter4-Magisterial-Districts-data.xlsx
ZAF,2017-Q1,shared,FS,aviation_gasoline,617851.042,litres,2017-Quarter4-Magisterial-Districts-data.xlsx
ZAF,2017-Q1,shared,FS,diesel,215196809.35399994,litres,2017-Quarter4-Magisterial-Districts-data.xlsx
ZAF,2017-Q1,shared,FS,fuel_oil,10151907.0,litres,2017-Quarter4-Magisterial-Districts-data.xlsx
ZAF,2017-Q1,shared,FS,jet,12231773.368999999,litres,2017-Quarter4-Magisterial-Districts-data.xlsx
ZAF,2017-Q1,shared,FS,lpg,1353173.76,litres,2017-Quarter4-Magisterial-Districts-data.xlsx
ZAF,2017-Q1,shared,FS,paraffin,4022807.377,litres,2017-Quarter4-Magisterial-Districts-data.xlsx
ZAF,2017-Q1,shared,FS,petrol,187339912.73000005,litres,2017-Quarter4-Magisterial-Districts-data.xlsx
ZAF,2017-Q1,shared,GP,aviation_gasoline,711010.6,litres,2017-Quarter4-Magisterial-Districts-data.xlsx
ZAF,2017-Q1,shared,GP,diesel,693092592.5380001,litres,2017-Quarter4-Magisterial-Districts-data.xlsx
ZAF,2017-Q1,shared,GP,fuel_oil,25933122.0,litres,2017-Quarter4-Magisterial-Districts-data.xlsx
ZAF,2017-Q1,shared,GP,jet,377292320.76399994,litres,2017-Quarter4-Magisterial-Districts-data.xlsx
ZAF,2017-Q1,shared,GP,lpg,15574139.331260001,litres,2017-Quarter4-Magisterial-Districts-data.xlsx
ZAF,2017-Q1,shared,GP,paraffin,25413987.728,litres,2017-Quarter4-Magisterial-Districts-data.xlsx
ZAF,2017-Q1,shared,GP,petrol,985524002.817,litres,2017-Quarter4-Magisterial-Districts-data.xlsx
ZAF,2017-Q1,shared,KZN,aviation_gasoline,1164567.794,litres,2017-Quarter4-Magisterial-Districts-data.xlsx
ZAF,2017-Q1,shared,KZN,diesel,558489564.2,litres,2017-Quarter4-Magisterial-Districts-data.xlsx
ZAF,2017-Q1,shared,KZN,fuel_oil,12913933.864163,litres,2017-Quarter4-Magisterial-Districts-data.xlsx
ZAF,2017-Q1,shared,KZN,jet,21083549.777000003,litres,2017-Quarter4-Magisterial-Districts-data.xlsx
ZAF,2017-Q1,shared,KZN,lpg,43429163.842999995,litres,2017-Quarter4-Magisterial-Districts-data.xlsx
ZAF,2017-Q1,shared,KZN,paraffin,45066675.585999995,litres,2017-Quarter4-Magisterial-Districts-data.xlsx
ZAF,2017-Q1,shared,KZN,petrol,418597221.85699993,litres,2017-Quarter4-Magisterial-Districts-data.xlsx
ZAF,2017-Q1,shared,LP,aviation_gasoline,238773.36099999998,litres,2017-Quarter4-Magisterial-Districts-data.xlsx
ZAF,2017-Q1,shared,LP,diesel,59838111.83199999,litres,2017-Quarter4-Magisterial-Districts-data.xlsx
ZAF,2017-Q1,shared,LP,fuel_oil,13264936.0,litres,2017-Quarter4-Magisterial-Districts-data.xlsx
ZAF,2017-Q1,shared,LP,jet,331708.462,litres,2017-Quarter4-Magisterial-Districts-data.xlsx
ZAF,2017-Q1,shared,LP,paraffin,318863.0,litres,2017-Quarter4-Magisterial-Districts-data.xlsx
ZAF,2017-Q1,shared,LP,petrol,80960507.76599999,litres,2017-Quarter4-Magisterial-Districts-data.xlsx
ZAF,2017-Q1,shared,MP,aviation_gasoline,137561.94799999997,litres,2017-Quarter4-Magisterial-Districts-data.xlsx
ZAF,2017-Q1,shared,MP,diesel,347217474.122,litres,2017-Quarter4-Magisterial-Districts-data.xlsx
ZAF,2017-Q1,shared,MP,fuel_oil,79998683.0,litres,2017-Quarter4-Magisterial-Districts-data.xlsx
ZAF,2017-Q1,shared,MP,jet,471711.409,litres,2017-Quarter4-Magisterial-Districts-data.xlsx
ZAF,2017-Q1,shared,MP,lpg,50033768.2,litres,2017-Quarter4-Magisterial-Districts-data.xlsx
ZAF,2017-Q1,shared,MP,paraffin,40422514.0,litres,2017-Quarter4-Magisterial-Districts-data.xlsx
ZAF,2017-Q1,shared,MP,petrol,220665207.94000003,litres,2017-Quarter4-Magisterial-Districts-data.xlsx
ZAF,2017-Q1,shared,NC,aviation_gasoline,123327.0,litres,2017-Quarter4-Magisterial-Districts-data.xlsx
ZAF,2017-Q1,shared,NC,diesel,93179785.126,litres,2017-Quarter4-Magisterial-Districts-data.xlsx
ZAF,2017-Q1,shared,NC,jet,1753899.0,litres,2017-Quarter4-Magisterial-Districts-data.xlsx
ZAF,2017-Q1,shared,NC,lpg,34242.0,litres,2017-Quarter4-Magisterial-Districts-data.xlsx
ZAF,2017-Q1,shared,NC,paraffin,668748.0,litres,2017-Quarter4-Magisterial-Districts-data.xlsx
ZAF,2017-Q1,shared,NC,petrol,26514757.425,litres,2017-Quarter4-Magisterial-Districts-data.xlsx
ZAF,2017-Q1,shared,NW,aviation_gasoline,49141.418000000005,litres,2017-Quarter4-Magisterial-Districts-data.xlsx
ZAF,2017-Q1,shared,NW,diesel,145065177.338,litres,2017-Quarter4-Magisterial-Districts-data.xlsx
ZAF,2017-Q1,shared,NW,fuel_oil,540633.0,litres,2017-Quarter4-Magisterial-Districts-data.xlsx
ZAF,2017-Q1,shared,NW,lpg,301449.0,litres,2017-Quarter4-Magisterial-Districts-data.xlsx
ZAF,2017-Q1,shared,NW,paraffin,1999333.0,litres,2017-Quarter4-Magisterial-Districts-data.xlsx
ZAF,2017-Q1,shared,NW,petrol,123983533.39899899,litres,2017-Quarter4-Magisterial-Districts-data.xlsx
ZAF,2017-Q1,shared,WC,aviation_gasoline,638755.1209999999,litres,2017-Quarter4-Magisterial-Districts-data.xlsx
ZAF,2017-Q1,shared,WC,diesel,464023323.328,litres,2017-Quarter4-Magisterial-Districts-data.xlsx
ZAF,2017-Q1,shared,WC,fuel_oil,4187074.9437419996,litres,2017-Quarter4-Magisterial-Districts-data.xlsx
ZAF,2017-Q1,shared,WC,jet,123742423.91007298,litres,2017-Quarter4-Magisterial-Districts-data.xlsx
ZAF,2017-Q1,shared,WC,lpg,21626047.544411004,litres,2017-Quarter4-Magisterial-Districts-data.xlsx
ZAF,2017-Q1,shared,WC,paraffin,11734866.434,litres,2017-Quarter4-Magisterial-Districts-data.xlsx
ZAF,2017-Q1,shared,WC,petrol,444118133.8999999,litres,2017-Quarter4-Magisterial-Districts-data.xlsx
ZAF,2017-Q2,shared,EC,aviation_gasoline,39342.0,litres,2017-Quarter4-Magisterial-Districts-data.xlsx
ZAF,2017-Q2,shared,EC,diesel,242036855.7270001,litres,2017-Quarter4-Magisterial-Districts-data.xlsx
ZAF,2017-Q2,shared,EC,fuel_oil,5501812.0,litres,2017-Quarter4-Magisterial-Districts-data.xlsx
ZAF,2017-Q2,shared,EC,jet,136433651.711,litres,2017-Quarter4-Magisterial-Districts-data.xlsx
ZAF,2017-Q2,shared,EC,paraffin,18274518.113,litres,2017-Quarter4-Magisterial-Districts-data.xlsx
ZAF,2017-Q2,shared,EC,petrol,207568078.15399998,litres,2017-Quarter4-Magisterial-Districts-data.xlsx
ZAF,2017-Q2,shared,FS,aviation_gasoline,394150.46900000004,litres,2017-Quarter4-Magisterial-Districts-data.xlsx
ZAF,2017-Q2,shared,FS,diesel,200613255.34700006,litres,2017-Quarter4-Magisterial-Districts-data.xlsx
ZAF,2017-Q2,shared,FS,fuel_oil,9618083.0,litres,2017-Quarter4-Magisterial-Districts-data.xlsx
ZAF,2017-Q2,shared,FS,jet,53339010.342999995,litres,2017-Quarter4-Magisterial-Districts-data.xlsx
ZAF,2017-Q2,shared,FS,lpg,1414785.78,litres,2017-Quarter4-Magisterial-Districts-data.xlsx
ZAF,2017-Q2,shared,FS,paraffin,6223513.809,litres,2017-Quarter4-Magisterial-Districts-data.xlsx
ZAF,2017-Q2,shared,FS,petrol,171760090.97100002,litres,2017-Quarter4-Magisterial-Districts-data.xlsx
ZAF,2017-Q2,shared,GP,aviation_gasoline,1185545.727,litres,2017-Quarter4-Magisterial-Districts-data.xlsx
ZAF,2017-Q2,shared,GP,diesel,775412668.2429988,litres,2017-Quarter4-Magisterial-Districts-data.xlsx
ZAF,2017-Q2,shared,GP,fuel_oil,24683115.0,litres,2017-Quarter4-Magisterial-Districts-data.xlsx
ZAF,2017-Q2,shared,GP,jet,451254553.75299996,litres,2017-Quarter4-Magisterial-Districts-data.xlsx
ZAF,2017-Q2,shared,GP,lpg,7712816.234459,litres,2017-Quarter4-Magisterial-Districts-data.xlsx
ZAF,2017-Q2,shared,GP,paraffin,28705963.802,litres,2017-Quarter4-Magisterial-Districts-data.xlsx
ZAF,2017-Q2,shared,GP,petrol,1010093070.5529959,litres,2017-Quarter4-Magisterial-Districts-data.xlsx
ZAF,2017-Q2,shared,KZN,aviation_gasoline,1053236.8709999998,litres,2017-Quarter4-Magisterial-Districts-data.xlsx
ZAF,2017-Q2,shared,KZN,diesel,607658667.786,litres,2017-Quarter4-Magisterial-Districts-data.xlsx
ZAF,2017-Q2,shared,KZN,fuel_oil,19206948.021844,litres,2017-Quarter4-Magisterial-Districts-data.xlsx
ZAF,2017-Q2,shared,KZN,jet,21076735.083,litres,2017-Quarter4-Magisterial-Districts-data.xlsx
ZAF,2017-Q2,shared,KZN,lpg,43330160.035000004,litres,2017-Quarter4-Magisterial-Districts-data.xlsx
ZAF,2017-Q2,shared,KZN,paraffin,62642231.099,litres,2017-Quarter4-Magisterial-Districts-data.xlsx
ZAF,2017-Q2,shared,KZN,petrol,419975034.00999886,litres,2017-Quarter4-Magisterial-Districts-data.xlsx
ZAF,2017-Q2,shared,LP,aviation_gasoline,200578.96199999997,litres,2017-Quarter4-Magisterial-Districts-data.xlsx
ZAF,2017-Q2,shared,LP,diesel,65880766.44800001,litres,2017-Quarter4-Magisterial-Districts-data.xlsx
ZAF,2017-Q2,shared,LP,fuel_oil,18305747.0,litres,2017-Quarter4-Magisterial-Districts-data.xlsx
ZAF,2017-Q2,shared,LP,jet,370663.0,litres,2017-Quarter4-Magisterial-Districts-data.xlsx
ZAF,2017-Q2,shared,LP,paraffin,326904.0,litres,2017-Quarter4-Magisterial-Districts-data.xlsx
ZAF,2017-Q2,shared,LP,petrol,84580353.60199998,litres,2017-Quarter4-Magisterial-Districts-data.xlsx
ZAF,2017-Q2,shared,MP,aviation_gasoline,191980.245,litres,2017-Quarter4-Magisterial-Districts-data.xlsx
ZAF,2017-Q2,shared,MP,diesel,390630854.525,litres,2017-Quarter4-Magisterial-Districts-data.xlsx
ZAF,2017-Q2,shared,MP,fuel_oil,57817005.0,litres,2017-Quarter4-Magisterial-Districts-data.xlsx
ZAF,2017-Q2,shared,MP,jet,40755941.932,litres,2017-Quarter4-Magisterial-Districts-data.xlsx
ZAF,2017-Q2,shared,MP,lpg,36499861.08,litres,2017-Quarter4-Magisterial-Districts-data.xlsx
ZAF,2017-Q2,shared,MP,paraffin,32505278.558,litres,2017-Quarter4-Magisterial-Districts-data.xlsx
ZAF,2017-Q2,shared,MP,petrol,225726885.01799902,litres,2017-Quarter4-Magisterial-Districts-data.xlsx
ZAF,2017-Q2,shared,NC,aviation_gasoline,154711.0,litres,2017-Quarter4-Magisterial-Districts-data.xlsx
ZAF,2017-Q2,shared,NC,diesel,111130583.62699999,litres,2017-Quarter4-Magisterial-Districts-data.xlsx
ZAF,2017-Q2,shared,NC,jet,1233540.0,litres,2017-Quarter4-Magisterial-Districts-data.xlsx
ZAF,2017-Q2,shared,NC,lpg,33496.0,litres,2017-Quarter4-Magisterial-Districts-data.xlsx
ZAF,2017-Q2,shared,NC,paraffin,1064125.0,litres,2017-Quarter4-Magisterial-Districts-data.xlsx
ZAF,2017-Q2,shared,NC,petrol,26368471.311,litres,2017-Quarter4-Magisterial-Districts-data.xlsx
ZAF,2017-Q2,shared,NW,aviation_gasoline,53116.524999999994,litres,2017-Quarter4-Magisterial-Districts-data.xlsx
ZAF,2017-Q2,shared,NW,diesel,151389399.69699997,litres,2017-Quarter4-Magisterial-Districts-data.xlsx
ZAF,2017-Q2,shared,NW,fuel_oil,589215.0,litres,2017-Quarter4-Magisterial-Districts-data.xlsx
ZAF,2017-Q2,shared,NW,lpg,351094.0,litres,2017-Quarter4-Magisterial-Districts-data.xlsx
ZAF,2017-Q2,shared,NW,paraffin,2084455.0,litres,2017-Quarter4-Magisterial-Districts-data.xlsx
ZAF,2017-Q2,shared,NW,petrol,128306083.062,litres,2017-Quarter4-Magisterial-Districts-data.xlsx
ZAF,2017-Q2,shared,WC,aviation_gasoline,544721.2440000001,litres,2017-Quarter4-Magisterial-Districts-data.xlsx
ZAF,2017-Q2,shared,WC,diesel,478684964.15699995,litres,2017-Quarter4-Magisterial-Districts-data.xlsx
ZAF,2017-Q2,shared,WC,fuel_oil,8066613.341487,litres,2017-Quarter4-Magisterial-Districts-data.xlsx
ZAF,2017-Q2,shared,WC,jet,82149990.73760201,litres,2017-Quarter4-Magisterial-Districts-data.xlsx
ZAF,2017-Q2,shared,WC,lpg,29874300.788472,litres,2017-Quarter4-Magisterial-Districts-data.xlsx
ZAF,2017-Q2,shared,WC,paraffin,17321002.589,litres,2017-Quarter4-Magisterial-Districts-data.xlsx
ZAF,2017-Q2,shared,WC,petrol,436138069.20199686,litres,2017-Quarter4-Magisterial-Districts-data.xlsx
ZAF,2017-Q3,shared,EC,aviation_gasoline,28598.0,litres,2017-Quarter4-Magisterial-Districts-data.xlsx
ZAF,2017-Q3,shared,EC,diesel,245213580.42399997,litres,2017-Quarter4-Magisterial-Districts-data.xlsx
ZAF,2017-Q3,shared,EC,fuel_oil,5583824.0,litres,2017-Quarter4-Magisterial-Districts-data.xlsx
ZAF,2017-Q3,shared,EC,jet,114556650.488,litres,2017-Quarter4-Magisterial-Districts-data.xlsx
ZAF,2017-Q3,shared,EC,lpg,1234774.225,litres,2017-Quarter4-Magisterial-Districts-data.xlsx
ZAF,2017-Q3,shared,EC,paraffin,20398293.257,litres,2017-Quarter4-Magisterial-Districts-data.xlsx
ZAF,2017-Q3,shared,EC,petrol,209727434.56600004,litres,2017-Quarter4-Magisterial-Districts-data.xlsx
ZAF,2017-Q3,shared,FS,aviation_gasoline,247981.22800000003,litres,2017-Quarter4-Magisterial-Districts-data.xlsx
ZAF,2017-Q3,shared,FS,diesel,254875542.76,litres,2017-Quarter4-Magisterial-Districts-data.xlsx
ZAF,2017-Q3,shared,FS,fuel_oil,14122411.0,litres,2017-Quarter4-Magisterial-Districts-data.xlsx
ZAF,2017-Q3,shared,FS,jet,3967498.3540000003,litres,2017-Quarter4-Magisterial-Districts-data.xlsx
ZAF,2017-Q3,shared,FS,lpg,2223741.24,litres,2017-Quarter4-Magisterial-Districts-data.xlsx
ZAF,2017-Q3,shared,FS,paraffin,5865762.677999999,litres,2017-Quarter4-Magisterial-Districts-data.xlsx
ZAF,2017-Q3,shared,FS,petrol,223706957.356,litres,2017-Quarter4-Magisterial-Districts-data.xlsx
ZAF,2017-Q3,shared,GP,aviation_gasoline,908102.169,litres,2017-Quarter4-Magisterial-Districts-data.xlsx
ZAF,2017-Q3,shared,GP,diesel,839070319.4500002,litres,2017-Quarter4-Magisterial-Districts-data.xlsx
ZAF,2017-Q3,shared,GP,fuel_oil,10365819.0,litres,2017-Quarter4-Magisterial-Districts-data.xlsx
ZAF,2017-Q3,shared,GP,jet,424991044.699,litres,2017-Quarter4-Magisterial-Districts-data.xlsx
ZAF,2017-Q3,shared,GP,lpg,14247596.787112,litres,2017-Quarter4-Magisterial-Districts-data.xlsx
ZAF,2017-Q3,shared,GP,paraffin,26921248.372,litres,2017-Quarter4-Magisterial-Districts-data.xlsx
ZAF,2017-Q3,shared,GP,petrol,1057753273.542998,litres,2017-Quarter4-Magisterial-Districts-data.xlsx
ZAF,2017-Q3,shared,KZN,aviation_gasoline,684590.686,litres,2017-Quarter4-Magisterial-Districts-data.xlsx
ZAF,2017-Q3,shared,KZN,diesel,672351930.9129999,litres,2017-Quarter4-Magisterial-Districts-data.xlsx
ZAF,2017-Q3,shared,KZN,fuel_oil,21611899.025385,litres,2017-Quarter4-Magisterial-Districts-data.xlsx
ZAF,2017-Q3,shared,KZN,jet,14797622.018,litres,2017-Quarter4-Magisterial-Districts-data.xlsx
ZAF,2017-Q3,shared,KZN,lpg,46460631.004,litres,2017-Quarter4-Magisterial-Districts-data.xlsx
ZAF,2017-Q3,shared,KZN,paraffin,68925579.123,litres,2017-Quarter4-Magisterial-Districts-data.xlsx
ZAF,2017-Q3,shared,KZN,petrol,441954135.78200006,litres,2017-Quarter4-Magisterial-Districts-data.xlsx
ZAF,2017-Q3,shared,LP,aviation_gasoline,158342.63,litres,2017-Quarter4-Magisterial-Districts-data.xlsx
ZAF,2017-Q3,shared,LP,diesel,78350019.616,litres,2017-Quarter4-Magisterial-Districts-data.xlsx
ZAF,2017-Q3,shared,LP,fuel_oil,7211065.0,litres,2017-Quarter4-Magisterial-Districts-data.xlsx
ZAF,2017-Q3,shared,LP,jet,422214.746,litres,2017-Quarter4-Magisterial-Districts-data.xlsx
ZAF,2017-Q3,shared,LP,lpg,226531.0,litres,2017-Quarter4-Magisterial-Districts-data.xlsx
ZAF,2017-Q3,shared,LP,paraffin,624151.0,litres,2017-Quarter4-Magisterial-Districts-data.xlsx
ZAF,2017-Q3,shared,LP,petrol,95827415.611,litres,2017-Quarter4-Magisterial-Districts-data.xlsx
ZAF,2017-Q3,shared,MP,aviation_gasoline,119318.275,litres,2017-Quarter4-Magisterial-Districts-data.xlsx
ZAF,2017-Q3,shared,MP,diesel,415307093.308,litres,2017-Quarter4-Magisterial-Districts-data.xlsx
ZAF,2017-Q3,shared,MP,fuel_oil,8751153.0,litres,2017-Quarter4-Magisterial-Districts-data.xlsx
ZAF,2017-Q3,shared,MP,jet,2271717.7819999997,litres,2017-Quarter4-Magisterial-Districts-data.xlsx
ZAF,2017-Q3,shared,MP,lpg,59195700.067999996,litres,2017-Quarter4-Magisterial-Districts-data.xlsx
ZAF,2017-Q3,shared,MP,paraffin,40405938.0,litres,2017-Quarter4-Magisterial-Districts-data.xlsx
ZAF,2017-Q3,shared,MP,petrol,230778181.64899996,litres,2017-Quarter4-Magisterial-Districts-data.xlsx
ZAF,2017-Q3,shared,NC,aviation_gasoline,157270.0,litres,2017-Quarter4-Magisterial-Districts-data.xlsx
ZAF,2017-Q3,shared,NC,diesel,112436248.331,litres,2017-Quarter4-Magisterial-Districts-data.xlsx
ZAF,2017-Q3,shared,NC,jet,1678681.0,litres,2017-Quarter4-Magisterial-Districts-data.xlsx
ZAF,2017-Q3,shared,NC,lpg,17294.0,litres,2017-Quarter4-Magisterial-Districts-data.xlsx
ZAF,2017-Q3,shared,NC,paraffin,1020103.0,litres,2017-Quarter4-Magisterial-Districts-data.xlsx
ZAF,2017-Q3,shared,NC,petrol,27476111.205000002,litres,2017-Quarter4-Magisterial-Districts-data.xlsx
ZAF,2017-Q3,shared,NW,aviation_gasoline,45568.162,litres,2017-Quarter4-Magisterial-Districts-data.xlsx
ZAF,2017-Q3,shared,NW,diesel,149361558.83400002,litres,2017-Quarter4-Magisterial-Districts-data.xlsx
ZAF,2017-Q3,shared,NW,fuel_oil,691392.0,litres,2017-Quarter4-Magisterial-Districts-data.xlsx
ZAF,2017-Q3,shared,NW,jet,17225.0,litres,2017-Quarter4-Magisterial-Districts-data.xlsx
ZAF,2017-Q3,shared,NW,lpg,2529771.0,litres,2017-Quarter4-Magisterial-Districts-data.xlsx
ZAF,2017-Q3,shared,NW,paraffin,2011880.0,litres,2017-Quarter4-Magisterial-Districts-data.xlsx
ZAF,2017-Q3,shared,NW,petrol,131738240.347,litres,2017-Quarter4-Magisterial-Districts-data.xlsx
ZAF,2017-Q3,shared,WC,aviation_gasoline,872413.74,litres,2017-Quarter4-Magisterial-Districts-data.xlsx
ZAF,2017-Q3,shared,WC,diesel,453987070.01499975,litres,2017-Quarter4-Magisterial-Districts-data.xlsx
ZAF,2017-Q3,shared,WC,fuel_oil,2567923.444258,litres,2017-Quarter4-Magisterial-Districts-data.xlsx
ZAF,2017-Q3,shared,WC,jet,85831945.306101,litres,2017-Quarter4-Magisterial-Districts-data.xlsx
ZAF,2017-Q3,shared,WC,lpg,30315301.389831,litres,2017-Quarter4-Magisterial-Districts-data.xlsx
ZAF,2017-Q3,shared,WC,paraffin,19678130.059,litres,2017-Quarter4-Magisterial-Districts-data.xlsx
ZAF,2017-Q3,shared,WC,petrol,436860158.9469989,litres,2017-Quarter4-Magisterial-Districts-data.xlsx
ZAF,2017-Q4,shared,EC,aviation_gasoline,22507.0,litres,2017-Quarter4-Magisterial-Districts-data.xlsx
ZAF,2017-Q4,shared,EC,diesel,243223067.646999,litres,2017-Quarter4-Magisterial-Districts-data.xlsx
ZAF,2017-Q4,shared,EC,fuel_oil,4698061.0,litres,2017-Quarter4-Magisterial-Districts-data.xlsx
ZAF,2017-Q4,shared,EC,jet,116522654.87699999,litres,2017-Quarter4-Magisterial-Districts-data.xlsx
ZAF,2017-Q4,shared,EC,paraffin,13917375.362,litres,2017-Quarter4-Magisterial-Districts-data.xlsx
ZAF,2017-Q4,shared,EC,petrol,215568863.96899998,litres,2017-Quarter4-Magisterial-Districts-data.xlsx
ZAF,2017-Q4,shared,FS,aviation_gasoline,288129.806,litres,2017-Quarter4-Magisterial-Districts-data.xlsx
ZAF,2017-Q4,shared,FS,diesel,259478323.371,litres,2017-Quarter4-Magisterial-Districts-data.xlsx
ZAF,2017-Q4,shared,FS,fuel_oil,10718112.0,litres,2017-Quarter4-Magisterial-Districts-data.xlsx
ZAF,2017-Q4,shared,FS,jet,22652818.509,litres,2017-Quarter4-Magisterial-Districts-data.xlsx
ZAF,2017-Q4,shared,FS,lpg,2106530.614,litres,2017-Quarter4-Magisterial-Districts-data.xlsx
ZAF,2017-Q4,shared,FS,paraffin,7012635.071,litres,2017-Quarter4-Magisterial-Districts-data.xlsx
ZAF,2017-Q4,shared,FS,petrol,231163990.53799993,litres,2017-Quarter4-Magisterial-Districts-data.xlsx
ZAF,2017-Q4,shared,GP,aviation_gasoline,455656.385,litres,2017-Quarter4-Magisterial-Districts-data.xlsx
ZAF,2017-Q4,shared,GP,diesel,817947849.3159999,litres,2017-Quarter4-Magisterial-Districts-data.xlsx
ZAF,2017-Q4,shared,GP,fuel_oil,9525343.0,litres,2017-Quarter4-Magisterial-Districts-data.xlsx
ZAF,2017-Q4,shared,GP,jet,350261992.523,litres,2017-Quarter4-Magisterial-Districts-data.xlsx
ZAF,2017-Q4,shared,GP,lpg,15642193.539329002,litres,2017-Quarter4-Magisterial-Districts-data.xlsx
ZAF,2017-Q4,shared,GP,paraffin,22739917.119999997,litres,2017-Quarter4-Magisterial-Districts-data.xlsx
ZAF,2017-Q4,shared,GP,petrol,1035034706.4849979,litres,2017-Quarter4-Magisterial-Districts-data.xlsx
ZAF,2017-Q4,shared,KZN,aviation_gasoline,908901.799,litres,2017-Quarter4-Magisterial-Districts-data.xlsx
ZAF,2017-Q4,shared,KZN,diesel,621201221.0630001,litres,2017-Quarter4-Magisterial-Districts-data.xlsx
ZAF,2017-Q4,shared,KZN,fuel_oil,32926711.920504,litres,2017-Quarter4-Magisterial-Districts-data.xlsx
ZAF,2017-Q4,shared,KZN,jet,19079325.314999998,litres,2017-Quarter4-Magisterial-Districts-data.xlsx
ZAF,2017-Q4,shared,KZN,lpg,43762149.37100001,litres,2017-Quarter4-Magisterial-Districts-data.xlsx
ZAF,2017-Q4,shared,KZN,paraffin,53765284.514,litres,2017-Quarter4-Magisterial-Districts-data.xlsx
ZAF,2017-Q4,shared,KZN,petrol,445129621.7969999,litres,2017-Quarter4-Magisterial-Districts-data.xlsx
ZAF,2017-Q4,shared,LP,aviation_gasoline,148393.294,litres,2017-Quarter4-Magisterial-Districts-data.xlsx
ZAF,2017-Q4,shared,LP,diesel,70645082.37200001,litres,2017-Quarter4-Magisterial-Districts-data.xlsx
ZAF,2017-Q4,shared,LP,fuel_oil,11783258.0,litres,2017-Quarter4-Magisterial-Districts-data.xlsx
ZAF,2017-Q4,shared,LP,jet,449593.0,litres,2017-Quarter4-Magisterial-Districts-data.xlsx
ZAF,2017-Q4,shared,LP,lpg,134216.0,litres,2017-Quarter4-Magisterial-Districts-data.xlsx
ZAF,2017-Q4,shared,LP,paraffin,507413.0,litres,2017-Quarter4-Magisterial-Districts-data.xlsx
ZAF,2017-Q4,shared,LP,petrol,94425390.25699998,litres,2017-Quarter4-Magisterial-Districts-data.xlsx
ZAF,2017-Q4,shared,MP,aviation_gasoline,76576.766,litres,2017-Quarter4-Magisterial-Districts-data.xlsx
ZAF,2017-Q4,shared,MP,diesel,392893156.1,litres,2017-Quarter4-Magisterial-Districts-data.xlsx
ZAF,2017-Q4,shared,MP,fuel_oil,23206216.0,litres,2017-Quarter4-Magisterial-Districts-data.xlsx
ZAF,2017-Q4,shared,MP,jet,1731293.4009999998,litres,2017-Quarter4-Magisterial-Districts-data.xlsx
ZAF,2017-Q4,shared,MP,lpg,47124831.14,litres,2017-Quarter4-Magisterial-Districts-data.xlsx
ZAF,2017-Q4,shared,MP,paraffin,40647528.0,litres,2017-Quarter4-Magisterial-Districts-data.xlsx
ZAF,2017-Q4,shared,MP,petrol,285609899.249,litres,2017-Quarter4-Magisterial-Districts-data.xlsx
ZAF,2017-Q4,shared,NC,aviation_gasoline,157803.0,litres,2017-Quarter4-Magisterial-Districts-data.xlsx
ZAF,2017-Q4,shared,NC,diesel,113544147.33,litres,2017-Quarter4-Magisterial-Districts-data.xlsx
ZAF,2017-Q4,shared,NC,jet,1403316.0,litres,2017-Quarter4-Magisterial-Districts-data.xlsx
ZAF,2017-Q4,shared,NC,lpg,32547.0,litres,2017-Quarter4-Magisterial-Districts-data.xlsx
ZAF,2017-Q4,shared,NC,paraffin,652104.0,litres,2017-Quarter4-Magisterial-Districts-data.xlsx
ZAF,2017-Q4,shared,NC,petrol,27971698.536000002,litres,2017-Quarter4-Magisterial-Districts-data.xlsx
ZAF,2017-Q4,shared,NW,aviation_gasoline,17970.686999999998,litres,2017-Quarter4-Magisterial-Districts-data.xlsx
ZAF,2017-Q4,shared,NW,diesel,141346187.504,litres,2017-Quarter4-Magisterial-Districts-data.xlsx
ZAF,2017-Q4,shared,NW,fuel_oil,587752.0,litres,2017-Quarter4-Magisterial-Districts-data.xlsx
ZAF,2017-Q4,shared,NW,jet,19984.0,litres,2017-Quarter4-Magisterial-Districts-data.xlsx
ZAF,2017-Q4,shared,NW,lpg,1545224.0,litres,2017-Quarter4-Magisterial-Districts-data.xlsx
ZAF,2017-Q4,shared,NW,paraffin,1973115.0,litres,2017-Quarter4-Magisterial-Districts-data.xlsx
ZAF,2017-Q4,shared,NW,petrol,130115359.66400002,litres,2017-Quarter4-Magisterial-Districts-data.xlsx
ZAF,2017-Q4,shared,WC,aviation_gasoline,1018135.358,litres,2017-Quarter4-Magisterial-Districts-data.xlsx
ZAF,2017-Q4,shared,WC,diesel,457527029.07199985,litres,2017-Quarter4-Magisterial-Districts-data.xlsx
ZAF,2017-Q4,shared,WC,fuel_oil,2797902.048443,litres,2017-Quarter4-Magisterial-Districts-data.xlsx
ZAF,2017-Q4,shared,WC,jet,111535457.115242,litres,2017-Quarter4-Magisterial-Districts-data.xlsx
ZAF,2017-Q4,shared,WC,lpg,32947981.550249,litres,2017-Quarter4-Magisterial-Districts-data.xlsx
ZAF,2017-Q4,shared,WC,paraffin,15491729.226,litres,2017-Quarter4-Magisterial-Districts-data.xlsx
ZAF,2017-Q4,shared,WC,petrol,455926409.14299995,litres,2017-Quarter4-Magisterial-Districts-data.xlsx
ZAF,2018-Q1,shared,EC,aviation_gasoline,22439.0,litres,2018-Quarter4-Magisterial-Districts-data.xlsx
ZAF,2018-Q1,shared,EC,diesel,242310722.66100007,litres,2018-Quarter4-Magisterial-Districts-data.xlsx
ZAF,2018-Q1,shared,EC,fuel_oil,2908053.0,litres,2018-Quarter4-Magisterial-Districts-data.xlsx
ZAF,2018-Q1,shared,EC,jet,113649822.19800001,litres,2018-Quarter4-Magisterial-Districts-data.xlsx
ZAF,2018-Q1,shared,EC,lpg,1.0,litres,2018-Quarter4-Magisterial-Districts-data.xlsx
ZAF,2018-Q1,shared,EC,paraffin,8519791.066,litres,2018-Quarter4-Magisterial-Districts-data.xlsx
ZAF,2018-Q1,shared,EC,petrol,183580633.96999997,litres,2018-Quarter4-Magisterial-Districts-data.xlsx
ZAF,2018-Q1,shared,FS,aviation_gasoline,168296.40699999998,litres,2018-Quarter4-Magisterial-Districts-data.xlsx
ZAF,2018-Q1,shared,FS,diesel,221101028.055,litres,2018-Quarter4-Magisterial-Districts-data.xlsx
ZAF,2018-Q1,shared,FS,fuel_oil,13934107.0,litres,2018-Quarter4-Magisterial-Districts-data.xlsx
ZAF,2018-Q1,shared,FS,jet,7226360.873,litres,2018-Quarter4-Magisterial-Districts-data.xlsx
ZAF,2018-Q1,shared,FS,lpg,3762814.6599999997,litres,2018-Quarter4-Magisterial-Districts-data.xlsx
ZAF,2018-Q1,shared,FS,paraffin,5239604.01,litres,2018-Quarter4-Magisterial-Districts-data.xlsx
ZAF,2018-Q1,shared,FS,petrol,224123328.11000004,litres,2018-Quarter4-Magisterial-Districts-data.xlsx
ZAF,2018-Q1,shared,GP,aviation_gasoline,284855.15,litres,2018-Quarter4-Magisterial-Districts-data.xlsx
ZAF,2018-Q1,shared,GP,diesel,721668713.5159999,litres,2018-Quarter4-Magisterial-Districts-data.xlsx
ZAF,2018-Q1,shared,GP,fuel_oil,9449732.0,litres,2018-Quarter4-Magisterial-Districts-data.xlsx
ZAF,2018-Q1,shared,GP,jet,357227179.384,litres,2018-Quarter4-Magisterial-Districts-data.xlsx
ZAF,2018-Q1,shared,GP,lpg,15012591.723939,litres,2018-Quarter4-Magisterial-Districts-data.xlsx
ZAF,2018-Q1,shared,GP,paraffin,15388045.656,litres,2018-Quarter4-Magisterial-Districts-data.xlsx
ZAF,2018-Q1,shared,GP,petrol,919471831.302997,litres,2018-Quarter4-Magisterial-Districts-data.xlsx
ZAF,2018-Q1,shared,KZN,aviation_gasoline,676064.4010000001,litres,2018-Quarter4-Magisterial-Districts-data.xlsx
ZAF,2018-Q1,shared,KZN,diesel,538666068.875,litres,2018-Quarter4-Magisterial-Districts-data.xlsx
ZAF,2018-Q1,shared,KZN,fuel_oil,33077090.169215,litres,2018-Quarter4-Magisterial-Districts-data.xlsx
ZAF,2018-Q1,shared,KZN,jet,18986465.246,litres,2018-Quarter4-Magisterial-Districts-data.xlsx
ZAF,2018-Q1,shared,KZN,lpg,6579664.295,litres,2018-Quarter4-Magisterial-Districts-data.xlsx
ZAF,2018-Q1,shared,KZN,paraffin,44363372.47,litres,2018-Quarter4-Magisterial-Districts-data.xlsx
ZAF,2018-Q1,shared,KZN,petrol,380821310.11499995,litres,2018-Quarter4-Magisterial-Districts-data.xlsx
ZAF,2018-Q1,shared,LP,aviation_gasoline,42900.679,litres,2018-Quarter4-Magisterial-Districts-data.xlsx
ZAF,2018-Q1,shared,LP,diesel,68458852.622,litres,2018-Quarter4-Magisterial-Districts-data.xlsx
ZAF,2018-Q1,shared,LP,fuel_oil,18958058.0,litres,2018-Quarter4-Magisterial-Districts-data.xlsx
ZAF,2018-Q1,shared,LP,jet,346194.0,litres,2018-Quarter4-Magisterial-Districts-data.xlsx
ZAF,2018-Q1,shared,LP,lpg,207167.0,litres,2018-Quarter4-Magisterial-Districts-data.xlsx
ZAF,2018-Q1,shared,LP,paraffin,228136.0,litres,2018-Quarter4-Magisterial-Districts-data.xlsx
ZAF,2018-Q1,shared,LP,petrol,82697247.31700002,litres,2018-Quarter4-Magisterial-Districts-data.xlsx
ZAF,2018-Q1,shared,MP,aviation_gasoline,137492.469,litres,2018-Quarter4-Magisterial-Districts-data.xlsx
ZAF,2018-Q1,shared,MP,diesel,372185767.076,litres,2018-Quarter4-Magisterial-Districts-data.xlsx
ZAF,2018-Q1,shared,MP,fuel_oil,50234899.0,litres,2018-Quarter4-Magisterial-Districts-data.xlsx
ZAF,2018-Q1,shared,MP,jet,1861203.6809999999,litres,2018-Quarter4-Magisterial-Districts-data.xlsx
ZAF,2018-Q1,shared,MP,lpg,49049648.42,litres,2018-Quarter4-Magisterial-Districts-data.xlsx
ZAF,2018-Q1,shared,MP,paraffin,27855154.0,litres,2018-Quarter4-Magisterial-Districts-data.xlsx
ZAF,2018-Q1,shared,MP,petrol,202063420.568,litres,2018-Quarter4-Magisterial-Districts-data.xlsx
ZAF,2018-Q1,shared,NC,aviation_gasoline,94330.0,litres,2018-Quarter4-Magisterial-Districts-data.xlsx
ZAF,2018-Q1,shared,NC,diesel,101645204.265,litres,2018-Quarter4-Magisterial-Districts-data.xlsx
ZAF,2018-Q1,shared,NC,jet,1909403.0,litres,2018-Quarter4-Magisterial-Districts-data.xlsx
ZAF,2018-Q1,shared,NC,lpg,31242.999999999996,litres,2018-Quarter4-Magisterial-Districts-data.xlsx
ZAF,2018-Q1,shared,NC,paraffin,482527.0,litres,2018-Quarter4-Magisterial-Districts-data.xlsx
ZAF,2018-Q1,shared,NC,petrol,21998389.481,litres,2018-Quarter4-Magisterial-Districts-data.xlsx
ZAF,2018-Q1,shared,NW,aviation_gasoline,12485.279999999999,litres,2018-Quarter4-Magisterial-Districts-data.xlsx
ZAF,2018-Q1,shared,NW,diesel,118308405.41899998,litres,2018-Quarter4-Magisterial-Districts-data.xlsx
ZAF,2018-Q1,shared,NW,fuel_oil,580725.0,litres,2018-Quarter4-Magisterial-Districts-data.xlsx
ZAF,2018-Q1,shared,NW,lpg,1908046.0,litres,2018-Quarter4-Magisterial-Districts-data.xlsx
ZAF,2018-Q1,shared,NW,paraffin,1457232.0,litres,2018-Quarter4-Magisterial-Districts-data.xlsx
ZAF,2018-Q1,shared,NW,petrol,111334250.01300003,litres,2018-Quarter4-Magisterial-Districts-data.xlsx
ZAF,2018-Q1,shared,WC,aviation_gasoline,669109.228,litres,2018-Quarter4-Magisterial-Districts-data.xlsx
ZAF,2018-Q1,shared,WC,diesel,434615513.21,litres,2018-Quarter4-Magisterial-Districts-data.xlsx
ZAF,2018-Q1,shared,WC,fuel_oil,1656400.27968,litres,2018-Quarter4-Magisterial-Districts-data.xlsx
ZAF,2018-Q1,shared,WC,jet,121793863.345811,litres,2018-Quarter4-Magisterial-Districts-data.xlsx
ZAF,2018-Q1,shared,WC,lpg,23311939.547397,litres,2018-Quarter4-Magisterial-Districts-data.xlsx
ZAF,2018-Q1,shared,WC,paraffin,9930264.640999999,litres,2018-Quarter4-Magisterial-Districts-data.xlsx
ZAF,2018-Q1,shared,WC,petrol,436456447.841,litres,2018-Quarter4-Magisterial-Districts-data.xlsx
ZAF,2018-Q2,shared,EC,aviation_gasoline,29436.0,litres,2018-Quarter4-Magisterial-Districts-data.xlsx
ZAF,2018-Q2,shared,EC,diesel,241071716.09199992,litres,2018-Quarter4-Magisterial-Districts-data.xlsx
ZAF,2018-Q2,shared,EC,fuel_oil,4372582.0,litres,2018-Quarter4-Magisterial-Districts-data.xlsx
ZAF,2018-Q2,shared,EC,jet,88616806.877,litres,2018-Quarter4-Magisterial-Districts-data.xlsx
ZAF,2018-Q2,shared,EC,paraffin,16833503.895,litres,2018-Quarter4-Magisterial-Districts-data.xlsx
ZAF,2018-Q2,shared,EC,petrol,223382480.784,litres,2018-Quarter4-Magisterial-Districts-data.xlsx
ZAF,2018-Q2,shared,FS,aviation_gasoline,410325.188,litres,2018-Quarter4-Magisterial-Districts-data.xlsx
ZAF,2018-Q2,shared,FS,diesel,237958203.58000004,litres,2018-Quarter4-Magisterial-Districts-data.xlsx
ZAF,2018-Q2,shared,FS,fuel_oil,15035256.0,litres,2018-Quarter4-Magisterial-Districts-data.xlsx
ZAF,2018-Q2,shared,FS,jet,8681728.313000001,litres,2018-Quarter4-Magisterial-Districts-data.xlsx
ZAF,2018-Q2,shared,FS,lpg,2945674.563,litres,2018-Quarter4-Magisterial-Districts-data.xlsx
ZAF,2018-Q2,shared,FS,paraffin,5641394.178,litres,2018-Quarter4-Magisterial-Districts-data.xlsx
ZAF,2018-Q2,shared,FS,petrol,239035063.63300002,litres,2018-Quarter4-Magisterial-Districts-data.xlsx
ZAF,2018-Q2,shared,GP,aviation_gasoline,663849.9139999999,litres,2018-Quarter4-Magisterial-Districts-data.xlsx
ZAF,2018-Q2,shared,GP,diesel,798093895.9429982,litres,2018-Quarter4-Magisterial-Districts-data.xlsx
ZAF,2018-Q2,shared,GP,fuel_oil,8017893.0,litres,2018-Quarter4-Magisterial-Districts-data.xlsx
ZAF,2018-Q2,shared,GP,jet,342783275.831,litres,2018-Quarter4-Magisterial-Districts-data.xlsx
ZAF,2018-Q2,shared,GP,lpg,10622401.495737,litres,2018-Quarter4-Magisterial-Districts-data.xlsx
ZAF,2018-Q2,shared,GP,paraffin,17338409.612,litres,2018-Quarter4-Magisterial-Districts-data.xlsx
ZAF,2018-Q2,shared,GP,petrol,1025405291.610998,litres,2018-Quarter4-Magisterial-Districts-data.xlsx
ZAF,2018-Q2,shared,KZN,aviation_gasoline,1457092.897,litres,2018-Quarter4-Magisterial-Districts-data.xlsx
ZAF,2018-Q2,shared,KZN,diesel,592677441.1180001,litres,2018-Quarter4-Magisterial-Districts-data.xlsx
ZAF,2018-Q2,shared,KZN,fuel_oil,22901894.058431998,litres,2018-Quarter4-Magisterial-Districts-data.xlsx
ZAF,2018-Q2,shared,KZN,jet,17954536.257,litres,2018-Quarter4-Magisterial-Districts-data.xlsx
ZAF,2018-Q2,shared,KZN,lpg,38193879.985,litres,2018-Quarter4-Magisterial-Districts-data.xlsx
ZAF,2018-Q2,shared,KZN,paraffin,65842453.966000006,litres,2018-Quarter4-Magisterial-Districts-data.xlsx
ZAF,2018-Q2,shared,KZN,petrol,411170584.2519989,litres,2018-Quarter4-Magisterial-Districts-data.xlsx
ZAF,2018-Q2,shared,LP,aviation_gasoline,157987.908,litres,2018-Quarter4-Magisterial-Districts-data.xlsx
ZAF,2018-Q2,shared,LP,diesel,75022648.34300001,litres,2018-Quarter4-Magisterial-Districts-data.xlsx
ZAF,2018-Q2,shared,LP,fuel_oil,21154475.0,litres,2018-Quarter4-Magisterial-Districts-data.xlsx
ZAF,2018-Q2,shared,LP,jet,411461.636,litres,2018-Quarter4-Magisterial-Districts-data.xlsx
ZAF,2018-Q2,shared,LP,lpg,341457.0,litres,2018-Quarter4-Magisterial-Districts-data.xlsx
ZAF,2018-Q2,shared,LP,paraffin,914309.0,litres,2018-Quarter4-Magisterial-Districts-data.xlsx
ZAF,2018-Q2,shared,LP,petrol,94793560.53799902,litres,2018-Quarter4-Magisterial-Districts-data.xlsx
ZAF,2018-Q2,shared,MP,aviation_gasoline,84364.05,litres,2018-Quarter4-Magisterial-Districts-data.xlsx
ZAF,2018-Q2,shared,MP,diesel,404680408.98099995,litres,2018-Quarter4-Magisterial-Districts-data.xlsx
ZAF,2018-Q2,shared,MP,fuel_oil,80238035.0,litres,2018-Quarter4-Magisterial-Districts-data.xlsx
ZAF,2018-Q2,shared,MP,jet,2596132.405,litres,2018-Quarter4-Magisterial-Districts-data.xlsx
ZAF,2018-Q2,shared,MP,lpg,50274062.425,litres,2018-Quarter4-Magisterial-Districts-data.xlsx
ZAF,2018-Q2,shared,MP,paraffin,49980325.86,litres,2018-Quarter4-Magisterial-Districts-data.xlsx
ZAF,2018-Q2,shared,MP,petrol,231438078.79999998,litres,2018-Quarter4-Magisterial-Districts-data.xlsx
ZAF,2018-Q2,shared,NC,aviation_gasoline,169066.0,litres,2018-Quarter4-Magisterial-Districts-data.xlsx
ZAF,2018-Q2,shared,NC,diesel,106472727.421,litres,2018-Quarter4-Magisterial-Districts-data.xlsx
ZAF,2018-Q2,shared,NC,jet,1268585.0,litres,2018-Quarter4-Magisterial-Districts-data.xlsx
ZAF,2018-Q2,shared,NC,lpg,16634.0,litres,2018-Quarter4-Magisterial-Districts-data.xlsx
ZAF,2018-Q2,shared,NC,paraffin,1167870.0,litres,2018-Quarter4-Magisterial-Districts-data.xlsx
ZAF,2018-Q2,shared,NC,petrol,26023215.448,litres,2018-Quarter4-Magisterial-Districts-data.xlsx
ZAF,2018-Q2,shared,NW,aviation_gasoline,20426.259,litres,2018-Quarter4-Magisterial-Districts-data.xlsx
ZAF,2018-Q2,shared,NW,diesel,135148939.544,litres,2018-Quarter4-Magisterial-Districts-data.xlsx
ZAF,2018-Q2,shared,NW,fuel_oil,651672.0,litres,2018-Quarter4-Magisterial-Districts-data.xlsx
ZAF,2018-Q2,shared,NW,jet,13925.94,litres,2018-Quarter4-Magisterial-Districts-data.xlsx
ZAF,2018-Q2,shared,NW,lpg,6500455.116,litres,2018-Quarter4-Magisterial-Districts-data.xlsx
ZAF,2018-Q2,shared,NW,paraffin,1774126.0,litres,2018-Quarter4-Magisterial-Districts-data.xlsx
ZAF,2018-Q2,shared,NW,petrol,124102344.43399899,litres,2018-Quarter4-Magisterial-Districts-data.xlsx
ZAF,2018-Q2,shared,WC,aviation_gasoline,377085.06500000006,litres,2018-Quarter4-Magisterial-Districts-data.xlsx
ZAF,2018-Q2,shared,WC,diesel,422450217.195,litres,2018-Quarter4-Magisterial-Districts-data.xlsx
ZAF,2018-Q2,shared,WC,fuel_oil,1092487.080064,litres,2018-Quarter4-Magisterial-Districts-data.xlsx
ZAF,2018-Q2,shared,WC,jet,83311440.790996,litres,2018-Quarter4-Magisterial-Districts-data.xlsx
ZAF,2018-Q2,shared,WC,lpg,25580630.989085,litres,2018-Quarter4-Magisterial-Districts-data.xlsx
ZAF,2018-Q2,shared,WC,paraffin,15126523.722,litres,2018-Quarter4-Magisterial-Districts-data.xlsx
ZAF,2018-Q2,shared,WC,petrol,416693000.799,litres,2018-Quarter4-Magisterial-Districts-data.xlsx
ZAF,2018-Q3,shared,EC,aviation_gasoline,25890.0,litres,2018-Quarter4-Magisterial-Districts-data.xlsx
ZAF,2018-Q3,shared,EC,diesel,243787690.683,litres,2018-Quarter4-Magisterial-Districts-data.xlsx
ZAF,2018-Q3,shared,EC,fuel_oil,6240623.0,litres,2018-Quarter4-Magisterial-Districts-data.xlsx
ZAF,2018-Q3,shared,EC,jet,81164929.66499999,litres,2018-Quarter4-Magisterial-Districts-data.xlsx
ZAF,2018-Q3,shared,EC,paraffin,23463645.132,litres,2018-Quarter4-Magisterial-Districts-data.xlsx
ZAF,2018-Q3,shared,EC,petrol,197920143.564,litres,2018-Quarter4-Magisterial-Districts-data.xlsx
ZAF,2018-Q3,shared,FS,aviation_gasoline,773729.3220000002,litres,2018-Quarter4-Magisterial-Districts-data.xlsx
ZAF,2018-Q3,shared,FS,diesel,302475775.822,litres,2018-Quarter4-Magisterial-Districts-data.xlsx
ZAF,2018-Q3,shared,FS,fuel_oil,11740805.0,litres,2018-Quarter4-Magisterial-Districts-data.xlsx
ZAF,2018-Q3,shared,FS,jet,7076402.118,litres,2018-Quarter4-Magisterial-Districts-data.xlsx
ZAF,2018-Q3,shared,FS,lpg,9181153.293,litres,2018-Quarter4-Magisterial-Districts-data.xlsx
ZAF,2018-Q3,shared,FS,paraffin,10452640.326000001,litres,2018-Quarter4-Magisterial-Districts-data.xlsx
ZAF,2018-Q3,shared,FS,petrol,282055942.7939999,litres,2018-Quarter4-Magisterial-Districts-data.xlsx
ZAF,2018-Q3,shared,GP,aviation_gasoline,518048.438,litres,2018-Quarter4-Magisterial-Districts-data.xlsx
ZAF,2018-Q3,shared,GP,diesel,908850602.1899979,litres,2018-Quarter4-Magisterial-Districts-data.xlsx
ZAF,2018-Q3,shared,GP,fuel_oil,8832066.0,litres,2018-Quarter4-Magisterial-Districts-data.xlsx
ZAF,2018-Q3,shared,GP,jet,309776725.49000007,litres,2018-Quarter4-Magisterial-Districts-data.xlsx
ZAF,2018-Q3,shared,GP,lpg,5503563.723583999,litres,2018-Quarter4-Magisterial-Districts-data.xlsx
ZAF,2018-Q3,shared,GP,paraffin,30111400.493999995,litres,2018-Quarter4-Magisterial-Districts-data.xlsx
ZAF,2018-Q3,shared,GP,petrol,1043745538.800998,litres,2018-Quarter4-Magisterial-Districts-data.xlsx
ZAF,2018-Q3,shared,KZN,aviation_gasoline,1161406.7799999998,litres,2018-Quarter4-Magisterial-Districts-data.xlsx
ZAF,2018-Q3,shared,KZN,diesel,646144784.9259998,litres,2018-Quarter4-Magisterial-Districts-data.xlsx
ZAF,2018-Q3,shared,KZN,fuel_oil,26329722.319058,litres,2018-Quarter4-Magisterial-Districts-data.xlsx
ZAF,2018-Q3,shared,KZN,jet,15508888.510000002,litres,2018-Quarter4-Magisterial-Districts-data.xlsx
ZAF,2018-Q3,shared,KZN,lpg,47475595.91199999,litres,2018-Quarter4-Magisterial-Districts-data.xlsx
ZAF,2018-Q3,shared,KZN,paraffin,94230803.50299999,litres,2018-Quarter4-Magisterial-Districts-data.xlsx
ZAF,2018-Q3,shared,KZN,petrol,417088353.889,litres,2018-Quarter4-Magisterial-Districts-data.xlsx
ZAF,2018-Q3,shared,LP,aviation_gasoline,95367.818,litres,2018-Quarter4-Magisterial-Districts-data.xlsx
ZAF,2018-Q3,shared,LP,diesel,77085681.40199998,litres,2018-Quarter4-Magisterial-Districts-data.xlsx
ZAF,2018-Q3,shared,LP,fuel_oil,18559334.0,litres,2018-Quarter4-Magisterial-Districts-data.xlsx
ZAF,2018-Q3,shared,LP,jet,532908.28,litres,2018-Quarter4-Magisterial-Districts-data.xlsx
ZAF,2018-Q3,shared,LP,lpg,558071.854,litres,2018-Quarter4-Magisterial-Districts-data.xlsx
ZAF,2018-Q3,shared,LP,paraffin,625287.0,litres,2018-Quarter4-Magisterial-Districts-data.xlsx
ZAF,2018-Q3,shared,LP,petrol,93609324.14800002,litres,2018-Quarter4-Magisterial-Districts-data.xlsx
ZAF,2018-Q3,shared,MP,aviation_gasoline,60771.429000000004,litres,2018-Quarter4-Magisterial-Districts-data.xlsx
ZAF,2018-Q3,shared,MP,diesel,437382816.668,litres,2018-Quarter4-Magisterial-Districts-data.xlsx
ZAF,2018-Q3,shared,MP,fuel_oil,54652512.0,litres,2018-Quarter4-Magisterial-Districts-data.xlsx
ZAF,2018-Q3,shared,MP,jet,460882.817,litres,2018-Quarter4-Magisterial-Districts-data.xlsx
ZAF,2018-Q3,shared,MP,lpg,36945574.441,litres,2018-Quarter4-Magisterial-Districts-data.xlsx
ZAF,2018-Q3,shared,MP,paraffin,45542600.120000005,litres,2018-Quarter4-Magisterial-Districts-data.xlsx
ZAF,2018-Q3,shared,MP,petrol,242509849.71200007,litres,2018-Quarter4-Magisterial-Districts-data.xlsx
ZAF,2018-Q3,shared,NC,aviation_gasoline,144338.0,litres,2018-Quarter4-Magisterial-Districts-data.xlsx
ZAF,2018-Q3,shared,NC,diesel,106280194.454,litres,2018-Quarter4-Magisterial-Districts-data.xlsx
ZAF,2018-Q3,shared,NC,jet,1309029.0,litres,2018-Quarter4-Magisterial-Districts-data.xlsx
ZAF,2018-Q3,shared,NC,lpg,33638.0,litres,2018-Quarter4-Magisterial-Districts-data.xlsx
ZAF,2018-Q3,shared,NC,paraffin,981736.0,litres,2018-Quarter4-Magisterial-Districts-data.xlsx
ZAF,2018-Q3,shared,NC,petrol,26223369.323999997,litres,2018-Quarter4-Magisterial-Districts-data.xlsx
ZAF,2018-Q3,shared,NW,aviation_gasoline,19902.986,litres,2018-Quarter4-Magisterial-Districts-data.xlsx
ZAF,2018-Q3,shared,NW,diesel,137901552.67800003,litres,2018-Quarter4-Magisterial-Districts-data.xlsx
ZAF,2018-Q3,shared,NW,fuel_oil,659319.0,litres,2018-Quarter4-Magisterial-Districts-data.xlsx
ZAF,2018-Q3,shared,NW,lpg,16043594.937,litres,2018-Quarter4-Magisterial-Districts-data.xlsx
ZAF,2018-Q3,shared,NW,paraffin,1968958.0,litres,2018-Quarter4-Magisterial-Districts-data.xlsx
ZAF,2018-Q3,shared,NW,petrol,121393115.58599901,litres,2018-Quarter4-Magisterial-Districts-data.xlsx
ZAF,2018-Q3,shared,WC,aviation_gasoline,387932.57100000005,litres,2018-Quarter4-Magisterial-Districts-data.xlsx
ZAF,2018-Q3,shared,WC,diesel,493814780.975,litres,2018-Quarter4-Magisterial-Districts-data.xlsx
ZAF,2018-Q3,shared,WC,fuel_oil,2024540.1303390004,litres,2018-Quarter4-Magisterial-Districts-data.xlsx
ZAF,2018-Q3,shared,WC,jet,86523156.431713,litres,2018-Quarter4-Magisterial-Districts-data.xlsx
ZAF,2018-Q3,shared,WC,lpg,22301834.935866,litres,2018-Quarter4-Magisterial-Districts-data.xlsx
ZAF,2018-Q3,shared,WC,paraffin,13841230.627,litres,2018-Quarter4-Magisterial-Districts-data.xlsx
ZAF,2018-Q3,shared,WC,petrol,410925516.6669991,litres,2018-Quarter4-Magisterial-Districts-data.xlsx
ZAF,2018-Q4,shared,EC,aviation_gasoline,26385.0,litres,2018-Quarter4-Magisterial-Districts-data.xlsx
ZAF,2018-Q4,shared,EC,diesel,233435283.21700007,litres,2018-Quarter4-Magisterial-Districts-data.xlsx
ZAF,2018-Q4,shared,EC,fuel_oil,8418975.0,litres,2018-Quarter4-Magisterial-Districts-data.xlsx
ZAF,2018-Q4,shared,EC,jet,115664739.995,litres,2018-Quarter4-Magisterial-Districts-data.xlsx
ZAF,2018-Q4,shared,EC,paraffin,11964278.349,litres,2018-Quarter4-Magisterial-Districts-data.xlsx
ZAF,2018-Q4,shared,EC,petrol,204830437.178,litres,2018-Quarter4-Magisterial-Districts-data.xlsx
ZAF,2018-Q4,shared,FS,aviation_gasoline,375815.831,litres,2018-Quarter4-Magisterial-Districts-data.xlsx
ZAF,2018-Q4,shared,FS,diesel,245744187.78000003,litres,2018-Quarter4-Magisterial-Districts-data.xlsx
ZAF,2018-Q4,shared,FS,fuel_oil,8767410.0,litres,2018-Quarter4-Magisterial-Districts-data.xlsx
ZAF,2018-Q4,shared,FS,jet,12664198.464,litres,2018-Quarter4-Magisterial-Districts-data.xlsx
ZAF,2018-Q4,shared,FS,lpg,1836661.027,litres,2018-Quarter4-Magisterial-Districts-data.xlsx
ZAF,2018-Q4,shared,FS,paraffin,1811217.884,litres,2018-Quarter4-Magisterial-Districts-data.xlsx
ZAF,2018-Q4,shared,FS,petrol,225410531.79800004,litres,2018-Quarter4-Magisterial-Districts-data.xlsx
ZAF,2018-Q4,shared,GP,aviation_gasoline,445613.964,litres,2018-Quarter4-Magisterial-Districts-data.xlsx
ZAF,2018-Q4,shared,GP,diesel,891430044.8099991,litres,2018-Quarter4-Magisterial-Districts-data.xlsx
ZAF,2018-Q4,shared,GP,fuel_oil,6361897.0,litres,2018-Quarter4-Magisterial-Districts-data.xlsx
ZAF,2018-Q4,shared,GP,jet,375559640.231,litres,2018-Quarter4-Magisterial-Districts-data.xlsx
ZAF,2018-Q4,shared,GP,lpg,3149635.312101,litres,2018-Quarter4-Magisterial-Districts-data.xlsx
ZAF,2018-Q4,shared,GP,paraffin,16501520.222,litres,2018-Quarter4-Magisterial-Districts-data.xlsx
ZAF,2018-Q4,shared,GP,petrol,1008419343.6159959,litres,2018-Quarter4-Magisterial-Districts-data.xlsx
ZAF,2018-Q4,shared,KZN,aviation_gasoline,599697.8,litres,2018-Quarter4-Magisterial-Districts-data.xlsx
ZAF,2018-Q4,shared,KZN,diesel,597205669.5290002,litres,2018-Quarter4-Magisterial-Districts-data.xlsx
ZAF,2018-Q4,shared,KZN,fuel_oil,20089979.480792,litres,2018-Quarter4-Magisterial-Districts-data.xlsx
ZAF,2018-Q4,shared,KZN,jet,18433550.98,litres,2018-Quarter4-Magisterial-Districts-data.xlsx
ZAF,2018-Q4,shared,KZN,lpg,41126587.298999995,litres,2018-Quarter4-Magisterial-Districts-data.xlsx
ZAF,2018-Q4,shared,KZN,paraffin,82127244.36599998,litres,2018-Quarter4-Magisterial-Districts-data.xlsx
ZAF,2018-Q4,shared,KZN,petrol,422900081.8629991,litres,2018-Quarter4-Magisterial-Districts-data.xlsx
ZAF,2018-Q4,shared,LP,aviation_gasoline,66011.407,litres,2018-Quarter4-Magisterial-Districts-data.xlsx
ZAF,2018-Q4,shared,LP,diesel,75032915.55300002,litres,2018-Quarter4-Magisterial-Districts-data.xlsx
ZAF,2018-Q4,shared,LP,fuel_oil,34320748.0,litres,2018-Quarter4-Magisterial-Districts-data.xlsx
ZAF,2018-Q4,shared,LP,lpg,1277351.316,litres,2018-Quarter4-Magisterial-Districts-data.xlsx
ZAF,2018-Q4,shared,LP,paraffin,308039.0,litres,2018-Quarter4-Magisterial-Districts-data.xlsx
ZAF,2018-Q4,shared,LP,petrol,95471808.74799998,litres,2018-Quarter4-Magisterial-Districts-data.xlsx
ZAF,2018-Q4,shared,MP,aviation_gasoline,19829.767,litres,2018-Quarter4-Magisterial-Districts-data.xlsx
ZAF,2018-Q4,shared,MP,diesel,362442399.456,litres,2018-Quarter4-Magisterial-Districts-data.xlsx
ZAF,2018-Q4,shared,MP,fuel_oil,56806830.0,litres,2018-Quarter4-Magisterial-Districts-data.xlsx
ZAF,2018-Q4,shared,MP,jet,139321.456,litres,2018-Quarter4-Magisterial-Districts-data.xlsx
ZAF,2018-Q4,shared,MP,lpg,36529845.4,litres,2018-Quarter4-Magisterial-Districts-data.xlsx
ZAF,2018-Q4,shared,MP,paraffin,40852666.0,litres,2018-Quarter4-Magisterial-Districts-data.xlsx
ZAF,2018-Q4,shared,MP,petrol,203943786.02200004,litres,2018-Quarter4-Magisterial-Districts-data.xlsx
ZAF,2018-Q4,shared,NC,aviation_gasoline,114750.0,litres,2018-Quarter4-Magisterial-Districts-data.xlsx
ZAF,2018-Q4,shared,NC,diesel,105723237.482,litres,2018-Quarter4-Magisterial-Districts-data.xlsx
ZAF,2018-Q4,shared,NC,jet,1223861.0,litres,2018-Quarter4-Magisterial-Districts-data.xlsx
ZAF,2018-Q4,shared,NC,lpg,32024.0,litres,2018-Quarter4-Magisterial-Districts-data.xlsx
ZAF,2018-Q4,shared,NC,paraffin,543780.0,litres,2018-Quarter4-Magisterial-Districts-data.xlsx
ZAF,2018-Q4,shared,NC,petrol,27365992.384,litres,2018-Quarter4-Magisterial-Districts-data.xlsx
ZAF,2018-Q4,shared,NW,diesel,122666133.74400002,litres,2018-Quarter4-Magisterial-Districts-data.xlsx
ZAF,2018-Q4,shared,NW,fuel_oil,736904.0,litres,2018-Quarter4-Magisterial-Districts-data.xlsx
ZAF,2018-Q4,shared,NW,jet,13851.162,litres,2018-Quarter4-Magisterial-Districts-data.xlsx
ZAF,2018-Q4,shared,NW,lpg,12848191.188,litres,2018-Quarter4-Magisterial-Districts-data.xlsx
ZAF,2018-Q4,shared,NW,paraffin,1127044.0,litres,2018-Quarter4-Magisterial-Districts-data.xlsx
ZAF,2018-Q4,shared,NW,petrol,120871578.06599899,litres,2018-Quarter4-Magisterial-Districts-data.xlsx
ZAF,2018-Q4,shared,WC,aviation_gasoline,321183.692,litres,2018-Quarter4-Magisterial-Districts-data.xlsx
ZAF,2018-Q4,shared,WC,diesel,498680207.08799905,litres,2018-Quarter4-Magisterial-Districts-data.xlsx
ZAF,2018-Q4,shared,WC,fuel_oil,866744.054959,litres,2018-Quarter4-Magisterial-Districts-data.xlsx
ZAF,2018-Q4,shared,WC,jet,117345001.43645102,litres,2018-Quarter4-Magisterial-Districts-data.xlsx
ZAF,2018-Q4,shared,WC,lpg,11968156.984596001,litres,2018-Quarter4-Magisterial-Districts-data.xlsx
ZAF,2018-Q4,shared,WC,paraffin,10385223.64,litres,2018-Quarter4-Magisterial-Districts-data.xlsx
ZAF,2018-Q4,shared,WC,petrol,429724049.322998,litres,2018-Quarter4-Magisterial-Districts-data.xlsx
ZAF,2019-Q1,shared,EC,aviation_gasoline,27858.0,litres,2019-Quarter4-Magisterial-Districts-data.xlsx
ZAF,2019-Q1,shared,EC,diesel,244917041.17900005,litres,2019-Quarter4-Magisterial-Districts-data.xlsx
ZAF,2019-Q1,shared,EC,fuel_oil,14368869.0,litres,2019-Quarter4-Magisterial-Districts-data.xlsx
ZAF,2019-Q1,shared,EC,jet,126067142.948,litres,2019-Quarter4-Magisterial-Districts-data.xlsx
ZAF,2019-Q1,shared,EC,paraffin,15068153.398,litres,2019-Quarter4-Magisterial-Districts-data.xlsx
ZAF,2019-Q1,shared,EC,petrol,196572305.018,litres,2019-Quarter4-Magisterial-Districts-data.xlsx
ZAF,2019-Q1,shared,FS,aviation_gasoline,713613.078,litres,2019-Quarter4-Magisterial-Districts-data.xlsx
ZAF,2019-Q1,shared,FS,diesel,266230116.95200008,litres,2019-Quarter4-Magisterial-Districts-data.xlsx
ZAF,2019-Q1,shared,FS,fuel_oil,1676898.0,litres,2019-Quarter4-Magisterial-Districts-data.xlsx
ZAF,2019-Q1,shared,FS,jet,9194653.382,litres,2019-Quarter4-Magisterial-Districts-data.xlsx
ZAF,2019-Q1,shared,FS,lpg,2572303.408,litres,2019-Quarter4-Magisterial-Districts-data.xlsx
ZAF,2019-Q1,shared,FS,paraffin,2559157.019,litres,2019-Quarter4-Magisterial-Districts-data.xlsx
ZAF,2019-Q1,shared,FS,petrol,220680606.837,litres,2019-Quarter4-Magisterial-Districts-data.xlsx
ZAF,2019-Q1,shared,GP,aviation_gasoline,421514.81799999997,litres,2019-Quarter4-Magisterial-Districts-data.xlsx
ZAF,2019-Q1,shared,GP,diesel,932250871.8749969,litres,2019-Quarter4-Magisterial-Districts-data.xlsx
ZAF,2019-Q1,shared,GP,fuel_oil,10560076.0,litres,2019-Quarter4-Magisterial-Districts-data.xlsx
ZAF,2019-Q1,shared,GP,jet,311587328.892,litres,2019-Quarter4-Magisterial-Districts-data.xlsx
ZAF,2019-Q1,shared,GP,lpg,2760706.510753,litres,2019-Quarter4-Magisterial-Districts-data.xlsx
ZAF,2019-Q1,shared,GP,paraffin,14195214.084999999,litres,2019-Quarter4-Magisterial-Districts-data.xlsx
ZAF,2019-Q1,shared,GP,petrol,1015224645.5279992,litres,2019-Quarter4-Magisterial-Districts-data.xlsx
ZAF,2019-Q1,shared,KZN,aviation_gasoline,847513.703,litres,2019-Quarter4-Magisterial-Districts-data.xlsx
ZAF,2019-Q1,shared,KZN,diesel,629786327.4469999,litres,2019-Quarter4-Magisterial-Districts-data.xlsx
ZAF,2019-Q1,shared,KZN,fuel_oil,49226474.523624,litres,2019-Quarter4-Magisterial-Districts-data.xlsx
ZAF,2019-Q1,shared,KZN,jet,20238553.974,litres,2019-Quarter4-Magisterial-Districts-data.xlsx
ZAF,2019-Q1,shared,KZN,lpg,35639100.939,litres,2019-Quarter4-Magisterial-Districts-data.xlsx
ZAF,2019-Q1,shared,KZN,paraffin,53016774.625999995,litres,2019-Quarter4-Magisterial-Districts-data.xlsx
ZAF,2019-Q1,shared,KZN,petrol,418198154.02099997,litres,2019-Quarter4-Magisterial-Districts-data.xlsx
ZAF,2019-Q1,shared,LP,aviation_gasoline,112787.082,litres,2019-Quarter4-Magisterial-Districts-data.xlsx
ZAF,2019-Q1,shared,LP,diesel,69081681.55999999,litres,2019-Quarter4-Magisterial-Districts-data.xlsx
ZAF,2019-Q1,shared,LP,fuel_oil,9783871.0,litres,2019-Quarter4-Magisterial-Districts-data.xlsx
ZAF,2019-Q1,shared,LP,jet,20393.191,litres,2019-Quarter4-Magisterial-Districts-data.xlsx
ZAF,2019-Q1,shared,LP,lpg,1020422.2920000001,litres,2019-Quarter4-Magisterial-Districts-data.xlsx
ZAF,2019-Q1,shared,LP,paraffin,338883.0,litres,2019-Quarter4-Magisterial-Districts-data.xlsx
ZAF,2019-Q1,shared,LP,petrol,91736827.38299999,litres,2019-Quarter4-Magisterial-Districts-data.xlsx
ZAF,2019-Q1,shared,MP,aviation_gasoline,56143.508,litres,2019-Quarter4-Magisterial-Districts-data.xlsx
ZAF,2019-Q1,shared,MP,diesel,375164164.883,litres,2019-Quarter4-Magisterial-Districts-data.xlsx
ZAF,2019-Q1,shared,MP,fuel_oil,13799836.331,litres,2019-Quarter4-Magisterial-Districts-data.xlsx
ZAF,2019-Q1,shared,MP,jet,44052.978,litres,2019-Quarter4-Magisterial-Districts-data.xlsx
ZAF,2019-Q1,shared,MP,lpg,50033768.2,litres,2019-Quarter4-Magisterial-Districts-data.xlsx
ZAF,2019-Q1,shared,MP,paraffin,38361678.0,litres,2019-Quarter4-Magisterial-Districts-data.xlsx
ZAF,2019-Q1,shared,MP,petrol,221546311.91599998,litres,2019-Quarter4-Magisterial-Districts-data.xlsx
ZAF,2019-Q1,shared,NC,aviation_gasoline,171560.0,litres,2019-Quarter4-Magisterial-Districts-data.xlsx
ZAF,2019-Q1,shared,NC,diesel,98389490.79100002,litres,2019-Quarter4-Magisterial-Districts-data.xlsx
ZAF,2019-Q1,shared,NC,jet,1549106.0,litres,2019-Quarter4-Magisterial-Districts-data.xlsx
ZAF,2019-Q1,shared,NC,lpg,13371.0,litres,2019-Quarter4-Magisterial-Districts-data.xlsx
ZAF,2019-Q1,shared,NC,paraffin,901908.0,litres,2019-Quarter4-Magisterial-Districts-data.xlsx
ZAF,2019-Q1,shared,NC,petrol,25860482.152,litres,2019-Quarter4-Magisterial-Districts-data.xlsx
ZAF,2019-Q1,shared,NW,aviation_gasoline,22358.979,litres,2019-Quarter4-Magisterial-Districts-data.xlsx
ZAF,2019-Q1,shared,NW,diesel,133067703.41799998,litres,2019-Quarter4-Magisterial-Districts-data.xlsx
ZAF,2019-Q1,shared,NW,fuel_oil,544397.0,litres,2019-Quarter4-Magisterial-Districts-data.xlsx
ZAF,2019-Q1,shared,NW,jet,132840.446,litres,2019-Quarter4-Magisterial-Districts-data.xlsx
ZAF,2019-Q1,shared,NW,lpg,14776851.721,litres,2019-Quarter4-Magisterial-Districts-data.xlsx
ZAF,2019-Q1,shared,NW,paraffin,1438414.0,litres,2019-Quarter4-Magisterial-Districts-data.xlsx
ZAF,2019-Q1,shared,NW,petrol,122611221.4,litres,2019-Quarter4-Magisterial-Districts-data.xlsx
ZAF,2019-Q1,shared,WC,aviation_gasoline,552421.803,litres,2019-Quarter4-Magisterial-Districts-data.xlsx
ZAF,2019-Q1,shared,WC,diesel,618839738.4110001,litres,2019-Quarter4-Magisterial-Districts-data.xlsx
ZAF,2019-Q1,shared,WC,fuel_oil,2376525.0159489997,litres,2019-Quarter4-Magisterial-Districts-data.xlsx
ZAF,2019-Q1,shared,WC,jet,121156731.381673,litres,2019-Quarter4-Magisterial-Districts-data.xlsx
ZAF,2019-Q1,shared,WC,lpg,25675209.006483,litres,2019-Quarter4-Magisterial-Districts-data.xlsx
ZAF,2019-Q1,shared,WC,paraffin,8785571.859000001,litres,2019-Quarter4-Magisterial-Districts-data.xlsx
ZAF,2019-Q1,shared,WC,petrol,427997237.50699997,litres,2019-Quarter4-Magisterial-Districts-data.xlsx
ZAF,2019-Q2,shared,EC,aviation_gasoline,34836.0,litres,2019-Quarter4-Magisterial-Districts-data.xlsx
ZAF,2019-Q2,shared,EC,diesel,228188099.12600002,litres,2019-Quarter4-Magisterial-Districts-data.xlsx
ZAF,2019-Q2,shared,EC,fuel_oil,19116667.0,litres,2019-Quarter4-Magisterial-Districts-data.xlsx
ZAF,2019-Q2,shared,EC,jet,118230279.385,litres,2019-Quarter4-Magisterial-Districts-data.xlsx
ZAF,2019-Q2,shared,EC,paraffin,22727993.576,litres,2019-Quarter4-Magisterial-Districts-data.xlsx
ZAF,2019-Q2,shared,EC,petrol,187849031.15300003,litres,2019-Quarter4-Magisterial-Districts-data.xlsx
ZAF,2019-Q2,shared,FS,aviation_gasoline,504001.47,litres,2019-Quarter4-Magisterial-Districts-data.xlsx
ZAF,2019-Q2,shared,FS,diesel,247382306.099,litres,2019-Quarter4-Magisterial-Districts-data.xlsx
ZAF,2019-Q2,shared,FS,fuel_oil,1732306.0,litres,2019-Quarter4-Magisterial-Districts-data.xlsx
ZAF,2019-Q2,shared,FS,jet,20350644.279,litres,2019-Quarter4-Magisterial-Districts-data.xlsx
ZAF,2019-Q2,shared,FS,lpg,1414451.565,litres,2019-Quarter4-Magisterial-Districts-data.xlsx
ZAF,2019-Q2,shared,FS,paraffin,5399322.436000001,litres,2019-Quarter4-Magisterial-Districts-data.xlsx
ZAF,2019-Q2,shared,FS,petrol,204960915.26700005,litres,2019-Quarter4-Magisterial-Districts-data.xlsx
ZAF,2019-Q2,shared,GP,aviation_gasoline,589707.5929999999,litres,2019-Quarter4-Magisterial-Districts-data.xlsx
ZAF,2019-Q2,shared,GP,diesel,822194458.305,litres,2019-Quarter4-Magisterial-Districts-data.xlsx
ZAF,2019-Q2,shared,GP,fuel_oil,6334687.0,litres,2019-Quarter4-Magisterial-Districts-data.xlsx
ZAF,2019-Q2,shared,GP,jet,360277931.0,litres,2019-Quarter4-Magisterial-Districts-data.xlsx
ZAF,2019-Q2,shared,GP,lpg,2925825.4891590006,litres,2019-Quarter4-Magisterial-Districts-data.xlsx
ZAF,2019-Q2,shared,GP,paraffin,8082714.467999999,litres,2019-Quarter4-Magisterial-Districts-data.xlsx
ZAF,2019-Q2,shared,GP,petrol,975522454.1809951,litres,2019-Quarter4-Magisterial-Districts-data.xlsx
ZAF,2019-Q2,shared,KZN,aviation_gasoline,1018647.5,litres,2019-Quarter4-Magisterial-Districts-data.xlsx
ZAF,2019-Q2,shared,KZN,diesel,589739636.4440001,litres,2019-Quarter4-Magisterial-Districts-data.xlsx
ZAF,2019-Q2,shared,KZN,fuel_oil,21933674.942675002,litres,2019-Quarter4-Magisterial-Districts-data.xlsx
ZAF,2019-Q2,shared,KZN,jet,20824168.338999998,litres,2019-Quarter4-Magisterial-Districts-data.xlsx
ZAF,2019-Q2,shared,KZN,lpg,21718696.199,litres,2019-Quarter4-Magisterial-Districts-data.xlsx
ZAF,2019-Q2,shared,KZN,paraffin,45421314.665,litres,2019-Quarter4-Magisterial-Districts-data.xlsx
ZAF,2019-Q2,shared,KZN,petrol,403511621.27199906,litres,2019-Quarter4-Magisterial-Districts-data.xlsx
ZAF,2019-Q2,shared,LP,aviation_gasoline,119513.11200000001,litres,2019-Quarter4-Magisterial-Districts-data.xlsx
ZAF,2019-Q2,shared,LP,diesel,56728597.605,litres,2019-Quarter4-Magisterial-Districts-data.xlsx
ZAF,2019-Q2,shared,LP,fuel_oil,18394423.0,litres,2019-Quarter4-Magisterial-Districts-data.xlsx
ZAF,2019-Q2,shared,LP,lpg,235759.372,litres,2019-Quarter4-Magisterial-Districts-data.xlsx
ZAF,2019-Q2,shared,LP,paraffin,274359.0,litres,2019-Quarter4-Magisterial-Districts-data.xlsx
ZAF,2019-Q2,shared,LP,petrol,81880393.07399999,litres,2019-Quarter4-Magisterial-Districts-data.xlsx
ZAF,2019-Q2,shared,MP,aviation_gasoline,39330.172,litres,2019-Quarter4-Magisterial-Districts-data.xlsx
ZAF,2019-Q2,shared,MP,diesel,332754246.8729991,litres,2019-Quarter4-Magisterial-Districts-data.xlsx
ZAF,2019-Q2,shared,MP,fuel_oil,23342767.0,litres,2019-Quarter4-Magisterial-Districts-data.xlsx
ZAF,2019-Q2,shared,MP,lpg,59314448.36000001,litres,2019-Quarter4-Magisterial-Districts-data.xlsx
ZAF,2019-Q2,shared,MP,paraffin,51242941.0,litres,2019-Quarter4-Magisterial-Districts-data.xlsx
ZAF,2019-Q2,shared,MP,petrol,191686636.179,litres,2019-Quarter4-Magisterial-Districts-data.xlsx
ZAF,2019-Q2,shared,NC,aviation_gasoline,155459.0,litres,2019-Quarter4-Magisterial-Districts-data.xlsx
ZAF,2019-Q2,shared,NC,diesel,102928439.214,litres,2019-Quarter4-Magisterial-Districts-data.xlsx
ZAF,2019-Q2,shared,NC,jet,998999.0,litres,2019-Quarter4-Magisterial-Districts-data.xlsx
ZAF,2019-Q2,shared,NC,lpg,15268.0,litres,2019-Quarter4-Magisterial-Districts-data.xlsx
ZAF,2019-Q2,shared,NC,paraffin,1103507.0,litres,2019-Quarter4-Magisterial-Districts-data.xlsx
ZAF,2019-Q2,shared,NC,petrol,24381486.932,litres,2019-Quarter4-Magisterial-Districts-data.xlsx
ZAF,2019-Q2,shared,NW,aviation_gasoline,35095.177,litres,2019-Quarter4-Magisterial-Districts-data.xlsx
ZAF,2019-Q2,shared,NW,diesel,123604123.48000002,litres,2019-Quarter4-Magisterial-Districts-data.xlsx
ZAF,2019-Q2,shared,NW,fuel_oil,657451.0,litres,2019-Quarter4-Magisterial-Districts-data.xlsx
ZAF,2019-Q2,shared,NW,jet,16019.265,litres,2019-Quarter4-Magisterial-Districts-data.xlsx
ZAF,2019-Q2,shared,NW,lpg,14233796.004999999,litres,2019-Quarter4-Magisterial-Districts-data.xlsx
ZAF,2019-Q2,shared,NW,paraffin,1208391.0,litres,2019-Quarter4-Magisterial-Districts-data.xlsx
ZAF,2019-Q2,shared,NW,petrol,116562287.383,litres,2019-Quarter4-Magisterial-Districts-data.xlsx
ZAF,2019-Q2,shared,WC,aviation_gasoline,429602.22,litres,2019-Quarter4-Magisterial-Districts-data.xlsx
ZAF,2019-Q2,shared,WC,diesel,430468152.95600015,litres,2019-Quarter4-Magisterial-Districts-data.xlsx
ZAF,2019-Q2,shared,WC,fuel_oil,4269663.953859,litres,2019-Quarter4-Magisterial-Districts-data.xlsx
ZAF,2019-Q2,shared,WC,jet,84305064.061049,litres,2019-Quarter4-Magisterial-Districts-data.xlsx
ZAF,2019-Q2,shared,WC,lpg,27314006.113734,litres,2019-Quarter4-Magisterial-Districts-data.xlsx
ZAF,2019-Q2,shared,WC,paraffin,12936401.358,litres,2019-Quarter4-Magisterial-Districts-data.xlsx
ZAF,2019-Q2,shared,WC,petrol,393570231.3389991,litres,2019-Quarter4-Magisterial-Districts-data.xlsx
ZAF,2019-Q3,shared,EC,aviation_gasoline,25608.0,litres,2019-Quarter4-Magisterial-Districts-data.xlsx
ZAF,2019-Q3,shared,EC,diesel,266145850.54000005,litres,2019-Quarter4-Magisterial-Districts-data.xlsx
ZAF,2019-Q3,shared,EC,fuel_oil,15403318.0,litres,2019-Quarter4-Magisterial-Districts-data.xlsx
ZAF,2019-Q3,shared,EC,jet,103247490.227,litres,2019-Quarter4-Magisterial-Districts-data.xlsx
ZAF,2019-Q3,shared,EC,paraffin,24100495.288,litres,2019-Quarter4-Magisterial-Districts-data.xlsx
ZAF,2019-Q3,shared,EC,petrol,199833317.08100006,litres,2019-Quarter4-Magisterial-Districts-data.xlsx
ZAF,2019-Q3,shared,FS,aviation_gasoline,283529.388,litres,2019-Quarter4-Magisterial-Districts-data.xlsx
ZAF,2019-Q3,shared,FS,diesel,255804610.363,litres,2019-Quarter4-Magisterial-Districts-data.xlsx
ZAF,2019-Q3,shared,FS,fuel_oil,2759842.0,litres,2019-Quarter4-Magisterial-Districts-data.xlsx
ZAF,2019-Q3,shared,FS,jet,27860572.0,litres,2019-Quarter4-Magisterial-Districts-data.xlsx
ZAF,2019-Q3,shared,FS,lpg,371890.07999999996,litres,2019-Quarter4-Magisterial-Districts-data.xlsx
ZAF,2019-Q3,shared,FS,paraffin,7475112.089,litres,2019-Quarter4-Magisterial-Districts-data.xlsx
ZAF,2019-Q3,shared,FS,petrol,205735281.88399997,litres,2019-Quarter4-Magisterial-Districts-data.xlsx
ZAF,2019-Q3,shared,GP,aviation_gasoline,422142.611,litres,2019-Quarter4-Magisterial-Districts-data.xlsx
ZAF,2019-Q3,shared,GP,diesel,893150078.1649989,litres,2019-Quarter4-Magisterial-Districts-data.xlsx
ZAF,2019-Q3,shared,GP,fuel_oil,6524262.0,litres,2019-Quarter4-Magisterial-Districts-data.xlsx
ZAF,2019-Q3,shared,GP,jet,367832795.314,litres,2019-Quarter4-Magisterial-Districts-data.xlsx
ZAF,2019-Q3,shared,GP,lpg,7311100.072681999,litres,2019-Quarter4-Magisterial-Districts-data.xlsx
ZAF,2019-Q3,shared,GP,paraffin,18005840.203,litres,2019-Quarter4-Magisterial-Districts-data.xlsx
ZAF,2019-Q3,shared,GP,petrol,1043319084.0669979,litres,2019-Quarter4-Magisterial-Districts-data.xlsx
ZAF,2019-Q3,shared,KZN,aviation_gasoline,1188525.394,litres,2019-Quarter4-Magisterial-Districts-data.xlsx
ZAF,2019-Q3,shared,KZN,diesel,667005829.3580002,litres,2019-Quarter4-Magisterial-Districts-data.xlsx
ZAF,2019-Q3,shared,KZN,fuel_oil,22117866.391641002,litres,2019-Quarter4-Magisterial-Districts-data.xlsx
ZAF,2019-Q3,shared,KZN,jet,20144933.142,litres,2019-Quarter4-Magisterial-Districts-data.xlsx
ZAF,2019-Q3,shared,KZN,lpg,29300730.634000003,litres,2019-Quarter4-Magisterial-Districts-data.xlsx
ZAF,2019-Q3,shared,KZN,paraffin,62096182.504,litres,2019-Quarter4-Magisterial-Districts-data.xlsx
ZAF,2019-Q3,shared,KZN,petrol,423484867.63399905,litres,2019-Quarter4-Magisterial-Districts-data.xlsx
ZAF,2019-Q3,shared,LP,aviation_gasoline,97080.339,litres,2019-Quarter4-Magisterial-Districts-data.xlsx
ZAF,2019-Q3,shared,LP,diesel,69374103.65699999,litres,2019-Quarter4-Magisterial-Districts-data.xlsx
ZAF,2019-Q3,shared,LP,fuel_oil,21740457.0,litres,2019-Quarter4-Magisterial-Districts-data.xlsx
ZAF,2019-Q3,shared,LP,lpg,779054.443,litres,2019-Quarter4-Magisterial-Districts-data.xlsx
ZAF,2019-Q3,shared,LP,paraffin,314891.0,litres,2019-Quarter4-Magisterial-Districts-data.xlsx
ZAF,2019-Q3,shared,LP,petrol,86668291.61199999,litres,2019-Quarter4-Magisterial-Districts-data.xlsx
ZAF,2019-Q3,shared,MP,aviation_gasoline,121444.52500000001,litres,2019-Quarter4-Magisterial-Districts-data.xlsx
ZAF,2019-Q3,shared,MP,diesel,377759205.522,litres,2019-Quarter4-Magisterial-Districts-data.xlsx
ZAF,2019-Q3,shared,MP,fuel_oil,21232740.0,litres,2019-Quarter4-Magisterial-Districts-data.xlsx
ZAF,2019-Q3,shared,MP,lpg,45616339.72,litres,2019-Quarter4-Magisterial-Districts-data.xlsx
ZAF,2019-Q3,shared,MP,paraffin,60269315.001,litres,2019-Quarter4-Magisterial-Districts-data.xlsx
ZAF,2019-Q3,shared,MP,petrol,191193452.74199998,litres,2019-Quarter4-Magisterial-Districts-data.xlsx
ZAF,2019-Q3,shared,NC,aviation_gasoline,135376.0,litres,2019-Quarter4-Magisterial-Districts-data.xlsx
ZAF,2019-Q3,shared,NC,diesel,112715152.13400002,litres,2019-Quarter4-Magisterial-Districts-data.xlsx
ZAF,2019-Q3,shared,NC,jet,1156413.0,litres,2019-Quarter4-Magisterial-Districts-data.xlsx
ZAF,2019-Q3,shared,NC,lpg,30292.0,litres,2019-Quarter4-Magisterial-Districts-data.xlsx
ZAF,2019-Q3,shared,NC,paraffin,1091726.0,litres,2019-Quarter4-Magisterial-Districts-data.xlsx
ZAF,2019-Q3,shared,NC,petrol,25597450.102000006,litres,2019-Quarter4-Magisterial-Districts-data.xlsx
ZAF,2019-Q3,shared,NW,aviation_gasoline,29689.137,litres,2019-Quarter4-Magisterial-Districts-data.xlsx
ZAF,2019-Q3,shared,NW,diesel,134342826.49899998,litres,2019-Quarter4-Magisterial-Districts-data.xlsx
ZAF,2019-Q3,shared,NW,fuel_oil,643438.0,litres,2019-Quarter4-Magisterial-Districts-data.xlsx
ZAF,2019-Q3,shared,NW,jet,12934.793,litres,2019-Quarter4-Magisterial-Districts-data.xlsx
ZAF,2019-Q3,shared,NW,lpg,8621826.74,litres,2019-Quarter4-Magisterial-Districts-data.xlsx
ZAF,2019-Q3,shared,NW,paraffin,1366824.0,litres,2019-Quarter4-Magisterial-Districts-data.xlsx
ZAF,2019-Q3,shared,NW,petrol,124995212.81899902,litres,2019-Quarter4-Magisterial-Districts-data.xlsx
ZAF,2019-Q3,shared,WC,aviation_gasoline,254731.23700000002,litres,2019-Quarter4-Magisterial-Districts-data.xlsx
ZAF,2019-Q3,shared,WC,diesel,474639763.383,litres,2019-Quarter4-Magisterial-Districts-data.xlsx
ZAF,2019-Q3,shared,WC,fuel_oil,5709252.1932810005,litres,2019-Quarter4-Magisterial-Districts-data.xlsx
ZAF,2019-Q3,shared,WC,jet,79277404.80279301,litres,2019-Quarter4-Magisterial-Districts-data.xlsx
ZAF,2019-Q3,shared,WC,lpg,23627145.601981997,litres,2019-Quarter4-Magisterial-Districts-data.xlsx
ZAF,2019-Q3,shared,WC,paraffin,20059506.765,litres,2019-Quarter4-Magisterial-Districts-data.xlsx
ZAF,2019-Q3,shared,WC,petrol,412475816.46799994,litres,2019-Quarter4-Magisterial-Districts-data.xlsx
ZAF,2019-Q4,shared,EC,aviation_gasoline,18579.0,litres,2019-Quarter4-Magisterial-Districts-data.xlsx
ZAF,2019-Q4,shared,EC,diesel,259780785.42099997,litres,2019-Quarter4-Magisterial-Districts-data.xlsx
ZAF,2019-Q4,shared,EC,fuel_oil,24655352.46,litres,2019-Quarter4-Magisterial-Districts-data.xlsx
ZAF,2019-Q4,shared,EC,jet,150025541.75599998,litres,2019-Quarter4-Magisterial-Districts-data.xlsx
ZAF,2019-Q4,shared,EC,paraffin,10668479.617,litres,2019-Quarter4-Magisterial-Districts-data.xlsx
ZAF,2019-Q4,shared,EC,petrol,208858146.73299998,litres,2019-Quarter4-Magisterial-Districts-data.xlsx
ZAF,2019-Q4,shared,FS,aviation_gasoline,173899.73299999998,litres,2019-Quarter4-Magisterial-Districts-data.xlsx
ZAF,2019-Q4,shared,FS,diesel,289636871.463,litres,2019-Quarter4-Magisterial-Districts-data.xlsx
ZAF,2019-Q4,shared,FS,fuel_oil,3314364.0,litres,2019-Quarter4-Magisterial-Districts-data.xlsx
ZAF,2019-Q4,shared,FS,jet,26359416.0,litres,2019-Quarter4-Magisterial-Districts-data.xlsx
ZAF,2019-Q4,shared,FS,lpg,682426.513,litres,2019-Quarter4-Magisterial-Districts-data.xlsx
ZAF,2019-Q4,shared,FS,paraffin,4406581.006,litres,2019-Quarter4-Magisterial-Districts-data.xlsx
ZAF,2019-Q4,shared,FS,petrol,193314584.97200003,litres,2019-Quarter4-Magisterial-Districts-data.xlsx
ZAF,2019-Q4,shared,GP,aviation_gasoline,590421.178,litres,2019-Quarter4-Magisterial-Districts-data.xlsx
ZAF,2019-Q4,shared,GP,diesel,917613627.5380001,litres,2019-Quarter4-Magisterial-Districts-data.xlsx
ZAF,2019-Q4,shared,GP,fuel_oil,8177015.0,litres,2019-Quarter4-Magisterial-Districts-data.xlsx
ZAF,2019-Q4,shared,GP,jet,351546813.21699995,litres,2019-Quarter4-Magisterial-Districts-data.xlsx
ZAF,2019-Q4,shared,GP,lpg,1757306.556,litres,2019-Quarter4-Magisterial-Districts-data.xlsx
ZAF,2019-Q4,shared,GP,paraffin,13819229.025999999,litres,2019-Quarter4-Magisterial-Districts-data.xlsx
ZAF,2019-Q4,shared,GP,petrol,1042178442.1089972,litres,2019-Quarter4-Magisterial-Districts-data.xlsx
ZAF,2019-Q4,shared,KZN,aviation_gasoline,796463.61,litres,2019-Quarter4-Magisterial-Districts-data.xlsx
ZAF,2019-Q4,shared,KZN,diesel,689503612.6929997,litres,2019-Quarter4-Magisterial-Districts-data.xlsx
ZAF,2019-Q4,shared,KZN,fuel_oil,29214032.593,litres,2019-Quarter4-Magisterial-Districts-data.xlsx
ZAF,2019-Q4,shared,KZN,jet,22465253.795,litres,2019-Quarter4-Magisterial-Districts-data.xlsx
ZAF,2019-Q4,shared,KZN,lpg,36319201.473000005,litres,2019-Quarter4-Magisterial-Districts-data.xlsx
ZAF,2019-Q4,shared,KZN,paraffin,38828326.117,litres,2019-Quarter4-Magisterial-Districts-data.xlsx
ZAF,2019-Q4,shared,KZN,petrol,433298704.90099996,litres,2019-Quarter4-Magisterial-Districts-data.xlsx
ZAF,2019-Q4,shared,LP,aviation_gasoline,83240.464,litres,2019-Quarter4-Magisterial-Districts-data.xlsx
ZAF,2019-Q4,shared,LP,diesel,74513600.91299997,litres,2019-Quarter4-Magisterial-Districts-data.xlsx
ZAF,2019-Q4,shared,LP,fuel_oil,20583396.0,litres,2019-Quarter4-Magisterial-Districts-data.xlsx
ZAF,2019-Q4,shared,LP,lpg,113823.268,litres,2019-Quarter4-Magisterial-Districts-data.xlsx
ZAF,2019-Q4,shared,LP,paraffin,258031.0,litres,2019-Quarter4-Magisterial-Districts-data.xlsx
ZAF,2019-Q4,shared,LP,petrol,89772145.519,litres,2019-Quarter4-Magisterial-Districts-data.xlsx
ZAF,2019-Q4,shared,MP,aviation_gasoline,184729.51700000002,litres,2019-Quarter4-Magisterial-Districts-data.xlsx
ZAF,2019-Q4,shared,MP,diesel,349450675.07399994,litres,2019-Quarter4-Magisterial-Districts-data.xlsx
ZAF,2019-Q4,shared,MP,fuel_oil,25657720.0,litres,2019-Quarter4-Magisterial-Districts-data.xlsx
ZAF,2019-Q4,shared,MP,lpg,45951884.28,litres,2019-Quarter4-Magisterial-Districts-data.xlsx
ZAF,2019-Q4,shared,MP,paraffin,58097941.0,litres,2019-Quarter4-Magisterial-Districts-data.xlsx
ZAF,2019-Q4,shared,MP,petrol,197147712.23000002,litres,2019-Quarter4-Magisterial-Districts-data.xlsx
ZAF,2019-Q4,shared,NC,aviation_gasoline,150701.0,litres,2019-Quarter4-Magisterial-Districts-data.xlsx
ZAF,2019-Q4,shared,NC,diesel,110245621.02399999,litres,2019-Quarter4-Magisterial-Districts-data.xlsx
ZAF,2019-Q4,shared,NC,jet,1336958.0,litres,2019-Quarter4-Magisterial-Districts-data.xlsx
ZAF,2019-Q4,shared,NC,lpg,13611.0,litres,2019-Quarter4-Magisterial-Districts-data.xlsx
ZAF,2019-Q4,shared,NC,paraffin,719863.0,litres,2019-Quarter4-Magisterial-Districts-data.xlsx
ZAF,2019-Q4,shared,NC,petrol,26288888.641999997,litres,2019-Quarter4-Magisterial-Districts-data.xlsx
ZAF,2019-Q4,shared,NW,aviation_gasoline,9918.327,litres,2019-Quarter4-Magisterial-Districts-data.xlsx
ZAF,2019-Q4,shared,NW,diesel,127344740.60199997,litres,2019-Quarter4-Magisterial-Districts-data.xlsx
ZAF,2019-Q4,shared,NW,fuel_oil,638462.0,litres,2019-Quarter4-Magisterial-Districts-data.xlsx
ZAF,2019-Q4,shared,NW,jet,12644.521,litres,2019-Quarter4-Magisterial-Districts-data.xlsx
ZAF,2019-Q4,shared,NW,lpg,14720389.464,litres,2019-Quarter4-Magisterial-Districts-data.xlsx
ZAF,2019-Q4,shared,NW,paraffin,1112598.0,litres,2019-Quarter4-Magisterial-Districts-data.xlsx
ZAF,2019-Q4,shared,NW,petrol,124739002.363,litres,2019-Quarter4-Magisterial-Districts-data.xlsx
ZAF,2019-Q4,shared,WC,aviation_gasoline,234497.655,litres,2019-Quarter4-Magisterial-Districts-data.xlsx
ZAF,2019-Q4,shared,WC,diesel,537889081.2499989,litres,2019-Quarter4-Magisterial-Districts-data.xlsx
ZAF,2019-Q4,shared,WC,fuel_oil,3516546.0,litres,2019-Quarter4-Magisterial-Districts-data.xlsx
ZAF,2019-Q4,shared,WC,jet,92579518.925953,litres,2019-Quarter4-Magisterial-Districts-data.xlsx
ZAF,2019-Q4,shared,WC,lpg,20614114.024834,litres,2019-Quarter4-Magisterial-Districts-data.xlsx
ZAF,2019-Q4,shared,WC,paraffin,14100206.291000001,litres,2019-Quarter4-Magisterial-Districts-data.xlsx
ZAF,2019-Q4,shared,WC,petrol,423954814.642,litres,2019-Quarter4-Magisterial-Districts-data.xlsx
ZAF,2020-Q1,shared,EC,aviation_gasoline,20750.0,litres,2020-Quarter1-4Magisterial-Districts-data.xlsx
ZAF,2020-Q1,shared,EC,diesel,235315720.69700006,litres,2020-Quarter1-4Magisterial-Districts-data.xlsx
ZAF,2020-Q1,shared,EC,fuel_oil,32864012.229000002,litres,2020-Quarter1-4Magisterial-Districts-data.xlsx
ZAF,2020-Q1,shared,EC,jet,162875864.12300003,litres,2020-Quarter1-4Magisterial-Districts-data.xlsx
ZAF,2020-Q1,shared,EC,paraffin,13671358.92,litres,2020-Quarter1-4Magisterial-Districts-data.xlsx
ZAF,2020-Q1,shared,EC,petrol,188610548.56899998,litres,2020-Quarter1-4Magisterial-Districts-data.xlsx
ZAF,2020-Q1,shared,FS,aviation_gasoline,241902.03299999997,litres,2020-Quarter1-4Magisterial-Districts-data.xlsx
ZAF,2020-Q1,shared,FS,diesel,276184397.265,litres,2020-Quarter1-4Magisterial-Districts-data.xlsx
ZAF,2020-Q1,shared,FS,fuel_oil,2451113.0,litres,2020-Quarter1-4Magisterial-Districts-data.xlsx
ZAF,2020-Q1,shared,FS,jet,25364096.1,litres,2020-Quarter1-4Magisterial-Districts-data.xlsx
ZAF,2020-Q1,shared,FS,lpg,2792830.2649999997,litres,2020-Quarter1-4Magisterial-Districts-data.xlsx
ZAF,2020-Q1,shared,FS,paraffin,6577080.740999999,litres,2020-Quarter1-4Magisterial-Districts-data.xlsx
ZAF,2020-Q1,shared,FS,petrol,187734276.4399999,litres,2020-Quarter1-4Magisterial-Districts-data.xlsx
ZAF,2020-Q1,shared,GP,aviation_gasoline,176562.186,litres,2020-Quarter1-4Magisterial-Districts-data.xlsx
ZAF,2020-Q1,shared,GP,diesel,886887366.9629991,litres,2020-Quarter1-4Magisterial-Districts-data.xlsx
ZAF,2020-Q1,shared,GP,fuel_oil,32732255.0,litres,2020-Quarter1-4Magisterial-Districts-data.xlsx
ZAF,2020-Q1,shared,GP,jet,294834027.106,litres,2020-Quarter1-4Magisterial-Districts-data.xlsx
ZAF,2020-Q1,shared,GP,lpg,2846652.457,litres,2020-Quarter1-4Magisterial-Districts-data.xlsx
ZAF,2020-Q1,shared,GP,paraffin,8833597.67,litres,2020-Quarter1-4Magisterial-Districts-data.xlsx
ZAF,2020-Q1,shared,GP,petrol,926524739.4689989,litres,2020-Quarter1-4Magisterial-Districts-data.xlsx
ZAF,2020-Q1,shared,KZN,aviation_gasoline,1015062.4670000002,litres,2020-Quarter1-4Magisterial-Districts-data.xlsx
ZAF,2020-Q1,shared,KZN,diesel,621881843.2620001,litres,2020-Quarter1-4Magisterial-Districts-data.xlsx
ZAF,2020-Q1,shared,KZN,fuel_oil,25816001.0,litres,2020-Quarter1-4Magisterial-Districts-data.xlsx
ZAF,2020-Q1,shared,KZN,jet,21932586.018,litres,2020-Quarter1-4Magisterial-Districts-data.xlsx
ZAF,2020-Q1,shared,KZN,lpg,32374707.557,litres,2020-Quarter1-4Magisterial-Districts-data.xlsx
ZAF,2020-Q1,shared,KZN,paraffin,32612804.535,litres,2020-Quarter1-4Magisterial-Districts-data.xlsx
ZAF,2020-Q1,shared,KZN,petrol,392529050.6039991,litres,2020-Quarter1-4Magisterial-Districts-data.xlsx
ZAF,2020-Q1,shared,LP,aviation_gasoline,79318.655,litres,2020-Quarter1-4Magisterial-Districts-data.xlsx
ZAF,2020-Q1,shared,LP,diesel,62181396.20200001,litres,2020-Quarter1-4Magisterial-Districts-data.xlsx
ZAF,2020-Q1,shared,LP,fuel_oil,13142872.0,litres,2020-Quarter1-4Magisterial-Districts-data.xlsx
ZAF,2020-Q1,shared,LP,jet,415069.421,litres,2020-Quarter1-4Magisterial-Districts-data.xlsx
ZAF,2020-Q1,shared,LP,lpg,578377.363,litres,2020-Quarter1-4Magisterial-Districts-data.xlsx
ZAF,2020-Q1,shared,LP,paraffin,192316.0,litres,2020-Quarter1-4Magisterial-Districts-data.xlsx
ZAF,2020-Q1,shared,LP,petrol,78964301.704,litres,2020-Quarter1-4Magisterial-Districts-data.xlsx
ZAF,2020-Q1,shared,MP,diesel,320356412.5080001,litres,2020-Quarter1-4Magisterial-Districts-data.xlsx
ZAF,2020-Q1,shared,MP,fuel_oil,24996697.77,litres,2020-Quarter1-4Magisterial-Districts-data.xlsx
ZAF,2020-Q1,shared,MP,lpg,49159559.760000005,litres,2020-Quarter1-4Magisterial-Districts-data.xlsx
ZAF,2020-Q1,shared,MP,paraffin,57208276.0,litres,2020-Quarter1-4Magisterial-Districts-data.xlsx
ZAF,2020-Q1,shared,MP,petrol,179361107.787,litres,2020-Quarter1-4Magisterial-Districts-data.xlsx
ZAF,2020-Q1,shared,NC,aviation_gasoline,157721.0,litres,2020-Quarter1-4Magisterial-Districts-data.xlsx
ZAF,2020-Q1,shared,NC,diesel,97098898.25500001,litres,2020-Quarter1-4Magisterial-Districts-data.xlsx
ZAF,2020-Q1,shared,NC,jet,1924974.0,litres,2020-Quarter1-4Magisterial-Districts-data.xlsx
ZAF,2020-Q1,shared,NC,lpg,35577.0,litres,2020-Quarter1-4Magisterial-Districts-data.xlsx
ZAF,2020-Q1,shared,NC,paraffin,898904.0,litres,2020-Quarter1-4Magisterial-Districts-data.xlsx
ZAF,2020-Q1,shared,NC,petrol,25213874.631999996,litres,2020-Quarter1-4Magisterial-Districts-data.xlsx
ZAF,2020-Q1,shared,NW,aviation_gasoline,11653.073,litres,2020-Quarter1-4Magisterial-Districts-data.xlsx
ZAF,2020-Q1,shared,NW,diesel,117715047.406,litres,2020-Quarter1-4Magisterial-Districts-data.xlsx
ZAF,2020-Q1,shared,NW,fuel_oil,679159.0,litres,2020-Quarter1-4Magisterial-Districts-data.xlsx
ZAF,2020-Q1,shared,NW,jet,13929.922,litres,2020-Quarter1-4Magisterial-Districts-data.xlsx
ZAF,2020-Q1,shared,NW,lpg,11989251.640999999,litres,2020-Quarter1-4Magisterial-Districts-data.xlsx
ZAF,2020-Q1,shared,NW,paraffin,1183715.0,litres,2020-Quarter1-4Magisterial-Districts-data.xlsx
ZAF,2020-Q1,shared,NW,petrol,115056126.63000001,litres,2020-Quarter1-4Magisterial-Districts-data.xlsx
ZAF,2020-Q1,shared,WC,aviation_gasoline,192313.76299999998,litres,2020-Quarter1-4Magisterial-Districts-data.xlsx
ZAF,2020-Q1,shared,WC,diesel,523414366.9379999,litres,2020-Quarter1-4Magisterial-Districts-data.xlsx
ZAF,2020-Q1,shared,WC,fuel_oil,1591387.0,litres,2020-Quarter1-4Magisterial-Districts-data.xlsx
ZAF,2020-Q1,shared,WC,jet,84063227.227,litres,2020-Quarter1-4Magisterial-Districts-data.xlsx
ZAF,2020-Q1,shared,WC,lpg,15468401.847646002,litres,2020-Quarter1-4Magisterial-Districts-data.xlsx
ZAF,2020-Q1,shared,WC,paraffin,14521131.447999999,litres,2020-Quarter1-4Magisterial-Districts-data.xlsx
ZAF,2020-Q1,shared,WC,petrol,390641008.4179981,litres,2020-Quarter1-4Magisterial-Districts-data.xlsx
ZAF,2020-Q2,shared,EC,aviation_gasoline,5502.0,litres,2020-Quarter1-4Magisterial-Districts-data.xlsx
ZAF,2020-Q2,shared,EC,diesel,182389875.39699998,litres,2020-Quarter1-4Magisterial-Districts-data.xlsx
ZAF,2020-Q2,shared,EC,fuel_oil,7942043.886,litres,2020-Quarter1-4Magisterial-Districts-data.xlsx
ZAF,2020-Q2,shared,EC,jet,32025722.558,litres,2020-Quarter1-4Magisterial-Districts-data.xlsx
ZAF,2020-Q2,shared,EC,lpg,2934912.77,litres,2020-Quarter1-4Magisterial-Districts-data.xlsx
ZAF,2020-Q2,shared,EC,paraffin,24968443.869,litres,2020-Quarter1-4Magisterial-Districts-data.xlsx
ZAF,2020-Q2,shared,EC,petrol,130539866.23299998,litres,2020-Quarter1-4Magisterial-Districts-data.xlsx
ZAF,2020-Q2,shared,FS,aviation_gasoline,294887.186,litres,2020-Quarter1-4Magisterial-Districts-data.xlsx
ZAF,2020-Q2,shared,FS,diesel,173434949.5739999,litres,2020-Quarter1-4Magisterial-Districts-data.xlsx
ZAF,2020-Q2,shared,FS,fuel_oil,2224409.262,litres,2020-Quarter1-4Magisterial-Districts-data.xlsx
ZAF,2020-Q2,shared,FS,jet,10625500.653,litres,2020-Quarter1-4Magisterial-Districts-data.xlsx
ZAF,2020-Q2,shared,FS,lpg,793314.246,litres,2020-Quarter1-4Magisterial-Districts-data.xlsx
ZAF,2020-Q2,shared,FS,paraffin,11593193.365999999,litres,2020-Quarter1-4Magisterial-Districts-data.xlsx
ZAF,2020-Q2,shared,FS,petrol,123704287.271,litres,2020-Quarter1-4Magisterial-Districts-data.xlsx
ZAF,2020-Q2,shared,GP,aviation_gasoline,108727.87299999999,litres,2020-Quarter1-4Magisterial-Districts-data.xlsx
ZAF,2020-Q2,shared,GP,diesel,552458919.1349992,litres,2020-Quarter1-4Magisterial-Districts-data.xlsx
ZAF,2020-Q2,shared,GP,fuel_oil,31144817.037,litres,2020-Quarter1-4Magisterial-Districts-data.xlsx
ZAF,2020-Q2,shared,GP,jet,40679658.56100001,litres,2020-Quarter1-4Magisterial-Districts-data.xlsx
ZAF,2020-Q2,shared,GP,lpg,2498241.845,litres,2020-Quarter1-4Magisterial-Districts-data.xlsx
ZAF,2020-Q2,shared,GP,paraffin,16847359.047,litres,2020-Quarter1-4Magisterial-Districts-data.xlsx
ZAF,2020-Q2,shared,GP,petrol,541004329.877,litres,2020-Quarter1-4Magisterial-Districts-data.xlsx
ZAF,2020-Q2,shared,KZN,aviation_gasoline,604388.137,litres,2020-Quarter1-4Magisterial-Districts-data.xlsx
ZAF,2020-Q2,shared,KZN,diesel,563089935.372,litres,2020-Quarter1-4Magisterial-Districts-data.xlsx
ZAF,2020-Q2,shared,KZN,fuel_oil,13866506.586000001,litres,2020-Quarter1-4Magisterial-Districts-data.xlsx
ZAF,2020-Q2,shared,KZN,jet,2700925.137,litres,2020-Quarter1-4Magisterial-Districts-data.xlsx
ZAF,2020-Q2,shared,KZN,lpg,16524141.156,litres,2020-Quarter1-4Magisterial-Districts-data.xlsx
ZAF,2020-Q2,shared,KZN,paraffin,38073888.39299999,litres,2020-Quarter1-4Magisterial-Districts-data.xlsx
ZAF,2020-Q2,shared,KZN,petrol,282271527.046,litres,2020-Quarter1-4Magisterial-Districts-data.xlsx
ZAF,2020-Q2,shared,LP,aviation_gasoline,68427.384,litres,2020-Quarter1-4Magisterial-Districts-data.xlsx
ZAF,2020-Q2,shared,LP,diesel,41926804.66499999,litres,2020-Quarter1-4Magisterial-Districts-data.xlsx
ZAF,2020-Q2,shared,LP,fuel_oil,6323311.0,litres,2020-Quarter1-4Magisterial-Districts-data.xlsx
ZAF,2020-Q2,shared,LP,jet,60791.489,litres,2020-Quarter1-4Magisterial-Districts-data.xlsx
ZAF,2020-Q2,shared,LP,paraffin,405639.0,litres,2020-Quarter1-4Magisterial-Districts-data.xlsx
ZAF,2020-Q2,shared,LP,petrol,51908997.429,litres,2020-Quarter1-4Magisterial-Districts-data.xlsx
ZAF,2020-Q2,shared,MP,diesel,298217916.11899996,litres,2020-Quarter1-4Magisterial-Districts-data.xlsx
ZAF,2020-Q2,shared,MP,fuel_oil,45325264.699999996,litres,2020-Quarter1-4Magisterial-Districts-data.xlsx
ZAF,2020-Q2,shared,MP,lpg,62663036.95999999,litres,2020-Quarter1-4Magisterial-Districts-data.xlsx
ZAF,2020-Q2,shared,MP,paraffin,52111156.0,litres,2020-Quarter1-4Magisterial-Districts-data.xlsx
ZAF,2020-Q2,shared,MP,petrol,154363766.28499997,litres,2020-Quarter1-4Magisterial-Districts-data.xlsx
ZAF,2020-Q2,shared,NC,aviation_gasoline,63995.0,litres,2020-Quarter1-4Magisterial-Districts-data.xlsx
ZAF,2020-Q2,shared,NC,diesel,71324567.419,litres,2020-Quarter1-4Magisterial-Districts-data.xlsx
ZAF,2020-Q2,shared,NC,jet,60720.0,litres,2020-Quarter1-4Magisterial-Districts-data.xlsx
ZAF,2020-Q2,shared,NC,lpg,12322.0,litres,2020-Quarter1-4Magisterial-Districts-data.xlsx
ZAF,2020-Q2,shared,NC,paraffin,562359.0,litres,2020-Quarter1-4Magisterial-Districts-data.xlsx
ZAF,2020-Q2,shared,NC,petrol,16495017.4,litres,2020-Quarter1-4Magisterial-Districts-data.xlsx
ZAF,2020-Q2,shared,NW,aviation_gasoline,9934.369,litres,2020-Quarter1-4Magisterial-Districts-data.xlsx
ZAF,2020-Q2,shared,NW,diesel,83324154.02399997,litres,2020-Quarter1-4Magisterial-Districts-data.xlsx
ZAF,2020-Q2,shared,NW,fuel_oil,604943.0,litres,2020-Quarter1-4Magisterial-Districts-data.xlsx
ZAF,2020-Q2,shared,NW,jet,12343.221,litres,2020-Quarter1-4Magisterial-Districts-data.xlsx
ZAF,2020-Q2,shared,NW,lpg,6292514.925,litres,2020-Quarter1-4Magisterial-Districts-data.xlsx
ZAF,2020-Q2,shared,NW,paraffin,794165.0,litres,2020-Quarter1-4Magisterial-Districts-data.xlsx
ZAF,2020-Q2,shared,NW,petrol,75854337.26,litres,2020-Quarter1-4Magisterial-Districts-data.xlsx
ZAF,2020-Q2,shared,WC,aviation_gasoline,80221.71399999999,litres,2020-Quarter1-4Magisterial-Districts-data.xlsx
ZAF,2020-Q2,shared,WC,diesel,343269389.5940001,litres,2020-Quarter1-4Magisterial-Districts-data.xlsx
ZAF,2020-Q2,shared,WC,fuel_oil,1599446.761,litres,2020-Quarter1-4Magisterial-Districts-data.xlsx
ZAF,2020-Q2,shared,WC,jet,4164717.562000001,litres,2020-Quarter1-4Magisterial-Districts-data.xlsx
ZAF,2020-Q2,shared,WC,lpg,8126096.021785,litres,2020-Quarter1-4Magisterial-Districts-data.xlsx
ZAF,2020-Q2,shared,WC,paraffin,26450210.364,litres,2020-Quarter1-4Magisterial-Districts-data.xlsx
ZAF,2020-Q2,shared,WC,petrol,222301355.07800004,litres,2020-Quarter1-4Magisterial-Districts-data.xlsx
ZAF,2020-Q3,shared,EC,aviation_gasoline,15539.0,litres,2020-Quarter1-4Magisterial-Districts-data.xlsx
ZAF,2020-Q3,shared,EC,diesel,249809342.25500003,litres,2020-Quarter1-4Magisterial-Districts-data.xlsx
ZAF,2020-Q3,shared,EC,fuel_oil,2870347.6730000004,litres,2020-Quarter1-4Magisterial-Districts-data.xlsx
ZAF,2020-Q3,shared,EC,jet,49939592.048,litres,2020-Quarter1-4Magisterial-Districts-data.xlsx
ZAF,2020-Q3,shared,EC,lpg,6333105.373,litres,2020-Quarter1-4Magisterial-Districts-data.xlsx
ZAF,2020-Q3,shared,EC,paraffin,29618954.917,litres,2020-Quarter1-4Magisterial-Districts-data.xlsx
ZAF,2020-Q3,shared,EC,petrol,165036619.193,litres,2020-Quarter1-4Magisterial-Districts-data.xlsx
ZAF,2020-Q3,shared,FS,aviation_gasoline,702677.54,litres,2020-Quarter1-4Magisterial-Districts-data.xlsx
ZAF,2020-Q3,shared,FS,diesel,262625594.302,litres,2020-Quarter1-4Magisterial-Districts-data.xlsx
ZAF,2020-Q3,shared,FS,fuel_oil,1973395.5559999999,litres,2020-Quarter1-4Magisterial-Districts-data.xlsx
ZAF,2020-Q3,shared,FS,jet,17764885.71,litres,2020-Quarter1-4Magisterial-Districts-data.xlsx
ZAF,2020-Q3,shared,FS,lpg,1302758.173,litres,2020-Quarter1-4Magisterial-Districts-data.xlsx
ZAF,2020-Q3,shared,FS,paraffin,10133051.538,litres,2020-Quarter1-4Magisterial-Districts-data.xlsx
ZAF,2020-Q3,shared,FS,petrol,194085596.72899997,litres,2020-Quarter1-4Magisterial-Districts-data.xlsx
ZAF,2020-Q3,shared,GP,aviation_gasoline,209992.886,litres,2020-Quarter1-4Magisterial-Districts-data.xlsx
ZAF,2020-Q3,shared,GP,diesel,746032159.7439991,litres,2020-Quarter1-4Magisterial-Districts-data.xlsx
ZAF,2020-Q3,shared,GP,fuel_oil,24870546.823,litres,2020-Quarter1-4Magisterial-Districts-data.xlsx
ZAF,2020-Q3,shared,GP,jet,63419493.776000015,litres,2020-Quarter1-4Magisterial-Districts-data.xlsx
ZAF,2020-Q3,shared,GP,lpg,1946517.69,litres,2020-Quarter1-4Magisterial-Districts-data.xlsx
ZAF,2020-Q3,shared,GP,paraffin,21431512.362,litres,2020-Quarter1-4Magisterial-Districts-data.xlsx
ZAF,2020-Q3,shared,GP,petrol,778002789.1630001,litres,2020-Quarter1-4Magisterial-Districts-data.xlsx
ZAF,2020-Q3,shared,KZN,aviation_gasoline,1000452.827,litres,2020-Quarter1-4Magisterial-Districts-data.xlsx
ZAF,2020-Q3,shared,KZN,diesel,707688748.132,litres,2020-Quarter1-4Magisterial-Districts-data.xlsx
ZAF,2020-Q3,shared,KZN,fuel_oil,17800979.622999996,litres,2020-Quarter1-4Magisterial-Districts-data.xlsx
ZAF,2020-Q3,shared,KZN,jet,8392420.735,litres,2020-Quarter1-4Magisterial-Districts-data.xlsx
ZAF,2020-Q3,shared,KZN,lpg,38887083.337,litres,2020-Quarter1-4Magisterial-Districts-data.xlsx
ZAF,2020-Q3,shared,KZN,paraffin,61297729.378000006,litres,2020-Quarter1-4Magisterial-Districts-data.xlsx
ZAF,2020-Q3,shared,KZN,petrol,354048455.36500007,litres,2020-Quarter1-4Magisterial-Districts-data.xlsx
ZAF,2020-Q3,shared,LP,aviation_gasoline,70482.625,litres,2020-Quarter1-4Magisterial-Districts-data.xlsx
ZAF,2020-Q3,shared,LP,diesel,55016828.594,litres,2020-Quarter1-4Magisterial-Districts-data.xlsx
ZAF,2020-Q3,shared,LP,fuel_oil,7401981.0,litres,2020-Quarter1-4Magisterial-Districts-data.xlsx
ZAF,2020-Q3,shared,LP,lpg,1126921.629,litres,2020-Quarter1-4Magisterial-Districts-data.xlsx
ZAF,2020-Q3,shared,LP,paraffin,594567.0,litres,2020-Quarter1-4Magisterial-Districts-data.xlsx
ZAF,2020-Q3,shared,LP,petrol,67400161.74900001,litres,2020-Quarter1-4Magisterial-Districts-data.xlsx
ZAF,2020-Q3,shared,MP,diesel,341487094.62700003,litres,2020-Quarter1-4Magisterial-Districts-data.xlsx
ZAF,2020-Q3,shared,MP,fuel_oil,46314554.94,litres,2020-Quarter1-4Magisterial-Districts-data.xlsx
ZAF,2020-Q3,shared,MP,lpg,63547149.260000005,litres,2020-Quarter1-4Magisterial-Districts-data.xlsx
ZAF,2020-Q3,shared,MP,paraffin,62159383.0,litres,2020-Quarter1-4Magisterial-Districts-data.xlsx
ZAF,2020-Q3,shared,MP,petrol,158980194.70499998,litres,2020-Quarter1-4Magisterial-Districts-data.xlsx
ZAF,2020-Q3,shared,NC,aviation_gasoline,137654.0,litres,2020-Quarter1-4Magisterial-Districts-data.xlsx
ZAF,2020-Q3,shared,NC,diesel,92580653.099,litres,2020-Quarter1-4Magisterial-Districts-data.xlsx
ZAF,2020-Q3,shared,NC,jet,304835.97,litres,2020-Quarter1-4Magisterial-Districts-data.xlsx
ZAF,2020-Q3,shared,NC,lpg,22067.0,litres,2020-Quarter1-4Magisterial-Districts-data.xlsx
ZAF,2020-Q3,shared,NC,paraffin,561162.0,litres,2020-Quarter1-4Magisterial-Districts-data.xlsx
ZAF,2020-Q3,shared,NC,petrol,21683703.856000002,litres,2020-Quarter1-4Magisterial-Districts-data.xlsx
ZAF,2020-Q3,shared,NW,aviation_gasoline,14800.459,litres,2020-Quarter1-4Magisterial-Districts-data.xlsx
ZAF,2020-Q3,shared,NW,diesel,111048346.83,litres,2020-Quarter1-4Magisterial-Districts-data.xlsx
ZAF,2020-Q3,shared,NW,fuel_oil,724060.0,litres,2020-Quarter1-4Magisterial-Districts-data.xlsx
ZAF,2020-Q3,shared,NW,jet,12289.013,litres,2020-Quarter1-4Magisterial-Districts-data.xlsx
ZAF,2020-Q3,shared,NW,lpg,9945514.182,litres,2020-Quarter1-4Magisterial-Districts-data.xlsx
ZAF,2020-Q3,shared,NW,paraffin,934033.0,litres,2020-Quarter1-4Magisterial-Districts-data.xlsx
ZAF,2020-Q3,shared,NW,petrol,101022392.39999998,litres,2020-Quarter1-4Magisterial-Districts-data.xlsx
ZAF,2020-Q3,shared,WC,aviation_gasoline,162134.919,litres,2020-Quarter1-4Magisterial-Districts-data.xlsx
ZAF,2020-Q3,shared,WC,diesel,501935083.73300004,litres,2020-Quarter1-4Magisterial-Districts-data.xlsx
ZAF,2020-Q3,shared,WC,fuel_oil,16590449.053,litres,2020-Quarter1-4Magisterial-Districts-data.xlsx
ZAF,2020-Q3,shared,WC,jet,5462839.752855,litres,2020-Quarter1-4Magisterial-Districts-data.xlsx
ZAF,2020-Q3,shared,WC,lpg,1940086.151,litres,2020-Quarter1-4Magisterial-Districts-data.xlsx
ZAF,2020-Q3,shared,WC,paraffin,33903331.693,litres,2020-Quarter1-4Magisterial-Districts-data.xlsx
ZAF,2020-Q3,shared,WC,petrol,317191890.02900004,litres,2020-Quarter1-4Magisterial-Districts-data.xlsx
ZAF,2020-Q4,shared,EC,aviation_gasoline,17801.0,litres,2020-Quarter1-4Magisterial-Districts-data.xlsx
ZAF,2020-Q4,shared,EC,diesel,269302048.105,litres,2020-Quarter1-4Magisterial-Districts-data.xlsx
ZAF,2020-Q4,shared,EC,fuel_oil,8155187.250000001,litres,2020-Quarter1-4Magisterial-Districts-data.xlsx
ZAF,2020-Q4,shared,EC,jet,76731392.239,litres,2020-Quarter1-4Magisterial-Districts-data.xlsx
ZAF,2020-Q4,shared,EC,lpg,6249835.51,litres,2020-Quarter1-4Magisterial-Districts-data.xlsx
ZAF,2020-Q4,shared,EC,paraffin,17396626.437,litres,2020-Quarter1-4Magisterial-Districts-data.xlsx
ZAF,2020-Q4,shared,EC,petrol,194614871.47000006,litres,2020-Quarter1-4Magisterial-Districts-data.xlsx
ZAF,2020-Q4,shared,FS,aviation_gasoline,484151.899,litres,2020-Quarter1-4Magisterial-Districts-data.xlsx
ZAF,2020-Q4,shared,FS,diesel,318343859.411,litres,2020-Quarter1-4Magisterial-Districts-data.xlsx
ZAF,2020-Q4,shared,FS,fuel_oil,1485210.6940000001,litres,2020-Quarter1-4Magisterial-Districts-data.xlsx
ZAF,2020-Q4,shared,FS,jet,17250249.872,litres,2020-Quarter1-4Magisterial-Districts-data.xlsx
ZAF,2020-Q4,shared,FS,lpg,1153866.42,litres,2020-Quarter1-4Magisterial-Districts-data.xlsx
ZAF,2020-Q4,shared,FS,paraffin,5639007.26,litres,2020-Quarter1-4Magisterial-Districts-data.xlsx
ZAF,2020-Q4,shared,FS,petrol,218571068.89499998,litres,2020-Quarter1-4Magisterial-Districts-data.xlsx
ZAF,2020-Q4,shared,GP,aviation_gasoline,233515.072,litres,2020-Quarter1-4Magisterial-Districts-data.xlsx
ZAF,2020-Q4,shared,GP,diesel,765292396.29,litres,2020-Quarter1-4Magisterial-Districts-data.xlsx
ZAF,2020-Q4,shared,GP,fuel_oil,34033768.565,litres,2020-Quarter1-4Magisterial-Districts-data.xlsx
ZAF,2020-Q4,shared,GP,jet,131315890.29199898,litres,2020-Quarter1-4Magisterial-Districts-data.xlsx
ZAF,2020-Q4,shared,GP,lpg,2376419.093,litres,2020-Quarter1-4Magisterial-Districts-data.xlsx
ZAF,2020-Q4,shared,GP,paraffin,14781840.831999997,litres,2020-Quarter1-4Magisterial-Districts-data.xlsx
ZAF,2020-Q4,shared,GP,petrol,889534962.0829989,litres,2020-Quarter1-4Magisterial-Districts-data.xlsx
ZAF,2020-Q4,shared,KZN,aviation_gasoline,961014.189,litres,2020-Quarter1-4Magisterial-Districts-data.xlsx
ZAF,2020-Q4,shared,KZN,diesel,717659760.3690003,litres,2020-Quarter1-4Magisterial-Districts-data.xlsx
ZAF,2020-Q4,shared,KZN,fuel_oil,21835272.915,litres,2020-Quarter1-4Magisterial-Districts-data.xlsx
ZAF,2020-Q4,shared,KZN,jet,11817132.274,litres,2020-Quarter1-4Magisterial-Districts-data.xlsx
ZAF,2020-Q4,shared,KZN,lpg,31279850.347000003,litres,2020-Quarter1-4Magisterial-Districts-data.xlsx
ZAF,2020-Q4,shared,KZN,paraffin,46950104.072000004,litres,2020-Quarter1-4Magisterial-Districts-data.xlsx
ZAF,2020-Q4,shared,KZN,petrol,419520927.541,litres,2020-Quarter1-4Magisterial-Districts-data.xlsx
ZAF,2020-Q4,shared,LP,aviation_gasoline,78019.254,litres,2020-Quarter1-4Magisterial-Districts-data.xlsx
ZAF,2020-Q4,shared,LP,diesel,56998966.13899999,litres,2020-Quarter1-4Magisterial-Districts-data.xlsx
ZAF,2020-Q4,shared,LP,fuel_oil,9942282.0,litres,2020-Quarter1-4Magisterial-Districts-data.xlsx
ZAF,2020-Q4,shared,LP,jet,479139.79600000003,litres,2020-Quarter1-4Magisterial-Districts-data.xlsx
ZAF,2020-Q4,shared,LP,lpg,560307.408,litres,2020-Quarter1-4Magisterial-Districts-data.xlsx
ZAF,2020-Q4,shared,LP,paraffin,453669.0,litres,2020-Quarter1-4Magisterial-Districts-data.xlsx
ZAF,2020-Q4,shared,LP,petrol,78238628.21300001,litres,2020-Quarter1-4Magisterial-Districts-data.xlsx
ZAF,2020-Q4,shared,MP,diesel,347362994.10799986,litres,2020-Quarter1-4Magisterial-Districts-data.xlsx
ZAF,2020-Q4,shared,MP,fuel_oil,47767364.522,litres,2020-Quarter1-4Magisterial-Districts-data.xlsx
ZAF,2020-Q4,shared,MP,lpg,49147257.879999995,litres,2020-Quarter1-4Magisterial-Districts-data.xlsx
ZAF,2020-Q4,shared,MP,paraffin,66359019.0,litres,2020-Quarter1-4Magisterial-Districts-data.xlsx
ZAF,2020-Q4,shared,MP,petrol,197806086.35299996,litres,2020-Quarter1-4Magisterial-Districts-data.xlsx
ZAF,2020-Q4,shared,NC,aviation_gasoline,165938.0,litres,2020-Quarter1-4Magisterial-Districts-data.xlsx
ZAF,2020-Q4,shared,NC,diesel,91433438.009,litres,2020-Quarter1-4Magisterial-Districts-data.xlsx
ZAF,2020-Q4,shared,NC,jet,734078.49,litres,2020-Quarter1-4Magisterial-Districts-data.xlsx
ZAF,2020-Q4,shared,NC,lpg,31907.0,litres,2020-Quarter1-4Magisterial-Districts-data.xlsx
ZAF,2020-Q4,shared,NC,paraffin,385147.0,litres,2020-Quarter1-4Magisterial-Districts-data.xlsx
ZAF,2020-Q4,shared,NC,petrol,25462699.649,litres,2020-Quarter1-4Magisterial-Districts-data.xlsx
ZAF,2020-Q4,shared,NW,aviation_gasoline,9761.915,litres,2020-Quarter1-4Magisterial-Districts-data.xlsx
ZAF,2020-Q4,shared,NW,diesel,124078247.606,litres,2020-Quarter1-4Magisterial-Districts-data.xlsx
ZAF,2020-Q4,shared,NW,fuel_oil,824259.0,litres,2020-Quarter1-4Magisterial-Districts-data.xlsx
ZAF,2020-Q4,shared,NW,jet,51.751,litres,2020-Quarter1-4Magisterial-Districts-data.xlsx
ZAF,2020-Q4,shared,NW,lpg,11339674.118999999,litres,2020-Quarter1-4Magisterial-Districts-data.xlsx
ZAF,2020-Q4,shared,NW,paraffin,959487.0,litres,2020-Quarter1-4Magisterial-Districts-data.xlsx
ZAF,2020-Q4,shared,NW,petrol,119848505.824999,litres,2020-Quarter1-4Magisterial-Districts-data.xlsx
ZAF,2020-Q4,shared,WC,aviation_gasoline,156132.99800000002,litres,2020-Quarter1-4Magisterial-Districts-data.xlsx
ZAF,2020-Q4,shared,WC,diesel,480790237.1479998,litres,2020-Quarter1-4Magisterial-Districts-data.xlsx
ZAF,2020-Q4,shared,WC,fuel_oil,444192.0,litres,2020-Quarter1-4Magisterial-Districts-data.xlsx
ZAF,2020-Q4,shared,WC,jet,25439214.436,litres,2020-Quarter1-4Magisterial-Districts-data.xlsx
ZAF,2020-Q4,shared,WC,lpg,5387487.518,litres,2020-Quarter1-4Magisterial-Districts-data.xlsx
ZAF,2020-Q4,shared,WC,paraffin,20449098.617,litres,2020-Quarter1-4Magisterial-Districts-data.xlsx
ZAF,2020-Q4,shared,WC,petrol,377342890.146,litres,2020-Quarter1-4Magisterial-Districts-data.xlsx
ZAF,2021-Q1,shared,EC,aviation_gasoline,18376.0,litres,2021-Quarter4-Magisterial-Districts-data.xlsx
ZAF,2021-Q1,shared,EC,diesel,256652665.319,litres,2021-Quarter4-Magisterial-Districts-data.xlsx
ZAF,2021-Q1,shared,EC,fuel_oil,13432259.574,litres,2021-Quarter4-Magisterial-Districts-data.xlsx
ZAF,2021-Q1,shared,EC,jet,56247649.912,litres,2021-Quarter4-Magisterial-Districts-data.xlsx
ZAF,2021-Q1,shared,EC,lpg,6230275.968,litres,2021-Quarter4-Magisterial-Districts-data.xlsx
ZAF,2021-Q1,shared,EC,paraffin,21060150.947,litres,2021-Quarter4-Magisterial-Districts-data.xlsx
ZAF,2021-Q1,shared,EC,petrol,181669449.27999988,litres,2021-Quarter4-Magisterial-Districts-data.xlsx
ZAF,2021-Q1,shared,FS,aviation_gasoline,385673.166,litres,2021-Quarter4-Magisterial-Districts-data.xlsx
ZAF,2021-Q1,shared,FS,diesel,229579657.133,litres,2021-Quarter4-Magisterial-Districts-data.xlsx
ZAF,2021-Q1,shared,FS,fuel_oil,1332531.0,litres,2021-Quarter4-Magisterial-Districts-data.xlsx
ZAF,2021-Q1,shared,FS,jet,15042682.497,litres,2021-Quarter4-Magisterial-Districts-data.xlsx
ZAF,2021-Q1,shared,FS,lpg,1589840.7000000002,litres,2021-Quarter4-Magisterial-Districts-data.xlsx
ZAF,2021-Q1,shared,FS,paraffin,9557716.157000002,litres,2021-Quarter4-Magisterial-Districts-data.xlsx
ZAF,2021-Q1,shared,FS,petrol,183797285.78,litres,2021-Quarter4-Magisterial-Districts-data.xlsx
ZAF,2021-Q1,shared,GP,aviation_gasoline,239162.45300000004,litres,2021-Quarter4-Magisterial-Districts-data.xlsx
ZAF,2021-Q1,shared,GP,diesel,774843963.236,litres,2021-Quarter4-Magisterial-Districts-data.xlsx
ZAF,2021-Q1,shared,GP,fuel_oil,11770542.764,litres,2021-Quarter4-Magisterial-Districts-data.xlsx
ZAF,2021-Q1,shared,GP,jet,115323812.112,litres,2021-Quarter4-Magisterial-Districts-data.xlsx
ZAF,2021-Q1,shared,GP,lpg,1863134.975,litres,2021-Quarter4-Magisterial-Districts-data.xlsx
ZAF,2021-Q1,shared,GP,paraffin,19359399.87,litres,2021-Quarter4-Magisterial-Districts-data.xlsx
ZAF,2021-Q1,shared,GP,petrol,813473528.576998,litres,2021-Quarter4-Magisterial-Districts-data.xlsx
ZAF,2021-Q1,shared,KZN,aviation_gasoline,791069.295,litres,2021-Quarter4-Magisterial-Districts-data.xlsx
ZAF,2021-Q1,shared,KZN,diesel,659305375.387,litres,2021-Quarter4-Magisterial-Districts-data.xlsx
ZAF,2021-Q1,shared,KZN,fuel_oil,42819314.663,litres,2021-Quarter4-Magisterial-Districts-data.xlsx
ZAF,2021-Q1,shared,KZN,jet,17171204.75,litres,2021-Quarter4-Magisterial-Districts-data.xlsx
ZAF,2021-Q1,shared,KZN,lpg,3520818.715,litres,2021-Quarter4-Magisterial-Districts-data.xlsx
ZAF,2021-Q1,shared,KZN,paraffin,67180446.17500001,litres,2021-Quarter4-Magisterial-Districts-data.xlsx
ZAF,2021-Q1,shared,KZN,petrol,386161876.74000007,litres,2021-Quarter4-Magisterial-Districts-data.xlsx
ZAF,2021-Q1,shared,LP,aviation_gasoline,42907.186,litres,2021-Quarter4-Magisterial-Districts-data.xlsx
ZAF,2021-Q1,shared,LP,diesel,53380581.872999996,litres,2021-Quarter4-Magisterial-Districts-data.xlsx
ZAF,2021-Q1,shared,LP,fuel_oil,12689299.0,litres,2021-Quarter4-Magisterial-Districts-data.xlsx
ZAF,2021-Q1,shared,LP,jet,17618.791,litres,2021-Quarter4-Magisterial-Districts-data.xlsx
ZAF,2021-Q1,shared,LP,lpg,577665.687,litres,2021-Quarter4-Magisterial-Districts-data.xlsx
ZAF,2021-Q1,shared,LP,paraffin,347669.0,litres,2021-Quarter4-Magisterial-Districts-data.xlsx
ZAF,2021-Q1,shared,LP,petrol,69669991.542,litres,2021-Quarter4-Magisterial-Districts-data.xlsx
ZAF,2021-Q1,shared,MP,diesel,353302033.76800007,litres,2021-Quarter4-Magisterial-Districts-data.xlsx
ZAF,2021-Q1,shared,MP,fuel_oil,32396546.982,litres,2021-Quarter4-Magisterial-Districts-data.xlsx
ZAF,2021-Q1,shared,MP,jet,5237876.0,litres,2021-Quarter4-Magisterial-Districts-data.xlsx
ZAF,2021-Q1,shared,MP,lpg,58411929.760000005,litres,2021-Quarter4-Magisterial-Districts-data.xlsx
ZAF,2021-Q1,shared,MP,paraffin,65583195.751,litres,2021-Quarter4-Magisterial-Districts-data.xlsx
ZAF,2021-Q1,shared,MP,petrol,169607817.57600003,litres,2021-Quarter4-Magisterial-Districts-data.xlsx
ZAF,2021-Q1,shared,NC,aviation_gasoline,151231.0,litres,2021-Quarter4-Magisterial-Districts-data.xlsx
ZAF,2021-Q1,shared,NC,diesel,88866370.68100001,litres,2021-Quarter4-Magisterial-Districts-data.xlsx
ZAF,2021-Q1,shared,NC,jet,721715.6950000001,litres,2021-Quarter4-Magisterial-Districts-data.xlsx
ZAF,2021-Q1,shared,NC,lpg,15876.0,litres,2021-Quarter4-Magisterial-Districts-data.xlsx
ZAF,2021-Q1,shared,NC,paraffin,245527.0,litres,2021-Quarter4-Magisterial-Districts-data.xlsx
ZAF,2021-Q1,shared,NC,petrol,23299182.077,litres,2021-Quarter4-Magisterial-Districts-data.xlsx
ZAF,2021-Q1,shared,NW,diesel,113138876.67299996,litres,2021-Quarter4-Magisterial-Districts-data.xlsx
ZAF,2021-Q1,shared,NW,fuel_oil,654574.0,litres,2021-Quarter4-Magisterial-Districts-data.xlsx
ZAF,2021-Q1,shared,NW,lpg,8501046.199000001,litres,2021-Quarter4-Magisterial-Districts-data.xlsx
ZAF,2021-Q1,shared,NW,paraffin,932040.0,litres,2021-Quarter4-Magisterial-Districts-data.xlsx
ZAF,2021-Q1,shared,NW,petrol,106327883.67599897,litres,2021-Quarter4-Magisterial-Districts-data.xlsx
ZAF,2021-Q1,shared,WC,aviation_gasoline,102227.77799999999,litres,2021-Quarter4-Magisterial-Districts-data.xlsx
ZAF,2021-Q1,shared,WC,diesel,696145174.1939999,litres,2021-Quarter4-Magisterial-Districts-data.xlsx
ZAF,2021-Q1,shared,WC,fuel_oil,266904.0,litres,2021-Quarter4-Magisterial-Districts-data.xlsx
ZAF,2021-Q1,shared,WC,jet,27292846.034,litres,2021-Quarter4-Magisterial-Districts-data.xlsx
ZAF,2021-Q1,shared,WC,lpg,224078.0,litres,2021-Quarter4-Magisterial-Districts-data.xlsx
ZAF,2021-Q1,shared,WC,paraffin,22616511.536,litres,2021-Quarter4-Magisterial-Districts-data.xlsx
ZAF,2021-Q1,shared,WC,petrol,342835326.4780001,litres,2021-Quarter4-Magisterial-Districts-data.xlsx
ZAF,2021-Q2,shared,EC,aviation_gasoline,27351.0,litres,2021-Quarter4-Magisterial-Districts-data.xlsx
ZAF,2021-Q2,shared,EC,diesel,253821305.905,litres,2021-Quarter4-Magisterial-Districts-data.xlsx
ZAF,2021-Q2,shared,EC,fuel_oil,8054956.366,litres,2021-Quarter4-Magisterial-Districts-data.xlsx
ZAF,2021-Q2,shared,EC,jet,57446841.605000004,litres,2021-Quarter4-Magisterial-Districts-data.xlsx
ZAF,2021-Q2,shared,EC,lpg,9718817.665,litres,2021-Quarter4-Magisterial-Districts-data.xlsx
ZAF,2021-Q2,shared,EC,paraffin,30543493.473,litres,2021-Quarter4-Magisterial-Districts-data.xlsx
ZAF,2021-Q2,shared,EC,petrol,180436065.31999904,litres,2021-Quarter4-Magisterial-Districts-data.xlsx
ZAF,2021-Q2,shared,FS,aviation_gasoline,369894.094,litres,2021-Quarter4-Magisterial-Districts-data.xlsx
ZAF,2021-Q2,shared,FS,diesel,298039967.40799904,litres,2021-Quarter4-Magisterial-Districts-data.xlsx
ZAF,2021-Q2,shared,FS,fuel_oil,1548959.7719999999,litres,2021-Quarter4-Magisterial-Districts-data.xlsx
ZAF,2021-Q2,shared,FS,jet,24642115.139,litres,2021-Quarter4-Magisterial-Districts-data.xlsx
ZAF,2021-Q2,shared,FS,lpg,2236303.042,litres,2021-Quarter4-Magisterial-Districts-data.xlsx
ZAF,2021-Q2,shared,FS,paraffin,9004078.508,litres,2021-Quarter4-Magisterial-Districts-data.xlsx
ZAF,2021-Q2,shared,FS,petrol,196361993.72700003,litres,2021-Quarter4-Magisterial-Districts-data.xlsx
ZAF,2021-Q2,shared,GP,aviation_gasoline,393602.2429999999,litres,2021-Quarter4-Magisterial-Districts-data.xlsx
ZAF,2021-Q2,shared,GP,diesel,798289850.4669999,litres,2021-Quarter4-Magisterial-Districts-data.xlsx
ZAF,2021-Q2,shared,GP,fuel_oil,18760646.08,litres,2021-Quarter4-Magisterial-Districts-data.xlsx
ZAF,2021-Q2,shared,GP,jet,140209882.057,litres,2021-Quarter4-Magisterial-Districts-data.xlsx
ZAF,2021-Q2,shared,GP,lpg,1365541.878,litres,2021-Quarter4-Magisterial-Districts-data.xlsx
ZAF,2021-Q2,shared,GP,paraffin,30030684.379,litres,2021-Quarter4-Magisterial-Districts-data.xlsx
ZAF,2021-Q2,shared,GP,petrol,837841869.1979979,litres,2021-Quarter4-Magisterial-Districts-data.xlsx
ZAF,2021-Q2,shared,KZN,aviation_gasoline,775184.96,litres,2021-Quarter4-Magisterial-Districts-data.xlsx
ZAF,2021-Q2,shared,KZN,diesel,692131077.1739998,litres,2021-Quarter4-Magisterial-Districts-data.xlsx
ZAF,2021-Q2,shared,KZN,fuel_oil,28195574.481999997,litres,2021-Quarter4-Magisterial-Districts-data.xlsx
ZAF,2021-Q2,shared,KZN,jet,17340059.582,litres,2021-Quarter4-Magisterial-Districts-data.xlsx
ZAF,2021-Q2,shared,KZN,lpg,1580051.52,litres,2021-Quarter4-Magisterial-Districts-data.xlsx
ZAF,2021-Q2,shared,KZN,paraffin,103141604.78400001,litres,2021-Quarter4-Magisterial-Districts-data.xlsx
ZAF,2021-Q2,shared,KZN,petrol,390193759.58900005,litres,2021-Quarter4-Magisterial-Districts-data.xlsx
ZAF,2021-Q2,shared,LP,aviation_gasoline,93039.561,litres,2021-Quarter4-Magisterial-Districts-data.xlsx
ZAF,2021-Q2,shared,LP,diesel,52510665.33900002,litres,2021-Quarter4-Magisterial-Districts-data.xlsx
ZAF,2021-Q2,shared,LP,fuel_oil,6061231.0,litres,2021-Quarter4-Magisterial-Districts-data.xlsx
ZAF,2021-Q2,shared,LP,lpg,328525.339,litres,2021-Quarter4-Magisterial-Districts-data.xlsx
ZAF,2021-Q2,shared,LP,paraffin,518886.0,litres,2021-Quarter4-Magisterial-Districts-data.xlsx
ZAF,2021-Q2,shared,LP,petrol,68501819.279,litres,2021-Quarter4-Magisterial-Districts-data.xlsx
ZAF,2021-Q2,shared,MP,diesel,334332270.97799796,litres,2021-Quarter4-Magisterial-Districts-data.xlsx
ZAF,2021-Q2,shared,MP,fuel_oil,40723385.289,litres,2021-Quarter4-Magisterial-Districts-data.xlsx
ZAF,2021-Q2,shared,MP,lpg,56666045.10000001,litres,2021-Quarter4-Magisterial-Districts-data.xlsx
ZAF,2021-Q2,shared,MP,paraffin,71645454.492,litres,2021-Quarter4-Magisterial-Districts-data.xlsx
ZAF,2021-Q2,shared,MP,petrol,168511732.371,litres,2021-Quarter4-Magisterial-Districts-data.xlsx
ZAF,2021-Q2,shared,NC,aviation_gasoline,135547.0,litres,2021-Quarter4-Magisterial-Districts-data.xlsx
ZAF,2021-Q2,shared,NC,diesel,88722226.13399999,litres,2021-Quarter4-Magisterial-Districts-data.xlsx
ZAF,2021-Q2,shared,NC,jet,1070364.0,litres,2021-Quarter4-Magisterial-Districts-data.xlsx
ZAF,2021-Q2,shared,NC,lpg,15420.0,litres,2021-Quarter4-Magisterial-Districts-data.xlsx
ZAF,2021-Q2,shared,NC,paraffin,206539.0,litres,2021-Quarter4-Magisterial-Districts-data.xlsx
ZAF,2021-Q2,shared,NC,petrol,23188792.659,litres,2021-Quarter4-Magisterial-Districts-data.xlsx
ZAF,2021-Q2,shared,NW,diesel,114207574.715,litres,2021-Quarter4-Magisterial-Districts-data.xlsx
ZAF,2021-Q2,shared,NW,fuel_oil,691048.0,litres,2021-Quarter4-Magisterial-Districts-data.xlsx
ZAF,2021-Q2,shared,NW,jet,13799.144,litres,2021-Quarter4-Magisterial-Districts-data.xlsx
ZAF,2021-Q2,shared,NW,lpg,3891112.7069999995,litres,2021-Quarter4-Magisterial-Districts-data.xlsx
ZAF,2021-Q2,shared,NW,paraffin,949742.0,litres,2021-Quarter4-Magisterial-Districts-data.xlsx
ZAF,2021-Q2,shared,NW,petrol,108279801.10099998,litres,2021-Quarter4-Magisterial-Districts-data.xlsx
ZAF,2021-Q2,shared,WC,aviation_gasoline,101094.49799999999,litres,2021-Quarter4-Magisterial-Districts-data.xlsx
ZAF,2021-Q2,shared,WC,diesel,669657857.1289998,litres,2021-Quarter4-Magisterial-Districts-data.xlsx
ZAF,2021-Q2,shared,WC,fuel_oil,241791.0,litres,2021-Quarter4-Magisterial-Districts-data.xlsx
ZAF,2021-Q2,shared,WC,jet,28973935.074,litres,2021-Quarter4-Magisterial-Districts-data.xlsx
ZAF,2021-Q2,shared,WC,paraffin,25556625.317,litres,2021-Quarter4-Magisterial-Districts-data.xlsx
ZAF,2021-Q2,shared,WC,petrol,348349481.3389999,litres,2021-Quarter4-Magisterial-Districts-data.xlsx
ZAF,2021-Q3,shared,EC,aviation_gasoline,24638.0,litres,2021-Quarter4-Magisterial-Districts-data.xlsx
ZAF,2021-Q3,shared,EC,diesel,260441272.55400005,litres,2021-Quarter4-Magisterial-Districts-data.xlsx
ZAF,2021-Q3,shared,EC,fuel_oil,5359067.800999999,litres,2021-Quarter4-Magisterial-Districts-data.xlsx
ZAF,2021-Q3,shared,EC,jet,49210992.196,litres,2021-Quarter4-Magisterial-Districts-data.xlsx
ZAF,2021-Q3,shared,EC,lpg,3142347.722,litres,2021-Quarter4-Magisterial-Districts-data.xlsx
ZAF,2021-Q3,shared,EC,paraffin,38078422.84,litres,2021-Quarter4-Magisterial-Districts-data.xlsx
ZAF,2021-Q3,shared,EC,petrol,176685561.789,litres,2021-Quarter4-Magisterial-Districts-data.xlsx
ZAF,2021-Q3,shared,FS,aviation_gasoline,334769.0609999999,litres,2021-Quarter4-Magisterial-Districts-data.xlsx
ZAF,2021-Q3,shared,FS,diesel,222478429.85999998,litres,2021-Quarter4-Magisterial-Districts-data.xlsx
ZAF,2021-Q3,shared,FS,fuel_oil,1181639.226,litres,2021-Quarter4-Magisterial-Districts-data.xlsx
ZAF,2021-Q3,shared,FS,jet,11285372.863000002,litres,2021-Quarter4-Magisterial-Districts-data.xlsx
ZAF,2021-Q3,shared,FS,lpg,2419528.8310000002,litres,2021-Quarter4-Magisterial-Districts-data.xlsx
ZAF,2021-Q3,shared,FS,paraffin,10294471.041,litres,2021-Quarter4-Magisterial-Districts-data.xlsx
ZAF,2021-Q3,shared,FS,petrol,138870461.956,litres,2021-Quarter4-Magisterial-Districts-data.xlsx
ZAF,2021-Q3,shared,GP,aviation_gasoline,262152.513,litres,2021-Quarter4-Magisterial-Districts-data.xlsx
ZAF,2021-Q3,shared,GP,diesel,822205411.281999,litres,2021-Quarter4-Magisterial-Districts-data.xlsx
ZAF,2021-Q3,shared,GP,fuel_oil,23871916.297,litres,2021-Quarter4-Magisterial-Districts-data.xlsx
ZAF,2021-Q3,shared,GP,jet,128278279.061,litres,2021-Quarter4-Magisterial-Districts-data.xlsx
ZAF,2021-Q3,shared,GP,lpg,8640230.821,litres,2021-Quarter4-Magisterial-Districts-data.xlsx
ZAF,2021-Q3,shared,GP,paraffin,50907306.36399999,litres,2021-Quarter4-Magisterial-Districts-data.xlsx
ZAF,2021-Q3,shared,GP,petrol,886982983.383,litres,2021-Quarter4-Magisterial-Districts-data.xlsx
ZAF,2021-Q3,shared,KZN,aviation_gasoline,819256.993,litres,2021-Quarter4-Magisterial-Districts-data.xlsx
ZAF,2021-Q3,shared,KZN,diesel,655409419.769,litres,2021-Quarter4-Magisterial-Districts-data.xlsx
ZAF,2021-Q3,shared,KZN,fuel_oil,31369821.014999997,litres,2021-Quarter4-Magisterial-Districts-data.xlsx
ZAF,2021-Q3,shared,KZN,jet,11940601.779,litres,2021-Quarter4-Magisterial-Districts-data.xlsx
ZAF,2021-Q3,shared,KZN,lpg,3728294.393,litres,2021-Quarter4-Magisterial-Districts-data.xlsx
ZAF,2021-Q3,shared,KZN,paraffin,115466248.476,litres,2021-Quarter4-Magisterial-Districts-data.xlsx
ZAF,2021-Q3,shared,KZN,petrol,363677801.478,litres,2021-Quarter4-Magisterial-Districts-data.xlsx
ZAF,2021-Q3,shared,LP,aviation_gasoline,86024.007,litres,2021-Quarter4-Magisterial-Districts-data.xlsx
ZAF,2021-Q3,shared,LP,diesel,52002277.17599999,litres,2021-Quarter4-Magisterial-Districts-data.xlsx
ZAF,2021-Q3,shared,LP,fuel_oil,2488147.0,litres,2021-Quarter4-Magisterial-Districts-data.xlsx
ZAF,2021-Q3,shared,LP,lpg,116136.452,litres,2021-Quarter4-Magisterial-Districts-data.xlsx
ZAF,2021-Q3,shared,LP,paraffin,339895.0,litres,2021-Quarter4-Magisterial-Districts-data.xlsx
ZAF,2021-Q3,shared,LP,petrol,66451632.856999,litres,2021-Quarter4-Magisterial-Districts-data.xlsx
ZAF,2021-Q3,shared,MP,diesel,296005387.763999,litres,2021-Quarter4-Magisterial-Districts-data.xlsx
ZAF,2021-Q3,shared,MP,fuel_oil,56711724.0,litres,2021-Quarter4-Magisterial-Districts-data.xlsx
ZAF,2021-Q3,shared,MP,lpg,49524697.68,litres,2021-Quarter4-Magisterial-Districts-data.xlsx
ZAF,2021-Q3,shared,MP,paraffin,60016034.339,litres,2021-Quarter4-Magisterial-Districts-data.xlsx
ZAF,2021-Q3,shared,MP,petrol,149898246.186,litres,2021-Quarter4-Magisterial-Districts-data.xlsx
ZAF,2021-Q3,shared,NC,aviation_gasoline,130541.0,litres,2021-Quarter4-Magisterial-Districts-data.xlsx
ZAF,2021-Q3,shared,NC,diesel,93060088.079,litres,2021-Quarter4-Magisterial-Districts-data.xlsx
ZAF,2021-Q3,shared,NC,jet,1129481.7850000001,litres,2021-Quarter4-Magisterial-Districts-data.xlsx
ZAF,2021-Q3,shared,NC,lpg,19137.0,litres,2021-Quarter4-Magisterial-Districts-data.xlsx
ZAF,2021-Q3,shared,NC,paraffin,393154.0,litres,2021-Quarter4-Magisterial-Districts-data.xlsx
ZAF,2021-Q3,shared,NC,petrol,23388446.785,litres,2021-Quarter4-Magisterial-Districts-data.xlsx
ZAF,2021-Q3,shared,NW,diesel,128331308.91899998,litres,2021-Quarter4-Magisterial-Districts-data.xlsx
ZAF,2021-Q3,shared,NW,fuel_oil,350591.0,litres,2021-Quarter4-Magisterial-Districts-data.xlsx
ZAF,2021-Q3,shared,NW,lpg,10571512.064,litres,2021-Quarter4-Magisterial-Districts-data.xlsx
ZAF,2021-Q3,shared,NW,paraffin,812076.0,litres,2021-Quarter4-Magisterial-Districts-data.xlsx
ZAF,2021-Q3,shared,NW,petrol,111462542.357,litres,2021-Quarter4-Magisterial-Districts-data.xlsx
ZAF,2021-Q3,shared,WC,aviation_gasoline,81029.0,litres,2021-Quarter4-Magisterial-Districts-data.xlsx
ZAF,2021-Q3,shared,WC,diesel,538851764.733,litres,2021-Quarter4-Magisterial-Districts-data.xlsx
ZAF,2021-Q3,shared,WC,fuel_oil,6790314.0,litres,2021-Quarter4-Magisterial-Districts-data.xlsx
ZAF,2021-Q3,shared,WC,jet,31574914.773000002,litres,2021-Quarter4-Magisterial-Districts-data.xlsx
ZAF,2021-Q3,shared,WC,paraffin,26269479.946999997,litres,2021-Quarter4-Magisterial-Districts-data.xlsx
ZAF,2021-Q3,shared,WC,petrol,336772571.9869999,litres,2021-Quarter4-Magisterial-Districts-data.xlsx
ZAF,2021-Q4,shared,EC,aviation_gasoline,14711.0,litres,2021-Quarter4-Magisterial-Districts-data.xlsx
ZAF,2021-Q4,shared,EC,diesel,265539521.02700004,litres,2021-Quarter4-Magisterial-Districts-data.xlsx
ZAF,2021-Q4,shared,EC,fuel_oil,953317.847,litres,2021-Quarter4-Magisterial-Districts-data.xlsx
ZAF,2021-Q4,shared,EC,jet,91823720.86400001,litres,2021-Quarter4-Magisterial-Districts-data.xlsx
ZAF,2021-Q4,shared,EC,paraffin,25633685.36,litres,2021-Quarter4-Magisterial-Districts-data.xlsx
ZAF,2021-Q4,shared,EC,petrol,195998887.27699998,litres,2021-Quarter4-Magisterial-Districts-data.xlsx
ZAF,2021-Q4,shared,FS,aviation_gasoline,158832.674,litres,2021-Quarter4-Magisterial-Districts-data.xlsx
ZAF,2021-Q4,shared,FS,diesel,275554273.222,litres,2021-Quarter4-Magisterial-Districts-data.xlsx
ZAF,2021-Q4,shared,FS,fuel_oil,1203766.0,litres,2021-Quarter4-Magisterial-Districts-data.xlsx
ZAF,2021-Q4,shared,FS,jet,11901867.185,litres,2021-Quarter4-Magisterial-Districts-data.xlsx
ZAF,2021-Q4,shared,FS,lpg,1384536.88,litres,2021-Quarter4-Magisterial-Districts-data.xlsx
ZAF,2021-Q4,shared,FS,paraffin,23203455.384,litres,2021-Quarter4-Magisterial-Districts-data.xlsx
ZAF,2021-Q4,shared,FS,petrol,175665867.03100002,litres,2021-Quarter4-Magisterial-Districts-data.xlsx
ZAF,2021-Q4,shared,GP,aviation_gasoline,150247.147,litres,2021-Quarter4-Magisterial-Districts-data.xlsx
ZAF,2021-Q4,shared,GP,diesel,809852099.3809992,litres,2021-Quarter4-Magisterial-Districts-data.xlsx
ZAF,2021-Q4,shared,GP,fuel_oil,21695640.228,litres,2021-Quarter4-Magisterial-Districts-data.xlsx
ZAF,2021-Q4,shared,GP,jet,120685180.763999,litres,2021-Quarter4-Magisterial-Districts-data.xlsx
ZAF,2021-Q4,shared,GP,lpg,5877870.312000001,litres,2021-Quarter4-Magisterial-Districts-data.xlsx
ZAF,2021-Q4,shared,GP,paraffin,39883598.674,litres,2021-Quarter4-Magisterial-Districts-data.xlsx
ZAF,2021-Q4,shared,GP,petrol,902519026.271,litres,2021-Quarter4-Magisterial-Districts-data.xlsx
ZAF,2021-Q4,shared,KZN,aviation_gasoline,1083705.942,litres,2021-Quarter4-Magisterial-Districts-data.xlsx
ZAF,2021-Q4,shared,KZN,diesel,717576614.5080001,litres,2021-Quarter4-Magisterial-Districts-data.xlsx
ZAF,2021-Q4,shared,KZN,fuel_oil,56799067.149000004,litres,2021-Quarter4-Magisterial-Districts-data.xlsx
ZAF,2021-Q4,shared,KZN,jet,18128026.814999998,litres,2021-Quarter4-Magisterial-Districts-data.xlsx
ZAF,2021-Q4,shared,KZN,lpg,3618503.425,litres,2021-Quarter4-Magisterial-Districts-data.xlsx
ZAF,2021-Q4,shared,KZN,paraffin,119315289.845,litres,2021-Quarter4-Magisterial-Districts-data.xlsx
ZAF,2021-Q4,shared,KZN,petrol,409888683.26100004,litres,2021-Quarter4-Magisterial-Districts-data.xlsx
ZAF,2021-Q4,shared,LP,aviation_gasoline,89347.688,litres,2021-Quarter4-Magisterial-Districts-data.xlsx
ZAF,2021-Q4,shared,LP,diesel,52364207.919,litres,2021-Quarter4-Magisterial-Districts-data.xlsx
ZAF,2021-Q4,shared,LP,fuel_oil,2783809.0,litres,2021-Quarter4-Magisterial-Districts-data.xlsx
ZAF,2021-Q4,shared,LP,paraffin,218571.0,litres,2021-Quarter4-Magisterial-Districts-data.xlsx
ZAF,2021-Q4,shared,LP,petrol,71793621.25800002,litres,2021-Quarter4-Magisterial-Districts-data.xlsx
ZAF,2021-Q4,shared,MP,diesel,291969666.40900004,litres,2021-Quarter4-Magisterial-Districts-data.xlsx
ZAF,2021-Q4,shared,MP,fuel_oil,47825362.766,litres,2021-Quarter4-Magisterial-Districts-data.xlsx
ZAF,2021-Q4,shared,MP,lpg,48069789.14,litres,2021-Quarter4-Magisterial-Districts-data.xlsx
ZAF,2021-Q4,shared,MP,paraffin,70808534.028,litres,2021-Quarter4-Magisterial-Districts-data.xlsx
ZAF,2021-Q4,shared,MP,petrol,173603412.697,litres,2021-Quarter4-Magisterial-Districts-data.xlsx
ZAF,2021-Q4,shared,NC,aviation_gasoline,108187.0,litres,2021-Quarter4-Magisterial-Districts-data.xlsx
ZAF,2021-Q4,shared,NC,diesel,88004493.26300001,litres,2021-Quarter4-Magisterial-Districts-data.xlsx
ZAF,2021-Q4,shared,NC,jet,1100254.0,litres,2021-Quarter4-Magisterial-Districts-data.xlsx
ZAF,2021-Q4,shared,NC,lpg,98477.0,litres,2021-Quarter4-Magisterial-Districts-data.xlsx
ZAF,2021-Q4,shared,NC,paraffin,98958.0,litres,2021-Quarter4-Magisterial-Districts-data.xlsx
ZAF,2021-Q4,shared,NC,petrol,26483655.033999998,litres,2021-Quarter4-Magisterial-Districts-data.xlsx
ZAF,2021-Q4,shared,NW,diesel,144727887.92499998,litres,2021-Quarter4-Magisterial-Districts-data.xlsx
ZAF,2021-Q4,shared,NW,fuel_oil,493276.0,litres,2021-Quarter4-Magisterial-Districts-data.xlsx
ZAF,2021-Q4,shared,NW,lpg,14301687.186,litres,2021-Quarter4-Magisterial-Districts-data.xlsx
ZAF,2021-Q4,shared,NW,paraffin,984222.0,litres,2021-Quarter4-Magisterial-Districts-data.xlsx
ZAF,2021-Q4,shared,NW,petrol,119147630.64899999,litres,2021-Quarter4-Magisterial-Districts-data.xlsx
ZAF,2021-Q4,shared,WC,aviation_gasoline,95133.0,litres,2021-Quarter4-Magisterial-Districts-data.xlsx
ZAF,2021-Q4,shared,WC,diesel,703716397.8689988,litres,2021-Quarter4-Magisterial-Districts-data.xlsx
ZAF,2021-Q4,shared,WC,fuel_oil,11504335.0,litres,2021-Quarter4-Magisterial-Districts-data.xlsx
ZAF,2021-Q4,shared,WC,jet,64069909.70099999,litres,2021-Quarter4-Magisterial-Districts-data.xlsx
ZAF,2021-Q4,shared,WC,paraffin,17216538.902,litres,2021-Quarter4-Magisterial-Districts-data.xlsx
ZAF,2021-Q4,shared,WC,petrol,373785539.118,litres,2021-Quarter4-Magisterial-Districts-data.xlsx
ZAF,2022-Q1,shared,EC,aviation_gasoline,15405.0,litres,2022-Quarter4-Magisterial-Districts-data.xlsx
ZAF,2022-Q1,shared,EC,diesel,266845901.27499995,litres,2022-Quarter4-Magisterial-Districts-data.xlsx
ZAF,2022-Q1,shared,EC,fuel_oil,2742208.0,litres,2022-Quarter4-Magisterial-Districts-data.xlsx
ZAF,2022-Q1,shared,EC,jet,108993173.63800001,litres,2022-Quarter4-Magisterial-Districts-data.xlsx
ZAF,2022-Q1,shared,EC,paraffin,22555891.808000002,litres,2022-Quarter4-Magisterial-Districts-data.xlsx
ZAF,2022-Q1,shared,EC,petrol,181703948.47099993,litres,2022-Quarter4-Magisterial-Districts-data.xlsx
ZAF,2022-Q1,shared,FS,aviation_gasoline,122276.878,litres,2022-Quarter4-Magisterial-Districts-data.xlsx
ZAF,2022-Q1,shared,FS,diesel,226008795.20800003,litres,2022-Quarter4-Magisterial-Districts-data.xlsx
ZAF,2022-Q1,shared,FS,fuel_oil,3000989.0,litres,2022-Quarter4-Magisterial-Districts-data.xlsx
ZAF,2022-Q1,shared,FS,jet,10497574.258,litres,2022-Quarter4-Magisterial-Districts-data.xlsx
ZAF,2022-Q1,shared,FS,lpg,1521538.74,litres,2022-Quarter4-Magisterial-Districts-data.xlsx
ZAF,2022-Q1,shared,FS,paraffin,11364347.369,litres,2022-Quarter4-Magisterial-Districts-data.xlsx
ZAF,2022-Q1,shared,FS,petrol,147462505.394,litres,2022-Quarter4-Magisterial-Districts-data.xlsx
ZAF,2022-Q1,shared,GP,aviation_gasoline,81100.035,litres,2022-Quarter4-Magisterial-Districts-data.xlsx
ZAF,2022-Q1,shared,GP,diesel,812189197.8419982,litres,2022-Quarter4-Magisterial-Districts-data.xlsx
ZAF,2022-Q1,shared,GP,fuel_oil,25358017.034,litres,2022-Quarter4-Magisterial-Districts-data.xlsx
ZAF,2022-Q1,shared,GP,jet,131505772.44400002,litres,2022-Quarter4-Magisterial-Districts-data.xlsx
ZAF,2022-Q1,shared,GP,lpg,12968362.333,litres,2022-Quarter4-Magisterial-Districts-data.xlsx
ZAF,2022-Q1,shared,GP,paraffin,46162639.878,litres,2022-Quarter4-Magisterial-Districts-data.xlsx
ZAF,2022-Q1,shared,GP,petrol,886571380.6939988,litres,2022-Quarter4-Magisterial-Districts-data.xlsx
ZAF,2022-Q1,shared,KZN,aviation_gasoline,1009554.559,litres,2022-Quarter4-Magisterial-Districts-data.xlsx
ZAF,2022-Q1,shared,KZN,diesel,745435328.6340001,litres,2022-Quarter4-Magisterial-Districts-data.xlsx
ZAF,2022-Q1,shared,KZN,fuel_oil,57010560.327999994,litres,2022-Quarter4-Magisterial-Districts-data.xlsx
ZAF,2022-Q1,shared,KZN,jet,22784900.656,litres,2022-Quarter4-Magisterial-Districts-data.xlsx
ZAF,2022-Q1,shared,KZN,lpg,2237273.971,litres,2022-Quarter4-Magisterial-Districts-data.xlsx
ZAF,2022-Q1,shared,KZN,paraffin,134355472.53100002,litres,2022-Quarter4-Magisterial-Districts-data.xlsx
ZAF,2022-Q1,shared,KZN,petrol,390073776.00699997,litres,2022-Quarter4-Magisterial-Districts-data.xlsx
ZAF,2022-Q1,shared,LP,aviation_gasoline,68881.66399999999,litres,2022-Quarter4-Magisterial-Districts-data.xlsx
ZAF,2022-Q1,shared,LP,diesel,54462694.94200001,litres,2022-Quarter4-Magisterial-Districts-data.xlsx
ZAF,2022-Q1,shared,LP,fuel_oil,2561199.0,litres,2022-Quarter4-Magisterial-Districts-data.xlsx
ZAF,2022-Q1,shared,LP,paraffin,161346.0,litres,2022-Quarter4-Magisterial-Districts-data.xlsx
ZAF,2022-Q1,shared,LP,petrol,68974433.364,litres,2022-Quarter4-Magisterial-Districts-data.xlsx
ZAF,2022-Q1,shared,MP,diesel,305736834.906999,litres,2022-Quarter4-Magisterial-Districts-data.xlsx
ZAF,2022-Q1,shared,MP,fuel_oil,42733947.0,litres,2022-Quarter4-Magisterial-Districts-data.xlsx
ZAF,2022-Q1,shared,MP,lpg,60611668.480000004,litres,2022-Quarter4-Magisterial-Districts-data.xlsx
ZAF,2022-Q1,shared,MP,paraffin,70225922.124,litres,2022-Quarter4-Magisterial-Districts-data.xlsx
ZAF,2022-Q1,shared,MP,petrol,159348951.98900002,litres,2022-Quarter4-Magisterial-Districts-data.xlsx
ZAF,2022-Q1,shared,NC,aviation_gasoline,126367.0,litres,2022-Quarter4-Magisterial-Districts-data.xlsx
ZAF,2022-Q1,shared,NC,diesel,84341834.42,litres,2022-Quarter4-Magisterial-Districts-data.xlsx
ZAF,2022-Q1,shared,NC,jet,1128775.0,litres,2022-Quarter4-Magisterial-Districts-data.xlsx
ZAF,2022-Q1,shared,NC,lpg,571864.7,litres,2022-Quarter4-Magisterial-Districts-data.xlsx
ZAF,2022-Q1,shared,NC,paraffin,76490.0,litres,2022-Quarter4-Magisterial-Districts-data.xlsx
ZAF,2022-Q1,shared,NC,petrol,25138042.452,litres,2022-Quarter4-Magisterial-Districts-data.xlsx
ZAF,2022-Q1,shared,NW,diesel,165938502.77799997,litres,2022-Quarter4-Magisterial-Districts-data.xlsx
ZAF,2022-Q1,shared,NW,fuel_oil,455634.0,litres,2022-Quarter4-Magisterial-Districts-data.xlsx
ZAF,2022-Q1,shared,NW,lpg,13078875.641999999,litres,2022-Quarter4-Magisterial-Districts-data.xlsx
ZAF,2022-Q1,shared,NW,paraffin,665584.0,litres,2022-Quarter4-Magisterial-Districts-data.xlsx
ZAF,2022-Q1,shared,NW,petrol,114872663.97099999,litres,2022-Quarter4-Magisterial-Districts-data.xlsx
ZAF,2022-Q1,shared,WC,aviation_gasoline,71488.0,litres,2022-Quarter4-Magisterial-Districts-data.xlsx
ZAF,2022-Q1,shared,WC,diesel,570779660.4120001,litres,2022-Quarter4-Magisterial-Districts-data.xlsx
ZAF,2022-Q1,shared,WC,fuel_oil,12482264.0,litres,2022-Quarter4-Magisterial-Districts-data.xlsx
ZAF,2022-Q1,shared,WC,jet,73704970.931,litres,2022-Quarter4-Magisterial-Districts-data.xlsx
ZAF,2022-Q1,shared,WC,paraffin,19968251.443000004,litres,2022-Quarter4-Magisterial-Districts-data.xlsx
ZAF,2022-Q1,shared,WC,petrol,367718466.112998,litres,2022-Quarter4-Magisterial-Districts-data.xlsx
ZAF,2022-Q2,shared,EC,aviation_gasoline,38464.0,litres,2022-Quarter4-Magisterial-Districts-data.xlsx
ZAF,2022-Q2,shared,EC,diesel,250982902.23799992,litres,2022-Quarter4-Magisterial-Districts-data.xlsx
ZAF,2022-Q2,shared,EC,fuel_oil,4042367.0,litres,2022-Quarter4-Magisterial-Districts-data.xlsx
ZAF,2022-Q2,shared,EC,jet,77076336.69500001,litres,2022-Quarter4-Magisterial-Districts-data.xlsx
ZAF,2022-Q2,shared,EC,paraffin,26959122.056,litres,2022-Quarter4-Magisterial-Districts-data.xlsx
ZAF,2022-Q2,shared,EC,petrol,169712950.61400005,litres,2022-Quarter4-Magisterial-Districts-data.xlsx
ZAF,2022-Q2,shared,FS,aviation_gasoline,108191.772,litres,2022-Quarter4-Magisterial-Districts-data.xlsx
ZAF,2022-Q2,shared,FS,diesel,208502209.03499997,litres,2022-Quarter4-Magisterial-Districts-data.xlsx
ZAF,2022-Q2,shared,FS,fuel_oil,4356758.0,litres,2022-Quarter4-Magisterial-Districts-data.xlsx
ZAF,2022-Q2,shared,FS,jet,7370869.106,litres,2022-Quarter4-Magisterial-Districts-data.xlsx
ZAF,2022-Q2,shared,FS,lpg,1269963.54,litres,2022-Quarter4-Magisterial-Districts-data.xlsx
ZAF,2022-Q2,shared,FS,paraffin,13418045.446,litres,2022-Quarter4-Magisterial-Districts-data.xlsx
ZAF,2022-Q2,shared,FS,petrol,147009335.23099998,litres,2022-Quarter4-Magisterial-Districts-data.xlsx
ZAF,2022-Q2,shared,GP,aviation_gasoline,29916.388,litres,2022-Quarter4-Magisterial-Districts-data.xlsx
ZAF,2022-Q2,shared,GP,diesel,797676381.9370002,litres,2022-Quarter4-Magisterial-Districts-data.xlsx
ZAF,2022-Q2,shared,GP,fuel_oil,18720952.623,litres,2022-Quarter4-Magisterial-Districts-data.xlsx
ZAF,2022-Q2,shared,GP,jet,154432649.94500002,litres,2022-Quarter4-Magisterial-Districts-data.xlsx
ZAF,2022-Q2,shared,GP,lpg,8775269.92,litres,2022-Quarter4-Magisterial-Districts-data.xlsx
ZAF,2022-Q2,shared,GP,paraffin,40748028.557,litres,2022-Quarter4-Magisterial-Districts-data.xlsx
ZAF,2022-Q2,shared,GP,petrol,864890997.2299988,litres,2022-Quarter4-Magisterial-Districts-data.xlsx
ZAF,2022-Q2,shared,KZN,aviation_gasoline,640986.282,litres,2022-Quarter4-Magisterial-Districts-data.xlsx
ZAF,2022-Q2,shared,KZN,diesel,665559352.525,litres,2022-Quarter4-Magisterial-Districts-data.xlsx
ZAF,2022-Q2,shared,KZN,fuel_oil,61482105.064,litres,2022-Quarter4-Magisterial-Districts-data.xlsx
ZAF,2022-Q2,shared,KZN,jet,28270430.585,litres,2022-Quarter4-Magisterial-Districts-data.xlsx
ZAF,2022-Q2,shared,KZN,lpg,123325.053,litres,2022-Quarter4-Magisterial-Districts-data.xlsx
ZAF,2022-Q2,shared,KZN,paraffin,129354510.861,litres,2022-Quarter4-Magisterial-Districts-data.xlsx
ZAF,2022-Q2,shared,KZN,petrol,361139981.86800003,litres,2022-Quarter4-Magisterial-Districts-data.xlsx
ZAF,2022-Q2,shared,LP,aviation_gasoline,89778.36600000001,litres,2022-Quarter4-Magisterial-Districts-data.xlsx
ZAF,2022-Q2,shared,LP,diesel,51221248.760000005,litres,2022-Quarter4-Magisterial-Districts-data.xlsx
ZAF,2022-Q2,shared,LP,fuel_oil,4890889.0,litres,2022-Quarter4-Magisterial-Districts-data.xlsx
ZAF,2022-Q2,shared,LP,paraffin,160873.0,litres,2022-Quarter4-Magisterial-Districts-data.xlsx
ZAF,2022-Q2,shared,LP,petrol,65528878.29699999,litres,2022-Quarter4-Magisterial-Districts-data.xlsx
ZAF,2022-Q2,shared,MP,diesel,285664054.55499995,litres,2022-Quarter4-Magisterial-Districts-data.xlsx
ZAF,2022-Q2,shared,MP,fuel_oil,43958332.0,litres,2022-Quarter4-Magisterial-Districts-data.xlsx
ZAF,2022-Q2,shared,MP,lpg,71378085.368,litres,2022-Quarter4-Magisterial-Districts-data.xlsx
ZAF,2022-Q2,shared,MP,paraffin,62371526.916,litres,2022-Quarter4-Magisterial-Districts-data.xlsx
ZAF,2022-Q2,shared,MP,petrol,143324682.463999,litres,2022-Quarter4-Magisterial-Districts-data.xlsx
ZAF,2022-Q2,shared,NC,aviation_gasoline,133058.0,litres,2022-Quarter4-Magisterial-Districts-data.xlsx
ZAF,2022-Q2,shared,NC,diesel,87260951.17200004,litres,2022-Quarter4-Magisterial-Districts-data.xlsx
ZAF,2022-Q2,shared,NC,jet,1431083.54,litres,2022-Quarter4-Magisterial-Districts-data.xlsx
ZAF,2022-Q2,shared,NC,lpg,144545.5,litres,2022-Quarter4-Magisterial-Districts-data.xlsx
ZAF,2022-Q2,shared,NC,paraffin,63817.0,litres,2022-Quarter4-Magisterial-Districts-data.xlsx
ZAF,2022-Q2,shared,NC,petrol,24295626.594,litres,2022-Quarter4-Magisterial-Districts-data.xlsx
ZAF,2022-Q2,shared,NW,diesel,154924303.64200005,litres,2022-Quarter4-Magisterial-Districts-data.xlsx
ZAF,2022-Q2,shared,NW,fuel_oil,333390.0,litres,2022-Quarter4-Magisterial-Districts-data.xlsx
ZAF,2022-Q2,shared,NW,lpg,592113.646,litres,2022-Quarter4-Magisterial-Districts-data.xlsx
ZAF,2022-Q2,shared,NW,paraffin,956946.0,litres,2022-Quarter4-Magisterial-Districts-data.xlsx
ZAF,2022-Q2,shared,NW,petrol,111415053.282,litres,2022-Quarter4-Magisterial-Districts-data.xlsx
ZAF,2022-Q2,shared,WC,aviation_gasoline,196122.0,litres,2022-Quarter4-Magisterial-Districts-data.xlsx
ZAF,2022-Q2,shared,WC,diesel,631389018.1829997,litres,2022-Quarter4-Magisterial-Districts-data.xlsx
ZAF,2022-Q2,shared,WC,fuel_oil,6867288.0,litres,2022-Quarter4-Magisterial-Districts-data.xlsx
ZAF,2022-Q2,shared,WC,jet,68423298.237,litres,2022-Quarter4-Magisterial-Districts-data.xlsx
ZAF,2022-Q2,shared,WC,lpg,4469930.373,litres,2022-Quarter4-Magisterial-Districts-data.xlsx
ZAF,2022-Q2,shared,WC,paraffin,25648994.743,litres,2022-Quarter4-Magisterial-Districts-data.xlsx
ZAF,2022-Q2,shared,WC,petrol,348752345.806999,litres,2022-Quarter4-Magisterial-Districts-data.xlsx
ZAF,2022-Q3,shared,EC,aviation_gasoline,23731.0,litres,2022-Quarter4-Magisterial-Districts-data.xlsx
ZAF,2022-Q3,shared,EC,diesel,254807155.719,litres,2022-Quarter4-Magisterial-Districts-data.xlsx
ZAF,2022-Q3,shared,EC,fuel_oil,1308974.0,litres,2022-Quarter4-Magisterial-Districts-data.xlsx
ZAF,2022-Q3,shared,EC,jet,95987224.08600001,litres,2022-Quarter4-Magisterial-Districts-data.xlsx
ZAF,2022-Q3,shared,EC,paraffin,27103382.875,litres,2022-Quarter4-Magisterial-Districts-data.xlsx
ZAF,2022-Q3,shared,EC,petrol,166602097.96999902,litres,2022-Quarter4-Magisterial-Districts-data.xlsx
ZAF,2022-Q3,shared,FS,aviation_gasoline,102413.0,litres,2022-Quarter4-Magisterial-Districts-data.xlsx
ZAF,2022-Q3,shared,FS,diesel,167242668.72600004,litres,2022-Quarter4-Magisterial-Districts-data.xlsx
ZAF,2022-Q3,shared,FS,fuel_oil,1641084.0,litres,2022-Quarter4-Magisterial-Districts-data.xlsx
ZAF,2022-Q3,shared,FS,jet,6370623.0,litres,2022-Quarter4-Magisterial-Districts-data.xlsx
ZAF,2022-Q3,shared,FS,lpg,1568312.8,litres,2022-Quarter4-Magisterial-Districts-data.xlsx
ZAF,2022-Q3,shared,FS,paraffin,24961708.834000003,litres,2022-Quarter4-Magisterial-Districts-data.xlsx
ZAF,2022-Q3,shared,FS,petrol,132295589.10299999,litres,2022-Quarter4-Magisterial-Districts-data.xlsx
ZAF,2022-Q3,shared,GP,aviation_gasoline,34993.706,litres,2022-Quarter4-Magisterial-Districts-data.xlsx
ZAF,2022-Q3,shared,GP,diesel,844461689.8309999,litres,2022-Quarter4-Magisterial-Districts-data.xlsx
ZAF,2022-Q3,shared,GP,fuel_oil,17001269.517,litres,2022-Quarter4-Magisterial-Districts-data.xlsx
ZAF,2022-Q3,shared,GP,jet,174479599.397,litres,2022-Quarter4-Magisterial-Districts-data.xlsx
ZAF,2022-Q3,shared,GP,lpg,9677364.159999998,litres,2022-Quarter4-Magisterial-Districts-data.xlsx
ZAF,2022-Q3,shared,GP,paraffin,36904378.597,litres,2022-Quarter4-Magisterial-Districts-data.xlsx
ZAF,2022-Q3,shared,GP,petrol,878370646.170998,litres,2022-Quarter4-Magisterial-Districts-data.xlsx
ZAF,2022-Q3,shared,KZN,aviation_gasoline,404885.776,litres,2022-Quarter4-Magisterial-Districts-data.xlsx
ZAF,2022-Q3,shared,KZN,diesel,741484275.4550002,litres,2022-Quarter4-Magisterial-Districts-data.xlsx
ZAF,2022-Q3,shared,KZN,fuel_oil,59754140.609,litres,2022-Quarter4-Magisterial-Districts-data.xlsx
ZAF,2022-Q3,shared,KZN,jet,24019786.022,litres,2022-Quarter4-Magisterial-Districts-data.xlsx
ZAF,2022-Q3,shared,KZN,paraffin,139155404.893,litres,2022-Quarter4-Magisterial-Districts-data.xlsx
ZAF,2022-Q3,shared,KZN,petrol,362040627.62899905,litres,2022-Quarter4-Magisterial-Districts-data.xlsx
ZAF,2022-Q3,shared,LP,aviation_gasoline,121369.891,litres,2022-Quarter4-Magisterial-Districts-data.xlsx
ZAF,2022-Q3,shared,LP,diesel,54541449.60400001,litres,2022-Quarter4-Magisterial-Districts-data.xlsx
ZAF,2022-Q3,shared,LP,fuel_oil,3339533.0,litres,2022-Quarter4-Magisterial-Districts-data.xlsx
ZAF,2022-Q3,shared,LP,paraffin,119766.0,litres,2022-Quarter4-Magisterial-Districts-data.xlsx
ZAF,2022-Q3,shared,LP,petrol,65129121.287999004,litres,2022-Quarter4-Magisterial-Districts-data.xlsx
ZAF,2022-Q3,shared,MP,diesel,278363582.65799904,litres,2022-Quarter4-Magisterial-Districts-data.xlsx
ZAF,2022-Q3,shared,MP,fuel_oil,49836956.0,litres,2022-Quarter4-Magisterial-Districts-data.xlsx
ZAF,2022-Q3,shared,MP,lpg,57065693.519999996,litres,2022-Quarter4-Magisterial-Districts-data.xlsx
ZAF,2022-Q3,shared,MP,paraffin,46098173.102,litres,2022-Quarter4-Magisterial-Districts-data.xlsx
ZAF,2022-Q3,shared,MP,petrol,142875412.15899995,litres,2022-Quarter4-Magisterial-Districts-data.xlsx
ZAF,2022-Q3,shared,NC,aviation_gasoline,123115.0,litres,2022-Quarter4-Magisterial-Districts-data.xlsx
ZAF,2022-Q3,shared,NC,diesel,91390202.158,litres,2022-Quarter4-Magisterial-Districts-data.xlsx
ZAF,2022-Q3,shared,NC,jet,1347135.52,litres,2022-Quarter4-Magisterial-Districts-data.xlsx
ZAF,2022-Q3,shared,NC,lpg,152511.3,litres,2022-Quarter4-Magisterial-Districts-data.xlsx
ZAF,2022-Q3,shared,NC,paraffin,160634.0,litres,2022-Quarter4-Magisterial-Districts-data.xlsx
ZAF,2022-Q3,shared,NC,petrol,23963807.617,litres,2022-Quarter4-Magisterial-Districts-data.xlsx
ZAF,2022-Q3,shared,NW,diesel,151742735.77299997,litres,2022-Quarter4-Magisterial-Districts-data.xlsx
ZAF,2022-Q3,shared,NW,fuel_oil,375155.0,litres,2022-Quarter4-Magisterial-Districts-data.xlsx
ZAF,2022-Q3,shared,NW,lpg,261260.0,litres,2022-Quarter4-Magisterial-Districts-data.xlsx
ZAF,2022-Q3,shared,NW,paraffin,828184.0,litres,2022-Quarter4-Magisterial-Districts-data.xlsx
ZAF,2022-Q3,shared,NW,petrol,106723468.81300001,litres,2022-Quarter4-Magisterial-Districts-data.xlsx
ZAF,2022-Q3,shared,WC,aviation_gasoline,91610.0,litres,2022-Quarter4-Magisterial-Districts-data.xlsx
ZAF,2022-Q3,shared,WC,diesel,659787643.5769999,litres,2022-Quarter4-Magisterial-Districts-data.xlsx
ZAF,2022-Q3,shared,WC,fuel_oil,5416632.0,litres,2022-Quarter4-Magisterial-Districts-data.xlsx
ZAF,2022-Q3,shared,WC,jet,64741900.38600001,litres,2022-Quarter4-Magisterial-Districts-data.xlsx
ZAF,2022-Q3,shared,WC,paraffin,25460439.611,litres,2022-Quarter4-Magisterial-Districts-data.xlsx
ZAF,2022-Q3,shared,WC,petrol,337984874.9490001,litres,2022-Quarter4-Magisterial-Districts-data.xlsx
ZAF,2022-Q4,shared,EC,aviation_gasoline,21396.0,litres,2022-Quarter4-Magisterial-Districts-data.xlsx
ZAF,2022-Q4,shared,EC,diesel,259716223.48799998,litres,2022-Quarter4-Magisterial-Districts-data.xlsx
ZAF,2022-Q4,shared,EC,fuel_oil,1610351.0,litres,2022-Quarter4-Magisterial-Districts-data.xlsx
ZAF,2022-Q4,shared,EC,jet,82541021.383,litres,2022-Quarter4-Magisterial-Districts-data.xlsx
ZAF,2022-Q4,shared,EC,paraffin,24940163.0,litres,2022-Quarter4-Magisterial-Districts-data.xlsx
ZAF,2022-Q4,shared,EC,petrol,185113447.66199997,litres,2022-Quarter4-Magisterial-Districts-data.xlsx
ZAF,2022-Q4,shared,FS,aviation_gasoline,27363.0,litres,2022-Quarter4-Magisterial-Districts-data.xlsx
ZAF,2022-Q4,shared,FS,diesel,180107486.86200008,litres,2022-Quarter4-Magisterial-Districts-data.xlsx
ZAF,2022-Q4,shared,FS,fuel_oil,1128508.0,litres,2022-Quarter4-Magisterial-Districts-data.xlsx
ZAF,2022-Q4,shared,FS,jet,8186197.960999999,litres,2022-Quarter4-Magisterial-Districts-data.xlsx
ZAF,2022-Q4,shared,FS,lpg,1478398.1600000001,litres,2022-Quarter4-Magisterial-Districts-data.xlsx
ZAF,2022-Q4,shared,FS,paraffin,16361003.0,litres,2022-Quarter4-Magisterial-Districts-data.xlsx
ZAF,2022-Q4,shared,FS,petrol,160690578.45400003,litres,2022-Quarter4-Magisterial-Districts-data.xlsx
ZAF,2022-Q4,shared,GP,aviation_gasoline,78410.0,litres,2022-Quarter4-Magisterial-Districts-data.xlsx
ZAF,2022-Q4,shared,GP,diesel,824663232.3520001,litres,2022-Quarter4-Magisterial-Districts-data.xlsx
ZAF,2022-Q4,shared,GP,fuel_oil,13014878.952,litres,2022-Quarter4-Magisterial-Districts-data.xlsx
ZAF,2022-Q4,shared,GP,jet,222836435.128,litres,2022-Quarter4-Magisterial-Districts-data.xlsx
ZAF,2022-Q4,shared,GP,lpg,10657048.48,litres,2022-Quarter4-Magisterial-Districts-data.xlsx
ZAF,2022-Q4,shared,GP,paraffin,28969726.0,litres,2022-Quarter4-Magisterial-Districts-data.xlsx
ZAF,2022-Q4,shared,GP,petrol,900607232.8390001,litres,2022-Quarter4-Magisterial-Districts-data.xlsx
ZAF,2022-Q4,shared,KZN,aviation_gasoline,568632.0,litres,2022-Quarter4-Magisterial-Districts-data.xlsx
ZAF,2022-Q4,shared,KZN,diesel,633075845.8890002,litres,2022-Quarter4-Magisterial-Districts-data.xlsx
ZAF,2022-Q4,shared,KZN,fuel_oil,79672066.83500001,litres,2022-Quarter4-Magisterial-Districts-data.xlsx
ZAF,2022-Q4,shared,KZN,jet,27899600.557,litres,2022-Quarter4-Magisterial-Districts-data.xlsx
ZAF,2022-Q4,shared,KZN,paraffin,110280537.0,litres,2022-Quarter4-Magisterial-Districts-data.xlsx
ZAF,2022-Q4,shared,KZN,petrol,385683507.891,litres,2022-Quarter4-Magisterial-Districts-data.xlsx
ZAF,2022-Q4,shared,LP,aviation_gasoline,130236.0,litres,2022-Quarter4-Magisterial-Districts-data.xlsx
ZAF,2022-Q4,shared,LP,diesel,61762046.941999994,litres,2022-Quarter4-Magisterial-Districts-data.xlsx
ZAF,2022-Q4,shared,LP,fuel_oil,2998873.0,litres,2022-Quarter4-Magisterial-Districts-data.xlsx
ZAF,2022-Q4,shared,LP,paraffin,140747.0,litres,2022-Quarter4-Magisterial-Districts-data.xlsx
ZAF,2022-Q4,shared,LP,petrol,74011612.097,litres,2022-Quarter4-Magisterial-Districts-data.xlsx
ZAF,2022-Q4,shared,MP,diesel,275159603.744999,litres,2022-Quarter4-Magisterial-Districts-data.xlsx
ZAF,2022-Q4,shared,MP,fuel_oil,50345266.0,litres,2022-Quarter4-Magisterial-Districts-data.xlsx
ZAF,2022-Q4,shared,MP,lpg,64021061.68000001,litres,2022-Quarter4-Magisterial-Districts-data.xlsx
ZAF,2022-Q4,shared,MP,paraffin,63023767.0,litres,2022-Quarter4-Magisterial-Districts-data.xlsx
ZAF,2022-Q4,shared,MP,petrol,166716599.467,litres,2022-Quarter4-Magisterial-Districts-data.xlsx
ZAF,2022-Q4,shared,NC,aviation_gasoline,103100.0,litres,2022-Quarter4-Magisterial-Districts-data.xlsx
ZAF,2022-Q4,shared,NC,diesel,88987132.16,litres,2022-Quarter4-Magisterial-Districts-data.xlsx
ZAF,2022-Q4,shared,NC,jet,1628880.28,litres,2022-Quarter4-Magisterial-Districts-data.xlsx
ZAF,2022-Q4,shared,NC,lpg,125148.9,litres,2022-Quarter4-Magisterial-Districts-data.xlsx
ZAF,2022-Q4,shared,NC,paraffin,138450.0,litres,2022-Quarter4-Magisterial-Districts-data.xlsx
ZAF,2022-Q4,shared,NC,petrol,26432452.349999998,litres,2022-Quarter4-Magisterial-Districts-data.xlsx
ZAF,2022-Q4,shared,NW,diesel,147300946.72,litres,2022-Quarter4-Magisterial-Districts-data.xlsx
ZAF,2022-Q4,shared,NW,fuel_oil,466835.0,litres,2022-Quarter4-Magisterial-Districts-data.xlsx
ZAF,2022-Q4,shared,NW,lpg,639720.0,litres,2022-Quarter4-Magisterial-Districts-data.xlsx
ZAF,2022-Q4,shared,NW,paraffin,953174.0,litres,2022-Quarter4-Magisterial-Districts-data.xlsx
ZAF,2022-Q4,shared,NW,petrol,115145046.05799997,litres,2022-Quarter4-Magisterial-Districts-data.xlsx
ZAF,2022-Q4,shared,WC,aviation_gasoline,133586.0,litres,2022-Quarter4-Magisterial-Districts-data.xlsx
ZAF,2022-Q4,shared,WC,diesel,637813224.895,litres,2022-Quarter4-Magisterial-Districts-data.xlsx
ZAF,2022-Q4,shared,WC,fuel_oil,15132742.0,litres,2022-Quarter4-Magisterial-Districts-data.xlsx
ZAF,2022-Q4,shared,WC,jet,82491613.84799999,litres,2022-Quarter4-Magisterial-Districts-data.xlsx
ZAF,2022-Q4,shared,WC,paraffin,27082182.86,litres,2022-Quarter4-Magisterial-Districts-data.xlsx
ZAF,2022-Q4,shared,WC,petrol,376549773.214,litres,2022-Quarter4-Magisterial-Districts-data.xlsx
ZAF,2023-Q1,shared,EC,aviation_gasoline,13340.0,litres,2023-Quarter1-Magisterial-Districts-data.xlsx
ZAF,2023-Q1,shared,EC,diesel,249209894.87100008,litres,2023-Quarter1-Magisterial-Districts-data.xlsx
ZAF,2023-Q1,shared,EC,fuel_oil,692336.0,litres,2023-Quarter1-Magisterial-Districts-data.xlsx
ZAF,2023-Q1,shared,EC,jet,96834952.661,litres,2023-Quarter1-Magisterial-Districts-data.xlsx
ZAF,2023-Q1,shared,EC,paraffin,33304540.0,litres,2023-Quarter1-Magisterial-Districts-data.xlsx
ZAF,2023-Q1,shared,EC,petrol,169983418.41600004,litres,2023-Quarter1-Magisterial-Districts-data.xlsx
ZAF,2023-Q1,shared,FS,aviation_gasoline,211549.0,litres,2023-Quarter1-Magisterial-Districts-data.xlsx
ZAF,2023-Q1,shared,FS,diesel,171380981.426,litres,2023-Quarter1-Magisterial-Districts-data.xlsx
ZAF,2023-Q1,shared,FS,fuel_oil,1211007.0,litres,2023-Quarter1-Magisterial-Districts-data.xlsx
ZAF,2023-Q1,shared,FS,jet,8391708.94,litres,2023-Quarter1-Magisterial-Districts-data.xlsx
ZAF,2023-Q1,shared,FS,lpg,3277467.96,litres,2023-Quarter1-Magisterial-Districts-data.xlsx
ZAF,2023-Q1,shared,FS,paraffin,19832869.0,litres,2023-Quarter1-Magisterial-Districts-data.xlsx
ZAF,2023-Q1,shared,FS,petrol,134248089.129,litres,2023-Quarter1-Magisterial-Districts-data.xlsx
ZAF,2023-Q1,shared,GP,aviation_gasoline,21667.0,litres,2023-Quarter1-Magisterial-Districts-data.xlsx
ZAF,2023-Q1,shared,GP,diesel,819754786.399999,litres,2023-Quarter1-Magisterial-Districts-data.xlsx
ZAF,2023-Q1,shared,GP,fuel_oil,16106388.566,litres,2023-Quarter1-Magisterial-Districts-data.xlsx
ZAF,2023-Q1,shared,GP,jet,223488348.489,litres,2023-Quarter1-Magisterial-Districts-data.xlsx
ZAF,2023-Q1,shared,GP,lpg,6085037.82,litres,2023-Quarter1-Magisterial-Districts-data.xlsx
ZAF,2023-Q1,shared,GP,paraffin,37969108.0,litres,2023-Quarter1-Magisterial-Districts-data.xlsx
ZAF,2023-Q1,shared,GP,petrol,866542928.499998,litres,2023-Quarter1-Magisterial-Districts-data.xlsx
ZAF,2023-Q1,shared,KZN,aviation_gasoline,982730.0,litres,2023-Quarter1-Magisterial-Districts-data.xlsx
ZAF,2023-Q1,shared,KZN,diesel,599623534.0870004,litres,2023-Quarter1-Magisterial-Districts-data.xlsx
ZAF,2023-Q1,shared,KZN,fuel_oil,81125343.618,litres,2023-Quarter1-Magisterial-Districts-data.xlsx
ZAF,2023-Q1,shared,KZN,jet,28456518.105,litres,2023-Quarter1-Magisterial-Districts-data.xlsx
ZAF,2023-Q1,shared,KZN,lpg,14140.0,litres,2023-Quarter1-Magisterial-Districts-data.xlsx
ZAF,2023-Q1,shared,KZN,paraffin,143192720.0,litres,2023-Quarter1-Magisterial-Districts-data.xlsx
ZAF,2023-Q1,shared,KZN,petrol,365049711.6949989,litres,2023-Quarter1-Magisterial-Districts-data.xlsx
ZAF,2023-Q1,shared,LP,aviation_gasoline,82684.0,litres,2023-Quarter1-Magisterial-Districts-data.xlsx
ZAF,2023-Q1,shared,LP,diesel,59657977.532,litres,2023-Quarter1-Magisterial-Districts-data.xlsx
ZAF,2023-Q1,shared,LP,fuel_oil,5089991.0,litres,2023-Quarter1-Magisterial-Districts-data.xlsx
ZAF,2023-Q1,shared,LP,paraffin,201523.0,litres,2023-Quarter1-Magisterial-Districts-data.xlsx
ZAF,2023-Q1,shared,LP,petrol,68092020.677,litres,2023-Quarter1-Magisterial-Districts-data.xlsx
ZAF,2023-Q1,shared,MP,diesel,289109705.7700001,litres,2023-Quarter1-Magisterial-Districts-data.xlsx
ZAF,2023-Q1,shared,MP,fuel_oil,42475413.0,litres,2023-Quarter1-Magisterial-Districts-data.xlsx
ZAF,2023-Q1,shared,MP,lpg,64126559.36,litres,2023-Quarter1-Magisterial-Districts-data.xlsx
ZAF,2023-Q1,shared,MP,paraffin,51294213.0,litres,2023-Quarter1-Magisterial-Districts-data.xlsx
ZAF,2023-Q1,shared,MP,petrol,159667027.414,litres,2023-Quarter1-Magisterial-Districts-data.xlsx
ZAF,2023-Q1,shared,NC,aviation_gasoline,106150.0,litres,2023-Quarter1-Magisterial-Districts-data.xlsx
ZAF,2023-Q1,shared,NC,diesel,88678141.13899998,litres,2023-Quarter1-Magisterial-Districts-data.xlsx
ZAF,2023-Q1,shared,NC,jet,1981060.0,litres,2023-Quarter1-Magisterial-Districts-data.xlsx
ZAF,2023-Q1,shared,NC,lpg,15715.0,litres,2023-Quarter1-Magisterial-Districts-data.xlsx
ZAF,2023-Q1,shared,NC,paraffin,150837.0,litres,2023-Quarter1-Magisterial-Districts-data.xlsx
ZAF,2023-Q1,shared,NC,petrol,24616719.419999998,litres,2023-Quarter1-Magisterial-Districts-data.xlsx
ZAF,2023-Q1,shared,NW,diesel,139123552.48499998,litres,2023-Quarter1-Magisterial-Districts-data.xlsx
ZAF,2023-Q1,shared,NW,fuel_oil,385943.0,litres,2023-Quarter1-Magisterial-Districts-data.xlsx
ZAF,2023-Q1,shared,NW,lpg,611224.0,litres,2023-Quarter1-Magisterial-Districts-data.xlsx
ZAF,2023-Q1,shared,NW,paraffin,1856176.0,litres,2023-Quarter1-Magisterial-Districts-data.xlsx
ZAF,2023-Q1,shared,NW,petrol,107872808.11099997,litres,2023-Quarter1-Magisterial-Districts-data.xlsx
ZAF,2023-Q1,shared,WC,aviation_gasoline,65784.0,litres,2023-Quarter1-Magisterial-Districts-data.xlsx
ZAF,2023-Q1,shared,WC,diesel,741744138.472,litres,2023-Quarter1-Magisterial-Districts-data.xlsx
ZAF,2023-Q1,shared,WC,fuel_oil,12023715.343,litres,2023-Quarter1-Magisterial-Districts-data.xlsx
ZAF,2023-Q1,shared,WC,jet,105026708.919,litres,2023-Quarter1-Magisterial-Districts-data.xlsx
ZAF,2023-Q1,shared,WC,lpg,1090920.0,litres,2023-Quarter1-Magisterial-Districts-data.xlsx
ZAF,2023-Q1,shared,WC,paraffin,31216264.335,litres,2023-Quarter1-Magisterial-Districts-data.xlsx
ZAF,2023-Q1,shared,WC,petrol,366983397.196,litres,2023-Quarter1-Magisterial-Districts-data.xlsx
