country,period,scenario,province,series,value,unit,source_file
ZAF,2013,shared,WC,primary_industries,20644992814.87591,"rand, constant 2015 prices",P0441.2  Provincial Gross Domestic Product(2024).zip
ZAF,2014,shared,WC,primary_industries,22981422564.48624,"rand, constant 2015 prices",P0441.2  Provincial Gross Domestic Product(2024).zip
ZAF,2015,shared,WC,primary_industries,22785691161.5935,"rand, constant 2015 prices",P0441.2  Provincial Gross Domestic Product(2024).zip
ZAF,2016,shared,WC,primary_industries,22361164200.358315,"rand, constant 2015 prices",P0441.2  Provincial Gross Domestic Product(2024).zip
ZAF,2017,shared,WC,primary_industries,24179855348.11706,"rand, constant 2015 prices",P0441.2  Provincial Gross Domestic Product(2024).zip
ZAF,2018,shared,WC,primary_industries,23789143321.412346,"rand, constant 2015 prices",P0441.2  Provincial Gross Domestic Product(2024).zip
ZAF,2019,shared,WC,primary_industries,21855207074.457016,"rand, constant 2015 prices",P0441.2  Provincial Gross Domestic Product(2024).zip
ZAF,2020,shared,WC,primary_industries,25964335632.895435,"rand, constant 2015 prices",P0441.2  Provincial Gross Domestic Product(2024).zip
ZAF,2021,shared,WC,primary_industries,27034920522.4368,"rand, constant 2015 prices",P0441.2  Provincial Gross Domestic Product(2024).zip
ZAF,2022,shared,WC,primary_industries,27885759141.327816,"rand, constant 2015 prices",P0441.2  Provincial Gross Domestic Product(2024).zip
ZAF,2023,shared,WC,primary_industries,26668725454.212563,"rand, constant 2015 prices",P0441.2  Provincial Gross Domestic Product(2024).zip
ZAF,2024,shared,WC,primary_industries,23949497669.721024,"rand, constant 2015 prices",P0441.2  Provincial Gross Domestic Product(2024).zip
ZAF,2013,shared,WC,agriculture_forestry_and_fishing,19561170026.206776,"rand, constant 2015 prices",P0441.2  Provincial Gross Domestic Product(2024).zip
ZAF,2014,shared,WC,agriculture_forestry_and_fishing,21821934206.375687,"rand, constant 2015 prices",P0441.2  Provincial Gross Domestic Product(2024).zip
ZAF,2015,shared,WC,agriculture_forestry_and_fishing,21618336145.186935,"rand, constant 2015 prices",P0441.2  Provincial Gross Domestic Product(2024).zip
ZAF,2016,shared,WC,agriculture_forestry_and_fishing,21188584928.261757,"rand, constant 2015 prices",P0441.2  Provincial Gross Domestic Product(2024).zip
ZAF,2017,shared,WC,agriculture_forestry_and_fishing,23004896236.92014,"rand, constant 2015 prices",P0441.2  Provincial Gross Domestic Product(2024).zip
ZAF,2018,shared,WC,agriculture_forestry_and_fishing,22626522537.010853,"rand, constant 2015 prices",P0441.2  Provincial Gross Domestic Product(2024).zip
ZAF,2019,shared,WC,agriculture_forestry_and_fishing,20697967243.48716,"rand, constant 2015 prices",P0441.2  Provincial Gross Domestic Product(2024).zip
ZAF,2020,shared,WC,agriculture_forestry_and_fishing,24993472553.48356,"rand, constant 2015 prices",P0441.2  Provincial Gross Domestic Product(2024).zip
ZAF,2021,shared,WC,agriculture_forestry_and_fishing,25937072353.255848,"rand, constant 2015 prices",P0441.2  Provincial Gross Domestic Product(2024).zip
ZAF,2022,shared,WC,agriculture_forestry_and_fishing,26941455337.00417,"rand, constant 2015 prices",P0441.2  Provincial Gross Domestic Product(2024).zip
ZAF,2023,shared,WC,agriculture_forestry_and_fishing,25743279822.726704,"rand, constant 2015 prices",P0441.2  Provincial Gross Domestic Product(2024).zip
ZAF,2024,shared,WC,agriculture_forestry_and_fishing,23047296710.4352,"rand, constant 2015 prices",P0441.2  Provincial Gross Domestic Product(2024).zip
ZAF,2013,shared,WC,mining_and_quarrying,1083822788.6691394,"rand, constant 2015 prices",P0441.2  Provincial Gross Domestic Product(2024).zip
ZAF,2014,shared,WC,mining_and_quarrying,1159488358.110556,"rand, constant 2015 prices",P0441.2  Provincial Gross Domestic Product(2024).zip
ZAF,2015,shared,WC,mining_and_quarrying,1167355016.4065638,"rand, constant 2015 prices",P0441.2  Provincial Gross Domestic Product(2024).zip
ZAF,2016,shared,WC,mining_and_quarrying,1172579272.0965574,"rand, constant 2015 prices",P0441.2  Provincial Gross Domestic Product(2024).zip
ZAF,2017,shared,WC,mining_and_quarrying,1174959111.1969204,"rand, constant 2015 prices",P0441.2  Provincial Gross Domestic Product(2024).zip
ZAF,2018,shared,WC,mining_and_quarrying,1162620784.4014916,"rand, constant 2015 prices",P0441.2  Provincial Gross Domestic Product(2024).zip
ZAF,2019,shared,WC,mining_and_quarrying,1157239830.969853,"rand, constant 2015 prices",P0441.2  Provincial Gross Domestic Product(2024).zip
ZAF,2020,shared,WC,mining_and_quarrying,970863079.4118762,"rand, constant 2015 prices",P0441.2  Provincial Gross Domestic Product(2024).zip
ZAF,2021,shared,WC,mining_and_quarrying,1097848169.180952,"rand, constant 2015 prices",P0441.2  Provincial Gross Domestic Product(2024).zip
ZAF,2022,shared,WC,mining_and_quarrying,944303804.3236483,"rand, constant 2015 prices",P0441.2  Provincial Gross Domestic Product(2024).zip
ZAF,2023,shared,WC,mining_and_quarrying,925445631.4858589,"rand, constant 2015 prices",P0441.2  Provincial Gross Domestic Product(2024).zip
ZAF,2024,shared,WC,mining_and_quarrying,902200959.2858249,"rand, constant 2015 prices",P0441.2  Provincial Gross Domestic Product(2024).zip
ZAF,2013,shared,WC,secondary_industries,129887551086.64615,"rand, constant 2015 prices",P0441.2  Provincial Gross Domestic Product(2024).zip
ZAF,2014,shared,WC,secondary_industries,129820725259.41753,"rand, constant 2015 prices",P0441.2  Provincial Gross Domestic Product(2024).zip
ZAF,2015,shared,WC,secondary_industries,129595489370.4626,"rand, constant 2015 prices",P0441.2  Provincial Gross Domestic Product(2024).zip
ZAF,2016,shared,WC,secondary_industries,130090056576.27742,"rand, constant 2015 prices",P0441.2  Provincial Gross Domestic Product(2024).zip
ZAF,2017,shared,WC,secondary_industries,128346663459.5797,"rand, constant 2015 prices",P0441.2  Provincial Gross Domestic Product(2024).zip
ZAF,2018,shared,WC,secondary_industries,128844182702.30345,"rand, constant 2015 prices",P0441.2  Provincial Gross Domestic Product(2024).zip
ZAF,2019,shared,WC,secondary_industries,127119980402.31512,"rand, constant 2015 prices",P0441.2  Provincial Gross Domestic Product(2024).zip
ZAF,2020,shared,WC,secondary_industries,111783495043.29802,"rand, constant 2015 prices",P0441.2  Provincial Gross Domestic Product(2024).zip
ZAF,2021,shared,WC,secondary_industries,119502607391.46849,"rand, constant 2015 prices",P0441.2  Provincial Gross Domestic Product(2024).zip
ZAF,2022,shared,WC,secondary_industries,118680916693.54323,"rand, constant 2015 prices",P0441.2  Provincial Gross Domestic Product(2024).zip
ZAF,2023,shared,WC,secondary_industries,118936950487.60104,"rand, constant 2015 prices",P0441.2  Provincial Gross Domestic Product(2024).zip
ZAF,2024,shared,WC,secondary_industries,118307314396.36127,"rand, constant 2015 prices",P0441.2  Provincial Gross Domestic Product(2024).zip
ZAF,2013,shared,WC,manufacturing,85603285199.89539,"rand, constant 2015 prices",P0441.2  Provincial Gross Domestic Product(2024).zip
ZAF,2014,shared,WC,manufacturing,85215544147.28741,"rand, constant 2015 prices",P0441.2  Provincial Gross Domestic Product(2024).zip
ZAF,2015,shared,WC,manufacturing,85147138600.764,"rand, constant 2015 prices",P0441.2  Provincial Gross Domestic Product(2024).zip
ZAF,2016,shared,WC,manufacturing,85573731654.63956,"rand, constant 2015 prices",P0441.2  Provincial Gross Domestic Product(2024).zip
ZAF,2017,shared,WC,manufacturing,85512822509.94633,"rand, constant 2015 prices",P0441.2  Provincial Gross Domestic Product(2024).zip
ZAF,2018,shared,WC,manufacturing,86471775441.16718,"rand, constant 2015 prices",P0441.2  Provincial Gross Domestic Product(2024).zip
ZAF,2019,shared,WC,manufacturing,86136561637.57149,"rand, constant 2015 prices",P0441.2  Provincial Gross Domestic Product(2024).zip
ZAF,2020,shared,WC,manufacturing,76835988702.22559,"rand, constant 2015 prices",P0441.2  Provincial Gross Domestic Product(2024).zip
ZAF,2021,shared,WC,manufacturing,84824018612.02705,"rand, constant 2015 prices",P0441.2  Provincial Gross Domestic Product(2024).zip
ZAF,2022,shared,WC,manufacturing,84636174482.53069,"rand, constant 2015 prices",P0441.2  Provincial Gross Domestic Product(2024).zip
ZAF,2023,shared,WC,manufacturing,85229799705.83348,"rand, constant 2015 prices",P0441.2  Provincial Gross Domestic Product(2024).zip
ZAF,2024,shared,WC,manufacturing,85446365493.51505,"rand, constant 2015 prices",P0441.2  Provincial Gross Domestic Product(2024).zip
ZAF,2013,shared,WC,electricity_and_water,14123668989.865698,"rand, constant 2015 prices",P0441.2  Provincial Gross Domestic Product(2024).zip
ZAF,2014,shared,WC,electricity_and_water,13950999552.556963,"rand, constant 2015 prices",P0441.2  Provincial Gross Domestic Product(2024).zip
ZAF,2015,shared,WC,electricity_and_water,13372571742.198582,"rand, constant 2015 prices",P0441.2  Provincial Gross Domestic Product(2024).zip
ZAF,2016,shared,WC,electricity_and_water,12865715426.371891,"rand, constant 2015 prices",P0441.2  Provincial Gross Domestic Product(2024).zip
ZAF,2017,shared,WC,electricity_and_water,12975961120.685987,"rand, constant 2015 prices",P0441.2  Provincial Gross Domestic Product(2024).zip
ZAF,2018,shared,WC,electricity_and_water,13092056718.756552,"rand, constant 2015 prices",P0441.2  Provincial Gross Domestic Product(2024).zip
ZAF,2019,shared,WC,electricity_and_water,12738122210.09671,"rand, constant 2015 prices",P0441.2  Provincial Gross Domestic Product(2024).zip
ZAF,2020,shared,WC,electricity_and_water,11822611661.667524,"rand, constant 2015 prices",P0441.2  Provincial Gross Domestic Product(2024).zip
ZAF,2021,shared,WC,electricity_and_water,12035581087.430788,"rand, constant 2015 prices",P0441.2  Provincial Gross Domestic Product(2024).zip
ZAF,2022,shared,WC,electricity_and_water,11739564404.195574,"rand, constant 2015 prices",P0441.2  Provincial Gross Domestic Product(2024).zip
ZAF,2023,shared,WC,electricity_and_water,11335185808.578943,"rand, constant 2015 prices",P0441.2  Provincial Gross Domestic Product(2024).zip
ZAF,2024,shared,WC,electricity_and_water,11935393968.124212,"rand, constant 2015 prices",P0441.2  Provincial Gross Domestic Product(2024).zip
ZAF,2013,shared,WC,construction,30160596896.885086,"rand, constant 2015 prices",P0441.2  Provincial Gross Domestic Product(2024).zip
ZAF,2014,shared,WC,construction,30654181559.573154,"rand, constant 2015 prices",P0441.2  Provincial Gross Domestic Product(2024).zip
ZAF,2015,shared,WC,construction,31075779027.500023,"rand, constant 2015 prices",P0441.2  Provincial Gross Domestic Product(2024).zip
ZAF,2016,shared,WC,construction,31650609495.265957,"rand, constant 2015 prices",P0441.2  Provincial Gross Domestic Product(2024).zip
ZAF,2017,shared,WC,construction,29857879828.947372,"rand, constant 2015 prices",P0441.2  Provincial Gross Domestic Product(2024).zip
ZAF,2018,shared,WC,construction,29280350542.379734,"rand, constant 2015 prices",P0441.2  Provincial Gross Domestic Product(2024).zip
ZAF,2019,shared,WC,construction,28245296554.64691,"rand, constant 2015 prices",P0441.2  Provincial Gross Domestic Product(2024).zip
ZAF,2020,shared,WC,construction,23124894679.40491,"rand, constant 2015 prices",P0441.2  Provincial Gross Domestic Product(2024).zip
ZAF,2021,shared,WC,construction,22643007692.01065,"rand, constant 2015 prices",P0441.2  Provincial Gross Domestic Product(2024).zip
ZAF,2022,shared,WC,construction,22305177806.816967,"rand, constant 2015 prices",P0441.2  Provincial Gross Domestic Product(2024).zip
ZAF,2023,shared,WC,construction,22371964973.18861,"rand, constant 2015 prices",P0441.2  Provincial Gross Domestic Product(2024).zip
ZAF,2024,shared,WC,construction,20925554934.72203,"rand, constant 2015 prices",P0441.2  Provincial Gross Domestic Product(2024).zip
ZAF,2013,shared,WC,tertiary_industries,394022161900.0958,"rand, constant 2015 prices",P0441.2  Provincial Gross Domestic Product(2024).zip
ZAF,2014,shared,WC,tertiary_industries,401860483026.4733,"rand, constant 2015 prices",P0441.2  Provincial Gross Domestic Product(2024).zip
ZAF,2015,shared,WC,tertiary_industries,409130804995.9554,"rand, constant 2015 prices",P0441.2  Provincial Gross Domestic Product(2024).zip
ZAF,2016,shared,WC,tertiary_industries,416271712907.4944,"rand, constant 2015 prices",P0441.2  Provincial Gross Domestic Product(2024).zip
ZAF,2017,shared,WC,tertiary_industries,421045187716.36804,"rand, constant 2015 prices",P0441.2  Provincial Gross Domestic Product(2024).zip
ZAF,2018,shared,WC,tertiary_industries,431195948326.02014,"rand, constant 2015 prices",P0441.2  Provincial Gross Domestic Product(2024).zip
ZAF,2019,shared,WC,tertiary_industries,436757132124.51324,"rand, constant 2015 prices",P0441.2  Provincial Gross Domestic Product(2024).zip
ZAF,2020,shared,WC,tertiary_industries,415512003416.8143,"rand, constant 2015 prices",P0441.2  Provincial Gross Domestic Product(2024).zip
ZAF,2021,shared,WC,tertiary_industries,429986169986.3203,"rand, constant 2015 prices",P0441.2  Provincial Gross Domestic Product(2024).zip
ZAF,2022,shared,WC,tertiary_industries,448002325802.03076,"rand, constant 2015 prices",P0441.2  Provincial Gross Domestic Product(2024).zip
ZAF,2023,shared,WC,tertiary_industries,453582489297.99915,"rand, constant 2015 prices",P0441.2  Provincial Gross Domestic Product(2024).zip
ZAF,2024,shared,WC,tertiary_industries,461298741285.23083,"rand, constant 2015 prices",P0441.2  Provincial Gross Domestic Product(2024).zip
ZAF,2013,shared,WC,wholesale_retail_trade_hotels_restaurants,81394693146.32585,"rand, constant 2015 prices",P0441.2  Provincial Gross Domestic Product(2024).zip
ZAF,2014,shared,WC,wholesale_retail_trade_hotels_restaurants,82542992221.23967,"rand, constant 2015 prices",P0441.2  Provincial Gross Domestic Product(2024).zip
ZAF,2015,shared,WC,wholesale_retail_trade_hotels_restaurants,83765691862.64494,"rand, constant 2015 prices",P0441.2  Provincial Gross Domestic Product(2024).zip
ZAF,2016,shared,WC,wholesale_retail_trade_hotels_restaurants,85433128622.60728,"rand, constant 2015 prices",P0441.2  Provincial Gross Domestic Product(2024).zip
ZAF,2017,shared,WC,wholesale_retail_trade_hotels_restaurants,84031419986.1449,"rand, constant 2015 prices",P0441.2  Provincial Gross Domestic Product(2024).zip
ZAF,2018,shared,WC,wholesale_retail_trade_hotels_restaurants,84930500000.0,"rand, constant 2015 prices",P0441.2  Provincial Gross Domestic Product(2024).zip
ZAF,2019,shared,WC,wholesale_retail_trade_hotels_restaurants,85005362114.44757,"rand, constant 2015 prices",P0441.2  Provincial Gross Domestic Product(2024).zip
ZAF,2020,shared,WC,wholesale_retail_trade_hotels_restaurants,75337227504.26956,"rand, constant 2015 prices",P0441.2  Provincial Gross Domestic Product(2024).zip
ZAF,2021,shared,WC,wholesale_retail_trade_hotels_restaurants,78850332420.52429,"rand, constant 2015 prices",P0441.2  Provincial Gross Domestic Product(2024).zip
ZAF,2022,shared,WC,wholesale_retail_trade_hotels_restaurants,82067257696.22124,"rand, constant 2015 prices",P0441.2  Provincial Gross Domestic Product(2024).zip
ZAF,2023,shared,WC,wholesale_retail_trade_hotels_restaurants,80965471001.05597,"rand, constant 2015 prices",P0441.2  Provincial Gross Domestic Product(2024).zip
ZAF,2024,shared,WC,wholesale_retail_trade_hotels_restaurants,78732938425.48251,"rand, constant 2015 prices",P0441.2  Provincial Gross Domestic Product(2024).zip
ZAF,2013,shared,WC,transport_and_communication,60109367637.6925,"rand, constant 2015 prices",P0441.2  Provincial Gross Domestic Product(2024).zip
ZAF,2014,shared,WC,transport_and_communication,61483317113.23815,"rand, constant 2015 prices",P0441.2  Provincial Gross Domestic Product(2024).zip
ZAF,2015,shared,WC,transport_and_communication,62627156591.14624,"rand, constant 2015 prices",P0441.2  Provincial Gross Domestic Product(2024).zip
ZAF,2016,shared,WC,transport_and_communication,63674488322.03068,"rand, constant 2015 prices",P0441.2  Provincial Gross Domestic Product(2024).zip
ZAF,2017,shared,WC,transport_and_communication,64199932014.25878,"rand, constant 2015 prices",P0441.2  Provincial Gross Domestic Product(2024).zip
ZAF,2018,shared,WC,transport_and_communication,66005482553.91148,"rand, constant 2015 prices",P0441.2  Provincial Gross Domestic Product(2024).zip
ZAF,2019,shared,WC,transport_and_communication,65623507136.44351,"rand, constant 2015 prices",P0441.2  Provincial Gross Domestic Product(2024).zip
ZAF,2020,shared,WC,transport_and_communication,54529460641.10915,"rand, constant 2015 prices",P0441.2  Provincial Gross Domestic Product(2024).zip
ZAF,2021,shared,WC,transport_and_communication,57475870563.209305,"rand, constant 2015 prices",P0441.2  Provincial Gross Domestic Product(2024).zip
ZAF,2022,shared,WC,transport_and_communication,63788824524.173225,"rand, constant 2015 prices",P0441.2  Provincial Gross Domestic Product(2024).zip
ZAF,2023,shared,WC,transport_and_communication,66697765775.381386,"rand, constant 2015 prices",P0441.2  Provincial Gross Domestic Product(2024).zip
ZAF,2024,shared,WC,transport_and_communication,66800785714.85865,"rand, constant 2015 prices",P0441.2  Provincial Gross Domestic Product(2024).zip
ZAF,2013,shared,WC,finance_real_estate_and_business_services,158679866611.02155,"rand, constant 2015 prices",P0441.2  Provincial Gross Domestic Product(2024).zip
ZAF,2014,shared,WC,finance_real_estate_and_business_services,161949869320.692,"rand, constant 2015 prices",P0441.2  Provincial Gross Domestic Product(2024).zip
ZAF,2015,shared,WC,finance_real_estate_and_business_services,165503060082.417,"rand, constant 2015 prices",P0441.2  Provincial Gross Domestic Product(2024).zip
ZAF,2016,shared,WC,finance_real_estate_and_business_services,168490013501.04108,"rand, constant 2015 prices",P0441.2  Provincial Gross Domestic Product(2024).zip
ZAF,2017,shared,WC,finance_real_estate_and_business_services,172834919728.7254,"rand, constant 2015 prices",P0441.2  Provincial Gross Domestic Product(2024).zip
ZAF,2018,shared,WC,finance_real_estate_and_business_services,179181979193.3573,"rand, constant 2015 prices",P0441.2  Provincial Gross Domestic Product(2024).zip
ZAF,2019,shared,WC,finance_real_estate_and_business_services,183631718207.96005,"rand, constant 2015 prices",P0441.2  Provincial Gross Domestic Product(2024).zip
ZAF,2020,shared,WC,finance_real_estate_and_business_services,184051452867.32358,"rand, constant 2015 prices",P0441.2  Provincial Gross Domestic Product(2024).zip
ZAF,2021,shared,WC,finance_real_estate_and_business_services,190346820365.54,"rand, constant 2015 prices",P0441.2  Provincial Gross Domestic Product(2024).zip
ZAF,2022,shared,WC,finance_real_estate_and_business_services,197207754377.897,"rand, constant 2015 prices",P0441.2  Provincial Gross Domestic Product(2024).zip
ZAF,2023,shared,WC,finance_real_estate_and_business_services,198786139209.27502,"rand, constant 2015 prices",P0441.2  Provincial Gross Domestic Product(2024).zip
ZAF,2024,shared,WC,finance_real_estate_and_business_services,207403949338.01907,"rand, constant 2015 prices",P0441.2  Provincial Gross Domestic Product(2024).zip
ZAF,2013,shared,WC,personal_services,62833939921.27441,"rand, constant 2015 prices",P0441.2  Provincial Gross Domestic Product(2024).zip
ZAF,2014,shared,WC,personal_services,63907470245.83613,"rand, constant 2015 prices",P0441.2  Provincial Gross Domestic Product(2024).zip
ZAF,2015,shared,WC,personal_services,64545250492.15424,"rand, constant 2015 prices",P0441.2  Provincial Gross Domestic Product(2024).zip
ZAF,2016,shared,WC,personal_services,65391838561.13801,"rand, constant 2015 prices",P0441.2  Provincial Gross Domestic Product(2024).zip
ZAF,2017,shared,WC,personal_services,66293630769.46369,"rand, constant 2015 prices",P0441.2  Provincial Gross Domestic Product(2024).zip
ZAF,2018,shared,WC,personal_services,66816500000.0,"rand, constant 2015 prices",P0441.2  Provincial Gross Domestic Product(2024).zip
ZAF,2019,shared,WC,personal_services,67715669668.247635,"rand, constant 2015 prices",P0441.2  Provincial Gross Domestic Product(2024).zip
ZAF,2020,shared,WC,personal_services,66161312834.87618,"rand, constant 2015 prices",P0441.2  Provincial Gross Domestic Product(2024).zip
ZAF,2021,shared,WC,personal_services,68210710054.30296,"rand, constant 2015 prices",P0441.2  Provincial Gross Domestic Product(2024).zip
ZAF,2022,shared,WC,personal_services,69618514125.03874,"rand, constant 2015 prices",P0441.2  Provincial Gross Domestic Product(2024).zip
ZAF,2023,shared,WC,personal_services,71639366870.9071,"rand, constant 2015 prices",P0441.2  Provincial Gross Domestic Product(2024).zip
ZAF,2024,shared,WC,personal_services,72756564356.45569,"rand, constant 2015 prices",P0441.2  Provincial Gross Domestic Product(2024).zip
ZAF,2013,shared,WC,general_government_services,31004594583.781425,"rand, constant 2015 prices",P0441.2  Provincial Gross Domestic Product(2024).zip
ZAF,2014,shared,WC,general_government_services,31976834125.46741,"rand, constant 2015 prices",P0441.2  Provincial Gross Domestic Product(2024).zip
ZAF,2015,shared,WC,general_government_services,32689645967.592987,"rand, constant 2015 prices",P0441.2  Provincial Gross Domestic Product(2024).zip
ZAF,2016,shared,WC,general_government_services,33282243900.6773,"rand, constant 2015 prices",P0441.2  Provincial Gross Domestic Product(2024).zip
ZAF,2017,shared,WC,general_government_services,33685385217.775284,"rand, constant 2015 prices",P0441.2  Provincial Gross Domestic Product(2024).zip
ZAF,2018,shared,WC,general_government_services,34261377023.902924,"rand, constant 2015 prices",P0441.2  Provincial Gross Domestic Product(2024).zip
ZAF,2019,shared,WC,general_government_services,34780874997.41445,"rand, constant 2015 prices",P0441.2  Provincial Gross Domestic Product(2024).zip
ZAF,2020,shared,WC,general_government_services,35432549569.23578,"rand, constant 2015 prices",P0441.2  Provincial Gross Domestic Product(2024).zip
ZAF,2021,shared,WC,general_government_services,35102436582.74375,"rand, constant 2015 prices",P0441.2  Provincial Gross Domestic Product(2024).zip
ZAF,2022,shared,WC,general_government_services,35319975078.70054,"rand, constant 2015 prices",P0441.2  Provincial Gross Domestic Product(2024).zip
ZAF,2023,shared,WC,general_government_services,35493746441.37958,"rand, constant 2015 prices",P0441.2  Provincial Gross Domestic Product(2024).zip
ZAF,2024,shared,WC,general_government_services,35604503450.4149,"rand, constant 2015 prices",P0441.2  Provincial Gross Domestic Product(2024).zip
ZAF,2013,shared,WC,all_industries_at_basic_prices,544554705801.6178,"rand, constant 2015 prices",P0441.2  Provincial Gross Domestic Product(2024).zip
ZAF,2014,shared,WC,all_industries_at_basic_prices,554662630850.3771,"rand, constant 2015 prices",P0441.2  Provincial Gross Domestic Product(2024).zip
ZAF,2015,shared,WC,all_industries_at_basic_prices,561511985528.0115,"rand, constant 2015 prices",P0441.2  Provincial Gross Domestic Product(2024).zip
ZAF,2016,shared,WC,all_industries_at_basic_prices,568722933684.1302,"rand, constant 2015 prices",P0441.2  Provincial Gross Domestic Product(2024).zip
ZAF,2017,shared,WC,all_industries_at_basic_prices,573571706524.0648,"rand, constant 2015 prices",P0441.2  Provincial Gross Domestic Product(2024).zip
ZAF,2018,shared,WC,all_industries_at_basic_prices,583829274349.736,"rand, constant 2015 prices",P0441.2  Provincial Gross Domestic Product(2024).zip
ZAF,2019,shared,WC,all_industries_at_basic_prices,585732319601.2854,"rand, constant 2015 prices",P0441.2  Provincial Gross Domestic Product(2024).zip
ZAF,2020,shared,WC,all_industries_at_basic_prices,553259834093.0077,"rand, constant 2015 prices",P0441.2  Provincial Gross Domestic Product(2024).zip
ZAF,2021,shared,WC,all_industries_at_basic_prices,576523697900.2256,"rand, constant 2015 prices",P0441.2  Provincial Gross Domestic Product(2024).zip
ZAF,2022,shared,WC,all_industries_at_basic_prices,594569001636.9017,"rand, constant 2015 prices",P0441.2  Provincial Gross Domestic Product(2024).zip
ZAF,2023,shared,WC,all_industries_at_basic_prices,599188165239.8129,"rand, constant 2015 prices",P0441.2  Provincial Gross Domestic Product(2024).zip
ZAF,2024,shared,WC,all_industries_at_basic_prices,603555553351.3131,"rand, constant 2015 prices",P0441.2  Provincial Gross Domestic Product(2024).zip
ZAF,2013,shared,WC,taxes_less_subsidies_on_products,58542085426.02497,"rand, constant 2015 prices",P0441.2  Provincial Gross Domestic Product(2024).zip
ZAF,2014,shared,WC,taxes_less_subsidies_on_products,59014742479.35537,"rand, constant 2015 prices",P0441.2  Provincial Gross Domestic Product(2024).zip
ZAF,2015,shared,WC,taxes_less_subsidies_on_products,60825827140.397156,"rand, constant 2015 prices",P0441.2  Provincial Gross Domestic Product(2024).zip
ZAF,2016,shared,WC,taxes_less_subsidies_on_products,60619737412.28697,"rand, constant 2015 prices",P0441.2  Provincial Gross Domestic Product(2024).zip
ZAF,2017,shared,WC,taxes_less_subsidies_on_products,60926933337.387436,"rand, constant 2015 prices",P0441.2  Provincial Gross Domestic Product(2024).zip
ZAF,2018,shared,WC,taxes_less_subsidies_on_products,61557643338.45818,"rand, constant 2015 prices",P0441.2  Provincial Gross Domestic Product(2024).zip
ZAF,2019,shared,WC,taxes_less_subsidies_on_products,61971775622.97828,"rand, constant 2015 prices",P0441.2  Provincial Gross Domestic Product(2024).zip
ZAF,2020,shared,WC,taxes_less_subsidies_on_products,56065066534.15931,"rand, constant 2015 prices",P0441.2  Provincial Gross Domestic Product(2024).zip
ZAF,2021,shared,WC,taxes_less_subsidies_on_products,60449029295.99754,"rand, constant 2015 prices",P0441.2  Provincial Gross Domestic Product(2024).zip
ZAF,2022,shared,WC,taxes_less_subsidies_on_products,62203315416.99868,"rand, constant 2015 prices",P0441.2  Provincial Gross Domestic Product(2024).zip
ZAF,2023,shared,WC,taxes_less_subsidies_on_products,62600622209.515594,"rand, constant 2015 prices",P0441.2  Provincial Gross Domestic Product(2024).zip
ZAF,2024,shared,WC,taxes_less_subsidies_on_products,63196184406.94703,"rand, constant 2015 prices",P0441.2  Provincial Gross Domestic Product(2024).zip
ZAF,2013,shared,WC,gdpr_at_market_prices,603096791227.6428,"rand, constant 2015 prices",P0441.2  Provincial Gross Domestic Product(2024).zip
ZAF,2014,shared,WC,gdpr_at_market_prices,613677373329.7324,"rand, constant 2015 prices",P0441.2  Provincial Gross Domestic Product(2024).zip
ZAF,2015,shared,WC,gdpr_at_market_prices,622337812668.4086,"rand, constant 2015 prices",P0441.2  Provincial Gross Domestic Product(2024).zip
ZAF,2016,shared,WC,gdpr_at_market_prices,629342671096.4171,"rand, constant 2015 prices",P0441.2  Provincial Gross Domestic Product(2024).zip
ZAF,2017,shared,WC,gdpr_at_market_prices,634498639861.4521,"rand, constant 2015 prices",P0441.2  Provincial Gross Domestic Product(2024).zip
ZAF,2018,shared,WC,gdpr_at_market_prices,645386917688.1941,"rand, constant 2015 prices",P0441.2  Provincial Gross Domestic Product(2024).zip
ZAF,2019,shared,WC,gdpr_at_market_prices,647704095224.2637,"rand, constant 2015 prices",P0441.2  Provincial Gross Domestic Product(2024).zip
ZAF,2020,shared,WC,gdpr_at_market_prices,609324900627.1671,"rand, constant 2015 prices",P0441.2  Provincial Gross Domestic Product(2024).zip
ZAF,2021,shared,WC,gdpr_at_market_prices,636972727196.2233,"rand, constant 2015 prices",P0441.2  Provincial Gross Domestic Product(2024).zip
ZAF,2022,shared,WC,gdpr_at_market_prices,656772317053.9004,"rand, constant 2015 prices",P0441.2  Provincial Gross Domestic Product(2024).zip
ZAF,2023,shared,WC,gdpr_at_market_prices,661788787449.3285,"rand, constant 2015 prices",P0441.2  Provincial Gross Domestic Product(2024).zip
ZAF,2024,shared,WC,gdpr_at_market_prices,666751737758.2601,"rand, constant 2015 prices",P0441.2  Provincial Gross Domestic Product(2024).zip
ZAF,2013,shared,EC,primary_industries,6534363714.1919,"rand, constant 2015 prices",P0441.2  Provincial Gross Domestic Product(2024).zip
ZAF,2014,shared,EC,primary_industries,6973929809.639542,"rand, constant 2015 prices",P0441.2  Provincial Gross Domestic Product(2024).zip
ZAF,2015,shared,EC,primary_industries,6739004364.406891,"rand, constant 2015 prices",P0441.2  Provincial Gross Domestic Product(2024).zip
ZAF,2016,shared,EC,primary_industries,6151214474.552946,"rand, constant 2015 prices",P0441.2  Provincial Gross Domestic Product(2024).zip
ZAF,2017,shared,EC,primary_industries,7046433500.518056,"rand, constant 2015 prices",P0441.2  Provincial Gross Domestic Product(2024).zip
ZAF,2018,shared,EC,primary_industries,6885841065.332001,"rand, constant 2015 prices",P0441.2  Provincial Gross Domestic Product(2024).zip
ZAF,2019,shared,EC,primary_industries,6346110897.991172,"rand, constant 2015 prices",P0441.2  Provincial Gross Domestic Product(2024).zip
ZAF,2020,shared,EC,primary_industries,6775589616.489043,"rand, constant 2015 prices",P0441.2  Provincial Gross Domestic Product(2024).zip
ZAF,2021,shared,EC,primary_industries,7454939566.521282,"rand, constant 2015 prices",P0441.2  Provincial Gross Domestic Product(2024).zip
ZAF,2022,shared,EC,primary_industries,7529903145.596234,"rand, constant 2015 prices",P0441.2  Provincial Gross Domestic Product(2024).zip
ZAF,2023,shared,EC,primary_industries,7149112628.936404,"rand, constant 2015 prices",P0441.2  Provincial Gross Domestic Product(2024).zip
ZAF,2024,shared,EC,primary_industries,6503136824.650293,"rand, constant 2015 prices",P0441.2  Provincial Gross Domestic Product(2024).zip
ZAF,2013,shared,EC,agriculture_forestry_and_fishing,5808287093.444263,"rand, constant 2015 prices",P0441.2  Provincial Gross Domestic Product(2024).zip
ZAF,2014,shared,EC,agriculture_forestry_and_fishing,6209835450.76898,"rand, constant 2015 prices",P0441.2  Provincial Gross Domestic Product(2024).zip
ZAF,2015,shared,EC,agriculture_forestry_and_fishing,5996347481.733719,"rand, constant 2015 prices",P0441.2  Provincial Gross Domestic Product(2024).zip
ZAF,2016,shared,EC,agriculture_forestry_and_fishing,5421421892.683978,"rand, constant 2015 prices",P0441.2  Provincial Gross Domestic Product(2024).zip
ZAF,2017,shared,EC,agriculture_forestry_and_fishing,6302116157.5744095,"rand, constant 2015 prices",P0441.2  Provincial Gross Domestic Product(2024).zip
ZAF,2018,shared,EC,agriculture_forestry_and_fishing,6159326583.92126,"rand, constant 2015 prices",P0441.2  Provincial Gross Domestic Product(2024).zip
ZAF,2019,shared,EC,agriculture_forestry_and_fishing,5622010790.363788,"rand, constant 2015 prices",P0441.2  Provincial Gross Domestic Product(2024).zip
ZAF,2020,shared,EC,agriculture_forestry_and_fishing,6143957442.651517,"rand, constant 2015 prices",P0441.2  Provincial Gross Domestic Product(2024).zip
ZAF,2021,shared,EC,agriculture_forestry_and_fishing,6764163859.455315,"rand, constant 2015 prices",P0441.2  Provincial Gross Domestic Product(2024).zip
ZAF,2022,shared,EC,agriculture_forestry_and_fishing,6914531412.631149,"rand, constant 2015 prices",P0441.2  Provincial Gross Domestic Product(2024).zip
ZAF,2023,shared,EC,agriculture_forestry_and_fishing,6532978244.403319,"rand, constant 2015 prices",P0441.2  Provincial Gross Domestic Product(2024).zip
ZAF,2024,shared,EC,agriculture_forestry_and_fishing,5906244653.709484,"rand, constant 2015 prices",P0441.2  Provincial Gross Domestic Product(2024).zip
ZAF,2013,shared,EC,mining_and_quarrying,726076620.7476363,"rand, constant 2015 prices",P0441.2  Provincial Gross Domestic Product(2024).zip
ZAF,2014,shared,EC,mining_and_quarrying,764094358.8705614,"rand, constant 2015 prices",P0441.2  Provincial Gross Domestic Product(2024).zip
ZAF,2015,shared,EC,mining_and_quarrying,742656882.673172,"rand, constant 2015 prices",P0441.2  Provincial Gross Domestic Product(2024).zip
ZAF,2016,shared,EC,mining_and_quarrying,729792581.868967,"rand, constant 2015 prices",P0441.2  Provincial Gross Domestic Product(2024).zip
ZAF,2017,shared,EC,mining_and_quarrying,744317342.9436454,"rand, constant 2015 prices",P0441.2  Provincial Gross Domestic Product(2024).zip
ZAF,2018,shared,EC,mining_and_quarrying,726514481.4107403,"rand, constant 2015 prices",P0441.2  Provincial Gross Domestic Product(2024).zip
ZAF,2019,shared,EC,mining_and_quarrying,724100107.6273847,"rand, constant 2015 prices",P0441.2  Provincial Gross Domestic Product(2024).zip
ZAF,2020,shared,EC,mining_and_quarrying,631632173.8375268,"rand, constant 2015 prices",P0441.2  Provincial Gross Domestic Product(2024).zip
ZAF,2021,shared,EC,mining_and_quarrying,690775707.0659672,"rand, constant 2015 prices",P0441.2  Provincial Gross Domestic Product(2024).zip
ZAF,2022,shared,EC,mining_and_quarrying,615371732.965084,"rand, constant 2015 prices",P0441.2  Provincial Gross Domestic Product(2024).zip
ZAF,2023,shared,EC,mining_and_quarrying,616134384.5330857,"rand, constant 2015 prices",P0441.2  Provincial Gross Domestic Product(2024).zip
ZAF,2024,shared,EC,mining_and_quarrying,596892170.9408096,"rand, constant 2015 prices",P0441.2  Provincial Gross Domestic Product(2024).zip
ZAF,2013,shared,EC,secondary_industries,61558426528.22885,"rand, constant 2015 prices",P0441.2  Provincial Gross Domestic Product(2024).zip
ZAF,2014,shared,EC,secondary_industries,61078616680.5057,"rand, constant 2015 prices",P0441.2  Provincial Gross Domestic Product(2024).zip
ZAF,2015,shared,EC,secondary_industries,60857020697.34542,"rand, constant 2015 prices",P0441.2  Provincial Gross Domestic Product(2024).zip
ZAF,2016,shared,EC,secondary_industries,61064278980.34489,"rand, constant 2015 prices",P0441.2  Provincial Gross Domestic Product(2024).zip
ZAF,2017,shared,EC,secondary_industries,60141110960.74835,"rand, constant 2015 prices",P0441.2  Provincial Gross Domestic Product(2024).zip
ZAF,2018,shared,EC,secondary_industries,60723364986.67691,"rand, constant 2015 prices",P0441.2  Provincial Gross Domestic Product(2024).zip
ZAF,2019,shared,EC,secondary_industries,59872066229.806946,"rand, constant 2015 prices",P0441.2  Provincial Gross Domestic Product(2024).zip
ZAF,2020,shared,EC,secondary_industries,51474032592.77192,"rand, constant 2015 prices",P0441.2  Provincial Gross Domestic Product(2024).zip
ZAF,2021,shared,EC,secondary_industries,55170116286.09838,"rand, constant 2015 prices",P0441.2  Provincial Gross Domestic Product(2024).zip
ZAF,2022,shared,EC,secondary_industries,55279500631.186905,"rand, constant 2015 prices",P0441.2  Provincial Gross Domestic Product(2024).zip
ZAF,2023,shared,EC,secondary_industries,54464875407.67763,"rand, constant 2015 prices",P0441.2  Provincial Gross Domestic Product(2024).zip
ZAF,2024,shared,EC,secondary_industries,53551874661.896614,"rand, constant 2015 prices",P0441.2  Provincial Gross Domestic Product(2024).zip
ZAF,2013,shared,EC,manufacturing,43872301403.935036,"rand, constant 2015 prices",P0441.2  Provincial Gross Domestic Product(2024).zip
ZAF,2014,shared,EC,manufacturing,43432605324.56764,"rand, constant 2015 prices",P0441.2  Provincial Gross Domestic Product(2024).zip
ZAF,2015,shared,EC,manufacturing,43394983468.4018,"rand, constant 2015 prices",P0441.2  Provincial Gross Domestic Product(2024).zip
ZAF,2016,shared,EC,manufacturing,43653957937.17736,"rand, constant 2015 prices",P0441.2  Provincial Gross Domestic Product(2024).zip
ZAF,2017,shared,EC,manufacturing,43450500244.09083,"rand, constant 2015 prices",P0441.2  Provincial Gross Domestic Product(2024).zip
ZAF,2018,shared,EC,manufacturing,44046636317.11615,"rand, constant 2015 prices",P0441.2  Provincial Gross Domestic Product(2024).zip
ZAF,2019,shared,EC,manufacturing,43715733167.18923,"rand, constant 2015 prices",P0441.2  Provincial Gross Domestic Product(2024).zip
ZAF,2020,shared,EC,manufacturing,37489124596.164474,"rand, constant 2015 prices",P0441.2  Provincial Gross Domestic Product(2024).zip
ZAF,2021,shared,EC,manufacturing,41443648715.70439,"rand, constant 2015 prices",P0441.2  Provincial Gross Domestic Product(2024).zip
ZAF,2022,shared,EC,manufacturing,41879219221.5668,"rand, constant 2015 prices",P0441.2  Provincial Gross Domestic Product(2024).zip
ZAF,2023,shared,EC,manufacturing,41392784381.986336,"rand, constant 2015 prices",P0441.2  Provincial Gross Domestic Product(2024).zip
ZAF,2024,shared,EC,manufacturing,40654539455.02313,"rand, constant 2015 prices",P0441.2  Provincial Gross Domestic Product(2024).zip
ZAF,2013,shared,EC,electricity_and_water,5483746890.184684,"rand, constant 2015 prices",P0441.2  Provincial Gross Domestic Product(2024).zip
ZAF,2014,shared,EC,electricity_and_water,5420862207.528385,"rand, constant 2015 prices",P0441.2  Provincial Gross Domestic Product(2024).zip
ZAF,2015,shared,EC,electricity_and_water,5181094758.744677,"rand, constant 2015 prices",P0441.2  Provincial Gross Domestic Product(2024).zip
ZAF,2016,shared,EC,electricity_and_water,5022319312.656818,"rand, constant 2015 prices",P0441.2  Provincial Gross Domestic Product(2024).zip
ZAF,2017,shared,EC,electricity_and_water,5016488369.180265,"rand, constant 2015 prices",P0441.2  Provincial Gross Domestic Product(2024).zip
ZAF,2018,shared,EC,electricity_and_water,5045315288.026152,"rand, constant 2015 prices",P0441.2  Provincial Gross Domestic Product(2024).zip
ZAF,2019,shared,EC,electricity_and_water,4900299033.685966,"rand, constant 2015 prices",P0441.2  Provincial Gross Domestic Product(2024).zip
ZAF,2020,shared,EC,electricity_and_water,4580794722.139587,"rand, constant 2015 prices",P0441.2  Provincial Gross Domestic Product(2024).zip
ZAF,2021,shared,EC,electricity_and_water,4669281666.638487,"rand, constant 2015 prices",P0441.2  Provincial Gross Domestic Product(2024).zip
ZAF,2022,shared,EC,electricity_and_water,4632525631.783306,"rand, constant 2015 prices",P0441.2  Provincial Gross Domestic Product(2024).zip
ZAF,2023,shared,EC,electricity_and_water,4445847888.745187,"rand, constant 2015 prices",P0441.2  Provincial Gross Domestic Product(2024).zip
ZAF,2024,shared,EC,electricity_and_water,4658650471.140814,"rand, constant 2015 prices",P0441.2  Provincial Gross Domestic Product(2024).zip
ZAF,2013,shared,EC,construction,12202378234.109129,"rand, constant 2015 prices",P0441.2  Provincial Gross Domestic Product(2024).zip
ZAF,2014,shared,EC,construction,12225149148.409666,"rand, constant 2015 prices",P0441.2  Provincial Gross Domestic Product(2024).zip
ZAF,2015,shared,EC,construction,12280942470.198944,"rand, constant 2015 prices",P0441.2  Provincial Gross Domestic Product(2024).zip
ZAF,2016,shared,EC,construction,12388001730.51071,"rand, constant 2015 prices",P0441.2  Provincial Gross Domestic Product(2024).zip
ZAF,2017,shared,EC,construction,11674122347.477257,"rand, constant 2015 prices",P0441.2  Provincial Gross Domestic Product(2024).zip
ZAF,2018,shared,EC,construction,11631413381.534618,"rand, constant 2015 prices",P0441.2  Provincial Gross Domestic Product(2024).zip
ZAF,2019,shared,EC,construction,11256034028.931746,"rand, constant 2015 prices",P0441.2  Provincial Gross Domestic Product(2024).zip
ZAF,2020,shared,EC,construction,9404113274.467854,"rand, constant 2015 prices",P0441.2  Provincial Gross Domestic Product(2024).zip
ZAF,2021,shared,EC,construction,9057185903.755505,"rand, constant 2015 prices",P0441.2  Provincial Gross Domestic Product(2024).zip
ZAF,2022,shared,EC,construction,8767755777.8368,"rand, constant 2015 prices",P0441.2  Provincial Gross Domestic Product(2024).zip
ZAF,2023,shared,EC,construction,8626243136.946104,"rand, constant 2015 prices",P0441.2  Provincial Gross Domestic Product(2024).zip
ZAF,2024,shared,EC,construction,8238684735.732666,"rand, constant 2015 prices",P0441.2  Provincial Gross Domestic Product(2024).zip
ZAF,2013,shared,EC,tertiary_industries,245469884859.30273,"rand, constant 2015 prices",P0441.2  Provincial Gross Domestic Product(2024).zip
ZAF,2014,shared,EC,tertiary_industries,248108603546.69214,"rand, constant 2015 prices",P0441.2  Provincial Gross Domestic Product(2024).zip
ZAF,2015,shared,EC,tertiary_industries,250983361578.1811,"rand, constant 2015 prices",P0441.2  Provincial Gross Domestic Product(2024).zip
ZAF,2016,shared,EC,tertiary_industries,254309139990.48468,"rand, constant 2015 prices",P0441.2  Provincial Gross Domestic Product(2024).zip
ZAF,2017,shared,EC,tertiary_industries,255899791281.93024,"rand, constant 2015 prices",P0441.2  Provincial Gross Domestic Product(2024).zip
ZAF,2018,shared,EC,tertiary_industries,259300728418.15314,"rand, constant 2015 prices",P0441.2  Provincial Gross Domestic Product(2024).zip
ZAF,2019,shared,EC,tertiary_industries,260774054280.58542,"rand, constant 2015 prices",P0441.2  Provincial Gross Domestic Product(2024).zip
ZAF,2020,shared,EC,tertiary_industries,250442826068.49762,"rand, constant 2015 prices",P0441.2  Provincial Gross Domestic Product(2024).zip
ZAF,2021,shared,EC,tertiary_industries,261298182815.86282,"rand, constant 2015 prices",P0441.2  Provincial Gross Domestic Product(2024).zip
ZAF,2022,shared,EC,tertiary_industries,268694888135.57227,"rand, constant 2015 prices",P0441.2  Provincial Gross Domestic Product(2024).zip
ZAF,2023,shared,EC,tertiary_industries,272172071107.19785,"rand, constant 2015 prices",P0441.2  Provincial Gross Domestic Product(2024).zip
ZAF,2024,shared,EC,tertiary_industries,273109770828.96164,"rand, constant 2015 prices",P0441.2  Provincial Gross Domestic Product(2024).zip
ZAF,2013,shared,EC,wholesale_retail_trade_hotels_restaurants,52926581447.94861,"rand, constant 2015 prices",P0441.2  Provincial Gross Domestic Product(2024).zip
ZAF,2014,shared,EC,wholesale_retail_trade_hotels_restaurants,53143092229.917496,"rand, constant 2015 prices",P0441.2  Provincial Gross Domestic Product(2024).zip
ZAF,2015,shared,EC,wholesale_retail_trade_hotels_restaurants,53274637568.63248,"rand, constant 2015 prices",P0441.2  Provincial Gross Domestic Product(2024).zip
ZAF,2016,shared,EC,wholesale_retail_trade_hotels_restaurants,53711335021.97427,"rand, constant 2015 prices",P0441.2  Provincial Gross Domestic Product(2024).zip
ZAF,2017,shared,EC,wholesale_retail_trade_hotels_restaurants,53055497025.56447,"rand, constant 2015 prices",P0441.2  Provincial Gross Domestic Product(2024).zip
ZAF,2018,shared,EC,wholesale_retail_trade_hotels_restaurants,53424500000.0,"rand, constant 2015 prices",P0441.2  Provincial Gross Domestic Product(2024).zip
ZAF,2019,shared,EC,wholesale_retail_trade_hotels_restaurants,53065717296.606476,"rand, constant 2015 prices",P0441.2  Provincial Gross Domestic Product(2024).zip
ZAF,2020,shared,EC,wholesale_retail_trade_hotels_restaurants,46988861631.76355,"rand, constant 2015 prices",P0441.2  Provincial Gross Domestic Product(2024).zip
ZAF,2021,shared,EC,wholesale_retail_trade_hotels_restaurants,50627000000.0,"rand, constant 2015 prices",P0441.2  Provincial Gross Domestic Product(2024).zip
ZAF,2022,shared,EC,wholesale_retail_trade_hotels_restaurants,52430886737.03269,"rand, constant 2015 prices",P0441.2  Provincial Gross Domestic Product(2024).zip
ZAF,2023,shared,EC,wholesale_retail_trade_hotels_restaurants,52021541357.57886,"rand, constant 2015 prices",P0441.2  Provincial Gross Domestic Product(2024).zip
ZAF,2024,shared,EC,wholesale_retail_trade_hotels_restaurants,51144740041.49965,"rand, constant 2015 prices",P0441.2  Provincial Gross Domestic Product(2024).zip
ZAF,2013,shared,EC,transport_and_communication,18794807101.069252,"rand, constant 2015 prices",P0441.2  Provincial Gross Domestic Product(2024).zip
ZAF,2014,shared,EC,transport_and_communication,19229467700.091827,"rand, constant 2015 prices",P0441.2  Provincial Gross Domestic Product(2024).zip
ZAF,2015,shared,EC,transport_and_communication,19649934222.132137,"rand, constant 2015 prices",P0441.2  Provincial Gross Domestic Product(2024).zip
ZAF,2016,shared,EC,transport_and_communication,19959410229.3632,"rand, constant 2015 prices",P0441.2  Provincial Gross Domestic Product(2024).zip
ZAF,2017,shared,EC,transport_and_communication,20151847710.55052,"rand, constant 2015 prices",P0441.2  Provincial Gross Domestic Product(2024).zip
ZAF,2018,shared,EC,transport_and_communication,20655669561.773537,"rand, constant 2015 prices",P0441.2  Provincial Gross Domestic Product(2024).zip
ZAF,2019,shared,EC,transport_and_communication,20486686129.149967,"rand, constant 2015 prices",P0441.2  Provincial Gross Domestic Product(2024).zip
ZAF,2020,shared,EC,transport_and_communication,17807068820.099163,"rand, constant 2015 prices",P0441.2  Provincial Gross Domestic Product(2024).zip
ZAF,2021,shared,EC,transport_and_communication,19229498374.561584,"rand, constant 2015 prices",P0441.2  Provincial Gross Domestic Product(2024).zip
ZAF,2022,shared,EC,transport_and_communication,20980747856.626587,"rand, constant 2015 prices",P0441.2  Provincial Gross Domestic Product(2024).zip
ZAF,2023,shared,EC,transport_and_communication,21987285952.56341,"rand, constant 2015 prices",P0441.2  Provincial Gross Domestic Product(2024).zip
ZAF,2024,shared,EC,transport_and_communication,21631153556.855453,"rand, constant 2015 prices",P0441.2  Provincial Gross Domestic Product(2024).zip
ZAF,2013,shared,EC,finance_real_estate_and_business_services,54551449077.056465,"rand, constant 2015 prices",P0441.2  Provincial Gross Domestic Product(2024).zip
ZAF,2014,shared,EC,finance_real_estate_and_business_services,55235560426.48296,"rand, constant 2015 prices",P0441.2  Provincial Gross Domestic Product(2024).zip
ZAF,2015,shared,EC,finance_real_estate_and_business_services,55833898523.76309,"rand, constant 2015 prices",P0441.2  Provincial Gross Domestic Product(2024).zip
ZAF,2016,shared,EC,finance_real_estate_and_business_services,56785178756.57064,"rand, constant 2015 prices",P0441.2  Provincial Gross Domestic Product(2024).zip
ZAF,2017,shared,EC,finance_real_estate_and_business_services,57659879321.24402,"rand, constant 2015 prices",P0441.2  Provincial Gross Domestic Product(2024).zip
ZAF,2018,shared,EC,finance_real_estate_and_business_services,59062224435.1391,"rand, constant 2015 prices",P0441.2  Provincial Gross Domestic Product(2024).zip
ZAF,2019,shared,EC,finance_real_estate_and_business_services,59723636070.28683,"rand, constant 2015 prices",P0441.2  Provincial Gross Domestic Product(2024).zip
ZAF,2020,shared,EC,finance_real_estate_and_business_services,60142994826.00769,"rand, constant 2015 prices",P0441.2  Provincial Gross Domestic Product(2024).zip
ZAF,2021,shared,EC,finance_real_estate_and_business_services,61773794204.42721,"rand, constant 2015 prices",P0441.2  Provincial Gross Domestic Product(2024).zip
ZAF,2022,shared,EC,finance_real_estate_and_business_services,63965126585.87694,"rand, constant 2015 prices",P0441.2  Provincial Gross Domestic Product(2024).zip
ZAF,2023,shared,EC,finance_real_estate_and_business_services,64932110498.99546,"rand, constant 2015 prices",P0441.2  Provincial Gross Domestic Product(2024).zip
ZAF,2024,shared,EC,finance_real_estate_and_business_services,66966512418.93854,"rand, constant 2015 prices",P0441.2  Provincial Gross Domestic Product(2024).zip
ZAF,2013,shared,EC,personal_services,85808928523.3713,"rand, constant 2015 prices",P0441.2  Provincial Gross Domestic Product(2024).zip
ZAF,2014,shared,EC,personal_services,86580955870.82515,"rand, constant 2015 prices",P0441.2  Provincial Gross Domestic Product(2024).zip
ZAF,2015,shared,EC,personal_services,87203783585.38936,"rand, constant 2015 prices",P0441.2  Provincial Gross Domestic Product(2024).zip
ZAF,2016,shared,EC,personal_services,88023643862.18217,"rand, constant 2015 prices",P0441.2  Provincial Gross Domestic Product(2024).zip
ZAF,2017,shared,EC,personal_services,88740459452.83798,"rand, constant 2015 prices",P0441.2  Provincial Gross Domestic Product(2024).zip
ZAF,2018,shared,EC,personal_services,89222500000.0,"rand, constant 2015 prices",P0441.2  Provincial Gross Domestic Product(2024).zip
ZAF,2019,shared,EC,personal_services,90217256669.69154,"rand, constant 2015 prices",P0441.2  Provincial Gross Domestic Product(2024).zip
ZAF,2020,shared,EC,personal_services,87998779914.92181,"rand, constant 2015 prices",P0441.2  Provincial Gross Domestic Product(2024).zip
ZAF,2021,shared,EC,personal_services,92104017242.89699,"rand, constant 2015 prices",P0441.2  Provincial Gross Domestic Product(2024).zip
ZAF,2022,shared,EC,personal_services,93804419045.34953,"rand, constant 2015 prices",P0441.2  Provincial Gross Domestic Product(2024).zip
ZAF,2023,shared,EC,personal_services,95674815301.35881,"rand, constant 2015 prices",P0441.2  Provincial Gross Domestic Product(2024).zip
ZAF,2024,shared,EC,personal_services,95447106579.08745,"rand, constant 2015 prices",P0441.2  Provincial Gross Domestic Product(2024).zip
ZAF,2013,shared,EC,general_government_services,33388418709.857113,"rand, constant 2015 prices",P0441.2  Provincial Gross Domestic Product(2024).zip
ZAF,2014,shared,EC,general_government_services,33919527319.374725,"rand, constant 2015 prices",P0441.2  Provincial Gross Domestic Product(2024).zip
ZAF,2015,shared,EC,general_government_services,35021107678.26403,"rand, constant 2015 prices",P0441.2  Provincial Gross Domestic Product(2024).zip
ZAF,2016,shared,EC,general_government_services,35829572120.394394,"rand, constant 2015 prices",P0441.2  Provincial Gross Domestic Product(2024).zip
ZAF,2017,shared,EC,general_government_services,36292107771.733246,"rand, constant 2015 prices",P0441.2  Provincial Gross Domestic Product(2024).zip
ZAF,2018,shared,EC,general_government_services,36935422691.76326,"rand, constant 2015 prices",P0441.2  Provincial Gross Domestic Product(2024).zip
ZAF,2019,shared,EC,general_government_services,37280758114.85059,"rand, constant 2015 prices",P0441.2  Provincial Gross Domestic Product(2024).zip
ZAF,2020,shared,EC,general_government_services,37505120875.7054,"rand, constant 2015 prices",P0441.2  Provincial Gross Domestic Product(2024).zip
ZAF,2021,shared,EC,general_government_services,37563872993.97709,"rand, constant 2015 prices",P0441.2  Provincial Gross Domestic Product(2024).zip
ZAF,2022,shared,EC,general_government_services,37513707910.6865,"rand, constant 2015 prices",P0441.2  Provincial Gross Domestic Product(2024).zip
ZAF,2023,shared,EC,general_government_services,37556317996.70128,"rand, constant 2015 prices",P0441.2  Provincial Gross Domestic Product(2024).zip
ZAF,2024,shared,EC,general_government_services,37920258232.58054,"rand, constant 2015 prices",P0441.2  Provincial Gross Domestic Product(2024).zip
ZAF,2013,shared,EC,all_industries_at_basic_prices,313562675101.72345,"rand, constant 2015 prices",P0441.2  Provincial Gross Domestic Product(2024).zip
ZAF,2014,shared,EC,all_industries_at_basic_prices,316161150036.8374,"rand, constant 2015 prices",P0441.2  Provincial Gross Domestic Product(2024).zip
ZAF,2015,shared,EC,all_industries_at_basic_prices,318579386639.9334,"rand, constant 2015 prices",P0441.2  Provincial Gross Domestic Product(2024).zip
ZAF,2016,shared,EC,all_industries_at_basic_prices,321524633445.3825,"rand, constant 2015 prices",P0441.2  Provincial Gross Domestic Product(2024).zip
ZAF,2017,shared,EC,all_industries_at_basic_prices,323087335743.19666,"rand, constant 2015 prices",P0441.2  Provincial Gross Domestic Product(2024).zip
ZAF,2018,shared,EC,all_industries_at_basic_prices,326909934470.16205,"rand, constant 2015 prices",P0441.2  Provincial Gross Domestic Product(2024).zip
ZAF,2019,shared,EC,all_industries_at_basic_prices,326992231408.38354,"rand, constant 2015 prices",P0441.2  Provincial Gross Domestic Product(2024).zip
ZAF,2020,shared,EC,all_industries_at_basic_prices,308692448277.75854,"rand, constant 2015 prices",P0441.2  Provincial Gross Domestic Product(2024).zip
ZAF,2021,shared,EC,all_industries_at_basic_prices,323923238668.4825,"rand, constant 2015 prices",P0441.2  Provincial Gross Domestic Product(2024).zip
ZAF,2022,shared,EC,all_industries_at_basic_prices,331504291912.3554,"rand, constant 2015 prices",P0441.2  Provincial Gross Domestic Product(2024).zip
ZAF,2023,shared,EC,all_industries_at_basic_prices,333786059143.8119,"rand, constant 2015 prices",P0441.2  Provincial Gross Domestic Product(2024).zip
ZAF,2024,shared,EC,all_industries_at_basic_prices,333164782315.50854,"rand, constant 2015 prices",P0441.2  Provincial Gross Domestic Product(2024).zip
ZAF,2013,shared,EC,taxes_less_subsidies_on_products,34529109349.60734,"rand, constant 2015 prices",P0441.2  Provincial Gross Domestic Product(2024).zip
ZAF,2014,shared,EC,taxes_less_subsidies_on_products,34603011144.1946,"rand, constant 2015 prices",P0441.2  Provincial Gross Domestic Product(2024).zip
ZAF,2015,shared,EC,taxes_less_subsidies_on_products,35503656555.00883,"rand, constant 2015 prices",P0441.2  Provincial Gross Domestic Product(2024).zip
ZAF,2016,shared,EC,taxes_less_subsidies_on_products,35234157498.01316,"rand, constant 2015 prices",P0441.2  Provincial Gross Domestic Product(2024).zip
ZAF,2017,shared,EC,taxes_less_subsidies_on_products,35479451075.88984,"rand, constant 2015 prices",P0441.2  Provincial Gross Domestic Product(2024).zip
ZAF,2018,shared,EC,taxes_less_subsidies_on_products,35591537990.33508,"rand, constant 2015 prices",P0441.2  Provincial Gross Domestic Product(2024).zip
ZAF,2019,shared,EC,taxes_less_subsidies_on_products,35745204661.87872,"rand, constant 2015 prices",P0441.2  Provincial Gross Domestic Product(2024).zip
ZAF,2020,shared,EC,taxes_less_subsidies_on_products,32401160196.181293,"rand, constant 2015 prices",P0441.2  Provincial Gross Domestic Product(2024).zip
ZAF,2021,shared,EC,taxes_less_subsidies_on_products,34915963368.11793,"rand, constant 2015 prices",P0441.2  Provincial Gross Domestic Product(2024).zip
ZAF,2022,shared,EC,taxes_less_subsidies_on_products,35439257792.017746,"rand, constant 2015 prices",P0441.2  Provincial Gross Domestic Product(2024).zip
ZAF,2023,shared,EC,taxes_less_subsidies_on_products,35908138640.250435,"rand, constant 2015 prices",P0441.2  Provincial Gross Domestic Product(2024).zip
ZAF,2024,shared,EC,taxes_less_subsidies_on_products,35971881334.50926,"rand, constant 2015 prices",P0441.2  Provincial Gross Domestic Product(2024).zip
ZAF,2013,shared,EC,gdpr_at_market_prices,348091784451.33075,"rand, constant 2015 prices",P0441.2  Provincial Gross Domestic Product(2024).zip
ZAF,2014,shared,EC,gdpr_at_market_prices,350764161181.032,"rand, constant 2015 prices",P0441.2  Provincial Gross Domestic Product(2024).zip
ZAF,2015,shared,EC,gdpr_at_market_prices,354083043194.94226,"rand, constant 2015 prices",P0441.2  Provincial Gross Domestic Product(2024).zip
ZAF,2016,shared,EC,gdpr_at_market_prices,356758790943.3957,"rand, constant 2015 prices",P0441.2  Provincial Gross Domestic Product(2024).zip
ZAF,2017,shared,EC,gdpr_at_market_prices,358566786819.08655,"rand, constant 2015 prices",P0441.2  Provincial Gross Domestic Product(2024).zip
ZAF,2018,shared,EC,gdpr_at_market_prices,362501472460.49713,"rand, constant 2015 prices",P0441.2  Provincial Gross Domestic Product(2024).zip
ZAF,2019,shared,EC,gdpr_at_market_prices,362737436070.2622,"rand, constant 2015 prices",P0441.2  Provincial Gross Domestic Product(2024).zip
ZAF,2020,shared,EC,gdpr_at_market_prices,341093608473.9398,"rand, constant 2015 prices",P0441.2  Provincial Gross Domestic Product(2024).zip
ZAF,2021,shared,EC,gdpr_at_market_prices,358839202036.6004,"rand, constant 2015 prices",P0441.2  Provincial Gross Domestic Product(2024).zip
ZAF,2022,shared,EC,gdpr_at_market_prices,366943549704.3731,"rand, constant 2015 prices",P0441.2  Provincial Gross Domestic Product(2024).zip
ZAF,2023,shared,EC,gdpr_at_market_prices,369694197784.0623,"rand, constant 2015 prices",P0441.2  Provincial Gross Domestic Product(2024).zip
ZAF,2024,shared,EC,gdpr_at_market_prices,369136663650.0178,"rand, constant 2015 prices",P0441.2  Provincial Gross Domestic Product(2024).zip
ZAF,2013,shared,NC,primary_industries,18370330538.93176,"rand, constant 2015 prices",P0441.2  Provincial Gross Domestic Product(2024).zip
ZAF,2014,shared,NC,primary_industries,19697150922.387505,"rand, constant 2015 prices",P0441.2  Provincial Gross Domestic Product(2024).zip
ZAF,2015,shared,NC,primary_industries,19938581821.92002,"rand, constant 2015 prices",P0441.2  Provincial Gross Domestic Product(2024).zip
ZAF,2016,shared,NC,primary_industries,19348211961.47549,"rand, constant 2015 prices",P0441.2  Provincial Gross Domestic Product(2024).zip
ZAF,2017,shared,NC,primary_industries,20724068360.82964,"rand, constant 2015 prices",P0441.2  Provincial Gross Domestic Product(2024).zip
ZAF,2018,shared,NC,primary_industries,20982979920.766235,"rand, constant 2015 prices",P0441.2  Provincial Gross Domestic Product(2024).zip
ZAF,2019,shared,NC,primary_industries,20629744074.528095,"rand, constant 2015 prices",P0441.2  Provincial Gross Domestic Product(2024).zip
ZAF,2020,shared,NC,primary_industries,19979772015.187645,"rand, constant 2015 prices",P0441.2  Provincial Gross Domestic Product(2024).zip
ZAF,2021,shared,NC,primary_industries,22318230319.819252,"rand, constant 2015 prices",P0441.2  Provincial Gross Domestic Product(2024).zip
ZAF,2022,shared,NC,primary_industries,21552932449.00068,"rand, constant 2015 prices",P0441.2  Provincial Gross Domestic Product(2024).zip
ZAF,2023,shared,NC,primary_industries,21493496994.438343,"rand, constant 2015 prices",P0441.2  Provincial Gross Domestic Product(2024).zip
ZAF,2024,shared,NC,primary_industries,20945098174.74017,"rand, constant 2015 prices",P0441.2  Provincial Gross Domestic Product(2024).zip
ZAF,2013,shared,NC,agriculture_forestry_and_fishing,5600332894.982097,"rand, constant 2015 prices",P0441.2  Provincial Gross Domestic Product(2024).zip
ZAF,2014,shared,NC,agriculture_forestry_and_fishing,6081262807.995147,"rand, constant 2015 prices",P0441.2  Provincial Gross Domestic Product(2024).zip
ZAF,2015,shared,NC,agriculture_forestry_and_fishing,6312518200.006416,"rand, constant 2015 prices",P0441.2  Provincial Gross Domestic Product(2024).zip
ZAF,2016,shared,NC,agriculture_forestry_and_fishing,6126372286.223343,"rand, constant 2015 prices",P0441.2  Provincial Gross Domestic Product(2024).zip
ZAF,2017,shared,NC,agriculture_forestry_and_fishing,6828187660.7828455,"rand, constant 2015 prices",P0441.2  Provincial Gross Domestic Product(2024).zip
ZAF,2018,shared,NC,agriculture_forestry_and_fishing,6816892219.728243,"rand, constant 2015 prices",P0441.2  Provincial Gross Domestic Product(2024).zip
ZAF,2019,shared,NC,agriculture_forestry_and_fishing,6479528859.307658,"rand, constant 2015 prices",P0441.2  Provincial Gross Domestic Product(2024).zip
ZAF,2020,shared,NC,agriculture_forestry_and_fishing,7455243430.730672,"rand, constant 2015 prices",P0441.2  Provincial Gross Domestic Product(2024).zip
ZAF,2021,shared,NC,agriculture_forestry_and_fishing,7793597808.401697,"rand, constant 2015 prices",P0441.2  Provincial Gross Domestic Product(2024).zip
ZAF,2022,shared,NC,agriculture_forestry_and_fishing,8019394935.617948,"rand, constant 2015 prices",P0441.2  Provincial Gross Domestic Product(2024).zip
ZAF,2023,shared,NC,agriculture_forestry_and_fishing,7806247573.101176,"rand, constant 2015 prices",P0441.2  Provincial Gross Domestic Product(2024).zip
ZAF,2024,shared,NC,agriculture_forestry_and_fishing,7023396449.9467,"rand, constant 2015 prices",P0441.2  Provincial Gross Domestic Product(2024).zip
ZAF,2013,shared,NC,mining_and_quarrying,12769997643.949661,"rand, constant 2015 prices",P0441.2  Provincial Gross Domestic Product(2024).zip
ZAF,2014,shared,NC,mining_and_quarrying,13615888114.392357,"rand, constant 2015 prices",P0441.2  Provincial Gross Domestic Product(2024).zip
ZAF,2015,shared,NC,mining_and_quarrying,13626063621.913607,"rand, constant 2015 prices",P0441.2  Provincial Gross Domestic Product(2024).zip
ZAF,2016,shared,NC,mining_and_quarrying,13221839675.252151,"rand, constant 2015 prices",P0441.2  Provincial Gross Domestic Product(2024).zip
ZAF,2017,shared,NC,mining_and_quarrying,13895880700.046793,"rand, constant 2015 prices",P0441.2  Provincial Gross Domestic Product(2024).zip
ZAF,2018,shared,NC,mining_and_quarrying,14166087701.037992,"rand, constant 2015 prices",P0441.2  Provincial Gross Domestic Product(2024).zip
ZAF,2019,shared,NC,mining_and_quarrying,14150215215.220436,"rand, constant 2015 prices",P0441.2  Provincial Gross Domestic Product(2024).zip
ZAF,2020,shared,NC,mining_and_quarrying,12524528584.456974,"rand, constant 2015 prices",P0441.2  Provincial Gross Domestic Product(2024).zip
ZAF,2021,shared,NC,mining_and_quarrying,14524632511.417557,"rand, constant 2015 prices",P0441.2  Provincial Gross Domestic Product(2024).zip
ZAF,2022,shared,NC,mining_and_quarrying,13533537513.382732,"rand, constant 2015 prices",P0441.2  Provincial Gross Domestic Product(2024).zip
ZAF,2023,shared,NC,mining_and_quarrying,13687249421.337168,"rand, constant 2015 prices",P0441.2  Provincial Gross Domestic Product(2024).zip
ZAF,2024,shared,NC,mining_and_quarrying,13921701724.79347,"rand, constant 2015 prices",P0441.2  Provincial Gross Domestic Product(2024).zip
ZAF,2013,shared,NC,secondary_industries,8222810315.573508,"rand, constant 2015 prices",P0441.2  Provincial Gross Domestic Product(2024).zip
ZAF,2014,shared,NC,secondary_industries,8202695758.725807,"rand, constant 2015 prices",P0441.2  Provincial Gross Domestic Product(2024).zip
ZAF,2015,shared,NC,secondary_industries,8142878230.017214,"rand, constant 2015 prices",P0441.2  Provincial Gross Domestic Product(2024).zip
ZAF,2016,shared,NC,secondary_industries,8109292535.780796,"rand, constant 2015 prices",P0441.2  Provincial Gross Domestic Product(2024).zip
ZAF,2017,shared,NC,secondary_industries,7926063993.412457,"rand, constant 2015 prices",P0441.2  Provincial Gross Domestic Product(2024).zip
ZAF,2018,shared,NC,secondary_industries,7918262817.407759,"rand, constant 2015 prices",P0441.2  Provincial Gross Domestic Product(2024).zip
ZAF,2019,shared,NC,secondary_industries,7786987202.38752,"rand, constant 2015 prices",P0441.2  Provincial Gross Domestic Product(2024).zip
ZAF,2020,shared,NC,secondary_industries,7128595260.793759,"rand, constant 2015 prices",P0441.2  Provincial Gross Domestic Product(2024).zip
ZAF,2021,shared,NC,secondary_industries,7479806470.56915,"rand, constant 2015 prices",P0441.2  Provincial Gross Domestic Product(2024).zip
ZAF,2022,shared,NC,secondary_industries,7374780890.958033,"rand, constant 2015 prices",P0441.2  Provincial Gross Domestic Product(2024).zip
ZAF,2023,shared,NC,secondary_industries,7310294722.178489,"rand, constant 2015 prices",P0441.2  Provincial Gross Domestic Product(2024).zip
ZAF,2024,shared,NC,secondary_industries,7283026895.35706,"rand, constant 2015 prices",P0441.2  Provincial Gross Domestic Product(2024).zip
ZAF,2013,shared,NC,manufacturing,3237899083.0468583,"rand, constant 2015 prices",P0441.2  Provincial Gross Domestic Product(2024).zip
ZAF,2014,shared,NC,manufacturing,3217173274.972494,"rand, constant 2015 prices",P0441.2  Provincial Gross Domestic Product(2024).zip
ZAF,2015,shared,NC,manufacturing,3226607860.6800065,"rand, constant 2015 prices",P0441.2  Provincial Gross Domestic Product(2024).zip
ZAF,2016,shared,NC,manufacturing,3238825865.31765,"rand, constant 2015 prices",P0441.2  Provincial Gross Domestic Product(2024).zip
ZAF,2017,shared,NC,manufacturing,3211280751.429853,"rand, constant 2015 prices",P0441.2  Provincial Gross Domestic Product(2024).zip
ZAF,2018,shared,NC,manufacturing,3236015812.4601493,"rand, constant 2015 prices",P0441.2  Provincial Gross Domestic Product(2024).zip
ZAF,2019,shared,NC,manufacturing,3210747152.589216,"rand, constant 2015 prices",P0441.2  Provincial Gross Domestic Product(2024).zip
ZAF,2020,shared,NC,manufacturing,3087296809.922838,"rand, constant 2015 prices",P0441.2  Provincial Gross Domestic Product(2024).zip
ZAF,2021,shared,NC,manufacturing,3427334611.8651643,"rand, constant 2015 prices",P0441.2  Provincial Gross Domestic Product(2024).zip
ZAF,2022,shared,NC,manufacturing,3393394959.573532,"rand, constant 2015 prices",P0441.2  Provincial Gross Domestic Product(2024).zip
ZAF,2023,shared,NC,manufacturing,3436183530.227354,"rand, constant 2015 prices",P0441.2  Provincial Gross Domestic Product(2024).zip
ZAF,2024,shared,NC,manufacturing,3396556998.4831944,"rand, constant 2015 prices",P0441.2  Provincial Gross Domestic Product(2024).zip
ZAF,2013,shared,NC,electricity_and_water,2749188050.4828105,"rand, constant 2015 prices",P0441.2  Provincial Gross Domestic Product(2024).zip
ZAF,2014,shared,NC,electricity_and_water,2725233883.9724164,"rand, constant 2015 prices",P0441.2  Provincial Gross Domestic Product(2024).zip
ZAF,2015,shared,NC,electricity_and_water,2631000930.8295355,"rand, constant 2015 prices",P0441.2  Provincial Gross Domestic Product(2024).zip
ZAF,2016,shared,NC,electricity_and_water,2563215177.0007663,"rand, constant 2015 prices",P0441.2  Provincial Gross Domestic Product(2024).zip
ZAF,2017,shared,NC,electricity_and_water,2541601874.9076085,"rand, constant 2015 prices",P0441.2  Provincial Gross Domestic Product(2024).zip
ZAF,2018,shared,NC,electricity_and_water,2549519517.92898,"rand, constant 2015 prices",P0441.2  Provincial Gross Domestic Product(2024).zip
ZAF,2019,shared,NC,electricity_and_water,2499221922.4292393,"rand, constant 2015 prices",P0441.2  Provincial Gross Domestic Product(2024).zip
ZAF,2020,shared,NC,electricity_and_water,2349333686.605576,"rand, constant 2015 prices",P0441.2  Provincial Gross Domestic Product(2024).zip
ZAF,2021,shared,NC,electricity_and_water,2428531917.534141,"rand, constant 2015 prices",P0441.2  Provincial Gross Domestic Product(2024).zip
ZAF,2022,shared,NC,electricity_and_water,2354753717.794706,"rand, constant 2015 prices",P0441.2  Provincial Gross Domestic Product(2024).zip
ZAF,2023,shared,NC,electricity_and_water,2237478071.4020553,"rand, constant 2015 prices",P0441.2  Provincial Gross Domestic Product(2024).zip
ZAF,2024,shared,NC,electricity_and_water,2324110988.001703,"rand, constant 2015 prices",P0441.2  Provincial Gross Domestic Product(2024).zip
ZAF,2013,shared,NC,construction,2235723182.04384,"rand, constant 2015 prices",P0441.2  Provincial Gross Domestic Product(2024).zip
ZAF,2014,shared,NC,construction,2260288599.780898,"rand, constant 2015 prices",P0441.2  Provincial Gross Domestic Product(2024).zip
ZAF,2015,shared,NC,construction,2285269438.507672,"rand, constant 2015 prices",P0441.2  Provincial Gross Domestic Product(2024).zip
ZAF,2016,shared,NC,construction,2307251493.4623795,"rand, constant 2015 prices",P0441.2  Provincial Gross Domestic Product(2024).zip
ZAF,2017,shared,NC,construction,2173181367.074996,"rand, constant 2015 prices",P0441.2  Provincial Gross Domestic Product(2024).zip
ZAF,2018,shared,NC,construction,2132727487.0186293,"rand, constant 2015 prices",P0441.2  Provincial Gross Domestic Product(2024).zip
ZAF,2019,shared,NC,construction,2077018127.369064,"rand, constant 2015 prices",P0441.2  Provincial Gross Domestic Product(2024).zip
ZAF,2020,shared,NC,construction,1691964764.2653449,"rand, constant 2015 prices",P0441.2  Provincial Gross Domestic Product(2024).zip
ZAF,2021,shared,NC,construction,1623939941.169845,"rand, constant 2015 prices",P0441.2  Provincial Gross Domestic Product(2024).zip
ZAF,2022,shared,NC,construction,1626632213.5897944,"rand, constant 2015 prices",P0441.2  Provincial Gross Domestic Product(2024).zip
ZAF,2023,shared,NC,construction,1636633120.5490797,"rand, constant 2015 prices",P0441.2  Provincial Gross Domestic Product(2024).zip
ZAF,2024,shared,NC,construction,1562358908.8721628,"rand, constant 2015 prices",P0441.2  Provincial Gross Domestic Product(2024).zip
ZAF,2013,shared,NC,tertiary_industries,55754495498.149826,"rand, constant 2015 prices",P0441.2  Provincial Gross Domestic Product(2024).zip
ZAF,2014,shared,NC,tertiary_industries,56545056527.90202,"rand, constant 2015 prices",P0441.2  Provincial Gross Domestic Product(2024).zip
ZAF,2015,shared,NC,tertiary_industries,57877861906.0278,"rand, constant 2015 prices",P0441.2  Provincial Gross Domestic Product(2024).zip
ZAF,2016,shared,NC,tertiary_industries,58357550964.05087,"rand, constant 2015 prices",P0441.2  Provincial Gross Domestic Product(2024).zip
ZAF,2017,shared,NC,tertiary_industries,58818371010.27656,"rand, constant 2015 prices",P0441.2  Provincial Gross Domestic Product(2024).zip
ZAF,2018,shared,NC,tertiary_industries,59755728066.00961,"rand, constant 2015 prices",P0441.2  Provincial Gross Domestic Product(2024).zip
ZAF,2019,shared,NC,tertiary_industries,60035959977.35529,"rand, constant 2015 prices",P0441.2  Provincial Gross Domestic Product(2024).zip
ZAF,2020,shared,NC,tertiary_industries,57041731749.60882,"rand, constant 2015 prices",P0441.2  Provincial Gross Domestic Product(2024).zip
ZAF,2021,shared,NC,tertiary_industries,58876023905.46357,"rand, constant 2015 prices",P0441.2  Provincial Gross Domestic Product(2024).zip
ZAF,2022,shared,NC,tertiary_industries,60910964487.66063,"rand, constant 2015 prices",P0441.2  Provincial Gross Domestic Product(2024).zip
ZAF,2023,shared,NC,tertiary_industries,61498539630.00915,"rand, constant 2015 prices",P0441.2  Provincial Gross Domestic Product(2024).zip
ZAF,2024,shared,NC,tertiary_industries,61889519212.926926,"rand, constant 2015 prices",P0441.2  Provincial Gross Domestic Product(2024).zip
ZAF,2013,shared,NC,wholesale_retail_trade_hotels_restaurants,10592421487.273317,"rand, constant 2015 prices",P0441.2  Provincial Gross Domestic Product(2024).zip
ZAF,2014,shared,NC,wholesale_retail_trade_hotels_restaurants,10599950476.730972,"rand, constant 2015 prices",P0441.2  Provincial Gross Domestic Product(2024).zip
ZAF,2015,shared,NC,wholesale_retail_trade_hotels_restaurants,10619608514.723509,"rand, constant 2015 prices",P0441.2  Provincial Gross Domestic Product(2024).zip
ZAF,2016,shared,NC,wholesale_retail_trade_hotels_restaurants,10653662026.547106,"rand, constant 2015 prices",P0441.2  Provincial Gross Domestic Product(2024).zip
ZAF,2017,shared,NC,wholesale_retail_trade_hotels_restaurants,10514959954.7605,"rand, constant 2015 prices",P0441.2  Provincial Gross Domestic Product(2024).zip
ZAF,2018,shared,NC,wholesale_retail_trade_hotels_restaurants,10574934027.207876,"rand, constant 2015 prices",P0441.2  Provincial Gross Domestic Product(2024).zip
ZAF,2019,shared,NC,wholesale_retail_trade_hotels_restaurants,10426999376.527796,"rand, constant 2015 prices",P0441.2  Provincial Gross Domestic Product(2024).zip
ZAF,2020,shared,NC,wholesale_retail_trade_hotels_restaurants,8863733036.63864,"rand, constant 2015 prices",P0441.2  Provincial Gross Domestic Product(2024).zip
ZAF,2021,shared,NC,wholesale_retail_trade_hotels_restaurants,8993871230.813093,"rand, constant 2015 prices",P0441.2  Provincial Gross Domestic Product(2024).zip
ZAF,2022,shared,NC,wholesale_retail_trade_hotels_restaurants,9437000000.0,"rand, constant 2015 prices",P0441.2  Provincial Gross Domestic Product(2024).zip
ZAF,2023,shared,NC,wholesale_retail_trade_hotels_restaurants,9163722134.3676,"rand, constant 2015 prices",P0441.2  Provincial Gross Domestic Product(2024).zip
ZAF,2024,shared,NC,wholesale_retail_trade_hotels_restaurants,9112379902.835796,"rand, constant 2015 prices",P0441.2  Provincial Gross Domestic Product(2024).zip
ZAF,2013,shared,NC,transport_and_communication,8525873794.770803,"rand, constant 2015 prices",P0441.2  Provincial Gross Domestic Product(2024).zip
ZAF,2014,shared,NC,transport_and_communication,8669168945.258858,"rand, constant 2015 prices",P0441.2  Provincial Gross Domestic Product(2024).zip
ZAF,2015,shared,NC,transport_and_communication,8890801337.987091,"rand, constant 2015 prices",P0441.2  Provincial Gross Domestic Product(2024).zip
ZAF,2016,shared,NC,transport_and_communication,8983248503.934097,"rand, constant 2015 prices",P0441.2  Provincial Gross Domestic Product(2024).zip
ZAF,2017,shared,NC,transport_and_communication,8998795793.550922,"rand, constant 2015 prices",P0441.2  Provincial Gross Domestic Product(2024).zip
ZAF,2018,shared,NC,transport_and_communication,9177184698.367393,"rand, constant 2015 prices",P0441.2  Provincial Gross Domestic Product(2024).zip
ZAF,2019,shared,NC,transport_and_communication,9054262457.496403,"rand, constant 2015 prices",P0441.2  Provincial Gross Domestic Product(2024).zip
ZAF,2020,shared,NC,transport_and_communication,7760799876.718127,"rand, constant 2015 prices",P0441.2  Provincial Gross Domestic Product(2024).zip
ZAF,2021,shared,NC,transport_and_communication,8236188290.492039,"rand, constant 2015 prices",P0441.2  Provincial Gross Domestic Product(2024).zip
ZAF,2022,shared,NC,transport_and_communication,8919550942.86003,"rand, constant 2015 prices",P0441.2  Provincial Gross Domestic Product(2024).zip
ZAF,2023,shared,NC,transport_and_communication,9212669510.467005,"rand, constant 2015 prices",P0441.2  Provincial Gross Domestic Product(2024).zip
ZAF,2024,shared,NC,transport_and_communication,9041422913.124535,"rand, constant 2015 prices",P0441.2  Provincial Gross Domestic Product(2024).zip
ZAF,2013,shared,NC,finance_real_estate_and_business_services,11958731977.068638,"rand, constant 2015 prices",P0441.2  Provincial Gross Domestic Product(2024).zip
ZAF,2014,shared,NC,finance_real_estate_and_business_services,12110063052.144135,"rand, constant 2015 prices",P0441.2  Provincial Gross Domestic Product(2024).zip
ZAF,2015,shared,NC,finance_real_estate_and_business_services,12624855466.155727,"rand, constant 2015 prices",P0441.2  Provincial Gross Domestic Product(2024).zip
ZAF,2016,shared,NC,finance_real_estate_and_business_services,12789289456.904255,"rand, constant 2015 prices",P0441.2  Provincial Gross Domestic Product(2024).zip
ZAF,2017,shared,NC,finance_real_estate_and_business_services,13035222985.534334,"rand, constant 2015 prices",P0441.2  Provincial Gross Domestic Product(2024).zip
ZAF,2018,shared,NC,finance_real_estate_and_business_services,13405714438.547874,"rand, constant 2015 prices",P0441.2  Provincial Gross Domestic Product(2024).zip
ZAF,2019,shared,NC,finance_real_estate_and_business_services,13688820477.44099,"rand, constant 2015 prices",P0441.2  Provincial Gross Domestic Product(2024).zip
ZAF,2020,shared,NC,finance_real_estate_and_business_services,14028961860.110493,"rand, constant 2015 prices",P0441.2  Provincial Gross Domestic Product(2024).zip
ZAF,2021,shared,NC,finance_real_estate_and_business_services,14224953578.232851,"rand, constant 2015 prices",P0441.2  Provincial Gross Domestic Product(2024).zip
ZAF,2022,shared,NC,finance_real_estate_and_business_services,14920071899.610538,"rand, constant 2015 prices",P0441.2  Provincial Gross Domestic Product(2024).zip
ZAF,2023,shared,NC,finance_real_estate_and_business_services,15264796547.800085,"rand, constant 2015 prices",P0441.2  Provincial Gross Domestic Product(2024).zip
ZAF,2024,shared,NC,finance_real_estate_and_business_services,15804503350.49272,"rand, constant 2015 prices",P0441.2  Provincial Gross Domestic Product(2024).zip
ZAF,2013,shared,NC,personal_services,15794915737.6357,"rand, constant 2015 prices",P0441.2  Provincial Gross Domestic Product(2024).zip
ZAF,2014,shared,NC,personal_services,16012488821.168116,"rand, constant 2015 prices",P0441.2  Provincial Gross Domestic Product(2024).zip
ZAF,2015,shared,NC,personal_services,16259066269.641026,"rand, constant 2015 prices",P0441.2  Provincial Gross Domestic Product(2024).zip
ZAF,2016,shared,NC,personal_services,16461302543.891478,"rand, constant 2015 prices",P0441.2  Provincial Gross Domestic Product(2024).zip
ZAF,2017,shared,NC,personal_services,16725450655.741173,"rand, constant 2015 prices",P0441.2  Provincial Gross Domestic Product(2024).zip
ZAF,2018,shared,NC,personal_services,16874500000.0,"rand, constant 2015 prices",P0441.2  Provincial Gross Domestic Product(2024).zip
ZAF,2019,shared,NC,personal_services,17046710972.92452,"rand, constant 2015 prices",P0441.2  Provincial Gross Domestic Product(2024).zip
ZAF,2020,shared,NC,personal_services,16483228544.33252,"rand, constant 2015 prices",P0441.2  Provincial Gross Domestic Product(2024).zip
ZAF,2021,shared,NC,personal_services,17479872641.077244,"rand, constant 2015 prices",P0441.2  Provincial Gross Domestic Product(2024).zip
ZAF,2022,shared,NC,personal_services,17739265192.20954,"rand, constant 2015 prices",P0441.2  Provincial Gross Domestic Product(2024).zip
ZAF,2023,shared,NC,personal_services,17972190245.715866,"rand, constant 2015 prices",P0441.2  Provincial Gross Domestic Product(2024).zip
ZAF,2024,shared,NC,personal_services,18064449294.72199,"rand, constant 2015 prices",P0441.2  Provincial Gross Domestic Product(2024).zip
ZAF,2013,shared,NC,general_government_services,8882952501.401356,"rand, constant 2015 prices",P0441.2  Provincial Gross Domestic Product(2024).zip
ZAF,2014,shared,NC,general_government_services,9153385232.599943,"rand, constant 2015 prices",P0441.2  Provincial Gross Domestic Product(2024).zip
ZAF,2015,shared,NC,general_government_services,9483530317.520447,"rand, constant 2015 prices",P0441.2  Provincial Gross Domestic Product(2024).zip
ZAF,2016,shared,NC,general_government_services,9470048432.773937,"rand, constant 2015 prices",P0441.2  Provincial Gross Domestic Product(2024).zip
ZAF,2017,shared,NC,general_government_services,9544041620.68963,"rand, constant 2015 prices",P0441.2  Provincial Gross Domestic Product(2024).zip
ZAF,2018,shared,NC,general_government_services,9723324510.564518,"rand, constant 2015 prices",P0441.2  Provincial Gross Domestic Product(2024).zip
ZAF,2019,shared,NC,general_government_services,9819166692.965584,"rand, constant 2015 prices",P0441.2  Provincial Gross Domestic Product(2024).zip
ZAF,2020,shared,NC,general_government_services,9905008431.809048,"rand, constant 2015 prices",P0441.2  Provincial Gross Domestic Product(2024).zip
ZAF,2021,shared,NC,general_government_services,9941138164.848345,"rand, constant 2015 prices",P0441.2  Provincial Gross Domestic Product(2024).zip
ZAF,2022,shared,NC,general_government_services,9895076452.980532,"rand, constant 2015 prices",P0441.2  Provincial Gross Domestic Product(2024).zip
ZAF,2023,shared,NC,general_government_services,9885161191.65859,"rand, constant 2015 prices",P0441.2  Provincial Gross Domestic Product(2024).zip
ZAF,2024,shared,NC,general_government_services,9866763751.751884,"rand, constant 2015 prices",P0441.2  Provincial Gross Domestic Product(2024).zip
ZAF,2013,shared,NC,all_industries_at_basic_prices,82347636352.65509,"rand, constant 2015 prices",P0441.2  Provincial Gross Domestic Product(2024).zip
ZAF,2014,shared,NC,all_industries_at_basic_prices,84444903209.01534,"rand, constant 2015 prices",P0441.2  Provincial Gross Domestic Product(2024).zip
ZAF,2015,shared,NC,all_industries_at_basic_prices,85959321957.96503,"rand, constant 2015 prices",P0441.2  Provincial Gross Domestic Product(2024).zip
ZAF,2016,shared,NC,all_industries_at_basic_prices,85815055461.30717,"rand, constant 2015 prices",P0441.2  Provincial Gross Domestic Product(2024).zip
ZAF,2017,shared,NC,all_industries_at_basic_prices,87468503364.51866,"rand, constant 2015 prices",P0441.2  Provincial Gross Domestic Product(2024).zip
ZAF,2018,shared,NC,all_industries_at_basic_prices,88656970804.18361,"rand, constant 2015 prices",P0441.2  Provincial Gross Domestic Product(2024).zip
ZAF,2019,shared,NC,all_industries_at_basic_prices,88452691254.2709,"rand, constant 2015 prices",P0441.2  Provincial Gross Domestic Product(2024).zip
ZAF,2020,shared,NC,all_industries_at_basic_prices,84150099025.59023,"rand, constant 2015 prices",P0441.2  Provincial Gross Domestic Product(2024).zip
ZAF,2021,shared,NC,all_industries_at_basic_prices,88674060695.85197,"rand, constant 2015 prices",P0441.2  Provincial Gross Domestic Product(2024).zip
ZAF,2022,shared,NC,all_industries_at_basic_prices,89838677827.61934,"rand, constant 2015 prices",P0441.2  Provincial Gross Domestic Product(2024).zip
ZAF,2023,shared,NC,all_industries_at_basic_prices,90302331346.62599,"rand, constant 2015 prices",P0441.2  Provincial Gross Domestic Product(2024).zip
ZAF,2024,shared,NC,all_industries_at_basic_prices,90117644283.02415,"rand, constant 2015 prices",P0441.2  Provincial Gross Domestic Product(2024).zip
ZAF,2013,shared,NC,taxes_less_subsidies_on_products,8557688174.200181,"rand, constant 2015 prices",P0441.2  Provincial Gross Domestic Product(2024).zip
ZAF,2014,shared,NC,taxes_less_subsidies_on_products,8676761773.141445,"rand, constant 2015 prices",P0441.2  Provincial Gross Domestic Product(2024).zip
ZAF,2015,shared,NC,taxes_less_subsidies_on_products,8981833125.987572,"rand, constant 2015 prices",P0441.2  Provincial Gross Domestic Product(2024).zip
ZAF,2016,shared,NC,taxes_less_subsidies_on_products,8828893887.01627,"rand, constant 2015 prices",P0441.2  Provincial Gross Domestic Product(2024).zip
ZAF,2017,shared,NC,taxes_less_subsidies_on_products,9000803130.63571,"rand, constant 2015 prices",P0441.2  Provincial Gross Domestic Product(2024).zip
ZAF,2018,shared,NC,taxes_less_subsidies_on_products,8970676723.268354,"rand, constant 2015 prices",P0441.2  Provincial Gross Domestic Product(2024).zip
ZAF,2019,shared,NC,taxes_less_subsidies_on_products,8968927805.871262,"rand, constant 2015 prices",P0441.2  Provincial Gross Domestic Product(2024).zip
ZAF,2020,shared,NC,taxes_less_subsidies_on_products,8159941916.27225,"rand, constant 2015 prices",P0441.2  Provincial Gross Domestic Product(2024).zip
ZAF,2021,shared,NC,taxes_less_subsidies_on_products,8859815403.243448,"rand, constant 2015 prices",P0441.2  Provincial Gross Domestic Product(2024).zip
ZAF,2022,shared,NC,taxes_less_subsidies_on_products,8909946727.382065,"rand, constant 2015 prices",P0441.2  Provincial Gross Domestic Product(2024).zip
ZAF,2023,shared,NC,taxes_less_subsidies_on_products,9010463877.77347,"rand, constant 2015 prices",P0441.2  Provincial Gross Domestic Product(2024).zip
ZAF,2024,shared,NC,taxes_less_subsidies_on_products,9144745281.957584,"rand, constant 2015 prices",P0441.2  Provincial Gross Domestic Product(2024).zip
ZAF,2013,shared,NC,gdpr_at_market_prices,90905324526.85527,"rand, constant 2015 prices",P0441.2  Provincial Gross Domestic Product(2024).zip
ZAF,2014,shared,NC,gdpr_at_market_prices,93121664982.15678,"rand, constant 2015 prices",P0441.2  Provincial Gross Domestic Product(2024).zip
ZAF,2015,shared,NC,gdpr_at_market_prices,94941155083.9526,"rand, constant 2015 prices",P0441.2  Provincial Gross Domestic Product(2024).zip
ZAF,2016,shared,NC,gdpr_at_market_prices,94643949348.32344,"rand, constant 2015 prices",P0441.2  Provincial Gross Domestic Product(2024).zip
ZAF,2017,shared,NC,gdpr_at_market_prices,96469306495.15437,"rand, constant 2015 prices",P0441.2  Provincial Gross Domestic Product(2024).zip
ZAF,2018,shared,NC,gdpr_at_market_prices,97627647527.45197,"rand, constant 2015 prices",P0441.2  Provincial Gross Domestic Product(2024).zip
ZAF,2019,shared,NC,gdpr_at_market_prices,97421619060.14217,"rand, constant 2015 prices",P0441.2  Provincial Gross Domestic Product(2024).zip
ZAF,2020,shared,NC,gdpr_at_market_prices,92310040941.86247,"rand, constant 2015 prices",P0441.2  Provincial Gross Domestic Product(2024).zip
ZAF,2021,shared,NC,gdpr_at_market_prices,97533876099.09543,"rand, constant 2015 prices",P0441.2  Provincial Gross Domestic Product(2024).zip
ZAF,2022,shared,NC,gdpr_at_market_prices,98748624555.0014,"rand, constant 2015 prices",P0441.2  Provincial Gross Domestic Product(2024).zip
ZAF,2023,shared,NC,gdpr_at_market_prices,99312795224.39944,"rand, constant 2015 prices",P0441.2  Provincial Gross Domestic Product(2024).zip
ZAF,2024,shared,NC,gdpr_at_market_prices,99262389564.98174,"rand, constant 2015 prices",P0441.2  Provincial Gross Domestic Product(2024).zip
ZAF,2013,shared,FS,primary_industries,25629750631.314514,"rand, constant 2015 prices",P0441.2  Provincial Gross Domestic Product(2024).zip
ZAF,2014,shared,FS,primary_industries,27237228198.45185,"rand, constant 2015 prices",P0441.2  Provincial Gross Domestic Product(2024).zip
ZAF,2015,shared,FS,primary_industries,24950870535.09423,"rand, constant 2015 prices",P0441.2  Provincial Gross Domestic Product(2024).zip
ZAF,2016,shared,FS,primary_industries,23609809735.35702,"rand, constant 2015 prices",P0441.2  Provincial Gross Domestic Product(2024).zip
ZAF,2017,shared,FS,primary_industries,25903543638.050213,"rand, constant 2015 prices",P0441.2  Provincial Gross Domestic Product(2024).zip
ZAF,2018,shared,FS,primary_industries,25007731020.952393,"rand, constant 2015 prices",P0441.2  Provincial Gross Domestic Product(2024).zip
ZAF,2019,shared,FS,primary_industries,24301673294.33896,"rand, constant 2015 prices",P0441.2  Provincial Gross Domestic Product(2024).zip
ZAF,2020,shared,FS,primary_industries,24147672278.8102,"rand, constant 2015 prices",P0441.2  Provincial Gross Domestic Product(2024).zip
ZAF,2021,shared,FS,primary_industries,25892996894.710484,"rand, constant 2015 prices",P0441.2  Provincial Gross Domestic Product(2024).zip
ZAF,2022,shared,FS,primary_industries,25632759585.07794,"rand, constant 2015 prices",P0441.2  Provincial Gross Domestic Product(2024).zip
ZAF,2023,shared,FS,primary_industries,24844406105.138718,"rand, constant 2015 prices",P0441.2  Provincial Gross Domestic Product(2024).zip
ZAF,2024,shared,FS,primary_industries,24241987471.580925,"rand, constant 2015 prices",P0441.2  Provincial Gross Domestic Product(2024).zip
ZAF,2013,shared,FS,agriculture_forestry_and_fishing,10286567085.95548,"rand, constant 2015 prices",P0441.2  Provincial Gross Domestic Product(2024).zip
ZAF,2014,shared,FS,agriculture_forestry_and_fishing,11412226338.117115,"rand, constant 2015 prices",P0441.2  Provincial Gross Domestic Product(2024).zip
ZAF,2015,shared,FS,agriculture_forestry_and_fishing,9046153781.159134,"rand, constant 2015 prices",P0441.2  Provincial Gross Domestic Product(2024).zip
ZAF,2016,shared,FS,agriculture_forestry_and_fishing,7909778649.101325,"rand, constant 2015 prices",P0441.2  Provincial Gross Domestic Product(2024).zip
ZAF,2017,shared,FS,agriculture_forestry_and_fishing,10163334357.578854,"rand, constant 2015 prices",P0441.2  Provincial Gross Domestic Product(2024).zip
ZAF,2018,shared,FS,agriculture_forestry_and_fishing,10501058456.929684,"rand, constant 2015 prices",P0441.2  Provincial Gross Domestic Product(2024).zip
ZAF,2019,shared,FS,agriculture_forestry_and_fishing,10050038307.613016,"rand, constant 2015 prices",P0441.2  Provincial Gross Domestic Product(2024).zip
ZAF,2020,shared,FS,agriculture_forestry_and_fishing,11645079148.5265,"rand, constant 2015 prices",P0441.2  Provincial Gross Domestic Product(2024).zip
ZAF,2021,shared,FS,agriculture_forestry_and_fishing,12136108993.239439,"rand, constant 2015 prices",P0441.2  Provincial Gross Domestic Product(2024).zip
ZAF,2022,shared,FS,agriculture_forestry_and_fishing,12775380072.332672,"rand, constant 2015 prices",P0441.2  Provincial Gross Domestic Product(2024).zip
ZAF,2023,shared,FS,agriculture_forestry_and_fishing,12067970231.59315,"rand, constant 2015 prices",P0441.2  Provincial Gross Domestic Product(2024).zip
ZAF,2024,shared,FS,agriculture_forestry_and_fishing,11150973651.796427,"rand, constant 2015 prices",P0441.2  Provincial Gross Domestic Product(2024).zip
ZAF,2013,shared,FS,mining_and_quarrying,15343183545.359032,"rand, constant 2015 prices",P0441.2  Provincial Gross Domestic Product(2024).zip
ZAF,2014,shared,FS,mining_and_quarrying,15825001860.334738,"rand, constant 2015 prices",P0441.2  Provincial Gross Domestic Product(2024).zip
ZAF,2015,shared,FS,mining_and_quarrying,15904716753.935095,"rand, constant 2015 prices",P0441.2  Provincial Gross Domestic Product(2024).zip
ZAF,2016,shared,FS,mining_and_quarrying,15700031086.255697,"rand, constant 2015 prices",P0441.2  Provincial Gross Domestic Product(2024).zip
ZAF,2017,shared,FS,mining_and_quarrying,15740209280.471363,"rand, constant 2015 prices",P0441.2  Provincial Gross Domestic Product(2024).zip
ZAF,2018,shared,FS,mining_and_quarrying,14506672564.022707,"rand, constant 2015 prices",P0441.2  Provincial Gross Domestic Product(2024).zip
ZAF,2019,shared,FS,mining_and_quarrying,14251634986.72594,"rand, constant 2015 prices",P0441.2  Provincial Gross Domestic Product(2024).zip
ZAF,2020,shared,FS,mining_and_quarrying,12502593130.283695,"rand, constant 2015 prices",P0441.2  Provincial Gross Domestic Product(2024).zip
ZAF,2021,shared,FS,mining_and_quarrying,13756887901.471045,"rand, constant 2015 prices",P0441.2  Provincial Gross Domestic Product(2024).zip
ZAF,2022,shared,FS,mining_and_quarrying,12857379512.745272,"rand, constant 2015 prices",P0441.2  Provincial Gross Domestic Product(2024).zip
ZAF,2023,shared,FS,mining_and_quarrying,12776435873.54557,"rand, constant 2015 prices",P0441.2  Provincial Gross Domestic Product(2024).zip
ZAF,2024,shared,FS,mining_and_quarrying,13091013819.784496,"rand, constant 2015 prices",P0441.2  Provincial Gross Domestic Product(2024).zip
ZAF,2013,shared,FS,secondary_industries,33301111025.324047,"rand, constant 2015 prices",P0441.2  Provincial Gross Domestic Product(2024).zip
ZAF,2014,shared,FS,secondary_industries,33570978325.762306,"rand, constant 2015 prices",P0441.2  Provincial Gross Domestic Product(2024).zip
ZAF,2015,shared,FS,secondary_industries,33472612358.4268,"rand, constant 2015 prices",P0441.2  Provincial Gross Domestic Product(2024).zip
ZAF,2016,shared,FS,secondary_industries,33330211605.277027,"rand, constant 2015 prices",P0441.2  Provincial Gross Domestic Product(2024).zip
ZAF,2017,shared,FS,secondary_industries,32944260768.815742,"rand, constant 2015 prices",P0441.2  Provincial Gross Domestic Product(2024).zip
ZAF,2018,shared,FS,secondary_industries,33147184807.933292,"rand, constant 2015 prices",P0441.2  Provincial Gross Domestic Product(2024).zip
ZAF,2019,shared,FS,secondary_industries,32554771317.208725,"rand, constant 2015 prices",P0441.2  Provincial Gross Domestic Product(2024).zip
ZAF,2020,shared,FS,secondary_industries,27983281040.07678,"rand, constant 2015 prices",P0441.2  Provincial Gross Domestic Product(2024).zip
ZAF,2021,shared,FS,secondary_industries,28323150835.110565,"rand, constant 2015 prices",P0441.2  Provincial Gross Domestic Product(2024).zip
ZAF,2022,shared,FS,secondary_industries,28427446139.896267,"rand, constant 2015 prices",P0441.2  Provincial Gross Domestic Product(2024).zip
ZAF,2023,shared,FS,secondary_industries,28351288735.38967,"rand, constant 2015 prices",P0441.2  Provincial Gross Domestic Product(2024).zip
ZAF,2024,shared,FS,secondary_industries,28529166195.92147,"rand, constant 2015 prices",P0441.2  Provincial Gross Domestic Product(2024).zip
ZAF,2013,shared,FS,manufacturing,21502471354.681328,"rand, constant 2015 prices",P0441.2  Provincial Gross Domestic Product(2024).zip
ZAF,2014,shared,FS,manufacturing,21833858463.296368,"rand, constant 2015 prices",P0441.2  Provincial Gross Domestic Product(2024).zip
ZAF,2015,shared,FS,manufacturing,21939015505.651463,"rand, constant 2015 prices",P0441.2  Provincial Gross Domestic Product(2024).zip
ZAF,2016,shared,FS,manufacturing,21998539011.666378,"rand, constant 2015 prices",P0441.2  Provincial Gross Domestic Product(2024).zip
ZAF,2017,shared,FS,manufacturing,22005334383.807007,"rand, constant 2015 prices",P0441.2  Provincial Gross Domestic Product(2024).zip
ZAF,2018,shared,FS,manufacturing,22209621755.39215,"rand, constant 2015 prices",P0441.2  Provincial Gross Domestic Product(2024).zip
ZAF,2019,shared,FS,manufacturing,21902171289.171093,"rand, constant 2015 prices",P0441.2  Provincial Gross Domestic Product(2024).zip
ZAF,2020,shared,FS,manufacturing,18546497382.76571,"rand, constant 2015 prices",P0441.2  Provincial Gross Domestic Product(2024).zip
ZAF,2021,shared,FS,manufacturing,18940331434.461098,"rand, constant 2015 prices",P0441.2  Provincial Gross Domestic Product(2024).zip
ZAF,2022,shared,FS,manufacturing,19250768010.889618,"rand, constant 2015 prices",P0441.2  Provincial Gross Domestic Product(2024).zip
ZAF,2023,shared,FS,manufacturing,19481426179.023403,"rand, constant 2015 prices",P0441.2  Provincial Gross Domestic Product(2024).zip
ZAF,2024,shared,FS,manufacturing,19657246369.51978,"rand, constant 2015 prices",P0441.2  Provincial Gross Domestic Product(2024).zip
ZAF,2013,shared,FS,electricity_and_water,6518502693.742301,"rand, constant 2015 prices",P0441.2  Provincial Gross Domestic Product(2024).zip
ZAF,2014,shared,FS,electricity_and_water,6448066867.912856,"rand, constant 2015 prices",P0441.2  Provincial Gross Domestic Product(2024).zip
ZAF,2015,shared,FS,electricity_and_water,6201577342.489311,"rand, constant 2015 prices",P0441.2  Provincial Gross Domestic Product(2024).zip
ZAF,2016,shared,FS,electricity_and_water,5960026541.187662,"rand, constant 2015 prices",P0441.2  Provincial Gross Domestic Product(2024).zip
ZAF,2017,shared,FS,electricity_and_water,5892272070.343342,"rand, constant 2015 prices",P0441.2  Provincial Gross Domestic Product(2024).zip
ZAF,2018,shared,FS,electricity_and_water,5933909803.880162,"rand, constant 2015 prices",P0441.2  Provincial Gross Domestic Product(2024).zip
ZAF,2019,shared,FS,electricity_and_water,5784548332.634581,"rand, constant 2015 prices",P0441.2  Provincial Gross Domestic Product(2024).zip
ZAF,2020,shared,FS,electricity_and_water,5448454946.21889,"rand, constant 2015 prices",P0441.2  Provincial Gross Domestic Product(2024).zip
ZAF,2021,shared,FS,electricity_and_water,5544221172.552672,"rand, constant 2015 prices",P0441.2  Provincial Gross Domestic Product(2024).zip
ZAF,2022,shared,FS,electricity_and_water,5348595126.20496,"rand, constant 2015 prices",P0441.2  Provincial Gross Domestic Product(2024).zip
ZAF,2023,shared,FS,electricity_and_water,5104654997.206264,"rand, constant 2015 prices",P0441.2  Provincial Gross Domestic Product(2024).zip
ZAF,2024,shared,FS,electricity_and_water,5395382393.181218,"rand, constant 2015 prices",P0441.2  Provincial Gross Domestic Product(2024).zip
ZAF,2013,shared,FS,construction,5280136976.900413,"rand, constant 2015 prices",P0441.2  Provincial Gross Domestic Product(2024).zip
ZAF,2014,shared,FS,construction,5289052994.553078,"rand, constant 2015 prices",P0441.2  Provincial Gross Domestic Product(2024).zip
ZAF,2015,shared,FS,construction,5332019510.286023,"rand, constant 2015 prices",P0441.2  Provincial Gross Domestic Product(2024).zip
ZAF,2016,shared,FS,construction,5371646052.422988,"rand, constant 2015 prices",P0441.2  Provincial Gross Domestic Product(2024).zip
ZAF,2017,shared,FS,construction,5046654314.665397,"rand, constant 2015 prices",P0441.2  Provincial Gross Domestic Product(2024).zip
ZAF,2018,shared,FS,construction,5003653248.660977,"rand, constant 2015 prices",P0441.2  Provincial Gross Domestic Product(2024).zip
ZAF,2019,shared,FS,construction,4868051695.403055,"rand, constant 2015 prices",P0441.2  Provincial Gross Domestic Product(2024).zip
ZAF,2020,shared,FS,construction,3988328711.0921793,"rand, constant 2015 prices",P0441.2  Provincial Gross Domestic Product(2024).zip
ZAF,2021,shared,FS,construction,3838598228.0967927,"rand, constant 2015 prices",P0441.2  Provincial Gross Domestic Product(2024).zip
ZAF,2022,shared,FS,construction,3828083002.80169,"rand, constant 2015 prices",P0441.2  Provincial Gross Domestic Product(2024).zip
ZAF,2023,shared,FS,construction,3765207559.160004,"rand, constant 2015 prices",P0441.2  Provincial Gross Domestic Product(2024).zip
ZAF,2024,shared,FS,construction,3476537433.2204685,"rand, constant 2015 prices",P0441.2  Provincial Gross Domestic Product(2024).zip
ZAF,2013,shared,FS,tertiary_industries,134320711520.04913,"rand, constant 2015 prices",P0441.2  Provincial Gross Domestic Product(2024).zip
ZAF,2014,shared,FS,tertiary_industries,136258562869.79681,"rand, constant 2015 prices",P0441.2  Provincial Gross Domestic Product(2024).zip
ZAF,2015,shared,FS,tertiary_industries,137732194614.60464,"rand, constant 2015 prices",P0441.2  Provincial Gross Domestic Product(2024).zip
ZAF,2016,shared,FS,tertiary_industries,139430574518.775,"rand, constant 2015 prices",P0441.2  Provincial Gross Domestic Product(2024).zip
ZAF,2017,shared,FS,tertiary_industries,140517366770.18082,"rand, constant 2015 prices",P0441.2  Provincial Gross Domestic Product(2024).zip
ZAF,2018,shared,FS,tertiary_industries,142792212393.03784,"rand, constant 2015 prices",P0441.2  Provincial Gross Domestic Product(2024).zip
ZAF,2019,shared,FS,tertiary_industries,143939926201.45703,"rand, constant 2015 prices",P0441.2  Provincial Gross Domestic Product(2024).zip
ZAF,2020,shared,FS,tertiary_industries,137728743199.47662,"rand, constant 2015 prices",P0441.2  Provincial Gross Domestic Product(2024).zip
ZAF,2021,shared,FS,tertiary_industries,142933085485.94336,"rand, constant 2015 prices",P0441.2  Provincial Gross Domestic Product(2024).zip
ZAF,2022,shared,FS,tertiary_industries,147275385677.91656,"rand, constant 2015 prices",P0441.2  Provincial Gross Domestic Product(2024).zip
ZAF,2023,shared,FS,tertiary_industries,148450337879.17807,"rand, constant 2015 prices",P0441.2  Provincial Gross Domestic Product(2024).zip
ZAF,2024,shared,FS,tertiary_industries,149752363556.56686,"rand, constant 2015 prices",P0441.2  Provincial Gross Domestic Product(2024).zip
ZAF,2013,shared,FS,wholesale_retail_trade_hotels_restaurants,26658774792.985878,"rand, constant 2015 prices",P0441.2  Provincial Gross Domestic Product(2024).zip
ZAF,2014,shared,FS,wholesale_retail_trade_hotels_restaurants,26882270568.93394,"rand, constant 2015 prices",P0441.2  Provincial Gross Domestic Product(2024).zip
ZAF,2015,shared,FS,wholesale_retail_trade_hotels_restaurants,27003190621.327545,"rand, constant 2015 prices",P0441.2  Provincial Gross Domestic Product(2024).zip
ZAF,2016,shared,FS,wholesale_retail_trade_hotels_restaurants,27181339639.414883,"rand, constant 2015 prices",P0441.2  Provincial Gross Domestic Product(2024).zip
ZAF,2017,shared,FS,wholesale_retail_trade_hotels_restaurants,27013850697.8166,"rand, constant 2015 prices",P0441.2  Provincial Gross Domestic Product(2024).zip
ZAF,2018,shared,FS,wholesale_retail_trade_hotels_restaurants,27309500000.0,"rand, constant 2015 prices",P0441.2  Provincial Gross Domestic Product(2024).zip
ZAF,2019,shared,FS,wholesale_retail_trade_hotels_restaurants,27187434334.085434,"rand, constant 2015 prices",P0441.2  Provincial Gross Domestic Product(2024).zip
ZAF,2020,shared,FS,wholesale_retail_trade_hotels_restaurants,22794364077.90079,"rand, constant 2015 prices",P0441.2  Provincial Gross Domestic Product(2024).zip
ZAF,2021,shared,FS,wholesale_retail_trade_hotels_restaurants,24158804141.698296,"rand, constant 2015 prices",P0441.2  Provincial Gross Domestic Product(2024).zip
ZAF,2022,shared,FS,wholesale_retail_trade_hotels_restaurants,24898000000.0,"rand, constant 2015 prices",P0441.2  Provincial Gross Domestic Product(2024).zip
ZAF,2023,shared,FS,wholesale_retail_trade_hotels_restaurants,24273030124.78442,"rand, constant 2015 prices",P0441.2  Provincial Gross Domestic Product(2024).zip
ZAF,2024,shared,FS,wholesale_retail_trade_hotels_restaurants,23797960050.262077,"rand, constant 2015 prices",P0441.2  Provincial Gross Domestic Product(2024).zip
ZAF,2013,shared,FS,transport_and_communication,15065227785.969692,"rand, constant 2015 prices",P0441.2  Provincial Gross Domestic Product(2024).zip
ZAF,2014,shared,FS,transport_and_communication,15384435997.608027,"rand, constant 2015 prices",P0441.2  Provincial Gross Domestic Product(2024).zip
ZAF,2015,shared,FS,transport_and_communication,15767665743.776394,"rand, constant 2015 prices",P0441.2  Provincial Gross Domestic Product(2024).zip
ZAF,2016,shared,FS,transport_and_communication,15958092684.707571,"rand, constant 2015 prices",P0441.2  Provincial Gross Domestic Product(2024).zip
ZAF,2017,shared,FS,transport_and_communication,16002159199.633053,"rand, constant 2015 prices",P0441.2  Provincial Gross Domestic Product(2024).zip
ZAF,2018,shared,FS,transport_and_communication,16340019966.309872,"rand, constant 2015 prices",P0441.2  Provincial Gross Domestic Product(2024).zip
ZAF,2019,shared,FS,transport_and_communication,16176809854.42346,"rand, constant 2015 prices",P0441.2  Provincial Gross Domestic Product(2024).zip
ZAF,2020,shared,FS,transport_and_communication,14712304724.897808,"rand, constant 2015 prices",P0441.2  Provincial Gross Domestic Product(2024).zip
ZAF,2021,shared,FS,transport_and_communication,16011660908.237812,"rand, constant 2015 prices",P0441.2  Provincial Gross Domestic Product(2024).zip
ZAF,2022,shared,FS,transport_and_communication,17313237233.27667,"rand, constant 2015 prices",P0441.2  Provincial Gross Domestic Product(2024).zip
ZAF,2023,shared,FS,transport_and_communication,17930946650.770058,"rand, constant 2015 prices",P0441.2  Provincial Gross Domestic Product(2024).zip
ZAF,2024,shared,FS,transport_and_communication,17739610469.245796,"rand, constant 2015 prices",P0441.2  Provincial Gross Domestic Product(2024).zip
ZAF,2013,shared,FS,finance_real_estate_and_business_services,38269483712.068,"rand, constant 2015 prices",P0441.2  Provincial Gross Domestic Product(2024).zip
ZAF,2014,shared,FS,finance_real_estate_and_business_services,38875503226.942314,"rand, constant 2015 prices",P0441.2  Provincial Gross Domestic Product(2024).zip
ZAF,2015,shared,FS,finance_real_estate_and_business_services,39007950799.048096,"rand, constant 2015 prices",P0441.2  Provincial Gross Domestic Product(2024).zip
ZAF,2016,shared,FS,finance_real_estate_and_business_services,39640394245.71401,"rand, constant 2015 prices",P0441.2  Provincial Gross Domestic Product(2024).zip
ZAF,2017,shared,FS,finance_real_estate_and_business_services,40012504066.22024,"rand, constant 2015 prices",P0441.2  Provincial Gross Domestic Product(2024).zip
ZAF,2018,shared,FS,finance_real_estate_and_business_services,41112344838.24308,"rand, constant 2015 prices",P0441.2  Provincial Gross Domestic Product(2024).zip
ZAF,2019,shared,FS,finance_real_estate_and_business_services,41984636179.50804,"rand, constant 2015 prices",P0441.2  Provincial Gross Domestic Product(2024).zip
ZAF,2020,shared,FS,finance_real_estate_and_business_services,42016731597.8864,"rand, constant 2015 prices",P0441.2  Provincial Gross Domestic Product(2024).zip
ZAF,2021,shared,FS,finance_real_estate_and_business_services,43234594777.258995,"rand, constant 2015 prices",P0441.2  Provincial Gross Domestic Product(2024).zip
ZAF,2022,shared,FS,finance_real_estate_and_business_services,44203912270.98445,"rand, constant 2015 prices",P0441.2  Provincial Gross Domestic Product(2024).zip
ZAF,2023,shared,FS,finance_real_estate_and_business_services,44762179553.15011,"rand, constant 2015 prices",P0441.2  Provincial Gross Domestic Product(2024).zip
ZAF,2024,shared,FS,finance_real_estate_and_business_services,46200697362.676285,"rand, constant 2015 prices",P0441.2  Provincial Gross Domestic Product(2024).zip
ZAF,2013,shared,FS,personal_services,35514807185.7196,"rand, constant 2015 prices",P0441.2  Provincial Gross Domestic Product(2024).zip
ZAF,2014,shared,FS,personal_services,35903625394.69557,"rand, constant 2015 prices",P0441.2  Provincial Gross Domestic Product(2024).zip
ZAF,2015,shared,FS,personal_services,36228955450.2021,"rand, constant 2015 prices",P0441.2  Provincial Gross Domestic Product(2024).zip
ZAF,2016,shared,FS,personal_services,36580106390.61641,"rand, constant 2015 prices",P0441.2  Provincial Gross Domestic Product(2024).zip
ZAF,2017,shared,FS,personal_services,37147968210.800934,"rand, constant 2015 prices",P0441.2  Provincial Gross Domestic Product(2024).zip
ZAF,2018,shared,FS,personal_services,37279000000.0,"rand, constant 2015 prices",P0441.2  Provincial Gross Domestic Product(2024).zip
ZAF,2019,shared,FS,personal_services,37732870090.18054,"rand, constant 2015 prices",P0441.2  Provincial Gross Domestic Product(2024).zip
ZAF,2020,shared,FS,personal_services,37079975074.008095,"rand, constant 2015 prices",P0441.2  Provincial Gross Domestic Product(2024).zip
ZAF,2021,shared,FS,personal_services,38745803348.67796,"rand, constant 2015 prices",P0441.2  Provincial Gross Domestic Product(2024).zip
ZAF,2022,shared,FS,personal_services,40252928497.70571,"rand, constant 2015 prices",P0441.2  Provincial Gross Domestic Product(2024).zip
ZAF,2023,shared,FS,personal_services,40609043265.39174,"rand, constant 2015 prices",P0441.2  Provincial Gross Domestic Product(2024).zip
ZAF,2024,shared,FS,personal_services,40914539424.965,"rand, constant 2015 prices",P0441.2  Provincial Gross Domestic Product(2024).zip
ZAF,2013,shared,FS,general_government_services,18812718043.30593,"rand, constant 2015 prices",P0441.2  Provincial Gross Domestic Product(2024).zip
ZAF,2014,shared,FS,general_government_services,19212727681.616978,"rand, constant 2015 prices",P0441.2  Provincial Gross Domestic Product(2024).zip
ZAF,2015,shared,FS,general_government_services,19724432000.2505,"rand, constant 2015 prices",P0441.2  Provincial Gross Domestic Product(2024).zip
ZAF,2016,shared,FS,general_government_services,20070641558.32208,"rand, constant 2015 prices",P0441.2  Provincial Gross Domestic Product(2024).zip
ZAF,2017,shared,FS,general_government_services,20341014595.709984,"rand, constant 2015 prices",P0441.2  Provincial Gross Domestic Product(2024).zip
ZAF,2018,shared,FS,general_government_services,20751184443.800774,"rand, constant 2015 prices",P0441.2  Provincial Gross Domestic Product(2024).zip
ZAF,2019,shared,FS,general_government_services,20858175743.25955,"rand, constant 2015 prices",P0441.2  Provincial Gross Domestic Product(2024).zip
ZAF,2020,shared,FS,general_government_services,21125367724.78353,"rand, constant 2015 prices",P0441.2  Provincial Gross Domestic Product(2024).zip
ZAF,2021,shared,FS,general_government_services,20782222310.070312,"rand, constant 2015 prices",P0441.2  Provincial Gross Domestic Product(2024).zip
ZAF,2022,shared,FS,general_government_services,20607307675.949753,"rand, constant 2015 prices",P0441.2  Provincial Gross Domestic Product(2024).zip
ZAF,2023,shared,FS,general_government_services,20875138285.081764,"rand, constant 2015 prices",P0441.2  Provincial Gross Domestic Product(2024).zip
ZAF,2024,shared,FS,general_government_services,21099556249.417706,"rand, constant 2015 prices",P0441.2  Provincial Gross Domestic Product(2024).zip
ZAF,2013,shared,FS,all_industries_at_basic_prices,193251573176.6877,"rand, constant 2015 prices",P0441.2  Provincial Gross Domestic Product(2024).zip
ZAF,2014,shared,FS,all_industries_at_basic_prices,197066769394.011,"rand, constant 2015 prices",P0441.2  Provincial Gross Domestic Product(2024).zip
ZAF,2015,shared,FS,all_industries_at_basic_prices,196155677508.12567,"rand, constant 2015 prices",P0441.2  Provincial Gross Domestic Product(2024).zip
ZAF,2016,shared,FS,all_industries_at_basic_prices,196370595859.40903,"rand, constant 2015 prices",P0441.2  Provincial Gross Domestic Product(2024).zip
ZAF,2017,shared,FS,all_industries_at_basic_prices,199365171177.04678,"rand, constant 2015 prices",P0441.2  Provincial Gross Domestic Product(2024).zip
ZAF,2018,shared,FS,all_industries_at_basic_prices,200947128221.92352,"rand, constant 2015 prices",P0441.2  Provincial Gross Domestic Product(2024).zip
ZAF,2019,shared,FS,all_industries_at_basic_prices,200796370813.00473,"rand, constant 2015 prices",P0441.2  Provincial Gross Domestic Product(2024).zip
ZAF,2020,shared,FS,all_industries_at_basic_prices,189859696518.36362,"rand, constant 2015 prices",P0441.2  Provincial Gross Domestic Product(2024).zip
ZAF,2021,shared,FS,all_industries_at_basic_prices,197149233215.7644,"rand, constant 2015 prices",P0441.2  Provincial Gross Domestic Product(2024).zip
ZAF,2022,shared,FS,all_industries_at_basic_prices,201335591402.8908,"rand, constant 2015 prices",P0441.2  Provincial Gross Domestic Product(2024).zip
ZAF,2023,shared,FS,all_industries_at_basic_prices,201646032719.70648,"rand, constant 2015 prices",P0441.2  Provincial Gross Domestic Product(2024).zip
ZAF,2024,shared,FS,all_industries_at_basic_prices,202523517224.06924,"rand, constant 2015 prices",P0441.2  Provincial Gross Domestic Product(2024).zip
ZAF,2013,shared,FS,taxes_less_subsidies_on_products,20137279472.926086,"rand, constant 2015 prices",P0441.2  Provincial Gross Domestic Product(2024).zip
ZAF,2014,shared,FS,taxes_less_subsidies_on_products,20294913146.7714,"rand, constant 2015 prices",P0441.2  Provincial Gross Domestic Product(2024).zip
ZAF,2015,shared,FS,taxes_less_subsidies_on_products,20616112191.576736,"rand, constant 2015 prices",P0441.2  Provincial Gross Domestic Product(2024).zip
ZAF,2016,shared,FS,taxes_less_subsidies_on_products,20311733253.47886,"rand, constant 2015 prices",P0441.2  Provincial Gross Domestic Product(2024).zip
ZAF,2017,shared,FS,taxes_less_subsidies_on_products,20647487680.00355,"rand, constant 2015 prices",P0441.2  Provincial Gross Domestic Product(2024).zip
ZAF,2018,shared,FS,taxes_less_subsidies_on_products,20619020402.854736,"rand, constant 2015 prices",P0441.2  Provincial Gross Domestic Product(2024).zip
ZAF,2019,shared,FS,taxes_less_subsidies_on_products,20642299908.665836,"rand, constant 2015 prices",P0441.2  Provincial Gross Domestic Product(2024).zip
ZAF,2020,shared,FS,taxes_less_subsidies_on_products,18651396113.18984,"rand, constant 2015 prices",P0441.2  Provincial Gross Domestic Product(2024).zip
ZAF,2021,shared,FS,taxes_less_subsidies_on_products,20148727355.29427,"rand, constant 2015 prices",P0441.2  Provincial Gross Domestic Product(2024).zip
ZAF,2022,shared,FS,taxes_less_subsidies_on_products,20402186883.392166,"rand, constant 2015 prices",P0441.2  Provincial Gross Domestic Product(2024).zip
ZAF,2023,shared,FS,taxes_less_subsidies_on_products,20571914989.743347,"rand, constant 2015 prices",P0441.2  Provincial Gross Domestic Product(2024).zip
ZAF,2024,shared,FS,taxes_less_subsidies_on_products,20769252187.66798,"rand, constant 2015 prices",P0441.2  Provincial Gross Domestic Product(2024).zip
ZAF,2013,shared,FS,gdpr_at_market_prices,213388852649.61377,"rand, constant 2015 prices",P0441.2  Provincial Gross Domestic Product(2024).zip
ZAF,2014,shared,FS,gdpr_at_market_prices,217361682540.78238,"rand, constant 2015 prices",P0441.2  Provincial Gross Domestic Product(2024).zip
ZAF,2015,shared,FS,gdpr_at_market_prices,216771789699.7024,"rand, constant 2015 prices",P0441.2  Provincial Gross Domestic Product(2024).zip
ZAF,2016,shared,FS,gdpr_at_market_prices,216682329112.88788,"rand, constant 2015 prices",P0441.2  Provincial Gross Domestic Product(2024).zip
ZAF,2017,shared,FS,gdpr_at_market_prices,220012658857.05032,"rand, constant 2015 prices",P0441.2  Provincial Gross Domestic Product(2024).zip
ZAF,2018,shared,FS,gdpr_at_market_prices,221566148624.77826,"rand, constant 2015 prices",P0441.2  Provincial Gross Domestic Product(2024).zip
ZAF,2019,shared,FS,gdpr_at_market_prices,221438670721.67056,"rand, constant 2015 prices",P0441.2  Provincial Gross Domestic Product(2024).zip
ZAF,2020,shared,FS,gdpr_at_market_prices,208511092631.55344,"rand, constant 2015 prices",P0441.2  Provincial Gross Domestic Product(2024).zip
ZAF,2021,shared,FS,gdpr_at_market_prices,217297960571.0587,"rand, constant 2015 prices",P0441.2  Provincial Gross Domestic Product(2024).zip
ZAF,2022,shared,FS,gdpr_at_market_prices,221737778286.28296,"rand, constant 2015 prices",P0441.2  Provincial Gross Domestic Product(2024).zip
ZAF,2023,shared,FS,gdpr_at_market_prices,222217947709.44983,"rand, constant 2015 prices",P0441.2  Provincial Gross Domestic Product(2024).zip
ZAF,2024,shared,FS,gdpr_at_market_prices,223292769411.7372,"rand, constant 2015 prices",P0441.2  Provincial Gross Domestic Product(2024).zip
ZAF,2013,shared,KZN,primary_industries,30264566899.512897,"rand, constant 2015 prices",P0441.2  Provincial Gross Domestic Product(2024).zip
ZAF,2014,shared,KZN,primary_industries,33785556484.481857,"rand, constant 2015 prices",P0441.2  Provincial Gross Domestic Product(2024).zip
ZAF,2015,shared,KZN,primary_industries,32761985284.67911,"rand, constant 2015 prices",P0441.2  Provincial Gross Domestic Product(2024).zip
ZAF,2016,shared,KZN,primary_industries,31143957712.230232,"rand, constant 2015 prices",P0441.2  Provincial Gross Domestic Product(2024).zip
ZAF,2017,shared,KZN,primary_industries,38329863093.021385,"rand, constant 2015 prices",P0441.2  Provincial Gross Domestic Product(2024).zip
ZAF,2018,shared,KZN,primary_industries,38256671876.94398,"rand, constant 2015 prices",P0441.2  Provincial Gross Domestic Product(2024).zip
ZAF,2019,shared,KZN,primary_industries,36356464634.85958,"rand, constant 2015 prices",P0441.2  Provincial Gross Domestic Product(2024).zip
ZAF,2020,shared,KZN,primary_industries,39142529504.81676,"rand, constant 2015 prices",P0441.2  Provincial Gross Domestic Product(2024).zip
ZAF,2021,shared,KZN,primary_industries,40838941603.918144,"rand, constant 2015 prices",P0441.2  Provincial Gross Domestic Product(2024).zip
ZAF,2022,shared,KZN,primary_industries,39881716371.29596,"rand, constant 2015 prices",P0441.2  Provincial Gross Domestic Product(2024).zip
ZAF,2023,shared,KZN,primary_industries,38422747203.16671,"rand, constant 2015 prices",P0441.2  Provincial Gross Domestic Product(2024).zip
ZAF,2024,shared,KZN,primary_industries,35686698820.78584,"rand, constant 2015 prices",P0441.2  Provincial Gross Domestic Product(2024).zip
ZAF,2013,shared,KZN,agriculture_forestry_and_fishing,23020921397.685333,"rand, constant 2015 prices",P0441.2  Provincial Gross Domestic Product(2024).zip
ZAF,2014,shared,KZN,agriculture_forestry_and_fishing,25939108199.92866,"rand, constant 2015 prices",P0441.2  Provincial Gross Domestic Product(2024).zip
ZAF,2015,shared,KZN,agriculture_forestry_and_fishing,25146714779.711166,"rand, constant 2015 prices",P0441.2  Provincial Gross Domestic Product(2024).zip
ZAF,2016,shared,KZN,agriculture_forestry_and_fishing,23542020661.427063,"rand, constant 2015 prices",P0441.2  Provincial Gross Domestic Product(2024).zip
ZAF,2017,shared,KZN,agriculture_forestry_and_fishing,30674990326.660305,"rand, constant 2015 prices",P0441.2  Provincial Gross Domestic Product(2024).zip
ZAF,2018,shared,KZN,agriculture_forestry_and_fishing,30709361017.694057,"rand, constant 2015 prices",P0441.2  Provincial Gross Domestic Product(2024).zip
ZAF,2019,shared,KZN,agriculture_forestry_and_fishing,28861408699.881702,"rand, constant 2015 prices",P0441.2  Provincial Gross Domestic Product(2024).zip
ZAF,2020,shared,KZN,agriculture_forestry_and_fishing,32792375518.15591,"rand, constant 2015 prices",P0441.2  Provincial Gross Domestic Product(2024).zip
ZAF,2021,shared,KZN,agriculture_forestry_and_fishing,34227588989.70227,"rand, constant 2015 prices",P0441.2  Provincial Gross Domestic Product(2024).zip
ZAF,2022,shared,KZN,agriculture_forestry_and_fishing,34081455025.75805,"rand, constant 2015 prices",P0441.2  Provincial Gross Domestic Product(2024).zip
ZAF,2023,shared,KZN,agriculture_forestry_and_fishing,32555366565.008976,"rand, constant 2015 prices",P0441.2  Provincial Gross Domestic Product(2024).zip
ZAF,2024,shared,KZN,agriculture_forestry_and_fishing,29653101554.86686,"rand, constant 2015 prices",P0441.2  Provincial Gross Domestic Product(2024).zip
ZAF,2013,shared,KZN,mining_and_quarrying,7243645501.827565,"rand, constant 2015 prices",P0441.2  Provincial Gross Domestic Product(2024).zip
ZAF,2014,shared,KZN,mining_and_quarrying,7846448284.553199,"rand, constant 2015 prices",P0441.2  Provincial Gross Domestic Product(2024).zip
ZAF,2015,shared,KZN,mining_and_quarrying,7615270504.967947,"rand, constant 2015 prices",P0441.2  Provincial Gross Domestic Product(2024).zip
ZAF,2016,shared,KZN,mining_and_quarrying,7601937050.803168,"rand, constant 2015 prices",P0441.2  Provincial Gross Domestic Product(2024).zip
ZAF,2017,shared,KZN,mining_and_quarrying,7654872766.361077,"rand, constant 2015 prices",P0441.2  Provincial Gross Domestic Product(2024).zip
ZAF,2018,shared,KZN,mining_and_quarrying,7547310859.249923,"rand, constant 2015 prices",P0441.2  Provincial Gross Domestic Product(2024).zip
ZAF,2019,shared,KZN,mining_and_quarrying,7495055934.977874,"rand, constant 2015 prices",P0441.2  Provincial Gross Domestic Product(2024).zip
ZAF,2020,shared,KZN,mining_and_quarrying,6350153986.660854,"rand, constant 2015 prices",P0441.2  Provincial Gross Domestic Product(2024).zip
ZAF,2021,shared,KZN,mining_and_quarrying,6611352614.215872,"rand, constant 2015 prices",P0441.2  Provincial Gross Domestic Product(2024).zip
ZAF,2022,shared,KZN,mining_and_quarrying,5800261345.537907,"rand, constant 2015 prices",P0441.2  Provincial Gross Domestic Product(2024).zip
ZAF,2023,shared,KZN,mining_and_quarrying,5867380638.157742,"rand, constant 2015 prices",P0441.2  Provincial Gross Domestic Product(2024).zip
ZAF,2024,shared,KZN,mining_and_quarrying,6033597265.918986,"rand, constant 2015 prices",P0441.2  Provincial Gross Domestic Product(2024).zip
ZAF,2013,shared,KZN,secondary_industries,152803636378.88065,"rand, constant 2015 prices",P0441.2  Provincial Gross Domestic Product(2024).zip
ZAF,2014,shared,KZN,secondary_industries,152539578086.42166,"rand, constant 2015 prices",P0441.2  Provincial Gross Domestic Product(2024).zip
ZAF,2015,shared,KZN,secondary_industries,151903442165.84134,"rand, constant 2015 prices",P0441.2  Provincial Gross Domestic Product(2024).zip
ZAF,2016,shared,KZN,secondary_industries,152098650436.40454,"rand, constant 2015 prices",P0441.2  Provincial Gross Domestic Product(2024).zip
ZAF,2017,shared,KZN,secondary_industries,150450231694.68524,"rand, constant 2015 prices",P0441.2  Provincial Gross Domestic Product(2024).zip
ZAF,2018,shared,KZN,secondary_industries,151373917496.75775,"rand, constant 2015 prices",P0441.2  Provincial Gross Domestic Product(2024).zip
ZAF,2019,shared,KZN,secondary_industries,148947303386.72635,"rand, constant 2015 prices",P0441.2  Provincial Gross Domestic Product(2024).zip
ZAF,2020,shared,KZN,secondary_industries,133174205758.50311,"rand, constant 2015 prices",P0441.2  Provincial Gross Domestic Product(2024).zip
ZAF,2021,shared,KZN,secondary_industries,140286315301.49722,"rand, constant 2015 prices",P0441.2  Provincial Gross Domestic Product(2024).zip
ZAF,2022,shared,KZN,secondary_industries,138541151528.28027,"rand, constant 2015 prices",P0441.2  Provincial Gross Domestic Product(2024).zip
ZAF,2023,shared,KZN,secondary_industries,139300366108.96573,"rand, constant 2015 prices",P0441.2  Provincial Gross Domestic Product(2024).zip
ZAF,2024,shared,KZN,secondary_industries,138351252957.2723,"rand, constant 2015 prices",P0441.2  Provincial Gross Domestic Product(2024).zip
ZAF,2013,shared,KZN,manufacturing,106027009219.06822,"rand, constant 2015 prices",P0441.2  Provincial Gross Domestic Product(2024).zip
ZAF,2014,shared,KZN,manufacturing,105771021496.97394,"rand, constant 2015 prices",P0441.2  Provincial Gross Domestic Product(2024).zip
ZAF,2015,shared,KZN,manufacturing,105700054744.5619,"rand, constant 2015 prices",P0441.2  Provincial Gross Domestic Product(2024).zip
ZAF,2016,shared,KZN,manufacturing,106154232852.80156,"rand, constant 2015 prices",P0441.2  Provincial Gross Domestic Product(2024).zip
ZAF,2017,shared,KZN,manufacturing,106002536505.55998,"rand, constant 2015 prices",P0441.2  Provincial Gross Domestic Product(2024).zip
ZAF,2018,shared,KZN,manufacturing,107474948539.92941,"rand, constant 2015 prices",P0441.2  Provincial Gross Domestic Product(2024).zip
ZAF,2019,shared,KZN,manufacturing,106582925052.72215,"rand, constant 2015 prices",P0441.2  Provincial Gross Domestic Product(2024).zip
ZAF,2020,shared,KZN,manufacturing,95790276067.95792,"rand, constant 2015 prices",P0441.2  Provincial Gross Domestic Product(2024).zip
ZAF,2021,shared,KZN,manufacturing,103131832990.32272,"rand, constant 2015 prices",P0441.2  Provincial Gross Domestic Product(2024).zip
ZAF,2022,shared,KZN,manufacturing,102341087495.47647,"rand, constant 2015 prices",P0441.2  Provincial Gross Domestic Product(2024).zip
ZAF,2023,shared,KZN,manufacturing,104005674516.81277,"rand, constant 2015 prices",P0441.2  Provincial Gross Domestic Product(2024).zip
ZAF,2024,shared,KZN,manufacturing,104129396300.36313,"rand, constant 2015 prices",P0441.2  Provincial Gross Domestic Product(2024).zip
ZAF,2013,shared,KZN,electricity_and_water,19617352534.249386,"rand, constant 2015 prices",P0441.2  Provincial Gross Domestic Product(2024).zip
ZAF,2014,shared,KZN,electricity_and_water,19237724119.285774,"rand, constant 2015 prices",P0441.2  Provincial Gross Domestic Product(2024).zip
ZAF,2015,shared,KZN,electricity_and_water,18348289693.100952,"rand, constant 2015 prices",P0441.2  Provincial Gross Domestic Product(2024).zip
ZAF,2016,shared,KZN,electricity_and_water,17632278004.470215,"rand, constant 2015 prices",P0441.2  Provincial Gross Domestic Product(2024).zip
ZAF,2017,shared,KZN,electricity_and_water,17780301834.14996,"rand, constant 2015 prices",P0441.2  Provincial Gross Domestic Product(2024).zip
ZAF,2018,shared,KZN,electricity_and_water,17963983600.502182,"rand, constant 2015 prices",P0441.2  Provincial Gross Domestic Product(2024).zip
ZAF,2019,shared,KZN,electricity_and_water,17376126717.838814,"rand, constant 2015 prices",P0441.2  Provincial Gross Domestic Product(2024).zip
ZAF,2020,shared,KZN,electricity_and_water,16603801156.432407,"rand, constant 2015 prices",P0441.2  Provincial Gross Domestic Product(2024).zip
ZAF,2021,shared,KZN,electricity_and_water,16845093037.069212,"rand, constant 2015 prices",P0441.2  Provincial Gross Domestic Product(2024).zip
ZAF,2022,shared,KZN,electricity_and_water,16471566026.745667,"rand, constant 2015 prices",P0441.2  Provincial Gross Domestic Product(2024).zip
ZAF,2023,shared,KZN,electricity_and_water,15639789878.045198,"rand, constant 2015 prices",P0441.2  Provincial Gross Domestic Product(2024).zip
ZAF,2024,shared,KZN,electricity_and_water,16060528824.166046,"rand, constant 2015 prices",P0441.2  Provincial Gross Domestic Product(2024).zip
ZAF,2013,shared,KZN,construction,27159274625.563057,"rand, constant 2015 prices",P0441.2  Provincial Gross Domestic Product(2024).zip
ZAF,2014,shared,KZN,construction,27530832470.16195,"rand, constant 2015 prices",P0441.2  Provincial Gross Domestic Product(2024).zip
ZAF,2015,shared,KZN,construction,27855097728.178486,"rand, constant 2015 prices",P0441.2  Provincial Gross Domestic Product(2024).zip
ZAF,2016,shared,KZN,construction,28312139579.132744,"rand, constant 2015 prices",P0441.2  Provincial Gross Domestic Product(2024).zip
ZAF,2017,shared,KZN,construction,26667393354.975304,"rand, constant 2015 prices",P0441.2  Provincial Gross Domestic Product(2024).zip
ZAF,2018,shared,KZN,construction,25934985356.326157,"rand, constant 2015 prices",P0441.2  Provincial Gross Domestic Product(2024).zip
ZAF,2019,shared,KZN,construction,24988251616.165405,"rand, constant 2015 prices",P0441.2  Provincial Gross Domestic Product(2024).zip
ZAF,2020,shared,KZN,construction,20780128534.112797,"rand, constant 2015 prices",P0441.2  Provincial Gross Domestic Product(2024).zip
ZAF,2021,shared,KZN,construction,20309389274.105293,"rand, constant 2015 prices",P0441.2  Provincial Gross Domestic Product(2024).zip
ZAF,2022,shared,KZN,construction,19728498006.058136,"rand, constant 2015 prices",P0441.2  Provincial Gross Domestic Product(2024).zip
ZAF,2023,shared,KZN,construction,19654901714.107773,"rand, constant 2015 prices",P0441.2  Provincial Gross Domestic Product(2024).zip
ZAF,2024,shared,KZN,construction,18161327832.74315,"rand, constant 2015 prices",P0441.2  Provincial Gross Domestic Product(2024).zip
ZAF,2013,shared,KZN,tertiary_industries,452241215010.3265,"rand, constant 2015 prices",P0441.2  Provincial Gross Domestic Product(2024).zip
ZAF,2014,shared,KZN,tertiary_industries,462304307946.05707,"rand, constant 2015 prices",P0441.2  Provincial Gross Domestic Product(2024).zip
ZAF,2015,shared,KZN,tertiary_industries,470751030933.60944,"rand, constant 2015 prices",P0441.2  Provincial Gross Domestic Product(2024).zip
ZAF,2016,shared,KZN,tertiary_industries,478242150860.11383,"rand, constant 2015 prices",P0441.2  Provincial Gross Domestic Product(2024).zip
ZAF,2017,shared,KZN,tertiary_industries,483000684037.41205,"rand, constant 2015 prices",P0441.2  Provincial Gross Domestic Product(2024).zip
ZAF,2018,shared,KZN,tertiary_industries,492549975600.92816,"rand, constant 2015 prices",P0441.2  Provincial Gross Domestic Product(2024).zip
ZAF,2019,shared,KZN,tertiary_industries,497738849459.66766,"rand, constant 2015 prices",P0441.2  Provincial Gross Domestic Product(2024).zip
ZAF,2020,shared,KZN,tertiary_industries,480037665387.66077,"rand, constant 2015 prices",P0441.2  Provincial Gross Domestic Product(2024).zip
ZAF,2021,shared,KZN,tertiary_industries,498105839440.4709,"rand, constant 2015 prices",P0441.2  Provincial Gross Domestic Product(2024).zip
ZAF,2022,shared,KZN,tertiary_industries,508488108096.4506,"rand, constant 2015 prices",P0441.2  Provincial Gross Domestic Product(2024).zip
ZAF,2023,shared,KZN,tertiary_industries,516689202627.98145,"rand, constant 2015 prices",P0441.2  Provincial Gross Domestic Product(2024).zip
ZAF,2024,shared,KZN,tertiary_industries,522982278794.9893,"rand, constant 2015 prices",P0441.2  Provincial Gross Domestic Product(2024).zip
ZAF,2013,shared,KZN,wholesale_retail_trade_hotels_restaurants,87378354560.36078,"rand, constant 2015 prices",P0441.2  Provincial Gross Domestic Product(2024).zip
ZAF,2014,shared,KZN,wholesale_retail_trade_hotels_restaurants,88311828707.64,"rand, constant 2015 prices",P0441.2  Provincial Gross Domestic Product(2024).zip
ZAF,2015,shared,KZN,wholesale_retail_trade_hotels_restaurants,89806938705.69609,"rand, constant 2015 prices",P0441.2  Provincial Gross Domestic Product(2024).zip
ZAF,2016,shared,KZN,wholesale_retail_trade_hotels_restaurants,91452721578.33128,"rand, constant 2015 prices",P0441.2  Provincial Gross Domestic Product(2024).zip
ZAF,2017,shared,KZN,wholesale_retail_trade_hotels_restaurants,89842412395.6392,"rand, constant 2015 prices",P0441.2  Provincial Gross Domestic Product(2024).zip
ZAF,2018,shared,KZN,wholesale_retail_trade_hotels_restaurants,90744012463.21289,"rand, constant 2015 prices",P0441.2  Provincial Gross Domestic Product(2024).zip
ZAF,2019,shared,KZN,wholesale_retail_trade_hotels_restaurants,90592192735.7597,"rand, constant 2015 prices",P0441.2  Provincial Gross Domestic Product(2024).zip
ZAF,2020,shared,KZN,wholesale_retail_trade_hotels_restaurants,81496563059.55388,"rand, constant 2015 prices",P0441.2  Provincial Gross Domestic Product(2024).zip
ZAF,2021,shared,KZN,wholesale_retail_trade_hotels_restaurants,87652093264.15184,"rand, constant 2015 prices",P0441.2  Provincial Gross Domestic Product(2024).zip
ZAF,2022,shared,KZN,wholesale_retail_trade_hotels_restaurants,89196137902.77396,"rand, constant 2015 prices",P0441.2  Provincial Gross Domestic Product(2024).zip
ZAF,2023,shared,KZN,wholesale_retail_trade_hotels_restaurants,88162496310.4475,"rand, constant 2015 prices",P0441.2  Provincial Gross Domestic Product(2024).zip
ZAF,2024,shared,KZN,wholesale_retail_trade_hotels_restaurants,86962806112.09549,"rand, constant 2015 prices",P0441.2  Provincial Gross Domestic Product(2024).zip
ZAF,2013,shared,KZN,transport_and_communication,70010359948.0919,"rand, constant 2015 prices",P0441.2  Provincial Gross Domestic Product(2024).zip
ZAF,2014,shared,KZN,transport_and_communication,71704839054.02681,"rand, constant 2015 prices",P0441.2  Provincial Gross Domestic Product(2024).zip
ZAF,2015,shared,KZN,transport_and_communication,73566404375.95613,"rand, constant 2015 prices",P0441.2  Provincial Gross Domestic Product(2024).zip
ZAF,2016,shared,KZN,transport_and_communication,74900542930.6272,"rand, constant 2015 prices",P0441.2  Provincial Gross Domestic Product(2024).zip
ZAF,2017,shared,KZN,transport_and_communication,75687975313.54881,"rand, constant 2015 prices",P0441.2  Provincial Gross Domestic Product(2024).zip
ZAF,2018,shared,KZN,transport_and_communication,77979834322.02586,"rand, constant 2015 prices",P0441.2  Provincial Gross Domestic Product(2024).zip
ZAF,2019,shared,KZN,transport_and_communication,77677381630.41626,"rand, constant 2015 prices",P0441.2  Provincial Gross Domestic Product(2024).zip
ZAF,2020,shared,KZN,transport_and_communication,69735868794.96979,"rand, constant 2015 prices",P0441.2  Provincial Gross Domestic Product(2024).zip
ZAF,2021,shared,KZN,transport_and_communication,69063066522.16054,"rand, constant 2015 prices",P0441.2  Provincial Gross Domestic Product(2024).zip
ZAF,2022,shared,KZN,transport_and_communication,68604278207.49715,"rand, constant 2015 prices",P0441.2  Provincial Gross Domestic Product(2024).zip
ZAF,2023,shared,KZN,transport_and_communication,72076321269.38516,"rand, constant 2015 prices",P0441.2  Provincial Gross Domestic Product(2024).zip
ZAF,2024,shared,KZN,transport_and_communication,71613444150.18037,"rand, constant 2015 prices",P0441.2  Provincial Gross Domestic Product(2024).zip
ZAF,2013,shared,KZN,finance_real_estate_and_business_services,114230569509.46648,"rand, constant 2015 prices",P0441.2  Provincial Gross Domestic Product(2024).zip
ZAF,2014,shared,KZN,finance_real_estate_and_business_services,117188953180.96608,"rand, constant 2015 prices",P0441.2  Provincial Gross Domestic Product(2024).zip
ZAF,2015,shared,KZN,finance_real_estate_and_business_services,119800396259.25212,"rand, constant 2015 prices",P0441.2  Provincial Gross Domestic Product(2024).zip
ZAF,2016,shared,KZN,finance_real_estate_and_business_services,121447915268.13142,"rand, constant 2015 prices",P0441.2  Provincial Gross Domestic Product(2024).zip
ZAF,2017,shared,KZN,finance_real_estate_and_business_services,124511835976.7361,"rand, constant 2015 prices",P0441.2  Provincial Gross Domestic Product(2024).zip
ZAF,2018,shared,KZN,finance_real_estate_and_business_services,128937952594.49527,"rand, constant 2015 prices",P0441.2  Provincial Gross Domestic Product(2024).zip
ZAF,2019,shared,KZN,finance_real_estate_and_business_services,131800404192.48608,"rand, constant 2015 prices",P0441.2  Provincial Gross Domestic Product(2024).zip
ZAF,2020,shared,KZN,finance_real_estate_and_business_services,131999612055.97266,"rand, constant 2015 prices",P0441.2  Provincial Gross Domestic Product(2024).zip
ZAF,2021,shared,KZN,finance_real_estate_and_business_services,136310618221.15065,"rand, constant 2015 prices",P0441.2  Provincial Gross Domestic Product(2024).zip
ZAF,2022,shared,KZN,finance_real_estate_and_business_services,140893757751.22995,"rand, constant 2015 prices",P0441.2  Provincial Gross Domestic Product(2024).zip
ZAF,2023,shared,KZN,finance_real_estate_and_business_services,144140369419.20364,"rand, constant 2015 prices",P0441.2  Provincial Gross Domestic Product(2024).zip
ZAF,2024,shared,KZN,finance_real_estate_and_business_services,148988309406.67084,"rand, constant 2015 prices",P0441.2  Provincial Gross Domestic Product(2024).zip
ZAF,2013,shared,KZN,personal_services,133266324805.78572,"rand, constant 2015 prices",P0441.2  Provincial Gross Domestic Product(2024).zip
ZAF,2014,shared,KZN,personal_services,136012951228.25851,"rand, constant 2015 prices",P0441.2  Provincial Gross Domestic Product(2024).zip
ZAF,2015,shared,KZN,personal_services,137177540421.25114,"rand, constant 2015 prices",P0441.2  Provincial Gross Domestic Product(2024).zip
ZAF,2016,shared,KZN,personal_services,138834123139.21405,"rand, constant 2015 prices",P0441.2  Provincial Gross Domestic Product(2024).zip
ZAF,2017,shared,KZN,personal_services,140651999731.99808,"rand, constant 2015 prices",P0441.2  Provincial Gross Domestic Product(2024).zip
ZAF,2018,shared,KZN,personal_services,141663471000.0,"rand, constant 2015 prices",P0441.2  Provincial Gross Domestic Product(2024).zip
ZAF,2019,shared,KZN,personal_services,143608081574.06396,"rand, constant 2015 prices",P0441.2  Provincial Gross Domestic Product(2024).zip
ZAF,2020,shared,KZN,personal_services,141884253054.22064,"rand, constant 2015 prices",P0441.2  Provincial Gross Domestic Product(2024).zip
ZAF,2021,shared,KZN,personal_services,151108992108.76526,"rand, constant 2015 prices",P0441.2  Provincial Gross Domestic Product(2024).zip
ZAF,2022,shared,KZN,personal_services,156159328384.467,"rand, constant 2015 prices",P0441.2  Provincial Gross Domestic Product(2024).zip
ZAF,2023,shared,KZN,personal_services,158089229254.4057,"rand, constant 2015 prices",P0441.2  Provincial Gross Domestic Product(2024).zip
ZAF,2024,shared,KZN,personal_services,160810827130.98877,"rand, constant 2015 prices",P0441.2  Provincial Gross Domestic Product(2024).zip
ZAF,2013,shared,KZN,general_government_services,47355606186.62156,"rand, constant 2015 prices",P0441.2  Provincial Gross Domestic Product(2024).zip
ZAF,2014,shared,KZN,general_government_services,49085735775.16558,"rand, constant 2015 prices",P0441.2  Provincial Gross Domestic Product(2024).zip
ZAF,2015,shared,KZN,general_government_services,50399751171.454,"rand, constant 2015 prices",P0441.2  Provincial Gross Domestic Product(2024).zip
ZAF,2016,shared,KZN,general_government_services,51606847943.80988,"rand, constant 2015 prices",P0441.2  Provincial Gross Domestic Product(2024).zip
ZAF,2017,shared,KZN,general_government_services,52306760619.48997,"rand, constant 2015 prices",P0441.2  Provincial Gross Domestic Product(2024).zip
ZAF,2018,shared,KZN,general_government_services,53224557084.79772,"rand, constant 2015 prices",P0441.2  Provincial Gross Domestic Product(2024).zip
ZAF,2019,shared,KZN,general_government_services,54060789326.94174,"rand, constant 2015 prices",P0441.2  Provincial Gross Domestic Product(2024).zip
ZAF,2020,shared,KZN,general_government_services,54921368422.94385,"rand, constant 2015 prices",P0441.2  Provincial Gross Domestic Product(2024).zip
ZAF,2021,shared,KZN,general_government_services,53971069324.24265,"rand, constant 2015 prices",P0441.2  Provincial Gross Domestic Product(2024).zip
ZAF,2022,shared,KZN,general_government_services,53634605850.48256,"rand, constant 2015 prices",P0441.2  Provincial Gross Domestic Product(2024).zip
ZAF,2023,shared,KZN,general_government_services,54220786374.53943,"rand, constant 2015 prices",P0441.2  Provincial Gross Domestic Product(2024).zip
ZAF,2024,shared,KZN,general_government_services,54606891995.0539,"rand, constant 2015 prices",P0441.2  Provincial Gross Domestic Product(2024).zip
ZAF,2013,shared,KZN,all_industries_at_basic_prices,635309418288.7201,"rand, constant 2015 prices",P0441.2  Provincial Gross Domestic Product(2024).zip
ZAF,2014,shared,KZN,all_industries_at_basic_prices,648629442516.9606,"rand, constant 2015 prices",P0441.2  Provincial Gross Domestic Product(2024).zip
ZAF,2015,shared,KZN,all_industries_at_basic_prices,655416458384.1299,"rand, constant 2015 prices",P0441.2  Provincial Gross Domestic Product(2024).zip
ZAF,2016,shared,KZN,all_industries_at_basic_prices,661484759008.7487,"rand, constant 2015 prices",P0441.2  Provincial Gross Domestic Product(2024).zip
ZAF,2017,shared,KZN,all_industries_at_basic_prices,671780778825.1187,"rand, constant 2015 prices",P0441.2  Provincial Gross Domestic Product(2024).zip
ZAF,2018,shared,KZN,all_industries_at_basic_prices,682180564974.6299,"rand, constant 2015 prices",P0441.2  Provincial Gross Domestic Product(2024).zip
ZAF,2019,shared,KZN,all_industries_at_basic_prices,683042617481.2535,"rand, constant 2015 prices",P0441.2  Provincial Gross Domestic Product(2024).zip
ZAF,2020,shared,KZN,all_industries_at_basic_prices,652354400650.9806,"rand, constant 2015 prices",P0441.2  Provincial Gross Domestic Product(2024).zip
ZAF,2021,shared,KZN,all_industries_at_basic_prices,679231096345.8864,"rand, constant 2015 prices",P0441.2  Provincial Gross Domestic Product(2024).zip
ZAF,2022,shared,KZN,all_industries_at_basic_prices,686910975996.0269,"rand, constant 2015 prices",P0441.2  Provincial Gross Domestic Product(2024).zip
ZAF,2023,shared,KZN,all_industries_at_basic_prices,694412315940.1139,"rand, constant 2015 prices",P0441.2  Provincial Gross Domestic Product(2024).zip
ZAF,2024,shared,KZN,all_industries_at_basic_prices,697020230573.0475,"rand, constant 2015 prices",P0441.2  Provincial Gross Domestic Product(2024).zip
ZAF,2013,shared,KZN,taxes_less_subsidies_on_products,67788495117.08327,"rand, constant 2015 prices",P0441.2  Provincial Gross Domestic Product(2024).zip
ZAF,2014,shared,KZN,taxes_less_subsidies_on_products,68298090146.16844,"rand, constant 2015 prices",P0441.2  Provincial Gross Domestic Product(2024).zip
ZAF,2015,shared,KZN,taxes_less_subsidies_on_products,70175389800.1555,"rand, constant 2015 prices",P0441.2  Provincial Gross Domestic Product(2024).zip
ZAF,2016,shared,KZN,taxes_less_subsidies_on_products,69695916321.35472,"rand, constant 2015 prices",P0441.2  Provincial Gross Domestic Product(2024).zip
ZAF,2017,shared,KZN,taxes_less_subsidies_on_products,70885495140.74135,"rand, constant 2015 prices",P0441.2  Provincial Gross Domestic Product(2024).zip
ZAF,2018,shared,KZN,taxes_less_subsidies_on_products,71429994874.61841,"rand, constant 2015 prices",P0441.2  Provincial Gross Domestic Product(2024).zip
ZAF,2019,shared,KZN,taxes_less_subsidies_on_products,71790179908.0701,"rand, constant 2015 prices",P0441.2  Provincial Gross Domestic Product(2024).zip
ZAF,2020,shared,KZN,taxes_less_subsidies_on_products,65121833061.26282,"rand, constant 2015 prices",P0441.2  Provincial Gross Domestic Product(2024).zip
ZAF,2021,shared,KZN,taxes_less_subsidies_on_products,70940679437.5173,"rand, constant 2015 prices",P0441.2  Provincial Gross Domestic Product(2024).zip
ZAF,2022,shared,KZN,taxes_less_subsidies_on_products,71669365220.43658,"rand, constant 2015 prices",P0441.2  Provincial Gross Domestic Product(2024).zip
ZAF,2023,shared,KZN,taxes_less_subsidies_on_products,72927617987.07576,"rand, constant 2015 prices",P0441.2  Provincial Gross Domestic Product(2024).zip
ZAF,2024,shared,KZN,taxes_less_subsidies_on_products,73732702248.26918,"rand, constant 2015 prices",P0441.2  Provincial Gross Domestic Product(2024).zip
ZAF,2013,shared,KZN,gdpr_at_market_prices,703097913405.8033,"rand, constant 2015 prices",P0441.2  Provincial Gross Domestic Product(2024).zip
ZAF,2014,shared,KZN,gdpr_at_market_prices,716927532663.129,"rand, constant 2015 prices",P0441.2  Provincial Gross Domestic Product(2024).zip
ZAF,2015,shared,KZN,gdpr_at_market_prices,725591848184.2854,"rand, constant 2015 prices",P0441.2  Provincial Gross Domestic Product(2024).zip
ZAF,2016,shared,KZN,gdpr_at_market_prices,731180675330.1034,"rand, constant 2015 prices",P0441.2  Provincial Gross Domestic Product(2024).zip
ZAF,2017,shared,KZN,gdpr_at_market_prices,742666273965.86,"rand, constant 2015 prices",P0441.2  Provincial Gross Domestic Product(2024).zip
ZAF,2018,shared,KZN,gdpr_at_market_prices,753610559849.2483,"rand, constant 2015 prices",P0441.2  Provincial Gross Domestic Product(2024).zip
ZAF,2019,shared,KZN,gdpr_at_market_prices,754832797389.3237,"rand, constant 2015 prices",P0441.2  Provincial Gross Domestic Product(2024).zip
ZAF,2020,shared,KZN,gdpr_at_market_prices,717476233712.2435,"rand, constant 2015 prices",P0441.2  Provincial Gross Domestic Product(2024).zip
ZAF,2021,shared,KZN,gdpr_at_market_prices,750171775783.4037,"rand, constant 2015 prices",P0441.2  Provincial Gross Domestic Product(2024).zip
ZAF,2022,shared,KZN,gdpr_at_market_prices,758580341216.4635,"rand, constant 2015 prices",P0441.2  Provincial Gross Domestic Product(2024).zip
ZAF,2023,shared,KZN,gdpr_at_market_prices,767339933927.1896,"rand, constant 2015 prices",P0441.2  Provincial Gross Domestic Product(2024).zip
ZAF,2024,shared,KZN,gdpr_at_market_prices,770752932821.3168,"rand, constant 2015 prices",P0441.2  Provincial Gross Domestic Product(2024).zip
ZAF,2013,shared,NW,primary_industries,64774937511.348656,"rand, constant 2015 prices",P0441.2  Provincial Gross Domestic Product(2024).zip
ZAF,2014,shared,NW,primary_industries,58157346768.48044,"rand, constant 2015 prices",P0441.2  Provincial Gross Domestic Product(2024).zip
ZAF,2015,shared,NW,primary_industries,66587913873.47732,"rand, constant 2015 prices",P0441.2  Provincial Gross Domestic Product(2024).zip
ZAF,2016,shared,NW,primary_industries,59391626688.471794,"rand, constant 2015 prices",P0441.2  Provincial Gross Domestic Product(2024).zip
ZAF,2017,shared,NW,primary_industries,62140558071.855125,"rand, constant 2015 prices",P0441.2  Provincial Gross Domestic Product(2024).zip
ZAF,2018,shared,NW,primary_industries,62995255445.42422,"rand, constant 2015 prices",P0441.2  Provincial Gross Domestic Product(2024).zip
ZAF,2019,shared,NW,primary_industries,62218254602.82934,"rand, constant 2015 prices",P0441.2  Provincial Gross Domestic Product(2024).zip
ZAF,2020,shared,NW,primary_industries,56917489732.86684,"rand, constant 2015 prices",P0441.2  Provincial Gross Domestic Product(2024).zip
ZAF,2021,shared,NW,primary_industries,64730095149.45672,"rand, constant 2015 prices",P0441.2  Provincial Gross Domestic Product(2024).zip
ZAF,2022,shared,NW,primary_industries,61698325145.50906,"rand, constant 2015 prices",P0441.2  Provincial Gross Domestic Product(2024).zip
ZAF,2023,shared,NW,primary_industries,61205832652.969315,"rand, constant 2015 prices",P0441.2  Provincial Gross Domestic Product(2024).zip
ZAF,2024,shared,NW,primary_industries,60637146480.883026,"rand, constant 2015 prices",P0441.2  Provincial Gross Domestic Product(2024).zip
ZAF,2013,shared,NW,agriculture_forestry_and_fishing,6942964790.249148,"rand, constant 2015 prices",P0441.2  Provincial Gross Domestic Product(2024).zip
ZAF,2014,shared,NW,agriculture_forestry_and_fishing,7650028406.552897,"rand, constant 2015 prices",P0441.2  Provincial Gross Domestic Product(2024).zip
ZAF,2015,shared,NW,agriculture_forestry_and_fishing,6655618084.380229,"rand, constant 2015 prices",P0441.2  Provincial Gross Domestic Product(2024).zip
ZAF,2016,shared,NW,agriculture_forestry_and_fishing,6020191042.097984,"rand, constant 2015 prices",P0441.2  Provincial Gross Domestic Product(2024).zip
ZAF,2017,shared,NW,agriculture_forestry_and_fishing,7433280505.739232,"rand, constant 2015 prices",P0441.2  Provincial Gross Domestic Product(2024).zip
ZAF,2018,shared,NW,agriculture_forestry_and_fishing,7422433848.785517,"rand, constant 2015 prices",P0441.2  Provincial Gross Domestic Product(2024).zip
ZAF,2019,shared,NW,agriculture_forestry_and_fishing,6746627972.434878,"rand, constant 2015 prices",P0441.2  Provincial Gross Domestic Product(2024).zip
ZAF,2020,shared,NW,agriculture_forestry_and_fishing,7471320205.060962,"rand, constant 2015 prices",P0441.2  Provincial Gross Domestic Product(2024).zip
ZAF,2021,shared,NW,agriculture_forestry_and_fishing,7885975461.571238,"rand, constant 2015 prices",P0441.2  Provincial Gross Domestic Product(2024).zip
ZAF,2022,shared,NW,agriculture_forestry_and_fishing,8054046561.684998,"rand, constant 2015 prices",P0441.2  Provincial Gross Domestic Product(2024).zip
ZAF,2023,shared,NW,agriculture_forestry_and_fishing,7726356476.986912,"rand, constant 2015 prices",P0441.2  Provincial Gross Domestic Product(2024).zip
ZAF,2024,shared,NW,agriculture_forestry_and_fishing,7188496964.039245,"rand, constant 2015 prices",P0441.2  Provincial Gross Domestic Product(2024).zip
ZAF,2013,shared,NW,mining_and_quarrying,57831972721.0995,"rand, constant 2015 prices",P0441.2  Provincial Gross Domestic Product(2024).zip
ZAF,2014,shared,NW,mining_and_quarrying,50507318361.927536,"rand, constant 2015 prices",P0441.2  Provincial Gross Domestic Product(2024).zip
ZAF,2015,shared,NW,mining_and_quarrying,59932295789.097084,"rand, constant 2015 prices",P0441.2  Provincial Gross Domestic Product(2024).zip
ZAF,2016,shared,NW,mining_and_quarrying,53371435646.37381,"rand, constant 2015 prices",P0441.2  Provincial Gross Domestic Product(2024).zip
ZAF,2017,shared,NW,mining_and_quarrying,54707277566.1159,"rand, constant 2015 prices",P0441.2  Provincial Gross Domestic Product(2024).zip
ZAF,2018,shared,NW,mining_and_quarrying,55572821596.63871,"rand, constant 2015 prices",P0441.2  Provincial Gross Domestic Product(2024).zip
ZAF,2019,shared,NW,mining_and_quarrying,55471626630.394455,"rand, constant 2015 prices",P0441.2  Provincial Gross Domestic Product(2024).zip
ZAF,2020,shared,NW,mining_and_quarrying,49446169527.80588,"rand, constant 2015 prices",P0441.2  Provincial Gross Domestic Product(2024).zip
ZAF,2021,shared,NW,mining_and_quarrying,56844119687.88548,"rand, constant 2015 prices",P0441.2  Provincial Gross Domestic Product(2024).zip
ZAF,2022,shared,NW,mining_and_quarrying,53644278583.824066,"rand, constant 2015 prices",P0441.2  Provincial Gross Domestic Product(2024).zip
ZAF,2023,shared,NW,mining_and_quarrying,53479476175.98241,"rand, constant 2015 prices",P0441.2  Provincial Gross Domestic Product(2024).zip
ZAF,2024,shared,NW,mining_and_quarrying,53448649516.84378,"rand, constant 2015 prices",P0441.2  Provincial Gross Domestic Product(2024).zip
ZAF,2013,shared,NW,secondary_industries,29094048621.580807,"rand, constant 2015 prices",P0441.2  Provincial Gross Domestic Product(2024).zip
ZAF,2014,shared,NW,secondary_industries,28993263782.521282,"rand, constant 2015 prices",P0441.2  Provincial Gross Domestic Product(2024).zip
ZAF,2015,shared,NW,secondary_industries,28337825267.629967,"rand, constant 2015 prices",P0441.2  Provincial Gross Domestic Product(2024).zip
ZAF,2016,shared,NW,secondary_industries,28218569294.29687,"rand, constant 2015 prices",P0441.2  Provincial Gross Domestic Product(2024).zip
ZAF,2017,shared,NW,secondary_industries,27847703488.613514,"rand, constant 2015 prices",P0441.2  Provincial Gross Domestic Product(2024).zip
ZAF,2018,shared,NW,secondary_industries,27971776106.665997,"rand, constant 2015 prices",P0441.2  Provincial Gross Domestic Product(2024).zip
ZAF,2019,shared,NW,secondary_industries,27411259978.129833,"rand, constant 2015 prices",P0441.2  Provincial Gross Domestic Product(2024).zip
ZAF,2020,shared,NW,secondary_industries,24040763814.39452,"rand, constant 2015 prices",P0441.2  Provincial Gross Domestic Product(2024).zip
ZAF,2021,shared,NW,secondary_industries,25327618156.829712,"rand, constant 2015 prices",P0441.2  Provincial Gross Domestic Product(2024).zip
ZAF,2022,shared,NW,secondary_industries,24837722623.495102,"rand, constant 2015 prices",P0441.2  Provincial Gross Domestic Product(2024).zip
ZAF,2023,shared,NW,secondary_industries,24387660532.64504,"rand, constant 2015 prices",P0441.2  Provincial Gross Domestic Product(2024).zip
ZAF,2024,shared,NW,secondary_industries,24079416451.19904,"rand, constant 2015 prices",P0441.2  Provincial Gross Domestic Product(2024).zip
ZAF,2013,shared,NW,manufacturing,14459148557.529593,"rand, constant 2015 prices",P0441.2  Provincial Gross Domestic Product(2024).zip
ZAF,2014,shared,NW,manufacturing,14467929304.27077,"rand, constant 2015 prices",P0441.2  Provincial Gross Domestic Product(2024).zip
ZAF,2015,shared,NW,manufacturing,14197115833.887346,"rand, constant 2015 prices",P0441.2  Provincial Gross Domestic Product(2024).zip
ZAF,2016,shared,NW,manufacturing,14276166030.741348,"rand, constant 2015 prices",P0441.2  Provincial Gross Domestic Product(2024).zip
ZAF,2017,shared,NW,manufacturing,14250777010.661804,"rand, constant 2015 prices",P0441.2  Provincial Gross Domestic Product(2024).zip
ZAF,2018,shared,NW,manufacturing,14375424987.00673,"rand, constant 2015 prices",P0441.2  Provincial Gross Domestic Product(2024).zip
ZAF,2019,shared,NW,manufacturing,14268482570.111555,"rand, constant 2015 prices",P0441.2  Provincial Gross Domestic Product(2024).zip
ZAF,2020,shared,NW,manufacturing,12417233511.21705,"rand, constant 2015 prices",P0441.2  Provincial Gross Domestic Product(2024).zip
ZAF,2021,shared,NW,manufacturing,13560835044.772146,"rand, constant 2015 prices",P0441.2  Provincial Gross Domestic Product(2024).zip
ZAF,2022,shared,NW,manufacturing,13401901070.367676,"rand, constant 2015 prices",P0441.2  Provincial Gross Domestic Product(2024).zip
ZAF,2023,shared,NW,manufacturing,13277258794.228859,"rand, constant 2015 prices",P0441.2  Provincial Gross Domestic Product(2024).zip
ZAF,2024,shared,NW,manufacturing,13097117591.042995,"rand, constant 2015 prices",P0441.2  Provincial Gross Domestic Product(2024).zip
ZAF,2013,shared,NW,electricity_and_water,8470994168.516163,"rand, constant 2015 prices",P0441.2  Provincial Gross Domestic Product(2024).zip
ZAF,2014,shared,NW,electricity_and_water,8335148536.0745735,"rand, constant 2015 prices",P0441.2  Provincial Gross Domestic Product(2024).zip
ZAF,2015,shared,NW,electricity_and_water,7930927592.410681,"rand, constant 2015 prices",P0441.2  Provincial Gross Domestic Product(2024).zip
ZAF,2016,shared,NW,electricity_and_water,7668411144.13382,"rand, constant 2015 prices",P0441.2  Provincial Gross Domestic Product(2024).zip
ZAF,2017,shared,NW,electricity_and_water,7698970466.479906,"rand, constant 2015 prices",P0441.2  Provincial Gross Domestic Product(2024).zip
ZAF,2018,shared,NW,electricity_and_water,7747697663.216592,"rand, constant 2015 prices",P0441.2  Provincial Gross Domestic Product(2024).zip
ZAF,2019,shared,NW,electricity_and_water,7471212104.358741,"rand, constant 2015 prices",P0441.2  Provincial Gross Domestic Product(2024).zip
ZAF,2020,shared,NW,electricity_and_water,7015214825.673231,"rand, constant 2015 prices",P0441.2  Provincial Gross Domestic Product(2024).zip
ZAF,2021,shared,NW,electricity_and_water,7215741756.227555,"rand, constant 2015 prices",P0441.2  Provincial Gross Domestic Product(2024).zip
ZAF,2022,shared,NW,electricity_and_water,6921877048.869794,"rand, constant 2015 prices",P0441.2  Provincial Gross Domestic Product(2024).zip
ZAF,2023,shared,NW,electricity_and_water,6648993113.99182,"rand, constant 2015 prices",P0441.2  Provincial Gross Domestic Product(2024).zip
ZAF,2024,shared,NW,electricity_and_water,6767406832.469377,"rand, constant 2015 prices",P0441.2  Provincial Gross Domestic Product(2024).zip
ZAF,2013,shared,NW,construction,6163905895.53505,"rand, constant 2015 prices",P0441.2  Provincial Gross Domestic Product(2024).zip
ZAF,2014,shared,NW,construction,6190185942.175937,"rand, constant 2015 prices",P0441.2  Provincial Gross Domestic Product(2024).zip
ZAF,2015,shared,NW,construction,6209781841.331939,"rand, constant 2015 prices",P0441.2  Provincial Gross Domestic Product(2024).zip
ZAF,2016,shared,NW,construction,6273992119.421706,"rand, constant 2015 prices",P0441.2  Provincial Gross Domestic Product(2024).zip
ZAF,2017,shared,NW,construction,5897956011.471807,"rand, constant 2015 prices",P0441.2  Provincial Gross Domestic Product(2024).zip
ZAF,2018,shared,NW,construction,5848653456.442675,"rand, constant 2015 prices",P0441.2  Provincial Gross Domestic Product(2024).zip
ZAF,2019,shared,NW,construction,5671565303.659537,"rand, constant 2015 prices",P0441.2  Provincial Gross Domestic Product(2024).zip
ZAF,2020,shared,NW,construction,4608315477.504238,"rand, constant 2015 prices",P0441.2  Provincial Gross Domestic Product(2024).zip
ZAF,2021,shared,NW,construction,4551041355.830008,"rand, constant 2015 prices",P0441.2  Provincial Gross Domestic Product(2024).zip
ZAF,2022,shared,NW,construction,4513944504.257633,"rand, constant 2015 prices",P0441.2  Provincial Gross Domestic Product(2024).zip
ZAF,2023,shared,NW,construction,4461408624.424361,"rand, constant 2015 prices",P0441.2  Provincial Gross Domestic Product(2024).zip
ZAF,2024,shared,NW,construction,4214892027.6866665,"rand, constant 2015 prices",P0441.2  Provincial Gross Domestic Product(2024).zip
ZAF,2013,shared,NW,tertiary_industries,153825299451.10794,"rand, constant 2015 prices",P0441.2  Provincial Gross Domestic Product(2024).zip
ZAF,2014,shared,NW,tertiary_industries,155326146913.4974,"rand, constant 2015 prices",P0441.2  Provincial Gross Domestic Product(2024).zip
ZAF,2015,shared,NW,tertiary_industries,156907815875.70657,"rand, constant 2015 prices",P0441.2  Provincial Gross Domestic Product(2024).zip
ZAF,2016,shared,NW,tertiary_industries,158328297240.82544,"rand, constant 2015 prices",P0441.2  Provincial Gross Domestic Product(2024).zip
ZAF,2017,shared,NW,tertiary_industries,159380886174.55106,"rand, constant 2015 prices",P0441.2  Provincial Gross Domestic Product(2024).zip
ZAF,2018,shared,NW,tertiary_industries,161359309840.84995,"rand, constant 2015 prices",P0441.2  Provincial Gross Domestic Product(2024).zip
ZAF,2019,shared,NW,tertiary_industries,162142426541.37775,"rand, constant 2015 prices",P0441.2  Provincial Gross Domestic Product(2024).zip
ZAF,2020,shared,NW,tertiary_industries,157989140127.27972,"rand, constant 2015 prices",P0441.2  Provincial Gross Domestic Product(2024).zip
ZAF,2021,shared,NW,tertiary_industries,165370192553.19598,"rand, constant 2015 prices",P0441.2  Provincial Gross Domestic Product(2024).zip
ZAF,2022,shared,NW,tertiary_industries,170772587495.26645,"rand, constant 2015 prices",P0441.2  Provincial Gross Domestic Product(2024).zip
ZAF,2023,shared,NW,tertiary_industries,172603682998.06345,"rand, constant 2015 prices",P0441.2  Provincial Gross Domestic Product(2024).zip
ZAF,2024,shared,NW,tertiary_industries,173030222815.4445,"rand, constant 2015 prices",P0441.2  Provincial Gross Domestic Product(2024).zip
ZAF,2013,shared,NW,wholesale_retail_trade_hotels_restaurants,32572912690.23709,"rand, constant 2015 prices",P0441.2  Provincial Gross Domestic Product(2024).zip
ZAF,2014,shared,NW,wholesale_retail_trade_hotels_restaurants,32655948159.183006,"rand, constant 2015 prices",P0441.2  Provincial Gross Domestic Product(2024).zip
ZAF,2015,shared,NW,wholesale_retail_trade_hotels_restaurants,32839547801.503273,"rand, constant 2015 prices",P0441.2  Provincial Gross Domestic Product(2024).zip
ZAF,2016,shared,NW,wholesale_retail_trade_hotels_restaurants,33150765515.478283,"rand, constant 2015 prices",P0441.2  Provincial Gross Domestic Product(2024).zip
ZAF,2017,shared,NW,wholesale_retail_trade_hotels_restaurants,32779935865.6555,"rand, constant 2015 prices",P0441.2  Provincial Gross Domestic Product(2024).zip
ZAF,2018,shared,NW,wholesale_retail_trade_hotels_restaurants,32899000000.0,"rand, constant 2015 prices",P0441.2  Provincial Gross Domestic Product(2024).zip
ZAF,2019,shared,NW,wholesale_retail_trade_hotels_restaurants,32531428368.29096,"rand, constant 2015 prices",P0441.2  Provincial Gross Domestic Product(2024).zip
ZAF,2020,shared,NW,wholesale_retail_trade_hotels_restaurants,28632320582.20102,"rand, constant 2015 prices",P0441.2  Provincial Gross Domestic Product(2024).zip
ZAF,2021,shared,NW,wholesale_retail_trade_hotels_restaurants,31206000000.0,"rand, constant 2015 prices",P0441.2  Provincial Gross Domestic Product(2024).zip
ZAF,2022,shared,NW,wholesale_retail_trade_hotels_restaurants,32623479107.38243,"rand, constant 2015 prices",P0441.2  Provincial Gross Domestic Product(2024).zip
ZAF,2023,shared,NW,wholesale_retail_trade_hotels_restaurants,31716278531.686634,"rand, constant 2015 prices",P0441.2  Provincial Gross Domestic Product(2024).zip
ZAF,2024,shared,NW,wholesale_retail_trade_hotels_restaurants,30991835613.35337,"rand, constant 2015 prices",P0441.2  Provincial Gross Domestic Product(2024).zip
ZAF,2013,shared,NW,transport_and_communication,15283098883.115795,"rand, constant 2015 prices",P0441.2  Provincial Gross Domestic Product(2024).zip
ZAF,2014,shared,NW,transport_and_communication,15294767953.998466,"rand, constant 2015 prices",P0441.2  Provincial Gross Domestic Product(2024).zip
ZAF,2015,shared,NW,transport_and_communication,16054369068.770266,"rand, constant 2015 prices",P0441.2  Provincial Gross Domestic Product(2024).zip
ZAF,2016,shared,NW,transport_and_communication,16240234136.121042,"rand, constant 2015 prices",P0441.2  Provincial Gross Domestic Product(2024).zip
ZAF,2017,shared,NW,transport_and_communication,16256518017.532446,"rand, constant 2015 prices",P0441.2  Provincial Gross Domestic Product(2024).zip
ZAF,2018,shared,NW,transport_and_communication,16618707387.87997,"rand, constant 2015 prices",P0441.2  Provincial Gross Domestic Product(2024).zip
ZAF,2019,shared,NW,transport_and_communication,16333566464.839842,"rand, constant 2015 prices",P0441.2  Provincial Gross Domestic Product(2024).zip
ZAF,2020,shared,NW,transport_and_communication,14925712308.481318,"rand, constant 2015 prices",P0441.2  Provincial Gross Domestic Product(2024).zip
ZAF,2021,shared,NW,transport_and_communication,16420479715.687424,"rand, constant 2015 prices",P0441.2  Provincial Gross Domestic Product(2024).zip
ZAF,2022,shared,NW,transport_and_communication,17728863494.415337,"rand, constant 2015 prices",P0441.2  Provincial Gross Domestic Product(2024).zip
ZAF,2023,shared,NW,transport_and_communication,18634484927.633167,"rand, constant 2015 prices",P0441.2  Provincial Gross Domestic Product(2024).zip
ZAF,2024,shared,NW,transport_and_communication,18151470699.668915,"rand, constant 2015 prices",P0441.2  Provincial Gross Domestic Product(2024).zip
ZAF,2013,shared,NW,finance_real_estate_and_business_services,43575800231.75674,"rand, constant 2015 prices",P0441.2  Provincial Gross Domestic Product(2024).zip
ZAF,2014,shared,NW,finance_real_estate_and_business_services,43833547459.512634,"rand, constant 2015 prices",P0441.2  Provincial Gross Domestic Product(2024).zip
ZAF,2015,shared,NW,finance_real_estate_and_business_services,43939062736.77804,"rand, constant 2015 prices",P0441.2  Provincial Gross Domestic Product(2024).zip
ZAF,2016,shared,NW,finance_real_estate_and_business_services,44635237281.85036,"rand, constant 2015 prices",P0441.2  Provincial Gross Domestic Product(2024).zip
ZAF,2017,shared,NW,finance_real_estate_and_business_services,45547649126.39924,"rand, constant 2015 prices",P0441.2  Provincial Gross Domestic Product(2024).zip
ZAF,2018,shared,NW,finance_real_estate_and_business_services,46574275054.5098,"rand, constant 2015 prices",P0441.2  Provincial Gross Domestic Product(2024).zip
ZAF,2019,shared,NW,finance_real_estate_and_business_services,47292867759.91972,"rand, constant 2015 prices",P0441.2  Provincial Gross Domestic Product(2024).zip
ZAF,2020,shared,NW,finance_real_estate_and_business_services,47967635209.47886,"rand, constant 2015 prices",P0441.2  Provincial Gross Domestic Product(2024).zip
ZAF,2021,shared,NW,finance_real_estate_and_business_services,48950956895.49812,"rand, constant 2015 prices",P0441.2  Provincial Gross Domestic Product(2024).zip
ZAF,2022,shared,NW,finance_real_estate_and_business_services,50376605378.2842,"rand, constant 2015 prices",P0441.2  Provincial Gross Domestic Product(2024).zip
ZAF,2023,shared,NW,finance_real_estate_and_business_services,51432639862.453896,"rand, constant 2015 prices",P0441.2  Provincial Gross Domestic Product(2024).zip
ZAF,2024,shared,NW,finance_real_estate_and_business_services,52952823048.11834,"rand, constant 2015 prices",P0441.2  Provincial Gross Domestic Product(2024).zip
ZAF,2013,shared,NW,personal_services,43973980899.67014,"rand, constant 2015 prices",P0441.2  Provincial Gross Domestic Product(2024).zip
ZAF,2014,shared,NW,personal_services,44451027712.7202,"rand, constant 2015 prices",P0441.2  Provincial Gross Domestic Product(2024).zip
ZAF,2015,shared,NW,personal_services,44562451191.71131,"rand, constant 2015 prices",P0441.2  Provincial Gross Domestic Product(2024).zip
ZAF,2016,shared,NW,personal_services,44785793151.88936,"rand, constant 2015 prices",P0441.2  Provincial Gross Domestic Product(2024).zip
ZAF,2017,shared,NW,personal_services,45212213086.94665,"rand, constant 2015 prices",P0441.2  Provincial Gross Domestic Product(2024).zip
ZAF,2018,shared,NW,personal_services,45385490000.689,"rand, constant 2015 prices",P0441.2  Provincial Gross Domestic Product(2024).zip
ZAF,2019,shared,NW,personal_services,45875592772.09263,"rand, constant 2015 prices",P0441.2  Provincial Gross Domestic Product(2024).zip
ZAF,2020,shared,NW,personal_services,45955571460.80186,"rand, constant 2015 prices",P0441.2  Provincial Gross Domestic Product(2024).zip
ZAF,2021,shared,NW,personal_services,48677260747.05849,"rand, constant 2015 prices",P0441.2  Provincial Gross Domestic Product(2024).zip
ZAF,2022,shared,NW,personal_services,50025581944.41371,"rand, constant 2015 prices",P0441.2  Provincial Gross Domestic Product(2024).zip
ZAF,2023,shared,NW,personal_services,50788795454.486244,"rand, constant 2015 prices",P0441.2  Provincial Gross Domestic Product(2024).zip
ZAF,2024,shared,NW,personal_services,50854445661.50118,"rand, constant 2015 prices",P0441.2  Provincial Gross Domestic Product(2024).zip
ZAF,2013,shared,NW,general_government_services,18419506746.328163,"rand, constant 2015 prices",P0441.2  Provincial Gross Domestic Product(2024).zip
ZAF,2014,shared,NW,general_government_services,19090855628.083126,"rand, constant 2015 prices",P0441.2  Provincial Gross Domestic Product(2024).zip
ZAF,2015,shared,NW,general_government_services,19512385076.943703,"rand, constant 2015 prices",P0441.2  Provincial Gross Domestic Product(2024).zip
ZAF,2016,shared,NW,general_government_services,19516267155.486397,"rand, constant 2015 prices",P0441.2  Provincial Gross Domestic Product(2024).zip
ZAF,2017,shared,NW,general_government_services,19584770078.017254,"rand, constant 2015 prices",P0441.2  Provincial Gross Domestic Product(2024).zip
ZAF,2018,shared,NW,general_government_services,19881220383.208202,"rand, constant 2015 prices",P0441.2  Provincial Gross Domestic Product(2024).zip
ZAF,2019,shared,NW,general_government_services,20108971176.234604,"rand, constant 2015 prices",P0441.2  Provincial Gross Domestic Product(2024).zip
ZAF,2020,shared,NW,general_government_services,20507900566.31668,"rand, constant 2015 prices",P0441.2  Provincial Gross Domestic Product(2024).zip
ZAF,2021,shared,NW,general_government_services,20115495194.951946,"rand, constant 2015 prices",P0441.2  Provincial Gross Domestic Product(2024).zip
ZAF,2022,shared,NW,general_government_services,20018057570.77075,"rand, constant 2015 prices",P0441.2  Provincial Gross Domestic Product(2024).zip
ZAF,2023,shared,NW,general_government_services,20031484221.803513,"rand, constant 2015 prices",P0441.2  Provincial Gross Domestic Product(2024).zip
ZAF,2024,shared,NW,general_government_services,20079647792.802692,"rand, constant 2015 prices",P0441.2  Provincial Gross Domestic Product(2024).zip
ZAF,2013,shared,NW,all_industries_at_basic_prices,247694285584.03738,"rand, constant 2015 prices",P0441.2  Provincial Gross Domestic Product(2024).zip
ZAF,2014,shared,NW,all_industries_at_basic_prices,242476757464.4991,"rand, constant 2015 prices",P0441.2  Provincial Gross Domestic Product(2024).zip
ZAF,2015,shared,NW,all_industries_at_basic_prices,251833555016.81384,"rand, constant 2015 prices",P0441.2  Provincial Gross Domestic Product(2024).zip
ZAF,2016,shared,NW,all_industries_at_basic_prices,245938493223.5941,"rand, constant 2015 prices",P0441.2  Provincial Gross Domestic Product(2024).zip
ZAF,2017,shared,NW,all_industries_at_basic_prices,249369147735.0197,"rand, constant 2015 prices",P0441.2  Provincial Gross Domestic Product(2024).zip
ZAF,2018,shared,NW,all_industries_at_basic_prices,252326341392.9402,"rand, constant 2015 prices",P0441.2  Provincial Gross Domestic Product(2024).zip
ZAF,2019,shared,NW,all_industries_at_basic_prices,251771941122.33688,"rand, constant 2015 prices",P0441.2  Provincial Gross Domestic Product(2024).zip
ZAF,2020,shared,NW,all_industries_at_basic_prices,238947393674.54108,"rand, constant 2015 prices",P0441.2  Provincial Gross Domestic Product(2024).zip
ZAF,2021,shared,NW,all_industries_at_basic_prices,255427905859.48242,"rand, constant 2015 prices",P0441.2  Provincial Gross Domestic Product(2024).zip
ZAF,2022,shared,NW,all_industries_at_basic_prices,257308635264.27063,"rand, constant 2015 prices",P0441.2  Provincial Gross Domestic Product(2024).zip
ZAF,2023,shared,NW,all_industries_at_basic_prices,258197176183.6778,"rand, constant 2015 prices",P0441.2  Provincial Gross Domestic Product(2024).zip
ZAF,2024,shared,NW,all_industries_at_basic_prices,257746785747.52655,"rand, constant 2015 prices",P0441.2  Provincial Gross Domestic Product(2024).zip
ZAF,2013,shared,NW,taxes_less_subsidies_on_products,26798030670.178326,"rand, constant 2015 prices",P0441.2  Provincial Gross Domestic Product(2024).zip
ZAF,2014,shared,NW,taxes_less_subsidies_on_products,25939322143.055588,"rand, constant 2015 prices",P0441.2  Provincial Gross Domestic Product(2024).zip
ZAF,2015,shared,NW,taxes_less_subsidies_on_products,27545605887.052784,"rand, constant 2015 prices",P0441.2  Provincial Gross Domestic Product(2024).zip
ZAF,2016,shared,NW,taxes_less_subsidies_on_products,26532617859.073402,"rand, constant 2015 prices",P0441.2  Provincial Gross Domestic Product(2024).zip
ZAF,2017,shared,NW,taxes_less_subsidies_on_products,26956713003.024185,"rand, constant 2015 prices",P0441.2  Provincial Gross Domestic Product(2024).zip
ZAF,2018,shared,NW,taxes_less_subsidies_on_products,27066610488.72551,"rand, constant 2015 prices",P0441.2  Provincial Gross Domestic Product(2024).zip
ZAF,2019,shared,NW,taxes_less_subsidies_on_products,27146425877.254112,"rand, constant 2015 prices",P0441.2  Provincial Gross Domestic Product(2024).zip
ZAF,2020,shared,NW,taxes_less_subsidies_on_products,24482209992.01664,"rand, constant 2015 prices",P0441.2  Provincial Gross Domestic Product(2024).zip
ZAF,2021,shared,NW,taxes_less_subsidies_on_products,26635656633.089355,"rand, constant 2015 prices",P0441.2  Provincial Gross Domestic Product(2024).zip
ZAF,2022,shared,NW,taxes_less_subsidies_on_products,26852180805.511772,"rand, constant 2015 prices",P0441.2  Provincial Gross Domestic Product(2024).zip
ZAF,2023,shared,NW,taxes_less_subsidies_on_products,27021706512.660572,"rand, constant 2015 prices",P0441.2  Provincial Gross Domestic Product(2024).zip
ZAF,2024,shared,NW,taxes_less_subsidies_on_products,27105201136.176437,"rand, constant 2015 prices",P0441.2  Provincial Gross Domestic Product(2024).zip
ZAF,2013,shared,NW,gdpr_at_market_prices,274492316254.21573,"rand, constant 2015 prices",P0441.2  Provincial Gross Domestic Product(2024).zip
ZAF,2014,shared,NW,gdpr_at_market_prices,268416079607.55472,"rand, constant 2015 prices",P0441.2  Provincial Gross Domestic Product(2024).zip
ZAF,2015,shared,NW,gdpr_at_market_prices,279379160903.86664,"rand, constant 2015 prices",P0441.2  Provincial Gross Domestic Product(2024).zip
ZAF,2016,shared,NW,gdpr_at_market_prices,272471111082.66748,"rand, constant 2015 prices",P0441.2  Provincial Gross Domestic Product(2024).zip
ZAF,2017,shared,NW,gdpr_at_market_prices,276325860738.0439,"rand, constant 2015 prices",P0441.2  Provincial Gross Domestic Product(2024).zip
ZAF,2018,shared,NW,gdpr_at_market_prices,279392951881.66565,"rand, constant 2015 prices",P0441.2  Provincial Gross Domestic Product(2024).zip
ZAF,2019,shared,NW,gdpr_at_market_prices,278918366999.591,"rand, constant 2015 prices",P0441.2  Provincial Gross Domestic Product(2024).zip
ZAF,2020,shared,NW,gdpr_at_market_prices,263429603666.55777,"rand, constant 2015 prices",P0441.2  Provincial Gross Domestic Product(2024).zip
ZAF,2021,shared,NW,gdpr_at_market_prices,282063562492.5718,"rand, constant 2015 prices",P0441.2  Provincial Gross Domestic Product(2024).zip
ZAF,2022,shared,NW,gdpr_at_market_prices,284160816069.78235,"rand, constant 2015 prices",P0441.2  Provincial Gross Domestic Product(2024).zip
ZAF,2023,shared,NW,gdpr_at_market_prices,285218882696.3383,"rand, constant 2015 prices",P0441.2  Provincial Gross Domestic Product(2024).zip
ZAF,2024,shared,NW,gdpr_at_market_prices,284851986883.703,"rand, constant 2015 prices",P0441.2  Provincial Gross Domestic Product(2024).zip
ZAF,2013,shared,GP,primary_industries,32744805606.537773,"rand, constant 2015 prices",P0441.2  Provincial Gross Domestic Product(2024).zip
ZAF,2014,shared,GP,primary_industries,33367838181.152138,"rand, constant 2015 prices",P0441.2  Provincial Gross Domestic Product(2024).zip
ZAF,2015,shared,GP,primary_industries,33213078155.19189,"rand, constant 2015 prices",P0441.2  Provincial Gross Domestic Product(2024).zip
ZAF,2016,shared,GP,primary_industries,33404571863.156357,"rand, constant 2015 prices",P0441.2  Provincial Gross Domestic Product(2024).zip
ZAF,2017,shared,GP,primary_industries,34284480888.209343,"rand, constant 2015 prices",P0441.2  Provincial Gross Domestic Product(2024).zip
ZAF,2018,shared,GP,primary_industries,31696217643.019505,"rand, constant 2015 prices",P0441.2  Provincial Gross Domestic Product(2024).zip
ZAF,2019,shared,GP,primary_industries,30004219464.819187,"rand, constant 2015 prices",P0441.2  Provincial Gross Domestic Product(2024).zip
ZAF,2020,shared,GP,primary_industries,29159439693.43927,"rand, constant 2015 prices",P0441.2  Provincial Gross Domestic Product(2024).zip
ZAF,2021,shared,GP,primary_industries,32059546992.302216,"rand, constant 2015 prices",P0441.2  Provincial Gross Domestic Product(2024).zip
ZAF,2022,shared,GP,primary_industries,30617654575.08612,"rand, constant 2015 prices",P0441.2  Provincial Gross Domestic Product(2024).zip
ZAF,2023,shared,GP,primary_industries,30063616442.022312,"rand, constant 2015 prices",P0441.2  Provincial Gross Domestic Product(2024).zip
ZAF,2024,shared,GP,primary_industries,29280570884.788822,"rand, constant 2015 prices",P0441.2  Provincial Gross Domestic Product(2024).zip
ZAF,2013,shared,GP,agriculture_forestry_and_fishing,6098027800.301229,"rand, constant 2015 prices",P0441.2  Provincial Gross Domestic Product(2024).zip
ZAF,2014,shared,GP,agriculture_forestry_and_fishing,6739593949.965689,"rand, constant 2015 prices",P0441.2  Provincial Gross Domestic Product(2024).zip
ZAF,2015,shared,GP,agriculture_forestry_and_fishing,6905403081.414188,"rand, constant 2015 prices",P0441.2  Provincial Gross Domestic Product(2024).zip
ZAF,2016,shared,GP,agriculture_forestry_and_fishing,6771673391.57145,"rand, constant 2015 prices",P0441.2  Provincial Gross Domestic Product(2024).zip
ZAF,2017,shared,GP,agriculture_forestry_and_fishing,7513395834.603769,"rand, constant 2015 prices",P0441.2  Provincial Gross Domestic Product(2024).zip
ZAF,2018,shared,GP,agriculture_forestry_and_fishing,7695811859.536086,"rand, constant 2015 prices",P0441.2  Provincial Gross Domestic Product(2024).zip
ZAF,2019,shared,GP,agriculture_forestry_and_fishing,7572326426.080719,"rand, constant 2015 prices",P0441.2  Provincial Gross Domestic Product(2024).zip
ZAF,2020,shared,GP,agriculture_forestry_and_fishing,9216001707.26303,"rand, constant 2015 prices",P0441.2  Provincial Gross Domestic Product(2024).zip
ZAF,2021,shared,GP,agriculture_forestry_and_fishing,9491446937.592388,"rand, constant 2015 prices",P0441.2  Provincial Gross Domestic Product(2024).zip
ZAF,2022,shared,GP,agriculture_forestry_and_fishing,9768014039.801542,"rand, constant 2015 prices",P0441.2  Provincial Gross Domestic Product(2024).zip
ZAF,2023,shared,GP,agriculture_forestry_and_fishing,9258543862.419312,"rand, constant 2015 prices",P0441.2  Provincial Gross Domestic Product(2024).zip
ZAF,2024,shared,GP,agriculture_forestry_and_fishing,8575859721.833011,"rand, constant 2015 prices",P0441.2  Provincial Gross Domestic Product(2024).zip
ZAF,2013,shared,GP,mining_and_quarrying,26646777806.236546,"rand, constant 2015 prices",P0441.2  Provincial Gross Domestic Product(2024).zip
ZAF,2014,shared,GP,mining_and_quarrying,26628244231.18645,"rand, constant 2015 prices",P0441.2  Provincial Gross Domestic Product(2024).zip
ZAF,2015,shared,GP,mining_and_quarrying,26307675073.777702,"rand, constant 2015 prices",P0441.2  Provincial Gross Domestic Product(2024).zip
ZAF,2016,shared,GP,mining_and_quarrying,26632898471.584908,"rand, constant 2015 prices",P0441.2  Provincial Gross Domestic Product(2024).zip
ZAF,2017,shared,GP,mining_and_quarrying,26771085053.60557,"rand, constant 2015 prices",P0441.2  Provincial Gross Domestic Product(2024).zip
ZAF,2018,shared,GP,mining_and_quarrying,24000405783.483418,"rand, constant 2015 prices",P0441.2  Provincial Gross Domestic Product(2024).zip
ZAF,2019,shared,GP,mining_and_quarrying,22431893038.73847,"rand, constant 2015 prices",P0441.2  Provincial Gross Domestic Product(2024).zip
ZAF,2020,shared,GP,mining_and_quarrying,19943437986.176243,"rand, constant 2015 prices",P0441.2  Provincial Gross Domestic Product(2024).zip
ZAF,2021,shared,GP,mining_and_quarrying,22568100054.70983,"rand, constant 2015 prices",P0441.2  Provincial Gross Domestic Product(2024).zip
ZAF,2022,shared,GP,mining_and_quarrying,20849640535.284576,"rand, constant 2015 prices",P0441.2  Provincial Gross Domestic Product(2024).zip
ZAF,2023,shared,GP,mining_and_quarrying,20805072579.603,"rand, constant 2015 prices",P0441.2  Provincial Gross Domestic Product(2024).zip
ZAF,2024,shared,GP,mining_and_quarrying,20704711162.955814,"rand, constant 2015 prices",P0441.2  Provincial Gross Domestic Product(2024).zip
ZAF,2013,shared,GP,secondary_industries,321083215865.5541,"rand, constant 2015 prices",P0441.2  Provincial Gross Domestic Product(2024).zip
ZAF,2014,shared,GP,secondary_industries,318195937784.5553,"rand, constant 2015 prices",P0441.2  Provincial Gross Domestic Product(2024).zip
ZAF,2015,shared,GP,secondary_industries,316269576269.8176,"rand, constant 2015 prices",P0441.2  Provincial Gross Domestic Product(2024).zip
ZAF,2016,shared,GP,secondary_industries,316589147894.02826,"rand, constant 2015 prices",P0441.2  Provincial Gross Domestic Product(2024).zip
ZAF,2017,shared,GP,secondary_industries,313208891213.99774,"rand, constant 2015 prices",P0441.2  Provincial Gross Domestic Product(2024).zip
ZAF,2018,shared,GP,secondary_industries,317578568803.82306,"rand, constant 2015 prices",P0441.2  Provincial Gross Domestic Product(2024).zip
ZAF,2019,shared,GP,secondary_industries,312950733685.2283,"rand, constant 2015 prices",P0441.2  Provincial Gross Domestic Product(2024).zip
ZAF,2020,shared,GP,secondary_industries,269896149662.06216,"rand, constant 2015 prices",P0441.2  Provincial Gross Domestic Product(2024).zip
ZAF,2021,shared,GP,secondary_industries,280495475484.51,"rand, constant 2015 prices",P0441.2  Provincial Gross Domestic Product(2024).zip
ZAF,2022,shared,GP,secondary_industries,277312531580.90765,"rand, constant 2015 prices",P0441.2  Provincial Gross Domestic Product(2024).zip
ZAF,2023,shared,GP,secondary_industries,275570371381.02765,"rand, constant 2015 prices",P0441.2  Provincial Gross Domestic Product(2024).zip
ZAF,2024,shared,GP,secondary_industries,274465048458.81708,"rand, constant 2015 prices",P0441.2  Provincial Gross Domestic Product(2024).zip
ZAF,2013,shared,GP,manufacturing,230907336386.81598,"rand, constant 2015 prices",P0441.2  Provincial Gross Domestic Product(2024).zip
ZAF,2014,shared,GP,manufacturing,227500630901.2767,"rand, constant 2015 prices",P0441.2  Provincial Gross Domestic Product(2024).zip
ZAF,2015,shared,GP,manufacturing,227005414480.40445,"rand, constant 2015 prices",P0441.2  Provincial Gross Domestic Product(2024).zip
ZAF,2016,shared,GP,manufacturing,227986354572.40988,"rand, constant 2015 prices",P0441.2  Provincial Gross Domestic Product(2024).zip
ZAF,2017,shared,GP,manufacturing,227388735645.76288,"rand, constant 2015 prices",P0441.2  Provincial Gross Domestic Product(2024).zip
ZAF,2018,shared,GP,manufacturing,231967443817.44077,"rand, constant 2015 prices",P0441.2  Provincial Gross Domestic Product(2024).zip
ZAF,2019,shared,GP,manufacturing,230384765110.17746,"rand, constant 2015 prices",P0441.2  Provincial Gross Domestic Product(2024).zip
ZAF,2020,shared,GP,manufacturing,197298428442.34744,"rand, constant 2015 prices",P0441.2  Provincial Gross Domestic Product(2024).zip
ZAF,2021,shared,GP,manufacturing,208044067586.66293,"rand, constant 2015 prices",P0441.2  Provincial Gross Domestic Product(2024).zip
ZAF,2022,shared,GP,manufacturing,207202816556.37698,"rand, constant 2015 prices",P0441.2  Provincial Gross Domestic Product(2024).zip
ZAF,2023,shared,GP,manufacturing,206910322911.23468,"rand, constant 2015 prices",P0441.2  Provincial Gross Domestic Product(2024).zip
ZAF,2024,shared,GP,manufacturing,206044169041.58228,"rand, constant 2015 prices",P0441.2  Provincial Gross Domestic Product(2024).zip
ZAF,2013,shared,GP,electricity_and_water,41274577410.665855,"rand, constant 2015 prices",P0441.2  Provincial Gross Domestic Product(2024).zip
ZAF,2014,shared,GP,electricity_and_water,40848491483.23641,"rand, constant 2015 prices",P0441.2  Provincial Gross Domestic Product(2024).zip
ZAF,2015,shared,GP,electricity_and_water,38878893596.018616,"rand, constant 2015 prices",P0441.2  Provincial Gross Domestic Product(2024).zip
ZAF,2016,shared,GP,electricity_and_water,37424266787.571945,"rand, constant 2015 prices",P0441.2  Provincial Gross Domestic Product(2024).zip
ZAF,2017,shared,GP,electricity_and_water,37594149527.93409,"rand, constant 2015 prices",P0441.2  Provincial Gross Domestic Product(2024).zip
ZAF,2018,shared,GP,electricity_and_water,38017743545.36271,"rand, constant 2015 prices",P0441.2  Provincial Gross Domestic Product(2024).zip
ZAF,2019,shared,GP,electricity_and_water,36577120634.25999,"rand, constant 2015 prices",P0441.2  Provincial Gross Domestic Product(2024).zip
ZAF,2020,shared,GP,electricity_and_water,34595056941.61637,"rand, constant 2015 prices",P0441.2  Provincial Gross Domestic Product(2024).zip
ZAF,2021,shared,GP,electricity_and_water,35555123213.9307,"rand, constant 2015 prices",P0441.2  Provincial Gross Domestic Product(2024).zip
ZAF,2022,shared,GP,electricity_and_water,34078696996.933205,"rand, constant 2015 prices",P0441.2  Provincial Gross Domestic Product(2024).zip
ZAF,2023,shared,GP,electricity_and_water,32855454565.29143,"rand, constant 2015 prices",P0441.2  Provincial Gross Domestic Product(2024).zip
ZAF,2024,shared,GP,electricity_and_water,33946622348.2139,"rand, constant 2015 prices",P0441.2  Provincial Gross Domestic Product(2024).zip
ZAF,2013,shared,GP,construction,48901302068.07223,"rand, constant 2015 prices",P0441.2  Provincial Gross Domestic Product(2024).zip
ZAF,2014,shared,GP,construction,49846815400.042175,"rand, constant 2015 prices",P0441.2  Provincial Gross Domestic Product(2024).zip
ZAF,2015,shared,GP,construction,50385268193.394615,"rand, constant 2015 prices",P0441.2  Provincial Gross Domestic Product(2024).zip
ZAF,2016,shared,GP,construction,51178526534.04647,"rand, constant 2015 prices",P0441.2  Provincial Gross Domestic Product(2024).zip
ZAF,2017,shared,GP,construction,48226006040.30078,"rand, constant 2015 prices",P0441.2  Provincial Gross Domestic Product(2024).zip
ZAF,2018,shared,GP,construction,47593381441.019516,"rand, constant 2015 prices",P0441.2  Provincial Gross Domestic Product(2024).zip
ZAF,2019,shared,GP,construction,45988847940.79079,"rand, constant 2015 prices",P0441.2  Provincial Gross Domestic Product(2024).zip
ZAF,2020,shared,GP,construction,38002664278.09838,"rand, constant 2015 prices",P0441.2  Provincial Gross Domestic Product(2024).zip
ZAF,2021,shared,GP,construction,36896284683.91635,"rand, constant 2015 prices",P0441.2  Provincial Gross Domestic Product(2024).zip
ZAF,2022,shared,GP,construction,36031018027.59749,"rand, constant 2015 prices",P0441.2  Provincial Gross Domestic Product(2024).zip
ZAF,2023,shared,GP,construction,35804593904.501526,"rand, constant 2015 prices",P0441.2  Provincial Gross Domestic Product(2024).zip
ZAF,2024,shared,GP,construction,34474257069.02091,"rand, constant 2015 prices",P0441.2  Provincial Gross Domestic Product(2024).zip
ZAF,2013,shared,GP,tertiary_industries,937157030841.3539,"rand, constant 2015 prices",P0441.2  Provincial Gross Domestic Product(2024).zip
ZAF,2014,shared,GP,tertiary_industries,963028638551.8329,"rand, constant 2015 prices",P0441.2  Provincial Gross Domestic Product(2024).zip
ZAF,2015,shared,GP,tertiary_industries,978592535853.6473,"rand, constant 2015 prices",P0441.2  Provincial Gross Domestic Product(2024).zip
ZAF,2016,shared,GP,tertiary_industries,997348167958.6378,"rand, constant 2015 prices",P0441.2  Provincial Gross Domestic Product(2024).zip
ZAF,2017,shared,GP,tertiary_industries,1013625059363.4476,"rand, constant 2015 prices",P0441.2  Provincial Gross Domestic Product(2024).zip
ZAF,2018,shared,GP,tertiary_industries,1040796503714.4181,"rand, constant 2015 prices",P0441.2  Provincial Gross Domestic Product(2024).zip
ZAF,2019,shared,GP,tertiary_industries,1054538797937.5503,"rand, constant 2015 prices",P0441.2  Provincial Gross Domestic Product(2024).zip
ZAF,2020,shared,GP,tertiary_industries,1001389255013.35,"rand, constant 2015 prices",P0441.2  Provincial Gross Domestic Product(2024).zip
ZAF,2021,shared,GP,tertiary_industries,1041707084889.6476,"rand, constant 2015 prices",P0441.2  Provincial Gross Domestic Product(2024).zip
ZAF,2022,shared,GP,tertiary_industries,1086370468353.8088,"rand, constant 2015 prices",P0441.2  Provincial Gross Domestic Product(2024).zip
ZAF,2023,shared,GP,tertiary_industries,1100223800690.702,"rand, constant 2015 prices",P0441.2  Provincial Gross Domestic Product(2024).zip
ZAF,2024,shared,GP,tertiary_industries,1112427068857.7898,"rand, constant 2015 prices",P0441.2  Provincial Gross Domestic Product(2024).zip
ZAF,2013,shared,GP,wholesale_retail_trade_hotels_restaurants,170425344857.97556,"rand, constant 2015 prices",P0441.2  Provincial Gross Domestic Product(2024).zip
ZAF,2014,shared,GP,wholesale_retail_trade_hotels_restaurants,172936362081.67654,"rand, constant 2015 prices",P0441.2  Provincial Gross Domestic Product(2024).zip
ZAF,2015,shared,GP,wholesale_retail_trade_hotels_restaurants,175679792328.06387,"rand, constant 2015 prices",P0441.2  Provincial Gross Domestic Product(2024).zip
ZAF,2016,shared,GP,wholesale_retail_trade_hotels_restaurants,179306423824.6117,"rand, constant 2015 prices",P0441.2  Provincial Gross Domestic Product(2024).zip
ZAF,2017,shared,GP,wholesale_retail_trade_hotels_restaurants,176879880039.552,"rand, constant 2015 prices",P0441.2  Provincial Gross Domestic Product(2024).zip
ZAF,2018,shared,GP,wholesale_retail_trade_hotels_restaurants,178966700000.0,"rand, constant 2015 prices",P0441.2  Provincial Gross Domestic Product(2024).zip
ZAF,2019,shared,GP,wholesale_retail_trade_hotels_restaurants,178286161924.30823,"rand, constant 2015 prices",P0441.2  Provincial Gross Domestic Product(2024).zip
ZAF,2020,shared,GP,wholesale_retail_trade_hotels_restaurants,154359141320.49213,"rand, constant 2015 prices",P0441.2  Provincial Gross Domestic Product(2024).zip
ZAF,2021,shared,GP,wholesale_retail_trade_hotels_restaurants,164982288539.44675,"rand, constant 2015 prices",P0441.2  Provincial Gross Domestic Product(2024).zip
ZAF,2022,shared,GP,wholesale_retail_trade_hotels_restaurants,172196409664.49725,"rand, constant 2015 prices",P0441.2  Provincial Gross Domestic Product(2024).zip
ZAF,2023,shared,GP,wholesale_retail_trade_hotels_restaurants,168829709272.30023,"rand, constant 2015 prices",P0441.2  Provincial Gross Domestic Product(2024).zip
ZAF,2024,shared,GP,wholesale_retail_trade_hotels_restaurants,168386611654.46155,"rand, constant 2015 prices",P0441.2  Provincial Gross Domestic Product(2024).zip
ZAF,2013,shared,GP,transport_and_communication,123685256079.99176,"rand, constant 2015 prices",P0441.2  Provincial Gross Domestic Product(2024).zip
ZAF,2014,shared,GP,transport_and_communication,127945296493.01091,"rand, constant 2015 prices",P0441.2  Provincial Gross Domestic Product(2024).zip
ZAF,2015,shared,GP,transport_and_communication,130388428686.89607,"rand, constant 2015 prices",P0441.2  Provincial Gross Domestic Product(2024).zip
ZAF,2016,shared,GP,transport_and_communication,132242158687.05983,"rand, constant 2015 prices",P0441.2  Provincial Gross Domestic Product(2024).zip
ZAF,2017,shared,GP,transport_and_communication,134287252811.27013,"rand, constant 2015 prices",P0441.2  Provincial Gross Domestic Product(2024).zip
ZAF,2018,shared,GP,transport_and_communication,138701862072.13577,"rand, constant 2015 prices",P0441.2  Provincial Gross Domestic Product(2024).zip
ZAF,2019,shared,GP,transport_and_communication,138496060700.4019,"rand, constant 2015 prices",P0441.2  Provincial Gross Domestic Product(2024).zip
ZAF,2020,shared,GP,transport_and_communication,111286099780.92575,"rand, constant 2015 prices",P0441.2  Provincial Gross Domestic Product(2024).zip
ZAF,2021,shared,GP,transport_and_communication,121698449420.89857,"rand, constant 2015 prices",P0441.2  Provincial Gross Domestic Product(2024).zip
ZAF,2022,shared,GP,transport_and_communication,135799951240.34752,"rand, constant 2015 prices",P0441.2  Provincial Gross Domestic Product(2024).zip
ZAF,2023,shared,GP,transport_and_communication,140759626318.13104,"rand, constant 2015 prices",P0441.2  Provincial Gross Domestic Product(2024).zip
ZAF,2024,shared,GP,transport_and_communication,137414472670.98746,"rand, constant 2015 prices",P0441.2  Provincial Gross Domestic Product(2024).zip
ZAF,2013,shared,GP,finance_real_estate_and_business_services,377089243736.09125,"rand, constant 2015 prices",P0441.2  Provincial Gross Domestic Product(2024).zip
ZAF,2014,shared,GP,finance_real_estate_and_business_services,387904914407.8263,"rand, constant 2015 prices",P0441.2  Provincial Gross Domestic Product(2024).zip
ZAF,2015,shared,GP,finance_real_estate_and_business_services,393601813490.54535,"rand, constant 2015 prices",P0441.2  Provincial Gross Domestic Product(2024).zip
ZAF,2016,shared,GP,finance_real_estate_and_business_services,401351044283.91174,"rand, constant 2015 prices",P0441.2  Provincial Gross Domestic Product(2024).zip
ZAF,2017,shared,GP,finance_real_estate_and_business_services,413141467603.44086,"rand, constant 2015 prices",P0441.2  Provincial Gross Domestic Product(2024).zip
ZAF,2018,shared,GP,finance_real_estate_and_business_services,429458537565.14197,"rand, constant 2015 prices",P0441.2  Provincial Gross Domestic Product(2024).zip
ZAF,2019,shared,GP,finance_real_estate_and_business_services,439569186215.50183,"rand, constant 2015 prices",P0441.2  Provincial Gross Domestic Product(2024).zip
ZAF,2020,shared,GP,finance_real_estate_and_business_services,441512209903.5102,"rand, constant 2015 prices",P0441.2  Provincial Gross Domestic Product(2024).zip
ZAF,2021,shared,GP,finance_real_estate_and_business_services,451156247370.3881,"rand, constant 2015 prices",P0441.2  Provincial Gross Domestic Product(2024).zip
ZAF,2022,shared,GP,finance_real_estate_and_business_services,469745906631.9294,"rand, constant 2015 prices",P0441.2  Provincial Gross Domestic Product(2024).zip
ZAF,2023,shared,GP,finance_real_estate_and_business_services,476337691979.0461,"rand, constant 2015 prices",P0441.2  Provincial Gross Domestic Product(2024).zip
ZAF,2024,shared,GP,finance_real_estate_and_business_services,489095733033.0014,"rand, constant 2015 prices",P0441.2  Provincial Gross Domestic Product(2024).zip
ZAF,2013,shared,GP,personal_services,138050507426.7399,"rand, constant 2015 prices",P0441.2  Provincial Gross Domestic Product(2024).zip
ZAF,2014,shared,GP,personal_services,141878582066.75897,"rand, constant 2015 prices",P0441.2  Provincial Gross Domestic Product(2024).zip
ZAF,2015,shared,GP,personal_services,143642121058.01688,"rand, constant 2015 prices",P0441.2  Provincial Gross Domestic Product(2024).zip
ZAF,2016,shared,GP,personal_services,146411724035.20123,"rand, constant 2015 prices",P0441.2  Provincial Gross Domestic Product(2024).zip
ZAF,2017,shared,GP,personal_services,148876283230.70557,"rand, constant 2015 prices",P0441.2  Provincial Gross Domestic Product(2024).zip
ZAF,2018,shared,GP,personal_services,150099100037.568,"rand, constant 2015 prices",P0441.2  Provincial Gross Domestic Product(2024).zip
ZAF,2019,shared,GP,personal_services,152536531650.35745,"rand, constant 2015 prices",P0441.2  Provincial Gross Domestic Product(2024).zip
ZAF,2020,shared,GP,personal_services,147596771439.84433,"rand, constant 2015 prices",P0441.2  Provincial Gross Domestic Product(2024).zip
ZAF,2021,shared,GP,personal_services,158230085149.49863,"rand, constant 2015 prices",P0441.2  Provincial Gross Domestic Product(2024).zip
ZAF,2022,shared,GP,personal_services,162444880356.8932,"rand, constant 2015 prices",P0441.2  Provincial Gross Domestic Product(2024).zip
ZAF,2023,shared,GP,personal_services,167184966433.3281,"rand, constant 2015 prices",P0441.2  Provincial Gross Domestic Product(2024).zip
ZAF,2024,shared,GP,personal_services,170616131590.97925,"rand, constant 2015 prices",P0441.2  Provincial Gross Domestic Product(2024).zip
ZAF,2013,shared,GP,general_government_services,127906678740.55551,"rand, constant 2015 prices",P0441.2  Provincial Gross Domestic Product(2024).zip
ZAF,2014,shared,GP,general_government_services,132363483502.56,"rand, constant 2015 prices",P0441.2  Provincial Gross Domestic Product(2024).zip
ZAF,2015,shared,GP,general_government_services,135280380290.12515,"rand, constant 2015 prices",P0441.2  Provincial Gross Domestic Product(2024).zip
ZAF,2016,shared,GP,general_government_services,138036817127.8533,"rand, constant 2015 prices",P0441.2  Provincial Gross Domestic Product(2024).zip
ZAF,2017,shared,GP,general_government_services,140440175678.4792,"rand, constant 2015 prices",P0441.2  Provincial Gross Domestic Product(2024).zip
ZAF,2018,shared,GP,general_government_services,143570304039.5722,"rand, constant 2015 prices",P0441.2  Provincial Gross Domestic Product(2024).zip
ZAF,2019,shared,GP,general_government_services,145650857446.98096,"rand, constant 2015 prices",P0441.2  Provincial Gross Domestic Product(2024).zip
ZAF,2020,shared,GP,general_government_services,146635032568.57764,"rand, constant 2015 prices",P0441.2  Provincial Gross Domestic Product(2024).zip
ZAF,2021,shared,GP,general_government_services,145640014409.41547,"rand, constant 2015 prices",P0441.2  Provincial Gross Domestic Product(2024).zip
ZAF,2022,shared,GP,general_government_services,146183320460.1416,"rand, constant 2015 prices",P0441.2  Provincial Gross Domestic Product(2024).zip
ZAF,2023,shared,GP,general_government_services,147111806687.89636,"rand, constant 2015 prices",P0441.2  Provincial Gross Domestic Product(2024).zip
ZAF,2024,shared,GP,general_government_services,146914119908.36002,"rand, constant 2015 prices",P0441.2  Provincial Gross Domestic Product(2024).zip
ZAF,2013,shared,GP,all_industries_at_basic_prices,1290985052313.4458,"rand, constant 2015 prices",P0441.2  Provincial Gross Domestic Product(2024).zip
ZAF,2014,shared,GP,all_industries_at_basic_prices,1314592414517.5403,"rand, constant 2015 prices",P0441.2  Provincial Gross Domestic Product(2024).zip
ZAF,2015,shared,GP,all_industries_at_basic_prices,1328075190278.657,"rand, constant 2015 prices",P0441.2  Provincial Gross Domestic Product(2024).zip
ZAF,2016,shared,GP,all_industries_at_basic_prices,1347341887715.8225,"rand, constant 2015 prices",P0441.2  Provincial Gross Domestic Product(2024).zip
ZAF,2017,shared,GP,all_industries_at_basic_prices,1361118431465.6543,"rand, constant 2015 prices",P0441.2  Provincial Gross Domestic Product(2024).zip
ZAF,2018,shared,GP,all_industries_at_basic_prices,1390072937989.9243,"rand, constant 2015 prices",P0441.2  Provincial Gross Domestic Product(2024).zip
ZAF,2019,shared,GP,all_industries_at_basic_prices,1397493751087.598,"rand, constant 2015 prices",P0441.2  Provincial Gross Domestic Product(2024).zip
ZAF,2020,shared,GP,all_industries_at_basic_prices,1300444844368.8513,"rand, constant 2015 prices",P0441.2  Provincial Gross Domestic Product(2024).zip
ZAF,2021,shared,GP,all_industries_at_basic_prices,1354262107366.46,"rand, constant 2015 prices",P0441.2  Provincial Gross Domestic Product(2024).zip
ZAF,2022,shared,GP,all_industries_at_basic_prices,1394300654509.8025,"rand, constant 2015 prices",P0441.2  Provincial Gross Domestic Product(2024).zip
ZAF,2023,shared,GP,all_industries_at_basic_prices,1405857788513.752,"rand, constant 2015 prices",P0441.2  Provincial Gross Domestic Product(2024).zip
ZAF,2024,shared,GP,all_industries_at_basic_prices,1416172688201.3955,"rand, constant 2015 prices",P0441.2  Provincial Gross Domestic Product(2024).zip
ZAF,2013,shared,GP,taxes_less_subsidies_on_products,146084452428.38193,"rand, constant 2015 prices",P0441.2  Provincial Gross Domestic Product(2024).zip
ZAF,2014,shared,GP,taxes_less_subsidies_on_products,146441469121.84985,"rand, constant 2015 prices",P0441.2  Provincial Gross Domestic Product(2024).zip
ZAF,2015,shared,GP,taxes_less_subsidies_on_products,150276084166.66382,"rand, constant 2015 prices",P0441.2  Provincial Gross Domestic Product(2024).zip
ZAF,2016,shared,GP,taxes_less_subsidies_on_products,149894073352.26855,"rand, constant 2015 prices",P0441.2  Provincial Gross Domestic Product(2024).zip
ZAF,2017,shared,GP,taxes_less_subsidies_on_products,151331903725.5701,"rand, constant 2015 prices",P0441.2  Provincial Gross Domestic Product(2024).zip
ZAF,2018,shared,GP,taxes_less_subsidies_on_products,153332454128.88455,"rand, constant 2015 prices",P0441.2  Provincial Gross Domestic Product(2024).zip
ZAF,2019,shared,GP,taxes_less_subsidies_on_products,155116995785.89166,"rand, constant 2015 prices",P0441.2  Provincial Gross Domestic Product(2024).zip
ZAF,2020,shared,GP,taxes_less_subsidies_on_products,139552325973.7805,"rand, constant 2015 prices",P0441.2  Provincial Gross Domestic Product(2024).zip
ZAF,2021,shared,GP,taxes_less_subsidies_on_products,149711869654.59842,"rand, constant 2015 prices",P0441.2  Provincial Gross Domestic Product(2024).zip
ZAF,2022,shared,GP,taxes_less_subsidies_on_products,152205638236.26245,"rand, constant 2015 prices",P0441.2  Provincial Gross Domestic Product(2024).zip
ZAF,2023,shared,GP,taxes_less_subsidies_on_products,155096408069.6247,"rand, constant 2015 prices",P0441.2  Provincial Gross Domestic Product(2024).zip
ZAF,2024,shared,GP,taxes_less_subsidies_on_products,156976357508.53757,"rand, constant 2015 prices",P0441.2  Provincial Gross Domestic Product(2024).zip
ZAF,2013,shared,GP,gdpr_at_market_prices,1437069504741.8276,"rand, constant 2015 prices",P0441.2  Provincial Gross Domestic Product(2024).zip
ZAF,2014,shared,GP,gdpr_at_market_prices,1461033883639.3901,"rand, constant 2015 prices",P0441.2  Provincial Gross Domestic Product(2024).zip
ZAF,2015,shared,GP,gdpr_at_market_prices,1478351274445.321,"rand, constant 2015 prices",P0441.2  Provincial Gross Domestic Product(2024).zip
ZAF,2016,shared,GP,gdpr_at_market_prices,1497235961068.091,"rand, constant 2015 prices",P0441.2  Provincial Gross Domestic Product(2024).zip
ZAF,2017,shared,GP,gdpr_at_market_prices,1512450335191.2244,"rand, constant 2015 prices",P0441.2  Provincial Gross Domestic Product(2024).zip
ZAF,2018,shared,GP,gdpr_at_market_prices,1543405392118.8088,"rand, constant 2015 prices",P0441.2  Provincial Gross Domestic Product(2024).zip
ZAF,2019,shared,GP,gdpr_at_market_prices,1552610746873.4895,"rand, constant 2015 prices",P0441.2  Provincial Gross Domestic Product(2024).zip
ZAF,2020,shared,GP,gdpr_at_market_prices,1439997170342.6316,"rand, constant 2015 prices",P0441.2  Provincial Gross Domestic Product(2024).zip
ZAF,2021,shared,GP,gdpr_at_market_prices,1503973977021.0583,"rand, constant 2015 prices",P0441.2  Provincial Gross Domestic Product(2024).zip
ZAF,2022,shared,GP,gdpr_at_market_prices,1546506292746.065,"rand, constant 2015 prices",P0441.2  Provincial Gross Domestic Product(2024).zip
ZAF,2023,shared,GP,gdpr_at_market_prices,1560954196583.3767,"rand, constant 2015 prices",P0441.2  Provincial Gross Domestic Product(2024).zip
ZAF,2024,shared,GP,gdpr_at_market_prices,1573149045709.933,"rand, constant 2015 prices",P0441.2  Provincial Gross Domestic Product(2024).zip
ZAF,2013,shared,MP,primary_industries,56326262986.86703,"rand, constant 2015 prices",P0441.2  Provincial Gross Domestic Product(2024).zip
ZAF,2014,shared,MP,primary_industries,59667623254.15018,"rand, constant 2015 prices",P0441.2  Provincial Gross Domestic Product(2024).zip
ZAF,2015,shared,MP,primary_industries,58820734910.941986,"rand, constant 2015 prices",P0441.2  Provincial Gross Domestic Product(2024).zip
ZAF,2016,shared,MP,primary_industries,59082103125.51527,"rand, constant 2015 prices",P0441.2  Provincial Gross Domestic Product(2024).zip
ZAF,2017,shared,MP,primary_industries,62021197257.753784,"rand, constant 2015 prices",P0441.2  Provincial Gross Domestic Product(2024).zip
ZAF,2018,shared,MP,primary_industries,63011655544.75224,"rand, constant 2015 prices",P0441.2  Provincial Gross Domestic Product(2024).zip
ZAF,2019,shared,MP,primary_industries,62787601294.00362,"rand, constant 2015 prices",P0441.2  Provincial Gross Domestic Product(2024).zip
ZAF,2020,shared,MP,primary_industries,59551104008.602356,"rand, constant 2015 prices",P0441.2  Provincial Gross Domestic Product(2024).zip
ZAF,2021,shared,MP,primary_industries,63248549426.468544,"rand, constant 2015 prices",P0441.2  Provincial Gross Domestic Product(2024).zip
ZAF,2022,shared,MP,primary_industries,60052773345.5336,"rand, constant 2015 prices",P0441.2  Provincial Gross Domestic Product(2024).zip
ZAF,2023,shared,MP,primary_industries,59475568547.50349,"rand, constant 2015 prices",P0441.2  Provincial Gross Domestic Product(2024).zip
ZAF,2024,shared,MP,primary_industries,59113242190.66085,"rand, constant 2015 prices",P0441.2  Provincial Gross Domestic Product(2024).zip
ZAF,2013,shared,MP,agriculture_forestry_and_fishing,8022106072.443356,"rand, constant 2015 prices",P0441.2  Provincial Gross Domestic Product(2024).zip
ZAF,2014,shared,MP,agriculture_forestry_and_fishing,8862373946.18574,"rand, constant 2015 prices",P0441.2  Provincial Gross Domestic Product(2024).zip
ZAF,2015,shared,MP,agriculture_forestry_and_fishing,9088833951.275246,"rand, constant 2015 prices",P0441.2  Provincial Gross Domestic Product(2024).zip
ZAF,2016,shared,MP,agriculture_forestry_and_fishing,8921721834.306755,"rand, constant 2015 prices",P0441.2  Provincial Gross Domestic Product(2024).zip
ZAF,2017,shared,MP,agriculture_forestry_and_fishing,10505879294.10883,"rand, constant 2015 prices",P0441.2  Provincial Gross Domestic Product(2024).zip
ZAF,2018,shared,MP,agriculture_forestry_and_fishing,10768589277.747324,"rand, constant 2015 prices",P0441.2  Provincial Gross Domestic Product(2024).zip
ZAF,2019,shared,MP,agriculture_forestry_and_fishing,10009486914.014986,"rand, constant 2015 prices",P0441.2  Provincial Gross Domestic Product(2024).zip
ZAF,2020,shared,MP,agriculture_forestry_and_fishing,12581770952.254261,"rand, constant 2015 prices",P0441.2  Provincial Gross Domestic Product(2024).zip
ZAF,2021,shared,MP,agriculture_forestry_and_fishing,13154221671.897755,"rand, constant 2015 prices",P0441.2  Provincial Gross Domestic Product(2024).zip
ZAF,2022,shared,MP,agriculture_forestry_and_fishing,13356042018.931854,"rand, constant 2015 prices",P0441.2  Provincial Gross Domestic Product(2024).zip
ZAF,2023,shared,MP,agriculture_forestry_and_fishing,12813397747.44459,"rand, constant 2015 prices",P0441.2  Provincial Gross Domestic Product(2024).zip
ZAF,2024,shared,MP,agriculture_forestry_and_fishing,11963770405.253643,"rand, constant 2015 prices",P0441.2  Provincial Gross Domestic Product(2024).zip
ZAF,2013,shared,MP,mining_and_quarrying,48304156914.42367,"rand, constant 2015 prices",P0441.2  Provincial Gross Domestic Product(2024).zip
ZAF,2014,shared,MP,mining_and_quarrying,50805249307.96443,"rand, constant 2015 prices",P0441.2  Provincial Gross Domestic Product(2024).zip
ZAF,2015,shared,MP,mining_and_quarrying,49731900959.66675,"rand, constant 2015 prices",P0441.2  Provincial Gross Domestic Product(2024).zip
ZAF,2016,shared,MP,mining_and_quarrying,50160381291.20851,"rand, constant 2015 prices",P0441.2  Provincial Gross Domestic Product(2024).zip
ZAF,2017,shared,MP,mining_and_quarrying,51515317963.64495,"rand, constant 2015 prices",P0441.2  Provincial Gross Domestic Product(2024).zip
ZAF,2018,shared,MP,mining_and_quarrying,52243066267.00491,"rand, constant 2015 prices",P0441.2  Provincial Gross Domestic Product(2024).zip
ZAF,2019,shared,MP,mining_and_quarrying,52778114379.98863,"rand, constant 2015 prices",P0441.2  Provincial Gross Domestic Product(2024).zip
ZAF,2020,shared,MP,mining_and_quarrying,46969333056.3481,"rand, constant 2015 prices",P0441.2  Provincial Gross Domestic Product(2024).zip
ZAF,2021,shared,MP,mining_and_quarrying,50094327754.57079,"rand, constant 2015 prices",P0441.2  Provincial Gross Domestic Product(2024).zip
ZAF,2022,shared,MP,mining_and_quarrying,46696731326.601746,"rand, constant 2015 prices",P0441.2  Provincial Gross Domestic Product(2024).zip
ZAF,2023,shared,MP,mining_and_quarrying,46662170800.0589,"rand, constant 2015 prices",P0441.2  Provincial Gross Domestic Product(2024).zip
ZAF,2024,shared,MP,mining_and_quarrying,47149471785.40721,"rand, constant 2015 prices",P0441.2  Provincial Gross Domestic Product(2024).zip
ZAF,2013,shared,MP,secondary_industries,66958810575.46672,"rand, constant 2015 prices",P0441.2  Provincial Gross Domestic Product(2024).zip
ZAF,2014,shared,MP,secondary_industries,67439675519.93905,"rand, constant 2015 prices",P0441.2  Provincial Gross Domestic Product(2024).zip
ZAF,2015,shared,MP,secondary_industries,66626871481.189156,"rand, constant 2015 prices",P0441.2  Provincial Gross Domestic Product(2024).zip
ZAF,2016,shared,MP,secondary_industries,66372498466.75291,"rand, constant 2015 prices",P0441.2  Provincial Gross Domestic Product(2024).zip
ZAF,2017,shared,MP,secondary_industries,65754314766.346634,"rand, constant 2015 prices",P0441.2  Provincial Gross Domestic Product(2024).zip
ZAF,2018,shared,MP,secondary_industries,66230314746.21399,"rand, constant 2015 prices",P0441.2  Provincial Gross Domestic Product(2024).zip
ZAF,2019,shared,MP,secondary_industries,65127161600.36513,"rand, constant 2015 prices",P0441.2  Provincial Gross Domestic Product(2024).zip
ZAF,2020,shared,MP,secondary_industries,60096967880.728806,"rand, constant 2015 prices",P0441.2  Provincial Gross Domestic Product(2024).zip
ZAF,2021,shared,MP,secondary_industries,61457772312.36316,"rand, constant 2015 prices",P0441.2  Provincial Gross Domestic Product(2024).zip
ZAF,2022,shared,MP,secondary_industries,60967993265.24328,"rand, constant 2015 prices",P0441.2  Provincial Gross Domestic Product(2024).zip
ZAF,2023,shared,MP,secondary_industries,60519952458.45297,"rand, constant 2015 prices",P0441.2  Provincial Gross Domestic Product(2024).zip
ZAF,2024,shared,MP,secondary_industries,60039107823.302025,"rand, constant 2015 prices",P0441.2  Provincial Gross Domestic Product(2024).zip
ZAF,2013,shared,MP,manufacturing,41465363134.816376,"rand, constant 2015 prices",P0441.2  Provincial Gross Domestic Product(2024).zip
ZAF,2014,shared,MP,manufacturing,41953616434.80053,"rand, constant 2015 prices",P0441.2  Provincial Gross Domestic Product(2024).zip
ZAF,2015,shared,MP,manufacturing,41852648771.49471,"rand, constant 2015 prices",P0441.2  Provincial Gross Domestic Product(2024).zip
ZAF,2016,shared,MP,manufacturing,42024260414.755585,"rand, constant 2015 prices",P0441.2  Provincial Gross Domestic Product(2024).zip
ZAF,2017,shared,MP,manufacturing,42000003697.07184,"rand, constant 2015 prices",P0441.2  Provincial Gross Domestic Product(2024).zip
ZAF,2018,shared,MP,manufacturing,42406109206.83696,"rand, constant 2015 prices",P0441.2  Provincial Gross Domestic Product(2024).zip
ZAF,2019,shared,MP,manufacturing,42091438767.47642,"rand, constant 2015 prices",P0441.2  Provincial Gross Domestic Product(2024).zip
ZAF,2020,shared,MP,manufacturing,39777633679.34646,"rand, constant 2015 prices",P0441.2  Provincial Gross Domestic Product(2024).zip
ZAF,2021,shared,MP,manufacturing,40832660802.677536,"rand, constant 2015 prices",P0441.2  Provincial Gross Domestic Product(2024).zip
ZAF,2022,shared,MP,manufacturing,40410655593.76171,"rand, constant 2015 prices",P0441.2  Provincial Gross Domestic Product(2024).zip
ZAF,2023,shared,MP,manufacturing,40612981890.42733,"rand, constant 2015 prices",P0441.2  Provincial Gross Domestic Product(2024).zip
ZAF,2024,shared,MP,manufacturing,40055736770.02511,"rand, constant 2015 prices",P0441.2  Provincial Gross Domestic Product(2024).zip
ZAF,2013,shared,MP,electricity_and_water,15828445699.594225,"rand, constant 2015 prices",P0441.2  Provincial Gross Domestic Product(2024).zip
ZAF,2014,shared,MP,electricity_and_water,15702474590.997705,"rand, constant 2015 prices",P0441.2  Provincial Gross Domestic Product(2024).zip
ZAF,2015,shared,MP,electricity_and_water,14978333285.866661,"rand, constant 2015 prices",P0441.2  Provincial Gross Domestic Product(2024).zip
ZAF,2016,shared,MP,electricity_and_water,14517615841.106932,"rand, constant 2015 prices",P0441.2  Provincial Gross Domestic Product(2024).zip
ZAF,2017,shared,MP,electricity_and_water,14481766818.146374,"rand, constant 2015 prices",P0441.2  Provincial Gross Domestic Product(2024).zip
ZAF,2018,shared,MP,electricity_and_water,14594786518.012552,"rand, constant 2015 prices",P0441.2  Provincial Gross Domestic Product(2024).zip
ZAF,2019,shared,MP,electricity_and_water,14097096427.558714,"rand, constant 2015 prices",P0441.2  Provincial Gross Domestic Product(2024).zip
ZAF,2020,shared,MP,electricity_and_water,13114624983.47398,"rand, constant 2015 prices",P0441.2  Provincial Gross Domestic Product(2024).zip
ZAF,2021,shared,MP,electricity_and_water,13545260645.27691,"rand, constant 2015 prices",P0441.2  Provincial Gross Domestic Product(2024).zip
ZAF,2022,shared,MP,electricity_and_water,13483527269.84882,"rand, constant 2015 prices",P0441.2  Provincial Gross Domestic Product(2024).zip
ZAF,2023,shared,MP,electricity_and_water,12818975718.783539,"rand, constant 2015 prices",P0441.2  Provincial Gross Domestic Product(2024).zip
ZAF,2024,shared,MP,electricity_and_water,13092297810.913885,"rand, constant 2015 prices",P0441.2  Provincial Gross Domestic Product(2024).zip
ZAF,2013,shared,MP,construction,9665001741.056112,"rand, constant 2015 prices",P0441.2  Provincial Gross Domestic Product(2024).zip
ZAF,2014,shared,MP,construction,9783584494.140806,"rand, constant 2015 prices",P0441.2  Provincial Gross Domestic Product(2024).zip
ZAF,2015,shared,MP,construction,9795889423.82778,"rand, constant 2015 prices",P0441.2  Provincial Gross Domestic Product(2024).zip
ZAF,2016,shared,MP,construction,9830622210.890392,"rand, constant 2015 prices",P0441.2  Provincial Gross Domestic Product(2024).zip
ZAF,2017,shared,MP,construction,9272544251.128428,"rand, constant 2015 prices",P0441.2  Provincial Gross Domestic Product(2024).zip
ZAF,2018,shared,MP,construction,9229419021.364483,"rand, constant 2015 prices",P0441.2  Provincial Gross Domestic Product(2024).zip
ZAF,2019,shared,MP,construction,8938626405.329996,"rand, constant 2015 prices",P0441.2  Provincial Gross Domestic Product(2024).zip
ZAF,2020,shared,MP,construction,7204709217.908368,"rand, constant 2015 prices",P0441.2  Provincial Gross Domestic Product(2024).zip
ZAF,2021,shared,MP,construction,7079850864.408716,"rand, constant 2015 prices",P0441.2  Provincial Gross Domestic Product(2024).zip
ZAF,2022,shared,MP,construction,7073810401.632745,"rand, constant 2015 prices",P0441.2  Provincial Gross Domestic Product(2024).zip
ZAF,2023,shared,MP,construction,7087994849.242106,"rand, constant 2015 prices",P0441.2  Provincial Gross Domestic Product(2024).zip
ZAF,2024,shared,MP,construction,6891073242.363036,"rand, constant 2015 prices",P0441.2  Provincial Gross Domestic Product(2024).zip
ZAF,2013,shared,MP,tertiary_industries,165983104017.60126,"rand, constant 2015 prices",P0441.2  Provincial Gross Domestic Product(2024).zip
ZAF,2014,shared,MP,tertiary_industries,168097183801.70917,"rand, constant 2015 prices",P0441.2  Provincial Gross Domestic Product(2024).zip
ZAF,2015,shared,MP,tertiary_industries,170501045342.6142,"rand, constant 2015 prices",P0441.2  Provincial Gross Domestic Product(2024).zip
ZAF,2016,shared,MP,tertiary_industries,172849861817.07367,"rand, constant 2015 prices",P0441.2  Provincial Gross Domestic Product(2024).zip
ZAF,2017,shared,MP,tertiary_industries,174438556949.08417,"rand, constant 2015 prices",P0441.2  Provincial Gross Domestic Product(2024).zip
ZAF,2018,shared,MP,tertiary_industries,176892156199.4323,"rand, constant 2015 prices",P0441.2  Provincial Gross Domestic Product(2024).zip
ZAF,2019,shared,MP,tertiary_industries,177886752676.4452,"rand, constant 2015 prices",P0441.2  Provincial Gross Domestic Product(2024).zip
ZAF,2020,shared,MP,tertiary_industries,171523953845.65543,"rand, constant 2015 prices",P0441.2  Provincial Gross Domestic Product(2024).zip
ZAF,2021,shared,MP,tertiary_industries,181183558714.09442,"rand, constant 2015 prices",P0441.2  Provincial Gross Domestic Product(2024).zip
ZAF,2022,shared,MP,tertiary_industries,187323880891.41565,"rand, constant 2015 prices",P0441.2  Provincial Gross Domestic Product(2024).zip
ZAF,2023,shared,MP,tertiary_industries,189629177237.04886,"rand, constant 2015 prices",P0441.2  Provincial Gross Domestic Product(2024).zip
ZAF,2024,shared,MP,tertiary_industries,191478082933.52353,"rand, constant 2015 prices",P0441.2  Provincial Gross Domestic Product(2024).zip
ZAF,2013,shared,MP,wholesale_retail_trade_hotels_restaurants,40795566180.60479,"rand, constant 2015 prices",P0441.2  Provincial Gross Domestic Product(2024).zip
ZAF,2014,shared,MP,wholesale_retail_trade_hotels_restaurants,41010767101.045,"rand, constant 2015 prices",P0441.2  Provincial Gross Domestic Product(2024).zip
ZAF,2015,shared,MP,wholesale_retail_trade_hotels_restaurants,41231831274.982,"rand, constant 2015 prices",P0441.2  Provincial Gross Domestic Product(2024).zip
ZAF,2016,shared,MP,wholesale_retail_trade_hotels_restaurants,41681639994.709595,"rand, constant 2015 prices",P0441.2  Provincial Gross Domestic Product(2024).zip
ZAF,2017,shared,MP,wholesale_retail_trade_hotels_restaurants,41254520554.43387,"rand, constant 2015 prices",P0441.2  Provincial Gross Domestic Product(2024).zip
ZAF,2018,shared,MP,wholesale_retail_trade_hotels_restaurants,41671500000.0,"rand, constant 2015 prices",P0441.2  Provincial Gross Domestic Product(2024).zip
ZAF,2019,shared,MP,wholesale_retail_trade_hotels_restaurants,41316308493.95087,"rand, constant 2015 prices",P0441.2  Provincial Gross Domestic Product(2024).zip
ZAF,2020,shared,MP,wholesale_retail_trade_hotels_restaurants,38011866866.545296,"rand, constant 2015 prices",P0441.2  Provincial Gross Domestic Product(2024).zip
ZAF,2021,shared,MP,wholesale_retail_trade_hotels_restaurants,42066000000.0,"rand, constant 2015 prices",P0441.2  Provincial Gross Domestic Product(2024).zip
ZAF,2022,shared,MP,wholesale_retail_trade_hotels_restaurants,43392228886.56126,"rand, constant 2015 prices",P0441.2  Provincial Gross Domestic Product(2024).zip
ZAF,2023,shared,MP,wholesale_retail_trade_hotels_restaurants,43199654546.900246,"rand, constant 2015 prices",P0441.2  Provincial Gross Domestic Product(2024).zip
ZAF,2024,shared,MP,wholesale_retail_trade_hotels_restaurants,42966940178.79248,"rand, constant 2015 prices",P0441.2  Provincial Gross Domestic Product(2024).zip
ZAF,2013,shared,MP,transport_and_communication,15390537870.916159,"rand, constant 2015 prices",P0441.2  Provincial Gross Domestic Product(2024).zip
ZAF,2014,shared,MP,transport_and_communication,15706005733.511923,"rand, constant 2015 prices",P0441.2  Provincial Gross Domestic Product(2024).zip
ZAF,2015,shared,MP,transport_and_communication,16103556130.544716,"rand, constant 2015 prices",P0441.2  Provincial Gross Domestic Product(2024).zip
ZAF,2016,shared,MP,transport_and_communication,16285747654.052822,"rand, constant 2015 prices",P0441.2  Provincial Gross Domestic Product(2024).zip
ZAF,2017,shared,MP,transport_and_communication,16398173672.792057,"rand, constant 2015 prices",P0441.2  Provincial Gross Domestic Product(2024).zip
ZAF,2018,shared,MP,transport_and_communication,16803779927.088486,"rand, constant 2015 prices",P0441.2  Provincial Gross Domestic Product(2024).zip
ZAF,2019,shared,MP,transport_and_communication,16600964200.458904,"rand, constant 2015 prices",P0441.2  Provincial Gross Domestic Product(2024).zip
ZAF,2020,shared,MP,transport_and_communication,12931810386.428541,"rand, constant 2015 prices",P0441.2  Provincial Gross Domestic Product(2024).zip
ZAF,2021,shared,MP,transport_and_communication,14322820498.306406,"rand, constant 2015 prices",P0441.2  Provincial Gross Domestic Product(2024).zip
ZAF,2022,shared,MP,transport_and_communication,16008960046.73942,"rand, constant 2015 prices",P0441.2  Provincial Gross Domestic Product(2024).zip
ZAF,2023,shared,MP,transport_and_communication,16591227721.306383,"rand, constant 2015 prices",P0441.2  Provincial Gross Domestic Product(2024).zip
ZAF,2024,shared,MP,transport_and_communication,16743424502.642723,"rand, constant 2015 prices",P0441.2  Provincial Gross Domestic Product(2024).zip
ZAF,2013,shared,MP,finance_real_estate_and_business_services,45332621964.72862,"rand, constant 2015 prices",P0441.2  Provincial Gross Domestic Product(2024).zip
ZAF,2014,shared,MP,finance_real_estate_and_business_services,46243629268.01335,"rand, constant 2015 prices",P0441.2  Provincial Gross Domestic Product(2024).zip
ZAF,2015,shared,MP,finance_real_estate_and_business_services,47291681747.33685,"rand, constant 2015 prices",P0441.2  Provincial Gross Domestic Product(2024).zip
ZAF,2016,shared,MP,finance_real_estate_and_business_services,48191961077.84226,"rand, constant 2015 prices",P0441.2  Provincial Gross Domestic Product(2024).zip
ZAF,2017,shared,MP,finance_real_estate_and_business_services,49094090424.00528,"rand, constant 2015 prices",P0441.2  Provincial Gross Domestic Product(2024).zip
ZAF,2018,shared,MP,finance_real_estate_and_business_services,50367896358.19342,"rand, constant 2015 prices",P0441.2  Provincial Gross Domestic Product(2024).zip
ZAF,2019,shared,MP,finance_real_estate_and_business_services,51185615616.83009,"rand, constant 2015 prices",P0441.2  Provincial Gross Domestic Product(2024).zip
ZAF,2020,shared,MP,finance_real_estate_and_business_services,51872418689.63181,"rand, constant 2015 prices",P0441.2  Provincial Gross Domestic Product(2024).zip
ZAF,2021,shared,MP,finance_real_estate_and_business_services,52740088353.591064,"rand, constant 2015 prices",P0441.2  Provincial Gross Domestic Product(2024).zip
ZAF,2022,shared,MP,finance_real_estate_and_business_services,53971522492.04804,"rand, constant 2015 prices",P0441.2  Provincial Gross Domestic Product(2024).zip
ZAF,2023,shared,MP,finance_real_estate_and_business_services,54621665947.54224,"rand, constant 2015 prices",P0441.2  Provincial Gross Domestic Product(2024).zip
ZAF,2024,shared,MP,finance_real_estate_and_business_services,56474401014.33325,"rand, constant 2015 prices",P0441.2  Provincial Gross Domestic Product(2024).zip
ZAF,2013,shared,MP,personal_services,49205691903.207695,"rand, constant 2015 prices",P0441.2  Provincial Gross Domestic Product(2024).zip
ZAF,2014,shared,MP,personal_services,49382695168.83015,"rand, constant 2015 prices",P0441.2  Provincial Gross Domestic Product(2024).zip
ZAF,2015,shared,MP,personal_services,49718138317.96042,"rand, constant 2015 prices",P0441.2  Provincial Gross Domestic Product(2024).zip
ZAF,2016,shared,MP,personal_services,50248471957.52646,"rand, constant 2015 prices",P0441.2  Provincial Gross Domestic Product(2024).zip
ZAF,2017,shared,MP,personal_services,51028632121.37762,"rand, constant 2015 prices",P0441.2  Provincial Gross Domestic Product(2024).zip
ZAF,2018,shared,MP,personal_services,51109300000.0,"rand, constant 2015 prices",P0441.2  Provincial Gross Domestic Product(2024).zip
ZAF,2019,shared,MP,personal_services,51700277759.19523,"rand, constant 2015 prices",P0441.2  Provincial Gross Domestic Product(2024).zip
ZAF,2020,shared,MP,personal_services,51464932945.7917,"rand, constant 2015 prices",P0441.2  Provincial Gross Domestic Product(2024).zip
ZAF,2021,shared,MP,personal_services,55035716517.94677,"rand, constant 2015 prices",P0441.2  Provincial Gross Domestic Product(2024).zip
ZAF,2022,shared,MP,personal_services,57036598275.34894,"rand, constant 2015 prices",P0441.2  Provincial Gross Domestic Product(2024).zip
ZAF,2023,shared,MP,personal_services,58186621629.61497,"rand, constant 2015 prices",P0441.2  Provincial Gross Domestic Product(2024).zip
ZAF,2024,shared,MP,personal_services,58132189195.61024,"rand, constant 2015 prices",P0441.2  Provincial Gross Domestic Product(2024).zip
ZAF,2013,shared,MP,general_government_services,15258686098.144009,"rand, constant 2015 prices",P0441.2  Provincial Gross Domestic Product(2024).zip
ZAF,2014,shared,MP,general_government_services,15754086530.308764,"rand, constant 2015 prices",P0441.2  Provincial Gross Domestic Product(2024).zip
ZAF,2015,shared,MP,general_government_services,16155837871.790194,"rand, constant 2015 prices",P0441.2  Provincial Gross Domestic Product(2024).zip
ZAF,2016,shared,MP,general_government_services,16442041132.94251,"rand, constant 2015 prices",P0441.2  Provincial Gross Domestic Product(2024).zip
ZAF,2017,shared,MP,general_government_services,16663140176.475332,"rand, constant 2015 prices",P0441.2  Provincial Gross Domestic Product(2024).zip
ZAF,2018,shared,MP,general_government_services,16939289558.29575,"rand, constant 2015 prices",P0441.2  Provincial Gross Domestic Product(2024).zip
ZAF,2019,shared,MP,general_government_services,17083586606.010096,"rand, constant 2015 prices",P0441.2  Provincial Gross Domestic Product(2024).zip
ZAF,2020,shared,MP,general_government_services,17242924957.25806,"rand, constant 2015 prices",P0441.2  Provincial Gross Domestic Product(2024).zip
ZAF,2021,shared,MP,general_government_services,17018933344.250189,"rand, constant 2015 prices",P0441.2  Provincial Gross Domestic Product(2024).zip
ZAF,2022,shared,MP,general_government_services,16914571190.717995,"rand, constant 2015 prices",P0441.2  Provincial Gross Domestic Product(2024).zip
ZAF,2023,shared,MP,general_government_services,17030007391.685024,"rand, constant 2015 prices",P0441.2  Provincial Gross Domestic Product(2024).zip
ZAF,2024,shared,MP,general_government_services,17161128042.144825,"rand, constant 2015 prices",P0441.2  Provincial Gross Domestic Product(2024).zip
ZAF,2013,shared,MP,all_industries_at_basic_prices,289268177579.935,"rand, constant 2015 prices",P0441.2  Provincial Gross Domestic Product(2024).zip
ZAF,2014,shared,MP,all_industries_at_basic_prices,295204482575.7984,"rand, constant 2015 prices",P0441.2  Provincial Gross Domestic Product(2024).zip
ZAF,2015,shared,MP,all_industries_at_basic_prices,295948651734.74536,"rand, constant 2015 prices",P0441.2  Provincial Gross Domestic Product(2024).zip
ZAF,2016,shared,MP,all_industries_at_basic_prices,298304463409.3418,"rand, constant 2015 prices",P0441.2  Provincial Gross Domestic Product(2024).zip
ZAF,2017,shared,MP,all_industries_at_basic_prices,302214068973.1846,"rand, constant 2015 prices",P0441.2  Provincial Gross Domestic Product(2024).zip
ZAF,2018,shared,MP,all_industries_at_basic_prices,306134126490.39856,"rand, constant 2015 prices",P0441.2  Provincial Gross Domestic Product(2024).zip
ZAF,2019,shared,MP,all_industries_at_basic_prices,305801515570.8139,"rand, constant 2015 prices",P0441.2  Provincial Gross Domestic Product(2024).zip
ZAF,2020,shared,MP,all_industries_at_basic_prices,291172025734.9866,"rand, constant 2015 prices",P0441.2  Provincial Gross Domestic Product(2024).zip
ZAF,2021,shared,MP,all_industries_at_basic_prices,305889880452.92615,"rand, constant 2015 prices",P0441.2  Provincial Gross Domestic Product(2024).zip
ZAF,2022,shared,MP,all_industries_at_basic_prices,308344647502.1925,"rand, constant 2015 prices",P0441.2  Provincial Gross Domestic Product(2024).zip
ZAF,2023,shared,MP,all_industries_at_basic_prices,309624698243.0053,"rand, constant 2015 prices",P0441.2  Provincial Gross Domestic Product(2024).zip
ZAF,2024,shared,MP,all_industries_at_basic_prices,310630432947.4864,"rand, constant 2015 prices",P0441.2  Provincial Gross Domestic Product(2024).zip
ZAF,2013,shared,MP,taxes_less_subsidies_on_products,32502290870.42193,"rand, constant 2015 prices",P0441.2  Provincial Gross Domestic Product(2024).zip
ZAF,2014,shared,MP,taxes_less_subsidies_on_products,32889579422.30871,"rand, constant 2015 prices",P0441.2  Provincial Gross Domestic Product(2024).zip
ZAF,2015,shared,MP,taxes_less_subsidies_on_products,33579604003.50038,"rand, constant 2015 prices",P0441.2  Provincial Gross Domestic Product(2024).zip
ZAF,2016,shared,MP,taxes_less_subsidies_on_products,33316516154.571125,"rand, constant 2015 prices",P0441.2  Provincial Gross Domestic Product(2024).zip
ZAF,2017,shared,MP,taxes_less_subsidies_on_products,33704561612.843563,"rand, constant 2015 prices",P0441.2  Provincial Gross Domestic Product(2024).zip
ZAF,2018,shared,MP,taxes_less_subsidies_on_products,33762379213.467445,"rand, constant 2015 prices",P0441.2  Provincial Gross Domestic Product(2024).zip
ZAF,2019,shared,MP,taxes_less_subsidies_on_products,33618157392.287766,"rand, constant 2015 prices",P0441.2  Provincial Gross Domestic Product(2024).zip
ZAF,2020,shared,MP,taxes_less_subsidies_on_products,30137711793.111866,"rand, constant 2015 prices",P0441.2  Provincial Gross Domestic Product(2024).zip
ZAF,2021,shared,MP,taxes_less_subsidies_on_products,32886050164.37762,"rand, constant 2015 prices",P0441.2  Provincial Gross Domestic Product(2024).zip
ZAF,2022,shared,MP,taxes_less_subsidies_on_products,32977363030.314438,"rand, constant 2015 prices",P0441.2  Provincial Gross Domestic Product(2024).zip
ZAF,2023,shared,MP,taxes_less_subsidies_on_products,33343377530.10651,"rand, constant 2015 prices",P0441.2  Provincial Gross Domestic Product(2024).zip
ZAF,2024,shared,MP,taxes_less_subsidies_on_products,33499664196.46328,"rand, constant 2015 prices",P0441.2  Provincial Gross Domestic Product(2024).zip
ZAF,2013,shared,MP,gdpr_at_market_prices,321770468450.35693,"rand, constant 2015 prices",P0441.2  Provincial Gross Domestic Product(2024).zip
ZAF,2014,shared,MP,gdpr_at_market_prices,328094061998.1071,"rand, constant 2015 prices",P0441.2  Provincial Gross Domestic Product(2024).zip
ZAF,2015,shared,MP,gdpr_at_market_prices,329528255738.2457,"rand, constant 2015 prices",P0441.2  Provincial Gross Domestic Product(2024).zip
ZAF,2016,shared,MP,gdpr_at_market_prices,331620979563.91296,"rand, constant 2015 prices",P0441.2  Provincial Gross Domestic Product(2024).zip
ZAF,2017,shared,MP,gdpr_at_market_prices,335918630586.0281,"rand, constant 2015 prices",P0441.2  Provincial Gross Domestic Product(2024).zip
ZAF,2018,shared,MP,gdpr_at_market_prices,339896505703.866,"rand, constant 2015 prices",P0441.2  Provincial Gross Domestic Product(2024).zip
ZAF,2019,shared,MP,gdpr_at_market_prices,339419672963.1016,"rand, constant 2015 prices",P0441.2  Provincial Gross Domestic Product(2024).zip
ZAF,2020,shared,MP,gdpr_at_market_prices,321309737528.09845,"rand, constant 2015 prices",P0441.2  Provincial Gross Domestic Product(2024).zip
ZAF,2021,shared,MP,gdpr_at_market_prices,338775930617.3038,"rand, constant 2015 prices",P0441.2  Provincial Gross Domestic Product(2024).zip
ZAF,2022,shared,MP,gdpr_at_market_prices,341322010532.50696,"rand, constant 2015 prices",P0441.2  Provincial Gross Domestic Product(2024).zip
ZAF,2023,shared,MP,gdpr_at_market_prices,342968075773.1118,"rand, constant 2015 prices",P0441.2  Provincial Gross Domestic Product(2024).zip
ZAF,2024,shared,MP,gdpr_at_market_prices,344130097143.9497,"rand, constant 2015 prices",P0441.2  Provincial Gross Domestic Product(2024).zip
ZAF,2013,shared,LP,primary_industries,57965607861.69657,"rand, constant 2015 prices",P0441.2  Provincial Gross Domestic Product(2024).zip
ZAF,2014,shared,LP,primary_industries,58143332175.06707,"rand, constant 2015 prices",P0441.2  Provincial Gross Domestic Product(2024).zip
ZAF,2015,shared,LP,primary_industries,60836645030.63485,"rand, constant 2015 prices",P0441.2  Provincial Gross Domestic Product(2024).zip
ZAF,2016,shared,LP,primary_industries,59320329374.33338,"rand, constant 2015 prices",P0441.2  Provincial Gross Domestic Product(2024).zip
ZAF,2017,shared,LP,primary_industries,62334141176.21813,"rand, constant 2015 prices",P0441.2  Provincial Gross Domestic Product(2024).zip
ZAF,2018,shared,LP,primary_industries,63082451644.764824,"rand, constant 2015 prices",P0441.2  Provincial Gross Domestic Product(2024).zip
ZAF,2019,shared,LP,primary_industries,62385709658.210144,"rand, constant 2015 prices",P0441.2  Provincial Gross Domestic Product(2024).zip
ZAF,2020,shared,LP,primary_industries,56217018390.6069,"rand, constant 2015 prices",P0441.2  Provincial Gross Domestic Product(2024).zip
ZAF,2021,shared,LP,primary_industries,65040871298.10272,"rand, constant 2015 prices",P0441.2  Provincial Gross Domestic Product(2024).zip
ZAF,2022,shared,LP,primary_industries,61371741043.063034,"rand, constant 2015 prices",P0441.2  Provincial Gross Domestic Product(2024).zip
ZAF,2023,shared,LP,primary_industries,60651839182.4941,"rand, constant 2015 prices",P0441.2  Provincial Gross Domestic Product(2024).zip
ZAF,2024,shared,LP,primary_industries,59560091432.00567,"rand, constant 2015 prices",P0441.2  Provincial Gross Domestic Product(2024).zip
ZAF,2013,shared,LP,agriculture_forestry_and_fishing,7033256097.331086,"rand, constant 2015 prices",P0441.2  Provincial Gross Domestic Product(2024).zip
ZAF,2014,shared,LP,agriculture_forestry_and_fishing,7771430021.745014,"rand, constant 2015 prices",P0441.2  Provincial Gross Domestic Product(2024).zip
ZAF,2015,shared,LP,agriculture_forestry_and_fishing,7989624204.086584,"rand, constant 2015 prices",P0441.2  Provincial Gross Domestic Product(2024).zip
ZAF,2016,shared,LP,agriculture_forestry_and_fishing,7770145369.720285,"rand, constant 2015 prices",P0441.2  Provincial Gross Domestic Product(2024).zip
ZAF,2017,shared,LP,agriculture_forestry_and_fishing,9118581561.957027,"rand, constant 2015 prices",P0441.2  Provincial Gross Domestic Product(2024).zip
ZAF,2018,shared,LP,agriculture_forestry_and_fishing,9394925281.380205,"rand, constant 2015 prices",P0441.2  Provincial Gross Domestic Product(2024).zip
ZAF,2019,shared,LP,agriculture_forestry_and_fishing,8745527133.190153,"rand, constant 2015 prices",P0441.2  Provincial Gross Domestic Product(2024).zip
ZAF,2020,shared,LP,agriculture_forestry_and_fishing,10570874642.35358,"rand, constant 2015 prices",P0441.2  Provincial Gross Domestic Product(2024).zip
ZAF,2021,shared,LP,agriculture_forestry_and_fishing,11592917795.991016,"rand, constant 2015 prices",P0441.2  Provincial Gross Domestic Product(2024).zip
ZAF,2022,shared,LP,agriculture_forestry_and_fishing,11860322678.053598,"rand, constant 2015 prices",P0441.2  Provincial Gross Domestic Product(2024).zip
ZAF,2023,shared,LP,agriculture_forestry_and_fishing,11242502238.649998,"rand, constant 2015 prices",P0441.2  Provincial Gross Domestic Product(2024).zip
ZAF,2024,shared,LP,agriculture_forestry_and_fishing,10282498137.142939,"rand, constant 2015 prices",P0441.2  Provincial Gross Domestic Product(2024).zip
ZAF,2013,shared,LP,mining_and_quarrying,50932351764.365486,"rand, constant 2015 prices",P0441.2  Provincial Gross Domestic Product(2024).zip
ZAF,2014,shared,LP,mining_and_quarrying,50371902153.32206,"rand, constant 2015 prices",P0441.2  Provincial Gross Domestic Product(2024).zip
ZAF,2015,shared,LP,mining_and_quarrying,52847020826.54826,"rand, constant 2015 prices",P0441.2  Provincial Gross Domestic Product(2024).zip
ZAF,2016,shared,LP,mining_and_quarrying,51550184004.6131,"rand, constant 2015 prices",P0441.2  Provincial Gross Domestic Product(2024).zip
ZAF,2017,shared,LP,mining_and_quarrying,53215559614.2611,"rand, constant 2015 prices",P0441.2  Provincial Gross Domestic Product(2024).zip
ZAF,2018,shared,LP,mining_and_quarrying,53687526363.38462,"rand, constant 2015 prices",P0441.2  Provincial Gross Domestic Product(2024).zip
ZAF,2019,shared,LP,mining_and_quarrying,53640182525.01999,"rand, constant 2015 prices",P0441.2  Provincial Gross Domestic Product(2024).zip
ZAF,2020,shared,LP,mining_and_quarrying,45646143748.25332,"rand, constant 2015 prices",P0441.2  Provincial Gross Domestic Product(2024).zip
ZAF,2021,shared,LP,mining_and_quarrying,53447953502.1117,"rand, constant 2015 prices",P0441.2  Provincial Gross Domestic Product(2024).zip
ZAF,2022,shared,LP,mining_and_quarrying,49511418365.00944,"rand, constant 2015 prices",P0441.2  Provincial Gross Domestic Product(2024).zip
ZAF,2023,shared,LP,mining_and_quarrying,49409336943.8441,"rand, constant 2015 prices",P0441.2  Provincial Gross Domestic Product(2024).zip
ZAF,2024,shared,LP,mining_and_quarrying,49277593294.86273,"rand, constant 2015 prices",P0441.2  Provincial Gross Domestic Product(2024).zip
ZAF,2013,shared,LP,secondary_industries,26429273257.406418,"rand, constant 2015 prices",P0441.2  Provincial Gross Domestic Product(2024).zip
ZAF,2014,shared,LP,secondary_industries,26491281063.835842,"rand, constant 2015 prices",P0441.2  Provincial Gross Domestic Product(2024).zip
ZAF,2015,shared,LP,secondary_industries,26075327938.564816,"rand, constant 2015 prices",P0441.2  Provincial Gross Domestic Product(2024).zip
ZAF,2016,shared,LP,secondary_industries,25949910153.416355,"rand, constant 2015 prices",P0441.2  Provincial Gross Domestic Product(2024).zip
ZAF,2017,shared,LP,secondary_industries,25564474072.36567,"rand, constant 2015 prices",P0441.2  Provincial Gross Domestic Product(2024).zip
ZAF,2018,shared,LP,secondary_industries,25602661723.806194,"rand, constant 2015 prices",P0441.2  Provincial Gross Domestic Product(2024).zip
ZAF,2019,shared,LP,secondary_industries,25108581170.24347,"rand, constant 2015 prices",P0441.2  Provincial Gross Domestic Product(2024).zip
ZAF,2020,shared,LP,secondary_industries,22648064798.307503,"rand, constant 2015 prices",P0441.2  Provincial Gross Domestic Product(2024).zip
ZAF,2021,shared,LP,secondary_industries,23076227582.085472,"rand, constant 2015 prices",P0441.2  Provincial Gross Domestic Product(2024).zip
ZAF,2022,shared,LP,secondary_industries,22651845255.630535,"rand, constant 2015 prices",P0441.2  Provincial Gross Domestic Product(2024).zip
ZAF,2023,shared,LP,secondary_industries,22406291715.176563,"rand, constant 2015 prices",P0441.2  Provincial Gross Domestic Product(2024).zip
ZAF,2024,shared,LP,secondary_industries,22209824936.974655,"rand, constant 2015 prices",P0441.2  Provincial Gross Domestic Product(2024).zip
ZAF,2013,shared,LP,manufacturing,10945951779.420176,"rand, constant 2015 prices",P0441.2  Provincial Gross Domestic Product(2024).zip
ZAF,2014,shared,LP,manufacturing,11027896369.291943,"rand, constant 2015 prices",P0441.2  Provincial Gross Domestic Product(2024).zip
ZAF,2015,shared,LP,manufacturing,10929374224.69932,"rand, constant 2015 prices",P0441.2  Provincial Gross Domestic Product(2024).zip
ZAF,2016,shared,LP,manufacturing,10973665042.019983,"rand, constant 2015 prices",P0441.2  Provincial Gross Domestic Product(2024).zip
ZAF,2017,shared,LP,manufacturing,11010663591.992357,"rand, constant 2015 prices",P0441.2  Provincial Gross Domestic Product(2024).zip
ZAF,2018,shared,LP,manufacturing,11061734962.092752,"rand, constant 2015 prices",P0441.2  Provincial Gross Domestic Product(2024).zip
ZAF,2019,shared,LP,manufacturing,11028684024.85305,"rand, constant 2015 prices",P0441.2  Provincial Gross Domestic Product(2024).zip
ZAF,2020,shared,LP,manufacturing,10204054388.724886,"rand, constant 2015 prices",P0441.2  Provincial Gross Domestic Product(2024).zip
ZAF,2021,shared,LP,manufacturing,10700109375.591629,"rand, constant 2015 prices",P0441.2  Provincial Gross Domestic Product(2024).zip
ZAF,2022,shared,LP,manufacturing,10574689297.387838,"rand, constant 2015 prices",P0441.2  Provincial Gross Domestic Product(2024).zip
ZAF,2023,shared,LP,manufacturing,10647362783.894133,"rand, constant 2015 prices",P0441.2  Provincial Gross Domestic Product(2024).zip
ZAF,2024,shared,LP,manufacturing,10669641397.179018,"rand, constant 2015 prices",P0441.2  Provincial Gross Domestic Product(2024).zip
ZAF,2013,shared,LP,electricity_and_water,6919040669.640499,"rand, constant 2015 prices",P0441.2  Provincial Gross Domestic Product(2024).zip
ZAF,2014,shared,LP,electricity_and_water,6861167254.973216,"rand, constant 2015 prices",P0441.2  Provincial Gross Domestic Product(2024).zip
ZAF,2015,shared,LP,electricity_and_water,6535045689.791683,"rand, constant 2015 prices",P0441.2  Provincial Gross Domestic Product(2024).zip
ZAF,2016,shared,LP,electricity_and_water,6293399887.636555,"rand, constant 2015 prices",P0441.2  Provincial Gross Domestic Product(2024).zip
ZAF,2017,shared,LP,electricity_and_water,6293094275.62213,"rand, constant 2015 prices",P0441.2  Provincial Gross Domestic Product(2024).zip
ZAF,2018,shared,LP,electricity_and_water,6334658114.009743,"rand, constant 2015 prices",P0441.2  Provincial Gross Domestic Product(2024).zip
ZAF,2019,shared,LP,electricity_and_water,6127310655.593712,"rand, constant 2015 prices",P0441.2  Provincial Gross Domestic Product(2024).zip
ZAF,2020,shared,LP,electricity_and_water,5875523338.535131,"rand, constant 2015 prices",P0441.2  Provincial Gross Domestic Product(2024).zip
ZAF,2021,shared,LP,electricity_and_water,5948521902.389098,"rand, constant 2015 prices",P0441.2  Provincial Gross Domestic Product(2024).zip
ZAF,2022,shared,LP,electricity_and_water,5886986453.115538,"rand, constant 2015 prices",P0441.2  Provincial Gross Domestic Product(2024).zip
ZAF,2023,shared,LP,electricity_and_water,5602783999.37595,"rand, constant 2015 prices",P0441.2  Provincial Gross Domestic Product(2024).zip
ZAF,2024,shared,LP,electricity_and_water,5859777364.98778,"rand, constant 2015 prices",P0441.2  Provincial Gross Domestic Product(2024).zip
ZAF,2013,shared,LP,construction,8564280808.345746,"rand, constant 2015 prices",P0441.2  Provincial Gross Domestic Product(2024).zip
ZAF,2014,shared,LP,construction,8602217439.570683,"rand, constant 2015 prices",P0441.2  Provincial Gross Domestic Product(2024).zip
ZAF,2015,shared,LP,construction,8610908024.073814,"rand, constant 2015 prices",P0441.2  Provincial Gross Domestic Product(2024).zip
ZAF,2016,shared,LP,construction,8682845223.759817,"rand, constant 2015 prices",P0441.2  Provincial Gross Domestic Product(2024).zip
ZAF,2017,shared,LP,construction,8260716204.751181,"rand, constant 2015 prices",P0441.2  Provincial Gross Domestic Product(2024).zip
ZAF,2018,shared,LP,construction,8206268647.703699,"rand, constant 2015 prices",P0441.2  Provincial Gross Domestic Product(2024).zip
ZAF,2019,shared,LP,construction,7952586489.796707,"rand, constant 2015 prices",P0441.2  Provincial Gross Domestic Product(2024).zip
ZAF,2020,shared,LP,construction,6568487071.047486,"rand, constant 2015 prices",P0441.2  Provincial Gross Domestic Product(2024).zip
ZAF,2021,shared,LP,construction,6427596304.104743,"rand, constant 2015 prices",P0441.2  Provincial Gross Domestic Product(2024).zip
ZAF,2022,shared,LP,construction,6190169505.12716,"rand, constant 2015 prices",P0441.2  Provincial Gross Domestic Product(2024).zip
ZAF,2023,shared,LP,construction,6156144931.906482,"rand, constant 2015 prices",P0441.2  Provincial Gross Domestic Product(2024).zip
ZAF,2024,shared,LP,construction,5680406174.80786,"rand, constant 2015 prices",P0441.2  Provincial Gross Domestic Product(2024).zip
ZAF,2013,shared,LP,tertiary_industries,195610227980.5519,"rand, constant 2015 prices",P0441.2  Provincial Gross Domestic Product(2024).zip
ZAF,2014,shared,LP,tertiary_industries,198631399243.85672,"rand, constant 2015 prices",P0441.2  Provincial Gross Domestic Product(2024).zip
ZAF,2015,shared,LP,tertiary_industries,201365304663.73904,"rand, constant 2015 prices",P0441.2  Provincial Gross Domestic Product(2024).zip
ZAF,2016,shared,LP,tertiary_industries,203872506821.9061,"rand, constant 2015 prices",P0441.2  Provincial Gross Domestic Product(2024).zip
ZAF,2017,shared,LP,tertiary_industries,205368602253.79318,"rand, constant 2015 prices",P0441.2  Provincial Gross Domestic Product(2024).zip
ZAF,2018,shared,LP,tertiary_industries,208094889798.428,"rand, constant 2015 prices",P0441.2  Provincial Gross Domestic Product(2024).zip
ZAF,2019,shared,LP,tertiary_industries,209307222309.4844,"rand, constant 2015 prices",P0441.2  Provincial Gross Domestic Product(2024).zip
ZAF,2020,shared,LP,tertiary_industries,199749282488.69638,"rand, constant 2015 prices",P0441.2  Provincial Gross Domestic Product(2024).zip
ZAF,2021,shared,LP,tertiary_industries,204688360840.71585,"rand, constant 2015 prices",P0441.2  Provincial Gross Domestic Product(2024).zip
ZAF,2022,shared,LP,tertiary_industries,212295270748.6796,"rand, constant 2015 prices",P0441.2  Provincial Gross Domestic Product(2024).zip
ZAF,2023,shared,LP,tertiary_industries,215327998550.6274,"rand, constant 2015 prices",P0441.2  Provincial Gross Domestic Product(2024).zip
ZAF,2024,shared,LP,tertiary_industries,219171892444.65512,"rand, constant 2015 prices",P0441.2  Provincial Gross Domestic Product(2024).zip
ZAF,2013,shared,LP,wholesale_retail_trade_hotels_restaurants,40883056729.87409,"rand, constant 2015 prices",P0441.2  Provincial Gross Domestic Product(2024).zip
ZAF,2014,shared,LP,wholesale_retail_trade_hotels_restaurants,41151946335.494896,"rand, constant 2015 prices",P0441.2  Provincial Gross Domestic Product(2024).zip
ZAF,2015,shared,LP,wholesale_retail_trade_hotels_restaurants,41315036390.041595,"rand, constant 2015 prices",P0441.2  Provincial Gross Domestic Product(2024).zip
ZAF,2016,shared,LP,wholesale_retail_trade_hotels_restaurants,41709688091.366554,"rand, constant 2015 prices",P0441.2  Provincial Gross Domestic Product(2024).zip
ZAF,2017,shared,LP,wholesale_retail_trade_hotels_restaurants,41334898356.6665,"rand, constant 2015 prices",P0441.2  Provincial Gross Domestic Product(2024).zip
ZAF,2018,shared,LP,wholesale_retail_trade_hotels_restaurants,41804500000.0,"rand, constant 2015 prices",P0441.2  Provincial Gross Domestic Product(2024).zip
ZAF,2019,shared,LP,wholesale_retail_trade_hotels_restaurants,41523164176.12098,"rand, constant 2015 prices",P0441.2  Provincial Gross Domestic Product(2024).zip
ZAF,2020,shared,LP,wholesale_retail_trade_hotels_restaurants,34928738710.991714,"rand, constant 2015 prices",P0441.2  Provincial Gross Domestic Product(2024).zip
ZAF,2021,shared,LP,wholesale_retail_trade_hotels_restaurants,35651528768.61582,"rand, constant 2015 prices",P0441.2  Provincial Gross Domestic Product(2024).zip
ZAF,2022,shared,LP,wholesale_retail_trade_hotels_restaurants,37205739189.13807,"rand, constant 2015 prices",P0441.2  Provincial Gross Domestic Product(2024).zip
ZAF,2023,shared,LP,wholesale_retail_trade_hotels_restaurants,36623190694.12717,"rand, constant 2015 prices",P0441.2  Provincial Gross Domestic Product(2024).zip
ZAF,2024,shared,LP,wholesale_retail_trade_hotels_restaurants,36665877975.5843,"rand, constant 2015 prices",P0441.2  Provincial Gross Domestic Product(2024).zip
ZAF,2013,shared,LP,transport_and_communication,15976426257.356153,"rand, constant 2015 prices",P0441.2  Provincial Gross Domestic Product(2024).zip
ZAF,2014,shared,LP,transport_and_communication,16486544486.53162,"rand, constant 2015 prices",P0441.2  Provincial Gross Domestic Product(2024).zip
ZAF,2015,shared,LP,transport_and_communication,17277307521.305344,"rand, constant 2015 prices",P0441.2  Provincial Gross Domestic Product(2024).zip
ZAF,2016,shared,LP,transport_and_communication,17522738721.33977,"rand, constant 2015 prices",P0441.2  Provincial Gross Domestic Product(2024).zip
ZAF,2017,shared,LP,transport_and_communication,17597921553.65373,"rand, constant 2015 prices",P0441.2  Provincial Gross Domestic Product(2024).zip
ZAF,2018,shared,LP,transport_and_communication,18055981475.690617,"rand, constant 2015 prices",P0441.2  Provincial Gross Domestic Product(2024).zip
ZAF,2019,shared,LP,transport_and_communication,17761494774.12951,"rand, constant 2015 prices",P0441.2  Provincial Gross Domestic Product(2024).zip
ZAF,2020,shared,LP,transport_and_communication,15953259809.422506,"rand, constant 2015 prices",P0441.2  Provincial Gross Domestic Product(2024).zip
ZAF,2021,shared,LP,transport_and_communication,16984701121.718761,"rand, constant 2015 prices",P0441.2  Provincial Gross Domestic Product(2024).zip
ZAF,2022,shared,LP,transport_and_communication,18557403177.75413,"rand, constant 2015 prices",P0441.2  Provincial Gross Domestic Product(2024).zip
ZAF,2023,shared,LP,transport_and_communication,19340859807.476856,"rand, constant 2015 prices",P0441.2  Provincial Gross Domestic Product(2024).zip
ZAF,2024,shared,LP,transport_and_communication,19454067712.13472,"rand, constant 2015 prices",P0441.2  Provincial Gross Domestic Product(2024).zip
ZAF,2013,shared,LP,finance_real_estate_and_business_services,42697742365.10969,"rand, constant 2015 prices",P0441.2  Provincial Gross Domestic Product(2024).zip
ZAF,2014,shared,LP,finance_real_estate_and_business_services,43509327375.50221,"rand, constant 2015 prices",P0441.2  Provincial Gross Domestic Product(2024).zip
ZAF,2015,shared,LP,finance_real_estate_and_business_services,44265509822.79025,"rand, constant 2015 prices",P0441.2  Provincial Gross Domestic Product(2024).zip
ZAF,2016,shared,LP,finance_real_estate_and_business_services,44823448050.02597,"rand, constant 2015 prices",P0441.2  Provincial Gross Domestic Product(2024).zip
ZAF,2017,shared,LP,finance_real_estate_and_business_services,45526692048.06332,"rand, constant 2015 prices",P0441.2  Provincial Gross Domestic Product(2024).zip
ZAF,2018,shared,LP,finance_real_estate_and_business_services,46562181261.12594,"rand, constant 2015 prices",P0441.2  Provincial Gross Domestic Product(2024).zip
ZAF,2019,shared,LP,finance_real_estate_and_business_services,47333530252.66253,"rand, constant 2015 prices",P0441.2  Provincial Gross Domestic Product(2024).zip
ZAF,2020,shared,LP,finance_real_estate_and_business_services,48216935120.875916,"rand, constant 2015 prices",P0441.2  Provincial Gross Domestic Product(2024).zip
ZAF,2021,shared,LP,finance_real_estate_and_business_services,49068819401.18859,"rand, constant 2015 prices",P0441.2  Provincial Gross Domestic Product(2024).zip
ZAF,2022,shared,LP,finance_real_estate_and_business_services,50804081984.266205,"rand, constant 2015 prices",P0441.2  Provincial Gross Domestic Product(2024).zip
ZAF,2023,shared,LP,finance_real_estate_and_business_services,51428860380.12741,"rand, constant 2015 prices",P0441.2  Provincial Gross Domestic Product(2024).zip
ZAF,2024,shared,LP,finance_real_estate_and_business_services,53452143957.17415,"rand, constant 2015 prices",P0441.2  Provincial Gross Domestic Product(2024).zip
ZAF,2013,shared,LP,personal_services,70961916695.37215,"rand, constant 2015 prices",P0441.2  Provincial Gross Domestic Product(2024).zip
ZAF,2014,shared,LP,personal_services,71856493193.09962,"rand, constant 2015 prices",P0441.2  Provincial Gross Domestic Product(2024).zip
ZAF,2015,shared,LP,personal_services,72234695930.57666,"rand, constant 2015 prices",P0441.2  Provincial Gross Domestic Product(2024).zip
ZAF,2016,shared,LP,personal_services,72906286164.82721,"rand, constant 2015 prices",P0441.2  Provincial Gross Domestic Product(2024).zip
ZAF,2017,shared,LP,personal_services,73680375992.79001,"rand, constant 2015 prices",P0441.2  Provincial Gross Domestic Product(2024).zip
ZAF,2018,shared,LP,personal_services,74002200416.52809,"rand, constant 2015 prices",P0441.2  Provincial Gross Domestic Product(2024).zip
ZAF,2019,shared,LP,personal_services,74816801181.65642,"rand, constant 2015 prices",P0441.2  Provincial Gross Domestic Product(2024).zip
ZAF,2020,shared,LP,personal_services,72561801233.46028,"rand, constant 2015 prices",P0441.2  Provincial Gross Domestic Product(2024).zip
ZAF,2021,shared,LP,personal_services,74887671078.70697,"rand, constant 2015 prices",P0441.2  Provincial Gross Domestic Product(2024).zip
ZAF,2022,shared,LP,personal_services,77390448118.21225,"rand, constant 2015 prices",P0441.2  Provincial Gross Domestic Product(2024).zip
ZAF,2023,shared,LP,personal_services,79310645570.64185,"rand, constant 2015 prices",P0441.2  Provincial Gross Domestic Product(2024).zip
ZAF,2024,shared,LP,personal_services,80852689250.63486,"rand, constant 2015 prices",P0441.2  Provincial Gross Domestic Product(2024).zip
ZAF,2013,shared,LP,general_government_services,25091085932.839848,"rand, constant 2015 prices",P0441.2  Provincial Gross Domestic Product(2024).zip
ZAF,2014,shared,LP,general_government_services,25627087853.228386,"rand, constant 2015 prices",P0441.2  Provincial Gross Domestic Product(2024).zip
ZAF,2015,shared,LP,general_government_services,26272754999.025215,"rand, constant 2015 prices",P0441.2  Provincial Gross Domestic Product(2024).zip
ZAF,2016,shared,LP,general_government_services,26910345794.346626,"rand, constant 2015 prices",P0441.2  Provincial Gross Domestic Product(2024).zip
ZAF,2017,shared,LP,general_government_services,27228814302.619595,"rand, constant 2015 prices",P0441.2  Provincial Gross Domestic Product(2024).zip
ZAF,2018,shared,LP,general_government_services,27669734064.678055,"rand, constant 2015 prices",P0441.2  Provincial Gross Domestic Product(2024).zip
ZAF,2019,shared,LP,general_government_services,27872231924.914955,"rand, constant 2015 prices",P0441.2  Provincial Gross Domestic Product(2024).zip
ZAF,2020,shared,LP,general_government_services,28088547613.94595,"rand, constant 2015 prices",P0441.2  Provincial Gross Domestic Product(2024).zip
ZAF,2021,shared,LP,general_government_services,28095640470.485695,"rand, constant 2015 prices",P0441.2  Provincial Gross Domestic Product(2024).zip
ZAF,2022,shared,LP,general_government_services,28337598279.30893,"rand, constant 2015 prices",P0441.2  Provincial Gross Domestic Product(2024).zip
ZAF,2023,shared,LP,general_government_services,28624442098.254128,"rand, constant 2015 prices",P0441.2  Provincial Gross Domestic Product(2024).zip
ZAF,2024,shared,LP,general_government_services,28747113549.127117,"rand, constant 2015 prices",P0441.2  Provincial Gross Domestic Product(2024).zip
ZAF,2013,shared,LP,all_industries_at_basic_prices,280005109099.6549,"rand, constant 2015 prices",P0441.2  Provincial Gross Domestic Product(2024).zip
ZAF,2014,shared,LP,all_industries_at_basic_prices,283266012482.75964,"rand, constant 2015 prices",P0441.2  Provincial Gross Domestic Product(2024).zip
ZAF,2015,shared,LP,all_industries_at_basic_prices,288277277632.9387,"rand, constant 2015 prices",P0441.2  Provincial Gross Domestic Product(2024).zip
ZAF,2016,shared,LP,all_industries_at_basic_prices,289142746349.6558,"rand, constant 2015 prices",P0441.2  Provincial Gross Domestic Product(2024).zip
ZAF,2017,shared,LP,all_industries_at_basic_prices,293267217502.377,"rand, constant 2015 prices",P0441.2  Provincial Gross Domestic Product(2024).zip
ZAF,2018,shared,LP,all_industries_at_basic_prices,296780003166.999,"rand, constant 2015 prices",P0441.2  Provincial Gross Domestic Product(2024).zip
ZAF,2019,shared,LP,all_industries_at_basic_prices,296801513137.938,"rand, constant 2015 prices",P0441.2  Provincial Gross Domestic Product(2024).zip
ZAF,2020,shared,LP,all_industries_at_basic_prices,278614365677.6108,"rand, constant 2015 prices",P0441.2  Provincial Gross Domestic Product(2024).zip
ZAF,2021,shared,LP,all_industries_at_basic_prices,292805459720.904,"rand, constant 2015 prices",P0441.2  Provincial Gross Domestic Product(2024).zip
ZAF,2022,shared,LP,all_industries_at_basic_prices,296318857047.3731,"rand, constant 2015 prices",P0441.2  Provincial Gross Domestic Product(2024).zip
ZAF,2023,shared,LP,all_industries_at_basic_prices,298386129448.2981,"rand, constant 2015 prices",P0441.2  Provincial Gross Domestic Product(2024).zip
ZAF,2024,shared,LP,all_industries_at_basic_prices,300941808813.63544,"rand, constant 2015 prices",P0441.2  Provincial Gross Domestic Product(2024).zip
ZAF,2013,shared,LP,taxes_less_subsidies_on_products,30372107033.425243,"rand, constant 2015 prices",P0441.2  Provincial Gross Domestic Product(2024).zip
ZAF,2014,shared,LP,taxes_less_subsidies_on_products,30455657490.89623,"rand, constant 2015 prices",P0441.2  Provincial Gross Domestic Product(2024).zip
ZAF,2015,shared,LP,taxes_less_subsidies_on_products,31530671143.88029,"rand, constant 2015 prices",P0441.2  Provincial Gross Domestic Product(2024).zip
ZAF,2016,shared,LP,taxes_less_subsidies_on_products,31091770196.059795,"rand, constant 2015 prices",P0441.2  Provincial Gross Domestic Product(2024).zip
ZAF,2017,shared,LP,taxes_less_subsidies_on_products,31524965873.01615,"rand, constant 2015 prices",P0441.2  Provincial Gross Domestic Product(2024).zip
ZAF,2018,shared,LP,taxes_less_subsidies_on_products,31619668163.608547,"rand, constant 2015 prices",P0441.2  Provincial Gross Domestic Product(2024).zip
ZAF,2019,shared,LP,taxes_less_subsidies_on_products,31783147409.416954,"rand, constant 2015 prices",P0441.2  Provincial Gross Domestic Product(2024).zip
ZAF,2020,shared,LP,taxes_less_subsidies_on_products,28837933290.5248,"rand, constant 2015 prices",P0441.2  Provincial Gross Domestic Product(2024).zip
ZAF,2021,shared,LP,taxes_less_subsidies_on_products,31435767641.72249,"rand, constant 2015 prices",P0441.2  Provincial Gross Domestic Product(2024).zip
ZAF,2022,shared,LP,taxes_less_subsidies_on_products,31599008751.564384,"rand, constant 2015 prices",P0441.2  Provincial Gross Domestic Product(2024).zip
ZAF,2023,shared,LP,taxes_less_subsidies_on_products,31911085338.3092,"rand, constant 2015 prices",P0441.2  Provincial Gross Domestic Product(2024).zip
ZAF,2024,shared,LP,taxes_less_subsidies_on_products,32338234020.786564,"rand, constant 2015 prices",P0441.2  Provincial Gross Domestic Product(2024).zip
ZAF,2013,shared,LP,gdpr_at_market_prices,310377216133.08014,"rand, constant 2015 prices",P0441.2  Provincial Gross Domestic Product(2024).zip
ZAF,2014,shared,LP,gdpr_at_market_prices,313721669973.6559,"rand, constant 2015 prices",P0441.2  Provincial Gross Domestic Product(2024).zip
ZAF,2015,shared,LP,gdpr_at_market_prices,319807948776.819,"rand, constant 2015 prices",P0441.2  Provincial Gross Domestic Product(2024).zip
ZAF,2016,shared,LP,gdpr_at_market_prices,320234516545.71564,"rand, constant 2015 prices",P0441.2  Provincial Gross Domestic Product(2024).zip
ZAF,2017,shared,LP,gdpr_at_market_prices,324792183375.3931,"rand, constant 2015 prices",P0441.2  Provincial Gross Domestic Product(2024).zip
ZAF,2018,shared,LP,gdpr_at_market_prices,328399671330.60754,"rand, constant 2015 prices",P0441.2  Provincial Gross Domestic Product(2024).zip
ZAF,2019,shared,LP,gdpr_at_market_prices,328584660547.355,"rand, constant 2015 prices",P0441.2  Provincial Gross Domestic Product(2024).zip
ZAF,2020,shared,LP,gdpr_at_market_prices,307452298968.1356,"rand, constant 2015 prices",P0441.2  Provincial Gross Domestic Product(2024).zip
ZAF,2021,shared,LP,gdpr_at_market_prices,324241227362.6265,"rand, constant 2015 prices",P0441.2  Provincial Gross Domestic Product(2024).zip
ZAF,2022,shared,LP,gdpr_at_market_prices,327917865798.9375,"rand, constant 2015 prices",P0441.2  Provincial Gross Domestic Product(2024).zip
ZAF,2023,shared,LP,gdpr_at_market_prices,330297214786.60724,"rand, constant 2015 prices",P0441.2  Provincial Gross Domestic Product(2024).zip
ZAF,2024,shared,LP,gdpr_at_market_prices,333280042834.422,"rand, constant 2015 prices",P0441.2  Provincial Gross Domestic Product(2024).zip
