country,period,scenario,vehicle_class,province,value,unit,source_file
ZAF,2016-05,shared,buses,EC,17,vehicles,NewVehicleRegistration-2017-05.pdf
ZAF,2016-05,shared,buses,FS,18,vehicles,NewVehicleRegistration-2017-05.pdf
ZAF,2016-05,shared,buses,GP,103,vehicles,NewVehicleRegistration-2017-05.pdf
ZAF,2016-05,shared,buses,KZN,36,vehicles,NewVehicleRegistration-2017-05.pdf
ZAF,2016-05,shared,buses,LP,37,vehicles,NewVehicleRegistration-2017-05.pdf
ZAF,2016-05,shared,buses,MP,44,vehicles,NewVehicleRegistration-2017-05.pdf
ZAF,2016-05,shared,buses,NC,1,vehicles,NewVehicleRegistration-2017-05.pdf
ZAF,2016-05,shared,buses,NW,17,vehicles,NewVehicleRegistration-2017-05.pdf
ZAF,2016-05,shared,buses,WC,30,vehicles,NewVehicleRegistration-2017-05.pdf
ZAF,2016-05,shared,buses,ZAF,303,vehicles,NewVehicleRegistration-2017-05.pdf
ZAF,2016-05,shared,cars,EC,2074,vehicles,NewVehicleRegistration-2017-05.pdf
ZAF,2016-05,shared,cars,FS,824,vehicles,NewVehicleRegistration-2017-05.pdf
ZAF,2016-05,shared,cars,GP,11746,vehicles,NewVehicleRegistration-2017-05.pdf
ZAF,2016-05,shared,cars,KZN,3982,vehicles,NewVehicleRegistration-2017-05.pdf
ZAF,2016-05,shared,cars,LP,871,vehicles,NewVehicleRegistration-2017-05.pdf
ZAF,2016-05,shared,cars,MP,1245,vehicles,NewVehicleRegistration-2017-05.pdf
ZAF,2016-05,shared,cars,NC,380,vehicles,NewVehicleRegistration-2017-05.pdf
ZAF,2016-05,shared,cars,NW,696,vehicles,NewVehicleRegistration-2017-05.pdf
ZAF,2016-05,shared,cars,WC,3097,vehicles,NewVehicleRegistration-2017-05.pdf
ZAF,2016-05,shared,cars,ZAF,24915,vehicles,NewVehicleRegistration-2017-05.pdf
ZAF,2016-05,shared,light_commercial,EC,899,vehicles,NewVehicleRegistration-2017-05.pdf
ZAF,2016-05,shared,light_commercial,FS,454,vehicles,NewVehicleRegistration-2017-05.pdf
ZAF,2016-05,shared,light_commercial,GP,4356,vehicles,NewVehicleRegistration-2017-05.pdf
ZAF,2016-05,shared,light_commercial,KZN,1754,vehicles,NewVehicleRegistration-2017-05.pdf
ZAF,2016-05,shared,light_commercial,LP,607,vehicles,NewVehicleRegistration-2017-05.pdf
ZAF,2016-05,shared,light_commercial,MP,870,vehicles,NewVehicleRegistration-2017-05.pdf
ZAF,2016-05,shared,light_commercial,NC,247,vehicles,NewVehicleRegistration-2017-05.pdf
ZAF,2016-05,shared,light_commercial,NW,515,vehicles,NewVehicleRegistration-2017-05.pdf
ZAF,2016-05,shared,light_commercial,WC,1229,vehicles,NewVehicleRegistration-2017-05.pdf
ZAF,2016-05,shared,light_commercial,ZAF,10931,vehicles,NewVehicleRegistration-2017-05.pdf
ZAF,2016-05,shared,minibuses,EC,128,vehicles,NewVehicleRegistration-2017-05.pdf
ZAF,2016-05,shared,minibuses,FS,49,vehicles,NewVehicleRegistration-2017-05.pdf
ZAF,2016-05,shared,minibuses,GP,762,vehicles,NewVehicleRegistration-2017-05.pdf
ZAF,2016-05,shared,minibuses,KZN,214,vehicles,NewVehicleRegistration-2017-05.pdf
ZAF,2016-05,shared,minibuses,LP,122,vehicles,NewVehicleRegistration-2017-05.pdf
ZAF,2016-05,shared,minibuses,MP,134,vehicles,NewVehicleRegistration-2017-05.pdf
ZAF,2016-05,shared,minibuses,NC,26,vehicles,NewVehicleRegistration-2017-05.pdf
ZAF,2016-05,shared,minibuses,NW,92,vehicles,NewVehicleRegistration-2017-05.pdf
ZAF,2016-05,shared,minibuses,WC,201,vehicles,NewVehicleRegistration-2017-05.pdf
ZAF,2016-05,shared,minibuses,ZAF,1728,vehicles,NewVehicleRegistration-2017-05.pdf
ZAF,2016-05,shared,motorcycles,EC,64,vehicles,NewVehicleRegistration-2017-05.pdf
ZAF,2016-05,shared,motorcycles,FS,64,vehicles,NewVehicleRegistration-2017-05.pdf
ZAF,2016-05,shared,motorcycles,GP,759,vehicles,NewVehicleRegistration-2017-05.pdf
ZAF,2016-05,shared,motorcycles,KZN,179,vehicles,NewVehicleRegistration-2017-05.pdf
ZAF,2016-05,shared,motorcycles,LP,25,vehicles,NewVehicleRegistration-2017-05.pdf
ZAF,2016-05,shared,motorcycles,MP,50,vehicles,NewVehicleRegistration-2017-05.pdf
ZAF,2016-05,shared,motorcycles,NC,19,vehicles,NewVehicleRegistration-2017-05.pdf
ZAF,2016-05,shared,motorcycles,NW,54,vehicles,NewVehicleRegistration-2017-05.pdf
ZAF,2016-05,shared,motorcycles,WC,208,vehicles,NewVehicleRegistration-2017-05.pdf
ZAF,2016-05,shared,motorcycles,ZAF,1422,vehicles,NewVehicleRegistration-2017-05.pdf
ZAF,2016-05,shared,other_self_propelled,EC,54,vehicles,NewVehicleRegistration-2017-05.pdf
ZAF,2016-05,shared,other_self_propelled,FS,105,vehicles,NewVehicleRegistration-2017-05.pdf
ZAF,2016-05,shared,other_self_propelled,GP,206,vehicles,NewVehicleRegistration-2017-05.pdf
ZAF,2016-05,shared,other_self_propelled,KZN,76,vehicles,NewVehicleRegistration-2017-05.pdf
ZAF,2016-05,shared,other_self_propelled,LP,70,vehicles,NewVehicleRegistration-2017-05.pdf
ZAF,2016-05,shared,other_self_propelled,MP,95,vehicles,NewVehicleRegistration-2017-05.pdf
ZAF,2016-05,shared,other_self_propelled,NC,26,vehicles,NewVehicleRegistration-2017-05.pdf
ZAF,2016-05,shared,other_self_propelled,NW,39,vehicles,NewVehicleRegistration-2017-05.pdf
ZAF,2016-05,shared,other_self_propelled,WC,97,vehicles,NewVehicleRegistration-2017-05.pdf
ZAF,2016-05,shared,other_self_propelled,ZAF,768,vehicles,NewVehicleRegistration-2017-05.pdf
ZAF,2016-05,shared,total_self_propelled,EC,3322,vehicles,NewVehicleRegistration-2017-05.pdf
ZAF,2016-05,shared,total_self_propelled,FS,1618,vehicles,NewVehicleRegistration-2017-05.pdf
ZAF,2016-05,shared,total_self_propelled,GP,18753,vehicles,NewVehicleRegistration-2017-05.pdf
ZAF,2016-05,shared,total_self_propelled,KZN,6485,vehicles,NewVehicleRegistration-2017-05.pdf
ZAF,2016-05,shared,total_self_propelled,LP,1813,vehicles,NewVehicleRegistration-2017-05.pdf
ZAF,2016-05,shared,total_self_propelled,MP,2707,vehicles,NewVehicleRegistration-2017-05.pdf
ZAF,2016-05,shared,total_self_propelled,NC,721,vehicles,NewVehicleRegistration-2017-05.pdf
ZAF,2016-05,shared,total_self_propelled,NW,1461,vehicles,NewVehicleRegistration-2017-05.pdf
ZAF,2016-05,shared,total_self_propelled,WC,5116,vehicles,NewVehicleRegistration-2017-05.pdf
ZAF,2016-05,shared,total_self_propelled,ZAF,41996,vehicles,NewVehicleRegistration-2017-05.pdf
ZAF,2016-05,shared,trucks,EC,86,vehicles,NewVehicleRegistration-2017-05.pdf
ZAF,2016-05,shared,trucks,FS,104,vehicles,NewVehicleRegistration-2017-05.pdf
ZAF,2016-05,shared,trucks,GP,821,vehicles,NewVehicleRegistration-2017-05.pdf
ZAF,2016-05,shared,trucks,KZN,244,vehicles,NewVehicleRegistration-2017-05.pdf
ZAF,2016-05,shared,trucks,LP,81,vehicles,NewVehicleRegistration-2017-05.pdf
ZAF,2016-05,shared,trucks,MP,269,vehicles,NewVehicleRegistration-2017-05.pdf
ZAF,2016-05,shared,trucks,NC,22,vehicles,NewVehicleRegistration-2017-05.pdf
ZAF,2016-05,shared,trucks,NW,48,vehicles,NewVehicleRegistration-2017-05.pdf
ZAF,2016-05,shared,trucks,WC,254,vehicles,NewVehicleRegistration-2017-05.pdf
ZAF,2016-05,shared,trucks,ZAF,1929,vehicles,NewVehicleRegistration-2017-05.pdf
ZAF,2016-06,shared,buses,EC,13,vehicles,NewVehicleRegistration-2017-06.pdf
ZAF,2016-06,shared,buses,FS,25,vehicles,NewVehicleRegistration-2017-06.pdf
ZAF,2016-06,shared,buses,GP,116,vehicles,NewVehicleRegistration-2017-06.pdf
ZAF,2016-06,shared,buses,KZN,21,vehicles,NewVehicleRegistration-2017-06.pdf
ZAF,2016-06,shared,buses,LP,24,vehicles,NewVehicleRegistration-2017-06.pdf
ZAF,2016-06,shared,buses,MP,52,vehicles,NewVehicleRegistration-2017-06.pdf
ZAF,2016-06,shared,buses,NC,5,vehicles,NewVehicleRegistration-2017-06.pdf
ZAF,2016-06,shared,buses,NW,15,vehicles,NewVehicleRegistration-2017-06.pdf
ZAF,2016-06,shared,buses,WC,49,vehicles,NewVehicleRegistration-2017-06.pdf
ZAF,2016-06,shared,buses,ZAF,320,vehicles,NewVehicleRegistration-2017-06.pdf
ZAF,2016-06,shared,cars,EC,1753,vehicles,NewVehicleRegistration-2017-06.pdf
ZAF,2016-06,shared,cars,FS,636,vehicles,NewVehicleRegistration-2017-06.pdf
ZAF,2016-06,shared,cars,GP,13975,vehicles,NewVehicleRegistration-2017-06.pdf
ZAF,2016-06,shared,cars,KZN,4478,vehicles,NewVehicleRegistration-2017-06.pdf
ZAF,2016-06,shared,cars,LP,833,vehicles,NewVehicleRegistration-2017-06.pdf
ZAF,2016-06,shared,cars,MP,1122,vehicles,NewVehicleRegistration-2017-06.pdf
ZAF,2016-06,shared,cars,NC,306,vehicles,NewVehicleRegistration-2017-06.pdf
ZAF,2016-06,shared,cars,NW,708,vehicles,NewVehicleRegistration-2017-06.pdf
ZAF,2016-06,shared,cars,WC,3427,vehicles,NewVehicleRegistration-2017-06.pdf
ZAF,2016-06,shared,cars,ZAF,27238,vehicles,NewVehicleRegistration-2017-06.pdf
ZAF,2016-06,shared,light_commercial,EC,779,vehicles,NewVehicleRegistration-2017-06.pdf
ZAF,2016-06,shared,light_commercial,FS,484,vehicles,NewVehicleRegistration-2017-06.pdf
ZAF,2016-06,shared,light_commercial,GP,4271,vehicles,NewVehicleRegistration-2017-06.pdf
ZAF,2016-06,shared,light_commercial,KZN,1668,vehicles,NewVehicleRegistration-2017-06.pdf
ZAF,2016-06,shared,light_commercial,LP,679,vehicles,NewVehicleRegistration-2017-06.pdf
ZAF,2016-06,shared,light_commercial,MP,751,vehicles,NewVehicleRegistration-2017-06.pdf
ZAF,2016-06,shared,light_commercial,NC,228,vehicles,NewVehicleRegistration-2017-06.pdf
ZAF,2016-06,shared,light_commercial,NW,469,vehicles,NewVehicleRegistration-2017-06.pdf
ZAF,2016-06,shared,light_commercial,WC,1248,vehicles,NewVehicleRegistration-2017-06.pdf
ZAF,2016-06,shared,light_commercial,ZAF,10577,vehicles,NewVehicleRegistration-2017-06.pdf
ZAF,2016-06,shared,minibuses,EC,109,vehicles,NewVehicleRegistration-2017-06.pdf
ZAF,2016-06,shared,minibuses,FS,43,vehicles,NewVehicleRegistration-2017-06.pdf
ZAF,2016-06,shared,minibuses,GP,863,vehicles,NewVehicleRegistration-2017-06.pdf
ZAF,2016-06,shared,minibuses,KZN,212,vehicles,NewVehicleRegistration-2017-06.pdf
ZAF,2016-06,shared,minibuses,LP,103,vehicles,NewVehicleRegistration-2017-06.pdf
ZAF,2016-06,shared,minibuses,MP,111,vehicles,NewVehicleRegistration-2017-06.pdf
ZAF,2016-06,shared,minibuses,NC,23,vehicles,NewVehicleRegistration-2017-06.pdf
ZAF,2016-06,shared,minibuses,NW,67,vehicles,NewVehicleRegistration-2017-06.pdf
ZAF,2016-06,shared,minibuses,WC,169,vehicles,NewVehicleRegistration-2017-06.pdf
ZAF,2016-06,shared,minibuses,ZAF,1700,vehicles,NewVehicleRegistration-2017-06.pdf
ZAF,2016-06,shared,motorcycles,EC,56,vehicles,NewVehicleRegistration-2017-06.pdf
ZAF,2016-06,shared,motorcycles,FS,52,vehicles,NewVehicleRegistration-2017-06.pdf
ZAF,2016-06,shared,motorcycles,GP,719,vehicles,NewVehicleRegistration-2017-06.pdf
ZAF,2016-06,shared,motorcycles,KZN,131,vehicles,NewVehicleRegistration-2017-06.pdf
ZAF,2016-06,shared,motorcycles,LP,35,vehicles,NewVehicleRegistration-2017-06.pdf
ZAF,2016-06,shared,motorcycles,MP,55,vehicles,NewVehicleRegistration-2017-06.pdf
ZAF,2016-06,shared,motorcycles,NC,20,vehicles,NewVehicleRegistration-2017-06.pdf
ZAF,2016-06,shared,motorcycles,NW,31,vehicles,NewVehicleRegistration-2017-06.pdf
ZAF,2016-06,shared,motorcycles,WC,220,vehicles,NewVehicleRegistration-2017-06.pdf
ZAF,2016-06,shared,motorcycles,ZAF,1319,vehicles,NewVehicleRegistration-2017-06.pdf
ZAF,2016-06,shared,other_self_propelled,EC,88,vehicles,NewVehicleRegistration-2017-06.pdf
ZAF,2016-06,shared,other_self_propelled,FS,65,vehicles,NewVehicleRegistration-2017-06.pdf
ZAF,2016-06,shared,other_self_propelled,GP,128,vehicles,NewVehicleRegistration-2017-06.pdf
ZAF,2016-06,shared,other_self_propelled,KZN,89,vehicles,NewVehicleRegistration-2017-06.pdf
ZAF,2016-06,shared,other_self_propelled,LP,54,vehicles,NewVehicleRegistration-2017-06.pdf
ZAF,2016-06,shared,other_self_propelled,MP,90,vehicles,NewVehicleRegistration-2017-06.pdf
ZAF,2016-06,shared,other_self_propelled,NC,59,vehicles,NewVehicleRegistration-2017-06.pdf
ZAF,2016-06,shared,other_self_propelled,NW,49,vehicles,NewVehicleRegistration-2017-06.pdf
ZAF,2016-06,shared,other_self_propelled,WC,113,vehicles,NewVehicleRegistration-2017-06.pdf
ZAF,2016-06,shared,other_self_propelled,ZAF,735,vehicles,NewVehicleRegistration-2017-06.pdf
ZAF,2016-06,shared,total_self_propelled,EC,2884,vehicles,NewVehicleRegistration-2017-06.pdf
ZAF,2016-06,shared,total_self_propelled,FS,1394,vehicles,NewVehicleRegistration-2017-06.pdf
ZAF,2016-06,shared,total_self_propelled,GP,20883,vehicles,NewVehicleRegistration-2017-06.pdf
ZAF,2016-06,shared,total_self_propelled,KZN,6851,vehicles,NewVehicleRegistration-2017-06.pdf
ZAF,2016-06,shared,total_self_propelled,LP,1828,vehicles,NewVehicleRegistration-2017-06.pdf
ZAF,2016-06,shared,total_self_propelled,MP,2431,vehicles,NewVehicleRegistration-2017-06.pdf
ZAF,2016-06,shared,total_self_propelled,NC,670,vehicles,NewVehicleRegistration-2017-06.pdf
ZAF,2016-06,shared,total_self_propelled,NW,1396,vehicles,NewVehicleRegistration-2017-06.pdf
ZAF,2016-06,shared,total_self_propelled,WC,5461,vehicles,NewVehicleRegistration-2017-06.pdf
ZAF,2016-06,shared,total_self_propelled,ZAF,43798,vehicles,NewVehicleRegistration-2017-06.pdf
ZAF,2016-06,shared,trucks,EC,86,vehicles,NewVehicleRegistration-2017-06.pdf
ZAF,2016-06,shared,trucks,FS,89,vehicles,NewVehicleRegistration-2017-06.pdf
ZAF,2016-06,shared,trucks,GP,811,vehicles,NewVehicleRegistration-2017-06.pdf
ZAF,2016-06,shared,trucks,KZN,252,vehicles,NewVehicleRegistration-2017-06.pdf
ZAF,2016-06,shared,trucks,LP,100,vehicles,NewVehicleRegistration-2017-06.pdf
ZAF,2016-06,shared,trucks,MP,250,vehicles,NewVehicleRegistration-2017-06.pdf
ZAF,2016-06,shared,trucks,NC,29,vehicles,NewVehicleRegistration-2017-06.pdf
ZAF,2016-06,shared,trucks,NW,57,vehicles,NewVehicleRegistration-2017-06.pdf
ZAF,2016-06,shared,trucks,WC,235,vehicles,NewVehicleRegistration-2017-06.pdf
ZAF,2016-06,shared,trucks,ZAF,1909,vehicles,NewVehicleRegistration-2017-06.pdf
ZAF,2016-07,shared,buses,EC,14,vehicles,NewVehicleRegistration-2017-07.pdf
ZAF,2016-07,shared,buses,FS,8,vehicles,NewVehicleRegistration-2017-07.pdf
ZAF,2016-07,shared,buses,GP,134,vehicles,NewVehicleRegistration-2017-07.pdf
ZAF,2016-07,shared,buses,KZN,13,vehicles,NewVehicleRegistration-2017-07.pdf
ZAF,2016-07,shared,buses,LP,34,vehicles,NewVehicleRegistration-2017-07.pdf
ZAF,2016-07,shared,buses,MP,62,vehicles,NewVehicleRegistration-2017-07.pdf
ZAF,2016-07,shared,buses,NC,7,vehicles,NewVehicleRegistration-2017-07.pdf
ZAF,2016-07,shared,buses,NW,82,vehicles,NewVehicleRegistration-2017-07.pdf
ZAF,2016-07,shared,buses,WC,39,vehicles,NewVehicleRegistration-2017-07.pdf
ZAF,2016-07,shared,buses,ZAF,393,vehicles,NewVehicleRegistration-2017-07.pdf
ZAF,2016-07,shared,cars,EC,1481,vehicles,NewVehicleRegistration-2017-07.pdf
ZAF,2016-07,shared,cars,FS,725,vehicles,NewVehicleRegistration-2017-07.pdf
ZAF,2016-07,shared,cars,GP,15093,vehicles,NewVehicleRegistration-2017-07.pdf
ZAF,2016-07,shared,cars,KZN,4192,vehicles,NewVehicleRegistration-2017-07.pdf
ZAF,2016-07,shared,cars,LP,844,vehicles,NewVehicleRegistration-2017-07.pdf
ZAF,2016-07,shared,cars,MP,1053,vehicles,NewVehicleRegistration-2017-07.pdf
ZAF,2016-07,shared,cars,NC,298,vehicles,NewVehicleRegistration-2017-07.pdf
ZAF,2016-07,shared,cars,NW,737,vehicles,NewVehicleRegistration-2017-07.pdf
ZAF,2016-07,shared,cars,WC,3303,vehicles,NewVehicleRegistration-2017-07.pdf
ZAF,2016-07,shared,cars,ZAF,27726,vehicles,NewVehicleRegistration-2017-07.pdf
ZAF,2016-07,shared,light_commercial,EC,872,vehicles,NewVehicleRegistration-2017-07.pdf
ZAF,2016-07,shared,light_commercial,FS,465,vehicles,NewVehicleRegistration-2017-07.pdf
ZAF,2016-07,shared,light_commercial,GP,3913,vehicles,NewVehicleRegistration-2017-07.pdf
ZAF,2016-07,shared,light_commercial,KZN,1447,vehicles,NewVehicleRegistration-2017-07.pdf
ZAF,2016-07,shared,light_commercial,LP,612,vehicles,NewVehicleRegistration-2017-07.pdf
ZAF,2016-07,shared,light_commercial,MP,769,vehicles,NewVehicleRegistration-2017-07.pdf
ZAF,2016-07,shared,light_commercial,NC,240,vehicles,NewVehicleRegistration-2017-07.pdf
ZAF,2016-07,shared,light_commercial,NW,474,vehicles,NewVehicleRegistration-2017-07.pdf
ZAF,2016-07,shared,light_commercial,WC,1098,vehicles,NewVehicleRegistration-2017-07.pdf
ZAF,2016-07,shared,light_commercial,ZAF,9890,vehicles,NewVehicleRegistration-2017-07.pdf
ZAF,2016-07,shared,minibuses,EC,123,vehicles,NewVehicleRegistration-2017-07.pdf
ZAF,2016-07,shared,minibuses,FS,38,vehicles,NewVehicleRegistration-2017-07.pdf
ZAF,2016-07,shared,minibuses,GP,975,vehicles,NewVehicleRegistration-2017-07.pdf
ZAF,2016-07,shared,minibuses,KZN,251,vehicles,NewVehicleRegistration-2017-07.pdf
ZAF,2016-07,shared,minibuses,LP,108,vehicles,NewVehicleRegistration-2017-07.pdf
ZAF,2016-07,shared,minibuses,MP,115,vehicles,NewVehicleRegistration-2017-07.pdf
ZAF,2016-07,shared,minibuses,NC,24,vehicles,NewVehicleRegistration-2017-07.pdf
ZAF,2016-07,shared,minibuses,NW,90,vehicles,NewVehicleRegistration-2017-07.pdf
ZAF,2016-07,shared,minibuses,WC,195,vehicles,NewVehicleRegistration-2017-07.pdf
ZAF,2016-07,shared,minibuses,ZAF,1919,vehicles,NewVehicleRegistration-2017-07.pdf
ZAF,2016-07,shared,motorcycles,EC,79,vehicles,NewVehicleRegistration-2017-07.pdf
ZAF,2016-07,shared,motorcycles,FS,67,vehicles,NewVehicleRegistration-2017-07.pdf
ZAF,2016-07,shared,motorcycles,GP,672,vehicles,NewVehicleRegistration-2017-07.pdf
ZAF,2016-07,shared,motorcycles,KZN,151,vehicles,NewVehicleRegistration-2017-07.pdf
ZAF,2016-07,shared,motorcycles,LP,23,vehicles,NewVehicleRegistration-2017-07.pdf
ZAF,2016-07,shared,motorcycles,MP,61,vehicles,NewVehicleRegistration-2017-07.pdf
ZAF,2016-07,shared,motorcycles,NC,17,vehicles,NewVehicleRegistration-2017-07.pdf
ZAF,2016-07,shared,motorcycles,NW,45,vehicles,NewVehicleRegistration-2017-07.pdf
ZAF,2016-07,shared,motorcycles,WC,196,vehicles,NewVehicleRegistration-2017-07.pdf
ZAF,2016-07,shared,motorcycles,ZAF,1311,vehicles,NewVehicleRegistration-2017-07.pdf
ZAF,2016-07,shared,other_self_propelled,EC,57,vehicles,NewVehicleRegistration-2017-07.pdf
ZAF,2016-07,shared,other_self_propelled,FS,72,vehicles,NewVehicleRegistration-2017-07.pdf
ZAF,2016-07,shared,other_self_propelled,GP,106,vehicles,NewVehicleRegistration-2017-07.pdf
ZAF,2016-07,shared,other_self_propelled,KZN,141,vehicles,NewVehicleRegistration-2017-07.pdf
ZAF,2016-07,shared,other_self_propelled,LP,41,vehicles,NewVehicleRegistration-2017-07.pdf
ZAF,2016-07,shared,other_self_propelled,MP,82,vehicles,NewVehicleRegistration-2017-07.pdf
ZAF,2016-07,shared,other_self_propelled,NC,30,vehicles,NewVehicleRegistration-2017-07.pdf
ZAF,2016-07,shared,other_self_propelled,NW,42,vehicles,NewVehicleRegistration-2017-07.pdf
ZAF,2016-07,shared,other_self_propelled,WC,88,vehicles,NewVehicleRegistration-2017-07.pdf
ZAF,2016-07,shared,other_self_propelled,ZAF,659,vehicles,NewVehicleRegistration-2017-07.pdf
ZAF,2016-07,shared,total_self_propelled,EC,2742,vehicles,NewVehicleRegistration-2017-07.pdf
ZAF,2016-07,shared,total_self_propelled,FS,1514,vehicles,NewVehicleRegistration-2017-07.pdf
ZAF,2016-07,shared,total_self_propelled,GP,21656,vehicles,NewVehicleRegistration-2017-07.pdf
ZAF,2016-07,shared,total_self_propelled,KZN,6429,vehicles,NewVehicleRegistration-2017-07.pdf
ZAF,2016-07,shared,total_self_propelled,LP,1726,vehicles,NewVehicleRegistration-2017-07.pdf
ZAF,2016-07,shared,total_self_propelled,MP,2296,vehicles,NewVehicleRegistration-2017-07.pdf
ZAF,2016-07,shared,total_self_propelled,NC,656,vehicles,NewVehicleRegistration-2017-07.pdf
ZAF,2016-07,shared,total_self_propelled,NW,1494,vehicles,NewVehicleRegistration-2017-07.pdf
ZAF,2016-07,shared,total_self_propelled,WC,5109,vehicles,NewVehicleRegistration-2017-07.pdf
ZAF,2016-07,shared,total_self_propelled,ZAF,43622,vehicles,NewVehicleRegistration-2017-07.pdf
ZAF,2016-07,shared,trucks,EC,116,vehicles,NewVehicleRegistration-2017-07.pdf
ZAF,2016-07,shared,trucks,FS,139,vehicles,NewVehicleRegistration-2017-07.pdf
ZAF,2016-07,shared,trucks,GP,763,vehicles,NewVehicleRegistration-2017-07.pdf
ZAF,2016-07,shared,trucks,KZN,234,vehicles,NewVehicleRegistration-2017-07.pdf
ZAF,2016-07,shared,trucks,LP,64,vehicles,NewVehicleRegistration-2017-07.pdf
ZAF,2016-07,shared,trucks,MP,154,vehicles,NewVehicleRegistration-2017-07.pdf
ZAF,2016-07,shared,trucks,NC,40,vehicles,NewVehicleRegistration-2017-07.pdf
ZAF,2016-07,shared,trucks,NW,24,vehicles,NewVehicleRegistration-2017-07.pdf
ZAF,2016-07,shared,trucks,WC,190,vehicles,NewVehicleRegistration-2017-07.pdf
ZAF,2016-07,shared,trucks,ZAF,1724,vehicles,NewVehicleRegistration-2017-07.pdf
ZAF,2016-08,shared,buses,EC,12,vehicles,NewVehicleRegistration-2017-08.pdf
ZAF,2016-08,shared,buses,FS,9,vehicles,NewVehicleRegistration-2017-08.pdf
ZAF,2016-08,shared,buses,GP,110,vehicles,NewVehicleRegistration-2017-08.pdf
ZAF,2016-08,shared,buses,KZN,14,vehicles,NewVehicleRegistration-2017-08.pdf
ZAF,2016-08,shared,buses,LP,33,vehicles,NewVehicleRegistration-2017-08.pdf
ZAF,2016-08,shared,buses,MP,41,vehicles,NewVehicleRegistration-2017-08.pdf
ZAF,2016-08,shared,buses,NC,2,vehicles,NewVehicleRegistration-2017-08.pdf
ZAF,2016-08,shared,buses,NW,10,vehicles,NewVehicleRegistration-2017-08.pdf
ZAF,2016-08,shared,buses,WC,44,vehicles,NewVehicleRegistration-2017-08.pdf
ZAF,2016-08,shared,buses,ZAF,275,vehicles,NewVehicleRegistration-2017-08.pdf
ZAF,2016-08,shared,cars,EC,1776,vehicles,NewVehicleRegistration-2017-08.pdf
ZAF,2016-08,shared,cars,FS,668,vehicles,NewVehicleRegistration-2017-08.pdf
ZAF,2016-08,shared,cars,GP,14877,vehicles,NewVehicleRegistration-2017-08.pdf
ZAF,2016-08,shared,cars,KZN,4261,vehicles,NewVehicleRegistration-2017-08.pdf
ZAF,2016-08,shared,cars,LP,785,vehicles,NewVehicleRegistration-2017-08.pdf
ZAF,2016-08,shared,cars,MP,1114,vehicles,NewVehicleRegistration-2017-08.pdf
ZAF,2016-08,shared,cars,NC,253,vehicles,NewVehicleRegistration-2017-08.pdf
ZAF,2016-08,shared,cars,NW,658,vehicles,NewVehicleRegistration-2017-08.pdf
ZAF,2016-08,shared,cars,WC,3879,vehicles,NewVehicleRegistration-2017-08.pdf
ZAF,2016-08,shared,cars,ZAF,28271,vehicles,NewVehicleRegistration-2017-08.pdf
ZAF,2016-08,shared,light_commercial,EC,739,vehicles,NewVehicleRegistration-2017-08.pdf
ZAF,2016-08,shared,light_commercial,FS,449,vehicles,NewVehicleRegistration-2017-08.pdf
ZAF,2016-08,shared,light_commercial,GP,4311,vehicles,NewVehicleRegistration-2017-08.pdf
ZAF,2016-08,shared,light_commercial,KZN,1556,vehicles,NewVehicleRegistration-2017-08.pdf
ZAF,2016-08,shared,light_commercial,LP,647,vehicles,NewVehicleRegistration-2017-08.pdf
ZAF,2016-08,shared,light_commercial,MP,744,vehicles,NewVehicleRegistration-2017-08.pdf
ZAF,2016-08,shared,light_commercial,NC,227,vehicles,NewVehicleRegistration-2017-08.pdf
ZAF,2016-08,shared,light_commercial,NW,455,vehicles,NewVehicleRegistration-2017-08.pdf
ZAF,2016-08,shared,light_commercial,WC,1164,vehicles,NewVehicleRegistration-2017-08.pdf
ZAF,2016-08,shared,light_commercial,ZAF,10292,vehicles,NewVehicleRegistration-2017-08.pdf
ZAF,2016-08,shared,minibuses,EC,126,vehicles,NewVehicleRegistration-2017-08.pdf
ZAF,2016-08,shared,minibuses,FS,43,vehicles,NewVehicleRegistration-2017-08.pdf
ZAF,2016-08,shared,minibuses,GP,728,vehicles,NewVehicleRegistration-2017-08.pdf
ZAF,2016-08,shared,minibuses,KZN,259,vehicles,NewVehicleRegistration-2017-08.pdf
ZAF,2016-08,shared,minibuses,LP,89,vehicles,NewVehicleRegistration-2017-08.pdf
ZAF,2016-08,shared,minibuses,MP,124,vehicles,NewVehicleRegistration-2017-08.pdf
ZAF,2016-08,shared,minibuses,NC,27,vehicles,NewVehicleRegistration-2017-08.pdf
ZAF,2016-08,shared,minibuses,NW,99,vehicles,NewVehicleRegistration-2017-08.pdf
ZAF,2016-08,shared,minibuses,WC,166,vehicles,NewVehicleRegistration-2017-08.pdf
ZAF,2016-08,shared,minibuses,ZAF,1661,vehicles,NewVehicleRegistration-2017-08.pdf
ZAF,2016-08,shared,motorcycles,EC,53,vehicles,NewVehicleRegistration-2017-08.pdf
ZAF,2016-08,shared,motorcycles,FS,51,vehicles,NewVehicleRegistration-2017-08.pdf
ZAF,2016-08,shared,motorcycles,GP,662,vehicles,NewVehicleRegistration-2017-08.pdf
ZAF,2016-08,shared,motorcycles,KZN,151,vehicles,NewVehicleRegistration-2017-08.pdf
ZAF,2016-08,shared,motorcycles,LP,27,vehicles,NewVehicleRegistration-2017-08.pdf
ZAF,2016-08,shared,motorcycles,MP,47,vehicles,NewVehicleRegistration-2017-08.pdf
ZAF,2016-08,shared,motorcycles,NC,26,vehicles,NewVehicleRegistration-2017-08.pdf
ZAF,2016-08,shared,motorcycles,NW,39,vehicles,NewVehicleRegistration-2017-08.pdf
ZAF,2016-08,shared,motorcycles,WC,250,vehicles,NewVehicleRegistration-2017-08.pdf
ZAF,2016-08,shared,motorcycles,ZAF,1306,vehicles,NewVehicleRegistration-2017-08.pdf
ZAF,2016-08,shared,other_self_propelled,EC,61,vehicles,NewVehicleRegistration-2017-08.pdf
ZAF,2016-08,shared,other_self_propelled,FS,76,vehicles,NewVehicleRegistration-2017-08.pdf
ZAF,2016-08,shared,other_self_propelled,GP,179,vehicles,NewVehicleRegistration-2017-08.pdf
ZAF,2016-08,shared,other_self_propelled,KZN,95,vehicles,NewVehicleRegistration-2017-08.pdf
ZAF,2016-08,shared,other_self_propelled,LP,47,vehicles,NewVehicleRegistration-2017-08.pdf
ZAF,2016-08,shared,other_self_propelled,MP,99,vehicles,NewVehicleRegistration-2017-08.pdf
ZAF,2016-08,shared,other_self_propelled,NC,30,vehicles,NewVehicleRegistration-2017-08.pdf
ZAF,2016-08,shared,other_self_propelled,NW,46,vehicles,NewVehicleRegistration-2017-08.pdf
ZAF,2016-08,shared,other_self_propelled,WC,84,vehicles,NewVehicleRegistration-2017-08.pdf
ZAF,2016-08,shared,other_self_propelled,ZAF,717,vehicles,NewVehicleRegistration-2017-08.pdf
ZAF,2016-08,shared,total_self_propelled,EC,2842,vehicles,NewVehicleRegistration-2017-08.pdf
ZAF,2016-08,shared,total_self_propelled,FS,1433,vehicles,NewVehicleRegistration-2017-08.pdf
ZAF,2016-08,shared,total_self_propelled,GP,21607,vehicles,NewVehicleRegistration-2017-08.pdf
ZAF,2016-08,shared,total_self_propelled,KZN,6599,vehicles,NewVehicleRegistration-2017-08.pdf
ZAF,2016-08,shared,total_self_propelled,LP,1697,vehicles,NewVehicleRegistration-2017-08.pdf
ZAF,2016-08,shared,total_self_propelled,MP,2348,vehicles,NewVehicleRegistration-2017-08.pdf
ZAF,2016-08,shared,total_self_propelled,NC,579,vehicles,NewVehicleRegistration-2017-08.pdf
ZAF,2016-08,shared,total_self_propelled,NW,1379,vehicles,NewVehicleRegistration-2017-08.pdf
ZAF,2016-08,shared,total_self_propelled,WC,5719,vehicles,NewVehicleRegistration-2017-08.pdf
ZAF,2016-08,shared,total_self_propelled,ZAF,44203,vehicles,NewVehicleRegistration-2017-08.pdf
ZAF,2016-08,shared,trucks,EC,75,vehicles,NewVehicleRegistration-2017-08.pdf
ZAF,2016-08,shared,trucks,FS,137,vehicles,NewVehicleRegistration-2017-08.pdf
ZAF,2016-08,shared,trucks,GP,740,vehicles,NewVehicleRegistration-2017-08.pdf
ZAF,2016-08,shared,trucks,KZN,263,vehicles,NewVehicleRegistration-2017-08.pdf
ZAF,2016-08,shared,trucks,LP,69,vehicles,NewVehicleRegistration-2017-08.pdf
ZAF,2016-08,shared,trucks,MP,179,vehicles,NewVehicleRegistration-2017-08.pdf
ZAF,2016-08,shared,trucks,NC,14,vehicles,NewVehicleRegistration-2017-08.pdf
ZAF,2016-08,shared,trucks,NW,72,vehicles,NewVehicleRegistration-2017-08.pdf
ZAF,2016-08,shared,trucks,WC,132,vehicles,NewVehicleRegistration-2017-08.pdf
ZAF,2016-08,shared,trucks,ZAF,1681,vehicles,NewVehicleRegistration-2017-08.pdf
ZAF,2016-09,shared,buses,EC,18,vehicles,NewVehicleRegistration-2017-09.pdf
ZAF,2016-09,shared,buses,FS,7,vehicles,NewVehicleRegistration-2017-09.pdf
ZAF,2016-09,shared,buses,GP,69,vehicles,NewVehicleRegistration-2017-09.pdf
ZAF,2016-09,shared,buses,KZN,24,vehicles,NewVehicleRegistration-2017-09.pdf
ZAF,2016-09,shared,buses,LP,28,vehicles,NewVehicleRegistration-2017-09.pdf
ZAF,2016-09,shared,buses,MP,52,vehicles,NewVehicleRegistration-2017-09.pdf
ZAF,2016-09,shared,buses,NC,6,vehicles,NewVehicleRegistration-2017-09.pdf
ZAF,2016-09,shared,buses,NW,15,vehicles,NewVehicleRegistration-2017-09.pdf
ZAF,2016-09,shared,buses,WC,37,vehicles,NewVehicleRegistration-2017-09.pdf
ZAF,2016-09,shared,buses,ZAF,256,vehicles,NewVehicleRegistration-2017-09.pdf
ZAF,2016-09,shared,cars,EC,1654,vehicles,NewVehicleRegistration-2017-09.pdf
ZAF,2016-09,shared,cars,FS,751,vehicles,NewVehicleRegistration-2017-09.pdf
ZAF,2016-09,shared,cars,GP,15297,vehicles,NewVehicleRegistration-2017-09.pdf
ZAF,2016-09,shared,cars,KZN,4785,vehicles,NewVehicleRegistration-2017-09.pdf
ZAF,2016-09,shared,cars,LP,873,vehicles,NewVehicleRegistration-2017-09.pdf
ZAF,2016-09,shared,cars,MP,1121,vehicles,NewVehicleRegistration-2017-09.pdf
ZAF,2016-09,shared,cars,NC,289,vehicles,NewVehicleRegistration-2017-09.pdf
ZAF,2016-09,shared,cars,NW,665,vehicles,NewVehicleRegistration-2017-09.pdf
ZAF,2016-09,shared,cars,WC,4118,vehicles,NewVehicleRegistration-2017-09.pdf
ZAF,2016-09,shared,cars,ZAF,29553,vehicles,NewVehicleRegistration-2017-09.pdf
ZAF,2016-09,shared,light_commercial,EC,704,vehicles,NewVehicleRegistration-2017-09.pdf
ZAF,2016-09,shared,light_commercial,FS,391,vehicles,NewVehicleRegistration-2017-09.pdf
ZAF,2016-09,shared,light_commercial,GP,4470,vehicles,NewVehicleRegistration-2017-09.pdf
ZAF,2016-09,shared,light_commercial,KZN,1510,vehicles,NewVehicleRegistration-2017-09.pdf
ZAF,2016-09,shared,light_commercial,LP,629,vehicles,NewVehicleRegistration-2017-09.pdf
ZAF,2016-09,shared,light_commercial,MP,723,vehicles,NewVehicleRegistration-2017-09.pdf
ZAF,2016-09,shared,light_commercial,NC,204,vehicles,NewVehicleRegistration-2017-09.pdf
ZAF,2016-09,shared,light_commercial,NW,419,vehicles,NewVehicleRegistration-2017-09.pdf
ZAF,2016-09,shared,light_commercial,WC,1284,vehicles,NewVehicleRegistration-2017-09.pdf
ZAF,2016-09,shared,light_commercial,ZAF,10334,vehicles,NewVehicleRegistration-2017-09.pdf
ZAF,2016-09,shared,minibuses,EC,149,vehicles,NewVehicleRegistration-2017-09.pdf
ZAF,2016-09,shared,minibuses,FS,32,vehicles,NewVehicleRegistration-2017-09.pdf
ZAF,2016-09,shared,minibuses,GP,1060,vehicles,NewVehicleRegistration-2017-09.pdf
ZAF,2016-09,shared,minibuses,KZN,278,vehicles,NewVehicleRegistration-2017-09.pdf
ZAF,2016-09,shared,minibuses,LP,126,vehicles,NewVehicleRegistration-2017-09.pdf
ZAF,2016-09,shared,minibuses,MP,142,vehicles,NewVehicleRegistration-2017-09.pdf
ZAF,2016-09,shared,minibuses,NC,26,vehicles,NewVehicleRegistration-2017-09.pdf
ZAF,2016-09,shared,minibuses,NW,103,vehicles,NewVehicleRegistration-2017-09.pdf
ZAF,2016-09,shared,minibuses,WC,210,vehicles,NewVehicleRegistration-2017-09.pdf
ZAF,2016-09,shared,minibuses,ZAF,2126,vehicles,NewVehicleRegistration-2017-09.pdf
ZAF,2016-09,shared,motorcycles,EC,64,vehicles,NewVehicleRegistration-2017-09.pdf
ZAF,2016-09,shared,motorcycles,FS,68,vehicles,NewVehicleRegistration-2017-09.pdf
ZAF,2016-09,shared,motorcycles,GP,735,vehicles,NewVehicleRegistration-2017-09.pdf
ZAF,2016-09,shared,motorcycles,KZN,145,vehicles,NewVehicleRegistration-2017-09.pdf
ZAF,2016-09,shared,motorcycles,LP,37,vehicles,NewVehicleRegistration-2017-09.pdf
ZAF,2016-09,shared,motorcycles,MP,69,vehicles,NewVehicleRegistration-2017-09.pdf
ZAF,2016-09,shared,motorcycles,NC,32,vehicles,NewVehicleRegistration-2017-09.pdf
ZAF,2016-09,shared,motorcycles,NW,45,vehicles,NewVehicleRegistration-2017-09.pdf
ZAF,2016-09,shared,motorcycles,WC,262,vehicles,NewVehicleRegistration-2017-09.pdf
ZAF,2016-09,shared,motorcycles,ZAF,1457,vehicles,NewVehicleRegistration-2017-09.pdf
ZAF,2016-09,shared,other_self_propelled,EC,81,vehicles,NewVehicleRegistration-2017-09.pdf
ZAF,2016-09,shared,other_self_propelled,FS,69,vehicles,NewVehicleRegistration-2017-09.pdf
ZAF,2016-09,shared,other_self_propelled,GP,209,vehicles,NewVehicleRegistration-2017-09.pdf
ZAF,2016-09,shared,other_self_propelled,KZN,130,vehicles,NewVehicleRegistration-2017-09.pdf
ZAF,2016-09,shared,other_self_propelled,LP,52,vehicles,NewVehicleRegistration-2017-09.pdf
ZAF,2016-09,shared,other_self_propelled,MP,100,vehicles,NewVehicleRegistration-2017-09.pdf
ZAF,2016-09,shared,other_self_propelled,NC,23,vehicles,NewVehicleRegistration-2017-09.pdf
ZAF,2016-09,shared,other_self_propelled,NW,44,vehicles,NewVehicleRegistration-2017-09.pdf
ZAF,2016-09,shared,other_self_propelled,WC,95,vehicles,NewVehicleRegistration-2017-09.pdf
ZAF,2016-09,shared,other_self_propelled,ZAF,803,vehicles,NewVehicleRegistration-2017-09.pdf
ZAF,2016-09,shared,total_self_propelled,EC,2754,vehicles,NewVehicleRegistration-2017-09.pdf
ZAF,2016-09,shared,total_self_propelled,FS,1403,vehicles,NewVehicleRegistration-2017-09.pdf
ZAF,2016-09,shared,total_self_propelled,GP,22569,vehicles,NewVehicleRegistration-2017-09.pdf
ZAF,2016-09,shared,total_self_propelled,KZN,7123,vehicles,NewVehicleRegistration-2017-09.pdf
ZAF,2016-09,shared,total_self_propelled,LP,1854,vehicles,NewVehicleRegistration-2017-09.pdf
ZAF,2016-09,shared,total_self_propelled,MP,2416,vehicles,NewVehicleRegistration-2017-09.pdf
ZAF,2016-09,shared,total_self_propelled,NC,601,vehicles,NewVehicleRegistration-2017-09.pdf
ZAF,2016-09,shared,total_self_propelled,NW,1347,vehicles,NewVehicleRegistration-2017-09.pdf
ZAF,2016-09,shared,total_self_propelled,WC,6194,vehicles,NewVehicleRegistration-2017-09.pdf
ZAF,2016-09,shared,total_self_propelled,ZAF,46261,vehicles,NewVehicleRegistration-2017-09.pdf
ZAF,2016-09,shared,trucks,EC,84,vehicles,NewVehicleRegistration-2017-09.pdf
ZAF,2016-09,shared,trucks,FS,85,vehicles,NewVehicleRegistration-2017-09.pdf
ZAF,2016-09,shared,trucks,GP,729,vehicles,NewVehicleRegistration-2017-09.pdf
ZAF,2016-09,shared,trucks,KZN,251,vehicles,NewVehicleRegistration-2017-09.pdf
ZAF,2016-09,shared,trucks,LP,109,vehicles,NewVehicleRegistration-2017-09.pdf
ZAF,2016-09,shared,trucks,MP,209,vehicles,NewVehicleRegistration-2017-09.pdf
ZAF,2016-09,shared,trucks,NC,21,vehicles,NewVehicleRegistration-2017-09.pdf
ZAF,2016-09,shared,trucks,NW,56,vehicles,NewVehicleRegistration-2017-09.pdf
ZAF,2016-09,shared,trucks,WC,188,vehicles,NewVehicleRegistration-2017-09.pdf
ZAF,2016-09,shared,trucks,ZAF,1732,vehicles,NewVehicleRegistration-2017-09.pdf
ZAF,2016-11,shared,buses,EC,17,vehicles,NewVehicleRegistration-2017-11.pdf
ZAF,2016-11,shared,buses,FS,21,vehicles,NewVehicleRegistration-2017-11.pdf
ZAF,2016-11,shared,buses,GP,99,vehicles,NewVehicleRegistration-2017-11.pdf
ZAF,2016-11,shared,buses,KZN,16,vehicles,NewVehicleRegistration-2017-11.pdf
ZAF,2016-11,shared,buses,LP,24,vehicles,NewVehicleRegistration-2017-11.pdf
ZAF,2016-11,shared,buses,MP,32,vehicles,NewVehicleRegistration-2017-11.pdf
ZAF,2016-11,shared,buses,NC,3,vehicles,NewVehicleRegistration-2017-11.pdf
ZAF,2016-11,shared,buses,NW,21,vehicles,NewVehicleRegistration-2017-11.pdf
ZAF,2016-11,shared,buses,WC,27,vehicles,NewVehicleRegistration-2017-11.pdf
ZAF,2016-11,shared,buses,ZAF,260,vehicles,NewVehicleRegistration-2017-11.pdf
ZAF,2016-11,shared,cars,EC,1400,vehicles,NewVehicleRegistration-2017-11.pdf
ZAF,2016-11,shared,cars,FS,640,vehicles,NewVehicleRegistration-2017-11.pdf
ZAF,2016-11,shared,cars,GP,11623,vehicles,NewVehicleRegistration-2017-11.pdf
ZAF,2016-11,shared,cars,KZN,3842,vehicles,NewVehicleRegistration-2017-11.pdf
ZAF,2016-11,shared,cars,LP,749,vehicles,NewVehicleRegistration-2017-11.pdf
ZAF,2016-11,shared,cars,MP,1157,vehicles,NewVehicleRegistration-2017-11.pdf
ZAF,2016-11,shared,cars,NC,241,vehicles,NewVehicleRegistration-2017-11.pdf
ZAF,2016-11,shared,cars,NW,588,vehicles,NewVehicleRegistration-2017-11.pdf
ZAF,2016-11,shared,cars,WC,4117,vehicles,NewVehicleRegistration-2017-11.pdf
ZAF,2016-11,shared,cars,ZAF,24357,vehicles,NewVehicleRegistration-2017-11.pdf
ZAF,2016-11,shared,light_commercial,EC,571,vehicles,NewVehicleRegistration-2017-11.pdf
ZAF,2016-11,shared,light_commercial,FS,416,vehicles,NewVehicleRegistration-2017-11.pdf
ZAF,2016-11,shared,light_commercial,GP,3523,vehicles,NewVehicleRegistration-2017-11.pdf
ZAF,2016-11,shared,light_commercial,KZN,1417,vehicles,NewVehicleRegistration-2017-11.pdf
ZAF,2016-11,shared,light_commercial,LP,631,vehicles,NewVehicleRegistration-2017-11.pdf
ZAF,2016-11,shared,light_commercial,MP,635,vehicles,NewVehicleRegistration-2017-11.pdf
ZAF,2016-11,shared,light_commercial,NC,197,vehicles,NewVehicleRegistration-2017-11.pdf
ZAF,2016-11,shared,light_commercial,NW,376,vehicles,NewVehicleRegistration-2017-11.pdf
ZAF,2016-11,shared,light_commercial,WC,1205,vehicles,NewVehicleRegistration-2017-11.pdf
ZAF,2016-11,shared,light_commercial,ZAF,8971,vehicles,NewVehicleRegistration-2017-11.pdf
ZAF,2016-11,shared,minibuses,EC,155,vehicles,NewVehicleRegistration-2017-11.pdf
ZAF,2016-11,shared,minibuses,FS,60,vehicles,NewVehicleRegistration-2017-11.pdf
ZAF,2016-11,shared,minibuses,GP,802,vehicles,NewVehicleRegistration-2017-11.pdf
ZAF,2016-11,shared,minibuses,KZN,285,vehicles,NewVehicleRegistration-2017-11.pdf
ZAF,2016-11,shared,minibuses,LP,146,vehicles,NewVehicleRegistration-2017-11.pdf
ZAF,2016-11,shared,minibuses,MP,148,vehicles,NewVehicleRegistration-2017-11.pdf
ZAF,2016-11,shared,minibuses,NC,27,vehicles,NewVehicleRegistration-2017-11.pdf
ZAF,2016-11,shared,minibuses,NW,72,vehicles,NewVehicleRegistration-2017-11.pdf
ZAF,2016-11,shared,minibuses,WC,288,vehicles,NewVehicleRegistration-2017-11.pdf
ZAF,2016-11,shared,minibuses,ZAF,1983,vehicles,NewVehicleRegistration-2017-11.pdf
ZAF,2016-11,shared,motorcycles,EC,52,vehicles,NewVehicleRegistration-2017-11.pdf
ZAF,2016-11,shared,motorcycles,FS,61,vehicles,NewVehicleRegistration-2017-11.pdf
ZAF,2016-11,shared,motorcycles,GP,620,vehicles,NewVehicleRegistration-2017-11.pdf
ZAF,2016-11,shared,motorcycles,KZN,132,vehicles,NewVehicleRegistration-2017-11.pdf
ZAF,2016-11,shared,motorcycles,LP,27,vehicles,NewVehicleRegistration-2017-11.pdf
ZAF,2016-11,shared,motorcycles,MP,63,vehicles,NewVehicleRegistration-2017-11.pdf
ZAF,2016-11,shared,motorcycles,NC,16,vehicles,NewVehicleRegistration-2017-11.pdf
ZAF,2016-11,shared,motorcycles,NW,50,vehicles,NewVehicleRegistration-2017-11.pdf
ZAF,2016-11,shared,motorcycles,WC,255,vehicles,NewVehicleRegistration-2017-11.pdf
ZAF,2016-11,shared,motorcycles,ZAF,1276,vehicles,NewVehicleRegistration-2017-11.pdf
ZAF,2016-11,shared,other_self_propelled,EC,77,vehicles,NewVehicleRegistration-2017-11.pdf
ZAF,2016-11,shared,other_self_propelled,FS,47,vehicles,NewVehicleRegistration-2017-11.pdf
ZAF,2016-11,shared,other_self_propelled,GP,125,vehicles,NewVehicleRegistration-2017-11.pdf
ZAF,2016-11,shared,other_self_propelled,KZN,120,vehicles,NewVehicleRegistration-2017-11.pdf
ZAF,2016-11,shared,other_self_propelled,LP,69,vehicles,NewVehicleRegistration-2017-11.pdf
ZAF,2016-11,shared,other_self_propelled,MP,77,vehicles,NewVehicleRegistration-2017-11.pdf
ZAF,2016-11,shared,other_self_propelled,NC,30,vehicles,NewVehicleRegistration-2017-11.pdf
ZAF,2016-11,shared,other_self_propelled,NW,38,vehicles,NewVehicleRegistration-2017-11.pdf
ZAF,2016-11,shared,other_self_propelled,WC,84,vehicles,NewVehicleRegistration-2017-11.pdf
ZAF,2016-11,shared,other_self_propelled,ZAF,667,vehicles,NewVehicleRegistration-2017-11.pdf
ZAF,2016-11,shared,total_self_propelled,EC,2346,vehicles,NewVehicleRegistration-2017-11.pdf
ZAF,2016-11,shared,total_self_propelled,FS,1333,vehicles,NewVehicleRegistration-2017-11.pdf
ZAF,2016-11,shared,total_self_propelled,GP,17762,vehicles,NewVehicleRegistration-2017-11.pdf
ZAF,2016-11,shared,total_self_propelled,KZN,6091,vehicles,NewVehicleRegistration-2017-11.pdf
ZAF,2016-11,shared,total_self_propelled,LP,1742,vehicles,NewVehicleRegistration-2017-11.pdf
ZAF,2016-11,shared,total_self_propelled,MP,2327,vehicles,NewVehicleRegistration-2017-11.pdf
ZAF,2016-11,shared,total_self_propelled,NC,541,vehicles,NewVehicleRegistration-2017-11.pdf
ZAF,2016-11,shared,total_self_propelled,NW,1203,vehicles,NewVehicleRegistration-2017-11.pdf
ZAF,2016-11,shared,total_self_propelled,WC,6195,vehicles,NewVehicleRegistration-2017-11.pdf
ZAF,2016-11,shared,total_self_propelled,ZAF,39540,vehicles,NewVehicleRegistration-2017-11.pdf
ZAF,2016-11,shared,trucks,EC,74,vehicles,NewVehicleRegistration-2017-11.pdf
ZAF,2016-11,shared,trucks,FS,88,vehicles,NewVehicleRegistration-2017-11.pdf
ZAF,2016-11,shared,trucks,GP,970,vehicles,NewVehicleRegistration-2017-11.pdf
ZAF,2016-11,shared,trucks,KZN,279,vehicles,NewVehicleRegistration-2017-11.pdf
ZAF,2016-11,shared,trucks,LP,96,vehicles,NewVehicleRegistration-2017-11.pdf
ZAF,2016-11,shared,trucks,MP,215,vehicles,NewVehicleRegistration-2017-11.pdf
ZAF,2016-11,shared,trucks,NC,27,vehicles,NewVehicleRegistration-2017-11.pdf
ZAF,2016-11,shared,trucks,NW,58,vehicles,NewVehicleRegistration-2017-11.pdf
ZAF,2016-11,shared,trucks,WC,219,vehicles,NewVehicleRegistration-2017-11.pdf
ZAF,2016-11,shared,trucks,ZAF,2026,vehicles,NewVehicleRegistration-2017-11.pdf
ZAF,2016-12,shared,buses,EC,8,vehicles,NewVehicleRegistration-2017-12.pdf
ZAF,2016-12,shared,buses,FS,2,vehicles,NewVehicleRegistration-2017-12.pdf
ZAF,2016-12,shared,buses,GP,114,vehicles,NewVehicleRegistration-2017-12.pdf
ZAF,2016-12,shared,buses,KZN,19,vehicles,NewVehicleRegistration-2017-12.pdf
ZAF,2016-12,shared,buses,LP,19,vehicles,NewVehicleRegistration-2017-12.pdf
ZAF,2016-12,shared,buses,MP,32,vehicles,NewVehicleRegistration-2017-12.pdf
ZAF,2016-12,shared,buses,NC,5,vehicles,NewVehicleRegistration-2017-12.pdf
ZAF,2016-12,shared,buses,NW,3,vehicles,NewVehicleRegistration-2017-12.pdf
ZAF,2016-12,shared,buses,WC,19,vehicles,NewVehicleRegistration-2017-12.pdf
ZAF,2016-12,shared,buses,ZAF,221,vehicles,NewVehicleRegistration-2017-12.pdf
ZAF,2016-12,shared,cars,EC,640,vehicles,NewVehicleRegistration-2017-12.pdf
ZAF,2016-12,shared,cars,FS,329,vehicles,NewVehicleRegistration-2017-12.pdf
ZAF,2016-12,shared,cars,GP,5095,vehicles,NewVehicleRegistration-2017-12.pdf
ZAF,2016-12,shared,cars,KZN,2065,vehicles,NewVehicleRegistration-2017-12.pdf
ZAF,2016-12,shared,cars,LP,585,vehicles,NewVehicleRegistration-2017-12.pdf
ZAF,2016-12,shared,cars,MP,778,vehicles,NewVehicleRegistration-2017-12.pdf
ZAF,2016-12,shared,cars,NC,198,vehicles,NewVehicleRegistration-2017-12.pdf
ZAF,2016-12,shared,cars,NW,341,vehicles,NewVehicleRegistration-2017-12.pdf
ZAF,2016-12,shared,cars,WC,1553,vehicles,NewVehicleRegistration-2017-12.pdf
ZAF,2016-12,shared,cars,ZAF,11584,vehicles,NewVehicleRegistration-2017-12.pdf
ZAF,2016-12,shared,light_commercial,EC,352,vehicles,NewVehicleRegistration-2017-12.pdf
ZAF,2016-12,shared,light_commercial,FS,344,vehicles,NewVehicleRegistration-2017-12.pdf
ZAF,2016-12,shared,light_commercial,GP,1719,vehicles,NewVehicleRegistration-2017-12.pdf
ZAF,2016-12,shared,light_commercial,KZN,720,vehicles,NewVehicleRegistration-2017-12.pdf
ZAF,2016-12,shared,light_commercial,LP,355,vehicles,NewVehicleRegistration-2017-12.pdf
ZAF,2016-12,shared,light_commercial,MP,407,vehicles,NewVehicleRegistration-2017-12.pdf
ZAF,2016-12,shared,light_commercial,NC,108,vehicles,NewVehicleRegistration-2017-12.pdf
ZAF,2016-12,shared,light_commercial,NW,209,vehicles,NewVehicleRegistration-2017-12.pdf
ZAF,2016-12,shared,light_commercial,WC,483,vehicles,NewVehicleRegistration-2017-12.pdf
ZAF,2016-12,shared,light_commercial,ZAF,4697,vehicles,NewVehicleRegistration-2017-12.pdf
ZAF,2016-12,shared,minibuses,EC,112,vehicles,NewVehicleRegistration-2017-12.pdf
ZAF,2016-12,shared,minibuses,FS,27,vehicles,NewVehicleRegistration-2017-12.pdf
ZAF,2016-12,shared,minibuses,GP,522,vehicles,NewVehicleRegistration-2017-12.pdf
ZAF,2016-12,shared,minibuses,KZN,245,vehicles,NewVehicleRegistration-2017-12.pdf
ZAF,2016-12,shared,minibuses,LP,109,vehicles,NewVehicleRegistration-2017-12.pdf
ZAF,2016-12,shared,minibuses,MP,90,vehicles,NewVehicleRegistration-2017-12.pdf
ZAF,2016-12,shared,minibuses,NC,20,vehicles,NewVehicleRegistration-2017-12.pdf
ZAF,2016-12,shared,minibuses,NW,73,vehicles,NewVehicleRegistration-2017-12.pdf
ZAF,2016-12,shared,minibuses,WC,226,vehicles,NewVehicleRegistration-2017-12.pdf
ZAF,2016-12,shared,minibuses,ZAF,1424,vehicles,NewVehicleRegistration-2017-12.pdf
ZAF,2016-12,shared,motorcycles,EC,32,vehicles,NewVehicleRegistration-2017-12.pdf
ZAF,2016-12,shared,motorcycles,FS,33,vehicles,NewVehicleRegistration-2017-12.pdf
ZAF,2016-12,shared,motorcycles,GP,444,vehicles,NewVehicleRegistration-2017-12.pdf
ZAF,2016-12,shared,motorcycles,KZN,102,vehicles,NewVehicleRegistration-2017-12.pdf
ZAF,2016-12,shared,motorcycles,LP,13,vehicles,NewVehicleRegistration-2017-12.pdf
ZAF,2016-12,shared,motorcycles,MP,32,vehicles,NewVehicleRegistration-2017-12.pdf
ZAF,2016-12,shared,motorcycles,NC,15,vehicles,NewVehicleRegistration-2017-12.pdf
ZAF,2016-12,shared,motorcycles,NW,17,vehicles,NewVehicleRegistration-2017-12.pdf
ZAF,2016-12,shared,motorcycles,WC,204,vehicles,NewVehicleRegistration-2017-12.pdf
ZAF,2016-12,shared,motorcycles,ZAF,892,vehicles,NewVehicleRegistration-2017-12.pdf
ZAF,2016-12,shared,other_self_propelled,EC,39,vehicles,NewVehicleRegistration-2017-12.pdf
ZAF,2016-12,shared,other_self_propelled,FS,36,vehicles,NewVehicleRegistration-2017-12.pdf
ZAF,2016-12,shared,other_self_propelled,GP,112,vehicles,NewVehicleRegistration-2017-12.pdf
ZAF,2016-12,shared,other_self_propelled,KZN,59,vehicles,NewVehicleRegistration-2017-12.pdf
ZAF,2016-12,shared,other_self_propelled,LP,19,vehicles,NewVehicleRegistration-2017-12.pdf
ZAF,2016-12,shared,other_self_propelled,MP,56,vehicles,NewVehicleRegistration-2017-12.pdf
ZAF,2016-12,shared,other_self_propelled,NC,26,vehicles,NewVehicleRegistration-2017-12.pdf
ZAF,2016-12,shared,other_self_propelled,NW,18,vehicles,NewVehicleRegistration-2017-12.pdf
ZAF,2016-12,shared,other_self_propelled,WC,72,vehicles,NewVehicleRegistration-2017-12.pdf
ZAF,2016-12,shared,other_self_propelled,ZAF,437,vehicles,NewVehicleRegistration-2017-12.pdf
ZAF,2016-12,shared,total_self_propelled,EC,1237,vehicles,NewVehicleRegistration-2017-12.pdf
ZAF,2016-12,shared,total_self_propelled,FS,813,vehicles,NewVehicleRegistration-2017-12.pdf
ZAF,2016-12,shared,total_self_propelled,GP,8529,vehicles,NewVehicleRegistration-2017-12.pdf
ZAF,2016-12,shared,total_self_propelled,KZN,3353,vehicles,NewVehicleRegistration-2017-12.pdf
ZAF,2016-12,shared,total_self_propelled,LP,1151,vehicles,NewVehicleRegistration-2017-12.pdf
ZAF,2016-12,shared,total_self_propelled,MP,1497,vehicles,NewVehicleRegistration-2017-12.pdf
ZAF,2016-12,shared,total_self_propelled,NC,394,vehicles,NewVehicleRegistration-2017-12.pdf
ZAF,2016-12,shared,total_self_propelled,NW,692,vehicles,NewVehicleRegistration-2017-12.pdf
ZAF,2016-12,shared,total_self_propelled,WC,2680,vehicles,NewVehicleRegistration-2017-12.pdf
ZAF,2016-12,shared,total_self_propelled,ZAF,20346,vehicles,NewVehicleRegistration-2017-12.pdf
ZAF,2016-12,shared,trucks,EC,54,vehicles,NewVehicleRegistration-2017-12.pdf
ZAF,2016-12,shared,trucks,FS,42,vehicles,NewVehicleRegistration-2017-12.pdf
ZAF,2016-12,shared,trucks,GP,523,vehicles,NewVehicleRegistration-2017-12.pdf
ZAF,2016-12,shared,trucks,KZN,143,vehicles,NewVehicleRegistration-2017-12.pdf
ZAF,2016-12,shared,trucks,LP,51,vehicles,NewVehicleRegistration-2017-12.pdf
ZAF,2016-12,shared,trucks,MP,102,vehicles,NewVehicleRegistration-2017-12.pdf
ZAF,2016-12,shared,trucks,NC,22,vehicles,NewVehicleRegistration-2017-12.pdf
ZAF,2016-12,shared,trucks,NW,31,vehicles,NewVehicleRegistration-2017-12.pdf
ZAF,2016-12,shared,trucks,WC,123,vehicles,NewVehicleRegistration-2017-12.pdf
ZAF,2016-12,shared,trucks,ZAF,1091,vehicles,NewVehicleRegistration-2017-12.pdf
ZAF,2017-01,shared,buses,EC,7,vehicles,NewVehicleRegistration-2018-01.pdf
ZAF,2017-01,shared,buses,FS,5,vehicles,NewVehicleRegistration-2018-01.pdf
ZAF,2017-01,shared,buses,GP,130,vehicles,NewVehicleRegistration-2018-01.pdf
ZAF,2017-01,shared,buses,KZN,38,vehicles,NewVehicleRegistration-2018-01.pdf
ZAF,2017-01,shared,buses,LP,35,vehicles,NewVehicleRegistration-2018-01.pdf
ZAF,2017-01,shared,buses,MP,39,vehicles,NewVehicleRegistration-2018-01.pdf
ZAF,2017-01,shared,buses,NC,3,vehicles,NewVehicleRegistration-2018-01.pdf
ZAF,2017-01,shared,buses,NW,14,vehicles,NewVehicleRegistration-2018-01.pdf
ZAF,2017-01,shared,buses,WC,16,vehicles,NewVehicleRegistration-2018-01.pdf
ZAF,2017-01,shared,buses,ZAF,287,vehicles,NewVehicleRegistration-2018-01.pdf
ZAF,2017-01,shared,cars,EC,3482,vehicles,NewVehicleRegistration-2018-01.pdf
ZAF,2017-01,shared,cars,FS,1388,vehicles,NewVehicleRegistration-2018-01.pdf
ZAF,2017-01,shared,cars,GP,30057,vehicles,NewVehicleRegistration-2018-01.pdf
ZAF,2017-01,shared,cars,KZN,7068,vehicles,NewVehicleRegistration-2018-01.pdf
ZAF,2017-01,shared,cars,LP,1252,vehicles,NewVehicleRegistration-2018-01.pdf
ZAF,2017-01,shared,cars,MP,1766,vehicles,NewVehicleRegistration-2018-01.pdf
ZAF,2017-01,shared,cars,NC,428,vehicles,NewVehicleRegistration-2018-01.pdf
ZAF,2017-01,shared,cars,NW,1279,vehicles,NewVehicleRegistration-2018-01.pdf
ZAF,2017-01,shared,cars,WC,6995,vehicles,NewVehicleRegistration-2018-01.pdf
ZAF,2017-01,shared,cars,ZAF,53715,vehicles,NewVehicleRegistration-2018-01.pdf
ZAF,2017-01,shared,light_commercial,EC,1139,vehicles,NewVehicleRegistration-2018-01.pdf
ZAF,2017-01,shared,light_commercial,FS,662,vehicles,NewVehicleRegistration-2018-01.pdf
ZAF,2017-01,shared,light_commercial,GP,5933,vehicles,NewVehicleRegistration-2018-01.pdf
ZAF,2017-01,shared,light_commercial,KZN,2421,vehicles,NewVehicleRegistration-2018-01.pdf
ZAF,2017-01,shared,light_commercial,LP,1008,vehicles,NewVehicleRegistration-2018-01.pdf
ZAF,2017-01,shared,light_commercial,MP,1139,vehicles,NewVehicleRegistration-2018-01.pdf
ZAF,2017-01,shared,light_commercial,NC,327,vehicles,NewVehicleRegistration-2018-01.pdf
ZAF,2017-01,shared,light_commercial,NW,759,vehicles,NewVehicleRegistration-2018-01.pdf
ZAF,2017-01,shared,light_commercial,WC,1765,vehicles,NewVehicleRegistration-2018-01.pdf
ZAF,2017-01,shared,light_commercial,ZAF,15153,vehicles,NewVehicleRegistration-2018-01.pdf
ZAF,2017-01,shared,minibuses,EC,130,vehicles,NewVehicleRegistration-2018-01.pdf
ZAF,2017-01,shared,minibuses,FS,42,vehicles,NewVehicleRegistration-2018-01.pdf
ZAF,2017-01,shared,minibuses,GP,1216,vehicles,NewVehicleRegistration-2018-01.pdf
ZAF,2017-01,shared,minibuses,KZN,257,vehicles,NewVehicleRegistration-2018-01.pdf
ZAF,2017-01,shared,minibuses,LP,104,vehicles,NewVehicleRegistration-2018-01.pdf
ZAF,2017-01,shared,minibuses,MP,100,vehicles,NewVehicleRegistration-2018-01.pdf
ZAF,2017-01,shared,minibuses,NC,17,vehicles,NewVehicleRegistration-2018-01.pdf
ZAF,2017-01,shared,minibuses,NW,43,vehicles,NewVehicleRegistration-2018-01.pdf
ZAF,2017-01,shared,minibuses,WC,242,vehicles,NewVehicleRegistration-2018-01.pdf
ZAF,2017-01,shared,minibuses,ZAF,2151,vehicles,NewVehicleRegistration-2018-01.pdf
ZAF,2017-01,shared,motorcycles,EC,82,vehicles,NewVehicleRegistration-2018-01.pdf
ZAF,2017-01,shared,motorcycles,FS,75,vehicles,NewVehicleRegistration-2018-01.pdf
ZAF,2017-01,shared,motorcycles,GP,785,vehicles,NewVehicleRegistration-2018-01.pdf
ZAF,2017-01,shared,motorcycles,KZN,212,vehicles,NewVehicleRegistration-2018-01.pdf
ZAF,2017-01,shared,motorcycles,LP,27,vehicles,NewVehicleRegistration-2018-01.pdf
ZAF,2017-01,shared,motorcycles,MP,68,vehicles,NewVehicleRegistration-2018-01.pdf
ZAF,2017-01,shared,motorcycles,NC,25,vehicles,NewVehicleRegistration-2018-01.pdf
ZAF,2017-01,shared,motorcycles,NW,64,vehicles,NewVehicleRegistration-2018-01.pdf
ZAF,2017-01,shared,motorcycles,WC,407,vehicles,NewVehicleRegistration-2018-01.pdf
ZAF,2017-01,shared,motorcycles,ZAF,1745,vehicles,NewVehicleRegistration-2018-01.pdf
ZAF,2017-01,shared,other_self_propelled,EC,53,vehicles,NewVehicleRegistration-2018-01.pdf
ZAF,2017-01,shared,other_self_propelled,FS,78,vehicles,NewVehicleRegistration-2018-01.pdf
ZAF,2017-01,shared,other_self_propelled,GP,151,vehicles,NewVehicleRegistration-2018-01.pdf
ZAF,2017-01,shared,other_self_propelled,KZN,93,vehicles,NewVehicleRegistration-2018-01.pdf
ZAF,2017-01,shared,other_self_propelled,LP,79,vehicles,NewVehicleRegistration-2018-01.pdf
ZAF,2017-01,shared,other_self_propelled,MP,54,vehicles,NewVehicleRegistration-2018-01.pdf
ZAF,2017-01,shared,other_self_propelled,NC,40,vehicles,NewVehicleRegistration-2018-01.pdf
ZAF,2017-01,shared,other_self_propelled,NW,52,vehicles,NewVehicleRegistration-2018-01.pdf
ZAF,2017-01,shared,other_self_propelled,WC,124,vehicles,NewVehicleRegistration-2018-01.pdf
ZAF,2017-01,shared,other_self_propelled,ZAF,724,vehicles,NewVehicleRegistration-2018-01.pdf
ZAF,2017-01,shared,total_self_propelled,EC,4972,vehicles,NewVehicleRegistration-2018-01.pdf
ZAF,2017-01,shared,total_self_propelled,FS,2336,vehicles,NewVehicleRegistration-2018-01.pdf
ZAF,2017-01,shared,total_self_propelled,GP,38892,vehicles,NewVehicleRegistration-2018-01.pdf
ZAF,2017-01,shared,total_self_propelled,KZN,10350,vehicles,NewVehicleRegistration-2018-01.pdf
ZAF,2017-01,shared,total_self_propelled,LP,2555,vehicles,NewVehicleRegistration-2018-01.pdf
ZAF,2017-01,shared,total_self_propelled,MP,3373,vehicles,NewVehicleRegistration-2018-01.pdf
ZAF,2017-01,shared,total_self_propelled,NC,851,vehicles,NewVehicleRegistration-2018-01.pdf
ZAF,2017-01,shared,total_self_propelled,NW,2280,vehicles,NewVehicleRegistration-2018-01.pdf
ZAF,2017-01,shared,total_self_propelled,WC,9700,vehicles,NewVehicleRegistration-2018-01.pdf
ZAF,2017-01,shared,total_self_propelled,ZAF,75309,vehicles,NewVehicleRegistration-2018-01.pdf
ZAF,2017-01,shared,trucks,EC,79,vehicles,NewVehicleRegistration-2018-01.pdf
ZAF,2017-01,shared,trucks,FS,86,vehicles,NewVehicleRegistration-2018-01.pdf
ZAF,2017-01,shared,trucks,GP,620,vehicles,NewVehicleRegistration-2018-01.pdf
ZAF,2017-01,shared,trucks,KZN,261,vehicles,NewVehicleRegistration-2018-01.pdf
ZAF,2017-01,shared,trucks,LP,50,vehicles,NewVehicleRegistration-2018-01.pdf
ZAF,2017-01,shared,trucks,MP,207,vehicles,NewVehicleRegistration-2018-01.pdf
ZAF,2017-01,shared,trucks,NC,11,vehicles,NewVehicleRegistration-2018-01.pdf
ZAF,2017-01,shared,trucks,NW,69,vehicles,NewVehicleRegistration-2018-01.pdf
ZAF,2017-01,shared,trucks,WC,151,vehicles,NewVehicleRegistration-2018-01.pdf
ZAF,2017-01,shared,trucks,ZAF,1534,vehicles,NewVehicleRegistration-2018-01.pdf
ZAF,2017-03,shared,buses,EC,27,vehicles,NewVehicleRegistration-2018-03.pdf
ZAF,2017-03,shared,buses,FS,15,vehicles,NewVehicleRegistration-2018-03.pdf
ZAF,2017-03,shared,buses,GP,101,vehicles,NewVehicleRegistration-2018-03.pdf
ZAF,2017-03,shared,buses,KZN,47,vehicles,NewVehicleRegistration-2018-03.pdf
ZAF,2017-03,shared,buses,LP,18,vehicles,NewVehicleRegistration-2018-03.pdf
ZAF,2017-03,shared,buses,MP,45,vehicles,NewVehicleRegistration-2018-03.pdf
ZAF,2017-03,shared,buses,NC,6,vehicles,NewVehicleRegistration-2018-03.pdf
ZAF,2017-03,shared,buses,NW,3,vehicles,NewVehicleRegistration-2018-03.pdf
ZAF,2017-03,shared,buses,WC,30,vehicles,NewVehicleRegistration-2018-03.pdf
ZAF,2017-03,shared,buses,ZAF,292,vehicles,NewVehicleRegistration-2018-03.pdf
ZAF,2017-03,shared,cars,EC,1703,vehicles,NewVehicleRegistration-2018-03.pdf
ZAF,2017-03,shared,cars,FS,753,vehicles,NewVehicleRegistration-2018-03.pdf
ZAF,2017-03,shared,cars,GP,14208,vehicles,NewVehicleRegistration-2018-03.pdf
ZAF,2017-03,shared,cars,KZN,4735,vehicles,NewVehicleRegistration-2018-03.pdf
ZAF,2017-03,shared,cars,LP,1027,vehicles,NewVehicleRegistration-2018-03.pdf
ZAF,2017-03,shared,cars,MP,1331,vehicles,NewVehicleRegistration-2018-03.pdf
ZAF,2017-03,shared,cars,NC,388,vehicles,NewVehicleRegistration-2018-03.pdf
ZAF,2017-03,shared,cars,NW,845,vehicles,NewVehicleRegistration-2018-03.pdf
ZAF,2017-03,shared,cars,WC,3463,vehicles,NewVehicleRegistration-2018-03.pdf
ZAF,2017-03,shared,cars,ZAF,28453,vehicles,NewVehicleRegistration-2018-03.pdf
ZAF,2017-03,shared,light_commercial,EC,866,vehicles,NewVehicleRegistration-2018-03.pdf
ZAF,2017-03,shared,light_commercial,FS,610,vehicles,NewVehicleRegistration-2018-03.pdf
ZAF,2017-03,shared,light_commercial,GP,4770,vehicles,NewVehicleRegistration-2018-03.pdf
ZAF,2017-03,shared,light_commercial,KZN,1919,vehicles,NewVehicleRegistration-2018-03.pdf
ZAF,2017-03,shared,light_commercial,LP,833,vehicles,NewVehicleRegistration-2018-03.pdf
ZAF,2017-03,shared,light_commercial,MP,1168,vehicles,NewVehicleRegistration-2018-03.pdf
ZAF,2017-03,shared,light_commercial,NC,309,vehicles,NewVehicleRegistration-2018-03.pdf
ZAF,2017-03,shared,light_commercial,NW,497,vehicles,NewVehicleRegistration-2018-03.pdf
ZAF,2017-03,shared,light_commercial,WC,1427,vehicles,NewVehicleRegistration-2018-03.pdf
ZAF,2017-03,shared,light_commercial,ZAF,12399,vehicles,NewVehicleRegistration-2018-03.pdf
ZAF,2017-03,shared,minibuses,EC,125,vehicles,NewVehicleRegistration-2018-03.pdf
ZAF,2017-03,shared,minibuses,FS,59,vehicles,NewVehicleRegistration-2018-03.pdf
ZAF,2017-03,shared,minibuses,GP,706,vehicles,NewVehicleRegistration-2018-03.pdf
ZAF,2017-03,shared,minibuses,KZN,277,vehicles,NewVehicleRegistration-2018-03.pdf
ZAF,2017-03,shared,minibuses,LP,125,vehicles,NewVehicleRegistration-2018-03.pdf
ZAF,2017-03,shared,minibuses,MP,162,vehicles,NewVehicleRegistration-2018-03.pdf
ZAF,2017-03,shared,minibuses,NC,25,vehicles,NewVehicleRegistration-2018-03.pdf
ZAF,2017-03,shared,minibuses,NW,93,vehicles,NewVehicleRegistration-2018-03.pdf
ZAF,2017-03,shared,minibuses,WC,234,vehicles,NewVehicleRegistration-2018-03.pdf
ZAF,2017-03,shared,minibuses,ZAF,1806,vehicles,NewVehicleRegistration-2018-03.pdf
ZAF,2017-03,shared,motorcycles,EC,69,vehicles,NewVehicleRegistration-2018-03.pdf
ZAF,2017-03,shared,motorcycles,FS,65,vehicles,NewVehicleRegistration-2018-03.pdf
ZAF,2017-03,shared,motorcycles,GP,726,vehicles,NewVehicleRegistration-2018-03.pdf
ZAF,2017-03,shared,motorcycles,KZN,119,vehicles,NewVehicleRegistration-2018-03.pdf
ZAF,2017-03,shared,motorcycles,LP,21,vehicles,NewVehicleRegistration-2018-03.pdf
ZAF,2017-03,shared,motorcycles,MP,53,vehicles,NewVehicleRegistration-2018-03.pdf
ZAF,2017-03,shared,motorcycles,NC,16,vehicles,NewVehicleRegistration-2018-03.pdf
ZAF,2017-03,shared,motorcycles,NW,33,vehicles,NewVehicleRegistration-2018-03.pdf
ZAF,2017-03,shared,motorcycles,WC,275,vehicles,NewVehicleRegistration-2018-03.pdf
ZAF,2017-03,shared,motorcycles,ZAF,1377,vehicles,NewVehicleRegistration-2018-03.pdf
ZAF,2017-03,shared,other_self_propelled,EC,98,vehicles,NewVehicleRegistration-2018-03.pdf
ZAF,2017-03,shared,other_self_propelled,FS,87,vehicles,NewVehicleRegistration-2018-03.pdf
ZAF,2017-03,shared,other_self_propelled,GP,188,vehicles,NewVehicleRegistration-2018-03.pdf
ZAF,2017-03,shared,other_self_propelled,KZN,162,vehicles,NewVehicleRegistration-2018-03.pdf
ZAF,2017-03,shared,other_self_propelled,LP,108,vehicles,NewVehicleRegistration-2018-03.pdf
ZAF,2017-03,shared,other_self_propelled,MP,127,vehicles,NewVehicleRegistration-2018-03.pdf
ZAF,2017-03,shared,other_self_propelled,NC,27,vehicles,NewVehicleRegistration-2018-03.pdf
ZAF,2017-03,shared,other_self_propelled,NW,53,vehicles,NewVehicleRegistration-2018-03.pdf
ZAF,2017-03,shared,other_self_propelled,WC,93,vehicles,NewVehicleRegistration-2018-03.pdf
ZAF,2017-03,shared,other_self_propelled,ZAF,943,vehicles,NewVehicleRegistration-2018-03.pdf
ZAF,2017-03,shared,total_self_propelled,EC,2988,vehicles,NewVehicleRegistration-2018-03.pdf
ZAF,2017-03,shared,total_self_propelled,FS,1691,vehicles,NewVehicleRegistration-2018-03.pdf
ZAF,2017-03,shared,total_self_propelled,GP,21393,vehicles,NewVehicleRegistration-2018-03.pdf
ZAF,2017-03,shared,total_self_propelled,KZN,7508,vehicles,NewVehicleRegistration-2018-03.pdf
ZAF,2017-03,shared,total_self_propelled,LP,2244,vehicles,NewVehicleRegistration-2018-03.pdf
ZAF,2017-03,shared,total_self_propelled,MP,3109,vehicles,NewVehicleRegistration-2018-03.pdf
ZAF,2017-03,shared,total_self_propelled,NC,797,vehicles,NewVehicleRegistration-2018-03.pdf
ZAF,2017-03,shared,total_self_propelled,NW,1601,vehicles,NewVehicleRegistration-2018-03.pdf
ZAF,2017-03,shared,total_self_propelled,WC,5732,vehicles,NewVehicleRegistration-2018-03.pdf
ZAF,2017-03,shared,total_self_propelled,ZAF,47063,vehicles,NewVehicleRegistration-2018-03.pdf
ZAF,2017-03,shared,trucks,EC,100,vehicles,NewVehicleRegistration-2018-03.pdf
ZAF,2017-03,shared,trucks,FS,102,vehicles,NewVehicleRegistration-2018-03.pdf
ZAF,2017-03,shared,trucks,GP,694,vehicles,NewVehicleRegistration-2018-03.pdf
ZAF,2017-03,shared,trucks,KZN,249,vehicles,NewVehicleRegistration-2018-03.pdf
ZAF,2017-03,shared,trucks,LP,112,vehicles,NewVehicleRegistration-2018-03.pdf
ZAF,2017-03,shared,trucks,MP,223,vehicles,NewVehicleRegistration-2018-03.pdf
ZAF,2017-03,shared,trucks,NC,26,vehicles,NewVehicleRegistration-2018-03.pdf
ZAF,2017-03,shared,trucks,NW,77,vehicles,NewVehicleRegistration-2018-03.pdf
ZAF,2017-03,shared,trucks,WC,210,vehicles,NewVehicleRegistration-2018-03.pdf
ZAF,2017-03,shared,trucks,ZAF,1793,vehicles,NewVehicleRegistration-2018-03.pdf
ZAF,2017-04,shared,buses,EC,7,vehicles,NewVehicleRegistration-2018-04.pdf
ZAF,2017-04,shared,buses,FS,33,vehicles,NewVehicleRegistration-2018-04.pdf
ZAF,2017-04,shared,buses,GP,149,vehicles,NewVehicleRegistration-2018-04.pdf
ZAF,2017-04,shared,buses,KZN,34,vehicles,NewVehicleRegistration-2018-04.pdf
ZAF,2017-04,shared,buses,LP,17,vehicles,NewVehicleRegistration-2018-04.pdf
ZAF,2017-04,shared,buses,MP,37,vehicles,NewVehicleRegistration-2018-04.pdf
ZAF,2017-04,shared,buses,NC,5,vehicles,NewVehicleRegistration-2018-04.pdf
ZAF,2017-04,shared,buses,NW,8,vehicles,NewVehicleRegistration-2018-04.pdf
ZAF,2017-04,shared,buses,WC,21,vehicles,NewVehicleRegistration-2018-04.pdf
ZAF,2017-04,shared,buses,ZAF,311,vehicles,NewVehicleRegistration-2018-04.pdf
ZAF,2017-04,shared,cars,EC,1187,vehicles,NewVehicleRegistration-2018-04.pdf
ZAF,2017-04,shared,cars,FS,630,vehicles,NewVehicleRegistration-2018-04.pdf
ZAF,2017-04,shared,cars,GP,10518,vehicles,NewVehicleRegistration-2018-04.pdf
ZAF,2017-04,shared,cars,KZN,3270,vehicles,NewVehicleRegistration-2018-04.pdf
ZAF,2017-04,shared,cars,LP,740,vehicles,NewVehicleRegistration-2018-04.pdf
ZAF,2017-04,shared,cars,MP,960,vehicles,NewVehicleRegistration-2018-04.pdf
ZAF,2017-04,shared,cars,NC,268,vehicles,NewVehicleRegistration-2018-04.pdf
ZAF,2017-04,shared,cars,NW,561,vehicles,NewVehicleRegistration-2018-04.pdf
ZAF,2017-04,shared,cars,WC,2395,vehicles,NewVehicleRegistration-2018-04.pdf
ZAF,2017-04,shared,cars,ZAF,20529,vehicles,NewVehicleRegistration-2018-04.pdf
ZAF,2017-04,shared,light_commercial,EC,619,vehicles,NewVehicleRegistration-2018-04.pdf
ZAF,2017-04,shared,light_commercial,FS,356,vehicles,NewVehicleRegistration-2018-04.pdf
ZAF,2017-04,shared,light_commercial,GP,3886,vehicles,NewVehicleRegistration-2018-04.pdf
ZAF,2017-04,shared,light_commercial,KZN,1346,vehicles,NewVehicleRegistration-2018-04.pdf
ZAF,2017-04,shared,light_commercial,LP,472,vehicles,NewVehicleRegistration-2018-04.pdf
ZAF,2017-04,shared,light_commercial,MP,657,vehicles,NewVehicleRegistration-2018-04.pdf
ZAF,2017-04,shared,light_commercial,NC,192,vehicles,NewVehicleRegistration-2018-04.pdf
ZAF,2017-04,shared,light_commercial,NW,349,vehicles,NewVehicleRegistration-2018-04.pdf
ZAF,2017-04,shared,light_commercial,WC,938,vehicles,NewVehicleRegistration-2018-04.pdf
ZAF,2017-04,shared,light_commercial,ZAF,8815,vehicles,NewVehicleRegistration-2018-04.pdf
ZAF,2017-04,shared,minibuses,EC,89,vehicles,NewVehicleRegistration-2018-04.pdf
ZAF,2017-04,shared,minibuses,FS,33,vehicles,NewVehicleRegistration-2018-04.pdf
ZAF,2017-04,shared,minibuses,GP,532,vehicles,NewVehicleRegistration-2018-04.pdf
ZAF,2017-04,shared,minibuses,KZN,183,vehicles,NewVehicleRegistration-2018-04.pdf
ZAF,2017-04,shared,minibuses,LP,101,vehicles,NewVehicleRegistration-2018-04.pdf
ZAF,2017-04,shared,minibuses,MP,121,vehicles,NewVehicleRegistration-2018-04.pdf
ZAF,2017-04,shared,minibuses,NC,19,vehicles,NewVehicleRegistration-2018-04.pdf
ZAF,2017-04,shared,minibuses,NW,55,vehicles,NewVehicleRegistration-2018-04.pdf
ZAF,2017-04,shared,minibuses,WC,115,vehicles,NewVehicleRegistration-2018-04.pdf
ZAF,2017-04,shared,minibuses,ZAF,1248,vehicles,NewVehicleRegistration-2018-04.pdf
ZAF,2017-04,shared,motorcycles,EC,48,vehicles,NewVehicleRegistration-2018-04.pdf
ZAF,2017-04,shared,motorcycles,FS,68,vehicles,NewVehicleRegistration-2018-04.pdf
ZAF,2017-04,shared,motorcycles,GP,650,vehicles,NewVehicleRegistration-2018-04.pdf
ZAF,2017-04,shared,motorcycles,KZN,103,vehicles,NewVehicleRegistration-2018-04.pdf
ZAF,2017-04,shared,motorcycles,LP,29,vehicles,NewVehicleRegistration-2018-04.pdf
ZAF,2017-04,shared,motorcycles,MP,48,vehicles,NewVehicleRegistration-2018-04.pdf
ZAF,2017-04,shared,motorcycles,NC,16,vehicles,NewVehicleRegistration-2018-04.pdf
ZAF,2017-04,shared,motorcycles,NW,24,vehicles,NewVehicleRegistration-2018-04.pdf
ZAF,2017-04,shared,motorcycles,WC,178,vehicles,NewVehicleRegistration-2018-04.pdf
ZAF,2017-04,shared,motorcycles,ZAF,1164,vehicles,NewVehicleRegistration-2018-04.pdf
ZAF,2017-04,shared,other_self_propelled,EC,56,vehicles,NewVehicleRegistration-2018-04.pdf
ZAF,2017-04,shared,other_self_propelled,FS,60,vehicles,NewVehicleRegistration-2018-04.pdf
ZAF,2017-04,shared,other_self_propelled,GP,112,vehicles,NewVehicleRegistration-2018-04.pdf
ZAF,2017-04,shared,other_self_propelled,KZN,102,vehicles,NewVehicleRegistration-2018-04.pdf
ZAF,2017-04,shared,other_self_propelled,LP,43,vehicles,NewVehicleRegistration-2018-04.pdf
ZAF,2017-04,shared,other_self_propelled,MP,45,vehicles,NewVehicleRegistration-2018-04.pdf
ZAF,2017-04,shared,other_self_propelled,NC,17,vehicles,NewVehicleRegistration-2018-04.pdf
ZAF,2017-04,shared,other_self_propelled,NW,29,vehicles,NewVehicleRegistration-2018-04.pdf
ZAF,2017-04,shared,other_self_propelled,WC,81,vehicles,NewVehicleRegistration-2018-04.pdf
ZAF,2017-04,shared,other_self_propelled,ZAF,545,vehicles,NewVehicleRegistration-2018-04.pdf
ZAF,2017-04,shared,total_self_propelled,EC,2051,vehicles,NewVehicleRegistration-2018-04.pdf
ZAF,2017-04,shared,total_self_propelled,FS,1255,vehicles,NewVehicleRegistration-2018-04.pdf
ZAF,2017-04,shared,total_self_propelled,GP,16475,vehicles,NewVehicleRegistration-2018-04.pdf
ZAF,2017-04,shared,total_self_propelled,KZN,5215,vehicles,NewVehicleRegistration-2018-04.pdf
ZAF,2017-04,shared,total_self_propelled,LP,1449,vehicles,NewVehicleRegistration-2018-04.pdf
ZAF,2017-04,shared,total_self_propelled,MP,2088,vehicles,NewVehicleRegistration-2018-04.pdf
ZAF,2017-04,shared,total_self_propelled,NC,539,vehicles,NewVehicleRegistration-2018-04.pdf
ZAF,2017-04,shared,total_self_propelled,NW,1050,vehicles,NewVehicleRegistration-2018-04.pdf
ZAF,2017-04,shared,total_self_propelled,WC,3890,vehicles,NewVehicleRegistration-2018-04.pdf
ZAF,2017-04,shared,total_self_propelled,ZAF,34012,vehicles,NewVehicleRegistration-2018-04.pdf
ZAF,2017-04,shared,trucks,EC,45,vehicles,NewVehicleRegistration-2018-04.pdf
ZAF,2017-04,shared,trucks,FS,75,vehicles,NewVehicleRegistration-2018-04.pdf
ZAF,2017-04,shared,trucks,GP,628,vehicles,NewVehicleRegistration-2018-04.pdf
ZAF,2017-04,shared,trucks,KZN,177,vehicles,NewVehicleRegistration-2018-04.pdf
ZAF,2017-04,shared,trucks,LP,47,vehicles,NewVehicleRegistration-2018-04.pdf
ZAF,2017-04,shared,trucks,MP,220,vehicles,NewVehicleRegistration-2018-04.pdf
ZAF,2017-04,shared,trucks,NC,22,vehicles,NewVehicleRegistration-2018-04.pdf
ZAF,2017-04,shared,trucks,NW,24,vehicles,NewVehicleRegistration-2018-04.pdf
ZAF,2017-04,shared,trucks,WC,162,vehicles,NewVehicleRegistration-2018-04.pdf
ZAF,2017-04,shared,trucks,ZAF,1400,vehicles,NewVehicleRegistration-2018-04.pdf
ZAF,2017-05,shared,buses,EC,12,vehicles,NewVehicleRegistration-2018-05.pdf
ZAF,2017-05,shared,buses,FS,10,vehicles,NewVehicleRegistration-2018-05.pdf
ZAF,2017-05,shared,buses,GP,80,vehicles,NewVehicleRegistration-2018-05.pdf
ZAF,2017-05,shared,buses,KZN,40,vehicles,NewVehicleRegistration-2018-05.pdf
ZAF,2017-05,shared,buses,LP,13,vehicles,NewVehicleRegistration-2018-05.pdf
ZAF,2017-05,shared,buses,MP,56,vehicles,NewVehicleRegistration-2018-05.pdf
ZAF,2017-05,shared,buses,NC,9,vehicles,NewVehicleRegistration-2018-05.pdf
ZAF,2017-05,shared,buses,NW,7,vehicles,NewVehicleRegistration-2018-05.pdf
ZAF,2017-05,shared,buses,WC,38,vehicles,NewVehicleRegistration-2018-05.pdf
ZAF,2017-05,shared,buses,ZAF,265,vehicles,NewVehicleRegistration-2018-05.pdf
ZAF,2017-05,shared,cars,EC,1564,vehicles,NewVehicleRegistration-2018-05.pdf
ZAF,2017-05,shared,cars,FS,689,vehicles,NewVehicleRegistration-2018-05.pdf
ZAF,2017-05,shared,cars,GP,12222,vehicles,NewVehicleRegistration-2018-05.pdf
ZAF,2017-05,shared,cars,KZN,3925,vehicles,NewVehicleRegistration-2018-05.pdf
ZAF,2017-05,shared,cars,LP,983,vehicles,NewVehicleRegistration-2018-05.pdf
ZAF,2017-05,shared,cars,MP,1172,vehicles,NewVehicleRegistration-2018-05.pdf
ZAF,2017-05,shared,cars,NC,338,vehicles,NewVehicleRegistration-2018-05.pdf
ZAF,2017-05,shared,cars,NW,795,vehicles,NewVehicleRegistration-2018-05.pdf
ZAF,2017-05,shared,cars,WC,3157,vehicles,NewVehicleRegistration-2018-05.pdf
ZAF,2017-05,shared,cars,ZAF,24845,vehicles,NewVehicleRegistration-2018-05.pdf
ZAF,2017-05,shared,light_commercial,EC,900,vehicles,NewVehicleRegistration-2018-05.pdf
ZAF,2017-05,shared,light_commercial,FS,530,vehicles,NewVehicleRegistration-2018-05.pdf
ZAF,2017-05,shared,light_commercial,GP,4756,vehicles,NewVehicleRegistration-2018-05.pdf
ZAF,2017-05,shared,light_commercial,KZN,1562,vehicles,NewVehicleRegistration-2018-05.pdf
ZAF,2017-05,shared,light_commercial,LP,757,vehicles,NewVehicleRegistration-2018-05.pdf
ZAF,2017-05,shared,light_commercial,MP,864,vehicles,NewVehicleRegistration-2018-05.pdf
ZAF,2017-05,shared,light_commercial,NC,360,vehicles,NewVehicleRegistration-2018-05.pdf
ZAF,2017-05,shared,light_commercial,NW,537,vehicles,NewVehicleRegistration-2018-05.pdf
ZAF,2017-05,shared,light_commercial,WC,1390,vehicles,NewVehicleRegistration-2018-05.pdf
ZAF,2017-05,shared,light_commercial,ZAF,11656,vehicles,NewVehicleRegistration-2018-05.pdf
ZAF,2017-05,shared,minibuses,EC,116,vehicles,NewVehicleRegistration-2018-05.pdf
ZAF,2017-05,shared,minibuses,FS,22,vehicles,NewVehicleRegistration-2018-05.pdf
ZAF,2017-05,shared,minibuses,GP,706,vehicles,NewVehicleRegistration-2018-05.pdf
ZAF,2017-05,shared,minibuses,KZN,242,vehicles,NewVehicleRegistration-2018-05.pdf
ZAF,2017-05,shared,minibuses,LP,117,vehicles,NewVehicleRegistration-2018-05.pdf
ZAF,2017-05,shared,minibuses,MP,133,vehicles,NewVehicleRegistration-2018-05.pdf
ZAF,2017-05,shared,minibuses,NC,25,vehicles,NewVehicleRegistration-2018-05.pdf
ZAF,2017-05,shared,minibuses,NW,69,vehicles,NewVehicleRegistration-2018-05.pdf
ZAF,2017-05,shared,minibuses,WC,170,vehicles,NewVehicleRegistration-2018-05.pdf
ZAF,2017-05,shared,minibuses,ZAF,1600,vehicles,NewVehicleRegistration-2018-05.pdf
ZAF,2017-05,shared,motorcycles,EC,75,vehicles,NewVehicleRegistration-2018-05.pdf
ZAF,2017-05,shared,motorcycles,FS,65,vehicles,NewVehicleRegistration-2018-05.pdf
ZAF,2017-05,shared,motorcycles,GP,712,vehicles,NewVehicleRegistration-2018-05.pdf
ZAF,2017-05,shared,motorcycles,KZN,130,vehicles,NewVehicleRegistration-2018-05.pdf
ZAF,2017-05,shared,motorcycles,LP,21,vehicles,NewVehicleRegistration-2018-05.pdf
ZAF,2017-05,shared,motorcycles,MP,54,vehicles,NewVehicleRegistration-2018-05.pdf
ZAF,2017-05,shared,motorcycles,NC,12,vehicles,NewVehicleRegistration-2018-05.pdf
ZAF,2017-05,shared,motorcycles,NW,35,vehicles,NewVehicleRegistration-2018-05.pdf
ZAF,2017-05,shared,motorcycles,WC,243,vehicles,NewVehicleRegistration-2018-05.pdf
ZAF,2017-05,shared,motorcycles,ZAF,1347,vehicles,NewVehicleRegistration-2018-05.pdf
ZAF,2017-05,shared,other_self_propelled,EC,86,vehicles,NewVehicleRegistration-2018-05.pdf
ZAF,2017-05,shared,other_self_propelled,FS,91,vehicles,NewVehicleRegistration-2018-05.pdf
ZAF,2017-05,shared,other_self_propelled,GP,164,vehicles,NewVehicleRegistration-2018-05.pdf
ZAF,2017-05,shared,other_self_propelled,KZN,118,vehicles,NewVehicleRegistration-2018-05.pdf
ZAF,2017-05,shared,other_self_propelled,LP,73,vehicles,NewVehicleRegistration-2018-05.pdf
ZAF,2017-05,shared,other_self_propelled,MP,99,vehicles,NewVehicleRegistration-2018-05.pdf
ZAF,2017-05,shared,other_self_propelled,NC,44,vehicles,NewVehicleRegistration-2018-05.pdf
ZAF,2017-05,shared,other_self_propelled,NW,41,vehicles,NewVehicleRegistration-2018-05.pdf
ZAF,2017-05,shared,other_self_propelled,WC,100,vehicles,NewVehicleRegistration-2018-05.pdf
ZAF,2017-05,shared,other_self_propelled,ZAF,816,vehicles,NewVehicleRegistration-2018-05.pdf
ZAF,2017-05,shared,total_self_propelled,EC,2849,vehicles,NewVehicleRegistration-2018-05.pdf
ZAF,2017-05,shared,total_self_propelled,FS,1468,vehicles,NewVehicleRegistration-2018-05.pdf
ZAF,2017-05,shared,total_self_propelled,GP,19411,vehicles,NewVehicleRegistration-2018-05.pdf
ZAF,2017-05,shared,total_self_propelled,KZN,6199,vehicles,NewVehicleRegistration-2018-05.pdf
ZAF,2017-05,shared,total_self_propelled,LP,2032,vehicles,NewVehicleRegistration-2018-05.pdf
ZAF,2017-05,shared,total_self_propelled,MP,2615,vehicles,NewVehicleRegistration-2018-05.pdf
ZAF,2017-05,shared,total_self_propelled,NC,824,vehicles,NewVehicleRegistration-2018-05.pdf
ZAF,2017-05,shared,total_self_propelled,NW,1550,vehicles,NewVehicleRegistration-2018-05.pdf
ZAF,2017-05,shared,total_self_propelled,WC,5334,vehicles,NewVehicleRegistration-2018-05.pdf
ZAF,2017-05,shared,total_self_propelled,ZAF,42282,vehicles,NewVehicleRegistration-2018-05.pdf
ZAF,2017-05,shared,trucks,EC,96,vehicles,NewVehicleRegistration-2018-05.pdf
ZAF,2017-05,shared,trucks,FS,61,vehicles,NewVehicleRegistration-2018-05.pdf
ZAF,2017-05,shared,trucks,GP,771,vehicles,NewVehicleRegistration-2018-05.pdf
ZAF,2017-05,shared,trucks,KZN,182,vehicles,NewVehicleRegistration-2018-05.pdf
ZAF,2017-05,shared,trucks,LP,68,vehicles,NewVehicleRegistration-2018-05.pdf
ZAF,2017-05,shared,trucks,MP,237,vehicles,NewVehicleRegistration-2018-05.pdf
ZAF,2017-05,shared,trucks,NC,36,vehicles,NewVehicleRegistration-2018-05.pdf
ZAF,2017-05,shared,trucks,NW,66,vehicles,NewVehicleRegistration-2018-05.pdf
ZAF,2017-05,shared,trucks,WC,236,vehicles,NewVehicleRegistration-2018-05.pdf
ZAF,2017-05,shared,trucks,ZAF,1753,vehicles,NewVehicleRegistration-2018-05.pdf
ZAF,2017-06,shared,buses,EC,16,vehicles,NewVehicleRegistration-2018-06.pdf
ZAF,2017-06,shared,buses,FS,5,vehicles,NewVehicleRegistration-2018-06.pdf
ZAF,2017-06,shared,buses,GP,106,vehicles,NewVehicleRegistration-2018-06.pdf
ZAF,2017-06,shared,buses,KZN,33,vehicles,NewVehicleRegistration-2018-06.pdf
ZAF,2017-06,shared,buses,LP,19,vehicles,NewVehicleRegistration-2018-06.pdf
ZAF,2017-06,shared,buses,MP,44,vehicles,NewVehicleRegistration-2018-06.pdf
ZAF,2017-06,shared,buses,NC,8,vehicles,NewVehicleRegistration-2018-06.pdf
ZAF,2017-06,shared,buses,NW,7,vehicles,NewVehicleRegistration-2018-06.pdf
ZAF,2017-06,shared,buses,WC,18,vehicles,NewVehicleRegistration-2018-06.pdf
ZAF,2017-06,shared,buses,ZAF,256,vehicles,NewVehicleRegistration-2018-06.pdf
ZAF,2017-06,shared,cars,EC,1664,vehicles,NewVehicleRegistration-2018-06.pdf
ZAF,2017-06,shared,cars,FS,749,vehicles,NewVehicleRegistration-2018-06.pdf
ZAF,2017-06,shared,cars,GP,14580,vehicles,NewVehicleRegistration-2018-06.pdf
ZAF,2017-06,shared,cars,KZN,4818,vehicles,NewVehicleRegistration-2018-06.pdf
ZAF,2017-06,shared,cars,LP,946,vehicles,NewVehicleRegistration-2018-06.pdf
ZAF,2017-06,shared,cars,MP,1047,vehicles,NewVehicleRegistration-2018-06.pdf
ZAF,2017-06,shared,cars,NC,290,vehicles,NewVehicleRegistration-2018-06.pdf
ZAF,2017-06,shared,cars,NW,741,vehicles,NewVehicleRegistration-2018-06.pdf
ZAF,2017-06,shared,cars,WC,3060,vehicles,NewVehicleRegistration-2018-06.pdf
ZAF,2017-06,shared,cars,ZAF,27895,vehicles,NewVehicleRegistration-2018-06.pdf
ZAF,2017-06,shared,light_commercial,EC,877,vehicles,NewVehicleRegistration-2018-06.pdf
ZAF,2017-06,shared,light_commercial,FS,553,vehicles,NewVehicleRegistration-2018-06.pdf
ZAF,2017-06,shared,light_commercial,GP,4478,vehicles,NewVehicleRegistration-2018-06.pdf
ZAF,2017-06,shared,light_commercial,KZN,1643,vehicles,NewVehicleRegistration-2018-06.pdf
ZAF,2017-06,shared,light_commercial,LP,704,vehicles,NewVehicleRegistration-2018-06.pdf
ZAF,2017-06,shared,light_commercial,MP,913,vehicles,NewVehicleRegistration-2018-06.pdf
ZAF,2017-06,shared,light_commercial,NC,312,vehicles,NewVehicleRegistration-2018-06.pdf
ZAF,2017-06,shared,light_commercial,NW,495,vehicles,NewVehicleRegistration-2018-06.pdf
ZAF,2017-06,shared,light_commercial,WC,1345,vehicles,NewVehicleRegistration-2018-06.pdf
ZAF,2017-06,shared,light_commercial,ZAF,11320,vehicles,NewVehicleRegistration-2018-06.pdf
ZAF,2017-06,shared,minibuses,EC,136,vehicles,NewVehicleRegistration-2018-06.pdf
ZAF,2017-06,shared,minibuses,FS,28,vehicles,NewVehicleRegistration-2018-06.pdf
ZAF,2017-06,shared,minibuses,GP,738,vehicles,NewVehicleRegistration-2018-06.pdf
ZAF,2017-06,shared,minibuses,KZN,227,vehicles,NewVehicleRegistration-2018-06.pdf
ZAF,2017-06,shared,minibuses,LP,112,vehicles,NewVehicleRegistration-2018-06.pdf
ZAF,2017-06,shared,minibuses,MP,174,vehicles,NewVehicleRegistration-2018-06.pdf
ZAF,2017-06,shared,minibuses,NC,26,vehicles,NewVehicleRegistration-2018-06.pdf
ZAF,2017-06,shared,minibuses,NW,56,vehicles,NewVehicleRegistration-2018-06.pdf
ZAF,2017-06,shared,minibuses,WC,195,vehicles,NewVehicleRegistration-2018-06.pdf
ZAF,2017-06,shared,minibuses,ZAF,1692,vehicles,NewVehicleRegistration-2018-06.pdf
ZAF,2017-06,shared,motorcycles,EC,61,vehicles,NewVehicleRegistration-2018-06.pdf
ZAF,2017-06,shared,motorcycles,FS,56,vehicles,NewVehicleRegistration-2018-06.pdf
ZAF,2017-06,shared,motorcycles,GP,701,vehicles,NewVehicleRegistration-2018-06.pdf
ZAF,2017-06,shared,motorcycles,KZN,132,vehicles,NewVehicleRegistration-2018-06.pdf
ZAF,2017-06,shared,motorcycles,LP,26,vehicles,NewVehicleRegistration-2018-06.pdf
ZAF,2017-06,shared,motorcycles,MP,62,vehicles,NewVehicleRegistration-2018-06.pdf
ZAF,2017-06,shared,motorcycles,NC,26,vehicles,NewVehicleRegistration-2018-06.pdf
ZAF,2017-06,shared,motorcycles,NW,28,vehicles,NewVehicleRegistration-2018-06.pdf
ZAF,2017-06,shared,motorcycles,WC,209,vehicles,NewVehicleRegistration-2018-06.pdf
ZAF,2017-06,shared,motorcycles,ZAF,1301,vehicles,NewVehicleRegistration-2018-06.pdf
ZAF,2017-06,shared,other_self_propelled,EC,71,vehicles,NewVehicleRegistration-2018-06.pdf
ZAF,2017-06,shared,other_self_propelled,FS,94,vehicles,NewVehicleRegistration-2018-06.pdf
ZAF,2017-06,shared,other_self_propelled,GP,168,vehicles,NewVehicleRegistration-2018-06.pdf
ZAF,2017-06,shared,other_self_propelled,KZN,113,vehicles,NewVehicleRegistration-2018-06.pdf
ZAF,2017-06,shared,other_self_propelled,LP,67,vehicles,NewVehicleRegistration-2018-06.pdf
ZAF,2017-06,shared,other_self_propelled,MP,120,vehicles,NewVehicleRegistration-2018-06.pdf
ZAF,2017-06,shared,other_self_propelled,NC,56,vehicles,NewVehicleRegistration-2018-06.pdf
ZAF,2017-06,shared,other_self_propelled,NW,67,vehicles,NewVehicleRegistration-2018-06.pdf
ZAF,2017-06,shared,other_self_propelled,WC,122,vehicles,NewVehicleRegistration-2018-06.pdf
ZAF,2017-06,shared,other_self_propelled,ZAF,878,vehicles,NewVehicleRegistration-2018-06.pdf
ZAF,2017-06,shared,total_self_propelled,EC,2923,vehicles,NewVehicleRegistration-2018-06.pdf
ZAF,2017-06,shared,total_self_propelled,FS,1591,vehicles,NewVehicleRegistration-2018-06.pdf
ZAF,2017-06,shared,total_self_propelled,GP,21450,vehicles,NewVehicleRegistration-2018-06.pdf
ZAF,2017-06,shared,total_self_propelled,KZN,7191,vehicles,NewVehicleRegistration-2018-06.pdf
ZAF,2017-06,shared,total_self_propelled,LP,1936,vehicles,NewVehicleRegistration-2018-06.pdf
ZAF,2017-06,shared,total_self_propelled,MP,2581,vehicles,NewVehicleRegistration-2018-06.pdf
ZAF,2017-06,shared,total_self_propelled,NC,744,vehicles,NewVehicleRegistration-2018-06.pdf
ZAF,2017-06,shared,total_self_propelled,NW,1446,vehicles,NewVehicleRegistration-2018-06.pdf
ZAF,2017-06,shared,total_self_propelled,WC,5124,vehicles,NewVehicleRegistration-2018-06.pdf
ZAF,2017-06,shared,total_self_propelled,ZAF,44986,vehicles,NewVehicleRegistration-2018-06.pdf
ZAF,2017-06,shared,trucks,EC,98,vehicles,NewVehicleRegistration-2018-06.pdf
ZAF,2017-06,shared,trucks,FS,106,vehicles,NewVehicleRegistration-2018-06.pdf
ZAF,2017-06,shared,trucks,GP,679,vehicles,NewVehicleRegistration-2018-06.pdf
ZAF,2017-06,shared,trucks,KZN,225,vehicles,NewVehicleRegistration-2018-06.pdf
ZAF,2017-06,shared,trucks,LP,62,vehicles,NewVehicleRegistration-2018-06.pdf
ZAF,2017-06,shared,trucks,MP,221,vehicles,NewVehicleRegistration-2018-06.pdf
ZAF,2017-06,shared,trucks,NC,26,vehicles,NewVehicleRegistration-2018-06.pdf
ZAF,2017-06,shared,trucks,NW,52,vehicles,NewVehicleRegistration-2018-06.pdf
ZAF,2017-06,shared,trucks,WC,175,vehicles,NewVehicleRegistration-2018-06.pdf
ZAF,2017-06,shared,trucks,ZAF,1644,vehicles,NewVehicleRegistration-2018-06.pdf
ZAF,2017-07,shared,buses,EC,5,vehicles,NewVehicleRegistration-2017-07.pdf
ZAF,2017-07,shared,buses,FS,10,vehicles,NewVehicleRegistration-2017-07.pdf
ZAF,2017-07,shared,buses,GP,90,vehicles,NewVehicleRegistration-2017-07.pdf
ZAF,2017-07,shared,buses,KZN,59,vehicles,NewVehicleRegistration-2017-07.pdf
ZAF,2017-07,shared,buses,LP,24,vehicles,NewVehicleRegistration-2017-07.pdf
ZAF,2017-07,shared,buses,MP,36,vehicles,NewVehicleRegistration-2017-07.pdf
ZAF,2017-07,shared,buses,NC,4,vehicles,NewVehicleRegistration-2017-07.pdf
ZAF,2017-07,shared,buses,NW,10,vehicles,NewVehicleRegistration-2017-07.pdf
ZAF,2017-07,shared,buses,WC,19,vehicles,NewVehicleRegistration-2017-07.pdf
ZAF,2017-07,shared,buses,ZAF,257,vehicles,NewVehicleRegistration-2017-07.pdf
ZAF,2017-07,shared,cars,EC,1320,vehicles,NewVehicleRegistration-2017-07.pdf
ZAF,2017-07,shared,cars,FS,741,vehicles,NewVehicleRegistration-2017-07.pdf
ZAF,2017-07,shared,cars,GP,15931,vehicles,NewVehicleRegistration-2017-07.pdf
ZAF,2017-07,shared,cars,KZN,4320,vehicles,NewVehicleRegistration-2017-07.pdf
ZAF,2017-07,shared,cars,LP,910,vehicles,NewVehicleRegistration-2017-07.pdf
ZAF,2017-07,shared,cars,MP,1102,vehicles,NewVehicleRegistration-2017-07.pdf
ZAF,2017-07,shared,cars,NC,248,vehicles,NewVehicleRegistration-2017-07.pdf
ZAF,2017-07,shared,cars,NW,667,vehicles,NewVehicleRegistration-2017-07.pdf
ZAF,2017-07,shared,cars,WC,3311,vehicles,NewVehicleRegistration-2017-07.pdf
ZAF,2017-07,shared,cars,ZAF,28550,vehicles,NewVehicleRegistration-2017-07.pdf
ZAF,2017-07,shared,light_commercial,EC,761,vehicles,NewVehicleRegistration-2017-07.pdf
ZAF,2017-07,shared,light_commercial,FS,504,vehicles,NewVehicleRegistration-2017-07.pdf
ZAF,2017-07,shared,light_commercial,GP,4486,vehicles,NewVehicleRegistration-2017-07.pdf
ZAF,2017-07,shared,light_commercial,KZN,1472,vehicles,NewVehicleRegistration-2017-07.pdf
ZAF,2017-07,shared,light_commercial,LP,664,vehicles,NewVehicleRegistration-2017-07.pdf
ZAF,2017-07,shared,light_commercial,MP,826,vehicles,NewVehicleRegistration-2017-07.pdf
ZAF,2017-07,shared,light_commercial,NC,222,vehicles,NewVehicleRegistration-2017-07.pdf
ZAF,2017-07,shared,light_commercial,NW,489,vehicles,NewVehicleRegistration-2017-07.pdf
ZAF,2017-07,shared,light_commercial,WC,1314,vehicles,NewVehicleRegistration-2017-07.pdf
ZAF,2017-07,shared,light_commercial,ZAF,10738,vehicles,NewVehicleRegistration-2017-07.pdf
ZAF,2017-07,shared,minibuses,EC,125,vehicles,NewVehicleRegistration-2017-07.pdf
ZAF,2017-07,shared,minibuses,FS,36,vehicles,NewVehicleRegistration-2017-07.pdf
ZAF,2017-07,shared,minibuses,GP,958,vehicles,NewVehicleRegistration-2017-07.pdf
ZAF,2017-07,shared,minibuses,KZN,251,vehicles,NewVehicleRegistration-2017-07.pdf
ZAF,2017-07,shared,minibuses,LP,109,vehicles,NewVehicleRegistration-2017-07.pdf
ZAF,2017-07,shared,minibuses,MP,106,vehicles,NewVehicleRegistration-2017-07.pdf
ZAF,2017-07,shared,minibuses,NC,31,vehicles,NewVehicleRegistration-2017-07.pdf
ZAF,2017-07,shared,minibuses,NW,66,vehicles,NewVehicleRegistration-2017-07.pdf
ZAF,2017-07,shared,minibuses,WC,189,vehicles,NewVehicleRegistration-2017-07.pdf
ZAF,2017-07,shared,minibuses,ZAF,1871,vehicles,NewVehicleRegistration-2017-07.pdf
ZAF,2017-07,shared,motorcycles,EC,63,vehicles,NewVehicleRegistration-2017-07.pdf
ZAF,2017-07,shared,motorcycles,FS,56,vehicles,NewVehicleRegistration-2017-07.pdf
ZAF,2017-07,shared,motorcycles,GP,636,vehicles,NewVehicleRegistration-2017-07.pdf
ZAF,2017-07,shared,motorcycles,KZN,146,vehicles,NewVehicleRegistration-2017-07.pdf
ZAF,2017-07,shared,motorcycles,LP,23,vehicles,NewVehicleRegistration-2017-07.pdf
ZAF,2017-07,shared,motorcycles,MP,47,vehicles,NewVehicleRegistration-2017-07.pdf
ZAF,2017-07,shared,motorcycles,NC,21,vehicles,NewVehicleRegistration-2017-07.pdf
ZAF,2017-07,shared,motorcycles,NW,31,vehicles,NewVehicleRegistration-2017-07.pdf
ZAF,2017-07,shared,motorcycles,WC,192,vehicles,NewVehicleRegistration-2017-07.pdf
ZAF,2017-07,shared,motorcycles,ZAF,1215,vehicles,NewVehicleRegistration-2017-07.pdf
ZAF,2017-07,shared,other_self_propelled,EC,51,vehicles,NewVehicleRegistration-2017-07.pdf
ZAF,2017-07,shared,other_self_propelled,FS,106,vehicles,NewVehicleRegistration-2017-07.pdf
ZAF,2017-07,shared,other_self_propelled,GP,172,vehicles,NewVehicleRegistration-2017-07.pdf
ZAF,2017-07,shared,other_self_propelled,KZN,108,vehicles,NewVehicleRegistration-2017-07.pdf
ZAF,2017-07,shared,other_self_propelled,LP,46,vehicles,NewVehicleRegistration-2017-07.pdf
ZAF,2017-07,shared,other_self_propelled,MP,104,vehicles,NewVehicleRegistration-2017-07.pdf
ZAF,2017-07,shared,other_self_propelled,NC,50,vehicles,NewVehicleRegistration-2017-07.pdf
ZAF,2017-07,shared,other_self_propelled,NW,31,vehicles,NewVehicleRegistration-2017-07.pdf
ZAF,2017-07,shared,other_self_propelled,WC,108,vehicles,NewVehicleRegistration-2017-07.pdf
ZAF,2017-07,shared,other_self_propelled,ZAF,776,vehicles,NewVehicleRegistration-2017-07.pdf
ZAF,2017-07,shared,total_self_propelled,EC,2439,vehicles,NewVehicleRegistration-2017-07.pdf
ZAF,2017-07,shared,total_self_propelled,FS,1607,vehicles,NewVehicleRegistration-2017-07.pdf
ZAF,2017-07,shared,total_self_propelled,GP,23002,vehicles,NewVehicleRegistration-2017-07.pdf
ZAF,2017-07,shared,total_self_propelled,KZN,6597,vehicles,NewVehicleRegistration-2017-07.pdf
ZAF,2017-07,shared,total_self_propelled,LP,1864,vehicles,NewVehicleRegistration-2017-07.pdf
ZAF,2017-07,shared,total_self_propelled,MP,2486,vehicles,NewVehicleRegistration-2017-07.pdf
ZAF,2017-07,shared,total_self_propelled,NC,604,vehicles,NewVehicleRegistration-2017-07.pdf
ZAF,2017-07,shared,total_self_propelled,NW,1337,vehicles,NewVehicleRegistration-2017-07.pdf
ZAF,2017-07,shared,total_self_propelled,WC,5286,vehicles,NewVehicleRegistration-2017-07.pdf
ZAF,2017-07,shared,total_self_propelled,ZAF,45222,vehicles,NewVehicleRegistration-2017-07.pdf
ZAF,2017-07,shared,trucks,EC,114,vehicles,NewVehicleRegistration-2017-07.pdf
ZAF,2017-07,shared,trucks,FS,154,vehicles,NewVehicleRegistration-2017-07.pdf
ZAF,2017-07,shared,trucks,GP,729,vehicles,NewVehicleRegistration-2017-07.pdf
ZAF,2017-07,shared,trucks,KZN,241,vehicles,NewVehicleRegistration-2017-07.pdf
ZAF,2017-07,shared,trucks,LP,88,vehicles,NewVehicleRegistration-2017-07.pdf
ZAF,2017-07,shared,trucks,MP,265,vehicles,NewVehicleRegistration-2017-07.pdf
ZAF,2017-07,shared,trucks,NC,28,vehicles,NewVehicleRegistration-2017-07.pdf
ZAF,2017-07,shared,trucks,NW,43,vehicles,NewVehicleRegistration-2017-07.pdf
ZAF,2017-07,shared,trucks,WC,153,vehicles,NewVehicleRegistration-2017-07.pdf
ZAF,2017-07,shared,trucks,ZAF,1815,vehicles,NewVehicleRegistration-2017-07.pdf
ZAF,2017-08,shared,buses,EC,15,vehicles,NewVehicleRegistration-2018-08.pdf
ZAF,2017-08,shared,buses,FS,12,vehicles,NewVehicleRegistration-2018-08.pdf
ZAF,2017-08,shared,buses,GP,116,vehicles,NewVehicleRegistration-2018-08.pdf
ZAF,2017-08,shared,buses,KZN,17,vehicles,NewVehicleRegistration-2018-08.pdf
ZAF,2017-08,shared,buses,LP,29,vehicles,NewVehicleRegistration-2018-08.pdf
ZAF,2017-08,shared,buses,MP,61,vehicles,NewVehicleRegistration-2018-08.pdf
ZAF,2017-08,shared,buses,NC,4,vehicles,NewVehicleRegistration-2018-08.pdf
ZAF,2017-08,shared,buses,NW,12,vehicles,NewVehicleRegistration-2018-08.pdf
ZAF,2017-08,shared,buses,WC,17,vehicles,NewVehicleRegistration-2018-08.pdf
ZAF,2017-08,shared,buses,ZAF,283,vehicles,NewVehicleRegistration-2018-08.pdf
ZAF,2017-08,shared,cars,EC,1730,vehicles,NewVehicleRegistration-2018-08.pdf
ZAF,2017-08,shared,cars,FS,912,vehicles,NewVehicleRegistration-2018-08.pdf
ZAF,2017-08,shared,cars,GP,15941,vehicles,NewVehicleRegistration-2018-08.pdf
ZAF,2017-08,shared,cars,KZN,4527,vehicles,NewVehicleRegistration-2018-08.pdf
ZAF,2017-08,shared,cars,LP,894,vehicles,NewVehicleRegistration-2018-08.pdf
ZAF,2017-08,shared,cars,MP,1198,vehicles,NewVehicleRegistration-2018-08.pdf
ZAF,2017-08,shared,cars,NC,306,vehicles,NewVehicleRegistration-2018-08.pdf
ZAF,2017-08,shared,cars,NW,785,vehicles,NewVehicleRegistration-2018-08.pdf
ZAF,2017-08,shared,cars,WC,3684,vehicles,NewVehicleRegistration-2018-08.pdf
ZAF,2017-08,shared,cars,ZAF,29977,vehicles,NewVehicleRegistration-2018-08.pdf
ZAF,2017-08,shared,light_commercial,EC,718,vehicles,NewVehicleRegistration-2018-08.pdf
ZAF,2017-08,shared,light_commercial,FS,563,vehicles,NewVehicleRegistration-2018-08.pdf
ZAF,2017-08,shared,light_commercial,GP,4693,vehicles,NewVehicleRegistration-2018-08.pdf
ZAF,2017-08,shared,light_commercial,KZN,1649,vehicles,NewVehicleRegistration-2018-08.pdf
ZAF,2017-08,shared,light_commercial,LP,662,vehicles,NewVehicleRegistration-2018-08.pdf
ZAF,2017-08,shared,light_commercial,MP,862,vehicles,NewVehicleRegistration-2018-08.pdf
ZAF,2017-08,shared,light_commercial,NC,262,vehicles,NewVehicleRegistration-2018-08.pdf
ZAF,2017-08,shared,light_commercial,NW,575,vehicles,NewVehicleRegistration-2018-08.pdf
ZAF,2017-08,shared,light_commercial,WC,1228,vehicles,NewVehicleRegistration-2018-08.pdf
ZAF,2017-08,shared,light_commercial,ZAF,11212,vehicles,NewVehicleRegistration-2018-08.pdf
ZAF,2017-08,shared,minibuses,EC,143,vehicles,NewVehicleRegistration-2018-08.pdf
ZAF,2017-08,shared,minibuses,FS,41,vehicles,NewVehicleRegistration-2018-08.pdf
ZAF,2017-08,shared,minibuses,GP,811,vehicles,NewVehicleRegistration-2018-08.pdf
ZAF,2017-08,shared,minibuses,KZN,288,vehicles,NewVehicleRegistration-2018-08.pdf
ZAF,2017-08,shared,minibuses,LP,139,vehicles,NewVehicleRegistration-2018-08.pdf
ZAF,2017-08,shared,minibuses,MP,147,vehicles,NewVehicleRegistration-2018-08.pdf
ZAF,2017-08,shared,minibuses,NC,36,vehicles,NewVehicleRegistration-2018-08.pdf
ZAF,2017-08,shared,minibuses,NW,83,vehicles,NewVehicleRegistration-2018-08.pdf
ZAF,2017-08,shared,minibuses,WC,199,vehicles,NewVehicleRegistration-2018-08.pdf
ZAF,2017-08,shared,minibuses,ZAF,1887,vehicles,NewVehicleRegistration-2018-08.pdf
ZAF,2017-08,shared,motorcycles,EC,62,vehicles,NewVehicleRegistration-2018-08.pdf
ZAF,2017-08,shared,motorcycles,FS,73,vehicles,NewVehicleRegistration-2018-08.pdf
ZAF,2017-08,shared,motorcycles,GP,697,vehicles,NewVehicleRegistration-2018-08.pdf
ZAF,2017-08,shared,motorcycles,KZN,148,vehicles,NewVehicleRegistration-2018-08.pdf
ZAF,2017-08,shared,motorcycles,LP,24,vehicles,NewVehicleRegistration-2018-08.pdf
ZAF,2017-08,shared,motorcycles,MP,54,vehicles,NewVehicleRegistration-2018-08.pdf
ZAF,2017-08,shared,motorcycles,NC,18,vehicles,NewVehicleRegistration-2018-08.pdf
ZAF,2017-08,shared,motorcycles,NW,31,vehicles,NewVehicleRegistration-2018-08.pdf
ZAF,2017-08,shared,motorcycles,WC,254,vehicles,NewVehicleRegistration-2018-08.pdf
ZAF,2017-08,shared,motorcycles,ZAF,1361,vehicles,NewVehicleRegistration-2018-08.pdf
ZAF,2017-08,shared,other_self_propelled,EC,112,vehicles,NewVehicleRegistration-2018-08.pdf
ZAF,2017-08,shared,other_self_propelled,FS,131,vehicles,NewVehicleRegistration-2018-08.pdf
ZAF,2017-08,shared,other_self_propelled,GP,124,vehicles,NewVehicleRegistration-2018-08.pdf
ZAF,2017-08,shared,other_self_propelled,KZN,115,vehicles,NewVehicleRegistration-2018-08.pdf
ZAF,2017-08,shared,other_self_propelled,LP,86,vehicles,NewVehicleRegistration-2018-08.pdf
ZAF,2017-08,shared,other_self_propelled,MP,128,vehicles,NewVehicleRegistration-2018-08.pdf
ZAF,2017-08,shared,other_self_propelled,NC,41,vehicles,NewVehicleRegistration-2018-08.pdf
ZAF,2017-08,shared,other_self_propelled,NW,64,vehicles,NewVehicleRegistration-2018-08.pdf
ZAF,2017-08,shared,other_self_propelled,WC,70,vehicles,NewVehicleRegistration-2018-08.pdf
ZAF,2017-08,shared,other_self_propelled,ZAF,871,vehicles,NewVehicleRegistration-2018-08.pdf
ZAF,2017-08,shared,total_self_propelled,EC,2895,vehicles,NewVehicleRegistration-2018-08.pdf
ZAF,2017-08,shared,total_self_propelled,FS,1835,vehicles,NewVehicleRegistration-2018-08.pdf
ZAF,2017-08,shared,total_self_propelled,GP,23127,vehicles,NewVehicleRegistration-2018-08.pdf
ZAF,2017-08,shared,total_self_propelled,KZN,7011,vehicles,NewVehicleRegistration-2018-08.pdf
ZAF,2017-08,shared,total_self_propelled,LP,1910,vehicles,NewVehicleRegistration-2018-08.pdf
ZAF,2017-08,shared,total_self_propelled,MP,2681,vehicles,NewVehicleRegistration-2018-08.pdf
ZAF,2017-08,shared,total_self_propelled,NC,697,vehicles,NewVehicleRegistration-2018-08.pdf
ZAF,2017-08,shared,total_self_propelled,NW,1626,vehicles,NewVehicleRegistration-2018-08.pdf
ZAF,2017-08,shared,total_self_propelled,WC,5625,vehicles,NewVehicleRegistration-2018-08.pdf
ZAF,2017-08,shared,total_self_propelled,ZAF,47407,vehicles,NewVehicleRegistration-2018-08.pdf
ZAF,2017-08,shared,trucks,EC,115,vehicles,NewVehicleRegistration-2018-08.pdf
ZAF,2017-08,shared,trucks,FS,103,vehicles,NewVehicleRegistration-2018-08.pdf
ZAF,2017-08,shared,trucks,GP,745,vehicles,NewVehicleRegistration-2018-08.pdf
ZAF,2017-08,shared,trucks,KZN,267,vehicles,NewVehicleRegistration-2018-08.pdf
ZAF,2017-08,shared,trucks,LP,76,vehicles,NewVehicleRegistration-2018-08.pdf
ZAF,2017-08,shared,trucks,MP,231,vehicles,NewVehicleRegistration-2018-08.pdf
ZAF,2017-08,shared,trucks,NC,30,vehicles,NewVehicleRegistration-2018-08.pdf
ZAF,2017-08,shared,trucks,NW,76,vehicles,NewVehicleRegistration-2018-08.pdf
ZAF,2017-08,shared,trucks,WC,173,vehicles,NewVehicleRegistration-2018-08.pdf
ZAF,2017-08,shared,trucks,ZAF,1816,vehicles,NewVehicleRegistration-2018-08.pdf
ZAF,2017-09,shared,buses,EC,9,vehicles,NewVehicleRegistration-2018-09.pdf
ZAF,2017-09,shared,buses,FS,7,vehicles,NewVehicleRegistration-2018-09.pdf
ZAF,2017-09,shared,buses,GP,128,vehicles,NewVehicleRegistration-2018-09.pdf
ZAF,2017-09,shared,buses,KZN,43,vehicles,NewVehicleRegistration-2018-09.pdf
ZAF,2017-09,shared,buses,LP,23,vehicles,NewVehicleRegistration-2018-09.pdf
ZAF,2017-09,shared,buses,MP,33,vehicles,NewVehicleRegistration-2018-09.pdf
ZAF,2017-09,shared,buses,NC,4,vehicles,NewVehicleRegistration-2018-09.pdf
ZAF,2017-09,shared,buses,NW,18,vehicles,NewVehicleRegistration-2018-09.pdf
ZAF,2017-09,shared,buses,WC,26,vehicles,NewVehicleRegistration-2018-09.pdf
ZAF,2017-09,shared,buses,ZAF,291,vehicles,NewVehicleRegistration-2018-09.pdf
ZAF,2017-09,shared,cars,EC,1783,vehicles,NewVehicleRegistration-2018-09.pdf
ZAF,2017-09,shared,cars,FS,778,vehicles,NewVehicleRegistration-2018-09.pdf
ZAF,2017-09,shared,cars,GP,16335,vehicles,NewVehicleRegistration-2018-09.pdf
ZAF,2017-09,shared,cars,KZN,4704,vehicles,NewVehicleRegistration-2018-09.pdf
ZAF,2017-09,shared,cars,LP,853,vehicles,NewVehicleRegistration-2018-09.pdf
ZAF,2017-09,shared,cars,MP,1124,vehicles,NewVehicleRegistration-2018-09.pdf
ZAF,2017-09,shared,cars,NC,276,vehicles,NewVehicleRegistration-2018-09.pdf
ZAF,2017-09,shared,cars,NW,760,vehicles,NewVehicleRegistration-2018-09.pdf
ZAF,2017-09,shared,cars,WC,4127,vehicles,NewVehicleRegistration-2018-09.pdf
ZAF,2017-09,shared,cars,ZAF,30740,vehicles,NewVehicleRegistration-2018-09.pdf
ZAF,2017-09,shared,light_commercial,EC,702,vehicles,NewVehicleRegistration-2018-09.pdf
ZAF,2017-09,shared,light_commercial,FS,502,vehicles,NewVehicleRegistration-2018-09.pdf
ZAF,2017-09,shared,light_commercial,GP,4477,vehicles,NewVehicleRegistration-2018-09.pdf
ZAF,2017-09,shared,light_commercial,KZN,1555,vehicles,NewVehicleRegistration-2018-09.pdf
ZAF,2017-09,shared,light_commercial,LP,560,vehicles,NewVehicleRegistration-2018-09.pdf
ZAF,2017-09,shared,light_commercial,MP,742,vehicles,NewVehicleRegistration-2018-09.pdf
ZAF,2017-09,shared,light_commercial,NC,265,vehicles,NewVehicleRegistration-2018-09.pdf
ZAF,2017-09,shared,light_commercial,NW,435,vehicles,NewVehicleRegistration-2018-09.pdf
ZAF,2017-09,shared,light_commercial,WC,1182,vehicles,NewVehicleRegistration-2018-09.pdf
ZAF,2017-09,shared,light_commercial,ZAF,10420,vehicles,NewVehicleRegistration-2018-09.pdf
ZAF,2017-09,shared,minibuses,EC,175,vehicles,NewVehicleRegistration-2018-09.pdf
ZAF,2017-09,shared,minibuses,FS,35,vehicles,NewVehicleRegistration-2018-09.pdf
ZAF,2017-09,shared,minibuses,GP,907,vehicles,NewVehicleRegistration-2018-09.pdf
ZAF,2017-09,shared,minibuses,KZN,301,vehicles,NewVehicleRegistration-2018-09.pdf
ZAF,2017-09,shared,minibuses,LP,115,vehicles,NewVehicleRegistration-2018-09.pdf
ZAF,2017-09,shared,minibuses,MP,135,vehicles,NewVehicleRegistration-2018-09.pdf
ZAF,2017-09,shared,minibuses,NC,31,vehicles,NewVehicleRegistration-2018-09.pdf
ZAF,2017-09,shared,minibuses,NW,62,vehicles,NewVehicleRegistration-2018-09.pdf
ZAF,2017-09,shared,minibuses,WC,305,vehicles,NewVehicleRegistration-2018-09.pdf
ZAF,2017-09,shared,minibuses,ZAF,2066,vehicles,NewVehicleRegistration-2018-09.pdf
ZAF,2017-09,shared,motorcycles,EC,62,vehicles,NewVehicleRegistration-2018-09.pdf
ZAF,2017-09,shared,motorcycles,FS,47,vehicles,NewVehicleRegistration-2018-09.pdf
ZAF,2017-09,shared,motorcycles,GP,628,vehicles,NewVehicleRegistration-2018-09.pdf
ZAF,2017-09,shared,motorcycles,KZN,132,vehicles,NewVehicleRegistration-2018-09.pdf
ZAF,2017-09,shared,motorcycles,LP,27,vehicles,NewVehicleRegistration-2018-09.pdf
ZAF,2017-09,shared,motorcycles,MP,65,vehicles,NewVehicleRegistration-2018-09.pdf
ZAF,2017-09,shared,motorcycles,NC,27,vehicles,NewVehicleRegistration-2018-09.pdf
ZAF,2017-09,shared,motorcycles,NW,32,vehicles,NewVehicleRegistration-2018-09.pdf
ZAF,2017-09,shared,motorcycles,WC,246,vehicles,NewVehicleRegistration-2018-09.pdf
ZAF,2017-09,shared,motorcycles,ZAF,1266,vehicles,NewVehicleRegistration-2018-09.pdf
ZAF,2017-09,shared,other_self_propelled,EC,77,vehicles,NewVehicleRegistration-2018-09.pdf
ZAF,2017-09,shared,other_self_propelled,FS,132,vehicles,NewVehicleRegistration-2018-09.pdf
ZAF,2017-09,shared,other_self_propelled,GP,132,vehicles,NewVehicleRegistration-2018-09.pdf
ZAF,2017-09,shared,other_self_propelled,KZN,159,vehicles,NewVehicleRegistration-2018-09.pdf
ZAF,2017-09,shared,other_self_propelled,LP,67,vehicles,NewVehicleRegistration-2018-09.pdf
ZAF,2017-09,shared,other_self_propelled,MP,98,vehicles,NewVehicleRegistration-2018-09.pdf
ZAF,2017-09,shared,other_self_propelled,NC,19,vehicles,NewVehicleRegistration-2018-09.pdf
ZAF,2017-09,shared,other_self_propelled,NW,58,vehicles,NewVehicleRegistration-2018-09.pdf
ZAF,2017-09,shared,other_self_propelled,WC,80,vehicles,NewVehicleRegistration-2018-09.pdf
ZAF,2017-09,shared,other_self_propelled,ZAF,822,vehicles,NewVehicleRegistration-2018-09.pdf
ZAF,2017-09,shared,total_self_propelled,EC,2886,vehicles,NewVehicleRegistration-2018-09.pdf
ZAF,2017-09,shared,total_self_propelled,FS,1625,vehicles,NewVehicleRegistration-2018-09.pdf
ZAF,2017-09,shared,total_self_propelled,GP,23298,vehicles,NewVehicleRegistration-2018-09.pdf
ZAF,2017-09,shared,total_self_propelled,KZN,7074,vehicles,NewVehicleRegistration-2018-09.pdf
ZAF,2017-09,shared,total_self_propelled,LP,1718,vehicles,NewVehicleRegistration-2018-09.pdf
ZAF,2017-09,shared,total_self_propelled,MP,2398,vehicles,NewVehicleRegistration-2018-09.pdf
ZAF,2017-09,shared,total_self_propelled,NC,639,vehicles,NewVehicleRegistration-2018-09.pdf
ZAF,2017-09,shared,total_self_propelled,NW,1425,vehicles,NewVehicleRegistration-2018-09.pdf
ZAF,2017-09,shared,total_self_propelled,WC,6126,vehicles,NewVehicleRegistration-2018-09.pdf
ZAF,2017-09,shared,total_self_propelled,ZAF,47189,vehicles,NewVehicleRegistration-2018-09.pdf
ZAF,2017-09,shared,trucks,EC,78,vehicles,NewVehicleRegistration-2018-09.pdf
ZAF,2017-09,shared,trucks,FS,124,vehicles,NewVehicleRegistration-2018-09.pdf
ZAF,2017-09,shared,trucks,GP,691,vehicles,NewVehicleRegistration-2018-09.pdf
ZAF,2017-09,shared,trucks,KZN,180,vehicles,NewVehicleRegistration-2018-09.pdf
ZAF,2017-09,shared,trucks,LP,73,vehicles,NewVehicleRegistration-2018-09.pdf
ZAF,2017-09,shared,trucks,MP,201,vehicles,NewVehicleRegistration-2018-09.pdf
ZAF,2017-09,shared,trucks,NC,17,vehicles,NewVehicleRegistration-2018-09.pdf
ZAF,2017-09,shared,trucks,NW,60,vehicles,NewVehicleRegistration-2018-09.pdf
ZAF,2017-09,shared,trucks,WC,160,vehicles,NewVehicleRegistration-2018-09.pdf
ZAF,2017-09,shared,trucks,ZAF,1584,vehicles,NewVehicleRegistration-2018-09.pdf
ZAF,2017-11,shared,buses,EC,24,vehicles,NewVehicleRegistration-2018-11.pdf
ZAF,2017-11,shared,buses,FS,10,vehicles,NewVehicleRegistration-2018-11.pdf
ZAF,2017-11,shared,buses,GP,78,vehicles,NewVehicleRegistration-2018-11.pdf
ZAF,2017-11,shared,buses,KZN,17,vehicles,NewVehicleRegistration-2018-11.pdf
ZAF,2017-11,shared,buses,LP,26,vehicles,NewVehicleRegistration-2018-11.pdf
ZAF,2017-11,shared,buses,MP,42,vehicles,NewVehicleRegistration-2018-11.pdf
ZAF,2017-11,shared,buses,NC,4,vehicles,NewVehicleRegistration-2018-11.pdf
ZAF,2017-11,shared,buses,NW,10,vehicles,NewVehicleRegistration-2018-11.pdf
ZAF,2017-11,shared,buses,WC,47,vehicles,NewVehicleRegistration-2018-11.pdf
ZAF,2017-11,shared,buses,ZAF,258,vehicles,NewVehicleRegistration-2018-11.pdf
ZAF,2017-11,shared,cars,EC,1680,vehicles,NewVehicleRegistration-2018-11.pdf
ZAF,2017-11,shared,cars,FS,611,vehicles,NewVehicleRegistration-2018-11.pdf
ZAF,2017-11,shared,cars,GP,13628,vehicles,NewVehicleRegistration-2018-11.pdf
ZAF,2017-11,shared,cars,KZN,4532,vehicles,NewVehicleRegistration-2018-11.pdf
ZAF,2017-11,shared,cars,LP,1048,vehicles,NewVehicleRegistration-2018-11.pdf
ZAF,2017-11,shared,cars,MP,1158,vehicles,NewVehicleRegistration-2018-11.pdf
ZAF,2017-11,shared,cars,NC,302,vehicles,NewVehicleRegistration-2018-11.pdf
ZAF,2017-11,shared,cars,NW,676,vehicles,NewVehicleRegistration-2018-11.pdf
ZAF,2017-11,shared,cars,WC,3504,vehicles,NewVehicleRegistration-2018-11.pdf
ZAF,2017-11,shared,cars,ZAF,27139,vehicles,NewVehicleRegistration-2018-11.pdf
ZAF,2017-11,shared,light_commercial,EC,609,vehicles,NewVehicleRegistration-2018-11.pdf
ZAF,2017-11,shared,light_commercial,FS,454,vehicles,NewVehicleRegistration-2018-11.pdf
ZAF,2017-11,shared,light_commercial,GP,3885,vehicles,NewVehicleRegistration-2018-11.pdf
ZAF,2017-11,shared,light_commercial,KZN,1522,vehicles,NewVehicleRegistration-2018-11.pdf
ZAF,2017-11,shared,light_commercial,LP,683,vehicles,NewVehicleRegistration-2018-11.pdf
ZAF,2017-11,shared,light_commercial,MP,765,vehicles,NewVehicleRegistration-2018-11.pdf
ZAF,2017-11,shared,light_commercial,NC,244,vehicles,NewVehicleRegistration-2018-11.pdf
ZAF,2017-11,shared,light_commercial,NW,510,vehicles,NewVehicleRegistration-2018-11.pdf
ZAF,2017-11,shared,light_commercial,WC,1276,vehicles,NewVehicleRegistration-2018-11.pdf
ZAF,2017-11,shared,light_commercial,ZAF,9948,vehicles,NewVehicleRegistration-2018-11.pdf
ZAF,2017-11,shared,minibuses,EC,197,vehicles,NewVehicleRegistration-2018-11.pdf
ZAF,2017-11,shared,minibuses,FS,51,vehicles,NewVehicleRegistration-2018-11.pdf
ZAF,2017-11,shared,minibuses,GP,771,vehicles,NewVehicleRegistration-2018-11.pdf
ZAF,2017-11,shared,minibuses,KZN,295,vehicles,NewVehicleRegistration-2018-11.pdf
ZAF,2017-11,shared,minibuses,LP,170,vehicles,NewVehicleRegistration-2018-11.pdf
ZAF,2017-11,shared,minibuses,MP,151,vehicles,NewVehicleRegistration-2018-11.pdf
ZAF,2017-11,shared,minibuses,NC,21,vehicles,NewVehicleRegistration-2018-11.pdf
ZAF,2017-11,shared,minibuses,NW,76,vehicles,NewVehicleRegistration-2018-11.pdf
ZAF,2017-11,shared,minibuses,WC,228,vehicles,NewVehicleRegistration-2018-11.pdf
ZAF,2017-11,shared,minibuses,ZAF,1960,vehicles,NewVehicleRegistration-2018-11.pdf
ZAF,2017-11,shared,motorcycles,EC,65,vehicles,NewVehicleRegistration-2018-11.pdf
ZAF,2017-11,shared,motorcycles,FS,72,vehicles,NewVehicleRegistration-2018-11.pdf
ZAF,2017-11,shared,motorcycles,GP,728,vehicles,NewVehicleRegistration-2018-11.pdf
ZAF,2017-11,shared,motorcycles,KZN,141,vehicles,NewVehicleRegistration-2018-11.pdf
ZAF,2017-11,shared,motorcycles,LP,18,vehicles,NewVehicleRegistration-2018-11.pdf
ZAF,2017-11,shared,motorcycles,MP,54,vehicles,NewVehicleRegistration-2018-11.pdf
ZAF,2017-11,shared,motorcycles,NC,21,vehicles,NewVehicleRegistration-2018-11.pdf
ZAF,2017-11,shared,motorcycles,NW,37,vehicles,NewVehicleRegistration-2018-11.pdf
ZAF,2017-11,shared,motorcycles,WC,288,vehicles,NewVehicleRegistration-2018-11.pdf
ZAF,2017-11,shared,motorcycles,ZAF,1424,vehicles,NewVehicleRegistration-2018-11.pdf
ZAF,2017-11,shared,other_self_propelled,EC,63,vehicles,NewVehicleRegistration-2018-11.pdf
ZAF,2017-11,shared,other_self_propelled,FS,95,vehicles,NewVehicleRegistration-2018-11.pdf
ZAF,2017-11,shared,other_self_propelled,GP,133,vehicles,NewVehicleRegistration-2018-11.pdf
ZAF,2017-11,shared,other_self_propelled,KZN,131,vehicles,NewVehicleRegistration-2018-11.pdf
ZAF,2017-11,shared,other_self_propelled,LP,61,vehicles,NewVehicleRegistration-2018-11.pdf
ZAF,2017-11,shared,other_self_propelled,MP,110,vehicles,NewVehicleRegistration-2018-11.pdf
ZAF,2017-11,shared,other_self_propelled,NC,55,vehicles,NewVehicleRegistration-2018-11.pdf
ZAF,2017-11,shared,other_self_propelled,NW,42,vehicles,NewVehicleRegistration-2018-11.pdf
ZAF,2017-11,shared,other_self_propelled,WC,84,vehicles,NewVehicleRegistration-2018-11.pdf
ZAF,2017-11,shared,other_self_propelled,ZAF,774,vehicles,NewVehicleRegistration-2018-11.pdf
ZAF,2017-11,shared,total_self_propelled,EC,2720,vehicles,NewVehicleRegistration-2018-11.pdf
ZAF,2017-11,shared,total_self_propelled,FS,1349,vehicles,NewVehicleRegistration-2018-11.pdf
ZAF,2017-11,shared,total_self_propelled,GP,19965,vehicles,NewVehicleRegistration-2018-11.pdf
ZAF,2017-11,shared,total_self_propelled,KZN,6868,vehicles,NewVehicleRegistration-2018-11.pdf
ZAF,2017-11,shared,total_self_propelled,LP,2116,vehicles,NewVehicleRegistration-2018-11.pdf
ZAF,2017-11,shared,total_self_propelled,MP,2611,vehicles,NewVehicleRegistration-2018-11.pdf
ZAF,2017-11,shared,total_self_propelled,NC,683,vehicles,NewVehicleRegistration-2018-11.pdf
ZAF,2017-11,shared,total_self_propelled,NW,1416,vehicles,NewVehicleRegistration-2018-11.pdf
ZAF,2017-11,shared,total_self_propelled,WC,5651,vehicles,NewVehicleRegistration-2018-11.pdf
ZAF,2017-11,shared,total_self_propelled,ZAF,43379,vehicles,NewVehicleRegistration-2018-11.pdf
ZAF,2017-11,shared,trucks,EC,82,vehicles,NewVehicleRegistration-2018-11.pdf
ZAF,2017-11,shared,trucks,FS,56,vehicles,NewVehicleRegistration-2018-11.pdf
ZAF,2017-11,shared,trucks,GP,742,vehicles,NewVehicleRegistration-2018-11.pdf
ZAF,2017-11,shared,trucks,KZN,230,vehicles,NewVehicleRegistration-2018-11.pdf
ZAF,2017-11,shared,trucks,LP,110,vehicles,NewVehicleRegistration-2018-11.pdf
ZAF,2017-11,shared,trucks,MP,331,vehicles,NewVehicleRegistration-2018-11.pdf
ZAF,2017-11,shared,trucks,NC,36,vehicles,NewVehicleRegistration-2018-11.pdf
ZAF,2017-11,shared,trucks,NW,65,vehicles,NewVehicleRegistration-2018-11.pdf
ZAF,2017-11,shared,trucks,WC,224,vehicles,NewVehicleRegistration-2018-11.pdf
ZAF,2017-11,shared,trucks,ZAF,1876,vehicles,NewVehicleRegistration-2018-11.pdf
ZAF,2017-12,shared,buses,EC,24,vehicles,NewVehicleRegistration-2018-12.pdf
ZAF,2017-12,shared,buses,FS,14,vehicles,NewVehicleRegistration-2018-12.pdf
ZAF,2017-12,shared,buses,GP,71,vehicles,NewVehicleRegistration-2018-12.pdf
ZAF,2017-12,shared,buses,KZN,15,vehicles,NewVehicleRegistration-2018-12.pdf
ZAF,2017-12,shared,buses,LP,21,vehicles,NewVehicleRegistration-2018-12.pdf
ZAF,2017-12,shared,buses,MP,28,vehicles,NewVehicleRegistration-2018-12.pdf
ZAF,2017-12,shared,buses,NC,1,vehicles,NewVehicleRegistration-2018-12.pdf
ZAF,2017-12,shared,buses,NW,7,vehicles,NewVehicleRegistration-2018-12.pdf
ZAF,2017-12,shared,buses,WC,14,vehicles,NewVehicleRegistration-2018-12.pdf
ZAF,2017-12,shared,buses,ZAF,195,vehicles,NewVehicleRegistration-2018-12.pdf
ZAF,2017-12,shared,cars,EC,797,vehicles,NewVehicleRegistration-2018-12.pdf
ZAF,2017-12,shared,cars,FS,341,vehicles,NewVehicleRegistration-2018-12.pdf
ZAF,2017-12,shared,cars,GP,5057,vehicles,NewVehicleRegistration-2018-12.pdf
ZAF,2017-12,shared,cars,KZN,2359,vehicles,NewVehicleRegistration-2018-12.pdf
ZAF,2017-12,shared,cars,LP,580,vehicles,NewVehicleRegistration-2018-12.pdf
ZAF,2017-12,shared,cars,MP,736,vehicles,NewVehicleRegistration-2018-12.pdf
ZAF,2017-12,shared,cars,NC,191,vehicles,NewVehicleRegistration-2018-12.pdf
ZAF,2017-12,shared,cars,NW,448,vehicles,NewVehicleRegistration-2018-12.pdf
ZAF,2017-12,shared,cars,WC,1957,vehicles,NewVehicleRegistration-2018-12.pdf
ZAF,2017-12,shared,cars,ZAF,12466,vehicles,NewVehicleRegistration-2018-12.pdf
ZAF,2017-12,shared,light_commercial,EC,454,vehicles,NewVehicleRegistration-2018-12.pdf
ZAF,2017-12,shared,light_commercial,FS,184,vehicles,NewVehicleRegistration-2018-12.pdf
ZAF,2017-12,shared,light_commercial,GP,1746,vehicles,NewVehicleRegistration-2018-12.pdf
ZAF,2017-12,shared,light_commercial,KZN,952,vehicles,NewVehicleRegistration-2018-12.pdf
ZAF,2017-12,shared,light_commercial,LP,457,vehicles,NewVehicleRegistration-2018-12.pdf
ZAF,2017-12,shared,light_commercial,MP,461,vehicles,NewVehicleRegistration-2018-12.pdf
ZAF,2017-12,shared,light_commercial,NC,196,vehicles,NewVehicleRegistration-2018-12.pdf
ZAF,2017-12,shared,light_commercial,NW,299,vehicles,NewVehicleRegistration-2018-12.pdf
ZAF,2017-12,shared,light_commercial,WC,589,vehicles,NewVehicleRegistration-2018-12.pdf
ZAF,2017-12,shared,light_commercial,ZAF,5338,vehicles,NewVehicleRegistration-2018-12.pdf
ZAF,2017-12,shared,minibuses,EC,142,vehicles,NewVehicleRegistration-2018-12.pdf
ZAF,2017-12,shared,minibuses,FS,34,vehicles,NewVehicleRegistration-2018-12.pdf
ZAF,2017-12,shared,minibuses,GP,482,vehicles,NewVehicleRegistration-2018-12.pdf
ZAF,2017-12,shared,minibuses,KZN,246,vehicles,NewVehicleRegistration-2018-12.pdf
ZAF,2017-12,shared,minibuses,LP,135,vehicles,NewVehicleRegistration-2018-12.pdf
ZAF,2017-12,shared,minibuses,MP,89,vehicles,NewVehicleRegistration-2018-12.pdf
ZAF,2017-12,shared,minibuses,NC,27,vehicles,NewVehicleRegistration-2018-12.pdf
ZAF,2017-12,shared,minibuses,NW,56,vehicles,NewVehicleRegistration-2018-12.pdf
ZAF,2017-12,shared,minibuses,WC,203,vehicles,NewVehicleRegistration-2018-12.pdf
ZAF,2017-12,shared,minibuses,ZAF,1414,vehicles,NewVehicleRegistration-2018-12.pdf
ZAF,2017-12,shared,motorcycles,EC,33,vehicles,NewVehicleRegistration-2018-12.pdf
ZAF,2017-12,shared,motorcycles,FS,32,vehicles,NewVehicleRegistration-2018-12.pdf
ZAF,2017-12,shared,motorcycles,GP,476,vehicles,NewVehicleRegistration-2018-12.pdf
ZAF,2017-12,shared,motorcycles,KZN,88,vehicles,NewVehicleRegistration-2018-12.pdf
ZAF,2017-12,shared,motorcycles,LP,21,vehicles,NewVehicleRegistration-2018-12.pdf
ZAF,2017-12,shared,motorcycles,MP,34,vehicles,NewVehicleRegistration-2018-12.pdf
ZAF,2017-12,shared,motorcycles,NC,17,vehicles,NewVehicleRegistration-2018-12.pdf
ZAF,2017-12,shared,motorcycles,NW,15,vehicles,NewVehicleRegistration-2018-12.pdf
ZAF,2017-12,shared,motorcycles,WC,170,vehicles,NewVehicleRegistration-2018-12.pdf
ZAF,2017-12,shared,motorcycles,ZAF,886,vehicles,NewVehicleRegistration-2018-12.pdf
ZAF,2017-12,shared,other_self_propelled,EC,46,vehicles,NewVehicleRegistration-2018-12.pdf
ZAF,2017-12,shared,other_self_propelled,FS,45,vehicles,NewVehicleRegistration-2018-12.pdf
ZAF,2017-12,shared,other_self_propelled,GP,120,vehicles,NewVehicleRegistration-2018-12.pdf
ZAF,2017-12,shared,other_self_propelled,KZN,79,vehicles,NewVehicleRegistration-2018-12.pdf
ZAF,2017-12,shared,other_self_propelled,LP,38,vehicles,NewVehicleRegistration-2018-12.pdf
ZAF,2017-12,shared,other_self_propelled,MP,73,vehicles,NewVehicleRegistration-2018-12.pdf
ZAF,2017-12,shared,other_self_propelled,NC,30,vehicles,NewVehicleRegistration-2018-12.pdf
ZAF,2017-12,shared,other_self_propelled,NW,35,vehicles,NewVehicleRegistration-2018-12.pdf
ZAF,2017-12,shared,other_self_propelled,WC,66,vehicles,NewVehicleRegistration-2018-12.pdf
ZAF,2017-12,shared,other_self_propelled,ZAF,532,vehicles,NewVehicleRegistration-2018-12.pdf
ZAF,2017-12,shared,total_self_propelled,EC,1563,vehicles,NewVehicleRegistration-2018-12.pdf
ZAF,2017-12,shared,total_self_propelled,FS,697,vehicles,NewVehicleRegistration-2018-12.pdf
ZAF,2017-12,shared,total_self_propelled,GP,8433,vehicles,NewVehicleRegistration-2018-12.pdf
ZAF,2017-12,shared,total_self_propelled,KZN,3914,vehicles,NewVehicleRegistration-2018-12.pdf
ZAF,2017-12,shared,total_self_propelled,LP,1306,vehicles,NewVehicleRegistration-2018-12.pdf
ZAF,2017-12,shared,total_self_propelled,MP,1546,vehicles,NewVehicleRegistration-2018-12.pdf
ZAF,2017-12,shared,total_self_propelled,NC,482,vehicles,NewVehicleRegistration-2018-12.pdf
ZAF,2017-12,shared,total_self_propelled,NW,898,vehicles,NewVehicleRegistration-2018-12.pdf
ZAF,2017-12,shared,total_self_propelled,WC,3118,vehicles,NewVehicleRegistration-2018-12.pdf
ZAF,2017-12,shared,total_self_propelled,ZAF,21957,vehicles,NewVehicleRegistration-2018-12.pdf
ZAF,2017-12,shared,trucks,EC,67,vehicles,NewVehicleRegistration-2018-12.pdf
ZAF,2017-12,shared,trucks,FS,47,vehicles,NewVehicleRegistration-2018-12.pdf
ZAF,2017-12,shared,trucks,GP,481,vehicles,NewVehicleRegistration-2018-12.pdf
ZAF,2017-12,shared,trucks,KZN,175,vehicles,NewVehicleRegistration-2018-12.pdf
ZAF,2017-12,shared,trucks,LP,54,vehicles,NewVehicleRegistration-2018-12.pdf
ZAF,2017-12,shared,trucks,MP,125,vehicles,NewVehicleRegistration-2018-12.pdf
ZAF,2017-12,shared,trucks,NC,20,vehicles,NewVehicleRegistration-2018-12.pdf
ZAF,2017-12,shared,trucks,NW,38,vehicles,NewVehicleRegistration-2018-12.pdf
ZAF,2017-12,shared,trucks,WC,119,vehicles,NewVehicleRegistration-2018-12.pdf
ZAF,2017-12,shared,trucks,ZAF,1126,vehicles,NewVehicleRegistration-2018-12.pdf
ZAF,2018-01,shared,buses,EC,9,vehicles,NewVehicleRegistration-2019-01.pdf
ZAF,2018-01,shared,buses,FS,14,vehicles,NewVehicleRegistration-2019-01.pdf
ZAF,2018-01,shared,buses,GP,70,vehicles,NewVehicleRegistration-2019-01.pdf
ZAF,2018-01,shared,buses,KZN,27,vehicles,NewVehicleRegistration-2019-01.pdf
ZAF,2018-01,shared,buses,LP,17,vehicles,NewVehicleRegistration-2019-01.pdf
ZAF,2018-01,shared,buses,MP,107,vehicles,NewVehicleRegistration-2019-01.pdf
ZAF,2018-01,shared,buses,NC,2,vehicles,NewVehicleRegistration-2019-01.pdf
ZAF,2018-01,shared,buses,NW,12,vehicles,NewVehicleRegistration-2019-01.pdf
ZAF,2018-01,shared,buses,WC,25,vehicles,NewVehicleRegistration-2019-01.pdf
ZAF,2018-01,shared,buses,ZAF,283,vehicles,NewVehicleRegistration-2019-01.pdf
ZAF,2018-01,shared,cars,EC,2309,vehicles,NewVehicleRegistration-2019-01.pdf
ZAF,2018-01,shared,cars,FS,1278,vehicles,NewVehicleRegistration-2019-01.pdf
ZAF,2018-01,shared,cars,GP,28494,vehicles,NewVehicleRegistration-2019-01.pdf
ZAF,2018-01,shared,cars,KZN,6944,vehicles,NewVehicleRegistration-2019-01.pdf
ZAF,2018-01,shared,cars,LP,1338,vehicles,NewVehicleRegistration-2019-01.pdf
ZAF,2018-01,shared,cars,MP,1864,vehicles,NewVehicleRegistration-2019-01.pdf
ZAF,2018-01,shared,cars,NC,414,vehicles,NewVehicleRegistration-2019-01.pdf
ZAF,2018-01,shared,cars,NW,1326,vehicles,NewVehicleRegistration-2019-01.pdf
ZAF,2018-01,shared,cars,WC,6718,vehicles,NewVehicleRegistration-2019-01.pdf
ZAF,2018-01,shared,cars,ZAF,50685,vehicles,NewVehicleRegistration-2019-01.pdf
ZAF,2018-01,shared,light_commercial,EC,1277,vehicles,NewVehicleRegistration-2019-01.pdf
ZAF,2018-01,shared,light_commercial,FS,679,vehicles,NewVehicleRegistration-2019-01.pdf
ZAF,2018-01,shared,light_commercial,GP,5756,vehicles,NewVehicleRegistration-2019-01.pdf
ZAF,2018-01,shared,light_commercial,KZN,2287,vehicles,NewVehicleRegistration-2019-01.pdf
ZAF,2018-01,shared,light_commercial,LP,924,vehicles,NewVehicleRegistration-2019-01.pdf
ZAF,2018-01,shared,light_commercial,MP,1296,vehicles,NewVehicleRegistration-2019-01.pdf
ZAF,2018-01,shared,light_commercial,NC,372,vehicles,NewVehicleRegistration-2019-01.pdf
ZAF,2018-01,shared,light_commercial,NW,825,vehicles,NewVehicleRegistration-2019-01.pdf
ZAF,2018-01,shared,light_commercial,WC,1952,vehicles,NewVehicleRegistration-2019-01.pdf
ZAF,2018-01,shared,light_commercial,ZAF,15368,vehicles,NewVehicleRegistration-2019-01.pdf
ZAF,2018-01,shared,minibuses,EC,142,vehicles,NewVehicleRegistration-2019-01.pdf
ZAF,2018-01,shared,minibuses,FS,67,vehicles,NewVehicleRegistration-2019-01.pdf
ZAF,2018-01,shared,minibuses,GP,1043,vehicles,NewVehicleRegistration-2019-01.pdf
ZAF,2018-01,shared,minibuses,KZN,293,vehicles,NewVehicleRegistration-2019-01.pdf
ZAF,2018-01,shared,minibuses,LP,104,vehicles,NewVehicleRegistration-2019-01.pdf
ZAF,2018-01,shared,minibuses,MP,141,vehicles,NewVehicleRegistration-2019-01.pdf
ZAF,2018-01,shared,minibuses,NC,22,vehicles,NewVehicleRegistration-2019-01.pdf
ZAF,2018-01,shared,minibuses,NW,76,vehicles,NewVehicleRegistration-2019-01.pdf
ZAF,2018-01,shared,minibuses,WC,187,vehicles,NewVehicleRegistration-2019-01.pdf
ZAF,2018-01,shared,minibuses,ZAF,2075,vehicles,NewVehicleRegistration-2019-01.pdf
ZAF,2018-01,shared,motorcycles,EC,59,vehicles,NewVehicleRegistration-2019-01.pdf
ZAF,2018-01,shared,motorcycles,FS,85,vehicles,NewVehicleRegistration-2019-01.pdf
ZAF,2018-01,shared,motorcycles,GP,701,vehicles,NewVehicleRegistration-2019-01.pdf
ZAF,2018-01,shared,motorcycles,KZN,137,vehicles,NewVehicleRegistration-2019-01.pdf
ZAF,2018-01,shared,motorcycles,LP,31,vehicles,NewVehicleRegistration-2019-01.pdf
ZAF,2018-01,shared,motorcycles,MP,51,vehicles,NewVehicleRegistration-2019-01.pdf
ZAF,2018-01,shared,motorcycles,NC,43,vehicles,NewVehicleRegistration-2019-01.pdf
ZAF,2018-01,shared,motorcycles,NW,39,vehicles,NewVehicleRegistration-2019-01.pdf
ZAF,2018-01,shared,motorcycles,WC,412,vehicles,NewVehicleRegistration-2019-01.pdf
ZAF,2018-01,shared,motorcycles,ZAF,1558,vehicles,NewVehicleRegistration-2019-01.pdf
ZAF,2018-01,shared,other_self_propelled,EC,74,vehicles,NewVehicleRegistration-2019-01.pdf
ZAF,2018-01,shared,other_self_propelled,FS,81,vehicles,NewVehicleRegistration-2019-01.pdf
ZAF,2018-01,shared,other_self_propelled,GP,119,vehicles,NewVehicleRegistration-2019-01.pdf
ZAF,2018-01,shared,other_self_propelled,KZN,111,vehicles,NewVehicleRegistration-2019-01.pdf
ZAF,2018-01,shared,other_self_propelled,LP,84,vehicles,NewVehicleRegistration-2019-01.pdf
ZAF,2018-01,shared,other_self_propelled,MP,67,vehicles,NewVehicleRegistration-2019-01.pdf
ZAF,2018-01,shared,other_self_propelled,NC,30,vehicles,NewVehicleRegistration-2019-01.pdf
ZAF,2018-01,shared,other_self_propelled,NW,54,vehicles,NewVehicleRegistration-2019-01.pdf
ZAF,2018-01,shared,other_self_propelled,WC,108,vehicles,NewVehicleRegistration-2019-01.pdf
ZAF,2018-01,shared,other_self_propelled,ZAF,728,vehicles,NewVehicleRegistration-2019-01.pdf
ZAF,2018-01,shared,total_self_propelled,EC,3921,vehicles,NewVehicleRegistration-2019-01.pdf
ZAF,2018-01,shared,total_self_propelled,FS,2286,vehicles,NewVehicleRegistration-2019-01.pdf
ZAF,2018-01,shared,total_self_propelled,GP,36693,vehicles,NewVehicleRegistration-2019-01.pdf
ZAF,2018-01,shared,total_self_propelled,KZN,10043,vehicles,NewVehicleRegistration-2019-01.pdf
ZAF,2018-01,shared,total_self_propelled,LP,2591,vehicles,NewVehicleRegistration-2019-01.pdf
ZAF,2018-01,shared,total_self_propelled,MP,3760,vehicles,NewVehicleRegistration-2019-01.pdf
ZAF,2018-01,shared,total_self_propelled,NC,906,vehicles,NewVehicleRegistration-2019-01.pdf
ZAF,2018-01,shared,total_self_propelled,NW,2380,vehicles,NewVehicleRegistration-2019-01.pdf
ZAF,2018-01,shared,total_self_propelled,WC,9551,vehicles,NewVehicleRegistration-2019-01.pdf
ZAF,2018-01,shared,total_self_propelled,ZAF,72131,vehicles,NewVehicleRegistration-2019-01.pdf
ZAF,2018-01,shared,trucks,EC,51,vehicles,NewVehicleRegistration-2019-01.pdf
ZAF,2018-01,shared,trucks,FS,82,vehicles,NewVehicleRegistration-2019-01.pdf
ZAF,2018-01,shared,trucks,GP,510,vehicles,NewVehicleRegistration-2019-01.pdf
ZAF,2018-01,shared,trucks,KZN,244,vehicles,NewVehicleRegistration-2019-01.pdf
ZAF,2018-01,shared,trucks,LP,93,vehicles,NewVehicleRegistration-2019-01.pdf
ZAF,2018-01,shared,trucks,MP,234,vehicles,NewVehicleRegistration-2019-01.pdf
ZAF,2018-01,shared,trucks,NC,23,vehicles,NewVehicleRegistration-2019-01.pdf
ZAF,2018-01,shared,trucks,NW,48,vehicles,NewVehicleRegistration-2019-01.pdf
ZAF,2018-01,shared,trucks,WC,149,vehicles,NewVehicleRegistration-2019-01.pdf
ZAF,2018-01,shared,trucks,ZAF,1434,vehicles,NewVehicleRegistration-2019-01.pdf
ZAF,2018-03,shared,buses,EC,11,vehicles,NewVehicleRegistration-2019-03.pdf
ZAF,2018-03,shared,buses,FS,8,vehicles,NewVehicleRegistration-2019-03.pdf
ZAF,2018-03,shared,buses,GP,80,vehicles,NewVehicleRegistration-2019-03.pdf
ZAF,2018-03,shared,buses,KZN,20,vehicles,NewVehicleRegistration-2019-03.pdf
ZAF,2018-03,shared,buses,LP,18,vehicles,NewVehicleRegistration-2019-03.pdf
ZAF,2018-03,shared,buses,MP,24,vehicles,NewVehicleRegistration-2019-03.pdf
ZAF,2018-03,shared,buses,NC,1,vehicles,NewVehicleRegistration-2019-03.pdf
ZAF,2018-03,shared,buses,NW,2,vehicles,NewVehicleRegistration-2019-03.pdf
ZAF,2018-03,shared,buses,WC,40,vehicles,NewVehicleRegistration-2019-03.pdf
ZAF,2018-03,shared,buses,ZAF,204,vehicles,NewVehicleRegistration-2019-03.pdf
ZAF,2018-03,shared,cars,EC,1796,vehicles,NewVehicleRegistration-2019-03.pdf
ZAF,2018-03,shared,cars,FS,681,vehicles,NewVehicleRegistration-2019-03.pdf
ZAF,2018-03,shared,cars,GP,14436,vehicles,NewVehicleRegistration-2019-03.pdf
ZAF,2018-03,shared,cars,KZN,4731,vehicles,NewVehicleRegistration-2019-03.pdf
ZAF,2018-03,shared,cars,LP,936,vehicles,NewVehicleRegistration-2019-03.pdf
ZAF,2018-03,shared,cars,MP,1131,vehicles,NewVehicleRegistration-2019-03.pdf
ZAF,2018-03,shared,cars,NC,355,vehicles,NewVehicleRegistration-2019-03.pdf
ZAF,2018-03,shared,cars,NW,778,vehicles,NewVehicleRegistration-2019-03.pdf
ZAF,2018-03,shared,cars,WC,3608,vehicles,NewVehicleRegistration-2019-03.pdf
ZAF,2018-03,shared,cars,ZAF,28452,vehicles,NewVehicleRegistration-2019-03.pdf
ZAF,2018-03,shared,light_commercial,EC,809,vehicles,NewVehicleRegistration-2019-03.pdf
ZAF,2018-03,shared,light_commercial,FS,480,vehicles,NewVehicleRegistration-2019-03.pdf
ZAF,2018-03,shared,light_commercial,GP,4337,vehicles,NewVehicleRegistration-2019-03.pdf
ZAF,2018-03,shared,light_commercial,KZN,1584,vehicles,NewVehicleRegistration-2019-03.pdf
ZAF,2018-03,shared,light_commercial,LP,666,vehicles,NewVehicleRegistration-2019-03.pdf
ZAF,2018-03,shared,light_commercial,MP,869,vehicles,NewVehicleRegistration-2019-03.pdf
ZAF,2018-03,shared,light_commercial,NC,316,vehicles,NewVehicleRegistration-2019-03.pdf
ZAF,2018-03,shared,light_commercial,NW,538,vehicles,NewVehicleRegistration-2019-03.pdf
ZAF,2018-03,shared,light_commercial,WC,1199,vehicles,NewVehicleRegistration-2019-03.pdf
ZAF,2018-03,shared,light_commercial,ZAF,10798,vehicles,NewVehicleRegistration-2019-03.pdf
ZAF,2018-03,shared,minibuses,EC,125,vehicles,NewVehicleRegistration-2019-03.pdf
ZAF,2018-03,shared,minibuses,FS,35,vehicles,NewVehicleRegistration-2019-03.pdf
ZAF,2018-03,shared,minibuses,GP,642,vehicles,NewVehicleRegistration-2019-03.pdf
ZAF,2018-03,shared,minibuses,KZN,255,vehicles,NewVehicleRegistration-2019-03.pdf
ZAF,2018-03,shared,minibuses,LP,134,vehicles,NewVehicleRegistration-2019-03.pdf
ZAF,2018-03,shared,minibuses,MP,127,vehicles,NewVehicleRegistration-2019-03.pdf
ZAF,2018-03,shared,minibuses,NC,24,vehicles,NewVehicleRegistration-2019-03.pdf
ZAF,2018-03,shared,minibuses,NW,72,vehicles,NewVehicleRegistration-2019-03.pdf
ZAF,2018-03,shared,minibuses,WC,197,vehicles,NewVehicleRegistration-2019-03.pdf
ZAF,2018-03,shared,minibuses,ZAF,1611,vehicles,NewVehicleRegistration-2019-03.pdf
ZAF,2018-03,shared,motorcycles,EC,64,vehicles,NewVehicleRegistration-2019-03.pdf
ZAF,2018-03,shared,motorcycles,FS,61,vehicles,NewVehicleRegistration-2019-03.pdf
ZAF,2018-03,shared,motorcycles,GP,628,vehicles,NewVehicleRegistration-2019-03.pdf
ZAF,2018-03,shared,motorcycles,KZN,143,vehicles,NewVehicleRegistration-2019-03.pdf
ZAF,2018-03,shared,motorcycles,LP,20,vehicles,NewVehicleRegistration-2019-03.pdf
ZAF,2018-03,shared,motorcycles,MP,47,vehicles,NewVehicleRegistration-2019-03.pdf
ZAF,2018-03,shared,motorcycles,NC,23,vehicles,NewVehicleRegistration-2019-03.pdf
ZAF,2018-03,shared,motorcycles,NW,37,vehicles,NewVehicleRegistration-2019-03.pdf
ZAF,2018-03,shared,motorcycles,WC,304,vehicles,NewVehicleRegistration-2019-03.pdf
ZAF,2018-03,shared,motorcycles,ZAF,1327,vehicles,NewVehicleRegistration-2019-03.pdf
ZAF,2018-03,shared,other_self_propelled,EC,61,vehicles,NewVehicleRegistration-2019-03.pdf
ZAF,2018-03,shared,other_self_propelled,FS,88,vehicles,NewVehicleRegistration-2019-03.pdf
ZAF,2018-03,shared,other_self_propelled,GP,149,vehicles,NewVehicleRegistration-2019-03.pdf
ZAF,2018-03,shared,other_self_propelled,KZN,150,vehicles,NewVehicleRegistration-2019-03.pdf
ZAF,2018-03,shared,other_self_propelled,LP,106,vehicles,NewVehicleRegistration-2019-03.pdf
ZAF,2018-03,shared,other_self_propelled,MP,88,vehicles,NewVehicleRegistration-2019-03.pdf
ZAF,2018-03,shared,other_self_propelled,NC,33,vehicles,NewVehicleRegistration-2019-03.pdf
ZAF,2018-03,shared,other_self_propelled,NW,54,vehicles,NewVehicleRegistration-2019-03.pdf
ZAF,2018-03,shared,other_self_propelled,WC,117,vehicles,NewVehicleRegistration-2019-03.pdf
ZAF,2018-03,shared,other_self_propelled,ZAF,846,vehicles,NewVehicleRegistration-2019-03.pdf
ZAF,2018-03,shared,total_self_propelled,EC,2944,vehicles,NewVehicleRegistration-2019-03.pdf
ZAF,2018-03,shared,total_self_propelled,FS,1433,vehicles,NewVehicleRegistration-2019-03.pdf
ZAF,2018-03,shared,total_self_propelled,GP,20935,vehicles,NewVehicleRegistration-2019-03.pdf
ZAF,2018-03,shared,total_self_propelled,KZN,7081,vehicles,NewVehicleRegistration-2019-03.pdf
ZAF,2018-03,shared,total_self_propelled,LP,1950,vehicles,NewVehicleRegistration-2019-03.pdf
ZAF,2018-03,shared,total_self_propelled,MP,2601,vehicles,NewVehicleRegistration-2019-03.pdf
ZAF,2018-03,shared,total_self_propelled,NC,791,vehicles,NewVehicleRegistration-2019-03.pdf
ZAF,2018-03,shared,total_self_propelled,NW,1537,vehicles,NewVehicleRegistration-2019-03.pdf
ZAF,2018-03,shared,total_self_propelled,WC,5633,vehicles,NewVehicleRegistration-2019-03.pdf
ZAF,2018-03,shared,total_self_propelled,ZAF,44905,vehicles,NewVehicleRegistration-2019-03.pdf
ZAF,2018-03,shared,trucks,EC,78,vehicles,NewVehicleRegistration-2019-03.pdf
ZAF,2018-03,shared,trucks,FS,80,vehicles,NewVehicleRegistration-2019-03.pdf
ZAF,2018-03,shared,trucks,GP,663,vehicles,NewVehicleRegistration-2019-03.pdf
ZAF,2018-03,shared,trucks,KZN,198,vehicles,NewVehicleRegistration-2019-03.pdf
ZAF,2018-03,shared,trucks,LP,70,vehicles,NewVehicleRegistration-2019-03.pdf
ZAF,2018-03,shared,trucks,MP,315,vehicles,NewVehicleRegistration-2019-03.pdf
ZAF,2018-03,shared,trucks,NC,39,vehicles,NewVehicleRegistration-2019-03.pdf
ZAF,2018-03,shared,trucks,NW,56,vehicles,NewVehicleRegistration-2019-03.pdf
ZAF,2018-03,shared,trucks,WC,168,vehicles,NewVehicleRegistration-2019-03.pdf
ZAF,2018-03,shared,trucks,ZAF,1667,vehicles,NewVehicleRegistration-2019-03.pdf
ZAF,2018-04,shared,buses,EC,11,vehicles,NewVehicleRegistration-2019-04.pdf
ZAF,2018-04,shared,buses,FS,1,vehicles,NewVehicleRegistration-2019-04.pdf
ZAF,2018-04,shared,buses,GP,70,vehicles,NewVehicleRegistration-2019-04.pdf
ZAF,2018-04,shared,buses,KZN,17,vehicles,NewVehicleRegistration-2019-04.pdf
ZAF,2018-04,shared,buses,LP,10,vehicles,NewVehicleRegistration-2019-04.pdf
ZAF,2018-04,shared,buses,MP,23,vehicles,NewVehicleRegistration-2019-04.pdf
ZAF,2018-04,shared,buses,NC,4,vehicles,NewVehicleRegistration-2019-04.pdf
ZAF,2018-04,shared,buses,NW,4,vehicles,NewVehicleRegistration-2019-04.pdf
ZAF,2018-04,shared,buses,WC,13,vehicles,NewVehicleRegistration-2019-04.pdf
ZAF,2018-04,shared,buses,ZAF,153,vehicles,NewVehicleRegistration-2019-04.pdf
ZAF,2018-04,shared,cars,EC,1484,vehicles,NewVehicleRegistration-2019-04.pdf
ZAF,2018-04,shared,cars,FS,717,vehicles,NewVehicleRegistration-2019-04.pdf
ZAF,2018-04,shared,cars,GP,12780,vehicles,NewVehicleRegistration-2019-04.pdf
ZAF,2018-04,shared,cars,KZN,4249,vehicles,NewVehicleRegistration-2019-04.pdf
ZAF,2018-04,shared,cars,LP,875,vehicles,NewVehicleRegistration-2019-04.pdf
ZAF,2018-04,shared,cars,MP,1224,vehicles,NewVehicleRegistration-2019-04.pdf
ZAF,2018-04,shared,cars,NC,280,vehicles,NewVehicleRegistration-2019-04.pdf
ZAF,2018-04,shared,cars,NW,741,vehicles,NewVehicleRegistration-2019-04.pdf
ZAF,2018-04,shared,cars,WC,2813,vehicles,NewVehicleRegistration-2019-04.pdf
ZAF,2018-04,shared,cars,ZAF,25163,vehicles,NewVehicleRegistration-2019-04.pdf
ZAF,2018-04,shared,light_commercial,EC,681,vehicles,NewVehicleRegistration-2019-04.pdf
ZAF,2018-04,shared,light_commercial,FS,437,vehicles,NewVehicleRegistration-2019-04.pdf
ZAF,2018-04,shared,light_commercial,GP,4095,vehicles,NewVehicleRegistration-2019-04.pdf
ZAF,2018-04,shared,light_commercial,KZN,1481,vehicles,NewVehicleRegistration-2019-04.pdf
ZAF,2018-04,shared,light_commercial,LP,615,vehicles,NewVehicleRegistration-2019-04.pdf
ZAF,2018-04,shared,light_commercial,MP,760,vehicles,NewVehicleRegistration-2019-04.pdf
ZAF,2018-04,shared,light_commercial,NC,230,vehicles,NewVehicleRegistration-2019-04.pdf
ZAF,2018-04,shared,light_commercial,NW,433,vehicles,NewVehicleRegistration-2019-04.pdf
ZAF,2018-04,shared,light_commercial,WC,1080,vehicles,NewVehicleRegistration-2019-04.pdf
ZAF,2018-04,shared,light_commercial,ZAF,9812,vehicles,NewVehicleRegistration-2019-04.pdf
ZAF,2018-04,shared,minibuses,EC,91,vehicles,NewVehicleRegistration-2019-04.pdf
ZAF,2018-04,shared,minibuses,FS,26,vehicles,NewVehicleRegistration-2019-04.pdf
ZAF,2018-04,shared,minibuses,GP,552,vehicles,NewVehicleRegistration-2019-04.pdf
ZAF,2018-04,shared,minibuses,KZN,226,vehicles,NewVehicleRegistration-2019-04.pdf
ZAF,2018-04,shared,minibuses,LP,140,vehicles,NewVehicleRegistration-2019-04.pdf
ZAF,2018-04,shared,minibuses,MP,96,vehicles,NewVehicleRegistration-2019-04.pdf
ZAF,2018-04,shared,minibuses,NC,25,vehicles,NewVehicleRegistration-2019-04.pdf
ZAF,2018-04,shared,minibuses,NW,48,vehicles,NewVehicleRegistration-2019-04.pdf
ZAF,2018-04,shared,minibuses,WC,149,vehicles,NewVehicleRegistration-2019-04.pdf
ZAF,2018-04,shared,minibuses,ZAF,1353,vehicles,NewVehicleRegistration-2019-04.pdf
ZAF,2018-04,shared,motorcycles,EC,46,vehicles,NewVehicleRegistration-2019-04.pdf
ZAF,2018-04,shared,motorcycles,FS,68,vehicles,NewVehicleRegistration-2019-04.pdf
ZAF,2018-04,shared,motorcycles,GP,583,vehicles,NewVehicleRegistration-2019-04.pdf
ZAF,2018-04,shared,motorcycles,KZN,126,vehicles,NewVehicleRegistration-2019-04.pdf
ZAF,2018-04,shared,motorcycles,LP,17,vehicles,NewVehicleRegistration-2019-04.pdf
ZAF,2018-04,shared,motorcycles,MP,42,vehicles,NewVehicleRegistration-2019-04.pdf
ZAF,2018-04,shared,motorcycles,NC,11,vehicles,NewVehicleRegistration-2019-04.pdf
ZAF,2018-04,shared,motorcycles,NW,24,vehicles,NewVehicleRegistration-2019-04.pdf
ZAF,2018-04,shared,motorcycles,WC,199,vehicles,NewVehicleRegistration-2019-04.pdf
ZAF,2018-04,shared,motorcycles,ZAF,1116,vehicles,NewVehicleRegistration-2019-04.pdf
ZAF,2018-04,shared,other_self_propelled,EC,78,vehicles,NewVehicleRegistration-2019-04.pdf
ZAF,2018-04,shared,other_self_propelled,FS,73,vehicles,NewVehicleRegistration-2019-04.pdf
ZAF,2018-04,shared,other_self_propelled,GP,145,vehicles,NewVehicleRegistration-2019-04.pdf
ZAF,2018-04,shared,other_self_propelled,KZN,109,vehicles,NewVehicleRegistration-2019-04.pdf
ZAF,2018-04,shared,other_self_propelled,LP,50,vehicles,NewVehicleRegistration-2019-04.pdf
ZAF,2018-04,shared,other_self_propelled,MP,41,vehicles,NewVehicleRegistration-2019-04.pdf
ZAF,2018-04,shared,other_self_propelled,NC,20,vehicles,NewVehicleRegistration-2019-04.pdf
ZAF,2018-04,shared,other_self_propelled,NW,39,vehicles,NewVehicleRegistration-2019-04.pdf
ZAF,2018-04,shared,other_self_propelled,WC,78,vehicles,NewVehicleRegistration-2019-04.pdf
ZAF,2018-04,shared,other_self_propelled,ZAF,633,vehicles,NewVehicleRegistration-2019-04.pdf
ZAF,2018-04,shared,total_self_propelled,EC,2490,vehicles,NewVehicleRegistration-2019-04.pdf
ZAF,2018-04,shared,total_self_propelled,FS,1403,vehicles,NewVehicleRegistration-2019-04.pdf
ZAF,2018-04,shared,total_self_propelled,GP,18857,vehicles,NewVehicleRegistration-2019-04.pdf
ZAF,2018-04,shared,total_self_propelled,KZN,6399,vehicles,NewVehicleRegistration-2019-04.pdf
ZAF,2018-04,shared,total_self_propelled,LP,1782,vehicles,NewVehicleRegistration-2019-04.pdf
ZAF,2018-04,shared,total_self_propelled,MP,2419,vehicles,NewVehicleRegistration-2019-04.pdf
ZAF,2018-04,shared,total_self_propelled,NC,595,vehicles,NewVehicleRegistration-2019-04.pdf
ZAF,2018-04,shared,total_self_propelled,NW,1338,vehicles,NewVehicleRegistration-2019-04.pdf
ZAF,2018-04,shared,total_self_propelled,WC,4500,vehicles,NewVehicleRegistration-2019-04.pdf
ZAF,2018-04,shared,total_self_propelled,ZAF,39783,vehicles,NewVehicleRegistration-2019-04.pdf
ZAF,2018-04,shared,trucks,EC,99,vehicles,NewVehicleRegistration-2019-04.pdf
ZAF,2018-04,shared,trucks,FS,81,vehicles,NewVehicleRegistration-2019-04.pdf
ZAF,2018-04,shared,trucks,GP,632,vehicles,NewVehicleRegistration-2019-04.pdf
ZAF,2018-04,shared,trucks,KZN,191,vehicles,NewVehicleRegistration-2019-04.pdf
ZAF,2018-04,shared,trucks,LP,75,vehicles,NewVehicleRegistration-2019-04.pdf
ZAF,2018-04,shared,trucks,MP,233,vehicles,NewVehicleRegistration-2019-04.pdf
ZAF,2018-04,shared,trucks,NC,25,vehicles,NewVehicleRegistration-2019-04.pdf
ZAF,2018-04,shared,trucks,NW,49,vehicles,NewVehicleRegistration-2019-04.pdf
ZAF,2018-04,shared,trucks,WC,168,vehicles,NewVehicleRegistration-2019-04.pdf
ZAF,2018-04,shared,trucks,ZAF,1553,vehicles,NewVehicleRegistration-2019-04.pdf
ZAF,2018-05,shared,buses,EC,17,vehicles,NewVehicleRegistration-2019-05.pdf
ZAF,2018-05,shared,buses,FS,2,vehicles,NewVehicleRegistration-2019-05.pdf
ZAF,2018-05,shared,buses,GP,46,vehicles,NewVehicleRegistration-2019-05.pdf
ZAF,2018-05,shared,buses,KZN,10,vehicles,NewVehicleRegistration-2019-05.pdf
ZAF,2018-05,shared,buses,LP,23,vehicles,NewVehicleRegistration-2019-05.pdf
ZAF,2018-05,shared,buses,MP,28,vehicles,NewVehicleRegistration-2019-05.pdf
ZAF,2018-05,shared,buses,NC,2,vehicles,NewVehicleRegistration-2019-05.pdf
ZAF,2018-05,shared,buses,NW,5,vehicles,NewVehicleRegistration-2019-05.pdf
ZAF,2018-05,shared,buses,WC,18,vehicles,NewVehicleRegistration-2019-05.pdf
ZAF,2018-05,shared,buses,ZAF,151,vehicles,NewVehicleRegistration-2019-05.pdf
ZAF,2018-05,shared,cars,EC,1635,vehicles,NewVehicleRegistration-2019-05.pdf
ZAF,2018-05,shared,cars,FS,685,vehicles,NewVehicleRegistration-2019-05.pdf
ZAF,2018-05,shared,cars,GP,13220,vehicles,NewVehicleRegistration-2019-05.pdf
ZAF,2018-05,shared,cars,KZN,4253,vehicles,NewVehicleRegistration-2019-05.pdf
ZAF,2018-05,shared,cars,LP,872,vehicles,NewVehicleRegistration-2019-05.pdf
ZAF,2018-05,shared,cars,MP,1087,vehicles,NewVehicleRegistration-2019-05.pdf
ZAF,2018-05,shared,cars,NC,290,vehicles,NewVehicleRegistration-2019-05.pdf
ZAF,2018-05,shared,cars,NW,727,vehicles,NewVehicleRegistration-2019-05.pdf
ZAF,2018-05,shared,cars,WC,3212,vehicles,NewVehicleRegistration-2019-05.pdf
ZAF,2018-05,shared,cars,ZAF,25981,vehicles,NewVehicleRegistration-2019-05.pdf
ZAF,2018-05,shared,light_commercial,EC,748,vehicles,NewVehicleRegistration-2019-05.pdf
ZAF,2018-05,shared,light_commercial,FS,487,vehicles,NewVehicleRegistration-2019-05.pdf
ZAF,2018-05,shared,light_commercial,GP,4364,vehicles,NewVehicleRegistration-2019-05.pdf
ZAF,2018-05,shared,light_commercial,KZN,1489,vehicles,NewVehicleRegistration-2019-05.pdf
ZAF,2018-05,shared,light_commercial,LP,627,vehicles,NewVehicleRegistration-2019-05.pdf
ZAF,2018-05,shared,light_commercial,MP,848,vehicles,NewVehicleRegistration-2019-05.pdf
ZAF,2018-05,shared,light_commercial,NC,284,vehicles,NewVehicleRegistration-2019-05.pdf
ZAF,2018-05,shared,light_commercial,NW,500,vehicles,NewVehicleRegistration-2019-05.pdf
ZAF,2018-05,shared,light_commercial,WC,1274,vehicles,NewVehicleRegistration-2019-05.pdf
ZAF,2018-05,shared,light_commercial,ZAF,10621,vehicles,NewVehicleRegistration-2019-05.pdf
ZAF,2018-05,shared,minibuses,EC,146,vehicles,NewVehicleRegistration-2019-05.pdf
ZAF,2018-05,shared,minibuses,FS,38,vehicles,NewVehicleRegistration-2019-05.pdf
ZAF,2018-05,shared,minibuses,GP,844,vehicles,NewVehicleRegistration-2019-05.pdf
ZAF,2018-05,shared,minibuses,KZN,222,vehicles,NewVehicleRegistration-2019-05.pdf
ZAF,2018-05,shared,minibuses,LP,150,vehicles,NewVehicleRegistration-2019-05.pdf
ZAF,2018-05,shared,minibuses,MP,149,vehicles,NewVehicleRegistration-2019-05.pdf
ZAF,2018-05,shared,minibuses,NC,41,vehicles,NewVehicleRegistration-2019-05.pdf
ZAF,2018-05,shared,minibuses,NW,70,vehicles,NewVehicleRegistration-2019-05.pdf
ZAF,2018-05,shared,minibuses,WC,201,vehicles,NewVehicleRegistration-2019-05.pdf
ZAF,2018-05,shared,minibuses,ZAF,1861,vehicles,NewVehicleRegistration-2019-05.pdf
ZAF,2018-05,shared,motorcycles,EC,67,vehicles,NewVehicleRegistration-2019-05.pdf
ZAF,2018-05,shared,motorcycles,FS,43,vehicles,NewVehicleRegistration-2019-05.pdf
ZAF,2018-05,shared,motorcycles,GP,667,vehicles,NewVehicleRegistration-2019-05.pdf
ZAF,2018-05,shared,motorcycles,KZN,138,vehicles,NewVehicleRegistration-2019-05.pdf
ZAF,2018-05,shared,motorcycles,LP,21,vehicles,NewVehicleRegistration-2019-05.pdf
ZAF,2018-05,shared,motorcycles,MP,50,vehicles,NewVehicleRegistration-2019-05.pdf
ZAF,2018-05,shared,motorcycles,NC,24,vehicles,NewVehicleRegistration-2019-05.pdf
ZAF,2018-05,shared,motorcycles,NW,30,vehicles,NewVehicleRegistration-2019-05.pdf
ZAF,2018-05,shared,motorcycles,WC,200,vehicles,NewVehicleRegistration-2019-05.pdf
ZAF,2018-05,shared,motorcycles,ZAF,1240,vehicles,NewVehicleRegistration-2019-05.pdf
ZAF,2018-05,shared,other_self_propelled,EC,72,vehicles,NewVehicleRegistration-2019-05.pdf
ZAF,2018-05,shared,other_self_propelled,FS,60,vehicles,NewVehicleRegistration-2019-05.pdf
ZAF,2018-05,shared,other_self_propelled,GP,181,vehicles,NewVehicleRegistration-2019-05.pdf
ZAF,2018-05,shared,other_self_propelled,KZN,98,vehicles,NewVehicleRegistration-2019-05.pdf
ZAF,2018-05,shared,other_self_propelled,LP,54,vehicles,NewVehicleRegistration-2019-05.pdf
ZAF,2018-05,shared,other_self_propelled,MP,69,vehicles,NewVehicleRegistration-2019-05.pdf
ZAF,2018-05,shared,other_self_propelled,NC,36,vehicles,NewVehicleRegistration-2019-05.pdf
ZAF,2018-05,shared,other_self_propelled,NW,27,vehicles,NewVehicleRegistration-2019-05.pdf
ZAF,2018-05,shared,other_self_propelled,WC,128,vehicles,NewVehicleRegistration-2019-05.pdf
ZAF,2018-05,shared,other_self_propelled,ZAF,725,vehicles,NewVehicleRegistration-2019-05.pdf
ZAF,2018-05,shared,total_self_propelled,EC,2767,vehicles,NewVehicleRegistration-2019-05.pdf
ZAF,2018-05,shared,total_self_propelled,FS,1409,vehicles,NewVehicleRegistration-2019-05.pdf
ZAF,2018-05,shared,total_self_propelled,GP,19979,vehicles,NewVehicleRegistration-2019-05.pdf
ZAF,2018-05,shared,total_self_propelled,KZN,6471,vehicles,NewVehicleRegistration-2019-05.pdf
ZAF,2018-05,shared,total_self_propelled,LP,1823,vehicles,NewVehicleRegistration-2019-05.pdf
ZAF,2018-05,shared,total_self_propelled,MP,2455,vehicles,NewVehicleRegistration-2019-05.pdf
ZAF,2018-05,shared,total_self_propelled,NC,736,vehicles,NewVehicleRegistration-2019-05.pdf
ZAF,2018-05,shared,total_self_propelled,NW,1404,vehicles,NewVehicleRegistration-2019-05.pdf
ZAF,2018-05,shared,total_self_propelled,WC,5262,vehicles,NewVehicleRegistration-2019-05.pdf
ZAF,2018-05,shared,total_self_propelled,ZAF,42306,vehicles,NewVehicleRegistration-2019-05.pdf
ZAF,2018-05,shared,trucks,EC,82,vehicles,NewVehicleRegistration-2019-05.pdf
ZAF,2018-05,shared,trucks,FS,94,vehicles,NewVehicleRegistration-2019-05.pdf
ZAF,2018-05,shared,trucks,GP,657,vehicles,NewVehicleRegistration-2019-05.pdf
ZAF,2018-05,shared,trucks,KZN,261,vehicles,NewVehicleRegistration-2019-05.pdf
ZAF,2018-05,shared,trucks,LP,76,vehicles,NewVehicleRegistration-2019-05.pdf
ZAF,2018-05,shared,trucks,MP,224,vehicles,NewVehicleRegistration-2019-05.pdf
ZAF,2018-05,shared,trucks,NC,59,vehicles,NewVehicleRegistration-2019-05.pdf
ZAF,2018-05,shared,trucks,NW,45,vehicles,NewVehicleRegistration-2019-05.pdf
ZAF,2018-05,shared,trucks,WC,229,vehicles,NewVehicleRegistration-2019-05.pdf
ZAF,2018-05,shared,trucks,ZAF,1727,vehicles,NewVehicleRegistration-2019-05.pdf
ZAF,2018-06,shared,buses,EC,14,vehicles,NewVehicleRegistration-2019-06.pdf
ZAF,2018-06,shared,buses,FS,8,vehicles,NewVehicleRegistration-2019-06.pdf
ZAF,2018-06,shared,buses,GP,73,vehicles,NewVehicleRegistration-2019-06.pdf
ZAF,2018-06,shared,buses,KZN,32,vehicles,NewVehicleRegistration-2019-06.pdf
ZAF,2018-06,shared,buses,LP,22,vehicles,NewVehicleRegistration-2019-06.pdf
ZAF,2018-06,shared,buses,MP,38,vehicles,NewVehicleRegistration-2019-06.pdf
ZAF,2018-06,shared,buses,NC,4,vehicles,NewVehicleRegistration-2019-06.pdf
ZAF,2018-06,shared,buses,NW,13,vehicles,NewVehicleRegistration-2019-06.pdf
ZAF,2018-06,shared,buses,WC,31,vehicles,NewVehicleRegistration-2019-06.pdf
ZAF,2018-06,shared,buses,ZAF,235,vehicles,NewVehicleRegistration-2019-06.pdf
ZAF,2018-06,shared,cars,EC,1397,vehicles,NewVehicleRegistration-2019-06.pdf
ZAF,2018-06,shared,cars,FS,685,vehicles,NewVehicleRegistration-2019-06.pdf
ZAF,2018-06,shared,cars,GP,14784,vehicles,NewVehicleRegistration-2019-06.pdf
ZAF,2018-06,shared,cars,KZN,4908,vehicles,NewVehicleRegistration-2019-06.pdf
ZAF,2018-06,shared,cars,LP,828,vehicles,NewVehicleRegistration-2019-06.pdf
ZAF,2018-06,shared,cars,MP,1052,vehicles,NewVehicleRegistration-2019-06.pdf
ZAF,2018-06,shared,cars,NC,247,vehicles,NewVehicleRegistration-2019-06.pdf
ZAF,2018-06,shared,cars,NW,704,vehicles,NewVehicleRegistration-2019-06.pdf
ZAF,2018-06,shared,cars,WC,2920,vehicles,NewVehicleRegistration-2019-06.pdf
ZAF,2018-06,shared,cars,ZAF,27525,vehicles,NewVehicleRegistration-2019-06.pdf
ZAF,2018-06,shared,light_commercial,EC,665,vehicles,NewVehicleRegistration-2019-06.pdf
ZAF,2018-06,shared,light_commercial,FS,540,vehicles,NewVehicleRegistration-2019-06.pdf
ZAF,2018-06,shared,light_commercial,GP,4312,vehicles,NewVehicleRegistration-2019-06.pdf
ZAF,2018-06,shared,light_commercial,KZN,1744,vehicles,NewVehicleRegistration-2019-06.pdf
ZAF,2018-06,shared,light_commercial,LP,577,vehicles,NewVehicleRegistration-2019-06.pdf
ZAF,2018-06,shared,light_commercial,MP,795,vehicles,NewVehicleRegistration-2019-06.pdf
ZAF,2018-06,shared,light_commercial,NC,295,vehicles,NewVehicleRegistration-2019-06.pdf
ZAF,2018-06,shared,light_commercial,NW,500,vehicles,NewVehicleRegistration-2019-06.pdf
ZAF,2018-06,shared,light_commercial,WC,1163,vehicles,NewVehicleRegistration-2019-06.pdf
ZAF,2018-06,shared,light_commercial,ZAF,10591,vehicles,NewVehicleRegistration-2019-06.pdf
ZAF,2018-06,shared,minibuses,EC,104,vehicles,NewVehicleRegistration-2019-06.pdf
ZAF,2018-06,shared,minibuses,FS,34,vehicles,NewVehicleRegistration-2019-06.pdf
ZAF,2018-06,shared,minibuses,GP,885,vehicles,NewVehicleRegistration-2019-06.pdf
ZAF,2018-06,shared,minibuses,KZN,221,vehicles,NewVehicleRegistration-2019-06.pdf
ZAF,2018-06,shared,minibuses,LP,117,vehicles,NewVehicleRegistration-2019-06.pdf
ZAF,2018-06,shared,minibuses,MP,148,vehicles,NewVehicleRegistration-2019-06.pdf
ZAF,2018-06,shared,minibuses,NC,36,vehicles,NewVehicleRegistration-2019-06.pdf
ZAF,2018-06,shared,minibuses,NW,47,vehicles,NewVehicleRegistration-2019-06.pdf
ZAF,2018-06,shared,minibuses,WC,196,vehicles,NewVehicleRegistration-2019-06.pdf
ZAF,2018-06,shared,minibuses,ZAF,1788,vehicles,NewVehicleRegistration-2019-06.pdf
ZAF,2018-06,shared,motorcycles,EC,56,vehicles,NewVehicleRegistration-2019-06.pdf
ZAF,2018-06,shared,motorcycles,FS,46,vehicles,NewVehicleRegistration-2019-06.pdf
ZAF,2018-06,shared,motorcycles,GP,626,vehicles,NewVehicleRegistration-2019-06.pdf
ZAF,2018-06,shared,motorcycles,KZN,132,vehicles,NewVehicleRegistration-2019-06.pdf
ZAF,2018-06,shared,motorcycles,LP,14,vehicles,NewVehicleRegistration-2019-06.pdf
ZAF,2018-06,shared,motorcycles,MP,53,vehicles,NewVehicleRegistration-2019-06.pdf
ZAF,2018-06,shared,motorcycles,NC,17,vehicles,NewVehicleRegistration-2019-06.pdf
ZAF,2018-06,shared,motorcycles,NW,31,vehicles,NewVehicleRegistration-2019-06.pdf
ZAF,2018-06,shared,motorcycles,WC,189,vehicles,NewVehicleRegistration-2019-06.pdf
ZAF,2018-06,shared,motorcycles,ZAF,1164,vehicles,NewVehicleRegistration-2019-06.pdf
ZAF,2018-06,shared,other_self_propelled,EC,78,vehicles,NewVehicleRegistration-2019-06.pdf
ZAF,2018-06,shared,other_self_propelled,FS,73,vehicles,NewVehicleRegistration-2019-06.pdf
ZAF,2018-06,shared,other_self_propelled,GP,124,vehicles,NewVehicleRegistration-2019-06.pdf
ZAF,2018-06,shared,other_self_propelled,KZN,101,vehicles,NewVehicleRegistration-2019-06.pdf
ZAF,2018-06,shared,other_self_propelled,LP,52,vehicles,NewVehicleRegistration-2019-06.pdf
ZAF,2018-06,shared,other_self_propelled,MP,98,vehicles,NewVehicleRegistration-2019-06.pdf
ZAF,2018-06,shared,other_self_propelled,NC,36,vehicles,NewVehicleRegistration-2019-06.pdf
ZAF,2018-06,shared,other_self_propelled,NW,49,vehicles,NewVehicleRegistration-2019-06.pdf
ZAF,2018-06,shared,other_self_propelled,WC,139,vehicles,NewVehicleRegistration-2019-06.pdf
ZAF,2018-06,shared,other_self_propelled,ZAF,750,vehicles,NewVehicleRegistration-2019-06.pdf
ZAF,2018-06,shared,total_self_propelled,EC,2453,vehicles,NewVehicleRegistration-2019-06.pdf
ZAF,2018-06,shared,total_self_propelled,FS,1478,vehicles,NewVehicleRegistration-2019-06.pdf
ZAF,2018-06,shared,total_self_propelled,GP,21607,vehicles,NewVehicleRegistration-2019-06.pdf
ZAF,2018-06,shared,total_self_propelled,KZN,7375,vehicles,NewVehicleRegistration-2019-06.pdf
ZAF,2018-06,shared,total_self_propelled,LP,1660,vehicles,NewVehicleRegistration-2019-06.pdf
ZAF,2018-06,shared,total_self_propelled,MP,2474,vehicles,NewVehicleRegistration-2019-06.pdf
ZAF,2018-06,shared,total_self_propelled,NC,661,vehicles,NewVehicleRegistration-2019-06.pdf
ZAF,2018-06,shared,total_self_propelled,NW,1401,vehicles,NewVehicleRegistration-2019-06.pdf
ZAF,2018-06,shared,total_self_propelled,WC,4823,vehicles,NewVehicleRegistration-2019-06.pdf
ZAF,2018-06,shared,total_self_propelled,ZAF,43932,vehicles,NewVehicleRegistration-2019-06.pdf
ZAF,2018-06,shared,trucks,EC,139,vehicles,NewVehicleRegistration-2019-06.pdf
ZAF,2018-06,shared,trucks,FS,92,vehicles,NewVehicleRegistration-2019-06.pdf
ZAF,2018-06,shared,trucks,GP,803,vehicles,NewVehicleRegistration-2019-06.pdf
ZAF,2018-06,shared,trucks,KZN,237,vehicles,NewVehicleRegistration-2019-06.pdf
ZAF,2018-06,shared,trucks,LP,50,vehicles,NewVehicleRegistration-2019-06.pdf
ZAF,2018-06,shared,trucks,MP,290,vehicles,NewVehicleRegistration-2019-06.pdf
ZAF,2018-06,shared,trucks,NC,26,vehicles,NewVehicleRegistration-2019-06.pdf
ZAF,2018-06,shared,trucks,NW,57,vehicles,NewVehicleRegistration-2019-06.pdf
ZAF,2018-06,shared,trucks,WC,185,vehicles,NewVehicleRegistration-2019-06.pdf
ZAF,2018-06,shared,trucks,ZAF,1879,vehicles,NewVehicleRegistration-2019-06.pdf
ZAF,2018-07,shared,buses,EC,17,vehicles,NewVehicleRegistration-2019-07.pdf
ZAF,2018-07,shared,buses,FS,9,vehicles,NewVehicleRegistration-2019-07.pdf
ZAF,2018-07,shared,buses,GP,83,vehicles,NewVehicleRegistration-2019-07.pdf
ZAF,2018-07,shared,buses,KZN,20,vehicles,NewVehicleRegistration-2019-07.pdf
ZAF,2018-07,shared,buses,LP,14,vehicles,NewVehicleRegistration-2019-07.pdf
ZAF,2018-07,shared,buses,MP,37,vehicles,NewVehicleRegistration-2019-07.pdf
ZAF,2018-07,shared,buses,NC,7,vehicles,NewVehicleRegistration-2019-07.pdf
ZAF,2018-07,shared,buses,NW,9,vehicles,NewVehicleRegistration-2019-07.pdf
ZAF,2018-07,shared,buses,WC,32,vehicles,NewVehicleRegistration-2019-07.pdf
ZAF,2018-07,shared,buses,ZAF,228,vehicles,NewVehicleRegistration-2019-07.pdf
ZAF,2018-07,shared,cars,EC,1765,vehicles,NewVehicleRegistration-2019-07.pdf
ZAF,2018-07,shared,cars,FS,756,vehicles,NewVehicleRegistration-2019-07.pdf
ZAF,2018-07,shared,cars,GP,16569,vehicles,NewVehicleRegistration-2019-07.pdf
ZAF,2018-07,shared,cars,KZN,4720,vehicles,NewVehicleRegistration-2019-07.pdf
ZAF,2018-07,shared,cars,LP,1014,vehicles,NewVehicleRegistration-2019-07.pdf
ZAF,2018-07,shared,cars,MP,1423,vehicles,NewVehicleRegistration-2019-07.pdf
ZAF,2018-07,shared,cars,NC,276,vehicles,NewVehicleRegistration-2019-07.pdf
ZAF,2018-07,shared,cars,NW,820,vehicles,NewVehicleRegistration-2019-07.pdf
ZAF,2018-07,shared,cars,WC,3730,vehicles,NewVehicleRegistration-2019-07.pdf
ZAF,2018-07,shared,cars,ZAF,31073,vehicles,NewVehicleRegistration-2019-07.pdf
ZAF,2018-07,shared,light_commercial,EC,686,vehicles,NewVehicleRegistration-2019-07.pdf
ZAF,2018-07,shared,light_commercial,FS,438,vehicles,NewVehicleRegistration-2019-07.pdf
ZAF,2018-07,shared,light_commercial,GP,4829,vehicles,NewVehicleRegistration-2019-07.pdf
ZAF,2018-07,shared,light_commercial,KZN,1631,vehicles,NewVehicleRegistration-2019-07.pdf
ZAF,2018-07,shared,light_commercial,LP,698,vehicles,NewVehicleRegistration-2019-07.pdf
ZAF,2018-07,shared,light_commercial,MP,872,vehicles,NewVehicleRegistration-2019-07.pdf
ZAF,2018-07,shared,light_commercial,NC,253,vehicles,NewVehicleRegistration-2019-07.pdf
ZAF,2018-07,shared,light_commercial,NW,532,vehicles,NewVehicleRegistration-2019-07.pdf
ZAF,2018-07,shared,light_commercial,WC,1063,vehicles,NewVehicleRegistration-2019-07.pdf
ZAF,2018-07,shared,light_commercial,ZAF,11002,vehicles,NewVehicleRegistration-2019-07.pdf
ZAF,2018-07,shared,minibuses,EC,127,vehicles,NewVehicleRegistration-2019-07.pdf
ZAF,2018-07,shared,minibuses,FS,36,vehicles,NewVehicleRegistration-2019-07.pdf
ZAF,2018-07,shared,minibuses,GP,921,vehicles,NewVehicleRegistration-2019-07.pdf
ZAF,2018-07,shared,minibuses,KZN,259,vehicles,NewVehicleRegistration-2019-07.pdf
ZAF,2018-07,shared,minibuses,LP,137,vehicles,NewVehicleRegistration-2019-07.pdf
ZAF,2018-07,shared,minibuses,MP,118,vehicles,NewVehicleRegistration-2019-07.pdf
ZAF,2018-07,shared,minibuses,NC,24,vehicles,NewVehicleRegistration-2019-07.pdf
ZAF,2018-07,shared,minibuses,NW,78,vehicles,NewVehicleRegistration-2019-07.pdf
ZAF,2018-07,shared,minibuses,WC,191,vehicles,NewVehicleRegistration-2019-07.pdf
ZAF,2018-07,shared,minibuses,ZAF,1891,vehicles,NewVehicleRegistration-2019-07.pdf
ZAF,2018-07,shared,motorcycles,EC,34,vehicles,NewVehicleRegistration-2019-07.pdf
ZAF,2018-07,shared,motorcycles,FS,59,vehicles,NewVehicleRegistration-2019-07.pdf
ZAF,2018-07,shared,motorcycles,GP,681,vehicles,NewVehicleRegistration-2019-07.pdf
ZAF,2018-07,shared,motorcycles,KZN,120,vehicles,NewVehicleRegistration-2019-07.pdf
ZAF,2018-07,shared,motorcycles,LP,16,vehicles,NewVehicleRegistration-2019-07.pdf
ZAF,2018-07,shared,motorcycles,MP,62,vehicles,NewVehicleRegistration-2019-07.pdf
ZAF,2018-07,shared,motorcycles,NC,7,vehicles,NewVehicleRegistration-2019-07.pdf
ZAF,2018-07,shared,motorcycles,NW,21,vehicles,NewVehicleRegistration-2019-07.pdf
ZAF,2018-07,shared,motorcycles,WC,217,vehicles,NewVehicleRegistration-2019-07.pdf
ZAF,2018-07,shared,motorcycles,ZAF,1217,vehicles,NewVehicleRegistration-2019-07.pdf
ZAF,2018-07,shared,other_self_propelled,EC,87,vehicles,NewVehicleRegistration-2019-07.pdf
ZAF,2018-07,shared,other_self_propelled,FS,55,vehicles,NewVehicleRegistration-2019-07.pdf
ZAF,2018-07,shared,other_self_propelled,GP,189,vehicles,NewVehicleRegistration-2019-07.pdf
ZAF,2018-07,shared,other_self_propelled,KZN,163,vehicles,NewVehicleRegistration-2019-07.pdf
ZAF,2018-07,shared,other_self_propelled,LP,40,vehicles,NewVehicleRegistration-2019-07.pdf
ZAF,2018-07,shared,other_self_propelled,MP,73,vehicles,NewVehicleRegistration-2019-07.pdf
ZAF,2018-07,shared,other_self_propelled,NC,43,vehicles,NewVehicleRegistration-2019-07.pdf
ZAF,2018-07,shared,other_self_propelled,NW,40,vehicles,NewVehicleRegistration-2019-07.pdf
ZAF,2018-07,shared,other_self_propelled,WC,97,vehicles,NewVehicleRegistration-2019-07.pdf
ZAF,2018-07,shared,other_self_propelled,ZAF,787,vehicles,NewVehicleRegistration-2019-07.pdf
ZAF,2018-07,shared,total_self_propelled,EC,2798,vehicles,NewVehicleRegistration-2019-07.pdf
ZAF,2018-07,shared,total_self_propelled,FS,1442,vehicles,NewVehicleRegistration-2019-07.pdf
ZAF,2018-07,shared,total_self_propelled,GP,24080,vehicles,NewVehicleRegistration-2019-07.pdf
ZAF,2018-07,shared,total_self_propelled,KZN,7179,vehicles,NewVehicleRegistration-2019-07.pdf
ZAF,2018-07,shared,total_self_propelled,LP,1978,vehicles,NewVehicleRegistration-2019-07.pdf
ZAF,2018-07,shared,total_self_propelled,MP,2873,vehicles,NewVehicleRegistration-2019-07.pdf
ZAF,2018-07,shared,total_self_propelled,NC,631,vehicles,NewVehicleRegistration-2019-07.pdf
ZAF,2018-07,shared,total_self_propelled,NW,1544,vehicles,NewVehicleRegistration-2019-07.pdf
ZAF,2018-07,shared,total_self_propelled,WC,5511,vehicles,NewVehicleRegistration-2019-07.pdf
ZAF,2018-07,shared,total_self_propelled,ZAF,48036,vehicles,NewVehicleRegistration-2019-07.pdf
ZAF,2018-07,shared,trucks,EC,82,vehicles,NewVehicleRegistration-2019-07.pdf
ZAF,2018-07,shared,trucks,FS,89,vehicles,NewVehicleRegistration-2019-07.pdf
ZAF,2018-07,shared,trucks,GP,808,vehicles,NewVehicleRegistration-2019-07.pdf
ZAF,2018-07,shared,trucks,KZN,266,vehicles,NewVehicleRegistration-2019-07.pdf
ZAF,2018-07,shared,trucks,LP,59,vehicles,NewVehicleRegistration-2019-07.pdf
ZAF,2018-07,shared,trucks,MP,288,vehicles,NewVehicleRegistration-2019-07.pdf
ZAF,2018-07,shared,trucks,NC,21,vehicles,NewVehicleRegistration-2019-07.pdf
ZAF,2018-07,shared,trucks,NW,44,vehicles,NewVehicleRegistration-2019-07.pdf
ZAF,2018-07,shared,trucks,WC,181,vehicles,NewVehicleRegistration-2019-07.pdf
ZAF,2018-07,shared,trucks,ZAF,1838,vehicles,NewVehicleRegistration-2019-07.pdf
ZAF,2018-08,shared,buses,EC,5,vehicles,NewVehicleRegistration-2019-08.pdf
ZAF,2018-08,shared,buses,FS,6,vehicles,NewVehicleRegistration-2019-08.pdf
ZAF,2018-08,shared,buses,GP,58,vehicles,NewVehicleRegistration-2019-08.pdf
ZAF,2018-08,shared,buses,KZN,28,vehicles,NewVehicleRegistration-2019-08.pdf
ZAF,2018-08,shared,buses,LP,23,vehicles,NewVehicleRegistration-2019-08.pdf
ZAF,2018-08,shared,buses,MP,23,vehicles,NewVehicleRegistration-2019-08.pdf
ZAF,2018-08,shared,buses,NC,9,vehicles,NewVehicleRegistration-2019-08.pdf
ZAF,2018-08,shared,buses,NW,6,vehicles,NewVehicleRegistration-2019-08.pdf
ZAF,2018-08,shared,buses,WC,15,vehicles,NewVehicleRegistration-2019-08.pdf
ZAF,2018-08,shared,buses,ZAF,173,vehicles,NewVehicleRegistration-2019-08.pdf
ZAF,2018-08,shared,cars,EC,1795,vehicles,NewVehicleRegistration-2019-08.pdf
ZAF,2018-08,shared,cars,FS,668,vehicles,NewVehicleRegistration-2019-08.pdf
ZAF,2018-08,shared,cars,GP,15395,vehicles,NewVehicleRegistration-2019-08.pdf
ZAF,2018-08,shared,cars,KZN,4932,vehicles,NewVehicleRegistration-2019-08.pdf
ZAF,2018-08,shared,cars,LP,950,vehicles,NewVehicleRegistration-2019-08.pdf
ZAF,2018-08,shared,cars,MP,1139,vehicles,NewVehicleRegistration-2019-08.pdf
ZAF,2018-08,shared,cars,NC,252,vehicles,NewVehicleRegistration-2019-08.pdf
ZAF,2018-08,shared,cars,NW,781,vehicles,NewVehicleRegistration-2019-08.pdf
ZAF,2018-08,shared,cars,WC,3898,vehicles,NewVehicleRegistration-2019-08.pdf
ZAF,2018-08,shared,cars,ZAF,29810,vehicles,NewVehicleRegistration-2019-08.pdf
ZAF,2018-08,shared,light_commercial,EC,702,vehicles,NewVehicleRegistration-2019-08.pdf
ZAF,2018-08,shared,light_commercial,FS,512,vehicles,NewVehicleRegistration-2019-08.pdf
ZAF,2018-08,shared,light_commercial,GP,4757,vehicles,NewVehicleRegistration-2019-08.pdf
ZAF,2018-08,shared,light_commercial,KZN,1821,vehicles,NewVehicleRegistration-2019-08.pdf
ZAF,2018-08,shared,light_commercial,LP,705,vehicles,NewVehicleRegistration-2019-08.pdf
ZAF,2018-08,shared,light_commercial,MP,883,vehicles,NewVehicleRegistration-2019-08.pdf
ZAF,2018-08,shared,light_commercial,NC,231,vehicles,NewVehicleRegistration-2019-08.pdf
ZAF,2018-08,shared,light_commercial,NW,564,vehicles,NewVehicleRegistration-2019-08.pdf
ZAF,2018-08,shared,light_commercial,WC,1111,vehicles,NewVehicleRegistration-2019-08.pdf
ZAF,2018-08,shared,light_commercial,ZAF,11286,vehicles,NewVehicleRegistration-2019-08.pdf
ZAF,2018-08,shared,minibuses,EC,162,vehicles,NewVehicleRegistration-2019-08.pdf
ZAF,2018-08,shared,minibuses,FS,46,vehicles,NewVehicleRegistration-2019-08.pdf
ZAF,2018-08,shared,minibuses,GP,806,vehicles,NewVehicleRegistration-2019-08.pdf
ZAF,2018-08,shared,minibuses,KZN,280,vehicles,NewVehicleRegistration-2019-08.pdf
ZAF,2018-08,shared,minibuses,LP,166,vehicles,NewVehicleRegistration-2019-08.pdf
ZAF,2018-08,shared,minibuses,MP,143,vehicles,NewVehicleRegistration-2019-08.pdf
ZAF,2018-08,shared,minibuses,NC,34,vehicles,NewVehicleRegistration-2019-08.pdf
ZAF,2018-08,shared,minibuses,NW,79,vehicles,NewVehicleRegistration-2019-08.pdf
ZAF,2018-08,shared,minibuses,WC,236,vehicles,NewVehicleRegistration-2019-08.pdf
ZAF,2018-08,shared,minibuses,ZAF,1952,vehicles,NewVehicleRegistration-2019-08.pdf
ZAF,2018-08,shared,motorcycles,EC,59,vehicles,NewVehicleRegistration-2019-08.pdf
ZAF,2018-08,shared,motorcycles,FS,51,vehicles,NewVehicleRegistration-2019-08.pdf
ZAF,2018-08,shared,motorcycles,GP,722,vehicles,NewVehicleRegistration-2019-08.pdf
ZAF,2018-08,shared,motorcycles,KZN,155,vehicles,NewVehicleRegistration-2019-08.pdf
ZAF,2018-08,shared,motorcycles,LP,31,vehicles,NewVehicleRegistration-2019-08.pdf
ZAF,2018-08,shared,motorcycles,MP,58,vehicles,NewVehicleRegistration-2019-08.pdf
ZAF,2018-08,shared,motorcycles,NC,16,vehicles,NewVehicleRegistration-2019-08.pdf
ZAF,2018-08,shared,motorcycles,NW,39,vehicles,NewVehicleRegistration-2019-08.pdf
ZAF,2018-08,shared,motorcycles,WC,197,vehicles,NewVehicleRegistration-2019-08.pdf
ZAF,2018-08,shared,motorcycles,ZAF,1328,vehicles,NewVehicleRegistration-2019-08.pdf
ZAF,2018-08,shared,other_self_propelled,EC,79,vehicles,NewVehicleRegistration-2019-08.pdf
ZAF,2018-08,shared,other_self_propelled,FS,73,vehicles,NewVehicleRegistration-2019-08.pdf
ZAF,2018-08,shared,other_self_propelled,GP,158,vehicles,NewVehicleRegistration-2019-08.pdf
ZAF,2018-08,shared,other_self_propelled,KZN,159,vehicles,NewVehicleRegistration-2019-08.pdf
ZAF,2018-08,shared,other_self_propelled,LP,69,vehicles,NewVehicleRegistration-2019-08.pdf
ZAF,2018-08,shared,other_self_propelled,MP,104,vehicles,NewVehicleRegistration-2019-08.pdf
ZAF,2018-08,shared,other_self_propelled,NC,39,vehicles,NewVehicleRegistration-2019-08.pdf
ZAF,2018-08,shared,other_self_propelled,NW,20,vehicles,NewVehicleRegistration-2019-08.pdf
ZAF,2018-08,shared,other_self_propelled,WC,90,vehicles,NewVehicleRegistration-2019-08.pdf
ZAF,2018-08,shared,other_self_propelled,ZAF,791,vehicles,NewVehicleRegistration-2019-08.pdf
ZAF,2018-08,shared,total_self_propelled,EC,2901,vehicles,NewVehicleRegistration-2019-08.pdf
ZAF,2018-08,shared,total_self_propelled,FS,1441,vehicles,NewVehicleRegistration-2019-08.pdf
ZAF,2018-08,shared,total_self_propelled,GP,22733,vehicles,NewVehicleRegistration-2019-08.pdf
ZAF,2018-08,shared,total_self_propelled,KZN,7621,vehicles,NewVehicleRegistration-2019-08.pdf
ZAF,2018-08,shared,total_self_propelled,LP,2033,vehicles,NewVehicleRegistration-2019-08.pdf
ZAF,2018-08,shared,total_self_propelled,MP,2708,vehicles,NewVehicleRegistration-2019-08.pdf
ZAF,2018-08,shared,total_self_propelled,NC,624,vehicles,NewVehicleRegistration-2019-08.pdf
ZAF,2018-08,shared,total_self_propelled,NW,1533,vehicles,NewVehicleRegistration-2019-08.pdf
ZAF,2018-08,shared,total_self_propelled,WC,5711,vehicles,NewVehicleRegistration-2019-08.pdf
ZAF,2018-08,shared,total_self_propelled,ZAF,47305,vehicles,NewVehicleRegistration-2019-08.pdf
ZAF,2018-08,shared,trucks,EC,99,vehicles,NewVehicleRegistration-2019-08.pdf
ZAF,2018-08,shared,trucks,FS,85,vehicles,NewVehicleRegistration-2019-08.pdf
ZAF,2018-08,shared,trucks,GP,837,vehicles,NewVehicleRegistration-2019-08.pdf
ZAF,2018-08,shared,trucks,KZN,246,vehicles,NewVehicleRegistration-2019-08.pdf
ZAF,2018-08,shared,trucks,LP,89,vehicles,NewVehicleRegistration-2019-08.pdf
ZAF,2018-08,shared,trucks,MP,358,vehicles,NewVehicleRegistration-2019-08.pdf
ZAF,2018-08,shared,trucks,NC,43,vehicles,NewVehicleRegistration-2019-08.pdf
ZAF,2018-08,shared,trucks,NW,44,vehicles,NewVehicleRegistration-2019-08.pdf
ZAF,2018-08,shared,trucks,WC,164,vehicles,NewVehicleRegistration-2019-08.pdf
ZAF,2018-08,shared,trucks,ZAF,1965,vehicles,NewVehicleRegistration-2019-08.pdf
ZAF,2018-09,shared,buses,EC,10,vehicles,NewVehicleRegistration-2019-09.pdf
ZAF,2018-09,shared,buses,FS,4,vehicles,NewVehicleRegistration-2019-09.pdf
ZAF,2018-09,shared,buses,GP,99,vehicles,NewVehicleRegistration-2019-09.pdf
ZAF,2018-09,shared,buses,KZN,15,vehicles,NewVehicleRegistration-2019-09.pdf
ZAF,2018-09,shared,buses,LP,14,vehicles,NewVehicleRegistration-2019-09.pdf
ZAF,2018-09,shared,buses,MP,45,vehicles,NewVehicleRegistration-2019-09.pdf
ZAF,2018-09,shared,buses,NC,3,vehicles,NewVehicleRegistration-2019-09.pdf
ZAF,2018-09,shared,buses,NW,12,vehicles,NewVehicleRegistration-2019-09.pdf
ZAF,2018-09,shared,buses,WC,55,vehicles,NewVehicleRegistration-2019-09.pdf
ZAF,2018-09,shared,buses,ZAF,257,vehicles,NewVehicleRegistration-2019-09.pdf
ZAF,2018-09,shared,cars,EC,1618,vehicles,NewVehicleRegistration-2019-09.pdf
ZAF,2018-09,shared,cars,FS,664,vehicles,NewVehicleRegistration-2019-09.pdf
ZAF,2018-09,shared,cars,GP,15346,vehicles,NewVehicleRegistration-2019-09.pdf
ZAF,2018-09,shared,cars,KZN,4140,vehicles,NewVehicleRegistration-2019-09.pdf
ZAF,2018-09,shared,cars,LP,719,vehicles,NewVehicleRegistration-2019-09.pdf
ZAF,2018-09,shared,cars,MP,1024,vehicles,NewVehicleRegistration-2019-09.pdf
ZAF,2018-09,shared,cars,NC,280,vehicles,NewVehicleRegistration-2019-09.pdf
ZAF,2018-09,shared,cars,NW,681,vehicles,NewVehicleRegistration-2019-09.pdf
ZAF,2018-09,shared,cars,WC,4508,vehicles,NewVehicleRegistration-2019-09.pdf
ZAF,2018-09,shared,cars,ZAF,28980,vehicles,NewVehicleRegistration-2019-09.pdf
ZAF,2018-09,shared,light_commercial,EC,746,vehicles,NewVehicleRegistration-2019-09.pdf
ZAF,2018-09,shared,light_commercial,FS,423,vehicles,NewVehicleRegistration-2019-09.pdf
ZAF,2018-09,shared,light_commercial,GP,4199,vehicles,NewVehicleRegistration-2019-09.pdf
ZAF,2018-09,shared,light_commercial,KZN,1638,vehicles,NewVehicleRegistration-2019-09.pdf
ZAF,2018-09,shared,light_commercial,LP,614,vehicles,NewVehicleRegistration-2019-09.pdf
ZAF,2018-09,shared,light_commercial,MP,734,vehicles,NewVehicleRegistration-2019-09.pdf
ZAF,2018-09,shared,light_commercial,NC,232,vehicles,NewVehicleRegistration-2019-09.pdf
ZAF,2018-09,shared,light_commercial,NW,442,vehicles,NewVehicleRegistration-2019-09.pdf
ZAF,2018-09,shared,light_commercial,WC,1136,vehicles,NewVehicleRegistration-2019-09.pdf
ZAF,2018-09,shared,light_commercial,ZAF,10164,vehicles,NewVehicleRegistration-2019-09.pdf
ZAF,2018-09,shared,minibuses,EC,110,vehicles,NewVehicleRegistration-2019-09.pdf
ZAF,2018-09,shared,minibuses,FS,28,vehicles,NewVehicleRegistration-2019-09.pdf
ZAF,2018-09,shared,minibuses,GP,738,vehicles,NewVehicleRegistration-2019-09.pdf
ZAF,2018-09,shared,minibuses,KZN,284,vehicles,NewVehicleRegistration-2019-09.pdf
ZAF,2018-09,shared,minibuses,LP,129,vehicles,NewVehicleRegistration-2019-09.pdf
ZAF,2018-09,shared,minibuses,MP,113,vehicles,NewVehicleRegistration-2019-09.pdf
ZAF,2018-09,shared,minibuses,NC,43,vehicles,NewVehicleRegistration-2019-09.pdf
ZAF,2018-09,shared,minibuses,NW,78,vehicles,NewVehicleRegistration-2019-09.pdf
ZAF,2018-09,shared,minibuses,WC,202,vehicles,NewVehicleRegistration-2019-09.pdf
ZAF,2018-09,shared,minibuses,ZAF,1725,vehicles,NewVehicleRegistration-2019-09.pdf
ZAF,2018-09,shared,motorcycles,EC,64,vehicles,NewVehicleRegistration-2019-09.pdf
ZAF,2018-09,shared,motorcycles,FS,65,vehicles,NewVehicleRegistration-2019-09.pdf
ZAF,2018-09,shared,motorcycles,GP,579,vehicles,NewVehicleRegistration-2019-09.pdf
ZAF,2018-09,shared,motorcycles,KZN,130,vehicles,NewVehicleRegistration-2019-09.pdf
ZAF,2018-09,shared,motorcycles,LP,19,vehicles,NewVehicleRegistration-2019-09.pdf
ZAF,2018-09,shared,motorcycles,MP,41,vehicles,NewVehicleRegistration-2019-09.pdf
ZAF,2018-09,shared,motorcycles,NC,14,vehicles,NewVehicleRegistration-2019-09.pdf
ZAF,2018-09,shared,motorcycles,NW,28,vehicles,NewVehicleRegistration-2019-09.pdf
ZAF,2018-09,shared,motorcycles,WC,163,vehicles,NewVehicleRegistration-2019-09.pdf
ZAF,2018-09,shared,motorcycles,ZAF,1103,vehicles,NewVehicleRegistration-2019-09.pdf
ZAF,2018-09,shared,other_self_propelled,EC,69,vehicles,NewVehicleRegistration-2019-09.pdf
ZAF,2018-09,shared,other_self_propelled,FS,84,vehicles,NewVehicleRegistration-2019-09.pdf
ZAF,2018-09,shared,other_self_propelled,GP,110,vehicles,NewVehicleRegistration-2019-09.pdf
ZAF,2018-09,shared,other_self_propelled,KZN,99,vehicles,NewVehicleRegistration-2019-09.pdf
ZAF,2018-09,shared,other_self_propelled,LP,70,vehicles,NewVehicleRegistration-2019-09.pdf
ZAF,2018-09,shared,other_self_propelled,MP,81,vehicles,NewVehicleRegistration-2019-09.pdf
ZAF,2018-09,shared,other_self_propelled,NC,40,vehicles,NewVehicleRegistration-2019-09.pdf
ZAF,2018-09,shared,other_self_propelled,NW,54,vehicles,NewVehicleRegistration-2019-09.pdf
ZAF,2018-09,shared,other_self_propelled,WC,97,vehicles,NewVehicleRegistration-2019-09.pdf
ZAF,2018-09,shared,other_self_propelled,ZAF,704,vehicles,NewVehicleRegistration-2019-09.pdf
ZAF,2018-09,shared,total_self_propelled,EC,2744,vehicles,NewVehicleRegistration-2019-09.pdf
ZAF,2018-09,shared,total_self_propelled,FS,1396,vehicles,NewVehicleRegistration-2019-09.pdf
ZAF,2018-09,shared,total_self_propelled,GP,21858,vehicles,NewVehicleRegistration-2019-09.pdf
ZAF,2018-09,shared,total_self_propelled,KZN,6489,vehicles,NewVehicleRegistration-2019-09.pdf
ZAF,2018-09,shared,total_self_propelled,LP,1617,vehicles,NewVehicleRegistration-2019-09.pdf
ZAF,2018-09,shared,total_self_propelled,MP,2304,vehicles,NewVehicleRegistration-2019-09.pdf
ZAF,2018-09,shared,total_self_propelled,NC,636,vehicles,NewVehicleRegistration-2019-09.pdf
ZAF,2018-09,shared,total_self_propelled,NW,1341,vehicles,NewVehicleRegistration-2019-09.pdf
ZAF,2018-09,shared,total_self_propelled,WC,6294,vehicles,NewVehicleRegistration-2019-09.pdf
ZAF,2018-09,shared,total_self_propelled,ZAF,44679,vehicles,NewVehicleRegistration-2019-09.pdf
ZAF,2018-09,shared,trucks,EC,127,vehicles,NewVehicleRegistration-2019-09.pdf
ZAF,2018-09,shared,trucks,FS,128,vehicles,NewVehicleRegistration-2019-09.pdf
ZAF,2018-09,shared,trucks,GP,787,vehicles,NewVehicleRegistration-2019-09.pdf
ZAF,2018-09,shared,trucks,KZN,183,vehicles,NewVehicleRegistration-2019-09.pdf
ZAF,2018-09,shared,trucks,LP,52,vehicles,NewVehicleRegistration-2019-09.pdf
ZAF,2018-09,shared,trucks,MP,266,vehicles,NewVehicleRegistration-2019-09.pdf
ZAF,2018-09,shared,trucks,NC,24,vehicles,NewVehicleRegistration-2019-09.pdf
ZAF,2018-09,shared,trucks,NW,46,vehicles,NewVehicleRegistration-2019-09.pdf
ZAF,2018-09,shared,trucks,WC,133,vehicles,NewVehicleRegistration-2019-09.pdf
ZAF,2018-09,shared,trucks,ZAF,1746,vehicles,NewVehicleRegistration-2019-09.pdf
ZAF,2018-10,shared,buses,EC,25,vehicles,NewVehicleRegistration-2019-10.pdf
ZAF,2018-10,shared,buses,FS,6,vehicles,NewVehicleRegistration-2019-10.pdf
ZAF,2018-10,shared,buses,GP,119,vehicles,NewVehicleRegistration-2019-10.pdf
ZAF,2018-10,shared,buses,KZN,25,vehicles,NewVehicleRegistration-2019-10.pdf
ZAF,2018-10,shared,buses,LP,20,vehicles,NewVehicleRegistration-2019-10.pdf
ZAF,2018-10,shared,buses,MP,31,vehicles,NewVehicleRegistration-2019-10.pdf
ZAF,2018-10,shared,buses,NC,6,vehicles,NewVehicleRegistration-2019-10.pdf
ZAF,2018-10,shared,buses,NW,4,vehicles,NewVehicleRegistration-2019-10.pdf
ZAF,2018-10,shared,buses,WC,47,vehicles,NewVehicleRegistration-2019-10.pdf
ZAF,2018-10,shared,buses,ZAF,283,vehicles,NewVehicleRegistration-2019-10.pdf
ZAF,2018-10,shared,cars,EC,2173,vehicles,NewVehicleRegistration-2019-10.pdf
ZAF,2018-10,shared,cars,FS,822,vehicles,NewVehicleRegistration-2019-10.pdf
ZAF,2018-10,shared,cars,GP,17661,vehicles,NewVehicleRegistration-2019-10.pdf
ZAF,2018-10,shared,cars,KZN,4906,vehicles,NewVehicleRegistration-2019-10.pdf
ZAF,2018-10,shared,cars,LP,908,vehicles,NewVehicleRegistration-2019-10.pdf
ZAF,2018-10,shared,cars,MP,1372,vehicles,NewVehicleRegistration-2019-10.pdf
ZAF,2018-10,shared,cars,NC,282,vehicles,NewVehicleRegistration-2019-10.pdf
ZAF,2018-10,shared,cars,NW,812,vehicles,NewVehicleRegistration-2019-10.pdf
ZAF,2018-10,shared,cars,WC,6020,vehicles,NewVehicleRegistration-2019-10.pdf
ZAF,2018-10,shared,cars,ZAF,34956,vehicles,NewVehicleRegistration-2019-10.pdf
ZAF,2018-10,shared,light_commercial,EC,785,vehicles,NewVehicleRegistration-2019-10.pdf
ZAF,2018-10,shared,light_commercial,FS,503,vehicles,NewVehicleRegistration-2019-10.pdf
ZAF,2018-10,shared,light_commercial,GP,4743,vehicles,NewVehicleRegistration-2019-10.pdf
ZAF,2018-10,shared,light_commercial,KZN,1843,vehicles,NewVehicleRegistration-2019-10.pdf
ZAF,2018-10,shared,light_commercial,LP,765,vehicles,NewVehicleRegistration-2019-10.pdf
ZAF,2018-10,shared,light_commercial,MP,885,vehicles,NewVehicleRegistration-2019-10.pdf
ZAF,2018-10,shared,light_commercial,NC,258,vehicles,NewVehicleRegistration-2019-10.pdf
ZAF,2018-10,shared,light_commercial,NW,556,vehicles,NewVehicleRegistration-2019-10.pdf
ZAF,2018-10,shared,light_commercial,WC,1164,vehicles,NewVehicleRegistration-2019-10.pdf
ZAF,2018-10,shared,light_commercial,ZAF,11502,vehicles,NewVehicleRegistration-2019-10.pdf
ZAF,2018-10,shared,minibuses,EC,231,vehicles,NewVehicleRegistration-2019-10.pdf
ZAF,2018-10,shared,minibuses,FS,44,vehicles,NewVehicleRegistration-2019-10.pdf
ZAF,2018-10,shared,minibuses,GP,1137,vehicles,NewVehicleRegistration-2019-10.pdf
ZAF,2018-10,shared,minibuses,KZN,325,vehicles,NewVehicleRegistration-2019-10.pdf
ZAF,2018-10,shared,minibuses,LP,163,vehicles,NewVehicleRegistration-2019-10.pdf
ZAF,2018-10,shared,minibuses,MP,141,vehicles,NewVehicleRegistration-2019-10.pdf
ZAF,2018-10,shared,minibuses,NC,30,vehicles,NewVehicleRegistration-2019-10.pdf
ZAF,2018-10,shared,minibuses,NW,75,vehicles,NewVehicleRegistration-2019-10.pdf
ZAF,2018-10,shared,minibuses,WC,230,vehicles,NewVehicleRegistration-2019-10.pdf
ZAF,2018-10,shared,minibuses,ZAF,2376,vehicles,NewVehicleRegistration-2019-10.pdf
ZAF,2018-10,shared,motorcycles,EC,78,vehicles,NewVehicleRegistration-2019-10.pdf
ZAF,2018-10,shared,motorcycles,FS,56,vehicles,NewVehicleRegistration-2019-10.pdf
ZAF,2018-10,shared,motorcycles,GP,751,vehicles,NewVehicleRegistration-2019-10.pdf
ZAF,2018-10,shared,motorcycles,KZN,227,vehicles,NewVehicleRegistration-2019-10.pdf
ZAF,2018-10,shared,motorcycles,LP,21,vehicles,NewVehicleRegistration-2019-10.pdf
ZAF,2018-10,shared,motorcycles,MP,56,vehicles,NewVehicleRegistration-2019-10.pdf
ZAF,2018-10,shared,motorcycles,NC,18,vehicles,NewVehicleRegistration-2019-10.pdf
ZAF,2018-10,shared,motorcycles,NW,24,vehicles,NewVehicleRegistration-2019-10.pdf
ZAF,2018-10,shared,motorcycles,WC,315,vehicles,NewVehicleRegistration-2019-10.pdf
ZAF,2018-10,shared,motorcycles,ZAF,1546,vehicles,NewVehicleRegistration-2019-10.pdf
ZAF,2018-10,shared,other_self_propelled,EC,115,vehicles,NewVehicleRegistration-2019-10.pdf
ZAF,2018-10,shared,other_self_propelled,FS,112,vehicles,NewVehicleRegistration-2019-10.pdf
ZAF,2018-10,shared,other_self_propelled,GP,195,vehicles,NewVehicleRegistration-2019-10.pdf
ZAF,2018-10,shared,other_self_propelled,KZN,135,vehicles,NewVehicleRegistration-2019-10.pdf
ZAF,2018-10,shared,other_self_propelled,LP,73,vehicles,NewVehicleRegistration-2019-10.pdf
ZAF,2018-10,shared,other_self_propelled,MP,115,vehicles,NewVehicleRegistration-2019-10.pdf
ZAF,2018-10,shared,other_self_propelled,NC,56,vehicles,NewVehicleRegistration-2019-10.pdf
ZAF,2018-10,shared,other_self_propelled,NW,57,vehicles,NewVehicleRegistration-2019-10.pdf
ZAF,2018-10,shared,other_self_propelled,WC,148,vehicles,NewVehicleRegistration-2019-10.pdf
ZAF,2018-10,shared,other_self_propelled,ZAF,1006,vehicles,NewVehicleRegistration-2019-10.pdf
ZAF,2018-10,shared,total_self_propelled,EC,3545,vehicles,NewVehicleRegistration-2019-10.pdf
ZAF,2018-10,shared,total_self_propelled,FS,1647,vehicles,NewVehicleRegistration-2019-10.pdf
ZAF,2018-10,shared,total_self_propelled,GP,25530,vehicles,NewVehicleRegistration-2019-10.pdf
ZAF,2018-10,shared,total_self_propelled,KZN,7778,vehicles,NewVehicleRegistration-2019-10.pdf
ZAF,2018-10,shared,total_self_propelled,LP,2037,vehicles,NewVehicleRegistration-2019-10.pdf
ZAF,2018-10,shared,total_self_propelled,MP,2964,vehicles,NewVehicleRegistration-2019-10.pdf
ZAF,2018-10,shared,total_self_propelled,NC,698,vehicles,NewVehicleRegistration-2019-10.pdf
ZAF,2018-10,shared,total_self_propelled,NW,1595,vehicles,NewVehicleRegistration-2019-10.pdf
ZAF,2018-10,shared,total_self_propelled,WC,8142,vehicles,NewVehicleRegistration-2019-10.pdf
ZAF,2018-10,shared,total_self_propelled,ZAF,53936,vehicles,NewVehicleRegistration-2019-10.pdf
ZAF,2018-10,shared,trucks,EC,138,vehicles,NewVehicleRegistration-2019-10.pdf
ZAF,2018-10,shared,trucks,FS,104,vehicles,NewVehicleRegistration-2019-10.pdf
ZAF,2018-10,shared,trucks,GP,924,vehicles,NewVehicleRegistration-2019-10.pdf
ZAF,2018-10,shared,trucks,KZN,317,vehicles,NewVehicleRegistration-2019-10.pdf
ZAF,2018-10,shared,trucks,LP,87,vehicles,NewVehicleRegistration-2019-10.pdf
ZAF,2018-10,shared,trucks,MP,364,vehicles,NewVehicleRegistration-2019-10.pdf
ZAF,2018-10,shared,trucks,NC,48,vehicles,NewVehicleRegistration-2019-10.pdf
ZAF,2018-10,shared,trucks,NW,67,vehicles,NewVehicleRegistration-2019-10.pdf
ZAF,2018-10,shared,trucks,WC,218,vehicles,NewVehicleRegistration-2019-10.pdf
ZAF,2018-10,shared,trucks,ZAF,2267,vehicles,NewVehicleRegistration-2019-10.pdf
ZAF,2018-11,shared,buses,EC,17,vehicles,NewVehicleRegistration-2019-11.pdf
ZAF,2018-11,shared,buses,FS,1,vehicles,NewVehicleRegistration-2019-11.pdf
ZAF,2018-11,shared,buses,GP,106,vehicles,NewVehicleRegistration-2019-11.pdf
ZAF,2018-11,shared,buses,KZN,38,vehicles,NewVehicleRegistration-2019-11.pdf
ZAF,2018-11,shared,buses,LP,18,vehicles,NewVehicleRegistration-2019-11.pdf
ZAF,2018-11,shared,buses,MP,23,vehicles,NewVehicleRegistration-2019-11.pdf
ZAF,2018-11,shared,buses,NC,5,vehicles,NewVehicleRegistration-2019-11.pdf
ZAF,2018-11,shared,buses,NW,9,vehicles,NewVehicleRegistration-2019-11.pdf
ZAF,2018-11,shared,buses,WC,32,vehicles,NewVehicleRegistration-2019-11.pdf
ZAF,2018-11,shared,buses,ZAF,249,vehicles,NewVehicleRegistration-2019-11.pdf
ZAF,2018-11,shared,cars,EC,1624,vehicles,NewVehicleRegistration-2019-11.pdf
ZAF,2018-11,shared,cars,FS,626,vehicles,NewVehicleRegistration-2019-11.pdf
ZAF,2018-11,shared,cars,GP,11850,vehicles,NewVehicleRegistration-2019-11.pdf
ZAF,2018-11,shared,cars,KZN,4389,vehicles,NewVehicleRegistration-2019-11.pdf
ZAF,2018-11,shared,cars,LP,891,vehicles,NewVehicleRegistration-2019-11.pdf
ZAF,2018-11,shared,cars,MP,1100,vehicles,NewVehicleRegistration-2019-11.pdf
ZAF,2018-11,shared,cars,NC,273,vehicles,NewVehicleRegistration-2019-11.pdf
ZAF,2018-11,shared,cars,NW,740,vehicles,NewVehicleRegistration-2019-11.pdf
ZAF,2018-11,shared,cars,WC,4112,vehicles,NewVehicleRegistration-2019-11.pdf
ZAF,2018-11,shared,cars,ZAF,25605,vehicles,NewVehicleRegistration-2019-11.pdf
ZAF,2018-11,shared,light_commercial,EC,700,vehicles,NewVehicleRegistration-2019-11.pdf
ZAF,2018-11,shared,light_commercial,FS,387,vehicles,NewVehicleRegistration-2019-11.pdf
ZAF,2018-11,shared,light_commercial,GP,3977,vehicles,NewVehicleRegistration-2019-11.pdf
ZAF,2018-11,shared,light_commercial,KZN,1454,vehicles,NewVehicleRegistration-2019-11.pdf
ZAF,2018-11,shared,light_commercial,LP,663,vehicles,NewVehicleRegistration-2019-11.pdf
ZAF,2018-11,shared,light_commercial,MP,747,vehicles,NewVehicleRegistration-2019-11.pdf
ZAF,2018-11,shared,light_commercial,NC,295,vehicles,NewVehicleRegistration-2019-11.pdf
ZAF,2018-11,shared,light_commercial,NW,497,vehicles,NewVehicleRegistration-2019-11.pdf
ZAF,2018-11,shared,light_commercial,WC,1119,vehicles,NewVehicleRegistration-2019-11.pdf
ZAF,2018-11,shared,light_commercial,ZAF,9839,vehicles,NewVehicleRegistration-2019-11.pdf
ZAF,2018-11,shared,minibuses,EC,223,vehicles,NewVehicleRegistration-2019-11.pdf
ZAF,2018-11,shared,minibuses,FS,53,vehicles,NewVehicleRegistration-2019-11.pdf
ZAF,2018-11,shared,minibuses,GP,1038,vehicles,NewVehicleRegistration-2019-11.pdf
ZAF,2018-11,shared,minibuses,KZN,356,vehicles,NewVehicleRegistration-2019-11.pdf
ZAF,2018-11,shared,minibuses,LP,144,vehicles,NewVehicleRegistration-2019-11.pdf
ZAF,2018-11,shared,minibuses,MP,150,vehicles,NewVehicleRegistration-2019-11.pdf
ZAF,2018-11,shared,minibuses,NC,26,vehicles,NewVehicleRegistration-2019-11.pdf
ZAF,2018-11,shared,minibuses,NW,98,vehicles,NewVehicleRegistration-2019-11.pdf
ZAF,2018-11,shared,minibuses,WC,315,vehicles,NewVehicleRegistration-2019-11.pdf
ZAF,2018-11,shared,minibuses,ZAF,2403,vehicles,NewVehicleRegistration-2019-11.pdf
ZAF,2018-11,shared,motorcycles,EC,65,vehicles,NewVehicleRegistration-2019-11.pdf
ZAF,2018-11,shared,motorcycles,FS,44,vehicles,NewVehicleRegistration-2019-11.pdf
ZAF,2018-11,shared,motorcycles,GP,838,vehicles,NewVehicleRegistration-2019-11.pdf
ZAF,2018-11,shared,motorcycles,KZN,148,vehicles,NewVehicleRegistration-2019-11.pdf
ZAF,2018-11,shared,motorcycles,LP,34,vehicles,NewVehicleRegistration-2019-11.pdf
ZAF,2018-11,shared,motorcycles,MP,76,vehicles,NewVehicleRegistration-2019-11.pdf
ZAF,2018-11,shared,motorcycles,NC,31,vehicles,NewVehicleRegistration-2019-11.pdf
ZAF,2018-11,shared,motorcycles,NW,51,vehicles,NewVehicleRegistration-2019-11.pdf
ZAF,2018-11,shared,motorcycles,WC,364,vehicles,NewVehicleRegistration-2019-11.pdf
ZAF,2018-11,shared,motorcycles,ZAF,1651,vehicles,NewVehicleRegistration-2019-11.pdf
ZAF,2018-11,shared,other_self_propelled,EC,63,vehicles,NewVehicleRegistration-2019-11.pdf
ZAF,2018-11,shared,other_self_propelled,FS,86,vehicles,NewVehicleRegistration-2019-11.pdf
ZAF,2018-11,shared,other_self_propelled,GP,157,vehicles,NewVehicleRegistration-2019-11.pdf
ZAF,2018-11,shared,other_self_propelled,KZN,106,vehicles,NewVehicleRegistration-2019-11.pdf
ZAF,2018-11,shared,other_self_propelled,LP,56,vehicles,NewVehicleRegistration-2019-11.pdf
ZAF,2018-11,shared,other_self_propelled,MP,64,vehicles,NewVehicleRegistration-2019-11.pdf
ZAF,2018-11,shared,other_self_propelled,NC,34,vehicles,NewVehicleRegistration-2019-11.pdf
ZAF,2018-11,shared,other_self_propelled,NW,44,vehicles,NewVehicleRegistration-2019-11.pdf
ZAF,2018-11,shared,other_self_propelled,WC,89,vehicles,NewVehicleRegistration-2019-11.pdf
ZAF,2018-11,shared,other_self_propelled,ZAF,699,vehicles,NewVehicleRegistration-2019-11.pdf
ZAF,2018-11,shared,total_self_propelled,EC,2780,vehicles,NewVehicleRegistration-2019-11.pdf
ZAF,2018-11,shared,total_self_propelled,FS,1290,vehicles,NewVehicleRegistration-2019-11.pdf
ZAF,2018-11,shared,total_self_propelled,GP,18825,vehicles,NewVehicleRegistration-2019-11.pdf
ZAF,2018-11,shared,total_self_propelled,KZN,6767,vehicles,NewVehicleRegistration-2019-11.pdf
ZAF,2018-11,shared,total_self_propelled,LP,1874,vehicles,NewVehicleRegistration-2019-11.pdf
ZAF,2018-11,shared,total_self_propelled,MP,2523,vehicles,NewVehicleRegistration-2019-11.pdf
ZAF,2018-11,shared,total_self_propelled,NC,689,vehicles,NewVehicleRegistration-2019-11.pdf
ZAF,2018-11,shared,total_self_propelled,NW,1494,vehicles,NewVehicleRegistration-2019-11.pdf
ZAF,2018-11,shared,total_self_propelled,WC,6246,vehicles,NewVehicleRegistration-2019-11.pdf
ZAF,2018-11,shared,total_self_propelled,ZAF,42488,vehicles,NewVehicleRegistration-2019-11.pdf
ZAF,2018-11,shared,trucks,EC,88,vehicles,NewVehicleRegistration-2019-11.pdf
ZAF,2018-11,shared,trucks,FS,93,vehicles,NewVehicleRegistration-2019-11.pdf
ZAF,2018-11,shared,trucks,GP,859,vehicles,NewVehicleRegistration-2019-11.pdf
ZAF,2018-11,shared,trucks,KZN,276,vehicles,NewVehicleRegistration-2019-11.pdf
ZAF,2018-11,shared,trucks,LP,68,vehicles,NewVehicleRegistration-2019-11.pdf
ZAF,2018-11,shared,trucks,MP,363,vehicles,NewVehicleRegistration-2019-11.pdf
ZAF,2018-11,shared,trucks,NC,25,vehicles,NewVehicleRegistration-2019-11.pdf
ZAF,2018-11,shared,trucks,NW,55,vehicles,NewVehicleRegistration-2019-11.pdf
ZAF,2018-11,shared,trucks,WC,215,vehicles,NewVehicleRegistration-2019-11.pdf
ZAF,2018-11,shared,trucks,ZAF,2042,vehicles,NewVehicleRegistration-2019-11.pdf
ZAF,2018-12,shared,buses,EC,19,vehicles,NewVehicleRegistration-2019-12.pdf
ZAF,2018-12,shared,buses,FS,11,vehicles,NewVehicleRegistration-2019-12.pdf
ZAF,2018-12,shared,buses,GP,124,vehicles,NewVehicleRegistration-2019-12.pdf
ZAF,2018-12,shared,buses,KZN,16,vehicles,NewVehicleRegistration-2019-12.pdf
ZAF,2018-12,shared,buses,LP,14,vehicles,NewVehicleRegistration-2019-12.pdf
ZAF,2018-12,shared,buses,MP,17,vehicles,NewVehicleRegistration-2019-12.pdf
ZAF,2018-12,shared,buses,NC,6,vehicles,NewVehicleRegistration-2019-12.pdf
ZAF,2018-12,shared,buses,NW,1,vehicles,NewVehicleRegistration-2019-12.pdf
ZAF,2018-12,shared,buses,WC,32,vehicles,NewVehicleRegistration-2019-12.pdf
ZAF,2018-12,shared,buses,ZAF,240,vehicles,NewVehicleRegistration-2019-12.pdf
ZAF,2018-12,shared,cars,EC,661,vehicles,NewVehicleRegistration-2019-12.pdf
ZAF,2018-12,shared,cars,FS,354,vehicles,NewVehicleRegistration-2019-12.pdf
ZAF,2018-12,shared,cars,GP,4600,vehicles,NewVehicleRegistration-2019-12.pdf
ZAF,2018-12,shared,cars,KZN,2016,vehicles,NewVehicleRegistration-2019-12.pdf
ZAF,2018-12,shared,cars,LP,559,vehicles,NewVehicleRegistration-2019-12.pdf
ZAF,2018-12,shared,cars,MP,648,vehicles,NewVehicleRegistration-2019-12.pdf
ZAF,2018-12,shared,cars,NC,172,vehicles,NewVehicleRegistration-2019-12.pdf
ZAF,2018-12,shared,cars,NW,447,vehicles,NewVehicleRegistration-2019-12.pdf
ZAF,2018-12,shared,cars,WC,1899,vehicles,NewVehicleRegistration-2019-12.pdf
ZAF,2018-12,shared,cars,ZAF,11356,vehicles,NewVehicleRegistration-2019-12.pdf
ZAF,2018-12,shared,light_commercial,EC,336,vehicles,NewVehicleRegistration-2019-12.pdf
ZAF,2018-12,shared,light_commercial,FS,203,vehicles,NewVehicleRegistration-2019-12.pdf
ZAF,2018-12,shared,light_commercial,GP,2060,vehicles,NewVehicleRegistration-2019-12.pdf
ZAF,2018-12,shared,light_commercial,KZN,799,vehicles,NewVehicleRegistration-2019-12.pdf
ZAF,2018-12,shared,light_commercial,LP,345,vehicles,NewVehicleRegistration-2019-12.pdf
ZAF,2018-12,shared,light_commercial,MP,395,vehicles,NewVehicleRegistration-2019-12.pdf
ZAF,2018-12,shared,light_commercial,NC,121,vehicles,NewVehicleRegistration-2019-12.pdf
ZAF,2018-12,shared,light_commercial,NW,256,vehicles,NewVehicleRegistration-2019-12.pdf
ZAF,2018-12,shared,light_commercial,WC,478,vehicles,NewVehicleRegistration-2019-12.pdf
ZAF,2018-12,shared,light_commercial,ZAF,4993,vehicles,NewVehicleRegistration-2019-12.pdf
ZAF,2018-12,shared,minibuses,EC,98,vehicles,NewVehicleRegistration-2019-12.pdf
ZAF,2018-12,shared,minibuses,FS,23,vehicles,NewVehicleRegistration-2019-12.pdf
ZAF,2018-12,shared,minibuses,GP,482,vehicles,NewVehicleRegistration-2019-12.pdf
ZAF,2018-12,shared,minibuses,KZN,213,vehicles,NewVehicleRegistration-2019-12.pdf
ZAF,2018-12,shared,minibuses,LP,112,vehicles,NewVehicleRegistration-2019-12.pdf
ZAF,2018-12,shared,minibuses,MP,92,vehicles,NewVehicleRegistration-2019-12.pdf
ZAF,2018-12,shared,minibuses,NC,26,vehicles,NewVehicleRegistration-2019-12.pdf
ZAF,2018-12,shared,minibuses,NW,60,vehicles,NewVehicleRegistration-2019-12.pdf
ZAF,2018-12,shared,minibuses,WC,167,vehicles,NewVehicleRegistration-2019-12.pdf
ZAF,2018-12,shared,minibuses,ZAF,1273,vehicles,NewVehicleRegistration-2019-12.pdf
ZAF,2018-12,shared,motorcycles,EC,36,vehicles,NewVehicleRegistration-2019-12.pdf
ZAF,2018-12,shared,motorcycles,FS,56,vehicles,NewVehicleRegistration-2019-12.pdf
ZAF,2018-12,shared,motorcycles,GP,335,vehicles,NewVehicleRegistration-2019-12.pdf
ZAF,2018-12,shared,motorcycles,KZN,95,vehicles,NewVehicleRegistration-2019-12.pdf
ZAF,2018-12,shared,motorcycles,LP,10,vehicles,NewVehicleRegistration-2019-12.pdf
ZAF,2018-12,shared,motorcycles,MP,29,vehicles,NewVehicleRegistration-2019-12.pdf
ZAF,2018-12,shared,motorcycles,NC,19,vehicles,NewVehicleRegistration-2019-12.pdf
ZAF,2018-12,shared,motorcycles,NW,21,vehicles,NewVehicleRegistration-2019-12.pdf
ZAF,2018-12,shared,motorcycles,WC,193,vehicles,NewVehicleRegistration-2019-12.pdf
ZAF,2018-12,shared,motorcycles,ZAF,794,vehicles,NewVehicleRegistration-2019-12.pdf
ZAF,2018-12,shared,other_self_propelled,EC,49,vehicles,NewVehicleRegistration-2019-12.pdf
ZAF,2018-12,shared,other_self_propelled,FS,36,vehicles,NewVehicleRegistration-2019-12.pdf
ZAF,2018-12,shared,other_self_propelled,GP,109,vehicles,NewVehicleRegistration-2019-12.pdf
ZAF,2018-12,shared,other_self_propelled,KZN,58,vehicles,NewVehicleRegistration-2019-12.pdf
ZAF,2018-12,shared,other_self_propelled,LP,24,vehicles,NewVehicleRegistration-2019-12.pdf
ZAF,2018-12,shared,other_self_propelled,MP,50,vehicles,NewVehicleRegistration-2019-12.pdf
ZAF,2018-12,shared,other_self_propelled,NC,17,vehicles,NewVehicleRegistration-2019-12.pdf
ZAF,2018-12,shared,other_self_propelled,NW,22,vehicles,NewVehicleRegistration-2019-12.pdf
ZAF,2018-12,shared,other_self_propelled,WC,59,vehicles,NewVehicleRegistration-2019-12.pdf
ZAF,2018-12,shared,other_self_propelled,ZAF,424,vehicles,NewVehicleRegistration-2019-12.pdf
ZAF,2018-12,shared,total_self_propelled,EC,1254,vehicles,NewVehicleRegistration-2019-12.pdf
ZAF,2018-12,shared,total_self_propelled,FS,730,vehicles,NewVehicleRegistration-2019-12.pdf
ZAF,2018-12,shared,total_self_propelled,GP,8205,vehicles,NewVehicleRegistration-2019-12.pdf
ZAF,2018-12,shared,total_self_propelled,KZN,3361,vehicles,NewVehicleRegistration-2019-12.pdf
ZAF,2018-12,shared,total_self_propelled,LP,1384,vehicles,NewVehicleRegistration-2019-12.pdf
ZAF,2018-12,shared,total_self_propelled,MP,1346,vehicles,NewVehicleRegistration-2019-12.pdf
ZAF,2018-12,shared,total_self_propelled,NC,389,vehicles,NewVehicleRegistration-2019-12.pdf
ZAF,2018-12,shared,total_self_propelled,NW,831,vehicles,NewVehicleRegistration-2019-12.pdf
ZAF,2018-12,shared,total_self_propelled,WC,2932,vehicles,NewVehicleRegistration-2019-12.pdf
ZAF,2018-12,shared,total_self_propelled,ZAF,20432,vehicles,NewVehicleRegistration-2019-12.pdf
ZAF,2018-12,shared,trucks,EC,55,vehicles,NewVehicleRegistration-2019-12.pdf
ZAF,2018-12,shared,trucks,FS,47,vehicles,NewVehicleRegistration-2019-12.pdf
ZAF,2018-12,shared,trucks,GP,495,vehicles,NewVehicleRegistration-2019-12.pdf
ZAF,2018-12,shared,trucks,KZN,164,vehicles,NewVehicleRegistration-2019-12.pdf
ZAF,2018-12,shared,trucks,LP,320,vehicles,NewVehicleRegistration-2019-12.pdf
ZAF,2018-12,shared,trucks,MP,115,vehicles,NewVehicleRegistration-2019-12.pdf
ZAF,2018-12,shared,trucks,NC,28,vehicles,NewVehicleRegistration-2019-12.pdf
ZAF,2018-12,shared,trucks,NW,24,vehicles,NewVehicleRegistration-2019-12.pdf
ZAF,2018-12,shared,trucks,WC,104,vehicles,NewVehicleRegistration-2019-12.pdf
ZAF,2018-12,shared,trucks,ZAF,1352,vehicles,NewVehicleRegistration-2019-12.pdf
ZAF,2019-01,shared,buses,EC,17,vehicles,NewVehicleRegistration-2020-01.pdf
ZAF,2019-01,shared,buses,FS,14,vehicles,NewVehicleRegistration-2020-01.pdf
ZAF,2019-01,shared,buses,GP,86,vehicles,NewVehicleRegistration-2020-01.pdf
ZAF,2019-01,shared,buses,KZN,14,vehicles,NewVehicleRegistration-2020-01.pdf
ZAF,2019-01,shared,buses,LP,18,vehicles,NewVehicleRegistration-2020-01.pdf
ZAF,2019-01,shared,buses,MP,29,vehicles,NewVehicleRegistration-2020-01.pdf
ZAF,2019-01,shared,buses,NC,4,vehicles,NewVehicleRegistration-2020-01.pdf
ZAF,2019-01,shared,buses,NW,9,vehicles,NewVehicleRegistration-2020-01.pdf
ZAF,2019-01,shared,buses,WC,17,vehicles,NewVehicleRegistration-2020-01.pdf
ZAF,2019-01,shared,buses,ZAF,208,vehicles,NewVehicleRegistration-2020-01.pdf
ZAF,2019-01,shared,cars,EC,2176,vehicles,NewVehicleRegistration-2020-01.pdf
ZAF,2019-01,shared,cars,FS,1083,vehicles,NewVehicleRegistration-2020-01.pdf
ZAF,2019-01,shared,cars,GP,25156,vehicles,NewVehicleRegistration-2020-01.pdf
ZAF,2019-01,shared,cars,KZN,7071,vehicles,NewVehicleRegistration-2020-01.pdf
ZAF,2019-01,shared,cars,LP,1253,vehicles,NewVehicleRegistration-2020-01.pdf
ZAF,2019-01,shared,cars,MP,1562,vehicles,NewVehicleRegistration-2020-01.pdf
ZAF,2019-01,shared,cars,NC,424,vehicles,NewVehicleRegistration-2020-01.pdf
ZAF,2019-01,shared,cars,NW,1155,vehicles,NewVehicleRegistration-2020-01.pdf
ZAF,2019-01,shared,cars,WC,7003,vehicles,NewVehicleRegistration-2020-01.pdf
ZAF,2019-01,shared,cars,ZAF,46883,vehicles,NewVehicleRegistration-2020-01.pdf
ZAF,2019-01,shared,light_commercial,EC,1100,vehicles,NewVehicleRegistration-2020-01.pdf
ZAF,2019-01,shared,light_commercial,FS,623,vehicles,NewVehicleRegistration-2020-01.pdf
ZAF,2019-01,shared,light_commercial,GP,5476,vehicles,NewVehicleRegistration-2020-01.pdf
ZAF,2019-01,shared,light_commercial,KZN,2091,vehicles,NewVehicleRegistration-2020-01.pdf
ZAF,2019-01,shared,light_commercial,LP,854,vehicles,NewVehicleRegistration-2020-01.pdf
ZAF,2019-01,shared,light_commercial,MP,1082,vehicles,NewVehicleRegistration-2020-01.pdf
ZAF,2019-01,shared,light_commercial,NC,335,vehicles,NewVehicleRegistration-2020-01.pdf
ZAF,2019-01,shared,light_commercial,NW,735,vehicles,NewVehicleRegistration-2020-01.pdf
ZAF,2019-01,shared,light_commercial,WC,1826,vehicles,NewVehicleRegistration-2020-01.pdf
ZAF,2019-01,shared,light_commercial,ZAF,14122,vehicles,NewVehicleRegistration-2020-01.pdf
ZAF,2019-01,shared,minibuses,EC,152,vehicles,NewVehicleRegistration-2020-01.pdf
ZAF,2019-01,shared,minibuses,FS,47,vehicles,NewVehicleRegistration-2020-01.pdf
ZAF,2019-01,shared,minibuses,GP,910,vehicles,NewVehicleRegistration-2020-01.pdf
ZAF,2019-01,shared,minibuses,KZN,323,vehicles,NewVehicleRegistration-2020-01.pdf
ZAF,2019-01,shared,minibuses,LP,104,vehicles,NewVehicleRegistration-2020-01.pdf
ZAF,2019-01,shared,minibuses,MP,136,vehicles,NewVehicleRegistration-2020-01.pdf
ZAF,2019-01,shared,minibuses,NC,24,vehicles,NewVehicleRegistration-2020-01.pdf
ZAF,2019-01,shared,minibuses,NW,67,vehicles,NewVehicleRegistration-2020-01.pdf
ZAF,2019-01,shared,minibuses,WC,203,vehicles,NewVehicleRegistration-2020-01.pdf
ZAF,2019-01,shared,minibuses,ZAF,1966,vehicles,NewVehicleRegistration-2020-01.pdf
ZAF,2019-01,shared,motorcycles,EC,77,vehicles,NewVehicleRegistration-2020-01.pdf
ZAF,2019-01,shared,motorcycles,FS,56,vehicles,NewVehicleRegistration-2020-01.pdf
ZAF,2019-01,shared,motorcycles,GP,799,vehicles,NewVehicleRegistration-2020-01.pdf
ZAF,2019-01,shared,motorcycles,KZN,161,vehicles,NewVehicleRegistration-2020-01.pdf
ZAF,2019-01,shared,motorcycles,LP,30,vehicles,NewVehicleRegistration-2020-01.pdf
ZAF,2019-01,shared,motorcycles,MP,55,vehicles,NewVehicleRegistration-2020-01.pdf
ZAF,2019-01,shared,motorcycles,NC,19,vehicles,NewVehicleRegistration-2020-01.pdf
ZAF,2019-01,shared,motorcycles,NW,52,vehicles,NewVehicleRegistration-2020-01.pdf
ZAF,2019-01,shared,motorcycles,WC,370,vehicles,NewVehicleRegistration-2020-01.pdf
ZAF,2019-01,shared,motorcycles,ZAF,1619,vehicles,NewVehicleRegistration-2020-01.pdf
ZAF,2019-01,shared,other_self_propelled,EC,60,vehicles,NewVehicleRegistration-2020-01.pdf
ZAF,2019-01,shared,other_self_propelled,FS,98,vehicles,NewVehicleRegistration-2020-01.pdf
ZAF,2019-01,shared,other_self_propelled,GP,113,vehicles,NewVehicleRegistration-2020-01.pdf
ZAF,2019-01,shared,other_self_propelled,KZN,93,vehicles,NewVehicleRegistration-2020-01.pdf
ZAF,2019-01,shared,other_self_propelled,LP,30,vehicles,NewVehicleRegistration-2020-01.pdf
ZAF,2019-01,shared,other_self_propelled,MP,72,vehicles,NewVehicleRegistration-2020-01.pdf
ZAF,2019-01,shared,other_self_propelled,NC,69,vehicles,NewVehicleRegistration-2020-01.pdf
ZAF,2019-01,shared,other_self_propelled,NW,55,vehicles,NewVehicleRegistration-2020-01.pdf
ZAF,2019-01,shared,other_self_propelled,WC,119,vehicles,NewVehicleRegistration-2020-01.pdf
ZAF,2019-01,shared,other_self_propelled,ZAF,709,vehicles,NewVehicleRegistration-2020-01.pdf
ZAF,2019-01,shared,total_self_propelled,EC,3677,vehicles,NewVehicleRegistration-2020-01.pdf
ZAF,2019-01,shared,total_self_propelled,FS,1986,vehicles,NewVehicleRegistration-2020-01.pdf
ZAF,2019-01,shared,total_self_propelled,GP,33216,vehicles,NewVehicleRegistration-2020-01.pdf
ZAF,2019-01,shared,total_self_propelled,KZN,9960,vehicles,NewVehicleRegistration-2020-01.pdf
ZAF,2019-01,shared,total_self_propelled,LP,2351,vehicles,NewVehicleRegistration-2020-01.pdf
ZAF,2019-01,shared,total_self_propelled,MP,3107,vehicles,NewVehicleRegistration-2020-01.pdf
ZAF,2019-01,shared,total_self_propelled,NC,902,vehicles,NewVehicleRegistration-2020-01.pdf
ZAF,2019-01,shared,total_self_propelled,NW,2123,vehicles,NewVehicleRegistration-2020-01.pdf
ZAF,2019-01,shared,total_self_propelled,WC,9664,vehicles,NewVehicleRegistration-2020-01.pdf
ZAF,2019-01,shared,total_self_propelled,ZAF,66986,vehicles,NewVehicleRegistration-2020-01.pdf
ZAF,2019-01,shared,trucks,EC,95,vehicles,NewVehicleRegistration-2020-01.pdf
ZAF,2019-01,shared,trucks,FS,65,vehicles,NewVehicleRegistration-2020-01.pdf
ZAF,2019-01,shared,trucks,GP,676,vehicles,NewVehicleRegistration-2020-01.pdf
ZAF,2019-01,shared,trucks,KZN,207,vehicles,NewVehicleRegistration-2020-01.pdf
ZAF,2019-01,shared,trucks,LP,62,vehicles,NewVehicleRegistration-2020-01.pdf
ZAF,2019-01,shared,trucks,MP,171,vehicles,NewVehicleRegistration-2020-01.pdf
ZAF,2019-01,shared,trucks,NC,27,vehicles,NewVehicleRegistration-2020-01.pdf
ZAF,2019-01,shared,trucks,NW,50,vehicles,NewVehicleRegistration-2020-01.pdf
ZAF,2019-01,shared,trucks,WC,126,vehicles,NewVehicleRegistration-2020-01.pdf
ZAF,2019-01,shared,trucks,ZAF,1479,vehicles,NewVehicleRegistration-2020-01.pdf
ZAF,2019-02,shared,buses,EC,17,vehicles,NewVehicleRegistration-2020-02.pdf
ZAF,2019-02,shared,buses,FS,16,vehicles,NewVehicleRegistration-2020-02.pdf
ZAF,2019-02,shared,buses,GP,67,vehicles,NewVehicleRegistration-2020-02.pdf
ZAF,2019-02,shared,buses,KZN,42,vehicles,NewVehicleRegistration-2020-02.pdf
ZAF,2019-02,shared,buses,LP,22,vehicles,NewVehicleRegistration-2020-02.pdf
ZAF,2019-02,shared,buses,MP,21,vehicles,NewVehicleRegistration-2020-02.pdf
ZAF,2019-02,shared,buses,NC,1,vehicles,NewVehicleRegistration-2020-02.pdf
ZAF,2019-02,shared,buses,NW,2,vehicles,NewVehicleRegistration-2020-02.pdf
ZAF,2019-02,shared,buses,WC,38,vehicles,NewVehicleRegistration-2020-02.pdf
ZAF,2019-02,shared,buses,ZAF,226,vehicles,NewVehicleRegistration-2020-02.pdf
ZAF,2019-02,shared,cars,EC,1429,vehicles,NewVehicleRegistration-2020-02.pdf
ZAF,2019-02,shared,cars,FS,733,vehicles,NewVehicleRegistration-2020-02.pdf
ZAF,2019-02,shared,cars,GP,13636,vehicles,NewVehicleRegistration-2020-02.pdf
ZAF,2019-02,shared,cars,KZN,4364,vehicles,NewVehicleRegistration-2020-02.pdf
ZAF,2019-02,shared,cars,LP,883,vehicles,NewVehicleRegistration-2020-02.pdf
ZAF,2019-02,shared,cars,MP,1085,vehicles,NewVehicleRegistration-2020-02.pdf
ZAF,2019-02,shared,cars,NC,215,vehicles,NewVehicleRegistration-2020-02.pdf
ZAF,2019-02,shared,cars,NW,774,vehicles,NewVehicleRegistration-2020-02.pdf
ZAF,2019-02,shared,cars,WC,2883,vehicles,NewVehicleRegistration-2020-02.pdf
ZAF,2019-02,shared,cars,ZAF,26002,vehicles,NewVehicleRegistration-2020-02.pdf
ZAF,2019-02,shared,light_commercial,EC,667,vehicles,NewVehicleRegistration-2020-02.pdf
ZAF,2019-02,shared,light_commercial,FS,431,vehicles,NewVehicleRegistration-2020-02.pdf
ZAF,2019-02,shared,light_commercial,GP,4570,vehicles,NewVehicleRegistration-2020-02.pdf
ZAF,2019-02,shared,light_commercial,KZN,1627,vehicles,NewVehicleRegistration-2020-02.pdf
ZAF,2019-02,shared,light_commercial,LP,679,vehicles,NewVehicleRegistration-2020-02.pdf
ZAF,2019-02,shared,light_commercial,MP,796,vehicles,NewVehicleRegistration-2020-02.pdf
ZAF,2019-02,shared,light_commercial,NC,268,vehicles,NewVehicleRegistration-2020-02.pdf
ZAF,2019-02,shared,light_commercial,NW,612,vehicles,NewVehicleRegistration-2020-02.pdf
ZAF,2019-02,shared,light_commercial,WC,1156,vehicles,NewVehicleRegistration-2020-02.pdf
ZAF,2019-02,shared,light_commercial,ZAF,10806,vehicles,NewVehicleRegistration-2020-02.pdf
ZAF,2019-02,shared,minibuses,EC,112,vehicles,NewVehicleRegistration-2020-02.pdf
ZAF,2019-02,shared,minibuses,FS,50,vehicles,NewVehicleRegistration-2020-02.pdf
ZAF,2019-02,shared,minibuses,GP,730,vehicles,NewVehicleRegistration-2020-02.pdf
ZAF,2019-02,shared,minibuses,KZN,270,vehicles,NewVehicleRegistration-2020-02.pdf
ZAF,2019-02,shared,minibuses,LP,148,vehicles,NewVehicleRegistration-2020-02.pdf
ZAF,2019-02,shared,minibuses,MP,126,vehicles,NewVehicleRegistration-2020-02.pdf
ZAF,2019-02,shared,minibuses,NC,22,vehicles,NewVehicleRegistration-2020-02.pdf
ZAF,2019-02,shared,minibuses,NW,74,vehicles,NewVehicleRegistration-2020-02.pdf
ZAF,2019-02,shared,minibuses,WC,229,vehicles,NewVehicleRegistration-2020-02.pdf
ZAF,2019-02,shared,minibuses,ZAF,1761,vehicles,NewVehicleRegistration-2020-02.pdf
ZAF,2019-02,shared,motorcycles,EC,48,vehicles,NewVehicleRegistration-2020-02.pdf
ZAF,2019-02,shared,motorcycles,FS,72,vehicles,NewVehicleRegistration-2020-02.pdf
ZAF,2019-02,shared,motorcycles,GP,726,vehicles,NewVehicleRegistration-2020-02.pdf
ZAF,2019-02,shared,motorcycles,KZN,138,vehicles,NewVehicleRegistration-2020-02.pdf
ZAF,2019-02,shared,motorcycles,LP,20,vehicles,NewVehicleRegistration-2020-02.pdf
ZAF,2019-02,shared,motorcycles,MP,61,vehicles,NewVehicleRegistration-2020-02.pdf
ZAF,2019-02,shared,motorcycles,NC,18,vehicles,NewVehicleRegistration-2020-02.pdf
ZAF,2019-02,shared,motorcycles,NW,45,vehicles,NewVehicleRegistration-2020-02.pdf
ZAF,2019-02,shared,motorcycles,WC,281,vehicles,NewVehicleRegistration-2020-02.pdf
ZAF,2019-02,shared,motorcycles,ZAF,1409,vehicles,NewVehicleRegistration-2020-02.pdf
ZAF,2019-02,shared,other_self_propelled,EC,60,vehicles,NewVehicleRegistration-2020-02.pdf
ZAF,2019-02,shared,other_self_propelled,FS,104,vehicles,NewVehicleRegistration-2020-02.pdf
ZAF,2019-02,shared,other_self_propelled,GP,181,vehicles,NewVehicleRegistration-2020-02.pdf
ZAF,2019-02,shared,other_self_propelled,KZN,94,vehicles,NewVehicleRegistration-2020-02.pdf
ZAF,2019-02,shared,other_self_propelled,LP,71,vehicles,NewVehicleRegistration-2020-02.pdf
ZAF,2019-02,shared,other_self_propelled,MP,58,vehicles,NewVehicleRegistration-2020-02.pdf
ZAF,2019-02,shared,other_self_propelled,NC,23,vehicles,NewVehicleRegistration-2020-02.pdf
ZAF,2019-02,shared,other_self_propelled,NW,52,vehicles,NewVehicleRegistration-2020-02.pdf
ZAF,2019-02,shared,other_self_propelled,WC,108,vehicles,NewVehicleRegistration-2020-02.pdf
ZAF,2019-02,shared,other_self_propelled,ZAF,751,vehicles,NewVehicleRegistration-2020-02.pdf
ZAF,2019-02,shared,total_self_propelled,EC,2428,vehicles,NewVehicleRegistration-2020-02.pdf
ZAF,2019-02,shared,total_self_propelled,FS,1562,vehicles,NewVehicleRegistration-2020-02.pdf
ZAF,2019-02,shared,total_self_propelled,GP,20530,vehicles,NewVehicleRegistration-2020-02.pdf
ZAF,2019-02,shared,total_self_propelled,KZN,6720,vehicles,NewVehicleRegistration-2020-02.pdf
ZAF,2019-02,shared,total_self_propelled,LP,1876,vehicles,NewVehicleRegistration-2020-02.pdf
ZAF,2019-02,shared,total_self_propelled,MP,2453,vehicles,NewVehicleRegistration-2020-02.pdf
ZAF,2019-02,shared,total_self_propelled,NC,562,vehicles,NewVehicleRegistration-2020-02.pdf
ZAF,2019-02,shared,total_self_propelled,NW,1602,vehicles,NewVehicleRegistration-2020-02.pdf
ZAF,2019-02,shared,total_self_propelled,WC,4863,vehicles,NewVehicleRegistration-2020-02.pdf
ZAF,2019-02,shared,total_self_propelled,ZAF,42596,vehicles,NewVehicleRegistration-2020-02.pdf
ZAF,2019-02,shared,trucks,EC,95,vehicles,NewVehicleRegistration-2020-02.pdf
ZAF,2019-02,shared,trucks,FS,156,vehicles,NewVehicleRegistration-2020-02.pdf
ZAF,2019-02,shared,trucks,GP,620,vehicles,NewVehicleRegistration-2020-02.pdf
ZAF,2019-02,shared,trucks,KZN,185,vehicles,NewVehicleRegistration-2020-02.pdf
ZAF,2019-02,shared,trucks,LP,53,vehicles,NewVehicleRegistration-2020-02.pdf
ZAF,2019-02,shared,trucks,MP,306,vehicles,NewVehicleRegistration-2020-02.pdf
ZAF,2019-02,shared,trucks,NC,15,vehicles,NewVehicleRegistration-2020-02.pdf
ZAF,2019-02,shared,trucks,NW,43,vehicles,NewVehicleRegistration-2020-02.pdf
ZAF,2019-02,shared,trucks,WC,168,vehicles,NewVehicleRegistration-2020-02.pdf
ZAF,2019-02,shared,trucks,ZAF,1641,vehicles,NewVehicleRegistration-2020-02.pdf
ZAF,2019-03,shared,buses,EC,28,vehicles,NewVehicleRegistration-2020-03.pdf
ZAF,2019-03,shared,buses,FS,4,vehicles,NewVehicleRegistration-2020-03.pdf
ZAF,2019-03,shared,buses,GP,53,vehicles,NewVehicleRegistration-2020-03.pdf
ZAF,2019-03,shared,buses,KZN,41,vehicles,NewVehicleRegistration-2020-03.pdf
ZAF,2019-03,shared,buses,LP,7,vehicles,NewVehicleRegistration-2020-03.pdf
ZAF,2019-03,shared,buses,MP,11,vehicles,NewVehicleRegistration-2020-03.pdf
ZAF,2019-03,shared,buses,NC,5,vehicles,NewVehicleRegistration-2020-03.pdf
ZAF,2019-03,shared,buses,NW,3,vehicles,NewVehicleRegistration-2020-03.pdf
ZAF,2019-03,shared,buses,WC,18,vehicles,NewVehicleRegistration-2020-03.pdf
ZAF,2019-03,shared,buses,ZAF,170,vehicles,NewVehicleRegistration-2020-03.pdf
ZAF,2019-03,shared,cars,EC,1345,vehicles,NewVehicleRegistration-2020-03.pdf
ZAF,2019-03,shared,cars,FS,711,vehicles,NewVehicleRegistration-2020-03.pdf
ZAF,2019-03,shared,cars,GP,12484,vehicles,NewVehicleRegistration-2020-03.pdf
ZAF,2019-03,shared,cars,KZN,4372,vehicles,NewVehicleRegistration-2020-03.pdf
ZAF,2019-03,shared,cars,LP,859,vehicles,NewVehicleRegistration-2020-03.pdf
ZAF,2019-03,shared,cars,MP,1020,vehicles,NewVehicleRegistration-2020-03.pdf
ZAF,2019-03,shared,cars,NC,278,vehicles,NewVehicleRegistration-2020-03.pdf
ZAF,2019-03,shared,cars,NW,728,vehicles,NewVehicleRegistration-2020-03.pdf
ZAF,2019-03,shared,cars,WC,2864,vehicles,NewVehicleRegistration-2020-03.pdf
ZAF,2019-03,shared,cars,ZAF,24661,vehicles,NewVehicleRegistration-2020-03.pdf
ZAF,2019-03,shared,light_commercial,EC,705,vehicles,NewVehicleRegistration-2020-03.pdf
ZAF,2019-03,shared,light_commercial,FS,480,vehicles,NewVehicleRegistration-2020-03.pdf
ZAF,2019-03,shared,light_commercial,GP,4532,vehicles,NewVehicleRegistration-2020-03.pdf
ZAF,2019-03,shared,light_commercial,KZN,1580,vehicles,NewVehicleRegistration-2020-03.pdf
ZAF,2019-03,shared,light_commercial,LP,703,vehicles,NewVehicleRegistration-2020-03.pdf
ZAF,2019-03,shared,light_commercial,MP,754,vehicles,NewVehicleRegistration-2020-03.pdf
ZAF,2019-03,shared,light_commercial,NC,249,vehicles,NewVehicleRegistration-2020-03.pdf
ZAF,2019-03,shared,light_commercial,NW,535,vehicles,NewVehicleRegistration-2020-03.pdf
ZAF,2019-03,shared,light_commercial,WC,1067,vehicles,NewVehicleRegistration-2020-03.pdf
ZAF,2019-03,shared,light_commercial,ZAF,10605,vehicles,NewVehicleRegistration-2020-03.pdf
ZAF,2019-03,shared,minibuses,EC,122,vehicles,NewVehicleRegistration-2020-03.pdf
ZAF,2019-03,shared,minibuses,FS,38,vehicles,NewVehicleRegistration-2020-03.pdf
ZAF,2019-03,shared,minibuses,GP,615,vehicles,NewVehicleRegistration-2020-03.pdf
ZAF,2019-03,shared,minibuses,KZN,230,vehicles,NewVehicleRegistration-2020-03.pdf
ZAF,2019-03,shared,minibuses,LP,136,vehicles,NewVehicleRegistration-2020-03.pdf
ZAF,2019-03,shared,minibuses,MP,95,vehicles,NewVehicleRegistration-2020-03.pdf
ZAF,2019-03,shared,minibuses,NC,34,vehicles,NewVehicleRegistration-2020-03.pdf
ZAF,2019-03,shared,minibuses,NW,52,vehicles,NewVehicleRegistration-2020-03.pdf
ZAF,2019-03,shared,minibuses,WC,185,vehicles,NewVehicleRegistration-2020-03.pdf
ZAF,2019-03,shared,minibuses,ZAF,1507,vehicles,NewVehicleRegistration-2020-03.pdf
ZAF,2019-03,shared,motorcycles,EC,54,vehicles,NewVehicleRegistration-2020-03.pdf
ZAF,2019-03,shared,motorcycles,FS,72,vehicles,NewVehicleRegistration-2020-03.pdf
ZAF,2019-03,shared,motorcycles,GP,731,vehicles,NewVehicleRegistration-2020-03.pdf
ZAF,2019-03,shared,motorcycles,KZN,152,vehicles,NewVehicleRegistration-2020-03.pdf
ZAF,2019-03,shared,motorcycles,LP,25,vehicles,NewVehicleRegistration-2020-03.pdf
ZAF,2019-03,shared,motorcycles,MP,51,vehicles,NewVehicleRegistration-2020-03.pdf
ZAF,2019-03,shared,motorcycles,NC,19,vehicles,NewVehicleRegistration-2020-03.pdf
ZAF,2019-03,shared,motorcycles,NW,38,vehicles,NewVehicleRegistration-2020-03.pdf
ZAF,2019-03,shared,motorcycles,WC,265,vehicles,NewVehicleRegistration-2020-03.pdf
ZAF,2019-03,shared,motorcycles,ZAF,1407,vehicles,NewVehicleRegistration-2020-03.pdf
ZAF,2019-03,shared,other_self_propelled,EC,51,vehicles,NewVehicleRegistration-2020-03.pdf
ZAF,2019-03,shared,other_self_propelled,FS,74,vehicles,NewVehicleRegistration-2020-03.pdf
ZAF,2019-03,shared,other_self_propelled,GP,145,vehicles,NewVehicleRegistration-2020-03.pdf
ZAF,2019-03,shared,other_self_propelled,KZN,125,vehicles,NewVehicleRegistration-2020-03.pdf
ZAF,2019-03,shared,other_self_propelled,LP,36,vehicles,NewVehicleRegistration-2020-03.pdf
ZAF,2019-03,shared,other_self_propelled,MP,71,vehicles,NewVehicleRegistration-2020-03.pdf
ZAF,2019-03,shared,other_self_propelled,NC,25,vehicles,NewVehicleRegistration-2020-03.pdf
ZAF,2019-03,shared,other_self_propelled,NW,59,vehicles,NewVehicleRegistration-2020-03.pdf
ZAF,2019-03,shared,other_self_propelled,WC,71,vehicles,NewVehicleRegistration-2020-03.pdf
ZAF,2019-03,shared,other_self_propelled,ZAF,657,vehicles,NewVehicleRegistration-2020-03.pdf
ZAF,2019-03,shared,total_self_propelled,EC,2403,vehicles,NewVehicleRegistration-2020-03.pdf
ZAF,2019-03,shared,total_self_propelled,FS,1448,vehicles,NewVehicleRegistration-2020-03.pdf
ZAF,2019-03,shared,total_self_propelled,GP,19276,vehicles,NewVehicleRegistration-2020-03.pdf
ZAF,2019-03,shared,total_self_propelled,KZN,6709,vehicles,NewVehicleRegistration-2020-03.pdf
ZAF,2019-03,shared,total_self_propelled,LP,1842,vehicles,NewVehicleRegistration-2020-03.pdf
ZAF,2019-03,shared,total_self_propelled,MP,2201,vehicles,NewVehicleRegistration-2020-03.pdf
ZAF,2019-03,shared,total_self_propelled,NC,622,vehicles,NewVehicleRegistration-2020-03.pdf
ZAF,2019-03,shared,total_self_propelled,NW,1472,vehicles,NewVehicleRegistration-2020-03.pdf
ZAF,2019-03,shared,total_self_propelled,WC,4627,vehicles,NewVehicleRegistration-2020-03.pdf
ZAF,2019-03,shared,total_self_propelled,ZAF,40600,vehicles,NewVehicleRegistration-2020-03.pdf
ZAF,2019-03,shared,trucks,EC,98,vehicles,NewVehicleRegistration-2020-03.pdf
ZAF,2019-03,shared,trucks,FS,69,vehicles,NewVehicleRegistration-2020-03.pdf
ZAF,2019-03,shared,trucks,GP,716,vehicles,NewVehicleRegistration-2020-03.pdf
ZAF,2019-03,shared,trucks,KZN,209,vehicles,NewVehicleRegistration-2020-03.pdf
ZAF,2019-03,shared,trucks,LP,76,vehicles,NewVehicleRegistration-2020-03.pdf
ZAF,2019-03,shared,trucks,MP,199,vehicles,NewVehicleRegistration-2020-03.pdf
ZAF,2019-03,shared,trucks,NC,12,vehicles,NewVehicleRegistration-2020-03.pdf
ZAF,2019-03,shared,trucks,NW,57,vehicles,NewVehicleRegistration-2020-03.pdf
ZAF,2019-03,shared,trucks,WC,157,vehicles,NewVehicleRegistration-2020-03.pdf
ZAF,2019-03,shared,trucks,ZAF,1593,vehicles,NewVehicleRegistration-2020-03.pdf
ZAF,2019-04,shared,buses,EC,17,vehicles,NewVehicleRegistration-2019-04.pdf
ZAF,2019-04,shared,buses,FS,8,vehicles,NewVehicleRegistration-2019-04.pdf
ZAF,2019-04,shared,buses,GP,88,vehicles,NewVehicleRegistration-2019-04.pdf
ZAF,2019-04,shared,buses,KZN,22,vehicles,NewVehicleRegistration-2019-04.pdf
ZAF,2019-04,shared,buses,LP,25,vehicles,NewVehicleRegistration-2019-04.pdf
ZAF,2019-04,shared,buses,MP,31,vehicles,NewVehicleRegistration-2019-04.pdf
ZAF,2019-04,shared,buses,NC,2,vehicles,NewVehicleRegistration-2019-04.pdf
ZAF,2019-04,shared,buses,NW,8,vehicles,NewVehicleRegistration-2019-04.pdf
ZAF,2019-04,shared,buses,WC,20,vehicles,NewVehicleRegistration-2019-04.pdf
ZAF,2019-04,shared,buses,ZAF,221,vehicles,NewVehicleRegistration-2019-04.pdf
ZAF,2019-04,shared,cars,EC,1510,vehicles,NewVehicleRegistration-2019-04.pdf
ZAF,2019-04,shared,cars,FS,678,vehicles,NewVehicleRegistration-2019-04.pdf
ZAF,2019-04,shared,cars,GP,11831,vehicles,NewVehicleRegistration-2019-04.pdf
ZAF,2019-04,shared,cars,KZN,4544,vehicles,NewVehicleRegistration-2019-04.pdf
ZAF,2019-04,shared,cars,LP,903,vehicles,NewVehicleRegistration-2019-04.pdf
ZAF,2019-04,shared,cars,MP,1217,vehicles,NewVehicleRegistration-2019-04.pdf
ZAF,2019-04,shared,cars,NC,253,vehicles,NewVehicleRegistration-2019-04.pdf
ZAF,2019-04,shared,cars,NW,713,vehicles,NewVehicleRegistration-2019-04.pdf
ZAF,2019-04,shared,cars,WC,2874,vehicles,NewVehicleRegistration-2019-04.pdf
ZAF,2019-04,shared,cars,ZAF,24523,vehicles,NewVehicleRegistration-2019-04.pdf
ZAF,2019-04,shared,light_commercial,EC,748,vehicles,NewVehicleRegistration-2019-04.pdf
ZAF,2019-04,shared,light_commercial,FS,413,vehicles,NewVehicleRegistration-2019-04.pdf
ZAF,2019-04,shared,light_commercial,GP,4072,vehicles,NewVehicleRegistration-2019-04.pdf
ZAF,2019-04,shared,light_commercial,KZN,1729,vehicles,NewVehicleRegistration-2019-04.pdf
ZAF,2019-04,shared,light_commercial,LP,615,vehicles,NewVehicleRegistration-2019-04.pdf
ZAF,2019-04,shared,light_commercial,MP,750,vehicles,NewVehicleRegistration-2019-04.pdf
ZAF,2019-04,shared,light_commercial,NC,186,vehicles,NewVehicleRegistration-2019-04.pdf
ZAF,2019-04,shared,light_commercial,NW,440,vehicles,NewVehicleRegistration-2019-04.pdf
ZAF,2019-04,shared,light_commercial,WC,945,vehicles,NewVehicleRegistration-2019-04.pdf
ZAF,2019-04,shared,light_commercial,ZAF,9898,vehicles,NewVehicleRegistration-2019-04.pdf
ZAF,2019-04,shared,minibuses,EC,118,vehicles,NewVehicleRegistration-2019-04.pdf
ZAF,2019-04,shared,minibuses,FS,44,vehicles,NewVehicleRegistration-2019-04.pdf
ZAF,2019-04,shared,minibuses,GP,629,vehicles,NewVehicleRegistration-2019-04.pdf
ZAF,2019-04,shared,minibuses,KZN,267,vehicles,NewVehicleRegistration-2019-04.pdf
ZAF,2019-04,shared,minibuses,LP,109,vehicles,NewVehicleRegistration-2019-04.pdf
ZAF,2019-04,shared,minibuses,MP,125,vehicles,NewVehicleRegistration-2019-04.pdf
ZAF,2019-04,shared,minibuses,NC,24,vehicles,NewVehicleRegistration-2019-04.pdf
ZAF,2019-04,shared,minibuses,NW,77,vehicles,NewVehicleRegistration-2019-04.pdf
ZAF,2019-04,shared,minibuses,WC,217,vehicles,NewVehicleRegistration-2019-04.pdf
ZAF,2019-04,shared,minibuses,ZAF,1610,vehicles,NewVehicleRegistration-2019-04.pdf
ZAF,2019-04,shared,motorcycles,EC,59,vehicles,NewVehicleRegistration-2019-04.pdf
ZAF,2019-04,shared,motorcycles,FS,43,vehicles,NewVehicleRegistration-2019-04.pdf
ZAF,2019-04,shared,motorcycles,GP,692,vehicles,NewVehicleRegistration-2019-04.pdf
ZAF,2019-04,shared,motorcycles,KZN,156,vehicles,NewVehicleRegistration-2019-04.pdf
ZAF,2019-04,shared,motorcycles,LP,33,vehicles,NewVehicleRegistration-2019-04.pdf
ZAF,2019-04,shared,motorcycles,MP,65,vehicles,NewVehicleRegistration-2019-04.pdf
ZAF,2019-04,shared,motorcycles,NC,26,vehicles,NewVehicleRegistration-2019-04.pdf
ZAF,2019-04,shared,motorcycles,NW,24,vehicles,NewVehicleRegistration-2019-04.pdf
ZAF,2019-04,shared,motorcycles,WC,311,vehicles,NewVehicleRegistration-2019-04.pdf
ZAF,2019-04,shared,motorcycles,ZAF,1409,vehicles,NewVehicleRegistration-2019-04.pdf
ZAF,2019-04,shared,other_self_propelled,EC,70,vehicles,NewVehicleRegistration-2019-04.pdf
ZAF,2019-04,shared,other_self_propelled,FS,59,vehicles,NewVehicleRegistration-2019-04.pdf
ZAF,2019-04,shared,other_self_propelled,GP,202,vehicles,NewVehicleRegistration-2019-04.pdf
ZAF,2019-04,shared,other_self_propelled,KZN,95,vehicles,NewVehicleRegistration-2019-04.pdf
ZAF,2019-04,shared,other_self_propelled,LP,52,vehicles,NewVehicleRegistration-2019-04.pdf
ZAF,2019-04,shared,other_self_propelled,MP,75,vehicles,NewVehicleRegistration-2019-04.pdf
ZAF,2019-04,shared,other_self_propelled,NC,27,vehicles,NewVehicleRegistration-2019-04.pdf
ZAF,2019-04,shared,other_self_propelled,NW,64,vehicles,NewVehicleRegistration-2019-04.pdf
ZAF,2019-04,shared,other_self_propelled,WC,76,vehicles,NewVehicleRegistration-2019-04.pdf
ZAF,2019-04,shared,other_self_propelled,ZAF,720,vehicles,NewVehicleRegistration-2019-04.pdf
ZAF,2019-04,shared,total_self_propelled,EC,2598,vehicles,NewVehicleRegistration-2019-04.pdf
ZAF,2019-04,shared,total_self_propelled,FS,1314,vehicles,NewVehicleRegistration-2019-04.pdf
ZAF,2019-04,shared,total_self_propelled,GP,18174,vehicles,NewVehicleRegistration-2019-04.pdf
ZAF,2019-04,shared,total_self_propelled,KZN,7025,vehicles,NewVehicleRegistration-2019-04.pdf
ZAF,2019-04,shared,total_self_propelled,LP,1916,vehicles,NewVehicleRegistration-2019-04.pdf
ZAF,2019-04,shared,total_self_propelled,MP,2559,vehicles,NewVehicleRegistration-2019-04.pdf
ZAF,2019-04,shared,total_self_propelled,NC,564,vehicles,NewVehicleRegistration-2019-04.pdf
ZAF,2019-04,shared,total_self_propelled,NW,1361,vehicles,NewVehicleRegistration-2019-04.pdf
ZAF,2019-04,shared,total_self_propelled,WC,4637,vehicles,NewVehicleRegistration-2019-04.pdf
ZAF,2019-04,shared,total_self_propelled,ZAF,40148,vehicles,NewVehicleRegistration-2019-04.pdf
ZAF,2019-04,shared,trucks,EC,76,vehicles,NewVehicleRegistration-2019-04.pdf
ZAF,2019-04,shared,trucks,FS,69,vehicles,NewVehicleRegistration-2019-04.pdf
ZAF,2019-04,shared,trucks,GP,660,vehicles,NewVehicleRegistration-2019-04.pdf
ZAF,2019-04,shared,trucks,KZN,212,vehicles,NewVehicleRegistration-2019-04.pdf
ZAF,2019-04,shared,trucks,LP,179,vehicles,NewVehicleRegistration-2019-04.pdf
ZAF,2019-04,shared,trucks,MP,296,vehicles,NewVehicleRegistration-2019-04.pdf
ZAF,2019-04,shared,trucks,NC,46,vehicles,NewVehicleRegistration-2019-04.pdf
ZAF,2019-04,shared,trucks,NW,35,vehicles,NewVehicleRegistration-2019-04.pdf
ZAF,2019-04,shared,trucks,WC,194,vehicles,NewVehicleRegistration-2019-04.pdf
ZAF,2019-04,shared,trucks,ZAF,1767,vehicles,NewVehicleRegistration-2019-04.pdf
ZAF,2019-05,shared,buses,EC,27,vehicles,NewVehicleRegistration-2019-05.pdf
ZAF,2019-05,shared,buses,FS,8,vehicles,NewVehicleRegistration-2019-05.pdf
ZAF,2019-05,shared,buses,GP,81,vehicles,NewVehicleRegistration-2019-05.pdf
ZAF,2019-05,shared,buses,KZN,14,vehicles,NewVehicleRegistration-2019-05.pdf
ZAF,2019-05,shared,buses,LP,24,vehicles,NewVehicleRegistration-2019-05.pdf
ZAF,2019-05,shared,buses,MP,39,vehicles,NewVehicleRegistration-2019-05.pdf
ZAF,2019-05,shared,buses,NC,20,vehicles,NewVehicleRegistration-2019-05.pdf
ZAF,2019-05,shared,buses,NW,8,vehicles,NewVehicleRegistration-2019-05.pdf
ZAF,2019-05,shared,buses,WC,13,vehicles,NewVehicleRegistration-2019-05.pdf
ZAF,2019-05,shared,buses,ZAF,234,vehicles,NewVehicleRegistration-2019-05.pdf
ZAF,2019-05,shared,cars,EC,1513,vehicles,NewVehicleRegistration-2019-05.pdf
ZAF,2019-05,shared,cars,FS,652,vehicles,NewVehicleRegistration-2019-05.pdf
ZAF,2019-05,shared,cars,GP,12252,vehicles,NewVehicleRegistration-2019-05.pdf
ZAF,2019-05,shared,cars,KZN,4699,vehicles,NewVehicleRegistration-2019-05.pdf
ZAF,2019-05,shared,cars,LP,871,vehicles,NewVehicleRegistration-2019-05.pdf
ZAF,2019-05,shared,cars,MP,1093,vehicles,NewVehicleRegistration-2019-05.pdf
ZAF,2019-05,shared,cars,NC,282,vehicles,NewVehicleRegistration-2019-05.pdf
ZAF,2019-05,shared,cars,NW,768,vehicles,NewVehicleRegistration-2019-05.pdf
ZAF,2019-05,shared,cars,WC,2849,vehicles,NewVehicleRegistration-2019-05.pdf
ZAF,2019-05,shared,cars,ZAF,24979,vehicles,NewVehicleRegistration-2019-05.pdf
ZAF,2019-05,shared,light_commercial,EC,695,vehicles,NewVehicleRegistration-2019-05.pdf
ZAF,2019-05,shared,light_commercial,FS,422,vehicles,NewVehicleRegistration-2019-05.pdf
ZAF,2019-05,shared,light_commercial,GP,4132,vehicles,NewVehicleRegistration-2019-05.pdf
ZAF,2019-05,shared,light_commercial,KZN,1477,vehicles,NewVehicleRegistration-2019-05.pdf
ZAF,2019-05,shared,light_commercial,LP,638,vehicles,NewVehicleRegistration-2019-05.pdf
ZAF,2019-05,shared,light_commercial,MP,804,vehicles,NewVehicleRegistration-2019-05.pdf
ZAF,2019-05,shared,light_commercial,NC,240,vehicles,NewVehicleRegistration-2019-05.pdf
ZAF,2019-05,shared,light_commercial,NW,480,vehicles,NewVehicleRegistration-2019-05.pdf
ZAF,2019-05,shared,light_commercial,WC,1059,vehicles,NewVehicleRegistration-2019-05.pdf
ZAF,2019-05,shared,light_commercial,ZAF,9947,vehicles,NewVehicleRegistration-2019-05.pdf
ZAF,2019-05,shared,minibuses,EC,135,vehicles,NewVehicleRegistration-2019-05.pdf
ZAF,2019-05,shared,minibuses,FS,55,vehicles,NewVehicleRegistration-2019-05.pdf
ZAF,2019-05,shared,minibuses,GP,747,vehicles,NewVehicleRegistration-2019-05.pdf
ZAF,2019-05,shared,minibuses,KZN,232,vehicles,NewVehicleRegistration-2019-05.pdf
ZAF,2019-05,shared,minibuses,LP,115,vehicles,NewVehicleRegistration-2019-05.pdf
ZAF,2019-05,shared,minibuses,MP,134,vehicles,NewVehicleRegistration-2019-05.pdf
ZAF,2019-05,shared,minibuses,NC,37,vehicles,NewVehicleRegistration-2019-05.pdf
ZAF,2019-05,shared,minibuses,NW,62,vehicles,NewVehicleRegistration-2019-05.pdf
ZAF,2019-05,shared,minibuses,WC,153,vehicles,NewVehicleRegistration-2019-05.pdf
ZAF,2019-05,shared,minibuses,ZAF,1670,vehicles,NewVehicleRegistration-2019-05.pdf
ZAF,2019-05,shared,motorcycles,EC,62,vehicles,NewVehicleRegistration-2019-05.pdf
ZAF,2019-05,shared,motorcycles,FS,49,vehicles,NewVehicleRegistration-2019-05.pdf
ZAF,2019-05,shared,motorcycles,GP,707,vehicles,NewVehicleRegistration-2019-05.pdf
ZAF,2019-05,shared,motorcycles,KZN,130,vehicles,NewVehicleRegistration-2019-05.pdf
ZAF,2019-05,shared,motorcycles,LP,18,vehicles,NewVehicleRegistration-2019-05.pdf
ZAF,2019-05,shared,motorcycles,MP,64,vehicles,NewVehicleRegistration-2019-05.pdf
ZAF,2019-05,shared,motorcycles,NC,21,vehicles,NewVehicleRegistration-2019-05.pdf
ZAF,2019-05,shared,motorcycles,NW,39,vehicles,NewVehicleRegistration-2019-05.pdf
ZAF,2019-05,shared,motorcycles,WC,267,vehicles,NewVehicleRegistration-2019-05.pdf
ZAF,2019-05,shared,motorcycles,ZAF,1357,vehicles,NewVehicleRegistration-2019-05.pdf
ZAF,2019-05,shared,other_self_propelled,EC,44,vehicles,NewVehicleRegistration-2019-05.pdf
ZAF,2019-05,shared,other_self_propelled,FS,75,vehicles,NewVehicleRegistration-2019-05.pdf
ZAF,2019-05,shared,other_self_propelled,GP,216,vehicles,NewVehicleRegistration-2019-05.pdf
ZAF,2019-05,shared,other_self_propelled,KZN,78,vehicles,NewVehicleRegistration-2019-05.pdf
ZAF,2019-05,shared,other_self_propelled,LP,60,vehicles,NewVehicleRegistration-2019-05.pdf
ZAF,2019-05,shared,other_self_propelled,MP,77,vehicles,NewVehicleRegistration-2019-05.pdf
ZAF,2019-05,shared,other_self_propelled,NC,45,vehicles,NewVehicleRegistration-2019-05.pdf
ZAF,2019-05,shared,other_self_propelled,NW,30,vehicles,NewVehicleRegistration-2019-05.pdf
ZAF,2019-05,shared,other_self_propelled,WC,60,vehicles,NewVehicleRegistration-2019-05.pdf
ZAF,2019-05,shared,other_self_propelled,ZAF,685,vehicles,NewVehicleRegistration-2019-05.pdf
ZAF,2019-05,shared,total_self_propelled,EC,2565,vehicles,NewVehicleRegistration-2019-05.pdf
ZAF,2019-05,shared,total_self_propelled,FS,1334,vehicles,NewVehicleRegistration-2019-05.pdf
ZAF,2019-05,shared,total_self_propelled,GP,18861,vehicles,NewVehicleRegistration-2019-05.pdf
ZAF,2019-05,shared,total_self_propelled,KZN,6843,vehicles,NewVehicleRegistration-2019-05.pdf
ZAF,2019-05,shared,total_self_propelled,LP,1871,vehicles,NewVehicleRegistration-2019-05.pdf
ZAF,2019-05,shared,total_self_propelled,MP,2488,vehicles,NewVehicleRegistration-2019-05.pdf
ZAF,2019-05,shared,total_self_propelled,NC,676,vehicles,NewVehicleRegistration-2019-05.pdf
ZAF,2019-05,shared,total_self_propelled,NW,1462,vehicles,NewVehicleRegistration-2019-05.pdf
ZAF,2019-05,shared,total_self_propelled,WC,4572,vehicles,NewVehicleRegistration-2019-05.pdf
ZAF,2019-05,shared,total_self_propelled,ZAF,40672,vehicles,NewVehicleRegistration-2019-05.pdf
ZAF,2019-05,shared,trucks,EC,89,vehicles,NewVehicleRegistration-2019-05.pdf
ZAF,2019-05,shared,trucks,FS,73,vehicles,NewVehicleRegistration-2019-05.pdf
ZAF,2019-05,shared,trucks,GP,726,vehicles,NewVehicleRegistration-2019-05.pdf
ZAF,2019-05,shared,trucks,KZN,213,vehicles,NewVehicleRegistration-2019-05.pdf
ZAF,2019-05,shared,trucks,LP,145,vehicles,NewVehicleRegistration-2019-05.pdf
ZAF,2019-05,shared,trucks,MP,277,vehicles,NewVehicleRegistration-2019-05.pdf
ZAF,2019-05,shared,trucks,NC,31,vehicles,NewVehicleRegistration-2019-05.pdf
ZAF,2019-05,shared,trucks,NW,75,vehicles,NewVehicleRegistration-2019-05.pdf
ZAF,2019-05,shared,trucks,WC,171,vehicles,NewVehicleRegistration-2019-05.pdf
ZAF,2019-05,shared,trucks,ZAF,1800,vehicles,NewVehicleRegistration-2019-05.pdf
ZAF,2019-06,shared,buses,EC,12,vehicles,NewVehicleRegistration-2019-06.pdf
ZAF,2019-06,shared,buses,FS,6,vehicles,NewVehicleRegistration-2019-06.pdf
ZAF,2019-06,shared,buses,GP,71,vehicles,NewVehicleRegistration-2019-06.pdf
ZAF,2019-06,shared,buses,KZN,17,vehicles,NewVehicleRegistration-2019-06.pdf
ZAF,2019-06,shared,buses,LP,12,vehicles,NewVehicleRegistration-2019-06.pdf
ZAF,2019-06,shared,buses,MP,31,vehicles,NewVehicleRegistration-2019-06.pdf
ZAF,2019-06,shared,buses,NC,5,vehicles,NewVehicleRegistration-2019-06.pdf
ZAF,2019-06,shared,buses,NW,4,vehicles,NewVehicleRegistration-2019-06.pdf
ZAF,2019-06,shared,buses,WC,14,vehicles,NewVehicleRegistration-2019-06.pdf
ZAF,2019-06,shared,buses,ZAF,172,vehicles,NewVehicleRegistration-2019-06.pdf
ZAF,2019-06,shared,cars,EC,1562,vehicles,NewVehicleRegistration-2019-06.pdf
ZAF,2019-06,shared,cars,FS,694,vehicles,NewVehicleRegistration-2019-06.pdf
ZAF,2019-06,shared,cars,GP,13245,vehicles,NewVehicleRegistration-2019-06.pdf
ZAF,2019-06,shared,cars,KZN,4209,vehicles,NewVehicleRegistration-2019-06.pdf
ZAF,2019-06,shared,cars,LP,822,vehicles,NewVehicleRegistration-2019-06.pdf
ZAF,2019-06,shared,cars,MP,997,vehicles,NewVehicleRegistration-2019-06.pdf
ZAF,2019-06,shared,cars,NC,243,vehicles,NewVehicleRegistration-2019-06.pdf
ZAF,2019-06,shared,cars,NW,682,vehicles,NewVehicleRegistration-2019-06.pdf
ZAF,2019-06,shared,cars,WC,2682,vehicles,NewVehicleRegistration-2019-06.pdf
ZAF,2019-06,shared,cars,ZAF,25136,vehicles,NewVehicleRegistration-2019-06.pdf
ZAF,2019-06,shared,light_commercial,EC,624,vehicles,NewVehicleRegistration-2019-06.pdf
ZAF,2019-06,shared,light_commercial,FS,441,vehicles,NewVehicleRegistration-2019-06.pdf
ZAF,2019-06,shared,light_commercial,GP,4005,vehicles,NewVehicleRegistration-2019-06.pdf
ZAF,2019-06,shared,light_commercial,KZN,1331,vehicles,NewVehicleRegistration-2019-06.pdf
ZAF,2019-06,shared,light_commercial,LP,555,vehicles,NewVehicleRegistration-2019-06.pdf
ZAF,2019-06,shared,light_commercial,MP,660,vehicles,NewVehicleRegistration-2019-06.pdf
ZAF,2019-06,shared,light_commercial,NC,208,vehicles,NewVehicleRegistration-2019-06.pdf
ZAF,2019-06,shared,light_commercial,NW,455,vehicles,NewVehicleRegistration-2019-06.pdf
ZAF,2019-06,shared,light_commercial,WC,1085,vehicles,NewVehicleRegistration-2019-06.pdf
ZAF,2019-06,shared,light_commercial,ZAF,9364,vehicles,NewVehicleRegistration-2019-06.pdf
ZAF,2019-06,shared,minibuses,EC,129,vehicles,NewVehicleRegistration-2019-06.pdf
ZAF,2019-06,shared,minibuses,FS,30,vehicles,NewVehicleRegistration-2019-06.pdf
ZAF,2019-06,shared,minibuses,GP,822,vehicles,NewVehicleRegistration-2019-06.pdf
ZAF,2019-06,shared,minibuses,KZN,275,vehicles,NewVehicleRegistration-2019-06.pdf
ZAF,2019-06,shared,minibuses,LP,134,vehicles,NewVehicleRegistration-2019-06.pdf
ZAF,2019-06,shared,minibuses,MP,138,vehicles,NewVehicleRegistration-2019-06.pdf
ZAF,2019-06,shared,minibuses,NC,22,vehicles,NewVehicleRegistration-2019-06.pdf
ZAF,2019-06,shared,minibuses,NW,69,vehicles,NewVehicleRegistration-2019-06.pdf
ZAF,2019-06,shared,minibuses,WC,206,vehicles,NewVehicleRegistration-2019-06.pdf
ZAF,2019-06,shared,minibuses,ZAF,1825,vehicles,NewVehicleRegistration-2019-06.pdf
ZAF,2019-06,shared,motorcycles,EC,41,vehicles,NewVehicleRegistration-2019-06.pdf
ZAF,2019-06,shared,motorcycles,FS,49,vehicles,NewVehicleRegistration-2019-06.pdf
ZAF,2019-06,shared,motorcycles,GP,649,vehicles,NewVehicleRegistration-2019-06.pdf
ZAF,2019-06,shared,motorcycles,KZN,130,vehicles,NewVehicleRegistration-2019-06.pdf
ZAF,2019-06,shared,motorcycles,LP,18,vehicles,NewVehicleRegistration-2019-06.pdf
ZAF,2019-06,shared,motorcycles,MP,36,vehicles,NewVehicleRegistration-2019-06.pdf
ZAF,2019-06,shared,motorcycles,NC,18,vehicles,NewVehicleRegistration-2019-06.pdf
ZAF,2019-06,shared,motorcycles,NW,34,vehicles,NewVehicleRegistration-2019-06.pdf
ZAF,2019-06,shared,motorcycles,WC,199,vehicles,NewVehicleRegistration-2019-06.pdf
ZAF,2019-06,shared,motorcycles,ZAF,1174,vehicles,NewVehicleRegistration-2019-06.pdf
ZAF,2019-06,shared,other_self_propelled,EC,50,vehicles,NewVehicleRegistration-2019-06.pdf
ZAF,2019-06,shared,other_self_propelled,FS,67,vehicles,NewVehicleRegistration-2019-06.pdf
ZAF,2019-06,shared,other_self_propelled,GP,117,vehicles,NewVehicleRegistration-2019-06.pdf
ZAF,2019-06,shared,other_self_propelled,KZN,76,vehicles,NewVehicleRegistration-2019-06.pdf
ZAF,2019-06,shared,other_self_propelled,LP,37,vehicles,NewVehicleRegistration-2019-06.pdf
ZAF,2019-06,shared,other_self_propelled,MP,49,vehicles,NewVehicleRegistration-2019-06.pdf
ZAF,2019-06,shared,other_self_propelled,NC,26,vehicles,NewVehicleRegistration-2019-06.pdf
ZAF,2019-06,shared,other_self_propelled,NW,29,vehicles,NewVehicleRegistration-2019-06.pdf
ZAF,2019-06,shared,other_self_propelled,WC,83,vehicles,NewVehicleRegistration-2019-06.pdf
ZAF,2019-06,shared,other_self_propelled,ZAF,534,vehicles,NewVehicleRegistration-2019-06.pdf
ZAF,2019-06,shared,total_self_propelled,EC,2497,vehicles,NewVehicleRegistration-2019-06.pdf
ZAF,2019-06,shared,total_self_propelled,FS,1393,vehicles,NewVehicleRegistration-2019-06.pdf
ZAF,2019-06,shared,total_self_propelled,GP,19744,vehicles,NewVehicleRegistration-2019-06.pdf
ZAF,2019-06,shared,total_self_propelled,KZN,6236,vehicles,NewVehicleRegistration-2019-06.pdf
ZAF,2019-06,shared,total_self_propelled,LP,1653,vehicles,NewVehicleRegistration-2019-06.pdf
ZAF,2019-06,shared,total_self_propelled,MP,2143,vehicles,NewVehicleRegistration-2019-06.pdf
ZAF,2019-06,shared,total_self_propelled,NC,548,vehicles,NewVehicleRegistration-2019-06.pdf
ZAF,2019-06,shared,total_self_propelled,NW,1343,vehicles,NewVehicleRegistration-2019-06.pdf
ZAF,2019-06,shared,total_self_propelled,WC,4494,vehicles,NewVehicleRegistration-2019-06.pdf
ZAF,2019-06,shared,total_self_propelled,ZAF,40051,vehicles,NewVehicleRegistration-2019-06.pdf
ZAF,2019-06,shared,trucks,EC,79,vehicles,NewVehicleRegistration-2019-06.pdf
ZAF,2019-06,shared,trucks,FS,106,vehicles,NewVehicleRegistration-2019-06.pdf
ZAF,2019-06,shared,trucks,GP,835,vehicles,NewVehicleRegistration-2019-06.pdf
ZAF,2019-06,shared,trucks,KZN,198,vehicles,NewVehicleRegistration-2019-06.pdf
ZAF,2019-06,shared,trucks,LP,75,vehicles,NewVehicleRegistration-2019-06.pdf
ZAF,2019-06,shared,trucks,MP,232,vehicles,NewVehicleRegistration-2019-06.pdf
ZAF,2019-06,shared,trucks,NC,26,vehicles,NewVehicleRegistration-2019-06.pdf
ZAF,2019-06,shared,trucks,NW,70,vehicles,NewVehicleRegistration-2019-06.pdf
ZAF,2019-06,shared,trucks,WC,225,vehicles,NewVehicleRegistration-2019-06.pdf
ZAF,2019-06,shared,trucks,ZAF,1846,vehicles,NewVehicleRegistration-2019-06.pdf
ZAF,2019-07,shared,buses,EC,20,vehicles,NewVehicleRegistration-2019-07.pdf
ZAF,2019-07,shared,buses,FS,4,vehicles,NewVehicleRegistration-2019-07.pdf
ZAF,2019-07,shared,buses,GP,102,vehicles,NewVehicleRegistration-2019-07.pdf
ZAF,2019-07,shared,buses,KZN,19,vehicles,NewVehicleRegistration-2019-07.pdf
ZAF,2019-07,shared,buses,LP,17,vehicles,NewVehicleRegistration-2019-07.pdf
ZAF,2019-07,shared,buses,MP,45,vehicles,NewVehicleRegistration-2019-07.pdf
ZAF,2019-07,shared,buses,NC,5,vehicles,NewVehicleRegistration-2019-07.pdf
ZAF,2019-07,shared,buses,NW,9,vehicles,NewVehicleRegistration-2019-07.pdf
ZAF,2019-07,shared,buses,WC,42,vehicles,NewVehicleRegistration-2019-07.pdf
ZAF,2019-07,shared,buses,ZAF,263,vehicles,NewVehicleRegistration-2019-07.pdf
ZAF,2019-07,shared,cars,EC,1869,vehicles,NewVehicleRegistration-2019-07.pdf
ZAF,2019-07,shared,cars,FS,683,vehicles,NewVehicleRegistration-2019-07.pdf
ZAF,2019-07,shared,cars,GP,18488,vehicles,NewVehicleRegistration-2019-07.pdf
ZAF,2019-07,shared,cars,KZN,4738,vehicles,NewVehicleRegistration-2019-07.pdf
ZAF,2019-07,shared,cars,LP,949,vehicles,NewVehicleRegistration-2019-07.pdf
ZAF,2019-07,shared,cars,MP,1210,vehicles,NewVehicleRegistration-2019-07.pdf
ZAF,2019-07,shared,cars,NC,268,vehicles,NewVehicleRegistration-2019-07.pdf
ZAF,2019-07,shared,cars,NW,826,vehicles,NewVehicleRegistration-2019-07.pdf
ZAF,2019-07,shared,cars,WC,4020,vehicles,NewVehicleRegistration-2019-07.pdf
ZAF,2019-07,shared,cars,ZAF,33051,vehicles,NewVehicleRegistration-2019-07.pdf
ZAF,2019-07,shared,light_commercial,EC,864,vehicles,NewVehicleRegistration-2019-07.pdf
ZAF,2019-07,shared,light_commercial,FS,547,vehicles,NewVehicleRegistration-2019-07.pdf
ZAF,2019-07,shared,light_commercial,GP,4771,vehicles,NewVehicleRegistration-2019-07.pdf
ZAF,2019-07,shared,light_commercial,KZN,1828,vehicles,NewVehicleRegistration-2019-07.pdf
ZAF,2019-07,shared,light_commercial,LP,725,vehicles,NewVehicleRegistration-2019-07.pdf
ZAF,2019-07,shared,light_commercial,MP,881,vehicles,NewVehicleRegistration-2019-07.pdf
ZAF,2019-07,shared,light_commercial,NC,225,vehicles,NewVehicleRegistration-2019-07.pdf
ZAF,2019-07,shared,light_commercial,NW,553,vehicles,NewVehicleRegistration-2019-07.pdf
ZAF,2019-07,shared,light_commercial,WC,1057,vehicles,NewVehicleRegistration-2019-07.pdf
ZAF,2019-07,shared,light_commercial,ZAF,11451,vehicles,NewVehicleRegistration-2019-07.pdf
ZAF,2019-07,shared,minibuses,EC,159,vehicles,NewVehicleRegistration-2019-07.pdf
ZAF,2019-07,shared,minibuses,FS,39,vehicles,NewVehicleRegistration-2019-07.pdf
ZAF,2019-07,shared,minibuses,GP,1158,vehicles,NewVehicleRegistration-2019-07.pdf
ZAF,2019-07,shared,minibuses,KZN,313,vehicles,NewVehicleRegistration-2019-07.pdf
ZAF,2019-07,shared,minibuses,LP,174,vehicles,NewVehicleRegistration-2019-07.pdf
ZAF,2019-07,shared,minibuses,MP,188,vehicles,NewVehicleRegistration-2019-07.pdf
ZAF,2019-07,shared,minibuses,NC,33,vehicles,NewVehicleRegistration-2019-07.pdf
ZAF,2019-07,shared,minibuses,NW,79,vehicles,NewVehicleRegistration-2019-07.pdf
ZAF,2019-07,shared,minibuses,WC,204,vehicles,NewVehicleRegistration-2019-07.pdf
ZAF,2019-07,shared,minibuses,ZAF,2347,vehicles,NewVehicleRegistration-2019-07.pdf
ZAF,2019-07,shared,motorcycles,EC,50,vehicles,NewVehicleRegistration-2019-07.pdf
ZAF,2019-07,shared,motorcycles,FS,62,vehicles,NewVehicleRegistration-2019-07.pdf
ZAF,2019-07,shared,motorcycles,GP,752,vehicles,NewVehicleRegistration-2019-07.pdf
ZAF,2019-07,shared,motorcycles,KZN,186,vehicles,NewVehicleRegistration-2019-07.pdf
ZAF,2019-07,shared,motorcycles,LP,46,vehicles,NewVehicleRegistration-2019-07.pdf
ZAF,2019-07,shared,motorcycles,MP,56,vehicles,NewVehicleRegistration-2019-07.pdf
ZAF,2019-07,shared,motorcycles,NC,13,vehicles,NewVehicleRegistration-2019-07.pdf
ZAF,2019-07,shared,motorcycles,NW,28,vehicles,NewVehicleRegistration-2019-07.pdf
ZAF,2019-07,shared,motorcycles,WC,264,vehicles,NewVehicleRegistration-2019-07.pdf
ZAF,2019-07,shared,motorcycles,ZAF,1457,vehicles,NewVehicleRegistration-2019-07.pdf
ZAF,2019-07,shared,other_self_propelled,EC,113,vehicles,NewVehicleRegistration-2019-07.pdf
ZAF,2019-07,shared,other_self_propelled,FS,52,vehicles,NewVehicleRegistration-2019-07.pdf
ZAF,2019-07,shared,other_self_propelled,GP,165,vehicles,NewVehicleRegistration-2019-07.pdf
ZAF,2019-07,shared,other_self_propelled,KZN,101,vehicles,NewVehicleRegistration-2019-07.pdf
ZAF,2019-07,shared,other_self_propelled,LP,52,vehicles,NewVehicleRegistration-2019-07.pdf
ZAF,2019-07,shared,other_self_propelled,MP,62,vehicles,NewVehicleRegistration-2019-07.pdf
ZAF,2019-07,shared,other_self_propelled,NC,43,vehicles,NewVehicleRegistration-2019-07.pdf
ZAF,2019-07,shared,other_self_propelled,NW,37,vehicles,NewVehicleRegistration-2019-07.pdf
ZAF,2019-07,shared,other_self_propelled,WC,90,vehicles,NewVehicleRegistration-2019-07.pdf
ZAF,2019-07,shared,other_self_propelled,ZAF,715,vehicles,NewVehicleRegistration-2019-07.pdf
ZAF,2019-07,shared,total_self_propelled,EC,3182,vehicles,NewVehicleRegistration-2019-07.pdf
ZAF,2019-07,shared,total_self_propelled,FS,1502,vehicles,NewVehicleRegistration-2019-07.pdf
ZAF,2019-07,shared,total_self_propelled,GP,26196,vehicles,NewVehicleRegistration-2019-07.pdf
ZAF,2019-07,shared,total_self_propelled,KZN,7454,vehicles,NewVehicleRegistration-2019-07.pdf
ZAF,2019-07,shared,total_self_propelled,LP,2053,vehicles,NewVehicleRegistration-2019-07.pdf
ZAF,2019-07,shared,total_self_propelled,MP,2802,vehicles,NewVehicleRegistration-2019-07.pdf
ZAF,2019-07,shared,total_self_propelled,NC,636,vehicles,NewVehicleRegistration-2019-07.pdf
ZAF,2019-07,shared,total_self_propelled,NW,1636,vehicles,NewVehicleRegistration-2019-07.pdf
ZAF,2019-07,shared,total_self_propelled,WC,5837,vehicles,NewVehicleRegistration-2019-07.pdf
ZAF,2019-07,shared,total_self_propelled,ZAF,51298,vehicles,NewVehicleRegistration-2019-07.pdf
ZAF,2019-07,shared,trucks,EC,107,vehicles,NewVehicleRegistration-2019-07.pdf
ZAF,2019-07,shared,trucks,FS,115,vehicles,NewVehicleRegistration-2019-07.pdf
ZAF,2019-07,shared,trucks,GP,760,vehicles,NewVehicleRegistration-2019-07.pdf
ZAF,2019-07,shared,trucks,KZN,269,vehicles,NewVehicleRegistration-2019-07.pdf
ZAF,2019-07,shared,trucks,LP,90,vehicles,NewVehicleRegistration-2019-07.pdf
ZAF,2019-07,shared,trucks,MP,360,vehicles,NewVehicleRegistration-2019-07.pdf
ZAF,2019-07,shared,trucks,NC,49,vehicles,NewVehicleRegistration-2019-07.pdf
ZAF,2019-07,shared,trucks,NW,104,vehicles,NewVehicleRegistration-2019-07.pdf
ZAF,2019-07,shared,trucks,WC,160,vehicles,NewVehicleRegistration-2019-07.pdf
ZAF,2019-07,shared,trucks,ZAF,2014,vehicles,NewVehicleRegistration-2019-07.pdf
ZAF,2019-08,shared,buses,EC,14,vehicles,NewVehicleRegistration-2019-08.pdf
ZAF,2019-08,shared,buses,FS,9,vehicles,NewVehicleRegistration-2019-08.pdf
ZAF,2019-08,shared,buses,GP,85,vehicles,NewVehicleRegistration-2019-08.pdf
ZAF,2019-08,shared,buses,KZN,44,vehicles,NewVehicleRegistration-2019-08.pdf
ZAF,2019-08,shared,buses,LP,30,vehicles,NewVehicleRegistration-2019-08.pdf
ZAF,2019-08,shared,buses,MP,26,vehicles,NewVehicleRegistration-2019-08.pdf
ZAF,2019-08,shared,buses,NC,9,vehicles,NewVehicleRegistration-2019-08.pdf
ZAF,2019-08,shared,buses,NW,7,vehicles,NewVehicleRegistration-2019-08.pdf
ZAF,2019-08,shared,buses,WC,29,vehicles,NewVehicleRegistration-2019-08.pdf
ZAF,2019-08,shared,buses,ZAF,253,vehicles,NewVehicleRegistration-2019-08.pdf
ZAF,2019-08,shared,cars,EC,1660,vehicles,NewVehicleRegistration-2019-08.pdf
ZAF,2019-08,shared,cars,FS,711,vehicles,NewVehicleRegistration-2019-08.pdf
ZAF,2019-08,shared,cars,GP,14113,vehicles,NewVehicleRegistration-2019-08.pdf
ZAF,2019-08,shared,cars,KZN,4126,vehicles,NewVehicleRegistration-2019-08.pdf
ZAF,2019-08,shared,cars,LP,743,vehicles,NewVehicleRegistration-2019-08.pdf
ZAF,2019-08,shared,cars,MP,1000,vehicles,NewVehicleRegistration-2019-08.pdf
ZAF,2019-08,shared,cars,NC,247,vehicles,NewVehicleRegistration-2019-08.pdf
ZAF,2019-08,shared,cars,NW,702,vehicles,NewVehicleRegistration-2019-08.pdf
ZAF,2019-08,shared,cars,WC,3372,vehicles,NewVehicleRegistration-2019-08.pdf
ZAF,2019-08,shared,cars,ZAF,26674,vehicles,NewVehicleRegistration-2019-08.pdf
ZAF,2019-08,shared,light_commercial,EC,714,vehicles,NewVehicleRegistration-2019-08.pdf
ZAF,2019-08,shared,light_commercial,FS,399,vehicles,NewVehicleRegistration-2019-08.pdf
ZAF,2019-08,shared,light_commercial,GP,4441,vehicles,NewVehicleRegistration-2019-08.pdf
ZAF,2019-08,shared,light_commercial,KZN,1863,vehicles,NewVehicleRegistration-2019-08.pdf
ZAF,2019-08,shared,light_commercial,LP,643,vehicles,NewVehicleRegistration-2019-08.pdf
ZAF,2019-08,shared,light_commercial,MP,840,vehicles,NewVehicleRegistration-2019-08.pdf
ZAF,2019-08,shared,light_commercial,NC,262,vehicles,NewVehicleRegistration-2019-08.pdf
ZAF,2019-08,shared,light_commercial,NW,516,vehicles,NewVehicleRegistration-2019-08.pdf
ZAF,2019-08,shared,light_commercial,WC,1132,vehicles,NewVehicleRegistration-2019-08.pdf
ZAF,2019-08,shared,light_commercial,ZAF,10810,vehicles,NewVehicleRegistration-2019-08.pdf
ZAF,2019-08,shared,minibuses,EC,181,vehicles,NewVehicleRegistration-2019-08.pdf
ZAF,2019-08,shared,minibuses,FS,59,vehicles,NewVehicleRegistration-2019-08.pdf
ZAF,2019-08,shared,minibuses,GP,952,vehicles,NewVehicleRegistration-2019-08.pdf
ZAF,2019-08,shared,minibuses,KZN,374,vehicles,NewVehicleRegistration-2019-08.pdf
ZAF,2019-08,shared,minibuses,LP,183,vehicles,NewVehicleRegistration-2019-08.pdf
ZAF,2019-08,shared,minibuses,MP,168,vehicles,NewVehicleRegistration-2019-08.pdf
ZAF,2019-08,shared,minibuses,NC,27,vehicles,NewVehicleRegistration-2019-08.pdf
ZAF,2019-08,shared,minibuses,NW,94,vehicles,NewVehicleRegistration-2019-08.pdf
ZAF,2019-08,shared,minibuses,WC,270,vehicles,NewVehicleRegistration-2019-08.pdf
ZAF,2019-08,shared,minibuses,ZAF,2308,vehicles,NewVehicleRegistration-2019-08.pdf
ZAF,2019-08,shared,motorcycles,EC,62,vehicles,NewVehicleRegistration-2019-08.pdf
ZAF,2019-08,shared,motorcycles,FS,50,vehicles,NewVehicleRegistration-2019-08.pdf
ZAF,2019-08,shared,motorcycles,GP,834,vehicles,NewVehicleRegistration-2019-08.pdf
ZAF,2019-08,shared,motorcycles,KZN,133,vehicles,NewVehicleRegistration-2019-08.pdf
ZAF,2019-08,shared,motorcycles,LP,20,vehicles,NewVehicleRegistration-2019-08.pdf
ZAF,2019-08,shared,motorcycles,MP,64,vehicles,NewVehicleRegistration-2019-08.pdf
ZAF,2019-08,shared,motorcycles,NC,24,vehicles,NewVehicleRegistration-2019-08.pdf
ZAF,2019-08,shared,motorcycles,NW,30,vehicles,NewVehicleRegistration-2019-08.pdf
ZAF,2019-08,shared,motorcycles,WC,233,vehicles,NewVehicleRegistration-2019-08.pdf
ZAF,2019-08,shared,motorcycles,ZAF,1450,vehicles,NewVehicleRegistration-2019-08.pdf
ZAF,2019-08,shared,other_self_propelled,EC,90,vehicles,NewVehicleRegistration-2019-08.pdf
ZAF,2019-08,shared,other_self_propelled,FS,63,vehicles,NewVehicleRegistration-2019-08.pdf
ZAF,2019-08,shared,other_self_propelled,GP,100,vehicles,NewVehicleRegistration-2019-08.pdf
ZAF,2019-08,shared,other_self_propelled,KZN,103,vehicles,NewVehicleRegistration-2019-08.pdf
ZAF,2019-08,shared,other_self_propelled,LP,33,vehicles,NewVehicleRegistration-2019-08.pdf
ZAF,2019-08,shared,other_self_propelled,MP,88,vehicles,NewVehicleRegistration-2019-08.pdf
ZAF,2019-08,shared,other_self_propelled,NC,37,vehicles,NewVehicleRegistration-2019-08.pdf
ZAF,2019-08,shared,other_self_propelled,NW,35,vehicles,NewVehicleRegistration-2019-08.pdf
ZAF,2019-08,shared,other_self_propelled,WC,84,vehicles,NewVehicleRegistration-2019-08.pdf
ZAF,2019-08,shared,other_self_propelled,ZAF,633,vehicles,NewVehicleRegistration-2019-08.pdf
ZAF,2019-08,shared,total_self_propelled,EC,2831,vehicles,NewVehicleRegistration-2019-08.pdf
ZAF,2019-08,shared,total_self_propelled,FS,1455,vehicles,NewVehicleRegistration-2019-08.pdf
ZAF,2019-08,shared,total_self_propelled,GP,21286,vehicles,NewVehicleRegistration-2019-08.pdf
ZAF,2019-08,shared,total_self_propelled,KZN,6893,vehicles,NewVehicleRegistration-2019-08.pdf
ZAF,2019-08,shared,total_self_propelled,LP,1730,vehicles,NewVehicleRegistration-2019-08.pdf
ZAF,2019-08,shared,total_self_propelled,MP,2491,vehicles,NewVehicleRegistration-2019-08.pdf
ZAF,2019-08,shared,total_self_propelled,NC,668,vehicles,NewVehicleRegistration-2019-08.pdf
ZAF,2019-08,shared,total_self_propelled,NW,1460,vehicles,NewVehicleRegistration-2019-08.pdf
ZAF,2019-08,shared,total_self_propelled,WC,5371,vehicles,NewVehicleRegistration-2019-08.pdf
ZAF,2019-08,shared,total_self_propelled,ZAF,44185,vehicles,NewVehicleRegistration-2019-08.pdf
ZAF,2019-08,shared,trucks,EC,110,vehicles,NewVehicleRegistration-2019-08.pdf
ZAF,2019-08,shared,trucks,FS,164,vehicles,NewVehicleRegistration-2019-08.pdf
ZAF,2019-08,shared,trucks,GP,761,vehicles,NewVehicleRegistration-2019-08.pdf
ZAF,2019-08,shared,trucks,KZN,250,vehicles,NewVehicleRegistration-2019-08.pdf
ZAF,2019-08,shared,trucks,LP,78,vehicles,NewVehicleRegistration-2019-08.pdf
ZAF,2019-08,shared,trucks,MP,305,vehicles,NewVehicleRegistration-2019-08.pdf
ZAF,2019-08,shared,trucks,NC,62,vehicles,NewVehicleRegistration-2019-08.pdf
ZAF,2019-08,shared,trucks,NW,76,vehicles,NewVehicleRegistration-2019-08.pdf
ZAF,2019-08,shared,trucks,WC,251,vehicles,NewVehicleRegistration-2019-08.pdf
ZAF,2019-08,shared,trucks,ZAF,2057,vehicles,NewVehicleRegistration-2019-08.pdf
ZAF,2019-09,shared,buses,EC,9,vehicles,NewVehicleRegistration-2020-09.pdf
ZAF,2019-09,shared,buses,FS,6,vehicles,NewVehicleRegistration-2020-09.pdf
ZAF,2019-09,shared,buses,GP,65,vehicles,NewVehicleRegistration-2020-09.pdf
ZAF,2019-09,shared,buses,KZN,34,vehicles,NewVehicleRegistration-2020-09.pdf
ZAF,2019-09,shared,buses,LP,34,vehicles,NewVehicleRegistration-2020-09.pdf
ZAF,2019-09,shared,buses,MP,33,vehicles,NewVehicleRegistration-2020-09.pdf
ZAF,2019-09,shared,buses,NC,7,vehicles,NewVehicleRegistration-2020-09.pdf
ZAF,2019-09,shared,buses,NW,12,vehicles,NewVehicleRegistration-2020-09.pdf
ZAF,2019-09,shared,buses,WC,26,vehicles,NewVehicleRegistration-2020-09.pdf
ZAF,2019-09,shared,buses,ZAF,226,vehicles,NewVehicleRegistration-2020-09.pdf
ZAF,2019-09,shared,cars,EC,1622,vehicles,NewVehicleRegistration-2020-09.pdf
ZAF,2019-09,shared,cars,FS,661,vehicles,NewVehicleRegistration-2020-09.pdf
ZAF,2019-09,shared,cars,GP,16006,vehicles,NewVehicleRegistration-2020-09.pdf
ZAF,2019-09,shared,cars,KZN,4059,vehicles,NewVehicleRegistration-2020-09.pdf
ZAF,2019-09,shared,cars,LP,801,vehicles,NewVehicleRegistration-2020-09.pdf
ZAF,2019-09,shared,cars,MP,994,vehicles,NewVehicleRegistration-2020-09.pdf
ZAF,2019-09,shared,cars,NC,234,vehicles,NewVehicleRegistration-2020-09.pdf
ZAF,2019-09,shared,cars,NW,637,vehicles,NewVehicleRegistration-2020-09.pdf
ZAF,2019-09,shared,cars,WC,3820,vehicles,NewVehicleRegistration-2020-09.pdf
ZAF,2019-09,shared,cars,ZAF,28834,vehicles,NewVehicleRegistration-2020-09.pdf
ZAF,2019-09,shared,light_commercial,EC,550,vehicles,NewVehicleRegistration-2020-09.pdf
ZAF,2019-09,shared,light_commercial,FS,353,vehicles,NewVehicleRegistration-2020-09.pdf
ZAF,2019-09,shared,light_commercial,GP,4634,vehicles,NewVehicleRegistration-2020-09.pdf
ZAF,2019-09,shared,light_commercial,KZN,1532,vehicles,NewVehicleRegistration-2020-09.pdf
ZAF,2019-09,shared,light_commercial,LP,560,vehicles,NewVehicleRegistration-2020-09.pdf
ZAF,2019-09,shared,light_commercial,MP,684,vehicles,NewVehicleRegistration-2020-09.pdf
ZAF,2019-09,shared,light_commercial,NC,172,vehicles,NewVehicleRegistration-2020-09.pdf
ZAF,2019-09,shared,light_commercial,NW,485,vehicles,NewVehicleRegistration-2020-09.pdf
ZAF,2019-09,shared,light_commercial,WC,950,vehicles,NewVehicleRegistration-2020-09.pdf
ZAF,2019-09,shared,light_commercial,ZAF,9920,vehicles,NewVehicleRegistration-2020-09.pdf
ZAF,2019-09,shared,minibuses,EC,170,vehicles,NewVehicleRegistration-2020-09.pdf
ZAF,2019-09,shared,minibuses,FS,41,vehicles,NewVehicleRegistration-2020-09.pdf
ZAF,2019-09,shared,minibuses,GP,1050,vehicles,NewVehicleRegistration-2020-09.pdf
ZAF,2019-09,shared,minibuses,KZN,282,vehicles,NewVehicleRegistration-2020-09.pdf
ZAF,2019-09,shared,minibuses,LP,140,vehicles,NewVehicleRegistration-2020-09.pdf
ZAF,2019-09,shared,minibuses,MP,169,vehicles,NewVehicleRegistration-2020-09.pdf
ZAF,2019-09,shared,minibuses,NC,28,vehicles,NewVehicleRegistration-2020-09.pdf
ZAF,2019-09,shared,minibuses,NW,84,vehicles,NewVehicleRegistration-2020-09.pdf
ZAF,2019-09,shared,minibuses,WC,237,vehicles,NewVehicleRegistration-2020-09.pdf
ZAF,2019-09,shared,minibuses,ZAF,2201,vehicles,NewVehicleRegistration-2020-09.pdf
ZAF,2019-09,shared,motorcycles,EC,43,vehicles,NewVehicleRegistration-2020-09.pdf
ZAF,2019-09,shared,motorcycles,FS,59,vehicles,NewVehicleRegistration-2020-09.pdf
ZAF,2019-09,shared,motorcycles,GP,690,vehicles,NewVehicleRegistration-2020-09.pdf
ZAF,2019-09,shared,motorcycles,KZN,121,vehicles,NewVehicleRegistration-2020-09.pdf
ZAF,2019-09,shared,motorcycles,LP,78,vehicles,NewVehicleRegistration-2020-09.pdf
ZAF,2019-09,shared,motorcycles,MP,44,vehicles,NewVehicleRegistration-2020-09.pdf
ZAF,2019-09,shared,motorcycles,NC,20,vehicles,NewVehicleRegistration-2020-09.pdf
ZAF,2019-09,shared,motorcycles,NW,24,vehicles,NewVehicleRegistration-2020-09.pdf
ZAF,2019-09,shared,motorcycles,WC,259,vehicles,NewVehicleRegistration-2020-09.pdf
ZAF,2019-09,shared,motorcycles,ZAF,1338,vehicles,NewVehicleRegistration-2020-09.pdf
ZAF,2019-09,shared,other_self_propelled,EC,89,vehicles,NewVehicleRegistration-2020-09.pdf
ZAF,2019-09,shared,other_self_propelled,FS,94,vehicles,NewVehicleRegistration-2020-09.pdf
ZAF,2019-09,shared,other_self_propelled,GP,124,vehicles,NewVehicleRegistration-2020-09.pdf
ZAF,2019-09,shared,other_self_propelled,KZN,59,vehicles,NewVehicleRegistration-2020-09.pdf
ZAF,2019-09,shared,other_self_propelled,LP,58,vehicles,NewVehicleRegistration-2020-09.pdf
ZAF,2019-09,shared,other_self_propelled,MP,76,vehicles,NewVehicleRegistration-2020-09.pdf
ZAF,2019-09,shared,other_self_propelled,NC,41,vehicles,NewVehicleRegistration-2020-09.pdf
ZAF,2019-09,shared,other_self_propelled,NW,48,vehicles,NewVehicleRegistration-2020-09.pdf
ZAF,2019-09,shared,other_self_propelled,WC,71,vehicles,NewVehicleRegistration-2020-09.pdf
ZAF,2019-09,shared,other_self_propelled,ZAF,660,vehicles,NewVehicleRegistration-2020-09.pdf
ZAF,2019-09,shared,total_self_propelled,EC,2610,vehicles,NewVehicleRegistration-2020-09.pdf
ZAF,2019-09,shared,total_self_propelled,FS,1307,vehicles,NewVehicleRegistration-2020-09.pdf
ZAF,2019-09,shared,total_self_propelled,GP,23321,vehicles,NewVehicleRegistration-2020-09.pdf
ZAF,2019-09,shared,total_self_propelled,KZN,6308,vehicles,NewVehicleRegistration-2020-09.pdf
ZAF,2019-09,shared,total_self_propelled,LP,1735,vehicles,NewVehicleRegistration-2020-09.pdf
ZAF,2019-09,shared,total_self_propelled,MP,2249,vehicles,NewVehicleRegistration-2020-09.pdf
ZAF,2019-09,shared,total_self_propelled,NC,535,vehicles,NewVehicleRegistration-2020-09.pdf
ZAF,2019-09,shared,total_self_propelled,NW,1367,vehicles,NewVehicleRegistration-2020-09.pdf
ZAF,2019-09,shared,total_self_propelled,WC,5616,vehicles,NewVehicleRegistration-2020-09.pdf
ZAF,2019-09,shared,total_self_propelled,ZAF,45048,vehicles,NewVehicleRegistration-2020-09.pdf
ZAF,2019-09,shared,trucks,EC,127,vehicles,NewVehicleRegistration-2020-09.pdf
ZAF,2019-09,shared,trucks,FS,93,vehicles,NewVehicleRegistration-2020-09.pdf
ZAF,2019-09,shared,trucks,GP,752,vehicles,NewVehicleRegistration-2020-09.pdf
ZAF,2019-09,shared,trucks,KZN,221,vehicles,NewVehicleRegistration-2020-09.pdf
ZAF,2019-09,shared,trucks,LP,64,vehicles,NewVehicleRegistration-2020-09.pdf
ZAF,2019-09,shared,trucks,MP,249,vehicles,NewVehicleRegistration-2020-09.pdf
ZAF,2019-09,shared,trucks,NC,33,vehicles,NewVehicleRegistration-2020-09.pdf
ZAF,2019-09,shared,trucks,NW,77,vehicles,NewVehicleRegistration-2020-09.pdf
ZAF,2019-09,shared,trucks,WC,253,vehicles,NewVehicleRegistration-2020-09.pdf
ZAF,2019-09,shared,trucks,ZAF,1869,vehicles,NewVehicleRegistration-2020-09.pdf
ZAF,2019-10,shared,buses,EC,7,vehicles,NewVehicleRegistration-2019-10.pdf
ZAF,2019-10,shared,buses,FS,14,vehicles,NewVehicleRegistration-2019-10.pdf
ZAF,2019-10,shared,buses,GP,62,vehicles,NewVehicleRegistration-2019-10.pdf
ZAF,2019-10,shared,buses,KZN,34,vehicles,NewVehicleRegistration-2019-10.pdf
ZAF,2019-10,shared,buses,LP,20,vehicles,NewVehicleRegistration-2019-10.pdf
ZAF,2019-10,shared,buses,MP,23,vehicles,NewVehicleRegistration-2019-10.pdf
ZAF,2019-10,shared,buses,NC,6,vehicles,NewVehicleRegistration-2019-10.pdf
ZAF,2019-10,shared,buses,NW,7,vehicles,NewVehicleRegistration-2019-10.pdf
ZAF,2019-10,shared,buses,WC,28,vehicles,NewVehicleRegistration-2019-10.pdf
ZAF,2019-10,shared,buses,ZAF,201,vehicles,NewVehicleRegistration-2019-10.pdf
ZAF,2019-10,shared,cars,EC,2133,vehicles,NewVehicleRegistration-2019-10.pdf
ZAF,2019-10,shared,cars,FS,766,vehicles,NewVehicleRegistration-2019-10.pdf
ZAF,2019-10,shared,cars,GP,18366,vehicles,NewVehicleRegistration-2019-10.pdf
ZAF,2019-10,shared,cars,KZN,5602,vehicles,NewVehicleRegistration-2019-10.pdf
ZAF,2019-10,shared,cars,LP,933,vehicles,NewVehicleRegistration-2019-10.pdf
ZAF,2019-10,shared,cars,MP,1515,vehicles,NewVehicleRegistration-2019-10.pdf
ZAF,2019-10,shared,cars,NC,290,vehicles,NewVehicleRegistration-2019-10.pdf
ZAF,2019-10,shared,cars,NW,776,vehicles,NewVehicleRegistration-2019-10.pdf
ZAF,2019-10,shared,cars,WC,6215,vehicles,NewVehicleRegistration-2019-10.pdf
ZAF,2019-10,shared,cars,ZAF,36596,vehicles,NewVehicleRegistration-2019-10.pdf
ZAF,2019-10,shared,light_commercial,EC,661,vehicles,NewVehicleRegistration-2019-10.pdf
ZAF,2019-10,shared,light_commercial,FS,450,vehicles,NewVehicleRegistration-2019-10.pdf
ZAF,2019-10,shared,light_commercial,GP,4313,vehicles,NewVehicleRegistration-2019-10.pdf
ZAF,2019-10,shared,light_commercial,KZN,1529,vehicles,NewVehicleRegistration-2019-10.pdf
ZAF,2019-10,shared,light_commercial,LP,783,vehicles,NewVehicleRegistration-2019-10.pdf
ZAF,2019-10,shared,light_commercial,MP,838,vehicles,NewVehicleRegistration-2019-10.pdf
ZAF,2019-10,shared,light_commercial,NC,240,vehicles,NewVehicleRegistration-2019-10.pdf
ZAF,2019-10,shared,light_commercial,NW,460,vehicles,NewVehicleRegistration-2019-10.pdf
ZAF,2019-10,shared,light_commercial,WC,1096,vehicles,NewVehicleRegistration-2019-10.pdf
ZAF,2019-10,shared,light_commercial,ZAF,10370,vehicles,NewVehicleRegistration-2019-10.pdf
ZAF,2019-10,shared,minibuses,EC,292,vehicles,NewVehicleRegistration-2019-10.pdf
ZAF,2019-10,shared,minibuses,FS,43,vehicles,NewVehicleRegistration-2019-10.pdf
ZAF,2019-10,shared,minibuses,GP,1334,vehicles,NewVehicleRegistration-2019-10.pdf
ZAF,2019-10,shared,minibuses,KZN,429,vehicles,NewVehicleRegistration-2019-10.pdf
ZAF,2019-10,shared,minibuses,LP,182,vehicles,NewVehicleRegistration-2019-10.pdf
ZAF,2019-10,shared,minibuses,MP,169,vehicles,NewVehicleRegistration-2019-10.pdf
ZAF,2019-10,shared,minibuses,NC,48,vehicles,NewVehicleRegistration-2019-10.pdf
ZAF,2019-10,shared,minibuses,NW,97,vehicles,NewVehicleRegistration-2019-10.pdf
ZAF,2019-10,shared,minibuses,WC,313,vehicles,NewVehicleRegistration-2019-10.pdf
ZAF,2019-10,shared,minibuses,ZAF,2907,vehicles,NewVehicleRegistration-2019-10.pdf
ZAF,2019-10,shared,motorcycles,EC,52,vehicles,NewVehicleRegistration-2019-10.pdf
ZAF,2019-10,shared,motorcycles,FS,41,vehicles,NewVehicleRegistration-2019-10.pdf
ZAF,2019-10,shared,motorcycles,GP,802,vehicles,NewVehicleRegistration-2019-10.pdf
ZAF,2019-10,shared,motorcycles,KZN,184,vehicles,NewVehicleRegistration-2019-10.pdf
ZAF,2019-10,shared,motorcycles,LP,32,vehicles,NewVehicleRegistration-2019-10.pdf
ZAF,2019-10,shared,motorcycles,MP,42,vehicles,NewVehicleRegistration-2019-10.pdf
ZAF,2019-10,shared,motorcycles,NC,23,vehicles,NewVehicleRegistration-2019-10.pdf
ZAF,2019-10,shared,motorcycles,NW,34,vehicles,NewVehicleRegistration-2019-10.pdf
ZAF,2019-10,shared,motorcycles,WC,343,vehicles,NewVehicleRegistration-2019-10.pdf
ZAF,2019-10,shared,motorcycles,ZAF,1553,vehicles,NewVehicleRegistration-2019-10.pdf
ZAF,2019-10,shared,other_self_propelled,EC,65,vehicles,NewVehicleRegistration-2019-10.pdf
ZAF,2019-10,shared,other_self_propelled,FS,59,vehicles,NewVehicleRegistration-2019-10.pdf
ZAF,2019-10,shared,other_self_propelled,GP,160,vehicles,NewVehicleRegistration-2019-10.pdf
ZAF,2019-10,shared,other_self_propelled,KZN,115,vehicles,NewVehicleRegistration-2019-10.pdf
ZAF,2019-10,shared,other_self_propelled,LP,63,vehicles,NewVehicleRegistration-2019-10.pdf
ZAF,2019-10,shared,other_self_propelled,MP,84,vehicles,NewVehicleRegistration-2019-10.pdf
ZAF,2019-10,shared,other_self_propelled,NC,35,vehicles,NewVehicleRegistration-2019-10.pdf
ZAF,2019-10,shared,other_self_propelled,NW,64,vehicles,NewVehicleRegistration-2019-10.pdf
ZAF,2019-10,shared,other_self_propelled,WC,134,vehicles,NewVehicleRegistration-2019-10.pdf
ZAF,2019-10,shared,other_self_propelled,ZAF,779,vehicles,NewVehicleRegistration-2019-10.pdf
ZAF,2019-10,shared,total_self_propelled,EC,3309,vehicles,NewVehicleRegistration-2019-10.pdf
ZAF,2019-10,shared,total_self_propelled,FS,1480,vehicles,NewVehicleRegistration-2019-10.pdf
ZAF,2019-10,shared,total_self_propelled,GP,25936,vehicles,NewVehicleRegistration-2019-10.pdf
ZAF,2019-10,shared,total_self_propelled,KZN,8170,vehicles,NewVehicleRegistration-2019-10.pdf
ZAF,2019-10,shared,total_self_propelled,LP,2077,vehicles,NewVehicleRegistration-2019-10.pdf
ZAF,2019-10,shared,total_self_propelled,MP,3072,vehicles,NewVehicleRegistration-2019-10.pdf
ZAF,2019-10,shared,total_self_propelled,NC,679,vehicles,NewVehicleRegistration-2019-10.pdf
ZAF,2019-10,shared,total_self_propelled,NW,1511,vehicles,NewVehicleRegistration-2019-10.pdf
ZAF,2019-10,shared,total_self_propelled,WC,8443,vehicles,NewVehicleRegistration-2019-10.pdf
ZAF,2019-10,shared,total_self_propelled,ZAF,54677,vehicles,NewVehicleRegistration-2019-10.pdf
ZAF,2019-10,shared,trucks,EC,99,vehicles,NewVehicleRegistration-2019-10.pdf
ZAF,2019-10,shared,trucks,FS,107,vehicles,NewVehicleRegistration-2019-10.pdf
ZAF,2019-10,shared,trucks,GP,899,vehicles,NewVehicleRegistration-2019-10.pdf
ZAF,2019-10,shared,trucks,KZN,277,vehicles,NewVehicleRegistration-2019-10.pdf
ZAF,2019-10,shared,trucks,LP,64,vehicles,NewVehicleRegistration-2019-10.pdf
ZAF,2019-10,shared,trucks,MP,401,vehicles,NewVehicleRegistration-2019-10.pdf
ZAF,2019-10,shared,trucks,NC,37,vehicles,NewVehicleRegistration-2019-10.pdf
ZAF,2019-10,shared,trucks,NW,73,vehicles,NewVehicleRegistration-2019-10.pdf
ZAF,2019-10,shared,trucks,WC,314,vehicles,NewVehicleRegistration-2019-10.pdf
ZAF,2019-10,shared,trucks,ZAF,2271,vehicles,NewVehicleRegistration-2019-10.pdf
ZAF,2019-11,shared,buses,EC,13,vehicles,NewVehicleRegistration-2019-11.pdf
ZAF,2019-11,shared,buses,FS,9,vehicles,NewVehicleRegistration-2019-11.pdf
ZAF,2019-11,shared,buses,GP,85,vehicles,NewVehicleRegistration-2019-11.pdf
ZAF,2019-11,shared,buses,KZN,24,vehicles,NewVehicleRegistration-2019-11.pdf
ZAF,2019-11,shared,buses,LP,16,vehicles,NewVehicleRegistration-2019-11.pdf
ZAF,2019-11,shared,buses,MP,50,vehicles,NewVehicleRegistration-2019-11.pdf
ZAF,2019-11,shared,buses,NC,4,vehicles,NewVehicleRegistration-2019-11.pdf
ZAF,2019-11,shared,buses,NW,12,vehicles,NewVehicleRegistration-2019-11.pdf
ZAF,2019-11,shared,buses,WC,22,vehicles,NewVehicleRegistration-2019-11.pdf
ZAF,2019-11,shared,buses,ZAF,235,vehicles,NewVehicleRegistration-2019-11.pdf
ZAF,2019-11,shared,cars,EC,1389,vehicles,NewVehicleRegistration-2019-11.pdf
ZAF,2019-11,shared,cars,FS,522,vehicles,NewVehicleRegistration-2019-11.pdf
ZAF,2019-11,shared,cars,GP,12187,vehicles,NewVehicleRegistration-2019-11.pdf
ZAF,2019-11,shared,cars,KZN,4027,vehicles,NewVehicleRegistration-2019-11.pdf
ZAF,2019-11,shared,cars,LP,766,vehicles,NewVehicleRegistration-2019-11.pdf
ZAF,2019-11,shared,cars,MP,900,vehicles,NewVehicleRegistration-2019-11.pdf
ZAF,2019-11,shared,cars,NC,205,vehicles,NewVehicleRegistration-2019-11.pdf
ZAF,2019-11,shared,cars,NW,634,vehicles,NewVehicleRegistration-2019-11.pdf
ZAF,2019-11,shared,cars,WC,3516,vehicles,NewVehicleRegistration-2019-11.pdf
ZAF,2019-11,shared,cars,ZAF,24146,vehicles,NewVehicleRegistration-2019-11.pdf
ZAF,2019-11,shared,light_commercial,EC,480,vehicles,NewVehicleRegistration-2019-11.pdf
ZAF,2019-11,shared,light_commercial,FS,336,vehicles,NewVehicleRegistration-2019-11.pdf
ZAF,2019-11,shared,light_commercial,GP,3319,vehicles,NewVehicleRegistration-2019-11.pdf
ZAF,2019-11,shared,light_commercial,KZN,1136,vehicles,NewVehicleRegistration-2019-11.pdf
ZAF,2019-11,shared,light_commercial,LP,617,vehicles,NewVehicleRegistration-2019-11.pdf
ZAF,2019-11,shared,light_commercial,MP,632,vehicles,NewVehicleRegistration-2019-11.pdf
ZAF,2019-11,shared,light_commercial,NC,188,vehicles,NewVehicleRegistration-2019-11.pdf
ZAF,2019-11,shared,light_commercial,NW,367,vehicles,NewVehicleRegistration-2019-11.pdf
ZAF,2019-11,shared,light_commercial,WC,960,vehicles,NewVehicleRegistration-2019-11.pdf
ZAF,2019-11,shared,light_commercial,ZAF,8035,vehicles,NewVehicleRegistration-2019-11.pdf
ZAF,2019-11,shared,minibuses,EC,204,vehicles,NewVehicleRegistration-2019-11.pdf
ZAF,2019-11,shared,minibuses,FS,32,vehicles,NewVehicleRegistration-2019-11.pdf
ZAF,2019-11,shared,minibuses,GP,925,vehicles,NewVehicleRegistration-2019-11.pdf
ZAF,2019-11,shared,minibuses,KZN,376,vehicles,NewVehicleRegistration-2019-11.pdf
ZAF,2019-11,shared,minibuses,LP,152,vehicles,NewVehicleRegistration-2019-11.pdf
ZAF,2019-11,shared,minibuses,MP,158,vehicles,NewVehicleRegistration-2019-11.pdf
ZAF,2019-11,shared,minibuses,NC,20,vehicles,NewVehicleRegistration-2019-11.pdf
ZAF,2019-11,shared,minibuses,NW,102,vehicles,NewVehicleRegistration-2019-11.pdf
ZAF,2019-11,shared,minibuses,WC,194,vehicles,NewVehicleRegistration-2019-11.pdf
ZAF,2019-11,shared,minibuses,ZAF,2163,vehicles,NewVehicleRegistration-2019-11.pdf
ZAF,2019-11,shared,motorcycles,EC,39,vehicles,NewVehicleRegistration-2019-11.pdf
ZAF,2019-11,shared,motorcycles,FS,47,vehicles,NewVehicleRegistration-2019-11.pdf
ZAF,2019-11,shared,motorcycles,GP,846,vehicles,NewVehicleRegistration-2019-11.pdf
ZAF,2019-11,shared,motorcycles,KZN,133,vehicles,NewVehicleRegistration-2019-11.pdf
ZAF,2019-11,shared,motorcycles,LP,40,vehicles,NewVehicleRegistration-2019-11.pdf
ZAF,2019-11,shared,motorcycles,MP,40,vehicles,NewVehicleRegistration-2019-11.pdf
ZAF,2019-11,shared,motorcycles,NC,14,vehicles,NewVehicleRegistration-2019-11.pdf
ZAF,2019-11,shared,motorcycles,NW,18,vehicles,NewVehicleRegistration-2019-11.pdf
ZAF,2019-11,shared,motorcycles,WC,296,vehicles,NewVehicleRegistration-2019-11.pdf
ZAF,2019-11,shared,motorcycles,ZAF,1473,vehicles,NewVehicleRegistration-2019-11.pdf
ZAF,2019-11,shared,other_self_propelled,EC,56,vehicles,NewVehicleRegistration-2019-11.pdf
ZAF,2019-11,shared,other_self_propelled,FS,58,vehicles,NewVehicleRegistration-2019-11.pdf
ZAF,2019-11,shared,other_self_propelled,GP,144,vehicles,NewVehicleRegistration-2019-11.pdf
ZAF,2019-11,shared,other_self_propelled,KZN,87,vehicles,NewVehicleRegistration-2019-11.pdf
ZAF,2019-11,shared,other_self_propelled,LP,61,vehicles,NewVehicleRegistration-2019-11.pdf
ZAF,2019-11,shared,other_self_propelled,MP,65,vehicles,NewVehicleRegistration-2019-11.pdf
ZAF,2019-11,shared,other_self_propelled,NC,32,vehicles,NewVehicleRegistration-2019-11.pdf
ZAF,2019-11,shared,other_self_propelled,NW,42,vehicles,NewVehicleRegistration-2019-11.pdf
ZAF,2019-11,shared,other_self_propelled,WC,55,vehicles,NewVehicleRegistration-2019-11.pdf
ZAF,2019-11,shared,other_self_propelled,ZAF,600,vehicles,NewVehicleRegistration-2019-11.pdf
ZAF,2019-11,shared,total_self_propelled,EC,2246,vehicles,NewVehicleRegistration-2019-11.pdf
ZAF,2019-11,shared,total_self_propelled,FS,1138,vehicles,NewVehicleRegistration-2019-11.pdf
ZAF,2019-11,shared,total_self_propelled,GP,18313,vehicles,NewVehicleRegistration-2019-11.pdf
ZAF,2019-11,shared,total_self_propelled,KZN,6002,vehicles,NewVehicleRegistration-2019-11.pdf
ZAF,2019-11,shared,total_self_propelled,LP,1768,vehicles,NewVehicleRegistration-2019-11.pdf
ZAF,2019-11,shared,total_self_propelled,MP,2122,vehicles,NewVehicleRegistration-2019-11.pdf
ZAF,2019-11,shared,total_self_propelled,NC,505,vehicles,NewVehicleRegistration-2019-11.pdf
ZAF,2019-11,shared,total_self_propelled,NW,1233,vehicles,NewVehicleRegistration-2019-11.pdf
ZAF,2019-11,shared,total_self_propelled,WC,5255,vehicles,NewVehicleRegistration-2019-11.pdf
ZAF,2019-11,shared,total_self_propelled,ZAF,38582,vehicles,NewVehicleRegistration-2019-11.pdf
ZAF,2019-11,shared,trucks,EC,65,vehicles,NewVehicleRegistration-2019-11.pdf
ZAF,2019-11,shared,trucks,FS,134,vehicles,NewVehicleRegistration-2019-11.pdf
ZAF,2019-11,shared,trucks,GP,807,vehicles,NewVehicleRegistration-2019-11.pdf
ZAF,2019-11,shared,trucks,KZN,219,vehicles,NewVehicleRegistration-2019-11.pdf
ZAF,2019-11,shared,trucks,LP,116,vehicles,NewVehicleRegistration-2019-11.pdf
ZAF,2019-11,shared,trucks,MP,277,vehicles,NewVehicleRegistration-2019-11.pdf
ZAF,2019-11,shared,trucks,NC,42,vehicles,NewVehicleRegistration-2019-11.pdf
ZAF,2019-11,shared,trucks,NW,58,vehicles,NewVehicleRegistration-2019-11.pdf
ZAF,2019-11,shared,trucks,WC,212,vehicles,NewVehicleRegistration-2019-11.pdf
ZAF,2019-11,shared,trucks,ZAF,1930,vehicles,NewVehicleRegistration-2019-11.pdf
ZAF,2019-12,shared,buses,EC,12,vehicles,NewVehicleRegistration-2019-12.pdf
ZAF,2019-12,shared,buses,FS,32,vehicles,NewVehicleRegistration-2019-12.pdf
ZAF,2019-12,shared,buses,GP,60,vehicles,NewVehicleRegistration-2019-12.pdf
ZAF,2019-12,shared,buses,KZN,25,vehicles,NewVehicleRegistration-2019-12.pdf
ZAF,2019-12,shared,buses,LP,15,vehicles,NewVehicleRegistration-2019-12.pdf
ZAF,2019-12,shared,buses,MP,19,vehicles,NewVehicleRegistration-2019-12.pdf
ZAF,2019-12,shared,buses,NC,2,vehicles,NewVehicleRegistration-2019-12.pdf
ZAF,2019-12,shared,buses,NW,3,vehicles,NewVehicleRegistration-2019-12.pdf
ZAF,2019-12,shared,buses,WC,18,vehicles,NewVehicleRegistration-2019-12.pdf
ZAF,2019-12,shared,buses,ZAF,186,vehicles,NewVehicleRegistration-2019-12.pdf
ZAF,2019-12,shared,cars,EC,710,vehicles,NewVehicleRegistration-2019-12.pdf
ZAF,2019-12,shared,cars,FS,360,vehicles,NewVehicleRegistration-2019-12.pdf
ZAF,2019-12,shared,cars,GP,6175,vehicles,NewVehicleRegistration-2019-12.pdf
ZAF,2019-12,shared,cars,KZN,2201,vehicles,NewVehicleRegistration-2019-12.pdf
ZAF,2019-12,shared,cars,LP,642,vehicles,NewVehicleRegistration-2019-12.pdf
ZAF,2019-12,shared,cars,MP,643,vehicles,NewVehicleRegistration-2019-12.pdf
ZAF,2019-12,shared,cars,NC,178,vehicles,NewVehicleRegistration-2019-12.pdf
ZAF,2019-12,shared,cars,NW,385,vehicles,NewVehicleRegistration-2019-12.pdf
ZAF,2019-12,shared,cars,WC,2309,vehicles,NewVehicleRegistration-2019-12.pdf
ZAF,2019-12,shared,cars,ZAF,13603,vehicles,NewVehicleRegistration-2019-12.pdf
ZAF,2019-12,shared,light_commercial,EC,230,vehicles,NewVehicleRegistration-2019-12.pdf
ZAF,2019-12,shared,light_commercial,FS,245,vehicles,NewVehicleRegistration-2019-12.pdf
ZAF,2019-12,shared,light_commercial,GP,1548,vehicles,NewVehicleRegistration-2019-12.pdf
ZAF,2019-12,shared,light_commercial,KZN,757,vehicles,NewVehicleRegistration-2019-12.pdf
ZAF,2019-12,shared,light_commercial,LP,357,vehicles,NewVehicleRegistration-2019-12.pdf
ZAF,2019-12,shared,light_commercial,MP,320,vehicles,NewVehicleRegistration-2019-12.pdf
ZAF,2019-12,shared,light_commercial,NC,110,vehicles,NewVehicleRegistration-2019-12.pdf
ZAF,2019-12,shared,light_commercial,NW,179,vehicles,NewVehicleRegistration-2019-12.pdf
ZAF,2019-12,shared,light_commercial,WC,526,vehicles,NewVehicleRegistration-2019-12.pdf
ZAF,2019-12,shared,light_commercial,ZAF,4272,vehicles,NewVehicleRegistration-2019-12.pdf
ZAF,2019-12,shared,minibuses,EC,139,vehicles,NewVehicleRegistration-2019-12.pdf
ZAF,2019-12,shared,minibuses,FS,21,vehicles,NewVehicleRegistration-2019-12.pdf
ZAF,2019-12,shared,minibuses,GP,541,vehicles,NewVehicleRegistration-2019-12.pdf
ZAF,2019-12,shared,minibuses,KZN,245,vehicles,NewVehicleRegistration-2019-12.pdf
ZAF,2019-12,shared,minibuses,LP,97,vehicles,NewVehicleRegistration-2019-12.pdf
ZAF,2019-12,shared,minibuses,MP,94,vehicles,NewVehicleRegistration-2019-12.pdf
ZAF,2019-12,shared,minibuses,NC,21,vehicles,NewVehicleRegistration-2019-12.pdf
ZAF,2019-12,shared,minibuses,NW,61,vehicles,NewVehicleRegistration-2019-12.pdf
ZAF,2019-12,shared,minibuses,WC,207,vehicles,NewVehicleRegistration-2019-12.pdf
ZAF,2019-12,shared,minibuses,ZAF,1426,vehicles,NewVehicleRegistration-2019-12.pdf
ZAF,2019-12,shared,motorcycles,EC,41,vehicles,NewVehicleRegistration-2019-12.pdf
ZAF,2019-12,shared,motorcycles,FS,35,vehicles,NewVehicleRegistration-2019-12.pdf
ZAF,2019-12,shared,motorcycles,GP,410,vehicles,NewVehicleRegistration-2019-12.pdf
ZAF,2019-12,shared,motorcycles,KZN,89,vehicles,NewVehicleRegistration-2019-12.pdf
ZAF,2019-12,shared,motorcycles,LP,8,vehicles,NewVehicleRegistration-2019-12.pdf
ZAF,2019-12,shared,motorcycles,MP,28,vehicles,NewVehicleRegistration-2019-12.pdf
ZAF,2019-12,shared,motorcycles,NC,4,vehicles,NewVehicleRegistration-2019-12.pdf
ZAF,2019-12,shared,motorcycles,NW,16,vehicles,NewVehicleRegistration-2019-12.pdf
ZAF,2019-12,shared,motorcycles,WC,180,vehicles,NewVehicleRegistration-2019-12.pdf
ZAF,2019-12,shared,motorcycles,ZAF,811,vehicles,NewVehicleRegistration-2019-12.pdf
ZAF,2019-12,shared,other_self_propelled,EC,56,vehicles,NewVehicleRegistration-2019-12.pdf
ZAF,2019-12,shared,other_self_propelled,FS,23,vehicles,NewVehicleRegistration-2019-12.pdf
ZAF,2019-12,shared,other_self_propelled,GP,94,vehicles,NewVehicleRegistration-2019-12.pdf
ZAF,2019-12,shared,other_self_propelled,KZN,51,vehicles,NewVehicleRegistration-2019-12.pdf
ZAF,2019-12,shared,other_self_propelled,LP,23,vehicles,NewVehicleRegistration-2019-12.pdf
ZAF,2019-12,shared,other_self_propelled,MP,22,vehicles,NewVehicleRegistration-2019-12.pdf
ZAF,2019-12,shared,other_self_propelled,NC,14,vehicles,NewVehicleRegistration-2019-12.pdf
ZAF,2019-12,shared,other_self_propelled,NW,23,vehicles,NewVehicleRegistration-2019-12.pdf
ZAF,2019-12,shared,other_self_propelled,WC,67,vehicles,NewVehicleRegistration-2019-12.pdf
ZAF,2019-12,shared,other_self_propelled,ZAF,373,vehicles,NewVehicleRegistration-2019-12.pdf
ZAF,2019-12,shared,total_self_propelled,EC,1254,vehicles,NewVehicleRegistration-2019-12.pdf
ZAF,2019-12,shared,total_self_propelled,FS,794,vehicles,NewVehicleRegistration-2019-12.pdf
ZAF,2019-12,shared,total_self_propelled,GP,9370,vehicles,NewVehicleRegistration-2019-12.pdf
ZAF,2019-12,shared,total_self_propelled,KZN,3540,vehicles,NewVehicleRegistration-2019-12.pdf
ZAF,2019-12,shared,total_self_propelled,LP,1194,vehicles,NewVehicleRegistration-2019-12.pdf
ZAF,2019-12,shared,total_self_propelled,MP,1246,vehicles,NewVehicleRegistration-2019-12.pdf
ZAF,2019-12,shared,total_self_propelled,NC,348,vehicles,NewVehicleRegistration-2019-12.pdf
ZAF,2019-12,shared,total_self_propelled,NW,688,vehicles,NewVehicleRegistration-2019-12.pdf
ZAF,2019-12,shared,total_self_propelled,WC,3447,vehicles,NewVehicleRegistration-2019-12.pdf
ZAF,2019-12,shared,total_self_propelled,ZAF,21881,vehicles,NewVehicleRegistration-2019-12.pdf
ZAF,2019-12,shared,trucks,EC,66,vehicles,NewVehicleRegistration-2019-12.pdf
ZAF,2019-12,shared,trucks,FS,78,vehicles,NewVehicleRegistration-2019-12.pdf
ZAF,2019-12,shared,trucks,GP,542,vehicles,NewVehicleRegistration-2019-12.pdf
ZAF,2019-12,shared,trucks,KZN,172,vehicles,NewVehicleRegistration-2019-12.pdf
ZAF,2019-12,shared,trucks,LP,52,vehicles,NewVehicleRegistration-2019-12.pdf
ZAF,2019-12,shared,trucks,MP,120,vehicles,NewVehicleRegistration-2019-12.pdf
ZAF,2019-12,shared,trucks,NC,19,vehicles,NewVehicleRegistration-2019-12.pdf
ZAF,2019-12,shared,trucks,NW,21,vehicles,NewVehicleRegistration-2019-12.pdf
ZAF,2019-12,shared,trucks,WC,140,vehicles,NewVehicleRegistration-2019-12.pdf
ZAF,2019-12,shared,trucks,ZAF,1210,vehicles,NewVehicleRegistration-2019-12.pdf
ZAF,2020-01,shared,buses,EC,10,vehicles,NewVehicleRegistration-2021-01.pdf
ZAF,2020-01,shared,buses,FS,29,vehicles,NewVehicleRegistration-2021-01.pdf
ZAF,2020-01,shared,buses,GP,109,vehicles,NewVehicleRegistration-2021-01.pdf
ZAF,2020-01,shared,buses,KZN,108,vehicles,NewVehicleRegistration-2021-01.pdf
ZAF,2020-01,shared,buses,LP,9,vehicles,NewVehicleRegistration-2021-01.pdf
ZAF,2020-01,shared,buses,MP,46,vehicles,NewVehicleRegistration-2021-01.pdf
ZAF,2020-01,shared,buses,NC,7,vehicles,NewVehicleRegistration-2021-01.pdf
ZAF,2020-01,shared,buses,NW,7,vehicles,NewVehicleRegistration-2021-01.pdf
ZAF,2020-01,shared,buses,WC,32,vehicles,NewVehicleRegistration-2021-01.pdf
ZAF,2020-01,shared,buses,ZAF,357,vehicles,NewVehicleRegistration-2021-01.pdf
ZAF,2020-01,shared,cars,EC,2519,vehicles,NewVehicleRegistration-2021-01.pdf
ZAF,2020-01,shared,cars,FS,1286,vehicles,NewVehicleRegistration-2021-01.pdf
ZAF,2020-01,shared,cars,GP,26875,vehicles,NewVehicleRegistration-2021-01.pdf
ZAF,2020-01,shared,cars,KZN,7339,vehicles,NewVehicleRegistration-2021-01.pdf
ZAF,2020-01,shared,cars,LP,1213,vehicles,NewVehicleRegistration-2021-01.pdf
ZAF,2020-01,shared,cars,MP,1664,vehicles,NewVehicleRegistration-2021-01.pdf
ZAF,2020-01,shared,cars,NC,393,vehicles,NewVehicleRegistration-2021-01.pdf
ZAF,2020-01,shared,cars,NW,1260,vehicles,NewVehicleRegistration-2021-01.pdf
ZAF,2020-01,shared,cars,WC,6027,vehicles,NewVehicleRegistration-2021-01.pdf
ZAF,2020-01,shared,cars,ZAF,48576,vehicles,NewVehicleRegistration-2021-01.pdf
ZAF,2020-01,shared,light_commercial,EC,959,vehicles,NewVehicleRegistration-2021-01.pdf
ZAF,2020-01,shared,light_commercial,FS,674,vehicles,NewVehicleRegistration-2021-01.pdf
ZAF,2020-01,shared,light_commercial,GP,5128,vehicles,NewVehicleRegistration-2021-01.pdf
ZAF,2020-01,shared,light_commercial,KZN,2103,vehicles,NewVehicleRegistration-2021-01.pdf
ZAF,2020-01,shared,light_commercial,LP,972,vehicles,NewVehicleRegistration-2021-01.pdf
ZAF,2020-01,shared,light_commercial,MP,963,vehicles,NewVehicleRegistration-2021-01.pdf
ZAF,2020-01,shared,light_commercial,NC,312,vehicles,NewVehicleRegistration-2021-01.pdf
ZAF,2020-01,shared,light_commercial,NW,740,vehicles,NewVehicleRegistration-2021-01.pdf
ZAF,2020-01,shared,light_commercial,WC,1574,vehicles,NewVehicleRegistration-2021-01.pdf
ZAF,2020-01,shared,light_commercial,ZAF,13425,vehicles,NewVehicleRegistration-2021-01.pdf
ZAF,2020-01,shared,minibuses,EC,122,vehicles,NewVehicleRegistration-2021-01.pdf
ZAF,2020-01,shared,minibuses,FS,40,vehicles,NewVehicleRegistration-2021-01.pdf
ZAF,2020-01,shared,minibuses,GP,820,vehicles,NewVehicleRegistration-2021-01.pdf
ZAF,2020-01,shared,minibuses,KZN,225,vehicles,NewVehicleRegistration-2021-01.pdf
ZAF,2020-01,shared,minibuses,LP,109,vehicles,NewVehicleRegistration-2021-01.pdf
ZAF,2020-01,shared,minibuses,MP,122,vehicles,NewVehicleRegistration-2021-01.pdf
ZAF,2020-01,shared,minibuses,NC,28,vehicles,NewVehicleRegistration-2021-01.pdf
ZAF,2020-01,shared,minibuses,NW,99,vehicles,NewVehicleRegistration-2021-01.pdf
ZAF,2020-01,shared,minibuses,WC,177,vehicles,NewVehicleRegistration-2021-01.pdf
ZAF,2020-01,shared,minibuses,ZAF,1742,vehicles,NewVehicleRegistration-2021-01.pdf
ZAF,2020-01,shared,motorcycles,EC,66,vehicles,NewVehicleRegistration-2021-01.pdf
ZAF,2020-01,shared,motorcycles,FS,91,vehicles,NewVehicleRegistration-2021-01.pdf
ZAF,2020-01,shared,motorcycles,GP,891,vehicles,NewVehicleRegistration-2021-01.pdf
ZAF,2020-01,shared,motorcycles,KZN,179,vehicles,NewVehicleRegistration-2021-01.pdf
ZAF,2020-01,shared,motorcycles,LP,39,vehicles,NewVehicleRegistration-2021-01.pdf
ZAF,2020-01,shared,motorcycles,MP,54,vehicles,NewVehicleRegistration-2021-01.pdf
ZAF,2020-01,shared,motorcycles,NC,25,vehicles,NewVehicleRegistration-2021-01.pdf
ZAF,2020-01,shared,motorcycles,NW,36,vehicles,NewVehicleRegistration-2021-01.pdf
ZAF,2020-01,shared,motorcycles,WC,412,vehicles,NewVehicleRegistration-2021-01.pdf
ZAF,2020-01,shared,motorcycles,ZAF,1793,vehicles,NewVehicleRegistration-2021-01.pdf
ZAF,2020-01,shared,other_self_propelled,EC,33,vehicles,NewVehicleRegistration-2021-01.pdf
ZAF,2020-01,shared,other_self_propelled,FS,89,vehicles,NewVehicleRegistration-2021-01.pdf
ZAF,2020-01,shared,other_self_propelled,GP,108,vehicles,NewVehicleRegistration-2021-01.pdf
ZAF,2020-01,shared,other_self_propelled,KZN,93,vehicles,NewVehicleRegistration-2021-01.pdf
ZAF,2020-01,shared,other_self_propelled,LP,53,vehicles,NewVehicleRegistration-2021-01.pdf
ZAF,2020-01,shared,other_self_propelled,MP,43,vehicles,NewVehicleRegistration-2021-01.pdf
ZAF,2020-01,shared,other_self_propelled,NC,33,vehicles,NewVehicleRegistration-2021-01.pdf
ZAF,2020-01,shared,other_self_propelled,NW,58,vehicles,NewVehicleRegistration-2021-01.pdf
ZAF,2020-01,shared,other_self_propelled,WC,92,vehicles,NewVehicleRegistration-2021-01.pdf
ZAF,2020-01,shared,other_self_propelled,ZAF,602,vehicles,NewVehicleRegistration-2021-01.pdf
ZAF,2020-01,shared,total_self_propelled,EC,3773,vehicles,NewVehicleRegistration-2021-01.pdf
ZAF,2020-01,shared,total_self_propelled,FS,2294,vehicles,NewVehicleRegistration-2021-01.pdf
ZAF,2020-01,shared,total_self_propelled,GP,34451,vehicles,NewVehicleRegistration-2021-01.pdf
ZAF,2020-01,shared,total_self_propelled,KZN,10322,vehicles,NewVehicleRegistration-2021-01.pdf
ZAF,2020-01,shared,total_self_propelled,LP,2463,vehicles,NewVehicleRegistration-2021-01.pdf
ZAF,2020-01,shared,total_self_propelled,MP,3148,vehicles,NewVehicleRegistration-2021-01.pdf
ZAF,2020-01,shared,total_self_propelled,NC,831,vehicles,NewVehicleRegistration-2021-01.pdf
ZAF,2020-01,shared,total_self_propelled,NW,2247,vehicles,NewVehicleRegistration-2021-01.pdf
ZAF,2020-01,shared,total_self_propelled,WC,8474,vehicles,NewVehicleRegistration-2021-01.pdf
ZAF,2020-01,shared,total_self_propelled,ZAF,68003,vehicles,NewVehicleRegistration-2021-01.pdf
ZAF,2020-01,shared,trucks,EC,64,vehicles,NewVehicleRegistration-2021-01.pdf
ZAF,2020-01,shared,trucks,FS,85,vehicles,NewVehicleRegistration-2021-01.pdf
ZAF,2020-01,shared,trucks,GP,520,vehicles,NewVehicleRegistration-2021-01.pdf
ZAF,2020-01,shared,trucks,KZN,275,vehicles,NewVehicleRegistration-2021-01.pdf
ZAF,2020-01,shared,trucks,LP,68,vehicles,NewVehicleRegistration-2021-01.pdf
ZAF,2020-01,shared,trucks,MP,256,vehicles,NewVehicleRegistration-2021-01.pdf
ZAF,2020-01,shared,trucks,NC,33,vehicles,NewVehicleRegistration-2021-01.pdf
ZAF,2020-01,shared,trucks,NW,47,vehicles,NewVehicleRegistration-2021-01.pdf
ZAF,2020-01,shared,trucks,WC,160,vehicles,NewVehicleRegistration-2021-01.pdf
ZAF,2020-01,shared,trucks,ZAF,1508,vehicles,NewVehicleRegistration-2021-01.pdf
ZAF,2020-02,shared,buses,EC,9,vehicles,NewVehicleRegistration-2021-02.pdf
ZAF,2020-02,shared,buses,FS,19,vehicles,NewVehicleRegistration-2021-02.pdf
ZAF,2020-02,shared,buses,GP,136,vehicles,NewVehicleRegistration-2021-02.pdf
ZAF,2020-02,shared,buses,KZN,61,vehicles,NewVehicleRegistration-2021-02.pdf
ZAF,2020-02,shared,buses,LP,19,vehicles,NewVehicleRegistration-2021-02.pdf
ZAF,2020-02,shared,buses,MP,27,vehicles,NewVehicleRegistration-2021-02.pdf
ZAF,2020-02,shared,buses,NC,6,vehicles,NewVehicleRegistration-2021-02.pdf
ZAF,2020-02,shared,buses,NW,6,vehicles,NewVehicleRegistration-2021-02.pdf
ZAF,2020-02,shared,buses,WC,15,vehicles,NewVehicleRegistration-2021-02.pdf
ZAF,2020-02,shared,buses,ZAF,298,vehicles,NewVehicleRegistration-2021-02.pdf
ZAF,2020-02,shared,cars,EC,1700,vehicles,NewVehicleRegistration-2021-02.pdf
ZAF,2020-02,shared,cars,FS,753,vehicles,NewVehicleRegistration-2021-02.pdf
ZAF,2020-02,shared,cars,GP,14334,vehicles,NewVehicleRegistration-2021-02.pdf
ZAF,2020-02,shared,cars,KZN,4141,vehicles,NewVehicleRegistration-2021-02.pdf
ZAF,2020-02,shared,cars,LP,741,vehicles,NewVehicleRegistration-2021-02.pdf
ZAF,2020-02,shared,cars,MP,1163,vehicles,NewVehicleRegistration-2021-02.pdf
ZAF,2020-02,shared,cars,NC,213,vehicles,NewVehicleRegistration-2021-02.pdf
ZAF,2020-02,shared,cars,NW,731,vehicles,NewVehicleRegistration-2021-02.pdf
ZAF,2020-02,shared,cars,WC,3054,vehicles,NewVehicleRegistration-2021-02.pdf
ZAF,2020-02,shared,cars,ZAF,26830,vehicles,NewVehicleRegistration-2021-02.pdf
ZAF,2020-02,shared,light_commercial,EC,565,vehicles,NewVehicleRegistration-2021-02.pdf
ZAF,2020-02,shared,light_commercial,FS,387,vehicles,NewVehicleRegistration-2021-02.pdf
ZAF,2020-02,shared,light_commercial,GP,3880,vehicles,NewVehicleRegistration-2021-02.pdf
ZAF,2020-02,shared,light_commercial,KZN,1504,vehicles,NewVehicleRegistration-2021-02.pdf
ZAF,2020-02,shared,light_commercial,LP,602,vehicles,NewVehicleRegistration-2021-02.pdf
ZAF,2020-02,shared,light_commercial,MP,759,vehicles,NewVehicleRegistration-2021-02.pdf
ZAF,2020-02,shared,light_commercial,NC,206,vehicles,NewVehicleRegistration-2021-02.pdf
ZAF,2020-02,shared,light_commercial,NW,438,vehicles,NewVehicleRegistration-2021-02.pdf
ZAF,2020-02,shared,light_commercial,WC,965,vehicles,NewVehicleRegistration-2021-02.pdf
ZAF,2020-02,shared,light_commercial,ZAF,9306,vehicles,NewVehicleRegistration-2021-02.pdf
ZAF,2020-02,shared,minibuses,EC,118,vehicles,NewVehicleRegistration-2021-02.pdf
ZAF,2020-02,shared,minibuses,FS,36,vehicles,NewVehicleRegistration-2021-02.pdf
ZAF,2020-02,shared,minibuses,GP,690,vehicles,NewVehicleRegistration-2021-02.pdf
ZAF,2020-02,shared,minibuses,KZN,269,vehicles,NewVehicleRegistration-2021-02.pdf
ZAF,2020-02,shared,minibuses,LP,141,vehicles,NewVehicleRegistration-2021-02.pdf
ZAF,2020-02,shared,minibuses,MP,125,vehicles,NewVehicleRegistration-2021-02.pdf
ZAF,2020-02,shared,minibuses,NC,22,vehicles,NewVehicleRegistration-2021-02.pdf
ZAF,2020-02,shared,minibuses,NW,68,vehicles,NewVehicleRegistration-2021-02.pdf
ZAF,2020-02,shared,minibuses,WC,187,vehicles,NewVehicleRegistration-2021-02.pdf
ZAF,2020-02,shared,minibuses,ZAF,1656,vehicles,NewVehicleRegistration-2021-02.pdf
ZAF,2020-02,shared,motorcycles,EC,67,vehicles,NewVehicleRegistration-2021-02.pdf
ZAF,2020-02,shared,motorcycles,FS,90,vehicles,NewVehicleRegistration-2021-02.pdf
ZAF,2020-02,shared,motorcycles,GP,833,vehicles,NewVehicleRegistration-2021-02.pdf
ZAF,2020-02,shared,motorcycles,KZN,167,vehicles,NewVehicleRegistration-2021-02.pdf
ZAF,2020-02,shared,motorcycles,LP,24,vehicles,NewVehicleRegistration-2021-02.pdf
ZAF,2020-02,shared,motorcycles,MP,45,vehicles,NewVehicleRegistration-2021-02.pdf
ZAF,2020-02,shared,motorcycles,NC,10,vehicles,NewVehicleRegistration-2021-02.pdf
ZAF,2020-02,shared,motorcycles,NW,31,vehicles,NewVehicleRegistration-2021-02.pdf
ZAF,2020-02,shared,motorcycles,WC,289,vehicles,NewVehicleRegistration-2021-02.pdf
ZAF,2020-02,shared,motorcycles,ZAF,1556,vehicles,NewVehicleRegistration-2021-02.pdf
ZAF,2020-02,shared,other_self_propelled,EC,43,vehicles,NewVehicleRegistration-2021-02.pdf
ZAF,2020-02,shared,other_self_propelled,FS,58,vehicles,NewVehicleRegistration-2021-02.pdf
ZAF,2020-02,shared,other_self_propelled,GP,91,vehicles,NewVehicleRegistration-2021-02.pdf
ZAF,2020-02,shared,other_self_propelled,KZN,89,vehicles,NewVehicleRegistration-2021-02.pdf
ZAF,2020-02,shared,other_self_propelled,LP,38,vehicles,NewVehicleRegistration-2021-02.pdf
ZAF,2020-02,shared,other_self_propelled,MP,54,vehicles,NewVehicleRegistration-2021-02.pdf
ZAF,2020-02,shared,other_self_propelled,NC,29,vehicles,NewVehicleRegistration-2021-02.pdf
ZAF,2020-02,shared,other_self_propelled,NW,30,vehicles,NewVehicleRegistration-2021-02.pdf
ZAF,2020-02,shared,other_self_propelled,WC,94,vehicles,NewVehicleRegistration-2021-02.pdf
ZAF,2020-02,shared,other_self_propelled,ZAF,526,vehicles,NewVehicleRegistration-2021-02.pdf
ZAF,2020-02,shared,total_self_propelled,EC,2560,vehicles,NewVehicleRegistration-2021-02.pdf
ZAF,2020-02,shared,total_self_propelled,FS,1418,vehicles,NewVehicleRegistration-2021-02.pdf
ZAF,2020-02,shared,total_self_propelled,GP,20478,vehicles,NewVehicleRegistration-2021-02.pdf
ZAF,2020-02,shared,total_self_propelled,KZN,6460,vehicles,NewVehicleRegistration-2021-02.pdf
ZAF,2020-02,shared,total_self_propelled,LP,1644,vehicles,NewVehicleRegistration-2021-02.pdf
ZAF,2020-02,shared,total_self_propelled,MP,2351,vehicles,NewVehicleRegistration-2021-02.pdf
ZAF,2020-02,shared,total_self_propelled,NC,521,vehicles,NewVehicleRegistration-2021-02.pdf
ZAF,2020-02,shared,total_self_propelled,NW,1361,vehicles,NewVehicleRegistration-2021-02.pdf
ZAF,2020-02,shared,total_self_propelled,WC,4734,vehicles,NewVehicleRegistration-2021-02.pdf
ZAF,2020-02,shared,total_self_propelled,ZAF,41527,vehicles,NewVehicleRegistration-2021-02.pdf
ZAF,2020-02,shared,trucks,EC,58,vehicles,NewVehicleRegistration-2021-02.pdf
ZAF,2020-02,shared,trucks,FS,75,vehicles,NewVehicleRegistration-2021-02.pdf
ZAF,2020-02,shared,trucks,GP,514,vehicles,NewVehicleRegistration-2021-02.pdf
ZAF,2020-02,shared,trucks,KZN,229,vehicles,NewVehicleRegistration-2021-02.pdf
ZAF,2020-02,shared,trucks,LP,79,vehicles,NewVehicleRegistration-2021-02.pdf
ZAF,2020-02,shared,trucks,MP,178,vehicles,NewVehicleRegistration-2021-02.pdf
ZAF,2020-02,shared,trucks,NC,35,vehicles,NewVehicleRegistration-2021-02.pdf
ZAF,2020-02,shared,trucks,NW,57,vehicles,NewVehicleRegistration-2021-02.pdf
ZAF,2020-02,shared,trucks,WC,130,vehicles,NewVehicleRegistration-2021-02.pdf
ZAF,2020-02,shared,trucks,ZAF,1355,vehicles,NewVehicleRegistration-2021-02.pdf
ZAF,2020-03,shared,buses,EC,19,vehicles,NewVehicleRegistration-2021-03.pdf
ZAF,2020-03,shared,buses,FS,8,vehicles,NewVehicleRegistration-2021-03.pdf
ZAF,2020-03,shared,buses,GP,110,vehicles,NewVehicleRegistration-2021-03.pdf
ZAF,2020-03,shared,buses,KZN,32,vehicles,NewVehicleRegistration-2021-03.pdf
ZAF,2020-03,shared,buses,LP,35,vehicles,NewVehicleRegistration-2021-03.pdf
ZAF,2020-03,shared,buses,MP,21,vehicles,NewVehicleRegistration-2021-03.pdf
ZAF,2020-03,shared,buses,NC,11,vehicles,NewVehicleRegistration-2021-03.pdf
ZAF,2020-03,shared,buses,NW,7,vehicles,NewVehicleRegistration-2021-03.pdf
ZAF,2020-03,shared,buses,WC,26,vehicles,NewVehicleRegistration-2021-03.pdf
ZAF,2020-03,shared,buses,ZAF,269,vehicles,NewVehicleRegistration-2021-03.pdf
ZAF,2020-03,shared,cars,EC,1405,vehicles,NewVehicleRegistration-2021-03.pdf
ZAF,2020-03,shared,cars,FS,423,vehicles,NewVehicleRegistration-2021-03.pdf
ZAF,2020-03,shared,cars,GP,11246,vehicles,NewVehicleRegistration-2021-03.pdf
ZAF,2020-03,shared,cars,KZN,3742,vehicles,NewVehicleRegistration-2021-03.pdf
ZAF,2020-03,shared,cars,LP,710,vehicles,NewVehicleRegistration-2021-03.pdf
ZAF,2020-03,shared,cars,MP,938,vehicles,NewVehicleRegistration-2021-03.pdf
ZAF,2020-03,shared,cars,NC,254,vehicles,NewVehicleRegistration-2021-03.pdf
ZAF,2020-03,shared,cars,NW,685,vehicles,NewVehicleRegistration-2021-03.pdf
ZAF,2020-03,shared,cars,WC,2564,vehicles,NewVehicleRegistration-2021-03.pdf
ZAF,2020-03,shared,cars,ZAF,21967,vehicles,NewVehicleRegistration-2021-03.pdf
ZAF,2020-03,shared,light_commercial,EC,600,vehicles,NewVehicleRegistration-2021-03.pdf
ZAF,2020-03,shared,light_commercial,FS,260,vehicles,NewVehicleRegistration-2021-03.pdf
ZAF,2020-03,shared,light_commercial,GP,3101,vehicles,NewVehicleRegistration-2021-03.pdf
ZAF,2020-03,shared,light_commercial,KZN,1315,vehicles,NewVehicleRegistration-2021-03.pdf
ZAF,2020-03,shared,light_commercial,LP,491,vehicles,NewVehicleRegistration-2021-03.pdf
ZAF,2020-03,shared,light_commercial,MP,690,vehicles,NewVehicleRegistration-2021-03.pdf
ZAF,2020-03,shared,light_commercial,NC,241,vehicles,NewVehicleRegistration-2021-03.pdf
ZAF,2020-03,shared,light_commercial,NW,506,vehicles,NewVehicleRegistration-2021-03.pdf
ZAF,2020-03,shared,light_commercial,WC,901,vehicles,NewVehicleRegistration-2021-03.pdf
ZAF,2020-03,shared,light_commercial,ZAF,8105,vehicles,NewVehicleRegistration-2021-03.pdf
ZAF,2020-03,shared,minibuses,EC,111,vehicles,NewVehicleRegistration-2021-03.pdf
ZAF,2020-03,shared,minibuses,FS,16,vehicles,NewVehicleRegistration-2021-03.pdf
ZAF,2020-03,shared,minibuses,GP,619,vehicles,NewVehicleRegistration-2021-03.pdf
ZAF,2020-03,shared,minibuses,KZN,243,vehicles,NewVehicleRegistration-2021-03.pdf
ZAF,2020-03,shared,minibuses,LP,99,vehicles,NewVehicleRegistration-2021-03.pdf
ZAF,2020-03,shared,minibuses,MP,96,vehicles,NewVehicleRegistration-2021-03.pdf
ZAF,2020-03,shared,minibuses,NC,20,vehicles,NewVehicleRegistration-2021-03.pdf
ZAF,2020-03,shared,minibuses,NW,67,vehicles,NewVehicleRegistration-2021-03.pdf
ZAF,2020-03,shared,minibuses,WC,181,vehicles,NewVehicleRegistration-2021-03.pdf
ZAF,2020-03,shared,minibuses,ZAF,1452,vehicles,NewVehicleRegistration-2021-03.pdf
ZAF,2020-03,shared,motorcycles,EC,41,vehicles,NewVehicleRegistration-2021-03.pdf
ZAF,2020-03,shared,motorcycles,FS,55,vehicles,NewVehicleRegistration-2021-03.pdf
ZAF,2020-03,shared,motorcycles,GP,722,vehicles,NewVehicleRegistration-2021-03.pdf
ZAF,2020-03,shared,motorcycles,KZN,115,vehicles,NewVehicleRegistration-2021-03.pdf
ZAF,2020-03,shared,motorcycles,LP,27,vehicles,NewVehicleRegistration-2021-03.pdf
ZAF,2020-03,shared,motorcycles,MP,61,vehicles,NewVehicleRegistration-2021-03.pdf
ZAF,2020-03,shared,motorcycles,NC,14,vehicles,NewVehicleRegistration-2021-03.pdf
ZAF,2020-03,shared,motorcycles,NW,25,vehicles,NewVehicleRegistration-2021-03.pdf
ZAF,2020-03,shared,motorcycles,WC,267,vehicles,NewVehicleRegistration-2021-03.pdf
ZAF,2020-03,shared,motorcycles,ZAF,1327,vehicles,NewVehicleRegistration-2021-03.pdf
ZAF,2020-03,shared,other_self_propelled,EC,29,vehicles,NewVehicleRegistration-2021-03.pdf
ZAF,2020-03,shared,other_self_propelled,FS,71,vehicles,NewVehicleRegistration-2021-03.pdf
ZAF,2020-03,shared,other_self_propelled,GP,108,vehicles,NewVehicleRegistration-2021-03.pdf
ZAF,2020-03,shared,other_self_propelled,KZN,99,vehicles,NewVehicleRegistration-2021-03.pdf
ZAF,2020-03,shared,other_self_propelled,LP,48,vehicles,NewVehicleRegistration-2021-03.pdf
ZAF,2020-03,shared,other_self_propelled,MP,82,vehicles,NewVehicleRegistration-2021-03.pdf
ZAF,2020-03,shared,other_self_propelled,NC,32,vehicles,NewVehicleRegistration-2021-03.pdf
ZAF,2020-03,shared,other_self_propelled,NW,33,vehicles,NewVehicleRegistration-2021-03.pdf
ZAF,2020-03,shared,other_self_propelled,WC,62,vehicles,NewVehicleRegistration-2021-03.pdf
ZAF,2020-03,shared,other_self_propelled,ZAF,564,vehicles,NewVehicleRegistration-2021-03.pdf
ZAF,2020-03,shared,total_self_propelled,EC,2259,vehicles,NewVehicleRegistration-2021-03.pdf
ZAF,2020-03,shared,total_self_propelled,FS,881,vehicles,NewVehicleRegistration-2021-03.pdf
ZAF,2020-03,shared,total_self_propelled,GP,16479,vehicles,NewVehicleRegistration-2021-03.pdf
ZAF,2020-03,shared,total_self_propelled,KZN,5790,vehicles,NewVehicleRegistration-2021-03.pdf
ZAF,2020-03,shared,total_self_propelled,LP,1469,vehicles,NewVehicleRegistration-2021-03.pdf
ZAF,2020-03,shared,total_self_propelled,MP,2129,vehicles,NewVehicleRegistration-2021-03.pdf
ZAF,2020-03,shared,total_self_propelled,NC,598,vehicles,NewVehicleRegistration-2021-03.pdf
ZAF,2020-03,shared,total_self_propelled,NW,1394,vehicles,NewVehicleRegistration-2021-03.pdf
ZAF,2020-03,shared,total_self_propelled,WC,4218,vehicles,NewVehicleRegistration-2021-03.pdf
ZAF,2020-03,shared,total_self_propelled,ZAF,35217,vehicles,NewVehicleRegistration-2021-03.pdf
ZAF,2020-03,shared,trucks,EC,54,vehicles,NewVehicleRegistration-2021-03.pdf
ZAF,2020-03,shared,trucks,FS,48,vehicles,NewVehicleRegistration-2021-03.pdf
ZAF,2020-03,shared,trucks,GP,573,vehicles,NewVehicleRegistration-2021-03.pdf
ZAF,2020-03,shared,trucks,KZN,244,vehicles,NewVehicleRegistration-2021-03.pdf
ZAF,2020-03,shared,trucks,LP,59,vehicles,NewVehicleRegistration-2021-03.pdf
ZAF,2020-03,shared,trucks,MP,241,vehicles,NewVehicleRegistration-2021-03.pdf
ZAF,2020-03,shared,trucks,NC,26,vehicles,NewVehicleRegistration-2021-03.pdf
ZAF,2020-03,shared,trucks,NW,71,vehicles,NewVehicleRegistration-2021-03.pdf
ZAF,2020-03,shared,trucks,WC,217,vehicles,NewVehicleRegistration-2021-03.pdf
ZAF,2020-03,shared,trucks,ZAF,1533,vehicles,NewVehicleRegistration-2021-03.pdf
ZAF,2020-06,shared,buses,EC,3,vehicles,NewVehicleRegistration-2021-06.pdf
ZAF,2020-06,shared,buses,FS,17,vehicles,NewVehicleRegistration-2021-06.pdf
ZAF,2020-06,shared,buses,GP,55,vehicles,NewVehicleRegistration-2021-06.pdf
ZAF,2020-06,shared,buses,KZN,60,vehicles,NewVehicleRegistration-2021-06.pdf
ZAF,2020-06,shared,buses,LP,45,vehicles,NewVehicleRegistration-2021-06.pdf
ZAF,2020-06,shared,buses,MP,12,vehicles,NewVehicleRegistration-2021-06.pdf
ZAF,2020-06,shared,buses,NC,10,vehicles,NewVehicleRegistration-2021-06.pdf
ZAF,2020-06,shared,buses,NW,2,vehicles,NewVehicleRegistration-2021-06.pdf
ZAF,2020-06,shared,buses,WC,8,vehicles,NewVehicleRegistration-2021-06.pdf
ZAF,2020-06,shared,buses,ZAF,212,vehicles,NewVehicleRegistration-2021-06.pdf
ZAF,2020-06,shared,cars,EC,1676,vehicles,NewVehicleRegistration-2021-06.pdf
ZAF,2020-06,shared,cars,FS,765,vehicles,NewVehicleRegistration-2021-06.pdf
ZAF,2020-06,shared,cars,GP,11244,vehicles,NewVehicleRegistration-2021-06.pdf
ZAF,2020-06,shared,cars,KZN,3970,vehicles,NewVehicleRegistration-2021-06.pdf
ZAF,2020-06,shared,cars,LP,1125,vehicles,NewVehicleRegistration-2021-06.pdf
ZAF,2020-06,shared,cars,MP,1308,vehicles,NewVehicleRegistration-2021-06.pdf
ZAF,2020-06,shared,cars,NC,300,vehicles,NewVehicleRegistration-2021-06.pdf
ZAF,2020-06,shared,cars,NW,789,vehicles,NewVehicleRegistration-2021-06.pdf
ZAF,2020-06,shared,cars,WC,1815,vehicles,NewVehicleRegistration-2021-06.pdf
ZAF,2020-06,shared,cars,ZAF,22992,vehicles,NewVehicleRegistration-2021-06.pdf
ZAF,2020-06,shared,light_commercial,EC,626,vehicles,NewVehicleRegistration-2021-06.pdf
ZAF,2020-06,shared,light_commercial,FS,521,vehicles,NewVehicleRegistration-2021-06.pdf
ZAF,2020-06,shared,light_commercial,GP,3684,vehicles,NewVehicleRegistration-2021-06.pdf
ZAF,2020-06,shared,light_commercial,KZN,1493,vehicles,NewVehicleRegistration-2021-06.pdf
ZAF,2020-06,shared,light_commercial,LP,732,vehicles,NewVehicleRegistration-2021-06.pdf
ZAF,2020-06,shared,light_commercial,MP,882,vehicles,NewVehicleRegistration-2021-06.pdf
ZAF,2020-06,shared,light_commercial,NC,233,vehicles,NewVehicleRegistration-2021-06.pdf
ZAF,2020-06,shared,light_commercial,NW,373,vehicles,NewVehicleRegistration-2021-06.pdf
ZAF,2020-06,shared,light_commercial,WC,884,vehicles,NewVehicleRegistration-2021-06.pdf
ZAF,2020-06,shared,light_commercial,ZAF,9428,vehicles,NewVehicleRegistration-2021-06.pdf
ZAF,2020-06,shared,minibuses,EC,98,vehicles,NewVehicleRegistration-2021-06.pdf
ZAF,2020-06,shared,minibuses,FS,31,vehicles,NewVehicleRegistration-2021-06.pdf
ZAF,2020-06,shared,minibuses,GP,510,vehicles,NewVehicleRegistration-2021-06.pdf
ZAF,2020-06,shared,minibuses,KZN,244,vehicles,NewVehicleRegistration-2021-06.pdf
ZAF,2020-06,shared,minibuses,LP,132,vehicles,NewVehicleRegistration-2021-06.pdf
ZAF,2020-06,shared,minibuses,MP,148,vehicles,NewVehicleRegistration-2021-06.pdf
ZAF,2020-06,shared,minibuses,NC,28,vehicles,NewVehicleRegistration-2021-06.pdf
ZAF,2020-06,shared,minibuses,NW,48,vehicles,NewVehicleRegistration-2021-06.pdf
ZAF,2020-06,shared,minibuses,WC,110,vehicles,NewVehicleRegistration-2021-06.pdf
ZAF,2020-06,shared,minibuses,ZAF,1349,vehicles,NewVehicleRegistration-2021-06.pdf
ZAF,2020-06,shared,motorcycles,EC,66,vehicles,NewVehicleRegistration-2021-06.pdf
ZAF,2020-06,shared,motorcycles,FS,75,vehicles,NewVehicleRegistration-2021-06.pdf
ZAF,2020-06,shared,motorcycles,GP,1421,vehicles,NewVehicleRegistration-2021-06.pdf
ZAF,2020-06,shared,motorcycles,KZN,223,vehicles,NewVehicleRegistration-2021-06.pdf
ZAF,2020-06,shared,motorcycles,LP,36,vehicles,NewVehicleRegistration-2021-06.pdf
ZAF,2020-06,shared,motorcycles,MP,80,vehicles,NewVehicleRegistration-2021-06.pdf
ZAF,2020-06,shared,motorcycles,NC,17,vehicles,NewVehicleRegistration-2021-06.pdf
ZAF,2020-06,shared,motorcycles,NW,43,vehicles,NewVehicleRegistration-2021-06.pdf
ZAF,2020-06,shared,motorcycles,WC,308,vehicles,NewVehicleRegistration-2021-06.pdf
ZAF,2020-06,shared,motorcycles,ZAF,2269,vehicles,NewVehicleRegistration-2021-06.pdf
ZAF,2020-06,shared,other_self_propelled,EC,29,vehicles,NewVehicleRegistration-2021-06.pdf
ZAF,2020-06,shared,other_self_propelled,FS,48,vehicles,NewVehicleRegistration-2021-06.pdf
ZAF,2020-06,shared,other_self_propelled,GP,147,vehicles,NewVehicleRegistration-2021-06.pdf
ZAF,2020-06,shared,other_self_propelled,KZN,85,vehicles,NewVehicleRegistration-2021-06.pdf
ZAF,2020-06,shared,other_self_propelled,LP,50,vehicles,NewVehicleRegistration-2021-06.pdf
ZAF,2020-06,shared,other_self_propelled,MP,89,vehicles,NewVehicleRegistration-2021-06.pdf
ZAF,2020-06,shared,other_self_propelled,NC,25,vehicles,NewVehicleRegistration-2021-06.pdf
ZAF,2020-06,shared,other_self_propelled,NW,31,vehicles,NewVehicleRegistration-2021-06.pdf
ZAF,2020-06,shared,other_self_propelled,WC,65,vehicles,NewVehicleRegistration-2021-06.pdf
ZAF,2020-06,shared,other_self_propelled,ZAF,569,vehicles,NewVehicleRegistration-2021-06.pdf
ZAF,2020-06,shared,total_self_propelled,EC,2531,vehicles,NewVehicleRegistration-2021-06.pdf
ZAF,2020-06,shared,total_self_propelled,FS,1564,vehicles,NewVehicleRegistration-2021-06.pdf
ZAF,2020-06,shared,total_self_propelled,GP,17604,vehicles,NewVehicleRegistration-2021-06.pdf
ZAF,2020-06,shared,total_self_propelled,KZN,6243,vehicles,NewVehicleRegistration-2021-06.pdf
ZAF,2020-06,shared,total_self_propelled,LP,2202,vehicles,NewVehicleRegistration-2021-06.pdf
ZAF,2020-06,shared,total_self_propelled,MP,2717,vehicles,NewVehicleRegistration-2021-06.pdf
ZAF,2020-06,shared,total_self_propelled,NC,637,vehicles,NewVehicleRegistration-2021-06.pdf
ZAF,2020-06,shared,total_self_propelled,NW,1323,vehicles,NewVehicleRegistration-2021-06.pdf
ZAF,2020-06,shared,total_self_propelled,WC,3343,vehicles,NewVehicleRegistration-2021-06.pdf
ZAF,2020-06,shared,total_self_propelled,ZAF,38164,vehicles,NewVehicleRegistration-2021-06.pdf
ZAF,2020-06,shared,trucks,EC,33,vehicles,NewVehicleRegistration-2021-06.pdf
ZAF,2020-06,shared,trucks,FS,107,vehicles,NewVehicleRegistration-2021-06.pdf
ZAF,2020-06,shared,trucks,GP,543,vehicles,NewVehicleRegistration-2021-06.pdf
ZAF,2020-06,shared,trucks,KZN,168,vehicles,NewVehicleRegistration-2021-06.pdf
ZAF,2020-06,shared,trucks,LP,82,vehicles,NewVehicleRegistration-2021-06.pdf
ZAF,2020-06,shared,trucks,MP,198,vehicles,NewVehicleRegistration-2021-06.pdf
ZAF,2020-06,shared,trucks,NC,24,vehicles,NewVehicleRegistration-2021-06.pdf
ZAF,2020-06,shared,trucks,NW,37,vehicles,NewVehicleRegistration-2021-06.pdf
ZAF,2020-06,shared,trucks,WC,153,vehicles,NewVehicleRegistration-2021-06.pdf
ZAF,2020-06,shared,trucks,ZAF,1345,vehicles,NewVehicleRegistration-2021-06.pdf
ZAF,2020-07,shared,buses,EC,14,vehicles,NewVehicleRegistration-2021-07.pdf
ZAF,2020-07,shared,buses,FS,10,vehicles,NewVehicleRegistration-2021-07.pdf
ZAF,2020-07,shared,buses,GP,94,vehicles,NewVehicleRegistration-2021-07.pdf
ZAF,2020-07,shared,buses,KZN,33,vehicles,NewVehicleRegistration-2021-07.pdf
ZAF,2020-07,shared,buses,LP,22,vehicles,NewVehicleRegistration-2021-07.pdf
ZAF,2020-07,shared,buses,MP,11,vehicles,NewVehicleRegistration-2021-07.pdf
ZAF,2020-07,shared,buses,NC,5,vehicles,NewVehicleRegistration-2021-07.pdf
ZAF,2020-07,shared,buses,NW,4,vehicles,NewVehicleRegistration-2021-07.pdf
ZAF,2020-07,shared,buses,WC,10,vehicles,NewVehicleRegistration-2021-07.pdf
ZAF,2020-07,shared,buses,ZAF,203,vehicles,NewVehicleRegistration-2021-07.pdf
ZAF,2020-07,shared,cars,EC,1255,vehicles,NewVehicleRegistration-2021-07.pdf
ZAF,2020-07,shared,cars,FS,458,vehicles,NewVehicleRegistration-2021-07.pdf
ZAF,2020-07,shared,cars,GP,9050,vehicles,NewVehicleRegistration-2021-07.pdf
ZAF,2020-07,shared,cars,KZN,4077,vehicles,NewVehicleRegistration-2021-07.pdf
ZAF,2020-07,shared,cars,LP,762,vehicles,NewVehicleRegistration-2021-07.pdf
ZAF,2020-07,shared,cars,MP,925,vehicles,NewVehicleRegistration-2021-07.pdf
ZAF,2020-07,shared,cars,NC,238,vehicles,NewVehicleRegistration-2021-07.pdf
ZAF,2020-07,shared,cars,NW,871,vehicles,NewVehicleRegistration-2021-07.pdf
ZAF,2020-07,shared,cars,WC,1769,vehicles,NewVehicleRegistration-2021-07.pdf
ZAF,2020-07,shared,cars,ZAF,19405,vehicles,NewVehicleRegistration-2021-07.pdf
ZAF,2020-07,shared,light_commercial,EC,782,vehicles,NewVehicleRegistration-2021-07.pdf
ZAF,2020-07,shared,light_commercial,FS,349,vehicles,NewVehicleRegistration-2021-07.pdf
ZAF,2020-07,shared,light_commercial,GP,3778,vehicles,NewVehicleRegistration-2021-07.pdf
ZAF,2020-07,shared,light_commercial,KZN,1752,vehicles,NewVehicleRegistration-2021-07.pdf
ZAF,2020-07,shared,light_commercial,LP,628,vehicles,NewVehicleRegistration-2021-07.pdf
ZAF,2020-07,shared,light_commercial,MP,648,vehicles,NewVehicleRegistration-2021-07.pdf
ZAF,2020-07,shared,light_commercial,NC,206,vehicles,NewVehicleRegistration-2021-07.pdf
ZAF,2020-07,shared,light_commercial,NW,499,vehicles,NewVehicleRegistration-2021-07.pdf
ZAF,2020-07,shared,light_commercial,WC,764,vehicles,NewVehicleRegistration-2021-07.pdf
ZAF,2020-07,shared,light_commercial,ZAF,9406,vehicles,NewVehicleRegistration-2021-07.pdf
ZAF,2020-07,shared,minibuses,EC,74,vehicles,NewVehicleRegistration-2021-07.pdf
ZAF,2020-07,shared,minibuses,FS,22,vehicles,NewVehicleRegistration-2021-07.pdf
ZAF,2020-07,shared,minibuses,GP,489,vehicles,NewVehicleRegistration-2021-07.pdf
ZAF,2020-07,shared,minibuses,KZN,273,vehicles,NewVehicleRegistration-2021-07.pdf
ZAF,2020-07,shared,minibuses,LP,99,vehicles,NewVehicleRegistration-2021-07.pdf
ZAF,2020-07,shared,minibuses,MP,112,vehicles,NewVehicleRegistration-2021-07.pdf
ZAF,2020-07,shared,minibuses,NC,25,vehicles,NewVehicleRegistration-2021-07.pdf
ZAF,2020-07,shared,minibuses,NW,56,vehicles,NewVehicleRegistration-2021-07.pdf
ZAF,2020-07,shared,minibuses,WC,110,vehicles,NewVehicleRegistration-2021-07.pdf
ZAF,2020-07,shared,minibuses,ZAF,1260,vehicles,NewVehicleRegistration-2021-07.pdf
ZAF,2020-07,shared,motorcycles,EC,52,vehicles,NewVehicleRegistration-2021-07.pdf
ZAF,2020-07,shared,motorcycles,FS,53,vehicles,NewVehicleRegistration-2021-07.pdf
ZAF,2020-07,shared,motorcycles,GP,1266,vehicles,NewVehicleRegistration-2021-07.pdf
ZAF,2020-07,shared,motorcycles,KZN,249,vehicles,NewVehicleRegistration-2021-07.pdf
ZAF,2020-07,shared,motorcycles,LP,37,vehicles,NewVehicleRegistration-2021-07.pdf
ZAF,2020-07,shared,motorcycles,MP,53,vehicles,NewVehicleRegistration-2021-07.pdf
ZAF,2020-07,shared,motorcycles,NC,9,vehicles,NewVehicleRegistration-2021-07.pdf
ZAF,2020-07,shared,motorcycles,NW,50,vehicles,NewVehicleRegistration-2021-07.pdf
ZAF,2020-07,shared,motorcycles,WC,272,vehicles,NewVehicleRegistration-2021-07.pdf
ZAF,2020-07,shared,motorcycles,ZAF,2041,vehicles,NewVehicleRegistration-2021-07.pdf
ZAF,2020-07,shared,other_self_propelled,EC,77,vehicles,NewVehicleRegistration-2021-07.pdf
ZAF,2020-07,shared,other_self_propelled,FS,80,vehicles,NewVehicleRegistration-2021-07.pdf
ZAF,2020-07,shared,other_self_propelled,GP,151,vehicles,NewVehicleRegistration-2021-07.pdf
ZAF,2020-07,shared,other_self_propelled,KZN,191,vehicles,NewVehicleRegistration-2021-07.pdf
ZAF,2020-07,shared,other_self_propelled,LP,47,vehicles,NewVehicleRegistration-2021-07.pdf
ZAF,2020-07,shared,other_self_propelled,MP,84,vehicles,NewVehicleRegistration-2021-07.pdf
ZAF,2020-07,shared,other_self_propelled,NC,65,vehicles,NewVehicleRegistration-2021-07.pdf
ZAF,2020-07,shared,other_self_propelled,NW,55,vehicles,NewVehicleRegistration-2021-07.pdf
ZAF,2020-07,shared,other_self_propelled,WC,100,vehicles,NewVehicleRegistration-2021-07.pdf
ZAF,2020-07,shared,other_self_propelled,ZAF,850,vehicles,NewVehicleRegistration-2021-07.pdf
ZAF,2020-07,shared,total_self_propelled,EC,2344,vehicles,NewVehicleRegistration-2021-07.pdf
ZAF,2020-07,shared,total_self_propelled,FS,1080,vehicles,NewVehicleRegistration-2021-07.pdf
ZAF,2020-07,shared,total_self_propelled,GP,15624,vehicles,NewVehicleRegistration-2021-07.pdf
ZAF,2020-07,shared,total_self_propelled,KZN,6840,vehicles,NewVehicleRegistration-2021-07.pdf
ZAF,2020-07,shared,total_self_propelled,LP,1740,vehicles,NewVehicleRegistration-2021-07.pdf
ZAF,2020-07,shared,total_self_propelled,MP,2032,vehicles,NewVehicleRegistration-2021-07.pdf
ZAF,2020-07,shared,total_self_propelled,NC,563,vehicles,NewVehicleRegistration-2021-07.pdf
ZAF,2020-07,shared,total_self_propelled,NW,1589,vehicles,NewVehicleRegistration-2021-07.pdf
ZAF,2020-07,shared,total_self_propelled,WC,3194,vehicles,NewVehicleRegistration-2021-07.pdf
ZAF,2020-07,shared,total_self_propelled,ZAF,35006,vehicles,NewVehicleRegistration-2021-07.pdf
ZAF,2020-07,shared,trucks,EC,90,vehicles,NewVehicleRegistration-2021-07.pdf
ZAF,2020-07,shared,trucks,FS,108,vehicles,NewVehicleRegistration-2021-07.pdf
ZAF,2020-07,shared,trucks,GP,796,vehicles,NewVehicleRegistration-2021-07.pdf
ZAF,2020-07,shared,trucks,KZN,265,vehicles,NewVehicleRegistration-2021-07.pdf
ZAF,2020-07,shared,trucks,LP,145,vehicles,NewVehicleRegistration-2021-07.pdf
ZAF,2020-07,shared,trucks,MP,199,vehicles,NewVehicleRegistration-2021-07.pdf
ZAF,2020-07,shared,trucks,NC,15,vehicles,NewVehicleRegistration-2021-07.pdf
ZAF,2020-07,shared,trucks,NW,54,vehicles,NewVehicleRegistration-2021-07.pdf
ZAF,2020-07,shared,trucks,WC,169,vehicles,NewVehicleRegistration-2021-07.pdf
ZAF,2020-07,shared,trucks,ZAF,1841,vehicles,NewVehicleRegistration-2021-07.pdf
ZAF,2020-08,shared,buses,EC,23,vehicles,NewVehicleRegistration-2021-08.pdf
ZAF,2020-08,shared,buses,FS,5,vehicles,NewVehicleRegistration-2021-08.pdf
ZAF,2020-08,shared,buses,GP,70,vehicles,NewVehicleRegistration-2021-08.pdf
ZAF,2020-08,shared,buses,KZN,51,vehicles,NewVehicleRegistration-2021-08.pdf
ZAF,2020-08,shared,buses,LP,33,vehicles,NewVehicleRegistration-2021-08.pdf
ZAF,2020-08,shared,buses,MP,24,vehicles,NewVehicleRegistration-2021-08.pdf
ZAF,2020-08,shared,buses,NC,5,vehicles,NewVehicleRegistration-2021-08.pdf
ZAF,2020-08,shared,buses,NW,5,vehicles,NewVehicleRegistration-2021-08.pdf
ZAF,2020-08,shared,buses,WC,11,vehicles,NewVehicleRegistration-2021-08.pdf
ZAF,2020-08,shared,buses,ZAF,227,vehicles,NewVehicleRegistration-2021-08.pdf
ZAF,2020-08,shared,cars,EC,1415,vehicles,NewVehicleRegistration-2021-08.pdf
ZAF,2020-08,shared,cars,FS,487,vehicles,NewVehicleRegistration-2021-08.pdf
ZAF,2020-08,shared,cars,GP,7991,vehicles,NewVehicleRegistration-2021-08.pdf
ZAF,2020-08,shared,cars,KZN,3031,vehicles,NewVehicleRegistration-2021-08.pdf
ZAF,2020-08,shared,cars,LP,748,vehicles,NewVehicleRegistration-2021-08.pdf
ZAF,2020-08,shared,cars,MP,881,vehicles,NewVehicleRegistration-2021-08.pdf
ZAF,2020-08,shared,cars,NC,178,vehicles,NewVehicleRegistration-2021-08.pdf
ZAF,2020-08,shared,cars,NW,636,vehicles,NewVehicleRegistration-2021-08.pdf
ZAF,2020-08,shared,cars,WC,1597,vehicles,NewVehicleRegistration-2021-08.pdf
ZAF,2020-08,shared,cars,ZAF,16964,vehicles,NewVehicleRegistration-2021-08.pdf
ZAF,2020-08,shared,light_commercial,EC,684,vehicles,NewVehicleRegistration-2021-08.pdf
ZAF,2020-08,shared,light_commercial,FS,385,vehicles,NewVehicleRegistration-2021-08.pdf
ZAF,2020-08,shared,light_commercial,GP,3480,vehicles,NewVehicleRegistration-2021-08.pdf
ZAF,2020-08,shared,light_commercial,KZN,1453,vehicles,NewVehicleRegistration-2021-08.pdf
ZAF,2020-08,shared,light_commercial,LP,584,vehicles,NewVehicleRegistration-2021-08.pdf
ZAF,2020-08,shared,light_commercial,MP,711,vehicles,NewVehicleRegistration-2021-08.pdf
ZAF,2020-08,shared,light_commercial,NC,209,vehicles,NewVehicleRegistration-2021-08.pdf
ZAF,2020-08,shared,light_commercial,NW,458,vehicles,NewVehicleRegistration-2021-08.pdf
ZAF,2020-08,shared,light_commercial,WC,783,vehicles,NewVehicleRegistration-2021-08.pdf
ZAF,2020-08,shared,light_commercial,ZAF,8747,vehicles,NewVehicleRegistration-2021-08.pdf
ZAF,2020-08,shared,minibuses,EC,100,vehicles,NewVehicleRegistration-2021-08.pdf
ZAF,2020-08,shared,minibuses,FS,13,vehicles,NewVehicleRegistration-2021-08.pdf
ZAF,2020-08,shared,minibuses,GP,426,vehicles,NewVehicleRegistration-2021-08.pdf
ZAF,2020-08,shared,minibuses,KZN,261,vehicles,NewVehicleRegistration-2021-08.pdf
ZAF,2020-08,shared,minibuses,LP,121,vehicles,NewVehicleRegistration-2021-08.pdf
ZAF,2020-08,shared,minibuses,MP,135,vehicles,NewVehicleRegistration-2021-08.pdf
ZAF,2020-08,shared,minibuses,NC,23,vehicles,NewVehicleRegistration-2021-08.pdf
ZAF,2020-08,shared,minibuses,NW,56,vehicles,NewVehicleRegistration-2021-08.pdf
ZAF,2020-08,shared,minibuses,WC,120,vehicles,NewVehicleRegistration-2021-08.pdf
ZAF,2020-08,shared,minibuses,ZAF,1255,vehicles,NewVehicleRegistration-2021-08.pdf
ZAF,2020-08,shared,motorcycles,EC,67,vehicles,NewVehicleRegistration-2021-08.pdf
ZAF,2020-08,shared,motorcycles,FS,60,vehicles,NewVehicleRegistration-2021-08.pdf
ZAF,2020-08,shared,motorcycles,GP,1110,vehicles,NewVehicleRegistration-2021-08.pdf
ZAF,2020-08,shared,motorcycles,KZN,187,vehicles,NewVehicleRegistration-2021-08.pdf
ZAF,2020-08,shared,motorcycles,LP,28,vehicles,NewVehicleRegistration-2021-08.pdf
ZAF,2020-08,shared,motorcycles,MP,57,vehicles,NewVehicleRegistration-2021-08.pdf
ZAF,2020-08,shared,motorcycles,NC,13,vehicles,NewVehicleRegistration-2021-08.pdf
ZAF,2020-08,shared,motorcycles,NW,26,vehicles,NewVehicleRegistration-2021-08.pdf
ZAF,2020-08,shared,motorcycles,WC,206,vehicles,NewVehicleRegistration-2021-08.pdf
ZAF,2020-08,shared,motorcycles,ZAF,1754,vehicles,NewVehicleRegistration-2021-08.pdf
ZAF,2020-08,shared,other_self_propelled,EC,64,vehicles,NewVehicleRegistration-2021-08.pdf
ZAF,2020-08,shared,other_self_propelled,FS,56,vehicles,NewVehicleRegistration-2021-08.pdf
ZAF,2020-08,shared,other_self_propelled,GP,113,vehicles,NewVehicleRegistration-2021-08.pdf
ZAF,2020-08,shared,other_self_propelled,KZN,123,vehicles,NewVehicleRegistration-2021-08.pdf
ZAF,2020-08,shared,other_self_propelled,LP,50,vehicles,NewVehicleRegistration-2021-08.pdf
ZAF,2020-08,shared,other_self_propelled,MP,72,vehicles,NewVehicleRegistration-2021-08.pdf
ZAF,2020-08,shared,other_self_propelled,NC,37,vehicles,NewVehicleRegistration-2021-08.pdf
ZAF,2020-08,shared,other_self_propelled,NW,51,vehicles,NewVehicleRegistration-2021-08.pdf
ZAF,2020-08,shared,other_self_propelled,WC,72,vehicles,NewVehicleRegistration-2021-08.pdf
ZAF,2020-08,shared,other_self_propelled,ZAF,638,vehicles,NewVehicleRegistration-2021-08.pdf
ZAF,2020-08,shared,total_self_propelled,EC,2401,vehicles,NewVehicleRegistration-2021-08.pdf
ZAF,2020-08,shared,total_self_propelled,FS,1111,vehicles,NewVehicleRegistration-2021-08.pdf
ZAF,2020-08,shared,total_self_propelled,GP,13879,vehicles,NewVehicleRegistration-2021-08.pdf
ZAF,2020-08,shared,total_self_propelled,KZN,5480,vehicles,NewVehicleRegistration-2021-08.pdf
ZAF,2020-08,shared,total_self_propelled,LP,1673,vehicles,NewVehicleRegistration-2021-08.pdf
ZAF,2020-08,shared,total_self_propelled,MP,2153,vehicles,NewVehicleRegistration-2021-08.pdf
ZAF,2020-08,shared,total_self_propelled,NC,498,vehicles,NewVehicleRegistration-2021-08.pdf
ZAF,2020-08,shared,total_self_propelled,NW,1301,vehicles,NewVehicleRegistration-2021-08.pdf
ZAF,2020-08,shared,total_self_propelled,WC,2951,vehicles,NewVehicleRegistration-2021-08.pdf
ZAF,2020-08,shared,total_self_propelled,ZAF,31447,vehicles,NewVehicleRegistration-2021-08.pdf
ZAF,2020-08,shared,trucks,EC,48,vehicles,NewVehicleRegistration-2021-08.pdf
ZAF,2020-08,shared,trucks,FS,105,vehicles,NewVehicleRegistration-2021-08.pdf
ZAF,2020-08,shared,trucks,GP,689,vehicles,NewVehicleRegistration-2021-08.pdf
ZAF,2020-08,shared,trucks,KZN,374,vehicles,NewVehicleRegistration-2021-08.pdf
ZAF,2020-08,shared,trucks,LP,109,vehicles,NewVehicleRegistration-2021-08.pdf
ZAF,2020-08,shared,trucks,MP,273,vehicles,NewVehicleRegistration-2021-08.pdf
ZAF,2020-08,shared,trucks,NC,33,vehicles,NewVehicleRegistration-2021-08.pdf
ZAF,2020-08,shared,trucks,NW,69,vehicles,NewVehicleRegistration-2021-08.pdf
ZAF,2020-08,shared,trucks,WC,162,vehicles,NewVehicleRegistration-2021-08.pdf
ZAF,2020-08,shared,trucks,ZAF,1862,vehicles,NewVehicleRegistration-2021-08.pdf
ZAF,2020-09,shared,buses,EC,6,vehicles,NewVehicleRegistration-2021-09.pdf
ZAF,2020-09,shared,buses,FS,43,vehicles,NewVehicleRegistration-2021-09.pdf
ZAF,2020-09,shared,buses,GP,58,vehicles,NewVehicleRegistration-2021-09.pdf
ZAF,2020-09,shared,buses,KZN,39,vehicles,NewVehicleRegistration-2021-09.pdf
ZAF,2020-09,shared,buses,LP,6,vehicles,NewVehicleRegistration-2021-09.pdf
ZAF,2020-09,shared,buses,MP,18,vehicles,NewVehicleRegistration-2021-09.pdf
ZAF,2020-09,shared,buses,NC,6,vehicles,NewVehicleRegistration-2021-09.pdf
ZAF,2020-09,shared,buses,NW,5,vehicles,NewVehicleRegistration-2021-09.pdf
ZAF,2020-09,shared,buses,WC,3,vehicles,NewVehicleRegistration-2021-09.pdf
ZAF,2020-09,shared,buses,ZAF,184,vehicles,NewVehicleRegistration-2021-09.pdf
ZAF,2020-09,shared,cars,EC,1444,vehicles,NewVehicleRegistration-2021-09.pdf
ZAF,2020-09,shared,cars,FS,738,vehicles,NewVehicleRegistration-2021-09.pdf
ZAF,2020-09,shared,cars,GP,9511,vehicles,NewVehicleRegistration-2021-09.pdf
ZAF,2020-09,shared,cars,KZN,3742,vehicles,NewVehicleRegistration-2021-09.pdf
ZAF,2020-09,shared,cars,LP,760,vehicles,NewVehicleRegistration-2021-09.pdf
ZAF,2020-09,shared,cars,MP,900,vehicles,NewVehicleRegistration-2021-09.pdf
ZAF,2020-09,shared,cars,NC,223,vehicles,NewVehicleRegistration-2021-09.pdf
ZAF,2020-09,shared,cars,NW,699,vehicles,NewVehicleRegistration-2021-09.pdf
ZAF,2020-09,shared,cars,WC,1804,vehicles,NewVehicleRegistration-2021-09.pdf
ZAF,2020-09,shared,cars,ZAF,19821,vehicles,NewVehicleRegistration-2021-09.pdf
ZAF,2020-09,shared,light_commercial,EC,541,vehicles,NewVehicleRegistration-2021-09.pdf
ZAF,2020-09,shared,light_commercial,FS,471,vehicles,NewVehicleRegistration-2021-09.pdf
ZAF,2020-09,shared,light_commercial,GP,3517,vehicles,NewVehicleRegistration-2021-09.pdf
ZAF,2020-09,shared,light_commercial,KZN,1485,vehicles,NewVehicleRegistration-2021-09.pdf
ZAF,2020-09,shared,light_commercial,LP,589,vehicles,NewVehicleRegistration-2021-09.pdf
ZAF,2020-09,shared,light_commercial,MP,681,vehicles,NewVehicleRegistration-2021-09.pdf
ZAF,2020-09,shared,light_commercial,NC,198,vehicles,NewVehicleRegistration-2021-09.pdf
ZAF,2020-09,shared,light_commercial,NW,572,vehicles,NewVehicleRegistration-2021-09.pdf
ZAF,2020-09,shared,light_commercial,WC,761,vehicles,NewVehicleRegistration-2021-09.pdf
ZAF,2020-09,shared,light_commercial,ZAF,8815,vehicles,NewVehicleRegistration-2021-09.pdf
ZAF,2020-09,shared,minibuses,EC,132,vehicles,NewVehicleRegistration-2021-09.pdf
ZAF,2020-09,shared,minibuses,FS,29,vehicles,NewVehicleRegistration-2021-09.pdf
ZAF,2020-09,shared,minibuses,GP,493,vehicles,NewVehicleRegistration-2021-09.pdf
ZAF,2020-09,shared,minibuses,KZN,205,vehicles,NewVehicleRegistration-2021-09.pdf
ZAF,2020-09,shared,minibuses,LP,98,vehicles,NewVehicleRegistration-2021-09.pdf
ZAF,2020-09,shared,minibuses,MP,114,vehicles,NewVehicleRegistration-2021-09.pdf
ZAF,2020-09,shared,minibuses,NC,28,vehicles,NewVehicleRegistration-2021-09.pdf
ZAF,2020-09,shared,minibuses,NW,66,vehicles,NewVehicleRegistration-2021-09.pdf
ZAF,2020-09,shared,minibuses,WC,92,vehicles,NewVehicleRegistration-2021-09.pdf
ZAF,2020-09,shared,minibuses,ZAF,1257,vehicles,NewVehicleRegistration-2021-09.pdf
ZAF,2020-09,shared,motorcycles,EC,60,vehicles,NewVehicleRegistration-2021-09.pdf
ZAF,2020-09,shared,motorcycles,FS,57,vehicles,NewVehicleRegistration-2021-09.pdf
ZAF,2020-09,shared,motorcycles,GP,989,vehicles,NewVehicleRegistration-2021-09.pdf
ZAF,2020-09,shared,motorcycles,KZN,173,vehicles,NewVehicleRegistration-2021-09.pdf
ZAF,2020-09,shared,motorcycles,LP,25,vehicles,NewVehicleRegistration-2021-09.pdf
ZAF,2020-09,shared,motorcycles,MP,45,vehicles,NewVehicleRegistration-2021-09.pdf
ZAF,2020-09,shared,motorcycles,NC,10,vehicles,NewVehicleRegistration-2021-09.pdf
ZAF,2020-09,shared,motorcycles,NW,51,vehicles,NewVehicleRegistration-2021-09.pdf
ZAF,2020-09,shared,motorcycles,WC,217,vehicles,NewVehicleRegistration-2021-09.pdf
ZAF,2020-09,shared,motorcycles,ZAF,1627,vehicles,NewVehicleRegistration-2021-09.pdf
ZAF,2020-09,shared,other_self_propelled,EC,64,vehicles,NewVehicleRegistration-2021-09.pdf
ZAF,2020-09,shared,other_self_propelled,FS,58,vehicles,NewVehicleRegistration-2021-09.pdf
ZAF,2020-09,shared,other_self_propelled,GP,111,vehicles,NewVehicleRegistration-2021-09.pdf
ZAF,2020-09,shared,other_self_propelled,KZN,141,vehicles,NewVehicleRegistration-2021-09.pdf
ZAF,2020-09,shared,other_self_propelled,LP,50,vehicles,NewVehicleRegistration-2021-09.pdf
ZAF,2020-09,shared,other_self_propelled,MP,60,vehicles,NewVehicleRegistration-2021-09.pdf
ZAF,2020-09,shared,other_self_propelled,NC,41,vehicles,NewVehicleRegistration-2021-09.pdf
ZAF,2020-09,shared,other_self_propelled,NW,66,vehicles,NewVehicleRegistration-2021-09.pdf
ZAF,2020-09,shared,other_self_propelled,WC,62,vehicles,NewVehicleRegistration-2021-09.pdf
ZAF,2020-09,shared,other_self_propelled,ZAF,653,vehicles,NewVehicleRegistration-2021-09.pdf
ZAF,2020-09,shared,total_self_propelled,EC,2309,vehicles,NewVehicleRegistration-2021-09.pdf
ZAF,2020-09,shared,total_self_propelled,FS,1610,vehicles,NewVehicleRegistration-2021-09.pdf
ZAF,2020-09,shared,total_self_propelled,GP,15512,vehicles,NewVehicleRegistration-2021-09.pdf
ZAF,2020-09,shared,total_self_propelled,KZN,6154,vehicles,NewVehicleRegistration-2021-09.pdf
ZAF,2020-09,shared,total_self_propelled,LP,1634,vehicles,NewVehicleRegistration-2021-09.pdf
ZAF,2020-09,shared,total_self_propelled,MP,2039,vehicles,NewVehicleRegistration-2021-09.pdf
ZAF,2020-09,shared,total_self_propelled,NC,525,vehicles,NewVehicleRegistration-2021-09.pdf
ZAF,2020-09,shared,total_self_propelled,NW,1511,vehicles,NewVehicleRegistration-2021-09.pdf
ZAF,2020-09,shared,total_self_propelled,WC,3101,vehicles,NewVehicleRegistration-2021-09.pdf
ZAF,2020-09,shared,total_self_propelled,ZAF,34395,vehicles,NewVehicleRegistration-2021-09.pdf
ZAF,2020-09,shared,trucks,EC,62,vehicles,NewVehicleRegistration-2021-09.pdf
ZAF,2020-09,shared,trucks,FS,214,vehicles,NewVehicleRegistration-2021-09.pdf
ZAF,2020-09,shared,trucks,GP,833,vehicles,NewVehicleRegistration-2021-09.pdf
ZAF,2020-09,shared,trucks,KZN,369,vehicles,NewVehicleRegistration-2021-09.pdf
ZAF,2020-09,shared,trucks,LP,106,vehicles,NewVehicleRegistration-2021-09.pdf
ZAF,2020-09,shared,trucks,MP,221,vehicles,NewVehicleRegistration-2021-09.pdf
ZAF,2020-09,shared,trucks,NC,19,vehicles,NewVehicleRegistration-2021-09.pdf
ZAF,2020-09,shared,trucks,NW,52,vehicles,NewVehicleRegistration-2021-09.pdf
ZAF,2020-09,shared,trucks,WC,162,vehicles,NewVehicleRegistration-2021-09.pdf
ZAF,2020-09,shared,trucks,ZAF,2038,vehicles,NewVehicleRegistration-2021-09.pdf
ZAF,2020-10,shared,buses,EC,8,vehicles,NewVehicleRegistration-2021-10.pdf
ZAF,2020-10,shared,buses,FS,5,vehicles,NewVehicleRegistration-2021-10.pdf
ZAF,2020-10,shared,buses,GP,61,vehicles,NewVehicleRegistration-2021-10.pdf
ZAF,2020-10,shared,buses,KZN,46,vehicles,NewVehicleRegistration-2021-10.pdf
ZAF,2020-10,shared,buses,LP,38,vehicles,NewVehicleRegistration-2021-10.pdf
ZAF,2020-10,shared,buses,MP,29,vehicles,NewVehicleRegistration-2021-10.pdf
ZAF,2020-10,shared,buses,NC,2,vehicles,NewVehicleRegistration-2021-10.pdf
ZAF,2020-10,shared,buses,NW,3,vehicles,NewVehicleRegistration-2021-10.pdf
ZAF,2020-10,shared,buses,WC,6,vehicles,NewVehicleRegistration-2021-10.pdf
ZAF,2020-10,shared,buses,ZAF,198,vehicles,NewVehicleRegistration-2021-10.pdf
ZAF,2020-10,shared,cars,EC,2022,vehicles,NewVehicleRegistration-2021-10.pdf
ZAF,2020-10,shared,cars,FS,702,vehicles,NewVehicleRegistration-2021-10.pdf
ZAF,2020-10,shared,cars,GP,12469,vehicles,NewVehicleRegistration-2021-10.pdf
ZAF,2020-10,shared,cars,KZN,4733,vehicles,NewVehicleRegistration-2021-10.pdf
ZAF,2020-10,shared,cars,LP,843,vehicles,NewVehicleRegistration-2021-10.pdf
ZAF,2020-10,shared,cars,MP,1248,vehicles,NewVehicleRegistration-2021-10.pdf
ZAF,2020-10,shared,cars,NC,250,vehicles,NewVehicleRegistration-2021-10.pdf
ZAF,2020-10,shared,cars,NW,763,vehicles,NewVehicleRegistration-2021-10.pdf
ZAF,2020-10,shared,cars,WC,2378,vehicles,NewVehicleRegistration-2021-10.pdf
ZAF,2020-10,shared,cars,ZAF,25408,vehicles,NewVehicleRegistration-2021-10.pdf
ZAF,2020-10,shared,light_commercial,EC,606,vehicles,NewVehicleRegistration-2021-10.pdf
ZAF,2020-10,shared,light_commercial,FS,429,vehicles,NewVehicleRegistration-2021-10.pdf
ZAF,2020-10,shared,light_commercial,GP,3434,vehicles,NewVehicleRegistration-2021-10.pdf
ZAF,2020-10,shared,light_commercial,KZN,1444,vehicles,NewVehicleRegistration-2021-10.pdf
ZAF,2020-10,shared,light_commercial,LP,522,vehicles,NewVehicleRegistration-2021-10.pdf
ZAF,2020-10,shared,light_commercial,MP,669,vehicles,NewVehicleRegistration-2021-10.pdf
ZAF,2020-10,shared,light_commercial,NC,187,vehicles,NewVehicleRegistration-2021-10.pdf
ZAF,2020-10,shared,light_commercial,NW,420,vehicles,NewVehicleRegistration-2021-10.pdf
ZAF,2020-10,shared,light_commercial,WC,702,vehicles,NewVehicleRegistration-2021-10.pdf
ZAF,2020-10,shared,light_commercial,ZAF,8413,vehicles,NewVehicleRegistration-2021-10.pdf
ZAF,2020-10,shared,minibuses,EC,156,vehicles,NewVehicleRegistration-2021-10.pdf
ZAF,2020-10,shared,minibuses,FS,25,vehicles,NewVehicleRegistration-2021-10.pdf
ZAF,2020-10,shared,minibuses,GP,509,vehicles,NewVehicleRegistration-2021-10.pdf
ZAF,2020-10,shared,minibuses,KZN,291,vehicles,NewVehicleRegistration-2021-10.pdf
ZAF,2020-10,shared,minibuses,LP,160,vehicles,NewVehicleRegistration-2021-10.pdf
ZAF,2020-10,shared,minibuses,MP,155,vehicles,NewVehicleRegistration-2021-10.pdf
ZAF,2020-10,shared,minibuses,NC,25,vehicles,NewVehicleRegistration-2021-10.pdf
ZAF,2020-10,shared,minibuses,NW,48,vehicles,NewVehicleRegistration-2021-10.pdf
ZAF,2020-10,shared,minibuses,WC,148,vehicles,NewVehicleRegistration-2021-10.pdf
ZAF,2020-10,shared,minibuses,ZAF,1517,vehicles,NewVehicleRegistration-2021-10.pdf
ZAF,2020-10,shared,motorcycles,EC,42,vehicles,NewVehicleRegistration-2021-10.pdf
ZAF,2020-10,shared,motorcycles,FS,62,vehicles,NewVehicleRegistration-2021-10.pdf
ZAF,2020-10,shared,motorcycles,GP,856,vehicles,NewVehicleRegistration-2021-10.pdf
ZAF,2020-10,shared,motorcycles,KZN,187,vehicles,NewVehicleRegistration-2021-10.pdf
ZAF,2020-10,shared,motorcycles,LP,25,vehicles,NewVehicleRegistration-2021-10.pdf
ZAF,2020-10,shared,motorcycles,MP,56,vehicles,NewVehicleRegistration-2021-10.pdf
ZAF,2020-10,shared,motorcycles,NC,18,vehicles,NewVehicleRegistration-2021-10.pdf
ZAF,2020-10,shared,motorcycles,NW,51,vehicles,NewVehicleRegistration-2021-10.pdf
ZAF,2020-10,shared,motorcycles,WC,212,vehicles,NewVehicleRegistration-2021-10.pdf
ZAF,2020-10,shared,motorcycles,ZAF,1509,vehicles,NewVehicleRegistration-2021-10.pdf
ZAF,2020-10,shared,other_self_propelled,EC,68,vehicles,NewVehicleRegistration-2021-10.pdf
ZAF,2020-10,shared,other_self_propelled,FS,133,vehicles,NewVehicleRegistration-2021-10.pdf
ZAF,2020-10,shared,other_self_propelled,GP,163,vehicles,NewVehicleRegistration-2021-10.pdf
ZAF,2020-10,shared,other_self_propelled,KZN,141,vehicles,NewVehicleRegistration-2021-10.pdf
ZAF,2020-10,shared,other_self_propelled,LP,70,vehicles,NewVehicleRegistration-2021-10.pdf
ZAF,2020-10,shared,other_self_propelled,MP,125,vehicles,NewVehicleRegistration-2021-10.pdf
ZAF,2020-10,shared,other_self_propelled,NC,33,vehicles,NewVehicleRegistration-2021-10.pdf
ZAF,2020-10,shared,other_self_propelled,NW,42,vehicles,NewVehicleRegistration-2021-10.pdf
ZAF,2020-10,shared,other_self_propelled,WC,75,vehicles,NewVehicleRegistration-2021-10.pdf
ZAF,2020-10,shared,other_self_propelled,ZAF,850,vehicles,NewVehicleRegistration-2021-10.pdf
ZAF,2020-10,shared,total_self_propelled,EC,2972,vehicles,NewVehicleRegistration-2021-10.pdf
ZAF,2020-10,shared,total_self_propelled,FS,1462,vehicles,NewVehicleRegistration-2021-10.pdf
ZAF,2020-10,shared,total_self_propelled,GP,18342,vehicles,NewVehicleRegistration-2021-10.pdf
ZAF,2020-10,shared,total_self_propelled,KZN,7169,vehicles,NewVehicleRegistration-2021-10.pdf
ZAF,2020-10,shared,total_self_propelled,LP,1742,vehicles,NewVehicleRegistration-2021-10.pdf
ZAF,2020-10,shared,total_self_propelled,MP,2584,vehicles,NewVehicleRegistration-2021-10.pdf
ZAF,2020-10,shared,total_self_propelled,NC,546,vehicles,NewVehicleRegistration-2021-10.pdf
ZAF,2020-10,shared,total_self_propelled,NW,1392,vehicles,NewVehicleRegistration-2021-10.pdf
ZAF,2020-10,shared,total_self_propelled,WC,3709,vehicles,NewVehicleRegistration-2021-10.pdf
ZAF,2020-10,shared,total_self_propelled,ZAF,39918,vehicles,NewVehicleRegistration-2021-10.pdf
ZAF,2020-10,shared,trucks,EC,70,vehicles,NewVehicleRegistration-2021-10.pdf
ZAF,2020-10,shared,trucks,FS,106,vehicles,NewVehicleRegistration-2021-10.pdf
ZAF,2020-10,shared,trucks,GP,850,vehicles,NewVehicleRegistration-2021-10.pdf
ZAF,2020-10,shared,trucks,KZN,327,vehicles,NewVehicleRegistration-2021-10.pdf
ZAF,2020-10,shared,trucks,LP,84,vehicles,NewVehicleRegistration-2021-10.pdf
ZAF,2020-10,shared,trucks,MP,302,vehicles,NewVehicleRegistration-2021-10.pdf
ZAF,2020-10,shared,trucks,NC,31,vehicles,NewVehicleRegistration-2021-10.pdf
ZAF,2020-10,shared,trucks,NW,65,vehicles,NewVehicleRegistration-2021-10.pdf
ZAF,2020-10,shared,trucks,WC,188,vehicles,NewVehicleRegistration-2021-10.pdf
ZAF,2020-10,shared,trucks,ZAF,2023,vehicles,NewVehicleRegistration-2021-10.pdf
ZAF,2021-01,shared,buses,EC,7,vehicles,NewVehicleRegistration-2021-01.pdf
ZAF,2021-01,shared,buses,FS,6,vehicles,NewVehicleRegistration-2021-01.pdf
ZAF,2021-01,shared,buses,GP,52,vehicles,NewVehicleRegistration-2021-01.pdf
ZAF,2021-01,shared,buses,KZN,19,vehicles,NewVehicleRegistration-2021-01.pdf
ZAF,2021-01,shared,buses,LP,26,vehicles,NewVehicleRegistration-2021-01.pdf
ZAF,2021-01,shared,buses,MP,11,vehicles,NewVehicleRegistration-2021-01.pdf
ZAF,2021-01,shared,buses,NC,3,vehicles,NewVehicleRegistration-2021-01.pdf
ZAF,2021-01,shared,buses,NW,2,vehicles,NewVehicleRegistration-2021-01.pdf
ZAF,2021-01,shared,buses,WC,9,vehicles,NewVehicleRegistration-2021-01.pdf
ZAF,2021-01,shared,buses,ZAF,135,vehicles,NewVehicleRegistration-2021-01.pdf
ZAF,2021-01,shared,cars,EC,1963,vehicles,NewVehicleRegistration-2021-01.pdf
ZAF,2021-01,shared,cars,FS,1075,vehicles,NewVehicleRegistration-2021-01.pdf
ZAF,2021-01,shared,cars,GP,18755,vehicles,NewVehicleRegistration-2021-01.pdf
ZAF,2021-01,shared,cars,KZN,6062,vehicles,NewVehicleRegistration-2021-01.pdf
ZAF,2021-01,shared,cars,LP,1097,vehicles,NewVehicleRegistration-2021-01.pdf
ZAF,2021-01,shared,cars,MP,1612,vehicles,NewVehicleRegistration-2021-01.pdf
ZAF,2021-01,shared,cars,NC,380,vehicles,NewVehicleRegistration-2021-01.pdf
ZAF,2021-01,shared,cars,NW,1067,vehicles,NewVehicleRegistration-2021-01.pdf
ZAF,2021-01,shared,cars,WC,4825,vehicles,NewVehicleRegistration-2021-01.pdf
ZAF,2021-01,shared,cars,ZAF,36836,vehicles,NewVehicleRegistration-2021-01.pdf
ZAF,2021-01,shared,light_commercial,EC,825,vehicles,NewVehicleRegistration-2021-01.pdf
ZAF,2021-01,shared,light_commercial,FS,646,vehicles,NewVehicleRegistration-2021-01.pdf
ZAF,2021-01,shared,light_commercial,GP,4686,vehicles,NewVehicleRegistration-2021-01.pdf
ZAF,2021-01,shared,light_commercial,KZN,1868,vehicles,NewVehicleRegistration-2021-01.pdf
ZAF,2021-01,shared,light_commercial,LP,740,vehicles,NewVehicleRegistration-2021-01.pdf
ZAF,2021-01,shared,light_commercial,MP,940,vehicles,NewVehicleRegistration-2021-01.pdf
ZAF,2021-01,shared,light_commercial,NC,284,vehicles,NewVehicleRegistration-2021-01.pdf
ZAF,2021-01,shared,light_commercial,NW,710,vehicles,NewVehicleRegistration-2021-01.pdf
ZAF,2021-01,shared,light_commercial,WC,1383,vehicles,NewVehicleRegistration-2021-01.pdf
ZAF,2021-01,shared,light_commercial,ZAF,12082,vehicles,NewVehicleRegistration-2021-01.pdf
ZAF,2021-01,shared,minibuses,EC,102,vehicles,NewVehicleRegistration-2021-01.pdf
ZAF,2021-01,shared,minibuses,FS,29,vehicles,NewVehicleRegistration-2021-01.pdf
ZAF,2021-01,shared,minibuses,GP,717,vehicles,NewVehicleRegistration-2021-01.pdf
ZAF,2021-01,shared,minibuses,KZN,182,vehicles,NewVehicleRegistration-2021-01.pdf
ZAF,2021-01,shared,minibuses,LP,86,vehicles,NewVehicleRegistration-2021-01.pdf
ZAF,2021-01,shared,minibuses,MP,86,vehicles,NewVehicleRegistration-2021-01.pdf
ZAF,2021-01,shared,minibuses,NC,22,vehicles,NewVehicleRegistration-2021-01.pdf
ZAF,2021-01,shared,minibuses,NW,42,vehicles,NewVehicleRegistration-2021-01.pdf
ZAF,2021-01,shared,minibuses,WC,87,vehicles,NewVehicleRegistration-2021-01.pdf
ZAF,2021-01,shared,minibuses,ZAF,1353,vehicles,NewVehicleRegistration-2021-01.pdf
ZAF,2021-01,shared,motorcycles,EC,54,vehicles,NewVehicleRegistration-2021-01.pdf
ZAF,2021-01,shared,motorcycles,FS,54,vehicles,NewVehicleRegistration-2021-01.pdf
ZAF,2021-01,shared,motorcycles,GP,900,vehicles,NewVehicleRegistration-2021-01.pdf
ZAF,2021-01,shared,motorcycles,KZN,183,vehicles,NewVehicleRegistration-2021-01.pdf
ZAF,2021-01,shared,motorcycles,LP,11,vehicles,NewVehicleRegistration-2021-01.pdf
ZAF,2021-01,shared,motorcycles,MP,54,vehicles,NewVehicleRegistration-2021-01.pdf
ZAF,2021-01,shared,motorcycles,NC,13,vehicles,NewVehicleRegistration-2021-01.pdf
ZAF,2021-01,shared,motorcycles,NW,45,vehicles,NewVehicleRegistration-2021-01.pdf
ZAF,2021-01,shared,motorcycles,WC,258,vehicles,NewVehicleRegistration-2021-01.pdf
ZAF,2021-01,shared,motorcycles,ZAF,1572,vehicles,NewVehicleRegistration-2021-01.pdf
ZAF,2021-01,shared,other_self_propelled,EC,69,vehicles,NewVehicleRegistration-2021-01.pdf
ZAF,2021-01,shared,other_self_propelled,FS,110,vehicles,NewVehicleRegistration-2021-01.pdf
ZAF,2021-01,shared,other_self_propelled,GP,116,vehicles,NewVehicleRegistration-2021-01.pdf
ZAF,2021-01,shared,other_self_propelled,KZN,64,vehicles,NewVehicleRegistration-2021-01.pdf
ZAF,2021-01,shared,other_self_propelled,LP,33,vehicles,NewVehicleRegistration-2021-01.pdf
ZAF,2021-01,shared,other_self_propelled,MP,54,vehicles,NewVehicleRegistration-2021-01.pdf
ZAF,2021-01,shared,other_self_propelled,NC,23,vehicles,NewVehicleRegistration-2021-01.pdf
ZAF,2021-01,shared,other_self_propelled,NW,45,vehicles,NewVehicleRegistration-2021-01.pdf
ZAF,2021-01,shared,other_self_propelled,WC,49,vehicles,NewVehicleRegistration-2021-01.pdf
ZAF,2021-01,shared,other_self_propelled,ZAF,563,vehicles,NewVehicleRegistration-2021-01.pdf
ZAF,2021-01,shared,total_self_propelled,EC,3105,vehicles,NewVehicleRegistration-2021-01.pdf
ZAF,2021-01,shared,total_self_propelled,FS,1989,vehicles,NewVehicleRegistration-2021-01.pdf
ZAF,2021-01,shared,total_self_propelled,GP,25750,vehicles,NewVehicleRegistration-2021-01.pdf
ZAF,2021-01,shared,total_self_propelled,KZN,8568,vehicles,NewVehicleRegistration-2021-01.pdf
ZAF,2021-01,shared,total_self_propelled,LP,2075,vehicles,NewVehicleRegistration-2021-01.pdf
ZAF,2021-01,shared,total_self_propelled,MP,2967,vehicles,NewVehicleRegistration-2021-01.pdf
ZAF,2021-01,shared,total_self_propelled,NC,747,vehicles,NewVehicleRegistration-2021-01.pdf
ZAF,2021-01,shared,total_self_propelled,NW,1976,vehicles,NewVehicleRegistration-2021-01.pdf
ZAF,2021-01,shared,total_self_propelled,WC,6747,vehicles,NewVehicleRegistration-2021-01.pdf
ZAF,2021-01,shared,total_self_propelled,ZAF,53924,vehicles,NewVehicleRegistration-2021-01.pdf
ZAF,2021-01,shared,trucks,EC,85,vehicles,NewVehicleRegistration-2021-01.pdf
ZAF,2021-01,shared,trucks,FS,69,vehicles,NewVehicleRegistration-2021-01.pdf
ZAF,2021-01,shared,trucks,GP,524,vehicles,NewVehicleRegistration-2021-01.pdf
ZAF,2021-01,shared,trucks,KZN,190,vehicles,NewVehicleRegistration-2021-01.pdf
ZAF,2021-01,shared,trucks,LP,82,vehicles,NewVehicleRegistration-2021-01.pdf
ZAF,2021-01,shared,trucks,MP,210,vehicles,NewVehicleRegistration-2021-01.pdf
ZAF,2021-01,shared,trucks,NC,22,vehicles,NewVehicleRegistration-2021-01.pdf
ZAF,2021-01,shared,trucks,NW,65,vehicles,NewVehicleRegistration-2021-01.pdf
ZAF,2021-01,shared,trucks,WC,136,vehicles,NewVehicleRegistration-2021-01.pdf
ZAF,2021-01,shared,trucks,ZAF,1383,vehicles,NewVehicleRegistration-2021-01.pdf
ZAF,2021-02,shared,buses,EC,6,vehicles,NewVehicleRegistration-2022-02.pdf
ZAF,2021-02,shared,buses,FS,2,vehicles,NewVehicleRegistration-2022-02.pdf
ZAF,2021-02,shared,buses,GP,38,vehicles,NewVehicleRegistration-2022-02.pdf
ZAF,2021-02,shared,buses,KZN,33,vehicles,NewVehicleRegistration-2022-02.pdf
ZAF,2021-02,shared,buses,LP,5,vehicles,NewVehicleRegistration-2022-02.pdf
ZAF,2021-02,shared,buses,MP,12,vehicles,NewVehicleRegistration-2022-02.pdf
ZAF,2021-02,shared,buses,NC,1,vehicles,NewVehicleRegistration-2022-02.pdf
ZAF,2021-02,shared,buses,NW,2,vehicles,NewVehicleRegistration-2022-02.pdf
ZAF,2021-02,shared,buses,WC,0,vehicles,NewVehicleRegistration-2022-02.pdf
ZAF,2021-02,shared,buses,ZAF,99,vehicles,NewVehicleRegistration-2022-02.pdf
ZAF,2021-02,shared,cars,EC,1338,vehicles,NewVehicleRegistration-2022-02.pdf
ZAF,2021-02,shared,cars,FS,602,vehicles,NewVehicleRegistration-2022-02.pdf
ZAF,2021-02,shared,cars,GP,11238,vehicles,NewVehicleRegistration-2022-02.pdf
ZAF,2021-02,shared,cars,KZN,3619,vehicles,NewVehicleRegistration-2022-02.pdf
ZAF,2021-02,shared,cars,LP,759,vehicles,NewVehicleRegistration-2022-02.pdf
ZAF,2021-02,shared,cars,MP,1005,vehicles,NewVehicleRegistration-2022-02.pdf
ZAF,2021-02,shared,cars,NC,227,vehicles,NewVehicleRegistration-2022-02.pdf
ZAF,2021-02,shared,cars,NW,750,vehicles,NewVehicleRegistration-2022-02.pdf
ZAF,2021-02,shared,cars,WC,2266,vehicles,NewVehicleRegistration-2022-02.pdf
ZAF,2021-02,shared,cars,ZAF,21804,vehicles,NewVehicleRegistration-2022-02.pdf
ZAF,2021-02,shared,light_commercial,EC,554,vehicles,NewVehicleRegistration-2022-02.pdf
ZAF,2021-02,shared,light_commercial,FS,450,vehicles,NewVehicleRegistration-2022-02.pdf
ZAF,2021-02,shared,light_commercial,GP,3710,vehicles,NewVehicleRegistration-2022-02.pdf
ZAF,2021-02,shared,light_commercial,KZN,1615,vehicles,NewVehicleRegistration-2022-02.pdf
ZAF,2021-02,shared,light_commercial,LP,508,vehicles,NewVehicleRegistration-2022-02.pdf
ZAF,2021-02,shared,light_commercial,MP,710,vehicles,NewVehicleRegistration-2022-02.pdf
ZAF,2021-02,shared,light_commercial,NC,224,vehicles,NewVehicleRegistration-2022-02.pdf
ZAF,2021-02,shared,light_commercial,NW,494,vehicles,NewVehicleRegistration-2022-02.pdf
ZAF,2021-02,shared,light_commercial,WC,956,vehicles,NewVehicleRegistration-2022-02.pdf
ZAF,2021-02,shared,light_commercial,ZAF,9221,vehicles,NewVehicleRegistration-2022-02.pdf
ZAF,2021-02,shared,minibuses,EC,150,vehicles,NewVehicleRegistration-2022-02.pdf
ZAF,2021-02,shared,minibuses,FS,28,vehicles,NewVehicleRegistration-2022-02.pdf
ZAF,2021-02,shared,minibuses,GP,768,vehicles,NewVehicleRegistration-2022-02.pdf
ZAF,2021-02,shared,minibuses,KZN,242,vehicles,NewVehicleRegistration-2022-02.pdf
ZAF,2021-02,shared,minibuses,LP,134,vehicles,NewVehicleRegistration-2022-02.pdf
ZAF,2021-02,shared,minibuses,MP,133,vehicles,NewVehicleRegistration-2022-02.pdf
ZAF,2021-02,shared,minibuses,NC,19,vehicles,NewVehicleRegistration-2022-02.pdf
ZAF,2021-02,shared,minibuses,NW,61,vehicles,NewVehicleRegistration-2022-02.pdf
ZAF,2021-02,shared,minibuses,WC,133,vehicles,NewVehicleRegistration-2022-02.pdf
ZAF,2021-02,shared,minibuses,ZAF,1668,vehicles,NewVehicleRegistration-2022-02.pdf
ZAF,2021-02,shared,motorcycles,EC,52,vehicles,NewVehicleRegistration-2022-02.pdf
ZAF,2021-02,shared,motorcycles,FS,50,vehicles,NewVehicleRegistration-2022-02.pdf
ZAF,2021-02,shared,motorcycles,GP,1016,vehicles,NewVehicleRegistration-2022-02.pdf
ZAF,2021-02,shared,motorcycles,KZN,218,vehicles,NewVehicleRegistration-2022-02.pdf
ZAF,2021-02,shared,motorcycles,LP,21,vehicles,NewVehicleRegistration-2022-02.pdf
ZAF,2021-02,shared,motorcycles,MP,54,vehicles,NewVehicleRegistration-2022-02.pdf
ZAF,2021-02,shared,motorcycles,NC,25,vehicles,NewVehicleRegistration-2022-02.pdf
ZAF,2021-02,shared,motorcycles,NW,28,vehicles,NewVehicleRegistration-2022-02.pdf
ZAF,2021-02,shared,motorcycles,WC,279,vehicles,NewVehicleRegistration-2022-02.pdf
ZAF,2021-02,shared,motorcycles,ZAF,1743,vehicles,NewVehicleRegistration-2022-02.pdf
ZAF,2021-02,shared,other_self_propelled,EC,44,vehicles,NewVehicleRegistration-2022-02.pdf
ZAF,2021-02,shared,other_self_propelled,FS,112,vehicles,NewVehicleRegistration-2022-02.pdf
ZAF,2021-02,shared,other_self_propelled,GP,153,vehicles,NewVehicleRegistration-2022-02.pdf
ZAF,2021-02,shared,other_self_propelled,KZN,113,vehicles,NewVehicleRegistration-2022-02.pdf
ZAF,2021-02,shared,other_self_propelled,LP,84,vehicles,NewVehicleRegistration-2022-02.pdf
ZAF,2021-02,shared,other_self_propelled,MP,53,vehicles,NewVehicleRegistration-2022-02.pdf
ZAF,2021-02,shared,other_self_propelled,NC,24,vehicles,NewVehicleRegistration-2022-02.pdf
ZAF,2021-02,shared,other_self_propelled,NW,78,vehicles,NewVehicleRegistration-2022-02.pdf
ZAF,2021-02,shared,other_self_propelled,WC,102,vehicles,NewVehicleRegistration-2022-02.pdf
ZAF,2021-02,shared,other_self_propelled,ZAF,763,vehicles,NewVehicleRegistration-2022-02.pdf
ZAF,2021-02,shared,total_self_propelled,EC,2212,vehicles,NewVehicleRegistration-2022-02.pdf
ZAF,2021-02,shared,total_self_propelled,FS,1341,vehicles,NewVehicleRegistration-2022-02.pdf
ZAF,2021-02,shared,total_self_propelled,GP,17501,vehicles,NewVehicleRegistration-2022-02.pdf
ZAF,2021-02,shared,total_self_propelled,KZN,5999,vehicles,NewVehicleRegistration-2022-02.pdf
ZAF,2021-02,shared,total_self_propelled,LP,1644,vehicles,NewVehicleRegistration-2022-02.pdf
ZAF,2021-02,shared,total_self_propelled,MP,2177,vehicles,NewVehicleRegistration-2022-02.pdf
ZAF,2021-02,shared,total_self_propelled,NC,561,vehicles,NewVehicleRegistration-2022-02.pdf
ZAF,2021-02,shared,total_self_propelled,NW,1485,vehicles,NewVehicleRegistration-2022-02.pdf
ZAF,2021-02,shared,total_self_propelled,WC,3933,vehicles,NewVehicleRegistration-2022-02.pdf
ZAF,2021-02,shared,total_self_propelled,ZAF,36853,vehicles,NewVehicleRegistration-2022-02.pdf
ZAF,2021-02,shared,trucks,EC,68,vehicles,NewVehicleRegistration-2022-02.pdf
ZAF,2021-02,shared,trucks,FS,97,vehicles,NewVehicleRegistration-2022-02.pdf
ZAF,2021-02,shared,trucks,GP,578,vehicles,NewVehicleRegistration-2022-02.pdf
ZAF,2021-02,shared,trucks,KZN,159,vehicles,NewVehicleRegistration-2022-02.pdf
ZAF,2021-02,shared,trucks,LP,133,vehicles,NewVehicleRegistration-2022-02.pdf
ZAF,2021-02,shared,trucks,MP,210,vehicles,NewVehicleRegistration-2022-02.pdf
ZAF,2021-02,shared,trucks,NC,41,vehicles,NewVehicleRegistration-2022-02.pdf
ZAF,2021-02,shared,trucks,NW,72,vehicles,NewVehicleRegistration-2022-02.pdf
ZAF,2021-02,shared,trucks,WC,197,vehicles,NewVehicleRegistration-2022-02.pdf
ZAF,2021-02,shared,trucks,ZAF,1555,vehicles,NewVehicleRegistration-2022-02.pdf
ZAF,2021-03,shared,buses,EC,49,vehicles,NewVehicleRegistration-2022-03.pdf
ZAF,2021-03,shared,buses,FS,10,vehicles,NewVehicleRegistration-2022-03.pdf
ZAF,2021-03,shared,buses,GP,25,vehicles,NewVehicleRegistration-2022-03.pdf
ZAF,2021-03,shared,buses,KZN,10,vehicles,NewVehicleRegistration-2022-03.pdf
ZAF,2021-03,shared,buses,LP,13,vehicles,NewVehicleRegistration-2022-03.pdf
ZAF,2021-03,shared,buses,MP,23,vehicles,NewVehicleRegistration-2022-03.pdf
ZAF,2021-03,shared,buses,NC,7,vehicles,NewVehicleRegistration-2022-03.pdf
ZAF,2021-03,shared,buses,NW,0,vehicles,NewVehicleRegistration-2022-03.pdf
ZAF,2021-03,shared,buses,WC,7,vehicles,NewVehicleRegistration-2022-03.pdf
ZAF,2021-03,shared,buses,ZAF,144,vehicles,NewVehicleRegistration-2022-03.pdf
ZAF,2021-03,shared,cars,EC,1736,vehicles,NewVehicleRegistration-2022-03.pdf
ZAF,2021-03,shared,cars,FS,849,vehicles,NewVehicleRegistration-2022-03.pdf
ZAF,2021-03,shared,cars,GP,11894,vehicles,NewVehicleRegistration-2022-03.pdf
ZAF,2021-03,shared,cars,KZN,5137,vehicles,NewVehicleRegistration-2022-03.pdf
ZAF,2021-03,shared,cars,LP,822,vehicles,NewVehicleRegistration-2022-03.pdf
ZAF,2021-03,shared,cars,MP,1094,vehicles,NewVehicleRegistration-2022-03.pdf
ZAF,2021-03,shared,cars,NC,269,vehicles,NewVehicleRegistration-2022-03.pdf
ZAF,2021-03,shared,cars,NW,824,vehicles,NewVehicleRegistration-2022-03.pdf
ZAF,2021-03,shared,cars,WC,2839,vehicles,NewVehicleRegistration-2022-03.pdf
ZAF,2021-03,shared,cars,ZAF,25464,vehicles,NewVehicleRegistration-2022-03.pdf
ZAF,2021-03,shared,light_commercial,EC,718,vehicles,NewVehicleRegistration-2022-03.pdf
ZAF,2021-03,shared,light_commercial,FS,551,vehicles,NewVehicleRegistration-2022-03.pdf
ZAF,2021-03,shared,light_commercial,GP,4274,vehicles,NewVehicleRegistration-2022-03.pdf
ZAF,2021-03,shared,light_commercial,KZN,1752,vehicles,NewVehicleRegistration-2022-03.pdf
ZAF,2021-03,shared,light_commercial,LP,714,vehicles,NewVehicleRegistration-2022-03.pdf
ZAF,2021-03,shared,light_commercial,MP,849,vehicles,NewVehicleRegistration-2022-03.pdf
ZAF,2021-03,shared,light_commercial,NC,304,vehicles,NewVehicleRegistration-2022-03.pdf
ZAF,2021-03,shared,light_commercial,NW,539,vehicles,NewVehicleRegistration-2022-03.pdf
ZAF,2021-03,shared,light_commercial,WC,1195,vehicles,NewVehicleRegistration-2022-03.pdf
ZAF,2021-03,shared,light_commercial,ZAF,10896,vehicles,NewVehicleRegistration-2022-03.pdf
ZAF,2021-03,shared,minibuses,EC,160,vehicles,NewVehicleRegistration-2022-03.pdf
ZAF,2021-03,shared,minibuses,FS,36,vehicles,NewVehicleRegistration-2022-03.pdf
ZAF,2021-03,shared,minibuses,GP,734,vehicles,NewVehicleRegistration-2022-03.pdf
ZAF,2021-03,shared,minibuses,KZN,278,vehicles,NewVehicleRegistration-2022-03.pdf
ZAF,2021-03,shared,minibuses,LP,138,vehicles,NewVehicleRegistration-2022-03.pdf
ZAF,2021-03,shared,minibuses,MP,139,vehicles,NewVehicleRegistration-2022-03.pdf
ZAF,2021-03,shared,minibuses,NC,22,vehicles,NewVehicleRegistration-2022-03.pdf
ZAF,2021-03,shared,minibuses,NW,72,vehicles,NewVehicleRegistration-2022-03.pdf
ZAF,2021-03,shared,minibuses,WC,160,vehicles,NewVehicleRegistration-2022-03.pdf
ZAF,2021-03,shared,minibuses,ZAF,1739,vehicles,NewVehicleRegistration-2022-03.pdf
ZAF,2021-03,shared,motorcycles,EC,64,vehicles,NewVehicleRegistration-2022-03.pdf
ZAF,2021-03,shared,motorcycles,FS,64,vehicles,NewVehicleRegistration-2022-03.pdf
ZAF,2021-03,shared,motorcycles,GP,1056,vehicles,NewVehicleRegistration-2022-03.pdf
ZAF,2021-03,shared,motorcycles,KZN,226,vehicles,NewVehicleRegistration-2022-03.pdf
ZAF,2021-03,shared,motorcycles,LP,23,vehicles,NewVehicleRegistration-2022-03.pdf
ZAF,2021-03,shared,motorcycles,MP,48,vehicles,NewVehicleRegistration-2022-03.pdf
ZAF,2021-03,shared,motorcycles,NC,25,vehicles,NewVehicleRegistration-2022-03.pdf
ZAF,2021-03,shared,motorcycles,NW,52,vehicles,NewVehicleRegistration-2022-03.pdf
ZAF,2021-03,shared,motorcycles,WC,273,vehicles,NewVehicleRegistration-2022-03.pdf
ZAF,2021-03,shared,motorcycles,ZAF,1831,vehicles,NewVehicleRegistration-2022-03.pdf
ZAF,2021-03,shared,other_self_propelled,EC,106,vehicles,NewVehicleRegistration-2022-03.pdf
ZAF,2021-03,shared,other_self_propelled,FS,109,vehicles,NewVehicleRegistration-2022-03.pdf
ZAF,2021-03,shared,other_self_propelled,GP,128,vehicles,NewVehicleRegistration-2022-03.pdf
ZAF,2021-03,shared,other_self_propelled,KZN,137,vehicles,NewVehicleRegistration-2022-03.pdf
ZAF,2021-03,shared,other_self_propelled,LP,86,vehicles,NewVehicleRegistration-2022-03.pdf
ZAF,2021-03,shared,other_self_propelled,MP,111,vehicles,NewVehicleRegistration-2022-03.pdf
ZAF,2021-03,shared,other_self_propelled,NC,30,vehicles,NewVehicleRegistration-2022-03.pdf
ZAF,2021-03,shared,other_self_propelled,NW,51,vehicles,NewVehicleRegistration-2022-03.pdf
ZAF,2021-03,shared,other_self_propelled,WC,115,vehicles,NewVehicleRegistration-2022-03.pdf
ZAF,2021-03,shared,other_self_propelled,ZAF,873,vehicles,NewVehicleRegistration-2022-03.pdf
ZAF,2021-03,shared,total_self_propelled,EC,2934,vehicles,NewVehicleRegistration-2022-03.pdf
ZAF,2021-03,shared,total_self_propelled,FS,1733,vehicles,NewVehicleRegistration-2022-03.pdf
ZAF,2021-03,shared,total_self_propelled,GP,18784,vehicles,NewVehicleRegistration-2022-03.pdf
ZAF,2021-03,shared,total_self_propelled,KZN,7771,vehicles,NewVehicleRegistration-2022-03.pdf
ZAF,2021-03,shared,total_self_propelled,LP,1927,vehicles,NewVehicleRegistration-2022-03.pdf
ZAF,2021-03,shared,total_self_propelled,MP,2479,vehicles,NewVehicleRegistration-2022-03.pdf
ZAF,2021-03,shared,total_self_propelled,NC,708,vehicles,NewVehicleRegistration-2022-03.pdf
ZAF,2021-03,shared,total_self_propelled,NW,1598,vehicles,NewVehicleRegistration-2022-03.pdf
ZAF,2021-03,shared,total_self_propelled,WC,4794,vehicles,NewVehicleRegistration-2022-03.pdf
ZAF,2021-03,shared,total_self_propelled,ZAF,42728,vehicles,NewVehicleRegistration-2022-03.pdf
ZAF,2021-03,shared,trucks,EC,101,vehicles,NewVehicleRegistration-2022-03.pdf
ZAF,2021-03,shared,trucks,FS,114,vehicles,NewVehicleRegistration-2022-03.pdf
ZAF,2021-03,shared,trucks,GP,673,vehicles,NewVehicleRegistration-2022-03.pdf
ZAF,2021-03,shared,trucks,KZN,231,vehicles,NewVehicleRegistration-2022-03.pdf
ZAF,2021-03,shared,trucks,LP,131,vehicles,NewVehicleRegistration-2022-03.pdf
ZAF,2021-03,shared,trucks,MP,215,vehicles,NewVehicleRegistration-2022-03.pdf
ZAF,2021-03,shared,trucks,NC,51,vehicles,NewVehicleRegistration-2022-03.pdf
ZAF,2021-03,shared,trucks,NW,60,vehicles,NewVehicleRegistration-2022-03.pdf
ZAF,2021-03,shared,trucks,WC,205,vehicles,NewVehicleRegistration-2022-03.pdf
ZAF,2021-03,shared,trucks,ZAF,1781,vehicles,NewVehicleRegistration-2022-03.pdf
ZAF,2021-04,shared,buses,EC,34,vehicles,NewVehicleRegistration-2022-04.pdf
ZAF,2021-04,shared,buses,FS,6,vehicles,NewVehicleRegistration-2022-04.pdf
ZAF,2021-04,shared,buses,GP,39,vehicles,NewVehicleRegistration-2022-04.pdf
ZAF,2021-04,shared,buses,KZN,12,vehicles,NewVehicleRegistration-2022-04.pdf
ZAF,2021-04,shared,buses,LP,14,vehicles,NewVehicleRegistration-2022-04.pdf
ZAF,2021-04,shared,buses,MP,11,vehicles,NewVehicleRegistration-2022-04.pdf
ZAF,2021-04,shared,buses,NC,2,vehicles,NewVehicleRegistration-2022-04.pdf
ZAF,2021-04,shared,buses,NW,5,vehicles,NewVehicleRegistration-2022-04.pdf
ZAF,2021-04,shared,buses,WC,3,vehicles,NewVehicleRegistration-2022-04.pdf
ZAF,2021-04,shared,buses,ZAF,126,vehicles,NewVehicleRegistration-2022-04.pdf
ZAF,2021-04,shared,cars,EC,1198,vehicles,NewVehicleRegistration-2022-04.pdf
ZAF,2021-04,shared,cars,FS,540,vehicles,NewVehicleRegistration-2022-04.pdf
ZAF,2021-04,shared,cars,GP,11754,vehicles,NewVehicleRegistration-2022-04.pdf
ZAF,2021-04,shared,cars,KZN,3996,vehicles,NewVehicleRegistration-2022-04.pdf
ZAF,2021-04,shared,cars,LP,781,vehicles,NewVehicleRegistration-2022-04.pdf
ZAF,2021-04,shared,cars,MP,938,vehicles,NewVehicleRegistration-2022-04.pdf
ZAF,2021-04,shared,cars,NC,198,vehicles,NewVehicleRegistration-2022-04.pdf
ZAF,2021-04,shared,cars,NW,741,vehicles,NewVehicleRegistration-2022-04.pdf
ZAF,2021-04,shared,cars,WC,2709,vehicles,NewVehicleRegistration-2022-04.pdf
ZAF,2021-04,shared,cars,ZAF,22855,vehicles,NewVehicleRegistration-2022-04.pdf
ZAF,2021-04,shared,light_commercial,EC,674,vehicles,NewVehicleRegistration-2022-04.pdf
ZAF,2021-04,shared,light_commercial,FS,485,vehicles,NewVehicleRegistration-2022-04.pdf
ZAF,2021-04,shared,light_commercial,GP,3813,vehicles,NewVehicleRegistration-2022-04.pdf
ZAF,2021-04,shared,light_commercial,KZN,1521,vehicles,NewVehicleRegistration-2022-04.pdf
ZAF,2021-04,shared,light_commercial,LP,668,vehicles,NewVehicleRegistration-2022-04.pdf
ZAF,2021-04,shared,light_commercial,MP,713,vehicles,NewVehicleRegistration-2022-04.pdf
ZAF,2021-04,shared,light_commercial,NC,241,vehicles,NewVehicleRegistration-2022-04.pdf
ZAF,2021-04,shared,light_commercial,NW,485,vehicles,NewVehicleRegistration-2022-04.pdf
ZAF,2021-04,shared,light_commercial,WC,987,vehicles,NewVehicleRegistration-2022-04.pdf
ZAF,2021-04,shared,light_commercial,ZAF,9587,vehicles,NewVehicleRegistration-2022-04.pdf
ZAF,2021-04,shared,minibuses,EC,137,vehicles,NewVehicleRegistration-2022-04.pdf
ZAF,2021-04,shared,minibuses,FS,25,vehicles,NewVehicleRegistration-2022-04.pdf
ZAF,2021-04,shared,minibuses,GP,693,vehicles,NewVehicleRegistration-2022-04.pdf
ZAF,2021-04,shared,minibuses,KZN,266,vehicles,NewVehicleRegistration-2022-04.pdf
ZAF,2021-04,shared,minibuses,LP,129,vehicles,NewVehicleRegistration-2022-04.pdf
ZAF,2021-04,shared,minibuses,MP,94,vehicles,NewVehicleRegistration-2022-04.pdf
ZAF,2021-04,shared,minibuses,NC,28,vehicles,NewVehicleRegistration-2022-04.pdf
ZAF,2021-04,shared,minibuses,NW,50,vehicles,NewVehicleRegistration-2022-04.pdf
ZAF,2021-04,shared,minibuses,WC,148,vehicles,NewVehicleRegistration-2022-04.pdf
ZAF,2021-04,shared,minibuses,ZAF,1570,vehicles,NewVehicleRegistration-2022-04.pdf
ZAF,2021-04,shared,motorcycles,EC,53,vehicles,NewVehicleRegistration-2022-04.pdf
ZAF,2021-04,shared,motorcycles,FS,39,vehicles,NewVehicleRegistration-2022-04.pdf
ZAF,2021-04,shared,motorcycles,GP,937,vehicles,NewVehicleRegistration-2022-04.pdf
ZAF,2021-04,shared,motorcycles,KZN,185,vehicles,NewVehicleRegistration-2022-04.pdf
ZAF,2021-04,shared,motorcycles,LP,22,vehicles,NewVehicleRegistration-2022-04.pdf
ZAF,2021-04,shared,motorcycles,MP,46,vehicles,NewVehicleRegistration-2022-04.pdf
ZAF,2021-04,shared,motorcycles,NC,16,vehicles,NewVehicleRegistration-2022-04.pdf
ZAF,2021-04,shared,motorcycles,NW,38,vehicles,NewVehicleRegistration-2022-04.pdf
ZAF,2021-04,shared,motorcycles,WC,254,vehicles,NewVehicleRegistration-2022-04.pdf
ZAF,2021-04,shared,motorcycles,ZAF,1590,vehicles,NewVehicleRegistration-2022-04.pdf
ZAF,2021-04,shared,other_self_propelled,EC,40,vehicles,NewVehicleRegistration-2022-04.pdf
ZAF,2021-04,shared,other_self_propelled,FS,99,vehicles,NewVehicleRegistration-2022-04.pdf
ZAF,2021-04,shared,other_self_propelled,GP,136,vehicles,NewVehicleRegistration-2022-04.pdf
ZAF,2021-04,shared,other_self_propelled,KZN,135,vehicles,NewVehicleRegistration-2022-04.pdf
ZAF,2021-04,shared,other_self_propelled,LP,54,vehicles,NewVehicleRegistration-2022-04.pdf
ZAF,2021-04,shared,other_self_propelled,MP,60,vehicles,NewVehicleRegistration-2022-04.pdf
ZAF,2021-04,shared,other_self_propelled,NC,9,vehicles,NewVehicleRegistration-2022-04.pdf
ZAF,2021-04,shared,other_self_propelled,NW,38,vehicles,NewVehicleRegistration-2022-04.pdf
ZAF,2021-04,shared,other_self_propelled,WC,74,vehicles,NewVehicleRegistration-2022-04.pdf
ZAF,2021-04,shared,other_self_propelled,ZAF,645,vehicles,NewVehicleRegistration-2022-04.pdf
ZAF,2021-04,shared,total_self_propelled,EC,2226,vehicles,NewVehicleRegistration-2022-04.pdf
ZAF,2021-04,shared,total_self_propelled,FS,1347,vehicles,NewVehicleRegistration-2022-04.pdf
ZAF,2021-04,shared,total_self_propelled,GP,18013,vehicles,NewVehicleRegistration-2022-04.pdf
ZAF,2021-04,shared,total_self_propelled,KZN,6354,vehicles,NewVehicleRegistration-2022-04.pdf
ZAF,2021-04,shared,total_self_propelled,LP,1780,vehicles,NewVehicleRegistration-2022-04.pdf
ZAF,2021-04,shared,total_self_propelled,MP,2079,vehicles,NewVehicleRegistration-2022-04.pdf
ZAF,2021-04,shared,total_self_propelled,NC,523,vehicles,NewVehicleRegistration-2022-04.pdf
ZAF,2021-04,shared,total_self_propelled,NW,1416,vehicles,NewVehicleRegistration-2022-04.pdf
ZAF,2021-04,shared,total_self_propelled,WC,4355,vehicles,NewVehicleRegistration-2022-04.pdf
ZAF,2021-04,shared,total_self_propelled,ZAF,38093,vehicles,NewVehicleRegistration-2022-04.pdf
ZAF,2021-04,shared,trucks,EC,90,vehicles,NewVehicleRegistration-2022-04.pdf
ZAF,2021-04,shared,trucks,FS,153,vehicles,NewVehicleRegistration-2022-04.pdf
ZAF,2021-04,shared,trucks,GP,641,vehicles,NewVehicleRegistration-2022-04.pdf
ZAF,2021-04,shared,trucks,KZN,239,vehicles,NewVehicleRegistration-2022-04.pdf
ZAF,2021-04,shared,trucks,LP,112,vehicles,NewVehicleRegistration-2022-04.pdf
ZAF,2021-04,shared,trucks,MP,217,vehicles,NewVehicleRegistration-2022-04.pdf
ZAF,2021-04,shared,trucks,NC,29,vehicles,NewVehicleRegistration-2022-04.pdf
ZAF,2021-04,shared,trucks,NW,59,vehicles,NewVehicleRegistration-2022-04.pdf
ZAF,2021-04,shared,trucks,WC,180,vehicles,NewVehicleRegistration-2022-04.pdf
ZAF,2021-04,shared,trucks,ZAF,1720,vehicles,NewVehicleRegistration-2022-04.pdf
ZAF,2021-05,shared,buses,EC,30,vehicles,NewVehicleRegistration-2022-05.pdf
ZAF,2021-05,shared,buses,FS,3,vehicles,NewVehicleRegistration-2022-05.pdf
ZAF,2021-05,shared,buses,GP,67,vehicles,NewVehicleRegistration-2022-05.pdf
ZAF,2021-05,shared,buses,KZN,29,vehicles,NewVehicleRegistration-2022-05.pdf
ZAF,2021-05,shared,buses,LP,8,vehicles,NewVehicleRegistration-2022-05.pdf
ZAF,2021-05,shared,buses,MP,27,vehicles,NewVehicleRegistration-2022-05.pdf
ZAF,2021-05,shared,buses,NC,4,vehicles,NewVehicleRegistration-2022-05.pdf
ZAF,2021-05,shared,buses,NW,6,vehicles,NewVehicleRegistration-2022-05.pdf
ZAF,2021-05,shared,buses,WC,11,vehicles,NewVehicleRegistration-2022-05.pdf
ZAF,2021-05,shared,buses,ZAF,185,vehicles,NewVehicleRegistration-2022-05.pdf
ZAF,2021-05,shared,cars,EC,1315,vehicles,NewVehicleRegistration-2022-05.pdf
ZAF,2021-05,shared,cars,FS,541,vehicles,NewVehicleRegistration-2022-05.pdf
ZAF,2021-05,shared,cars,GP,11540,vehicles,NewVehicleRegistration-2022-05.pdf
ZAF,2021-05,shared,cars,KZN,4142,vehicles,NewVehicleRegistration-2022-05.pdf
ZAF,2021-05,shared,cars,LP,817,vehicles,NewVehicleRegistration-2022-05.pdf
ZAF,2021-05,shared,cars,MP,1047,vehicles,NewVehicleRegistration-2022-05.pdf
ZAF,2021-05,shared,cars,NC,213,vehicles,NewVehicleRegistration-2022-05.pdf
ZAF,2021-05,shared,cars,NW,774,vehicles,NewVehicleRegistration-2022-05.pdf
ZAF,2021-05,shared,cars,WC,2594,vehicles,NewVehicleRegistration-2022-05.pdf
ZAF,2021-05,shared,cars,ZAF,22983,vehicles,NewVehicleRegistration-2022-05.pdf
ZAF,2021-05,shared,light_commercial,EC,644,vehicles,NewVehicleRegistration-2022-05.pdf
ZAF,2021-05,shared,light_commercial,FS,461,vehicles,NewVehicleRegistration-2022-05.pdf
ZAF,2021-05,shared,light_commercial,GP,3968,vehicles,NewVehicleRegistration-2022-05.pdf
ZAF,2021-05,shared,light_commercial,KZN,1660,vehicles,NewVehicleRegistration-2022-05.pdf
ZAF,2021-05,shared,light_commercial,LP,644,vehicles,NewVehicleRegistration-2022-05.pdf
ZAF,2021-05,shared,light_commercial,MP,799,vehicles,NewVehicleRegistration-2022-05.pdf
ZAF,2021-05,shared,light_commercial,NC,246,vehicles,NewVehicleRegistration-2022-05.pdf
ZAF,2021-05,shared,light_commercial,NW,474,vehicles,NewVehicleRegistration-2022-05.pdf
ZAF,2021-05,shared,light_commercial,WC,1055,vehicles,NewVehicleRegistration-2022-05.pdf
ZAF,2021-05,shared,light_commercial,ZAF,9951,vehicles,NewVehicleRegistration-2022-05.pdf
ZAF,2021-05,shared,minibuses,EC,148,vehicles,NewVehicleRegistration-2022-05.pdf
ZAF,2021-05,shared,minibuses,FS,24,vehicles,NewVehicleRegistration-2022-05.pdf
ZAF,2021-05,shared,minibuses,GP,659,vehicles,NewVehicleRegistration-2022-05.pdf
ZAF,2021-05,shared,minibuses,KZN,305,vehicles,NewVehicleRegistration-2022-05.pdf
ZAF,2021-05,shared,minibuses,LP,144,vehicles,NewVehicleRegistration-2022-05.pdf
ZAF,2021-05,shared,minibuses,MP,135,vehicles,NewVehicleRegistration-2022-05.pdf
ZAF,2021-05,shared,minibuses,NC,22,vehicles,NewVehicleRegistration-2022-05.pdf
ZAF,2021-05,shared,minibuses,NW,66,vehicles,NewVehicleRegistration-2022-05.pdf
ZAF,2021-05,shared,minibuses,WC,156,vehicles,NewVehicleRegistration-2022-05.pdf
ZAF,2021-05,shared,minibuses,ZAF,1659,vehicles,NewVehicleRegistration-2022-05.pdf
ZAF,2021-05,shared,motorcycles,EC,81,vehicles,NewVehicleRegistration-2022-05.pdf
ZAF,2021-05,shared,motorcycles,FS,65,vehicles,NewVehicleRegistration-2022-05.pdf
ZAF,2021-05,shared,motorcycles,GP,938,vehicles,NewVehicleRegistration-2022-05.pdf
ZAF,2021-05,shared,motorcycles,KZN,199,vehicles,NewVehicleRegistration-2022-05.pdf
ZAF,2021-05,shared,motorcycles,LP,19,vehicles,NewVehicleRegistration-2022-05.pdf
ZAF,2021-05,shared,motorcycles,MP,49,vehicles,NewVehicleRegistration-2022-05.pdf
ZAF,2021-05,shared,motorcycles,NC,19,vehicles,NewVehicleRegistration-2022-05.pdf
ZAF,2021-05,shared,motorcycles,NW,48,vehicles,NewVehicleRegistration-2022-05.pdf
ZAF,2021-05,shared,motorcycles,WC,255,vehicles,NewVehicleRegistration-2022-05.pdf
ZAF,2021-05,shared,motorcycles,ZAF,1673,vehicles,NewVehicleRegistration-2022-05.pdf
ZAF,2021-05,shared,other_self_propelled,EC,47,vehicles,NewVehicleRegistration-2022-05.pdf
ZAF,2021-05,shared,other_self_propelled,FS,101,vehicles,NewVehicleRegistration-2022-05.pdf
ZAF,2021-05,shared,other_self_propelled,GP,110,vehicles,NewVehicleRegistration-2022-05.pdf
ZAF,2021-05,shared,other_self_propelled,KZN,148,vehicles,NewVehicleRegistration-2022-05.pdf
ZAF,2021-05,shared,other_self_propelled,LP,72,vehicles,NewVehicleRegistration-2022-05.pdf
ZAF,2021-05,shared,other_self_propelled,MP,70,vehicles,NewVehicleRegistration-2022-05.pdf
ZAF,2021-05,shared,other_self_propelled,NC,21,vehicles,NewVehicleRegistration-2022-05.pdf
ZAF,2021-05,shared,other_self_propelled,NW,58,vehicles,NewVehicleRegistration-2022-05.pdf
ZAF,2021-05,shared,other_self_propelled,WC,62,vehicles,NewVehicleRegistration-2022-05.pdf
ZAF,2021-05,shared,other_self_propelled,ZAF,689,vehicles,NewVehicleRegistration-2022-05.pdf
ZAF,2021-05,shared,total_self_propelled,EC,2355,vehicles,NewVehicleRegistration-2022-05.pdf
ZAF,2021-05,shared,total_self_propelled,FS,1359,vehicles,NewVehicleRegistration-2022-05.pdf
ZAF,2021-05,shared,total_self_propelled,GP,17988,vehicles,NewVehicleRegistration-2022-05.pdf
ZAF,2021-05,shared,total_self_propelled,KZN,6732,vehicles,NewVehicleRegistration-2022-05.pdf
ZAF,2021-05,shared,total_self_propelled,LP,1833,vehicles,NewVehicleRegistration-2022-05.pdf
ZAF,2021-05,shared,total_self_propelled,MP,2390,vehicles,NewVehicleRegistration-2022-05.pdf
ZAF,2021-05,shared,total_self_propelled,NC,552,vehicles,NewVehicleRegistration-2022-05.pdf
ZAF,2021-05,shared,total_self_propelled,NW,1495,vehicles,NewVehicleRegistration-2022-05.pdf
ZAF,2021-05,shared,total_self_propelled,WC,4290,vehicles,NewVehicleRegistration-2022-05.pdf
ZAF,2021-05,shared,total_self_propelled,ZAF,38994,vehicles,NewVehicleRegistration-2022-05.pdf
ZAF,2021-05,shared,trucks,EC,90,vehicles,NewVehicleRegistration-2022-05.pdf
ZAF,2021-05,shared,trucks,FS,164,vehicles,NewVehicleRegistration-2022-05.pdf
ZAF,2021-05,shared,trucks,GP,706,vehicles,NewVehicleRegistration-2022-05.pdf
ZAF,2021-05,shared,trucks,KZN,249,vehicles,NewVehicleRegistration-2022-05.pdf
ZAF,2021-05,shared,trucks,LP,129,vehicles,NewVehicleRegistration-2022-05.pdf
ZAF,2021-05,shared,trucks,MP,263,vehicles,NewVehicleRegistration-2022-05.pdf
ZAF,2021-05,shared,trucks,NC,27,vehicles,NewVehicleRegistration-2022-05.pdf
ZAF,2021-05,shared,trucks,NW,69,vehicles,NewVehicleRegistration-2022-05.pdf
ZAF,2021-05,shared,trucks,WC,157,vehicles,NewVehicleRegistration-2022-05.pdf
ZAF,2021-05,shared,trucks,ZAF,1854,vehicles,NewVehicleRegistration-2022-05.pdf
ZAF,2021-06,shared,buses,EC,14,vehicles,NewVehicleRegistration-2022-06.pdf
ZAF,2021-06,shared,buses,FS,2,vehicles,NewVehicleRegistration-2022-06.pdf
ZAF,2021-06,shared,buses,GP,31,vehicles,NewVehicleRegistration-2022-06.pdf
ZAF,2021-06,shared,buses,KZN,26,vehicles,NewVehicleRegistration-2022-06.pdf
ZAF,2021-06,shared,buses,LP,2,vehicles,NewVehicleRegistration-2022-06.pdf
ZAF,2021-06,shared,buses,MP,21,vehicles,NewVehicleRegistration-2022-06.pdf
ZAF,2021-06,shared,buses,NC,1,vehicles,NewVehicleRegistration-2022-06.pdf
ZAF,2021-06,shared,buses,NW,26,vehicles,NewVehicleRegistration-2022-06.pdf
ZAF,2021-06,shared,buses,WC,10,vehicles,NewVehicleRegistration-2022-06.pdf
ZAF,2021-06,shared,buses,ZAF,133,vehicles,NewVehicleRegistration-2022-06.pdf
ZAF,2021-06,shared,cars,EC,1552,vehicles,NewVehicleRegistration-2022-06.pdf
ZAF,2021-06,shared,cars,FS,603,vehicles,NewVehicleRegistration-2022-06.pdf
ZAF,2021-06,shared,cars,GP,10585,vehicles,NewVehicleRegistration-2022-06.pdf
ZAF,2021-06,shared,cars,KZN,3795,vehicles,NewVehicleRegistration-2022-06.pdf
ZAF,2021-06,shared,cars,LP,730,vehicles,NewVehicleRegistration-2022-06.pdf
ZAF,2021-06,shared,cars,MP,984,vehicles,NewVehicleRegistration-2022-06.pdf
ZAF,2021-06,shared,cars,NC,218,vehicles,NewVehicleRegistration-2022-06.pdf
ZAF,2021-06,shared,cars,NW,770,vehicles,NewVehicleRegistration-2022-06.pdf
ZAF,2021-06,shared,cars,WC,3033,vehicles,NewVehicleRegistration-2022-06.pdf
ZAF,2021-06,shared,cars,ZAF,22270,vehicles,NewVehicleRegistration-2022-06.pdf
ZAF,2021-06,shared,light_commercial,EC,558,vehicles,NewVehicleRegistration-2022-06.pdf
ZAF,2021-06,shared,light_commercial,FS,404,vehicles,NewVehicleRegistration-2022-06.pdf
ZAF,2021-06,shared,light_commercial,GP,3314,vehicles,NewVehicleRegistration-2022-06.pdf
ZAF,2021-06,shared,light_commercial,KZN,1483,vehicles,NewVehicleRegistration-2022-06.pdf
ZAF,2021-06,shared,light_commercial,LP,567,vehicles,NewVehicleRegistration-2022-06.pdf
ZAF,2021-06,shared,light_commercial,MP,790,vehicles,NewVehicleRegistration-2022-06.pdf
ZAF,2021-06,shared,light_commercial,NC,217,vehicles,NewVehicleRegistration-2022-06.pdf
ZAF,2021-06,shared,light_commercial,NW,467,vehicles,NewVehicleRegistration-2022-06.pdf
ZAF,2021-06,shared,light_commercial,WC,1032,vehicles,NewVehicleRegistration-2022-06.pdf
ZAF,2021-06,shared,light_commercial,ZAF,8832,vehicles,NewVehicleRegistration-2022-06.pdf
ZAF,2021-06,shared,minibuses,EC,125,vehicles,NewVehicleRegistration-2022-06.pdf
ZAF,2021-06,shared,minibuses,FS,32,vehicles,NewVehicleRegistration-2022-06.pdf
ZAF,2021-06,shared,minibuses,GP,694,vehicles,NewVehicleRegistration-2022-06.pdf
ZAF,2021-06,shared,minibuses,KZN,275,vehicles,NewVehicleRegistration-2022-06.pdf
ZAF,2021-06,shared,minibuses,LP,110,vehicles,NewVehicleRegistration-2022-06.pdf
ZAF,2021-06,shared,minibuses,MP,111,vehicles,NewVehicleRegistration-2022-06.pdf
ZAF,2021-06,shared,minibuses,NC,27,vehicles,NewVehicleRegistration-2022-06.pdf
ZAF,2021-06,shared,minibuses,NW,74,vehicles,NewVehicleRegistration-2022-06.pdf
ZAF,2021-06,shared,minibuses,WC,171,vehicles,NewVehicleRegistration-2022-06.pdf
ZAF,2021-06,shared,minibuses,ZAF,1619,vehicles,NewVehicleRegistration-2022-06.pdf
ZAF,2021-06,shared,motorcycles,EC,63,vehicles,NewVehicleRegistration-2022-06.pdf
ZAF,2021-06,shared,motorcycles,FS,34,vehicles,NewVehicleRegistration-2022-06.pdf
ZAF,2021-06,shared,motorcycles,GP,861,vehicles,NewVehicleRegistration-2022-06.pdf
ZAF,2021-06,shared,motorcycles,KZN,182,vehicles,NewVehicleRegistration-2022-06.pdf
ZAF,2021-06,shared,motorcycles,LP,23,vehicles,NewVehicleRegistration-2022-06.pdf
ZAF,2021-06,shared,motorcycles,MP,43,vehicles,NewVehicleRegistration-2022-06.pdf
ZAF,2021-06,shared,motorcycles,NC,13,vehicles,NewVehicleRegistration-2022-06.pdf
ZAF,2021-06,shared,motorcycles,NW,31,vehicles,NewVehicleRegistration-2022-06.pdf
ZAF,2021-06,shared,motorcycles,WC,275,vehicles,NewVehicleRegistration-2022-06.pdf
ZAF,2021-06,shared,motorcycles,ZAF,1525,vehicles,NewVehicleRegistration-2022-06.pdf
ZAF,2021-06,shared,other_self_propelled,EC,43,vehicles,NewVehicleRegistration-2022-06.pdf
ZAF,2021-06,shared,other_self_propelled,FS,79,vehicles,NewVehicleRegistration-2022-06.pdf
ZAF,2021-06,shared,other_self_propelled,GP,109,vehicles,NewVehicleRegistration-2022-06.pdf
ZAF,2021-06,shared,other_self_propelled,KZN,122,vehicles,NewVehicleRegistration-2022-06.pdf
ZAF,2021-06,shared,other_self_propelled,LP,34,vehicles,NewVehicleRegistration-2022-06.pdf
ZAF,2021-06,shared,other_self_propelled,MP,71,vehicles,NewVehicleRegistration-2022-06.pdf
ZAF,2021-06,shared,other_self_propelled,NC,23,vehicles,NewVehicleRegistration-2022-06.pdf
ZAF,2021-06,shared,other_self_propelled,NW,46,vehicles,NewVehicleRegistration-2022-06.pdf
ZAF,2021-06,shared,other_self_propelled,WC,95,vehicles,NewVehicleRegistration-2022-06.pdf
ZAF,2021-06,shared,other_self_propelled,ZAF,622,vehicles,NewVehicleRegistration-2022-06.pdf
ZAF,2021-06,shared,total_self_propelled,EC,2422,vehicles,NewVehicleRegistration-2022-06.pdf
ZAF,2021-06,shared,total_self_propelled,FS,1323,vehicles,NewVehicleRegistration-2022-06.pdf
ZAF,2021-06,shared,total_self_propelled,GP,16196,vehicles,NewVehicleRegistration-2022-06.pdf
ZAF,2021-06,shared,total_self_propelled,KZN,6133,vehicles,NewVehicleRegistration-2022-06.pdf
ZAF,2021-06,shared,total_self_propelled,LP,1545,vehicles,NewVehicleRegistration-2022-06.pdf
ZAF,2021-06,shared,total_self_propelled,MP,2274,vehicles,NewVehicleRegistration-2022-06.pdf
ZAF,2021-06,shared,total_self_propelled,NC,537,vehicles,NewVehicleRegistration-2022-06.pdf
ZAF,2021-06,shared,total_self_propelled,NW,1487,vehicles,NewVehicleRegistration-2022-06.pdf
ZAF,2021-06,shared,total_self_propelled,WC,4801,vehicles,NewVehicleRegistration-2022-06.pdf
ZAF,2021-06,shared,total_self_propelled,ZAF,36718,vehicles,NewVehicleRegistration-2022-06.pdf
ZAF,2021-06,shared,trucks,EC,67,vehicles,NewVehicleRegistration-2022-06.pdf
ZAF,2021-06,shared,trucks,FS,169,vehicles,NewVehicleRegistration-2022-06.pdf
ZAF,2021-06,shared,trucks,GP,602,vehicles,NewVehicleRegistration-2022-06.pdf
ZAF,2021-06,shared,trucks,KZN,250,vehicles,NewVehicleRegistration-2022-06.pdf
ZAF,2021-06,shared,trucks,LP,79,vehicles,NewVehicleRegistration-2022-06.pdf
ZAF,2021-06,shared,trucks,MP,254,vehicles,NewVehicleRegistration-2022-06.pdf
ZAF,2021-06,shared,trucks,NC,38,vehicles,NewVehicleRegistration-2022-06.pdf
ZAF,2021-06,shared,trucks,NW,73,vehicles,NewVehicleRegistration-2022-06.pdf
ZAF,2021-06,shared,trucks,WC,185,vehicles,NewVehicleRegistration-2022-06.pdf
ZAF,2021-06,shared,trucks,ZAF,1717,vehicles,NewVehicleRegistration-2022-06.pdf
ZAF,2021-07,shared,buses,EC,13,vehicles,NewVehicleRegistration-2022-07.pdf
ZAF,2021-07,shared,buses,FS,3,vehicles,NewVehicleRegistration-2022-07.pdf
ZAF,2021-07,shared,buses,GP,47,vehicles,NewVehicleRegistration-2022-07.pdf
ZAF,2021-07,shared,buses,KZN,6,vehicles,NewVehicleRegistration-2022-07.pdf
ZAF,2021-07,shared,buses,LP,13,vehicles,NewVehicleRegistration-2022-07.pdf
ZAF,2021-07,shared,buses,MP,16,vehicles,NewVehicleRegistration-2022-07.pdf
ZAF,2021-07,shared,buses,NC,11,vehicles,NewVehicleRegistration-2022-07.pdf
ZAF,2021-07,shared,buses,NW,14,vehicles,NewVehicleRegistration-2022-07.pdf
ZAF,2021-07,shared,buses,WC,14,vehicles,NewVehicleRegistration-2022-07.pdf
ZAF,2021-07,shared,buses,ZAF,137,vehicles,NewVehicleRegistration-2022-07.pdf
ZAF,2021-07,shared,cars,EC,1328,vehicles,NewVehicleRegistration-2022-07.pdf
ZAF,2021-07,shared,cars,FS,529,vehicles,NewVehicleRegistration-2022-07.pdf
ZAF,2021-07,shared,cars,GP,9556,vehicles,NewVehicleRegistration-2022-07.pdf
ZAF,2021-07,shared,cars,KZN,3176,vehicles,NewVehicleRegistration-2022-07.pdf
ZAF,2021-07,shared,cars,LP,857,vehicles,NewVehicleRegistration-2022-07.pdf
ZAF,2021-07,shared,cars,MP,1025,vehicles,NewVehicleRegistration-2022-07.pdf
ZAF,2021-07,shared,cars,NC,243,vehicles,NewVehicleRegistration-2022-07.pdf
ZAF,2021-07,shared,cars,NW,732,vehicles,NewVehicleRegistration-2022-07.pdf
ZAF,2021-07,shared,cars,WC,2550,vehicles,NewVehicleRegistration-2022-07.pdf
ZAF,2021-07,shared,cars,ZAF,19996,vehicles,NewVehicleRegistration-2022-07.pdf
ZAF,2021-07,shared,light_commercial,EC,513,vehicles,NewVehicleRegistration-2022-07.pdf
ZAF,2021-07,shared,light_commercial,FS,418,vehicles,NewVehicleRegistration-2022-07.pdf
ZAF,2021-07,shared,light_commercial,GP,3495,vehicles,NewVehicleRegistration-2022-07.pdf
ZAF,2021-07,shared,light_commercial,KZN,1238,vehicles,NewVehicleRegistration-2022-07.pdf
ZAF,2021-07,shared,light_commercial,LP,591,vehicles,NewVehicleRegistration-2022-07.pdf
ZAF,2021-07,shared,light_commercial,MP,695,vehicles,NewVehicleRegistration-2022-07.pdf
ZAF,2021-07,shared,light_commercial,NC,192,vehicles,NewVehicleRegistration-2022-07.pdf
ZAF,2021-07,shared,light_commercial,NW,432,vehicles,NewVehicleRegistration-2022-07.pdf
ZAF,2021-07,shared,light_commercial,WC,767,vehicles,NewVehicleRegistration-2022-07.pdf
ZAF,2021-07,shared,light_commercial,ZAF,8341,vehicles,NewVehicleRegistration-2022-07.pdf
ZAF,2021-07,shared,minibuses,EC,133,vehicles,NewVehicleRegistration-2022-07.pdf
ZAF,2021-07,shared,minibuses,FS,23,vehicles,NewVehicleRegistration-2022-07.pdf
ZAF,2021-07,shared,minibuses,GP,691,vehicles,NewVehicleRegistration-2022-07.pdf
ZAF,2021-07,shared,minibuses,KZN,212,vehicles,NewVehicleRegistration-2022-07.pdf
ZAF,2021-07,shared,minibuses,LP,131,vehicles,NewVehicleRegistration-2022-07.pdf
ZAF,2021-07,shared,minibuses,MP,106,vehicles,NewVehicleRegistration-2022-07.pdf
ZAF,2021-07,shared,minibuses,NC,27,vehicles,NewVehicleRegistration-2022-07.pdf
ZAF,2021-07,shared,minibuses,NW,74,vehicles,NewVehicleRegistration-2022-07.pdf
ZAF,2021-07,shared,minibuses,WC,119,vehicles,NewVehicleRegistration-2022-07.pdf
ZAF,2021-07,shared,minibuses,ZAF,1516,vehicles,NewVehicleRegistration-2022-07.pdf
ZAF,2021-07,shared,motorcycles,EC,77,vehicles,NewVehicleRegistration-2022-07.pdf
ZAF,2021-07,shared,motorcycles,FS,51,vehicles,NewVehicleRegistration-2022-07.pdf
ZAF,2021-07,shared,motorcycles,GP,1077,vehicles,NewVehicleRegistration-2022-07.pdf
ZAF,2021-07,shared,motorcycles,KZN,144,vehicles,NewVehicleRegistration-2022-07.pdf
ZAF,2021-07,shared,motorcycles,LP,26,vehicles,NewVehicleRegistration-2022-07.pdf
ZAF,2021-07,shared,motorcycles,MP,69,vehicles,NewVehicleRegistration-2022-07.pdf
ZAF,2021-07,shared,motorcycles,NC,17,vehicles,NewVehicleRegistration-2022-07.pdf
ZAF,2021-07,shared,motorcycles,NW,44,vehicles,NewVehicleRegistration-2022-07.pdf
ZAF,2021-07,shared,motorcycles,WC,274,vehicles,NewVehicleRegistration-2022-07.pdf
ZAF,2021-07,shared,motorcycles,ZAF,1779,vehicles,NewVehicleRegistration-2022-07.pdf
ZAF,2021-07,shared,other_self_propelled,EC,42,vehicles,NewVehicleRegistration-2022-07.pdf
ZAF,2021-07,shared,other_self_propelled,FS,100,vehicles,NewVehicleRegistration-2022-07.pdf
ZAF,2021-07,shared,other_self_propelled,GP,95,vehicles,NewVehicleRegistration-2022-07.pdf
ZAF,2021-07,shared,other_self_propelled,KZN,117,vehicles,NewVehicleRegistration-2022-07.pdf
ZAF,2021-07,shared,other_self_propelled,LP,53,vehicles,NewVehicleRegistration-2022-07.pdf
ZAF,2021-07,shared,other_self_propelled,MP,90,vehicles,NewVehicleRegistration-2022-07.pdf
ZAF,2021-07,shared,other_self_propelled,NC,41,vehicles,NewVehicleRegistration-2022-07.pdf
ZAF,2021-07,shared,other_self_propelled,NW,65,vehicles,NewVehicleRegistration-2022-07.pdf
ZAF,2021-07,shared,other_self_propelled,WC,90,vehicles,NewVehicleRegistration-2022-07.pdf
ZAF,2021-07,shared,other_self_propelled,ZAF,693,vehicles,NewVehicleRegistration-2022-07.pdf
ZAF,2021-07,shared,total_self_propelled,EC,2233,vehicles,NewVehicleRegistration-2022-07.pdf
ZAF,2021-07,shared,total_self_propelled,FS,1272,vehicles,NewVehicleRegistration-2022-07.pdf
ZAF,2021-07,shared,total_self_propelled,GP,15613,vehicles,NewVehicleRegistration-2022-07.pdf
ZAF,2021-07,shared,total_self_propelled,KZN,5119,vehicles,NewVehicleRegistration-2022-07.pdf
ZAF,2021-07,shared,total_self_propelled,LP,1747,vehicles,NewVehicleRegistration-2022-07.pdf
ZAF,2021-07,shared,total_self_propelled,MP,2213,vehicles,NewVehicleRegistration-2022-07.pdf
ZAF,2021-07,shared,total_self_propelled,NC,573,vehicles,NewVehicleRegistration-2022-07.pdf
ZAF,2021-07,shared,total_self_propelled,NW,1443,vehicles,NewVehicleRegistration-2022-07.pdf
ZAF,2021-07,shared,total_self_propelled,WC,4011,vehicles,NewVehicleRegistration-2022-07.pdf
ZAF,2021-07,shared,total_self_propelled,ZAF,34224,vehicles,NewVehicleRegistration-2022-07.pdf
ZAF,2021-07,shared,trucks,EC,127,vehicles,NewVehicleRegistration-2022-07.pdf
ZAF,2021-07,shared,trucks,FS,148,vehicles,NewVehicleRegistration-2022-07.pdf
ZAF,2021-07,shared,trucks,GP,652,vehicles,NewVehicleRegistration-2022-07.pdf
ZAF,2021-07,shared,trucks,KZN,226,vehicles,NewVehicleRegistration-2022-07.pdf
ZAF,2021-07,shared,trucks,LP,76,vehicles,NewVehicleRegistration-2022-07.pdf
ZAF,2021-07,shared,trucks,MP,212,vehicles,NewVehicleRegistration-2022-07.pdf
ZAF,2021-07,shared,trucks,NC,42,vehicles,NewVehicleRegistration-2022-07.pdf
ZAF,2021-07,shared,trucks,NW,82,vehicles,NewVehicleRegistration-2022-07.pdf
ZAF,2021-07,shared,trucks,WC,197,vehicles,NewVehicleRegistration-2022-07.pdf
ZAF,2021-07,shared,trucks,ZAF,1762,vehicles,NewVehicleRegistration-2022-07.pdf
ZAF,2021-08,shared,buses,EC,10,vehicles,NewVehicleRegistration-2022-08.pdf
ZAF,2021-08,shared,buses,FS,0,vehicles,NewVehicleRegistration-2022-08.pdf
ZAF,2021-08,shared,buses,GP,34,vehicles,NewVehicleRegistration-2022-08.pdf
ZAF,2021-08,shared,buses,KZN,33,vehicles,NewVehicleRegistration-2022-08.pdf
ZAF,2021-08,shared,buses,LP,19,vehicles,NewVehicleRegistration-2022-08.pdf
ZAF,2021-08,shared,buses,MP,35,vehicles,NewVehicleRegistration-2022-08.pdf
ZAF,2021-08,shared,buses,NC,3,vehicles,NewVehicleRegistration-2022-08.pdf
ZAF,2021-08,shared,buses,NW,18,vehicles,NewVehicleRegistration-2022-08.pdf
ZAF,2021-08,shared,buses,WC,5,vehicles,NewVehicleRegistration-2022-08.pdf
ZAF,2021-08,shared,buses,ZAF,157,vehicles,NewVehicleRegistration-2022-08.pdf
ZAF,2021-08,shared,cars,EC,1355,vehicles,NewVehicleRegistration-2022-08.pdf
ZAF,2021-08,shared,cars,FS,565,vehicles,NewVehicleRegistration-2022-08.pdf
ZAF,2021-08,shared,cars,GP,12459,vehicles,NewVehicleRegistration-2022-08.pdf
ZAF,2021-08,shared,cars,KZN,4001,vehicles,NewVehicleRegistration-2022-08.pdf
ZAF,2021-08,shared,cars,LP,856,vehicles,NewVehicleRegistration-2022-08.pdf
ZAF,2021-08,shared,cars,MP,1065,vehicles,NewVehicleRegistration-2022-08.pdf
ZAF,2021-08,shared,cars,NC,243,vehicles,NewVehicleRegistration-2022-08.pdf
ZAF,2021-08,shared,cars,NW,752,vehicles,NewVehicleRegistration-2022-08.pdf
ZAF,2021-08,shared,cars,WC,2968,vehicles,NewVehicleRegistration-2022-08.pdf
ZAF,2021-08,shared,cars,ZAF,24264,vehicles,NewVehicleRegistration-2022-08.pdf
ZAF,2021-08,shared,light_commercial,EC,552,vehicles,NewVehicleRegistration-2022-08.pdf
ZAF,2021-08,shared,light_commercial,FS,311,vehicles,NewVehicleRegistration-2022-08.pdf
ZAF,2021-08,shared,light_commercial,GP,3853,vehicles,NewVehicleRegistration-2022-08.pdf
ZAF,2021-08,shared,light_commercial,KZN,1383,vehicles,NewVehicleRegistration-2022-08.pdf
ZAF,2021-08,shared,light_commercial,LP,495,vehicles,NewVehicleRegistration-2022-08.pdf
ZAF,2021-08,shared,light_commercial,MP,615,vehicles,NewVehicleRegistration-2022-08.pdf
ZAF,2021-08,shared,light_commercial,NC,184,vehicles,NewVehicleRegistration-2022-08.pdf
ZAF,2021-08,shared,light_commercial,NW,475,vehicles,NewVehicleRegistration-2022-08.pdf
ZAF,2021-08,shared,light_commercial,WC,901,vehicles,NewVehicleRegistration-2022-08.pdf
ZAF,2021-08,shared,light_commercial,ZAF,8769,vehicles,NewVehicleRegistration-2022-08.pdf
ZAF,2021-08,shared,minibuses,EC,193,vehicles,NewVehicleRegistration-2022-08.pdf
ZAF,2021-08,shared,minibuses,FS,28,vehicles,NewVehicleRegistration-2022-08.pdf
ZAF,2021-08,shared,minibuses,GP,866,vehicles,NewVehicleRegistration-2022-08.pdf
ZAF,2021-08,shared,minibuses,KZN,250,vehicles,NewVehicleRegistration-2022-08.pdf
ZAF,2021-08,shared,minibuses,LP,128,vehicles,NewVehicleRegistration-2022-08.pdf
ZAF,2021-08,shared,minibuses,MP,114,vehicles,NewVehicleRegistration-2022-08.pdf
ZAF,2021-08,shared,minibuses,NC,31,vehicles,NewVehicleRegistration-2022-08.pdf
ZAF,2021-08,shared,minibuses,NW,87,vehicles,NewVehicleRegistration-2022-08.pdf
ZAF,2021-08,shared,minibuses,WC,143,vehicles,NewVehicleRegistration-2022-08.pdf
ZAF,2021-08,shared,minibuses,ZAF,1840,vehicles,NewVehicleRegistration-2022-08.pdf
ZAF,2021-08,shared,motorcycles,EC,50,vehicles,NewVehicleRegistration-2022-08.pdf
ZAF,2021-08,shared,motorcycles,FS,37,vehicles,NewVehicleRegistration-2022-08.pdf
ZAF,2021-08,shared,motorcycles,GP,913,vehicles,NewVehicleRegistration-2022-08.pdf
ZAF,2021-08,shared,motorcycles,KZN,199,vehicles,NewVehicleRegistration-2022-08.pdf
ZAF,2021-08,shared,motorcycles,LP,26,vehicles,NewVehicleRegistration-2022-08.pdf
ZAF,2021-08,shared,motorcycles,MP,53,vehicles,NewVehicleRegistration-2022-08.pdf
ZAF,2021-08,shared,motorcycles,NC,19,vehicles,NewVehicleRegistration-2022-08.pdf
ZAF,2021-08,shared,motorcycles,NW,44,vehicles,NewVehicleRegistration-2022-08.pdf
ZAF,2021-08,shared,motorcycles,WC,238,vehicles,NewVehicleRegistration-2022-08.pdf
ZAF,2021-08,shared,motorcycles,ZAF,1579,vehicles,NewVehicleRegistration-2022-08.pdf
ZAF,2021-08,shared,other_self_propelled,EC,45,vehicles,NewVehicleRegistration-2022-08.pdf
ZAF,2021-08,shared,other_self_propelled,FS,126,vehicles,NewVehicleRegistration-2022-08.pdf
ZAF,2021-08,shared,other_self_propelled,GP,109,vehicles,NewVehicleRegistration-2022-08.pdf
ZAF,2021-08,shared,other_self_propelled,KZN,68,vehicles,NewVehicleRegistration-2022-08.pdf
ZAF,2021-08,shared,other_self_propelled,LP,38,vehicles,NewVehicleRegistration-2022-08.pdf
ZAF,2021-08,shared,other_self_propelled,MP,62,vehicles,NewVehicleRegistration-2022-08.pdf
ZAF,2021-08,shared,other_self_propelled,NC,21,vehicles,NewVehicleRegistration-2022-08.pdf
ZAF,2021-08,shared,other_self_propelled,NW,73,vehicles,NewVehicleRegistration-2022-08.pdf
ZAF,2021-08,shared,other_self_propelled,WC,87,vehicles,NewVehicleRegistration-2022-08.pdf
ZAF,2021-08,shared,other_self_propelled,ZAF,629,vehicles,NewVehicleRegistration-2022-08.pdf
ZAF,2021-08,shared,total_self_propelled,EC,2279,vehicles,NewVehicleRegistration-2022-08.pdf
ZAF,2021-08,shared,total_self_propelled,FS,1254,vehicles,NewVehicleRegistration-2022-08.pdf
ZAF,2021-08,shared,total_self_propelled,GP,18952,vehicles,NewVehicleRegistration-2022-08.pdf
ZAF,2021-08,shared,total_self_propelled,KZN,6208,vehicles,NewVehicleRegistration-2022-08.pdf
ZAF,2021-08,shared,total_self_propelled,LP,1665,vehicles,NewVehicleRegistration-2022-08.pdf
ZAF,2021-08,shared,total_self_propelled,MP,2144,vehicles,NewVehicleRegistration-2022-08.pdf
ZAF,2021-08,shared,total_self_propelled,NC,519,vehicles,NewVehicleRegistration-2022-08.pdf
ZAF,2021-08,shared,total_self_propelled,NW,1527,vehicles,NewVehicleRegistration-2022-08.pdf
ZAF,2021-08,shared,total_self_propelled,WC,4505,vehicles,NewVehicleRegistration-2022-08.pdf
ZAF,2021-08,shared,total_self_propelled,ZAF,39053,vehicles,NewVehicleRegistration-2022-08.pdf
ZAF,2021-08,shared,trucks,EC,74,vehicles,NewVehicleRegistration-2022-08.pdf
ZAF,2021-08,shared,trucks,FS,187,vehicles,NewVehicleRegistration-2022-08.pdf
ZAF,2021-08,shared,trucks,GP,718,vehicles,NewVehicleRegistration-2022-08.pdf
ZAF,2021-08,shared,trucks,KZN,274,vehicles,NewVehicleRegistration-2022-08.pdf
ZAF,2021-08,shared,trucks,LP,103,vehicles,NewVehicleRegistration-2022-08.pdf
ZAF,2021-08,shared,trucks,MP,200,vehicles,NewVehicleRegistration-2022-08.pdf
ZAF,2021-08,shared,trucks,NC,18,vehicles,NewVehicleRegistration-2022-08.pdf
ZAF,2021-08,shared,trucks,NW,78,vehicles,NewVehicleRegistration-2022-08.pdf
ZAF,2021-08,shared,trucks,WC,163,vehicles,NewVehicleRegistration-2022-08.pdf
ZAF,2021-08,shared,trucks,ZAF,1815,vehicles,NewVehicleRegistration-2022-08.pdf
ZAF,2021-09,shared,buses,EC,7,vehicles,NewVehicleRegistration-2022-09.pdf
ZAF,2021-09,shared,buses,FS,7,vehicles,NewVehicleRegistration-2022-09.pdf
ZAF,2021-09,shared,buses,GP,52,vehicles,NewVehicleRegistration-2022-09.pdf
ZAF,2021-09,shared,buses,KZN,35,vehicles,NewVehicleRegistration-2022-09.pdf
ZAF,2021-09,shared,buses,LP,8,vehicles,NewVehicleRegistration-2022-09.pdf
ZAF,2021-09,shared,buses,MP,34,vehicles,NewVehicleRegistration-2022-09.pdf
ZAF,2021-09,shared,buses,NC,2,vehicles,NewVehicleRegistration-2022-09.pdf
ZAF,2021-09,shared,buses,NW,3,vehicles,NewVehicleRegistration-2022-09.pdf
ZAF,2021-09,shared,buses,WC,14,vehicles,NewVehicleRegistration-2022-09.pdf
ZAF,2021-09,shared,buses,ZAF,162,vehicles,NewVehicleRegistration-2022-09.pdf
ZAF,2021-09,shared,cars,EC,1494,vehicles,NewVehicleRegistration-2022-09.pdf
ZAF,2021-09,shared,cars,FS,651,vehicles,NewVehicleRegistration-2022-09.pdf
ZAF,2021-09,shared,cars,GP,14739,vehicles,NewVehicleRegistration-2022-09.pdf
ZAF,2021-09,shared,cars,KZN,4650,vehicles,NewVehicleRegistration-2022-09.pdf
ZAF,2021-09,shared,cars,LP,878,vehicles,NewVehicleRegistration-2022-09.pdf
ZAF,2021-09,shared,cars,MP,1156,vehicles,NewVehicleRegistration-2022-09.pdf
ZAF,2021-09,shared,cars,NC,284,vehicles,NewVehicleRegistration-2022-09.pdf
ZAF,2021-09,shared,cars,NW,861,vehicles,NewVehicleRegistration-2022-09.pdf
ZAF,2021-09,shared,cars,WC,3098,vehicles,NewVehicleRegistration-2022-09.pdf
ZAF,2021-09,shared,cars,ZAF,27811,vehicles,NewVehicleRegistration-2022-09.pdf
ZAF,2021-09,shared,light_commercial,EC,488,vehicles,NewVehicleRegistration-2022-09.pdf
ZAF,2021-09,shared,light_commercial,FS,337,vehicles,NewVehicleRegistration-2022-09.pdf
ZAF,2021-09,shared,light_commercial,GP,3552,vehicles,NewVehicleRegistration-2022-09.pdf
ZAF,2021-09,shared,light_commercial,KZN,1399,vehicles,NewVehicleRegistration-2022-09.pdf
ZAF,2021-09,shared,light_commercial,LP,508,vehicles,NewVehicleRegistration-2022-09.pdf
ZAF,2021-09,shared,light_commercial,MP,622,vehicles,NewVehicleRegistration-2022-09.pdf
ZAF,2021-09,shared,light_commercial,NC,183,vehicles,NewVehicleRegistration-2022-09.pdf
ZAF,2021-09,shared,light_commercial,NW,443,vehicles,NewVehicleRegistration-2022-09.pdf
ZAF,2021-09,shared,light_commercial,WC,818,vehicles,NewVehicleRegistration-2022-09.pdf
ZAF,2021-09,shared,light_commercial,ZAF,8350,vehicles,NewVehicleRegistration-2022-09.pdf
ZAF,2021-09,shared,minibuses,EC,156,vehicles,NewVehicleRegistration-2022-09.pdf
ZAF,2021-09,shared,minibuses,FS,31,vehicles,NewVehicleRegistration-2022-09.pdf
ZAF,2021-09,shared,minibuses,GP,767,vehicles,NewVehicleRegistration-2022-09.pdf
ZAF,2021-09,shared,minibuses,KZN,262,vehicles,NewVehicleRegistration-2022-09.pdf
ZAF,2021-09,shared,minibuses,LP,125,vehicles,NewVehicleRegistration-2022-09.pdf
ZAF,2021-09,shared,minibuses,MP,142,vehicles,NewVehicleRegistration-2022-09.pdf
ZAF,2021-09,shared,minibuses,NC,33,vehicles,NewVehicleRegistration-2022-09.pdf
ZAF,2021-09,shared,minibuses,NW,96,vehicles,NewVehicleRegistration-2022-09.pdf
ZAF,2021-09,shared,minibuses,WC,175,vehicles,NewVehicleRegistration-2022-09.pdf
ZAF,2021-09,shared,minibuses,ZAF,1787,vehicles,NewVehicleRegistration-2022-09.pdf
ZAF,2021-09,shared,motorcycles,EC,37,vehicles,NewVehicleRegistration-2022-09.pdf
ZAF,2021-09,shared,motorcycles,FS,43,vehicles,NewVehicleRegistration-2022-09.pdf
ZAF,2021-09,shared,motorcycles,GP,890,vehicles,NewVehicleRegistration-2022-09.pdf
ZAF,2021-09,shared,motorcycles,KZN,165,vehicles,NewVehicleRegistration-2022-09.pdf
ZAF,2021-09,shared,motorcycles,LP,34,vehicles,NewVehicleRegistration-2022-09.pdf
ZAF,2021-09,shared,motorcycles,MP,51,vehicles,NewVehicleRegistration-2022-09.pdf
ZAF,2021-09,shared,motorcycles,NC,11,vehicles,NewVehicleRegistration-2022-09.pdf
ZAF,2021-09,shared,motorcycles,NW,43,vehicles,NewVehicleRegistration-2022-09.pdf
ZAF,2021-09,shared,motorcycles,WC,302,vehicles,NewVehicleRegistration-2022-09.pdf
ZAF,2021-09,shared,motorcycles,ZAF,1576,vehicles,NewVehicleRegistration-2022-09.pdf
ZAF,2021-09,shared,other_self_propelled,EC,86,vehicles,NewVehicleRegistration-2022-09.pdf
ZAF,2021-09,shared,other_self_propelled,FS,104,vehicles,NewVehicleRegistration-2022-09.pdf
ZAF,2021-09,shared,other_self_propelled,GP,186,vehicles,NewVehicleRegistration-2022-09.pdf
ZAF,2021-09,shared,other_self_propelled,KZN,106,vehicles,NewVehicleRegistration-2022-09.pdf
ZAF,2021-09,shared,other_self_propelled,LP,35,vehicles,NewVehicleRegistration-2022-09.pdf
ZAF,2021-09,shared,other_self_propelled,MP,76,vehicles,NewVehicleRegistration-2022-09.pdf
ZAF,2021-09,shared,other_self_propelled,NC,29,vehicles,NewVehicleRegistration-2022-09.pdf
ZAF,2021-09,shared,other_self_propelled,NW,73,vehicles,NewVehicleRegistration-2022-09.pdf
ZAF,2021-09,shared,other_self_propelled,WC,118,vehicles,NewVehicleRegistration-2022-09.pdf
ZAF,2021-09,shared,other_self_propelled,ZAF,813,vehicles,NewVehicleRegistration-2022-09.pdf
ZAF,2021-09,shared,total_self_propelled,EC,2377,vehicles,NewVehicleRegistration-2022-09.pdf
ZAF,2021-09,shared,total_self_propelled,FS,1314,vehicles,NewVehicleRegistration-2022-09.pdf
ZAF,2021-09,shared,total_self_propelled,GP,20903,vehicles,NewVehicleRegistration-2022-09.pdf
ZAF,2021-09,shared,total_self_propelled,KZN,6926,vehicles,NewVehicleRegistration-2022-09.pdf
ZAF,2021-09,shared,total_self_propelled,LP,1724,vehicles,NewVehicleRegistration-2022-09.pdf
ZAF,2021-09,shared,total_self_propelled,MP,2310,vehicles,NewVehicleRegistration-2022-09.pdf
ZAF,2021-09,shared,total_self_propelled,NC,575,vehicles,NewVehicleRegistration-2022-09.pdf
ZAF,2021-09,shared,total_self_propelled,NW,1619,vehicles,NewVehicleRegistration-2022-09.pdf
ZAF,2021-09,shared,total_self_propelled,WC,4719,vehicles,NewVehicleRegistration-2022-09.pdf
ZAF,2021-09,shared,total_self_propelled,ZAF,42467,vehicles,NewVehicleRegistration-2022-09.pdf
ZAF,2021-09,shared,trucks,EC,109,vehicles,NewVehicleRegistration-2022-09.pdf
ZAF,2021-09,shared,trucks,FS,141,vehicles,NewVehicleRegistration-2022-09.pdf
ZAF,2021-09,shared,trucks,GP,717,vehicles,NewVehicleRegistration-2022-09.pdf
ZAF,2021-09,shared,trucks,KZN,309,vehicles,NewVehicleRegistration-2022-09.pdf
ZAF,2021-09,shared,trucks,LP,136,vehicles,NewVehicleRegistration-2022-09.pdf
ZAF,2021-09,shared,trucks,MP,229,vehicles,NewVehicleRegistration-2022-09.pdf
ZAF,2021-09,shared,trucks,NC,33,vehicles,NewVehicleRegistration-2022-09.pdf
ZAF,2021-09,shared,trucks,NW,100,vehicles,NewVehicleRegistration-2022-09.pdf
ZAF,2021-09,shared,trucks,WC,194,vehicles,NewVehicleRegistration-2022-09.pdf
ZAF,2021-09,shared,trucks,ZAF,1968,vehicles,NewVehicleRegistration-2022-09.pdf
ZAF,2021-10,shared,buses,EC,13,vehicles,NewVehicleRegistration-2022-10.pdf
ZAF,2021-10,shared,buses,FS,3,vehicles,NewVehicleRegistration-2022-10.pdf
ZAF,2021-10,shared,buses,GP,50,vehicles,NewVehicleRegistration-2022-10.pdf
ZAF,2021-10,shared,buses,KZN,42,vehicles,NewVehicleRegistration-2022-10.pdf
ZAF,2021-10,shared,buses,LP,7,vehicles,NewVehicleRegistration-2022-10.pdf
ZAF,2021-10,shared,buses,MP,21,vehicles,NewVehicleRegistration-2022-10.pdf
ZAF,2021-10,shared,buses,NC,4,vehicles,NewVehicleRegistration-2022-10.pdf
ZAF,2021-10,shared,buses,NW,6,vehicles,NewVehicleRegistration-2022-10.pdf
ZAF,2021-10,shared,buses,WC,17,vehicles,NewVehicleRegistration-2022-10.pdf
ZAF,2021-10,shared,buses,ZAF,163,vehicles,NewVehicleRegistration-2022-10.pdf
ZAF,2021-10,shared,cars,EC,1393,vehicles,NewVehicleRegistration-2022-10.pdf
ZAF,2021-10,shared,cars,FS,685,vehicles,NewVehicleRegistration-2022-10.pdf
ZAF,2021-10,shared,cars,GP,13100,vehicles,NewVehicleRegistration-2022-10.pdf
ZAF,2021-10,shared,cars,KZN,4830,vehicles,NewVehicleRegistration-2022-10.pdf
ZAF,2021-10,shared,cars,LP,856,vehicles,NewVehicleRegistration-2022-10.pdf
ZAF,2021-10,shared,cars,MP,1109,vehicles,NewVehicleRegistration-2022-10.pdf
ZAF,2021-10,shared,cars,NC,284,vehicles,NewVehicleRegistration-2022-10.pdf
ZAF,2021-10,shared,cars,NW,812,vehicles,NewVehicleRegistration-2022-10.pdf
ZAF,2021-10,shared,cars,WC,3001,vehicles,NewVehicleRegistration-2022-10.pdf
ZAF,2021-10,shared,cars,ZAF,26070,vehicles,NewVehicleRegistration-2022-10.pdf
ZAF,2021-10,shared,light_commercial,EC,551,vehicles,NewVehicleRegistration-2022-10.pdf
ZAF,2021-10,shared,light_commercial,FS,432,vehicles,NewVehicleRegistration-2022-10.pdf
ZAF,2021-10,shared,light_commercial,GP,3330,vehicles,NewVehicleRegistration-2022-10.pdf
ZAF,2021-10,shared,light_commercial,KZN,1427,vehicles,NewVehicleRegistration-2022-10.pdf
ZAF,2021-10,shared,light_commercial,LP,498,vehicles,NewVehicleRegistration-2022-10.pdf
ZAF,2021-10,shared,light_commercial,MP,637,vehicles,NewVehicleRegistration-2022-10.pdf
ZAF,2021-10,shared,light_commercial,NC,166,vehicles,NewVehicleRegistration-2022-10.pdf
ZAF,2021-10,shared,light_commercial,NW,369,vehicles,NewVehicleRegistration-2022-10.pdf
ZAF,2021-10,shared,light_commercial,WC,789,vehicles,NewVehicleRegistration-2022-10.pdf
ZAF,2021-10,shared,light_commercial,ZAF,8199,vehicles,NewVehicleRegistration-2022-10.pdf
ZAF,2021-10,shared,minibuses,EC,144,vehicles,NewVehicleRegistration-2022-10.pdf
ZAF,2021-10,shared,minibuses,FS,47,vehicles,NewVehicleRegistration-2022-10.pdf
ZAF,2021-10,shared,minibuses,GP,735,vehicles,NewVehicleRegistration-2022-10.pdf
ZAF,2021-10,shared,minibuses,KZN,282,vehicles,NewVehicleRegistration-2022-10.pdf
ZAF,2021-10,shared,minibuses,LP,125,vehicles,NewVehicleRegistration-2022-10.pdf
ZAF,2021-10,shared,minibuses,MP,140,vehicles,NewVehicleRegistration-2022-10.pdf
ZAF,2021-10,shared,minibuses,NC,42,vehicles,NewVehicleRegistration-2022-10.pdf
ZAF,2021-10,shared,minibuses,NW,73,vehicles,NewVehicleRegistration-2022-10.pdf
ZAF,2021-10,shared,minibuses,WC,161,vehicles,NewVehicleRegistration-2022-10.pdf
ZAF,2021-10,shared,minibuses,ZAF,1749,vehicles,NewVehicleRegistration-2022-10.pdf
ZAF,2021-10,shared,motorcycles,EC,57,vehicles,NewVehicleRegistration-2022-10.pdf
ZAF,2021-10,shared,motorcycles,FS,61,vehicles,NewVehicleRegistration-2022-10.pdf
ZAF,2021-10,shared,motorcycles,GP,828,vehicles,NewVehicleRegistration-2022-10.pdf
ZAF,2021-10,shared,motorcycles,KZN,236,vehicles,NewVehicleRegistration-2022-10.pdf
ZAF,2021-10,shared,motorcycles,LP,28,vehicles,NewVehicleRegistration-2022-10.pdf
ZAF,2021-10,shared,motorcycles,MP,69,vehicles,NewVehicleRegistration-2022-10.pdf
ZAF,2021-10,shared,motorcycles,NC,26,vehicles,NewVehicleRegistration-2022-10.pdf
ZAF,2021-10,shared,motorcycles,NW,50,vehicles,NewVehicleRegistration-2022-10.pdf
ZAF,2021-10,shared,motorcycles,WC,329,vehicles,NewVehicleRegistration-2022-10.pdf
ZAF,2021-10,shared,motorcycles,ZAF,1684,vehicles,NewVehicleRegistration-2022-10.pdf
ZAF,2021-10,shared,other_self_propelled,EC,62,vehicles,NewVehicleRegistration-2022-10.pdf
ZAF,2021-10,shared,other_self_propelled,FS,117,vehicles,NewVehicleRegistration-2022-10.pdf
ZAF,2021-10,shared,other_self_propelled,GP,104,vehicles,NewVehicleRegistration-2022-10.pdf
ZAF,2021-10,shared,other_self_propelled,KZN,86,vehicles,NewVehicleRegistration-2022-10.pdf
ZAF,2021-10,shared,other_self_propelled,LP,57,vehicles,NewVehicleRegistration-2022-10.pdf
ZAF,2021-10,shared,other_self_propelled,MP,75,vehicles,NewVehicleRegistration-2022-10.pdf
ZAF,2021-10,shared,other_self_propelled,NC,32,vehicles,NewVehicleRegistration-2022-10.pdf
ZAF,2021-10,shared,other_self_propelled,NW,71,vehicles,NewVehicleRegistration-2022-10.pdf
ZAF,2021-10,shared,other_self_propelled,WC,133,vehicles,NewVehicleRegistration-2022-10.pdf
ZAF,2021-10,shared,other_self_propelled,ZAF,737,vehicles,NewVehicleRegistration-2022-10.pdf
ZAF,2021-10,shared,total_self_propelled,EC,2321,vehicles,NewVehicleRegistration-2022-10.pdf
ZAF,2021-10,shared,total_self_propelled,FS,1511,vehicles,NewVehicleRegistration-2022-10.pdf
ZAF,2021-10,shared,total_self_propelled,GP,18881,vehicles,NewVehicleRegistration-2022-10.pdf
ZAF,2021-10,shared,total_self_propelled,KZN,7178,vehicles,NewVehicleRegistration-2022-10.pdf
ZAF,2021-10,shared,total_self_propelled,LP,1674,vehicles,NewVehicleRegistration-2022-10.pdf
ZAF,2021-10,shared,total_self_propelled,MP,2339,vehicles,NewVehicleRegistration-2022-10.pdf
ZAF,2021-10,shared,total_self_propelled,NC,593,vehicles,NewVehicleRegistration-2022-10.pdf
ZAF,2021-10,shared,total_self_propelled,NW,1449,vehicles,NewVehicleRegistration-2022-10.pdf
ZAF,2021-10,shared,total_self_propelled,WC,4621,vehicles,NewVehicleRegistration-2022-10.pdf
ZAF,2021-10,shared,total_self_propelled,ZAF,40567,vehicles,NewVehicleRegistration-2022-10.pdf
ZAF,2021-10,shared,trucks,EC,101,vehicles,NewVehicleRegistration-2022-10.pdf
ZAF,2021-10,shared,trucks,FS,166,vehicles,NewVehicleRegistration-2022-10.pdf
ZAF,2021-10,shared,trucks,GP,734,vehicles,NewVehicleRegistration-2022-10.pdf
ZAF,2021-10,shared,trucks,KZN,275,vehicles,NewVehicleRegistration-2022-10.pdf
ZAF,2021-10,shared,trucks,LP,103,vehicles,NewVehicleRegistration-2022-10.pdf
ZAF,2021-10,shared,trucks,MP,288,vehicles,NewVehicleRegistration-2022-10.pdf
ZAF,2021-10,shared,trucks,NC,39,vehicles,NewVehicleRegistration-2022-10.pdf
ZAF,2021-10,shared,trucks,NW,68,vehicles,NewVehicleRegistration-2022-10.pdf
ZAF,2021-10,shared,trucks,WC,191,vehicles,NewVehicleRegistration-2022-10.pdf
ZAF,2021-10,shared,trucks,ZAF,1965,vehicles,NewVehicleRegistration-2022-10.pdf
ZAF,2021-11,shared,buses,EC,11,vehicles,NewVehicleRegistration-2022-11.pdf
ZAF,2021-11,shared,buses,FS,4,vehicles,NewVehicleRegistration-2022-11.pdf
ZAF,2021-11,shared,buses,GP,55,vehicles,NewVehicleRegistration-2022-11.pdf
ZAF,2021-11,shared,buses,KZN,20,vehicles,NewVehicleRegistration-2022-11.pdf
ZAF,2021-11,shared,buses,LP,5,vehicles,NewVehicleRegistration-2022-11.pdf
ZAF,2021-11,shared,buses,MP,19,vehicles,NewVehicleRegistration-2022-11.pdf
ZAF,2021-11,shared,buses,NC,3,vehicles,NewVehicleRegistration-2022-11.pdf
ZAF,2021-11,shared,buses,NW,17,vehicles,NewVehicleRegistration-2022-11.pdf
ZAF,2021-11,shared,buses,WC,5,vehicles,NewVehicleRegistration-2022-11.pdf
ZAF,2021-11,shared,buses,ZAF,139,vehicles,NewVehicleRegistration-2022-11.pdf
ZAF,2021-11,shared,cars,EC,1176,vehicles,NewVehicleRegistration-2022-11.pdf
ZAF,2021-11,shared,cars,FS,652,vehicles,NewVehicleRegistration-2022-11.pdf
ZAF,2021-11,shared,cars,GP,12279,vehicles,NewVehicleRegistration-2022-11.pdf
ZAF,2021-11,shared,cars,KZN,4052,vehicles,NewVehicleRegistration-2022-11.pdf
ZAF,2021-11,shared,cars,LP,747,vehicles,NewVehicleRegistration-2022-11.pdf
ZAF,2021-11,shared,cars,MP,964,vehicles,NewVehicleRegistration-2022-11.pdf
ZAF,2021-11,shared,cars,NC,263,vehicles,NewVehicleRegistration-2022-11.pdf
ZAF,2021-11,shared,cars,NW,771,vehicles,NewVehicleRegistration-2022-11.pdf
ZAF,2021-11,shared,cars,WC,3103,vehicles,NewVehicleRegistration-2022-11.pdf
ZAF,2021-11,shared,cars,ZAF,24007,vehicles,NewVehicleRegistration-2022-11.pdf
ZAF,2021-11,shared,light_commercial,EC,501,vehicles,NewVehicleRegistration-2022-11.pdf
ZAF,2021-11,shared,light_commercial,FS,302,vehicles,NewVehicleRegistration-2022-11.pdf
ZAF,2021-11,shared,light_commercial,GP,3080,vehicles,NewVehicleRegistration-2022-11.pdf
ZAF,2021-11,shared,light_commercial,KZN,1248,vehicles,NewVehicleRegistration-2022-11.pdf
ZAF,2021-11,shared,light_commercial,LP,386,vehicles,NewVehicleRegistration-2022-11.pdf
ZAF,2021-11,shared,light_commercial,MP,500,vehicles,NewVehicleRegistration-2022-11.pdf
ZAF,2021-11,shared,light_commercial,NC,178,vehicles,NewVehicleRegistration-2022-11.pdf
ZAF,2021-11,shared,light_commercial,NW,353,vehicles,NewVehicleRegistration-2022-11.pdf
ZAF,2021-11,shared,light_commercial,WC,760,vehicles,NewVehicleRegistration-2022-11.pdf
ZAF,2021-11,shared,light_commercial,ZAF,7308,vehicles,NewVehicleRegistration-2022-11.pdf
ZAF,2021-11,shared,minibuses,EC,191,vehicles,NewVehicleRegistration-2022-11.pdf
ZAF,2021-11,shared,minibuses,FS,44,vehicles,NewVehicleRegistration-2022-11.pdf
ZAF,2021-11,shared,minibuses,GP,1014,vehicles,NewVehicleRegistration-2022-11.pdf
ZAF,2021-11,shared,minibuses,KZN,345,vehicles,NewVehicleRegistration-2022-11.pdf
ZAF,2021-11,shared,minibuses,LP,153,vehicles,NewVehicleRegistration-2022-11.pdf
ZAF,2021-11,shared,minibuses,MP,139,vehicles,NewVehicleRegistration-2022-11.pdf
ZAF,2021-11,shared,minibuses,NC,29,vehicles,NewVehicleRegistration-2022-11.pdf
ZAF,2021-11,shared,minibuses,NW,83,vehicles,NewVehicleRegistration-2022-11.pdf
ZAF,2021-11,shared,minibuses,WC,177,vehicles,NewVehicleRegistration-2022-11.pdf
ZAF,2021-11,shared,minibuses,ZAF,2175,vehicles,NewVehicleRegistration-2022-11.pdf
ZAF,2021-11,shared,motorcycles,EC,69,vehicles,NewVehicleRegistration-2022-11.pdf
ZAF,2021-11,shared,motorcycles,FS,51,vehicles,NewVehicleRegistration-2022-11.pdf
ZAF,2021-11,shared,motorcycles,GP,1045,vehicles,NewVehicleRegistration-2022-11.pdf
ZAF,2021-11,shared,motorcycles,KZN,209,vehicles,NewVehicleRegistration-2022-11.pdf
ZAF,2021-11,shared,motorcycles,LP,22,vehicles,NewVehicleRegistration-2022-11.pdf
ZAF,2021-11,shared,motorcycles,MP,36,vehicles,NewVehicleRegistration-2022-11.pdf
ZAF,2021-11,shared,motorcycles,NC,24,vehicles,NewVehicleRegistration-2022-11.pdf
ZAF,2021-11,shared,motorcycles,NW,40,vehicles,NewVehicleRegistration-2022-11.pdf
ZAF,2021-11,shared,motorcycles,WC,272,vehicles,NewVehicleRegistration-2022-11.pdf
ZAF,2021-11,shared,motorcycles,ZAF,1768,vehicles,NewVehicleRegistration-2022-11.pdf
ZAF,2021-11,shared,other_self_propelled,EC,43,vehicles,NewVehicleRegistration-2022-11.pdf
ZAF,2021-11,shared,other_self_propelled,FS,125,vehicles,NewVehicleRegistration-2022-11.pdf
ZAF,2021-11,shared,other_self_propelled,GP,151,vehicles,NewVehicleRegistration-2022-11.pdf
ZAF,2021-11,shared,other_self_propelled,KZN,95,vehicles,NewVehicleRegistration-2022-11.pdf
ZAF,2021-11,shared,other_self_propelled,LP,29,vehicles,NewVehicleRegistration-2022-11.pdf
ZAF,2021-11,shared,other_self_propelled,MP,92,vehicles,NewVehicleRegistration-2022-11.pdf
ZAF,2021-11,shared,other_self_propelled,NC,12,vehicles,NewVehicleRegistration-2022-11.pdf
ZAF,2021-11,shared,other_self_propelled,NW,52,vehicles,NewVehicleRegistration-2022-11.pdf
ZAF,2021-11,shared,other_self_propelled,WC,99,vehicles,NewVehicleRegistration-2022-11.pdf
ZAF,2021-11,shared,other_self_propelled,ZAF,698,vehicles,NewVehicleRegistration-2022-11.pdf
ZAF,2021-11,shared,total_self_propelled,EC,2067,vehicles,NewVehicleRegistration-2022-11.pdf
ZAF,2021-11,shared,total_self_propelled,FS,1338,vehicles,NewVehicleRegistration-2022-11.pdf
ZAF,2021-11,shared,total_self_propelled,GP,18301,vehicles,NewVehicleRegistration-2022-11.pdf
ZAF,2021-11,shared,total_self_propelled,KZN,6252,vehicles,NewVehicleRegistration-2022-11.pdf
ZAF,2021-11,shared,total_self_propelled,LP,1461,vehicles,NewVehicleRegistration-2022-11.pdf
ZAF,2021-11,shared,total_self_propelled,MP,2020,vehicles,NewVehicleRegistration-2022-11.pdf
ZAF,2021-11,shared,total_self_propelled,NC,537,vehicles,NewVehicleRegistration-2022-11.pdf
ZAF,2021-11,shared,total_self_propelled,NW,1377,vehicles,NewVehicleRegistration-2022-11.pdf
ZAF,2021-11,shared,total_self_propelled,WC,4645,vehicles,NewVehicleRegistration-2022-11.pdf
ZAF,2021-11,shared,total_self_propelled,ZAF,37998,vehicles,NewVehicleRegistration-2022-11.pdf
ZAF,2021-11,shared,trucks,EC,76,vehicles,NewVehicleRegistration-2022-11.pdf
ZAF,2021-11,shared,trucks,FS,160,vehicles,NewVehicleRegistration-2022-11.pdf
ZAF,2021-11,shared,trucks,GP,677,vehicles,NewVehicleRegistration-2022-11.pdf
ZAF,2021-11,shared,trucks,KZN,283,vehicles,NewVehicleRegistration-2022-11.pdf
ZAF,2021-11,shared,trucks,LP,119,vehicles,NewVehicleRegistration-2022-11.pdf
ZAF,2021-11,shared,trucks,MP,270,vehicles,NewVehicleRegistration-2022-11.pdf
ZAF,2021-11,shared,trucks,NC,28,vehicles,NewVehicleRegistration-2022-11.pdf
ZAF,2021-11,shared,trucks,NW,61,vehicles,NewVehicleRegistration-2022-11.pdf
ZAF,2021-11,shared,trucks,WC,229,vehicles,NewVehicleRegistration-2022-11.pdf
ZAF,2021-11,shared,trucks,ZAF,1903,vehicles,NewVehicleRegistration-2022-11.pdf
ZAF,2021-12,shared,buses,EC,7,vehicles,NewVehicleRegistration-2022-12.pdf
ZAF,2021-12,shared,buses,FS,1,vehicles,NewVehicleRegistration-2022-12.pdf
ZAF,2021-12,shared,buses,GP,46,vehicles,NewVehicleRegistration-2022-12.pdf
ZAF,2021-12,shared,buses,KZN,20,vehicles,NewVehicleRegistration-2022-12.pdf
ZAF,2021-12,shared,buses,LP,12,vehicles,NewVehicleRegistration-2022-12.pdf
ZAF,2021-12,shared,buses,MP,5,vehicles,NewVehicleRegistration-2022-12.pdf
ZAF,2021-12,shared,buses,NC,4,vehicles,NewVehicleRegistration-2022-12.pdf
ZAF,2021-12,shared,buses,NW,5,vehicles,NewVehicleRegistration-2022-12.pdf
ZAF,2021-12,shared,buses,WC,14,vehicles,NewVehicleRegistration-2022-12.pdf
ZAF,2021-12,shared,buses,ZAF,114,vehicles,NewVehicleRegistration-2022-12.pdf
ZAF,2021-12,shared,cars,EC,762,vehicles,NewVehicleRegistration-2022-12.pdf
ZAF,2021-12,shared,cars,FS,347,vehicles,NewVehicleRegistration-2022-12.pdf
ZAF,2021-12,shared,cars,GP,6404,vehicles,NewVehicleRegistration-2022-12.pdf
ZAF,2021-12,shared,cars,KZN,2449,vehicles,NewVehicleRegistration-2022-12.pdf
ZAF,2021-12,shared,cars,LP,693,vehicles,NewVehicleRegistration-2022-12.pdf
ZAF,2021-12,shared,cars,MP,698,vehicles,NewVehicleRegistration-2022-12.pdf
ZAF,2021-12,shared,cars,NC,157,vehicles,NewVehicleRegistration-2022-12.pdf
ZAF,2021-12,shared,cars,NW,491,vehicles,NewVehicleRegistration-2022-12.pdf
ZAF,2021-12,shared,cars,WC,2056,vehicles,NewVehicleRegistration-2022-12.pdf
ZAF,2021-12,shared,cars,ZAF,14057,vehicles,NewVehicleRegistration-2022-12.pdf
ZAF,2021-12,shared,light_commercial,EC,257,vehicles,NewVehicleRegistration-2022-12.pdf
ZAF,2021-12,shared,light_commercial,FS,171,vehicles,NewVehicleRegistration-2022-12.pdf
ZAF,2021-12,shared,light_commercial,GP,1533,vehicles,NewVehicleRegistration-2022-12.pdf
ZAF,2021-12,shared,light_commercial,KZN,773,vehicles,NewVehicleRegistration-2022-12.pdf
ZAF,2021-12,shared,light_commercial,LP,379,vehicles,NewVehicleRegistration-2022-12.pdf
ZAF,2021-12,shared,light_commercial,MP,410,vehicles,NewVehicleRegistration-2022-12.pdf
ZAF,2021-12,shared,light_commercial,NC,131,vehicles,NewVehicleRegistration-2022-12.pdf
ZAF,2021-12,shared,light_commercial,NW,258,vehicles,NewVehicleRegistration-2022-12.pdf
ZAF,2021-12,shared,light_commercial,WC,483,vehicles,NewVehicleRegistration-2022-12.pdf
ZAF,2021-12,shared,light_commercial,ZAF,4395,vehicles,NewVehicleRegistration-2022-12.pdf
ZAF,2021-12,shared,minibuses,EC,112,vehicles,NewVehicleRegistration-2022-12.pdf
ZAF,2021-12,shared,minibuses,FS,33,vehicles,NewVehicleRegistration-2022-12.pdf
ZAF,2021-12,shared,minibuses,GP,404,vehicles,NewVehicleRegistration-2022-12.pdf
ZAF,2021-12,shared,minibuses,KZN,242,vehicles,NewVehicleRegistration-2022-12.pdf
ZAF,2021-12,shared,minibuses,LP,128,vehicles,NewVehicleRegistration-2022-12.pdf
ZAF,2021-12,shared,minibuses,MP,110,vehicles,NewVehicleRegistration-2022-12.pdf
ZAF,2021-12,shared,minibuses,NC,19,vehicles,NewVehicleRegistration-2022-12.pdf
ZAF,2021-12,shared,minibuses,NW,61,vehicles,NewVehicleRegistration-2022-12.pdf
ZAF,2021-12,shared,minibuses,WC,137,vehicles,NewVehicleRegistration-2022-12.pdf
ZAF,2021-12,shared,minibuses,ZAF,1246,vehicles,NewVehicleRegistration-2022-12.pdf
ZAF,2021-12,shared,motorcycles,EC,39,vehicles,NewVehicleRegistration-2022-12.pdf
ZAF,2021-12,shared,motorcycles,FS,33,vehicles,NewVehicleRegistration-2022-12.pdf
ZAF,2021-12,shared,motorcycles,GP,581,vehicles,NewVehicleRegistration-2022-12.pdf
ZAF,2021-12,shared,motorcycles,KZN,233,vehicles,NewVehicleRegistration-2022-12.pdf
ZAF,2021-12,shared,motorcycles,LP,21,vehicles,NewVehicleRegistration-2022-12.pdf
ZAF,2021-12,shared,motorcycles,MP,39,vehicles,NewVehicleRegistration-2022-12.pdf
ZAF,2021-12,shared,motorcycles,NC,16,vehicles,NewVehicleRegistration-2022-12.pdf
ZAF,2021-12,shared,motorcycles,NW,23,vehicles,NewVehicleRegistration-2022-12.pdf
ZAF,2021-12,shared,motorcycles,WC,275,vehicles,NewVehicleRegistration-2022-12.pdf
ZAF,2021-12,shared,motorcycles,ZAF,1260,vehicles,NewVehicleRegistration-2022-12.pdf
ZAF,2021-12,shared,other_self_propelled,EC,20,vehicles,NewVehicleRegistration-2022-12.pdf
ZAF,2021-12,shared,other_self_propelled,FS,50,vehicles,NewVehicleRegistration-2022-12.pdf
ZAF,2021-12,shared,other_self_propelled,GP,74,vehicles,NewVehicleRegistration-2022-12.pdf
ZAF,2021-12,shared,other_self_propelled,KZN,58,vehicles,NewVehicleRegistration-2022-12.pdf
ZAF,2021-12,shared,other_self_propelled,LP,26,vehicles,NewVehicleRegistration-2022-12.pdf
ZAF,2021-12,shared,other_self_propelled,MP,30,vehicles,NewVehicleRegistration-2022-12.pdf
ZAF,2021-12,shared,other_self_propelled,NC,45,vehicles,NewVehicleRegistration-2022-12.pdf
ZAF,2021-12,shared,other_self_propelled,NW,58,vehicles,NewVehicleRegistration-2022-12.pdf
ZAF,2021-12,shared,other_self_propelled,WC,75,vehicles,NewVehicleRegistration-2022-12.pdf
ZAF,2021-12,shared,other_self_propelled,ZAF,436,vehicles,NewVehicleRegistration-2022-12.pdf
ZAF,2021-12,shared,total_self_propelled,EC,1232,vehicles,NewVehicleRegistration-2022-12.pdf
ZAF,2021-12,shared,total_self_propelled,FS,715,vehicles,NewVehicleRegistration-2022-12.pdf
ZAF,2021-12,shared,total_self_propelled,GP,9546,vehicles,NewVehicleRegistration-2022-12.pdf
ZAF,2021-12,shared,total_self_propelled,KZN,3947,vehicles,NewVehicleRegistration-2022-12.pdf
ZAF,2021-12,shared,total_self_propelled,LP,1315,vehicles,NewVehicleRegistration-2022-12.pdf
ZAF,2021-12,shared,total_self_propelled,MP,1453,vehicles,NewVehicleRegistration-2022-12.pdf
ZAF,2021-12,shared,total_self_propelled,NC,393,vehicles,NewVehicleRegistration-2022-12.pdf
ZAF,2021-12,shared,total_self_propelled,NW,959,vehicles,NewVehicleRegistration-2022-12.pdf
ZAF,2021-12,shared,total_self_propelled,WC,3178,vehicles,NewVehicleRegistration-2022-12.pdf
ZAF,2021-12,shared,total_self_propelled,ZAF,22738,vehicles,NewVehicleRegistration-2022-12.pdf
ZAF,2021-12,shared,trucks,EC,35,vehicles,NewVehicleRegistration-2022-12.pdf
ZAF,2021-12,shared,trucks,FS,80,vehicles,NewVehicleRegistration-2022-12.pdf
ZAF,2021-12,shared,trucks,GP,504,vehicles,NewVehicleRegistration-2022-12.pdf
ZAF,2021-12,shared,trucks,KZN,172,vehicles,NewVehicleRegistration-2022-12.pdf
ZAF,2021-12,shared,trucks,LP,56,vehicles,NewVehicleRegistration-2022-12.pdf
ZAF,2021-12,shared,trucks,MP,161,vehicles,NewVehicleRegistration-2022-12.pdf
ZAF,2021-12,shared,trucks,NC,21,vehicles,NewVehicleRegistration-2022-12.pdf
ZAF,2021-12,shared,trucks,NW,63,vehicles,NewVehicleRegistration-2022-12.pdf
ZAF,2021-12,shared,trucks,WC,138,vehicles,NewVehicleRegistration-2022-12.pdf
ZAF,2021-12,shared,trucks,ZAF,1230,vehicles,NewVehicleRegistration-2022-12.pdf
ZAF,2022-01,shared,buses,EC,16,vehicles,NewVehicleRegistration-2023-01.pdf
ZAF,2022-01,shared,buses,FS,11,vehicles,NewVehicleRegistration-2023-01.pdf
ZAF,2022-01,shared,buses,GP,52,vehicles,NewVehicleRegistration-2023-01.pdf
ZAF,2022-01,shared,buses,KZN,37,vehicles,NewVehicleRegistration-2023-01.pdf
ZAF,2022-01,shared,buses,LP,7,vehicles,NewVehicleRegistration-2023-01.pdf
ZAF,2022-01,shared,buses,MP,13,vehicles,NewVehicleRegistration-2023-01.pdf
ZAF,2022-01,shared,buses,NC,3,vehicles,NewVehicleRegistration-2023-01.pdf
ZAF,2022-01,shared,buses,NW,30,vehicles,NewVehicleRegistration-2023-01.pdf
ZAF,2022-01,shared,buses,WC,15,vehicles,NewVehicleRegistration-2023-01.pdf
ZAF,2022-01,shared,buses,ZAF,184,vehicles,NewVehicleRegistration-2023-01.pdf
ZAF,2022-01,shared,cars,EC,2093,vehicles,NewVehicleRegistration-2023-01.pdf
ZAF,2022-01,shared,cars,FS,1187,vehicles,NewVehicleRegistration-2023-01.pdf
ZAF,2022-01,shared,cars,GP,21049,vehicles,NewVehicleRegistration-2023-01.pdf
ZAF,2022-01,shared,cars,KZN,7581,vehicles,NewVehicleRegistration-2023-01.pdf
ZAF,2022-01,shared,cars,LP,1379,vehicles,NewVehicleRegistration-2023-01.pdf
ZAF,2022-01,shared,cars,MP,1777,vehicles,NewVehicleRegistration-2023-01.pdf
ZAF,2022-01,shared,cars,NC,380,vehicles,NewVehicleRegistration-2023-01.pdf
ZAF,2022-01,shared,cars,NW,1449,vehicles,NewVehicleRegistration-2023-01.pdf
ZAF,2022-01,shared,cars,WC,5355,vehicles,NewVehicleRegistration-2023-01.pdf
ZAF,2022-01,shared,cars,ZAF,42250,vehicles,NewVehicleRegistration-2023-01.pdf
ZAF,2022-01,shared,light_commercial,EC,755,vehicles,NewVehicleRegistration-2023-01.pdf
ZAF,2022-01,shared,light_commercial,FS,569,vehicles,NewVehicleRegistration-2023-01.pdf
ZAF,2022-01,shared,light_commercial,GP,4715,vehicles,NewVehicleRegistration-2023-01.pdf
ZAF,2022-01,shared,light_commercial,KZN,1772,vehicles,NewVehicleRegistration-2023-01.pdf
ZAF,2022-01,shared,light_commercial,LP,671,vehicles,NewVehicleRegistration-2023-01.pdf
ZAF,2022-01,shared,light_commercial,MP,880,vehicles,NewVehicleRegistration-2023-01.pdf
ZAF,2022-01,shared,light_commercial,NC,265,vehicles,NewVehicleRegistration-2023-01.pdf
ZAF,2022-01,shared,light_commercial,NW,750,vehicles,NewVehicleRegistration-2023-01.pdf
ZAF,2022-01,shared,light_commercial,WC,1226,vehicles,NewVehicleRegistration-2023-01.pdf
ZAF,2022-01,shared,light_commercial,ZAF,11603,vehicles,NewVehicleRegistration-2023-01.pdf
ZAF,2022-01,shared,minibuses,EC,156,vehicles,NewVehicleRegistration-2023-01.pdf
ZAF,2022-01,shared,minibuses,FS,46,vehicles,NewVehicleRegistration-2023-01.pdf
ZAF,2022-01,shared,minibuses,GP,823,vehicles,NewVehicleRegistration-2023-01.pdf
ZAF,2022-01,shared,minibuses,KZN,273,vehicles,NewVehicleRegistration-2023-01.pdf
ZAF,2022-01,shared,minibuses,LP,110,vehicles,NewVehicleRegistration-2023-01.pdf
ZAF,2022-01,shared,minibuses,MP,138,vehicles,NewVehicleRegistration-2023-01.pdf
ZAF,2022-01,shared,minibuses,NC,24,vehicles,NewVehicleRegistration-2023-01.pdf
ZAF,2022-01,shared,minibuses,NW,86,vehicles,NewVehicleRegistration-2023-01.pdf
ZAF,2022-01,shared,minibuses,WC,149,vehicles,NewVehicleRegistration-2023-01.pdf
ZAF,2022-01,shared,minibuses,ZAF,1805,vehicles,NewVehicleRegistration-2023-01.pdf
ZAF,2022-01,shared,motorcycles,EC,82,vehicles,NewVehicleRegistration-2023-01.pdf
ZAF,2022-01,shared,motorcycles,FS,69,vehicles,NewVehicleRegistration-2023-01.pdf
ZAF,2022-01,shared,motorcycles,GP,1311,vehicles,NewVehicleRegistration-2023-01.pdf
ZAF,2022-01,shared,motorcycles,KZN,307,vehicles,NewVehicleRegistration-2023-01.pdf
ZAF,2022-01,shared,motorcycles,LP,26,vehicles,NewVehicleRegistration-2023-01.pdf
ZAF,2022-01,shared,motorcycles,MP,48,vehicles,NewVehicleRegistration-2023-01.pdf
ZAF,2022-01,shared,motorcycles,NC,13,vehicles,NewVehicleRegistration-2023-01.pdf
ZAF,2022-01,shared,motorcycles,NW,43,vehicles,NewVehicleRegistration-2023-01.pdf
ZAF,2022-01,shared,motorcycles,WC,381,vehicles,NewVehicleRegistration-2023-01.pdf
ZAF,2022-01,shared,motorcycles,ZAF,2280,vehicles,NewVehicleRegistration-2023-01.pdf
ZAF,2022-01,shared,other_self_propelled,EC,95,vehicles,NewVehicleRegistration-2023-01.pdf
ZAF,2022-01,shared,other_self_propelled,FS,121,vehicles,NewVehicleRegistration-2023-01.pdf
ZAF,2022-01,shared,other_self_propelled,GP,101,vehicles,NewVehicleRegistration-2023-01.pdf
ZAF,2022-01,shared,other_self_propelled,KZN,91,vehicles,NewVehicleRegistration-2023-01.pdf
ZAF,2022-01,shared,other_self_propelled,LP,51,vehicles,NewVehicleRegistration-2023-01.pdf
ZAF,2022-01,shared,other_self_propelled,MP,59,vehicles,NewVehicleRegistration-2023-01.pdf
ZAF,2022-01,shared,other_self_propelled,NC,31,vehicles,NewVehicleRegistration-2023-01.pdf
ZAF,2022-01,shared,other_self_propelled,NW,83,vehicles,NewVehicleRegistration-2023-01.pdf
ZAF,2022-01,shared,other_self_propelled,WC,83,vehicles,NewVehicleRegistration-2023-01.pdf
ZAF,2022-01,shared,other_self_propelled,ZAF,715,vehicles,NewVehicleRegistration-2023-01.pdf
ZAF,2022-01,shared,total_self_propelled,EC,3297,vehicles,NewVehicleRegistration-2023-01.pdf
ZAF,2022-01,shared,total_self_propelled,FS,2083,vehicles,NewVehicleRegistration-2023-01.pdf
ZAF,2022-01,shared,total_self_propelled,GP,28750,vehicles,NewVehicleRegistration-2023-01.pdf
ZAF,2022-01,shared,total_self_propelled,KZN,10329,vehicles,NewVehicleRegistration-2023-01.pdf
ZAF,2022-01,shared,total_self_propelled,LP,2306,vehicles,NewVehicleRegistration-2023-01.pdf
ZAF,2022-01,shared,total_self_propelled,MP,3070,vehicles,NewVehicleRegistration-2023-01.pdf
ZAF,2022-01,shared,total_self_propelled,NC,735,vehicles,NewVehicleRegistration-2023-01.pdf
ZAF,2022-01,shared,total_self_propelled,NW,2507,vehicles,NewVehicleRegistration-2023-01.pdf
ZAF,2022-01,shared,total_self_propelled,WC,7387,vehicles,NewVehicleRegistration-2023-01.pdf
ZAF,2022-01,shared,total_self_propelled,ZAF,60464,vehicles,NewVehicleRegistration-2023-01.pdf
ZAF,2022-01,shared,trucks,EC,100,vehicles,NewVehicleRegistration-2023-01.pdf
ZAF,2022-01,shared,trucks,FS,80,vehicles,NewVehicleRegistration-2023-01.pdf
ZAF,2022-01,shared,trucks,GP,699,vehicles,NewVehicleRegistration-2023-01.pdf
ZAF,2022-01,shared,trucks,KZN,268,vehicles,NewVehicleRegistration-2023-01.pdf
ZAF,2022-01,shared,trucks,LP,62,vehicles,NewVehicleRegistration-2023-01.pdf
ZAF,2022-01,shared,trucks,MP,155,vehicles,NewVehicleRegistration-2023-01.pdf
ZAF,2022-01,shared,trucks,NC,19,vehicles,NewVehicleRegistration-2023-01.pdf
ZAF,2022-01,shared,trucks,NW,66,vehicles,NewVehicleRegistration-2023-01.pdf
ZAF,2022-01,shared,trucks,WC,178,vehicles,NewVehicleRegistration-2023-01.pdf
ZAF,2022-01,shared,trucks,ZAF,1627,vehicles,NewVehicleRegistration-2023-01.pdf
ZAF,2022-02,shared,buses,EC,5,vehicles,NewVehicleRegistration-2023-02.pdf
ZAF,2022-02,shared,buses,FS,28,vehicles,NewVehicleRegistration-2023-02.pdf
ZAF,2022-02,shared,buses,GP,63,vehicles,NewVehicleRegistration-2023-02.pdf
ZAF,2022-02,shared,buses,KZN,18,vehicles,NewVehicleRegistration-2023-02.pdf
ZAF,2022-02,shared,buses,LP,8,vehicles,NewVehicleRegistration-2023-02.pdf
ZAF,2022-02,shared,buses,MP,20,vehicles,NewVehicleRegistration-2023-02.pdf
ZAF,2022-02,shared,buses,NC,7,vehicles,NewVehicleRegistration-2023-02.pdf
ZAF,2022-02,shared,buses,NW,4,vehicles,NewVehicleRegistration-2023-02.pdf
ZAF,2022-02,shared,buses,WC,13,vehicles,NewVehicleRegistration-2023-02.pdf
ZAF,2022-02,shared,buses,ZAF,166,vehicles,NewVehicleRegistration-2023-02.pdf
ZAF,2022-02,shared,cars,EC,1344,vehicles,NewVehicleRegistration-2023-02.pdf
ZAF,2022-02,shared,cars,FS,780,vehicles,NewVehicleRegistration-2023-02.pdf
ZAF,2022-02,shared,cars,GP,14454,vehicles,NewVehicleRegistration-2023-02.pdf
ZAF,2022-02,shared,cars,KZN,5319,vehicles,NewVehicleRegistration-2023-02.pdf
ZAF,2022-02,shared,cars,LP,935,vehicles,NewVehicleRegistration-2023-02.pdf
ZAF,2022-02,shared,cars,MP,1178,vehicles,NewVehicleRegistration-2023-02.pdf
ZAF,2022-02,shared,cars,NC,277,vehicles,NewVehicleRegistration-2023-02.pdf
ZAF,2022-02,shared,cars,NW,903,vehicles,NewVehicleRegistration-2023-02.pdf
ZAF,2022-02,shared,cars,WC,3724,vehicles,NewVehicleRegistration-2023-02.pdf
ZAF,2022-02,shared,cars,ZAF,28914,vehicles,NewVehicleRegistration-2023-02.pdf
ZAF,2022-02,shared,light_commercial,EC,503,vehicles,NewVehicleRegistration-2023-02.pdf
ZAF,2022-02,shared,light_commercial,FS,357,vehicles,NewVehicleRegistration-2023-02.pdf
ZAF,2022-02,shared,light_commercial,GP,3754,vehicles,NewVehicleRegistration-2023-02.pdf
ZAF,2022-02,shared,light_commercial,KZN,1606,vehicles,NewVehicleRegistration-2023-02.pdf
ZAF,2022-02,shared,light_commercial,LP,528,vehicles,NewVehicleRegistration-2023-02.pdf
ZAF,2022-02,shared,light_commercial,MP,725,vehicles,NewVehicleRegistration-2023-02.pdf
ZAF,2022-02,shared,light_commercial,NC,193,vehicles,NewVehicleRegistration-2023-02.pdf
ZAF,2022-02,shared,light_commercial,NW,497,vehicles,NewVehicleRegistration-2023-02.pdf
ZAF,2022-02,shared,light_commercial,WC,1044,vehicles,NewVehicleRegistration-2023-02.pdf
ZAF,2022-02,shared,light_commercial,ZAF,9207,vehicles,NewVehicleRegistration-2023-02.pdf
ZAF,2022-02,shared,minibuses,EC,154,vehicles,NewVehicleRegistration-2023-02.pdf
ZAF,2022-02,shared,minibuses,FS,41,vehicles,NewVehicleRegistration-2023-02.pdf
ZAF,2022-02,shared,minibuses,GP,757,vehicles,NewVehicleRegistration-2023-02.pdf
ZAF,2022-02,shared,minibuses,KZN,341,vehicles,NewVehicleRegistration-2023-02.pdf
ZAF,2022-02,shared,minibuses,LP,145,vehicles,NewVehicleRegistration-2023-02.pdf
ZAF,2022-02,shared,minibuses,MP,147,vehicles,NewVehicleRegistration-2023-02.pdf
ZAF,2022-02,shared,minibuses,NC,27,vehicles,NewVehicleRegistration-2023-02.pdf
ZAF,2022-02,shared,minibuses,NW,94,vehicles,NewVehicleRegistration-2023-02.pdf
ZAF,2022-02,shared,minibuses,WC,200,vehicles,NewVehicleRegistration-2023-02.pdf
ZAF,2022-02,shared,minibuses,ZAF,1906,vehicles,NewVehicleRegistration-2023-02.pdf
ZAF,2022-02,shared,motorcycles,EC,52,vehicles,NewVehicleRegistration-2023-02.pdf
ZAF,2022-02,shared,motorcycles,FS,43,vehicles,NewVehicleRegistration-2023-02.pdf
ZAF,2022-02,shared,motorcycles,GP,1097,vehicles,NewVehicleRegistration-2023-02.pdf
ZAF,2022-02,shared,motorcycles,KZN,327,vehicles,NewVehicleRegistration-2023-02.pdf
ZAF,2022-02,shared,motorcycles,LP,25,vehicles,NewVehicleRegistration-2023-02.pdf
ZAF,2022-02,shared,motorcycles,MP,70,vehicles,NewVehicleRegistration-2023-02.pdf
ZAF,2022-02,shared,motorcycles,NC,16,vehicles,NewVehicleRegistration-2023-02.pdf
ZAF,2022-02,shared,motorcycles,NW,54,vehicles,NewVehicleRegistration-2023-02.pdf
ZAF,2022-02,shared,motorcycles,WC,405,vehicles,NewVehicleRegistration-2023-02.pdf
ZAF,2022-02,shared,motorcycles,ZAF,2089,vehicles,NewVehicleRegistration-2023-02.pdf
ZAF,2022-02,shared,other_self_propelled,EC,79,vehicles,NewVehicleRegistration-2023-02.pdf
ZAF,2022-02,shared,other_self_propelled,FS,132,vehicles,NewVehicleRegistration-2023-02.pdf
ZAF,2022-02,shared,other_self_propelled,GP,130,vehicles,NewVehicleRegistration-2023-02.pdf
ZAF,2022-02,shared,other_self_propelled,KZN,90,vehicles,NewVehicleRegistration-2023-02.pdf
ZAF,2022-02,shared,other_self_propelled,LP,57,vehicles,NewVehicleRegistration-2023-02.pdf
ZAF,2022-02,shared,other_self_propelled,MP,53,vehicles,NewVehicleRegistration-2023-02.pdf
ZAF,2022-02,shared,other_self_propelled,NC,16,vehicles,NewVehicleRegistration-2023-02.pdf
ZAF,2022-02,shared,other_self_propelled,NW,85,vehicles,NewVehicleRegistration-2023-02.pdf
ZAF,2022-02,shared,other_self_propelled,WC,108,vehicles,NewVehicleRegistration-2023-02.pdf
ZAF,2022-02,shared,other_self_propelled,ZAF,750,vehicles,NewVehicleRegistration-2023-02.pdf
ZAF,2022-02,shared,total_self_propelled,EC,2193,vehicles,NewVehicleRegistration-2023-02.pdf
ZAF,2022-02,shared,total_self_propelled,FS,1514,vehicles,NewVehicleRegistration-2023-02.pdf
ZAF,2022-02,shared,total_self_propelled,GP,20844,vehicles,NewVehicleRegistration-2023-02.pdf
ZAF,2022-02,shared,total_self_propelled,KZN,7892,vehicles,NewVehicleRegistration-2023-02.pdf
ZAF,2022-02,shared,total_self_propelled,LP,1777,vehicles,NewVehicleRegistration-2023-02.pdf
ZAF,2022-02,shared,total_self_propelled,MP,2433,vehicles,NewVehicleRegistration-2023-02.pdf
ZAF,2022-02,shared,total_self_propelled,NC,557,vehicles,NewVehicleRegistration-2023-02.pdf
ZAF,2022-02,shared,total_self_propelled,NW,1704,vehicles,NewVehicleRegistration-2023-02.pdf
ZAF,2022-02,shared,total_self_propelled,WC,5647,vehicles,NewVehicleRegistration-2023-02.pdf
ZAF,2022-02,shared,total_self_propelled,ZAF,44561,vehicles,NewVehicleRegistration-2023-02.pdf
ZAF,2022-02,shared,trucks,EC,56,vehicles,NewVehicleRegistration-2023-02.pdf
ZAF,2022-02,shared,trucks,FS,133,vehicles,NewVehicleRegistration-2023-02.pdf
ZAF,2022-02,shared,trucks,GP,589,vehicles,NewVehicleRegistration-2023-02.pdf
ZAF,2022-02,shared,trucks,KZN,191,vehicles,NewVehicleRegistration-2023-02.pdf
ZAF,2022-02,shared,trucks,LP,79,vehicles,NewVehicleRegistration-2023-02.pdf
ZAF,2022-02,shared,trucks,MP,240,vehicles,NewVehicleRegistration-2023-02.pdf
ZAF,2022-02,shared,trucks,NC,21,vehicles,NewVehicleRegistration-2023-02.pdf
ZAF,2022-02,shared,trucks,NW,67,vehicles,NewVehicleRegistration-2023-02.pdf
ZAF,2022-02,shared,trucks,WC,153,vehicles,NewVehicleRegistration-2023-02.pdf
ZAF,2022-02,shared,trucks,ZAF,1529,vehicles,NewVehicleRegistration-2023-02.pdf
ZAF,2022-03,shared,buses,EC,10,vehicles,NewVehicleRegistration-2023-03.pdf
ZAF,2022-03,shared,buses,FS,3,vehicles,NewVehicleRegistration-2023-03.pdf
ZAF,2022-03,shared,buses,GP,69,vehicles,NewVehicleRegistration-2023-03.pdf
ZAF,2022-03,shared,buses,KZN,39,vehicles,NewVehicleRegistration-2023-03.pdf
ZAF,2022-03,shared,buses,LP,9,vehicles,NewVehicleRegistration-2023-03.pdf
ZAF,2022-03,shared,buses,MP,21,vehicles,NewVehicleRegistration-2023-03.pdf
ZAF,2022-03,shared,buses,NC,4,vehicles,NewVehicleRegistration-2023-03.pdf
ZAF,2022-03,shared,buses,NW,4,vehicles,NewVehicleRegistration-2023-03.pdf
ZAF,2022-03,shared,buses,WC,16,vehicles,NewVehicleRegistration-2023-03.pdf
ZAF,2022-03,shared,buses,ZAF,175,vehicles,NewVehicleRegistration-2023-03.pdf
ZAF,2022-03,shared,cars,EC,1484,vehicles,NewVehicleRegistration-2023-03.pdf
ZAF,2022-03,shared,cars,FS,699,vehicles,NewVehicleRegistration-2023-03.pdf
ZAF,2022-03,shared,cars,GP,15194,vehicles,NewVehicleRegistration-2023-03.pdf
ZAF,2022-03,shared,cars,KZN,5444,vehicles,NewVehicleRegistration-2023-03.pdf
ZAF,2022-03,shared,cars,LP,1128,vehicles,NewVehicleRegistration-2023-03.pdf
ZAF,2022-03,shared,cars,MP,1278,vehicles,NewVehicleRegistration-2023-03.pdf
ZAF,2022-03,shared,cars,NC,340,vehicles,NewVehicleRegistration-2023-03.pdf
ZAF,2022-03,shared,cars,NW,976,vehicles,NewVehicleRegistration-2023-03.pdf
ZAF,2022-03,shared,cars,WC,3981,vehicles,NewVehicleRegistration-2023-03.pdf
ZAF,2022-03,shared,cars,ZAF,30524,vehicles,NewVehicleRegistration-2023-03.pdf
ZAF,2022-03,shared,light_commercial,EC,697,vehicles,NewVehicleRegistration-2023-03.pdf
ZAF,2022-03,shared,light_commercial,FS,401,vehicles,NewVehicleRegistration-2023-03.pdf
ZAF,2022-03,shared,light_commercial,GP,4389,vehicles,NewVehicleRegistration-2023-03.pdf
ZAF,2022-03,shared,light_commercial,KZN,1700,vehicles,NewVehicleRegistration-2023-03.pdf
ZAF,2022-03,shared,light_commercial,LP,685,vehicles,NewVehicleRegistration-2023-03.pdf
ZAF,2022-03,shared,light_commercial,MP,838,vehicles,NewVehicleRegistration-2023-03.pdf
ZAF,2022-03,shared,light_commercial,NC,251,vehicles,NewVehicleRegistration-2023-03.pdf
ZAF,2022-03,shared,light_commercial,NW,570,vehicles,NewVehicleRegistration-2023-03.pdf
ZAF,2022-03,shared,light_commercial,WC,1106,vehicles,NewVehicleRegistration-2023-03.pdf
ZAF,2022-03,shared,light_commercial,ZAF,10637,vehicles,NewVehicleRegistration-2023-03.pdf
ZAF,2022-03,shared,minibuses,EC,157,vehicles,NewVehicleRegistration-2023-03.pdf
ZAF,2022-03,shared,minibuses,FS,60,vehicles,NewVehicleRegistration-2023-03.pdf
ZAF,2022-03,shared,minibuses,GP,893,vehicles,NewVehicleRegistration-2023-03.pdf
ZAF,2022-03,shared,minibuses,KZN,366,vehicles,NewVehicleRegistration-2023-03.pdf
ZAF,2022-03,shared,minibuses,LP,141,vehicles,NewVehicleRegistration-2023-03.pdf
ZAF,2022-03,shared,minibuses,MP,182,vehicles,NewVehicleRegistration-2023-03.pdf
ZAF,2022-03,shared,minibuses,NC,64,vehicles,NewVehicleRegistration-2023-03.pdf
ZAF,2022-03,shared,minibuses,NW,97,vehicles,NewVehicleRegistration-2023-03.pdf
ZAF,2022-03,shared,minibuses,WC,201,vehicles,NewVehicleRegistration-2023-03.pdf
ZAF,2022-03,shared,minibuses,ZAF,2161,vehicles,NewVehicleRegistration-2023-03.pdf
ZAF,2022-03,shared,motorcycles,EC,93,vehicles,NewVehicleRegistration-2023-03.pdf
ZAF,2022-03,shared,motorcycles,FS,64,vehicles,NewVehicleRegistration-2023-03.pdf
ZAF,2022-03,shared,motorcycles,GP,1289,vehicles,NewVehicleRegistration-2023-03.pdf
ZAF,2022-03,shared,motorcycles,KZN,323,vehicles,NewVehicleRegistration-2023-03.pdf
ZAF,2022-03,shared,motorcycles,LP,37,vehicles,NewVehicleRegistration-2023-03.pdf
ZAF,2022-03,shared,motorcycles,MP,53,vehicles,NewVehicleRegistration-2023-03.pdf
ZAF,2022-03,shared,motorcycles,NC,21,vehicles,NewVehicleRegistration-2023-03.pdf
ZAF,2022-03,shared,motorcycles,NW,43,vehicles,NewVehicleRegistration-2023-03.pdf
ZAF,2022-03,shared,motorcycles,WC,399,vehicles,NewVehicleRegistration-2023-03.pdf
ZAF,2022-03,shared,motorcycles,ZAF,2322,vehicles,NewVehicleRegistration-2023-03.pdf
ZAF,2022-03,shared,other_self_propelled,EC,72,vehicles,NewVehicleRegistration-2023-03.pdf
ZAF,2022-03,shared,other_self_propelled,FS,100,vehicles,NewVehicleRegistration-2023-03.pdf
ZAF,2022-03,shared,other_self_propelled,GP,161,vehicles,NewVehicleRegistration-2023-03.pdf
ZAF,2022-03,shared,other_self_propelled,KZN,122,vehicles,NewVehicleRegistration-2023-03.pdf
ZAF,2022-03,shared,other_self_propelled,LP,76,vehicles,NewVehicleRegistration-2023-03.pdf
ZAF,2022-03,shared,other_self_propelled,MP,84,vehicles,NewVehicleRegistration-2023-03.pdf
ZAF,2022-03,shared,other_self_propelled,NC,53,vehicles,NewVehicleRegistration-2023-03.pdf
ZAF,2022-03,shared,other_self_propelled,NW,61,vehicles,NewVehicleRegistration-2023-03.pdf
ZAF,2022-03,shared,other_self_propelled,WC,83,vehicles,NewVehicleRegistration-2023-03.pdf
ZAF,2022-03,shared,other_self_propelled,ZAF,812,vehicles,NewVehicleRegistration-2023-03.pdf
ZAF,2022-03,shared,total_self_propelled,EC,2601,vehicles,NewVehicleRegistration-2023-03.pdf
ZAF,2022-03,shared,total_self_propelled,FS,1475,vehicles,NewVehicleRegistration-2023-03.pdf
ZAF,2022-03,shared,total_self_propelled,GP,22773,vehicles,NewVehicleRegistration-2023-03.pdf
ZAF,2022-03,shared,total_self_propelled,KZN,8233,vehicles,NewVehicleRegistration-2023-03.pdf
ZAF,2022-03,shared,total_self_propelled,LP,2148,vehicles,NewVehicleRegistration-2023-03.pdf
ZAF,2022-03,shared,total_self_propelled,MP,2718,vehicles,NewVehicleRegistration-2023-03.pdf
ZAF,2022-03,shared,total_self_propelled,NC,761,vehicles,NewVehicleRegistration-2023-03.pdf
ZAF,2022-03,shared,total_self_propelled,NW,1824,vehicles,NewVehicleRegistration-2023-03.pdf
ZAF,2022-03,shared,total_self_propelled,WC,6092,vehicles,NewVehicleRegistration-2023-03.pdf
ZAF,2022-03,shared,total_self_propelled,ZAF,48625,vehicles,NewVehicleRegistration-2023-03.pdf
ZAF,2022-03,shared,trucks,EC,88,vehicles,NewVehicleRegistration-2023-03.pdf
ZAF,2022-03,shared,trucks,FS,148,vehicles,NewVehicleRegistration-2023-03.pdf
ZAF,2022-03,shared,trucks,GP,778,vehicles,NewVehicleRegistration-2023-03.pdf
ZAF,2022-03,shared,trucks,KZN,239,vehicles,NewVehicleRegistration-2023-03.pdf
ZAF,2022-03,shared,trucks,LP,72,vehicles,NewVehicleRegistration-2023-03.pdf
ZAF,2022-03,shared,trucks,MP,262,vehicles,NewVehicleRegistration-2023-03.pdf
ZAF,2022-03,shared,trucks,NC,28,vehicles,NewVehicleRegistration-2023-03.pdf
ZAF,2022-03,shared,trucks,NW,73,vehicles,NewVehicleRegistration-2023-03.pdf
ZAF,2022-03,shared,trucks,WC,306,vehicles,NewVehicleRegistration-2023-03.pdf
ZAF,2022-03,shared,trucks,ZAF,1994,vehicles,NewVehicleRegistration-2023-03.pdf
ZAF,2022-04,shared,buses,EC,3,vehicles,NewVehicleRegistration-2023-04.pdf
ZAF,2022-04,shared,buses,FS,4,vehicles,NewVehicleRegistration-2023-04.pdf
ZAF,2022-04,shared,buses,GP,59,vehicles,NewVehicleRegistration-2023-04.pdf
ZAF,2022-04,shared,buses,KZN,31,vehicles,NewVehicleRegistration-2023-04.pdf
ZAF,2022-04,shared,buses,LP,14,vehicles,NewVehicleRegistration-2023-04.pdf
ZAF,2022-04,shared,buses,MP,30,vehicles,NewVehicleRegistration-2023-04.pdf
ZAF,2022-04,shared,buses,NC,5,vehicles,NewVehicleRegistration-2023-04.pdf
ZAF,2022-04,shared,buses,NW,6,vehicles,NewVehicleRegistration-2023-04.pdf
ZAF,2022-04,shared,buses,WC,10,vehicles,NewVehicleRegistration-2023-04.pdf
ZAF,2022-04,shared,buses,ZAF,162,vehicles,NewVehicleRegistration-2023-04.pdf
ZAF,2022-04,shared,cars,EC,1071,vehicles,NewVehicleRegistration-2023-04.pdf
ZAF,2022-04,shared,cars,FS,712,vehicles,NewVehicleRegistration-2023-04.pdf
ZAF,2022-04,shared,cars,GP,11732,vehicles,NewVehicleRegistration-2023-04.pdf
ZAF,2022-04,shared,cars,KZN,4260,vehicles,NewVehicleRegistration-2023-04.pdf
ZAF,2022-04,shared,cars,LP,957,vehicles,NewVehicleRegistration-2023-04.pdf
ZAF,2022-04,shared,cars,MP,1083,vehicles,NewVehicleRegistration-2023-04.pdf
ZAF,2022-04,shared,cars,NC,294,vehicles,NewVehicleRegistration-2023-04.pdf
ZAF,2022-04,shared,cars,NW,752,vehicles,NewVehicleRegistration-2023-04.pdf
ZAF,2022-04,shared,cars,WC,2663,vehicles,NewVehicleRegistration-2023-04.pdf
ZAF,2022-04,shared,cars,ZAF,23524,vehicles,NewVehicleRegistration-2023-04.pdf
ZAF,2022-04,shared,light_commercial,EC,405,vehicles,NewVehicleRegistration-2023-04.pdf
ZAF,2022-04,shared,light_commercial,FS,389,vehicles,NewVehicleRegistration-2023-04.pdf
ZAF,2022-04,shared,light_commercial,GP,3589,vehicles,NewVehicleRegistration-2023-04.pdf
ZAF,2022-04,shared,light_commercial,KZN,1230,vehicles,NewVehicleRegistration-2023-04.pdf
ZAF,2022-04,shared,light_commercial,LP,508,vehicles,NewVehicleRegistration-2023-04.pdf
ZAF,2022-04,shared,light_commercial,MP,599,vehicles,NewVehicleRegistration-2023-04.pdf
ZAF,2022-04,shared,light_commercial,NC,213,vehicles,NewVehicleRegistration-2023-04.pdf
ZAF,2022-04,shared,light_commercial,NW,417,vehicles,NewVehicleRegistration-2023-04.pdf
ZAF,2022-04,shared,light_commercial,WC,796,vehicles,NewVehicleRegistration-2023-04.pdf
ZAF,2022-04,shared,light_commercial,ZAF,8146,vehicles,NewVehicleRegistration-2023-04.pdf
ZAF,2022-04,shared,minibuses,EC,178,vehicles,NewVehicleRegistration-2023-04.pdf
ZAF,2022-04,shared,minibuses,FS,46,vehicles,NewVehicleRegistration-2023-04.pdf
ZAF,2022-04,shared,minibuses,GP,613,vehicles,NewVehicleRegistration-2023-04.pdf
ZAF,2022-04,shared,minibuses,KZN,286,vehicles,NewVehicleRegistration-2023-04.pdf
ZAF,2022-04,shared,minibuses,LP,101,vehicles,NewVehicleRegistration-2023-04.pdf
ZAF,2022-04,shared,minibuses,MP,114,vehicles,NewVehicleRegistration-2023-04.pdf
ZAF,2022-04,shared,minibuses,NC,35,vehicles,NewVehicleRegistration-2023-04.pdf
ZAF,2022-04,shared,minibuses,NW,63,vehicles,NewVehicleRegistration-2023-04.pdf
ZAF,2022-04,shared,minibuses,WC,156,vehicles,NewVehicleRegistration-2023-04.pdf
ZAF,2022-04,shared,minibuses,ZAF,1592,vehicles,NewVehicleRegistration-2023-04.pdf
ZAF,2022-04,shared,motorcycles,EC,88,vehicles,NewVehicleRegistration-2023-04.pdf
ZAF,2022-04,shared,motorcycles,FS,48,vehicles,NewVehicleRegistration-2023-04.pdf
ZAF,2022-04,shared,motorcycles,GP,968,vehicles,NewVehicleRegistration-2023-04.pdf
ZAF,2022-04,shared,motorcycles,KZN,255,vehicles,NewVehicleRegistration-2023-04.pdf
ZAF,2022-04,shared,motorcycles,LP,34,vehicles,NewVehicleRegistration-2023-04.pdf
ZAF,2022-04,shared,motorcycles,MP,56,vehicles,NewVehicleRegistration-2023-04.pdf
ZAF,2022-04,shared,motorcycles,NC,28,vehicles,NewVehicleRegistration-2023-04.pdf
ZAF,2022-04,shared,motorcycles,NW,58,vehicles,NewVehicleRegistration-2023-04.pdf
ZAF,2022-04,shared,motorcycles,WC,300,vehicles,NewVehicleRegistration-2023-04.pdf
ZAF,2022-04,shared,motorcycles,ZAF,1835,vehicles,NewVehicleRegistration-2023-04.pdf
ZAF,2022-04,shared,other_self_propelled,EC,38,vehicles,NewVehicleRegistration-2023-04.pdf
ZAF,2022-04,shared,other_self_propelled,FS,105,vehicles,NewVehicleRegistration-2023-04.pdf
ZAF,2022-04,shared,other_self_propelled,GP,122,vehicles,NewVehicleRegistration-2023-04.pdf
ZAF,2022-04,shared,other_self_propelled,KZN,88,vehicles,NewVehicleRegistration-2023-04.pdf
ZAF,2022-04,shared,other_self_propelled,LP,45,vehicles,NewVehicleRegistration-2023-04.pdf
ZAF,2022-04,shared,other_self_propelled,MP,79,vehicles,NewVehicleRegistration-2023-04.pdf
ZAF,2022-04,shared,other_self_propelled,NC,12,vehicles,NewVehicleRegistration-2023-04.pdf
ZAF,2022-04,shared,other_self_propelled,NW,78,vehicles,NewVehicleRegistration-2023-04.pdf
ZAF,2022-04,shared,other_self_propelled,WC,84,vehicles,NewVehicleRegistration-2023-04.pdf
ZAF,2022-04,shared,other_self_propelled,ZAF,651,vehicles,NewVehicleRegistration-2023-04.pdf
ZAF,2022-04,shared,total_self_propelled,EC,1841,vehicles,NewVehicleRegistration-2023-04.pdf
ZAF,2022-04,shared,total_self_propelled,FS,1411,vehicles,NewVehicleRegistration-2023-04.pdf
ZAF,2022-04,shared,total_self_propelled,GP,17740,vehicles,NewVehicleRegistration-2023-04.pdf
ZAF,2022-04,shared,total_self_propelled,KZN,6377,vehicles,NewVehicleRegistration-2023-04.pdf
ZAF,2022-04,shared,total_self_propelled,LP,1745,vehicles,NewVehicleRegistration-2023-04.pdf
ZAF,2022-04,shared,total_self_propelled,MP,2150,vehicles,NewVehicleRegistration-2023-04.pdf
ZAF,2022-04,shared,total_self_propelled,NC,612,vehicles,NewVehicleRegistration-2023-04.pdf
ZAF,2022-04,shared,total_self_propelled,NW,1419,vehicles,NewVehicleRegistration-2023-04.pdf
ZAF,2022-04,shared,total_self_propelled,WC,4188,vehicles,NewVehicleRegistration-2023-04.pdf
ZAF,2022-04,shared,total_self_propelled,ZAF,37483,vehicles,NewVehicleRegistration-2023-04.pdf
ZAF,2022-04,shared,trucks,EC,58,vehicles,NewVehicleRegistration-2023-04.pdf
ZAF,2022-04,shared,trucks,FS,107,vehicles,NewVehicleRegistration-2023-04.pdf
ZAF,2022-04,shared,trucks,GP,657,vehicles,NewVehicleRegistration-2023-04.pdf
ZAF,2022-04,shared,trucks,KZN,227,vehicles,NewVehicleRegistration-2023-04.pdf
ZAF,2022-04,shared,trucks,LP,86,vehicles,NewVehicleRegistration-2023-04.pdf
ZAF,2022-04,shared,trucks,MP,189,vehicles,NewVehicleRegistration-2023-04.pdf
ZAF,2022-04,shared,trucks,NC,25,vehicles,NewVehicleRegistration-2023-04.pdf
ZAF,2022-04,shared,trucks,NW,45,vehicles,NewVehicleRegistration-2023-04.pdf
ZAF,2022-04,shared,trucks,WC,179,vehicles,NewVehicleRegistration-2023-04.pdf
ZAF,2022-04,shared,trucks,ZAF,1573,vehicles,NewVehicleRegistration-2023-04.pdf
ZAF,2022-05,shared,buses,EC,17,vehicles,NewVehicleRegistration-2023-05.pdf
ZAF,2022-05,shared,buses,FS,43,vehicles,NewVehicleRegistration-2023-05.pdf
ZAF,2022-05,shared,buses,GP,51,vehicles,NewVehicleRegistration-2023-05.pdf
ZAF,2022-05,shared,buses,KZN,44,vehicles,NewVehicleRegistration-2023-05.pdf
ZAF,2022-05,shared,buses,LP,11,vehicles,NewVehicleRegistration-2023-05.pdf
ZAF,2022-05,shared,buses,MP,29,vehicles,NewVehicleRegistration-2023-05.pdf
ZAF,2022-05,shared,buses,NC,6,vehicles,NewVehicleRegistration-2023-05.pdf
ZAF,2022-05,shared,buses,NW,10,vehicles,NewVehicleRegistration-2023-05.pdf
ZAF,2022-05,shared,buses,WC,17,vehicles,NewVehicleRegistration-2023-05.pdf
ZAF,2022-05,shared,buses,ZAF,228,vehicles,NewVehicleRegistration-2023-05.pdf
ZAF,2022-05,shared,cars,EC,1355,vehicles,NewVehicleRegistration-2023-05.pdf
ZAF,2022-05,shared,cars,FS,768,vehicles,NewVehicleRegistration-2023-05.pdf
ZAF,2022-05,shared,cars,GP,13561,vehicles,NewVehicleRegistration-2023-05.pdf
ZAF,2022-05,shared,cars,KZN,5066,vehicles,NewVehicleRegistration-2023-05.pdf
ZAF,2022-05,shared,cars,LP,952,vehicles,NewVehicleRegistration-2023-05.pdf
ZAF,2022-05,shared,cars,MP,1251,vehicles,NewVehicleRegistration-2023-05.pdf
ZAF,2022-05,shared,cars,NC,293,vehicles,NewVehicleRegistration-2023-05.pdf
ZAF,2022-05,shared,cars,NW,901,vehicles,NewVehicleRegistration-2023-05.pdf
ZAF,2022-05,shared,cars,WC,3192,vehicles,NewVehicleRegistration-2023-05.pdf
ZAF,2022-05,shared,cars,ZAF,27339,vehicles,NewVehicleRegistration-2023-05.pdf
ZAF,2022-05,shared,light_commercial,EC,469,vehicles,NewVehicleRegistration-2023-05.pdf
ZAF,2022-05,shared,light_commercial,FS,392,vehicles,NewVehicleRegistration-2023-05.pdf
ZAF,2022-05,shared,light_commercial,GP,3626,vehicles,NewVehicleRegistration-2023-05.pdf
ZAF,2022-05,shared,light_commercial,KZN,1274,vehicles,NewVehicleRegistration-2023-05.pdf
ZAF,2022-05,shared,light_commercial,LP,521,vehicles,NewVehicleRegistration-2023-05.pdf
ZAF,2022-05,shared,light_commercial,MP,604,vehicles,NewVehicleRegistration-2023-05.pdf
ZAF,2022-05,shared,light_commercial,NC,182,vehicles,NewVehicleRegistration-2023-05.pdf
ZAF,2022-05,shared,light_commercial,NW,452,vehicles,NewVehicleRegistration-2023-05.pdf
ZAF,2022-05,shared,light_commercial,WC,855,vehicles,NewVehicleRegistration-2023-05.pdf
ZAF,2022-05,shared,light_commercial,ZAF,8375,vehicles,NewVehicleRegistration-2023-05.pdf
ZAF,2022-05,shared,minibuses,EC,99,vehicles,NewVehicleRegistration-2023-05.pdf
ZAF,2022-05,shared,minibuses,FS,27,vehicles,NewVehicleRegistration-2023-05.pdf
ZAF,2022-05,shared,minibuses,GP,502,vehicles,NewVehicleRegistration-2023-05.pdf
ZAF,2022-05,shared,minibuses,KZN,177,vehicles,NewVehicleRegistration-2023-05.pdf
ZAF,2022-05,shared,minibuses,LP,85,vehicles,NewVehicleRegistration-2023-05.pdf
ZAF,2022-05,shared,minibuses,MP,62,vehicles,NewVehicleRegistration-2023-05.pdf
ZAF,2022-05,shared,minibuses,NC,10,vehicles,NewVehicleRegistration-2023-05.pdf
ZAF,2022-05,shared,minibuses,NW,39,vehicles,NewVehicleRegistration-2023-05.pdf
ZAF,2022-05,shared,minibuses,WC,116,vehicles,NewVehicleRegistration-2023-05.pdf
ZAF,2022-05,shared,minibuses,ZAF,1117,vehicles,NewVehicleRegistration-2023-05.pdf
ZAF,2022-05,shared,motorcycles,EC,79,vehicles,NewVehicleRegistration-2023-05.pdf
ZAF,2022-05,shared,motorcycles,FS,69,vehicles,NewVehicleRegistration-2023-05.pdf
ZAF,2022-05,shared,motorcycles,GP,1161,vehicles,NewVehicleRegistration-2023-05.pdf
ZAF,2022-05,shared,motorcycles,KZN,327,vehicles,NewVehicleRegistration-2023-05.pdf
ZAF,2022-05,shared,motorcycles,LP,77,vehicles,NewVehicleRegistration-2023-05.pdf
ZAF,2022-05,shared,motorcycles,MP,55,vehicles,NewVehicleRegistration-2023-05.pdf
ZAF,2022-05,shared,motorcycles,NC,18,vehicles,NewVehicleRegistration-2023-05.pdf
ZAF,2022-05,shared,motorcycles,NW,74,vehicles,NewVehicleRegistration-2023-05.pdf
ZAF,2022-05,shared,motorcycles,WC,309,vehicles,NewVehicleRegistration-2023-05.pdf
ZAF,2022-05,shared,motorcycles,ZAF,2169,vehicles,NewVehicleRegistration-2023-05.pdf
ZAF,2022-05,shared,other_self_propelled,EC,58,vehicles,NewVehicleRegistration-2023-05.pdf
ZAF,2022-05,shared,other_self_propelled,FS,98,vehicles,NewVehicleRegistration-2023-05.pdf
ZAF,2022-05,shared,other_self_propelled,GP,133,vehicles,NewVehicleRegistration-2023-05.pdf
ZAF,2022-05,shared,other_self_propelled,KZN,108,vehicles,NewVehicleRegistration-2023-05.pdf
ZAF,2022-05,shared,other_self_propelled,LP,38,vehicles,NewVehicleRegistration-2023-05.pdf
ZAF,2022-05,shared,other_self_propelled,MP,71,vehicles,NewVehicleRegistration-2023-05.pdf
ZAF,2022-05,shared,other_self_propelled,NC,32,vehicles,NewVehicleRegistration-2023-05.pdf
ZAF,2022-05,shared,other_self_propelled,NW,59,vehicles,NewVehicleRegistration-2023-05.pdf
ZAF,2022-05,shared,other_self_propelled,WC,95,vehicles,NewVehicleRegistration-2023-05.pdf
ZAF,2022-05,shared,other_self_propelled,ZAF,692,vehicles,NewVehicleRegistration-2023-05.pdf
ZAF,2022-05,shared,total_self_propelled,EC,2163,vehicles,NewVehicleRegistration-2023-05.pdf
ZAF,2022-05,shared,total_self_propelled,FS,1531,vehicles,NewVehicleRegistration-2023-05.pdf
ZAF,2022-05,shared,total_self_propelled,GP,19721,vehicles,NewVehicleRegistration-2023-05.pdf
ZAF,2022-05,shared,total_self_propelled,KZN,7286,vehicles,NewVehicleRegistration-2023-05.pdf
ZAF,2022-05,shared,total_self_propelled,LP,1779,vehicles,NewVehicleRegistration-2023-05.pdf
ZAF,2022-05,shared,total_self_propelled,MP,2339,vehicles,NewVehicleRegistration-2023-05.pdf
ZAF,2022-05,shared,total_self_propelled,NC,569,vehicles,NewVehicleRegistration-2023-05.pdf
ZAF,2022-05,shared,total_self_propelled,NW,1594,vehicles,NewVehicleRegistration-2023-05.pdf
ZAF,2022-05,shared,total_self_propelled,WC,4791,vehicles,NewVehicleRegistration-2023-05.pdf
ZAF,2022-05,shared,total_self_propelled,ZAF,41773,vehicles,NewVehicleRegistration-2023-05.pdf
ZAF,2022-05,shared,trucks,EC,86,vehicles,NewVehicleRegistration-2023-05.pdf
ZAF,2022-05,shared,trucks,FS,134,vehicles,NewVehicleRegistration-2023-05.pdf
ZAF,2022-05,shared,trucks,GP,687,vehicles,NewVehicleRegistration-2023-05.pdf
ZAF,2022-05,shared,trucks,KZN,290,vehicles,NewVehicleRegistration-2023-05.pdf
ZAF,2022-05,shared,trucks,LP,95,vehicles,NewVehicleRegistration-2023-05.pdf
ZAF,2022-05,shared,trucks,MP,267,vehicles,NewVehicleRegistration-2023-05.pdf
ZAF,2022-05,shared,trucks,NC,28,vehicles,NewVehicleRegistration-2023-05.pdf
ZAF,2022-05,shared,trucks,NW,59,vehicles,NewVehicleRegistration-2023-05.pdf
ZAF,2022-05,shared,trucks,WC,207,vehicles,NewVehicleRegistration-2023-05.pdf
ZAF,2022-05,shared,trucks,ZAF,1853,vehicles,NewVehicleRegistration-2023-05.pdf
ZAF,2022-06,shared,buses,EC,8,vehicles,NewVehicleRegistration-2023-06.pdf
ZAF,2022-06,shared,buses,FS,29,vehicles,NewVehicleRegistration-2023-06.pdf
ZAF,2022-06,shared,buses,GP,79,vehicles,NewVehicleRegistration-2023-06.pdf
ZAF,2022-06,shared,buses,KZN,38,vehicles,NewVehicleRegistration-2023-06.pdf
ZAF,2022-06,shared,buses,LP,21,vehicles,NewVehicleRegistration-2023-06.pdf
ZAF,2022-06,shared,buses,MP,31,vehicles,NewVehicleRegistration-2023-06.pdf
ZAF,2022-06,shared,buses,NC,11,vehicles,NewVehicleRegistration-2023-06.pdf
ZAF,2022-06,shared,buses,NW,9,vehicles,NewVehicleRegistration-2023-06.pdf
ZAF,2022-06,shared,buses,WC,10,vehicles,NewVehicleRegistration-2023-06.pdf
ZAF,2022-06,shared,buses,ZAF,236,vehicles,NewVehicleRegistration-2023-06.pdf
ZAF,2022-06,shared,cars,EC,1377,vehicles,NewVehicleRegistration-2023-06.pdf
ZAF,2022-06,shared,cars,FS,812,vehicles,NewVehicleRegistration-2023-06.pdf
ZAF,2022-06,shared,cars,GP,13567,vehicles,NewVehicleRegistration-2023-06.pdf
ZAF,2022-06,shared,cars,KZN,5232,vehicles,NewVehicleRegistration-2023-06.pdf
ZAF,2022-06,shared,cars,LP,909,vehicles,NewVehicleRegistration-2023-06.pdf
ZAF,2022-06,shared,cars,MP,1248,vehicles,NewVehicleRegistration-2023-06.pdf
ZAF,2022-06,shared,cars,NC,274,vehicles,NewVehicleRegistration-2023-06.pdf
ZAF,2022-06,shared,cars,NW,785,vehicles,NewVehicleRegistration-2023-06.pdf
ZAF,2022-06,shared,cars,WC,3612,vehicles,NewVehicleRegistration-2023-06.pdf
ZAF,2022-06,shared,cars,ZAF,27816,vehicles,NewVehicleRegistration-2023-06.pdf
ZAF,2022-06,shared,light_commercial,EC,402,vehicles,NewVehicleRegistration-2023-06.pdf
ZAF,2022-06,shared,light_commercial,FS,339,vehicles,NewVehicleRegistration-2023-06.pdf
ZAF,2022-06,shared,light_commercial,GP,3093,vehicles,NewVehicleRegistration-2023-06.pdf
ZAF,2022-06,shared,light_commercial,KZN,1227,vehicles,NewVehicleRegistration-2023-06.pdf
ZAF,2022-06,shared,light_commercial,LP,384,vehicles,NewVehicleRegistration-2023-06.pdf
ZAF,2022-06,shared,light_commercial,MP,495,vehicles,NewVehicleRegistration-2023-06.pdf
ZAF,2022-06,shared,light_commercial,NC,138,vehicles,NewVehicleRegistration-2023-06.pdf
ZAF,2022-06,shared,light_commercial,NW,378,vehicles,NewVehicleRegistration-2023-06.pdf
ZAF,2022-06,shared,light_commercial,WC,734,vehicles,NewVehicleRegistration-2023-06.pdf
ZAF,2022-06,shared,light_commercial,ZAF,7190,vehicles,NewVehicleRegistration-2023-06.pdf
ZAF,2022-06,shared,minibuses,EC,37,vehicles,NewVehicleRegistration-2023-06.pdf
ZAF,2022-06,shared,minibuses,FS,12,vehicles,NewVehicleRegistration-2023-06.pdf
ZAF,2022-06,shared,minibuses,GP,328,vehicles,NewVehicleRegistration-2023-06.pdf
ZAF,2022-06,shared,minibuses,KZN,85,vehicles,NewVehicleRegistration-2023-06.pdf
ZAF,2022-06,shared,minibuses,LP,37,vehicles,NewVehicleRegistration-2023-06.pdf
ZAF,2022-06,shared,minibuses,MP,23,vehicles,NewVehicleRegistration-2023-06.pdf
ZAF,2022-06,shared,minibuses,NC,13,vehicles,NewVehicleRegistration-2023-06.pdf
ZAF,2022-06,shared,minibuses,NW,19,vehicles,NewVehicleRegistration-2023-06.pdf
ZAF,2022-06,shared,minibuses,WC,59,vehicles,NewVehicleRegistration-2023-06.pdf
ZAF,2022-06,shared,minibuses,ZAF,613,vehicles,NewVehicleRegistration-2023-06.pdf
ZAF,2022-06,shared,motorcycles,EC,93,vehicles,NewVehicleRegistration-2023-06.pdf
ZAF,2022-06,shared,motorcycles,FS,82,vehicles,NewVehicleRegistration-2023-06.pdf
ZAF,2022-06,shared,motorcycles,GP,1391,vehicles,NewVehicleRegistration-2023-06.pdf
ZAF,2022-06,shared,motorcycles,KZN,373,vehicles,NewVehicleRegistration-2023-06.pdf
ZAF,2022-06,shared,motorcycles,LP,30,vehicles,NewVehicleRegistration-2023-06.pdf
ZAF,2022-06,shared,motorcycles,MP,67,vehicles,NewVehicleRegistration-2023-06.pdf
ZAF,2022-06,shared,motorcycles,NC,18,vehicles,NewVehicleRegistration-2023-06.pdf
ZAF,2022-06,shared,motorcycles,NW,60,vehicles,NewVehicleRegistration-2023-06.pdf
ZAF,2022-06,shared,motorcycles,WC,300,vehicles,NewVehicleRegistration-2023-06.pdf
ZAF,2022-06,shared,motorcycles,ZAF,2414,vehicles,NewVehicleRegistration-2023-06.pdf
ZAF,2022-06,shared,other_self_propelled,EC,50,vehicles,NewVehicleRegistration-2023-06.pdf
ZAF,2022-06,shared,other_self_propelled,FS,136,vehicles,NewVehicleRegistration-2023-06.pdf
ZAF,2022-06,shared,other_self_propelled,GP,130,vehicles,NewVehicleRegistration-2023-06.pdf
ZAF,2022-06,shared,other_self_propelled,KZN,122,vehicles,NewVehicleRegistration-2023-06.pdf
ZAF,2022-06,shared,other_self_propelled,LP,41,vehicles,NewVehicleRegistration-2023-06.pdf
ZAF,2022-06,shared,other_self_propelled,MP,107,vehicles,NewVehicleRegistration-2023-06.pdf
ZAF,2022-06,shared,other_self_propelled,NC,37,vehicles,NewVehicleRegistration-2023-06.pdf
ZAF,2022-06,shared,other_self_propelled,NW,58,vehicles,NewVehicleRegistration-2023-06.pdf
ZAF,2022-06,shared,other_self_propelled,WC,101,vehicles,NewVehicleRegistration-2023-06.pdf
ZAF,2022-06,shared,other_self_propelled,ZAF,782,vehicles,NewVehicleRegistration-2023-06.pdf
ZAF,2022-06,shared,total_self_propelled,EC,2056,vehicles,NewVehicleRegistration-2023-06.pdf
ZAF,2022-06,shared,total_self_propelled,FS,1532,vehicles,NewVehicleRegistration-2023-06.pdf
ZAF,2022-06,shared,total_self_propelled,GP,19301,vehicles,NewVehicleRegistration-2023-06.pdf
ZAF,2022-06,shared,total_self_propelled,KZN,7409,vehicles,NewVehicleRegistration-2023-06.pdf
ZAF,2022-06,shared,total_self_propelled,LP,1491,vehicles,NewVehicleRegistration-2023-06.pdf
ZAF,2022-06,shared,total_self_propelled,MP,2288,vehicles,NewVehicleRegistration-2023-06.pdf
ZAF,2022-06,shared,total_self_propelled,NC,549,vehicles,NewVehicleRegistration-2023-06.pdf
ZAF,2022-06,shared,total_self_propelled,NW,1364,vehicles,NewVehicleRegistration-2023-06.pdf
ZAF,2022-06,shared,total_self_propelled,WC,5020,vehicles,NewVehicleRegistration-2023-06.pdf
ZAF,2022-06,shared,total_self_propelled,ZAF,41010,vehicles,NewVehicleRegistration-2023-06.pdf
ZAF,2022-06,shared,trucks,EC,89,vehicles,NewVehicleRegistration-2023-06.pdf
ZAF,2022-06,shared,trucks,FS,122,vehicles,NewVehicleRegistration-2023-06.pdf
ZAF,2022-06,shared,trucks,GP,713,vehicles,NewVehicleRegistration-2023-06.pdf
ZAF,2022-06,shared,trucks,KZN,332,vehicles,NewVehicleRegistration-2023-06.pdf
ZAF,2022-06,shared,trucks,LP,69,vehicles,NewVehicleRegistration-2023-06.pdf
ZAF,2022-06,shared,trucks,MP,317,vehicles,NewVehicleRegistration-2023-06.pdf
ZAF,2022-06,shared,trucks,NC,58,vehicles,NewVehicleRegistration-2023-06.pdf
ZAF,2022-06,shared,trucks,NW,55,vehicles,NewVehicleRegistration-2023-06.pdf
ZAF,2022-06,shared,trucks,WC,204,vehicles,NewVehicleRegistration-2023-06.pdf
ZAF,2022-06,shared,trucks,ZAF,1959,vehicles,NewVehicleRegistration-2023-06.pdf
ZAF,2022-07,shared,buses,EC,7,vehicles,NewVehicleRegistration-2023-07.pdf
ZAF,2022-07,shared,buses,FS,9,vehicles,NewVehicleRegistration-2023-07.pdf
ZAF,2022-07,shared,buses,GP,62,vehicles,NewVehicleRegistration-2023-07.pdf
ZAF,2022-07,shared,buses,KZN,37,vehicles,NewVehicleRegistration-2023-07.pdf
ZAF,2022-07,shared,buses,LP,24,vehicles,NewVehicleRegistration-2023-07.pdf
ZAF,2022-07,shared,buses,MP,30,vehicles,NewVehicleRegistration-2023-07.pdf
ZAF,2022-07,shared,buses,NC,5,vehicles,NewVehicleRegistration-2023-07.pdf
ZAF,2022-07,shared,buses,NW,2,vehicles,NewVehicleRegistration-2023-07.pdf
ZAF,2022-07,shared,buses,WC,15,vehicles,NewVehicleRegistration-2023-07.pdf
ZAF,2022-07,shared,buses,ZAF,191,vehicles,NewVehicleRegistration-2023-07.pdf
ZAF,2022-07,shared,cars,EC,1507,vehicles,NewVehicleRegistration-2023-07.pdf
ZAF,2022-07,shared,cars,FS,708,vehicles,NewVehicleRegistration-2023-07.pdf
ZAF,2022-07,shared,cars,GP,14220,vehicles,NewVehicleRegistration-2023-07.pdf
ZAF,2022-07,shared,cars,KZN,5369,vehicles,NewVehicleRegistration-2023-07.pdf
ZAF,2022-07,shared,cars,LP,944,vehicles,NewVehicleRegistration-2023-07.pdf
ZAF,2022-07,shared,cars,MP,1094,vehicles,NewVehicleRegistration-2023-07.pdf
ZAF,2022-07,shared,cars,NC,307,vehicles,NewVehicleRegistration-2023-07.pdf
ZAF,2022-07,shared,cars,NW,802,vehicles,NewVehicleRegistration-2023-07.pdf
ZAF,2022-07,shared,cars,WC,3226,vehicles,NewVehicleRegistration-2023-07.pdf
ZAF,2022-07,shared,cars,ZAF,28177,vehicles,NewVehicleRegistration-2023-07.pdf
ZAF,2022-07,shared,light_commercial,EC,467,vehicles,NewVehicleRegistration-2023-07.pdf
ZAF,2022-07,shared,light_commercial,FS,319,vehicles,NewVehicleRegistration-2023-07.pdf
ZAF,2022-07,shared,light_commercial,GP,3491,vehicles,NewVehicleRegistration-2023-07.pdf
ZAF,2022-07,shared,light_commercial,KZN,1197,vehicles,NewVehicleRegistration-2023-07.pdf
ZAF,2022-07,shared,light_commercial,LP,373,vehicles,NewVehicleRegistration-2023-07.pdf
ZAF,2022-07,shared,light_commercial,MP,495,vehicles,NewVehicleRegistration-2023-07.pdf
ZAF,2022-07,shared,light_commercial,NC,146,vehicles,NewVehicleRegistration-2023-07.pdf
ZAF,2022-07,shared,light_commercial,NW,317,vehicles,NewVehicleRegistration-2023-07.pdf
ZAF,2022-07,shared,light_commercial,WC,714,vehicles,NewVehicleRegistration-2023-07.pdf
ZAF,2022-07,shared,light_commercial,ZAF,7519,vehicles,NewVehicleRegistration-2023-07.pdf
ZAF,2022-07,shared,minibuses,EC,30,vehicles,NewVehicleRegistration-2023-07.pdf
ZAF,2022-07,shared,minibuses,FS,6,vehicles,NewVehicleRegistration-2023-07.pdf
ZAF,2022-07,shared,minibuses,GP,453,vehicles,NewVehicleRegistration-2023-07.pdf
ZAF,2022-07,shared,minibuses,KZN,97,vehicles,NewVehicleRegistration-2023-07.pdf
ZAF,2022-07,shared,minibuses,LP,27,vehicles,NewVehicleRegistration-2023-07.pdf
ZAF,2022-07,shared,minibuses,MP,28,vehicles,NewVehicleRegistration-2023-07.pdf
ZAF,2022-07,shared,minibuses,NC,7,vehicles,NewVehicleRegistration-2023-07.pdf
ZAF,2022-07,shared,minibuses,NW,23,vehicles,NewVehicleRegistration-2023-07.pdf
ZAF,2022-07,shared,minibuses,WC,49,vehicles,NewVehicleRegistration-2023-07.pdf
ZAF,2022-07,shared,minibuses,ZAF,720,vehicles,NewVehicleRegistration-2023-07.pdf
ZAF,2022-07,shared,motorcycles,EC,87,vehicles,NewVehicleRegistration-2023-07.pdf
ZAF,2022-07,shared,motorcycles,FS,69,vehicles,NewVehicleRegistration-2023-07.pdf
ZAF,2022-07,shared,motorcycles,GP,1068,vehicles,NewVehicleRegistration-2023-07.pdf
ZAF,2022-07,shared,motorcycles,KZN,345,vehicles,NewVehicleRegistration-2023-07.pdf
ZAF,2022-07,shared,motorcycles,LP,32,vehicles,NewVehicleRegistration-2023-07.pdf
ZAF,2022-07,shared,motorcycles,MP,58,vehicles,NewVehicleRegistration-2023-07.pdf
ZAF,2022-07,shared,motorcycles,NC,28,vehicles,NewVehicleRegistration-2023-07.pdf
ZAF,2022-07,shared,motorcycles,NW,72,vehicles,NewVehicleRegistration-2023-07.pdf
ZAF,2022-07,shared,motorcycles,WC,335,vehicles,NewVehicleRegistration-2023-07.pdf
ZAF,2022-07,shared,motorcycles,ZAF,2094,vehicles,NewVehicleRegistration-2023-07.pdf
ZAF,2022-07,shared,other_self_propelled,EC,68,vehicles,NewVehicleRegistration-2023-07.pdf
ZAF,2022-07,shared,other_self_propelled,FS,113,vehicles,NewVehicleRegistration-2023-07.pdf
ZAF,2022-07,shared,other_self_propelled,GP,161,vehicles,NewVehicleRegistration-2023-07.pdf
ZAF,2022-07,shared,other_self_propelled,KZN,111,vehicles,NewVehicleRegistration-2023-07.pdf
ZAF,2022-07,shared,other_self_propelled,LP,56,vehicles,NewVehicleRegistration-2023-07.pdf
ZAF,2022-07,shared,other_self_propelled,MP,81,vehicles,NewVehicleRegistration-2023-07.pdf
ZAF,2022-07,shared,other_self_propelled,NC,32,vehicles,NewVehicleRegistration-2023-07.pdf
ZAF,2022-07,shared,other_self_propelled,NW,93,vehicles,NewVehicleRegistration-2023-07.pdf
ZAF,2022-07,shared,other_self_propelled,WC,103,vehicles,NewVehicleRegistration-2023-07.pdf
ZAF,2022-07,shared,other_self_propelled,ZAF,818,vehicles,NewVehicleRegistration-2023-07.pdf
ZAF,2022-07,shared,total_self_propelled,EC,2262,vehicles,NewVehicleRegistration-2023-07.pdf
ZAF,2022-07,shared,total_self_propelled,FS,1368,vehicles,NewVehicleRegistration-2023-07.pdf
ZAF,2022-07,shared,total_self_propelled,GP,20189,vehicles,NewVehicleRegistration-2023-07.pdf
ZAF,2022-07,shared,total_self_propelled,KZN,7417,vehicles,NewVehicleRegistration-2023-07.pdf
ZAF,2022-07,shared,total_self_propelled,LP,1546,vehicles,NewVehicleRegistration-2023-07.pdf
ZAF,2022-07,shared,total_self_propelled,MP,2029,vehicles,NewVehicleRegistration-2023-07.pdf
ZAF,2022-07,shared,total_self_propelled,NC,560,vehicles,NewVehicleRegistration-2023-07.pdf
ZAF,2022-07,shared,total_self_propelled,NW,1374,vehicles,NewVehicleRegistration-2023-07.pdf
ZAF,2022-07,shared,total_self_propelled,WC,4651,vehicles,NewVehicleRegistration-2023-07.pdf
ZAF,2022-07,shared,total_self_propelled,ZAF,41396,vehicles,NewVehicleRegistration-2023-07.pdf
ZAF,2022-07,shared,trucks,EC,96,vehicles,NewVehicleRegistration-2023-07.pdf
ZAF,2022-07,shared,trucks,FS,144,vehicles,NewVehicleRegistration-2023-07.pdf
ZAF,2022-07,shared,trucks,GP,734,vehicles,NewVehicleRegistration-2023-07.pdf
ZAF,2022-07,shared,trucks,KZN,261,vehicles,NewVehicleRegistration-2023-07.pdf
ZAF,2022-07,shared,trucks,LP,90,vehicles,NewVehicleRegistration-2023-07.pdf
ZAF,2022-07,shared,trucks,MP,243,vehicles,NewVehicleRegistration-2023-07.pdf
ZAF,2022-07,shared,trucks,NC,35,vehicles,NewVehicleRegistration-2023-07.pdf
ZAF,2022-07,shared,trucks,NW,65,vehicles,NewVehicleRegistration-2023-07.pdf
ZAF,2022-07,shared,trucks,WC,209,vehicles,NewVehicleRegistration-2023-07.pdf
ZAF,2022-07,shared,trucks,ZAF,1877,vehicles,NewVehicleRegistration-2023-07.pdf
ZAF,2022-08,shared,buses,EC,8,vehicles,NewVehicleRegistration-2023-08.pdf
ZAF,2022-08,shared,buses,FS,7,vehicles,NewVehicleRegistration-2023-08.pdf
ZAF,2022-08,shared,buses,GP,95,vehicles,NewVehicleRegistration-2023-08.pdf
ZAF,2022-08,shared,buses,KZN,26,vehicles,NewVehicleRegistration-2023-08.pdf
ZAF,2022-08,shared,buses,LP,12,vehicles,NewVehicleRegistration-2023-08.pdf
ZAF,2022-08,shared,buses,MP,42,vehicles,NewVehicleRegistration-2023-08.pdf
ZAF,2022-08,shared,buses,NC,25,vehicles,NewVehicleRegistration-2023-08.pdf
ZAF,2022-08,shared,buses,NW,3,vehicles,NewVehicleRegistration-2023-08.pdf
ZAF,2022-08,shared,buses,WC,21,vehicles,NewVehicleRegistration-2023-08.pdf
ZAF,2022-08,shared,buses,ZAF,239,vehicles,NewVehicleRegistration-2023-08.pdf
ZAF,2022-08,shared,cars,EC,1551,vehicles,NewVehicleRegistration-2023-08.pdf
ZAF,2022-08,shared,cars,FS,786,vehicles,NewVehicleRegistration-2023-08.pdf
ZAF,2022-08,shared,cars,GP,14836,vehicles,NewVehicleRegistration-2023-08.pdf
ZAF,2022-08,shared,cars,KZN,5189,vehicles,NewVehicleRegistration-2023-08.pdf
ZAF,2022-08,shared,cars,LP,980,vehicles,NewVehicleRegistration-2023-08.pdf
ZAF,2022-08,shared,cars,MP,1071,vehicles,NewVehicleRegistration-2023-08.pdf
ZAF,2022-08,shared,cars,NC,312,vehicles,NewVehicleRegistration-2023-08.pdf
ZAF,2022-08,shared,cars,NW,844,vehicles,NewVehicleRegistration-2023-08.pdf
ZAF,2022-08,shared,cars,WC,3537,vehicles,NewVehicleRegistration-2023-08.pdf
ZAF,2022-08,shared,cars,ZAF,29106,vehicles,NewVehicleRegistration-2023-08.pdf
ZAF,2022-08,shared,light_commercial,EC,560,vehicles,NewVehicleRegistration-2023-08.pdf
ZAF,2022-08,shared,light_commercial,FS,468,vehicles,NewVehicleRegistration-2023-08.pdf
ZAF,2022-08,shared,light_commercial,GP,3887,vehicles,NewVehicleRegistration-2023-08.pdf
ZAF,2022-08,shared,light_commercial,KZN,1422,vehicles,NewVehicleRegistration-2023-08.pdf
ZAF,2022-08,shared,light_commercial,LP,485,vehicles,NewVehicleRegistration-2023-08.pdf
ZAF,2022-08,shared,light_commercial,MP,626,vehicles,NewVehicleRegistration-2023-08.pdf
ZAF,2022-08,shared,light_commercial,NC,177,vehicles,NewVehicleRegistration-2023-08.pdf
ZAF,2022-08,shared,light_commercial,NW,420,vehicles,NewVehicleRegistration-2023-08.pdf
ZAF,2022-08,shared,light_commercial,WC,909,vehicles,NewVehicleRegistration-2023-08.pdf
ZAF,2022-08,shared,light_commercial,ZAF,8954,vehicles,NewVehicleRegistration-2023-08.pdf
ZAF,2022-08,shared,minibuses,EC,175,vehicles,NewVehicleRegistration-2023-08.pdf
ZAF,2022-08,shared,minibuses,FS,32,vehicles,NewVehicleRegistration-2023-08.pdf
ZAF,2022-08,shared,minibuses,GP,525,vehicles,NewVehicleRegistration-2023-08.pdf
ZAF,2022-08,shared,minibuses,KZN,278,vehicles,NewVehicleRegistration-2023-08.pdf
ZAF,2022-08,shared,minibuses,LP,94,vehicles,NewVehicleRegistration-2023-08.pdf
ZAF,2022-08,shared,minibuses,MP,135,vehicles,NewVehicleRegistration-2023-08.pdf
ZAF,2022-08,shared,minibuses,NC,22,vehicles,NewVehicleRegistration-2023-08.pdf
ZAF,2022-08,shared,minibuses,NW,52,vehicles,NewVehicleRegistration-2023-08.pdf
ZAF,2022-08,shared,minibuses,WC,146,vehicles,NewVehicleRegistration-2023-08.pdf
ZAF,2022-08,shared,minibuses,ZAF,1459,vehicles,NewVehicleRegistration-2023-08.pdf
ZAF,2022-08,shared,motorcycles,EC,72,vehicles,NewVehicleRegistration-2023-08.pdf
ZAF,2022-08,shared,motorcycles,FS,81,vehicles,NewVehicleRegistration-2023-08.pdf
ZAF,2022-08,shared,motorcycles,GP,1165,vehicles,NewVehicleRegistration-2023-08.pdf
ZAF,2022-08,shared,motorcycles,KZN,298,vehicles,NewVehicleRegistration-2023-08.pdf
ZAF,2022-08,shared,motorcycles,LP,40,vehicles,NewVehicleRegistration-2023-08.pdf
ZAF,2022-08,shared,motorcycles,MP,67,vehicles,NewVehicleRegistration-2023-08.pdf
ZAF,2022-08,shared,motorcycles,NC,30,vehicles,NewVehicleRegistration-2023-08.pdf
ZAF,2022-08,shared,motorcycles,NW,67,vehicles,NewVehicleRegistration-2023-08.pdf
ZAF,2022-08,shared,motorcycles,WC,292,vehicles,NewVehicleRegistration-2023-08.pdf
ZAF,2022-08,shared,motorcycles,ZAF,2112,vehicles,NewVehicleRegistration-2023-08.pdf
ZAF,2022-08,shared,other_self_propelled,EC,43,vehicles,NewVehicleRegistration-2023-08.pdf
ZAF,2022-08,shared,other_self_propelled,FS,165,vehicles,NewVehicleRegistration-2023-08.pdf
ZAF,2022-08,shared,other_self_propelled,GP,154,vehicles,NewVehicleRegistration-2023-08.pdf
ZAF,2022-08,shared,other_self_propelled,KZN,138,vehicles,NewVehicleRegistration-2023-08.pdf
ZAF,2022-08,shared,other_self_propelled,LP,51,vehicles,NewVehicleRegistration-2023-08.pdf
ZAF,2022-08,shared,other_self_propelled,MP,80,vehicles,NewVehicleRegistration-2023-08.pdf
ZAF,2022-08,shared,other_self_propelled,NC,34,vehicles,NewVehicleRegistration-2023-08.pdf
ZAF,2022-08,shared,other_self_propelled,NW,88,vehicles,NewVehicleRegistration-2023-08.pdf
ZAF,2022-08,shared,other_self_propelled,WC,107,vehicles,NewVehicleRegistration-2023-08.pdf
ZAF,2022-08,shared,other_self_propelled,ZAF,860,vehicles,NewVehicleRegistration-2023-08.pdf
ZAF,2022-08,shared,total_self_propelled,EC,2502,vehicles,NewVehicleRegistration-2023-08.pdf
ZAF,2022-08,shared,total_self_propelled,FS,1672,vehicles,NewVehicleRegistration-2023-08.pdf
ZAF,2022-08,shared,total_self_propelled,GP,21465,vehicles,NewVehicleRegistration-2023-08.pdf
ZAF,2022-08,shared,total_self_propelled,KZN,7638,vehicles,NewVehicleRegistration-2023-08.pdf
ZAF,2022-08,shared,total_self_propelled,LP,1783,vehicles,NewVehicleRegistration-2023-08.pdf
ZAF,2022-08,shared,total_self_propelled,MP,2326,vehicles,NewVehicleRegistration-2023-08.pdf
ZAF,2022-08,shared,total_self_propelled,NC,662,vehicles,NewVehicleRegistration-2023-08.pdf
ZAF,2022-08,shared,total_self_propelled,NW,1549,vehicles,NewVehicleRegistration-2023-08.pdf
ZAF,2022-08,shared,total_self_propelled,WC,5217,vehicles,NewVehicleRegistration-2023-08.pdf
ZAF,2022-08,shared,total_self_propelled,ZAF,44814,vehicles,NewVehicleRegistration-2023-08.pdf
ZAF,2022-08,shared,trucks,EC,93,vehicles,NewVehicleRegistration-2023-08.pdf
ZAF,2022-08,shared,trucks,FS,133,vehicles,NewVehicleRegistration-2023-08.pdf
ZAF,2022-08,shared,trucks,GP,803,vehicles,NewVehicleRegistration-2023-08.pdf
ZAF,2022-08,shared,trucks,KZN,287,vehicles,NewVehicleRegistration-2023-08.pdf
ZAF,2022-08,shared,trucks,LP,121,vehicles,NewVehicleRegistration-2023-08.pdf
ZAF,2022-08,shared,trucks,MP,305,vehicles,NewVehicleRegistration-2023-08.pdf
ZAF,2022-08,shared,trucks,NC,62,vehicles,NewVehicleRegistration-2023-08.pdf
ZAF,2022-08,shared,trucks,NW,75,vehicles,NewVehicleRegistration-2023-08.pdf
ZAF,2022-08,shared,trucks,WC,205,vehicles,NewVehicleRegistration-2023-08.pdf
ZAF,2022-08,shared,trucks,ZAF,2084,vehicles,NewVehicleRegistration-2023-08.pdf
ZAF,2022-09,shared,buses,EC,6,vehicles,NewVehicleRegistration-2023-09.pdf
ZAF,2022-09,shared,buses,FS,6,vehicles,NewVehicleRegistration-2023-09.pdf
ZAF,2022-09,shared,buses,GP,78,vehicles,NewVehicleRegistration-2023-09.pdf
ZAF,2022-09,shared,buses,KZN,36,vehicles,NewVehicleRegistration-2023-09.pdf
ZAF,2022-09,shared,buses,LP,11,vehicles,NewVehicleRegistration-2023-09.pdf
ZAF,2022-09,shared,buses,MP,34,vehicles,NewVehicleRegistration-2023-09.pdf
ZAF,2022-09,shared,buses,NC,8,vehicles,NewVehicleRegistration-2023-09.pdf
ZAF,2022-09,shared,buses,NW,21,vehicles,NewVehicleRegistration-2023-09.pdf
ZAF,2022-09,shared,buses,WC,17,vehicles,NewVehicleRegistration-2023-09.pdf
ZAF,2022-09,shared,buses,ZAF,217,vehicles,NewVehicleRegistration-2023-09.pdf
ZAF,2022-09,shared,cars,EC,1277,vehicles,NewVehicleRegistration-2023-09.pdf
ZAF,2022-09,shared,cars,FS,754,vehicles,NewVehicleRegistration-2023-09.pdf
ZAF,2022-09,shared,cars,GP,15835,vehicles,NewVehicleRegistration-2023-09.pdf
ZAF,2022-09,shared,cars,KZN,5098,vehicles,NewVehicleRegistration-2023-09.pdf
ZAF,2022-09,shared,cars,LP,904,vehicles,NewVehicleRegistration-2023-09.pdf
ZAF,2022-09,shared,cars,MP,1147,vehicles,NewVehicleRegistration-2023-09.pdf
ZAF,2022-09,shared,cars,NC,287,vehicles,NewVehicleRegistration-2023-09.pdf
ZAF,2022-09,shared,cars,NW,748,vehicles,NewVehicleRegistration-2023-09.pdf
ZAF,2022-09,shared,cars,WC,3495,vehicles,NewVehicleRegistration-2023-09.pdf
ZAF,2022-09,shared,cars,ZAF,29545,vehicles,NewVehicleRegistration-2023-09.pdf
ZAF,2022-09,shared,light_commercial,EC,573,vehicles,NewVehicleRegistration-2023-09.pdf
ZAF,2022-09,shared,light_commercial,FS,434,vehicles,NewVehicleRegistration-2023-09.pdf
ZAF,2022-09,shared,light_commercial,GP,4223,vehicles,NewVehicleRegistration-2023-09.pdf
ZAF,2022-09,shared,light_commercial,KZN,1413,vehicles,NewVehicleRegistration-2023-09.pdf
ZAF,2022-09,shared,light_commercial,LP,543,vehicles,NewVehicleRegistration-2023-09.pdf
ZAF,2022-09,shared,light_commercial,MP,744,vehicles,NewVehicleRegistration-2023-09.pdf
ZAF,2022-09,shared,light_commercial,NC,237,vehicles,NewVehicleRegistration-2023-09.pdf
ZAF,2022-09,shared,light_commercial,NW,459,vehicles,NewVehicleRegistration-2023-09.pdf
ZAF,2022-09,shared,light_commercial,WC,1080,vehicles,NewVehicleRegistration-2023-09.pdf
ZAF,2022-09,shared,light_commercial,ZAF,9706,vehicles,NewVehicleRegistration-2023-09.pdf
ZAF,2022-09,shared,minibuses,EC,180,vehicles,NewVehicleRegistration-2023-09.pdf
ZAF,2022-09,shared,minibuses,FS,34,vehicles,NewVehicleRegistration-2023-09.pdf
ZAF,2022-09,shared,minibuses,GP,791,vehicles,NewVehicleRegistration-2023-09.pdf
ZAF,2022-09,shared,minibuses,KZN,337,vehicles,NewVehicleRegistration-2023-09.pdf
ZAF,2022-09,shared,minibuses,LP,143,vehicles,NewVehicleRegistration-2023-09.pdf
ZAF,2022-09,shared,minibuses,MP,135,vehicles,NewVehicleRegistration-2023-09.pdf
ZAF,2022-09,shared,minibuses,NC,67,vehicles,NewVehicleRegistration-2023-09.pdf
ZAF,2022-09,shared,minibuses,NW,62,vehicles,NewVehicleRegistration-2023-09.pdf
ZAF,2022-09,shared,minibuses,WC,248,vehicles,NewVehicleRegistration-2023-09.pdf
ZAF,2022-09,shared,minibuses,ZAF,1997,vehicles,NewVehicleRegistration-2023-09.pdf
ZAF,2022-09,shared,motorcycles,EC,78,vehicles,NewVehicleRegistration-2023-09.pdf
ZAF,2022-09,shared,motorcycles,FS,92,vehicles,NewVehicleRegistration-2023-09.pdf
ZAF,2022-09,shared,motorcycles,GP,1441,vehicles,NewVehicleRegistration-2023-09.pdf
ZAF,2022-09,shared,motorcycles,KZN,320,vehicles,NewVehicleRegistration-2023-09.pdf
ZAF,2022-09,shared,motorcycles,LP,28,vehicles,NewVehicleRegistration-2023-09.pdf
ZAF,2022-09,shared,motorcycles,MP,86,vehicles,NewVehicleRegistration-2023-09.pdf
ZAF,2022-09,shared,motorcycles,NC,23,vehicles,NewVehicleRegistration-2023-09.pdf
ZAF,2022-09,shared,motorcycles,NW,72,vehicles,NewVehicleRegistration-2023-09.pdf
ZAF,2022-09,shared,motorcycles,WC,297,vehicles,NewVehicleRegistration-2023-09.pdf
ZAF,2022-09,shared,motorcycles,ZAF,2437,vehicles,NewVehicleRegistration-2023-09.pdf
ZAF,2022-09,shared,other_self_propelled,EC,64,vehicles,NewVehicleRegistration-2023-09.pdf
ZAF,2022-09,shared,other_self_propelled,FS,164,vehicles,NewVehicleRegistration-2023-09.pdf
ZAF,2022-09,shared,other_self_propelled,GP,203,vehicles,NewVehicleRegistration-2023-09.pdf
ZAF,2022-09,shared,other_self_propelled,KZN,135,vehicles,NewVehicleRegistration-2023-09.pdf
ZAF,2022-09,shared,other_self_propelled,LP,49,vehicles,NewVehicleRegistration-2023-09.pdf
ZAF,2022-09,shared,other_self_propelled,MP,134,vehicles,NewVehicleRegistration-2023-09.pdf
ZAF,2022-09,shared,other_self_propelled,NC,27,vehicles,NewVehicleRegistration-2023-09.pdf
ZAF,2022-09,shared,other_self_propelled,NW,69,vehicles,NewVehicleRegistration-2023-09.pdf
ZAF,2022-09,shared,other_self_propelled,WC,82,vehicles,NewVehicleRegistration-2023-09.pdf
ZAF,2022-09,shared,other_self_propelled,ZAF,927,vehicles,NewVehicleRegistration-2023-09.pdf
ZAF,2022-09,shared,total_self_propelled,EC,2269,vehicles,NewVehicleRegistration-2023-09.pdf
ZAF,2022-09,shared,total_self_propelled,FS,1643,vehicles,NewVehicleRegistration-2023-09.pdf
ZAF,2022-09,shared,total_self_propelled,GP,23438,vehicles,NewVehicleRegistration-2023-09.pdf
ZAF,2022-09,shared,total_self_propelled,KZN,7637,vehicles,NewVehicleRegistration-2023-09.pdf
ZAF,2022-09,shared,total_self_propelled,LP,1843,vehicles,NewVehicleRegistration-2023-09.pdf
ZAF,2022-09,shared,total_self_propelled,MP,2534,vehicles,NewVehicleRegistration-2023-09.pdf
ZAF,2022-09,shared,total_self_propelled,NC,682,vehicles,NewVehicleRegistration-2023-09.pdf
ZAF,2022-09,shared,total_self_propelled,NW,1477,vehicles,NewVehicleRegistration-2023-09.pdf
ZAF,2022-09,shared,total_self_propelled,WC,5435,vehicles,NewVehicleRegistration-2023-09.pdf
ZAF,2022-09,shared,total_self_propelled,ZAF,46958,vehicles,NewVehicleRegistration-2023-09.pdf
ZAF,2022-09,shared,trucks,EC,91,vehicles,NewVehicleRegistration-2023-09.pdf
ZAF,2022-09,shared,trucks,FS,159,vehicles,NewVehicleRegistration-2023-09.pdf
ZAF,2022-09,shared,trucks,GP,867,vehicles,NewVehicleRegistration-2023-09.pdf
ZAF,2022-09,shared,trucks,KZN,298,vehicles,NewVehicleRegistration-2023-09.pdf
ZAF,2022-09,shared,trucks,LP,165,vehicles,NewVehicleRegistration-2023-09.pdf
ZAF,2022-09,shared,trucks,MP,254,vehicles,NewVehicleRegistration-2023-09.pdf
ZAF,2022-09,shared,trucks,NC,33,vehicles,NewVehicleRegistration-2023-09.pdf
ZAF,2022-09,shared,trucks,NW,46,vehicles,NewVehicleRegistration-2023-09.pdf
ZAF,2022-09,shared,trucks,WC,216,vehicles,NewVehicleRegistration-2023-09.pdf
ZAF,2022-09,shared,trucks,ZAF,2129,vehicles,NewVehicleRegistration-2023-09.pdf
ZAF,2022-10,shared,buses,EC,3,vehicles,NewVehicleRegistration-2023-10.pdf
ZAF,2022-10,shared,buses,FS,10,vehicles,NewVehicleRegistration-2023-10.pdf
ZAF,2022-10,shared,buses,GP,78,vehicles,NewVehicleRegistration-2023-10.pdf
ZAF,2022-10,shared,buses,KZN,31,vehicles,NewVehicleRegistration-2023-10.pdf
ZAF,2022-10,shared,buses,LP,14,vehicles,NewVehicleRegistration-2023-10.pdf
ZAF,2022-10,shared,buses,MP,30,vehicles,NewVehicleRegistration-2023-10.pdf
ZAF,2022-10,shared,buses,NC,12,vehicles,NewVehicleRegistration-2023-10.pdf
ZAF,2022-10,shared,buses,NW,16,vehicles,NewVehicleRegistration-2023-10.pdf
ZAF,2022-10,shared,buses,WC,23,vehicles,NewVehicleRegistration-2023-10.pdf
ZAF,2022-10,shared,buses,ZAF,217,vehicles,NewVehicleRegistration-2023-10.pdf
ZAF,2022-10,shared,cars,EC,1305,vehicles,NewVehicleRegistration-2023-10.pdf
ZAF,2022-10,shared,cars,FS,647,vehicles,NewVehicleRegistration-2023-10.pdf
ZAF,2022-10,shared,cars,GP,14151,vehicles,NewVehicleRegistration-2023-10.pdf
ZAF,2022-10,shared,cars,KZN,5208,vehicles,NewVehicleRegistration-2023-10.pdf
ZAF,2022-10,shared,cars,LP,938,vehicles,NewVehicleRegistration-2023-10.pdf
ZAF,2022-10,shared,cars,MP,1094,vehicles,NewVehicleRegistration-2023-10.pdf
ZAF,2022-10,shared,cars,NC,275,vehicles,NewVehicleRegistration-2023-10.pdf
ZAF,2022-10,shared,cars,NW,706,vehicles,NewVehicleRegistration-2023-10.pdf
ZAF,2022-10,shared,cars,WC,3141,vehicles,NewVehicleRegistration-2023-10.pdf
ZAF,2022-10,shared,cars,ZAF,27465,vehicles,NewVehicleRegistration-2023-10.pdf
ZAF,2022-10,shared,light_commercial,EC,570,vehicles,NewVehicleRegistration-2023-10.pdf
ZAF,2022-10,shared,light_commercial,FS,388,vehicles,NewVehicleRegistration-2023-10.pdf
ZAF,2022-10,shared,light_commercial,GP,4041,vehicles,NewVehicleRegistration-2023-10.pdf
ZAF,2022-10,shared,light_commercial,KZN,1579,vehicles,NewVehicleRegistration-2023-10.pdf
ZAF,2022-10,shared,light_commercial,LP,492,vehicles,NewVehicleRegistration-2023-10.pdf
ZAF,2022-10,shared,light_commercial,MP,694,vehicles,NewVehicleRegistration-2023-10.pdf
ZAF,2022-10,shared,light_commercial,NC,206,vehicles,NewVehicleRegistration-2023-10.pdf
ZAF,2022-10,shared,light_commercial,NW,386,vehicles,NewVehicleRegistration-2023-10.pdf
ZAF,2022-10,shared,light_commercial,WC,991,vehicles,NewVehicleRegistration-2023-10.pdf
ZAF,2022-10,shared,light_commercial,ZAF,9347,vehicles,NewVehicleRegistration-2023-10.pdf
ZAF,2022-10,shared,minibuses,EC,153,vehicles,NewVehicleRegistration-2023-10.pdf
ZAF,2022-10,shared,minibuses,FS,29,vehicles,NewVehicleRegistration-2023-10.pdf
ZAF,2022-10,shared,minibuses,GP,614,vehicles,NewVehicleRegistration-2023-10.pdf
ZAF,2022-10,shared,minibuses,KZN,304,vehicles,NewVehicleRegistration-2023-10.pdf
ZAF,2022-10,shared,minibuses,LP,76,vehicles,NewVehicleRegistration-2023-10.pdf
ZAF,2022-10,shared,minibuses,MP,127,vehicles,NewVehicleRegistration-2023-10.pdf
ZAF,2022-10,shared,minibuses,NC,45,vehicles,NewVehicleRegistration-2023-10.pdf
ZAF,2022-10,shared,minibuses,NW,61,vehicles,NewVehicleRegistration-2023-10.pdf
ZAF,2022-10,shared,minibuses,WC,184,vehicles,NewVehicleRegistration-2023-10.pdf
ZAF,2022-10,shared,minibuses,ZAF,1593,vehicles,NewVehicleRegistration-2023-10.pdf
ZAF,2022-10,shared,motorcycles,EC,60,vehicles,NewVehicleRegistration-2023-10.pdf
ZAF,2022-10,shared,motorcycles,FS,81,vehicles,NewVehicleRegistration-2023-10.pdf
ZAF,2022-10,shared,motorcycles,GP,1176,vehicles,NewVehicleRegistration-2023-10.pdf
ZAF,2022-10,shared,motorcycles,KZN,280,vehicles,NewVehicleRegistration-2023-10.pdf
ZAF,2022-10,shared,motorcycles,LP,32,vehicles,NewVehicleRegistration-2023-10.pdf
ZAF,2022-10,shared,motorcycles,MP,74,vehicles,NewVehicleRegistration-2023-10.pdf
ZAF,2022-10,shared,motorcycles,NC,27,vehicles,NewVehicleRegistration-2023-10.pdf
ZAF,2022-10,shared,motorcycles,NW,49,vehicles,NewVehicleRegistration-2023-10.pdf
ZAF,2022-10,shared,motorcycles,WC,282,vehicles,NewVehicleRegistration-2023-10.pdf
ZAF,2022-10,shared,motorcycles,ZAF,2061,vehicles,NewVehicleRegistration-2023-10.pdf
ZAF,2022-10,shared,other_self_propelled,EC,63,vehicles,NewVehicleRegistration-2023-10.pdf
ZAF,2022-10,shared,other_self_propelled,FS,226,vehicles,NewVehicleRegistration-2023-10.pdf
ZAF,2022-10,shared,other_self_propelled,GP,179,vehicles,NewVehicleRegistration-2023-10.pdf
ZAF,2022-10,shared,other_self_propelled,KZN,103,vehicles,NewVehicleRegistration-2023-10.pdf
ZAF,2022-10,shared,other_self_propelled,LP,45,vehicles,NewVehicleRegistration-2023-10.pdf
ZAF,2022-10,shared,other_self_propelled,MP,121,vehicles,NewVehicleRegistration-2023-10.pdf
ZAF,2022-10,shared,other_self_propelled,NC,24,vehicles,NewVehicleRegistration-2023-10.pdf
ZAF,2022-10,shared,other_self_propelled,NW,77,vehicles,NewVehicleRegistration-2023-10.pdf
ZAF,2022-10,shared,other_self_propelled,WC,141,vehicles,NewVehicleRegistration-2023-10.pdf
ZAF,2022-10,shared,other_self_propelled,ZAF,979,vehicles,NewVehicleRegistration-2023-10.pdf
ZAF,2022-10,shared,total_self_propelled,EC,2252,vehicles,NewVehicleRegistration-2023-10.pdf
ZAF,2022-10,shared,total_self_propelled,FS,1529,vehicles,NewVehicleRegistration-2023-10.pdf
ZAF,2022-10,shared,total_self_propelled,GP,21102,vehicles,NewVehicleRegistration-2023-10.pdf
ZAF,2022-10,shared,total_self_propelled,KZN,7753,vehicles,NewVehicleRegistration-2023-10.pdf
ZAF,2022-10,shared,total_self_propelled,LP,1736,vehicles,NewVehicleRegistration-2023-10.pdf
ZAF,2022-10,shared,total_self_propelled,MP,2389,vehicles,NewVehicleRegistration-2023-10.pdf
ZAF,2022-10,shared,total_self_propelled,NC,631,vehicles,NewVehicleRegistration-2023-10.pdf
ZAF,2022-10,shared,total_self_propelled,NW,1372,vehicles,NewVehicleRegistration-2023-10.pdf
ZAF,2022-10,shared,total_self_propelled,WC,4971,vehicles,NewVehicleRegistration-2023-10.pdf
ZAF,2022-10,shared,total_self_propelled,ZAF,43735,vehicles,NewVehicleRegistration-2023-10.pdf
ZAF,2022-10,shared,trucks,EC,98,vehicles,NewVehicleRegistration-2023-10.pdf
ZAF,2022-10,shared,trucks,FS,148,vehicles,NewVehicleRegistration-2023-10.pdf
ZAF,2022-10,shared,trucks,GP,863,vehicles,NewVehicleRegistration-2023-10.pdf
ZAF,2022-10,shared,trucks,KZN,248,vehicles,NewVehicleRegistration-2023-10.pdf
ZAF,2022-10,shared,trucks,LP,139,vehicles,NewVehicleRegistration-2023-10.pdf
ZAF,2022-10,shared,trucks,MP,249,vehicles,NewVehicleRegistration-2023-10.pdf
ZAF,2022-10,shared,trucks,NC,42,vehicles,NewVehicleRegistration-2023-10.pdf
ZAF,2022-10,shared,trucks,NW,77,vehicles,NewVehicleRegistration-2023-10.pdf
ZAF,2022-10,shared,trucks,WC,209,vehicles,NewVehicleRegistration-2023-10.pdf
ZAF,2022-10,shared,trucks,ZAF,2073,vehicles,NewVehicleRegistration-2023-10.pdf
ZAF,2022-11,shared,buses,EC,12,vehicles,NewVehicleRegistration-2023-11.pdf
ZAF,2022-11,shared,buses,FS,11,vehicles,NewVehicleRegistration-2023-11.pdf
ZAF,2022-11,shared,buses,GP,70,vehicles,NewVehicleRegistration-2023-11.pdf
ZAF,2022-11,shared,buses,KZN,53,vehicles,NewVehicleRegistration-2023-11.pdf
ZAF,2022-11,shared,buses,LP,25,vehicles,NewVehicleRegistration-2023-11.pdf
ZAF,2022-11,shared,buses,MP,46,vehicles,NewVehicleRegistration-2023-11.pdf
ZAF,2022-11,shared,buses,NC,12,vehicles,NewVehicleRegistration-2023-11.pdf
ZAF,2022-11,shared,buses,NW,23,vehicles,NewVehicleRegistration-2023-11.pdf
ZAF,2022-11,shared,buses,WC,39,vehicles,NewVehicleRegistration-2023-11.pdf
ZAF,2022-11,shared,buses,ZAF,291,vehicles,NewVehicleRegistration-2023-11.pdf
ZAF,2022-11,shared,cars,EC,1394,vehicles,NewVehicleRegistration-2023-11.pdf
ZAF,2022-11,shared,cars,FS,602,vehicles,NewVehicleRegistration-2023-11.pdf
ZAF,2022-11,shared,cars,GP,12890,vehicles,NewVehicleRegistration-2023-11.pdf
ZAF,2022-11,shared,cars,KZN,4410,vehicles,NewVehicleRegistration-2023-11.pdf
ZAF,2022-11,shared,cars,LP,982,vehicles,NewVehicleRegistration-2023-11.pdf
ZAF,2022-11,shared,cars,MP,1073,vehicles,NewVehicleRegistration-2023-11.pdf
ZAF,2022-11,shared,cars,NC,261,vehicles,NewVehicleRegistration-2023-11.pdf
ZAF,2022-11,shared,cars,NW,791,vehicles,NewVehicleRegistration-2023-11.pdf
ZAF,2022-11,shared,cars,WC,3900,vehicles,NewVehicleRegistration-2023-11.pdf
ZAF,2022-11,shared,cars,ZAF,26303,vehicles,NewVehicleRegistration-2023-11.pdf
ZAF,2022-11,shared,light_commercial,EC,589,vehicles,NewVehicleRegistration-2023-11.pdf
ZAF,2022-11,shared,light_commercial,FS,386,vehicles,NewVehicleRegistration-2023-11.pdf
ZAF,2022-11,shared,light_commercial,GP,3673,vehicles,NewVehicleRegistration-2023-11.pdf
ZAF,2022-11,shared,light_commercial,KZN,1416,vehicles,NewVehicleRegistration-2023-11.pdf
ZAF,2022-11,shared,light_commercial,LP,492,vehicles,NewVehicleRegistration-2023-11.pdf
ZAF,2022-11,shared,light_commercial,MP,687,vehicles,NewVehicleRegistration-2023-11.pdf
ZAF,2022-11,shared,light_commercial,NC,235,vehicles,NewVehicleRegistration-2023-11.pdf
ZAF,2022-11,shared,light_commercial,NW,387,vehicles,NewVehicleRegistration-2023-11.pdf
ZAF,2022-11,shared,light_commercial,WC,1098,vehicles,NewVehicleRegistration-2023-11.pdf
ZAF,2022-11,shared,light_commercial,ZAF,8963,vehicles,NewVehicleRegistration-2023-11.pdf
ZAF,2022-11,shared,minibuses,EC,276,vehicles,NewVehicleRegistration-2023-11.pdf
ZAF,2022-11,shared,minibuses,FS,55,vehicles,NewVehicleRegistration-2023-11.pdf
ZAF,2022-11,shared,minibuses,GP,788,vehicles,NewVehicleRegistration-2023-11.pdf
ZAF,2022-11,shared,minibuses,KZN,358,vehicles,NewVehicleRegistration-2023-11.pdf
ZAF,2022-11,shared,minibuses,LP,222,vehicles,NewVehicleRegistration-2023-11.pdf
ZAF,2022-11,shared,minibuses,MP,161,vehicles,NewVehicleRegistration-2023-11.pdf
ZAF,2022-11,shared,minibuses,NC,59,vehicles,NewVehicleRegistration-2023-11.pdf
ZAF,2022-11,shared,minibuses,NW,112,vehicles,NewVehicleRegistration-2023-11.pdf
ZAF,2022-11,shared,minibuses,WC,272,vehicles,NewVehicleRegistration-2023-11.pdf
ZAF,2022-11,shared,minibuses,ZAF,2303,vehicles,NewVehicleRegistration-2023-11.pdf
ZAF,2022-11,shared,motorcycles,EC,98,vehicles,NewVehicleRegistration-2023-11.pdf
ZAF,2022-11,shared,motorcycles,FS,71,vehicles,NewVehicleRegistration-2023-11.pdf
ZAF,2022-11,shared,motorcycles,GP,1206,vehicles,NewVehicleRegistration-2023-11.pdf
ZAF,2022-11,shared,motorcycles,KZN,296,vehicles,NewVehicleRegistration-2023-11.pdf
ZAF,2022-11,shared,motorcycles,LP,26,vehicles,NewVehicleRegistration-2023-11.pdf
ZAF,2022-11,shared,motorcycles,MP,93,vehicles,NewVehicleRegistration-2023-11.pdf
ZAF,2022-11,shared,motorcycles,NC,20,vehicles,NewVehicleRegistration-2023-11.pdf
ZAF,2022-11,shared,motorcycles,NW,68,vehicles,NewVehicleRegistration-2023-11.pdf
ZAF,2022-11,shared,motorcycles,WC,369,vehicles,NewVehicleRegistration-2023-11.pdf
ZAF,2022-11,shared,motorcycles,ZAF,2247,vehicles,NewVehicleRegistration-2023-11.pdf
ZAF,2022-11,shared,other_self_propelled,EC,80,vehicles,NewVehicleRegistration-2023-11.pdf
ZAF,2022-11,shared,other_self_propelled,FS,184,vehicles,NewVehicleRegistration-2023-11.pdf
ZAF,2022-11,shared,other_self_propelled,GP,192,vehicles,NewVehicleRegistration-2023-11.pdf
ZAF,2022-11,shared,other_self_propelled,KZN,127,vehicles,NewVehicleRegistration-2023-11.pdf
ZAF,2022-11,shared,other_self_propelled,LP,59,vehicles,NewVehicleRegistration-2023-11.pdf
ZAF,2022-11,shared,other_self_propelled,MP,112,vehicles,NewVehicleRegistration-2023-11.pdf
ZAF,2022-11,shared,other_self_propelled,NC,45,vehicles,NewVehicleRegistration-2023-11.pdf
ZAF,2022-11,shared,other_self_propelled,NW,90,vehicles,NewVehicleRegistration-2023-11.pdf
ZAF,2022-11,shared,other_self_propelled,WC,114,vehicles,NewVehicleRegistration-2023-11.pdf
ZAF,2022-11,shared,other_self_propelled,ZAF,1003,vehicles,NewVehicleRegistration-2023-11.pdf
ZAF,2022-11,shared,total_self_propelled,EC,2539,vehicles,NewVehicleRegistration-2023-11.pdf
ZAF,2022-11,shared,total_self_propelled,FS,1435,vehicles,NewVehicleRegistration-2023-11.pdf
ZAF,2022-11,shared,total_self_propelled,GP,19787,vehicles,NewVehicleRegistration-2023-11.pdf
ZAF,2022-11,shared,total_self_propelled,KZN,6969,vehicles,NewVehicleRegistration-2023-11.pdf
ZAF,2022-11,shared,total_self_propelled,LP,2027,vehicles,NewVehicleRegistration-2023-11.pdf
ZAF,2022-11,shared,total_self_propelled,MP,2466,vehicles,NewVehicleRegistration-2023-11.pdf
ZAF,2022-11,shared,total_self_propelled,NC,676,vehicles,NewVehicleRegistration-2023-11.pdf
ZAF,2022-11,shared,total_self_propelled,NW,1526,vehicles,NewVehicleRegistration-2023-11.pdf
ZAF,2022-11,shared,total_self_propelled,WC,6059,vehicles,NewVehicleRegistration-2023-11.pdf
ZAF,2022-11,shared,total_self_propelled,ZAF,43484,vehicles,NewVehicleRegistration-2023-11.pdf
ZAF,2022-11,shared,trucks,EC,90,vehicles,NewVehicleRegistration-2023-11.pdf
ZAF,2022-11,shared,trucks,FS,126,vehicles,NewVehicleRegistration-2023-11.pdf
ZAF,2022-11,shared,trucks,GP,968,vehicles,NewVehicleRegistration-2023-11.pdf
ZAF,2022-11,shared,trucks,KZN,309,vehicles,NewVehicleRegistration-2023-11.pdf
ZAF,2022-11,shared,trucks,LP,221,vehicles,NewVehicleRegistration-2023-11.pdf
ZAF,2022-11,shared,trucks,MP,294,vehicles,NewVehicleRegistration-2023-11.pdf
ZAF,2022-11,shared,trucks,NC,44,vehicles,NewVehicleRegistration-2023-11.pdf
ZAF,2022-11,shared,trucks,NW,55,vehicles,NewVehicleRegistration-2023-11.pdf
ZAF,2022-11,shared,trucks,WC,267,vehicles,NewVehicleRegistration-2023-11.pdf
ZAF,2022-11,shared,trucks,ZAF,2374,vehicles,NewVehicleRegistration-2023-11.pdf
ZAF,2022-12,shared,buses,EC,3,vehicles,NewVehicleRegistration-2022-12.pdf
ZAF,2022-12,shared,buses,FS,2,vehicles,NewVehicleRegistration-2022-12.pdf
ZAF,2022-12,shared,buses,GP,55,vehicles,NewVehicleRegistration-2022-12.pdf
ZAF,2022-12,shared,buses,KZN,28,vehicles,NewVehicleRegistration-2022-12.pdf
ZAF,2022-12,shared,buses,LP,10,vehicles,NewVehicleRegistration-2022-12.pdf
ZAF,2022-12,shared,buses,MP,26,vehicles,NewVehicleRegistration-2022-12.pdf
ZAF,2022-12,shared,buses,NC,4,vehicles,NewVehicleRegistration-2022-12.pdf
ZAF,2022-12,shared,buses,NW,11,vehicles,NewVehicleRegistration-2022-12.pdf
ZAF,2022-12,shared,buses,WC,27,vehicles,NewVehicleRegistration-2022-12.pdf
ZAF,2022-12,shared,buses,ZAF,166,vehicles,NewVehicleRegistration-2022-12.pdf
ZAF,2022-12,shared,cars,EC,673,vehicles,NewVehicleRegistration-2022-12.pdf
ZAF,2022-12,shared,cars,FS,358,vehicles,NewVehicleRegistration-2022-12.pdf
ZAF,2022-12,shared,cars,GP,6662,vehicles,NewVehicleRegistration-2022-12.pdf
ZAF,2022-12,shared,cars,KZN,2326,vehicles,NewVehicleRegistration-2022-12.pdf
ZAF,2022-12,shared,cars,LP,650,vehicles,NewVehicleRegistration-2022-12.pdf
ZAF,2022-12,shared,cars,MP,613,vehicles,NewVehicleRegistration-2022-12.pdf
ZAF,2022-12,shared,cars,NC,195,vehicles,NewVehicleRegistration-2022-12.pdf
ZAF,2022-12,shared,cars,NW,447,vehicles,NewVehicleRegistration-2022-12.pdf
ZAF,2022-12,shared,cars,WC,1631,vehicles,NewVehicleRegistration-2022-12.pdf
ZAF,2022-12,shared,cars,ZAF,13555,vehicles,NewVehicleRegistration-2022-12.pdf
ZAF,2022-12,shared,light_commercial,EC,273,vehicles,NewVehicleRegistration-2022-12.pdf
ZAF,2022-12,shared,light_commercial,FS,191,vehicles,NewVehicleRegistration-2022-12.pdf
ZAF,2022-12,shared,light_commercial,GP,1617,vehicles,NewVehicleRegistration-2022-12.pdf
ZAF,2022-12,shared,light_commercial,KZN,727,vehicles,NewVehicleRegistration-2022-12.pdf
ZAF,2022-12,shared,light_commercial,LP,273,vehicles,NewVehicleRegistration-2022-12.pdf
ZAF,2022-12,shared,light_commercial,MP,320,vehicles,NewVehicleRegistration-2022-12.pdf
ZAF,2022-12,shared,light_commercial,NC,106,vehicles,NewVehicleRegistration-2022-12.pdf
ZAF,2022-12,shared,light_commercial,NW,216,vehicles,NewVehicleRegistration-2022-12.pdf
ZAF,2022-12,shared,light_commercial,WC,436,vehicles,NewVehicleRegistration-2022-12.pdf
ZAF,2022-12,shared,light_commercial,ZAF,4159,vehicles,NewVehicleRegistration-2022-12.pdf
ZAF,2022-12,shared,minibuses,EC,155,vehicles,NewVehicleRegistration-2022-12.pdf
ZAF,2022-12,shared,minibuses,FS,49,vehicles,NewVehicleRegistration-2022-12.pdf
ZAF,2022-12,shared,minibuses,GP,715,vehicles,NewVehicleRegistration-2022-12.pdf
ZAF,2022-12,shared,minibuses,KZN,293,vehicles,NewVehicleRegistration-2022-12.pdf
ZAF,2022-12,shared,minibuses,LP,128,vehicles,NewVehicleRegistration-2022-12.pdf
ZAF,2022-12,shared,minibuses,MP,120,vehicles,NewVehicleRegistration-2022-12.pdf
ZAF,2022-12,shared,minibuses,NC,52,vehicles,NewVehicleRegistration-2022-12.pdf
ZAF,2022-12,shared,minibuses,NW,86,vehicles,NewVehicleRegistration-2022-12.pdf
ZAF,2022-12,shared,minibuses,WC,172,vehicles,NewVehicleRegistration-2022-12.pdf
ZAF,2022-12,shared,minibuses,ZAF,1770,vehicles,NewVehicleRegistration-2022-12.pdf
ZAF,2022-12,shared,motorcycles,EC,47,vehicles,NewVehicleRegistration-2022-12.pdf
ZAF,2022-12,shared,motorcycles,FS,47,vehicles,NewVehicleRegistration-2022-12.pdf
ZAF,2022-12,shared,motorcycles,GP,864,vehicles,NewVehicleRegistration-2022-12.pdf
ZAF,2022-12,shared,motorcycles,KZN,212,vehicles,NewVehicleRegistration-2022-12.pdf
ZAF,2022-12,shared,motorcycles,LP,23,vehicles,NewVehicleRegistration-2022-12.pdf
ZAF,2022-12,shared,motorcycles,MP,43,vehicles,NewVehicleRegistration-2022-12.pdf
ZAF,2022-12,shared,motorcycles,NC,10,vehicles,NewVehicleRegistration-2022-12.pdf
ZAF,2022-12,shared,motorcycles,NW,29,vehicles,NewVehicleRegistration-2022-12.pdf
ZAF,2022-12,shared,motorcycles,WC,233,vehicles,NewVehicleRegistration-2022-12.pdf
ZAF,2022-12,shared,motorcycles,ZAF,1508,vehicles,NewVehicleRegistration-2022-12.pdf
ZAF,2022-12,shared,other_self_propelled,EC,36,vehicles,NewVehicleRegistration-2022-12.pdf
ZAF,2022-12,shared,other_self_propelled,FS,93,vehicles,NewVehicleRegistration-2022-12.pdf
ZAF,2022-12,shared,other_self_propelled,GP,149,vehicles,NewVehicleRegistration-2022-12.pdf
ZAF,2022-12,shared,other_self_propelled,KZN,54,vehicles,NewVehicleRegistration-2022-12.pdf
ZAF,2022-12,shared,other_self_propelled,LP,31,vehicles,NewVehicleRegistration-2022-12.pdf
ZAF,2022-12,shared,other_self_propelled,MP,53,vehicles,NewVehicleRegistration-2022-12.pdf
ZAF,2022-12,shared,other_self_propelled,NC,28,vehicles,NewVehicleRegistration-2022-12.pdf
ZAF,2022-12,shared,other_self_propelled,NW,59,vehicles,NewVehicleRegistration-2022-12.pdf
ZAF,2022-12,shared,other_self_propelled,WC,60,vehicles,NewVehicleRegistration-2022-12.pdf
ZAF,2022-12,shared,other_self_propelled,ZAF,563,vehicles,NewVehicleRegistration-2022-12.pdf
ZAF,2022-12,shared,total_self_propelled,EC,1224,vehicles,NewVehicleRegistration-2022-12.pdf
ZAF,2022-12,shared,total_self_propelled,FS,816,vehicles,NewVehicleRegistration-2022-12.pdf
ZAF,2022-12,shared,total_self_propelled,GP,10703,vehicles,NewVehicleRegistration-2022-12.pdf
ZAF,2022-12,shared,total_self_propelled,KZN,3807,vehicles,NewVehicleRegistration-2022-12.pdf
ZAF,2022-12,shared,total_self_propelled,LP,1201,vehicles,NewVehicleRegistration-2022-12.pdf
ZAF,2022-12,shared,total_self_propelled,MP,1354,vehicles,NewVehicleRegistration-2022-12.pdf
ZAF,2022-12,shared,total_self_propelled,NC,434,vehicles,NewVehicleRegistration-2022-12.pdf
ZAF,2022-12,shared,total_self_propelled,NW,890,vehicles,NewVehicleRegistration-2022-12.pdf
ZAF,2022-12,shared,total_self_propelled,WC,2758,vehicles,NewVehicleRegistration-2022-12.pdf
ZAF,2022-12,shared,total_self_propelled,ZAF,23187,vehicles,NewVehicleRegistration-2022-12.pdf
ZAF,2022-12,shared,trucks,EC,37,vehicles,NewVehicleRegistration-2022-12.pdf
ZAF,2022-12,shared,trucks,FS,76,vehicles,NewVehicleRegistration-2022-12.pdf
ZAF,2022-12,shared,trucks,GP,641,vehicles,NewVehicleRegistration-2022-12.pdf
ZAF,2022-12,shared,trucks,KZN,167,vehicles,NewVehicleRegistration-2022-12.pdf
ZAF,2022-12,shared,trucks,LP,86,vehicles,NewVehicleRegistration-2022-12.pdf
ZAF,2022-12,shared,trucks,MP,179,vehicles,NewVehicleRegistration-2022-12.pdf
ZAF,2022-12,shared,trucks,NC,39,vehicles,NewVehicleRegistration-2022-12.pdf
ZAF,2022-12,shared,trucks,NW,42,vehicles,NewVehicleRegistration-2022-12.pdf
ZAF,2022-12,shared,trucks,WC,199,vehicles,NewVehicleRegistration-2022-12.pdf
ZAF,2022-12,shared,trucks,ZAF,1466,vehicles,NewVehicleRegistration-2022-12.pdf
ZAF,2023-01,shared,buses,EC,6,vehicles,NewVehicleRegistration-2024-01.pdf
ZAF,2023-01,shared,buses,FS,0,vehicles,NewVehicleRegistration-2024-01.pdf
ZAF,2023-01,shared,buses,GP,73,vehicles,NewVehicleRegistration-2024-01.pdf
ZAF,2023-01,shared,buses,KZN,20,vehicles,NewVehicleRegistration-2024-01.pdf
ZAF,2023-01,shared,buses,LP,6,vehicles,NewVehicleRegistration-2024-01.pdf
ZAF,2023-01,shared,buses,MP,62,vehicles,NewVehicleRegistration-2024-01.pdf
ZAF,2023-01,shared,buses,NC,8,vehicles,NewVehicleRegistration-2024-01.pdf
ZAF,2023-01,shared,buses,NW,3,vehicles,NewVehicleRegistration-2024-01.pdf
ZAF,2023-01,shared,buses,WC,14,vehicles,NewVehicleRegistration-2024-01.pdf
ZAF,2023-01,shared,buses,ZAF,192,vehicles,NewVehicleRegistration-2024-01.pdf
ZAF,2023-01,shared,cars,EC,2165,vehicles,NewVehicleRegistration-2024-01.pdf
ZAF,2023-01,shared,cars,FS,1134,vehicles,NewVehicleRegistration-2024-01.pdf
ZAF,2023-01,shared,cars,GP,24789,vehicles,NewVehicleRegistration-2024-01.pdf
ZAF,2023-01,shared,cars,KZN,8314,vehicles,NewVehicleRegistration-2024-01.pdf
ZAF,2023-01,shared,cars,LP,1356,vehicles,NewVehicleRegistration-2024-01.pdf
ZAF,2023-01,shared,cars,MP,1755,vehicles,NewVehicleRegistration-2024-01.pdf
ZAF,2023-01,shared,cars,NC,404,vehicles,NewVehicleRegistration-2024-01.pdf
ZAF,2023-01,shared,cars,NW,1388,vehicles,NewVehicleRegistration-2024-01.pdf
ZAF,2023-01,shared,cars,WC,5527,vehicles,NewVehicleRegistration-2024-01.pdf
ZAF,2023-01,shared,cars,ZAF,46832,vehicles,NewVehicleRegistration-2024-01.pdf
ZAF,2023-01,shared,light_commercial,EC,829,vehicles,NewVehicleRegistration-2024-01.pdf
ZAF,2023-01,shared,light_commercial,FS,670,vehicles,NewVehicleRegistration-2024-01.pdf
ZAF,2023-01,shared,light_commercial,GP,5801,vehicles,NewVehicleRegistration-2024-01.pdf
ZAF,2023-01,shared,light_commercial,KZN,1943,vehicles,NewVehicleRegistration-2024-01.pdf
ZAF,2023-01,shared,light_commercial,LP,690,vehicles,NewVehicleRegistration-2024-01.pdf
ZAF,2023-01,shared,light_commercial,MP,1064,vehicles,NewVehicleRegistration-2024-01.pdf
ZAF,2023-01,shared,light_commercial,NC,306,vehicles,NewVehicleRegistration-2024-01.pdf
ZAF,2023-01,shared,light_commercial,NW,644,vehicles,NewVehicleRegistration-2024-01.pdf
ZAF,2023-01,shared,light_commercial,WC,1392,vehicles,NewVehicleRegistration-2024-01.pdf
ZAF,2023-01,shared,light_commercial,ZAF,13339,vehicles,NewVehicleRegistration-2024-01.pdf
ZAF,2023-01,shared,minibuses,EC,139,vehicles,NewVehicleRegistration-2024-01.pdf
ZAF,2023-01,shared,minibuses,FS,38,vehicles,NewVehicleRegistration-2024-01.pdf
ZAF,2023-01,shared,minibuses,GP,1041,vehicles,NewVehicleRegistration-2024-01.pdf
ZAF,2023-01,shared,minibuses,KZN,310,vehicles,NewVehicleRegistration-2024-01.pdf
ZAF,2023-01,shared,minibuses,LP,136,vehicles,NewVehicleRegistration-2024-01.pdf
ZAF,2023-01,shared,minibuses,MP,145,vehicles,NewVehicleRegistration-2024-01.pdf
ZAF,2023-01,shared,minibuses,NC,43,vehicles,NewVehicleRegistration-2024-01.pdf
ZAF,2023-01,shared,minibuses,NW,72,vehicles,NewVehicleRegistration-2024-01.pdf
ZAF,2023-01,shared,minibuses,WC,156,vehicles,NewVehicleRegistration-2024-01.pdf
ZAF,2023-01,shared,minibuses,ZAF,2080,vehicles,NewVehicleRegistration-2024-01.pdf
ZAF,2023-01,shared,motorcycles,EC,76,vehicles,NewVehicleRegistration-2024-01.pdf
ZAF,2023-01,shared,motorcycles,FS,78,vehicles,NewVehicleRegistration-2024-01.pdf
ZAF,2023-01,shared,motorcycles,GP,1402,vehicles,NewVehicleRegistration-2024-01.pdf
ZAF,2023-01,shared,motorcycles,KZN,272,vehicles,NewVehicleRegistration-2024-01.pdf
ZAF,2023-01,shared,motorcycles,LP,22,vehicles,NewVehicleRegistration-2024-01.pdf
ZAF,2023-01,shared,motorcycles,MP,65,vehicles,NewVehicleRegistration-2024-01.pdf
ZAF,2023-01,shared,motorcycles,NC,18,vehicles,NewVehicleRegistration-2024-01.pdf
ZAF,2023-01,shared,motorcycles,NW,37,vehicles,NewVehicleRegistration-2024-01.pdf
ZAF,2023-01,shared,motorcycles,WC,451,vehicles,NewVehicleRegistration-2024-01.pdf
ZAF,2023-01,shared,motorcycles,ZAF,2421,vehicles,NewVehicleRegistration-2024-01.pdf
ZAF,2023-01,shared,other_self_propelled,EC,57,vehicles,NewVehicleRegistration-2024-01.pdf
ZAF,2023-01,shared,other_self_propelled,FS,143,vehicles,NewVehicleRegistration-2024-01.pdf
ZAF,2023-01,shared,other_self_propelled,GP,135,vehicles,NewVehicleRegistration-2024-01.pdf
ZAF,2023-01,shared,other_self_propelled,KZN,75,vehicles,NewVehicleRegistration-2024-01.pdf
ZAF,2023-01,shared,other_self_propelled,LP,66,vehicles,NewVehicleRegistration-2024-01.pdf
ZAF,2023-01,shared,other_self_propelled,MP,79,vehicles,NewVehicleRegistration-2024-01.pdf
ZAF,2023-01,shared,other_self_propelled,NC,27,vehicles,NewVehicleRegistration-2024-01.pdf
ZAF,2023-01,shared,other_self_propelled,NW,92,vehicles,NewVehicleRegistration-2024-01.pdf
ZAF,2023-01,shared,other_self_propelled,WC,69,vehicles,NewVehicleRegistration-2024-01.pdf
ZAF,2023-01,shared,other_self_propelled,ZAF,743,vehicles,NewVehicleRegistration-2024-01.pdf
ZAF,2023-01,shared,total_self_propelled,EC,3315,vehicles,NewVehicleRegistration-2024-01.pdf
ZAF,2023-01,shared,total_self_propelled,FS,2154,vehicles,NewVehicleRegistration-2024-01.pdf
ZAF,2023-01,shared,total_self_propelled,GP,33956,vehicles,NewVehicleRegistration-2024-01.pdf
ZAF,2023-01,shared,total_self_propelled,KZN,11173,vehicles,NewVehicleRegistration-2024-01.pdf
ZAF,2023-01,shared,total_self_propelled,LP,2382,vehicles,NewVehicleRegistration-2024-01.pdf
ZAF,2023-01,shared,total_self_propelled,MP,3430,vehicles,NewVehicleRegistration-2024-01.pdf
ZAF,2023-01,shared,total_self_propelled,NC,822,vehicles,NewVehicleRegistration-2024-01.pdf
ZAF,2023-01,shared,total_self_propelled,NW,2329,vehicles,NewVehicleRegistration-2024-01.pdf
ZAF,2023-01,shared,total_self_propelled,WC,7768,vehicles,NewVehicleRegistration-2024-01.pdf
ZAF,2023-01,shared,total_self_propelled,ZAF,67329,vehicles,NewVehicleRegistration-2024-01.pdf
ZAF,2023-01,shared,trucks,EC,43,vehicles,NewVehicleRegistration-2024-01.pdf
ZAF,2023-01,shared,trucks,FS,91,vehicles,NewVehicleRegistration-2024-01.pdf
ZAF,2023-01,shared,trucks,GP,715,vehicles,NewVehicleRegistration-2024-01.pdf
ZAF,2023-01,shared,trucks,KZN,239,vehicles,NewVehicleRegistration-2024-01.pdf
ZAF,2023-01,shared,trucks,LP,106,vehicles,NewVehicleRegistration-2024-01.pdf
ZAF,2023-01,shared,trucks,MP,260,vehicles,NewVehicleRegistration-2024-01.pdf
ZAF,2023-01,shared,trucks,NC,16,vehicles,NewVehicleRegistration-2024-01.pdf
ZAF,2023-01,shared,trucks,NW,93,vehicles,NewVehicleRegistration-2024-01.pdf
ZAF,2023-01,shared,trucks,WC,159,vehicles,NewVehicleRegistration-2024-01.pdf
ZAF,2023-01,shared,trucks,ZAF,1722,vehicles,NewVehicleRegistration-2024-01.pdf
ZAF,2023-02,shared,buses,EC,13,vehicles,NewVehicleRegistration-2024-02.pdf
ZAF,2023-02,shared,buses,FS,4,vehicles,NewVehicleRegistration-2024-02.pdf
ZAF,2023-02,shared,buses,GP,82,vehicles,NewVehicleRegistration-2024-02.pdf
ZAF,2023-02,shared,buses,KZN,43,vehicles,NewVehicleRegistration-2024-02.pdf
ZAF,2023-02,shared,buses,LP,11,vehicles,NewVehicleRegistration-2024-02.pdf
ZAF,2023-02,shared,buses,MP,22,vehicles,NewVehicleRegistration-2024-02.pdf
ZAF,2023-02,shared,buses,NC,9,vehicles,NewVehicleRegistration-2024-02.pdf
ZAF,2023-02,shared,buses,NW,2,vehicles,NewVehicleRegistration-2024-02.pdf
ZAF,2023-02,shared,buses,WC,22,vehicles,NewVehicleRegistration-2024-02.pdf
ZAF,2023-02,shared,buses,ZAF,208,vehicles,NewVehicleRegistration-2024-02.pdf
ZAF,2023-02,shared,cars,EC,1731,vehicles,NewVehicleRegistration-2024-02.pdf
ZAF,2023-02,shared,cars,FS,729,vehicles,NewVehicleRegistration-2024-02.pdf
ZAF,2023-02,shared,cars,GP,14026,vehicles,NewVehicleRegistration-2024-02.pdf
ZAF,2023-02,shared,cars,KZN,4771,vehicles,NewVehicleRegistration-2024-02.pdf
ZAF,2023-02,shared,cars,LP,883,vehicles,NewVehicleRegistration-2024-02.pdf
ZAF,2023-02,shared,cars,MP,1159,vehicles,NewVehicleRegistration-2024-02.pdf
ZAF,2023-02,shared,cars,NC,246,vehicles,NewVehicleRegistration-2024-02.pdf
ZAF,2023-02,shared,cars,NW,759,vehicles,NewVehicleRegistration-2024-02.pdf
ZAF,2023-02,shared,cars,WC,3005,vehicles,NewVehicleRegistration-2024-02.pdf
ZAF,2023-02,shared,cars,ZAF,27309,vehicles,NewVehicleRegistration-2024-02.pdf
ZAF,2023-02,shared,light_commercial,EC,609,vehicles,NewVehicleRegistration-2024-02.pdf
ZAF,2023-02,shared,light_commercial,FS,398,vehicles,NewVehicleRegistration-2024-02.pdf
ZAF,2023-02,shared,light_commercial,GP,4155,vehicles,NewVehicleRegistration-2024-02.pdf
ZAF,2023-02,shared,light_commercial,KZN,1375,vehicles,NewVehicleRegistration-2024-02.pdf
ZAF,2023-02,shared,light_commercial,LP,494,vehicles,NewVehicleRegistration-2024-02.pdf
ZAF,2023-02,shared,light_commercial,MP,734,vehicles,NewVehicleRegistration-2024-02.pdf
ZAF,2023-02,shared,light_commercial,NC,219,vehicles,NewVehicleRegistration-2024-02.pdf
ZAF,2023-02,shared,light_commercial,NW,487,vehicles,NewVehicleRegistration-2024-02.pdf
ZAF,2023-02,shared,light_commercial,WC,1015,vehicles,NewVehicleRegistration-2024-02.pdf
ZAF,2023-02,shared,light_commercial,ZAF,9486,vehicles,NewVehicleRegistration-2024-02.pdf
ZAF,2023-02,shared,minibuses,EC,191,vehicles,NewVehicleRegistration-2024-02.pdf
ZAF,2023-02,shared,minibuses,FS,52,vehicles,NewVehicleRegistration-2024-02.pdf
ZAF,2023-02,shared,minibuses,GP,722,vehicles,NewVehicleRegistration-2024-02.pdf
ZAF,2023-02,shared,minibuses,KZN,262,vehicles,NewVehicleRegistration-2024-02.pdf
ZAF,2023-02,shared,minibuses,LP,106,vehicles,NewVehicleRegistration-2024-02.pdf
ZAF,2023-02,shared,minibuses,MP,111,vehicles,NewVehicleRegistration-2024-02.pdf
ZAF,2023-02,shared,minibuses,NC,25,vehicles,NewVehicleRegistration-2024-02.pdf
ZAF,2023-02,shared,minibuses,NW,69,vehicles,NewVehicleRegistration-2024-02.pdf
ZAF,2023-02,shared,minibuses,WC,179,vehicles,NewVehicleRegistration-2024-02.pdf
ZAF,2023-02,shared,minibuses,ZAF,1717,vehicles,NewVehicleRegistration-2024-02.pdf
ZAF,2023-02,shared,motorcycles,EC,72,vehicles,NewVehicleRegistration-2024-02.pdf
ZAF,2023-02,shared,motorcycles,FS,69,vehicles,NewVehicleRegistration-2024-02.pdf
ZAF,2023-02,shared,motorcycles,GP,1072,vehicles,NewVehicleRegistration-2024-02.pdf
ZAF,2023-02,shared,motorcycles,KZN,278,vehicles,NewVehicleRegistration-2024-02.pdf
ZAF,2023-02,shared,motorcycles,LP,39,vehicles,NewVehicleRegistration-2024-02.pdf
ZAF,2023-02,shared,motorcycles,MP,54,vehicles,NewVehicleRegistration-2024-02.pdf
ZAF,2023-02,shared,motorcycles,NC,23,vehicles,NewVehicleRegistration-2024-02.pdf
ZAF,2023-02,shared,motorcycles,NW,56,vehicles,NewVehicleRegistration-2024-02.pdf
ZAF,2023-02,shared,motorcycles,WC,336,vehicles,NewVehicleRegistration-2024-02.pdf
ZAF,2023-02,shared,motorcycles,ZAF,1999,vehicles,NewVehicleRegistration-2024-02.pdf
ZAF,2023-02,shared,other_self_propelled,EC,74,vehicles,NewVehicleRegistration-2024-02.pdf
ZAF,2023-02,shared,other_self_propelled,FS,115,vehicles,NewVehicleRegistration-2024-02.pdf
ZAF,2023-02,shared,other_self_propelled,GP,215,vehicles,NewVehicleRegistration-2024-02.pdf
ZAF,2023-02,shared,other_self_propelled,KZN,74,vehicles,NewVehicleRegistration-2024-02.pdf
ZAF,2023-02,shared,other_self_propelled,LP,49,vehicles,NewVehicleRegistration-2024-02.pdf
ZAF,2023-02,shared,other_self_propelled,MP,84,vehicles,NewVehicleRegistration-2024-02.pdf
ZAF,2023-02,shared,other_self_propelled,NC,27,vehicles,NewVehicleRegistration-2024-02.pdf
ZAF,2023-02,shared,other_self_propelled,NW,101,vehicles,NewVehicleRegistration-2024-02.pdf
ZAF,2023-02,shared,other_self_propelled,WC,103,vehicles,NewVehicleRegistration-2024-02.pdf
ZAF,2023-02,shared,other_self_propelled,ZAF,842,vehicles,NewVehicleRegistration-2024-02.pdf
ZAF,2023-02,shared,total_self_propelled,EC,2782,vehicles,NewVehicleRegistration-2024-02.pdf
ZAF,2023-02,shared,total_self_propelled,FS,1478,vehicles,NewVehicleRegistration-2024-02.pdf
ZAF,2023-02,shared,total_self_propelled,GP,21030,vehicles,NewVehicleRegistration-2024-02.pdf
ZAF,2023-02,shared,total_self_propelled,KZN,7023,vehicles,NewVehicleRegistration-2024-02.pdf
ZAF,2023-02,shared,total_self_propelled,LP,1682,vehicles,NewVehicleRegistration-2024-02.pdf
ZAF,2023-02,shared,total_self_propelled,MP,2385,vehicles,NewVehicleRegistration-2024-02.pdf
ZAF,2023-02,shared,total_self_propelled,NC,569,vehicles,NewVehicleRegistration-2024-02.pdf
ZAF,2023-02,shared,total_self_propelled,NW,1567,vehicles,NewVehicleRegistration-2024-02.pdf
ZAF,2023-02,shared,total_self_propelled,WC,4839,vehicles,NewVehicleRegistration-2024-02.pdf
ZAF,2023-02,shared,total_self_propelled,ZAF,43355,vehicles,NewVehicleRegistration-2024-02.pdf
ZAF,2023-02,shared,trucks,EC,92,vehicles,NewVehicleRegistration-2024-02.pdf
ZAF,2023-02,shared,trucks,FS,111,vehicles,NewVehicleRegistration-2024-02.pdf
ZAF,2023-02,shared,trucks,GP,758,vehicles,NewVehicleRegistration-2024-02.pdf
ZAF,2023-02,shared,trucks,KZN,220,vehicles,NewVehicleRegistration-2024-02.pdf
ZAF,2023-02,shared,trucks,LP,100,vehicles,NewVehicleRegistration-2024-02.pdf
ZAF,2023-02,shared,trucks,MP,221,vehicles,NewVehicleRegistration-2024-02.pdf
ZAF,2023-02,shared,trucks,NC,20,vehicles,NewVehicleRegistration-2024-02.pdf
ZAF,2023-02,shared,trucks,NW,93,vehicles,NewVehicleRegistration-2024-02.pdf
ZAF,2023-02,shared,trucks,WC,179,vehicles,NewVehicleRegistration-2024-02.pdf
ZAF,2023-02,shared,trucks,ZAF,1794,vehicles,NewVehicleRegistration-2024-02.pdf
ZAF,2023-03,shared,buses,EC,12,vehicles,NewVehicleRegistration-2024-03.pdf
ZAF,2023-03,shared,buses,FS,34,vehicles,NewVehicleRegistration-2024-03.pdf
ZAF,2023-03,shared,buses,GP,98,vehicles,NewVehicleRegistration-2024-03.pdf
ZAF,2023-03,shared,buses,KZN,16,vehicles,NewVehicleRegistration-2024-03.pdf
ZAF,2023-03,shared,buses,LP,13,vehicles,NewVehicleRegistration-2024-03.pdf
ZAF,2023-03,shared,buses,MP,27,vehicles,NewVehicleRegistration-2024-03.pdf
ZAF,2023-03,shared,buses,NC,6,vehicles,NewVehicleRegistration-2024-03.pdf
ZAF,2023-03,shared,buses,NW,8,vehicles,NewVehicleRegistration-2024-03.pdf
ZAF,2023-03,shared,buses,WC,45,vehicles,NewVehicleRegistration-2024-03.pdf
ZAF,2023-03,shared,buses,ZAF,259,vehicles,NewVehicleRegistration-2024-03.pdf
ZAF,2023-03,shared,cars,EC,1546,vehicles,NewVehicleRegistration-2024-03.pdf
ZAF,2023-03,shared,cars,FS,785,vehicles,NewVehicleRegistration-2024-03.pdf
ZAF,2023-03,shared,cars,GP,14896,vehicles,NewVehicleRegistration-2024-03.pdf
ZAF,2023-03,shared,cars,KZN,5483,vehicles,NewVehicleRegistration-2024-03.pdf
ZAF,2023-03,shared,cars,LP,1006,vehicles,NewVehicleRegistration-2024-03.pdf
ZAF,2023-03,shared,cars,MP,1199,vehicles,NewVehicleRegistration-2024-03.pdf
ZAF,2023-03,shared,cars,NC,307,vehicles,NewVehicleRegistration-2024-03.pdf
ZAF,2023-03,shared,cars,NW,925,vehicles,NewVehicleRegistration-2024-03.pdf
ZAF,2023-03,shared,cars,WC,3447,vehicles,NewVehicleRegistration-2024-03.pdf
ZAF,2023-03,shared,cars,ZAF,29594,vehicles,NewVehicleRegistration-2024-03.pdf
ZAF,2023-03,shared,light_commercial,EC,698,vehicles,NewVehicleRegistration-2024-03.pdf
ZAF,2023-03,shared,light_commercial,FS,543,vehicles,NewVehicleRegistration-2024-03.pdf
ZAF,2023-03,shared,light_commercial,GP,4802,vehicles,NewVehicleRegistration-2024-03.pdf
ZAF,2023-03,shared,light_commercial,KZN,1586,vehicles,NewVehicleRegistration-2024-03.pdf
ZAF,2023-03,shared,light_commercial,LP,677,vehicles,NewVehicleRegistration-2024-03.pdf
ZAF,2023-03,shared,light_commercial,MP,894,vehicles,NewVehicleRegistration-2024-03.pdf
ZAF,2023-03,shared,light_commercial,NC,286,vehicles,NewVehicleRegistration-2024-03.pdf
ZAF,2023-03,shared,light_commercial,NW,534,vehicles,NewVehicleRegistration-2024-03.pdf
ZAF,2023-03,shared,light_commercial,WC,1192,vehicles,NewVehicleRegistration-2024-03.pdf
ZAF,2023-03,shared,light_commercial,ZAF,11212,vehicles,NewVehicleRegistration-2024-03.pdf
ZAF,2023-03,shared,minibuses,EC,156,vehicles,NewVehicleRegistration-2024-03.pdf
ZAF,2023-03,shared,minibuses,FS,37,vehicles,NewVehicleRegistration-2024-03.pdf
ZAF,2023-03,shared,minibuses,GP,866,vehicles,NewVehicleRegistration-2024-03.pdf
ZAF,2023-03,shared,minibuses,KZN,272,vehicles,NewVehicleRegistration-2024-03.pdf
ZAF,2023-03,shared,minibuses,LP,135,vehicles,NewVehicleRegistration-2024-03.pdf
ZAF,2023-03,shared,minibuses,MP,145,vehicles,NewVehicleRegistration-2024-03.pdf
ZAF,2023-03,shared,minibuses,NC,39,vehicles,NewVehicleRegistration-2024-03.pdf
ZAF,2023-03,shared,minibuses,NW,82,vehicles,NewVehicleRegistration-2024-03.pdf
ZAF,2023-03,shared,minibuses,WC,235,vehicles,NewVehicleRegistration-2024-03.pdf
ZAF,2023-03,shared,minibuses,ZAF,1967,vehicles,NewVehicleRegistration-2024-03.pdf
ZAF,2023-03,shared,motorcycles,EC,77,vehicles,NewVehicleRegistration-2024-03.pdf
ZAF,2023-03,shared,motorcycles,FS,77,vehicles,NewVehicleRegistration-2024-03.pdf
ZAF,2023-03,shared,motorcycles,GP,1377,vehicles,NewVehicleRegistration-2024-03.pdf
ZAF,2023-03,shared,motorcycles,KZN,278,vehicles,NewVehicleRegistration-2024-03.pdf
ZAF,2023-03,shared,motorcycles,LP,41,vehicles,NewVehicleRegistration-2024-03.pdf
ZAF,2023-03,shared,motorcycles,MP,68,vehicles,NewVehicleRegistration-2024-03.pdf
ZAF,2023-03,shared,motorcycles,NC,29,vehicles,NewVehicleRegistration-2024-03.pdf
ZAF,2023-03,shared,motorcycles,NW,49,vehicles,NewVehicleRegistration-2024-03.pdf
ZAF,2023-03,shared,motorcycles,WC,345,vehicles,NewVehicleRegistration-2024-03.pdf
ZAF,2023-03,shared,motorcycles,ZAF,2341,vehicles,NewVehicleRegistration-2024-03.pdf
ZAF,2023-03,shared,other_self_propelled,EC,61,vehicles,NewVehicleRegistration-2024-03.pdf
ZAF,2023-03,shared,other_self_propelled,FS,127,vehicles,NewVehicleRegistration-2024-03.pdf
ZAF,2023-03,shared,other_self_propelled,GP,157,vehicles,NewVehicleRegistration-2024-03.pdf
ZAF,2023-03,shared,other_self_propelled,KZN,123,vehicles,NewVehicleRegistration-2024-03.pdf
ZAF,2023-03,shared,other_self_propelled,LP,51,vehicles,NewVehicleRegistration-2024-03.pdf
ZAF,2023-03,shared,other_self_propelled,MP,104,vehicles,NewVehicleRegistration-2024-03.pdf
ZAF,2023-03,shared,other_self_propelled,NC,28,vehicles,NewVehicleRegistration-2024-03.pdf
ZAF,2023-03,shared,other_self_propelled,NW,71,vehicles,NewVehicleRegistration-2024-03.pdf
ZAF,2023-03,shared,other_self_propelled,WC,94,vehicles,NewVehicleRegistration-2024-03.pdf
ZAF,2023-03,shared,other_self_propelled,ZAF,816,vehicles,NewVehicleRegistration-2024-03.pdf
ZAF,2023-03,shared,total_self_propelled,EC,2624,vehicles,NewVehicleRegistration-2024-03.pdf
ZAF,2023-03,shared,total_self_propelled,FS,1761,vehicles,NewVehicleRegistration-2024-03.pdf
ZAF,2023-03,shared,total_self_propelled,GP,23109,vehicles,NewVehicleRegistration-2024-03.pdf
ZAF,2023-03,shared,total_self_propelled,KZN,7980,vehicles,NewVehicleRegistration-2024-03.pdf
ZAF,2023-03,shared,total_self_propelled,LP,2067,vehicles,NewVehicleRegistration-2024-03.pdf
ZAF,2023-03,shared,total_self_propelled,MP,2700,vehicles,NewVehicleRegistration-2024-03.pdf
ZAF,2023-03,shared,total_self_propelled,NC,723,vehicles,NewVehicleRegistration-2024-03.pdf
ZAF,2023-03,shared,total_self_propelled,NW,1723,vehicles,NewVehicleRegistration-2024-03.pdf
ZAF,2023-03,shared,total_self_propelled,WC,5550,vehicles,NewVehicleRegistration-2024-03.pdf
ZAF,2023-03,shared,total_self_propelled,ZAF,48237,vehicles,NewVehicleRegistration-2024-03.pdf
ZAF,2023-03,shared,trucks,EC,74,vehicles,NewVehicleRegistration-2024-03.pdf
ZAF,2023-03,shared,trucks,FS,158,vehicles,NewVehicleRegistration-2024-03.pdf
ZAF,2023-03,shared,trucks,GP,913,vehicles,NewVehicleRegistration-2024-03.pdf
ZAF,2023-03,shared,trucks,KZN,222,vehicles,NewVehicleRegistration-2024-03.pdf
ZAF,2023-03,shared,trucks,LP,144,vehicles,NewVehicleRegistration-2024-03.pdf
ZAF,2023-03,shared,trucks,MP,263,vehicles,NewVehicleRegistration-2024-03.pdf
ZAF,2023-03,shared,trucks,NC,28,vehicles,NewVehicleRegistration-2024-03.pdf
ZAF,2023-03,shared,trucks,NW,54,vehicles,NewVehicleRegistration-2024-03.pdf
ZAF,2023-03,shared,trucks,WC,192,vehicles,NewVehicleRegistration-2024-03.pdf
ZAF,2023-03,shared,trucks,ZAF,2048,vehicles,NewVehicleRegistration-2024-03.pdf
ZAF,2023-04,shared,buses,EC,7,vehicles,NewVehicleRegistration-2024-04.pdf
ZAF,2023-04,shared,buses,FS,22,vehicles,NewVehicleRegistration-2024-04.pdf
ZAF,2023-04,shared,buses,GP,59,vehicles,NewVehicleRegistration-2024-04.pdf
ZAF,2023-04,shared,buses,KZN,19,vehicles,NewVehicleRegistration-2024-04.pdf
ZAF,2023-04,shared,buses,LP,13,vehicles,NewVehicleRegistration-2024-04.pdf
ZAF,2023-04,shared,buses,MP,54,vehicles,NewVehicleRegistration-2024-04.pdf
ZAF,2023-04,shared,buses,NC,3,vehicles,NewVehicleRegistration-2024-04.pdf
ZAF,2023-04,shared,buses,NW,4,vehicles,NewVehicleRegistration-2024-04.pdf
ZAF,2023-04,shared,buses,WC,35,vehicles,NewVehicleRegistration-2024-04.pdf
ZAF,2023-04,shared,buses,ZAF,216,vehicles,NewVehicleRegistration-2024-04.pdf
ZAF,2023-04,shared,cars,EC,1186,vehicles,NewVehicleRegistration-2024-04.pdf
ZAF,2023-04,shared,cars,FS,587,vehicles,NewVehicleRegistration-2024-04.pdf
ZAF,2023-04,shared,cars,GP,10458,vehicles,NewVehicleRegistration-2024-04.pdf
ZAF,2023-04,shared,cars,KZN,4238,vehicles,NewVehicleRegistration-2024-04.pdf
ZAF,2023-04,shared,cars,LP,768,vehicles,NewVehicleRegistration-2024-04.pdf
ZAF,2023-04,shared,cars,MP,894,vehicles,NewVehicleRegistration-2024-04.pdf
ZAF,2023-04,shared,cars,NC,230,vehicles,NewVehicleRegistration-2024-04.pdf
ZAF,2023-04,shared,cars,NW,736,vehicles,NewVehicleRegistration-2024-04.pdf
ZAF,2023-04,shared,cars,WC,2511,vehicles,NewVehicleRegistration-2024-04.pdf
ZAF,2023-04,shared,cars,ZAF,21608,vehicles,NewVehicleRegistration-2024-04.pdf
ZAF,2023-04,shared,light_commercial,EC,450,vehicles,NewVehicleRegistration-2024-04.pdf
ZAF,2023-04,shared,light_commercial,FS,413,vehicles,NewVehicleRegistration-2024-04.pdf
ZAF,2023-04,shared,light_commercial,GP,3947,vehicles,NewVehicleRegistration-2024-04.pdf
ZAF,2023-04,shared,light_commercial,KZN,1288,vehicles,NewVehicleRegistration-2024-04.pdf
ZAF,2023-04,shared,light_commercial,LP,445,vehicles,NewVehicleRegistration-2024-04.pdf
ZAF,2023-04,shared,light_commercial,MP,667,vehicles,NewVehicleRegistration-2024-04.pdf
ZAF,2023-04,shared,light_commercial,NC,260,vehicles,NewVehicleRegistration-2024-04.pdf
ZAF,2023-04,shared,light_commercial,NW,380,vehicles,NewVehicleRegistration-2024-04.pdf
ZAF,2023-04,shared,light_commercial,WC,1070,vehicles,NewVehicleRegistration-2024-04.pdf
ZAF,2023-04,shared,light_commercial,ZAF,8920,vehicles,NewVehicleRegistration-2024-04.pdf
ZAF,2023-04,shared,minibuses,EC,130,vehicles,NewVehicleRegistration-2024-04.pdf
ZAF,2023-04,shared,minibuses,FS,32,vehicles,NewVehicleRegistration-2024-04.pdf
ZAF,2023-04,shared,minibuses,GP,617,vehicles,NewVehicleRegistration-2024-04.pdf
ZAF,2023-04,shared,minibuses,KZN,252,vehicles,NewVehicleRegistration-2024-04.pdf
ZAF,2023-04,shared,minibuses,LP,100,vehicles,NewVehicleRegistration-2024-04.pdf
ZAF,2023-04,shared,minibuses,MP,96,vehicles,NewVehicleRegistration-2024-04.pdf
ZAF,2023-04,shared,minibuses,NC,44,vehicles,NewVehicleRegistration-2024-04.pdf
ZAF,2023-04,shared,minibuses,NW,48,vehicles,NewVehicleRegistration-2024-04.pdf
ZAF,2023-04,shared,minibuses,WC,174,vehicles,NewVehicleRegistration-2024-04.pdf
ZAF,2023-04,shared,minibuses,ZAF,1493,vehicles,NewVehicleRegistration-2024-04.pdf
ZAF,2023-04,shared,motorcycles,EC,70,vehicles,NewVehicleRegistration-2024-04.pdf
ZAF,2023-04,shared,motorcycles,FS,47,vehicles,NewVehicleRegistration-2024-04.pdf
ZAF,2023-04,shared,motorcycles,GP,1013,vehicles,NewVehicleRegistration-2024-04.pdf
ZAF,2023-04,shared,motorcycles,KZN,201,vehicles,NewVehicleRegistration-2024-04.pdf
ZAF,2023-04,shared,motorcycles,LP,27,vehicles,NewVehicleRegistration-2024-04.pdf
ZAF,2023-04,shared,motorcycles,MP,62,vehicles,NewVehicleRegistration-2024-04.pdf
ZAF,2023-04,shared,motorcycles,NC,20,vehicles,NewVehicleRegistration-2024-04.pdf
ZAF,2023-04,shared,motorcycles,NW,33,vehicles,NewVehicleRegistration-2024-04.pdf
ZAF,2023-04,shared,motorcycles,WC,270,vehicles,NewVehicleRegistration-2024-04.pdf
ZAF,2023-04,shared,motorcycles,ZAF,1743,vehicles,NewVehicleRegistration-2024-04.pdf
ZAF,2023-04,shared,other_self_propelled,EC,53,vehicles,NewVehicleRegistration-2024-04.pdf
ZAF,2023-04,shared,other_self_propelled,FS,113,vehicles,NewVehicleRegistration-2024-04.pdf
ZAF,2023-04,shared,other_self_propelled,GP,120,vehicles,NewVehicleRegistration-2024-04.pdf
ZAF,2023-04,shared,other_self_propelled,KZN,115,vehicles,NewVehicleRegistration-2024-04.pdf
ZAF,2023-04,shared,other_self_propelled,LP,40,vehicles,NewVehicleRegistration-2024-04.pdf
ZAF,2023-04,shared,other_self_propelled,MP,72,vehicles,NewVehicleRegistration-2024-04.pdf
ZAF,2023-04,shared,other_self_propelled,NC,13,vehicles,NewVehicleRegistration-2024-04.pdf
ZAF,2023-04,shared,other_self_propelled,NW,74,vehicles,NewVehicleRegistration-2024-04.pdf
ZAF,2023-04,shared,other_self_propelled,WC,65,vehicles,NewVehicleRegistration-2024-04.pdf
ZAF,2023-04,shared,other_self_propelled,ZAF,665,vehicles,NewVehicleRegistration-2024-04.pdf
ZAF,2023-04,shared,total_self_propelled,EC,1959,vehicles,NewVehicleRegistration-2024-04.pdf
ZAF,2023-04,shared,total_self_propelled,FS,1327,vehicles,NewVehicleRegistration-2024-04.pdf
ZAF,2023-04,shared,total_self_propelled,GP,16951,vehicles,NewVehicleRegistration-2024-04.pdf
ZAF,2023-04,shared,total_self_propelled,KZN,6334,vehicles,NewVehicleRegistration-2024-04.pdf
ZAF,2023-04,shared,total_self_propelled,LP,1492,vehicles,NewVehicleRegistration-2024-04.pdf
ZAF,2023-04,shared,total_self_propelled,MP,2110,vehicles,NewVehicleRegistration-2024-04.pdf
ZAF,2023-04,shared,total_self_propelled,NC,593,vehicles,NewVehicleRegistration-2024-04.pdf
ZAF,2023-04,shared,total_self_propelled,NW,1342,vehicles,NewVehicleRegistration-2024-04.pdf
ZAF,2023-04,shared,total_self_propelled,WC,4318,vehicles,NewVehicleRegistration-2024-04.pdf
ZAF,2023-04,shared,total_self_propelled,ZAF,36426,vehicles,NewVehicleRegistration-2024-04.pdf
ZAF,2023-04,shared,trucks,EC,63,vehicles,NewVehicleRegistration-2024-04.pdf
ZAF,2023-04,shared,trucks,FS,113,vehicles,NewVehicleRegistration-2024-04.pdf
ZAF,2023-04,shared,trucks,GP,737,vehicles,NewVehicleRegistration-2024-04.pdf
ZAF,2023-04,shared,trucks,KZN,221,vehicles,NewVehicleRegistration-2024-04.pdf
ZAF,2023-04,shared,trucks,LP,99,vehicles,NewVehicleRegistration-2024-04.pdf
ZAF,2023-04,shared,trucks,MP,265,vehicles,NewVehicleRegistration-2024-04.pdf
ZAF,2023-04,shared,trucks,NC,23,vehicles,NewVehicleRegistration-2024-04.pdf
ZAF,2023-04,shared,trucks,NW,67,vehicles,NewVehicleRegistration-2024-04.pdf
ZAF,2023-04,shared,trucks,WC,193,vehicles,NewVehicleRegistration-2024-04.pdf
ZAF,2023-04,shared,trucks,ZAF,1781,vehicles,NewVehicleRegistration-2024-04.pdf
ZAF,2023-05,shared,buses,EC,16,vehicles,NewVehicleRegistration-2024-05.pdf
ZAF,2023-05,shared,buses,FS,8,vehicles,NewVehicleRegistration-2024-05.pdf
ZAF,2023-05,shared,buses,GP,103,vehicles,NewVehicleRegistration-2024-05.pdf
ZAF,2023-05,shared,buses,KZN,32,vehicles,NewVehicleRegistration-2024-05.pdf
ZAF,2023-05,shared,buses,LP,20,vehicles,NewVehicleRegistration-2024-05.pdf
ZAF,2023-05,shared,buses,MP,66,vehicles,NewVehicleRegistration-2024-05.pdf
ZAF,2023-05,shared,buses,NC,12,vehicles,NewVehicleRegistration-2024-05.pdf
ZAF,2023-05,shared,buses,NW,6,vehicles,NewVehicleRegistration-2024-05.pdf
ZAF,2023-05,shared,buses,WC,19,vehicles,NewVehicleRegistration-2024-05.pdf
ZAF,2023-05,shared,buses,ZAF,282,vehicles,NewVehicleRegistration-2024-05.pdf
ZAF,2023-05,shared,cars,EC,1847,vehicles,NewVehicleRegistration-2024-05.pdf
ZAF,2023-05,shared,cars,FS,750,vehicles,NewVehicleRegistration-2024-05.pdf
ZAF,2023-05,shared,cars,GP,12718,vehicles,NewVehicleRegistration-2024-05.pdf
ZAF,2023-05,shared,cars,KZN,5168,vehicles,NewVehicleRegistration-2024-05.pdf
ZAF,2023-05,shared,cars,LP,1060,vehicles,NewVehicleRegistration-2024-05.pdf
ZAF,2023-05,shared,cars,MP,1209,vehicles,NewVehicleRegistration-2024-05.pdf
ZAF,2023-05,shared,cars,NC,324,vehicles,NewVehicleRegistration-2024-05.pdf
ZAF,2023-05,shared,cars,NW,852,vehicles,NewVehicleRegistration-2024-05.pdf
ZAF,2023-05,shared,cars,WC,3288,vehicles,NewVehicleRegistration-2024-05.pdf
ZAF,2023-05,shared,cars,ZAF,27216,vehicles,NewVehicleRegistration-2024-05.pdf
ZAF,2023-05,shared,light_commercial,EC,763,vehicles,NewVehicleRegistration-2024-05.pdf
ZAF,2023-05,shared,light_commercial,FS,511,vehicles,NewVehicleRegistration-2024-05.pdf
ZAF,2023-05,shared,light_commercial,GP,4581,vehicles,NewVehicleRegistration-2024-05.pdf
ZAF,2023-05,shared,light_commercial,KZN,1681,vehicles,NewVehicleRegistration-2024-05.pdf
ZAF,2023-05,shared,light_commercial,LP,590,vehicles,NewVehicleRegistration-2024-05.pdf
ZAF,2023-05,shared,light_commercial,MP,900,vehicles,NewVehicleRegistration-2024-05.pdf
ZAF,2023-05,shared,light_commercial,NC,260,vehicles,NewVehicleRegistration-2024-05.pdf
ZAF,2023-05,shared,light_commercial,NW,488,vehicles,NewVehicleRegistration-2024-05.pdf
ZAF,2023-05,shared,light_commercial,WC,1110,vehicles,NewVehicleRegistration-2024-05.pdf
ZAF,2023-05,shared,light_commercial,ZAF,10884,vehicles,NewVehicleRegistration-2024-05.pdf
ZAF,2023-05,shared,minibuses,EC,169,vehicles,NewVehicleRegistration-2024-05.pdf
ZAF,2023-05,shared,minibuses,FS,54,vehicles,NewVehicleRegistration-2024-05.pdf
ZAF,2023-05,shared,minibuses,GP,879,vehicles,NewVehicleRegistration-2024-05.pdf
ZAF,2023-05,shared,minibuses,KZN,274,vehicles,NewVehicleRegistration-2024-05.pdf
ZAF,2023-05,shared,minibuses,LP,134,vehicles,NewVehicleRegistration-2024-05.pdf
ZAF,2023-05,shared,minibuses,MP,115,vehicles,NewVehicleRegistration-2024-05.pdf
ZAF,2023-05,shared,minibuses,NC,31,vehicles,NewVehicleRegistration-2024-05.pdf
ZAF,2023-05,shared,minibuses,NW,89,vehicles,NewVehicleRegistration-2024-05.pdf
ZAF,2023-05,shared,minibuses,WC,197,vehicles,NewVehicleRegistration-2024-05.pdf
ZAF,2023-05,shared,minibuses,ZAF,1942,vehicles,NewVehicleRegistration-2024-05.pdf
ZAF,2023-05,shared,motorcycles,EC,84,vehicles,NewVehicleRegistration-2024-05.pdf
ZAF,2023-05,shared,motorcycles,FS,70,vehicles,NewVehicleRegistration-2024-05.pdf
ZAF,2023-05,shared,motorcycles,GP,1235,vehicles,NewVehicleRegistration-2024-05.pdf
ZAF,2023-05,shared,motorcycles,KZN,294,vehicles,NewVehicleRegistration-2024-05.pdf
ZAF,2023-05,shared,motorcycles,LP,28,vehicles,NewVehicleRegistration-2024-05.pdf
ZAF,2023-05,shared,motorcycles,MP,65,vehicles,NewVehicleRegistration-2024-05.pdf
ZAF,2023-05,shared,motorcycles,NC,15,vehicles,NewVehicleRegistration-2024-05.pdf
ZAF,2023-05,shared,motorcycles,NW,55,vehicles,NewVehicleRegistration-2024-05.pdf
ZAF,2023-05,shared,motorcycles,WC,322,vehicles,NewVehicleRegistration-2024-05.pdf
ZAF,2023-05,shared,motorcycles,ZAF,2168,vehicles,NewVehicleRegistration-2024-05.pdf
ZAF,2023-05,shared,other_self_propelled,EC,83,vehicles,NewVehicleRegistration-2024-05.pdf
ZAF,2023-05,shared,other_self_propelled,FS,139,vehicles,NewVehicleRegistration-2024-05.pdf
ZAF,2023-05,shared,other_self_propelled,GP,128,vehicles,NewVehicleRegistration-2024-05.pdf
ZAF,2023-05,shared,other_self_propelled,KZN,76,vehicles,NewVehicleRegistration-2024-05.pdf
ZAF,2023-05,shared,other_self_propelled,LP,50,vehicles,NewVehicleRegistration-2024-05.pdf
ZAF,2023-05,shared,other_self_propelled,MP,78,vehicles,NewVehicleRegistration-2024-05.pdf
ZAF,2023-05,shared,other_self_propelled,NC,24,vehicles,NewVehicleRegistration-2024-05.pdf
ZAF,2023-05,shared,other_self_propelled,NW,96,vehicles,NewVehicleRegistration-2024-05.pdf
ZAF,2023-05,shared,other_self_propelled,WC,81,vehicles,NewVehicleRegistration-2024-05.pdf
ZAF,2023-05,shared,other_self_propelled,ZAF,755,vehicles,NewVehicleRegistration-2024-05.pdf
ZAF,2023-05,shared,total_self_propelled,EC,3057,vehicles,NewVehicleRegistration-2024-05.pdf
ZAF,2023-05,shared,total_self_propelled,FS,1688,vehicles,NewVehicleRegistration-2024-05.pdf
ZAF,2023-05,shared,total_self_propelled,GP,20539,vehicles,NewVehicleRegistration-2024-05.pdf
ZAF,2023-05,shared,total_self_propelled,KZN,7794,vehicles,NewVehicleRegistration-2024-05.pdf
ZAF,2023-05,shared,total_self_propelled,LP,2028,vehicles,NewVehicleRegistration-2024-05.pdf
ZAF,2023-05,shared,total_self_propelled,MP,2741,vehicles,NewVehicleRegistration-2024-05.pdf
ZAF,2023-05,shared,total_self_propelled,NC,706,vehicles,NewVehicleRegistration-2024-05.pdf
ZAF,2023-05,shared,total_self_propelled,NW,1689,vehicles,NewVehicleRegistration-2024-05.pdf
ZAF,2023-05,shared,total_self_propelled,WC,5249,vehicles,NewVehicleRegistration-2024-05.pdf
ZAF,2023-05,shared,total_self_propelled,ZAF,45491,vehicles,NewVehicleRegistration-2024-05.pdf
ZAF,2023-05,shared,trucks,EC,95,vehicles,NewVehicleRegistration-2024-05.pdf
ZAF,2023-05,shared,trucks,FS,156,vehicles,NewVehicleRegistration-2024-05.pdf
ZAF,2023-05,shared,trucks,GP,895,vehicles,NewVehicleRegistration-2024-05.pdf
ZAF,2023-05,shared,trucks,KZN,269,vehicles,NewVehicleRegistration-2024-05.pdf
ZAF,2023-05,shared,trucks,LP,146,vehicles,NewVehicleRegistration-2024-05.pdf
ZAF,2023-05,shared,trucks,MP,308,vehicles,NewVehicleRegistration-2024-05.pdf
ZAF,2023-05,shared,trucks,NC,40,vehicles,NewVehicleRegistration-2024-05.pdf
ZAF,2023-05,shared,trucks,NW,103,vehicles,NewVehicleRegistration-2024-05.pdf
ZAF,2023-05,shared,trucks,WC,232,vehicles,NewVehicleRegistration-2024-05.pdf
ZAF,2023-05,shared,trucks,ZAF,2244,vehicles,NewVehicleRegistration-2024-05.pdf
ZAF,2023-06,shared,buses,EC,12,vehicles,NewVehicleRegistration-2024-06.pdf
ZAF,2023-06,shared,buses,FS,8,vehicles,NewVehicleRegistration-2024-06.pdf
ZAF,2023-06,shared,buses,GP,73,vehicles,NewVehicleRegistration-2024-06.pdf
ZAF,2023-06,shared,buses,KZN,38,vehicles,NewVehicleRegistration-2024-06.pdf
ZAF,2023-06,shared,buses,LP,22,vehicles,NewVehicleRegistration-2024-06.pdf
ZAF,2023-06,shared,buses,MP,36,vehicles,NewVehicleRegistration-2024-06.pdf
ZAF,2023-06,shared,buses,NC,10,vehicles,NewVehicleRegistration-2024-06.pdf
ZAF,2023-06,shared,buses,NW,6,vehicles,NewVehicleRegistration-2024-06.pdf
ZAF,2023-06,shared,buses,WC,20,vehicles,NewVehicleRegistration-2024-06.pdf
ZAF,2023-06,shared,buses,ZAF,225,vehicles,NewVehicleRegistration-2024-06.pdf
ZAF,2023-06,shared,cars,EC,1476,vehicles,NewVehicleRegistration-2024-06.pdf
ZAF,2023-06,shared,cars,FS,701,vehicles,NewVehicleRegistration-2024-06.pdf
ZAF,2023-06,shared,cars,GP,13702,vehicles,NewVehicleRegistration-2024-06.pdf
ZAF,2023-06,shared,cars,KZN,4930,vehicles,NewVehicleRegistration-2024-06.pdf
ZAF,2023-06,shared,cars,LP,895,vehicles,NewVehicleRegistration-2024-06.pdf
ZAF,2023-06,shared,cars,MP,1007,vehicles,NewVehicleRegistration-2024-06.pdf
ZAF,2023-06,shared,cars,NC,241,vehicles,NewVehicleRegistration-2024-06.pdf
ZAF,2023-06,shared,cars,NW,734,vehicles,NewVehicleRegistration-2024-06.pdf
ZAF,2023-06,shared,cars,WC,2922,vehicles,NewVehicleRegistration-2024-06.pdf
ZAF,2023-06,shared,cars,ZAF,26608,vehicles,NewVehicleRegistration-2024-06.pdf
ZAF,2023-06,shared,light_commercial,EC,710,vehicles,NewVehicleRegistration-2024-06.pdf
ZAF,2023-06,shared,light_commercial,FS,482,vehicles,NewVehicleRegistration-2024-06.pdf
ZAF,2023-06,shared,light_commercial,GP,4730,vehicles,NewVehicleRegistration-2024-06.pdf
ZAF,2023-06,shared,light_commercial,KZN,1498,vehicles,NewVehicleRegistration-2024-06.pdf
ZAF,2023-06,shared,light_commercial,LP,525,vehicles,NewVehicleRegistration-2024-06.pdf
ZAF,2023-06,shared,light_commercial,MP,736,vehicles,NewVehicleRegistration-2024-06.pdf
ZAF,2023-06,shared,light_commercial,NC,226,vehicles,NewVehicleRegistration-2024-06.pdf
ZAF,2023-06,shared,light_commercial,NW,438,vehicles,NewVehicleRegistration-2024-06.pdf
ZAF,2023-06,shared,light_commercial,WC,1195,vehicles,NewVehicleRegistration-2024-06.pdf
ZAF,2023-06,shared,light_commercial,ZAF,10540,vehicles,NewVehicleRegistration-2024-06.pdf
ZAF,2023-06,shared,minibuses,EC,130,vehicles,NewVehicleRegistration-2024-06.pdf
ZAF,2023-06,shared,minibuses,FS,49,vehicles,NewVehicleRegistration-2024-06.pdf
ZAF,2023-06,shared,minibuses,GP,783,vehicles,NewVehicleRegistration-2024-06.pdf
ZAF,2023-06,shared,minibuses,KZN,264,vehicles,NewVehicleRegistration-2024-06.pdf
ZAF,2023-06,shared,minibuses,LP,121,vehicles,NewVehicleRegistration-2024-06.pdf
ZAF,2023-06,shared,minibuses,MP,111,vehicles,NewVehicleRegistration-2024-06.pdf
ZAF,2023-06,shared,minibuses,NC,22,vehicles,NewVehicleRegistration-2024-06.pdf
ZAF,2023-06,shared,minibuses,NW,64,vehicles,NewVehicleRegistration-2024-06.pdf
ZAF,2023-06,shared,minibuses,WC,173,vehicles,NewVehicleRegistration-2024-06.pdf
ZAF,2023-06,shared,minibuses,ZAF,1717,vehicles,NewVehicleRegistration-2024-06.pdf
ZAF,2023-06,shared,motorcycles,EC,70,vehicles,NewVehicleRegistration-2024-06.pdf
ZAF,2023-06,shared,motorcycles,FS,80,vehicles,NewVehicleRegistration-2024-06.pdf
ZAF,2023-06,shared,motorcycles,GP,1266,vehicles,NewVehicleRegistration-2024-06.pdf
ZAF,2023-06,shared,motorcycles,KZN,287,vehicles,NewVehicleRegistration-2024-06.pdf
ZAF,2023-06,shared,motorcycles,LP,20,vehicles,NewVehicleRegistration-2024-06.pdf
ZAF,2023-06,shared,motorcycles,MP,55,vehicles,NewVehicleRegistration-2024-06.pdf
ZAF,2023-06,shared,motorcycles,NC,24,vehicles,NewVehicleRegistration-2024-06.pdf
ZAF,2023-06,shared,motorcycles,NW,58,vehicles,NewVehicleRegistration-2024-06.pdf
ZAF,2023-06,shared,motorcycles,WC,235,vehicles,NewVehicleRegistration-2024-06.pdf
ZAF,2023-06,shared,motorcycles,ZAF,2095,vehicles,NewVehicleRegistration-2024-06.pdf
ZAF,2023-06,shared,other_self_propelled,EC,72,vehicles,NewVehicleRegistration-2024-06.pdf
ZAF,2023-06,shared,other_self_propelled,FS,191,vehicles,NewVehicleRegistration-2024-06.pdf
ZAF,2023-06,shared,other_self_propelled,GP,135,vehicles,NewVehicleRegistration-2024-06.pdf
ZAF,2023-06,shared,other_self_propelled,KZN,106,vehicles,NewVehicleRegistration-2024-06.pdf
ZAF,2023-06,shared,other_self_propelled,LP,52,vehicles,NewVehicleRegistration-2024-06.pdf
ZAF,2023-06,shared,other_self_propelled,MP,124,vehicles,NewVehicleRegistration-2024-06.pdf
ZAF,2023-06,shared,other_self_propelled,NC,14,vehicles,NewVehicleRegistration-2024-06.pdf
ZAF,2023-06,shared,other_self_propelled,NW,96,vehicles,NewVehicleRegistration-2024-06.pdf
ZAF,2023-06,shared,other_self_propelled,WC,89,vehicles,NewVehicleRegistration-2024-06.pdf
ZAF,2023-06,shared,other_self_propelled,ZAF,879,vehicles,NewVehicleRegistration-2024-06.pdf
ZAF,2023-06,shared,total_self_propelled,EC,2556,vehicles,NewVehicleRegistration-2024-06.pdf
ZAF,2023-06,shared,total_self_propelled,FS,1667,vehicles,NewVehicleRegistration-2024-06.pdf
ZAF,2023-06,shared,total_self_propelled,GP,21537,vehicles,NewVehicleRegistration-2024-06.pdf
ZAF,2023-06,shared,total_self_propelled,KZN,7450,vehicles,NewVehicleRegistration-2024-06.pdf
ZAF,2023-06,shared,total_self_propelled,LP,1758,vehicles,NewVehicleRegistration-2024-06.pdf
ZAF,2023-06,shared,total_self_propelled,MP,2378,vehicles,NewVehicleRegistration-2024-06.pdf
ZAF,2023-06,shared,total_self_propelled,NC,604,vehicles,NewVehicleRegistration-2024-06.pdf
ZAF,2023-06,shared,total_self_propelled,NW,1491,vehicles,NewVehicleRegistration-2024-06.pdf
ZAF,2023-06,shared,total_self_propelled,WC,4876,vehicles,NewVehicleRegistration-2024-06.pdf
ZAF,2023-06,shared,total_self_propelled,ZAF,44317,vehicles,NewVehicleRegistration-2024-06.pdf
ZAF,2023-06,shared,trucks,EC,86,vehicles,NewVehicleRegistration-2024-06.pdf
ZAF,2023-06,shared,trucks,FS,156,vehicles,NewVehicleRegistration-2024-06.pdf
ZAF,2023-06,shared,trucks,GP,848,vehicles,NewVehicleRegistration-2024-06.pdf
ZAF,2023-06,shared,trucks,KZN,327,vehicles,NewVehicleRegistration-2024-06.pdf
ZAF,2023-06,shared,trucks,LP,123,vehicles,NewVehicleRegistration-2024-06.pdf
ZAF,2023-06,shared,trucks,MP,309,vehicles,NewVehicleRegistration-2024-06.pdf
ZAF,2023-06,shared,trucks,NC,67,vehicles,NewVehicleRegistration-2024-06.pdf
ZAF,2023-06,shared,trucks,NW,95,vehicles,NewVehicleRegistration-2024-06.pdf
ZAF,2023-06,shared,trucks,WC,242,vehicles,NewVehicleRegistration-2024-06.pdf
ZAF,2023-06,shared,trucks,ZAF,2253,vehicles,NewVehicleRegistration-2024-06.pdf
ZAF,2023-07,shared,buses,EC,5,vehicles,NewVehicleRegistration-2024-07.pdf
ZAF,2023-07,shared,buses,FS,6,vehicles,NewVehicleRegistration-2024-07.pdf
ZAF,2023-07,shared,buses,GP,94,vehicles,NewVehicleRegistration-2024-07.pdf
ZAF,2023-07,shared,buses,KZN,27,vehicles,NewVehicleRegistration-2024-07.pdf
ZAF,2023-07,shared,buses,LP,12,vehicles,NewVehicleRegistration-2024-07.pdf
ZAF,2023-07,shared,buses,MP,15,vehicles,NewVehicleRegistration-2024-07.pdf
ZAF,2023-07,shared,buses,NC,5,vehicles,NewVehicleRegistration-2024-07.pdf
ZAF,2023-07,shared,buses,NW,10,vehicles,NewVehicleRegistration-2024-07.pdf
ZAF,2023-07,shared,buses,WC,23,vehicles,NewVehicleRegistration-2024-07.pdf
ZAF,2023-07,shared,buses,ZAF,197,vehicles,NewVehicleRegistration-2024-07.pdf
ZAF,2023-07,shared,cars,EC,1458,vehicles,NewVehicleRegistration-2024-07.pdf
ZAF,2023-07,shared,cars,FS,638,vehicles,NewVehicleRegistration-2024-07.pdf
ZAF,2023-07,shared,cars,GP,14161,vehicles,NewVehicleRegistration-2024-07.pdf
ZAF,2023-07,shared,cars,KZN,4650,vehicles,NewVehicleRegistration-2024-07.pdf
ZAF,2023-07,shared,cars,LP,968,vehicles,NewVehicleRegistration-2024-07.pdf
ZAF,2023-07,shared,cars,MP,1051,vehicles,NewVehicleRegistration-2024-07.pdf
ZAF,2023-07,shared,cars,NC,253,vehicles,NewVehicleRegistration-2024-07.pdf
ZAF,2023-07,shared,cars,NW,789,vehicles,NewVehicleRegistration-2024-07.pdf
ZAF,2023-07,shared,cars,WC,3200,vehicles,NewVehicleRegistration-2024-07.pdf
ZAF,2023-07,shared,cars,ZAF,27168,vehicles,NewVehicleRegistration-2024-07.pdf
ZAF,2023-07,shared,light_commercial,EC,599,vehicles,NewVehicleRegistration-2024-07.pdf
ZAF,2023-07,shared,light_commercial,FS,415,vehicles,NewVehicleRegistration-2024-07.pdf
ZAF,2023-07,shared,light_commercial,GP,4638,vehicles,NewVehicleRegistration-2024-07.pdf
ZAF,2023-07,shared,light_commercial,KZN,1575,vehicles,NewVehicleRegistration-2024-07.pdf
ZAF,2023-07,shared,light_commercial,LP,567,vehicles,NewVehicleRegistration-2024-07.pdf
ZAF,2023-07,shared,light_commercial,MP,714,vehicles,NewVehicleRegistration-2024-07.pdf
ZAF,2023-07,shared,light_commercial,NC,255,vehicles,NewVehicleRegistration-2024-07.pdf
ZAF,2023-07,shared,light_commercial,NW,475,vehicles,NewVehicleRegistration-2024-07.pdf
ZAF,2023-07,shared,light_commercial,WC,1101,vehicles,NewVehicleRegistration-2024-07.pdf
ZAF,2023-07,shared,light_commercial,ZAF,10339,vehicles,NewVehicleRegistration-2024-07.pdf
ZAF,2023-07,shared,minibuses,EC,134,vehicles,NewVehicleRegistration-2024-07.pdf
ZAF,2023-07,shared,minibuses,FS,42,vehicles,NewVehicleRegistration-2024-07.pdf
ZAF,2023-07,shared,minibuses,GP,877,vehicles,NewVehicleRegistration-2024-07.pdf
ZAF,2023-07,shared,minibuses,KZN,286,vehicles,NewVehicleRegistration-2024-07.pdf
ZAF,2023-07,shared,minibuses,LP,121,vehicles,NewVehicleRegistration-2024-07.pdf
ZAF,2023-07,shared,minibuses,MP,108,vehicles,NewVehicleRegistration-2024-07.pdf
ZAF,2023-07,shared,minibuses,NC,37,vehicles,NewVehicleRegistration-2024-07.pdf
ZAF,2023-07,shared,minibuses,NW,78,vehicles,NewVehicleRegistration-2024-07.pdf
ZAF,2023-07,shared,minibuses,WC,223,vehicles,NewVehicleRegistration-2024-07.pdf
ZAF,2023-07,shared,minibuses,ZAF,1906,vehicles,NewVehicleRegistration-2024-07.pdf
ZAF,2023-07,shared,motorcycles,EC,66,vehicles,NewVehicleRegistration-2024-07.pdf
ZAF,2023-07,shared,motorcycles,FS,79,vehicles,NewVehicleRegistration-2024-07.pdf
ZAF,2023-07,shared,motorcycles,GP,1117,vehicles,NewVehicleRegistration-2024-07.pdf
ZAF,2023-07,shared,motorcycles,KZN,238,vehicles,NewVehicleRegistration-2024-07.pdf
ZAF,2023-07,shared,motorcycles,LP,25,vehicles,NewVehicleRegistration-2024-07.pdf
ZAF,2023-07,shared,motorcycles,MP,45,vehicles,NewVehicleRegistration-2024-07.pdf
ZAF,2023-07,shared,motorcycles,NC,25,vehicles,NewVehicleRegistration-2024-07.pdf
ZAF,2023-07,shared,motorcycles,NW,42,vehicles,NewVehicleRegistration-2024-07.pdf
ZAF,2023-07,shared,motorcycles,WC,298,vehicles,NewVehicleRegistration-2024-07.pdf
ZAF,2023-07,shared,motorcycles,ZAF,1935,vehicles,NewVehicleRegistration-2024-07.pdf
ZAF,2023-07,shared,other_self_propelled,EC,47,vehicles,NewVehicleRegistration-2024-07.pdf
ZAF,2023-07,shared,other_self_propelled,FS,149,vehicles,NewVehicleRegistration-2024-07.pdf
ZAF,2023-07,shared,other_self_propelled,GP,112,vehicles,NewVehicleRegistration-2024-07.pdf
ZAF,2023-07,shared,other_self_propelled,KZN,126,vehicles,NewVehicleRegistration-2024-07.pdf
ZAF,2023-07,shared,other_self_propelled,LP,39,vehicles,NewVehicleRegistration-2024-07.pdf
ZAF,2023-07,shared,other_self_propelled,MP,76,vehicles,NewVehicleRegistration-2024-07.pdf
ZAF,2023-07,shared,other_self_propelled,NC,26,vehicles,NewVehicleRegistration-2024-07.pdf
ZAF,2023-07,shared,other_self_propelled,NW,88,vehicles,NewVehicleRegistration-2024-07.pdf
ZAF,2023-07,shared,other_self_propelled,WC,112,vehicles,NewVehicleRegistration-2024-07.pdf
ZAF,2023-07,shared,other_self_propelled,ZAF,775,vehicles,NewVehicleRegistration-2024-07.pdf
ZAF,2023-07,shared,total_self_propelled,EC,2381,vehicles,NewVehicleRegistration-2024-07.pdf
ZAF,2023-07,shared,total_self_propelled,FS,1521,vehicles,NewVehicleRegistration-2024-07.pdf
ZAF,2023-07,shared,total_self_propelled,GP,21805,vehicles,NewVehicleRegistration-2024-07.pdf
ZAF,2023-07,shared,total_self_propelled,KZN,7233,vehicles,NewVehicleRegistration-2024-07.pdf
ZAF,2023-07,shared,total_self_propelled,LP,1877,vehicles,NewVehicleRegistration-2024-07.pdf
ZAF,2023-07,shared,total_self_propelled,MP,2371,vehicles,NewVehicleRegistration-2024-07.pdf
ZAF,2023-07,shared,total_self_propelled,NC,648,vehicles,NewVehicleRegistration-2024-07.pdf
ZAF,2023-07,shared,total_self_propelled,NW,1558,vehicles,NewVehicleRegistration-2024-07.pdf
ZAF,2023-07,shared,total_self_propelled,WC,5159,vehicles,NewVehicleRegistration-2024-07.pdf
ZAF,2023-07,shared,total_self_propelled,ZAF,44553,vehicles,NewVehicleRegistration-2024-07.pdf
ZAF,2023-07,shared,trucks,EC,72,vehicles,NewVehicleRegistration-2024-07.pdf
ZAF,2023-07,shared,trucks,FS,192,vehicles,NewVehicleRegistration-2024-07.pdf
ZAF,2023-07,shared,trucks,GP,806,vehicles,NewVehicleRegistration-2024-07.pdf
ZAF,2023-07,shared,trucks,KZN,331,vehicles,NewVehicleRegistration-2024-07.pdf
ZAF,2023-07,shared,trucks,LP,145,vehicles,NewVehicleRegistration-2024-07.pdf
ZAF,2023-07,shared,trucks,MP,362,vehicles,NewVehicleRegistration-2024-07.pdf
ZAF,2023-07,shared,trucks,NC,47,vehicles,NewVehicleRegistration-2024-07.pdf
ZAF,2023-07,shared,trucks,NW,76,vehicles,NewVehicleRegistration-2024-07.pdf
ZAF,2023-07,shared,trucks,WC,202,vehicles,NewVehicleRegistration-2024-07.pdf
ZAF,2023-07,shared,trucks,ZAF,2233,vehicles,NewVehicleRegistration-2024-07.pdf
ZAF,2023-08,shared,buses,EC,10,vehicles,NewVehicleRegistration-2024-08.pdf
ZAF,2023-08,shared,buses,FS,2,vehicles,NewVehicleRegistration-2024-08.pdf
ZAF,2023-08,shared,buses,GP,97,vehicles,NewVehicleRegistration-2024-08.pdf
ZAF,2023-08,shared,buses,KZN,28,vehicles,NewVehicleRegistration-2024-08.pdf
ZAF,2023-08,shared,buses,LP,20,vehicles,NewVehicleRegistration-2024-08.pdf
ZAF,2023-08,shared,buses,MP,23,vehicles,NewVehicleRegistration-2024-08.pdf
ZAF,2023-08,shared,buses,NC,6,vehicles,NewVehicleRegistration-2024-08.pdf
ZAF,2023-08,shared,buses,NW,1,vehicles,NewVehicleRegistration-2024-08.pdf
ZAF,2023-08,shared,buses,WC,14,vehicles,NewVehicleRegistration-2024-08.pdf
ZAF,2023-08,shared,buses,ZAF,201,vehicles,NewVehicleRegistration-2024-08.pdf
ZAF,2023-08,shared,cars,EC,1550,vehicles,NewVehicleRegistration-2024-08.pdf
ZAF,2023-08,shared,cars,FS,694,vehicles,NewVehicleRegistration-2024-08.pdf
ZAF,2023-08,shared,cars,GP,14353,vehicles,NewVehicleRegistration-2024-08.pdf
ZAF,2023-08,shared,cars,KZN,5036,vehicles,NewVehicleRegistration-2024-08.pdf
ZAF,2023-08,shared,cars,LP,970,vehicles,NewVehicleRegistration-2024-08.pdf
ZAF,2023-08,shared,cars,MP,1123,vehicles,NewVehicleRegistration-2024-08.pdf
ZAF,2023-08,shared,cars,NC,259,vehicles,NewVehicleRegistration-2024-08.pdf
ZAF,2023-08,shared,cars,NW,744,vehicles,NewVehicleRegistration-2024-08.pdf
ZAF,2023-08,shared,cars,WC,2977,vehicles,NewVehicleRegistration-2024-08.pdf
ZAF,2023-08,shared,cars,ZAF,27706,vehicles,NewVehicleRegistration-2024-08.pdf
ZAF,2023-08,shared,light_commercial,EC,605,vehicles,NewVehicleRegistration-2024-08.pdf
ZAF,2023-08,shared,light_commercial,FS,563,vehicles,NewVehicleRegistration-2024-08.pdf
ZAF,2023-08,shared,light_commercial,GP,4838,vehicles,NewVehicleRegistration-2024-08.pdf
ZAF,2023-08,shared,light_commercial,KZN,1523,vehicles,NewVehicleRegistration-2024-08.pdf
ZAF,2023-08,shared,light_commercial,LP,589,vehicles,NewVehicleRegistration-2024-08.pdf
ZAF,2023-08,shared,light_commercial,MP,744,vehicles,NewVehicleRegistration-2024-08.pdf
ZAF,2023-08,shared,light_commercial,NC,232,vehicles,NewVehicleRegistration-2024-08.pdf
ZAF,2023-08,shared,light_commercial,NW,441,vehicles,NewVehicleRegistration-2024-08.pdf
ZAF,2023-08,shared,light_commercial,WC,1071,vehicles,NewVehicleRegistration-2024-08.pdf
ZAF,2023-08,shared,light_commercial,ZAF,10606,vehicles,NewVehicleRegistration-2024-08.pdf
ZAF,2023-08,shared,minibuses,EC,141,vehicles,NewVehicleRegistration-2024-08.pdf
ZAF,2023-08,shared,minibuses,FS,61,vehicles,NewVehicleRegistration-2024-08.pdf
ZAF,2023-08,shared,minibuses,GP,829,vehicles,NewVehicleRegistration-2024-08.pdf
ZAF,2023-08,shared,minibuses,KZN,292,vehicles,NewVehicleRegistration-2024-08.pdf
ZAF,2023-08,shared,minibuses,LP,137,vehicles,NewVehicleRegistration-2024-08.pdf
ZAF,2023-08,shared,minibuses,MP,160,vehicles,NewVehicleRegistration-2024-08.pdf
ZAF,2023-08,shared,minibuses,NC,31,vehicles,NewVehicleRegistration-2024-08.pdf
ZAF,2023-08,shared,minibuses,NW,54,vehicles,NewVehicleRegistration-2024-08.pdf
ZAF,2023-08,shared,minibuses,WC,181,vehicles,NewVehicleRegistration-2024-08.pdf
ZAF,2023-08,shared,minibuses,ZAF,1886,vehicles,NewVehicleRegistration-2024-08.pdf
ZAF,2023-08,shared,motorcycles,EC,67,vehicles,NewVehicleRegistration-2024-08.pdf
ZAF,2023-08,shared,motorcycles,FS,52,vehicles,NewVehicleRegistration-2024-08.pdf
ZAF,2023-08,shared,motorcycles,GP,1191,vehicles,NewVehicleRegistration-2024-08.pdf
ZAF,2023-08,shared,motorcycles,KZN,241,vehicles,NewVehicleRegistration-2024-08.pdf
ZAF,2023-08,shared,motorcycles,LP,31,vehicles,NewVehicleRegistration-2024-08.pdf
ZAF,2023-08,shared,motorcycles,MP,66,vehicles,NewVehicleRegistration-2024-08.pdf
ZAF,2023-08,shared,motorcycles,NC,37,vehicles,NewVehicleRegistration-2024-08.pdf
ZAF,2023-08,shared,motorcycles,NW,63,vehicles,NewVehicleRegistration-2024-08.pdf
ZAF,2023-08,shared,motorcycles,WC,328,vehicles,NewVehicleRegistration-2024-08.pdf
ZAF,2023-08,shared,motorcycles,ZAF,2076,vehicles,NewVehicleRegistration-2024-08.pdf
ZAF,2023-08,shared,other_self_propelled,EC,79,vehicles,NewVehicleRegistration-2024-08.pdf
ZAF,2023-08,shared,other_self_propelled,FS,160,vehicles,NewVehicleRegistration-2024-08.pdf
ZAF,2023-08,shared,other_self_propelled,GP,198,vehicles,NewVehicleRegistration-2024-08.pdf
ZAF,2023-08,shared,other_self_propelled,KZN,156,vehicles,NewVehicleRegistration-2024-08.pdf
ZAF,2023-08,shared,other_self_propelled,LP,41,vehicles,NewVehicleRegistration-2024-08.pdf
ZAF,2023-08,shared,other_self_propelled,MP,85,vehicles,NewVehicleRegistration-2024-08.pdf
ZAF,2023-08,shared,other_self_propelled,NC,23,vehicles,NewVehicleRegistration-2024-08.pdf
ZAF,2023-08,shared,other_self_propelled,NW,102,vehicles,NewVehicleRegistration-2024-08.pdf
ZAF,2023-08,shared,other_self_propelled,WC,81,vehicles,NewVehicleRegistration-2024-08.pdf
ZAF,2023-08,shared,other_self_propelled,ZAF,925,vehicles,NewVehicleRegistration-2024-08.pdf
ZAF,2023-08,shared,total_self_propelled,EC,2560,vehicles,NewVehicleRegistration-2024-08.pdf
ZAF,2023-08,shared,total_self_propelled,FS,1748,vehicles,NewVehicleRegistration-2024-08.pdf
ZAF,2023-08,shared,total_self_propelled,GP,22375,vehicles,NewVehicleRegistration-2024-08.pdf
ZAF,2023-08,shared,total_self_propelled,KZN,7567,vehicles,NewVehicleRegistration-2024-08.pdf
ZAF,2023-08,shared,total_self_propelled,LP,1977,vehicles,NewVehicleRegistration-2024-08.pdf
ZAF,2023-08,shared,total_self_propelled,MP,2522,vehicles,NewVehicleRegistration-2024-08.pdf
ZAF,2023-08,shared,total_self_propelled,NC,629,vehicles,NewVehicleRegistration-2024-08.pdf
ZAF,2023-08,shared,total_self_propelled,NW,1494,vehicles,NewVehicleRegistration-2024-08.pdf
ZAF,2023-08,shared,total_self_propelled,WC,4884,vehicles,NewVehicleRegistration-2024-08.pdf
ZAF,2023-08,shared,total_self_propelled,ZAF,45756,vehicles,NewVehicleRegistration-2024-08.pdf
ZAF,2023-08,shared,trucks,EC,108,vehicles,NewVehicleRegistration-2024-08.pdf
ZAF,2023-08,shared,trucks,FS,216,vehicles,NewVehicleRegistration-2024-08.pdf
ZAF,2023-08,shared,trucks,GP,869,vehicles,NewVehicleRegistration-2024-08.pdf
ZAF,2023-08,shared,trucks,KZN,291,vehicles,NewVehicleRegistration-2024-08.pdf
ZAF,2023-08,shared,trucks,LP,189,vehicles,NewVehicleRegistration-2024-08.pdf
ZAF,2023-08,shared,trucks,MP,321,vehicles,NewVehicleRegistration-2024-08.pdf
ZAF,2023-08,shared,trucks,NC,41,vehicles,NewVehicleRegistration-2024-08.pdf
ZAF,2023-08,shared,trucks,NW,89,vehicles,NewVehicleRegistration-2024-08.pdf
ZAF,2023-08,shared,trucks,WC,232,vehicles,NewVehicleRegistration-2024-08.pdf
ZAF,2023-08,shared,trucks,ZAF,2356,vehicles,NewVehicleRegistration-2024-08.pdf
ZAF,2023-09,shared,buses,EC,7,vehicles,NewVehicleRegistration-2024-09.pdf
ZAF,2023-09,shared,buses,FS,2,vehicles,NewVehicleRegistration-2024-09.pdf
ZAF,2023-09,shared,buses,GP,93,vehicles,NewVehicleRegistration-2024-09.pdf
ZAF,2023-09,shared,buses,KZN,26,vehicles,NewVehicleRegistration-2024-09.pdf
ZAF,2023-09,shared,buses,LP,10,vehicles,NewVehicleRegistration-2024-09.pdf
ZAF,2023-09,shared,buses,MP,18,vehicles,NewVehicleRegistration-2024-09.pdf
ZAF,2023-09,shared,buses,NC,1,vehicles,NewVehicleRegistration-2024-09.pdf
ZAF,2023-09,shared,buses,NW,10,vehicles,NewVehicleRegistration-2024-09.pdf
ZAF,2023-09,shared,buses,WC,13,vehicles,NewVehicleRegistration-2024-09.pdf
ZAF,2023-09,shared,buses,ZAF,180,vehicles,NewVehicleRegistration-2024-09.pdf
ZAF,2023-09,shared,cars,EC,1418,vehicles,NewVehicleRegistration-2024-09.pdf
ZAF,2023-09,shared,cars,FS,888,vehicles,NewVehicleRegistration-2024-09.pdf
ZAF,2023-09,shared,cars,GP,13512,vehicles,NewVehicleRegistration-2024-09.pdf
ZAF,2023-09,shared,cars,KZN,4403,vehicles,NewVehicleRegistration-2024-09.pdf
ZAF,2023-09,shared,cars,LP,847,vehicles,NewVehicleRegistration-2024-09.pdf
ZAF,2023-09,shared,cars,MP,964,vehicles,NewVehicleRegistration-2024-09.pdf
ZAF,2023-09,shared,cars,NC,230,vehicles,NewVehicleRegistration-2024-09.pdf
ZAF,2023-09,shared,cars,NW,739,vehicles,NewVehicleRegistration-2024-09.pdf
ZAF,2023-09,shared,cars,WC,3414,vehicles,NewVehicleRegistration-2024-09.pdf
ZAF,2023-09,shared,cars,ZAF,26415,vehicles,NewVehicleRegistration-2024-09.pdf
ZAF,2023-09,shared,light_commercial,EC,624,vehicles,NewVehicleRegistration-2024-09.pdf
ZAF,2023-09,shared,light_commercial,FS,472,vehicles,NewVehicleRegistration-2024-09.pdf
ZAF,2023-09,shared,light_commercial,GP,4020,vehicles,NewVehicleRegistration-2024-09.pdf
ZAF,2023-09,shared,light_commercial,KZN,1606,vehicles,NewVehicleRegistration-2024-09.pdf
ZAF,2023-09,shared,light_commercial,LP,499,vehicles,NewVehicleRegistration-2024-09.pdf
ZAF,2023-09,shared,light_commercial,MP,607,vehicles,NewVehicleRegistration-2024-09.pdf
ZAF,2023-09,shared,light_commercial,NC,194,vehicles,NewVehicleRegistration-2024-09.pdf
ZAF,2023-09,shared,light_commercial,NW,441,vehicles,NewVehicleRegistration-2024-09.pdf
ZAF,2023-09,shared,light_commercial,WC,988,vehicles,NewVehicleRegistration-2024-09.pdf
ZAF,2023-09,shared,light_commercial,ZAF,9451,vehicles,NewVehicleRegistration-2024-09.pdf
ZAF,2023-09,shared,minibuses,EC,127,vehicles,NewVehicleRegistration-2024-09.pdf
ZAF,2023-09,shared,minibuses,FS,48,vehicles,NewVehicleRegistration-2024-09.pdf
ZAF,2023-09,shared,minibuses,GP,875,vehicles,NewVehicleRegistration-2024-09.pdf
ZAF,2023-09,shared,minibuses,KZN,261,vehicles,NewVehicleRegistration-2024-09.pdf
ZAF,2023-09,shared,minibuses,LP,122,vehicles,NewVehicleRegistration-2024-09.pdf
ZAF,2023-09,shared,minibuses,MP,104,vehicles,NewVehicleRegistration-2024-09.pdf
ZAF,2023-09,shared,minibuses,NC,42,vehicles,NewVehicleRegistration-2024-09.pdf
ZAF,2023-09,shared,minibuses,NW,60,vehicles,NewVehicleRegistration-2024-09.pdf
ZAF,2023-09,shared,minibuses,WC,171,vehicles,NewVehicleRegistration-2024-09.pdf
ZAF,2023-09,shared,minibuses,ZAF,1810,vehicles,NewVehicleRegistration-2024-09.pdf
ZAF,2023-09,shared,motorcycles,EC,81,vehicles,NewVehicleRegistration-2024-09.pdf
ZAF,2023-09,shared,motorcycles,FS,70,vehicles,NewVehicleRegistration-2024-09.pdf
ZAF,2023-09,shared,motorcycles,GP,755,vehicles,NewVehicleRegistration-2024-09.pdf
ZAF,2023-09,shared,motorcycles,KZN,199,vehicles,NewVehicleRegistration-2024-09.pdf
ZAF,2023-09,shared,motorcycles,LP,38,vehicles,NewVehicleRegistration-2024-09.pdf
ZAF,2023-09,shared,motorcycles,MP,45,vehicles,NewVehicleRegistration-2024-09.pdf
ZAF,2023-09,shared,motorcycles,NC,20,vehicles,NewVehicleRegistration-2024-09.pdf
ZAF,2023-09,shared,motorcycles,NW,55,vehicles,NewVehicleRegistration-2024-09.pdf
ZAF,2023-09,shared,motorcycles,WC,314,vehicles,NewVehicleRegistration-2024-09.pdf
ZAF,2023-09,shared,motorcycles,ZAF,1577,vehicles,NewVehicleRegistration-2024-09.pdf
ZAF,2023-09,shared,other_self_propelled,EC,77,vehicles,NewVehicleRegistration-2024-09.pdf
ZAF,2023-09,shared,other_self_propelled,FS,147,vehicles,NewVehicleRegistration-2024-09.pdf
ZAF,2023-09,shared,other_self_propelled,GP,151,vehicles,NewVehicleRegistration-2024-09.pdf
ZAF,2023-09,shared,other_self_propelled,KZN,105,vehicles,NewVehicleRegistration-2024-09.pdf
ZAF,2023-09,shared,other_self_propelled,LP,85,vehicles,NewVehicleRegistration-2024-09.pdf
ZAF,2023-09,shared,other_self_propelled,MP,98,vehicles,NewVehicleRegistration-2024-09.pdf
ZAF,2023-09,shared,other_self_propelled,NC,33,vehicles,NewVehicleRegistration-2024-09.pdf
ZAF,2023-09,shared,other_self_propelled,NW,53,vehicles,NewVehicleRegistration-2024-09.pdf
ZAF,2023-09,shared,other_self_propelled,WC,112,vehicles,NewVehicleRegistration-2024-09.pdf
ZAF,2023-09,shared,other_self_propelled,ZAF,861,vehicles,NewVehicleRegistration-2024-09.pdf
ZAF,2023-09,shared,total_self_propelled,EC,2419,vehicles,NewVehicleRegistration-2024-09.pdf
ZAF,2023-09,shared,total_self_propelled,FS,1799,vehicles,NewVehicleRegistration-2024-09.pdf
ZAF,2023-09,shared,total_self_propelled,GP,20269,vehicles,NewVehicleRegistration-2024-09.pdf
ZAF,2023-09,shared,total_self_propelled,KZN,6883,vehicles,NewVehicleRegistration-2024-09.pdf
ZAF,2023-09,shared,total_self_propelled,LP,1818,vehicles,NewVehicleRegistration-2024-09.pdf
ZAF,2023-09,shared,total_self_propelled,MP,2229,vehicles,NewVehicleRegistration-2024-09.pdf
ZAF,2023-09,shared,total_self_propelled,NC,561,vehicles,NewVehicleRegistration-2024-09.pdf
ZAF,2023-09,shared,total_self_propelled,NW,1442,vehicles,NewVehicleRegistration-2024-09.pdf
ZAF,2023-09,shared,total_self_propelled,WC,5181,vehicles,NewVehicleRegistration-2024-09.pdf
ZAF,2023-09,shared,total_self_propelled,ZAF,42601,vehicles,NewVehicleRegistration-2024-09.pdf
ZAF,2023-09,shared,trucks,EC,85,vehicles,NewVehicleRegistration-2024-09.pdf
ZAF,2023-09,shared,trucks,FS,172,vehicles,NewVehicleRegistration-2024-09.pdf
ZAF,2023-09,shared,trucks,GP,863,vehicles,NewVehicleRegistration-2024-09.pdf
ZAF,2023-09,shared,trucks,KZN,283,vehicles,NewVehicleRegistration-2024-09.pdf
ZAF,2023-09,shared,trucks,LP,217,vehicles,NewVehicleRegistration-2024-09.pdf
ZAF,2023-09,shared,trucks,MP,393,vehicles,NewVehicleRegistration-2024-09.pdf
ZAF,2023-09,shared,trucks,NC,41,vehicles,NewVehicleRegistration-2024-09.pdf
ZAF,2023-09,shared,trucks,NW,84,vehicles,NewVehicleRegistration-2024-09.pdf
ZAF,2023-09,shared,trucks,WC,169,vehicles,NewVehicleRegistration-2024-09.pdf
ZAF,2023-09,shared,trucks,ZAF,2307,vehicles,NewVehicleRegistration-2024-09.pdf
ZAF,2023-10,shared,buses,EC,5,vehicles,NewVehicleRegistration-2024-10.pdf
ZAF,2023-10,shared,buses,FS,3,vehicles,NewVehicleRegistration-2024-10.pdf
ZAF,2023-10,shared,buses,GP,79,vehicles,NewVehicleRegistration-2024-10.pdf
ZAF,2023-10,shared,buses,KZN,34,vehicles,NewVehicleRegistration-2024-10.pdf
ZAF,2023-10,shared,buses,LP,11,vehicles,NewVehicleRegistration-2024-10.pdf
ZAF,2023-10,shared,buses,MP,19,vehicles,NewVehicleRegistration-2024-10.pdf
ZAF,2023-10,shared,buses,NC,1,vehicles,NewVehicleRegistration-2024-10.pdf
ZAF,2023-10,shared,buses,NW,5,vehicles,NewVehicleRegistration-2024-10.pdf
ZAF,2023-10,shared,buses,WC,13,vehicles,NewVehicleRegistration-2024-10.pdf
ZAF,2023-10,shared,buses,ZAF,170,vehicles,NewVehicleRegistration-2024-10.pdf
ZAF,2023-10,shared,cars,EC,1743,vehicles,NewVehicleRegistration-2024-10.pdf
ZAF,2023-10,shared,cars,FS,607,vehicles,NewVehicleRegistration-2024-10.pdf
ZAF,2023-10,shared,cars,GP,17444,vehicles,NewVehicleRegistration-2024-10.pdf
ZAF,2023-10,shared,cars,KZN,4862,vehicles,NewVehicleRegistration-2024-10.pdf
ZAF,2023-10,shared,cars,LP,897,vehicles,NewVehicleRegistration-2024-10.pdf
ZAF,2023-10,shared,cars,MP,1007,vehicles,NewVehicleRegistration-2024-10.pdf
ZAF,2023-10,shared,cars,NC,263,vehicles,NewVehicleRegistration-2024-10.pdf
ZAF,2023-10,shared,cars,NW,749,vehicles,NewVehicleRegistration-2024-10.pdf
ZAF,2023-10,shared,cars,WC,3002,vehicles,NewVehicleRegistration-2024-10.pdf
ZAF,2023-10,shared,cars,ZAF,30574,vehicles,NewVehicleRegistration-2024-10.pdf
ZAF,2023-10,shared,light_commercial,EC,560,vehicles,NewVehicleRegistration-2024-10.pdf
ZAF,2023-10,shared,light_commercial,FS,442,vehicles,NewVehicleRegistration-2024-10.pdf
ZAF,2023-10,shared,light_commercial,GP,4161,vehicles,NewVehicleRegistration-2024-10.pdf
ZAF,2023-10,shared,light_commercial,KZN,1336,vehicles,NewVehicleRegistration-2024-10.pdf
ZAF,2023-10,shared,light_commercial,LP,485,vehicles,NewVehicleRegistration-2024-10.pdf
ZAF,2023-10,shared,light_commercial,MP,717,vehicles,NewVehicleRegistration-2024-10.pdf
ZAF,2023-10,shared,light_commercial,NC,159,vehicles,NewVehicleRegistration-2024-10.pdf
ZAF,2023-10,shared,light_commercial,NW,405,vehicles,NewVehicleRegistration-2024-10.pdf
ZAF,2023-10,shared,light_commercial,WC,985,vehicles,NewVehicleRegistration-2024-10.pdf
ZAF,2023-10,shared,light_commercial,ZAF,9250,vehicles,NewVehicleRegistration-2024-10.pdf
ZAF,2023-10,shared,minibuses,EC,154,vehicles,NewVehicleRegistration-2024-10.pdf
ZAF,2023-10,shared,minibuses,FS,34,vehicles,NewVehicleRegistration-2024-10.pdf
ZAF,2023-10,shared,minibuses,GP,927,vehicles,NewVehicleRegistration-2024-10.pdf
ZAF,2023-10,shared,minibuses,KZN,283,vehicles,NewVehicleRegistration-2024-10.pdf
ZAF,2023-10,shared,minibuses,LP,138,vehicles,NewVehicleRegistration-2024-10.pdf
ZAF,2023-10,shared,minibuses,MP,127,vehicles,NewVehicleRegistration-2024-10.pdf
ZAF,2023-10,shared,minibuses,NC,43,vehicles,NewVehicleRegistration-2024-10.pdf
ZAF,2023-10,shared,minibuses,NW,69,vehicles,NewVehicleRegistration-2024-10.pdf
ZAF,2023-10,shared,minibuses,WC,232,vehicles,NewVehicleRegistration-2024-10.pdf
ZAF,2023-10,shared,minibuses,ZAF,2007,vehicles,NewVehicleRegistration-2024-10.pdf
ZAF,2023-10,shared,motorcycles,EC,67,vehicles,NewVehicleRegistration-2024-10.pdf
ZAF,2023-10,shared,motorcycles,FS,82,vehicles,NewVehicleRegistration-2024-10.pdf
ZAF,2023-10,shared,motorcycles,GP,841,vehicles,NewVehicleRegistration-2024-10.pdf
ZAF,2023-10,shared,motorcycles,KZN,276,vehicles,NewVehicleRegistration-2024-10.pdf
ZAF,2023-10,shared,motorcycles,LP,41,vehicles,NewVehicleRegistration-2024-10.pdf
ZAF,2023-10,shared,motorcycles,MP,77,vehicles,NewVehicleRegistration-2024-10.pdf
ZAF,2023-10,shared,motorcycles,NC,30,vehicles,NewVehicleRegistration-2024-10.pdf
ZAF,2023-10,shared,motorcycles,NW,47,vehicles,NewVehicleRegistration-2024-10.pdf
ZAF,2023-10,shared,motorcycles,WC,327,vehicles,NewVehicleRegistration-2024-10.pdf
ZAF,2023-10,shared,motorcycles,ZAF,1788,vehicles,NewVehicleRegistration-2024-10.pdf
ZAF,2023-10,shared,other_self_propelled,EC,95,vehicles,NewVehicleRegistration-2024-10.pdf
ZAF,2023-10,shared,other_self_propelled,FS,180,vehicles,NewVehicleRegistration-2024-10.pdf
ZAF,2023-10,shared,other_self_propelled,GP,174,vehicles,NewVehicleRegistration-2024-10.pdf
ZAF,2023-10,shared,other_self_propelled,KZN,91,vehicles,NewVehicleRegistration-2024-10.pdf
ZAF,2023-10,shared,other_self_propelled,LP,86,vehicles,NewVehicleRegistration-2024-10.pdf
ZAF,2023-10,shared,other_self_propelled,MP,94,vehicles,NewVehicleRegistration-2024-10.pdf
ZAF,2023-10,shared,other_self_propelled,NC,26,vehicles,NewVehicleRegistration-2024-10.pdf
ZAF,2023-10,shared,other_self_propelled,NW,120,vehicles,NewVehicleRegistration-2024-10.pdf
ZAF,2023-10,shared,other_self_propelled,WC,131,vehicles,NewVehicleRegistration-2024-10.pdf
ZAF,2023-10,shared,other_self_propelled,ZAF,997,vehicles,NewVehicleRegistration-2024-10.pdf
ZAF,2023-10,shared,total_self_propelled,EC,2694,vehicles,NewVehicleRegistration-2024-10.pdf
ZAF,2023-10,shared,total_self_propelled,FS,1576,vehicles,NewVehicleRegistration-2024-10.pdf
ZAF,2023-10,shared,total_self_propelled,GP,24584,vehicles,NewVehicleRegistration-2024-10.pdf
ZAF,2023-10,shared,total_self_propelled,KZN,7179,vehicles,NewVehicleRegistration-2024-10.pdf
ZAF,2023-10,shared,total_self_propelled,LP,1838,vehicles,NewVehicleRegistration-2024-10.pdf
ZAF,2023-10,shared,total_self_propelled,MP,2368,vehicles,NewVehicleRegistration-2024-10.pdf
ZAF,2023-10,shared,total_self_propelled,NC,596,vehicles,NewVehicleRegistration-2024-10.pdf
ZAF,2023-10,shared,total_self_propelled,NW,1462,vehicles,NewVehicleRegistration-2024-10.pdf
ZAF,2023-10,shared,total_self_propelled,WC,4981,vehicles,NewVehicleRegistration-2024-10.pdf
ZAF,2023-10,shared,total_self_propelled,ZAF,47278,vehicles,NewVehicleRegistration-2024-10.pdf
ZAF,2023-10,shared,trucks,EC,70,vehicles,NewVehicleRegistration-2024-10.pdf
ZAF,2023-10,shared,trucks,FS,228,vehicles,NewVehicleRegistration-2024-10.pdf
ZAF,2023-10,shared,trucks,GP,958,vehicles,NewVehicleRegistration-2024-10.pdf
ZAF,2023-10,shared,trucks,KZN,297,vehicles,NewVehicleRegistration-2024-10.pdf
ZAF,2023-10,shared,trucks,LP,180,vehicles,NewVehicleRegistration-2024-10.pdf
ZAF,2023-10,shared,trucks,MP,327,vehicles,NewVehicleRegistration-2024-10.pdf
ZAF,2023-10,shared,trucks,NC,74,vehicles,NewVehicleRegistration-2024-10.pdf
ZAF,2023-10,shared,trucks,NW,67,vehicles,NewVehicleRegistration-2024-10.pdf
ZAF,2023-10,shared,trucks,WC,291,vehicles,NewVehicleRegistration-2024-10.pdf
ZAF,2023-10,shared,trucks,ZAF,2492,vehicles,NewVehicleRegistration-2024-10.pdf
ZAF,2023-11,shared,buses,EC,9,vehicles,NewVehicleRegistration-2024-11.pdf
ZAF,2023-11,shared,buses,FS,5,vehicles,NewVehicleRegistration-2024-11.pdf
ZAF,2023-11,shared,buses,GP,97,vehicles,NewVehicleRegistration-2024-11.pdf
ZAF,2023-11,shared,buses,KZN,15,vehicles,NewVehicleRegistration-2024-11.pdf
ZAF,2023-11,shared,buses,LP,27,vehicles,NewVehicleRegistration-2024-11.pdf
ZAF,2023-11,shared,buses,MP,22,vehicles,NewVehicleRegistration-2024-11.pdf
ZAF,2023-11,shared,buses,NC,2,vehicles,NewVehicleRegistration-2024-11.pdf
ZAF,2023-11,shared,buses,NW,4,vehicles,NewVehicleRegistration-2024-11.pdf
ZAF,2023-11,shared,buses,WC,33,vehicles,NewVehicleRegistration-2024-11.pdf
ZAF,2023-11,shared,buses,ZAF,214,vehicles,NewVehicleRegistration-2024-11.pdf
ZAF,2023-11,shared,cars,EC,1207,vehicles,NewVehicleRegistration-2024-11.pdf
ZAF,2023-11,shared,cars,FS,557,vehicles,NewVehicleRegistration-2024-11.pdf
ZAF,2023-11,shared,cars,GP,11922,vehicles,NewVehicleRegistration-2024-11.pdf
ZAF,2023-11,shared,cars,KZN,4353,vehicles,NewVehicleRegistration-2024-11.pdf
ZAF,2023-11,shared,cars,LP,750,vehicles,NewVehicleRegistration-2024-11.pdf
ZAF,2023-11,shared,cars,MP,990,vehicles,NewVehicleRegistration-2024-11.pdf
ZAF,2023-11,shared,cars,NC,245,vehicles,NewVehicleRegistration-2024-11.pdf
ZAF,2023-11,shared,cars,NW,666,vehicles,NewVehicleRegistration-2024-11.pdf
ZAF,2023-11,shared,cars,WC,2459,vehicles,NewVehicleRegistration-2024-11.pdf
ZAF,2023-11,shared,cars,ZAF,23149,vehicles,NewVehicleRegistration-2024-11.pdf
ZAF,2023-11,shared,light_commercial,EC,419,vehicles,NewVehicleRegistration-2024-11.pdf
ZAF,2023-11,shared,light_commercial,FS,409,vehicles,NewVehicleRegistration-2024-11.pdf
ZAF,2023-11,shared,light_commercial,GP,3532,vehicles,NewVehicleRegistration-2024-11.pdf
ZAF,2023-11,shared,light_commercial,KZN,1232,vehicles,NewVehicleRegistration-2024-11.pdf
ZAF,2023-11,shared,light_commercial,LP,464,vehicles,NewVehicleRegistration-2024-11.pdf
ZAF,2023-11,shared,light_commercial,MP,544,vehicles,NewVehicleRegistration-2024-11.pdf
ZAF,2023-11,shared,light_commercial,NC,202,vehicles,NewVehicleRegistration-2024-11.pdf
ZAF,2023-11,shared,light_commercial,NW,355,vehicles,NewVehicleRegistration-2024-11.pdf
ZAF,2023-11,shared,light_commercial,WC,1032,vehicles,NewVehicleRegistration-2024-11.pdf
ZAF,2023-11,shared,light_commercial,ZAF,8189,vehicles,NewVehicleRegistration-2024-11.pdf
ZAF,2023-11,shared,minibuses,EC,139,vehicles,NewVehicleRegistration-2024-11.pdf
ZAF,2023-11,shared,minibuses,FS,34,vehicles,NewVehicleRegistration-2024-11.pdf
ZAF,2023-11,shared,minibuses,GP,866,vehicles,NewVehicleRegistration-2024-11.pdf
ZAF,2023-11,shared,minibuses,KZN,236,vehicles,NewVehicleRegistration-2024-11.pdf
ZAF,2023-11,shared,minibuses,LP,121,vehicles,NewVehicleRegistration-2024-11.pdf
ZAF,2023-11,shared,minibuses,MP,96,vehicles,NewVehicleRegistration-2024-11.pdf
ZAF,2023-11,shared,minibuses,NC,42,vehicles,NewVehicleRegistration-2024-11.pdf
ZAF,2023-11,shared,minibuses,NW,59,vehicles,NewVehicleRegistration-2024-11.pdf
ZAF,2023-11,shared,minibuses,WC,211,vehicles,NewVehicleRegistration-2024-11.pdf
ZAF,2023-11,shared,minibuses,ZAF,1804,vehicles,NewVehicleRegistration-2024-11.pdf
ZAF,2023-11,shared,motorcycles,EC,88,vehicles,NewVehicleRegistration-2024-11.pdf
ZAF,2023-11,shared,motorcycles,FS,78,vehicles,NewVehicleRegistration-2024-11.pdf
ZAF,2023-11,shared,motorcycles,GP,1020,vehicles,NewVehicleRegistration-2024-11.pdf
ZAF,2023-11,shared,motorcycles,KZN,236,vehicles,NewVehicleRegistration-2024-11.pdf
ZAF,2023-11,shared,motorcycles,LP,56,vehicles,NewVehicleRegistration-2024-11.pdf
ZAF,2023-11,shared,motorcycles,MP,61,vehicles,NewVehicleRegistration-2024-11.pdf
ZAF,2023-11,shared,motorcycles,NC,19,vehicles,NewVehicleRegistration-2024-11.pdf
ZAF,2023-11,shared,motorcycles,NW,48,vehicles,NewVehicleRegistration-2024-11.pdf
ZAF,2023-11,shared,motorcycles,WC,364,vehicles,NewVehicleRegistration-2024-11.pdf
ZAF,2023-11,shared,motorcycles,ZAF,1970,vehicles,NewVehicleRegistration-2024-11.pdf
ZAF,2023-11,shared,other_self_propelled,EC,64,vehicles,NewVehicleRegistration-2024-11.pdf
ZAF,2023-11,shared,other_self_propelled,FS,171,vehicles,NewVehicleRegistration-2024-11.pdf
ZAF,2023-11,shared,other_self_propelled,GP,168,vehicles,NewVehicleRegistration-2024-11.pdf
ZAF,2023-11,shared,other_self_propelled,KZN,115,vehicles,NewVehicleRegistration-2024-11.pdf
ZAF,2023-11,shared,other_self_propelled,LP,72,vehicles,NewVehicleRegistration-2024-11.pdf
ZAF,2023-11,shared,other_self_propelled,MP,68,vehicles,NewVehicleRegistration-2024-11.pdf
ZAF,2023-11,shared,other_self_propelled,NC,28,vehicles,NewVehicleRegistration-2024-11.pdf
ZAF,2023-11,shared,other_self_propelled,NW,92,vehicles,NewVehicleRegistration-2024-11.pdf
ZAF,2023-11,shared,other_self_propelled,WC,98,vehicles,NewVehicleRegistration-2024-11.pdf
ZAF,2023-11,shared,other_self_propelled,ZAF,876,vehicles,NewVehicleRegistration-2024-11.pdf
ZAF,2023-11,shared,total_self_propelled,EC,2017,vehicles,NewVehicleRegistration-2024-11.pdf
ZAF,2023-11,shared,total_self_propelled,FS,1422,vehicles,NewVehicleRegistration-2024-11.pdf
ZAF,2023-11,shared,total_self_propelled,GP,18456,vehicles,NewVehicleRegistration-2024-11.pdf
ZAF,2023-11,shared,total_self_propelled,KZN,6422,vehicles,NewVehicleRegistration-2024-11.pdf
ZAF,2023-11,shared,total_self_propelled,LP,1564,vehicles,NewVehicleRegistration-2024-11.pdf
ZAF,2023-11,shared,total_self_propelled,MP,2151,vehicles,NewVehicleRegistration-2024-11.pdf
ZAF,2023-11,shared,total_self_propelled,NC,569,vehicles,NewVehicleRegistration-2024-11.pdf
ZAF,2023-11,shared,total_self_propelled,NW,1282,vehicles,NewVehicleRegistration-2024-11.pdf
ZAF,2023-11,shared,total_self_propelled,WC,4417,vehicles,NewVehicleRegistration-2024-11.pdf
ZAF,2023-11,shared,total_self_propelled,ZAF,38300,vehicles,NewVehicleRegistration-2024-11.pdf
ZAF,2023-11,shared,trucks,EC,91,vehicles,NewVehicleRegistration-2024-11.pdf
ZAF,2023-11,shared,trucks,FS,168,vehicles,NewVehicleRegistration-2024-11.pdf
ZAF,2023-11,shared,trucks,GP,851,vehicles,NewVehicleRegistration-2024-11.pdf
ZAF,2023-11,shared,trucks,KZN,235,vehicles,NewVehicleRegistration-2024-11.pdf
ZAF,2023-11,shared,trucks,LP,74,vehicles,NewVehicleRegistration-2024-11.pdf
ZAF,2023-11,shared,trucks,MP,370,vehicles,NewVehicleRegistration-2024-11.pdf
ZAF,2023-11,shared,trucks,NC,31,vehicles,NewVehicleRegistration-2024-11.pdf
ZAF,2023-11,shared,trucks,NW,58,vehicles,NewVehicleRegistration-2024-11.pdf
ZAF,2023-11,shared,trucks,WC,220,vehicles,NewVehicleRegistration-2024-11.pdf
ZAF,2023-11,shared,trucks,ZAF,2098,vehicles,NewVehicleRegistration-2024-11.pdf
ZAF,2023-12,shared,buses,EC,10,vehicles,NewVehicleRegistration-2024-12.pdf
ZAF,2023-12,shared,buses,FS,2,vehicles,NewVehicleRegistration-2024-12.pdf
ZAF,2023-12,shared,buses,GP,123,vehicles,NewVehicleRegistration-2024-12.pdf
ZAF,2023-12,shared,buses,KZN,28,vehicles,NewVehicleRegistration-2024-12.pdf
ZAF,2023-12,shared,buses,LP,16,vehicles,NewVehicleRegistration-2024-12.pdf
ZAF,2023-12,shared,buses,MP,18,vehicles,NewVehicleRegistration-2024-12.pdf
ZAF,2023-12,shared,buses,NC,2,vehicles,NewVehicleRegistration-2024-12.pdf
ZAF,2023-12,shared,buses,NW,2,vehicles,NewVehicleRegistration-2024-12.pdf
ZAF,2023-12,shared,buses,WC,16,vehicles,NewVehicleRegistration-2024-12.pdf
ZAF,2023-12,shared,buses,ZAF,217,vehicles,NewVehicleRegistration-2024-12.pdf
ZAF,2023-12,shared,cars,EC,555,vehicles,NewVehicleRegistration-2024-12.pdf
ZAF,2023-12,shared,cars,FS,332,vehicles,NewVehicleRegistration-2024-12.pdf
ZAF,2023-12,shared,cars,GP,5844,vehicles,NewVehicleRegistration-2024-12.pdf
ZAF,2023-12,shared,cars,KZN,2391,vehicles,NewVehicleRegistration-2024-12.pdf
ZAF,2023-12,shared,cars,LP,679,vehicles,NewVehicleRegistration-2024-12.pdf
ZAF,2023-12,shared,cars,MP,648,vehicles,NewVehicleRegistration-2024-12.pdf
ZAF,2023-12,shared,cars,NC,164,vehicles,NewVehicleRegistration-2024-12.pdf
ZAF,2023-12,shared,cars,NW,348,vehicles,NewVehicleRegistration-2024-12.pdf
ZAF,2023-12,shared,cars,WC,1518,vehicles,NewVehicleRegistration-2024-12.pdf
ZAF,2023-12,shared,cars,ZAF,12479,vehicles,NewVehicleRegistration-2024-12.pdf
ZAF,2023-12,shared,light_commercial,EC,271,vehicles,NewVehicleRegistration-2024-12.pdf
ZAF,2023-12,shared,light_commercial,FS,196,vehicles,NewVehicleRegistration-2024-12.pdf
ZAF,2023-12,shared,light_commercial,GP,1444,vehicles,NewVehicleRegistration-2024-12.pdf
ZAF,2023-12,shared,light_commercial,KZN,642,vehicles,NewVehicleRegistration-2024-12.pdf
ZAF,2023-12,shared,light_commercial,LP,336,vehicles,NewVehicleRegistration-2024-12.pdf
ZAF,2023-12,shared,light_commercial,MP,250,vehicles,NewVehicleRegistration-2024-12.pdf
ZAF,2023-12,shared,light_commercial,NC,98,vehicles,NewVehicleRegistration-2024-12.pdf
ZAF,2023-12,shared,light_commercial,NW,193,vehicles,NewVehicleRegistration-2024-12.pdf
ZAF,2023-12,shared,light_commercial,WC,447,vehicles,NewVehicleRegistration-2024-12.pdf
ZAF,2023-12,shared,light_commercial,ZAF,3877,vehicles,NewVehicleRegistration-2024-12.pdf
ZAF,2023-12,shared,minibuses,EC,73,vehicles,NewVehicleRegistration-2024-12.pdf
ZAF,2023-12,shared,minibuses,FS,31,vehicles,NewVehicleRegistration-2024-12.pdf
ZAF,2023-12,shared,minibuses,GP,472,vehicles,NewVehicleRegistration-2024-12.pdf
ZAF,2023-12,shared,minibuses,KZN,143,vehicles,NewVehicleRegistration-2024-12.pdf
ZAF,2023-12,shared,minibuses,LP,95,vehicles,NewVehicleRegistration-2024-12.pdf
ZAF,2023-12,shared,minibuses,MP,66,vehicles,NewVehicleRegistration-2024-12.pdf
ZAF,2023-12,shared,minibuses,NC,15,vehicles,NewVehicleRegistration-2024-12.pdf
ZAF,2023-12,shared,minibuses,NW,45,vehicles,NewVehicleRegistration-2024-12.pdf
ZAF,2023-12,shared,minibuses,WC,118,vehicles,NewVehicleRegistration-2024-12.pdf
ZAF,2023-12,shared,minibuses,ZAF,1058,vehicles,NewVehicleRegistration-2024-12.pdf
ZAF,2023-12,shared,motorcycles,EC,73,vehicles,NewVehicleRegistration-2024-12.pdf
ZAF,2023-12,shared,motorcycles,FS,22,vehicles,NewVehicleRegistration-2024-12.pdf
ZAF,2023-12,shared,motorcycles,GP,831,vehicles,NewVehicleRegistration-2024-12.pdf
ZAF,2023-12,shared,motorcycles,KZN,234,vehicles,NewVehicleRegistration-2024-12.pdf
ZAF,2023-12,shared,motorcycles,LP,22,vehicles,NewVehicleRegistration-2024-12.pdf
ZAF,2023-12,shared,motorcycles,MP,60,vehicles,NewVehicleRegistration-2024-12.pdf
ZAF,2023-12,shared,motorcycles,NC,8,vehicles,NewVehicleRegistration-2024-12.pdf
ZAF,2023-12,shared,motorcycles,NW,26,vehicles,NewVehicleRegistration-2024-12.pdf
ZAF,2023-12,shared,motorcycles,WC,335,vehicles,NewVehicleRegistration-2024-12.pdf
ZAF,2023-12,shared,motorcycles,ZAF,1611,vehicles,NewVehicleRegistration-2024-12.pdf
ZAF,2023-12,shared,other_self_propelled,EC,35,vehicles,NewVehicleRegistration-2024-12.pdf
ZAF,2023-12,shared,other_self_propelled,FS,72,vehicles,NewVehicleRegistration-2024-12.pdf
ZAF,2023-12,shared,other_self_propelled,GP,89,vehicles,NewVehicleRegistration-2024-12.pdf
ZAF,2023-12,shared,other_self_propelled,KZN,70,vehicles,NewVehicleRegistration-2024-12.pdf
ZAF,2023-12,shared,other_self_propelled,LP,28,vehicles,NewVehicleRegistration-2024-12.pdf
ZAF,2023-12,shared,other_self_propelled,MP,36,vehicles,NewVehicleRegistration-2024-12.pdf
ZAF,2023-12,shared,other_self_propelled,NC,29,vehicles,NewVehicleRegistration-2024-12.pdf
ZAF,2023-12,shared,other_self_propelled,NW,37,vehicles,NewVehicleRegistration-2024-12.pdf
ZAF,2023-12,shared,other_self_propelled,WC,76,vehicles,NewVehicleRegistration-2024-12.pdf
ZAF,2023-12,shared,other_self_propelled,ZAF,472,vehicles,NewVehicleRegistration-2024-12.pdf
ZAF,2023-12,shared,total_self_propelled,EC,1050,vehicles,NewVehicleRegistration-2024-12.pdf
ZAF,2023-12,shared,total_self_propelled,FS,741,vehicles,NewVehicleRegistration-2024-12.pdf
ZAF,2023-12,shared,total_self_propelled,GP,9424,vehicles,NewVehicleRegistration-2024-12.pdf
ZAF,2023-12,shared,total_self_propelled,KZN,3644,vehicles,NewVehicleRegistration-2024-12.pdf
ZAF,2023-12,shared,total_self_propelled,LP,1245,vehicles,NewVehicleRegistration-2024-12.pdf
ZAF,2023-12,shared,total_self_propelled,MP,1249,vehicles,NewVehicleRegistration-2024-12.pdf
ZAF,2023-12,shared,total_self_propelled,NC,349,vehicles,NewVehicleRegistration-2024-12.pdf
ZAF,2023-12,shared,total_self_propelled,NW,677,vehicles,NewVehicleRegistration-2024-12.pdf
ZAF,2023-12,shared,total_self_propelled,WC,2640,vehicles,NewVehicleRegistration-2024-12.pdf
ZAF,2023-12,shared,total_self_propelled,ZAF,21019,vehicles,NewVehicleRegistration-2024-12.pdf
ZAF,2023-12,shared,trucks,EC,33,vehicles,NewVehicleRegistration-2024-12.pdf
ZAF,2023-12,shared,trucks,FS,86,vehicles,NewVehicleRegistration-2024-12.pdf
ZAF,2023-12,shared,trucks,GP,621,vehicles,NewVehicleRegistration-2024-12.pdf
ZAF,2023-12,shared,trucks,KZN,136,vehicles,NewVehicleRegistration-2024-12.pdf
ZAF,2023-12,shared,trucks,LP,69,vehicles,NewVehicleRegistration-2024-12.pdf
ZAF,2023-12,shared,trucks,MP,171,vehicles,NewVehicleRegistration-2024-12.pdf
ZAF,2023-12,shared,trucks,NC,33,vehicles,NewVehicleRegistration-2024-12.pdf
ZAF,2023-12,shared,trucks,NW,26,vehicles,NewVehicleRegistration-2024-12.pdf
ZAF,2023-12,shared,trucks,WC,130,vehicles,NewVehicleRegistration-2024-12.pdf
ZAF,2023-12,shared,trucks,ZAF,1305,vehicles,NewVehicleRegistration-2024-12.pdf
ZAF,2024-01,shared,buses,EC,12,vehicles,NewVehicleRegistration-2025-01.pdf
ZAF,2024-01,shared,buses,FS,3,vehicles,NewVehicleRegistration-2025-01.pdf
ZAF,2024-01,shared,buses,GP,123,vehicles,NewVehicleRegistration-2025-01.pdf
ZAF,2024-01,shared,buses,KZN,41,vehicles,NewVehicleRegistration-2025-01.pdf
ZAF,2024-01,shared,buses,LP,26,vehicles,NewVehicleRegistration-2025-01.pdf
ZAF,2024-01,shared,buses,MP,19,vehicles,NewVehicleRegistration-2025-01.pdf
ZAF,2024-01,shared,buses,NC,5,vehicles,NewVehicleRegistration-2025-01.pdf
ZAF,2024-01,shared,buses,NW,5,vehicles,NewVehicleRegistration-2025-01.pdf
ZAF,2024-01,shared,buses,WC,20,vehicles,NewVehicleRegistration-2025-01.pdf
ZAF,2024-01,shared,buses,ZAF,254,vehicles,NewVehicleRegistration-2025-01.pdf
ZAF,2024-01,shared,cars,EC,2421,vehicles,NewVehicleRegistration-2025-01.pdf
ZAF,2024-01,shared,cars,FS,1097,vehicles,NewVehicleRegistration-2025-01.pdf
ZAF,2024-01,shared,cars,GP,23169,vehicles,NewVehicleRegistration-2025-01.pdf
ZAF,2024-01,shared,cars,KZN,8113,vehicles,NewVehicleRegistration-2025-01.pdf
ZAF,2024-01,shared,cars,LP,1526,vehicles,NewVehicleRegistration-2025-01.pdf
ZAF,2024-01,shared,cars,MP,1914,vehicles,NewVehicleRegistration-2025-01.pdf
ZAF,2024-01,shared,cars,NC,370,vehicles,NewVehicleRegistration-2025-01.pdf
ZAF,2024-01,shared,cars,NW,1220,vehicles,NewVehicleRegistration-2025-01.pdf
ZAF,2024-01,shared,cars,WC,6490,vehicles,NewVehicleRegistration-2025-01.pdf
ZAF,2024-01,shared,cars,ZAF,46320,vehicles,NewVehicleRegistration-2025-01.pdf
ZAF,2024-01,shared,light_commercial,EC,867,vehicles,NewVehicleRegistration-2025-01.pdf
ZAF,2024-01,shared,light_commercial,FS,650,vehicles,NewVehicleRegistration-2025-01.pdf
ZAF,2024-01,shared,light_commercial,GP,6288,vehicles,NewVehicleRegistration-2025-01.pdf
ZAF,2024-01,shared,light_commercial,KZN,2145,vehicles,NewVehicleRegistration-2025-01.pdf
ZAF,2024-01,shared,light_commercial,LP,831,vehicles,NewVehicleRegistration-2025-01.pdf
ZAF,2024-01,shared,light_commercial,MP,938,vehicles,NewVehicleRegistration-2025-01.pdf
ZAF,2024-01,shared,light_commercial,NC,313,vehicles,NewVehicleRegistration-2025-01.pdf
ZAF,2024-01,shared,light_commercial,NW,735,vehicles,NewVehicleRegistration-2025-01.pdf
ZAF,2024-01,shared,light_commercial,WC,1582,vehicles,NewVehicleRegistration-2025-01.pdf
ZAF,2024-01,shared,light_commercial,ZAF,14349,vehicles,NewVehicleRegistration-2025-01.pdf
ZAF,2024-01,shared,minibuses,EC,104,vehicles,NewVehicleRegistration-2025-01.pdf
ZAF,2024-01,shared,minibuses,FS,33,vehicles,NewVehicleRegistration-2025-01.pdf
ZAF,2024-01,shared,minibuses,GP,842,vehicles,NewVehicleRegistration-2025-01.pdf
ZAF,2024-01,shared,minibuses,KZN,254,vehicles,NewVehicleRegistration-2025-01.pdf
ZAF,2024-01,shared,minibuses,LP,117,vehicles,NewVehicleRegistration-2025-01.pdf
ZAF,2024-01,shared,minibuses,MP,112,vehicles,NewVehicleRegistration-2025-01.pdf
ZAF,2024-01,shared,minibuses,NC,16,vehicles,NewVehicleRegistration-2025-01.pdf
ZAF,2024-01,shared,minibuses,NW,42,vehicles,NewVehicleRegistration-2025-01.pdf
ZAF,2024-01,shared,minibuses,WC,145,vehicles,NewVehicleRegistration-2025-01.pdf
ZAF,2024-01,shared,minibuses,ZAF,1665,vehicles,NewVehicleRegistration-2025-01.pdf
ZAF,2024-01,shared,motorcycles,EC,98,vehicles,NewVehicleRegistration-2025-01.pdf
ZAF,2024-01,shared,motorcycles,FS,80,vehicles,NewVehicleRegistration-2025-01.pdf
ZAF,2024-01,shared,motorcycles,GP,1433,vehicles,NewVehicleRegistration-2025-01.pdf
ZAF,2024-01,shared,motorcycles,KZN,367,vehicles,NewVehicleRegistration-2025-01.pdf
ZAF,2024-01,shared,motorcycles,LP,40,vehicles,NewVehicleRegistration-2025-01.pdf
ZAF,2024-01,shared,motorcycles,MP,73,vehicles,NewVehicleRegistration-2025-01.pdf
ZAF,2024-01,shared,motorcycles,NC,29,vehicles,NewVehicleRegistration-2025-01.pdf
ZAF,2024-01,shared,motorcycles,NW,57,vehicles,NewVehicleRegistration-2025-01.pdf
ZAF,2024-01,shared,motorcycles,WC,377,vehicles,NewVehicleRegistration-2025-01.pdf
ZAF,2024-01,shared,motorcycles,ZAF,2554,vehicles,NewVehicleRegistration-2025-01.pdf
ZAF,2024-01,shared,other_self_propelled,EC,60,vehicles,NewVehicleRegistration-2025-01.pdf
ZAF,2024-01,shared,other_self_propelled,FS,151,vehicles,NewVehicleRegistration-2025-01.pdf
ZAF,2024-01,shared,other_self_propelled,GP,117,vehicles,NewVehicleRegistration-2025-01.pdf
ZAF,2024-01,shared,other_self_propelled,KZN,119,vehicles,NewVehicleRegistration-2025-01.pdf
ZAF,2024-01,shared,other_self_propelled,LP,56,vehicles,NewVehicleRegistration-2025-01.pdf
ZAF,2024-01,shared,other_self_propelled,MP,46,vehicles,NewVehicleRegistration-2025-01.pdf
ZAF,2024-01,shared,other_self_propelled,NC,26,vehicles,NewVehicleRegistration-2025-01.pdf
ZAF,2024-01,shared,other_self_propelled,NW,58,vehicles,NewVehicleRegistration-2025-01.pdf
ZAF,2024-01,shared,other_self_propelled,WC,93,vehicles,NewVehicleRegistration-2025-01.pdf
ZAF,2024-01,shared,other_self_propelled,ZAF,726,vehicles,NewVehicleRegistration-2025-01.pdf
ZAF,2024-01,shared,total_self_propelled,EC,3631,vehicles,NewVehicleRegistration-2025-01.pdf
ZAF,2024-01,shared,total_self_propelled,FS,2138,vehicles,NewVehicleRegistration-2025-01.pdf
ZAF,2024-01,shared,total_self_propelled,GP,32721,vehicles,NewVehicleRegistration-2025-01.pdf
ZAF,2024-01,shared,total_self_propelled,KZN,11252,vehicles,NewVehicleRegistration-2025-01.pdf
ZAF,2024-01,shared,total_self_propelled,LP,2744,vehicles,NewVehicleRegistration-2025-01.pdf
ZAF,2024-01,shared,total_self_propelled,MP,3476,vehicles,NewVehicleRegistration-2025-01.pdf
ZAF,2024-01,shared,total_self_propelled,NC,812,vehicles,NewVehicleRegistration-2025-01.pdf
ZAF,2024-01,shared,total_self_propelled,NW,2192,vehicles,NewVehicleRegistration-2025-01.pdf
ZAF,2024-01,shared,total_self_propelled,WC,8935,vehicles,NewVehicleRegistration-2025-01.pdf
ZAF,2024-01,shared,total_self_propelled,ZAF,67901,vehicles,NewVehicleRegistration-2025-01.pdf
ZAF,2024-01,shared,trucks,EC,69,vehicles,NewVehicleRegistration-2025-01.pdf
ZAF,2024-01,shared,trucks,FS,124,vehicles,NewVehicleRegistration-2025-01.pdf
ZAF,2024-01,shared,trucks,GP,749,vehicles,NewVehicleRegistration-2025-01.pdf
ZAF,2024-01,shared,trucks,KZN,213,vehicles,NewVehicleRegistration-2025-01.pdf
ZAF,2024-01,shared,trucks,LP,148,vehicles,NewVehicleRegistration-2025-01.pdf
ZAF,2024-01,shared,trucks,MP,374,vehicles,NewVehicleRegistration-2025-01.pdf
ZAF,2024-01,shared,trucks,NC,53,vehicles,NewVehicleRegistration-2025-01.pdf
ZAF,2024-01,shared,trucks,NW,75,vehicles,NewVehicleRegistration-2025-01.pdf
ZAF,2024-01,shared,trucks,WC,228,vehicles,NewVehicleRegistration-2025-01.pdf
ZAF,2024-01,shared,trucks,ZAF,2033,vehicles,NewVehicleRegistration-2025-01.pdf
ZAF,2024-02,shared,buses,EC,15,vehicles,NewVehicleRegistration-2025-02.pdf
ZAF,2024-02,shared,buses,FS,1,vehicles,NewVehicleRegistration-2025-02.pdf
ZAF,2024-02,shared,buses,GP,75,vehicles,NewVehicleRegistration-2025-02.pdf
ZAF,2024-02,shared,buses,KZN,22,vehicles,NewVehicleRegistration-2025-02.pdf
ZAF,2024-02,shared,buses,LP,11,vehicles,NewVehicleRegistration-2025-02.pdf
ZAF,2024-02,shared,buses,MP,29,vehicles,NewVehicleRegistration-2025-02.pdf
ZAF,2024-02,shared,buses,NC,2,vehicles,NewVehicleRegistration-2025-02.pdf
ZAF,2024-02,shared,buses,NW,16,vehicles,NewVehicleRegistration-2025-02.pdf
ZAF,2024-02,shared,buses,WC,23,vehicles,NewVehicleRegistration-2025-02.pdf
ZAF,2024-02,shared,buses,ZAF,194,vehicles,NewVehicleRegistration-2025-02.pdf
ZAF,2024-02,shared,cars,EC,1535,vehicles,NewVehicleRegistration-2025-02.pdf
ZAF,2024-02,shared,cars,FS,618,vehicles,NewVehicleRegistration-2025-02.pdf
ZAF,2024-02,shared,cars,GP,13809,vehicles,NewVehicleRegistration-2025-02.pdf
ZAF,2024-02,shared,cars,KZN,5293,vehicles,NewVehicleRegistration-2025-02.pdf
ZAF,2024-02,shared,cars,LP,897,vehicles,NewVehicleRegistration-2025-02.pdf
ZAF,2024-02,shared,cars,MP,1060,vehicles,NewVehicleRegistration-2025-02.pdf
ZAF,2024-02,shared,cars,NC,287,vehicles,NewVehicleRegistration-2025-02.pdf
ZAF,2024-02,shared,cars,NW,805,vehicles,NewVehicleRegistration-2025-02.pdf
ZAF,2024-02,shared,cars,WC,3323,vehicles,NewVehicleRegistration-2025-02.pdf
ZAF,2024-02,shared,cars,ZAF,27627,vehicles,NewVehicleRegistration-2025-02.pdf
ZAF,2024-02,shared,light_commercial,EC,598,vehicles,NewVehicleRegistration-2025-02.pdf
ZAF,2024-02,shared,light_commercial,FS,473,vehicles,NewVehicleRegistration-2025-02.pdf
ZAF,2024-02,shared,light_commercial,GP,4770,vehicles,NewVehicleRegistration-2025-02.pdf
ZAF,2024-02,shared,light_commercial,KZN,1697,vehicles,NewVehicleRegistration-2025-02.pdf
ZAF,2024-02,shared,light_commercial,LP,509,vehicles,NewVehicleRegistration-2025-02.pdf
ZAF,2024-02,shared,light_commercial,MP,674,vehicles,NewVehicleRegistration-2025-02.pdf
ZAF,2024-02,shared,light_commercial,NC,259,vehicles,NewVehicleRegistration-2025-02.pdf
ZAF,2024-02,shared,light_commercial,NW,451,vehicles,NewVehicleRegistration-2025-02.pdf
ZAF,2024-02,shared,light_commercial,WC,1072,vehicles,NewVehicleRegistration-2025-02.pdf
ZAF,2024-02,shared,light_commercial,ZAF,10503,vehicles,NewVehicleRegistration-2025-02.pdf
ZAF,2024-02,shared,minibuses,EC,124,vehicles,NewVehicleRegistration-2025-02.pdf
ZAF,2024-02,shared,minibuses,FS,41,vehicles,NewVehicleRegistration-2025-02.pdf
ZAF,2024-02,shared,minibuses,GP,619,vehicles,NewVehicleRegistration-2025-02.pdf
ZAF,2024-02,shared,minibuses,KZN,203,vehicles,NewVehicleRegistration-2025-02.pdf
ZAF,2024-02,shared,minibuses,LP,103,vehicles,NewVehicleRegistration-2025-02.pdf
ZAF,2024-02,shared,minibuses,MP,125,vehicles,NewVehicleRegistration-2025-02.pdf
ZAF,2024-02,shared,minibuses,NC,25,vehicles,NewVehicleRegistration-2025-02.pdf
ZAF,2024-02,shared,minibuses,NW,55,vehicles,NewVehicleRegistration-2025-02.pdf
ZAF,2024-02,shared,minibuses,WC,157,vehicles,NewVehicleRegistration-2025-02.pdf
ZAF,2024-02,shared,minibuses,ZAF,1452,vehicles,NewVehicleRegistration-2025-02.pdf
ZAF,2024-02,shared,motorcycles,EC,66,vehicles,NewVehicleRegistration-2025-02.pdf
ZAF,2024-02,shared,motorcycles,FS,75,vehicles,NewVehicleRegistration-2025-02.pdf
ZAF,2024-02,shared,motorcycles,GP,1156,vehicles,NewVehicleRegistration-2025-02.pdf
ZAF,2024-02,shared,motorcycles,KZN,306,vehicles,NewVehicleRegistration-2025-02.pdf
ZAF,2024-02,shared,motorcycles,LP,47,vehicles,NewVehicleRegistration-2025-02.pdf
ZAF,2024-02,shared,motorcycles,MP,87,vehicles,NewVehicleRegistration-2025-02.pdf
ZAF,2024-02,shared,motorcycles,NC,30,vehicles,NewVehicleRegistration-2025-02.pdf
ZAF,2024-02,shared,motorcycles,NW,59,vehicles,NewVehicleRegistration-2025-02.pdf
ZAF,2024-02,shared,motorcycles,WC,425,vehicles,NewVehicleRegistration-2025-02.pdf
ZAF,2024-02,shared,motorcycles,ZAF,2251,vehicles,NewVehicleRegistration-2025-02.pdf
ZAF,2024-02,shared,other_self_propelled,EC,90,vehicles,NewVehicleRegistration-2025-02.pdf
ZAF,2024-02,shared,other_self_propelled,FS,111,vehicles,NewVehicleRegistration-2025-02.pdf
ZAF,2024-02,shared,other_self_propelled,GP,183,vehicles,NewVehicleRegistration-2025-02.pdf
ZAF,2024-02,shared,other_self_propelled,KZN,134,vehicles,NewVehicleRegistration-2025-02.pdf
ZAF,2024-02,shared,other_self_propelled,LP,57,vehicles,NewVehicleRegistration-2025-02.pdf
ZAF,2024-02,shared,other_self_propelled,MP,62,vehicles,NewVehicleRegistration-2025-02.pdf
ZAF,2024-02,shared,other_self_propelled,NC,20,vehicles,NewVehicleRegistration-2025-02.pdf
ZAF,2024-02,shared,other_self_propelled,NW,66,vehicles,NewVehicleRegistration-2025-02.pdf
ZAF,2024-02,shared,other_self_propelled,WC,81,vehicles,NewVehicleRegistration-2025-02.pdf
ZAF,2024-02,shared,other_self_propelled,ZAF,804,vehicles,NewVehicleRegistration-2025-02.pdf
ZAF,2024-02,shared,total_self_propelled,EC,2495,vehicles,NewVehicleRegistration-2025-02.pdf
ZAF,2024-02,shared,total_self_propelled,FS,1455,vehicles,NewVehicleRegistration-2025-02.pdf
ZAF,2024-02,shared,total_self_propelled,GP,21364,vehicles,NewVehicleRegistration-2025-02.pdf
ZAF,2024-02,shared,total_self_propelled,KZN,7914,vehicles,NewVehicleRegistration-2025-02.pdf
ZAF,2024-02,shared,total_self_propelled,LP,1767,vehicles,NewVehicleRegistration-2025-02.pdf
ZAF,2024-02,shared,total_self_propelled,MP,2259,vehicles,NewVehicleRegistration-2025-02.pdf
ZAF,2024-02,shared,total_self_propelled,NC,646,vehicles,NewVehicleRegistration-2025-02.pdf
ZAF,2024-02,shared,total_self_propelled,NW,1498,vehicles,NewVehicleRegistration-2025-02.pdf
ZAF,2024-02,shared,total_self_propelled,WC,5314,vehicles,NewVehicleRegistration-2025-02.pdf
ZAF,2024-02,shared,total_self_propelled,ZAF,44712,vehicles,NewVehicleRegistration-2025-02.pdf
ZAF,2024-02,shared,trucks,EC,67,vehicles,NewVehicleRegistration-2025-02.pdf
ZAF,2024-02,shared,trucks,FS,136,vehicles,NewVehicleRegistration-2025-02.pdf
ZAF,2024-02,shared,trucks,GP,752,vehicles,NewVehicleRegistration-2025-02.pdf
ZAF,2024-02,shared,trucks,KZN,259,vehicles,NewVehicleRegistration-2025-02.pdf
ZAF,2024-02,shared,trucks,LP,143,vehicles,NewVehicleRegistration-2025-02.pdf
ZAF,2024-02,shared,trucks,MP,222,vehicles,NewVehicleRegistration-2025-02.pdf
ZAF,2024-02,shared,trucks,NC,23,vehicles,NewVehicleRegistration-2025-02.pdf
ZAF,2024-02,shared,trucks,NW,46,vehicles,NewVehicleRegistration-2025-02.pdf
ZAF,2024-02,shared,trucks,WC,233,vehicles,NewVehicleRegistration-2025-02.pdf
ZAF,2024-02,shared,trucks,ZAF,1881,vehicles,NewVehicleRegistration-2025-02.pdf
ZAF,2024-03,shared,buses,EC,10,vehicles,NewVehicleRegistration-2025-03.pdf
ZAF,2024-03,shared,buses,FS,5,vehicles,NewVehicleRegistration-2025-03.pdf
ZAF,2024-03,shared,buses,GP,85,vehicles,NewVehicleRegistration-2025-03.pdf
ZAF,2024-03,shared,buses,KZN,20,vehicles,NewVehicleRegistration-2025-03.pdf
ZAF,2024-03,shared,buses,LP,13,vehicles,NewVehicleRegistration-2025-03.pdf
ZAF,2024-03,shared,buses,MP,33,vehicles,NewVehicleRegistration-2025-03.pdf
ZAF,2024-03,shared,buses,NC,5,vehicles,NewVehicleRegistration-2025-03.pdf
ZAF,2024-03,shared,buses,NW,6,vehicles,NewVehicleRegistration-2025-03.pdf
ZAF,2024-03,shared,buses,WC,15,vehicles,NewVehicleRegistration-2025-03.pdf
ZAF,2024-03,shared,buses,ZAF,192,vehicles,NewVehicleRegistration-2025-03.pdf
ZAF,2024-03,shared,cars,EC,1209,vehicles,NewVehicleRegistration-2025-03.pdf
ZAF,2024-03,shared,cars,FS,451,vehicles,NewVehicleRegistration-2025-03.pdf
ZAF,2024-03,shared,cars,GP,11117,vehicles,NewVehicleRegistration-2025-03.pdf
ZAF,2024-03,shared,cars,KZN,4335,vehicles,NewVehicleRegistration-2025-03.pdf
ZAF,2024-03,shared,cars,LP,853,vehicles,NewVehicleRegistration-2025-03.pdf
ZAF,2024-03,shared,cars,MP,937,vehicles,NewVehicleRegistration-2025-03.pdf
ZAF,2024-03,shared,cars,NC,226,vehicles,NewVehicleRegistration-2025-03.pdf
ZAF,2024-03,shared,cars,NW,689,vehicles,NewVehicleRegistration-2025-03.pdf
ZAF,2024-03,shared,cars,WC,2760,vehicles,NewVehicleRegistration-2025-03.pdf
ZAF,2024-03,shared,cars,ZAF,22577,vehicles,NewVehicleRegistration-2025-03.pdf
ZAF,2024-03,shared,light_commercial,EC,658,vehicles,NewVehicleRegistration-2025-03.pdf
ZAF,2024-03,shared,light_commercial,FS,348,vehicles,NewVehicleRegistration-2025-03.pdf
ZAF,2024-03,shared,light_commercial,GP,4001,vehicles,NewVehicleRegistration-2025-03.pdf
ZAF,2024-03,shared,light_commercial,KZN,1615,vehicles,NewVehicleRegistration-2025-03.pdf
ZAF,2024-03,shared,light_commercial,LP,553,vehicles,NewVehicleRegistration-2025-03.pdf
ZAF,2024-03,shared,light_commercial,MP,642,vehicles,NewVehicleRegistration-2025-03.pdf
ZAF,2024-03,shared,light_commercial,NC,251,vehicles,NewVehicleRegistration-2025-03.pdf
ZAF,2024-03,shared,light_commercial,NW,427,vehicles,NewVehicleRegistration-2025-03.pdf
ZAF,2024-03,shared,light_commercial,WC,964,vehicles,NewVehicleRegistration-2025-03.pdf
ZAF,2024-03,shared,light_commercial,ZAF,9459,vehicles,NewVehicleRegistration-2025-03.pdf
ZAF,2024-03,shared,minibuses,EC,74,vehicles,NewVehicleRegistration-2025-03.pdf
ZAF,2024-03,shared,minibuses,FS,20,vehicles,NewVehicleRegistration-2025-03.pdf
ZAF,2024-03,shared,minibuses,GP,300,vehicles,NewVehicleRegistration-2025-03.pdf
ZAF,2024-03,shared,minibuses,KZN,114,vehicles,NewVehicleRegistration-2025-03.pdf
ZAF,2024-03,shared,minibuses,LP,60,vehicles,NewVehicleRegistration-2025-03.pdf
ZAF,2024-03,shared,minibuses,MP,89,vehicles,NewVehicleRegistration-2025-03.pdf
ZAF,2024-03,shared,minibuses,NC,18,vehicles,NewVehicleRegistration-2025-03.pdf
ZAF,2024-03,shared,minibuses,NW,24,vehicles,NewVehicleRegistration-2025-03.pdf
ZAF,2024-03,shared,minibuses,WC,113,vehicles,NewVehicleRegistration-2025-03.pdf
ZAF,2024-03,shared,minibuses,ZAF,812,vehicles,NewVehicleRegistration-2025-03.pdf
ZAF,2024-03,shared,motorcycles,EC,68,vehicles,NewVehicleRegistration-2025-03.pdf
ZAF,2024-03,shared,motorcycles,FS,65,vehicles,NewVehicleRegistration-2025-03.pdf
ZAF,2024-03,shared,motorcycles,GP,1000,vehicles,NewVehicleRegistration-2025-03.pdf
ZAF,2024-03,shared,motorcycles,KZN,281,vehicles,NewVehicleRegistration-2025-03.pdf
ZAF,2024-03,shared,motorcycles,LP,29,vehicles,NewVehicleRegistration-2025-03.pdf
ZAF,2024-03,shared,motorcycles,MP,51,vehicles,NewVehicleRegistration-2025-03.pdf
ZAF,2024-03,shared,motorcycles,NC,21,vehicles,NewVehicleRegistration-2025-03.pdf
ZAF,2024-03,shared,motorcycles,NW,74,vehicles,NewVehicleRegistration-2025-03.pdf
ZAF,2024-03,shared,motorcycles,WC,284,vehicles,NewVehicleRegistration-2025-03.pdf
ZAF,2024-03,shared,motorcycles,ZAF,1873,vehicles,NewVehicleRegistration-2025-03.pdf
ZAF,2024-03,shared,other_self_propelled,EC,53,vehicles,NewVehicleRegistration-2025-03.pdf
ZAF,2024-03,shared,other_self_propelled,FS,124,vehicles,NewVehicleRegistration-2025-03.pdf
ZAF,2024-03,shared,other_self_propelled,GP,148,vehicles,NewVehicleRegistration-2025-03.pdf
ZAF,2024-03,shared,other_self_propelled,KZN,104,vehicles,NewVehicleRegistration-2025-03.pdf
ZAF,2024-03,shared,other_self_propelled,LP,78,vehicles,NewVehicleRegistration-2025-03.pdf
ZAF,2024-03,shared,other_self_propelled,MP,76,vehicles,NewVehicleRegistration-2025-03.pdf
ZAF,2024-03,shared,other_self_propelled,NC,18,vehicles,NewVehicleRegistration-2025-03.pdf
ZAF,2024-03,shared,other_self_propelled,NW,36,vehicles,NewVehicleRegistration-2025-03.pdf
ZAF,2024-03,shared,other_self_propelled,WC,115,vehicles,NewVehicleRegistration-2025-03.pdf
ZAF,2024-03,shared,other_self_propelled,ZAF,752,vehicles,NewVehicleRegistration-2025-03.pdf
ZAF,2024-03,shared,total_self_propelled,EC,2143,vehicles,NewVehicleRegistration-2025-03.pdf
ZAF,2024-03,shared,total_self_propelled,FS,1150,vehicles,NewVehicleRegistration-2025-03.pdf
ZAF,2024-03,shared,total_self_propelled,GP,17310,vehicles,NewVehicleRegistration-2025-03.pdf
ZAF,2024-03,shared,total_self_propelled,KZN,6690,vehicles,NewVehicleRegistration-2025-03.pdf
ZAF,2024-03,shared,total_self_propelled,LP,1725,vehicles,NewVehicleRegistration-2025-03.pdf
ZAF,2024-03,shared,total_self_propelled,MP,2029,vehicles,NewVehicleRegistration-2025-03.pdf
ZAF,2024-03,shared,total_self_propelled,NC,575,vehicles,NewVehicleRegistration-2025-03.pdf
ZAF,2024-03,shared,total_self_propelled,NW,1317,vehicles,NewVehicleRegistration-2025-03.pdf
ZAF,2024-03,shared,total_self_propelled,WC,4460,vehicles,NewVehicleRegistration-2025-03.pdf
ZAF,2024-03,shared,total_self_propelled,ZAF,37399,vehicles,NewVehicleRegistration-2025-03.pdf
ZAF,2024-03,shared,trucks,EC,71,vehicles,NewVehicleRegistration-2025-03.pdf
ZAF,2024-03,shared,trucks,FS,137,vehicles,NewVehicleRegistration-2025-03.pdf
ZAF,2024-03,shared,trucks,GP,659,vehicles,NewVehicleRegistration-2025-03.pdf
ZAF,2024-03,shared,trucks,KZN,221,vehicles,NewVehicleRegistration-2025-03.pdf
ZAF,2024-03,shared,trucks,LP,139,vehicles,NewVehicleRegistration-2025-03.pdf
ZAF,2024-03,shared,trucks,MP,201,vehicles,NewVehicleRegistration-2025-03.pdf
ZAF,2024-03,shared,trucks,NC,36,vehicles,NewVehicleRegistration-2025-03.pdf
ZAF,2024-03,shared,trucks,NW,61,vehicles,NewVehicleRegistration-2025-03.pdf
ZAF,2024-03,shared,trucks,WC,209,vehicles,NewVehicleRegistration-2025-03.pdf
ZAF,2024-03,shared,trucks,ZAF,1734,vehicles,NewVehicleRegistration-2025-03.pdf
ZAF,2024-04,shared,buses,EC,6,vehicles,NewVehicleRegistration-2025-04.pdf
ZAF,2024-04,shared,buses,FS,12,vehicles,NewVehicleRegistration-2025-04.pdf
ZAF,2024-04,shared,buses,GP,85,vehicles,NewVehicleRegistration-2025-04.pdf
ZAF,2024-04,shared,buses,KZN,16,vehicles,NewVehicleRegistration-2025-04.pdf
ZAF,2024-04,shared,buses,LP,10,vehicles,NewVehicleRegistration-2025-04.pdf
ZAF,2024-04,shared,buses,MP,31,vehicles,NewVehicleRegistration-2025-04.pdf
ZAF,2024-04,shared,buses,NC,4,vehicles,NewVehicleRegistration-2025-04.pdf
ZAF,2024-04,shared,buses,NW,23,vehicles,NewVehicleRegistration-2025-04.pdf
ZAF,2024-04,shared,buses,WC,23,vehicles,NewVehicleRegistration-2025-04.pdf
ZAF,2024-04,shared,buses,ZAF,210,vehicles,NewVehicleRegistration-2025-04.pdf
ZAF,2024-04,shared,cars,EC,1550,vehicles,NewVehicleRegistration-2025-04.pdf
ZAF,2024-04,shared,cars,FS,593,vehicles,NewVehicleRegistration-2025-04.pdf
ZAF,2024-04,shared,cars,GP,11673,vehicles,NewVehicleRegistration-2025-04.pdf
ZAF,2024-04,shared,cars,KZN,4618,vehicles,NewVehicleRegistration-2025-04.pdf
ZAF,2024-04,shared,cars,LP,899,vehicles,NewVehicleRegistration-2025-04.pdf
ZAF,2024-04,shared,cars,MP,1074,vehicles,NewVehicleRegistration-2025-04.pdf
ZAF,2024-04,shared,cars,NC,227,vehicles,NewVehicleRegistration-2025-04.pdf
ZAF,2024-04,shared,cars,NW,741,vehicles,NewVehicleRegistration-2025-04.pdf
ZAF,2024-04,shared,cars,WC,2923,vehicles,NewVehicleRegistration-2025-04.pdf
ZAF,2024-04,shared,cars,ZAF,24298,vehicles,NewVehicleRegistration-2025-04.pdf
ZAF,2024-04,shared,light_commercial,EC,535,vehicles,NewVehicleRegistration-2025-04.pdf
ZAF,2024-04,shared,light_commercial,FS,408,vehicles,NewVehicleRegistration-2025-04.pdf
ZAF,2024-04,shared,light_commercial,GP,4883,vehicles,NewVehicleRegistration-2025-04.pdf
ZAF,2024-04,shared,light_commercial,KZN,1466,vehicles,NewVehicleRegistration-2025-04.pdf
ZAF,2024-04,shared,light_commercial,LP,524,vehicles,NewVehicleRegistration-2025-04.pdf
ZAF,2024-04,shared,light_commercial,MP,701,vehicles,NewVehicleRegistration-2025-04.pdf
ZAF,2024-04,shared,light_commercial,NC,255,vehicles,NewVehicleRegistration-2025-04.pdf
ZAF,2024-04,shared,light_commercial,NW,480,vehicles,NewVehicleRegistration-2025-04.pdf
ZAF,2024-04,shared,light_commercial,WC,1137,vehicles,NewVehicleRegistration-2025-04.pdf
ZAF,2024-04,shared,light_commercial,ZAF,10389,vehicles,NewVehicleRegistration-2025-04.pdf
ZAF,2024-04,shared,minibuses,EC,54,vehicles,NewVehicleRegistration-2025-04.pdf
ZAF,2024-04,shared,minibuses,FS,16,vehicles,NewVehicleRegistration-2025-04.pdf
ZAF,2024-04,shared,minibuses,GP,293,vehicles,NewVehicleRegistration-2025-04.pdf
ZAF,2024-04,shared,minibuses,KZN,117,vehicles,NewVehicleRegistration-2025-04.pdf
ZAF,2024-04,shared,minibuses,LP,56,vehicles,NewVehicleRegistration-2025-04.pdf
ZAF,2024-04,shared,minibuses,MP,65,vehicles,NewVehicleRegistration-2025-04.pdf
ZAF,2024-04,shared,minibuses,NC,15,vehicles,NewVehicleRegistration-2025-04.pdf
ZAF,2024-04,shared,minibuses,NW,31,vehicles,NewVehicleRegistration-2025-04.pdf
ZAF,2024-04,shared,minibuses,WC,120,vehicles,NewVehicleRegistration-2025-04.pdf
ZAF,2024-04,shared,minibuses,ZAF,767,vehicles,NewVehicleRegistration-2025-04.pdf
ZAF,2024-04,shared,motorcycles,EC,84,vehicles,NewVehicleRegistration-2025-04.pdf
ZAF,2024-04,shared,motorcycles,FS,101,vehicles,NewVehicleRegistration-2025-04.pdf
ZAF,2024-04,shared,motorcycles,GP,1328,vehicles,NewVehicleRegistration-2025-04.pdf
ZAF,2024-04,shared,motorcycles,KZN,324,vehicles,NewVehicleRegistration-2025-04.pdf
ZAF,2024-04,shared,motorcycles,LP,32,vehicles,NewVehicleRegistration-2025-04.pdf
ZAF,2024-04,shared,motorcycles,MP,93,vehicles,NewVehicleRegistration-2025-04.pdf
ZAF,2024-04,shared,motorcycles,NC,18,vehicles,NewVehicleRegistration-2025-04.pdf
ZAF,2024-04,shared,motorcycles,NW,73,vehicles,NewVehicleRegistration-2025-04.pdf
ZAF,2024-04,shared,motorcycles,WC,347,vehicles,NewVehicleRegistration-2025-04.pdf
ZAF,2024-04,shared,motorcycles,ZAF,2400,vehicles,NewVehicleRegistration-2025-04.pdf
ZAF,2024-04,shared,other_self_propelled,EC,73,vehicles,NewVehicleRegistration-2025-04.pdf
ZAF,2024-04,shared,other_self_propelled,FS,122,vehicles,NewVehicleRegistration-2025-04.pdf
ZAF,2024-04,shared,other_self_propelled,GP,135,vehicles,NewVehicleRegistration-2025-04.pdf
ZAF,2024-04,shared,other_self_propelled,KZN,116,vehicles,NewVehicleRegistration-2025-04.pdf
ZAF,2024-04,shared,other_self_propelled,LP,92,vehicles,NewVehicleRegistration-2025-04.pdf
ZAF,2024-04,shared,other_self_propelled,MP,57,vehicles,NewVehicleRegistration-2025-04.pdf
ZAF,2024-04,shared,other_self_propelled,NC,22,vehicles,NewVehicleRegistration-2025-04.pdf
ZAF,2024-04,shared,other_self_propelled,NW,61,vehicles,NewVehicleRegistration-2025-04.pdf
ZAF,2024-04,shared,other_self_propelled,WC,82,vehicles,NewVehicleRegistration-2025-04.pdf
ZAF,2024-04,shared,other_self_propelled,ZAF,760,vehicles,NewVehicleRegistration-2025-04.pdf
ZAF,2024-04,shared,total_self_propelled,EC,2365,vehicles,NewVehicleRegistration-2025-04.pdf
ZAF,2024-04,shared,total_self_propelled,FS,1363,vehicles,NewVehicleRegistration-2025-04.pdf
ZAF,2024-04,shared,total_self_propelled,GP,19212,vehicles,NewVehicleRegistration-2025-04.pdf
ZAF,2024-04,shared,total_self_propelled,KZN,6982,vehicles,NewVehicleRegistration-2025-04.pdf
ZAF,2024-04,shared,total_self_propelled,LP,1829,vehicles,NewVehicleRegistration-2025-04.pdf
ZAF,2024-04,shared,total_self_propelled,MP,2302,vehicles,NewVehicleRegistration-2025-04.pdf
ZAF,2024-04,shared,total_self_propelled,NC,581,vehicles,NewVehicleRegistration-2025-04.pdf
ZAF,2024-04,shared,total_self_propelled,NW,1462,vehicles,NewVehicleRegistration-2025-04.pdf
ZAF,2024-04,shared,total_self_propelled,WC,4880,vehicles,NewVehicleRegistration-2025-04.pdf
ZAF,2024-04,shared,total_self_propelled,ZAF,40976,vehicles,NewVehicleRegistration-2025-04.pdf
ZAF,2024-04,shared,trucks,EC,63,vehicles,NewVehicleRegistration-2025-04.pdf
ZAF,2024-04,shared,trucks,FS,111,vehicles,NewVehicleRegistration-2025-04.pdf
ZAF,2024-04,shared,trucks,GP,815,vehicles,NewVehicleRegistration-2025-04.pdf
ZAF,2024-04,shared,trucks,KZN,325,vehicles,NewVehicleRegistration-2025-04.pdf
ZAF,2024-04,shared,trucks,LP,216,vehicles,NewVehicleRegistration-2025-04.pdf
ZAF,2024-04,shared,trucks,MP,281,vehicles,NewVehicleRegistration-2025-04.pdf
ZAF,2024-04,shared,trucks,NC,40,vehicles,NewVehicleRegistration-2025-04.pdf
ZAF,2024-04,shared,trucks,NW,53,vehicles,NewVehicleRegistration-2025-04.pdf
ZAF,2024-04,shared,trucks,WC,248,vehicles,NewVehicleRegistration-2025-04.pdf
ZAF,2024-04,shared,trucks,ZAF,2152,vehicles,NewVehicleRegistration-2025-04.pdf
ZAF,2024-05,shared,buses,EC,26,vehicles,NewVehicleRegistration-2025-05.pdf
ZAF,2024-05,shared,buses,FS,4,vehicles,NewVehicleRegistration-2025-05.pdf
ZAF,2024-05,shared,buses,GP,86,vehicles,NewVehicleRegistration-2025-05.pdf
ZAF,2024-05,shared,buses,KZN,20,vehicles,NewVehicleRegistration-2025-05.pdf
ZAF,2024-05,shared,buses,LP,22,vehicles,NewVehicleRegistration-2025-05.pdf
ZAF,2024-05,shared,buses,MP,22,vehicles,NewVehicleRegistration-2025-05.pdf
ZAF,2024-05,shared,buses,NC,2,vehicles,NewVehicleRegistration-2025-05.pdf
ZAF,2024-05,shared,buses,NW,11,vehicles,NewVehicleRegistration-2025-05.pdf
ZAF,2024-05,shared,buses,WC,25,vehicles,NewVehicleRegistration-2025-05.pdf
ZAF,2024-05,shared,buses,ZAF,218,vehicles,NewVehicleRegistration-2025-05.pdf
ZAF,2024-05,shared,cars,EC,1432,vehicles,NewVehicleRegistration-2025-05.pdf
ZAF,2024-05,shared,cars,FS,528,vehicles,NewVehicleRegistration-2025-05.pdf
ZAF,2024-05,shared,cars,GP,11468,vehicles,NewVehicleRegistration-2025-05.pdf
ZAF,2024-05,shared,cars,KZN,4242,vehicles,NewVehicleRegistration-2025-05.pdf
ZAF,2024-05,shared,cars,LP,832,vehicles,NewVehicleRegistration-2025-05.pdf
ZAF,2024-05,shared,cars,MP,1007,vehicles,NewVehicleRegistration-2025-05.pdf
ZAF,2024-05,shared,cars,NC,214,vehicles,NewVehicleRegistration-2025-05.pdf
ZAF,2024-05,shared,cars,NW,602,vehicles,NewVehicleRegistration-2025-05.pdf
ZAF,2024-05,shared,cars,WC,2974,vehicles,NewVehicleRegistration-2025-05.pdf
ZAF,2024-05,shared,cars,ZAF,23299,vehicles,NewVehicleRegistration-2025-05.pdf
ZAF,2024-05,shared,light_commercial,EC,630,vehicles,NewVehicleRegistration-2025-05.pdf
ZAF,2024-05,shared,light_commercial,FS,391,vehicles,NewVehicleRegistration-2025-05.pdf
ZAF,2024-05,shared,light_commercial,GP,4236,vehicles,NewVehicleRegistration-2025-05.pdf
ZAF,2024-05,shared,light_commercial,KZN,1425,vehicles,NewVehicleRegistration-2025-05.pdf
ZAF,2024-05,shared,light_commercial,LP,564,vehicles,NewVehicleRegistration-2025-05.pdf
ZAF,2024-05,shared,light_commercial,MP,723,vehicles,NewVehicleRegistration-2025-05.pdf
ZAF,2024-05,shared,light_commercial,NC,256,vehicles,NewVehicleRegistration-2025-05.pdf
ZAF,2024-05,shared,light_commercial,NW,405,vehicles,NewVehicleRegistration-2025-05.pdf
ZAF,2024-05,shared,light_commercial,WC,1015,vehicles,NewVehicleRegistration-2025-05.pdf
ZAF,2024-05,shared,light_commercial,ZAF,9645,vehicles,NewVehicleRegistration-2025-05.pdf
ZAF,2024-05,shared,minibuses,EC,41,vehicles,NewVehicleRegistration-2025-05.pdf
ZAF,2024-05,shared,minibuses,FS,12,vehicles,NewVehicleRegistration-2025-05.pdf
ZAF,2024-05,shared,minibuses,GP,207,vehicles,NewVehicleRegistration-2025-05.pdf
ZAF,2024-05,shared,minibuses,KZN,119,vehicles,NewVehicleRegistration-2025-05.pdf
ZAF,2024-05,shared,minibuses,LP,48,vehicles,NewVehicleRegistration-2025-05.pdf
ZAF,2024-05,shared,minibuses,MP,62,vehicles,NewVehicleRegistration-2025-05.pdf
ZAF,2024-05,shared,minibuses,NC,14,vehicles,NewVehicleRegistration-2025-05.pdf
ZAF,2024-05,shared,minibuses,NW,27,vehicles,NewVehicleRegistration-2025-05.pdf
ZAF,2024-05,shared,minibuses,WC,132,vehicles,NewVehicleRegistration-2025-05.pdf
ZAF,2024-05,shared,minibuses,ZAF,662,vehicles,NewVehicleRegistration-2025-05.pdf
ZAF,2024-05,shared,motorcycles,EC,76,vehicles,NewVehicleRegistration-2025-05.pdf
ZAF,2024-05,shared,motorcycles,FS,90,vehicles,NewVehicleRegistration-2025-05.pdf
ZAF,2024-05,shared,motorcycles,GP,1463,vehicles,NewVehicleRegistration-2025-05.pdf
ZAF,2024-05,shared,motorcycles,KZN,316,vehicles,NewVehicleRegistration-2025-05.pdf
ZAF,2024-05,shared,motorcycles,LP,39,vehicles,NewVehicleRegistration-2025-05.pdf
ZAF,2024-05,shared,motorcycles,MP,72,vehicles,NewVehicleRegistration-2025-05.pdf
ZAF,2024-05,shared,motorcycles,NC,14,vehicles,NewVehicleRegistration-2025-05.pdf
ZAF,2024-05,shared,motorcycles,NW,63,vehicles,NewVehicleRegistration-2025-05.pdf
ZAF,2024-05,shared,motorcycles,WC,326,vehicles,NewVehicleRegistration-2025-05.pdf
ZAF,2024-05,shared,motorcycles,ZAF,2459,vehicles,NewVehicleRegistration-2025-05.pdf
ZAF,2024-05,shared,other_self_propelled,EC,60,vehicles,NewVehicleRegistration-2025-05.pdf
ZAF,2024-05,shared,other_self_propelled,FS,78,vehicles,NewVehicleRegistration-2025-05.pdf
ZAF,2024-05,shared,other_self_propelled,GP,135,vehicles,NewVehicleRegistration-2025-05.pdf
ZAF,2024-05,shared,other_self_propelled,KZN,107,vehicles,NewVehicleRegistration-2025-05.pdf
ZAF,2024-05,shared,other_self_propelled,LP,61,vehicles,NewVehicleRegistration-2025-05.pdf
ZAF,2024-05,shared,other_self_propelled,MP,59,vehicles,NewVehicleRegistration-2025-05.pdf
ZAF,2024-05,shared,other_self_propelled,NC,22,vehicles,NewVehicleRegistration-2025-05.pdf
ZAF,2024-05,shared,other_self_propelled,NW,45,vehicles,NewVehicleRegistration-2025-05.pdf
ZAF,2024-05,shared,other_self_propelled,WC,108,vehicles,NewVehicleRegistration-2025-05.pdf
ZAF,2024-05,shared,other_self_propelled,ZAF,675,vehicles,NewVehicleRegistration-2025-05.pdf
ZAF,2024-05,shared,total_self_propelled,EC,2363,vehicles,NewVehicleRegistration-2025-05.pdf
ZAF,2024-05,shared,total_self_propelled,FS,1257,vehicles,NewVehicleRegistration-2025-05.pdf
ZAF,2024-05,shared,total_self_propelled,GP,18403,vehicles,NewVehicleRegistration-2025-05.pdf
ZAF,2024-05,shared,total_self_propelled,KZN,6483,vehicles,NewVehicleRegistration-2025-05.pdf
ZAF,2024-05,shared,total_self_propelled,LP,1691,vehicles,NewVehicleRegistration-2025-05.pdf
ZAF,2024-05,shared,total_self_propelled,MP,2143,vehicles,NewVehicleRegistration-2025-05.pdf
ZAF,2024-05,shared,total_self_propelled,NC,556,vehicles,NewVehicleRegistration-2025-05.pdf
ZAF,2024-05,shared,total_self_propelled,NW,1209,vehicles,NewVehicleRegistration-2025-05.pdf
ZAF,2024-05,shared,total_self_propelled,WC,4821,vehicles,NewVehicleRegistration-2025-05.pdf
ZAF,2024-05,shared,total_self_propelled,ZAF,38926,vehicles,NewVehicleRegistration-2025-05.pdf
ZAF,2024-05,shared,trucks,EC,98,vehicles,NewVehicleRegistration-2025-05.pdf
ZAF,2024-05,shared,trucks,FS,154,vehicles,NewVehicleRegistration-2025-05.pdf
ZAF,2024-05,shared,trucks,GP,808,vehicles,NewVehicleRegistration-2025-05.pdf
ZAF,2024-05,shared,trucks,KZN,254,vehicles,NewVehicleRegistration-2025-05.pdf
ZAF,2024-05,shared,trucks,LP,125,vehicles,NewVehicleRegistration-2025-05.pdf
ZAF,2024-05,shared,trucks,MP,198,vehicles,NewVehicleRegistration-2025-05.pdf
ZAF,2024-05,shared,trucks,NC,34,vehicles,NewVehicleRegistration-2025-05.pdf
ZAF,2024-05,shared,trucks,NW,56,vehicles,NewVehicleRegistration-2025-05.pdf
ZAF,2024-05,shared,trucks,WC,241,vehicles,NewVehicleRegistration-2025-05.pdf
ZAF,2024-05,shared,trucks,ZAF,1968,vehicles,NewVehicleRegistration-2025-05.pdf
ZAF,2024-06,shared,buses,EC,10,vehicles,NewVehicleRegistration-2025-06.pdf
ZAF,2024-06,shared,buses,FS,5,vehicles,NewVehicleRegistration-2025-06.pdf
ZAF,2024-06,shared,buses,GP,118,vehicles,NewVehicleRegistration-2025-06.pdf
ZAF,2024-06,shared,buses,KZN,19,vehicles,NewVehicleRegistration-2025-06.pdf
ZAF,2024-06,shared,buses,LP,15,vehicles,NewVehicleRegistration-2025-06.pdf
ZAF,2024-06,shared,buses,MP,13,vehicles,NewVehicleRegistration-2025-06.pdf
ZAF,2024-06,shared,buses,NC,4,vehicles,NewVehicleRegistration-2025-06.pdf
ZAF,2024-06,shared,buses,NW,11,vehicles,NewVehicleRegistration-2025-06.pdf
ZAF,2024-06,shared,buses,WC,19,vehicles,NewVehicleRegistration-2025-06.pdf
ZAF,2024-06,shared,buses,ZAF,214,vehicles,NewVehicleRegistration-2025-06.pdf
ZAF,2024-06,shared,cars,EC,1099,vehicles,NewVehicleRegistration-2025-06.pdf
ZAF,2024-06,shared,cars,FS,498,vehicles,NewVehicleRegistration-2025-06.pdf
ZAF,2024-06,shared,cars,GP,13435,vehicles,NewVehicleRegistration-2025-06.pdf
ZAF,2024-06,shared,cars,KZN,4100,vehicles,NewVehicleRegistration-2025-06.pdf
ZAF,2024-06,shared,cars,LP,830,vehicles,NewVehicleRegistration-2025-06.pdf
ZAF,2024-06,shared,cars,MP,919,vehicles,NewVehicleRegistration-2025-06.pdf
ZAF,2024-06,shared,cars,NC,190,vehicles,NewVehicleRegistration-2025-06.pdf
ZAF,2024-06,shared,cars,NW,668,vehicles,NewVehicleRegistration-2025-06.pdf
ZAF,2024-06,shared,cars,WC,2808,vehicles,NewVehicleRegistration-2025-06.pdf
ZAF,2024-06,shared,cars,ZAF,24547,vehicles,NewVehicleRegistration-2025-06.pdf
ZAF,2024-06,shared,light_commercial,EC,492,vehicles,NewVehicleRegistration-2025-06.pdf
ZAF,2024-06,shared,light_commercial,FS,309,vehicles,NewVehicleRegistration-2025-06.pdf
ZAF,2024-06,shared,light_commercial,GP,3722,vehicles,NewVehicleRegistration-2025-06.pdf
ZAF,2024-06,shared,light_commercial,KZN,1193,vehicles,NewVehicleRegistration-2025-06.pdf
ZAF,2024-06,shared,light_commercial,LP,444,vehicles,NewVehicleRegistration-2025-06.pdf
ZAF,2024-06,shared,light_commercial,MP,590,vehicles,NewVehicleRegistration-2025-06.pdf
ZAF,2024-06,shared,light_commercial,NC,163,vehicles,NewVehicleRegistration-2025-06.pdf
ZAF,2024-06,shared,light_commercial,NW,349,vehicles,NewVehicleRegistration-2025-06.pdf
ZAF,2024-06,shared,light_commercial,WC,888,vehicles,NewVehicleRegistration-2025-06.pdf
ZAF,2024-06,shared,light_commercial,ZAF,8150,vehicles,NewVehicleRegistration-2025-06.pdf
ZAF,2024-06,shared,minibuses,EC,53,vehicles,NewVehicleRegistration-2025-06.pdf
ZAF,2024-06,shared,minibuses,FS,8,vehicles,NewVehicleRegistration-2025-06.pdf
ZAF,2024-06,shared,minibuses,GP,312,vehicles,NewVehicleRegistration-2025-06.pdf
ZAF,2024-06,shared,minibuses,KZN,73,vehicles,NewVehicleRegistration-2025-06.pdf
ZAF,2024-06,shared,minibuses,LP,47,vehicles,NewVehicleRegistration-2025-06.pdf
ZAF,2024-06,shared,minibuses,MP,52,vehicles,NewVehicleRegistration-2025-06.pdf
ZAF,2024-06,shared,minibuses,NC,6,vehicles,NewVehicleRegistration-2025-06.pdf
ZAF,2024-06,shared,minibuses,NW,15,vehicles,NewVehicleRegistration-2025-06.pdf
ZAF,2024-06,shared,minibuses,WC,79,vehicles,NewVehicleRegistration-2025-06.pdf
ZAF,2024-06,shared,minibuses,ZAF,645,vehicles,NewVehicleRegistration-2025-06.pdf
ZAF,2024-06,shared,motorcycles,EC,52,vehicles,NewVehicleRegistration-2025-06.pdf
ZAF,2024-06,shared,motorcycles,FS,54,vehicles,NewVehicleRegistration-2025-06.pdf
ZAF,2024-06,shared,motorcycles,GP,1251,vehicles,NewVehicleRegistration-2025-06.pdf
ZAF,2024-06,shared,motorcycles,KZN,290,vehicles,NewVehicleRegistration-2025-06.pdf
ZAF,2024-06,shared,motorcycles,LP,31,vehicles,NewVehicleRegistration-2025-06.pdf
ZAF,2024-06,shared,motorcycles,MP,78,vehicles,NewVehicleRegistration-2025-06.pdf
ZAF,2024-06,shared,motorcycles,NC,21,vehicles,NewVehicleRegistration-2025-06.pdf
ZAF,2024-06,shared,motorcycles,NW,46,vehicles,NewVehicleRegistration-2025-06.pdf
ZAF,2024-06,shared,motorcycles,WC,293,vehicles,NewVehicleRegistration-2025-06.pdf
ZAF,2024-06,shared,motorcycles,ZAF,2116,vehicles,NewVehicleRegistration-2025-06.pdf
ZAF,2024-06,shared,other_self_propelled,EC,47,vehicles,NewVehicleRegistration-2025-06.pdf
ZAF,2024-06,shared,other_self_propelled,FS,64,vehicles,NewVehicleRegistration-2025-06.pdf
ZAF,2024-06,shared,other_self_propelled,GP,113,vehicles,NewVehicleRegistration-2025-06.pdf
ZAF,2024-06,shared,other_self_propelled,KZN,78,vehicles,NewVehicleRegistration-2025-06.pdf
ZAF,2024-06,shared,other_self_propelled,LP,49,vehicles,NewVehicleRegistration-2025-06.pdf
ZAF,2024-06,shared,other_self_propelled,MP,66,vehicles,NewVehicleRegistration-2025-06.pdf
ZAF,2024-06,shared,other_self_propelled,NC,18,vehicles,NewVehicleRegistration-2025-06.pdf
ZAF,2024-06,shared,other_self_propelled,NW,42,vehicles,NewVehicleRegistration-2025-06.pdf
ZAF,2024-06,shared,other_self_propelled,WC,73,vehicles,NewVehicleRegistration-2025-06.pdf
ZAF,2024-06,shared,other_self_propelled,ZAF,550,vehicles,NewVehicleRegistration-2025-06.pdf
ZAF,2024-06,shared,total_self_propelled,EC,1834,vehicles,NewVehicleRegistration-2025-06.pdf
ZAF,2024-06,shared,total_self_propelled,FS,1138,vehicles,NewVehicleRegistration-2025-06.pdf
ZAF,2024-06,shared,total_self_propelled,GP,19786,vehicles,NewVehicleRegistration-2025-06.pdf
ZAF,2024-06,shared,total_self_propelled,KZN,5955,vehicles,NewVehicleRegistration-2025-06.pdf
ZAF,2024-06,shared,total_self_propelled,LP,1507,vehicles,NewVehicleRegistration-2025-06.pdf
ZAF,2024-06,shared,total_self_propelled,MP,1944,vehicles,NewVehicleRegistration-2025-06.pdf
ZAF,2024-06,shared,total_self_propelled,NC,450,vehicles,NewVehicleRegistration-2025-06.pdf
ZAF,2024-06,shared,total_self_propelled,NW,1220,vehicles,NewVehicleRegistration-2025-06.pdf
ZAF,2024-06,shared,total_self_propelled,WC,4329,vehicles,NewVehicleRegistration-2025-06.pdf
ZAF,2024-06,shared,total_self_propelled,ZAF,38163,vehicles,NewVehicleRegistration-2025-06.pdf
ZAF,2024-06,shared,trucks,EC,81,vehicles,NewVehicleRegistration-2025-06.pdf
ZAF,2024-06,shared,trucks,FS,200,vehicles,NewVehicleRegistration-2025-06.pdf
ZAF,2024-06,shared,trucks,GP,835,vehicles,NewVehicleRegistration-2025-06.pdf
ZAF,2024-06,shared,trucks,KZN,202,vehicles,NewVehicleRegistration-2025-06.pdf
ZAF,2024-06,shared,trucks,LP,91,vehicles,NewVehicleRegistration-2025-06.pdf
ZAF,2024-06,shared,trucks,MP,226,vehicles,NewVehicleRegistration-2025-06.pdf
ZAF,2024-06,shared,trucks,NC,48,vehicles,NewVehicleRegistration-2025-06.pdf
ZAF,2024-06,shared,trucks,NW,89,vehicles,NewVehicleRegistration-2025-06.pdf
ZAF,2024-06,shared,trucks,WC,169,vehicles,NewVehicleRegistration-2025-06.pdf
ZAF,2024-06,shared,trucks,ZAF,1941,vehicles,NewVehicleRegistration-2025-06.pdf
ZAF,2024-07,shared,buses,EC,19,vehicles,NewVehicleRegistration-2025-07.pdf
ZAF,2024-07,shared,buses,FS,4,vehicles,NewVehicleRegistration-2025-07.pdf
ZAF,2024-07,shared,buses,GP,90,vehicles,NewVehicleRegistration-2025-07.pdf
ZAF,2024-07,shared,buses,KZN,43,vehicles,NewVehicleRegistration-2025-07.pdf
ZAF,2024-07,shared,buses,LP,6,vehicles,NewVehicleRegistration-2025-07.pdf
ZAF,2024-07,shared,buses,MP,28,vehicles,NewVehicleRegistration-2025-07.pdf
ZAF,2024-07,shared,buses,NC,3,vehicles,NewVehicleRegistration-2025-07.pdf
ZAF,2024-07,shared,buses,NW,9,vehicles,NewVehicleRegistration-2025-07.pdf
ZAF,2024-07,shared,buses,WC,36,vehicles,NewVehicleRegistration-2025-07.pdf
ZAF,2024-07,shared,buses,ZAF,238,vehicles,NewVehicleRegistration-2025-07.pdf
ZAF,2024-07,shared,cars,EC,1632,vehicles,NewVehicleRegistration-2025-07.pdf
ZAF,2024-07,shared,cars,FS,811,vehicles,NewVehicleRegistration-2025-07.pdf
ZAF,2024-07,shared,cars,GP,16178,vehicles,NewVehicleRegistration-2025-07.pdf
ZAF,2024-07,shared,cars,KZN,5156,vehicles,NewVehicleRegistration-2025-07.pdf
ZAF,2024-07,shared,cars,LP,983,vehicles,NewVehicleRegistration-2025-07.pdf
ZAF,2024-07,shared,cars,MP,1078,vehicles,NewVehicleRegistration-2025-07.pdf
ZAF,2024-07,shared,cars,NC,260,vehicles,NewVehicleRegistration-2025-07.pdf
ZAF,2024-07,shared,cars,NW,748,vehicles,NewVehicleRegistration-2025-07.pdf
ZAF,2024-07,shared,cars,WC,3628,vehicles,NewVehicleRegistration-2025-07.pdf
ZAF,2024-07,shared,cars,ZAF,30474,vehicles,NewVehicleRegistration-2025-07.pdf
ZAF,2024-07,shared,light_commercial,EC,625,vehicles,NewVehicleRegistration-2025-07.pdf
ZAF,2024-07,shared,light_commercial,FS,424,vehicles,NewVehicleRegistration-2025-07.pdf
ZAF,2024-07,shared,light_commercial,GP,4488,vehicles,NewVehicleRegistration-2025-07.pdf
ZAF,2024-07,shared,light_commercial,KZN,1519,vehicles,NewVehicleRegistration-2025-07.pdf
ZAF,2024-07,shared,light_commercial,LP,640,vehicles,NewVehicleRegistration-2025-07.pdf
ZAF,2024-07,shared,light_commercial,MP,747,vehicles,NewVehicleRegistration-2025-07.pdf
ZAF,2024-07,shared,light_commercial,NC,224,vehicles,NewVehicleRegistration-2025-07.pdf
ZAF,2024-07,shared,light_commercial,NW,445,vehicles,NewVehicleRegistration-2025-07.pdf
ZAF,2024-07,shared,light_commercial,WC,932,vehicles,NewVehicleRegistration-2025-07.pdf
ZAF,2024-07,shared,light_commercial,ZAF,10044,vehicles,NewVehicleRegistration-2025-07.pdf
ZAF,2024-07,shared,minibuses,EC,60,vehicles,NewVehicleRegistration-2025-07.pdf
ZAF,2024-07,shared,minibuses,FS,10,vehicles,NewVehicleRegistration-2025-07.pdf
ZAF,2024-07,shared,minibuses,GP,362,vehicles,NewVehicleRegistration-2025-07.pdf
ZAF,2024-07,shared,minibuses,KZN,111,vehicles,NewVehicleRegistration-2025-07.pdf
ZAF,2024-07,shared,minibuses,LP,63,vehicles,NewVehicleRegistration-2025-07.pdf
ZAF,2024-07,shared,minibuses,MP,65,vehicles,NewVehicleRegistration-2025-07.pdf
ZAF,2024-07,shared,minibuses,NC,7,vehicles,NewVehicleRegistration-2025-07.pdf
ZAF,2024-07,shared,minibuses,NW,21,vehicles,NewVehicleRegistration-2025-07.pdf
ZAF,2024-07,shared,minibuses,WC,106,vehicles,NewVehicleRegistration-2025-07.pdf
ZAF,2024-07,shared,minibuses,ZAF,805,vehicles,NewVehicleRegistration-2025-07.pdf
ZAF,2024-07,shared,motorcycles,EC,75,vehicles,NewVehicleRegistration-2025-07.pdf
ZAF,2024-07,shared,motorcycles,FS,77,vehicles,NewVehicleRegistration-2025-07.pdf
ZAF,2024-07,shared,motorcycles,GP,1725,vehicles,NewVehicleRegistration-2025-07.pdf
ZAF,2024-07,shared,motorcycles,KZN,298,vehicles,NewVehicleRegistration-2025-07.pdf
ZAF,2024-07,shared,motorcycles,LP,35,vehicles,NewVehicleRegistration-2025-07.pdf
ZAF,2024-07,shared,motorcycles,MP,113,vehicles,NewVehicleRegistration-2025-07.pdf
ZAF,2024-07,shared,motorcycles,NC,38,vehicles,NewVehicleRegistration-2025-07.pdf
ZAF,2024-07,shared,motorcycles,NW,75,vehicles,NewVehicleRegistration-2025-07.pdf
ZAF,2024-07,shared,motorcycles,WC,297,vehicles,NewVehicleRegistration-2025-07.pdf
ZAF,2024-07,shared,motorcycles,ZAF,2733,vehicles,NewVehicleRegistration-2025-07.pdf
ZAF,2024-07,shared,other_self_propelled,EC,65,vehicles,NewVehicleRegistration-2025-07.pdf
ZAF,2024-07,shared,other_self_propelled,FS,119,vehicles,NewVehicleRegistration-2025-07.pdf
ZAF,2024-07,shared,other_self_propelled,GP,113,vehicles,NewVehicleRegistration-2025-07.pdf
ZAF,2024-07,shared,other_self_propelled,KZN,121,vehicles,NewVehicleRegistration-2025-07.pdf
ZAF,2024-07,shared,other_self_propelled,LP,81,vehicles,NewVehicleRegistration-2025-07.pdf
ZAF,2024-07,shared,other_self_propelled,MP,78,vehicles,NewVehicleRegistration-2025-07.pdf
ZAF,2024-07,shared,other_self_propelled,NC,33,vehicles,NewVehicleRegistration-2025-07.pdf
ZAF,2024-07,shared,other_self_propelled,NW,81,vehicles,NewVehicleRegistration-2025-07.pdf
ZAF,2024-07,shared,other_self_propelled,WC,106,vehicles,NewVehicleRegistration-2025-07.pdf
ZAF,2024-07,shared,other_self_propelled,ZAF,797,vehicles,NewVehicleRegistration-2025-07.pdf
ZAF,2024-07,shared,total_self_propelled,EC,2576,vehicles,NewVehicleRegistration-2025-07.pdf
ZAF,2024-07,shared,total_self_propelled,FS,1619,vehicles,NewVehicleRegistration-2025-07.pdf
ZAF,2024-07,shared,total_self_propelled,GP,23711,vehicles,NewVehicleRegistration-2025-07.pdf
ZAF,2024-07,shared,total_self_propelled,KZN,7544,vehicles,NewVehicleRegistration-2025-07.pdf
ZAF,2024-07,shared,total_self_propelled,LP,1932,vehicles,NewVehicleRegistration-2025-07.pdf
ZAF,2024-07,shared,total_self_propelled,MP,2351,vehicles,NewVehicleRegistration-2025-07.pdf
ZAF,2024-07,shared,total_self_propelled,NC,616,vehicles,NewVehicleRegistration-2025-07.pdf
ZAF,2024-07,shared,total_self_propelled,NW,1471,vehicles,NewVehicleRegistration-2025-07.pdf
ZAF,2024-07,shared,total_self_propelled,WC,5295,vehicles,NewVehicleRegistration-2025-07.pdf
ZAF,2024-07,shared,total_self_propelled,ZAF,47115,vehicles,NewVehicleRegistration-2025-07.pdf
ZAF,2024-07,shared,trucks,EC,100,vehicles,NewVehicleRegistration-2025-07.pdf
ZAF,2024-07,shared,trucks,FS,174,vehicles,NewVehicleRegistration-2025-07.pdf
ZAF,2024-07,shared,trucks,GP,755,vehicles,NewVehicleRegistration-2025-07.pdf
ZAF,2024-07,shared,trucks,KZN,296,vehicles,NewVehicleRegistration-2025-07.pdf
ZAF,2024-07,shared,trucks,LP,124,vehicles,NewVehicleRegistration-2025-07.pdf
ZAF,2024-07,shared,trucks,MP,242,vehicles,NewVehicleRegistration-2025-07.pdf
ZAF,2024-07,shared,trucks,NC,51,vehicles,NewVehicleRegistration-2025-07.pdf
ZAF,2024-07,shared,trucks,NW,92,vehicles,NewVehicleRegistration-2025-07.pdf
ZAF,2024-07,shared,trucks,WC,190,vehicles,NewVehicleRegistration-2025-07.pdf
ZAF,2024-07,shared,trucks,ZAF,2024,vehicles,NewVehicleRegistration-2025-07.pdf
ZAF,2024-08,shared,buses,EC,9,vehicles,NewVehicleRegistration-2025-08.pdf
ZAF,2024-08,shared,buses,FS,24,vehicles,NewVehicleRegistration-2025-08.pdf
ZAF,2024-08,shared,buses,GP,152,vehicles,NewVehicleRegistration-2025-08.pdf
ZAF,2024-08,shared,buses,KZN,21,vehicles,NewVehicleRegistration-2025-08.pdf
ZAF,2024-08,shared,buses,LP,21,vehicles,NewVehicleRegistration-2025-08.pdf
ZAF,2024-08,shared,buses,MP,11,vehicles,NewVehicleRegistration-2025-08.pdf
ZAF,2024-08,shared,buses,NC,1,vehicles,NewVehicleRegistration-2025-08.pdf
ZAF,2024-08,shared,buses,NW,3,vehicles,NewVehicleRegistration-2025-08.pdf
ZAF,2024-08,shared,buses,WC,17,vehicles,NewVehicleRegistration-2025-08.pdf
ZAF,2024-08,shared,buses,ZAF,259,vehicles,NewVehicleRegistration-2025-08.pdf
ZAF,2024-08,shared,cars,EC,1474,vehicles,NewVehicleRegistration-2025-08.pdf
ZAF,2024-08,shared,cars,FS,583,vehicles,NewVehicleRegistration-2025-08.pdf
ZAF,2024-08,shared,cars,GP,14266,vehicles,NewVehicleRegistration-2025-08.pdf
ZAF,2024-08,shared,cars,KZN,4522,vehicles,NewVehicleRegistration-2025-08.pdf
ZAF,2024-08,shared,cars,LP,920,vehicles,NewVehicleRegistration-2025-08.pdf
ZAF,2024-08,shared,cars,MP,992,vehicles,NewVehicleRegistration-2025-08.pdf
ZAF,2024-08,shared,cars,NC,239,vehicles,NewVehicleRegistration-2025-08.pdf
ZAF,2024-08,shared,cars,NW,735,vehicles,NewVehicleRegistration-2025-08.pdf
ZAF,2024-08,shared,cars,WC,3205,vehicles,NewVehicleRegistration-2025-08.pdf
ZAF,2024-08,shared,cars,ZAF,26936,vehicles,NewVehicleRegistration-2025-08.pdf
ZAF,2024-08,shared,light_commercial,EC,546,vehicles,NewVehicleRegistration-2025-08.pdf
ZAF,2024-08,shared,light_commercial,FS,394,vehicles,NewVehicleRegistration-2025-08.pdf
ZAF,2024-08,shared,light_commercial,GP,4046,vehicles,NewVehicleRegistration-2025-08.pdf
ZAF,2024-08,shared,light_commercial,KZN,1367,vehicles,NewVehicleRegistration-2025-08.pdf
ZAF,2024-08,shared,light_commercial,LP,596,vehicles,NewVehicleRegistration-2025-08.pdf
ZAF,2024-08,shared,light_commercial,MP,591,vehicles,NewVehicleRegistration-2025-08.pdf
ZAF,2024-08,shared,light_commercial,NC,237,vehicles,NewVehicleRegistration-2025-08.pdf
ZAF,2024-08,shared,light_commercial,NW,402,vehicles,NewVehicleRegistration-2025-08.pdf
ZAF,2024-08,shared,light_commercial,WC,969,vehicles,NewVehicleRegistration-2025-08.pdf
ZAF,2024-08,shared,light_commercial,ZAF,9148,vehicles,NewVehicleRegistration-2025-08.pdf
ZAF,2024-08,shared,minibuses,EC,66,vehicles,NewVehicleRegistration-2025-08.pdf
ZAF,2024-08,shared,minibuses,FS,18,vehicles,NewVehicleRegistration-2025-08.pdf
ZAF,2024-08,shared,minibuses,GP,264,vehicles,NewVehicleRegistration-2025-08.pdf
ZAF,2024-08,shared,minibuses,KZN,101,vehicles,NewVehicleRegistration-2025-08.pdf
ZAF,2024-08,shared,minibuses,LP,50,vehicles,NewVehicleRegistration-2025-08.pdf
ZAF,2024-08,shared,minibuses,MP,74,vehicles,NewVehicleRegistration-2025-08.pdf
ZAF,2024-08,shared,minibuses,NC,15,vehicles,NewVehicleRegistration-2025-08.pdf
ZAF,2024-08,shared,minibuses,NW,34,vehicles,NewVehicleRegistration-2025-08.pdf
ZAF,2024-08,shared,minibuses,WC,105,vehicles,NewVehicleRegistration-2025-08.pdf
ZAF,2024-08,shared,minibuses,ZAF,727,vehicles,NewVehicleRegistration-2025-08.pdf
ZAF,2024-08,shared,motorcycles,EC,93,vehicles,NewVehicleRegistration-2025-08.pdf
ZAF,2024-08,shared,motorcycles,FS,75,vehicles,NewVehicleRegistration-2025-08.pdf
ZAF,2024-08,shared,motorcycles,GP,1726,vehicles,NewVehicleRegistration-2025-08.pdf
ZAF,2024-08,shared,motorcycles,KZN,308,vehicles,NewVehicleRegistration-2025-08.pdf
ZAF,2024-08,shared,motorcycles,LP,52,vehicles,NewVehicleRegistration-2025-08.pdf
ZAF,2024-08,shared,motorcycles,MP,104,vehicles,NewVehicleRegistration-2025-08.pdf
ZAF,2024-08,shared,motorcycles,NC,36,vehicles,NewVehicleRegistration-2025-08.pdf
ZAF,2024-08,shared,motorcycles,NW,82,vehicles,NewVehicleRegistration-2025-08.pdf
ZAF,2024-08,shared,motorcycles,WC,357,vehicles,NewVehicleRegistration-2025-08.pdf
ZAF,2024-08,shared,motorcycles,ZAF,2833,vehicles,NewVehicleRegistration-2025-08.pdf
ZAF,2024-08,shared,other_self_propelled,EC,63,vehicles,NewVehicleRegistration-2025-08.pdf
ZAF,2024-08,shared,other_self_propelled,FS,69,vehicles,NewVehicleRegistration-2025-08.pdf
ZAF,2024-08,shared,other_self_propelled,GP,122,vehicles,NewVehicleRegistration-2025-08.pdf
ZAF,2024-08,shared,other_self_propelled,KZN,135,vehicles,NewVehicleRegistration-2025-08.pdf
ZAF,2024-08,shared,other_self_propelled,LP,54,vehicles,NewVehicleRegistration-2025-08.pdf
ZAF,2024-08,shared,other_self_propelled,MP,70,vehicles,NewVehicleRegistration-2025-08.pdf
ZAF,2024-08,shared,other_self_propelled,NC,30,vehicles,NewVehicleRegistration-2025-08.pdf
ZAF,2024-08,shared,other_self_propelled,NW,72,vehicles,NewVehicleRegistration-2025-08.pdf
ZAF,2024-08,shared,other_self_propelled,WC,126,vehicles,NewVehicleRegistration-2025-08.pdf
ZAF,2024-08,shared,other_self_propelled,ZAF,741,vehicles,NewVehicleRegistration-2025-08.pdf
ZAF,2024-08,shared,total_self_propelled,EC,2362,vehicles,NewVehicleRegistration-2025-08.pdf
ZAF,2024-08,shared,total_self_propelled,FS,1332,vehicles,NewVehicleRegistration-2025-08.pdf
ZAF,2024-08,shared,total_self_propelled,GP,21472,vehicles,NewVehicleRegistration-2025-08.pdf
ZAF,2024-08,shared,total_self_propelled,KZN,6746,vehicles,NewVehicleRegistration-2025-08.pdf
ZAF,2024-08,shared,total_self_propelled,LP,1836,vehicles,NewVehicleRegistration-2025-08.pdf
ZAF,2024-08,shared,total_self_propelled,MP,2111,vehicles,NewVehicleRegistration-2025-08.pdf
ZAF,2024-08,shared,total_self_propelled,NC,586,vehicles,NewVehicleRegistration-2025-08.pdf
ZAF,2024-08,shared,total_self_propelled,NW,1405,vehicles,NewVehicleRegistration-2025-08.pdf
ZAF,2024-08,shared,total_self_propelled,WC,4987,vehicles,NewVehicleRegistration-2025-08.pdf
ZAF,2024-08,shared,total_self_propelled,ZAF,42837,vehicles,NewVehicleRegistration-2025-08.pdf
ZAF,2024-08,shared,trucks,EC,111,vehicles,NewVehicleRegistration-2025-08.pdf
ZAF,2024-08,shared,trucks,FS,169,vehicles,NewVehicleRegistration-2025-08.pdf
ZAF,2024-08,shared,trucks,GP,896,vehicles,NewVehicleRegistration-2025-08.pdf
ZAF,2024-08,shared,trucks,KZN,292,vehicles,NewVehicleRegistration-2025-08.pdf
ZAF,2024-08,shared,trucks,LP,143,vehicles,NewVehicleRegistration-2025-08.pdf
ZAF,2024-08,shared,trucks,MP,269,vehicles,NewVehicleRegistration-2025-08.pdf
ZAF,2024-08,shared,trucks,NC,28,vehicles,NewVehicleRegistration-2025-08.pdf
ZAF,2024-08,shared,trucks,NW,77,vehicles,NewVehicleRegistration-2025-08.pdf
ZAF,2024-08,shared,trucks,WC,208,vehicles,NewVehicleRegistration-2025-08.pdf
ZAF,2024-08,shared,trucks,ZAF,2193,vehicles,NewVehicleRegistration-2025-08.pdf
ZAF,2024-09,shared,buses,EC,6,vehicles,NewVehicleRegistration-2025-09.pdf
ZAF,2024-09,shared,buses,FS,3,vehicles,NewVehicleRegistration-2025-09.pdf
ZAF,2024-09,shared,buses,GP,88,vehicles,NewVehicleRegistration-2025-09.pdf
ZAF,2024-09,shared,buses,KZN,31,vehicles,NewVehicleRegistration-2025-09.pdf
ZAF,2024-09,shared,buses,LP,16,vehicles,NewVehicleRegistration-2025-09.pdf
ZAF,2024-09,shared,buses,MP,17,vehicles,NewVehicleRegistration-2025-09.pdf
ZAF,2024-09,shared,buses,NC,1,vehicles,NewVehicleRegistration-2025-09.pdf
ZAF,2024-09,shared,buses,NW,13,vehicles,NewVehicleRegistration-2025-09.pdf
ZAF,2024-09,shared,buses,WC,23,vehicles,NewVehicleRegistration-2025-09.pdf
ZAF,2024-09,shared,buses,ZAF,198,vehicles,NewVehicleRegistration-2025-09.pdf
ZAF,2024-09,shared,cars,EC,1476,vehicles,NewVehicleRegistration-2025-09.pdf
ZAF,2024-09,shared,cars,FS,597,vehicles,NewVehicleRegistration-2025-09.pdf
ZAF,2024-09,shared,cars,GP,14141,vehicles,NewVehicleRegistration-2025-09.pdf
ZAF,2024-09,shared,cars,KZN,4681,vehicles,NewVehicleRegistration-2025-09.pdf
ZAF,2024-09,shared,cars,LP,828,vehicles,NewVehicleRegistration-2025-09.pdf
ZAF,2024-09,shared,cars,MP,955,vehicles,NewVehicleRegistration-2025-09.pdf
ZAF,2024-09,shared,cars,NC,202,vehicles,NewVehicleRegistration-2025-09.pdf
ZAF,2024-09,shared,cars,NW,611,vehicles,NewVehicleRegistration-2025-09.pdf
ZAF,2024-09,shared,cars,WC,3057,vehicles,NewVehicleRegistration-2025-09.pdf
ZAF,2024-09,shared,cars,ZAF,26548,vehicles,NewVehicleRegistration-2025-09.pdf
ZAF,2024-09,shared,light_commercial,EC,477,vehicles,NewVehicleRegistration-2025-09.pdf
ZAF,2024-09,shared,light_commercial,FS,350,vehicles,NewVehicleRegistration-2025-09.pdf
ZAF,2024-09,shared,light_commercial,GP,3573,vehicles,NewVehicleRegistration-2025-09.pdf
ZAF,2024-09,shared,light_commercial,KZN,1441,vehicles,NewVehicleRegistration-2025-09.pdf
ZAF,2024-09,shared,light_commercial,LP,486,vehicles,NewVehicleRegistration-2025-09.pdf
ZAF,2024-09,shared,light_commercial,MP,512,vehicles,NewVehicleRegistration-2025-09.pdf
ZAF,2024-09,shared,light_commercial,NC,172,vehicles,NewVehicleRegistration-2025-09.pdf
ZAF,2024-09,shared,light_commercial,NW,350,vehicles,NewVehicleRegistration-2025-09.pdf
ZAF,2024-09,shared,light_commercial,WC,891,vehicles,NewVehicleRegistration-2025-09.pdf
ZAF,2024-09,shared,light_commercial,ZAF,8252,vehicles,NewVehicleRegistration-2025-09.pdf
ZAF,2024-09,shared,minibuses,EC,49,vehicles,NewVehicleRegistration-2025-09.pdf
ZAF,2024-09,shared,minibuses,FS,13,vehicles,NewVehicleRegistration-2025-09.pdf
ZAF,2024-09,shared,minibuses,GP,445,vehicles,NewVehicleRegistration-2025-09.pdf
ZAF,2024-09,shared,minibuses,KZN,96,vehicles,NewVehicleRegistration-2025-09.pdf
ZAF,2024-09,shared,minibuses,LP,43,vehicles,NewVehicleRegistration-2025-09.pdf
ZAF,2024-09,shared,minibuses,MP,55,vehicles,NewVehicleRegistration-2025-09.pdf
ZAF,2024-09,shared,minibuses,NC,11,vehicles,NewVehicleRegistration-2025-09.pdf
ZAF,2024-09,shared,minibuses,NW,37,vehicles,NewVehicleRegistration-2025-09.pdf
ZAF,2024-09,shared,minibuses,WC,85,vehicles,NewVehicleRegistration-2025-09.pdf
ZAF,2024-09,shared,minibuses,ZAF,834,vehicles,NewVehicleRegistration-2025-09.pdf
ZAF,2024-09,shared,motorcycles,EC,87,vehicles,NewVehicleRegistration-2025-09.pdf
ZAF,2024-09,shared,motorcycles,FS,80,vehicles,NewVehicleRegistration-2025-09.pdf
ZAF,2024-09,shared,motorcycles,GP,1141,vehicles,NewVehicleRegistration-2025-09.pdf
ZAF,2024-09,shared,motorcycles,KZN,263,vehicles,NewVehicleRegistration-2025-09.pdf
ZAF,2024-09,shared,motorcycles,LP,49,vehicles,NewVehicleRegistration-2025-09.pdf
ZAF,2024-09,shared,motorcycles,MP,69,vehicles,NewVehicleRegistration-2025-09.pdf
ZAF,2024-09,shared,motorcycles,NC,32,vehicles,NewVehicleRegistration-2025-09.pdf
ZAF,2024-09,shared,motorcycles,NW,61,vehicles,NewVehicleRegistration-2025-09.pdf
ZAF,2024-09,shared,motorcycles,WC,293,vehicles,NewVehicleRegistration-2025-09.pdf
ZAF,2024-09,shared,motorcycles,ZAF,2075,vehicles,NewVehicleRegistration-2025-09.pdf
ZAF,2024-09,shared,other_self_propelled,EC,69,vehicles,NewVehicleRegistration-2025-09.pdf
ZAF,2024-09,shared,other_self_propelled,FS,69,vehicles,NewVehicleRegistration-2025-09.pdf
ZAF,2024-09,shared,other_self_propelled,GP,153,vehicles,NewVehicleRegistration-2025-09.pdf
ZAF,2024-09,shared,other_self_propelled,KZN,96,vehicles,NewVehicleRegistration-2025-09.pdf
ZAF,2024-09,shared,other_self_propelled,LP,50,vehicles,NewVehicleRegistration-2025-09.pdf
ZAF,2024-09,shared,other_self_propelled,MP,81,vehicles,NewVehicleRegistration-2025-09.pdf
ZAF,2024-09,shared,other_self_propelled,NC,27,vehicles,NewVehicleRegistration-2025-09.pdf
ZAF,2024-09,shared,other_self_propelled,NW,47,vehicles,NewVehicleRegistration-2025-09.pdf
ZAF,2024-09,shared,other_self_propelled,WC,75,vehicles,NewVehicleRegistration-2025-09.pdf
ZAF,2024-09,shared,other_self_propelled,ZAF,667,vehicles,NewVehicleRegistration-2025-09.pdf
ZAF,2024-09,shared,total_self_propelled,EC,2245,vehicles,NewVehicleRegistration-2025-09.pdf
ZAF,2024-09,shared,total_self_propelled,FS,1275,vehicles,NewVehicleRegistration-2025-09.pdf
ZAF,2024-09,shared,total_self_propelled,GP,20395,vehicles,NewVehicleRegistration-2025-09.pdf
ZAF,2024-09,shared,total_self_propelled,KZN,6838,vehicles,NewVehicleRegistration-2025-09.pdf
ZAF,2024-09,shared,total_self_propelled,LP,1573,vehicles,NewVehicleRegistration-2025-09.pdf
ZAF,2024-09,shared,total_self_propelled,MP,1976,vehicles,NewVehicleRegistration-2025-09.pdf
ZAF,2024-09,shared,total_self_propelled,NC,502,vehicles,NewVehicleRegistration-2025-09.pdf
ZAF,2024-09,shared,total_self_propelled,NW,1191,vehicles,NewVehicleRegistration-2025-09.pdf
ZAF,2024-09,shared,total_self_propelled,WC,4668,vehicles,NewVehicleRegistration-2025-09.pdf
ZAF,2024-09,shared,total_self_propelled,ZAF,40663,vehicles,NewVehicleRegistration-2025-09.pdf
ZAF,2024-09,shared,trucks,EC,81,vehicles,NewVehicleRegistration-2025-09.pdf
ZAF,2024-09,shared,trucks,FS,163,vehicles,NewVehicleRegistration-2025-09.pdf
ZAF,2024-09,shared,trucks,GP,854,vehicles,NewVehicleRegistration-2025-09.pdf
ZAF,2024-09,shared,trucks,KZN,230,vehicles,NewVehicleRegistration-2025-09.pdf
ZAF,2024-09,shared,trucks,LP,101,vehicles,NewVehicleRegistration-2025-09.pdf
ZAF,2024-09,shared,trucks,MP,287,vehicles,NewVehicleRegistration-2025-09.pdf
ZAF,2024-09,shared,trucks,NC,57,vehicles,NewVehicleRegistration-2025-09.pdf
ZAF,2024-09,shared,trucks,NW,72,vehicles,NewVehicleRegistration-2025-09.pdf
ZAF,2024-09,shared,trucks,WC,244,vehicles,NewVehicleRegistration-2025-09.pdf
ZAF,2024-09,shared,trucks,ZAF,2089,vehicles,NewVehicleRegistration-2025-09.pdf
ZAF,2024-10,shared,buses,EC,13,vehicles,NewVehicleRegistration-2025-10.pdf
ZAF,2024-10,shared,buses,FS,6,vehicles,NewVehicleRegistration-2025-10.pdf
ZAF,2024-10,shared,buses,GP,66,vehicles,NewVehicleRegistration-2025-10.pdf
ZAF,2024-10,shared,buses,KZN,32,vehicles,NewVehicleRegistration-2025-10.pdf
ZAF,2024-10,shared,buses,LP,13,vehicles,NewVehicleRegistration-2025-10.pdf
ZAF,2024-10,shared,buses,MP,28,vehicles,NewVehicleRegistration-2025-10.pdf
ZAF,2024-10,shared,buses,NC,5,vehicles,NewVehicleRegistration-2025-10.pdf
ZAF,2024-10,shared,buses,NW,7,vehicles,NewVehicleRegistration-2025-10.pdf
ZAF,2024-10,shared,buses,WC,27,vehicles,NewVehicleRegistration-2025-10.pdf
ZAF,2024-10,shared,buses,ZAF,197,vehicles,NewVehicleRegistration-2025-10.pdf
ZAF,2024-10,shared,cars,EC,2152,vehicles,NewVehicleRegistration-2025-10.pdf
ZAF,2024-10,shared,cars,FS,759,vehicles,NewVehicleRegistration-2025-10.pdf
ZAF,2024-10,shared,cars,GP,19373,vehicles,NewVehicleRegistration-2025-10.pdf
ZAF,2024-10,shared,cars,KZN,5795,vehicles,NewVehicleRegistration-2025-10.pdf
ZAF,2024-10,shared,cars,LP,1049,vehicles,NewVehicleRegistration-2025-10.pdf
ZAF,2024-10,shared,cars,MP,1146,vehicles,NewVehicleRegistration-2025-10.pdf
ZAF,2024-10,shared,cars,NC,294,vehicles,NewVehicleRegistration-2025-10.pdf
ZAF,2024-10,shared,cars,NW,834,vehicles,NewVehicleRegistration-2025-10.pdf
ZAF,2024-10,shared,cars,WC,4160,vehicles,NewVehicleRegistration-2025-10.pdf
ZAF,2024-10,shared,cars,ZAF,35562,vehicles,NewVehicleRegistration-2025-10.pdf
ZAF,2024-10,shared,light_commercial,EC,670,vehicles,NewVehicleRegistration-2025-10.pdf
ZAF,2024-10,shared,light_commercial,FS,369,vehicles,NewVehicleRegistration-2025-10.pdf
ZAF,2024-10,shared,light_commercial,GP,3763,vehicles,NewVehicleRegistration-2025-10.pdf
ZAF,2024-10,shared,light_commercial,KZN,1476,vehicles,NewVehicleRegistration-2025-10.pdf
ZAF,2024-10,shared,light_commercial,LP,526,vehicles,NewVehicleRegistration-2025-10.pdf
ZAF,2024-10,shared,light_commercial,MP,577,vehicles,NewVehicleRegistration-2025-10.pdf
ZAF,2024-10,shared,light_commercial,NC,225,vehicles,NewVehicleRegistration-2025-10.pdf
ZAF,2024-10,shared,light_commercial,NW,448,vehicles,NewVehicleRegistration-2025-10.pdf
ZAF,2024-10,shared,light_commercial,WC,1034,vehicles,NewVehicleRegistration-2025-10.pdf
ZAF,2024-10,shared,light_commercial,ZAF,9088,vehicles,NewVehicleRegistration-2025-10.pdf
ZAF,2024-10,shared,minibuses,EC,96,vehicles,NewVehicleRegistration-2025-10.pdf
ZAF,2024-10,shared,minibuses,FS,20,vehicles,NewVehicleRegistration-2025-10.pdf
ZAF,2024-10,shared,minibuses,GP,368,vehicles,NewVehicleRegistration-2025-10.pdf
ZAF,2024-10,shared,minibuses,KZN,136,vehicles,NewVehicleRegistration-2025-10.pdf
ZAF,2024-10,shared,minibuses,LP,60,vehicles,NewVehicleRegistration-2025-10.pdf
ZAF,2024-10,shared,minibuses,MP,80,vehicles,NewVehicleRegistration-2025-10.pdf
ZAF,2024-10,shared,minibuses,NC,16,vehicles,NewVehicleRegistration-2025-10.pdf
ZAF,2024-10,shared,minibuses,NW,36,vehicles,NewVehicleRegistration-2025-10.pdf
ZAF,2024-10,shared,minibuses,WC,114,vehicles,NewVehicleRegistration-2025-10.pdf
ZAF,2024-10,shared,minibuses,ZAF,926,vehicles,NewVehicleRegistration-2025-10.pdf
ZAF,2024-10,shared,motorcycles,EC,96,vehicles,NewVehicleRegistration-2025-10.pdf
ZAF,2024-10,shared,motorcycles,FS,82,vehicles,NewVehicleRegistration-2025-10.pdf
ZAF,2024-10,shared,motorcycles,GP,1869,vehicles,NewVehicleRegistration-2025-10.pdf
ZAF,2024-10,shared,motorcycles,KZN,376,vehicles,NewVehicleRegistration-2025-10.pdf
ZAF,2024-10,shared,motorcycles,LP,48,vehicles,NewVehicleRegistration-2025-10.pdf
ZAF,2024-10,shared,motorcycles,MP,86,vehicles,NewVehicleRegistration-2025-10.pdf
ZAF,2024-10,shared,motorcycles,NC,49,vehicles,NewVehicleRegistration-2025-10.pdf
ZAF,2024-10,shared,motorcycles,NW,101,vehicles,NewVehicleRegistration-2025-10.pdf
ZAF,2024-10,shared,motorcycles,WC,540,vehicles,NewVehicleRegistration-2025-10.pdf
ZAF,2024-10,shared,motorcycles,ZAF,3247,vehicles,NewVehicleRegistration-2025-10.pdf
ZAF,2024-10,shared,other_self_propelled,EC,92,vehicles,NewVehicleRegistration-2025-10.pdf
ZAF,2024-10,shared,other_self_propelled,FS,108,vehicles,NewVehicleRegistration-2025-10.pdf
ZAF,2024-10,shared,other_self_propelled,GP,186,vehicles,NewVehicleRegistration-2025-10.pdf
ZAF,2024-10,shared,other_self_propelled,KZN,119,vehicles,NewVehicleRegistration-2025-10.pdf
ZAF,2024-10,shared,other_self_propelled,LP,67,vehicles,NewVehicleRegistration-2025-10.pdf
ZAF,2024-10,shared,other_self_propelled,MP,65,vehicles,NewVehicleRegistration-2025-10.pdf
ZAF,2024-10,shared,other_self_propelled,NC,20,vehicles,NewVehicleRegistration-2025-10.pdf
ZAF,2024-10,shared,other_self_propelled,NW,62,vehicles,NewVehicleRegistration-2025-10.pdf
ZAF,2024-10,shared,other_self_propelled,WC,136,vehicles,NewVehicleRegistration-2025-10.pdf
ZAF,2024-10,shared,other_self_propelled,ZAF,855,vehicles,NewVehicleRegistration-2025-10.pdf
ZAF,2024-10,shared,total_self_propelled,EC,3201,vehicles,NewVehicleRegistration-2025-10.pdf
ZAF,2024-10,shared,total_self_propelled,FS,1515,vehicles,NewVehicleRegistration-2025-10.pdf
ZAF,2024-10,shared,total_self_propelled,GP,26781,vehicles,NewVehicleRegistration-2025-10.pdf
ZAF,2024-10,shared,total_self_propelled,KZN,8266,vehicles,NewVehicleRegistration-2025-10.pdf
ZAF,2024-10,shared,total_self_propelled,LP,1904,vehicles,NewVehicleRegistration-2025-10.pdf
ZAF,2024-10,shared,total_self_propelled,MP,2273,vehicles,NewVehicleRegistration-2025-10.pdf
ZAF,2024-10,shared,total_self_propelled,NC,640,vehicles,NewVehicleRegistration-2025-10.pdf
ZAF,2024-10,shared,total_self_propelled,NW,1567,vehicles,NewVehicleRegistration-2025-10.pdf
ZAF,2024-10,shared,total_self_propelled,WC,6287,vehicles,NewVehicleRegistration-2025-10.pdf
ZAF,2024-10,shared,total_self_propelled,ZAF,52434,vehicles,NewVehicleRegistration-2025-10.pdf
ZAF,2024-10,shared,trucks,EC,82,vehicles,NewVehicleRegistration-2025-10.pdf
ZAF,2024-10,shared,trucks,FS,171,vehicles,NewVehicleRegistration-2025-10.pdf
ZAF,2024-10,shared,trucks,GP,1156,vehicles,NewVehicleRegistration-2025-10.pdf
ZAF,2024-10,shared,trucks,KZN,332,vehicles,NewVehicleRegistration-2025-10.pdf
ZAF,2024-10,shared,trucks,LP,141,vehicles,NewVehicleRegistration-2025-10.pdf
ZAF,2024-10,shared,trucks,MP,291,vehicles,NewVehicleRegistration-2025-10.pdf
ZAF,2024-10,shared,trucks,NC,31,vehicles,NewVehicleRegistration-2025-10.pdf
ZAF,2024-10,shared,trucks,NW,79,vehicles,NewVehicleRegistration-2025-10.pdf
ZAF,2024-10,shared,trucks,WC,276,vehicles,NewVehicleRegistration-2025-10.pdf
ZAF,2024-10,shared,trucks,ZAF,2559,vehicles,NewVehicleRegistration-2025-10.pdf
ZAF,2024-11,shared,buses,EC,12,vehicles,NewVehicleRegistration-2025-11.pdf
ZAF,2024-11,shared,buses,FS,6,vehicles,NewVehicleRegistration-2025-11.pdf
ZAF,2024-11,shared,buses,GP,123,vehicles,NewVehicleRegistration-2025-11.pdf
ZAF,2024-11,shared,buses,KZN,64,vehicles,NewVehicleRegistration-2025-11.pdf
ZAF,2024-11,shared,buses,LP,11,vehicles,NewVehicleRegistration-2025-11.pdf
ZAF,2024-11,shared,buses,MP,26,vehicles,NewVehicleRegistration-2025-11.pdf
ZAF,2024-11,shared,buses,NC,5,vehicles,NewVehicleRegistration-2025-11.pdf
ZAF,2024-11,shared,buses,NW,4,vehicles,NewVehicleRegistration-2025-11.pdf
ZAF,2024-11,shared,buses,WC,28,vehicles,NewVehicleRegistration-2025-11.pdf
ZAF,2024-11,shared,buses,ZAF,279,vehicles,NewVehicleRegistration-2025-11.pdf
ZAF,2024-11,shared,cars,EC,1417,vehicles,NewVehicleRegistration-2025-11.pdf
ZAF,2024-11,shared,cars,FS,554,vehicles,NewVehicleRegistration-2025-11.pdf
ZAF,2024-11,shared,cars,GP,13223,vehicles,NewVehicleRegistration-2025-11.pdf
ZAF,2024-11,shared,cars,KZN,4580,vehicles,NewVehicleRegistration-2025-11.pdf
ZAF,2024-11,shared,cars,LP,870,vehicles,NewVehicleRegistration-2025-11.pdf
ZAF,2024-11,shared,cars,MP,895,vehicles,NewVehicleRegistration-2025-11.pdf
ZAF,2024-11,shared,cars,NC,242,vehicles,NewVehicleRegistration-2025-11.pdf
ZAF,2024-11,shared,cars,NW,630,vehicles,NewVehicleRegistration-2025-11.pdf
ZAF,2024-11,shared,cars,WC,3573,vehicles,NewVehicleRegistration-2025-11.pdf
ZAF,2024-11,shared,cars,ZAF,25984,vehicles,NewVehicleRegistration-2025-11.pdf
ZAF,2024-11,shared,light_commercial,EC,399,vehicles,NewVehicleRegistration-2025-11.pdf
ZAF,2024-11,shared,light_commercial,FS,267,vehicles,NewVehicleRegistration-2025-11.pdf
ZAF,2024-11,shared,light_commercial,GP,3026,vehicles,NewVehicleRegistration-2025-11.pdf
ZAF,2024-11,shared,light_commercial,KZN,1151,vehicles,NewVehicleRegistration-2025-11.pdf
ZAF,2024-11,shared,light_commercial,LP,357,vehicles,NewVehicleRegistration-2025-11.pdf
ZAF,2024-11,shared,light_commercial,MP,434,vehicles,NewVehicleRegistration-2025-11.pdf
ZAF,2024-11,shared,light_commercial,NC,181,vehicles,NewVehicleRegistration-2025-11.pdf
ZAF,2024-11,shared,light_commercial,NW,281,vehicles,NewVehicleRegistration-2025-11.pdf
ZAF,2024-11,shared,light_commercial,WC,932,vehicles,NewVehicleRegistration-2025-11.pdf
ZAF,2024-11,shared,light_commercial,ZAF,7028,vehicles,NewVehicleRegistration-2025-11.pdf
ZAF,2024-11,shared,minibuses,EC,65,vehicles,NewVehicleRegistration-2025-11.pdf
ZAF,2024-11,shared,minibuses,FS,27,vehicles,NewVehicleRegistration-2025-11.pdf
ZAF,2024-11,shared,minibuses,GP,257,vehicles,NewVehicleRegistration-2025-11.pdf
ZAF,2024-11,shared,minibuses,KZN,122,vehicles,NewVehicleRegistration-2025-11.pdf
ZAF,2024-11,shared,minibuses,LP,58,vehicles,NewVehicleRegistration-2025-11.pdf
ZAF,2024-11,shared,minibuses,MP,80,vehicles,NewVehicleRegistration-2025-11.pdf
ZAF,2024-11,shared,minibuses,NC,18,vehicles,NewVehicleRegistration-2025-11.pdf
ZAF,2024-11,shared,minibuses,NW,42,vehicles,NewVehicleRegistration-2025-11.pdf
ZAF,2024-11,shared,minibuses,WC,150,vehicles,NewVehicleRegistration-2025-11.pdf
ZAF,2024-11,shared,minibuses,ZAF,819,vehicles,NewVehicleRegistration-2025-11.pdf
ZAF,2024-11,shared,motorcycles,EC,111,vehicles,NewVehicleRegistration-2025-11.pdf
ZAF,2024-11,shared,motorcycles,FS,93,vehicles,NewVehicleRegistration-2025-11.pdf
ZAF,2024-11,shared,motorcycles,GP,1548,vehicles,NewVehicleRegistration-2025-11.pdf
ZAF,2024-11,shared,motorcycles,KZN,490,vehicles,NewVehicleRegistration-2025-11.pdf
ZAF,2024-11,shared,motorcycles,LP,51,vehicles,NewVehicleRegistration-2025-11.pdf
ZAF,2024-11,shared,motorcycles,MP,113,vehicles,NewVehicleRegistration-2025-11.pdf
ZAF,2024-11,shared,motorcycles,NC,33,vehicles,NewVehicleRegistration-2025-11.pdf
ZAF,2024-11,shared,motorcycles,NW,79,vehicles,NewVehicleRegistration-2025-11.pdf
ZAF,2024-11,shared,motorcycles,WC,449,vehicles,NewVehicleRegistration-2025-11.pdf
ZAF,2024-11,shared,motorcycles,ZAF,2967,vehicles,NewVehicleRegistration-2025-11.pdf
ZAF,2024-11,shared,other_self_propelled,EC,98,vehicles,NewVehicleRegistration-2025-11.pdf
ZAF,2024-11,shared,other_self_propelled,FS,65,vehicles,NewVehicleRegistration-2025-11.pdf
ZAF,2024-11,shared,other_self_propelled,GP,184,vehicles,NewVehicleRegistration-2025-11.pdf
ZAF,2024-11,shared,other_self_propelled,KZN,85,vehicles,NewVehicleRegistration-2025-11.pdf
ZAF,2024-11,shared,other_self_propelled,LP,55,vehicles,NewVehicleRegistration-2025-11.pdf
ZAF,2024-11,shared,other_self_propelled,MP,66,vehicles,NewVehicleRegistration-2025-11.pdf
ZAF,2024-11,shared,other_self_propelled,NC,32,vehicles,NewVehicleRegistration-2025-11.pdf
ZAF,2024-11,shared,other_self_propelled,NW,63,vehicles,NewVehicleRegistration-2025-11.pdf
ZAF,2024-11,shared,other_self_propelled,WC,70,vehicles,NewVehicleRegistration-2025-11.pdf
ZAF,2024-11,shared,other_self_propelled,ZAF,718,vehicles,NewVehicleRegistration-2025-11.pdf
ZAF,2024-11,shared,total_self_propelled,EC,2175,vehicles,NewVehicleRegistration-2025-11.pdf
ZAF,2024-11,shared,total_self_propelled,FS,1116,vehicles,NewVehicleRegistration-2025-11.pdf
ZAF,2024-11,shared,total_self_propelled,GP,19263,vehicles,NewVehicleRegistration-2025-11.pdf
ZAF,2024-11,shared,total_self_propelled,KZN,6750,vehicles,NewVehicleRegistration-2025-11.pdf
ZAF,2024-11,shared,total_self_propelled,LP,1515,vehicles,NewVehicleRegistration-2025-11.pdf
ZAF,2024-11,shared,total_self_propelled,MP,1867,vehicles,NewVehicleRegistration-2025-11.pdf
ZAF,2024-11,shared,total_self_propelled,NC,565,vehicles,NewVehicleRegistration-2025-11.pdf
ZAF,2024-11,shared,total_self_propelled,NW,1172,vehicles,NewVehicleRegistration-2025-11.pdf
ZAF,2024-11,shared,total_self_propelled,WC,5435,vehicles,NewVehicleRegistration-2025-11.pdf
ZAF,2024-11,shared,total_self_propelled,ZAF,39858,vehicles,NewVehicleRegistration-2025-11.pdf
ZAF,2024-11,shared,trucks,EC,73,vehicles,NewVehicleRegistration-2025-11.pdf
ZAF,2024-11,shared,trucks,FS,104,vehicles,NewVehicleRegistration-2025-11.pdf
ZAF,2024-11,shared,trucks,GP,902,vehicles,NewVehicleRegistration-2025-11.pdf
ZAF,2024-11,shared,trucks,KZN,258,vehicles,NewVehicleRegistration-2025-11.pdf
ZAF,2024-11,shared,trucks,LP,113,vehicles,NewVehicleRegistration-2025-11.pdf
ZAF,2024-11,shared,trucks,MP,253,vehicles,NewVehicleRegistration-2025-11.pdf
ZAF,2024-11,shared,trucks,NC,54,vehicles,NewVehicleRegistration-2025-11.pdf
ZAF,2024-11,shared,trucks,NW,73,vehicles,NewVehicleRegistration-2025-11.pdf
ZAF,2024-11,shared,trucks,WC,233,vehicles,NewVehicleRegistration-2025-11.pdf
ZAF,2024-11,shared,trucks,ZAF,2063,vehicles,NewVehicleRegistration-2025-11.pdf
ZAF,2024-12,shared,buses,EC,6,vehicles,NewVehicleRegistration-2025-12.pdf
ZAF,2024-12,shared,buses,FS,2,vehicles,NewVehicleRegistration-2025-12.pdf
ZAF,2024-12,shared,buses,GP,45,vehicles,NewVehicleRegistration-2025-12.pdf
ZAF,2024-12,shared,buses,KZN,53,vehicles,NewVehicleRegistration-2025-12.pdf
ZAF,2024-12,shared,buses,LP,14,vehicles,NewVehicleRegistration-2025-12.pdf
ZAF,2024-12,shared,buses,MP,36,vehicles,NewVehicleRegistration-2025-12.pdf
ZAF,2024-12,shared,buses,NC,5,vehicles,NewVehicleRegistration-2025-12.pdf
ZAF,2024-12,shared,buses,NW,4,vehicles,NewVehicleRegistration-2025-12.pdf
ZAF,2024-12,shared,buses,WC,29,vehicles,NewVehicleRegistration-2025-12.pdf
ZAF,2024-12,shared,buses,ZAF,194,vehicles,NewVehicleRegistration-2025-12.pdf
ZAF,2024-12,shared,cars,EC,720,vehicles,NewVehicleRegistration-2025-12.pdf
ZAF,2024-12,shared,cars,FS,405,vehicles,NewVehicleRegistration-2025-12.pdf
ZAF,2024-12,shared,cars,GP,6315,vehicles,NewVehicleRegistration-2025-12.pdf
ZAF,2024-12,shared,cars,KZN,2609,vehicles,NewVehicleRegistration-2025-12.pdf
ZAF,2024-12,shared,cars,LP,787,vehicles,NewVehicleRegistration-2025-12.pdf
ZAF,2024-12,shared,cars,MP,671,vehicles,NewVehicleRegistration-2025-12.pdf
ZAF,2024-12,shared,cars,NC,157,vehicles,NewVehicleRegistration-2025-12.pdf
ZAF,2024-12,shared,cars,NW,413,vehicles,NewVehicleRegistration-2025-12.pdf
ZAF,2024-12,shared,cars,WC,2142,vehicles,NewVehicleRegistration-2025-12.pdf
ZAF,2024-12,shared,cars,ZAF,14219,vehicles,NewVehicleRegistration-2025-12.pdf
ZAF,2024-12,shared,light_commercial,EC,242,vehicles,NewVehicleRegistration-2025-12.pdf
ZAF,2024-12,shared,light_commercial,FS,154,vehicles,NewVehicleRegistration-2025-12.pdf
ZAF,2024-12,shared,light_commercial,GP,1479,vehicles,NewVehicleRegistration-2025-12.pdf
ZAF,2024-12,shared,light_commercial,KZN,645,vehicles,NewVehicleRegistration-2025-12.pdf
ZAF,2024-12,shared,light_commercial,LP,281,vehicles,NewVehicleRegistration-2025-12.pdf
ZAF,2024-12,shared,light_commercial,MP,317,vehicles,NewVehicleRegistration-2025-12.pdf
ZAF,2024-12,shared,light_commercial,NC,83,vehicles,NewVehicleRegistration-2025-12.pdf
ZAF,2024-12,shared,light_commercial,NW,147,vehicles,NewVehicleRegistration-2025-12.pdf
ZAF,2024-12,shared,light_commercial,WC,451,vehicles,NewVehicleRegistration-2025-12.pdf
ZAF,2024-12,shared,light_commercial,ZAF,3799,vehicles,NewVehicleRegistration-2025-12.pdf
ZAF,2024-12,shared,minibuses,EC,45,vehicles,NewVehicleRegistration-2025-12.pdf
ZAF,2024-12,shared,minibuses,FS,12,vehicles,NewVehicleRegistration-2025-12.pdf
ZAF,2024-12,shared,minibuses,GP,169,vehicles,NewVehicleRegistration-2025-12.pdf
ZAF,2024-12,shared,minibuses,KZN,127,vehicles,NewVehicleRegistration-2025-12.pdf
ZAF,2024-12,shared,minibuses,LP,44,vehicles,NewVehicleRegistration-2025-12.pdf
ZAF,2024-12,shared,minibuses,MP,61,vehicles,NewVehicleRegistration-2025-12.pdf
ZAF,2024-12,shared,minibuses,NC,1,vehicles,NewVehicleRegistration-2025-12.pdf
ZAF,2024-12,shared,minibuses,NW,46,vehicles,NewVehicleRegistration-2025-12.pdf
ZAF,2024-12,shared,minibuses,WC,61,vehicles,NewVehicleRegistration-2025-12.pdf
ZAF,2024-12,shared,minibuses,ZAF,566,vehicles,NewVehicleRegistration-2025-12.pdf
ZAF,2024-12,shared,motorcycles,EC,55,vehicles,NewVehicleRegistration-2025-12.pdf
ZAF,2024-12,shared,motorcycles,FS,52,vehicles,NewVehicleRegistration-2025-12.pdf
ZAF,2024-12,shared,motorcycles,GP,825,vehicles,NewVehicleRegistration-2025-12.pdf
ZAF,2024-12,shared,motorcycles,KZN,356,vehicles,NewVehicleRegistration-2025-12.pdf
ZAF,2024-12,shared,motorcycles,LP,32,vehicles,NewVehicleRegistration-2025-12.pdf
ZAF,2024-12,shared,motorcycles,MP,68,vehicles,NewVehicleRegistration-2025-12.pdf
ZAF,2024-12,shared,motorcycles,NC,13,vehicles,NewVehicleRegistration-2025-12.pdf
ZAF,2024-12,shared,motorcycles,NW,43,vehicles,NewVehicleRegistration-2025-12.pdf
ZAF,2024-12,shared,motorcycles,WC,256,vehicles,NewVehicleRegistration-2025-12.pdf
ZAF,2024-12,shared,motorcycles,ZAF,1700,vehicles,NewVehicleRegistration-2025-12.pdf
ZAF,2024-12,shared,other_self_propelled,EC,42,vehicles,NewVehicleRegistration-2025-12.pdf
ZAF,2024-12,shared,other_self_propelled,FS,44,vehicles,NewVehicleRegistration-2025-12.pdf
ZAF,2024-12,shared,other_self_propelled,GP,87,vehicles,NewVehicleRegistration-2025-12.pdf
ZAF,2024-12,shared,other_self_propelled,KZN,68,vehicles,NewVehicleRegistration-2025-12.pdf
ZAF,2024-12,shared,other_self_propelled,LP,40,vehicles,NewVehicleRegistration-2025-12.pdf
ZAF,2024-12,shared,other_self_propelled,MP,32,vehicles,NewVehicleRegistration-2025-12.pdf
ZAF,2024-12,shared,other_self_propelled,NC,13,vehicles,NewVehicleRegistration-2025-12.pdf
ZAF,2024-12,shared,other_self_propelled,NW,44,vehicles,NewVehicleRegistration-2025-12.pdf
ZAF,2024-12,shared,other_self_propelled,WC,51,vehicles,NewVehicleRegistration-2025-12.pdf
ZAF,2024-12,shared,other_self_propelled,ZAF,421,vehicles,NewVehicleRegistration-2025-12.pdf
ZAF,2024-12,shared,total_self_propelled,EC,1166,vehicles,NewVehicleRegistration-2025-12.pdf
ZAF,2024-12,shared,total_self_propelled,FS,750,vehicles,NewVehicleRegistration-2025-12.pdf
ZAF,2024-12,shared,total_self_propelled,GP,9438,vehicles,NewVehicleRegistration-2025-12.pdf
ZAF,2024-12,shared,total_self_propelled,KZN,4015,vehicles,NewVehicleRegistration-2025-12.pdf
ZAF,2024-12,shared,total_self_propelled,LP,1262,vehicles,NewVehicleRegistration-2025-12.pdf
ZAF,2024-12,shared,total_self_propelled,MP,1315,vehicles,NewVehicleRegistration-2025-12.pdf
ZAF,2024-12,shared,total_self_propelled,NC,289,vehicles,NewVehicleRegistration-2025-12.pdf
ZAF,2024-12,shared,total_self_propelled,NW,730,vehicles,NewVehicleRegistration-2025-12.pdf
ZAF,2024-12,shared,total_self_propelled,WC,3113,vehicles,NewVehicleRegistration-2025-12.pdf
ZAF,2024-12,shared,total_self_propelled,ZAF,22078,vehicles,NewVehicleRegistration-2025-12.pdf
ZAF,2024-12,shared,trucks,EC,56,vehicles,NewVehicleRegistration-2025-12.pdf
ZAF,2024-12,shared,trucks,FS,81,vehicles,NewVehicleRegistration-2025-12.pdf
ZAF,2024-12,shared,trucks,GP,518,vehicles,NewVehicleRegistration-2025-12.pdf
ZAF,2024-12,shared,trucks,KZN,157,vehicles,NewVehicleRegistration-2025-12.pdf
ZAF,2024-12,shared,trucks,LP,64,vehicles,NewVehicleRegistration-2025-12.pdf
ZAF,2024-12,shared,trucks,MP,130,vehicles,NewVehicleRegistration-2025-12.pdf
ZAF,2024-12,shared,trucks,NC,17,vehicles,NewVehicleRegistration-2025-12.pdf
ZAF,2024-12,shared,trucks,NW,33,vehicles,NewVehicleRegistration-2025-12.pdf
ZAF,2024-12,shared,trucks,WC,123,vehicles,NewVehicleRegistration-2025-12.pdf
ZAF,2024-12,shared,trucks,ZAF,1179,vehicles,NewVehicleRegistration-2025-12.pdf
ZAF,2025-01,shared,buses,EC,12,vehicles,NewVehicleRegistration-2026-01.pdf
ZAF,2025-01,shared,buses,FS,2,vehicles,NewVehicleRegistration-2026-01.pdf
ZAF,2025-01,shared,buses,GP,86,vehicles,NewVehicleRegistration-2026-01.pdf
ZAF,2025-01,shared,buses,KZN,25,vehicles,NewVehicleRegistration-2026-01.pdf
ZAF,2025-01,shared,buses,LP,13,vehicles,NewVehicleRegistration-2026-01.pdf
ZAF,2025-01,shared,buses,MP,27,vehicles,NewVehicleRegistration-2026-01.pdf
ZAF,2025-01,shared,buses,NC,2,vehicles,NewVehicleRegistration-2026-01.pdf
ZAF,2025-01,shared,buses,NW,37,vehicles,NewVehicleRegistration-2026-01.pdf
ZAF,2025-01,shared,buses,WC,25,vehicles,NewVehicleRegistration-2026-01.pdf
ZAF,2025-01,shared,buses,ZAF,229,vehicles,NewVehicleRegistration-2026-01.pdf
ZAF,2025-01,shared,cars,EC,2920,vehicles,NewVehicleRegistration-2026-01.pdf
ZAF,2025-01,shared,cars,FS,1251,vehicles,NewVehicleRegistration-2026-01.pdf
ZAF,2025-01,shared,cars,GP,28589,vehicles,NewVehicleRegistration-2026-01.pdf
ZAF,2025-01,shared,cars,KZN,9837,vehicles,NewVehicleRegistration-2026-01.pdf
ZAF,2025-01,shared,cars,LP,1598,vehicles,NewVehicleRegistration-2026-01.pdf
ZAF,2025-01,shared,cars,MP,1901,vehicles,NewVehicleRegistration-2026-01.pdf
ZAF,2025-01,shared,cars,NC,441,vehicles,NewVehicleRegistration-2026-01.pdf
ZAF,2025-01,shared,cars,NW,1499,vehicles,NewVehicleRegistration-2026-01.pdf
ZAF,2025-01,shared,cars,WC,6848,vehicles,NewVehicleRegistration-2026-01.pdf
ZAF,2025-01,shared,cars,ZAF,54884,vehicles,NewVehicleRegistration-2026-01.pdf
ZAF,2025-01,shared,light_commercial,EC,927,vehicles,NewVehicleRegistration-2026-01.pdf
ZAF,2025-01,shared,light_commercial,FS,646,vehicles,NewVehicleRegistration-2026-01.pdf
ZAF,2025-01,shared,light_commercial,GP,5425,vehicles,NewVehicleRegistration-2026-01.pdf
ZAF,2025-01,shared,light_commercial,KZN,2089,vehicles,NewVehicleRegistration-2026-01.pdf
ZAF,2025-01,shared,light_commercial,LP,849,vehicles,NewVehicleRegistration-2026-01.pdf
ZAF,2025-01,shared,light_commercial,MP,1013,vehicles,NewVehicleRegistration-2026-01.pdf
ZAF,2025-01,shared,light_commercial,NC,304,vehicles,NewVehicleRegistration-2026-01.pdf
ZAF,2025-01,shared,light_commercial,NW,679,vehicles,NewVehicleRegistration-2026-01.pdf
ZAF,2025-01,shared,light_commercial,WC,1516,vehicles,NewVehicleRegistration-2026-01.pdf
ZAF,2025-01,shared,light_commercial,ZAF,13448,vehicles,NewVehicleRegistration-2026-01.pdf
ZAF,2025-01,shared,minibuses,EC,92,vehicles,NewVehicleRegistration-2026-01.pdf
ZAF,2025-01,shared,minibuses,FS,16,vehicles,NewVehicleRegistration-2026-01.pdf
ZAF,2025-01,shared,minibuses,GP,422,vehicles,NewVehicleRegistration-2026-01.pdf
ZAF,2025-01,shared,minibuses,KZN,165,vehicles,NewVehicleRegistration-2026-01.pdf
ZAF,2025-01,shared,minibuses,LP,74,vehicles,NewVehicleRegistration-2026-01.pdf
ZAF,2025-01,shared,minibuses,MP,81,vehicles,NewVehicleRegistration-2026-01.pdf
ZAF,2025-01,shared,minibuses,NC,15,vehicles,NewVehicleRegistration-2026-01.pdf
ZAF,2025-01,shared,minibuses,NW,38,vehicles,NewVehicleRegistration-2026-01.pdf
ZAF,2025-01,shared,minibuses,WC,142,vehicles,NewVehicleRegistration-2026-01.pdf
ZAF,2025-01,shared,minibuses,ZAF,1045,vehicles,NewVehicleRegistration-2026-01.pdf
ZAF,2025-01,shared,motorcycles,EC,93,vehicles,NewVehicleRegistration-2026-01.pdf
ZAF,2025-01,shared,motorcycles,FS,101,vehicles,NewVehicleRegistration-2026-01.pdf
ZAF,2025-01,shared,motorcycles,GP,1713,vehicles,NewVehicleRegistration-2026-01.pdf
ZAF,2025-01,shared,motorcycles,KZN,390,vehicles,NewVehicleRegistration-2026-01.pdf
ZAF,2025-01,shared,motorcycles,LP,45,vehicles,NewVehicleRegistration-2026-01.pdf
ZAF,2025-01,shared,motorcycles,MP,115,vehicles,NewVehicleRegistration-2026-01.pdf
ZAF,2025-01,shared,motorcycles,NC,29,vehicles,NewVehicleRegistration-2026-01.pdf
ZAF,2025-01,shared,motorcycles,NW,67,vehicles,NewVehicleRegistration-2026-01.pdf
ZAF,2025-01,shared,motorcycles,WC,576,vehicles,NewVehicleRegistration-2026-01.pdf
ZAF,2025-01,shared,motorcycles,ZAF,3129,vehicles,NewVehicleRegistration-2026-01.pdf
ZAF,2025-01,shared,other_self_propelled,EC,56,vehicles,NewVehicleRegistration-2026-01.pdf
ZAF,2025-01,shared,other_self_propelled,FS,56,vehicles,NewVehicleRegistration-2026-01.pdf
ZAF,2025-01,shared,other_self_propelled,GP,100,vehicles,NewVehicleRegistration-2026-01.pdf
ZAF,2025-01,shared,other_self_propelled,KZN,118,vehicles,NewVehicleRegistration-2026-01.pdf
ZAF,2025-01,shared,other_self_propelled,LP,38,vehicles,NewVehicleRegistration-2026-01.pdf
ZAF,2025-01,shared,other_self_propelled,MP,27,vehicles,NewVehicleRegistration-2026-01.pdf
ZAF,2025-01,shared,other_self_propelled,NC,27,vehicles,NewVehicleRegistration-2026-01.pdf
ZAF,2025-01,shared,other_self_propelled,NW,38,vehicles,NewVehicleRegistration-2026-01.pdf
ZAF,2025-01,shared,other_self_propelled,WC,105,vehicles,NewVehicleRegistration-2026-01.pdf
ZAF,2025-01,shared,other_self_propelled,ZAF,565,vehicles,NewVehicleRegistration-2026-01.pdf
ZAF,2025-01,shared,total_self_propelled,EC,4198,vehicles,NewVehicleRegistration-2026-01.pdf
ZAF,2025-01,shared,total_self_propelled,FS,2178,vehicles,NewVehicleRegistration-2026-01.pdf
ZAF,2025-01,shared,total_self_propelled,GP,37031,vehicles,NewVehicleRegistration-2026-01.pdf
ZAF,2025-01,shared,total_self_propelled,KZN,12882,vehicles,NewVehicleRegistration-2026-01.pdf
ZAF,2025-01,shared,total_self_propelled,LP,2727,vehicles,NewVehicleRegistration-2026-01.pdf
ZAF,2025-01,shared,total_self_propelled,MP,3390,vehicles,NewVehicleRegistration-2026-01.pdf
ZAF,2025-01,shared,total_self_propelled,NC,860,vehicles,NewVehicleRegistration-2026-01.pdf
ZAF,2025-01,shared,total_self_propelled,NW,2430,vehicles,NewVehicleRegistration-2026-01.pdf
ZAF,2025-01,shared,total_self_propelled,WC,9431,vehicles,NewVehicleRegistration-2026-01.pdf
ZAF,2025-01,shared,total_self_propelled,ZAF,75127,vehicles,NewVehicleRegistration-2026-01.pdf
ZAF,2025-01,shared,trucks,EC,98,vehicles,NewVehicleRegistration-2026-01.pdf
ZAF,2025-01,shared,trucks,FS,106,vehicles,NewVehicleRegistration-2026-01.pdf
ZAF,2025-01,shared,trucks,GP,696,vehicles,NewVehicleRegistration-2026-01.pdf
ZAF,2025-01,shared,trucks,KZN,258,vehicles,NewVehicleRegistration-2026-01.pdf
ZAF,2025-01,shared,trucks,LP,110,vehicles,NewVehicleRegistration-2026-01.pdf
ZAF,2025-01,shared,trucks,MP,226,vehicles,NewVehicleRegistration-2026-01.pdf
ZAF,2025-01,shared,trucks,NC,42,vehicles,NewVehicleRegistration-2026-01.pdf
ZAF,2025-01,shared,trucks,NW,72,vehicles,NewVehicleRegistration-2026-01.pdf
ZAF,2025-01,shared,trucks,WC,219,vehicles,NewVehicleRegistration-2026-01.pdf
ZAF,2025-01,shared,trucks,ZAF,1827,vehicles,NewVehicleRegistration-2026-01.pdf
ZAF,2025-02,shared,buses,EC,8,vehicles,NewVehicleRegistration-2026-02.pdf
ZAF,2025-02,shared,buses,FS,5,vehicles,NewVehicleRegistration-2026-02.pdf
ZAF,2025-02,shared,buses,GP,60,vehicles,NewVehicleRegistration-2026-02.pdf
ZAF,2025-02,shared,buses,KZN,61,vehicles,NewVehicleRegistration-2026-02.pdf
ZAF,2025-02,shared,buses,LP,24,vehicles,NewVehicleRegistration-2026-02.pdf
ZAF,2025-02,shared,buses,MP,37,vehicles,NewVehicleRegistration-2026-02.pdf
ZAF,2025-02,shared,buses,NC,3,vehicles,NewVehicleRegistration-2026-02.pdf
ZAF,2025-02,shared,buses,NW,1,vehicles,NewVehicleRegistration-2026-02.pdf
ZAF,2025-02,shared,buses,WC,23,vehicles,NewVehicleRegistration-2026-02.pdf
ZAF,2025-02,shared,buses,ZAF,222,vehicles,NewVehicleRegistration-2026-02.pdf
ZAF,2025-02,shared,cars,EC,1649,vehicles,NewVehicleRegistration-2026-02.pdf
ZAF,2025-02,shared,cars,FS,682,vehicles,NewVehicleRegistration-2026-02.pdf
ZAF,2025-02,shared,cars,GP,16060,vehicles,NewVehicleRegistration-2026-02.pdf
ZAF,2025-02,shared,cars,KZN,5461,vehicles,NewVehicleRegistration-2026-02.pdf
ZAF,2025-02,shared,cars,LP,999,vehicles,NewVehicleRegistration-2026-02.pdf
ZAF,2025-02,shared,cars,MP,1176,vehicles,NewVehicleRegistration-2026-02.pdf
ZAF,2025-02,shared,cars,NC,290,vehicles,NewVehicleRegistration-2026-02.pdf
ZAF,2025-02,shared,cars,NW,877,vehicles,NewVehicleRegistration-2026-02.pdf
ZAF,2025-02,shared,cars,WC,3673,vehicles,NewVehicleRegistration-2026-02.pdf
ZAF,2025-02,shared,cars,ZAF,30867,vehicles,NewVehicleRegistration-2026-02.pdf
ZAF,2025-02,shared,light_commercial,EC,538,vehicles,NewVehicleRegistration-2026-02.pdf
ZAF,2025-02,shared,light_commercial,FS,404,vehicles,NewVehicleRegistration-2026-02.pdf
ZAF,2025-02,shared,light_commercial,GP,3933,vehicles,NewVehicleRegistration-2026-02.pdf
ZAF,2025-02,shared,light_commercial,KZN,1552,vehicles,NewVehicleRegistration-2026-02.pdf
ZAF,2025-02,shared,light_commercial,LP,496,vehicles,NewVehicleRegistration-2026-02.pdf
ZAF,2025-02,shared,light_commercial,MP,733,vehicles,NewVehicleRegistration-2026-02.pdf
ZAF,2025-02,shared,light_commercial,NC,196,vehicles,NewVehicleRegistration-2026-02.pdf
ZAF,2025-02,shared,light_commercial,NW,426,vehicles,NewVehicleRegistration-2026-02.pdf
ZAF,2025-02,shared,light_commercial,WC,1010,vehicles,NewVehicleRegistration-2026-02.pdf
ZAF,2025-02,shared,light_commercial,ZAF,9288,vehicles,NewVehicleRegistration-2026-02.pdf
ZAF,2025-02,shared,minibuses,EC,92,vehicles,NewVehicleRegistration-2026-02.pdf
ZAF,2025-02,shared,minibuses,FS,19,vehicles,NewVehicleRegistration-2026-02.pdf
ZAF,2025-02,shared,minibuses,GP,329,vehicles,NewVehicleRegistration-2026-02.pdf
ZAF,2025-02,shared,minibuses,KZN,114,vehicles,NewVehicleRegistration-2026-02.pdf
ZAF,2025-02,shared,minibuses,LP,65,vehicles,NewVehicleRegistration-2026-02.pdf
ZAF,2025-02,shared,minibuses,MP,86,vehicles,NewVehicleRegistration-2026-02.pdf
ZAF,2025-02,shared,minibuses,NC,9,vehicles,NewVehicleRegistration-2026-02.pdf
ZAF,2025-02,shared,minibuses,NW,52,vehicles,NewVehicleRegistration-2026-02.pdf
ZAF,2025-02,shared,minibuses,WC,159,vehicles,NewVehicleRegistration-2026-02.pdf
ZAF,2025-02,shared,minibuses,ZAF,925,vehicles,NewVehicleRegistration-2026-02.pdf
ZAF,2025-02,shared,motorcycles,EC,84,vehicles,NewVehicleRegistration-2026-02.pdf
ZAF,2025-02,shared,motorcycles,FS,64,vehicles,NewVehicleRegistration-2026-02.pdf
ZAF,2025-02,shared,motorcycles,GP,1600,vehicles,NewVehicleRegistration-2026-02.pdf
ZAF,2025-02,shared,motorcycles,KZN,838,vehicles,NewVehicleRegistration-2026-02.pdf
ZAF,2025-02,shared,motorcycles,LP,64,vehicles,NewVehicleRegistration-2026-02.pdf
ZAF,2025-02,shared,motorcycles,MP,93,vehicles,NewVehicleRegistration-2026-02.pdf
ZAF,2025-02,shared,motorcycles,NC,21,vehicles,NewVehicleRegistration-2026-02.pdf
ZAF,2025-02,shared,motorcycles,NW,79,vehicles,NewVehicleRegistration-2026-02.pdf
ZAF,2025-02,shared,motorcycles,WC,582,vehicles,NewVehicleRegistration-2026-02.pdf
ZAF,2025-02,shared,motorcycles,ZAF,3425,vehicles,NewVehicleRegistration-2026-02.pdf
ZAF,2025-02,shared,other_self_propelled,EC,57,vehicles,NewVehicleRegistration-2026-02.pdf
ZAF,2025-02,shared,other_self_propelled,FS,56,vehicles,NewVehicleRegistration-2026-02.pdf
ZAF,2025-02,shared,other_self_propelled,GP,143,vehicles,NewVehicleRegistration-2026-02.pdf
ZAF,2025-02,shared,other_self_propelled,KZN,140,vehicles,NewVehicleRegistration-2026-02.pdf
ZAF,2025-02,shared,other_self_propelled,LP,72,vehicles,NewVehicleRegistration-2026-02.pdf
ZAF,2025-02,shared,other_self_propelled,MP,49,vehicles,NewVehicleRegistration-2026-02.pdf
ZAF,2025-02,shared,other_self_propelled,NC,18,vehicles,NewVehicleRegistration-2026-02.pdf
ZAF,2025-02,shared,other_self_propelled,NW,52,vehicles,NewVehicleRegistration-2026-02.pdf
ZAF,2025-02,shared,other_self_propelled,WC,112,vehicles,NewVehicleRegistration-2026-02.pdf
ZAF,2025-02,shared,other_self_propelled,ZAF,699,vehicles,NewVehicleRegistration-2026-02.pdf
ZAF,2025-02,shared,total_self_propelled,EC,2491,vehicles,NewVehicleRegistration-2026-02.pdf
ZAF,2025-02,shared,total_self_propelled,FS,1316,vehicles,NewVehicleRegistration-2026-02.pdf
ZAF,2025-02,shared,total_self_propelled,GP,22811,vehicles,NewVehicleRegistration-2026-02.pdf
ZAF,2025-02,shared,total_self_propelled,KZN,8424,vehicles,NewVehicleRegistration-2026-02.pdf
ZAF,2025-02,shared,total_self_propelled,LP,1810,vehicles,NewVehicleRegistration-2026-02.pdf
ZAF,2025-02,shared,total_self_propelled,MP,2346,vehicles,NewVehicleRegistration-2026-02.pdf
ZAF,2025-02,shared,total_self_propelled,NC,565,vehicles,NewVehicleRegistration-2026-02.pdf
ZAF,2025-02,shared,total_self_propelled,NW,1536,vehicles,NewVehicleRegistration-2026-02.pdf
ZAF,2025-02,shared,total_self_propelled,WC,5731,vehicles,NewVehicleRegistration-2026-02.pdf
ZAF,2025-02,shared,total_self_propelled,ZAF,47030,vehicles,NewVehicleRegistration-2026-02.pdf
ZAF,2025-02,shared,trucks,EC,63,vehicles,NewVehicleRegistration-2026-02.pdf
ZAF,2025-02,shared,trucks,FS,86,vehicles,NewVehicleRegistration-2026-02.pdf
ZAF,2025-02,shared,trucks,GP,686,vehicles,NewVehicleRegistration-2026-02.pdf
ZAF,2025-02,shared,trucks,KZN,258,vehicles,NewVehicleRegistration-2026-02.pdf
ZAF,2025-02,shared,trucks,LP,90,vehicles,NewVehicleRegistration-2026-02.pdf
ZAF,2025-02,shared,trucks,MP,172,vehicles,NewVehicleRegistration-2026-02.pdf
ZAF,2025-02,shared,trucks,NC,28,vehicles,NewVehicleRegistration-2026-02.pdf
ZAF,2025-02,shared,trucks,NW,49,vehicles,NewVehicleRegistration-2026-02.pdf
ZAF,2025-02,shared,trucks,WC,172,vehicles,NewVehicleRegistration-2026-02.pdf
ZAF,2025-02,shared,trucks,ZAF,1604,vehicles,NewVehicleRegistration-2026-02.pdf
ZAF,2025-03,shared,buses,EC,6,vehicles,NewVehicleRegistration-2026-03.pdf
ZAF,2025-03,shared,buses,FS,4,vehicles,NewVehicleRegistration-2026-03.pdf
ZAF,2025-03,shared,buses,GP,79,vehicles,NewVehicleRegistration-2026-03.pdf
ZAF,2025-03,shared,buses,KZN,31,vehicles,NewVehicleRegistration-2026-03.pdf
ZAF,2025-03,shared,buses,LP,34,vehicles,NewVehicleRegistration-2026-03.pdf
ZAF,2025-03,shared,buses,MP,23,vehicles,NewVehicleRegistration-2026-03.pdf
ZAF,2025-03,shared,buses,NC,8,vehicles,NewVehicleRegistration-2026-03.pdf
ZAF,2025-03,shared,buses,NW,9,vehicles,NewVehicleRegistration-2026-03.pdf
ZAF,2025-03,shared,buses,WC,14,vehicles,NewVehicleRegistration-2026-03.pdf
ZAF,2025-03,shared,buses,ZAF,208,vehicles,NewVehicleRegistration-2026-03.pdf
ZAF,2025-03,shared,cars,EC,1624,vehicles,NewVehicleRegistration-2026-03.pdf
ZAF,2025-03,shared,cars,FS,766,vehicles,NewVehicleRegistration-2026-03.pdf
ZAF,2025-03,shared,cars,GP,14615,vehicles,NewVehicleRegistration-2026-03.pdf
ZAF,2025-03,shared,cars,KZN,5388,vehicles,NewVehicleRegistration-2026-03.pdf
ZAF,2025-03,shared,cars,LP,937,vehicles,NewVehicleRegistration-2026-03.pdf
ZAF,2025-03,shared,cars,MP,1061,vehicles,NewVehicleRegistration-2026-03.pdf
ZAF,2025-03,shared,cars,NC,275,vehicles,NewVehicleRegistration-2026-03.pdf
ZAF,2025-03,shared,cars,NW,821,vehicles,NewVehicleRegistration-2026-03.pdf
ZAF,2025-03,shared,cars,WC,3762,vehicles,NewVehicleRegistration-2026-03.pdf
ZAF,2025-03,shared,cars,ZAF,29249,vehicles,NewVehicleRegistration-2026-03.pdf
ZAF,2025-03,shared,light_commercial,EC,576,vehicles,NewVehicleRegistration-2026-03.pdf
ZAF,2025-03,shared,light_commercial,FS,472,vehicles,NewVehicleRegistration-2026-03.pdf
ZAF,2025-03,shared,light_commercial,GP,4319,vehicles,NewVehicleRegistration-2026-03.pdf
ZAF,2025-03,shared,light_commercial,KZN,1432,vehicles,NewVehicleRegistration-2026-03.pdf
ZAF,2025-03,shared,light_commercial,LP,596,vehicles,NewVehicleRegistration-2026-03.pdf
ZAF,2025-03,shared,light_commercial,MP,694,vehicles,NewVehicleRegistration-2026-03.pdf
ZAF,2025-03,shared,light_commercial,NC,229,vehicles,NewVehicleRegistration-2026-03.pdf
ZAF,2025-03,shared,light_commercial,NW,420,vehicles,NewVehicleRegistration-2026-03.pdf
ZAF,2025-03,shared,light_commercial,WC,1027,vehicles,NewVehicleRegistration-2026-03.pdf
ZAF,2025-03,shared,light_commercial,ZAF,9765,vehicles,NewVehicleRegistration-2026-03.pdf
ZAF,2025-03,shared,minibuses,EC,72,vehicles,NewVehicleRegistration-2026-03.pdf
ZAF,2025-03,shared,minibuses,FS,18,vehicles,NewVehicleRegistration-2026-03.pdf
ZAF,2025-03,shared,minibuses,GP,301,vehicles,NewVehicleRegistration-2026-03.pdf
ZAF,2025-03,shared,minibuses,KZN,119,vehicles,NewVehicleRegistration-2026-03.pdf
ZAF,2025-03,shared,minibuses,LP,83,vehicles,NewVehicleRegistration-2026-03.pdf
ZAF,2025-03,shared,minibuses,MP,69,vehicles,NewVehicleRegistration-2026-03.pdf
ZAF,2025-03,shared,minibuses,NC,14,vehicles,NewVehicleRegistration-2026-03.pdf
ZAF,2025-03,shared,minibuses,NW,36,vehicles,NewVehicleRegistration-2026-03.pdf
ZAF,2025-03,shared,minibuses,WC,139,vehicles,NewVehicleRegistration-2026-03.pdf
ZAF,2025-03,shared,minibuses,ZAF,851,vehicles,NewVehicleRegistration-2026-03.pdf
ZAF,2025-03,shared,motorcycles,EC,83,vehicles,NewVehicleRegistration-2026-03.pdf
ZAF,2025-03,shared,motorcycles,FS,91,vehicles,NewVehicleRegistration-2026-03.pdf
ZAF,2025-03,shared,motorcycles,GP,1278,vehicles,NewVehicleRegistration-2026-03.pdf
ZAF,2025-03,shared,motorcycles,KZN,731,vehicles,NewVehicleRegistration-2026-03.pdf
ZAF,2025-03,shared,motorcycles,LP,40,vehicles,NewVehicleRegistration-2026-03.pdf
ZAF,2025-03,shared,motorcycles,MP,68,vehicles,NewVehicleRegistration-2026-03.pdf
ZAF,2025-03,shared,motorcycles,NC,22,vehicles,NewVehicleRegistration-2026-03.pdf
ZAF,2025-03,shared,motorcycles,NW,102,vehicles,NewVehicleRegistration-2026-03.pdf
ZAF,2025-03,shared,motorcycles,WC,546,vehicles,NewVehicleRegistration-2026-03.pdf
ZAF,2025-03,shared,motorcycles,ZAF,2961,vehicles,NewVehicleRegistration-2026-03.pdf
ZAF,2025-03,shared,other_self_propelled,EC,77,vehicles,NewVehicleRegistration-2026-03.pdf
ZAF,2025-03,shared,other_self_propelled,FS,98,vehicles,NewVehicleRegistration-2026-03.pdf
ZAF,2025-03,shared,other_self_propelled,GP,138,vehicles,NewVehicleRegistration-2026-03.pdf
ZAF,2025-03,shared,other_self_propelled,KZN,128,vehicles,NewVehicleRegistration-2026-03.pdf
ZAF,2025-03,shared,other_self_propelled,LP,76,vehicles,NewVehicleRegistration-2026-03.pdf
ZAF,2025-03,shared,other_self_propelled,MP,39,vehicles,NewVehicleRegistration-2026-03.pdf
ZAF,2025-03,shared,other_self_propelled,NC,41,vehicles,NewVehicleRegistration-2026-03.pdf
ZAF,2025-03,shared,other_self_propelled,NW,42,vehicles,NewVehicleRegistration-2026-03.pdf
ZAF,2025-03,shared,other_self_propelled,WC,115,vehicles,NewVehicleRegistration-2026-03.pdf
ZAF,2025-03,shared,other_self_propelled,ZAF,754,vehicles,NewVehicleRegistration-2026-03.pdf
ZAF,2025-03,shared,total_self_propelled,EC,2552,vehicles,NewVehicleRegistration-2026-03.pdf
ZAF,2025-03,shared,total_self_propelled,FS,1566,vehicles,NewVehicleRegistration-2026-03.pdf
ZAF,2025-03,shared,total_self_propelled,GP,21477,vehicles,NewVehicleRegistration-2026-03.pdf
ZAF,2025-03,shared,total_self_propelled,KZN,8179,vehicles,NewVehicleRegistration-2026-03.pdf
ZAF,2025-03,shared,total_self_propelled,LP,1864,vehicles,NewVehicleRegistration-2026-03.pdf
ZAF,2025-03,shared,total_self_propelled,MP,2149,vehicles,NewVehicleRegistration-2026-03.pdf
ZAF,2025-03,shared,total_self_propelled,NC,626,vehicles,NewVehicleRegistration-2026-03.pdf
ZAF,2025-03,shared,total_self_propelled,NW,1515,vehicles,NewVehicleRegistration-2026-03.pdf
ZAF,2025-03,shared,total_self_propelled,WC,5798,vehicles,NewVehicleRegistration-2026-03.pdf
ZAF,2025-03,shared,total_self_propelled,ZAF,45726,vehicles,NewVehicleRegistration-2026-03.pdf
ZAF,2025-03,shared,trucks,EC,114,vehicles,NewVehicleRegistration-2026-03.pdf
ZAF,2025-03,shared,trucks,FS,117,vehicles,NewVehicleRegistration-2026-03.pdf
ZAF,2025-03,shared,trucks,GP,747,vehicles,NewVehicleRegistration-2026-03.pdf
ZAF,2025-03,shared,trucks,KZN,350,vehicles,NewVehicleRegistration-2026-03.pdf
ZAF,2025-03,shared,trucks,LP,98,vehicles,NewVehicleRegistration-2026-03.pdf
ZAF,2025-03,shared,trucks,MP,195,vehicles,NewVehicleRegistration-2026-03.pdf
ZAF,2025-03,shared,trucks,NC,37,vehicles,NewVehicleRegistration-2026-03.pdf
ZAF,2025-03,shared,trucks,NW,85,vehicles,NewVehicleRegistration-2026-03.pdf
ZAF,2025-03,shared,trucks,WC,195,vehicles,NewVehicleRegistration-2026-03.pdf
ZAF,2025-03,shared,trucks,ZAF,1938,vehicles,NewVehicleRegistration-2026-03.pdf
ZAF,2025-04,shared,buses,EC,11,vehicles,NewVehicleRegistration-2026-04.pdf
ZAF,2025-04,shared,buses,FS,4,vehicles,NewVehicleRegistration-2026-04.pdf
ZAF,2025-04,shared,buses,GP,88,vehicles,NewVehicleRegistration-2026-04.pdf
ZAF,2025-04,shared,buses,KZN,21,vehicles,NewVehicleRegistration-2026-04.pdf
ZAF,2025-04,shared,buses,LP,20,vehicles,NewVehicleRegistration-2026-04.pdf
ZAF,2025-04,shared,buses,MP,20,vehicles,NewVehicleRegistration-2026-04.pdf
ZAF,2025-04,shared,buses,NC,6,vehicles,NewVehicleRegistration-2026-04.pdf
ZAF,2025-04,shared,buses,NW,16,vehicles,NewVehicleRegistration-2026-04.pdf
ZAF,2025-04,shared,buses,WC,13,vehicles,NewVehicleRegistration-2026-04.pdf
ZAF,2025-04,shared,buses,ZAF,199,vehicles,NewVehicleRegistration-2026-04.pdf
ZAF,2025-04,shared,cars,EC,1607,vehicles,NewVehicleRegistration-2026-04.pdf
ZAF,2025-04,shared,cars,FS,720,vehicles,NewVehicleRegistration-2026-04.pdf
ZAF,2025-04,shared,cars,GP,13594,vehicles,NewVehicleRegistration-2026-04.pdf
ZAF,2025-04,shared,cars,KZN,4898,vehicles,NewVehicleRegistration-2026-04.pdf
ZAF,2025-04,shared,cars,LP,1101,vehicles,NewVehicleRegistration-2026-04.pdf
ZAF,2025-04,shared,cars,MP,1266,vehicles,NewVehicleRegistration-2026-04.pdf
ZAF,2025-04,shared,cars,NC,275,vehicles,NewVehicleRegistration-2026-04.pdf
ZAF,2025-04,shared,cars,NW,888,vehicles,NewVehicleRegistration-2026-04.pdf
ZAF,2025-04,shared,cars,WC,3469,vehicles,NewVehicleRegistration-2026-04.pdf
ZAF,2025-04,shared,cars,ZAF,27818,vehicles,NewVehicleRegistration-2026-04.pdf
ZAF,2025-04,shared,light_commercial,EC,594,vehicles,NewVehicleRegistration-2026-04.pdf
ZAF,2025-04,shared,light_commercial,FS,376,vehicles,NewVehicleRegistration-2026-04.pdf
ZAF,2025-04,shared,light_commercial,GP,4031,vehicles,NewVehicleRegistration-2026-04.pdf
ZAF,2025-04,shared,light_commercial,KZN,1453,vehicles,NewVehicleRegistration-2026-04.pdf
ZAF,2025-04,shared,light_commercial,LP,563,vehicles,NewVehicleRegistration-2026-04.pdf
ZAF,2025-04,shared,light_commercial,MP,759,vehicles,NewVehicleRegistration-2026-04.pdf
ZAF,2025-04,shared,light_commercial,NC,214,vehicles,NewVehicleRegistration-2026-04.pdf
ZAF,2025-04,shared,light_commercial,NW,376,vehicles,NewVehicleRegistration-2026-04.pdf
ZAF,2025-04,shared,light_commercial,WC,945,vehicles,NewVehicleRegistration-2026-04.pdf
ZAF,2025-04,shared,light_commercial,ZAF,9311,vehicles,NewVehicleRegistration-2026-04.pdf
ZAF,2025-04,shared,minibuses,EC,101,vehicles,NewVehicleRegistration-2026-04.pdf
ZAF,2025-04,shared,minibuses,FS,11,vehicles,NewVehicleRegistration-2026-04.pdf
ZAF,2025-04,shared,minibuses,GP,232,vehicles,NewVehicleRegistration-2026-04.pdf
ZAF,2025-04,shared,minibuses,KZN,124,vehicles,NewVehicleRegistration-2026-04.pdf
ZAF,2025-04,shared,minibuses,LP,76,vehicles,NewVehicleRegistration-2026-04.pdf
ZAF,2025-04,shared,minibuses,MP,69,vehicles,NewVehicleRegistration-2026-04.pdf
ZAF,2025-04,shared,minibuses,NC,14,vehicles,NewVehicleRegistration-2026-04.pdf
ZAF,2025-04,shared,minibuses,NW,21,vehicles,NewVehicleRegistration-2026-04.pdf
ZAF,2025-04,shared,minibuses,WC,109,vehicles,NewVehicleRegistration-2026-04.pdf
ZAF,2025-04,shared,minibuses,ZAF,757,vehicles,NewVehicleRegistration-2026-04.pdf
ZAF,2025-04,shared,motorcycles,EC,115,vehicles,NewVehicleRegistration-2026-04.pdf
ZAF,2025-04,shared,motorcycles,FS,78,vehicles,NewVehicleRegistration-2026-04.pdf
ZAF,2025-04,shared,motorcycles,GP,1447,vehicles,NewVehicleRegistration-2026-04.pdf
ZAF,2025-04,shared,motorcycles,KZN,375,vehicles,NewVehicleRegistration-2026-04.pdf
ZAF,2025-04,shared,motorcycles,LP,49,vehicles,NewVehicleRegistration-2026-04.pdf
ZAF,2025-04,shared,motorcycles,MP,100,vehicles,NewVehicleRegistration-2026-04.pdf
ZAF,2025-04,shared,motorcycles,NC,27,vehicles,NewVehicleRegistration-2026-04.pdf
ZAF,2025-04,shared,motorcycles,NW,55,vehicles,NewVehicleRegistration-2026-04.pdf
ZAF,2025-04,shared,motorcycles,WC,517,vehicles,NewVehicleRegistration-2026-04.pdf
ZAF,2025-04,shared,motorcycles,ZAF,2763,vehicles,NewVehicleRegistration-2026-04.pdf
ZAF,2025-04,shared,other_self_propelled,EC,59,vehicles,NewVehicleRegistration-2026-04.pdf
ZAF,2025-04,shared,other_self_propelled,FS,48,vehicles,NewVehicleRegistration-2026-04.pdf
ZAF,2025-04,shared,other_self_propelled,GP,137,vehicles,NewVehicleRegistration-2026-04.pdf
ZAF,2025-04,shared,other_self_propelled,KZN,58,vehicles,NewVehicleRegistration-2026-04.pdf
ZAF,2025-04,shared,other_self_propelled,LP,63,vehicles,NewVehicleRegistration-2026-04.pdf
ZAF,2025-04,shared,other_self_propelled,MP,59,vehicles,NewVehicleRegistration-2026-04.pdf
ZAF,2025-04,shared,other_self_propelled,NC,42,vehicles,NewVehicleRegistration-2026-04.pdf
ZAF,2025-04,shared,other_self_propelled,NW,45,vehicles,NewVehicleRegistration-2026-04.pdf
ZAF,2025-04,shared,other_self_propelled,WC,87,vehicles,NewVehicleRegistration-2026-04.pdf
ZAF,2025-04,shared,other_self_propelled,ZAF,598,vehicles,NewVehicleRegistration-2026-04.pdf
ZAF,2025-04,shared,total_self_propelled,EC,2539,vehicles,NewVehicleRegistration-2026-04.pdf
ZAF,2025-04,shared,total_self_propelled,FS,1351,vehicles,NewVehicleRegistration-2026-04.pdf
ZAF,2025-04,shared,total_self_propelled,GP,20270,vehicles,NewVehicleRegistration-2026-04.pdf
ZAF,2025-04,shared,total_self_propelled,KZN,7142,vehicles,NewVehicleRegistration-2026-04.pdf
ZAF,2025-04,shared,total_self_propelled,LP,1978,vehicles,NewVehicleRegistration-2026-04.pdf
ZAF,2025-04,shared,total_self_propelled,MP,2448,vehicles,NewVehicleRegistration-2026-04.pdf
ZAF,2025-04,shared,total_self_propelled,NC,628,vehicles,NewVehicleRegistration-2026-04.pdf
ZAF,2025-04,shared,total_self_propelled,NW,1488,vehicles,NewVehicleRegistration-2026-04.pdf
ZAF,2025-04,shared,total_self_propelled,WC,5335,vehicles,NewVehicleRegistration-2026-04.pdf
ZAF,2025-04,shared,total_self_propelled,ZAF,43179,vehicles,NewVehicleRegistration-2026-04.pdf
ZAF,2025-04,shared,trucks,EC,52,vehicles,NewVehicleRegistration-2026-04.pdf
ZAF,2025-04,shared,trucks,FS,114,vehicles,NewVehicleRegistration-2026-04.pdf
ZAF,2025-04,shared,trucks,GP,741,vehicles,NewVehicleRegistration-2026-04.pdf
ZAF,2025-04,shared,trucks,KZN,213,vehicles,NewVehicleRegistration-2026-04.pdf
ZAF,2025-04,shared,trucks,LP,106,vehicles,NewVehicleRegistration-2026-04.pdf
ZAF,2025-04,shared,trucks,MP,175,vehicles,NewVehicleRegistration-2026-04.pdf
ZAF,2025-04,shared,trucks,NC,50,vehicles,NewVehicleRegistration-2026-04.pdf
ZAF,2025-04,shared,trucks,NW,87,vehicles,NewVehicleRegistration-2026-04.pdf
ZAF,2025-04,shared,trucks,WC,195,vehicles,NewVehicleRegistration-2026-04.pdf
ZAF,2025-04,shared,trucks,ZAF,1733,vehicles,NewVehicleRegistration-2026-04.pdf
ZAF,2025-05,shared,buses,EC,15,vehicles,NewVehicleRegistration-2026-05.pdf
ZAF,2025-05,shared,buses,FS,6,vehicles,NewVehicleRegistration-2026-05.pdf
ZAF,2025-05,shared,buses,GP,81,vehicles,NewVehicleRegistration-2026-05.pdf
ZAF,2025-05,shared,buses,KZN,17,vehicles,NewVehicleRegistration-2026-05.pdf
ZAF,2025-05,shared,buses,LP,28,vehicles,NewVehicleRegistration-2026-05.pdf
ZAF,2025-05,shared,buses,MP,28,vehicles,NewVehicleRegistration-2026-05.pdf
ZAF,2025-05,shared,buses,NC,6,vehicles,NewVehicleRegistration-2026-05.pdf
ZAF,2025-05,shared,buses,NW,5,vehicles,NewVehicleRegistration-2026-05.pdf
ZAF,2025-05,shared,buses,WC,8,vehicles,NewVehicleRegistration-2026-05.pdf
ZAF,2025-05,shared,buses,ZAF,194,vehicles,NewVehicleRegistration-2026-05.pdf
ZAF,2025-05,shared,cars,EC,1802,vehicles,NewVehicleRegistration-2026-05.pdf
ZAF,2025-05,shared,cars,FS,679,vehicles,NewVehicleRegistration-2026-05.pdf
ZAF,2025-05,shared,cars,GP,13977,vehicles,NewVehicleRegistration-2026-05.pdf
ZAF,2025-05,shared,cars,KZN,5488,vehicles,NewVehicleRegistration-2026-05.pdf
ZAF,2025-05,shared,cars,LP,1107,vehicles,NewVehicleRegistration-2026-05.pdf
ZAF,2025-05,shared,cars,MP,1292,vehicles,NewVehicleRegistration-2026-05.pdf
ZAF,2025-05,shared,cars,NC,329,vehicles,NewVehicleRegistration-2026-05.pdf
ZAF,2025-05,shared,cars,NW,955,vehicles,NewVehicleRegistration-2026-05.pdf
ZAF,2025-05,shared,cars,WC,3429,vehicles,NewVehicleRegistration-2026-05.pdf
ZAF,2025-05,shared,cars,ZAF,29058,vehicles,NewVehicleRegistration-2026-05.pdf
ZAF,2025-05,shared,light_commercial,EC,590,vehicles,NewVehicleRegistration-2026-05.pdf
ZAF,2025-05,shared,light_commercial,FS,447,vehicles,NewVehicleRegistration-2026-05.pdf
ZAF,2025-05,shared,light_commercial,GP,4312,vehicles,NewVehicleRegistration-2026-05.pdf
ZAF,2025-05,shared,light_commercial,KZN,1410,vehicles,NewVehicleRegistration-2026-05.pdf
ZAF,2025-05,shared,light_commercial,LP,482,vehicles,NewVehicleRegistration-2026-05.pdf
ZAF,2025-05,shared,light_commercial,MP,807,vehicles,NewVehicleRegistration-2026-05.pdf
ZAF,2025-05,shared,light_commercial,NC,198,vehicles,NewVehicleRegistration-2026-05.pdf
ZAF,2025-05,shared,light_commercial,NW,393,vehicles,NewVehicleRegistration-2026-05.pdf
ZAF,2025-05,shared,light_commercial,WC,972,vehicles,NewVehicleRegistration-2026-05.pdf
ZAF,2025-05,shared,light_commercial,ZAF,9611,vehicles,NewVehicleRegistration-2026-05.pdf
ZAF,2025-05,shared,minibuses,EC,82,vehicles,NewVehicleRegistration-2026-05.pdf
ZAF,2025-05,shared,minibuses,FS,18,vehicles,NewVehicleRegistration-2026-05.pdf
ZAF,2025-05,shared,minibuses,GP,270,vehicles,NewVehicleRegistration-2026-05.pdf
ZAF,2025-05,shared,minibuses,KZN,119,vehicles,NewVehicleRegistration-2026-05.pdf
ZAF,2025-05,shared,minibuses,LP,62,vehicles,NewVehicleRegistration-2026-05.pdf
ZAF,2025-05,shared,minibuses,MP,73,vehicles,NewVehicleRegistration-2026-05.pdf
ZAF,2025-05,shared,minibuses,NC,20,vehicles,NewVehicleRegistration-2026-05.pdf
ZAF,2025-05,shared,minibuses,NW,36,vehicles,NewVehicleRegistration-2026-05.pdf
ZAF,2025-05,shared,minibuses,WC,116,vehicles,NewVehicleRegistration-2026-05.pdf
ZAF,2025-05,shared,minibuses,ZAF,796,vehicles,NewVehicleRegistration-2026-05.pdf
ZAF,2025-05,shared,motorcycles,EC,73,vehicles,NewVehicleRegistration-2026-05.pdf
ZAF,2025-05,shared,motorcycles,FS,87,vehicles,NewVehicleRegistration-2026-05.pdf
ZAF,2025-05,shared,motorcycles,GP,1289,vehicles,NewVehicleRegistration-2026-05.pdf
ZAF,2025-05,shared,motorcycles,KZN,426,vehicles,NewVehicleRegistration-2026-05.pdf
ZAF,2025-05,shared,motorcycles,LP,51,vehicles,NewVehicleRegistration-2026-05.pdf
ZAF,2025-05,shared,motorcycles,MP,103,vehicles,NewVehicleRegistration-2026-05.pdf
ZAF,2025-05,shared,motorcycles,NC,22,vehicles,NewVehicleRegistration-2026-05.pdf
ZAF,2025-05,shared,motorcycles,NW,76,vehicles,NewVehicleRegistration-2026-05.pdf
ZAF,2025-05,shared,motorcycles,WC,429,vehicles,NewVehicleRegistration-2026-05.pdf
ZAF,2025-05,shared,motorcycles,ZAF,2556,vehicles,NewVehicleRegistration-2026-05.pdf
ZAF,2025-05,shared,other_self_propelled,EC,48,vehicles,NewVehicleRegistration-2026-05.pdf
ZAF,2025-05,shared,other_self_propelled,FS,83,vehicles,NewVehicleRegistration-2026-05.pdf
ZAF,2025-05,shared,other_self_propelled,GP,135,vehicles,NewVehicleRegistration-2026-05.pdf
ZAF,2025-05,shared,other_self_propelled,KZN,97,vehicles,NewVehicleRegistration-2026-05.pdf
ZAF,2025-05,shared,other_self_propelled,LP,56,vehicles,NewVehicleRegistration-2026-05.pdf
ZAF,2025-05,shared,other_self_propelled,MP,59,vehicles,NewVehicleRegistration-2026-05.pdf
ZAF,2025-05,shared,other_self_propelled,NC,28,vehicles,NewVehicleRegistration-2026-05.pdf
ZAF,2025-05,shared,other_self_propelled,NW,49,vehicles,NewVehicleRegistration-2026-05.pdf
ZAF,2025-05,shared,other_self_propelled,WC,81,vehicles,NewVehicleRegistration-2026-05.pdf
ZAF,2025-05,shared,other_self_propelled,ZAF,636,vehicles,NewVehicleRegistration-2026-05.pdf
ZAF,2025-05,shared,total_self_propelled,EC,2714,vehicles,NewVehicleRegistration-2026-05.pdf
ZAF,2025-05,shared,total_self_propelled,FS,1468,vehicles,NewVehicleRegistration-2026-05.pdf
ZAF,2025-05,shared,total_self_propelled,GP,20800,vehicles,NewVehicleRegistration-2026-05.pdf
ZAF,2025-05,shared,total_self_propelled,KZN,7820,vehicles,NewVehicleRegistration-2026-05.pdf
ZAF,2025-05,shared,total_self_propelled,LP,1909,vehicles,NewVehicleRegistration-2026-05.pdf
ZAF,2025-05,shared,total_self_propelled,MP,2607,vehicles,NewVehicleRegistration-2026-05.pdf
ZAF,2025-05,shared,total_self_propelled,NC,623,vehicles,NewVehicleRegistration-2026-05.pdf
ZAF,2025-05,shared,total_self_propelled,NW,1581,vehicles,NewVehicleRegistration-2026-05.pdf
ZAF,2025-05,shared,total_self_propelled,WC,5229,vehicles,NewVehicleRegistration-2026-05.pdf
ZAF,2025-05,shared,total_self_propelled,ZAF,44751,vehicles,NewVehicleRegistration-2026-05.pdf
ZAF,2025-05,shared,trucks,EC,104,vehicles,NewVehicleRegistration-2026-05.pdf
ZAF,2025-05,shared,trucks,FS,148,vehicles,NewVehicleRegistration-2026-05.pdf
ZAF,2025-05,shared,trucks,GP,736,vehicles,NewVehicleRegistration-2026-05.pdf
ZAF,2025-05,shared,trucks,KZN,263,vehicles,NewVehicleRegistration-2026-05.pdf
ZAF,2025-05,shared,trucks,LP,123,vehicles,NewVehicleRegistration-2026-05.pdf
ZAF,2025-05,shared,trucks,MP,245,vehicles,NewVehicleRegistration-2026-05.pdf
ZAF,2025-05,shared,trucks,NC,20,vehicles,NewVehicleRegistration-2026-05.pdf
ZAF,2025-05,shared,trucks,NW,67,vehicles,NewVehicleRegistration-2026-05.pdf
ZAF,2025-05,shared,trucks,WC,194,vehicles,NewVehicleRegistration-2026-05.pdf
ZAF,2025-05,shared,trucks,ZAF,1900,vehicles,NewVehicleRegistration-2026-05.pdf
ZAF,2025-06,shared,buses,EC,9,vehicles,NewVehicleRegistration-2026-06.pdf
ZAF,2025-06,shared,buses,FS,1,vehicles,NewVehicleRegistration-2026-06.pdf
ZAF,2025-06,shared,buses,GP,70,vehicles,NewVehicleRegistration-2026-06.pdf
ZAF,2025-06,shared,buses,KZN,23,vehicles,NewVehicleRegistration-2026-06.pdf
ZAF,2025-06,shared,buses,LP,17,vehicles,NewVehicleRegistration-2026-06.pdf
ZAF,2025-06,shared,buses,MP,23,vehicles,NewVehicleRegistration-2026-06.pdf
ZAF,2025-06,shared,buses,NC,3,vehicles,NewVehicleRegistration-2026-06.pdf
ZAF,2025-06,shared,buses,NW,2,vehicles,NewVehicleRegistration-2026-06.pdf
ZAF,2025-06,shared,buses,WC,27,vehicles,NewVehicleRegistration-2026-06.pdf
ZAF,2025-06,shared,buses,ZAF,175,vehicles,NewVehicleRegistration-2026-06.pdf
ZAF,2025-06,shared,cars,EC,1927,vehicles,NewVehicleRegistration-2026-06.pdf
ZAF,2025-06,shared,cars,FS,757,vehicles,NewVehicleRegistration-2026-06.pdf
ZAF,2025-06,shared,cars,GP,15605,vehicles,NewVehicleRegistration-2026-06.pdf
ZAF,2025-06,shared,cars,KZN,5032,vehicles,NewVehicleRegistration-2026-06.pdf
ZAF,2025-06,shared,cars,LP,890,vehicles,NewVehicleRegistration-2026-06.pdf
ZAF,2025-06,shared,cars,MP,1113,vehicles,NewVehicleRegistration-2026-06.pdf
ZAF,2025-06,shared,cars,NC,272,vehicles,NewVehicleRegistration-2026-06.pdf
ZAF,2025-06,shared,cars,NW,836,vehicles,NewVehicleRegistration-2026-06.pdf
ZAF,2025-06,shared,cars,WC,3262,vehicles,NewVehicleRegistration-2026-06.pdf
ZAF,2025-06,shared,cars,ZAF,29694,vehicles,NewVehicleRegistration-2026-06.pdf
ZAF,2025-06,shared,light_commercial,EC,643,vehicles,NewVehicleRegistration-2026-06.pdf
ZAF,2025-06,shared,light_commercial,FS,485,vehicles,NewVehicleRegistration-2026-06.pdf
ZAF,2025-06,shared,light_commercial,GP,4320,vehicles,NewVehicleRegistration-2026-06.pdf
ZAF,2025-06,shared,light_commercial,KZN,1540,vehicles,NewVehicleRegistration-2026-06.pdf
ZAF,2025-06,shared,light_commercial,LP,456,vehicles,NewVehicleRegistration-2026-06.pdf
ZAF,2025-06,shared,light_commercial,MP,683,vehicles,NewVehicleRegistration-2026-06.pdf
ZAF,2025-06,shared,light_commercial,NC,227,vehicles,NewVehicleRegistration-2026-06.pdf
ZAF,2025-06,shared,light_commercial,NW,366,vehicles,NewVehicleRegistration-2026-06.pdf
ZAF,2025-06,shared,light_commercial,WC,1090,vehicles,NewVehicleRegistration-2026-06.pdf
ZAF,2025-06,shared,light_commercial,ZAF,9810,vehicles,NewVehicleRegistration-2026-06.pdf
ZAF,2025-06,shared,minibuses,EC,57,vehicles,NewVehicleRegistration-2026-06.pdf
ZAF,2025-06,shared,minibuses,FS,24,vehicles,NewVehicleRegistration-2026-06.pdf
ZAF,2025-06,shared,minibuses,GP,612,vehicles,NewVehicleRegistration-2026-06.pdf
ZAF,2025-06,shared,minibuses,KZN,124,vehicles,NewVehicleRegistration-2026-06.pdf
ZAF,2025-06,shared,minibuses,LP,59,vehicles,NewVehicleRegistration-2026-06.pdf
ZAF,2025-06,shared,minibuses,MP,97,vehicles,NewVehicleRegistration-2026-06.pdf
ZAF,2025-06,shared,minibuses,NC,10,vehicles,NewVehicleRegistration-2026-06.pdf
ZAF,2025-06,shared,minibuses,NW,30,vehicles,NewVehicleRegistration-2026-06.pdf
ZAF,2025-06,shared,minibuses,WC,89,vehicles,NewVehicleRegistration-2026-06.pdf
ZAF,2025-06,shared,minibuses,ZAF,1102,vehicles,NewVehicleRegistration-2026-06.pdf
ZAF,2025-06,shared,motorcycles,EC,93,vehicles,NewVehicleRegistration-2026-06.pdf
ZAF,2025-06,shared,motorcycles,FS,85,vehicles,NewVehicleRegistration-2026-06.pdf
ZAF,2025-06,shared,motorcycles,GP,1193,vehicles,NewVehicleRegistration-2026-06.pdf
ZAF,2025-06,shared,motorcycles,KZN,438,vehicles,NewVehicleRegistration-2026-06.pdf
ZAF,2025-06,shared,motorcycles,LP,58,vehicles,NewVehicleRegistration-2026-06.pdf
ZAF,2025-06,shared,motorcycles,MP,75,vehicles,NewVehicleRegistration-2026-06.pdf
ZAF,2025-06,shared,motorcycles,NC,33,vehicles,NewVehicleRegistration-2026-06.pdf
ZAF,2025-06,shared,motorcycles,NW,84,vehicles,NewVehicleRegistration-2026-06.pdf
ZAF,2025-06,shared,motorcycles,WC,307,vehicles,NewVehicleRegistration-2026-06.pdf
ZAF,2025-06,shared,motorcycles,ZAF,2366,vehicles,NewVehicleRegistration-2026-06.pdf
ZAF,2025-06,shared,other_self_propelled,EC,81,vehicles,NewVehicleRegistration-2026-06.pdf
ZAF,2025-06,shared,other_self_propelled,FS,86,vehicles,NewVehicleRegistration-2026-06.pdf
ZAF,2025-06,shared,other_self_propelled,GP,172,vehicles,NewVehicleRegistration-2026-06.pdf
ZAF,2025-06,shared,other_self_propelled,KZN,93,vehicles,NewVehicleRegistration-2026-06.pdf
ZAF,2025-06,shared,other_self_propelled,LP,85,vehicles,NewVehicleRegistration-2026-06.pdf
ZAF,2025-06,shared,other_self_propelled,MP,54,vehicles,NewVehicleRegistration-2026-06.pdf
ZAF,2025-06,shared,other_self_propelled,NC,25,vehicles,NewVehicleRegistration-2026-06.pdf
ZAF,2025-06,shared,other_self_propelled,NW,74,vehicles,NewVehicleRegistration-2026-06.pdf
ZAF,2025-06,shared,other_self_propelled,WC,135,vehicles,NewVehicleRegistration-2026-06.pdf
ZAF,2025-06,shared,other_self_propelled,ZAF,805,vehicles,NewVehicleRegistration-2026-06.pdf
ZAF,2025-06,shared,total_self_propelled,EC,2895,vehicles,NewVehicleRegistration-2026-06.pdf
ZAF,2025-06,shared,total_self_propelled,FS,1681,vehicles,NewVehicleRegistration-2026-06.pdf
ZAF,2025-06,shared,total_self_propelled,GP,22769,vehicles,NewVehicleRegistration-2026-06.pdf
ZAF,2025-06,shared,total_self_propelled,KZN,7496,vehicles,NewVehicleRegistration-2026-06.pdf
ZAF,2025-06,shared,total_self_propelled,LP,1700,vehicles,NewVehicleRegistration-2026-06.pdf
ZAF,2025-06,shared,total_self_propelled,MP,2259,vehicles,NewVehicleRegistration-2026-06.pdf
ZAF,2025-06,shared,total_self_propelled,NC,596,vehicles,NewVehicleRegistration-2026-06.pdf
ZAF,2025-06,shared,total_self_propelled,NW,1471,vehicles,NewVehicleRegistration-2026-06.pdf
ZAF,2025-06,shared,total_self_propelled,WC,5097,vehicles,NewVehicleRegistration-2026-06.pdf
ZAF,2025-06,shared,total_self_propelled,ZAF,45964,vehicles,NewVehicleRegistration-2026-06.pdf
ZAF,2025-06,shared,trucks,EC,85,vehicles,NewVehicleRegistration-2026-06.pdf
ZAF,2025-06,shared,trucks,FS,243,vehicles,NewVehicleRegistration-2026-06.pdf
ZAF,2025-06,shared,trucks,GP,797,vehicles,NewVehicleRegistration-2026-06.pdf
ZAF,2025-06,shared,trucks,KZN,246,vehicles,NewVehicleRegistration-2026-06.pdf
ZAF,2025-06,shared,trucks,LP,135,vehicles,NewVehicleRegistration-2026-06.pdf
ZAF,2025-06,shared,trucks,MP,214,vehicles,NewVehicleRegistration-2026-06.pdf
ZAF,2025-06,shared,trucks,NC,26,vehicles,NewVehicleRegistration-2026-06.pdf
ZAF,2025-06,shared,trucks,NW,79,vehicles,NewVehicleRegistration-2026-06.pdf
ZAF,2025-06,shared,trucks,WC,187,vehicles,NewVehicleRegistration-2026-06.pdf
ZAF,2025-06,shared,trucks,ZAF,2012,vehicles,NewVehicleRegistration-2026-06.pdf
ZAF,2025-07,shared,buses,EC,21,vehicles,NewVehicleRegistration-2025-07.pdf
ZAF,2025-07,shared,buses,FS,11,vehicles,NewVehicleRegistration-2025-07.pdf
ZAF,2025-07,shared,buses,GP,117,vehicles,NewVehicleRegistration-2025-07.pdf
ZAF,2025-07,shared,buses,KZN,35,vehicles,NewVehicleRegistration-2025-07.pdf
ZAF,2025-07,shared,buses,LP,19,vehicles,NewVehicleRegistration-2025-07.pdf
ZAF,2025-07,shared,buses,MP,23,vehicles,NewVehicleRegistration-2025-07.pdf
ZAF,2025-07,shared,buses,NC,4,vehicles,NewVehicleRegistration-2025-07.pdf
ZAF,2025-07,shared,buses,NW,6,vehicles,NewVehicleRegistration-2025-07.pdf
ZAF,2025-07,shared,buses,WC,48,vehicles,NewVehicleRegistration-2025-07.pdf
ZAF,2025-07,shared,buses,ZAF,284,vehicles,NewVehicleRegistration-2025-07.pdf
ZAF,2025-07,shared,cars,EC,1828,vehicles,NewVehicleRegistration-2025-07.pdf
ZAF,2025-07,shared,cars,FS,795,vehicles,NewVehicleRegistration-2025-07.pdf
ZAF,2025-07,shared,cars,GP,19687,vehicles,NewVehicleRegistration-2025-07.pdf
ZAF,2025-07,shared,cars,KZN,5888,vehicles,NewVehicleRegistration-2025-07.pdf
ZAF,2025-07,shared,cars,LP,1290,vehicles,NewVehicleRegistration-2025-07.pdf
ZAF,2025-07,shared,cars,MP,1335,vehicles,NewVehicleRegistration-2025-07.pdf
ZAF,2025-07,shared,cars,NC,321,vehicles,NewVehicleRegistration-2025-07.pdf
ZAF,2025-07,shared,cars,NW,996,vehicles,NewVehicleRegistration-2025-07.pdf
ZAF,2025-07,shared,cars,WC,3791,vehicles,NewVehicleRegistration-2025-07.pdf
ZAF,2025-07,shared,cars,ZAF,35931,vehicles,NewVehicleRegistration-2025-07.pdf
ZAF,2025-07,shared,light_commercial,EC,749,vehicles,NewVehicleRegistration-2025-07.pdf
ZAF,2025-07,shared,light_commercial,FS,434,vehicles,NewVehicleRegistration-2025-07.pdf
ZAF,2025-07,shared,light_commercial,GP,4745,vehicles,NewVehicleRegistration-2025-07.pdf
ZAF,2025-07,shared,light_commercial,KZN,2093,vehicles,NewVehicleRegistration-2025-07.pdf
ZAF,2025-07,shared,light_commercial,LP,671,vehicles,NewVehicleRegistration-2025-07.pdf
ZAF,2025-07,shared,light_commercial,MP,743,vehicles,NewVehicleRegistration-2025-07.pdf
ZAF,2025-07,shared,light_commercial,NC,236,vehicles,NewVehicleRegistration-2025-07.pdf
ZAF,2025-07,shared,light_commercial,NW,502,vehicles,NewVehicleRegistration-2025-07.pdf
ZAF,2025-07,shared,light_commercial,WC,1152,vehicles,NewVehicleRegistration-2025-07.pdf
ZAF,2025-07,shared,light_commercial,ZAF,11325,vehicles,NewVehicleRegistration-2025-07.pdf
ZAF,2025-07,shared,minibuses,EC,70,vehicles,NewVehicleRegistration-2025-07.pdf
ZAF,2025-07,shared,minibuses,FS,21,vehicles,NewVehicleRegistration-2025-07.pdf
ZAF,2025-07,shared,minibuses,GP,415,vehicles,NewVehicleRegistration-2025-07.pdf
ZAF,2025-07,shared,minibuses,KZN,223,vehicles,NewVehicleRegistration-2025-07.pdf
ZAF,2025-07,shared,minibuses,LP,72,vehicles,NewVehicleRegistration-2025-07.pdf
ZAF,2025-07,shared,minibuses,MP,92,vehicles,NewVehicleRegistration-2025-07.pdf
ZAF,2025-07,shared,minibuses,NC,18,vehicles,NewVehicleRegistration-2025-07.pdf
ZAF,2025-07,shared,minibuses,NW,35,vehicles,NewVehicleRegistration-2025-07.pdf
ZAF,2025-07,shared,minibuses,WC,119,vehicles,NewVehicleRegistration-2025-07.pdf
ZAF,2025-07,shared,minibuses,ZAF,1065,vehicles,NewVehicleRegistration-2025-07.pdf
ZAF,2025-07,shared,motorcycles,EC,108,vehicles,NewVehicleRegistration-2025-07.pdf
ZAF,2025-07,shared,motorcycles,FS,83,vehicles,NewVehicleRegistration-2025-07.pdf
ZAF,2025-07,shared,motorcycles,GP,1636,vehicles,NewVehicleRegistration-2025-07.pdf
ZAF,2025-07,shared,motorcycles,KZN,380,vehicles,NewVehicleRegistration-2025-07.pdf
ZAF,2025-07,shared,motorcycles,LP,56,vehicles,NewVehicleRegistration-2025-07.pdf
ZAF,2025-07,shared,motorcycles,MP,93,vehicles,NewVehicleRegistration-2025-07.pdf
ZAF,2025-07,shared,motorcycles,NC,28,vehicles,NewVehicleRegistration-2025-07.pdf
ZAF,2025-07,shared,motorcycles,NW,80,vehicles,NewVehicleRegistration-2025-07.pdf
ZAF,2025-07,shared,motorcycles,WC,415,vehicles,NewVehicleRegistration-2025-07.pdf
ZAF,2025-07,shared,motorcycles,ZAF,2879,vehicles,NewVehicleRegistration-2025-07.pdf
ZAF,2025-07,shared,other_self_propelled,EC,77,vehicles,NewVehicleRegistration-2025-07.pdf
ZAF,2025-07,shared,other_self_propelled,FS,126,vehicles,NewVehicleRegistration-2025-07.pdf
ZAF,2025-07,shared,other_self_propelled,GP,168,vehicles,NewVehicleRegistration-2025-07.pdf
ZAF,2025-07,shared,other_self_propelled,KZN,132,vehicles,NewVehicleRegistration-2025-07.pdf
ZAF,2025-07,shared,other_self_propelled,LP,86,vehicles,NewVehicleRegistration-2025-07.pdf
ZAF,2025-07,shared,other_self_propelled,MP,78,vehicles,NewVehicleRegistration-2025-07.pdf
ZAF,2025-07,shared,other_self_propelled,NC,56,vehicles,NewVehicleRegistration-2025-07.pdf
ZAF,2025-07,shared,other_self_propelled,NW,104,vehicles,NewVehicleRegistration-2025-07.pdf
ZAF,2025-07,shared,other_self_propelled,WC,102,vehicles,NewVehicleRegistration-2025-07.pdf
ZAF,2025-07,shared,other_self_propelled,ZAF,929,vehicles,NewVehicleRegistration-2025-07.pdf
ZAF,2025-07,shared,total_self_propelled,EC,2956,vehicles,NewVehicleRegistration-2025-07.pdf
ZAF,2025-07,shared,total_self_propelled,FS,1614,vehicles,NewVehicleRegistration-2025-07.pdf
ZAF,2025-07,shared,total_self_propelled,GP,27710,vehicles,NewVehicleRegistration-2025-07.pdf
ZAF,2025-07,shared,total_self_propelled,KZN,9049,vehicles,NewVehicleRegistration-2025-07.pdf
ZAF,2025-07,shared,total_self_propelled,LP,2324,vehicles,NewVehicleRegistration-2025-07.pdf
ZAF,2025-07,shared,total_self_propelled,MP,2569,vehicles,NewVehicleRegistration-2025-07.pdf
ZAF,2025-07,shared,total_self_propelled,NC,714,vehicles,NewVehicleRegistration-2025-07.pdf
ZAF,2025-07,shared,total_self_propelled,NW,1800,vehicles,NewVehicleRegistration-2025-07.pdf
ZAF,2025-07,shared,total_self_propelled,WC,5871,vehicles,NewVehicleRegistration-2025-07.pdf
ZAF,2025-07,shared,total_self_propelled,ZAF,54607,vehicles,NewVehicleRegistration-2025-07.pdf
ZAF,2025-07,shared,trucks,EC,103,vehicles,NewVehicleRegistration-2025-07.pdf
ZAF,2025-07,shared,trucks,FS,144,vehicles,NewVehicleRegistration-2025-07.pdf
ZAF,2025-07,shared,trucks,GP,942,vehicles,NewVehicleRegistration-2025-07.pdf
ZAF,2025-07,shared,trucks,KZN,298,vehicles,NewVehicleRegistration-2025-07.pdf
ZAF,2025-07,shared,trucks,LP,130,vehicles,NewVehicleRegistration-2025-07.pdf
ZAF,2025-07,shared,trucks,MP,205,vehicles,NewVehicleRegistration-2025-07.pdf
ZAF,2025-07,shared,trucks,NC,51,vehicles,NewVehicleRegistration-2025-07.pdf
ZAF,2025-07,shared,trucks,NW,77,vehicles,NewVehicleRegistration-2025-07.pdf
ZAF,2025-07,shared,trucks,WC,244,vehicles,NewVehicleRegistration-2025-07.pdf
ZAF,2025-07,shared,trucks,ZAF,2194,vehicles,NewVehicleRegistration-2025-07.pdf
ZAF,2025-08,shared,buses,ZAF,228,vehicles,NewVehicleRegistration-2025-08.pdf
ZAF,2025-08,shared,cars,EC,1656,vehicles,NewVehicleRegistration-2025-08.pdf
ZAF,2025-08,shared,cars,FS,763,vehicles,NewVehicleRegistration-2025-08.pdf
ZAF,2025-08,shared,cars,GP,17454,vehicles,NewVehicleRegistration-2025-08.pdf
ZAF,2025-08,shared,cars,KZN,5757,vehicles,NewVehicleRegistration-2025-08.pdf
ZAF,2025-08,shared,cars,LP,1086,vehicles,NewVehicleRegistration-2025-08.pdf
ZAF,2025-08,shared,cars,MP,1195,vehicles,NewVehicleRegistration-2025-08.pdf
ZAF,2025-08,shared,cars,NC,278,vehicles,NewVehicleRegistration-2025-08.pdf
ZAF,2025-08,shared,cars,NW,775,vehicles,NewVehicleRegistration-2025-08.pdf
ZAF,2025-08,shared,cars,WC,3994,vehicles,NewVehicleRegistration-2025-08.pdf
ZAF,2025-08,shared,cars,ZAF,32958,vehicles,NewVehicleRegistration-2025-08.pdf
ZAF,2025-08,shared,light_commercial,EC,604,vehicles,NewVehicleRegistration-2025-08.pdf
ZAF,2025-08,shared,light_commercial,FS,499,vehicles,NewVehicleRegistration-2025-08.pdf
ZAF,2025-08,shared,light_commercial,GP,4388,vehicles,NewVehicleRegistration-2025-08.pdf
ZAF,2025-08,shared,light_commercial,KZN,1620,vehicles,NewVehicleRegistration-2025-08.pdf
ZAF,2025-08,shared,light_commercial,LP,523,vehicles,NewVehicleRegistration-2025-08.pdf
ZAF,2025-08,shared,light_commercial,MP,658,vehicles,NewVehicleRegistration-2025-08.pdf
ZAF,2025-08,shared,light_commercial,NC,184,vehicles,NewVehicleRegistration-2025-08.pdf
ZAF,2025-08,shared,light_commercial,NW,427,vehicles,NewVehicleRegistration-2025-08.pdf
ZAF,2025-08,shared,light_commercial,WC,1066,vehicles,NewVehicleRegistration-2025-08.pdf
ZAF,2025-08,shared,light_commercial,ZAF,9969,vehicles,NewVehicleRegistration-2025-08.pdf
ZAF,2025-08,shared,minibuses,EC,68,vehicles,NewVehicleRegistration-2025-08.pdf
ZAF,2025-08,shared,minibuses,FS,12,vehicles,NewVehicleRegistration-2025-08.pdf
ZAF,2025-08,shared,minibuses,GP,358,vehicles,NewVehicleRegistration-2025-08.pdf
ZAF,2025-08,shared,minibuses,KZN,127,vehicles,NewVehicleRegistration-2025-08.pdf
ZAF,2025-08,shared,minibuses,LP,87,vehicles,NewVehicleRegistration-2025-08.pdf
ZAF,2025-08,shared,minibuses,MP,70,vehicles,NewVehicleRegistration-2025-08.pdf
ZAF,2025-08,shared,minibuses,NC,16,vehicles,NewVehicleRegistration-2025-08.pdf
ZAF,2025-08,shared,minibuses,NW,39,vehicles,NewVehicleRegistration-2025-08.pdf
ZAF,2025-08,shared,minibuses,WC,114,vehicles,NewVehicleRegistration-2025-08.pdf
ZAF,2025-08,shared,minibuses,ZAF,891,vehicles,NewVehicleRegistration-2025-08.pdf
ZAF,2025-08,shared,motorcycles,EC,103,vehicles,NewVehicleRegistration-2025-08.pdf
ZAF,2025-08,shared,motorcycles,FS,91,vehicles,NewVehicleRegistration-2025-08.pdf
ZAF,2025-08,shared,motorcycles,GP,1457,vehicles,NewVehicleRegistration-2025-08.pdf
ZAF,2025-08,shared,motorcycles,KZN,352,vehicles,NewVehicleRegistration-2025-08.pdf
ZAF,2025-08,shared,motorcycles,LP,44,vehicles,NewVehicleRegistration-2025-08.pdf
ZAF,2025-08,shared,motorcycles,MP,91,vehicles,NewVehicleRegistration-2025-08.pdf
ZAF,2025-08,shared,motorcycles,NC,35,vehicles,NewVehicleRegistration-2025-08.pdf
ZAF,2025-08,shared,motorcycles,NW,94,vehicles,NewVehicleRegistration-2025-08.pdf
ZAF,2025-08,shared,motorcycles,WC,385,vehicles,NewVehicleRegistration-2025-08.pdf
ZAF,2025-08,shared,motorcycles,ZAF,2652,vehicles,NewVehicleRegistration-2025-08.pdf
ZAF,2025-08,shared,other_self_propelled,EC,67,vehicles,NewVehicleRegistration-2025-08.pdf
ZAF,2025-08,shared,other_self_propelled,FS,81,vehicles,NewVehicleRegistration-2025-08.pdf
ZAF,2025-08,shared,other_self_propelled,GP,201,vehicles,NewVehicleRegistration-2025-08.pdf
ZAF,2025-08,shared,other_self_propelled,KZN,105,vehicles,NewVehicleRegistration-2025-08.pdf
ZAF,2025-08,shared,other_self_propelled,LP,54,vehicles,NewVehicleRegistration-2025-08.pdf
ZAF,2025-08,shared,other_self_propelled,MP,92,vehicles,NewVehicleRegistration-2025-08.pdf
ZAF,2025-08,shared,other_self_propelled,NC,18,vehicles,NewVehicleRegistration-2025-08.pdf
ZAF,2025-08,shared,other_self_propelled,NW,67,vehicles,NewVehicleRegistration-2025-08.pdf
ZAF,2025-08,shared,other_self_propelled,WC,87,vehicles,NewVehicleRegistration-2025-08.pdf
ZAF,2025-08,shared,other_self_propelled,ZAF,772,vehicles,NewVehicleRegistration-2025-08.pdf
ZAF,2025-08,shared,total_self_propelled,EC,2615,vehicles,NewVehicleRegistration-2025-08.pdf
ZAF,2025-08,shared,total_self_propelled,FS,1621,vehicles,NewVehicleRegistration-2025-08.pdf
ZAF,2025-08,shared,total_self_propelled,GP,24865,vehicles,NewVehicleRegistration-2025-08.pdf
ZAF,2025-08,shared,total_self_propelled,KZN,8279,vehicles,NewVehicleRegistration-2025-08.pdf
ZAF,2025-08,shared,total_self_propelled,LP,1917,vehicles,NewVehicleRegistration-2025-08.pdf
ZAF,2025-08,shared,total_self_propelled,MP,2344,vehicles,NewVehicleRegistration-2025-08.pdf
ZAF,2025-08,shared,total_self_propelled,NC,563,vehicles,NewVehicleRegistration-2025-08.pdf
ZAF,2025-08,shared,total_self_propelled,NW,1496,vehicles,NewVehicleRegistration-2025-08.pdf
ZAF,2025-08,shared,total_self_propelled,WC,5920,vehicles,NewVehicleRegistration-2025-08.pdf
ZAF,2025-08,shared,total_self_propelled,ZAF,49620,vehicles,NewVehicleRegistration-2025-08.pdf
ZAF,2025-08,shared,trucks,EC,111,vehicles,NewVehicleRegistration-2025-08.pdf
ZAF,2025-08,shared,trucks,FS,165,vehicles,NewVehicleRegistration-2025-08.pdf
ZAF,2025-08,shared,trucks,GP,916,vehicles,NewVehicleRegistration-2025-08.pdf
ZAF,2025-08,shared,trucks,KZN,308,vehicles,NewVehicleRegistration-2025-08.pdf
ZAF,2025-08,shared,trucks,LP,88,vehicles,NewVehicleRegistration-2025-08.pdf
ZAF,2025-08,shared,trucks,MP,214,vehicles,NewVehicleRegistration-2025-08.pdf
ZAF,2025-08,shared,trucks,NC,32,vehicles,NewVehicleRegistration-2025-08.pdf
ZAF,2025-08,shared,trucks,NW,84,vehicles,NewVehicleRegistration-2025-08.pdf
ZAF,2025-08,shared,trucks,WC,232,vehicles,NewVehicleRegistration-2025-08.pdf
ZAF,2025-08,shared,trucks,ZAF,2150,vehicles,NewVehicleRegistration-2025-08.pdf
ZAF,2025-09,shared,buses,EC,17,vehicles,NewVehicleRegistration-2025-09.pdf
ZAF,2025-09,shared,buses,FS,5,vehicles,NewVehicleRegistration-2025-09.pdf
ZAF,2025-09,shared,buses,GP,113,vehicles,NewVehicleRegistration-2025-09.pdf
ZAF,2025-09,shared,buses,KZN,23,vehicles,NewVehicleRegistration-2025-09.pdf
ZAF,2025-09,shared,buses,LP,39,vehicles,NewVehicleRegistration-2025-09.pdf
ZAF,2025-09,shared,buses,MP,29,vehicles,NewVehicleRegistration-2025-09.pdf
ZAF,2025-09,shared,buses,NC,2,vehicles,NewVehicleRegistration-2025-09.pdf
ZAF,2025-09,shared,buses,NW,7,vehicles,NewVehicleRegistration-2025-09.pdf
ZAF,2025-09,shared,buses,WC,22,vehicles,NewVehicleRegistration-2025-09.pdf
ZAF,2025-09,shared,buses,ZAF,257,vehicles,NewVehicleRegistration-2025-09.pdf
ZAF,2025-09,shared,cars,EC,1778,vehicles,NewVehicleRegistration-2025-09.pdf
ZAF,2025-09,shared,cars,FS,840,vehicles,NewVehicleRegistration-2025-09.pdf
ZAF,2025-09,shared,cars,GP,18324,vehicles,NewVehicleRegistration-2025-09.pdf
ZAF,2025-09,shared,cars,KZN,6073,vehicles,NewVehicleRegistration-2025-09.pdf
ZAF,2025-09,shared,cars,LP,1164,vehicles,NewVehicleRegistration-2025-09.pdf
ZAF,2025-09,shared,cars,MP,1261,vehicles,NewVehicleRegistration-2025-09.pdf
ZAF,2025-09,shared,cars,NC,283,vehicles,NewVehicleRegistration-2025-09.pdf
ZAF,2025-09,shared,cars,NW,877,vehicles,NewVehicleRegistration-2025-09.pdf
ZAF,2025-09,shared,cars,WC,4174,vehicles,NewVehicleRegistration-2025-09.pdf
ZAF,2025-09,shared,cars,ZAF,34774,vehicles,NewVehicleRegistration-2025-09.pdf
ZAF,2025-09,shared,light_commercial,EC,614,vehicles,NewVehicleRegistration-2025-09.pdf
ZAF,2025-09,shared,light_commercial,FS,447,vehicles,NewVehicleRegistration-2025-09.pdf
ZAF,2025-09,shared,light_commercial,GP,4783,vehicles,NewVehicleRegistration-2025-09.pdf
ZAF,2025-09,shared,light_commercial,KZN,1763,vehicles,NewVehicleRegistration-2025-09.pdf
ZAF,2025-09,shared,light_commercial,LP,554,vehicles,NewVehicleRegistration-2025-09.pdf
ZAF,2025-09,shared,light_commercial,MP,697,vehicles,NewVehicleRegistration-2025-09.pdf
ZAF,2025-09,shared,light_commercial,NC,213,vehicles,NewVehicleRegistration-2025-09.pdf
ZAF,2025-09,shared,light_commercial,NW,528,vehicles,NewVehicleRegistration-2025-09.pdf
ZAF,2025-09,shared,light_commercial,WC,1243,vehicles,NewVehicleRegistration-2025-09.pdf
ZAF,2025-09,shared,light_commercial,ZAF,10842,vehicles,NewVehicleRegistration-2025-09.pdf
ZAF,2025-09,shared,minibuses,EC,94,vehicles,NewVehicleRegistration-2025-09.pdf
ZAF,2025-09,shared,minibuses,FS,17,vehicles,NewVehicleRegistration-2025-09.pdf
ZAF,2025-09,shared,minibuses,GP,406,vehicles,NewVehicleRegistration-2025-09.pdf
ZAF,2025-09,shared,minibuses,KZN,166,vehicles,NewVehicleRegistration-2025-09.pdf
ZAF,2025-09,shared,minibuses,LP,61,vehicles,NewVehicleRegistration-2025-09.pdf
ZAF,2025-09,shared,minibuses,MP,81,vehicles,NewVehicleRegistration-2025-09.pdf
ZAF,2025-09,shared,minibuses,NC,12,vehicles,NewVehicleRegistration-2025-09.pdf
ZAF,2025-09,shared,minibuses,NW,35,vehicles,NewVehicleRegistration-2025-09.pdf
ZAF,2025-09,shared,minibuses,WC,130,vehicles,NewVehicleRegistration-2025-09.pdf
ZAF,2025-09,shared,minibuses,ZAF,1002,vehicles,NewVehicleRegistration-2025-09.pdf
ZAF,2025-09,shared,motorcycles,EC,96,vehicles,NewVehicleRegistration-2025-09.pdf
ZAF,2025-09,shared,motorcycles,FS,99,vehicles,NewVehicleRegistration-2025-09.pdf
ZAF,2025-09,shared,motorcycles,GP,1519,vehicles,NewVehicleRegistration-2025-09.pdf
ZAF,2025-09,shared,motorcycles,KZN,333,vehicles,NewVehicleRegistration-2025-09.pdf
ZAF,2025-09,shared,motorcycles,LP,62,vehicles,NewVehicleRegistration-2025-09.pdf
ZAF,2025-09,shared,motorcycles,MP,68,vehicles,NewVehicleRegistration-2025-09.pdf
ZAF,2025-09,shared,motorcycles,NC,33,vehicles,NewVehicleRegistration-2025-09.pdf
ZAF,2025-09,shared,motorcycles,NW,70,vehicles,NewVehicleRegistration-2025-09.pdf
ZAF,2025-09,shared,motorcycles,WC,499,vehicles,NewVehicleRegistration-2025-09.pdf
ZAF,2025-09,shared,motorcycles,ZAF,2779,vehicles,NewVehicleRegistration-2025-09.pdf
ZAF,2025-09,shared,other_self_propelled,EC,72,vehicles,NewVehicleRegistration-2025-09.pdf
ZAF,2025-09,shared,other_self_propelled,FS,88,vehicles,NewVehicleRegistration-2025-09.pdf
ZAF,2025-09,shared,other_self_propelled,GP,153,vehicles,NewVehicleRegistration-2025-09.pdf
ZAF,2025-09,shared,other_self_propelled,KZN,130,vehicles,NewVehicleRegistration-2025-09.pdf
ZAF,2025-09,shared,other_self_propelled,LP,66,vehicles,NewVehicleRegistration-2025-09.pdf
ZAF,2025-09,shared,other_self_propelled,MP,75,vehicles,NewVehicleRegistration-2025-09.pdf
ZAF,2025-09,shared,other_self_propelled,NC,25,vehicles,NewVehicleRegistration-2025-09.pdf
ZAF,2025-09,shared,other_self_propelled,NW,78,vehicles,NewVehicleRegistration-2025-09.pdf
ZAF,2025-09,shared,other_self_propelled,WC,128,vehicles,NewVehicleRegistration-2025-09.pdf
ZAF,2025-09,shared,other_self_propelled,ZAF,815,vehicles,NewVehicleRegistration-2025-09.pdf
ZAF,2025-09,shared,total_self_propelled,EC,2780,vehicles,NewVehicleRegistration-2025-09.pdf
ZAF,2025-09,shared,total_self_propelled,FS,1647,vehicles,NewVehicleRegistration-2025-09.pdf
ZAF,2025-09,shared,total_self_propelled,GP,26121,vehicles,NewVehicleRegistration-2025-09.pdf
ZAF,2025-09,shared,total_self_propelled,KZN,8797,vehicles,NewVehicleRegistration-2025-09.pdf
ZAF,2025-09,shared,total_self_propelled,LP,2064,vehicles,NewVehicleRegistration-2025-09.pdf
ZAF,2025-09,shared,total_self_propelled,MP,2424,vehicles,NewVehicleRegistration-2025-09.pdf
ZAF,2025-09,shared,total_self_propelled,NC,616,vehicles,NewVehicleRegistration-2025-09.pdf
ZAF,2025-09,shared,total_self_propelled,NW,1682,vehicles,NewVehicleRegistration-2025-09.pdf
ZAF,2025-09,shared,total_self_propelled,WC,6451,vehicles,NewVehicleRegistration-2025-09.pdf
ZAF,2025-09,shared,total_self_propelled,ZAF,52582,vehicles,NewVehicleRegistration-2025-09.pdf
ZAF,2025-09,shared,trucks,EC,109,vehicles,NewVehicleRegistration-2025-09.pdf
ZAF,2025-09,shared,trucks,FS,151,vehicles,NewVehicleRegistration-2025-09.pdf
ZAF,2025-09,shared,trucks,GP,823,vehicles,NewVehicleRegistration-2025-09.pdf
ZAF,2025-09,shared,trucks,KZN,309,vehicles,NewVehicleRegistration-2025-09.pdf
ZAF,2025-09,shared,trucks,LP,118,vehicles,NewVehicleRegistration-2025-09.pdf
ZAF,2025-09,shared,trucks,MP,213,vehicles,NewVehicleRegistration-2025-09.pdf
ZAF,2025-09,shared,trucks,NC,48,vehicles,NewVehicleRegistration-2025-09.pdf
ZAF,2025-09,shared,trucks,NW,87,vehicles,NewVehicleRegistration-2025-09.pdf
ZAF,2025-09,shared,trucks,WC,255,vehicles,NewVehicleRegistration-2025-09.pdf
ZAF,2025-09,shared,trucks,ZAF,2113,vehicles,NewVehicleRegistration-2025-09.pdf
ZAF,2025-10,shared,buses,EC,10,vehicles,NewVehicleRegistration-2025-10.pdf
ZAF,2025-10,shared,buses,FS,7,vehicles,NewVehicleRegistration-2025-10.pdf
ZAF,2025-10,shared,buses,GP,115,vehicles,NewVehicleRegistration-2025-10.pdf
ZAF,2025-10,shared,buses,KZN,29,vehicles,NewVehicleRegistration-2025-10.pdf
ZAF,2025-10,shared,buses,LP,36,vehicles,NewVehicleRegistration-2025-10.pdf
ZAF,2025-10,shared,buses,MP,12,vehicles,NewVehicleRegistration-2025-10.pdf
ZAF,2025-10,shared,buses,NC,5,vehicles,NewVehicleRegistration-2025-10.pdf
ZAF,2025-10,shared,buses,NW,25,vehicles,NewVehicleRegistration-2025-10.pdf
ZAF,2025-10,shared,buses,WC,26,vehicles,NewVehicleRegistration-2025-10.pdf
ZAF,2025-10,shared,buses,ZAF,265,vehicles,NewVehicleRegistration-2025-10.pdf
ZAF,2025-10,shared,cars,EC,1835,vehicles,NewVehicleRegistration-2025-10.pdf
ZAF,2025-10,shared,cars,FS,754,vehicles,NewVehicleRegistration-2025-10.pdf
ZAF,2025-10,shared,cars,GP,21467,vehicles,NewVehicleRegistration-2025-10.pdf
ZAF,2025-10,shared,cars,KZN,6778,vehicles,NewVehicleRegistration-2025-10.pdf
ZAF,2025-10,shared,cars,LP,1186,vehicles,NewVehicleRegistration-2025-10.pdf
ZAF,2025-10,shared,cars,MP,1272,vehicles,NewVehicleRegistration-2025-10.pdf
ZAF,2025-10,shared,cars,NC,343,vehicles,NewVehicleRegistration-2025-10.pdf
ZAF,2025-10,shared,cars,NW,972,vehicles,NewVehicleRegistration-2025-10.pdf
ZAF,2025-10,shared,cars,WC,4678,vehicles,NewVehicleRegistration-2025-10.pdf
ZAF,2025-10,shared,cars,ZAF,39285,vehicles,NewVehicleRegistration-2025-10.pdf
ZAF,2025-10,shared,light_commercial,EC,847,vehicles,NewVehicleRegistration-2025-10.pdf
ZAF,2025-10,shared,light_commercial,FS,476,vehicles,NewVehicleRegistration-2025-10.pdf
ZAF,2025-10,shared,light_commercial,GP,4571,vehicles,NewVehicleRegistration-2025-10.pdf
ZAF,2025-10,shared,light_commercial,KZN,2088,vehicles,NewVehicleRegistration-2025-10.pdf
ZAF,2025-10,shared,light_commercial,LP,564,vehicles,NewVehicleRegistration-2025-10.pdf
ZAF,2025-10,shared,light_commercial,MP,734,vehicles,NewVehicleRegistration-2025-10.pdf
ZAF,2025-10,shared,light_commercial,NC,237,vehicles,NewVehicleRegistration-2025-10.pdf
ZAF,2025-10,shared,light_commercial,NW,429,vehicles,NewVehicleRegistration-2025-10.pdf
ZAF,2025-10,shared,light_commercial,WC,1181,vehicles,NewVehicleRegistration-2025-10.pdf
ZAF,2025-10,shared,light_commercial,ZAF,11127,vehicles,NewVehicleRegistration-2025-10.pdf
ZAF,2025-10,shared,minibuses,EC,113,vehicles,NewVehicleRegistration-2025-10.pdf
ZAF,2025-10,shared,minibuses,FS,21,vehicles,NewVehicleRegistration-2025-10.pdf
ZAF,2025-10,shared,minibuses,GP,579,vehicles,NewVehicleRegistration-2025-10.pdf
ZAF,2025-10,shared,minibuses,KZN,165,vehicles,NewVehicleRegistration-2025-10.pdf
ZAF,2025-10,shared,minibuses,LP,85,vehicles,NewVehicleRegistration-2025-10.pdf
ZAF,2025-10,shared,minibuses,MP,77,vehicles,NewVehicleRegistration-2025-10.pdf
ZAF,2025-10,shared,minibuses,NC,12,vehicles,NewVehicleRegistration-2025-10.pdf
ZAF,2025-10,shared,minibuses,NW,35,vehicles,NewVehicleRegistration-2025-10.pdf
ZAF,2025-10,shared,minibuses,WC,173,vehicles,NewVehicleRegistration-2025-10.pdf
ZAF,2025-10,shared,minibuses,ZAF,1260,vehicles,NewVehicleRegistration-2025-10.pdf
ZAF,2025-10,shared,motorcycles,EC,114,vehicles,NewVehicleRegistration-2025-10.pdf
ZAF,2025-10,shared,motorcycles,FS,237,vehicles,NewVehicleRegistration-2025-10.pdf
ZAF,2025-10,shared,motorcycles,GP,1494,vehicles,NewVehicleRegistration-2025-10.pdf
ZAF,2025-10,shared,motorcycles,KZN,396,vehicles,NewVehicleRegistration-2025-10.pdf
ZAF,2025-10,shared,motorcycles,LP,58,vehicles,NewVehicleRegistration-2025-10.pdf
ZAF,2025-10,shared,motorcycles,MP,90,vehicles,NewVehicleRegistration-2025-10.pdf
ZAF,2025-10,shared,motorcycles,NC,20,vehicles,NewVehicleRegistration-2025-10.pdf
ZAF,2025-10,shared,motorcycles,NW,44,vehicles,NewVehicleRegistration-2025-10.pdf
ZAF,2025-10,shared,motorcycles,WC,509,vehicles,NewVehicleRegistration-2025-10.pdf
ZAF,2025-10,shared,motorcycles,ZAF,2962,vehicles,NewVehicleRegistration-2025-10.pdf
ZAF,2025-10,shared,other_self_propelled,EC,85,vehicles,NewVehicleRegistration-2025-10.pdf
ZAF,2025-10,shared,other_self_propelled,FS,144,vehicles,NewVehicleRegistration-2025-10.pdf
ZAF,2025-10,shared,other_self_propelled,GP,159,vehicles,NewVehicleRegistration-2025-10.pdf
ZAF,2025-10,shared,other_self_propelled,KZN,137,vehicles,NewVehicleRegistration-2025-10.pdf
ZAF,2025-10,shared,other_self_propelled,LP,57,vehicles,NewVehicleRegistration-2025-10.pdf
ZAF,2025-10,shared,other_self_propelled,MP,62,vehicles,NewVehicleRegistration-2025-10.pdf
ZAF,2025-10,shared,other_self_propelled,NC,44,vehicles,NewVehicleRegistration-2025-10.pdf
ZAF,2025-10,shared,other_self_propelled,NW,62,vehicles,NewVehicleRegistration-2025-10.pdf
ZAF,2025-10,shared,other_self_propelled,WC,102,vehicles,NewVehicleRegistration-2025-10.pdf
ZAF,2025-10,shared,other_self_propelled,ZAF,852,vehicles,NewVehicleRegistration-2025-10.pdf
ZAF,2025-10,shared,total_self_propelled,EC,3112,vehicles,NewVehicleRegistration-2025-10.pdf
ZAF,2025-10,shared,total_self_propelled,FS,1806,vehicles,NewVehicleRegistration-2025-10.pdf
ZAF,2025-10,shared,total_self_propelled,GP,29611,vehicles,NewVehicleRegistration-2025-10.pdf
ZAF,2025-10,shared,total_self_propelled,KZN,9884,vehicles,NewVehicleRegistration-2025-10.pdf
ZAF,2025-10,shared,total_self_propelled,LP,2129,vehicles,NewVehicleRegistration-2025-10.pdf
ZAF,2025-10,shared,total_self_propelled,MP,2510,vehicles,NewVehicleRegistration-2025-10.pdf
ZAF,2025-10,shared,total_self_propelled,NC,697,vehicles,NewVehicleRegistration-2025-10.pdf
ZAF,2025-10,shared,total_self_propelled,NW,1672,vehicles,NewVehicleRegistration-2025-10.pdf
ZAF,2025-10,shared,total_self_propelled,WC,6960,vehicles,NewVehicleRegistration-2025-10.pdf
ZAF,2025-10,shared,total_self_propelled,ZAF,58381,vehicles,NewVehicleRegistration-2025-10.pdf
ZAF,2025-10,shared,trucks,EC,108,vehicles,NewVehicleRegistration-2025-10.pdf
ZAF,2025-10,shared,trucks,FS,167,vehicles,NewVehicleRegistration-2025-10.pdf
ZAF,2025-10,shared,trucks,GP,1226,vehicles,NewVehicleRegistration-2025-10.pdf
ZAF,2025-10,shared,trucks,KZN,291,vehicles,NewVehicleRegistration-2025-10.pdf
ZAF,2025-10,shared,trucks,LP,143,vehicles,NewVehicleRegistration-2025-10.pdf
ZAF,2025-10,shared,trucks,MP,263,vehicles,NewVehicleRegistration-2025-10.pdf
ZAF,2025-10,shared,trucks,NC,36,vehicles,NewVehicleRegistration-2025-10.pdf
ZAF,2025-10,shared,trucks,NW,105,vehicles,NewVehicleRegistration-2025-10.pdf
ZAF,2025-10,shared,trucks,WC,291,vehicles,NewVehicleRegistration-2025-10.pdf
ZAF,2025-10,shared,trucks,ZAF,2630,vehicles,NewVehicleRegistration-2025-10.pdf
ZAF,2025-11,shared,buses,EC,6,vehicles,NewVehicleRegistration-2025-11.pdf
ZAF,2025-11,shared,buses,FS,5,vehicles,NewVehicleRegistration-2025-11.pdf
ZAF,2025-11,shared,buses,GP,123,vehicles,NewVehicleRegistration-2025-11.pdf
ZAF,2025-11,shared,buses,KZN,12,vehicles,NewVehicleRegistration-2025-11.pdf
ZAF,2025-11,shared,buses,LP,20,vehicles,NewVehicleRegistration-2025-11.pdf
ZAF,2025-11,shared,buses,MP,11,vehicles,NewVehicleRegistration-2025-11.pdf
ZAF,2025-11,shared,buses,NC,6,vehicles,NewVehicleRegistration-2025-11.pdf
ZAF,2025-11,shared,buses,NW,1,vehicles,NewVehicleRegistration-2025-11.pdf
ZAF,2025-11,shared,buses,WC,48,vehicles,NewVehicleRegistration-2025-11.pdf
ZAF,2025-11,shared,buses,ZAF,232,vehicles,NewVehicleRegistration-2025-11.pdf
ZAF,2025-11,shared,cars,EC,1152,vehicles,NewVehicleRegistration-2025-11.pdf
ZAF,2025-11,shared,cars,FS,605,vehicles,NewVehicleRegistration-2025-11.pdf
ZAF,2025-11,shared,cars,GP,15525,vehicles,NewVehicleRegistration-2025-11.pdf
ZAF,2025-11,shared,cars,KZN,5644,vehicles,NewVehicleRegistration-2025-11.pdf
ZAF,2025-11,shared,cars,LP,1015,vehicles,NewVehicleRegistration-2025-11.pdf
ZAF,2025-11,shared,cars,MP,1041,vehicles,NewVehicleRegistration-2025-11.pdf
ZAF,2025-11,shared,cars,NC,286,vehicles,NewVehicleRegistration-2025-11.pdf
ZAF,2025-11,shared,cars,NW,768,vehicles,NewVehicleRegistration-2025-11.pdf
ZAF,2025-11,shared,cars,WC,4489,vehicles,NewVehicleRegistration-2025-11.pdf
ZAF,2025-11,shared,cars,ZAF,30525,vehicles,NewVehicleRegistration-2025-11.pdf
ZAF,2025-11,shared,light_commercial,EC,514,vehicles,NewVehicleRegistration-2025-11.pdf
ZAF,2025-11,shared,light_commercial,FS,351,vehicles,NewVehicleRegistration-2025-11.pdf
ZAF,2025-11,shared,light_commercial,GP,3910,vehicles,NewVehicleRegistration-2025-11.pdf
ZAF,2025-11,shared,light_commercial,KZN,1351,vehicles,NewVehicleRegistration-2025-11.pdf
ZAF,2025-11,shared,light_commercial,LP,524,vehicles,NewVehicleRegistration-2025-11.pdf
ZAF,2025-11,shared,light_commercial,MP,573,vehicles,NewVehicleRegistration-2025-11.pdf
ZAF,2025-11,shared,light_commercial,NC,215,vehicles,NewVehicleRegistration-2025-11.pdf
ZAF,2025-11,shared,light_commercial,NW,345,vehicles,NewVehicleRegistration-2025-11.pdf
ZAF,2025-11,shared,light_commercial,WC,1017,vehicles,NewVehicleRegistration-2025-11.pdf
ZAF,2025-11,shared,light_commercial,ZAF,8800,vehicles,NewVehicleRegistration-2025-11.pdf
ZAF,2025-11,shared,minibuses,EC,71,vehicles,NewVehicleRegistration-2025-11.pdf
ZAF,2025-11,shared,minibuses,FS,23,vehicles,NewVehicleRegistration-2025-11.pdf
ZAF,2025-11,shared,minibuses,GP,305,vehicles,NewVehicleRegistration-2025-11.pdf
ZAF,2025-11,shared,minibuses,KZN,145,vehicles,NewVehicleRegistration-2025-11.pdf
ZAF,2025-11,shared,minibuses,LP,87,vehicles,NewVehicleRegistration-2025-11.pdf
ZAF,2025-11,shared,minibuses,MP,78,vehicles,NewVehicleRegistration-2025-11.pdf
ZAF,2025-11,shared,minibuses,NC,10,vehicles,NewVehicleRegistration-2025-11.pdf
ZAF,2025-11,shared,minibuses,NW,22,vehicles,NewVehicleRegistration-2025-11.pdf
ZAF,2025-11,shared,minibuses,WC,183,vehicles,NewVehicleRegistration-2025-11.pdf
ZAF,2025-11,shared,minibuses,ZAF,924,vehicles,NewVehicleRegistration-2025-11.pdf
ZAF,2025-11,shared,motorcycles,EC,99,vehicles,NewVehicleRegistration-2025-11.pdf
ZAF,2025-11,shared,motorcycles,FS,78,vehicles,NewVehicleRegistration-2025-11.pdf
ZAF,2025-11,shared,motorcycles,GP,1376,vehicles,NewVehicleRegistration-2025-11.pdf
ZAF,2025-11,shared,motorcycles,KZN,345,vehicles,NewVehicleRegistration-2025-11.pdf
ZAF,2025-11,shared,motorcycles,LP,38,vehicles,NewVehicleRegistration-2025-11.pdf
ZAF,2025-11,shared,motorcycles,MP,83,vehicles,NewVehicleRegistration-2025-11.pdf
ZAF,2025-11,shared,motorcycles,NC,30,vehicles,NewVehicleRegistration-2025-11.pdf
ZAF,2025-11,shared,motorcycles,NW,74,vehicles,NewVehicleRegistration-2025-11.pdf
ZAF,2025-11,shared,motorcycles,WC,491,vehicles,NewVehicleRegistration-2025-11.pdf
ZAF,2025-11,shared,motorcycles,ZAF,2614,vehicles,NewVehicleRegistration-2025-11.pdf
ZAF,2025-11,shared,other_self_propelled,EC,62,vehicles,NewVehicleRegistration-2025-11.pdf
ZAF,2025-11,shared,other_self_propelled,FS,78,vehicles,NewVehicleRegistration-2025-11.pdf
ZAF,2025-11,shared,other_self_propelled,GP,169,vehicles,NewVehicleRegistration-2025-11.pdf
ZAF,2025-11,shared,other_self_propelled,KZN,84,vehicles,NewVehicleRegistration-2025-11.pdf
ZAF,2025-11,shared,other_self_propelled,LP,41,vehicles,NewVehicleRegistration-2025-11.pdf
ZAF,2025-11,shared,other_self_propelled,MP,53,vehicles,NewVehicleRegistration-2025-11.pdf
ZAF,2025-11,shared,other_self_propelled,NC,22,vehicles,NewVehicleRegistration-2025-11.pdf
ZAF,2025-11,shared,other_self_propelled,NW,70,vehicles,NewVehicleRegistration-2025-11.pdf
ZAF,2025-11,shared,other_self_propelled,WC,109,vehicles,NewVehicleRegistration-2025-11.pdf
ZAF,2025-11,shared,other_self_propelled,ZAF,688,vehicles,NewVehicleRegistration-2025-11.pdf
ZAF,2025-11,shared,total_self_propelled,EC,1978,vehicles,NewVehicleRegistration-2025-11.pdf
ZAF,2025-11,shared,total_self_propelled,FS,1272,vehicles,NewVehicleRegistration-2025-11.pdf
ZAF,2025-11,shared,total_self_propelled,GP,22308,vehicles,NewVehicleRegistration-2025-11.pdf
ZAF,2025-11,shared,total_self_propelled,KZN,7895,vehicles,NewVehicleRegistration-2025-11.pdf
ZAF,2025-11,shared,total_self_propelled,LP,1818,vehicles,NewVehicleRegistration-2025-11.pdf
ZAF,2025-11,shared,total_self_propelled,MP,2079,vehicles,NewVehicleRegistration-2025-11.pdf
ZAF,2025-11,shared,total_self_propelled,NC,597,vehicles,NewVehicleRegistration-2025-11.pdf
ZAF,2025-11,shared,total_self_propelled,NW,1358,vehicles,NewVehicleRegistration-2025-11.pdf
ZAF,2025-11,shared,total_self_propelled,WC,6547,vehicles,NewVehicleRegistration-2025-11.pdf
ZAF,2025-11,shared,total_self_propelled,ZAF,45852,vehicles,NewVehicleRegistration-2025-11.pdf
ZAF,2025-11,shared,trucks,EC,74,vehicles,NewVehicleRegistration-2025-11.pdf
ZAF,2025-11,shared,trucks,FS,132,vehicles,NewVehicleRegistration-2025-11.pdf
ZAF,2025-11,shared,trucks,GP,900,vehicles,NewVehicleRegistration-2025-11.pdf
ZAF,2025-11,shared,trucks,KZN,314,vehicles,NewVehicleRegistration-2025-11.pdf
ZAF,2025-11,shared,trucks,LP,93,vehicles,NewVehicleRegistration-2025-11.pdf
ZAF,2025-11,shared,trucks,MP,240,vehicles,NewVehicleRegistration-2025-11.pdf
ZAF,2025-11,shared,trucks,NC,28,vehicles,NewVehicleRegistration-2025-11.pdf
ZAF,2025-11,shared,trucks,NW,78,vehicles,NewVehicleRegistration-2025-11.pdf
ZAF,2025-11,shared,trucks,WC,210,vehicles,NewVehicleRegistration-2025-11.pdf
ZAF,2025-11,shared,trucks,ZAF,2069,vehicles,NewVehicleRegistration-2025-11.pdf
ZAF,2025-12,shared,buses,EC,18,vehicles,NewVehicleRegistration-2025-12.pdf
ZAF,2025-12,shared,buses,FS,6,vehicles,NewVehicleRegistration-2025-12.pdf
ZAF,2025-12,shared,buses,GP,77,vehicles,NewVehicleRegistration-2025-12.pdf
ZAF,2025-12,shared,buses,KZN,9,vehicles,NewVehicleRegistration-2025-12.pdf
ZAF,2025-12,shared,buses,LP,13,vehicles,NewVehicleRegistration-2025-12.pdf
ZAF,2025-12,shared,buses,MP,18,vehicles,NewVehicleRegistration-2025-12.pdf
ZAF,2025-12,shared,buses,NC,1,vehicles,NewVehicleRegistration-2025-12.pdf
ZAF,2025-12,shared,buses,NW,2,vehicles,NewVehicleRegistration-2025-12.pdf
ZAF,2025-12,shared,buses,WC,26,vehicles,NewVehicleRegistration-2025-12.pdf
ZAF,2025-12,shared,buses,ZAF,170,vehicles,NewVehicleRegistration-2025-12.pdf
ZAF,2025-12,shared,cars,EC,796,vehicles,NewVehicleRegistration-2025-12.pdf
ZAF,2025-12,shared,cars,FS,446,vehicles,NewVehicleRegistration-2025-12.pdf
ZAF,2025-12,shared,cars,GP,8710,vehicles,NewVehicleRegistration-2025-12.pdf
ZAF,2025-12,shared,cars,KZN,3922,vehicles,NewVehicleRegistration-2025-12.pdf
ZAF,2025-12,shared,cars,LP,975,vehicles,NewVehicleRegistration-2025-12.pdf
ZAF,2025-12,shared,cars,MP,947,vehicles,NewVehicleRegistration-2025-12.pdf
ZAF,2025-12,shared,cars,NC,208,vehicles,NewVehicleRegistration-2025-12.pdf
ZAF,2025-12,shared,cars,NW,567,vehicles,NewVehicleRegistration-2025-12.pdf
ZAF,2025-12,shared,cars,WC,2580,vehicles,NewVehicleRegistration-2025-12.pdf
ZAF,2025-12,shared,cars,ZAF,19151,vehicles,NewVehicleRegistration-2025-12.pdf
ZAF,2025-12,shared,light_commercial,EC,339,vehicles,NewVehicleRegistration-2025-12.pdf
ZAF,2025-12,shared,light_commercial,FS,214,vehicles,NewVehicleRegistration-2025-12.pdf
ZAF,2025-12,shared,light_commercial,GP,1946,vehicles,NewVehicleRegistration-2025-12.pdf
ZAF,2025-12,shared,light_commercial,KZN,820,vehicles,NewVehicleRegistration-2025-12.pdf
ZAF,2025-12,shared,light_commercial,LP,397,vehicles,NewVehicleRegistration-2025-12.pdf
ZAF,2025-12,shared,light_commercial,MP,349,vehicles,NewVehicleRegistration-2025-12.pdf
ZAF,2025-12,shared,light_commercial,NC,121,vehicles,NewVehicleRegistration-2025-12.pdf
ZAF,2025-12,shared,light_commercial,NW,235,vehicles,NewVehicleRegistration-2025-12.pdf
ZAF,2025-12,shared,light_commercial,WC,490,vehicles,NewVehicleRegistration-2025-12.pdf
ZAF,2025-12,shared,light_commercial,ZAF,4911,vehicles,NewVehicleRegistration-2025-12.pdf
ZAF,2025-12,shared,minibuses,EC,68,vehicles,NewVehicleRegistration-2025-12.pdf
ZAF,2025-12,shared,minibuses,FS,16,vehicles,NewVehicleRegistration-2025-12.pdf
ZAF,2025-12,shared,minibuses,GP,214,vehicles,NewVehicleRegistration-2025-12.pdf
ZAF,2025-12,shared,minibuses,KZN,147,vehicles,NewVehicleRegistration-2025-12.pdf
ZAF,2025-12,shared,minibuses,LP,54,vehicles,NewVehicleRegistration-2025-12.pdf
ZAF,2025-12,shared,minibuses,MP,59,vehicles,NewVehicleRegistration-2025-12.pdf
ZAF,2025-12,shared,minibuses,NC,8,vehicles,NewVehicleRegistration-2025-12.pdf
ZAF,2025-12,shared,minibuses,NW,23,vehicles,NewVehicleRegistration-2025-12.pdf
ZAF,2025-12,shared,minibuses,WC,100,vehicles,NewVehicleRegistration-2025-12.pdf
ZAF,2025-12,shared,minibuses,ZAF,689,vehicles,NewVehicleRegistration-2025-12.pdf
ZAF,2025-12,shared,motorcycles,EC,55,vehicles,NewVehicleRegistration-2025-12.pdf
ZAF,2025-12,shared,motorcycles,FS,57,vehicles,NewVehicleRegistration-2025-12.pdf
ZAF,2025-12,shared,motorcycles,GP,1222,vehicles,NewVehicleRegistration-2025-12.pdf
ZAF,2025-12,shared,motorcycles,KZN,286,vehicles,NewVehicleRegistration-2025-12.pdf
ZAF,2025-12,shared,motorcycles,LP,34,vehicles,NewVehicleRegistration-2025-12.pdf
ZAF,2025-12,shared,motorcycles,MP,65,vehicles,NewVehicleRegistration-2025-12.pdf
ZAF,2025-12,shared,motorcycles,NC,18,vehicles,NewVehicleRegistration-2025-12.pdf
ZAF,2025-12,shared,motorcycles,NW,39,vehicles,NewVehicleRegistration-2025-12.pdf
ZAF,2025-12,shared,motorcycles,WC,380,vehicles,NewVehicleRegistration-2025-12.pdf
ZAF,2025-12,shared,motorcycles,ZAF,2156,vehicles,NewVehicleRegistration-2025-12.pdf
ZAF,2025-12,shared,other_self_propelled,EC,60,vehicles,NewVehicleRegistration-2025-12.pdf
ZAF,2025-12,shared,other_self_propelled,FS,58,vehicles,NewVehicleRegistration-2025-12.pdf
ZAF,2025-12,shared,other_self_propelled,GP,128,vehicles,NewVehicleRegistration-2025-12.pdf
ZAF,2025-12,shared,other_self_propelled,KZN,67,vehicles,NewVehicleRegistration-2025-12.pdf
ZAF,2025-12,shared,other_self_propelled,LP,22,vehicles,NewVehicleRegistration-2025-12.pdf
ZAF,2025-12,shared,other_self_propelled,MP,35,vehicles,NewVehicleRegistration-2025-12.pdf
ZAF,2025-12,shared,other_self_propelled,NC,28,vehicles,NewVehicleRegistration-2025-12.pdf
ZAF,2025-12,shared,other_self_propelled,NW,39,vehicles,NewVehicleRegistration-2025-12.pdf
ZAF,2025-12,shared,other_self_propelled,WC,61,vehicles,NewVehicleRegistration-2025-12.pdf
ZAF,2025-12,shared,other_self_propelled,ZAF,498,vehicles,NewVehicleRegistration-2025-12.pdf
ZAF,2025-12,shared,total_self_propelled,EC,1379,vehicles,NewVehicleRegistration-2025-12.pdf
ZAF,2025-12,shared,total_self_propelled,FS,883,vehicles,NewVehicleRegistration-2025-12.pdf
ZAF,2025-12,shared,total_self_propelled,GP,12981,vehicles,NewVehicleRegistration-2025-12.pdf
ZAF,2025-12,shared,total_self_propelled,KZN,5454,vehicles,NewVehicleRegistration-2025-12.pdf
ZAF,2025-12,shared,total_self_propelled,LP,1546,vehicles,NewVehicleRegistration-2025-12.pdf
ZAF,2025-12,shared,total_self_propelled,MP,1622,vehicles,NewVehicleRegistration-2025-12.pdf
ZAF,2025-12,shared,total_self_propelled,NC,415,vehicles,NewVehicleRegistration-2025-12.pdf
ZAF,2025-12,shared,total_self_propelled,NW,949,vehicles,NewVehicleRegistration-2025-12.pdf
ZAF,2025-12,shared,total_self_propelled,WC,3821,vehicles,NewVehicleRegistration-2025-12.pdf
ZAF,2025-12,shared,total_self_propelled,ZAF,29050,vehicles,NewVehicleRegistration-2025-12.pdf
ZAF,2025-12,shared,trucks,EC,43,vehicles,NewVehicleRegistration-2025-12.pdf
ZAF,2025-12,shared,trucks,FS,86,vehicles,NewVehicleRegistration-2025-12.pdf
ZAF,2025-12,shared,trucks,GP,684,vehicles,NewVehicleRegistration-2025-12.pdf
ZAF,2025-12,shared,trucks,KZN,203,vehicles,NewVehicleRegistration-2025-12.pdf
ZAF,2025-12,shared,trucks,LP,51,vehicles,NewVehicleRegistration-2025-12.pdf
ZAF,2025-12,shared,trucks,MP,149,vehicles,NewVehicleRegistration-2025-12.pdf
ZAF,2025-12,shared,trucks,NC,31,vehicles,NewVehicleRegistration-2025-12.pdf
ZAF,2025-12,shared,trucks,NW,44,vehicles,NewVehicleRegistration-2025-12.pdf
ZAF,2025-12,shared,trucks,WC,184,vehicles,NewVehicleRegistration-2025-12.pdf
ZAF,2025-12,shared,trucks,ZAF,1475,vehicles,NewVehicleRegistration-2025-12.pdf
ZAF,2026-01,shared,buses,EC,20,vehicles,NewVehicleRegistration-2026-01.pdf
ZAF,2026-01,shared,buses,FS,7,vehicles,NewVehicleRegistration-2026-01.pdf
ZAF,2026-01,shared,buses,GP,147,vehicles,NewVehicleRegistration-2026-01.pdf
ZAF,2026-01,shared,buses,KZN,27,vehicles,NewVehicleRegistration-2026-01.pdf
ZAF,2026-01,shared,buses,LP,11,vehicles,NewVehicleRegistration-2026-01.pdf
ZAF,2026-01,shared,buses,MP,31,vehicles,NewVehicleRegistration-2026-01.pdf
ZAF,2026-01,shared,buses,NC,1,vehicles,NewVehicleRegistration-2026-01.pdf
ZAF,2026-01,shared,buses,NW,36,vehicles,NewVehicleRegistration-2026-01.pdf
ZAF,2026-01,shared,buses,WC,33,vehicles,NewVehicleRegistration-2026-01.pdf
ZAF,2026-01,shared,buses,ZAF,313,vehicles,NewVehicleRegistration-2026-01.pdf
ZAF,2026-01,shared,cars,EC,3174,vehicles,NewVehicleRegistration-2026-01.pdf
ZAF,2026-01,shared,cars,FS,1294,vehicles,NewVehicleRegistration-2026-01.pdf
ZAF,2026-01,shared,cars,GP,30393,vehicles,NewVehicleRegistration-2026-01.pdf
ZAF,2026-01,shared,cars,KZN,9930,vehicles,NewVehicleRegistration-2026-01.pdf
ZAF,2026-01,shared,cars,LP,1826,vehicles,NewVehicleRegistration-2026-01.pdf
ZAF,2026-01,shared,cars,MP,2071,vehicles,NewVehicleRegistration-2026-01.pdf
ZAF,2026-01,shared,cars,NC,524,vehicles,NewVehicleRegistration-2026-01.pdf
ZAF,2026-01,shared,cars,NW,1665,vehicles,NewVehicleRegistration-2026-01.pdf
ZAF,2026-01,shared,cars,WC,6608,vehicles,NewVehicleRegistration-2026-01.pdf
ZAF,2026-01,shared,cars,ZAF,57485,vehicles,NewVehicleRegistration-2026-01.pdf
ZAF,2026-01,shared,light_commercial,EC,1066,vehicles,NewVehicleRegistration-2026-01.pdf
ZAF,2026-01,shared,light_commercial,FS,703,vehicles,NewVehicleRegistration-2026-01.pdf
ZAF,2026-01,shared,light_commercial,GP,6729,vehicles,NewVehicleRegistration-2026-01.pdf
ZAF,2026-01,shared,light_commercial,KZN,2363,vehicles,NewVehicleRegistration-2026-01.pdf
ZAF,2026-01,shared,light_commercial,LP,989,vehicles,NewVehicleRegistration-2026-01.pdf
ZAF,2026-01,shared,light_commercial,MP,1125,vehicles,NewVehicleRegistration-2026-01.pdf
ZAF,2026-01,shared,light_commercial,NC,349,vehicles,NewVehicleRegistration-2026-01.pdf
ZAF,2026-01,shared,light_commercial,NW,866,vehicles,NewVehicleRegistration-2026-01.pdf
ZAF,2026-01,shared,light_commercial,WC,1598,vehicles,NewVehicleRegistration-2026-01.pdf
ZAF,2026-01,shared,light_commercial,ZAF,15788,vehicles,NewVehicleRegistration-2026-01.pdf
ZAF,2026-01,shared,minibuses,EC,79,vehicles,NewVehicleRegistration-2026-01.pdf
ZAF,2026-01,shared,minibuses,FS,23,vehicles,NewVehicleRegistration-2026-01.pdf
ZAF,2026-01,shared,minibuses,GP,569,vehicles,NewVehicleRegistration-2026-01.pdf
ZAF,2026-01,shared,minibuses,KZN,179,vehicles,NewVehicleRegistration-2026-01.pdf
ZAF,2026-01,shared,minibuses,LP,68,vehicles,NewVehicleRegistration-2026-01.pdf
ZAF,2026-01,shared,minibuses,MP,86,vehicles,NewVehicleRegistration-2026-01.pdf
ZAF,2026-01,shared,minibuses,NC,24,vehicles,NewVehicleRegistration-2026-01.pdf
ZAF,2026-01,shared,minibuses,NW,32,vehicles,NewVehicleRegistration-2026-01.pdf
ZAF,2026-01,shared,minibuses,WC,174,vehicles,NewVehicleRegistration-2026-01.pdf
ZAF,2026-01,shared,minibuses,ZAF,1234,vehicles,NewVehicleRegistration-2026-01.pdf
ZAF,2026-01,shared,motorcycles,EC,125,vehicles,NewVehicleRegistration-2026-01.pdf
ZAF,2026-01,shared,motorcycles,FS,73,vehicles,NewVehicleRegistration-2026-01.pdf
ZAF,2026-01,shared,motorcycles,GP,1633,vehicles,NewVehicleRegistration-2026-01.pdf
ZAF,2026-01,shared,motorcycles,KZN,355,vehicles,NewVehicleRegistration-2026-01.pdf
ZAF,2026-01,shared,motorcycles,LP,41,vehicles,NewVehicleRegistration-2026-01.pdf
ZAF,2026-01,shared,motorcycles,MP,96,vehicles,NewVehicleRegistration-2026-01.pdf
ZAF,2026-01,shared,motorcycles,NC,22,vehicles,NewVehicleRegistration-2026-01.pdf
ZAF,2026-01,shared,motorcycles,NW,76,vehicles,NewVehicleRegistration-2026-01.pdf
ZAF,2026-01,shared,motorcycles,WC,562,vehicles,NewVehicleRegistration-2026-01.pdf
ZAF,2026-01,shared,motorcycles,ZAF,2983,vehicles,NewVehicleRegistration-2026-01.pdf
ZAF,2026-01,shared,other_self_propelled,EC,53,vehicles,NewVehicleRegistration-2026-01.pdf
ZAF,2026-01,shared,other_self_propelled,FS,95,vehicles,NewVehicleRegistration-2026-01.pdf
ZAF,2026-01,shared,other_self_propelled,GP,148,vehicles,NewVehicleRegistration-2026-01.pdf
ZAF,2026-01,shared,other_self_propelled,KZN,67,vehicles,NewVehicleRegistration-2026-01.pdf
ZAF,2026-01,shared,other_self_propelled,LP,54,vehicles,NewVehicleRegistration-2026-01.pdf
ZAF,2026-01,shared,other_self_propelled,MP,32,vehicles,NewVehicleRegistration-2026-01.pdf
ZAF,2026-01,shared,other_self_propelled,NC,17,vehicles,NewVehicleRegistration-2026-01.pdf
ZAF,2026-01,shared,other_self_propelled,NW,51,vehicles,NewVehicleRegistration-2026-01.pdf
ZAF,2026-01,shared,other_self_propelled,WC,88,vehicles,NewVehicleRegistration-2026-01.pdf
ZAF,2026-01,shared,other_self_propelled,ZAF,605,vehicles,NewVehicleRegistration-2026-01.pdf
ZAF,2026-01,shared,total_self_propelled,EC,4620,vehicles,NewVehicleRegistration-2026-01.pdf
ZAF,2026-01,shared,total_self_propelled,FS,2272,vehicles,NewVehicleRegistration-2026-01.pdf
ZAF,2026-01,shared,total_self_propelled,GP,40209,vehicles,NewVehicleRegistration-2026-01.pdf
ZAF,2026-01,shared,total_self_propelled,KZN,13192,vehicles,NewVehicleRegistration-2026-01.pdf
ZAF,2026-01,shared,total_self_propelled,LP,3078,vehicles,NewVehicleRegistration-2026-01.pdf
ZAF,2026-01,shared,total_self_propelled,MP,3640,vehicles,NewVehicleRegistration-2026-01.pdf
ZAF,2026-01,shared,total_self_propelled,NC,963,vehicles,NewVehicleRegistration-2026-01.pdf
ZAF,2026-01,shared,total_self_propelled,NW,2818,vehicles,NewVehicleRegistration-2026-01.pdf
ZAF,2026-01,shared,total_self_propelled,WC,9257,vehicles,NewVehicleRegistration-2026-01.pdf
ZAF,2026-01,shared,total_self_propelled,ZAF,80049,vehicles,NewVehicleRegistration-2026-01.pdf
ZAF,2026-01,shared,trucks,EC,103,vehicles,NewVehicleRegistration-2026-01.pdf
ZAF,2026-01,shared,trucks,FS,77,vehicles,NewVehicleRegistration-2026-01.pdf
ZAF,2026-01,shared,trucks,GP,590,vehicles,NewVehicleRegistration-2026-01.pdf
ZAF,2026-01,shared,trucks,KZN,271,vehicles,NewVehicleRegistration-2026-01.pdf
ZAF,2026-01,shared,trucks,LP,89,vehicles,NewVehicleRegistration-2026-01.pdf
ZAF,2026-01,shared,trucks,MP,199,vehicles,NewVehicleRegistration-2026-01.pdf
ZAF,2026-01,shared,trucks,NC,26,vehicles,NewVehicleRegistration-2026-01.pdf
ZAF,2026-01,shared,trucks,NW,92,vehicles,NewVehicleRegistration-2026-01.pdf
ZAF,2026-01,shared,trucks,WC,194,vehicles,NewVehicleRegistration-2026-01.pdf
ZAF,2026-01,shared,trucks,ZAF,1641,vehicles,NewVehicleRegistration-2026-01.pdf
ZAF,2026-02,shared,buses,EC,24,vehicles,NewVehicleRegistration-2026-02.pdf
ZAF,2026-02,shared,buses,FS,13,vehicles,NewVehicleRegistration-2026-02.pdf
ZAF,2026-02,shared,buses,GP,77,vehicles,NewVehicleRegistration-2026-02.pdf
ZAF,2026-02,shared,buses,KZN,20,vehicles,NewVehicleRegistration-2026-02.pdf
ZAF,2026-02,shared,buses,LP,13,vehicles,NewVehicleRegistration-2026-02.pdf
ZAF,2026-02,shared,buses,MP,32,vehicles,NewVehicleRegistration-2026-02.pdf
ZAF,2026-02,shared,buses,NC,13,vehicles,NewVehicleRegistration-2026-02.pdf
ZAF,2026-02,shared,buses,NW,6,vehicles,NewVehicleRegistration-2026-02.pdf
ZAF,2026-02,shared,buses,WC,14,vehicles,NewVehicleRegistration-2026-02.pdf
ZAF,2026-02,shared,buses,ZAF,212,vehicles,NewVehicleRegistration-2026-02.pdf
ZAF,2026-02,shared,cars,EC,1868,vehicles,NewVehicleRegistration-2026-02.pdf
ZAF,2026-02,shared,cars,FS,803,vehicles,NewVehicleRegistration-2026-02.pdf
ZAF,2026-02,shared,cars,GP,17600,vehicles,NewVehicleRegistration-2026-02.pdf
ZAF,2026-02,shared,cars,KZN,6215,vehicles,NewVehicleRegistration-2026-02.pdf
ZAF,2026-02,shared,cars,LP,1263,vehicles,NewVehicleRegistration-2026-02.pdf
ZAF,2026-02,shared,cars,MP,1399,vehicles,NewVehicleRegistration-2026-02.pdf
ZAF,2026-02,shared,cars,NC,309,vehicles,NewVehicleRegistration-2026-02.pdf
ZAF,2026-02,shared,cars,NW,1048,vehicles,NewVehicleRegistration-2026-02.pdf
ZAF,2026-02,shared,cars,WC,3987,vehicles,NewVehicleRegistration-2026-02.pdf
ZAF,2026-02,shared,cars,ZAF,34492,vehicles,NewVehicleRegistration-2026-02.pdf
ZAF,2026-02,shared,light_commercial,EC,684,vehicles,NewVehicleRegistration-2026-02.pdf
ZAF,2026-02,shared,light_commercial,FS,448,vehicles,NewVehicleRegistration-2026-02.pdf
ZAF,2026-02,shared,light_commercial,GP,5066,vehicles,NewVehicleRegistration-2026-02.pdf
ZAF,2026-02,shared,light_commercial,KZN,1688,vehicles,NewVehicleRegistration-2026-02.pdf
ZAF,2026-02,shared,light_commercial,LP,595,vehicles,NewVehicleRegistration-2026-02.pdf
ZAF,2026-02,shared,light_commercial,MP,748,vehicles,NewVehicleRegistration-2026-02.pdf
ZAF,2026-02,shared,light_commercial,NC,205,vehicles,NewVehicleRegistration-2026-02.pdf
ZAF,2026-02,shared,light_commercial,NW,534,vehicles,NewVehicleRegistration-2026-02.pdf
ZAF,2026-02,shared,light_commercial,WC,1267,vehicles,NewVehicleRegistration-2026-02.pdf
ZAF,2026-02,shared,light_commercial,ZAF,11235,vehicles,NewVehicleRegistration-2026-02.pdf
ZAF,2026-02,shared,minibuses,EC,84,vehicles,NewVehicleRegistration-2026-02.pdf
ZAF,2026-02,shared,minibuses,FS,29,vehicles,NewVehicleRegistration-2026-02.pdf
ZAF,2026-02,shared,minibuses,GP,354,vehicles,NewVehicleRegistration-2026-02.pdf
ZAF,2026-02,shared,minibuses,KZN,162,vehicles,NewVehicleRegistration-2026-02.pdf
ZAF,2026-02,shared,minibuses,LP,82,vehicles,NewVehicleRegistration-2026-02.pdf
ZAF,2026-02,shared,minibuses,MP,100,vehicles,NewVehicleRegistration-2026-02.pdf
ZAF,2026-02,shared,minibuses,NC,24,vehicles,NewVehicleRegistration-2026-02.pdf
ZAF,2026-02,shared,minibuses,NW,28,vehicles,NewVehicleRegistration-2026-02.pdf
ZAF,2026-02,shared,minibuses,WC,126,vehicles,NewVehicleRegistration-2026-02.pdf
ZAF,2026-02,shared,minibuses,ZAF,989,vehicles,NewVehicleRegistration-2026-02.pdf
ZAF,2026-02,shared,motorcycles,EC,95,vehicles,NewVehicleRegistration-2026-02.pdf
ZAF,2026-02,shared,motorcycles,FS,97,vehicles,NewVehicleRegistration-2026-02.pdf
ZAF,2026-02,shared,motorcycles,GP,1509,vehicles,NewVehicleRegistration-2026-02.pdf
ZAF,2026-02,shared,motorcycles,KZN,435,vehicles,NewVehicleRegistration-2026-02.pdf
ZAF,2026-02,shared,motorcycles,LP,54,vehicles,NewVehicleRegistration-2026-02.pdf
ZAF,2026-02,shared,motorcycles,MP,88,vehicles,NewVehicleRegistration-2026-02.pdf
ZAF,2026-02,shared,motorcycles,NC,23,vehicles,NewVehicleRegistration-2026-02.pdf
ZAF,2026-02,shared,motorcycles,NW,81,vehicles,NewVehicleRegistration-2026-02.pdf
ZAF,2026-02,shared,motorcycles,WC,463,vehicles,NewVehicleRegistration-2026-02.pdf
ZAF,2026-02,shared,motorcycles,ZAF,2845,vehicles,NewVehicleRegistration-2026-02.pdf
ZAF,2026-02,shared,other_self_propelled,EC,66,vehicles,NewVehicleRegistration-2026-02.pdf
ZAF,2026-02,shared,other_self_propelled,FS,49,vehicles,NewVehicleRegistration-2026-02.pdf
ZAF,2026-02,shared,other_self_propelled,GP,260,vehicles,NewVehicleRegistration-2026-02.pdf
ZAF,2026-02,shared,other_self_propelled,KZN,89,vehicles,NewVehicleRegistration-2026-02.pdf
ZAF,2026-02,shared,other_self_propelled,LP,93,vehicles,NewVehicleRegistration-2026-02.pdf
ZAF,2026-02,shared,other_self_propelled,MP,72,vehicles,NewVehicleRegistration-2026-02.pdf
ZAF,2026-02,shared,other_self_propelled,NC,22,vehicles,NewVehicleRegistration-2026-02.pdf
ZAF,2026-02,shared,other_self_propelled,NW,51,vehicles,NewVehicleRegistration-2026-02.pdf
ZAF,2026-02,shared,other_self_propelled,WC,98,vehicles,NewVehicleRegistration-2026-02.pdf
ZAF,2026-02,shared,other_self_propelled,ZAF,800,vehicles,NewVehicleRegistration-2026-02.pdf
ZAF,2026-02,shared,total_self_propelled,EC,2928,vehicles,NewVehicleRegistration-2026-02.pdf
ZAF,2026-02,shared,total_self_propelled,FS,1536,vehicles,NewVehicleRegistration-2026-02.pdf
ZAF,2026-02,shared,total_self_propelled,GP,25578,vehicles,NewVehicleRegistration-2026-02.pdf
ZAF,2026-02,shared,total_self_propelled,KZN,8877,vehicles,NewVehicleRegistration-2026-02.pdf
ZAF,2026-02,shared,total_self_propelled,LP,2186,vehicles,NewVehicleRegistration-2026-02.pdf
ZAF,2026-02,shared,total_self_propelled,MP,2607,vehicles,NewVehicleRegistration-2026-02.pdf
ZAF,2026-02,shared,total_self_propelled,NC,646,vehicles,NewVehicleRegistration-2026-02.pdf
ZAF,2026-02,shared,total_self_propelled,NW,1820,vehicles,NewVehicleRegistration-2026-02.pdf
ZAF,2026-02,shared,total_self_propelled,WC,6157,vehicles,NewVehicleRegistration-2026-02.pdf
ZAF,2026-02,shared,total_self_propelled,ZAF,52335,vehicles,NewVehicleRegistration-2026-02.pdf
ZAF,2026-02,shared,trucks,EC,107,vehicles,NewVehicleRegistration-2026-02.pdf
ZAF,2026-02,shared,trucks,FS,97,vehicles,NewVehicleRegistration-2026-02.pdf
ZAF,2026-02,shared,trucks,GP,712,vehicles,NewVehicleRegistration-2026-02.pdf
ZAF,2026-02,shared,trucks,KZN,268,vehicles,NewVehicleRegistration-2026-02.pdf
ZAF,2026-02,shared,trucks,LP,86,vehicles,NewVehicleRegistration-2026-02.pdf
ZAF,2026-02,shared,trucks,MP,168,vehicles,NewVehicleRegistration-2026-02.pdf
ZAF,2026-02,shared,trucks,NC,50,vehicles,NewVehicleRegistration-2026-02.pdf
ZAF,2026-02,shared,trucks,NW,72,vehicles,NewVehicleRegistration-2026-02.pdf
ZAF,2026-02,shared,trucks,WC,202,vehicles,NewVehicleRegistration-2026-02.pdf
ZAF,2026-02,shared,trucks,ZAF,1762,vehicles,NewVehicleRegistration-2026-02.pdf
ZAF,2026-03,shared,buses,EC,23,vehicles,NewVehicleRegistration-2026-03.pdf
ZAF,2026-03,shared,buses,FS,10,vehicles,NewVehicleRegistration-2026-03.pdf
ZAF,2026-03,shared,buses,GP,97,vehicles,NewVehicleRegistration-2026-03.pdf
ZAF,2026-03,shared,buses,KZN,19,vehicles,NewVehicleRegistration-2026-03.pdf
ZAF,2026-03,shared,buses,LP,38,vehicles,NewVehicleRegistration-2026-03.pdf
ZAF,2026-03,shared,buses,MP,24,vehicles,NewVehicleRegistration-2026-03.pdf
ZAF,2026-03,shared,buses,NC,4,vehicles,NewVehicleRegistration-2026-03.pdf
ZAF,2026-03,shared,buses,NW,7,vehicles,NewVehicleRegistration-2026-03.pdf
ZAF,2026-03,shared,buses,WC,19,vehicles,NewVehicleRegistration-2026-03.pdf
ZAF,2026-03,shared,buses,ZAF,241,vehicles,NewVehicleRegistration-2026-03.pdf
ZAF,2026-03,shared,cars,EC,2076,vehicles,NewVehicleRegistration-2026-03.pdf
ZAF,2026-03,shared,cars,FS,844,vehicles,NewVehicleRegistration-2026-03.pdf
ZAF,2026-03,shared,cars,GP,18391,vehicles,NewVehicleRegistration-2026-03.pdf
ZAF,2026-03,shared,cars,KZN,6418,vehicles,NewVehicleRegistration-2026-03.pdf
ZAF,2026-03,shared,cars,LP,1358,vehicles,NewVehicleRegistration-2026-03.pdf
ZAF,2026-03,shared,cars,MP,1393,vehicles,NewVehicleRegistration-2026-03.pdf
ZAF,2026-03,shared,cars,NC,330,vehicles,NewVehicleRegistration-2026-03.pdf
ZAF,2026-03,shared,cars,NW,1091,vehicles,NewVehicleRegistration-2026-03.pdf
ZAF,2026-03,shared,cars,WC,4431,vehicles,NewVehicleRegistration-2026-03.pdf
ZAF,2026-03,shared,cars,ZAF,36332,vehicles,NewVehicleRegistration-2026-03.pdf
ZAF,2026-03,shared,light_commercial,EC,915,vehicles,NewVehicleRegistration-2026-03.pdf
ZAF,2026-03,shared,light_commercial,FS,588,vehicles,NewVehicleRegistration-2026-03.pdf
ZAF,2026-03,shared,light_commercial,GP,5371,vehicles,NewVehicleRegistration-2026-03.pdf
ZAF,2026-03,shared,light_commercial,KZN,1887,vehicles,NewVehicleRegistration-2026-03.pdf
ZAF,2026-03,shared,light_commercial,LP,675,vehicles,NewVehicleRegistration-2026-03.pdf
ZAF,2026-03,shared,light_commercial,MP,885,vehicles,NewVehicleRegistration-2026-03.pdf
ZAF,2026-03,shared,light_commercial,NC,358,vehicles,NewVehicleRegistration-2026-03.pdf
ZAF,2026-03,shared,light_commercial,NW,625,vehicles,NewVehicleRegistration-2026-03.pdf
ZAF,2026-03,shared,light_commercial,WC,1279,vehicles,NewVehicleRegistration-2026-03.pdf
ZAF,2026-03,shared,light_commercial,ZAF,12583,vehicles,NewVehicleRegistration-2026-03.pdf
ZAF,2026-03,shared,minibuses,EC,78,vehicles,NewVehicleRegistration-2026-03.pdf
ZAF,2026-03,shared,minibuses,FS,19,vehicles,NewVehicleRegistration-2026-03.pdf
ZAF,2026-03,shared,minibuses,GP,367,vehicles,NewVehicleRegistration-2026-03.pdf
ZAF,2026-03,shared,minibuses,KZN,160,vehicles,NewVehicleRegistration-2026-03.pdf
ZAF,2026-03,shared,minibuses,LP,61,vehicles,NewVehicleRegistration-2026-03.pdf
ZAF,2026-03,shared,minibuses,MP,95,vehicles,NewVehicleRegistration-2026-03.pdf
ZAF,2026-03,shared,minibuses,NC,19,vehicles,NewVehicleRegistration-2026-03.pdf
ZAF,2026-03,shared,minibuses,NW,37,vehicles,NewVehicleRegistration-2026-03.pdf
ZAF,2026-03,shared,minibuses,WC,151,vehicles,NewVehicleRegistration-2026-03.pdf
ZAF,2026-03,shared,minibuses,ZAF,987,vehicles,NewVehicleRegistration-2026-03.pdf
ZAF,2026-03,shared,motorcycles,EC,146,vehicles,NewVehicleRegistration-2026-03.pdf
ZAF,2026-03,shared,motorcycles,FS,94,vehicles,NewVehicleRegistration-2026-03.pdf
ZAF,2026-03,shared,motorcycles,GP,1676,vehicles,NewVehicleRegistration-2026-03.pdf
ZAF,2026-03,shared,motorcycles,KZN,348,vehicles,NewVehicleRegistration-2026-03.pdf
ZAF,2026-03,shared,motorcycles,LP,48,vehicles,NewVehicleRegistration-2026-03.pdf
ZAF,2026-03,shared,motorcycles,MP,120,vehicles,NewVehicleRegistration-2026-03.pdf
ZAF,2026-03,shared,motorcycles,NC,30,vehicles,NewVehicleRegistration-2026-03.pdf
ZAF,2026-03,shared,motorcycles,NW,63,vehicles,NewVehicleRegistration-2026-03.pdf
ZAF,2026-03,shared,motorcycles,WC,513,vehicles,NewVehicleRegistration-2026-03.pdf
ZAF,2026-03,shared,motorcycles,ZAF,3038,vehicles,NewVehicleRegistration-2026-03.pdf
ZAF,2026-03,shared,other_self_propelled,EC,74,vehicles,NewVehicleRegistration-2026-03.pdf
ZAF,2026-03,shared,other_self_propelled,FS,85,vehicles,NewVehicleRegistration-2026-03.pdf
ZAF,2026-03,shared,other_self_propelled,GP,199,vehicles,NewVehicleRegistration-2026-03.pdf
ZAF,2026-03,shared,other_self_propelled,KZN,139,vehicles,NewVehicleRegistration-2026-03.pdf
ZAF,2026-03,shared,other_self_propelled,LP,118,vehicles,NewVehicleRegistration-2026-03.pdf
ZAF,2026-03,shared,other_self_propelled,MP,88,vehicles,NewVehicleRegistration-2026-03.pdf
ZAF,2026-03,shared,other_self_propelled,NC,22,vehicles,NewVehicleRegistration-2026-03.pdf
ZAF,2026-03,shared,other_self_propelled,NW,65,vehicles,NewVehicleRegistration-2026-03.pdf
ZAF,2026-03,shared,other_self_propelled,WC,144,vehicles,NewVehicleRegistration-2026-03.pdf
ZAF,2026-03,shared,other_self_propelled,ZAF,934,vehicles,NewVehicleRegistration-2026-03.pdf
ZAF,2026-03,shared,total_self_propelled,EC,3421,vehicles,NewVehicleRegistration-2026-03.pdf
ZAF,2026-03,shared,total_self_propelled,FS,1819,vehicles,NewVehicleRegistration-2026-03.pdf
ZAF,2026-03,shared,total_self_propelled,GP,26947,vehicles,NewVehicleRegistration-2026-03.pdf
ZAF,2026-03,shared,total_self_propelled,KZN,9334,vehicles,NewVehicleRegistration-2026-03.pdf
ZAF,2026-03,shared,total_self_propelled,LP,2412,vehicles,NewVehicleRegistration-2026-03.pdf
ZAF,2026-03,shared,total_self_propelled,MP,2819,vehicles,NewVehicleRegistration-2026-03.pdf
ZAF,2026-03,shared,total_self_propelled,NC,828,vehicles,NewVehicleRegistration-2026-03.pdf
ZAF,2026-03,shared,total_self_propelled,NW,1978,vehicles,NewVehicleRegistration-2026-03.pdf
ZAF,2026-03,shared,total_self_propelled,WC,6784,vehicles,NewVehicleRegistration-2026-03.pdf
ZAF,2026-03,shared,total_self_propelled,ZAF,56342,vehicles,NewVehicleRegistration-2026-03.pdf
ZAF,2026-03,shared,trucks,EC,109,vehicles,NewVehicleRegistration-2026-03.pdf
ZAF,2026-03,shared,trucks,FS,179,vehicles,NewVehicleRegistration-2026-03.pdf
ZAF,2026-03,shared,trucks,GP,846,vehicles,NewVehicleRegistration-2026-03.pdf
ZAF,2026-03,shared,trucks,KZN,363,vehicles,NewVehicleRegistration-2026-03.pdf
ZAF,2026-03,shared,trucks,LP,114,vehicles,NewVehicleRegistration-2026-03.pdf
ZAF,2026-03,shared,trucks,MP,214,vehicles,NewVehicleRegistration-2026-03.pdf
ZAF,2026-03,shared,trucks,NC,65,vehicles,NewVehicleRegistration-2026-03.pdf
ZAF,2026-03,shared,trucks,NW,90,vehicles,NewVehicleRegistration-2026-03.pdf
ZAF,2026-03,shared,trucks,WC,247,vehicles,NewVehicleRegistration-2026-03.pdf
ZAF,2026-03,shared,trucks,ZAF,2227,vehicles,NewVehicleRegistration-2026-03.pdf
ZAF,2026-04,shared,buses,EC,15,vehicles,NewVehicleRegistration-2026-04.pdf
ZAF,2026-04,shared,buses,FS,9,vehicles,NewVehicleRegistration-2026-04.pdf
ZAF,2026-04,shared,buses,GP,68,vehicles,NewVehicleRegistration-2026-04.pdf
ZAF,2026-04,shared,buses,KZN,25,vehicles,NewVehicleRegistration-2026-04.pdf
ZAF,2026-04,shared,buses,LP,15,vehicles,NewVehicleRegistration-2026-04.pdf
ZAF,2026-04,shared,buses,MP,28,vehicles,NewVehicleRegistration-2026-04.pdf
ZAF,2026-04,shared,buses,NC,8,vehicles,NewVehicleRegistration-2026-04.pdf
ZAF,2026-04,shared,buses,NW,16,vehicles,NewVehicleRegistration-2026-04.pdf
ZAF,2026-04,shared,buses,WC,15,vehicles,NewVehicleRegistration-2026-04.pdf
ZAF,2026-04,shared,buses,ZAF,199,vehicles,NewVehicleRegistration-2026-04.pdf
ZAF,2026-04,shared,cars,EC,1788,vehicles,NewVehicleRegistration-2026-04.pdf
ZAF,2026-04,shared,cars,FS,714,vehicles,NewVehicleRegistration-2026-04.pdf
ZAF,2026-04,shared,cars,GP,14797,vehicles,NewVehicleRegistration-2026-04.pdf
ZAF,2026-04,shared,cars,KZN,5470,vehicles,NewVehicleRegistration-2026-04.pdf
ZAF,2026-04,shared,cars,LP,1227,vehicles,NewVehicleRegistration-2026-04.pdf
ZAF,2026-04,shared,cars,MP,1292,vehicles,NewVehicleRegistration-2026-04.pdf
ZAF,2026-04,shared,cars,NC,318,vehicles,NewVehicleRegistration-2026-04.pdf
ZAF,2026-04,shared,cars,NW,945,vehicles,NewVehicleRegistration-2026-04.pdf
ZAF,2026-04,shared,cars,WC,3834,vehicles,NewVehicleRegistration-2026-04.pdf
ZAF,2026-04,shared,cars,ZAF,30385,vehicles,NewVehicleRegistration-2026-04.pdf
ZAF,2026-04,shared,light_commercial,EC,735,vehicles,NewVehicleRegistration-2026-04.pdf
ZAF,2026-04,shared,light_commercial,FS,372,vehicles,NewVehicleRegistration-2026-04.pdf
ZAF,2026-04,shared,light_commercial,GP,4680,vehicles,NewVehicleRegistration-2026-04.pdf
ZAF,2026-04,shared,light_commercial,KZN,1604,vehicles,NewVehicleRegistration-2026-04.pdf
ZAF,2026-04,shared,light_commercial,LP,667,vehicles,NewVehicleRegistration-2026-04.pdf
ZAF,2026-04,shared,light_commercial,MP,796,vehicles,NewVehicleRegistration-2026-04.pdf
ZAF,2026-04,shared,light_commercial,NC,214,vehicles,NewVehicleRegistration-2026-04.pdf
ZAF,2026-04,shared,light_commercial,NW,495,vehicles,NewVehicleRegistration-2026-04.pdf
ZAF,2026-04,shared,light_commercial,WC,1010,vehicles,NewVehicleRegistration-2026-04.pdf
ZAF,2026-04,shared,light_commercial,ZAF,10573,vehicles,NewVehicleRegistration-2026-04.pdf
ZAF,2026-04,shared,minibuses,EC,64,vehicles,NewVehicleRegistration-2026-04.pdf
ZAF,2026-04,shared,minibuses,FS,24,vehicles,NewVehicleRegistration-2026-04.pdf
ZAF,2026-04,shared,minibuses,GP,323,vehicles,NewVehicleRegistration-2026-04.pdf
ZAF,2026-04,shared,minibuses,KZN,127,vehicles,NewVehicleRegistration-2026-04.pdf
ZAF,2026-04,shared,minibuses,LP,50,vehicles,NewVehicleRegistration-2026-04.pdf
ZAF,2026-04,shared,minibuses,MP,71,vehicles,NewVehicleRegistration-2026-04.pdf
ZAF,2026-04,shared,minibuses,NC,14,vehicles,NewVehicleRegistration-2026-04.pdf
ZAF,2026-04,shared,minibuses,NW,20,vehicles,NewVehicleRegistration-2026-04.pdf
ZAF,2026-04,shared,minibuses,WC,119,vehicles,NewVehicleRegistration-2026-04.pdf
ZAF,2026-04,shared,minibuses,ZAF,812,vehicles,NewVehicleRegistration-2026-04.pdf
ZAF,2026-04,shared,motorcycles,EC,119,vehicles,NewVehicleRegistration-2026-04.pdf
ZAF,2026-04,shared,motorcycles,FS,87,vehicles,NewVehicleRegistration-2026-04.pdf
ZAF,2026-04,shared,motorcycles,GP,1598,vehicles,NewVehicleRegistration-2026-04.pdf
ZAF,2026-04,shared,motorcycles,KZN,488,vehicles,NewVehicleRegistration-2026-04.pdf
ZAF,2026-04,shared,motorcycles,LP,55,vehicles,NewVehicleRegistration-2026-04.pdf
ZAF,2026-04,shared,motorcycles,MP,101,vehicles,NewVehicleRegistration-2026-04.pdf
ZAF,2026-04,shared,motorcycles,NC,33,vehicles,NewVehicleRegistration-2026-04.pdf
ZAF,2026-04,shared,motorcycles,NW,58,vehicles,NewVehicleRegistration-2026-04.pdf
ZAF,2026-04,shared,motorcycles,WC,518,vehicles,NewVehicleRegistration-2026-04.pdf
ZAF,2026-04,shared,motorcycles,ZAF,3057,vehicles,NewVehicleRegistration-2026-04.pdf
ZAF,2026-04,shared,other_self_propelled,EC,80,vehicles,NewVehicleRegistration-2026-04.pdf
ZAF,2026-04,shared,other_self_propelled,FS,46,vehicles,NewVehicleRegistration-2026-04.pdf
ZAF,2026-04,shared,other_self_propelled,GP,212,vehicles,NewVehicleRegistration-2026-04.pdf
ZAF,2026-04,shared,other_self_propelled,KZN,88,vehicles,NewVehicleRegistration-2026-04.pdf
ZAF,2026-04,shared,other_self_propelled,LP,108,vehicles,NewVehicleRegistration-2026-04.pdf
ZAF,2026-04,shared,other_self_propelled,MP,91,vehicles,NewVehicleRegistration-2026-04.pdf
ZAF,2026-04,shared,other_self_propelled,NC,53,vehicles,NewVehicleRegistration-2026-04.pdf
ZAF,2026-04,shared,other_self_propelled,NW,42,vehicles,NewVehicleRegistration-2026-04.pdf
ZAF,2026-04,shared,other_self_propelled,WC,66,vehicles,NewVehicleRegistration-2026-04.pdf
ZAF,2026-04,shared,other_self_propelled,ZAF,786,vehicles,NewVehicleRegistration-2026-04.pdf
ZAF,2026-04,shared,total_self_propelled,EC,2890,vehicles,NewVehicleRegistration-2026-04.pdf
ZAF,2026-04,shared,total_self_propelled,FS,1365,vehicles,NewVehicleRegistration-2026-04.pdf
ZAF,2026-04,shared,total_self_propelled,GP,22472,vehicles,NewVehicleRegistration-2026-04.pdf
ZAF,2026-04,shared,total_self_propelled,KZN,8108,vehicles,NewVehicleRegistration-2026-04.pdf
ZAF,2026-04,shared,total_self_propelled,LP,2250,vehicles,NewVehicleRegistration-2026-04.pdf
ZAF,2026-04,shared,total_self_propelled,MP,2560,vehicles,NewVehicleRegistration-2026-04.pdf
ZAF,2026-04,shared,total_self_propelled,NC,689,vehicles,NewVehicleRegistration-2026-04.pdf
ZAF,2026-04,shared,total_self_propelled,NW,1632,vehicles,NewVehicleRegistration-2026-04.pdf
ZAF,2026-04,shared,total_self_propelled,WC,5780,vehicles,NewVehicleRegistration-2026-04.pdf
ZAF,2026-04,shared,total_self_propelled,ZAF,47746,vehicles,NewVehicleRegistration-2026-04.pdf
ZAF,2026-04,shared,trucks,EC,89,vehicles,NewVehicleRegistration-2026-04.pdf
ZAF,2026-04,shared,trucks,FS,113,vehicles,NewVehicleRegistration-2026-04.pdf
ZAF,2026-04,shared,trucks,GP,794,vehicles,NewVehicleRegistration-2026-04.pdf
ZAF,2026-04,shared,trucks,KZN,306,vehicles,NewVehicleRegistration-2026-04.pdf
ZAF,2026-04,shared,trucks,LP,128,vehicles,NewVehicleRegistration-2026-04.pdf
ZAF,2026-04,shared,trucks,MP,181,vehicles,NewVehicleRegistration-2026-04.pdf
ZAF,2026-04,shared,trucks,NC,49,vehicles,NewVehicleRegistration-2026-04.pdf
ZAF,2026-04,shared,trucks,NW,56,vehicles,NewVehicleRegistration-2026-04.pdf
ZAF,2026-04,shared,trucks,WC,218,vehicles,NewVehicleRegistration-2026-04.pdf
ZAF,2026-04,shared,trucks,ZAF,1934,vehicles,NewVehicleRegistration-2026-04.pdf
ZAF,2026-05,shared,buses,EC,5,vehicles,NewVehicleRegistration-2026-05.pdf
ZAF,2026-05,shared,buses,FS,13,vehicles,NewVehicleRegistration-2026-05.pdf
ZAF,2026-05,shared,buses,GP,91,vehicles,NewVehicleRegistration-2026-05.pdf
ZAF,2026-05,shared,buses,KZN,23,vehicles,NewVehicleRegistration-2026-05.pdf
ZAF,2026-05,shared,buses,LP,25,vehicles,NewVehicleRegistration-2026-05.pdf
ZAF,2026-05,shared,buses,MP,29,vehicles,NewVehicleRegistration-2026-05.pdf
ZAF,2026-05,shared,buses,NC,9,vehicles,NewVehicleRegistration-2026-05.pdf
ZAF,2026-05,shared,buses,NW,26,vehicles,NewVehicleRegistration-2026-05.pdf
ZAF,2026-05,shared,buses,WC,14,vehicles,NewVehicleRegistration-2026-05.pdf
ZAF,2026-05,shared,buses,ZAF,235,vehicles,NewVehicleRegistration-2026-05.pdf
ZAF,2026-05,shared,cars,EC,1799,vehicles,NewVehicleRegistration-2026-05.pdf
ZAF,2026-05,shared,cars,FS,782,vehicles,NewVehicleRegistration-2026-05.pdf
ZAF,2026-05,shared,cars,GP,16680,vehicles,NewVehicleRegistration-2026-05.pdf
ZAF,2026-05,shared,cars,KZN,5916,vehicles,NewVehicleRegistration-2026-05.pdf
ZAF,2026-05,shared,cars,LP,1239,vehicles,NewVehicleRegistration-2026-05.pdf
ZAF,2026-05,shared,cars,MP,1322,vehicles,NewVehicleRegistration-2026-05.pdf
ZAF,2026-05,shared,cars,NC,278,vehicles,NewVehicleRegistration-2026-05.pdf
ZAF,2026-05,shared,cars,NW,938,vehicles,NewVehicleRegistration-2026-05.pdf
ZAF,2026-05,shared,cars,WC,3678,vehicles,NewVehicleRegistration-2026-05.pdf
ZAF,2026-05,shared,cars,ZAF,32632,vehicles,NewVehicleRegistration-2026-05.pdf
ZAF,2026-05,shared,light_commercial,EC,601,vehicles,NewVehicleRegistration-2026-05.pdf
ZAF,2026-05,shared,light_commercial,FS,394,vehicles,NewVehicleRegistration-2026-05.pdf
ZAF,2026-05,shared,light_commercial,GP,4138,vehicles,NewVehicleRegistration-2026-05.pdf
ZAF,2026-05,shared,light_commercial,KZN,1433,vehicles,NewVehicleRegistration-2026-05.pdf
ZAF,2026-05,shared,light_commercial,LP,554,vehicles,NewVehicleRegistration-2026-05.pdf
ZAF,2026-05,shared,light_commercial,MP,563,vehicles,NewVehicleRegistration-2026-05.pdf
ZAF,2026-05,shared,light_commercial,NC,182,vehicles,NewVehicleRegistration-2026-05.pdf
ZAF,2026-05,shared,light_commercial,NW,493,vehicles,NewVehicleRegistration-2026-05.pdf
ZAF,2026-05,shared,light_commercial,WC,977,vehicles,NewVehicleRegistration-2026-05.pdf
ZAF,2026-05,shared,light_commercial,ZAF,9335,vehicles,NewVehicleRegistration-2026-05.pdf
ZAF,2026-05,shared,minibuses,EC,65,vehicles,NewVehicleRegistration-2026-05.pdf
ZAF,2026-05,shared,minibuses,FS,19,vehicles,NewVehicleRegistration-2026-05.pdf
ZAF,2026-05,shared,minibuses,GP,346,vehicles,NewVehicleRegistration-2026-05.pdf
ZAF,2026-05,shared,minibuses,KZN,159,vehicles,NewVehicleRegistration-2026-05.pdf
ZAF,2026-05,shared,minibuses,LP,77,vehicles,NewVehicleRegistration-2026-05.pdf
ZAF,2026-05,shared,minibuses,MP,55,vehicles,NewVehicleRegistration-2026-05.pdf
ZAF,2026-05,shared,minibuses,NC,8,vehicles,NewVehicleRegistration-2026-05.pdf
ZAF,2026-05,shared,minibuses,NW,22,vehicles,NewVehicleRegistration-2026-05.pdf
ZAF,2026-05,shared,minibuses,WC,114,vehicles,NewVehicleRegistration-2026-05.pdf
ZAF,2026-05,shared,minibuses,ZAF,865,vehicles,NewVehicleRegistration-2026-05.pdf
ZAF,2026-05,shared,motorcycles,EC,114,vehicles,NewVehicleRegistration-2026-05.pdf
ZAF,2026-05,shared,motorcycles,FS,80,vehicles,NewVehicleRegistration-2026-05.pdf
ZAF,2026-05,shared,motorcycles,GP,2090,vehicles,NewVehicleRegistration-2026-05.pdf
ZAF,2026-05,shared,motorcycles,KZN,428,vehicles,NewVehicleRegistration-2026-05.pdf
ZAF,2026-05,shared,motorcycles,LP,58,vehicles,NewVehicleRegistration-2026-05.pdf
ZAF,2026-05,shared,motorcycles,MP,131,vehicles,NewVehicleRegistration-2026-05.pdf
ZAF,2026-05,shared,motorcycles,NC,36,vehicles,NewVehicleRegistration-2026-05.pdf
ZAF,2026-05,shared,motorcycles,NW,88,vehicles,NewVehicleRegistration-2026-05.pdf
ZAF,2026-05,shared,motorcycles,WC,428,vehicles,NewVehicleRegistration-2026-05.pdf
ZAF,2026-05,shared,motorcycles,ZAF,3453,vehicles,NewVehicleRegistration-2026-05.pdf
ZAF,2026-05,shared,other_self_propelled,EC,91,vehicles,NewVehicleRegistration-2026-05.pdf
ZAF,2026-05,shared,other_self_propelled,FS,83,vehicles,NewVehicleRegistration-2026-05.pdf
ZAF,2026-05,shared,other_self_propelled,GP,181,vehicles,NewVehicleRegistration-2026-05.pdf
ZAF,2026-05,shared,other_self_propelled,KZN,74,vehicles,NewVehicleRegistration-2026-05.pdf
ZAF,2026-05,shared,other_self_propelled,LP,78,vehicles,NewVehicleRegistration-2026-05.pdf
ZAF,2026-05,shared,other_self_propelled,MP,49,vehicles,NewVehicleRegistration-2026-05.pdf
ZAF,2026-05,shared,other_self_propelled,NC,29,vehicles,NewVehicleRegistration-2026-05.pdf
ZAF,2026-05,shared,other_self_propelled,NW,41,vehicles,NewVehicleRegistration-2026-05.pdf
ZAF,2026-05,shared,other_self_propelled,WC,81,vehicles,NewVehicleRegistration-2026-05.pdf
ZAF,2026-05,shared,other_self_propelled,ZAF,707,vehicles,NewVehicleRegistration-2026-05.pdf
ZAF,2026-05,shared,total_self_propelled,EC,2756,vehicles,NewVehicleRegistration-2026-05.pdf
ZAF,2026-05,shared,total_self_propelled,FS,1487,vehicles,NewVehicleRegistration-2026-05.pdf
ZAF,2026-05,shared,total_self_propelled,GP,24419,vehicles,NewVehicleRegistration-2026-05.pdf
ZAF,2026-05,shared,total_self_propelled,KZN,8360,vehicles,NewVehicleRegistration-2026-05.pdf
ZAF,2026-05,shared,total_self_propelled,LP,2219,vehicles,NewVehicleRegistration-2026-05.pdf
ZAF,2026-05,shared,total_self_propelled,MP,2377,vehicles,NewVehicleRegistration-2026-05.pdf
ZAF,2026-05,shared,total_self_propelled,NC,570,vehicles,NewVehicleRegistration-2026-05.pdf
ZAF,2026-05,shared,total_self_propelled,NW,1669,vehicles,NewVehicleRegistration-2026-05.pdf
ZAF,2026-05,shared,total_self_propelled,WC,5550,vehicles,NewVehicleRegistration-2026-05.pdf
ZAF,2026-05,shared,total_self_propelled,ZAF,49407,vehicles,NewVehicleRegistration-2026-05.pdf
ZAF,2026-05,shared,trucks,EC,81,vehicles,NewVehicleRegistration-2026-05.pdf
ZAF,2026-05,shared,trucks,FS,116,vehicles,NewVehicleRegistration-2026-05.pdf
ZAF,2026-05,shared,trucks,GP,893,vehicles,NewVehicleRegistration-2026-05.pdf
ZAF,2026-05,shared,trucks,KZN,327,vehicles,NewVehicleRegistration-2026-05.pdf
ZAF,2026-05,shared,trucks,LP,188,vehicles,NewVehicleRegistration-2026-05.pdf
ZAF,2026-05,shared,trucks,MP,228,vehicles,NewVehicleRegistration-2026-05.pdf
ZAF,2026-05,shared,trucks,NC,28,vehicles,NewVehicleRegistration-2026-05.pdf
ZAF,2026-05,shared,trucks,NW,61,vehicles,NewVehicleRegistration-2026-05.pdf
ZAF,2026-05,shared,trucks,WC,258,vehicles,NewVehicleRegistration-2026-05.pdf
ZAF,2026-05,shared,trucks,ZAF,2180,vehicles,NewVehicleRegistration-2026-05.pdf
ZAF,2026-06,shared,buses,EC,9,vehicles,NewVehicleRegistration-2026-06.pdf
ZAF,2026-06,shared,buses,FS,8,vehicles,NewVehicleRegistration-2026-06.pdf
ZAF,2026-06,shared,buses,GP,108,vehicles,NewVehicleRegistration-2026-06.pdf
ZAF,2026-06,shared,buses,KZN,14,vehicles,NewVehicleRegistration-2026-06.pdf
ZAF,2026-06,shared,buses,LP,54,vehicles,NewVehicleRegistration-2026-06.pdf
ZAF,2026-06,shared,buses,MP,20,vehicles,NewVehicleRegistration-2026-06.pdf
ZAF,2026-06,shared,buses,NC,4,vehicles,NewVehicleRegistration-2026-06.pdf
ZAF,2026-06,shared,buses,NW,4,vehicles,NewVehicleRegistration-2026-06.pdf
ZAF,2026-06,shared,buses,WC,25,vehicles,NewVehicleRegistration-2026-06.pdf
ZAF,2026-06,shared,buses,ZAF,246,vehicles,NewVehicleRegistration-2026-06.pdf
ZAF,2026-06,shared,cars,EC,1948,vehicles,NewVehicleRegistration-2026-06.pdf
ZAF,2026-06,shared,cars,FS,861,vehicles,NewVehicleRegistration-2026-06.pdf
ZAF,2026-06,shared,cars,GP,18605,vehicles,NewVehicleRegistration-2026-06.pdf
ZAF,2026-06,shared,cars,KZN,5781,vehicles,NewVehicleRegistration-2026-06.pdf
ZAF,2026-06,shared,cars,LP,1204,vehicles,NewVehicleRegistration-2026-06.pdf
ZAF,2026-06,shared,cars,MP,1485,vehicles,NewVehicleRegistration-2026-06.pdf
ZAF,2026-06,shared,cars,NC,351,vehicles,NewVehicleRegistration-2026-06.pdf
ZAF,2026-06,shared,cars,NW,1094,vehicles,NewVehicleRegistration-2026-06.pdf
ZAF,2026-06,shared,cars,WC,3958,vehicles,NewVehicleRegistration-2026-06.pdf
ZAF,2026-06,shared,cars,ZAF,35287,vehicles,NewVehicleRegistration-2026-06.pdf
ZAF,2026-06,shared,light_commercial,EC,668,vehicles,NewVehicleRegistration-2026-06.pdf
ZAF,2026-06,shared,light_commercial,FS,508,vehicles,NewVehicleRegistration-2026-06.pdf
ZAF,2026-06,shared,light_commercial,GP,4577,vehicles,NewVehicleRegistration-2026-06.pdf
ZAF,2026-06,shared,light_commercial,KZN,1408,vehicles,NewVehicleRegistration-2026-06.pdf
ZAF,2026-06,shared,light_commercial,LP,571,vehicles,NewVehicleRegistration-2026-06.pdf
ZAF,2026-06,shared,light_commercial,MP,713,vehicles,NewVehicleRegistration-2026-06.pdf
ZAF,2026-06,shared,light_commercial,NC,212,vehicles,NewVehicleRegistration-2026-06.pdf
ZAF,2026-06,shared,light_commercial,NW,463,vehicles,NewVehicleRegistration-2026-06.pdf
ZAF,2026-06,shared,light_commercial,WC,1204,vehicles,NewVehicleRegistration-2026-06.pdf
ZAF,2026-06,shared,light_commercial,ZAF,10324,vehicles,NewVehicleRegistration-2026-06.pdf
ZAF,2026-06,shared,minibuses,EC,76,vehicles,NewVehicleRegistration-2026-06.pdf
ZAF,2026-06,shared,minibuses,FS,20,vehicles,NewVehicleRegistration-2026-06.pdf
ZAF,2026-06,shared,minibuses,GP,434,vehicles,NewVehicleRegistration-2026-06.pdf
ZAF,2026-06,shared,minibuses,KZN,113,vehicles,NewVehicleRegistration-2026-06.pdf
ZAF,2026-06,shared,minibuses,LP,63,vehicles,NewVehicleRegistration-2026-06.pdf
ZAF,2026-06,shared,minibuses,MP,84,vehicles,NewVehicleRegistration-2026-06.pdf
ZAF,2026-06,shared,minibuses,NC,18,vehicles,NewVehicleRegistration-2026-06.pdf
ZAF,2026-06,shared,minibuses,NW,28,vehicles,NewVehicleRegistration-2026-06.pdf
ZAF,2026-06,shared,minibuses,WC,100,vehicles,NewVehicleRegistration-2026-06.pdf
ZAF,2026-06,shared,minibuses,ZAF,936,vehicles,NewVehicleRegistration-2026-06.pdf
ZAF,2026-06,shared,motorcycles,EC,110,vehicles,NewVehicleRegistration-2026-06.pdf
ZAF,2026-06,shared,motorcycles,FS,92,vehicles,NewVehicleRegistration-2026-06.pdf
ZAF,2026-06,shared,motorcycles,GP,1477,vehicles,NewVehicleRegistration-2026-06.pdf
ZAF,2026-06,shared,motorcycles,KZN,388,vehicles,NewVehicleRegistration-2026-06.pdf
ZAF,2026-06,shared,motorcycles,LP,60,vehicles,NewVehicleRegistration-2026-06.pdf
ZAF,2026-06,shared,motorcycles,MP,106,vehicles,NewVehicleRegistration-2026-06.pdf
ZAF,2026-06,shared,motorcycles,NC,26,vehicles,NewVehicleRegistration-2026-06.pdf
ZAF,2026-06,shared,motorcycles,NW,86,vehicles,NewVehicleRegistration-2026-06.pdf
ZAF,2026-06,shared,motorcycles,WC,521,vehicles,NewVehicleRegistration-2026-06.pdf
ZAF,2026-06,shared,motorcycles,ZAF,2866,vehicles,NewVehicleRegistration-2026-06.pdf
ZAF,2026-06,shared,other_self_propelled,EC,95,vehicles,NewVehicleRegistration-2026-06.pdf
ZAF,2026-06,shared,other_self_propelled,FS,94,vehicles,NewVehicleRegistration-2026-06.pdf
ZAF,2026-06,shared,other_self_propelled,GP,159,vehicles,NewVehicleRegistration-2026-06.pdf
ZAF,2026-06,shared,other_self_propelled,KZN,142,vehicles,NewVehicleRegistration-2026-06.pdf
ZAF,2026-06,shared,other_self_propelled,LP,53,vehicles,NewVehicleRegistration-2026-06.pdf
ZAF,2026-06,shared,other_self_propelled,MP,65,vehicles,NewVehicleRegistration-2026-06.pdf
ZAF,2026-06,shared,other_self_propelled,NC,31,vehicles,NewVehicleRegistration-2026-06.pdf
ZAF,2026-06,shared,other_self_propelled,NW,71,vehicles,NewVehicleRegistration-2026-06.pdf
ZAF,2026-06,shared,other_self_propelled,WC,114,vehicles,NewVehicleRegistration-2026-06.pdf
ZAF,2026-06,shared,other_self_propelled,ZAF,824,vehicles,NewVehicleRegistration-2026-06.pdf
ZAF,2026-06,shared,total_self_propelled,EC,3012,vehicles,NewVehicleRegistration-2026-06.pdf
ZAF,2026-06,shared,total_self_propelled,FS,1760,vehicles,NewVehicleRegistration-2026-06.pdf
ZAF,2026-06,shared,total_self_propelled,GP,26207,vehicles,NewVehicleRegistration-2026-06.pdf
ZAF,2026-06,shared,total_self_propelled,KZN,8196,vehicles,NewVehicleRegistration-2026-06.pdf
ZAF,2026-06,shared,total_self_propelled,LP,2207,vehicles,NewVehicleRegistration-2026-06.pdf
ZAF,2026-06,shared,total_self_propelled,MP,2732,vehicles,NewVehicleRegistration-2026-06.pdf
ZAF,2026-06,shared,total_self_propelled,NC,698,vehicles,NewVehicleRegistration-2026-06.pdf
ZAF,2026-06,shared,total_self_propelled,NW,1822,vehicles,NewVehicleRegistration-2026-06.pdf
ZAF,2026-06,shared,total_self_propelled,WC,6165,vehicles,NewVehicleRegistration-2026-06.pdf
ZAF,2026-06,shared,total_self_propelled,ZAF,52799,vehicles,NewVehicleRegistration-2026-06.pdf
ZAF,2026-06,shared,trucks,EC,106,vehicles,NewVehicleRegistration-2026-06.pdf
ZAF,2026-06,shared,trucks,FS,177,vehicles,NewVehicleRegistration-2026-06.pdf
ZAF,2026-06,shared,trucks,GP,847,vehicles,NewVehicleRegistration-2026-06.pdf
ZAF,2026-06,shared,trucks,KZN,350,vehicles,NewVehicleRegistration-2026-06.pdf
ZAF,2026-06,shared,trucks,LP,202,vehicles,NewVehicleRegistration-2026-06.pdf
ZAF,2026-06,shared,trucks,MP,259,vehicles,NewVehicleRegistration-2026-06.pdf
ZAF,2026-06,shared,trucks,NC,56,vehicles,NewVehicleRegistration-2026-06.pdf
ZAF,2026-06,shared,trucks,NW,76,vehicles,NewVehicleRegistration-2026-06.pdf
ZAF,2026-06,shared,trucks,WC,243,vehicles,NewVehicleRegistration-2026-06.pdf
ZAF,2026-06,shared,trucks,ZAF,2316,vehicles,NewVehicleRegistration-2026-06.pdf
