REF_AREA,TIME_PERIOD,ENERGY_PRODUCT,FLOW_BREAKDOWN,UNIT_MEASURE,OBS_VALUE,ASSESSMENT_CODE
ZA,2023-01,GASDIES,CLOSTLV,CONVBBL,7458.0000,3
ZA,2023-01,GASDIES,CLOSTLV,KBBL,3907.9920,3
ZA,2023-01,GASDIES,CLOSTLV,KBD,x,3
ZA,2023-01,GASDIES,CLOSTLV,KL,621.3221,3
ZA,2023-01,GASDIES,CLOSTLV,KTONS,524.0000,3
ZA,2023-01,GASDIES,IPTRANSF,CONVBBL,7458.0000,3
ZA,2023-01,GASDIES,IPTRANSF,KBBL,0.0000,3
ZA,2023-01,GASDIES,IPTRANSF,KBD,0.0000,3
ZA,2023-01,GASDIES,IPTRANSF,KL,0.0000,3
ZA,2023-01,GASDIES,IPTRANSF,KTONS,0.0000,3
ZA,2023-01,GASDIES,PTRANSF,CONVBBL,7458.0000,3
ZA,2023-01,GASDIES,PTRANSF,KBBL,-,3
ZA,2023-01,GASDIES,PTRANSF,KBD,-,3
ZA,2023-01,GASDIES,PTRANSF,KL,-,3
ZA,2023-01,GASDIES,PTRANSF,KTONS,-,3
ZA,2023-01,GASDIES,RECEIPTS,CONVBBL,7458.0000,3
ZA,2023-01,GASDIES,RECEIPTS,KBBL,-,3
ZA,2023-01,GASDIES,RECEIPTS,KBD,-,3
ZA,2023-01,GASDIES,RECEIPTS,KL,-,3
ZA,2023-01,GASDIES,RECEIPTS,KTONS,-,3
ZA,2023-01,GASDIES,REFGROUT,CONVBBL,7458.0000,3
ZA,2023-01,GASDIES,REFGROUT,KBBL,2147.9040,3
ZA,2023-01,GASDIES,REFGROUT,KBD,69.2872,3
ZA,2023-01,GASDIES,REFGROUT,KL,341.4900,3
ZA,2023-01,GASDIES,REFGROUT,KTONS,288.0000,3
ZA,2023-01,GASDIES,STATDIFF,CONVBBL,7458.0000,3
ZA,2023-01,GASDIES,STATDIFF,KBBL,-1722.7980,3
ZA,2023-01,GASDIES,STATDIFF,KBD,-55.5741,3
ZA,2023-01,GASDIES,STATDIFF,KL,-273.9035,3
ZA,2023-01,GASDIES,STATDIFF,KTONS,-231.0000,3
ZA,2023-01,GASDIES,STOCKCH,CONVBBL,7458.0000,3
ZA,2023-01,GASDIES,STOCKCH,KBBL,-559.3500,3
ZA,2023-01,GASDIES,STOCKCH,KBD,x,3
ZA,2023-01,GASDIES,STOCKCH,KL,-88.9297,3
ZA,2023-01,GASDIES,STOCKCH,KTONS,-75.0000,3
ZA,2023-01,GASDIES,TOTDEMO,CONVBBL,7458.0000,3
ZA,2023-01,GASDIES,TOTDEMO,KBBL,7010.5200,3
ZA,2023-01,GASDIES,TOTDEMO,KBD,226.1458,3
ZA,2023-01,GASDIES,TOTDEMO,KL,1114.5855,3
ZA,2023-01,GASDIES,TOTDEMO,KTONS,940.0000,3
ZA,2023-01,GASDIES,TOTEXPSB,CONVBBL,7458.0000,3
ZA,2023-01,GASDIES,TOTEXPSB,KBBL,89.4960,3
ZA,2023-01,GASDIES,TOTEXPSB,KBD,2.8870,3
ZA,2023-01,GASDIES,TOTEXPSB,KL,14.2288,3
ZA,2023-01,GASDIES,TOTEXPSB,KTONS,12.0000,3
ZA,2023-01,GASDIES,TOTIMPSB,CONVBBL,7458.0000,3
ZA,2023-01,GASDIES,TOTIMPSB,KBBL,2669.9640,3
ZA,2023-01,GASDIES,TOTIMPSB,KBD,86.1279,3
ZA,2023-01,GASDIES,TOTIMPSB,KL,424.4911,3
ZA,2023-01,GASDIES,TOTIMPSB,KTONS,358.0000,3
ZA,2023-02,GASDIES,CLOSTLV,CONVBBL,7458.0000,3
ZA,2023-02,GASDIES,CLOSTLV,KBBL,3922.9080,3
ZA,2023-02,GASDIES,CLOSTLV,KBD,x,3
ZA,2023-02,GASDIES,CLOSTLV,KL,623.6936,3
ZA,2023-02,GASDIES,CLOSTLV,KTONS,526.0000,3
ZA,2023-02,GASDIES,IPTRANSF,CONVBBL,7458.0000,3
ZA,2023-02,GASDIES,IPTRANSF,KBBL,0.0000,3
ZA,2023-02,GASDIES,IPTRANSF,KBD,0.0000,3
ZA,2023-02,GASDIES,IPTRANSF,KL,0.0000,3
ZA,2023-02,GASDIES,IPTRANSF,KTONS,0.0000,3
ZA,2023-02,GASDIES,PTRANSF,CONVBBL,7458.0000,3
ZA,2023-02,GASDIES,PTRANSF,KBBL,-,3
ZA,2023-02,GASDIES,PTRANSF,KBD,-,3
ZA,2023-02,GASDIES,PTRANSF,KL,-,3
ZA,2023-02,GASDIES,PTRANSF,KTONS,-,3
ZA,2023-02,GASDIES,RECEIPTS,CONVBBL,7458.0000,3
ZA,2023-02,GASDIES,RECEIPTS,KBBL,-,3
ZA,2023-02,GASDIES,RECEIPTS,KBD,-,3
ZA,2023-02,GASDIES,RECEIPTS,KL,-,3
ZA,2023-02,GASDIES,RECEIPTS,KTONS,-,3
ZA,2023-02,GASDIES,REFGROUT,CONVBBL,7458.0000,3
ZA,2023-02,GASDIES,REFGROUT,KBBL,2073.3240,3
ZA,2023-02,GASDIES,REFGROUT,KBD,74.0473,3
ZA,2023-02,GASDIES,REFGROUT,KL,329.6327,3
ZA,2023-02,GASDIES,REFGROUT,KTONS,278.0000,3
ZA,2023-02,GASDIES,STATDIFF,CONVBBL,7458.0000,3
ZA,2023-02,GASDIES,STATDIFF,KBBL,-850.2120,3
ZA,2023-02,GASDIES,STATDIFF,KBD,-30.3647,3
ZA,2023-02,GASDIES,STATDIFF,KL,-135.1731,3
ZA,2023-02,GASDIES,STATDIFF,KTONS,-114.0000,3
ZA,2023-02,GASDIES,STOCKCH,CONVBBL,7458.0000,3
ZA,2023-02,GASDIES,STOCKCH,KBBL,22.3740,3
ZA,2023-02,GASDIES,STOCKCH,KBD,x,3
ZA,2023-02,GASDIES,STOCKCH,KL,3.5572,3
ZA,2023-02,GASDIES,STOCKCH,KTONS,3.0000,3
ZA,2023-02,GASDIES,TOTDEMO,CONVBBL,7458.0000,3
ZA,2023-02,GASDIES,TOTDEMO,KBBL,8129.2200,3
ZA,2023-02,GASDIES,TOTDEMO,KBD,290.3293,3
ZA,2023-02,GASDIES,TOTDEMO,KL,1292.4449,3
ZA,2023-02,GASDIES,TOTDEMO,KTONS,1090.0000,3
ZA,2023-02,GASDIES,TOTEXPSB,CONVBBL,7458.0000,3
ZA,2023-02,GASDIES,TOTEXPSB,KBBL,89.4960,3
ZA,2023-02,GASDIES,TOTEXPSB,KBD,3.1963,3
ZA,2023-02,GASDIES,TOTEXPSB,KL,14.2288,3
ZA,2023-02,GASDIES,TOTEXPSB,KTONS,12.0000,3
ZA,2023-02,GASDIES,TOTIMPSB,CONVBBL,7458.0000,3
ZA,2023-02,GASDIES,TOTIMPSB,KBBL,5325.0120,3
ZA,2023-02,GASDIES,TOTIMPSB,KBD,190.1790,3
ZA,2023-02,GASDIES,TOTIMPSB,KL,846.6107,3
ZA,2023-02,GASDIES,TOTIMPSB,KTONS,714.0000,3
ZA,2023-03,GASDIES,CLOSTLV,CONVBBL,7458.0000,3
ZA,2023-03,GASDIES,CLOSTLV,KBBL,4638.8760,3
ZA,2023-03,GASDIES,CLOSTLV,KBD,x,3
ZA,2023-03,GASDIES,CLOSTLV,KL,737.5236,3
ZA,2023-03,GASDIES,CLOSTLV,KTONS,622.0000,3
ZA,2023-03,GASDIES,IPTRANSF,CONVBBL,7458.0000,3
ZA,2023-03,GASDIES,IPTRANSF,KBBL,0.0000,3
ZA,2023-03,GASDIES,IPTRANSF,KBD,0.0000,3
ZA,2023-03,GASDIES,IPTRANSF,KL,0.0000,3
ZA,2023-03,GASDIES,IPTRANSF,KTONS,0.0000,3
ZA,2023-03,GASDIES,PTRANSF,CONVBBL,7458.0000,3
ZA,2023-03,GASDIES,PTRANSF,KBBL,-,3
ZA,2023-03,GASDIES,PTRANSF,KBD,-,3
ZA,2023-03,GASDIES,PTRANSF,KL,-,3
ZA,2023-03,GASDIES,PTRANSF,KTONS,-,3
ZA,2023-03,GASDIES,RECEIPTS,CONVBBL,7458.0000,3
ZA,2023-03,GASDIES,RECEIPTS,KBBL,-,3
ZA,2023-03,GASDIES,RECEIPTS,KBD,-,3
ZA,2023-03,GASDIES,RECEIPTS,KL,-,3
ZA,2023-03,GASDIES,RECEIPTS,KTONS,-,3
ZA,2023-03,GASDIES,REFGROUT,CONVBBL,7458.0000,3
ZA,2023-03,GASDIES,REFGROUT,KBBL,2722.1700,3
ZA,2023-03,GASDIES,REFGROUT,KBD,87.8119,3
ZA,2023-03,GASDIES,REFGROUT,KL,432.7912,3
ZA,2023-03,GASDIES,REFGROUT,KTONS,365.0000,3
ZA,2023-03,GASDIES,STATDIFF,CONVBBL,7458.0000,3
ZA,2023-03,GASDIES,STATDIFF,KBBL,-2215.0260,3
ZA,2023-03,GASDIES,STATDIFF,KBD,-71.4525,3
ZA,2023-03,GASDIES,STATDIFF,KL,-352.1616,3
ZA,2023-03,GASDIES,STATDIFF,KTONS,-297.0000,3
ZA,2023-03,GASDIES,STOCKCH,CONVBBL,7458.0000,3
ZA,2023-03,GASDIES,STOCKCH,KBBL,715.9680,3
ZA,2023-03,GASDIES,STOCKCH,KBD,x,3
ZA,2023-03,GASDIES,STOCKCH,KL,113.8300,3
ZA,2023-03,GASDIES,STOCKCH,KTONS,96.0000,3
ZA,2023-03,GASDIES,TOTDEMO,CONVBBL,7458.0000,3
ZA,2023-03,GASDIES,TOTDEMO,KBBL,7651.9080,3
ZA,2023-03,GASDIES,TOTDEMO,KBD,246.8357,3
ZA,2023-03,GASDIES,TOTDEMO,KL,1216.5582,3
ZA,2023-03,GASDIES,TOTDEMO,KTONS,1026.0000,3
ZA,2023-03,GASDIES,TOTEXPSB,CONVBBL,7458.0000,3
ZA,2023-03,GASDIES,TOTEXPSB,KBBL,89.4960,3
ZA,2023-03,GASDIES,TOTEXPSB,KBD,2.8870,3
ZA,2023-03,GASDIES,TOTEXPSB,KL,14.2288,3
ZA,2023-03,GASDIES,TOTEXPSB,KTONS,12.0000,3
ZA,2023-03,GASDIES,TOTIMPSB,CONVBBL,7458.0000,3
ZA,2023-03,GASDIES,TOTIMPSB,KBBL,3520.1760,3
ZA,2023-03,GASDIES,TOTIMPSB,KBD,113.5541,3
ZA,2023-03,GASDIES,TOTIMPSB,KL,559.6642,3
ZA,2023-03,GASDIES,TOTIMPSB,KTONS,472.0000,3
ZA,2023-04,GASDIES,CLOSTLV,CONVBBL,7458.0000,3
ZA,2023-04,GASDIES,CLOSTLV,KBBL,4452.4260,3
ZA,2023-04,GASDIES,CLOSTLV,KBD,x,3
ZA,2023-04,GASDIES,CLOSTLV,KL,707.8804,3
ZA,2023-04,GASDIES,CLOSTLV,KTONS,597.0000,3
ZA,2023-04,GASDIES,IPTRANSF,CONVBBL,7458.0000,3
ZA,2023-04,GASDIES,IPTRANSF,KBBL,0.0000,3
ZA,2023-04,GASDIES,IPTRANSF,KBD,0.0000,3
ZA,2023-04,GASDIES,IPTRANSF,KL,0.0000,3
ZA,2023-04,GASDIES,IPTRANSF,KTONS,0.0000,3
ZA,2023-04,GASDIES,PTRANSF,CONVBBL,7458.0000,3
ZA,2023-04,GASDIES,PTRANSF,KBBL,-,3
ZA,2023-04,GASDIES,PTRANSF,KBD,-,3
ZA,2023-04,GASDIES,PTRANSF,KL,-,3
ZA,2023-04,GASDIES,PTRANSF,KTONS,-,3
ZA,2023-04,GASDIES,RECEIPTS,CONVBBL,7458.0000,3
ZA,2023-04,GASDIES,RECEIPTS,KBBL,-,3
ZA,2023-04,GASDIES,RECEIPTS,KBD,-,3
ZA,2023-04,GASDIES,RECEIPTS,KL,-,3
ZA,2023-04,GASDIES,RECEIPTS,KTONS,-,3
ZA,2023-04,GASDIES,REFGROUT,CONVBBL,7458.0000,3
ZA,2023-04,GASDIES,REFGROUT,KBBL,2923.5360,3
ZA,2023-04,GASDIES,REFGROUT,KBD,97.4512,3
ZA,2023-04,GASDIES,REFGROUT,KL,464.8059,3
ZA,2023-04,GASDIES,REFGROUT,KTONS,392.0000,3
ZA,2023-04,GASDIES,STATDIFF,CONVBBL,7458.0000,3
ZA,2023-04,GASDIES,STATDIFF,KBBL,-969.5400,3
ZA,2023-04,GASDIES,STATDIFF,KBD,-32.3180,3
ZA,2023-04,GASDIES,STATDIFF,KL,-154.1448,3
ZA,2023-04,GASDIES,STATDIFF,KTONS,-130.0000,3
ZA,2023-04,GASDIES,STOCKCH,CONVBBL,7458.0000,3
ZA,2023-04,GASDIES,STOCKCH,KBBL,-186.4500,3
ZA,2023-04,GASDIES,STOCKCH,KBD,x,3
ZA,2023-04,GASDIES,STOCKCH,KL,-29.6432,3
ZA,2023-04,GASDIES,STOCKCH,KTONS,-25.0000,3
ZA,2023-04,GASDIES,TOTDEMO,CONVBBL,7458.0000,3
ZA,2023-04,GASDIES,TOTDEMO,KBBL,6592.8720,3
ZA,2023-04,GASDIES,TOTDEMO,KBD,219.7624,3
ZA,2023-04,GASDIES,TOTDEMO,KL,1048.1847,3
ZA,2023-04,GASDIES,TOTDEMO,KTONS,884.0000,3
ZA,2023-04,GASDIES,TOTEXPSB,CONVBBL,7458.0000,3
ZA,2023-04,GASDIES,TOTEXPSB,KBBL,74.5800,3
ZA,2023-04,GASDIES,TOTEXPSB,KBD,2.4860,3
ZA,2023-04,GASDIES,TOTEXPSB,KL,11.8573,3
ZA,2023-04,GASDIES,TOTEXPSB,KTONS,10.0000,3
ZA,2023-04,GASDIES,TOTIMPSB,CONVBBL,7458.0000,3
ZA,2023-04,GASDIES,TOTIMPSB,KBBL,2595.3840,3
ZA,2023-04,GASDIES,TOTIMPSB,KBD,86.5128,3
ZA,2023-04,GASDIES,TOTIMPSB,KL,412.6338,3
ZA,2023-04,GASDIES,TOTIMPSB,KTONS,348.0000,3
ZA,2023-05,GASDIES,CLOSTLV,CONVBBL,7458.0000,3
ZA,2023-05,GASDIES,CLOSTLV,KBBL,3781.2060,3
ZA,2023-05,GASDIES,CLOSTLV,KBD,x,3
ZA,2023-05,GASDIES,CLOSTLV,KL,601.1647,3
ZA,2023-05,GASDIES,CLOSTLV,KTONS,507.0000,3
ZA,2023-05,GASDIES,IPTRANSF,CONVBBL,7458.0000,3
ZA,2023-05,GASDIES,IPTRANSF,KBBL,0.0000,3
ZA,2023-05,GASDIES,IPTRANSF,KBD,0.0000,3
ZA,2023-05,GASDIES,IPTRANSF,KL,0.0000,3
ZA,2023-05,GASDIES,IPTRANSF,KTONS,0.0000,3
ZA,2023-05,GASDIES,PTRANSF,CONVBBL,7458.0000,3
ZA,2023-05,GASDIES,PTRANSF,KBBL,-,3
ZA,2023-05,GASDIES,PTRANSF,KBD,-,3
ZA,2023-05,GASDIES,PTRANSF,KL,-,3
ZA,2023-05,GASDIES,PTRANSF,KTONS,-,3
ZA,2023-05,GASDIES,RECEIPTS,CONVBBL,7458.0000,3
ZA,2023-05,GASDIES,RECEIPTS,KBBL,-,3
ZA,2023-05,GASDIES,RECEIPTS,KBD,-,3
ZA,2023-05,GASDIES,RECEIPTS,KL,-,3
ZA,2023-05,GASDIES,RECEIPTS,KTONS,-,3
ZA,2023-05,GASDIES,REFGROUT,CONVBBL,7458.0000,3
ZA,2023-05,GASDIES,REFGROUT,KBBL,2655.0480,3
ZA,2023-05,GASDIES,REFGROUT,KBD,85.6467,3
ZA,2023-05,GASDIES,REFGROUT,KL,422.1196,3
ZA,2023-05,GASDIES,REFGROUT,KTONS,356.0000,3
ZA,2023-05,GASDIES,STATDIFF,CONVBBL,7458.0000,3
ZA,2023-05,GASDIES,STATDIFF,KBBL,-1551.2640,3
ZA,2023-05,GASDIES,STATDIFF,KBD,-50.0408,3
ZA,2023-05,GASDIES,STATDIFF,KL,-246.6317,3
ZA,2023-05,GASDIES,STATDIFF,KTONS,-208.0000,3
ZA,2023-05,GASDIES,STOCKCH,CONVBBL,7458.0000,3
ZA,2023-05,GASDIES,STOCKCH,KBBL,-678.6780,3
ZA,2023-05,GASDIES,STOCKCH,KBD,x,3
ZA,2023-05,GASDIES,STOCKCH,KL,-107.9014,3
ZA,2023-05,GASDIES,STOCKCH,KTONS,-91.0000,3
ZA,2023-05,GASDIES,TOTDEMO,CONVBBL,7458.0000,3
ZA,2023-05,GASDIES,TOTDEMO,KBBL,7450.5420,3
ZA,2023-05,GASDIES,TOTDEMO,KBD,240.3401,3
ZA,2023-05,GASDIES,TOTDEMO,KL,1184.5435,3
ZA,2023-05,GASDIES,TOTDEMO,KTONS,999.0000,3
ZA,2023-05,GASDIES,TOTEXPSB,CONVBBL,7458.0000,3
ZA,2023-05,GASDIES,TOTEXPSB,KBBL,141.7020,3
ZA,2023-05,GASDIES,TOTEXPSB,KBD,4.5710,3
ZA,2023-05,GASDIES,TOTEXPSB,KL,22.5289,3
ZA,2023-05,GASDIES,TOTEXPSB,KTONS,19.0000,3
ZA,2023-05,GASDIES,TOTIMPSB,CONVBBL,7458.0000,3
ZA,2023-05,GASDIES,TOTIMPSB,KBBL,2707.2540,3
ZA,2023-05,GASDIES,TOTIMPSB,KBD,87.3308,3
ZA,2023-05,GASDIES,TOTIMPSB,KL,430.4197,3
ZA,2023-05,GASDIES,TOTIMPSB,KTONS,363.0000,3
ZA,2023-06,GASDIES,CLOSTLV,CONVBBL,7458.0000,3
ZA,2023-06,GASDIES,CLOSTLV,KBBL,3550.0080,3
ZA,2023-06,GASDIES,CLOSTLV,KBD,x,3
ZA,2023-06,GASDIES,CLOSTLV,KL,564.4071,3
ZA,2023-06,GASDIES,CLOSTLV,KTONS,476.0000,3
ZA,2023-06,GASDIES,IPTRANSF,CONVBBL,7458.0000,3
ZA,2023-06,GASDIES,IPTRANSF,KBBL,0.0000,3
ZA,2023-06,GASDIES,IPTRANSF,KBD,0.0000,3
ZA,2023-06,GASDIES,IPTRANSF,KL,0.0000,3
ZA,2023-06,GASDIES,IPTRANSF,KTONS,0.0000,3
ZA,2023-06,GASDIES,PTRANSF,CONVBBL,7458.0000,3
ZA,2023-06,GASDIES,PTRANSF,KBBL,-,3
ZA,2023-06,GASDIES,PTRANSF,KBD,-,3
ZA,2023-06,GASDIES,PTRANSF,KL,-,3
ZA,2023-06,GASDIES,PTRANSF,KTONS,-,3
ZA,2023-06,GASDIES,RECEIPTS,CONVBBL,7458.0000,3
ZA,2023-06,GASDIES,RECEIPTS,KBBL,-,3
ZA,2023-06,GASDIES,RECEIPTS,KBD,-,3
ZA,2023-06,GASDIES,RECEIPTS,KL,-,3
ZA,2023-06,GASDIES,RECEIPTS,KTONS,-,3
ZA,2023-06,GASDIES,REFGROUT,CONVBBL,7458.0000,3
ZA,2023-06,GASDIES,REFGROUT,KBBL,2684.8800,3
ZA,2023-06,GASDIES,REFGROUT,KBD,89.4960,3
ZA,2023-06,GASDIES,REFGROUT,KL,426.8625,3
ZA,2023-06,GASDIES,REFGROUT,KTONS,360.0000,3
ZA,2023-06,GASDIES,STATDIFF,CONVBBL,7458.0000,3
ZA,2023-06,GASDIES,STATDIFF,KBBL,-775.6320,3
ZA,2023-06,GASDIES,STATDIFF,KBD,-25.8544,3
ZA,2023-06,GASDIES,STATDIFF,KL,-123.3158,3
ZA,2023-06,GASDIES,STATDIFF,KTONS,-104.0000,3
ZA,2023-06,GASDIES,STOCKCH,CONVBBL,7458.0000,3
ZA,2023-06,GASDIES,STOCKCH,KBBL,-656.3040,3
ZA,2023-06,GASDIES,STOCKCH,KBD,x,3
ZA,2023-06,GASDIES,STOCKCH,KL,-104.3442,3
ZA,2023-06,GASDIES,STOCKCH,KTONS,-88.0000,3
ZA,2023-06,GASDIES,TOTDEMO,CONVBBL,7458.0000,3
ZA,2023-06,GASDIES,TOTDEMO,KBBL,7308.8400,3
ZA,2023-06,GASDIES,TOTDEMO,KBD,243.6280,3
ZA,2023-06,GASDIES,TOTDEMO,KL,1162.0147,3
ZA,2023-06,GASDIES,TOTDEMO,KTONS,980.0000,3
ZA,2023-06,GASDIES,TOTEXPSB,CONVBBL,7458.0000,3
ZA,2023-06,GASDIES,TOTEXPSB,KBBL,82.0380,3
ZA,2023-06,GASDIES,TOTEXPSB,KBD,2.7346,3
ZA,2023-06,GASDIES,TOTEXPSB,KL,13.0430,3
ZA,2023-06,GASDIES,TOTEXPSB,KTONS,11.0000,3
ZA,2023-06,GASDIES,TOTIMPSB,CONVBBL,7458.0000,3
ZA,2023-06,GASDIES,TOTIMPSB,KBBL,3274.0620,3
ZA,2023-06,GASDIES,TOTIMPSB,KBD,109.1354,3
ZA,2023-06,GASDIES,TOTIMPSB,KL,520.5352,3
ZA,2023-06,GASDIES,TOTIMPSB,KTONS,439.0000,3
ZA,2023-07,GASDIES,CLOSTLV,CONVBBL,7458.0000,3
ZA,2023-07,GASDIES,CLOSTLV,KBBL,3900.5340,3
ZA,2023-07,GASDIES,CLOSTLV,KBD,x,3
ZA,2023-07,GASDIES,CLOSTLV,KL,620.1364,3
ZA,2023-07,GASDIES,CLOSTLV,KTONS,523.0000,3
ZA,2023-07,GASDIES,IPTRANSF,CONVBBL,7458.0000,3
ZA,2023-07,GASDIES,IPTRANSF,KBBL,0.0000,3
ZA,2023-07,GASDIES,IPTRANSF,KBD,0.0000,3
ZA,2023-07,GASDIES,IPTRANSF,KL,0.0000,3
ZA,2023-07,GASDIES,IPTRANSF,KTONS,0.0000,3
ZA,2023-07,GASDIES,PTRANSF,CONVBBL,7458.0000,3
ZA,2023-07,GASDIES,PTRANSF,KBBL,-,3
ZA,2023-07,GASDIES,PTRANSF,KBD,-,3
ZA,2023-07,GASDIES,PTRANSF,KL,-,3
ZA,2023-07,GASDIES,PTRANSF,KTONS,-,3
ZA,2023-07,GASDIES,RECEIPTS,CONVBBL,7458.0000,3
ZA,2023-07,GASDIES,RECEIPTS,KBBL,-,3
ZA,2023-07,GASDIES,RECEIPTS,KBD,-,3
ZA,2023-07,GASDIES,RECEIPTS,KL,-,3
ZA,2023-07,GASDIES,RECEIPTS,KTONS,-,3
ZA,2023-07,GASDIES,REFGROUT,CONVBBL,7458.0000,3
ZA,2023-07,GASDIES,REFGROUT,KBBL,3117.4440,3
ZA,2023-07,GASDIES,REFGROUT,KBD,100.5627,3
ZA,2023-07,GASDIES,REFGROUT,KL,495.6348,3
ZA,2023-07,GASDIES,REFGROUT,KTONS,418.0000,3
ZA,2023-07,GASDIES,STATDIFF,CONVBBL,7458.0000,3
ZA,2023-07,GASDIES,STATDIFF,KBBL,-1469.2260,3
ZA,2023-07,GASDIES,STATDIFF,KBD,-47.3944,3
ZA,2023-07,GASDIES,STATDIFF,KL,-233.5887,3
ZA,2023-07,GASDIES,STATDIFF,KTONS,-197.0000,3
ZA,2023-07,GASDIES,STOCKCH,CONVBBL,7458.0000,3
ZA,2023-07,GASDIES,STOCKCH,KBBL,350.5260,3
ZA,2023-07,GASDIES,STOCKCH,KBD,x,3
ZA,2023-07,GASDIES,STOCKCH,KL,55.7293,3
ZA,2023-07,GASDIES,STOCKCH,KTONS,47.0000,3
ZA,2023-07,GASDIES,TOTDEMO,CONVBBL,7458.0000,3
ZA,2023-07,GASDIES,TOTDEMO,KBBL,5765.0340,3
ZA,2023-07,GASDIES,TOTDEMO,KBD,185.9688,3
ZA,2023-07,GASDIES,TOTDEMO,KL,916.5687,3
ZA,2023-07,GASDIES,TOTDEMO,KTONS,773.0000,3
ZA,2023-07,GASDIES,TOTEXPSB,CONVBBL,7458.0000,3
ZA,2023-07,GASDIES,TOTEXPSB,KBBL,1775.0040,3
ZA,2023-07,GASDIES,TOTEXPSB,KBD,57.2582,3
ZA,2023-07,GASDIES,TOTEXPSB,KL,282.2036,3
ZA,2023-07,GASDIES,TOTEXPSB,KTONS,238.0000,3
ZA,2023-07,GASDIES,TOTIMPSB,CONVBBL,7458.0000,3
ZA,2023-07,GASDIES,TOTIMPSB,KBBL,3318.8100,3
ZA,2023-07,GASDIES,TOTIMPSB,KBD,107.0584,3
ZA,2023-07,GASDIES,TOTIMPSB,KL,527.6495,3
ZA,2023-07,GASDIES,TOTIMPSB,KTONS,445.0000,3
ZA,2023-08,GASDIES,CLOSTLV,CONVBBL,7458.0000,3
ZA,2023-08,GASDIES,CLOSTLV,KBBL,3743.9160,3
ZA,2023-08,GASDIES,CLOSTLV,KBD,x,3
ZA,2023-08,GASDIES,CLOSTLV,KL,595.2361,3
ZA,2023-08,GASDIES,CLOSTLV,KTONS,502.0000,3
ZA,2023-08,GASDIES,IPTRANSF,CONVBBL,7458.0000,3
ZA,2023-08,GASDIES,IPTRANSF,KBBL,0.0000,3
ZA,2023-08,GASDIES,IPTRANSF,KBD,0.0000,3
ZA,2023-08,GASDIES,IPTRANSF,KL,0.0000,3
ZA,2023-08,GASDIES,IPTRANSF,KTONS,0.0000,3
ZA,2023-08,GASDIES,PTRANSF,CONVBBL,7458.0000,3
ZA,2023-08,GASDIES,PTRANSF,KBBL,-,3
ZA,2023-08,GASDIES,PTRANSF,KBD,-,3
ZA,2023-08,GASDIES,PTRANSF,KL,-,3
ZA,2023-08,GASDIES,PTRANSF,KTONS,-,3
ZA,2023-08,GASDIES,RECEIPTS,CONVBBL,7458.0000,3
ZA,2023-08,GASDIES,RECEIPTS,KBBL,-,3
ZA,2023-08,GASDIES,RECEIPTS,KBD,-,3
ZA,2023-08,GASDIES,RECEIPTS,KL,-,3
ZA,2023-08,GASDIES,RECEIPTS,KTONS,-,3
ZA,2023-08,GASDIES,REFGROUT,CONVBBL,7458.0000,3
ZA,2023-08,GASDIES,REFGROUT,KBBL,2938.4520,3
ZA,2023-08,GASDIES,REFGROUT,KBD,94.7888,3
ZA,2023-08,GASDIES,REFGROUT,KL,467.1773,3
ZA,2023-08,GASDIES,REFGROUT,KTONS,394.0000,3
ZA,2023-08,GASDIES,STATDIFF,CONVBBL,7458.0000,3
ZA,2023-08,GASDIES,STATDIFF,KBBL,-1029.2040,3
ZA,2023-08,GASDIES,STATDIFF,KBD,-33.2001,3
ZA,2023-08,GASDIES,STATDIFF,KL,-163.6306,3
ZA,2023-08,GASDIES,STATDIFF,KTONS,-138.0000,3
ZA,2023-08,GASDIES,STOCKCH,CONVBBL,7458.0000,3
ZA,2023-08,GASDIES,STOCKCH,KBBL,-164.0760,3
ZA,2023-08,GASDIES,STOCKCH,KBD,x,3
ZA,2023-08,GASDIES,STOCKCH,KL,-26.0860,3
ZA,2023-08,GASDIES,STOCKCH,KTONS,-22.0000,3
ZA,2023-08,GASDIES,TOTDEMO,CONVBBL,7458.0000,3
ZA,2023-08,GASDIES,TOTDEMO,KBBL,7599.7020,3
ZA,2023-08,GASDIES,TOTDEMO,KBD,245.1517,3
ZA,2023-08,GASDIES,TOTDEMO,KL,1208.2581,3
ZA,2023-08,GASDIES,TOTDEMO,KTONS,1019.0000,3
ZA,2023-08,GASDIES,TOTEXPSB,CONVBBL,7458.0000,3
ZA,2023-08,GASDIES,TOTEXPSB,KBBL,104.4120,3
ZA,2023-08,GASDIES,TOTEXPSB,KBD,3.3681,3
ZA,2023-08,GASDIES,TOTEXPSB,KL,16.6002,3
ZA,2023-08,GASDIES,TOTEXPSB,KTONS,14.0000,3
ZA,2023-08,GASDIES,TOTIMPSB,CONVBBL,7458.0000,3
ZA,2023-08,GASDIES,TOTIMPSB,KBBL,3579.8400,3
ZA,2023-08,GASDIES,TOTIMPSB,KBD,115.4787,3
ZA,2023-08,GASDIES,TOTIMPSB,KL,569.1501,3
ZA,2023-08,GASDIES,TOTIMPSB,KTONS,480.0000,3
ZA,2023-09,GASDIES,CLOSTLV,CONVBBL,7458.0000,3
ZA,2023-09,GASDIES,CLOSTLV,KBBL,3438.1380,3
ZA,2023-09,GASDIES,CLOSTLV,KBD,x,3
ZA,2023-09,GASDIES,CLOSTLV,KL,546.6212,3
ZA,2023-09,GASDIES,CLOSTLV,KTONS,461.0000,3
ZA,2023-09,GASDIES,IPTRANSF,CONVBBL,7458.0000,3
ZA,2023-09,GASDIES,IPTRANSF,KBBL,0.0000,3
ZA,2023-09,GASDIES,IPTRANSF,KBD,0.0000,3
ZA,2023-09,GASDIES,IPTRANSF,KL,0.0000,3
ZA,2023-09,GASDIES,IPTRANSF,KTONS,0.0000,3
ZA,2023-09,GASDIES,PTRANSF,CONVBBL,7458.0000,3
ZA,2023-09,GASDIES,PTRANSF,KBBL,-,3
ZA,2023-09,GASDIES,PTRANSF,KBD,-,3
ZA,2023-09,GASDIES,PTRANSF,KL,-,3
ZA,2023-09,GASDIES,PTRANSF,KTONS,-,3
ZA,2023-09,GASDIES,RECEIPTS,CONVBBL,7458.0000,3
ZA,2023-09,GASDIES,RECEIPTS,KBBL,-,3
ZA,2023-09,GASDIES,RECEIPTS,KBD,-,3
ZA,2023-09,GASDIES,RECEIPTS,KL,-,3
ZA,2023-09,GASDIES,RECEIPTS,KTONS,-,3
ZA,2023-09,GASDIES,REFGROUT,CONVBBL,7458.0000,3
ZA,2023-09,GASDIES,REFGROUT,KBBL,2729.6280,3
ZA,2023-09,GASDIES,REFGROUT,KBD,90.9876,3
ZA,2023-09,GASDIES,REFGROUT,KL,433.9769,3
ZA,2023-09,GASDIES,REFGROUT,KTONS,366.0000,3
ZA,2023-09,GASDIES,STATDIFF,CONVBBL,7458.0000,3
ZA,2023-09,GASDIES,STATDIFF,KBBL,-223.7400,3
ZA,2023-09,GASDIES,STATDIFF,KBD,-7.4580,3
ZA,2023-09,GASDIES,STATDIFF,KL,-35.5719,3
ZA,2023-09,GASDIES,STATDIFF,KTONS,-30.0000,3
ZA,2023-09,GASDIES,STOCKCH,CONVBBL,7458.0000,3
ZA,2023-09,GASDIES,STOCKCH,KBBL,-305.7780,3
ZA,2023-09,GASDIES,STOCKCH,KBD,x,3
ZA,2023-09,GASDIES,STOCKCH,KL,-48.6149,3
ZA,2023-09,GASDIES,STOCKCH,KTONS,-41.0000,3
ZA,2023-09,GASDIES,TOTDEMO,CONVBBL,7458.0000,3
ZA,2023-09,GASDIES,TOTDEMO,KBBL,7025.4360,3
ZA,2023-09,GASDIES,TOTDEMO,KBD,234.1812,3
ZA,2023-09,GASDIES,TOTDEMO,KL,1116.9570,3
ZA,2023-09,GASDIES,TOTDEMO,KTONS,942.0000,3
ZA,2023-09,GASDIES,TOTEXPSB,CONVBBL,7458.0000,3
ZA,2023-09,GASDIES,TOTEXPSB,KBBL,96.9540,3
ZA,2023-09,GASDIES,TOTEXPSB,KBD,3.2318,3
ZA,2023-09,GASDIES,TOTEXPSB,KL,15.4145,3
ZA,2023-09,GASDIES,TOTEXPSB,KTONS,13.0000,3
ZA,2023-09,GASDIES,TOTIMPSB,CONVBBL,7458.0000,3
ZA,2023-09,GASDIES,TOTIMPSB,KBBL,3870.7020,3
ZA,2023-09,GASDIES,TOTIMPSB,KBD,129.0234,3
ZA,2023-09,GASDIES,TOTIMPSB,KL,615.3935,3
ZA,2023-09,GASDIES,TOTIMPSB,KTONS,519.0000,3
ZA,2023-10,GASDIES,CLOSTLV,CONVBBL,7458.0000,3
ZA,2023-10,GASDIES,CLOSTLV,KBBL,4668.7080,3
ZA,2023-10,GASDIES,CLOSTLV,KBD,x,3
ZA,2023-10,GASDIES,CLOSTLV,KL,742.2665,3
ZA,2023-10,GASDIES,CLOSTLV,KTONS,626.0000,3
ZA,2023-10,GASDIES,IPTRANSF,CONVBBL,7458.0000,3
ZA,2023-10,GASDIES,IPTRANSF,KBBL,0.0000,3
ZA,2023-10,GASDIES,IPTRANSF,KBD,0.0000,3
ZA,2023-10,GASDIES,IPTRANSF,KL,0.0000,3
ZA,2023-10,GASDIES,IPTRANSF,KTONS,0.0000,3
ZA,2023-10,GASDIES,PTRANSF,CONVBBL,7458.0000,3
ZA,2023-10,GASDIES,PTRANSF,KBBL,-,3
ZA,2023-10,GASDIES,PTRANSF,KBD,-,3
ZA,2023-10,GASDIES,PTRANSF,KL,-,3
ZA,2023-10,GASDIES,PTRANSF,KTONS,-,3
ZA,2023-10,GASDIES,RECEIPTS,CONVBBL,7458.0000,3
ZA,2023-10,GASDIES,RECEIPTS,KBBL,-,3
ZA,2023-10,GASDIES,RECEIPTS,KBD,-,3
ZA,2023-10,GASDIES,RECEIPTS,KL,-,3
ZA,2023-10,GASDIES,RECEIPTS,KTONS,-,3
ZA,2023-10,GASDIES,REFGROUT,CONVBBL,7458.0000,3
ZA,2023-10,GASDIES,REFGROUT,KBBL,3057.7800,3
ZA,2023-10,GASDIES,REFGROUT,KBD,98.6381,3
ZA,2023-10,GASDIES,REFGROUT,KL,486.1490,3
ZA,2023-10,GASDIES,REFGROUT,KTONS,410.0000,3
ZA,2023-10,GASDIES,STATDIFF,CONVBBL,7458.0000,3
ZA,2023-10,GASDIES,STATDIFF,KBBL,-969.5400,3
ZA,2023-10,GASDIES,STATDIFF,KBD,-31.2755,3
ZA,2023-10,GASDIES,STATDIFF,KL,-154.1448,3
ZA,2023-10,GASDIES,STATDIFF,KTONS,-130.0000,3
ZA,2023-10,GASDIES,STOCKCH,CONVBBL,7458.0000,3
ZA,2023-10,GASDIES,STOCKCH,KBBL,1230.5700,3
ZA,2023-10,GASDIES,STOCKCH,KBD,x,3
ZA,2023-10,GASDIES,STOCKCH,KL,195.6453,3
ZA,2023-10,GASDIES,STOCKCH,KTONS,165.0000,3
ZA,2023-10,GASDIES,TOTDEMO,CONVBBL,7458.0000,3
ZA,2023-10,GASDIES,TOTDEMO,KBBL,6965.7720,3
ZA,2023-10,GASDIES,TOTDEMO,KBD,224.7023,3
ZA,2023-10,GASDIES,TOTDEMO,KL,1107.4711,3
ZA,2023-10,GASDIES,TOTDEMO,KTONS,934.0000,3
ZA,2023-10,GASDIES,TOTEXPSB,CONVBBL,7458.0000,3
ZA,2023-10,GASDIES,TOTEXPSB,KBBL,104.4120,3
ZA,2023-10,GASDIES,TOTEXPSB,KBD,3.3681,3
ZA,2023-10,GASDIES,TOTEXPSB,KL,16.6002,3
ZA,2023-10,GASDIES,TOTEXPSB,KTONS,14.0000,3
ZA,2023-10,GASDIES,TOTIMPSB,CONVBBL,7458.0000,3
ZA,2023-10,GASDIES,TOTIMPSB,KBBL,4273.4340,3
ZA,2023-10,GASDIES,TOTIMPSB,KBD,137.8527,3
ZA,2023-10,GASDIES,TOTIMPSB,KL,679.4229,3
ZA,2023-10,GASDIES,TOTIMPSB,KTONS,573.0000,3
ZA,2023-11,GASDIES,CLOSTLV,CONVBBL,7458.0000,3
ZA,2023-11,GASDIES,CLOSTLV,KBBL,4646.3340,3
ZA,2023-11,GASDIES,CLOSTLV,KBD,x,3
ZA,2023-11,GASDIES,CLOSTLV,KL,738.7093,3
ZA,2023-11,GASDIES,CLOSTLV,KTONS,623.0000,3
ZA,2023-11,GASDIES,IPTRANSF,CONVBBL,7458.0000,3
ZA,2023-11,GASDIES,IPTRANSF,KBBL,0.0000,3
ZA,2023-11,GASDIES,IPTRANSF,KBD,0.0000,3
ZA,2023-11,GASDIES,IPTRANSF,KL,0.0000,3
ZA,2023-11,GASDIES,IPTRANSF,KTONS,0.0000,3
ZA,2023-11,GASDIES,PTRANSF,CONVBBL,7458.0000,3
ZA,2023-11,GASDIES,PTRANSF,KBBL,-,3
ZA,2023-11,GASDIES,PTRANSF,KBD,-,3
ZA,2023-11,GASDIES,PTRANSF,KL,-,3
ZA,2023-11,GASDIES,PTRANSF,KTONS,-,3
ZA,2023-11,GASDIES,RECEIPTS,CONVBBL,7458.0000,3
ZA,2023-11,GASDIES,RECEIPTS,KBBL,-,3
ZA,2023-11,GASDIES,RECEIPTS,KBD,-,3
ZA,2023-11,GASDIES,RECEIPTS,KL,-,3
ZA,2023-11,GASDIES,RECEIPTS,KTONS,-,3
ZA,2023-11,GASDIES,REFGROUT,CONVBBL,7458.0000,3
ZA,2023-11,GASDIES,REFGROUT,KBBL,2394.0180,3
ZA,2023-11,GASDIES,REFGROUT,KBD,79.8006,3
ZA,2023-11,GASDIES,REFGROUT,KL,380.6191,3
ZA,2023-11,GASDIES,REFGROUT,KTONS,321.0000,3
ZA,2023-11,GASDIES,STATDIFF,CONVBBL,7458.0000,3
ZA,2023-11,GASDIES,STATDIFF,KBBL,-1961.4540,3
ZA,2023-11,GASDIES,STATDIFF,KBD,-65.3818,3
ZA,2023-11,GASDIES,STATDIFF,KL,-311.8468,3
ZA,2023-11,GASDIES,STATDIFF,KTONS,-263.0000,3
ZA,2023-11,GASDIES,STOCKCH,CONVBBL,7458.0000,3
ZA,2023-11,GASDIES,STOCKCH,KBBL,-14.9160,3
ZA,2023-11,GASDIES,STOCKCH,KBD,x,3
ZA,2023-11,GASDIES,STOCKCH,KL,-2.3715,3
ZA,2023-11,GASDIES,STOCKCH,KTONS,-2.0000,3
ZA,2023-11,GASDIES,TOTDEMO,CONVBBL,7458.0000,3
ZA,2023-11,GASDIES,TOTDEMO,KBBL,8770.6080,3
ZA,2023-11,GASDIES,TOTDEMO,KBD,292.3536,3
ZA,2023-11,GASDIES,TOTDEMO,KL,1394.4176,3
ZA,2023-11,GASDIES,TOTDEMO,KTONS,1176.0000,3
ZA,2023-11,GASDIES,TOTEXPSB,CONVBBL,7458.0000,3
ZA,2023-11,GASDIES,TOTEXPSB,KBBL,119.3280,3
ZA,2023-11,GASDIES,TOTEXPSB,KBD,3.9776,3
ZA,2023-11,GASDIES,TOTEXPSB,KL,18.9717,3
ZA,2023-11,GASDIES,TOTEXPSB,KTONS,16.0000,3
ZA,2023-11,GASDIES,TOTIMPSB,CONVBBL,7458.0000,3
ZA,2023-11,GASDIES,TOTIMPSB,KBBL,4519.5480,3
ZA,2023-11,GASDIES,TOTIMPSB,KBD,150.6516,3
ZA,2023-11,GASDIES,TOTIMPSB,KL,718.5519,3
ZA,2023-11,GASDIES,TOTIMPSB,KTONS,606.0000,3
ZA,2023-12,GASDIES,CLOSTLV,CONVBBL,7458.0000,3
ZA,2023-12,GASDIES,CLOSTLV,KBBL,4064.6100,3
ZA,2023-12,GASDIES,CLOSTLV,KBD,x,3
ZA,2023-12,GASDIES,CLOSTLV,KL,646.2225,3
ZA,2023-12,GASDIES,CLOSTLV,KTONS,545.0000,3
ZA,2023-12,GASDIES,IPTRANSF,CONVBBL,7458.0000,3
ZA,2023-12,GASDIES,IPTRANSF,KBBL,0.0000,3
ZA,2023-12,GASDIES,IPTRANSF,KBD,0.0000,3
ZA,2023-12,GASDIES,IPTRANSF,KL,0.0000,3
ZA,2023-12,GASDIES,IPTRANSF,KTONS,0.0000,3
ZA,2023-12,GASDIES,PTRANSF,CONVBBL,7458.0000,3
ZA,2023-12,GASDIES,PTRANSF,KBBL,-,3
ZA,2023-12,GASDIES,PTRANSF,KBD,-,3
ZA,2023-12,GASDIES,PTRANSF,KL,-,3
ZA,2023-12,GASDIES,PTRANSF,KTONS,-,3
ZA,2023-12,GASDIES,RECEIPTS,CONVBBL,7458.0000,3
ZA,2023-12,GASDIES,RECEIPTS,KBBL,-,3
ZA,2023-12,GASDIES,RECEIPTS,KBD,-,3
ZA,2023-12,GASDIES,RECEIPTS,KL,-,3
ZA,2023-12,GASDIES,RECEIPTS,KTONS,-,3
ZA,2023-12,GASDIES,REFGROUT,CONVBBL,7458.0000,3
ZA,2023-12,GASDIES,REFGROUT,KBBL,3184.5660,3
ZA,2023-12,GASDIES,REFGROUT,KBD,102.7279,3
ZA,2023-12,GASDIES,REFGROUT,KL,506.3064,3
ZA,2023-12,GASDIES,REFGROUT,KTONS,427.0000,3
ZA,2023-12,GASDIES,STATDIFF,CONVBBL,7458.0000,3
ZA,2023-12,GASDIES,STATDIFF,KBBL,-969.5400,3
ZA,2023-12,GASDIES,STATDIFF,KBD,-31.2755,3
ZA,2023-12,GASDIES,STATDIFF,KL,-154.1448,3
ZA,2023-12,GASDIES,STATDIFF,KTONS,-130.0000,3
ZA,2023-12,GASDIES,STOCKCH,CONVBBL,7458.0000,3
ZA,2023-12,GASDIES,STOCKCH,KBBL,320.6940,3
ZA,2023-12,GASDIES,STOCKCH,KBD,x,3
ZA,2023-12,GASDIES,STOCKCH,KL,50.9864,3
ZA,2023-12,GASDIES,STOCKCH,KTONS,43.0000,3
ZA,2023-12,GASDIES,TOTDEMO,CONVBBL,7458.0000,3
ZA,2023-12,GASDIES,TOTDEMO,KBBL,6861.3600,3
ZA,2023-12,GASDIES,TOTDEMO,KBD,221.3342,3
ZA,2023-12,GASDIES,TOTDEMO,KL,1090.8709,3
ZA,2023-12,GASDIES,TOTDEMO,KTONS,920.0000,3
ZA,2023-12,GASDIES,TOTEXPSB,CONVBBL,7458.0000,3
ZA,2023-12,GASDIES,TOTEXPSB,KBBL,111.8700,3
ZA,2023-12,GASDIES,TOTEXPSB,KBD,3.6087,3
ZA,2023-12,GASDIES,TOTEXPSB,KL,17.7859,3
ZA,2023-12,GASDIES,TOTEXPSB,KTONS,15.0000,3
ZA,2023-12,GASDIES,TOTIMPSB,CONVBBL,7458.0000,3
ZA,2023-12,GASDIES,TOTIMPSB,KBBL,3147.2760,3
ZA,2023-12,GASDIES,TOTIMPSB,KBD,101.5250,3
ZA,2023-12,GASDIES,TOTIMPSB,KL,500.3778,3
ZA,2023-12,GASDIES,TOTIMPSB,KTONS,422.0000,3
ZA,2023-01,GASOLINE,CLOSTLV,CONVBBL,8466.0000,3
ZA,2023-01,GASOLINE,CLOSTLV,KBBL,2446.6740,3
ZA,2023-01,GASOLINE,CLOSTLV,KBD,x,3
ZA,2023-01,GASOLINE,CLOSTLV,KL,388.9907,3
ZA,2023-01,GASOLINE,CLOSTLV,KTONS,289.0000,3
ZA,2023-01,GASOLINE,IPTRANSF,CONVBBL,8466.0000,3
ZA,2023-01,GASOLINE,IPTRANSF,KBBL,0.0000,3
ZA,2023-01,GASOLINE,IPTRANSF,KBD,0.0000,3
ZA,2023-01,GASOLINE,IPTRANSF,KL,0.0000,3
ZA,2023-01,GASOLINE,IPTRANSF,KTONS,0.0000,3
ZA,2023-01,GASOLINE,PTRANSF,CONVBBL,8466.0000,3
ZA,2023-01,GASOLINE,PTRANSF,KBBL,-,3
ZA,2023-01,GASOLINE,PTRANSF,KBD,-,3
ZA,2023-01,GASOLINE,PTRANSF,KL,-,3
ZA,2023-01,GASOLINE,PTRANSF,KTONS,-,3
ZA,2023-01,GASOLINE,RECEIPTS,CONVBBL,8466.0000,3
ZA,2023-01,GASOLINE,RECEIPTS,KBBL,0.0000,3
ZA,2023-01,GASOLINE,RECEIPTS,KBD,0.0000,3
ZA,2023-01,GASOLINE,RECEIPTS,KL,0.0000,3
ZA,2023-01,GASOLINE,RECEIPTS,KTONS,0.0000,3
ZA,2023-01,GASOLINE,REFGROUT,CONVBBL,8466.0000,3
ZA,2023-01,GASOLINE,REFGROUT,KBBL,3843.5640,3
ZA,2023-01,GASOLINE,REFGROUT,KBD,123.9859,3
ZA,2023-01,GASOLINE,REFGROUT,KL,611.0789,3
ZA,2023-01,GASOLINE,REFGROUT,KTONS,454.0000,3
ZA,2023-01,GASOLINE,STATDIFF,CONVBBL,8466.0000,3
ZA,2023-01,GASOLINE,STATDIFF,KBBL,-2548.2660,3
ZA,2023-01,GASOLINE,STATDIFF,KBD,-82.2021,3
ZA,2023-01,GASOLINE,STATDIFF,KL,-405.1426,3
ZA,2023-01,GASOLINE,STATDIFF,KTONS,-301.0000,3
ZA,2023-01,GASOLINE,STOCKCH,CONVBBL,8466.0000,3
ZA,2023-01,GASOLINE,STOCKCH,KBBL,203.1840,3
ZA,2023-01,GASOLINE,STOCKCH,KBD,x,3
ZA,2023-01,GASOLINE,STOCKCH,KL,32.3037,3
ZA,2023-01,GASOLINE,STOCKCH,KTONS,24.0000,3
ZA,2023-01,GASOLINE,TOTDEMO,CONVBBL,8466.0000,3
ZA,2023-01,GASOLINE,TOTDEMO,KBBL,6205.5780,3
ZA,2023-01,GASOLINE,TOTDEMO,KBD,200.1799,3
ZA,2023-01,GASOLINE,TOTDEMO,KL,986.6097,3
ZA,2023-01,GASOLINE,TOTDEMO,KTONS,733.0000,3
ZA,2023-01,GASOLINE,TOTEXPSB,CONVBBL,8466.0000,3
ZA,2023-01,GASOLINE,TOTEXPSB,KBBL,194.7180,3
ZA,2023-01,GASOLINE,TOTEXPSB,KBD,6.2812,3
ZA,2023-01,GASOLINE,TOTEXPSB,KL,30.9577,3
ZA,2023-01,GASOLINE,TOTEXPSB,KTONS,23.0000,3
ZA,2023-01,GASOLINE,TOTIMPSB,CONVBBL,8466.0000,3
ZA,2023-01,GASOLINE,TOTIMPSB,KBBL,211.6500,3
ZA,2023-01,GASOLINE,TOTIMPSB,KBD,6.8274,3
ZA,2023-01,GASOLINE,TOTIMPSB,KL,33.6497,3
ZA,2023-01,GASOLINE,TOTIMPSB,KTONS,25.0000,3
ZA,2023-02,GASOLINE,CLOSTLV,CONVBBL,8466.0000,3
ZA,2023-02,GASOLINE,CLOSTLV,KBBL,2268.8880,3
ZA,2023-02,GASOLINE,CLOSTLV,KBD,x,3
ZA,2023-02,GASOLINE,CLOSTLV,KL,360.7250,3
ZA,2023-02,GASOLINE,CLOSTLV,KTONS,268.0000,3
ZA,2023-02,GASOLINE,IPTRANSF,CONVBBL,8466.0000,3
ZA,2023-02,GASOLINE,IPTRANSF,KBBL,0.0000,3
ZA,2023-02,GASOLINE,IPTRANSF,KBD,0.0000,3
ZA,2023-02,GASOLINE,IPTRANSF,KL,0.0000,3
ZA,2023-02,GASOLINE,IPTRANSF,KTONS,0.0000,3
ZA,2023-02,GASOLINE,PTRANSF,CONVBBL,8466.0000,3
ZA,2023-02,GASOLINE,PTRANSF,KBBL,-,3
ZA,2023-02,GASOLINE,PTRANSF,KBD,-,3
ZA,2023-02,GASOLINE,PTRANSF,KL,-,3
ZA,2023-02,GASOLINE,PTRANSF,KTONS,-,3
ZA,2023-02,GASOLINE,RECEIPTS,CONVBBL,8466.0000,3
ZA,2023-02,GASOLINE,RECEIPTS,KBBL,0.0000,3
ZA,2023-02,GASOLINE,RECEIPTS,KBD,0.0000,3
ZA,2023-02,GASOLINE,RECEIPTS,KL,0.0000,3
ZA,2023-02,GASOLINE,RECEIPTS,KTONS,0.0000,3
ZA,2023-02,GASOLINE,REFGROUT,CONVBBL,8466.0000,3
ZA,2023-02,GASOLINE,REFGROUT,KBBL,4046.7480,3
ZA,2023-02,GASOLINE,REFGROUT,KBD,144.5267,3
ZA,2023-02,GASOLINE,REFGROUT,KL,643.3826,3
ZA,2023-02,GASOLINE,REFGROUT,KTONS,478.0000,3
ZA,2023-02,GASOLINE,STATDIFF,CONVBBL,8466.0000,3
ZA,2023-02,GASOLINE,STATDIFF,KBBL,-1650.8700,3
ZA,2023-02,GASOLINE,STATDIFF,KBD,-58.9596,3
ZA,2023-02,GASOLINE,STATDIFF,KL,-262.4678,3
ZA,2023-02,GASOLINE,STATDIFF,KTONS,-195.0000,3
ZA,2023-02,GASOLINE,STOCKCH,CONVBBL,8466.0000,3
ZA,2023-02,GASOLINE,STOCKCH,KBBL,-42.3300,3
ZA,2023-02,GASOLINE,STOCKCH,KBD,x,3
ZA,2023-02,GASOLINE,STOCKCH,KL,-6.7299,3
ZA,2023-02,GASOLINE,STOCKCH,KTONS,-5.0000,3
ZA,2023-02,GASOLINE,TOTDEMO,CONVBBL,8466.0000,3
ZA,2023-02,GASOLINE,TOTDEMO,KBBL,6391.8300,3
ZA,2023-02,GASOLINE,TOTDEMO,KBD,228.2796,3
ZA,2023-02,GASOLINE,TOTDEMO,KL,1016.2215,3
ZA,2023-02,GASOLINE,TOTDEMO,KTONS,755.0000,3
ZA,2023-02,GASOLINE,TOTEXPSB,CONVBBL,8466.0000,3
ZA,2023-02,GASOLINE,TOTEXPSB,KBBL,194.7180,3
ZA,2023-02,GASOLINE,TOTEXPSB,KBD,6.9542,3
ZA,2023-02,GASOLINE,TOTEXPSB,KL,30.9577,3
ZA,2023-02,GASOLINE,TOTEXPSB,KTONS,23.0000,3
ZA,2023-02,GASOLINE,TOTIMPSB,CONVBBL,8466.0000,3
ZA,2023-02,GASOLINE,TOTIMPSB,KBBL,846.6000,3
ZA,2023-02,GASOLINE,TOTIMPSB,KBD,30.2357,3
ZA,2023-02,GASOLINE,TOTIMPSB,KL,134.5989,3
ZA,2023-02,GASOLINE,TOTIMPSB,KTONS,100.0000,3
ZA,2023-03,GASOLINE,CLOSTLV,CONVBBL,8466.0000,3
ZA,2023-03,GASOLINE,CLOSTLV,KBBL,2387.4120,3
ZA,2023-03,GASOLINE,CLOSTLV,KBD,x,3
ZA,2023-03,GASOLINE,CLOSTLV,KL,379.5688,3
ZA,2023-03,GASOLINE,CLOSTLV,KTONS,282.0000,3
ZA,2023-03,GASOLINE,IPTRANSF,CONVBBL,8466.0000,3
ZA,2023-03,GASOLINE,IPTRANSF,KBBL,0.0000,3
ZA,2023-03,GASOLINE,IPTRANSF,KBD,0.0000,3
ZA,2023-03,GASOLINE,IPTRANSF,KL,0.0000,3
ZA,2023-03,GASOLINE,IPTRANSF,KTONS,0.0000,3
ZA,2023-03,GASOLINE,PTRANSF,CONVBBL,8466.0000,3
ZA,2023-03,GASOLINE,PTRANSF,KBBL,-,3
ZA,2023-03,GASOLINE,PTRANSF,KBD,-,3
ZA,2023-03,GASOLINE,PTRANSF,KL,-,3
ZA,2023-03,GASOLINE,PTRANSF,KTONS,-,3
ZA,2023-03,GASOLINE,RECEIPTS,CONVBBL,8466.0000,3
ZA,2023-03,GASOLINE,RECEIPTS,KBBL,0.0000,3
ZA,2023-03,GASOLINE,RECEIPTS,KBD,0.0000,3
ZA,2023-03,GASOLINE,RECEIPTS,KL,0.0000,3
ZA,2023-03,GASOLINE,RECEIPTS,KTONS,0.0000,3
ZA,2023-03,GASOLINE,REFGROUT,CONVBBL,8466.0000,3
ZA,2023-03,GASOLINE,REFGROUT,KBBL,4546.2420,3
ZA,2023-03,GASOLINE,REFGROUT,KBD,146.6530,3
ZA,2023-03,GASOLINE,REFGROUT,KL,722.7960,3
ZA,2023-03,GASOLINE,REFGROUT,KTONS,537.0000,3
ZA,2023-03,GASOLINE,STATDIFF,CONVBBL,8466.0000,3
ZA,2023-03,GASOLINE,STATDIFF,KBBL,-1142.9100,3
ZA,2023-03,GASOLINE,STATDIFF,KBD,-36.8681,3
ZA,2023-03,GASOLINE,STATDIFF,KL,-181.7085,3
ZA,2023-03,GASOLINE,STATDIFF,KTONS,-135.0000,3
ZA,2023-03,GASOLINE,STOCKCH,CONVBBL,8466.0000,3
ZA,2023-03,GASOLINE,STOCKCH,KBBL,245.5140,3
ZA,2023-03,GASOLINE,STOCKCH,KBD,x,3
ZA,2023-03,GASOLINE,STOCKCH,KL,39.0337,3
ZA,2023-03,GASOLINE,STOCKCH,KTONS,29.0000,3
ZA,2023-03,GASOLINE,TOTDEMO,CONVBBL,8466.0000,3
ZA,2023-03,GASOLINE,TOTDEMO,KBBL,5968.5300,3
ZA,2023-03,GASOLINE,TOTDEMO,KBD,192.5332,3
ZA,2023-03,GASOLINE,TOTDEMO,KL,948.9221,3
ZA,2023-03,GASOLINE,TOTDEMO,KTONS,705.0000,3
ZA,2023-03,GASOLINE,TOTEXPSB,CONVBBL,8466.0000,3
ZA,2023-03,GASOLINE,TOTEXPSB,KBBL,203.1840,3
ZA,2023-03,GASOLINE,TOTEXPSB,KBD,6.5543,3
ZA,2023-03,GASOLINE,TOTEXPSB,KL,32.3037,3
ZA,2023-03,GASOLINE,TOTEXPSB,KTONS,24.0000,3
ZA,2023-03,GASOLINE,TOTIMPSB,CONVBBL,8466.0000,3
ZA,2023-03,GASOLINE,TOTIMPSB,KBBL,719.6100,3
ZA,2023-03,GASOLINE,TOTIMPSB,KBD,23.2132,3
ZA,2023-03,GASOLINE,TOTIMPSB,KL,114.4090,3
ZA,2023-03,GASOLINE,TOTIMPSB,KTONS,85.0000,3
ZA,2023-04,GASOLINE,CLOSTLV,CONVBBL,8466.0000,3
ZA,2023-04,GASOLINE,CLOSTLV,KBBL,2480.5380,3
ZA,2023-04,GASOLINE,CLOSTLV,KBD,x,3
ZA,2023-04,GASOLINE,CLOSTLV,KL,394.3747,3
ZA,2023-04,GASOLINE,CLOSTLV,KTONS,293.0000,3
ZA,2023-04,GASOLINE,IPTRANSF,CONVBBL,8466.0000,3
ZA,2023-04,GASOLINE,IPTRANSF,KBBL,0.0000,3
ZA,2023-04,GASOLINE,IPTRANSF,KBD,0.0000,3
ZA,2023-04,GASOLINE,IPTRANSF,KL,0.0000,3
ZA,2023-04,GASOLINE,IPTRANSF,KTONS,0.0000,3
ZA,2023-04,GASOLINE,PTRANSF,CONVBBL,8466.0000,3
ZA,2023-04,GASOLINE,PTRANSF,KBBL,-,3
ZA,2023-04,GASOLINE,PTRANSF,KBD,-,3
ZA,2023-04,GASOLINE,PTRANSF,KL,-,3
ZA,2023-04,GASOLINE,PTRANSF,KTONS,-,3
ZA,2023-04,GASOLINE,RECEIPTS,CONVBBL,8466.0000,3
ZA,2023-04,GASOLINE,RECEIPTS,KBBL,0.0000,3
ZA,2023-04,GASOLINE,RECEIPTS,KBD,0.0000,3
ZA,2023-04,GASOLINE,RECEIPTS,KL,0.0000,3
ZA,2023-04,GASOLINE,RECEIPTS,KTONS,0.0000,3
ZA,2023-04,GASOLINE,REFGROUT,CONVBBL,8466.0000,3
ZA,2023-04,GASOLINE,REFGROUT,KBBL,4698.6300,3
ZA,2023-04,GASOLINE,REFGROUT,KBD,156.6210,3
ZA,2023-04,GASOLINE,REFGROUT,KL,747.0238,3
ZA,2023-04,GASOLINE,REFGROUT,KTONS,555.0000,3
ZA,2023-04,GASOLINE,STATDIFF,CONVBBL,8466.0000,3
ZA,2023-04,GASOLINE,STATDIFF,KBBL,-1650.8700,3
ZA,2023-04,GASOLINE,STATDIFF,KBD,-55.0290,3
ZA,2023-04,GASOLINE,STATDIFF,KL,-262.4678,3
ZA,2023-04,GASOLINE,STATDIFF,KTONS,-195.0000,3
ZA,2023-04,GASOLINE,STOCKCH,CONVBBL,8466.0000,3
ZA,2023-04,GASOLINE,STOCKCH,KBBL,228.5820,3
ZA,2023-04,GASOLINE,STOCKCH,KBD,x,3
ZA,2023-04,GASOLINE,STOCKCH,KL,36.3417,3
ZA,2023-04,GASOLINE,STOCKCH,KTONS,27.0000,3
ZA,2023-04,GASOLINE,TOTDEMO,CONVBBL,8466.0000,3
ZA,2023-04,GASOLINE,TOTDEMO,KBBL,6053.1900,3
ZA,2023-04,GASOLINE,TOTDEMO,KBD,201.7730,3
ZA,2023-04,GASOLINE,TOTDEMO,KL,962.3820,3
ZA,2023-04,GASOLINE,TOTDEMO,KTONS,715.0000,3
ZA,2023-04,GASOLINE,TOTEXPSB,CONVBBL,8466.0000,3
ZA,2023-04,GASOLINE,TOTEXPSB,KBBL,194.7180,3
ZA,2023-04,GASOLINE,TOTEXPSB,KBD,6.4906,3
ZA,2023-04,GASOLINE,TOTEXPSB,KL,30.9577,3
ZA,2023-04,GASOLINE,TOTEXPSB,KTONS,23.0000,3
ZA,2023-04,GASOLINE,TOTIMPSB,CONVBBL,8466.0000,3
ZA,2023-04,GASOLINE,TOTIMPSB,KBBL,143.9220,3
ZA,2023-04,GASOLINE,TOTIMPSB,KBD,4.7974,3
ZA,2023-04,GASOLINE,TOTIMPSB,KL,22.8818,3
ZA,2023-04,GASOLINE,TOTIMPSB,KTONS,17.0000,3
ZA,2023-05,GASOLINE,CLOSTLV,CONVBBL,8466.0000,3
ZA,2023-05,GASOLINE,CLOSTLV,KBBL,2421.2760,3
ZA,2023-05,GASOLINE,CLOSTLV,KBD,x,3
ZA,2023-05,GASOLINE,CLOSTLV,KL,384.9528,3
ZA,2023-05,GASOLINE,CLOSTLV,KTONS,286.0000,3
ZA,2023-05,GASOLINE,IPTRANSF,CONVBBL,8466.0000,3
ZA,2023-05,GASOLINE,IPTRANSF,KBBL,0.0000,3
ZA,2023-05,GASOLINE,IPTRANSF,KBD,0.0000,3
ZA,2023-05,GASOLINE,IPTRANSF,KL,0.0000,3
ZA,2023-05,GASOLINE,IPTRANSF,KTONS,0.0000,3
ZA,2023-05,GASOLINE,PTRANSF,CONVBBL,8466.0000,3
ZA,2023-05,GASOLINE,PTRANSF,KBBL,-,3
ZA,2023-05,GASOLINE,PTRANSF,KBD,-,3
ZA,2023-05,GASOLINE,PTRANSF,KL,-,3
ZA,2023-05,GASOLINE,PTRANSF,KTONS,-,3
ZA,2023-05,GASOLINE,RECEIPTS,CONVBBL,8466.0000,3
ZA,2023-05,GASOLINE,RECEIPTS,KBBL,0.0000,3
ZA,2023-05,GASOLINE,RECEIPTS,KBD,0.0000,3
ZA,2023-05,GASOLINE,RECEIPTS,KL,0.0000,3
ZA,2023-05,GASOLINE,RECEIPTS,KTONS,0.0000,3
ZA,2023-05,GASOLINE,REFGROUT,CONVBBL,8466.0000,3
ZA,2023-05,GASOLINE,REFGROUT,KBBL,4190.6700,3
ZA,2023-05,GASOLINE,REFGROUT,KBD,135.1829,3
ZA,2023-05,GASOLINE,REFGROUT,KL,666.2644,3
ZA,2023-05,GASOLINE,REFGROUT,KTONS,495.0000,3
ZA,2023-05,GASOLINE,STATDIFF,CONVBBL,8466.0000,3
ZA,2023-05,GASOLINE,STATDIFF,KBBL,-1439.2200,3
ZA,2023-05,GASOLINE,STATDIFF,KBD,-46.4265,3
ZA,2023-05,GASOLINE,STATDIFF,KL,-228.8181,3
ZA,2023-05,GASOLINE,STATDIFF,KTONS,-170.0000,3
ZA,2023-05,GASOLINE,STOCKCH,CONVBBL,8466.0000,3
ZA,2023-05,GASOLINE,STOCKCH,KBBL,67.7280,3
ZA,2023-05,GASOLINE,STOCKCH,KBD,x,3
ZA,2023-05,GASOLINE,STOCKCH,KL,10.7679,3
ZA,2023-05,GASOLINE,STOCKCH,KTONS,8.0000,3
ZA,2023-05,GASOLINE,TOTDEMO,CONVBBL,8466.0000,3
ZA,2023-05,GASOLINE,TOTDEMO,KBBL,6129.3840,3
ZA,2023-05,GASOLINE,TOTDEMO,KBD,197.7221,3
ZA,2023-05,GASOLINE,TOTDEMO,KL,974.4959,3
ZA,2023-05,GASOLINE,TOTDEMO,KTONS,724.0000,3
ZA,2023-05,GASOLINE,TOTEXPSB,CONVBBL,8466.0000,3
ZA,2023-05,GASOLINE,TOTEXPSB,KBBL,194.7180,3
ZA,2023-05,GASOLINE,TOTEXPSB,KBD,6.2812,3
ZA,2023-05,GASOLINE,TOTEXPSB,KL,30.9577,3
ZA,2023-05,GASOLINE,TOTEXPSB,KTONS,23.0000,3
ZA,2023-05,GASOLINE,TOTIMPSB,CONVBBL,8466.0000,3
ZA,2023-05,GASOLINE,TOTIMPSB,KBBL,770.4060,3
ZA,2023-05,GASOLINE,TOTIMPSB,KBD,24.8518,3
ZA,2023-05,GASOLINE,TOTIMPSB,KL,122.4850,3
ZA,2023-05,GASOLINE,TOTIMPSB,KTONS,91.0000,3
ZA,2023-06,GASOLINE,CLOSTLV,CONVBBL,8466.0000,3
ZA,2023-06,GASOLINE,CLOSTLV,KBBL,2285.8200,3
ZA,2023-06,GASOLINE,CLOSTLV,KBD,x,3
ZA,2023-06,GASOLINE,CLOSTLV,KL,363.4170,3
ZA,2023-06,GASOLINE,CLOSTLV,KTONS,270.0000,3
ZA,2023-06,GASOLINE,IPTRANSF,CONVBBL,8466.0000,3
ZA,2023-06,GASOLINE,IPTRANSF,KBBL,0.0000,3
ZA,2023-06,GASOLINE,IPTRANSF,KBD,0.0000,3
ZA,2023-06,GASOLINE,IPTRANSF,KL,0.0000,3
ZA,2023-06,GASOLINE,IPTRANSF,KTONS,0.0000,3
ZA,2023-06,GASOLINE,PTRANSF,CONVBBL,8466.0000,3
ZA,2023-06,GASOLINE,PTRANSF,KBBL,-,3
ZA,2023-06,GASOLINE,PTRANSF,KBD,-,3
ZA,2023-06,GASOLINE,PTRANSF,KL,-,3
ZA,2023-06,GASOLINE,PTRANSF,KTONS,-,3
ZA,2023-06,GASOLINE,RECEIPTS,CONVBBL,8466.0000,3
ZA,2023-06,GASOLINE,RECEIPTS,KBBL,0.0000,3
ZA,2023-06,GASOLINE,RECEIPTS,KBD,0.0000,3
ZA,2023-06,GASOLINE,RECEIPTS,KL,0.0000,3
ZA,2023-06,GASOLINE,RECEIPTS,KTONS,0.0000,3
ZA,2023-06,GASOLINE,REFGROUT,CONVBBL,8466.0000,3
ZA,2023-06,GASOLINE,REFGROUT,KBBL,4275.3300,3
ZA,2023-06,GASOLINE,REFGROUT,KBD,142.5110,3
ZA,2023-06,GASOLINE,REFGROUT,KL,679.7243,3
ZA,2023-06,GASOLINE,REFGROUT,KTONS,505.0000,3
ZA,2023-06,GASOLINE,STATDIFF,CONVBBL,8466.0000,3
ZA,2023-06,GASOLINE,STATDIFF,KBBL,-1125.9780,3
ZA,2023-06,GASOLINE,STATDIFF,KBD,-37.5326,3
ZA,2023-06,GASOLINE,STATDIFF,KL,-179.0165,3
ZA,2023-06,GASOLINE,STATDIFF,KTONS,-133.0000,3
ZA,2023-06,GASOLINE,STOCKCH,CONVBBL,8466.0000,3
ZA,2023-06,GASOLINE,STOCKCH,KBBL,-279.3780,3
ZA,2023-06,GASOLINE,STOCKCH,KBD,x,3
ZA,2023-06,GASOLINE,STOCKCH,KL,-44.4176,3
ZA,2023-06,GASOLINE,STOCKCH,KTONS,-33.0000,3
ZA,2023-06,GASOLINE,TOTDEMO,CONVBBL,8466.0000,3
ZA,2023-06,GASOLINE,TOTDEMO,KBBL,5993.9280,3
ZA,2023-06,GASOLINE,TOTDEMO,KBD,199.7976,3
ZA,2023-06,GASOLINE,TOTDEMO,KL,952.9600,3
ZA,2023-06,GASOLINE,TOTDEMO,KTONS,708.0000,3
ZA,2023-06,GASOLINE,TOTEXPSB,CONVBBL,8466.0000,3
ZA,2023-06,GASOLINE,TOTEXPSB,KBBL,194.7180,3
ZA,2023-06,GASOLINE,TOTEXPSB,KBD,6.4906,3
ZA,2023-06,GASOLINE,TOTEXPSB,KL,30.9577,3
ZA,2023-06,GASOLINE,TOTEXPSB,KTONS,23.0000,3
ZA,2023-06,GASOLINE,TOTIMPSB,CONVBBL,8466.0000,3
ZA,2023-06,GASOLINE,TOTIMPSB,KBBL,507.9600,3
ZA,2023-06,GASOLINE,TOTIMPSB,KBD,16.9320,3
ZA,2023-06,GASOLINE,TOTIMPSB,KL,80.7593,3
ZA,2023-06,GASOLINE,TOTIMPSB,KTONS,60.0000,3
ZA,2023-07,GASOLINE,CLOSTLV,CONVBBL,8466.0000,3
ZA,2023-07,GASOLINE,CLOSTLV,KBBL,2505.9360,3
ZA,2023-07,GASOLINE,CLOSTLV,KBD,x,3
ZA,2023-07,GASOLINE,CLOSTLV,KL,398.4127,3
ZA,2023-07,GASOLINE,CLOSTLV,KTONS,296.0000,3
ZA,2023-07,GASOLINE,IPTRANSF,CONVBBL,8466.0000,3
ZA,2023-07,GASOLINE,IPTRANSF,KBBL,0.0000,3
ZA,2023-07,GASOLINE,IPTRANSF,KBD,0.0000,3
ZA,2023-07,GASOLINE,IPTRANSF,KL,0.0000,3
ZA,2023-07,GASOLINE,IPTRANSF,KTONS,0.0000,3
ZA,2023-07,GASOLINE,PTRANSF,CONVBBL,8466.0000,3
ZA,2023-07,GASOLINE,PTRANSF,KBBL,-,3
ZA,2023-07,GASOLINE,PTRANSF,KBD,-,3
ZA,2023-07,GASOLINE,PTRANSF,KL,-,3
ZA,2023-07,GASOLINE,PTRANSF,KTONS,-,3
ZA,2023-07,GASOLINE,RECEIPTS,CONVBBL,8466.0000,3
ZA,2023-07,GASOLINE,RECEIPTS,KBBL,0.0000,3
ZA,2023-07,GASOLINE,RECEIPTS,KBD,0.0000,3
ZA,2023-07,GASOLINE,RECEIPTS,KL,0.0000,3
ZA,2023-07,GASOLINE,RECEIPTS,KTONS,0.0000,3
ZA,2023-07,GASOLINE,REFGROUT,CONVBBL,8466.0000,3
ZA,2023-07,GASOLINE,REFGROUT,KBBL,4961.0760,3
ZA,2023-07,GASOLINE,REFGROUT,KBD,160.0347,3
ZA,2023-07,GASOLINE,REFGROUT,KL,788.7494,3
ZA,2023-07,GASOLINE,REFGROUT,KTONS,586.0000,3
ZA,2023-07,GASOLINE,STATDIFF,CONVBBL,8466.0000,3
ZA,2023-07,GASOLINE,STATDIFF,KBBL,-1515.4140,3
ZA,2023-07,GASOLINE,STATDIFF,KBD,-48.8843,3
ZA,2023-07,GASOLINE,STATDIFF,KL,-240.9320,3
ZA,2023-07,GASOLINE,STATDIFF,KTONS,-179.0000,3
ZA,2023-07,GASOLINE,STOCKCH,CONVBBL,8466.0000,3
ZA,2023-07,GASOLINE,STOCKCH,KBBL,355.5720,3
ZA,2023-07,GASOLINE,STOCKCH,KBD,x,3
ZA,2023-07,GASOLINE,STOCKCH,KL,56.5315,3
ZA,2023-07,GASOLINE,STOCKCH,KTONS,42.0000,3
ZA,2023-07,GASOLINE,TOTDEMO,CONVBBL,8466.0000,3
ZA,2023-07,GASOLINE,TOTDEMO,KBBL,4681.6980,3
ZA,2023-07,GASOLINE,TOTDEMO,KBD,151.0225,3
ZA,2023-07,GASOLINE,TOTDEMO,KL,744.3318,3
ZA,2023-07,GASOLINE,TOTDEMO,KTONS,553.0000,3
ZA,2023-07,GASOLINE,TOTEXPSB,CONVBBL,8466.0000,3
ZA,2023-07,GASOLINE,TOTEXPSB,KBBL,1879.4520,3
ZA,2023-07,GASOLINE,TOTEXPSB,KBD,60.6275,3
ZA,2023-07,GASOLINE,TOTEXPSB,KL,298.8095,3
ZA,2023-07,GASOLINE,TOTEXPSB,KTONS,222.0000,3
ZA,2023-07,GASOLINE,TOTIMPSB,CONVBBL,8466.0000,3
ZA,2023-07,GASOLINE,TOTIMPSB,KBBL,440.2320,3
ZA,2023-07,GASOLINE,TOTIMPSB,KBD,14.2010,3
ZA,2023-07,GASOLINE,TOTIMPSB,KL,69.9914,3
ZA,2023-07,GASOLINE,TOTIMPSB,KTONS,52.0000,3
ZA,2023-08,GASOLINE,CLOSTLV,CONVBBL,8466.0000,3
ZA,2023-08,GASOLINE,CLOSTLV,KBBL,5494.4340,3
ZA,2023-08,GASOLINE,CLOSTLV,KBD,x,3
ZA,2023-08,GASOLINE,CLOSTLV,KL,873.5467,3
ZA,2023-08,GASOLINE,CLOSTLV,KTONS,649.0000,3
ZA,2023-08,GASOLINE,IPTRANSF,CONVBBL,8466.0000,3
ZA,2023-08,GASOLINE,IPTRANSF,KBBL,0.0000,3
ZA,2023-08,GASOLINE,IPTRANSF,KBD,0.0000,3
ZA,2023-08,GASOLINE,IPTRANSF,KL,0.0000,3
ZA,2023-08,GASOLINE,IPTRANSF,KTONS,0.0000,3
ZA,2023-08,GASOLINE,PTRANSF,CONVBBL,8466.0000,3
ZA,2023-08,GASOLINE,PTRANSF,KBBL,-,3
ZA,2023-08,GASOLINE,PTRANSF,KBD,-,3
ZA,2023-08,GASOLINE,PTRANSF,KL,-,3
ZA,2023-08,GASOLINE,PTRANSF,KTONS,-,3
ZA,2023-08,GASOLINE,RECEIPTS,CONVBBL,8466.0000,3
ZA,2023-08,GASOLINE,RECEIPTS,KBBL,0.0000,3
ZA,2023-08,GASOLINE,RECEIPTS,KBD,0.0000,3
ZA,2023-08,GASOLINE,RECEIPTS,KL,0.0000,3
ZA,2023-08,GASOLINE,RECEIPTS,KTONS,0.0000,3
ZA,2023-08,GASOLINE,REFGROUT,CONVBBL,8466.0000,3
ZA,2023-08,GASOLINE,REFGROUT,KBBL,4613.9700,3
ZA,2023-08,GASOLINE,REFGROUT,KBD,148.8377,3
ZA,2023-08,GASOLINE,REFGROUT,KL,733.5639,3
ZA,2023-08,GASOLINE,REFGROUT,KTONS,545.0000,3
ZA,2023-08,GASOLINE,STATDIFF,CONVBBL,8466.0000,3
ZA,2023-08,GASOLINE,STATDIFF,KBBL,-4131.4080,3
ZA,2023-08,GASOLINE,STATDIFF,KBD,-133.2712,3
ZA,2023-08,GASOLINE,STATDIFF,KL,-656.8425,3
ZA,2023-08,GASOLINE,STATDIFF,KTONS,-488.0000,3
ZA,2023-08,GASOLINE,STOCKCH,CONVBBL,8466.0000,3
ZA,2023-08,GASOLINE,STOCKCH,KBBL,3123.9540,3
ZA,2023-08,GASOLINE,STOCKCH,KBD,x,3
ZA,2023-08,GASOLINE,STOCKCH,KL,496.6698,3
ZA,2023-08,GASOLINE,STOCKCH,KTONS,369.0000,3
ZA,2023-08,GASOLINE,TOTDEMO,CONVBBL,8466.0000,3
ZA,2023-08,GASOLINE,TOTDEMO,KBBL,6044.7240,3
ZA,2023-08,GASOLINE,TOTDEMO,KBD,194.9911,3
ZA,2023-08,GASOLINE,TOTDEMO,KL,961.0360,3
ZA,2023-08,GASOLINE,TOTDEMO,KTONS,714.0000,3
ZA,2023-08,GASOLINE,TOTEXPSB,CONVBBL,8466.0000,3
ZA,2023-08,GASOLINE,TOTEXPSB,KBBL,194.7180,3
ZA,2023-08,GASOLINE,TOTEXPSB,KBD,6.2812,3
ZA,2023-08,GASOLINE,TOTEXPSB,KL,30.9577,3
ZA,2023-08,GASOLINE,TOTEXPSB,KTONS,23.0000,3
ZA,2023-08,GASOLINE,TOTIMPSB,CONVBBL,8466.0000,3
ZA,2023-08,GASOLINE,TOTIMPSB,KBBL,618.0180,3
ZA,2023-08,GASOLINE,TOTIMPSB,KBD,19.9361,3
ZA,2023-08,GASOLINE,TOTIMPSB,KL,98.2572,3
ZA,2023-08,GASOLINE,TOTIMPSB,KTONS,73.0000,3
ZA,2023-09,GASOLINE,CLOSTLV,CONVBBL,8466.0000,3
ZA,2023-09,GASOLINE,CLOSTLV,KBBL,2057.2380,3
ZA,2023-09,GASOLINE,CLOSTLV,KBD,x,3
ZA,2023-09,GASOLINE,CLOSTLV,KL,327.0753,3
ZA,2023-09,GASOLINE,CLOSTLV,KTONS,243.0000,3
ZA,2023-09,GASOLINE,IPTRANSF,CONVBBL,8466.0000,3
ZA,2023-09,GASOLINE,IPTRANSF,KBBL,0.0000,3
ZA,2023-09,GASOLINE,IPTRANSF,KBD,0.0000,3
ZA,2023-09,GASOLINE,IPTRANSF,KL,0.0000,3
ZA,2023-09,GASOLINE,IPTRANSF,KTONS,0.0000,3
ZA,2023-09,GASOLINE,PTRANSF,CONVBBL,8466.0000,3
ZA,2023-09,GASOLINE,PTRANSF,KBBL,-,3
ZA,2023-09,GASOLINE,PTRANSF,KBD,-,3
ZA,2023-09,GASOLINE,PTRANSF,KL,-,3
ZA,2023-09,GASOLINE,PTRANSF,KTONS,-,3
ZA,2023-09,GASOLINE,RECEIPTS,CONVBBL,8466.0000,3
ZA,2023-09,GASOLINE,RECEIPTS,KBBL,0.0000,3
ZA,2023-09,GASOLINE,RECEIPTS,KBD,0.0000,3
ZA,2023-09,GASOLINE,RECEIPTS,KL,0.0000,3
ZA,2023-09,GASOLINE,RECEIPTS,KTONS,0.0000,3
ZA,2023-09,GASOLINE,REFGROUT,CONVBBL,8466.0000,3
ZA,2023-09,GASOLINE,REFGROUT,KBBL,4410.7860,3
ZA,2023-09,GASOLINE,REFGROUT,KBD,147.0262,3
ZA,2023-09,GASOLINE,REFGROUT,KL,701.2601,3
ZA,2023-09,GASOLINE,REFGROUT,KTONS,521.0000,3
ZA,2023-09,GASOLINE,STATDIFF,CONVBBL,8466.0000,3
ZA,2023-09,GASOLINE,STATDIFF,KBBL,-1363.0260,3
ZA,2023-09,GASOLINE,STATDIFF,KBD,-45.4342,3
ZA,2023-09,GASOLINE,STATDIFF,KL,-216.7042,3
ZA,2023-09,GASOLINE,STATDIFF,KTONS,-161.0000,3
ZA,2023-09,GASOLINE,STOCKCH,CONVBBL,8466.0000,3
ZA,2023-09,GASOLINE,STOCKCH,KBBL,-16.9320,3
ZA,2023-09,GASOLINE,STOCKCH,KBD,x,3
ZA,2023-09,GASOLINE,STOCKCH,KL,-2.6920,3
ZA,2023-09,GASOLINE,STOCKCH,KTONS,-2.0000,3
ZA,2023-09,GASOLINE,TOTDEMO,CONVBBL,8466.0000,3
ZA,2023-09,GASOLINE,TOTDEMO,KBBL,6078.5880,3
ZA,2023-09,GASOLINE,TOTDEMO,KBD,202.6196,3
ZA,2023-09,GASOLINE,TOTDEMO,KL,966.4199,3
ZA,2023-09,GASOLINE,TOTDEMO,KTONS,718.0000,3
ZA,2023-09,GASOLINE,TOTEXPSB,CONVBBL,8466.0000,3
ZA,2023-09,GASOLINE,TOTEXPSB,KBBL,194.7180,3
ZA,2023-09,GASOLINE,TOTEXPSB,KBD,6.4906,3
ZA,2023-09,GASOLINE,TOTEXPSB,KL,30.9577,3
ZA,2023-09,GASOLINE,TOTEXPSB,KTONS,23.0000,3
ZA,2023-09,GASOLINE,TOTIMPSB,CONVBBL,8466.0000,3
ZA,2023-09,GASOLINE,TOTIMPSB,KBBL,491.0280,3
ZA,2023-09,GASOLINE,TOTIMPSB,KBD,16.3676,3
ZA,2023-09,GASOLINE,TOTIMPSB,KL,78.0673,3
ZA,2023-09,GASOLINE,TOTIMPSB,KTONS,58.0000,3
ZA,2023-10,GASOLINE,CLOSTLV,CONVBBL,8466.0000,3
ZA,2023-10,GASOLINE,CLOSTLV,KBBL,2717.5860,3
ZA,2023-10,GASOLINE,CLOSTLV,KBD,x,3
ZA,2023-10,GASOLINE,CLOSTLV,KL,432.0624,3
ZA,2023-10,GASOLINE,CLOSTLV,KTONS,321.0000,3
ZA,2023-10,GASOLINE,IPTRANSF,CONVBBL,8466.0000,3
ZA,2023-10,GASOLINE,IPTRANSF,KBBL,0.0000,3
ZA,2023-10,GASOLINE,IPTRANSF,KBD,0.0000,3
ZA,2023-10,GASOLINE,IPTRANSF,KL,0.0000,3
ZA,2023-10,GASOLINE,IPTRANSF,KTONS,0.0000,3
ZA,2023-10,GASOLINE,PTRANSF,CONVBBL,8466.0000,3
ZA,2023-10,GASOLINE,PTRANSF,KBBL,-,3
ZA,2023-10,GASOLINE,PTRANSF,KBD,-,3
ZA,2023-10,GASOLINE,PTRANSF,KL,-,3
ZA,2023-10,GASOLINE,PTRANSF,KTONS,-,3
ZA,2023-10,GASOLINE,RECEIPTS,CONVBBL,8466.0000,3
ZA,2023-10,GASOLINE,RECEIPTS,KBBL,0.0000,3
ZA,2023-10,GASOLINE,RECEIPTS,KBD,0.0000,3
ZA,2023-10,GASOLINE,RECEIPTS,KL,0.0000,3
ZA,2023-10,GASOLINE,RECEIPTS,KTONS,0.0000,3
ZA,2023-10,GASOLINE,REFGROUT,CONVBBL,8466.0000,3
ZA,2023-10,GASOLINE,REFGROUT,KBBL,5130.3960,3
ZA,2023-10,GASOLINE,REFGROUT,KBD,165.4966,3
ZA,2023-10,GASOLINE,REFGROUT,KL,815.6692,3
ZA,2023-10,GASOLINE,REFGROUT,KTONS,606.0000,3
ZA,2023-10,GASOLINE,STATDIFF,CONVBBL,8466.0000,3
ZA,2023-10,GASOLINE,STATDIFF,KBBL,-1659.3360,3
ZA,2023-10,GASOLINE,STATDIFF,KBD,-53.5270,3
ZA,2023-10,GASOLINE,STATDIFF,KL,-263.8138,3
ZA,2023-10,GASOLINE,STATDIFF,KTONS,-196.0000,3
ZA,2023-10,GASOLINE,STOCKCH,CONVBBL,8466.0000,3
ZA,2023-10,GASOLINE,STOCKCH,KBBL,795.8040,3
ZA,2023-10,GASOLINE,STOCKCH,KBD,x,3
ZA,2023-10,GASOLINE,STOCKCH,KL,126.5229,3
ZA,2023-10,GASOLINE,STOCKCH,KTONS,94.0000,3
ZA,2023-10,GASOLINE,TOTDEMO,CONVBBL,8466.0000,3
ZA,2023-10,GASOLINE,TOTDEMO,KBBL,6103.9860,3
ZA,2023-10,GASOLINE,TOTDEMO,KBD,196.9028,3
ZA,2023-10,GASOLINE,TOTDEMO,KL,970.4579,3
ZA,2023-10,GASOLINE,TOTDEMO,KTONS,721.0000,3
ZA,2023-10,GASOLINE,TOTEXPSB,CONVBBL,8466.0000,3
ZA,2023-10,GASOLINE,TOTEXPSB,KBBL,203.1840,3
ZA,2023-10,GASOLINE,TOTEXPSB,KBD,6.5543,3
ZA,2023-10,GASOLINE,TOTEXPSB,KL,32.3037,3
ZA,2023-10,GASOLINE,TOTEXPSB,KTONS,24.0000,3
ZA,2023-10,GASOLINE,TOTIMPSB,CONVBBL,8466.0000,3
ZA,2023-10,GASOLINE,TOTIMPSB,KBBL,304.7760,3
ZA,2023-10,GASOLINE,TOTIMPSB,KBD,9.8315,3
ZA,2023-10,GASOLINE,TOTIMPSB,KL,48.4556,3
ZA,2023-10,GASOLINE,TOTIMPSB,KTONS,36.0000,3
ZA,2023-11,GASOLINE,CLOSTLV,CONVBBL,8466.0000,3
ZA,2023-11,GASOLINE,CLOSTLV,KBBL,2700.6540,3
ZA,2023-11,GASOLINE,CLOSTLV,KBD,x,3
ZA,2023-11,GASOLINE,CLOSTLV,KL,429.3704,3
ZA,2023-11,GASOLINE,CLOSTLV,KTONS,319.0000,3
ZA,2023-11,GASOLINE,IPTRANSF,CONVBBL,8466.0000,3
ZA,2023-11,GASOLINE,IPTRANSF,KBBL,0.0000,3
ZA,2023-11,GASOLINE,IPTRANSF,KBD,0.0000,3
ZA,2023-11,GASOLINE,IPTRANSF,KL,0.0000,3
ZA,2023-11,GASOLINE,IPTRANSF,KTONS,0.0000,3
ZA,2023-11,GASOLINE,PTRANSF,CONVBBL,8466.0000,3
ZA,2023-11,GASOLINE,PTRANSF,KBBL,-,3
ZA,2023-11,GASOLINE,PTRANSF,KBD,-,3
ZA,2023-11,GASOLINE,PTRANSF,KL,-,3
ZA,2023-11,GASOLINE,PTRANSF,KTONS,-,3
ZA,2023-11,GASOLINE,RECEIPTS,CONVBBL,8466.0000,3
ZA,2023-11,GASOLINE,RECEIPTS,KBBL,0.0000,3
ZA,2023-11,GASOLINE,RECEIPTS,KBD,0.0000,3
ZA,2023-11,GASOLINE,RECEIPTS,KL,0.0000,3
ZA,2023-11,GASOLINE,RECEIPTS,KTONS,0.0000,3
ZA,2023-11,GASOLINE,REFGROUT,CONVBBL,8466.0000,3
ZA,2023-11,GASOLINE,REFGROUT,KBBL,3792.7680,3
ZA,2023-11,GASOLINE,REFGROUT,KBD,126.4256,3
ZA,2023-11,GASOLINE,REFGROUT,KL,603.0030,3
ZA,2023-11,GASOLINE,REFGROUT,KTONS,448.0000,3
ZA,2023-11,GASOLINE,STATDIFF,CONVBBL,8466.0000,3
ZA,2023-11,GASOLINE,STATDIFF,KBBL,-2539.8000,3
ZA,2023-11,GASOLINE,STATDIFF,KBD,-84.6600,3
ZA,2023-11,GASOLINE,STATDIFF,KL,-403.7966,3
ZA,2023-11,GASOLINE,STATDIFF,KTONS,-300.0000,3
ZA,2023-11,GASOLINE,STOCKCH,CONVBBL,8466.0000,3
ZA,2023-11,GASOLINE,STOCKCH,KBBL,118.5240,3
ZA,2023-11,GASOLINE,STOCKCH,KBD,x,3
ZA,2023-11,GASOLINE,STOCKCH,KL,18.8438,3
ZA,2023-11,GASOLINE,STOCKCH,KTONS,14.0000,3
ZA,2023-11,GASOLINE,TOTDEMO,CONVBBL,8466.0000,3
ZA,2023-11,GASOLINE,TOTDEMO,KBBL,6933.6540,3
ZA,2023-11,GASOLINE,TOTDEMO,KBD,231.1218,3
ZA,2023-11,GASOLINE,TOTDEMO,KL,1102.3648,3
ZA,2023-11,GASOLINE,TOTDEMO,KTONS,819.0000,3
ZA,2023-11,GASOLINE,TOTEXPSB,CONVBBL,8466.0000,3
ZA,2023-11,GASOLINE,TOTEXPSB,KBBL,194.7180,3
ZA,2023-11,GASOLINE,TOTEXPSB,KBD,6.4906,3
ZA,2023-11,GASOLINE,TOTEXPSB,KL,30.9577,3
ZA,2023-11,GASOLINE,TOTEXPSB,KTONS,23.0000,3
ZA,2023-11,GASOLINE,TOTIMPSB,CONVBBL,8466.0000,3
ZA,2023-11,GASOLINE,TOTIMPSB,KBBL,922.7940,3
ZA,2023-11,GASOLINE,TOTIMPSB,KBD,30.7598,3
ZA,2023-11,GASOLINE,TOTIMPSB,KL,146.7128,3
ZA,2023-11,GASOLINE,TOTIMPSB,KTONS,109.0000,3
ZA,2023-12,GASOLINE,CLOSTLV,CONVBBL,8466.0000,3
ZA,2023-12,GASOLINE,CLOSTLV,KBBL,2565.1980,3
ZA,2023-12,GASOLINE,CLOSTLV,KBD,x,3
ZA,2023-12,GASOLINE,CLOSTLV,KL,407.8346,3
ZA,2023-12,GASOLINE,CLOSTLV,KTONS,303.0000,3
ZA,2023-12,GASOLINE,IPTRANSF,CONVBBL,8466.0000,3
ZA,2023-12,GASOLINE,IPTRANSF,KBBL,0.0000,3
ZA,2023-12,GASOLINE,IPTRANSF,KBD,0.0000,3
ZA,2023-12,GASOLINE,IPTRANSF,KL,0.0000,3
ZA,2023-12,GASOLINE,IPTRANSF,KTONS,0.0000,3
ZA,2023-12,GASOLINE,PTRANSF,CONVBBL,8466.0000,3
ZA,2023-12,GASOLINE,PTRANSF,KBBL,-,3
ZA,2023-12,GASOLINE,PTRANSF,KBD,-,3
ZA,2023-12,GASOLINE,PTRANSF,KL,-,3
ZA,2023-12,GASOLINE,PTRANSF,KTONS,-,3
ZA,2023-12,GASOLINE,RECEIPTS,CONVBBL,8466.0000,3
ZA,2023-12,GASOLINE,RECEIPTS,KBBL,0.0000,3
ZA,2023-12,GASOLINE,RECEIPTS,KBD,0.0000,3
ZA,2023-12,GASOLINE,RECEIPTS,KL,0.0000,3
ZA,2023-12,GASOLINE,RECEIPTS,KTONS,0.0000,3
ZA,2023-12,GASOLINE,REFGROUT,CONVBBL,8466.0000,3
ZA,2023-12,GASOLINE,REFGROUT,KBBL,5096.5320,3
ZA,2023-12,GASOLINE,REFGROUT,KBD,164.4043,3
ZA,2023-12,GASOLINE,REFGROUT,KL,810.2852,3
ZA,2023-12,GASOLINE,REFGROUT,KTONS,602.0000,3
ZA,2023-12,GASOLINE,STATDIFF,CONVBBL,8466.0000,3
ZA,2023-12,GASOLINE,STATDIFF,KBBL,-1202.1720,3
ZA,2023-12,GASOLINE,STATDIFF,KBD,-38.7797,3
ZA,2023-12,GASOLINE,STATDIFF,KL,-191.1304,3
ZA,2023-12,GASOLINE,STATDIFF,KTONS,-142.0000,3
ZA,2023-12,GASOLINE,STOCKCH,CONVBBL,8466.0000,3
ZA,2023-12,GASOLINE,STOCKCH,KBBL,203.1840,3
ZA,2023-12,GASOLINE,STOCKCH,KBD,x,3
ZA,2023-12,GASOLINE,STOCKCH,KL,32.3037,3
ZA,2023-12,GASOLINE,STOCKCH,KTONS,24.0000,3
ZA,2023-12,GASOLINE,TOTDEMO,CONVBBL,8466.0000,3
ZA,2023-12,GASOLINE,TOTDEMO,KBBL,6908.2560,3
ZA,2023-12,GASOLINE,TOTDEMO,KBD,222.8470,3
ZA,2023-12,GASOLINE,TOTDEMO,KL,1098.3268,3
ZA,2023-12,GASOLINE,TOTDEMO,KTONS,816.0000,3
ZA,2023-12,GASOLINE,TOTEXPSB,CONVBBL,8466.0000,3
ZA,2023-12,GASOLINE,TOTEXPSB,KBBL,237.0480,3
ZA,2023-12,GASOLINE,TOTEXPSB,KBD,7.6467,3
ZA,2023-12,GASOLINE,TOTEXPSB,KL,37.6877,3
ZA,2023-12,GASOLINE,TOTEXPSB,KTONS,28.0000,3
ZA,2023-12,GASOLINE,TOTIMPSB,CONVBBL,8466.0000,3
ZA,2023-12,GASOLINE,TOTIMPSB,KBBL,1041.3180,3
ZA,2023-12,GASOLINE,TOTIMPSB,KBD,33.5909,3
ZA,2023-12,GASOLINE,TOTIMPSB,KL,165.5566,3
ZA,2023-12,GASOLINE,TOTIMPSB,KTONS,123.0000,3
ZA,2023-01,JETKERO,CLOSTLV,CONVBBL,7840.0000,3
ZA,2023-01,JETKERO,CLOSTLV,KBBL,188.1600,3
ZA,2023-01,JETKERO,CLOSTLV,KBD,x,3
ZA,2023-01,JETKERO,CLOSTLV,KL,29.9151,3
ZA,2023-01,JETKERO,CLOSTLV,KTONS,24.0000,3
ZA,2023-01,JETKERO,IPTRANSF,CONVBBL,7840.0000,3
ZA,2023-01,JETKERO,IPTRANSF,KBBL,0.0000,3
ZA,2023-01,JETKERO,IPTRANSF,KBD,0.0000,3
ZA,2023-01,JETKERO,IPTRANSF,KL,0.0000,3
ZA,2023-01,JETKERO,IPTRANSF,KTONS,0.0000,3
ZA,2023-01,JETKERO,PTRANSF,CONVBBL,7840.0000,3
ZA,2023-01,JETKERO,PTRANSF,KBBL,-,3
ZA,2023-01,JETKERO,PTRANSF,KBD,-,3
ZA,2023-01,JETKERO,PTRANSF,KL,-,3
ZA,2023-01,JETKERO,PTRANSF,KTONS,-,3
ZA,2023-01,JETKERO,RECEIPTS,CONVBBL,7840.0000,3
ZA,2023-01,JETKERO,RECEIPTS,KBBL,0.0000,3
ZA,2023-01,JETKERO,RECEIPTS,KBD,0.0000,3
ZA,2023-01,JETKERO,RECEIPTS,KL,0.0000,3
ZA,2023-01,JETKERO,RECEIPTS,KTONS,0.0000,3
ZA,2023-01,JETKERO,REFGROUT,CONVBBL,7840.0000,3
ZA,2023-01,JETKERO,REFGROUT,KBBL,376.3200,3
ZA,2023-01,JETKERO,REFGROUT,KBD,12.1394,3
ZA,2023-01,JETKERO,REFGROUT,KL,59.8302,3
ZA,2023-01,JETKERO,REFGROUT,KTONS,48.0000,3
ZA,2023-01,JETKERO,STATDIFF,CONVBBL,7840.0000,3
ZA,2023-01,JETKERO,STATDIFF,KBBL,-156.8000,3
ZA,2023-01,JETKERO,STATDIFF,KBD,-5.0581,3
ZA,2023-01,JETKERO,STATDIFF,KL,-24.9293,3
ZA,2023-01,JETKERO,STATDIFF,KTONS,-20.0000,3
ZA,2023-01,JETKERO,STOCKCH,CONVBBL,7840.0000,3
ZA,2023-01,JETKERO,STOCKCH,KBBL,7.8400,3
ZA,2023-01,JETKERO,STOCKCH,KBD,x,3
ZA,2023-01,JETKERO,STOCKCH,KL,1.2465,3
ZA,2023-01,JETKERO,STOCKCH,KTONS,1.0000,3
ZA,2023-01,JETKERO,TOTDEMO,CONVBBL,7840.0000,3
ZA,2023-01,JETKERO,TOTDEMO,KBBL,548.8000,3
ZA,2023-01,JETKERO,TOTDEMO,KBD,17.7032,3
ZA,2023-01,JETKERO,TOTDEMO,KL,87.2524,3
ZA,2023-01,JETKERO,TOTDEMO,KTONS,70.0000,3
ZA,2023-01,JETKERO,TOTEXPSB,CONVBBL,7840.0000,3
ZA,2023-01,JETKERO,TOTEXPSB,KBBL,0.0000,3
ZA,2023-01,JETKERO,TOTEXPSB,KBD,0.0000,3
ZA,2023-01,JETKERO,TOTEXPSB,KL,0.0000,3
ZA,2023-01,JETKERO,TOTEXPSB,KTONS,0.0000,3
ZA,2023-01,JETKERO,TOTIMPSB,CONVBBL,7840.0000,3
ZA,2023-01,JETKERO,TOTIMPSB,KBBL,23.5200,3
ZA,2023-01,JETKERO,TOTIMPSB,KBD,0.7587,3
ZA,2023-01,JETKERO,TOTIMPSB,KL,3.7394,3
ZA,2023-01,JETKERO,TOTIMPSB,KTONS,3.0000,3
ZA,2023-02,JETKERO,CLOSTLV,CONVBBL,7840.0000,3
ZA,2023-02,JETKERO,CLOSTLV,KBBL,180.3200,3
ZA,2023-02,JETKERO,CLOSTLV,KBD,x,3
ZA,2023-02,JETKERO,CLOSTLV,KL,28.6686,3
ZA,2023-02,JETKERO,CLOSTLV,KTONS,23.0000,3
ZA,2023-02,JETKERO,IPTRANSF,CONVBBL,7840.0000,3
ZA,2023-02,JETKERO,IPTRANSF,KBBL,0.0000,3
ZA,2023-02,JETKERO,IPTRANSF,KBD,0.0000,3
ZA,2023-02,JETKERO,IPTRANSF,KL,0.0000,3
ZA,2023-02,JETKERO,IPTRANSF,KTONS,0.0000,3
ZA,2023-02,JETKERO,PTRANSF,CONVBBL,7840.0000,3
ZA,2023-02,JETKERO,PTRANSF,KBBL,-,3
ZA,2023-02,JETKERO,PTRANSF,KBD,-,3
ZA,2023-02,JETKERO,PTRANSF,KL,-,3
ZA,2023-02,JETKERO,PTRANSF,KTONS,-,3
ZA,2023-02,JETKERO,RECEIPTS,CONVBBL,7840.0000,3
ZA,2023-02,JETKERO,RECEIPTS,KBBL,0.0000,3
ZA,2023-02,JETKERO,RECEIPTS,KBD,0.0000,3
ZA,2023-02,JETKERO,RECEIPTS,KL,0.0000,3
ZA,2023-02,JETKERO,RECEIPTS,KTONS,0.0000,3
ZA,2023-02,JETKERO,REFGROUT,CONVBBL,7840.0000,3
ZA,2023-02,JETKERO,REFGROUT,KBBL,486.0800,3
ZA,2023-02,JETKERO,REFGROUT,KBD,17.3600,3
ZA,2023-02,JETKERO,REFGROUT,KL,77.2807,3
ZA,2023-02,JETKERO,REFGROUT,KTONS,62.0000,3
ZA,2023-02,JETKERO,STATDIFF,CONVBBL,7840.0000,3
ZA,2023-02,JETKERO,STATDIFF,KBBL,-54.8800,3
ZA,2023-02,JETKERO,STATDIFF,KBD,-1.9600,3
ZA,2023-02,JETKERO,STATDIFF,KL,-8.7252,3
ZA,2023-02,JETKERO,STATDIFF,KTONS,-7.0000,3
ZA,2023-02,JETKERO,STOCKCH,CONVBBL,7840.0000,3
ZA,2023-02,JETKERO,STOCKCH,KBBL,15.6800,3
ZA,2023-02,JETKERO,STOCKCH,KBD,x,3
ZA,2023-02,JETKERO,STOCKCH,KL,2.4929,3
ZA,2023-02,JETKERO,STOCKCH,KTONS,2.0000,3
ZA,2023-02,JETKERO,TOTDEMO,CONVBBL,7840.0000,3
ZA,2023-02,JETKERO,TOTDEMO,KBBL,548.8000,3
ZA,2023-02,JETKERO,TOTDEMO,KBD,19.6000,3
ZA,2023-02,JETKERO,TOTDEMO,KL,87.2524,3
ZA,2023-02,JETKERO,TOTDEMO,KTONS,70.0000,3
ZA,2023-02,JETKERO,TOTEXPSB,CONVBBL,7840.0000,3
ZA,2023-02,JETKERO,TOTEXPSB,KBBL,0.0000,3
ZA,2023-02,JETKERO,TOTEXPSB,KBD,0.0000,3
ZA,2023-02,JETKERO,TOTEXPSB,KL,0.0000,3
ZA,2023-02,JETKERO,TOTEXPSB,KTONS,0.0000,3
ZA,2023-02,JETKERO,TOTIMPSB,CONVBBL,7840.0000,3
ZA,2023-02,JETKERO,TOTIMPSB,KBBL,23.5200,3
ZA,2023-02,JETKERO,TOTIMPSB,KBD,0.8400,3
ZA,2023-02,JETKERO,TOTIMPSB,KL,3.7394,3
ZA,2023-02,JETKERO,TOTIMPSB,KTONS,3.0000,3
ZA,2023-03,JETKERO,CLOSTLV,CONVBBL,7840.0000,3
ZA,2023-03,JETKERO,CLOSTLV,KBBL,188.1600,3
ZA,2023-03,JETKERO,CLOSTLV,KBD,x,3
ZA,2023-03,JETKERO,CLOSTLV,KL,29.9151,3
ZA,2023-03,JETKERO,CLOSTLV,KTONS,24.0000,3
ZA,2023-03,JETKERO,IPTRANSF,CONVBBL,7840.0000,3
ZA,2023-03,JETKERO,IPTRANSF,KBBL,0.0000,3
ZA,2023-03,JETKERO,IPTRANSF,KBD,0.0000,3
ZA,2023-03,JETKERO,IPTRANSF,KL,0.0000,3
ZA,2023-03,JETKERO,IPTRANSF,KTONS,0.0000,3
ZA,2023-03,JETKERO,PTRANSF,CONVBBL,7840.0000,3
ZA,2023-03,JETKERO,PTRANSF,KBBL,-,3
ZA,2023-03,JETKERO,PTRANSF,KBD,-,3
ZA,2023-03,JETKERO,PTRANSF,KL,-,3
ZA,2023-03,JETKERO,PTRANSF,KTONS,-,3
ZA,2023-03,JETKERO,RECEIPTS,CONVBBL,7840.0000,3
ZA,2023-03,JETKERO,RECEIPTS,KBBL,0.0000,3
ZA,2023-03,JETKERO,RECEIPTS,KBD,0.0000,3
ZA,2023-03,JETKERO,RECEIPTS,KL,0.0000,3
ZA,2023-03,JETKERO,RECEIPTS,KTONS,0.0000,3
ZA,2023-03,JETKERO,REFGROUT,CONVBBL,7840.0000,3
ZA,2023-03,JETKERO,REFGROUT,KBBL,580.1600,3
ZA,2023-03,JETKERO,REFGROUT,KBD,18.7148,3
ZA,2023-03,JETKERO,REFGROUT,KL,92.2382,3
ZA,2023-03,JETKERO,REFGROUT,KTONS,74.0000,3
ZA,2023-03,JETKERO,STATDIFF,CONVBBL,7840.0000,3
ZA,2023-03,JETKERO,STATDIFF,KBBL,94.0800,3
ZA,2023-03,JETKERO,STATDIFF,KBD,3.0348,3
ZA,2023-03,JETKERO,STATDIFF,KL,14.9576,3
ZA,2023-03,JETKERO,STATDIFF,KTONS,12.0000,3
ZA,2023-03,JETKERO,STOCKCH,CONVBBL,7840.0000,3
ZA,2023-03,JETKERO,STOCKCH,KBBL,31.3600,3
ZA,2023-03,JETKERO,STOCKCH,KBD,x,3
ZA,2023-03,JETKERO,STOCKCH,KL,4.9859,3
ZA,2023-03,JETKERO,STOCKCH,KTONS,4.0000,3
ZA,2023-03,JETKERO,TOTDEMO,CONVBBL,7840.0000,3
ZA,2023-03,JETKERO,TOTDEMO,KBBL,556.6400,3
ZA,2023-03,JETKERO,TOTDEMO,KBD,17.9561,3
ZA,2023-03,JETKERO,TOTDEMO,KL,88.4988,3
ZA,2023-03,JETKERO,TOTDEMO,KTONS,71.0000,3
ZA,2023-03,JETKERO,TOTEXPSB,CONVBBL,7840.0000,3
ZA,2023-03,JETKERO,TOTEXPSB,KBBL,0.0000,3
ZA,2023-03,JETKERO,TOTEXPSB,KBD,0.0000,3
ZA,2023-03,JETKERO,TOTEXPSB,KL,0.0000,3
ZA,2023-03,JETKERO,TOTEXPSB,KTONS,0.0000,3
ZA,2023-03,JETKERO,TOTIMPSB,CONVBBL,7840.0000,3
ZA,2023-03,JETKERO,TOTIMPSB,KBBL,101.9200,3
ZA,2023-03,JETKERO,TOTIMPSB,KBD,3.2877,3
ZA,2023-03,JETKERO,TOTIMPSB,KL,16.2040,3
ZA,2023-03,JETKERO,TOTIMPSB,KTONS,13.0000,3
ZA,2023-04,JETKERO,CLOSTLV,CONVBBL,7840.0000,3
ZA,2023-04,JETKERO,CLOSTLV,KBBL,282.2400,3
ZA,2023-04,JETKERO,CLOSTLV,KBD,x,3
ZA,2023-04,JETKERO,CLOSTLV,KL,44.8727,3
ZA,2023-04,JETKERO,CLOSTLV,KTONS,36.0000,3
ZA,2023-04,JETKERO,IPTRANSF,CONVBBL,7840.0000,3
ZA,2023-04,JETKERO,IPTRANSF,KBBL,0.0000,3
ZA,2023-04,JETKERO,IPTRANSF,KBD,0.0000,3
ZA,2023-04,JETKERO,IPTRANSF,KL,0.0000,3
ZA,2023-04,JETKERO,IPTRANSF,KTONS,0.0000,3
ZA,2023-04,JETKERO,PTRANSF,CONVBBL,7840.0000,3
ZA,2023-04,JETKERO,PTRANSF,KBBL,-,3
ZA,2023-04,JETKERO,PTRANSF,KBD,-,3
ZA,2023-04,JETKERO,PTRANSF,KL,-,3
ZA,2023-04,JETKERO,PTRANSF,KTONS,-,3
ZA,2023-04,JETKERO,RECEIPTS,CONVBBL,7840.0000,3
ZA,2023-04,JETKERO,RECEIPTS,KBBL,0.0000,3
ZA,2023-04,JETKERO,RECEIPTS,KBD,0.0000,3
ZA,2023-04,JETKERO,RECEIPTS,KL,0.0000,3
ZA,2023-04,JETKERO,RECEIPTS,KTONS,0.0000,3
ZA,2023-04,JETKERO,REFGROUT,CONVBBL,7840.0000,3
ZA,2023-04,JETKERO,REFGROUT,KBBL,556.6400,3
ZA,2023-04,JETKERO,REFGROUT,KBD,18.5547,3
ZA,2023-04,JETKERO,REFGROUT,KL,88.4988,3
ZA,2023-04,JETKERO,REFGROUT,KTONS,71.0000,3
ZA,2023-04,JETKERO,STATDIFF,CONVBBL,7840.0000,3
ZA,2023-04,JETKERO,STATDIFF,KBBL,-78.4000,3
ZA,2023-04,JETKERO,STATDIFF,KBD,-2.6133,3
ZA,2023-04,JETKERO,STATDIFF,KL,-12.4646,3
ZA,2023-04,JETKERO,STATDIFF,KTONS,-10.0000,3
ZA,2023-04,JETKERO,STOCKCH,CONVBBL,7840.0000,3
ZA,2023-04,JETKERO,STOCKCH,KBBL,109.7600,3
ZA,2023-04,JETKERO,STOCKCH,KBD,x,3
ZA,2023-04,JETKERO,STOCKCH,KL,17.4505,3
ZA,2023-04,JETKERO,STOCKCH,KTONS,14.0000,3
ZA,2023-04,JETKERO,TOTDEMO,CONVBBL,7840.0000,3
ZA,2023-04,JETKERO,TOTDEMO,KBBL,548.8000,3
ZA,2023-04,JETKERO,TOTDEMO,KBD,18.2933,3
ZA,2023-04,JETKERO,TOTDEMO,KL,87.2524,3
ZA,2023-04,JETKERO,TOTDEMO,KTONS,70.0000,3
ZA,2023-04,JETKERO,TOTEXPSB,CONVBBL,7840.0000,3
ZA,2023-04,JETKERO,TOTEXPSB,KBBL,0.0000,3
ZA,2023-04,JETKERO,TOTEXPSB,KBD,0.0000,3
ZA,2023-04,JETKERO,TOTEXPSB,KL,0.0000,3
ZA,2023-04,JETKERO,TOTEXPSB,KTONS,0.0000,3
ZA,2023-04,JETKERO,TOTIMPSB,CONVBBL,7840.0000,3
ZA,2023-04,JETKERO,TOTIMPSB,KBBL,23.5200,3
ZA,2023-04,JETKERO,TOTIMPSB,KBD,0.7840,3
ZA,2023-04,JETKERO,TOTIMPSB,KL,3.7394,3
ZA,2023-04,JETKERO,TOTIMPSB,KTONS,3.0000,3
ZA,2023-05,JETKERO,CLOSTLV,CONVBBL,7840.0000,3
ZA,2023-05,JETKERO,CLOSTLV,KBBL,227.3600,3
ZA,2023-05,JETKERO,CLOSTLV,KBD,x,3
ZA,2023-05,JETKERO,CLOSTLV,KL,36.1474,3
ZA,2023-05,JETKERO,CLOSTLV,KTONS,29.0000,3
ZA,2023-05,JETKERO,IPTRANSF,CONVBBL,7840.0000,3
ZA,2023-05,JETKERO,IPTRANSF,KBBL,0.0000,3
ZA,2023-05,JETKERO,IPTRANSF,KBD,0.0000,3
ZA,2023-05,JETKERO,IPTRANSF,KL,0.0000,3
ZA,2023-05,JETKERO,IPTRANSF,KTONS,0.0000,3
ZA,2023-05,JETKERO,PTRANSF,CONVBBL,7840.0000,3
ZA,2023-05,JETKERO,PTRANSF,KBBL,-,3
ZA,2023-05,JETKERO,PTRANSF,KBD,-,3
ZA,2023-05,JETKERO,PTRANSF,KL,-,3
ZA,2023-05,JETKERO,PTRANSF,KTONS,-,3
ZA,2023-05,JETKERO,RECEIPTS,CONVBBL,7840.0000,3
ZA,2023-05,JETKERO,RECEIPTS,KBBL,0.0000,3
ZA,2023-05,JETKERO,RECEIPTS,KBD,0.0000,3
ZA,2023-05,JETKERO,RECEIPTS,KL,0.0000,3
ZA,2023-05,JETKERO,RECEIPTS,KTONS,0.0000,3
ZA,2023-05,JETKERO,REFGROUT,CONVBBL,7840.0000,3
ZA,2023-05,JETKERO,REFGROUT,KBBL,666.4000,3
ZA,2023-05,JETKERO,REFGROUT,KBD,21.4968,3
ZA,2023-05,JETKERO,REFGROUT,KL,105.9493,3
ZA,2023-05,JETKERO,REFGROUT,KTONS,85.0000,3
ZA,2023-05,JETKERO,STATDIFF,CONVBBL,7840.0000,3
ZA,2023-05,JETKERO,STATDIFF,KBBL,360.6400,3
ZA,2023-05,JETKERO,STATDIFF,KBD,11.6335,3
ZA,2023-05,JETKERO,STATDIFF,KL,57.3373,3
ZA,2023-05,JETKERO,STATDIFF,KTONS,46.0000,3
ZA,2023-05,JETKERO,STOCKCH,CONVBBL,7840.0000,3
ZA,2023-05,JETKERO,STOCKCH,KBBL,-31.3600,3
ZA,2023-05,JETKERO,STOCKCH,KBD,x,3
ZA,2023-05,JETKERO,STOCKCH,KL,-4.9859,3
ZA,2023-05,JETKERO,STOCKCH,KTONS,-4.0000,3
ZA,2023-05,JETKERO,TOTDEMO,CONVBBL,7840.0000,3
ZA,2023-05,JETKERO,TOTDEMO,KBBL,439.0400,3
ZA,2023-05,JETKERO,TOTDEMO,KBD,14.1626,3
ZA,2023-05,JETKERO,TOTDEMO,KL,69.8019,3
ZA,2023-05,JETKERO,TOTDEMO,KTONS,56.0000,3
ZA,2023-05,JETKERO,TOTEXPSB,CONVBBL,7840.0000,3
ZA,2023-05,JETKERO,TOTEXPSB,KBBL,0.0000,3
ZA,2023-05,JETKERO,TOTEXPSB,KBD,0.0000,3
ZA,2023-05,JETKERO,TOTEXPSB,KL,0.0000,3
ZA,2023-05,JETKERO,TOTEXPSB,KTONS,0.0000,3
ZA,2023-05,JETKERO,TOTIMPSB,CONVBBL,7840.0000,3
ZA,2023-05,JETKERO,TOTIMPSB,KBBL,101.9200,3
ZA,2023-05,JETKERO,TOTIMPSB,KBD,3.2877,3
ZA,2023-05,JETKERO,TOTIMPSB,KL,16.2040,3
ZA,2023-05,JETKERO,TOTIMPSB,KTONS,13.0000,3
ZA,2023-06,JETKERO,CLOSTLV,CONVBBL,7840.0000,3
ZA,2023-06,JETKERO,CLOSTLV,KBBL,188.1600,3
ZA,2023-06,JETKERO,CLOSTLV,KBD,x,3
ZA,2023-06,JETKERO,CLOSTLV,KL,29.9151,3
ZA,2023-06,JETKERO,CLOSTLV,KTONS,24.0000,3
ZA,2023-06,JETKERO,IPTRANSF,CONVBBL,7840.0000,3
ZA,2023-06,JETKERO,IPTRANSF,KBBL,0.0000,3
ZA,2023-06,JETKERO,IPTRANSF,KBD,0.0000,3
ZA,2023-06,JETKERO,IPTRANSF,KL,0.0000,3
ZA,2023-06,JETKERO,IPTRANSF,KTONS,0.0000,3
ZA,2023-06,JETKERO,PTRANSF,CONVBBL,7840.0000,3
ZA,2023-06,JETKERO,PTRANSF,KBBL,-,3
ZA,2023-06,JETKERO,PTRANSF,KBD,-,3
ZA,2023-06,JETKERO,PTRANSF,KL,-,3
ZA,2023-06,JETKERO,PTRANSF,KTONS,-,3
ZA,2023-06,JETKERO,RECEIPTS,CONVBBL,7840.0000,3
ZA,2023-06,JETKERO,RECEIPTS,KBBL,0.0000,3
ZA,2023-06,JETKERO,RECEIPTS,KBD,0.0000,3
ZA,2023-06,JETKERO,RECEIPTS,KL,0.0000,3
ZA,2023-06,JETKERO,RECEIPTS,KTONS,0.0000,3
ZA,2023-06,JETKERO,REFGROUT,CONVBBL,7840.0000,3
ZA,2023-06,JETKERO,REFGROUT,KBBL,595.8400,3
ZA,2023-06,JETKERO,REFGROUT,KBD,19.8613,3
ZA,2023-06,JETKERO,REFGROUT,KL,94.7312,3
ZA,2023-06,JETKERO,REFGROUT,KTONS,76.0000,3
ZA,2023-06,JETKERO,STATDIFF,CONVBBL,7840.0000,3
ZA,2023-06,JETKERO,STATDIFF,KBBL,211.6800,3
ZA,2023-06,JETKERO,STATDIFF,KBD,7.0560,3
ZA,2023-06,JETKERO,STATDIFF,KL,33.6545,3
ZA,2023-06,JETKERO,STATDIFF,KTONS,27.0000,3
ZA,2023-06,JETKERO,STOCKCH,CONVBBL,7840.0000,3
ZA,2023-06,JETKERO,STOCKCH,KBBL,-70.5600,3
ZA,2023-06,JETKERO,STOCKCH,KBD,x,3
ZA,2023-06,JETKERO,STOCKCH,KL,-11.2182,3
ZA,2023-06,JETKERO,STOCKCH,KTONS,-9.0000,3
ZA,2023-06,JETKERO,TOTDEMO,CONVBBL,7840.0000,3
ZA,2023-06,JETKERO,TOTDEMO,KBBL,486.0800,3
ZA,2023-06,JETKERO,TOTDEMO,KBD,16.2027,3
ZA,2023-06,JETKERO,TOTDEMO,KL,77.2807,3
ZA,2023-06,JETKERO,TOTDEMO,KTONS,62.0000,3
ZA,2023-06,JETKERO,TOTEXPSB,CONVBBL,7840.0000,3
ZA,2023-06,JETKERO,TOTEXPSB,KBBL,0.0000,3
ZA,2023-06,JETKERO,TOTEXPSB,KBD,0.0000,3
ZA,2023-06,JETKERO,TOTEXPSB,KL,0.0000,3
ZA,2023-06,JETKERO,TOTEXPSB,KTONS,0.0000,3
ZA,2023-06,JETKERO,TOTIMPSB,CONVBBL,7840.0000,3
ZA,2023-06,JETKERO,TOTIMPSB,KBBL,23.5200,3
ZA,2023-06,JETKERO,TOTIMPSB,KBD,0.7840,3
ZA,2023-06,JETKERO,TOTIMPSB,KL,3.7394,3
ZA,2023-06,JETKERO,TOTIMPSB,KTONS,3.0000,3
ZA,2023-07,JETKERO,CLOSTLV,CONVBBL,7840.0000,3
ZA,2023-07,JETKERO,CLOSTLV,KBBL,164.6400,3
ZA,2023-07,JETKERO,CLOSTLV,KBD,x,3
ZA,2023-07,JETKERO,CLOSTLV,KL,26.1757,3
ZA,2023-07,JETKERO,CLOSTLV,KTONS,21.0000,3
ZA,2023-07,JETKERO,IPTRANSF,CONVBBL,7840.0000,3
ZA,2023-07,JETKERO,IPTRANSF,KBBL,0.0000,3
ZA,2023-07,JETKERO,IPTRANSF,KBD,0.0000,3
ZA,2023-07,JETKERO,IPTRANSF,KL,0.0000,3
ZA,2023-07,JETKERO,IPTRANSF,KTONS,0.0000,3
ZA,2023-07,JETKERO,PTRANSF,CONVBBL,7840.0000,3
ZA,2023-07,JETKERO,PTRANSF,KBBL,-,3
ZA,2023-07,JETKERO,PTRANSF,KBD,-,3
ZA,2023-07,JETKERO,PTRANSF,KL,-,3
ZA,2023-07,JETKERO,PTRANSF,KTONS,-,3
ZA,2023-07,JETKERO,RECEIPTS,CONVBBL,7840.0000,3
ZA,2023-07,JETKERO,RECEIPTS,KBBL,0.0000,3
ZA,2023-07,JETKERO,RECEIPTS,KBD,0.0000,3
ZA,2023-07,JETKERO,RECEIPTS,KL,0.0000,3
ZA,2023-07,JETKERO,RECEIPTS,KTONS,0.0000,3
ZA,2023-07,JETKERO,REFGROUT,CONVBBL,7840.0000,3
ZA,2023-07,JETKERO,REFGROUT,KBBL,595.8400,3
ZA,2023-07,JETKERO,REFGROUT,KBD,19.2206,3
ZA,2023-07,JETKERO,REFGROUT,KL,94.7312,3
ZA,2023-07,JETKERO,REFGROUT,KTONS,76.0000,3
ZA,2023-07,JETKERO,STATDIFF,CONVBBL,7840.0000,3
ZA,2023-07,JETKERO,STATDIFF,KBBL,148.9600,3
ZA,2023-07,JETKERO,STATDIFF,KBD,4.8052,3
ZA,2023-07,JETKERO,STATDIFF,KL,23.6828,3
ZA,2023-07,JETKERO,STATDIFF,KTONS,19.0000,3
ZA,2023-07,JETKERO,STOCKCH,CONVBBL,7840.0000,3
ZA,2023-07,JETKERO,STOCKCH,KBBL,0.0000,3
ZA,2023-07,JETKERO,STOCKCH,KBD,x,3
ZA,2023-07,JETKERO,STOCKCH,KL,0.0000,3
ZA,2023-07,JETKERO,STOCKCH,KTONS,0.0000,3
ZA,2023-07,JETKERO,TOTDEMO,CONVBBL,7840.0000,3
ZA,2023-07,JETKERO,TOTDEMO,KBBL,227.3600,3
ZA,2023-07,JETKERO,TOTDEMO,KBD,7.3342,3
ZA,2023-07,JETKERO,TOTDEMO,KL,36.1474,3
ZA,2023-07,JETKERO,TOTDEMO,KTONS,29.0000,3
ZA,2023-07,JETKERO,TOTEXPSB,CONVBBL,7840.0000,3
ZA,2023-07,JETKERO,TOTEXPSB,KBBL,243.0400,3
ZA,2023-07,JETKERO,TOTEXPSB,KBD,7.8400,3
ZA,2023-07,JETKERO,TOTEXPSB,KL,38.6403,3
ZA,2023-07,JETKERO,TOTEXPSB,KTONS,31.0000,3
ZA,2023-07,JETKERO,TOTIMPSB,CONVBBL,7840.0000,3
ZA,2023-07,JETKERO,TOTIMPSB,KBBL,23.5200,3
ZA,2023-07,JETKERO,TOTIMPSB,KBD,0.7587,3
ZA,2023-07,JETKERO,TOTIMPSB,KL,3.7394,3
ZA,2023-07,JETKERO,TOTIMPSB,KTONS,3.0000,3
ZA,2023-08,JETKERO,CLOSTLV,CONVBBL,7840.0000,3
ZA,2023-08,JETKERO,CLOSTLV,KBBL,219.5200,3
ZA,2023-08,JETKERO,CLOSTLV,KBD,x,3
ZA,2023-08,JETKERO,CLOSTLV,KL,34.9010,3
ZA,2023-08,JETKERO,CLOSTLV,KTONS,28.0000,3
ZA,2023-08,JETKERO,IPTRANSF,CONVBBL,7840.0000,3
ZA,2023-08,JETKERO,IPTRANSF,KBBL,0.0000,3
ZA,2023-08,JETKERO,IPTRANSF,KBD,0.0000,3
ZA,2023-08,JETKERO,IPTRANSF,KL,0.0000,3
ZA,2023-08,JETKERO,IPTRANSF,KTONS,0.0000,3
ZA,2023-08,JETKERO,PTRANSF,CONVBBL,7840.0000,3
ZA,2023-08,JETKERO,PTRANSF,KBBL,-,3
ZA,2023-08,JETKERO,PTRANSF,KBD,-,3
ZA,2023-08,JETKERO,PTRANSF,KL,-,3
ZA,2023-08,JETKERO,PTRANSF,KTONS,-,3
ZA,2023-08,JETKERO,RECEIPTS,CONVBBL,7840.0000,3
ZA,2023-08,JETKERO,RECEIPTS,KBBL,0.0000,3
ZA,2023-08,JETKERO,RECEIPTS,KBD,0.0000,3
ZA,2023-08,JETKERO,RECEIPTS,KL,0.0000,3
ZA,2023-08,JETKERO,RECEIPTS,KTONS,0.0000,3
ZA,2023-08,JETKERO,REFGROUT,CONVBBL,7840.0000,3
ZA,2023-08,JETKERO,REFGROUT,KBBL,611.5200,3
ZA,2023-08,JETKERO,REFGROUT,KBD,19.7265,3
ZA,2023-08,JETKERO,REFGROUT,KL,97.2241,3
ZA,2023-08,JETKERO,REFGROUT,KTONS,78.0000,3
ZA,2023-08,JETKERO,STATDIFF,CONVBBL,7840.0000,3
ZA,2023-08,JETKERO,STATDIFF,KBBL,117.6000,3
ZA,2023-08,JETKERO,STATDIFF,KBD,3.7935,3
ZA,2023-08,JETKERO,STATDIFF,KL,18.6969,3
ZA,2023-08,JETKERO,STATDIFF,KTONS,15.0000,3
ZA,2023-08,JETKERO,STOCKCH,CONVBBL,7840.0000,3
ZA,2023-08,JETKERO,STOCKCH,KBBL,78.4000,3
ZA,2023-08,JETKERO,STOCKCH,KBD,x,3
ZA,2023-08,JETKERO,STOCKCH,KL,12.4646,3
ZA,2023-08,JETKERO,STOCKCH,KTONS,10.0000,3
ZA,2023-08,JETKERO,TOTDEMO,CONVBBL,7840.0000,3
ZA,2023-08,JETKERO,TOTDEMO,KBBL,431.2000,3
ZA,2023-08,JETKERO,TOTDEMO,KBD,13.9097,3
ZA,2023-08,JETKERO,TOTDEMO,KL,68.5554,3
ZA,2023-08,JETKERO,TOTDEMO,KTONS,55.0000,3
ZA,2023-08,JETKERO,TOTEXPSB,CONVBBL,7840.0000,3
ZA,2023-08,JETKERO,TOTEXPSB,KBBL,0.0000,3
ZA,2023-08,JETKERO,TOTEXPSB,KBD,0.0000,3
ZA,2023-08,JETKERO,TOTEXPSB,KL,0.0000,3
ZA,2023-08,JETKERO,TOTEXPSB,KTONS,0.0000,3
ZA,2023-08,JETKERO,TOTIMPSB,CONVBBL,7840.0000,3
ZA,2023-08,JETKERO,TOTIMPSB,KBBL,23.5200,3
ZA,2023-08,JETKERO,TOTIMPSB,KBD,0.7587,3
ZA,2023-08,JETKERO,TOTIMPSB,KL,3.7394,3
ZA,2023-08,JETKERO,TOTIMPSB,KTONS,3.0000,3
ZA,2023-09,JETKERO,CLOSTLV,CONVBBL,7840.0000,3
ZA,2023-09,JETKERO,CLOSTLV,KBBL,196.0000,3
ZA,2023-09,JETKERO,CLOSTLV,KBD,x,3
ZA,2023-09,JETKERO,CLOSTLV,KL,31.1616,3
ZA,2023-09,JETKERO,CLOSTLV,KTONS,25.0000,3
ZA,2023-09,JETKERO,IPTRANSF,CONVBBL,7840.0000,3
ZA,2023-09,JETKERO,IPTRANSF,KBBL,0.0000,3
ZA,2023-09,JETKERO,IPTRANSF,KBD,0.0000,3
ZA,2023-09,JETKERO,IPTRANSF,KL,0.0000,3
ZA,2023-09,JETKERO,IPTRANSF,KTONS,0.0000,3
ZA,2023-09,JETKERO,PTRANSF,CONVBBL,7840.0000,3
ZA,2023-09,JETKERO,PTRANSF,KBBL,-,3
ZA,2023-09,JETKERO,PTRANSF,KBD,-,3
ZA,2023-09,JETKERO,PTRANSF,KL,-,3
ZA,2023-09,JETKERO,PTRANSF,KTONS,-,3
ZA,2023-09,JETKERO,RECEIPTS,CONVBBL,7840.0000,3
ZA,2023-09,JETKERO,RECEIPTS,KBBL,0.0000,3
ZA,2023-09,JETKERO,RECEIPTS,KBD,0.0000,3
ZA,2023-09,JETKERO,RECEIPTS,KL,0.0000,3
ZA,2023-09,JETKERO,RECEIPTS,KTONS,0.0000,3
ZA,2023-09,JETKERO,REFGROUT,CONVBBL,7840.0000,3
ZA,2023-09,JETKERO,REFGROUT,KBBL,525.2800,3
ZA,2023-09,JETKERO,REFGROUT,KBD,17.5093,3
ZA,2023-09,JETKERO,REFGROUT,KL,83.5130,3
ZA,2023-09,JETKERO,REFGROUT,KTONS,67.0000,3
ZA,2023-09,JETKERO,STATDIFF,CONVBBL,7840.0000,3
ZA,2023-09,JETKERO,STATDIFF,KBBL,-39.2000,3
ZA,2023-09,JETKERO,STATDIFF,KBD,-1.3067,3
ZA,2023-09,JETKERO,STATDIFF,KL,-6.2323,3
ZA,2023-09,JETKERO,STATDIFF,KTONS,-5.0000,3
ZA,2023-09,JETKERO,STOCKCH,CONVBBL,7840.0000,3
ZA,2023-09,JETKERO,STOCKCH,KBBL,0.0000,3
ZA,2023-09,JETKERO,STOCKCH,KBD,x,3
ZA,2023-09,JETKERO,STOCKCH,KL,0.0000,3
ZA,2023-09,JETKERO,STOCKCH,KTONS,0.0000,3
ZA,2023-09,JETKERO,TOTDEMO,CONVBBL,7840.0000,3
ZA,2023-09,JETKERO,TOTDEMO,KBBL,595.8400,3
ZA,2023-09,JETKERO,TOTDEMO,KBD,19.8613,3
ZA,2023-09,JETKERO,TOTDEMO,KL,94.7312,3
ZA,2023-09,JETKERO,TOTDEMO,KTONS,76.0000,3
ZA,2023-09,JETKERO,TOTEXPSB,CONVBBL,7840.0000,3
ZA,2023-09,JETKERO,TOTEXPSB,KBBL,0.0000,3
ZA,2023-09,JETKERO,TOTEXPSB,KBD,0.0000,3
ZA,2023-09,JETKERO,TOTEXPSB,KL,0.0000,3
ZA,2023-09,JETKERO,TOTEXPSB,KTONS,0.0000,3
ZA,2023-09,JETKERO,TOTIMPSB,CONVBBL,7840.0000,3
ZA,2023-09,JETKERO,TOTIMPSB,KBBL,23.5200,3
ZA,2023-09,JETKERO,TOTIMPSB,KBD,0.7840,3
ZA,2023-09,JETKERO,TOTIMPSB,KL,3.7394,3
ZA,2023-09,JETKERO,TOTIMPSB,KTONS,3.0000,3
ZA,2023-10,JETKERO,CLOSTLV,CONVBBL,7840.0000,3
ZA,2023-10,JETKERO,CLOSTLV,KBBL,219.5200,3
ZA,2023-10,JETKERO,CLOSTLV,KBD,x,3
ZA,2023-10,JETKERO,CLOSTLV,KL,34.9010,3
ZA,2023-10,JETKERO,CLOSTLV,KTONS,28.0000,3
ZA,2023-10,JETKERO,IPTRANSF,CONVBBL,7840.0000,3
ZA,2023-10,JETKERO,IPTRANSF,KBBL,0.0000,3
ZA,2023-10,JETKERO,IPTRANSF,KBD,0.0000,3
ZA,2023-10,JETKERO,IPTRANSF,KL,0.0000,3
ZA,2023-10,JETKERO,IPTRANSF,KTONS,0.0000,3
ZA,2023-10,JETKERO,PTRANSF,CONVBBL,7840.0000,3
ZA,2023-10,JETKERO,PTRANSF,KBBL,-,3
ZA,2023-10,JETKERO,PTRANSF,KBD,-,3
ZA,2023-10,JETKERO,PTRANSF,KL,-,3
ZA,2023-10,JETKERO,PTRANSF,KTONS,-,3
ZA,2023-10,JETKERO,RECEIPTS,CONVBBL,7840.0000,3
ZA,2023-10,JETKERO,RECEIPTS,KBBL,0.0000,3
ZA,2023-10,JETKERO,RECEIPTS,KBD,0.0000,3
ZA,2023-10,JETKERO,RECEIPTS,KL,0.0000,3
ZA,2023-10,JETKERO,RECEIPTS,KTONS,0.0000,3
ZA,2023-10,JETKERO,REFGROUT,CONVBBL,7840.0000,3
ZA,2023-10,JETKERO,REFGROUT,KBBL,580.1600,3
ZA,2023-10,JETKERO,REFGROUT,KBD,18.7148,3
ZA,2023-10,JETKERO,REFGROUT,KL,92.2382,3
ZA,2023-10,JETKERO,REFGROUT,KTONS,74.0000,3
ZA,2023-10,JETKERO,STATDIFF,CONVBBL,7840.0000,3
ZA,2023-10,JETKERO,STATDIFF,KBBL,101.9200,3
ZA,2023-10,JETKERO,STATDIFF,KBD,3.2877,3
ZA,2023-10,JETKERO,STATDIFF,KL,16.2040,3
ZA,2023-10,JETKERO,STATDIFF,KTONS,13.0000,3
ZA,2023-10,JETKERO,STOCKCH,CONVBBL,7840.0000,3
ZA,2023-10,JETKERO,STOCKCH,KBBL,47.0400,3
ZA,2023-10,JETKERO,STOCKCH,KBD,x,3
ZA,2023-10,JETKERO,STOCKCH,KL,7.4788,3
ZA,2023-10,JETKERO,STOCKCH,KTONS,6.0000,3
ZA,2023-10,JETKERO,TOTDEMO,CONVBBL,7840.0000,3
ZA,2023-10,JETKERO,TOTDEMO,KBBL,493.9200,3
ZA,2023-10,JETKERO,TOTDEMO,KBD,15.9329,3
ZA,2023-10,JETKERO,TOTDEMO,KL,78.5271,3
ZA,2023-10,JETKERO,TOTDEMO,KTONS,63.0000,3
ZA,2023-10,JETKERO,TOTEXPSB,CONVBBL,7840.0000,3
ZA,2023-10,JETKERO,TOTEXPSB,KBBL,0.0000,3
ZA,2023-10,JETKERO,TOTEXPSB,KBD,0.0000,3
ZA,2023-10,JETKERO,TOTEXPSB,KL,0.0000,3
ZA,2023-10,JETKERO,TOTEXPSB,KTONS,0.0000,3
ZA,2023-10,JETKERO,TOTIMPSB,CONVBBL,7840.0000,3
ZA,2023-10,JETKERO,TOTIMPSB,KBBL,62.7200,3
ZA,2023-10,JETKERO,TOTIMPSB,KBD,2.0232,3
ZA,2023-10,JETKERO,TOTIMPSB,KL,9.9717,3
ZA,2023-10,JETKERO,TOTIMPSB,KTONS,8.0000,3
ZA,2023-11,JETKERO,CLOSTLV,CONVBBL,7840.0000,3
ZA,2023-11,JETKERO,CLOSTLV,KBBL,376.3200,3
ZA,2023-11,JETKERO,CLOSTLV,KBD,x,3
ZA,2023-11,JETKERO,CLOSTLV,KL,59.8302,3
ZA,2023-11,JETKERO,CLOSTLV,KTONS,48.0000,3
ZA,2023-11,JETKERO,IPTRANSF,CONVBBL,7840.0000,3
ZA,2023-11,JETKERO,IPTRANSF,KBBL,0.0000,3
ZA,2023-11,JETKERO,IPTRANSF,KBD,0.0000,3
ZA,2023-11,JETKERO,IPTRANSF,KL,0.0000,3
ZA,2023-11,JETKERO,IPTRANSF,KTONS,0.0000,3
ZA,2023-11,JETKERO,PTRANSF,CONVBBL,7840.0000,3
ZA,2023-11,JETKERO,PTRANSF,KBBL,-,3
ZA,2023-11,JETKERO,PTRANSF,KBD,-,3
ZA,2023-11,JETKERO,PTRANSF,KL,-,3
ZA,2023-11,JETKERO,PTRANSF,KTONS,-,3
ZA,2023-11,JETKERO,RECEIPTS,CONVBBL,7840.0000,3
ZA,2023-11,JETKERO,RECEIPTS,KBBL,0.0000,3
ZA,2023-11,JETKERO,RECEIPTS,KBD,0.0000,3
ZA,2023-11,JETKERO,RECEIPTS,KL,0.0000,3
ZA,2023-11,JETKERO,RECEIPTS,KTONS,0.0000,3
ZA,2023-11,JETKERO,REFGROUT,CONVBBL,7840.0000,3
ZA,2023-11,JETKERO,REFGROUT,KBBL,658.5600,3
ZA,2023-11,JETKERO,REFGROUT,KBD,21.9520,3
ZA,2023-11,JETKERO,REFGROUT,KL,104.7029,3
ZA,2023-11,JETKERO,REFGROUT,KTONS,84.0000,3
ZA,2023-11,JETKERO,STATDIFF,CONVBBL,7840.0000,3
ZA,2023-11,JETKERO,STATDIFF,KBBL,31.3600,3
ZA,2023-11,JETKERO,STATDIFF,KBD,1.0453,3
ZA,2023-11,JETKERO,STATDIFF,KL,4.9859,3
ZA,2023-11,JETKERO,STATDIFF,KTONS,4.0000,3
ZA,2023-11,JETKERO,STOCKCH,CONVBBL,7840.0000,3
ZA,2023-11,JETKERO,STOCKCH,KBBL,180.3200,3
ZA,2023-11,JETKERO,STOCKCH,KBD,x,3
ZA,2023-11,JETKERO,STOCKCH,KL,28.6686,3
ZA,2023-11,JETKERO,STOCKCH,KTONS,23.0000,3
ZA,2023-11,JETKERO,TOTDEMO,CONVBBL,7840.0000,3
ZA,2023-11,JETKERO,TOTDEMO,KBBL,611.5200,3
ZA,2023-11,JETKERO,TOTDEMO,KBD,20.3840,3
ZA,2023-11,JETKERO,TOTDEMO,KL,97.2241,3
ZA,2023-11,JETKERO,TOTDEMO,KTONS,78.0000,3
ZA,2023-11,JETKERO,TOTEXPSB,CONVBBL,7840.0000,3
ZA,2023-11,JETKERO,TOTEXPSB,KBBL,0.0000,3
ZA,2023-11,JETKERO,TOTEXPSB,KBD,0.0000,3
ZA,2023-11,JETKERO,TOTEXPSB,KL,0.0000,3
ZA,2023-11,JETKERO,TOTEXPSB,KTONS,0.0000,3
ZA,2023-11,JETKERO,TOTIMPSB,CONVBBL,7840.0000,3
ZA,2023-11,JETKERO,TOTIMPSB,KBBL,164.6400,3
ZA,2023-11,JETKERO,TOTIMPSB,KBD,5.4880,3
ZA,2023-11,JETKERO,TOTIMPSB,KL,26.1757,3
ZA,2023-11,JETKERO,TOTIMPSB,KTONS,21.0000,3
ZA,2023-12,JETKERO,CLOSTLV,CONVBBL,7840.0000,3
ZA,2023-12,JETKERO,CLOSTLV,KBBL,235.2000,3
ZA,2023-12,JETKERO,CLOSTLV,KBD,x,3
ZA,2023-12,JETKERO,CLOSTLV,KL,37.3939,3
ZA,2023-12,JETKERO,CLOSTLV,KTONS,30.0000,3
ZA,2023-12,JETKERO,IPTRANSF,CONVBBL,7840.0000,3
ZA,2023-12,JETKERO,IPTRANSF,KBBL,0.0000,3
ZA,2023-12,JETKERO,IPTRANSF,KBD,0.0000,3
ZA,2023-12,JETKERO,IPTRANSF,KL,0.0000,3
ZA,2023-12,JETKERO,IPTRANSF,KTONS,0.0000,3
ZA,2023-12,JETKERO,PTRANSF,CONVBBL,7840.0000,3
ZA,2023-12,JETKERO,PTRANSF,KBBL,-,3
ZA,2023-12,JETKERO,PTRANSF,KBD,-,3
ZA,2023-12,JETKERO,PTRANSF,KL,-,3
ZA,2023-12,JETKERO,PTRANSF,KTONS,-,3
ZA,2023-12,JETKERO,RECEIPTS,CONVBBL,7840.0000,3
ZA,2023-12,JETKERO,RECEIPTS,KBBL,0.0000,3
ZA,2023-12,JETKERO,RECEIPTS,KBD,0.0000,3
ZA,2023-12,JETKERO,RECEIPTS,KL,0.0000,3
ZA,2023-12,JETKERO,RECEIPTS,KTONS,0.0000,3
ZA,2023-12,JETKERO,REFGROUT,CONVBBL,7840.0000,3
ZA,2023-12,JETKERO,REFGROUT,KBBL,799.6800,3
ZA,2023-12,JETKERO,REFGROUT,KBD,25.7961,3
ZA,2023-12,JETKERO,REFGROUT,KL,127.1392,3
ZA,2023-12,JETKERO,REFGROUT,KTONS,102.0000,3
ZA,2023-12,JETKERO,STATDIFF,CONVBBL,7840.0000,3
ZA,2023-12,JETKERO,STATDIFF,KBBL,392.0000,3
ZA,2023-12,JETKERO,STATDIFF,KBD,12.6452,3
ZA,2023-12,JETKERO,STATDIFF,KL,62.3231,3
ZA,2023-12,JETKERO,STATDIFF,KTONS,50.0000,3
ZA,2023-12,JETKERO,STOCKCH,CONVBBL,7840.0000,3
ZA,2023-12,JETKERO,STOCKCH,KBBL,-141.1200,3
ZA,2023-12,JETKERO,STOCKCH,KBD,x,3
ZA,2023-12,JETKERO,STOCKCH,KL,-22.4363,3
ZA,2023-12,JETKERO,STOCKCH,KTONS,-18.0000,3
ZA,2023-12,JETKERO,TOTDEMO,CONVBBL,7840.0000,3
ZA,2023-12,JETKERO,TOTDEMO,KBBL,564.4800,3
ZA,2023-12,JETKERO,TOTDEMO,KBD,18.2090,3
ZA,2023-12,JETKERO,TOTDEMO,KL,89.7453,3
ZA,2023-12,JETKERO,TOTDEMO,KTONS,72.0000,3
ZA,2023-12,JETKERO,TOTEXPSB,CONVBBL,7840.0000,3
ZA,2023-12,JETKERO,TOTEXPSB,KBBL,0.0000,3
ZA,2023-12,JETKERO,TOTEXPSB,KBD,0.0000,3
ZA,2023-12,JETKERO,TOTEXPSB,KL,0.0000,3
ZA,2023-12,JETKERO,TOTEXPSB,KTONS,0.0000,3
ZA,2023-12,JETKERO,TOTIMPSB,CONVBBL,7840.0000,3
ZA,2023-12,JETKERO,TOTIMPSB,KBBL,23.5200,3
ZA,2023-12,JETKERO,TOTIMPSB,KBD,0.7587,3
ZA,2023-12,JETKERO,TOTIMPSB,KL,3.7394,3
ZA,2023-12,JETKERO,TOTIMPSB,KTONS,3.0000,3
ZA,2023-01,KEROSENE,CLOSTLV,CONVBBL,7890.0000,3
ZA,2023-01,KEROSENE,CLOSTLV,KBBL,205.1400,3
ZA,2023-01,KEROSENE,CLOSTLV,KBD,x,3
ZA,2023-01,KEROSENE,CLOSTLV,KL,32.6147,3
ZA,2023-01,KEROSENE,CLOSTLV,KTONS,26.0000,3
ZA,2023-01,KEROSENE,IPTRANSF,CONVBBL,7890.0000,3
ZA,2023-01,KEROSENE,IPTRANSF,KBBL,0.0000,3
ZA,2023-01,KEROSENE,IPTRANSF,KBD,0.0000,3
ZA,2023-01,KEROSENE,IPTRANSF,KL,0.0000,3
ZA,2023-01,KEROSENE,IPTRANSF,KTONS,0.0000,3
ZA,2023-01,KEROSENE,PTRANSF,CONVBBL,7890.0000,3
ZA,2023-01,KEROSENE,PTRANSF,KBBL,-,3
ZA,2023-01,KEROSENE,PTRANSF,KBD,-,3
ZA,2023-01,KEROSENE,PTRANSF,KL,-,3
ZA,2023-01,KEROSENE,PTRANSF,KTONS,-,3
ZA,2023-01,KEROSENE,RECEIPTS,CONVBBL,7890.0000,3
ZA,2023-01,KEROSENE,RECEIPTS,KBBL,0.0000,3
ZA,2023-01,KEROSENE,RECEIPTS,KBD,0.0000,3
ZA,2023-01,KEROSENE,RECEIPTS,KL,0.0000,3
ZA,2023-01,KEROSENE,RECEIPTS,KTONS,0.0000,3
ZA,2023-01,KEROSENE,REFGROUT,CONVBBL,7890.0000,3
ZA,2023-01,KEROSENE,REFGROUT,KBBL,386.6100,3
ZA,2023-01,KEROSENE,REFGROUT,KBD,12.4713,3
ZA,2023-01,KEROSENE,REFGROUT,KL,61.4662,3
ZA,2023-01,KEROSENE,REFGROUT,KTONS,49.0000,3
ZA,2023-01,KEROSENE,STATDIFF,CONVBBL,7890.0000,3
ZA,2023-01,KEROSENE,STATDIFF,KBBL,-142.0200,3
ZA,2023-01,KEROSENE,STATDIFF,KBD,-4.5813,3
ZA,2023-01,KEROSENE,STATDIFF,KL,-22.5794,3
ZA,2023-01,KEROSENE,STATDIFF,KTONS,-18.0000,3
ZA,2023-01,KEROSENE,STOCKCH,CONVBBL,7890.0000,3
ZA,2023-01,KEROSENE,STOCKCH,KBBL,0.0000,3
ZA,2023-01,KEROSENE,STOCKCH,KBD,x,3
ZA,2023-01,KEROSENE,STOCKCH,KL,0.0000,3
ZA,2023-01,KEROSENE,STOCKCH,KTONS,0.0000,3
ZA,2023-01,KEROSENE,TOTDEMO,CONVBBL,7890.0000,3
ZA,2023-01,KEROSENE,TOTDEMO,KBBL,552.3000,3
ZA,2023-01,KEROSENE,TOTDEMO,KBD,17.8161,3
ZA,2023-01,KEROSENE,TOTDEMO,KL,87.8088,3
ZA,2023-01,KEROSENE,TOTDEMO,KTONS,70.0000,3
ZA,2023-01,KEROSENE,TOTEXPSB,CONVBBL,7890.0000,3
ZA,2023-01,KEROSENE,TOTEXPSB,KBBL,0.0000,3
ZA,2023-01,KEROSENE,TOTEXPSB,KBD,0.0000,3
ZA,2023-01,KEROSENE,TOTEXPSB,KL,0.0000,3
ZA,2023-01,KEROSENE,TOTEXPSB,KTONS,0.0000,3
ZA,2023-01,KEROSENE,TOTIMPSB,CONVBBL,7890.0000,3
ZA,2023-01,KEROSENE,TOTIMPSB,KBBL,23.6700,3
ZA,2023-01,KEROSENE,TOTIMPSB,KBD,0.7635,3
ZA,2023-01,KEROSENE,TOTIMPSB,KL,3.7632,3
ZA,2023-01,KEROSENE,TOTIMPSB,KTONS,3.0000,3
ZA,2023-02,KEROSENE,CLOSTLV,CONVBBL,7890.0000,3
ZA,2023-02,KEROSENE,CLOSTLV,KBBL,197.2500,3
ZA,2023-02,KEROSENE,CLOSTLV,KBD,x,3
ZA,2023-02,KEROSENE,CLOSTLV,KL,31.3603,3
ZA,2023-02,KEROSENE,CLOSTLV,KTONS,25.0000,3
ZA,2023-02,KEROSENE,IPTRANSF,CONVBBL,7890.0000,3
ZA,2023-02,KEROSENE,IPTRANSF,KBBL,0.0000,3
ZA,2023-02,KEROSENE,IPTRANSF,KBD,0.0000,3
ZA,2023-02,KEROSENE,IPTRANSF,KL,0.0000,3
ZA,2023-02,KEROSENE,IPTRANSF,KTONS,0.0000,3
ZA,2023-02,KEROSENE,PTRANSF,CONVBBL,7890.0000,3
ZA,2023-02,KEROSENE,PTRANSF,KBBL,-,3
ZA,2023-02,KEROSENE,PTRANSF,KBD,-,3
ZA,2023-02,KEROSENE,PTRANSF,KL,-,3
ZA,2023-02,KEROSENE,PTRANSF,KTONS,-,3
ZA,2023-02,KEROSENE,RECEIPTS,CONVBBL,7890.0000,3
ZA,2023-02,KEROSENE,RECEIPTS,KBBL,0.0000,3
ZA,2023-02,KEROSENE,RECEIPTS,KBD,0.0000,3
ZA,2023-02,KEROSENE,RECEIPTS,KL,0.0000,3
ZA,2023-02,KEROSENE,RECEIPTS,KTONS,0.0000,3
ZA,2023-02,KEROSENE,REFGROUT,CONVBBL,7890.0000,3
ZA,2023-02,KEROSENE,REFGROUT,KBBL,497.0700,3
ZA,2023-02,KEROSENE,REFGROUT,KBD,17.7525,3
ZA,2023-02,KEROSENE,REFGROUT,KL,79.0280,3
ZA,2023-02,KEROSENE,REFGROUT,KTONS,63.0000,3
ZA,2023-02,KEROSENE,STATDIFF,CONVBBL,7890.0000,3
ZA,2023-02,KEROSENE,STATDIFF,KBBL,-55.2300,3
ZA,2023-02,KEROSENE,STATDIFF,KBD,-1.9725,3
ZA,2023-02,KEROSENE,STATDIFF,KL,-8.7809,3
ZA,2023-02,KEROSENE,STATDIFF,KTONS,-7.0000,3
ZA,2023-02,KEROSENE,STOCKCH,CONVBBL,7890.0000,3
ZA,2023-02,KEROSENE,STOCKCH,KBBL,0.0000,3
ZA,2023-02,KEROSENE,STOCKCH,KBD,x,3
ZA,2023-02,KEROSENE,STOCKCH,KL,0.0000,3
ZA,2023-02,KEROSENE,STOCKCH,KTONS,0.0000,3
ZA,2023-02,KEROSENE,TOTDEMO,CONVBBL,7890.0000,3
ZA,2023-02,KEROSENE,TOTDEMO,KBBL,568.0800,3
ZA,2023-02,KEROSENE,TOTDEMO,KBD,20.2886,3
ZA,2023-02,KEROSENE,TOTDEMO,KL,90.3177,3
ZA,2023-02,KEROSENE,TOTDEMO,KTONS,72.0000,3
ZA,2023-02,KEROSENE,TOTEXPSB,CONVBBL,7890.0000,3
ZA,2023-02,KEROSENE,TOTEXPSB,KBBL,0.0000,3
ZA,2023-02,KEROSENE,TOTEXPSB,KBD,0.0000,3
ZA,2023-02,KEROSENE,TOTEXPSB,KL,0.0000,3
ZA,2023-02,KEROSENE,TOTEXPSB,KTONS,0.0000,3
ZA,2023-02,KEROSENE,TOTIMPSB,CONVBBL,7890.0000,3
ZA,2023-02,KEROSENE,TOTIMPSB,KBBL,23.6700,3
ZA,2023-02,KEROSENE,TOTIMPSB,KBD,0.8454,3
ZA,2023-02,KEROSENE,TOTIMPSB,KL,3.7632,3
ZA,2023-02,KEROSENE,TOTIMPSB,KTONS,3.0000,3
ZA,2023-03,KEROSENE,CLOSTLV,CONVBBL,7890.0000,3
ZA,2023-03,KEROSENE,CLOSTLV,KBBL,205.1400,3
ZA,2023-03,KEROSENE,CLOSTLV,KBD,x,3
ZA,2023-03,KEROSENE,CLOSTLV,KL,32.6147,3
ZA,2023-03,KEROSENE,CLOSTLV,KTONS,26.0000,3
ZA,2023-03,KEROSENE,IPTRANSF,CONVBBL,7890.0000,3
ZA,2023-03,KEROSENE,IPTRANSF,KBBL,0.0000,3
ZA,2023-03,KEROSENE,IPTRANSF,KBD,0.0000,3
ZA,2023-03,KEROSENE,IPTRANSF,KL,0.0000,3
ZA,2023-03,KEROSENE,IPTRANSF,KTONS,0.0000,3
ZA,2023-03,KEROSENE,PTRANSF,CONVBBL,7890.0000,3
ZA,2023-03,KEROSENE,PTRANSF,KBBL,-,3
ZA,2023-03,KEROSENE,PTRANSF,KBD,-,3
ZA,2023-03,KEROSENE,PTRANSF,KL,-,3
ZA,2023-03,KEROSENE,PTRANSF,KTONS,-,3
ZA,2023-03,KEROSENE,RECEIPTS,CONVBBL,7890.0000,3
ZA,2023-03,KEROSENE,RECEIPTS,KBBL,0.0000,3
ZA,2023-03,KEROSENE,RECEIPTS,KBD,0.0000,3
ZA,2023-03,KEROSENE,RECEIPTS,KL,0.0000,3
ZA,2023-03,KEROSENE,RECEIPTS,KTONS,0.0000,3
ZA,2023-03,KEROSENE,REFGROUT,CONVBBL,7890.0000,3
ZA,2023-03,KEROSENE,REFGROUT,KBBL,599.6400,3
ZA,2023-03,KEROSENE,REFGROUT,KBD,19.3432,3
ZA,2023-03,KEROSENE,REFGROUT,KL,95.3353,3
ZA,2023-03,KEROSENE,REFGROUT,KTONS,76.0000,3
ZA,2023-03,KEROSENE,STATDIFF,CONVBBL,7890.0000,3
ZA,2023-03,KEROSENE,STATDIFF,KBBL,102.5700,3
ZA,2023-03,KEROSENE,STATDIFF,KBD,3.3087,3
ZA,2023-03,KEROSENE,STATDIFF,KL,16.3074,3
ZA,2023-03,KEROSENE,STATDIFF,KTONS,13.0000,3
ZA,2023-03,KEROSENE,STOCKCH,CONVBBL,7890.0000,3
ZA,2023-03,KEROSENE,STOCKCH,KBBL,23.6700,3
ZA,2023-03,KEROSENE,STOCKCH,KBD,x,3
ZA,2023-03,KEROSENE,STOCKCH,KL,3.7632,3
ZA,2023-03,KEROSENE,STOCKCH,KTONS,3.0000,3
ZA,2023-03,KEROSENE,TOTDEMO,CONVBBL,7890.0000,3
ZA,2023-03,KEROSENE,TOTDEMO,KBBL,575.9700,3
ZA,2023-03,KEROSENE,TOTDEMO,KBD,18.5797,3
ZA,2023-03,KEROSENE,TOTDEMO,KL,91.5721,3
ZA,2023-03,KEROSENE,TOTDEMO,KTONS,73.0000,3
ZA,2023-03,KEROSENE,TOTEXPSB,CONVBBL,7890.0000,3
ZA,2023-03,KEROSENE,TOTEXPSB,KBBL,0.0000,3
ZA,2023-03,KEROSENE,TOTEXPSB,KBD,0.0000,3
ZA,2023-03,KEROSENE,TOTEXPSB,KL,0.0000,3
ZA,2023-03,KEROSENE,TOTEXPSB,KTONS,0.0000,3
ZA,2023-03,KEROSENE,TOTIMPSB,CONVBBL,7890.0000,3
ZA,2023-03,KEROSENE,TOTIMPSB,KBBL,102.5700,3
ZA,2023-03,KEROSENE,TOTIMPSB,KBD,3.3087,3
ZA,2023-03,KEROSENE,TOTIMPSB,KL,16.3074,3
ZA,2023-03,KEROSENE,TOTIMPSB,KTONS,13.0000,3
ZA,2023-04,KEROSENE,CLOSTLV,CONVBBL,7890.0000,3
ZA,2023-04,KEROSENE,CLOSTLV,KBBL,299.8200,3
ZA,2023-04,KEROSENE,CLOSTLV,KBD,x,3
ZA,2023-04,KEROSENE,CLOSTLV,KL,47.6677,3
ZA,2023-04,KEROSENE,CLOSTLV,KTONS,38.0000,3
ZA,2023-04,KEROSENE,IPTRANSF,CONVBBL,7890.0000,3
ZA,2023-04,KEROSENE,IPTRANSF,KBBL,0.0000,3
ZA,2023-04,KEROSENE,IPTRANSF,KBD,0.0000,3
ZA,2023-04,KEROSENE,IPTRANSF,KL,0.0000,3
ZA,2023-04,KEROSENE,IPTRANSF,KTONS,0.0000,3
ZA,2023-04,KEROSENE,PTRANSF,CONVBBL,7890.0000,3
ZA,2023-04,KEROSENE,PTRANSF,KBBL,-,3
ZA,2023-04,KEROSENE,PTRANSF,KBD,-,3
ZA,2023-04,KEROSENE,PTRANSF,KL,-,3
ZA,2023-04,KEROSENE,PTRANSF,KTONS,-,3
ZA,2023-04,KEROSENE,RECEIPTS,CONVBBL,7890.0000,3
ZA,2023-04,KEROSENE,RECEIPTS,KBBL,0.0000,3
ZA,2023-04,KEROSENE,RECEIPTS,KBD,0.0000,3
ZA,2023-04,KEROSENE,RECEIPTS,KL,0.0000,3
ZA,2023-04,KEROSENE,RECEIPTS,KTONS,0.0000,3
ZA,2023-04,KEROSENE,REFGROUT,CONVBBL,7890.0000,3
ZA,2023-04,KEROSENE,REFGROUT,KBBL,575.9700,3
ZA,2023-04,KEROSENE,REFGROUT,KBD,19.1990,3
ZA,2023-04,KEROSENE,REFGROUT,KL,91.5721,3
ZA,2023-04,KEROSENE,REFGROUT,KTONS,73.0000,3
ZA,2023-04,KEROSENE,STATDIFF,CONVBBL,7890.0000,3
ZA,2023-04,KEROSENE,STATDIFF,KBBL,-55.2300,3
ZA,2023-04,KEROSENE,STATDIFF,KBD,-1.8410,3
ZA,2023-04,KEROSENE,STATDIFF,KL,-8.7809,3
ZA,2023-04,KEROSENE,STATDIFF,KTONS,-7.0000,3
ZA,2023-04,KEROSENE,STOCKCH,CONVBBL,7890.0000,3
ZA,2023-04,KEROSENE,STOCKCH,KBBL,102.5700,3
ZA,2023-04,KEROSENE,STOCKCH,KBD,x,3
ZA,2023-04,KEROSENE,STOCKCH,KL,16.3074,3
ZA,2023-04,KEROSENE,STOCKCH,KTONS,13.0000,3
ZA,2023-04,KEROSENE,TOTDEMO,CONVBBL,7890.0000,3
ZA,2023-04,KEROSENE,TOTDEMO,KBBL,552.3000,3
ZA,2023-04,KEROSENE,TOTDEMO,KBD,18.4100,3
ZA,2023-04,KEROSENE,TOTDEMO,KL,87.8088,3
ZA,2023-04,KEROSENE,TOTDEMO,KTONS,70.0000,3
ZA,2023-04,KEROSENE,TOTEXPSB,CONVBBL,7890.0000,3
ZA,2023-04,KEROSENE,TOTEXPSB,KBBL,0.0000,3
ZA,2023-04,KEROSENE,TOTEXPSB,KBD,0.0000,3
ZA,2023-04,KEROSENE,TOTEXPSB,KL,0.0000,3
ZA,2023-04,KEROSENE,TOTEXPSB,KTONS,0.0000,3
ZA,2023-04,KEROSENE,TOTIMPSB,CONVBBL,7890.0000,3
ZA,2023-04,KEROSENE,TOTIMPSB,KBBL,23.6700,3
ZA,2023-04,KEROSENE,TOTIMPSB,KBD,0.7890,3
ZA,2023-04,KEROSENE,TOTIMPSB,KL,3.7632,3
ZA,2023-04,KEROSENE,TOTIMPSB,KTONS,3.0000,3
ZA,2023-05,KEROSENE,CLOSTLV,CONVBBL,7890.0000,3
ZA,2023-05,KEROSENE,CLOSTLV,KBBL,244.5900,3
ZA,2023-05,KEROSENE,CLOSTLV,KBD,x,3
ZA,2023-05,KEROSENE,CLOSTLV,KL,38.8868,3
ZA,2023-05,KEROSENE,CLOSTLV,KTONS,31.0000,3
ZA,2023-05,KEROSENE,IPTRANSF,CONVBBL,7890.0000,3
ZA,2023-05,KEROSENE,IPTRANSF,KBBL,0.0000,3
ZA,2023-05,KEROSENE,IPTRANSF,KBD,0.0000,3
ZA,2023-05,KEROSENE,IPTRANSF,KL,0.0000,3
ZA,2023-05,KEROSENE,IPTRANSF,KTONS,0.0000,3
ZA,2023-05,KEROSENE,PTRANSF,CONVBBL,7890.0000,3
ZA,2023-05,KEROSENE,PTRANSF,KBBL,-,3
ZA,2023-05,KEROSENE,PTRANSF,KBD,-,3
ZA,2023-05,KEROSENE,PTRANSF,KL,-,3
ZA,2023-05,KEROSENE,PTRANSF,KTONS,-,3
ZA,2023-05,KEROSENE,RECEIPTS,CONVBBL,7890.0000,3
ZA,2023-05,KEROSENE,RECEIPTS,KBBL,0.0000,3
ZA,2023-05,KEROSENE,RECEIPTS,KBD,0.0000,3
ZA,2023-05,KEROSENE,RECEIPTS,KL,0.0000,3
ZA,2023-05,KEROSENE,RECEIPTS,KTONS,0.0000,3
ZA,2023-05,KEROSENE,REFGROUT,CONVBBL,7890.0000,3
ZA,2023-05,KEROSENE,REFGROUT,KBBL,678.5400,3
ZA,2023-05,KEROSENE,REFGROUT,KBD,21.8884,3
ZA,2023-05,KEROSENE,REFGROUT,KL,107.8794,3
ZA,2023-05,KEROSENE,REFGROUT,KTONS,86.0000,3
ZA,2023-05,KEROSENE,STATDIFF,CONVBBL,7890.0000,3
ZA,2023-05,KEROSENE,STATDIFF,KBBL,347.1600,3
ZA,2023-05,KEROSENE,STATDIFF,KBD,11.1987,3
ZA,2023-05,KEROSENE,STATDIFF,KL,55.1941,3
ZA,2023-05,KEROSENE,STATDIFF,KTONS,44.0000,3
ZA,2023-05,KEROSENE,STOCKCH,CONVBBL,7890.0000,3
ZA,2023-05,KEROSENE,STOCKCH,KBBL,-39.4500,3
ZA,2023-05,KEROSENE,STOCKCH,KBD,x,3
ZA,2023-05,KEROSENE,STOCKCH,KL,-6.2721,3
ZA,2023-05,KEROSENE,STOCKCH,KTONS,-5.0000,3
ZA,2023-05,KEROSENE,TOTDEMO,CONVBBL,7890.0000,3
ZA,2023-05,KEROSENE,TOTDEMO,KBBL,481.2900,3
ZA,2023-05,KEROSENE,TOTDEMO,KBD,15.5255,3
ZA,2023-05,KEROSENE,TOTDEMO,KL,76.5191,3
ZA,2023-05,KEROSENE,TOTDEMO,KTONS,61.0000,3
ZA,2023-05,KEROSENE,TOTEXPSB,CONVBBL,7890.0000,3
ZA,2023-05,KEROSENE,TOTEXPSB,KBBL,0.0000,3
ZA,2023-05,KEROSENE,TOTEXPSB,KBD,0.0000,3
ZA,2023-05,KEROSENE,TOTEXPSB,KL,0.0000,3
ZA,2023-05,KEROSENE,TOTEXPSB,KTONS,0.0000,3
ZA,2023-05,KEROSENE,TOTIMPSB,CONVBBL,7890.0000,3
ZA,2023-05,KEROSENE,TOTIMPSB,KBBL,102.5700,3
ZA,2023-05,KEROSENE,TOTIMPSB,KBD,3.3087,3
ZA,2023-05,KEROSENE,TOTIMPSB,KL,16.3074,3
ZA,2023-05,KEROSENE,TOTIMPSB,KTONS,13.0000,3
ZA,2023-06,KEROSENE,CLOSTLV,CONVBBL,7890.0000,3
ZA,2023-06,KEROSENE,CLOSTLV,KBBL,205.1400,3
ZA,2023-06,KEROSENE,CLOSTLV,KBD,x,3
ZA,2023-06,KEROSENE,CLOSTLV,KL,32.6147,3
ZA,2023-06,KEROSENE,CLOSTLV,KTONS,26.0000,3
ZA,2023-06,KEROSENE,IPTRANSF,CONVBBL,7890.0000,3
ZA,2023-06,KEROSENE,IPTRANSF,KBBL,0.0000,3
ZA,2023-06,KEROSENE,IPTRANSF,KBD,0.0000,3
ZA,2023-06,KEROSENE,IPTRANSF,KL,0.0000,3
ZA,2023-06,KEROSENE,IPTRANSF,KTONS,0.0000,3
ZA,2023-06,KEROSENE,PTRANSF,CONVBBL,7890.0000,3
ZA,2023-06,KEROSENE,PTRANSF,KBBL,-,3
ZA,2023-06,KEROSENE,PTRANSF,KBD,-,3
ZA,2023-06,KEROSENE,PTRANSF,KL,-,3
ZA,2023-06,KEROSENE,PTRANSF,KTONS,-,3
ZA,2023-06,KEROSENE,RECEIPTS,CONVBBL,7890.0000,3
ZA,2023-06,KEROSENE,RECEIPTS,KBBL,0.0000,3
ZA,2023-06,KEROSENE,RECEIPTS,KBD,0.0000,3
ZA,2023-06,KEROSENE,RECEIPTS,KL,0.0000,3
ZA,2023-06,KEROSENE,RECEIPTS,KTONS,0.0000,3
ZA,2023-06,KEROSENE,REFGROUT,CONVBBL,7890.0000,3
ZA,2023-06,KEROSENE,REFGROUT,KBBL,615.4200,3
ZA,2023-06,KEROSENE,REFGROUT,KBD,20.5140,3
ZA,2023-06,KEROSENE,REFGROUT,KL,97.8441,3
ZA,2023-06,KEROSENE,REFGROUT,KTONS,78.0000,3
ZA,2023-06,KEROSENE,STATDIFF,CONVBBL,7890.0000,3
ZA,2023-06,KEROSENE,STATDIFF,KBBL,228.8100,3
ZA,2023-06,KEROSENE,STATDIFF,KBD,7.6270,3
ZA,2023-06,KEROSENE,STATDIFF,KL,36.3779,3
ZA,2023-06,KEROSENE,STATDIFF,KTONS,29.0000,3
ZA,2023-06,KEROSENE,STOCKCH,CONVBBL,7890.0000,3
ZA,2023-06,KEROSENE,STOCKCH,KBBL,-78.9000,3
ZA,2023-06,KEROSENE,STOCKCH,KBD,x,3
ZA,2023-06,KEROSENE,STOCKCH,KL,-12.5441,3
ZA,2023-06,KEROSENE,STOCKCH,KTONS,-10.0000,3
ZA,2023-06,KEROSENE,TOTDEMO,CONVBBL,7890.0000,3
ZA,2023-06,KEROSENE,TOTDEMO,KBBL,489.1800,3
ZA,2023-06,KEROSENE,TOTDEMO,KBD,16.3060,3
ZA,2023-06,KEROSENE,TOTDEMO,KL,77.7735,3
ZA,2023-06,KEROSENE,TOTDEMO,KTONS,62.0000,3
ZA,2023-06,KEROSENE,TOTEXPSB,CONVBBL,7890.0000,3
ZA,2023-06,KEROSENE,TOTEXPSB,KBBL,0.0000,3
ZA,2023-06,KEROSENE,TOTEXPSB,KBD,0.0000,3
ZA,2023-06,KEROSENE,TOTEXPSB,KL,0.0000,3
ZA,2023-06,KEROSENE,TOTEXPSB,KTONS,0.0000,3
ZA,2023-06,KEROSENE,TOTIMPSB,CONVBBL,7890.0000,3
ZA,2023-06,KEROSENE,TOTIMPSB,KBBL,23.6700,3
ZA,2023-06,KEROSENE,TOTIMPSB,KBD,0.7890,3
ZA,2023-06,KEROSENE,TOTIMPSB,KL,3.7632,3
ZA,2023-06,KEROSENE,TOTIMPSB,KTONS,3.0000,3
ZA,2023-07,KEROSENE,CLOSTLV,CONVBBL,7890.0000,3
ZA,2023-07,KEROSENE,CLOSTLV,KBBL,181.4700,3
ZA,2023-07,KEROSENE,CLOSTLV,KBD,x,3
ZA,2023-07,KEROSENE,CLOSTLV,KL,28.8515,3
ZA,2023-07,KEROSENE,CLOSTLV,KTONS,23.0000,3
ZA,2023-07,KEROSENE,IPTRANSF,CONVBBL,7890.0000,3
ZA,2023-07,KEROSENE,IPTRANSF,KBBL,0.0000,3
ZA,2023-07,KEROSENE,IPTRANSF,KBD,0.0000,3
ZA,2023-07,KEROSENE,IPTRANSF,KL,0.0000,3
ZA,2023-07,KEROSENE,IPTRANSF,KTONS,0.0000,3
ZA,2023-07,KEROSENE,PTRANSF,CONVBBL,7890.0000,3
ZA,2023-07,KEROSENE,PTRANSF,KBBL,-,3
ZA,2023-07,KEROSENE,PTRANSF,KBD,-,3
ZA,2023-07,KEROSENE,PTRANSF,KL,-,3
ZA,2023-07,KEROSENE,PTRANSF,KTONS,-,3
ZA,2023-07,KEROSENE,RECEIPTS,CONVBBL,7890.0000,3
ZA,2023-07,KEROSENE,RECEIPTS,KBBL,0.0000,3
ZA,2023-07,KEROSENE,RECEIPTS,KBD,0.0000,3
ZA,2023-07,KEROSENE,RECEIPTS,KL,0.0000,3
ZA,2023-07,KEROSENE,RECEIPTS,KTONS,0.0000,3
ZA,2023-07,KEROSENE,REFGROUT,CONVBBL,7890.0000,3
ZA,2023-07,KEROSENE,REFGROUT,KBBL,607.5300,3
ZA,2023-07,KEROSENE,REFGROUT,KBD,19.5977,3
ZA,2023-07,KEROSENE,REFGROUT,KL,96.5897,3
ZA,2023-07,KEROSENE,REFGROUT,KTONS,77.0000,3
ZA,2023-07,KEROSENE,STATDIFF,CONVBBL,7890.0000,3
ZA,2023-07,KEROSENE,STATDIFF,KBBL,173.5800,3
ZA,2023-07,KEROSENE,STATDIFF,KBD,5.5994,3
ZA,2023-07,KEROSENE,STATDIFF,KL,27.5971,3
ZA,2023-07,KEROSENE,STATDIFF,KTONS,22.0000,3
ZA,2023-07,KEROSENE,STOCKCH,CONVBBL,7890.0000,3
ZA,2023-07,KEROSENE,STOCKCH,KBBL,-7.8900,3
ZA,2023-07,KEROSENE,STOCKCH,KBD,x,3
ZA,2023-07,KEROSENE,STOCKCH,KL,-1.2544,3
ZA,2023-07,KEROSENE,STOCKCH,KTONS,-1.0000,3
ZA,2023-07,KEROSENE,TOTDEMO,CONVBBL,7890.0000,3
ZA,2023-07,KEROSENE,TOTDEMO,KBBL,228.8100,3
ZA,2023-07,KEROSENE,TOTDEMO,KBD,7.3810,3
ZA,2023-07,KEROSENE,TOTDEMO,KL,36.3779,3
ZA,2023-07,KEROSENE,TOTDEMO,KTONS,29.0000,3
ZA,2023-07,KEROSENE,TOTEXPSB,CONVBBL,7890.0000,3
ZA,2023-07,KEROSENE,TOTEXPSB,KBBL,244.5900,3
ZA,2023-07,KEROSENE,TOTEXPSB,KBD,7.8900,3
ZA,2023-07,KEROSENE,TOTEXPSB,KL,38.8868,3
ZA,2023-07,KEROSENE,TOTEXPSB,KTONS,31.0000,3
ZA,2023-07,KEROSENE,TOTIMPSB,CONVBBL,7890.0000,3
ZA,2023-07,KEROSENE,TOTIMPSB,KBBL,23.6700,3
ZA,2023-07,KEROSENE,TOTIMPSB,KBD,0.7635,3
ZA,2023-07,KEROSENE,TOTIMPSB,KL,3.7632,3
ZA,2023-07,KEROSENE,TOTIMPSB,KTONS,3.0000,3
ZA,2023-08,KEROSENE,CLOSTLV,CONVBBL,7890.0000,3
ZA,2023-08,KEROSENE,CLOSTLV,KBBL,236.7000,3
ZA,2023-08,KEROSENE,CLOSTLV,KBD,x,3
ZA,2023-08,KEROSENE,CLOSTLV,KL,37.6324,3
ZA,2023-08,KEROSENE,CLOSTLV,KTONS,30.0000,3
ZA,2023-08,KEROSENE,IPTRANSF,CONVBBL,7890.0000,3
ZA,2023-08,KEROSENE,IPTRANSF,KBBL,0.0000,3
ZA,2023-08,KEROSENE,IPTRANSF,KBD,0.0000,3
ZA,2023-08,KEROSENE,IPTRANSF,KL,0.0000,3
ZA,2023-08,KEROSENE,IPTRANSF,KTONS,0.0000,3
ZA,2023-08,KEROSENE,PTRANSF,CONVBBL,7890.0000,3
ZA,2023-08,KEROSENE,PTRANSF,KBBL,-,3
ZA,2023-08,KEROSENE,PTRANSF,KBD,-,3
ZA,2023-08,KEROSENE,PTRANSF,KL,-,3
ZA,2023-08,KEROSENE,PTRANSF,KTONS,-,3
ZA,2023-08,KEROSENE,RECEIPTS,CONVBBL,7890.0000,3
ZA,2023-08,KEROSENE,RECEIPTS,KBBL,0.0000,3
ZA,2023-08,KEROSENE,RECEIPTS,KBD,0.0000,3
ZA,2023-08,KEROSENE,RECEIPTS,KL,0.0000,3
ZA,2023-08,KEROSENE,RECEIPTS,KTONS,0.0000,3
ZA,2023-08,KEROSENE,REFGROUT,CONVBBL,7890.0000,3
ZA,2023-08,KEROSENE,REFGROUT,KBBL,623.3100,3
ZA,2023-08,KEROSENE,REFGROUT,KBD,20.1068,3
ZA,2023-08,KEROSENE,REFGROUT,KL,99.0985,3
ZA,2023-08,KEROSENE,REFGROUT,KTONS,79.0000,3
ZA,2023-08,KEROSENE,STATDIFF,CONVBBL,7890.0000,3
ZA,2023-08,KEROSENE,STATDIFF,KBBL,142.0200,3
ZA,2023-08,KEROSENE,STATDIFF,KBD,4.5813,3
ZA,2023-08,KEROSENE,STATDIFF,KL,22.5794,3
ZA,2023-08,KEROSENE,STATDIFF,KTONS,18.0000,3
ZA,2023-08,KEROSENE,STOCKCH,CONVBBL,7890.0000,3
ZA,2023-08,KEROSENE,STOCKCH,KBBL,71.0100,3
ZA,2023-08,KEROSENE,STOCKCH,KBD,x,3
ZA,2023-08,KEROSENE,STOCKCH,KL,11.2897,3
ZA,2023-08,KEROSENE,STOCKCH,KTONS,9.0000,3
ZA,2023-08,KEROSENE,TOTDEMO,CONVBBL,7890.0000,3
ZA,2023-08,KEROSENE,TOTDEMO,KBBL,433.9500,3
ZA,2023-08,KEROSENE,TOTDEMO,KBD,13.9984,3
ZA,2023-08,KEROSENE,TOTDEMO,KL,68.9927,3
ZA,2023-08,KEROSENE,TOTDEMO,KTONS,55.0000,3
ZA,2023-08,KEROSENE,TOTEXPSB,CONVBBL,7890.0000,3
ZA,2023-08,KEROSENE,TOTEXPSB,KBBL,0.0000,3
ZA,2023-08,KEROSENE,TOTEXPSB,KBD,0.0000,3
ZA,2023-08,KEROSENE,TOTEXPSB,KL,0.0000,3
ZA,2023-08,KEROSENE,TOTEXPSB,KTONS,0.0000,3
ZA,2023-08,KEROSENE,TOTIMPSB,CONVBBL,7890.0000,3
ZA,2023-08,KEROSENE,TOTIMPSB,KBBL,23.6700,3
ZA,2023-08,KEROSENE,TOTIMPSB,KBD,0.7635,3
ZA,2023-08,KEROSENE,TOTIMPSB,KL,3.7632,3
ZA,2023-08,KEROSENE,TOTIMPSB,KTONS,3.0000,3
ZA,2023-09,KEROSENE,CLOSTLV,CONVBBL,7890.0000,3
ZA,2023-09,KEROSENE,CLOSTLV,KBBL,213.0300,3
ZA,2023-09,KEROSENE,CLOSTLV,KBD,x,3
ZA,2023-09,KEROSENE,CLOSTLV,KL,33.8691,3
ZA,2023-09,KEROSENE,CLOSTLV,KTONS,27.0000,3
ZA,2023-09,KEROSENE,IPTRANSF,CONVBBL,7890.0000,3
ZA,2023-09,KEROSENE,IPTRANSF,KBBL,0.0000,3
ZA,2023-09,KEROSENE,IPTRANSF,KBD,0.0000,3
ZA,2023-09,KEROSENE,IPTRANSF,KL,0.0000,3
ZA,2023-09,KEROSENE,IPTRANSF,KTONS,0.0000,3
ZA,2023-09,KEROSENE,PTRANSF,CONVBBL,7890.0000,3
ZA,2023-09,KEROSENE,PTRANSF,KBBL,-,3
ZA,2023-09,KEROSENE,PTRANSF,KBD,-,3
ZA,2023-09,KEROSENE,PTRANSF,KL,-,3
ZA,2023-09,KEROSENE,PTRANSF,KTONS,-,3
ZA,2023-09,KEROSENE,RECEIPTS,CONVBBL,7890.0000,3
ZA,2023-09,KEROSENE,RECEIPTS,KBBL,0.0000,3
ZA,2023-09,KEROSENE,RECEIPTS,KBD,0.0000,3
ZA,2023-09,KEROSENE,RECEIPTS,KL,0.0000,3
ZA,2023-09,KEROSENE,RECEIPTS,KTONS,0.0000,3
ZA,2023-09,KEROSENE,REFGROUT,CONVBBL,7890.0000,3
ZA,2023-09,KEROSENE,REFGROUT,KBBL,536.5200,3
ZA,2023-09,KEROSENE,REFGROUT,KBD,17.8840,3
ZA,2023-09,KEROSENE,REFGROUT,KL,85.3000,3
ZA,2023-09,KEROSENE,REFGROUT,KTONS,68.0000,3
ZA,2023-09,KEROSENE,STATDIFF,CONVBBL,7890.0000,3
ZA,2023-09,KEROSENE,STATDIFF,KBBL,-23.6700,3
ZA,2023-09,KEROSENE,STATDIFF,KBD,-0.7890,3
ZA,2023-09,KEROSENE,STATDIFF,KL,-3.7632,3
ZA,2023-09,KEROSENE,STATDIFF,KTONS,-3.0000,3
ZA,2023-09,KEROSENE,STOCKCH,CONVBBL,7890.0000,3
ZA,2023-09,KEROSENE,STOCKCH,KBBL,-15.7800,3
ZA,2023-09,KEROSENE,STOCKCH,KBD,x,3
ZA,2023-09,KEROSENE,STOCKCH,KL,-2.5088,3
ZA,2023-09,KEROSENE,STOCKCH,KTONS,-2.0000,3
ZA,2023-09,KEROSENE,TOTDEMO,CONVBBL,7890.0000,3
ZA,2023-09,KEROSENE,TOTDEMO,KBBL,599.6400,3
ZA,2023-09,KEROSENE,TOTDEMO,KBD,19.9880,3
ZA,2023-09,KEROSENE,TOTDEMO,KL,95.3353,3
ZA,2023-09,KEROSENE,TOTDEMO,KTONS,76.0000,3
ZA,2023-09,KEROSENE,TOTEXPSB,CONVBBL,7890.0000,3
ZA,2023-09,KEROSENE,TOTEXPSB,KBBL,0.0000,3
ZA,2023-09,KEROSENE,TOTEXPSB,KBD,0.0000,3
ZA,2023-09,KEROSENE,TOTEXPSB,KL,0.0000,3
ZA,2023-09,KEROSENE,TOTEXPSB,KTONS,0.0000,3
ZA,2023-09,KEROSENE,TOTIMPSB,CONVBBL,7890.0000,3
ZA,2023-09,KEROSENE,TOTIMPSB,KBBL,23.6700,3
ZA,2023-09,KEROSENE,TOTIMPSB,KBD,0.7890,3
ZA,2023-09,KEROSENE,TOTIMPSB,KL,3.7632,3
ZA,2023-09,KEROSENE,TOTIMPSB,KTONS,3.0000,3
ZA,2023-10,KEROSENE,CLOSTLV,CONVBBL,7890.0000,3
ZA,2023-10,KEROSENE,CLOSTLV,KBBL,236.7000,3
ZA,2023-10,KEROSENE,CLOSTLV,KBD,x,3
ZA,2023-10,KEROSENE,CLOSTLV,KL,37.6324,3
ZA,2023-10,KEROSENE,CLOSTLV,KTONS,30.0000,3
ZA,2023-10,KEROSENE,IPTRANSF,CONVBBL,7890.0000,3
ZA,2023-10,KEROSENE,IPTRANSF,KBBL,0.0000,3
ZA,2023-10,KEROSENE,IPTRANSF,KBD,0.0000,3
ZA,2023-10,KEROSENE,IPTRANSF,KL,0.0000,3
ZA,2023-10,KEROSENE,IPTRANSF,KTONS,0.0000,3
ZA,2023-10,KEROSENE,PTRANSF,CONVBBL,7890.0000,3
ZA,2023-10,KEROSENE,PTRANSF,KBBL,-,3
ZA,2023-10,KEROSENE,PTRANSF,KBD,-,3
ZA,2023-10,KEROSENE,PTRANSF,KL,-,3
ZA,2023-10,KEROSENE,PTRANSF,KTONS,-,3
ZA,2023-10,KEROSENE,RECEIPTS,CONVBBL,7890.0000,3
ZA,2023-10,KEROSENE,RECEIPTS,KBBL,0.0000,3
ZA,2023-10,KEROSENE,RECEIPTS,KBD,0.0000,3
ZA,2023-10,KEROSENE,RECEIPTS,KL,0.0000,3
ZA,2023-10,KEROSENE,RECEIPTS,KTONS,0.0000,3
ZA,2023-10,KEROSENE,REFGROUT,CONVBBL,7890.0000,3
ZA,2023-10,KEROSENE,REFGROUT,KBBL,591.7500,3
ZA,2023-10,KEROSENE,REFGROUT,KBD,19.0887,3
ZA,2023-10,KEROSENE,REFGROUT,KL,94.0809,3
ZA,2023-10,KEROSENE,REFGROUT,KTONS,75.0000,3
ZA,2023-10,KEROSENE,STATDIFF,CONVBBL,7890.0000,3
ZA,2023-10,KEROSENE,STATDIFF,KBBL,118.3500,3
ZA,2023-10,KEROSENE,STATDIFF,KBD,3.8177,3
ZA,2023-10,KEROSENE,STATDIFF,KL,18.8162,3
ZA,2023-10,KEROSENE,STATDIFF,KTONS,15.0000,3
ZA,2023-10,KEROSENE,STOCKCH,CONVBBL,7890.0000,3
ZA,2023-10,KEROSENE,STOCKCH,KBBL,39.4500,3
ZA,2023-10,KEROSENE,STOCKCH,KBD,x,3
ZA,2023-10,KEROSENE,STOCKCH,KL,6.2721,3
ZA,2023-10,KEROSENE,STOCKCH,KTONS,5.0000,3
ZA,2023-10,KEROSENE,TOTDEMO,CONVBBL,7890.0000,3
ZA,2023-10,KEROSENE,TOTDEMO,KBBL,497.0700,3
ZA,2023-10,KEROSENE,TOTDEMO,KBD,16.0345,3
ZA,2023-10,KEROSENE,TOTDEMO,KL,79.0280,3
ZA,2023-10,KEROSENE,TOTDEMO,KTONS,63.0000,3
ZA,2023-10,KEROSENE,TOTEXPSB,CONVBBL,7890.0000,3
ZA,2023-10,KEROSENE,TOTEXPSB,KBBL,0.0000,3
ZA,2023-10,KEROSENE,TOTEXPSB,KBD,0.0000,3
ZA,2023-10,KEROSENE,TOTEXPSB,KL,0.0000,3
ZA,2023-10,KEROSENE,TOTEXPSB,KTONS,0.0000,3
ZA,2023-10,KEROSENE,TOTIMPSB,CONVBBL,7890.0000,3
ZA,2023-10,KEROSENE,TOTIMPSB,KBBL,63.1200,3
ZA,2023-10,KEROSENE,TOTIMPSB,KBD,2.0361,3
ZA,2023-10,KEROSENE,TOTIMPSB,KL,10.0353,3
ZA,2023-10,KEROSENE,TOTIMPSB,KTONS,8.0000,3
ZA,2023-11,KEROSENE,CLOSTLV,CONVBBL,7890.0000,3
ZA,2023-11,KEROSENE,CLOSTLV,KBBL,394.5000,3
ZA,2023-11,KEROSENE,CLOSTLV,KBD,x,3
ZA,2023-11,KEROSENE,CLOSTLV,KL,62.7206,3
ZA,2023-11,KEROSENE,CLOSTLV,KTONS,50.0000,3
ZA,2023-11,KEROSENE,IPTRANSF,CONVBBL,7890.0000,3
ZA,2023-11,KEROSENE,IPTRANSF,KBBL,0.0000,3
ZA,2023-11,KEROSENE,IPTRANSF,KBD,0.0000,3
ZA,2023-11,KEROSENE,IPTRANSF,KL,0.0000,3
ZA,2023-11,KEROSENE,IPTRANSF,KTONS,0.0000,3
ZA,2023-11,KEROSENE,PTRANSF,CONVBBL,7890.0000,3
ZA,2023-11,KEROSENE,PTRANSF,KBBL,-,3
ZA,2023-11,KEROSENE,PTRANSF,KBD,-,3
ZA,2023-11,KEROSENE,PTRANSF,KL,-,3
ZA,2023-11,KEROSENE,PTRANSF,KTONS,-,3
ZA,2023-11,KEROSENE,RECEIPTS,CONVBBL,7890.0000,3
ZA,2023-11,KEROSENE,RECEIPTS,KBBL,0.0000,3
ZA,2023-11,KEROSENE,RECEIPTS,KBD,0.0000,3
ZA,2023-11,KEROSENE,RECEIPTS,KL,0.0000,3
ZA,2023-11,KEROSENE,RECEIPTS,KTONS,0.0000,3
ZA,2023-11,KEROSENE,REFGROUT,CONVBBL,7890.0000,3
ZA,2023-11,KEROSENE,REFGROUT,KBBL,670.6500,3
ZA,2023-11,KEROSENE,REFGROUT,KBD,22.3550,3
ZA,2023-11,KEROSENE,REFGROUT,KL,106.6250,3
ZA,2023-11,KEROSENE,REFGROUT,KTONS,85.0000,3
ZA,2023-11,KEROSENE,STATDIFF,CONVBBL,7890.0000,3
ZA,2023-11,KEROSENE,STATDIFF,KBBL,55.2300,3
ZA,2023-11,KEROSENE,STATDIFF,KBD,1.8410,3
ZA,2023-11,KEROSENE,STATDIFF,KL,8.7809,3
ZA,2023-11,KEROSENE,STATDIFF,KTONS,7.0000,3
ZA,2023-11,KEROSENE,STOCKCH,CONVBBL,7890.0000,3
ZA,2023-11,KEROSENE,STOCKCH,KBBL,165.6900,3
ZA,2023-11,KEROSENE,STOCKCH,KBD,x,3
ZA,2023-11,KEROSENE,STOCKCH,KL,26.3427,3
ZA,2023-11,KEROSENE,STOCKCH,KTONS,21.0000,3
ZA,2023-11,KEROSENE,TOTDEMO,CONVBBL,7890.0000,3
ZA,2023-11,KEROSENE,TOTDEMO,KBBL,615.4200,3
ZA,2023-11,KEROSENE,TOTDEMO,KBD,20.5140,3
ZA,2023-11,KEROSENE,TOTDEMO,KL,97.8441,3
ZA,2023-11,KEROSENE,TOTDEMO,KTONS,78.0000,3
ZA,2023-11,KEROSENE,TOTEXPSB,CONVBBL,7890.0000,3
ZA,2023-11,KEROSENE,TOTEXPSB,KBBL,0.0000,3
ZA,2023-11,KEROSENE,TOTEXPSB,KBD,0.0000,3
ZA,2023-11,KEROSENE,TOTEXPSB,KL,0.0000,3
ZA,2023-11,KEROSENE,TOTEXPSB,KTONS,0.0000,3
ZA,2023-11,KEROSENE,TOTIMPSB,CONVBBL,7890.0000,3
ZA,2023-11,KEROSENE,TOTIMPSB,KBBL,165.6900,3
ZA,2023-11,KEROSENE,TOTIMPSB,KBD,5.5230,3
ZA,2023-11,KEROSENE,TOTIMPSB,KL,26.3427,3
ZA,2023-11,KEROSENE,TOTIMPSB,KTONS,21.0000,3
ZA,2023-12,KEROSENE,CLOSTLV,CONVBBL,7890.0000,3
ZA,2023-12,KEROSENE,CLOSTLV,KBBL,268.2600,3
ZA,2023-12,KEROSENE,CLOSTLV,KBD,x,3
ZA,2023-12,KEROSENE,CLOSTLV,KL,42.6500,3
ZA,2023-12,KEROSENE,CLOSTLV,KTONS,34.0000,3
ZA,2023-12,KEROSENE,IPTRANSF,CONVBBL,7890.0000,3
ZA,2023-12,KEROSENE,IPTRANSF,KBBL,0.0000,3
ZA,2023-12,KEROSENE,IPTRANSF,KBD,0.0000,3
ZA,2023-12,KEROSENE,IPTRANSF,KL,0.0000,3
ZA,2023-12,KEROSENE,IPTRANSF,KTONS,0.0000,3
ZA,2023-12,KEROSENE,PTRANSF,CONVBBL,7890.0000,3
ZA,2023-12,KEROSENE,PTRANSF,KBBL,-,3
ZA,2023-12,KEROSENE,PTRANSF,KBD,-,3
ZA,2023-12,KEROSENE,PTRANSF,KL,-,3
ZA,2023-12,KEROSENE,PTRANSF,KTONS,-,3
ZA,2023-12,KEROSENE,RECEIPTS,CONVBBL,7890.0000,3
ZA,2023-12,KEROSENE,RECEIPTS,KBBL,0.0000,3
ZA,2023-12,KEROSENE,RECEIPTS,KBD,0.0000,3
ZA,2023-12,KEROSENE,RECEIPTS,KL,0.0000,3
ZA,2023-12,KEROSENE,RECEIPTS,KTONS,0.0000,3
ZA,2023-12,KEROSENE,REFGROUT,CONVBBL,7890.0000,3
ZA,2023-12,KEROSENE,REFGROUT,KBBL,804.7800,3
ZA,2023-12,KEROSENE,REFGROUT,KBD,25.9606,3
ZA,2023-12,KEROSENE,REFGROUT,KL,127.9500,3
ZA,2023-12,KEROSENE,REFGROUT,KTONS,102.0000,3
ZA,2023-12,KEROSENE,STATDIFF,CONVBBL,7890.0000,3
ZA,2023-12,KEROSENE,STATDIFF,KBBL,394.5000,3
ZA,2023-12,KEROSENE,STATDIFF,KBD,12.7258,3
ZA,2023-12,KEROSENE,STATDIFF,KL,62.7206,3
ZA,2023-12,KEROSENE,STATDIFF,KTONS,50.0000,3
ZA,2023-12,KEROSENE,STOCKCH,CONVBBL,7890.0000,3
ZA,2023-12,KEROSENE,STOCKCH,KBBL,-134.1300,3
ZA,2023-12,KEROSENE,STOCKCH,KBD,x,3
ZA,2023-12,KEROSENE,STOCKCH,KL,-21.3250,3
ZA,2023-12,KEROSENE,STOCKCH,KTONS,-17.0000,3
ZA,2023-12,KEROSENE,TOTDEMO,CONVBBL,7890.0000,3
ZA,2023-12,KEROSENE,TOTDEMO,KBBL,568.0800,3
ZA,2023-12,KEROSENE,TOTDEMO,KBD,18.3252,3
ZA,2023-12,KEROSENE,TOTDEMO,KL,90.3177,3
ZA,2023-12,KEROSENE,TOTDEMO,KTONS,72.0000,3
ZA,2023-12,KEROSENE,TOTEXPSB,CONVBBL,7890.0000,3
ZA,2023-12,KEROSENE,TOTEXPSB,KBBL,0.0000,3
ZA,2023-12,KEROSENE,TOTEXPSB,KBD,0.0000,3
ZA,2023-12,KEROSENE,TOTEXPSB,KL,0.0000,3
ZA,2023-12,KEROSENE,TOTEXPSB,KTONS,0.0000,3
ZA,2023-12,KEROSENE,TOTIMPSB,CONVBBL,7890.0000,3
ZA,2023-12,KEROSENE,TOTIMPSB,KBBL,23.6700,3
ZA,2023-12,KEROSENE,TOTIMPSB,KBD,0.7635,3
ZA,2023-12,KEROSENE,TOTIMPSB,KL,3.7632,3
ZA,2023-12,KEROSENE,TOTIMPSB,KTONS,3.0000,3
ZA,2023-01,LPG,CLOSTLV,CONVBBL,11637.0000,3
ZA,2023-01,LPG,CLOSTLV,KBBL,34.9110,3
ZA,2023-01,LPG,CLOSTLV,KBD,x,3
ZA,2023-01,LPG,CLOSTLV,KL,5.5504,3
ZA,2023-01,LPG,CLOSTLV,KTONS,3.0000,3
ZA,2023-01,LPG,IPTRANSF,CONVBBL,11637.0000,3
ZA,2023-01,LPG,IPTRANSF,KBBL,-,3
ZA,2023-01,LPG,IPTRANSF,KBD,-,3
ZA,2023-01,LPG,IPTRANSF,KL,-,3
ZA,2023-01,LPG,IPTRANSF,KTONS,-,3
ZA,2023-01,LPG,PTRANSF,CONVBBL,11637.0000,3
ZA,2023-01,LPG,PTRANSF,KBBL,-,3
ZA,2023-01,LPG,PTRANSF,KBD,-,3
ZA,2023-01,LPG,PTRANSF,KL,-,3
ZA,2023-01,LPG,PTRANSF,KTONS,-,3
ZA,2023-01,LPG,RECEIPTS,CONVBBL,11637.0000,3
ZA,2023-01,LPG,RECEIPTS,KBBL,0.0000,3
ZA,2023-01,LPG,RECEIPTS,KBD,0.0000,3
ZA,2023-01,LPG,RECEIPTS,KL,0.0000,3
ZA,2023-01,LPG,RECEIPTS,KTONS,0.0000,3
ZA,2023-01,LPG,REFGROUT,CONVBBL,11637.0000,3
ZA,2023-01,LPG,REFGROUT,KBBL,197.8290,3
ZA,2023-01,LPG,REFGROUT,KBD,6.3816,3
ZA,2023-01,LPG,REFGROUT,KL,31.4524,3
ZA,2023-01,LPG,REFGROUT,KTONS,17.0000,3
ZA,2023-01,LPG,STATDIFF,CONVBBL,11637.0000,3
ZA,2023-01,LPG,STATDIFF,KBBL,0.0000,3
ZA,2023-01,LPG,STATDIFF,KBD,0.0000,3
ZA,2023-01,LPG,STATDIFF,KL,0.0000,3
ZA,2023-01,LPG,STATDIFF,KTONS,0.0000,3
ZA,2023-01,LPG,STOCKCH,CONVBBL,11637.0000,3
ZA,2023-01,LPG,STOCKCH,KBBL,11.6370,3
ZA,2023-01,LPG,STOCKCH,KBD,x,3
ZA,2023-01,LPG,STOCKCH,KL,1.8501,3
ZA,2023-01,LPG,STOCKCH,KTONS,1.0000,3
ZA,2023-01,LPG,TOTDEMO,CONVBBL,11637.0000,3
ZA,2023-01,LPG,TOTDEMO,KBBL,197.8290,3
ZA,2023-01,LPG,TOTDEMO,KBD,6.3816,3
ZA,2023-01,LPG,TOTDEMO,KL,31.4524,3
ZA,2023-01,LPG,TOTDEMO,KTONS,17.0000,3
ZA,2023-01,LPG,TOTEXPSB,CONVBBL,11637.0000,3
ZA,2023-01,LPG,TOTEXPSB,KBBL,0.0000,3
ZA,2023-01,LPG,TOTEXPSB,KBD,0.0000,3
ZA,2023-01,LPG,TOTEXPSB,KL,0.0000,3
ZA,2023-01,LPG,TOTEXPSB,KTONS,0.0000,3
ZA,2023-01,LPG,TOTIMPSB,CONVBBL,11637.0000,3
ZA,2023-01,LPG,TOTIMPSB,KBBL,0.0000,3
ZA,2023-01,LPG,TOTIMPSB,KBD,0.0000,3
ZA,2023-01,LPG,TOTIMPSB,KL,0.0000,3
ZA,2023-01,LPG,TOTIMPSB,KTONS,0.0000,3
ZA,2023-02,LPG,CLOSTLV,CONVBBL,11637.0000,3
ZA,2023-02,LPG,CLOSTLV,KBBL,46.5480,3
ZA,2023-02,LPG,CLOSTLV,KBD,x,3
ZA,2023-02,LPG,CLOSTLV,KL,7.4006,3
ZA,2023-02,LPG,CLOSTLV,KTONS,4.0000,3
ZA,2023-02,LPG,IPTRANSF,CONVBBL,11637.0000,3
ZA,2023-02,LPG,IPTRANSF,KBBL,-,3
ZA,2023-02,LPG,IPTRANSF,KBD,-,3
ZA,2023-02,LPG,IPTRANSF,KL,-,3
ZA,2023-02,LPG,IPTRANSF,KTONS,-,3
ZA,2023-02,LPG,PTRANSF,CONVBBL,11637.0000,3
ZA,2023-02,LPG,PTRANSF,KBBL,-,3
ZA,2023-02,LPG,PTRANSF,KBD,-,3
ZA,2023-02,LPG,PTRANSF,KL,-,3
ZA,2023-02,LPG,PTRANSF,KTONS,-,3
ZA,2023-02,LPG,RECEIPTS,CONVBBL,11637.0000,3
ZA,2023-02,LPG,RECEIPTS,KBBL,0.0000,3
ZA,2023-02,LPG,RECEIPTS,KBD,0.0000,3
ZA,2023-02,LPG,RECEIPTS,KL,0.0000,3
ZA,2023-02,LPG,RECEIPTS,KTONS,0.0000,3
ZA,2023-02,LPG,REFGROUT,CONVBBL,11637.0000,3
ZA,2023-02,LPG,REFGROUT,KBBL,209.4660,3
ZA,2023-02,LPG,REFGROUT,KBD,7.4809,3
ZA,2023-02,LPG,REFGROUT,KL,33.3025,3
ZA,2023-02,LPG,REFGROUT,KTONS,18.0000,3
ZA,2023-02,LPG,STATDIFF,CONVBBL,11637.0000,3
ZA,2023-02,LPG,STATDIFF,KBBL,11.6370,3
ZA,2023-02,LPG,STATDIFF,KBD,0.4156,3
ZA,2023-02,LPG,STATDIFF,KL,1.8501,3
ZA,2023-02,LPG,STATDIFF,KTONS,1.0000,3
ZA,2023-02,LPG,STOCKCH,CONVBBL,11637.0000,3
ZA,2023-02,LPG,STOCKCH,KBBL,11.6370,3
ZA,2023-02,LPG,STOCKCH,KBD,x,3
ZA,2023-02,LPG,STOCKCH,KL,1.8501,3
ZA,2023-02,LPG,STOCKCH,KTONS,1.0000,3
ZA,2023-02,LPG,TOTDEMO,CONVBBL,11637.0000,3
ZA,2023-02,LPG,TOTDEMO,KBBL,186.1920,3
ZA,2023-02,LPG,TOTDEMO,KBD,6.6497,3
ZA,2023-02,LPG,TOTDEMO,KL,29.6022,3
ZA,2023-02,LPG,TOTDEMO,KTONS,16.0000,3
ZA,2023-02,LPG,TOTEXPSB,CONVBBL,11637.0000,3
ZA,2023-02,LPG,TOTEXPSB,KBBL,0.0000,3
ZA,2023-02,LPG,TOTEXPSB,KBD,0.0000,3
ZA,2023-02,LPG,TOTEXPSB,KL,0.0000,3
ZA,2023-02,LPG,TOTEXPSB,KTONS,0.0000,3
ZA,2023-02,LPG,TOTIMPSB,CONVBBL,11637.0000,3
ZA,2023-02,LPG,TOTIMPSB,KBBL,0.0000,3
ZA,2023-02,LPG,TOTIMPSB,KBD,0.0000,3
ZA,2023-02,LPG,TOTIMPSB,KL,0.0000,3
ZA,2023-02,LPG,TOTIMPSB,KTONS,0.0000,3
ZA,2023-03,LPG,CLOSTLV,CONVBBL,11637.0000,3
ZA,2023-03,LPG,CLOSTLV,KBBL,34.9110,3
ZA,2023-03,LPG,CLOSTLV,KBD,x,3
ZA,2023-03,LPG,CLOSTLV,KL,5.5504,3
ZA,2023-03,LPG,CLOSTLV,KTONS,3.0000,3
ZA,2023-03,LPG,IPTRANSF,CONVBBL,11637.0000,3
ZA,2023-03,LPG,IPTRANSF,KBBL,-,3
ZA,2023-03,LPG,IPTRANSF,KBD,-,3
ZA,2023-03,LPG,IPTRANSF,KL,-,3
ZA,2023-03,LPG,IPTRANSF,KTONS,-,3
ZA,2023-03,LPG,PTRANSF,CONVBBL,11637.0000,3
ZA,2023-03,LPG,PTRANSF,KBBL,-,3
ZA,2023-03,LPG,PTRANSF,KBD,-,3
ZA,2023-03,LPG,PTRANSF,KL,-,3
ZA,2023-03,LPG,PTRANSF,KTONS,-,3
ZA,2023-03,LPG,RECEIPTS,CONVBBL,11637.0000,3
ZA,2023-03,LPG,RECEIPTS,KBBL,0.0000,3
ZA,2023-03,LPG,RECEIPTS,KBD,0.0000,3
ZA,2023-03,LPG,RECEIPTS,KL,0.0000,3
ZA,2023-03,LPG,RECEIPTS,KTONS,0.0000,3
ZA,2023-03,LPG,REFGROUT,CONVBBL,11637.0000,3
ZA,2023-03,LPG,REFGROUT,KBBL,186.1920,3
ZA,2023-03,LPG,REFGROUT,KBD,6.0062,3
ZA,2023-03,LPG,REFGROUT,KL,29.6022,3
ZA,2023-03,LPG,REFGROUT,KTONS,16.0000,3
ZA,2023-03,LPG,STATDIFF,CONVBBL,11637.0000,3
ZA,2023-03,LPG,STATDIFF,KBBL,23.2740,3
ZA,2023-03,LPG,STATDIFF,KBD,0.7508,3
ZA,2023-03,LPG,STATDIFF,KL,3.7003,3
ZA,2023-03,LPG,STATDIFF,KTONS,2.0000,3
ZA,2023-03,LPG,STOCKCH,CONVBBL,11637.0000,3
ZA,2023-03,LPG,STOCKCH,KBBL,-11.6370,3
ZA,2023-03,LPG,STOCKCH,KBD,x,3
ZA,2023-03,LPG,STOCKCH,KL,-1.8501,3
ZA,2023-03,LPG,STOCKCH,KTONS,-1.0000,3
ZA,2023-03,LPG,TOTDEMO,CONVBBL,11637.0000,3
ZA,2023-03,LPG,TOTDEMO,KBBL,174.5550,3
ZA,2023-03,LPG,TOTDEMO,KBD,5.6308,3
ZA,2023-03,LPG,TOTDEMO,KL,27.7521,3
ZA,2023-03,LPG,TOTDEMO,KTONS,15.0000,3
ZA,2023-03,LPG,TOTEXPSB,CONVBBL,11637.0000,3
ZA,2023-03,LPG,TOTEXPSB,KBBL,0.0000,3
ZA,2023-03,LPG,TOTEXPSB,KBD,0.0000,3
ZA,2023-03,LPG,TOTEXPSB,KL,0.0000,3
ZA,2023-03,LPG,TOTEXPSB,KTONS,0.0000,3
ZA,2023-03,LPG,TOTIMPSB,CONVBBL,11637.0000,3
ZA,2023-03,LPG,TOTIMPSB,KBBL,0.0000,3
ZA,2023-03,LPG,TOTIMPSB,KBD,0.0000,3
ZA,2023-03,LPG,TOTIMPSB,KL,0.0000,3
ZA,2023-03,LPG,TOTIMPSB,KTONS,0.0000,3
ZA,2023-04,LPG,CLOSTLV,CONVBBL,11637.0000,3
ZA,2023-04,LPG,CLOSTLV,KBBL,34.9110,3
ZA,2023-04,LPG,CLOSTLV,KBD,x,3
ZA,2023-04,LPG,CLOSTLV,KL,5.5504,3
ZA,2023-04,LPG,CLOSTLV,KTONS,3.0000,3
ZA,2023-04,LPG,IPTRANSF,CONVBBL,11637.0000,3
ZA,2023-04,LPG,IPTRANSF,KBBL,-,3
ZA,2023-04,LPG,IPTRANSF,KBD,-,3
ZA,2023-04,LPG,IPTRANSF,KL,-,3
ZA,2023-04,LPG,IPTRANSF,KTONS,-,3
ZA,2023-04,LPG,PTRANSF,CONVBBL,11637.0000,3
ZA,2023-04,LPG,PTRANSF,KBBL,-,3
ZA,2023-04,LPG,PTRANSF,KBD,-,3
ZA,2023-04,LPG,PTRANSF,KL,-,3
ZA,2023-04,LPG,PTRANSF,KTONS,-,3
ZA,2023-04,LPG,RECEIPTS,CONVBBL,11637.0000,3
ZA,2023-04,LPG,RECEIPTS,KBBL,0.0000,3
ZA,2023-04,LPG,RECEIPTS,KBD,0.0000,3
ZA,2023-04,LPG,RECEIPTS,KL,0.0000,3
ZA,2023-04,LPG,RECEIPTS,KTONS,0.0000,3
ZA,2023-04,LPG,REFGROUT,CONVBBL,11637.0000,3
ZA,2023-04,LPG,REFGROUT,KBBL,162.9180,3
ZA,2023-04,LPG,REFGROUT,KBD,5.4306,3
ZA,2023-04,LPG,REFGROUT,KL,25.9019,3
ZA,2023-04,LPG,REFGROUT,KTONS,14.0000,3
ZA,2023-04,LPG,STATDIFF,CONVBBL,11637.0000,3
ZA,2023-04,LPG,STATDIFF,KBBL,-34.9110,3
ZA,2023-04,LPG,STATDIFF,KBD,-1.1637,3
ZA,2023-04,LPG,STATDIFF,KL,-5.5504,3
ZA,2023-04,LPG,STATDIFF,KTONS,-3.0000,3
ZA,2023-04,LPG,STOCKCH,CONVBBL,11637.0000,3
ZA,2023-04,LPG,STOCKCH,KBBL,0.0000,3
ZA,2023-04,LPG,STOCKCH,KBD,x,3
ZA,2023-04,LPG,STOCKCH,KL,0.0000,3
ZA,2023-04,LPG,STOCKCH,KTONS,0.0000,3
ZA,2023-04,LPG,TOTDEMO,CONVBBL,11637.0000,3
ZA,2023-04,LPG,TOTDEMO,KBBL,197.8290,3
ZA,2023-04,LPG,TOTDEMO,KBD,6.5943,3
ZA,2023-04,LPG,TOTDEMO,KL,31.4524,3
ZA,2023-04,LPG,TOTDEMO,KTONS,17.0000,3
ZA,2023-04,LPG,TOTEXPSB,CONVBBL,11637.0000,3
ZA,2023-04,LPG,TOTEXPSB,KBBL,0.0000,3
ZA,2023-04,LPG,TOTEXPSB,KBD,0.0000,3
ZA,2023-04,LPG,TOTEXPSB,KL,0.0000,3
ZA,2023-04,LPG,TOTEXPSB,KTONS,0.0000,3
ZA,2023-04,LPG,TOTIMPSB,CONVBBL,11637.0000,3
ZA,2023-04,LPG,TOTIMPSB,KBBL,0.0000,3
ZA,2023-04,LPG,TOTIMPSB,KBD,0.0000,3
ZA,2023-04,LPG,TOTIMPSB,KL,0.0000,3
ZA,2023-04,LPG,TOTIMPSB,KTONS,0.0000,3
ZA,2023-05,LPG,CLOSTLV,CONVBBL,11637.0000,3
ZA,2023-05,LPG,CLOSTLV,KBBL,34.9110,3
ZA,2023-05,LPG,CLOSTLV,KBD,x,3
ZA,2023-05,LPG,CLOSTLV,KL,5.5504,3
ZA,2023-05,LPG,CLOSTLV,KTONS,3.0000,3
ZA,2023-05,LPG,IPTRANSF,CONVBBL,11637.0000,3
ZA,2023-05,LPG,IPTRANSF,KBBL,-,3
ZA,2023-05,LPG,IPTRANSF,KBD,-,3
ZA,2023-05,LPG,IPTRANSF,KL,-,3
ZA,2023-05,LPG,IPTRANSF,KTONS,-,3
ZA,2023-05,LPG,PTRANSF,CONVBBL,11637.0000,3
ZA,2023-05,LPG,PTRANSF,KBBL,-,3
ZA,2023-05,LPG,PTRANSF,KBD,-,3
ZA,2023-05,LPG,PTRANSF,KL,-,3
ZA,2023-05,LPG,PTRANSF,KTONS,-,3
ZA,2023-05,LPG,RECEIPTS,CONVBBL,11637.0000,3
ZA,2023-05,LPG,RECEIPTS,KBBL,0.0000,3
ZA,2023-05,LPG,RECEIPTS,KBD,0.0000,3
ZA,2023-05,LPG,RECEIPTS,KL,0.0000,3
ZA,2023-05,LPG,RECEIPTS,KTONS,0.0000,3
ZA,2023-05,LPG,REFGROUT,CONVBBL,11637.0000,3
ZA,2023-05,LPG,REFGROUT,KBBL,209.4660,3
ZA,2023-05,LPG,REFGROUT,KBD,6.7570,3
ZA,2023-05,LPG,REFGROUT,KL,33.3025,3
ZA,2023-05,LPG,REFGROUT,KTONS,18.0000,3
ZA,2023-05,LPG,STATDIFF,CONVBBL,11637.0000,3
ZA,2023-05,LPG,STATDIFF,KBBL,-11.6370,3
ZA,2023-05,LPG,STATDIFF,KBD,-0.3754,3
ZA,2023-05,LPG,STATDIFF,KL,-1.8501,3
ZA,2023-05,LPG,STATDIFF,KTONS,-1.0000,3
ZA,2023-05,LPG,STOCKCH,CONVBBL,11637.0000,3
ZA,2023-05,LPG,STOCKCH,KBBL,11.6370,3
ZA,2023-05,LPG,STOCKCH,KBD,x,3
ZA,2023-05,LPG,STOCKCH,KL,1.8501,3
ZA,2023-05,LPG,STOCKCH,KTONS,1.0000,3
ZA,2023-05,LPG,TOTDEMO,CONVBBL,11637.0000,3
ZA,2023-05,LPG,TOTDEMO,KBBL,209.4660,3
ZA,2023-05,LPG,TOTDEMO,KBD,6.7570,3
ZA,2023-05,LPG,TOTDEMO,KL,33.3025,3
ZA,2023-05,LPG,TOTDEMO,KTONS,18.0000,3
ZA,2023-05,LPG,TOTEXPSB,CONVBBL,11637.0000,3
ZA,2023-05,LPG,TOTEXPSB,KBBL,0.0000,3
ZA,2023-05,LPG,TOTEXPSB,KBD,0.0000,3
ZA,2023-05,LPG,TOTEXPSB,KL,0.0000,3
ZA,2023-05,LPG,TOTEXPSB,KTONS,0.0000,3
ZA,2023-05,LPG,TOTIMPSB,CONVBBL,11637.0000,3
ZA,2023-05,LPG,TOTIMPSB,KBBL,0.0000,3
ZA,2023-05,LPG,TOTIMPSB,KBD,0.0000,3
ZA,2023-05,LPG,TOTIMPSB,KL,0.0000,3
ZA,2023-05,LPG,TOTIMPSB,KTONS,0.0000,3
ZA,2023-06,LPG,CLOSTLV,CONVBBL,11637.0000,3
ZA,2023-06,LPG,CLOSTLV,KBBL,34.9110,3
ZA,2023-06,LPG,CLOSTLV,KBD,x,3
ZA,2023-06,LPG,CLOSTLV,KL,5.5504,3
ZA,2023-06,LPG,CLOSTLV,KTONS,3.0000,3
ZA,2023-06,LPG,IPTRANSF,CONVBBL,11637.0000,3
ZA,2023-06,LPG,IPTRANSF,KBBL,-,3
ZA,2023-06,LPG,IPTRANSF,KBD,-,3
ZA,2023-06,LPG,IPTRANSF,KL,-,3
ZA,2023-06,LPG,IPTRANSF,KTONS,-,3
ZA,2023-06,LPG,PTRANSF,CONVBBL,11637.0000,3
ZA,2023-06,LPG,PTRANSF,KBBL,-,3
ZA,2023-06,LPG,PTRANSF,KBD,-,3
ZA,2023-06,LPG,PTRANSF,KL,-,3
ZA,2023-06,LPG,PTRANSF,KTONS,-,3
ZA,2023-06,LPG,RECEIPTS,CONVBBL,11637.0000,3
ZA,2023-06,LPG,RECEIPTS,KBBL,0.0000,3
ZA,2023-06,LPG,RECEIPTS,KBD,0.0000,3
ZA,2023-06,LPG,RECEIPTS,KL,0.0000,3
ZA,2023-06,LPG,RECEIPTS,KTONS,0.0000,3
ZA,2023-06,LPG,REFGROUT,CONVBBL,11637.0000,3
ZA,2023-06,LPG,REFGROUT,KBBL,232.7400,3
ZA,2023-06,LPG,REFGROUT,KBD,7.7580,3
ZA,2023-06,LPG,REFGROUT,KL,37.0028,3
ZA,2023-06,LPG,REFGROUT,KTONS,20.0000,3
ZA,2023-06,LPG,STATDIFF,CONVBBL,11637.0000,3
ZA,2023-06,LPG,STATDIFF,KBBL,11.6370,3
ZA,2023-06,LPG,STATDIFF,KBD,0.3879,3
ZA,2023-06,LPG,STATDIFF,KL,1.8501,3
ZA,2023-06,LPG,STATDIFF,KTONS,1.0000,3
ZA,2023-06,LPG,STOCKCH,CONVBBL,11637.0000,3
ZA,2023-06,LPG,STOCKCH,KBBL,0.0000,3
ZA,2023-06,LPG,STOCKCH,KBD,x,3
ZA,2023-06,LPG,STOCKCH,KL,0.0000,3
ZA,2023-06,LPG,STOCKCH,KTONS,0.0000,3
ZA,2023-06,LPG,TOTDEMO,CONVBBL,11637.0000,3
ZA,2023-06,LPG,TOTDEMO,KBBL,221.1030,3
ZA,2023-06,LPG,TOTDEMO,KBD,7.3701,3
ZA,2023-06,LPG,TOTDEMO,KL,35.1526,3
ZA,2023-06,LPG,TOTDEMO,KTONS,19.0000,3
ZA,2023-06,LPG,TOTEXPSB,CONVBBL,11637.0000,3
ZA,2023-06,LPG,TOTEXPSB,KBBL,0.0000,3
ZA,2023-06,LPG,TOTEXPSB,KBD,0.0000,3
ZA,2023-06,LPG,TOTEXPSB,KL,0.0000,3
ZA,2023-06,LPG,TOTEXPSB,KTONS,0.0000,3
ZA,2023-06,LPG,TOTIMPSB,CONVBBL,11637.0000,3
ZA,2023-06,LPG,TOTIMPSB,KBBL,0.0000,3
ZA,2023-06,LPG,TOTIMPSB,KBD,0.0000,3
ZA,2023-06,LPG,TOTIMPSB,KL,0.0000,3
ZA,2023-06,LPG,TOTIMPSB,KTONS,0.0000,3
ZA,2023-07,LPG,CLOSTLV,CONVBBL,11637.0000,3
ZA,2023-07,LPG,CLOSTLV,KBBL,34.9110,3
ZA,2023-07,LPG,CLOSTLV,KBD,x,3
ZA,2023-07,LPG,CLOSTLV,KL,5.5504,3
ZA,2023-07,LPG,CLOSTLV,KTONS,3.0000,3
ZA,2023-07,LPG,IPTRANSF,CONVBBL,11637.0000,3
ZA,2023-07,LPG,IPTRANSF,KBBL,-,3
ZA,2023-07,LPG,IPTRANSF,KBD,-,3
ZA,2023-07,LPG,IPTRANSF,KL,-,3
ZA,2023-07,LPG,IPTRANSF,KTONS,-,3
ZA,2023-07,LPG,PTRANSF,CONVBBL,11637.0000,3
ZA,2023-07,LPG,PTRANSF,KBBL,-,3
ZA,2023-07,LPG,PTRANSF,KBD,-,3
ZA,2023-07,LPG,PTRANSF,KL,-,3
ZA,2023-07,LPG,PTRANSF,KTONS,-,3
ZA,2023-07,LPG,RECEIPTS,CONVBBL,11637.0000,3
ZA,2023-07,LPG,RECEIPTS,KBBL,0.0000,3
ZA,2023-07,LPG,RECEIPTS,KBD,0.0000,3
ZA,2023-07,LPG,RECEIPTS,KL,0.0000,3
ZA,2023-07,LPG,RECEIPTS,KTONS,0.0000,3
ZA,2023-07,LPG,REFGROUT,CONVBBL,11637.0000,3
ZA,2023-07,LPG,REFGROUT,KBBL,186.1920,3
ZA,2023-07,LPG,REFGROUT,KBD,6.0062,3
ZA,2023-07,LPG,REFGROUT,KL,29.6022,3
ZA,2023-07,LPG,REFGROUT,KTONS,16.0000,3
ZA,2023-07,LPG,STATDIFF,CONVBBL,11637.0000,3
ZA,2023-07,LPG,STATDIFF,KBBL,-11.6370,3
ZA,2023-07,LPG,STATDIFF,KBD,-0.3754,3
ZA,2023-07,LPG,STATDIFF,KL,-1.8501,3
ZA,2023-07,LPG,STATDIFF,KTONS,-1.0000,3
ZA,2023-07,LPG,STOCKCH,CONVBBL,11637.0000,3
ZA,2023-07,LPG,STOCKCH,KBBL,0.0000,3
ZA,2023-07,LPG,STOCKCH,KBD,x,3
ZA,2023-07,LPG,STOCKCH,KL,0.0000,3
ZA,2023-07,LPG,STOCKCH,KTONS,0.0000,3
ZA,2023-07,LPG,TOTDEMO,CONVBBL,11637.0000,3
ZA,2023-07,LPG,TOTDEMO,KBBL,197.8290,3
ZA,2023-07,LPG,TOTDEMO,KBD,6.3816,3
ZA,2023-07,LPG,TOTDEMO,KL,31.4524,3
ZA,2023-07,LPG,TOTDEMO,KTONS,17.0000,3
ZA,2023-07,LPG,TOTEXPSB,CONVBBL,11637.0000,3
ZA,2023-07,LPG,TOTEXPSB,KBBL,11.6370,3
ZA,2023-07,LPG,TOTEXPSB,KBD,0.3754,3
ZA,2023-07,LPG,TOTEXPSB,KL,1.8501,3
ZA,2023-07,LPG,TOTEXPSB,KTONS,1.0000,3
ZA,2023-07,LPG,TOTIMPSB,CONVBBL,11637.0000,3
ZA,2023-07,LPG,TOTIMPSB,KBBL,0.0000,3
ZA,2023-07,LPG,TOTIMPSB,KBD,0.0000,3
ZA,2023-07,LPG,TOTIMPSB,KL,0.0000,3
ZA,2023-07,LPG,TOTIMPSB,KTONS,0.0000,3
ZA,2023-08,LPG,CLOSTLV,CONVBBL,11637.0000,3
ZA,2023-08,LPG,CLOSTLV,KBBL,34.9110,3
ZA,2023-08,LPG,CLOSTLV,KBD,x,3
ZA,2023-08,LPG,CLOSTLV,KL,5.5504,3
ZA,2023-08,LPG,CLOSTLV,KTONS,3.0000,3
ZA,2023-08,LPG,IPTRANSF,CONVBBL,11637.0000,3
ZA,2023-08,LPG,IPTRANSF,KBBL,-,3
ZA,2023-08,LPG,IPTRANSF,KBD,-,3
ZA,2023-08,LPG,IPTRANSF,KL,-,3
ZA,2023-08,LPG,IPTRANSF,KTONS,-,3
ZA,2023-08,LPG,PTRANSF,CONVBBL,11637.0000,3
ZA,2023-08,LPG,PTRANSF,KBBL,-,3
ZA,2023-08,LPG,PTRANSF,KBD,-,3
ZA,2023-08,LPG,PTRANSF,KL,-,3
ZA,2023-08,LPG,PTRANSF,KTONS,-,3
ZA,2023-08,LPG,RECEIPTS,CONVBBL,11637.0000,3
ZA,2023-08,LPG,RECEIPTS,KBBL,0.0000,3
ZA,2023-08,LPG,RECEIPTS,KBD,0.0000,3
ZA,2023-08,LPG,RECEIPTS,KL,0.0000,3
ZA,2023-08,LPG,RECEIPTS,KTONS,0.0000,3
ZA,2023-08,LPG,REFGROUT,CONVBBL,11637.0000,3
ZA,2023-08,LPG,REFGROUT,KBBL,174.5550,3
ZA,2023-08,LPG,REFGROUT,KBD,5.6308,3
ZA,2023-08,LPG,REFGROUT,KL,27.7521,3
ZA,2023-08,LPG,REFGROUT,KTONS,15.0000,3
ZA,2023-08,LPG,STATDIFF,CONVBBL,11637.0000,3
ZA,2023-08,LPG,STATDIFF,KBBL,-23.2740,3
ZA,2023-08,LPG,STATDIFF,KBD,-0.7508,3
ZA,2023-08,LPG,STATDIFF,KL,-3.7003,3
ZA,2023-08,LPG,STATDIFF,KTONS,-2.0000,3
ZA,2023-08,LPG,STOCKCH,CONVBBL,11637.0000,3
ZA,2023-08,LPG,STOCKCH,KBBL,0.0000,3
ZA,2023-08,LPG,STOCKCH,KBD,x,3
ZA,2023-08,LPG,STOCKCH,KL,0.0000,3
ZA,2023-08,LPG,STOCKCH,KTONS,0.0000,3
ZA,2023-08,LPG,TOTDEMO,CONVBBL,11637.0000,3
ZA,2023-08,LPG,TOTDEMO,KBBL,197.8290,3
ZA,2023-08,LPG,TOTDEMO,KBD,6.3816,3
ZA,2023-08,LPG,TOTDEMO,KL,31.4524,3
ZA,2023-08,LPG,TOTDEMO,KTONS,17.0000,3
ZA,2023-08,LPG,TOTEXPSB,CONVBBL,11637.0000,3
ZA,2023-08,LPG,TOTEXPSB,KBBL,0.0000,3
ZA,2023-08,LPG,TOTEXPSB,KBD,0.0000,3
ZA,2023-08,LPG,TOTEXPSB,KL,0.0000,3
ZA,2023-08,LPG,TOTEXPSB,KTONS,0.0000,3
ZA,2023-08,LPG,TOTIMPSB,CONVBBL,11637.0000,3
ZA,2023-08,LPG,TOTIMPSB,KBBL,0.0000,3
ZA,2023-08,LPG,TOTIMPSB,KBD,0.0000,3
ZA,2023-08,LPG,TOTIMPSB,KL,0.0000,3
ZA,2023-08,LPG,TOTIMPSB,KTONS,0.0000,3
ZA,2023-09,LPG,CLOSTLV,CONVBBL,11637.0000,3
ZA,2023-09,LPG,CLOSTLV,KBBL,23.2740,3
ZA,2023-09,LPG,CLOSTLV,KBD,x,3
ZA,2023-09,LPG,CLOSTLV,KL,3.7003,3
ZA,2023-09,LPG,CLOSTLV,KTONS,2.0000,3
ZA,2023-09,LPG,IPTRANSF,CONVBBL,11637.0000,3
ZA,2023-09,LPG,IPTRANSF,KBBL,-,3
ZA,2023-09,LPG,IPTRANSF,KBD,-,3
ZA,2023-09,LPG,IPTRANSF,KL,-,3
ZA,2023-09,LPG,IPTRANSF,KTONS,-,3
ZA,2023-09,LPG,PTRANSF,CONVBBL,11637.0000,3
ZA,2023-09,LPG,PTRANSF,KBBL,-,3
ZA,2023-09,LPG,PTRANSF,KBD,-,3
ZA,2023-09,LPG,PTRANSF,KL,-,3
ZA,2023-09,LPG,PTRANSF,KTONS,-,3
ZA,2023-09,LPG,RECEIPTS,CONVBBL,11637.0000,3
ZA,2023-09,LPG,RECEIPTS,KBBL,0.0000,3
ZA,2023-09,LPG,RECEIPTS,KBD,0.0000,3
ZA,2023-09,LPG,RECEIPTS,KL,0.0000,3
ZA,2023-09,LPG,RECEIPTS,KTONS,0.0000,3
ZA,2023-09,LPG,REFGROUT,CONVBBL,11637.0000,3
ZA,2023-09,LPG,REFGROUT,KBBL,139.6440,3
ZA,2023-09,LPG,REFGROUT,KBD,4.6548,3
ZA,2023-09,LPG,REFGROUT,KL,22.2017,3
ZA,2023-09,LPG,REFGROUT,KTONS,12.0000,3
ZA,2023-09,LPG,STATDIFF,CONVBBL,11637.0000,3
ZA,2023-09,LPG,STATDIFF,KBBL,-11.6370,3
ZA,2023-09,LPG,STATDIFF,KBD,-0.3879,3
ZA,2023-09,LPG,STATDIFF,KL,-1.8501,3
ZA,2023-09,LPG,STATDIFF,KTONS,-1.0000,3
ZA,2023-09,LPG,STOCKCH,CONVBBL,11637.0000,3
ZA,2023-09,LPG,STOCKCH,KBBL,0.0000,3
ZA,2023-09,LPG,STOCKCH,KBD,x,3
ZA,2023-09,LPG,STOCKCH,KL,0.0000,3
ZA,2023-09,LPG,STOCKCH,KTONS,0.0000,3
ZA,2023-09,LPG,TOTDEMO,CONVBBL,11637.0000,3
ZA,2023-09,LPG,TOTDEMO,KBBL,151.2810,3
ZA,2023-09,LPG,TOTDEMO,KBD,5.0427,3
ZA,2023-09,LPG,TOTDEMO,KL,24.0518,3
ZA,2023-09,LPG,TOTDEMO,KTONS,13.0000,3
ZA,2023-09,LPG,TOTEXPSB,CONVBBL,11637.0000,3
ZA,2023-09,LPG,TOTEXPSB,KBBL,0.0000,3
ZA,2023-09,LPG,TOTEXPSB,KBD,0.0000,3
ZA,2023-09,LPG,TOTEXPSB,KL,0.0000,3
ZA,2023-09,LPG,TOTEXPSB,KTONS,0.0000,3
ZA,2023-09,LPG,TOTIMPSB,CONVBBL,11637.0000,3
ZA,2023-09,LPG,TOTIMPSB,KBBL,0.0000,3
ZA,2023-09,LPG,TOTIMPSB,KBD,0.0000,3
ZA,2023-09,LPG,TOTIMPSB,KL,0.0000,3
ZA,2023-09,LPG,TOTIMPSB,KTONS,0.0000,3
ZA,2023-10,LPG,CLOSTLV,CONVBBL,11637.0000,3
ZA,2023-10,LPG,CLOSTLV,KBBL,34.9110,3
ZA,2023-10,LPG,CLOSTLV,KBD,x,3
ZA,2023-10,LPG,CLOSTLV,KL,5.5504,3
ZA,2023-10,LPG,CLOSTLV,KTONS,3.0000,3
ZA,2023-10,LPG,IPTRANSF,CONVBBL,11637.0000,3
ZA,2023-10,LPG,IPTRANSF,KBBL,-,3
ZA,2023-10,LPG,IPTRANSF,KBD,-,3
ZA,2023-10,LPG,IPTRANSF,KL,-,3
ZA,2023-10,LPG,IPTRANSF,KTONS,-,3
ZA,2023-10,LPG,PTRANSF,CONVBBL,11637.0000,3
ZA,2023-10,LPG,PTRANSF,KBBL,-,3
ZA,2023-10,LPG,PTRANSF,KBD,-,3
ZA,2023-10,LPG,PTRANSF,KL,-,3
ZA,2023-10,LPG,PTRANSF,KTONS,-,3
ZA,2023-10,LPG,RECEIPTS,CONVBBL,11637.0000,3
ZA,2023-10,LPG,RECEIPTS,KBBL,0.0000,3
ZA,2023-10,LPG,RECEIPTS,KBD,0.0000,3
ZA,2023-10,LPG,RECEIPTS,KL,0.0000,3
ZA,2023-10,LPG,RECEIPTS,KTONS,0.0000,3
ZA,2023-10,LPG,REFGROUT,CONVBBL,11637.0000,3
ZA,2023-10,LPG,REFGROUT,KBBL,209.4660,3
ZA,2023-10,LPG,REFGROUT,KBD,6.7570,3
ZA,2023-10,LPG,REFGROUT,KL,33.3025,3
ZA,2023-10,LPG,REFGROUT,KTONS,18.0000,3
ZA,2023-10,LPG,STATDIFF,CONVBBL,11637.0000,3
ZA,2023-10,LPG,STATDIFF,KBBL,418.9320,3
ZA,2023-10,LPG,STATDIFF,KBD,13.5139,3
ZA,2023-10,LPG,STATDIFF,KL,66.6050,3
ZA,2023-10,LPG,STATDIFF,KTONS,36.0000,3
ZA,2023-10,LPG,STOCKCH,CONVBBL,11637.0000,3
ZA,2023-10,LPG,STOCKCH,KBBL,11.6370,3
ZA,2023-10,LPG,STOCKCH,KBD,x,3
ZA,2023-10,LPG,STOCKCH,KL,1.8501,3
ZA,2023-10,LPG,STOCKCH,KTONS,1.0000,3
ZA,2023-10,LPG,TOTDEMO,CONVBBL,11637.0000,3
ZA,2023-10,LPG,TOTDEMO,KBBL,209.4660,3
ZA,2023-10,LPG,TOTDEMO,KBD,6.7570,3
ZA,2023-10,LPG,TOTDEMO,KL,33.3025,3
ZA,2023-10,LPG,TOTDEMO,KTONS,18.0000,3
ZA,2023-10,LPG,TOTEXPSB,CONVBBL,11637.0000,3
ZA,2023-10,LPG,TOTEXPSB,KBBL,0.0000,3
ZA,2023-10,LPG,TOTEXPSB,KBD,0.0000,3
ZA,2023-10,LPG,TOTEXPSB,KL,0.0000,3
ZA,2023-10,LPG,TOTEXPSB,KTONS,0.0000,3
ZA,2023-10,LPG,TOTIMPSB,CONVBBL,11637.0000,3
ZA,2023-10,LPG,TOTIMPSB,KBBL,430.5690,3
ZA,2023-10,LPG,TOTIMPSB,KBD,13.8893,3
ZA,2023-10,LPG,TOTIMPSB,KL,68.4551,3
ZA,2023-10,LPG,TOTIMPSB,KTONS,37.0000,3
ZA,2023-11,LPG,CLOSTLV,CONVBBL,11637.0000,3
ZA,2023-11,LPG,CLOSTLV,KBBL,34.9110,3
ZA,2023-11,LPG,CLOSTLV,KBD,x,3
ZA,2023-11,LPG,CLOSTLV,KL,5.5504,3
ZA,2023-11,LPG,CLOSTLV,KTONS,3.0000,3
ZA,2023-11,LPG,IPTRANSF,CONVBBL,11637.0000,3
ZA,2023-11,LPG,IPTRANSF,KBBL,-,3
ZA,2023-11,LPG,IPTRANSF,KBD,-,3
ZA,2023-11,LPG,IPTRANSF,KL,-,3
ZA,2023-11,LPG,IPTRANSF,KTONS,-,3
ZA,2023-11,LPG,PTRANSF,CONVBBL,11637.0000,3
ZA,2023-11,LPG,PTRANSF,KBBL,-,3
ZA,2023-11,LPG,PTRANSF,KBD,-,3
ZA,2023-11,LPG,PTRANSF,KL,-,3
ZA,2023-11,LPG,PTRANSF,KTONS,-,3
ZA,2023-11,LPG,RECEIPTS,CONVBBL,11637.0000,3
ZA,2023-11,LPG,RECEIPTS,KBBL,0.0000,3
ZA,2023-11,LPG,RECEIPTS,KBD,0.0000,3
ZA,2023-11,LPG,RECEIPTS,KL,0.0000,3
ZA,2023-11,LPG,RECEIPTS,KTONS,0.0000,3
ZA,2023-11,LPG,REFGROUT,CONVBBL,11637.0000,3
ZA,2023-11,LPG,REFGROUT,KBBL,186.1920,3
ZA,2023-11,LPG,REFGROUT,KBD,6.2064,3
ZA,2023-11,LPG,REFGROUT,KL,29.6022,3
ZA,2023-11,LPG,REFGROUT,KTONS,16.0000,3
ZA,2023-11,LPG,STATDIFF,CONVBBL,11637.0000,3
ZA,2023-11,LPG,STATDIFF,KBBL,0.0000,3
ZA,2023-11,LPG,STATDIFF,KBD,0.0000,3
ZA,2023-11,LPG,STATDIFF,KL,0.0000,3
ZA,2023-11,LPG,STATDIFF,KTONS,0.0000,3
ZA,2023-11,LPG,STOCKCH,CONVBBL,11637.0000,3
ZA,2023-11,LPG,STOCKCH,KBBL,0.0000,3
ZA,2023-11,LPG,STOCKCH,KBD,x,3
ZA,2023-11,LPG,STOCKCH,KL,0.0000,3
ZA,2023-11,LPG,STOCKCH,KTONS,0.0000,3
ZA,2023-11,LPG,TOTDEMO,CONVBBL,11637.0000,3
ZA,2023-11,LPG,TOTDEMO,KBBL,186.1920,3
ZA,2023-11,LPG,TOTDEMO,KBD,6.2064,3
ZA,2023-11,LPG,TOTDEMO,KL,29.6022,3
ZA,2023-11,LPG,TOTDEMO,KTONS,16.0000,3
ZA,2023-11,LPG,TOTEXPSB,CONVBBL,11637.0000,3
ZA,2023-11,LPG,TOTEXPSB,KBBL,0.0000,3
ZA,2023-11,LPG,TOTEXPSB,KBD,0.0000,3
ZA,2023-11,LPG,TOTEXPSB,KL,0.0000,3
ZA,2023-11,LPG,TOTEXPSB,KTONS,0.0000,3
ZA,2023-11,LPG,TOTIMPSB,CONVBBL,11637.0000,3
ZA,2023-11,LPG,TOTIMPSB,KBBL,0.0000,3
ZA,2023-11,LPG,TOTIMPSB,KBD,0.0000,3
ZA,2023-11,LPG,TOTIMPSB,KL,0.0000,3
ZA,2023-11,LPG,TOTIMPSB,KTONS,0.0000,3
ZA,2023-12,LPG,CLOSTLV,CONVBBL,11637.0000,3
ZA,2023-12,LPG,CLOSTLV,KBBL,34.9110,3
ZA,2023-12,LPG,CLOSTLV,KBD,x,3
ZA,2023-12,LPG,CLOSTLV,KL,5.5504,3
ZA,2023-12,LPG,CLOSTLV,KTONS,3.0000,3
ZA,2023-12,LPG,IPTRANSF,CONVBBL,11637.0000,3
ZA,2023-12,LPG,IPTRANSF,KBBL,0.0000,3
ZA,2023-12,LPG,IPTRANSF,KBD,0.0000,3
ZA,2023-12,LPG,IPTRANSF,KL,0.0000,3
ZA,2023-12,LPG,IPTRANSF,KTONS,0.0000,3
ZA,2023-12,LPG,PTRANSF,CONVBBL,11637.0000,3
ZA,2023-12,LPG,PTRANSF,KBBL,-,3
ZA,2023-12,LPG,PTRANSF,KBD,-,3
ZA,2023-12,LPG,PTRANSF,KL,-,3
ZA,2023-12,LPG,PTRANSF,KTONS,-,3
ZA,2023-12,LPG,RECEIPTS,CONVBBL,11637.0000,3
ZA,2023-12,LPG,RECEIPTS,KBBL,0.0000,3
ZA,2023-12,LPG,RECEIPTS,KBD,0.0000,3
ZA,2023-12,LPG,RECEIPTS,KL,0.0000,3
ZA,2023-12,LPG,RECEIPTS,KTONS,0.0000,3
ZA,2023-12,LPG,REFGROUT,CONVBBL,11637.0000,3
ZA,2023-12,LPG,REFGROUT,KBBL,174.5550,3
ZA,2023-12,LPG,REFGROUT,KBD,5.6308,3
ZA,2023-12,LPG,REFGROUT,KL,27.7521,3
ZA,2023-12,LPG,REFGROUT,KTONS,15.0000,3
ZA,2023-12,LPG,STATDIFF,CONVBBL,11637.0000,3
ZA,2023-12,LPG,STATDIFF,KBBL,11.6370,3
ZA,2023-12,LPG,STATDIFF,KBD,0.3754,3
ZA,2023-12,LPG,STATDIFF,KL,1.8501,3
ZA,2023-12,LPG,STATDIFF,KTONS,1.0000,3
ZA,2023-12,LPG,STOCKCH,CONVBBL,11637.0000,3
ZA,2023-12,LPG,STOCKCH,KBBL,0.0000,3
ZA,2023-12,LPG,STOCKCH,KBD,x,3
ZA,2023-12,LPG,STOCKCH,KL,0.0000,3
ZA,2023-12,LPG,STOCKCH,KTONS,0.0000,3
ZA,2023-12,LPG,TOTDEMO,CONVBBL,11637.0000,3
ZA,2023-12,LPG,TOTDEMO,KBBL,151.2810,3
ZA,2023-12,LPG,TOTDEMO,KBD,4.8800,3
ZA,2023-12,LPG,TOTDEMO,KL,24.0518,3
ZA,2023-12,LPG,TOTDEMO,KTONS,13.0000,3
ZA,2023-12,LPG,TOTEXPSB,CONVBBL,11637.0000,3
ZA,2023-12,LPG,TOTEXPSB,KBBL,0.0000,3
ZA,2023-12,LPG,TOTEXPSB,KBD,0.0000,3
ZA,2023-12,LPG,TOTEXPSB,KL,0.0000,3
ZA,2023-12,LPG,TOTEXPSB,KTONS,0.0000,3
ZA,2023-12,LPG,TOTIMPSB,CONVBBL,11637.0000,3
ZA,2023-12,LPG,TOTIMPSB,KBBL,0.0000,3
ZA,2023-12,LPG,TOTIMPSB,KBD,0.0000,3
ZA,2023-12,LPG,TOTIMPSB,KL,0.0000,3
ZA,2023-12,LPG,TOTIMPSB,KTONS,0.0000,3
ZA,2023-01,NAPHTHA,CLOSTLV,CONVBBL,8910.0000,3
ZA,2023-01,NAPHTHA,CLOSTLV,KBBL,89.1000,3
ZA,2023-01,NAPHTHA,CLOSTLV,KBD,x,3
ZA,2023-01,NAPHTHA,CLOSTLV,KL,14.1658,3
ZA,2023-01,NAPHTHA,CLOSTLV,KTONS,10.0000,3
ZA,2023-01,NAPHTHA,IPTRANSF,CONVBBL,8910.0000,3
ZA,2023-01,NAPHTHA,IPTRANSF,KBBL,0.0000,3
ZA,2023-01,NAPHTHA,IPTRANSF,KBD,0.0000,3
ZA,2023-01,NAPHTHA,IPTRANSF,KL,0.0000,3
ZA,2023-01,NAPHTHA,IPTRANSF,KTONS,0.0000,3
ZA,2023-01,NAPHTHA,PTRANSF,CONVBBL,8910.0000,3
ZA,2023-01,NAPHTHA,PTRANSF,KBBL,-,3
ZA,2023-01,NAPHTHA,PTRANSF,KBD,-,3
ZA,2023-01,NAPHTHA,PTRANSF,KL,-,3
ZA,2023-01,NAPHTHA,PTRANSF,KTONS,-,3
ZA,2023-01,NAPHTHA,RECEIPTS,CONVBBL,8910.0000,3
ZA,2023-01,NAPHTHA,RECEIPTS,KBBL,0.0000,3
ZA,2023-01,NAPHTHA,RECEIPTS,KBD,0.0000,3
ZA,2023-01,NAPHTHA,RECEIPTS,KL,0.0000,3
ZA,2023-01,NAPHTHA,RECEIPTS,KTONS,0.0000,3
ZA,2023-01,NAPHTHA,REFGROUT,CONVBBL,8910.0000,3
ZA,2023-01,NAPHTHA,REFGROUT,KBBL,8.9100,3
ZA,2023-01,NAPHTHA,REFGROUT,KBD,0.2874,3
ZA,2023-01,NAPHTHA,REFGROUT,KL,1.4166,3
ZA,2023-01,NAPHTHA,REFGROUT,KTONS,1.0000,3
ZA,2023-01,NAPHTHA,STATDIFF,CONVBBL,8910.0000,3
ZA,2023-01,NAPHTHA,STATDIFF,KBBL,8.9100,3
ZA,2023-01,NAPHTHA,STATDIFF,KBD,0.2874,3
ZA,2023-01,NAPHTHA,STATDIFF,KL,1.4166,3
ZA,2023-01,NAPHTHA,STATDIFF,KTONS,1.0000,3
ZA,2023-01,NAPHTHA,STOCKCH,CONVBBL,8910.0000,3
ZA,2023-01,NAPHTHA,STOCKCH,KBBL,-8.9100,3
ZA,2023-01,NAPHTHA,STOCKCH,KBD,x,3
ZA,2023-01,NAPHTHA,STOCKCH,KL,-1.4166,3
ZA,2023-01,NAPHTHA,STOCKCH,KTONS,-1.0000,3
ZA,2023-01,NAPHTHA,TOTDEMO,CONVBBL,8910.0000,3
ZA,2023-01,NAPHTHA,TOTDEMO,KBBL,0.0000,3
ZA,2023-01,NAPHTHA,TOTDEMO,KBD,0.0000,3
ZA,2023-01,NAPHTHA,TOTDEMO,KL,0.0000,3
ZA,2023-01,NAPHTHA,TOTDEMO,KTONS,0.0000,3
ZA,2023-01,NAPHTHA,TOTEXPSB,CONVBBL,8910.0000,3
ZA,2023-01,NAPHTHA,TOTEXPSB,KBBL,0.0000,3
ZA,2023-01,NAPHTHA,TOTEXPSB,KBD,0.0000,3
ZA,2023-01,NAPHTHA,TOTEXPSB,KL,0.0000,3
ZA,2023-01,NAPHTHA,TOTEXPSB,KTONS,0.0000,3
ZA,2023-01,NAPHTHA,TOTIMPSB,CONVBBL,8910.0000,3
ZA,2023-01,NAPHTHA,TOTIMPSB,KBBL,0.0000,3
ZA,2023-01,NAPHTHA,TOTIMPSB,KBD,0.0000,3
ZA,2023-01,NAPHTHA,TOTIMPSB,KL,0.0000,3
ZA,2023-01,NAPHTHA,TOTIMPSB,KTONS,0.0000,3
ZA,2023-02,NAPHTHA,CLOSTLV,CONVBBL,8910.0000,3
ZA,2023-02,NAPHTHA,CLOSTLV,KBBL,89.1000,3
ZA,2023-02,NAPHTHA,CLOSTLV,KBD,x,3
ZA,2023-02,NAPHTHA,CLOSTLV,KL,14.1658,3
ZA,2023-02,NAPHTHA,CLOSTLV,KTONS,10.0000,3
ZA,2023-02,NAPHTHA,IPTRANSF,CONVBBL,8910.0000,3
ZA,2023-02,NAPHTHA,IPTRANSF,KBBL,0.0000,3
ZA,2023-02,NAPHTHA,IPTRANSF,KBD,0.0000,3
ZA,2023-02,NAPHTHA,IPTRANSF,KL,0.0000,3
ZA,2023-02,NAPHTHA,IPTRANSF,KTONS,0.0000,3
ZA,2023-02,NAPHTHA,PTRANSF,CONVBBL,8910.0000,3
ZA,2023-02,NAPHTHA,PTRANSF,KBBL,-,3
ZA,2023-02,NAPHTHA,PTRANSF,KBD,-,3
ZA,2023-02,NAPHTHA,PTRANSF,KL,-,3
ZA,2023-02,NAPHTHA,PTRANSF,KTONS,-,3
ZA,2023-02,NAPHTHA,RECEIPTS,CONVBBL,8910.0000,3
ZA,2023-02,NAPHTHA,RECEIPTS,KBBL,0.0000,3
ZA,2023-02,NAPHTHA,RECEIPTS,KBD,0.0000,3
ZA,2023-02,NAPHTHA,RECEIPTS,KL,0.0000,3
ZA,2023-02,NAPHTHA,RECEIPTS,KTONS,0.0000,3
ZA,2023-02,NAPHTHA,REFGROUT,CONVBBL,8910.0000,3
ZA,2023-02,NAPHTHA,REFGROUT,KBBL,8.9100,3
ZA,2023-02,NAPHTHA,REFGROUT,KBD,0.3182,3
ZA,2023-02,NAPHTHA,REFGROUT,KL,1.4166,3
ZA,2023-02,NAPHTHA,REFGROUT,KTONS,1.0000,3
ZA,2023-02,NAPHTHA,STATDIFF,CONVBBL,8910.0000,3
ZA,2023-02,NAPHTHA,STATDIFF,KBBL,8.9100,3
ZA,2023-02,NAPHTHA,STATDIFF,KBD,0.3182,3
ZA,2023-02,NAPHTHA,STATDIFF,KL,1.4166,3
ZA,2023-02,NAPHTHA,STATDIFF,KTONS,1.0000,3
ZA,2023-02,NAPHTHA,STOCKCH,CONVBBL,8910.0000,3
ZA,2023-02,NAPHTHA,STOCKCH,KBBL,-8.9100,3
ZA,2023-02,NAPHTHA,STOCKCH,KBD,x,3
ZA,2023-02,NAPHTHA,STOCKCH,KL,-1.4166,3
ZA,2023-02,NAPHTHA,STOCKCH,KTONS,-1.0000,3
ZA,2023-02,NAPHTHA,TOTDEMO,CONVBBL,8910.0000,3
ZA,2023-02,NAPHTHA,TOTDEMO,KBBL,0.0000,3
ZA,2023-02,NAPHTHA,TOTDEMO,KBD,0.0000,3
ZA,2023-02,NAPHTHA,TOTDEMO,KL,0.0000,3
ZA,2023-02,NAPHTHA,TOTDEMO,KTONS,0.0000,3
ZA,2023-02,NAPHTHA,TOTEXPSB,CONVBBL,8910.0000,3
ZA,2023-02,NAPHTHA,TOTEXPSB,KBBL,0.0000,3
ZA,2023-02,NAPHTHA,TOTEXPSB,KBD,0.0000,3
ZA,2023-02,NAPHTHA,TOTEXPSB,KL,0.0000,3
ZA,2023-02,NAPHTHA,TOTEXPSB,KTONS,0.0000,3
ZA,2023-02,NAPHTHA,TOTIMPSB,CONVBBL,8910.0000,3
ZA,2023-02,NAPHTHA,TOTIMPSB,KBBL,0.0000,3
ZA,2023-02,NAPHTHA,TOTIMPSB,KBD,0.0000,3
ZA,2023-02,NAPHTHA,TOTIMPSB,KL,0.0000,3
ZA,2023-02,NAPHTHA,TOTIMPSB,KTONS,0.0000,3
ZA,2023-03,NAPHTHA,CLOSTLV,CONVBBL,8910.0000,3
ZA,2023-03,NAPHTHA,CLOSTLV,KBBL,89.1000,3
ZA,2023-03,NAPHTHA,CLOSTLV,KBD,x,3
ZA,2023-03,NAPHTHA,CLOSTLV,KL,14.1658,3
ZA,2023-03,NAPHTHA,CLOSTLV,KTONS,10.0000,3
ZA,2023-03,NAPHTHA,IPTRANSF,CONVBBL,8910.0000,3
ZA,2023-03,NAPHTHA,IPTRANSF,KBBL,0.0000,3
ZA,2023-03,NAPHTHA,IPTRANSF,KBD,0.0000,3
ZA,2023-03,NAPHTHA,IPTRANSF,KL,0.0000,3
ZA,2023-03,NAPHTHA,IPTRANSF,KTONS,0.0000,3
ZA,2023-03,NAPHTHA,PTRANSF,CONVBBL,8910.0000,3
ZA,2023-03,NAPHTHA,PTRANSF,KBBL,-,3
ZA,2023-03,NAPHTHA,PTRANSF,KBD,-,3
ZA,2023-03,NAPHTHA,PTRANSF,KL,-,3
ZA,2023-03,NAPHTHA,PTRANSF,KTONS,-,3
ZA,2023-03,NAPHTHA,RECEIPTS,CONVBBL,8910.0000,3
ZA,2023-03,NAPHTHA,RECEIPTS,KBBL,0.0000,3
ZA,2023-03,NAPHTHA,RECEIPTS,KBD,0.0000,3
ZA,2023-03,NAPHTHA,RECEIPTS,KL,0.0000,3
ZA,2023-03,NAPHTHA,RECEIPTS,KTONS,0.0000,3
ZA,2023-03,NAPHTHA,REFGROUT,CONVBBL,8910.0000,3
ZA,2023-03,NAPHTHA,REFGROUT,KBBL,8.9100,3
ZA,2023-03,NAPHTHA,REFGROUT,KBD,0.2874,3
ZA,2023-03,NAPHTHA,REFGROUT,KL,1.4166,3
ZA,2023-03,NAPHTHA,REFGROUT,KTONS,1.0000,3
ZA,2023-03,NAPHTHA,STATDIFF,CONVBBL,8910.0000,3
ZA,2023-03,NAPHTHA,STATDIFF,KBBL,8.9100,3
ZA,2023-03,NAPHTHA,STATDIFF,KBD,0.2874,3
ZA,2023-03,NAPHTHA,STATDIFF,KL,1.4166,3
ZA,2023-03,NAPHTHA,STATDIFF,KTONS,1.0000,3
ZA,2023-03,NAPHTHA,STOCKCH,CONVBBL,8910.0000,3
ZA,2023-03,NAPHTHA,STOCKCH,KBBL,-8.9100,3
ZA,2023-03,NAPHTHA,STOCKCH,KBD,x,3
ZA,2023-03,NAPHTHA,STOCKCH,KL,-1.4166,3
ZA,2023-03,NAPHTHA,STOCKCH,KTONS,-1.0000,3
ZA,2023-03,NAPHTHA,TOTDEMO,CONVBBL,8910.0000,3
ZA,2023-03,NAPHTHA,TOTDEMO,KBBL,0.0000,3
ZA,2023-03,NAPHTHA,TOTDEMO,KBD,0.0000,3
ZA,2023-03,NAPHTHA,TOTDEMO,KL,0.0000,3
ZA,2023-03,NAPHTHA,TOTDEMO,KTONS,0.0000,3
ZA,2023-03,NAPHTHA,TOTEXPSB,CONVBBL,8910.0000,3
ZA,2023-03,NAPHTHA,TOTEXPSB,KBBL,0.0000,3
ZA,2023-03,NAPHTHA,TOTEXPSB,KBD,0.0000,3
ZA,2023-03,NAPHTHA,TOTEXPSB,KL,0.0000,3
ZA,2023-03,NAPHTHA,TOTEXPSB,KTONS,0.0000,3
ZA,2023-03,NAPHTHA,TOTIMPSB,CONVBBL,8910.0000,3
ZA,2023-03,NAPHTHA,TOTIMPSB,KBBL,0.0000,3
ZA,2023-03,NAPHTHA,TOTIMPSB,KBD,0.0000,3
ZA,2023-03,NAPHTHA,TOTIMPSB,KL,0.0000,3
ZA,2023-03,NAPHTHA,TOTIMPSB,KTONS,0.0000,3
ZA,2023-04,NAPHTHA,CLOSTLV,CONVBBL,8910.0000,3
ZA,2023-04,NAPHTHA,CLOSTLV,KBBL,89.1000,3
ZA,2023-04,NAPHTHA,CLOSTLV,KBD,x,3
ZA,2023-04,NAPHTHA,CLOSTLV,KL,14.1658,3
ZA,2023-04,NAPHTHA,CLOSTLV,KTONS,10.0000,3
ZA,2023-04,NAPHTHA,IPTRANSF,CONVBBL,8910.0000,3
ZA,2023-04,NAPHTHA,IPTRANSF,KBBL,0.0000,3
ZA,2023-04,NAPHTHA,IPTRANSF,KBD,0.0000,3
ZA,2023-04,NAPHTHA,IPTRANSF,KL,0.0000,3
ZA,2023-04,NAPHTHA,IPTRANSF,KTONS,0.0000,3
ZA,2023-04,NAPHTHA,PTRANSF,CONVBBL,8910.0000,3
ZA,2023-04,NAPHTHA,PTRANSF,KBBL,-,3
ZA,2023-04,NAPHTHA,PTRANSF,KBD,-,3
ZA,2023-04,NAPHTHA,PTRANSF,KL,-,3
ZA,2023-04,NAPHTHA,PTRANSF,KTONS,-,3
ZA,2023-04,NAPHTHA,RECEIPTS,CONVBBL,8910.0000,3
ZA,2023-04,NAPHTHA,RECEIPTS,KBBL,0.0000,3
ZA,2023-04,NAPHTHA,RECEIPTS,KBD,0.0000,3
ZA,2023-04,NAPHTHA,RECEIPTS,KL,0.0000,3
ZA,2023-04,NAPHTHA,RECEIPTS,KTONS,0.0000,3
ZA,2023-04,NAPHTHA,REFGROUT,CONVBBL,8910.0000,3
ZA,2023-04,NAPHTHA,REFGROUT,KBBL,8.9100,3
ZA,2023-04,NAPHTHA,REFGROUT,KBD,0.2970,3
ZA,2023-04,NAPHTHA,REFGROUT,KL,1.4166,3
ZA,2023-04,NAPHTHA,REFGROUT,KTONS,1.0000,3
ZA,2023-04,NAPHTHA,STATDIFF,CONVBBL,8910.0000,3
ZA,2023-04,NAPHTHA,STATDIFF,KBBL,8.9100,3
ZA,2023-04,NAPHTHA,STATDIFF,KBD,0.2970,3
ZA,2023-04,NAPHTHA,STATDIFF,KL,1.4166,3
ZA,2023-04,NAPHTHA,STATDIFF,KTONS,1.0000,3
ZA,2023-04,NAPHTHA,STOCKCH,CONVBBL,8910.0000,3
ZA,2023-04,NAPHTHA,STOCKCH,KBBL,-8.9100,3
ZA,2023-04,NAPHTHA,STOCKCH,KBD,x,3
ZA,2023-04,NAPHTHA,STOCKCH,KL,-1.4166,3
ZA,2023-04,NAPHTHA,STOCKCH,KTONS,-1.0000,3
ZA,2023-04,NAPHTHA,TOTDEMO,CONVBBL,8910.0000,3
ZA,2023-04,NAPHTHA,TOTDEMO,KBBL,0.0000,3
ZA,2023-04,NAPHTHA,TOTDEMO,KBD,0.0000,3
ZA,2023-04,NAPHTHA,TOTDEMO,KL,0.0000,3
ZA,2023-04,NAPHTHA,TOTDEMO,KTONS,0.0000,3
ZA,2023-04,NAPHTHA,TOTEXPSB,CONVBBL,8910.0000,3
ZA,2023-04,NAPHTHA,TOTEXPSB,KBBL,0.0000,3
ZA,2023-04,NAPHTHA,TOTEXPSB,KBD,0.0000,3
ZA,2023-04,NAPHTHA,TOTEXPSB,KL,0.0000,3
ZA,2023-04,NAPHTHA,TOTEXPSB,KTONS,0.0000,3
ZA,2023-04,NAPHTHA,TOTIMPSB,CONVBBL,8910.0000,3
ZA,2023-04,NAPHTHA,TOTIMPSB,KBBL,0.0000,3
ZA,2023-04,NAPHTHA,TOTIMPSB,KBD,0.0000,3
ZA,2023-04,NAPHTHA,TOTIMPSB,KL,0.0000,3
ZA,2023-04,NAPHTHA,TOTIMPSB,KTONS,0.0000,3
ZA,2023-05,NAPHTHA,CLOSTLV,CONVBBL,8910.0000,3
ZA,2023-05,NAPHTHA,CLOSTLV,KBBL,89.1000,3
ZA,2023-05,NAPHTHA,CLOSTLV,KBD,x,3
ZA,2023-05,NAPHTHA,CLOSTLV,KL,14.1658,3
ZA,2023-05,NAPHTHA,CLOSTLV,KTONS,10.0000,3
ZA,2023-05,NAPHTHA,IPTRANSF,CONVBBL,8910.0000,3
ZA,2023-05,NAPHTHA,IPTRANSF,KBBL,0.0000,3
ZA,2023-05,NAPHTHA,IPTRANSF,KBD,0.0000,3
ZA,2023-05,NAPHTHA,IPTRANSF,KL,0.0000,3
ZA,2023-05,NAPHTHA,IPTRANSF,KTONS,0.0000,3
ZA,2023-05,NAPHTHA,PTRANSF,CONVBBL,8910.0000,3
ZA,2023-05,NAPHTHA,PTRANSF,KBBL,-,3
ZA,2023-05,NAPHTHA,PTRANSF,KBD,-,3
ZA,2023-05,NAPHTHA,PTRANSF,KL,-,3
ZA,2023-05,NAPHTHA,PTRANSF,KTONS,-,3
ZA,2023-05,NAPHTHA,RECEIPTS,CONVBBL,8910.0000,3
ZA,2023-05,NAPHTHA,RECEIPTS,KBBL,0.0000,3
ZA,2023-05,NAPHTHA,RECEIPTS,KBD,0.0000,3
ZA,2023-05,NAPHTHA,RECEIPTS,KL,0.0000,3
ZA,2023-05,NAPHTHA,RECEIPTS,KTONS,0.0000,3
ZA,2023-05,NAPHTHA,REFGROUT,CONVBBL,8910.0000,3
ZA,2023-05,NAPHTHA,REFGROUT,KBBL,8.9100,3
ZA,2023-05,NAPHTHA,REFGROUT,KBD,0.2874,3
ZA,2023-05,NAPHTHA,REFGROUT,KL,1.4166,3
ZA,2023-05,NAPHTHA,REFGROUT,KTONS,1.0000,3
ZA,2023-05,NAPHTHA,STATDIFF,CONVBBL,8910.0000,3
ZA,2023-05,NAPHTHA,STATDIFF,KBBL,8.9100,3
ZA,2023-05,NAPHTHA,STATDIFF,KBD,0.2874,3
ZA,2023-05,NAPHTHA,STATDIFF,KL,1.4166,3
ZA,2023-05,NAPHTHA,STATDIFF,KTONS,1.0000,3
ZA,2023-05,NAPHTHA,STOCKCH,CONVBBL,8910.0000,3
ZA,2023-05,NAPHTHA,STOCKCH,KBBL,-8.9100,3
ZA,2023-05,NAPHTHA,STOCKCH,KBD,x,3
ZA,2023-05,NAPHTHA,STOCKCH,KL,-1.4166,3
ZA,2023-05,NAPHTHA,STOCKCH,KTONS,-1.0000,3
ZA,2023-05,NAPHTHA,TOTDEMO,CONVBBL,8910.0000,3
ZA,2023-05,NAPHTHA,TOTDEMO,KBBL,0.0000,3
ZA,2023-05,NAPHTHA,TOTDEMO,KBD,0.0000,3
ZA,2023-05,NAPHTHA,TOTDEMO,KL,0.0000,3
ZA,2023-05,NAPHTHA,TOTDEMO,KTONS,0.0000,3
ZA,2023-05,NAPHTHA,TOTEXPSB,CONVBBL,8910.0000,3
ZA,2023-05,NAPHTHA,TOTEXPSB,KBBL,0.0000,3
ZA,2023-05,NAPHTHA,TOTEXPSB,KBD,0.0000,3
ZA,2023-05,NAPHTHA,TOTEXPSB,KL,0.0000,3
ZA,2023-05,NAPHTHA,TOTEXPSB,KTONS,0.0000,3
ZA,2023-05,NAPHTHA,TOTIMPSB,CONVBBL,8910.0000,3
ZA,2023-05,NAPHTHA,TOTIMPSB,KBBL,0.0000,3
ZA,2023-05,NAPHTHA,TOTIMPSB,KBD,0.0000,3
ZA,2023-05,NAPHTHA,TOTIMPSB,KL,0.0000,3
ZA,2023-05,NAPHTHA,TOTIMPSB,KTONS,0.0000,3
ZA,2023-06,NAPHTHA,CLOSTLV,CONVBBL,8910.0000,3
ZA,2023-06,NAPHTHA,CLOSTLV,KBBL,89.1000,3
ZA,2023-06,NAPHTHA,CLOSTLV,KBD,x,3
ZA,2023-06,NAPHTHA,CLOSTLV,KL,14.1658,3
ZA,2023-06,NAPHTHA,CLOSTLV,KTONS,10.0000,3
ZA,2023-06,NAPHTHA,IPTRANSF,CONVBBL,8910.0000,3
ZA,2023-06,NAPHTHA,IPTRANSF,KBBL,0.0000,3
ZA,2023-06,NAPHTHA,IPTRANSF,KBD,0.0000,3
ZA,2023-06,NAPHTHA,IPTRANSF,KL,0.0000,3
ZA,2023-06,NAPHTHA,IPTRANSF,KTONS,0.0000,3
ZA,2023-06,NAPHTHA,PTRANSF,CONVBBL,8910.0000,3
ZA,2023-06,NAPHTHA,PTRANSF,KBBL,-,3
ZA,2023-06,NAPHTHA,PTRANSF,KBD,-,3
ZA,2023-06,NAPHTHA,PTRANSF,KL,-,3
ZA,2023-06,NAPHTHA,PTRANSF,KTONS,-,3
ZA,2023-06,NAPHTHA,RECEIPTS,CONVBBL,8910.0000,3
ZA,2023-06,NAPHTHA,RECEIPTS,KBBL,0.0000,3
ZA,2023-06,NAPHTHA,RECEIPTS,KBD,0.0000,3
ZA,2023-06,NAPHTHA,RECEIPTS,KL,0.0000,3
ZA,2023-06,NAPHTHA,RECEIPTS,KTONS,0.0000,3
ZA,2023-06,NAPHTHA,REFGROUT,CONVBBL,8910.0000,3
ZA,2023-06,NAPHTHA,REFGROUT,KBBL,8.9100,3
ZA,2023-06,NAPHTHA,REFGROUT,KBD,0.2970,3
ZA,2023-06,NAPHTHA,REFGROUT,KL,1.4166,3
ZA,2023-06,NAPHTHA,REFGROUT,KTONS,1.0000,3
ZA,2023-06,NAPHTHA,STATDIFF,CONVBBL,8910.0000,3
ZA,2023-06,NAPHTHA,STATDIFF,KBBL,8.9100,3
ZA,2023-06,NAPHTHA,STATDIFF,KBD,0.2970,3
ZA,2023-06,NAPHTHA,STATDIFF,KL,1.4166,3
ZA,2023-06,NAPHTHA,STATDIFF,KTONS,1.0000,3
ZA,2023-06,NAPHTHA,STOCKCH,CONVBBL,8910.0000,3
ZA,2023-06,NAPHTHA,STOCKCH,KBBL,-8.9100,3
ZA,2023-06,NAPHTHA,STOCKCH,KBD,x,3
ZA,2023-06,NAPHTHA,STOCKCH,KL,-1.4166,3
ZA,2023-06,NAPHTHA,STOCKCH,KTONS,-1.0000,3
ZA,2023-06,NAPHTHA,TOTDEMO,CONVBBL,8910.0000,3
ZA,2023-06,NAPHTHA,TOTDEMO,KBBL,0.0000,3
ZA,2023-06,NAPHTHA,TOTDEMO,KBD,0.0000,3
ZA,2023-06,NAPHTHA,TOTDEMO,KL,0.0000,3
ZA,2023-06,NAPHTHA,TOTDEMO,KTONS,0.0000,3
ZA,2023-06,NAPHTHA,TOTEXPSB,CONVBBL,8910.0000,3
ZA,2023-06,NAPHTHA,TOTEXPSB,KBBL,0.0000,3
ZA,2023-06,NAPHTHA,TOTEXPSB,KBD,0.0000,3
ZA,2023-06,NAPHTHA,TOTEXPSB,KL,0.0000,3
ZA,2023-06,NAPHTHA,TOTEXPSB,KTONS,0.0000,3
ZA,2023-06,NAPHTHA,TOTIMPSB,CONVBBL,8910.0000,3
ZA,2023-06,NAPHTHA,TOTIMPSB,KBBL,0.0000,3
ZA,2023-06,NAPHTHA,TOTIMPSB,KBD,0.0000,3
ZA,2023-06,NAPHTHA,TOTIMPSB,KL,0.0000,3
ZA,2023-06,NAPHTHA,TOTIMPSB,KTONS,0.0000,3
ZA,2023-07,NAPHTHA,CLOSTLV,CONVBBL,8910.0000,3
ZA,2023-07,NAPHTHA,CLOSTLV,KBBL,89.1000,3
ZA,2023-07,NAPHTHA,CLOSTLV,KBD,x,3
ZA,2023-07,NAPHTHA,CLOSTLV,KL,14.1658,3
ZA,2023-07,NAPHTHA,CLOSTLV,KTONS,10.0000,3
ZA,2023-07,NAPHTHA,IPTRANSF,CONVBBL,8910.0000,3
ZA,2023-07,NAPHTHA,IPTRANSF,KBBL,0.0000,3
ZA,2023-07,NAPHTHA,IPTRANSF,KBD,0.0000,3
ZA,2023-07,NAPHTHA,IPTRANSF,KL,0.0000,3
ZA,2023-07,NAPHTHA,IPTRANSF,KTONS,0.0000,3
ZA,2023-07,NAPHTHA,PTRANSF,CONVBBL,8910.0000,3
ZA,2023-07,NAPHTHA,PTRANSF,KBBL,-,3
ZA,2023-07,NAPHTHA,PTRANSF,KBD,-,3
ZA,2023-07,NAPHTHA,PTRANSF,KL,-,3
ZA,2023-07,NAPHTHA,PTRANSF,KTONS,-,3
ZA,2023-07,NAPHTHA,RECEIPTS,CONVBBL,8910.0000,3
ZA,2023-07,NAPHTHA,RECEIPTS,KBBL,0.0000,3
ZA,2023-07,NAPHTHA,RECEIPTS,KBD,0.0000,3
ZA,2023-07,NAPHTHA,RECEIPTS,KL,0.0000,3
ZA,2023-07,NAPHTHA,RECEIPTS,KTONS,0.0000,3
ZA,2023-07,NAPHTHA,REFGROUT,CONVBBL,8910.0000,3
ZA,2023-07,NAPHTHA,REFGROUT,KBBL,8.9100,3
ZA,2023-07,NAPHTHA,REFGROUT,KBD,0.2874,3
ZA,2023-07,NAPHTHA,REFGROUT,KL,1.4166,3
ZA,2023-07,NAPHTHA,REFGROUT,KTONS,1.0000,3
ZA,2023-07,NAPHTHA,STATDIFF,CONVBBL,8910.0000,3
ZA,2023-07,NAPHTHA,STATDIFF,KBBL,8.9100,3
ZA,2023-07,NAPHTHA,STATDIFF,KBD,0.2874,3
ZA,2023-07,NAPHTHA,STATDIFF,KL,1.4166,3
ZA,2023-07,NAPHTHA,STATDIFF,KTONS,1.0000,3
ZA,2023-07,NAPHTHA,STOCKCH,CONVBBL,8910.0000,3
ZA,2023-07,NAPHTHA,STOCKCH,KBBL,-8.9100,3
ZA,2023-07,NAPHTHA,STOCKCH,KBD,x,3
ZA,2023-07,NAPHTHA,STOCKCH,KL,-1.4166,3
ZA,2023-07,NAPHTHA,STOCKCH,KTONS,-1.0000,3
ZA,2023-07,NAPHTHA,TOTDEMO,CONVBBL,8910.0000,3
ZA,2023-07,NAPHTHA,TOTDEMO,KBBL,0.0000,3
ZA,2023-07,NAPHTHA,TOTDEMO,KBD,0.0000,3
ZA,2023-07,NAPHTHA,TOTDEMO,KL,0.0000,3
ZA,2023-07,NAPHTHA,TOTDEMO,KTONS,0.0000,3
ZA,2023-07,NAPHTHA,TOTEXPSB,CONVBBL,8910.0000,3
ZA,2023-07,NAPHTHA,TOTEXPSB,KBBL,0.0000,3
ZA,2023-07,NAPHTHA,TOTEXPSB,KBD,0.0000,3
ZA,2023-07,NAPHTHA,TOTEXPSB,KL,0.0000,3
ZA,2023-07,NAPHTHA,TOTEXPSB,KTONS,0.0000,3
ZA,2023-07,NAPHTHA,TOTIMPSB,CONVBBL,8910.0000,3
ZA,2023-07,NAPHTHA,TOTIMPSB,KBBL,0.0000,3
ZA,2023-07,NAPHTHA,TOTIMPSB,KBD,0.0000,3
ZA,2023-07,NAPHTHA,TOTIMPSB,KL,0.0000,3
ZA,2023-07,NAPHTHA,TOTIMPSB,KTONS,0.0000,3
ZA,2023-08,NAPHTHA,CLOSTLV,CONVBBL,8910.0000,3
ZA,2023-08,NAPHTHA,CLOSTLV,KBBL,89.1000,3
ZA,2023-08,NAPHTHA,CLOSTLV,KBD,x,3
ZA,2023-08,NAPHTHA,CLOSTLV,KL,14.1658,3
ZA,2023-08,NAPHTHA,CLOSTLV,KTONS,10.0000,3
ZA,2023-08,NAPHTHA,IPTRANSF,CONVBBL,8910.0000,3
ZA,2023-08,NAPHTHA,IPTRANSF,KBBL,0.0000,3
ZA,2023-08,NAPHTHA,IPTRANSF,KBD,0.0000,3
ZA,2023-08,NAPHTHA,IPTRANSF,KL,0.0000,3
ZA,2023-08,NAPHTHA,IPTRANSF,KTONS,0.0000,3
ZA,2023-08,NAPHTHA,PTRANSF,CONVBBL,8910.0000,3
ZA,2023-08,NAPHTHA,PTRANSF,KBBL,-,3
ZA,2023-08,NAPHTHA,PTRANSF,KBD,-,3
ZA,2023-08,NAPHTHA,PTRANSF,KL,-,3
ZA,2023-08,NAPHTHA,PTRANSF,KTONS,-,3
ZA,2023-08,NAPHTHA,RECEIPTS,CONVBBL,8910.0000,3
ZA,2023-08,NAPHTHA,RECEIPTS,KBBL,0.0000,3
ZA,2023-08,NAPHTHA,RECEIPTS,KBD,0.0000,3
ZA,2023-08,NAPHTHA,RECEIPTS,KL,0.0000,3
ZA,2023-08,NAPHTHA,RECEIPTS,KTONS,0.0000,3
ZA,2023-08,NAPHTHA,REFGROUT,CONVBBL,8910.0000,3
ZA,2023-08,NAPHTHA,REFGROUT,KBBL,8.9100,3
ZA,2023-08,NAPHTHA,REFGROUT,KBD,0.2874,3
ZA,2023-08,NAPHTHA,REFGROUT,KL,1.4166,3
ZA,2023-08,NAPHTHA,REFGROUT,KTONS,1.0000,3
ZA,2023-08,NAPHTHA,STATDIFF,CONVBBL,8910.0000,3
ZA,2023-08,NAPHTHA,STATDIFF,KBBL,8.9100,3
ZA,2023-08,NAPHTHA,STATDIFF,KBD,0.2874,3
ZA,2023-08,NAPHTHA,STATDIFF,KL,1.4166,3
ZA,2023-08,NAPHTHA,STATDIFF,KTONS,1.0000,3
ZA,2023-08,NAPHTHA,STOCKCH,CONVBBL,8910.0000,3
ZA,2023-08,NAPHTHA,STOCKCH,KBBL,-8.9100,3
ZA,2023-08,NAPHTHA,STOCKCH,KBD,x,3
ZA,2023-08,NAPHTHA,STOCKCH,KL,-1.4166,3
ZA,2023-08,NAPHTHA,STOCKCH,KTONS,-1.0000,3
ZA,2023-08,NAPHTHA,TOTDEMO,CONVBBL,8910.0000,3
ZA,2023-08,NAPHTHA,TOTDEMO,KBBL,0.0000,3
ZA,2023-08,NAPHTHA,TOTDEMO,KBD,0.0000,3
ZA,2023-08,NAPHTHA,TOTDEMO,KL,0.0000,3
ZA,2023-08,NAPHTHA,TOTDEMO,KTONS,0.0000,3
ZA,2023-08,NAPHTHA,TOTEXPSB,CONVBBL,8910.0000,3
ZA,2023-08,NAPHTHA,TOTEXPSB,KBBL,0.0000,3
ZA,2023-08,NAPHTHA,TOTEXPSB,KBD,0.0000,3
ZA,2023-08,NAPHTHA,TOTEXPSB,KL,0.0000,3
ZA,2023-08,NAPHTHA,TOTEXPSB,KTONS,0.0000,3
ZA,2023-08,NAPHTHA,TOTIMPSB,CONVBBL,8910.0000,3
ZA,2023-08,NAPHTHA,TOTIMPSB,KBBL,0.0000,3
ZA,2023-08,NAPHTHA,TOTIMPSB,KBD,0.0000,3
ZA,2023-08,NAPHTHA,TOTIMPSB,KL,0.0000,3
ZA,2023-08,NAPHTHA,TOTIMPSB,KTONS,0.0000,3
ZA,2023-09,NAPHTHA,CLOSTLV,CONVBBL,8910.0000,3
ZA,2023-09,NAPHTHA,CLOSTLV,KBBL,89.1000,3
ZA,2023-09,NAPHTHA,CLOSTLV,KBD,x,3
ZA,2023-09,NAPHTHA,CLOSTLV,KL,14.1658,3
ZA,2023-09,NAPHTHA,CLOSTLV,KTONS,10.0000,3
ZA,2023-09,NAPHTHA,IPTRANSF,CONVBBL,8910.0000,3
ZA,2023-09,NAPHTHA,IPTRANSF,KBBL,0.0000,3
ZA,2023-09,NAPHTHA,IPTRANSF,KBD,0.0000,3
ZA,2023-09,NAPHTHA,IPTRANSF,KL,0.0000,3
ZA,2023-09,NAPHTHA,IPTRANSF,KTONS,0.0000,3
ZA,2023-09,NAPHTHA,PTRANSF,CONVBBL,8910.0000,3
ZA,2023-09,NAPHTHA,PTRANSF,KBBL,-,3
ZA,2023-09,NAPHTHA,PTRANSF,KBD,-,3
ZA,2023-09,NAPHTHA,PTRANSF,KL,-,3
ZA,2023-09,NAPHTHA,PTRANSF,KTONS,-,3
ZA,2023-09,NAPHTHA,RECEIPTS,CONVBBL,8910.0000,3
ZA,2023-09,NAPHTHA,RECEIPTS,KBBL,0.0000,3
ZA,2023-09,NAPHTHA,RECEIPTS,KBD,0.0000,3
ZA,2023-09,NAPHTHA,RECEIPTS,KL,0.0000,3
ZA,2023-09,NAPHTHA,RECEIPTS,KTONS,0.0000,3
ZA,2023-09,NAPHTHA,REFGROUT,CONVBBL,8910.0000,3
ZA,2023-09,NAPHTHA,REFGROUT,KBBL,8.9100,3
ZA,2023-09,NAPHTHA,REFGROUT,KBD,0.2970,3
ZA,2023-09,NAPHTHA,REFGROUT,KL,1.4166,3
ZA,2023-09,NAPHTHA,REFGROUT,KTONS,1.0000,3
ZA,2023-09,NAPHTHA,STATDIFF,CONVBBL,8910.0000,3
ZA,2023-09,NAPHTHA,STATDIFF,KBBL,8.9100,3
ZA,2023-09,NAPHTHA,STATDIFF,KBD,0.2970,3
ZA,2023-09,NAPHTHA,STATDIFF,KL,1.4166,3
ZA,2023-09,NAPHTHA,STATDIFF,KTONS,1.0000,3
ZA,2023-09,NAPHTHA,STOCKCH,CONVBBL,8910.0000,3
ZA,2023-09,NAPHTHA,STOCKCH,KBBL,-8.9100,3
ZA,2023-09,NAPHTHA,STOCKCH,KBD,x,3
ZA,2023-09,NAPHTHA,STOCKCH,KL,-1.4166,3
ZA,2023-09,NAPHTHA,STOCKCH,KTONS,-1.0000,3
ZA,2023-09,NAPHTHA,TOTDEMO,CONVBBL,8910.0000,3
ZA,2023-09,NAPHTHA,TOTDEMO,KBBL,0.0000,3
ZA,2023-09,NAPHTHA,TOTDEMO,KBD,0.0000,3
ZA,2023-09,NAPHTHA,TOTDEMO,KL,0.0000,3
ZA,2023-09,NAPHTHA,TOTDEMO,KTONS,0.0000,3
ZA,2023-09,NAPHTHA,TOTEXPSB,CONVBBL,8910.0000,3
ZA,2023-09,NAPHTHA,TOTEXPSB,KBBL,0.0000,3
ZA,2023-09,NAPHTHA,TOTEXPSB,KBD,0.0000,3
ZA,2023-09,NAPHTHA,TOTEXPSB,KL,0.0000,3
ZA,2023-09,NAPHTHA,TOTEXPSB,KTONS,0.0000,3
ZA,2023-09,NAPHTHA,TOTIMPSB,CONVBBL,8910.0000,3
ZA,2023-09,NAPHTHA,TOTIMPSB,KBBL,0.0000,3
ZA,2023-09,NAPHTHA,TOTIMPSB,KBD,0.0000,3
ZA,2023-09,NAPHTHA,TOTIMPSB,KL,0.0000,3
ZA,2023-09,NAPHTHA,TOTIMPSB,KTONS,0.0000,3
ZA,2023-10,NAPHTHA,CLOSTLV,CONVBBL,8910.0000,3
ZA,2023-10,NAPHTHA,CLOSTLV,KBBL,89.1000,3
ZA,2023-10,NAPHTHA,CLOSTLV,KBD,x,3
ZA,2023-10,NAPHTHA,CLOSTLV,KL,14.1658,3
ZA,2023-10,NAPHTHA,CLOSTLV,KTONS,10.0000,3
ZA,2023-10,NAPHTHA,IPTRANSF,CONVBBL,8910.0000,3
ZA,2023-10,NAPHTHA,IPTRANSF,KBBL,0.0000,3
ZA,2023-10,NAPHTHA,IPTRANSF,KBD,0.0000,3
ZA,2023-10,NAPHTHA,IPTRANSF,KL,0.0000,3
ZA,2023-10,NAPHTHA,IPTRANSF,KTONS,0.0000,3
ZA,2023-10,NAPHTHA,PTRANSF,CONVBBL,8910.0000,3
ZA,2023-10,NAPHTHA,PTRANSF,KBBL,-,3
ZA,2023-10,NAPHTHA,PTRANSF,KBD,-,3
ZA,2023-10,NAPHTHA,PTRANSF,KL,-,3
ZA,2023-10,NAPHTHA,PTRANSF,KTONS,-,3
ZA,2023-10,NAPHTHA,RECEIPTS,CONVBBL,8910.0000,3
ZA,2023-10,NAPHTHA,RECEIPTS,KBBL,0.0000,3
ZA,2023-10,NAPHTHA,RECEIPTS,KBD,0.0000,3
ZA,2023-10,NAPHTHA,RECEIPTS,KL,0.0000,3
ZA,2023-10,NAPHTHA,RECEIPTS,KTONS,0.0000,3
ZA,2023-10,NAPHTHA,REFGROUT,CONVBBL,8910.0000,3
ZA,2023-10,NAPHTHA,REFGROUT,KBBL,8.9100,3
ZA,2023-10,NAPHTHA,REFGROUT,KBD,0.2874,3
ZA,2023-10,NAPHTHA,REFGROUT,KL,1.4166,3
ZA,2023-10,NAPHTHA,REFGROUT,KTONS,1.0000,3
ZA,2023-10,NAPHTHA,STATDIFF,CONVBBL,8910.0000,3
ZA,2023-10,NAPHTHA,STATDIFF,KBBL,8.9100,3
ZA,2023-10,NAPHTHA,STATDIFF,KBD,0.2874,3
ZA,2023-10,NAPHTHA,STATDIFF,KL,1.4166,3
ZA,2023-10,NAPHTHA,STATDIFF,KTONS,1.0000,3
ZA,2023-10,NAPHTHA,STOCKCH,CONVBBL,8910.0000,3
ZA,2023-10,NAPHTHA,STOCKCH,KBBL,-8.9100,3
ZA,2023-10,NAPHTHA,STOCKCH,KBD,x,3
ZA,2023-10,NAPHTHA,STOCKCH,KL,-1.4166,3
ZA,2023-10,NAPHTHA,STOCKCH,KTONS,-1.0000,3
ZA,2023-10,NAPHTHA,TOTDEMO,CONVBBL,8910.0000,3
ZA,2023-10,NAPHTHA,TOTDEMO,KBBL,0.0000,3
ZA,2023-10,NAPHTHA,TOTDEMO,KBD,0.0000,3
ZA,2023-10,NAPHTHA,TOTDEMO,KL,0.0000,3
ZA,2023-10,NAPHTHA,TOTDEMO,KTONS,0.0000,3
ZA,2023-10,NAPHTHA,TOTEXPSB,CONVBBL,8910.0000,3
ZA,2023-10,NAPHTHA,TOTEXPSB,KBBL,0.0000,3
ZA,2023-10,NAPHTHA,TOTEXPSB,KBD,0.0000,3
ZA,2023-10,NAPHTHA,TOTEXPSB,KL,0.0000,3
ZA,2023-10,NAPHTHA,TOTEXPSB,KTONS,0.0000,3
ZA,2023-10,NAPHTHA,TOTIMPSB,CONVBBL,8910.0000,3
ZA,2023-10,NAPHTHA,TOTIMPSB,KBBL,0.0000,3
ZA,2023-10,NAPHTHA,TOTIMPSB,KBD,0.0000,3
ZA,2023-10,NAPHTHA,TOTIMPSB,KL,0.0000,3
ZA,2023-10,NAPHTHA,TOTIMPSB,KTONS,0.0000,3
ZA,2023-11,NAPHTHA,CLOSTLV,CONVBBL,8910.0000,3
ZA,2023-11,NAPHTHA,CLOSTLV,KBBL,89.1000,3
ZA,2023-11,NAPHTHA,CLOSTLV,KBD,x,3
ZA,2023-11,NAPHTHA,CLOSTLV,KL,14.1658,3
ZA,2023-11,NAPHTHA,CLOSTLV,KTONS,10.0000,3
ZA,2023-11,NAPHTHA,IPTRANSF,CONVBBL,8910.0000,3
ZA,2023-11,NAPHTHA,IPTRANSF,KBBL,0.0000,3
ZA,2023-11,NAPHTHA,IPTRANSF,KBD,0.0000,3
ZA,2023-11,NAPHTHA,IPTRANSF,KL,0.0000,3
ZA,2023-11,NAPHTHA,IPTRANSF,KTONS,0.0000,3
ZA,2023-11,NAPHTHA,PTRANSF,CONVBBL,8910.0000,3
ZA,2023-11,NAPHTHA,PTRANSF,KBBL,-,3
ZA,2023-11,NAPHTHA,PTRANSF,KBD,-,3
ZA,2023-11,NAPHTHA,PTRANSF,KL,-,3
ZA,2023-11,NAPHTHA,PTRANSF,KTONS,-,3
ZA,2023-11,NAPHTHA,RECEIPTS,CONVBBL,8910.0000,3
ZA,2023-11,NAPHTHA,RECEIPTS,KBBL,0.0000,3
ZA,2023-11,NAPHTHA,RECEIPTS,KBD,0.0000,3
ZA,2023-11,NAPHTHA,RECEIPTS,KL,0.0000,3
ZA,2023-11,NAPHTHA,RECEIPTS,KTONS,0.0000,3
ZA,2023-11,NAPHTHA,REFGROUT,CONVBBL,8910.0000,3
ZA,2023-11,NAPHTHA,REFGROUT,KBBL,8.9100,3
ZA,2023-11,NAPHTHA,REFGROUT,KBD,0.2970,3
ZA,2023-11,NAPHTHA,REFGROUT,KL,1.4166,3
ZA,2023-11,NAPHTHA,REFGROUT,KTONS,1.0000,3
ZA,2023-11,NAPHTHA,STATDIFF,CONVBBL,8910.0000,3
ZA,2023-11,NAPHTHA,STATDIFF,KBBL,8.9100,3
ZA,2023-11,NAPHTHA,STATDIFF,KBD,0.2970,3
ZA,2023-11,NAPHTHA,STATDIFF,KL,1.4166,3
ZA,2023-11,NAPHTHA,STATDIFF,KTONS,1.0000,3
ZA,2023-11,NAPHTHA,STOCKCH,CONVBBL,8910.0000,3
ZA,2023-11,NAPHTHA,STOCKCH,KBBL,-8.9100,3
ZA,2023-11,NAPHTHA,STOCKCH,KBD,x,3
ZA,2023-11,NAPHTHA,STOCKCH,KL,-1.4166,3
ZA,2023-11,NAPHTHA,STOCKCH,KTONS,-1.0000,3
ZA,2023-11,NAPHTHA,TOTDEMO,CONVBBL,8910.0000,3
ZA,2023-11,NAPHTHA,TOTDEMO,KBBL,0.0000,3
ZA,2023-11,NAPHTHA,TOTDEMO,KBD,0.0000,3
ZA,2023-11,NAPHTHA,TOTDEMO,KL,0.0000,3
ZA,2023-11,NAPHTHA,TOTDEMO,KTONS,0.0000,3
ZA,2023-11,NAPHTHA,TOTEXPSB,CONVBBL,8910.0000,3
ZA,2023-11,NAPHTHA,TOTEXPSB,KBBL,0.0000,3
ZA,2023-11,NAPHTHA,TOTEXPSB,KBD,0.0000,3
ZA,2023-11,NAPHTHA,TOTEXPSB,KL,0.0000,3
ZA,2023-11,NAPHTHA,TOTEXPSB,KTONS,0.0000,3
ZA,2023-11,NAPHTHA,TOTIMPSB,CONVBBL,8910.0000,3
ZA,2023-11,NAPHTHA,TOTIMPSB,KBBL,0.0000,3
ZA,2023-11,NAPHTHA,TOTIMPSB,KBD,0.0000,3
ZA,2023-11,NAPHTHA,TOTIMPSB,KL,0.0000,3
ZA,2023-11,NAPHTHA,TOTIMPSB,KTONS,0.0000,3
ZA,2023-12,NAPHTHA,CLOSTLV,CONVBBL,8910.0000,3
ZA,2023-12,NAPHTHA,CLOSTLV,KBBL,71.2800,3
ZA,2023-12,NAPHTHA,CLOSTLV,KBD,x,3
ZA,2023-12,NAPHTHA,CLOSTLV,KL,11.3326,3
ZA,2023-12,NAPHTHA,CLOSTLV,KTONS,8.0000,3
ZA,2023-12,NAPHTHA,IPTRANSF,CONVBBL,8910.0000,3
ZA,2023-12,NAPHTHA,IPTRANSF,KBBL,0.0000,3
ZA,2023-12,NAPHTHA,IPTRANSF,KBD,0.0000,3
ZA,2023-12,NAPHTHA,IPTRANSF,KL,0.0000,3
ZA,2023-12,NAPHTHA,IPTRANSF,KTONS,0.0000,3
ZA,2023-12,NAPHTHA,PTRANSF,CONVBBL,8910.0000,3
ZA,2023-12,NAPHTHA,PTRANSF,KBBL,-,3
ZA,2023-12,NAPHTHA,PTRANSF,KBD,-,3
ZA,2023-12,NAPHTHA,PTRANSF,KL,-,3
ZA,2023-12,NAPHTHA,PTRANSF,KTONS,-,3
ZA,2023-12,NAPHTHA,RECEIPTS,CONVBBL,8910.0000,3
ZA,2023-12,NAPHTHA,RECEIPTS,KBBL,0.0000,3
ZA,2023-12,NAPHTHA,RECEIPTS,KBD,0.0000,3
ZA,2023-12,NAPHTHA,RECEIPTS,KL,0.0000,3
ZA,2023-12,NAPHTHA,RECEIPTS,KTONS,0.0000,3
ZA,2023-12,NAPHTHA,REFGROUT,CONVBBL,8910.0000,3
ZA,2023-12,NAPHTHA,REFGROUT,KBBL,8.9100,3
ZA,2023-12,NAPHTHA,REFGROUT,KBD,0.2874,3
ZA,2023-12,NAPHTHA,REFGROUT,KL,1.4166,3
ZA,2023-12,NAPHTHA,REFGROUT,KTONS,1.0000,3
ZA,2023-12,NAPHTHA,STATDIFF,CONVBBL,8910.0000,3
ZA,2023-12,NAPHTHA,STATDIFF,KBBL,26.7300,3
ZA,2023-12,NAPHTHA,STATDIFF,KBD,0.8623,3
ZA,2023-12,NAPHTHA,STATDIFF,KL,4.2497,3
ZA,2023-12,NAPHTHA,STATDIFF,KTONS,3.0000,3
ZA,2023-12,NAPHTHA,STOCKCH,CONVBBL,8910.0000,3
ZA,2023-12,NAPHTHA,STOCKCH,KBBL,-8.9100,3
ZA,2023-12,NAPHTHA,STOCKCH,KBD,x,3
ZA,2023-12,NAPHTHA,STOCKCH,KL,-1.4166,3
ZA,2023-12,NAPHTHA,STOCKCH,KTONS,-1.0000,3
ZA,2023-12,NAPHTHA,TOTDEMO,CONVBBL,8910.0000,3
ZA,2023-12,NAPHTHA,TOTDEMO,KBBL,0.0000,3
ZA,2023-12,NAPHTHA,TOTDEMO,KBD,0.0000,3
ZA,2023-12,NAPHTHA,TOTDEMO,KL,0.0000,3
ZA,2023-12,NAPHTHA,TOTDEMO,KTONS,0.0000,3
ZA,2023-12,NAPHTHA,TOTEXPSB,CONVBBL,8910.0000,3
ZA,2023-12,NAPHTHA,TOTEXPSB,KBBL,0.0000,3
ZA,2023-12,NAPHTHA,TOTEXPSB,KBD,0.0000,3
ZA,2023-12,NAPHTHA,TOTEXPSB,KL,0.0000,3
ZA,2023-12,NAPHTHA,TOTEXPSB,KTONS,0.0000,3
ZA,2023-12,NAPHTHA,TOTIMPSB,CONVBBL,8910.0000,3
ZA,2023-12,NAPHTHA,TOTIMPSB,KBBL,0.0000,3
ZA,2023-12,NAPHTHA,TOTIMPSB,KBD,0.0000,3
ZA,2023-12,NAPHTHA,TOTIMPSB,KL,0.0000,3
ZA,2023-12,NAPHTHA,TOTIMPSB,KTONS,0.0000,3
ZA,2023-01,ONONSPEC,CLOSTLV,CONVBBL,0.0000,3
ZA,2023-01,ONONSPEC,CLOSTLV,KBBL,0.0000,3
ZA,2023-01,ONONSPEC,CLOSTLV,KBD,x,3
ZA,2023-01,ONONSPEC,CLOSTLV,KL,0.0000,3
ZA,2023-01,ONONSPEC,CLOSTLV,KTONS,97.0000,3
ZA,2023-01,ONONSPEC,IPTRANSF,CONVBBL,0.0000,3
ZA,2023-01,ONONSPEC,IPTRANSF,KBBL,0.0000,3
ZA,2023-01,ONONSPEC,IPTRANSF,KBD,0.0000,3
ZA,2023-01,ONONSPEC,IPTRANSF,KL,0.0000,3
ZA,2023-01,ONONSPEC,IPTRANSF,KTONS,0.0000,3
ZA,2023-01,ONONSPEC,PTRANSF,CONVBBL,0.0000,3
ZA,2023-01,ONONSPEC,PTRANSF,KBBL,-,3
ZA,2023-01,ONONSPEC,PTRANSF,KBD,-,3
ZA,2023-01,ONONSPEC,PTRANSF,KL,-,3
ZA,2023-01,ONONSPEC,PTRANSF,KTONS,-,3
ZA,2023-01,ONONSPEC,RECEIPTS,CONVBBL,0.0000,3
ZA,2023-01,ONONSPEC,RECEIPTS,KBBL,0.0000,3
ZA,2023-01,ONONSPEC,RECEIPTS,KBD,0.0000,3
ZA,2023-01,ONONSPEC,RECEIPTS,KL,0.0000,3
ZA,2023-01,ONONSPEC,RECEIPTS,KTONS,0.0000,3
ZA,2023-01,ONONSPEC,REFGROUT,CONVBBL,0.0000,3
ZA,2023-01,ONONSPEC,REFGROUT,KBBL,0.0000,3
ZA,2023-01,ONONSPEC,REFGROUT,KBD,0.0000,3
ZA,2023-01,ONONSPEC,REFGROUT,KL,0.0000,3
ZA,2023-01,ONONSPEC,REFGROUT,KTONS,174.0000,3
ZA,2023-01,ONONSPEC,STATDIFF,CONVBBL,0.0000,3
ZA,2023-01,ONONSPEC,STATDIFF,KBBL,0.0000,3
ZA,2023-01,ONONSPEC,STATDIFF,KBD,0.0000,3
ZA,2023-01,ONONSPEC,STATDIFF,KL,0.0000,3
ZA,2023-01,ONONSPEC,STATDIFF,KTONS,136.0000,3
ZA,2023-01,ONONSPEC,STOCKCH,CONVBBL,0.0000,3
ZA,2023-01,ONONSPEC,STOCKCH,KBBL,0.0000,3
ZA,2023-01,ONONSPEC,STOCKCH,KBD,x,3
ZA,2023-01,ONONSPEC,STOCKCH,KL,0.0000,3
ZA,2023-01,ONONSPEC,STOCKCH,KTONS,14.0000,3
ZA,2023-01,ONONSPEC,TOTDEMO,CONVBBL,0.0000,3
ZA,2023-01,ONONSPEC,TOTDEMO,KBBL,0.0000,3
ZA,2023-01,ONONSPEC,TOTDEMO,KBD,0.0000,3
ZA,2023-01,ONONSPEC,TOTDEMO,KL,0.0000,3
ZA,2023-01,ONONSPEC,TOTDEMO,KTONS,67.0000,3
ZA,2023-01,ONONSPEC,TOTEXPSB,CONVBBL,0.0000,3
ZA,2023-01,ONONSPEC,TOTEXPSB,KBBL,0.0000,3
ZA,2023-01,ONONSPEC,TOTEXPSB,KBD,0.0000,3
ZA,2023-01,ONONSPEC,TOTEXPSB,KL,0.0000,3
ZA,2023-01,ONONSPEC,TOTEXPSB,KTONS,0.0000,3
ZA,2023-01,ONONSPEC,TOTIMPSB,CONVBBL,0.0000,3
ZA,2023-01,ONONSPEC,TOTIMPSB,KBBL,0.0000,3
ZA,2023-01,ONONSPEC,TOTIMPSB,KBD,0.0000,3
ZA,2023-01,ONONSPEC,TOTIMPSB,KL,0.0000,3
ZA,2023-01,ONONSPEC,TOTIMPSB,KTONS,44.0000,3
ZA,2023-02,ONONSPEC,CLOSTLV,CONVBBL,0.0000,3
ZA,2023-02,ONONSPEC,CLOSTLV,KBBL,0.0000,3
ZA,2023-02,ONONSPEC,CLOSTLV,KBD,x,3
ZA,2023-02,ONONSPEC,CLOSTLV,KL,0.0000,3
ZA,2023-02,ONONSPEC,CLOSTLV,KTONS,67.0000,3
ZA,2023-02,ONONSPEC,IPTRANSF,CONVBBL,0.0000,3
ZA,2023-02,ONONSPEC,IPTRANSF,KBBL,0.0000,3
ZA,2023-02,ONONSPEC,IPTRANSF,KBD,0.0000,3
ZA,2023-02,ONONSPEC,IPTRANSF,KL,0.0000,3
ZA,2023-02,ONONSPEC,IPTRANSF,KTONS,0.0000,3
ZA,2023-02,ONONSPEC,PTRANSF,CONVBBL,0.0000,3
ZA,2023-02,ONONSPEC,PTRANSF,KBBL,-,3
ZA,2023-02,ONONSPEC,PTRANSF,KBD,-,3
ZA,2023-02,ONONSPEC,PTRANSF,KL,-,3
ZA,2023-02,ONONSPEC,PTRANSF,KTONS,-,3
ZA,2023-02,ONONSPEC,RECEIPTS,CONVBBL,0.0000,3
ZA,2023-02,ONONSPEC,RECEIPTS,KBBL,0.0000,3
ZA,2023-02,ONONSPEC,RECEIPTS,KBD,0.0000,3
ZA,2023-02,ONONSPEC,RECEIPTS,KL,0.0000,3
ZA,2023-02,ONONSPEC,RECEIPTS,KTONS,0.0000,3
ZA,2023-02,ONONSPEC,REFGROUT,CONVBBL,0.0000,3
ZA,2023-02,ONONSPEC,REFGROUT,KBBL,0.0000,3
ZA,2023-02,ONONSPEC,REFGROUT,KBD,0.0000,3
ZA,2023-02,ONONSPEC,REFGROUT,KL,0.0000,3
ZA,2023-02,ONONSPEC,REFGROUT,KTONS,179.0000,3
ZA,2023-02,ONONSPEC,STATDIFF,CONVBBL,0.0000,3
ZA,2023-02,ONONSPEC,STATDIFF,KBBL,0.0000,3
ZA,2023-02,ONONSPEC,STATDIFF,KBD,0.0000,3
ZA,2023-02,ONONSPEC,STATDIFF,KL,0.0000,3
ZA,2023-02,ONONSPEC,STATDIFF,KTONS,214.0000,3
ZA,2023-02,ONONSPEC,STOCKCH,CONVBBL,0.0000,3
ZA,2023-02,ONONSPEC,STOCKCH,KBBL,0.0000,3
ZA,2023-02,ONONSPEC,STOCKCH,KBD,x,3
ZA,2023-02,ONONSPEC,STOCKCH,KL,0.0000,3
ZA,2023-02,ONONSPEC,STOCKCH,KTONS,-33.0000,3
ZA,2023-02,ONONSPEC,TOTDEMO,CONVBBL,0.0000,3
ZA,2023-02,ONONSPEC,TOTDEMO,KBBL,0.0000,3
ZA,2023-02,ONONSPEC,TOTDEMO,KBD,0.0000,3
ZA,2023-02,ONONSPEC,TOTDEMO,KL,0.0000,3
ZA,2023-02,ONONSPEC,TOTDEMO,KTONS,63.0000,3
ZA,2023-02,ONONSPEC,TOTEXPSB,CONVBBL,0.0000,3
ZA,2023-02,ONONSPEC,TOTEXPSB,KBBL,0.0000,3
ZA,2023-02,ONONSPEC,TOTEXPSB,KBD,0.0000,3
ZA,2023-02,ONONSPEC,TOTEXPSB,KL,0.0000,3
ZA,2023-02,ONONSPEC,TOTEXPSB,KTONS,0.0000,3
ZA,2023-02,ONONSPEC,TOTIMPSB,CONVBBL,0.0000,3
ZA,2023-02,ONONSPEC,TOTIMPSB,KBBL,0.0000,3
ZA,2023-02,ONONSPEC,TOTIMPSB,KBD,0.0000,3
ZA,2023-02,ONONSPEC,TOTIMPSB,KL,0.0000,3
ZA,2023-02,ONONSPEC,TOTIMPSB,KTONS,65.0000,3
ZA,2023-03,ONONSPEC,CLOSTLV,CONVBBL,0.0000,3
ZA,2023-03,ONONSPEC,CLOSTLV,KBBL,0.0000,3
ZA,2023-03,ONONSPEC,CLOSTLV,KBD,x,3
ZA,2023-03,ONONSPEC,CLOSTLV,KL,0.0000,3
ZA,2023-03,ONONSPEC,CLOSTLV,KTONS,98.0000,3
ZA,2023-03,ONONSPEC,IPTRANSF,CONVBBL,0.0000,3
ZA,2023-03,ONONSPEC,IPTRANSF,KBBL,0.0000,3
ZA,2023-03,ONONSPEC,IPTRANSF,KBD,0.0000,3
ZA,2023-03,ONONSPEC,IPTRANSF,KL,0.0000,3
ZA,2023-03,ONONSPEC,IPTRANSF,KTONS,0.0000,3
ZA,2023-03,ONONSPEC,PTRANSF,CONVBBL,0.0000,3
ZA,2023-03,ONONSPEC,PTRANSF,KBBL,-,3
ZA,2023-03,ONONSPEC,PTRANSF,KBD,-,3
ZA,2023-03,ONONSPEC,PTRANSF,KL,-,3
ZA,2023-03,ONONSPEC,PTRANSF,KTONS,-,3
ZA,2023-03,ONONSPEC,RECEIPTS,CONVBBL,0.0000,3
ZA,2023-03,ONONSPEC,RECEIPTS,KBBL,0.0000,3
ZA,2023-03,ONONSPEC,RECEIPTS,KBD,0.0000,3
ZA,2023-03,ONONSPEC,RECEIPTS,KL,0.0000,3
ZA,2023-03,ONONSPEC,RECEIPTS,KTONS,0.0000,3
ZA,2023-03,ONONSPEC,REFGROUT,CONVBBL,0.0000,3
ZA,2023-03,ONONSPEC,REFGROUT,KBBL,0.0000,3
ZA,2023-03,ONONSPEC,REFGROUT,KBD,0.0000,3
ZA,2023-03,ONONSPEC,REFGROUT,KL,0.0000,3
ZA,2023-03,ONONSPEC,REFGROUT,KTONS,205.0000,3
ZA,2023-03,ONONSPEC,STATDIFF,CONVBBL,0.0000,3
ZA,2023-03,ONONSPEC,STATDIFF,KBBL,0.0000,3
ZA,2023-03,ONONSPEC,STATDIFF,KBD,0.0000,3
ZA,2023-03,ONONSPEC,STATDIFF,KL,0.0000,3
ZA,2023-03,ONONSPEC,STATDIFF,KTONS,106.0000,3
ZA,2023-03,ONONSPEC,STOCKCH,CONVBBL,0.0000,3
ZA,2023-03,ONONSPEC,STOCKCH,KBBL,0.0000,3
ZA,2023-03,ONONSPEC,STOCKCH,KBD,x,3
ZA,2023-03,ONONSPEC,STOCKCH,KL,0.0000,3
ZA,2023-03,ONONSPEC,STOCKCH,KTONS,27.0000,3
ZA,2023-03,ONONSPEC,TOTDEMO,CONVBBL,0.0000,3
ZA,2023-03,ONONSPEC,TOTDEMO,KBBL,0.0000,3
ZA,2023-03,ONONSPEC,TOTDEMO,KBD,0.0000,3
ZA,2023-03,ONONSPEC,TOTDEMO,KL,0.0000,3
ZA,2023-03,ONONSPEC,TOTDEMO,KTONS,95.0000,3
ZA,2023-03,ONONSPEC,TOTEXPSB,CONVBBL,0.0000,3
ZA,2023-03,ONONSPEC,TOTEXPSB,KBBL,0.0000,3
ZA,2023-03,ONONSPEC,TOTEXPSB,KBD,0.0000,3
ZA,2023-03,ONONSPEC,TOTEXPSB,KL,0.0000,3
ZA,2023-03,ONONSPEC,TOTEXPSB,KTONS,1.0000,3
ZA,2023-03,ONONSPEC,TOTIMPSB,CONVBBL,0.0000,3
ZA,2023-03,ONONSPEC,TOTIMPSB,KBBL,0.0000,3
ZA,2023-03,ONONSPEC,TOTIMPSB,KBD,0.0000,3
ZA,2023-03,ONONSPEC,TOTIMPSB,KL,0.0000,3
ZA,2023-03,ONONSPEC,TOTIMPSB,KTONS,23.0000,3
ZA,2023-04,ONONSPEC,CLOSTLV,CONVBBL,0.0000,3
ZA,2023-04,ONONSPEC,CLOSTLV,KBBL,0.0000,3
ZA,2023-04,ONONSPEC,CLOSTLV,KBD,x,3
ZA,2023-04,ONONSPEC,CLOSTLV,KL,0.0000,3
ZA,2023-04,ONONSPEC,CLOSTLV,KTONS,140.0000,3
ZA,2023-04,ONONSPEC,IPTRANSF,CONVBBL,0.0000,3
ZA,2023-04,ONONSPEC,IPTRANSF,KBBL,0.0000,3
ZA,2023-04,ONONSPEC,IPTRANSF,KBD,0.0000,3
ZA,2023-04,ONONSPEC,IPTRANSF,KL,0.0000,3
ZA,2023-04,ONONSPEC,IPTRANSF,KTONS,0.0000,3
ZA,2023-04,ONONSPEC,PTRANSF,CONVBBL,0.0000,3
ZA,2023-04,ONONSPEC,PTRANSF,KBBL,-,3
ZA,2023-04,ONONSPEC,PTRANSF,KBD,-,3
ZA,2023-04,ONONSPEC,PTRANSF,KL,-,3
ZA,2023-04,ONONSPEC,PTRANSF,KTONS,-,3
ZA,2023-04,ONONSPEC,RECEIPTS,CONVBBL,0.0000,3
ZA,2023-04,ONONSPEC,RECEIPTS,KBBL,0.0000,3
ZA,2023-04,ONONSPEC,RECEIPTS,KBD,0.0000,3
ZA,2023-04,ONONSPEC,RECEIPTS,KL,0.0000,3
ZA,2023-04,ONONSPEC,RECEIPTS,KTONS,0.0000,3
ZA,2023-04,ONONSPEC,REFGROUT,CONVBBL,0.0000,3
ZA,2023-04,ONONSPEC,REFGROUT,KBBL,0.0000,3
ZA,2023-04,ONONSPEC,REFGROUT,KBD,0.0000,3
ZA,2023-04,ONONSPEC,REFGROUT,KL,0.0000,3
ZA,2023-04,ONONSPEC,REFGROUT,KTONS,198.0000,3
ZA,2023-04,ONONSPEC,STATDIFF,CONVBBL,0.0000,3
ZA,2023-04,ONONSPEC,STATDIFF,KBBL,0.0000,3
ZA,2023-04,ONONSPEC,STATDIFF,KBD,0.0000,3
ZA,2023-04,ONONSPEC,STATDIFF,KL,0.0000,3
ZA,2023-04,ONONSPEC,STATDIFF,KTONS,114.0000,3
ZA,2023-04,ONONSPEC,STOCKCH,CONVBBL,0.0000,3
ZA,2023-04,ONONSPEC,STOCKCH,KBBL,0.0000,3
ZA,2023-04,ONONSPEC,STOCKCH,KBD,x,3
ZA,2023-04,ONONSPEC,STOCKCH,KL,0.0000,3
ZA,2023-04,ONONSPEC,STOCKCH,KTONS,41.0000,3
ZA,2023-04,ONONSPEC,TOTDEMO,CONVBBL,0.0000,3
ZA,2023-04,ONONSPEC,TOTDEMO,KBBL,0.0000,3
ZA,2023-04,ONONSPEC,TOTDEMO,KBD,0.0000,3
ZA,2023-04,ONONSPEC,TOTDEMO,KL,0.0000,3
ZA,2023-04,ONONSPEC,TOTDEMO,KTONS,46.0000,3
ZA,2023-04,ONONSPEC,TOTEXPSB,CONVBBL,0.0000,3
ZA,2023-04,ONONSPEC,TOTEXPSB,KBBL,0.0000,3
ZA,2023-04,ONONSPEC,TOTEXPSB,KBD,0.0000,3
ZA,2023-04,ONONSPEC,TOTEXPSB,KL,0.0000,3
ZA,2023-04,ONONSPEC,TOTEXPSB,KTONS,0.0000,3
ZA,2023-04,ONONSPEC,TOTIMPSB,CONVBBL,0.0000,3
ZA,2023-04,ONONSPEC,TOTIMPSB,KBBL,0.0000,3
ZA,2023-04,ONONSPEC,TOTIMPSB,KBD,0.0000,3
ZA,2023-04,ONONSPEC,TOTIMPSB,KL,0.0000,3
ZA,2023-04,ONONSPEC,TOTIMPSB,KTONS,3.0000,3
ZA,2023-05,ONONSPEC,CLOSTLV,CONVBBL,0.0000,3
ZA,2023-05,ONONSPEC,CLOSTLV,KBBL,0.0000,3
ZA,2023-05,ONONSPEC,CLOSTLV,KBD,x,3
ZA,2023-05,ONONSPEC,CLOSTLV,KL,0.0000,3
ZA,2023-05,ONONSPEC,CLOSTLV,KTONS,69.0000,3
ZA,2023-05,ONONSPEC,IPTRANSF,CONVBBL,0.0000,3
ZA,2023-05,ONONSPEC,IPTRANSF,KBBL,0.0000,3
ZA,2023-05,ONONSPEC,IPTRANSF,KBD,0.0000,3
ZA,2023-05,ONONSPEC,IPTRANSF,KL,0.0000,3
ZA,2023-05,ONONSPEC,IPTRANSF,KTONS,0.0000,3
ZA,2023-05,ONONSPEC,PTRANSF,CONVBBL,0.0000,3
ZA,2023-05,ONONSPEC,PTRANSF,KBBL,-,3
ZA,2023-05,ONONSPEC,PTRANSF,KBD,-,3
ZA,2023-05,ONONSPEC,PTRANSF,KL,-,3
ZA,2023-05,ONONSPEC,PTRANSF,KTONS,-,3
ZA,2023-05,ONONSPEC,RECEIPTS,CONVBBL,0.0000,3
ZA,2023-05,ONONSPEC,RECEIPTS,KBBL,0.0000,3
ZA,2023-05,ONONSPEC,RECEIPTS,KBD,0.0000,3
ZA,2023-05,ONONSPEC,RECEIPTS,KL,0.0000,3
ZA,2023-05,ONONSPEC,RECEIPTS,KTONS,0.0000,3
ZA,2023-05,ONONSPEC,REFGROUT,CONVBBL,0.0000,3
ZA,2023-05,ONONSPEC,REFGROUT,KBBL,0.0000,3
ZA,2023-05,ONONSPEC,REFGROUT,KBD,0.0000,3
ZA,2023-05,ONONSPEC,REFGROUT,KL,0.0000,3
ZA,2023-05,ONONSPEC,REFGROUT,KTONS,122.0000,3
ZA,2023-05,ONONSPEC,STATDIFF,CONVBBL,0.0000,3
ZA,2023-05,ONONSPEC,STATDIFF,KBBL,0.0000,3
ZA,2023-05,ONONSPEC,STATDIFF,KBD,0.0000,3
ZA,2023-05,ONONSPEC,STATDIFF,KL,0.0000,3
ZA,2023-05,ONONSPEC,STATDIFF,KTONS,133.0000,3
ZA,2023-05,ONONSPEC,STOCKCH,CONVBBL,0.0000,3
ZA,2023-05,ONONSPEC,STOCKCH,KBBL,0.0000,3
ZA,2023-05,ONONSPEC,STOCKCH,KBD,x,3
ZA,2023-05,ONONSPEC,STOCKCH,KL,0.0000,3
ZA,2023-05,ONONSPEC,STOCKCH,KTONS,-74.0000,3
ZA,2023-05,ONONSPEC,TOTDEMO,CONVBBL,0.0000,3
ZA,2023-05,ONONSPEC,TOTDEMO,KBBL,0.0000,3
ZA,2023-05,ONONSPEC,TOTDEMO,KBD,0.0000,3
ZA,2023-05,ONONSPEC,TOTDEMO,KL,0.0000,3
ZA,2023-05,ONONSPEC,TOTDEMO,KTONS,65.0000,3
ZA,2023-05,ONONSPEC,TOTEXPSB,CONVBBL,0.0000,3
ZA,2023-05,ONONSPEC,TOTEXPSB,KBBL,0.0000,3
ZA,2023-05,ONONSPEC,TOTEXPSB,KBD,0.0000,3
ZA,2023-05,ONONSPEC,TOTEXPSB,KL,0.0000,3
ZA,2023-05,ONONSPEC,TOTEXPSB,KTONS,0.0000,3
ZA,2023-05,ONONSPEC,TOTIMPSB,CONVBBL,0.0000,3
ZA,2023-05,ONONSPEC,TOTIMPSB,KBBL,0.0000,3
ZA,2023-05,ONONSPEC,TOTIMPSB,KBD,0.0000,3
ZA,2023-05,ONONSPEC,TOTIMPSB,KL,0.0000,3
ZA,2023-05,ONONSPEC,TOTIMPSB,KTONS,2.0000,3
ZA,2023-06,ONONSPEC,CLOSTLV,CONVBBL,0.0000,3
ZA,2023-06,ONONSPEC,CLOSTLV,KBBL,0.0000,3
ZA,2023-06,ONONSPEC,CLOSTLV,KBD,x,3
ZA,2023-06,ONONSPEC,CLOSTLV,KL,0.0000,3
ZA,2023-06,ONONSPEC,CLOSTLV,KTONS,55.0000,3
ZA,2023-06,ONONSPEC,IPTRANSF,CONVBBL,0.0000,3
ZA,2023-06,ONONSPEC,IPTRANSF,KBBL,0.0000,3
ZA,2023-06,ONONSPEC,IPTRANSF,KBD,0.0000,3
ZA,2023-06,ONONSPEC,IPTRANSF,KL,0.0000,3
ZA,2023-06,ONONSPEC,IPTRANSF,KTONS,0.0000,3
ZA,2023-06,ONONSPEC,PTRANSF,CONVBBL,0.0000,3
ZA,2023-06,ONONSPEC,PTRANSF,KBBL,-,3
ZA,2023-06,ONONSPEC,PTRANSF,KBD,-,3
ZA,2023-06,ONONSPEC,PTRANSF,KL,-,3
ZA,2023-06,ONONSPEC,PTRANSF,KTONS,-,3
ZA,2023-06,ONONSPEC,RECEIPTS,CONVBBL,0.0000,3
ZA,2023-06,ONONSPEC,RECEIPTS,KBBL,0.0000,3
ZA,2023-06,ONONSPEC,RECEIPTS,KBD,0.0000,3
ZA,2023-06,ONONSPEC,RECEIPTS,KL,0.0000,3
ZA,2023-06,ONONSPEC,RECEIPTS,KTONS,0.0000,3
ZA,2023-06,ONONSPEC,REFGROUT,CONVBBL,0.0000,3
ZA,2023-06,ONONSPEC,REFGROUT,KBBL,0.0000,3
ZA,2023-06,ONONSPEC,REFGROUT,KBD,0.0000,3
ZA,2023-06,ONONSPEC,REFGROUT,KL,0.0000,3
ZA,2023-06,ONONSPEC,REFGROUT,KTONS,115.0000,3
ZA,2023-06,ONONSPEC,STATDIFF,CONVBBL,0.0000,3
ZA,2023-06,ONONSPEC,STATDIFF,KBBL,0.0000,3
ZA,2023-06,ONONSPEC,STATDIFF,KBD,0.0000,3
ZA,2023-06,ONONSPEC,STATDIFF,KL,0.0000,3
ZA,2023-06,ONONSPEC,STATDIFF,KTONS,160.0000,3
ZA,2023-06,ONONSPEC,STOCKCH,CONVBBL,0.0000,3
ZA,2023-06,ONONSPEC,STOCKCH,KBBL,0.0000,3
ZA,2023-06,ONONSPEC,STOCKCH,KBD,x,3
ZA,2023-06,ONONSPEC,STOCKCH,KL,0.0000,3
ZA,2023-06,ONONSPEC,STOCKCH,KTONS,-88.0000,3
ZA,2023-06,ONONSPEC,TOTDEMO,CONVBBL,0.0000,3
ZA,2023-06,ONONSPEC,TOTDEMO,KBBL,0.0000,3
ZA,2023-06,ONONSPEC,TOTDEMO,KBD,0.0000,3
ZA,2023-06,ONONSPEC,TOTDEMO,KL,0.0000,3
ZA,2023-06,ONONSPEC,TOTDEMO,KTONS,52.0000,3
ZA,2023-06,ONONSPEC,TOTEXPSB,CONVBBL,0.0000,3
ZA,2023-06,ONONSPEC,TOTEXPSB,KBBL,0.0000,3
ZA,2023-06,ONONSPEC,TOTEXPSB,KBD,0.0000,3
ZA,2023-06,ONONSPEC,TOTEXPSB,KL,0.0000,3
ZA,2023-06,ONONSPEC,TOTEXPSB,KTONS,1.0000,3
ZA,2023-06,ONONSPEC,TOTIMPSB,CONVBBL,0.0000,3
ZA,2023-06,ONONSPEC,TOTIMPSB,KBBL,0.0000,3
ZA,2023-06,ONONSPEC,TOTIMPSB,KBD,0.0000,3
ZA,2023-06,ONONSPEC,TOTIMPSB,KL,0.0000,3
ZA,2023-06,ONONSPEC,TOTIMPSB,KTONS,10.0000,3
ZA,2023-07,ONONSPEC,CLOSTLV,CONVBBL,0.0000,3
ZA,2023-07,ONONSPEC,CLOSTLV,KBBL,0.0000,3
ZA,2023-07,ONONSPEC,CLOSTLV,KBD,x,3
ZA,2023-07,ONONSPEC,CLOSTLV,KL,0.0000,3
ZA,2023-07,ONONSPEC,CLOSTLV,KTONS,48.0000,3
ZA,2023-07,ONONSPEC,IPTRANSF,CONVBBL,0.0000,3
ZA,2023-07,ONONSPEC,IPTRANSF,KBBL,0.0000,3
ZA,2023-07,ONONSPEC,IPTRANSF,KBD,0.0000,3
ZA,2023-07,ONONSPEC,IPTRANSF,KL,0.0000,3
ZA,2023-07,ONONSPEC,IPTRANSF,KTONS,0.0000,3
ZA,2023-07,ONONSPEC,PTRANSF,CONVBBL,0.0000,3
ZA,2023-07,ONONSPEC,PTRANSF,KBBL,-,3
ZA,2023-07,ONONSPEC,PTRANSF,KBD,-,3
ZA,2023-07,ONONSPEC,PTRANSF,KL,-,3
ZA,2023-07,ONONSPEC,PTRANSF,KTONS,-,3
ZA,2023-07,ONONSPEC,RECEIPTS,CONVBBL,0.0000,3
ZA,2023-07,ONONSPEC,RECEIPTS,KBBL,0.0000,3
ZA,2023-07,ONONSPEC,RECEIPTS,KBD,0.0000,3
ZA,2023-07,ONONSPEC,RECEIPTS,KL,0.0000,3
ZA,2023-07,ONONSPEC,RECEIPTS,KTONS,0.0000,3
ZA,2023-07,ONONSPEC,REFGROUT,CONVBBL,0.0000,3
ZA,2023-07,ONONSPEC,REFGROUT,KBBL,0.0000,3
ZA,2023-07,ONONSPEC,REFGROUT,KBD,0.0000,3
ZA,2023-07,ONONSPEC,REFGROUT,KL,0.0000,3
ZA,2023-07,ONONSPEC,REFGROUT,KTONS,91.0000,3
ZA,2023-07,ONONSPEC,STATDIFF,CONVBBL,0.0000,3
ZA,2023-07,ONONSPEC,STATDIFF,KBBL,0.0000,3
ZA,2023-07,ONONSPEC,STATDIFF,KBD,0.0000,3
ZA,2023-07,ONONSPEC,STATDIFF,KL,0.0000,3
ZA,2023-07,ONONSPEC,STATDIFF,KTONS,48.0000,3
ZA,2023-07,ONONSPEC,STOCKCH,CONVBBL,0.0000,3
ZA,2023-07,ONONSPEC,STOCKCH,KBBL,0.0000,3
ZA,2023-07,ONONSPEC,STOCKCH,KBD,x,3
ZA,2023-07,ONONSPEC,STOCKCH,KL,0.0000,3
ZA,2023-07,ONONSPEC,STOCKCH,KTONS,-10.0000,3
ZA,2023-07,ONONSPEC,TOTDEMO,CONVBBL,0.0000,3
ZA,2023-07,ONONSPEC,TOTDEMO,KBBL,0.0000,3
ZA,2023-07,ONONSPEC,TOTDEMO,KBD,0.0000,3
ZA,2023-07,ONONSPEC,TOTDEMO,KL,0.0000,3
ZA,2023-07,ONONSPEC,TOTDEMO,KTONS,51.0000,3
ZA,2023-07,ONONSPEC,TOTEXPSB,CONVBBL,0.0000,3
ZA,2023-07,ONONSPEC,TOTEXPSB,KBBL,0.0000,3
ZA,2023-07,ONONSPEC,TOTEXPSB,KBD,0.0000,3
ZA,2023-07,ONONSPEC,TOTEXPSB,KL,0.0000,3
ZA,2023-07,ONONSPEC,TOTEXPSB,KTONS,4.0000,3
ZA,2023-07,ONONSPEC,TOTIMPSB,CONVBBL,0.0000,3
ZA,2023-07,ONONSPEC,TOTIMPSB,KBBL,0.0000,3
ZA,2023-07,ONONSPEC,TOTIMPSB,KBD,0.0000,3
ZA,2023-07,ONONSPEC,TOTIMPSB,KL,0.0000,3
ZA,2023-07,ONONSPEC,TOTIMPSB,KTONS,1.0000,3
ZA,2023-08,ONONSPEC,CLOSTLV,CONVBBL,0.0000,3
ZA,2023-08,ONONSPEC,CLOSTLV,KBBL,0.0000,3
ZA,2023-08,ONONSPEC,CLOSTLV,KBD,x,3
ZA,2023-08,ONONSPEC,CLOSTLV,KL,0.0000,3
ZA,2023-08,ONONSPEC,CLOSTLV,KTONS,74.0000,3
ZA,2023-08,ONONSPEC,IPTRANSF,CONVBBL,0.0000,3
ZA,2023-08,ONONSPEC,IPTRANSF,KBBL,0.0000,3
ZA,2023-08,ONONSPEC,IPTRANSF,KBD,0.0000,3
ZA,2023-08,ONONSPEC,IPTRANSF,KL,0.0000,3
ZA,2023-08,ONONSPEC,IPTRANSF,KTONS,0.0000,3
ZA,2023-08,ONONSPEC,PTRANSF,CONVBBL,0.0000,3
ZA,2023-08,ONONSPEC,PTRANSF,KBBL,-,3
ZA,2023-08,ONONSPEC,PTRANSF,KBD,-,3
ZA,2023-08,ONONSPEC,PTRANSF,KL,-,3
ZA,2023-08,ONONSPEC,PTRANSF,KTONS,-,3
ZA,2023-08,ONONSPEC,RECEIPTS,CONVBBL,0.0000,3
ZA,2023-08,ONONSPEC,RECEIPTS,KBBL,0.0000,3
ZA,2023-08,ONONSPEC,RECEIPTS,KBD,0.0000,3
ZA,2023-08,ONONSPEC,RECEIPTS,KL,0.0000,3
ZA,2023-08,ONONSPEC,RECEIPTS,KTONS,0.0000,3
ZA,2023-08,ONONSPEC,REFGROUT,CONVBBL,0.0000,3
ZA,2023-08,ONONSPEC,REFGROUT,KBBL,0.0000,3
ZA,2023-08,ONONSPEC,REFGROUT,KBD,0.0000,3
ZA,2023-08,ONONSPEC,REFGROUT,KL,0.0000,3
ZA,2023-08,ONONSPEC,REFGROUT,KTONS,89.0000,3
ZA,2023-08,ONONSPEC,STATDIFF,CONVBBL,0.0000,3
ZA,2023-08,ONONSPEC,STATDIFF,KBBL,0.0000,3
ZA,2023-08,ONONSPEC,STATDIFF,KBD,0.0000,3
ZA,2023-08,ONONSPEC,STATDIFF,KL,0.0000,3
ZA,2023-08,ONONSPEC,STATDIFF,KTONS,7.0000,3
ZA,2023-08,ONONSPEC,STOCKCH,CONVBBL,0.0000,3
ZA,2023-08,ONONSPEC,STOCKCH,KBBL,0.0000,3
ZA,2023-08,ONONSPEC,STOCKCH,KBD,x,3
ZA,2023-08,ONONSPEC,STOCKCH,KL,0.0000,3
ZA,2023-08,ONONSPEC,STOCKCH,KTONS,24.0000,3
ZA,2023-08,ONONSPEC,TOTDEMO,CONVBBL,0.0000,3
ZA,2023-08,ONONSPEC,TOTDEMO,KBBL,0.0000,3
ZA,2023-08,ONONSPEC,TOTDEMO,KBD,0.0000,3
ZA,2023-08,ONONSPEC,TOTDEMO,KL,0.0000,3
ZA,2023-08,ONONSPEC,TOTDEMO,KTONS,58.0000,3
ZA,2023-08,ONONSPEC,TOTEXPSB,CONVBBL,0.0000,3
ZA,2023-08,ONONSPEC,TOTEXPSB,KBBL,0.0000,3
ZA,2023-08,ONONSPEC,TOTEXPSB,KBD,0.0000,3
ZA,2023-08,ONONSPEC,TOTEXPSB,KL,0.0000,3
ZA,2023-08,ONONSPEC,TOTEXPSB,KTONS,1.0000,3
ZA,2023-08,ONONSPEC,TOTIMPSB,CONVBBL,0.0000,3
ZA,2023-08,ONONSPEC,TOTIMPSB,KBBL,0.0000,3
ZA,2023-08,ONONSPEC,TOTIMPSB,KBD,0.0000,3
ZA,2023-08,ONONSPEC,TOTIMPSB,KL,0.0000,3
ZA,2023-08,ONONSPEC,TOTIMPSB,KTONS,0.0000,3
ZA,2023-09,ONONSPEC,CLOSTLV,CONVBBL,0.0000,3
ZA,2023-09,ONONSPEC,CLOSTLV,KBBL,0.0000,3
ZA,2023-09,ONONSPEC,CLOSTLV,KBD,x,3
ZA,2023-09,ONONSPEC,CLOSTLV,KL,0.0000,3
ZA,2023-09,ONONSPEC,CLOSTLV,KTONS,48.0000,3
ZA,2023-09,ONONSPEC,IPTRANSF,CONVBBL,0.0000,3
ZA,2023-09,ONONSPEC,IPTRANSF,KBBL,0.0000,3
ZA,2023-09,ONONSPEC,IPTRANSF,KBD,0.0000,3
ZA,2023-09,ONONSPEC,IPTRANSF,KL,0.0000,3
ZA,2023-09,ONONSPEC,IPTRANSF,KTONS,0.0000,3
ZA,2023-09,ONONSPEC,PTRANSF,CONVBBL,0.0000,3
ZA,2023-09,ONONSPEC,PTRANSF,KBBL,-,3
ZA,2023-09,ONONSPEC,PTRANSF,KBD,-,3
ZA,2023-09,ONONSPEC,PTRANSF,KL,-,3
ZA,2023-09,ONONSPEC,PTRANSF,KTONS,-,3
ZA,2023-09,ONONSPEC,RECEIPTS,CONVBBL,0.0000,3
ZA,2023-09,ONONSPEC,RECEIPTS,KBBL,0.0000,3
ZA,2023-09,ONONSPEC,RECEIPTS,KBD,0.0000,3
ZA,2023-09,ONONSPEC,RECEIPTS,KL,0.0000,3
ZA,2023-09,ONONSPEC,RECEIPTS,KTONS,0.0000,3
ZA,2023-09,ONONSPEC,REFGROUT,CONVBBL,0.0000,3
ZA,2023-09,ONONSPEC,REFGROUT,KBBL,0.0000,3
ZA,2023-09,ONONSPEC,REFGROUT,KBD,0.0000,3
ZA,2023-09,ONONSPEC,REFGROUT,KL,0.0000,3
ZA,2023-09,ONONSPEC,REFGROUT,KTONS,122.0000,3
ZA,2023-09,ONONSPEC,STATDIFF,CONVBBL,0.0000,3
ZA,2023-09,ONONSPEC,STATDIFF,KBBL,0.0000,3
ZA,2023-09,ONONSPEC,STATDIFF,KBD,0.0000,3
ZA,2023-09,ONONSPEC,STATDIFF,KL,0.0000,3
ZA,2023-09,ONONSPEC,STATDIFF,KTONS,90.0000,3
ZA,2023-09,ONONSPEC,STOCKCH,CONVBBL,0.0000,3
ZA,2023-09,ONONSPEC,STOCKCH,KBBL,0.0000,3
ZA,2023-09,ONONSPEC,STOCKCH,KBD,x,3
ZA,2023-09,ONONSPEC,STOCKCH,KL,0.0000,3
ZA,2023-09,ONONSPEC,STOCKCH,KTONS,-30.0000,3
ZA,2023-09,ONONSPEC,TOTDEMO,CONVBBL,0.0000,3
ZA,2023-09,ONONSPEC,TOTDEMO,KBBL,0.0000,3
ZA,2023-09,ONONSPEC,TOTDEMO,KBD,0.0000,3
ZA,2023-09,ONONSPEC,TOTDEMO,KL,0.0000,3
ZA,2023-09,ONONSPEC,TOTDEMO,KTONS,50.0000,3
ZA,2023-09,ONONSPEC,TOTEXPSB,CONVBBL,0.0000,3
ZA,2023-09,ONONSPEC,TOTEXPSB,KBBL,0.0000,3
ZA,2023-09,ONONSPEC,TOTEXPSB,KBD,0.0000,3
ZA,2023-09,ONONSPEC,TOTEXPSB,KL,0.0000,3
ZA,2023-09,ONONSPEC,TOTEXPSB,KTONS,13.0000,3
ZA,2023-09,ONONSPEC,TOTIMPSB,CONVBBL,0.0000,3
ZA,2023-09,ONONSPEC,TOTIMPSB,KBBL,0.0000,3
ZA,2023-09,ONONSPEC,TOTIMPSB,KBD,0.0000,3
ZA,2023-09,ONONSPEC,TOTIMPSB,KL,0.0000,3
ZA,2023-09,ONONSPEC,TOTIMPSB,KTONS,1.0000,3
ZA,2023-10,ONONSPEC,CLOSTLV,CONVBBL,0.0000,3
ZA,2023-10,ONONSPEC,CLOSTLV,KBBL,0.0000,3
ZA,2023-10,ONONSPEC,CLOSTLV,KBD,x,3
ZA,2023-10,ONONSPEC,CLOSTLV,KL,0.0000,3
ZA,2023-10,ONONSPEC,CLOSTLV,KTONS,53.0000,3
ZA,2023-10,ONONSPEC,IPTRANSF,CONVBBL,0.0000,3
ZA,2023-10,ONONSPEC,IPTRANSF,KBBL,0.0000,3
ZA,2023-10,ONONSPEC,IPTRANSF,KBD,0.0000,3
ZA,2023-10,ONONSPEC,IPTRANSF,KL,0.0000,3
ZA,2023-10,ONONSPEC,IPTRANSF,KTONS,0.0000,3
ZA,2023-10,ONONSPEC,PTRANSF,CONVBBL,0.0000,3
ZA,2023-10,ONONSPEC,PTRANSF,KBBL,-,3
ZA,2023-10,ONONSPEC,PTRANSF,KBD,-,3
ZA,2023-10,ONONSPEC,PTRANSF,KL,-,3
ZA,2023-10,ONONSPEC,PTRANSF,KTONS,-,3
ZA,2023-10,ONONSPEC,RECEIPTS,CONVBBL,0.0000,3
ZA,2023-10,ONONSPEC,RECEIPTS,KBBL,0.0000,3
ZA,2023-10,ONONSPEC,RECEIPTS,KBD,0.0000,3
ZA,2023-10,ONONSPEC,RECEIPTS,KL,0.0000,3
ZA,2023-10,ONONSPEC,RECEIPTS,KTONS,0.0000,3
ZA,2023-10,ONONSPEC,REFGROUT,CONVBBL,0.0000,3
ZA,2023-10,ONONSPEC,REFGROUT,KBBL,0.0000,3
ZA,2023-10,ONONSPEC,REFGROUT,KBD,0.0000,3
ZA,2023-10,ONONSPEC,REFGROUT,KL,0.0000,3
ZA,2023-10,ONONSPEC,REFGROUT,KTONS,95.0000,3
ZA,2023-10,ONONSPEC,STATDIFF,CONVBBL,0.0000,3
ZA,2023-10,ONONSPEC,STATDIFF,KBBL,0.0000,3
ZA,2023-10,ONONSPEC,STATDIFF,KBD,0.0000,3
ZA,2023-10,ONONSPEC,STATDIFF,KL,0.0000,3
ZA,2023-10,ONONSPEC,STATDIFF,KTONS,39.0000,3
ZA,2023-10,ONONSPEC,STOCKCH,CONVBBL,0.0000,3
ZA,2023-10,ONONSPEC,STOCKCH,KBBL,0.0000,3
ZA,2023-10,ONONSPEC,STOCKCH,KBD,x,3
ZA,2023-10,ONONSPEC,STOCKCH,KL,0.0000,3
ZA,2023-10,ONONSPEC,STOCKCH,KTONS,2.0000,3
ZA,2023-10,ONONSPEC,TOTDEMO,CONVBBL,0.0000,3
ZA,2023-10,ONONSPEC,TOTDEMO,KBBL,0.0000,3
ZA,2023-10,ONONSPEC,TOTDEMO,KBD,0.0000,3
ZA,2023-10,ONONSPEC,TOTDEMO,KL,0.0000,3
ZA,2023-10,ONONSPEC,TOTDEMO,KTONS,42.0000,3
ZA,2023-10,ONONSPEC,TOTEXPSB,CONVBBL,0.0000,3
ZA,2023-10,ONONSPEC,TOTEXPSB,KBBL,0.0000,3
ZA,2023-10,ONONSPEC,TOTEXPSB,KBD,0.0000,3
ZA,2023-10,ONONSPEC,TOTEXPSB,KL,0.0000,3
ZA,2023-10,ONONSPEC,TOTEXPSB,KTONS,12.0000,3
ZA,2023-10,ONONSPEC,TOTIMPSB,CONVBBL,0.0000,3
ZA,2023-10,ONONSPEC,TOTIMPSB,KBBL,0.0000,3
ZA,2023-10,ONONSPEC,TOTIMPSB,KBD,0.0000,3
ZA,2023-10,ONONSPEC,TOTIMPSB,KL,0.0000,3
ZA,2023-10,ONONSPEC,TOTIMPSB,KTONS,1.0000,3
ZA,2023-11,ONONSPEC,CLOSTLV,CONVBBL,0.0000,3
ZA,2023-11,ONONSPEC,CLOSTLV,KBBL,0.0000,3
ZA,2023-11,ONONSPEC,CLOSTLV,KBD,x,3
ZA,2023-11,ONONSPEC,CLOSTLV,KL,0.0000,3
ZA,2023-11,ONONSPEC,CLOSTLV,KTONS,52.0000,3
ZA,2023-11,ONONSPEC,IPTRANSF,CONVBBL,0.0000,3
ZA,2023-11,ONONSPEC,IPTRANSF,KBBL,0.0000,3
ZA,2023-11,ONONSPEC,IPTRANSF,KBD,0.0000,3
ZA,2023-11,ONONSPEC,IPTRANSF,KL,0.0000,3
ZA,2023-11,ONONSPEC,IPTRANSF,KTONS,0.0000,3
ZA,2023-11,ONONSPEC,PTRANSF,CONVBBL,0.0000,3
ZA,2023-11,ONONSPEC,PTRANSF,KBBL,-,3
ZA,2023-11,ONONSPEC,PTRANSF,KBD,-,3
ZA,2023-11,ONONSPEC,PTRANSF,KL,-,3
ZA,2023-11,ONONSPEC,PTRANSF,KTONS,-,3
ZA,2023-11,ONONSPEC,RECEIPTS,CONVBBL,0.0000,3
ZA,2023-11,ONONSPEC,RECEIPTS,KBBL,0.0000,3
ZA,2023-11,ONONSPEC,RECEIPTS,KBD,0.0000,3
ZA,2023-11,ONONSPEC,RECEIPTS,KL,0.0000,3
ZA,2023-11,ONONSPEC,RECEIPTS,KTONS,0.0000,3
ZA,2023-11,ONONSPEC,REFGROUT,CONVBBL,0.0000,3
ZA,2023-11,ONONSPEC,REFGROUT,KBBL,0.0000,3
ZA,2023-11,ONONSPEC,REFGROUT,KBD,0.0000,3
ZA,2023-11,ONONSPEC,REFGROUT,KL,0.0000,3
ZA,2023-11,ONONSPEC,REFGROUT,KTONS,85.0000,3
ZA,2023-11,ONONSPEC,STATDIFF,CONVBBL,0.0000,3
ZA,2023-11,ONONSPEC,STATDIFF,KBBL,0.0000,3
ZA,2023-11,ONONSPEC,STATDIFF,KBD,0.0000,3
ZA,2023-11,ONONSPEC,STATDIFF,KL,0.0000,3
ZA,2023-11,ONONSPEC,STATDIFF,KTONS,21.0000,3
ZA,2023-11,ONONSPEC,STOCKCH,CONVBBL,0.0000,3
ZA,2023-11,ONONSPEC,STOCKCH,KBBL,0.0000,3
ZA,2023-11,ONONSPEC,STOCKCH,KBD,x,3
ZA,2023-11,ONONSPEC,STOCKCH,KL,0.0000,3
ZA,2023-11,ONONSPEC,STOCKCH,KTONS,-4.0000,3
ZA,2023-11,ONONSPEC,TOTDEMO,CONVBBL,0.0000,3
ZA,2023-11,ONONSPEC,TOTDEMO,KBBL,0.0000,3
ZA,2023-11,ONONSPEC,TOTDEMO,KBD,0.0000,3
ZA,2023-11,ONONSPEC,TOTDEMO,KL,0.0000,3
ZA,2023-11,ONONSPEC,TOTDEMO,KTONS,72.0000,3
ZA,2023-11,ONONSPEC,TOTEXPSB,CONVBBL,0.0000,3
ZA,2023-11,ONONSPEC,TOTEXPSB,KBBL,0.0000,3
ZA,2023-11,ONONSPEC,TOTEXPSB,KBD,0.0000,3
ZA,2023-11,ONONSPEC,TOTEXPSB,KL,0.0000,3
ZA,2023-11,ONONSPEC,TOTEXPSB,KTONS,1.0000,3
ZA,2023-11,ONONSPEC,TOTIMPSB,CONVBBL,0.0000,3
ZA,2023-11,ONONSPEC,TOTIMPSB,KBBL,0.0000,3
ZA,2023-11,ONONSPEC,TOTIMPSB,KBD,0.0000,3
ZA,2023-11,ONONSPEC,TOTIMPSB,KL,0.0000,3
ZA,2023-11,ONONSPEC,TOTIMPSB,KTONS,4.0000,3
ZA,2023-12,ONONSPEC,CLOSTLV,CONVBBL,0.0000,3
ZA,2023-12,ONONSPEC,CLOSTLV,KBBL,0.0000,3
ZA,2023-12,ONONSPEC,CLOSTLV,KBD,x,3
ZA,2023-12,ONONSPEC,CLOSTLV,KL,0.0000,3
ZA,2023-12,ONONSPEC,CLOSTLV,KTONS,41.0000,3
ZA,2023-12,ONONSPEC,IPTRANSF,CONVBBL,0.0000,3
ZA,2023-12,ONONSPEC,IPTRANSF,KBBL,0.0000,3
ZA,2023-12,ONONSPEC,IPTRANSF,KBD,0.0000,3
ZA,2023-12,ONONSPEC,IPTRANSF,KL,0.0000,3
ZA,2023-12,ONONSPEC,IPTRANSF,KTONS,0.0000,3
ZA,2023-12,ONONSPEC,PTRANSF,CONVBBL,0.0000,3
ZA,2023-12,ONONSPEC,PTRANSF,KBBL,-,3
ZA,2023-12,ONONSPEC,PTRANSF,KBD,-,3
ZA,2023-12,ONONSPEC,PTRANSF,KL,-,3
ZA,2023-12,ONONSPEC,PTRANSF,KTONS,-,3
ZA,2023-12,ONONSPEC,RECEIPTS,CONVBBL,0.0000,3
ZA,2023-12,ONONSPEC,RECEIPTS,KBBL,0.0000,3
ZA,2023-12,ONONSPEC,RECEIPTS,KBD,0.0000,3
ZA,2023-12,ONONSPEC,RECEIPTS,KL,0.0000,3
ZA,2023-12,ONONSPEC,RECEIPTS,KTONS,0.0000,3
ZA,2023-12,ONONSPEC,REFGROUT,CONVBBL,0.0000,3
ZA,2023-12,ONONSPEC,REFGROUT,KBBL,0.0000,3
ZA,2023-12,ONONSPEC,REFGROUT,KBD,0.0000,3
ZA,2023-12,ONONSPEC,REFGROUT,KL,0.0000,3
ZA,2023-12,ONONSPEC,REFGROUT,KTONS,79.0000,3
ZA,2023-12,ONONSPEC,STATDIFF,CONVBBL,0.0000,3
ZA,2023-12,ONONSPEC,STATDIFF,KBBL,0.0000,3
ZA,2023-12,ONONSPEC,STATDIFF,KBD,0.0000,3
ZA,2023-12,ONONSPEC,STATDIFF,KL,0.0000,3
ZA,2023-12,ONONSPEC,STATDIFF,KTONS,38.0000,3
ZA,2023-12,ONONSPEC,STOCKCH,CONVBBL,0.0000,3
ZA,2023-12,ONONSPEC,STOCKCH,KBBL,0.0000,3
ZA,2023-12,ONONSPEC,STOCKCH,KBD,x,3
ZA,2023-12,ONONSPEC,STOCKCH,KL,0.0000,3
ZA,2023-12,ONONSPEC,STOCKCH,KTONS,-13.0000,3
ZA,2023-12,ONONSPEC,TOTDEMO,CONVBBL,0.0000,3
ZA,2023-12,ONONSPEC,TOTDEMO,KBBL,0.0000,3
ZA,2023-12,ONONSPEC,TOTDEMO,KBD,0.0000,3
ZA,2023-12,ONONSPEC,TOTDEMO,KL,0.0000,3
ZA,2023-12,ONONSPEC,TOTDEMO,KTONS,55.0000,3
ZA,2023-12,ONONSPEC,TOTEXPSB,CONVBBL,0.0000,3
ZA,2023-12,ONONSPEC,TOTEXPSB,KBBL,0.0000,3
ZA,2023-12,ONONSPEC,TOTEXPSB,KBD,0.0000,3
ZA,2023-12,ONONSPEC,TOTEXPSB,KL,0.0000,3
ZA,2023-12,ONONSPEC,TOTEXPSB,KTONS,0.0000,3
ZA,2023-12,ONONSPEC,TOTIMPSB,CONVBBL,0.0000,3
ZA,2023-12,ONONSPEC,TOTIMPSB,KBBL,0.0000,3
ZA,2023-12,ONONSPEC,TOTIMPSB,KBD,0.0000,3
ZA,2023-12,ONONSPEC,TOTIMPSB,KL,0.0000,3
ZA,2023-12,ONONSPEC,TOTIMPSB,KTONS,0.0000,3
ZA,2023-01,RESFUEL,CLOSTLV,CONVBBL,6491.0000,3
ZA,2023-01,RESFUEL,CLOSTLV,KBBL,506.2980,3
ZA,2023-01,RESFUEL,CLOSTLV,KBD,x,3
ZA,2023-01,RESFUEL,CLOSTLV,KL,80.4951,3
ZA,2023-01,RESFUEL,CLOSTLV,KTONS,78.0000,3
ZA,2023-01,RESFUEL,IPTRANSF,CONVBBL,6491.0000,3
ZA,2023-01,RESFUEL,IPTRANSF,KBBL,6.4910,3
ZA,2023-01,RESFUEL,IPTRANSF,KBD,0.2094,3
ZA,2023-01,RESFUEL,IPTRANSF,KL,1.0320,3
ZA,2023-01,RESFUEL,IPTRANSF,KTONS,1.0000,3
ZA,2023-01,RESFUEL,PTRANSF,CONVBBL,6491.0000,3
ZA,2023-01,RESFUEL,PTRANSF,KBBL,-,3
ZA,2023-01,RESFUEL,PTRANSF,KBD,-,3
ZA,2023-01,RESFUEL,PTRANSF,KL,-,3
ZA,2023-01,RESFUEL,PTRANSF,KTONS,-,3
ZA,2023-01,RESFUEL,RECEIPTS,CONVBBL,6491.0000,3
ZA,2023-01,RESFUEL,RECEIPTS,KBBL,-,3
ZA,2023-01,RESFUEL,RECEIPTS,KBD,-,3
ZA,2023-01,RESFUEL,RECEIPTS,KL,-,3
ZA,2023-01,RESFUEL,RECEIPTS,KTONS,-,3
ZA,2023-01,RESFUEL,REFGROUT,CONVBBL,6491.0000,3
ZA,2023-01,RESFUEL,REFGROUT,KBBL,480.3340,3
ZA,2023-01,RESFUEL,REFGROUT,KBD,15.4946,3
ZA,2023-01,RESFUEL,REFGROUT,KL,76.3671,3
ZA,2023-01,RESFUEL,REFGROUT,KTONS,74.0000,3
ZA,2023-01,RESFUEL,STATDIFF,CONVBBL,6491.0000,3
ZA,2023-01,RESFUEL,STATDIFF,KBBL,25.9640,3
ZA,2023-01,RESFUEL,STATDIFF,KBD,0.8375,3
ZA,2023-01,RESFUEL,STATDIFF,KL,4.1280,3
ZA,2023-01,RESFUEL,STATDIFF,KTONS,4.0000,3
ZA,2023-01,RESFUEL,STOCKCH,CONVBBL,6491.0000,3
ZA,2023-01,RESFUEL,STOCKCH,KBBL,25.9640,3
ZA,2023-01,RESFUEL,STOCKCH,KBD,x,3
ZA,2023-01,RESFUEL,STOCKCH,KL,4.1280,3
ZA,2023-01,RESFUEL,STOCKCH,KTONS,4.0000,3
ZA,2023-01,RESFUEL,TOTDEMO,CONVBBL,6491.0000,3
ZA,2023-01,RESFUEL,TOTDEMO,KBBL,415.4240,3
ZA,2023-01,RESFUEL,TOTDEMO,KBD,13.4008,3
ZA,2023-01,RESFUEL,TOTDEMO,KL,66.0473,3
ZA,2023-01,RESFUEL,TOTDEMO,KTONS,64.0000,3
ZA,2023-01,RESFUEL,TOTEXPSB,CONVBBL,6491.0000,3
ZA,2023-01,RESFUEL,TOTEXPSB,KBBL,25.9640,3
ZA,2023-01,RESFUEL,TOTEXPSB,KBD,0.8375,3
ZA,2023-01,RESFUEL,TOTEXPSB,KL,4.1280,3
ZA,2023-01,RESFUEL,TOTEXPSB,KTONS,4.0000,3
ZA,2023-01,RESFUEL,TOTIMPSB,CONVBBL,6491.0000,3
ZA,2023-01,RESFUEL,TOTIMPSB,KBBL,0.0000,3
ZA,2023-01,RESFUEL,TOTIMPSB,KBD,0.0000,3
ZA,2023-01,RESFUEL,TOTIMPSB,KL,0.0000,3
ZA,2023-01,RESFUEL,TOTIMPSB,KTONS,0.0000,3
ZA,2023-02,RESFUEL,CLOSTLV,CONVBBL,6491.0000,3
ZA,2023-02,RESFUEL,CLOSTLV,KBBL,564.7170,3
ZA,2023-02,RESFUEL,CLOSTLV,KBD,x,3
ZA,2023-02,RESFUEL,CLOSTLV,KL,89.7830,3
ZA,2023-02,RESFUEL,CLOSTLV,KTONS,87.0000,3
ZA,2023-02,RESFUEL,IPTRANSF,CONVBBL,6491.0000,3
ZA,2023-02,RESFUEL,IPTRANSF,KBBL,6.4910,3
ZA,2023-02,RESFUEL,IPTRANSF,KBD,0.2318,3
ZA,2023-02,RESFUEL,IPTRANSF,KL,1.0320,3
ZA,2023-02,RESFUEL,IPTRANSF,KTONS,1.0000,3
ZA,2023-02,RESFUEL,PTRANSF,CONVBBL,6491.0000,3
ZA,2023-02,RESFUEL,PTRANSF,KBBL,-,3
ZA,2023-02,RESFUEL,PTRANSF,KBD,-,3
ZA,2023-02,RESFUEL,PTRANSF,KL,-,3
ZA,2023-02,RESFUEL,PTRANSF,KTONS,-,3
ZA,2023-02,RESFUEL,RECEIPTS,CONVBBL,6491.0000,3
ZA,2023-02,RESFUEL,RECEIPTS,KBBL,-,3
ZA,2023-02,RESFUEL,RECEIPTS,KBD,-,3
ZA,2023-02,RESFUEL,RECEIPTS,KL,-,3
ZA,2023-02,RESFUEL,RECEIPTS,KTONS,-,3
ZA,2023-02,RESFUEL,REFGROUT,CONVBBL,6491.0000,3
ZA,2023-02,RESFUEL,REFGROUT,KBBL,499.8070,3
ZA,2023-02,RESFUEL,REFGROUT,KBD,17.8503,3
ZA,2023-02,RESFUEL,REFGROUT,KL,79.4631,3
ZA,2023-02,RESFUEL,REFGROUT,KTONS,77.0000,3
ZA,2023-02,RESFUEL,STATDIFF,CONVBBL,6491.0000,3
ZA,2023-02,RESFUEL,STATDIFF,KBBL,45.4370,3
ZA,2023-02,RESFUEL,STATDIFF,KBD,1.6228,3
ZA,2023-02,RESFUEL,STATDIFF,KL,7.2239,3
ZA,2023-02,RESFUEL,STATDIFF,KTONS,7.0000,3
ZA,2023-02,RESFUEL,STOCKCH,CONVBBL,6491.0000,3
ZA,2023-02,RESFUEL,STOCKCH,KBBL,38.9460,3
ZA,2023-02,RESFUEL,STOCKCH,KBD,x,3
ZA,2023-02,RESFUEL,STOCKCH,KL,6.1919,3
ZA,2023-02,RESFUEL,STOCKCH,KTONS,6.0000,3
ZA,2023-02,RESFUEL,TOTDEMO,CONVBBL,6491.0000,3
ZA,2023-02,RESFUEL,TOTDEMO,KBBL,402.4420,3
ZA,2023-02,RESFUEL,TOTDEMO,KBD,14.3729,3
ZA,2023-02,RESFUEL,TOTDEMO,KL,63.9833,3
ZA,2023-02,RESFUEL,TOTDEMO,KTONS,62.0000,3
ZA,2023-02,RESFUEL,TOTEXPSB,CONVBBL,6491.0000,3
ZA,2023-02,RESFUEL,TOTEXPSB,KBBL,25.9640,3
ZA,2023-02,RESFUEL,TOTEXPSB,KBD,0.9273,3
ZA,2023-02,RESFUEL,TOTEXPSB,KL,4.1280,3
ZA,2023-02,RESFUEL,TOTEXPSB,KTONS,4.0000,3
ZA,2023-02,RESFUEL,TOTIMPSB,CONVBBL,6491.0000,3
ZA,2023-02,RESFUEL,TOTIMPSB,KBBL,0.0000,3
ZA,2023-02,RESFUEL,TOTIMPSB,KBD,0.0000,3
ZA,2023-02,RESFUEL,TOTIMPSB,KL,0.0000,3
ZA,2023-02,RESFUEL,TOTIMPSB,KTONS,0.0000,3
ZA,2023-03,RESFUEL,CLOSTLV,CONVBBL,6491.0000,3
ZA,2023-03,RESFUEL,CLOSTLV,KBBL,830.8480,3
ZA,2023-03,RESFUEL,CLOSTLV,KBD,x,3
ZA,2023-03,RESFUEL,CLOSTLV,KL,132.0945,3
ZA,2023-03,RESFUEL,CLOSTLV,KTONS,128.0000,3
ZA,2023-03,RESFUEL,IPTRANSF,CONVBBL,6491.0000,3
ZA,2023-03,RESFUEL,IPTRANSF,KBBL,6.4910,3
ZA,2023-03,RESFUEL,IPTRANSF,KBD,0.2094,3
ZA,2023-03,RESFUEL,IPTRANSF,KL,1.0320,3
ZA,2023-03,RESFUEL,IPTRANSF,KTONS,1.0000,3
ZA,2023-03,RESFUEL,PTRANSF,CONVBBL,6491.0000,3
ZA,2023-03,RESFUEL,PTRANSF,KBBL,-,3
ZA,2023-03,RESFUEL,PTRANSF,KBD,-,3
ZA,2023-03,RESFUEL,PTRANSF,KL,-,3
ZA,2023-03,RESFUEL,PTRANSF,KTONS,-,3
ZA,2023-03,RESFUEL,RECEIPTS,CONVBBL,6491.0000,3
ZA,2023-03,RESFUEL,RECEIPTS,KBBL,-,3
ZA,2023-03,RESFUEL,RECEIPTS,KBD,-,3
ZA,2023-03,RESFUEL,RECEIPTS,KL,-,3
ZA,2023-03,RESFUEL,RECEIPTS,KTONS,-,3
ZA,2023-03,RESFUEL,REFGROUT,CONVBBL,6491.0000,3
ZA,2023-03,RESFUEL,REFGROUT,KBBL,675.0640,3
ZA,2023-03,RESFUEL,REFGROUT,KBD,21.7763,3
ZA,2023-03,RESFUEL,REFGROUT,KL,107.3268,3
ZA,2023-03,RESFUEL,REFGROUT,KTONS,104.0000,3
ZA,2023-03,RESFUEL,STATDIFF,CONVBBL,6491.0000,3
ZA,2023-03,RESFUEL,STATDIFF,KBBL,32.4550,3
ZA,2023-03,RESFUEL,STATDIFF,KBD,1.0469,3
ZA,2023-03,RESFUEL,STATDIFF,KL,5.1599,3
ZA,2023-03,RESFUEL,STATDIFF,KTONS,5.0000,3
ZA,2023-03,RESFUEL,STOCKCH,CONVBBL,6491.0000,3
ZA,2023-03,RESFUEL,STOCKCH,KBBL,246.6580,3
ZA,2023-03,RESFUEL,STOCKCH,KBD,x,3
ZA,2023-03,RESFUEL,STOCKCH,KL,39.2156,3
ZA,2023-03,RESFUEL,STOCKCH,KTONS,38.0000,3
ZA,2023-03,RESFUEL,TOTDEMO,CONVBBL,6491.0000,3
ZA,2023-03,RESFUEL,TOTDEMO,KBBL,389.4600,3
ZA,2023-03,RESFUEL,TOTDEMO,KBD,12.5632,3
ZA,2023-03,RESFUEL,TOTDEMO,KL,61.9193,3
ZA,2023-03,RESFUEL,TOTDEMO,KTONS,60.0000,3
ZA,2023-03,RESFUEL,TOTEXPSB,CONVBBL,6491.0000,3
ZA,2023-03,RESFUEL,TOTEXPSB,KBBL,6.4910,3
ZA,2023-03,RESFUEL,TOTEXPSB,KBD,0.2094,3
ZA,2023-03,RESFUEL,TOTEXPSB,KL,1.0320,3
ZA,2023-03,RESFUEL,TOTEXPSB,KTONS,1.0000,3
ZA,2023-03,RESFUEL,TOTIMPSB,CONVBBL,6491.0000,3
ZA,2023-03,RESFUEL,TOTIMPSB,KBBL,0.0000,3
ZA,2023-03,RESFUEL,TOTIMPSB,KBD,0.0000,3
ZA,2023-03,RESFUEL,TOTIMPSB,KL,0.0000,3
ZA,2023-03,RESFUEL,TOTIMPSB,KTONS,0.0000,3
ZA,2023-04,RESFUEL,CLOSTLV,CONVBBL,6491.0000,3
ZA,2023-04,RESFUEL,CLOSTLV,KBBL,876.2850,3
ZA,2023-04,RESFUEL,CLOSTLV,KBD,x,3
ZA,2023-04,RESFUEL,CLOSTLV,KL,139.3184,3
ZA,2023-04,RESFUEL,CLOSTLV,KTONS,135.0000,3
ZA,2023-04,RESFUEL,IPTRANSF,CONVBBL,6491.0000,3
ZA,2023-04,RESFUEL,IPTRANSF,KBBL,6.4910,3
ZA,2023-04,RESFUEL,IPTRANSF,KBD,0.2164,3
ZA,2023-04,RESFUEL,IPTRANSF,KL,1.0320,3
ZA,2023-04,RESFUEL,IPTRANSF,KTONS,1.0000,3
ZA,2023-04,RESFUEL,PTRANSF,CONVBBL,6491.0000,3
ZA,2023-04,RESFUEL,PTRANSF,KBBL,-,3
ZA,2023-04,RESFUEL,PTRANSF,KBD,-,3
ZA,2023-04,RESFUEL,PTRANSF,KL,-,3
ZA,2023-04,RESFUEL,PTRANSF,KTONS,-,3
ZA,2023-04,RESFUEL,RECEIPTS,CONVBBL,6491.0000,3
ZA,2023-04,RESFUEL,RECEIPTS,KBBL,-,3
ZA,2023-04,RESFUEL,RECEIPTS,KBD,-,3
ZA,2023-04,RESFUEL,RECEIPTS,KL,-,3
ZA,2023-04,RESFUEL,RECEIPTS,KTONS,-,3
ZA,2023-04,RESFUEL,REFGROUT,CONVBBL,6491.0000,3
ZA,2023-04,RESFUEL,REFGROUT,KBBL,882.7760,3
ZA,2023-04,RESFUEL,REFGROUT,KBD,29.4259,3
ZA,2023-04,RESFUEL,REFGROUT,KL,140.3504,3
ZA,2023-04,RESFUEL,REFGROUT,KTONS,136.0000,3
ZA,2023-04,RESFUEL,STATDIFF,CONVBBL,6491.0000,3
ZA,2023-04,RESFUEL,STATDIFF,KBBL,6.4910,3
ZA,2023-04,RESFUEL,STATDIFF,KBD,0.2164,3
ZA,2023-04,RESFUEL,STATDIFF,KL,1.0320,3
ZA,2023-04,RESFUEL,STATDIFF,KTONS,1.0000,3
ZA,2023-04,RESFUEL,STOCKCH,CONVBBL,6491.0000,3
ZA,2023-04,RESFUEL,STOCKCH,KBBL,25.9640,3
ZA,2023-04,RESFUEL,STOCKCH,KBD,x,3
ZA,2023-04,RESFUEL,STOCKCH,KL,4.1280,3
ZA,2023-04,RESFUEL,STOCKCH,KTONS,4.0000,3
ZA,2023-04,RESFUEL,TOTDEMO,CONVBBL,6491.0000,3
ZA,2023-04,RESFUEL,TOTDEMO,KBBL,408.9330,3
ZA,2023-04,RESFUEL,TOTDEMO,KBD,13.6311,3
ZA,2023-04,RESFUEL,TOTDEMO,KL,65.0153,3
ZA,2023-04,RESFUEL,TOTDEMO,KTONS,63.0000,3
ZA,2023-04,RESFUEL,TOTEXPSB,CONVBBL,6491.0000,3
ZA,2023-04,RESFUEL,TOTEXPSB,KBBL,447.8790,3
ZA,2023-04,RESFUEL,TOTEXPSB,KBD,14.9293,3
ZA,2023-04,RESFUEL,TOTEXPSB,KL,71.2072,3
ZA,2023-04,RESFUEL,TOTEXPSB,KTONS,69.0000,3
ZA,2023-04,RESFUEL,TOTIMPSB,CONVBBL,6491.0000,3
ZA,2023-04,RESFUEL,TOTIMPSB,KBBL,0.0000,3
ZA,2023-04,RESFUEL,TOTIMPSB,KBD,0.0000,3
ZA,2023-04,RESFUEL,TOTIMPSB,KL,0.0000,3
ZA,2023-04,RESFUEL,TOTIMPSB,KTONS,0.0000,3
ZA,2023-05,RESFUEL,CLOSTLV,CONVBBL,6491.0000,3
ZA,2023-05,RESFUEL,CLOSTLV,KBBL,882.7760,3
ZA,2023-05,RESFUEL,CLOSTLV,KBD,x,3
ZA,2023-05,RESFUEL,CLOSTLV,KL,140.3504,3
ZA,2023-05,RESFUEL,CLOSTLV,KTONS,136.0000,3
ZA,2023-05,RESFUEL,IPTRANSF,CONVBBL,6491.0000,3
ZA,2023-05,RESFUEL,IPTRANSF,KBBL,6.4910,3
ZA,2023-05,RESFUEL,IPTRANSF,KBD,0.2094,3
ZA,2023-05,RESFUEL,IPTRANSF,KL,1.0320,3
ZA,2023-05,RESFUEL,IPTRANSF,KTONS,1.0000,3
ZA,2023-05,RESFUEL,PTRANSF,CONVBBL,6491.0000,3
ZA,2023-05,RESFUEL,PTRANSF,KBBL,-,3
ZA,2023-05,RESFUEL,PTRANSF,KBD,-,3
ZA,2023-05,RESFUEL,PTRANSF,KL,-,3
ZA,2023-05,RESFUEL,PTRANSF,KTONS,-,3
ZA,2023-05,RESFUEL,RECEIPTS,CONVBBL,6491.0000,3
ZA,2023-05,RESFUEL,RECEIPTS,KBBL,-,3
ZA,2023-05,RESFUEL,RECEIPTS,KBD,-,3
ZA,2023-05,RESFUEL,RECEIPTS,KL,-,3
ZA,2023-05,RESFUEL,RECEIPTS,KTONS,-,3
ZA,2023-05,RESFUEL,REFGROUT,CONVBBL,6491.0000,3
ZA,2023-05,RESFUEL,REFGROUT,KBBL,765.9380,3
ZA,2023-05,RESFUEL,REFGROUT,KBD,24.7077,3
ZA,2023-05,RESFUEL,REFGROUT,KL,121.7746,3
ZA,2023-05,RESFUEL,REFGROUT,KTONS,118.0000,3
ZA,2023-05,RESFUEL,STATDIFF,CONVBBL,6491.0000,3
ZA,2023-05,RESFUEL,STATDIFF,KBBL,-142.8020,3
ZA,2023-05,RESFUEL,STATDIFF,KBD,-4.6065,3
ZA,2023-05,RESFUEL,STATDIFF,KL,-22.7037,3
ZA,2023-05,RESFUEL,STATDIFF,KTONS,-22.0000,3
ZA,2023-05,RESFUEL,STOCKCH,CONVBBL,6491.0000,3
ZA,2023-05,RESFUEL,STOCKCH,KBBL,-12.9820,3
ZA,2023-05,RESFUEL,STOCKCH,KBD,x,3
ZA,2023-05,RESFUEL,STOCKCH,KL,-2.0640,3
ZA,2023-05,RESFUEL,STOCKCH,KTONS,-2.0000,3
ZA,2023-05,RESFUEL,TOTDEMO,CONVBBL,6491.0000,3
ZA,2023-05,RESFUEL,TOTDEMO,KBBL,915.2310,3
ZA,2023-05,RESFUEL,TOTDEMO,KBD,29.5236,3
ZA,2023-05,RESFUEL,TOTDEMO,KL,145.5104,3
ZA,2023-05,RESFUEL,TOTDEMO,KTONS,141.0000,3
ZA,2023-05,RESFUEL,TOTEXPSB,CONVBBL,6491.0000,3
ZA,2023-05,RESFUEL,TOTEXPSB,KBBL,12.9820,3
ZA,2023-05,RESFUEL,TOTEXPSB,KBD,0.4188,3
ZA,2023-05,RESFUEL,TOTEXPSB,KL,2.0640,3
ZA,2023-05,RESFUEL,TOTEXPSB,KTONS,2.0000,3
ZA,2023-05,RESFUEL,TOTIMPSB,CONVBBL,6491.0000,3
ZA,2023-05,RESFUEL,TOTIMPSB,KBBL,0.0000,3
ZA,2023-05,RESFUEL,TOTIMPSB,KBD,0.0000,3
ZA,2023-05,RESFUEL,TOTIMPSB,KL,0.0000,3
ZA,2023-05,RESFUEL,TOTIMPSB,KTONS,0.0000,3
ZA,2023-06,RESFUEL,CLOSTLV,CONVBBL,6491.0000,3
ZA,2023-06,RESFUEL,CLOSTLV,KBBL,863.3030,3
ZA,2023-06,RESFUEL,CLOSTLV,KBD,x,3
ZA,2023-06,RESFUEL,CLOSTLV,KL,137.2544,3
ZA,2023-06,RESFUEL,CLOSTLV,KTONS,133.0000,3
ZA,2023-06,RESFUEL,IPTRANSF,CONVBBL,6491.0000,3
ZA,2023-06,RESFUEL,IPTRANSF,KBBL,6.4910,3
ZA,2023-06,RESFUEL,IPTRANSF,KBD,0.2164,3
ZA,2023-06,RESFUEL,IPTRANSF,KL,1.0320,3
ZA,2023-06,RESFUEL,IPTRANSF,KTONS,1.0000,3
ZA,2023-06,RESFUEL,PTRANSF,CONVBBL,6491.0000,3
ZA,2023-06,RESFUEL,PTRANSF,KBBL,-,3
ZA,2023-06,RESFUEL,PTRANSF,KBD,-,3
ZA,2023-06,RESFUEL,PTRANSF,KL,-,3
ZA,2023-06,RESFUEL,PTRANSF,KTONS,-,3
ZA,2023-06,RESFUEL,RECEIPTS,CONVBBL,6491.0000,3
ZA,2023-06,RESFUEL,RECEIPTS,KBBL,-,3
ZA,2023-06,RESFUEL,RECEIPTS,KBD,-,3
ZA,2023-06,RESFUEL,RECEIPTS,KL,-,3
ZA,2023-06,RESFUEL,RECEIPTS,KTONS,-,3
ZA,2023-06,RESFUEL,REFGROUT,CONVBBL,6491.0000,3
ZA,2023-06,RESFUEL,REFGROUT,KBBL,772.4290,3
ZA,2023-06,RESFUEL,REFGROUT,KBD,25.7476,3
ZA,2023-06,RESFUEL,REFGROUT,KL,122.8066,3
ZA,2023-06,RESFUEL,REFGROUT,KTONS,119.0000,3
ZA,2023-06,RESFUEL,STATDIFF,CONVBBL,6491.0000,3
ZA,2023-06,RESFUEL,STATDIFF,KBBL,25.9640,3
ZA,2023-06,RESFUEL,STATDIFF,KBD,0.8655,3
ZA,2023-06,RESFUEL,STATDIFF,KL,4.1280,3
ZA,2023-06,RESFUEL,STATDIFF,KTONS,4.0000,3
ZA,2023-06,RESFUEL,STOCKCH,CONVBBL,6491.0000,3
ZA,2023-06,RESFUEL,STOCKCH,KBBL,-84.3830,3
ZA,2023-06,RESFUEL,STOCKCH,KBD,x,3
ZA,2023-06,RESFUEL,STOCKCH,KL,-13.4158,3
ZA,2023-06,RESFUEL,STOCKCH,KTONS,-13.0000,3
ZA,2023-06,RESFUEL,TOTDEMO,CONVBBL,6491.0000,3
ZA,2023-06,RESFUEL,TOTDEMO,KBBL,928.2130,3
ZA,2023-06,RESFUEL,TOTDEMO,KBD,30.9404,3
ZA,2023-06,RESFUEL,TOTDEMO,KL,147.5743,3
ZA,2023-06,RESFUEL,TOTDEMO,KTONS,143.0000,3
ZA,2023-06,RESFUEL,TOTEXPSB,CONVBBL,6491.0000,3
ZA,2023-06,RESFUEL,TOTEXPSB,KBBL,64.9100,3
ZA,2023-06,RESFUEL,TOTEXPSB,KBD,2.1637,3
ZA,2023-06,RESFUEL,TOTEXPSB,KL,10.3199,3
ZA,2023-06,RESFUEL,TOTEXPSB,KTONS,10.0000,3
ZA,2023-06,RESFUEL,TOTIMPSB,CONVBBL,6491.0000,3
ZA,2023-06,RESFUEL,TOTIMPSB,KBBL,149.2930,3
ZA,2023-06,RESFUEL,TOTIMPSB,KBD,4.9764,3
ZA,2023-06,RESFUEL,TOTIMPSB,KL,23.7357,3
ZA,2023-06,RESFUEL,TOTIMPSB,KTONS,23.0000,3
ZA,2023-07,RESFUEL,CLOSTLV,CONVBBL,6491.0000,3
ZA,2023-07,RESFUEL,CLOSTLV,KBBL,902.2490,3
ZA,2023-07,RESFUEL,CLOSTLV,KBD,x,3
ZA,2023-07,RESFUEL,CLOSTLV,KL,143.4464,3
ZA,2023-07,RESFUEL,CLOSTLV,KTONS,139.0000,3
ZA,2023-07,RESFUEL,IPTRANSF,CONVBBL,6491.0000,3
ZA,2023-07,RESFUEL,IPTRANSF,KBBL,6.4910,3
ZA,2023-07,RESFUEL,IPTRANSF,KBD,0.2094,3
ZA,2023-07,RESFUEL,IPTRANSF,KL,1.0320,3
ZA,2023-07,RESFUEL,IPTRANSF,KTONS,1.0000,3
ZA,2023-07,RESFUEL,PTRANSF,CONVBBL,6491.0000,3
ZA,2023-07,RESFUEL,PTRANSF,KBBL,-,3
ZA,2023-07,RESFUEL,PTRANSF,KBD,-,3
ZA,2023-07,RESFUEL,PTRANSF,KL,-,3
ZA,2023-07,RESFUEL,PTRANSF,KTONS,-,3
ZA,2023-07,RESFUEL,RECEIPTS,CONVBBL,6491.0000,3
ZA,2023-07,RESFUEL,RECEIPTS,KBBL,-,3
ZA,2023-07,RESFUEL,RECEIPTS,KBD,-,3
ZA,2023-07,RESFUEL,RECEIPTS,KL,-,3
ZA,2023-07,RESFUEL,RECEIPTS,KTONS,-,3
ZA,2023-07,RESFUEL,REFGROUT,CONVBBL,6491.0000,3
ZA,2023-07,RESFUEL,REFGROUT,KBBL,765.9380,3
ZA,2023-07,RESFUEL,REFGROUT,KBD,24.7077,3
ZA,2023-07,RESFUEL,REFGROUT,KL,121.7746,3
ZA,2023-07,RESFUEL,REFGROUT,KTONS,118.0000,3
ZA,2023-07,RESFUEL,STATDIFF,CONVBBL,6491.0000,3
ZA,2023-07,RESFUEL,STATDIFF,KBBL,-207.7120,3
ZA,2023-07,RESFUEL,STATDIFF,KBD,-6.7004,3
ZA,2023-07,RESFUEL,STATDIFF,KL,-33.0236,3
ZA,2023-07,RESFUEL,STATDIFF,KTONS,-32.0000,3
ZA,2023-07,RESFUEL,STOCKCH,CONVBBL,6491.0000,3
ZA,2023-07,RESFUEL,STOCKCH,KBBL,25.9640,3
ZA,2023-07,RESFUEL,STOCKCH,KBD,x,3
ZA,2023-07,RESFUEL,STOCKCH,KL,4.1280,3
ZA,2023-07,RESFUEL,STOCKCH,KTONS,4.0000,3
ZA,2023-07,RESFUEL,TOTDEMO,CONVBBL,6491.0000,3
ZA,2023-07,RESFUEL,TOTDEMO,KBBL,856.8120,3
ZA,2023-07,RESFUEL,TOTDEMO,KBD,27.6391,3
ZA,2023-07,RESFUEL,TOTDEMO,KL,136.2225,3
ZA,2023-07,RESFUEL,TOTDEMO,KTONS,132.0000,3
ZA,2023-07,RESFUEL,TOTEXPSB,CONVBBL,6491.0000,3
ZA,2023-07,RESFUEL,TOTEXPSB,KBBL,103.8560,3
ZA,2023-07,RESFUEL,TOTEXPSB,KBD,3.3502,3
ZA,2023-07,RESFUEL,TOTEXPSB,KL,16.5118,3
ZA,2023-07,RESFUEL,TOTEXPSB,KTONS,16.0000,3
ZA,2023-07,RESFUEL,TOTIMPSB,CONVBBL,6491.0000,3
ZA,2023-07,RESFUEL,TOTIMPSB,KBBL,0.0000,3
ZA,2023-07,RESFUEL,TOTIMPSB,KBD,0.0000,3
ZA,2023-07,RESFUEL,TOTIMPSB,KL,0.0000,3
ZA,2023-07,RESFUEL,TOTIMPSB,KTONS,0.0000,3
ZA,2023-08,RESFUEL,CLOSTLV,CONVBBL,6491.0000,3
ZA,2023-08,RESFUEL,CLOSTLV,KBBL,954.1770,3
ZA,2023-08,RESFUEL,CLOSTLV,KBD,x,3
ZA,2023-08,RESFUEL,CLOSTLV,KL,151.7023,3
ZA,2023-08,RESFUEL,CLOSTLV,KTONS,147.0000,3
ZA,2023-08,RESFUEL,IPTRANSF,CONVBBL,6491.0000,3
ZA,2023-08,RESFUEL,IPTRANSF,KBBL,6.4910,3
ZA,2023-08,RESFUEL,IPTRANSF,KBD,0.2094,3
ZA,2023-08,RESFUEL,IPTRANSF,KL,1.0320,3
ZA,2023-08,RESFUEL,IPTRANSF,KTONS,1.0000,3
ZA,2023-08,RESFUEL,PTRANSF,CONVBBL,6491.0000,3
ZA,2023-08,RESFUEL,PTRANSF,KBBL,-,3
ZA,2023-08,RESFUEL,PTRANSF,KBD,-,3
ZA,2023-08,RESFUEL,PTRANSF,KL,-,3
ZA,2023-08,RESFUEL,PTRANSF,KTONS,-,3
ZA,2023-08,RESFUEL,RECEIPTS,CONVBBL,6491.0000,3
ZA,2023-08,RESFUEL,RECEIPTS,KBBL,-,3
ZA,2023-08,RESFUEL,RECEIPTS,KBD,-,3
ZA,2023-08,RESFUEL,RECEIPTS,KL,-,3
ZA,2023-08,RESFUEL,RECEIPTS,KTONS,-,3
ZA,2023-08,RESFUEL,REFGROUT,CONVBBL,6491.0000,3
ZA,2023-08,RESFUEL,REFGROUT,KBBL,746.4650,3
ZA,2023-08,RESFUEL,REFGROUT,KBD,24.0795,3
ZA,2023-08,RESFUEL,REFGROUT,KL,118.6787,3
ZA,2023-08,RESFUEL,REFGROUT,KTONS,115.0000,3
ZA,2023-08,RESFUEL,STATDIFF,CONVBBL,6491.0000,3
ZA,2023-08,RESFUEL,STATDIFF,KBBL,0.0000,3
ZA,2023-08,RESFUEL,STATDIFF,KBD,0.0000,3
ZA,2023-08,RESFUEL,STATDIFF,KL,0.0000,3
ZA,2023-08,RESFUEL,STATDIFF,KTONS,0.0000,3
ZA,2023-08,RESFUEL,STOCKCH,CONVBBL,6491.0000,3
ZA,2023-08,RESFUEL,STOCKCH,KBBL,32.4550,3
ZA,2023-08,RESFUEL,STOCKCH,KBD,x,3
ZA,2023-08,RESFUEL,STOCKCH,KL,5.1599,3
ZA,2023-08,RESFUEL,STOCKCH,KTONS,5.0000,3
ZA,2023-08,RESFUEL,TOTDEMO,CONVBBL,6491.0000,3
ZA,2023-08,RESFUEL,TOTDEMO,KBBL,921.7220,3
ZA,2023-08,RESFUEL,TOTDEMO,KBD,29.7330,3
ZA,2023-08,RESFUEL,TOTDEMO,KL,146.5423,3
ZA,2023-08,RESFUEL,TOTDEMO,KTONS,142.0000,3
ZA,2023-08,RESFUEL,TOTEXPSB,CONVBBL,6491.0000,3
ZA,2023-08,RESFUEL,TOTEXPSB,KBBL,6.4910,3
ZA,2023-08,RESFUEL,TOTEXPSB,KBD,0.2094,3
ZA,2023-08,RESFUEL,TOTEXPSB,KL,1.0320,3
ZA,2023-08,RESFUEL,TOTEXPSB,KTONS,1.0000,3
ZA,2023-08,RESFUEL,TOTIMPSB,CONVBBL,6491.0000,3
ZA,2023-08,RESFUEL,TOTIMPSB,KBBL,207.7120,3
ZA,2023-08,RESFUEL,TOTIMPSB,KBD,6.7004,3
ZA,2023-08,RESFUEL,TOTIMPSB,KL,33.0236,3
ZA,2023-08,RESFUEL,TOTIMPSB,KTONS,32.0000,3
ZA,2023-09,RESFUEL,CLOSTLV,CONVBBL,6491.0000,3
ZA,2023-09,RESFUEL,CLOSTLV,KBBL,707.5190,3
ZA,2023-09,RESFUEL,CLOSTLV,KBD,x,3
ZA,2023-09,RESFUEL,CLOSTLV,KL,112.4867,3
ZA,2023-09,RESFUEL,CLOSTLV,KTONS,109.0000,3
ZA,2023-09,RESFUEL,IPTRANSF,CONVBBL,6491.0000,3
ZA,2023-09,RESFUEL,IPTRANSF,KBBL,6.4910,3
ZA,2023-09,RESFUEL,IPTRANSF,KBD,0.2164,3
ZA,2023-09,RESFUEL,IPTRANSF,KL,1.0320,3
ZA,2023-09,RESFUEL,IPTRANSF,KTONS,1.0000,3
ZA,2023-09,RESFUEL,PTRANSF,CONVBBL,6491.0000,3
ZA,2023-09,RESFUEL,PTRANSF,KBBL,-,3
ZA,2023-09,RESFUEL,PTRANSF,KBD,-,3
ZA,2023-09,RESFUEL,PTRANSF,KL,-,3
ZA,2023-09,RESFUEL,PTRANSF,KTONS,-,3
ZA,2023-09,RESFUEL,RECEIPTS,CONVBBL,6491.0000,3
ZA,2023-09,RESFUEL,RECEIPTS,KBBL,-,3
ZA,2023-09,RESFUEL,RECEIPTS,KBD,-,3
ZA,2023-09,RESFUEL,RECEIPTS,KL,-,3
ZA,2023-09,RESFUEL,RECEIPTS,KTONS,-,3
ZA,2023-09,RESFUEL,REFGROUT,CONVBBL,6491.0000,3
ZA,2023-09,RESFUEL,REFGROUT,KBBL,688.0460,3
ZA,2023-09,RESFUEL,REFGROUT,KBD,22.9349,3
ZA,2023-09,RESFUEL,REFGROUT,KL,109.3908,3
ZA,2023-09,RESFUEL,REFGROUT,KTONS,106.0000,3
ZA,2023-09,RESFUEL,STATDIFF,CONVBBL,6491.0000,3
ZA,2023-09,RESFUEL,STATDIFF,KBBL,-123.3290,3
ZA,2023-09,RESFUEL,STATDIFF,KBD,-4.1110,3
ZA,2023-09,RESFUEL,STATDIFF,KL,-19.6078,3
ZA,2023-09,RESFUEL,STATDIFF,KTONS,-19.0000,3
ZA,2023-09,RESFUEL,STOCKCH,CONVBBL,6491.0000,3
ZA,2023-09,RESFUEL,STOCKCH,KBBL,-266.1310,3
ZA,2023-09,RESFUEL,STOCKCH,KBD,x,3
ZA,2023-09,RESFUEL,STOCKCH,KL,-42.3115,3
ZA,2023-09,RESFUEL,STOCKCH,KTONS,-41.0000,3
ZA,2023-09,RESFUEL,TOTDEMO,CONVBBL,6491.0000,3
ZA,2023-09,RESFUEL,TOTDEMO,KBBL,1083.9970,3
ZA,2023-09,RESFUEL,TOTDEMO,KBD,36.1332,3
ZA,2023-09,RESFUEL,TOTDEMO,KL,172.3420,3
ZA,2023-09,RESFUEL,TOTDEMO,KTONS,167.0000,3
ZA,2023-09,RESFUEL,TOTEXPSB,CONVBBL,6491.0000,3
ZA,2023-09,RESFUEL,TOTEXPSB,KBBL,0.0000,3
ZA,2023-09,RESFUEL,TOTEXPSB,KBD,0.0000,3
ZA,2023-09,RESFUEL,TOTEXPSB,KL,0.0000,3
ZA,2023-09,RESFUEL,TOTEXPSB,KTONS,0.0000,3
ZA,2023-09,RESFUEL,TOTIMPSB,CONVBBL,6491.0000,3
ZA,2023-09,RESFUEL,TOTIMPSB,KBBL,0.0000,3
ZA,2023-09,RESFUEL,TOTIMPSB,KBD,0.0000,3
ZA,2023-09,RESFUEL,TOTIMPSB,KL,0.0000,3
ZA,2023-09,RESFUEL,TOTIMPSB,KTONS,0.0000,3
ZA,2023-10,RESFUEL,CLOSTLV,CONVBBL,6491.0000,3
ZA,2023-10,RESFUEL,CLOSTLV,KBBL,837.3390,3
ZA,2023-10,RESFUEL,CLOSTLV,KBD,x,3
ZA,2023-10,RESFUEL,CLOSTLV,KL,133.1265,3
ZA,2023-10,RESFUEL,CLOSTLV,KTONS,129.0000,3
ZA,2023-10,RESFUEL,IPTRANSF,CONVBBL,6491.0000,3
ZA,2023-10,RESFUEL,IPTRANSF,KBBL,6.4910,3
ZA,2023-10,RESFUEL,IPTRANSF,KBD,0.2094,3
ZA,2023-10,RESFUEL,IPTRANSF,KL,1.0320,3
ZA,2023-10,RESFUEL,IPTRANSF,KTONS,1.0000,3
ZA,2023-10,RESFUEL,PTRANSF,CONVBBL,6491.0000,3
ZA,2023-10,RESFUEL,PTRANSF,KBBL,-,3
ZA,2023-10,RESFUEL,PTRANSF,KBD,-,3
ZA,2023-10,RESFUEL,PTRANSF,KL,-,3
ZA,2023-10,RESFUEL,PTRANSF,KTONS,-,3
ZA,2023-10,RESFUEL,RECEIPTS,CONVBBL,6491.0000,3
ZA,2023-10,RESFUEL,RECEIPTS,KBBL,-,3
ZA,2023-10,RESFUEL,RECEIPTS,KBD,-,3
ZA,2023-10,RESFUEL,RECEIPTS,KL,-,3
ZA,2023-10,RESFUEL,RECEIPTS,KTONS,-,3
ZA,2023-10,RESFUEL,REFGROUT,CONVBBL,6491.0000,3
ZA,2023-10,RESFUEL,REFGROUT,KBBL,830.8480,3
ZA,2023-10,RESFUEL,REFGROUT,KBD,26.8015,3
ZA,2023-10,RESFUEL,REFGROUT,KL,132.0945,3
ZA,2023-10,RESFUEL,REFGROUT,KTONS,128.0000,3
ZA,2023-10,RESFUEL,STATDIFF,CONVBBL,6491.0000,3
ZA,2023-10,RESFUEL,STATDIFF,KBBL,-259.6400,3
ZA,2023-10,RESFUEL,STATDIFF,KBD,-8.3755,3
ZA,2023-10,RESFUEL,STATDIFF,KL,-41.2795,3
ZA,2023-10,RESFUEL,STATDIFF,KTONS,-40.0000,3
ZA,2023-10,RESFUEL,STOCKCH,CONVBBL,6491.0000,3
ZA,2023-10,RESFUEL,STOCKCH,KBBL,116.8380,3
ZA,2023-10,RESFUEL,STOCKCH,KBD,x,3
ZA,2023-10,RESFUEL,STOCKCH,KL,18.5758,3
ZA,2023-10,RESFUEL,STOCKCH,KTONS,18.0000,3
ZA,2023-10,RESFUEL,TOTDEMO,CONVBBL,6491.0000,3
ZA,2023-10,RESFUEL,TOTDEMO,KBBL,980.1410,3
ZA,2023-10,RESFUEL,TOTDEMO,KBD,31.6175,3
ZA,2023-10,RESFUEL,TOTDEMO,KL,155.8302,3
ZA,2023-10,RESFUEL,TOTDEMO,KTONS,151.0000,3
ZA,2023-10,RESFUEL,TOTEXPSB,CONVBBL,6491.0000,3
ZA,2023-10,RESFUEL,TOTEXPSB,KBBL,0.0000,3
ZA,2023-10,RESFUEL,TOTEXPSB,KBD,0.0000,3
ZA,2023-10,RESFUEL,TOTEXPSB,KL,0.0000,3
ZA,2023-10,RESFUEL,TOTEXPSB,KTONS,0.0000,3
ZA,2023-10,RESFUEL,TOTIMPSB,CONVBBL,6491.0000,3
ZA,2023-10,RESFUEL,TOTIMPSB,KBBL,0.0000,3
ZA,2023-10,RESFUEL,TOTIMPSB,KBD,0.0000,3
ZA,2023-10,RESFUEL,TOTIMPSB,KL,0.0000,3
ZA,2023-10,RESFUEL,TOTIMPSB,KTONS,0.0000,3
ZA,2023-11,RESFUEL,CLOSTLV,CONVBBL,6491.0000,3
ZA,2023-11,RESFUEL,CLOSTLV,KBBL,629.6270,3
ZA,2023-11,RESFUEL,CLOSTLV,KBD,x,3
ZA,2023-11,RESFUEL,CLOSTLV,KL,100.1029,3
ZA,2023-11,RESFUEL,CLOSTLV,KTONS,97.0000,3
ZA,2023-11,RESFUEL,IPTRANSF,CONVBBL,6491.0000,3
ZA,2023-11,RESFUEL,IPTRANSF,KBBL,6.4910,3
ZA,2023-11,RESFUEL,IPTRANSF,KBD,0.2164,3
ZA,2023-11,RESFUEL,IPTRANSF,KL,1.0320,3
ZA,2023-11,RESFUEL,IPTRANSF,KTONS,1.0000,3
ZA,2023-11,RESFUEL,PTRANSF,CONVBBL,6491.0000,3
ZA,2023-11,RESFUEL,PTRANSF,KBBL,-,3
ZA,2023-11,RESFUEL,PTRANSF,KBD,-,3
ZA,2023-11,RESFUEL,PTRANSF,KL,-,3
ZA,2023-11,RESFUEL,PTRANSF,KTONS,-,3
ZA,2023-11,RESFUEL,RECEIPTS,CONVBBL,6491.0000,3
ZA,2023-11,RESFUEL,RECEIPTS,KBBL,-,3
ZA,2023-11,RESFUEL,RECEIPTS,KBD,-,3
ZA,2023-11,RESFUEL,RECEIPTS,KL,-,3
ZA,2023-11,RESFUEL,RECEIPTS,KTONS,-,3
ZA,2023-11,RESFUEL,REFGROUT,CONVBBL,6491.0000,3
ZA,2023-11,RESFUEL,REFGROUT,KBBL,597.1720,3
ZA,2023-11,RESFUEL,REFGROUT,KBD,19.9057,3
ZA,2023-11,RESFUEL,REFGROUT,KL,94.9429,3
ZA,2023-11,RESFUEL,REFGROUT,KTONS,92.0000,3
ZA,2023-11,RESFUEL,STATDIFF,CONVBBL,6491.0000,3
ZA,2023-11,RESFUEL,STATDIFF,KBBL,123.3290,3
ZA,2023-11,RESFUEL,STATDIFF,KBD,4.1110,3
ZA,2023-11,RESFUEL,STATDIFF,KL,19.6078,3
ZA,2023-11,RESFUEL,STATDIFF,KTONS,19.0000,3
ZA,2023-11,RESFUEL,STOCKCH,CONVBBL,6491.0000,3
ZA,2023-11,RESFUEL,STOCKCH,KBBL,-233.6760,3
ZA,2023-11,RESFUEL,STOCKCH,KBD,x,3
ZA,2023-11,RESFUEL,STOCKCH,KL,-37.1516,3
ZA,2023-11,RESFUEL,STOCKCH,KTONS,-36.0000,3
ZA,2023-11,RESFUEL,TOTDEMO,CONVBBL,6491.0000,3
ZA,2023-11,RESFUEL,TOTDEMO,KBBL,1259.2540,3
ZA,2023-11,RESFUEL,TOTDEMO,KBD,41.9751,3
ZA,2023-11,RESFUEL,TOTDEMO,KL,200.2057,3
ZA,2023-11,RESFUEL,TOTDEMO,KTONS,194.0000,3
ZA,2023-11,RESFUEL,TOTEXPSB,CONVBBL,6491.0000,3
ZA,2023-11,RESFUEL,TOTEXPSB,KBBL,0.0000,3
ZA,2023-11,RESFUEL,TOTEXPSB,KBD,0.0000,3
ZA,2023-11,RESFUEL,TOTEXPSB,KL,0.0000,3
ZA,2023-11,RESFUEL,TOTEXPSB,KTONS,0.0000,3
ZA,2023-11,RESFUEL,TOTIMPSB,CONVBBL,6491.0000,3
ZA,2023-11,RESFUEL,TOTIMPSB,KBBL,545.2440,3
ZA,2023-11,RESFUEL,TOTIMPSB,KBD,18.1748,3
ZA,2023-11,RESFUEL,TOTIMPSB,KL,86.6870,3
ZA,2023-11,RESFUEL,TOTIMPSB,KTONS,84.0000,3
ZA,2023-12,RESFUEL,CLOSTLV,CONVBBL,6491.0000,3
ZA,2023-12,RESFUEL,CLOSTLV,KBBL,629.6270,3
ZA,2023-12,RESFUEL,CLOSTLV,KBD,x,3
ZA,2023-12,RESFUEL,CLOSTLV,KL,100.1029,3
ZA,2023-12,RESFUEL,CLOSTLV,KTONS,97.0000,3
ZA,2023-12,RESFUEL,IPTRANSF,CONVBBL,6491.0000,3
ZA,2023-12,RESFUEL,IPTRANSF,KBBL,6.4910,3
ZA,2023-12,RESFUEL,IPTRANSF,KBD,0.2094,3
ZA,2023-12,RESFUEL,IPTRANSF,KL,1.0320,3
ZA,2023-12,RESFUEL,IPTRANSF,KTONS,1.0000,3
ZA,2023-12,RESFUEL,PTRANSF,CONVBBL,6491.0000,3
ZA,2023-12,RESFUEL,PTRANSF,KBBL,-,3
ZA,2023-12,RESFUEL,PTRANSF,KBD,-,3
ZA,2023-12,RESFUEL,PTRANSF,KL,-,3
ZA,2023-12,RESFUEL,PTRANSF,KTONS,-,3
ZA,2023-12,RESFUEL,RECEIPTS,CONVBBL,6491.0000,3
ZA,2023-12,RESFUEL,RECEIPTS,KBBL,-,3
ZA,2023-12,RESFUEL,RECEIPTS,KBD,-,3
ZA,2023-12,RESFUEL,RECEIPTS,KL,-,3
ZA,2023-12,RESFUEL,RECEIPTS,KTONS,-,3
ZA,2023-12,RESFUEL,REFGROUT,CONVBBL,6491.0000,3
ZA,2023-12,RESFUEL,REFGROUT,KBBL,746.4650,3
ZA,2023-12,RESFUEL,REFGROUT,KBD,24.0795,3
ZA,2023-12,RESFUEL,REFGROUT,KL,118.6787,3
ZA,2023-12,RESFUEL,REFGROUT,KTONS,115.0000,3
ZA,2023-12,RESFUEL,STATDIFF,CONVBBL,6491.0000,3
ZA,2023-12,RESFUEL,STATDIFF,KBBL,-499.8070,3
ZA,2023-12,RESFUEL,STATDIFF,KBD,-16.1228,3
ZA,2023-12,RESFUEL,STATDIFF,KL,-79.4631,3
ZA,2023-12,RESFUEL,STATDIFF,KTONS,-77.0000,3
ZA,2023-12,RESFUEL,STOCKCH,CONVBBL,6491.0000,3
ZA,2023-12,RESFUEL,STOCKCH,KBBL,-12.9820,3
ZA,2023-12,RESFUEL,STOCKCH,KBD,x,3
ZA,2023-12,RESFUEL,STOCKCH,KL,-2.0640,3
ZA,2023-12,RESFUEL,STOCKCH,KTONS,-2.0000,3
ZA,2023-12,RESFUEL,TOTDEMO,CONVBBL,6491.0000,3
ZA,2023-12,RESFUEL,TOTDEMO,KBBL,1265.7450,3
ZA,2023-12,RESFUEL,TOTDEMO,KBD,40.8305,3
ZA,2023-12,RESFUEL,TOTDEMO,KL,201.2377,3
ZA,2023-12,RESFUEL,TOTDEMO,KTONS,195.0000,3
ZA,2023-12,RESFUEL,TOTEXPSB,CONVBBL,6491.0000,3
ZA,2023-12,RESFUEL,TOTEXPSB,KBBL,0.0000,3
ZA,2023-12,RESFUEL,TOTEXPSB,KBD,0.0000,3
ZA,2023-12,RESFUEL,TOTEXPSB,KL,0.0000,3
ZA,2023-12,RESFUEL,TOTEXPSB,KTONS,0.0000,3
ZA,2023-12,RESFUEL,TOTIMPSB,CONVBBL,6491.0000,3
ZA,2023-12,RESFUEL,TOTIMPSB,KBBL,0.0000,3
ZA,2023-12,RESFUEL,TOTIMPSB,KBD,0.0000,3
ZA,2023-12,RESFUEL,TOTIMPSB,KL,0.0000,3
ZA,2023-12,RESFUEL,TOTIMPSB,KTONS,0.0000,3
ZA,2023-01,TOTPRODS,CLOSTLV,CONVBBL,7615.0000,3
ZA,2023-01,TOTPRODS,CLOSTLV,KBBL,7190.0000,3
ZA,2023-01,TOTPRODS,CLOSTLV,KBD,x,3
ZA,2023-01,TOTPRODS,CLOSTLV,KL,1143.0000,3
ZA,2023-01,TOTPRODS,CLOSTLV,KTONS,1027.0000,3
ZA,2023-01,TOTPRODS,IPTRANSF,CONVBBL,7615.0000,3
ZA,2023-01,TOTPRODS,IPTRANSF,KBBL,6.0000,3
ZA,2023-01,TOTPRODS,IPTRANSF,KBD,0.0000,3
ZA,2023-01,TOTPRODS,IPTRANSF,KL,1.0000,3
ZA,2023-01,TOTPRODS,IPTRANSF,KTONS,1.0000,3
ZA,2023-01,TOTPRODS,PTRANSF,CONVBBL,7615.0000,3
ZA,2023-01,TOTPRODS,PTRANSF,KBBL,0.0000,3
ZA,2023-01,TOTPRODS,PTRANSF,KBD,0.0000,3
ZA,2023-01,TOTPRODS,PTRANSF,KL,0.0000,3
ZA,2023-01,TOTPRODS,PTRANSF,KTONS,0.0000,3
ZA,2023-01,TOTPRODS,RECEIPTS,CONVBBL,7615.0000,3
ZA,2023-01,TOTPRODS,RECEIPTS,KBBL,0.0000,3
ZA,2023-01,TOTPRODS,RECEIPTS,KBD,0.0000,3
ZA,2023-01,TOTPRODS,RECEIPTS,KL,0.0000,3
ZA,2023-01,TOTPRODS,RECEIPTS,KTONS,0.0000,3
ZA,2023-01,TOTPRODS,REFGROUT,CONVBBL,7615.0000,3
ZA,2023-01,TOTPRODS,REFGROUT,KBBL,7065.0000,3
ZA,2023-01,TOTPRODS,REFGROUT,KBD,228.0000,3
ZA,2023-01,TOTPRODS,REFGROUT,KL,1123.0000,3
ZA,2023-01,TOTPRODS,REFGROUT,KTONS,1057.0000,3
ZA,2023-01,TOTPRODS,STATDIFF,CONVBBL,7615.0000,3
ZA,2023-01,TOTPRODS,STATDIFF,KBBL,-4378.0000,3
ZA,2023-01,TOTPRODS,STATDIFF,KBD,-141.0000,3
ZA,2023-01,TOTPRODS,STATDIFF,KL,-696.0000,3
ZA,2023-01,TOTPRODS,STATDIFF,KTONS,-409.0000,3
ZA,2023-01,TOTPRODS,STOCKCH,CONVBBL,7615.0000,3
ZA,2023-01,TOTPRODS,STOCKCH,KBBL,-327.0000,3
ZA,2023-01,TOTPRODS,STOCKCH,KBD,x,3
ZA,2023-01,TOTPRODS,STOCKCH,KL,-52.0000,3
ZA,2023-01,TOTPRODS,STOCKCH,KTONS,-33.0000,3
ZA,2023-01,TOTPRODS,TOTDEMO,CONVBBL,7615.0000,3
ZA,2023-01,TOTPRODS,TOTDEMO,KBBL,14382.0000,3
ZA,2023-01,TOTPRODS,TOTDEMO,KBD,464.0000,3
ZA,2023-01,TOTPRODS,TOTDEMO,KL,2287.0000,3
ZA,2023-01,TOTPRODS,TOTDEMO,KTONS,1891.0000,3
ZA,2023-01,TOTPRODS,TOTEXPSB,CONVBBL,7615.0000,3
ZA,2023-01,TOTPRODS,TOTEXPSB,KBBL,310.0000,3
ZA,2023-01,TOTPRODS,TOTEXPSB,KBD,10.0000,3
ZA,2023-01,TOTPRODS,TOTEXPSB,KL,49.0000,3
ZA,2023-01,TOTPRODS,TOTEXPSB,KTONS,39.0000,3
ZA,2023-01,TOTPRODS,TOTIMPSB,CONVBBL,7615.0000,3
ZA,2023-01,TOTPRODS,TOTIMPSB,KBBL,2905.0000,3
ZA,2023-01,TOTPRODS,TOTIMPSB,KBD,94.0000,3
ZA,2023-01,TOTPRODS,TOTIMPSB,KL,462.0000,3
ZA,2023-01,TOTPRODS,TOTIMPSB,KTONS,430.0000,3
ZA,2023-02,TOTPRODS,CLOSTLV,CONVBBL,7615.0000,3
ZA,2023-02,TOTPRODS,CLOSTLV,KBBL,7089.0000,3
ZA,2023-02,TOTPRODS,CLOSTLV,KBD,x,3
ZA,2023-02,TOTPRODS,CLOSTLV,KL,1127.0000,3
ZA,2023-02,TOTPRODS,CLOSTLV,KTONS,987.0000,3
ZA,2023-02,TOTPRODS,IPTRANSF,CONVBBL,7615.0000,3
ZA,2023-02,TOTPRODS,IPTRANSF,KBBL,6.0000,3
ZA,2023-02,TOTPRODS,IPTRANSF,KBD,0.0000,3
ZA,2023-02,TOTPRODS,IPTRANSF,KL,1.0000,3
ZA,2023-02,TOTPRODS,IPTRANSF,KTONS,1.0000,3
ZA,2023-02,TOTPRODS,PTRANSF,CONVBBL,7615.0000,3
ZA,2023-02,TOTPRODS,PTRANSF,KBBL,0.0000,3
ZA,2023-02,TOTPRODS,PTRANSF,KBD,0.0000,3
ZA,2023-02,TOTPRODS,PTRANSF,KL,0.0000,3
ZA,2023-02,TOTPRODS,PTRANSF,KTONS,0.0000,3
ZA,2023-02,TOTPRODS,RECEIPTS,CONVBBL,7615.0000,3
ZA,2023-02,TOTPRODS,RECEIPTS,KBBL,0.0000,3
ZA,2023-02,TOTPRODS,RECEIPTS,KBD,0.0000,3
ZA,2023-02,TOTPRODS,RECEIPTS,KL,0.0000,3
ZA,2023-02,TOTPRODS,RECEIPTS,KTONS,0.0000,3
ZA,2023-02,TOTPRODS,REFGROUT,CONVBBL,7615.0000,3
ZA,2023-02,TOTPRODS,REFGROUT,KBBL,7335.0000,3
ZA,2023-02,TOTPRODS,REFGROUT,KBD,262.0000,3
ZA,2023-02,TOTPRODS,REFGROUT,KL,1166.0000,3
ZA,2023-02,TOTPRODS,REFGROUT,KTONS,1094.0000,3
ZA,2023-02,TOTPRODS,STATDIFF,CONVBBL,7615.0000,3
ZA,2023-02,TOTPRODS,STATDIFF,KBBL,-2490.0000,3
ZA,2023-02,TOTPRODS,STATDIFF,KBD,-89.0000,3
ZA,2023-02,TOTPRODS,STATDIFF,KL,-396.0000,3
ZA,2023-02,TOTPRODS,STATDIFF,KTONS,-93.0000,3
ZA,2023-02,TOTPRODS,STOCKCH,CONVBBL,7615.0000,3
ZA,2023-02,TOTPRODS,STOCKCH,KBBL,22.0000,3
ZA,2023-02,TOTPRODS,STOCKCH,KBD,x,3
ZA,2023-02,TOTPRODS,STOCKCH,KL,3.0000,3
ZA,2023-02,TOTPRODS,STOCKCH,KTONS,-29.0000,3
ZA,2023-02,TOTPRODS,TOTDEMO,CONVBBL,7615.0000,3
ZA,2023-02,TOTPRODS,TOTDEMO,KBBL,15678.0000,3
ZA,2023-02,TOTPRODS,TOTDEMO,KBD,560.0000,3
ZA,2023-02,TOTPRODS,TOTDEMO,KL,2493.0000,3
ZA,2023-02,TOTPRODS,TOTDEMO,KTONS,2058.0000,3
ZA,2023-02,TOTPRODS,TOTEXPSB,CONVBBL,7615.0000,3
ZA,2023-02,TOTPRODS,TOTEXPSB,KBBL,310.0000,3
ZA,2023-02,TOTPRODS,TOTEXPSB,KBD,11.0000,3
ZA,2023-02,TOTPRODS,TOTEXPSB,KL,49.0000,3
ZA,2023-02,TOTPRODS,TOTEXPSB,KTONS,39.0000,3
ZA,2023-02,TOTPRODS,TOTIMPSB,CONVBBL,7615.0000,3
ZA,2023-02,TOTPRODS,TOTIMPSB,KBBL,6195.0000,3
ZA,2023-02,TOTPRODS,TOTIMPSB,KBD,221.0000,3
ZA,2023-02,TOTPRODS,TOTIMPSB,KL,985.0000,3
ZA,2023-02,TOTPRODS,TOTIMPSB,KTONS,882.0000,3
ZA,2023-03,TOTPRODS,CLOSTLV,CONVBBL,7615.0000,3
ZA,2023-03,TOTPRODS,CLOSTLV,KBBL,8186.0000,3
ZA,2023-03,TOTPRODS,CLOSTLV,KBD,x,3
ZA,2023-03,TOTPRODS,CLOSTLV,KL,1302.0000,3
ZA,2023-03,TOTPRODS,CLOSTLV,KTONS,1169.0000,3
ZA,2023-03,TOTPRODS,IPTRANSF,CONVBBL,7615.0000,3
ZA,2023-03,TOTPRODS,IPTRANSF,KBBL,6.0000,3
ZA,2023-03,TOTPRODS,IPTRANSF,KBD,0.0000,3
ZA,2023-03,TOTPRODS,IPTRANSF,KL,1.0000,3
ZA,2023-03,TOTPRODS,IPTRANSF,KTONS,1.0000,3
ZA,2023-03,TOTPRODS,PTRANSF,CONVBBL,7615.0000,3
ZA,2023-03,TOTPRODS,PTRANSF,KBBL,0.0000,3
ZA,2023-03,TOTPRODS,PTRANSF,KBD,0.0000,3
ZA,2023-03,TOTPRODS,PTRANSF,KL,0.0000,3
ZA,2023-03,TOTPRODS,PTRANSF,KTONS,0.0000,3
ZA,2023-03,TOTPRODS,RECEIPTS,CONVBBL,7615.0000,3
ZA,2023-03,TOTPRODS,RECEIPTS,KBBL,0.0000,3
ZA,2023-03,TOTPRODS,RECEIPTS,KBD,0.0000,3
ZA,2023-03,TOTPRODS,RECEIPTS,KL,0.0000,3
ZA,2023-03,TOTPRODS,RECEIPTS,KTONS,0.0000,3
ZA,2023-03,TOTPRODS,REFGROUT,CONVBBL,7615.0000,3
ZA,2023-03,TOTPRODS,REFGROUT,KBBL,8738.0000,3
ZA,2023-03,TOTPRODS,REFGROUT,KBD,282.0000,3
ZA,2023-03,TOTPRODS,REFGROUT,KL,1389.0000,3
ZA,2023-03,TOTPRODS,REFGROUT,KTONS,1304.0000,3
ZA,2023-03,TOTPRODS,STATDIFF,CONVBBL,7615.0000,3
ZA,2023-03,TOTPRODS,STATDIFF,KBBL,-3191.0000,3
ZA,2023-03,TOTPRODS,STATDIFF,KBD,-103.0000,3
ZA,2023-03,TOTPRODS,STATDIFF,KL,-507.0000,3
ZA,2023-03,TOTPRODS,STATDIFF,KTONS,-305.0000,3
ZA,2023-03,TOTPRODS,STOCKCH,CONVBBL,7615.0000,3
ZA,2023-03,TOTPRODS,STOCKCH,KBBL,1211.0000,3
ZA,2023-03,TOTPRODS,STOCKCH,KBD,x,3
ZA,2023-03,TOTPRODS,STOCKCH,KL,193.0000,3
ZA,2023-03,TOTPRODS,STOCKCH,KTONS,191.0000,3
ZA,2023-03,TOTPRODS,TOTDEMO,CONVBBL,7615.0000,3
ZA,2023-03,TOTPRODS,TOTDEMO,KBBL,14760.0000,3
ZA,2023-03,TOTPRODS,TOTDEMO,KBD,476.0000,3
ZA,2023-03,TOTPRODS,TOTDEMO,KL,2347.0000,3
ZA,2023-03,TOTPRODS,TOTDEMO,KTONS,1974.0000,3
ZA,2023-03,TOTPRODS,TOTEXPSB,CONVBBL,7615.0000,3
ZA,2023-03,TOTPRODS,TOTEXPSB,KBBL,299.0000,3
ZA,2023-03,TOTPRODS,TOTEXPSB,KBD,10.0000,3
ZA,2023-03,TOTPRODS,TOTEXPSB,KL,48.0000,3
ZA,2023-03,TOTPRODS,TOTEXPSB,KTONS,38.0000,3
ZA,2023-03,TOTPRODS,TOTIMPSB,CONVBBL,7615.0000,3
ZA,2023-03,TOTPRODS,TOTIMPSB,KBBL,4342.0000,3
ZA,2023-03,TOTPRODS,TOTIMPSB,KBD,140.0000,3
ZA,2023-03,TOTPRODS,TOTIMPSB,KL,690.0000,3
ZA,2023-03,TOTPRODS,TOTIMPSB,KTONS,593.0000,3
ZA,2023-04,TOTPRODS,CLOSTLV,CONVBBL,7615.0000,3
ZA,2023-04,TOTPRODS,CLOSTLV,KBBL,8233.0000,3
ZA,2023-04,TOTPRODS,CLOSTLV,KBD,x,3
ZA,2023-04,TOTPRODS,CLOSTLV,KL,1309.0000,3
ZA,2023-04,TOTPRODS,CLOSTLV,KTONS,1216.0000,3
ZA,2023-04,TOTPRODS,IPTRANSF,CONVBBL,7615.0000,3
ZA,2023-04,TOTPRODS,IPTRANSF,KBBL,6.0000,3
ZA,2023-04,TOTPRODS,IPTRANSF,KBD,0.0000,3
ZA,2023-04,TOTPRODS,IPTRANSF,KL,1.0000,3
ZA,2023-04,TOTPRODS,IPTRANSF,KTONS,1.0000,3
ZA,2023-04,TOTPRODS,PTRANSF,CONVBBL,7615.0000,3
ZA,2023-04,TOTPRODS,PTRANSF,KBBL,0.0000,3
ZA,2023-04,TOTPRODS,PTRANSF,KBD,0.0000,3
ZA,2023-04,TOTPRODS,PTRANSF,KL,0.0000,3
ZA,2023-04,TOTPRODS,PTRANSF,KTONS,0.0000,3
ZA,2023-04,TOTPRODS,RECEIPTS,CONVBBL,7615.0000,3
ZA,2023-04,TOTPRODS,RECEIPTS,KBBL,0.0000,3
ZA,2023-04,TOTPRODS,RECEIPTS,KBD,0.0000,3
ZA,2023-04,TOTPRODS,RECEIPTS,KL,0.0000,3
ZA,2023-04,TOTPRODS,RECEIPTS,KTONS,0.0000,3
ZA,2023-04,TOTPRODS,REFGROUT,CONVBBL,7615.0000,3
ZA,2023-04,TOTPRODS,REFGROUT,KBBL,9253.0000,3
ZA,2023-04,TOTPRODS,REFGROUT,KBD,308.0000,3
ZA,2023-04,TOTPRODS,REFGROUT,KL,1471.0000,3
ZA,2023-04,TOTPRODS,REFGROUT,KTONS,1369.0000,3
ZA,2023-04,TOTPRODS,STATDIFF,CONVBBL,7615.0000,3
ZA,2023-04,TOTPRODS,STATDIFF,KBBL,-2695.0000,3
ZA,2023-04,TOTPRODS,STATDIFF,KBD,-90.0000,3
ZA,2023-04,TOTPRODS,STATDIFF,KL,-428.0000,3
ZA,2023-04,TOTPRODS,STATDIFF,KTONS,-219.0000,3
ZA,2023-04,TOTPRODS,STOCKCH,CONVBBL,7615.0000,3
ZA,2023-04,TOTPRODS,STOCKCH,KBBL,162.0000,3
ZA,2023-04,TOTPRODS,STOCKCH,KBD,x,3
ZA,2023-04,TOTPRODS,STOCKCH,KL,26.0000,3
ZA,2023-04,TOTPRODS,STOCKCH,KTONS,59.0000,3
ZA,2023-04,TOTPRODS,TOTDEMO,CONVBBL,7615.0000,3
ZA,2023-04,TOTPRODS,TOTDEMO,KBBL,13805.0000,3
ZA,2023-04,TOTPRODS,TOTDEMO,KBD,460.0000,3
ZA,2023-04,TOTPRODS,TOTDEMO,KL,2195.0000,3
ZA,2023-04,TOTPRODS,TOTDEMO,KTONS,1795.0000,3
ZA,2023-04,TOTPRODS,TOTEXPSB,CONVBBL,7615.0000,3
ZA,2023-04,TOTPRODS,TOTEXPSB,KBBL,717.0000,3
ZA,2023-04,TOTPRODS,TOTEXPSB,KBD,24.0000,3
ZA,2023-04,TOTPRODS,TOTEXPSB,KL,114.0000,3
ZA,2023-04,TOTPRODS,TOTEXPSB,KTONS,102.0000,3
ZA,2023-04,TOTPRODS,TOTIMPSB,CONVBBL,7615.0000,3
ZA,2023-04,TOTPRODS,TOTIMPSB,KBBL,2763.0000,3
ZA,2023-04,TOTPRODS,TOTIMPSB,KBD,92.0000,3
ZA,2023-04,TOTPRODS,TOTIMPSB,KL,439.0000,3
ZA,2023-04,TOTPRODS,TOTIMPSB,KTONS,371.0000,3
ZA,2023-05,TOTPRODS,CLOSTLV,CONVBBL,7615.0000,3
ZA,2023-05,TOTPRODS,CLOSTLV,KBBL,7454.0000,3
ZA,2023-05,TOTPRODS,CLOSTLV,KBD,x,3
ZA,2023-05,TOTPRODS,CLOSTLV,KL,1185.0000,3
ZA,2023-05,TOTPRODS,CLOSTLV,KTONS,1042.0000,3
ZA,2023-05,TOTPRODS,IPTRANSF,CONVBBL,7615.0000,3
ZA,2023-05,TOTPRODS,IPTRANSF,KBBL,6.0000,3
ZA,2023-05,TOTPRODS,IPTRANSF,KBD,0.0000,3
ZA,2023-05,TOTPRODS,IPTRANSF,KL,1.0000,3
ZA,2023-05,TOTPRODS,IPTRANSF,KTONS,1.0000,3
ZA,2023-05,TOTPRODS,PTRANSF,CONVBBL,7615.0000,3
ZA,2023-05,TOTPRODS,PTRANSF,KBBL,0.0000,3
ZA,2023-05,TOTPRODS,PTRANSF,KBD,0.0000,3
ZA,2023-05,TOTPRODS,PTRANSF,KL,0.0000,3
ZA,2023-05,TOTPRODS,PTRANSF,KTONS,0.0000,3
ZA,2023-05,TOTPRODS,RECEIPTS,CONVBBL,7615.0000,3
ZA,2023-05,TOTPRODS,RECEIPTS,KBBL,0.0000,3
ZA,2023-05,TOTPRODS,RECEIPTS,KBD,0.0000,3
ZA,2023-05,TOTPRODS,RECEIPTS,KL,0.0000,3
ZA,2023-05,TOTPRODS,RECEIPTS,KTONS,0.0000,3
ZA,2023-05,TOTPRODS,REFGROUT,CONVBBL,7615.0000,3
ZA,2023-05,TOTPRODS,REFGROUT,KBBL,8509.0000,3
ZA,2023-05,TOTPRODS,REFGROUT,KBD,274.0000,3
ZA,2023-05,TOTPRODS,REFGROUT,KL,1353.0000,3
ZA,2023-05,TOTPRODS,REFGROUT,KTONS,1196.0000,3
ZA,2023-05,TOTPRODS,STATDIFF,CONVBBL,7615.0000,3
ZA,2023-05,TOTPRODS,STATDIFF,KBBL,-2789.0000,3
ZA,2023-05,TOTPRODS,STATDIFF,KBD,-90.0000,3
ZA,2023-05,TOTPRODS,STATDIFF,KL,-443.0000,3
ZA,2023-05,TOTPRODS,STATDIFF,KTONS,-223.0000,3
ZA,2023-05,TOTPRODS,STOCKCH,CONVBBL,7615.0000,3
ZA,2023-05,TOTPRODS,STOCKCH,KBBL,-661.0000,3
ZA,2023-05,TOTPRODS,STOCKCH,KBD,x,3
ZA,2023-05,TOTPRODS,STOCKCH,KL,-105.0000,3
ZA,2023-05,TOTPRODS,STOCKCH,KTONS,-164.0000,3
ZA,2023-05,TOTPRODS,TOTDEMO,CONVBBL,7615.0000,3
ZA,2023-05,TOTPRODS,TOTDEMO,KBBL,15186.0000,3
ZA,2023-05,TOTPRODS,TOTDEMO,KBD,490.0000,3
ZA,2023-05,TOTPRODS,TOTDEMO,KL,2414.0000,3
ZA,2023-05,TOTPRODS,TOTDEMO,KTONS,2008.0000,3
ZA,2023-05,TOTPRODS,TOTEXPSB,CONVBBL,7615.0000,3
ZA,2023-05,TOTPRODS,TOTEXPSB,KBBL,349.0000,3
ZA,2023-05,TOTPRODS,TOTEXPSB,KBD,11.0000,3
ZA,2023-05,TOTPRODS,TOTEXPSB,KL,56.0000,3
ZA,2023-05,TOTPRODS,TOTEXPSB,KTONS,44.0000,3
ZA,2023-05,TOTPRODS,TOTIMPSB,CONVBBL,7615.0000,3
ZA,2023-05,TOTPRODS,TOTIMPSB,KBBL,3580.0000,3
ZA,2023-05,TOTPRODS,TOTIMPSB,KBD,115.0000,3
ZA,2023-05,TOTPRODS,TOTIMPSB,KL,569.0000,3
ZA,2023-05,TOTPRODS,TOTIMPSB,KTONS,469.0000,3
ZA,2023-06,TOTPRODS,CLOSTLV,CONVBBL,7615.0000,3
ZA,2023-06,TOTPRODS,CLOSTLV,KBBL,7028.0000,3
ZA,2023-06,TOTPRODS,CLOSTLV,KBD,x,3
ZA,2023-06,TOTPRODS,CLOSTLV,KL,1117.0000,3
ZA,2023-06,TOTPRODS,CLOSTLV,KTONS,973.0000,3
ZA,2023-06,TOTPRODS,IPTRANSF,CONVBBL,7615.0000,3
ZA,2023-06,TOTPRODS,IPTRANSF,KBBL,6.0000,3
ZA,2023-06,TOTPRODS,IPTRANSF,KBD,0.0000,3
ZA,2023-06,TOTPRODS,IPTRANSF,KL,1.0000,3
ZA,2023-06,TOTPRODS,IPTRANSF,KTONS,1.0000,3
ZA,2023-06,TOTPRODS,PTRANSF,CONVBBL,7615.0000,3
ZA,2023-06,TOTPRODS,PTRANSF,KBBL,0.0000,3
ZA,2023-06,TOTPRODS,PTRANSF,KBD,0.0000,3
ZA,2023-06,TOTPRODS,PTRANSF,KL,0.0000,3
ZA,2023-06,TOTPRODS,PTRANSF,KTONS,0.0000,3
ZA,2023-06,TOTPRODS,RECEIPTS,CONVBBL,7615.0000,3
ZA,2023-06,TOTPRODS,RECEIPTS,KBBL,0.0000,3
ZA,2023-06,TOTPRODS,RECEIPTS,KBD,0.0000,3
ZA,2023-06,TOTPRODS,RECEIPTS,KL,0.0000,3
ZA,2023-06,TOTPRODS,RECEIPTS,KTONS,0.0000,3
ZA,2023-06,TOTPRODS,REFGROUT,CONVBBL,7615.0000,3
ZA,2023-06,TOTPRODS,REFGROUT,KBBL,8590.0000,3
ZA,2023-06,TOTPRODS,REFGROUT,KBD,286.0000,3
ZA,2023-06,TOTPRODS,REFGROUT,KL,1366.0000,3
ZA,2023-06,TOTPRODS,REFGROUT,KTONS,1198.0000,3
ZA,2023-06,TOTPRODS,STATDIFF,CONVBBL,7615.0000,3
ZA,2023-06,TOTPRODS,STATDIFF,KBBL,-1626.0000,3
ZA,2023-06,TOTPRODS,STATDIFF,KBD,-54.0000,3
ZA,2023-06,TOTPRODS,STATDIFF,KL,-259.0000,3
ZA,2023-06,TOTPRODS,STATDIFF,KTONS,-42.0000,3
ZA,2023-06,TOTPRODS,STOCKCH,CONVBBL,7615.0000,3
ZA,2023-06,TOTPRODS,STOCKCH,KBBL,-1108.0000,3
ZA,2023-06,TOTPRODS,STOCKCH,KBD,x,3
ZA,2023-06,TOTPRODS,STOCKCH,KL,-176.0000,3
ZA,2023-06,TOTPRODS,STOCKCH,KTONS,-233.0000,3
ZA,2023-06,TOTPRODS,TOTDEMO,CONVBBL,7615.0000,3
ZA,2023-06,TOTPRODS,TOTDEMO,KBBL,14941.0000,3
ZA,2023-06,TOTPRODS,TOTDEMO,KBD,498.0000,3
ZA,2023-06,TOTPRODS,TOTDEMO,KL,2375.0000,3
ZA,2023-06,TOTPRODS,TOTDEMO,KTONS,1964.0000,3
ZA,2023-06,TOTPRODS,TOTEXPSB,CONVBBL,7615.0000,3
ZA,2023-06,TOTPRODS,TOTEXPSB,KBBL,342.0000,3
ZA,2023-06,TOTPRODS,TOTEXPSB,KBD,11.0000,3
ZA,2023-06,TOTPRODS,TOTEXPSB,KL,54.0000,3
ZA,2023-06,TOTPRODS,TOTEXPSB,KTONS,45.0000,3
ZA,2023-06,TOTPRODS,TOTIMPSB,CONVBBL,7615.0000,3
ZA,2023-06,TOTPRODS,TOTIMPSB,KBBL,3955.0000,3
ZA,2023-06,TOTPRODS,TOTIMPSB,KBD,132.0000,3
ZA,2023-06,TOTPRODS,TOTIMPSB,KL,629.0000,3
ZA,2023-06,TOTPRODS,TOTIMPSB,KTONS,535.0000,3
ZA,2023-07,TOTPRODS,CLOSTLV,CONVBBL,7615.0000,3
ZA,2023-07,TOTPRODS,CLOSTLV,KBBL,7614.0000,3
ZA,2023-07,TOTPRODS,CLOSTLV,KBD,x,3
ZA,2023-07,TOTPRODS,CLOSTLV,KL,1211.0000,3
ZA,2023-07,TOTPRODS,CLOSTLV,KTONS,1042.0000,3
ZA,2023-07,TOTPRODS,IPTRANSF,CONVBBL,7615.0000,3
ZA,2023-07,TOTPRODS,IPTRANSF,KBBL,6.0000,3
ZA,2023-07,TOTPRODS,IPTRANSF,KBD,0.0000,3
ZA,2023-07,TOTPRODS,IPTRANSF,KL,1.0000,3
ZA,2023-07,TOTPRODS,IPTRANSF,KTONS,1.0000,3
ZA,2023-07,TOTPRODS,PTRANSF,CONVBBL,7615.0000,3
ZA,2023-07,TOTPRODS,PTRANSF,KBBL,0.0000,3
ZA,2023-07,TOTPRODS,PTRANSF,KBD,0.0000,3
ZA,2023-07,TOTPRODS,PTRANSF,KL,0.0000,3
ZA,2023-07,TOTPRODS,PTRANSF,KTONS,0.0000,3
ZA,2023-07,TOTPRODS,RECEIPTS,CONVBBL,7615.0000,3
ZA,2023-07,TOTPRODS,RECEIPTS,KBBL,0.0000,3
ZA,2023-07,TOTPRODS,RECEIPTS,KBD,0.0000,3
ZA,2023-07,TOTPRODS,RECEIPTS,KL,0.0000,3
ZA,2023-07,TOTPRODS,RECEIPTS,KTONS,0.0000,3
ZA,2023-07,TOTPRODS,REFGROUT,CONVBBL,7615.0000,3
ZA,2023-07,TOTPRODS,REFGROUT,KBBL,9647.0000,3
ZA,2023-07,TOTPRODS,REFGROUT,KBD,311.0000,3
ZA,2023-07,TOTPRODS,REFGROUT,KL,1534.0000,3
ZA,2023-07,TOTPRODS,REFGROUT,KTONS,1307.0000,3
ZA,2023-07,TOTPRODS,STATDIFF,CONVBBL,7615.0000,3
ZA,2023-07,TOTPRODS,STATDIFF,KBBL,-3021.0000,3
ZA,2023-07,TOTPRODS,STATDIFF,KBD,-97.0000,3
ZA,2023-07,TOTPRODS,STATDIFF,KL,-480.0000,3
ZA,2023-07,TOTPRODS,STATDIFF,KTONS,-338.0000,3
ZA,2023-07,TOTPRODS,STOCKCH,CONVBBL,7615.0000,3
ZA,2023-07,TOTPRODS,STOCKCH,KBBL,715.0000,3
ZA,2023-07,TOTPRODS,STOCKCH,KBD,x,3
ZA,2023-07,TOTPRODS,STOCKCH,KL,114.0000,3
ZA,2023-07,TOTPRODS,STOCKCH,KTONS,81.0000,3
ZA,2023-07,TOTPRODS,TOTDEMO,CONVBBL,7615.0000,3
ZA,2023-07,TOTPRODS,TOTDEMO,KBBL,11730.0000,3
ZA,2023-07,TOTPRODS,TOTDEMO,KBD,378.0000,3
ZA,2023-07,TOTPRODS,TOTDEMO,KL,1865.0000,3
ZA,2023-07,TOTPRODS,TOTDEMO,KTONS,1555.0000,3
ZA,2023-07,TOTPRODS,TOTEXPSB,CONVBBL,7615.0000,3
ZA,2023-07,TOTPRODS,TOTEXPSB,KBBL,4015.0000,3
ZA,2023-07,TOTPRODS,TOTEXPSB,KBD,130.0000,3
ZA,2023-07,TOTPRODS,TOTEXPSB,KL,638.0000,3
ZA,2023-07,TOTPRODS,TOTEXPSB,KTONS,512.0000,3
ZA,2023-07,TOTPRODS,TOTIMPSB,CONVBBL,7615.0000,3
ZA,2023-07,TOTPRODS,TOTIMPSB,KBBL,3783.0000,3
ZA,2023-07,TOTPRODS,TOTIMPSB,KBD,122.0000,3
ZA,2023-07,TOTPRODS,TOTIMPSB,KL,601.0000,3
ZA,2023-07,TOTPRODS,TOTIMPSB,KTONS,501.0000,3
ZA,2023-08,TOTPRODS,CLOSTLV,CONVBBL,7615.0000,3
ZA,2023-08,TOTPRODS,CLOSTLV,KBBL,10553.0000,3
ZA,2023-08,TOTPRODS,CLOSTLV,KBD,x,3
ZA,2023-08,TOTPRODS,CLOSTLV,KL,1678.0000,3
ZA,2023-08,TOTPRODS,CLOSTLV,KTONS,1415.0000,3
ZA,2023-08,TOTPRODS,IPTRANSF,CONVBBL,7615.0000,3
ZA,2023-08,TOTPRODS,IPTRANSF,KBBL,6.0000,3
ZA,2023-08,TOTPRODS,IPTRANSF,KBD,0.0000,3
ZA,2023-08,TOTPRODS,IPTRANSF,KL,1.0000,3
ZA,2023-08,TOTPRODS,IPTRANSF,KTONS,1.0000,3
ZA,2023-08,TOTPRODS,PTRANSF,CONVBBL,7615.0000,3
ZA,2023-08,TOTPRODS,PTRANSF,KBBL,0.0000,3
ZA,2023-08,TOTPRODS,PTRANSF,KBD,0.0000,3
ZA,2023-08,TOTPRODS,PTRANSF,KL,0.0000,3
ZA,2023-08,TOTPRODS,PTRANSF,KTONS,0.0000,3
ZA,2023-08,TOTPRODS,RECEIPTS,CONVBBL,7615.0000,3
ZA,2023-08,TOTPRODS,RECEIPTS,KBBL,0.0000,3
ZA,2023-08,TOTPRODS,RECEIPTS,KBD,0.0000,3
ZA,2023-08,TOTPRODS,RECEIPTS,KL,0.0000,3
ZA,2023-08,TOTPRODS,RECEIPTS,KTONS,0.0000,3
ZA,2023-08,TOTPRODS,REFGROUT,CONVBBL,7615.0000,3
ZA,2023-08,TOTPRODS,REFGROUT,KBBL,9106.0000,3
ZA,2023-08,TOTPRODS,REFGROUT,KBD,294.0000,3
ZA,2023-08,TOTPRODS,REFGROUT,KL,1448.0000,3
ZA,2023-08,TOTPRODS,REFGROUT,KTONS,1238.0000,3
ZA,2023-08,TOTPRODS,STATDIFF,CONVBBL,7615.0000,3
ZA,2023-08,TOTPRODS,STATDIFF,KBBL,-5033.0000,3
ZA,2023-08,TOTPRODS,STATDIFF,KBD,-162.0000,3
ZA,2023-08,TOTPRODS,STATDIFF,KL,-800.0000,3
ZA,2023-08,TOTPRODS,STATDIFF,KTONS,-602.0000,3
ZA,2023-08,TOTPRODS,STOCKCH,CONVBBL,7615.0000,3
ZA,2023-08,TOTPRODS,STOCKCH,KBBL,3054.0000,3
ZA,2023-08,TOTPRODS,STOCKCH,KBD,x,3
ZA,2023-08,TOTPRODS,STOCKCH,KL,486.0000,3
ZA,2023-08,TOTPRODS,STOCKCH,KTONS,384.0000,3
ZA,2023-08,TOTPRODS,TOTDEMO,CONVBBL,7615.0000,3
ZA,2023-08,TOTPRODS,TOTDEMO,KBBL,15198.0000,3
ZA,2023-08,TOTPRODS,TOTDEMO,KBD,490.0000,3
ZA,2023-08,TOTPRODS,TOTDEMO,KL,2416.0000,3
ZA,2023-08,TOTPRODS,TOTDEMO,KTONS,2005.0000,3
ZA,2023-08,TOTPRODS,TOTEXPSB,CONVBBL,7615.0000,3
ZA,2023-08,TOTPRODS,TOTEXPSB,KBBL,306.0000,3
ZA,2023-08,TOTPRODS,TOTEXPSB,KBD,10.0000,3
ZA,2023-08,TOTPRODS,TOTEXPSB,KL,49.0000,3
ZA,2023-08,TOTPRODS,TOTEXPSB,KTONS,39.0000,3
ZA,2023-08,TOTPRODS,TOTIMPSB,CONVBBL,7615.0000,3
ZA,2023-08,TOTPRODS,TOTIMPSB,KBBL,4429.0000,3
ZA,2023-08,TOTPRODS,TOTIMPSB,KBD,143.0000,3
ZA,2023-08,TOTPRODS,TOTIMPSB,KL,704.0000,3
ZA,2023-08,TOTPRODS,TOTIMPSB,KTONS,588.0000,3
ZA,2023-09,TOTPRODS,CLOSTLV,CONVBBL,7615.0000,3
ZA,2023-09,TOTPRODS,CLOSTLV,KBBL,6528.0000,3
ZA,2023-09,TOTPRODS,CLOSTLV,KBD,x,3
ZA,2023-09,TOTPRODS,CLOSTLV,KL,1038.0000,3
ZA,2023-09,TOTPRODS,CLOSTLV,KTONS,900.0000,3
ZA,2023-09,TOTPRODS,IPTRANSF,CONVBBL,7615.0000,3
ZA,2023-09,TOTPRODS,IPTRANSF,KBBL,6.0000,3
ZA,2023-09,TOTPRODS,IPTRANSF,KBD,0.0000,3
ZA,2023-09,TOTPRODS,IPTRANSF,KL,1.0000,3
ZA,2023-09,TOTPRODS,IPTRANSF,KTONS,1.0000,3
ZA,2023-09,TOTPRODS,PTRANSF,CONVBBL,7615.0000,3
ZA,2023-09,TOTPRODS,PTRANSF,KBBL,0.0000,3
ZA,2023-09,TOTPRODS,PTRANSF,KBD,0.0000,3
ZA,2023-09,TOTPRODS,PTRANSF,KL,0.0000,3
ZA,2023-09,TOTPRODS,PTRANSF,KTONS,0.0000,3
ZA,2023-09,TOTPRODS,RECEIPTS,CONVBBL,7615.0000,3
ZA,2023-09,TOTPRODS,RECEIPTS,KBBL,0.0000,3
ZA,2023-09,TOTPRODS,RECEIPTS,KBD,0.0000,3
ZA,2023-09,TOTPRODS,RECEIPTS,KL,0.0000,3
ZA,2023-09,TOTPRODS,RECEIPTS,KTONS,0.0000,3
ZA,2023-09,TOTPRODS,REFGROUT,CONVBBL,7615.0000,3
ZA,2023-09,TOTPRODS,REFGROUT,KBBL,8514.0000,3
ZA,2023-09,TOTPRODS,REFGROUT,KBD,284.0000,3
ZA,2023-09,TOTPRODS,REFGROUT,KL,1354.0000,3
ZA,2023-09,TOTPRODS,REFGROUT,KTONS,1196.0000,3
ZA,2023-09,TOTPRODS,STATDIFF,CONVBBL,7615.0000,3
ZA,2023-09,TOTPRODS,STATDIFF,KBBL,-1736.0000,3
ZA,2023-09,TOTPRODS,STATDIFF,KBD,-58.0000,3
ZA,2023-09,TOTPRODS,STATDIFF,KL,-276.0000,3
ZA,2023-09,TOTPRODS,STATDIFF,KTONS,-123.0000,3
ZA,2023-09,TOTPRODS,STOCKCH,CONVBBL,7615.0000,3
ZA,2023-09,TOTPRODS,STOCKCH,KBBL,-614.0000,3
ZA,2023-09,TOTPRODS,STOCKCH,KBD,x,3
ZA,2023-09,TOTPRODS,STOCKCH,KL,-98.0000,3
ZA,2023-09,TOTPRODS,STOCKCH,KTONS,-117.0000,3
ZA,2023-09,TOTPRODS,TOTDEMO,CONVBBL,7615.0000,3
ZA,2023-09,TOTPRODS,TOTDEMO,KBBL,14939.0000,3
ZA,2023-09,TOTPRODS,TOTDEMO,KBD,498.0000,3
ZA,2023-09,TOTPRODS,TOTDEMO,KL,2375.0000,3
ZA,2023-09,TOTPRODS,TOTDEMO,KTONS,1966.0000,3
ZA,2023-09,TOTPRODS,TOTEXPSB,CONVBBL,7615.0000,3
ZA,2023-09,TOTPRODS,TOTEXPSB,KBBL,292.0000,3
ZA,2023-09,TOTPRODS,TOTEXPSB,KBD,10.0000,3
ZA,2023-09,TOTPRODS,TOTEXPSB,KL,46.0000,3
ZA,2023-09,TOTPRODS,TOTEXPSB,KTONS,49.0000,3
ZA,2023-09,TOTPRODS,TOTIMPSB,CONVBBL,7615.0000,3
ZA,2023-09,TOTPRODS,TOTIMPSB,KBBL,4385.0000,3
ZA,2023-09,TOTPRODS,TOTIMPSB,KBD,146.0000,3
ZA,2023-09,TOTPRODS,TOTIMPSB,KL,697.0000,3
ZA,2023-09,TOTPRODS,TOTIMPSB,KTONS,581.0000,3
ZA,2023-10,TOTPRODS,CLOSTLV,CONVBBL,7615.0000,3
ZA,2023-10,TOTPRODS,CLOSTLV,KBBL,8584.0000,3
ZA,2023-10,TOTPRODS,CLOSTLV,KBD,x,3
ZA,2023-10,TOTPRODS,CLOSTLV,KL,1365.0000,3
ZA,2023-10,TOTPRODS,CLOSTLV,KTONS,1172.0000,3
ZA,2023-10,TOTPRODS,IPTRANSF,CONVBBL,7615.0000,3
ZA,2023-10,TOTPRODS,IPTRANSF,KBBL,6.0000,3
ZA,2023-10,TOTPRODS,IPTRANSF,KBD,0.0000,3
ZA,2023-10,TOTPRODS,IPTRANSF,KL,1.0000,3
ZA,2023-10,TOTPRODS,IPTRANSF,KTONS,1.0000,3
ZA,2023-10,TOTPRODS,PTRANSF,CONVBBL,7615.0000,3
ZA,2023-10,TOTPRODS,PTRANSF,KBBL,0.0000,3
ZA,2023-10,TOTPRODS,PTRANSF,KBD,0.0000,3
ZA,2023-10,TOTPRODS,PTRANSF,KL,0.0000,3
ZA,2023-10,TOTPRODS,PTRANSF,KTONS,0.0000,3
ZA,2023-10,TOTPRODS,RECEIPTS,CONVBBL,7615.0000,3
ZA,2023-10,TOTPRODS,RECEIPTS,KBBL,0.0000,3
ZA,2023-10,TOTPRODS,RECEIPTS,KBD,0.0000,3
ZA,2023-10,TOTPRODS,RECEIPTS,KL,0.0000,3
ZA,2023-10,TOTPRODS,RECEIPTS,KTONS,0.0000,3
ZA,2023-10,TOTPRODS,REFGROUT,CONVBBL,7615.0000,3
ZA,2023-10,TOTPRODS,REFGROUT,KBBL,9829.0000,3
ZA,2023-10,TOTPRODS,REFGROUT,KBD,317.0000,3
ZA,2023-10,TOTPRODS,REFGROUT,KL,1563.0000,3
ZA,2023-10,TOTPRODS,REFGROUT,KTONS,1333.0000,3
ZA,2023-10,TOTPRODS,STATDIFF,CONVBBL,7615.0000,3
ZA,2023-10,TOTPRODS,STATDIFF,KBBL,-2342.0000,3
ZA,2023-10,TOTPRODS,STATDIFF,KBD,-76.0000,3
ZA,2023-10,TOTPRODS,STATDIFF,KL,-372.0000,3
ZA,2023-10,TOTPRODS,STATDIFF,KTONS,-275.0000,3
ZA,2023-10,TOTPRODS,STOCKCH,CONVBBL,7615.0000,3
ZA,2023-10,TOTPRODS,STOCKCH,KBBL,2185.0000,3
ZA,2023-10,TOTPRODS,STOCKCH,KBD,x,3
ZA,2023-10,TOTPRODS,STOCKCH,KL,347.0000,3
ZA,2023-10,TOTPRODS,STOCKCH,KTONS,284.0000,3
ZA,2023-10,TOTPRODS,TOTDEMO,CONVBBL,7615.0000,3
ZA,2023-10,TOTPRODS,TOTDEMO,KBBL,14756.0000,3
ZA,2023-10,TOTPRODS,TOTDEMO,KBD,476.0000,3
ZA,2023-10,TOTPRODS,TOTDEMO,KL,2346.0000,3
ZA,2023-10,TOTPRODS,TOTDEMO,KTONS,1929.0000,3
ZA,2023-10,TOTPRODS,TOTEXPSB,CONVBBL,7615.0000,3
ZA,2023-10,TOTPRODS,TOTEXPSB,KBBL,308.0000,3
ZA,2023-10,TOTPRODS,TOTEXPSB,KBD,10.0000,3
ZA,2023-10,TOTPRODS,TOTEXPSB,KL,49.0000,3
ZA,2023-10,TOTPRODS,TOTEXPSB,KTONS,50.0000,3
ZA,2023-10,TOTPRODS,TOTIMPSB,CONVBBL,7615.0000,3
ZA,2023-10,TOTPRODS,TOTIMPSB,KBBL,5072.0000,3
ZA,2023-10,TOTPRODS,TOTIMPSB,KBD,164.0000,3
ZA,2023-10,TOTPRODS,TOTIMPSB,KL,806.0000,3
ZA,2023-10,TOTPRODS,TOTIMPSB,KTONS,655.0000,3
ZA,2023-11,TOTPRODS,CLOSTLV,CONVBBL,7615.0000,3
ZA,2023-11,TOTPRODS,CLOSTLV,KBBL,8495.0000,3
ZA,2023-11,TOTPRODS,CLOSTLV,KBD,x,3
ZA,2023-11,TOTPRODS,CLOSTLV,KL,1351.0000,3
ZA,2023-11,TOTPRODS,CLOSTLV,KTONS,1154.0000,3
ZA,2023-11,TOTPRODS,IPTRANSF,CONVBBL,7615.0000,3
ZA,2023-11,TOTPRODS,IPTRANSF,KBBL,6.0000,3
ZA,2023-11,TOTPRODS,IPTRANSF,KBD,0.0000,3
ZA,2023-11,TOTPRODS,IPTRANSF,KL,1.0000,3
ZA,2023-11,TOTPRODS,IPTRANSF,KTONS,1.0000,3
ZA,2023-11,TOTPRODS,PTRANSF,CONVBBL,7615.0000,3
ZA,2023-11,TOTPRODS,PTRANSF,KBBL,0.0000,3
ZA,2023-11,TOTPRODS,PTRANSF,KBD,0.0000,3
ZA,2023-11,TOTPRODS,PTRANSF,KL,0.0000,3
ZA,2023-11,TOTPRODS,PTRANSF,KTONS,0.0000,3
ZA,2023-11,TOTPRODS,RECEIPTS,CONVBBL,7615.0000,3
ZA,2023-11,TOTPRODS,RECEIPTS,KBBL,0.0000,3
ZA,2023-11,TOTPRODS,RECEIPTS,KBD,0.0000,3
ZA,2023-11,TOTPRODS,RECEIPTS,KL,0.0000,3
ZA,2023-11,TOTPRODS,RECEIPTS,KTONS,0.0000,3
ZA,2023-11,TOTPRODS,REFGROUT,CONVBBL,7615.0000,3
ZA,2023-11,TOTPRODS,REFGROUT,KBBL,7650.0000,3
ZA,2023-11,TOTPRODS,REFGROUT,KBD,255.0000,3
ZA,2023-11,TOTPRODS,REFGROUT,KL,1216.0000,3
ZA,2023-11,TOTPRODS,REFGROUT,KTONS,1048.0000,3
ZA,2023-11,TOTPRODS,STATDIFF,CONVBBL,7615.0000,3
ZA,2023-11,TOTPRODS,STATDIFF,KBBL,-4314.0000,3
ZA,2023-11,TOTPRODS,STATDIFF,KBD,-144.0000,3
ZA,2023-11,TOTPRODS,STATDIFF,KL,-686.0000,3
ZA,2023-11,TOTPRODS,STATDIFF,KTONS,-515.0000,3
ZA,2023-11,TOTPRODS,STOCKCH,CONVBBL,7615.0000,3
ZA,2023-11,TOTPRODS,STOCKCH,KBBL,27.0000,3
ZA,2023-11,TOTPRODS,STOCKCH,KBD,x,3
ZA,2023-11,TOTPRODS,STOCKCH,KL,4.0000,3
ZA,2023-11,TOTPRODS,STOCKCH,KTONS,-8.0000,3
ZA,2023-11,TOTPRODS,TOTDEMO,CONVBBL,7615.0000,3
ZA,2023-11,TOTPRODS,TOTDEMO,KBBL,17765.0000,3
ZA,2023-11,TOTPRODS,TOTDEMO,KBD,592.0000,3
ZA,2023-11,TOTPRODS,TOTDEMO,KL,2824.0000,3
ZA,2023-11,TOTPRODS,TOTDEMO,KTONS,2355.0000,3
ZA,2023-11,TOTPRODS,TOTEXPSB,CONVBBL,7615.0000,3
ZA,2023-11,TOTPRODS,TOTEXPSB,KBBL,314.0000,3
ZA,2023-11,TOTPRODS,TOTEXPSB,KBD,10.0000,3
ZA,2023-11,TOTPRODS,TOTEXPSB,KL,50.0000,3
ZA,2023-11,TOTPRODS,TOTEXPSB,KTONS,40.0000,3
ZA,2023-11,TOTPRODS,TOTIMPSB,CONVBBL,7615.0000,3
ZA,2023-11,TOTPRODS,TOTIMPSB,KBBL,6153.0000,3
ZA,2023-11,TOTPRODS,TOTIMPSB,KBD,205.0000,3
ZA,2023-11,TOTPRODS,TOTIMPSB,KL,978.0000,3
ZA,2023-11,TOTPRODS,TOTIMPSB,KTONS,824.0000,3
ZA,2023-12,TOTPRODS,CLOSTLV,CONVBBL,7615.0000,3
ZA,2023-12,TOTPRODS,CLOSTLV,KBBL,7634.0000,3
ZA,2023-12,TOTPRODS,CLOSTLV,KBD,x,3
ZA,2023-12,TOTPRODS,CLOSTLV,KL,1214.0000,3
ZA,2023-12,TOTPRODS,CLOSTLV,KTONS,1031.0000,3
ZA,2023-12,TOTPRODS,IPTRANSF,CONVBBL,7615.0000,3
ZA,2023-12,TOTPRODS,IPTRANSF,KBBL,6.0000,3
ZA,2023-12,TOTPRODS,IPTRANSF,KBD,0.0000,3
ZA,2023-12,TOTPRODS,IPTRANSF,KL,1.0000,3
ZA,2023-12,TOTPRODS,IPTRANSF,KTONS,1.0000,3
ZA,2023-12,TOTPRODS,PTRANSF,CONVBBL,7615.0000,3
ZA,2023-12,TOTPRODS,PTRANSF,KBBL,0.0000,3
ZA,2023-12,TOTPRODS,PTRANSF,KBD,0.0000,3
ZA,2023-12,TOTPRODS,PTRANSF,KL,0.0000,3
ZA,2023-12,TOTPRODS,PTRANSF,KTONS,0.0000,3
ZA,2023-12,TOTPRODS,RECEIPTS,CONVBBL,7615.0000,3
ZA,2023-12,TOTPRODS,RECEIPTS,KBBL,0.0000,3
ZA,2023-12,TOTPRODS,RECEIPTS,KBD,0.0000,3
ZA,2023-12,TOTPRODS,RECEIPTS,KL,0.0000,3
ZA,2023-12,TOTPRODS,RECEIPTS,KTONS,0.0000,3
ZA,2023-12,TOTPRODS,REFGROUT,CONVBBL,7615.0000,3
ZA,2023-12,TOTPRODS,REFGROUT,KBBL,10016.0000,3
ZA,2023-12,TOTPRODS,REFGROUT,KBD,323.0000,3
ZA,2023-12,TOTPRODS,REFGROUT,KL,1592.0000,3
ZA,2023-12,TOTPRODS,REFGROUT,KTONS,1341.0000,3
ZA,2023-12,TOTPRODS,STATDIFF,CONVBBL,7615.0000,3
ZA,2023-12,TOTPRODS,STATDIFF,KBBL,-2239.0000,3
ZA,2023-12,TOTPRODS,STATDIFF,KBD,-72.0000,3
ZA,2023-12,TOTPRODS,STATDIFF,KL,-356.0000,3
ZA,2023-12,TOTPRODS,STATDIFF,KTONS,-257.0000,3
ZA,2023-12,TOTPRODS,STOCKCH,CONVBBL,7615.0000,3
ZA,2023-12,TOTPRODS,STOCKCH,KBBL,368.0000,3
ZA,2023-12,TOTPRODS,STOCKCH,KBD,x,3
ZA,2023-12,TOTPRODS,STOCKCH,KL,58.0000,3
ZA,2023-12,TOTPRODS,STOCKCH,KTONS,34.0000,3
ZA,2023-12,TOTPRODS,TOTDEMO,CONVBBL,7615.0000,3
ZA,2023-12,TOTPRODS,TOTDEMO,KBBL,15755.0000,3
ZA,2023-12,TOTPRODS,TOTDEMO,KBD,508.0000,3
ZA,2023-12,TOTPRODS,TOTDEMO,KL,2505.0000,3
ZA,2023-12,TOTPRODS,TOTDEMO,KTONS,2071.0000,3
ZA,2023-12,TOTPRODS,TOTEXPSB,CONVBBL,7615.0000,3
ZA,2023-12,TOTPRODS,TOTEXPSB,KBBL,349.0000,3
ZA,2023-12,TOTPRODS,TOTEXPSB,KBD,11.0000,3
ZA,2023-12,TOTPRODS,TOTEXPSB,KL,55.0000,3
ZA,2023-12,TOTPRODS,TOTEXPSB,KTONS,43.0000,3
ZA,2023-12,TOTPRODS,TOTIMPSB,CONVBBL,7615.0000,3
ZA,2023-12,TOTPRODS,TOTIMPSB,KBBL,4212.0000,3
ZA,2023-12,TOTPRODS,TOTIMPSB,KBD,136.0000,3
ZA,2023-12,TOTPRODS,TOTIMPSB,KL,670.0000,3
ZA,2023-12,TOTPRODS,TOTIMPSB,KTONS,548.0000,3
ZA,2024-01,GASDIES,CLOSTLV,CONVBBL,7458.0000,3
ZA,2024-01,GASDIES,CLOSTLV,KBBL,4661.2500,3
ZA,2024-01,GASDIES,CLOSTLV,KBD,x,3
ZA,2024-01,GASDIES,CLOSTLV,KL,741.0808,3
ZA,2024-01,GASDIES,CLOSTLV,KTONS,625.0000,3
ZA,2024-01,GASDIES,IPTRANSF,CONVBBL,7458.0000,3
ZA,2024-01,GASDIES,IPTRANSF,KBBL,0.0000,3
ZA,2024-01,GASDIES,IPTRANSF,KBD,0.0000,3
ZA,2024-01,GASDIES,IPTRANSF,KL,0.0000,3
ZA,2024-01,GASDIES,IPTRANSF,KTONS,0.0000,3
ZA,2024-01,GASDIES,PTRANSF,CONVBBL,7458.0000,3
ZA,2024-01,GASDIES,PTRANSF,KBBL,-,3
ZA,2024-01,GASDIES,PTRANSF,KBD,-,3
ZA,2024-01,GASDIES,PTRANSF,KL,-,3
ZA,2024-01,GASDIES,PTRANSF,KTONS,-,3
ZA,2024-01,GASDIES,RECEIPTS,CONVBBL,7458.0000,3
ZA,2024-01,GASDIES,RECEIPTS,KBBL,-,3
ZA,2024-01,GASDIES,RECEIPTS,KBD,-,3
ZA,2024-01,GASDIES,RECEIPTS,KL,-,3
ZA,2024-01,GASDIES,RECEIPTS,KTONS,-,3
ZA,2024-01,GASDIES,REFGROUT,CONVBBL,7458.0000,3
ZA,2024-01,GASDIES,REFGROUT,KBBL,2170.2780,3
ZA,2024-01,GASDIES,REFGROUT,KBD,70.0090,3
ZA,2024-01,GASDIES,REFGROUT,KL,345.0472,3
ZA,2024-01,GASDIES,REFGROUT,KTONS,291.0000,3
ZA,2024-01,GASDIES,STATDIFF,CONVBBL,7458.0000,3
ZA,2024-01,GASDIES,STATDIFF,KBBL,238.6560,3
ZA,2024-01,GASDIES,STATDIFF,KBD,7.6986,3
ZA,2024-01,GASDIES,STATDIFF,KL,37.9433,3
ZA,2024-01,GASDIES,STATDIFF,KTONS,32.0000,3
ZA,2024-01,GASDIES,STOCKCH,CONVBBL,7458.0000,3
ZA,2024-01,GASDIES,STOCKCH,KBBL,-156.6180,3
ZA,2024-01,GASDIES,STOCKCH,KBD,x,3
ZA,2024-01,GASDIES,STOCKCH,KL,-24.9003,3
ZA,2024-01,GASDIES,STOCKCH,KTONS,-21.0000,3
ZA,2024-01,GASDIES,TOTDEMO,CONVBBL,7458.0000,3
ZA,2024-01,GASDIES,TOTDEMO,KBBL,5250.4320,3
ZA,2024-01,GASDIES,TOTDEMO,KBD,169.3688,3
ZA,2024-01,GASDIES,TOTDEMO,KL,834.7534,3
ZA,2024-01,GASDIES,TOTDEMO,KTONS,704.0000,3
ZA,2024-01,GASDIES,TOTEXPSB,CONVBBL,7458.0000,3
ZA,2024-01,GASDIES,TOTEXPSB,KBBL,149.1600,3
ZA,2024-01,GASDIES,TOTEXPSB,KBD,4.8116,3
ZA,2024-01,GASDIES,TOTEXPSB,KL,23.7146,3
ZA,2024-01,GASDIES,TOTEXPSB,KTONS,20.0000,3
ZA,2024-01,GASDIES,TOTIMPSB,CONVBBL,7458.0000,3
ZA,2024-01,GASDIES,TOTIMPSB,KBBL,3303.8940,3
ZA,2024-01,GASDIES,TOTIMPSB,KBD,106.5772,3
ZA,2024-01,GASDIES,TOTIMPSB,KL,525.2781,3
ZA,2024-01,GASDIES,TOTIMPSB,KTONS,443.0000,3
ZA,2024-02,GASDIES,CLOSTLV,CONVBBL,7458.0000,3
ZA,2024-02,GASDIES,CLOSTLV,KBBL,3676.7940,3
ZA,2024-02,GASDIES,CLOSTLV,KBD,x,3
ZA,2024-02,GASDIES,CLOSTLV,KL,584.5645,3
ZA,2024-02,GASDIES,CLOSTLV,KTONS,493.0000,3
ZA,2024-02,GASDIES,IPTRANSF,CONVBBL,7458.0000,3
ZA,2024-02,GASDIES,IPTRANSF,KBBL,0.0000,3
ZA,2024-02,GASDIES,IPTRANSF,KBD,0.0000,3
ZA,2024-02,GASDIES,IPTRANSF,KL,0.0000,3
ZA,2024-02,GASDIES,IPTRANSF,KTONS,0.0000,3
ZA,2024-02,GASDIES,PTRANSF,CONVBBL,7458.0000,3
ZA,2024-02,GASDIES,PTRANSF,KBBL,-,3
ZA,2024-02,GASDIES,PTRANSF,KBD,-,3
ZA,2024-02,GASDIES,PTRANSF,KL,-,3
ZA,2024-02,GASDIES,PTRANSF,KTONS,-,3
ZA,2024-02,GASDIES,RECEIPTS,CONVBBL,7458.0000,3
ZA,2024-02,GASDIES,RECEIPTS,KBBL,-,3
ZA,2024-02,GASDIES,RECEIPTS,KBD,-,3
ZA,2024-02,GASDIES,RECEIPTS,KL,-,3
ZA,2024-02,GASDIES,RECEIPTS,KTONS,-,3
ZA,2024-02,GASDIES,REFGROUT,CONVBBL,7458.0000,3
ZA,2024-02,GASDIES,REFGROUT,KBBL,2222.4840,3
ZA,2024-02,GASDIES,REFGROUT,KBD,76.6374,3
ZA,2024-02,GASDIES,REFGROUT,KL,353.3473,3
ZA,2024-02,GASDIES,REFGROUT,KTONS,298.0000,3
ZA,2024-02,GASDIES,STATDIFF,CONVBBL,7458.0000,3
ZA,2024-02,GASDIES,STATDIFF,KBBL,357.9840,3
ZA,2024-02,GASDIES,STATDIFF,KBD,12.3443,3
ZA,2024-02,GASDIES,STATDIFF,KL,56.9150,3
ZA,2024-02,GASDIES,STATDIFF,KTONS,48.0000,3
ZA,2024-02,GASDIES,STOCKCH,CONVBBL,7458.0000,3
ZA,2024-02,GASDIES,STOCKCH,KBBL,-991.9140,3
ZA,2024-02,GASDIES,STOCKCH,KBD,x,3
ZA,2024-02,GASDIES,STOCKCH,KL,-157.7020,3
ZA,2024-02,GASDIES,STOCKCH,KTONS,-133.0000,3
ZA,2024-02,GASDIES,TOTDEMO,CONVBBL,7458.0000,3
ZA,2024-02,GASDIES,TOTDEMO,KBBL,5362.3020,3
ZA,2024-02,GASDIES,TOTDEMO,KBD,184.9070,3
ZA,2024-02,GASDIES,TOTDEMO,KL,852.5393,3
ZA,2024-02,GASDIES,TOTDEMO,KTONS,719.0000,3
ZA,2024-02,GASDIES,TOTEXPSB,CONVBBL,7458.0000,3
ZA,2024-02,GASDIES,TOTEXPSB,KBBL,149.1600,3
ZA,2024-02,GASDIES,TOTEXPSB,KBD,5.1434,3
ZA,2024-02,GASDIES,TOTEXPSB,KL,23.7146,3
ZA,2024-02,GASDIES,TOTEXPSB,KTONS,20.0000,3
ZA,2024-02,GASDIES,TOTIMPSB,CONVBBL,7458.0000,3
ZA,2024-02,GASDIES,TOTIMPSB,KBBL,2655.0480,3
ZA,2024-02,GASDIES,TOTIMPSB,KBD,91.5534,3
ZA,2024-02,GASDIES,TOTIMPSB,KL,422.1196,3
ZA,2024-02,GASDIES,TOTIMPSB,KTONS,356.0000,3
ZA,2024-03,GASDIES,CLOSTLV,CONVBBL,7458.0000,3
ZA,2024-03,GASDIES,CLOSTLV,KBBL,1327.5240,3
ZA,2024-03,GASDIES,CLOSTLV,KBD,x,3
ZA,2024-03,GASDIES,CLOSTLV,KL,211.0598,3
ZA,2024-03,GASDIES,CLOSTLV,KTONS,178.0000,3
ZA,2024-03,GASDIES,IPTRANSF,CONVBBL,7458.0000,3
ZA,2024-03,GASDIES,IPTRANSF,KBBL,0.0000,3
ZA,2024-03,GASDIES,IPTRANSF,KBD,0.0000,3
ZA,2024-03,GASDIES,IPTRANSF,KL,0.0000,3
ZA,2024-03,GASDIES,IPTRANSF,KTONS,0.0000,3
ZA,2024-03,GASDIES,PTRANSF,CONVBBL,7458.0000,3
ZA,2024-03,GASDIES,PTRANSF,KBBL,-,3
ZA,2024-03,GASDIES,PTRANSF,KBD,-,3
ZA,2024-03,GASDIES,PTRANSF,KL,-,3
ZA,2024-03,GASDIES,PTRANSF,KTONS,-,3
ZA,2024-03,GASDIES,RECEIPTS,CONVBBL,7458.0000,3
ZA,2024-03,GASDIES,RECEIPTS,KBBL,-,3
ZA,2024-03,GASDIES,RECEIPTS,KBD,-,3
ZA,2024-03,GASDIES,RECEIPTS,KL,-,3
ZA,2024-03,GASDIES,RECEIPTS,KTONS,-,3
ZA,2024-03,GASDIES,REFGROUT,CONVBBL,7458.0000,3
ZA,2024-03,GASDIES,REFGROUT,KBBL,1267.8600,3
ZA,2024-03,GASDIES,REFGROUT,KBD,40.8987,3
ZA,2024-03,GASDIES,REFGROUT,KL,201.5740,3
ZA,2024-03,GASDIES,REFGROUT,KTONS,170.0000,3
ZA,2024-03,GASDIES,STATDIFF,CONVBBL,7458.0000,3
ZA,2024-03,GASDIES,STATDIFF,KBBL,894.9600,3
ZA,2024-03,GASDIES,STATDIFF,KBD,28.8697,3
ZA,2024-03,GASDIES,STATDIFF,KL,142.2875,3
ZA,2024-03,GASDIES,STATDIFF,KTONS,120.0000,3
ZA,2024-03,GASDIES,STOCKCH,CONVBBL,7458.0000,3
ZA,2024-03,GASDIES,STOCKCH,KBBL,-1059.0360,3
ZA,2024-03,GASDIES,STOCKCH,KBD,x,3
ZA,2024-03,GASDIES,STOCKCH,KL,-168.3736,3
ZA,2024-03,GASDIES,STOCKCH,KTONS,-142.0000,3
ZA,2024-03,GASDIES,TOTDEMO,CONVBBL,7458.0000,3
ZA,2024-03,GASDIES,TOTDEMO,KBBL,4870.0740,3
ZA,2024-03,GASDIES,TOTDEMO,KBD,157.0992,3
ZA,2024-03,GASDIES,TOTDEMO,KL,774.2812,3
ZA,2024-03,GASDIES,TOTDEMO,KTONS,653.0000,3
ZA,2024-03,GASDIES,TOTEXPSB,CONVBBL,7458.0000,3
ZA,2024-03,GASDIES,TOTEXPSB,KBBL,74.5800,3
ZA,2024-03,GASDIES,TOTEXPSB,KBD,2.4058,3
ZA,2024-03,GASDIES,TOTEXPSB,KL,11.8573,3
ZA,2024-03,GASDIES,TOTEXPSB,KTONS,10.0000,3
ZA,2024-03,GASDIES,TOTIMPSB,CONVBBL,7458.0000,3
ZA,2024-03,GASDIES,TOTIMPSB,KBBL,3512.7180,3
ZA,2024-03,GASDIES,TOTIMPSB,KBD,113.3135,3
ZA,2024-03,GASDIES,TOTIMPSB,KL,558.4785,3
ZA,2024-03,GASDIES,TOTIMPSB,KTONS,471.0000,3
ZA,2024-04,GASDIES,CLOSTLV,CONVBBL,7458.0000,3
ZA,2024-04,GASDIES,CLOSTLV,KBBL,4258.5180,3
ZA,2024-04,GASDIES,CLOSTLV,KBD,x,3
ZA,2024-04,GASDIES,CLOSTLV,KL,677.0514,3
ZA,2024-04,GASDIES,CLOSTLV,KTONS,571.0000,3
ZA,2024-04,GASDIES,IPTRANSF,CONVBBL,7458.0000,3
ZA,2024-04,GASDIES,IPTRANSF,KBBL,0.0000,3
ZA,2024-04,GASDIES,IPTRANSF,KBD,0.0000,3
ZA,2024-04,GASDIES,IPTRANSF,KL,0.0000,3
ZA,2024-04,GASDIES,IPTRANSF,KTONS,0.0000,3
ZA,2024-04,GASDIES,PTRANSF,CONVBBL,7458.0000,3
ZA,2024-04,GASDIES,PTRANSF,KBBL,-,3
ZA,2024-04,GASDIES,PTRANSF,KBD,-,3
ZA,2024-04,GASDIES,PTRANSF,KL,-,3
ZA,2024-04,GASDIES,PTRANSF,KTONS,-,3
ZA,2024-04,GASDIES,RECEIPTS,CONVBBL,7458.0000,3
ZA,2024-04,GASDIES,RECEIPTS,KBBL,-,3
ZA,2024-04,GASDIES,RECEIPTS,KBD,-,3
ZA,2024-04,GASDIES,RECEIPTS,KL,-,3
ZA,2024-04,GASDIES,RECEIPTS,KTONS,-,3
ZA,2024-04,GASDIES,REFGROUT,CONVBBL,7458.0000,3
ZA,2024-04,GASDIES,REFGROUT,KBBL,2229.9420,3
ZA,2024-04,GASDIES,REFGROUT,KBD,74.3314,3
ZA,2024-04,GASDIES,REFGROUT,KL,354.5331,3
ZA,2024-04,GASDIES,REFGROUT,KTONS,299.0000,3
ZA,2024-04,GASDIES,STATDIFF,CONVBBL,7458.0000,3
ZA,2024-04,GASDIES,STATDIFF,KBBL,-619.0140,3
ZA,2024-04,GASDIES,STATDIFF,KBD,-20.6338,3
ZA,2024-04,GASDIES,STATDIFF,KL,-98.4155,3
ZA,2024-04,GASDIES,STATDIFF,KTONS,-83.0000,3
ZA,2024-04,GASDIES,STOCKCH,CONVBBL,7458.0000,3
ZA,2024-04,GASDIES,STOCKCH,KBBL,305.7780,3
ZA,2024-04,GASDIES,STOCKCH,KBD,x,3
ZA,2024-04,GASDIES,STOCKCH,KL,48.6149,3
ZA,2024-04,GASDIES,STOCKCH,KTONS,41.0000,3
ZA,2024-04,GASDIES,TOTDEMO,CONVBBL,7458.0000,3
ZA,2024-04,GASDIES,TOTDEMO,KBBL,4735.8300,3
ZA,2024-04,GASDIES,TOTDEMO,KBD,157.8610,3
ZA,2024-04,GASDIES,TOTDEMO,KL,752.9381,3
ZA,2024-04,GASDIES,TOTDEMO,KTONS,635.0000,3
ZA,2024-04,GASDIES,TOTEXPSB,CONVBBL,7458.0000,3
ZA,2024-04,GASDIES,TOTEXPSB,KBBL,96.9540,3
ZA,2024-04,GASDIES,TOTEXPSB,KBD,3.2318,3
ZA,2024-04,GASDIES,TOTEXPSB,KL,15.4145,3
ZA,2024-04,GASDIES,TOTEXPSB,KTONS,13.0000,3
ZA,2024-04,GASDIES,TOTIMPSB,CONVBBL,7458.0000,3
ZA,2024-04,GASDIES,TOTIMPSB,KBBL,2297.0640,3
ZA,2024-04,GASDIES,TOTIMPSB,KBD,76.5688,3
ZA,2024-04,GASDIES,TOTIMPSB,KL,365.2046,3
ZA,2024-04,GASDIES,TOTIMPSB,KTONS,308.0000,3
ZA,2024-05,GASDIES,CLOSTLV,CONVBBL,7458.0000,3
ZA,2024-05,GASDIES,CLOSTLV,KBBL,4079.5260,3
ZA,2024-05,GASDIES,CLOSTLV,KBD,x,3
ZA,2024-05,GASDIES,CLOSTLV,KL,648.5939,3
ZA,2024-05,GASDIES,CLOSTLV,KTONS,547.0000,3
ZA,2024-05,GASDIES,IPTRANSF,CONVBBL,7458.0000,3
ZA,2024-05,GASDIES,IPTRANSF,KBBL,0.0000,3
ZA,2024-05,GASDIES,IPTRANSF,KBD,0.0000,3
ZA,2024-05,GASDIES,IPTRANSF,KL,0.0000,3
ZA,2024-05,GASDIES,IPTRANSF,KTONS,0.0000,3
ZA,2024-05,GASDIES,PTRANSF,CONVBBL,7458.0000,3
ZA,2024-05,GASDIES,PTRANSF,KBBL,-,3
ZA,2024-05,GASDIES,PTRANSF,KBD,-,3
ZA,2024-05,GASDIES,PTRANSF,KL,-,3
ZA,2024-05,GASDIES,PTRANSF,KTONS,-,3
ZA,2024-05,GASDIES,RECEIPTS,CONVBBL,7458.0000,3
ZA,2024-05,GASDIES,RECEIPTS,KBBL,-,3
ZA,2024-05,GASDIES,RECEIPTS,KBD,-,3
ZA,2024-05,GASDIES,RECEIPTS,KL,-,3
ZA,2024-05,GASDIES,RECEIPTS,KTONS,-,3
ZA,2024-05,GASDIES,REFGROUT,CONVBBL,7458.0000,3
ZA,2024-05,GASDIES,REFGROUT,KBBL,1648.2180,3
ZA,2024-05,GASDIES,REFGROUT,KBD,53.1683,3
ZA,2024-05,GASDIES,REFGROUT,KL,262.0462,3
ZA,2024-05,GASDIES,REFGROUT,KTONS,221.0000,3
ZA,2024-05,GASDIES,STATDIFF,CONVBBL,7458.0000,3
ZA,2024-05,GASDIES,STATDIFF,KBBL,-1581.0960,3
ZA,2024-05,GASDIES,STATDIFF,KBD,-51.0031,3
ZA,2024-05,GASDIES,STATDIFF,KL,-251.3746,3
ZA,2024-05,GASDIES,STATDIFF,KTONS,-212.0000,3
ZA,2024-05,GASDIES,STOCKCH,CONVBBL,7458.0000,3
ZA,2024-05,GASDIES,STOCKCH,KBBL,-208.8240,3
ZA,2024-05,GASDIES,STOCKCH,KBD,x,3
ZA,2024-05,GASDIES,STOCKCH,KL,-33.2004,3
ZA,2024-05,GASDIES,STOCKCH,KTONS,-28.0000,3
ZA,2024-05,GASDIES,TOTDEMO,CONVBBL,7458.0000,3
ZA,2024-05,GASDIES,TOTDEMO,KBBL,5496.5460,3
ZA,2024-05,GASDIES,TOTDEMO,KBD,177.3079,3
ZA,2024-05,GASDIES,TOTDEMO,KL,873.8825,3
ZA,2024-05,GASDIES,TOTDEMO,KTONS,737.0000,3
ZA,2024-05,GASDIES,TOTEXPSB,CONVBBL,7458.0000,3
ZA,2024-05,GASDIES,TOTEXPSB,KBBL,126.7860,3
ZA,2024-05,GASDIES,TOTEXPSB,KBD,4.0899,3
ZA,2024-05,GASDIES,TOTEXPSB,KL,20.1574,3
ZA,2024-05,GASDIES,TOTEXPSB,KTONS,17.0000,3
ZA,2024-05,GASDIES,TOTIMPSB,CONVBBL,7458.0000,3
ZA,2024-05,GASDIES,TOTIMPSB,KBBL,2185.1940,3
ZA,2024-05,GASDIES,TOTIMPSB,KBD,70.4901,3
ZA,2024-05,GASDIES,TOTIMPSB,KL,347.4187,3
ZA,2024-05,GASDIES,TOTIMPSB,KTONS,293.0000,3
ZA,2024-06,GASDIES,CLOSTLV,CONVBBL,7458.0000,3
ZA,2024-06,GASDIES,CLOSTLV,KBBL,3781.2060,3
ZA,2024-06,GASDIES,CLOSTLV,KBD,x,3
ZA,2024-06,GASDIES,CLOSTLV,KL,601.1647,3
ZA,2024-06,GASDIES,CLOSTLV,KTONS,507.0000,3
ZA,2024-06,GASDIES,IPTRANSF,CONVBBL,7458.0000,3
ZA,2024-06,GASDIES,IPTRANSF,KBBL,0.0000,3
ZA,2024-06,GASDIES,IPTRANSF,KBD,0.0000,3
ZA,2024-06,GASDIES,IPTRANSF,KL,0.0000,3
ZA,2024-06,GASDIES,IPTRANSF,KTONS,0.0000,3
ZA,2024-06,GASDIES,PTRANSF,CONVBBL,7458.0000,3
ZA,2024-06,GASDIES,PTRANSF,KBBL,-,3
ZA,2024-06,GASDIES,PTRANSF,KBD,-,3
ZA,2024-06,GASDIES,PTRANSF,KL,-,3
ZA,2024-06,GASDIES,PTRANSF,KTONS,-,3
ZA,2024-06,GASDIES,RECEIPTS,CONVBBL,7458.0000,3
ZA,2024-06,GASDIES,RECEIPTS,KBBL,-,3
ZA,2024-06,GASDIES,RECEIPTS,KBD,-,3
ZA,2024-06,GASDIES,RECEIPTS,KL,-,3
ZA,2024-06,GASDIES,RECEIPTS,KTONS,-,3
ZA,2024-06,GASDIES,REFGROUT,CONVBBL,7458.0000,3
ZA,2024-06,GASDIES,REFGROUT,KBBL,1775.0040,3
ZA,2024-06,GASDIES,REFGROUT,KBD,59.1668,3
ZA,2024-06,GASDIES,REFGROUT,KL,282.2036,3
ZA,2024-06,GASDIES,REFGROUT,KTONS,238.0000,3
ZA,2024-06,GASDIES,STATDIFF,CONVBBL,7458.0000,3
ZA,2024-06,GASDIES,STATDIFF,KBBL,-976.9980,3
ZA,2024-06,GASDIES,STATDIFF,KBD,-32.5666,3
ZA,2024-06,GASDIES,STATDIFF,KL,-155.3305,3
ZA,2024-06,GASDIES,STATDIFF,KTONS,-131.0000,3
ZA,2024-06,GASDIES,STOCKCH,CONVBBL,7458.0000,3
ZA,2024-06,GASDIES,STOCKCH,KBBL,-261.0300,3
ZA,2024-06,GASDIES,STOCKCH,KBD,x,3
ZA,2024-06,GASDIES,STOCKCH,KL,-41.5005,3
ZA,2024-06,GASDIES,STOCKCH,KTONS,-35.0000,3
ZA,2024-06,GASDIES,TOTDEMO,CONVBBL,7458.0000,3
ZA,2024-06,GASDIES,TOTDEMO,KBBL,5078.8980,3
ZA,2024-06,GASDIES,TOTDEMO,KBD,169.2966,3
ZA,2024-06,GASDIES,TOTDEMO,KL,807.4816,3
ZA,2024-06,GASDIES,TOTDEMO,KTONS,681.0000,3
ZA,2024-06,GASDIES,TOTEXPSB,CONVBBL,7458.0000,3
ZA,2024-06,GASDIES,TOTEXPSB,KBBL,134.2440,3
ZA,2024-06,GASDIES,TOTEXPSB,KBD,4.4748,3
ZA,2024-06,GASDIES,TOTEXPSB,KL,21.3431,3
ZA,2024-06,GASDIES,TOTEXPSB,KTONS,18.0000,3
ZA,2024-06,GASDIES,TOTIMPSB,CONVBBL,7458.0000,3
ZA,2024-06,GASDIES,TOTIMPSB,KBBL,2192.6520,3
ZA,2024-06,GASDIES,TOTIMPSB,KBD,73.0884,3
ZA,2024-06,GASDIES,TOTIMPSB,KL,348.6044,3
ZA,2024-06,GASDIES,TOTIMPSB,KTONS,294.0000,3
ZA,2024-07,GASDIES,CLOSTLV,CONVBBL,7458.0000,3
ZA,2024-07,GASDIES,CLOSTLV,KBBL,3356.1000,3
ZA,2024-07,GASDIES,CLOSTLV,KBD,x,3
ZA,2024-07,GASDIES,CLOSTLV,KL,533.5782,3
ZA,2024-07,GASDIES,CLOSTLV,KTONS,450.0000,3
ZA,2024-07,GASDIES,IPTRANSF,CONVBBL,7458.0000,3
ZA,2024-07,GASDIES,IPTRANSF,KBBL,0.0000,3
ZA,2024-07,GASDIES,IPTRANSF,KBD,0.0000,3
ZA,2024-07,GASDIES,IPTRANSF,KL,0.0000,3
ZA,2024-07,GASDIES,IPTRANSF,KTONS,0.0000,3
ZA,2024-07,GASDIES,PTRANSF,CONVBBL,7458.0000,3
ZA,2024-07,GASDIES,PTRANSF,KBBL,-,3
ZA,2024-07,GASDIES,PTRANSF,KBD,-,3
ZA,2024-07,GASDIES,PTRANSF,KL,-,3
ZA,2024-07,GASDIES,PTRANSF,KTONS,-,3
ZA,2024-07,GASDIES,RECEIPTS,CONVBBL,7458.0000,3
ZA,2024-07,GASDIES,RECEIPTS,KBBL,-,3
ZA,2024-07,GASDIES,RECEIPTS,KBD,-,3
ZA,2024-07,GASDIES,RECEIPTS,KL,-,3
ZA,2024-07,GASDIES,RECEIPTS,KTONS,-,3
ZA,2024-07,GASDIES,REFGROUT,CONVBBL,7458.0000,3
ZA,2024-07,GASDIES,REFGROUT,KBBL,2095.6980,3
ZA,2024-07,GASDIES,REFGROUT,KBD,67.6032,3
ZA,2024-07,GASDIES,REFGROUT,KL,333.1899,3
ZA,2024-07,GASDIES,REFGROUT,KTONS,281.0000,3
ZA,2024-07,GASDIES,STATDIFF,CONVBBL,7458.0000,3
ZA,2024-07,GASDIES,STATDIFF,KBBL,-909.8760,3
ZA,2024-07,GASDIES,STATDIFF,KBD,-29.3508,3
ZA,2024-07,GASDIES,STATDIFF,KL,-144.6590,3
ZA,2024-07,GASDIES,STATDIFF,KTONS,-122.0000,3
ZA,2024-07,GASDIES,STOCKCH,CONVBBL,7458.0000,3
ZA,2024-07,GASDIES,STOCKCH,KBBL,-387.8160,3
ZA,2024-07,GASDIES,STOCKCH,KBD,x,3
ZA,2024-07,GASDIES,STOCKCH,KL,-61.6579,3
ZA,2024-07,GASDIES,STOCKCH,KTONS,-52.0000,3
ZA,2024-07,GASDIES,TOTDEMO,CONVBBL,7458.0000,3
ZA,2024-07,GASDIES,TOTDEMO,KBBL,5302.6380,3
ZA,2024-07,GASDIES,TOTDEMO,KBD,171.0528,3
ZA,2024-07,GASDIES,TOTDEMO,KL,843.0535,3
ZA,2024-07,GASDIES,TOTDEMO,KTONS,711.0000,3
ZA,2024-07,GASDIES,TOTEXPSB,CONVBBL,7458.0000,3
ZA,2024-07,GASDIES,TOTEXPSB,KBBL,104.4120,3
ZA,2024-07,GASDIES,TOTEXPSB,KBD,3.3681,3
ZA,2024-07,GASDIES,TOTEXPSB,KL,16.6002,3
ZA,2024-07,GASDIES,TOTEXPSB,KTONS,14.0000,3
ZA,2024-07,GASDIES,TOTIMPSB,CONVBBL,7458.0000,3
ZA,2024-07,GASDIES,TOTIMPSB,KBBL,2013.6600,3
ZA,2024-07,GASDIES,TOTIMPSB,KBD,64.9568,3
ZA,2024-07,GASDIES,TOTIMPSB,KL,320.1469,3
ZA,2024-07,GASDIES,TOTIMPSB,KTONS,270.0000,3
ZA,2024-08,GASDIES,CLOSTLV,CONVBBL,7458.0000,3
ZA,2024-08,GASDIES,CLOSTLV,KBBL,3438.1380,3
ZA,2024-08,GASDIES,CLOSTLV,KBD,x,3
ZA,2024-08,GASDIES,CLOSTLV,KL,546.6212,3
ZA,2024-08,GASDIES,CLOSTLV,KTONS,461.0000,3
ZA,2024-08,GASDIES,IPTRANSF,CONVBBL,7458.0000,3
ZA,2024-08,GASDIES,IPTRANSF,KBBL,0.0000,3
ZA,2024-08,GASDIES,IPTRANSF,KBD,0.0000,3
ZA,2024-08,GASDIES,IPTRANSF,KL,0.0000,3
ZA,2024-08,GASDIES,IPTRANSF,KTONS,0.0000,3
ZA,2024-08,GASDIES,PTRANSF,CONVBBL,7458.0000,3
ZA,2024-08,GASDIES,PTRANSF,KBBL,-,3
ZA,2024-08,GASDIES,PTRANSF,KBD,-,3
ZA,2024-08,GASDIES,PTRANSF,KL,-,3
ZA,2024-08,GASDIES,PTRANSF,KTONS,-,3
ZA,2024-08,GASDIES,RECEIPTS,CONVBBL,7458.0000,3
ZA,2024-08,GASDIES,RECEIPTS,KBBL,-,3
ZA,2024-08,GASDIES,RECEIPTS,KBD,-,3
ZA,2024-08,GASDIES,RECEIPTS,KL,-,3
ZA,2024-08,GASDIES,RECEIPTS,KTONS,-,3
ZA,2024-08,GASDIES,REFGROUT,CONVBBL,7458.0000,3
ZA,2024-08,GASDIES,REFGROUT,KBBL,2192.6520,3
ZA,2024-08,GASDIES,REFGROUT,KBD,70.7307,3
ZA,2024-08,GASDIES,REFGROUT,KL,348.6044,3
ZA,2024-08,GASDIES,REFGROUT,KTONS,294.0000,3
ZA,2024-08,GASDIES,STATDIFF,CONVBBL,7458.0000,3
ZA,2024-08,GASDIES,STATDIFF,KBBL,-1006.8300,3
ZA,2024-08,GASDIES,STATDIFF,KBD,-32.4784,3
ZA,2024-08,GASDIES,STATDIFF,KL,-160.0735,3
ZA,2024-08,GASDIES,STATDIFF,KTONS,-135.0000,3
ZA,2024-08,GASDIES,STOCKCH,CONVBBL,7458.0000,3
ZA,2024-08,GASDIES,STOCKCH,KBBL,89.4960,3
ZA,2024-08,GASDIES,STOCKCH,KBD,x,3
ZA,2024-08,GASDIES,STOCKCH,KL,14.2288,3
ZA,2024-08,GASDIES,STOCKCH,KTONS,12.0000,3
ZA,2024-08,GASDIES,TOTDEMO,CONVBBL,7458.0000,3
ZA,2024-08,GASDIES,TOTDEMO,KBBL,4720.9140,3
ZA,2024-08,GASDIES,TOTDEMO,KBD,152.2875,3
ZA,2024-08,GASDIES,TOTDEMO,KL,750.5666,3
ZA,2024-08,GASDIES,TOTDEMO,KTONS,633.0000,3
ZA,2024-08,GASDIES,TOTEXPSB,CONVBBL,7458.0000,3
ZA,2024-08,GASDIES,TOTEXPSB,KBBL,111.8700,3
ZA,2024-08,GASDIES,TOTEXPSB,KBD,3.6087,3
ZA,2024-08,GASDIES,TOTEXPSB,KL,17.7859,3
ZA,2024-08,GASDIES,TOTEXPSB,KTONS,15.0000,3
ZA,2024-08,GASDIES,TOTIMPSB,CONVBBL,7458.0000,3
ZA,2024-08,GASDIES,TOTIMPSB,KBBL,1722.7980,3
ZA,2024-08,GASDIES,TOTIMPSB,KBD,55.5741,3
ZA,2024-08,GASDIES,TOTIMPSB,KL,273.9035,3
ZA,2024-08,GASDIES,TOTIMPSB,KTONS,231.0000,3
ZA,2024-09,GASDIES,CLOSTLV,CONVBBL,7458.0000,3
ZA,2024-09,GASDIES,CLOSTLV,KBBL,2677.4220,3
ZA,2024-09,GASDIES,CLOSTLV,KBD,x,3
ZA,2024-09,GASDIES,CLOSTLV,KL,425.6768,3
ZA,2024-09,GASDIES,CLOSTLV,KTONS,359.0000,3
ZA,2024-09,GASDIES,IPTRANSF,CONVBBL,7458.0000,3
ZA,2024-09,GASDIES,IPTRANSF,KBBL,0.0000,3
ZA,2024-09,GASDIES,IPTRANSF,KBD,0.0000,3
ZA,2024-09,GASDIES,IPTRANSF,KL,0.0000,3
ZA,2024-09,GASDIES,IPTRANSF,KTONS,0.0000,3
ZA,2024-09,GASDIES,PTRANSF,CONVBBL,7458.0000,3
ZA,2024-09,GASDIES,PTRANSF,KBBL,-,3
ZA,2024-09,GASDIES,PTRANSF,KBD,-,3
ZA,2024-09,GASDIES,PTRANSF,KL,-,3
ZA,2024-09,GASDIES,PTRANSF,KTONS,-,3
ZA,2024-09,GASDIES,RECEIPTS,CONVBBL,7458.0000,3
ZA,2024-09,GASDIES,RECEIPTS,KBBL,-,3
ZA,2024-09,GASDIES,RECEIPTS,KBD,-,3
ZA,2024-09,GASDIES,RECEIPTS,KL,-,3
ZA,2024-09,GASDIES,RECEIPTS,KTONS,-,3
ZA,2024-09,GASDIES,REFGROUT,CONVBBL,7458.0000,3
ZA,2024-09,GASDIES,REFGROUT,KBBL,2147.9040,3
ZA,2024-09,GASDIES,REFGROUT,KBD,71.5968,3
ZA,2024-09,GASDIES,REFGROUT,KL,341.4900,3
ZA,2024-09,GASDIES,REFGROUT,KTONS,288.0000,3
ZA,2024-09,GASDIES,STATDIFF,CONVBBL,7458.0000,3
ZA,2024-09,GASDIES,STATDIFF,KBBL,-1118.7000,3
ZA,2024-09,GASDIES,STATDIFF,KBD,-37.2900,3
ZA,2024-09,GASDIES,STATDIFF,KL,-177.8594,3
ZA,2024-09,GASDIES,STATDIFF,KTONS,-150.0000,3
ZA,2024-09,GASDIES,STOCKCH,CONVBBL,7458.0000,3
ZA,2024-09,GASDIES,STOCKCH,KBBL,-119.3280,3
ZA,2024-09,GASDIES,STOCKCH,KBD,x,3
ZA,2024-09,GASDIES,STOCKCH,KL,-18.9717,3
ZA,2024-09,GASDIES,STOCKCH,KTONS,-16.0000,3
ZA,2024-09,GASDIES,TOTDEMO,CONVBBL,7458.0000,3
ZA,2024-09,GASDIES,TOTDEMO,KBBL,4952.1120,3
ZA,2024-09,GASDIES,TOTDEMO,KBD,165.0704,3
ZA,2024-09,GASDIES,TOTDEMO,KL,787.3242,3
ZA,2024-09,GASDIES,TOTDEMO,KTONS,664.0000,3
ZA,2024-09,GASDIES,TOTEXPSB,CONVBBL,7458.0000,3
ZA,2024-09,GASDIES,TOTEXPSB,KBBL,89.4960,3
ZA,2024-09,GASDIES,TOTEXPSB,KBD,2.9832,3
ZA,2024-09,GASDIES,TOTEXPSB,KL,14.2288,3
ZA,2024-09,GASDIES,TOTEXPSB,KTONS,12.0000,3
ZA,2024-09,GASDIES,TOTIMPSB,CONVBBL,7458.0000,3
ZA,2024-09,GASDIES,TOTIMPSB,KBBL,1655.6760,3
ZA,2024-09,GASDIES,TOTIMPSB,KBD,55.1892,3
ZA,2024-09,GASDIES,TOTIMPSB,KL,263.2319,3
ZA,2024-09,GASDIES,TOTIMPSB,KTONS,222.0000,3
ZA,2024-10,GASDIES,CLOSTLV,CONVBBL,7458.0000,3
ZA,2024-10,GASDIES,CLOSTLV,KBBL,3199.4820,3
ZA,2024-10,GASDIES,CLOSTLV,KBD,x,3
ZA,2024-10,GASDIES,CLOSTLV,KL,508.6779,3
ZA,2024-10,GASDIES,CLOSTLV,KTONS,429.0000,3
ZA,2024-10,GASDIES,IPTRANSF,CONVBBL,7458.0000,3
ZA,2024-10,GASDIES,IPTRANSF,KBBL,0.0000,3
ZA,2024-10,GASDIES,IPTRANSF,KBD,0.0000,3
ZA,2024-10,GASDIES,IPTRANSF,KL,0.0000,3
ZA,2024-10,GASDIES,IPTRANSF,KTONS,0.0000,3
ZA,2024-10,GASDIES,PTRANSF,CONVBBL,7458.0000,3
ZA,2024-10,GASDIES,PTRANSF,KBBL,-,3
ZA,2024-10,GASDIES,PTRANSF,KBD,-,3
ZA,2024-10,GASDIES,PTRANSF,KL,-,3
ZA,2024-10,GASDIES,PTRANSF,KTONS,-,3
ZA,2024-10,GASDIES,RECEIPTS,CONVBBL,7458.0000,3
ZA,2024-10,GASDIES,RECEIPTS,KBBL,-,3
ZA,2024-10,GASDIES,RECEIPTS,KBD,-,3
ZA,2024-10,GASDIES,RECEIPTS,KL,-,3
ZA,2024-10,GASDIES,RECEIPTS,KTONS,-,3
ZA,2024-10,GASDIES,REFGROUT,CONVBBL,7458.0000,3
ZA,2024-10,GASDIES,REFGROUT,KBBL,2162.8200,3
ZA,2024-10,GASDIES,REFGROUT,KBD,69.7684,3
ZA,2024-10,GASDIES,REFGROUT,KL,343.8615,3
ZA,2024-10,GASDIES,REFGROUT,KTONS,290.0000,3
ZA,2024-10,GASDIES,STATDIFF,CONVBBL,7458.0000,3
ZA,2024-10,GASDIES,STATDIFF,KBBL,-701.0520,3
ZA,2024-10,GASDIES,STATDIFF,KBD,-22.6146,3
ZA,2024-10,GASDIES,STATDIFF,KL,-111.4586,3
ZA,2024-10,GASDIES,STATDIFF,KTONS,-94.0000,3
ZA,2024-10,GASDIES,STOCKCH,CONVBBL,7458.0000,3
ZA,2024-10,GASDIES,STOCKCH,KBBL,-104.4120,3
ZA,2024-10,GASDIES,STOCKCH,KBD,x,3
ZA,2024-10,GASDIES,STOCKCH,KL,-16.6002,3
ZA,2024-10,GASDIES,STOCKCH,KTONS,-14.0000,3
ZA,2024-10,GASDIES,TOTDEMO,CONVBBL,7458.0000,3
ZA,2024-10,GASDIES,TOTDEMO,KBBL,5690.4540,3
ZA,2024-10,GASDIES,TOTDEMO,KBD,183.5630,3
ZA,2024-10,GASDIES,TOTDEMO,KL,904.7114,3
ZA,2024-10,GASDIES,TOTDEMO,KTONS,763.0000,3
ZA,2024-10,GASDIES,TOTEXPSB,CONVBBL,7458.0000,3
ZA,2024-10,GASDIES,TOTEXPSB,KBBL,104.4120,3
ZA,2024-10,GASDIES,TOTEXPSB,KBD,3.3681,3
ZA,2024-10,GASDIES,TOTEXPSB,KL,16.6002,3
ZA,2024-10,GASDIES,TOTEXPSB,KTONS,14.0000,3
ZA,2024-10,GASDIES,TOTIMPSB,CONVBBL,7458.0000,3
ZA,2024-10,GASDIES,TOTIMPSB,KBBL,2826.5820,3
ZA,2024-10,GASDIES,TOTIMPSB,KBD,91.1801,3
ZA,2024-10,GASDIES,TOTIMPSB,KL,449.3914,3
ZA,2024-10,GASDIES,TOTIMPSB,KTONS,379.0000,3
ZA,2024-11,GASDIES,CLOSTLV,CONVBBL,7458.0000,3
ZA,2024-11,GASDIES,CLOSTLV,KBBL,3132.3600,3
ZA,2024-11,GASDIES,CLOSTLV,KBD,x,3
ZA,2024-11,GASDIES,CLOSTLV,KL,498.0063,3
ZA,2024-11,GASDIES,CLOSTLV,KTONS,420.0000,3
ZA,2024-11,GASDIES,IPTRANSF,CONVBBL,7458.0000,3
ZA,2024-11,GASDIES,IPTRANSF,KBBL,0.0000,3
ZA,2024-11,GASDIES,IPTRANSF,KBD,0.0000,3
ZA,2024-11,GASDIES,IPTRANSF,KL,0.0000,3
ZA,2024-11,GASDIES,IPTRANSF,KTONS,0.0000,3
ZA,2024-11,GASDIES,PTRANSF,CONVBBL,7458.0000,3
ZA,2024-11,GASDIES,PTRANSF,KBBL,-,3
ZA,2024-11,GASDIES,PTRANSF,KBD,-,3
ZA,2024-11,GASDIES,PTRANSF,KL,-,3
ZA,2024-11,GASDIES,PTRANSF,KTONS,-,3
ZA,2024-11,GASDIES,RECEIPTS,CONVBBL,7458.0000,3
ZA,2024-11,GASDIES,RECEIPTS,KBBL,-,3
ZA,2024-11,GASDIES,RECEIPTS,KBD,-,3
ZA,2024-11,GASDIES,RECEIPTS,KL,-,3
ZA,2024-11,GASDIES,RECEIPTS,KTONS,-,3
ZA,2024-11,GASDIES,REFGROUT,CONVBBL,7458.0000,3
ZA,2024-11,GASDIES,REFGROUT,KBBL,2304.5220,3
ZA,2024-11,GASDIES,REFGROUT,KBD,76.8174,3
ZA,2024-11,GASDIES,REFGROUT,KL,366.3903,3
ZA,2024-11,GASDIES,REFGROUT,KTONS,309.0000,3
ZA,2024-11,GASDIES,STATDIFF,CONVBBL,7458.0000,3
ZA,2024-11,GASDIES,STATDIFF,KBBL,-1275.3180,3
ZA,2024-11,GASDIES,STATDIFF,KBD,-42.5106,3
ZA,2024-11,GASDIES,STATDIFF,KL,-202.7597,3
ZA,2024-11,GASDIES,STATDIFF,KTONS,-171.0000,3
ZA,2024-11,GASDIES,STOCKCH,CONVBBL,7458.0000,3
ZA,2024-11,GASDIES,STOCKCH,KBBL,-37.2900,3
ZA,2024-11,GASDIES,STOCKCH,KBD,x,3
ZA,2024-11,GASDIES,STOCKCH,KL,-5.9286,3
ZA,2024-11,GASDIES,STOCKCH,KTONS,-5.0000,3
ZA,2024-11,GASDIES,TOTDEMO,CONVBBL,7458.0000,3
ZA,2024-11,GASDIES,TOTDEMO,KBBL,6227.4300,3
ZA,2024-11,GASDIES,TOTDEMO,KBD,207.5810,3
ZA,2024-11,GASDIES,TOTDEMO,KL,990.0839,3
ZA,2024-11,GASDIES,TOTDEMO,KTONS,835.0000,3
ZA,2024-11,GASDIES,TOTEXPSB,CONVBBL,7458.0000,3
ZA,2024-11,GASDIES,TOTEXPSB,KBBL,156.6180,3
ZA,2024-11,GASDIES,TOTEXPSB,KBD,5.2206,3
ZA,2024-11,GASDIES,TOTEXPSB,KL,24.9003,3
ZA,2024-11,GASDIES,TOTEXPSB,KTONS,21.0000,3
ZA,2024-11,GASDIES,TOTIMPSB,CONVBBL,7458.0000,3
ZA,2024-11,GASDIES,TOTIMPSB,KBBL,2759.4600,3
ZA,2024-11,GASDIES,TOTIMPSB,KBD,91.9820,3
ZA,2024-11,GASDIES,TOTIMPSB,KL,438.7198,3
ZA,2024-11,GASDIES,TOTIMPSB,KTONS,370.0000,3
ZA,2024-12,GASDIES,CLOSTLV,CONVBBL,7458.0000,3
ZA,2024-12,GASDIES,CLOSTLV,KBBL,3438.1380,3
ZA,2024-12,GASDIES,CLOSTLV,KBD,x,3
ZA,2024-12,GASDIES,CLOSTLV,KL,546.6212,3
ZA,2024-12,GASDIES,CLOSTLV,KTONS,461.0000,3
ZA,2024-12,GASDIES,IPTRANSF,CONVBBL,7458.0000,3
ZA,2024-12,GASDIES,IPTRANSF,KBBL,0.0000,3
ZA,2024-12,GASDIES,IPTRANSF,KBD,0.0000,3
ZA,2024-12,GASDIES,IPTRANSF,KL,0.0000,3
ZA,2024-12,GASDIES,IPTRANSF,KTONS,0.0000,3
ZA,2024-12,GASDIES,PTRANSF,CONVBBL,7458.0000,3
ZA,2024-12,GASDIES,PTRANSF,KBBL,-,3
ZA,2024-12,GASDIES,PTRANSF,KBD,-,3
ZA,2024-12,GASDIES,PTRANSF,KL,-,3
ZA,2024-12,GASDIES,PTRANSF,KTONS,-,3
ZA,2024-12,GASDIES,RECEIPTS,CONVBBL,7458.0000,3
ZA,2024-12,GASDIES,RECEIPTS,KBBL,-,3
ZA,2024-12,GASDIES,RECEIPTS,KBD,-,3
ZA,2024-12,GASDIES,RECEIPTS,KL,-,3
ZA,2024-12,GASDIES,RECEIPTS,KTONS,-,3
ZA,2024-12,GASDIES,REFGROUT,CONVBBL,7458.0000,3
ZA,2024-12,GASDIES,REFGROUT,KBBL,2267.2320,3
ZA,2024-12,GASDIES,REFGROUT,KBD,73.1365,3
ZA,2024-12,GASDIES,REFGROUT,KL,360.4617,3
ZA,2024-12,GASDIES,REFGROUT,KTONS,304.0000,3
ZA,2024-12,GASDIES,STATDIFF,CONVBBL,7458.0000,3
ZA,2024-12,GASDIES,STATDIFF,KBBL,-536.9760,3
ZA,2024-12,GASDIES,STATDIFF,KBD,-17.3218,3
ZA,2024-12,GASDIES,STATDIFF,KL,-85.3725,3
ZA,2024-12,GASDIES,STATDIFF,KTONS,-72.0000,3
ZA,2024-12,GASDIES,STOCKCH,CONVBBL,7458.0000,3
ZA,2024-12,GASDIES,STOCKCH,KBBL,492.2280,3
ZA,2024-12,GASDIES,STOCKCH,KBD,x,3
ZA,2024-12,GASDIES,STOCKCH,KL,78.2581,3
ZA,2024-12,GASDIES,STOCKCH,KTONS,66.0000,3
ZA,2024-12,GASDIES,TOTDEMO,CONVBBL,7458.0000,3
ZA,2024-12,GASDIES,TOTDEMO,KBBL,5451.7980,3
ZA,2024-12,GASDIES,TOTDEMO,KBD,175.8645,3
ZA,2024-12,GASDIES,TOTDEMO,KL,866.7681,3
ZA,2024-12,GASDIES,TOTDEMO,KTONS,731.0000,3
ZA,2024-12,GASDIES,TOTEXPSB,CONVBBL,7458.0000,3
ZA,2024-12,GASDIES,TOTEXPSB,KBBL,104.4120,3
ZA,2024-12,GASDIES,TOTEXPSB,KBD,3.3681,3
ZA,2024-12,GASDIES,TOTEXPSB,KL,16.6002,3
ZA,2024-12,GASDIES,TOTEXPSB,KTONS,14.0000,3
ZA,2024-12,GASDIES,TOTIMPSB,CONVBBL,7458.0000,3
ZA,2024-12,GASDIES,TOTIMPSB,KBBL,3244.2300,3
ZA,2024-12,GASDIES,TOTIMPSB,KBD,104.6526,3
ZA,2024-12,GASDIES,TOTIMPSB,KL,515.7922,3
ZA,2024-12,GASDIES,TOTIMPSB,KTONS,435.0000,3
ZA,2024-01,GASOLINE,CLOSTLV,CONVBBL,8466.0000,3
ZA,2024-01,GASOLINE,CLOSTLV,KBBL,4216.0680,3
ZA,2024-01,GASOLINE,CLOSTLV,KBD,x,3
ZA,2024-01,GASOLINE,CLOSTLV,KL,670.3024,3
ZA,2024-01,GASOLINE,CLOSTLV,KTONS,498.0000,3
ZA,2024-01,GASOLINE,IPTRANSF,CONVBBL,8466.0000,3
ZA,2024-01,GASOLINE,IPTRANSF,KBBL,0.0000,3
ZA,2024-01,GASOLINE,IPTRANSF,KBD,0.0000,3
ZA,2024-01,GASOLINE,IPTRANSF,KL,0.0000,3
ZA,2024-01,GASOLINE,IPTRANSF,KTONS,0.0000,3
ZA,2024-01,GASOLINE,PTRANSF,CONVBBL,8466.0000,3
ZA,2024-01,GASOLINE,PTRANSF,KBBL,-,3
ZA,2024-01,GASOLINE,PTRANSF,KBD,-,3
ZA,2024-01,GASOLINE,PTRANSF,KL,-,3
ZA,2024-01,GASOLINE,PTRANSF,KTONS,-,3
ZA,2024-01,GASOLINE,RECEIPTS,CONVBBL,8466.0000,3
ZA,2024-01,GASOLINE,RECEIPTS,KBBL,-,3
ZA,2024-01,GASOLINE,RECEIPTS,KBD,-,3
ZA,2024-01,GASOLINE,RECEIPTS,KL,-,3
ZA,2024-01,GASOLINE,RECEIPTS,KTONS,-,3
ZA,2024-01,GASOLINE,REFGROUT,CONVBBL,8466.0000,3
ZA,2024-01,GASOLINE,REFGROUT,KBBL,4444.6500,3
ZA,2024-01,GASOLINE,REFGROUT,KBD,143.3758,3
ZA,2024-01,GASOLINE,REFGROUT,KL,706.6441,3
ZA,2024-01,GASOLINE,REFGROUT,KTONS,525.0000,3
ZA,2024-01,GASOLINE,STATDIFF,CONVBBL,8466.0000,3
ZA,2024-01,GASOLINE,STATDIFF,KBBL,-245.5140,3
ZA,2024-01,GASOLINE,STATDIFF,KBD,-7.9198,3
ZA,2024-01,GASOLINE,STATDIFF,KL,-39.0337,3
ZA,2024-01,GASOLINE,STATDIFF,KTONS,-29.0000,3
ZA,2024-01,GASOLINE,STOCKCH,CONVBBL,8466.0000,3
ZA,2024-01,GASOLINE,STOCKCH,KBBL,533.3580,3
ZA,2024-01,GASOLINE,STOCKCH,KBD,x,3
ZA,2024-01,GASOLINE,STOCKCH,KL,84.7973,3
ZA,2024-01,GASOLINE,STOCKCH,KTONS,63.0000,3
ZA,2024-01,GASOLINE,TOTDEMO,CONVBBL,8466.0000,3
ZA,2024-01,GASOLINE,TOTDEMO,KBBL,6027.7920,3
ZA,2024-01,GASOLINE,TOTDEMO,KBD,194.4449,3
ZA,2024-01,GASOLINE,TOTDEMO,KL,958.3440,3
ZA,2024-01,GASOLINE,TOTDEMO,KTONS,712.0000,3
ZA,2024-01,GASOLINE,TOTEXPSB,CONVBBL,8466.0000,3
ZA,2024-01,GASOLINE,TOTEXPSB,KBBL,228.5820,3
ZA,2024-01,GASOLINE,TOTEXPSB,KBD,7.3736,3
ZA,2024-01,GASOLINE,TOTEXPSB,KL,36.3417,3
ZA,2024-01,GASOLINE,TOTEXPSB,KTONS,27.0000,3
ZA,2024-01,GASOLINE,TOTIMPSB,CONVBBL,8466.0000,3
ZA,2024-01,GASOLINE,TOTIMPSB,KBBL,2099.5680,3
ZA,2024-01,GASOLINE,TOTIMPSB,KBD,67.7280,3
ZA,2024-01,GASOLINE,TOTIMPSB,KL,333.8052,3
ZA,2024-01,GASOLINE,TOTIMPSB,KTONS,248.0000,3
ZA,2024-02,GASOLINE,CLOSTLV,CONVBBL,8466.0000,3
ZA,2024-02,GASOLINE,CLOSTLV,KBBL,3682.7100,3
ZA,2024-02,GASOLINE,CLOSTLV,KBD,x,3
ZA,2024-02,GASOLINE,CLOSTLV,KL,585.5051,3
ZA,2024-02,GASOLINE,CLOSTLV,KTONS,435.0000,3
ZA,2024-02,GASOLINE,IPTRANSF,CONVBBL,8466.0000,3
ZA,2024-02,GASOLINE,IPTRANSF,KBBL,0.0000,3
ZA,2024-02,GASOLINE,IPTRANSF,KBD,0.0000,3
ZA,2024-02,GASOLINE,IPTRANSF,KL,0.0000,3
ZA,2024-02,GASOLINE,IPTRANSF,KTONS,0.0000,3
ZA,2024-02,GASOLINE,PTRANSF,CONVBBL,8466.0000,3
ZA,2024-02,GASOLINE,PTRANSF,KBBL,-,3
ZA,2024-02,GASOLINE,PTRANSF,KBD,-,3
ZA,2024-02,GASOLINE,PTRANSF,KL,-,3
ZA,2024-02,GASOLINE,PTRANSF,KTONS,-,3
ZA,2024-02,GASOLINE,RECEIPTS,CONVBBL,8466.0000,3
ZA,2024-02,GASOLINE,RECEIPTS,KBBL,-,3
ZA,2024-02,GASOLINE,RECEIPTS,KBD,-,3
ZA,2024-02,GASOLINE,RECEIPTS,KL,-,3
ZA,2024-02,GASOLINE,RECEIPTS,KTONS,-,3
ZA,2024-02,GASOLINE,REFGROUT,CONVBBL,8466.0000,3
ZA,2024-02,GASOLINE,REFGROUT,KBBL,4106.0100,3
ZA,2024-02,GASOLINE,REFGROUT,KBD,141.5866,3
ZA,2024-02,GASOLINE,REFGROUT,KL,652.8045,3
ZA,2024-02,GASOLINE,REFGROUT,KTONS,485.0000,3
ZA,2024-02,GASOLINE,STATDIFF,CONVBBL,8466.0000,3
ZA,2024-02,GASOLINE,STATDIFF,KBBL,33.8640,3
ZA,2024-02,GASOLINE,STATDIFF,KBD,1.1677,3
ZA,2024-02,GASOLINE,STATDIFF,KL,5.3840,3
ZA,2024-02,GASOLINE,STATDIFF,KTONS,4.0000,3
ZA,2024-02,GASOLINE,STOCKCH,CONVBBL,8466.0000,3
ZA,2024-02,GASOLINE,STOCKCH,KBBL,-423.3000,3
ZA,2024-02,GASOLINE,STOCKCH,KBD,x,3
ZA,2024-02,GASOLINE,STOCKCH,KL,-67.2994,3
ZA,2024-02,GASOLINE,STOCKCH,KTONS,-50.0000,3
ZA,2024-02,GASOLINE,TOTDEMO,CONVBBL,8466.0000,3
ZA,2024-02,GASOLINE,TOTDEMO,KBBL,5308.1820,3
ZA,2024-02,GASOLINE,TOTDEMO,KBD,183.0408,3
ZA,2024-02,GASOLINE,TOTDEMO,KL,843.9349,3
ZA,2024-02,GASOLINE,TOTDEMO,KTONS,627.0000,3
ZA,2024-02,GASOLINE,TOTEXPSB,CONVBBL,8466.0000,3
ZA,2024-02,GASOLINE,TOTEXPSB,KBBL,228.5820,3
ZA,2024-02,GASOLINE,TOTEXPSB,KBD,7.8821,3
ZA,2024-02,GASOLINE,TOTEXPSB,KL,36.3417,3
ZA,2024-02,GASOLINE,TOTEXPSB,KTONS,27.0000,3
ZA,2024-02,GASOLINE,TOTIMPSB,CONVBBL,8466.0000,3
ZA,2024-02,GASOLINE,TOTIMPSB,KBBL,1032.8520,3
ZA,2024-02,GASOLINE,TOTIMPSB,KBD,35.6156,3
ZA,2024-02,GASOLINE,TOTIMPSB,KL,164.2106,3
ZA,2024-02,GASOLINE,TOTIMPSB,KTONS,122.0000,3
ZA,2024-03,GASOLINE,CLOSTLV,CONVBBL,8466.0000,3
ZA,2024-03,GASOLINE,CLOSTLV,KBBL,1430.7540,3
ZA,2024-03,GASOLINE,CLOSTLV,KBD,x,3
ZA,2024-03,GASOLINE,CLOSTLV,KL,227.4721,3
ZA,2024-03,GASOLINE,CLOSTLV,KTONS,169.0000,3
ZA,2024-03,GASOLINE,IPTRANSF,CONVBBL,8466.0000,3
ZA,2024-03,GASOLINE,IPTRANSF,KBBL,0.0000,3
ZA,2024-03,GASOLINE,IPTRANSF,KBD,0.0000,3
ZA,2024-03,GASOLINE,IPTRANSF,KL,0.0000,3
ZA,2024-03,GASOLINE,IPTRANSF,KTONS,0.0000,3
ZA,2024-03,GASOLINE,PTRANSF,CONVBBL,8466.0000,3
ZA,2024-03,GASOLINE,PTRANSF,KBBL,-,3
ZA,2024-03,GASOLINE,PTRANSF,KBD,-,3
ZA,2024-03,GASOLINE,PTRANSF,KL,-,3
ZA,2024-03,GASOLINE,PTRANSF,KTONS,-,3
ZA,2024-03,GASOLINE,RECEIPTS,CONVBBL,8466.0000,3
ZA,2024-03,GASOLINE,RECEIPTS,KBBL,-,3
ZA,2024-03,GASOLINE,RECEIPTS,KBD,-,3
ZA,2024-03,GASOLINE,RECEIPTS,KL,-,3
ZA,2024-03,GASOLINE,RECEIPTS,KTONS,-,3
ZA,2024-03,GASOLINE,REFGROUT,CONVBBL,8466.0000,3
ZA,2024-03,GASOLINE,REFGROUT,KBBL,2819.1780,3
ZA,2024-03,GASOLINE,REFGROUT,KBD,90.9412,3
ZA,2024-03,GASOLINE,REFGROUT,KL,448.2143,3
ZA,2024-03,GASOLINE,REFGROUT,KTONS,333.0000,3
ZA,2024-03,GASOLINE,STATDIFF,CONVBBL,8466.0000,3
ZA,2024-03,GASOLINE,STATDIFF,KBBL,1125.9780,3
ZA,2024-03,GASOLINE,STATDIFF,KBD,36.3219,3
ZA,2024-03,GASOLINE,STATDIFF,KL,179.0165,3
ZA,2024-03,GASOLINE,STATDIFF,KTONS,133.0000,3
ZA,2024-03,GASOLINE,STOCKCH,CONVBBL,8466.0000,3
ZA,2024-03,GASOLINE,STOCKCH,KBBL,-1024.3860,3
ZA,2024-03,GASOLINE,STOCKCH,KBD,x,3
ZA,2024-03,GASOLINE,STOCKCH,KL,-162.8646,3
ZA,2024-03,GASOLINE,STOCKCH,KTONS,-121.0000,3
ZA,2024-03,GASOLINE,TOTDEMO,CONVBBL,8466.0000,3
ZA,2024-03,GASOLINE,TOTDEMO,KBBL,3589.5840,3
ZA,2024-03,GASOLINE,TOTDEMO,KBD,115.7930,3
ZA,2024-03,GASOLINE,TOTDEMO,KL,570.6992,3
ZA,2024-03,GASOLINE,TOTDEMO,KTONS,424.0000,3
ZA,2024-03,GASOLINE,TOTEXPSB,CONVBBL,8466.0000,3
ZA,2024-03,GASOLINE,TOTEXPSB,KBBL,186.2520,3
ZA,2024-03,GASOLINE,TOTEXPSB,KBD,6.0081,3
ZA,2024-03,GASOLINE,TOTEXPSB,KL,29.6118,3
ZA,2024-03,GASOLINE,TOTEXPSB,KTONS,22.0000,3
ZA,2024-03,GASOLINE,TOTIMPSB,CONVBBL,8466.0000,3
ZA,2024-03,GASOLINE,TOTIMPSB,KBBL,1058.2500,3
ZA,2024-03,GASOLINE,TOTIMPSB,KBD,34.1371,3
ZA,2024-03,GASOLINE,TOTIMPSB,KL,168.2486,3
ZA,2024-03,GASOLINE,TOTIMPSB,KTONS,125.0000,3
ZA,2024-04,GASOLINE,CLOSTLV,CONVBBL,8466.0000,3
ZA,2024-04,GASOLINE,CLOSTLV,KBBL,3665.7780,3
ZA,2024-04,GASOLINE,CLOSTLV,KBD,x,3
ZA,2024-04,GASOLINE,CLOSTLV,KL,582.8131,3
ZA,2024-04,GASOLINE,CLOSTLV,KTONS,433.0000,3
ZA,2024-04,GASOLINE,IPTRANSF,CONVBBL,8466.0000,3
ZA,2024-04,GASOLINE,IPTRANSF,KBBL,0.0000,3
ZA,2024-04,GASOLINE,IPTRANSF,KBD,0.0000,3
ZA,2024-04,GASOLINE,IPTRANSF,KL,0.0000,3
ZA,2024-04,GASOLINE,IPTRANSF,KTONS,0.0000,3
ZA,2024-04,GASOLINE,PTRANSF,CONVBBL,8466.0000,3
ZA,2024-04,GASOLINE,PTRANSF,KBBL,-,3
ZA,2024-04,GASOLINE,PTRANSF,KBD,-,3
ZA,2024-04,GASOLINE,PTRANSF,KL,-,3
ZA,2024-04,GASOLINE,PTRANSF,KTONS,-,3
ZA,2024-04,GASOLINE,RECEIPTS,CONVBBL,8466.0000,3
ZA,2024-04,GASOLINE,RECEIPTS,KBBL,-,3
ZA,2024-04,GASOLINE,RECEIPTS,KBD,-,3
ZA,2024-04,GASOLINE,RECEIPTS,KL,-,3
ZA,2024-04,GASOLINE,RECEIPTS,KTONS,-,3
ZA,2024-04,GASOLINE,REFGROUT,CONVBBL,8466.0000,3
ZA,2024-04,GASOLINE,REFGROUT,KBBL,4182.2040,3
ZA,2024-04,GASOLINE,REFGROUT,KBD,139.4068,3
ZA,2024-04,GASOLINE,REFGROUT,KL,664.9184,3
ZA,2024-04,GASOLINE,REFGROUT,KTONS,494.0000,3
ZA,2024-04,GASOLINE,STATDIFF,CONVBBL,8466.0000,3
ZA,2024-04,GASOLINE,STATDIFF,KBBL,-347.1060,3
ZA,2024-04,GASOLINE,STATDIFF,KBD,-11.5702,3
ZA,2024-04,GASOLINE,STATDIFF,KL,-55.1855,3
ZA,2024-04,GASOLINE,STATDIFF,KTONS,-41.0000,3
ZA,2024-04,GASOLINE,STOCKCH,CONVBBL,8466.0000,3
ZA,2024-04,GASOLINE,STOCKCH,KBBL,313.2420,3
ZA,2024-04,GASOLINE,STOCKCH,KBD,x,3
ZA,2024-04,GASOLINE,STOCKCH,KL,49.8016,3
ZA,2024-04,GASOLINE,STOCKCH,KTONS,37.0000,3
ZA,2024-04,GASOLINE,TOTDEMO,CONVBBL,8466.0000,3
ZA,2024-04,GASOLINE,TOTDEMO,KBBL,5223.5220,3
ZA,2024-04,GASOLINE,TOTDEMO,KBD,174.1174,3
ZA,2024-04,GASOLINE,TOTDEMO,KL,830.4751,3
ZA,2024-04,GASOLINE,TOTDEMO,KTONS,617.0000,3
ZA,2024-04,GASOLINE,TOTEXPSB,CONVBBL,8466.0000,3
ZA,2024-04,GASOLINE,TOTEXPSB,KBBL,160.8540,3
ZA,2024-04,GASOLINE,TOTEXPSB,KBD,5.3618,3
ZA,2024-04,GASOLINE,TOTEXPSB,KL,25.5738,3
ZA,2024-04,GASOLINE,TOTEXPSB,KTONS,19.0000,3
ZA,2024-04,GASOLINE,TOTIMPSB,CONVBBL,8466.0000,3
ZA,2024-04,GASOLINE,TOTIMPSB,KBBL,1168.3080,3
ZA,2024-04,GASOLINE,TOTIMPSB,KBD,38.9436,3
ZA,2024-04,GASOLINE,TOTIMPSB,KL,185.7464,3
ZA,2024-04,GASOLINE,TOTIMPSB,KTONS,138.0000,3
ZA,2024-05,GASOLINE,CLOSTLV,CONVBBL,8466.0000,3
ZA,2024-05,GASOLINE,CLOSTLV,KBBL,4436.1840,3
ZA,2024-05,GASOLINE,CLOSTLV,KBD,x,3
ZA,2024-05,GASOLINE,CLOSTLV,KL,705.2981,3
ZA,2024-05,GASOLINE,CLOSTLV,KTONS,524.0000,3
ZA,2024-05,GASOLINE,IPTRANSF,CONVBBL,8466.0000,3
ZA,2024-05,GASOLINE,IPTRANSF,KBBL,0.0000,3
ZA,2024-05,GASOLINE,IPTRANSF,KBD,0.0000,3
ZA,2024-05,GASOLINE,IPTRANSF,KL,0.0000,3
ZA,2024-05,GASOLINE,IPTRANSF,KTONS,0.0000,3
ZA,2024-05,GASOLINE,PTRANSF,CONVBBL,8466.0000,3
ZA,2024-05,GASOLINE,PTRANSF,KBBL,-,3
ZA,2024-05,GASOLINE,PTRANSF,KBD,-,3
ZA,2024-05,GASOLINE,PTRANSF,KL,-,3
ZA,2024-05,GASOLINE,PTRANSF,KTONS,-,3
ZA,2024-05,GASOLINE,RECEIPTS,CONVBBL,8466.0000,3
ZA,2024-05,GASOLINE,RECEIPTS,KBBL,-,3
ZA,2024-05,GASOLINE,RECEIPTS,KBD,-,3
ZA,2024-05,GASOLINE,RECEIPTS,KL,-,3
ZA,2024-05,GASOLINE,RECEIPTS,KTONS,-,3
ZA,2024-05,GASOLINE,REFGROUT,CONVBBL,8466.0000,3
ZA,2024-05,GASOLINE,REFGROUT,KBBL,3691.1760,3
ZA,2024-05,GASOLINE,REFGROUT,KBD,119.0702,3
ZA,2024-05,GASOLINE,REFGROUT,KL,586.8511,3
ZA,2024-05,GASOLINE,REFGROUT,KTONS,436.0000,3
ZA,2024-05,GASOLINE,STATDIFF,CONVBBL,8466.0000,3
ZA,2024-05,GASOLINE,STATDIFF,KBBL,-871.9980,3
ZA,2024-05,GASOLINE,STATDIFF,KBD,-28.1290,3
ZA,2024-05,GASOLINE,STATDIFF,KL,-138.6368,3
ZA,2024-05,GASOLINE,STATDIFF,KTONS,-103.0000,3
ZA,2024-05,GASOLINE,STOCKCH,CONVBBL,8466.0000,3
ZA,2024-05,GASOLINE,STOCKCH,KBBL,728.0760,3
ZA,2024-05,GASOLINE,STOCKCH,KBD,x,3
ZA,2024-05,GASOLINE,STOCKCH,KL,115.7550,3
ZA,2024-05,GASOLINE,STOCKCH,KTONS,86.0000,3
ZA,2024-05,GASOLINE,TOTDEMO,CONVBBL,8466.0000,3
ZA,2024-05,GASOLINE,TOTDEMO,KBBL,5003.4060,3
ZA,2024-05,GASOLINE,TOTDEMO,KBD,161.4002,3
ZA,2024-05,GASOLINE,TOTDEMO,KL,795.4793,3
ZA,2024-05,GASOLINE,TOTDEMO,KTONS,591.0000,3
ZA,2024-05,GASOLINE,TOTEXPSB,CONVBBL,8466.0000,3
ZA,2024-05,GASOLINE,TOTEXPSB,KBBL,186.2520,3
ZA,2024-05,GASOLINE,TOTEXPSB,KBD,6.0081,3
ZA,2024-05,GASOLINE,TOTEXPSB,KL,29.6118,3
ZA,2024-05,GASOLINE,TOTEXPSB,KTONS,22.0000,3
ZA,2024-05,GASOLINE,TOTIMPSB,CONVBBL,8466.0000,3
ZA,2024-05,GASOLINE,TOTIMPSB,KBBL,1363.0260,3
ZA,2024-05,GASOLINE,TOTIMPSB,KBD,43.9686,3
ZA,2024-05,GASOLINE,TOTIMPSB,KL,216.7042,3
ZA,2024-05,GASOLINE,TOTIMPSB,KTONS,161.0000,3
ZA,2024-06,GASOLINE,CLOSTLV,CONVBBL,8466.0000,3
ZA,2024-06,GASOLINE,CLOSTLV,KBBL,4021.3500,3
ZA,2024-06,GASOLINE,CLOSTLV,KBD,x,3
ZA,2024-06,GASOLINE,CLOSTLV,KL,639.3447,3
ZA,2024-06,GASOLINE,CLOSTLV,KTONS,475.0000,3
ZA,2024-06,GASOLINE,IPTRANSF,CONVBBL,8466.0000,3
ZA,2024-06,GASOLINE,IPTRANSF,KBBL,0.0000,3
ZA,2024-06,GASOLINE,IPTRANSF,KBD,0.0000,3
ZA,2024-06,GASOLINE,IPTRANSF,KL,0.0000,3
ZA,2024-06,GASOLINE,IPTRANSF,KTONS,0.0000,3
ZA,2024-06,GASOLINE,PTRANSF,CONVBBL,8466.0000,3
ZA,2024-06,GASOLINE,PTRANSF,KBBL,-,3
ZA,2024-06,GASOLINE,PTRANSF,KBD,-,3
ZA,2024-06,GASOLINE,PTRANSF,KL,-,3
ZA,2024-06,GASOLINE,PTRANSF,KTONS,-,3
ZA,2024-06,GASOLINE,RECEIPTS,CONVBBL,8466.0000,3
ZA,2024-06,GASOLINE,RECEIPTS,KBBL,-,3
ZA,2024-06,GASOLINE,RECEIPTS,KBD,-,3
ZA,2024-06,GASOLINE,RECEIPTS,KL,-,3
ZA,2024-06,GASOLINE,RECEIPTS,KTONS,-,3
ZA,2024-06,GASOLINE,REFGROUT,CONVBBL,8466.0000,3
ZA,2024-06,GASOLINE,REFGROUT,KBBL,3267.8760,3
ZA,2024-06,GASOLINE,REFGROUT,KBD,108.9292,3
ZA,2024-06,GASOLINE,REFGROUT,KL,519.5517,3
ZA,2024-06,GASOLINE,REFGROUT,KTONS,386.0000,3
ZA,2024-06,GASOLINE,STATDIFF,CONVBBL,8466.0000,3
ZA,2024-06,GASOLINE,STATDIFF,KBBL,262.4460,3
ZA,2024-06,GASOLINE,STATDIFF,KBD,8.7482,3
ZA,2024-06,GASOLINE,STATDIFF,KL,41.7257,3
ZA,2024-06,GASOLINE,STATDIFF,KTONS,31.0000,3
ZA,2024-06,GASOLINE,STOCKCH,CONVBBL,8466.0000,3
ZA,2024-06,GASOLINE,STOCKCH,KBBL,-406.3680,3
ZA,2024-06,GASOLINE,STOCKCH,KBD,x,3
ZA,2024-06,GASOLINE,STOCKCH,KL,-64.6075,3
ZA,2024-06,GASOLINE,STOCKCH,KTONS,-48.0000,3
ZA,2024-06,GASOLINE,TOTDEMO,CONVBBL,8466.0000,3
ZA,2024-06,GASOLINE,TOTDEMO,KBBL,4834.0860,3
ZA,2024-06,GASOLINE,TOTDEMO,KBD,161.1362,3
ZA,2024-06,GASOLINE,TOTDEMO,KL,768.5596,3
ZA,2024-06,GASOLINE,TOTDEMO,KTONS,571.0000,3
ZA,2024-06,GASOLINE,TOTEXPSB,CONVBBL,8466.0000,3
ZA,2024-06,GASOLINE,TOTEXPSB,KBBL,228.5820,3
ZA,2024-06,GASOLINE,TOTEXPSB,KBD,7.6194,3
ZA,2024-06,GASOLINE,TOTEXPSB,KL,36.3417,3
ZA,2024-06,GASOLINE,TOTEXPSB,KTONS,27.0000,3
ZA,2024-06,GASOLINE,TOTIMPSB,CONVBBL,8466.0000,3
ZA,2024-06,GASOLINE,TOTIMPSB,KBBL,1650.8700,3
ZA,2024-06,GASOLINE,TOTIMPSB,KBD,55.0290,3
ZA,2024-06,GASOLINE,TOTIMPSB,KL,262.4678,3
ZA,2024-06,GASOLINE,TOTIMPSB,KTONS,195.0000,3
ZA,2024-07,GASOLINE,CLOSTLV,CONVBBL,8466.0000,3
ZA,2024-07,GASOLINE,CLOSTLV,KBBL,3276.3420,3
ZA,2024-07,GASOLINE,CLOSTLV,KBD,x,3
ZA,2024-07,GASOLINE,CLOSTLV,KL,520.8976,3
ZA,2024-07,GASOLINE,CLOSTLV,KTONS,387.0000,3
ZA,2024-07,GASOLINE,IPTRANSF,CONVBBL,8466.0000,3
ZA,2024-07,GASOLINE,IPTRANSF,KBBL,0.0000,3
ZA,2024-07,GASOLINE,IPTRANSF,KBD,0.0000,3
ZA,2024-07,GASOLINE,IPTRANSF,KL,0.0000,3
ZA,2024-07,GASOLINE,IPTRANSF,KTONS,0.0000,3
ZA,2024-07,GASOLINE,PTRANSF,CONVBBL,8466.0000,3
ZA,2024-07,GASOLINE,PTRANSF,KBBL,-,3
ZA,2024-07,GASOLINE,PTRANSF,KBD,-,3
ZA,2024-07,GASOLINE,PTRANSF,KL,-,3
ZA,2024-07,GASOLINE,PTRANSF,KTONS,-,3
ZA,2024-07,GASOLINE,RECEIPTS,CONVBBL,8466.0000,3
ZA,2024-07,GASOLINE,RECEIPTS,KBBL,-,3
ZA,2024-07,GASOLINE,RECEIPTS,KBD,-,3
ZA,2024-07,GASOLINE,RECEIPTS,KL,-,3
ZA,2024-07,GASOLINE,RECEIPTS,KTONS,-,3
ZA,2024-07,GASOLINE,REFGROUT,CONVBBL,8466.0000,3
ZA,2024-07,GASOLINE,REFGROUT,KBBL,3420.2640,3
ZA,2024-07,GASOLINE,REFGROUT,KBD,110.3311,3
ZA,2024-07,GASOLINE,REFGROUT,KL,543.7795,3
ZA,2024-07,GASOLINE,REFGROUT,KTONS,404.0000,3
ZA,2024-07,GASOLINE,STATDIFF,CONVBBL,8466.0000,3
ZA,2024-07,GASOLINE,STATDIFF,KBBL,-228.5820,3
ZA,2024-07,GASOLINE,STATDIFF,KBD,-7.3736,3
ZA,2024-07,GASOLINE,STATDIFF,KL,-36.3417,3
ZA,2024-07,GASOLINE,STATDIFF,KTONS,-27.0000,3
ZA,2024-07,GASOLINE,STOCKCH,CONVBBL,8466.0000,3
ZA,2024-07,GASOLINE,STOCKCH,KBBL,-736.5420,3
ZA,2024-07,GASOLINE,STOCKCH,KBD,x,3
ZA,2024-07,GASOLINE,STOCKCH,KL,-117.1010,3
ZA,2024-07,GASOLINE,STOCKCH,KTONS,-87.0000,3
ZA,2024-07,GASOLINE,TOTDEMO,CONVBBL,8466.0000,3
ZA,2024-07,GASOLINE,TOTDEMO,KBBL,5316.6480,3
ZA,2024-07,GASOLINE,TOTDEMO,KBD,171.5048,3
ZA,2024-07,GASOLINE,TOTDEMO,KL,845.2809,3
ZA,2024-07,GASOLINE,TOTDEMO,KTONS,628.0000,3
ZA,2024-07,GASOLINE,TOTEXPSB,CONVBBL,8466.0000,3
ZA,2024-07,GASOLINE,TOTEXPSB,KBBL,186.2520,3
ZA,2024-07,GASOLINE,TOTEXPSB,KBD,6.0081,3
ZA,2024-07,GASOLINE,TOTEXPSB,KL,29.6118,3
ZA,2024-07,GASOLINE,TOTEXPSB,KTONS,22.0000,3
ZA,2024-07,GASOLINE,TOTIMPSB,CONVBBL,8466.0000,3
ZA,2024-07,GASOLINE,TOTIMPSB,KBBL,1117.5120,3
ZA,2024-07,GASOLINE,TOTIMPSB,KBD,36.0488,3
ZA,2024-07,GASOLINE,TOTIMPSB,KL,177.6705,3
ZA,2024-07,GASOLINE,TOTIMPSB,KTONS,132.0000,3
ZA,2024-08,GASOLINE,CLOSTLV,CONVBBL,8466.0000,3
ZA,2024-08,GASOLINE,CLOSTLV,KBBL,6103.9860,3
ZA,2024-08,GASOLINE,CLOSTLV,KBD,x,3
ZA,2024-08,GASOLINE,CLOSTLV,KL,970.4579,3
ZA,2024-08,GASOLINE,CLOSTLV,KTONS,721.0000,3
ZA,2024-08,GASOLINE,IPTRANSF,CONVBBL,8466.0000,3
ZA,2024-08,GASOLINE,IPTRANSF,KBBL,0.0000,3
ZA,2024-08,GASOLINE,IPTRANSF,KBD,0.0000,3
ZA,2024-08,GASOLINE,IPTRANSF,KL,0.0000,3
ZA,2024-08,GASOLINE,IPTRANSF,KTONS,0.0000,3
ZA,2024-08,GASOLINE,PTRANSF,CONVBBL,8466.0000,3
ZA,2024-08,GASOLINE,PTRANSF,KBBL,-,3
ZA,2024-08,GASOLINE,PTRANSF,KBD,-,3
ZA,2024-08,GASOLINE,PTRANSF,KL,-,3
ZA,2024-08,GASOLINE,PTRANSF,KTONS,-,3
ZA,2024-08,GASOLINE,RECEIPTS,CONVBBL,8466.0000,3
ZA,2024-08,GASOLINE,RECEIPTS,KBBL,-,3
ZA,2024-08,GASOLINE,RECEIPTS,KBD,-,3
ZA,2024-08,GASOLINE,RECEIPTS,KL,-,3
ZA,2024-08,GASOLINE,RECEIPTS,KTONS,-,3
ZA,2024-08,GASOLINE,REFGROUT,CONVBBL,8466.0000,3
ZA,2024-08,GASOLINE,REFGROUT,KBBL,3919.7580,3
ZA,2024-08,GASOLINE,REFGROUT,KBD,126.4438,3
ZA,2024-08,GASOLINE,REFGROUT,KL,623.1928,3
ZA,2024-08,GASOLINE,REFGROUT,KTONS,463.0000,3
ZA,2024-08,GASOLINE,STATDIFF,CONVBBL,8466.0000,3
ZA,2024-08,GASOLINE,STATDIFF,KBBL,-3352.5360,3
ZA,2024-08,GASOLINE,STATDIFF,KBD,-108.1463,3
ZA,2024-08,GASOLINE,STATDIFF,KL,-533.0115,3
ZA,2024-08,GASOLINE,STATDIFF,KTONS,-396.0000,3
ZA,2024-08,GASOLINE,STOCKCH,CONVBBL,8466.0000,3
ZA,2024-08,GASOLINE,STOCKCH,KBBL,2768.3820,3
ZA,2024-08,GASOLINE,STOCKCH,KBD,x,3
ZA,2024-08,GASOLINE,STOCKCH,KL,440.1383,3
ZA,2024-08,GASOLINE,STOCKCH,KTONS,327.0000,3
ZA,2024-08,GASOLINE,TOTDEMO,CONVBBL,8466.0000,3
ZA,2024-08,GASOLINE,TOTDEMO,KBBL,5435.1720,3
ZA,2024-08,GASOLINE,TOTDEMO,KBD,175.3281,3
ZA,2024-08,GASOLINE,TOTDEMO,KL,864.1248,3
ZA,2024-08,GASOLINE,TOTDEMO,KTONS,642.0000,3
ZA,2024-08,GASOLINE,TOTEXPSB,CONVBBL,8466.0000,3
ZA,2024-08,GASOLINE,TOTEXPSB,KBBL,186.2520,3
ZA,2024-08,GASOLINE,TOTEXPSB,KBD,6.0081,3
ZA,2024-08,GASOLINE,TOTEXPSB,KL,29.6118,3
ZA,2024-08,GASOLINE,TOTEXPSB,KTONS,22.0000,3
ZA,2024-08,GASOLINE,TOTIMPSB,CONVBBL,8466.0000,3
ZA,2024-08,GASOLINE,TOTIMPSB,KBBL,1117.5120,3
ZA,2024-08,GASOLINE,TOTIMPSB,KBD,36.0488,3
ZA,2024-08,GASOLINE,TOTIMPSB,KL,177.6705,3
ZA,2024-08,GASOLINE,TOTIMPSB,KTONS,132.0000,3
ZA,2024-09,GASOLINE,CLOSTLV,CONVBBL,8466.0000,3
ZA,2024-09,GASOLINE,CLOSTLV,KBBL,2328.1500,3
ZA,2024-09,GASOLINE,CLOSTLV,KBD,x,3
ZA,2024-09,GASOLINE,CLOSTLV,KL,370.1469,3
ZA,2024-09,GASOLINE,CLOSTLV,KTONS,275.0000,3
ZA,2024-09,GASOLINE,IPTRANSF,CONVBBL,8466.0000,3
ZA,2024-09,GASOLINE,IPTRANSF,KBBL,0.0000,3
ZA,2024-09,GASOLINE,IPTRANSF,KBD,0.0000,3
ZA,2024-09,GASOLINE,IPTRANSF,KL,0.0000,3
ZA,2024-09,GASOLINE,IPTRANSF,KTONS,0.0000,3
ZA,2024-09,GASOLINE,PTRANSF,CONVBBL,8466.0000,3
ZA,2024-09,GASOLINE,PTRANSF,KBBL,-,3
ZA,2024-09,GASOLINE,PTRANSF,KBD,-,3
ZA,2024-09,GASOLINE,PTRANSF,KL,-,3
ZA,2024-09,GASOLINE,PTRANSF,KTONS,-,3
ZA,2024-09,GASOLINE,RECEIPTS,CONVBBL,8466.0000,3
ZA,2024-09,GASOLINE,RECEIPTS,KBBL,-,3
ZA,2024-09,GASOLINE,RECEIPTS,KBD,-,3
ZA,2024-09,GASOLINE,RECEIPTS,KL,-,3
ZA,2024-09,GASOLINE,RECEIPTS,KTONS,-,3
ZA,2024-09,GASOLINE,REFGROUT,CONVBBL,8466.0000,3
ZA,2024-09,GASOLINE,REFGROUT,KBBL,4114.4760,3
ZA,2024-09,GASOLINE,REFGROUT,KBD,137.1492,3
ZA,2024-09,GASOLINE,REFGROUT,KL,654.1505,3
ZA,2024-09,GASOLINE,REFGROUT,KTONS,486.0000,3
ZA,2024-09,GASOLINE,STATDIFF,CONVBBL,8466.0000,3
ZA,2024-09,GASOLINE,STATDIFF,KBBL,-1049.7840,3
ZA,2024-09,GASOLINE,STATDIFF,KBD,-34.9928,3
ZA,2024-09,GASOLINE,STATDIFF,KL,-166.9026,3
ZA,2024-09,GASOLINE,STATDIFF,KTONS,-124.0000,3
ZA,2024-09,GASOLINE,STOCKCH,CONVBBL,8466.0000,3
ZA,2024-09,GASOLINE,STOCKCH,KBBL,287.8440,3
ZA,2024-09,GASOLINE,STOCKCH,KBD,x,3
ZA,2024-09,GASOLINE,STOCKCH,KL,45.7636,3
ZA,2024-09,GASOLINE,STOCKCH,KTONS,34.0000,3
ZA,2024-09,GASOLINE,TOTDEMO,CONVBBL,8466.0000,3
ZA,2024-09,GASOLINE,TOTDEMO,KBBL,4986.4740,3
ZA,2024-09,GASOLINE,TOTDEMO,KBD,166.2158,3
ZA,2024-09,GASOLINE,TOTDEMO,KL,792.7874,3
ZA,2024-09,GASOLINE,TOTDEMO,KTONS,589.0000,3
ZA,2024-09,GASOLINE,TOTEXPSB,CONVBBL,8466.0000,3
ZA,2024-09,GASOLINE,TOTEXPSB,KBBL,186.2520,3
ZA,2024-09,GASOLINE,TOTEXPSB,KBD,6.2084,3
ZA,2024-09,GASOLINE,TOTEXPSB,KL,29.6118,3
ZA,2024-09,GASOLINE,TOTEXPSB,KTONS,22.0000,3
ZA,2024-09,GASOLINE,TOTIMPSB,CONVBBL,8466.0000,3
ZA,2024-09,GASOLINE,TOTIMPSB,KBBL,296.3100,3
ZA,2024-09,GASOLINE,TOTIMPSB,KBD,9.8770,3
ZA,2024-09,GASOLINE,TOTIMPSB,KL,47.1096,3
ZA,2024-09,GASOLINE,TOTIMPSB,KTONS,35.0000,3
ZA,2024-10,GASOLINE,CLOSTLV,CONVBBL,8466.0000,3
ZA,2024-10,GASOLINE,CLOSTLV,KBBL,3200.1480,3
ZA,2024-10,GASOLINE,CLOSTLV,KBD,x,3
ZA,2024-10,GASOLINE,CLOSTLV,KL,508.7837,3
ZA,2024-10,GASOLINE,CLOSTLV,KTONS,378.0000,3
ZA,2024-10,GASOLINE,IPTRANSF,CONVBBL,8466.0000,3
ZA,2024-10,GASOLINE,IPTRANSF,KBBL,0.0000,3
ZA,2024-10,GASOLINE,IPTRANSF,KBD,0.0000,3
ZA,2024-10,GASOLINE,IPTRANSF,KL,0.0000,3
ZA,2024-10,GASOLINE,IPTRANSF,KTONS,0.0000,3
ZA,2024-10,GASOLINE,PTRANSF,CONVBBL,8466.0000,3
ZA,2024-10,GASOLINE,PTRANSF,KBBL,-,3
ZA,2024-10,GASOLINE,PTRANSF,KBD,-,3
ZA,2024-10,GASOLINE,PTRANSF,KL,-,3
ZA,2024-10,GASOLINE,PTRANSF,KTONS,-,3
ZA,2024-10,GASOLINE,RECEIPTS,CONVBBL,8466.0000,3
ZA,2024-10,GASOLINE,RECEIPTS,KBBL,-,3
ZA,2024-10,GASOLINE,RECEIPTS,KBD,-,3
ZA,2024-10,GASOLINE,RECEIPTS,KL,-,3
ZA,2024-10,GASOLINE,RECEIPTS,KTONS,-,3
ZA,2024-10,GASOLINE,REFGROUT,CONVBBL,8466.0000,3
ZA,2024-10,GASOLINE,REFGROUT,KBBL,4148.3400,3
ZA,2024-10,GASOLINE,REFGROUT,KBD,133.8174,3
ZA,2024-10,GASOLINE,REFGROUT,KL,659.5345,3
ZA,2024-10,GASOLINE,REFGROUT,KTONS,490.0000,3
ZA,2024-10,GASOLINE,STATDIFF,CONVBBL,8466.0000,3
ZA,2024-10,GASOLINE,STATDIFF,KBBL,-313.2420,3
ZA,2024-10,GASOLINE,STATDIFF,KBD,-10.1046,3
ZA,2024-10,GASOLINE,STATDIFF,KL,-49.8016,3
ZA,2024-10,GASOLINE,STATDIFF,KTONS,-37.0000,3
ZA,2024-10,GASOLINE,STOCKCH,CONVBBL,8466.0000,3
ZA,2024-10,GASOLINE,STOCKCH,KBBL,-101.5920,3
ZA,2024-10,GASOLINE,STOCKCH,KBD,x,3
ZA,2024-10,GASOLINE,STOCKCH,KL,-16.1519,3
ZA,2024-10,GASOLINE,STOCKCH,KTONS,-12.0000,3
ZA,2024-10,GASOLINE,TOTDEMO,CONVBBL,8466.0000,3
ZA,2024-10,GASOLINE,TOTDEMO,KBBL,5452.1040,3
ZA,2024-10,GASOLINE,TOTDEMO,KBD,175.8743,3
ZA,2024-10,GASOLINE,TOTDEMO,KL,866.8168,3
ZA,2024-10,GASOLINE,TOTDEMO,KTONS,644.0000,3
ZA,2024-10,GASOLINE,TOTEXPSB,CONVBBL,8466.0000,3
ZA,2024-10,GASOLINE,TOTEXPSB,KBBL,186.2520,3
ZA,2024-10,GASOLINE,TOTEXPSB,KBD,6.0081,3
ZA,2024-10,GASOLINE,TOTEXPSB,KL,29.6118,3
ZA,2024-10,GASOLINE,TOTEXPSB,KTONS,22.0000,3
ZA,2024-10,GASOLINE,TOTIMPSB,CONVBBL,8466.0000,3
ZA,2024-10,GASOLINE,TOTIMPSB,KBBL,1083.6480,3
ZA,2024-10,GASOLINE,TOTIMPSB,KBD,34.9564,3
ZA,2024-10,GASOLINE,TOTIMPSB,KL,172.2866,3
ZA,2024-10,GASOLINE,TOTIMPSB,KTONS,128.0000,3
ZA,2024-11,GASOLINE,CLOSTLV,CONVBBL,8466.0000,3
ZA,2024-11,GASOLINE,CLOSTLV,KBBL,3344.0700,3
ZA,2024-11,GASOLINE,CLOSTLV,KBD,x,3
ZA,2024-11,GASOLINE,CLOSTLV,KL,531.6656,3
ZA,2024-11,GASOLINE,CLOSTLV,KTONS,395.0000,3
ZA,2024-11,GASOLINE,IPTRANSF,CONVBBL,8466.0000,3
ZA,2024-11,GASOLINE,IPTRANSF,KBBL,0.0000,3
ZA,2024-11,GASOLINE,IPTRANSF,KBD,0.0000,3
ZA,2024-11,GASOLINE,IPTRANSF,KL,0.0000,3
ZA,2024-11,GASOLINE,IPTRANSF,KTONS,0.0000,3
ZA,2024-11,GASOLINE,PTRANSF,CONVBBL,8466.0000,3
ZA,2024-11,GASOLINE,PTRANSF,KBBL,-,3
ZA,2024-11,GASOLINE,PTRANSF,KBD,-,3
ZA,2024-11,GASOLINE,PTRANSF,KL,-,3
ZA,2024-11,GASOLINE,PTRANSF,KTONS,-,3
ZA,2024-11,GASOLINE,RECEIPTS,CONVBBL,8466.0000,3
ZA,2024-11,GASOLINE,RECEIPTS,KBBL,-,3
ZA,2024-11,GASOLINE,RECEIPTS,KBD,-,3
ZA,2024-11,GASOLINE,RECEIPTS,KL,-,3
ZA,2024-11,GASOLINE,RECEIPTS,KTONS,-,3
ZA,2024-11,GASOLINE,REFGROUT,CONVBBL,8466.0000,3
ZA,2024-11,GASOLINE,REFGROUT,KBBL,3835.0980,3
ZA,2024-11,GASOLINE,REFGROUT,KBD,127.8366,3
ZA,2024-11,GASOLINE,REFGROUT,KL,609.7329,3
ZA,2024-11,GASOLINE,REFGROUT,KTONS,453.0000,3
ZA,2024-11,GASOLINE,STATDIFF,CONVBBL,8466.0000,3
ZA,2024-11,GASOLINE,STATDIFF,KBBL,-939.7260,3
ZA,2024-11,GASOLINE,STATDIFF,KBD,-31.3242,3
ZA,2024-11,GASOLINE,STATDIFF,KL,-149.4048,3
ZA,2024-11,GASOLINE,STATDIFF,KTONS,-111.0000,3
ZA,2024-11,GASOLINE,STOCKCH,CONVBBL,8466.0000,3
ZA,2024-11,GASOLINE,STOCKCH,KBBL,313.2420,3
ZA,2024-11,GASOLINE,STOCKCH,KBD,x,3
ZA,2024-11,GASOLINE,STOCKCH,KL,49.8016,3
ZA,2024-11,GASOLINE,STOCKCH,KTONS,37.0000,3
ZA,2024-11,GASOLINE,TOTDEMO,CONVBBL,8466.0000,3
ZA,2024-11,GASOLINE,TOTDEMO,KBBL,6010.8600,3
ZA,2024-11,GASOLINE,TOTDEMO,KBD,200.3620,3
ZA,2024-11,GASOLINE,TOTDEMO,KL,955.6520,3
ZA,2024-11,GASOLINE,TOTDEMO,KTONS,710.0000,3
ZA,2024-11,GASOLINE,TOTEXPSB,CONVBBL,8466.0000,3
ZA,2024-11,GASOLINE,TOTEXPSB,KBBL,186.2520,3
ZA,2024-11,GASOLINE,TOTEXPSB,KBD,6.2084,3
ZA,2024-11,GASOLINE,TOTEXPSB,KL,29.6118,3
ZA,2024-11,GASOLINE,TOTEXPSB,KTONS,22.0000,3
ZA,2024-11,GASOLINE,TOTIMPSB,CONVBBL,8466.0000,3
ZA,2024-11,GASOLINE,TOTIMPSB,KBBL,1743.9960,3
ZA,2024-11,GASOLINE,TOTIMPSB,KBD,58.1332,3
ZA,2024-11,GASOLINE,TOTIMPSB,KL,277.2737,3
ZA,2024-11,GASOLINE,TOTIMPSB,KTONS,206.0000,3
ZA,2024-12,GASOLINE,CLOSTLV,CONVBBL,8466.0000,3
ZA,2024-12,GASOLINE,CLOSTLV,KBBL,2954.6340,3
ZA,2024-12,GASOLINE,CLOSTLV,KBD,x,3
ZA,2024-12,GASOLINE,CLOSTLV,KL,469.7501,3
ZA,2024-12,GASOLINE,CLOSTLV,KTONS,349.0000,3
ZA,2024-12,GASOLINE,IPTRANSF,CONVBBL,8466.0000,3
ZA,2024-12,GASOLINE,IPTRANSF,KBBL,0.0000,3
ZA,2024-12,GASOLINE,IPTRANSF,KBD,0.0000,3
ZA,2024-12,GASOLINE,IPTRANSF,KL,0.0000,3
ZA,2024-12,GASOLINE,IPTRANSF,KTONS,0.0000,3
ZA,2024-12,GASOLINE,PTRANSF,CONVBBL,8466.0000,3
ZA,2024-12,GASOLINE,PTRANSF,KBBL,-,3
ZA,2024-12,GASOLINE,PTRANSF,KBD,-,3
ZA,2024-12,GASOLINE,PTRANSF,KL,-,3
ZA,2024-12,GASOLINE,PTRANSF,KTONS,-,3
ZA,2024-12,GASOLINE,RECEIPTS,CONVBBL,8466.0000,3
ZA,2024-12,GASOLINE,RECEIPTS,KBBL,-,3
ZA,2024-12,GASOLINE,RECEIPTS,KBD,-,3
ZA,2024-12,GASOLINE,RECEIPTS,KL,-,3
ZA,2024-12,GASOLINE,RECEIPTS,KTONS,-,3
ZA,2024-12,GASOLINE,REFGROUT,CONVBBL,8466.0000,3
ZA,2024-12,GASOLINE,REFGROUT,KBBL,4224.5340,3
ZA,2024-12,GASOLINE,REFGROUT,KBD,136.2753,3
ZA,2024-12,GASOLINE,REFGROUT,KL,671.6484,3
ZA,2024-12,GASOLINE,REFGROUT,KTONS,499.0000,3
ZA,2024-12,GASOLINE,STATDIFF,CONVBBL,8466.0000,3
ZA,2024-12,GASOLINE,STATDIFF,KBBL,-1058.2500,3
ZA,2024-12,GASOLINE,STATDIFF,KBD,-34.1371,3
ZA,2024-12,GASOLINE,STATDIFF,KL,-168.2486,3
ZA,2024-12,GASOLINE,STATDIFF,KTONS,-125.0000,3
ZA,2024-12,GASOLINE,STOCKCH,CONVBBL,8466.0000,3
ZA,2024-12,GASOLINE,STOCKCH,KBBL,-118.5240,3
ZA,2024-12,GASOLINE,STOCKCH,KBD,x,3
ZA,2024-12,GASOLINE,STOCKCH,KL,-18.8438,3
ZA,2024-12,GASOLINE,STOCKCH,KTONS,-14.0000,3
ZA,2024-12,GASOLINE,TOTDEMO,CONVBBL,8466.0000,3
ZA,2024-12,GASOLINE,TOTDEMO,KBBL,6578.0820,3
ZA,2024-12,GASOLINE,TOTDEMO,KBD,212.1962,3
ZA,2024-12,GASOLINE,TOTDEMO,KL,1045.8333,3
ZA,2024-12,GASOLINE,TOTDEMO,KTONS,777.0000,3
ZA,2024-12,GASOLINE,TOTEXPSB,CONVBBL,8466.0000,3
ZA,2024-12,GASOLINE,TOTEXPSB,KBBL,186.2520,3
ZA,2024-12,GASOLINE,TOTEXPSB,KBD,6.0081,3
ZA,2024-12,GASOLINE,TOTEXPSB,KL,29.6118,3
ZA,2024-12,GASOLINE,TOTEXPSB,KTONS,22.0000,3
ZA,2024-12,GASOLINE,TOTIMPSB,CONVBBL,8466.0000,3
ZA,2024-12,GASOLINE,TOTIMPSB,KBBL,1371.4920,3
ZA,2024-12,GASOLINE,TOTIMPSB,KBD,44.2417,3
ZA,2024-12,GASOLINE,TOTIMPSB,KL,218.0502,3
ZA,2024-12,GASOLINE,TOTIMPSB,KTONS,162.0000,3
ZA,2024-01,JETKERO,CLOSTLV,CONVBBL,7840.0000,3
ZA,2024-01,JETKERO,CLOSTLV,KBBL,117.6000,3
ZA,2024-01,JETKERO,CLOSTLV,KBD,x,3
ZA,2024-01,JETKERO,CLOSTLV,KL,18.6969,3
ZA,2024-01,JETKERO,CLOSTLV,KTONS,15.0000,3
ZA,2024-01,JETKERO,IPTRANSF,CONVBBL,7840.0000,3
ZA,2024-01,JETKERO,IPTRANSF,KBBL,0.0000,3
ZA,2024-01,JETKERO,IPTRANSF,KBD,0.0000,3
ZA,2024-01,JETKERO,IPTRANSF,KL,0.0000,3
ZA,2024-01,JETKERO,IPTRANSF,KTONS,0.0000,3
ZA,2024-01,JETKERO,PTRANSF,CONVBBL,7840.0000,3
ZA,2024-01,JETKERO,PTRANSF,KBBL,-,3
ZA,2024-01,JETKERO,PTRANSF,KBD,-,3
ZA,2024-01,JETKERO,PTRANSF,KL,-,3
ZA,2024-01,JETKERO,PTRANSF,KTONS,-,3
ZA,2024-01,JETKERO,RECEIPTS,CONVBBL,7840.0000,3
ZA,2024-01,JETKERO,RECEIPTS,KBBL,-,3
ZA,2024-01,JETKERO,RECEIPTS,KBD,-,3
ZA,2024-01,JETKERO,RECEIPTS,KL,-,3
ZA,2024-01,JETKERO,RECEIPTS,KTONS,-,3
ZA,2024-01,JETKERO,REFGROUT,CONVBBL,7840.0000,3
ZA,2024-01,JETKERO,REFGROUT,KBBL,635.0400,3
ZA,2024-01,JETKERO,REFGROUT,KBD,20.4852,3
ZA,2024-01,JETKERO,REFGROUT,KL,100.9635,3
ZA,2024-01,JETKERO,REFGROUT,KTONS,81.0000,3
ZA,2024-01,JETKERO,STATDIFF,CONVBBL,7840.0000,3
ZA,2024-01,JETKERO,STATDIFF,KBBL,266.5600,3
ZA,2024-01,JETKERO,STATDIFF,KBD,8.5987,3
ZA,2024-01,JETKERO,STATDIFF,KL,42.3797,3
ZA,2024-01,JETKERO,STATDIFF,KTONS,34.0000,3
ZA,2024-01,JETKERO,STOCKCH,CONVBBL,7840.0000,3
ZA,2024-01,JETKERO,STOCKCH,KBBL,47.0400,3
ZA,2024-01,JETKERO,STOCKCH,KBD,x,3
ZA,2024-01,JETKERO,STOCKCH,KL,7.4788,3
ZA,2024-01,JETKERO,STOCKCH,KTONS,6.0000,3
ZA,2024-01,JETKERO,TOTDEMO,CONVBBL,7840.0000,3
ZA,2024-01,JETKERO,TOTDEMO,KBBL,321.4400,3
ZA,2024-01,JETKERO,TOTDEMO,KBD,10.3690,3
ZA,2024-01,JETKERO,TOTDEMO,KL,51.1050,3
ZA,2024-01,JETKERO,TOTDEMO,KTONS,41.0000,3
ZA,2024-01,JETKERO,TOTEXPSB,CONVBBL,7840.0000,3
ZA,2024-01,JETKERO,TOTEXPSB,KBBL,0.0000,3
ZA,2024-01,JETKERO,TOTEXPSB,KBD,0.0000,3
ZA,2024-01,JETKERO,TOTEXPSB,KL,0.0000,3
ZA,2024-01,JETKERO,TOTEXPSB,KTONS,0.0000,3
ZA,2024-01,JETKERO,TOTIMPSB,CONVBBL,7840.0000,3
ZA,2024-01,JETKERO,TOTIMPSB,KBBL,0.0000,3
ZA,2024-01,JETKERO,TOTIMPSB,KBD,0.0000,3
ZA,2024-01,JETKERO,TOTIMPSB,KL,0.0000,3
ZA,2024-01,JETKERO,TOTIMPSB,KTONS,0.0000,3
ZA,2024-02,JETKERO,CLOSTLV,CONVBBL,7840.0000,3
ZA,2024-02,JETKERO,CLOSTLV,KBBL,117.6000,3
ZA,2024-02,JETKERO,CLOSTLV,KBD,x,3
ZA,2024-02,JETKERO,CLOSTLV,KL,18.6969,3
ZA,2024-02,JETKERO,CLOSTLV,KTONS,15.0000,3
ZA,2024-02,JETKERO,IPTRANSF,CONVBBL,7840.0000,3
ZA,2024-02,JETKERO,IPTRANSF,KBBL,0.0000,3
ZA,2024-02,JETKERO,IPTRANSF,KBD,0.0000,3
ZA,2024-02,JETKERO,IPTRANSF,KL,0.0000,3
ZA,2024-02,JETKERO,IPTRANSF,KTONS,0.0000,3
ZA,2024-02,JETKERO,PTRANSF,CONVBBL,7840.0000,3
ZA,2024-02,JETKERO,PTRANSF,KBBL,-,3
ZA,2024-02,JETKERO,PTRANSF,KBD,-,3
ZA,2024-02,JETKERO,PTRANSF,KL,-,3
ZA,2024-02,JETKERO,PTRANSF,KTONS,-,3
ZA,2024-02,JETKERO,RECEIPTS,CONVBBL,7840.0000,3
ZA,2024-02,JETKERO,RECEIPTS,KBBL,-,3
ZA,2024-02,JETKERO,RECEIPTS,KBD,-,3
ZA,2024-02,JETKERO,RECEIPTS,KL,-,3
ZA,2024-02,JETKERO,RECEIPTS,KTONS,-,3
ZA,2024-02,JETKERO,REFGROUT,CONVBBL,7840.0000,3
ZA,2024-02,JETKERO,REFGROUT,KBBL,603.6800,3
ZA,2024-02,JETKERO,REFGROUT,KBD,20.8166,3
ZA,2024-02,JETKERO,REFGROUT,KL,95.9776,3
ZA,2024-02,JETKERO,REFGROUT,KTONS,77.0000,3
ZA,2024-02,JETKERO,STATDIFF,CONVBBL,7840.0000,3
ZA,2024-02,JETKERO,STATDIFF,KBBL,219.5200,3
ZA,2024-02,JETKERO,STATDIFF,KBD,7.5697,3
ZA,2024-02,JETKERO,STATDIFF,KL,34.9010,3
ZA,2024-02,JETKERO,STATDIFF,KTONS,28.0000,3
ZA,2024-02,JETKERO,STOCKCH,CONVBBL,7840.0000,3
ZA,2024-02,JETKERO,STOCKCH,KBBL,47.0400,3
ZA,2024-02,JETKERO,STOCKCH,KBD,x,3
ZA,2024-02,JETKERO,STOCKCH,KL,7.4788,3
ZA,2024-02,JETKERO,STOCKCH,KTONS,6.0000,3
ZA,2024-02,JETKERO,TOTDEMO,CONVBBL,7840.0000,3
ZA,2024-02,JETKERO,TOTDEMO,KBBL,337.1200,3
ZA,2024-02,JETKERO,TOTDEMO,KBD,11.6248,3
ZA,2024-02,JETKERO,TOTDEMO,KL,53.5979,3
ZA,2024-02,JETKERO,TOTDEMO,KTONS,43.0000,3
ZA,2024-02,JETKERO,TOTEXPSB,CONVBBL,7840.0000,3
ZA,2024-02,JETKERO,TOTEXPSB,KBBL,0.0000,3
ZA,2024-02,JETKERO,TOTEXPSB,KBD,0.0000,3
ZA,2024-02,JETKERO,TOTEXPSB,KL,0.0000,3
ZA,2024-02,JETKERO,TOTEXPSB,KTONS,0.0000,3
ZA,2024-02,JETKERO,TOTIMPSB,CONVBBL,7840.0000,3
ZA,2024-02,JETKERO,TOTIMPSB,KBBL,0.0000,3
ZA,2024-02,JETKERO,TOTIMPSB,KBD,0.0000,3
ZA,2024-02,JETKERO,TOTIMPSB,KL,0.0000,3
ZA,2024-02,JETKERO,TOTIMPSB,KTONS,0.0000,3
ZA,2024-03,JETKERO,CLOSTLV,CONVBBL,7840.0000,3
ZA,2024-03,JETKERO,CLOSTLV,KBBL,117.6000,3
ZA,2024-03,JETKERO,CLOSTLV,KBD,x,3
ZA,2024-03,JETKERO,CLOSTLV,KL,18.6969,3
ZA,2024-03,JETKERO,CLOSTLV,KTONS,15.0000,3
ZA,2024-03,JETKERO,IPTRANSF,CONVBBL,7840.0000,3
ZA,2024-03,JETKERO,IPTRANSF,KBBL,0.0000,3
ZA,2024-03,JETKERO,IPTRANSF,KBD,0.0000,3
ZA,2024-03,JETKERO,IPTRANSF,KL,0.0000,3
ZA,2024-03,JETKERO,IPTRANSF,KTONS,0.0000,3
ZA,2024-03,JETKERO,PTRANSF,CONVBBL,7840.0000,3
ZA,2024-03,JETKERO,PTRANSF,KBBL,-,3
ZA,2024-03,JETKERO,PTRANSF,KBD,-,3
ZA,2024-03,JETKERO,PTRANSF,KL,-,3
ZA,2024-03,JETKERO,PTRANSF,KTONS,-,3
ZA,2024-03,JETKERO,RECEIPTS,CONVBBL,7840.0000,3
ZA,2024-03,JETKERO,RECEIPTS,KBBL,-,3
ZA,2024-03,JETKERO,RECEIPTS,KBD,-,3
ZA,2024-03,JETKERO,RECEIPTS,KL,-,3
ZA,2024-03,JETKERO,RECEIPTS,KTONS,-,3
ZA,2024-03,JETKERO,REFGROUT,CONVBBL,7840.0000,3
ZA,2024-03,JETKERO,REFGROUT,KBBL,258.7200,3
ZA,2024-03,JETKERO,REFGROUT,KBD,8.3458,3
ZA,2024-03,JETKERO,REFGROUT,KL,41.1333,3
ZA,2024-03,JETKERO,REFGROUT,KTONS,33.0000,3
ZA,2024-03,JETKERO,STATDIFF,CONVBBL,7840.0000,3
ZA,2024-03,JETKERO,STATDIFF,KBBL,196.0000,3
ZA,2024-03,JETKERO,STATDIFF,KBD,6.3226,3
ZA,2024-03,JETKERO,STATDIFF,KL,31.1616,3
ZA,2024-03,JETKERO,STATDIFF,KTONS,25.0000,3
ZA,2024-03,JETKERO,STOCKCH,CONVBBL,7840.0000,3
ZA,2024-03,JETKERO,STOCKCH,KBBL,47.0400,3
ZA,2024-03,JETKERO,STOCKCH,KBD,x,3
ZA,2024-03,JETKERO,STOCKCH,KL,7.4788,3
ZA,2024-03,JETKERO,STOCKCH,KTONS,6.0000,3
ZA,2024-03,JETKERO,TOTDEMO,CONVBBL,7840.0000,3
ZA,2024-03,JETKERO,TOTDEMO,KBBL,23.5200,3
ZA,2024-03,JETKERO,TOTDEMO,KBD,0.7587,3
ZA,2024-03,JETKERO,TOTDEMO,KL,3.7394,3
ZA,2024-03,JETKERO,TOTDEMO,KTONS,3.0000,3
ZA,2024-03,JETKERO,TOTEXPSB,CONVBBL,7840.0000,3
ZA,2024-03,JETKERO,TOTEXPSB,KBBL,0.0000,3
ZA,2024-03,JETKERO,TOTEXPSB,KBD,0.0000,3
ZA,2024-03,JETKERO,TOTEXPSB,KL,0.0000,3
ZA,2024-03,JETKERO,TOTEXPSB,KTONS,0.0000,3
ZA,2024-03,JETKERO,TOTIMPSB,CONVBBL,7840.0000,3
ZA,2024-03,JETKERO,TOTIMPSB,KBBL,0.0000,3
ZA,2024-03,JETKERO,TOTIMPSB,KBD,0.0000,3
ZA,2024-03,JETKERO,TOTIMPSB,KL,0.0000,3
ZA,2024-03,JETKERO,TOTIMPSB,KTONS,0.0000,3
ZA,2024-04,JETKERO,CLOSTLV,CONVBBL,7840.0000,3
ZA,2024-04,JETKERO,CLOSTLV,KBBL,62.7200,3
ZA,2024-04,JETKERO,CLOSTLV,KBD,x,3
ZA,2024-04,JETKERO,CLOSTLV,KL,9.9717,3
ZA,2024-04,JETKERO,CLOSTLV,KTONS,8.0000,3
ZA,2024-04,JETKERO,IPTRANSF,CONVBBL,7840.0000,3
ZA,2024-04,JETKERO,IPTRANSF,KBBL,0.0000,3
ZA,2024-04,JETKERO,IPTRANSF,KBD,0.0000,3
ZA,2024-04,JETKERO,IPTRANSF,KL,0.0000,3
ZA,2024-04,JETKERO,IPTRANSF,KTONS,0.0000,3
ZA,2024-04,JETKERO,PTRANSF,CONVBBL,7840.0000,3
ZA,2024-04,JETKERO,PTRANSF,KBBL,-,3
ZA,2024-04,JETKERO,PTRANSF,KBD,-,3
ZA,2024-04,JETKERO,PTRANSF,KL,-,3
ZA,2024-04,JETKERO,PTRANSF,KTONS,-,3
ZA,2024-04,JETKERO,RECEIPTS,CONVBBL,7840.0000,3
ZA,2024-04,JETKERO,RECEIPTS,KBBL,-,3
ZA,2024-04,JETKERO,RECEIPTS,KBD,-,3
ZA,2024-04,JETKERO,RECEIPTS,KL,-,3
ZA,2024-04,JETKERO,RECEIPTS,KTONS,-,3
ZA,2024-04,JETKERO,REFGROUT,CONVBBL,7840.0000,3
ZA,2024-04,JETKERO,REFGROUT,KBBL,493.9200,3
ZA,2024-04,JETKERO,REFGROUT,KBD,16.4640,3
ZA,2024-04,JETKERO,REFGROUT,KL,78.5271,3
ZA,2024-04,JETKERO,REFGROUT,KTONS,63.0000,3
ZA,2024-04,JETKERO,STATDIFF,CONVBBL,7840.0000,3
ZA,2024-04,JETKERO,STATDIFF,KBBL,180.3200,3
ZA,2024-04,JETKERO,STATDIFF,KBD,6.0107,3
ZA,2024-04,JETKERO,STATDIFF,KL,28.6686,3
ZA,2024-04,JETKERO,STATDIFF,KTONS,23.0000,3
ZA,2024-04,JETKERO,STOCKCH,CONVBBL,7840.0000,3
ZA,2024-04,JETKERO,STOCKCH,KBBL,31.3600,3
ZA,2024-04,JETKERO,STOCKCH,KBD,x,3
ZA,2024-04,JETKERO,STOCKCH,KL,4.9859,3
ZA,2024-04,JETKERO,STOCKCH,KTONS,4.0000,3
ZA,2024-04,JETKERO,TOTDEMO,CONVBBL,7840.0000,3
ZA,2024-04,JETKERO,TOTDEMO,KBBL,282.2400,3
ZA,2024-04,JETKERO,TOTDEMO,KBD,9.4080,3
ZA,2024-04,JETKERO,TOTDEMO,KL,44.8727,3
ZA,2024-04,JETKERO,TOTDEMO,KTONS,36.0000,3
ZA,2024-04,JETKERO,TOTEXPSB,CONVBBL,7840.0000,3
ZA,2024-04,JETKERO,TOTEXPSB,KBBL,0.0000,3
ZA,2024-04,JETKERO,TOTEXPSB,KBD,0.0000,3
ZA,2024-04,JETKERO,TOTEXPSB,KL,0.0000,3
ZA,2024-04,JETKERO,TOTEXPSB,KTONS,0.0000,3
ZA,2024-04,JETKERO,TOTIMPSB,CONVBBL,7840.0000,3
ZA,2024-04,JETKERO,TOTIMPSB,KBBL,0.0000,3
ZA,2024-04,JETKERO,TOTIMPSB,KBD,0.0000,3
ZA,2024-04,JETKERO,TOTIMPSB,KL,0.0000,3
ZA,2024-04,JETKERO,TOTIMPSB,KTONS,0.0000,3
ZA,2024-05,JETKERO,CLOSTLV,CONVBBL,7840.0000,3
ZA,2024-05,JETKERO,CLOSTLV,KBBL,117.6000,3
ZA,2024-05,JETKERO,CLOSTLV,KBD,x,3
ZA,2024-05,JETKERO,CLOSTLV,KL,18.6969,3
ZA,2024-05,JETKERO,CLOSTLV,KTONS,15.0000,3
ZA,2024-05,JETKERO,IPTRANSF,CONVBBL,7840.0000,3
ZA,2024-05,JETKERO,IPTRANSF,KBBL,0.0000,3
ZA,2024-05,JETKERO,IPTRANSF,KBD,0.0000,3
ZA,2024-05,JETKERO,IPTRANSF,KL,0.0000,3
ZA,2024-05,JETKERO,IPTRANSF,KTONS,0.0000,3
ZA,2024-05,JETKERO,PTRANSF,CONVBBL,7840.0000,3
ZA,2024-05,JETKERO,PTRANSF,KBBL,-,3
ZA,2024-05,JETKERO,PTRANSF,KBD,-,3
ZA,2024-05,JETKERO,PTRANSF,KL,-,3
ZA,2024-05,JETKERO,PTRANSF,KTONS,-,3
ZA,2024-05,JETKERO,RECEIPTS,CONVBBL,7840.0000,3
ZA,2024-05,JETKERO,RECEIPTS,KBBL,-,3
ZA,2024-05,JETKERO,RECEIPTS,KBD,-,3
ZA,2024-05,JETKERO,RECEIPTS,KL,-,3
ZA,2024-05,JETKERO,RECEIPTS,KTONS,-,3
ZA,2024-05,JETKERO,REFGROUT,CONVBBL,7840.0000,3
ZA,2024-05,JETKERO,REFGROUT,KBBL,501.7600,3
ZA,2024-05,JETKERO,REFGROUT,KBD,16.1858,3
ZA,2024-05,JETKERO,REFGROUT,KL,79.7736,3
ZA,2024-05,JETKERO,REFGROUT,KTONS,64.0000,3
ZA,2024-05,JETKERO,STATDIFF,CONVBBL,7840.0000,3
ZA,2024-05,JETKERO,STATDIFF,KBBL,54.8800,3
ZA,2024-05,JETKERO,STATDIFF,KBD,1.7703,3
ZA,2024-05,JETKERO,STATDIFF,KL,8.7252,3
ZA,2024-05,JETKERO,STATDIFF,KTONS,7.0000,3
ZA,2024-05,JETKERO,STOCKCH,CONVBBL,7840.0000,3
ZA,2024-05,JETKERO,STOCKCH,KBBL,47.0400,3
ZA,2024-05,JETKERO,STOCKCH,KBD,x,3
ZA,2024-05,JETKERO,STOCKCH,KL,7.4788,3
ZA,2024-05,JETKERO,STOCKCH,KTONS,6.0000,3
ZA,2024-05,JETKERO,TOTDEMO,CONVBBL,7840.0000,3
ZA,2024-05,JETKERO,TOTDEMO,KBBL,399.8400,3
ZA,2024-05,JETKERO,TOTDEMO,KBD,12.8981,3
ZA,2024-05,JETKERO,TOTDEMO,KL,63.5696,3
ZA,2024-05,JETKERO,TOTDEMO,KTONS,51.0000,3
ZA,2024-05,JETKERO,TOTEXPSB,CONVBBL,7840.0000,3
ZA,2024-05,JETKERO,TOTEXPSB,KBBL,0.0000,3
ZA,2024-05,JETKERO,TOTEXPSB,KBD,0.0000,3
ZA,2024-05,JETKERO,TOTEXPSB,KL,0.0000,3
ZA,2024-05,JETKERO,TOTEXPSB,KTONS,0.0000,3
ZA,2024-05,JETKERO,TOTIMPSB,CONVBBL,7840.0000,3
ZA,2024-05,JETKERO,TOTIMPSB,KBBL,0.0000,3
ZA,2024-05,JETKERO,TOTIMPSB,KBD,0.0000,3
ZA,2024-05,JETKERO,TOTIMPSB,KL,0.0000,3
ZA,2024-05,JETKERO,TOTIMPSB,KTONS,0.0000,3
ZA,2024-06,JETKERO,CLOSTLV,CONVBBL,7840.0000,3
ZA,2024-06,JETKERO,CLOSTLV,KBBL,117.6000,3
ZA,2024-06,JETKERO,CLOSTLV,KBD,x,3
ZA,2024-06,JETKERO,CLOSTLV,KL,18.6969,3
ZA,2024-06,JETKERO,CLOSTLV,KTONS,15.0000,3
ZA,2024-06,JETKERO,IPTRANSF,CONVBBL,7840.0000,3
ZA,2024-06,JETKERO,IPTRANSF,KBBL,0.0000,3
ZA,2024-06,JETKERO,IPTRANSF,KBD,0.0000,3
ZA,2024-06,JETKERO,IPTRANSF,KL,0.0000,3
ZA,2024-06,JETKERO,IPTRANSF,KTONS,0.0000,3
ZA,2024-06,JETKERO,PTRANSF,CONVBBL,7840.0000,3
ZA,2024-06,JETKERO,PTRANSF,KBBL,-,3
ZA,2024-06,JETKERO,PTRANSF,KBD,-,3
ZA,2024-06,JETKERO,PTRANSF,KL,-,3
ZA,2024-06,JETKERO,PTRANSF,KTONS,-,3
ZA,2024-06,JETKERO,RECEIPTS,CONVBBL,7840.0000,3
ZA,2024-06,JETKERO,RECEIPTS,KBBL,-,3
ZA,2024-06,JETKERO,RECEIPTS,KBD,-,3
ZA,2024-06,JETKERO,RECEIPTS,KL,-,3
ZA,2024-06,JETKERO,RECEIPTS,KTONS,-,3
ZA,2024-06,JETKERO,REFGROUT,CONVBBL,7840.0000,3
ZA,2024-06,JETKERO,REFGROUT,KBBL,525.2800,3
ZA,2024-06,JETKERO,REFGROUT,KBD,17.5093,3
ZA,2024-06,JETKERO,REFGROUT,KL,83.5130,3
ZA,2024-06,JETKERO,REFGROUT,KTONS,67.0000,3
ZA,2024-06,JETKERO,STATDIFF,CONVBBL,7840.0000,3
ZA,2024-06,JETKERO,STATDIFF,KBBL,203.8400,3
ZA,2024-06,JETKERO,STATDIFF,KBD,6.7947,3
ZA,2024-06,JETKERO,STATDIFF,KL,32.4080,3
ZA,2024-06,JETKERO,STATDIFF,KTONS,26.0000,3
ZA,2024-06,JETKERO,STOCKCH,CONVBBL,7840.0000,3
ZA,2024-06,JETKERO,STOCKCH,KBBL,47.0400,3
ZA,2024-06,JETKERO,STOCKCH,KBD,x,3
ZA,2024-06,JETKERO,STOCKCH,KL,7.4788,3
ZA,2024-06,JETKERO,STOCKCH,KTONS,6.0000,3
ZA,2024-06,JETKERO,TOTDEMO,CONVBBL,7840.0000,3
ZA,2024-06,JETKERO,TOTDEMO,KBBL,282.2400,3
ZA,2024-06,JETKERO,TOTDEMO,KBD,9.4080,3
ZA,2024-06,JETKERO,TOTDEMO,KL,44.8727,3
ZA,2024-06,JETKERO,TOTDEMO,KTONS,36.0000,3
ZA,2024-06,JETKERO,TOTEXPSB,CONVBBL,7840.0000,3
ZA,2024-06,JETKERO,TOTEXPSB,KBBL,0.0000,3
ZA,2024-06,JETKERO,TOTEXPSB,KBD,0.0000,3
ZA,2024-06,JETKERO,TOTEXPSB,KL,0.0000,3
ZA,2024-06,JETKERO,TOTEXPSB,KTONS,0.0000,3
ZA,2024-06,JETKERO,TOTIMPSB,CONVBBL,7840.0000,3
ZA,2024-06,JETKERO,TOTIMPSB,KBBL,0.0000,3
ZA,2024-06,JETKERO,TOTIMPSB,KBD,0.0000,3
ZA,2024-06,JETKERO,TOTIMPSB,KL,0.0000,3
ZA,2024-06,JETKERO,TOTIMPSB,KTONS,0.0000,3
ZA,2024-07,JETKERO,CLOSTLV,CONVBBL,7840.0000,3
ZA,2024-07,JETKERO,CLOSTLV,KBBL,117.6000,3
ZA,2024-07,JETKERO,CLOSTLV,KBD,x,3
ZA,2024-07,JETKERO,CLOSTLV,KL,18.6969,3
ZA,2024-07,JETKERO,CLOSTLV,KTONS,15.0000,3
ZA,2024-07,JETKERO,IPTRANSF,CONVBBL,7840.0000,3
ZA,2024-07,JETKERO,IPTRANSF,KBBL,0.0000,3
ZA,2024-07,JETKERO,IPTRANSF,KBD,0.0000,3
ZA,2024-07,JETKERO,IPTRANSF,KL,0.0000,3
ZA,2024-07,JETKERO,IPTRANSF,KTONS,0.0000,3
ZA,2024-07,JETKERO,PTRANSF,CONVBBL,7840.0000,3
ZA,2024-07,JETKERO,PTRANSF,KBBL,-,3
ZA,2024-07,JETKERO,PTRANSF,KBD,-,3
ZA,2024-07,JETKERO,PTRANSF,KL,-,3
ZA,2024-07,JETKERO,PTRANSF,KTONS,-,3
ZA,2024-07,JETKERO,RECEIPTS,CONVBBL,7840.0000,3
ZA,2024-07,JETKERO,RECEIPTS,KBBL,-,3
ZA,2024-07,JETKERO,RECEIPTS,KBD,-,3
ZA,2024-07,JETKERO,RECEIPTS,KL,-,3
ZA,2024-07,JETKERO,RECEIPTS,KTONS,-,3
ZA,2024-07,JETKERO,REFGROUT,CONVBBL,7840.0000,3
ZA,2024-07,JETKERO,REFGROUT,KBBL,540.9600,3
ZA,2024-07,JETKERO,REFGROUT,KBD,17.4503,3
ZA,2024-07,JETKERO,REFGROUT,KL,86.0059,3
ZA,2024-07,JETKERO,REFGROUT,KTONS,69.0000,3
ZA,2024-07,JETKERO,STATDIFF,CONVBBL,7840.0000,3
ZA,2024-07,JETKERO,STATDIFF,KBBL,125.4400,3
ZA,2024-07,JETKERO,STATDIFF,KBD,4.0465,3
ZA,2024-07,JETKERO,STATDIFF,KL,19.9434,3
ZA,2024-07,JETKERO,STATDIFF,KTONS,16.0000,3
ZA,2024-07,JETKERO,STOCKCH,CONVBBL,7840.0000,3
ZA,2024-07,JETKERO,STOCKCH,KBBL,47.0400,3
ZA,2024-07,JETKERO,STOCKCH,KBD,x,3
ZA,2024-07,JETKERO,STOCKCH,KL,7.4788,3
ZA,2024-07,JETKERO,STOCKCH,KTONS,6.0000,3
ZA,2024-07,JETKERO,TOTDEMO,CONVBBL,7840.0000,3
ZA,2024-07,JETKERO,TOTDEMO,KBBL,368.4800,3
ZA,2024-07,JETKERO,TOTDEMO,KBD,11.8865,3
ZA,2024-07,JETKERO,TOTDEMO,KL,58.5837,3
ZA,2024-07,JETKERO,TOTDEMO,KTONS,47.0000,3
ZA,2024-07,JETKERO,TOTEXPSB,CONVBBL,7840.0000,3
ZA,2024-07,JETKERO,TOTEXPSB,KBBL,0.0000,3
ZA,2024-07,JETKERO,TOTEXPSB,KBD,0.0000,3
ZA,2024-07,JETKERO,TOTEXPSB,KL,0.0000,3
ZA,2024-07,JETKERO,TOTEXPSB,KTONS,0.0000,3
ZA,2024-07,JETKERO,TOTIMPSB,CONVBBL,7840.0000,3
ZA,2024-07,JETKERO,TOTIMPSB,KBBL,0.0000,3
ZA,2024-07,JETKERO,TOTIMPSB,KBD,0.0000,3
ZA,2024-07,JETKERO,TOTIMPSB,KL,0.0000,3
ZA,2024-07,JETKERO,TOTIMPSB,KTONS,0.0000,3
ZA,2024-08,JETKERO,CLOSTLV,CONVBBL,7840.0000,3
ZA,2024-08,JETKERO,CLOSTLV,KBBL,117.6000,3
ZA,2024-08,JETKERO,CLOSTLV,KBD,x,3
ZA,2024-08,JETKERO,CLOSTLV,KL,18.6969,3
ZA,2024-08,JETKERO,CLOSTLV,KTONS,15.0000,3
ZA,2024-08,JETKERO,IPTRANSF,CONVBBL,7840.0000,3
ZA,2024-08,JETKERO,IPTRANSF,KBBL,0.0000,3
ZA,2024-08,JETKERO,IPTRANSF,KBD,0.0000,3
ZA,2024-08,JETKERO,IPTRANSF,KL,0.0000,3
ZA,2024-08,JETKERO,IPTRANSF,KTONS,0.0000,3
ZA,2024-08,JETKERO,PTRANSF,CONVBBL,7840.0000,3
ZA,2024-08,JETKERO,PTRANSF,KBBL,-,3
ZA,2024-08,JETKERO,PTRANSF,KBD,-,3
ZA,2024-08,JETKERO,PTRANSF,KL,-,3
ZA,2024-08,JETKERO,PTRANSF,KTONS,-,3
ZA,2024-08,JETKERO,RECEIPTS,CONVBBL,7840.0000,3
ZA,2024-08,JETKERO,RECEIPTS,KBBL,-,3
ZA,2024-08,JETKERO,RECEIPTS,KBD,-,3
ZA,2024-08,JETKERO,RECEIPTS,KL,-,3
ZA,2024-08,JETKERO,RECEIPTS,KTONS,-,3
ZA,2024-08,JETKERO,REFGROUT,CONVBBL,7840.0000,3
ZA,2024-08,JETKERO,REFGROUT,KBBL,470.4000,3
ZA,2024-08,JETKERO,REFGROUT,KBD,15.1742,3
ZA,2024-08,JETKERO,REFGROUT,KL,74.7878,3
ZA,2024-08,JETKERO,REFGROUT,KTONS,60.0000,3
ZA,2024-08,JETKERO,STATDIFF,CONVBBL,7840.0000,3
ZA,2024-08,JETKERO,STATDIFF,KBBL,109.7600,3
ZA,2024-08,JETKERO,STATDIFF,KBD,3.5406,3
ZA,2024-08,JETKERO,STATDIFF,KL,17.4505,3
ZA,2024-08,JETKERO,STATDIFF,KTONS,14.0000,3
ZA,2024-08,JETKERO,STOCKCH,CONVBBL,7840.0000,3
ZA,2024-08,JETKERO,STOCKCH,KBBL,47.0400,3
ZA,2024-08,JETKERO,STOCKCH,KBD,x,3
ZA,2024-08,JETKERO,STOCKCH,KL,7.4788,3
ZA,2024-08,JETKERO,STOCKCH,KTONS,6.0000,3
ZA,2024-08,JETKERO,TOTDEMO,CONVBBL,7840.0000,3
ZA,2024-08,JETKERO,TOTDEMO,KBBL,305.7600,3
ZA,2024-08,JETKERO,TOTDEMO,KBD,9.8632,3
ZA,2024-08,JETKERO,TOTDEMO,KL,48.6120,3
ZA,2024-08,JETKERO,TOTDEMO,KTONS,39.0000,3
ZA,2024-08,JETKERO,TOTEXPSB,CONVBBL,7840.0000,3
ZA,2024-08,JETKERO,TOTEXPSB,KBBL,0.0000,3
ZA,2024-08,JETKERO,TOTEXPSB,KBD,0.0000,3
ZA,2024-08,JETKERO,TOTEXPSB,KL,0.0000,3
ZA,2024-08,JETKERO,TOTEXPSB,KTONS,0.0000,3
ZA,2024-08,JETKERO,TOTIMPSB,CONVBBL,7840.0000,3
ZA,2024-08,JETKERO,TOTIMPSB,KBBL,0.0000,3
ZA,2024-08,JETKERO,TOTIMPSB,KBD,0.0000,3
ZA,2024-08,JETKERO,TOTIMPSB,KL,0.0000,3
ZA,2024-08,JETKERO,TOTIMPSB,KTONS,0.0000,3
ZA,2024-09,JETKERO,CLOSTLV,CONVBBL,7840.0000,3
ZA,2024-09,JETKERO,CLOSTLV,KBBL,117.6000,3
ZA,2024-09,JETKERO,CLOSTLV,KBD,x,3
ZA,2024-09,JETKERO,CLOSTLV,KL,18.6969,3
ZA,2024-09,JETKERO,CLOSTLV,KTONS,15.0000,3
ZA,2024-09,JETKERO,IPTRANSF,CONVBBL,7840.0000,3
ZA,2024-09,JETKERO,IPTRANSF,KBBL,0.0000,3
ZA,2024-09,JETKERO,IPTRANSF,KBD,0.0000,3
ZA,2024-09,JETKERO,IPTRANSF,KL,0.0000,3
ZA,2024-09,JETKERO,IPTRANSF,KTONS,0.0000,3
ZA,2024-09,JETKERO,PTRANSF,CONVBBL,7840.0000,3
ZA,2024-09,JETKERO,PTRANSF,KBBL,-,3
ZA,2024-09,JETKERO,PTRANSF,KBD,-,3
ZA,2024-09,JETKERO,PTRANSF,KL,-,3
ZA,2024-09,JETKERO,PTRANSF,KTONS,-,3
ZA,2024-09,JETKERO,RECEIPTS,CONVBBL,7840.0000,3
ZA,2024-09,JETKERO,RECEIPTS,KBBL,-,3
ZA,2024-09,JETKERO,RECEIPTS,KBD,-,3
ZA,2024-09,JETKERO,RECEIPTS,KL,-,3
ZA,2024-09,JETKERO,RECEIPTS,KTONS,-,3
ZA,2024-09,JETKERO,REFGROUT,CONVBBL,7840.0000,3
ZA,2024-09,JETKERO,REFGROUT,KBBL,580.1600,3
ZA,2024-09,JETKERO,REFGROUT,KBD,19.3387,3
ZA,2024-09,JETKERO,REFGROUT,KL,92.2382,3
ZA,2024-09,JETKERO,REFGROUT,KTONS,74.0000,3
ZA,2024-09,JETKERO,STATDIFF,CONVBBL,7840.0000,3
ZA,2024-09,JETKERO,STATDIFF,KBBL,203.8400,3
ZA,2024-09,JETKERO,STATDIFF,KBD,6.7947,3
ZA,2024-09,JETKERO,STATDIFF,KL,32.4080,3
ZA,2024-09,JETKERO,STATDIFF,KTONS,26.0000,3
ZA,2024-09,JETKERO,STOCKCH,CONVBBL,7840.0000,3
ZA,2024-09,JETKERO,STOCKCH,KBBL,47.0400,3
ZA,2024-09,JETKERO,STOCKCH,KBD,x,3
ZA,2024-09,JETKERO,STOCKCH,KL,7.4788,3
ZA,2024-09,JETKERO,STOCKCH,KTONS,6.0000,3
ZA,2024-09,JETKERO,TOTDEMO,CONVBBL,7840.0000,3
ZA,2024-09,JETKERO,TOTDEMO,KBBL,329.2800,3
ZA,2024-09,JETKERO,TOTDEMO,KBD,10.9760,3
ZA,2024-09,JETKERO,TOTDEMO,KL,52.3514,3
ZA,2024-09,JETKERO,TOTDEMO,KTONS,42.0000,3
ZA,2024-09,JETKERO,TOTEXPSB,CONVBBL,7840.0000,3
ZA,2024-09,JETKERO,TOTEXPSB,KBBL,0.0000,3
ZA,2024-09,JETKERO,TOTEXPSB,KBD,0.0000,3
ZA,2024-09,JETKERO,TOTEXPSB,KL,0.0000,3
ZA,2024-09,JETKERO,TOTEXPSB,KTONS,0.0000,3
ZA,2024-09,JETKERO,TOTIMPSB,CONVBBL,7840.0000,3
ZA,2024-09,JETKERO,TOTIMPSB,KBBL,0.0000,3
ZA,2024-09,JETKERO,TOTIMPSB,KBD,0.0000,3
ZA,2024-09,JETKERO,TOTIMPSB,KL,0.0000,3
ZA,2024-09,JETKERO,TOTIMPSB,KTONS,0.0000,3
ZA,2024-10,JETKERO,CLOSTLV,CONVBBL,7840.0000,3
ZA,2024-10,JETKERO,CLOSTLV,KBBL,117.6000,3
ZA,2024-10,JETKERO,CLOSTLV,KBD,x,3
ZA,2024-10,JETKERO,CLOSTLV,KL,18.6969,3
ZA,2024-10,JETKERO,CLOSTLV,KTONS,15.0000,3
ZA,2024-10,JETKERO,IPTRANSF,CONVBBL,7840.0000,3
ZA,2024-10,JETKERO,IPTRANSF,KBBL,0.0000,3
ZA,2024-10,JETKERO,IPTRANSF,KBD,0.0000,3
ZA,2024-10,JETKERO,IPTRANSF,KL,0.0000,3
ZA,2024-10,JETKERO,IPTRANSF,KTONS,0.0000,3
ZA,2024-10,JETKERO,PTRANSF,CONVBBL,7840.0000,3
ZA,2024-10,JETKERO,PTRANSF,KBBL,-,3
ZA,2024-10,JETKERO,PTRANSF,KBD,-,3
ZA,2024-10,JETKERO,PTRANSF,KL,-,3
ZA,2024-10,JETKERO,PTRANSF,KTONS,-,3
ZA,2024-10,JETKERO,RECEIPTS,CONVBBL,7840.0000,3
ZA,2024-10,JETKERO,RECEIPTS,KBBL,-,3
ZA,2024-10,JETKERO,RECEIPTS,KBD,-,3
ZA,2024-10,JETKERO,RECEIPTS,KL,-,3
ZA,2024-10,JETKERO,RECEIPTS,KTONS,-,3
ZA,2024-10,JETKERO,REFGROUT,CONVBBL,7840.0000,3
ZA,2024-10,JETKERO,REFGROUT,KBBL,556.6400,3
ZA,2024-10,JETKERO,REFGROUT,KBD,17.9561,3
ZA,2024-10,JETKERO,REFGROUT,KL,88.4988,3
ZA,2024-10,JETKERO,REFGROUT,KTONS,71.0000,3
ZA,2024-10,JETKERO,STATDIFF,CONVBBL,7840.0000,3
ZA,2024-10,JETKERO,STATDIFF,KBBL,180.3200,3
ZA,2024-10,JETKERO,STATDIFF,KBD,5.8168,3
ZA,2024-10,JETKERO,STATDIFF,KL,28.6686,3
ZA,2024-10,JETKERO,STATDIFF,KTONS,23.0000,3
ZA,2024-10,JETKERO,STOCKCH,CONVBBL,7840.0000,3
ZA,2024-10,JETKERO,STOCKCH,KBBL,47.0400,3
ZA,2024-10,JETKERO,STOCKCH,KBD,x,3
ZA,2024-10,JETKERO,STOCKCH,KL,7.4788,3
ZA,2024-10,JETKERO,STOCKCH,KTONS,6.0000,3
ZA,2024-10,JETKERO,TOTDEMO,CONVBBL,7840.0000,3
ZA,2024-10,JETKERO,TOTDEMO,KBBL,321.4400,3
ZA,2024-10,JETKERO,TOTDEMO,KBD,10.3690,3
ZA,2024-10,JETKERO,TOTDEMO,KL,51.1050,3
ZA,2024-10,JETKERO,TOTDEMO,KTONS,41.0000,3
ZA,2024-10,JETKERO,TOTEXPSB,CONVBBL,7840.0000,3
ZA,2024-10,JETKERO,TOTEXPSB,KBBL,0.0000,3
ZA,2024-10,JETKERO,TOTEXPSB,KBD,0.0000,3
ZA,2024-10,JETKERO,TOTEXPSB,KL,0.0000,3
ZA,2024-10,JETKERO,TOTEXPSB,KTONS,0.0000,3
ZA,2024-10,JETKERO,TOTIMPSB,CONVBBL,7840.0000,3
ZA,2024-10,JETKERO,TOTIMPSB,KBBL,0.0000,3
ZA,2024-10,JETKERO,TOTIMPSB,KBD,0.0000,3
ZA,2024-10,JETKERO,TOTIMPSB,KL,0.0000,3
ZA,2024-10,JETKERO,TOTIMPSB,KTONS,0.0000,3
ZA,2024-11,JETKERO,CLOSTLV,CONVBBL,7840.0000,3
ZA,2024-11,JETKERO,CLOSTLV,KBBL,117.6000,3
ZA,2024-11,JETKERO,CLOSTLV,KBD,x,3
ZA,2024-11,JETKERO,CLOSTLV,KL,18.6969,3
ZA,2024-11,JETKERO,CLOSTLV,KTONS,15.0000,3
ZA,2024-11,JETKERO,IPTRANSF,CONVBBL,7840.0000,3
ZA,2024-11,JETKERO,IPTRANSF,KBBL,0.0000,3
ZA,2024-11,JETKERO,IPTRANSF,KBD,0.0000,3
ZA,2024-11,JETKERO,IPTRANSF,KL,0.0000,3
ZA,2024-11,JETKERO,IPTRANSF,KTONS,0.0000,3
ZA,2024-11,JETKERO,PTRANSF,CONVBBL,7840.0000,3
ZA,2024-11,JETKERO,PTRANSF,KBBL,-,3
ZA,2024-11,JETKERO,PTRANSF,KBD,-,3
ZA,2024-11,JETKERO,PTRANSF,KL,-,3
ZA,2024-11,JETKERO,PTRANSF,KTONS,-,3
ZA,2024-11,JETKERO,RECEIPTS,CONVBBL,7840.0000,3
ZA,2024-11,JETKERO,RECEIPTS,KBBL,-,3
ZA,2024-11,JETKERO,RECEIPTS,KBD,-,3
ZA,2024-11,JETKERO,RECEIPTS,KL,-,3
ZA,2024-11,JETKERO,RECEIPTS,KTONS,-,3
ZA,2024-11,JETKERO,REFGROUT,CONVBBL,7840.0000,3
ZA,2024-11,JETKERO,REFGROUT,KBBL,509.6000,3
ZA,2024-11,JETKERO,REFGROUT,KBD,16.9867,3
ZA,2024-11,JETKERO,REFGROUT,KL,81.0201,3
ZA,2024-11,JETKERO,REFGROUT,KTONS,65.0000,3
ZA,2024-11,JETKERO,STATDIFF,CONVBBL,7840.0000,3
ZA,2024-11,JETKERO,STATDIFF,KBBL,101.9200,3
ZA,2024-11,JETKERO,STATDIFF,KBD,3.3973,3
ZA,2024-11,JETKERO,STATDIFF,KL,16.2040,3
ZA,2024-11,JETKERO,STATDIFF,KTONS,13.0000,3
ZA,2024-11,JETKERO,STOCKCH,CONVBBL,7840.0000,3
ZA,2024-11,JETKERO,STOCKCH,KBBL,47.0400,3
ZA,2024-11,JETKERO,STOCKCH,KBD,x,3
ZA,2024-11,JETKERO,STOCKCH,KL,7.4788,3
ZA,2024-11,JETKERO,STOCKCH,KTONS,6.0000,3
ZA,2024-11,JETKERO,TOTDEMO,CONVBBL,7840.0000,3
ZA,2024-11,JETKERO,TOTDEMO,KBBL,360.6400,3
ZA,2024-11,JETKERO,TOTDEMO,KBD,12.0213,3
ZA,2024-11,JETKERO,TOTDEMO,KL,57.3373,3
ZA,2024-11,JETKERO,TOTDEMO,KTONS,46.0000,3
ZA,2024-11,JETKERO,TOTEXPSB,CONVBBL,7840.0000,3
ZA,2024-11,JETKERO,TOTEXPSB,KBBL,0.0000,3
ZA,2024-11,JETKERO,TOTEXPSB,KBD,0.0000,3
ZA,2024-11,JETKERO,TOTEXPSB,KL,0.0000,3
ZA,2024-11,JETKERO,TOTEXPSB,KTONS,0.0000,3
ZA,2024-11,JETKERO,TOTIMPSB,CONVBBL,7840.0000,3
ZA,2024-11,JETKERO,TOTIMPSB,KBBL,0.0000,3
ZA,2024-11,JETKERO,TOTIMPSB,KBD,0.0000,3
ZA,2024-11,JETKERO,TOTIMPSB,KL,0.0000,3
ZA,2024-11,JETKERO,TOTIMPSB,KTONS,0.0000,3
ZA,2024-12,JETKERO,CLOSTLV,CONVBBL,7840.0000,3
ZA,2024-12,JETKERO,CLOSTLV,KBBL,117.6000,3
ZA,2024-12,JETKERO,CLOSTLV,KBD,x,3
ZA,2024-12,JETKERO,CLOSTLV,KL,18.6969,3
ZA,2024-12,JETKERO,CLOSTLV,KTONS,15.0000,3
ZA,2024-12,JETKERO,IPTRANSF,CONVBBL,7840.0000,3
ZA,2024-12,JETKERO,IPTRANSF,KBBL,0.0000,3
ZA,2024-12,JETKERO,IPTRANSF,KBD,0.0000,3
ZA,2024-12,JETKERO,IPTRANSF,KL,0.0000,3
ZA,2024-12,JETKERO,IPTRANSF,KTONS,0.0000,3
ZA,2024-12,JETKERO,PTRANSF,CONVBBL,7840.0000,3
ZA,2024-12,JETKERO,PTRANSF,KBBL,-,3
ZA,2024-12,JETKERO,PTRANSF,KBD,-,3
ZA,2024-12,JETKERO,PTRANSF,KL,-,3
ZA,2024-12,JETKERO,PTRANSF,KTONS,-,3
ZA,2024-12,JETKERO,RECEIPTS,CONVBBL,7840.0000,3
ZA,2024-12,JETKERO,RECEIPTS,KBBL,-,3
ZA,2024-12,JETKERO,RECEIPTS,KBD,-,3
ZA,2024-12,JETKERO,RECEIPTS,KL,-,3
ZA,2024-12,JETKERO,RECEIPTS,KTONS,-,3
ZA,2024-12,JETKERO,REFGROUT,CONVBBL,7840.0000,3
ZA,2024-12,JETKERO,REFGROUT,KBBL,572.3200,3
ZA,2024-12,JETKERO,REFGROUT,KBD,18.4619,3
ZA,2024-12,JETKERO,REFGROUT,KL,90.9918,3
ZA,2024-12,JETKERO,REFGROUT,KTONS,73.0000,3
ZA,2024-12,JETKERO,STATDIFF,CONVBBL,7840.0000,3
ZA,2024-12,JETKERO,STATDIFF,KBBL,141.1200,3
ZA,2024-12,JETKERO,STATDIFF,KBD,4.5523,3
ZA,2024-12,JETKERO,STATDIFF,KL,22.4363,3
ZA,2024-12,JETKERO,STATDIFF,KTONS,18.0000,3
ZA,2024-12,JETKERO,STOCKCH,CONVBBL,7840.0000,3
ZA,2024-12,JETKERO,STOCKCH,KBBL,47.0400,3
ZA,2024-12,JETKERO,STOCKCH,KBD,x,3
ZA,2024-12,JETKERO,STOCKCH,KL,7.4788,3
ZA,2024-12,JETKERO,STOCKCH,KTONS,6.0000,3
ZA,2024-12,JETKERO,TOTDEMO,CONVBBL,7840.0000,3
ZA,2024-12,JETKERO,TOTDEMO,KBBL,384.1600,3
ZA,2024-12,JETKERO,TOTDEMO,KBD,12.3923,3
ZA,2024-12,JETKERO,TOTDEMO,KL,61.0767,3
ZA,2024-12,JETKERO,TOTDEMO,KTONS,49.0000,3
ZA,2024-12,JETKERO,TOTEXPSB,CONVBBL,7840.0000,3
ZA,2024-12,JETKERO,TOTEXPSB,KBBL,0.0000,3
ZA,2024-12,JETKERO,TOTEXPSB,KBD,0.0000,3
ZA,2024-12,JETKERO,TOTEXPSB,KL,0.0000,3
ZA,2024-12,JETKERO,TOTEXPSB,KTONS,0.0000,3
ZA,2024-12,JETKERO,TOTIMPSB,CONVBBL,7840.0000,3
ZA,2024-12,JETKERO,TOTIMPSB,KBBL,0.0000,3
ZA,2024-12,JETKERO,TOTIMPSB,KBD,0.0000,3
ZA,2024-12,JETKERO,TOTIMPSB,KL,0.0000,3
ZA,2024-12,JETKERO,TOTIMPSB,KTONS,0.0000,3
ZA,2024-01,KEROSENE,CLOSTLV,CONVBBL,7890.0000,3
ZA,2024-01,KEROSENE,CLOSTLV,KBBL,142.0200,3
ZA,2024-01,KEROSENE,CLOSTLV,KBD,x,3
ZA,2024-01,KEROSENE,CLOSTLV,KL,22.5794,3
ZA,2024-01,KEROSENE,CLOSTLV,KTONS,18.0000,3
ZA,2024-01,KEROSENE,IPTRANSF,CONVBBL,7890.0000,3
ZA,2024-01,KEROSENE,IPTRANSF,KBBL,0.0000,3
ZA,2024-01,KEROSENE,IPTRANSF,KBD,0.0000,3
ZA,2024-01,KEROSENE,IPTRANSF,KL,0.0000,3
ZA,2024-01,KEROSENE,IPTRANSF,KTONS,0.0000,3
ZA,2024-01,KEROSENE,PTRANSF,CONVBBL,7890.0000,3
ZA,2024-01,KEROSENE,PTRANSF,KBBL,-,3
ZA,2024-01,KEROSENE,PTRANSF,KBD,-,3
ZA,2024-01,KEROSENE,PTRANSF,KL,-,3
ZA,2024-01,KEROSENE,PTRANSF,KTONS,-,3
ZA,2024-01,KEROSENE,RECEIPTS,CONVBBL,7890.0000,3
ZA,2024-01,KEROSENE,RECEIPTS,KBBL,-,3
ZA,2024-01,KEROSENE,RECEIPTS,KBD,-,3
ZA,2024-01,KEROSENE,RECEIPTS,KL,-,3
ZA,2024-01,KEROSENE,RECEIPTS,KTONS,-,3
ZA,2024-01,KEROSENE,REFGROUT,CONVBBL,7890.0000,3
ZA,2024-01,KEROSENE,REFGROUT,KBBL,639.0900,3
ZA,2024-01,KEROSENE,REFGROUT,KBD,20.6158,3
ZA,2024-01,KEROSENE,REFGROUT,KL,101.6074,3
ZA,2024-01,KEROSENE,REFGROUT,KTONS,81.0000,3
ZA,2024-01,KEROSENE,STATDIFF,CONVBBL,7890.0000,3
ZA,2024-01,KEROSENE,STATDIFF,KBBL,268.2600,3
ZA,2024-01,KEROSENE,STATDIFF,KBD,8.6535,3
ZA,2024-01,KEROSENE,STATDIFF,KL,42.6500,3
ZA,2024-01,KEROSENE,STATDIFF,KTONS,34.0000,3
ZA,2024-01,KEROSENE,STOCKCH,CONVBBL,7890.0000,3
ZA,2024-01,KEROSENE,STOCKCH,KBBL,47.3400,3
ZA,2024-01,KEROSENE,STOCKCH,KBD,x,3
ZA,2024-01,KEROSENE,STOCKCH,KL,7.5265,3
ZA,2024-01,KEROSENE,STOCKCH,KTONS,6.0000,3
ZA,2024-01,KEROSENE,TOTDEMO,CONVBBL,7890.0000,3
ZA,2024-01,KEROSENE,TOTDEMO,KBBL,323.4900,3
ZA,2024-01,KEROSENE,TOTDEMO,KBD,10.4352,3
ZA,2024-01,KEROSENE,TOTDEMO,KL,51.4309,3
ZA,2024-01,KEROSENE,TOTDEMO,KTONS,41.0000,3
ZA,2024-01,KEROSENE,TOTEXPSB,CONVBBL,7890.0000,3
ZA,2024-01,KEROSENE,TOTEXPSB,KBBL,0.0000,3
ZA,2024-01,KEROSENE,TOTEXPSB,KBD,0.0000,3
ZA,2024-01,KEROSENE,TOTEXPSB,KL,0.0000,3
ZA,2024-01,KEROSENE,TOTEXPSB,KTONS,0.0000,3
ZA,2024-01,KEROSENE,TOTIMPSB,CONVBBL,7890.0000,3
ZA,2024-01,KEROSENE,TOTIMPSB,KBBL,0.0000,3
ZA,2024-01,KEROSENE,TOTIMPSB,KBD,0.0000,3
ZA,2024-01,KEROSENE,TOTIMPSB,KL,0.0000,3
ZA,2024-01,KEROSENE,TOTIMPSB,KTONS,0.0000,3
ZA,2024-02,KEROSENE,CLOSTLV,CONVBBL,7890.0000,3
ZA,2024-02,KEROSENE,CLOSTLV,KBBL,142.0200,3
ZA,2024-02,KEROSENE,CLOSTLV,KBD,x,3
ZA,2024-02,KEROSENE,CLOSTLV,KL,22.5794,3
ZA,2024-02,KEROSENE,CLOSTLV,KTONS,18.0000,3
ZA,2024-02,KEROSENE,IPTRANSF,CONVBBL,7890.0000,3
ZA,2024-02,KEROSENE,IPTRANSF,KBBL,0.0000,3
ZA,2024-02,KEROSENE,IPTRANSF,KBD,0.0000,3
ZA,2024-02,KEROSENE,IPTRANSF,KL,0.0000,3
ZA,2024-02,KEROSENE,IPTRANSF,KTONS,0.0000,3
ZA,2024-02,KEROSENE,PTRANSF,CONVBBL,7890.0000,3
ZA,2024-02,KEROSENE,PTRANSF,KBBL,-,3
ZA,2024-02,KEROSENE,PTRANSF,KBD,-,3
ZA,2024-02,KEROSENE,PTRANSF,KL,-,3
ZA,2024-02,KEROSENE,PTRANSF,KTONS,-,3
ZA,2024-02,KEROSENE,RECEIPTS,CONVBBL,7890.0000,3
ZA,2024-02,KEROSENE,RECEIPTS,KBBL,-,3
ZA,2024-02,KEROSENE,RECEIPTS,KBD,-,3
ZA,2024-02,KEROSENE,RECEIPTS,KL,-,3
ZA,2024-02,KEROSENE,RECEIPTS,KTONS,-,3
ZA,2024-02,KEROSENE,REFGROUT,CONVBBL,7890.0000,3
ZA,2024-02,KEROSENE,REFGROUT,KBBL,607.5300,3
ZA,2024-02,KEROSENE,REFGROUT,KBD,20.9493,3
ZA,2024-02,KEROSENE,REFGROUT,KL,96.5897,3
ZA,2024-02,KEROSENE,REFGROUT,KTONS,77.0000,3
ZA,2024-02,KEROSENE,STATDIFF,CONVBBL,7890.0000,3
ZA,2024-02,KEROSENE,STATDIFF,KBBL,220.9200,3
ZA,2024-02,KEROSENE,STATDIFF,KBD,7.6179,3
ZA,2024-02,KEROSENE,STATDIFF,KL,35.1235,3
ZA,2024-02,KEROSENE,STATDIFF,KTONS,28.0000,3
ZA,2024-02,KEROSENE,STOCKCH,CONVBBL,7890.0000,3
ZA,2024-02,KEROSENE,STOCKCH,KBBL,47.3400,3
ZA,2024-02,KEROSENE,STOCKCH,KBD,x,3
ZA,2024-02,KEROSENE,STOCKCH,KL,7.5265,3
ZA,2024-02,KEROSENE,STOCKCH,KTONS,6.0000,3
ZA,2024-02,KEROSENE,TOTDEMO,CONVBBL,7890.0000,3
ZA,2024-02,KEROSENE,TOTDEMO,KBBL,339.2700,3
ZA,2024-02,KEROSENE,TOTDEMO,KBD,11.6990,3
ZA,2024-02,KEROSENE,TOTDEMO,KL,53.9397,3
ZA,2024-02,KEROSENE,TOTDEMO,KTONS,43.0000,3
ZA,2024-02,KEROSENE,TOTEXPSB,CONVBBL,7890.0000,3
ZA,2024-02,KEROSENE,TOTEXPSB,KBBL,0.0000,3
ZA,2024-02,KEROSENE,TOTEXPSB,KBD,0.0000,3
ZA,2024-02,KEROSENE,TOTEXPSB,KL,0.0000,3
ZA,2024-02,KEROSENE,TOTEXPSB,KTONS,0.0000,3
ZA,2024-02,KEROSENE,TOTIMPSB,CONVBBL,7890.0000,3
ZA,2024-02,KEROSENE,TOTIMPSB,KBBL,0.0000,3
ZA,2024-02,KEROSENE,TOTIMPSB,KBD,0.0000,3
ZA,2024-02,KEROSENE,TOTIMPSB,KL,0.0000,3
ZA,2024-02,KEROSENE,TOTIMPSB,KTONS,0.0000,3
ZA,2024-03,KEROSENE,CLOSTLV,CONVBBL,7890.0000,3
ZA,2024-03,KEROSENE,CLOSTLV,KBBL,142.0200,3
ZA,2024-03,KEROSENE,CLOSTLV,KBD,x,3
ZA,2024-03,KEROSENE,CLOSTLV,KL,22.5794,3
ZA,2024-03,KEROSENE,CLOSTLV,KTONS,18.0000,3
ZA,2024-03,KEROSENE,IPTRANSF,CONVBBL,7890.0000,3
ZA,2024-03,KEROSENE,IPTRANSF,KBBL,0.0000,3
ZA,2024-03,KEROSENE,IPTRANSF,KBD,0.0000,3
ZA,2024-03,KEROSENE,IPTRANSF,KL,0.0000,3
ZA,2024-03,KEROSENE,IPTRANSF,KTONS,0.0000,3
ZA,2024-03,KEROSENE,PTRANSF,CONVBBL,7890.0000,3
ZA,2024-03,KEROSENE,PTRANSF,KBBL,-,3
ZA,2024-03,KEROSENE,PTRANSF,KBD,-,3
ZA,2024-03,KEROSENE,PTRANSF,KL,-,3
ZA,2024-03,KEROSENE,PTRANSF,KTONS,-,3
ZA,2024-03,KEROSENE,RECEIPTS,CONVBBL,7890.0000,3
ZA,2024-03,KEROSENE,RECEIPTS,KBBL,-,3
ZA,2024-03,KEROSENE,RECEIPTS,KBD,-,3
ZA,2024-03,KEROSENE,RECEIPTS,KL,-,3
ZA,2024-03,KEROSENE,RECEIPTS,KTONS,-,3
ZA,2024-03,KEROSENE,REFGROUT,CONVBBL,7890.0000,3
ZA,2024-03,KEROSENE,REFGROUT,KBBL,268.2600,3
ZA,2024-03,KEROSENE,REFGROUT,KBD,8.6535,3
ZA,2024-03,KEROSENE,REFGROUT,KL,42.6500,3
ZA,2024-03,KEROSENE,REFGROUT,KTONS,34.0000,3
ZA,2024-03,KEROSENE,STATDIFF,CONVBBL,7890.0000,3
ZA,2024-03,KEROSENE,STATDIFF,KBBL,197.2500,3
ZA,2024-03,KEROSENE,STATDIFF,KBD,6.3629,3
ZA,2024-03,KEROSENE,STATDIFF,KL,31.3603,3
ZA,2024-03,KEROSENE,STATDIFF,KTONS,25.0000,3
ZA,2024-03,KEROSENE,STOCKCH,CONVBBL,7890.0000,3
ZA,2024-03,KEROSENE,STOCKCH,KBBL,47.3400,3
ZA,2024-03,KEROSENE,STOCKCH,KBD,x,3
ZA,2024-03,KEROSENE,STOCKCH,KL,7.5265,3
ZA,2024-03,KEROSENE,STOCKCH,KTONS,6.0000,3
ZA,2024-03,KEROSENE,TOTDEMO,CONVBBL,7890.0000,3
ZA,2024-03,KEROSENE,TOTDEMO,KBBL,23.6700,3
ZA,2024-03,KEROSENE,TOTDEMO,KBD,0.7635,3
ZA,2024-03,KEROSENE,TOTDEMO,KL,3.7632,3
ZA,2024-03,KEROSENE,TOTDEMO,KTONS,3.0000,3
ZA,2024-03,KEROSENE,TOTEXPSB,CONVBBL,7890.0000,3
ZA,2024-03,KEROSENE,TOTEXPSB,KBBL,0.0000,3
ZA,2024-03,KEROSENE,TOTEXPSB,KBD,0.0000,3
ZA,2024-03,KEROSENE,TOTEXPSB,KL,0.0000,3
ZA,2024-03,KEROSENE,TOTEXPSB,KTONS,0.0000,3
ZA,2024-03,KEROSENE,TOTIMPSB,CONVBBL,7890.0000,3
ZA,2024-03,KEROSENE,TOTIMPSB,KBBL,0.0000,3
ZA,2024-03,KEROSENE,TOTIMPSB,KBD,0.0000,3
ZA,2024-03,KEROSENE,TOTIMPSB,KL,0.0000,3
ZA,2024-03,KEROSENE,TOTIMPSB,KTONS,0.0000,3
ZA,2024-04,KEROSENE,CLOSTLV,CONVBBL,7890.0000,3
ZA,2024-04,KEROSENE,CLOSTLV,KBBL,86.7900,3
ZA,2024-04,KEROSENE,CLOSTLV,KBD,x,3
ZA,2024-04,KEROSENE,CLOSTLV,KL,13.7985,3
ZA,2024-04,KEROSENE,CLOSTLV,KTONS,11.0000,3
ZA,2024-04,KEROSENE,IPTRANSF,CONVBBL,7890.0000,3
ZA,2024-04,KEROSENE,IPTRANSF,KBBL,0.0000,3
ZA,2024-04,KEROSENE,IPTRANSF,KBD,0.0000,3
ZA,2024-04,KEROSENE,IPTRANSF,KL,0.0000,3
ZA,2024-04,KEROSENE,IPTRANSF,KTONS,0.0000,3
ZA,2024-04,KEROSENE,PTRANSF,CONVBBL,7890.0000,3
ZA,2024-04,KEROSENE,PTRANSF,KBBL,-,3
ZA,2024-04,KEROSENE,PTRANSF,KBD,-,3
ZA,2024-04,KEROSENE,PTRANSF,KL,-,3
ZA,2024-04,KEROSENE,PTRANSF,KTONS,-,3
ZA,2024-04,KEROSENE,RECEIPTS,CONVBBL,7890.0000,3
ZA,2024-04,KEROSENE,RECEIPTS,KBBL,-,3
ZA,2024-04,KEROSENE,RECEIPTS,KBD,-,3
ZA,2024-04,KEROSENE,RECEIPTS,KL,-,3
ZA,2024-04,KEROSENE,RECEIPTS,KTONS,-,3
ZA,2024-04,KEROSENE,REFGROUT,CONVBBL,7890.0000,3
ZA,2024-04,KEROSENE,REFGROUT,KBBL,497.0700,3
ZA,2024-04,KEROSENE,REFGROUT,KBD,16.5690,3
ZA,2024-04,KEROSENE,REFGROUT,KL,79.0280,3
ZA,2024-04,KEROSENE,REFGROUT,KTONS,63.0000,3
ZA,2024-04,KEROSENE,STATDIFF,CONVBBL,7890.0000,3
ZA,2024-04,KEROSENE,STATDIFF,KBBL,181.4700,3
ZA,2024-04,KEROSENE,STATDIFF,KBD,6.0490,3
ZA,2024-04,KEROSENE,STATDIFF,KL,28.8515,3
ZA,2024-04,KEROSENE,STATDIFF,KTONS,23.0000,3
ZA,2024-04,KEROSENE,STOCKCH,CONVBBL,7890.0000,3
ZA,2024-04,KEROSENE,STOCKCH,KBBL,31.5600,3
ZA,2024-04,KEROSENE,STOCKCH,KBD,x,3
ZA,2024-04,KEROSENE,STOCKCH,KL,5.0176,3
ZA,2024-04,KEROSENE,STOCKCH,KTONS,4.0000,3
ZA,2024-04,KEROSENE,TOTDEMO,CONVBBL,7890.0000,3
ZA,2024-04,KEROSENE,TOTDEMO,KBBL,284.0400,3
ZA,2024-04,KEROSENE,TOTDEMO,KBD,9.4680,3
ZA,2024-04,KEROSENE,TOTDEMO,KL,45.1588,3
ZA,2024-04,KEROSENE,TOTDEMO,KTONS,36.0000,3
ZA,2024-04,KEROSENE,TOTEXPSB,CONVBBL,7890.0000,3
ZA,2024-04,KEROSENE,TOTEXPSB,KBBL,0.0000,3
ZA,2024-04,KEROSENE,TOTEXPSB,KBD,0.0000,3
ZA,2024-04,KEROSENE,TOTEXPSB,KL,0.0000,3
ZA,2024-04,KEROSENE,TOTEXPSB,KTONS,0.0000,3
ZA,2024-04,KEROSENE,TOTIMPSB,CONVBBL,7890.0000,3
ZA,2024-04,KEROSENE,TOTIMPSB,KBBL,0.0000,3
ZA,2024-04,KEROSENE,TOTIMPSB,KBD,0.0000,3
ZA,2024-04,KEROSENE,TOTIMPSB,KL,0.0000,3
ZA,2024-04,KEROSENE,TOTIMPSB,KTONS,0.0000,3
ZA,2024-05,KEROSENE,CLOSTLV,CONVBBL,7890.0000,3
ZA,2024-05,KEROSENE,CLOSTLV,KBBL,142.0200,3
ZA,2024-05,KEROSENE,CLOSTLV,KBD,x,3
ZA,2024-05,KEROSENE,CLOSTLV,KL,22.5794,3
ZA,2024-05,KEROSENE,CLOSTLV,KTONS,18.0000,3
ZA,2024-05,KEROSENE,IPTRANSF,CONVBBL,7890.0000,3
ZA,2024-05,KEROSENE,IPTRANSF,KBBL,0.0000,3
ZA,2024-05,KEROSENE,IPTRANSF,KBD,0.0000,3
ZA,2024-05,KEROSENE,IPTRANSF,KL,0.0000,3
ZA,2024-05,KEROSENE,IPTRANSF,KTONS,0.0000,3
ZA,2024-05,KEROSENE,PTRANSF,CONVBBL,7890.0000,3
ZA,2024-05,KEROSENE,PTRANSF,KBBL,-,3
ZA,2024-05,KEROSENE,PTRANSF,KBD,-,3
ZA,2024-05,KEROSENE,PTRANSF,KL,-,3
ZA,2024-05,KEROSENE,PTRANSF,KTONS,-,3
ZA,2024-05,KEROSENE,RECEIPTS,CONVBBL,7890.0000,3
ZA,2024-05,KEROSENE,RECEIPTS,KBBL,-,3
ZA,2024-05,KEROSENE,RECEIPTS,KBD,-,3
ZA,2024-05,KEROSENE,RECEIPTS,KL,-,3
ZA,2024-05,KEROSENE,RECEIPTS,KTONS,-,3
ZA,2024-05,KEROSENE,REFGROUT,CONVBBL,7890.0000,3
ZA,2024-05,KEROSENE,REFGROUT,KBBL,512.8500,3
ZA,2024-05,KEROSENE,REFGROUT,KBD,16.5435,3
ZA,2024-05,KEROSENE,REFGROUT,KL,81.5368,3
ZA,2024-05,KEROSENE,REFGROUT,KTONS,65.0000,3
ZA,2024-05,KEROSENE,STATDIFF,CONVBBL,7890.0000,3
ZA,2024-05,KEROSENE,STATDIFF,KBBL,63.1200,3
ZA,2024-05,KEROSENE,STATDIFF,KBD,2.0361,3
ZA,2024-05,KEROSENE,STATDIFF,KL,10.0353,3
ZA,2024-05,KEROSENE,STATDIFF,KTONS,8.0000,3
ZA,2024-05,KEROSENE,STOCKCH,CONVBBL,7890.0000,3
ZA,2024-05,KEROSENE,STOCKCH,KBBL,47.3400,3
ZA,2024-05,KEROSENE,STOCKCH,KBD,x,3
ZA,2024-05,KEROSENE,STOCKCH,KL,7.5265,3
ZA,2024-05,KEROSENE,STOCKCH,KTONS,6.0000,3
ZA,2024-05,KEROSENE,TOTDEMO,CONVBBL,7890.0000,3
ZA,2024-05,KEROSENE,TOTDEMO,KBBL,402.3900,3
ZA,2024-05,KEROSENE,TOTDEMO,KBD,12.9803,3
ZA,2024-05,KEROSENE,TOTDEMO,KL,63.9750,3
ZA,2024-05,KEROSENE,TOTDEMO,KTONS,51.0000,3
ZA,2024-05,KEROSENE,TOTEXPSB,CONVBBL,7890.0000,3
ZA,2024-05,KEROSENE,TOTEXPSB,KBBL,0.0000,3
ZA,2024-05,KEROSENE,TOTEXPSB,KBD,0.0000,3
ZA,2024-05,KEROSENE,TOTEXPSB,KL,0.0000,3
ZA,2024-05,KEROSENE,TOTEXPSB,KTONS,0.0000,3
ZA,2024-05,KEROSENE,TOTIMPSB,CONVBBL,7890.0000,3
ZA,2024-05,KEROSENE,TOTIMPSB,KBBL,0.0000,3
ZA,2024-05,KEROSENE,TOTIMPSB,KBD,0.0000,3
ZA,2024-05,KEROSENE,TOTIMPSB,KL,0.0000,3
ZA,2024-05,KEROSENE,TOTIMPSB,KTONS,0.0000,3
ZA,2024-06,KEROSENE,CLOSTLV,CONVBBL,7890.0000,3
ZA,2024-06,KEROSENE,CLOSTLV,KBBL,142.0200,3
ZA,2024-06,KEROSENE,CLOSTLV,KBD,x,3
ZA,2024-06,KEROSENE,CLOSTLV,KL,22.5794,3
ZA,2024-06,KEROSENE,CLOSTLV,KTONS,18.0000,3
ZA,2024-06,KEROSENE,IPTRANSF,CONVBBL,7890.0000,3
ZA,2024-06,KEROSENE,IPTRANSF,KBBL,0.0000,3
ZA,2024-06,KEROSENE,IPTRANSF,KBD,0.0000,3
ZA,2024-06,KEROSENE,IPTRANSF,KL,0.0000,3
ZA,2024-06,KEROSENE,IPTRANSF,KTONS,0.0000,3
ZA,2024-06,KEROSENE,PTRANSF,CONVBBL,7890.0000,3
ZA,2024-06,KEROSENE,PTRANSF,KBBL,-,3
ZA,2024-06,KEROSENE,PTRANSF,KBD,-,3
ZA,2024-06,KEROSENE,PTRANSF,KL,-,3
ZA,2024-06,KEROSENE,PTRANSF,KTONS,-,3
ZA,2024-06,KEROSENE,RECEIPTS,CONVBBL,7890.0000,3
ZA,2024-06,KEROSENE,RECEIPTS,KBBL,-,3
ZA,2024-06,KEROSENE,RECEIPTS,KBD,-,3
ZA,2024-06,KEROSENE,RECEIPTS,KL,-,3
ZA,2024-06,KEROSENE,RECEIPTS,KTONS,-,3
ZA,2024-06,KEROSENE,REFGROUT,CONVBBL,7890.0000,3
ZA,2024-06,KEROSENE,REFGROUT,KBBL,575.9700,3
ZA,2024-06,KEROSENE,REFGROUT,KBD,19.1990,3
ZA,2024-06,KEROSENE,REFGROUT,KL,91.5721,3
ZA,2024-06,KEROSENE,REFGROUT,KTONS,73.0000,3
ZA,2024-06,KEROSENE,STATDIFF,CONVBBL,7890.0000,3
ZA,2024-06,KEROSENE,STATDIFF,KBBL,244.5900,3
ZA,2024-06,KEROSENE,STATDIFF,KBD,8.1530,3
ZA,2024-06,KEROSENE,STATDIFF,KL,38.8868,3
ZA,2024-06,KEROSENE,STATDIFF,KTONS,31.0000,3
ZA,2024-06,KEROSENE,STOCKCH,CONVBBL,7890.0000,3
ZA,2024-06,KEROSENE,STOCKCH,KBBL,47.3400,3
ZA,2024-06,KEROSENE,STOCKCH,KBD,x,3
ZA,2024-06,KEROSENE,STOCKCH,KL,7.5265,3
ZA,2024-06,KEROSENE,STOCKCH,KTONS,6.0000,3
ZA,2024-06,KEROSENE,TOTDEMO,CONVBBL,7890.0000,3
ZA,2024-06,KEROSENE,TOTDEMO,KBBL,284.0400,3
ZA,2024-06,KEROSENE,TOTDEMO,KBD,9.4680,3
ZA,2024-06,KEROSENE,TOTDEMO,KL,45.1588,3
ZA,2024-06,KEROSENE,TOTDEMO,KTONS,36.0000,3
ZA,2024-06,KEROSENE,TOTEXPSB,CONVBBL,7890.0000,3
ZA,2024-06,KEROSENE,TOTEXPSB,KBBL,0.0000,3
ZA,2024-06,KEROSENE,TOTEXPSB,KBD,0.0000,3
ZA,2024-06,KEROSENE,TOTEXPSB,KL,0.0000,3
ZA,2024-06,KEROSENE,TOTEXPSB,KTONS,0.0000,3
ZA,2024-06,KEROSENE,TOTIMPSB,CONVBBL,7890.0000,3
ZA,2024-06,KEROSENE,TOTIMPSB,KBBL,0.0000,3
ZA,2024-06,KEROSENE,TOTIMPSB,KBD,0.0000,3
ZA,2024-06,KEROSENE,TOTIMPSB,KL,0.0000,3
ZA,2024-06,KEROSENE,TOTIMPSB,KTONS,0.0000,3
ZA,2024-07,KEROSENE,CLOSTLV,CONVBBL,7890.0000,3
ZA,2024-07,KEROSENE,CLOSTLV,KBBL,142.0200,3
ZA,2024-07,KEROSENE,CLOSTLV,KBD,x,3
ZA,2024-07,KEROSENE,CLOSTLV,KL,22.5794,3
ZA,2024-07,KEROSENE,CLOSTLV,KTONS,18.0000,3
ZA,2024-07,KEROSENE,IPTRANSF,CONVBBL,7890.0000,3
ZA,2024-07,KEROSENE,IPTRANSF,KBBL,0.0000,3
ZA,2024-07,KEROSENE,IPTRANSF,KBD,0.0000,3
ZA,2024-07,KEROSENE,IPTRANSF,KL,0.0000,3
ZA,2024-07,KEROSENE,IPTRANSF,KTONS,0.0000,3
ZA,2024-07,KEROSENE,PTRANSF,CONVBBL,7890.0000,3
ZA,2024-07,KEROSENE,PTRANSF,KBBL,-,3
ZA,2024-07,KEROSENE,PTRANSF,KBD,-,3
ZA,2024-07,KEROSENE,PTRANSF,KL,-,3
ZA,2024-07,KEROSENE,PTRANSF,KTONS,-,3
ZA,2024-07,KEROSENE,RECEIPTS,CONVBBL,7890.0000,3
ZA,2024-07,KEROSENE,RECEIPTS,KBBL,-,3
ZA,2024-07,KEROSENE,RECEIPTS,KBD,-,3
ZA,2024-07,KEROSENE,RECEIPTS,KL,-,3
ZA,2024-07,KEROSENE,RECEIPTS,KTONS,-,3
ZA,2024-07,KEROSENE,REFGROUT,CONVBBL,7890.0000,3
ZA,2024-07,KEROSENE,REFGROUT,KBBL,568.0800,3
ZA,2024-07,KEROSENE,REFGROUT,KBD,18.3252,3
ZA,2024-07,KEROSENE,REFGROUT,KL,90.3177,3
ZA,2024-07,KEROSENE,REFGROUT,KTONS,72.0000,3
ZA,2024-07,KEROSENE,STATDIFF,CONVBBL,7890.0000,3
ZA,2024-07,KEROSENE,STATDIFF,KBBL,142.0200,3
ZA,2024-07,KEROSENE,STATDIFF,KBD,4.5813,3
ZA,2024-07,KEROSENE,STATDIFF,KL,22.5794,3
ZA,2024-07,KEROSENE,STATDIFF,KTONS,18.0000,3
ZA,2024-07,KEROSENE,STOCKCH,CONVBBL,7890.0000,3
ZA,2024-07,KEROSENE,STOCKCH,KBBL,47.3400,3
ZA,2024-07,KEROSENE,STOCKCH,KBD,x,3
ZA,2024-07,KEROSENE,STOCKCH,KL,7.5265,3
ZA,2024-07,KEROSENE,STOCKCH,KTONS,6.0000,3
ZA,2024-07,KEROSENE,TOTDEMO,CONVBBL,7890.0000,3
ZA,2024-07,KEROSENE,TOTDEMO,KBBL,370.8300,3
ZA,2024-07,KEROSENE,TOTDEMO,KBD,11.9623,3
ZA,2024-07,KEROSENE,TOTDEMO,KL,58.9574,3
ZA,2024-07,KEROSENE,TOTDEMO,KTONS,47.0000,3
ZA,2024-07,KEROSENE,TOTEXPSB,CONVBBL,7890.0000,3
ZA,2024-07,KEROSENE,TOTEXPSB,KBBL,0.0000,3
ZA,2024-07,KEROSENE,TOTEXPSB,KBD,0.0000,3
ZA,2024-07,KEROSENE,TOTEXPSB,KL,0.0000,3
ZA,2024-07,KEROSENE,TOTEXPSB,KTONS,0.0000,3
ZA,2024-07,KEROSENE,TOTIMPSB,CONVBBL,7890.0000,3
ZA,2024-07,KEROSENE,TOTIMPSB,KBBL,0.0000,3
ZA,2024-07,KEROSENE,TOTIMPSB,KBD,0.0000,3
ZA,2024-07,KEROSENE,TOTIMPSB,KL,0.0000,3
ZA,2024-07,KEROSENE,TOTIMPSB,KTONS,0.0000,3
ZA,2024-08,KEROSENE,CLOSTLV,CONVBBL,7890.0000,3
ZA,2024-08,KEROSENE,CLOSTLV,KBBL,142.0200,3
ZA,2024-08,KEROSENE,CLOSTLV,KBD,x,3
ZA,2024-08,KEROSENE,CLOSTLV,KL,22.5794,3
ZA,2024-08,KEROSENE,CLOSTLV,KTONS,18.0000,3
ZA,2024-08,KEROSENE,IPTRANSF,CONVBBL,7890.0000,3
ZA,2024-08,KEROSENE,IPTRANSF,KBBL,0.0000,3
ZA,2024-08,KEROSENE,IPTRANSF,KBD,0.0000,3
ZA,2024-08,KEROSENE,IPTRANSF,KL,0.0000,3
ZA,2024-08,KEROSENE,IPTRANSF,KTONS,0.0000,3
ZA,2024-08,KEROSENE,PTRANSF,CONVBBL,7890.0000,3
ZA,2024-08,KEROSENE,PTRANSF,KBBL,-,3
ZA,2024-08,KEROSENE,PTRANSF,KBD,-,3
ZA,2024-08,KEROSENE,PTRANSF,KL,-,3
ZA,2024-08,KEROSENE,PTRANSF,KTONS,-,3
ZA,2024-08,KEROSENE,RECEIPTS,CONVBBL,7890.0000,3
ZA,2024-08,KEROSENE,RECEIPTS,KBBL,-,3
ZA,2024-08,KEROSENE,RECEIPTS,KBD,-,3
ZA,2024-08,KEROSENE,RECEIPTS,KL,-,3
ZA,2024-08,KEROSENE,RECEIPTS,KTONS,-,3
ZA,2024-08,KEROSENE,REFGROUT,CONVBBL,7890.0000,3
ZA,2024-08,KEROSENE,REFGROUT,KBBL,481.2900,3
ZA,2024-08,KEROSENE,REFGROUT,KBD,15.5255,3
ZA,2024-08,KEROSENE,REFGROUT,KL,76.5191,3
ZA,2024-08,KEROSENE,REFGROUT,KTONS,61.0000,3
ZA,2024-08,KEROSENE,STATDIFF,CONVBBL,7890.0000,3
ZA,2024-08,KEROSENE,STATDIFF,KBBL,126.2400,3
ZA,2024-08,KEROSENE,STATDIFF,KBD,4.0723,3
ZA,2024-08,KEROSENE,STATDIFF,KL,20.0706,3
ZA,2024-08,KEROSENE,STATDIFF,KTONS,16.0000,3
ZA,2024-08,KEROSENE,STOCKCH,CONVBBL,7890.0000,3
ZA,2024-08,KEROSENE,STOCKCH,KBBL,47.3400,3
ZA,2024-08,KEROSENE,STOCKCH,KBD,x,3
ZA,2024-08,KEROSENE,STOCKCH,KL,7.5265,3
ZA,2024-08,KEROSENE,STOCKCH,KTONS,6.0000,3
ZA,2024-08,KEROSENE,TOTDEMO,CONVBBL,7890.0000,3
ZA,2024-08,KEROSENE,TOTDEMO,KBBL,307.7100,3
ZA,2024-08,KEROSENE,TOTDEMO,KBD,9.9261,3
ZA,2024-08,KEROSENE,TOTDEMO,KL,48.9221,3
ZA,2024-08,KEROSENE,TOTDEMO,KTONS,39.0000,3
ZA,2024-08,KEROSENE,TOTEXPSB,CONVBBL,7890.0000,3
ZA,2024-08,KEROSENE,TOTEXPSB,KBBL,0.0000,3
ZA,2024-08,KEROSENE,TOTEXPSB,KBD,0.0000,3
ZA,2024-08,KEROSENE,TOTEXPSB,KL,0.0000,3
ZA,2024-08,KEROSENE,TOTEXPSB,KTONS,0.0000,3
ZA,2024-08,KEROSENE,TOTIMPSB,CONVBBL,7890.0000,3
ZA,2024-08,KEROSENE,TOTIMPSB,KBBL,0.0000,3
ZA,2024-08,KEROSENE,TOTIMPSB,KBD,0.0000,3
ZA,2024-08,KEROSENE,TOTIMPSB,KL,0.0000,3
ZA,2024-08,KEROSENE,TOTIMPSB,KTONS,0.0000,3
ZA,2024-09,KEROSENE,CLOSTLV,CONVBBL,7890.0000,3
ZA,2024-09,KEROSENE,CLOSTLV,KBBL,142.0200,3
ZA,2024-09,KEROSENE,CLOSTLV,KBD,x,3
ZA,2024-09,KEROSENE,CLOSTLV,KL,22.5794,3
ZA,2024-09,KEROSENE,CLOSTLV,KTONS,18.0000,3
ZA,2024-09,KEROSENE,IPTRANSF,CONVBBL,7890.0000,3
ZA,2024-09,KEROSENE,IPTRANSF,KBBL,0.0000,3
ZA,2024-09,KEROSENE,IPTRANSF,KBD,0.0000,3
ZA,2024-09,KEROSENE,IPTRANSF,KL,0.0000,3
ZA,2024-09,KEROSENE,IPTRANSF,KTONS,0.0000,3
ZA,2024-09,KEROSENE,PTRANSF,CONVBBL,7890.0000,3
ZA,2024-09,KEROSENE,PTRANSF,KBBL,-,3
ZA,2024-09,KEROSENE,PTRANSF,KBD,-,3
ZA,2024-09,KEROSENE,PTRANSF,KL,-,3
ZA,2024-09,KEROSENE,PTRANSF,KTONS,-,3
ZA,2024-09,KEROSENE,RECEIPTS,CONVBBL,7890.0000,3
ZA,2024-09,KEROSENE,RECEIPTS,KBBL,-,3
ZA,2024-09,KEROSENE,RECEIPTS,KBD,-,3
ZA,2024-09,KEROSENE,RECEIPTS,KL,-,3
ZA,2024-09,KEROSENE,RECEIPTS,KTONS,-,3
ZA,2024-09,KEROSENE,REFGROUT,CONVBBL,7890.0000,3
ZA,2024-09,KEROSENE,REFGROUT,KBBL,623.3100,3
ZA,2024-09,KEROSENE,REFGROUT,KBD,20.7770,3
ZA,2024-09,KEROSENE,REFGROUT,KL,99.0985,3
ZA,2024-09,KEROSENE,REFGROUT,KTONS,79.0000,3
ZA,2024-09,KEROSENE,STATDIFF,CONVBBL,7890.0000,3
ZA,2024-09,KEROSENE,STATDIFF,KBBL,244.5900,3
ZA,2024-09,KEROSENE,STATDIFF,KBD,8.1530,3
ZA,2024-09,KEROSENE,STATDIFF,KL,38.8868,3
ZA,2024-09,KEROSENE,STATDIFF,KTONS,31.0000,3
ZA,2024-09,KEROSENE,STOCKCH,CONVBBL,7890.0000,3
ZA,2024-09,KEROSENE,STOCKCH,KBBL,47.3400,3
ZA,2024-09,KEROSENE,STOCKCH,KBD,x,3
ZA,2024-09,KEROSENE,STOCKCH,KL,7.5265,3
ZA,2024-09,KEROSENE,STOCKCH,KTONS,6.0000,3
ZA,2024-09,KEROSENE,TOTDEMO,CONVBBL,7890.0000,3
ZA,2024-09,KEROSENE,TOTDEMO,KBBL,331.3800,3
ZA,2024-09,KEROSENE,TOTDEMO,KBD,11.0460,3
ZA,2024-09,KEROSENE,TOTDEMO,KL,52.6853,3
ZA,2024-09,KEROSENE,TOTDEMO,KTONS,42.0000,3
ZA,2024-09,KEROSENE,TOTEXPSB,CONVBBL,7890.0000,3
ZA,2024-09,KEROSENE,TOTEXPSB,KBBL,0.0000,3
ZA,2024-09,KEROSENE,TOTEXPSB,KBD,0.0000,3
ZA,2024-09,KEROSENE,TOTEXPSB,KL,0.0000,3
ZA,2024-09,KEROSENE,TOTEXPSB,KTONS,0.0000,3
ZA,2024-09,KEROSENE,TOTIMPSB,CONVBBL,7890.0000,3
ZA,2024-09,KEROSENE,TOTIMPSB,KBBL,0.0000,3
ZA,2024-09,KEROSENE,TOTIMPSB,KBD,0.0000,3
ZA,2024-09,KEROSENE,TOTIMPSB,KL,0.0000,3
ZA,2024-09,KEROSENE,TOTIMPSB,KTONS,0.0000,3
ZA,2024-10,KEROSENE,CLOSTLV,CONVBBL,7890.0000,3
ZA,2024-10,KEROSENE,CLOSTLV,KBBL,142.0200,3
ZA,2024-10,KEROSENE,CLOSTLV,KBD,x,3
ZA,2024-10,KEROSENE,CLOSTLV,KL,22.5794,3
ZA,2024-10,KEROSENE,CLOSTLV,KTONS,18.0000,3
ZA,2024-10,KEROSENE,IPTRANSF,CONVBBL,7890.0000,3
ZA,2024-10,KEROSENE,IPTRANSF,KBBL,0.0000,3
ZA,2024-10,KEROSENE,IPTRANSF,KBD,0.0000,3
ZA,2024-10,KEROSENE,IPTRANSF,KL,0.0000,3
ZA,2024-10,KEROSENE,IPTRANSF,KTONS,0.0000,3
ZA,2024-10,KEROSENE,PTRANSF,CONVBBL,7890.0000,3
ZA,2024-10,KEROSENE,PTRANSF,KBBL,-,3
ZA,2024-10,KEROSENE,PTRANSF,KBD,-,3
ZA,2024-10,KEROSENE,PTRANSF,KL,-,3
ZA,2024-10,KEROSENE,PTRANSF,KTONS,-,3
ZA,2024-10,KEROSENE,RECEIPTS,CONVBBL,7890.0000,3
ZA,2024-10,KEROSENE,RECEIPTS,KBBL,-,3
ZA,2024-10,KEROSENE,RECEIPTS,KBD,-,3
ZA,2024-10,KEROSENE,RECEIPTS,KL,-,3
ZA,2024-10,KEROSENE,RECEIPTS,KTONS,-,3
ZA,2024-10,KEROSENE,REFGROUT,CONVBBL,7890.0000,3
ZA,2024-10,KEROSENE,REFGROUT,KBBL,568.0800,3
ZA,2024-10,KEROSENE,REFGROUT,KBD,18.3252,3
ZA,2024-10,KEROSENE,REFGROUT,KL,90.3177,3
ZA,2024-10,KEROSENE,REFGROUT,KTONS,72.0000,3
ZA,2024-10,KEROSENE,STATDIFF,CONVBBL,7890.0000,3
ZA,2024-10,KEROSENE,STATDIFF,KBBL,189.3600,3
ZA,2024-10,KEROSENE,STATDIFF,KBD,6.1084,3
ZA,2024-10,KEROSENE,STATDIFF,KL,30.1059,3
ZA,2024-10,KEROSENE,STATDIFF,KTONS,24.0000,3
ZA,2024-10,KEROSENE,STOCKCH,CONVBBL,7890.0000,3
ZA,2024-10,KEROSENE,STOCKCH,KBBL,47.3400,3
ZA,2024-10,KEROSENE,STOCKCH,KBD,x,3
ZA,2024-10,KEROSENE,STOCKCH,KL,7.5265,3
ZA,2024-10,KEROSENE,STOCKCH,KTONS,6.0000,3
ZA,2024-10,KEROSENE,TOTDEMO,CONVBBL,7890.0000,3
ZA,2024-10,KEROSENE,TOTDEMO,KBBL,323.4900,3
ZA,2024-10,KEROSENE,TOTDEMO,KBD,10.4352,3
ZA,2024-10,KEROSENE,TOTDEMO,KL,51.4309,3
ZA,2024-10,KEROSENE,TOTDEMO,KTONS,41.0000,3
ZA,2024-10,KEROSENE,TOTEXPSB,CONVBBL,7890.0000,3
ZA,2024-10,KEROSENE,TOTEXPSB,KBBL,0.0000,3
ZA,2024-10,KEROSENE,TOTEXPSB,KBD,0.0000,3
ZA,2024-10,KEROSENE,TOTEXPSB,KL,0.0000,3
ZA,2024-10,KEROSENE,TOTEXPSB,KTONS,0.0000,3
ZA,2024-10,KEROSENE,TOTIMPSB,CONVBBL,7890.0000,3
ZA,2024-10,KEROSENE,TOTIMPSB,KBBL,0.0000,3
ZA,2024-10,KEROSENE,TOTIMPSB,KBD,0.0000,3
ZA,2024-10,KEROSENE,TOTIMPSB,KL,0.0000,3
ZA,2024-10,KEROSENE,TOTIMPSB,KTONS,0.0000,3
ZA,2024-11,KEROSENE,CLOSTLV,CONVBBL,7890.0000,3
ZA,2024-11,KEROSENE,CLOSTLV,KBBL,142.0200,3
ZA,2024-11,KEROSENE,CLOSTLV,KBD,x,3
ZA,2024-11,KEROSENE,CLOSTLV,KL,22.5794,3
ZA,2024-11,KEROSENE,CLOSTLV,KTONS,18.0000,3
ZA,2024-11,KEROSENE,IPTRANSF,CONVBBL,7890.0000,3
ZA,2024-11,KEROSENE,IPTRANSF,KBBL,0.0000,3
ZA,2024-11,KEROSENE,IPTRANSF,KBD,0.0000,3
ZA,2024-11,KEROSENE,IPTRANSF,KL,0.0000,3
ZA,2024-11,KEROSENE,IPTRANSF,KTONS,0.0000,3
ZA,2024-11,KEROSENE,PTRANSF,CONVBBL,7890.0000,3
ZA,2024-11,KEROSENE,PTRANSF,KBBL,-,3
ZA,2024-11,KEROSENE,PTRANSF,KBD,-,3
ZA,2024-11,KEROSENE,PTRANSF,KL,-,3
ZA,2024-11,KEROSENE,PTRANSF,KTONS,-,3
ZA,2024-11,KEROSENE,RECEIPTS,CONVBBL,7890.0000,3
ZA,2024-11,KEROSENE,RECEIPTS,KBBL,-,3
ZA,2024-11,KEROSENE,RECEIPTS,KBD,-,3
ZA,2024-11,KEROSENE,RECEIPTS,KL,-,3
ZA,2024-11,KEROSENE,RECEIPTS,KTONS,-,3
ZA,2024-11,KEROSENE,REFGROUT,CONVBBL,7890.0000,3
ZA,2024-11,KEROSENE,REFGROUT,KBBL,520.7400,3
ZA,2024-11,KEROSENE,REFGROUT,KBD,17.3580,3
ZA,2024-11,KEROSENE,REFGROUT,KL,82.7912,3
ZA,2024-11,KEROSENE,REFGROUT,KTONS,66.0000,3
ZA,2024-11,KEROSENE,STATDIFF,CONVBBL,7890.0000,3
ZA,2024-11,KEROSENE,STATDIFF,KBBL,102.5700,3
ZA,2024-11,KEROSENE,STATDIFF,KBD,3.4190,3
ZA,2024-11,KEROSENE,STATDIFF,KL,16.3074,3
ZA,2024-11,KEROSENE,STATDIFF,KTONS,13.0000,3
ZA,2024-11,KEROSENE,STOCKCH,CONVBBL,7890.0000,3
ZA,2024-11,KEROSENE,STOCKCH,KBBL,47.3400,3
ZA,2024-11,KEROSENE,STOCKCH,KBD,x,3
ZA,2024-11,KEROSENE,STOCKCH,KL,7.5265,3
ZA,2024-11,KEROSENE,STOCKCH,KTONS,6.0000,3
ZA,2024-11,KEROSENE,TOTDEMO,CONVBBL,7890.0000,3
ZA,2024-11,KEROSENE,TOTDEMO,KBBL,362.9400,3
ZA,2024-11,KEROSENE,TOTDEMO,KBD,12.0980,3
ZA,2024-11,KEROSENE,TOTDEMO,KL,57.7029,3
ZA,2024-11,KEROSENE,TOTDEMO,KTONS,46.0000,3
ZA,2024-11,KEROSENE,TOTEXPSB,CONVBBL,7890.0000,3
ZA,2024-11,KEROSENE,TOTEXPSB,KBBL,0.0000,3
ZA,2024-11,KEROSENE,TOTEXPSB,KBD,0.0000,3
ZA,2024-11,KEROSENE,TOTEXPSB,KL,0.0000,3
ZA,2024-11,KEROSENE,TOTEXPSB,KTONS,0.0000,3
ZA,2024-11,KEROSENE,TOTIMPSB,CONVBBL,7890.0000,3
ZA,2024-11,KEROSENE,TOTIMPSB,KBBL,0.0000,3
ZA,2024-11,KEROSENE,TOTIMPSB,KBD,0.0000,3
ZA,2024-11,KEROSENE,TOTIMPSB,KL,0.0000,3
ZA,2024-11,KEROSENE,TOTIMPSB,KTONS,0.0000,3
ZA,2024-12,KEROSENE,CLOSTLV,CONVBBL,7890.0000,3
ZA,2024-12,KEROSENE,CLOSTLV,KBBL,142.0200,3
ZA,2024-12,KEROSENE,CLOSTLV,KBD,x,3
ZA,2024-12,KEROSENE,CLOSTLV,KL,22.5794,3
ZA,2024-12,KEROSENE,CLOSTLV,KTONS,18.0000,3
ZA,2024-12,KEROSENE,IPTRANSF,CONVBBL,7890.0000,3
ZA,2024-12,KEROSENE,IPTRANSF,KBBL,0.0000,3
ZA,2024-12,KEROSENE,IPTRANSF,KBD,0.0000,3
ZA,2024-12,KEROSENE,IPTRANSF,KL,0.0000,3
ZA,2024-12,KEROSENE,IPTRANSF,KTONS,0.0000,3
ZA,2024-12,KEROSENE,PTRANSF,CONVBBL,7890.0000,3
ZA,2024-12,KEROSENE,PTRANSF,KBBL,-,3
ZA,2024-12,KEROSENE,PTRANSF,KBD,-,3
ZA,2024-12,KEROSENE,PTRANSF,KL,-,3
ZA,2024-12,KEROSENE,PTRANSF,KTONS,-,3
ZA,2024-12,KEROSENE,RECEIPTS,CONVBBL,7890.0000,3
ZA,2024-12,KEROSENE,RECEIPTS,KBBL,-,3
ZA,2024-12,KEROSENE,RECEIPTS,KBD,-,3
ZA,2024-12,KEROSENE,RECEIPTS,KL,-,3
ZA,2024-12,KEROSENE,RECEIPTS,KTONS,-,3
ZA,2024-12,KEROSENE,REFGROUT,CONVBBL,7890.0000,3
ZA,2024-12,KEROSENE,REFGROUT,KBBL,599.6400,3
ZA,2024-12,KEROSENE,REFGROUT,KBD,19.3432,3
ZA,2024-12,KEROSENE,REFGROUT,KL,95.3353,3
ZA,2024-12,KEROSENE,REFGROUT,KTONS,76.0000,3
ZA,2024-12,KEROSENE,STATDIFF,CONVBBL,7890.0000,3
ZA,2024-12,KEROSENE,STATDIFF,KBBL,165.6900,3
ZA,2024-12,KEROSENE,STATDIFF,KBD,5.3448,3
ZA,2024-12,KEROSENE,STATDIFF,KL,26.3427,3
ZA,2024-12,KEROSENE,STATDIFF,KTONS,21.0000,3
ZA,2024-12,KEROSENE,STOCKCH,CONVBBL,7890.0000,3
ZA,2024-12,KEROSENE,STOCKCH,KBBL,47.3400,3
ZA,2024-12,KEROSENE,STOCKCH,KBD,x,3
ZA,2024-12,KEROSENE,STOCKCH,KL,7.5265,3
ZA,2024-12,KEROSENE,STOCKCH,KTONS,6.0000,3
ZA,2024-12,KEROSENE,TOTDEMO,CONVBBL,7890.0000,3
ZA,2024-12,KEROSENE,TOTDEMO,KBBL,386.6100,3
ZA,2024-12,KEROSENE,TOTDEMO,KBD,12.4713,3
ZA,2024-12,KEROSENE,TOTDEMO,KL,61.4662,3
ZA,2024-12,KEROSENE,TOTDEMO,KTONS,49.0000,3
ZA,2024-12,KEROSENE,TOTEXPSB,CONVBBL,7890.0000,3
ZA,2024-12,KEROSENE,TOTEXPSB,KBBL,0.0000,3
ZA,2024-12,KEROSENE,TOTEXPSB,KBD,0.0000,3
ZA,2024-12,KEROSENE,TOTEXPSB,KL,0.0000,3
ZA,2024-12,KEROSENE,TOTEXPSB,KTONS,0.0000,3
ZA,2024-12,KEROSENE,TOTIMPSB,CONVBBL,7890.0000,3
ZA,2024-12,KEROSENE,TOTIMPSB,KBBL,0.0000,3
ZA,2024-12,KEROSENE,TOTIMPSB,KBD,0.0000,3
ZA,2024-12,KEROSENE,TOTIMPSB,KL,0.0000,3
ZA,2024-12,KEROSENE,TOTIMPSB,KTONS,0.0000,3
ZA,2024-01,LPG,CLOSTLV,CONVBBL,11637.0000,3
ZA,2024-01,LPG,CLOSTLV,KBBL,34.9110,3
ZA,2024-01,LPG,CLOSTLV,KBD,x,3
ZA,2024-01,LPG,CLOSTLV,KL,5.5504,3
ZA,2024-01,LPG,CLOSTLV,KTONS,3.0000,3
ZA,2024-01,LPG,IPTRANSF,CONVBBL,11637.0000,3
ZA,2024-01,LPG,IPTRANSF,KBBL,-,3
ZA,2024-01,LPG,IPTRANSF,KBD,-,3
ZA,2024-01,LPG,IPTRANSF,KL,-,3
ZA,2024-01,LPG,IPTRANSF,KTONS,-,3
ZA,2024-01,LPG,PTRANSF,CONVBBL,11637.0000,3
ZA,2024-01,LPG,PTRANSF,KBBL,-,3
ZA,2024-01,LPG,PTRANSF,KBD,-,3
ZA,2024-01,LPG,PTRANSF,KL,-,3
ZA,2024-01,LPG,PTRANSF,KTONS,-,3
ZA,2024-01,LPG,RECEIPTS,CONVBBL,11637.0000,3
ZA,2024-01,LPG,RECEIPTS,KBBL,-,3
ZA,2024-01,LPG,RECEIPTS,KBD,-,3
ZA,2024-01,LPG,RECEIPTS,KL,-,3
ZA,2024-01,LPG,RECEIPTS,KTONS,-,3
ZA,2024-01,LPG,REFGROUT,CONVBBL,11637.0000,3
ZA,2024-01,LPG,REFGROUT,KBBL,174.5550,3
ZA,2024-01,LPG,REFGROUT,KBD,5.6308,3
ZA,2024-01,LPG,REFGROUT,KL,27.7521,3
ZA,2024-01,LPG,REFGROUT,KTONS,15.0000,3
ZA,2024-01,LPG,STATDIFF,CONVBBL,11637.0000,3
ZA,2024-01,LPG,STATDIFF,KBBL,46.5480,3
ZA,2024-01,LPG,STATDIFF,KBD,1.5015,3
ZA,2024-01,LPG,STATDIFF,KL,7.4006,3
ZA,2024-01,LPG,STATDIFF,KTONS,4.0000,3
ZA,2024-01,LPG,STOCKCH,CONVBBL,11637.0000,3
ZA,2024-01,LPG,STOCKCH,KBBL,11.6370,3
ZA,2024-01,LPG,STOCKCH,KBD,x,3
ZA,2024-01,LPG,STOCKCH,KL,1.8501,3
ZA,2024-01,LPG,STOCKCH,KTONS,1.0000,3
ZA,2024-01,LPG,TOTDEMO,CONVBBL,11637.0000,3
ZA,2024-01,LPG,TOTDEMO,KBBL,116.3700,3
ZA,2024-01,LPG,TOTDEMO,KBD,3.7539,3
ZA,2024-01,LPG,TOTDEMO,KL,18.5014,3
ZA,2024-01,LPG,TOTDEMO,KTONS,10.0000,3
ZA,2024-01,LPG,TOTEXPSB,CONVBBL,11637.0000,3
ZA,2024-01,LPG,TOTEXPSB,KBBL,0.0000,3
ZA,2024-01,LPG,TOTEXPSB,KBD,0.0000,3
ZA,2024-01,LPG,TOTEXPSB,KL,0.0000,3
ZA,2024-01,LPG,TOTEXPSB,KTONS,0.0000,3
ZA,2024-01,LPG,TOTIMPSB,CONVBBL,11637.0000,3
ZA,2024-01,LPG,TOTIMPSB,KBBL,0.0000,3
ZA,2024-01,LPG,TOTIMPSB,KBD,0.0000,3
ZA,2024-01,LPG,TOTIMPSB,KL,0.0000,3
ZA,2024-01,LPG,TOTIMPSB,KTONS,0.0000,3
ZA,2024-02,LPG,CLOSTLV,CONVBBL,11637.0000,3
ZA,2024-02,LPG,CLOSTLV,KBBL,34.9110,3
ZA,2024-02,LPG,CLOSTLV,KBD,x,3
ZA,2024-02,LPG,CLOSTLV,KL,5.5504,3
ZA,2024-02,LPG,CLOSTLV,KTONS,3.0000,3
ZA,2024-02,LPG,IPTRANSF,CONVBBL,11637.0000,3
ZA,2024-02,LPG,IPTRANSF,KBBL,-,3
ZA,2024-02,LPG,IPTRANSF,KBD,-,3
ZA,2024-02,LPG,IPTRANSF,KL,-,3
ZA,2024-02,LPG,IPTRANSF,KTONS,-,3
ZA,2024-02,LPG,PTRANSF,CONVBBL,11637.0000,3
ZA,2024-02,LPG,PTRANSF,KBBL,-,3
ZA,2024-02,LPG,PTRANSF,KBD,-,3
ZA,2024-02,LPG,PTRANSF,KL,-,3
ZA,2024-02,LPG,PTRANSF,KTONS,-,3
ZA,2024-02,LPG,RECEIPTS,CONVBBL,11637.0000,3
ZA,2024-02,LPG,RECEIPTS,KBBL,-,3
ZA,2024-02,LPG,RECEIPTS,KBD,-,3
ZA,2024-02,LPG,RECEIPTS,KL,-,3
ZA,2024-02,LPG,RECEIPTS,KTONS,-,3
ZA,2024-02,LPG,REFGROUT,CONVBBL,11637.0000,3
ZA,2024-02,LPG,REFGROUT,KBBL,139.6440,3
ZA,2024-02,LPG,REFGROUT,KBD,4.8153,3
ZA,2024-02,LPG,REFGROUT,KL,22.2017,3
ZA,2024-02,LPG,REFGROUT,KTONS,12.0000,3
ZA,2024-02,LPG,STATDIFF,CONVBBL,11637.0000,3
ZA,2024-02,LPG,STATDIFF,KBBL,-23.2740,3
ZA,2024-02,LPG,STATDIFF,KBD,-0.8026,3
ZA,2024-02,LPG,STATDIFF,KL,-3.7003,3
ZA,2024-02,LPG,STATDIFF,KTONS,-2.0000,3
ZA,2024-02,LPG,STOCKCH,CONVBBL,11637.0000,3
ZA,2024-02,LPG,STOCKCH,KBBL,11.6370,3
ZA,2024-02,LPG,STOCKCH,KBD,x,3
ZA,2024-02,LPG,STOCKCH,KL,1.8501,3
ZA,2024-02,LPG,STOCKCH,KTONS,1.0000,3
ZA,2024-02,LPG,TOTDEMO,CONVBBL,11637.0000,3
ZA,2024-02,LPG,TOTDEMO,KBBL,151.2810,3
ZA,2024-02,LPG,TOTDEMO,KBD,5.2166,3
ZA,2024-02,LPG,TOTDEMO,KL,24.0518,3
ZA,2024-02,LPG,TOTDEMO,KTONS,13.0000,3
ZA,2024-02,LPG,TOTEXPSB,CONVBBL,11637.0000,3
ZA,2024-02,LPG,TOTEXPSB,KBBL,0.0000,3
ZA,2024-02,LPG,TOTEXPSB,KBD,0.0000,3
ZA,2024-02,LPG,TOTEXPSB,KL,0.0000,3
ZA,2024-02,LPG,TOTEXPSB,KTONS,0.0000,3
ZA,2024-02,LPG,TOTIMPSB,CONVBBL,11637.0000,3
ZA,2024-02,LPG,TOTIMPSB,KBBL,0.0000,3
ZA,2024-02,LPG,TOTIMPSB,KBD,0.0000,3
ZA,2024-02,LPG,TOTIMPSB,KL,0.0000,3
ZA,2024-02,LPG,TOTIMPSB,KTONS,0.0000,3
ZA,2024-03,LPG,CLOSTLV,CONVBBL,11637.0000,3
ZA,2024-03,LPG,CLOSTLV,KBBL,11.6370,3
ZA,2024-03,LPG,CLOSTLV,KBD,x,3
ZA,2024-03,LPG,CLOSTLV,KL,1.8501,3
ZA,2024-03,LPG,CLOSTLV,KTONS,1.0000,3
ZA,2024-03,LPG,IPTRANSF,CONVBBL,11637.0000,3
ZA,2024-03,LPG,IPTRANSF,KBBL,-,3
ZA,2024-03,LPG,IPTRANSF,KBD,-,3
ZA,2024-03,LPG,IPTRANSF,KL,-,3
ZA,2024-03,LPG,IPTRANSF,KTONS,-,3
ZA,2024-03,LPG,PTRANSF,CONVBBL,11637.0000,3
ZA,2024-03,LPG,PTRANSF,KBBL,-,3
ZA,2024-03,LPG,PTRANSF,KBD,-,3
ZA,2024-03,LPG,PTRANSF,KL,-,3
ZA,2024-03,LPG,PTRANSF,KTONS,-,3
ZA,2024-03,LPG,RECEIPTS,CONVBBL,11637.0000,3
ZA,2024-03,LPG,RECEIPTS,KBBL,-,3
ZA,2024-03,LPG,RECEIPTS,KBD,-,3
ZA,2024-03,LPG,RECEIPTS,KL,-,3
ZA,2024-03,LPG,RECEIPTS,KTONS,-,3
ZA,2024-03,LPG,REFGROUT,CONVBBL,11637.0000,3
ZA,2024-03,LPG,REFGROUT,KBBL,151.2810,3
ZA,2024-03,LPG,REFGROUT,KBD,4.8800,3
ZA,2024-03,LPG,REFGROUT,KL,24.0518,3
ZA,2024-03,LPG,REFGROUT,KTONS,13.0000,3
ZA,2024-03,LPG,STATDIFF,CONVBBL,11637.0000,3
ZA,2024-03,LPG,STATDIFF,KBBL,-23.2740,3
ZA,2024-03,LPG,STATDIFF,KBD,-0.7508,3
ZA,2024-03,LPG,STATDIFF,KL,-3.7003,3
ZA,2024-03,LPG,STATDIFF,KTONS,-2.0000,3
ZA,2024-03,LPG,STOCKCH,CONVBBL,11637.0000,3
ZA,2024-03,LPG,STOCKCH,KBBL,0.0000,3
ZA,2024-03,LPG,STOCKCH,KBD,x,3
ZA,2024-03,LPG,STOCKCH,KL,0.0000,3
ZA,2024-03,LPG,STOCKCH,KTONS,0.0000,3
ZA,2024-03,LPG,TOTDEMO,CONVBBL,11637.0000,3
ZA,2024-03,LPG,TOTDEMO,KBBL,174.5550,3
ZA,2024-03,LPG,TOTDEMO,KBD,5.6308,3
ZA,2024-03,LPG,TOTDEMO,KL,27.7521,3
ZA,2024-03,LPG,TOTDEMO,KTONS,15.0000,3
ZA,2024-03,LPG,TOTEXPSB,CONVBBL,11637.0000,3
ZA,2024-03,LPG,TOTEXPSB,KBBL,0.0000,3
ZA,2024-03,LPG,TOTEXPSB,KBD,0.0000,3
ZA,2024-03,LPG,TOTEXPSB,KL,0.0000,3
ZA,2024-03,LPG,TOTEXPSB,KTONS,0.0000,3
ZA,2024-03,LPG,TOTIMPSB,CONVBBL,11637.0000,3
ZA,2024-03,LPG,TOTIMPSB,KBBL,0.0000,3
ZA,2024-03,LPG,TOTIMPSB,KBD,0.0000,3
ZA,2024-03,LPG,TOTIMPSB,KL,0.0000,3
ZA,2024-03,LPG,TOTIMPSB,KTONS,0.0000,3
ZA,2024-04,LPG,CLOSTLV,CONVBBL,11637.0000,3
ZA,2024-04,LPG,CLOSTLV,KBBL,81.4590,3
ZA,2024-04,LPG,CLOSTLV,KBD,x,3
ZA,2024-04,LPG,CLOSTLV,KL,12.9510,3
ZA,2024-04,LPG,CLOSTLV,KTONS,7.0000,3
ZA,2024-04,LPG,IPTRANSF,CONVBBL,11637.0000,3
ZA,2024-04,LPG,IPTRANSF,KBBL,-,3
ZA,2024-04,LPG,IPTRANSF,KBD,-,3
ZA,2024-04,LPG,IPTRANSF,KL,-,3
ZA,2024-04,LPG,IPTRANSF,KTONS,-,3
ZA,2024-04,LPG,PTRANSF,CONVBBL,11637.0000,3
ZA,2024-04,LPG,PTRANSF,KBBL,-,3
ZA,2024-04,LPG,PTRANSF,KBD,-,3
ZA,2024-04,LPG,PTRANSF,KL,-,3
ZA,2024-04,LPG,PTRANSF,KTONS,-,3
ZA,2024-04,LPG,RECEIPTS,CONVBBL,11637.0000,3
ZA,2024-04,LPG,RECEIPTS,KBBL,-,3
ZA,2024-04,LPG,RECEIPTS,KBD,-,3
ZA,2024-04,LPG,RECEIPTS,KL,-,3
ZA,2024-04,LPG,RECEIPTS,KTONS,-,3
ZA,2024-04,LPG,REFGROUT,CONVBBL,11637.0000,3
ZA,2024-04,LPG,REFGROUT,KBBL,174.5550,3
ZA,2024-04,LPG,REFGROUT,KBD,5.8185,3
ZA,2024-04,LPG,REFGROUT,KL,27.7521,3
ZA,2024-04,LPG,REFGROUT,KTONS,15.0000,3
ZA,2024-04,LPG,STATDIFF,CONVBBL,11637.0000,3
ZA,2024-04,LPG,STATDIFF,KBBL,-34.9110,3
ZA,2024-04,LPG,STATDIFF,KBD,-1.1637,3
ZA,2024-04,LPG,STATDIFF,KL,-5.5504,3
ZA,2024-04,LPG,STATDIFF,KTONS,-3.0000,3
ZA,2024-04,LPG,STOCKCH,CONVBBL,11637.0000,3
ZA,2024-04,LPG,STOCKCH,KBBL,46.5480,3
ZA,2024-04,LPG,STOCKCH,KBD,x,3
ZA,2024-04,LPG,STOCKCH,KL,7.4006,3
ZA,2024-04,LPG,STOCKCH,KTONS,4.0000,3
ZA,2024-04,LPG,TOTDEMO,CONVBBL,11637.0000,3
ZA,2024-04,LPG,TOTDEMO,KBBL,162.9180,3
ZA,2024-04,LPG,TOTDEMO,KBD,5.4306,3
ZA,2024-04,LPG,TOTDEMO,KL,25.9019,3
ZA,2024-04,LPG,TOTDEMO,KTONS,14.0000,3
ZA,2024-04,LPG,TOTEXPSB,CONVBBL,11637.0000,3
ZA,2024-04,LPG,TOTEXPSB,KBBL,0.0000,3
ZA,2024-04,LPG,TOTEXPSB,KBD,0.0000,3
ZA,2024-04,LPG,TOTEXPSB,KL,0.0000,3
ZA,2024-04,LPG,TOTEXPSB,KTONS,0.0000,3
ZA,2024-04,LPG,TOTIMPSB,CONVBBL,11637.0000,3
ZA,2024-04,LPG,TOTIMPSB,KBBL,0.0000,3
ZA,2024-04,LPG,TOTIMPSB,KBD,0.0000,3
ZA,2024-04,LPG,TOTIMPSB,KL,0.0000,3
ZA,2024-04,LPG,TOTIMPSB,KTONS,0.0000,3
ZA,2024-05,LPG,CLOSTLV,CONVBBL,11637.0000,3
ZA,2024-05,LPG,CLOSTLV,KBBL,58.1850,3
ZA,2024-05,LPG,CLOSTLV,KBD,x,3
ZA,2024-05,LPG,CLOSTLV,KL,9.2507,3
ZA,2024-05,LPG,CLOSTLV,KTONS,5.0000,3
ZA,2024-05,LPG,IPTRANSF,CONVBBL,11637.0000,3
ZA,2024-05,LPG,IPTRANSF,KBBL,-,3
ZA,2024-05,LPG,IPTRANSF,KBD,-,3
ZA,2024-05,LPG,IPTRANSF,KL,-,3
ZA,2024-05,LPG,IPTRANSF,KTONS,-,3
ZA,2024-05,LPG,PTRANSF,CONVBBL,11637.0000,3
ZA,2024-05,LPG,PTRANSF,KBBL,-,3
ZA,2024-05,LPG,PTRANSF,KBD,-,3
ZA,2024-05,LPG,PTRANSF,KL,-,3
ZA,2024-05,LPG,PTRANSF,KTONS,-,3
ZA,2024-05,LPG,RECEIPTS,CONVBBL,11637.0000,3
ZA,2024-05,LPG,RECEIPTS,KBBL,-,3
ZA,2024-05,LPG,RECEIPTS,KBD,-,3
ZA,2024-05,LPG,RECEIPTS,KL,-,3
ZA,2024-05,LPG,RECEIPTS,KTONS,-,3
ZA,2024-05,LPG,REFGROUT,CONVBBL,11637.0000,3
ZA,2024-05,LPG,REFGROUT,KBBL,174.5550,3
ZA,2024-05,LPG,REFGROUT,KBD,5.6308,3
ZA,2024-05,LPG,REFGROUT,KL,27.7521,3
ZA,2024-05,LPG,REFGROUT,KTONS,15.0000,3
ZA,2024-05,LPG,STATDIFF,CONVBBL,11637.0000,3
ZA,2024-05,LPG,STATDIFF,KBBL,0.0000,3
ZA,2024-05,LPG,STATDIFF,KBD,0.0000,3
ZA,2024-05,LPG,STATDIFF,KL,0.0000,3
ZA,2024-05,LPG,STATDIFF,KTONS,0.0000,3
ZA,2024-05,LPG,STOCKCH,CONVBBL,11637.0000,3
ZA,2024-05,LPG,STOCKCH,KBBL,-11.6370,3
ZA,2024-05,LPG,STOCKCH,KBD,x,3
ZA,2024-05,LPG,STOCKCH,KL,-1.8501,3
ZA,2024-05,LPG,STOCKCH,KTONS,-1.0000,3
ZA,2024-05,LPG,TOTDEMO,CONVBBL,11637.0000,3
ZA,2024-05,LPG,TOTDEMO,KBBL,186.1920,3
ZA,2024-05,LPG,TOTDEMO,KBD,6.0062,3
ZA,2024-05,LPG,TOTDEMO,KL,29.6022,3
ZA,2024-05,LPG,TOTDEMO,KTONS,16.0000,3
ZA,2024-05,LPG,TOTEXPSB,CONVBBL,11637.0000,3
ZA,2024-05,LPG,TOTEXPSB,KBBL,0.0000,3
ZA,2024-05,LPG,TOTEXPSB,KBD,0.0000,3
ZA,2024-05,LPG,TOTEXPSB,KL,0.0000,3
ZA,2024-05,LPG,TOTEXPSB,KTONS,0.0000,3
ZA,2024-05,LPG,TOTIMPSB,CONVBBL,11637.0000,3
ZA,2024-05,LPG,TOTIMPSB,KBBL,0.0000,3
ZA,2024-05,LPG,TOTIMPSB,KBD,0.0000,3
ZA,2024-05,LPG,TOTIMPSB,KL,0.0000,3
ZA,2024-05,LPG,TOTIMPSB,KTONS,0.0000,3
ZA,2024-06,LPG,CLOSTLV,CONVBBL,11637.0000,3
ZA,2024-06,LPG,CLOSTLV,KBBL,46.5480,3
ZA,2024-06,LPG,CLOSTLV,KBD,x,3
ZA,2024-06,LPG,CLOSTLV,KL,7.4006,3
ZA,2024-06,LPG,CLOSTLV,KTONS,4.0000,3
ZA,2024-06,LPG,IPTRANSF,CONVBBL,11637.0000,3
ZA,2024-06,LPG,IPTRANSF,KBBL,-,3
ZA,2024-06,LPG,IPTRANSF,KBD,-,3
ZA,2024-06,LPG,IPTRANSF,KL,-,3
ZA,2024-06,LPG,IPTRANSF,KTONS,-,3
ZA,2024-06,LPG,PTRANSF,CONVBBL,11637.0000,3
ZA,2024-06,LPG,PTRANSF,KBBL,-,3
ZA,2024-06,LPG,PTRANSF,KBD,-,3
ZA,2024-06,LPG,PTRANSF,KL,-,3
ZA,2024-06,LPG,PTRANSF,KTONS,-,3
ZA,2024-06,LPG,RECEIPTS,CONVBBL,11637.0000,3
ZA,2024-06,LPG,RECEIPTS,KBBL,-,3
ZA,2024-06,LPG,RECEIPTS,KBD,-,3
ZA,2024-06,LPG,RECEIPTS,KL,-,3
ZA,2024-06,LPG,RECEIPTS,KTONS,-,3
ZA,2024-06,LPG,REFGROUT,CONVBBL,11637.0000,3
ZA,2024-06,LPG,REFGROUT,KBBL,186.1920,3
ZA,2024-06,LPG,REFGROUT,KBD,6.2064,3
ZA,2024-06,LPG,REFGROUT,KL,29.6022,3
ZA,2024-06,LPG,REFGROUT,KTONS,16.0000,3
ZA,2024-06,LPG,STATDIFF,CONVBBL,11637.0000,3
ZA,2024-06,LPG,STATDIFF,KBBL,11.6370,3
ZA,2024-06,LPG,STATDIFF,KBD,0.3879,3
ZA,2024-06,LPG,STATDIFF,KL,1.8501,3
ZA,2024-06,LPG,STATDIFF,KTONS,1.0000,3
ZA,2024-06,LPG,STOCKCH,CONVBBL,11637.0000,3
ZA,2024-06,LPG,STOCKCH,KBBL,0.0000,3
ZA,2024-06,LPG,STOCKCH,KBD,x,3
ZA,2024-06,LPG,STOCKCH,KL,0.0000,3
ZA,2024-06,LPG,STOCKCH,KTONS,0.0000,3
ZA,2024-06,LPG,TOTDEMO,CONVBBL,11637.0000,3
ZA,2024-06,LPG,TOTDEMO,KBBL,174.5550,3
ZA,2024-06,LPG,TOTDEMO,KBD,5.8185,3
ZA,2024-06,LPG,TOTDEMO,KL,27.7521,3
ZA,2024-06,LPG,TOTDEMO,KTONS,15.0000,3
ZA,2024-06,LPG,TOTEXPSB,CONVBBL,11637.0000,3
ZA,2024-06,LPG,TOTEXPSB,KBBL,0.0000,3
ZA,2024-06,LPG,TOTEXPSB,KBD,0.0000,3
ZA,2024-06,LPG,TOTEXPSB,KL,0.0000,3
ZA,2024-06,LPG,TOTEXPSB,KTONS,0.0000,3
ZA,2024-06,LPG,TOTIMPSB,CONVBBL,11637.0000,3
ZA,2024-06,LPG,TOTIMPSB,KBBL,0.0000,3
ZA,2024-06,LPG,TOTIMPSB,KBD,0.0000,3
ZA,2024-06,LPG,TOTIMPSB,KL,0.0000,3
ZA,2024-06,LPG,TOTIMPSB,KTONS,0.0000,3
ZA,2024-07,LPG,CLOSTLV,CONVBBL,11637.0000,3
ZA,2024-07,LPG,CLOSTLV,KBBL,69.8220,3
ZA,2024-07,LPG,CLOSTLV,KBD,x,3
ZA,2024-07,LPG,CLOSTLV,KL,11.1008,3
ZA,2024-07,LPG,CLOSTLV,KTONS,6.0000,3
ZA,2024-07,LPG,IPTRANSF,CONVBBL,11637.0000,3
ZA,2024-07,LPG,IPTRANSF,KBBL,-,3
ZA,2024-07,LPG,IPTRANSF,KBD,-,3
ZA,2024-07,LPG,IPTRANSF,KL,-,3
ZA,2024-07,LPG,IPTRANSF,KTONS,-,3
ZA,2024-07,LPG,PTRANSF,CONVBBL,11637.0000,3
ZA,2024-07,LPG,PTRANSF,KBBL,-,3
ZA,2024-07,LPG,PTRANSF,KBD,-,3
ZA,2024-07,LPG,PTRANSF,KL,-,3
ZA,2024-07,LPG,PTRANSF,KTONS,-,3
ZA,2024-07,LPG,RECEIPTS,CONVBBL,11637.0000,3
ZA,2024-07,LPG,RECEIPTS,KBBL,-,3
ZA,2024-07,LPG,RECEIPTS,KBD,-,3
ZA,2024-07,LPG,RECEIPTS,KL,-,3
ZA,2024-07,LPG,RECEIPTS,KTONS,-,3
ZA,2024-07,LPG,REFGROUT,CONVBBL,11637.0000,3
ZA,2024-07,LPG,REFGROUT,KBBL,186.1920,3
ZA,2024-07,LPG,REFGROUT,KBD,6.0062,3
ZA,2024-07,LPG,REFGROUT,KL,29.6022,3
ZA,2024-07,LPG,REFGROUT,KTONS,16.0000,3
ZA,2024-07,LPG,STATDIFF,CONVBBL,11637.0000,3
ZA,2024-07,LPG,STATDIFF,KBBL,-11.6370,3
ZA,2024-07,LPG,STATDIFF,KBD,-0.3754,3
ZA,2024-07,LPG,STATDIFF,KL,-1.8501,3
ZA,2024-07,LPG,STATDIFF,KTONS,-1.0000,3
ZA,2024-07,LPG,STOCKCH,CONVBBL,11637.0000,3
ZA,2024-07,LPG,STOCKCH,KBBL,23.2740,3
ZA,2024-07,LPG,STOCKCH,KBD,x,3
ZA,2024-07,LPG,STOCKCH,KL,3.7003,3
ZA,2024-07,LPG,STOCKCH,KTONS,2.0000,3
ZA,2024-07,LPG,TOTDEMO,CONVBBL,11637.0000,3
ZA,2024-07,LPG,TOTDEMO,KBBL,174.5550,3
ZA,2024-07,LPG,TOTDEMO,KBD,5.6308,3
ZA,2024-07,LPG,TOTDEMO,KL,27.7521,3
ZA,2024-07,LPG,TOTDEMO,KTONS,15.0000,3
ZA,2024-07,LPG,TOTEXPSB,CONVBBL,11637.0000,3
ZA,2024-07,LPG,TOTEXPSB,KBBL,0.0000,3
ZA,2024-07,LPG,TOTEXPSB,KBD,0.0000,3
ZA,2024-07,LPG,TOTEXPSB,KL,0.0000,3
ZA,2024-07,LPG,TOTEXPSB,KTONS,0.0000,3
ZA,2024-07,LPG,TOTIMPSB,CONVBBL,11637.0000,3
ZA,2024-07,LPG,TOTIMPSB,KBBL,0.0000,3
ZA,2024-07,LPG,TOTIMPSB,KBD,0.0000,3
ZA,2024-07,LPG,TOTIMPSB,KL,0.0000,3
ZA,2024-07,LPG,TOTIMPSB,KTONS,0.0000,3
ZA,2024-08,LPG,CLOSTLV,CONVBBL,11637.0000,3
ZA,2024-08,LPG,CLOSTLV,KBBL,81.4590,3
ZA,2024-08,LPG,CLOSTLV,KBD,x,3
ZA,2024-08,LPG,CLOSTLV,KL,12.9510,3
ZA,2024-08,LPG,CLOSTLV,KTONS,7.0000,3
ZA,2024-08,LPG,IPTRANSF,CONVBBL,11637.0000,3
ZA,2024-08,LPG,IPTRANSF,KBBL,-,3
ZA,2024-08,LPG,IPTRANSF,KBD,-,3
ZA,2024-08,LPG,IPTRANSF,KL,-,3
ZA,2024-08,LPG,IPTRANSF,KTONS,-,3
ZA,2024-08,LPG,PTRANSF,CONVBBL,11637.0000,3
ZA,2024-08,LPG,PTRANSF,KBBL,-,3
ZA,2024-08,LPG,PTRANSF,KBD,-,3
ZA,2024-08,LPG,PTRANSF,KL,-,3
ZA,2024-08,LPG,PTRANSF,KTONS,-,3
ZA,2024-08,LPG,RECEIPTS,CONVBBL,11637.0000,3
ZA,2024-08,LPG,RECEIPTS,KBBL,-,3
ZA,2024-08,LPG,RECEIPTS,KBD,-,3
ZA,2024-08,LPG,RECEIPTS,KL,-,3
ZA,2024-08,LPG,RECEIPTS,KTONS,-,3
ZA,2024-08,LPG,REFGROUT,CONVBBL,11637.0000,3
ZA,2024-08,LPG,REFGROUT,KBBL,174.5550,3
ZA,2024-08,LPG,REFGROUT,KBD,5.6308,3
ZA,2024-08,LPG,REFGROUT,KL,27.7521,3
ZA,2024-08,LPG,REFGROUT,KTONS,15.0000,3
ZA,2024-08,LPG,STATDIFF,CONVBBL,11637.0000,3
ZA,2024-08,LPG,STATDIFF,KBBL,-11.6370,3
ZA,2024-08,LPG,STATDIFF,KBD,-0.3754,3
ZA,2024-08,LPG,STATDIFF,KL,-1.8501,3
ZA,2024-08,LPG,STATDIFF,KTONS,-1.0000,3
ZA,2024-08,LPG,STOCKCH,CONVBBL,11637.0000,3
ZA,2024-08,LPG,STOCKCH,KBBL,11.6370,3
ZA,2024-08,LPG,STOCKCH,KBD,x,3
ZA,2024-08,LPG,STOCKCH,KL,1.8501,3
ZA,2024-08,LPG,STOCKCH,KTONS,1.0000,3
ZA,2024-08,LPG,TOTDEMO,CONVBBL,11637.0000,3
ZA,2024-08,LPG,TOTDEMO,KBBL,174.5550,3
ZA,2024-08,LPG,TOTDEMO,KBD,5.6308,3
ZA,2024-08,LPG,TOTDEMO,KL,27.7521,3
ZA,2024-08,LPG,TOTDEMO,KTONS,15.0000,3
ZA,2024-08,LPG,TOTEXPSB,CONVBBL,11637.0000,3
ZA,2024-08,LPG,TOTEXPSB,KBBL,0.0000,3
ZA,2024-08,LPG,TOTEXPSB,KBD,0.0000,3
ZA,2024-08,LPG,TOTEXPSB,KL,0.0000,3
ZA,2024-08,LPG,TOTEXPSB,KTONS,0.0000,3
ZA,2024-08,LPG,TOTIMPSB,CONVBBL,11637.0000,3
ZA,2024-08,LPG,TOTIMPSB,KBBL,0.0000,3
ZA,2024-08,LPG,TOTIMPSB,KBD,0.0000,3
ZA,2024-08,LPG,TOTIMPSB,KL,0.0000,3
ZA,2024-08,LPG,TOTIMPSB,KTONS,0.0000,3
ZA,2024-09,LPG,CLOSTLV,CONVBBL,11637.0000,3
ZA,2024-09,LPG,CLOSTLV,KBBL,58.1850,3
ZA,2024-09,LPG,CLOSTLV,KBD,x,3
ZA,2024-09,LPG,CLOSTLV,KL,9.2507,3
ZA,2024-09,LPG,CLOSTLV,KTONS,5.0000,3
ZA,2024-09,LPG,IPTRANSF,CONVBBL,11637.0000,3
ZA,2024-09,LPG,IPTRANSF,KBBL,-,3
ZA,2024-09,LPG,IPTRANSF,KBD,-,3
ZA,2024-09,LPG,IPTRANSF,KL,-,3
ZA,2024-09,LPG,IPTRANSF,KTONS,-,3
ZA,2024-09,LPG,PTRANSF,CONVBBL,11637.0000,3
ZA,2024-09,LPG,PTRANSF,KBBL,-,3
ZA,2024-09,LPG,PTRANSF,KBD,-,3
ZA,2024-09,LPG,PTRANSF,KL,-,3
ZA,2024-09,LPG,PTRANSF,KTONS,-,3
ZA,2024-09,LPG,RECEIPTS,CONVBBL,11637.0000,3
ZA,2024-09,LPG,RECEIPTS,KBBL,-,3
ZA,2024-09,LPG,RECEIPTS,KBD,-,3
ZA,2024-09,LPG,RECEIPTS,KL,-,3
ZA,2024-09,LPG,RECEIPTS,KTONS,-,3
ZA,2024-09,LPG,REFGROUT,CONVBBL,11637.0000,3
ZA,2024-09,LPG,REFGROUT,KBBL,128.0070,3
ZA,2024-09,LPG,REFGROUT,KBD,4.2669,3
ZA,2024-09,LPG,REFGROUT,KL,20.3515,3
ZA,2024-09,LPG,REFGROUT,KTONS,11.0000,3
ZA,2024-09,LPG,STATDIFF,CONVBBL,11637.0000,3
ZA,2024-09,LPG,STATDIFF,KBBL,-23.2740,3
ZA,2024-09,LPG,STATDIFF,KBD,-0.7758,3
ZA,2024-09,LPG,STATDIFF,KL,-3.7003,3
ZA,2024-09,LPG,STATDIFF,KTONS,-2.0000,3
ZA,2024-09,LPG,STOCKCH,CONVBBL,11637.0000,3
ZA,2024-09,LPG,STOCKCH,KBBL,-11.6370,3
ZA,2024-09,LPG,STOCKCH,KBD,x,3
ZA,2024-09,LPG,STOCKCH,KL,-1.8501,3
ZA,2024-09,LPG,STOCKCH,KTONS,-1.0000,3
ZA,2024-09,LPG,TOTDEMO,CONVBBL,11637.0000,3
ZA,2024-09,LPG,TOTDEMO,KBBL,174.5550,3
ZA,2024-09,LPG,TOTDEMO,KBD,5.8185,3
ZA,2024-09,LPG,TOTDEMO,KL,27.7521,3
ZA,2024-09,LPG,TOTDEMO,KTONS,15.0000,3
ZA,2024-09,LPG,TOTEXPSB,CONVBBL,11637.0000,3
ZA,2024-09,LPG,TOTEXPSB,KBBL,0.0000,3
ZA,2024-09,LPG,TOTEXPSB,KBD,0.0000,3
ZA,2024-09,LPG,TOTEXPSB,KL,0.0000,3
ZA,2024-09,LPG,TOTEXPSB,KTONS,0.0000,3
ZA,2024-09,LPG,TOTIMPSB,CONVBBL,11637.0000,3
ZA,2024-09,LPG,TOTIMPSB,KBBL,0.0000,3
ZA,2024-09,LPG,TOTIMPSB,KBD,0.0000,3
ZA,2024-09,LPG,TOTIMPSB,KL,0.0000,3
ZA,2024-09,LPG,TOTIMPSB,KTONS,0.0000,3
ZA,2024-10,LPG,CLOSTLV,CONVBBL,11637.0000,3
ZA,2024-10,LPG,CLOSTLV,KBBL,69.8220,3
ZA,2024-10,LPG,CLOSTLV,KBD,x,3
ZA,2024-10,LPG,CLOSTLV,KL,11.1008,3
ZA,2024-10,LPG,CLOSTLV,KTONS,6.0000,3
ZA,2024-10,LPG,IPTRANSF,CONVBBL,11637.0000,3
ZA,2024-10,LPG,IPTRANSF,KBBL,-,3
ZA,2024-10,LPG,IPTRANSF,KBD,-,3
ZA,2024-10,LPG,IPTRANSF,KL,-,3
ZA,2024-10,LPG,IPTRANSF,KTONS,-,3
ZA,2024-10,LPG,PTRANSF,CONVBBL,11637.0000,3
ZA,2024-10,LPG,PTRANSF,KBBL,-,3
ZA,2024-10,LPG,PTRANSF,KBD,-,3
ZA,2024-10,LPG,PTRANSF,KL,-,3
ZA,2024-10,LPG,PTRANSF,KTONS,-,3
ZA,2024-10,LPG,RECEIPTS,CONVBBL,11637.0000,3
ZA,2024-10,LPG,RECEIPTS,KBBL,-,3
ZA,2024-10,LPG,RECEIPTS,KBD,-,3
ZA,2024-10,LPG,RECEIPTS,KL,-,3
ZA,2024-10,LPG,RECEIPTS,KTONS,-,3
ZA,2024-10,LPG,REFGROUT,CONVBBL,11637.0000,3
ZA,2024-10,LPG,REFGROUT,KBBL,174.5550,3
ZA,2024-10,LPG,REFGROUT,KBD,5.6308,3
ZA,2024-10,LPG,REFGROUT,KL,27.7521,3
ZA,2024-10,LPG,REFGROUT,KTONS,15.0000,3
ZA,2024-10,LPG,STATDIFF,CONVBBL,11637.0000,3
ZA,2024-10,LPG,STATDIFF,KBBL,23.2740,3
ZA,2024-10,LPG,STATDIFF,KBD,0.7508,3
ZA,2024-10,LPG,STATDIFF,KL,3.7003,3
ZA,2024-10,LPG,STATDIFF,KTONS,2.0000,3
ZA,2024-10,LPG,STOCKCH,CONVBBL,11637.0000,3
ZA,2024-10,LPG,STOCKCH,KBBL,11.6370,3
ZA,2024-10,LPG,STOCKCH,KBD,x,3
ZA,2024-10,LPG,STOCKCH,KL,1.8501,3
ZA,2024-10,LPG,STOCKCH,KTONS,1.0000,3
ZA,2024-10,LPG,TOTDEMO,CONVBBL,11637.0000,3
ZA,2024-10,LPG,TOTDEMO,KBBL,151.2810,3
ZA,2024-10,LPG,TOTDEMO,KBD,4.8800,3
ZA,2024-10,LPG,TOTDEMO,KL,24.0518,3
ZA,2024-10,LPG,TOTDEMO,KTONS,13.0000,3
ZA,2024-10,LPG,TOTEXPSB,CONVBBL,11637.0000,3
ZA,2024-10,LPG,TOTEXPSB,KBBL,0.0000,3
ZA,2024-10,LPG,TOTEXPSB,KBD,0.0000,3
ZA,2024-10,LPG,TOTEXPSB,KL,0.0000,3
ZA,2024-10,LPG,TOTEXPSB,KTONS,0.0000,3
ZA,2024-10,LPG,TOTIMPSB,CONVBBL,11637.0000,3
ZA,2024-10,LPG,TOTIMPSB,KBBL,0.0000,3
ZA,2024-10,LPG,TOTIMPSB,KBD,0.0000,3
ZA,2024-10,LPG,TOTIMPSB,KL,0.0000,3
ZA,2024-10,LPG,TOTIMPSB,KTONS,0.0000,3
ZA,2024-11,LPG,CLOSTLV,CONVBBL,11637.0000,3
ZA,2024-11,LPG,CLOSTLV,KBBL,58.1850,3
ZA,2024-11,LPG,CLOSTLV,KBD,x,3
ZA,2024-11,LPG,CLOSTLV,KL,9.2507,3
ZA,2024-11,LPG,CLOSTLV,KTONS,5.0000,3
ZA,2024-11,LPG,IPTRANSF,CONVBBL,11637.0000,3
ZA,2024-11,LPG,IPTRANSF,KBBL,-,3
ZA,2024-11,LPG,IPTRANSF,KBD,-,3
ZA,2024-11,LPG,IPTRANSF,KL,-,3
ZA,2024-11,LPG,IPTRANSF,KTONS,-,3
ZA,2024-11,LPG,PTRANSF,CONVBBL,11637.0000,3
ZA,2024-11,LPG,PTRANSF,KBBL,-,3
ZA,2024-11,LPG,PTRANSF,KBD,-,3
ZA,2024-11,LPG,PTRANSF,KL,-,3
ZA,2024-11,LPG,PTRANSF,KTONS,-,3
ZA,2024-11,LPG,RECEIPTS,CONVBBL,11637.0000,3
ZA,2024-11,LPG,RECEIPTS,KBBL,-,3
ZA,2024-11,LPG,RECEIPTS,KBD,-,3
ZA,2024-11,LPG,RECEIPTS,KL,-,3
ZA,2024-11,LPG,RECEIPTS,KTONS,-,3
ZA,2024-11,LPG,REFGROUT,CONVBBL,11637.0000,3
ZA,2024-11,LPG,REFGROUT,KBBL,174.5550,3
ZA,2024-11,LPG,REFGROUT,KBD,5.8185,3
ZA,2024-11,LPG,REFGROUT,KL,27.7521,3
ZA,2024-11,LPG,REFGROUT,KTONS,15.0000,3
ZA,2024-11,LPG,STATDIFF,CONVBBL,11637.0000,3
ZA,2024-11,LPG,STATDIFF,KBBL,-34.9110,3
ZA,2024-11,LPG,STATDIFF,KBD,-1.1637,3
ZA,2024-11,LPG,STATDIFF,KL,-5.5504,3
ZA,2024-11,LPG,STATDIFF,KTONS,-3.0000,3
ZA,2024-11,LPG,STOCKCH,CONVBBL,11637.0000,3
ZA,2024-11,LPG,STOCKCH,KBBL,0.0000,3
ZA,2024-11,LPG,STOCKCH,KBD,x,3
ZA,2024-11,LPG,STOCKCH,KL,0.0000,3
ZA,2024-11,LPG,STOCKCH,KTONS,0.0000,3
ZA,2024-11,LPG,TOTDEMO,CONVBBL,11637.0000,3
ZA,2024-11,LPG,TOTDEMO,KBBL,209.4660,3
ZA,2024-11,LPG,TOTDEMO,KBD,6.9822,3
ZA,2024-11,LPG,TOTDEMO,KL,33.3025,3
ZA,2024-11,LPG,TOTDEMO,KTONS,18.0000,3
ZA,2024-11,LPG,TOTEXPSB,CONVBBL,11637.0000,3
ZA,2024-11,LPG,TOTEXPSB,KBBL,0.0000,3
ZA,2024-11,LPG,TOTEXPSB,KBD,0.0000,3
ZA,2024-11,LPG,TOTEXPSB,KL,0.0000,3
ZA,2024-11,LPG,TOTEXPSB,KTONS,0.0000,3
ZA,2024-11,LPG,TOTIMPSB,CONVBBL,11637.0000,3
ZA,2024-11,LPG,TOTIMPSB,KBBL,0.0000,3
ZA,2024-11,LPG,TOTIMPSB,KBD,0.0000,3
ZA,2024-11,LPG,TOTIMPSB,KL,0.0000,3
ZA,2024-11,LPG,TOTIMPSB,KTONS,0.0000,3
ZA,2024-12,LPG,CLOSTLV,CONVBBL,11637.0000,3
ZA,2024-12,LPG,CLOSTLV,KBBL,46.5480,3
ZA,2024-12,LPG,CLOSTLV,KBD,x,3
ZA,2024-12,LPG,CLOSTLV,KL,7.4006,3
ZA,2024-12,LPG,CLOSTLV,KTONS,4.0000,3
ZA,2024-12,LPG,IPTRANSF,CONVBBL,11637.0000,3
ZA,2024-12,LPG,IPTRANSF,KBBL,-,3
ZA,2024-12,LPG,IPTRANSF,KBD,-,3
ZA,2024-12,LPG,IPTRANSF,KL,-,3
ZA,2024-12,LPG,IPTRANSF,KTONS,-,3
ZA,2024-12,LPG,PTRANSF,CONVBBL,11637.0000,3
ZA,2024-12,LPG,PTRANSF,KBBL,-,3
ZA,2024-12,LPG,PTRANSF,KBD,-,3
ZA,2024-12,LPG,PTRANSF,KL,-,3
ZA,2024-12,LPG,PTRANSF,KTONS,-,3
ZA,2024-12,LPG,RECEIPTS,CONVBBL,11637.0000,3
ZA,2024-12,LPG,RECEIPTS,KBBL,-,3
ZA,2024-12,LPG,RECEIPTS,KBD,-,3
ZA,2024-12,LPG,RECEIPTS,KL,-,3
ZA,2024-12,LPG,RECEIPTS,KTONS,-,3
ZA,2024-12,LPG,REFGROUT,CONVBBL,11637.0000,3
ZA,2024-12,LPG,REFGROUT,KBBL,162.9180,3
ZA,2024-12,LPG,REFGROUT,KBD,5.2554,3
ZA,2024-12,LPG,REFGROUT,KL,25.9019,3
ZA,2024-12,LPG,REFGROUT,KTONS,14.0000,3
ZA,2024-12,LPG,STATDIFF,CONVBBL,11637.0000,3
ZA,2024-12,LPG,STATDIFF,KBBL,-11.6370,3
ZA,2024-12,LPG,STATDIFF,KBD,-0.3754,3
ZA,2024-12,LPG,STATDIFF,KL,-1.8501,3
ZA,2024-12,LPG,STATDIFF,KTONS,-1.0000,3
ZA,2024-12,LPG,STOCKCH,CONVBBL,11637.0000,3
ZA,2024-12,LPG,STOCKCH,KBBL,-11.6370,3
ZA,2024-12,LPG,STOCKCH,KBD,x,3
ZA,2024-12,LPG,STOCKCH,KL,-1.8501,3
ZA,2024-12,LPG,STOCKCH,KTONS,-1.0000,3
ZA,2024-12,LPG,TOTDEMO,CONVBBL,11637.0000,3
ZA,2024-12,LPG,TOTDEMO,KBBL,186.1920,3
ZA,2024-12,LPG,TOTDEMO,KBD,6.0062,3
ZA,2024-12,LPG,TOTDEMO,KL,29.6022,3
ZA,2024-12,LPG,TOTDEMO,KTONS,16.0000,3
ZA,2024-12,LPG,TOTEXPSB,CONVBBL,11637.0000,3
ZA,2024-12,LPG,TOTEXPSB,KBBL,0.0000,3
ZA,2024-12,LPG,TOTEXPSB,KBD,0.0000,3
ZA,2024-12,LPG,TOTEXPSB,KL,0.0000,3
ZA,2024-12,LPG,TOTEXPSB,KTONS,0.0000,3
ZA,2024-12,LPG,TOTIMPSB,CONVBBL,11637.0000,3
ZA,2024-12,LPG,TOTIMPSB,KBBL,0.0000,3
ZA,2024-12,LPG,TOTIMPSB,KBD,0.0000,3
ZA,2024-12,LPG,TOTIMPSB,KL,0.0000,3
ZA,2024-12,LPG,TOTIMPSB,KTONS,0.0000,3
ZA,2024-01,NAPHTHA,CLOSTLV,CONVBBL,8910.0000,3
ZA,2024-01,NAPHTHA,CLOSTLV,KBBL,0.0000,3
ZA,2024-01,NAPHTHA,CLOSTLV,KBD,x,3
ZA,2024-01,NAPHTHA,CLOSTLV,KL,0.0000,3
ZA,2024-01,NAPHTHA,CLOSTLV,KTONS,0.0000,3
ZA,2024-01,NAPHTHA,IPTRANSF,CONVBBL,8910.0000,3
ZA,2024-01,NAPHTHA,IPTRANSF,KBBL,0.0000,3
ZA,2024-01,NAPHTHA,IPTRANSF,KBD,0.0000,3
ZA,2024-01,NAPHTHA,IPTRANSF,KL,0.0000,3
ZA,2024-01,NAPHTHA,IPTRANSF,KTONS,0.0000,3
ZA,2024-01,NAPHTHA,PTRANSF,CONVBBL,8910.0000,3
ZA,2024-01,NAPHTHA,PTRANSF,KBBL,-,3
ZA,2024-01,NAPHTHA,PTRANSF,KBD,-,3
ZA,2024-01,NAPHTHA,PTRANSF,KL,-,3
ZA,2024-01,NAPHTHA,PTRANSF,KTONS,-,3
ZA,2024-01,NAPHTHA,RECEIPTS,CONVBBL,8910.0000,3
ZA,2024-01,NAPHTHA,RECEIPTS,KBBL,-,3
ZA,2024-01,NAPHTHA,RECEIPTS,KBD,-,3
ZA,2024-01,NAPHTHA,RECEIPTS,KL,-,3
ZA,2024-01,NAPHTHA,RECEIPTS,KTONS,-,3
ZA,2024-01,NAPHTHA,REFGROUT,CONVBBL,8910.0000,3
ZA,2024-01,NAPHTHA,REFGROUT,KBBL,8.9100,3
ZA,2024-01,NAPHTHA,REFGROUT,KBD,0.2874,3
ZA,2024-01,NAPHTHA,REFGROUT,KL,1.4166,3
ZA,2024-01,NAPHTHA,REFGROUT,KTONS,1.0000,3
ZA,2024-01,NAPHTHA,STATDIFF,CONVBBL,8910.0000,3
ZA,2024-01,NAPHTHA,STATDIFF,KBBL,17.8200,3
ZA,2024-01,NAPHTHA,STATDIFF,KBD,0.5748,3
ZA,2024-01,NAPHTHA,STATDIFF,KL,2.8332,3
ZA,2024-01,NAPHTHA,STATDIFF,KTONS,2.0000,3
ZA,2024-01,NAPHTHA,STOCKCH,CONVBBL,8910.0000,3
ZA,2024-01,NAPHTHA,STOCKCH,KBBL,-8.9100,3
ZA,2024-01,NAPHTHA,STOCKCH,KBD,x,3
ZA,2024-01,NAPHTHA,STOCKCH,KL,-1.4166,3
ZA,2024-01,NAPHTHA,STOCKCH,KTONS,-1.0000,3
ZA,2024-01,NAPHTHA,TOTDEMO,CONVBBL,8910.0000,3
ZA,2024-01,NAPHTHA,TOTDEMO,KBBL,0.0000,3
ZA,2024-01,NAPHTHA,TOTDEMO,KBD,0.0000,3
ZA,2024-01,NAPHTHA,TOTDEMO,KL,0.0000,3
ZA,2024-01,NAPHTHA,TOTDEMO,KTONS,0.0000,3
ZA,2024-01,NAPHTHA,TOTEXPSB,CONVBBL,8910.0000,3
ZA,2024-01,NAPHTHA,TOTEXPSB,KBBL,0.0000,3
ZA,2024-01,NAPHTHA,TOTEXPSB,KBD,0.0000,3
ZA,2024-01,NAPHTHA,TOTEXPSB,KL,0.0000,3
ZA,2024-01,NAPHTHA,TOTEXPSB,KTONS,0.0000,3
ZA,2024-01,NAPHTHA,TOTIMPSB,CONVBBL,8910.0000,3
ZA,2024-01,NAPHTHA,TOTIMPSB,KBBL,0.0000,3
ZA,2024-01,NAPHTHA,TOTIMPSB,KBD,0.0000,3
ZA,2024-01,NAPHTHA,TOTIMPSB,KL,0.0000,3
ZA,2024-01,NAPHTHA,TOTIMPSB,KTONS,0.0000,3
ZA,2024-02,NAPHTHA,CLOSTLV,CONVBBL,8910.0000,3
ZA,2024-02,NAPHTHA,CLOSTLV,KBBL,0.0000,3
ZA,2024-02,NAPHTHA,CLOSTLV,KBD,x,3
ZA,2024-02,NAPHTHA,CLOSTLV,KL,0.0000,3
ZA,2024-02,NAPHTHA,CLOSTLV,KTONS,0.0000,3
ZA,2024-02,NAPHTHA,IPTRANSF,CONVBBL,8910.0000,3
ZA,2024-02,NAPHTHA,IPTRANSF,KBBL,0.0000,3
ZA,2024-02,NAPHTHA,IPTRANSF,KBD,0.0000,3
ZA,2024-02,NAPHTHA,IPTRANSF,KL,0.0000,3
ZA,2024-02,NAPHTHA,IPTRANSF,KTONS,0.0000,3
ZA,2024-02,NAPHTHA,PTRANSF,CONVBBL,8910.0000,3
ZA,2024-02,NAPHTHA,PTRANSF,KBBL,-,3
ZA,2024-02,NAPHTHA,PTRANSF,KBD,-,3
ZA,2024-02,NAPHTHA,PTRANSF,KL,-,3
ZA,2024-02,NAPHTHA,PTRANSF,KTONS,-,3
ZA,2024-02,NAPHTHA,RECEIPTS,CONVBBL,8910.0000,3
ZA,2024-02,NAPHTHA,RECEIPTS,KBBL,-,3
ZA,2024-02,NAPHTHA,RECEIPTS,KBD,-,3
ZA,2024-02,NAPHTHA,RECEIPTS,KL,-,3
ZA,2024-02,NAPHTHA,RECEIPTS,KTONS,-,3
ZA,2024-02,NAPHTHA,REFGROUT,CONVBBL,8910.0000,3
ZA,2024-02,NAPHTHA,REFGROUT,KBBL,8.9100,3
ZA,2024-02,NAPHTHA,REFGROUT,KBD,0.3072,3
ZA,2024-02,NAPHTHA,REFGROUT,KL,1.4166,3
ZA,2024-02,NAPHTHA,REFGROUT,KTONS,1.0000,3
ZA,2024-02,NAPHTHA,STATDIFF,CONVBBL,8910.0000,3
ZA,2024-02,NAPHTHA,STATDIFF,KBBL,17.8200,3
ZA,2024-02,NAPHTHA,STATDIFF,KBD,0.6145,3
ZA,2024-02,NAPHTHA,STATDIFF,KL,2.8332,3
ZA,2024-02,NAPHTHA,STATDIFF,KTONS,2.0000,3
ZA,2024-02,NAPHTHA,STOCKCH,CONVBBL,8910.0000,3
ZA,2024-02,NAPHTHA,STOCKCH,KBBL,-8.9100,3
ZA,2024-02,NAPHTHA,STOCKCH,KBD,x,3
ZA,2024-02,NAPHTHA,STOCKCH,KL,-1.4166,3
ZA,2024-02,NAPHTHA,STOCKCH,KTONS,-1.0000,3
ZA,2024-02,NAPHTHA,TOTDEMO,CONVBBL,8910.0000,3
ZA,2024-02,NAPHTHA,TOTDEMO,KBBL,0.0000,3
ZA,2024-02,NAPHTHA,TOTDEMO,KBD,0.0000,3
ZA,2024-02,NAPHTHA,TOTDEMO,KL,0.0000,3
ZA,2024-02,NAPHTHA,TOTDEMO,KTONS,0.0000,3
ZA,2024-02,NAPHTHA,TOTEXPSB,CONVBBL,8910.0000,3
ZA,2024-02,NAPHTHA,TOTEXPSB,KBBL,0.0000,3
ZA,2024-02,NAPHTHA,TOTEXPSB,KBD,0.0000,3
ZA,2024-02,NAPHTHA,TOTEXPSB,KL,0.0000,3
ZA,2024-02,NAPHTHA,TOTEXPSB,KTONS,0.0000,3
ZA,2024-02,NAPHTHA,TOTIMPSB,CONVBBL,8910.0000,3
ZA,2024-02,NAPHTHA,TOTIMPSB,KBBL,0.0000,3
ZA,2024-02,NAPHTHA,TOTIMPSB,KBD,0.0000,3
ZA,2024-02,NAPHTHA,TOTIMPSB,KL,0.0000,3
ZA,2024-02,NAPHTHA,TOTIMPSB,KTONS,0.0000,3
ZA,2024-03,NAPHTHA,CLOSTLV,CONVBBL,8910.0000,3
ZA,2024-03,NAPHTHA,CLOSTLV,KBBL,0.0000,3
ZA,2024-03,NAPHTHA,CLOSTLV,KBD,x,3
ZA,2024-03,NAPHTHA,CLOSTLV,KL,0.0000,3
ZA,2024-03,NAPHTHA,CLOSTLV,KTONS,0.0000,3
ZA,2024-03,NAPHTHA,IPTRANSF,CONVBBL,8910.0000,3
ZA,2024-03,NAPHTHA,IPTRANSF,KBBL,0.0000,3
ZA,2024-03,NAPHTHA,IPTRANSF,KBD,0.0000,3
ZA,2024-03,NAPHTHA,IPTRANSF,KL,0.0000,3
ZA,2024-03,NAPHTHA,IPTRANSF,KTONS,0.0000,3
ZA,2024-03,NAPHTHA,PTRANSF,CONVBBL,8910.0000,3
ZA,2024-03,NAPHTHA,PTRANSF,KBBL,-,3
ZA,2024-03,NAPHTHA,PTRANSF,KBD,-,3
ZA,2024-03,NAPHTHA,PTRANSF,KL,-,3
ZA,2024-03,NAPHTHA,PTRANSF,KTONS,-,3
ZA,2024-03,NAPHTHA,RECEIPTS,CONVBBL,8910.0000,3
ZA,2024-03,NAPHTHA,RECEIPTS,KBBL,-,3
ZA,2024-03,NAPHTHA,RECEIPTS,KBD,-,3
ZA,2024-03,NAPHTHA,RECEIPTS,KL,-,3
ZA,2024-03,NAPHTHA,RECEIPTS,KTONS,-,3
ZA,2024-03,NAPHTHA,REFGROUT,CONVBBL,8910.0000,3
ZA,2024-03,NAPHTHA,REFGROUT,KBBL,8.9100,3
ZA,2024-03,NAPHTHA,REFGROUT,KBD,0.2874,3
ZA,2024-03,NAPHTHA,REFGROUT,KL,1.4166,3
ZA,2024-03,NAPHTHA,REFGROUT,KTONS,1.0000,3
ZA,2024-03,NAPHTHA,STATDIFF,CONVBBL,8910.0000,3
ZA,2024-03,NAPHTHA,STATDIFF,KBBL,17.8200,3
ZA,2024-03,NAPHTHA,STATDIFF,KBD,0.5748,3
ZA,2024-03,NAPHTHA,STATDIFF,KL,2.8332,3
ZA,2024-03,NAPHTHA,STATDIFF,KTONS,2.0000,3
ZA,2024-03,NAPHTHA,STOCKCH,CONVBBL,8910.0000,3
ZA,2024-03,NAPHTHA,STOCKCH,KBBL,-8.9100,3
ZA,2024-03,NAPHTHA,STOCKCH,KBD,x,3
ZA,2024-03,NAPHTHA,STOCKCH,KL,-1.4166,3
ZA,2024-03,NAPHTHA,STOCKCH,KTONS,-1.0000,3
ZA,2024-03,NAPHTHA,TOTDEMO,CONVBBL,8910.0000,3
ZA,2024-03,NAPHTHA,TOTDEMO,KBBL,0.0000,3
ZA,2024-03,NAPHTHA,TOTDEMO,KBD,0.0000,3
ZA,2024-03,NAPHTHA,TOTDEMO,KL,0.0000,3
ZA,2024-03,NAPHTHA,TOTDEMO,KTONS,0.0000,3
ZA,2024-03,NAPHTHA,TOTEXPSB,CONVBBL,8910.0000,3
ZA,2024-03,NAPHTHA,TOTEXPSB,KBBL,0.0000,3
ZA,2024-03,NAPHTHA,TOTEXPSB,KBD,0.0000,3
ZA,2024-03,NAPHTHA,TOTEXPSB,KL,0.0000,3
ZA,2024-03,NAPHTHA,TOTEXPSB,KTONS,0.0000,3
ZA,2024-03,NAPHTHA,TOTIMPSB,CONVBBL,8910.0000,3
ZA,2024-03,NAPHTHA,TOTIMPSB,KBBL,0.0000,3
ZA,2024-03,NAPHTHA,TOTIMPSB,KBD,0.0000,3
ZA,2024-03,NAPHTHA,TOTIMPSB,KL,0.0000,3
ZA,2024-03,NAPHTHA,TOTIMPSB,KTONS,0.0000,3
ZA,2024-04,NAPHTHA,CLOSTLV,CONVBBL,8910.0000,3
ZA,2024-04,NAPHTHA,CLOSTLV,KBBL,17.8200,3
ZA,2024-04,NAPHTHA,CLOSTLV,KBD,x,3
ZA,2024-04,NAPHTHA,CLOSTLV,KL,2.8332,3
ZA,2024-04,NAPHTHA,CLOSTLV,KTONS,2.0000,3
ZA,2024-04,NAPHTHA,IPTRANSF,CONVBBL,8910.0000,3
ZA,2024-04,NAPHTHA,IPTRANSF,KBBL,0.0000,3
ZA,2024-04,NAPHTHA,IPTRANSF,KBD,0.0000,3
ZA,2024-04,NAPHTHA,IPTRANSF,KL,0.0000,3
ZA,2024-04,NAPHTHA,IPTRANSF,KTONS,0.0000,3
ZA,2024-04,NAPHTHA,PTRANSF,CONVBBL,8910.0000,3
ZA,2024-04,NAPHTHA,PTRANSF,KBBL,-,3
ZA,2024-04,NAPHTHA,PTRANSF,KBD,-,3
ZA,2024-04,NAPHTHA,PTRANSF,KL,-,3
ZA,2024-04,NAPHTHA,PTRANSF,KTONS,-,3
ZA,2024-04,NAPHTHA,RECEIPTS,CONVBBL,8910.0000,3
ZA,2024-04,NAPHTHA,RECEIPTS,KBBL,-,3
ZA,2024-04,NAPHTHA,RECEIPTS,KBD,-,3
ZA,2024-04,NAPHTHA,RECEIPTS,KL,-,3
ZA,2024-04,NAPHTHA,RECEIPTS,KTONS,-,3
ZA,2024-04,NAPHTHA,REFGROUT,CONVBBL,8910.0000,3
ZA,2024-04,NAPHTHA,REFGROUT,KBBL,26.7300,3
ZA,2024-04,NAPHTHA,REFGROUT,KBD,0.8910,3
ZA,2024-04,NAPHTHA,REFGROUT,KL,4.2497,3
ZA,2024-04,NAPHTHA,REFGROUT,KTONS,3.0000,3
ZA,2024-04,NAPHTHA,STATDIFF,CONVBBL,8910.0000,3
ZA,2024-04,NAPHTHA,STATDIFF,KBBL,8.9100,3
ZA,2024-04,NAPHTHA,STATDIFF,KBD,0.2970,3
ZA,2024-04,NAPHTHA,STATDIFF,KL,1.4166,3
ZA,2024-04,NAPHTHA,STATDIFF,KTONS,1.0000,3
ZA,2024-04,NAPHTHA,STOCKCH,CONVBBL,8910.0000,3
ZA,2024-04,NAPHTHA,STOCKCH,KBBL,17.8200,3
ZA,2024-04,NAPHTHA,STOCKCH,KBD,x,3
ZA,2024-04,NAPHTHA,STOCKCH,KL,2.8332,3
ZA,2024-04,NAPHTHA,STOCKCH,KTONS,2.0000,3
ZA,2024-04,NAPHTHA,TOTDEMO,CONVBBL,8910.0000,3
ZA,2024-04,NAPHTHA,TOTDEMO,KBBL,0.0000,3
ZA,2024-04,NAPHTHA,TOTDEMO,KBD,0.0000,3
ZA,2024-04,NAPHTHA,TOTDEMO,KL,0.0000,3
ZA,2024-04,NAPHTHA,TOTDEMO,KTONS,0.0000,3
ZA,2024-04,NAPHTHA,TOTEXPSB,CONVBBL,8910.0000,3
ZA,2024-04,NAPHTHA,TOTEXPSB,KBBL,0.0000,3
ZA,2024-04,NAPHTHA,TOTEXPSB,KBD,0.0000,3
ZA,2024-04,NAPHTHA,TOTEXPSB,KL,0.0000,3
ZA,2024-04,NAPHTHA,TOTEXPSB,KTONS,0.0000,3
ZA,2024-04,NAPHTHA,TOTIMPSB,CONVBBL,8910.0000,3
ZA,2024-04,NAPHTHA,TOTIMPSB,KBBL,0.0000,3
ZA,2024-04,NAPHTHA,TOTIMPSB,KBD,0.0000,3
ZA,2024-04,NAPHTHA,TOTIMPSB,KL,0.0000,3
ZA,2024-04,NAPHTHA,TOTIMPSB,KTONS,0.0000,3
ZA,2024-05,NAPHTHA,CLOSTLV,CONVBBL,8910.0000,3
ZA,2024-05,NAPHTHA,CLOSTLV,KBBL,0.0000,3
ZA,2024-05,NAPHTHA,CLOSTLV,KBD,x,3
ZA,2024-05,NAPHTHA,CLOSTLV,KL,0.0000,3
ZA,2024-05,NAPHTHA,CLOSTLV,KTONS,0.0000,3
ZA,2024-05,NAPHTHA,IPTRANSF,CONVBBL,8910.0000,3
ZA,2024-05,NAPHTHA,IPTRANSF,KBBL,0.0000,3
ZA,2024-05,NAPHTHA,IPTRANSF,KBD,0.0000,3
ZA,2024-05,NAPHTHA,IPTRANSF,KL,0.0000,3
ZA,2024-05,NAPHTHA,IPTRANSF,KTONS,0.0000,3
ZA,2024-05,NAPHTHA,PTRANSF,CONVBBL,8910.0000,3
ZA,2024-05,NAPHTHA,PTRANSF,KBBL,-,3
ZA,2024-05,NAPHTHA,PTRANSF,KBD,-,3
ZA,2024-05,NAPHTHA,PTRANSF,KL,-,3
ZA,2024-05,NAPHTHA,PTRANSF,KTONS,-,3
ZA,2024-05,NAPHTHA,RECEIPTS,CONVBBL,8910.0000,3
ZA,2024-05,NAPHTHA,RECEIPTS,KBBL,-,3
ZA,2024-05,NAPHTHA,RECEIPTS,KBD,-,3
ZA,2024-05,NAPHTHA,RECEIPTS,KL,-,3
ZA,2024-05,NAPHTHA,RECEIPTS,KTONS,-,3
ZA,2024-05,NAPHTHA,REFGROUT,CONVBBL,8910.0000,3
ZA,2024-05,NAPHTHA,REFGROUT,KBBL,8.9100,3
ZA,2024-05,NAPHTHA,REFGROUT,KBD,0.2874,3
ZA,2024-05,NAPHTHA,REFGROUT,KL,1.4166,3
ZA,2024-05,NAPHTHA,REFGROUT,KTONS,1.0000,3
ZA,2024-05,NAPHTHA,STATDIFF,CONVBBL,8910.0000,3
ZA,2024-05,NAPHTHA,STATDIFF,KBBL,17.8200,3
ZA,2024-05,NAPHTHA,STATDIFF,KBD,0.5748,3
ZA,2024-05,NAPHTHA,STATDIFF,KL,2.8332,3
ZA,2024-05,NAPHTHA,STATDIFF,KTONS,2.0000,3
ZA,2024-05,NAPHTHA,STOCKCH,CONVBBL,8910.0000,3
ZA,2024-05,NAPHTHA,STOCKCH,KBBL,-8.9100,3
ZA,2024-05,NAPHTHA,STOCKCH,KBD,x,3
ZA,2024-05,NAPHTHA,STOCKCH,KL,-1.4166,3
ZA,2024-05,NAPHTHA,STOCKCH,KTONS,-1.0000,3
ZA,2024-05,NAPHTHA,TOTDEMO,CONVBBL,8910.0000,3
ZA,2024-05,NAPHTHA,TOTDEMO,KBBL,0.0000,3
ZA,2024-05,NAPHTHA,TOTDEMO,KBD,0.0000,3
ZA,2024-05,NAPHTHA,TOTDEMO,KL,0.0000,3
ZA,2024-05,NAPHTHA,TOTDEMO,KTONS,0.0000,3
ZA,2024-05,NAPHTHA,TOTEXPSB,CONVBBL,8910.0000,3
ZA,2024-05,NAPHTHA,TOTEXPSB,KBBL,0.0000,3
ZA,2024-05,NAPHTHA,TOTEXPSB,KBD,0.0000,3
ZA,2024-05,NAPHTHA,TOTEXPSB,KL,0.0000,3
ZA,2024-05,NAPHTHA,TOTEXPSB,KTONS,0.0000,3
ZA,2024-05,NAPHTHA,TOTIMPSB,CONVBBL,8910.0000,3
ZA,2024-05,NAPHTHA,TOTIMPSB,KBBL,0.0000,3
ZA,2024-05,NAPHTHA,TOTIMPSB,KBD,0.0000,3
ZA,2024-05,NAPHTHA,TOTIMPSB,KL,0.0000,3
ZA,2024-05,NAPHTHA,TOTIMPSB,KTONS,0.0000,3
ZA,2024-06,NAPHTHA,CLOSTLV,CONVBBL,8910.0000,3
ZA,2024-06,NAPHTHA,CLOSTLV,KBBL,0.0000,3
ZA,2024-06,NAPHTHA,CLOSTLV,KBD,x,3
ZA,2024-06,NAPHTHA,CLOSTLV,KL,0.0000,3
ZA,2024-06,NAPHTHA,CLOSTLV,KTONS,0.0000,3
ZA,2024-06,NAPHTHA,IPTRANSF,CONVBBL,8910.0000,3
ZA,2024-06,NAPHTHA,IPTRANSF,KBBL,0.0000,3
ZA,2024-06,NAPHTHA,IPTRANSF,KBD,0.0000,3
ZA,2024-06,NAPHTHA,IPTRANSF,KL,0.0000,3
ZA,2024-06,NAPHTHA,IPTRANSF,KTONS,0.0000,3
ZA,2024-06,NAPHTHA,PTRANSF,CONVBBL,8910.0000,3
ZA,2024-06,NAPHTHA,PTRANSF,KBBL,-,3
ZA,2024-06,NAPHTHA,PTRANSF,KBD,-,3
ZA,2024-06,NAPHTHA,PTRANSF,KL,-,3
ZA,2024-06,NAPHTHA,PTRANSF,KTONS,-,3
ZA,2024-06,NAPHTHA,RECEIPTS,CONVBBL,8910.0000,3
ZA,2024-06,NAPHTHA,RECEIPTS,KBBL,-,3
ZA,2024-06,NAPHTHA,RECEIPTS,KBD,-,3
ZA,2024-06,NAPHTHA,RECEIPTS,KL,-,3
ZA,2024-06,NAPHTHA,RECEIPTS,KTONS,-,3
ZA,2024-06,NAPHTHA,REFGROUT,CONVBBL,8910.0000,3
ZA,2024-06,NAPHTHA,REFGROUT,KBBL,8.9100,3
ZA,2024-06,NAPHTHA,REFGROUT,KBD,0.2970,3
ZA,2024-06,NAPHTHA,REFGROUT,KL,1.4166,3
ZA,2024-06,NAPHTHA,REFGROUT,KTONS,1.0000,3
ZA,2024-06,NAPHTHA,STATDIFF,CONVBBL,8910.0000,3
ZA,2024-06,NAPHTHA,STATDIFF,KBBL,17.8200,3
ZA,2024-06,NAPHTHA,STATDIFF,KBD,0.5940,3
ZA,2024-06,NAPHTHA,STATDIFF,KL,2.8332,3
ZA,2024-06,NAPHTHA,STATDIFF,KTONS,2.0000,3
ZA,2024-06,NAPHTHA,STOCKCH,CONVBBL,8910.0000,3
ZA,2024-06,NAPHTHA,STOCKCH,KBBL,-8.9100,3
ZA,2024-06,NAPHTHA,STOCKCH,KBD,x,3
ZA,2024-06,NAPHTHA,STOCKCH,KL,-1.4166,3
ZA,2024-06,NAPHTHA,STOCKCH,KTONS,-1.0000,3
ZA,2024-06,NAPHTHA,TOTDEMO,CONVBBL,8910.0000,3
ZA,2024-06,NAPHTHA,TOTDEMO,KBBL,0.0000,3
ZA,2024-06,NAPHTHA,TOTDEMO,KBD,0.0000,3
ZA,2024-06,NAPHTHA,TOTDEMO,KL,0.0000,3
ZA,2024-06,NAPHTHA,TOTDEMO,KTONS,0.0000,3
ZA,2024-06,NAPHTHA,TOTEXPSB,CONVBBL,8910.0000,3
ZA,2024-06,NAPHTHA,TOTEXPSB,KBBL,0.0000,3
ZA,2024-06,NAPHTHA,TOTEXPSB,KBD,0.0000,3
ZA,2024-06,NAPHTHA,TOTEXPSB,KL,0.0000,3
ZA,2024-06,NAPHTHA,TOTEXPSB,KTONS,0.0000,3
ZA,2024-06,NAPHTHA,TOTIMPSB,CONVBBL,8910.0000,3
ZA,2024-06,NAPHTHA,TOTIMPSB,KBBL,0.0000,3
ZA,2024-06,NAPHTHA,TOTIMPSB,KBD,0.0000,3
ZA,2024-06,NAPHTHA,TOTIMPSB,KL,0.0000,3
ZA,2024-06,NAPHTHA,TOTIMPSB,KTONS,0.0000,3
ZA,2024-07,NAPHTHA,CLOSTLV,CONVBBL,8910.0000,3
ZA,2024-07,NAPHTHA,CLOSTLV,KBBL,0.0000,3
ZA,2024-07,NAPHTHA,CLOSTLV,KBD,x,3
ZA,2024-07,NAPHTHA,CLOSTLV,KL,0.0000,3
ZA,2024-07,NAPHTHA,CLOSTLV,KTONS,0.0000,3
ZA,2024-07,NAPHTHA,IPTRANSF,CONVBBL,8910.0000,3
ZA,2024-07,NAPHTHA,IPTRANSF,KBBL,0.0000,3
ZA,2024-07,NAPHTHA,IPTRANSF,KBD,0.0000,3
ZA,2024-07,NAPHTHA,IPTRANSF,KL,0.0000,3
ZA,2024-07,NAPHTHA,IPTRANSF,KTONS,0.0000,3
ZA,2024-07,NAPHTHA,PTRANSF,CONVBBL,8910.0000,3
ZA,2024-07,NAPHTHA,PTRANSF,KBBL,-,3
ZA,2024-07,NAPHTHA,PTRANSF,KBD,-,3
ZA,2024-07,NAPHTHA,PTRANSF,KL,-,3
ZA,2024-07,NAPHTHA,PTRANSF,KTONS,-,3
ZA,2024-07,NAPHTHA,RECEIPTS,CONVBBL,8910.0000,3
ZA,2024-07,NAPHTHA,RECEIPTS,KBBL,-,3
ZA,2024-07,NAPHTHA,RECEIPTS,KBD,-,3
ZA,2024-07,NAPHTHA,RECEIPTS,KL,-,3
ZA,2024-07,NAPHTHA,RECEIPTS,KTONS,-,3
ZA,2024-07,NAPHTHA,REFGROUT,CONVBBL,8910.0000,3
ZA,2024-07,NAPHTHA,REFGROUT,KBBL,8.9100,3
ZA,2024-07,NAPHTHA,REFGROUT,KBD,0.2874,3
ZA,2024-07,NAPHTHA,REFGROUT,KL,1.4166,3
ZA,2024-07,NAPHTHA,REFGROUT,KTONS,1.0000,3
ZA,2024-07,NAPHTHA,STATDIFF,CONVBBL,8910.0000,3
ZA,2024-07,NAPHTHA,STATDIFF,KBBL,17.8200,3
ZA,2024-07,NAPHTHA,STATDIFF,KBD,0.5748,3
ZA,2024-07,NAPHTHA,STATDIFF,KL,2.8332,3
ZA,2024-07,NAPHTHA,STATDIFF,KTONS,2.0000,3
ZA,2024-07,NAPHTHA,STOCKCH,CONVBBL,8910.0000,3
ZA,2024-07,NAPHTHA,STOCKCH,KBBL,-8.9100,3
ZA,2024-07,NAPHTHA,STOCKCH,KBD,x,3
ZA,2024-07,NAPHTHA,STOCKCH,KL,-1.4166,3
ZA,2024-07,NAPHTHA,STOCKCH,KTONS,-1.0000,3
ZA,2024-07,NAPHTHA,TOTDEMO,CONVBBL,8910.0000,3
ZA,2024-07,NAPHTHA,TOTDEMO,KBBL,0.0000,3
ZA,2024-07,NAPHTHA,TOTDEMO,KBD,0.0000,3
ZA,2024-07,NAPHTHA,TOTDEMO,KL,0.0000,3
ZA,2024-07,NAPHTHA,TOTDEMO,KTONS,0.0000,3
ZA,2024-07,NAPHTHA,TOTEXPSB,CONVBBL,8910.0000,3
ZA,2024-07,NAPHTHA,TOTEXPSB,KBBL,0.0000,3
ZA,2024-07,NAPHTHA,TOTEXPSB,KBD,0.0000,3
ZA,2024-07,NAPHTHA,TOTEXPSB,KL,0.0000,3
ZA,2024-07,NAPHTHA,TOTEXPSB,KTONS,0.0000,3
ZA,2024-07,NAPHTHA,TOTIMPSB,CONVBBL,8910.0000,3
ZA,2024-07,NAPHTHA,TOTIMPSB,KBBL,0.0000,3
ZA,2024-07,NAPHTHA,TOTIMPSB,KBD,0.0000,3
ZA,2024-07,NAPHTHA,TOTIMPSB,KL,0.0000,3
ZA,2024-07,NAPHTHA,TOTIMPSB,KTONS,0.0000,3
ZA,2024-08,NAPHTHA,CLOSTLV,CONVBBL,8910.0000,3
ZA,2024-08,NAPHTHA,CLOSTLV,KBBL,0.0000,3
ZA,2024-08,NAPHTHA,CLOSTLV,KBD,x,3
ZA,2024-08,NAPHTHA,CLOSTLV,KL,0.0000,3
ZA,2024-08,NAPHTHA,CLOSTLV,KTONS,0.0000,3
ZA,2024-08,NAPHTHA,IPTRANSF,CONVBBL,8910.0000,3
ZA,2024-08,NAPHTHA,IPTRANSF,KBBL,0.0000,3
ZA,2024-08,NAPHTHA,IPTRANSF,KBD,0.0000,3
ZA,2024-08,NAPHTHA,IPTRANSF,KL,0.0000,3
ZA,2024-08,NAPHTHA,IPTRANSF,KTONS,0.0000,3
ZA,2024-08,NAPHTHA,PTRANSF,CONVBBL,8910.0000,3
ZA,2024-08,NAPHTHA,PTRANSF,KBBL,-,3
ZA,2024-08,NAPHTHA,PTRANSF,KBD,-,3
ZA,2024-08,NAPHTHA,PTRANSF,KL,-,3
ZA,2024-08,NAPHTHA,PTRANSF,KTONS,-,3
ZA,2024-08,NAPHTHA,RECEIPTS,CONVBBL,8910.0000,3
ZA,2024-08,NAPHTHA,RECEIPTS,KBBL,-,3
ZA,2024-08,NAPHTHA,RECEIPTS,KBD,-,3
ZA,2024-08,NAPHTHA,RECEIPTS,KL,-,3
ZA,2024-08,NAPHTHA,RECEIPTS,KTONS,-,3
ZA,2024-08,NAPHTHA,REFGROUT,CONVBBL,8910.0000,3
ZA,2024-08,NAPHTHA,REFGROUT,KBBL,8.9100,3
ZA,2024-08,NAPHTHA,REFGROUT,KBD,0.2874,3
ZA,2024-08,NAPHTHA,REFGROUT,KL,1.4166,3
ZA,2024-08,NAPHTHA,REFGROUT,KTONS,1.0000,3
ZA,2024-08,NAPHTHA,STATDIFF,CONVBBL,8910.0000,3
ZA,2024-08,NAPHTHA,STATDIFF,KBBL,17.8200,3
ZA,2024-08,NAPHTHA,STATDIFF,KBD,0.5748,3
ZA,2024-08,NAPHTHA,STATDIFF,KL,2.8332,3
ZA,2024-08,NAPHTHA,STATDIFF,KTONS,2.0000,3
ZA,2024-08,NAPHTHA,STOCKCH,CONVBBL,8910.0000,3
ZA,2024-08,NAPHTHA,STOCKCH,KBBL,-8.9100,3
ZA,2024-08,NAPHTHA,STOCKCH,KBD,x,3
ZA,2024-08,NAPHTHA,STOCKCH,KL,-1.4166,3
ZA,2024-08,NAPHTHA,STOCKCH,KTONS,-1.0000,3
ZA,2024-08,NAPHTHA,TOTDEMO,CONVBBL,8910.0000,3
ZA,2024-08,NAPHTHA,TOTDEMO,KBBL,0.0000,3
ZA,2024-08,NAPHTHA,TOTDEMO,KBD,0.0000,3
ZA,2024-08,NAPHTHA,TOTDEMO,KL,0.0000,3
ZA,2024-08,NAPHTHA,TOTDEMO,KTONS,0.0000,3
ZA,2024-08,NAPHTHA,TOTEXPSB,CONVBBL,8910.0000,3
ZA,2024-08,NAPHTHA,TOTEXPSB,KBBL,0.0000,3
ZA,2024-08,NAPHTHA,TOTEXPSB,KBD,0.0000,3
ZA,2024-08,NAPHTHA,TOTEXPSB,KL,0.0000,3
ZA,2024-08,NAPHTHA,TOTEXPSB,KTONS,0.0000,3
ZA,2024-08,NAPHTHA,TOTIMPSB,CONVBBL,8910.0000,3
ZA,2024-08,NAPHTHA,TOTIMPSB,KBBL,0.0000,3
ZA,2024-08,NAPHTHA,TOTIMPSB,KBD,0.0000,3
ZA,2024-08,NAPHTHA,TOTIMPSB,KL,0.0000,3
ZA,2024-08,NAPHTHA,TOTIMPSB,KTONS,0.0000,3
ZA,2024-09,NAPHTHA,CLOSTLV,CONVBBL,8910.0000,3
ZA,2024-09,NAPHTHA,CLOSTLV,KBBL,0.0000,3
ZA,2024-09,NAPHTHA,CLOSTLV,KBD,x,3
ZA,2024-09,NAPHTHA,CLOSTLV,KL,0.0000,3
ZA,2024-09,NAPHTHA,CLOSTLV,KTONS,0.0000,3
ZA,2024-09,NAPHTHA,IPTRANSF,CONVBBL,8910.0000,3
ZA,2024-09,NAPHTHA,IPTRANSF,KBBL,0.0000,3
ZA,2024-09,NAPHTHA,IPTRANSF,KBD,0.0000,3
ZA,2024-09,NAPHTHA,IPTRANSF,KL,0.0000,3
ZA,2024-09,NAPHTHA,IPTRANSF,KTONS,0.0000,3
ZA,2024-09,NAPHTHA,PTRANSF,CONVBBL,8910.0000,3
ZA,2024-09,NAPHTHA,PTRANSF,KBBL,-,3
ZA,2024-09,NAPHTHA,PTRANSF,KBD,-,3
ZA,2024-09,NAPHTHA,PTRANSF,KL,-,3
ZA,2024-09,NAPHTHA,PTRANSF,KTONS,-,3
ZA,2024-09,NAPHTHA,RECEIPTS,CONVBBL,8910.0000,3
ZA,2024-09,NAPHTHA,RECEIPTS,KBBL,-,3
ZA,2024-09,NAPHTHA,RECEIPTS,KBD,-,3
ZA,2024-09,NAPHTHA,RECEIPTS,KL,-,3
ZA,2024-09,NAPHTHA,RECEIPTS,KTONS,-,3
ZA,2024-09,NAPHTHA,REFGROUT,CONVBBL,8910.0000,3
ZA,2024-09,NAPHTHA,REFGROUT,KBBL,8.9100,3
ZA,2024-09,NAPHTHA,REFGROUT,KBD,0.2970,3
ZA,2024-09,NAPHTHA,REFGROUT,KL,1.4166,3
ZA,2024-09,NAPHTHA,REFGROUT,KTONS,1.0000,3
ZA,2024-09,NAPHTHA,STATDIFF,CONVBBL,8910.0000,3
ZA,2024-09,NAPHTHA,STATDIFF,KBBL,17.8200,3
ZA,2024-09,NAPHTHA,STATDIFF,KBD,0.5940,3
ZA,2024-09,NAPHTHA,STATDIFF,KL,2.8332,3
ZA,2024-09,NAPHTHA,STATDIFF,KTONS,2.0000,3
ZA,2024-09,NAPHTHA,STOCKCH,CONVBBL,8910.0000,3
ZA,2024-09,NAPHTHA,STOCKCH,KBBL,-8.9100,3
ZA,2024-09,NAPHTHA,STOCKCH,KBD,x,3
ZA,2024-09,NAPHTHA,STOCKCH,KL,-1.4166,3
ZA,2024-09,NAPHTHA,STOCKCH,KTONS,-1.0000,3
ZA,2024-09,NAPHTHA,TOTDEMO,CONVBBL,8910.0000,3
ZA,2024-09,NAPHTHA,TOTDEMO,KBBL,0.0000,3
ZA,2024-09,NAPHTHA,TOTDEMO,KBD,0.0000,3
ZA,2024-09,NAPHTHA,TOTDEMO,KL,0.0000,3
ZA,2024-09,NAPHTHA,TOTDEMO,KTONS,0.0000,3
ZA,2024-09,NAPHTHA,TOTEXPSB,CONVBBL,8910.0000,3
ZA,2024-09,NAPHTHA,TOTEXPSB,KBBL,0.0000,3
ZA,2024-09,NAPHTHA,TOTEXPSB,KBD,0.0000,3
ZA,2024-09,NAPHTHA,TOTEXPSB,KL,0.0000,3
ZA,2024-09,NAPHTHA,TOTEXPSB,KTONS,0.0000,3
ZA,2024-09,NAPHTHA,TOTIMPSB,CONVBBL,8910.0000,3
ZA,2024-09,NAPHTHA,TOTIMPSB,KBBL,0.0000,3
ZA,2024-09,NAPHTHA,TOTIMPSB,KBD,0.0000,3
ZA,2024-09,NAPHTHA,TOTIMPSB,KL,0.0000,3
ZA,2024-09,NAPHTHA,TOTIMPSB,KTONS,0.0000,3
ZA,2024-10,NAPHTHA,CLOSTLV,CONVBBL,8910.0000,3
ZA,2024-10,NAPHTHA,CLOSTLV,KBBL,0.0000,3
ZA,2024-10,NAPHTHA,CLOSTLV,KBD,x,3
ZA,2024-10,NAPHTHA,CLOSTLV,KL,0.0000,3
ZA,2024-10,NAPHTHA,CLOSTLV,KTONS,0.0000,3
ZA,2024-10,NAPHTHA,IPTRANSF,CONVBBL,8910.0000,3
ZA,2024-10,NAPHTHA,IPTRANSF,KBBL,0.0000,3
ZA,2024-10,NAPHTHA,IPTRANSF,KBD,0.0000,3
ZA,2024-10,NAPHTHA,IPTRANSF,KL,0.0000,3
ZA,2024-10,NAPHTHA,IPTRANSF,KTONS,0.0000,3
ZA,2024-10,NAPHTHA,PTRANSF,CONVBBL,8910.0000,3
ZA,2024-10,NAPHTHA,PTRANSF,KBBL,-,3
ZA,2024-10,NAPHTHA,PTRANSF,KBD,-,3
ZA,2024-10,NAPHTHA,PTRANSF,KL,-,3
ZA,2024-10,NAPHTHA,PTRANSF,KTONS,-,3
ZA,2024-10,NAPHTHA,RECEIPTS,CONVBBL,8910.0000,3
ZA,2024-10,NAPHTHA,RECEIPTS,KBBL,-,3
ZA,2024-10,NAPHTHA,RECEIPTS,KBD,-,3
ZA,2024-10,NAPHTHA,RECEIPTS,KL,-,3
ZA,2024-10,NAPHTHA,RECEIPTS,KTONS,-,3
ZA,2024-10,NAPHTHA,REFGROUT,CONVBBL,8910.0000,3
ZA,2024-10,NAPHTHA,REFGROUT,KBBL,8.9100,3
ZA,2024-10,NAPHTHA,REFGROUT,KBD,0.2874,3
ZA,2024-10,NAPHTHA,REFGROUT,KL,1.4166,3
ZA,2024-10,NAPHTHA,REFGROUT,KTONS,1.0000,3
ZA,2024-10,NAPHTHA,STATDIFF,CONVBBL,8910.0000,3
ZA,2024-10,NAPHTHA,STATDIFF,KBBL,17.8200,3
ZA,2024-10,NAPHTHA,STATDIFF,KBD,0.5748,3
ZA,2024-10,NAPHTHA,STATDIFF,KL,2.8332,3
ZA,2024-10,NAPHTHA,STATDIFF,KTONS,2.0000,3
ZA,2024-10,NAPHTHA,STOCKCH,CONVBBL,8910.0000,3
ZA,2024-10,NAPHTHA,STOCKCH,KBBL,-8.9100,3
ZA,2024-10,NAPHTHA,STOCKCH,KBD,x,3
ZA,2024-10,NAPHTHA,STOCKCH,KL,-1.4166,3
ZA,2024-10,NAPHTHA,STOCKCH,KTONS,-1.0000,3
ZA,2024-10,NAPHTHA,TOTDEMO,CONVBBL,8910.0000,3
ZA,2024-10,NAPHTHA,TOTDEMO,KBBL,0.0000,3
ZA,2024-10,NAPHTHA,TOTDEMO,KBD,0.0000,3
ZA,2024-10,NAPHTHA,TOTDEMO,KL,0.0000,3
ZA,2024-10,NAPHTHA,TOTDEMO,KTONS,0.0000,3
ZA,2024-10,NAPHTHA,TOTEXPSB,CONVBBL,8910.0000,3
ZA,2024-10,NAPHTHA,TOTEXPSB,KBBL,0.0000,3
ZA,2024-10,NAPHTHA,TOTEXPSB,KBD,0.0000,3
ZA,2024-10,NAPHTHA,TOTEXPSB,KL,0.0000,3
ZA,2024-10,NAPHTHA,TOTEXPSB,KTONS,0.0000,3
ZA,2024-10,NAPHTHA,TOTIMPSB,CONVBBL,8910.0000,3
ZA,2024-10,NAPHTHA,TOTIMPSB,KBBL,0.0000,3
ZA,2024-10,NAPHTHA,TOTIMPSB,KBD,0.0000,3
ZA,2024-10,NAPHTHA,TOTIMPSB,KL,0.0000,3
ZA,2024-10,NAPHTHA,TOTIMPSB,KTONS,0.0000,3
ZA,2024-11,NAPHTHA,CLOSTLV,CONVBBL,8910.0000,3
ZA,2024-11,NAPHTHA,CLOSTLV,KBBL,0.0000,3
ZA,2024-11,NAPHTHA,CLOSTLV,KBD,x,3
ZA,2024-11,NAPHTHA,CLOSTLV,KL,0.0000,3
ZA,2024-11,NAPHTHA,CLOSTLV,KTONS,0.0000,3
ZA,2024-11,NAPHTHA,IPTRANSF,CONVBBL,8910.0000,3
ZA,2024-11,NAPHTHA,IPTRANSF,KBBL,0.0000,3
ZA,2024-11,NAPHTHA,IPTRANSF,KBD,0.0000,3
ZA,2024-11,NAPHTHA,IPTRANSF,KL,0.0000,3
ZA,2024-11,NAPHTHA,IPTRANSF,KTONS,0.0000,3
ZA,2024-11,NAPHTHA,PTRANSF,CONVBBL,8910.0000,3
ZA,2024-11,NAPHTHA,PTRANSF,KBBL,-,3
ZA,2024-11,NAPHTHA,PTRANSF,KBD,-,3
ZA,2024-11,NAPHTHA,PTRANSF,KL,-,3
ZA,2024-11,NAPHTHA,PTRANSF,KTONS,-,3
ZA,2024-11,NAPHTHA,RECEIPTS,CONVBBL,8910.0000,3
ZA,2024-11,NAPHTHA,RECEIPTS,KBBL,-,3
ZA,2024-11,NAPHTHA,RECEIPTS,KBD,-,3
ZA,2024-11,NAPHTHA,RECEIPTS,KL,-,3
ZA,2024-11,NAPHTHA,RECEIPTS,KTONS,-,3
ZA,2024-11,NAPHTHA,REFGROUT,CONVBBL,8910.0000,3
ZA,2024-11,NAPHTHA,REFGROUT,KBBL,8.9100,3
ZA,2024-11,NAPHTHA,REFGROUT,KBD,0.2970,3
ZA,2024-11,NAPHTHA,REFGROUT,KL,1.4166,3
ZA,2024-11,NAPHTHA,REFGROUT,KTONS,1.0000,3
ZA,2024-11,NAPHTHA,STATDIFF,CONVBBL,8910.0000,3
ZA,2024-11,NAPHTHA,STATDIFF,KBBL,17.8200,3
ZA,2024-11,NAPHTHA,STATDIFF,KBD,0.5940,3
ZA,2024-11,NAPHTHA,STATDIFF,KL,2.8332,3
ZA,2024-11,NAPHTHA,STATDIFF,KTONS,2.0000,3
ZA,2024-11,NAPHTHA,STOCKCH,CONVBBL,8910.0000,3
ZA,2024-11,NAPHTHA,STOCKCH,KBBL,-8.9100,3
ZA,2024-11,NAPHTHA,STOCKCH,KBD,x,3
ZA,2024-11,NAPHTHA,STOCKCH,KL,-1.4166,3
ZA,2024-11,NAPHTHA,STOCKCH,KTONS,-1.0000,3
ZA,2024-11,NAPHTHA,TOTDEMO,CONVBBL,8910.0000,3
ZA,2024-11,NAPHTHA,TOTDEMO,KBBL,0.0000,3
ZA,2024-11,NAPHTHA,TOTDEMO,KBD,0.0000,3
ZA,2024-11,NAPHTHA,TOTDEMO,KL,0.0000,3
ZA,2024-11,NAPHTHA,TOTDEMO,KTONS,0.0000,3
ZA,2024-11,NAPHTHA,TOTEXPSB,CONVBBL,8910.0000,3
ZA,2024-11,NAPHTHA,TOTEXPSB,KBBL,0.0000,3
ZA,2024-11,NAPHTHA,TOTEXPSB,KBD,0.0000,3
ZA,2024-11,NAPHTHA,TOTEXPSB,KL,0.0000,3
ZA,2024-11,NAPHTHA,TOTEXPSB,KTONS,0.0000,3
ZA,2024-11,NAPHTHA,TOTIMPSB,CONVBBL,8910.0000,3
ZA,2024-11,NAPHTHA,TOTIMPSB,KBBL,0.0000,3
ZA,2024-11,NAPHTHA,TOTIMPSB,KBD,0.0000,3
ZA,2024-11,NAPHTHA,TOTIMPSB,KL,0.0000,3
ZA,2024-11,NAPHTHA,TOTIMPSB,KTONS,0.0000,3
ZA,2024-12,NAPHTHA,CLOSTLV,CONVBBL,8910.0000,3
ZA,2024-12,NAPHTHA,CLOSTLV,KBBL,0.0000,3
ZA,2024-12,NAPHTHA,CLOSTLV,KBD,x,3
ZA,2024-12,NAPHTHA,CLOSTLV,KL,0.0000,3
ZA,2024-12,NAPHTHA,CLOSTLV,KTONS,0.0000,3
ZA,2024-12,NAPHTHA,IPTRANSF,CONVBBL,8910.0000,3
ZA,2024-12,NAPHTHA,IPTRANSF,KBBL,0.0000,3
ZA,2024-12,NAPHTHA,IPTRANSF,KBD,0.0000,3
ZA,2024-12,NAPHTHA,IPTRANSF,KL,0.0000,3
ZA,2024-12,NAPHTHA,IPTRANSF,KTONS,0.0000,3
ZA,2024-12,NAPHTHA,PTRANSF,CONVBBL,8910.0000,3
ZA,2024-12,NAPHTHA,PTRANSF,KBBL,-,3
ZA,2024-12,NAPHTHA,PTRANSF,KBD,-,3
ZA,2024-12,NAPHTHA,PTRANSF,KL,-,3
ZA,2024-12,NAPHTHA,PTRANSF,KTONS,-,3
ZA,2024-12,NAPHTHA,RECEIPTS,CONVBBL,8910.0000,3
ZA,2024-12,NAPHTHA,RECEIPTS,KBBL,-,3
ZA,2024-12,NAPHTHA,RECEIPTS,KBD,-,3
ZA,2024-12,NAPHTHA,RECEIPTS,KL,-,3
ZA,2024-12,NAPHTHA,RECEIPTS,KTONS,-,3
ZA,2024-12,NAPHTHA,REFGROUT,CONVBBL,8910.0000,3
ZA,2024-12,NAPHTHA,REFGROUT,KBBL,8.9100,3
ZA,2024-12,NAPHTHA,REFGROUT,KBD,0.2874,3
ZA,2024-12,NAPHTHA,REFGROUT,KL,1.4166,3
ZA,2024-12,NAPHTHA,REFGROUT,KTONS,1.0000,3
ZA,2024-12,NAPHTHA,STATDIFF,CONVBBL,8910.0000,3
ZA,2024-12,NAPHTHA,STATDIFF,KBBL,17.8200,3
ZA,2024-12,NAPHTHA,STATDIFF,KBD,0.5748,3
ZA,2024-12,NAPHTHA,STATDIFF,KL,2.8332,3
ZA,2024-12,NAPHTHA,STATDIFF,KTONS,2.0000,3
ZA,2024-12,NAPHTHA,STOCKCH,CONVBBL,8910.0000,3
ZA,2024-12,NAPHTHA,STOCKCH,KBBL,-8.9100,3
ZA,2024-12,NAPHTHA,STOCKCH,KBD,x,3
ZA,2024-12,NAPHTHA,STOCKCH,KL,-1.4166,3
ZA,2024-12,NAPHTHA,STOCKCH,KTONS,-1.0000,3
ZA,2024-12,NAPHTHA,TOTDEMO,CONVBBL,8910.0000,3
ZA,2024-12,NAPHTHA,TOTDEMO,KBBL,0.0000,3
ZA,2024-12,NAPHTHA,TOTDEMO,KBD,0.0000,3
ZA,2024-12,NAPHTHA,TOTDEMO,KL,0.0000,3
ZA,2024-12,NAPHTHA,TOTDEMO,KTONS,0.0000,3
ZA,2024-12,NAPHTHA,TOTEXPSB,CONVBBL,8910.0000,3
ZA,2024-12,NAPHTHA,TOTEXPSB,KBBL,0.0000,3
ZA,2024-12,NAPHTHA,TOTEXPSB,KBD,0.0000,3
ZA,2024-12,NAPHTHA,TOTEXPSB,KL,0.0000,3
ZA,2024-12,NAPHTHA,TOTEXPSB,KTONS,0.0000,3
ZA,2024-12,NAPHTHA,TOTIMPSB,CONVBBL,8910.0000,3
ZA,2024-12,NAPHTHA,TOTIMPSB,KBBL,0.0000,3
ZA,2024-12,NAPHTHA,TOTIMPSB,KBD,0.0000,3
ZA,2024-12,NAPHTHA,TOTIMPSB,KL,0.0000,3
ZA,2024-12,NAPHTHA,TOTIMPSB,KTONS,0.0000,3
ZA,2024-01,ONONSPEC,CLOSTLV,CONVBBL,0.0000,3
ZA,2024-01,ONONSPEC,CLOSTLV,KBBL,0.0000,3
ZA,2024-01,ONONSPEC,CLOSTLV,KBD,x,3
ZA,2024-01,ONONSPEC,CLOSTLV,KL,0.0000,3
ZA,2024-01,ONONSPEC,CLOSTLV,KTONS,38.0000,3
ZA,2024-01,ONONSPEC,IPTRANSF,CONVBBL,0.0000,3
ZA,2024-01,ONONSPEC,IPTRANSF,KBBL,0.0000,3
ZA,2024-01,ONONSPEC,IPTRANSF,KBD,0.0000,3
ZA,2024-01,ONONSPEC,IPTRANSF,KL,0.0000,3
ZA,2024-01,ONONSPEC,IPTRANSF,KTONS,0.0000,3
ZA,2024-01,ONONSPEC,PTRANSF,CONVBBL,0.0000,3
ZA,2024-01,ONONSPEC,PTRANSF,KBBL,-,3
ZA,2024-01,ONONSPEC,PTRANSF,KBD,-,3
ZA,2024-01,ONONSPEC,PTRANSF,KL,-,3
ZA,2024-01,ONONSPEC,PTRANSF,KTONS,-,3
ZA,2024-01,ONONSPEC,RECEIPTS,CONVBBL,0.0000,3
ZA,2024-01,ONONSPEC,RECEIPTS,KBBL,0.0000,3
ZA,2024-01,ONONSPEC,RECEIPTS,KBD,0.0000,3
ZA,2024-01,ONONSPEC,RECEIPTS,KL,0.0000,3
ZA,2024-01,ONONSPEC,RECEIPTS,KTONS,0.0000,3
ZA,2024-01,ONONSPEC,REFGROUT,CONVBBL,0.0000,3
ZA,2024-01,ONONSPEC,REFGROUT,KBBL,0.0000,3
ZA,2024-01,ONONSPEC,REFGROUT,KBD,0.0000,3
ZA,2024-01,ONONSPEC,REFGROUT,KL,0.0000,3
ZA,2024-01,ONONSPEC,REFGROUT,KTONS,81.0000,3
ZA,2024-01,ONONSPEC,STATDIFF,CONVBBL,0.0000,3
ZA,2024-01,ONONSPEC,STATDIFF,KBBL,0.0000,3
ZA,2024-01,ONONSPEC,STATDIFF,KBD,0.0000,3
ZA,2024-01,ONONSPEC,STATDIFF,KL,0.0000,3
ZA,2024-01,ONONSPEC,STATDIFF,KTONS,45.0000,3
ZA,2024-01,ONONSPEC,STOCKCH,CONVBBL,0.0000,3
ZA,2024-01,ONONSPEC,STOCKCH,KBBL,0.0000,3
ZA,2024-01,ONONSPEC,STOCKCH,KBD,x,3
ZA,2024-01,ONONSPEC,STOCKCH,KL,0.0000,3
ZA,2024-01,ONONSPEC,STOCKCH,KTONS,0.0000,3
ZA,2024-01,ONONSPEC,TOTDEMO,CONVBBL,0.0000,3
ZA,2024-01,ONONSPEC,TOTDEMO,KBBL,0.0000,3
ZA,2024-01,ONONSPEC,TOTDEMO,KBD,0.0000,3
ZA,2024-01,ONONSPEC,TOTDEMO,KL,0.0000,3
ZA,2024-01,ONONSPEC,TOTDEMO,KTONS,38.0000,3
ZA,2024-01,ONONSPEC,TOTEXPSB,CONVBBL,0.0000,3
ZA,2024-01,ONONSPEC,TOTEXPSB,KBBL,0.0000,3
ZA,2024-01,ONONSPEC,TOTEXPSB,KBD,0.0000,3
ZA,2024-01,ONONSPEC,TOTEXPSB,KL,0.0000,3
ZA,2024-01,ONONSPEC,TOTEXPSB,KTONS,0.0000,3
ZA,2024-01,ONONSPEC,TOTIMPSB,CONVBBL,0.0000,3
ZA,2024-01,ONONSPEC,TOTIMPSB,KBBL,0.0000,3
ZA,2024-01,ONONSPEC,TOTIMPSB,KBD,0.0000,3
ZA,2024-01,ONONSPEC,TOTIMPSB,KL,0.0000,3
ZA,2024-01,ONONSPEC,TOTIMPSB,KTONS,2.0000,3
ZA,2024-02,ONONSPEC,CLOSTLV,CONVBBL,0.0000,3
ZA,2024-02,ONONSPEC,CLOSTLV,KBBL,0.0000,3
ZA,2024-02,ONONSPEC,CLOSTLV,KBD,x,3
ZA,2024-02,ONONSPEC,CLOSTLV,KL,0.0000,3
ZA,2024-02,ONONSPEC,CLOSTLV,KTONS,32.0000,3
ZA,2024-02,ONONSPEC,IPTRANSF,CONVBBL,0.0000,3
ZA,2024-02,ONONSPEC,IPTRANSF,KBBL,0.0000,3
ZA,2024-02,ONONSPEC,IPTRANSF,KBD,0.0000,3
ZA,2024-02,ONONSPEC,IPTRANSF,KL,0.0000,3
ZA,2024-02,ONONSPEC,IPTRANSF,KTONS,0.0000,3
ZA,2024-02,ONONSPEC,PTRANSF,CONVBBL,0.0000,3
ZA,2024-02,ONONSPEC,PTRANSF,KBBL,-,3
ZA,2024-02,ONONSPEC,PTRANSF,KBD,-,3
ZA,2024-02,ONONSPEC,PTRANSF,KL,-,3
ZA,2024-02,ONONSPEC,PTRANSF,KTONS,-,3
ZA,2024-02,ONONSPEC,RECEIPTS,CONVBBL,0.0000,3
ZA,2024-02,ONONSPEC,RECEIPTS,KBBL,0.0000,3
ZA,2024-02,ONONSPEC,RECEIPTS,KBD,0.0000,3
ZA,2024-02,ONONSPEC,RECEIPTS,KL,0.0000,3
ZA,2024-02,ONONSPEC,RECEIPTS,KTONS,0.0000,3
ZA,2024-02,ONONSPEC,REFGROUT,CONVBBL,0.0000,3
ZA,2024-02,ONONSPEC,REFGROUT,KBBL,0.0000,3
ZA,2024-02,ONONSPEC,REFGROUT,KBD,0.0000,3
ZA,2024-02,ONONSPEC,REFGROUT,KL,0.0000,3
ZA,2024-02,ONONSPEC,REFGROUT,KTONS,81.0000,3
ZA,2024-02,ONONSPEC,STATDIFF,CONVBBL,0.0000,3
ZA,2024-02,ONONSPEC,STATDIFF,KBBL,0.0000,3
ZA,2024-02,ONONSPEC,STATDIFF,KBD,0.0000,3
ZA,2024-02,ONONSPEC,STATDIFF,KL,0.0000,3
ZA,2024-02,ONONSPEC,STATDIFF,KTONS,52.0000,3
ZA,2024-02,ONONSPEC,STOCKCH,CONVBBL,0.0000,3
ZA,2024-02,ONONSPEC,STOCKCH,KBBL,0.0000,3
ZA,2024-02,ONONSPEC,STOCKCH,KBD,x,3
ZA,2024-02,ONONSPEC,STOCKCH,KL,0.0000,3
ZA,2024-02,ONONSPEC,STOCKCH,KTONS,-2.0000,3
ZA,2024-02,ONONSPEC,TOTDEMO,CONVBBL,0.0000,3
ZA,2024-02,ONONSPEC,TOTDEMO,KBBL,0.0000,3
ZA,2024-02,ONONSPEC,TOTDEMO,KBD,0.0000,3
ZA,2024-02,ONONSPEC,TOTDEMO,KL,0.0000,3
ZA,2024-02,ONONSPEC,TOTDEMO,KTONS,68.0000,3
ZA,2024-02,ONONSPEC,TOTEXPSB,CONVBBL,0.0000,3
ZA,2024-02,ONONSPEC,TOTEXPSB,KBBL,0.0000,3
ZA,2024-02,ONONSPEC,TOTEXPSB,KBD,0.0000,3
ZA,2024-02,ONONSPEC,TOTEXPSB,KL,0.0000,3
ZA,2024-02,ONONSPEC,TOTEXPSB,KTONS,0.0000,3
ZA,2024-02,ONONSPEC,TOTIMPSB,CONVBBL,0.0000,3
ZA,2024-02,ONONSPEC,TOTIMPSB,KBBL,0.0000,3
ZA,2024-02,ONONSPEC,TOTIMPSB,KBD,0.0000,3
ZA,2024-02,ONONSPEC,TOTIMPSB,KL,0.0000,3
ZA,2024-02,ONONSPEC,TOTIMPSB,KTONS,37.0000,3
ZA,2024-03,ONONSPEC,CLOSTLV,CONVBBL,0.0000,3
ZA,2024-03,ONONSPEC,CLOSTLV,KBBL,0.0000,3
ZA,2024-03,ONONSPEC,CLOSTLV,KBD,x,3
ZA,2024-03,ONONSPEC,CLOSTLV,KL,0.0000,3
ZA,2024-03,ONONSPEC,CLOSTLV,KTONS,11.0000,3
ZA,2024-03,ONONSPEC,IPTRANSF,CONVBBL,0.0000,3
ZA,2024-03,ONONSPEC,IPTRANSF,KBBL,0.0000,3
ZA,2024-03,ONONSPEC,IPTRANSF,KBD,0.0000,3
ZA,2024-03,ONONSPEC,IPTRANSF,KL,0.0000,3
ZA,2024-03,ONONSPEC,IPTRANSF,KTONS,0.0000,3
ZA,2024-03,ONONSPEC,PTRANSF,CONVBBL,0.0000,3
ZA,2024-03,ONONSPEC,PTRANSF,KBBL,-,3
ZA,2024-03,ONONSPEC,PTRANSF,KBD,-,3
ZA,2024-03,ONONSPEC,PTRANSF,KL,-,3
ZA,2024-03,ONONSPEC,PTRANSF,KTONS,-,3
ZA,2024-03,ONONSPEC,RECEIPTS,CONVBBL,0.0000,3
ZA,2024-03,ONONSPEC,RECEIPTS,KBBL,-,3
ZA,2024-03,ONONSPEC,RECEIPTS,KBD,-,3
ZA,2024-03,ONONSPEC,RECEIPTS,KL,-,3
ZA,2024-03,ONONSPEC,RECEIPTS,KTONS,-,3
ZA,2024-03,ONONSPEC,REFGROUT,CONVBBL,0.0000,3
ZA,2024-03,ONONSPEC,REFGROUT,KBBL,0.0000,3
ZA,2024-03,ONONSPEC,REFGROUT,KBD,0.0000,3
ZA,2024-03,ONONSPEC,REFGROUT,KL,0.0000,3
ZA,2024-03,ONONSPEC,REFGROUT,KTONS,18.0000,3
ZA,2024-03,ONONSPEC,STATDIFF,CONVBBL,0.0000,3
ZA,2024-03,ONONSPEC,STATDIFF,KBBL,0.0000,3
ZA,2024-03,ONONSPEC,STATDIFF,KBD,0.0000,3
ZA,2024-03,ONONSPEC,STATDIFF,KL,0.0000,3
ZA,2024-03,ONONSPEC,STATDIFF,KTONS,-32.0000,3
ZA,2024-03,ONONSPEC,STOCKCH,CONVBBL,0.0000,3
ZA,2024-03,ONONSPEC,STOCKCH,KBBL,0.0000,3
ZA,2024-03,ONONSPEC,STOCKCH,KBD,x,3
ZA,2024-03,ONONSPEC,STOCKCH,KL,0.0000,3
ZA,2024-03,ONONSPEC,STOCKCH,KTONS,-4.0000,3
ZA,2024-03,ONONSPEC,TOTDEMO,CONVBBL,0.0000,3
ZA,2024-03,ONONSPEC,TOTDEMO,KBBL,0.0000,3
ZA,2024-03,ONONSPEC,TOTDEMO,KBD,0.0000,3
ZA,2024-03,ONONSPEC,TOTDEMO,KL,0.0000,3
ZA,2024-03,ONONSPEC,TOTDEMO,KTONS,55.0000,3
ZA,2024-03,ONONSPEC,TOTEXPSB,CONVBBL,0.0000,3
ZA,2024-03,ONONSPEC,TOTEXPSB,KBBL,0.0000,3
ZA,2024-03,ONONSPEC,TOTEXPSB,KBD,0.0000,3
ZA,2024-03,ONONSPEC,TOTEXPSB,KL,0.0000,3
ZA,2024-03,ONONSPEC,TOTEXPSB,KTONS,0.0000,3
ZA,2024-03,ONONSPEC,TOTIMPSB,CONVBBL,0.0000,3
ZA,2024-03,ONONSPEC,TOTIMPSB,KBBL,0.0000,3
ZA,2024-03,ONONSPEC,TOTIMPSB,KBD,0.0000,3
ZA,2024-03,ONONSPEC,TOTIMPSB,KL,0.0000,3
ZA,2024-03,ONONSPEC,TOTIMPSB,KTONS,0.0000,3
ZA,2024-04,ONONSPEC,CLOSTLV,CONVBBL,0.0000,3
ZA,2024-04,ONONSPEC,CLOSTLV,KBBL,0.0000,3
ZA,2024-04,ONONSPEC,CLOSTLV,KBD,x,3
ZA,2024-04,ONONSPEC,CLOSTLV,KL,0.0000,3
ZA,2024-04,ONONSPEC,CLOSTLV,KTONS,30.0000,3
ZA,2024-04,ONONSPEC,IPTRANSF,CONVBBL,0.0000,3
ZA,2024-04,ONONSPEC,IPTRANSF,KBBL,0.0000,3
ZA,2024-04,ONONSPEC,IPTRANSF,KBD,0.0000,3
ZA,2024-04,ONONSPEC,IPTRANSF,KL,0.0000,3
ZA,2024-04,ONONSPEC,IPTRANSF,KTONS,0.0000,3
ZA,2024-04,ONONSPEC,PTRANSF,CONVBBL,0.0000,3
ZA,2024-04,ONONSPEC,PTRANSF,KBBL,-,3
ZA,2024-04,ONONSPEC,PTRANSF,KBD,-,3
ZA,2024-04,ONONSPEC,PTRANSF,KL,-,3
ZA,2024-04,ONONSPEC,PTRANSF,KTONS,-,3
ZA,2024-04,ONONSPEC,RECEIPTS,CONVBBL,0.0000,3
ZA,2024-04,ONONSPEC,RECEIPTS,KBBL,0.0000,3
ZA,2024-04,ONONSPEC,RECEIPTS,KBD,0.0000,3
ZA,2024-04,ONONSPEC,RECEIPTS,KL,0.0000,3
ZA,2024-04,ONONSPEC,RECEIPTS,KTONS,0.0000,3
ZA,2024-04,ONONSPEC,REFGROUT,CONVBBL,0.0000,3
ZA,2024-04,ONONSPEC,REFGROUT,KBBL,0.0000,3
ZA,2024-04,ONONSPEC,REFGROUT,KBD,0.0000,3
ZA,2024-04,ONONSPEC,REFGROUT,KL,0.0000,3
ZA,2024-04,ONONSPEC,REFGROUT,KTONS,98.0000,3
ZA,2024-04,ONONSPEC,STATDIFF,CONVBBL,0.0000,3
ZA,2024-04,ONONSPEC,STATDIFF,KBBL,0.0000,3
ZA,2024-04,ONONSPEC,STATDIFF,KBD,0.0000,3
ZA,2024-04,ONONSPEC,STATDIFF,KL,0.0000,3
ZA,2024-04,ONONSPEC,STATDIFF,KTONS,67.0000,3
ZA,2024-04,ONONSPEC,STOCKCH,CONVBBL,0.0000,3
ZA,2024-04,ONONSPEC,STOCKCH,KBBL,0.0000,3
ZA,2024-04,ONONSPEC,STOCKCH,KBD,x,3
ZA,2024-04,ONONSPEC,STOCKCH,KL,0.0000,3
ZA,2024-04,ONONSPEC,STOCKCH,KTONS,1.0000,3
ZA,2024-04,ONONSPEC,TOTDEMO,CONVBBL,0.0000,3
ZA,2024-04,ONONSPEC,TOTDEMO,KBBL,0.0000,3
ZA,2024-04,ONONSPEC,TOTDEMO,KBD,0.0000,3
ZA,2024-04,ONONSPEC,TOTDEMO,KL,0.0000,3
ZA,2024-04,ONONSPEC,TOTDEMO,KTONS,64.0000,3
ZA,2024-04,ONONSPEC,TOTEXPSB,CONVBBL,0.0000,3
ZA,2024-04,ONONSPEC,TOTEXPSB,KBBL,0.0000,3
ZA,2024-04,ONONSPEC,TOTEXPSB,KBD,0.0000,3
ZA,2024-04,ONONSPEC,TOTEXPSB,KL,0.0000,3
ZA,2024-04,ONONSPEC,TOTEXPSB,KTONS,0.0000,3
ZA,2024-04,ONONSPEC,TOTIMPSB,CONVBBL,0.0000,3
ZA,2024-04,ONONSPEC,TOTIMPSB,KBBL,0.0000,3
ZA,2024-04,ONONSPEC,TOTIMPSB,KBD,0.0000,3
ZA,2024-04,ONONSPEC,TOTIMPSB,KL,0.0000,3
ZA,2024-04,ONONSPEC,TOTIMPSB,KTONS,33.0000,3
ZA,2024-05,ONONSPEC,CLOSTLV,CONVBBL,0.0000,3
ZA,2024-05,ONONSPEC,CLOSTLV,KBBL,0.0000,3
ZA,2024-05,ONONSPEC,CLOSTLV,KBD,x,3
ZA,2024-05,ONONSPEC,CLOSTLV,KL,0.0000,3
ZA,2024-05,ONONSPEC,CLOSTLV,KTONS,29.0000,3
ZA,2024-05,ONONSPEC,IPTRANSF,CONVBBL,0.0000,3
ZA,2024-05,ONONSPEC,IPTRANSF,KBBL,0.0000,3
ZA,2024-05,ONONSPEC,IPTRANSF,KBD,0.0000,3
ZA,2024-05,ONONSPEC,IPTRANSF,KL,0.0000,3
ZA,2024-05,ONONSPEC,IPTRANSF,KTONS,0.0000,3
ZA,2024-05,ONONSPEC,PTRANSF,CONVBBL,0.0000,3
ZA,2024-05,ONONSPEC,PTRANSF,KBBL,-,3
ZA,2024-05,ONONSPEC,PTRANSF,KBD,-,3
ZA,2024-05,ONONSPEC,PTRANSF,KL,-,3
ZA,2024-05,ONONSPEC,PTRANSF,KTONS,-,3
ZA,2024-05,ONONSPEC,RECEIPTS,CONVBBL,0.0000,3
ZA,2024-05,ONONSPEC,RECEIPTS,KBBL,0.0000,3
ZA,2024-05,ONONSPEC,RECEIPTS,KBD,0.0000,3
ZA,2024-05,ONONSPEC,RECEIPTS,KL,0.0000,3
ZA,2024-05,ONONSPEC,RECEIPTS,KTONS,0.0000,3
ZA,2024-05,ONONSPEC,REFGROUT,CONVBBL,0.0000,3
ZA,2024-05,ONONSPEC,REFGROUT,KBBL,0.0000,3
ZA,2024-05,ONONSPEC,REFGROUT,KBD,0.0000,3
ZA,2024-05,ONONSPEC,REFGROUT,KL,0.0000,3
ZA,2024-05,ONONSPEC,REFGROUT,KTONS,136.0000,3
ZA,2024-05,ONONSPEC,STATDIFF,CONVBBL,0.0000,3
ZA,2024-05,ONONSPEC,STATDIFF,KBBL,0.0000,3
ZA,2024-05,ONONSPEC,STATDIFF,KBD,0.0000,3
ZA,2024-05,ONONSPEC,STATDIFF,KL,0.0000,3
ZA,2024-05,ONONSPEC,STATDIFF,KTONS,94.0000,3
ZA,2024-05,ONONSPEC,STOCKCH,CONVBBL,0.0000,3
ZA,2024-05,ONONSPEC,STOCKCH,KBBL,0.0000,3
ZA,2024-05,ONONSPEC,STOCKCH,KBD,x,3
ZA,2024-05,ONONSPEC,STOCKCH,KL,0.0000,3
ZA,2024-05,ONONSPEC,STOCKCH,KTONS,-1.0000,3
ZA,2024-05,ONONSPEC,TOTDEMO,CONVBBL,0.0000,3
ZA,2024-05,ONONSPEC,TOTDEMO,KBBL,0.0000,3
ZA,2024-05,ONONSPEC,TOTDEMO,KBD,0.0000,3
ZA,2024-05,ONONSPEC,TOTDEMO,KL,0.0000,3
ZA,2024-05,ONONSPEC,TOTDEMO,KTONS,44.0000,3
ZA,2024-05,ONONSPEC,TOTEXPSB,CONVBBL,0.0000,3
ZA,2024-05,ONONSPEC,TOTEXPSB,KBBL,0.0000,3
ZA,2024-05,ONONSPEC,TOTEXPSB,KBD,0.0000,3
ZA,2024-05,ONONSPEC,TOTEXPSB,KL,0.0000,3
ZA,2024-05,ONONSPEC,TOTEXPSB,KTONS,1.0000,3
ZA,2024-05,ONONSPEC,TOTIMPSB,CONVBBL,0.0000,3
ZA,2024-05,ONONSPEC,TOTIMPSB,KBBL,0.0000,3
ZA,2024-05,ONONSPEC,TOTIMPSB,KBD,0.0000,3
ZA,2024-05,ONONSPEC,TOTIMPSB,KL,0.0000,3
ZA,2024-05,ONONSPEC,TOTIMPSB,KTONS,0.0000,3
ZA,2024-06,ONONSPEC,CLOSTLV,CONVBBL,0.0000,3
ZA,2024-06,ONONSPEC,CLOSTLV,KBBL,0.0000,3
ZA,2024-06,ONONSPEC,CLOSTLV,KBD,x,3
ZA,2024-06,ONONSPEC,CLOSTLV,KL,0.0000,3
ZA,2024-06,ONONSPEC,CLOSTLV,KTONS,27.0000,3
ZA,2024-06,ONONSPEC,IPTRANSF,CONVBBL,0.0000,3
ZA,2024-06,ONONSPEC,IPTRANSF,KBBL,0.0000,3
ZA,2024-06,ONONSPEC,IPTRANSF,KBD,0.0000,3
ZA,2024-06,ONONSPEC,IPTRANSF,KL,0.0000,3
ZA,2024-06,ONONSPEC,IPTRANSF,KTONS,0.0000,3
ZA,2024-06,ONONSPEC,PTRANSF,CONVBBL,0.0000,3
ZA,2024-06,ONONSPEC,PTRANSF,KBBL,-,3
ZA,2024-06,ONONSPEC,PTRANSF,KBD,-,3
ZA,2024-06,ONONSPEC,PTRANSF,KL,-,3
ZA,2024-06,ONONSPEC,PTRANSF,KTONS,-,3
ZA,2024-06,ONONSPEC,RECEIPTS,CONVBBL,0.0000,3
ZA,2024-06,ONONSPEC,RECEIPTS,KBBL,0.0000,3
ZA,2024-06,ONONSPEC,RECEIPTS,KBD,0.0000,3
ZA,2024-06,ONONSPEC,RECEIPTS,KL,0.0000,3
ZA,2024-06,ONONSPEC,RECEIPTS,KTONS,0.0000,3
ZA,2024-06,ONONSPEC,REFGROUT,CONVBBL,0.0000,3
ZA,2024-06,ONONSPEC,REFGROUT,KBBL,0.0000,3
ZA,2024-06,ONONSPEC,REFGROUT,KBD,0.0000,3
ZA,2024-06,ONONSPEC,REFGROUT,KL,0.0000,3
ZA,2024-06,ONONSPEC,REFGROUT,KTONS,93.0000,3
ZA,2024-06,ONONSPEC,STATDIFF,CONVBBL,0.0000,3
ZA,2024-06,ONONSPEC,STATDIFF,KBBL,0.0000,3
ZA,2024-06,ONONSPEC,STATDIFF,KBD,0.0000,3
ZA,2024-06,ONONSPEC,STATDIFF,KL,0.0000,3
ZA,2024-06,ONONSPEC,STATDIFF,KTONS,35.0000,3
ZA,2024-06,ONONSPEC,STOCKCH,CONVBBL,0.0000,3
ZA,2024-06,ONONSPEC,STOCKCH,KBBL,0.0000,3
ZA,2024-06,ONONSPEC,STOCKCH,KBD,x,3
ZA,2024-06,ONONSPEC,STOCKCH,KL,0.0000,3
ZA,2024-06,ONONSPEC,STOCKCH,KTONS,1.0000,3
ZA,2024-06,ONONSPEC,TOTDEMO,CONVBBL,0.0000,3
ZA,2024-06,ONONSPEC,TOTDEMO,KBBL,0.0000,3
ZA,2024-06,ONONSPEC,TOTDEMO,KBD,0.0000,3
ZA,2024-06,ONONSPEC,TOTDEMO,KL,0.0000,3
ZA,2024-06,ONONSPEC,TOTDEMO,KTONS,58.0000,3
ZA,2024-06,ONONSPEC,TOTEXPSB,CONVBBL,0.0000,3
ZA,2024-06,ONONSPEC,TOTEXPSB,KBBL,0.0000,3
ZA,2024-06,ONONSPEC,TOTEXPSB,KBD,0.0000,3
ZA,2024-06,ONONSPEC,TOTEXPSB,KL,0.0000,3
ZA,2024-06,ONONSPEC,TOTEXPSB,KTONS,1.0000,3
ZA,2024-06,ONONSPEC,TOTIMPSB,CONVBBL,0.0000,3
ZA,2024-06,ONONSPEC,TOTIMPSB,KBBL,0.0000,3
ZA,2024-06,ONONSPEC,TOTIMPSB,KBD,0.0000,3
ZA,2024-06,ONONSPEC,TOTIMPSB,KL,0.0000,3
ZA,2024-06,ONONSPEC,TOTIMPSB,KTONS,2.0000,3
ZA,2024-07,ONONSPEC,CLOSTLV,CONVBBL,0.0000,3
ZA,2024-07,ONONSPEC,CLOSTLV,KBBL,0.0000,3
ZA,2024-07,ONONSPEC,CLOSTLV,KBD,x,3
ZA,2024-07,ONONSPEC,CLOSTLV,KL,0.0000,3
ZA,2024-07,ONONSPEC,CLOSTLV,KTONS,30.0000,3
ZA,2024-07,ONONSPEC,IPTRANSF,CONVBBL,0.0000,3
ZA,2024-07,ONONSPEC,IPTRANSF,KBBL,0.0000,3
ZA,2024-07,ONONSPEC,IPTRANSF,KBD,0.0000,3
ZA,2024-07,ONONSPEC,IPTRANSF,KL,0.0000,3
ZA,2024-07,ONONSPEC,IPTRANSF,KTONS,0.0000,3
ZA,2024-07,ONONSPEC,PTRANSF,CONVBBL,0.0000,3
ZA,2024-07,ONONSPEC,PTRANSF,KBBL,-,3
ZA,2024-07,ONONSPEC,PTRANSF,KBD,-,3
ZA,2024-07,ONONSPEC,PTRANSF,KL,-,3
ZA,2024-07,ONONSPEC,PTRANSF,KTONS,-,3
ZA,2024-07,ONONSPEC,RECEIPTS,CONVBBL,0.0000,3
ZA,2024-07,ONONSPEC,RECEIPTS,KBBL,0.0000,3
ZA,2024-07,ONONSPEC,RECEIPTS,KBD,0.0000,3
ZA,2024-07,ONONSPEC,RECEIPTS,KL,0.0000,3
ZA,2024-07,ONONSPEC,RECEIPTS,KTONS,0.0000,3
ZA,2024-07,ONONSPEC,REFGROUT,CONVBBL,0.0000,3
ZA,2024-07,ONONSPEC,REFGROUT,KBBL,0.0000,3
ZA,2024-07,ONONSPEC,REFGROUT,KBD,0.0000,3
ZA,2024-07,ONONSPEC,REFGROUT,KL,0.0000,3
ZA,2024-07,ONONSPEC,REFGROUT,KTONS,100.0000,3
ZA,2024-07,ONONSPEC,STATDIFF,CONVBBL,0.0000,3
ZA,2024-07,ONONSPEC,STATDIFF,KBBL,0.0000,3
ZA,2024-07,ONONSPEC,STATDIFF,KBD,0.0000,3
ZA,2024-07,ONONSPEC,STATDIFF,KL,0.0000,3
ZA,2024-07,ONONSPEC,STATDIFF,KTONS,56.0000,3
ZA,2024-07,ONONSPEC,STOCKCH,CONVBBL,0.0000,3
ZA,2024-07,ONONSPEC,STOCKCH,KBBL,0.0000,3
ZA,2024-07,ONONSPEC,STOCKCH,KBD,x,3
ZA,2024-07,ONONSPEC,STOCKCH,KL,0.0000,3
ZA,2024-07,ONONSPEC,STOCKCH,KTONS,6.0000,3
ZA,2024-07,ONONSPEC,TOTDEMO,CONVBBL,0.0000,3
ZA,2024-07,ONONSPEC,TOTDEMO,KBBL,0.0000,3
ZA,2024-07,ONONSPEC,TOTDEMO,KBD,0.0000,3
ZA,2024-07,ONONSPEC,TOTDEMO,KL,0.0000,3
ZA,2024-07,ONONSPEC,TOTDEMO,KTONS,63.0000,3
ZA,2024-07,ONONSPEC,TOTEXPSB,CONVBBL,0.0000,3
ZA,2024-07,ONONSPEC,TOTEXPSB,KBBL,0.0000,3
ZA,2024-07,ONONSPEC,TOTEXPSB,KBD,0.0000,3
ZA,2024-07,ONONSPEC,TOTEXPSB,KL,0.0000,3
ZA,2024-07,ONONSPEC,TOTEXPSB,KTONS,0.0000,3
ZA,2024-07,ONONSPEC,TOTIMPSB,CONVBBL,0.0000,3
ZA,2024-07,ONONSPEC,TOTIMPSB,KBBL,0.0000,3
ZA,2024-07,ONONSPEC,TOTIMPSB,KBD,0.0000,3
ZA,2024-07,ONONSPEC,TOTIMPSB,KL,0.0000,3
ZA,2024-07,ONONSPEC,TOTIMPSB,KTONS,25.0000,3
ZA,2024-08,ONONSPEC,CLOSTLV,CONVBBL,0.0000,3
ZA,2024-08,ONONSPEC,CLOSTLV,KBBL,0.0000,3
ZA,2024-08,ONONSPEC,CLOSTLV,KBD,x,3
ZA,2024-08,ONONSPEC,CLOSTLV,KL,0.0000,3
ZA,2024-08,ONONSPEC,CLOSTLV,KTONS,33.0000,3
ZA,2024-08,ONONSPEC,IPTRANSF,CONVBBL,0.0000,3
ZA,2024-08,ONONSPEC,IPTRANSF,KBBL,0.0000,3
ZA,2024-08,ONONSPEC,IPTRANSF,KBD,0.0000,3
ZA,2024-08,ONONSPEC,IPTRANSF,KL,0.0000,3
ZA,2024-08,ONONSPEC,IPTRANSF,KTONS,0.0000,3
ZA,2024-08,ONONSPEC,PTRANSF,CONVBBL,0.0000,3
ZA,2024-08,ONONSPEC,PTRANSF,KBBL,-,3
ZA,2024-08,ONONSPEC,PTRANSF,KBD,-,3
ZA,2024-08,ONONSPEC,PTRANSF,KL,-,3
ZA,2024-08,ONONSPEC,PTRANSF,KTONS,-,3
ZA,2024-08,ONONSPEC,RECEIPTS,CONVBBL,0.0000,3
ZA,2024-08,ONONSPEC,RECEIPTS,KBBL,0.0000,3
ZA,2024-08,ONONSPEC,RECEIPTS,KBD,0.0000,3
ZA,2024-08,ONONSPEC,RECEIPTS,KL,0.0000,3
ZA,2024-08,ONONSPEC,RECEIPTS,KTONS,0.0000,3
ZA,2024-08,ONONSPEC,REFGROUT,CONVBBL,0.0000,3
ZA,2024-08,ONONSPEC,REFGROUT,KBBL,0.0000,3
ZA,2024-08,ONONSPEC,REFGROUT,KBD,0.0000,3
ZA,2024-08,ONONSPEC,REFGROUT,KL,0.0000,3
ZA,2024-08,ONONSPEC,REFGROUT,KTONS,74.0000,3
ZA,2024-08,ONONSPEC,STATDIFF,CONVBBL,0.0000,3
ZA,2024-08,ONONSPEC,STATDIFF,KBBL,0.0000,3
ZA,2024-08,ONONSPEC,STATDIFF,KBD,0.0000,3
ZA,2024-08,ONONSPEC,STATDIFF,KL,0.0000,3
ZA,2024-08,ONONSPEC,STATDIFF,KTONS,26.0000,3
ZA,2024-08,ONONSPEC,STOCKCH,CONVBBL,0.0000,3
ZA,2024-08,ONONSPEC,STOCKCH,KBBL,0.0000,3
ZA,2024-08,ONONSPEC,STOCKCH,KBD,x,3
ZA,2024-08,ONONSPEC,STOCKCH,KL,0.0000,3
ZA,2024-08,ONONSPEC,STOCKCH,KTONS,5.0000,3
ZA,2024-08,ONONSPEC,TOTDEMO,CONVBBL,0.0000,3
ZA,2024-08,ONONSPEC,TOTDEMO,KBBL,0.0000,3
ZA,2024-08,ONONSPEC,TOTDEMO,KBD,0.0000,3
ZA,2024-08,ONONSPEC,TOTDEMO,KL,0.0000,3
ZA,2024-08,ONONSPEC,TOTDEMO,KTONS,46.0000,3
ZA,2024-08,ONONSPEC,TOTEXPSB,CONVBBL,0.0000,3
ZA,2024-08,ONONSPEC,TOTEXPSB,KBBL,0.0000,3
ZA,2024-08,ONONSPEC,TOTEXPSB,KBD,0.0000,3
ZA,2024-08,ONONSPEC,TOTEXPSB,KL,0.0000,3
ZA,2024-08,ONONSPEC,TOTEXPSB,KTONS,0.0000,3
ZA,2024-08,ONONSPEC,TOTIMPSB,CONVBBL,0.0000,3
ZA,2024-08,ONONSPEC,TOTIMPSB,KBBL,0.0000,3
ZA,2024-08,ONONSPEC,TOTIMPSB,KBD,0.0000,3
ZA,2024-08,ONONSPEC,TOTIMPSB,KL,0.0000,3
ZA,2024-08,ONONSPEC,TOTIMPSB,KTONS,4.0000,3
ZA,2024-09,ONONSPEC,CLOSTLV,CONVBBL,0.0000,3
ZA,2024-09,ONONSPEC,CLOSTLV,KBBL,0.0000,3
ZA,2024-09,ONONSPEC,CLOSTLV,KBD,x,3
ZA,2024-09,ONONSPEC,CLOSTLV,KL,0.0000,3
ZA,2024-09,ONONSPEC,CLOSTLV,KTONS,35.0000,3
ZA,2024-09,ONONSPEC,IPTRANSF,CONVBBL,0.0000,3
ZA,2024-09,ONONSPEC,IPTRANSF,KBBL,0.0000,3
ZA,2024-09,ONONSPEC,IPTRANSF,KBD,0.0000,3
ZA,2024-09,ONONSPEC,IPTRANSF,KL,0.0000,3
ZA,2024-09,ONONSPEC,IPTRANSF,KTONS,0.0000,3
ZA,2024-09,ONONSPEC,PTRANSF,CONVBBL,0.0000,3
ZA,2024-09,ONONSPEC,PTRANSF,KBBL,-,3
ZA,2024-09,ONONSPEC,PTRANSF,KBD,-,3
ZA,2024-09,ONONSPEC,PTRANSF,KL,-,3
ZA,2024-09,ONONSPEC,PTRANSF,KTONS,-,3
ZA,2024-09,ONONSPEC,RECEIPTS,CONVBBL,0.0000,3
ZA,2024-09,ONONSPEC,RECEIPTS,KBBL,0.0000,3
ZA,2024-09,ONONSPEC,RECEIPTS,KBD,0.0000,3
ZA,2024-09,ONONSPEC,RECEIPTS,KL,0.0000,3
ZA,2024-09,ONONSPEC,RECEIPTS,KTONS,0.0000,3
ZA,2024-09,ONONSPEC,REFGROUT,CONVBBL,0.0000,3
ZA,2024-09,ONONSPEC,REFGROUT,KBBL,0.0000,3
ZA,2024-09,ONONSPEC,REFGROUT,KBD,0.0000,3
ZA,2024-09,ONONSPEC,REFGROUT,KL,0.0000,3
ZA,2024-09,ONONSPEC,REFGROUT,KTONS,73.0000,3
ZA,2024-09,ONONSPEC,STATDIFF,CONVBBL,0.0000,3
ZA,2024-09,ONONSPEC,STATDIFF,KBBL,0.0000,3
ZA,2024-09,ONONSPEC,STATDIFF,KBD,0.0000,3
ZA,2024-09,ONONSPEC,STATDIFF,KL,0.0000,3
ZA,2024-09,ONONSPEC,STATDIFF,KTONS,34.0000,3
ZA,2024-09,ONONSPEC,STOCKCH,CONVBBL,0.0000,3
ZA,2024-09,ONONSPEC,STOCKCH,KBBL,0.0000,3
ZA,2024-09,ONONSPEC,STOCKCH,KBD,x,3
ZA,2024-09,ONONSPEC,STOCKCH,KL,0.0000,3
ZA,2024-09,ONONSPEC,STOCKCH,KTONS,5.0000,3
ZA,2024-09,ONONSPEC,TOTDEMO,CONVBBL,0.0000,3
ZA,2024-09,ONONSPEC,TOTDEMO,KBBL,0.0000,3
ZA,2024-09,ONONSPEC,TOTDEMO,KBD,0.0000,3
ZA,2024-09,ONONSPEC,TOTDEMO,KL,0.0000,3
ZA,2024-09,ONONSPEC,TOTDEMO,KTONS,60.0000,3
ZA,2024-09,ONONSPEC,TOTEXPSB,CONVBBL,0.0000,3
ZA,2024-09,ONONSPEC,TOTEXPSB,KBBL,0.0000,3
ZA,2024-09,ONONSPEC,TOTEXPSB,KBD,0.0000,3
ZA,2024-09,ONONSPEC,TOTEXPSB,KL,0.0000,3
ZA,2024-09,ONONSPEC,TOTEXPSB,KTONS,0.0000,3
ZA,2024-09,ONONSPEC,TOTIMPSB,CONVBBL,0.0000,3
ZA,2024-09,ONONSPEC,TOTIMPSB,KBBL,0.0000,3
ZA,2024-09,ONONSPEC,TOTIMPSB,KBD,0.0000,3
ZA,2024-09,ONONSPEC,TOTIMPSB,KL,0.0000,3
ZA,2024-09,ONONSPEC,TOTIMPSB,KTONS,28.0000,3
ZA,2024-10,ONONSPEC,CLOSTLV,CONVBBL,0.0000,3
ZA,2024-10,ONONSPEC,CLOSTLV,KBBL,0.0000,3
ZA,2024-10,ONONSPEC,CLOSTLV,KBD,x,3
ZA,2024-10,ONONSPEC,CLOSTLV,KL,0.0000,3
ZA,2024-10,ONONSPEC,CLOSTLV,KTONS,41.0000,3
ZA,2024-10,ONONSPEC,IPTRANSF,CONVBBL,0.0000,3
ZA,2024-10,ONONSPEC,IPTRANSF,KBBL,0.0000,3
ZA,2024-10,ONONSPEC,IPTRANSF,KBD,0.0000,3
ZA,2024-10,ONONSPEC,IPTRANSF,KL,0.0000,3
ZA,2024-10,ONONSPEC,IPTRANSF,KTONS,0.0000,3
ZA,2024-10,ONONSPEC,PTRANSF,CONVBBL,0.0000,3
ZA,2024-10,ONONSPEC,PTRANSF,KBBL,-,3
ZA,2024-10,ONONSPEC,PTRANSF,KBD,-,3
ZA,2024-10,ONONSPEC,PTRANSF,KL,-,3
ZA,2024-10,ONONSPEC,PTRANSF,KTONS,-,3
ZA,2024-10,ONONSPEC,RECEIPTS,CONVBBL,0.0000,3
ZA,2024-10,ONONSPEC,RECEIPTS,KBBL,0.0000,3
ZA,2024-10,ONONSPEC,RECEIPTS,KBD,0.0000,3
ZA,2024-10,ONONSPEC,RECEIPTS,KL,0.0000,3
ZA,2024-10,ONONSPEC,RECEIPTS,KTONS,0.0000,3
ZA,2024-10,ONONSPEC,REFGROUT,CONVBBL,0.0000,3
ZA,2024-10,ONONSPEC,REFGROUT,KBBL,0.0000,3
ZA,2024-10,ONONSPEC,REFGROUT,KBD,0.0000,3
ZA,2024-10,ONONSPEC,REFGROUT,KL,0.0000,3
ZA,2024-10,ONONSPEC,REFGROUT,KTONS,110.0000,3
ZA,2024-10,ONONSPEC,STATDIFF,CONVBBL,0.0000,3
ZA,2024-10,ONONSPEC,STATDIFF,KBBL,0.0000,3
ZA,2024-10,ONONSPEC,STATDIFF,KBD,0.0000,3
ZA,2024-10,ONONSPEC,STATDIFF,KL,0.0000,3
ZA,2024-10,ONONSPEC,STATDIFF,KTONS,37.0000,3
ZA,2024-10,ONONSPEC,STOCKCH,CONVBBL,0.0000,3
ZA,2024-10,ONONSPEC,STOCKCH,KBBL,0.0000,3
ZA,2024-10,ONONSPEC,STOCKCH,KBD,x,3
ZA,2024-10,ONONSPEC,STOCKCH,KL,0.0000,3
ZA,2024-10,ONONSPEC,STOCKCH,KTONS,9.0000,3
ZA,2024-10,ONONSPEC,TOTDEMO,CONVBBL,0.0000,3
ZA,2024-10,ONONSPEC,TOTDEMO,KBBL,0.0000,3
ZA,2024-10,ONONSPEC,TOTDEMO,KBD,0.0000,3
ZA,2024-10,ONONSPEC,TOTDEMO,KL,0.0000,3
ZA,2024-10,ONONSPEC,TOTDEMO,KTONS,66.0000,3
ZA,2024-10,ONONSPEC,TOTEXPSB,CONVBBL,0.0000,3
ZA,2024-10,ONONSPEC,TOTEXPSB,KBBL,0.0000,3
ZA,2024-10,ONONSPEC,TOTEXPSB,KBD,0.0000,3
ZA,2024-10,ONONSPEC,TOTEXPSB,KL,0.0000,3
ZA,2024-10,ONONSPEC,TOTEXPSB,KTONS,1.0000,3
ZA,2024-10,ONONSPEC,TOTIMPSB,CONVBBL,0.0000,3
ZA,2024-10,ONONSPEC,TOTIMPSB,KBBL,0.0000,3
ZA,2024-10,ONONSPEC,TOTIMPSB,KBD,0.0000,3
ZA,2024-10,ONONSPEC,TOTIMPSB,KL,0.0000,3
ZA,2024-10,ONONSPEC,TOTIMPSB,KTONS,3.0000,3
ZA,2024-11,ONONSPEC,CLOSTLV,CONVBBL,0.0000,3
ZA,2024-11,ONONSPEC,CLOSTLV,KBBL,0.0000,3
ZA,2024-11,ONONSPEC,CLOSTLV,KBD,x,3
ZA,2024-11,ONONSPEC,CLOSTLV,KL,0.0000,3
ZA,2024-11,ONONSPEC,CLOSTLV,KTONS,35.0000,3
ZA,2024-11,ONONSPEC,IPTRANSF,CONVBBL,0.0000,3
ZA,2024-11,ONONSPEC,IPTRANSF,KBBL,0.0000,3
ZA,2024-11,ONONSPEC,IPTRANSF,KBD,0.0000,3
ZA,2024-11,ONONSPEC,IPTRANSF,KL,0.0000,3
ZA,2024-11,ONONSPEC,IPTRANSF,KTONS,0.0000,3
ZA,2024-11,ONONSPEC,PTRANSF,CONVBBL,0.0000,3
ZA,2024-11,ONONSPEC,PTRANSF,KBBL,-,3
ZA,2024-11,ONONSPEC,PTRANSF,KBD,-,3
ZA,2024-11,ONONSPEC,PTRANSF,KL,-,3
ZA,2024-11,ONONSPEC,PTRANSF,KTONS,-,3
ZA,2024-11,ONONSPEC,RECEIPTS,CONVBBL,0.0000,3
ZA,2024-11,ONONSPEC,RECEIPTS,KBBL,0.0000,3
ZA,2024-11,ONONSPEC,RECEIPTS,KBD,0.0000,3
ZA,2024-11,ONONSPEC,RECEIPTS,KL,0.0000,3
ZA,2024-11,ONONSPEC,RECEIPTS,KTONS,0.0000,3
ZA,2024-11,ONONSPEC,REFGROUT,CONVBBL,0.0000,3
ZA,2024-11,ONONSPEC,REFGROUT,KBBL,0.0000,3
ZA,2024-11,ONONSPEC,REFGROUT,KBD,0.0000,3
ZA,2024-11,ONONSPEC,REFGROUT,KL,0.0000,3
ZA,2024-11,ONONSPEC,REFGROUT,KTONS,84.0000,3
ZA,2024-11,ONONSPEC,STATDIFF,CONVBBL,0.0000,3
ZA,2024-11,ONONSPEC,STATDIFF,KBBL,0.0000,3
ZA,2024-11,ONONSPEC,STATDIFF,KBD,0.0000,3
ZA,2024-11,ONONSPEC,STATDIFF,KL,0.0000,3
ZA,2024-11,ONONSPEC,STATDIFF,KTONS,27.0000,3
ZA,2024-11,ONONSPEC,STOCKCH,CONVBBL,0.0000,3
ZA,2024-11,ONONSPEC,STOCKCH,KBBL,0.0000,3
ZA,2024-11,ONONSPEC,STOCKCH,KBD,x,3
ZA,2024-11,ONONSPEC,STOCKCH,KL,0.0000,3
ZA,2024-11,ONONSPEC,STOCKCH,KTONS,9.0000,3
ZA,2024-11,ONONSPEC,TOTDEMO,CONVBBL,0.0000,3
ZA,2024-11,ONONSPEC,TOTDEMO,KBBL,0.0000,3
ZA,2024-11,ONONSPEC,TOTDEMO,KBD,0.0000,3
ZA,2024-11,ONONSPEC,TOTDEMO,KL,0.0000,3
ZA,2024-11,ONONSPEC,TOTDEMO,KTONS,49.0000,3
ZA,2024-11,ONONSPEC,TOTEXPSB,CONVBBL,0.0000,3
ZA,2024-11,ONONSPEC,TOTEXPSB,KBBL,0.0000,3
ZA,2024-11,ONONSPEC,TOTEXPSB,KBD,0.0000,3
ZA,2024-11,ONONSPEC,TOTEXPSB,KL,0.0000,3
ZA,2024-11,ONONSPEC,TOTEXPSB,KTONS,0.0000,3
ZA,2024-11,ONONSPEC,TOTIMPSB,CONVBBL,0.0000,3
ZA,2024-11,ONONSPEC,TOTIMPSB,KBBL,0.0000,3
ZA,2024-11,ONONSPEC,TOTIMPSB,KBD,0.0000,3
ZA,2024-11,ONONSPEC,TOTIMPSB,KL,0.0000,3
ZA,2024-11,ONONSPEC,TOTIMPSB,KTONS,2.0000,3
ZA,2024-12,ONONSPEC,CLOSTLV,CONVBBL,0.0000,3
ZA,2024-12,ONONSPEC,CLOSTLV,KBBL,0.0000,3
ZA,2024-12,ONONSPEC,CLOSTLV,KBD,x,3
ZA,2024-12,ONONSPEC,CLOSTLV,KL,0.0000,3
ZA,2024-12,ONONSPEC,CLOSTLV,KTONS,39.0000,3
ZA,2024-12,ONONSPEC,IPTRANSF,CONVBBL,0.0000,3
ZA,2024-12,ONONSPEC,IPTRANSF,KBBL,0.0000,3
ZA,2024-12,ONONSPEC,IPTRANSF,KBD,0.0000,3
ZA,2024-12,ONONSPEC,IPTRANSF,KL,0.0000,3
ZA,2024-12,ONONSPEC,IPTRANSF,KTONS,0.0000,3
ZA,2024-12,ONONSPEC,PTRANSF,CONVBBL,0.0000,3
ZA,2024-12,ONONSPEC,PTRANSF,KBBL,-,3
ZA,2024-12,ONONSPEC,PTRANSF,KBD,-,3
ZA,2024-12,ONONSPEC,PTRANSF,KL,-,3
ZA,2024-12,ONONSPEC,PTRANSF,KTONS,-,3
ZA,2024-12,ONONSPEC,RECEIPTS,CONVBBL,0.0000,3
ZA,2024-12,ONONSPEC,RECEIPTS,KBBL,0.0000,3
ZA,2024-12,ONONSPEC,RECEIPTS,KBD,0.0000,3
ZA,2024-12,ONONSPEC,RECEIPTS,KL,0.0000,3
ZA,2024-12,ONONSPEC,RECEIPTS,KTONS,0.0000,3
ZA,2024-12,ONONSPEC,REFGROUT,CONVBBL,0.0000,3
ZA,2024-12,ONONSPEC,REFGROUT,KBBL,0.0000,3
ZA,2024-12,ONONSPEC,REFGROUT,KBD,0.0000,3
ZA,2024-12,ONONSPEC,REFGROUT,KL,0.0000,3
ZA,2024-12,ONONSPEC,REFGROUT,KTONS,88.0000,3
ZA,2024-12,ONONSPEC,STATDIFF,CONVBBL,0.0000,3
ZA,2024-12,ONONSPEC,STATDIFF,KBBL,0.0000,3
ZA,2024-12,ONONSPEC,STATDIFF,KBD,0.0000,3
ZA,2024-12,ONONSPEC,STATDIFF,KL,0.0000,3
ZA,2024-12,ONONSPEC,STATDIFF,KTONS,45.0000,3
ZA,2024-12,ONONSPEC,STOCKCH,CONVBBL,0.0000,3
ZA,2024-12,ONONSPEC,STOCKCH,KBBL,0.0000,3
ZA,2024-12,ONONSPEC,STOCKCH,KBD,x,3
ZA,2024-12,ONONSPEC,STOCKCH,KL,0.0000,3
ZA,2024-12,ONONSPEC,STOCKCH,KTONS,7.0000,3
ZA,2024-12,ONONSPEC,TOTDEMO,CONVBBL,0.0000,3
ZA,2024-12,ONONSPEC,TOTDEMO,KBBL,0.0000,3
ZA,2024-12,ONONSPEC,TOTDEMO,KBD,0.0000,3
ZA,2024-12,ONONSPEC,TOTDEMO,KL,0.0000,3
ZA,2024-12,ONONSPEC,TOTDEMO,KTONS,48.0000,3
ZA,2024-12,ONONSPEC,TOTEXPSB,CONVBBL,0.0000,3
ZA,2024-12,ONONSPEC,TOTEXPSB,KBBL,0.0000,3
ZA,2024-12,ONONSPEC,TOTEXPSB,KBD,0.0000,3
ZA,2024-12,ONONSPEC,TOTEXPSB,KL,0.0000,3
ZA,2024-12,ONONSPEC,TOTEXPSB,KTONS,0.0000,3
ZA,2024-12,ONONSPEC,TOTIMPSB,CONVBBL,0.0000,3
ZA,2024-12,ONONSPEC,TOTIMPSB,KBBL,0.0000,3
ZA,2024-12,ONONSPEC,TOTIMPSB,KBD,0.0000,3
ZA,2024-12,ONONSPEC,TOTIMPSB,KL,0.0000,3
ZA,2024-12,ONONSPEC,TOTIMPSB,KTONS,12.0000,3
ZA,2024-01,RESFUEL,CLOSTLV,CONVBBL,6491.0000,3
ZA,2024-01,RESFUEL,CLOSTLV,KBBL,649.1000,3
ZA,2024-01,RESFUEL,CLOSTLV,KBD,x,3
ZA,2024-01,RESFUEL,CLOSTLV,KL,103.1988,3
ZA,2024-01,RESFUEL,CLOSTLV,KTONS,100.0000,3
ZA,2024-01,RESFUEL,IPTRANSF,CONVBBL,6491.0000,3
ZA,2024-01,RESFUEL,IPTRANSF,KBBL,6.4910,3
ZA,2024-01,RESFUEL,IPTRANSF,KBD,0.2094,3
ZA,2024-01,RESFUEL,IPTRANSF,KL,1.0320,3
ZA,2024-01,RESFUEL,IPTRANSF,KTONS,1.0000,3
ZA,2024-01,RESFUEL,PTRANSF,CONVBBL,6491.0000,3
ZA,2024-01,RESFUEL,PTRANSF,KBBL,-,3
ZA,2024-01,RESFUEL,PTRANSF,KBD,-,3
ZA,2024-01,RESFUEL,PTRANSF,KL,-,3
ZA,2024-01,RESFUEL,PTRANSF,KTONS,-,3
ZA,2024-01,RESFUEL,RECEIPTS,CONVBBL,6491.0000,3
ZA,2024-01,RESFUEL,RECEIPTS,KBBL,-,3
ZA,2024-01,RESFUEL,RECEIPTS,KBD,-,3
ZA,2024-01,RESFUEL,RECEIPTS,KL,-,3
ZA,2024-01,RESFUEL,RECEIPTS,KTONS,-,3
ZA,2024-01,RESFUEL,REFGROUT,CONVBBL,6491.0000,3
ZA,2024-01,RESFUEL,REFGROUT,KBBL,603.6630,3
ZA,2024-01,RESFUEL,REFGROUT,KBD,19.4730,3
ZA,2024-01,RESFUEL,REFGROUT,KL,95.9749,3
ZA,2024-01,RESFUEL,REFGROUT,KTONS,93.0000,3
ZA,2024-01,RESFUEL,STATDIFF,CONVBBL,6491.0000,3
ZA,2024-01,RESFUEL,STATDIFF,KBBL,25.9640,3
ZA,2024-01,RESFUEL,STATDIFF,KBD,0.8375,3
ZA,2024-01,RESFUEL,STATDIFF,KL,4.1280,3
ZA,2024-01,RESFUEL,STATDIFF,KTONS,4.0000,3
ZA,2024-01,RESFUEL,STOCKCH,CONVBBL,6491.0000,3
ZA,2024-01,RESFUEL,STOCKCH,KBBL,97.3650,3
ZA,2024-01,RESFUEL,STOCKCH,KBD,x,3
ZA,2024-01,RESFUEL,STOCKCH,KL,15.4798,3
ZA,2024-01,RESFUEL,STOCKCH,KTONS,15.0000,3
ZA,2024-01,RESFUEL,TOTDEMO,CONVBBL,6491.0000,3
ZA,2024-01,RESFUEL,TOTDEMO,KBBL,675.0640,3
ZA,2024-01,RESFUEL,TOTDEMO,KBD,21.7763,3
ZA,2024-01,RESFUEL,TOTDEMO,KL,107.3268,3
ZA,2024-01,RESFUEL,TOTDEMO,KTONS,104.0000,3
ZA,2024-01,RESFUEL,TOTEXPSB,CONVBBL,6491.0000,3
ZA,2024-01,RESFUEL,TOTEXPSB,KBBL,0.0000,3
ZA,2024-01,RESFUEL,TOTEXPSB,KBD,0.0000,3
ZA,2024-01,RESFUEL,TOTEXPSB,KL,0.0000,3
ZA,2024-01,RESFUEL,TOTEXPSB,KTONS,0.0000,3
ZA,2024-01,RESFUEL,TOTIMPSB,CONVBBL,6491.0000,3
ZA,2024-01,RESFUEL,TOTIMPSB,KBBL,181.7480,3
ZA,2024-01,RESFUEL,TOTIMPSB,KBD,5.8628,3
ZA,2024-01,RESFUEL,TOTIMPSB,KL,28.8957,3
ZA,2024-01,RESFUEL,TOTIMPSB,KTONS,28.0000,3
ZA,2024-02,RESFUEL,CLOSTLV,CONVBBL,6491.0000,3
ZA,2024-02,RESFUEL,CLOSTLV,KBBL,642.6090,3
ZA,2024-02,RESFUEL,CLOSTLV,KBD,x,3
ZA,2024-02,RESFUEL,CLOSTLV,KL,102.1668,3
ZA,2024-02,RESFUEL,CLOSTLV,KTONS,99.0000,3
ZA,2024-02,RESFUEL,IPTRANSF,CONVBBL,6491.0000,3
ZA,2024-02,RESFUEL,IPTRANSF,KBBL,6.4910,3
ZA,2024-02,RESFUEL,IPTRANSF,KBD,0.2238,3
ZA,2024-02,RESFUEL,IPTRANSF,KL,1.0320,3
ZA,2024-02,RESFUEL,IPTRANSF,KTONS,1.0000,3
ZA,2024-02,RESFUEL,PTRANSF,CONVBBL,6491.0000,3
ZA,2024-02,RESFUEL,PTRANSF,KBBL,-,3
ZA,2024-02,RESFUEL,PTRANSF,KBD,-,3
ZA,2024-02,RESFUEL,PTRANSF,KL,-,3
ZA,2024-02,RESFUEL,PTRANSF,KTONS,-,3
ZA,2024-02,RESFUEL,RECEIPTS,CONVBBL,6491.0000,3
ZA,2024-02,RESFUEL,RECEIPTS,KBBL,-,3
ZA,2024-02,RESFUEL,RECEIPTS,KBD,-,3
ZA,2024-02,RESFUEL,RECEIPTS,KL,-,3
ZA,2024-02,RESFUEL,RECEIPTS,KTONS,-,3
ZA,2024-02,RESFUEL,REFGROUT,CONVBBL,6491.0000,3
ZA,2024-02,RESFUEL,REFGROUT,KBBL,551.7350,3
ZA,2024-02,RESFUEL,REFGROUT,KBD,19.0253,3
ZA,2024-02,RESFUEL,REFGROUT,KL,87.7190,3
ZA,2024-02,RESFUEL,REFGROUT,KTONS,85.0000,3
ZA,2024-02,RESFUEL,STATDIFF,CONVBBL,6491.0000,3
ZA,2024-02,RESFUEL,STATDIFF,KBBL,-25.9640,3
ZA,2024-02,RESFUEL,STATDIFF,KBD,-0.8953,3
ZA,2024-02,RESFUEL,STATDIFF,KL,-4.1280,3
ZA,2024-02,RESFUEL,STATDIFF,KTONS,-4.0000,3
ZA,2024-02,RESFUEL,STOCKCH,CONVBBL,6491.0000,3
ZA,2024-02,RESFUEL,STOCKCH,KBBL,110.3470,3
ZA,2024-02,RESFUEL,STOCKCH,KBD,x,3
ZA,2024-02,RESFUEL,STOCKCH,KL,17.5438,3
ZA,2024-02,RESFUEL,STOCKCH,KTONS,17.0000,3
ZA,2024-02,RESFUEL,TOTDEMO,CONVBBL,6491.0000,3
ZA,2024-02,RESFUEL,TOTDEMO,KBBL,603.6630,3
ZA,2024-02,RESFUEL,TOTDEMO,KBD,20.8160,3
ZA,2024-02,RESFUEL,TOTDEMO,KL,95.9749,3
ZA,2024-02,RESFUEL,TOTDEMO,KTONS,93.0000,3
ZA,2024-02,RESFUEL,TOTEXPSB,CONVBBL,6491.0000,3
ZA,2024-02,RESFUEL,TOTEXPSB,KBBL,0.0000,3
ZA,2024-02,RESFUEL,TOTEXPSB,KBD,0.0000,3
ZA,2024-02,RESFUEL,TOTEXPSB,KL,0.0000,3
ZA,2024-02,RESFUEL,TOTEXPSB,KTONS,0.0000,3
ZA,2024-02,RESFUEL,TOTIMPSB,CONVBBL,6491.0000,3
ZA,2024-02,RESFUEL,TOTIMPSB,KBBL,123.3290,3
ZA,2024-02,RESFUEL,TOTIMPSB,KBD,4.2527,3
ZA,2024-02,RESFUEL,TOTIMPSB,KL,19.6078,3
ZA,2024-02,RESFUEL,TOTIMPSB,KTONS,19.0000,3
ZA,2024-03,RESFUEL,CLOSTLV,CONVBBL,6491.0000,3
ZA,2024-03,RESFUEL,CLOSTLV,KBBL,103.8560,3
ZA,2024-03,RESFUEL,CLOSTLV,KBD,x,3
ZA,2024-03,RESFUEL,CLOSTLV,KL,16.5118,3
ZA,2024-03,RESFUEL,CLOSTLV,KTONS,16.0000,3
ZA,2024-03,RESFUEL,IPTRANSF,CONVBBL,6491.0000,3
ZA,2024-03,RESFUEL,IPTRANSF,KBBL,6.4910,3
ZA,2024-03,RESFUEL,IPTRANSF,KBD,0.2094,3
ZA,2024-03,RESFUEL,IPTRANSF,KL,1.0320,3
ZA,2024-03,RESFUEL,IPTRANSF,KTONS,1.0000,3
ZA,2024-03,RESFUEL,PTRANSF,CONVBBL,6491.0000,3
ZA,2024-03,RESFUEL,PTRANSF,KBBL,-,3
ZA,2024-03,RESFUEL,PTRANSF,KBD,-,3
ZA,2024-03,RESFUEL,PTRANSF,KL,-,3
ZA,2024-03,RESFUEL,PTRANSF,KTONS,-,3
ZA,2024-03,RESFUEL,RECEIPTS,CONVBBL,6491.0000,3
ZA,2024-03,RESFUEL,RECEIPTS,KBBL,-,3
ZA,2024-03,RESFUEL,RECEIPTS,KBD,-,3
ZA,2024-03,RESFUEL,RECEIPTS,KL,-,3
ZA,2024-03,RESFUEL,RECEIPTS,KTONS,-,3
ZA,2024-03,RESFUEL,REFGROUT,CONVBBL,6491.0000,3
ZA,2024-03,RESFUEL,REFGROUT,KBBL,129.8200,3
ZA,2024-03,RESFUEL,REFGROUT,KBD,4.1877,3
ZA,2024-03,RESFUEL,REFGROUT,KL,20.6398,3
ZA,2024-03,RESFUEL,REFGROUT,KTONS,20.0000,3
ZA,2024-03,RESFUEL,STATDIFF,CONVBBL,6491.0000,3
ZA,2024-03,RESFUEL,STATDIFF,KBBL,350.5140,3
ZA,2024-03,RESFUEL,STATDIFF,KBD,11.3069,3
ZA,2024-03,RESFUEL,STATDIFF,KL,55.7274,3
ZA,2024-03,RESFUEL,STATDIFF,KTONS,54.0000,3
ZA,2024-03,RESFUEL,STOCKCH,CONVBBL,6491.0000,3
ZA,2024-03,RESFUEL,STOCKCH,KBBL,-207.7120,3
ZA,2024-03,RESFUEL,STOCKCH,KBD,x,3
ZA,2024-03,RESFUEL,STOCKCH,KL,-33.0236,3
ZA,2024-03,RESFUEL,STOCKCH,KTONS,-32.0000,3
ZA,2024-03,RESFUEL,TOTDEMO,CONVBBL,6491.0000,3
ZA,2024-03,RESFUEL,TOTDEMO,KBBL,538.7530,3
ZA,2024-03,RESFUEL,TOTDEMO,KBD,17.3791,3
ZA,2024-03,RESFUEL,TOTDEMO,KL,85.6550,3
ZA,2024-03,RESFUEL,TOTDEMO,KTONS,83.0000,3
ZA,2024-03,RESFUEL,TOTEXPSB,CONVBBL,6491.0000,3
ZA,2024-03,RESFUEL,TOTEXPSB,KBBL,0.0000,3
ZA,2024-03,RESFUEL,TOTEXPSB,KBD,0.0000,3
ZA,2024-03,RESFUEL,TOTEXPSB,KL,0.0000,3
ZA,2024-03,RESFUEL,TOTEXPSB,KTONS,0.0000,3
ZA,2024-03,RESFUEL,TOTIMPSB,CONVBBL,6491.0000,3
ZA,2024-03,RESFUEL,TOTIMPSB,KBBL,545.2440,3
ZA,2024-03,RESFUEL,TOTIMPSB,KBD,17.5885,3
ZA,2024-03,RESFUEL,TOTIMPSB,KL,86.6870,3
ZA,2024-03,RESFUEL,TOTIMPSB,KTONS,84.0000,3
ZA,2024-04,RESFUEL,CLOSTLV,CONVBBL,6491.0000,3
ZA,2024-04,RESFUEL,CLOSTLV,KBBL,902.2490,3
ZA,2024-04,RESFUEL,CLOSTLV,KBD,x,3
ZA,2024-04,RESFUEL,CLOSTLV,KL,143.4464,3
ZA,2024-04,RESFUEL,CLOSTLV,KTONS,139.0000,3
ZA,2024-04,RESFUEL,IPTRANSF,CONVBBL,6491.0000,3
ZA,2024-04,RESFUEL,IPTRANSF,KBBL,6.4910,3
ZA,2024-04,RESFUEL,IPTRANSF,KBD,0.2164,3
ZA,2024-04,RESFUEL,IPTRANSF,KL,1.0320,3
ZA,2024-04,RESFUEL,IPTRANSF,KTONS,1.0000,3
ZA,2024-04,RESFUEL,PTRANSF,CONVBBL,6491.0000,3
ZA,2024-04,RESFUEL,PTRANSF,KBBL,-,3
ZA,2024-04,RESFUEL,PTRANSF,KBD,-,3
ZA,2024-04,RESFUEL,PTRANSF,KL,-,3
ZA,2024-04,RESFUEL,PTRANSF,KTONS,-,3
ZA,2024-04,RESFUEL,RECEIPTS,CONVBBL,6491.0000,3
ZA,2024-04,RESFUEL,RECEIPTS,KBBL,-,3
ZA,2024-04,RESFUEL,RECEIPTS,KBD,-,3
ZA,2024-04,RESFUEL,RECEIPTS,KL,-,3
ZA,2024-04,RESFUEL,RECEIPTS,KTONS,-,3
ZA,2024-04,RESFUEL,REFGROUT,CONVBBL,6491.0000,3
ZA,2024-04,RESFUEL,REFGROUT,KBBL,506.2980,3
ZA,2024-04,RESFUEL,REFGROUT,KBD,16.8766,3
ZA,2024-04,RESFUEL,REFGROUT,KL,80.4951,3
ZA,2024-04,RESFUEL,REFGROUT,KTONS,78.0000,3
ZA,2024-04,RESFUEL,STATDIFF,CONVBBL,6491.0000,3
ZA,2024-04,RESFUEL,STATDIFF,KBBL,90.8740,3
ZA,2024-04,RESFUEL,STATDIFF,KBD,3.0291,3
ZA,2024-04,RESFUEL,STATDIFF,KL,14.4478,3
ZA,2024-04,RESFUEL,STATDIFF,KTONS,14.0000,3
ZA,2024-04,RESFUEL,STOCKCH,CONVBBL,6491.0000,3
ZA,2024-04,RESFUEL,STOCKCH,KBBL,64.9100,3
ZA,2024-04,RESFUEL,STOCKCH,KBD,x,3
ZA,2024-04,RESFUEL,STOCKCH,KL,10.3199,3
ZA,2024-04,RESFUEL,STOCKCH,KTONS,10.0000,3
ZA,2024-04,RESFUEL,TOTDEMO,CONVBBL,6491.0000,3
ZA,2024-04,RESFUEL,TOTDEMO,KBBL,623.1360,3
ZA,2024-04,RESFUEL,TOTDEMO,KBD,20.7712,3
ZA,2024-04,RESFUEL,TOTDEMO,KL,99.0709,3
ZA,2024-04,RESFUEL,TOTDEMO,KTONS,96.0000,3
ZA,2024-04,RESFUEL,TOTEXPSB,CONVBBL,6491.0000,3
ZA,2024-04,RESFUEL,TOTEXPSB,KBBL,0.0000,3
ZA,2024-04,RESFUEL,TOTEXPSB,KBD,0.0000,3
ZA,2024-04,RESFUEL,TOTEXPSB,KL,0.0000,3
ZA,2024-04,RESFUEL,TOTEXPSB,KTONS,0.0000,3
ZA,2024-04,RESFUEL,TOTIMPSB,CONVBBL,6491.0000,3
ZA,2024-04,RESFUEL,TOTIMPSB,KBBL,272.6220,3
ZA,2024-04,RESFUEL,TOTIMPSB,KBD,9.0874,3
ZA,2024-04,RESFUEL,TOTIMPSB,KL,43.3435,3
ZA,2024-04,RESFUEL,TOTIMPSB,KTONS,42.0000,3
ZA,2024-05,RESFUEL,CLOSTLV,CONVBBL,6491.0000,3
ZA,2024-05,RESFUEL,CLOSTLV,KBBL,778.9200,3
ZA,2024-05,RESFUEL,CLOSTLV,KBD,x,3
ZA,2024-05,RESFUEL,CLOSTLV,KL,123.8386,3
ZA,2024-05,RESFUEL,CLOSTLV,KTONS,120.0000,3
ZA,2024-05,RESFUEL,IPTRANSF,CONVBBL,6491.0000,3
ZA,2024-05,RESFUEL,IPTRANSF,KBBL,6.4910,3
ZA,2024-05,RESFUEL,IPTRANSF,KBD,0.2094,3
ZA,2024-05,RESFUEL,IPTRANSF,KL,1.0320,3
ZA,2024-05,RESFUEL,IPTRANSF,KTONS,1.0000,3
ZA,2024-05,RESFUEL,PTRANSF,CONVBBL,6491.0000,3
ZA,2024-05,RESFUEL,PTRANSF,KBBL,-,3
ZA,2024-05,RESFUEL,PTRANSF,KBD,-,3
ZA,2024-05,RESFUEL,PTRANSF,KL,-,3
ZA,2024-05,RESFUEL,PTRANSF,KTONS,-,3
ZA,2024-05,RESFUEL,RECEIPTS,CONVBBL,6491.0000,3
ZA,2024-05,RESFUEL,RECEIPTS,KBBL,-,3
ZA,2024-05,RESFUEL,RECEIPTS,KBD,-,3
ZA,2024-05,RESFUEL,RECEIPTS,KL,-,3
ZA,2024-05,RESFUEL,RECEIPTS,KTONS,-,3
ZA,2024-05,RESFUEL,REFGROUT,CONVBBL,6491.0000,3
ZA,2024-05,RESFUEL,REFGROUT,KBBL,512.7890,3
ZA,2024-05,RESFUEL,REFGROUT,KBD,16.5416,3
ZA,2024-05,RESFUEL,REFGROUT,KL,81.5271,3
ZA,2024-05,RESFUEL,REFGROUT,KTONS,79.0000,3
ZA,2024-05,RESFUEL,STATDIFF,CONVBBL,6491.0000,3
ZA,2024-05,RESFUEL,STATDIFF,KBBL,-71.4010,3
ZA,2024-05,RESFUEL,STATDIFF,KBD,-2.3033,3
ZA,2024-05,RESFUEL,STATDIFF,KL,-11.3519,3
ZA,2024-05,RESFUEL,STATDIFF,KTONS,-11.0000,3
ZA,2024-05,RESFUEL,STOCKCH,CONVBBL,6491.0000,3
ZA,2024-05,RESFUEL,STOCKCH,KBBL,-123.3290,3
ZA,2024-05,RESFUEL,STOCKCH,KBD,x,3
ZA,2024-05,RESFUEL,STOCKCH,KL,-19.6078,3
ZA,2024-05,RESFUEL,STOCKCH,KTONS,-19.0000,3
ZA,2024-05,RESFUEL,TOTDEMO,CONVBBL,6491.0000,3
ZA,2024-05,RESFUEL,TOTDEMO,KBBL,714.0100,3
ZA,2024-05,RESFUEL,TOTDEMO,KBD,23.0326,3
ZA,2024-05,RESFUEL,TOTDEMO,KL,113.5187,3
ZA,2024-05,RESFUEL,TOTDEMO,KTONS,110.0000,3
ZA,2024-05,RESFUEL,TOTEXPSB,CONVBBL,6491.0000,3
ZA,2024-05,RESFUEL,TOTEXPSB,KBBL,0.0000,3
ZA,2024-05,RESFUEL,TOTEXPSB,KBD,0.0000,3
ZA,2024-05,RESFUEL,TOTEXPSB,KL,0.0000,3
ZA,2024-05,RESFUEL,TOTEXPSB,KTONS,0.0000,3
ZA,2024-05,RESFUEL,TOTIMPSB,CONVBBL,6491.0000,3
ZA,2024-05,RESFUEL,TOTIMPSB,KBBL,0.0000,3
ZA,2024-05,RESFUEL,TOTIMPSB,KBD,0.0000,3
ZA,2024-05,RESFUEL,TOTIMPSB,KL,0.0000,3
ZA,2024-05,RESFUEL,TOTIMPSB,KTONS,0.0000,3
ZA,2024-06,RESFUEL,CLOSTLV,CONVBBL,6491.0000,3
ZA,2024-06,RESFUEL,CLOSTLV,KBBL,688.0460,3
ZA,2024-06,RESFUEL,CLOSTLV,KBD,x,3
ZA,2024-06,RESFUEL,CLOSTLV,KL,109.3908,3
ZA,2024-06,RESFUEL,CLOSTLV,KTONS,106.0000,3
ZA,2024-06,RESFUEL,IPTRANSF,CONVBBL,6491.0000,3
ZA,2024-06,RESFUEL,IPTRANSF,KBBL,6.4910,3
ZA,2024-06,RESFUEL,IPTRANSF,KBD,0.2164,3
ZA,2024-06,RESFUEL,IPTRANSF,KL,1.0320,3
ZA,2024-06,RESFUEL,IPTRANSF,KTONS,1.0000,3
ZA,2024-06,RESFUEL,PTRANSF,CONVBBL,6491.0000,3
ZA,2024-06,RESFUEL,PTRANSF,KBBL,-,3
ZA,2024-06,RESFUEL,PTRANSF,KBD,-,3
ZA,2024-06,RESFUEL,PTRANSF,KL,-,3
ZA,2024-06,RESFUEL,PTRANSF,KTONS,-,3
ZA,2024-06,RESFUEL,RECEIPTS,CONVBBL,6491.0000,3
ZA,2024-06,RESFUEL,RECEIPTS,KBBL,-,3
ZA,2024-06,RESFUEL,RECEIPTS,KBD,-,3
ZA,2024-06,RESFUEL,RECEIPTS,KL,-,3
ZA,2024-06,RESFUEL,RECEIPTS,KTONS,-,3
ZA,2024-06,RESFUEL,REFGROUT,CONVBBL,6491.0000,3
ZA,2024-06,RESFUEL,REFGROUT,KBBL,558.2260,3
ZA,2024-06,RESFUEL,REFGROUT,KBD,18.6075,3
ZA,2024-06,RESFUEL,REFGROUT,KL,88.7510,3
ZA,2024-06,RESFUEL,REFGROUT,KTONS,86.0000,3
ZA,2024-06,RESFUEL,STATDIFF,CONVBBL,6491.0000,3
ZA,2024-06,RESFUEL,STATDIFF,KBBL,12.9820,3
ZA,2024-06,RESFUEL,STATDIFF,KBD,0.4327,3
ZA,2024-06,RESFUEL,STATDIFF,KL,2.0640,3
ZA,2024-06,RESFUEL,STATDIFF,KTONS,2.0000,3
ZA,2024-06,RESFUEL,STOCKCH,CONVBBL,6491.0000,3
ZA,2024-06,RESFUEL,STOCKCH,KBBL,-110.3470,3
ZA,2024-06,RESFUEL,STOCKCH,KBD,x,3
ZA,2024-06,RESFUEL,STOCKCH,KL,-17.5438,3
ZA,2024-06,RESFUEL,STOCKCH,KTONS,-17.0000,3
ZA,2024-06,RESFUEL,TOTDEMO,CONVBBL,6491.0000,3
ZA,2024-06,RESFUEL,TOTDEMO,KBBL,714.0100,3
ZA,2024-06,RESFUEL,TOTDEMO,KBD,23.8003,3
ZA,2024-06,RESFUEL,TOTDEMO,KL,113.5187,3
ZA,2024-06,RESFUEL,TOTDEMO,KTONS,110.0000,3
ZA,2024-06,RESFUEL,TOTEXPSB,CONVBBL,6491.0000,3
ZA,2024-06,RESFUEL,TOTEXPSB,KBBL,0.0000,3
ZA,2024-06,RESFUEL,TOTEXPSB,KBD,0.0000,3
ZA,2024-06,RESFUEL,TOTEXPSB,KL,0.0000,3
ZA,2024-06,RESFUEL,TOTEXPSB,KTONS,0.0000,3
ZA,2024-06,RESFUEL,TOTIMPSB,CONVBBL,6491.0000,3
ZA,2024-06,RESFUEL,TOTIMPSB,KBBL,51.9280,3
ZA,2024-06,RESFUEL,TOTIMPSB,KBD,1.7309,3
ZA,2024-06,RESFUEL,TOTIMPSB,KL,8.2559,3
ZA,2024-06,RESFUEL,TOTIMPSB,KTONS,8.0000,3
ZA,2024-07,RESFUEL,CLOSTLV,CONVBBL,6491.0000,3
ZA,2024-07,RESFUEL,CLOSTLV,KBBL,584.1900,3
ZA,2024-07,RESFUEL,CLOSTLV,KBD,x,3
ZA,2024-07,RESFUEL,CLOSTLV,KL,92.8789,3
ZA,2024-07,RESFUEL,CLOSTLV,KTONS,90.0000,3
ZA,2024-07,RESFUEL,IPTRANSF,CONVBBL,6491.0000,3
ZA,2024-07,RESFUEL,IPTRANSF,KBBL,6.4910,3
ZA,2024-07,RESFUEL,IPTRANSF,KBD,0.2094,3
ZA,2024-07,RESFUEL,IPTRANSF,KL,1.0320,3
ZA,2024-07,RESFUEL,IPTRANSF,KTONS,1.0000,3
ZA,2024-07,RESFUEL,PTRANSF,CONVBBL,6491.0000,3
ZA,2024-07,RESFUEL,PTRANSF,KBBL,-,3
ZA,2024-07,RESFUEL,PTRANSF,KBD,-,3
ZA,2024-07,RESFUEL,PTRANSF,KL,-,3
ZA,2024-07,RESFUEL,PTRANSF,KTONS,-,3
ZA,2024-07,RESFUEL,RECEIPTS,CONVBBL,6491.0000,3
ZA,2024-07,RESFUEL,RECEIPTS,KBBL,-,3
ZA,2024-07,RESFUEL,RECEIPTS,KBD,-,3
ZA,2024-07,RESFUEL,RECEIPTS,KL,-,3
ZA,2024-07,RESFUEL,RECEIPTS,KTONS,-,3
ZA,2024-07,RESFUEL,REFGROUT,CONVBBL,6491.0000,3
ZA,2024-07,RESFUEL,REFGROUT,KBBL,447.8790,3
ZA,2024-07,RESFUEL,REFGROUT,KBD,14.4477,3
ZA,2024-07,RESFUEL,REFGROUT,KL,71.2072,3
ZA,2024-07,RESFUEL,REFGROUT,KTONS,69.0000,3
ZA,2024-07,RESFUEL,STATDIFF,CONVBBL,6491.0000,3
ZA,2024-07,RESFUEL,STATDIFF,KBBL,-64.9100,3
ZA,2024-07,RESFUEL,STATDIFF,KBD,-2.0939,3
ZA,2024-07,RESFUEL,STATDIFF,KL,-10.3199,3
ZA,2024-07,RESFUEL,STATDIFF,KTONS,-10.0000,3
ZA,2024-07,RESFUEL,STOCKCH,CONVBBL,6491.0000,3
ZA,2024-07,RESFUEL,STOCKCH,KBBL,-116.8380,3
ZA,2024-07,RESFUEL,STOCKCH,KBD,x,3
ZA,2024-07,RESFUEL,STOCKCH,KL,-18.5758,3
ZA,2024-07,RESFUEL,STOCKCH,KTONS,-18.0000,3
ZA,2024-07,RESFUEL,TOTDEMO,CONVBBL,6491.0000,3
ZA,2024-07,RESFUEL,TOTDEMO,KBBL,759.4470,3
ZA,2024-07,RESFUEL,TOTDEMO,KBD,24.4983,3
ZA,2024-07,RESFUEL,TOTDEMO,KL,120.7426,3
ZA,2024-07,RESFUEL,TOTDEMO,KTONS,117.0000,3
ZA,2024-07,RESFUEL,TOTEXPSB,CONVBBL,6491.0000,3
ZA,2024-07,RESFUEL,TOTEXPSB,KBBL,0.0000,3
ZA,2024-07,RESFUEL,TOTEXPSB,KBD,0.0000,3
ZA,2024-07,RESFUEL,TOTEXPSB,KL,0.0000,3
ZA,2024-07,RESFUEL,TOTEXPSB,KTONS,0.0000,3
ZA,2024-07,RESFUEL,TOTIMPSB,CONVBBL,6491.0000,3
ZA,2024-07,RESFUEL,TOTIMPSB,KBBL,116.8380,3
ZA,2024-07,RESFUEL,TOTIMPSB,KBD,3.7690,3
ZA,2024-07,RESFUEL,TOTIMPSB,KL,18.5758,3
ZA,2024-07,RESFUEL,TOTIMPSB,KTONS,18.0000,3
ZA,2024-08,RESFUEL,CLOSTLV,CONVBBL,6491.0000,3
ZA,2024-08,RESFUEL,CLOSTLV,KBBL,616.6450,3
ZA,2024-08,RESFUEL,CLOSTLV,KBD,x,3
ZA,2024-08,RESFUEL,CLOSTLV,KL,98.0389,3
ZA,2024-08,RESFUEL,CLOSTLV,KTONS,95.0000,3
ZA,2024-08,RESFUEL,IPTRANSF,CONVBBL,6491.0000,3
ZA,2024-08,RESFUEL,IPTRANSF,KBBL,6.4910,3
ZA,2024-08,RESFUEL,IPTRANSF,KBD,0.2094,3
ZA,2024-08,RESFUEL,IPTRANSF,KL,1.0320,3
ZA,2024-08,RESFUEL,IPTRANSF,KTONS,1.0000,3
ZA,2024-08,RESFUEL,PTRANSF,CONVBBL,6491.0000,3
ZA,2024-08,RESFUEL,PTRANSF,KBBL,-,3
ZA,2024-08,RESFUEL,PTRANSF,KBD,-,3
ZA,2024-08,RESFUEL,PTRANSF,KL,-,3
ZA,2024-08,RESFUEL,PTRANSF,KTONS,-,3
ZA,2024-08,RESFUEL,RECEIPTS,CONVBBL,6491.0000,3
ZA,2024-08,RESFUEL,RECEIPTS,KBBL,-,3
ZA,2024-08,RESFUEL,RECEIPTS,KBD,-,3
ZA,2024-08,RESFUEL,RECEIPTS,KL,-,3
ZA,2024-08,RESFUEL,RECEIPTS,KTONS,-,3
ZA,2024-08,RESFUEL,REFGROUT,CONVBBL,6491.0000,3
ZA,2024-08,RESFUEL,REFGROUT,KBBL,681.5550,3
ZA,2024-08,RESFUEL,REFGROUT,KBD,21.9856,3
ZA,2024-08,RESFUEL,REFGROUT,KL,108.3588,3
ZA,2024-08,RESFUEL,REFGROUT,KTONS,105.0000,3
ZA,2024-08,RESFUEL,STATDIFF,CONVBBL,6491.0000,3
ZA,2024-08,RESFUEL,STATDIFF,KBBL,-149.2930,3
ZA,2024-08,RESFUEL,STATDIFF,KBD,-4.8159,3
ZA,2024-08,RESFUEL,STATDIFF,KL,-23.7357,3
ZA,2024-08,RESFUEL,STATDIFF,KTONS,-23.0000,3
ZA,2024-08,RESFUEL,STOCKCH,CONVBBL,6491.0000,3
ZA,2024-08,RESFUEL,STOCKCH,KBBL,12.9820,3
ZA,2024-08,RESFUEL,STOCKCH,KBD,x,3
ZA,2024-08,RESFUEL,STOCKCH,KL,2.0640,3
ZA,2024-08,RESFUEL,STOCKCH,KTONS,2.0000,3
ZA,2024-08,RESFUEL,TOTDEMO,CONVBBL,6491.0000,3
ZA,2024-08,RESFUEL,TOTDEMO,KBBL,824.3570,3
ZA,2024-08,RESFUEL,TOTDEMO,KBD,26.5922,3
ZA,2024-08,RESFUEL,TOTDEMO,KL,131.0625,3
ZA,2024-08,RESFUEL,TOTDEMO,KTONS,127.0000,3
ZA,2024-08,RESFUEL,TOTEXPSB,CONVBBL,6491.0000,3
ZA,2024-08,RESFUEL,TOTEXPSB,KBBL,0.0000,3
ZA,2024-08,RESFUEL,TOTEXPSB,KBD,0.0000,3
ZA,2024-08,RESFUEL,TOTEXPSB,KL,0.0000,3
ZA,2024-08,RESFUEL,TOTEXPSB,KTONS,0.0000,3
ZA,2024-08,RESFUEL,TOTIMPSB,CONVBBL,6491.0000,3
ZA,2024-08,RESFUEL,TOTIMPSB,KBBL,0.0000,3
ZA,2024-08,RESFUEL,TOTIMPSB,KBD,0.0000,3
ZA,2024-08,RESFUEL,TOTIMPSB,KL,0.0000,3
ZA,2024-08,RESFUEL,TOTIMPSB,KTONS,0.0000,3
ZA,2024-09,RESFUEL,CLOSTLV,CONVBBL,6491.0000,3
ZA,2024-09,RESFUEL,CLOSTLV,KBBL,584.1900,3
ZA,2024-09,RESFUEL,CLOSTLV,KBD,x,3
ZA,2024-09,RESFUEL,CLOSTLV,KL,92.8789,3
ZA,2024-09,RESFUEL,CLOSTLV,KTONS,90.0000,3
ZA,2024-09,RESFUEL,IPTRANSF,CONVBBL,6491.0000,3
ZA,2024-09,RESFUEL,IPTRANSF,KBBL,12.9820,3
ZA,2024-09,RESFUEL,IPTRANSF,KBD,0.4327,3
ZA,2024-09,RESFUEL,IPTRANSF,KL,2.0640,3
ZA,2024-09,RESFUEL,IPTRANSF,KTONS,2.0000,3
ZA,2024-09,RESFUEL,PTRANSF,CONVBBL,6491.0000,3
ZA,2024-09,RESFUEL,PTRANSF,KBBL,-,3
ZA,2024-09,RESFUEL,PTRANSF,KBD,-,3
ZA,2024-09,RESFUEL,PTRANSF,KL,-,3
ZA,2024-09,RESFUEL,PTRANSF,KTONS,-,3
ZA,2024-09,RESFUEL,RECEIPTS,CONVBBL,6491.0000,3
ZA,2024-09,RESFUEL,RECEIPTS,KBBL,-,3
ZA,2024-09,RESFUEL,RECEIPTS,KBD,-,3
ZA,2024-09,RESFUEL,RECEIPTS,KL,-,3
ZA,2024-09,RESFUEL,RECEIPTS,KTONS,-,3
ZA,2024-09,RESFUEL,REFGROUT,CONVBBL,6491.0000,3
ZA,2024-09,RESFUEL,REFGROUT,KBBL,558.2260,3
ZA,2024-09,RESFUEL,REFGROUT,KBD,18.6075,3
ZA,2024-09,RESFUEL,REFGROUT,KL,88.7510,3
ZA,2024-09,RESFUEL,REFGROUT,KTONS,86.0000,3
ZA,2024-09,RESFUEL,STATDIFF,CONVBBL,6491.0000,3
ZA,2024-09,RESFUEL,STATDIFF,KBBL,-116.8380,3
ZA,2024-09,RESFUEL,STATDIFF,KBD,-3.8946,3
ZA,2024-09,RESFUEL,STATDIFF,KL,-18.5758,3
ZA,2024-09,RESFUEL,STATDIFF,KTONS,-18.0000,3
ZA,2024-09,RESFUEL,STOCKCH,CONVBBL,6491.0000,3
ZA,2024-09,RESFUEL,STOCKCH,KBBL,-12.9820,3
ZA,2024-09,RESFUEL,STOCKCH,KBD,x,3
ZA,2024-09,RESFUEL,STOCKCH,KL,-2.0640,3
ZA,2024-09,RESFUEL,STOCKCH,KTONS,-2.0000,3
ZA,2024-09,RESFUEL,TOTDEMO,CONVBBL,6491.0000,3
ZA,2024-09,RESFUEL,TOTDEMO,KBBL,701.0280,3
ZA,2024-09,RESFUEL,TOTDEMO,KBD,23.3676,3
ZA,2024-09,RESFUEL,TOTDEMO,KL,111.4547,3
ZA,2024-09,RESFUEL,TOTDEMO,KTONS,108.0000,3
ZA,2024-09,RESFUEL,TOTEXPSB,CONVBBL,6491.0000,3
ZA,2024-09,RESFUEL,TOTEXPSB,KBBL,0.0000,3
ZA,2024-09,RESFUEL,TOTEXPSB,KBD,0.0000,3
ZA,2024-09,RESFUEL,TOTEXPSB,KL,0.0000,3
ZA,2024-09,RESFUEL,TOTEXPSB,KTONS,0.0000,3
ZA,2024-09,RESFUEL,TOTIMPSB,CONVBBL,6491.0000,3
ZA,2024-09,RESFUEL,TOTIMPSB,KBBL,0.0000,3
ZA,2024-09,RESFUEL,TOTIMPSB,KBD,0.0000,3
ZA,2024-09,RESFUEL,TOTIMPSB,KL,0.0000,3
ZA,2024-09,RESFUEL,TOTIMPSB,KTONS,0.0000,3
ZA,2024-10,RESFUEL,CLOSTLV,CONVBBL,6491.0000,3
ZA,2024-10,RESFUEL,CLOSTLV,KBBL,642.6090,3
ZA,2024-10,RESFUEL,CLOSTLV,KBD,x,3
ZA,2024-10,RESFUEL,CLOSTLV,KL,102.1668,3
ZA,2024-10,RESFUEL,CLOSTLV,KTONS,99.0000,3
ZA,2024-10,RESFUEL,IPTRANSF,CONVBBL,6491.0000,3
ZA,2024-10,RESFUEL,IPTRANSF,KBBL,6.4910,3
ZA,2024-10,RESFUEL,IPTRANSF,KBD,0.2094,3
ZA,2024-10,RESFUEL,IPTRANSF,KL,1.0320,3
ZA,2024-10,RESFUEL,IPTRANSF,KTONS,1.0000,3
ZA,2024-10,RESFUEL,PTRANSF,CONVBBL,6491.0000,3
ZA,2024-10,RESFUEL,PTRANSF,KBBL,-,3
ZA,2024-10,RESFUEL,PTRANSF,KBD,-,3
ZA,2024-10,RESFUEL,PTRANSF,KL,-,3
ZA,2024-10,RESFUEL,PTRANSF,KTONS,-,3
ZA,2024-10,RESFUEL,RECEIPTS,CONVBBL,6491.0000,3
ZA,2024-10,RESFUEL,RECEIPTS,KBBL,-,3
ZA,2024-10,RESFUEL,RECEIPTS,KBD,-,3
ZA,2024-10,RESFUEL,RECEIPTS,KL,-,3
ZA,2024-10,RESFUEL,RECEIPTS,KTONS,-,3
ZA,2024-10,RESFUEL,REFGROUT,CONVBBL,6491.0000,3
ZA,2024-10,RESFUEL,REFGROUT,KBBL,551.7350,3
ZA,2024-10,RESFUEL,REFGROUT,KBD,17.7979,3
ZA,2024-10,RESFUEL,REFGROUT,KL,87.7190,3
ZA,2024-10,RESFUEL,REFGROUT,KTONS,85.0000,3
ZA,2024-10,RESFUEL,STATDIFF,CONVBBL,6491.0000,3
ZA,2024-10,RESFUEL,STATDIFF,KBBL,-233.6760,3
ZA,2024-10,RESFUEL,STATDIFF,KBD,-7.5379,3
ZA,2024-10,RESFUEL,STATDIFF,KL,-37.1516,3
ZA,2024-10,RESFUEL,STATDIFF,KTONS,-36.0000,3
ZA,2024-10,RESFUEL,STOCKCH,CONVBBL,6491.0000,3
ZA,2024-10,RESFUEL,STOCKCH,KBBL,12.9820,3
ZA,2024-10,RESFUEL,STOCKCH,KBD,x,3
ZA,2024-10,RESFUEL,STOCKCH,KL,2.0640,3
ZA,2024-10,RESFUEL,STOCKCH,KTONS,2.0000,3
ZA,2024-10,RESFUEL,TOTDEMO,CONVBBL,6491.0000,3
ZA,2024-10,RESFUEL,TOTDEMO,KBBL,778.9200,3
ZA,2024-10,RESFUEL,TOTDEMO,KBD,25.1265,3
ZA,2024-10,RESFUEL,TOTDEMO,KL,123.8386,3
ZA,2024-10,RESFUEL,TOTDEMO,KTONS,120.0000,3
ZA,2024-10,RESFUEL,TOTEXPSB,CONVBBL,6491.0000,3
ZA,2024-10,RESFUEL,TOTEXPSB,KBBL,0.0000,3
ZA,2024-10,RESFUEL,TOTEXPSB,KBD,0.0000,3
ZA,2024-10,RESFUEL,TOTEXPSB,KL,0.0000,3
ZA,2024-10,RESFUEL,TOTEXPSB,KTONS,0.0000,3
ZA,2024-10,RESFUEL,TOTIMPSB,CONVBBL,6491.0000,3
ZA,2024-10,RESFUEL,TOTIMPSB,KBBL,0.0000,3
ZA,2024-10,RESFUEL,TOTIMPSB,KBD,0.0000,3
ZA,2024-10,RESFUEL,TOTIMPSB,KL,0.0000,3
ZA,2024-10,RESFUEL,TOTIMPSB,KTONS,0.0000,3
ZA,2024-11,RESFUEL,CLOSTLV,CONVBBL,6491.0000,3
ZA,2024-11,RESFUEL,CLOSTLV,KBBL,701.0280,3
ZA,2024-11,RESFUEL,CLOSTLV,KBD,x,3
ZA,2024-11,RESFUEL,CLOSTLV,KL,111.4547,3
ZA,2024-11,RESFUEL,CLOSTLV,KTONS,108.0000,3
ZA,2024-11,RESFUEL,IPTRANSF,CONVBBL,6491.0000,3
ZA,2024-11,RESFUEL,IPTRANSF,KBBL,6.4910,3
ZA,2024-11,RESFUEL,IPTRANSF,KBD,0.2164,3
ZA,2024-11,RESFUEL,IPTRANSF,KL,1.0320,3
ZA,2024-11,RESFUEL,IPTRANSF,KTONS,1.0000,3
ZA,2024-11,RESFUEL,PTRANSF,CONVBBL,6491.0000,3
ZA,2024-11,RESFUEL,PTRANSF,KBBL,-,3
ZA,2024-11,RESFUEL,PTRANSF,KBD,-,3
ZA,2024-11,RESFUEL,PTRANSF,KL,-,3
ZA,2024-11,RESFUEL,PTRANSF,KTONS,-,3
ZA,2024-11,RESFUEL,RECEIPTS,CONVBBL,6491.0000,3
ZA,2024-11,RESFUEL,RECEIPTS,KBBL,-,3
ZA,2024-11,RESFUEL,RECEIPTS,KBD,-,3
ZA,2024-11,RESFUEL,RECEIPTS,KL,-,3
ZA,2024-11,RESFUEL,RECEIPTS,KTONS,-,3
ZA,2024-11,RESFUEL,REFGROUT,CONVBBL,6491.0000,3
ZA,2024-11,RESFUEL,REFGROUT,KBBL,558.2260,3
ZA,2024-11,RESFUEL,REFGROUT,KBD,18.6075,3
ZA,2024-11,RESFUEL,REFGROUT,KL,88.7510,3
ZA,2024-11,RESFUEL,REFGROUT,KTONS,86.0000,3
ZA,2024-11,RESFUEL,STATDIFF,CONVBBL,6491.0000,3
ZA,2024-11,RESFUEL,STATDIFF,KBBL,-162.2750,3
ZA,2024-11,RESFUEL,STATDIFF,KBD,-5.4092,3
ZA,2024-11,RESFUEL,STATDIFF,KL,-25.7997,3
ZA,2024-11,RESFUEL,STATDIFF,KTONS,-25.0000,3
ZA,2024-11,RESFUEL,STOCKCH,CONVBBL,6491.0000,3
ZA,2024-11,RESFUEL,STOCKCH,KBBL,25.9640,3
ZA,2024-11,RESFUEL,STOCKCH,KBD,x,3
ZA,2024-11,RESFUEL,STOCKCH,KL,4.1280,3
ZA,2024-11,RESFUEL,STOCKCH,KTONS,4.0000,3
ZA,2024-11,RESFUEL,TOTDEMO,CONVBBL,6491.0000,3
ZA,2024-11,RESFUEL,TOTDEMO,KBBL,701.0280,3
ZA,2024-11,RESFUEL,TOTDEMO,KBD,23.3676,3
ZA,2024-11,RESFUEL,TOTDEMO,KL,111.4547,3
ZA,2024-11,RESFUEL,TOTDEMO,KTONS,108.0000,3
ZA,2024-11,RESFUEL,TOTEXPSB,CONVBBL,6491.0000,3
ZA,2024-11,RESFUEL,TOTEXPSB,KBBL,0.0000,3
ZA,2024-11,RESFUEL,TOTEXPSB,KBD,0.0000,3
ZA,2024-11,RESFUEL,TOTEXPSB,KL,0.0000,3
ZA,2024-11,RESFUEL,TOTEXPSB,KTONS,0.0000,3
ZA,2024-11,RESFUEL,TOTIMPSB,CONVBBL,6491.0000,3
ZA,2024-11,RESFUEL,TOTIMPSB,KBBL,0.0000,3
ZA,2024-11,RESFUEL,TOTIMPSB,KBD,0.0000,3
ZA,2024-11,RESFUEL,TOTIMPSB,KL,0.0000,3
ZA,2024-11,RESFUEL,TOTIMPSB,KTONS,0.0000,3
ZA,2024-12,RESFUEL,CLOSTLV,CONVBBL,6491.0000,3
ZA,2024-12,RESFUEL,CLOSTLV,KBBL,759.4470,3
ZA,2024-12,RESFUEL,CLOSTLV,KBD,x,3
ZA,2024-12,RESFUEL,CLOSTLV,KL,120.7426,3
ZA,2024-12,RESFUEL,CLOSTLV,KTONS,117.0000,3
ZA,2024-12,RESFUEL,IPTRANSF,CONVBBL,6491.0000,3
ZA,2024-12,RESFUEL,IPTRANSF,KBBL,6.4910,3
ZA,2024-12,RESFUEL,IPTRANSF,KBD,0.2094,3
ZA,2024-12,RESFUEL,IPTRANSF,KL,1.0320,3
ZA,2024-12,RESFUEL,IPTRANSF,KTONS,1.0000,3
ZA,2024-12,RESFUEL,PTRANSF,CONVBBL,6491.0000,3
ZA,2024-12,RESFUEL,PTRANSF,KBBL,-,3
ZA,2024-12,RESFUEL,PTRANSF,KBD,-,3
ZA,2024-12,RESFUEL,PTRANSF,KL,-,3
ZA,2024-12,RESFUEL,PTRANSF,KTONS,-,3
ZA,2024-12,RESFUEL,RECEIPTS,CONVBBL,6491.0000,3
ZA,2024-12,RESFUEL,RECEIPTS,KBBL,-,3
ZA,2024-12,RESFUEL,RECEIPTS,KBD,-,3
ZA,2024-12,RESFUEL,RECEIPTS,KL,-,3
ZA,2024-12,RESFUEL,RECEIPTS,KTONS,-,3
ZA,2024-12,RESFUEL,REFGROUT,CONVBBL,6491.0000,3
ZA,2024-12,RESFUEL,REFGROUT,KBBL,623.1360,3
ZA,2024-12,RESFUEL,REFGROUT,KBD,20.1012,3
ZA,2024-12,RESFUEL,REFGROUT,KL,99.0709,3
ZA,2024-12,RESFUEL,REFGROUT,KTONS,96.0000,3
ZA,2024-12,RESFUEL,STATDIFF,CONVBBL,6491.0000,3
ZA,2024-12,RESFUEL,STATDIFF,KBBL,-136.3110,3
ZA,2024-12,RESFUEL,STATDIFF,KBD,-4.3971,3
ZA,2024-12,RESFUEL,STATDIFF,KL,-21.6718,3
ZA,2024-12,RESFUEL,STATDIFF,KTONS,-21.0000,3
ZA,2024-12,RESFUEL,STOCKCH,CONVBBL,6491.0000,3
ZA,2024-12,RESFUEL,STOCKCH,KBBL,12.9820,3
ZA,2024-12,RESFUEL,STOCKCH,KBD,x,3
ZA,2024-12,RESFUEL,STOCKCH,KL,2.0640,3
ZA,2024-12,RESFUEL,STOCKCH,KTONS,2.0000,3
ZA,2024-12,RESFUEL,TOTDEMO,CONVBBL,6491.0000,3
ZA,2024-12,RESFUEL,TOTDEMO,KBBL,752.9560,3
ZA,2024-12,RESFUEL,TOTDEMO,KBD,24.2889,3
ZA,2024-12,RESFUEL,TOTDEMO,KL,119.7106,3
ZA,2024-12,RESFUEL,TOTDEMO,KTONS,116.0000,3
ZA,2024-12,RESFUEL,TOTEXPSB,CONVBBL,6491.0000,3
ZA,2024-12,RESFUEL,TOTEXPSB,KBBL,0.0000,3
ZA,2024-12,RESFUEL,TOTEXPSB,KBD,0.0000,3
ZA,2024-12,RESFUEL,TOTEXPSB,KL,0.0000,3
ZA,2024-12,RESFUEL,TOTEXPSB,KTONS,0.0000,3
ZA,2024-12,RESFUEL,TOTIMPSB,CONVBBL,6491.0000,3
ZA,2024-12,RESFUEL,TOTIMPSB,KBBL,0.0000,3
ZA,2024-12,RESFUEL,TOTIMPSB,KBD,0.0000,3
ZA,2024-12,RESFUEL,TOTIMPSB,KL,0.0000,3
ZA,2024-12,RESFUEL,TOTIMPSB,KTONS,0.0000,3
ZA,2024-01,TOTPRODS,CLOSTLV,CONVBBL,7615.0000,3
ZA,2024-01,TOTPRODS,CLOSTLV,KBBL,9703.0000,3
ZA,2024-01,TOTPRODS,CLOSTLV,KBD,x,3
ZA,2024-01,TOTPRODS,CLOSTLV,KL,1543.0000,3
ZA,2024-01,TOTPRODS,CLOSTLV,KTONS,1282.0000,3
ZA,2024-01,TOTPRODS,IPTRANSF,CONVBBL,7615.0000,3
ZA,2024-01,TOTPRODS,IPTRANSF,KBBL,6.0000,3
ZA,2024-01,TOTPRODS,IPTRANSF,KBD,0.0000,3
ZA,2024-01,TOTPRODS,IPTRANSF,KL,1.0000,3
ZA,2024-01,TOTPRODS,IPTRANSF,KTONS,1.0000,3
ZA,2024-01,TOTPRODS,PTRANSF,CONVBBL,7615.0000,3
ZA,2024-01,TOTPRODS,PTRANSF,KBBL,0.0000,3
ZA,2024-01,TOTPRODS,PTRANSF,KBD,0.0000,3
ZA,2024-01,TOTPRODS,PTRANSF,KL,0.0000,3
ZA,2024-01,TOTPRODS,PTRANSF,KTONS,0.0000,3
ZA,2024-01,TOTPRODS,RECEIPTS,CONVBBL,7615.0000,3
ZA,2024-01,TOTPRODS,RECEIPTS,KBBL,0.0000,3
ZA,2024-01,TOTPRODS,RECEIPTS,KBD,0.0000,3
ZA,2024-01,TOTPRODS,RECEIPTS,KL,0.0000,3
ZA,2024-01,TOTPRODS,RECEIPTS,KTONS,0.0000,3
ZA,2024-01,TOTPRODS,REFGROUT,CONVBBL,7615.0000,3
ZA,2024-01,TOTPRODS,REFGROUT,KBBL,8041.0000,3
ZA,2024-01,TOTPRODS,REFGROUT,KBD,259.0000,3
ZA,2024-01,TOTPRODS,REFGROUT,KL,1278.0000,3
ZA,2024-01,TOTPRODS,REFGROUT,KTONS,1087.0000,3
ZA,2024-01,TOTPRODS,STATDIFF,CONVBBL,7615.0000,3
ZA,2024-01,TOTPRODS,STATDIFF,KBBL,352.0000,3
ZA,2024-01,TOTPRODS,STATDIFF,KBD,11.0000,3
ZA,2024-01,TOTPRODS,STATDIFF,KL,56.0000,3
ZA,2024-01,TOTPRODS,STATDIFF,KTONS,92.0000,3
ZA,2024-01,TOTPRODS,STOCKCH,CONVBBL,7615.0000,3
ZA,2024-01,TOTPRODS,STOCKCH,KBBL,524.0000,3
ZA,2024-01,TOTPRODS,STOCKCH,KBD,x,3
ZA,2024-01,TOTPRODS,STOCKCH,KL,83.0000,3
ZA,2024-01,TOTPRODS,STOCKCH,KTONS,63.0000,3
ZA,2024-01,TOTPRODS,TOTDEMO,CONVBBL,7615.0000,3
ZA,2024-01,TOTPRODS,TOTDEMO,KBBL,12393.0000,3
ZA,2024-01,TOTPRODS,TOTDEMO,KBD,400.0000,3
ZA,2024-01,TOTPRODS,TOTDEMO,KL,1970.0000,3
ZA,2024-01,TOTPRODS,TOTDEMO,KTONS,1609.0000,3
ZA,2024-01,TOTPRODS,TOTEXPSB,CONVBBL,7615.0000,3
ZA,2024-01,TOTPRODS,TOTEXPSB,KBBL,378.0000,3
ZA,2024-01,TOTPRODS,TOTEXPSB,KBD,12.0000,3
ZA,2024-01,TOTPRODS,TOTEXPSB,KL,60.0000,3
ZA,2024-01,TOTPRODS,TOTEXPSB,KTONS,47.0000,3
ZA,2024-01,TOTPRODS,TOTIMPSB,CONVBBL,7615.0000,3
ZA,2024-01,TOTPRODS,TOTIMPSB,KBBL,5585.0000,3
ZA,2024-01,TOTPRODS,TOTIMPSB,KBD,180.0000,3
ZA,2024-01,TOTPRODS,TOTIMPSB,KL,888.0000,3
ZA,2024-01,TOTPRODS,TOTIMPSB,KTONS,721.0000,3
ZA,2024-02,TOTPRODS,CLOSTLV,CONVBBL,7615.0000,3
ZA,2024-02,TOTPRODS,CLOSTLV,KBBL,8179.0000,3
ZA,2024-02,TOTPRODS,CLOSTLV,KBD,x,3
ZA,2024-02,TOTPRODS,CLOSTLV,KL,1300.0000,3
ZA,2024-02,TOTPRODS,CLOSTLV,KTONS,1080.0000,3
ZA,2024-02,TOTPRODS,IPTRANSF,CONVBBL,7615.0000,3
ZA,2024-02,TOTPRODS,IPTRANSF,KBBL,6.0000,3
ZA,2024-02,TOTPRODS,IPTRANSF,KBD,0.0000,3
ZA,2024-02,TOTPRODS,IPTRANSF,KL,1.0000,3
ZA,2024-02,TOTPRODS,IPTRANSF,KTONS,1.0000,3
ZA,2024-02,TOTPRODS,PTRANSF,CONVBBL,7615.0000,3
ZA,2024-02,TOTPRODS,PTRANSF,KBBL,0.0000,3
ZA,2024-02,TOTPRODS,PTRANSF,KBD,0.0000,3
ZA,2024-02,TOTPRODS,PTRANSF,KL,0.0000,3
ZA,2024-02,TOTPRODS,PTRANSF,KTONS,0.0000,3
ZA,2024-02,TOTPRODS,RECEIPTS,CONVBBL,7615.0000,3
ZA,2024-02,TOTPRODS,RECEIPTS,KBBL,0.0000,3
ZA,2024-02,TOTPRODS,RECEIPTS,KBD,0.0000,3
ZA,2024-02,TOTPRODS,RECEIPTS,KL,0.0000,3
ZA,2024-02,TOTPRODS,RECEIPTS,KTONS,0.0000,3
ZA,2024-02,TOTPRODS,REFGROUT,CONVBBL,7615.0000,3
ZA,2024-02,TOTPRODS,REFGROUT,KBBL,7636.0000,3
ZA,2024-02,TOTPRODS,REFGROUT,KBD,263.0000,3
ZA,2024-02,TOTPRODS,REFGROUT,KL,1214.0000,3
ZA,2024-02,TOTPRODS,REFGROUT,KTONS,1039.0000,3
ZA,2024-02,TOTPRODS,STATDIFF,CONVBBL,7615.0000,3
ZA,2024-02,TOTPRODS,STATDIFF,KBBL,581.0000,3
ZA,2024-02,TOTPRODS,STATDIFF,KBD,20.0000,3
ZA,2024-02,TOTPRODS,STATDIFF,KL,92.0000,3
ZA,2024-02,TOTPRODS,STATDIFF,KTONS,128.0000,3
ZA,2024-02,TOTPRODS,STOCKCH,CONVBBL,7615.0000,3
ZA,2024-02,TOTPRODS,STOCKCH,KBBL,-1255.0000,3
ZA,2024-02,TOTPRODS,STOCKCH,KBD,x,3
ZA,2024-02,TOTPRODS,STOCKCH,KL,-199.0000,3
ZA,2024-02,TOTPRODS,STOCKCH,KTONS,-162.0000,3
ZA,2024-02,TOTPRODS,TOTDEMO,CONVBBL,7615.0000,3
ZA,2024-02,TOTPRODS,TOTDEMO,KBBL,11765.0000,3
ZA,2024-02,TOTPRODS,TOTDEMO,KBD,406.0000,3
ZA,2024-02,TOTPRODS,TOTDEMO,KL,1870.0000,3
ZA,2024-02,TOTPRODS,TOTDEMO,KTONS,1563.0000,3
ZA,2024-02,TOTPRODS,TOTEXPSB,CONVBBL,7615.0000,3
ZA,2024-02,TOTPRODS,TOTEXPSB,KBBL,378.0000,3
ZA,2024-02,TOTPRODS,TOTEXPSB,KBD,13.0000,3
ZA,2024-02,TOTPRODS,TOTEXPSB,KL,60.0000,3
ZA,2024-02,TOTPRODS,TOTEXPSB,KTONS,47.0000,3
ZA,2024-02,TOTPRODS,TOTIMPSB,CONVBBL,7615.0000,3
ZA,2024-02,TOTPRODS,TOTIMPSB,KBBL,3811.0000,3
ZA,2024-02,TOTPRODS,TOTIMPSB,KBD,131.0000,3
ZA,2024-02,TOTPRODS,TOTIMPSB,KL,606.0000,3
ZA,2024-02,TOTPRODS,TOTIMPSB,KTONS,534.0000,3
ZA,2024-03,TOTPRODS,CLOSTLV,CONVBBL,7615.0000,3
ZA,2024-03,TOTPRODS,CLOSTLV,KBBL,3016.0000,3
ZA,2024-03,TOTPRODS,CLOSTLV,KBD,x,3
ZA,2024-03,TOTPRODS,CLOSTLV,KL,479.0000,3
ZA,2024-03,TOTPRODS,CLOSTLV,KTONS,393.0000,3
ZA,2024-03,TOTPRODS,IPTRANSF,CONVBBL,7615.0000,3
ZA,2024-03,TOTPRODS,IPTRANSF,KBBL,6.0000,3
ZA,2024-03,TOTPRODS,IPTRANSF,KBD,0.0000,3
ZA,2024-03,TOTPRODS,IPTRANSF,KL,1.0000,3
ZA,2024-03,TOTPRODS,IPTRANSF,KTONS,1.0000,3
ZA,2024-03,TOTPRODS,PTRANSF,CONVBBL,7615.0000,3
ZA,2024-03,TOTPRODS,PTRANSF,KBBL,0.0000,3
ZA,2024-03,TOTPRODS,PTRANSF,KBD,0.0000,3
ZA,2024-03,TOTPRODS,PTRANSF,KL,0.0000,3
ZA,2024-03,TOTPRODS,PTRANSF,KTONS,0.0000,3
ZA,2024-03,TOTPRODS,RECEIPTS,CONVBBL,7615.0000,3
ZA,2024-03,TOTPRODS,RECEIPTS,KBBL,0.0000,3
ZA,2024-03,TOTPRODS,RECEIPTS,KBD,0.0000,3
ZA,2024-03,TOTPRODS,RECEIPTS,KL,0.0000,3
ZA,2024-03,TOTPRODS,RECEIPTS,KTONS,0.0000,3
ZA,2024-03,TOTPRODS,REFGROUT,CONVBBL,7615.0000,3
ZA,2024-03,TOTPRODS,REFGROUT,KBBL,4645.0000,3
ZA,2024-03,TOTPRODS,REFGROUT,KBD,150.0000,3
ZA,2024-03,TOTPRODS,REFGROUT,KL,739.0000,3
ZA,2024-03,TOTPRODS,REFGROUT,KTONS,589.0000,3
ZA,2024-03,TOTPRODS,STATDIFF,CONVBBL,7615.0000,3
ZA,2024-03,TOTPRODS,STATDIFF,KBBL,2563.0000,3
ZA,2024-03,TOTPRODS,STATDIFF,KBD,83.0000,3
ZA,2024-03,TOTPRODS,STATDIFF,KL,408.0000,3
ZA,2024-03,TOTPRODS,STATDIFF,KTONS,300.0000,3
ZA,2024-03,TOTPRODS,STOCKCH,CONVBBL,7615.0000,3
ZA,2024-03,TOTPRODS,STOCKCH,KBBL,-2253.0000,3
ZA,2024-03,TOTPRODS,STOCKCH,KBD,x,3
ZA,2024-03,TOTPRODS,STOCKCH,KL,-358.0000,3
ZA,2024-03,TOTPRODS,STOCKCH,KTONS,-294.0000,3
ZA,2024-03,TOTPRODS,TOTDEMO,CONVBBL,7615.0000,3
ZA,2024-03,TOTPRODS,TOTDEMO,KBBL,9197.0000,3
ZA,2024-03,TOTPRODS,TOTDEMO,KBD,297.0000,3
ZA,2024-03,TOTPRODS,TOTDEMO,KL,1462.0000,3
ZA,2024-03,TOTPRODS,TOTDEMO,KTONS,1233.0000,3
ZA,2024-03,TOTPRODS,TOTEXPSB,CONVBBL,7615.0000,3
ZA,2024-03,TOTPRODS,TOTEXPSB,KBBL,261.0000,3
ZA,2024-03,TOTPRODS,TOTEXPSB,KBD,8.0000,3
ZA,2024-03,TOTPRODS,TOTEXPSB,KL,41.0000,3
ZA,2024-03,TOTPRODS,TOTEXPSB,KTONS,32.0000,3
ZA,2024-03,TOTPRODS,TOTIMPSB,CONVBBL,7615.0000,3
ZA,2024-03,TOTPRODS,TOTIMPSB,KBBL,5116.0000,3
ZA,2024-03,TOTPRODS,TOTIMPSB,KBD,165.0000,3
ZA,2024-03,TOTPRODS,TOTIMPSB,KL,813.0000,3
ZA,2024-03,TOTPRODS,TOTIMPSB,KTONS,680.0000,3
ZA,2024-04,TOTPRODS,CLOSTLV,CONVBBL,7615.0000,3
ZA,2024-04,TOTPRODS,CLOSTLV,KBBL,9013.0000,3
ZA,2024-04,TOTPRODS,CLOSTLV,KBD,x,3
ZA,2024-04,TOTPRODS,CLOSTLV,KL,1433.0000,3
ZA,2024-04,TOTPRODS,CLOSTLV,KTONS,1193.0000,3
ZA,2024-04,TOTPRODS,IPTRANSF,CONVBBL,7615.0000,3
ZA,2024-04,TOTPRODS,IPTRANSF,KBBL,6.0000,3
ZA,2024-04,TOTPRODS,IPTRANSF,KBD,0.0000,3
ZA,2024-04,TOTPRODS,IPTRANSF,KL,1.0000,3
ZA,2024-04,TOTPRODS,IPTRANSF,KTONS,1.0000,3
ZA,2024-04,TOTPRODS,PTRANSF,CONVBBL,7615.0000,3
ZA,2024-04,TOTPRODS,PTRANSF,KBBL,0.0000,3
ZA,2024-04,TOTPRODS,PTRANSF,KBD,0.0000,3
ZA,2024-04,TOTPRODS,PTRANSF,KL,0.0000,3
ZA,2024-04,TOTPRODS,PTRANSF,KTONS,0.0000,3
ZA,2024-04,TOTPRODS,RECEIPTS,CONVBBL,7615.0000,3
ZA,2024-04,TOTPRODS,RECEIPTS,KBBL,0.0000,3
ZA,2024-04,TOTPRODS,RECEIPTS,KBD,0.0000,3
ZA,2024-04,TOTPRODS,RECEIPTS,KL,0.0000,3
ZA,2024-04,TOTPRODS,RECEIPTS,KTONS,0.0000,3
ZA,2024-04,TOTPRODS,REFGROUT,CONVBBL,7615.0000,3
ZA,2024-04,TOTPRODS,REFGROUT,KBBL,7617.0000,3
ZA,2024-04,TOTPRODS,REFGROUT,KBD,254.0000,3
ZA,2024-04,TOTPRODS,REFGROUT,KL,1211.0000,3
ZA,2024-04,TOTPRODS,REFGROUT,KTONS,1050.0000,3
ZA,2024-04,TOTPRODS,STATDIFF,CONVBBL,7615.0000,3
ZA,2024-04,TOTPRODS,STATDIFF,KBBL,-720.0000,3
ZA,2024-04,TOTPRODS,STATDIFF,KBD,-24.0000,3
ZA,2024-04,TOTPRODS,STATDIFF,KL,-114.0000,3
ZA,2024-04,TOTPRODS,STATDIFF,KTONS,-22.0000,3
ZA,2024-04,TOTPRODS,STOCKCH,CONVBBL,7615.0000,3
ZA,2024-04,TOTPRODS,STOCKCH,KBBL,780.0000,3
ZA,2024-04,TOTPRODS,STOCKCH,KBD,x,3
ZA,2024-04,TOTPRODS,STOCKCH,KL,124.0000,3
ZA,2024-04,TOTPRODS,STOCKCH,KTONS,99.0000,3
ZA,2024-04,TOTPRODS,TOTDEMO,CONVBBL,7615.0000,3
ZA,2024-04,TOTPRODS,TOTDEMO,KBBL,11029.0000,3
ZA,2024-04,TOTPRODS,TOTDEMO,KBD,368.0000,3
ZA,2024-04,TOTPRODS,TOTDEMO,KL,1754.0000,3
ZA,2024-04,TOTPRODS,TOTDEMO,KTONS,1462.0000,3
ZA,2024-04,TOTPRODS,TOTEXPSB,CONVBBL,7615.0000,3
ZA,2024-04,TOTPRODS,TOTEXPSB,KBBL,258.0000,3
ZA,2024-04,TOTPRODS,TOTEXPSB,KBD,9.0000,3
ZA,2024-04,TOTPRODS,TOTEXPSB,KL,41.0000,3
ZA,2024-04,TOTPRODS,TOTEXPSB,KTONS,32.0000,3
ZA,2024-04,TOTPRODS,TOTIMPSB,CONVBBL,7615.0000,3
ZA,2024-04,TOTPRODS,TOTIMPSB,KBBL,3738.0000,3
ZA,2024-04,TOTPRODS,TOTIMPSB,KBD,125.0000,3
ZA,2024-04,TOTPRODS,TOTIMPSB,KL,594.0000,3
ZA,2024-04,TOTPRODS,TOTIMPSB,KTONS,521.0000,3
ZA,2024-05,TOTPRODS,CLOSTLV,CONVBBL,7615.0000,3
ZA,2024-05,TOTPRODS,CLOSTLV,KBBL,9495.0000,3
ZA,2024-05,TOTPRODS,CLOSTLV,KBD,x,3
ZA,2024-05,TOTPRODS,CLOSTLV,KL,1510.0000,3
ZA,2024-05,TOTPRODS,CLOSTLV,KTONS,1243.0000,3
ZA,2024-05,TOTPRODS,IPTRANSF,CONVBBL,7615.0000,3
ZA,2024-05,TOTPRODS,IPTRANSF,KBBL,6.0000,3
ZA,2024-05,TOTPRODS,IPTRANSF,KBD,0.0000,3
ZA,2024-05,TOTPRODS,IPTRANSF,KL,1.0000,3
ZA,2024-05,TOTPRODS,IPTRANSF,KTONS,1.0000,3
ZA,2024-05,TOTPRODS,PTRANSF,CONVBBL,7615.0000,3
ZA,2024-05,TOTPRODS,PTRANSF,KBBL,0.0000,3
ZA,2024-05,TOTPRODS,PTRANSF,KBD,0.0000,3
ZA,2024-05,TOTPRODS,PTRANSF,KL,0.0000,3
ZA,2024-05,TOTPRODS,PTRANSF,KTONS,0.0000,3
ZA,2024-05,TOTPRODS,RECEIPTS,CONVBBL,7615.0000,3
ZA,2024-05,TOTPRODS,RECEIPTS,KBBL,0.0000,3
ZA,2024-05,TOTPRODS,RECEIPTS,KBD,0.0000,3
ZA,2024-05,TOTPRODS,RECEIPTS,KL,0.0000,3
ZA,2024-05,TOTPRODS,RECEIPTS,KTONS,0.0000,3
ZA,2024-05,TOTPRODS,REFGROUT,CONVBBL,7615.0000,3
ZA,2024-05,TOTPRODS,REFGROUT,KBBL,6548.0000,3
ZA,2024-05,TOTPRODS,REFGROUT,KBD,211.0000,3
ZA,2024-05,TOTPRODS,REFGROUT,KL,1041.0000,3
ZA,2024-05,TOTPRODS,REFGROUT,KTONS,953.0000,3
ZA,2024-05,TOTPRODS,STATDIFF,CONVBBL,7615.0000,3
ZA,2024-05,TOTPRODS,STATDIFF,KBBL,-2444.0000,3
ZA,2024-05,TOTPRODS,STATDIFF,KBD,-79.0000,3
ZA,2024-05,TOTPRODS,STATDIFF,KL,-388.0000,3
ZA,2024-05,TOTPRODS,STATDIFF,KTONS,-222.0000,3
ZA,2024-05,TOTPRODS,STOCKCH,CONVBBL,7615.0000,3
ZA,2024-05,TOTPRODS,STOCKCH,KBBL,423.0000,3
ZA,2024-05,TOTPRODS,STOCKCH,KBD,x,3
ZA,2024-05,TOTPRODS,STOCKCH,KL,67.0000,3
ZA,2024-05,TOTPRODS,STOCKCH,KTONS,42.0000,3
ZA,2024-05,TOTPRODS,TOTDEMO,CONVBBL,7615.0000,3
ZA,2024-05,TOTPRODS,TOTDEMO,KBBL,11803.0000,3
ZA,2024-05,TOTPRODS,TOTDEMO,KBD,381.0000,3
ZA,2024-05,TOTPRODS,TOTDEMO,KL,1876.0000,3
ZA,2024-05,TOTPRODS,TOTDEMO,KTONS,1549.0000,3
ZA,2024-05,TOTPRODS,TOTEXPSB,CONVBBL,7615.0000,3
ZA,2024-05,TOTPRODS,TOTEXPSB,KBBL,313.0000,3
ZA,2024-05,TOTPRODS,TOTEXPSB,KBD,10.0000,3
ZA,2024-05,TOTPRODS,TOTEXPSB,KL,50.0000,3
ZA,2024-05,TOTPRODS,TOTEXPSB,KTONS,40.0000,3
ZA,2024-05,TOTPRODS,TOTIMPSB,CONVBBL,7615.0000,3
ZA,2024-05,TOTPRODS,TOTIMPSB,KBBL,3548.0000,3
ZA,2024-05,TOTPRODS,TOTIMPSB,KBD,114.0000,3
ZA,2024-05,TOTPRODS,TOTIMPSB,KL,564.0000,3
ZA,2024-05,TOTPRODS,TOTIMPSB,KTONS,454.0000,3
ZA,2024-06,TOTPRODS,CLOSTLV,CONVBBL,7615.0000,3
ZA,2024-06,TOTPRODS,CLOSTLV,KBBL,8679.0000,3
ZA,2024-06,TOTPRODS,CLOSTLV,KBD,x,3
ZA,2024-06,TOTPRODS,CLOSTLV,KL,1380.0000,3
ZA,2024-06,TOTPRODS,CLOSTLV,KTONS,1137.0000,3
ZA,2024-06,TOTPRODS,IPTRANSF,CONVBBL,7615.0000,3
ZA,2024-06,TOTPRODS,IPTRANSF,KBBL,6.0000,3
ZA,2024-06,TOTPRODS,IPTRANSF,KBD,0.0000,3
ZA,2024-06,TOTPRODS,IPTRANSF,KL,1.0000,3
ZA,2024-06,TOTPRODS,IPTRANSF,KTONS,1.0000,3
ZA,2024-06,TOTPRODS,PTRANSF,CONVBBL,7615.0000,3
ZA,2024-06,TOTPRODS,PTRANSF,KBBL,0.0000,3
ZA,2024-06,TOTPRODS,PTRANSF,KBD,0.0000,3
ZA,2024-06,TOTPRODS,PTRANSF,KL,0.0000,3
ZA,2024-06,TOTPRODS,PTRANSF,KTONS,0.0000,3
ZA,2024-06,TOTPRODS,RECEIPTS,CONVBBL,7615.0000,3
ZA,2024-06,TOTPRODS,RECEIPTS,KBBL,0.0000,3
ZA,2024-06,TOTPRODS,RECEIPTS,KBD,0.0000,3
ZA,2024-06,TOTPRODS,RECEIPTS,KL,0.0000,3
ZA,2024-06,TOTPRODS,RECEIPTS,KTONS,0.0000,3
ZA,2024-06,TOTPRODS,REFGROUT,CONVBBL,7615.0000,3
ZA,2024-06,TOTPRODS,REFGROUT,KBBL,6372.0000,3
ZA,2024-06,TOTPRODS,REFGROUT,KBD,212.0000,3
ZA,2024-06,TOTPRODS,REFGROUT,KL,1013.0000,3
ZA,2024-06,TOTPRODS,REFGROUT,KTONS,893.0000,3
ZA,2024-06,TOTPRODS,STATDIFF,CONVBBL,7615.0000,3
ZA,2024-06,TOTPRODS,STATDIFF,KBBL,-428.0000,3
ZA,2024-06,TOTPRODS,STATDIFF,KBD,-14.0000,3
ZA,2024-06,TOTPRODS,STATDIFF,KL,-68.0000,3
ZA,2024-06,TOTPRODS,STATDIFF,KTONS,-29.0000,3
ZA,2024-06,TOTPRODS,STOCKCH,CONVBBL,7615.0000,3
ZA,2024-06,TOTPRODS,STOCKCH,KBBL,-739.0000,3
ZA,2024-06,TOTPRODS,STOCKCH,KBD,x,3
ZA,2024-06,TOTPRODS,STOCKCH,KL,-118.0000,3
ZA,2024-06,TOTPRODS,STOCKCH,KTONS,-94.0000,3
ZA,2024-06,TOTPRODS,TOTDEMO,CONVBBL,7615.0000,3
ZA,2024-06,TOTPRODS,TOTDEMO,KBBL,11086.0000,3
ZA,2024-06,TOTPRODS,TOTDEMO,KBD,370.0000,3
ZA,2024-06,TOTPRODS,TOTDEMO,KL,1762.0000,3
ZA,2024-06,TOTPRODS,TOTDEMO,KTONS,1471.0000,3
ZA,2024-06,TOTPRODS,TOTEXPSB,CONVBBL,7615.0000,3
ZA,2024-06,TOTPRODS,TOTEXPSB,KBBL,363.0000,3
ZA,2024-06,TOTPRODS,TOTEXPSB,KBD,12.0000,3
ZA,2024-06,TOTPRODS,TOTEXPSB,KL,58.0000,3
ZA,2024-06,TOTPRODS,TOTEXPSB,KTONS,46.0000,3
ZA,2024-06,TOTPRODS,TOTIMPSB,CONVBBL,7615.0000,3
ZA,2024-06,TOTPRODS,TOTIMPSB,KBBL,3895.0000,3
ZA,2024-06,TOTPRODS,TOTIMPSB,KBD,130.0000,3
ZA,2024-06,TOTPRODS,TOTIMPSB,KL,619.0000,3
ZA,2024-06,TOTPRODS,TOTIMPSB,KTONS,499.0000,3
ZA,2024-07,TOTPRODS,CLOSTLV,CONVBBL,7615.0000,3
ZA,2024-07,TOTPRODS,CLOSTLV,KBBL,7428.0000,3
ZA,2024-07,TOTPRODS,CLOSTLV,KBD,x,3
ZA,2024-07,TOTPRODS,CLOSTLV,KL,1181.0000,3
ZA,2024-07,TOTPRODS,CLOSTLV,KTONS,981.0000,3
ZA,2024-07,TOTPRODS,IPTRANSF,CONVBBL,7615.0000,3
ZA,2024-07,TOTPRODS,IPTRANSF,KBBL,6.0000,3
ZA,2024-07,TOTPRODS,IPTRANSF,KBD,0.0000,3
ZA,2024-07,TOTPRODS,IPTRANSF,KL,1.0000,3
ZA,2024-07,TOTPRODS,IPTRANSF,KTONS,1.0000,3
ZA,2024-07,TOTPRODS,PTRANSF,CONVBBL,7615.0000,3
ZA,2024-07,TOTPRODS,PTRANSF,KBBL,0.0000,3
ZA,2024-07,TOTPRODS,PTRANSF,KBD,0.0000,3
ZA,2024-07,TOTPRODS,PTRANSF,KL,0.0000,3
ZA,2024-07,TOTPRODS,PTRANSF,KTONS,0.0000,3
ZA,2024-07,TOTPRODS,RECEIPTS,CONVBBL,7615.0000,3
ZA,2024-07,TOTPRODS,RECEIPTS,KBBL,0.0000,3
ZA,2024-07,TOTPRODS,RECEIPTS,KBD,0.0000,3
ZA,2024-07,TOTPRODS,RECEIPTS,KL,0.0000,3
ZA,2024-07,TOTPRODS,RECEIPTS,KTONS,0.0000,3
ZA,2024-07,TOTPRODS,REFGROUT,CONVBBL,7615.0000,3
ZA,2024-07,TOTPRODS,REFGROUT,KBBL,6727.0000,3
ZA,2024-07,TOTPRODS,REFGROUT,KBD,217.0000,3
ZA,2024-07,TOTPRODS,REFGROUT,KL,1070.0000,3
ZA,2024-07,TOTPRODS,REFGROUT,KTONS,943.0000,3
ZA,2024-07,TOTPRODS,STATDIFF,CONVBBL,7615.0000,3
ZA,2024-07,TOTPRODS,STATDIFF,KBBL,-1055.0000,3
ZA,2024-07,TOTPRODS,STATDIFF,KBD,-34.0000,3
ZA,2024-07,TOTPRODS,STATDIFF,KL,-168.0000,3
ZA,2024-07,TOTPRODS,STATDIFF,KTONS,-84.0000,3
ZA,2024-07,TOTPRODS,STOCKCH,CONVBBL,7615.0000,3
ZA,2024-07,TOTPRODS,STOCKCH,KBBL,-1179.0000,3
ZA,2024-07,TOTPRODS,STOCKCH,KBD,x,3
ZA,2024-07,TOTPRODS,STOCKCH,KL,-188.0000,3
ZA,2024-07,TOTPRODS,STOCKCH,KTONS,-144.0000,3
ZA,2024-07,TOTPRODS,TOTDEMO,CONVBBL,7615.0000,3
ZA,2024-07,TOTPRODS,TOTDEMO,KBBL,11924.0000,3
ZA,2024-07,TOTPRODS,TOTDEMO,KBD,385.0000,3
ZA,2024-07,TOTPRODS,TOTDEMO,KL,1896.0000,3
ZA,2024-07,TOTPRODS,TOTDEMO,KTONS,1581.0000,3
ZA,2024-07,TOTPRODS,TOTEXPSB,CONVBBL,7615.0000,3
ZA,2024-07,TOTPRODS,TOTEXPSB,KBBL,291.0000,3
ZA,2024-07,TOTPRODS,TOTEXPSB,KBD,9.0000,3
ZA,2024-07,TOTPRODS,TOTEXPSB,KL,46.0000,3
ZA,2024-07,TOTPRODS,TOTEXPSB,KTONS,36.0000,3
ZA,2024-07,TOTPRODS,TOTIMPSB,CONVBBL,7615.0000,3
ZA,2024-07,TOTPRODS,TOTIMPSB,KBBL,3248.0000,3
ZA,2024-07,TOTPRODS,TOTIMPSB,KBD,105.0000,3
ZA,2024-07,TOTPRODS,TOTIMPSB,KL,516.0000,3
ZA,2024-07,TOTPRODS,TOTIMPSB,KTONS,445.0000,3
ZA,2024-08,TOTPRODS,CLOSTLV,CONVBBL,7615.0000,3
ZA,2024-08,TOTPRODS,CLOSTLV,KBBL,10382.0000,3
ZA,2024-08,TOTPRODS,CLOSTLV,KBD,x,3
ZA,2024-08,TOTPRODS,CLOSTLV,KL,1651.0000,3
ZA,2024-08,TOTPRODS,CLOSTLV,KTONS,1335.0000,3
ZA,2024-08,TOTPRODS,IPTRANSF,CONVBBL,7615.0000,3
ZA,2024-08,TOTPRODS,IPTRANSF,KBBL,6.0000,3
ZA,2024-08,TOTPRODS,IPTRANSF,KBD,0.0000,3
ZA,2024-08,TOTPRODS,IPTRANSF,KL,1.0000,3
ZA,2024-08,TOTPRODS,IPTRANSF,KTONS,1.0000,3
ZA,2024-08,TOTPRODS,PTRANSF,CONVBBL,7615.0000,3
ZA,2024-08,TOTPRODS,PTRANSF,KBBL,0.0000,3
ZA,2024-08,TOTPRODS,PTRANSF,KBD,0.0000,3
ZA,2024-08,TOTPRODS,PTRANSF,KL,0.0000,3
ZA,2024-08,TOTPRODS,PTRANSF,KTONS,0.0000,3
ZA,2024-08,TOTPRODS,RECEIPTS,CONVBBL,7615.0000,3
ZA,2024-08,TOTPRODS,RECEIPTS,KBBL,0.0000,3
ZA,2024-08,TOTPRODS,RECEIPTS,KBD,0.0000,3
ZA,2024-08,TOTPRODS,RECEIPTS,KL,0.0000,3
ZA,2024-08,TOTPRODS,RECEIPTS,KTONS,0.0000,3
ZA,2024-08,TOTPRODS,REFGROUT,CONVBBL,7615.0000,3
ZA,2024-08,TOTPRODS,REFGROUT,KBBL,7459.0000,3
ZA,2024-08,TOTPRODS,REFGROUT,KBD,241.0000,3
ZA,2024-08,TOTPRODS,REFGROUT,KL,1186.0000,3
ZA,2024-08,TOTPRODS,REFGROUT,KTONS,1013.0000,3
ZA,2024-08,TOTPRODS,STATDIFF,CONVBBL,7615.0000,3
ZA,2024-08,TOTPRODS,STATDIFF,KBBL,-4376.0000,3
ZA,2024-08,TOTPRODS,STATDIFF,KBD,-141.0000,3
ZA,2024-08,TOTPRODS,STATDIFF,KL,-696.0000,3
ZA,2024-08,TOTPRODS,STATDIFF,KTONS,-511.0000,3
ZA,2024-08,TOTPRODS,STOCKCH,CONVBBL,7615.0000,3
ZA,2024-08,TOTPRODS,STOCKCH,KBBL,2921.0000,3
ZA,2024-08,TOTPRODS,STOCKCH,KBD,x,3
ZA,2024-08,TOTPRODS,STOCKCH,KL,464.0000,3
ZA,2024-08,TOTPRODS,STOCKCH,KTONS,352.0000,3
ZA,2024-08,TOTPRODS,TOTDEMO,CONVBBL,7615.0000,3
ZA,2024-08,TOTPRODS,TOTDEMO,KBBL,11463.0000,3
ZA,2024-08,TOTPRODS,TOTDEMO,KBD,370.0000,3
ZA,2024-08,TOTPRODS,TOTDEMO,KL,1822.0000,3
ZA,2024-08,TOTPRODS,TOTDEMO,KTONS,1502.0000,3
ZA,2024-08,TOTPRODS,TOTEXPSB,CONVBBL,7615.0000,3
ZA,2024-08,TOTPRODS,TOTEXPSB,KBBL,298.0000,3
ZA,2024-08,TOTPRODS,TOTEXPSB,KBD,10.0000,3
ZA,2024-08,TOTPRODS,TOTEXPSB,KL,47.0000,3
ZA,2024-08,TOTPRODS,TOTEXPSB,KTONS,37.0000,3
ZA,2024-08,TOTPRODS,TOTIMPSB,CONVBBL,7615.0000,3
ZA,2024-08,TOTPRODS,TOTIMPSB,KBBL,2840.0000,3
ZA,2024-08,TOTPRODS,TOTIMPSB,KBD,92.0000,3
ZA,2024-08,TOTPRODS,TOTIMPSB,KL,452.0000,3
ZA,2024-08,TOTPRODS,TOTIMPSB,KTONS,367.0000,3
ZA,2024-09,TOTPRODS,CLOSTLV,CONVBBL,7615.0000,3
ZA,2024-09,TOTPRODS,CLOSTLV,KBBL,5790.0000,3
ZA,2024-09,TOTPRODS,CLOSTLV,KBD,x,3
ZA,2024-09,TOTPRODS,CLOSTLV,KL,921.0000,3
ZA,2024-09,TOTPRODS,CLOSTLV,KTONS,782.0000,3
ZA,2024-09,TOTPRODS,IPTRANSF,CONVBBL,7615.0000,3
ZA,2024-09,TOTPRODS,IPTRANSF,KBBL,13.0000,3
ZA,2024-09,TOTPRODS,IPTRANSF,KBD,0.0000,3
ZA,2024-09,TOTPRODS,IPTRANSF,KL,2.0000,3
ZA,2024-09,TOTPRODS,IPTRANSF,KTONS,2.0000,3
ZA,2024-09,TOTPRODS,PTRANSF,CONVBBL,7615.0000,3
ZA,2024-09,TOTPRODS,PTRANSF,KBBL,0.0000,3
ZA,2024-09,TOTPRODS,PTRANSF,KBD,0.0000,3
ZA,2024-09,TOTPRODS,PTRANSF,KL,0.0000,3
ZA,2024-09,TOTPRODS,PTRANSF,KTONS,0.0000,3
ZA,2024-09,TOTPRODS,RECEIPTS,CONVBBL,7615.0000,3
ZA,2024-09,TOTPRODS,RECEIPTS,KBBL,0.0000,3
ZA,2024-09,TOTPRODS,RECEIPTS,KBD,0.0000,3
ZA,2024-09,TOTPRODS,RECEIPTS,KL,0.0000,3
ZA,2024-09,TOTPRODS,RECEIPTS,KTONS,0.0000,3
ZA,2024-09,TOTPRODS,REFGROUT,CONVBBL,7615.0000,3
ZA,2024-09,TOTPRODS,REFGROUT,KBBL,7581.0000,3
ZA,2024-09,TOTPRODS,REFGROUT,KBD,253.0000,3
ZA,2024-09,TOTPRODS,REFGROUT,KL,1205.0000,3
ZA,2024-09,TOTPRODS,REFGROUT,KTONS,1024.0000,3
ZA,2024-09,TOTPRODS,STATDIFF,CONVBBL,7615.0000,3
ZA,2024-09,TOTPRODS,STATDIFF,KBBL,-2046.0000,3
ZA,2024-09,TOTPRODS,STATDIFF,KBD,-68.0000,3
ZA,2024-09,TOTPRODS,STATDIFF,KL,-325.0000,3
ZA,2024-09,TOTPRODS,STATDIFF,KTONS,-227.0000,3
ZA,2024-09,TOTPRODS,STOCKCH,CONVBBL,7615.0000,3
ZA,2024-09,TOTPRODS,STOCKCH,KBBL,182.0000,3
ZA,2024-09,TOTPRODS,STOCKCH,KBD,x,3
ZA,2024-09,TOTPRODS,STOCKCH,KL,29.0000,3
ZA,2024-09,TOTPRODS,STOCKCH,KTONS,25.0000,3
ZA,2024-09,TOTPRODS,TOTDEMO,CONVBBL,7615.0000,3
ZA,2024-09,TOTPRODS,TOTDEMO,KBBL,11146.0000,3
ZA,2024-09,TOTPRODS,TOTDEMO,KBD,372.0000,3
ZA,2024-09,TOTPRODS,TOTDEMO,KL,1772.0000,3
ZA,2024-09,TOTPRODS,TOTDEMO,KTONS,1478.0000,3
ZA,2024-09,TOTPRODS,TOTEXPSB,CONVBBL,7615.0000,3
ZA,2024-09,TOTPRODS,TOTEXPSB,KBBL,276.0000,3
ZA,2024-09,TOTPRODS,TOTEXPSB,KBD,9.0000,3
ZA,2024-09,TOTPRODS,TOTEXPSB,KL,44.0000,3
ZA,2024-09,TOTPRODS,TOTEXPSB,KTONS,34.0000,3
ZA,2024-09,TOTPRODS,TOTIMPSB,CONVBBL,7615.0000,3
ZA,2024-09,TOTPRODS,TOTIMPSB,KBBL,1952.0000,3
ZA,2024-09,TOTPRODS,TOTIMPSB,KBD,65.0000,3
ZA,2024-09,TOTPRODS,TOTIMPSB,KL,310.0000,3
ZA,2024-09,TOTPRODS,TOTIMPSB,KTONS,285.0000,3
ZA,2024-10,TOTPRODS,CLOSTLV,CONVBBL,7615.0000,3
ZA,2024-10,TOTPRODS,CLOSTLV,KBBL,7254.0000,3
ZA,2024-10,TOTPRODS,CLOSTLV,KBD,x,3
ZA,2024-10,TOTPRODS,CLOSTLV,KL,1153.0000,3
ZA,2024-10,TOTPRODS,CLOSTLV,KTONS,971.0000,3
ZA,2024-10,TOTPRODS,IPTRANSF,CONVBBL,7615.0000,3
ZA,2024-10,TOTPRODS,IPTRANSF,KBBL,6.0000,3
ZA,2024-10,TOTPRODS,IPTRANSF,KBD,0.0000,3
ZA,2024-10,TOTPRODS,IPTRANSF,KL,1.0000,3
ZA,2024-10,TOTPRODS,IPTRANSF,KTONS,1.0000,3
ZA,2024-10,TOTPRODS,PTRANSF,CONVBBL,7615.0000,3
ZA,2024-10,TOTPRODS,PTRANSF,KBBL,0.0000,3
ZA,2024-10,TOTPRODS,PTRANSF,KBD,0.0000,3
ZA,2024-10,TOTPRODS,PTRANSF,KL,0.0000,3
ZA,2024-10,TOTPRODS,PTRANSF,KTONS,0.0000,3
ZA,2024-10,TOTPRODS,RECEIPTS,CONVBBL,7615.0000,3
ZA,2024-10,TOTPRODS,RECEIPTS,KBBL,0.0000,3
ZA,2024-10,TOTPRODS,RECEIPTS,KBD,0.0000,3
ZA,2024-10,TOTPRODS,RECEIPTS,KL,0.0000,3
ZA,2024-10,TOTPRODS,RECEIPTS,KTONS,0.0000,3
ZA,2024-10,TOTPRODS,REFGROUT,CONVBBL,7615.0000,3
ZA,2024-10,TOTPRODS,REFGROUT,KBBL,7614.0000,3
ZA,2024-10,TOTPRODS,REFGROUT,KBD,246.0000,3
ZA,2024-10,TOTPRODS,REFGROUT,KL,1211.0000,3
ZA,2024-10,TOTPRODS,REFGROUT,KTONS,1063.0000,3
ZA,2024-10,TOTPRODS,STATDIFF,CONVBBL,7615.0000,3
ZA,2024-10,TOTPRODS,STATDIFF,KBBL,-1018.0000,3
ZA,2024-10,TOTPRODS,STATDIFF,KBD,-33.0000,3
ZA,2024-10,TOTPRODS,STATDIFF,KL,-162.0000,3
ZA,2024-10,TOTPRODS,STATDIFF,KTONS,-102.0000,3
ZA,2024-10,TOTPRODS,STOCKCH,CONVBBL,7615.0000,3
ZA,2024-10,TOTPRODS,STOCKCH,KBBL,-143.0000,3
ZA,2024-10,TOTPRODS,STOCKCH,KBD,x,3
ZA,2024-10,TOTPRODS,STOCKCH,KL,-23.0000,3
ZA,2024-10,TOTPRODS,STOCKCH,KTONS,-9.0000,3
ZA,2024-10,TOTPRODS,TOTDEMO,CONVBBL,7615.0000,3
ZA,2024-10,TOTPRODS,TOTDEMO,KBBL,12396.0000,3
ZA,2024-10,TOTPRODS,TOTDEMO,KBD,400.0000,3
ZA,2024-10,TOTPRODS,TOTDEMO,KL,1971.0000,3
ZA,2024-10,TOTPRODS,TOTDEMO,KTONS,1647.0000,3
ZA,2024-10,TOTPRODS,TOTEXPSB,CONVBBL,7615.0000,3
ZA,2024-10,TOTPRODS,TOTEXPSB,KBBL,291.0000,3
ZA,2024-10,TOTPRODS,TOTEXPSB,KBD,9.0000,3
ZA,2024-10,TOTPRODS,TOTEXPSB,KL,46.0000,3
ZA,2024-10,TOTPRODS,TOTEXPSB,KTONS,37.0000,3
ZA,2024-10,TOTPRODS,TOTIMPSB,CONVBBL,7615.0000,3
ZA,2024-10,TOTPRODS,TOTIMPSB,KBBL,3910.0000,3
ZA,2024-10,TOTPRODS,TOTIMPSB,KBD,126.0000,3
ZA,2024-10,TOTPRODS,TOTIMPSB,KL,622.0000,3
ZA,2024-10,TOTPRODS,TOTIMPSB,KTONS,510.0000,3
ZA,2024-11,TOTPRODS,CLOSTLV,CONVBBL,7615.0000,3
ZA,2024-11,TOTPRODS,CLOSTLV,KBBL,7378.0000,3
ZA,2024-11,TOTPRODS,CLOSTLV,KBD,x,3
ZA,2024-11,TOTPRODS,CLOSTLV,KL,1173.0000,3
ZA,2024-11,TOTPRODS,CLOSTLV,KTONS,981.0000,3
ZA,2024-11,TOTPRODS,IPTRANSF,CONVBBL,7615.0000,3
ZA,2024-11,TOTPRODS,IPTRANSF,KBBL,6.0000,3
ZA,2024-11,TOTPRODS,IPTRANSF,KBD,0.0000,3
ZA,2024-11,TOTPRODS,IPTRANSF,KL,1.0000,3
ZA,2024-11,TOTPRODS,IPTRANSF,KTONS,1.0000,3
ZA,2024-11,TOTPRODS,PTRANSF,CONVBBL,7615.0000,3
ZA,2024-11,TOTPRODS,PTRANSF,KBBL,0.0000,3
ZA,2024-11,TOTPRODS,PTRANSF,KBD,0.0000,3
ZA,2024-11,TOTPRODS,PTRANSF,KL,0.0000,3
ZA,2024-11,TOTPRODS,PTRANSF,KTONS,0.0000,3
ZA,2024-11,TOTPRODS,RECEIPTS,CONVBBL,7615.0000,3
ZA,2024-11,TOTPRODS,RECEIPTS,KBBL,0.0000,3
ZA,2024-11,TOTPRODS,RECEIPTS,KBD,0.0000,3
ZA,2024-11,TOTPRODS,RECEIPTS,KL,0.0000,3
ZA,2024-11,TOTPRODS,RECEIPTS,KTONS,0.0000,3
ZA,2024-11,TOTPRODS,REFGROUT,CONVBBL,7615.0000,3
ZA,2024-11,TOTPRODS,REFGROUT,KBBL,7402.0000,3
ZA,2024-11,TOTPRODS,REFGROUT,KBD,247.0000,3
ZA,2024-11,TOTPRODS,REFGROUT,KL,1177.0000,3
ZA,2024-11,TOTPRODS,REFGROUT,KTONS,1014.0000,3
ZA,2024-11,TOTPRODS,STATDIFF,CONVBBL,7615.0000,3
ZA,2024-11,TOTPRODS,STATDIFF,KBBL,-2292.0000,3
ZA,2024-11,TOTPRODS,STATDIFF,KBD,-76.0000,3
ZA,2024-11,TOTPRODS,STATDIFF,KL,-364.0000,3
ZA,2024-11,TOTPRODS,STATDIFF,KTONS,-268.0000,3
ZA,2024-11,TOTPRODS,STOCKCH,CONVBBL,7615.0000,3
ZA,2024-11,TOTPRODS,STOCKCH,KBBL,340.0000,3
ZA,2024-11,TOTPRODS,STOCKCH,KBD,x,3
ZA,2024-11,TOTPRODS,STOCKCH,KL,54.0000,3
ZA,2024-11,TOTPRODS,STOCKCH,KTONS,50.0000,3
ZA,2024-11,TOTPRODS,TOTDEMO,CONVBBL,7615.0000,3
ZA,2024-11,TOTPRODS,TOTDEMO,KBBL,13512.0000,3
ZA,2024-11,TOTPRODS,TOTDEMO,KBD,450.0000,3
ZA,2024-11,TOTPRODS,TOTDEMO,KL,2148.0000,3
ZA,2024-11,TOTPRODS,TOTDEMO,KTONS,1766.0000,3
ZA,2024-11,TOTPRODS,TOTEXPSB,CONVBBL,7615.0000,3
ZA,2024-11,TOTPRODS,TOTEXPSB,KBBL,343.0000,3
ZA,2024-11,TOTPRODS,TOTEXPSB,KBD,11.0000,3
ZA,2024-11,TOTPRODS,TOTEXPSB,KL,55.0000,3
ZA,2024-11,TOTPRODS,TOTEXPSB,KTONS,43.0000,3
ZA,2024-11,TOTPRODS,TOTIMPSB,CONVBBL,7615.0000,3
ZA,2024-11,TOTPRODS,TOTIMPSB,KBBL,4503.0000,3
ZA,2024-11,TOTPRODS,TOTIMPSB,KBD,150.0000,3
ZA,2024-11,TOTPRODS,TOTIMPSB,KL,716.0000,3
ZA,2024-11,TOTPRODS,TOTIMPSB,KTONS,578.0000,3
ZA,2024-12,TOTPRODS,CLOSTLV,CONVBBL,7615.0000,3
ZA,2024-12,TOTPRODS,CLOSTLV,KBBL,7341.0000,3
ZA,2024-12,TOTPRODS,CLOSTLV,KBD,x,3
ZA,2024-12,TOTPRODS,CLOSTLV,KL,1167.0000,3
ZA,2024-12,TOTPRODS,CLOSTLV,KTONS,988.0000,3
ZA,2024-12,TOTPRODS,IPTRANSF,CONVBBL,7615.0000,3
ZA,2024-12,TOTPRODS,IPTRANSF,KBBL,6.0000,3
ZA,2024-12,TOTPRODS,IPTRANSF,KBD,0.0000,3
ZA,2024-12,TOTPRODS,IPTRANSF,KL,1.0000,3
ZA,2024-12,TOTPRODS,IPTRANSF,KTONS,1.0000,3
ZA,2024-12,TOTPRODS,PTRANSF,CONVBBL,7615.0000,3
ZA,2024-12,TOTPRODS,PTRANSF,KBBL,0.0000,3
ZA,2024-12,TOTPRODS,PTRANSF,KBD,0.0000,3
ZA,2024-12,TOTPRODS,PTRANSF,KL,0.0000,3
ZA,2024-12,TOTPRODS,PTRANSF,KTONS,0.0000,3
ZA,2024-12,TOTPRODS,RECEIPTS,CONVBBL,7615.0000,3
ZA,2024-12,TOTPRODS,RECEIPTS,KBBL,0.0000,3
ZA,2024-12,TOTPRODS,RECEIPTS,KBD,0.0000,3
ZA,2024-12,TOTPRODS,RECEIPTS,KL,0.0000,3
ZA,2024-12,TOTPRODS,RECEIPTS,KTONS,0.0000,3
ZA,2024-12,TOTPRODS,REFGROUT,CONVBBL,7615.0000,3
ZA,2024-12,TOTPRODS,REFGROUT,KBBL,7886.0000,3
ZA,2024-12,TOTPRODS,REFGROUT,KBD,254.0000,3
ZA,2024-12,TOTPRODS,REFGROUT,KL,1254.0000,3
ZA,2024-12,TOTPRODS,REFGROUT,KTONS,1078.0000,3
ZA,2024-12,TOTPRODS,STATDIFF,CONVBBL,7615.0000,3
ZA,2024-12,TOTPRODS,STATDIFF,KBBL,-1560.0000,3
ZA,2024-12,TOTPRODS,STATDIFF,KBD,-50.0000,3
ZA,2024-12,TOTPRODS,STATDIFF,KL,-248.0000,3
ZA,2024-12,TOTPRODS,STATDIFF,KTONS,-151.0000,3
ZA,2024-12,TOTPRODS,STOCKCH,CONVBBL,7615.0000,3
ZA,2024-12,TOTPRODS,STOCKCH,KBBL,413.0000,3
ZA,2024-12,TOTPRODS,STOCKCH,KBD,x,3
ZA,2024-12,TOTPRODS,STOCKCH,KL,66.0000,3
ZA,2024-12,TOTPRODS,STOCKCH,KTONS,65.0000,3
ZA,2024-12,TOTPRODS,TOTDEMO,CONVBBL,7615.0000,3
ZA,2024-12,TOTPRODS,TOTDEMO,KBBL,13356.0000,3
ZA,2024-12,TOTPRODS,TOTDEMO,KBD,431.0000,3
ZA,2024-12,TOTPRODS,TOTDEMO,KL,2123.0000,3
ZA,2024-12,TOTPRODS,TOTDEMO,KTONS,1737.0000,3
ZA,2024-12,TOTPRODS,TOTEXPSB,CONVBBL,7615.0000,3
ZA,2024-12,TOTPRODS,TOTEXPSB,KBBL,291.0000,3
ZA,2024-12,TOTPRODS,TOTEXPSB,KBD,9.0000,3
ZA,2024-12,TOTPRODS,TOTEXPSB,KL,46.0000,3
ZA,2024-12,TOTPRODS,TOTEXPSB,KTONS,36.0000,3
ZA,2024-12,TOTPRODS,TOTIMPSB,CONVBBL,7615.0000,3
ZA,2024-12,TOTPRODS,TOTIMPSB,KBBL,4616.0000,3
ZA,2024-12,TOTPRODS,TOTIMPSB,KBD,149.0000,3
ZA,2024-12,TOTPRODS,TOTIMPSB,KL,734.0000,3
ZA,2024-12,TOTPRODS,TOTIMPSB,KTONS,609.0000,3
ZA,2025-01,GASDIES,CLOSTLV,CONVBBL,7458.0000,3
ZA,2025-01,GASDIES,CLOSTLV,KBBL,-,3
ZA,2025-01,GASDIES,CLOSTLV,KBD,x,3
ZA,2025-01,GASDIES,CLOSTLV,KL,-,3
ZA,2025-01,GASDIES,CLOSTLV,KTONS,-,3
ZA,2025-01,GASDIES,IPTRANSF,CONVBBL,7458.0000,3
ZA,2025-01,GASDIES,IPTRANSF,KBBL,-,3
ZA,2025-01,GASDIES,IPTRANSF,KBD,-,3
ZA,2025-01,GASDIES,IPTRANSF,KL,-,3
ZA,2025-01,GASDIES,IPTRANSF,KTONS,-,3
ZA,2025-01,GASDIES,PTRANSF,CONVBBL,7458.0000,3
ZA,2025-01,GASDIES,PTRANSF,KBBL,-,3
ZA,2025-01,GASDIES,PTRANSF,KBD,-,3
ZA,2025-01,GASDIES,PTRANSF,KL,-,3
ZA,2025-01,GASDIES,PTRANSF,KTONS,-,3
ZA,2025-01,GASDIES,RECEIPTS,CONVBBL,7458.0000,3
ZA,2025-01,GASDIES,RECEIPTS,KBBL,-,3
ZA,2025-01,GASDIES,RECEIPTS,KBD,-,3
ZA,2025-01,GASDIES,RECEIPTS,KL,-,3
ZA,2025-01,GASDIES,RECEIPTS,KTONS,-,3
ZA,2025-01,GASDIES,REFGROUT,CONVBBL,7458.0000,3
ZA,2025-01,GASDIES,REFGROUT,KBBL,-,3
ZA,2025-01,GASDIES,REFGROUT,KBD,-,3
ZA,2025-01,GASDIES,REFGROUT,KL,-,3
ZA,2025-01,GASDIES,REFGROUT,KTONS,-,3
ZA,2025-01,GASDIES,STATDIFF,CONVBBL,7458.0000,3
ZA,2025-01,GASDIES,STATDIFF,KBBL,-,3
ZA,2025-01,GASDIES,STATDIFF,KBD,-,3
ZA,2025-01,GASDIES,STATDIFF,KL,-,3
ZA,2025-01,GASDIES,STATDIFF,KTONS,-,3
ZA,2025-01,GASDIES,STOCKCH,CONVBBL,7458.0000,3
ZA,2025-01,GASDIES,STOCKCH,KBBL,-,3
ZA,2025-01,GASDIES,STOCKCH,KBD,x,3
ZA,2025-01,GASDIES,STOCKCH,KL,-,3
ZA,2025-01,GASDIES,STOCKCH,KTONS,-,3
ZA,2025-01,GASDIES,TOTDEMO,CONVBBL,7458.0000,3
ZA,2025-01,GASDIES,TOTDEMO,KBBL,-,3
ZA,2025-01,GASDIES,TOTDEMO,KBD,-,3
ZA,2025-01,GASDIES,TOTDEMO,KL,-,3
ZA,2025-01,GASDIES,TOTDEMO,KTONS,-,3
ZA,2025-01,GASDIES,TOTEXPSB,CONVBBL,7458.0000,3
ZA,2025-01,GASDIES,TOTEXPSB,KBBL,-,3
ZA,2025-01,GASDIES,TOTEXPSB,KBD,-,3
ZA,2025-01,GASDIES,TOTEXPSB,KL,-,3
ZA,2025-01,GASDIES,TOTEXPSB,KTONS,-,3
ZA,2025-01,GASDIES,TOTIMPSB,CONVBBL,7458.0000,3
ZA,2025-01,GASDIES,TOTIMPSB,KBBL,-,3
ZA,2025-01,GASDIES,TOTIMPSB,KBD,-,3
ZA,2025-01,GASDIES,TOTIMPSB,KL,-,3
ZA,2025-01,GASDIES,TOTIMPSB,KTONS,-,3
ZA,2025-02,GASDIES,CLOSTLV,CONVBBL,7458.0000,3
ZA,2025-02,GASDIES,CLOSTLV,KBBL,-,3
ZA,2025-02,GASDIES,CLOSTLV,KBD,x,3
ZA,2025-02,GASDIES,CLOSTLV,KL,-,3
ZA,2025-02,GASDIES,CLOSTLV,KTONS,-,3
ZA,2025-02,GASDIES,IPTRANSF,CONVBBL,7458.0000,3
ZA,2025-02,GASDIES,IPTRANSF,KBBL,-,3
ZA,2025-02,GASDIES,IPTRANSF,KBD,-,3
ZA,2025-02,GASDIES,IPTRANSF,KL,-,3
ZA,2025-02,GASDIES,IPTRANSF,KTONS,-,3
ZA,2025-02,GASDIES,PTRANSF,CONVBBL,7458.0000,3
ZA,2025-02,GASDIES,PTRANSF,KBBL,-,3
ZA,2025-02,GASDIES,PTRANSF,KBD,-,3
ZA,2025-02,GASDIES,PTRANSF,KL,-,3
ZA,2025-02,GASDIES,PTRANSF,KTONS,-,3
ZA,2025-02,GASDIES,RECEIPTS,CONVBBL,7458.0000,3
ZA,2025-02,GASDIES,RECEIPTS,KBBL,-,3
ZA,2025-02,GASDIES,RECEIPTS,KBD,-,3
ZA,2025-02,GASDIES,RECEIPTS,KL,-,3
ZA,2025-02,GASDIES,RECEIPTS,KTONS,-,3
ZA,2025-02,GASDIES,REFGROUT,CONVBBL,7458.0000,3
ZA,2025-02,GASDIES,REFGROUT,KBBL,-,3
ZA,2025-02,GASDIES,REFGROUT,KBD,-,3
ZA,2025-02,GASDIES,REFGROUT,KL,-,3
ZA,2025-02,GASDIES,REFGROUT,KTONS,-,3
ZA,2025-02,GASDIES,STATDIFF,CONVBBL,7458.0000,3
ZA,2025-02,GASDIES,STATDIFF,KBBL,-,3
ZA,2025-02,GASDIES,STATDIFF,KBD,-,3
ZA,2025-02,GASDIES,STATDIFF,KL,-,3
ZA,2025-02,GASDIES,STATDIFF,KTONS,-,3
ZA,2025-02,GASDIES,STOCKCH,CONVBBL,7458.0000,3
ZA,2025-02,GASDIES,STOCKCH,KBBL,-,3
ZA,2025-02,GASDIES,STOCKCH,KBD,x,3
ZA,2025-02,GASDIES,STOCKCH,KL,-,3
ZA,2025-02,GASDIES,STOCKCH,KTONS,-,3
ZA,2025-02,GASDIES,TOTDEMO,CONVBBL,7458.0000,3
ZA,2025-02,GASDIES,TOTDEMO,KBBL,-,3
ZA,2025-02,GASDIES,TOTDEMO,KBD,-,3
ZA,2025-02,GASDIES,TOTDEMO,KL,-,3
ZA,2025-02,GASDIES,TOTDEMO,KTONS,-,3
ZA,2025-02,GASDIES,TOTEXPSB,CONVBBL,7458.0000,3
ZA,2025-02,GASDIES,TOTEXPSB,KBBL,-,3
ZA,2025-02,GASDIES,TOTEXPSB,KBD,-,3
ZA,2025-02,GASDIES,TOTEXPSB,KL,-,3
ZA,2025-02,GASDIES,TOTEXPSB,KTONS,-,3
ZA,2025-02,GASDIES,TOTIMPSB,CONVBBL,7458.0000,3
ZA,2025-02,GASDIES,TOTIMPSB,KBBL,-,3
ZA,2025-02,GASDIES,TOTIMPSB,KBD,-,3
ZA,2025-02,GASDIES,TOTIMPSB,KL,-,3
ZA,2025-02,GASDIES,TOTIMPSB,KTONS,-,3
ZA,2025-03,GASDIES,CLOSTLV,CONVBBL,7458.0000,3
ZA,2025-03,GASDIES,CLOSTLV,KBBL,-,3
ZA,2025-03,GASDIES,CLOSTLV,KBD,x,3
ZA,2025-03,GASDIES,CLOSTLV,KL,-,3
ZA,2025-03,GASDIES,CLOSTLV,KTONS,-,3
ZA,2025-03,GASDIES,IPTRANSF,CONVBBL,7458.0000,3
ZA,2025-03,GASDIES,IPTRANSF,KBBL,-,3
ZA,2025-03,GASDIES,IPTRANSF,KBD,-,3
ZA,2025-03,GASDIES,IPTRANSF,KL,-,3
ZA,2025-03,GASDIES,IPTRANSF,KTONS,-,3
ZA,2025-03,GASDIES,PTRANSF,CONVBBL,7458.0000,3
ZA,2025-03,GASDIES,PTRANSF,KBBL,-,3
ZA,2025-03,GASDIES,PTRANSF,KBD,-,3
ZA,2025-03,GASDIES,PTRANSF,KL,-,3
ZA,2025-03,GASDIES,PTRANSF,KTONS,-,3
ZA,2025-03,GASDIES,RECEIPTS,CONVBBL,7458.0000,3
ZA,2025-03,GASDIES,RECEIPTS,KBBL,-,3
ZA,2025-03,GASDIES,RECEIPTS,KBD,-,3
ZA,2025-03,GASDIES,RECEIPTS,KL,-,3
ZA,2025-03,GASDIES,RECEIPTS,KTONS,-,3
ZA,2025-03,GASDIES,REFGROUT,CONVBBL,7458.0000,3
ZA,2025-03,GASDIES,REFGROUT,KBBL,-,3
ZA,2025-03,GASDIES,REFGROUT,KBD,-,3
ZA,2025-03,GASDIES,REFGROUT,KL,-,3
ZA,2025-03,GASDIES,REFGROUT,KTONS,-,3
ZA,2025-03,GASDIES,STATDIFF,CONVBBL,7458.0000,3
ZA,2025-03,GASDIES,STATDIFF,KBBL,-,3
ZA,2025-03,GASDIES,STATDIFF,KBD,-,3
ZA,2025-03,GASDIES,STATDIFF,KL,-,3
ZA,2025-03,GASDIES,STATDIFF,KTONS,-,3
ZA,2025-03,GASDIES,STOCKCH,CONVBBL,7458.0000,3
ZA,2025-03,GASDIES,STOCKCH,KBBL,-,3
ZA,2025-03,GASDIES,STOCKCH,KBD,x,3
ZA,2025-03,GASDIES,STOCKCH,KL,-,3
ZA,2025-03,GASDIES,STOCKCH,KTONS,-,3
ZA,2025-03,GASDIES,TOTDEMO,CONVBBL,7458.0000,3
ZA,2025-03,GASDIES,TOTDEMO,KBBL,-,3
ZA,2025-03,GASDIES,TOTDEMO,KBD,-,3
ZA,2025-03,GASDIES,TOTDEMO,KL,-,3
ZA,2025-03,GASDIES,TOTDEMO,KTONS,-,3
ZA,2025-03,GASDIES,TOTEXPSB,CONVBBL,7458.0000,3
ZA,2025-03,GASDIES,TOTEXPSB,KBBL,-,3
ZA,2025-03,GASDIES,TOTEXPSB,KBD,-,3
ZA,2025-03,GASDIES,TOTEXPSB,KL,-,3
ZA,2025-03,GASDIES,TOTEXPSB,KTONS,-,3
ZA,2025-03,GASDIES,TOTIMPSB,CONVBBL,7458.0000,3
ZA,2025-03,GASDIES,TOTIMPSB,KBBL,-,3
ZA,2025-03,GASDIES,TOTIMPSB,KBD,-,3
ZA,2025-03,GASDIES,TOTIMPSB,KL,-,3
ZA,2025-03,GASDIES,TOTIMPSB,KTONS,-,3
ZA,2025-04,GASDIES,CLOSTLV,CONVBBL,7458.0000,3
ZA,2025-04,GASDIES,CLOSTLV,KBBL,-,3
ZA,2025-04,GASDIES,CLOSTLV,KBD,x,3
ZA,2025-04,GASDIES,CLOSTLV,KL,-,3
ZA,2025-04,GASDIES,CLOSTLV,KTONS,-,3
ZA,2025-04,GASDIES,IPTRANSF,CONVBBL,7458.0000,3
ZA,2025-04,GASDIES,IPTRANSF,KBBL,-,3
ZA,2025-04,GASDIES,IPTRANSF,KBD,-,3
ZA,2025-04,GASDIES,IPTRANSF,KL,-,3
ZA,2025-04,GASDIES,IPTRANSF,KTONS,-,3
ZA,2025-04,GASDIES,PTRANSF,CONVBBL,7458.0000,3
ZA,2025-04,GASDIES,PTRANSF,KBBL,-,3
ZA,2025-04,GASDIES,PTRANSF,KBD,-,3
ZA,2025-04,GASDIES,PTRANSF,KL,-,3
ZA,2025-04,GASDIES,PTRANSF,KTONS,-,3
ZA,2025-04,GASDIES,RECEIPTS,CONVBBL,7458.0000,3
ZA,2025-04,GASDIES,RECEIPTS,KBBL,-,3
ZA,2025-04,GASDIES,RECEIPTS,KBD,-,3
ZA,2025-04,GASDIES,RECEIPTS,KL,-,3
ZA,2025-04,GASDIES,RECEIPTS,KTONS,-,3
ZA,2025-04,GASDIES,REFGROUT,CONVBBL,7458.0000,3
ZA,2025-04,GASDIES,REFGROUT,KBBL,-,3
ZA,2025-04,GASDIES,REFGROUT,KBD,-,3
ZA,2025-04,GASDIES,REFGROUT,KL,-,3
ZA,2025-04,GASDIES,REFGROUT,KTONS,-,3
ZA,2025-04,GASDIES,STATDIFF,CONVBBL,7458.0000,3
ZA,2025-04,GASDIES,STATDIFF,KBBL,-,3
ZA,2025-04,GASDIES,STATDIFF,KBD,-,3
ZA,2025-04,GASDIES,STATDIFF,KL,-,3
ZA,2025-04,GASDIES,STATDIFF,KTONS,-,3
ZA,2025-04,GASDIES,STOCKCH,CONVBBL,7458.0000,3
ZA,2025-04,GASDIES,STOCKCH,KBBL,-,3
ZA,2025-04,GASDIES,STOCKCH,KBD,x,3
ZA,2025-04,GASDIES,STOCKCH,KL,-,3
ZA,2025-04,GASDIES,STOCKCH,KTONS,-,3
ZA,2025-04,GASDIES,TOTDEMO,CONVBBL,7458.0000,3
ZA,2025-04,GASDIES,TOTDEMO,KBBL,-,3
ZA,2025-04,GASDIES,TOTDEMO,KBD,-,3
ZA,2025-04,GASDIES,TOTDEMO,KL,-,3
ZA,2025-04,GASDIES,TOTDEMO,KTONS,-,3
ZA,2025-04,GASDIES,TOTEXPSB,CONVBBL,7458.0000,3
ZA,2025-04,GASDIES,TOTEXPSB,KBBL,-,3
ZA,2025-04,GASDIES,TOTEXPSB,KBD,-,3
ZA,2025-04,GASDIES,TOTEXPSB,KL,-,3
ZA,2025-04,GASDIES,TOTEXPSB,KTONS,-,3
ZA,2025-04,GASDIES,TOTIMPSB,CONVBBL,7458.0000,3
ZA,2025-04,GASDIES,TOTIMPSB,KBBL,-,3
ZA,2025-04,GASDIES,TOTIMPSB,KBD,-,3
ZA,2025-04,GASDIES,TOTIMPSB,KL,-,3
ZA,2025-04,GASDIES,TOTIMPSB,KTONS,-,3
ZA,2025-05,GASDIES,CLOSTLV,CONVBBL,7458.0000,3
ZA,2025-05,GASDIES,CLOSTLV,KBBL,-,3
ZA,2025-05,GASDIES,CLOSTLV,KBD,x,3
ZA,2025-05,GASDIES,CLOSTLV,KL,-,3
ZA,2025-05,GASDIES,CLOSTLV,KTONS,-,3
ZA,2025-05,GASDIES,IPTRANSF,CONVBBL,7458.0000,3
ZA,2025-05,GASDIES,IPTRANSF,KBBL,-,3
ZA,2025-05,GASDIES,IPTRANSF,KBD,-,3
ZA,2025-05,GASDIES,IPTRANSF,KL,-,3
ZA,2025-05,GASDIES,IPTRANSF,KTONS,-,3
ZA,2025-05,GASDIES,PTRANSF,CONVBBL,7458.0000,3
ZA,2025-05,GASDIES,PTRANSF,KBBL,-,3
ZA,2025-05,GASDIES,PTRANSF,KBD,-,3
ZA,2025-05,GASDIES,PTRANSF,KL,-,3
ZA,2025-05,GASDIES,PTRANSF,KTONS,-,3
ZA,2025-05,GASDIES,RECEIPTS,CONVBBL,7458.0000,3
ZA,2025-05,GASDIES,RECEIPTS,KBBL,-,3
ZA,2025-05,GASDIES,RECEIPTS,KBD,-,3
ZA,2025-05,GASDIES,RECEIPTS,KL,-,3
ZA,2025-05,GASDIES,RECEIPTS,KTONS,-,3
ZA,2025-05,GASDIES,REFGROUT,CONVBBL,7458.0000,3
ZA,2025-05,GASDIES,REFGROUT,KBBL,-,3
ZA,2025-05,GASDIES,REFGROUT,KBD,-,3
ZA,2025-05,GASDIES,REFGROUT,KL,-,3
ZA,2025-05,GASDIES,REFGROUT,KTONS,-,3
ZA,2025-05,GASDIES,STATDIFF,CONVBBL,7458.0000,3
ZA,2025-05,GASDIES,STATDIFF,KBBL,-,3
ZA,2025-05,GASDIES,STATDIFF,KBD,-,3
ZA,2025-05,GASDIES,STATDIFF,KL,-,3
ZA,2025-05,GASDIES,STATDIFF,KTONS,-,3
ZA,2025-05,GASDIES,STOCKCH,CONVBBL,7458.0000,3
ZA,2025-05,GASDIES,STOCKCH,KBBL,-,3
ZA,2025-05,GASDIES,STOCKCH,KBD,x,3
ZA,2025-05,GASDIES,STOCKCH,KL,-,3
ZA,2025-05,GASDIES,STOCKCH,KTONS,-,3
ZA,2025-05,GASDIES,TOTDEMO,CONVBBL,7458.0000,3
ZA,2025-05,GASDIES,TOTDEMO,KBBL,-,3
ZA,2025-05,GASDIES,TOTDEMO,KBD,-,3
ZA,2025-05,GASDIES,TOTDEMO,KL,-,3
ZA,2025-05,GASDIES,TOTDEMO,KTONS,-,3
ZA,2025-05,GASDIES,TOTEXPSB,CONVBBL,7458.0000,3
ZA,2025-05,GASDIES,TOTEXPSB,KBBL,-,3
ZA,2025-05,GASDIES,TOTEXPSB,KBD,-,3
ZA,2025-05,GASDIES,TOTEXPSB,KL,-,3
ZA,2025-05,GASDIES,TOTEXPSB,KTONS,-,3
ZA,2025-05,GASDIES,TOTIMPSB,CONVBBL,7458.0000,3
ZA,2025-05,GASDIES,TOTIMPSB,KBBL,-,3
ZA,2025-05,GASDIES,TOTIMPSB,KBD,-,3
ZA,2025-05,GASDIES,TOTIMPSB,KL,-,3
ZA,2025-05,GASDIES,TOTIMPSB,KTONS,-,3
ZA,2025-06,GASDIES,CLOSTLV,CONVBBL,7458.0000,3
ZA,2025-06,GASDIES,CLOSTLV,KBBL,-,3
ZA,2025-06,GASDIES,CLOSTLV,KBD,x,3
ZA,2025-06,GASDIES,CLOSTLV,KL,-,3
ZA,2025-06,GASDIES,CLOSTLV,KTONS,-,3
ZA,2025-06,GASDIES,IPTRANSF,CONVBBL,7458.0000,3
ZA,2025-06,GASDIES,IPTRANSF,KBBL,-,3
ZA,2025-06,GASDIES,IPTRANSF,KBD,-,3
ZA,2025-06,GASDIES,IPTRANSF,KL,-,3
ZA,2025-06,GASDIES,IPTRANSF,KTONS,-,3
ZA,2025-06,GASDIES,PTRANSF,CONVBBL,7458.0000,3
ZA,2025-06,GASDIES,PTRANSF,KBBL,-,3
ZA,2025-06,GASDIES,PTRANSF,KBD,-,3
ZA,2025-06,GASDIES,PTRANSF,KL,-,3
ZA,2025-06,GASDIES,PTRANSF,KTONS,-,3
ZA,2025-06,GASDIES,RECEIPTS,CONVBBL,7458.0000,3
ZA,2025-06,GASDIES,RECEIPTS,KBBL,-,3
ZA,2025-06,GASDIES,RECEIPTS,KBD,-,3
ZA,2025-06,GASDIES,RECEIPTS,KL,-,3
ZA,2025-06,GASDIES,RECEIPTS,KTONS,-,3
ZA,2025-06,GASDIES,REFGROUT,CONVBBL,7458.0000,3
ZA,2025-06,GASDIES,REFGROUT,KBBL,-,3
ZA,2025-06,GASDIES,REFGROUT,KBD,-,3
ZA,2025-06,GASDIES,REFGROUT,KL,-,3
ZA,2025-06,GASDIES,REFGROUT,KTONS,-,3
ZA,2025-06,GASDIES,STATDIFF,CONVBBL,7458.0000,3
ZA,2025-06,GASDIES,STATDIFF,KBBL,-,3
ZA,2025-06,GASDIES,STATDIFF,KBD,-,3
ZA,2025-06,GASDIES,STATDIFF,KL,-,3
ZA,2025-06,GASDIES,STATDIFF,KTONS,-,3
ZA,2025-06,GASDIES,STOCKCH,CONVBBL,7458.0000,3
ZA,2025-06,GASDIES,STOCKCH,KBBL,-,3
ZA,2025-06,GASDIES,STOCKCH,KBD,x,3
ZA,2025-06,GASDIES,STOCKCH,KL,-,3
ZA,2025-06,GASDIES,STOCKCH,KTONS,-,3
ZA,2025-06,GASDIES,TOTDEMO,CONVBBL,7458.0000,3
ZA,2025-06,GASDIES,TOTDEMO,KBBL,-,3
ZA,2025-06,GASDIES,TOTDEMO,KBD,-,3
ZA,2025-06,GASDIES,TOTDEMO,KL,-,3
ZA,2025-06,GASDIES,TOTDEMO,KTONS,-,3
ZA,2025-06,GASDIES,TOTEXPSB,CONVBBL,7458.0000,3
ZA,2025-06,GASDIES,TOTEXPSB,KBBL,-,3
ZA,2025-06,GASDIES,TOTEXPSB,KBD,-,3
ZA,2025-06,GASDIES,TOTEXPSB,KL,-,3
ZA,2025-06,GASDIES,TOTEXPSB,KTONS,-,3
ZA,2025-06,GASDIES,TOTIMPSB,CONVBBL,7458.0000,3
ZA,2025-06,GASDIES,TOTIMPSB,KBBL,-,3
ZA,2025-06,GASDIES,TOTIMPSB,KBD,-,3
ZA,2025-06,GASDIES,TOTIMPSB,KL,-,3
ZA,2025-06,GASDIES,TOTIMPSB,KTONS,-,3
ZA,2025-07,GASDIES,CLOSTLV,CONVBBL,7458.0000,3
ZA,2025-07,GASDIES,CLOSTLV,KBBL,-,3
ZA,2025-07,GASDIES,CLOSTLV,KBD,x,3
ZA,2025-07,GASDIES,CLOSTLV,KL,-,3
ZA,2025-07,GASDIES,CLOSTLV,KTONS,-,3
ZA,2025-07,GASDIES,IPTRANSF,CONVBBL,7458.0000,3
ZA,2025-07,GASDIES,IPTRANSF,KBBL,-,3
ZA,2025-07,GASDIES,IPTRANSF,KBD,-,3
ZA,2025-07,GASDIES,IPTRANSF,KL,-,3
ZA,2025-07,GASDIES,IPTRANSF,KTONS,-,3
ZA,2025-07,GASDIES,PTRANSF,CONVBBL,7458.0000,3
ZA,2025-07,GASDIES,PTRANSF,KBBL,-,3
ZA,2025-07,GASDIES,PTRANSF,KBD,-,3
ZA,2025-07,GASDIES,PTRANSF,KL,-,3
ZA,2025-07,GASDIES,PTRANSF,KTONS,-,3
ZA,2025-07,GASDIES,RECEIPTS,CONVBBL,7458.0000,3
ZA,2025-07,GASDIES,RECEIPTS,KBBL,-,3
ZA,2025-07,GASDIES,RECEIPTS,KBD,-,3
ZA,2025-07,GASDIES,RECEIPTS,KL,-,3
ZA,2025-07,GASDIES,RECEIPTS,KTONS,-,3
ZA,2025-07,GASDIES,REFGROUT,CONVBBL,7458.0000,3
ZA,2025-07,GASDIES,REFGROUT,KBBL,-,3
ZA,2025-07,GASDIES,REFGROUT,KBD,-,3
ZA,2025-07,GASDIES,REFGROUT,KL,-,3
ZA,2025-07,GASDIES,REFGROUT,KTONS,-,3
ZA,2025-07,GASDIES,STATDIFF,CONVBBL,7458.0000,3
ZA,2025-07,GASDIES,STATDIFF,KBBL,-,3
ZA,2025-07,GASDIES,STATDIFF,KBD,-,3
ZA,2025-07,GASDIES,STATDIFF,KL,-,3
ZA,2025-07,GASDIES,STATDIFF,KTONS,-,3
ZA,2025-07,GASDIES,STOCKCH,CONVBBL,7458.0000,3
ZA,2025-07,GASDIES,STOCKCH,KBBL,-,3
ZA,2025-07,GASDIES,STOCKCH,KBD,x,3
ZA,2025-07,GASDIES,STOCKCH,KL,-,3
ZA,2025-07,GASDIES,STOCKCH,KTONS,-,3
ZA,2025-07,GASDIES,TOTDEMO,CONVBBL,7458.0000,3
ZA,2025-07,GASDIES,TOTDEMO,KBBL,-,3
ZA,2025-07,GASDIES,TOTDEMO,KBD,-,3
ZA,2025-07,GASDIES,TOTDEMO,KL,-,3
ZA,2025-07,GASDIES,TOTDEMO,KTONS,-,3
ZA,2025-07,GASDIES,TOTEXPSB,CONVBBL,7458.0000,3
ZA,2025-07,GASDIES,TOTEXPSB,KBBL,-,3
ZA,2025-07,GASDIES,TOTEXPSB,KBD,-,3
ZA,2025-07,GASDIES,TOTEXPSB,KL,-,3
ZA,2025-07,GASDIES,TOTEXPSB,KTONS,-,3
ZA,2025-07,GASDIES,TOTIMPSB,CONVBBL,7458.0000,3
ZA,2025-07,GASDIES,TOTIMPSB,KBBL,-,3
ZA,2025-07,GASDIES,TOTIMPSB,KBD,-,3
ZA,2025-07,GASDIES,TOTIMPSB,KL,-,3
ZA,2025-07,GASDIES,TOTIMPSB,KTONS,-,3
ZA,2025-08,GASDIES,CLOSTLV,CONVBBL,7458.0000,3
ZA,2025-08,GASDIES,CLOSTLV,KBBL,-,3
ZA,2025-08,GASDIES,CLOSTLV,KBD,x,3
ZA,2025-08,GASDIES,CLOSTLV,KL,-,3
ZA,2025-08,GASDIES,CLOSTLV,KTONS,-,3
ZA,2025-08,GASDIES,IPTRANSF,CONVBBL,7458.0000,3
ZA,2025-08,GASDIES,IPTRANSF,KBBL,-,3
ZA,2025-08,GASDIES,IPTRANSF,KBD,-,3
ZA,2025-08,GASDIES,IPTRANSF,KL,-,3
ZA,2025-08,GASDIES,IPTRANSF,KTONS,-,3
ZA,2025-08,GASDIES,PTRANSF,CONVBBL,7458.0000,3
ZA,2025-08,GASDIES,PTRANSF,KBBL,-,3
ZA,2025-08,GASDIES,PTRANSF,KBD,-,3
ZA,2025-08,GASDIES,PTRANSF,KL,-,3
ZA,2025-08,GASDIES,PTRANSF,KTONS,-,3
ZA,2025-08,GASDIES,RECEIPTS,CONVBBL,7458.0000,3
ZA,2025-08,GASDIES,RECEIPTS,KBBL,-,3
ZA,2025-08,GASDIES,RECEIPTS,KBD,-,3
ZA,2025-08,GASDIES,RECEIPTS,KL,-,3
ZA,2025-08,GASDIES,RECEIPTS,KTONS,-,3
ZA,2025-08,GASDIES,REFGROUT,CONVBBL,7458.0000,3
ZA,2025-08,GASDIES,REFGROUT,KBBL,-,3
ZA,2025-08,GASDIES,REFGROUT,KBD,-,3
ZA,2025-08,GASDIES,REFGROUT,KL,-,3
ZA,2025-08,GASDIES,REFGROUT,KTONS,-,3
ZA,2025-08,GASDIES,STATDIFF,CONVBBL,7458.0000,3
ZA,2025-08,GASDIES,STATDIFF,KBBL,-,3
ZA,2025-08,GASDIES,STATDIFF,KBD,-,3
ZA,2025-08,GASDIES,STATDIFF,KL,-,3
ZA,2025-08,GASDIES,STATDIFF,KTONS,-,3
ZA,2025-08,GASDIES,STOCKCH,CONVBBL,7458.0000,3
ZA,2025-08,GASDIES,STOCKCH,KBBL,-,3
ZA,2025-08,GASDIES,STOCKCH,KBD,x,3
ZA,2025-08,GASDIES,STOCKCH,KL,-,3
ZA,2025-08,GASDIES,STOCKCH,KTONS,-,3
ZA,2025-08,GASDIES,TOTDEMO,CONVBBL,7458.0000,3
ZA,2025-08,GASDIES,TOTDEMO,KBBL,-,3
ZA,2025-08,GASDIES,TOTDEMO,KBD,-,3
ZA,2025-08,GASDIES,TOTDEMO,KL,-,3
ZA,2025-08,GASDIES,TOTDEMO,KTONS,-,3
ZA,2025-08,GASDIES,TOTEXPSB,CONVBBL,7458.0000,3
ZA,2025-08,GASDIES,TOTEXPSB,KBBL,-,3
ZA,2025-08,GASDIES,TOTEXPSB,KBD,-,3
ZA,2025-08,GASDIES,TOTEXPSB,KL,-,3
ZA,2025-08,GASDIES,TOTEXPSB,KTONS,-,3
ZA,2025-08,GASDIES,TOTIMPSB,CONVBBL,7458.0000,3
ZA,2025-08,GASDIES,TOTIMPSB,KBBL,-,3
ZA,2025-08,GASDIES,TOTIMPSB,KBD,-,3
ZA,2025-08,GASDIES,TOTIMPSB,KL,-,3
ZA,2025-08,GASDIES,TOTIMPSB,KTONS,-,3
ZA,2025-09,GASDIES,CLOSTLV,CONVBBL,7458.0000,3
ZA,2025-09,GASDIES,CLOSTLV,KBBL,-,3
ZA,2025-09,GASDIES,CLOSTLV,KBD,x,3
ZA,2025-09,GASDIES,CLOSTLV,KL,-,3
ZA,2025-09,GASDIES,CLOSTLV,KTONS,-,3
ZA,2025-09,GASDIES,IPTRANSF,CONVBBL,7458.0000,3
ZA,2025-09,GASDIES,IPTRANSF,KBBL,-,3
ZA,2025-09,GASDIES,IPTRANSF,KBD,-,3
ZA,2025-09,GASDIES,IPTRANSF,KL,-,3
ZA,2025-09,GASDIES,IPTRANSF,KTONS,-,3
ZA,2025-09,GASDIES,PTRANSF,CONVBBL,7458.0000,3
ZA,2025-09,GASDIES,PTRANSF,KBBL,-,3
ZA,2025-09,GASDIES,PTRANSF,KBD,-,3
ZA,2025-09,GASDIES,PTRANSF,KL,-,3
ZA,2025-09,GASDIES,PTRANSF,KTONS,-,3
ZA,2025-09,GASDIES,RECEIPTS,CONVBBL,7458.0000,3
ZA,2025-09,GASDIES,RECEIPTS,KBBL,-,3
ZA,2025-09,GASDIES,RECEIPTS,KBD,-,3
ZA,2025-09,GASDIES,RECEIPTS,KL,-,3
ZA,2025-09,GASDIES,RECEIPTS,KTONS,-,3
ZA,2025-09,GASDIES,REFGROUT,CONVBBL,7458.0000,3
ZA,2025-09,GASDIES,REFGROUT,KBBL,-,3
ZA,2025-09,GASDIES,REFGROUT,KBD,-,3
ZA,2025-09,GASDIES,REFGROUT,KL,-,3
ZA,2025-09,GASDIES,REFGROUT,KTONS,-,3
ZA,2025-09,GASDIES,STATDIFF,CONVBBL,7458.0000,3
ZA,2025-09,GASDIES,STATDIFF,KBBL,-,3
ZA,2025-09,GASDIES,STATDIFF,KBD,-,3
ZA,2025-09,GASDIES,STATDIFF,KL,-,3
ZA,2025-09,GASDIES,STATDIFF,KTONS,-,3
ZA,2025-09,GASDIES,STOCKCH,CONVBBL,7458.0000,3
ZA,2025-09,GASDIES,STOCKCH,KBBL,-,3
ZA,2025-09,GASDIES,STOCKCH,KBD,x,3
ZA,2025-09,GASDIES,STOCKCH,KL,-,3
ZA,2025-09,GASDIES,STOCKCH,KTONS,-,3
ZA,2025-09,GASDIES,TOTDEMO,CONVBBL,7458.0000,3
ZA,2025-09,GASDIES,TOTDEMO,KBBL,-,3
ZA,2025-09,GASDIES,TOTDEMO,KBD,-,3
ZA,2025-09,GASDIES,TOTDEMO,KL,-,3
ZA,2025-09,GASDIES,TOTDEMO,KTONS,-,3
ZA,2025-09,GASDIES,TOTEXPSB,CONVBBL,7458.0000,3
ZA,2025-09,GASDIES,TOTEXPSB,KBBL,-,3
ZA,2025-09,GASDIES,TOTEXPSB,KBD,-,3
ZA,2025-09,GASDIES,TOTEXPSB,KL,-,3
ZA,2025-09,GASDIES,TOTEXPSB,KTONS,-,3
ZA,2025-09,GASDIES,TOTIMPSB,CONVBBL,7458.0000,3
ZA,2025-09,GASDIES,TOTIMPSB,KBBL,-,3
ZA,2025-09,GASDIES,TOTIMPSB,KBD,-,3
ZA,2025-09,GASDIES,TOTIMPSB,KL,-,3
ZA,2025-09,GASDIES,TOTIMPSB,KTONS,-,3
ZA,2025-10,GASDIES,CLOSTLV,CONVBBL,7458.0000,3
ZA,2025-10,GASDIES,CLOSTLV,KBBL,-,3
ZA,2025-10,GASDIES,CLOSTLV,KBD,x,3
ZA,2025-10,GASDIES,CLOSTLV,KL,-,3
ZA,2025-10,GASDIES,CLOSTLV,KTONS,-,3
ZA,2025-10,GASDIES,IPTRANSF,CONVBBL,7458.0000,3
ZA,2025-10,GASDIES,IPTRANSF,KBBL,-,3
ZA,2025-10,GASDIES,IPTRANSF,KBD,-,3
ZA,2025-10,GASDIES,IPTRANSF,KL,-,3
ZA,2025-10,GASDIES,IPTRANSF,KTONS,-,3
ZA,2025-10,GASDIES,PTRANSF,CONVBBL,7458.0000,3
ZA,2025-10,GASDIES,PTRANSF,KBBL,-,3
ZA,2025-10,GASDIES,PTRANSF,KBD,-,3
ZA,2025-10,GASDIES,PTRANSF,KL,-,3
ZA,2025-10,GASDIES,PTRANSF,KTONS,-,3
ZA,2025-10,GASDIES,RECEIPTS,CONVBBL,7458.0000,3
ZA,2025-10,GASDIES,RECEIPTS,KBBL,-,3
ZA,2025-10,GASDIES,RECEIPTS,KBD,-,3
ZA,2025-10,GASDIES,RECEIPTS,KL,-,3
ZA,2025-10,GASDIES,RECEIPTS,KTONS,-,3
ZA,2025-10,GASDIES,REFGROUT,CONVBBL,7458.0000,3
ZA,2025-10,GASDIES,REFGROUT,KBBL,-,3
ZA,2025-10,GASDIES,REFGROUT,KBD,-,3
ZA,2025-10,GASDIES,REFGROUT,KL,-,3
ZA,2025-10,GASDIES,REFGROUT,KTONS,-,3
ZA,2025-10,GASDIES,STATDIFF,CONVBBL,7458.0000,3
ZA,2025-10,GASDIES,STATDIFF,KBBL,-,3
ZA,2025-10,GASDIES,STATDIFF,KBD,-,3
ZA,2025-10,GASDIES,STATDIFF,KL,-,3
ZA,2025-10,GASDIES,STATDIFF,KTONS,-,3
ZA,2025-10,GASDIES,STOCKCH,CONVBBL,7458.0000,3
ZA,2025-10,GASDIES,STOCKCH,KBBL,-,3
ZA,2025-10,GASDIES,STOCKCH,KBD,x,3
ZA,2025-10,GASDIES,STOCKCH,KL,-,3
ZA,2025-10,GASDIES,STOCKCH,KTONS,-,3
ZA,2025-10,GASDIES,TOTDEMO,CONVBBL,7458.0000,3
ZA,2025-10,GASDIES,TOTDEMO,KBBL,-,3
ZA,2025-10,GASDIES,TOTDEMO,KBD,-,3
ZA,2025-10,GASDIES,TOTDEMO,KL,-,3
ZA,2025-10,GASDIES,TOTDEMO,KTONS,-,3
ZA,2025-10,GASDIES,TOTEXPSB,CONVBBL,7458.0000,3
ZA,2025-10,GASDIES,TOTEXPSB,KBBL,-,3
ZA,2025-10,GASDIES,TOTEXPSB,KBD,-,3
ZA,2025-10,GASDIES,TOTEXPSB,KL,-,3
ZA,2025-10,GASDIES,TOTEXPSB,KTONS,-,3
ZA,2025-10,GASDIES,TOTIMPSB,CONVBBL,7458.0000,3
ZA,2025-10,GASDIES,TOTIMPSB,KBBL,-,3
ZA,2025-10,GASDIES,TOTIMPSB,KBD,-,3
ZA,2025-10,GASDIES,TOTIMPSB,KL,-,3
ZA,2025-10,GASDIES,TOTIMPSB,KTONS,-,3
ZA,2025-11,GASDIES,CLOSTLV,CONVBBL,7458.0000,3
ZA,2025-11,GASDIES,CLOSTLV,KBBL,-,3
ZA,2025-11,GASDIES,CLOSTLV,KBD,x,3
ZA,2025-11,GASDIES,CLOSTLV,KL,-,3
ZA,2025-11,GASDIES,CLOSTLV,KTONS,-,3
ZA,2025-11,GASDIES,IPTRANSF,CONVBBL,7458.0000,3
ZA,2025-11,GASDIES,IPTRANSF,KBBL,-,3
ZA,2025-11,GASDIES,IPTRANSF,KBD,-,3
ZA,2025-11,GASDIES,IPTRANSF,KL,-,3
ZA,2025-11,GASDIES,IPTRANSF,KTONS,-,3
ZA,2025-11,GASDIES,PTRANSF,CONVBBL,7458.0000,3
ZA,2025-11,GASDIES,PTRANSF,KBBL,-,3
ZA,2025-11,GASDIES,PTRANSF,KBD,-,3
ZA,2025-11,GASDIES,PTRANSF,KL,-,3
ZA,2025-11,GASDIES,PTRANSF,KTONS,-,3
ZA,2025-11,GASDIES,RECEIPTS,CONVBBL,7458.0000,3
ZA,2025-11,GASDIES,RECEIPTS,KBBL,-,3
ZA,2025-11,GASDIES,RECEIPTS,KBD,-,3
ZA,2025-11,GASDIES,RECEIPTS,KL,-,3
ZA,2025-11,GASDIES,RECEIPTS,KTONS,-,3
ZA,2025-11,GASDIES,REFGROUT,CONVBBL,7458.0000,3
ZA,2025-11,GASDIES,REFGROUT,KBBL,-,3
ZA,2025-11,GASDIES,REFGROUT,KBD,-,3
ZA,2025-11,GASDIES,REFGROUT,KL,-,3
ZA,2025-11,GASDIES,REFGROUT,KTONS,-,3
ZA,2025-11,GASDIES,STATDIFF,CONVBBL,7458.0000,3
ZA,2025-11,GASDIES,STATDIFF,KBBL,-,3
ZA,2025-11,GASDIES,STATDIFF,KBD,-,3
ZA,2025-11,GASDIES,STATDIFF,KL,-,3
ZA,2025-11,GASDIES,STATDIFF,KTONS,-,3
ZA,2025-11,GASDIES,STOCKCH,CONVBBL,7458.0000,3
ZA,2025-11,GASDIES,STOCKCH,KBBL,-,3
ZA,2025-11,GASDIES,STOCKCH,KBD,x,3
ZA,2025-11,GASDIES,STOCKCH,KL,-,3
ZA,2025-11,GASDIES,STOCKCH,KTONS,-,3
ZA,2025-11,GASDIES,TOTDEMO,CONVBBL,7458.0000,3
ZA,2025-11,GASDIES,TOTDEMO,KBBL,-,3
ZA,2025-11,GASDIES,TOTDEMO,KBD,-,3
ZA,2025-11,GASDIES,TOTDEMO,KL,-,3
ZA,2025-11,GASDIES,TOTDEMO,KTONS,-,3
ZA,2025-11,GASDIES,TOTEXPSB,CONVBBL,7458.0000,3
ZA,2025-11,GASDIES,TOTEXPSB,KBBL,-,3
ZA,2025-11,GASDIES,TOTEXPSB,KBD,-,3
ZA,2025-11,GASDIES,TOTEXPSB,KL,-,3
ZA,2025-11,GASDIES,TOTEXPSB,KTONS,-,3
ZA,2025-11,GASDIES,TOTIMPSB,CONVBBL,7458.0000,3
ZA,2025-11,GASDIES,TOTIMPSB,KBBL,-,3
ZA,2025-11,GASDIES,TOTIMPSB,KBD,-,3
ZA,2025-11,GASDIES,TOTIMPSB,KL,-,3
ZA,2025-11,GASDIES,TOTIMPSB,KTONS,-,3
ZA,2025-12,GASDIES,CLOSTLV,CONVBBL,7458.0000,3
ZA,2025-12,GASDIES,CLOSTLV,KBBL,-,3
ZA,2025-12,GASDIES,CLOSTLV,KBD,x,3
ZA,2025-12,GASDIES,CLOSTLV,KL,-,3
ZA,2025-12,GASDIES,CLOSTLV,KTONS,-,3
ZA,2025-12,GASDIES,IPTRANSF,CONVBBL,7458.0000,3
ZA,2025-12,GASDIES,IPTRANSF,KBBL,-,3
ZA,2025-12,GASDIES,IPTRANSF,KBD,-,3
ZA,2025-12,GASDIES,IPTRANSF,KL,-,3
ZA,2025-12,GASDIES,IPTRANSF,KTONS,-,3
ZA,2025-12,GASDIES,PTRANSF,CONVBBL,7458.0000,3
ZA,2025-12,GASDIES,PTRANSF,KBBL,-,3
ZA,2025-12,GASDIES,PTRANSF,KBD,-,3
ZA,2025-12,GASDIES,PTRANSF,KL,-,3
ZA,2025-12,GASDIES,PTRANSF,KTONS,-,3
ZA,2025-12,GASDIES,RECEIPTS,CONVBBL,7458.0000,3
ZA,2025-12,GASDIES,RECEIPTS,KBBL,-,3
ZA,2025-12,GASDIES,RECEIPTS,KBD,-,3
ZA,2025-12,GASDIES,RECEIPTS,KL,-,3
ZA,2025-12,GASDIES,RECEIPTS,KTONS,-,3
ZA,2025-12,GASDIES,REFGROUT,CONVBBL,7458.0000,3
ZA,2025-12,GASDIES,REFGROUT,KBBL,-,3
ZA,2025-12,GASDIES,REFGROUT,KBD,-,3
ZA,2025-12,GASDIES,REFGROUT,KL,-,3
ZA,2025-12,GASDIES,REFGROUT,KTONS,-,3
ZA,2025-12,GASDIES,STATDIFF,CONVBBL,7458.0000,3
ZA,2025-12,GASDIES,STATDIFF,KBBL,-,3
ZA,2025-12,GASDIES,STATDIFF,KBD,-,3
ZA,2025-12,GASDIES,STATDIFF,KL,-,3
ZA,2025-12,GASDIES,STATDIFF,KTONS,-,3
ZA,2025-12,GASDIES,STOCKCH,CONVBBL,7458.0000,3
ZA,2025-12,GASDIES,STOCKCH,KBBL,-,3
ZA,2025-12,GASDIES,STOCKCH,KBD,x,3
ZA,2025-12,GASDIES,STOCKCH,KL,-,3
ZA,2025-12,GASDIES,STOCKCH,KTONS,-,3
ZA,2025-12,GASDIES,TOTDEMO,CONVBBL,7458.0000,3
ZA,2025-12,GASDIES,TOTDEMO,KBBL,-,3
ZA,2025-12,GASDIES,TOTDEMO,KBD,-,3
ZA,2025-12,GASDIES,TOTDEMO,KL,-,3
ZA,2025-12,GASDIES,TOTDEMO,KTONS,-,3
ZA,2025-12,GASDIES,TOTEXPSB,CONVBBL,7458.0000,3
ZA,2025-12,GASDIES,TOTEXPSB,KBBL,-,3
ZA,2025-12,GASDIES,TOTEXPSB,KBD,-,3
ZA,2025-12,GASDIES,TOTEXPSB,KL,-,3
ZA,2025-12,GASDIES,TOTEXPSB,KTONS,-,3
ZA,2025-12,GASDIES,TOTIMPSB,CONVBBL,7458.0000,3
ZA,2025-12,GASDIES,TOTIMPSB,KBBL,-,3
ZA,2025-12,GASDIES,TOTIMPSB,KBD,-,3
ZA,2025-12,GASDIES,TOTIMPSB,KL,-,3
ZA,2025-12,GASDIES,TOTIMPSB,KTONS,-,3
ZA,2025-01,GASOLINE,CLOSTLV,CONVBBL,8466.0000,3
ZA,2025-01,GASOLINE,CLOSTLV,KBBL,-,3
ZA,2025-01,GASOLINE,CLOSTLV,KBD,x,3
ZA,2025-01,GASOLINE,CLOSTLV,KL,-,3
ZA,2025-01,GASOLINE,CLOSTLV,KTONS,-,3
ZA,2025-01,GASOLINE,IPTRANSF,CONVBBL,8466.0000,3
ZA,2025-01,GASOLINE,IPTRANSF,KBBL,-,3
ZA,2025-01,GASOLINE,IPTRANSF,KBD,-,3
ZA,2025-01,GASOLINE,IPTRANSF,KL,-,3
ZA,2025-01,GASOLINE,IPTRANSF,KTONS,-,3
ZA,2025-01,GASOLINE,PTRANSF,CONVBBL,8466.0000,3
ZA,2025-01,GASOLINE,PTRANSF,KBBL,-,3
ZA,2025-01,GASOLINE,PTRANSF,KBD,-,3
ZA,2025-01,GASOLINE,PTRANSF,KL,-,3
ZA,2025-01,GASOLINE,PTRANSF,KTONS,-,3
ZA,2025-01,GASOLINE,RECEIPTS,CONVBBL,8466.0000,3
ZA,2025-01,GASOLINE,RECEIPTS,KBBL,-,3
ZA,2025-01,GASOLINE,RECEIPTS,KBD,-,3
ZA,2025-01,GASOLINE,RECEIPTS,KL,-,3
ZA,2025-01,GASOLINE,RECEIPTS,KTONS,-,3
ZA,2025-01,GASOLINE,REFGROUT,CONVBBL,8466.0000,3
ZA,2025-01,GASOLINE,REFGROUT,KBBL,-,3
ZA,2025-01,GASOLINE,REFGROUT,KBD,-,3
ZA,2025-01,GASOLINE,REFGROUT,KL,-,3
ZA,2025-01,GASOLINE,REFGROUT,KTONS,-,3
ZA,2025-01,GASOLINE,STATDIFF,CONVBBL,8466.0000,3
ZA,2025-01,GASOLINE,STATDIFF,KBBL,-,3
ZA,2025-01,GASOLINE,STATDIFF,KBD,-,3
ZA,2025-01,GASOLINE,STATDIFF,KL,-,3
ZA,2025-01,GASOLINE,STATDIFF,KTONS,-,3
ZA,2025-01,GASOLINE,STOCKCH,CONVBBL,8466.0000,3
ZA,2025-01,GASOLINE,STOCKCH,KBBL,-,3
ZA,2025-01,GASOLINE,STOCKCH,KBD,x,3
ZA,2025-01,GASOLINE,STOCKCH,KL,-,3
ZA,2025-01,GASOLINE,STOCKCH,KTONS,-,3
ZA,2025-01,GASOLINE,TOTDEMO,CONVBBL,8466.0000,3
ZA,2025-01,GASOLINE,TOTDEMO,KBBL,-,3
ZA,2025-01,GASOLINE,TOTDEMO,KBD,-,3
ZA,2025-01,GASOLINE,TOTDEMO,KL,-,3
ZA,2025-01,GASOLINE,TOTDEMO,KTONS,-,3
ZA,2025-01,GASOLINE,TOTEXPSB,CONVBBL,8466.0000,3
ZA,2025-01,GASOLINE,TOTEXPSB,KBBL,-,3
ZA,2025-01,GASOLINE,TOTEXPSB,KBD,-,3
ZA,2025-01,GASOLINE,TOTEXPSB,KL,-,3
ZA,2025-01,GASOLINE,TOTEXPSB,KTONS,-,3
ZA,2025-01,GASOLINE,TOTIMPSB,CONVBBL,8466.0000,3
ZA,2025-01,GASOLINE,TOTIMPSB,KBBL,-,3
ZA,2025-01,GASOLINE,TOTIMPSB,KBD,-,3
ZA,2025-01,GASOLINE,TOTIMPSB,KL,-,3
ZA,2025-01,GASOLINE,TOTIMPSB,KTONS,-,3
ZA,2025-02,GASOLINE,CLOSTLV,CONVBBL,8466.0000,3
ZA,2025-02,GASOLINE,CLOSTLV,KBBL,-,3
ZA,2025-02,GASOLINE,CLOSTLV,KBD,x,3
ZA,2025-02,GASOLINE,CLOSTLV,KL,-,3
ZA,2025-02,GASOLINE,CLOSTLV,KTONS,-,3
ZA,2025-02,GASOLINE,IPTRANSF,CONVBBL,8466.0000,3
ZA,2025-02,GASOLINE,IPTRANSF,KBBL,-,3
ZA,2025-02,GASOLINE,IPTRANSF,KBD,-,3
ZA,2025-02,GASOLINE,IPTRANSF,KL,-,3
ZA,2025-02,GASOLINE,IPTRANSF,KTONS,-,3
ZA,2025-02,GASOLINE,PTRANSF,CONVBBL,8466.0000,3
ZA,2025-02,GASOLINE,PTRANSF,KBBL,-,3
ZA,2025-02,GASOLINE,PTRANSF,KBD,-,3
ZA,2025-02,GASOLINE,PTRANSF,KL,-,3
ZA,2025-02,GASOLINE,PTRANSF,KTONS,-,3
ZA,2025-02,GASOLINE,RECEIPTS,CONVBBL,8466.0000,3
ZA,2025-02,GASOLINE,RECEIPTS,KBBL,-,3
ZA,2025-02,GASOLINE,RECEIPTS,KBD,-,3
ZA,2025-02,GASOLINE,RECEIPTS,KL,-,3
ZA,2025-02,GASOLINE,RECEIPTS,KTONS,-,3
ZA,2025-02,GASOLINE,REFGROUT,CONVBBL,8466.0000,3
ZA,2025-02,GASOLINE,REFGROUT,KBBL,-,3
ZA,2025-02,GASOLINE,REFGROUT,KBD,-,3
ZA,2025-02,GASOLINE,REFGROUT,KL,-,3
ZA,2025-02,GASOLINE,REFGROUT,KTONS,-,3
ZA,2025-02,GASOLINE,STATDIFF,CONVBBL,8466.0000,3
ZA,2025-02,GASOLINE,STATDIFF,KBBL,-,3
ZA,2025-02,GASOLINE,STATDIFF,KBD,-,3
ZA,2025-02,GASOLINE,STATDIFF,KL,-,3
ZA,2025-02,GASOLINE,STATDIFF,KTONS,-,3
ZA,2025-02,GASOLINE,STOCKCH,CONVBBL,8466.0000,3
ZA,2025-02,GASOLINE,STOCKCH,KBBL,-,3
ZA,2025-02,GASOLINE,STOCKCH,KBD,x,3
ZA,2025-02,GASOLINE,STOCKCH,KL,-,3
ZA,2025-02,GASOLINE,STOCKCH,KTONS,-,3
ZA,2025-02,GASOLINE,TOTDEMO,CONVBBL,8466.0000,3
ZA,2025-02,GASOLINE,TOTDEMO,KBBL,-,3
ZA,2025-02,GASOLINE,TOTDEMO,KBD,-,3
ZA,2025-02,GASOLINE,TOTDEMO,KL,-,3
ZA,2025-02,GASOLINE,TOTDEMO,KTONS,-,3
ZA,2025-02,GASOLINE,TOTEXPSB,CONVBBL,8466.0000,3
ZA,2025-02,GASOLINE,TOTEXPSB,KBBL,-,3
ZA,2025-02,GASOLINE,TOTEXPSB,KBD,-,3
ZA,2025-02,GASOLINE,TOTEXPSB,KL,-,3
ZA,2025-02,GASOLINE,TOTEXPSB,KTONS,-,3
ZA,2025-02,GASOLINE,TOTIMPSB,CONVBBL,8466.0000,3
ZA,2025-02,GASOLINE,TOTIMPSB,KBBL,-,3
ZA,2025-02,GASOLINE,TOTIMPSB,KBD,-,3
ZA,2025-02,GASOLINE,TOTIMPSB,KL,-,3
ZA,2025-02,GASOLINE,TOTIMPSB,KTONS,-,3
ZA,2025-03,GASOLINE,CLOSTLV,CONVBBL,8466.0000,3
ZA,2025-03,GASOLINE,CLOSTLV,KBBL,-,3
ZA,2025-03,GASOLINE,CLOSTLV,KBD,x,3
ZA,2025-03,GASOLINE,CLOSTLV,KL,-,3
ZA,2025-03,GASOLINE,CLOSTLV,KTONS,-,3
ZA,2025-03,GASOLINE,IPTRANSF,CONVBBL,8466.0000,3
ZA,2025-03,GASOLINE,IPTRANSF,KBBL,-,3
ZA,2025-03,GASOLINE,IPTRANSF,KBD,-,3
ZA,2025-03,GASOLINE,IPTRANSF,KL,-,3
ZA,2025-03,GASOLINE,IPTRANSF,KTONS,-,3
ZA,2025-03,GASOLINE,PTRANSF,CONVBBL,8466.0000,3
ZA,2025-03,GASOLINE,PTRANSF,KBBL,-,3
ZA,2025-03,GASOLINE,PTRANSF,KBD,-,3
ZA,2025-03,GASOLINE,PTRANSF,KL,-,3
ZA,2025-03,GASOLINE,PTRANSF,KTONS,-,3
ZA,2025-03,GASOLINE,RECEIPTS,CONVBBL,8466.0000,3
ZA,2025-03,GASOLINE,RECEIPTS,KBBL,-,3
ZA,2025-03,GASOLINE,RECEIPTS,KBD,-,3
ZA,2025-03,GASOLINE,RECEIPTS,KL,-,3
ZA,2025-03,GASOLINE,RECEIPTS,KTONS,-,3
ZA,2025-03,GASOLINE,REFGROUT,CONVBBL,8466.0000,3
ZA,2025-03,GASOLINE,REFGROUT,KBBL,-,3
ZA,2025-03,GASOLINE,REFGROUT,KBD,-,3
ZA,2025-03,GASOLINE,REFGROUT,KL,-,3
ZA,2025-03,GASOLINE,REFGROUT,KTONS,-,3
ZA,2025-03,GASOLINE,STATDIFF,CONVBBL,8466.0000,3
ZA,2025-03,GASOLINE,STATDIFF,KBBL,-,3
ZA,2025-03,GASOLINE,STATDIFF,KBD,-,3
ZA,2025-03,GASOLINE,STATDIFF,KL,-,3
ZA,2025-03,GASOLINE,STATDIFF,KTONS,-,3
ZA,2025-03,GASOLINE,STOCKCH,CONVBBL,8466.0000,3
ZA,2025-03,GASOLINE,STOCKCH,KBBL,-,3
ZA,2025-03,GASOLINE,STOCKCH,KBD,x,3
ZA,2025-03,GASOLINE,STOCKCH,KL,-,3
ZA,2025-03,GASOLINE,STOCKCH,KTONS,-,3
ZA,2025-03,GASOLINE,TOTDEMO,CONVBBL,8466.0000,3
ZA,2025-03,GASOLINE,TOTDEMO,KBBL,-,3
ZA,2025-03,GASOLINE,TOTDEMO,KBD,-,3
ZA,2025-03,GASOLINE,TOTDEMO,KL,-,3
ZA,2025-03,GASOLINE,TOTDEMO,KTONS,-,3
ZA,2025-03,GASOLINE,TOTEXPSB,CONVBBL,8466.0000,3
ZA,2025-03,GASOLINE,TOTEXPSB,KBBL,-,3
ZA,2025-03,GASOLINE,TOTEXPSB,KBD,-,3
ZA,2025-03,GASOLINE,TOTEXPSB,KL,-,3
ZA,2025-03,GASOLINE,TOTEXPSB,KTONS,-,3
ZA,2025-03,GASOLINE,TOTIMPSB,CONVBBL,8466.0000,3
ZA,2025-03,GASOLINE,TOTIMPSB,KBBL,-,3
ZA,2025-03,GASOLINE,TOTIMPSB,KBD,-,3
ZA,2025-03,GASOLINE,TOTIMPSB,KL,-,3
ZA,2025-03,GASOLINE,TOTIMPSB,KTONS,-,3
ZA,2025-04,GASOLINE,CLOSTLV,CONVBBL,8466.0000,3
ZA,2025-04,GASOLINE,CLOSTLV,KBBL,-,3
ZA,2025-04,GASOLINE,CLOSTLV,KBD,x,3
ZA,2025-04,GASOLINE,CLOSTLV,KL,-,3
ZA,2025-04,GASOLINE,CLOSTLV,KTONS,-,3
ZA,2025-04,GASOLINE,IPTRANSF,CONVBBL,8466.0000,3
ZA,2025-04,GASOLINE,IPTRANSF,KBBL,-,3
ZA,2025-04,GASOLINE,IPTRANSF,KBD,-,3
ZA,2025-04,GASOLINE,IPTRANSF,KL,-,3
ZA,2025-04,GASOLINE,IPTRANSF,KTONS,-,3
ZA,2025-04,GASOLINE,PTRANSF,CONVBBL,8466.0000,3
ZA,2025-04,GASOLINE,PTRANSF,KBBL,-,3
ZA,2025-04,GASOLINE,PTRANSF,KBD,-,3
ZA,2025-04,GASOLINE,PTRANSF,KL,-,3
ZA,2025-04,GASOLINE,PTRANSF,KTONS,-,3
ZA,2025-04,GASOLINE,RECEIPTS,CONVBBL,8466.0000,3
ZA,2025-04,GASOLINE,RECEIPTS,KBBL,-,3
ZA,2025-04,GASOLINE,RECEIPTS,KBD,-,3
ZA,2025-04,GASOLINE,RECEIPTS,KL,-,3
ZA,2025-04,GASOLINE,RECEIPTS,KTONS,-,3
ZA,2025-04,GASOLINE,REFGROUT,CONVBBL,8466.0000,3
ZA,2025-04,GASOLINE,REFGROUT,KBBL,-,3
ZA,2025-04,GASOLINE,REFGROUT,KBD,-,3
ZA,2025-04,GASOLINE,REFGROUT,KL,-,3
ZA,2025-04,GASOLINE,REFGROUT,KTONS,-,3
ZA,2025-04,GASOLINE,STATDIFF,CONVBBL,8466.0000,3
ZA,2025-04,GASOLINE,STATDIFF,KBBL,-,3
ZA,2025-04,GASOLINE,STATDIFF,KBD,-,3
ZA,2025-04,GASOLINE,STATDIFF,KL,-,3
ZA,2025-04,GASOLINE,STATDIFF,KTONS,-,3
ZA,2025-04,GASOLINE,STOCKCH,CONVBBL,8466.0000,3
ZA,2025-04,GASOLINE,STOCKCH,KBBL,-,3
ZA,2025-04,GASOLINE,STOCKCH,KBD,x,3
ZA,2025-04,GASOLINE,STOCKCH,KL,-,3
ZA,2025-04,GASOLINE,STOCKCH,KTONS,-,3
ZA,2025-04,GASOLINE,TOTDEMO,CONVBBL,8466.0000,3
ZA,2025-04,GASOLINE,TOTDEMO,KBBL,-,3
ZA,2025-04,GASOLINE,TOTDEMO,KBD,-,3
ZA,2025-04,GASOLINE,TOTDEMO,KL,-,3
ZA,2025-04,GASOLINE,TOTDEMO,KTONS,-,3
ZA,2025-04,GASOLINE,TOTEXPSB,CONVBBL,8466.0000,3
ZA,2025-04,GASOLINE,TOTEXPSB,KBBL,-,3
ZA,2025-04,GASOLINE,TOTEXPSB,KBD,-,3
ZA,2025-04,GASOLINE,TOTEXPSB,KL,-,3
ZA,2025-04,GASOLINE,TOTEXPSB,KTONS,-,3
ZA,2025-04,GASOLINE,TOTIMPSB,CONVBBL,8466.0000,3
ZA,2025-04,GASOLINE,TOTIMPSB,KBBL,-,3
ZA,2025-04,GASOLINE,TOTIMPSB,KBD,-,3
ZA,2025-04,GASOLINE,TOTIMPSB,KL,-,3
ZA,2025-04,GASOLINE,TOTIMPSB,KTONS,-,3
ZA,2025-05,GASOLINE,CLOSTLV,CONVBBL,8466.0000,3
ZA,2025-05,GASOLINE,CLOSTLV,KBBL,-,3
ZA,2025-05,GASOLINE,CLOSTLV,KBD,x,3
ZA,2025-05,GASOLINE,CLOSTLV,KL,-,3
ZA,2025-05,GASOLINE,CLOSTLV,KTONS,-,3
ZA,2025-05,GASOLINE,IPTRANSF,CONVBBL,8466.0000,3
ZA,2025-05,GASOLINE,IPTRANSF,KBBL,-,3
ZA,2025-05,GASOLINE,IPTRANSF,KBD,-,3
ZA,2025-05,GASOLINE,IPTRANSF,KL,-,3
ZA,2025-05,GASOLINE,IPTRANSF,KTONS,-,3
ZA,2025-05,GASOLINE,PTRANSF,CONVBBL,8466.0000,3
ZA,2025-05,GASOLINE,PTRANSF,KBBL,-,3
ZA,2025-05,GASOLINE,PTRANSF,KBD,-,3
ZA,2025-05,GASOLINE,PTRANSF,KL,-,3
ZA,2025-05,GASOLINE,PTRANSF,KTONS,-,3
ZA,2025-05,GASOLINE,RECEIPTS,CONVBBL,8466.0000,3
ZA,2025-05,GASOLINE,RECEIPTS,KBBL,-,3
ZA,2025-05,GASOLINE,RECEIPTS,KBD,-,3
ZA,2025-05,GASOLINE,RECEIPTS,KL,-,3
ZA,2025-05,GASOLINE,RECEIPTS,KTONS,-,3
ZA,2025-05,GASOLINE,REFGROUT,CONVBBL,8466.0000,3
ZA,2025-05,GASOLINE,REFGROUT,KBBL,-,3
ZA,2025-05,GASOLINE,REFGROUT,KBD,-,3
ZA,2025-05,GASOLINE,REFGROUT,KL,-,3
ZA,2025-05,GASOLINE,REFGROUT,KTONS,-,3
ZA,2025-05,GASOLINE,STATDIFF,CONVBBL,8466.0000,3
ZA,2025-05,GASOLINE,STATDIFF,KBBL,-,3
ZA,2025-05,GASOLINE,STATDIFF,KBD,-,3
ZA,2025-05,GASOLINE,STATDIFF,KL,-,3
ZA,2025-05,GASOLINE,STATDIFF,KTONS,-,3
ZA,2025-05,GASOLINE,STOCKCH,CONVBBL,8466.0000,3
ZA,2025-05,GASOLINE,STOCKCH,KBBL,-,3
ZA,2025-05,GASOLINE,STOCKCH,KBD,x,3
ZA,2025-05,GASOLINE,STOCKCH,KL,-,3
ZA,2025-05,GASOLINE,STOCKCH,KTONS,-,3
ZA,2025-05,GASOLINE,TOTDEMO,CONVBBL,8466.0000,3
ZA,2025-05,GASOLINE,TOTDEMO,KBBL,-,3
ZA,2025-05,GASOLINE,TOTDEMO,KBD,-,3
ZA,2025-05,GASOLINE,TOTDEMO,KL,-,3
ZA,2025-05,GASOLINE,TOTDEMO,KTONS,-,3
ZA,2025-05,GASOLINE,TOTEXPSB,CONVBBL,8466.0000,3
ZA,2025-05,GASOLINE,TOTEXPSB,KBBL,-,3
ZA,2025-05,GASOLINE,TOTEXPSB,KBD,-,3
ZA,2025-05,GASOLINE,TOTEXPSB,KL,-,3
ZA,2025-05,GASOLINE,TOTEXPSB,KTONS,-,3
ZA,2025-05,GASOLINE,TOTIMPSB,CONVBBL,8466.0000,3
ZA,2025-05,GASOLINE,TOTIMPSB,KBBL,-,3
ZA,2025-05,GASOLINE,TOTIMPSB,KBD,-,3
ZA,2025-05,GASOLINE,TOTIMPSB,KL,-,3
ZA,2025-05,GASOLINE,TOTIMPSB,KTONS,-,3
ZA,2025-06,GASOLINE,CLOSTLV,CONVBBL,8466.0000,3
ZA,2025-06,GASOLINE,CLOSTLV,KBBL,-,3
ZA,2025-06,GASOLINE,CLOSTLV,KBD,x,3
ZA,2025-06,GASOLINE,CLOSTLV,KL,-,3
ZA,2025-06,GASOLINE,CLOSTLV,KTONS,-,3
ZA,2025-06,GASOLINE,IPTRANSF,CONVBBL,8466.0000,3
ZA,2025-06,GASOLINE,IPTRANSF,KBBL,-,3
ZA,2025-06,GASOLINE,IPTRANSF,KBD,-,3
ZA,2025-06,GASOLINE,IPTRANSF,KL,-,3
ZA,2025-06,GASOLINE,IPTRANSF,KTONS,-,3
ZA,2025-06,GASOLINE,PTRANSF,CONVBBL,8466.0000,3
ZA,2025-06,GASOLINE,PTRANSF,KBBL,-,3
ZA,2025-06,GASOLINE,PTRANSF,KBD,-,3
ZA,2025-06,GASOLINE,PTRANSF,KL,-,3
ZA,2025-06,GASOLINE,PTRANSF,KTONS,-,3
ZA,2025-06,GASOLINE,RECEIPTS,CONVBBL,8466.0000,3
ZA,2025-06,GASOLINE,RECEIPTS,KBBL,-,3
ZA,2025-06,GASOLINE,RECEIPTS,KBD,-,3
ZA,2025-06,GASOLINE,RECEIPTS,KL,-,3
ZA,2025-06,GASOLINE,RECEIPTS,KTONS,-,3
ZA,2025-06,GASOLINE,REFGROUT,CONVBBL,8466.0000,3
ZA,2025-06,GASOLINE,REFGROUT,KBBL,-,3
ZA,2025-06,GASOLINE,REFGROUT,KBD,-,3
ZA,2025-06,GASOLINE,REFGROUT,KL,-,3
ZA,2025-06,GASOLINE,REFGROUT,KTONS,-,3
ZA,2025-06,GASOLINE,STATDIFF,CONVBBL,8466.0000,3
ZA,2025-06,GASOLINE,STATDIFF,KBBL,-,3
ZA,2025-06,GASOLINE,STATDIFF,KBD,-,3
ZA,2025-06,GASOLINE,STATDIFF,KL,-,3
ZA,2025-06,GASOLINE,STATDIFF,KTONS,-,3
ZA,2025-06,GASOLINE,STOCKCH,CONVBBL,8466.0000,3
ZA,2025-06,GASOLINE,STOCKCH,KBBL,-,3
ZA,2025-06,GASOLINE,STOCKCH,KBD,x,3
ZA,2025-06,GASOLINE,STOCKCH,KL,-,3
ZA,2025-06,GASOLINE,STOCKCH,KTONS,-,3
ZA,2025-06,GASOLINE,TOTDEMO,CONVBBL,8466.0000,3
ZA,2025-06,GASOLINE,TOTDEMO,KBBL,-,3
ZA,2025-06,GASOLINE,TOTDEMO,KBD,-,3
ZA,2025-06,GASOLINE,TOTDEMO,KL,-,3
ZA,2025-06,GASOLINE,TOTDEMO,KTONS,-,3
ZA,2025-06,GASOLINE,TOTEXPSB,CONVBBL,8466.0000,3
ZA,2025-06,GASOLINE,TOTEXPSB,KBBL,-,3
ZA,2025-06,GASOLINE,TOTEXPSB,KBD,-,3
ZA,2025-06,GASOLINE,TOTEXPSB,KL,-,3
ZA,2025-06,GASOLINE,TOTEXPSB,KTONS,-,3
ZA,2025-06,GASOLINE,TOTIMPSB,CONVBBL,8466.0000,3
ZA,2025-06,GASOLINE,TOTIMPSB,KBBL,-,3
ZA,2025-06,GASOLINE,TOTIMPSB,KBD,-,3
ZA,2025-06,GASOLINE,TOTIMPSB,KL,-,3
ZA,2025-06,GASOLINE,TOTIMPSB,KTONS,-,3
ZA,2025-07,GASOLINE,CLOSTLV,CONVBBL,8466.0000,3
ZA,2025-07,GASOLINE,CLOSTLV,KBBL,-,3
ZA,2025-07,GASOLINE,CLOSTLV,KBD,x,3
ZA,2025-07,GASOLINE,CLOSTLV,KL,-,3
ZA,2025-07,GASOLINE,CLOSTLV,KTONS,-,3
ZA,2025-07,GASOLINE,IPTRANSF,CONVBBL,8466.0000,3
ZA,2025-07,GASOLINE,IPTRANSF,KBBL,-,3
ZA,2025-07,GASOLINE,IPTRANSF,KBD,-,3
ZA,2025-07,GASOLINE,IPTRANSF,KL,-,3
ZA,2025-07,GASOLINE,IPTRANSF,KTONS,-,3
ZA,2025-07,GASOLINE,PTRANSF,CONVBBL,8466.0000,3
ZA,2025-07,GASOLINE,PTRANSF,KBBL,-,3
ZA,2025-07,GASOLINE,PTRANSF,KBD,-,3
ZA,2025-07,GASOLINE,PTRANSF,KL,-,3
ZA,2025-07,GASOLINE,PTRANSF,KTONS,-,3
ZA,2025-07,GASOLINE,RECEIPTS,CONVBBL,8466.0000,3
ZA,2025-07,GASOLINE,RECEIPTS,KBBL,-,3
ZA,2025-07,GASOLINE,RECEIPTS,KBD,-,3
ZA,2025-07,GASOLINE,RECEIPTS,KL,-,3
ZA,2025-07,GASOLINE,RECEIPTS,KTONS,-,3
ZA,2025-07,GASOLINE,REFGROUT,CONVBBL,8466.0000,3
ZA,2025-07,GASOLINE,REFGROUT,KBBL,-,3
ZA,2025-07,GASOLINE,REFGROUT,KBD,-,3
ZA,2025-07,GASOLINE,REFGROUT,KL,-,3
ZA,2025-07,GASOLINE,REFGROUT,KTONS,-,3
ZA,2025-07,GASOLINE,STATDIFF,CONVBBL,8466.0000,3
ZA,2025-07,GASOLINE,STATDIFF,KBBL,-,3
ZA,2025-07,GASOLINE,STATDIFF,KBD,-,3
ZA,2025-07,GASOLINE,STATDIFF,KL,-,3
ZA,2025-07,GASOLINE,STATDIFF,KTONS,-,3
ZA,2025-07,GASOLINE,STOCKCH,CONVBBL,8466.0000,3
ZA,2025-07,GASOLINE,STOCKCH,KBBL,-,3
ZA,2025-07,GASOLINE,STOCKCH,KBD,x,3
ZA,2025-07,GASOLINE,STOCKCH,KL,-,3
ZA,2025-07,GASOLINE,STOCKCH,KTONS,-,3
ZA,2025-07,GASOLINE,TOTDEMO,CONVBBL,8466.0000,3
ZA,2025-07,GASOLINE,TOTDEMO,KBBL,-,3
ZA,2025-07,GASOLINE,TOTDEMO,KBD,-,3
ZA,2025-07,GASOLINE,TOTDEMO,KL,-,3
ZA,2025-07,GASOLINE,TOTDEMO,KTONS,-,3
ZA,2025-07,GASOLINE,TOTEXPSB,CONVBBL,8466.0000,3
ZA,2025-07,GASOLINE,TOTEXPSB,KBBL,-,3
ZA,2025-07,GASOLINE,TOTEXPSB,KBD,-,3
ZA,2025-07,GASOLINE,TOTEXPSB,KL,-,3
ZA,2025-07,GASOLINE,TOTEXPSB,KTONS,-,3
ZA,2025-07,GASOLINE,TOTIMPSB,CONVBBL,8466.0000,3
ZA,2025-07,GASOLINE,TOTIMPSB,KBBL,-,3
ZA,2025-07,GASOLINE,TOTIMPSB,KBD,-,3
ZA,2025-07,GASOLINE,TOTIMPSB,KL,-,3
ZA,2025-07,GASOLINE,TOTIMPSB,KTONS,-,3
ZA,2025-08,GASOLINE,CLOSTLV,CONVBBL,8466.0000,3
ZA,2025-08,GASOLINE,CLOSTLV,KBBL,-,3
ZA,2025-08,GASOLINE,CLOSTLV,KBD,x,3
ZA,2025-08,GASOLINE,CLOSTLV,KL,-,3
ZA,2025-08,GASOLINE,CLOSTLV,KTONS,-,3
ZA,2025-08,GASOLINE,IPTRANSF,CONVBBL,8466.0000,3
ZA,2025-08,GASOLINE,IPTRANSF,KBBL,-,3
ZA,2025-08,GASOLINE,IPTRANSF,KBD,-,3
ZA,2025-08,GASOLINE,IPTRANSF,KL,-,3
ZA,2025-08,GASOLINE,IPTRANSF,KTONS,-,3
ZA,2025-08,GASOLINE,PTRANSF,CONVBBL,8466.0000,3
ZA,2025-08,GASOLINE,PTRANSF,KBBL,-,3
ZA,2025-08,GASOLINE,PTRANSF,KBD,-,3
ZA,2025-08,GASOLINE,PTRANSF,KL,-,3
ZA,2025-08,GASOLINE,PTRANSF,KTONS,-,3
ZA,2025-08,GASOLINE,RECEIPTS,CONVBBL,8466.0000,3
ZA,2025-08,GASOLINE,RECEIPTS,KBBL,-,3
ZA,2025-08,GASOLINE,RECEIPTS,KBD,-,3
ZA,2025-08,GASOLINE,RECEIPTS,KL,-,3
ZA,2025-08,GASOLINE,RECEIPTS,KTONS,-,3
ZA,2025-08,GASOLINE,REFGROUT,CONVBBL,8466.0000,3
ZA,2025-08,GASOLINE,REFGROUT,KBBL,-,3
ZA,2025-08,GASOLINE,REFGROUT,KBD,-,3
ZA,2025-08,GASOLINE,REFGROUT,KL,-,3
ZA,2025-08,GASOLINE,REFGROUT,KTONS,-,3
ZA,2025-08,GASOLINE,STATDIFF,CONVBBL,8466.0000,3
ZA,2025-08,GASOLINE,STATDIFF,KBBL,-,3
ZA,2025-08,GASOLINE,STATDIFF,KBD,-,3
ZA,2025-08,GASOLINE,STATDIFF,KL,-,3
ZA,2025-08,GASOLINE,STATDIFF,KTONS,-,3
ZA,2025-08,GASOLINE,STOCKCH,CONVBBL,8466.0000,3
ZA,2025-08,GASOLINE,STOCKCH,KBBL,-,3
ZA,2025-08,GASOLINE,STOCKCH,KBD,x,3
ZA,2025-08,GASOLINE,STOCKCH,KL,-,3
ZA,2025-08,GASOLINE,STOCKCH,KTONS,-,3
ZA,2025-08,GASOLINE,TOTDEMO,CONVBBL,8466.0000,3
ZA,2025-08,GASOLINE,TOTDEMO,KBBL,-,3
ZA,2025-08,GASOLINE,TOTDEMO,KBD,-,3
ZA,2025-08,GASOLINE,TOTDEMO,KL,-,3
ZA,2025-08,GASOLINE,TOTDEMO,KTONS,-,3
ZA,2025-08,GASOLINE,TOTEXPSB,CONVBBL,8466.0000,3
ZA,2025-08,GASOLINE,TOTEXPSB,KBBL,-,3
ZA,2025-08,GASOLINE,TOTEXPSB,KBD,-,3
ZA,2025-08,GASOLINE,TOTEXPSB,KL,-,3
ZA,2025-08,GASOLINE,TOTEXPSB,KTONS,-,3
ZA,2025-08,GASOLINE,TOTIMPSB,CONVBBL,8466.0000,3
ZA,2025-08,GASOLINE,TOTIMPSB,KBBL,-,3
ZA,2025-08,GASOLINE,TOTIMPSB,KBD,-,3
ZA,2025-08,GASOLINE,TOTIMPSB,KL,-,3
ZA,2025-08,GASOLINE,TOTIMPSB,KTONS,-,3
ZA,2025-09,GASOLINE,CLOSTLV,CONVBBL,8466.0000,3
ZA,2025-09,GASOLINE,CLOSTLV,KBBL,-,3
ZA,2025-09,GASOLINE,CLOSTLV,KBD,x,3
ZA,2025-09,GASOLINE,CLOSTLV,KL,-,3
ZA,2025-09,GASOLINE,CLOSTLV,KTONS,-,3
ZA,2025-09,GASOLINE,IPTRANSF,CONVBBL,8466.0000,3
ZA,2025-09,GASOLINE,IPTRANSF,KBBL,-,3
ZA,2025-09,GASOLINE,IPTRANSF,KBD,-,3
ZA,2025-09,GASOLINE,IPTRANSF,KL,-,3
ZA,2025-09,GASOLINE,IPTRANSF,KTONS,-,3
ZA,2025-09,GASOLINE,PTRANSF,CONVBBL,8466.0000,3
ZA,2025-09,GASOLINE,PTRANSF,KBBL,-,3
ZA,2025-09,GASOLINE,PTRANSF,KBD,-,3
ZA,2025-09,GASOLINE,PTRANSF,KL,-,3
ZA,2025-09,GASOLINE,PTRANSF,KTONS,-,3
ZA,2025-09,GASOLINE,RECEIPTS,CONVBBL,8466.0000,3
ZA,2025-09,GASOLINE,RECEIPTS,KBBL,-,3
ZA,2025-09,GASOLINE,RECEIPTS,KBD,-,3
ZA,2025-09,GASOLINE,RECEIPTS,KL,-,3
ZA,2025-09,GASOLINE,RECEIPTS,KTONS,-,3
ZA,2025-09,GASOLINE,REFGROUT,CONVBBL,8466.0000,3
ZA,2025-09,GASOLINE,REFGROUT,KBBL,-,3
ZA,2025-09,GASOLINE,REFGROUT,KBD,-,3
ZA,2025-09,GASOLINE,REFGROUT,KL,-,3
ZA,2025-09,GASOLINE,REFGROUT,KTONS,-,3
ZA,2025-09,GASOLINE,STATDIFF,CONVBBL,8466.0000,3
ZA,2025-09,GASOLINE,STATDIFF,KBBL,-,3
ZA,2025-09,GASOLINE,STATDIFF,KBD,-,3
ZA,2025-09,GASOLINE,STATDIFF,KL,-,3
ZA,2025-09,GASOLINE,STATDIFF,KTONS,-,3
ZA,2025-09,GASOLINE,STOCKCH,CONVBBL,8466.0000,3
ZA,2025-09,GASOLINE,STOCKCH,KBBL,-,3
ZA,2025-09,GASOLINE,STOCKCH,KBD,x,3
ZA,2025-09,GASOLINE,STOCKCH,KL,-,3
ZA,2025-09,GASOLINE,STOCKCH,KTONS,-,3
ZA,2025-09,GASOLINE,TOTDEMO,CONVBBL,8466.0000,3
ZA,2025-09,GASOLINE,TOTDEMO,KBBL,-,3
ZA,2025-09,GASOLINE,TOTDEMO,KBD,-,3
ZA,2025-09,GASOLINE,TOTDEMO,KL,-,3
ZA,2025-09,GASOLINE,TOTDEMO,KTONS,-,3
ZA,2025-09,GASOLINE,TOTEXPSB,CONVBBL,8466.0000,3
ZA,2025-09,GASOLINE,TOTEXPSB,KBBL,-,3
ZA,2025-09,GASOLINE,TOTEXPSB,KBD,-,3
ZA,2025-09,GASOLINE,TOTEXPSB,KL,-,3
ZA,2025-09,GASOLINE,TOTEXPSB,KTONS,-,3
ZA,2025-09,GASOLINE,TOTIMPSB,CONVBBL,8466.0000,3
ZA,2025-09,GASOLINE,TOTIMPSB,KBBL,-,3
ZA,2025-09,GASOLINE,TOTIMPSB,KBD,-,3
ZA,2025-09,GASOLINE,TOTIMPSB,KL,-,3
ZA,2025-09,GASOLINE,TOTIMPSB,KTONS,-,3
ZA,2025-10,GASOLINE,CLOSTLV,CONVBBL,8466.0000,3
ZA,2025-10,GASOLINE,CLOSTLV,KBBL,-,3
ZA,2025-10,GASOLINE,CLOSTLV,KBD,x,3
ZA,2025-10,GASOLINE,CLOSTLV,KL,-,3
ZA,2025-10,GASOLINE,CLOSTLV,KTONS,-,3
ZA,2025-10,GASOLINE,IPTRANSF,CONVBBL,8466.0000,3
ZA,2025-10,GASOLINE,IPTRANSF,KBBL,-,3
ZA,2025-10,GASOLINE,IPTRANSF,KBD,-,3
ZA,2025-10,GASOLINE,IPTRANSF,KL,-,3
ZA,2025-10,GASOLINE,IPTRANSF,KTONS,-,3
ZA,2025-10,GASOLINE,PTRANSF,CONVBBL,8466.0000,3
ZA,2025-10,GASOLINE,PTRANSF,KBBL,-,3
ZA,2025-10,GASOLINE,PTRANSF,KBD,-,3
ZA,2025-10,GASOLINE,PTRANSF,KL,-,3
ZA,2025-10,GASOLINE,PTRANSF,KTONS,-,3
ZA,2025-10,GASOLINE,RECEIPTS,CONVBBL,8466.0000,3
ZA,2025-10,GASOLINE,RECEIPTS,KBBL,-,3
ZA,2025-10,GASOLINE,RECEIPTS,KBD,-,3
ZA,2025-10,GASOLINE,RECEIPTS,KL,-,3
ZA,2025-10,GASOLINE,RECEIPTS,KTONS,-,3
ZA,2025-10,GASOLINE,REFGROUT,CONVBBL,8466.0000,3
ZA,2025-10,GASOLINE,REFGROUT,KBBL,-,3
ZA,2025-10,GASOLINE,REFGROUT,KBD,-,3
ZA,2025-10,GASOLINE,REFGROUT,KL,-,3
ZA,2025-10,GASOLINE,REFGROUT,KTONS,-,3
ZA,2025-10,GASOLINE,STATDIFF,CONVBBL,8466.0000,3
ZA,2025-10,GASOLINE,STATDIFF,KBBL,-,3
ZA,2025-10,GASOLINE,STATDIFF,KBD,-,3
ZA,2025-10,GASOLINE,STATDIFF,KL,-,3
ZA,2025-10,GASOLINE,STATDIFF,KTONS,-,3
ZA,2025-10,GASOLINE,STOCKCH,CONVBBL,8466.0000,3
ZA,2025-10,GASOLINE,STOCKCH,KBBL,-,3
ZA,2025-10,GASOLINE,STOCKCH,KBD,x,3
ZA,2025-10,GASOLINE,STOCKCH,KL,-,3
ZA,2025-10,GASOLINE,STOCKCH,KTONS,-,3
ZA,2025-10,GASOLINE,TOTDEMO,CONVBBL,8466.0000,3
ZA,2025-10,GASOLINE,TOTDEMO,KBBL,-,3
ZA,2025-10,GASOLINE,TOTDEMO,KBD,-,3
ZA,2025-10,GASOLINE,TOTDEMO,KL,-,3
ZA,2025-10,GASOLINE,TOTDEMO,KTONS,-,3
ZA,2025-10,GASOLINE,TOTEXPSB,CONVBBL,8466.0000,3
ZA,2025-10,GASOLINE,TOTEXPSB,KBBL,-,3
ZA,2025-10,GASOLINE,TOTEXPSB,KBD,-,3
ZA,2025-10,GASOLINE,TOTEXPSB,KL,-,3
ZA,2025-10,GASOLINE,TOTEXPSB,KTONS,-,3
ZA,2025-10,GASOLINE,TOTIMPSB,CONVBBL,8466.0000,3
ZA,2025-10,GASOLINE,TOTIMPSB,KBBL,-,3
ZA,2025-10,GASOLINE,TOTIMPSB,KBD,-,3
ZA,2025-10,GASOLINE,TOTIMPSB,KL,-,3
ZA,2025-10,GASOLINE,TOTIMPSB,KTONS,-,3
ZA,2025-11,GASOLINE,CLOSTLV,CONVBBL,8466.0000,3
ZA,2025-11,GASOLINE,CLOSTLV,KBBL,-,3
ZA,2025-11,GASOLINE,CLOSTLV,KBD,x,3
ZA,2025-11,GASOLINE,CLOSTLV,KL,-,3
ZA,2025-11,GASOLINE,CLOSTLV,KTONS,-,3
ZA,2025-11,GASOLINE,IPTRANSF,CONVBBL,8466.0000,3
ZA,2025-11,GASOLINE,IPTRANSF,KBBL,-,3
ZA,2025-11,GASOLINE,IPTRANSF,KBD,-,3
ZA,2025-11,GASOLINE,IPTRANSF,KL,-,3
ZA,2025-11,GASOLINE,IPTRANSF,KTONS,-,3
ZA,2025-11,GASOLINE,PTRANSF,CONVBBL,8466.0000,3
ZA,2025-11,GASOLINE,PTRANSF,KBBL,-,3
ZA,2025-11,GASOLINE,PTRANSF,KBD,-,3
ZA,2025-11,GASOLINE,PTRANSF,KL,-,3
ZA,2025-11,GASOLINE,PTRANSF,KTONS,-,3
ZA,2025-11,GASOLINE,RECEIPTS,CONVBBL,8466.0000,3
ZA,2025-11,GASOLINE,RECEIPTS,KBBL,-,3
ZA,2025-11,GASOLINE,RECEIPTS,KBD,-,3
ZA,2025-11,GASOLINE,RECEIPTS,KL,-,3
ZA,2025-11,GASOLINE,RECEIPTS,KTONS,-,3
ZA,2025-11,GASOLINE,REFGROUT,CONVBBL,8466.0000,3
ZA,2025-11,GASOLINE,REFGROUT,KBBL,-,3
ZA,2025-11,GASOLINE,REFGROUT,KBD,-,3
ZA,2025-11,GASOLINE,REFGROUT,KL,-,3
ZA,2025-11,GASOLINE,REFGROUT,KTONS,-,3
ZA,2025-11,GASOLINE,STATDIFF,CONVBBL,8466.0000,3
ZA,2025-11,GASOLINE,STATDIFF,KBBL,-,3
ZA,2025-11,GASOLINE,STATDIFF,KBD,-,3
ZA,2025-11,GASOLINE,STATDIFF,KL,-,3
ZA,2025-11,GASOLINE,STATDIFF,KTONS,-,3
ZA,2025-11,GASOLINE,STOCKCH,CONVBBL,8466.0000,3
ZA,2025-11,GASOLINE,STOCKCH,KBBL,-,3
ZA,2025-11,GASOLINE,STOCKCH,KBD,x,3
ZA,2025-11,GASOLINE,STOCKCH,KL,-,3
ZA,2025-11,GASOLINE,STOCKCH,KTONS,-,3
ZA,2025-11,GASOLINE,TOTDEMO,CONVBBL,8466.0000,3
ZA,2025-11,GASOLINE,TOTDEMO,KBBL,-,3
ZA,2025-11,GASOLINE,TOTDEMO,KBD,-,3
ZA,2025-11,GASOLINE,TOTDEMO,KL,-,3
ZA,2025-11,GASOLINE,TOTDEMO,KTONS,-,3
ZA,2025-11,GASOLINE,TOTEXPSB,CONVBBL,8466.0000,3
ZA,2025-11,GASOLINE,TOTEXPSB,KBBL,-,3
ZA,2025-11,GASOLINE,TOTEXPSB,KBD,-,3
ZA,2025-11,GASOLINE,TOTEXPSB,KL,-,3
ZA,2025-11,GASOLINE,TOTEXPSB,KTONS,-,3
ZA,2025-11,GASOLINE,TOTIMPSB,CONVBBL,8466.0000,3
ZA,2025-11,GASOLINE,TOTIMPSB,KBBL,-,3
ZA,2025-11,GASOLINE,TOTIMPSB,KBD,-,3
ZA,2025-11,GASOLINE,TOTIMPSB,KL,-,3
ZA,2025-11,GASOLINE,TOTIMPSB,KTONS,-,3
ZA,2025-12,GASOLINE,CLOSTLV,CONVBBL,8466.0000,3
ZA,2025-12,GASOLINE,CLOSTLV,KBBL,-,3
ZA,2025-12,GASOLINE,CLOSTLV,KBD,x,3
ZA,2025-12,GASOLINE,CLOSTLV,KL,-,3
ZA,2025-12,GASOLINE,CLOSTLV,KTONS,-,3
ZA,2025-12,GASOLINE,IPTRANSF,CONVBBL,8466.0000,3
ZA,2025-12,GASOLINE,IPTRANSF,KBBL,-,3
ZA,2025-12,GASOLINE,IPTRANSF,KBD,-,3
ZA,2025-12,GASOLINE,IPTRANSF,KL,-,3
ZA,2025-12,GASOLINE,IPTRANSF,KTONS,-,3
ZA,2025-12,GASOLINE,PTRANSF,CONVBBL,8466.0000,3
ZA,2025-12,GASOLINE,PTRANSF,KBBL,-,3
ZA,2025-12,GASOLINE,PTRANSF,KBD,-,3
ZA,2025-12,GASOLINE,PTRANSF,KL,-,3
ZA,2025-12,GASOLINE,PTRANSF,KTONS,-,3
ZA,2025-12,GASOLINE,RECEIPTS,CONVBBL,8466.0000,3
ZA,2025-12,GASOLINE,RECEIPTS,KBBL,-,3
ZA,2025-12,GASOLINE,RECEIPTS,KBD,-,3
ZA,2025-12,GASOLINE,RECEIPTS,KL,-,3
ZA,2025-12,GASOLINE,RECEIPTS,KTONS,-,3
ZA,2025-12,GASOLINE,REFGROUT,CONVBBL,8466.0000,3
ZA,2025-12,GASOLINE,REFGROUT,KBBL,-,3
ZA,2025-12,GASOLINE,REFGROUT,KBD,-,3
ZA,2025-12,GASOLINE,REFGROUT,KL,-,3
ZA,2025-12,GASOLINE,REFGROUT,KTONS,-,3
ZA,2025-12,GASOLINE,STATDIFF,CONVBBL,8466.0000,3
ZA,2025-12,GASOLINE,STATDIFF,KBBL,-,3
ZA,2025-12,GASOLINE,STATDIFF,KBD,-,3
ZA,2025-12,GASOLINE,STATDIFF,KL,-,3
ZA,2025-12,GASOLINE,STATDIFF,KTONS,-,3
ZA,2025-12,GASOLINE,STOCKCH,CONVBBL,8466.0000,3
ZA,2025-12,GASOLINE,STOCKCH,KBBL,-,3
ZA,2025-12,GASOLINE,STOCKCH,KBD,x,3
ZA,2025-12,GASOLINE,STOCKCH,KL,-,3
ZA,2025-12,GASOLINE,STOCKCH,KTONS,-,3
ZA,2025-12,GASOLINE,TOTDEMO,CONVBBL,8466.0000,3
ZA,2025-12,GASOLINE,TOTDEMO,KBBL,-,3
ZA,2025-12,GASOLINE,TOTDEMO,KBD,-,3
ZA,2025-12,GASOLINE,TOTDEMO,KL,-,3
ZA,2025-12,GASOLINE,TOTDEMO,KTONS,-,3
ZA,2025-12,GASOLINE,TOTEXPSB,CONVBBL,8466.0000,3
ZA,2025-12,GASOLINE,TOTEXPSB,KBBL,-,3
ZA,2025-12,GASOLINE,TOTEXPSB,KBD,-,3
ZA,2025-12,GASOLINE,TOTEXPSB,KL,-,3
ZA,2025-12,GASOLINE,TOTEXPSB,KTONS,-,3
ZA,2025-12,GASOLINE,TOTIMPSB,CONVBBL,8466.0000,3
ZA,2025-12,GASOLINE,TOTIMPSB,KBBL,-,3
ZA,2025-12,GASOLINE,TOTIMPSB,KBD,-,3
ZA,2025-12,GASOLINE,TOTIMPSB,KL,-,3
ZA,2025-12,GASOLINE,TOTIMPSB,KTONS,-,3
ZA,2025-01,JETKERO,CLOSTLV,CONVBBL,7840.0000,3
ZA,2025-01,JETKERO,CLOSTLV,KBBL,-,3
ZA,2025-01,JETKERO,CLOSTLV,KBD,x,3
ZA,2025-01,JETKERO,CLOSTLV,KL,-,3
ZA,2025-01,JETKERO,CLOSTLV,KTONS,-,3
ZA,2025-01,JETKERO,IPTRANSF,CONVBBL,7840.0000,3
ZA,2025-01,JETKERO,IPTRANSF,KBBL,-,3
ZA,2025-01,JETKERO,IPTRANSF,KBD,-,3
ZA,2025-01,JETKERO,IPTRANSF,KL,-,3
ZA,2025-01,JETKERO,IPTRANSF,KTONS,-,3
ZA,2025-01,JETKERO,PTRANSF,CONVBBL,7840.0000,3
ZA,2025-01,JETKERO,PTRANSF,KBBL,-,3
ZA,2025-01,JETKERO,PTRANSF,KBD,-,3
ZA,2025-01,JETKERO,PTRANSF,KL,-,3
ZA,2025-01,JETKERO,PTRANSF,KTONS,-,3
ZA,2025-01,JETKERO,RECEIPTS,CONVBBL,7840.0000,3
ZA,2025-01,JETKERO,RECEIPTS,KBBL,-,3
ZA,2025-01,JETKERO,RECEIPTS,KBD,-,3
ZA,2025-01,JETKERO,RECEIPTS,KL,-,3
ZA,2025-01,JETKERO,RECEIPTS,KTONS,-,3
ZA,2025-01,JETKERO,REFGROUT,CONVBBL,7840.0000,3
ZA,2025-01,JETKERO,REFGROUT,KBBL,-,3
ZA,2025-01,JETKERO,REFGROUT,KBD,-,3
ZA,2025-01,JETKERO,REFGROUT,KL,-,3
ZA,2025-01,JETKERO,REFGROUT,KTONS,-,3
ZA,2025-01,JETKERO,STATDIFF,CONVBBL,7840.0000,3
ZA,2025-01,JETKERO,STATDIFF,KBBL,-,3
ZA,2025-01,JETKERO,STATDIFF,KBD,-,3
ZA,2025-01,JETKERO,STATDIFF,KL,-,3
ZA,2025-01,JETKERO,STATDIFF,KTONS,-,3
ZA,2025-01,JETKERO,STOCKCH,CONVBBL,7840.0000,3
ZA,2025-01,JETKERO,STOCKCH,KBBL,-,3
ZA,2025-01,JETKERO,STOCKCH,KBD,x,3
ZA,2025-01,JETKERO,STOCKCH,KL,-,3
ZA,2025-01,JETKERO,STOCKCH,KTONS,-,3
ZA,2025-01,JETKERO,TOTDEMO,CONVBBL,7840.0000,3
ZA,2025-01,JETKERO,TOTDEMO,KBBL,-,3
ZA,2025-01,JETKERO,TOTDEMO,KBD,-,3
ZA,2025-01,JETKERO,TOTDEMO,KL,-,3
ZA,2025-01,JETKERO,TOTDEMO,KTONS,-,3
ZA,2025-01,JETKERO,TOTEXPSB,CONVBBL,7840.0000,3
ZA,2025-01,JETKERO,TOTEXPSB,KBBL,-,3
ZA,2025-01,JETKERO,TOTEXPSB,KBD,-,3
ZA,2025-01,JETKERO,TOTEXPSB,KL,-,3
ZA,2025-01,JETKERO,TOTEXPSB,KTONS,-,3
ZA,2025-01,JETKERO,TOTIMPSB,CONVBBL,7840.0000,3
ZA,2025-01,JETKERO,TOTIMPSB,KBBL,-,3
ZA,2025-01,JETKERO,TOTIMPSB,KBD,-,3
ZA,2025-01,JETKERO,TOTIMPSB,KL,-,3
ZA,2025-01,JETKERO,TOTIMPSB,KTONS,-,3
ZA,2025-02,JETKERO,CLOSTLV,CONVBBL,7840.0000,3
ZA,2025-02,JETKERO,CLOSTLV,KBBL,-,3
ZA,2025-02,JETKERO,CLOSTLV,KBD,x,3
ZA,2025-02,JETKERO,CLOSTLV,KL,-,3
ZA,2025-02,JETKERO,CLOSTLV,KTONS,-,3
ZA,2025-02,JETKERO,IPTRANSF,CONVBBL,7840.0000,3
ZA,2025-02,JETKERO,IPTRANSF,KBBL,-,3
ZA,2025-02,JETKERO,IPTRANSF,KBD,-,3
ZA,2025-02,JETKERO,IPTRANSF,KL,-,3
ZA,2025-02,JETKERO,IPTRANSF,KTONS,-,3
ZA,2025-02,JETKERO,PTRANSF,CONVBBL,7840.0000,3
ZA,2025-02,JETKERO,PTRANSF,KBBL,-,3
ZA,2025-02,JETKERO,PTRANSF,KBD,-,3
ZA,2025-02,JETKERO,PTRANSF,KL,-,3
ZA,2025-02,JETKERO,PTRANSF,KTONS,-,3
ZA,2025-02,JETKERO,RECEIPTS,CONVBBL,7840.0000,3
ZA,2025-02,JETKERO,RECEIPTS,KBBL,-,3
ZA,2025-02,JETKERO,RECEIPTS,KBD,-,3
ZA,2025-02,JETKERO,RECEIPTS,KL,-,3
ZA,2025-02,JETKERO,RECEIPTS,KTONS,-,3
ZA,2025-02,JETKERO,REFGROUT,CONVBBL,7840.0000,3
ZA,2025-02,JETKERO,REFGROUT,KBBL,-,3
ZA,2025-02,JETKERO,REFGROUT,KBD,-,3
ZA,2025-02,JETKERO,REFGROUT,KL,-,3
ZA,2025-02,JETKERO,REFGROUT,KTONS,-,3
ZA,2025-02,JETKERO,STATDIFF,CONVBBL,7840.0000,3
ZA,2025-02,JETKERO,STATDIFF,KBBL,-,3
ZA,2025-02,JETKERO,STATDIFF,KBD,-,3
ZA,2025-02,JETKERO,STATDIFF,KL,-,3
ZA,2025-02,JETKERO,STATDIFF,KTONS,-,3
ZA,2025-02,JETKERO,STOCKCH,CONVBBL,7840.0000,3
ZA,2025-02,JETKERO,STOCKCH,KBBL,-,3
ZA,2025-02,JETKERO,STOCKCH,KBD,x,3
ZA,2025-02,JETKERO,STOCKCH,KL,-,3
ZA,2025-02,JETKERO,STOCKCH,KTONS,-,3
ZA,2025-02,JETKERO,TOTDEMO,CONVBBL,7840.0000,3
ZA,2025-02,JETKERO,TOTDEMO,KBBL,-,3
ZA,2025-02,JETKERO,TOTDEMO,KBD,-,3
ZA,2025-02,JETKERO,TOTDEMO,KL,-,3
ZA,2025-02,JETKERO,TOTDEMO,KTONS,-,3
ZA,2025-02,JETKERO,TOTEXPSB,CONVBBL,7840.0000,3
ZA,2025-02,JETKERO,TOTEXPSB,KBBL,-,3
ZA,2025-02,JETKERO,TOTEXPSB,KBD,-,3
ZA,2025-02,JETKERO,TOTEXPSB,KL,-,3
ZA,2025-02,JETKERO,TOTEXPSB,KTONS,-,3
ZA,2025-02,JETKERO,TOTIMPSB,CONVBBL,7840.0000,3
ZA,2025-02,JETKERO,TOTIMPSB,KBBL,-,3
ZA,2025-02,JETKERO,TOTIMPSB,KBD,-,3
ZA,2025-02,JETKERO,TOTIMPSB,KL,-,3
ZA,2025-02,JETKERO,TOTIMPSB,KTONS,-,3
ZA,2025-03,JETKERO,CLOSTLV,CONVBBL,7840.0000,3
ZA,2025-03,JETKERO,CLOSTLV,KBBL,-,3
ZA,2025-03,JETKERO,CLOSTLV,KBD,x,3
ZA,2025-03,JETKERO,CLOSTLV,KL,-,3
ZA,2025-03,JETKERO,CLOSTLV,KTONS,-,3
ZA,2025-03,JETKERO,IPTRANSF,CONVBBL,7840.0000,3
ZA,2025-03,JETKERO,IPTRANSF,KBBL,-,3
ZA,2025-03,JETKERO,IPTRANSF,KBD,-,3
ZA,2025-03,JETKERO,IPTRANSF,KL,-,3
ZA,2025-03,JETKERO,IPTRANSF,KTONS,-,3
ZA,2025-03,JETKERO,PTRANSF,CONVBBL,7840.0000,3
ZA,2025-03,JETKERO,PTRANSF,KBBL,-,3
ZA,2025-03,JETKERO,PTRANSF,KBD,-,3
ZA,2025-03,JETKERO,PTRANSF,KL,-,3
ZA,2025-03,JETKERO,PTRANSF,KTONS,-,3
ZA,2025-03,JETKERO,RECEIPTS,CONVBBL,7840.0000,3
ZA,2025-03,JETKERO,RECEIPTS,KBBL,-,3
ZA,2025-03,JETKERO,RECEIPTS,KBD,-,3
ZA,2025-03,JETKERO,RECEIPTS,KL,-,3
ZA,2025-03,JETKERO,RECEIPTS,KTONS,-,3
ZA,2025-03,JETKERO,REFGROUT,CONVBBL,7840.0000,3
ZA,2025-03,JETKERO,REFGROUT,KBBL,-,3
ZA,2025-03,JETKERO,REFGROUT,KBD,-,3
ZA,2025-03,JETKERO,REFGROUT,KL,-,3
ZA,2025-03,JETKERO,REFGROUT,KTONS,-,3
ZA,2025-03,JETKERO,STATDIFF,CONVBBL,7840.0000,3
ZA,2025-03,JETKERO,STATDIFF,KBBL,-,3
ZA,2025-03,JETKERO,STATDIFF,KBD,-,3
ZA,2025-03,JETKERO,STATDIFF,KL,-,3
ZA,2025-03,JETKERO,STATDIFF,KTONS,-,3
ZA,2025-03,JETKERO,STOCKCH,CONVBBL,7840.0000,3
ZA,2025-03,JETKERO,STOCKCH,KBBL,-,3
ZA,2025-03,JETKERO,STOCKCH,KBD,x,3
ZA,2025-03,JETKERO,STOCKCH,KL,-,3
ZA,2025-03,JETKERO,STOCKCH,KTONS,-,3
ZA,2025-03,JETKERO,TOTDEMO,CONVBBL,7840.0000,3
ZA,2025-03,JETKERO,TOTDEMO,KBBL,-,3
ZA,2025-03,JETKERO,TOTDEMO,KBD,-,3
ZA,2025-03,JETKERO,TOTDEMO,KL,-,3
ZA,2025-03,JETKERO,TOTDEMO,KTONS,-,3
ZA,2025-03,JETKERO,TOTEXPSB,CONVBBL,7840.0000,3
ZA,2025-03,JETKERO,TOTEXPSB,KBBL,-,3
ZA,2025-03,JETKERO,TOTEXPSB,KBD,-,3
ZA,2025-03,JETKERO,TOTEXPSB,KL,-,3
ZA,2025-03,JETKERO,TOTEXPSB,KTONS,-,3
ZA,2025-03,JETKERO,TOTIMPSB,CONVBBL,7840.0000,3
ZA,2025-03,JETKERO,TOTIMPSB,KBBL,-,3
ZA,2025-03,JETKERO,TOTIMPSB,KBD,-,3
ZA,2025-03,JETKERO,TOTIMPSB,KL,-,3
ZA,2025-03,JETKERO,TOTIMPSB,KTONS,-,3
ZA,2025-04,JETKERO,CLOSTLV,CONVBBL,7840.0000,3
ZA,2025-04,JETKERO,CLOSTLV,KBBL,-,3
ZA,2025-04,JETKERO,CLOSTLV,KBD,x,3
ZA,2025-04,JETKERO,CLOSTLV,KL,-,3
ZA,2025-04,JETKERO,CLOSTLV,KTONS,-,3
ZA,2025-04,JETKERO,IPTRANSF,CONVBBL,7840.0000,3
ZA,2025-04,JETKERO,IPTRANSF,KBBL,-,3
ZA,2025-04,JETKERO,IPTRANSF,KBD,-,3
ZA,2025-04,JETKERO,IPTRANSF,KL,-,3
ZA,2025-04,JETKERO,IPTRANSF,KTONS,-,3
ZA,2025-04,JETKERO,PTRANSF,CONVBBL,7840.0000,3
ZA,2025-04,JETKERO,PTRANSF,KBBL,-,3
ZA,2025-04,JETKERO,PTRANSF,KBD,-,3
ZA,2025-04,JETKERO,PTRANSF,KL,-,3
ZA,2025-04,JETKERO,PTRANSF,KTONS,-,3
ZA,2025-04,JETKERO,RECEIPTS,CONVBBL,7840.0000,3
ZA,2025-04,JETKERO,RECEIPTS,KBBL,-,3
ZA,2025-04,JETKERO,RECEIPTS,KBD,-,3
ZA,2025-04,JETKERO,RECEIPTS,KL,-,3
ZA,2025-04,JETKERO,RECEIPTS,KTONS,-,3
ZA,2025-04,JETKERO,REFGROUT,CONVBBL,7840.0000,3
ZA,2025-04,JETKERO,REFGROUT,KBBL,-,3
ZA,2025-04,JETKERO,REFGROUT,KBD,-,3
ZA,2025-04,JETKERO,REFGROUT,KL,-,3
ZA,2025-04,JETKERO,REFGROUT,KTONS,-,3
ZA,2025-04,JETKERO,STATDIFF,CONVBBL,7840.0000,3
ZA,2025-04,JETKERO,STATDIFF,KBBL,-,3
ZA,2025-04,JETKERO,STATDIFF,KBD,-,3
ZA,2025-04,JETKERO,STATDIFF,KL,-,3
ZA,2025-04,JETKERO,STATDIFF,KTONS,-,3
ZA,2025-04,JETKERO,STOCKCH,CONVBBL,7840.0000,3
ZA,2025-04,JETKERO,STOCKCH,KBBL,-,3
ZA,2025-04,JETKERO,STOCKCH,KBD,x,3
ZA,2025-04,JETKERO,STOCKCH,KL,-,3
ZA,2025-04,JETKERO,STOCKCH,KTONS,-,3
ZA,2025-04,JETKERO,TOTDEMO,CONVBBL,7840.0000,3
ZA,2025-04,JETKERO,TOTDEMO,KBBL,-,3
ZA,2025-04,JETKERO,TOTDEMO,KBD,-,3
ZA,2025-04,JETKERO,TOTDEMO,KL,-,3
ZA,2025-04,JETKERO,TOTDEMO,KTONS,-,3
ZA,2025-04,JETKERO,TOTEXPSB,CONVBBL,7840.0000,3
ZA,2025-04,JETKERO,TOTEXPSB,KBBL,-,3
ZA,2025-04,JETKERO,TOTEXPSB,KBD,-,3
ZA,2025-04,JETKERO,TOTEXPSB,KL,-,3
ZA,2025-04,JETKERO,TOTEXPSB,KTONS,-,3
ZA,2025-04,JETKERO,TOTIMPSB,CONVBBL,7840.0000,3
ZA,2025-04,JETKERO,TOTIMPSB,KBBL,-,3
ZA,2025-04,JETKERO,TOTIMPSB,KBD,-,3
ZA,2025-04,JETKERO,TOTIMPSB,KL,-,3
ZA,2025-04,JETKERO,TOTIMPSB,KTONS,-,3
ZA,2025-05,JETKERO,CLOSTLV,CONVBBL,7840.0000,3
ZA,2025-05,JETKERO,CLOSTLV,KBBL,-,3
ZA,2025-05,JETKERO,CLOSTLV,KBD,x,3
ZA,2025-05,JETKERO,CLOSTLV,KL,-,3
ZA,2025-05,JETKERO,CLOSTLV,KTONS,-,3
ZA,2025-05,JETKERO,IPTRANSF,CONVBBL,7840.0000,3
ZA,2025-05,JETKERO,IPTRANSF,KBBL,-,3
ZA,2025-05,JETKERO,IPTRANSF,KBD,-,3
ZA,2025-05,JETKERO,IPTRANSF,KL,-,3
ZA,2025-05,JETKERO,IPTRANSF,KTONS,-,3
ZA,2025-05,JETKERO,PTRANSF,CONVBBL,7840.0000,3
ZA,2025-05,JETKERO,PTRANSF,KBBL,-,3
ZA,2025-05,JETKERO,PTRANSF,KBD,-,3
ZA,2025-05,JETKERO,PTRANSF,KL,-,3
ZA,2025-05,JETKERO,PTRANSF,KTONS,-,3
ZA,2025-05,JETKERO,RECEIPTS,CONVBBL,7840.0000,3
ZA,2025-05,JETKERO,RECEIPTS,KBBL,-,3
ZA,2025-05,JETKERO,RECEIPTS,KBD,-,3
ZA,2025-05,JETKERO,RECEIPTS,KL,-,3
ZA,2025-05,JETKERO,RECEIPTS,KTONS,-,3
ZA,2025-05,JETKERO,REFGROUT,CONVBBL,7840.0000,3
ZA,2025-05,JETKERO,REFGROUT,KBBL,-,3
ZA,2025-05,JETKERO,REFGROUT,KBD,-,3
ZA,2025-05,JETKERO,REFGROUT,KL,-,3
ZA,2025-05,JETKERO,REFGROUT,KTONS,-,3
ZA,2025-05,JETKERO,STATDIFF,CONVBBL,7840.0000,3
ZA,2025-05,JETKERO,STATDIFF,KBBL,-,3
ZA,2025-05,JETKERO,STATDIFF,KBD,-,3
ZA,2025-05,JETKERO,STATDIFF,KL,-,3
ZA,2025-05,JETKERO,STATDIFF,KTONS,-,3
ZA,2025-05,JETKERO,STOCKCH,CONVBBL,7840.0000,3
ZA,2025-05,JETKERO,STOCKCH,KBBL,-,3
ZA,2025-05,JETKERO,STOCKCH,KBD,x,3
ZA,2025-05,JETKERO,STOCKCH,KL,-,3
ZA,2025-05,JETKERO,STOCKCH,KTONS,-,3
ZA,2025-05,JETKERO,TOTDEMO,CONVBBL,7840.0000,3
ZA,2025-05,JETKERO,TOTDEMO,KBBL,-,3
ZA,2025-05,JETKERO,TOTDEMO,KBD,-,3
ZA,2025-05,JETKERO,TOTDEMO,KL,-,3
ZA,2025-05,JETKERO,TOTDEMO,KTONS,-,3
ZA,2025-05,JETKERO,TOTEXPSB,CONVBBL,7840.0000,3
ZA,2025-05,JETKERO,TOTEXPSB,KBBL,-,3
ZA,2025-05,JETKERO,TOTEXPSB,KBD,-,3
ZA,2025-05,JETKERO,TOTEXPSB,KL,-,3
ZA,2025-05,JETKERO,TOTEXPSB,KTONS,-,3
ZA,2025-05,JETKERO,TOTIMPSB,CONVBBL,7840.0000,3
ZA,2025-05,JETKERO,TOTIMPSB,KBBL,-,3
ZA,2025-05,JETKERO,TOTIMPSB,KBD,-,3
ZA,2025-05,JETKERO,TOTIMPSB,KL,-,3
ZA,2025-05,JETKERO,TOTIMPSB,KTONS,-,3
ZA,2025-06,JETKERO,CLOSTLV,CONVBBL,7840.0000,3
ZA,2025-06,JETKERO,CLOSTLV,KBBL,-,3
ZA,2025-06,JETKERO,CLOSTLV,KBD,x,3
ZA,2025-06,JETKERO,CLOSTLV,KL,-,3
ZA,2025-06,JETKERO,CLOSTLV,KTONS,-,3
ZA,2025-06,JETKERO,IPTRANSF,CONVBBL,7840.0000,3
ZA,2025-06,JETKERO,IPTRANSF,KBBL,-,3
ZA,2025-06,JETKERO,IPTRANSF,KBD,-,3
ZA,2025-06,JETKERO,IPTRANSF,KL,-,3
ZA,2025-06,JETKERO,IPTRANSF,KTONS,-,3
ZA,2025-06,JETKERO,PTRANSF,CONVBBL,7840.0000,3
ZA,2025-06,JETKERO,PTRANSF,KBBL,-,3
ZA,2025-06,JETKERO,PTRANSF,KBD,-,3
ZA,2025-06,JETKERO,PTRANSF,KL,-,3
ZA,2025-06,JETKERO,PTRANSF,KTONS,-,3
ZA,2025-06,JETKERO,RECEIPTS,CONVBBL,7840.0000,3
ZA,2025-06,JETKERO,RECEIPTS,KBBL,-,3
ZA,2025-06,JETKERO,RECEIPTS,KBD,-,3
ZA,2025-06,JETKERO,RECEIPTS,KL,-,3
ZA,2025-06,JETKERO,RECEIPTS,KTONS,-,3
ZA,2025-06,JETKERO,REFGROUT,CONVBBL,7840.0000,3
ZA,2025-06,JETKERO,REFGROUT,KBBL,-,3
ZA,2025-06,JETKERO,REFGROUT,KBD,-,3
ZA,2025-06,JETKERO,REFGROUT,KL,-,3
ZA,2025-06,JETKERO,REFGROUT,KTONS,-,3
ZA,2025-06,JETKERO,STATDIFF,CONVBBL,7840.0000,3
ZA,2025-06,JETKERO,STATDIFF,KBBL,-,3
ZA,2025-06,JETKERO,STATDIFF,KBD,-,3
ZA,2025-06,JETKERO,STATDIFF,KL,-,3
ZA,2025-06,JETKERO,STATDIFF,KTONS,-,3
ZA,2025-06,JETKERO,STOCKCH,CONVBBL,7840.0000,3
ZA,2025-06,JETKERO,STOCKCH,KBBL,-,3
ZA,2025-06,JETKERO,STOCKCH,KBD,x,3
ZA,2025-06,JETKERO,STOCKCH,KL,-,3
ZA,2025-06,JETKERO,STOCKCH,KTONS,-,3
ZA,2025-06,JETKERO,TOTDEMO,CONVBBL,7840.0000,3
ZA,2025-06,JETKERO,TOTDEMO,KBBL,-,3
ZA,2025-06,JETKERO,TOTDEMO,KBD,-,3
ZA,2025-06,JETKERO,TOTDEMO,KL,-,3
ZA,2025-06,JETKERO,TOTDEMO,KTONS,-,3
ZA,2025-06,JETKERO,TOTEXPSB,CONVBBL,7840.0000,3
ZA,2025-06,JETKERO,TOTEXPSB,KBBL,-,3
ZA,2025-06,JETKERO,TOTEXPSB,KBD,-,3
ZA,2025-06,JETKERO,TOTEXPSB,KL,-,3
ZA,2025-06,JETKERO,TOTEXPSB,KTONS,-,3
ZA,2025-06,JETKERO,TOTIMPSB,CONVBBL,7840.0000,3
ZA,2025-06,JETKERO,TOTIMPSB,KBBL,-,3
ZA,2025-06,JETKERO,TOTIMPSB,KBD,-,3
ZA,2025-06,JETKERO,TOTIMPSB,KL,-,3
ZA,2025-06,JETKERO,TOTIMPSB,KTONS,-,3
ZA,2025-07,JETKERO,CLOSTLV,CONVBBL,7840.0000,3
ZA,2025-07,JETKERO,CLOSTLV,KBBL,-,3
ZA,2025-07,JETKERO,CLOSTLV,KBD,x,3
ZA,2025-07,JETKERO,CLOSTLV,KL,-,3
ZA,2025-07,JETKERO,CLOSTLV,KTONS,-,3
ZA,2025-07,JETKERO,IPTRANSF,CONVBBL,7840.0000,3
ZA,2025-07,JETKERO,IPTRANSF,KBBL,-,3
ZA,2025-07,JETKERO,IPTRANSF,KBD,-,3
ZA,2025-07,JETKERO,IPTRANSF,KL,-,3
ZA,2025-07,JETKERO,IPTRANSF,KTONS,-,3
ZA,2025-07,JETKERO,PTRANSF,CONVBBL,7840.0000,3
ZA,2025-07,JETKERO,PTRANSF,KBBL,-,3
ZA,2025-07,JETKERO,PTRANSF,KBD,-,3
ZA,2025-07,JETKERO,PTRANSF,KL,-,3
ZA,2025-07,JETKERO,PTRANSF,KTONS,-,3
ZA,2025-07,JETKERO,RECEIPTS,CONVBBL,7840.0000,3
ZA,2025-07,JETKERO,RECEIPTS,KBBL,-,3
ZA,2025-07,JETKERO,RECEIPTS,KBD,-,3
ZA,2025-07,JETKERO,RECEIPTS,KL,-,3
ZA,2025-07,JETKERO,RECEIPTS,KTONS,-,3
ZA,2025-07,JETKERO,REFGROUT,CONVBBL,7840.0000,3
ZA,2025-07,JETKERO,REFGROUT,KBBL,-,3
ZA,2025-07,JETKERO,REFGROUT,KBD,-,3
ZA,2025-07,JETKERO,REFGROUT,KL,-,3
ZA,2025-07,JETKERO,REFGROUT,KTONS,-,3
ZA,2025-07,JETKERO,STATDIFF,CONVBBL,7840.0000,3
ZA,2025-07,JETKERO,STATDIFF,KBBL,-,3
ZA,2025-07,JETKERO,STATDIFF,KBD,-,3
ZA,2025-07,JETKERO,STATDIFF,KL,-,3
ZA,2025-07,JETKERO,STATDIFF,KTONS,-,3
ZA,2025-07,JETKERO,STOCKCH,CONVBBL,7840.0000,3
ZA,2025-07,JETKERO,STOCKCH,KBBL,-,3
ZA,2025-07,JETKERO,STOCKCH,KBD,x,3
ZA,2025-07,JETKERO,STOCKCH,KL,-,3
ZA,2025-07,JETKERO,STOCKCH,KTONS,-,3
ZA,2025-07,JETKERO,TOTDEMO,CONVBBL,7840.0000,3
ZA,2025-07,JETKERO,TOTDEMO,KBBL,-,3
ZA,2025-07,JETKERO,TOTDEMO,KBD,-,3
ZA,2025-07,JETKERO,TOTDEMO,KL,-,3
ZA,2025-07,JETKERO,TOTDEMO,KTONS,-,3
ZA,2025-07,JETKERO,TOTEXPSB,CONVBBL,7840.0000,3
ZA,2025-07,JETKERO,TOTEXPSB,KBBL,-,3
ZA,2025-07,JETKERO,TOTEXPSB,KBD,-,3
ZA,2025-07,JETKERO,TOTEXPSB,KL,-,3
ZA,2025-07,JETKERO,TOTEXPSB,KTONS,-,3
ZA,2025-07,JETKERO,TOTIMPSB,CONVBBL,7840.0000,3
ZA,2025-07,JETKERO,TOTIMPSB,KBBL,-,3
ZA,2025-07,JETKERO,TOTIMPSB,KBD,-,3
ZA,2025-07,JETKERO,TOTIMPSB,KL,-,3
ZA,2025-07,JETKERO,TOTIMPSB,KTONS,-,3
ZA,2025-08,JETKERO,CLOSTLV,CONVBBL,7840.0000,3
ZA,2025-08,JETKERO,CLOSTLV,KBBL,-,3
ZA,2025-08,JETKERO,CLOSTLV,KBD,x,3
ZA,2025-08,JETKERO,CLOSTLV,KL,-,3
ZA,2025-08,JETKERO,CLOSTLV,KTONS,-,3
ZA,2025-08,JETKERO,IPTRANSF,CONVBBL,7840.0000,3
ZA,2025-08,JETKERO,IPTRANSF,KBBL,-,3
ZA,2025-08,JETKERO,IPTRANSF,KBD,-,3
ZA,2025-08,JETKERO,IPTRANSF,KL,-,3
ZA,2025-08,JETKERO,IPTRANSF,KTONS,-,3
ZA,2025-08,JETKERO,PTRANSF,CONVBBL,7840.0000,3
ZA,2025-08,JETKERO,PTRANSF,KBBL,-,3
ZA,2025-08,JETKERO,PTRANSF,KBD,-,3
ZA,2025-08,JETKERO,PTRANSF,KL,-,3
ZA,2025-08,JETKERO,PTRANSF,KTONS,-,3
ZA,2025-08,JETKERO,RECEIPTS,CONVBBL,7840.0000,3
ZA,2025-08,JETKERO,RECEIPTS,KBBL,-,3
ZA,2025-08,JETKERO,RECEIPTS,KBD,-,3
ZA,2025-08,JETKERO,RECEIPTS,KL,-,3
ZA,2025-08,JETKERO,RECEIPTS,KTONS,-,3
ZA,2025-08,JETKERO,REFGROUT,CONVBBL,7840.0000,3
ZA,2025-08,JETKERO,REFGROUT,KBBL,-,3
ZA,2025-08,JETKERO,REFGROUT,KBD,-,3
ZA,2025-08,JETKERO,REFGROUT,KL,-,3
ZA,2025-08,JETKERO,REFGROUT,KTONS,-,3
ZA,2025-08,JETKERO,STATDIFF,CONVBBL,7840.0000,3
ZA,2025-08,JETKERO,STATDIFF,KBBL,-,3
ZA,2025-08,JETKERO,STATDIFF,KBD,-,3
ZA,2025-08,JETKERO,STATDIFF,KL,-,3
ZA,2025-08,JETKERO,STATDIFF,KTONS,-,3
ZA,2025-08,JETKERO,STOCKCH,CONVBBL,7840.0000,3
ZA,2025-08,JETKERO,STOCKCH,KBBL,-,3
ZA,2025-08,JETKERO,STOCKCH,KBD,x,3
ZA,2025-08,JETKERO,STOCKCH,KL,-,3
ZA,2025-08,JETKERO,STOCKCH,KTONS,-,3
ZA,2025-08,JETKERO,TOTDEMO,CONVBBL,7840.0000,3
ZA,2025-08,JETKERO,TOTDEMO,KBBL,-,3
ZA,2025-08,JETKERO,TOTDEMO,KBD,-,3
ZA,2025-08,JETKERO,TOTDEMO,KL,-,3
ZA,2025-08,JETKERO,TOTDEMO,KTONS,-,3
ZA,2025-08,JETKERO,TOTEXPSB,CONVBBL,7840.0000,3
ZA,2025-08,JETKERO,TOTEXPSB,KBBL,-,3
ZA,2025-08,JETKERO,TOTEXPSB,KBD,-,3
ZA,2025-08,JETKERO,TOTEXPSB,KL,-,3
ZA,2025-08,JETKERO,TOTEXPSB,KTONS,-,3
ZA,2025-08,JETKERO,TOTIMPSB,CONVBBL,7840.0000,3
ZA,2025-08,JETKERO,TOTIMPSB,KBBL,-,3
ZA,2025-08,JETKERO,TOTIMPSB,KBD,-,3
ZA,2025-08,JETKERO,TOTIMPSB,KL,-,3
ZA,2025-08,JETKERO,TOTIMPSB,KTONS,-,3
ZA,2025-09,JETKERO,CLOSTLV,CONVBBL,7840.0000,3
ZA,2025-09,JETKERO,CLOSTLV,KBBL,-,3
ZA,2025-09,JETKERO,CLOSTLV,KBD,x,3
ZA,2025-09,JETKERO,CLOSTLV,KL,-,3
ZA,2025-09,JETKERO,CLOSTLV,KTONS,-,3
ZA,2025-09,JETKERO,IPTRANSF,CONVBBL,7840.0000,3
ZA,2025-09,JETKERO,IPTRANSF,KBBL,-,3
ZA,2025-09,JETKERO,IPTRANSF,KBD,-,3
ZA,2025-09,JETKERO,IPTRANSF,KL,-,3
ZA,2025-09,JETKERO,IPTRANSF,KTONS,-,3
ZA,2025-09,JETKERO,PTRANSF,CONVBBL,7840.0000,3
ZA,2025-09,JETKERO,PTRANSF,KBBL,-,3
ZA,2025-09,JETKERO,PTRANSF,KBD,-,3
ZA,2025-09,JETKERO,PTRANSF,KL,-,3
ZA,2025-09,JETKERO,PTRANSF,KTONS,-,3
ZA,2025-09,JETKERO,RECEIPTS,CONVBBL,7840.0000,3
ZA,2025-09,JETKERO,RECEIPTS,KBBL,-,3
ZA,2025-09,JETKERO,RECEIPTS,KBD,-,3
ZA,2025-09,JETKERO,RECEIPTS,KL,-,3
ZA,2025-09,JETKERO,RECEIPTS,KTONS,-,3
ZA,2025-09,JETKERO,REFGROUT,CONVBBL,7840.0000,3
ZA,2025-09,JETKERO,REFGROUT,KBBL,-,3
ZA,2025-09,JETKERO,REFGROUT,KBD,-,3
ZA,2025-09,JETKERO,REFGROUT,KL,-,3
ZA,2025-09,JETKERO,REFGROUT,KTONS,-,3
ZA,2025-09,JETKERO,STATDIFF,CONVBBL,7840.0000,3
ZA,2025-09,JETKERO,STATDIFF,KBBL,-,3
ZA,2025-09,JETKERO,STATDIFF,KBD,-,3
ZA,2025-09,JETKERO,STATDIFF,KL,-,3
ZA,2025-09,JETKERO,STATDIFF,KTONS,-,3
ZA,2025-09,JETKERO,STOCKCH,CONVBBL,7840.0000,3
ZA,2025-09,JETKERO,STOCKCH,KBBL,-,3
ZA,2025-09,JETKERO,STOCKCH,KBD,x,3
ZA,2025-09,JETKERO,STOCKCH,KL,-,3
ZA,2025-09,JETKERO,STOCKCH,KTONS,-,3
ZA,2025-09,JETKERO,TOTDEMO,CONVBBL,7840.0000,3
ZA,2025-09,JETKERO,TOTDEMO,KBBL,-,3
ZA,2025-09,JETKERO,TOTDEMO,KBD,-,3
ZA,2025-09,JETKERO,TOTDEMO,KL,-,3
ZA,2025-09,JETKERO,TOTDEMO,KTONS,-,3
ZA,2025-09,JETKERO,TOTEXPSB,CONVBBL,7840.0000,3
ZA,2025-09,JETKERO,TOTEXPSB,KBBL,-,3
ZA,2025-09,JETKERO,TOTEXPSB,KBD,-,3
ZA,2025-09,JETKERO,TOTEXPSB,KL,-,3
ZA,2025-09,JETKERO,TOTEXPSB,KTONS,-,3
ZA,2025-09,JETKERO,TOTIMPSB,CONVBBL,7840.0000,3
ZA,2025-09,JETKERO,TOTIMPSB,KBBL,-,3
ZA,2025-09,JETKERO,TOTIMPSB,KBD,-,3
ZA,2025-09,JETKERO,TOTIMPSB,KL,-,3
ZA,2025-09,JETKERO,TOTIMPSB,KTONS,-,3
ZA,2025-10,JETKERO,CLOSTLV,CONVBBL,7840.0000,3
ZA,2025-10,JETKERO,CLOSTLV,KBBL,-,3
ZA,2025-10,JETKERO,CLOSTLV,KBD,x,3
ZA,2025-10,JETKERO,CLOSTLV,KL,-,3
ZA,2025-10,JETKERO,CLOSTLV,KTONS,-,3
ZA,2025-10,JETKERO,IPTRANSF,CONVBBL,7840.0000,3
ZA,2025-10,JETKERO,IPTRANSF,KBBL,-,3
ZA,2025-10,JETKERO,IPTRANSF,KBD,-,3
ZA,2025-10,JETKERO,IPTRANSF,KL,-,3
ZA,2025-10,JETKERO,IPTRANSF,KTONS,-,3
ZA,2025-10,JETKERO,PTRANSF,CONVBBL,7840.0000,3
ZA,2025-10,JETKERO,PTRANSF,KBBL,-,3
ZA,2025-10,JETKERO,PTRANSF,KBD,-,3
ZA,2025-10,JETKERO,PTRANSF,KL,-,3
ZA,2025-10,JETKERO,PTRANSF,KTONS,-,3
ZA,2025-10,JETKERO,RECEIPTS,CONVBBL,7840.0000,3
ZA,2025-10,JETKERO,RECEIPTS,KBBL,-,3
ZA,2025-10,JETKERO,RECEIPTS,KBD,-,3
ZA,2025-10,JETKERO,RECEIPTS,KL,-,3
ZA,2025-10,JETKERO,RECEIPTS,KTONS,-,3
ZA,2025-10,JETKERO,REFGROUT,CONVBBL,7840.0000,3
ZA,2025-10,JETKERO,REFGROUT,KBBL,-,3
ZA,2025-10,JETKERO,REFGROUT,KBD,-,3
ZA,2025-10,JETKERO,REFGROUT,KL,-,3
ZA,2025-10,JETKERO,REFGROUT,KTONS,-,3
ZA,2025-10,JETKERO,STATDIFF,CONVBBL,7840.0000,3
ZA,2025-10,JETKERO,STATDIFF,KBBL,-,3
ZA,2025-10,JETKERO,STATDIFF,KBD,-,3
ZA,2025-10,JETKERO,STATDIFF,KL,-,3
ZA,2025-10,JETKERO,STATDIFF,KTONS,-,3
ZA,2025-10,JETKERO,STOCKCH,CONVBBL,7840.0000,3
ZA,2025-10,JETKERO,STOCKCH,KBBL,-,3
ZA,2025-10,JETKERO,STOCKCH,KBD,x,3
ZA,2025-10,JETKERO,STOCKCH,KL,-,3
ZA,2025-10,JETKERO,STOCKCH,KTONS,-,3
ZA,2025-10,JETKERO,TOTDEMO,CONVBBL,7840.0000,3
ZA,2025-10,JETKERO,TOTDEMO,KBBL,-,3
ZA,2025-10,JETKERO,TOTDEMO,KBD,-,3
ZA,2025-10,JETKERO,TOTDEMO,KL,-,3
ZA,2025-10,JETKERO,TOTDEMO,KTONS,-,3
ZA,2025-10,JETKERO,TOTEXPSB,CONVBBL,7840.0000,3
ZA,2025-10,JETKERO,TOTEXPSB,KBBL,-,3
ZA,2025-10,JETKERO,TOTEXPSB,KBD,-,3
ZA,2025-10,JETKERO,TOTEXPSB,KL,-,3
ZA,2025-10,JETKERO,TOTEXPSB,KTONS,-,3
ZA,2025-10,JETKERO,TOTIMPSB,CONVBBL,7840.0000,3
ZA,2025-10,JETKERO,TOTIMPSB,KBBL,-,3
ZA,2025-10,JETKERO,TOTIMPSB,KBD,-,3
ZA,2025-10,JETKERO,TOTIMPSB,KL,-,3
ZA,2025-10,JETKERO,TOTIMPSB,KTONS,-,3
ZA,2025-11,JETKERO,CLOSTLV,CONVBBL,7840.0000,3
ZA,2025-11,JETKERO,CLOSTLV,KBBL,-,3
ZA,2025-11,JETKERO,CLOSTLV,KBD,x,3
ZA,2025-11,JETKERO,CLOSTLV,KL,-,3
ZA,2025-11,JETKERO,CLOSTLV,KTONS,-,3
ZA,2025-11,JETKERO,IPTRANSF,CONVBBL,7840.0000,3
ZA,2025-11,JETKERO,IPTRANSF,KBBL,-,3
ZA,2025-11,JETKERO,IPTRANSF,KBD,-,3
ZA,2025-11,JETKERO,IPTRANSF,KL,-,3
ZA,2025-11,JETKERO,IPTRANSF,KTONS,-,3
ZA,2025-11,JETKERO,PTRANSF,CONVBBL,7840.0000,3
ZA,2025-11,JETKERO,PTRANSF,KBBL,-,3
ZA,2025-11,JETKERO,PTRANSF,KBD,-,3
ZA,2025-11,JETKERO,PTRANSF,KL,-,3
ZA,2025-11,JETKERO,PTRANSF,KTONS,-,3
ZA,2025-11,JETKERO,RECEIPTS,CONVBBL,7840.0000,3
ZA,2025-11,JETKERO,RECEIPTS,KBBL,-,3
ZA,2025-11,JETKERO,RECEIPTS,KBD,-,3
ZA,2025-11,JETKERO,RECEIPTS,KL,-,3
ZA,2025-11,JETKERO,RECEIPTS,KTONS,-,3
ZA,2025-11,JETKERO,REFGROUT,CONVBBL,7840.0000,3
ZA,2025-11,JETKERO,REFGROUT,KBBL,-,3
ZA,2025-11,JETKERO,REFGROUT,KBD,-,3
ZA,2025-11,JETKERO,REFGROUT,KL,-,3
ZA,2025-11,JETKERO,REFGROUT,KTONS,-,3
ZA,2025-11,JETKERO,STATDIFF,CONVBBL,7840.0000,3
ZA,2025-11,JETKERO,STATDIFF,KBBL,-,3
ZA,2025-11,JETKERO,STATDIFF,KBD,-,3
ZA,2025-11,JETKERO,STATDIFF,KL,-,3
ZA,2025-11,JETKERO,STATDIFF,KTONS,-,3
ZA,2025-11,JETKERO,STOCKCH,CONVBBL,7840.0000,3
ZA,2025-11,JETKERO,STOCKCH,KBBL,-,3
ZA,2025-11,JETKERO,STOCKCH,KBD,x,3
ZA,2025-11,JETKERO,STOCKCH,KL,-,3
ZA,2025-11,JETKERO,STOCKCH,KTONS,-,3
ZA,2025-11,JETKERO,TOTDEMO,CONVBBL,7840.0000,3
ZA,2025-11,JETKERO,TOTDEMO,KBBL,-,3
ZA,2025-11,JETKERO,TOTDEMO,KBD,-,3
ZA,2025-11,JETKERO,TOTDEMO,KL,-,3
ZA,2025-11,JETKERO,TOTDEMO,KTONS,-,3
ZA,2025-11,JETKERO,TOTEXPSB,CONVBBL,7840.0000,3
ZA,2025-11,JETKERO,TOTEXPSB,KBBL,-,3
ZA,2025-11,JETKERO,TOTEXPSB,KBD,-,3
ZA,2025-11,JETKERO,TOTEXPSB,KL,-,3
ZA,2025-11,JETKERO,TOTEXPSB,KTONS,-,3
ZA,2025-11,JETKERO,TOTIMPSB,CONVBBL,7840.0000,3
ZA,2025-11,JETKERO,TOTIMPSB,KBBL,-,3
ZA,2025-11,JETKERO,TOTIMPSB,KBD,-,3
ZA,2025-11,JETKERO,TOTIMPSB,KL,-,3
ZA,2025-11,JETKERO,TOTIMPSB,KTONS,-,3
ZA,2025-12,JETKERO,CLOSTLV,CONVBBL,7840.0000,3
ZA,2025-12,JETKERO,CLOSTLV,KBBL,-,3
ZA,2025-12,JETKERO,CLOSTLV,KBD,x,3
ZA,2025-12,JETKERO,CLOSTLV,KL,-,3
ZA,2025-12,JETKERO,CLOSTLV,KTONS,-,3
ZA,2025-12,JETKERO,IPTRANSF,CONVBBL,7840.0000,3
ZA,2025-12,JETKERO,IPTRANSF,KBBL,-,3
ZA,2025-12,JETKERO,IPTRANSF,KBD,-,3
ZA,2025-12,JETKERO,IPTRANSF,KL,-,3
ZA,2025-12,JETKERO,IPTRANSF,KTONS,-,3
ZA,2025-12,JETKERO,PTRANSF,CONVBBL,7840.0000,3
ZA,2025-12,JETKERO,PTRANSF,KBBL,-,3
ZA,2025-12,JETKERO,PTRANSF,KBD,-,3
ZA,2025-12,JETKERO,PTRANSF,KL,-,3
ZA,2025-12,JETKERO,PTRANSF,KTONS,-,3
ZA,2025-12,JETKERO,RECEIPTS,CONVBBL,7840.0000,3
ZA,2025-12,JETKERO,RECEIPTS,KBBL,-,3
ZA,2025-12,JETKERO,RECEIPTS,KBD,-,3
ZA,2025-12,JETKERO,RECEIPTS,KL,-,3
ZA,2025-12,JETKERO,RECEIPTS,KTONS,-,3
ZA,2025-12,JETKERO,REFGROUT,CONVBBL,7840.0000,3
ZA,2025-12,JETKERO,REFGROUT,KBBL,-,3
ZA,2025-12,JETKERO,REFGROUT,KBD,-,3
ZA,2025-12,JETKERO,REFGROUT,KL,-,3
ZA,2025-12,JETKERO,REFGROUT,KTONS,-,3
ZA,2025-12,JETKERO,STATDIFF,CONVBBL,7840.0000,3
ZA,2025-12,JETKERO,STATDIFF,KBBL,-,3
ZA,2025-12,JETKERO,STATDIFF,KBD,-,3
ZA,2025-12,JETKERO,STATDIFF,KL,-,3
ZA,2025-12,JETKERO,STATDIFF,KTONS,-,3
ZA,2025-12,JETKERO,STOCKCH,CONVBBL,7840.0000,3
ZA,2025-12,JETKERO,STOCKCH,KBBL,-,3
ZA,2025-12,JETKERO,STOCKCH,KBD,x,3
ZA,2025-12,JETKERO,STOCKCH,KL,-,3
ZA,2025-12,JETKERO,STOCKCH,KTONS,-,3
ZA,2025-12,JETKERO,TOTDEMO,CONVBBL,7840.0000,3
ZA,2025-12,JETKERO,TOTDEMO,KBBL,-,3
ZA,2025-12,JETKERO,TOTDEMO,KBD,-,3
ZA,2025-12,JETKERO,TOTDEMO,KL,-,3
ZA,2025-12,JETKERO,TOTDEMO,KTONS,-,3
ZA,2025-12,JETKERO,TOTEXPSB,CONVBBL,7840.0000,3
ZA,2025-12,JETKERO,TOTEXPSB,KBBL,-,3
ZA,2025-12,JETKERO,TOTEXPSB,KBD,-,3
ZA,2025-12,JETKERO,TOTEXPSB,KL,-,3
ZA,2025-12,JETKERO,TOTEXPSB,KTONS,-,3
ZA,2025-12,JETKERO,TOTIMPSB,CONVBBL,7840.0000,3
ZA,2025-12,JETKERO,TOTIMPSB,KBBL,-,3
ZA,2025-12,JETKERO,TOTIMPSB,KBD,-,3
ZA,2025-12,JETKERO,TOTIMPSB,KL,-,3
ZA,2025-12,JETKERO,TOTIMPSB,KTONS,-,3
ZA,2025-01,KEROSENE,CLOSTLV,CONVBBL,7890.0000,3
ZA,2025-01,KEROSENE,CLOSTLV,KBBL,-,3
ZA,2025-01,KEROSENE,CLOSTLV,KBD,x,3
ZA,2025-01,KEROSENE,CLOSTLV,KL,-,3
ZA,2025-01,KEROSENE,CLOSTLV,KTONS,-,3
ZA,2025-01,KEROSENE,IPTRANSF,CONVBBL,7890.0000,3
ZA,2025-01,KEROSENE,IPTRANSF,KBBL,-,3
ZA,2025-01,KEROSENE,IPTRANSF,KBD,-,3
ZA,2025-01,KEROSENE,IPTRANSF,KL,-,3
ZA,2025-01,KEROSENE,IPTRANSF,KTONS,-,3
ZA,2025-01,KEROSENE,PTRANSF,CONVBBL,7890.0000,3
ZA,2025-01,KEROSENE,PTRANSF,KBBL,-,3
ZA,2025-01,KEROSENE,PTRANSF,KBD,-,3
ZA,2025-01,KEROSENE,PTRANSF,KL,-,3
ZA,2025-01,KEROSENE,PTRANSF,KTONS,-,3
ZA,2025-01,KEROSENE,RECEIPTS,CONVBBL,7890.0000,3
ZA,2025-01,KEROSENE,RECEIPTS,KBBL,-,3
ZA,2025-01,KEROSENE,RECEIPTS,KBD,-,3
ZA,2025-01,KEROSENE,RECEIPTS,KL,-,3
ZA,2025-01,KEROSENE,RECEIPTS,KTONS,-,3
ZA,2025-01,KEROSENE,REFGROUT,CONVBBL,7890.0000,3
ZA,2025-01,KEROSENE,REFGROUT,KBBL,-,3
ZA,2025-01,KEROSENE,REFGROUT,KBD,-,3
ZA,2025-01,KEROSENE,REFGROUT,KL,-,3
ZA,2025-01,KEROSENE,REFGROUT,KTONS,-,3
ZA,2025-01,KEROSENE,STATDIFF,CONVBBL,7890.0000,3
ZA,2025-01,KEROSENE,STATDIFF,KBBL,-,3
ZA,2025-01,KEROSENE,STATDIFF,KBD,-,3
ZA,2025-01,KEROSENE,STATDIFF,KL,-,3
ZA,2025-01,KEROSENE,STATDIFF,KTONS,-,3
ZA,2025-01,KEROSENE,STOCKCH,CONVBBL,7890.0000,3
ZA,2025-01,KEROSENE,STOCKCH,KBBL,-,3
ZA,2025-01,KEROSENE,STOCKCH,KBD,x,3
ZA,2025-01,KEROSENE,STOCKCH,KL,-,3
ZA,2025-01,KEROSENE,STOCKCH,KTONS,-,3
ZA,2025-01,KEROSENE,TOTDEMO,CONVBBL,7890.0000,3
ZA,2025-01,KEROSENE,TOTDEMO,KBBL,-,3
ZA,2025-01,KEROSENE,TOTDEMO,KBD,-,3
ZA,2025-01,KEROSENE,TOTDEMO,KL,-,3
ZA,2025-01,KEROSENE,TOTDEMO,KTONS,-,3
ZA,2025-01,KEROSENE,TOTEXPSB,CONVBBL,7890.0000,3
ZA,2025-01,KEROSENE,TOTEXPSB,KBBL,-,3
ZA,2025-01,KEROSENE,TOTEXPSB,KBD,-,3
ZA,2025-01,KEROSENE,TOTEXPSB,KL,-,3
ZA,2025-01,KEROSENE,TOTEXPSB,KTONS,-,3
ZA,2025-01,KEROSENE,TOTIMPSB,CONVBBL,7890.0000,3
ZA,2025-01,KEROSENE,TOTIMPSB,KBBL,-,3
ZA,2025-01,KEROSENE,TOTIMPSB,KBD,-,3
ZA,2025-01,KEROSENE,TOTIMPSB,KL,-,3
ZA,2025-01,KEROSENE,TOTIMPSB,KTONS,-,3
ZA,2025-02,KEROSENE,CLOSTLV,CONVBBL,7890.0000,3
ZA,2025-02,KEROSENE,CLOSTLV,KBBL,-,3
ZA,2025-02,KEROSENE,CLOSTLV,KBD,x,3
ZA,2025-02,KEROSENE,CLOSTLV,KL,-,3
ZA,2025-02,KEROSENE,CLOSTLV,KTONS,-,3
ZA,2025-02,KEROSENE,IPTRANSF,CONVBBL,7890.0000,3
ZA,2025-02,KEROSENE,IPTRANSF,KBBL,-,3
ZA,2025-02,KEROSENE,IPTRANSF,KBD,-,3
ZA,2025-02,KEROSENE,IPTRANSF,KL,-,3
ZA,2025-02,KEROSENE,IPTRANSF,KTONS,-,3
ZA,2025-02,KEROSENE,PTRANSF,CONVBBL,7890.0000,3
ZA,2025-02,KEROSENE,PTRANSF,KBBL,-,3
ZA,2025-02,KEROSENE,PTRANSF,KBD,-,3
ZA,2025-02,KEROSENE,PTRANSF,KL,-,3
ZA,2025-02,KEROSENE,PTRANSF,KTONS,-,3
ZA,2025-02,KEROSENE,RECEIPTS,CONVBBL,7890.0000,3
ZA,2025-02,KEROSENE,RECEIPTS,KBBL,-,3
ZA,2025-02,KEROSENE,RECEIPTS,KBD,-,3
ZA,2025-02,KEROSENE,RECEIPTS,KL,-,3
ZA,2025-02,KEROSENE,RECEIPTS,KTONS,-,3
ZA,2025-02,KEROSENE,REFGROUT,CONVBBL,7890.0000,3
ZA,2025-02,KEROSENE,REFGROUT,KBBL,-,3
ZA,2025-02,KEROSENE,REFGROUT,KBD,-,3
ZA,2025-02,KEROSENE,REFGROUT,KL,-,3
ZA,2025-02,KEROSENE,REFGROUT,KTONS,-,3
ZA,2025-02,KEROSENE,STATDIFF,CONVBBL,7890.0000,3
ZA,2025-02,KEROSENE,STATDIFF,KBBL,-,3
ZA,2025-02,KEROSENE,STATDIFF,KBD,-,3
ZA,2025-02,KEROSENE,STATDIFF,KL,-,3
ZA,2025-02,KEROSENE,STATDIFF,KTONS,-,3
ZA,2025-02,KEROSENE,STOCKCH,CONVBBL,7890.0000,3
ZA,2025-02,KEROSENE,STOCKCH,KBBL,-,3
ZA,2025-02,KEROSENE,STOCKCH,KBD,x,3
ZA,2025-02,KEROSENE,STOCKCH,KL,-,3
ZA,2025-02,KEROSENE,STOCKCH,KTONS,-,3
ZA,2025-02,KEROSENE,TOTDEMO,CONVBBL,7890.0000,3
ZA,2025-02,KEROSENE,TOTDEMO,KBBL,-,3
ZA,2025-02,KEROSENE,TOTDEMO,KBD,-,3
ZA,2025-02,KEROSENE,TOTDEMO,KL,-,3
ZA,2025-02,KEROSENE,TOTDEMO,KTONS,-,3
ZA,2025-02,KEROSENE,TOTEXPSB,CONVBBL,7890.0000,3
ZA,2025-02,KEROSENE,TOTEXPSB,KBBL,-,3
ZA,2025-02,KEROSENE,TOTEXPSB,KBD,-,3
ZA,2025-02,KEROSENE,TOTEXPSB,KL,-,3
ZA,2025-02,KEROSENE,TOTEXPSB,KTONS,-,3
ZA,2025-02,KEROSENE,TOTIMPSB,CONVBBL,7890.0000,3
ZA,2025-02,KEROSENE,TOTIMPSB,KBBL,-,3
ZA,2025-02,KEROSENE,TOTIMPSB,KBD,-,3
ZA,2025-02,KEROSENE,TOTIMPSB,KL,-,3
ZA,2025-02,KEROSENE,TOTIMPSB,KTONS,-,3
ZA,2025-03,KEROSENE,CLOSTLV,CONVBBL,7890.0000,3
ZA,2025-03,KEROSENE,CLOSTLV,KBBL,-,3
ZA,2025-03,KEROSENE,CLOSTLV,KBD,x,3
ZA,2025-03,KEROSENE,CLOSTLV,KL,-,3
ZA,2025-03,KEROSENE,CLOSTLV,KTONS,-,3
ZA,2025-03,KEROSENE,IPTRANSF,CONVBBL,7890.0000,3
ZA,2025-03,KEROSENE,IPTRANSF,KBBL,-,3
ZA,2025-03,KEROSENE,IPTRANSF,KBD,-,3
ZA,2025-03,KEROSENE,IPTRANSF,KL,-,3
ZA,2025-03,KEROSENE,IPTRANSF,KTONS,-,3
ZA,2025-03,KEROSENE,PTRANSF,CONVBBL,7890.0000,3
ZA,2025-03,KEROSENE,PTRANSF,KBBL,-,3
ZA,2025-03,KEROSENE,PTRANSF,KBD,-,3
ZA,2025-03,KEROSENE,PTRANSF,KL,-,3
ZA,2025-03,KEROSENE,PTRANSF,KTONS,-,3
ZA,2025-03,KEROSENE,RECEIPTS,CONVBBL,7890.0000,3
ZA,2025-03,KEROSENE,RECEIPTS,KBBL,-,3
ZA,2025-03,KEROSENE,RECEIPTS,KBD,-,3
ZA,2025-03,KEROSENE,RECEIPTS,KL,-,3
ZA,2025-03,KEROSENE,RECEIPTS,KTONS,-,3
ZA,2025-03,KEROSENE,REFGROUT,CONVBBL,7890.0000,3
ZA,2025-03,KEROSENE,REFGROUT,KBBL,-,3
ZA,2025-03,KEROSENE,REFGROUT,KBD,-,3
ZA,2025-03,KEROSENE,REFGROUT,KL,-,3
ZA,2025-03,KEROSENE,REFGROUT,KTONS,-,3
ZA,2025-03,KEROSENE,STATDIFF,CONVBBL,7890.0000,3
ZA,2025-03,KEROSENE,STATDIFF,KBBL,-,3
ZA,2025-03,KEROSENE,STATDIFF,KBD,-,3
ZA,2025-03,KEROSENE,STATDIFF,KL,-,3
ZA,2025-03,KEROSENE,STATDIFF,KTONS,-,3
ZA,2025-03,KEROSENE,STOCKCH,CONVBBL,7890.0000,3
ZA,2025-03,KEROSENE,STOCKCH,KBBL,-,3
ZA,2025-03,KEROSENE,STOCKCH,KBD,x,3
ZA,2025-03,KEROSENE,STOCKCH,KL,-,3
ZA,2025-03,KEROSENE,STOCKCH,KTONS,-,3
ZA,2025-03,KEROSENE,TOTDEMO,CONVBBL,7890.0000,3
ZA,2025-03,KEROSENE,TOTDEMO,KBBL,-,3
ZA,2025-03,KEROSENE,TOTDEMO,KBD,-,3
ZA,2025-03,KEROSENE,TOTDEMO,KL,-,3
ZA,2025-03,KEROSENE,TOTDEMO,KTONS,-,3
ZA,2025-03,KEROSENE,TOTEXPSB,CONVBBL,7890.0000,3
ZA,2025-03,KEROSENE,TOTEXPSB,KBBL,-,3
ZA,2025-03,KEROSENE,TOTEXPSB,KBD,-,3
ZA,2025-03,KEROSENE,TOTEXPSB,KL,-,3
ZA,2025-03,KEROSENE,TOTEXPSB,KTONS,-,3
ZA,2025-03,KEROSENE,TOTIMPSB,CONVBBL,7890.0000,3
ZA,2025-03,KEROSENE,TOTIMPSB,KBBL,-,3
ZA,2025-03,KEROSENE,TOTIMPSB,KBD,-,3
ZA,2025-03,KEROSENE,TOTIMPSB,KL,-,3
ZA,2025-03,KEROSENE,TOTIMPSB,KTONS,-,3
ZA,2025-04,KEROSENE,CLOSTLV,CONVBBL,7890.0000,3
ZA,2025-04,KEROSENE,CLOSTLV,KBBL,-,3
ZA,2025-04,KEROSENE,CLOSTLV,KBD,x,3
ZA,2025-04,KEROSENE,CLOSTLV,KL,-,3
ZA,2025-04,KEROSENE,CLOSTLV,KTONS,-,3
ZA,2025-04,KEROSENE,IPTRANSF,CONVBBL,7890.0000,3
ZA,2025-04,KEROSENE,IPTRANSF,KBBL,-,3
ZA,2025-04,KEROSENE,IPTRANSF,KBD,-,3
ZA,2025-04,KEROSENE,IPTRANSF,KL,-,3
ZA,2025-04,KEROSENE,IPTRANSF,KTONS,-,3
ZA,2025-04,KEROSENE,PTRANSF,CONVBBL,7890.0000,3
ZA,2025-04,KEROSENE,PTRANSF,KBBL,-,3
ZA,2025-04,KEROSENE,PTRANSF,KBD,-,3
ZA,2025-04,KEROSENE,PTRANSF,KL,-,3
ZA,2025-04,KEROSENE,PTRANSF,KTONS,-,3
ZA,2025-04,KEROSENE,RECEIPTS,CONVBBL,7890.0000,3
ZA,2025-04,KEROSENE,RECEIPTS,KBBL,-,3
ZA,2025-04,KEROSENE,RECEIPTS,KBD,-,3
ZA,2025-04,KEROSENE,RECEIPTS,KL,-,3
ZA,2025-04,KEROSENE,RECEIPTS,KTONS,-,3
ZA,2025-04,KEROSENE,REFGROUT,CONVBBL,7890.0000,3
ZA,2025-04,KEROSENE,REFGROUT,KBBL,-,3
ZA,2025-04,KEROSENE,REFGROUT,KBD,-,3
ZA,2025-04,KEROSENE,REFGROUT,KL,-,3
ZA,2025-04,KEROSENE,REFGROUT,KTONS,-,3
ZA,2025-04,KEROSENE,STATDIFF,CONVBBL,7890.0000,3
ZA,2025-04,KEROSENE,STATDIFF,KBBL,-,3
ZA,2025-04,KEROSENE,STATDIFF,KBD,-,3
ZA,2025-04,KEROSENE,STATDIFF,KL,-,3
ZA,2025-04,KEROSENE,STATDIFF,KTONS,-,3
ZA,2025-04,KEROSENE,STOCKCH,CONVBBL,7890.0000,3
ZA,2025-04,KEROSENE,STOCKCH,KBBL,-,3
ZA,2025-04,KEROSENE,STOCKCH,KBD,x,3
ZA,2025-04,KEROSENE,STOCKCH,KL,-,3
ZA,2025-04,KEROSENE,STOCKCH,KTONS,-,3
ZA,2025-04,KEROSENE,TOTDEMO,CONVBBL,7890.0000,3
ZA,2025-04,KEROSENE,TOTDEMO,KBBL,-,3
ZA,2025-04,KEROSENE,TOTDEMO,KBD,-,3
ZA,2025-04,KEROSENE,TOTDEMO,KL,-,3
ZA,2025-04,KEROSENE,TOTDEMO,KTONS,-,3
ZA,2025-04,KEROSENE,TOTEXPSB,CONVBBL,7890.0000,3
ZA,2025-04,KEROSENE,TOTEXPSB,KBBL,-,3
ZA,2025-04,KEROSENE,TOTEXPSB,KBD,-,3
ZA,2025-04,KEROSENE,TOTEXPSB,KL,-,3
ZA,2025-04,KEROSENE,TOTEXPSB,KTONS,-,3
ZA,2025-04,KEROSENE,TOTIMPSB,CONVBBL,7890.0000,3
ZA,2025-04,KEROSENE,TOTIMPSB,KBBL,-,3
ZA,2025-04,KEROSENE,TOTIMPSB,KBD,-,3
ZA,2025-04,KEROSENE,TOTIMPSB,KL,-,3
ZA,2025-04,KEROSENE,TOTIMPSB,KTONS,-,3
ZA,2025-05,KEROSENE,CLOSTLV,CONVBBL,7890.0000,3
ZA,2025-05,KEROSENE,CLOSTLV,KBBL,-,3
ZA,2025-05,KEROSENE,CLOSTLV,KBD,x,3
ZA,2025-05,KEROSENE,CLOSTLV,KL,-,3
ZA,2025-05,KEROSENE,CLOSTLV,KTONS,-,3
ZA,2025-05,KEROSENE,IPTRANSF,CONVBBL,7890.0000,3
ZA,2025-05,KEROSENE,IPTRANSF,KBBL,-,3
ZA,2025-05,KEROSENE,IPTRANSF,KBD,-,3
ZA,2025-05,KEROSENE,IPTRANSF,KL,-,3
ZA,2025-05,KEROSENE,IPTRANSF,KTONS,-,3
ZA,2025-05,KEROSENE,PTRANSF,CONVBBL,7890.0000,3
ZA,2025-05,KEROSENE,PTRANSF,KBBL,-,3
ZA,2025-05,KEROSENE,PTRANSF,KBD,-,3
ZA,2025-05,KEROSENE,PTRANSF,KL,-,3
ZA,2025-05,KEROSENE,PTRANSF,KTONS,-,3
ZA,2025-05,KEROSENE,RECEIPTS,CONVBBL,7890.0000,3
ZA,2025-05,KEROSENE,RECEIPTS,KBBL,-,3
ZA,2025-05,KEROSENE,RECEIPTS,KBD,-,3
ZA,2025-05,KEROSENE,RECEIPTS,KL,-,3
ZA,2025-05,KEROSENE,RECEIPTS,KTONS,-,3
ZA,2025-05,KEROSENE,REFGROUT,CONVBBL,7890.0000,3
ZA,2025-05,KEROSENE,REFGROUT,KBBL,-,3
ZA,2025-05,KEROSENE,REFGROUT,KBD,-,3
ZA,2025-05,KEROSENE,REFGROUT,KL,-,3
ZA,2025-05,KEROSENE,REFGROUT,KTONS,-,3
ZA,2025-05,KEROSENE,STATDIFF,CONVBBL,7890.0000,3
ZA,2025-05,KEROSENE,STATDIFF,KBBL,-,3
ZA,2025-05,KEROSENE,STATDIFF,KBD,-,3
ZA,2025-05,KEROSENE,STATDIFF,KL,-,3
ZA,2025-05,KEROSENE,STATDIFF,KTONS,-,3
ZA,2025-05,KEROSENE,STOCKCH,CONVBBL,7890.0000,3
ZA,2025-05,KEROSENE,STOCKCH,KBBL,-,3
ZA,2025-05,KEROSENE,STOCKCH,KBD,x,3
ZA,2025-05,KEROSENE,STOCKCH,KL,-,3
ZA,2025-05,KEROSENE,STOCKCH,KTONS,-,3
ZA,2025-05,KEROSENE,TOTDEMO,CONVBBL,7890.0000,3
ZA,2025-05,KEROSENE,TOTDEMO,KBBL,-,3
ZA,2025-05,KEROSENE,TOTDEMO,KBD,-,3
ZA,2025-05,KEROSENE,TOTDEMO,KL,-,3
ZA,2025-05,KEROSENE,TOTDEMO,KTONS,-,3
ZA,2025-05,KEROSENE,TOTEXPSB,CONVBBL,7890.0000,3
ZA,2025-05,KEROSENE,TOTEXPSB,KBBL,-,3
ZA,2025-05,KEROSENE,TOTEXPSB,KBD,-,3
ZA,2025-05,KEROSENE,TOTEXPSB,KL,-,3
ZA,2025-05,KEROSENE,TOTEXPSB,KTONS,-,3
ZA,2025-05,KEROSENE,TOTIMPSB,CONVBBL,7890.0000,3
ZA,2025-05,KEROSENE,TOTIMPSB,KBBL,-,3
ZA,2025-05,KEROSENE,TOTIMPSB,KBD,-,3
ZA,2025-05,KEROSENE,TOTIMPSB,KL,-,3
ZA,2025-05,KEROSENE,TOTIMPSB,KTONS,-,3
ZA,2025-06,KEROSENE,CLOSTLV,CONVBBL,7890.0000,3
ZA,2025-06,KEROSENE,CLOSTLV,KBBL,-,3
ZA,2025-06,KEROSENE,CLOSTLV,KBD,x,3
ZA,2025-06,KEROSENE,CLOSTLV,KL,-,3
ZA,2025-06,KEROSENE,CLOSTLV,KTONS,-,3
ZA,2025-06,KEROSENE,IPTRANSF,CONVBBL,7890.0000,3
ZA,2025-06,KEROSENE,IPTRANSF,KBBL,-,3
ZA,2025-06,KEROSENE,IPTRANSF,KBD,-,3
ZA,2025-06,KEROSENE,IPTRANSF,KL,-,3
ZA,2025-06,KEROSENE,IPTRANSF,KTONS,-,3
ZA,2025-06,KEROSENE,PTRANSF,CONVBBL,7890.0000,3
ZA,2025-06,KEROSENE,PTRANSF,KBBL,-,3
ZA,2025-06,KEROSENE,PTRANSF,KBD,-,3
ZA,2025-06,KEROSENE,PTRANSF,KL,-,3
ZA,2025-06,KEROSENE,PTRANSF,KTONS,-,3
ZA,2025-06,KEROSENE,RECEIPTS,CONVBBL,7890.0000,3
ZA,2025-06,KEROSENE,RECEIPTS,KBBL,-,3
ZA,2025-06,KEROSENE,RECEIPTS,KBD,-,3
ZA,2025-06,KEROSENE,RECEIPTS,KL,-,3
ZA,2025-06,KEROSENE,RECEIPTS,KTONS,-,3
ZA,2025-06,KEROSENE,REFGROUT,CONVBBL,7890.0000,3
ZA,2025-06,KEROSENE,REFGROUT,KBBL,-,3
ZA,2025-06,KEROSENE,REFGROUT,KBD,-,3
ZA,2025-06,KEROSENE,REFGROUT,KL,-,3
ZA,2025-06,KEROSENE,REFGROUT,KTONS,-,3
ZA,2025-06,KEROSENE,STATDIFF,CONVBBL,7890.0000,3
ZA,2025-06,KEROSENE,STATDIFF,KBBL,-,3
ZA,2025-06,KEROSENE,STATDIFF,KBD,-,3
ZA,2025-06,KEROSENE,STATDIFF,KL,-,3
ZA,2025-06,KEROSENE,STATDIFF,KTONS,-,3
ZA,2025-06,KEROSENE,STOCKCH,CONVBBL,7890.0000,3
ZA,2025-06,KEROSENE,STOCKCH,KBBL,-,3
ZA,2025-06,KEROSENE,STOCKCH,KBD,x,3
ZA,2025-06,KEROSENE,STOCKCH,KL,-,3
ZA,2025-06,KEROSENE,STOCKCH,KTONS,-,3
ZA,2025-06,KEROSENE,TOTDEMO,CONVBBL,7890.0000,3
ZA,2025-06,KEROSENE,TOTDEMO,KBBL,-,3
ZA,2025-06,KEROSENE,TOTDEMO,KBD,-,3
ZA,2025-06,KEROSENE,TOTDEMO,KL,-,3
ZA,2025-06,KEROSENE,TOTDEMO,KTONS,-,3
ZA,2025-06,KEROSENE,TOTEXPSB,CONVBBL,7890.0000,3
ZA,2025-06,KEROSENE,TOTEXPSB,KBBL,-,3
ZA,2025-06,KEROSENE,TOTEXPSB,KBD,-,3
ZA,2025-06,KEROSENE,TOTEXPSB,KL,-,3
ZA,2025-06,KEROSENE,TOTEXPSB,KTONS,-,3
ZA,2025-06,KEROSENE,TOTIMPSB,CONVBBL,7890.0000,3
ZA,2025-06,KEROSENE,TOTIMPSB,KBBL,-,3
ZA,2025-06,KEROSENE,TOTIMPSB,KBD,-,3
ZA,2025-06,KEROSENE,TOTIMPSB,KL,-,3
ZA,2025-06,KEROSENE,TOTIMPSB,KTONS,-,3
ZA,2025-07,KEROSENE,CLOSTLV,CONVBBL,7890.0000,3
ZA,2025-07,KEROSENE,CLOSTLV,KBBL,-,3
ZA,2025-07,KEROSENE,CLOSTLV,KBD,x,3
ZA,2025-07,KEROSENE,CLOSTLV,KL,-,3
ZA,2025-07,KEROSENE,CLOSTLV,KTONS,-,3
ZA,2025-07,KEROSENE,IPTRANSF,CONVBBL,7890.0000,3
ZA,2025-07,KEROSENE,IPTRANSF,KBBL,-,3
ZA,2025-07,KEROSENE,IPTRANSF,KBD,-,3
ZA,2025-07,KEROSENE,IPTRANSF,KL,-,3
ZA,2025-07,KEROSENE,IPTRANSF,KTONS,-,3
ZA,2025-07,KEROSENE,PTRANSF,CONVBBL,7890.0000,3
ZA,2025-07,KEROSENE,PTRANSF,KBBL,-,3
ZA,2025-07,KEROSENE,PTRANSF,KBD,-,3
ZA,2025-07,KEROSENE,PTRANSF,KL,-,3
ZA,2025-07,KEROSENE,PTRANSF,KTONS,-,3
ZA,2025-07,KEROSENE,RECEIPTS,CONVBBL,7890.0000,3
ZA,2025-07,KEROSENE,RECEIPTS,KBBL,-,3
ZA,2025-07,KEROSENE,RECEIPTS,KBD,-,3
ZA,2025-07,KEROSENE,RECEIPTS,KL,-,3
ZA,2025-07,KEROSENE,RECEIPTS,KTONS,-,3
ZA,2025-07,KEROSENE,REFGROUT,CONVBBL,7890.0000,3
ZA,2025-07,KEROSENE,REFGROUT,KBBL,-,3
ZA,2025-07,KEROSENE,REFGROUT,KBD,-,3
ZA,2025-07,KEROSENE,REFGROUT,KL,-,3
ZA,2025-07,KEROSENE,REFGROUT,KTONS,-,3
ZA,2025-07,KEROSENE,STATDIFF,CONVBBL,7890.0000,3
ZA,2025-07,KEROSENE,STATDIFF,KBBL,-,3
ZA,2025-07,KEROSENE,STATDIFF,KBD,-,3
ZA,2025-07,KEROSENE,STATDIFF,KL,-,3
ZA,2025-07,KEROSENE,STATDIFF,KTONS,-,3
ZA,2025-07,KEROSENE,STOCKCH,CONVBBL,7890.0000,3
ZA,2025-07,KEROSENE,STOCKCH,KBBL,-,3
ZA,2025-07,KEROSENE,STOCKCH,KBD,x,3
ZA,2025-07,KEROSENE,STOCKCH,KL,-,3
ZA,2025-07,KEROSENE,STOCKCH,KTONS,-,3
ZA,2025-07,KEROSENE,TOTDEMO,CONVBBL,7890.0000,3
ZA,2025-07,KEROSENE,TOTDEMO,KBBL,-,3
ZA,2025-07,KEROSENE,TOTDEMO,KBD,-,3
ZA,2025-07,KEROSENE,TOTDEMO,KL,-,3
ZA,2025-07,KEROSENE,TOTDEMO,KTONS,-,3
ZA,2025-07,KEROSENE,TOTEXPSB,CONVBBL,7890.0000,3
ZA,2025-07,KEROSENE,TOTEXPSB,KBBL,-,3
ZA,2025-07,KEROSENE,TOTEXPSB,KBD,-,3
ZA,2025-07,KEROSENE,TOTEXPSB,KL,-,3
ZA,2025-07,KEROSENE,TOTEXPSB,KTONS,-,3
ZA,2025-07,KEROSENE,TOTIMPSB,CONVBBL,7890.0000,3
ZA,2025-07,KEROSENE,TOTIMPSB,KBBL,-,3
ZA,2025-07,KEROSENE,TOTIMPSB,KBD,-,3
ZA,2025-07,KEROSENE,TOTIMPSB,KL,-,3
ZA,2025-07,KEROSENE,TOTIMPSB,KTONS,-,3
ZA,2025-08,KEROSENE,CLOSTLV,CONVBBL,7890.0000,3
ZA,2025-08,KEROSENE,CLOSTLV,KBBL,-,3
ZA,2025-08,KEROSENE,CLOSTLV,KBD,x,3
ZA,2025-08,KEROSENE,CLOSTLV,KL,-,3
ZA,2025-08,KEROSENE,CLOSTLV,KTONS,-,3
ZA,2025-08,KEROSENE,IPTRANSF,CONVBBL,7890.0000,3
ZA,2025-08,KEROSENE,IPTRANSF,KBBL,-,3
ZA,2025-08,KEROSENE,IPTRANSF,KBD,-,3
ZA,2025-08,KEROSENE,IPTRANSF,KL,-,3
ZA,2025-08,KEROSENE,IPTRANSF,KTONS,-,3
ZA,2025-08,KEROSENE,PTRANSF,CONVBBL,7890.0000,3
ZA,2025-08,KEROSENE,PTRANSF,KBBL,-,3
ZA,2025-08,KEROSENE,PTRANSF,KBD,-,3
ZA,2025-08,KEROSENE,PTRANSF,KL,-,3
ZA,2025-08,KEROSENE,PTRANSF,KTONS,-,3
ZA,2025-08,KEROSENE,RECEIPTS,CONVBBL,7890.0000,3
ZA,2025-08,KEROSENE,RECEIPTS,KBBL,-,3
ZA,2025-08,KEROSENE,RECEIPTS,KBD,-,3
ZA,2025-08,KEROSENE,RECEIPTS,KL,-,3
ZA,2025-08,KEROSENE,RECEIPTS,KTONS,-,3
ZA,2025-08,KEROSENE,REFGROUT,CONVBBL,7890.0000,3
ZA,2025-08,KEROSENE,REFGROUT,KBBL,-,3
ZA,2025-08,KEROSENE,REFGROUT,KBD,-,3
ZA,2025-08,KEROSENE,REFGROUT,KL,-,3
ZA,2025-08,KEROSENE,REFGROUT,KTONS,-,3
ZA,2025-08,KEROSENE,STATDIFF,CONVBBL,7890.0000,3
ZA,2025-08,KEROSENE,STATDIFF,KBBL,-,3
ZA,2025-08,KEROSENE,STATDIFF,KBD,-,3
ZA,2025-08,KEROSENE,STATDIFF,KL,-,3
ZA,2025-08,KEROSENE,STATDIFF,KTONS,-,3
ZA,2025-08,KEROSENE,STOCKCH,CONVBBL,7890.0000,3
ZA,2025-08,KEROSENE,STOCKCH,KBBL,-,3
ZA,2025-08,KEROSENE,STOCKCH,KBD,x,3
ZA,2025-08,KEROSENE,STOCKCH,KL,-,3
ZA,2025-08,KEROSENE,STOCKCH,KTONS,-,3
ZA,2025-08,KEROSENE,TOTDEMO,CONVBBL,7890.0000,3
ZA,2025-08,KEROSENE,TOTDEMO,KBBL,-,3
ZA,2025-08,KEROSENE,TOTDEMO,KBD,-,3
ZA,2025-08,KEROSENE,TOTDEMO,KL,-,3
ZA,2025-08,KEROSENE,TOTDEMO,KTONS,-,3
ZA,2025-08,KEROSENE,TOTEXPSB,CONVBBL,7890.0000,3
ZA,2025-08,KEROSENE,TOTEXPSB,KBBL,-,3
ZA,2025-08,KEROSENE,TOTEXPSB,KBD,-,3
ZA,2025-08,KEROSENE,TOTEXPSB,KL,-,3
ZA,2025-08,KEROSENE,TOTEXPSB,KTONS,-,3
ZA,2025-08,KEROSENE,TOTIMPSB,CONVBBL,7890.0000,3
ZA,2025-08,KEROSENE,TOTIMPSB,KBBL,-,3
ZA,2025-08,KEROSENE,TOTIMPSB,KBD,-,3
ZA,2025-08,KEROSENE,TOTIMPSB,KL,-,3
ZA,2025-08,KEROSENE,TOTIMPSB,KTONS,-,3
ZA,2025-09,KEROSENE,CLOSTLV,CONVBBL,7890.0000,3
ZA,2025-09,KEROSENE,CLOSTLV,KBBL,-,3
ZA,2025-09,KEROSENE,CLOSTLV,KBD,x,3
ZA,2025-09,KEROSENE,CLOSTLV,KL,-,3
ZA,2025-09,KEROSENE,CLOSTLV,KTONS,-,3
ZA,2025-09,KEROSENE,IPTRANSF,CONVBBL,7890.0000,3
ZA,2025-09,KEROSENE,IPTRANSF,KBBL,-,3
ZA,2025-09,KEROSENE,IPTRANSF,KBD,-,3
ZA,2025-09,KEROSENE,IPTRANSF,KL,-,3
ZA,2025-09,KEROSENE,IPTRANSF,KTONS,-,3
ZA,2025-09,KEROSENE,PTRANSF,CONVBBL,7890.0000,3
ZA,2025-09,KEROSENE,PTRANSF,KBBL,-,3
ZA,2025-09,KEROSENE,PTRANSF,KBD,-,3
ZA,2025-09,KEROSENE,PTRANSF,KL,-,3
ZA,2025-09,KEROSENE,PTRANSF,KTONS,-,3
ZA,2025-09,KEROSENE,RECEIPTS,CONVBBL,7890.0000,3
ZA,2025-09,KEROSENE,RECEIPTS,KBBL,-,3
ZA,2025-09,KEROSENE,RECEIPTS,KBD,-,3
ZA,2025-09,KEROSENE,RECEIPTS,KL,-,3
ZA,2025-09,KEROSENE,RECEIPTS,KTONS,-,3
ZA,2025-09,KEROSENE,REFGROUT,CONVBBL,7890.0000,3
ZA,2025-09,KEROSENE,REFGROUT,KBBL,-,3
ZA,2025-09,KEROSENE,REFGROUT,KBD,-,3
ZA,2025-09,KEROSENE,REFGROUT,KL,-,3
ZA,2025-09,KEROSENE,REFGROUT,KTONS,-,3
ZA,2025-09,KEROSENE,STATDIFF,CONVBBL,7890.0000,3
ZA,2025-09,KEROSENE,STATDIFF,KBBL,-,3
ZA,2025-09,KEROSENE,STATDIFF,KBD,-,3
ZA,2025-09,KEROSENE,STATDIFF,KL,-,3
ZA,2025-09,KEROSENE,STATDIFF,KTONS,-,3
ZA,2025-09,KEROSENE,STOCKCH,CONVBBL,7890.0000,3
ZA,2025-09,KEROSENE,STOCKCH,KBBL,-,3
ZA,2025-09,KEROSENE,STOCKCH,KBD,x,3
ZA,2025-09,KEROSENE,STOCKCH,KL,-,3
ZA,2025-09,KEROSENE,STOCKCH,KTONS,-,3
ZA,2025-09,KEROSENE,TOTDEMO,CONVBBL,7890.0000,3
ZA,2025-09,KEROSENE,TOTDEMO,KBBL,-,3
ZA,2025-09,KEROSENE,TOTDEMO,KBD,-,3
ZA,2025-09,KEROSENE,TOTDEMO,KL,-,3
ZA,2025-09,KEROSENE,TOTDEMO,KTONS,-,3
ZA,2025-09,KEROSENE,TOTEXPSB,CONVBBL,7890.0000,3
ZA,2025-09,KEROSENE,TOTEXPSB,KBBL,-,3
ZA,2025-09,KEROSENE,TOTEXPSB,KBD,-,3
ZA,2025-09,KEROSENE,TOTEXPSB,KL,-,3
ZA,2025-09,KEROSENE,TOTEXPSB,KTONS,-,3
ZA,2025-09,KEROSENE,TOTIMPSB,CONVBBL,7890.0000,3
ZA,2025-09,KEROSENE,TOTIMPSB,KBBL,-,3
ZA,2025-09,KEROSENE,TOTIMPSB,KBD,-,3
ZA,2025-09,KEROSENE,TOTIMPSB,KL,-,3
ZA,2025-09,KEROSENE,TOTIMPSB,KTONS,-,3
ZA,2025-10,KEROSENE,CLOSTLV,CONVBBL,7890.0000,3
ZA,2025-10,KEROSENE,CLOSTLV,KBBL,-,3
ZA,2025-10,KEROSENE,CLOSTLV,KBD,x,3
ZA,2025-10,KEROSENE,CLOSTLV,KL,-,3
ZA,2025-10,KEROSENE,CLOSTLV,KTONS,-,3
ZA,2025-10,KEROSENE,IPTRANSF,CONVBBL,7890.0000,3
ZA,2025-10,KEROSENE,IPTRANSF,KBBL,-,3
ZA,2025-10,KEROSENE,IPTRANSF,KBD,-,3
ZA,2025-10,KEROSENE,IPTRANSF,KL,-,3
ZA,2025-10,KEROSENE,IPTRANSF,KTONS,-,3
ZA,2025-10,KEROSENE,PTRANSF,CONVBBL,7890.0000,3
ZA,2025-10,KEROSENE,PTRANSF,KBBL,-,3
ZA,2025-10,KEROSENE,PTRANSF,KBD,-,3
ZA,2025-10,KEROSENE,PTRANSF,KL,-,3
ZA,2025-10,KEROSENE,PTRANSF,KTONS,-,3
ZA,2025-10,KEROSENE,RECEIPTS,CONVBBL,7890.0000,3
ZA,2025-10,KEROSENE,RECEIPTS,KBBL,-,3
ZA,2025-10,KEROSENE,RECEIPTS,KBD,-,3
ZA,2025-10,KEROSENE,RECEIPTS,KL,-,3
ZA,2025-10,KEROSENE,RECEIPTS,KTONS,-,3
ZA,2025-10,KEROSENE,REFGROUT,CONVBBL,7890.0000,3
ZA,2025-10,KEROSENE,REFGROUT,KBBL,-,3
ZA,2025-10,KEROSENE,REFGROUT,KBD,-,3
ZA,2025-10,KEROSENE,REFGROUT,KL,-,3
ZA,2025-10,KEROSENE,REFGROUT,KTONS,-,3
ZA,2025-10,KEROSENE,STATDIFF,CONVBBL,7890.0000,3
ZA,2025-10,KEROSENE,STATDIFF,KBBL,-,3
ZA,2025-10,KEROSENE,STATDIFF,KBD,-,3
ZA,2025-10,KEROSENE,STATDIFF,KL,-,3
ZA,2025-10,KEROSENE,STATDIFF,KTONS,-,3
ZA,2025-10,KEROSENE,STOCKCH,CONVBBL,7890.0000,3
ZA,2025-10,KEROSENE,STOCKCH,KBBL,-,3
ZA,2025-10,KEROSENE,STOCKCH,KBD,x,3
ZA,2025-10,KEROSENE,STOCKCH,KL,-,3
ZA,2025-10,KEROSENE,STOCKCH,KTONS,-,3
ZA,2025-10,KEROSENE,TOTDEMO,CONVBBL,7890.0000,3
ZA,2025-10,KEROSENE,TOTDEMO,KBBL,-,3
ZA,2025-10,KEROSENE,TOTDEMO,KBD,-,3
ZA,2025-10,KEROSENE,TOTDEMO,KL,-,3
ZA,2025-10,KEROSENE,TOTDEMO,KTONS,-,3
ZA,2025-10,KEROSENE,TOTEXPSB,CONVBBL,7890.0000,3
ZA,2025-10,KEROSENE,TOTEXPSB,KBBL,-,3
ZA,2025-10,KEROSENE,TOTEXPSB,KBD,-,3
ZA,2025-10,KEROSENE,TOTEXPSB,KL,-,3
ZA,2025-10,KEROSENE,TOTEXPSB,KTONS,-,3
ZA,2025-10,KEROSENE,TOTIMPSB,CONVBBL,7890.0000,3
ZA,2025-10,KEROSENE,TOTIMPSB,KBBL,-,3
ZA,2025-10,KEROSENE,TOTIMPSB,KBD,-,3
ZA,2025-10,KEROSENE,TOTIMPSB,KL,-,3
ZA,2025-10,KEROSENE,TOTIMPSB,KTONS,-,3
ZA,2025-11,KEROSENE,CLOSTLV,CONVBBL,7890.0000,3
ZA,2025-11,KEROSENE,CLOSTLV,KBBL,-,3
ZA,2025-11,KEROSENE,CLOSTLV,KBD,x,3
ZA,2025-11,KEROSENE,CLOSTLV,KL,-,3
ZA,2025-11,KEROSENE,CLOSTLV,KTONS,-,3
ZA,2025-11,KEROSENE,IPTRANSF,CONVBBL,7890.0000,3
ZA,2025-11,KEROSENE,IPTRANSF,KBBL,-,3
ZA,2025-11,KEROSENE,IPTRANSF,KBD,-,3
ZA,2025-11,KEROSENE,IPTRANSF,KL,-,3
ZA,2025-11,KEROSENE,IPTRANSF,KTONS,-,3
ZA,2025-11,KEROSENE,PTRANSF,CONVBBL,7890.0000,3
ZA,2025-11,KEROSENE,PTRANSF,KBBL,-,3
ZA,2025-11,KEROSENE,PTRANSF,KBD,-,3
ZA,2025-11,KEROSENE,PTRANSF,KL,-,3
ZA,2025-11,KEROSENE,PTRANSF,KTONS,-,3
ZA,2025-11,KEROSENE,RECEIPTS,CONVBBL,7890.0000,3
ZA,2025-11,KEROSENE,RECEIPTS,KBBL,-,3
ZA,2025-11,KEROSENE,RECEIPTS,KBD,-,3
ZA,2025-11,KEROSENE,RECEIPTS,KL,-,3
ZA,2025-11,KEROSENE,RECEIPTS,KTONS,-,3
ZA,2025-11,KEROSENE,REFGROUT,CONVBBL,7890.0000,3
ZA,2025-11,KEROSENE,REFGROUT,KBBL,-,3
ZA,2025-11,KEROSENE,REFGROUT,KBD,-,3
ZA,2025-11,KEROSENE,REFGROUT,KL,-,3
ZA,2025-11,KEROSENE,REFGROUT,KTONS,-,3
ZA,2025-11,KEROSENE,STATDIFF,CONVBBL,7890.0000,3
ZA,2025-11,KEROSENE,STATDIFF,KBBL,-,3
ZA,2025-11,KEROSENE,STATDIFF,KBD,-,3
ZA,2025-11,KEROSENE,STATDIFF,KL,-,3
ZA,2025-11,KEROSENE,STATDIFF,KTONS,-,3
ZA,2025-11,KEROSENE,STOCKCH,CONVBBL,7890.0000,3
ZA,2025-11,KEROSENE,STOCKCH,KBBL,-,3
ZA,2025-11,KEROSENE,STOCKCH,KBD,x,3
ZA,2025-11,KEROSENE,STOCKCH,KL,-,3
ZA,2025-11,KEROSENE,STOCKCH,KTONS,-,3
ZA,2025-11,KEROSENE,TOTDEMO,CONVBBL,7890.0000,3
ZA,2025-11,KEROSENE,TOTDEMO,KBBL,-,3
ZA,2025-11,KEROSENE,TOTDEMO,KBD,-,3
ZA,2025-11,KEROSENE,TOTDEMO,KL,-,3
ZA,2025-11,KEROSENE,TOTDEMO,KTONS,-,3
ZA,2025-11,KEROSENE,TOTEXPSB,CONVBBL,7890.0000,3
ZA,2025-11,KEROSENE,TOTEXPSB,KBBL,-,3
ZA,2025-11,KEROSENE,TOTEXPSB,KBD,-,3
ZA,2025-11,KEROSENE,TOTEXPSB,KL,-,3
ZA,2025-11,KEROSENE,TOTEXPSB,KTONS,-,3
ZA,2025-11,KEROSENE,TOTIMPSB,CONVBBL,7890.0000,3
ZA,2025-11,KEROSENE,TOTIMPSB,KBBL,-,3
ZA,2025-11,KEROSENE,TOTIMPSB,KBD,-,3
ZA,2025-11,KEROSENE,TOTIMPSB,KL,-,3
ZA,2025-11,KEROSENE,TOTIMPSB,KTONS,-,3
ZA,2025-12,KEROSENE,CLOSTLV,CONVBBL,7890.0000,3
ZA,2025-12,KEROSENE,CLOSTLV,KBBL,-,3
ZA,2025-12,KEROSENE,CLOSTLV,KBD,x,3
ZA,2025-12,KEROSENE,CLOSTLV,KL,-,3
ZA,2025-12,KEROSENE,CLOSTLV,KTONS,-,3
ZA,2025-12,KEROSENE,IPTRANSF,CONVBBL,7890.0000,3
ZA,2025-12,KEROSENE,IPTRANSF,KBBL,-,3
ZA,2025-12,KEROSENE,IPTRANSF,KBD,-,3
ZA,2025-12,KEROSENE,IPTRANSF,KL,-,3
ZA,2025-12,KEROSENE,IPTRANSF,KTONS,-,3
ZA,2025-12,KEROSENE,PTRANSF,CONVBBL,7890.0000,3
ZA,2025-12,KEROSENE,PTRANSF,KBBL,-,3
ZA,2025-12,KEROSENE,PTRANSF,KBD,-,3
ZA,2025-12,KEROSENE,PTRANSF,KL,-,3
ZA,2025-12,KEROSENE,PTRANSF,KTONS,-,3
ZA,2025-12,KEROSENE,RECEIPTS,CONVBBL,7890.0000,3
ZA,2025-12,KEROSENE,RECEIPTS,KBBL,-,3
ZA,2025-12,KEROSENE,RECEIPTS,KBD,-,3
ZA,2025-12,KEROSENE,RECEIPTS,KL,-,3
ZA,2025-12,KEROSENE,RECEIPTS,KTONS,-,3
ZA,2025-12,KEROSENE,REFGROUT,CONVBBL,7890.0000,3
ZA,2025-12,KEROSENE,REFGROUT,KBBL,-,3
ZA,2025-12,KEROSENE,REFGROUT,KBD,-,3
ZA,2025-12,KEROSENE,REFGROUT,KL,-,3
ZA,2025-12,KEROSENE,REFGROUT,KTONS,-,3
ZA,2025-12,KEROSENE,STATDIFF,CONVBBL,7890.0000,3
ZA,2025-12,KEROSENE,STATDIFF,KBBL,-,3
ZA,2025-12,KEROSENE,STATDIFF,KBD,-,3
ZA,2025-12,KEROSENE,STATDIFF,KL,-,3
ZA,2025-12,KEROSENE,STATDIFF,KTONS,-,3
ZA,2025-12,KEROSENE,STOCKCH,CONVBBL,7890.0000,3
ZA,2025-12,KEROSENE,STOCKCH,KBBL,-,3
ZA,2025-12,KEROSENE,STOCKCH,KBD,x,3
ZA,2025-12,KEROSENE,STOCKCH,KL,-,3
ZA,2025-12,KEROSENE,STOCKCH,KTONS,-,3
ZA,2025-12,KEROSENE,TOTDEMO,CONVBBL,7890.0000,3
ZA,2025-12,KEROSENE,TOTDEMO,KBBL,-,3
ZA,2025-12,KEROSENE,TOTDEMO,KBD,-,3
ZA,2025-12,KEROSENE,TOTDEMO,KL,-,3
ZA,2025-12,KEROSENE,TOTDEMO,KTONS,-,3
ZA,2025-12,KEROSENE,TOTEXPSB,CONVBBL,7890.0000,3
ZA,2025-12,KEROSENE,TOTEXPSB,KBBL,-,3
ZA,2025-12,KEROSENE,TOTEXPSB,KBD,-,3
ZA,2025-12,KEROSENE,TOTEXPSB,KL,-,3
ZA,2025-12,KEROSENE,TOTEXPSB,KTONS,-,3
ZA,2025-12,KEROSENE,TOTIMPSB,CONVBBL,7890.0000,3
ZA,2025-12,KEROSENE,TOTIMPSB,KBBL,-,3
ZA,2025-12,KEROSENE,TOTIMPSB,KBD,-,3
ZA,2025-12,KEROSENE,TOTIMPSB,KL,-,3
ZA,2025-12,KEROSENE,TOTIMPSB,KTONS,-,3
ZA,2025-01,LPG,CLOSTLV,CONVBBL,11637.0000,3
ZA,2025-01,LPG,CLOSTLV,KBBL,-,3
ZA,2025-01,LPG,CLOSTLV,KBD,x,3
ZA,2025-01,LPG,CLOSTLV,KL,-,3
ZA,2025-01,LPG,CLOSTLV,KTONS,-,3
ZA,2025-01,LPG,IPTRANSF,CONVBBL,11637.0000,3
ZA,2025-01,LPG,IPTRANSF,KBBL,-,3
ZA,2025-01,LPG,IPTRANSF,KBD,-,3
ZA,2025-01,LPG,IPTRANSF,KL,-,3
ZA,2025-01,LPG,IPTRANSF,KTONS,-,3
ZA,2025-01,LPG,PTRANSF,CONVBBL,11637.0000,3
ZA,2025-01,LPG,PTRANSF,KBBL,-,3
ZA,2025-01,LPG,PTRANSF,KBD,-,3
ZA,2025-01,LPG,PTRANSF,KL,-,3
ZA,2025-01,LPG,PTRANSF,KTONS,-,3
ZA,2025-01,LPG,RECEIPTS,CONVBBL,11637.0000,3
ZA,2025-01,LPG,RECEIPTS,KBBL,-,3
ZA,2025-01,LPG,RECEIPTS,KBD,-,3
ZA,2025-01,LPG,RECEIPTS,KL,-,3
ZA,2025-01,LPG,RECEIPTS,KTONS,-,3
ZA,2025-01,LPG,REFGROUT,CONVBBL,11637.0000,3
ZA,2025-01,LPG,REFGROUT,KBBL,-,3
ZA,2025-01,LPG,REFGROUT,KBD,-,3
ZA,2025-01,LPG,REFGROUT,KL,-,3
ZA,2025-01,LPG,REFGROUT,KTONS,-,3
ZA,2025-01,LPG,STATDIFF,CONVBBL,11637.0000,3
ZA,2025-01,LPG,STATDIFF,KBBL,-,3
ZA,2025-01,LPG,STATDIFF,KBD,-,3
ZA,2025-01,LPG,STATDIFF,KL,-,3
ZA,2025-01,LPG,STATDIFF,KTONS,-,3
ZA,2025-01,LPG,STOCKCH,CONVBBL,11637.0000,3
ZA,2025-01,LPG,STOCKCH,KBBL,-,3
ZA,2025-01,LPG,STOCKCH,KBD,x,3
ZA,2025-01,LPG,STOCKCH,KL,-,3
ZA,2025-01,LPG,STOCKCH,KTONS,-,3
ZA,2025-01,LPG,TOTDEMO,CONVBBL,11637.0000,3
ZA,2025-01,LPG,TOTDEMO,KBBL,-,3
ZA,2025-01,LPG,TOTDEMO,KBD,-,3
ZA,2025-01,LPG,TOTDEMO,KL,-,3
ZA,2025-01,LPG,TOTDEMO,KTONS,-,3
ZA,2025-01,LPG,TOTEXPSB,CONVBBL,11637.0000,3
ZA,2025-01,LPG,TOTEXPSB,KBBL,-,3
ZA,2025-01,LPG,TOTEXPSB,KBD,-,3
ZA,2025-01,LPG,TOTEXPSB,KL,-,3
ZA,2025-01,LPG,TOTEXPSB,KTONS,-,3
ZA,2025-01,LPG,TOTIMPSB,CONVBBL,11637.0000,3
ZA,2025-01,LPG,TOTIMPSB,KBBL,-,3
ZA,2025-01,LPG,TOTIMPSB,KBD,-,3
ZA,2025-01,LPG,TOTIMPSB,KL,-,3
ZA,2025-01,LPG,TOTIMPSB,KTONS,-,3
ZA,2025-02,LPG,CLOSTLV,CONVBBL,11637.0000,3
ZA,2025-02,LPG,CLOSTLV,KBBL,-,3
ZA,2025-02,LPG,CLOSTLV,KBD,x,3
ZA,2025-02,LPG,CLOSTLV,KL,-,3
ZA,2025-02,LPG,CLOSTLV,KTONS,-,3
ZA,2025-02,LPG,IPTRANSF,CONVBBL,11637.0000,3
ZA,2025-02,LPG,IPTRANSF,KBBL,-,3
ZA,2025-02,LPG,IPTRANSF,KBD,-,3
ZA,2025-02,LPG,IPTRANSF,KL,-,3
ZA,2025-02,LPG,IPTRANSF,KTONS,-,3
ZA,2025-02,LPG,PTRANSF,CONVBBL,11637.0000,3
ZA,2025-02,LPG,PTRANSF,KBBL,-,3
ZA,2025-02,LPG,PTRANSF,KBD,-,3
ZA,2025-02,LPG,PTRANSF,KL,-,3
ZA,2025-02,LPG,PTRANSF,KTONS,-,3
ZA,2025-02,LPG,RECEIPTS,CONVBBL,11637.0000,3
ZA,2025-02,LPG,RECEIPTS,KBBL,-,3
ZA,2025-02,LPG,RECEIPTS,KBD,-,3
ZA,2025-02,LPG,RECEIPTS,KL,-,3
ZA,2025-02,LPG,RECEIPTS,KTONS,-,3
ZA,2025-02,LPG,REFGROUT,CONVBBL,11637.0000,3
ZA,2025-02,LPG,REFGROUT,KBBL,-,3
ZA,2025-02,LPG,REFGROUT,KBD,-,3
ZA,2025-02,LPG,REFGROUT,KL,-,3
ZA,2025-02,LPG,REFGROUT,KTONS,-,3
ZA,2025-02,LPG,STATDIFF,CONVBBL,11637.0000,3
ZA,2025-02,LPG,STATDIFF,KBBL,-,3
ZA,2025-02,LPG,STATDIFF,KBD,-,3
ZA,2025-02,LPG,STATDIFF,KL,-,3
ZA,2025-02,LPG,STATDIFF,KTONS,-,3
ZA,2025-02,LPG,STOCKCH,CONVBBL,11637.0000,3
ZA,2025-02,LPG,STOCKCH,KBBL,-,3
ZA,2025-02,LPG,STOCKCH,KBD,x,3
ZA,2025-02,LPG,STOCKCH,KL,-,3
ZA,2025-02,LPG,STOCKCH,KTONS,-,3
ZA,2025-02,LPG,TOTDEMO,CONVBBL,11637.0000,3
ZA,2025-02,LPG,TOTDEMO,KBBL,-,3
ZA,2025-02,LPG,TOTDEMO,KBD,-,3
ZA,2025-02,LPG,TOTDEMO,KL,-,3
ZA,2025-02,LPG,TOTDEMO,KTONS,-,3
ZA,2025-02,LPG,TOTEXPSB,CONVBBL,11637.0000,3
ZA,2025-02,LPG,TOTEXPSB,KBBL,-,3
ZA,2025-02,LPG,TOTEXPSB,KBD,-,3
ZA,2025-02,LPG,TOTEXPSB,KL,-,3
ZA,2025-02,LPG,TOTEXPSB,KTONS,-,3
ZA,2025-02,LPG,TOTIMPSB,CONVBBL,11637.0000,3
ZA,2025-02,LPG,TOTIMPSB,KBBL,-,3
ZA,2025-02,LPG,TOTIMPSB,KBD,-,3
ZA,2025-02,LPG,TOTIMPSB,KL,-,3
ZA,2025-02,LPG,TOTIMPSB,KTONS,-,3
ZA,2025-03,LPG,CLOSTLV,CONVBBL,11637.0000,3
ZA,2025-03,LPG,CLOSTLV,KBBL,-,3
ZA,2025-03,LPG,CLOSTLV,KBD,x,3
ZA,2025-03,LPG,CLOSTLV,KL,-,3
ZA,2025-03,LPG,CLOSTLV,KTONS,-,3
ZA,2025-03,LPG,IPTRANSF,CONVBBL,11637.0000,3
ZA,2025-03,LPG,IPTRANSF,KBBL,-,3
ZA,2025-03,LPG,IPTRANSF,KBD,-,3
ZA,2025-03,LPG,IPTRANSF,KL,-,3
ZA,2025-03,LPG,IPTRANSF,KTONS,-,3
ZA,2025-03,LPG,PTRANSF,CONVBBL,11637.0000,3
ZA,2025-03,LPG,PTRANSF,KBBL,-,3
ZA,2025-03,LPG,PTRANSF,KBD,-,3
ZA,2025-03,LPG,PTRANSF,KL,-,3
ZA,2025-03,LPG,PTRANSF,KTONS,-,3
ZA,2025-03,LPG,RECEIPTS,CONVBBL,11637.0000,3
ZA,2025-03,LPG,RECEIPTS,KBBL,-,3
ZA,2025-03,LPG,RECEIPTS,KBD,-,3
ZA,2025-03,LPG,RECEIPTS,KL,-,3
ZA,2025-03,LPG,RECEIPTS,KTONS,-,3
ZA,2025-03,LPG,REFGROUT,CONVBBL,11637.0000,3
ZA,2025-03,LPG,REFGROUT,KBBL,-,3
ZA,2025-03,LPG,REFGROUT,KBD,-,3
ZA,2025-03,LPG,REFGROUT,KL,-,3
ZA,2025-03,LPG,REFGROUT,KTONS,-,3
ZA,2025-03,LPG,STATDIFF,CONVBBL,11637.0000,3
ZA,2025-03,LPG,STATDIFF,KBBL,-,3
ZA,2025-03,LPG,STATDIFF,KBD,-,3
ZA,2025-03,LPG,STATDIFF,KL,-,3
ZA,2025-03,LPG,STATDIFF,KTONS,-,3
ZA,2025-03,LPG,STOCKCH,CONVBBL,11637.0000,3
ZA,2025-03,LPG,STOCKCH,KBBL,-,3
ZA,2025-03,LPG,STOCKCH,KBD,x,3
ZA,2025-03,LPG,STOCKCH,KL,-,3
ZA,2025-03,LPG,STOCKCH,KTONS,-,3
ZA,2025-03,LPG,TOTDEMO,CONVBBL,11637.0000,3
ZA,2025-03,LPG,TOTDEMO,KBBL,-,3
ZA,2025-03,LPG,TOTDEMO,KBD,-,3
ZA,2025-03,LPG,TOTDEMO,KL,-,3
ZA,2025-03,LPG,TOTDEMO,KTONS,-,3
ZA,2025-03,LPG,TOTEXPSB,CONVBBL,11637.0000,3
ZA,2025-03,LPG,TOTEXPSB,KBBL,-,3
ZA,2025-03,LPG,TOTEXPSB,KBD,-,3
ZA,2025-03,LPG,TOTEXPSB,KL,-,3
ZA,2025-03,LPG,TOTEXPSB,KTONS,-,3
ZA,2025-03,LPG,TOTIMPSB,CONVBBL,11637.0000,3
ZA,2025-03,LPG,TOTIMPSB,KBBL,-,3
ZA,2025-03,LPG,TOTIMPSB,KBD,-,3
ZA,2025-03,LPG,TOTIMPSB,KL,-,3
ZA,2025-03,LPG,TOTIMPSB,KTONS,-,3
ZA,2025-04,LPG,CLOSTLV,CONVBBL,11637.0000,3
ZA,2025-04,LPG,CLOSTLV,KBBL,-,3
ZA,2025-04,LPG,CLOSTLV,KBD,x,3
ZA,2025-04,LPG,CLOSTLV,KL,-,3
ZA,2025-04,LPG,CLOSTLV,KTONS,-,3
ZA,2025-04,LPG,IPTRANSF,CONVBBL,11637.0000,3
ZA,2025-04,LPG,IPTRANSF,KBBL,-,3
ZA,2025-04,LPG,IPTRANSF,KBD,-,3
ZA,2025-04,LPG,IPTRANSF,KL,-,3
ZA,2025-04,LPG,IPTRANSF,KTONS,-,3
ZA,2025-04,LPG,PTRANSF,CONVBBL,11637.0000,3
ZA,2025-04,LPG,PTRANSF,KBBL,-,3
ZA,2025-04,LPG,PTRANSF,KBD,-,3
ZA,2025-04,LPG,PTRANSF,KL,-,3
ZA,2025-04,LPG,PTRANSF,KTONS,-,3
ZA,2025-04,LPG,RECEIPTS,CONVBBL,11637.0000,3
ZA,2025-04,LPG,RECEIPTS,KBBL,-,3
ZA,2025-04,LPG,RECEIPTS,KBD,-,3
ZA,2025-04,LPG,RECEIPTS,KL,-,3
ZA,2025-04,LPG,RECEIPTS,KTONS,-,3
ZA,2025-04,LPG,REFGROUT,CONVBBL,11637.0000,3
ZA,2025-04,LPG,REFGROUT,KBBL,-,3
ZA,2025-04,LPG,REFGROUT,KBD,-,3
ZA,2025-04,LPG,REFGROUT,KL,-,3
ZA,2025-04,LPG,REFGROUT,KTONS,-,3
ZA,2025-04,LPG,STATDIFF,CONVBBL,11637.0000,3
ZA,2025-04,LPG,STATDIFF,KBBL,-,3
ZA,2025-04,LPG,STATDIFF,KBD,-,3
ZA,2025-04,LPG,STATDIFF,KL,-,3
ZA,2025-04,LPG,STATDIFF,KTONS,-,3
ZA,2025-04,LPG,STOCKCH,CONVBBL,11637.0000,3
ZA,2025-04,LPG,STOCKCH,KBBL,-,3
ZA,2025-04,LPG,STOCKCH,KBD,x,3
ZA,2025-04,LPG,STOCKCH,KL,-,3
ZA,2025-04,LPG,STOCKCH,KTONS,-,3
ZA,2025-04,LPG,TOTDEMO,CONVBBL,11637.0000,3
ZA,2025-04,LPG,TOTDEMO,KBBL,-,3
ZA,2025-04,LPG,TOTDEMO,KBD,-,3
ZA,2025-04,LPG,TOTDEMO,KL,-,3
ZA,2025-04,LPG,TOTDEMO,KTONS,-,3
ZA,2025-04,LPG,TOTEXPSB,CONVBBL,11637.0000,3
ZA,2025-04,LPG,TOTEXPSB,KBBL,-,3
ZA,2025-04,LPG,TOTEXPSB,KBD,-,3
ZA,2025-04,LPG,TOTEXPSB,KL,-,3
ZA,2025-04,LPG,TOTEXPSB,KTONS,-,3
ZA,2025-04,LPG,TOTIMPSB,CONVBBL,11637.0000,3
ZA,2025-04,LPG,TOTIMPSB,KBBL,-,3
ZA,2025-04,LPG,TOTIMPSB,KBD,-,3
ZA,2025-04,LPG,TOTIMPSB,KL,-,3
ZA,2025-04,LPG,TOTIMPSB,KTONS,-,3
ZA,2025-05,LPG,CLOSTLV,CONVBBL,11637.0000,3
ZA,2025-05,LPG,CLOSTLV,KBBL,-,3
ZA,2025-05,LPG,CLOSTLV,KBD,x,3
ZA,2025-05,LPG,CLOSTLV,KL,-,3
ZA,2025-05,LPG,CLOSTLV,KTONS,-,3
ZA,2025-05,LPG,IPTRANSF,CONVBBL,11637.0000,3
ZA,2025-05,LPG,IPTRANSF,KBBL,-,3
ZA,2025-05,LPG,IPTRANSF,KBD,-,3
ZA,2025-05,LPG,IPTRANSF,KL,-,3
ZA,2025-05,LPG,IPTRANSF,KTONS,-,3
ZA,2025-05,LPG,PTRANSF,CONVBBL,11637.0000,3
ZA,2025-05,LPG,PTRANSF,KBBL,-,3
ZA,2025-05,LPG,PTRANSF,KBD,-,3
ZA,2025-05,LPG,PTRANSF,KL,-,3
ZA,2025-05,LPG,PTRANSF,KTONS,-,3
ZA,2025-05,LPG,RECEIPTS,CONVBBL,11637.0000,3
ZA,2025-05,LPG,RECEIPTS,KBBL,-,3
ZA,2025-05,LPG,RECEIPTS,KBD,-,3
ZA,2025-05,LPG,RECEIPTS,KL,-,3
ZA,2025-05,LPG,RECEIPTS,KTONS,-,3
ZA,2025-05,LPG,REFGROUT,CONVBBL,11637.0000,3
ZA,2025-05,LPG,REFGROUT,KBBL,-,3
ZA,2025-05,LPG,REFGROUT,KBD,-,3
ZA,2025-05,LPG,REFGROUT,KL,-,3
ZA,2025-05,LPG,REFGROUT,KTONS,-,3
ZA,2025-05,LPG,STATDIFF,CONVBBL,11637.0000,3
ZA,2025-05,LPG,STATDIFF,KBBL,-,3
ZA,2025-05,LPG,STATDIFF,KBD,-,3
ZA,2025-05,LPG,STATDIFF,KL,-,3
ZA,2025-05,LPG,STATDIFF,KTONS,-,3
ZA,2025-05,LPG,STOCKCH,CONVBBL,11637.0000,3
ZA,2025-05,LPG,STOCKCH,KBBL,-,3
ZA,2025-05,LPG,STOCKCH,KBD,x,3
ZA,2025-05,LPG,STOCKCH,KL,-,3
ZA,2025-05,LPG,STOCKCH,KTONS,-,3
ZA,2025-05,LPG,TOTDEMO,CONVBBL,11637.0000,3
ZA,2025-05,LPG,TOTDEMO,KBBL,-,3
ZA,2025-05,LPG,TOTDEMO,KBD,-,3
ZA,2025-05,LPG,TOTDEMO,KL,-,3
ZA,2025-05,LPG,TOTDEMO,KTONS,-,3
ZA,2025-05,LPG,TOTEXPSB,CONVBBL,11637.0000,3
ZA,2025-05,LPG,TOTEXPSB,KBBL,-,3
ZA,2025-05,LPG,TOTEXPSB,KBD,-,3
ZA,2025-05,LPG,TOTEXPSB,KL,-,3
ZA,2025-05,LPG,TOTEXPSB,KTONS,-,3
ZA,2025-05,LPG,TOTIMPSB,CONVBBL,11637.0000,3
ZA,2025-05,LPG,TOTIMPSB,KBBL,-,3
ZA,2025-05,LPG,TOTIMPSB,KBD,-,3
ZA,2025-05,LPG,TOTIMPSB,KL,-,3
ZA,2025-05,LPG,TOTIMPSB,KTONS,-,3
ZA,2025-06,LPG,CLOSTLV,CONVBBL,11637.0000,3
ZA,2025-06,LPG,CLOSTLV,KBBL,-,3
ZA,2025-06,LPG,CLOSTLV,KBD,x,3
ZA,2025-06,LPG,CLOSTLV,KL,-,3
ZA,2025-06,LPG,CLOSTLV,KTONS,-,3
ZA,2025-06,LPG,IPTRANSF,CONVBBL,11637.0000,3
ZA,2025-06,LPG,IPTRANSF,KBBL,-,3
ZA,2025-06,LPG,IPTRANSF,KBD,-,3
ZA,2025-06,LPG,IPTRANSF,KL,-,3
ZA,2025-06,LPG,IPTRANSF,KTONS,-,3
ZA,2025-06,LPG,PTRANSF,CONVBBL,11637.0000,3
ZA,2025-06,LPG,PTRANSF,KBBL,-,3
ZA,2025-06,LPG,PTRANSF,KBD,-,3
ZA,2025-06,LPG,PTRANSF,KL,-,3
ZA,2025-06,LPG,PTRANSF,KTONS,-,3
ZA,2025-06,LPG,RECEIPTS,CONVBBL,11637.0000,3
ZA,2025-06,LPG,RECEIPTS,KBBL,-,3
ZA,2025-06,LPG,RECEIPTS,KBD,-,3
ZA,2025-06,LPG,RECEIPTS,KL,-,3
ZA,2025-06,LPG,RECEIPTS,KTONS,-,3
ZA,2025-06,LPG,REFGROUT,CONVBBL,11637.0000,3
ZA,2025-06,LPG,REFGROUT,KBBL,-,3
ZA,2025-06,LPG,REFGROUT,KBD,-,3
ZA,2025-06,LPG,REFGROUT,KL,-,3
ZA,2025-06,LPG,REFGROUT,KTONS,-,3
ZA,2025-06,LPG,STATDIFF,CONVBBL,11637.0000,3
ZA,2025-06,LPG,STATDIFF,KBBL,-,3
ZA,2025-06,LPG,STATDIFF,KBD,-,3
ZA,2025-06,LPG,STATDIFF,KL,-,3
ZA,2025-06,LPG,STATDIFF,KTONS,-,3
ZA,2025-06,LPG,STOCKCH,CONVBBL,11637.0000,3
ZA,2025-06,LPG,STOCKCH,KBBL,-,3
ZA,2025-06,LPG,STOCKCH,KBD,x,3
ZA,2025-06,LPG,STOCKCH,KL,-,3
ZA,2025-06,LPG,STOCKCH,KTONS,-,3
ZA,2025-06,LPG,TOTDEMO,CONVBBL,11637.0000,3
ZA,2025-06,LPG,TOTDEMO,KBBL,-,3
ZA,2025-06,LPG,TOTDEMO,KBD,-,3
ZA,2025-06,LPG,TOTDEMO,KL,-,3
ZA,2025-06,LPG,TOTDEMO,KTONS,-,3
ZA,2025-06,LPG,TOTEXPSB,CONVBBL,11637.0000,3
ZA,2025-06,LPG,TOTEXPSB,KBBL,-,3
ZA,2025-06,LPG,TOTEXPSB,KBD,-,3
ZA,2025-06,LPG,TOTEXPSB,KL,-,3
ZA,2025-06,LPG,TOTEXPSB,KTONS,-,3
ZA,2025-06,LPG,TOTIMPSB,CONVBBL,11637.0000,3
ZA,2025-06,LPG,TOTIMPSB,KBBL,-,3
ZA,2025-06,LPG,TOTIMPSB,KBD,-,3
ZA,2025-06,LPG,TOTIMPSB,KL,-,3
ZA,2025-06,LPG,TOTIMPSB,KTONS,-,3
ZA,2025-07,LPG,CLOSTLV,CONVBBL,11637.0000,3
ZA,2025-07,LPG,CLOSTLV,KBBL,-,3
ZA,2025-07,LPG,CLOSTLV,KBD,x,3
ZA,2025-07,LPG,CLOSTLV,KL,-,3
ZA,2025-07,LPG,CLOSTLV,KTONS,-,3
ZA,2025-07,LPG,IPTRANSF,CONVBBL,11637.0000,3
ZA,2025-07,LPG,IPTRANSF,KBBL,-,3
ZA,2025-07,LPG,IPTRANSF,KBD,-,3
ZA,2025-07,LPG,IPTRANSF,KL,-,3
ZA,2025-07,LPG,IPTRANSF,KTONS,-,3
ZA,2025-07,LPG,PTRANSF,CONVBBL,11637.0000,3
ZA,2025-07,LPG,PTRANSF,KBBL,-,3
ZA,2025-07,LPG,PTRANSF,KBD,-,3
ZA,2025-07,LPG,PTRANSF,KL,-,3
ZA,2025-07,LPG,PTRANSF,KTONS,-,3
ZA,2025-07,LPG,RECEIPTS,CONVBBL,11637.0000,3
ZA,2025-07,LPG,RECEIPTS,KBBL,-,3
ZA,2025-07,LPG,RECEIPTS,KBD,-,3
ZA,2025-07,LPG,RECEIPTS,KL,-,3
ZA,2025-07,LPG,RECEIPTS,KTONS,-,3
ZA,2025-07,LPG,REFGROUT,CONVBBL,11637.0000,3
ZA,2025-07,LPG,REFGROUT,KBBL,-,3
ZA,2025-07,LPG,REFGROUT,KBD,-,3
ZA,2025-07,LPG,REFGROUT,KL,-,3
ZA,2025-07,LPG,REFGROUT,KTONS,-,3
ZA,2025-07,LPG,STATDIFF,CONVBBL,11637.0000,3
ZA,2025-07,LPG,STATDIFF,KBBL,-,3
ZA,2025-07,LPG,STATDIFF,KBD,-,3
ZA,2025-07,LPG,STATDIFF,KL,-,3
ZA,2025-07,LPG,STATDIFF,KTONS,-,3
ZA,2025-07,LPG,STOCKCH,CONVBBL,11637.0000,3
ZA,2025-07,LPG,STOCKCH,KBBL,-,3
ZA,2025-07,LPG,STOCKCH,KBD,x,3
ZA,2025-07,LPG,STOCKCH,KL,-,3
ZA,2025-07,LPG,STOCKCH,KTONS,-,3
ZA,2025-07,LPG,TOTDEMO,CONVBBL,11637.0000,3
ZA,2025-07,LPG,TOTDEMO,KBBL,-,3
ZA,2025-07,LPG,TOTDEMO,KBD,-,3
ZA,2025-07,LPG,TOTDEMO,KL,-,3
ZA,2025-07,LPG,TOTDEMO,KTONS,-,3
ZA,2025-07,LPG,TOTEXPSB,CONVBBL,11637.0000,3
ZA,2025-07,LPG,TOTEXPSB,KBBL,-,3
ZA,2025-07,LPG,TOTEXPSB,KBD,-,3
ZA,2025-07,LPG,TOTEXPSB,KL,-,3
ZA,2025-07,LPG,TOTEXPSB,KTONS,-,3
ZA,2025-07,LPG,TOTIMPSB,CONVBBL,11637.0000,3
ZA,2025-07,LPG,TOTIMPSB,KBBL,-,3
ZA,2025-07,LPG,TOTIMPSB,KBD,-,3
ZA,2025-07,LPG,TOTIMPSB,KL,-,3
ZA,2025-07,LPG,TOTIMPSB,KTONS,-,3
ZA,2025-08,LPG,CLOSTLV,CONVBBL,11637.0000,3
ZA,2025-08,LPG,CLOSTLV,KBBL,-,3
ZA,2025-08,LPG,CLOSTLV,KBD,x,3
ZA,2025-08,LPG,CLOSTLV,KL,-,3
ZA,2025-08,LPG,CLOSTLV,KTONS,-,3
ZA,2025-08,LPG,IPTRANSF,CONVBBL,11637.0000,3
ZA,2025-08,LPG,IPTRANSF,KBBL,-,3
ZA,2025-08,LPG,IPTRANSF,KBD,-,3
ZA,2025-08,LPG,IPTRANSF,KL,-,3
ZA,2025-08,LPG,IPTRANSF,KTONS,-,3
ZA,2025-08,LPG,PTRANSF,CONVBBL,11637.0000,3
ZA,2025-08,LPG,PTRANSF,KBBL,-,3
ZA,2025-08,LPG,PTRANSF,KBD,-,3
ZA,2025-08,LPG,PTRANSF,KL,-,3
ZA,2025-08,LPG,PTRANSF,KTONS,-,3
ZA,2025-08,LPG,RECEIPTS,CONVBBL,11637.0000,3
ZA,2025-08,LPG,RECEIPTS,KBBL,-,3
ZA,2025-08,LPG,RECEIPTS,KBD,-,3
ZA,2025-08,LPG,RECEIPTS,KL,-,3
ZA,2025-08,LPG,RECEIPTS,KTONS,-,3
ZA,2025-08,LPG,REFGROUT,CONVBBL,11637.0000,3
ZA,2025-08,LPG,REFGROUT,KBBL,-,3
ZA,2025-08,LPG,REFGROUT,KBD,-,3
ZA,2025-08,LPG,REFGROUT,KL,-,3
ZA,2025-08,LPG,REFGROUT,KTONS,-,3
ZA,2025-08,LPG,STATDIFF,CONVBBL,11637.0000,3
ZA,2025-08,LPG,STATDIFF,KBBL,-,3
ZA,2025-08,LPG,STATDIFF,KBD,-,3
ZA,2025-08,LPG,STATDIFF,KL,-,3
ZA,2025-08,LPG,STATDIFF,KTONS,-,3
ZA,2025-08,LPG,STOCKCH,CONVBBL,11637.0000,3
ZA,2025-08,LPG,STOCKCH,KBBL,-,3
ZA,2025-08,LPG,STOCKCH,KBD,x,3
ZA,2025-08,LPG,STOCKCH,KL,-,3
ZA,2025-08,LPG,STOCKCH,KTONS,-,3
ZA,2025-08,LPG,TOTDEMO,CONVBBL,11637.0000,3
ZA,2025-08,LPG,TOTDEMO,KBBL,-,3
ZA,2025-08,LPG,TOTDEMO,KBD,-,3
ZA,2025-08,LPG,TOTDEMO,KL,-,3
ZA,2025-08,LPG,TOTDEMO,KTONS,-,3
ZA,2025-08,LPG,TOTEXPSB,CONVBBL,11637.0000,3
ZA,2025-08,LPG,TOTEXPSB,KBBL,-,3
ZA,2025-08,LPG,TOTEXPSB,KBD,-,3
ZA,2025-08,LPG,TOTEXPSB,KL,-,3
ZA,2025-08,LPG,TOTEXPSB,KTONS,-,3
ZA,2025-08,LPG,TOTIMPSB,CONVBBL,11637.0000,3
ZA,2025-08,LPG,TOTIMPSB,KBBL,-,3
ZA,2025-08,LPG,TOTIMPSB,KBD,-,3
ZA,2025-08,LPG,TOTIMPSB,KL,-,3
ZA,2025-08,LPG,TOTIMPSB,KTONS,-,3
ZA,2025-09,LPG,CLOSTLV,CONVBBL,11637.0000,3
ZA,2025-09,LPG,CLOSTLV,KBBL,-,3
ZA,2025-09,LPG,CLOSTLV,KBD,x,3
ZA,2025-09,LPG,CLOSTLV,KL,-,3
ZA,2025-09,LPG,CLOSTLV,KTONS,-,3
ZA,2025-09,LPG,IPTRANSF,CONVBBL,11637.0000,3
ZA,2025-09,LPG,IPTRANSF,KBBL,-,3
ZA,2025-09,LPG,IPTRANSF,KBD,-,3
ZA,2025-09,LPG,IPTRANSF,KL,-,3
ZA,2025-09,LPG,IPTRANSF,KTONS,-,3
ZA,2025-09,LPG,PTRANSF,CONVBBL,11637.0000,3
ZA,2025-09,LPG,PTRANSF,KBBL,-,3
ZA,2025-09,LPG,PTRANSF,KBD,-,3
ZA,2025-09,LPG,PTRANSF,KL,-,3
ZA,2025-09,LPG,PTRANSF,KTONS,-,3
ZA,2025-09,LPG,RECEIPTS,CONVBBL,11637.0000,3
ZA,2025-09,LPG,RECEIPTS,KBBL,-,3
ZA,2025-09,LPG,RECEIPTS,KBD,-,3
ZA,2025-09,LPG,RECEIPTS,KL,-,3
ZA,2025-09,LPG,RECEIPTS,KTONS,-,3
ZA,2025-09,LPG,REFGROUT,CONVBBL,11637.0000,3
ZA,2025-09,LPG,REFGROUT,KBBL,-,3
ZA,2025-09,LPG,REFGROUT,KBD,-,3
ZA,2025-09,LPG,REFGROUT,KL,-,3
ZA,2025-09,LPG,REFGROUT,KTONS,-,3
ZA,2025-09,LPG,STATDIFF,CONVBBL,11637.0000,3
ZA,2025-09,LPG,STATDIFF,KBBL,-,3
ZA,2025-09,LPG,STATDIFF,KBD,-,3
ZA,2025-09,LPG,STATDIFF,KL,-,3
ZA,2025-09,LPG,STATDIFF,KTONS,-,3
ZA,2025-09,LPG,STOCKCH,CONVBBL,11637.0000,3
ZA,2025-09,LPG,STOCKCH,KBBL,-,3
ZA,2025-09,LPG,STOCKCH,KBD,x,3
ZA,2025-09,LPG,STOCKCH,KL,-,3
ZA,2025-09,LPG,STOCKCH,KTONS,-,3
ZA,2025-09,LPG,TOTDEMO,CONVBBL,11637.0000,3
ZA,2025-09,LPG,TOTDEMO,KBBL,-,3
ZA,2025-09,LPG,TOTDEMO,KBD,-,3
ZA,2025-09,LPG,TOTDEMO,KL,-,3
ZA,2025-09,LPG,TOTDEMO,KTONS,-,3
ZA,2025-09,LPG,TOTEXPSB,CONVBBL,11637.0000,3
ZA,2025-09,LPG,TOTEXPSB,KBBL,-,3
ZA,2025-09,LPG,TOTEXPSB,KBD,-,3
ZA,2025-09,LPG,TOTEXPSB,KL,-,3
ZA,2025-09,LPG,TOTEXPSB,KTONS,-,3
ZA,2025-09,LPG,TOTIMPSB,CONVBBL,11637.0000,3
ZA,2025-09,LPG,TOTIMPSB,KBBL,-,3
ZA,2025-09,LPG,TOTIMPSB,KBD,-,3
ZA,2025-09,LPG,TOTIMPSB,KL,-,3
ZA,2025-09,LPG,TOTIMPSB,KTONS,-,3
ZA,2025-10,LPG,CLOSTLV,CONVBBL,11637.0000,3
ZA,2025-10,LPG,CLOSTLV,KBBL,-,3
ZA,2025-10,LPG,CLOSTLV,KBD,x,3
ZA,2025-10,LPG,CLOSTLV,KL,-,3
ZA,2025-10,LPG,CLOSTLV,KTONS,-,3
ZA,2025-10,LPG,IPTRANSF,CONVBBL,11637.0000,3
ZA,2025-10,LPG,IPTRANSF,KBBL,-,3
ZA,2025-10,LPG,IPTRANSF,KBD,-,3
ZA,2025-10,LPG,IPTRANSF,KL,-,3
ZA,2025-10,LPG,IPTRANSF,KTONS,-,3
ZA,2025-10,LPG,PTRANSF,CONVBBL,11637.0000,3
ZA,2025-10,LPG,PTRANSF,KBBL,-,3
ZA,2025-10,LPG,PTRANSF,KBD,-,3
ZA,2025-10,LPG,PTRANSF,KL,-,3
ZA,2025-10,LPG,PTRANSF,KTONS,-,3
ZA,2025-10,LPG,RECEIPTS,CONVBBL,11637.0000,3
ZA,2025-10,LPG,RECEIPTS,KBBL,-,3
ZA,2025-10,LPG,RECEIPTS,KBD,-,3
ZA,2025-10,LPG,RECEIPTS,KL,-,3
ZA,2025-10,LPG,RECEIPTS,KTONS,-,3
ZA,2025-10,LPG,REFGROUT,CONVBBL,11637.0000,3
ZA,2025-10,LPG,REFGROUT,KBBL,-,3
ZA,2025-10,LPG,REFGROUT,KBD,-,3
ZA,2025-10,LPG,REFGROUT,KL,-,3
ZA,2025-10,LPG,REFGROUT,KTONS,-,3
ZA,2025-10,LPG,STATDIFF,CONVBBL,11637.0000,3
ZA,2025-10,LPG,STATDIFF,KBBL,-,3
ZA,2025-10,LPG,STATDIFF,KBD,-,3
ZA,2025-10,LPG,STATDIFF,KL,-,3
ZA,2025-10,LPG,STATDIFF,KTONS,-,3
ZA,2025-10,LPG,STOCKCH,CONVBBL,11637.0000,3
ZA,2025-10,LPG,STOCKCH,KBBL,-,3
ZA,2025-10,LPG,STOCKCH,KBD,x,3
ZA,2025-10,LPG,STOCKCH,KL,-,3
ZA,2025-10,LPG,STOCKCH,KTONS,-,3
ZA,2025-10,LPG,TOTDEMO,CONVBBL,11637.0000,3
ZA,2025-10,LPG,TOTDEMO,KBBL,-,3
ZA,2025-10,LPG,TOTDEMO,KBD,-,3
ZA,2025-10,LPG,TOTDEMO,KL,-,3
ZA,2025-10,LPG,TOTDEMO,KTONS,-,3
ZA,2025-10,LPG,TOTEXPSB,CONVBBL,11637.0000,3
ZA,2025-10,LPG,TOTEXPSB,KBBL,-,3
ZA,2025-10,LPG,TOTEXPSB,KBD,-,3
ZA,2025-10,LPG,TOTEXPSB,KL,-,3
ZA,2025-10,LPG,TOTEXPSB,KTONS,-,3
ZA,2025-10,LPG,TOTIMPSB,CONVBBL,11637.0000,3
ZA,2025-10,LPG,TOTIMPSB,KBBL,-,3
ZA,2025-10,LPG,TOTIMPSB,KBD,-,3
ZA,2025-10,LPG,TOTIMPSB,KL,-,3
ZA,2025-10,LPG,TOTIMPSB,KTONS,-,3
ZA,2025-11,LPG,CLOSTLV,CONVBBL,11637.0000,3
ZA,2025-11,LPG,CLOSTLV,KBBL,-,3
ZA,2025-11,LPG,CLOSTLV,KBD,x,3
ZA,2025-11,LPG,CLOSTLV,KL,-,3
ZA,2025-11,LPG,CLOSTLV,KTONS,-,3
ZA,2025-11,LPG,IPTRANSF,CONVBBL,11637.0000,3
ZA,2025-11,LPG,IPTRANSF,KBBL,-,3
ZA,2025-11,LPG,IPTRANSF,KBD,-,3
ZA,2025-11,LPG,IPTRANSF,KL,-,3
ZA,2025-11,LPG,IPTRANSF,KTONS,-,3
ZA,2025-11,LPG,PTRANSF,CONVBBL,11637.0000,3
ZA,2025-11,LPG,PTRANSF,KBBL,-,3
ZA,2025-11,LPG,PTRANSF,KBD,-,3
ZA,2025-11,LPG,PTRANSF,KL,-,3
ZA,2025-11,LPG,PTRANSF,KTONS,-,3
ZA,2025-11,LPG,RECEIPTS,CONVBBL,11637.0000,3
ZA,2025-11,LPG,RECEIPTS,KBBL,-,3
ZA,2025-11,LPG,RECEIPTS,KBD,-,3
ZA,2025-11,LPG,RECEIPTS,KL,-,3
ZA,2025-11,LPG,RECEIPTS,KTONS,-,3
ZA,2025-11,LPG,REFGROUT,CONVBBL,11637.0000,3
ZA,2025-11,LPG,REFGROUT,KBBL,-,3
ZA,2025-11,LPG,REFGROUT,KBD,-,3
ZA,2025-11,LPG,REFGROUT,KL,-,3
ZA,2025-11,LPG,REFGROUT,KTONS,-,3
ZA,2025-11,LPG,STATDIFF,CONVBBL,11637.0000,3
ZA,2025-11,LPG,STATDIFF,KBBL,-,3
ZA,2025-11,LPG,STATDIFF,KBD,-,3
ZA,2025-11,LPG,STATDIFF,KL,-,3
ZA,2025-11,LPG,STATDIFF,KTONS,-,3
ZA,2025-11,LPG,STOCKCH,CONVBBL,11637.0000,3
ZA,2025-11,LPG,STOCKCH,KBBL,-,3
ZA,2025-11,LPG,STOCKCH,KBD,x,3
ZA,2025-11,LPG,STOCKCH,KL,-,3
ZA,2025-11,LPG,STOCKCH,KTONS,-,3
ZA,2025-11,LPG,TOTDEMO,CONVBBL,11637.0000,3
ZA,2025-11,LPG,TOTDEMO,KBBL,-,3
ZA,2025-11,LPG,TOTDEMO,KBD,-,3
ZA,2025-11,LPG,TOTDEMO,KL,-,3
ZA,2025-11,LPG,TOTDEMO,KTONS,-,3
ZA,2025-11,LPG,TOTEXPSB,CONVBBL,11637.0000,3
ZA,2025-11,LPG,TOTEXPSB,KBBL,-,3
ZA,2025-11,LPG,TOTEXPSB,KBD,-,3
ZA,2025-11,LPG,TOTEXPSB,KL,-,3
ZA,2025-11,LPG,TOTEXPSB,KTONS,-,3
ZA,2025-11,LPG,TOTIMPSB,CONVBBL,11637.0000,3
ZA,2025-11,LPG,TOTIMPSB,KBBL,-,3
ZA,2025-11,LPG,TOTIMPSB,KBD,-,3
ZA,2025-11,LPG,TOTIMPSB,KL,-,3
ZA,2025-11,LPG,TOTIMPSB,KTONS,-,3
ZA,2025-12,LPG,CLOSTLV,CONVBBL,11637.0000,3
ZA,2025-12,LPG,CLOSTLV,KBBL,-,3
ZA,2025-12,LPG,CLOSTLV,KBD,x,3
ZA,2025-12,LPG,CLOSTLV,KL,-,3
ZA,2025-12,LPG,CLOSTLV,KTONS,-,3
ZA,2025-12,LPG,IPTRANSF,CONVBBL,11637.0000,3
ZA,2025-12,LPG,IPTRANSF,KBBL,-,3
ZA,2025-12,LPG,IPTRANSF,KBD,-,3
ZA,2025-12,LPG,IPTRANSF,KL,-,3
ZA,2025-12,LPG,IPTRANSF,KTONS,-,3
ZA,2025-12,LPG,PTRANSF,CONVBBL,11637.0000,3
ZA,2025-12,LPG,PTRANSF,KBBL,-,3
ZA,2025-12,LPG,PTRANSF,KBD,-,3
ZA,2025-12,LPG,PTRANSF,KL,-,3
ZA,2025-12,LPG,PTRANSF,KTONS,-,3
ZA,2025-12,LPG,RECEIPTS,CONVBBL,11637.0000,3
ZA,2025-12,LPG,RECEIPTS,KBBL,-,3
ZA,2025-12,LPG,RECEIPTS,KBD,-,3
ZA,2025-12,LPG,RECEIPTS,KL,-,3
ZA,2025-12,LPG,RECEIPTS,KTONS,-,3
ZA,2025-12,LPG,REFGROUT,CONVBBL,11637.0000,3
ZA,2025-12,LPG,REFGROUT,KBBL,-,3
ZA,2025-12,LPG,REFGROUT,KBD,-,3
ZA,2025-12,LPG,REFGROUT,KL,-,3
ZA,2025-12,LPG,REFGROUT,KTONS,-,3
ZA,2025-12,LPG,STATDIFF,CONVBBL,11637.0000,3
ZA,2025-12,LPG,STATDIFF,KBBL,-,3
ZA,2025-12,LPG,STATDIFF,KBD,-,3
ZA,2025-12,LPG,STATDIFF,KL,-,3
ZA,2025-12,LPG,STATDIFF,KTONS,-,3
ZA,2025-12,LPG,STOCKCH,CONVBBL,11637.0000,3
ZA,2025-12,LPG,STOCKCH,KBBL,-,3
ZA,2025-12,LPG,STOCKCH,KBD,x,3
ZA,2025-12,LPG,STOCKCH,KL,-,3
ZA,2025-12,LPG,STOCKCH,KTONS,-,3
ZA,2025-12,LPG,TOTDEMO,CONVBBL,11637.0000,3
ZA,2025-12,LPG,TOTDEMO,KBBL,-,3
ZA,2025-12,LPG,TOTDEMO,KBD,-,3
ZA,2025-12,LPG,TOTDEMO,KL,-,3
ZA,2025-12,LPG,TOTDEMO,KTONS,-,3
ZA,2025-12,LPG,TOTEXPSB,CONVBBL,11637.0000,3
ZA,2025-12,LPG,TOTEXPSB,KBBL,-,3
ZA,2025-12,LPG,TOTEXPSB,KBD,-,3
ZA,2025-12,LPG,TOTEXPSB,KL,-,3
ZA,2025-12,LPG,TOTEXPSB,KTONS,-,3
ZA,2025-12,LPG,TOTIMPSB,CONVBBL,11637.0000,3
ZA,2025-12,LPG,TOTIMPSB,KBBL,-,3
ZA,2025-12,LPG,TOTIMPSB,KBD,-,3
ZA,2025-12,LPG,TOTIMPSB,KL,-,3
ZA,2025-12,LPG,TOTIMPSB,KTONS,-,3
ZA,2025-01,NAPHTHA,CLOSTLV,CONVBBL,8910.0000,3
ZA,2025-01,NAPHTHA,CLOSTLV,KBBL,-,3
ZA,2025-01,NAPHTHA,CLOSTLV,KBD,x,3
ZA,2025-01,NAPHTHA,CLOSTLV,KL,-,3
ZA,2025-01,NAPHTHA,CLOSTLV,KTONS,-,3
ZA,2025-01,NAPHTHA,IPTRANSF,CONVBBL,8910.0000,3
ZA,2025-01,NAPHTHA,IPTRANSF,KBBL,-,3
ZA,2025-01,NAPHTHA,IPTRANSF,KBD,-,3
ZA,2025-01,NAPHTHA,IPTRANSF,KL,-,3
ZA,2025-01,NAPHTHA,IPTRANSF,KTONS,-,3
ZA,2025-01,NAPHTHA,PTRANSF,CONVBBL,8910.0000,3
ZA,2025-01,NAPHTHA,PTRANSF,KBBL,-,3
ZA,2025-01,NAPHTHA,PTRANSF,KBD,-,3
ZA,2025-01,NAPHTHA,PTRANSF,KL,-,3
ZA,2025-01,NAPHTHA,PTRANSF,KTONS,-,3
ZA,2025-01,NAPHTHA,RECEIPTS,CONVBBL,8910.0000,3
ZA,2025-01,NAPHTHA,RECEIPTS,KBBL,-,3
ZA,2025-01,NAPHTHA,RECEIPTS,KBD,-,3
ZA,2025-01,NAPHTHA,RECEIPTS,KL,-,3
ZA,2025-01,NAPHTHA,RECEIPTS,KTONS,-,3
ZA,2025-01,NAPHTHA,REFGROUT,CONVBBL,8910.0000,3
ZA,2025-01,NAPHTHA,REFGROUT,KBBL,-,3
ZA,2025-01,NAPHTHA,REFGROUT,KBD,-,3
ZA,2025-01,NAPHTHA,REFGROUT,KL,-,3
ZA,2025-01,NAPHTHA,REFGROUT,KTONS,-,3
ZA,2025-01,NAPHTHA,STATDIFF,CONVBBL,8910.0000,3
ZA,2025-01,NAPHTHA,STATDIFF,KBBL,-,3
ZA,2025-01,NAPHTHA,STATDIFF,KBD,-,3
ZA,2025-01,NAPHTHA,STATDIFF,KL,-,3
ZA,2025-01,NAPHTHA,STATDIFF,KTONS,-,3
ZA,2025-01,NAPHTHA,STOCKCH,CONVBBL,8910.0000,3
ZA,2025-01,NAPHTHA,STOCKCH,KBBL,-,3
ZA,2025-01,NAPHTHA,STOCKCH,KBD,x,3
ZA,2025-01,NAPHTHA,STOCKCH,KL,-,3
ZA,2025-01,NAPHTHA,STOCKCH,KTONS,-,3
ZA,2025-01,NAPHTHA,TOTDEMO,CONVBBL,8910.0000,3
ZA,2025-01,NAPHTHA,TOTDEMO,KBBL,-,3
ZA,2025-01,NAPHTHA,TOTDEMO,KBD,-,3
ZA,2025-01,NAPHTHA,TOTDEMO,KL,-,3
ZA,2025-01,NAPHTHA,TOTDEMO,KTONS,-,3
ZA,2025-01,NAPHTHA,TOTEXPSB,CONVBBL,8910.0000,3
ZA,2025-01,NAPHTHA,TOTEXPSB,KBBL,-,3
ZA,2025-01,NAPHTHA,TOTEXPSB,KBD,-,3
ZA,2025-01,NAPHTHA,TOTEXPSB,KL,-,3
ZA,2025-01,NAPHTHA,TOTEXPSB,KTONS,-,3
ZA,2025-01,NAPHTHA,TOTIMPSB,CONVBBL,8910.0000,3
ZA,2025-01,NAPHTHA,TOTIMPSB,KBBL,-,3
ZA,2025-01,NAPHTHA,TOTIMPSB,KBD,-,3
ZA,2025-01,NAPHTHA,TOTIMPSB,KL,-,3
ZA,2025-01,NAPHTHA,TOTIMPSB,KTONS,-,3
ZA,2025-02,NAPHTHA,CLOSTLV,CONVBBL,8910.0000,3
ZA,2025-02,NAPHTHA,CLOSTLV,KBBL,-,3
ZA,2025-02,NAPHTHA,CLOSTLV,KBD,x,3
ZA,2025-02,NAPHTHA,CLOSTLV,KL,-,3
ZA,2025-02,NAPHTHA,CLOSTLV,KTONS,-,3
ZA,2025-02,NAPHTHA,IPTRANSF,CONVBBL,8910.0000,3
ZA,2025-02,NAPHTHA,IPTRANSF,KBBL,-,3
ZA,2025-02,NAPHTHA,IPTRANSF,KBD,-,3
ZA,2025-02,NAPHTHA,IPTRANSF,KL,-,3
ZA,2025-02,NAPHTHA,IPTRANSF,KTONS,-,3
ZA,2025-02,NAPHTHA,PTRANSF,CONVBBL,8910.0000,3
ZA,2025-02,NAPHTHA,PTRANSF,KBBL,-,3
ZA,2025-02,NAPHTHA,PTRANSF,KBD,-,3
ZA,2025-02,NAPHTHA,PTRANSF,KL,-,3
ZA,2025-02,NAPHTHA,PTRANSF,KTONS,-,3
ZA,2025-02,NAPHTHA,RECEIPTS,CONVBBL,8910.0000,3
ZA,2025-02,NAPHTHA,RECEIPTS,KBBL,-,3
ZA,2025-02,NAPHTHA,RECEIPTS,KBD,-,3
ZA,2025-02,NAPHTHA,RECEIPTS,KL,-,3
ZA,2025-02,NAPHTHA,RECEIPTS,KTONS,-,3
ZA,2025-02,NAPHTHA,REFGROUT,CONVBBL,8910.0000,3
ZA,2025-02,NAPHTHA,REFGROUT,KBBL,-,3
ZA,2025-02,NAPHTHA,REFGROUT,KBD,-,3
ZA,2025-02,NAPHTHA,REFGROUT,KL,-,3
ZA,2025-02,NAPHTHA,REFGROUT,KTONS,-,3
ZA,2025-02,NAPHTHA,STATDIFF,CONVBBL,8910.0000,3
ZA,2025-02,NAPHTHA,STATDIFF,KBBL,-,3
ZA,2025-02,NAPHTHA,STATDIFF,KBD,-,3
ZA,2025-02,NAPHTHA,STATDIFF,KL,-,3
ZA,2025-02,NAPHTHA,STATDIFF,KTONS,-,3
ZA,2025-02,NAPHTHA,STOCKCH,CONVBBL,8910.0000,3
ZA,2025-02,NAPHTHA,STOCKCH,KBBL,-,3
ZA,2025-02,NAPHTHA,STOCKCH,KBD,x,3
ZA,2025-02,NAPHTHA,STOCKCH,KL,-,3
ZA,2025-02,NAPHTHA,STOCKCH,KTONS,-,3
ZA,2025-02,NAPHTHA,TOTDEMO,CONVBBL,8910.0000,3
ZA,2025-02,NAPHTHA,TOTDEMO,KBBL,-,3
ZA,2025-02,NAPHTHA,TOTDEMO,KBD,-,3
ZA,2025-02,NAPHTHA,TOTDEMO,KL,-,3
ZA,2025-02,NAPHTHA,TOTDEMO,KTONS,-,3
ZA,2025-02,NAPHTHA,TOTEXPSB,CONVBBL,8910.0000,3
ZA,2025-02,NAPHTHA,TOTEXPSB,KBBL,-,3
ZA,2025-02,NAPHTHA,TOTEXPSB,KBD,-,3
ZA,2025-02,NAPHTHA,TOTEXPSB,KL,-,3
ZA,2025-02,NAPHTHA,TOTEXPSB,KTONS,-,3
ZA,2025-02,NAPHTHA,TOTIMPSB,CONVBBL,8910.0000,3
ZA,2025-02,NAPHTHA,TOTIMPSB,KBBL,-,3
ZA,2025-02,NAPHTHA,TOTIMPSB,KBD,-,3
ZA,2025-02,NAPHTHA,TOTIMPSB,KL,-,3
ZA,2025-02,NAPHTHA,TOTIMPSB,KTONS,-,3
ZA,2025-03,NAPHTHA,CLOSTLV,CONVBBL,8910.0000,3
ZA,2025-03,NAPHTHA,CLOSTLV,KBBL,-,3
ZA,2025-03,NAPHTHA,CLOSTLV,KBD,x,3
ZA,2025-03,NAPHTHA,CLOSTLV,KL,-,3
ZA,2025-03,NAPHTHA,CLOSTLV,KTONS,-,3
ZA,2025-03,NAPHTHA,IPTRANSF,CONVBBL,8910.0000,3
ZA,2025-03,NAPHTHA,IPTRANSF,KBBL,-,3
ZA,2025-03,NAPHTHA,IPTRANSF,KBD,-,3
ZA,2025-03,NAPHTHA,IPTRANSF,KL,-,3
ZA,2025-03,NAPHTHA,IPTRANSF,KTONS,-,3
ZA,2025-03,NAPHTHA,PTRANSF,CONVBBL,8910.0000,3
ZA,2025-03,NAPHTHA,PTRANSF,KBBL,-,3
ZA,2025-03,NAPHTHA,PTRANSF,KBD,-,3
ZA,2025-03,NAPHTHA,PTRANSF,KL,-,3
ZA,2025-03,NAPHTHA,PTRANSF,KTONS,-,3
ZA,2025-03,NAPHTHA,RECEIPTS,CONVBBL,8910.0000,3
ZA,2025-03,NAPHTHA,RECEIPTS,KBBL,-,3
ZA,2025-03,NAPHTHA,RECEIPTS,KBD,-,3
ZA,2025-03,NAPHTHA,RECEIPTS,KL,-,3
ZA,2025-03,NAPHTHA,RECEIPTS,KTONS,-,3
ZA,2025-03,NAPHTHA,REFGROUT,CONVBBL,8910.0000,3
ZA,2025-03,NAPHTHA,REFGROUT,KBBL,-,3
ZA,2025-03,NAPHTHA,REFGROUT,KBD,-,3
ZA,2025-03,NAPHTHA,REFGROUT,KL,-,3
ZA,2025-03,NAPHTHA,REFGROUT,KTONS,-,3
ZA,2025-03,NAPHTHA,STATDIFF,CONVBBL,8910.0000,3
ZA,2025-03,NAPHTHA,STATDIFF,KBBL,-,3
ZA,2025-03,NAPHTHA,STATDIFF,KBD,-,3
ZA,2025-03,NAPHTHA,STATDIFF,KL,-,3
ZA,2025-03,NAPHTHA,STATDIFF,KTONS,-,3
ZA,2025-03,NAPHTHA,STOCKCH,CONVBBL,8910.0000,3
ZA,2025-03,NAPHTHA,STOCKCH,KBBL,-,3
ZA,2025-03,NAPHTHA,STOCKCH,KBD,x,3
ZA,2025-03,NAPHTHA,STOCKCH,KL,-,3
ZA,2025-03,NAPHTHA,STOCKCH,KTONS,-,3
ZA,2025-03,NAPHTHA,TOTDEMO,CONVBBL,8910.0000,3
ZA,2025-03,NAPHTHA,TOTDEMO,KBBL,-,3
ZA,2025-03,NAPHTHA,TOTDEMO,KBD,-,3
ZA,2025-03,NAPHTHA,TOTDEMO,KL,-,3
ZA,2025-03,NAPHTHA,TOTDEMO,KTONS,-,3
ZA,2025-03,NAPHTHA,TOTEXPSB,CONVBBL,8910.0000,3
ZA,2025-03,NAPHTHA,TOTEXPSB,KBBL,-,3
ZA,2025-03,NAPHTHA,TOTEXPSB,KBD,-,3
ZA,2025-03,NAPHTHA,TOTEXPSB,KL,-,3
ZA,2025-03,NAPHTHA,TOTEXPSB,KTONS,-,3
ZA,2025-03,NAPHTHA,TOTIMPSB,CONVBBL,8910.0000,3
ZA,2025-03,NAPHTHA,TOTIMPSB,KBBL,-,3
ZA,2025-03,NAPHTHA,TOTIMPSB,KBD,-,3
ZA,2025-03,NAPHTHA,TOTIMPSB,KL,-,3
ZA,2025-03,NAPHTHA,TOTIMPSB,KTONS,-,3
ZA,2025-04,NAPHTHA,CLOSTLV,CONVBBL,8910.0000,3
ZA,2025-04,NAPHTHA,CLOSTLV,KBBL,-,3
ZA,2025-04,NAPHTHA,CLOSTLV,KBD,x,3
ZA,2025-04,NAPHTHA,CLOSTLV,KL,-,3
ZA,2025-04,NAPHTHA,CLOSTLV,KTONS,-,3
ZA,2025-04,NAPHTHA,IPTRANSF,CONVBBL,8910.0000,3
ZA,2025-04,NAPHTHA,IPTRANSF,KBBL,-,3
ZA,2025-04,NAPHTHA,IPTRANSF,KBD,-,3
ZA,2025-04,NAPHTHA,IPTRANSF,KL,-,3
ZA,2025-04,NAPHTHA,IPTRANSF,KTONS,-,3
ZA,2025-04,NAPHTHA,PTRANSF,CONVBBL,8910.0000,3
ZA,2025-04,NAPHTHA,PTRANSF,KBBL,-,3
ZA,2025-04,NAPHTHA,PTRANSF,KBD,-,3
ZA,2025-04,NAPHTHA,PTRANSF,KL,-,3
ZA,2025-04,NAPHTHA,PTRANSF,KTONS,-,3
ZA,2025-04,NAPHTHA,RECEIPTS,CONVBBL,8910.0000,3
ZA,2025-04,NAPHTHA,RECEIPTS,KBBL,-,3
ZA,2025-04,NAPHTHA,RECEIPTS,KBD,-,3
ZA,2025-04,NAPHTHA,RECEIPTS,KL,-,3
ZA,2025-04,NAPHTHA,RECEIPTS,KTONS,-,3
ZA,2025-04,NAPHTHA,REFGROUT,CONVBBL,8910.0000,3
ZA,2025-04,NAPHTHA,REFGROUT,KBBL,-,3
ZA,2025-04,NAPHTHA,REFGROUT,KBD,-,3
ZA,2025-04,NAPHTHA,REFGROUT,KL,-,3
ZA,2025-04,NAPHTHA,REFGROUT,KTONS,-,3
ZA,2025-04,NAPHTHA,STATDIFF,CONVBBL,8910.0000,3
ZA,2025-04,NAPHTHA,STATDIFF,KBBL,-,3
ZA,2025-04,NAPHTHA,STATDIFF,KBD,-,3
ZA,2025-04,NAPHTHA,STATDIFF,KL,-,3
ZA,2025-04,NAPHTHA,STATDIFF,KTONS,-,3
ZA,2025-04,NAPHTHA,STOCKCH,CONVBBL,8910.0000,3
ZA,2025-04,NAPHTHA,STOCKCH,KBBL,-,3
ZA,2025-04,NAPHTHA,STOCKCH,KBD,x,3
ZA,2025-04,NAPHTHA,STOCKCH,KL,-,3
ZA,2025-04,NAPHTHA,STOCKCH,KTONS,-,3
ZA,2025-04,NAPHTHA,TOTDEMO,CONVBBL,8910.0000,3
ZA,2025-04,NAPHTHA,TOTDEMO,KBBL,-,3
ZA,2025-04,NAPHTHA,TOTDEMO,KBD,-,3
ZA,2025-04,NAPHTHA,TOTDEMO,KL,-,3
ZA,2025-04,NAPHTHA,TOTDEMO,KTONS,-,3
ZA,2025-04,NAPHTHA,TOTEXPSB,CONVBBL,8910.0000,3
ZA,2025-04,NAPHTHA,TOTEXPSB,KBBL,-,3
ZA,2025-04,NAPHTHA,TOTEXPSB,KBD,-,3
ZA,2025-04,NAPHTHA,TOTEXPSB,KL,-,3
ZA,2025-04,NAPHTHA,TOTEXPSB,KTONS,-,3
ZA,2025-04,NAPHTHA,TOTIMPSB,CONVBBL,8910.0000,3
ZA,2025-04,NAPHTHA,TOTIMPSB,KBBL,-,3
ZA,2025-04,NAPHTHA,TOTIMPSB,KBD,-,3
ZA,2025-04,NAPHTHA,TOTIMPSB,KL,-,3
ZA,2025-04,NAPHTHA,TOTIMPSB,KTONS,-,3
ZA,2025-05,NAPHTHA,CLOSTLV,CONVBBL,8910.0000,3
ZA,2025-05,NAPHTHA,CLOSTLV,KBBL,-,3
ZA,2025-05,NAPHTHA,CLOSTLV,KBD,x,3
ZA,2025-05,NAPHTHA,CLOSTLV,KL,-,3
ZA,2025-05,NAPHTHA,CLOSTLV,KTONS,-,3
ZA,2025-05,NAPHTHA,IPTRANSF,CONVBBL,8910.0000,3
ZA,2025-05,NAPHTHA,IPTRANSF,KBBL,-,3
ZA,2025-05,NAPHTHA,IPTRANSF,KBD,-,3
ZA,2025-05,NAPHTHA,IPTRANSF,KL,-,3
ZA,2025-05,NAPHTHA,IPTRANSF,KTONS,-,3
ZA,2025-05,NAPHTHA,PTRANSF,CONVBBL,8910.0000,3
ZA,2025-05,NAPHTHA,PTRANSF,KBBL,-,3
ZA,2025-05,NAPHTHA,PTRANSF,KBD,-,3
ZA,2025-05,NAPHTHA,PTRANSF,KL,-,3
ZA,2025-05,NAPHTHA,PTRANSF,KTONS,-,3
ZA,2025-05,NAPHTHA,RECEIPTS,CONVBBL,8910.0000,3
ZA,2025-05,NAPHTHA,RECEIPTS,KBBL,-,3
ZA,2025-05,NAPHTHA,RECEIPTS,KBD,-,3
ZA,2025-05,NAPHTHA,RECEIPTS,KL,-,3
ZA,2025-05,NAPHTHA,RECEIPTS,KTONS,-,3
ZA,2025-05,NAPHTHA,REFGROUT,CONVBBL,8910.0000,3
ZA,2025-05,NAPHTHA,REFGROUT,KBBL,-,3
ZA,2025-05,NAPHTHA,REFGROUT,KBD,-,3
ZA,2025-05,NAPHTHA,REFGROUT,KL,-,3
ZA,2025-05,NAPHTHA,REFGROUT,KTONS,-,3
ZA,2025-05,NAPHTHA,STATDIFF,CONVBBL,8910.0000,3
ZA,2025-05,NAPHTHA,STATDIFF,KBBL,-,3
ZA,2025-05,NAPHTHA,STATDIFF,KBD,-,3
ZA,2025-05,NAPHTHA,STATDIFF,KL,-,3
ZA,2025-05,NAPHTHA,STATDIFF,KTONS,-,3
ZA,2025-05,NAPHTHA,STOCKCH,CONVBBL,8910.0000,3
ZA,2025-05,NAPHTHA,STOCKCH,KBBL,-,3
ZA,2025-05,NAPHTHA,STOCKCH,KBD,x,3
ZA,2025-05,NAPHTHA,STOCKCH,KL,-,3
ZA,2025-05,NAPHTHA,STOCKCH,KTONS,-,3
ZA,2025-05,NAPHTHA,TOTDEMO,CONVBBL,8910.0000,3
ZA,2025-05,NAPHTHA,TOTDEMO,KBBL,-,3
ZA,2025-05,NAPHTHA,TOTDEMO,KBD,-,3
ZA,2025-05,NAPHTHA,TOTDEMO,KL,-,3
ZA,2025-05,NAPHTHA,TOTDEMO,KTONS,-,3
ZA,2025-05,NAPHTHA,TOTEXPSB,CONVBBL,8910.0000,3
ZA,2025-05,NAPHTHA,TOTEXPSB,KBBL,-,3
ZA,2025-05,NAPHTHA,TOTEXPSB,KBD,-,3
ZA,2025-05,NAPHTHA,TOTEXPSB,KL,-,3
ZA,2025-05,NAPHTHA,TOTEXPSB,KTONS,-,3
ZA,2025-05,NAPHTHA,TOTIMPSB,CONVBBL,8910.0000,3
ZA,2025-05,NAPHTHA,TOTIMPSB,KBBL,-,3
ZA,2025-05,NAPHTHA,TOTIMPSB,KBD,-,3
ZA,2025-05,NAPHTHA,TOTIMPSB,KL,-,3
ZA,2025-05,NAPHTHA,TOTIMPSB,KTONS,-,3
ZA,2025-06,NAPHTHA,CLOSTLV,CONVBBL,8910.0000,3
ZA,2025-06,NAPHTHA,CLOSTLV,KBBL,-,3
ZA,2025-06,NAPHTHA,CLOSTLV,KBD,x,3
ZA,2025-06,NAPHTHA,CLOSTLV,KL,-,3
ZA,2025-06,NAPHTHA,CLOSTLV,KTONS,-,3
ZA,2025-06,NAPHTHA,IPTRANSF,CONVBBL,8910.0000,3
ZA,2025-06,NAPHTHA,IPTRANSF,KBBL,-,3
ZA,2025-06,NAPHTHA,IPTRANSF,KBD,-,3
ZA,2025-06,NAPHTHA,IPTRANSF,KL,-,3
ZA,2025-06,NAPHTHA,IPTRANSF,KTONS,-,3
ZA,2025-06,NAPHTHA,PTRANSF,CONVBBL,8910.0000,3
ZA,2025-06,NAPHTHA,PTRANSF,KBBL,-,3
ZA,2025-06,NAPHTHA,PTRANSF,KBD,-,3
ZA,2025-06,NAPHTHA,PTRANSF,KL,-,3
ZA,2025-06,NAPHTHA,PTRANSF,KTONS,-,3
ZA,2025-06,NAPHTHA,RECEIPTS,CONVBBL,8910.0000,3
ZA,2025-06,NAPHTHA,RECEIPTS,KBBL,-,3
ZA,2025-06,NAPHTHA,RECEIPTS,KBD,-,3
ZA,2025-06,NAPHTHA,RECEIPTS,KL,-,3
ZA,2025-06,NAPHTHA,RECEIPTS,KTONS,-,3
ZA,2025-06,NAPHTHA,REFGROUT,CONVBBL,8910.0000,3
ZA,2025-06,NAPHTHA,REFGROUT,KBBL,-,3
ZA,2025-06,NAPHTHA,REFGROUT,KBD,-,3
ZA,2025-06,NAPHTHA,REFGROUT,KL,-,3
ZA,2025-06,NAPHTHA,REFGROUT,KTONS,-,3
ZA,2025-06,NAPHTHA,STATDIFF,CONVBBL,8910.0000,3
ZA,2025-06,NAPHTHA,STATDIFF,KBBL,-,3
ZA,2025-06,NAPHTHA,STATDIFF,KBD,-,3
ZA,2025-06,NAPHTHA,STATDIFF,KL,-,3
ZA,2025-06,NAPHTHA,STATDIFF,KTONS,-,3
ZA,2025-06,NAPHTHA,STOCKCH,CONVBBL,8910.0000,3
ZA,2025-06,NAPHTHA,STOCKCH,KBBL,-,3
ZA,2025-06,NAPHTHA,STOCKCH,KBD,x,3
ZA,2025-06,NAPHTHA,STOCKCH,KL,-,3
ZA,2025-06,NAPHTHA,STOCKCH,KTONS,-,3
ZA,2025-06,NAPHTHA,TOTDEMO,CONVBBL,8910.0000,3
ZA,2025-06,NAPHTHA,TOTDEMO,KBBL,-,3
ZA,2025-06,NAPHTHA,TOTDEMO,KBD,-,3
ZA,2025-06,NAPHTHA,TOTDEMO,KL,-,3
ZA,2025-06,NAPHTHA,TOTDEMO,KTONS,-,3
ZA,2025-06,NAPHTHA,TOTEXPSB,CONVBBL,8910.0000,3
ZA,2025-06,NAPHTHA,TOTEXPSB,KBBL,-,3
ZA,2025-06,NAPHTHA,TOTEXPSB,KBD,-,3
ZA,2025-06,NAPHTHA,TOTEXPSB,KL,-,3
ZA,2025-06,NAPHTHA,TOTEXPSB,KTONS,-,3
ZA,2025-06,NAPHTHA,TOTIMPSB,CONVBBL,8910.0000,3
ZA,2025-06,NAPHTHA,TOTIMPSB,KBBL,-,3
ZA,2025-06,NAPHTHA,TOTIMPSB,KBD,-,3
ZA,2025-06,NAPHTHA,TOTIMPSB,KL,-,3
ZA,2025-06,NAPHTHA,TOTIMPSB,KTONS,-,3
ZA,2025-07,NAPHTHA,CLOSTLV,CONVBBL,8910.0000,3
ZA,2025-07,NAPHTHA,CLOSTLV,KBBL,-,3
ZA,2025-07,NAPHTHA,CLOSTLV,KBD,x,3
ZA,2025-07,NAPHTHA,CLOSTLV,KL,-,3
ZA,2025-07,NAPHTHA,CLOSTLV,KTONS,-,3
ZA,2025-07,NAPHTHA,IPTRANSF,CONVBBL,8910.0000,3
ZA,2025-07,NAPHTHA,IPTRANSF,KBBL,-,3
ZA,2025-07,NAPHTHA,IPTRANSF,KBD,-,3
ZA,2025-07,NAPHTHA,IPTRANSF,KL,-,3
ZA,2025-07,NAPHTHA,IPTRANSF,KTONS,-,3
ZA,2025-07,NAPHTHA,PTRANSF,CONVBBL,8910.0000,3
ZA,2025-07,NAPHTHA,PTRANSF,KBBL,-,3
ZA,2025-07,NAPHTHA,PTRANSF,KBD,-,3
ZA,2025-07,NAPHTHA,PTRANSF,KL,-,3
ZA,2025-07,NAPHTHA,PTRANSF,KTONS,-,3
ZA,2025-07,NAPHTHA,RECEIPTS,CONVBBL,8910.0000,3
ZA,2025-07,NAPHTHA,RECEIPTS,KBBL,-,3
ZA,2025-07,NAPHTHA,RECEIPTS,KBD,-,3
ZA,2025-07,NAPHTHA,RECEIPTS,KL,-,3
ZA,2025-07,NAPHTHA,RECEIPTS,KTONS,-,3
ZA,2025-07,NAPHTHA,REFGROUT,CONVBBL,8910.0000,3
ZA,2025-07,NAPHTHA,REFGROUT,KBBL,-,3
ZA,2025-07,NAPHTHA,REFGROUT,KBD,-,3
ZA,2025-07,NAPHTHA,REFGROUT,KL,-,3
ZA,2025-07,NAPHTHA,REFGROUT,KTONS,-,3
ZA,2025-07,NAPHTHA,STATDIFF,CONVBBL,8910.0000,3
ZA,2025-07,NAPHTHA,STATDIFF,KBBL,-,3
ZA,2025-07,NAPHTHA,STATDIFF,KBD,-,3
ZA,2025-07,NAPHTHA,STATDIFF,KL,-,3
ZA,2025-07,NAPHTHA,STATDIFF,KTONS,-,3
ZA,2025-07,NAPHTHA,STOCKCH,CONVBBL,8910.0000,3
ZA,2025-07,NAPHTHA,STOCKCH,KBBL,-,3
ZA,2025-07,NAPHTHA,STOCKCH,KBD,x,3
ZA,2025-07,NAPHTHA,STOCKCH,KL,-,3
ZA,2025-07,NAPHTHA,STOCKCH,KTONS,-,3
ZA,2025-07,NAPHTHA,TOTDEMO,CONVBBL,8910.0000,3
ZA,2025-07,NAPHTHA,TOTDEMO,KBBL,-,3
ZA,2025-07,NAPHTHA,TOTDEMO,KBD,-,3
ZA,2025-07,NAPHTHA,TOTDEMO,KL,-,3
ZA,2025-07,NAPHTHA,TOTDEMO,KTONS,-,3
ZA,2025-07,NAPHTHA,TOTEXPSB,CONVBBL,8910.0000,3
ZA,2025-07,NAPHTHA,TOTEXPSB,KBBL,-,3
ZA,2025-07,NAPHTHA,TOTEXPSB,KBD,-,3
ZA,2025-07,NAPHTHA,TOTEXPSB,KL,-,3
ZA,2025-07,NAPHTHA,TOTEXPSB,KTONS,-,3
ZA,2025-07,NAPHTHA,TOTIMPSB,CONVBBL,8910.0000,3
ZA,2025-07,NAPHTHA,TOTIMPSB,KBBL,-,3
ZA,2025-07,NAPHTHA,TOTIMPSB,KBD,-,3
ZA,2025-07,NAPHTHA,TOTIMPSB,KL,-,3
ZA,2025-07,NAPHTHA,TOTIMPSB,KTONS,-,3
ZA,2025-08,NAPHTHA,CLOSTLV,CONVBBL,8910.0000,3
ZA,2025-08,NAPHTHA,CLOSTLV,KBBL,-,3
ZA,2025-08,NAPHTHA,CLOSTLV,KBD,x,3
ZA,2025-08,NAPHTHA,CLOSTLV,KL,-,3
ZA,2025-08,NAPHTHA,CLOSTLV,KTONS,-,3
ZA,2025-08,NAPHTHA,IPTRANSF,CONVBBL,8910.0000,3
ZA,2025-08,NAPHTHA,IPTRANSF,KBBL,-,3
ZA,2025-08,NAPHTHA,IPTRANSF,KBD,-,3
ZA,2025-08,NAPHTHA,IPTRANSF,KL,-,3
ZA,2025-08,NAPHTHA,IPTRANSF,KTONS,-,3
ZA,2025-08,NAPHTHA,PTRANSF,CONVBBL,8910.0000,3
ZA,2025-08,NAPHTHA,PTRANSF,KBBL,-,3
ZA,2025-08,NAPHTHA,PTRANSF,KBD,-,3
ZA,2025-08,NAPHTHA,PTRANSF,KL,-,3
ZA,2025-08,NAPHTHA,PTRANSF,KTONS,-,3
ZA,2025-08,NAPHTHA,RECEIPTS,CONVBBL,8910.0000,3
ZA,2025-08,NAPHTHA,RECEIPTS,KBBL,-,3
ZA,2025-08,NAPHTHA,RECEIPTS,KBD,-,3
ZA,2025-08,NAPHTHA,RECEIPTS,KL,-,3
ZA,2025-08,NAPHTHA,RECEIPTS,KTONS,-,3
ZA,2025-08,NAPHTHA,REFGROUT,CONVBBL,8910.0000,3
ZA,2025-08,NAPHTHA,REFGROUT,KBBL,-,3
ZA,2025-08,NAPHTHA,REFGROUT,KBD,-,3
ZA,2025-08,NAPHTHA,REFGROUT,KL,-,3
ZA,2025-08,NAPHTHA,REFGROUT,KTONS,-,3
ZA,2025-08,NAPHTHA,STATDIFF,CONVBBL,8910.0000,3
ZA,2025-08,NAPHTHA,STATDIFF,KBBL,-,3
ZA,2025-08,NAPHTHA,STATDIFF,KBD,-,3
ZA,2025-08,NAPHTHA,STATDIFF,KL,-,3
ZA,2025-08,NAPHTHA,STATDIFF,KTONS,-,3
ZA,2025-08,NAPHTHA,STOCKCH,CONVBBL,8910.0000,3
ZA,2025-08,NAPHTHA,STOCKCH,KBBL,-,3
ZA,2025-08,NAPHTHA,STOCKCH,KBD,x,3
ZA,2025-08,NAPHTHA,STOCKCH,KL,-,3
ZA,2025-08,NAPHTHA,STOCKCH,KTONS,-,3
ZA,2025-08,NAPHTHA,TOTDEMO,CONVBBL,8910.0000,3
ZA,2025-08,NAPHTHA,TOTDEMO,KBBL,-,3
ZA,2025-08,NAPHTHA,TOTDEMO,KBD,-,3
ZA,2025-08,NAPHTHA,TOTDEMO,KL,-,3
ZA,2025-08,NAPHTHA,TOTDEMO,KTONS,-,3
ZA,2025-08,NAPHTHA,TOTEXPSB,CONVBBL,8910.0000,3
ZA,2025-08,NAPHTHA,TOTEXPSB,KBBL,-,3
ZA,2025-08,NAPHTHA,TOTEXPSB,KBD,-,3
ZA,2025-08,NAPHTHA,TOTEXPSB,KL,-,3
ZA,2025-08,NAPHTHA,TOTEXPSB,KTONS,-,3
ZA,2025-08,NAPHTHA,TOTIMPSB,CONVBBL,8910.0000,3
ZA,2025-08,NAPHTHA,TOTIMPSB,KBBL,-,3
ZA,2025-08,NAPHTHA,TOTIMPSB,KBD,-,3
ZA,2025-08,NAPHTHA,TOTIMPSB,KL,-,3
ZA,2025-08,NAPHTHA,TOTIMPSB,KTONS,-,3
ZA,2025-09,NAPHTHA,CLOSTLV,CONVBBL,8910.0000,3
ZA,2025-09,NAPHTHA,CLOSTLV,KBBL,-,3
ZA,2025-09,NAPHTHA,CLOSTLV,KBD,x,3
ZA,2025-09,NAPHTHA,CLOSTLV,KL,-,3
ZA,2025-09,NAPHTHA,CLOSTLV,KTONS,-,3
ZA,2025-09,NAPHTHA,IPTRANSF,CONVBBL,8910.0000,3
ZA,2025-09,NAPHTHA,IPTRANSF,KBBL,-,3
ZA,2025-09,NAPHTHA,IPTRANSF,KBD,-,3
ZA,2025-09,NAPHTHA,IPTRANSF,KL,-,3
ZA,2025-09,NAPHTHA,IPTRANSF,KTONS,-,3
ZA,2025-09,NAPHTHA,PTRANSF,CONVBBL,8910.0000,3
ZA,2025-09,NAPHTHA,PTRANSF,KBBL,-,3
ZA,2025-09,NAPHTHA,PTRANSF,KBD,-,3
ZA,2025-09,NAPHTHA,PTRANSF,KL,-,3
ZA,2025-09,NAPHTHA,PTRANSF,KTONS,-,3
ZA,2025-09,NAPHTHA,RECEIPTS,CONVBBL,8910.0000,3
ZA,2025-09,NAPHTHA,RECEIPTS,KBBL,-,3
ZA,2025-09,NAPHTHA,RECEIPTS,KBD,-,3
ZA,2025-09,NAPHTHA,RECEIPTS,KL,-,3
ZA,2025-09,NAPHTHA,RECEIPTS,KTONS,-,3
ZA,2025-09,NAPHTHA,REFGROUT,CONVBBL,8910.0000,3
ZA,2025-09,NAPHTHA,REFGROUT,KBBL,-,3
ZA,2025-09,NAPHTHA,REFGROUT,KBD,-,3
ZA,2025-09,NAPHTHA,REFGROUT,KL,-,3
ZA,2025-09,NAPHTHA,REFGROUT,KTONS,-,3
ZA,2025-09,NAPHTHA,STATDIFF,CONVBBL,8910.0000,3
ZA,2025-09,NAPHTHA,STATDIFF,KBBL,-,3
ZA,2025-09,NAPHTHA,STATDIFF,KBD,-,3
ZA,2025-09,NAPHTHA,STATDIFF,KL,-,3
ZA,2025-09,NAPHTHA,STATDIFF,KTONS,-,3
ZA,2025-09,NAPHTHA,STOCKCH,CONVBBL,8910.0000,3
ZA,2025-09,NAPHTHA,STOCKCH,KBBL,-,3
ZA,2025-09,NAPHTHA,STOCKCH,KBD,x,3
ZA,2025-09,NAPHTHA,STOCKCH,KL,-,3
ZA,2025-09,NAPHTHA,STOCKCH,KTONS,-,3
ZA,2025-09,NAPHTHA,TOTDEMO,CONVBBL,8910.0000,3
ZA,2025-09,NAPHTHA,TOTDEMO,KBBL,-,3
ZA,2025-09,NAPHTHA,TOTDEMO,KBD,-,3
ZA,2025-09,NAPHTHA,TOTDEMO,KL,-,3
ZA,2025-09,NAPHTHA,TOTDEMO,KTONS,-,3
ZA,2025-09,NAPHTHA,TOTEXPSB,CONVBBL,8910.0000,3
ZA,2025-09,NAPHTHA,TOTEXPSB,KBBL,-,3
ZA,2025-09,NAPHTHA,TOTEXPSB,KBD,-,3
ZA,2025-09,NAPHTHA,TOTEXPSB,KL,-,3
ZA,2025-09,NAPHTHA,TOTEXPSB,KTONS,-,3
ZA,2025-09,NAPHTHA,TOTIMPSB,CONVBBL,8910.0000,3
ZA,2025-09,NAPHTHA,TOTIMPSB,KBBL,-,3
ZA,2025-09,NAPHTHA,TOTIMPSB,KBD,-,3
ZA,2025-09,NAPHTHA,TOTIMPSB,KL,-,3
ZA,2025-09,NAPHTHA,TOTIMPSB,KTONS,-,3
ZA,2025-10,NAPHTHA,CLOSTLV,CONVBBL,8910.0000,3
ZA,2025-10,NAPHTHA,CLOSTLV,KBBL,-,3
ZA,2025-10,NAPHTHA,CLOSTLV,KBD,x,3
ZA,2025-10,NAPHTHA,CLOSTLV,KL,-,3
ZA,2025-10,NAPHTHA,CLOSTLV,KTONS,-,3
ZA,2025-10,NAPHTHA,IPTRANSF,CONVBBL,8910.0000,3
ZA,2025-10,NAPHTHA,IPTRANSF,KBBL,-,3
ZA,2025-10,NAPHTHA,IPTRANSF,KBD,-,3
ZA,2025-10,NAPHTHA,IPTRANSF,KL,-,3
ZA,2025-10,NAPHTHA,IPTRANSF,KTONS,-,3
ZA,2025-10,NAPHTHA,PTRANSF,CONVBBL,8910.0000,3
ZA,2025-10,NAPHTHA,PTRANSF,KBBL,-,3
ZA,2025-10,NAPHTHA,PTRANSF,KBD,-,3
ZA,2025-10,NAPHTHA,PTRANSF,KL,-,3
ZA,2025-10,NAPHTHA,PTRANSF,KTONS,-,3
ZA,2025-10,NAPHTHA,RECEIPTS,CONVBBL,8910.0000,3
ZA,2025-10,NAPHTHA,RECEIPTS,KBBL,-,3
ZA,2025-10,NAPHTHA,RECEIPTS,KBD,-,3
ZA,2025-10,NAPHTHA,RECEIPTS,KL,-,3
ZA,2025-10,NAPHTHA,RECEIPTS,KTONS,-,3
ZA,2025-10,NAPHTHA,REFGROUT,CONVBBL,8910.0000,3
ZA,2025-10,NAPHTHA,REFGROUT,KBBL,-,3
ZA,2025-10,NAPHTHA,REFGROUT,KBD,-,3
ZA,2025-10,NAPHTHA,REFGROUT,KL,-,3
ZA,2025-10,NAPHTHA,REFGROUT,KTONS,-,3
ZA,2025-10,NAPHTHA,STATDIFF,CONVBBL,8910.0000,3
ZA,2025-10,NAPHTHA,STATDIFF,KBBL,-,3
ZA,2025-10,NAPHTHA,STATDIFF,KBD,-,3
ZA,2025-10,NAPHTHA,STATDIFF,KL,-,3
ZA,2025-10,NAPHTHA,STATDIFF,KTONS,-,3
ZA,2025-10,NAPHTHA,STOCKCH,CONVBBL,8910.0000,3
ZA,2025-10,NAPHTHA,STOCKCH,KBBL,-,3
ZA,2025-10,NAPHTHA,STOCKCH,KBD,x,3
ZA,2025-10,NAPHTHA,STOCKCH,KL,-,3
ZA,2025-10,NAPHTHA,STOCKCH,KTONS,-,3
ZA,2025-10,NAPHTHA,TOTDEMO,CONVBBL,8910.0000,3
ZA,2025-10,NAPHTHA,TOTDEMO,KBBL,-,3
ZA,2025-10,NAPHTHA,TOTDEMO,KBD,-,3
ZA,2025-10,NAPHTHA,TOTDEMO,KL,-,3
ZA,2025-10,NAPHTHA,TOTDEMO,KTONS,-,3
ZA,2025-10,NAPHTHA,TOTEXPSB,CONVBBL,8910.0000,3
ZA,2025-10,NAPHTHA,TOTEXPSB,KBBL,-,3
ZA,2025-10,NAPHTHA,TOTEXPSB,KBD,-,3
ZA,2025-10,NAPHTHA,TOTEXPSB,KL,-,3
ZA,2025-10,NAPHTHA,TOTEXPSB,KTONS,-,3
ZA,2025-10,NAPHTHA,TOTIMPSB,CONVBBL,8910.0000,3
ZA,2025-10,NAPHTHA,TOTIMPSB,KBBL,-,3
ZA,2025-10,NAPHTHA,TOTIMPSB,KBD,-,3
ZA,2025-10,NAPHTHA,TOTIMPSB,KL,-,3
ZA,2025-10,NAPHTHA,TOTIMPSB,KTONS,-,3
ZA,2025-11,NAPHTHA,CLOSTLV,CONVBBL,8910.0000,3
ZA,2025-11,NAPHTHA,CLOSTLV,KBBL,-,3
ZA,2025-11,NAPHTHA,CLOSTLV,KBD,x,3
ZA,2025-11,NAPHTHA,CLOSTLV,KL,-,3
ZA,2025-11,NAPHTHA,CLOSTLV,KTONS,-,3
ZA,2025-11,NAPHTHA,IPTRANSF,CONVBBL,8910.0000,3
ZA,2025-11,NAPHTHA,IPTRANSF,KBBL,-,3
ZA,2025-11,NAPHTHA,IPTRANSF,KBD,-,3
ZA,2025-11,NAPHTHA,IPTRANSF,KL,-,3
ZA,2025-11,NAPHTHA,IPTRANSF,KTONS,-,3
ZA,2025-11,NAPHTHA,PTRANSF,CONVBBL,8910.0000,3
ZA,2025-11,NAPHTHA,PTRANSF,KBBL,-,3
ZA,2025-11,NAPHTHA,PTRANSF,KBD,-,3
ZA,2025-11,NAPHTHA,PTRANSF,KL,-,3
ZA,2025-11,NAPHTHA,PTRANSF,KTONS,-,3
ZA,2025-11,NAPHTHA,RECEIPTS,CONVBBL,8910.0000,3
ZA,2025-11,NAPHTHA,RECEIPTS,KBBL,-,3
ZA,2025-11,NAPHTHA,RECEIPTS,KBD,-,3
ZA,2025-11,NAPHTHA,RECEIPTS,KL,-,3
ZA,2025-11,NAPHTHA,RECEIPTS,KTONS,-,3
ZA,2025-11,NAPHTHA,REFGROUT,CONVBBL,8910.0000,3
ZA,2025-11,NAPHTHA,REFGROUT,KBBL,-,3
ZA,2025-11,NAPHTHA,REFGROUT,KBD,-,3
ZA,2025-11,NAPHTHA,REFGROUT,KL,-,3
ZA,2025-11,NAPHTHA,REFGROUT,KTONS,-,3
ZA,2025-11,NAPHTHA,STATDIFF,CONVBBL,8910.0000,3
ZA,2025-11,NAPHTHA,STATDIFF,KBBL,-,3
ZA,2025-11,NAPHTHA,STATDIFF,KBD,-,3
ZA,2025-11,NAPHTHA,STATDIFF,KL,-,3
ZA,2025-11,NAPHTHA,STATDIFF,KTONS,-,3
ZA,2025-11,NAPHTHA,STOCKCH,CONVBBL,8910.0000,3
ZA,2025-11,NAPHTHA,STOCKCH,KBBL,-,3
ZA,2025-11,NAPHTHA,STOCKCH,KBD,x,3
ZA,2025-11,NAPHTHA,STOCKCH,KL,-,3
ZA,2025-11,NAPHTHA,STOCKCH,KTONS,-,3
ZA,2025-11,NAPHTHA,TOTDEMO,CONVBBL,8910.0000,3
ZA,2025-11,NAPHTHA,TOTDEMO,KBBL,-,3
ZA,2025-11,NAPHTHA,TOTDEMO,KBD,-,3
ZA,2025-11,NAPHTHA,TOTDEMO,KL,-,3
ZA,2025-11,NAPHTHA,TOTDEMO,KTONS,-,3
ZA,2025-11,NAPHTHA,TOTEXPSB,CONVBBL,8910.0000,3
ZA,2025-11,NAPHTHA,TOTEXPSB,KBBL,-,3
ZA,2025-11,NAPHTHA,TOTEXPSB,KBD,-,3
ZA,2025-11,NAPHTHA,TOTEXPSB,KL,-,3
ZA,2025-11,NAPHTHA,TOTEXPSB,KTONS,-,3
ZA,2025-11,NAPHTHA,TOTIMPSB,CONVBBL,8910.0000,3
ZA,2025-11,NAPHTHA,TOTIMPSB,KBBL,-,3
ZA,2025-11,NAPHTHA,TOTIMPSB,KBD,-,3
ZA,2025-11,NAPHTHA,TOTIMPSB,KL,-,3
ZA,2025-11,NAPHTHA,TOTIMPSB,KTONS,-,3
ZA,2025-12,NAPHTHA,CLOSTLV,CONVBBL,8910.0000,3
ZA,2025-12,NAPHTHA,CLOSTLV,KBBL,-,3
ZA,2025-12,NAPHTHA,CLOSTLV,KBD,x,3
ZA,2025-12,NAPHTHA,CLOSTLV,KL,-,3
ZA,2025-12,NAPHTHA,CLOSTLV,KTONS,-,3
ZA,2025-12,NAPHTHA,IPTRANSF,CONVBBL,8910.0000,3
ZA,2025-12,NAPHTHA,IPTRANSF,KBBL,-,3
ZA,2025-12,NAPHTHA,IPTRANSF,KBD,-,3
ZA,2025-12,NAPHTHA,IPTRANSF,KL,-,3
ZA,2025-12,NAPHTHA,IPTRANSF,KTONS,-,3
ZA,2025-12,NAPHTHA,PTRANSF,CONVBBL,8910.0000,3
ZA,2025-12,NAPHTHA,PTRANSF,KBBL,-,3
ZA,2025-12,NAPHTHA,PTRANSF,KBD,-,3
ZA,2025-12,NAPHTHA,PTRANSF,KL,-,3
ZA,2025-12,NAPHTHA,PTRANSF,KTONS,-,3
ZA,2025-12,NAPHTHA,RECEIPTS,CONVBBL,8910.0000,3
ZA,2025-12,NAPHTHA,RECEIPTS,KBBL,-,3
ZA,2025-12,NAPHTHA,RECEIPTS,KBD,-,3
ZA,2025-12,NAPHTHA,RECEIPTS,KL,-,3
ZA,2025-12,NAPHTHA,RECEIPTS,KTONS,-,3
ZA,2025-12,NAPHTHA,REFGROUT,CONVBBL,8910.0000,3
ZA,2025-12,NAPHTHA,REFGROUT,KBBL,-,3
ZA,2025-12,NAPHTHA,REFGROUT,KBD,-,3
ZA,2025-12,NAPHTHA,REFGROUT,KL,-,3
ZA,2025-12,NAPHTHA,REFGROUT,KTONS,-,3
ZA,2025-12,NAPHTHA,STATDIFF,CONVBBL,8910.0000,3
ZA,2025-12,NAPHTHA,STATDIFF,KBBL,-,3
ZA,2025-12,NAPHTHA,STATDIFF,KBD,-,3
ZA,2025-12,NAPHTHA,STATDIFF,KL,-,3
ZA,2025-12,NAPHTHA,STATDIFF,KTONS,-,3
ZA,2025-12,NAPHTHA,STOCKCH,CONVBBL,8910.0000,3
ZA,2025-12,NAPHTHA,STOCKCH,KBBL,-,3
ZA,2025-12,NAPHTHA,STOCKCH,KBD,x,3
ZA,2025-12,NAPHTHA,STOCKCH,KL,-,3
ZA,2025-12,NAPHTHA,STOCKCH,KTONS,-,3
ZA,2025-12,NAPHTHA,TOTDEMO,CONVBBL,8910.0000,3
ZA,2025-12,NAPHTHA,TOTDEMO,KBBL,-,3
ZA,2025-12,NAPHTHA,TOTDEMO,KBD,-,3
ZA,2025-12,NAPHTHA,TOTDEMO,KL,-,3
ZA,2025-12,NAPHTHA,TOTDEMO,KTONS,-,3
ZA,2025-12,NAPHTHA,TOTEXPSB,CONVBBL,8910.0000,3
ZA,2025-12,NAPHTHA,TOTEXPSB,KBBL,-,3
ZA,2025-12,NAPHTHA,TOTEXPSB,KBD,-,3
ZA,2025-12,NAPHTHA,TOTEXPSB,KL,-,3
ZA,2025-12,NAPHTHA,TOTEXPSB,KTONS,-,3
ZA,2025-12,NAPHTHA,TOTIMPSB,CONVBBL,8910.0000,3
ZA,2025-12,NAPHTHA,TOTIMPSB,KBBL,-,3
ZA,2025-12,NAPHTHA,TOTIMPSB,KBD,-,3
ZA,2025-12,NAPHTHA,TOTIMPSB,KL,-,3
ZA,2025-12,NAPHTHA,TOTIMPSB,KTONS,-,3
ZA,2025-01,ONONSPEC,CLOSTLV,CONVBBL,0.0000,3
ZA,2025-01,ONONSPEC,CLOSTLV,KBBL,-,3
ZA,2025-01,ONONSPEC,CLOSTLV,KBD,x,3
ZA,2025-01,ONONSPEC,CLOSTLV,KL,-,3
ZA,2025-01,ONONSPEC,CLOSTLV,KTONS,-,3
ZA,2025-01,ONONSPEC,IPTRANSF,CONVBBL,0.0000,3
ZA,2025-01,ONONSPEC,IPTRANSF,KBBL,-,3
ZA,2025-01,ONONSPEC,IPTRANSF,KBD,-,3
ZA,2025-01,ONONSPEC,IPTRANSF,KL,-,3
ZA,2025-01,ONONSPEC,IPTRANSF,KTONS,-,3
ZA,2025-01,ONONSPEC,PTRANSF,CONVBBL,0.0000,3
ZA,2025-01,ONONSPEC,PTRANSF,KBBL,-,3
ZA,2025-01,ONONSPEC,PTRANSF,KBD,-,3
ZA,2025-01,ONONSPEC,PTRANSF,KL,-,3
ZA,2025-01,ONONSPEC,PTRANSF,KTONS,-,3
ZA,2025-01,ONONSPEC,RECEIPTS,CONVBBL,0.0000,3
ZA,2025-01,ONONSPEC,RECEIPTS,KBBL,-,3
ZA,2025-01,ONONSPEC,RECEIPTS,KBD,-,3
ZA,2025-01,ONONSPEC,RECEIPTS,KL,-,3
ZA,2025-01,ONONSPEC,RECEIPTS,KTONS,-,3
ZA,2025-01,ONONSPEC,REFGROUT,CONVBBL,0.0000,3
ZA,2025-01,ONONSPEC,REFGROUT,KBBL,-,3
ZA,2025-01,ONONSPEC,REFGROUT,KBD,-,3
ZA,2025-01,ONONSPEC,REFGROUT,KL,-,3
ZA,2025-01,ONONSPEC,REFGROUT,KTONS,-,3
ZA,2025-01,ONONSPEC,STATDIFF,CONVBBL,0.0000,3
ZA,2025-01,ONONSPEC,STATDIFF,KBBL,-,3
ZA,2025-01,ONONSPEC,STATDIFF,KBD,-,3
ZA,2025-01,ONONSPEC,STATDIFF,KL,-,3
ZA,2025-01,ONONSPEC,STATDIFF,KTONS,-,3
ZA,2025-01,ONONSPEC,STOCKCH,CONVBBL,0.0000,3
ZA,2025-01,ONONSPEC,STOCKCH,KBBL,-,3
ZA,2025-01,ONONSPEC,STOCKCH,KBD,x,3
ZA,2025-01,ONONSPEC,STOCKCH,KL,-,3
ZA,2025-01,ONONSPEC,STOCKCH,KTONS,-,3
ZA,2025-01,ONONSPEC,TOTDEMO,CONVBBL,0.0000,3
ZA,2025-01,ONONSPEC,TOTDEMO,KBBL,-,3
ZA,2025-01,ONONSPEC,TOTDEMO,KBD,-,3
ZA,2025-01,ONONSPEC,TOTDEMO,KL,-,3
ZA,2025-01,ONONSPEC,TOTDEMO,KTONS,-,3
ZA,2025-01,ONONSPEC,TOTEXPSB,CONVBBL,0.0000,3
ZA,2025-01,ONONSPEC,TOTEXPSB,KBBL,-,3
ZA,2025-01,ONONSPEC,TOTEXPSB,KBD,-,3
ZA,2025-01,ONONSPEC,TOTEXPSB,KL,-,3
ZA,2025-01,ONONSPEC,TOTEXPSB,KTONS,-,3
ZA,2025-01,ONONSPEC,TOTIMPSB,CONVBBL,0.0000,3
ZA,2025-01,ONONSPEC,TOTIMPSB,KBBL,-,3
ZA,2025-01,ONONSPEC,TOTIMPSB,KBD,-,3
ZA,2025-01,ONONSPEC,TOTIMPSB,KL,-,3
ZA,2025-01,ONONSPEC,TOTIMPSB,KTONS,-,3
ZA,2025-02,ONONSPEC,CLOSTLV,CONVBBL,0.0000,3
ZA,2025-02,ONONSPEC,CLOSTLV,KBBL,-,3
ZA,2025-02,ONONSPEC,CLOSTLV,KBD,x,3
ZA,2025-02,ONONSPEC,CLOSTLV,KL,-,3
ZA,2025-02,ONONSPEC,CLOSTLV,KTONS,-,3
ZA,2025-02,ONONSPEC,IPTRANSF,CONVBBL,0.0000,3
ZA,2025-02,ONONSPEC,IPTRANSF,KBBL,-,3
ZA,2025-02,ONONSPEC,IPTRANSF,KBD,-,3
ZA,2025-02,ONONSPEC,IPTRANSF,KL,-,3
ZA,2025-02,ONONSPEC,IPTRANSF,KTONS,-,3
ZA,2025-02,ONONSPEC,PTRANSF,CONVBBL,0.0000,3
ZA,2025-02,ONONSPEC,PTRANSF,KBBL,-,3
ZA,2025-02,ONONSPEC,PTRANSF,KBD,-,3
ZA,2025-02,ONONSPEC,PTRANSF,KL,-,3
ZA,2025-02,ONONSPEC,PTRANSF,KTONS,-,3
ZA,2025-02,ONONSPEC,RECEIPTS,CONVBBL,0.0000,3
ZA,2025-02,ONONSPEC,RECEIPTS,KBBL,-,3
ZA,2025-02,ONONSPEC,RECEIPTS,KBD,-,3
ZA,2025-02,ONONSPEC,RECEIPTS,KL,-,3
ZA,2025-02,ONONSPEC,RECEIPTS,KTONS,-,3
ZA,2025-02,ONONSPEC,REFGROUT,CONVBBL,0.0000,3
ZA,2025-02,ONONSPEC,REFGROUT,KBBL,-,3
ZA,2025-02,ONONSPEC,REFGROUT,KBD,-,3
ZA,2025-02,ONONSPEC,REFGROUT,KL,-,3
ZA,2025-02,ONONSPEC,REFGROUT,KTONS,-,3
ZA,2025-02,ONONSPEC,STATDIFF,CONVBBL,0.0000,3
ZA,2025-02,ONONSPEC,STATDIFF,KBBL,-,3
ZA,2025-02,ONONSPEC,STATDIFF,KBD,-,3
ZA,2025-02,ONONSPEC,STATDIFF,KL,-,3
ZA,2025-02,ONONSPEC,STATDIFF,KTONS,-,3
ZA,2025-02,ONONSPEC,STOCKCH,CONVBBL,0.0000,3
ZA,2025-02,ONONSPEC,STOCKCH,KBBL,-,3
ZA,2025-02,ONONSPEC,STOCKCH,KBD,x,3
ZA,2025-02,ONONSPEC,STOCKCH,KL,-,3
ZA,2025-02,ONONSPEC,STOCKCH,KTONS,-,3
ZA,2025-02,ONONSPEC,TOTDEMO,CONVBBL,0.0000,3
ZA,2025-02,ONONSPEC,TOTDEMO,KBBL,-,3
ZA,2025-02,ONONSPEC,TOTDEMO,KBD,-,3
ZA,2025-02,ONONSPEC,TOTDEMO,KL,-,3
ZA,2025-02,ONONSPEC,TOTDEMO,KTONS,-,3
ZA,2025-02,ONONSPEC,TOTEXPSB,CONVBBL,0.0000,3
ZA,2025-02,ONONSPEC,TOTEXPSB,KBBL,-,3
ZA,2025-02,ONONSPEC,TOTEXPSB,KBD,-,3
ZA,2025-02,ONONSPEC,TOTEXPSB,KL,-,3
ZA,2025-02,ONONSPEC,TOTEXPSB,KTONS,-,3
ZA,2025-02,ONONSPEC,TOTIMPSB,CONVBBL,0.0000,3
ZA,2025-02,ONONSPEC,TOTIMPSB,KBBL,-,3
ZA,2025-02,ONONSPEC,TOTIMPSB,KBD,-,3
ZA,2025-02,ONONSPEC,TOTIMPSB,KL,-,3
ZA,2025-02,ONONSPEC,TOTIMPSB,KTONS,-,3
ZA,2025-03,ONONSPEC,CLOSTLV,CONVBBL,0.0000,3
ZA,2025-03,ONONSPEC,CLOSTLV,KBBL,-,3
ZA,2025-03,ONONSPEC,CLOSTLV,KBD,x,3
ZA,2025-03,ONONSPEC,CLOSTLV,KL,-,3
ZA,2025-03,ONONSPEC,CLOSTLV,KTONS,-,3
ZA,2025-03,ONONSPEC,IPTRANSF,CONVBBL,0.0000,3
ZA,2025-03,ONONSPEC,IPTRANSF,KBBL,-,3
ZA,2025-03,ONONSPEC,IPTRANSF,KBD,-,3
ZA,2025-03,ONONSPEC,IPTRANSF,KL,-,3
ZA,2025-03,ONONSPEC,IPTRANSF,KTONS,-,3
ZA,2025-03,ONONSPEC,PTRANSF,CONVBBL,0.0000,3
ZA,2025-03,ONONSPEC,PTRANSF,KBBL,-,3
ZA,2025-03,ONONSPEC,PTRANSF,KBD,-,3
ZA,2025-03,ONONSPEC,PTRANSF,KL,-,3
ZA,2025-03,ONONSPEC,PTRANSF,KTONS,-,3
ZA,2025-03,ONONSPEC,RECEIPTS,CONVBBL,0.0000,3
ZA,2025-03,ONONSPEC,RECEIPTS,KBBL,-,3
ZA,2025-03,ONONSPEC,RECEIPTS,KBD,-,3
ZA,2025-03,ONONSPEC,RECEIPTS,KL,-,3
ZA,2025-03,ONONSPEC,RECEIPTS,KTONS,-,3
ZA,2025-03,ONONSPEC,REFGROUT,CONVBBL,0.0000,3
ZA,2025-03,ONONSPEC,REFGROUT,KBBL,-,3
ZA,2025-03,ONONSPEC,REFGROUT,KBD,-,3
ZA,2025-03,ONONSPEC,REFGROUT,KL,-,3
ZA,2025-03,ONONSPEC,REFGROUT,KTONS,-,3
ZA,2025-03,ONONSPEC,STATDIFF,CONVBBL,0.0000,3
ZA,2025-03,ONONSPEC,STATDIFF,KBBL,-,3
ZA,2025-03,ONONSPEC,STATDIFF,KBD,-,3
ZA,2025-03,ONONSPEC,STATDIFF,KL,-,3
ZA,2025-03,ONONSPEC,STATDIFF,KTONS,-,3
ZA,2025-03,ONONSPEC,STOCKCH,CONVBBL,0.0000,3
ZA,2025-03,ONONSPEC,STOCKCH,KBBL,-,3
ZA,2025-03,ONONSPEC,STOCKCH,KBD,x,3
ZA,2025-03,ONONSPEC,STOCKCH,KL,-,3
ZA,2025-03,ONONSPEC,STOCKCH,KTONS,-,3
ZA,2025-03,ONONSPEC,TOTDEMO,CONVBBL,0.0000,3
ZA,2025-03,ONONSPEC,TOTDEMO,KBBL,-,3
ZA,2025-03,ONONSPEC,TOTDEMO,KBD,-,3
ZA,2025-03,ONONSPEC,TOTDEMO,KL,-,3
ZA,2025-03,ONONSPEC,TOTDEMO,KTONS,-,3
ZA,2025-03,ONONSPEC,TOTEXPSB,CONVBBL,0.0000,3
ZA,2025-03,ONONSPEC,TOTEXPSB,KBBL,-,3
ZA,2025-03,ONONSPEC,TOTEXPSB,KBD,-,3
ZA,2025-03,ONONSPEC,TOTEXPSB,KL,-,3
ZA,2025-03,ONONSPEC,TOTEXPSB,KTONS,-,3
ZA,2025-03,ONONSPEC,TOTIMPSB,CONVBBL,0.0000,3
ZA,2025-03,ONONSPEC,TOTIMPSB,KBBL,-,3
ZA,2025-03,ONONSPEC,TOTIMPSB,KBD,-,3
ZA,2025-03,ONONSPEC,TOTIMPSB,KL,-,3
ZA,2025-03,ONONSPEC,TOTIMPSB,KTONS,-,3
ZA,2025-04,ONONSPEC,CLOSTLV,CONVBBL,0.0000,3
ZA,2025-04,ONONSPEC,CLOSTLV,KBBL,-,3
ZA,2025-04,ONONSPEC,CLOSTLV,KBD,x,3
ZA,2025-04,ONONSPEC,CLOSTLV,KL,-,3
ZA,2025-04,ONONSPEC,CLOSTLV,KTONS,-,3
ZA,2025-04,ONONSPEC,IPTRANSF,CONVBBL,0.0000,3
ZA,2025-04,ONONSPEC,IPTRANSF,KBBL,-,3
ZA,2025-04,ONONSPEC,IPTRANSF,KBD,-,3
ZA,2025-04,ONONSPEC,IPTRANSF,KL,-,3
ZA,2025-04,ONONSPEC,IPTRANSF,KTONS,-,3
ZA,2025-04,ONONSPEC,PTRANSF,CONVBBL,0.0000,3
ZA,2025-04,ONONSPEC,PTRANSF,KBBL,-,3
ZA,2025-04,ONONSPEC,PTRANSF,KBD,-,3
ZA,2025-04,ONONSPEC,PTRANSF,KL,-,3
ZA,2025-04,ONONSPEC,PTRANSF,KTONS,-,3
ZA,2025-04,ONONSPEC,RECEIPTS,CONVBBL,0.0000,3
ZA,2025-04,ONONSPEC,RECEIPTS,KBBL,-,3
ZA,2025-04,ONONSPEC,RECEIPTS,KBD,-,3
ZA,2025-04,ONONSPEC,RECEIPTS,KL,-,3
ZA,2025-04,ONONSPEC,RECEIPTS,KTONS,-,3
ZA,2025-04,ONONSPEC,REFGROUT,CONVBBL,0.0000,3
ZA,2025-04,ONONSPEC,REFGROUT,KBBL,-,3
ZA,2025-04,ONONSPEC,REFGROUT,KBD,-,3
ZA,2025-04,ONONSPEC,REFGROUT,KL,-,3
ZA,2025-04,ONONSPEC,REFGROUT,KTONS,-,3
ZA,2025-04,ONONSPEC,STATDIFF,CONVBBL,0.0000,3
ZA,2025-04,ONONSPEC,STATDIFF,KBBL,-,3
ZA,2025-04,ONONSPEC,STATDIFF,KBD,-,3
ZA,2025-04,ONONSPEC,STATDIFF,KL,-,3
ZA,2025-04,ONONSPEC,STATDIFF,KTONS,-,3
ZA,2025-04,ONONSPEC,STOCKCH,CONVBBL,0.0000,3
ZA,2025-04,ONONSPEC,STOCKCH,KBBL,-,3
ZA,2025-04,ONONSPEC,STOCKCH,KBD,x,3
ZA,2025-04,ONONSPEC,STOCKCH,KL,-,3
ZA,2025-04,ONONSPEC,STOCKCH,KTONS,-,3
ZA,2025-04,ONONSPEC,TOTDEMO,CONVBBL,0.0000,3
ZA,2025-04,ONONSPEC,TOTDEMO,KBBL,-,3
ZA,2025-04,ONONSPEC,TOTDEMO,KBD,-,3
ZA,2025-04,ONONSPEC,TOTDEMO,KL,-,3
ZA,2025-04,ONONSPEC,TOTDEMO,KTONS,-,3
ZA,2025-04,ONONSPEC,TOTEXPSB,CONVBBL,0.0000,3
ZA,2025-04,ONONSPEC,TOTEXPSB,KBBL,-,3
ZA,2025-04,ONONSPEC,TOTEXPSB,KBD,-,3
ZA,2025-04,ONONSPEC,TOTEXPSB,KL,-,3
ZA,2025-04,ONONSPEC,TOTEXPSB,KTONS,-,3
ZA,2025-04,ONONSPEC,TOTIMPSB,CONVBBL,0.0000,3
ZA,2025-04,ONONSPEC,TOTIMPSB,KBBL,-,3
ZA,2025-04,ONONSPEC,TOTIMPSB,KBD,-,3
ZA,2025-04,ONONSPEC,TOTIMPSB,KL,-,3
ZA,2025-04,ONONSPEC,TOTIMPSB,KTONS,-,3
ZA,2025-05,ONONSPEC,CLOSTLV,CONVBBL,0.0000,3
ZA,2025-05,ONONSPEC,CLOSTLV,KBBL,-,3
ZA,2025-05,ONONSPEC,CLOSTLV,KBD,x,3
ZA,2025-05,ONONSPEC,CLOSTLV,KL,-,3
ZA,2025-05,ONONSPEC,CLOSTLV,KTONS,-,3
ZA,2025-05,ONONSPEC,IPTRANSF,CONVBBL,0.0000,3
ZA,2025-05,ONONSPEC,IPTRANSF,KBBL,-,3
ZA,2025-05,ONONSPEC,IPTRANSF,KBD,-,3
ZA,2025-05,ONONSPEC,IPTRANSF,KL,-,3
ZA,2025-05,ONONSPEC,IPTRANSF,KTONS,-,3
ZA,2025-05,ONONSPEC,PTRANSF,CONVBBL,0.0000,3
ZA,2025-05,ONONSPEC,PTRANSF,KBBL,-,3
ZA,2025-05,ONONSPEC,PTRANSF,KBD,-,3
ZA,2025-05,ONONSPEC,PTRANSF,KL,-,3
ZA,2025-05,ONONSPEC,PTRANSF,KTONS,-,3
ZA,2025-05,ONONSPEC,RECEIPTS,CONVBBL,0.0000,3
ZA,2025-05,ONONSPEC,RECEIPTS,KBBL,-,3
ZA,2025-05,ONONSPEC,RECEIPTS,KBD,-,3
ZA,2025-05,ONONSPEC,RECEIPTS,KL,-,3
ZA,2025-05,ONONSPEC,RECEIPTS,KTONS,-,3
ZA,2025-05,ONONSPEC,REFGROUT,CONVBBL,0.0000,3
ZA,2025-05,ONONSPEC,REFGROUT,KBBL,-,3
ZA,2025-05,ONONSPEC,REFGROUT,KBD,-,3
ZA,2025-05,ONONSPEC,REFGROUT,KL,-,3
ZA,2025-05,ONONSPEC,REFGROUT,KTONS,-,3
ZA,2025-05,ONONSPEC,STATDIFF,CONVBBL,0.0000,3
ZA,2025-05,ONONSPEC,STATDIFF,KBBL,-,3
ZA,2025-05,ONONSPEC,STATDIFF,KBD,-,3
ZA,2025-05,ONONSPEC,STATDIFF,KL,-,3
ZA,2025-05,ONONSPEC,STATDIFF,KTONS,-,3
ZA,2025-05,ONONSPEC,STOCKCH,CONVBBL,0.0000,3
ZA,2025-05,ONONSPEC,STOCKCH,KBBL,-,3
ZA,2025-05,ONONSPEC,STOCKCH,KBD,x,3
ZA,2025-05,ONONSPEC,STOCKCH,KL,-,3
ZA,2025-05,ONONSPEC,STOCKCH,KTONS,-,3
ZA,2025-05,ONONSPEC,TOTDEMO,CONVBBL,0.0000,3
ZA,2025-05,ONONSPEC,TOTDEMO,KBBL,-,3
ZA,2025-05,ONONSPEC,TOTDEMO,KBD,-,3
ZA,2025-05,ONONSPEC,TOTDEMO,KL,-,3
ZA,2025-05,ONONSPEC,TOTDEMO,KTONS,-,3
ZA,2025-05,ONONSPEC,TOTEXPSB,CONVBBL,0.0000,3
ZA,2025-05,ONONSPEC,TOTEXPSB,KBBL,-,3
ZA,2025-05,ONONSPEC,TOTEXPSB,KBD,-,3
ZA,2025-05,ONONSPEC,TOTEXPSB,KL,-,3
ZA,2025-05,ONONSPEC,TOTEXPSB,KTONS,-,3
ZA,2025-05,ONONSPEC,TOTIMPSB,CONVBBL,0.0000,3
ZA,2025-05,ONONSPEC,TOTIMPSB,KBBL,-,3
ZA,2025-05,ONONSPEC,TOTIMPSB,KBD,-,3
ZA,2025-05,ONONSPEC,TOTIMPSB,KL,-,3
ZA,2025-05,ONONSPEC,TOTIMPSB,KTONS,-,3
ZA,2025-06,ONONSPEC,CLOSTLV,CONVBBL,0.0000,3
ZA,2025-06,ONONSPEC,CLOSTLV,KBBL,-,3
ZA,2025-06,ONONSPEC,CLOSTLV,KBD,x,3
ZA,2025-06,ONONSPEC,CLOSTLV,KL,-,3
ZA,2025-06,ONONSPEC,CLOSTLV,KTONS,-,3
ZA,2025-06,ONONSPEC,IPTRANSF,CONVBBL,0.0000,3
ZA,2025-06,ONONSPEC,IPTRANSF,KBBL,-,3
ZA,2025-06,ONONSPEC,IPTRANSF,KBD,-,3
ZA,2025-06,ONONSPEC,IPTRANSF,KL,-,3
ZA,2025-06,ONONSPEC,IPTRANSF,KTONS,-,3
ZA,2025-06,ONONSPEC,PTRANSF,CONVBBL,0.0000,3
ZA,2025-06,ONONSPEC,PTRANSF,KBBL,-,3
ZA,2025-06,ONONSPEC,PTRANSF,KBD,-,3
ZA,2025-06,ONONSPEC,PTRANSF,KL,-,3
ZA,2025-06,ONONSPEC,PTRANSF,KTONS,-,3
ZA,2025-06,ONONSPEC,RECEIPTS,CONVBBL,0.0000,3
ZA,2025-06,ONONSPEC,RECEIPTS,KBBL,-,3
ZA,2025-06,ONONSPEC,RECEIPTS,KBD,-,3
ZA,2025-06,ONONSPEC,RECEIPTS,KL,-,3
ZA,2025-06,ONONSPEC,RECEIPTS,KTONS,-,3
ZA,2025-06,ONONSPEC,REFGROUT,CONVBBL,0.0000,3
ZA,2025-06,ONONSPEC,REFGROUT,KBBL,-,3
ZA,2025-06,ONONSPEC,REFGROUT,KBD,-,3
ZA,2025-06,ONONSPEC,REFGROUT,KL,-,3
ZA,2025-06,ONONSPEC,REFGROUT,KTONS,-,3
ZA,2025-06,ONONSPEC,STATDIFF,CONVBBL,0.0000,3
ZA,2025-06,ONONSPEC,STATDIFF,KBBL,-,3
ZA,2025-06,ONONSPEC,STATDIFF,KBD,-,3
ZA,2025-06,ONONSPEC,STATDIFF,KL,-,3
ZA,2025-06,ONONSPEC,STATDIFF,KTONS,-,3
ZA,2025-06,ONONSPEC,STOCKCH,CONVBBL,0.0000,3
ZA,2025-06,ONONSPEC,STOCKCH,KBBL,-,3
ZA,2025-06,ONONSPEC,STOCKCH,KBD,x,3
ZA,2025-06,ONONSPEC,STOCKCH,KL,-,3
ZA,2025-06,ONONSPEC,STOCKCH,KTONS,-,3
ZA,2025-06,ONONSPEC,TOTDEMO,CONVBBL,0.0000,3
ZA,2025-06,ONONSPEC,TOTDEMO,KBBL,-,3
ZA,2025-06,ONONSPEC,TOTDEMO,KBD,-,3
ZA,2025-06,ONONSPEC,TOTDEMO,KL,-,3
ZA,2025-06,ONONSPEC,TOTDEMO,KTONS,-,3
ZA,2025-06,ONONSPEC,TOTEXPSB,CONVBBL,0.0000,3
ZA,2025-06,ONONSPEC,TOTEXPSB,KBBL,-,3
ZA,2025-06,ONONSPEC,TOTEXPSB,KBD,-,3
ZA,2025-06,ONONSPEC,TOTEXPSB,KL,-,3
ZA,2025-06,ONONSPEC,TOTEXPSB,KTONS,-,3
ZA,2025-06,ONONSPEC,TOTIMPSB,CONVBBL,0.0000,3
ZA,2025-06,ONONSPEC,TOTIMPSB,KBBL,-,3
ZA,2025-06,ONONSPEC,TOTIMPSB,KBD,-,3
ZA,2025-06,ONONSPEC,TOTIMPSB,KL,-,3
ZA,2025-06,ONONSPEC,TOTIMPSB,KTONS,-,3
ZA,2025-07,ONONSPEC,CLOSTLV,CONVBBL,0.0000,3
ZA,2025-07,ONONSPEC,CLOSTLV,KBBL,-,3
ZA,2025-07,ONONSPEC,CLOSTLV,KBD,x,3
ZA,2025-07,ONONSPEC,CLOSTLV,KL,-,3
ZA,2025-07,ONONSPEC,CLOSTLV,KTONS,-,3
ZA,2025-07,ONONSPEC,IPTRANSF,CONVBBL,0.0000,3
ZA,2025-07,ONONSPEC,IPTRANSF,KBBL,-,3
ZA,2025-07,ONONSPEC,IPTRANSF,KBD,-,3
ZA,2025-07,ONONSPEC,IPTRANSF,KL,-,3
ZA,2025-07,ONONSPEC,IPTRANSF,KTONS,-,3
ZA,2025-07,ONONSPEC,PTRANSF,CONVBBL,0.0000,3
ZA,2025-07,ONONSPEC,PTRANSF,KBBL,-,3
ZA,2025-07,ONONSPEC,PTRANSF,KBD,-,3
ZA,2025-07,ONONSPEC,PTRANSF,KL,-,3
ZA,2025-07,ONONSPEC,PTRANSF,KTONS,-,3
ZA,2025-07,ONONSPEC,RECEIPTS,CONVBBL,0.0000,3
ZA,2025-07,ONONSPEC,RECEIPTS,KBBL,-,3
ZA,2025-07,ONONSPEC,RECEIPTS,KBD,-,3
ZA,2025-07,ONONSPEC,RECEIPTS,KL,-,3
ZA,2025-07,ONONSPEC,RECEIPTS,KTONS,-,3
ZA,2025-07,ONONSPEC,REFGROUT,CONVBBL,0.0000,3
ZA,2025-07,ONONSPEC,REFGROUT,KBBL,-,3
ZA,2025-07,ONONSPEC,REFGROUT,KBD,-,3
ZA,2025-07,ONONSPEC,REFGROUT,KL,-,3
ZA,2025-07,ONONSPEC,REFGROUT,KTONS,-,3
ZA,2025-07,ONONSPEC,STATDIFF,CONVBBL,0.0000,3
ZA,2025-07,ONONSPEC,STATDIFF,KBBL,-,3
ZA,2025-07,ONONSPEC,STATDIFF,KBD,-,3
ZA,2025-07,ONONSPEC,STATDIFF,KL,-,3
ZA,2025-07,ONONSPEC,STATDIFF,KTONS,-,3
ZA,2025-07,ONONSPEC,STOCKCH,CONVBBL,0.0000,3
ZA,2025-07,ONONSPEC,STOCKCH,KBBL,-,3
ZA,2025-07,ONONSPEC,STOCKCH,KBD,x,3
ZA,2025-07,ONONSPEC,STOCKCH,KL,-,3
ZA,2025-07,ONONSPEC,STOCKCH,KTONS,-,3
ZA,2025-07,ONONSPEC,TOTDEMO,CONVBBL,0.0000,3
ZA,2025-07,ONONSPEC,TOTDEMO,KBBL,-,3
ZA,2025-07,ONONSPEC,TOTDEMO,KBD,-,3
ZA,2025-07,ONONSPEC,TOTDEMO,KL,-,3
ZA,2025-07,ONONSPEC,TOTDEMO,KTONS,-,3
ZA,2025-07,ONONSPEC,TOTEXPSB,CONVBBL,0.0000,3
ZA,2025-07,ONONSPEC,TOTEXPSB,KBBL,-,3
ZA,2025-07,ONONSPEC,TOTEXPSB,KBD,-,3
ZA,2025-07,ONONSPEC,TOTEXPSB,KL,-,3
ZA,2025-07,ONONSPEC,TOTEXPSB,KTONS,-,3
ZA,2025-07,ONONSPEC,TOTIMPSB,CONVBBL,0.0000,3
ZA,2025-07,ONONSPEC,TOTIMPSB,KBBL,-,3
ZA,2025-07,ONONSPEC,TOTIMPSB,KBD,-,3
ZA,2025-07,ONONSPEC,TOTIMPSB,KL,-,3
ZA,2025-07,ONONSPEC,TOTIMPSB,KTONS,-,3
ZA,2025-08,ONONSPEC,CLOSTLV,CONVBBL,0.0000,3
ZA,2025-08,ONONSPEC,CLOSTLV,KBBL,-,3
ZA,2025-08,ONONSPEC,CLOSTLV,KBD,x,3
ZA,2025-08,ONONSPEC,CLOSTLV,KL,-,3
ZA,2025-08,ONONSPEC,CLOSTLV,KTONS,-,3
ZA,2025-08,ONONSPEC,IPTRANSF,CONVBBL,0.0000,3
ZA,2025-08,ONONSPEC,IPTRANSF,KBBL,-,3
ZA,2025-08,ONONSPEC,IPTRANSF,KBD,-,3
ZA,2025-08,ONONSPEC,IPTRANSF,KL,-,3
ZA,2025-08,ONONSPEC,IPTRANSF,KTONS,-,3
ZA,2025-08,ONONSPEC,PTRANSF,CONVBBL,0.0000,3
ZA,2025-08,ONONSPEC,PTRANSF,KBBL,-,3
ZA,2025-08,ONONSPEC,PTRANSF,KBD,-,3
ZA,2025-08,ONONSPEC,PTRANSF,KL,-,3
ZA,2025-08,ONONSPEC,PTRANSF,KTONS,-,3
ZA,2025-08,ONONSPEC,RECEIPTS,CONVBBL,0.0000,3
ZA,2025-08,ONONSPEC,RECEIPTS,KBBL,-,3
ZA,2025-08,ONONSPEC,RECEIPTS,KBD,-,3
ZA,2025-08,ONONSPEC,RECEIPTS,KL,-,3
ZA,2025-08,ONONSPEC,RECEIPTS,KTONS,-,3
ZA,2025-08,ONONSPEC,REFGROUT,CONVBBL,0.0000,3
ZA,2025-08,ONONSPEC,REFGROUT,KBBL,-,3
ZA,2025-08,ONONSPEC,REFGROUT,KBD,-,3
ZA,2025-08,ONONSPEC,REFGROUT,KL,-,3
ZA,2025-08,ONONSPEC,REFGROUT,KTONS,-,3
ZA,2025-08,ONONSPEC,STATDIFF,CONVBBL,0.0000,3
ZA,2025-08,ONONSPEC,STATDIFF,KBBL,-,3
ZA,2025-08,ONONSPEC,STATDIFF,KBD,-,3
ZA,2025-08,ONONSPEC,STATDIFF,KL,-,3
ZA,2025-08,ONONSPEC,STATDIFF,KTONS,-,3
ZA,2025-08,ONONSPEC,STOCKCH,CONVBBL,0.0000,3
ZA,2025-08,ONONSPEC,STOCKCH,KBBL,-,3
ZA,2025-08,ONONSPEC,STOCKCH,KBD,x,3
ZA,2025-08,ONONSPEC,STOCKCH,KL,-,3
ZA,2025-08,ONONSPEC,STOCKCH,KTONS,-,3
ZA,2025-08,ONONSPEC,TOTDEMO,CONVBBL,0.0000,3
ZA,2025-08,ONONSPEC,TOTDEMO,KBBL,-,3
ZA,2025-08,ONONSPEC,TOTDEMO,KBD,-,3
ZA,2025-08,ONONSPEC,TOTDEMO,KL,-,3
ZA,2025-08,ONONSPEC,TOTDEMO,KTONS,-,3
ZA,2025-08,ONONSPEC,TOTEXPSB,CONVBBL,0.0000,3
ZA,2025-08,ONONSPEC,TOTEXPSB,KBBL,-,3
ZA,2025-08,ONONSPEC,TOTEXPSB,KBD,-,3
ZA,2025-08,ONONSPEC,TOTEXPSB,KL,-,3
ZA,2025-08,ONONSPEC,TOTEXPSB,KTONS,-,3
ZA,2025-08,ONONSPEC,TOTIMPSB,CONVBBL,0.0000,3
ZA,2025-08,ONONSPEC,TOTIMPSB,KBBL,-,3
ZA,2025-08,ONONSPEC,TOTIMPSB,KBD,-,3
ZA,2025-08,ONONSPEC,TOTIMPSB,KL,-,3
ZA,2025-08,ONONSPEC,TOTIMPSB,KTONS,-,3
ZA,2025-09,ONONSPEC,CLOSTLV,CONVBBL,0.0000,3
ZA,2025-09,ONONSPEC,CLOSTLV,KBBL,-,3
ZA,2025-09,ONONSPEC,CLOSTLV,KBD,x,3
ZA,2025-09,ONONSPEC,CLOSTLV,KL,-,3
ZA,2025-09,ONONSPEC,CLOSTLV,KTONS,-,3
ZA,2025-09,ONONSPEC,IPTRANSF,CONVBBL,0.0000,3
ZA,2025-09,ONONSPEC,IPTRANSF,KBBL,-,3
ZA,2025-09,ONONSPEC,IPTRANSF,KBD,-,3
ZA,2025-09,ONONSPEC,IPTRANSF,KL,-,3
ZA,2025-09,ONONSPEC,IPTRANSF,KTONS,-,3
ZA,2025-09,ONONSPEC,PTRANSF,CONVBBL,0.0000,3
ZA,2025-09,ONONSPEC,PTRANSF,KBBL,-,3
ZA,2025-09,ONONSPEC,PTRANSF,KBD,-,3
ZA,2025-09,ONONSPEC,PTRANSF,KL,-,3
ZA,2025-09,ONONSPEC,PTRANSF,KTONS,-,3
ZA,2025-09,ONONSPEC,RECEIPTS,CONVBBL,0.0000,3
ZA,2025-09,ONONSPEC,RECEIPTS,KBBL,-,3
ZA,2025-09,ONONSPEC,RECEIPTS,KBD,-,3
ZA,2025-09,ONONSPEC,RECEIPTS,KL,-,3
ZA,2025-09,ONONSPEC,RECEIPTS,KTONS,-,3
ZA,2025-09,ONONSPEC,REFGROUT,CONVBBL,0.0000,3
ZA,2025-09,ONONSPEC,REFGROUT,KBBL,-,3
ZA,2025-09,ONONSPEC,REFGROUT,KBD,-,3
ZA,2025-09,ONONSPEC,REFGROUT,KL,-,3
ZA,2025-09,ONONSPEC,REFGROUT,KTONS,-,3
ZA,2025-09,ONONSPEC,STATDIFF,CONVBBL,0.0000,3
ZA,2025-09,ONONSPEC,STATDIFF,KBBL,-,3
ZA,2025-09,ONONSPEC,STATDIFF,KBD,-,3
ZA,2025-09,ONONSPEC,STATDIFF,KL,-,3
ZA,2025-09,ONONSPEC,STATDIFF,KTONS,-,3
ZA,2025-09,ONONSPEC,STOCKCH,CONVBBL,0.0000,3
ZA,2025-09,ONONSPEC,STOCKCH,KBBL,-,3
ZA,2025-09,ONONSPEC,STOCKCH,KBD,x,3
ZA,2025-09,ONONSPEC,STOCKCH,KL,-,3
ZA,2025-09,ONONSPEC,STOCKCH,KTONS,-,3
ZA,2025-09,ONONSPEC,TOTDEMO,CONVBBL,0.0000,3
ZA,2025-09,ONONSPEC,TOTDEMO,KBBL,-,3
ZA,2025-09,ONONSPEC,TOTDEMO,KBD,-,3
ZA,2025-09,ONONSPEC,TOTDEMO,KL,-,3
ZA,2025-09,ONONSPEC,TOTDEMO,KTONS,-,3
ZA,2025-09,ONONSPEC,TOTEXPSB,CONVBBL,0.0000,3
ZA,2025-09,ONONSPEC,TOTEXPSB,KBBL,-,3
ZA,2025-09,ONONSPEC,TOTEXPSB,KBD,-,3
ZA,2025-09,ONONSPEC,TOTEXPSB,KL,-,3
ZA,2025-09,ONONSPEC,TOTEXPSB,KTONS,-,3
ZA,2025-09,ONONSPEC,TOTIMPSB,CONVBBL,0.0000,3
ZA,2025-09,ONONSPEC,TOTIMPSB,KBBL,-,3
ZA,2025-09,ONONSPEC,TOTIMPSB,KBD,-,3
ZA,2025-09,ONONSPEC,TOTIMPSB,KL,-,3
ZA,2025-09,ONONSPEC,TOTIMPSB,KTONS,-,3
ZA,2025-10,ONONSPEC,CLOSTLV,CONVBBL,0.0000,3
ZA,2025-10,ONONSPEC,CLOSTLV,KBBL,-,3
ZA,2025-10,ONONSPEC,CLOSTLV,KBD,x,3
ZA,2025-10,ONONSPEC,CLOSTLV,KL,-,3
ZA,2025-10,ONONSPEC,CLOSTLV,KTONS,-,3
ZA,2025-10,ONONSPEC,IPTRANSF,CONVBBL,0.0000,3
ZA,2025-10,ONONSPEC,IPTRANSF,KBBL,-,3
ZA,2025-10,ONONSPEC,IPTRANSF,KBD,-,3
ZA,2025-10,ONONSPEC,IPTRANSF,KL,-,3
ZA,2025-10,ONONSPEC,IPTRANSF,KTONS,-,3
ZA,2025-10,ONONSPEC,PTRANSF,CONVBBL,0.0000,3
ZA,2025-10,ONONSPEC,PTRANSF,KBBL,-,3
ZA,2025-10,ONONSPEC,PTRANSF,KBD,-,3
ZA,2025-10,ONONSPEC,PTRANSF,KL,-,3
ZA,2025-10,ONONSPEC,PTRANSF,KTONS,-,3
ZA,2025-10,ONONSPEC,RECEIPTS,CONVBBL,0.0000,3
ZA,2025-10,ONONSPEC,RECEIPTS,KBBL,-,3
ZA,2025-10,ONONSPEC,RECEIPTS,KBD,-,3
ZA,2025-10,ONONSPEC,RECEIPTS,KL,-,3
ZA,2025-10,ONONSPEC,RECEIPTS,KTONS,-,3
ZA,2025-10,ONONSPEC,REFGROUT,CONVBBL,0.0000,3
ZA,2025-10,ONONSPEC,REFGROUT,KBBL,-,3
ZA,2025-10,ONONSPEC,REFGROUT,KBD,-,3
ZA,2025-10,ONONSPEC,REFGROUT,KL,-,3
ZA,2025-10,ONONSPEC,REFGROUT,KTONS,-,3
ZA,2025-10,ONONSPEC,STATDIFF,CONVBBL,0.0000,3
ZA,2025-10,ONONSPEC,STATDIFF,KBBL,-,3
ZA,2025-10,ONONSPEC,STATDIFF,KBD,-,3
ZA,2025-10,ONONSPEC,STATDIFF,KL,-,3
ZA,2025-10,ONONSPEC,STATDIFF,KTONS,-,3
ZA,2025-10,ONONSPEC,STOCKCH,CONVBBL,0.0000,3
ZA,2025-10,ONONSPEC,STOCKCH,KBBL,-,3
ZA,2025-10,ONONSPEC,STOCKCH,KBD,x,3
ZA,2025-10,ONONSPEC,STOCKCH,KL,-,3
ZA,2025-10,ONONSPEC,STOCKCH,KTONS,-,3
ZA,2025-10,ONONSPEC,TOTDEMO,CONVBBL,0.0000,3
ZA,2025-10,ONONSPEC,TOTDEMO,KBBL,-,3
ZA,2025-10,ONONSPEC,TOTDEMO,KBD,-,3
ZA,2025-10,ONONSPEC,TOTDEMO,KL,-,3
ZA,2025-10,ONONSPEC,TOTDEMO,KTONS,-,3
ZA,2025-10,ONONSPEC,TOTEXPSB,CONVBBL,0.0000,3
ZA,2025-10,ONONSPEC,TOTEXPSB,KBBL,-,3
ZA,2025-10,ONONSPEC,TOTEXPSB,KBD,-,3
ZA,2025-10,ONONSPEC,TOTEXPSB,KL,-,3
ZA,2025-10,ONONSPEC,TOTEXPSB,KTONS,-,3
ZA,2025-10,ONONSPEC,TOTIMPSB,CONVBBL,0.0000,3
ZA,2025-10,ONONSPEC,TOTIMPSB,KBBL,-,3
ZA,2025-10,ONONSPEC,TOTIMPSB,KBD,-,3
ZA,2025-10,ONONSPEC,TOTIMPSB,KL,-,3
ZA,2025-10,ONONSPEC,TOTIMPSB,KTONS,-,3
ZA,2025-11,ONONSPEC,CLOSTLV,CONVBBL,0.0000,3
ZA,2025-11,ONONSPEC,CLOSTLV,KBBL,-,3
ZA,2025-11,ONONSPEC,CLOSTLV,KBD,x,3
ZA,2025-11,ONONSPEC,CLOSTLV,KL,-,3
ZA,2025-11,ONONSPEC,CLOSTLV,KTONS,-,3
ZA,2025-11,ONONSPEC,IPTRANSF,CONVBBL,0.0000,3
ZA,2025-11,ONONSPEC,IPTRANSF,KBBL,-,3
ZA,2025-11,ONONSPEC,IPTRANSF,KBD,-,3
ZA,2025-11,ONONSPEC,IPTRANSF,KL,-,3
ZA,2025-11,ONONSPEC,IPTRANSF,KTONS,-,3
ZA,2025-11,ONONSPEC,PTRANSF,CONVBBL,0.0000,3
ZA,2025-11,ONONSPEC,PTRANSF,KBBL,-,3
ZA,2025-11,ONONSPEC,PTRANSF,KBD,-,3
ZA,2025-11,ONONSPEC,PTRANSF,KL,-,3
ZA,2025-11,ONONSPEC,PTRANSF,KTONS,-,3
ZA,2025-11,ONONSPEC,RECEIPTS,CONVBBL,0.0000,3
ZA,2025-11,ONONSPEC,RECEIPTS,KBBL,-,3
ZA,2025-11,ONONSPEC,RECEIPTS,KBD,-,3
ZA,2025-11,ONONSPEC,RECEIPTS,KL,-,3
ZA,2025-11,ONONSPEC,RECEIPTS,KTONS,-,3
ZA,2025-11,ONONSPEC,REFGROUT,CONVBBL,0.0000,3
ZA,2025-11,ONONSPEC,REFGROUT,KBBL,-,3
ZA,2025-11,ONONSPEC,REFGROUT,KBD,-,3
ZA,2025-11,ONONSPEC,REFGROUT,KL,-,3
ZA,2025-11,ONONSPEC,REFGROUT,KTONS,-,3
ZA,2025-11,ONONSPEC,STATDIFF,CONVBBL,0.0000,3
ZA,2025-11,ONONSPEC,STATDIFF,KBBL,-,3
ZA,2025-11,ONONSPEC,STATDIFF,KBD,-,3
ZA,2025-11,ONONSPEC,STATDIFF,KL,-,3
ZA,2025-11,ONONSPEC,STATDIFF,KTONS,-,3
ZA,2025-11,ONONSPEC,STOCKCH,CONVBBL,0.0000,3
ZA,2025-11,ONONSPEC,STOCKCH,KBBL,-,3
ZA,2025-11,ONONSPEC,STOCKCH,KBD,x,3
ZA,2025-11,ONONSPEC,STOCKCH,KL,-,3
ZA,2025-11,ONONSPEC,STOCKCH,KTONS,-,3
ZA,2025-11,ONONSPEC,TOTDEMO,CONVBBL,0.0000,3
ZA,2025-11,ONONSPEC,TOTDEMO,KBBL,-,3
ZA,2025-11,ONONSPEC,TOTDEMO,KBD,-,3
ZA,2025-11,ONONSPEC,TOTDEMO,KL,-,3
ZA,2025-11,ONONSPEC,TOTDEMO,KTONS,-,3
ZA,2025-11,ONONSPEC,TOTEXPSB,CONVBBL,0.0000,3
ZA,2025-11,ONONSPEC,TOTEXPSB,KBBL,-,3
ZA,2025-11,ONONSPEC,TOTEXPSB,KBD,-,3
ZA,2025-11,ONONSPEC,TOTEXPSB,KL,-,3
ZA,2025-11,ONONSPEC,TOTEXPSB,KTONS,-,3
ZA,2025-11,ONONSPEC,TOTIMPSB,CONVBBL,0.0000,3
ZA,2025-11,ONONSPEC,TOTIMPSB,KBBL,-,3
ZA,2025-11,ONONSPEC,TOTIMPSB,KBD,-,3
ZA,2025-11,ONONSPEC,TOTIMPSB,KL,-,3
ZA,2025-11,ONONSPEC,TOTIMPSB,KTONS,-,3
ZA,2025-12,ONONSPEC,CLOSTLV,CONVBBL,0.0000,3
ZA,2025-12,ONONSPEC,CLOSTLV,KBBL,-,3
ZA,2025-12,ONONSPEC,CLOSTLV,KBD,x,3
ZA,2025-12,ONONSPEC,CLOSTLV,KL,-,3
ZA,2025-12,ONONSPEC,CLOSTLV,KTONS,-,3
ZA,2025-12,ONONSPEC,IPTRANSF,CONVBBL,0.0000,3
ZA,2025-12,ONONSPEC,IPTRANSF,KBBL,-,3
ZA,2025-12,ONONSPEC,IPTRANSF,KBD,-,3
ZA,2025-12,ONONSPEC,IPTRANSF,KL,-,3
ZA,2025-12,ONONSPEC,IPTRANSF,KTONS,-,3
ZA,2025-12,ONONSPEC,PTRANSF,CONVBBL,0.0000,3
ZA,2025-12,ONONSPEC,PTRANSF,KBBL,-,3
ZA,2025-12,ONONSPEC,PTRANSF,KBD,-,3
ZA,2025-12,ONONSPEC,PTRANSF,KL,-,3
ZA,2025-12,ONONSPEC,PTRANSF,KTONS,-,3
ZA,2025-12,ONONSPEC,RECEIPTS,CONVBBL,0.0000,3
ZA,2025-12,ONONSPEC,RECEIPTS,KBBL,-,3
ZA,2025-12,ONONSPEC,RECEIPTS,KBD,-,3
ZA,2025-12,ONONSPEC,RECEIPTS,KL,-,3
ZA,2025-12,ONONSPEC,RECEIPTS,KTONS,-,3
ZA,2025-12,ONONSPEC,REFGROUT,CONVBBL,0.0000,3
ZA,2025-12,ONONSPEC,REFGROUT,KBBL,-,3
ZA,2025-12,ONONSPEC,REFGROUT,KBD,-,3
ZA,2025-12,ONONSPEC,REFGROUT,KL,-,3
ZA,2025-12,ONONSPEC,REFGROUT,KTONS,-,3
ZA,2025-12,ONONSPEC,STATDIFF,CONVBBL,0.0000,3
ZA,2025-12,ONONSPEC,STATDIFF,KBBL,-,3
ZA,2025-12,ONONSPEC,STATDIFF,KBD,-,3
ZA,2025-12,ONONSPEC,STATDIFF,KL,-,3
ZA,2025-12,ONONSPEC,STATDIFF,KTONS,-,3
ZA,2025-12,ONONSPEC,STOCKCH,CONVBBL,0.0000,3
ZA,2025-12,ONONSPEC,STOCKCH,KBBL,-,3
ZA,2025-12,ONONSPEC,STOCKCH,KBD,x,3
ZA,2025-12,ONONSPEC,STOCKCH,KL,-,3
ZA,2025-12,ONONSPEC,STOCKCH,KTONS,-,3
ZA,2025-12,ONONSPEC,TOTDEMO,CONVBBL,0.0000,3
ZA,2025-12,ONONSPEC,TOTDEMO,KBBL,-,3
ZA,2025-12,ONONSPEC,TOTDEMO,KBD,-,3
ZA,2025-12,ONONSPEC,TOTDEMO,KL,-,3
ZA,2025-12,ONONSPEC,TOTDEMO,KTONS,-,3
ZA,2025-12,ONONSPEC,TOTEXPSB,CONVBBL,0.0000,3
ZA,2025-12,ONONSPEC,TOTEXPSB,KBBL,-,3
ZA,2025-12,ONONSPEC,TOTEXPSB,KBD,-,3
ZA,2025-12,ONONSPEC,TOTEXPSB,KL,-,3
ZA,2025-12,ONONSPEC,TOTEXPSB,KTONS,-,3
ZA,2025-12,ONONSPEC,TOTIMPSB,CONVBBL,0.0000,3
ZA,2025-12,ONONSPEC,TOTIMPSB,KBBL,-,3
ZA,2025-12,ONONSPEC,TOTIMPSB,KBD,-,3
ZA,2025-12,ONONSPEC,TOTIMPSB,KL,-,3
ZA,2025-12,ONONSPEC,TOTIMPSB,KTONS,-,3
ZA,2025-01,RESFUEL,CLOSTLV,CONVBBL,6491.0000,3
ZA,2025-01,RESFUEL,CLOSTLV,KBBL,-,3
ZA,2025-01,RESFUEL,CLOSTLV,KBD,x,3
ZA,2025-01,RESFUEL,CLOSTLV,KL,-,3
ZA,2025-01,RESFUEL,CLOSTLV,KTONS,-,3
ZA,2025-01,RESFUEL,IPTRANSF,CONVBBL,6491.0000,3
ZA,2025-01,RESFUEL,IPTRANSF,KBBL,-,3
ZA,2025-01,RESFUEL,IPTRANSF,KBD,-,3
ZA,2025-01,RESFUEL,IPTRANSF,KL,-,3
ZA,2025-01,RESFUEL,IPTRANSF,KTONS,-,3
ZA,2025-01,RESFUEL,PTRANSF,CONVBBL,6491.0000,3
ZA,2025-01,RESFUEL,PTRANSF,KBBL,-,3
ZA,2025-01,RESFUEL,PTRANSF,KBD,-,3
ZA,2025-01,RESFUEL,PTRANSF,KL,-,3
ZA,2025-01,RESFUEL,PTRANSF,KTONS,-,3
ZA,2025-01,RESFUEL,RECEIPTS,CONVBBL,6491.0000,3
ZA,2025-01,RESFUEL,RECEIPTS,KBBL,-,3
ZA,2025-01,RESFUEL,RECEIPTS,KBD,-,3
ZA,2025-01,RESFUEL,RECEIPTS,KL,-,3
ZA,2025-01,RESFUEL,RECEIPTS,KTONS,-,3
ZA,2025-01,RESFUEL,REFGROUT,CONVBBL,6491.0000,3
ZA,2025-01,RESFUEL,REFGROUT,KBBL,-,3
ZA,2025-01,RESFUEL,REFGROUT,KBD,-,3
ZA,2025-01,RESFUEL,REFGROUT,KL,-,3
ZA,2025-01,RESFUEL,REFGROUT,KTONS,-,3
ZA,2025-01,RESFUEL,STATDIFF,CONVBBL,6491.0000,3
ZA,2025-01,RESFUEL,STATDIFF,KBBL,-,3
ZA,2025-01,RESFUEL,STATDIFF,KBD,-,3
ZA,2025-01,RESFUEL,STATDIFF,KL,-,3
ZA,2025-01,RESFUEL,STATDIFF,KTONS,-,3
ZA,2025-01,RESFUEL,STOCKCH,CONVBBL,6491.0000,3
ZA,2025-01,RESFUEL,STOCKCH,KBBL,-,3
ZA,2025-01,RESFUEL,STOCKCH,KBD,x,3
ZA,2025-01,RESFUEL,STOCKCH,KL,-,3
ZA,2025-01,RESFUEL,STOCKCH,KTONS,-,3
ZA,2025-01,RESFUEL,TOTDEMO,CONVBBL,6491.0000,3
ZA,2025-01,RESFUEL,TOTDEMO,KBBL,-,3
ZA,2025-01,RESFUEL,TOTDEMO,KBD,-,3
ZA,2025-01,RESFUEL,TOTDEMO,KL,-,3
ZA,2025-01,RESFUEL,TOTDEMO,KTONS,-,3
ZA,2025-01,RESFUEL,TOTEXPSB,CONVBBL,6491.0000,3
ZA,2025-01,RESFUEL,TOTEXPSB,KBBL,-,3
ZA,2025-01,RESFUEL,TOTEXPSB,KBD,-,3
ZA,2025-01,RESFUEL,TOTEXPSB,KL,-,3
ZA,2025-01,RESFUEL,TOTEXPSB,KTONS,-,3
ZA,2025-01,RESFUEL,TOTIMPSB,CONVBBL,6491.0000,3
ZA,2025-01,RESFUEL,TOTIMPSB,KBBL,-,3
ZA,2025-01,RESFUEL,TOTIMPSB,KBD,-,3
ZA,2025-01,RESFUEL,TOTIMPSB,KL,-,3
ZA,2025-01,RESFUEL,TOTIMPSB,KTONS,-,3
ZA,2025-02,RESFUEL,CLOSTLV,CONVBBL,6491.0000,3
ZA,2025-02,RESFUEL,CLOSTLV,KBBL,-,3
ZA,2025-02,RESFUEL,CLOSTLV,KBD,x,3
ZA,2025-02,RESFUEL,CLOSTLV,KL,-,3
ZA,2025-02,RESFUEL,CLOSTLV,KTONS,-,3
ZA,2025-02,RESFUEL,IPTRANSF,CONVBBL,6491.0000,3
ZA,2025-02,RESFUEL,IPTRANSF,KBBL,-,3
ZA,2025-02,RESFUEL,IPTRANSF,KBD,-,3
ZA,2025-02,RESFUEL,IPTRANSF,KL,-,3
ZA,2025-02,RESFUEL,IPTRANSF,KTONS,-,3
ZA,2025-02,RESFUEL,PTRANSF,CONVBBL,6491.0000,3
ZA,2025-02,RESFUEL,PTRANSF,KBBL,-,3
ZA,2025-02,RESFUEL,PTRANSF,KBD,-,3
ZA,2025-02,RESFUEL,PTRANSF,KL,-,3
ZA,2025-02,RESFUEL,PTRANSF,KTONS,-,3
ZA,2025-02,RESFUEL,RECEIPTS,CONVBBL,6491.0000,3
ZA,2025-02,RESFUEL,RECEIPTS,KBBL,-,3
ZA,2025-02,RESFUEL,RECEIPTS,KBD,-,3
ZA,2025-02,RESFUEL,RECEIPTS,KL,-,3
ZA,2025-02,RESFUEL,RECEIPTS,KTONS,-,3
ZA,2025-02,RESFUEL,REFGROUT,CONVBBL,6491.0000,3
ZA,2025-02,RESFUEL,REFGROUT,KBBL,-,3
ZA,2025-02,RESFUEL,REFGROUT,KBD,-,3
ZA,2025-02,RESFUEL,REFGROUT,KL,-,3
ZA,2025-02,RESFUEL,REFGROUT,KTONS,-,3
ZA,2025-02,RESFUEL,STATDIFF,CONVBBL,6491.0000,3
ZA,2025-02,RESFUEL,STATDIFF,KBBL,-,3
ZA,2025-02,RESFUEL,STATDIFF,KBD,-,3
ZA,2025-02,RESFUEL,STATDIFF,KL,-,3
ZA,2025-02,RESFUEL,STATDIFF,KTONS,-,3
ZA,2025-02,RESFUEL,STOCKCH,CONVBBL,6491.0000,3
ZA,2025-02,RESFUEL,STOCKCH,KBBL,-,3
ZA,2025-02,RESFUEL,STOCKCH,KBD,x,3
ZA,2025-02,RESFUEL,STOCKCH,KL,-,3
ZA,2025-02,RESFUEL,STOCKCH,KTONS,-,3
ZA,2025-02,RESFUEL,TOTDEMO,CONVBBL,6491.0000,3
ZA,2025-02,RESFUEL,TOTDEMO,KBBL,-,3
ZA,2025-02,RESFUEL,TOTDEMO,KBD,-,3
ZA,2025-02,RESFUEL,TOTDEMO,KL,-,3
ZA,2025-02,RESFUEL,TOTDEMO,KTONS,-,3
ZA,2025-02,RESFUEL,TOTEXPSB,CONVBBL,6491.0000,3
ZA,2025-02,RESFUEL,TOTEXPSB,KBBL,-,3
ZA,2025-02,RESFUEL,TOTEXPSB,KBD,-,3
ZA,2025-02,RESFUEL,TOTEXPSB,KL,-,3
ZA,2025-02,RESFUEL,TOTEXPSB,KTONS,-,3
ZA,2025-02,RESFUEL,TOTIMPSB,CONVBBL,6491.0000,3
ZA,2025-02,RESFUEL,TOTIMPSB,KBBL,-,3
ZA,2025-02,RESFUEL,TOTIMPSB,KBD,-,3
ZA,2025-02,RESFUEL,TOTIMPSB,KL,-,3
ZA,2025-02,RESFUEL,TOTIMPSB,KTONS,-,3
ZA,2025-03,RESFUEL,CLOSTLV,CONVBBL,6491.0000,3
ZA,2025-03,RESFUEL,CLOSTLV,KBBL,-,3
ZA,2025-03,RESFUEL,CLOSTLV,KBD,x,3
ZA,2025-03,RESFUEL,CLOSTLV,KL,-,3
ZA,2025-03,RESFUEL,CLOSTLV,KTONS,-,3
ZA,2025-03,RESFUEL,IPTRANSF,CONVBBL,6491.0000,3
ZA,2025-03,RESFUEL,IPTRANSF,KBBL,-,3
ZA,2025-03,RESFUEL,IPTRANSF,KBD,-,3
ZA,2025-03,RESFUEL,IPTRANSF,KL,-,3
ZA,2025-03,RESFUEL,IPTRANSF,KTONS,-,3
ZA,2025-03,RESFUEL,PTRANSF,CONVBBL,6491.0000,3
ZA,2025-03,RESFUEL,PTRANSF,KBBL,-,3
ZA,2025-03,RESFUEL,PTRANSF,KBD,-,3
ZA,2025-03,RESFUEL,PTRANSF,KL,-,3
ZA,2025-03,RESFUEL,PTRANSF,KTONS,-,3
ZA,2025-03,RESFUEL,RECEIPTS,CONVBBL,6491.0000,3
ZA,2025-03,RESFUEL,RECEIPTS,KBBL,-,3
ZA,2025-03,RESFUEL,RECEIPTS,KBD,-,3
ZA,2025-03,RESFUEL,RECEIPTS,KL,-,3
ZA,2025-03,RESFUEL,RECEIPTS,KTONS,-,3
ZA,2025-03,RESFUEL,REFGROUT,CONVBBL,6491.0000,3
ZA,2025-03,RESFUEL,REFGROUT,KBBL,-,3
ZA,2025-03,RESFUEL,REFGROUT,KBD,-,3
ZA,2025-03,RESFUEL,REFGROUT,KL,-,3
ZA,2025-03,RESFUEL,REFGROUT,KTONS,-,3
ZA,2025-03,RESFUEL,STATDIFF,CONVBBL,6491.0000,3
ZA,2025-03,RESFUEL,STATDIFF,KBBL,-,3
ZA,2025-03,RESFUEL,STATDIFF,KBD,-,3
ZA,2025-03,RESFUEL,STATDIFF,KL,-,3
ZA,2025-03,RESFUEL,STATDIFF,KTONS,-,3
ZA,2025-03,RESFUEL,STOCKCH,CONVBBL,6491.0000,3
ZA,2025-03,RESFUEL,STOCKCH,KBBL,-,3
ZA,2025-03,RESFUEL,STOCKCH,KBD,x,3
ZA,2025-03,RESFUEL,STOCKCH,KL,-,3
ZA,2025-03,RESFUEL,STOCKCH,KTONS,-,3
ZA,2025-03,RESFUEL,TOTDEMO,CONVBBL,6491.0000,3
ZA,2025-03,RESFUEL,TOTDEMO,KBBL,-,3
ZA,2025-03,RESFUEL,TOTDEMO,KBD,-,3
ZA,2025-03,RESFUEL,TOTDEMO,KL,-,3
ZA,2025-03,RESFUEL,TOTDEMO,KTONS,-,3
ZA,2025-03,RESFUEL,TOTEXPSB,CONVBBL,6491.0000,3
ZA,2025-03,RESFUEL,TOTEXPSB,KBBL,-,3
ZA,2025-03,RESFUEL,TOTEXPSB,KBD,-,3
ZA,2025-03,RESFUEL,TOTEXPSB,KL,-,3
ZA,2025-03,RESFUEL,TOTEXPSB,KTONS,-,3
ZA,2025-03,RESFUEL,TOTIMPSB,CONVBBL,6491.0000,3
ZA,2025-03,RESFUEL,TOTIMPSB,KBBL,-,3
ZA,2025-03,RESFUEL,TOTIMPSB,KBD,-,3
ZA,2025-03,RESFUEL,TOTIMPSB,KL,-,3
ZA,2025-03,RESFUEL,TOTIMPSB,KTONS,-,3
ZA,2025-04,RESFUEL,CLOSTLV,CONVBBL,6491.0000,3
ZA,2025-04,RESFUEL,CLOSTLV,KBBL,-,3
ZA,2025-04,RESFUEL,CLOSTLV,KBD,x,3
ZA,2025-04,RESFUEL,CLOSTLV,KL,-,3
ZA,2025-04,RESFUEL,CLOSTLV,KTONS,-,3
ZA,2025-04,RESFUEL,IPTRANSF,CONVBBL,6491.0000,3
ZA,2025-04,RESFUEL,IPTRANSF,KBBL,-,3
ZA,2025-04,RESFUEL,IPTRANSF,KBD,-,3
ZA,2025-04,RESFUEL,IPTRANSF,KL,-,3
ZA,2025-04,RESFUEL,IPTRANSF,KTONS,-,3
ZA,2025-04,RESFUEL,PTRANSF,CONVBBL,6491.0000,3
ZA,2025-04,RESFUEL,PTRANSF,KBBL,-,3
ZA,2025-04,RESFUEL,PTRANSF,KBD,-,3
ZA,2025-04,RESFUEL,PTRANSF,KL,-,3
ZA,2025-04,RESFUEL,PTRANSF,KTONS,-,3
ZA,2025-04,RESFUEL,RECEIPTS,CONVBBL,6491.0000,3
ZA,2025-04,RESFUEL,RECEIPTS,KBBL,-,3
ZA,2025-04,RESFUEL,RECEIPTS,KBD,-,3
ZA,2025-04,RESFUEL,RECEIPTS,KL,-,3
ZA,2025-04,RESFUEL,RECEIPTS,KTONS,-,3
ZA,2025-04,RESFUEL,REFGROUT,CONVBBL,6491.0000,3
ZA,2025-04,RESFUEL,REFGROUT,KBBL,-,3
ZA,2025-04,RESFUEL,REFGROUT,KBD,-,3
ZA,2025-04,RESFUEL,REFGROUT,KL,-,3
ZA,2025-04,RESFUEL,REFGROUT,KTONS,-,3
ZA,2025-04,RESFUEL,STATDIFF,CONVBBL,6491.0000,3
ZA,2025-04,RESFUEL,STATDIFF,KBBL,-,3
ZA,2025-04,RESFUEL,STATDIFF,KBD,-,3
ZA,2025-04,RESFUEL,STATDIFF,KL,-,3
ZA,2025-04,RESFUEL,STATDIFF,KTONS,-,3
ZA,2025-04,RESFUEL,STOCKCH,CONVBBL,6491.0000,3
ZA,2025-04,RESFUEL,STOCKCH,KBBL,-,3
ZA,2025-04,RESFUEL,STOCKCH,KBD,x,3
ZA,2025-04,RESFUEL,STOCKCH,KL,-,3
ZA,2025-04,RESFUEL,STOCKCH,KTONS,-,3
ZA,2025-04,RESFUEL,TOTDEMO,CONVBBL,6491.0000,3
ZA,2025-04,RESFUEL,TOTDEMO,KBBL,-,3
ZA,2025-04,RESFUEL,TOTDEMO,KBD,-,3
ZA,2025-04,RESFUEL,TOTDEMO,KL,-,3
ZA,2025-04,RESFUEL,TOTDEMO,KTONS,-,3
ZA,2025-04,RESFUEL,TOTEXPSB,CONVBBL,6491.0000,3
ZA,2025-04,RESFUEL,TOTEXPSB,KBBL,-,3
ZA,2025-04,RESFUEL,TOTEXPSB,KBD,-,3
ZA,2025-04,RESFUEL,TOTEXPSB,KL,-,3
ZA,2025-04,RESFUEL,TOTEXPSB,KTONS,-,3
ZA,2025-04,RESFUEL,TOTIMPSB,CONVBBL,6491.0000,3
ZA,2025-04,RESFUEL,TOTIMPSB,KBBL,-,3
ZA,2025-04,RESFUEL,TOTIMPSB,KBD,-,3
ZA,2025-04,RESFUEL,TOTIMPSB,KL,-,3
ZA,2025-04,RESFUEL,TOTIMPSB,KTONS,-,3
ZA,2025-05,RESFUEL,CLOSTLV,CONVBBL,6491.0000,3
ZA,2025-05,RESFUEL,CLOSTLV,KBBL,-,3
ZA,2025-05,RESFUEL,CLOSTLV,KBD,x,3
ZA,2025-05,RESFUEL,CLOSTLV,KL,-,3
ZA,2025-05,RESFUEL,CLOSTLV,KTONS,-,3
ZA,2025-05,RESFUEL,IPTRANSF,CONVBBL,6491.0000,3
ZA,2025-05,RESFUEL,IPTRANSF,KBBL,-,3
ZA,2025-05,RESFUEL,IPTRANSF,KBD,-,3
ZA,2025-05,RESFUEL,IPTRANSF,KL,-,3
ZA,2025-05,RESFUEL,IPTRANSF,KTONS,-,3
ZA,2025-05,RESFUEL,PTRANSF,CONVBBL,6491.0000,3
ZA,2025-05,RESFUEL,PTRANSF,KBBL,-,3
ZA,2025-05,RESFUEL,PTRANSF,KBD,-,3
ZA,2025-05,RESFUEL,PTRANSF,KL,-,3
ZA,2025-05,RESFUEL,PTRANSF,KTONS,-,3
ZA,2025-05,RESFUEL,RECEIPTS,CONVBBL,6491.0000,3
ZA,2025-05,RESFUEL,RECEIPTS,KBBL,-,3
ZA,2025-05,RESFUEL,RECEIPTS,KBD,-,3
ZA,2025-05,RESFUEL,RECEIPTS,KL,-,3
ZA,2025-05,RESFUEL,RECEIPTS,KTONS,-,3
ZA,2025-05,RESFUEL,REFGROUT,CONVBBL,6491.0000,3
ZA,2025-05,RESFUEL,REFGROUT,KBBL,-,3
ZA,2025-05,RESFUEL,REFGROUT,KBD,-,3
ZA,2025-05,RESFUEL,REFGROUT,KL,-,3
ZA,2025-05,RESFUEL,REFGROUT,KTONS,-,3
ZA,2025-05,RESFUEL,STATDIFF,CONVBBL,6491.0000,3
ZA,2025-05,RESFUEL,STATDIFF,KBBL,-,3
ZA,2025-05,RESFUEL,STATDIFF,KBD,-,3
ZA,2025-05,RESFUEL,STATDIFF,KL,-,3
ZA,2025-05,RESFUEL,STATDIFF,KTONS,-,3
ZA,2025-05,RESFUEL,STOCKCH,CONVBBL,6491.0000,3
ZA,2025-05,RESFUEL,STOCKCH,KBBL,-,3
ZA,2025-05,RESFUEL,STOCKCH,KBD,x,3
ZA,2025-05,RESFUEL,STOCKCH,KL,-,3
ZA,2025-05,RESFUEL,STOCKCH,KTONS,-,3
ZA,2025-05,RESFUEL,TOTDEMO,CONVBBL,6491.0000,3
ZA,2025-05,RESFUEL,TOTDEMO,KBBL,-,3
ZA,2025-05,RESFUEL,TOTDEMO,KBD,-,3
ZA,2025-05,RESFUEL,TOTDEMO,KL,-,3
ZA,2025-05,RESFUEL,TOTDEMO,KTONS,-,3
ZA,2025-05,RESFUEL,TOTEXPSB,CONVBBL,6491.0000,3
ZA,2025-05,RESFUEL,TOTEXPSB,KBBL,-,3
ZA,2025-05,RESFUEL,TOTEXPSB,KBD,-,3
ZA,2025-05,RESFUEL,TOTEXPSB,KL,-,3
ZA,2025-05,RESFUEL,TOTEXPSB,KTONS,-,3
ZA,2025-05,RESFUEL,TOTIMPSB,CONVBBL,6491.0000,3
ZA,2025-05,RESFUEL,TOTIMPSB,KBBL,-,3
ZA,2025-05,RESFUEL,TOTIMPSB,KBD,-,3
ZA,2025-05,RESFUEL,TOTIMPSB,KL,-,3
ZA,2025-05,RESFUEL,TOTIMPSB,KTONS,-,3
ZA,2025-06,RESFUEL,CLOSTLV,CONVBBL,6491.0000,3
ZA,2025-06,RESFUEL,CLOSTLV,KBBL,-,3
ZA,2025-06,RESFUEL,CLOSTLV,KBD,x,3
ZA,2025-06,RESFUEL,CLOSTLV,KL,-,3
ZA,2025-06,RESFUEL,CLOSTLV,KTONS,-,3
ZA,2025-06,RESFUEL,IPTRANSF,CONVBBL,6491.0000,3
ZA,2025-06,RESFUEL,IPTRANSF,KBBL,-,3
ZA,2025-06,RESFUEL,IPTRANSF,KBD,-,3
ZA,2025-06,RESFUEL,IPTRANSF,KL,-,3
ZA,2025-06,RESFUEL,IPTRANSF,KTONS,-,3
ZA,2025-06,RESFUEL,PTRANSF,CONVBBL,6491.0000,3
ZA,2025-06,RESFUEL,PTRANSF,KBBL,-,3
ZA,2025-06,RESFUEL,PTRANSF,KBD,-,3
ZA,2025-06,RESFUEL,PTRANSF,KL,-,3
ZA,2025-06,RESFUEL,PTRANSF,KTONS,-,3
ZA,2025-06,RESFUEL,RECEIPTS,CONVBBL,6491.0000,3
ZA,2025-06,RESFUEL,RECEIPTS,KBBL,-,3
ZA,2025-06,RESFUEL,RECEIPTS,KBD,-,3
ZA,2025-06,RESFUEL,RECEIPTS,KL,-,3
ZA,2025-06,RESFUEL,RECEIPTS,KTONS,-,3
ZA,2025-06,RESFUEL,REFGROUT,CONVBBL,6491.0000,3
ZA,2025-06,RESFUEL,REFGROUT,KBBL,-,3
ZA,2025-06,RESFUEL,REFGROUT,KBD,-,3
ZA,2025-06,RESFUEL,REFGROUT,KL,-,3
ZA,2025-06,RESFUEL,REFGROUT,KTONS,-,3
ZA,2025-06,RESFUEL,STATDIFF,CONVBBL,6491.0000,3
ZA,2025-06,RESFUEL,STATDIFF,KBBL,-,3
ZA,2025-06,RESFUEL,STATDIFF,KBD,-,3
ZA,2025-06,RESFUEL,STATDIFF,KL,-,3
ZA,2025-06,RESFUEL,STATDIFF,KTONS,-,3
ZA,2025-06,RESFUEL,STOCKCH,CONVBBL,6491.0000,3
ZA,2025-06,RESFUEL,STOCKCH,KBBL,-,3
ZA,2025-06,RESFUEL,STOCKCH,KBD,x,3
ZA,2025-06,RESFUEL,STOCKCH,KL,-,3
ZA,2025-06,RESFUEL,STOCKCH,KTONS,-,3
ZA,2025-06,RESFUEL,TOTDEMO,CONVBBL,6491.0000,3
ZA,2025-06,RESFUEL,TOTDEMO,KBBL,-,3
ZA,2025-06,RESFUEL,TOTDEMO,KBD,-,3
ZA,2025-06,RESFUEL,TOTDEMO,KL,-,3
ZA,2025-06,RESFUEL,TOTDEMO,KTONS,-,3
ZA,2025-06,RESFUEL,TOTEXPSB,CONVBBL,6491.0000,3
ZA,2025-06,RESFUEL,TOTEXPSB,KBBL,-,3
ZA,2025-06,RESFUEL,TOTEXPSB,KBD,-,3
ZA,2025-06,RESFUEL,TOTEXPSB,KL,-,3
ZA,2025-06,RESFUEL,TOTEXPSB,KTONS,-,3
ZA,2025-06,RESFUEL,TOTIMPSB,CONVBBL,6491.0000,3
ZA,2025-06,RESFUEL,TOTIMPSB,KBBL,-,3
ZA,2025-06,RESFUEL,TOTIMPSB,KBD,-,3
ZA,2025-06,RESFUEL,TOTIMPSB,KL,-,3
ZA,2025-06,RESFUEL,TOTIMPSB,KTONS,-,3
ZA,2025-07,RESFUEL,CLOSTLV,CONVBBL,6491.0000,3
ZA,2025-07,RESFUEL,CLOSTLV,KBBL,-,3
ZA,2025-07,RESFUEL,CLOSTLV,KBD,x,3
ZA,2025-07,RESFUEL,CLOSTLV,KL,-,3
ZA,2025-07,RESFUEL,CLOSTLV,KTONS,-,3
ZA,2025-07,RESFUEL,IPTRANSF,CONVBBL,6491.0000,3
ZA,2025-07,RESFUEL,IPTRANSF,KBBL,-,3
ZA,2025-07,RESFUEL,IPTRANSF,KBD,-,3
ZA,2025-07,RESFUEL,IPTRANSF,KL,-,3
ZA,2025-07,RESFUEL,IPTRANSF,KTONS,-,3
ZA,2025-07,RESFUEL,PTRANSF,CONVBBL,6491.0000,3
ZA,2025-07,RESFUEL,PTRANSF,KBBL,-,3
ZA,2025-07,RESFUEL,PTRANSF,KBD,-,3
ZA,2025-07,RESFUEL,PTRANSF,KL,-,3
ZA,2025-07,RESFUEL,PTRANSF,KTONS,-,3
ZA,2025-07,RESFUEL,RECEIPTS,CONVBBL,6491.0000,3
ZA,2025-07,RESFUEL,RECEIPTS,KBBL,-,3
ZA,2025-07,RESFUEL,RECEIPTS,KBD,-,3
ZA,2025-07,RESFUEL,RECEIPTS,KL,-,3
ZA,2025-07,RESFUEL,RECEIPTS,KTONS,-,3
ZA,2025-07,RESFUEL,REFGROUT,CONVBBL,6491.0000,3
ZA,2025-07,RESFUEL,REFGROUT,KBBL,-,3
ZA,2025-07,RESFUEL,REFGROUT,KBD,-,3
ZA,2025-07,RESFUEL,REFGROUT,KL,-,3
ZA,2025-07,RESFUEL,REFGROUT,KTONS,-,3
ZA,2025-07,RESFUEL,STATDIFF,CONVBBL,6491.0000,3
ZA,2025-07,RESFUEL,STATDIFF,KBBL,-,3
ZA,2025-07,RESFUEL,STATDIFF,KBD,-,3
ZA,2025-07,RESFUEL,STATDIFF,KL,-,3
ZA,2025-07,RESFUEL,STATDIFF,KTONS,-,3
ZA,2025-07,RESFUEL,STOCKCH,CONVBBL,6491.0000,3
ZA,2025-07,RESFUEL,STOCKCH,KBBL,-,3
ZA,2025-07,RESFUEL,STOCKCH,KBD,x,3
ZA,2025-07,RESFUEL,STOCKCH,KL,-,3
ZA,2025-07,RESFUEL,STOCKCH,KTONS,-,3
ZA,2025-07,RESFUEL,TOTDEMO,CONVBBL,6491.0000,3
ZA,2025-07,RESFUEL,TOTDEMO,KBBL,-,3
ZA,2025-07,RESFUEL,TOTDEMO,KBD,-,3
ZA,2025-07,RESFUEL,TOTDEMO,KL,-,3
ZA,2025-07,RESFUEL,TOTDEMO,KTONS,-,3
ZA,2025-07,RESFUEL,TOTEXPSB,CONVBBL,6491.0000,3
ZA,2025-07,RESFUEL,TOTEXPSB,KBBL,-,3
ZA,2025-07,RESFUEL,TOTEXPSB,KBD,-,3
ZA,2025-07,RESFUEL,TOTEXPSB,KL,-,3
ZA,2025-07,RESFUEL,TOTEXPSB,KTONS,-,3
ZA,2025-07,RESFUEL,TOTIMPSB,CONVBBL,6491.0000,3
ZA,2025-07,RESFUEL,TOTIMPSB,KBBL,-,3
ZA,2025-07,RESFUEL,TOTIMPSB,KBD,-,3
ZA,2025-07,RESFUEL,TOTIMPSB,KL,-,3
ZA,2025-07,RESFUEL,TOTIMPSB,KTONS,-,3
ZA,2025-08,RESFUEL,CLOSTLV,CONVBBL,6491.0000,3
ZA,2025-08,RESFUEL,CLOSTLV,KBBL,-,3
ZA,2025-08,RESFUEL,CLOSTLV,KBD,x,3
ZA,2025-08,RESFUEL,CLOSTLV,KL,-,3
ZA,2025-08,RESFUEL,CLOSTLV,KTONS,-,3
ZA,2025-08,RESFUEL,IPTRANSF,CONVBBL,6491.0000,3
ZA,2025-08,RESFUEL,IPTRANSF,KBBL,-,3
ZA,2025-08,RESFUEL,IPTRANSF,KBD,-,3
ZA,2025-08,RESFUEL,IPTRANSF,KL,-,3
ZA,2025-08,RESFUEL,IPTRANSF,KTONS,-,3
ZA,2025-08,RESFUEL,PTRANSF,CONVBBL,6491.0000,3
ZA,2025-08,RESFUEL,PTRANSF,KBBL,-,3
ZA,2025-08,RESFUEL,PTRANSF,KBD,-,3
ZA,2025-08,RESFUEL,PTRANSF,KL,-,3
ZA,2025-08,RESFUEL,PTRANSF,KTONS,-,3
ZA,2025-08,RESFUEL,RECEIPTS,CONVBBL,6491.0000,3
ZA,2025-08,RESFUEL,RECEIPTS,KBBL,-,3
ZA,2025-08,RESFUEL,RECEIPTS,KBD,-,3
ZA,2025-08,RESFUEL,RECEIPTS,KL,-,3
ZA,2025-08,RESFUEL,RECEIPTS,KTONS,-,3
ZA,2025-08,RESFUEL,REFGROUT,CONVBBL,6491.0000,3
ZA,2025-08,RESFUEL,REFGROUT,KBBL,-,3
ZA,2025-08,RESFUEL,REFGROUT,KBD,-,3
ZA,2025-08,RESFUEL,REFGROUT,KL,-,3
ZA,2025-08,RESFUEL,REFGROUT,KTONS,-,3
ZA,2025-08,RESFUEL,STATDIFF,CONVBBL,6491.0000,3
ZA,2025-08,RESFUEL,STATDIFF,KBBL,-,3
ZA,2025-08,RESFUEL,STATDIFF,KBD,-,3
ZA,2025-08,RESFUEL,STATDIFF,KL,-,3
ZA,2025-08,RESFUEL,STATDIFF,KTONS,-,3
ZA,2025-08,RESFUEL,STOCKCH,CONVBBL,6491.0000,3
ZA,2025-08,RESFUEL,STOCKCH,KBBL,-,3
ZA,2025-08,RESFUEL,STOCKCH,KBD,x,3
ZA,2025-08,RESFUEL,STOCKCH,KL,-,3
ZA,2025-08,RESFUEL,STOCKCH,KTONS,-,3
ZA,2025-08,RESFUEL,TOTDEMO,CONVBBL,6491.0000,3
ZA,2025-08,RESFUEL,TOTDEMO,KBBL,-,3
ZA,2025-08,RESFUEL,TOTDEMO,KBD,-,3
ZA,2025-08,RESFUEL,TOTDEMO,KL,-,3
ZA,2025-08,RESFUEL,TOTDEMO,KTONS,-,3
ZA,2025-08,RESFUEL,TOTEXPSB,CONVBBL,6491.0000,3
ZA,2025-08,RESFUEL,TOTEXPSB,KBBL,-,3
ZA,2025-08,RESFUEL,TOTEXPSB,KBD,-,3
ZA,2025-08,RESFUEL,TOTEXPSB,KL,-,3
ZA,2025-08,RESFUEL,TOTEXPSB,KTONS,-,3
ZA,2025-08,RESFUEL,TOTIMPSB,CONVBBL,6491.0000,3
ZA,2025-08,RESFUEL,TOTIMPSB,KBBL,-,3
ZA,2025-08,RESFUEL,TOTIMPSB,KBD,-,3
ZA,2025-08,RESFUEL,TOTIMPSB,KL,-,3
ZA,2025-08,RESFUEL,TOTIMPSB,KTONS,-,3
ZA,2025-09,RESFUEL,CLOSTLV,CONVBBL,6491.0000,3
ZA,2025-09,RESFUEL,CLOSTLV,KBBL,-,3
ZA,2025-09,RESFUEL,CLOSTLV,KBD,x,3
ZA,2025-09,RESFUEL,CLOSTLV,KL,-,3
ZA,2025-09,RESFUEL,CLOSTLV,KTONS,-,3
ZA,2025-09,RESFUEL,IPTRANSF,CONVBBL,6491.0000,3
ZA,2025-09,RESFUEL,IPTRANSF,KBBL,-,3
ZA,2025-09,RESFUEL,IPTRANSF,KBD,-,3
ZA,2025-09,RESFUEL,IPTRANSF,KL,-,3
ZA,2025-09,RESFUEL,IPTRANSF,KTONS,-,3
ZA,2025-09,RESFUEL,PTRANSF,CONVBBL,6491.0000,3
ZA,2025-09,RESFUEL,PTRANSF,KBBL,-,3
ZA,2025-09,RESFUEL,PTRANSF,KBD,-,3
ZA,2025-09,RESFUEL,PTRANSF,KL,-,3
ZA,2025-09,RESFUEL,PTRANSF,KTONS,-,3
ZA,2025-09,RESFUEL,RECEIPTS,CONVBBL,6491.0000,3
ZA,2025-09,RESFUEL,RECEIPTS,KBBL,-,3
ZA,2025-09,RESFUEL,RECEIPTS,KBD,-,3
ZA,2025-09,RESFUEL,RECEIPTS,KL,-,3
ZA,2025-09,RESFUEL,RECEIPTS,KTONS,-,3
ZA,2025-09,RESFUEL,REFGROUT,CONVBBL,6491.0000,3
ZA,2025-09,RESFUEL,REFGROUT,KBBL,-,3
ZA,2025-09,RESFUEL,REFGROUT,KBD,-,3
ZA,2025-09,RESFUEL,REFGROUT,KL,-,3
ZA,2025-09,RESFUEL,REFGROUT,KTONS,-,3
ZA,2025-09,RESFUEL,STATDIFF,CONVBBL,6491.0000,3
ZA,2025-09,RESFUEL,STATDIFF,KBBL,-,3
ZA,2025-09,RESFUEL,STATDIFF,KBD,-,3
ZA,2025-09,RESFUEL,STATDIFF,KL,-,3
ZA,2025-09,RESFUEL,STATDIFF,KTONS,-,3
ZA,2025-09,RESFUEL,STOCKCH,CONVBBL,6491.0000,3
ZA,2025-09,RESFUEL,STOCKCH,KBBL,-,3
ZA,2025-09,RESFUEL,STOCKCH,KBD,x,3
ZA,2025-09,RESFUEL,STOCKCH,KL,-,3
ZA,2025-09,RESFUEL,STOCKCH,KTONS,-,3
ZA,2025-09,RESFUEL,TOTDEMO,CONVBBL,6491.0000,3
ZA,2025-09,RESFUEL,TOTDEMO,KBBL,-,3
ZA,2025-09,RESFUEL,TOTDEMO,KBD,-,3
ZA,2025-09,RESFUEL,TOTDEMO,KL,-,3
ZA,2025-09,RESFUEL,TOTDEMO,KTONS,-,3
ZA,2025-09,RESFUEL,TOTEXPSB,CONVBBL,6491.0000,3
ZA,2025-09,RESFUEL,TOTEXPSB,KBBL,-,3
ZA,2025-09,RESFUEL,TOTEXPSB,KBD,-,3
ZA,2025-09,RESFUEL,TOTEXPSB,KL,-,3
ZA,2025-09,RESFUEL,TOTEXPSB,KTONS,-,3
ZA,2025-09,RESFUEL,TOTIMPSB,CONVBBL,6491.0000,3
ZA,2025-09,RESFUEL,TOTIMPSB,KBBL,-,3
ZA,2025-09,RESFUEL,TOTIMPSB,KBD,-,3
ZA,2025-09,RESFUEL,TOTIMPSB,KL,-,3
ZA,2025-09,RESFUEL,TOTIMPSB,KTONS,-,3
ZA,2025-10,RESFUEL,CLOSTLV,CONVBBL,6491.0000,3
ZA,2025-10,RESFUEL,CLOSTLV,KBBL,-,3
ZA,2025-10,RESFUEL,CLOSTLV,KBD,x,3
ZA,2025-10,RESFUEL,CLOSTLV,KL,-,3
ZA,2025-10,RESFUEL,CLOSTLV,KTONS,-,3
ZA,2025-10,RESFUEL,IPTRANSF,CONVBBL,6491.0000,3
ZA,2025-10,RESFUEL,IPTRANSF,KBBL,-,3
ZA,2025-10,RESFUEL,IPTRANSF,KBD,-,3
ZA,2025-10,RESFUEL,IPTRANSF,KL,-,3
ZA,2025-10,RESFUEL,IPTRANSF,KTONS,-,3
ZA,2025-10,RESFUEL,PTRANSF,CONVBBL,6491.0000,3
ZA,2025-10,RESFUEL,PTRANSF,KBBL,-,3
ZA,2025-10,RESFUEL,PTRANSF,KBD,-,3
ZA,2025-10,RESFUEL,PTRANSF,KL,-,3
ZA,2025-10,RESFUEL,PTRANSF,KTONS,-,3
ZA,2025-10,RESFUEL,RECEIPTS,CONVBBL,6491.0000,3
ZA,2025-10,RESFUEL,RECEIPTS,KBBL,-,3
ZA,2025-10,RESFUEL,RECEIPTS,KBD,-,3
ZA,2025-10,RESFUEL,RECEIPTS,KL,-,3
ZA,2025-10,RESFUEL,RECEIPTS,KTONS,-,3
ZA,2025-10,RESFUEL,REFGROUT,CONVBBL,6491.0000,3
ZA,2025-10,RESFUEL,REFGROUT,KBBL,-,3
ZA,2025-10,RESFUEL,REFGROUT,KBD,-,3
ZA,2025-10,RESFUEL,REFGROUT,KL,-,3
ZA,2025-10,RESFUEL,REFGROUT,KTONS,-,3
ZA,2025-10,RESFUEL,STATDIFF,CONVBBL,6491.0000,3
ZA,2025-10,RESFUEL,STATDIFF,KBBL,-,3
ZA,2025-10,RESFUEL,STATDIFF,KBD,-,3
ZA,2025-10,RESFUEL,STATDIFF,KL,-,3
ZA,2025-10,RESFUEL,STATDIFF,KTONS,-,3
ZA,2025-10,RESFUEL,STOCKCH,CONVBBL,6491.0000,3
ZA,2025-10,RESFUEL,STOCKCH,KBBL,-,3
ZA,2025-10,RESFUEL,STOCKCH,KBD,x,3
ZA,2025-10,RESFUEL,STOCKCH,KL,-,3
ZA,2025-10,RESFUEL,STOCKCH,KTONS,-,3
ZA,2025-10,RESFUEL,TOTDEMO,CONVBBL,6491.0000,3
ZA,2025-10,RESFUEL,TOTDEMO,KBBL,-,3
ZA,2025-10,RESFUEL,TOTDEMO,KBD,-,3
ZA,2025-10,RESFUEL,TOTDEMO,KL,-,3
ZA,2025-10,RESFUEL,TOTDEMO,KTONS,-,3
ZA,2025-10,RESFUEL,TOTEXPSB,CONVBBL,6491.0000,3
ZA,2025-10,RESFUEL,TOTEXPSB,KBBL,-,3
ZA,2025-10,RESFUEL,TOTEXPSB,KBD,-,3
ZA,2025-10,RESFUEL,TOTEXPSB,KL,-,3
ZA,2025-10,RESFUEL,TOTEXPSB,KTONS,-,3
ZA,2025-10,RESFUEL,TOTIMPSB,CONVBBL,6491.0000,3
ZA,2025-10,RESFUEL,TOTIMPSB,KBBL,-,3
ZA,2025-10,RESFUEL,TOTIMPSB,KBD,-,3
ZA,2025-10,RESFUEL,TOTIMPSB,KL,-,3
ZA,2025-10,RESFUEL,TOTIMPSB,KTONS,-,3
ZA,2025-11,RESFUEL,CLOSTLV,CONVBBL,6491.0000,3
ZA,2025-11,RESFUEL,CLOSTLV,KBBL,-,3
ZA,2025-11,RESFUEL,CLOSTLV,KBD,x,3
ZA,2025-11,RESFUEL,CLOSTLV,KL,-,3
ZA,2025-11,RESFUEL,CLOSTLV,KTONS,-,3
ZA,2025-11,RESFUEL,IPTRANSF,CONVBBL,6491.0000,3
ZA,2025-11,RESFUEL,IPTRANSF,KBBL,-,3
ZA,2025-11,RESFUEL,IPTRANSF,KBD,-,3
ZA,2025-11,RESFUEL,IPTRANSF,KL,-,3
ZA,2025-11,RESFUEL,IPTRANSF,KTONS,-,3
ZA,2025-11,RESFUEL,PTRANSF,CONVBBL,6491.0000,3
ZA,2025-11,RESFUEL,PTRANSF,KBBL,-,3
ZA,2025-11,RESFUEL,PTRANSF,KBD,-,3
ZA,2025-11,RESFUEL,PTRANSF,KL,-,3
ZA,2025-11,RESFUEL,PTRANSF,KTONS,-,3
ZA,2025-11,RESFUEL,RECEIPTS,CONVBBL,6491.0000,3
ZA,2025-11,RESFUEL,RECEIPTS,KBBL,-,3
ZA,2025-11,RESFUEL,RECEIPTS,KBD,-,3
ZA,2025-11,RESFUEL,RECEIPTS,KL,-,3
ZA,2025-11,RESFUEL,RECEIPTS,KTONS,-,3
ZA,2025-11,RESFUEL,REFGROUT,CONVBBL,6491.0000,3
ZA,2025-11,RESFUEL,REFGROUT,KBBL,-,3
ZA,2025-11,RESFUEL,REFGROUT,KBD,-,3
ZA,2025-11,RESFUEL,REFGROUT,KL,-,3
ZA,2025-11,RESFUEL,REFGROUT,KTONS,-,3
ZA,2025-11,RESFUEL,STATDIFF,CONVBBL,6491.0000,3
ZA,2025-11,RESFUEL,STATDIFF,KBBL,-,3
ZA,2025-11,RESFUEL,STATDIFF,KBD,-,3
ZA,2025-11,RESFUEL,STATDIFF,KL,-,3
ZA,2025-11,RESFUEL,STATDIFF,KTONS,-,3
ZA,2025-11,RESFUEL,STOCKCH,CONVBBL,6491.0000,3
ZA,2025-11,RESFUEL,STOCKCH,KBBL,-,3
ZA,2025-11,RESFUEL,STOCKCH,KBD,x,3
ZA,2025-11,RESFUEL,STOCKCH,KL,-,3
ZA,2025-11,RESFUEL,STOCKCH,KTONS,-,3
ZA,2025-11,RESFUEL,TOTDEMO,CONVBBL,6491.0000,3
ZA,2025-11,RESFUEL,TOTDEMO,KBBL,-,3
ZA,2025-11,RESFUEL,TOTDEMO,KBD,-,3
ZA,2025-11,RESFUEL,TOTDEMO,KL,-,3
ZA,2025-11,RESFUEL,TOTDEMO,KTONS,-,3
ZA,2025-11,RESFUEL,TOTEXPSB,CONVBBL,6491.0000,3
ZA,2025-11,RESFUEL,TOTEXPSB,KBBL,-,3
ZA,2025-11,RESFUEL,TOTEXPSB,KBD,-,3
ZA,2025-11,RESFUEL,TOTEXPSB,KL,-,3
ZA,2025-11,RESFUEL,TOTEXPSB,KTONS,-,3
ZA,2025-11,RESFUEL,TOTIMPSB,CONVBBL,6491.0000,3
ZA,2025-11,RESFUEL,TOTIMPSB,KBBL,-,3
ZA,2025-11,RESFUEL,TOTIMPSB,KBD,-,3
ZA,2025-11,RESFUEL,TOTIMPSB,KL,-,3
ZA,2025-11,RESFUEL,TOTIMPSB,KTONS,-,3
ZA,2025-12,RESFUEL,CLOSTLV,CONVBBL,6491.0000,3
ZA,2025-12,RESFUEL,CLOSTLV,KBBL,-,3
ZA,2025-12,RESFUEL,CLOSTLV,KBD,x,3
ZA,2025-12,RESFUEL,CLOSTLV,KL,-,3
ZA,2025-12,RESFUEL,CLOSTLV,KTONS,-,3
ZA,2025-12,RESFUEL,IPTRANSF,CONVBBL,6491.0000,3
ZA,2025-12,RESFUEL,IPTRANSF,KBBL,-,3
ZA,2025-12,RESFUEL,IPTRANSF,KBD,-,3
ZA,2025-12,RESFUEL,IPTRANSF,KL,-,3
ZA,2025-12,RESFUEL,IPTRANSF,KTONS,-,3
ZA,2025-12,RESFUEL,PTRANSF,CONVBBL,6491.0000,3
ZA,2025-12,RESFUEL,PTRANSF,KBBL,-,3
ZA,2025-12,RESFUEL,PTRANSF,KBD,-,3
ZA,2025-12,RESFUEL,PTRANSF,KL,-,3
ZA,2025-12,RESFUEL,PTRANSF,KTONS,-,3
ZA,2025-12,RESFUEL,RECEIPTS,CONVBBL,6491.0000,3
ZA,2025-12,RESFUEL,RECEIPTS,KBBL,-,3
ZA,2025-12,RESFUEL,RECEIPTS,KBD,-,3
ZA,2025-12,RESFUEL,RECEIPTS,KL,-,3
ZA,2025-12,RESFUEL,RECEIPTS,KTONS,-,3
ZA,2025-12,RESFUEL,REFGROUT,CONVBBL,6491.0000,3
ZA,2025-12,RESFUEL,REFGROUT,KBBL,-,3
ZA,2025-12,RESFUEL,REFGROUT,KBD,-,3
ZA,2025-12,RESFUEL,REFGROUT,KL,-,3
ZA,2025-12,RESFUEL,REFGROUT,KTONS,-,3
ZA,2025-12,RESFUEL,STATDIFF,CONVBBL,6491.0000,3
ZA,2025-12,RESFUEL,STATDIFF,KBBL,-,3
ZA,2025-12,RESFUEL,STATDIFF,KBD,-,3
ZA,2025-12,RESFUEL,STATDIFF,KL,-,3
ZA,2025-12,RESFUEL,STATDIFF,KTONS,-,3
ZA,2025-12,RESFUEL,STOCKCH,CONVBBL,6491.0000,3
ZA,2025-12,RESFUEL,STOCKCH,KBBL,-,3
ZA,2025-12,RESFUEL,STOCKCH,KBD,x,3
ZA,2025-12,RESFUEL,STOCKCH,KL,-,3
ZA,2025-12,RESFUEL,STOCKCH,KTONS,-,3
ZA,2025-12,RESFUEL,TOTDEMO,CONVBBL,6491.0000,3
ZA,2025-12,RESFUEL,TOTDEMO,KBBL,-,3
ZA,2025-12,RESFUEL,TOTDEMO,KBD,-,3
ZA,2025-12,RESFUEL,TOTDEMO,KL,-,3
ZA,2025-12,RESFUEL,TOTDEMO,KTONS,-,3
ZA,2025-12,RESFUEL,TOTEXPSB,CONVBBL,6491.0000,3
ZA,2025-12,RESFUEL,TOTEXPSB,KBBL,-,3
ZA,2025-12,RESFUEL,TOTEXPSB,KBD,-,3
ZA,2025-12,RESFUEL,TOTEXPSB,KL,-,3
ZA,2025-12,RESFUEL,TOTEXPSB,KTONS,-,3
ZA,2025-12,RESFUEL,TOTIMPSB,CONVBBL,6491.0000,3
ZA,2025-12,RESFUEL,TOTIMPSB,KBBL,-,3
ZA,2025-12,RESFUEL,TOTIMPSB,KBD,-,3
ZA,2025-12,RESFUEL,TOTIMPSB,KL,-,3
ZA,2025-12,RESFUEL,TOTIMPSB,KTONS,-,3
ZA,2025-01,TOTPRODS,CLOSTLV,CONVBBL,7615.0000,3
ZA,2025-01,TOTPRODS,CLOSTLV,KBBL,-,3
ZA,2025-01,TOTPRODS,CLOSTLV,KBD,x,3
ZA,2025-01,TOTPRODS,CLOSTLV,KL,-,3
ZA,2025-01,TOTPRODS,CLOSTLV,KTONS,-,3
ZA,2025-01,TOTPRODS,IPTRANSF,CONVBBL,7615.0000,3
ZA,2025-01,TOTPRODS,IPTRANSF,KBBL,-,3
ZA,2025-01,TOTPRODS,IPTRANSF,KBD,-,3
ZA,2025-01,TOTPRODS,IPTRANSF,KL,-,3
ZA,2025-01,TOTPRODS,IPTRANSF,KTONS,-,3
ZA,2025-01,TOTPRODS,PTRANSF,CONVBBL,7615.0000,3
ZA,2025-01,TOTPRODS,PTRANSF,KBBL,-,3
ZA,2025-01,TOTPRODS,PTRANSF,KBD,-,3
ZA,2025-01,TOTPRODS,PTRANSF,KL,-,3
ZA,2025-01,TOTPRODS,PTRANSF,KTONS,-,3
ZA,2025-01,TOTPRODS,RECEIPTS,CONVBBL,7615.0000,3
ZA,2025-01,TOTPRODS,RECEIPTS,KBBL,-,3
ZA,2025-01,TOTPRODS,RECEIPTS,KBD,-,3
ZA,2025-01,TOTPRODS,RECEIPTS,KL,-,3
ZA,2025-01,TOTPRODS,RECEIPTS,KTONS,-,3
ZA,2025-01,TOTPRODS,REFGROUT,CONVBBL,7615.0000,3
ZA,2025-01,TOTPRODS,REFGROUT,KBBL,-,3
ZA,2025-01,TOTPRODS,REFGROUT,KBD,-,3
ZA,2025-01,TOTPRODS,REFGROUT,KL,-,3
ZA,2025-01,TOTPRODS,REFGROUT,KTONS,-,3
ZA,2025-01,TOTPRODS,STATDIFF,CONVBBL,7615.0000,3
ZA,2025-01,TOTPRODS,STATDIFF,KBBL,-,3
ZA,2025-01,TOTPRODS,STATDIFF,KBD,-,3
ZA,2025-01,TOTPRODS,STATDIFF,KL,-,3
ZA,2025-01,TOTPRODS,STATDIFF,KTONS,-,3
ZA,2025-01,TOTPRODS,STOCKCH,CONVBBL,7615.0000,3
ZA,2025-01,TOTPRODS,STOCKCH,KBBL,-,3
ZA,2025-01,TOTPRODS,STOCKCH,KBD,x,3
ZA,2025-01,TOTPRODS,STOCKCH,KL,-,3
ZA,2025-01,TOTPRODS,STOCKCH,KTONS,-,3
ZA,2025-01,TOTPRODS,TOTDEMO,CONVBBL,7615.0000,3
ZA,2025-01,TOTPRODS,TOTDEMO,KBBL,-,3
ZA,2025-01,TOTPRODS,TOTDEMO,KBD,-,3
ZA,2025-01,TOTPRODS,TOTDEMO,KL,-,3
ZA,2025-01,TOTPRODS,TOTDEMO,KTONS,-,3
ZA,2025-01,TOTPRODS,TOTEXPSB,CONVBBL,7615.0000,3
ZA,2025-01,TOTPRODS,TOTEXPSB,KBBL,-,3
ZA,2025-01,TOTPRODS,TOTEXPSB,KBD,-,3
ZA,2025-01,TOTPRODS,TOTEXPSB,KL,-,3
ZA,2025-01,TOTPRODS,TOTEXPSB,KTONS,-,3
ZA,2025-01,TOTPRODS,TOTIMPSB,CONVBBL,7615.0000,3
ZA,2025-01,TOTPRODS,TOTIMPSB,KBBL,-,3
ZA,2025-01,TOTPRODS,TOTIMPSB,KBD,-,3
ZA,2025-01,TOTPRODS,TOTIMPSB,KL,-,3
ZA,2025-01,TOTPRODS,TOTIMPSB,KTONS,-,3
ZA,2025-02,TOTPRODS,CLOSTLV,CONVBBL,7615.0000,3
ZA,2025-02,TOTPRODS,CLOSTLV,KBBL,-,3
ZA,2025-02,TOTPRODS,CLOSTLV,KBD,x,3
ZA,2025-02,TOTPRODS,CLOSTLV,KL,-,3
ZA,2025-02,TOTPRODS,CLOSTLV,KTONS,-,3
ZA,2025-02,TOTPRODS,IPTRANSF,CONVBBL,7615.0000,3
ZA,2025-02,TOTPRODS,IPTRANSF,KBBL,-,3
ZA,2025-02,TOTPRODS,IPTRANSF,KBD,-,3
ZA,2025-02,TOTPRODS,IPTRANSF,KL,-,3
ZA,2025-02,TOTPRODS,IPTRANSF,KTONS,-,3
ZA,2025-02,TOTPRODS,PTRANSF,CONVBBL,7615.0000,3
ZA,2025-02,TOTPRODS,PTRANSF,KBBL,-,3
ZA,2025-02,TOTPRODS,PTRANSF,KBD,-,3
ZA,2025-02,TOTPRODS,PTRANSF,KL,-,3
ZA,2025-02,TOTPRODS,PTRANSF,KTONS,-,3
ZA,2025-02,TOTPRODS,RECEIPTS,CONVBBL,7615.0000,3
ZA,2025-02,TOTPRODS,RECEIPTS,KBBL,-,3
ZA,2025-02,TOTPRODS,RECEIPTS,KBD,-,3
ZA,2025-02,TOTPRODS,RECEIPTS,KL,-,3
ZA,2025-02,TOTPRODS,RECEIPTS,KTONS,-,3
ZA,2025-02,TOTPRODS,REFGROUT,CONVBBL,7615.0000,3
ZA,2025-02,TOTPRODS,REFGROUT,KBBL,-,3
ZA,2025-02,TOTPRODS,REFGROUT,KBD,-,3
ZA,2025-02,TOTPRODS,REFGROUT,KL,-,3
ZA,2025-02,TOTPRODS,REFGROUT,KTONS,-,3
ZA,2025-02,TOTPRODS,STATDIFF,CONVBBL,7615.0000,3
ZA,2025-02,TOTPRODS,STATDIFF,KBBL,-,3
ZA,2025-02,TOTPRODS,STATDIFF,KBD,-,3
ZA,2025-02,TOTPRODS,STATDIFF,KL,-,3
ZA,2025-02,TOTPRODS,STATDIFF,KTONS,-,3
ZA,2025-02,TOTPRODS,STOCKCH,CONVBBL,7615.0000,3
ZA,2025-02,TOTPRODS,STOCKCH,KBBL,-,3
ZA,2025-02,TOTPRODS,STOCKCH,KBD,x,3
ZA,2025-02,TOTPRODS,STOCKCH,KL,-,3
ZA,2025-02,TOTPRODS,STOCKCH,KTONS,-,3
ZA,2025-02,TOTPRODS,TOTDEMO,CONVBBL,7615.0000,3
ZA,2025-02,TOTPRODS,TOTDEMO,KBBL,-,3
ZA,2025-02,TOTPRODS,TOTDEMO,KBD,-,3
ZA,2025-02,TOTPRODS,TOTDEMO,KL,-,3
ZA,2025-02,TOTPRODS,TOTDEMO,KTONS,-,3
ZA,2025-02,TOTPRODS,TOTEXPSB,CONVBBL,7615.0000,3
ZA,2025-02,TOTPRODS,TOTEXPSB,KBBL,-,3
ZA,2025-02,TOTPRODS,TOTEXPSB,KBD,-,3
ZA,2025-02,TOTPRODS,TOTEXPSB,KL,-,3
ZA,2025-02,TOTPRODS,TOTEXPSB,KTONS,-,3
ZA,2025-02,TOTPRODS,TOTIMPSB,CONVBBL,7615.0000,3
ZA,2025-02,TOTPRODS,TOTIMPSB,KBBL,-,3
ZA,2025-02,TOTPRODS,TOTIMPSB,KBD,-,3
ZA,2025-02,TOTPRODS,TOTIMPSB,KL,-,3
ZA,2025-02,TOTPRODS,TOTIMPSB,KTONS,-,3
ZA,2025-03,TOTPRODS,CLOSTLV,CONVBBL,7615.0000,3
ZA,2025-03,TOTPRODS,CLOSTLV,KBBL,-,3
ZA,2025-03,TOTPRODS,CLOSTLV,KBD,x,3
ZA,2025-03,TOTPRODS,CLOSTLV,KL,-,3
ZA,2025-03,TOTPRODS,CLOSTLV,KTONS,-,3
ZA,2025-03,TOTPRODS,IPTRANSF,CONVBBL,7615.0000,3
ZA,2025-03,TOTPRODS,IPTRANSF,KBBL,-,3
ZA,2025-03,TOTPRODS,IPTRANSF,KBD,-,3
ZA,2025-03,TOTPRODS,IPTRANSF,KL,-,3
ZA,2025-03,TOTPRODS,IPTRANSF,KTONS,-,3
ZA,2025-03,TOTPRODS,PTRANSF,CONVBBL,7615.0000,3
ZA,2025-03,TOTPRODS,PTRANSF,KBBL,-,3
ZA,2025-03,TOTPRODS,PTRANSF,KBD,-,3
ZA,2025-03,TOTPRODS,PTRANSF,KL,-,3
ZA,2025-03,TOTPRODS,PTRANSF,KTONS,-,3
ZA,2025-03,TOTPRODS,RECEIPTS,CONVBBL,7615.0000,3
ZA,2025-03,TOTPRODS,RECEIPTS,KBBL,-,3
ZA,2025-03,TOTPRODS,RECEIPTS,KBD,-,3
ZA,2025-03,TOTPRODS,RECEIPTS,KL,-,3
ZA,2025-03,TOTPRODS,RECEIPTS,KTONS,-,3
ZA,2025-03,TOTPRODS,REFGROUT,CONVBBL,7615.0000,3
ZA,2025-03,TOTPRODS,REFGROUT,KBBL,-,3
ZA,2025-03,TOTPRODS,REFGROUT,KBD,-,3
ZA,2025-03,TOTPRODS,REFGROUT,KL,-,3
ZA,2025-03,TOTPRODS,REFGROUT,KTONS,-,3
ZA,2025-03,TOTPRODS,STATDIFF,CONVBBL,7615.0000,3
ZA,2025-03,TOTPRODS,STATDIFF,KBBL,-,3
ZA,2025-03,TOTPRODS,STATDIFF,KBD,-,3
ZA,2025-03,TOTPRODS,STATDIFF,KL,-,3
ZA,2025-03,TOTPRODS,STATDIFF,KTONS,-,3
ZA,2025-03,TOTPRODS,STOCKCH,CONVBBL,7615.0000,3
ZA,2025-03,TOTPRODS,STOCKCH,KBBL,-,3
ZA,2025-03,TOTPRODS,STOCKCH,KBD,x,3
ZA,2025-03,TOTPRODS,STOCKCH,KL,-,3
ZA,2025-03,TOTPRODS,STOCKCH,KTONS,-,3
ZA,2025-03,TOTPRODS,TOTDEMO,CONVBBL,7615.0000,3
ZA,2025-03,TOTPRODS,TOTDEMO,KBBL,-,3
ZA,2025-03,TOTPRODS,TOTDEMO,KBD,-,3
ZA,2025-03,TOTPRODS,TOTDEMO,KL,-,3
ZA,2025-03,TOTPRODS,TOTDEMO,KTONS,-,3
ZA,2025-03,TOTPRODS,TOTEXPSB,CONVBBL,7615.0000,3
ZA,2025-03,TOTPRODS,TOTEXPSB,KBBL,-,3
ZA,2025-03,TOTPRODS,TOTEXPSB,KBD,-,3
ZA,2025-03,TOTPRODS,TOTEXPSB,KL,-,3
ZA,2025-03,TOTPRODS,TOTEXPSB,KTONS,-,3
ZA,2025-03,TOTPRODS,TOTIMPSB,CONVBBL,7615.0000,3
ZA,2025-03,TOTPRODS,TOTIMPSB,KBBL,-,3
ZA,2025-03,TOTPRODS,TOTIMPSB,KBD,-,3
ZA,2025-03,TOTPRODS,TOTIMPSB,KL,-,3
ZA,2025-03,TOTPRODS,TOTIMPSB,KTONS,-,3
ZA,2025-04,TOTPRODS,CLOSTLV,CONVBBL,7615.0000,3
ZA,2025-04,TOTPRODS,CLOSTLV,KBBL,-,3
ZA,2025-04,TOTPRODS,CLOSTLV,KBD,x,3
ZA,2025-04,TOTPRODS,CLOSTLV,KL,-,3
ZA,2025-04,TOTPRODS,CLOSTLV,KTONS,-,3
ZA,2025-04,TOTPRODS,IPTRANSF,CONVBBL,7615.0000,3
ZA,2025-04,TOTPRODS,IPTRANSF,KBBL,-,3
ZA,2025-04,TOTPRODS,IPTRANSF,KBD,-,3
ZA,2025-04,TOTPRODS,IPTRANSF,KL,-,3
ZA,2025-04,TOTPRODS,IPTRANSF,KTONS,-,3
ZA,2025-04,TOTPRODS,PTRANSF,CONVBBL,7615.0000,3
ZA,2025-04,TOTPRODS,PTRANSF,KBBL,-,3
ZA,2025-04,TOTPRODS,PTRANSF,KBD,-,3
ZA,2025-04,TOTPRODS,PTRANSF,KL,-,3
ZA,2025-04,TOTPRODS,PTRANSF,KTONS,-,3
ZA,2025-04,TOTPRODS,RECEIPTS,CONVBBL,7615.0000,3
ZA,2025-04,TOTPRODS,RECEIPTS,KBBL,-,3
ZA,2025-04,TOTPRODS,RECEIPTS,KBD,-,3
ZA,2025-04,TOTPRODS,RECEIPTS,KL,-,3
ZA,2025-04,TOTPRODS,RECEIPTS,KTONS,-,3
ZA,2025-04,TOTPRODS,REFGROUT,CONVBBL,7615.0000,3
ZA,2025-04,TOTPRODS,REFGROUT,KBBL,-,3
ZA,2025-04,TOTPRODS,REFGROUT,KBD,-,3
ZA,2025-04,TOTPRODS,REFGROUT,KL,-,3
ZA,2025-04,TOTPRODS,REFGROUT,KTONS,-,3
ZA,2025-04,TOTPRODS,STATDIFF,CONVBBL,7615.0000,3
ZA,2025-04,TOTPRODS,STATDIFF,KBBL,-,3
ZA,2025-04,TOTPRODS,STATDIFF,KBD,-,3
ZA,2025-04,TOTPRODS,STATDIFF,KL,-,3
ZA,2025-04,TOTPRODS,STATDIFF,KTONS,-,3
ZA,2025-04,TOTPRODS,STOCKCH,CONVBBL,7615.0000,3
ZA,2025-04,TOTPRODS,STOCKCH,KBBL,-,3
ZA,2025-04,TOTPRODS,STOCKCH,KBD,x,3
ZA,2025-04,TOTPRODS,STOCKCH,KL,-,3
ZA,2025-04,TOTPRODS,STOCKCH,KTONS,-,3
ZA,2025-04,TOTPRODS,TOTDEMO,CONVBBL,7615.0000,3
ZA,2025-04,TOTPRODS,TOTDEMO,KBBL,-,3
ZA,2025-04,TOTPRODS,TOTDEMO,KBD,-,3
ZA,2025-04,TOTPRODS,TOTDEMO,KL,-,3
ZA,2025-04,TOTPRODS,TOTDEMO,KTONS,-,3
ZA,2025-04,TOTPRODS,TOTEXPSB,CONVBBL,7615.0000,3
ZA,2025-04,TOTPRODS,TOTEXPSB,KBBL,-,3
ZA,2025-04,TOTPRODS,TOTEXPSB,KBD,-,3
ZA,2025-04,TOTPRODS,TOTEXPSB,KL,-,3
ZA,2025-04,TOTPRODS,TOTEXPSB,KTONS,-,3
ZA,2025-04,TOTPRODS,TOTIMPSB,CONVBBL,7615.0000,3
ZA,2025-04,TOTPRODS,TOTIMPSB,KBBL,-,3
ZA,2025-04,TOTPRODS,TOTIMPSB,KBD,-,3
ZA,2025-04,TOTPRODS,TOTIMPSB,KL,-,3
ZA,2025-04,TOTPRODS,TOTIMPSB,KTONS,-,3
ZA,2025-05,TOTPRODS,CLOSTLV,CONVBBL,7615.0000,3
ZA,2025-05,TOTPRODS,CLOSTLV,KBBL,-,3
ZA,2025-05,TOTPRODS,CLOSTLV,KBD,x,3
ZA,2025-05,TOTPRODS,CLOSTLV,KL,-,3
ZA,2025-05,TOTPRODS,CLOSTLV,KTONS,-,3
ZA,2025-05,TOTPRODS,IPTRANSF,CONVBBL,7615.0000,3
ZA,2025-05,TOTPRODS,IPTRANSF,KBBL,-,3
ZA,2025-05,TOTPRODS,IPTRANSF,KBD,-,3
ZA,2025-05,TOTPRODS,IPTRANSF,KL,-,3
ZA,2025-05,TOTPRODS,IPTRANSF,KTONS,-,3
ZA,2025-05,TOTPRODS,PTRANSF,CONVBBL,7615.0000,3
ZA,2025-05,TOTPRODS,PTRANSF,KBBL,-,3
ZA,2025-05,TOTPRODS,PTRANSF,KBD,-,3
ZA,2025-05,TOTPRODS,PTRANSF,KL,-,3
ZA,2025-05,TOTPRODS,PTRANSF,KTONS,-,3
ZA,2025-05,TOTPRODS,RECEIPTS,CONVBBL,7615.0000,3
ZA,2025-05,TOTPRODS,RECEIPTS,KBBL,-,3
ZA,2025-05,TOTPRODS,RECEIPTS,KBD,-,3
ZA,2025-05,TOTPRODS,RECEIPTS,KL,-,3
ZA,2025-05,TOTPRODS,RECEIPTS,KTONS,-,3
ZA,2025-05,TOTPRODS,REFGROUT,CONVBBL,7615.0000,3
ZA,2025-05,TOTPRODS,REFGROUT,KBBL,-,3
ZA,2025-05,TOTPRODS,REFGROUT,KBD,-,3
ZA,2025-05,TOTPRODS,REFGROUT,KL,-,3
ZA,2025-05,TOTPRODS,REFGROUT,KTONS,-,3
ZA,2025-05,TOTPRODS,STATDIFF,CONVBBL,7615.0000,3
ZA,2025-05,TOTPRODS,STATDIFF,KBBL,-,3
ZA,2025-05,TOTPRODS,STATDIFF,KBD,-,3
ZA,2025-05,TOTPRODS,STATDIFF,KL,-,3
ZA,2025-05,TOTPRODS,STATDIFF,KTONS,-,3
ZA,2025-05,TOTPRODS,STOCKCH,CONVBBL,7615.0000,3
ZA,2025-05,TOTPRODS,STOCKCH,KBBL,-,3
ZA,2025-05,TOTPRODS,STOCKCH,KBD,x,3
ZA,2025-05,TOTPRODS,STOCKCH,KL,-,3
ZA,2025-05,TOTPRODS,STOCKCH,KTONS,-,3
ZA,2025-05,TOTPRODS,TOTDEMO,CONVBBL,7615.0000,3
ZA,2025-05,TOTPRODS,TOTDEMO,KBBL,-,3
ZA,2025-05,TOTPRODS,TOTDEMO,KBD,-,3
ZA,2025-05,TOTPRODS,TOTDEMO,KL,-,3
ZA,2025-05,TOTPRODS,TOTDEMO,KTONS,-,3
ZA,2025-05,TOTPRODS,TOTEXPSB,CONVBBL,7615.0000,3
ZA,2025-05,TOTPRODS,TOTEXPSB,KBBL,-,3
ZA,2025-05,TOTPRODS,TOTEXPSB,KBD,-,3
ZA,2025-05,TOTPRODS,TOTEXPSB,KL,-,3
ZA,2025-05,TOTPRODS,TOTEXPSB,KTONS,-,3
ZA,2025-05,TOTPRODS,TOTIMPSB,CONVBBL,7615.0000,3
ZA,2025-05,TOTPRODS,TOTIMPSB,KBBL,-,3
ZA,2025-05,TOTPRODS,TOTIMPSB,KBD,-,3
ZA,2025-05,TOTPRODS,TOTIMPSB,KL,-,3
ZA,2025-05,TOTPRODS,TOTIMPSB,KTONS,-,3
ZA,2025-06,TOTPRODS,CLOSTLV,CONVBBL,7615.0000,3
ZA,2025-06,TOTPRODS,CLOSTLV,KBBL,-,3
ZA,2025-06,TOTPRODS,CLOSTLV,KBD,x,3
ZA,2025-06,TOTPRODS,CLOSTLV,KL,-,3
ZA,2025-06,TOTPRODS,CLOSTLV,KTONS,-,3
ZA,2025-06,TOTPRODS,IPTRANSF,CONVBBL,7615.0000,3
ZA,2025-06,TOTPRODS,IPTRANSF,KBBL,-,3
ZA,2025-06,TOTPRODS,IPTRANSF,KBD,-,3
ZA,2025-06,TOTPRODS,IPTRANSF,KL,-,3
ZA,2025-06,TOTPRODS,IPTRANSF,KTONS,-,3
ZA,2025-06,TOTPRODS,PTRANSF,CONVBBL,7615.0000,3
ZA,2025-06,TOTPRODS,PTRANSF,KBBL,-,3
ZA,2025-06,TOTPRODS,PTRANSF,KBD,-,3
ZA,2025-06,TOTPRODS,PTRANSF,KL,-,3
ZA,2025-06,TOTPRODS,PTRANSF,KTONS,-,3
ZA,2025-06,TOTPRODS,RECEIPTS,CONVBBL,7615.0000,3
ZA,2025-06,TOTPRODS,RECEIPTS,KBBL,-,3
ZA,2025-06,TOTPRODS,RECEIPTS,KBD,-,3
ZA,2025-06,TOTPRODS,RECEIPTS,KL,-,3
ZA,2025-06,TOTPRODS,RECEIPTS,KTONS,-,3
ZA,2025-06,TOTPRODS,REFGROUT,CONVBBL,7615.0000,3
ZA,2025-06,TOTPRODS,REFGROUT,KBBL,-,3
ZA,2025-06,TOTPRODS,REFGROUT,KBD,-,3
ZA,2025-06,TOTPRODS,REFGROUT,KL,-,3
ZA,2025-06,TOTPRODS,REFGROUT,KTONS,-,3
ZA,2025-06,TOTPRODS,STATDIFF,CONVBBL,7615.0000,3
ZA,2025-06,TOTPRODS,STATDIFF,KBBL,-,3
ZA,2025-06,TOTPRODS,STATDIFF,KBD,-,3
ZA,2025-06,TOTPRODS,STATDIFF,KL,-,3
ZA,2025-06,TOTPRODS,STATDIFF,KTONS,-,3
ZA,2025-06,TOTPRODS,STOCKCH,CONVBBL,7615.0000,3
ZA,2025-06,TOTPRODS,STOCKCH,KBBL,-,3
ZA,2025-06,TOTPRODS,STOCKCH,KBD,x,3
ZA,2025-06,TOTPRODS,STOCKCH,KL,-,3
ZA,2025-06,TOTPRODS,STOCKCH,KTONS,-,3
ZA,2025-06,TOTPRODS,TOTDEMO,CONVBBL,7615.0000,3
ZA,2025-06,TOTPRODS,TOTDEMO,KBBL,-,3
ZA,2025-06,TOTPRODS,TOTDEMO,KBD,-,3
ZA,2025-06,TOTPRODS,TOTDEMO,KL,-,3
ZA,2025-06,TOTPRODS,TOTDEMO,KTONS,-,3
ZA,2025-06,TOTPRODS,TOTEXPSB,CONVBBL,7615.0000,3
ZA,2025-06,TOTPRODS,TOTEXPSB,KBBL,-,3
ZA,2025-06,TOTPRODS,TOTEXPSB,KBD,-,3
ZA,2025-06,TOTPRODS,TOTEXPSB,KL,-,3
ZA,2025-06,TOTPRODS,TOTEXPSB,KTONS,-,3
ZA,2025-06,TOTPRODS,TOTIMPSB,CONVBBL,7615.0000,3
ZA,2025-06,TOTPRODS,TOTIMPSB,KBBL,-,3
ZA,2025-06,TOTPRODS,TOTIMPSB,KBD,-,3
ZA,2025-06,TOTPRODS,TOTIMPSB,KL,-,3
ZA,2025-06,TOTPRODS,TOTIMPSB,KTONS,-,3
ZA,2025-07,TOTPRODS,CLOSTLV,CONVBBL,7615.0000,3
ZA,2025-07,TOTPRODS,CLOSTLV,KBBL,-,3
ZA,2025-07,TOTPRODS,CLOSTLV,KBD,x,3
ZA,2025-07,TOTPRODS,CLOSTLV,KL,-,3
ZA,2025-07,TOTPRODS,CLOSTLV,KTONS,-,3
ZA,2025-07,TOTPRODS,IPTRANSF,CONVBBL,7615.0000,3
ZA,2025-07,TOTPRODS,IPTRANSF,KBBL,-,3
ZA,2025-07,TOTPRODS,IPTRANSF,KBD,-,3
ZA,2025-07,TOTPRODS,IPTRANSF,KL,-,3
ZA,2025-07,TOTPRODS,IPTRANSF,KTONS,-,3
ZA,2025-07,TOTPRODS,PTRANSF,CONVBBL,7615.0000,3
ZA,2025-07,TOTPRODS,PTRANSF,KBBL,-,3
ZA,2025-07,TOTPRODS,PTRANSF,KBD,-,3
ZA,2025-07,TOTPRODS,PTRANSF,KL,-,3
ZA,2025-07,TOTPRODS,PTRANSF,KTONS,-,3
ZA,2025-07,TOTPRODS,RECEIPTS,CONVBBL,7615.0000,3
ZA,2025-07,TOTPRODS,RECEIPTS,KBBL,-,3
ZA,2025-07,TOTPRODS,RECEIPTS,KBD,-,3
ZA,2025-07,TOTPRODS,RECEIPTS,KL,-,3
ZA,2025-07,TOTPRODS,RECEIPTS,KTONS,-,3
ZA,2025-07,TOTPRODS,REFGROUT,CONVBBL,7615.0000,3
ZA,2025-07,TOTPRODS,REFGROUT,KBBL,-,3
ZA,2025-07,TOTPRODS,REFGROUT,KBD,-,3
ZA,2025-07,TOTPRODS,REFGROUT,KL,-,3
ZA,2025-07,TOTPRODS,REFGROUT,KTONS,-,3
ZA,2025-07,TOTPRODS,STATDIFF,CONVBBL,7615.0000,3
ZA,2025-07,TOTPRODS,STATDIFF,KBBL,-,3
ZA,2025-07,TOTPRODS,STATDIFF,KBD,-,3
ZA,2025-07,TOTPRODS,STATDIFF,KL,-,3
ZA,2025-07,TOTPRODS,STATDIFF,KTONS,-,3
ZA,2025-07,TOTPRODS,STOCKCH,CONVBBL,7615.0000,3
ZA,2025-07,TOTPRODS,STOCKCH,KBBL,-,3
ZA,2025-07,TOTPRODS,STOCKCH,KBD,x,3
ZA,2025-07,TOTPRODS,STOCKCH,KL,-,3
ZA,2025-07,TOTPRODS,STOCKCH,KTONS,-,3
ZA,2025-07,TOTPRODS,TOTDEMO,CONVBBL,7615.0000,3
ZA,2025-07,TOTPRODS,TOTDEMO,KBBL,-,3
ZA,2025-07,TOTPRODS,TOTDEMO,KBD,-,3
ZA,2025-07,TOTPRODS,TOTDEMO,KL,-,3
ZA,2025-07,TOTPRODS,TOTDEMO,KTONS,-,3
ZA,2025-07,TOTPRODS,TOTEXPSB,CONVBBL,7615.0000,3
ZA,2025-07,TOTPRODS,TOTEXPSB,KBBL,-,3
ZA,2025-07,TOTPRODS,TOTEXPSB,KBD,-,3
ZA,2025-07,TOTPRODS,TOTEXPSB,KL,-,3
ZA,2025-07,TOTPRODS,TOTEXPSB,KTONS,-,3
ZA,2025-07,TOTPRODS,TOTIMPSB,CONVBBL,7615.0000,3
ZA,2025-07,TOTPRODS,TOTIMPSB,KBBL,-,3
ZA,2025-07,TOTPRODS,TOTIMPSB,KBD,-,3
ZA,2025-07,TOTPRODS,TOTIMPSB,KL,-,3
ZA,2025-07,TOTPRODS,TOTIMPSB,KTONS,-,3
ZA,2025-08,TOTPRODS,CLOSTLV,CONVBBL,7615.0000,3
ZA,2025-08,TOTPRODS,CLOSTLV,KBBL,-,3
ZA,2025-08,TOTPRODS,CLOSTLV,KBD,x,3
ZA,2025-08,TOTPRODS,CLOSTLV,KL,-,3
ZA,2025-08,TOTPRODS,CLOSTLV,KTONS,-,3
ZA,2025-08,TOTPRODS,IPTRANSF,CONVBBL,7615.0000,3
ZA,2025-08,TOTPRODS,IPTRANSF,KBBL,-,3
ZA,2025-08,TOTPRODS,IPTRANSF,KBD,-,3
ZA,2025-08,TOTPRODS,IPTRANSF,KL,-,3
ZA,2025-08,TOTPRODS,IPTRANSF,KTONS,-,3
ZA,2025-08,TOTPRODS,PTRANSF,CONVBBL,7615.0000,3
ZA,2025-08,TOTPRODS,PTRANSF,KBBL,-,3
ZA,2025-08,TOTPRODS,PTRANSF,KBD,-,3
ZA,2025-08,TOTPRODS,PTRANSF,KL,-,3
ZA,2025-08,TOTPRODS,PTRANSF,KTONS,-,3
ZA,2025-08,TOTPRODS,RECEIPTS,CONVBBL,7615.0000,3
ZA,2025-08,TOTPRODS,RECEIPTS,KBBL,-,3
ZA,2025-08,TOTPRODS,RECEIPTS,KBD,-,3
ZA,2025-08,TOTPRODS,RECEIPTS,KL,-,3
ZA,2025-08,TOTPRODS,RECEIPTS,KTONS,-,3
ZA,2025-08,TOTPRODS,REFGROUT,CONVBBL,7615.0000,3
ZA,2025-08,TOTPRODS,REFGROUT,KBBL,-,3
ZA,2025-08,TOTPRODS,REFGROUT,KBD,-,3
ZA,2025-08,TOTPRODS,REFGROUT,KL,-,3
ZA,2025-08,TOTPRODS,REFGROUT,KTONS,-,3
ZA,2025-08,TOTPRODS,STATDIFF,CONVBBL,7615.0000,3
ZA,2025-08,TOTPRODS,STATDIFF,KBBL,-,3
ZA,2025-08,TOTPRODS,STATDIFF,KBD,-,3
ZA,2025-08,TOTPRODS,STATDIFF,KL,-,3
ZA,2025-08,TOTPRODS,STATDIFF,KTONS,-,3
ZA,2025-08,TOTPRODS,STOCKCH,CONVBBL,7615.0000,3
ZA,2025-08,TOTPRODS,STOCKCH,KBBL,-,3
ZA,2025-08,TOTPRODS,STOCKCH,KBD,x,3
ZA,2025-08,TOTPRODS,STOCKCH,KL,-,3
ZA,2025-08,TOTPRODS,STOCKCH,KTONS,-,3
ZA,2025-08,TOTPRODS,TOTDEMO,CONVBBL,7615.0000,3
ZA,2025-08,TOTPRODS,TOTDEMO,KBBL,-,3
ZA,2025-08,TOTPRODS,TOTDEMO,KBD,-,3
ZA,2025-08,TOTPRODS,TOTDEMO,KL,-,3
ZA,2025-08,TOTPRODS,TOTDEMO,KTONS,-,3
ZA,2025-08,TOTPRODS,TOTEXPSB,CONVBBL,7615.0000,3
ZA,2025-08,TOTPRODS,TOTEXPSB,KBBL,-,3
ZA,2025-08,TOTPRODS,TOTEXPSB,KBD,-,3
ZA,2025-08,TOTPRODS,TOTEXPSB,KL,-,3
ZA,2025-08,TOTPRODS,TOTEXPSB,KTONS,-,3
ZA,2025-08,TOTPRODS,TOTIMPSB,CONVBBL,7615.0000,3
ZA,2025-08,TOTPRODS,TOTIMPSB,KBBL,-,3
ZA,2025-08,TOTPRODS,TOTIMPSB,KBD,-,3
ZA,2025-08,TOTPRODS,TOTIMPSB,KL,-,3
ZA,2025-08,TOTPRODS,TOTIMPSB,KTONS,-,3
ZA,2025-09,TOTPRODS,CLOSTLV,CONVBBL,7615.0000,3
ZA,2025-09,TOTPRODS,CLOSTLV,KBBL,-,3
ZA,2025-09,TOTPRODS,CLOSTLV,KBD,x,3
ZA,2025-09,TOTPRODS,CLOSTLV,KL,-,3
ZA,2025-09,TOTPRODS,CLOSTLV,KTONS,-,3
ZA,2025-09,TOTPRODS,IPTRANSF,CONVBBL,7615.0000,3
ZA,2025-09,TOTPRODS,IPTRANSF,KBBL,-,3
ZA,2025-09,TOTPRODS,IPTRANSF,KBD,-,3
ZA,2025-09,TOTPRODS,IPTRANSF,KL,-,3
ZA,2025-09,TOTPRODS,IPTRANSF,KTONS,-,3
ZA,2025-09,TOTPRODS,PTRANSF,CONVBBL,7615.0000,3
ZA,2025-09,TOTPRODS,PTRANSF,KBBL,-,3
ZA,2025-09,TOTPRODS,PTRANSF,KBD,-,3
ZA,2025-09,TOTPRODS,PTRANSF,KL,-,3
ZA,2025-09,TOTPRODS,PTRANSF,KTONS,-,3
ZA,2025-09,TOTPRODS,RECEIPTS,CONVBBL,7615.0000,3
ZA,2025-09,TOTPRODS,RECEIPTS,KBBL,-,3
ZA,2025-09,TOTPRODS,RECEIPTS,KBD,-,3
ZA,2025-09,TOTPRODS,RECEIPTS,KL,-,3
ZA,2025-09,TOTPRODS,RECEIPTS,KTONS,-,3
ZA,2025-09,TOTPRODS,REFGROUT,CONVBBL,7615.0000,3
ZA,2025-09,TOTPRODS,REFGROUT,KBBL,-,3
ZA,2025-09,TOTPRODS,REFGROUT,KBD,-,3
ZA,2025-09,TOTPRODS,REFGROUT,KL,-,3
ZA,2025-09,TOTPRODS,REFGROUT,KTONS,-,3
ZA,2025-09,TOTPRODS,STATDIFF,CONVBBL,7615.0000,3
ZA,2025-09,TOTPRODS,STATDIFF,KBBL,-,3
ZA,2025-09,TOTPRODS,STATDIFF,KBD,-,3
ZA,2025-09,TOTPRODS,STATDIFF,KL,-,3
ZA,2025-09,TOTPRODS,STATDIFF,KTONS,-,3
ZA,2025-09,TOTPRODS,STOCKCH,CONVBBL,7615.0000,3
ZA,2025-09,TOTPRODS,STOCKCH,KBBL,-,3
ZA,2025-09,TOTPRODS,STOCKCH,KBD,x,3
ZA,2025-09,TOTPRODS,STOCKCH,KL,-,3
ZA,2025-09,TOTPRODS,STOCKCH,KTONS,-,3
ZA,2025-09,TOTPRODS,TOTDEMO,CONVBBL,7615.0000,3
ZA,2025-09,TOTPRODS,TOTDEMO,KBBL,-,3
ZA,2025-09,TOTPRODS,TOTDEMO,KBD,-,3
ZA,2025-09,TOTPRODS,TOTDEMO,KL,-,3
ZA,2025-09,TOTPRODS,TOTDEMO,KTONS,-,3
ZA,2025-09,TOTPRODS,TOTEXPSB,CONVBBL,7615.0000,3
ZA,2025-09,TOTPRODS,TOTEXPSB,KBBL,-,3
ZA,2025-09,TOTPRODS,TOTEXPSB,KBD,-,3
ZA,2025-09,TOTPRODS,TOTEXPSB,KL,-,3
ZA,2025-09,TOTPRODS,TOTEXPSB,KTONS,-,3
ZA,2025-09,TOTPRODS,TOTIMPSB,CONVBBL,7615.0000,3
ZA,2025-09,TOTPRODS,TOTIMPSB,KBBL,-,3
ZA,2025-09,TOTPRODS,TOTIMPSB,KBD,-,3
ZA,2025-09,TOTPRODS,TOTIMPSB,KL,-,3
ZA,2025-09,TOTPRODS,TOTIMPSB,KTONS,-,3
ZA,2025-10,TOTPRODS,CLOSTLV,CONVBBL,7615.0000,3
ZA,2025-10,TOTPRODS,CLOSTLV,KBBL,-,3
ZA,2025-10,TOTPRODS,CLOSTLV,KBD,x,3
ZA,2025-10,TOTPRODS,CLOSTLV,KL,-,3
ZA,2025-10,TOTPRODS,CLOSTLV,KTONS,-,3
ZA,2025-10,TOTPRODS,IPTRANSF,CONVBBL,7615.0000,3
ZA,2025-10,TOTPRODS,IPTRANSF,KBBL,-,3
ZA,2025-10,TOTPRODS,IPTRANSF,KBD,-,3
ZA,2025-10,TOTPRODS,IPTRANSF,KL,-,3
ZA,2025-10,TOTPRODS,IPTRANSF,KTONS,-,3
ZA,2025-10,TOTPRODS,PTRANSF,CONVBBL,7615.0000,3
ZA,2025-10,TOTPRODS,PTRANSF,KBBL,-,3
ZA,2025-10,TOTPRODS,PTRANSF,KBD,-,3
ZA,2025-10,TOTPRODS,PTRANSF,KL,-,3
ZA,2025-10,TOTPRODS,PTRANSF,KTONS,-,3
ZA,2025-10,TOTPRODS,RECEIPTS,CONVBBL,7615.0000,3
ZA,2025-10,TOTPRODS,RECEIPTS,KBBL,-,3
ZA,2025-10,TOTPRODS,RECEIPTS,KBD,-,3
ZA,2025-10,TOTPRODS,RECEIPTS,KL,-,3
ZA,2025-10,TOTPRODS,RECEIPTS,KTONS,-,3
ZA,2025-10,TOTPRODS,REFGROUT,CONVBBL,7615.0000,3
ZA,2025-10,TOTPRODS,REFGROUT,KBBL,-,3
ZA,2025-10,TOTPRODS,REFGROUT,KBD,-,3
ZA,2025-10,TOTPRODS,REFGROUT,KL,-,3
ZA,2025-10,TOTPRODS,REFGROUT,KTONS,-,3
ZA,2025-10,TOTPRODS,STATDIFF,CONVBBL,7615.0000,3
ZA,2025-10,TOTPRODS,STATDIFF,KBBL,-,3
ZA,2025-10,TOTPRODS,STATDIFF,KBD,-,3
ZA,2025-10,TOTPRODS,STATDIFF,KL,-,3
ZA,2025-10,TOTPRODS,STATDIFF,KTONS,-,3
ZA,2025-10,TOTPRODS,STOCKCH,CONVBBL,7615.0000,3
ZA,2025-10,TOTPRODS,STOCKCH,KBBL,-,3
ZA,2025-10,TOTPRODS,STOCKCH,KBD,x,3
ZA,2025-10,TOTPRODS,STOCKCH,KL,-,3
ZA,2025-10,TOTPRODS,STOCKCH,KTONS,-,3
ZA,2025-10,TOTPRODS,TOTDEMO,CONVBBL,7615.0000,3
ZA,2025-10,TOTPRODS,TOTDEMO,KBBL,-,3
ZA,2025-10,TOTPRODS,TOTDEMO,KBD,-,3
ZA,2025-10,TOTPRODS,TOTDEMO,KL,-,3
ZA,2025-10,TOTPRODS,TOTDEMO,KTONS,-,3
ZA,2025-10,TOTPRODS,TOTEXPSB,CONVBBL,7615.0000,3
ZA,2025-10,TOTPRODS,TOTEXPSB,KBBL,-,3
ZA,2025-10,TOTPRODS,TOTEXPSB,KBD,-,3
ZA,2025-10,TOTPRODS,TOTEXPSB,KL,-,3
ZA,2025-10,TOTPRODS,TOTEXPSB,KTONS,-,3
ZA,2025-10,TOTPRODS,TOTIMPSB,CONVBBL,7615.0000,3
ZA,2025-10,TOTPRODS,TOTIMPSB,KBBL,-,3
ZA,2025-10,TOTPRODS,TOTIMPSB,KBD,-,3
ZA,2025-10,TOTPRODS,TOTIMPSB,KL,-,3
ZA,2025-10,TOTPRODS,TOTIMPSB,KTONS,-,3
ZA,2025-11,TOTPRODS,CLOSTLV,CONVBBL,7615.0000,3
ZA,2025-11,TOTPRODS,CLOSTLV,KBBL,-,3
ZA,2025-11,TOTPRODS,CLOSTLV,KBD,x,3
ZA,2025-11,TOTPRODS,CLOSTLV,KL,-,3
ZA,2025-11,TOTPRODS,CLOSTLV,KTONS,-,3
ZA,2025-11,TOTPRODS,IPTRANSF,CONVBBL,7615.0000,3
ZA,2025-11,TOTPRODS,IPTRANSF,KBBL,-,3
ZA,2025-11,TOTPRODS,IPTRANSF,KBD,-,3
ZA,2025-11,TOTPRODS,IPTRANSF,KL,-,3
ZA,2025-11,TOTPRODS,IPTRANSF,KTONS,-,3
ZA,2025-11,TOTPRODS,PTRANSF,CONVBBL,7615.0000,3
ZA,2025-11,TOTPRODS,PTRANSF,KBBL,-,3
ZA,2025-11,TOTPRODS,PTRANSF,KBD,-,3
ZA,2025-11,TOTPRODS,PTRANSF,KL,-,3
ZA,2025-11,TOTPRODS,PTRANSF,KTONS,-,3
ZA,2025-11,TOTPRODS,RECEIPTS,CONVBBL,7615.0000,3
ZA,2025-11,TOTPRODS,RECEIPTS,KBBL,-,3
ZA,2025-11,TOTPRODS,RECEIPTS,KBD,-,3
ZA,2025-11,TOTPRODS,RECEIPTS,KL,-,3
ZA,2025-11,TOTPRODS,RECEIPTS,KTONS,-,3
ZA,2025-11,TOTPRODS,REFGROUT,CONVBBL,7615.0000,3
ZA,2025-11,TOTPRODS,REFGROUT,KBBL,-,3
ZA,2025-11,TOTPRODS,REFGROUT,KBD,-,3
ZA,2025-11,TOTPRODS,REFGROUT,KL,-,3
ZA,2025-11,TOTPRODS,REFGROUT,KTONS,-,3
ZA,2025-11,TOTPRODS,STATDIFF,CONVBBL,7615.0000,3
ZA,2025-11,TOTPRODS,STATDIFF,KBBL,-,3
ZA,2025-11,TOTPRODS,STATDIFF,KBD,-,3
ZA,2025-11,TOTPRODS,STATDIFF,KL,-,3
ZA,2025-11,TOTPRODS,STATDIFF,KTONS,-,3
ZA,2025-11,TOTPRODS,STOCKCH,CONVBBL,7615.0000,3
ZA,2025-11,TOTPRODS,STOCKCH,KBBL,-,3
ZA,2025-11,TOTPRODS,STOCKCH,KBD,x,3
ZA,2025-11,TOTPRODS,STOCKCH,KL,-,3
ZA,2025-11,TOTPRODS,STOCKCH,KTONS,-,3
ZA,2025-11,TOTPRODS,TOTDEMO,CONVBBL,7615.0000,3
ZA,2025-11,TOTPRODS,TOTDEMO,KBBL,-,3
ZA,2025-11,TOTPRODS,TOTDEMO,KBD,-,3
ZA,2025-11,TOTPRODS,TOTDEMO,KL,-,3
ZA,2025-11,TOTPRODS,TOTDEMO,KTONS,-,3
ZA,2025-11,TOTPRODS,TOTEXPSB,CONVBBL,7615.0000,3
ZA,2025-11,TOTPRODS,TOTEXPSB,KBBL,-,3
ZA,2025-11,TOTPRODS,TOTEXPSB,KBD,-,3
ZA,2025-11,TOTPRODS,TOTEXPSB,KL,-,3
ZA,2025-11,TOTPRODS,TOTEXPSB,KTONS,-,3
ZA,2025-11,TOTPRODS,TOTIMPSB,CONVBBL,7615.0000,3
ZA,2025-11,TOTPRODS,TOTIMPSB,KBBL,-,3
ZA,2025-11,TOTPRODS,TOTIMPSB,KBD,-,3
ZA,2025-11,TOTPRODS,TOTIMPSB,KL,-,3
ZA,2025-11,TOTPRODS,TOTIMPSB,KTONS,-,3
ZA,2025-12,TOTPRODS,CLOSTLV,CONVBBL,7615.0000,3
ZA,2025-12,TOTPRODS,CLOSTLV,KBBL,-,3
ZA,2025-12,TOTPRODS,CLOSTLV,KBD,x,3
ZA,2025-12,TOTPRODS,CLOSTLV,KL,-,3
ZA,2025-12,TOTPRODS,CLOSTLV,KTONS,-,3
ZA,2025-12,TOTPRODS,IPTRANSF,CONVBBL,7615.0000,3
ZA,2025-12,TOTPRODS,IPTRANSF,KBBL,-,3
ZA,2025-12,TOTPRODS,IPTRANSF,KBD,-,3
ZA,2025-12,TOTPRODS,IPTRANSF,KL,-,3
ZA,2025-12,TOTPRODS,IPTRANSF,KTONS,-,3
ZA,2025-12,TOTPRODS,PTRANSF,CONVBBL,7615.0000,3
ZA,2025-12,TOTPRODS,PTRANSF,KBBL,-,3
ZA,2025-12,TOTPRODS,PTRANSF,KBD,-,3
ZA,2025-12,TOTPRODS,PTRANSF,KL,-,3
ZA,2025-12,TOTPRODS,PTRANSF,KTONS,-,3
ZA,2025-12,TOTPRODS,RECEIPTS,CONVBBL,7615.0000,3
ZA,2025-12,TOTPRODS,RECEIPTS,KBBL,-,3
ZA,2025-12,TOTPRODS,RECEIPTS,KBD,-,3
ZA,2025-12,TOTPRODS,RECEIPTS,KL,-,3
ZA,2025-12,TOTPRODS,RECEIPTS,KTONS,-,3
ZA,2025-12,TOTPRODS,REFGROUT,CONVBBL,7615.0000,3
ZA,2025-12,TOTPRODS,REFGROUT,KBBL,-,3
ZA,2025-12,TOTPRODS,REFGROUT,KBD,-,3
ZA,2025-12,TOTPRODS,REFGROUT,KL,-,3
ZA,2025-12,TOTPRODS,REFGROUT,KTONS,-,3
ZA,2025-12,TOTPRODS,STATDIFF,CONVBBL,7615.0000,3
ZA,2025-12,TOTPRODS,STATDIFF,KBBL,-,3
ZA,2025-12,TOTPRODS,STATDIFF,KBD,-,3
ZA,2025-12,TOTPRODS,STATDIFF,KL,-,3
ZA,2025-12,TOTPRODS,STATDIFF,KTONS,-,3
ZA,2025-12,TOTPRODS,STOCKCH,CONVBBL,7615.0000,3
ZA,2025-12,TOTPRODS,STOCKCH,KBBL,-,3
ZA,2025-12,TOTPRODS,STOCKCH,KBD,x,3
ZA,2025-12,TOTPRODS,STOCKCH,KL,-,3
ZA,2025-12,TOTPRODS,STOCKCH,KTONS,-,3
ZA,2025-12,TOTPRODS,TOTDEMO,CONVBBL,7615.0000,3
ZA,2025-12,TOTPRODS,TOTDEMO,KBBL,-,3
ZA,2025-12,TOTPRODS,TOTDEMO,KBD,-,3
ZA,2025-12,TOTPRODS,TOTDEMO,KL,-,3
ZA,2025-12,TOTPRODS,TOTDEMO,KTONS,-,3
ZA,2025-12,TOTPRODS,TOTEXPSB,CONVBBL,7615.0000,3
ZA,2025-12,TOTPRODS,TOTEXPSB,KBBL,-,3
ZA,2025-12,TOTPRODS,TOTEXPSB,KBD,-,3
ZA,2025-12,TOTPRODS,TOTEXPSB,KL,-,3
ZA,2025-12,TOTPRODS,TOTEXPSB,KTONS,-,3
ZA,2025-12,TOTPRODS,TOTIMPSB,CONVBBL,7615.0000,3
ZA,2025-12,TOTPRODS,TOTIMPSB,KBBL,-,3
ZA,2025-12,TOTPRODS,TOTIMPSB,KBD,-,3
ZA,2025-12,TOTPRODS,TOTIMPSB,KL,-,3
ZA,2025-12,TOTPRODS,TOTIMPSB,KTONS,-,3
